id,chapter_id,section_id,source_order,verse_number,text
b9ecd820-3cc7-5cd8-ad21-5403831e7c3f,acd37d09-efd3-59ce-aaba-188a44ba1cc4,7107bcfa-2481-5e46-a703-490c129b3f4f,16,16,እኔ መረጥኋችሁ እንጂ እናንተ የመረጣችሁኝ አይደለም፤ እንድትሄዱ፥ ፍሬም እንድታፈሩ፥ ፍሬአችሁም እንዲኖር፤ አብንም በስሜ የምትለምኑት ነገር ቢኖር ሁሉን እንዲሰጣችሁ ሾምኋችሁ።
d359652d-8d32-5b66-a1de-7b9306829ed1,acd37d09-efd3-59ce-aaba-188a44ba1cc4,7107bcfa-2481-5e46-a703-490c129b3f4f,17,17,እርስ በርሳችሁም እንድቷደዱ ይህን አዝዣችኋለሁ።
245bc84c-b0a1-5441-a13b-b73d4bca2baf,acd37d09-efd3-59ce-aaba-188a44ba1cc4,cd513c79-5814-59d5-a50b-f9f9b015fbf7,1,18,“ዓለም ቢጠላችሁ አስቀድሞ እኔን እንደ ጠላ ዕወቁ።
8104eed2-7c69-5a38-a114-ab31e306885f,acd37d09-efd3-59ce-aaba-188a44ba1cc4,cd513c79-5814-59d5-a50b-f9f9b015fbf7,2,19,እናንተስ ከዓለም ብትሆኑ ዓለም በወደዳችሁ ነበር፤ ዓለም ወገኖቹን ይወዳልና፤ ነገር ግን እኔ ከዓለም መረጥኋችሁ እንጂ እናንተ ከዓለም አይደላችሁምና ስለዚህ ዓለም ይጠላችኋል።
6679db5d-7310-5352-aaa8-6ea89442aa65,acd37d09-efd3-59ce-aaba-188a44ba1cc4,cd513c79-5814-59d5-a50b-f9f9b015fbf7,3,20,እኔ፦ ከጌታው የሚበልጥ አገልጋይ የለም ያልኋችሁን ቃሌን ዐስቡ፤ እኔን ካሳደዱ እናንተንም ያሳድዱአችኋል፤ ቃሌን ጠብቀው ቢሆንስ ቃላችሁንም በጠበቁ ነበር።
0a24debe-57ef-5b4b-a3fb-2570cf1f47aa,acd37d09-efd3-59ce-aaba-188a44ba1cc4,cd513c79-5814-59d5-a50b-f9f9b015fbf7,4,21,ነገር ግን ስለ ስሜ ይህን ሁሉ ያደርጉባችኋል፤ የላከኝን አያውቁትምና።
f91ba80e-313c-51ef-a9ba-6e312517539a,acd37d09-efd3-59ce-aaba-188a44ba1cc4,cd513c79-5814-59d5-a50b-f9f9b015fbf7,5,22,ባልመጣሁና ባልነገርኋቸውስ ኖሮ ኀጢአት ባልሆነባቸውም ነበር፤ አሁን ግን ለኀጢአታቸው ምክንያት የላቸውም።
8cf2d71c-9a1b-571b-a5f0-1aa617b305a4,acd37d09-efd3-59ce-aaba-188a44ba1cc4,cd513c79-5814-59d5-a50b-f9f9b015fbf7,6,23,እኔን የሚጠላ አባቴን ይጠላል።
55df5da6-5f19-562f-a49a-d8fef6e60eb6,acd37d09-efd3-59ce-aaba-188a44ba1cc4,cd513c79-5814-59d5-a50b-f9f9b015fbf7,7,24,ሌላ ያልሠራውን ሥራ በመካከላቸው ባልሠራ ኖሮ ኀጢአት ባልሆነባቸውም ነበር፤ አሁን ግን እኔንም አባቴንም አይተዋል፤ ጠልተውማል።
de9bb449-4d55-5082-ae8d-236247ea9448,acd37d09-efd3-59ce-aaba-188a44ba1cc4,cd513c79-5814-59d5-a50b-f9f9b015fbf7,8,25,ነገር ግን በኦሪታቸው፦ በከንቱ ጠሉኝ ተብሎ የተጻፈው ቃል ይፈጸም ዘንድ ነው።
4e0728b4-96ac-5d55-af3d-51d12c2e7e45,acd37d09-efd3-59ce-aaba-188a44ba1cc4,c0a93126-2761-50cc-a5fb-c525df71090d,1,26,“እኔ ከአብ ዘንድ የምልክላችሁ ጰራቅሊጦስ እርሱም ከአብ የሚወጣ የእውነት መንፈስ በመጣ ጊዜ፥ እርሱ ስለ እኔ ይመሰክራል።
b09c9c39-925e-50a4-a05b-9bb2ae5f52d7,acd37d09-efd3-59ce-aaba-188a44ba1cc4,c0a93126-2761-50cc-a5fb-c525df71090d,2,27,እናንተም ትመሰክራላችሁ፤ ከጥንት ጀምሮ ከእኔ ጋር ኑራችኋልና።
a8d0abef-5c90-5286-a8fc-008455052149,b575712f-550e-5b34-a2fa-e167dd3e8fb5,e04b6b1a-5955-5a04-a1f2-effccc9a1fe7,1,1,“እንዳትሰናከሉ ይህን ነገርኋችሁ።
291d2530-cc3b-5c26-a8e9-0cd95fa6e9f1,b575712f-550e-5b34-a2fa-e167dd3e8fb5,e04b6b1a-5955-5a04-a1f2-effccc9a1fe7,2,2,ከምኵራባቸው ያስወጡአችኋል፤ ደግሞም እናንተን የሚገድላችሁ ሁሉ ለእግዚአብሔር አገልግሎት የሚያቀርብ የሚመስልበት ጊዜ ይመጣል።
1efe1d5d-ea9b-534f-ad5c-3c459f403585,b575712f-550e-5b34-a2fa-e167dd3e8fb5,e04b6b1a-5955-5a04-a1f2-effccc9a1fe7,3,3,ይህንም የሚያደርጉባችሁ አብንም፥ እኔንም ስላላወቁ ነው።
7df1000f-6c0f-5455-adb2-94b5afb061e9,b575712f-550e-5b34-a2fa-e167dd3e8fb5,e04b6b1a-5955-5a04-a1f2-effccc9a1fe7,4,4,ነገር ግን ጊዜው ሲደርስ እኔ እንደ ነገርኋችሁ ታስቡ ዘንድ ይህን ነገርኋችሁ። አስቀድሜ ግን ይህን አልነገርክኋችሁም ነበር፤ ከእናንተ ጋር ነበርሁና።
a3c47252-b3ca-539f-a009-ee1ccb0be6f7,b575712f-550e-5b34-a2fa-e167dd3e8fb5,e04b6b1a-5955-5a04-a1f2-effccc9a1fe7,5,5,አሁን ግን ወደ ላከኝ ወደ አብ እሄዳለሁ፤ ከእናንተ አንዱ እንኳ፦ ‘ወዴት ትሄዳለህ?’ ብሎ አይጠይቀኝም።
4f312048-9634-544e-aa26-4e335de03774,b575712f-550e-5b34-a2fa-e167dd3e8fb5,e04b6b1a-5955-5a04-a1f2-effccc9a1fe7,6,6,ነገር ግን ይህን ስለ ነገርኋችሁ በልባችሁ ኀዘን ሞላ።
bd49e65b-fa56-50cb-ae5d-6f1c1a9deb39,b575712f-550e-5b34-a2fa-e167dd3e8fb5,744ae993-cfdb-5913-ad4d-1464cafe52db,1,7,“እኔ በእውነት የሚሆነውን እነግራችኋለሁ፤ እኔ ብሄድ ይሻላችኋል፤ እኔ ካልሄድሁ ጰራቅሊጦስ ወደ እናንተ አይመጣምና፤ እኔ ከሄድሁ ግን እርሱን እልክላችኋለሁ።
ead6455f-bd14-5603-ac15-3546d422bb76,b575712f-550e-5b34-a2fa-e167dd3e8fb5,744ae993-cfdb-5913-ad4d-1464cafe52db,2,8,እርሱም በመጣ ጊዜ ዓለምን ስለ ኀጢአትና ስለ ጽድቅ፥ ስለ ፍርድም ይዘልፈዋል።
32056993-04cc-5e1c-a769-e60af8f07dcd,b575712f-550e-5b34-a2fa-e167dd3e8fb5,744ae993-cfdb-5913-ad4d-1464cafe52db,3,9,ስለ ኀጢኣት፥ በእኔ አላመኑምና ነው፤
8f21ca1b-6490-56f3-a2cc-28b249a5b162,b575712f-550e-5b34-a2fa-e167dd3e8fb5,744ae993-cfdb-5913-ad4d-1464cafe52db,4,10,ስለ ጽድቅ፥ እኔ ወደ አብ እሄዳለሁና፥ እንግዲህ ወዲህም አታዩኝምና ነው።
64d84097-5d3b-5107-a3ee-1a0e408ccea0,b575712f-550e-5b34-a2fa-e167dd3e8fb5,744ae993-cfdb-5913-ad4d-1464cafe52db,5,11,ስለ ፍርድም፥ የዚህ ዓለም ገዢ ይፈረድበታልና ነው።
42065959-e160-5bf8-a391-223e56d3ca7e,b575712f-550e-5b34-a2fa-e167dd3e8fb5,744ae993-cfdb-5913-ad4d-1464cafe52db,6,12,“የምነግራችሁ ብዙ ነገር ነበረኝ፤ ነገር ግን አሁን ልትሸከሙት አትችሉም።
d728656e-5190-57a2-a0b7-961ed1411ff4,b575712f-550e-5b34-a2fa-e167dd3e8fb5,744ae993-cfdb-5913-ad4d-1464cafe52db,7,13,ያ የእውነት መንፈስ በመጣ ጊዜ ግን ወደ እውነት ሁሉ ይመራችኋል፤ የሚሰማውን ሁሉ ይናገራል እንጂ እርሱ ከራሱ አይናገርምና፤ የሚመጣውንም ይነግራችኋል።
1d5d6909-b80a-589c-ad94-b4d5c6907da3,b575712f-550e-5b34-a2fa-e167dd3e8fb5,744ae993-cfdb-5913-ad4d-1464cafe52db,8,14,እርሱም እኔን ያከብረኛል፤ ከእኔ ወስዶ ይነግራችኋልና።
7f321102-6c75-5554-a1d4-8d1ca0e2a657,b575712f-550e-5b34-a2fa-e167dd3e8fb5,744ae993-cfdb-5913-ad4d-1464cafe52db,9,15,ለአብ ያለው ሁሉ የእኔ ነው፤ ስለዚህም ከእኔ ወስዶ ይነግራችኋል አልኋችሁ።
e118ab3c-64b6-5f1d-aa5b-43d00bef559f,b575712f-550e-5b34-a2fa-e167dd3e8fb5,744ae993-cfdb-5913-ad4d-1464cafe52db,10,16,“ጥቂት ጊዜ አለ፤ አታዩኝምም፤ ደግሞም ጥቂት ጊዜ አለ፤ እንደገናም ታዩኛላችሁ፤ ወደ አብ እሄዳለሁና።”
5fe84032-8d96-5f16-a54d-dd0343a7a4da,b575712f-550e-5b34-a2fa-e167dd3e8fb5,744ae993-cfdb-5913-ad4d-1464cafe52db,11,17,ደቀ መዛሙርቱም እርስ በርሳቸው፥ “ጥቂት ጊዜ አለ፤ አታዩኝምም፤ ደግሞም ጥቂት ጊዜ አለ፤ እንደገናም ታዩኛላችሁ፥ ወደ አብ እሄዳለሁና የሚለን ይህ ነገር ምንድነው?” ተባባሉ።
be1a93bb-2045-5151-a8f9-8456137093e2,b575712f-550e-5b34-a2fa-e167dd3e8fb5,744ae993-cfdb-5913-ad4d-1464cafe52db,12,18,“ይህ ጥቂት የሚለን ምንድነው? የሚናገረውን አናውቅም” አሉ።
3bbefcda-2ebb-5743-a95f-dde5636feb33,b575712f-550e-5b34-a2fa-e167dd3e8fb5,744ae993-cfdb-5913-ad4d-1464cafe52db,13,19,ጌታችን ኢየሱስም ሊጠይቁት እንደሚሹ ዐውቆ እንዲህ አላቸው፥ “ጥቂት ጊዜ አለ፤ አታዩኝምም፤ ደግሞም ጥቂት ጊዜ አለ፤ እንደገናም ታዩኛላችሁ” ስለ አልኋችሁ፥ ስለዚህ ነገር እርስ በርሳችሁ ትመራመራላችሁን?
b356c536-ef7a-5d10-ae72-53946a474787,b575712f-550e-5b34-a2fa-e167dd3e8fb5,cd7fe70e-caab-5865-a25d-388df2b21379,1,20,“እውነት እውነት እላችኋለሁ፤ እናንተ ታለቅሳላችሁ፤ ታዝኑማላችሁ፤ ዓለምም ደስ ይለዋል፤ እናንተ ግን ታዝናላችሁ፤ ነገር ግን ኀዘናችሁ ወደ ደስታ ይለወጣል።
e3e548c0-0ba2-5206-a2ba-807fc41e4b9c,b575712f-550e-5b34-a2fa-e167dd3e8fb5,cd7fe70e-caab-5865-a25d-388df2b21379,2,21,ሴት በምትወልድበት ጊዜ ወራቷ ስለ ደረሰ ታዝናለች፤ ነገር ግን ልጅዋን ከወለደች በኋላ ስለ ደስታዋ ከዚያ ወዲያ ምጥዋን አታስበውም፤ በዓለም ወንድ ልጅን ወልዳለችና።
308f3d26-c867-5319-ae29-b9bccabf3325,b575712f-550e-5b34-a2fa-e167dd3e8fb5,cd7fe70e-caab-5865-a25d-388df2b21379,3,22,እናንተም ዛሬ ታዝናላችሁ፤ እንደገናም አያችኋለሁ፤ ልባችሁም ደስ ይለዋል፤ ደስታችሁንም የሚወስድባችሁ የለም።
50636c7f-6efc-513b-ac47-54383af9aef1,b575712f-550e-5b34-a2fa-e167dd3e8fb5,cd7fe70e-caab-5865-a25d-388df2b21379,4,23,ያንጊዜም እኔን የምትለምኑኝ አንዳች የለም፤ እውነት እውነት እላችኋለሁ፤ በስሜ አብን ብትለምኑት ሁሉን ይሰጣችኋል።
7800cbab-fb09-5735-a1c5-361e7d134d6b,b575712f-550e-5b34-a2fa-e167dd3e8fb5,cd7fe70e-caab-5865-a25d-388df2b21379,5,24,እስካሁን ምንም በስሜ አልለመናችሁም፤ ደስታችሁ ፍጹም ይሆን ዘንድ ለምኑ፤ ታገኙማላችሁ።
ba871914-95dd-57a8-a3bb-8481fcb37b68,b575712f-550e-5b34-a2fa-e167dd3e8fb5,95a33933-3778-5503-a922-4cf2bffb210e,1,25,“ዛሬስ በምሳሌ ነገርኋችሁ፤ ነገር ግን የአብን ነገር ገልጬ እነግራችኋለሁ እንጂ ለእናንተ በምሳሌ የማልናገርበት ጊዜ ይመጣል።
fd6d5ef3-4977-5ee5-a48a-c7634f3f3e06,b575712f-550e-5b34-a2fa-e167dd3e8fb5,95a33933-3778-5503-a922-4cf2bffb210e,2,26,ያንጊዜ በስሜ ትለምናላችሁ፤ እኔም ስለ እናንተ አብን እለምነዋለህ አልላችሁም፤
dbf5c647-6abe-5e02-aa38-cefbcb9fb7ef,b575712f-550e-5b34-a2fa-e167dd3e8fb5,95a33933-3778-5503-a922-4cf2bffb210e,3,27,እናንተ ስለ ወደዳችሁኝ፤ ከእግዚአብሔርም እንደ ወጣሁ ስለ አመናችሁብኝ እርሱ ራሱ አብ ወድዷችኋልና።
d3c8549e-0e6e-5260-a85d-acfffbbfc38c,b575712f-550e-5b34-a2fa-e167dd3e8fb5,95a33933-3778-5503-a922-4cf2bffb210e,4,28,ከአብ ወጣሁ፤ ወደ ዓለምም መጣሁ፤ ዳግመኛም ዓለምን እተወዋለሁ፤ ወደ አብም እሄዳለሁ።”
3c82a8c3-248e-5880-a1ec-6aecf2414c56,b575712f-550e-5b34-a2fa-e167dd3e8fb5,95a33933-3778-5503-a922-4cf2bffb210e,5,29,ደቀ መዛሙርቱም እንዲህ አሉት፥ “እነሆ፥ ዛሬ ገልጠህ ትናገራለህ፤ ምንም በምሳሌ የተናገርኸው የለም።
345e2fda-d99a-578f-a2ae-0d594738f9e5,b575712f-550e-5b34-a2fa-e167dd3e8fb5,95a33933-3778-5503-a922-4cf2bffb210e,6,30,አሁን አንተ ሁሉን እንደምታውቅ፥ ማንም ሊነግርህ እንደማትሻ ዐወቅን፤ በዚህም ከእግዚአብሔር እንደ ወጣህ እናምናለን።”
af5cb98f-814f-5a79-a7b1-055f3d384791,b575712f-550e-5b34-a2fa-e167dd3e8fb5,95a33933-3778-5503-a922-4cf2bffb210e,7,31,ጌታችን ኢየሱስም መልሶ እንዲህ አላቸው፥ “አሁን ታምናላችሁን?
f2a3f899-2fb6-5969-a3ec-ac9741c49de4,b575712f-550e-5b34-a2fa-e167dd3e8fb5,95a33933-3778-5503-a922-4cf2bffb210e,8,32,እያንዳንዳችሁ በየቦታዉ የምትበታተኑበት፥ እኔንም ብቻዬን የምትተዉበት ጊዜ ይደርሳል፤ ደርሶአልም፤ እኔ ግን ብቻዬን አይደለሁም፤ አብ ከእኔ ጋር ነውና።
1a8ad7b8-dcbb-57c3-ad54-9589b7c10c2e,b575712f-550e-5b34-a2fa-e167dd3e8fb5,95a33933-3778-5503-a922-4cf2bffb210e,9,33,በእኔም ሰላምን እንድታገኙ ይህን ነገርኋችሁ፤ በዓለም ግን መከራን ትቀበላላችሁ፤ ነገር ግን ጽኑ፤ እኔ ዓለሙን ድል ነሥቼዋለሁና።”
eb46aea7-b053-53f5-ac73-90e6b1917d00,cbb17e43-316d-5ce5-a1b1-7164b0d9b0d3,4e9ee1e3-fd0a-524c-a3de-ebbfe93ba25d,1,1,ጌታችን ኢየሱስም ይህን ነገር ተናግሮ ዐይኖቹን ወደ ሰማይ አነሣና እንዲህ አለ፥ “አባት ሆይ፥ ሰዓቱ ደርሶአልና ልጅህ ያከብርህ ዘንድ ልጅህን አክብረው፤
079c4d7b-2714-5d13-a35e-bf91ecd3ab5d,cbb17e43-316d-5ce5-a1b1-7164b0d9b0d3,4e9ee1e3-fd0a-524c-a3de-ebbfe93ba25d,2,2,ሥጋ በለበሰው ሁሉ ላይ ሥልጣንን እንደ ሰጠኸው መጠን ለሰጠኸው ሁሉ የዘለዓለም ሕይወትን ይሰጣቸው ዘንድ።
dfeb15cb-dd44-564e-a98f-d3e6f103c38b,cbb17e43-316d-5ce5-a1b1-7164b0d9b0d3,4e9ee1e3-fd0a-524c-a3de-ebbfe93ba25d,3,3,ብቻህን እውነተኛ አምላክ የሆንህ አንተን፥ የላክኸውንም ኢየሱስ ክርስቶስን ያውቁ ዘንድ ይህች የዘለዓለም ሕይወት ናት።
4b2a88cb-cf4c-588a-a39f-83debb5339db,cbb17e43-316d-5ce5-a1b1-7164b0d9b0d3,4e9ee1e3-fd0a-524c-a3de-ebbfe93ba25d,4,4,እኔ ልሠራው የሰጠኸኝን ሥራ ፈጽሜ በምድር ላይ አከበርሁህ።
ad015ba5-dad5-5e38-a229-4a56e139579c,cbb17e43-316d-5ce5-a1b1-7164b0d9b0d3,4e9ee1e3-fd0a-524c-a3de-ebbfe93ba25d,5,5,አሁንም አባት ሆይ፥ ዓለም ሳይፈጠር ከአንተ ጋር በነበረኝ ክብር በአንተ ዘንድ አክብረኝ።
74548a9b-fb31-5437-aa03-9df12f0e1f88,cbb17e43-316d-5ce5-a1b1-7164b0d9b0d3,4e9ee1e3-fd0a-524c-a3de-ebbfe93ba25d,6,6,“ከዓለም ለይተህ ለሰጠኸኝ ሰዎች ስምህን ገለጥሁ፤ ያንተ ነበሩ፤ እነርሱንም ለእኔ ሰጥተኸኛል፤ ቃልህንም ጠበቁ።
c2042290-5bcc-5584-a30d-39dd5af4a312,cbb17e43-316d-5ce5-a1b1-7164b0d9b0d3,4e9ee1e3-fd0a-524c-a3de-ebbfe93ba25d,7,7,የሰጠኸኝም ሁሉ ከአንተ እንደ ሆነ ዛሬ ዐወቁ።
92f965d6-4ddd-5e49-a8f6-0bbd5479d70c,cbb17e43-316d-5ce5-a1b1-7164b0d9b0d3,4e9ee1e3-fd0a-524c-a3de-ebbfe93ba25d,8,8,የሰጠኽኝን ቃል ሰጥቻቸዋለሁና፤ እነርሱም ተቀብለው ከአንተ እንደ ወጣሁ በእውነት ዐወቁ፤ አንተም እንደ ላክኸኝ አመኑ።
d75fa812-9e07-5e9d-ac94-3fcacb1b74fe,cbb17e43-316d-5ce5-a1b1-7164b0d9b0d3,4e9ee1e3-fd0a-524c-a3de-ebbfe93ba25d,9,9,እኔ ስለ እነርሱ እለምናለሁ፤ የምለምንህ ስለ ዓለም አይደለም፤ ስለ ሰጠኸኝ ነው እንጂ፤ ያንተ ናቸውና።
ff38366a-12b9-50ff-acf5-d43fb5551159,cbb17e43-316d-5ce5-a1b1-7164b0d9b0d3,4e9ee1e3-fd0a-524c-a3de-ebbfe93ba25d,10,10,የእኔም የሆነ ሁሉ የአንተ ነው፤ የአንተም የሆነ የእኔ ነው፤ እኔም በእነርሱ ከብሬአለሁ።
443c64c9-2c49-56f3-ace8-84a6479feb12,cbb17e43-316d-5ce5-a1b1-7164b0d9b0d3,4e9ee1e3-fd0a-524c-a3de-ebbfe93ba25d,11,11,እንግዲህ በዓለም አልኖርም፤ እነርሱ ግን በዓለም ይኖራሉ፤ እኔም ወደ አንተ እመጣለሁ፤ ቅዱስ አባት ሆይ፥ እነዚህን የሰጠኸኝን እንደ እኛ አንድ ይሆኑ ዘንድ በስምህ ጠብቃቸው፤
d594dcc3-0df3-5903-ada3-08527957ea84,cbb17e43-316d-5ce5-a1b1-7164b0d9b0d3,4e9ee1e3-fd0a-524c-a3de-ebbfe93ba25d,12,12,እኔ በዓለም ከእነርሱ ጋር ሳለሁ ግን የሰጠኸኝን በስምህ እጠብቃቸው ነበር፤ ጠበቅኋቸውም፤ የመጽሐፉም ቃል ይፈጸም ዘንድ ከጥፋት ልጅ በቀር ከእነርሱ አንድ ስንኳን አልጠፋም።
b8e24c9a-061e-5407-a738-a3c0f441e47d,cbb17e43-316d-5ce5-a1b1-7164b0d9b0d3,4e9ee1e3-fd0a-524c-a3de-ebbfe93ba25d,13,13,አሁን ግን ወደ አንተ እመጣለሁ፤ በእነርሱም ደስታዬ ፍጹም ይሆን ዘንድ ይህን በዓለም እናገራለሁ።
aaefd74b-9c73-5a9b-add4-52bedb65b027,cbb17e43-316d-5ce5-a1b1-7164b0d9b0d3,4e9ee1e3-fd0a-524c-a3de-ebbfe93ba25d,14,14,እኔ ቃልህን ሰጠኋቸው፤ ዓለም ግን ጠላቸው፤ እኔ ከዓለም እንዳይደለሁ እነርሱ ከዓለም አይደሉምና።
bfbf438f-110f-5205-a713-dbf7ad54e118,cbb17e43-316d-5ce5-a1b1-7164b0d9b0d3,4e9ee1e3-fd0a-524c-a3de-ebbfe93ba25d,15,15,ከክፉ ነገር እንድትጠብቃቸው ነው እንጂ ከዓለም እንድትለያቸው አልለምንም።
6919779f-52d6-507a-ac4c-1e5aeb2256fd,cbb17e43-316d-5ce5-a1b1-7164b0d9b0d3,4e9ee1e3-fd0a-524c-a3de-ebbfe93ba25d,16,16,እኔ ከዓለም እንዳይደለሁ ከዓለም አይደሉምና።
d94c6a28-8de7-5b90-a6e2-dae9a014a192,cbb17e43-316d-5ce5-a1b1-7164b0d9b0d3,4e9ee1e3-fd0a-524c-a3de-ebbfe93ba25d,17,17,በእውነትህ ቀድሳቸው፤ ቃልህ እውነት ነውና።
e87781d7-cea8-582d-afab-cbceed1f8287,cbb17e43-316d-5ce5-a1b1-7164b0d9b0d3,4e9ee1e3-fd0a-524c-a3de-ebbfe93ba25d,18,18,አንተ እኔን ወደ ዓለም እንደ ላክኸኝ እኔም እነርሱን ወደ ዓለም ላክኋቸው።
1e8a4e79-e960-54ad-a42f-7f2eab3b61e9,cbb17e43-316d-5ce5-a1b1-7164b0d9b0d3,4e9ee1e3-fd0a-524c-a3de-ebbfe93ba25d,19,19,እነርሱም በእውነት ቅዱሳን ይሆኑ ዘንድ ስለ እነርሱ እኔ ራሴን እቀድሳለሁ።
fd2da619-c70e-513c-a1c8-55ea9940115f,cbb17e43-316d-5ce5-a1b1-7164b0d9b0d3,4e9ee1e3-fd0a-524c-a3de-ebbfe93ba25d,20,20,“የምለምንህም ስለ እነዚህ ብቻ አይደለም፤ በቃላቸው ስለሚያምኑብኝም ነው እንጂ፤
1aa5bd7c-43da-575f-aa00-0aa5243cec48,cbb17e43-316d-5ce5-a1b1-7164b0d9b0d3,4e9ee1e3-fd0a-524c-a3de-ebbfe93ba25d,21,21,ሁሉም አንድ ይሆኑ ዘንድ፥ አንተ አብ በእኔ እንዳለህ፥ እኔም በአንተ እንዳለሁ፥ እነርሱም እንደ እኛ በእኛ አንድ ይሆኑ ዘንድ፥ አንተም እንደ ላክኸኝ ዓለም ያምን ዘንድ።
31485e11-9ea4-5525-ab08-a9652b92d6b3,cbb17e43-316d-5ce5-a1b1-7164b0d9b0d3,4e9ee1e3-fd0a-524c-a3de-ebbfe93ba25d,22,22,እኔም የሰጠኸኝን ክብር ሰጠኋቸው፤ እኛ አንድ እንደሆን እነርሱም እንደ እኛ አንድ ይሆኑ ዘንድ።
bcf211aa-04b2-5416-a3ff-409b18797a29,cbb17e43-316d-5ce5-a1b1-7164b0d9b0d3,4e9ee1e3-fd0a-524c-a3de-ebbfe93ba25d,23,23,እኔ በእነርሱ እኖራለሁ፤ አንተም በእኔ፤ በአንድ ፍጹማን ይሆኑ ዘንድ፤ አንተም እንደ ላክኸኝና እንደ ወደድኸኝ እኔም እነርሱን እንደ ወደድኋቸው።
690600ee-75d2-5f04-ab5f-10c7308e738f,cbb17e43-316d-5ce5-a1b1-7164b0d9b0d3,4e9ee1e3-fd0a-524c-a3de-ebbfe93ba25d,24,24,አባት ሆይ፥ የሰጠኸኝ እነዚህ እኔ ባለሁበት አብረውኝ ይኖሩ ዘንድና የሰጠኸኝን ክብሬን ያዩ ዘንድ እወድዳለሁ፤ ዓለም ሳይፈጠር ወድደኸኛልና።
3e32c582-3aa2-5b14-aa8f-0a3fd5a07a8d,cbb17e43-316d-5ce5-a1b1-7164b0d9b0d3,4e9ee1e3-fd0a-524c-a3de-ebbfe93ba25d,25,25,ጻድቅ አባት ሆይ፥ ዓለም አላወቀህም፤ እኔ ግን ዐወቅሁህ፤ እነዚህም አንተ እንደ ላክኸኝ ዐወቁ።
877e3ca3-9f1a-512d-af30-97f6809fc134,cbb17e43-316d-5ce5-a1b1-7164b0d9b0d3,4e9ee1e3-fd0a-524c-a3de-ebbfe93ba25d,26,26,እኔን የወደድህበት ፍቅር በእነርሱ ይኖር ዘንድ፥ እኔም በእነርሱ እኖር ዘንድ ስምህን ነገርኋቸው፤ ደግሞም እነግራቸዋለሁ፤”
cd1114a7-d94e-55f6-abaf-5d5b1d2ee227,f81a99e5-6e30-52e2-ad4b-69ec564b9665,c1fdfe81-ecb3-5c7c-a92e-104e926c455c,1,1,ጌታችን ኢየሱስም ይህን ተናግሮ አትክልት ወደ አለበት ስፍራ ወደ ቄድሮስ ወንዝ ማዶ ከደቀ መዛሙርቱ ጋር ወጣ፤ ከደቀ መዛሙርቱም ጋር ወደዚያ ገባ።
6706ca45-392f-50fa-a3d9-e662a7ff2466,f81a99e5-6e30-52e2-ad4b-69ec564b9665,c1fdfe81-ecb3-5c7c-a92e-104e926c455c,2,2,አሳልፎ የሚሰጠው ይሁዳም ያን ስፍራ ያውቀው ነበር፤ ጌታችን ኢየሱስ ከደቀ መዛሙርቱ ጋር ወደዚያ ብዙ ጊዜ ይሄድ ነበርና።
a853d959-77a9-56ce-a043-88e2948fe365,f81a99e5-6e30-52e2-ad4b-69ec564b9665,c1fdfe81-ecb3-5c7c-a92e-104e926c455c,3,3,ይሁዳም ከካህናት አለቆችና ከፈሪሳውያን ወታደሮችን ተቀበለ፤ ሎሌዎቻቸውንም በረዳትነት ወሰደ፤ ፋኖስና የችቦ መብራት፥ የጦር መሣሪያም ይዞ ወደዚያ ሄደ።
a4286a64-f979-56ff-a7fb-faac0763234a,f81a99e5-6e30-52e2-ad4b-69ec564b9665,c1fdfe81-ecb3-5c7c-a92e-104e926c455c,4,4,ጌታችን ኢየሱስም የሚደርስበትን ሁሉ ዐውቆ ወደ እነርሱ ወደ ውጭ ወጣና፥ “ማንን ትሻላችሁ?” አላቸው።
dc9d919a-3307-5b9e-a73c-159df79ffc6b,f81a99e5-6e30-52e2-ad4b-69ec564b9665,c1fdfe81-ecb3-5c7c-a92e-104e926c455c,5,5,“የናዝሬቱን ኢየሱስን” ብለው መለሱለት፤ ጌታችን ኢየሱስም፥ “እኔ ነኝ” አላቸው፤ አሳልፎ የሰጠው ይሁዳም በዚያው አብሮአቸው ቆሞ ነበር።
eadc5c15-d015-5c50-a859-2bbde68e3707,f81a99e5-6e30-52e2-ad4b-69ec564b9665,c1fdfe81-ecb3-5c7c-a92e-104e926c455c,6,6,ጌታችን ኢየሱስም፥ “እኔ ነኝ” ባላቸው ጊዜ፤ ወደ ኋላቸው ተመልሰው በምድር ላይ ወደቁ።
80892757-f89a-5957-a213-94b67dfe81f3,f81a99e5-6e30-52e2-ad4b-69ec564b9665,c1fdfe81-ecb3-5c7c-a92e-104e926c455c,7,7,ከዚህም በኋላ እንደገና፥ “ማንን ትሻላችሁ?” ብሎ ጠየቃቸው፤ እነርሱም፥ “የናዝሬቱን ኢየሱስን” አሉት።
ee222358-61b1-5c9b-a295-664c99a05d90,f81a99e5-6e30-52e2-ad4b-69ec564b9665,c1fdfe81-ecb3-5c7c-a92e-104e926c455c,8,8,ጌታችን ኢየሱስም፥ “እኔ ነኝ አልኋችሁ፤ እኔን የምትሹ ከሆነ እነዚህን ተዉአቸው፤ ይሂዱ” አላቸው።
3da0f93f-c400-5aca-a79f-c0a8abf12457,f81a99e5-6e30-52e2-ad4b-69ec564b9665,c1fdfe81-ecb3-5c7c-a92e-104e926c455c,9,9,ይህም፥ “ከእነዚህ ከሰጠኸኝ አንድ ስንኳ አልጠፋም” ያለው ቃሉ ይፈጸም ዘንድ ነው።
a8f8186d-5e5d-50e3-a022-578b39731974,f81a99e5-6e30-52e2-ad4b-69ec564b9665,c1fdfe81-ecb3-5c7c-a92e-104e926c455c,10,10,ስምዖን ጴጥሮስም ሾተል ነበረው፤ ሾተሉንም መዝዞ የሊቀ ካህናቱን አገልጋይ መትቶ ቀኝ ጆሮውን ቈረጠው፤ የዚህም አገልጋይ ስም ማልኮስ ይባል ነበር።
aecba314-0b1d-5305-a11c-b36d77654f51,f81a99e5-6e30-52e2-ad4b-69ec564b9665,c1fdfe81-ecb3-5c7c-a92e-104e926c455c,11,11,ጌታችን ኢየሱስም ጴጥሮስን፥ “ሾተልህን ወደ አፎቷ መልስ፤ አብ የሰጠኝን ጽዋ ሳልጠጣ እተወዋለሁን?” አለው።
c0e85d73-f2f4-5aa2-a4af-9a30a0f676d2,f81a99e5-6e30-52e2-ad4b-69ec564b9665,82f39167-2b99-5060-a473-b7895ccc0705,1,12,ጭፍሮችና የሺ አለቃው፥ የአይሁድም ሎሌዎች ጌታችን ኢየሱስን ይዘው አሰሩት።
cf69f5a8-c62c-5a52-a4f5-ecb6b1bf2273,f81a99e5-6e30-52e2-ad4b-69ec564b9665,82f39167-2b99-5060-a473-b7895ccc0705,2,13,አስቀድሞም ወደ ሐና ወሰዱት፤ በዚያች ዓመት የካህናት አለቃ ለነበረው ለቀያፋ አማቱ ነበርና።
dc096d21-d441-53bc-a2f5-adf7dcc593de,f81a99e5-6e30-52e2-ad4b-69ec564b9665,82f39167-2b99-5060-a473-b7895ccc0705,3,14,ቀያፋም “ስለ ሕዝቡ ሁሉ አንድ ሰው ቢሞት ይሻላል” ብሎ አይሁድን የመከራቸው ነበር።
1789c501-0c80-5264-a07c-b1f6591e4251,f81a99e5-6e30-52e2-ad4b-69ec564b9665,f22383bc-2b82-55d4-acc9-a27f2c59e576,1,15,ስምዖን ጴጥሮስና ሌላው ደቀ መዝሙርም ጌታችን ኢየሱስን ከሩቅ ተከተሉት፤ ያ ደቀ መዝሙር ግን በሊቀ ካህናቱ ዘንድ የታወቀ ነበር፤ ከጌታችን ኢየሱስ ጋርም ወደ ሊቀ ካህናቱ ግቢ ገባ።
5c6d4ab5-12bb-5511-a663-8d379be08c83,f81a99e5-6e30-52e2-ad4b-69ec564b9665,f22383bc-2b82-55d4-acc9-a27f2c59e576,2,16,ጴጥሮስ ግን በስተውጭ በበሩ ቆሞ ነበር፤ ያም በሊቀ ካህናቱ ዘንድ ይታወቅ የነበረው ሌላው ደቀ መዝሙር ወጣና ለበረኛዪቱ ነግሮ ጴጥሮስን አስገባው።
16d56b9e-fe04-5ec5-a9bc-f468f50f9adf,f81a99e5-6e30-52e2-ad4b-69ec564b9665,f22383bc-2b82-55d4-acc9-a27f2c59e576,3,17,በረኛዪቱ አገልጋይም፥ “አንተም ከዚያ ሰው ደቀ መዛሙርት ወገን አይደለህምን?” አለችው፤ እርሱም፥ “አይደለሁም” አላት።
a12700b5-6d9c-5690-af29-e6a27ccdbffd,f81a99e5-6e30-52e2-ad4b-69ec564b9665,f22383bc-2b82-55d4-acc9-a27f2c59e576,4,18,አገልጋዮችና ሎሌዎችም በዚያ ቆመው እሳት አንድደው ይሞቁ ነበር፤ የዚያች ሌሊት ብርድ ጽኑ ነበርና፤ ጴጥሮስም ከእነርሱ ጋር ቆሞ ይሞቅ ነበረ።
4d6eb072-bdd4-5014-acc9-b2fd82750740,f81a99e5-6e30-52e2-ad4b-69ec564b9665,8696ff8b-48f5-5464-acba-495ab38baf8b,1,19,ሊቀ ካህናቱም ጌታችን ኢየሱስን፦ ስለ ደቀ መዛሙርቱና ስለ ትምህርቱ ጠየቀው።
c1e82af0-fd31-52ec-a7aa-7bfdb19707c4,f81a99e5-6e30-52e2-ad4b-69ec564b9665,8696ff8b-48f5-5464-acba-495ab38baf8b,2,20,ጌታችን ኢየሱስም መልሶ እንዲህ አለው፥ “እኔ ለዓለም በግልጥ ተናገርሁ፤ አይሁድ ሁሉ በሚሰበሰቡበት በምኵራብም፥ በቤተ መቅደስም ሁልጊዜ አስተማርሁ፤ በስውርም የተናገርሁት አንዳች ነገር የለም።
f3bc4684-c175-5554-aa7c-316dd99743c9,f81a99e5-6e30-52e2-ad4b-69ec564b9665,8696ff8b-48f5-5464-acba-495ab38baf8b,3,21,እንግዲህ እኔን ለምን ትጠይቀኛለህ? የተናገርሁትን የሰሙኝን ጠይቃቸው፤ እኔም የተናገርሁትን እነሆ፥ እነርሱ ያውቃሉ።”
416426bb-f654-5fb8-adcd-e0cc410eeb3e,f81a99e5-6e30-52e2-ad4b-69ec564b9665,8696ff8b-48f5-5464-acba-495ab38baf8b,4,22,ይህንም ባለጊዜ ከቆሙት ሎሌዎች አንዱ፥ “ለሊቀ ካህናቱ እንዲህ ትመልስለታለህን?” ብሎ ጌታችን ኢየሱስን በጥፊ መታው።
7d3e4f39-9a0a-503d-a0cf-d6aa7a10864f,f81a99e5-6e30-52e2-ad4b-69ec564b9665,8696ff8b-48f5-5464-acba-495ab38baf8b,5,23,ጌታችን ኢየሱስም መልሶ፥ “ክፉ ተናግሬ እንደ ሆንሁ ስለ ክፉ መስክርብኝ፤ መልካም ተናግሬ እንደ ሆንሁ ግን ለምን ትመታኛለህ?” አለው።
70318d97-a7a2-588d-a2b0-73abf905d480,f81a99e5-6e30-52e2-ad4b-69ec564b9665,8696ff8b-48f5-5464-acba-495ab38baf8b,6,24,ሐናም ጌታችን ኢየሱስን እንደ ታሰረ ወደ ሊቀ ካህናቱ ወደ ቀያፋ ላከው።
49838c4e-57dc-5c8d-aedf-4ca2ada84e7e,f81a99e5-6e30-52e2-ad4b-69ec564b9665,8696ff8b-48f5-5464-acba-495ab38baf8b,7,25,ስምዖን ጴጥሮስም ቆሞ እሳት ይሞቅ ነበር፤ “አንተስ ከእርሱ ደቀ መዛሙርት ወገን አይደለህምን?” አሉት፤ እርሱም፥ “አይደለሁም” ብሎ ካደ።
adecd89b-8859-5219-a782-ee6a5669184d,f81a99e5-6e30-52e2-ad4b-69ec564b9665,8696ff8b-48f5-5464-acba-495ab38baf8b,8,26,ጴጥሮስ ጆሮውን ከቈረጠው ሰው ዘመዶች ወገን የሆነ ከሊቀ ካህናቱ አገልጋዮችም አንድ ሰው፥ “እኔ በአትክልት ቦታ ውስጥ ከእርሱ ጋር አይችህ አልነበረምን?” አለው።
14b3a842-33a8-5374-a3a8-998542a1a8e9,f81a99e5-6e30-52e2-ad4b-69ec564b9665,8696ff8b-48f5-5464-acba-495ab38baf8b,9,27,ጴጥሮስም ደግሞ ካደ፤ ያንጊዜም ዶሮ ጮኸ።
eb9959eb-a3a8-5eb5-ad73-d07072384fb6,f81a99e5-6e30-52e2-ad4b-69ec564b9665,ddc13521-914f-5796-a698-eeae3a75f82e,1,28,ጌታችን ኢየሱስንም ከቀያፋ ወደ ፍርድ አደባባይ ወሰዱት፤ አይሁድ ግን ፈጽሞ ስለ ነጋ የፋሲካውን በግ ሳይበሉ እንዳይረክሱ ወደ ፍርድ አደባባይ አልገቡም።
7f61c383-3002-58c9-acd9-90d237fc48a9,f81a99e5-6e30-52e2-ad4b-69ec564b9665,ddc13521-914f-5796-a698-eeae3a75f82e,2,29,ጲላጦስም ወደ እነርሱ ወደ ውጭ ወጥቶ፥ “ይህን ሰው ወደ እኔ ያመጣችሁበት በደሉ ምንድነው?” አላቸው።
7dc43996-a677-5c41-a056-d6aa749ba4d7,f81a99e5-6e30-52e2-ad4b-69ec564b9665,ddc13521-914f-5796-a698-eeae3a75f82e,3,30,እነርሱም፥ “ክፉ የሠራ ባይሆንስ ወደ አንተ አሳልፈን ባልሰጠነው ነበር” ብለው መለሱለት።
b835f25e-a560-59a5-a647-28a8ebf01eeb,f81a99e5-6e30-52e2-ad4b-69ec564b9665,ddc13521-914f-5796-a698-eeae3a75f82e,4,31,ጲላጦስም፥ “እናንተ ወስዳችሁ እንደ ሕጋችሁ ፍረዱበት” አላቸው፤ አይሁድም፥ “እኛስ ማንንም ልንገድል አልተፈቀደልንም” አሉት።
6482b9f0-0f99-5497-af81-c2f366942422,f81a99e5-6e30-52e2-ad4b-69ec564b9665,ddc13521-914f-5796-a698-eeae3a75f82e,5,32,ይህም በምን ዐይነት ሞት ይሞት ዘንድ እንዳለው ሲያመለክት የተናገረው የጌታችን የኢየሱስ ቃል ይፈጸም ዘንድ ነው።
2d04cfd3-ea8c-5bec-a9c0-b09d85c34ae4,f81a99e5-6e30-52e2-ad4b-69ec564b9665,ddc13521-914f-5796-a698-eeae3a75f82e,6,33,ጲላጦስም እንደገና ወደ ፍርድ አደባባይ ገብቶ ጌታችን ኢየሱስን ጠራና፥ “የአይሁድ ንጉሥ አንተ ነህን?” አለው።
4e888b1f-ffaf-54fa-a6d4-b252651d21b6,f81a99e5-6e30-52e2-ad4b-69ec564b9665,ddc13521-914f-5796-a698-eeae3a75f82e,7,34,ጌታችን ኢየሱስም፥ “ይህን የምትናገር ከራስህ ነውን? ወይስ ስለ እኔ የነገረህ ሌላ አለን?” ብሎ መለሰለት።
e6ad46e0-1e85-5cd5-aaf7-f4895ab69835,f81a99e5-6e30-52e2-ad4b-69ec564b9665,ddc13521-914f-5796-a698-eeae3a75f82e,8,35,ጲላጦስም መልሶ፥ “እኔ አይሁዳዊ ነኝን? ለእኔ አሳልፈው የሰጡህ ወገኖችህና ሊቃነ ካህናት አይደሉምን? Aረ ምን አድርገሃል?” አለው።
5ce5f881-d1f7-5253-a920-dec94365e4b2,f81a99e5-6e30-52e2-ad4b-69ec564b9665,ddc13521-914f-5796-a698-eeae3a75f82e,9,36,ጌታችን ኢየሱስም፥ “የእኔ መንግሥት ከዚህ ዓለም አይደለችም፤ መንግሥቴስ በዚህ ዓለም ብትሆን ኖሮ ለአይሁድ እንዳልሰጥ አሽከሮች በተዋጉልኝ ነበር፤ አሁንም መንግሥቴ ከዚህ አይደለችም” ብሎ መለሰለት።
993f44d9-da29-5cfb-a944-b952fbe0a1b5,f81a99e5-6e30-52e2-ad4b-69ec564b9665,ddc13521-914f-5796-a698-eeae3a75f82e,10,37,ጲላጦስም፥ “እንግዲያ አንተ ንጉሥ ነህን?” አለው፤ ጌታችን ኢየሱስም መልሶ፥ “እኔ ንጉሥ እንደ ሆንሁ አንተ ራስህ ትላለህ፤ እኔ ስለዚህ ተወለድሁ፤ ስለዚህም ለእውነት ልመሰክር ወደ ዓለም መጣሁ፤ ከእውነት የሆነ ሁሉ ቃሌን ይሰማኛል” አለው።
b8ef6f1c-daf6-5047-acae-8c76e8e52b6c,f81a99e5-6e30-52e2-ad4b-69ec564b9665,ddc13521-914f-5796-a698-eeae3a75f82e,11,38,ጲላጦስም፥ “እውነት ምንድነው?” አለው፤ ይህንም ተናግሮ ዳግመኛ ወደ አይሁድ ወጣና እንዲህ አላቸው፥ “እኔ አንዲት ስንኳን በደል አላገኘሁበትም።
9bcc95bc-ecad-5fe3-ad16-d1342333455d,f81a99e5-6e30-52e2-ad4b-69ec564b9665,ddc13521-914f-5796-a698-eeae3a75f82e,12,39,ነገር ግን በየዓመቱ በፋሲካ በዓል ከእስረኞች አንድ እንድፈታላችሁ ልማድ አላችሁ፤ እንግዲህ የአይሁድን ንጉሥ ልፈታላችሁ ትወዳላችሁን?” አላቸው።
6eb9b99d-b14e-5202-aabc-7bd61b2b93e6,f81a99e5-6e30-52e2-ad4b-69ec564b9665,ddc13521-914f-5796-a698-eeae3a75f82e,13,40,ዳግመኛም ድምፃቸውን ከፍ አድርገው፥ “በርባንን እንጂ ይህን አይደለም፤” አሉ፤ በርባን ግን ወንበዴ ነበር።
4c94b5ee-51f8-5ce3-a664-823b93a92468,698dabb8-98d3-5c38-ab30-190a32183524,63f81eba-5c80-5f8e-a26c-742f53b05a8e,1,1,ከዚህም በኋላ ጲላጦስ ጌታችን ኢየሱስን ይዞ ገረፈው።
741a31ff-0801-5c98-afcc-bd3441b41ff1,698dabb8-98d3-5c38-ab30-190a32183524,63f81eba-5c80-5f8e-a26c-742f53b05a8e,2,2,ጭፍሮችም የእሾህ አክሊል ጐንጕነው በራሱ ላይ ደፉበት፤ የቀይ ሐር መጐናጸፊያም አለበሱት።
f972a436-785e-58e1-adfc-4c6914dc6b24,698dabb8-98d3-5c38-ab30-190a32183524,63f81eba-5c80-5f8e-a26c-742f53b05a8e,3,3,ወደ እርሱም እየመጡ፥ “የአይሁድ ንጉሥ ሆይ፥ ሰላም ለአንተ ይሁን” ይሉት ነበር፤ በጥፊም ይመቱት ነበር።
f143d42d-711c-5174-afc0-5529080c88b0,698dabb8-98d3-5c38-ab30-190a32183524,63f81eba-5c80-5f8e-a26c-742f53b05a8e,4,4,ጲላጦስም እንደገና ወደ ውጭ ወጣና፥ “እነሆ፥ በእርሱ ላይ አንዲት በደል ስንኳን ያገኘሁበት እንደሌለ ታውቁ ዘንድ ወደ ውጭ አወጣላችኋለሁ” አላቸው።
84505f17-6fbd-58c7-ab82-09d9d0c23355,698dabb8-98d3-5c38-ab30-190a32183524,63f81eba-5c80-5f8e-a26c-742f53b05a8e,5,5,ጌታችን ኢየሱስም የእሾህ አክሊል ደፍቶ፥ የቀይ ሐር መጐናጸፊያም ለብሶ ወደ ውጭ ወጣ፤ ጲላጦስም፥ “እነሆ፥ ሰውዬው” አላቸው።
bd57c58a-e9e3-53de-ab8d-163b00ee56bd,698dabb8-98d3-5c38-ab30-190a32183524,63f81eba-5c80-5f8e-a26c-742f53b05a8e,6,6,ሊቃነ ካህናትና ሎሌዎቻቸውም ባዩት ጊዜ፥ “ስቀለው! ስቀለው!” እያሉ ጮሁ፤ ጲላጦስም፥ “እናንተ ራሳችሁ ውሰዱና ስቀሉት፤ እኔስ በእርሱ ላይ በደል አላገኘሁበትም” አላቸው።
30359c2d-84c9-5651-a02e-61228f59b0b2,698dabb8-98d3-5c38-ab30-190a32183524,63f81eba-5c80-5f8e-a26c-742f53b05a8e,7,7,አይሁድም መልሰው፥ “እኛ ሕግ አለን፤ እንደ ሕጋችንም ሊሞት ይገባል፤ ራሱን የእግዚአብሔር ልጅ አድርጎአልና” አሉት።
c70b584c-312d-58c8-a22d-bc010a47ebf2,698dabb8-98d3-5c38-ab30-190a32183524,63f81eba-5c80-5f8e-a26c-742f53b05a8e,8,8,ጲላጦስም ይህን ነገር ሰምቶ እጅግ ፈራ።
fc6d504a-26b0-570e-a1cd-96e1e210f8b0,698dabb8-98d3-5c38-ab30-190a32183524,89003394-9e6d-5d7e-a783-f4258e1c9e70,1,9,ደግሞም ወደ ፍርድ አደባባይ ገባና ጌታችን ኢየሱስን፥ “አንተ ከወዴት ነህ?” አለው፤ ጌታችን ኢየሱስ ግን ምንም አልመለሰለትም።
cdab0d03-2af4-5973-ab23-87c18aff6bf8,698dabb8-98d3-5c38-ab30-190a32183524,89003394-9e6d-5d7e-a783-f4258e1c9e70,2,10,ጲላጦስም፥ “ለእኔም አትነግረኝምን? ልሰቅልህ ሥልጣን እንደ አለኝ፥ ወይም ልፈታህ ሥልጣን እንዳለኝ፥ አታውቅምን?” አለው።
16735936-79a2-5cd6-a3b7-abab643f70a2,698dabb8-98d3-5c38-ab30-190a32183524,89003394-9e6d-5d7e-a783-f4258e1c9e70,3,11,ጌታችን ኢየሱስም፥ “ከሰማይ ካልተሰጠህ በቀር በእኔ ላይ አንዳች ሥልጣን የለህም፤ ስለዚህ ለአንተ አሳልፎ የሰጠኝ ሰው ታላቅ ኀጢኣት አለበት” አለው።
dd4e654a-8817-53fd-a2c8-8f46ccaa6117,698dabb8-98d3-5c38-ab30-190a32183524,89003394-9e6d-5d7e-a783-f4258e1c9e70,4,12,ስለዚህም ጲላጦስ ሊፈታው ወድዶ ነበር፤ አይሁድ ግን፥ “ይህን ከፈታኸው የቄሣር ወዳጅ አይደለህም፤ ራሱን ንጉሥ የሚያደርግ ሰው ሁሉ በቄሣር ላይ የሚያምፅ ነውና” ብለው ጮሁ።
69fd8639-4a1a-5a0a-a894-a1d271d42526,698dabb8-98d3-5c38-ab30-190a32183524,f05683b0-fdb9-5b78-a6a2-35adde0e1e6c,1,13,ጲላጦስም ይህን ሰምቶ ጌታችን ኢየሱስን ወደ ውጭ አወጣው፤ በዕብራይስጥም ገበታ ተብሎ በሚጠራው “ጸፍጸፍ” በሚሉት ቦታ ላይ በወንበር ተቀመጠ።
61715e87-d415-56a4-abee-bf3b1a9a68a7,698dabb8-98d3-5c38-ab30-190a32183524,f05683b0-fdb9-5b78-a6a2-35adde0e1e6c,2,14,የፋሲካም የመዘጋጀት ቀን ነበር፤ ጊዜዉም ስድስት ሰዓት ያህል ነበር፤ ጲላጦስም አይሁድን፥ “እነሆ፥ ንጉሣችሁ” አላቸው፤
8bc9ec1d-4ec3-5863-ae06-848e2328917e,698dabb8-98d3-5c38-ab30-190a32183524,f05683b0-fdb9-5b78-a6a2-35adde0e1e6c,3,15,እነርሱ ግን፥ “አስወግደው! ስቀለው!” እያሉ ጮሁ። ጲላጦስም፥ “ንጉሣችሁን ልስቀለውን?” አላቸው፤ ሊቃነ ካህናቱም፥ “ከቄሣር በቀር ሌላ ንጉሥ የለንም” ብለው መለሱ።
cf27a117-da27-5019-acfe-fb2fc7dceaeb,698dabb8-98d3-5c38-ab30-190a32183524,80bde661-d52f-5d86-aa6e-a920a282bef9,1,16,ከዚህ በኋላ ሊሰቅሉት አሳልፎ ሰጣቸው፤ ጌታችን ኢየሱስንም ተቀብለው ወሰዱት።
e9c24a60-ac26-59a2-ac65-12c1da48636d,698dabb8-98d3-5c38-ab30-190a32183524,80bde661-d52f-5d86-aa6e-a920a282bef9,2,17,መስቀሉንም ተሸክሞ በዕብራይስጥ ጎልጎታ ወደ ተባለው ቀራንዮ ወደሚባል ቦታ ወጣ።
ccefcf51-c4d7-5d76-a309-259133320dca,698dabb8-98d3-5c38-ab30-190a32183524,80bde661-d52f-5d86-aa6e-a920a282bef9,3,18,በዚያም ሰቀሉት፤ ከእርሱም ጋር አንዱን በቀኝ፥ አንዱንም በግራ አድርገው ሌሎች ሁለት ወንበዴዎችን ሰቀሉ፤ ኢየሱስንም በመካከላቸው ሰቀሉ።
c34036fc-7f8e-5ee7-a70c-d39ad568b1aa,698dabb8-98d3-5c38-ab30-190a32183524,80bde661-d52f-5d86-aa6e-a920a282bef9,4,19,ጲላጦስም ጽሕፈት ጽፎ በመስቀሉ ላይ አኖረ፤ ጽሕፈቱም፥ “የአይሁድ ንጉሥ የናዝሬቱ ኢየሱስ” የሚል ነበር።
3ef9bc25-15ad-5cac-a420-b9c82893ceef,698dabb8-98d3-5c38-ab30-190a32183524,80bde661-d52f-5d86-aa6e-a920a282bef9,5,20,ከአይሁድም ይህቺን ጽሕፈት ያነበብዋት ብዙዎች ነበሩ፤ ጌታችን ኢየሱስን የሰቀሉበት ቦታ ለከተማ ቅርብ ነበርና፤ ጽሕፈቱም የተጻፈው በዕብራይስጥ፥ በሮማይስጥና በግሪክ ነበር።
a5554421-70f1-5663-a17c-75bd2d6e5b04,698dabb8-98d3-5c38-ab30-190a32183524,80bde661-d52f-5d86-aa6e-a920a282bef9,6,21,ሊቃነ ካህናትም ጲላጦስን አሉት፥ “እርሱ ራሱ ‘እኔ የአይሁድ ንጉሥ ነኝ’ እንዳለ እንጂ የአይሁድ ንጉሥ ብለህ አትጻፍ።”
f79c1147-c3c9-5f65-a153-e0b75e2dd1fd,698dabb8-98d3-5c38-ab30-190a32183524,80bde661-d52f-5d86-aa6e-a920a282bef9,7,22,ጲላጦስም፥ “የጻፍሁትን ጻፍሁ” ብሎ መለሰላቸው።
06d78c80-2daf-54db-a48c-effa1e89cad0,698dabb8-98d3-5c38-ab30-190a32183524,7e0ce396-a40b-50a4-a520-73b3c5ff9b4a,1,23,ጭፍሮችም ጌታችን ኢየሱስን በሰቀሉት ጊዜ ልብሶቹን ወስደው ከጭፍሮቹ ለእያንዳንዱ አራት ክፍል አድርገው መደቡት፤ ቀሚሱንም ወሰዱ፤ ቀሚሱም ከላይ ጀምሮ የተሠራ ሥረወጥ እንጂ የተሰፋ አልነበረም።
7dec6948-9471-5884-a937-2ab77a7021ec,698dabb8-98d3-5c38-ab30-190a32183524,7e0ce396-a40b-50a4-a520-73b3c5ff9b4a,2,24,እርስ በርሳቸውም፥ “ዕጣ እንጣጣልና ለደረሰ ይድረሰው እንጂ አንቅደደው ተባባሉ፤” ይህም “ልብሶችን ለራሳቸው ተካፈሉ፤ በቀሚሴም ላይ ዕጣ ተጣጣሉ” ያለው የመጽሐፍ ቃል ይፈጸም ዘንድ ነው፤ ጭፍሮችም እንዲሁ አደረጉ።
839867f4-1e02-5f57-af5c-8b0860bf6be8,698dabb8-98d3-5c38-ab30-190a32183524,f9f0a4a7-6c31-58da-a132-46342d337131,1,25,በጌታችን በኢየሱስ መስቀል አጠገብም እናቱ፥ የእናቱም እኅት፥ የቀለዮጳም ሚስት ማርያም፥ መግደላዊት ማርያምም ቆመው ነበር።
e1e2d224-3d95-545b-a266-ba737775ff0a,698dabb8-98d3-5c38-ab30-190a32183524,f9f0a4a7-6c31-58da-a132-46342d337131,2,26,ጌታችን ኢየሱስም እናቱንና የሚወደውን ደቀ መዝሙሩን ቆመው ባያቸው ጊዜ እናቱን፥ “አንች ሆይ፥ እነሆ፥ ልጅሽ” አላት።
f350ae1e-3843-568f-aff0-71ffa514d27c,698dabb8-98d3-5c38-ab30-190a32183524,f9f0a4a7-6c31-58da-a132-46342d337131,3,27,ከዚህም በኋላ ደቀ መዝሙሩን፥ “እናትህ እነኋት” አለው፤ ከዚያችም ሰዓት ጀምሮ ደቀ መዝሙሩ ተቀብሎ ወደ ቤቱ ወሰዳት።
521c0c9c-9648-5e52-ae69-6f916ea840d2,698dabb8-98d3-5c38-ab30-190a32183524,4abdcd37-f6ca-5f50-a30e-add7f4b7de3f,1,28,ከዚህም በኋላ ጌታችን ኢየሱስ ሁሉ እንደ ተፈጸመ ባየ ጊዜ የመጽሐፉ ቃል ይፈጸም ዘንድ “ተጠማሁ” አለ።
0100f45a-0740-5223-ab21-22ce2b6a7a40,698dabb8-98d3-5c38-ab30-190a32183524,4abdcd37-f6ca-5f50-a30e-add7f4b7de3f,2,29,በዚያም ሆምጣጤ የመላበት ማሰሮ ነበር፤ እነርሱም ሆምጣጤውን በሰፍነግ ሞልተው በስምዛ ዘንግ ከአፉ አገናኝተው ጨመቁት።
e5557cf0-c5ab-5e35-ae7d-ba2fc33048d1,698dabb8-98d3-5c38-ab30-190a32183524,4abdcd37-f6ca-5f50-a30e-add7f4b7de3f,3,30,ጌታችን ኢየሱስም ሆምጣጤውን ቀምሶ፥ “ሁሉ ተፈጸመ” አለ፤ ራሱንም አዘንብሎ ነፍሱን ሰጠ።
759ec429-94a4-5162-a6b2-bf8697d7bf19,698dabb8-98d3-5c38-ab30-190a32183524,c8ec3637-b2b9-5bfb-aafc-285f830e559c,1,31,አይሁድ ግን የመዘጋጀት ቀን ነበርና፥ የዚያች ሰንበትም ቀን ታላቅ ናትና “ሥጋቸው በሰንበት በመስቀል ላይ አይደር” አሉ፤ ጭን ጭናቸውንም ሰብረው ያወርዷቸው ዘንድ ጲላጦስን ለመኑት።
21e5091d-157d-5830-abed-c50dfb685eee,698dabb8-98d3-5c38-ab30-190a32183524,c8ec3637-b2b9-5bfb-aafc-285f830e559c,2,32,ጭፍሮችም መጥተው ከእርሱ ጋር የተሰቀሉትን የአንደኛውንና የሁለተኛውን ጭኖች ሰበሩ።
39a23a7b-d258-5e48-a56c-0a5ad718d023,698dabb8-98d3-5c38-ab30-190a32183524,c8ec3637-b2b9-5bfb-aafc-285f830e559c,3,33,ወደ ጌታችን ኢየሱስም ሄደው ፈጽሞ እንደ ሞተ ባዩ ጊዜ ጭኑን አልሰበሩም።
3a25648f-ba78-5d44-aa93-6257f367fe3f,698dabb8-98d3-5c38-ab30-190a32183524,c8ec3637-b2b9-5bfb-aafc-285f830e559c,4,34,ነገር ግን ከጭፍሮቹ አንዱ የቀኝ ጎኑን በጦር ወጋው፤ ያንጊዜም ከእርሱ ደምና ውኃ ወጣ።
3c6a987b-d97c-5084-aa72-a293dc8306d6,698dabb8-98d3-5c38-ab30-190a32183524,c8ec3637-b2b9-5bfb-aafc-285f830e559c,5,35,ያየውም መሰከረ፤ ምስክርነቱም እውነት ነው፤ እርሱም እናንተ ልታምኑ እውነት እንደሚናገር ያውቃል።
60c97cce-e939-5787-a7df-4671ed3a26a6,698dabb8-98d3-5c38-ab30-190a32183524,c8ec3637-b2b9-5bfb-aafc-285f830e559c,6,36,ይህ ሁሉ የሆነው “ከእርሱ ዐፅሙን አትስበሩ” ያለው የመጽሐፍ ቃል ይፈጸም ዘንድ ነው።
fdeb1ba6-de9e-5680-ad10-c379620b8c26,698dabb8-98d3-5c38-ab30-190a32183524,c8ec3637-b2b9-5bfb-aafc-285f830e559c,7,37,ሌላዉም መጽሐፍ ደግሞ“ የወጉትን ያዩታል” ይላል።
b7c5457f-6b13-599f-a117-c85c2c48a57d,698dabb8-98d3-5c38-ab30-190a32183524,52b4ffcf-34d5-532a-a3ec-b6daf7ef6d84,1,38,ከዚህም በኋላ አይሁድን ስለፈራ በስውር የጌታችን የኢየሱስ ደቀ መዝሙር የነበረው የአርማትያስ ሰው ዮሴፍ የጌታችን የኢየሱስን ሥጋ ይወስድ ዘንድ ጲላጦስን ለመነው፤ ጲላጦስም ፈቀደለት። እርሱም ሄዶ የጌታችን የኢየሱስን ሥጋ ወሰደ።
fa4ff439-4229-542a-a2fc-f4e795815cd8,698dabb8-98d3-5c38-ab30-190a32183524,52b4ffcf-34d5-532a-a3ec-b6daf7ef6d84,2,39,ቀድሞ በሌሊት ወደ ጌታችን ኢየሱስ ሄዶ የነበረው ኒቆዲሞስም መጣ፤ ቀብተውም የሚቀብሩበትን መቶ ወቄት የከርቤና የሬት ቅልቅል ሽቶ አመጣ።
e0a3a686-d4d4-5dc6-ac95-2b0a84ad4886,698dabb8-98d3-5c38-ab30-190a32183524,52b4ffcf-34d5-532a-a3ec-b6daf7ef6d84,3,40,እንደ አይሁድ አገናነዝ ሥርዐትም የጌታችን የኢየሱስን ሥጋ ወስደው ከሽቱ ጋር በበፍታ ገነዙት።
074850f3-4d0f-5328-ac8c-fe28739caa77,698dabb8-98d3-5c38-ab30-190a32183524,52b4ffcf-34d5-532a-a3ec-b6daf7ef6d84,4,41,በዚያም በተሰቀለበት ቦታ የአትክልት ስፍራ ነበር፤ በዚያ የአትክልት ስፍራ ውስጥም በውስጡ ሰው ያልተቀበረበት አዲስ መቃብር ነበር።
78d34d08-f549-5fc8-a1d3-cc9787865f87,698dabb8-98d3-5c38-ab30-190a32183524,52b4ffcf-34d5-532a-a3ec-b6daf7ef6d84,5,42,ጌታችን ኢየሱስንም በዚያ ቀበሩት፤ ለአይሁድ የመሰናዳት ቀን ነበርና፤ መቃብሩም ለሰቀሉበት ቦታ ቅርብ ነበር።
94ee659e-6255-511a-a1c0-24a47b60110a,4e599f6a-7739-5e93-ac64-a8ad7024c165,9b8822de-3636-5f15-a67b-a139f652524c,1,1,ከሳምንቱም በመጀመሪያዉ ቀን ማርያም መግደላዊት በማለዳ ገና ጨለማ ሳለ ወደ መቃብር መጣች፤ ድንጋዩንም ከመቃብሩ አፍ ተነሥቶ አገኘችው።
6073ffee-4572-57bc-af6a-7d11d180a304,4e599f6a-7739-5e93-ac64-a8ad7024c165,9b8822de-3636-5f15-a67b-a139f652524c,2,2,ፈጥናም ወደ ስምዖን ጴጥሮስና ጌታችን ኢየሱስ ይወደው ወደ ነበረው ወደዚያ ወደ ሌላዉ ደቀ መዝሙር መጥታ፥ “ጌታዬን ከመቃብር ወስደውታል፤ ወዴትም እንደ ወሰዱት አላውቅም” አለቻቸው።
f7e0e18e-83f7-5f0f-adbb-dab6acd01204,4e599f6a-7739-5e93-ac64-a8ad7024c165,9b8822de-3636-5f15-a67b-a139f652524c,3,3,ጴጥሮስና ያ ሌላዉ ደቀ መዝሙርም ወጥተው ወደ መቃብሩ ሄዱ።
a547d07d-0875-577a-a687-7756770666cc,4e599f6a-7739-5e93-ac64-a8ad7024c165,9b8822de-3636-5f15-a67b-a139f652524c,4,4,ሁለቱም በአንድነት ሲሮጡ ያ ሌላዉ ደቀ መዝሙር ጴጥሮስን ቀድሞት ወደ መቃብሩ ደረሰ።
9e3d1e7a-615f-5386-a482-d05427c11f13,4e599f6a-7739-5e93-ac64-a8ad7024c165,9b8822de-3636-5f15-a67b-a139f652524c,5,5,ጐንበስ ብሎም ሲመለከት በፍታዉን ተቀምጦ አየ፤ ነገር ግን ወደ ውስጥ አልገባም።
b10372f9-29b3-55bc-aa44-1061bc93734e,4e599f6a-7739-5e93-ac64-a8ad7024c165,9b8822de-3636-5f15-a67b-a139f652524c,6,6,ስምዖን ጴጥሮስም ተከትሎት ደረሰና ወደ መቃብሩ ገባ፤
56c6a0ab-e8e8-5baf-acc7-ad8a0619751a,4e599f6a-7739-5e93-ac64-a8ad7024c165,9b8822de-3636-5f15-a67b-a139f652524c,7,7,በፍታዉንም በአንድ ወገን ተቀምጦ አየ፤ በራሱ ላይ የነበረው መጠምጠሚያም ሳይቃወስ ለብቻው ተጠቅልሎ አየ፤ ከበፍታዉ ጋርም አልነበረም።
0d1f54e6-31b5-5dc8-a916-5f7b462cbf61,4e599f6a-7739-5e93-ac64-a8ad7024c165,9b8822de-3636-5f15-a67b-a139f652524c,8,8,ከዚህም በኋላ አስቀድሞ ወደ መቃብሩ የደረሰው ሌላዉ ደቀ መዝሙር ገባ፤ አይቶም አመነ፤
5f53aa29-9b92-567a-a9c1-f9b9cfea66fc,4e599f6a-7739-5e93-ac64-a8ad7024c165,9b8822de-3636-5f15-a67b-a139f652524c,9,9,ከሙታን ተለይቶ ይነሣ ዘንድ እንደ አለው በመጻሕፍት የተጻፈውን ገና አላወቁም ነበርና።
4f2bb72f-2255-5292-a4ec-4faf1991b754,4e599f6a-7739-5e93-ac64-a8ad7024c165,9b8822de-3636-5f15-a67b-a139f652524c,10,10,ከዚህም በኋላ ደቀ መዛሙርቱ ተመልሰው ወደ ቤታቸው ገቡ።
5d819fa2-5976-5160-a0fa-39b637ca16b3,4e599f6a-7739-5e93-ac64-a8ad7024c165,2ac9f4a9-ea4f-5f6d-acb1-975e0fa0af9d,1,11,ማርያም ግን ከመቃብሩ በስተውጭ እያለቀሰች ቆማ ነበረ፤ እያለቀሰችም ወደ መቃብሩ ጐንበስ ብላ ተመለከተች።
a1a5fc2d-ac1f-5669-a60d-ec52f1f2ba96,4e599f6a-7739-5e93-ac64-a8ad7024c165,2ac9f4a9-ea4f-5f6d-acb1-975e0fa0af9d,2,12,ሁለት መላእክትንም ነጭ ልብስ ለብሰው የጌታችን የኢየሱስ ሥጋ በነበረበት ቦታ አንዱ በራስጌ፥ አንዱም በግርጌ ተቀምጠው አየች።
b18c038f-e709-59ca-a7c0-8d4c301c3902,4e599f6a-7739-5e93-ac64-a8ad7024c165,2ac9f4a9-ea4f-5f6d-acb1-975e0fa0af9d,3,13,እነዚያ መላእክትም፥ “አንቺ ሴት፥ ምን ያስለቅስሻል?” አሉአት፤ እርስዋም፥ “ጌታዬን ከመቃብር ውስጥ ወስደውታል፤ ወዴትም እንደ ወሰዱት አላውቅም” አለቻቸው።
022de6b7-2910-5b94-a346-b338122ec6bb,4e599f6a-7739-5e93-ac64-a8ad7024c165,2ac9f4a9-ea4f-5f6d-acb1-975e0fa0af9d,4,14,ይህንም ተናግራ ወደ ኋላዋ መለስ ስትል ጌታችን ኢየሱስን ቆሞ አየችው፤ ጌታችን ኢየሱስም እንደ ሆነ አላወቀችም።
edfa70aa-fa04-5ba9-a634-6fa6f58d1a28,4e599f6a-7739-5e93-ac64-a8ad7024c165,2ac9f4a9-ea4f-5f6d-acb1-975e0fa0af9d,5,15,ጌታችን ኢየሱስም፥ “አንቺ ሴት፥ ምን ያስለቅስሻል? ማንንስ ትሺያለሽ?” አላት፤ እርስዋ ግን የአትክልት ቦታ ጠባቂ መስሎአት፥ “ጌታዬ፥ አንተ ወስደኸው እንደ ሆነ ሄጄ ወደ እኔ እንዳመጣውና ሽቱ እንድቀባው ወዴት እንደ አኖርኸው ንገረኝ” አለችው።
a1ee99cd-06a4-5c05-ada1-b53c9fb5abdf,4e599f6a-7739-5e93-ac64-a8ad7024c165,2ac9f4a9-ea4f-5f6d-acb1-975e0fa0af9d,6,16,ጌታችን ኢየሱስም፥ “ማርያም!” አላት፤ እርስዋም መለስ ብላ በዕብራይስጥ ቋንቋ፥ “ረቡኒ!” አለችው፤ ትርጓሜዉም “መምህር” ማለት ነው።
c0c41e7f-1b62-5ab7-a2c1-526268d0e469,4e599f6a-7739-5e93-ac64-a8ad7024c165,2ac9f4a9-ea4f-5f6d-acb1-975e0fa0af9d,7,17,ጌታችን ኢየሱስም፥ “አትንኪኝ፤ ገና ወደ አባቴ አላረግሁምና፤ ነገር ግን ወደ ወንድሞች ሂጂና፦ ወደ አባቴ፥ ወደ አባታችሁ ወደ አምላኬ፥ ወደ አምላካችሁም አርጋለሁ አለ ብለሽ ንገሪአቸው” አላት።
20ed3aef-cee9-5905-a2c0-2153a98a9232,4e599f6a-7739-5e93-ac64-a8ad7024c165,2ac9f4a9-ea4f-5f6d-acb1-975e0fa0af9d,8,18,ማርያም መግደላዊትም ሄደች፤ ጌታን እንደ አየች፥ ይህንም እንዳላት ለደቀ መዛሙርቱ ነገረቻቸው።
3bffcee7-ec23-54b6-a54b-c9038b362343,4e599f6a-7739-5e93-ac64-a8ad7024c165,34733372-7a0f-5608-a581-0e36aac0cb2a,1,19,ያም ከሳምንቱ የመጀመሪያው ቀን በመሸ ጊዜ ደቀ መዛሙርቱ አይሁድን ስለ ፈሩ ተሰብስበው የነበሩበት ቤት ደጁ ተቈልፎ ሳለ ጌታችን ኢየሱስ መጥቶ በመካከላቸው ቆመና፥ “ሰላም ለእናንተ ይሁን” አላቸው።
add46b71-0a3d-5c3d-afff-e8a9c524e0f5,4e599f6a-7739-5e93-ac64-a8ad7024c165,34733372-7a0f-5608-a581-0e36aac0cb2a,2,20,ይህንም ብሎ እጆቹንና ጎኑን አሳያቸው፤ ደቀ መዛሙርቱም ጌታችንን ባዩት ጊዜ ደስ አላቸው።
eda9841e-e17b-5680-af3f-d7fb5af3d7bd,4e599f6a-7739-5e93-ac64-a8ad7024c165,34733372-7a0f-5608-a581-0e36aac0cb2a,3,21,ጌታችን ኢየሱስም ዳግመኛ እንዲህ አላቸው፥ “ሰላም ለእናንተ ይሁን፤ አብ እኔን እንደ ላከኝ እንዲሁ እኔ እናንተን እልካችኋለሁ።”
f593deeb-29c5-5a31-a0c3-f3ba49b10544,4e599f6a-7739-5e93-ac64-a8ad7024c165,34733372-7a0f-5608-a581-0e36aac0cb2a,4,22,ይህንም ብሎ እፍ አለባቸው፤ እንዲህም አላቸው፥ “መንፈስ ቅዱስን ተቀበሉ።
fc210dfe-57b5-5586-ae48-784abb0e2cc5,4e599f6a-7739-5e93-ac64-a8ad7024c165,34733372-7a0f-5608-a581-0e36aac0cb2a,5,23,ኀጢኣታቸውን ይቅር ያላችሁላቸው ይሰረይላቸዋል፤ ይቅር ያላላችኋቸው ግን አይሰረይላቸውም።”
4a7e82a6-7374-5566-a19e-80e7e87d7c48,4e599f6a-7739-5e93-ac64-a8ad7024c165,b8ea8d9f-84d6-58e3-ab67-f6437cd47b84,1,24,ጌታችን ኢየሱስ በመጣ ጊዜ ዲዲሞስ የሚሉት ከዐሥራ ሁለቱ ደቀ መዛሙርት አንዱ ቶማስ ከደቀ መዛሙርቱ ጋር አልነበረም።
bb569f35-617a-5f1b-a1b3-043f73eb1385,4e599f6a-7739-5e93-ac64-a8ad7024c165,b8ea8d9f-84d6-58e3-ab67-f6437cd47b84,2,25,ሌሎች ደቀ መዛሙርትም፥ “ጌታችንን አየነው” አሉት፤ እርሱ ግን፥ “የችንካሩን ምልክት በእጁ ካላየሁ፥ ጣቴንም ወደ ተቸነከረበት ካልጨመርሁ፥ እጄንም ወደ ጎኑ ካላገባሁ አላምንም” አላቸው።
cbf38c51-ec27-5ddc-a59c-ab77c7e24948,4e599f6a-7739-5e93-ac64-a8ad7024c165,b8ea8d9f-84d6-58e3-ab67-f6437cd47b84,3,26,ከስምንት ቀን በኋላም ዳግመኛ ደቀ መዛሙርቱ በውስጡ ሳሉ፥ ቶማስም አብሮአቸው ሳለ በሩ እንደ ተዘጋ ጌታችን ኢየሱስ መጣ፤ በመካከላቸውም ቆመና፥ “ሰላም ለእናንተ ይሁን” አላቸው።
b7ec6413-d0db-5345-a985-3094318014fa,4e599f6a-7739-5e93-ac64-a8ad7024c165,b8ea8d9f-84d6-58e3-ab67-f6437cd47b84,4,27,ከዚህም በኋላ ቶማስን፥ “ጣትህን ወዲህ አምጣና እጆችን እይ፤ እጅህንም አምጣና ወደ ጎኔ አግባ፤ እመን እንጂ ተጠራጣሪ አትሁን” አለው።
b69ebbec-6473-5538-a3b9-ae4086ae46a3,4e599f6a-7739-5e93-ac64-a8ad7024c165,b8ea8d9f-84d6-58e3-ab67-f6437cd47b84,5,28,ቶማስም፥ “ጌታዬ አምላኬም” ብሎ መለሰ።
94f9b051-804d-59eb-afa6-e1ad5c36b018,4e599f6a-7739-5e93-ac64-a8ad7024c165,b8ea8d9f-84d6-58e3-ab67-f6437cd47b84,6,29,ጌታችን ኢየሱስም፥ “ስለ አየኸኝ አመንህን? ብፁዓንስ ሳያዩ የሚያምኑ ናቸው” አለው።
dac35412-b679-5f67-ae6d-bea70e8ff769,4e599f6a-7739-5e93-ac64-a8ad7024c165,b8ea8d9f-84d6-58e3-ab67-f6437cd47b84,7,30,ጌታችን ኢየሱስም በዚህ መጽሐፍ ያልተጻፈ ብዙ ሌላ ተአምራት በደቀ መዛሙርቱ ፊት አደረገ።
43f74d39-9ba8-59af-abb8-ff8105e9f57e,4e599f6a-7739-5e93-ac64-a8ad7024c165,b8ea8d9f-84d6-58e3-ab67-f6437cd47b84,8,31,ነገር ግን ይህ የተጻፈ ኢየሱስ እርሱ ክርስቶስ የእግዚአብሔር ልጅ እንደ ሆነ እናንተ ታምኑ ዘንድ፥ አምናችሁም በስሙ የዘለዓለም ሕይወትን ታገኙ ዘንድ ነው።
9d28118c-3358-51ed-a6fa-bd47dfe649d7,1fae078d-294a-5810-a571-123f59ee9ba2,2a353018-6671-5110-a0b6-8ad66f7c7dad,1,1,ከዚህም በኋላ ጌታችን ኢየሱስ በጥብርያዶስ ባሕር አጠገብ ለደቀ መዛሙርቱ እንደገና ተገለጠላቸው፤ እንዲህም ተገለጠላቸው።
db0b478c-af0d-5370-a676-3f6e89bd0238,1fae078d-294a-5810-a571-123f59ee9ba2,2a353018-6671-5110-a0b6-8ad66f7c7dad,2,2,ስምዖን ጴጥሮስ፥ ዲዲሞስ የሚሉት ቶማስ፥ ከገሊላ ቃና የሆነው ናትናኤል፥ የዘብዴዎስ ልጆችና ሌሎችም ከደቀ መዛሙርቱ ሁለት አብረው ነበሩ።
0241c8e0-d92a-577e-ad31-89b6fc710415,1fae078d-294a-5810-a571-123f59ee9ba2,2a353018-6671-5110-a0b6-8ad66f7c7dad,3,3,ስምዖን ጴጥሮስ፥ “እኔ ዓሣ ላጠምድ እሄዳለሁ” አላቸው፤ እነርሱም፥ “እኛም አብረንህ እንመጣለን” አሉት፤ ሄደውም ወደ ታንኳ ገቡ፤ ግን በዚያች ሌሊት የያዙት ምንም የለም።
548ded9a-b9bb-5da2-a6d1-0d73b28711fc,1fae078d-294a-5810-a571-123f59ee9ba2,2a353018-6671-5110-a0b6-8ad66f7c7dad,4,4,በነጋ ጊዜም ጌታችን ኢየሱስ በባሕሩ ዳር ቆሞ ነበር፤ ደቀ መዛሙርቱም አዩት፤ ግን ጌታችን ኢየሱስ እንደ ሆነ አላወቁም።
8c0abdd9-3a8a-5a4b-adbf-ac1a11013d1e,1fae078d-294a-5810-a571-123f59ee9ba2,2a353018-6671-5110-a0b6-8ad66f7c7dad,5,5,ጌታችን ኢየሱስም፥ “ልጆች ሆይ አንዳች የሚበላ ነገር አላችሁን?” አላቸው፤ እነርሱም፥ “የለም” አሉት።
7a6b3956-9e25-5006-a083-361b984333c8,1fae078d-294a-5810-a571-123f59ee9ba2,2a353018-6671-5110-a0b6-8ad66f7c7dad,6,6,ጌታችን ኢየሱስም፥ “መረባችሁን በታንኳዪቱ በስተቀኝ በኩል ጣሉ፤ ታገኛላችሁም” አላቸው፤ መረባቸውንም በጣሉ ጊዜ ከተያዘው ዓሣ ብዛት የተነሣ ስቦ ማውጣት ተሳናቸው።
31ca8332-ebb8-5c6d-a2a5-bd27b02b1626,1fae078d-294a-5810-a571-123f59ee9ba2,2a353018-6671-5110-a0b6-8ad66f7c7dad,7,7,ጌታችን ኢየሱስ ይወደው የነበረ ያ ደቀ መዝሙርም ለጴጥሮስ፥ “ጌታችን ነው እኮ” አለው፤ ስምዖን ጴጥሮስም ጌታችን እንደ ሆነ በሰማ ጊዜ የሚለብሰውን ልብስ አንሥቶ በወገቡ ታጠቀ፤ ራቁቱን ነበርና ወደ ባሕር ተወረወረ።
f3c990eb-a199-5158-add0-1beadf77b5bc,1fae078d-294a-5810-a571-123f59ee9ba2,2a353018-6671-5110-a0b6-8ad66f7c7dad,8,8,ሌሎች ደቀ መዛሙርት ግን በታንኳ መጡ፤ ከሁለት መቶ ክንድ ያህል በቀር ከምድር አልራቁም ነበርና፤ ዓሣ የመላባቸውን መረቦቻቸውንም እየሳቡ ሄዱ።
552c3474-59e5-5c38-ab42-cccbb4e0c521,1fae078d-294a-5810-a571-123f59ee9ba2,2a353018-6671-5110-a0b6-8ad66f7c7dad,9,9,ወደ ምድርም በወረዱ ጊዜ ፍሙ መርቶ፥ ዓሣም በላዩ ሆኖ፥ እንጀራም ተሠርቶ አገኙ።
4ae219b1-2128-5df3-ab7a-1b98690ef1cc,1fae078d-294a-5810-a571-123f59ee9ba2,2a353018-6671-5110-a0b6-8ad66f7c7dad,10,10,ጌታችን ኢየሱስም፥ “አሁን ከያዛችኋቸው ዓሣዎች አምጡ” አላቸው።
70f31fc8-c00a-53b1-a416-f4c28b837ebf,1fae078d-294a-5810-a571-123f59ee9ba2,2a353018-6671-5110-a0b6-8ad66f7c7dad,11,11,ስምዖን ጴጥሮስም ወደ ታንኳ ገብቶ መቶ አምሳ ሦስት ታላላቅ ዓሣዎችን መልቶ የነበረውን መረብ ወደ ምድር ሳበ፤ ብዛቱም ይህን ያህል ሲሆን መረቡ አልተቀደደም።
b72fd849-edce-55b2-acdf-fbbc4bc00f36,1fae078d-294a-5810-a571-123f59ee9ba2,2a353018-6671-5110-a0b6-8ad66f7c7dad,12,12,ጌታችን ኢየሱስም፥ “ኑ፥ ምሳ ብሉ” አላቸው፤ ከደቀ መዛሙርቱም አንተ ማነህ? ብሎ ሊጠይቀው የደፈረ የለም፤ ጌታችን እንደ ሆነ ዐውቀዋልና።
c992775d-d981-5439-a26c-0125c82c494e,1fae078d-294a-5810-a571-123f59ee9ba2,2a353018-6671-5110-a0b6-8ad66f7c7dad,13,13,ጌታችን ኢየሱስም መጣና ኅብስቱን አንሥቶ ሰጣቸው፤ ከዓሣውም እንዲሁ።
30aa416c-bdec-58ff-a036-261d667b5535,1fae078d-294a-5810-a571-123f59ee9ba2,2a353018-6671-5110-a0b6-8ad66f7c7dad,14,14,ጌታችን ኢየሱስም ከሙታን ተለይቶ ከተነሣ በኋላ ለደቀ መዛሙርቱ ሲገለጥላቸው ይህ ሦስተኛ ጊዜዉ ነበር።
ea8280c0-4e2b-53f4-aefb-78ab311f8629,1fae078d-294a-5810-a571-123f59ee9ba2,cdbea5c4-23af-534a-abde-b63762909e64,1,15,ምሳም ከበሉ በኋላ ጌታችን ኢየሱስ፦ ስምዖን ጴጥሮስን፥ “የዮና ልጅ ስምዖን ሆይ፥ ከእነዚህ ይልቅ ትወደኛለህን?” አለው፤ እርሱም፥ “አዎን፥ ጌታዬ ሆይ፥ እኔ እንደምወድህ አንተ ታውቃለህ” አለው፤ ጌታችን ኢየሱስም፥ “በጎችን ጠብቅ” አለው።
24ae82bc-2b34-5c5b-ac3e-53a54f3d3ae8,1fae078d-294a-5810-a571-123f59ee9ba2,cdbea5c4-23af-534a-abde-b63762909e64,2,16,ዳግመኛም፥ “የዮና ልጅ ስምዖን ሆይ፥ ትወደኛለህን?” አለው፤ እርሱም፥ “አዎን፥ ጌታዬ ሆይ፥ እኔ እንደምወድህ አንተ ታውቃለህ” አለው፤ “ጠቦቶችን አሰማራ” አለው።
ec837d2f-ea67-56d5-ac60-a4beb44bae35,1fae078d-294a-5810-a571-123f59ee9ba2,cdbea5c4-23af-534a-abde-b63762909e64,3,17,ሦስተኛ ጊዜም፥ “የዮና ልጅ ስምዖን ሆይ፥ ትወደኛለህን?” አለው፤ ጴጥሮስም ሦስት ጊዜ ትወደኛለህን? ስላለው ተከዘ፤ “ጌታዬ ሆይ፥ አንተ ሁሉን ታውቃለህ፤ እኔም እንደምወድህ አንተ ታውቃለህ” አለው፤ “እንኪያስ ግልገሎችን ጠብቅ” አለው።
c8fb1329-7251-5c4a-a8a7-5c6a9c5acb2f,1fae078d-294a-5810-a571-123f59ee9ba2,cdbea5c4-23af-534a-abde-b63762909e64,4,18,“እውነት እውነት እልሃለሁ፤ አንተ ጐልማሳ ሳለህ በገዛ እጅህ ወገብህን ታጥቀህ ወደ ወደድኸው ትሄድ ነበር፤ በሸመገልህ ጊዜ ግን እጆችህን ትዘረጋለህ፤ ወገብህንም ሌላ ያስታጥቅሃል፤ ወደማትወደውም ይወስድሃል።”
0d71bc83-7a9b-5759-afd9-0688919ed40c,1fae078d-294a-5810-a571-123f59ee9ba2,cdbea5c4-23af-534a-abde-b63762909e64,5,19,በምን ሞት እግዚአብሔርን ያከብር ዘንድ እንዳለው ሲያመለክት ይህን ተናገረ፤ ይህንም ብሎ ተከተለኝ አለው።
fef2391e-121d-55b7-aa1a-772ff9f87f4a,1fae078d-294a-5810-a571-123f59ee9ba2,49e9abd1-535a-54ad-ad59-88d781337037,1,20,ጴጥሮስም መለስ ብሎ ጌታችን ኢየሱስ ይወደው የነበረውን ያን ደቀ መዝሙር ሲከተለው አየ፤ እርሱም ራት ሲበሉ በጌታችን በኢየሱስ አጠገብ የነበረውና “ጌታ ሆይ፥ አሳልፎ የሚሰጥህ ማነው?” ያለው ነው።
07fd7302-2ad4-5597-a2d3-c7ba4a452ccf,1fae078d-294a-5810-a571-123f59ee9ba2,49e9abd1-535a-54ad-ad59-88d781337037,2,21,ጴጥሮስም እርሱን አይቶ፥ “ጌታ ሆይ፥ ይህስ እንዴት ይሆናል?” አለው።
9e16bf60-7f07-5c28-aa60-9cd844044209,1fae078d-294a-5810-a571-123f59ee9ba2,49e9abd1-535a-54ad-ad59-88d781337037,3,22,ጌታችን ኢየሱስም፥ “እስክመጣ ይኖር ዘንድ ብወድድስ አንተን ምን አግዶህ፤ አንተ ግን ተከተለኝ” አለው።
edf00986-5789-5e3f-a836-068120f5273f,1fae078d-294a-5810-a571-123f59ee9ba2,49e9abd1-535a-54ad-ad59-88d781337037,4,23,ያም ደቀ መዝሙር እንደማይሞት ይህ ነገር በወንድሞች ዘንድ ተነገረ፤ ጌታችን ኢየሱስ ግን፥ “እስክመጣ ድረስ ይኖር ዘንድ ብወድድስ አንተን ምን አግዶህ” አለ እንጂ አይሞትም አላለውም።
4dd49f02-9acf-5523-aef1-2667934ccb69,1fae078d-294a-5810-a571-123f59ee9ba2,49e9abd1-535a-54ad-ad59-88d781337037,5,24,ስለዚህ ነገር ምስክር የሆነ፥ ስለ እርሱም ይህን የጻፈ ይህ ደቀ መዝሙር ነው፤ ምስክርነቱም እውነት እንደ ሆነ እኛ እናውቃለን።
b6597b9f-6952-5fa0-a0da-75be102fa91b,1fae078d-294a-5810-a571-123f59ee9ba2,49e9abd1-535a-54ad-ad59-88d781337037,6,25,ጌታችን ኢየሱስ የሠራቸው ሌሎች ብዙ ሥራዎች አሉ፤ ሁሉ እያንዳንዱ ቢጻፍ ግን የተጻፉትን መጻሕፍት ዓለም ስንኳን ባልቻላቸውም ነበር።
a287a375-ab00-560a-a313-b83ee2492250,4b6b64e6-d5ab-5bf7-a79b-3f68583d63ea,7bc83076-2afc-5526-aa4f-af013bd5f96d,1,1,ቴዎፍሎስ ሆይ፥ ጌታችን ኢየሱስ ክርስቶስ ሊያደርገውና ሊያስተምረው የጀመረውን ሥራ ሁሉ አስቀድሜ በመጽሐፍ ጽፌልሃለሁ።
26c78cde-a546-5506-a84a-c4165631cdc2,4b6b64e6-d5ab-5bf7-a79b-3f68583d63ea,7bc83076-2afc-5526-aa4f-af013bd5f96d,2,2,በመንፈስ ቅዱስ የመረጣቸው ሐዋርያትን አዝዞ እስከ ዐረገባት ቀን ድረስ ያለውን ጽፌልሃለሁ።
2ed64069-588b-5208-a3d4-5ee5f41d3e41,4b6b64e6-d5ab-5bf7-a79b-3f68583d63ea,7bc83076-2afc-5526-aa4f-af013bd5f96d,3,3,ሕማማትን ከተቀበለ በኋላ ብዙ ተአምራት በማሳየት አርባ ቀን ሙሉ እየተገለጠላቸው፥ ስለ እግዚአብሔር መንግሥትም እየነገራቸውና እያስተማራቸው ሕያው ሆኖ ራሱንገለጠላቸው።
c7470a0e-febc-5c6c-a063-96bca7d4b104,4b6b64e6-d5ab-5bf7-a79b-3f68583d63ea,1d2f5c8b-b018-54a9-a033-ee779fa0c1cb,1,4,ከእነርሱም ጋር አብሮ ሳለ፥ “ከእኔ የሰማችሁትን የአብን ተስፋ ጠብቁ” ብሎ ከኢየሩሳሌም እንዳይወጡ አዘዛቸው።
d4e4a646-77a2-551e-a9d6-0ab2abf5f601,4b6b64e6-d5ab-5bf7-a79b-3f68583d63ea,1d2f5c8b-b018-54a9-a033-ee779fa0c1cb,2,5,“ዮሐንስ በውኃ አጠመቀ፤ እናንተ ግን እስከ ቅርብ ቀን ድረስ በመንፈስ ቅዱስ ትጠመቃላችሁ” አላቸው።
ea06373a-9744-5dd1-a6b6-4f634692d575,4b6b64e6-d5ab-5bf7-a79b-3f68583d63ea,1d2f5c8b-b018-54a9-a033-ee779fa0c1cb,3,6,እነርሱም ተሰብስበው ሳሉ፥ “ጌታ ሆይ፥ በዚህ ወራት ለእስራኤል ልጆች መንግሥትን ትመልሳለህን?” ብለው ጠየቁት።
0732fdec-9e24-520f-a14a-ba2a763d4e81,4b6b64e6-d5ab-5bf7-a79b-3f68583d63ea,1d2f5c8b-b018-54a9-a033-ee779fa0c1cb,4,7,እርሱም መልሶ እንዲህ አላቸው፥ “አብ በገዛ ሥልጣኑ የወሰነውን ቀኑንና ዘመኑን ልታውቁ አልተፈቀደላችሁም።
d64f6b40-5dee-5aed-a4e0-3484d5bd41cf,4b6b64e6-d5ab-5bf7-a79b-3f68583d63ea,1d2f5c8b-b018-54a9-a033-ee779fa0c1cb,5,8,ነገር ግን መንፈስ ቅዱስ በእናንተ ላይ በወረደ ጊዜ ኀይልን ትቀበላላችሁ፤ በኢየሩሳሌምና በይሁዳ ሁሉ፥ በሰማርያና እስከ ምድር ዳርቻ ድረስም ምስክሮች ትሆኑኛላችሁ።”
6ba379bd-ec4e-5813-a68b-355d357442bd,4b6b64e6-d5ab-5bf7-a79b-3f68583d63ea,39aa413f-ceb8-563a-a1c2-efb72919fe3e,1,9,ይህንም እየነገራቸው ከፍ ከፍ አለ፤ ደመናም ተቀበለችው፤ እነርሱም ወደ እርሱ እያዩ ወደ ሰማይ ዐረገ፤ ከዐይናቸውም ተሰወረ።
47cc0859-2c13-56e1-afb8-6d2f0466a7e5,4b6b64e6-d5ab-5bf7-a79b-3f68583d63ea,39aa413f-ceb8-563a-a1c2-efb72919fe3e,2,10,እነርሱም ወደ ሰማይ አተኵረው ሲመለከቱ እነሆ፥ ሁለት ሰዎች ነጫጭ ልብስ ለብሰው በአጠገባቸው ቆመው ታዩአቸው።
c537e0da-72e1-514c-a8ed-f4deacae2f6f,4b6b64e6-d5ab-5bf7-a79b-3f68583d63ea,39aa413f-ceb8-563a-a1c2-efb72919fe3e,3,11,እነርሱም፥ “እናንተ የገሊላ ሰዎች ሆይ፥ ወደ ሰማይ እየአያችሁ ለምን ቆማችኋል? ይህ ከእናንተ ወደ ሰማይ ያረገው ኢየሱስ፥ ከእናንተ ወደ ሰማይ ሲያርግ እንዳያችሁት እንዲሁ ዳግመኛ ይመጣል” አሏቸው።
6ba8a6ff-e404-512c-ad52-42d63d199ec2,4b6b64e6-d5ab-5bf7-a79b-3f68583d63ea,39aa413f-ceb8-563a-a1c2-efb72919fe3e,4,12,ከዚህም በኋላ ደብረ ዘይት ከሚባለው ተራራ ወደ ኢየሩሳሌም ተመለሱ፤ እርሱም ለኢየሩሳሌም የሰንበት መንገድ ያህል የራቀ ነው።
344de4ef-1eb7-54c3-ad8c-c8610fe3d26b,4b6b64e6-d5ab-5bf7-a79b-3f68583d63ea,39aa413f-ceb8-563a-a1c2-efb72919fe3e,5,13,ወደ ማደሪያቸውም በደረሱ ጊዜ ጴጥሮስ፥ ዮሐንስ፥ ያዕቆብ፥ እንድርያስ፥ ፊልጶስ፥ ቶማስ፥ ማቴዎስ፥ በርተሎሜዎስ፥ የእልፍዮስ ልጅ ያዕቆብ፥ ቀናተኛው ስምዖን፥ የያዕቆብ ልጅ ይሁዳም ወደሚኖሩበት ሰገነት ወጡ።
94145025-a159-5596-afb9-cd5ebe9e6771,4b6b64e6-d5ab-5bf7-a79b-3f68583d63ea,39aa413f-ceb8-563a-a1c2-efb72919fe3e,6,14,እነዚህ ሁሉ ከሴቶችና ከጌታችን ከኢየሱስ እናት ከማርያም፥ ከወንድሞቹም ጋር በአንድነት ለጸሎት ይተጉ ነበር።
18f53bf9-c50f-5702-a18c-e81d801fae50,4b6b64e6-d5ab-5bf7-a79b-3f68583d63ea,1ffdc8c3-034c-57ef-ae5c-e2901197fc58,1,15,ያንጊዜም ጴጥሮስ ተነሣና በወንድሞቹ መካከል ቆመ፤ መቶ ሃያ ያህል ሰዎችም በዚያ ሳሉ እንዲህ አላቸው።
8d6ed701-aa53-5568-a072-7c0d119029bd,4b6b64e6-d5ab-5bf7-a79b-3f68583d63ea,1ffdc8c3-034c-57ef-ae5c-e2901197fc58,2,16,“እናንተ ሰዎች ወንድሞቻችን ሆይ፥ ስሙ፤ ጌታችን ኢየሱስን ለያዙት መሪ ስለ ሆናቸው ስለ ይሁዳ መንፈስ ቅዱስ አስቀድሞ በዳዊት አፍ የተናገረው የመጽሐፍ ቃል ይፈጸም ዘንድ ይገባል።
6eec13c8-b9c7-5553-a5cf-e52bea6b8003,4b6b64e6-d5ab-5bf7-a79b-3f68583d63ea,1ffdc8c3-034c-57ef-ae5c-e2901197fc58,3,17,እርሱም ከእኛ ጋር ተቈጥሮ ነበር፤ ለዚህም አገልግሎት ታድሎ ነበር።
fa786dce-a700-55a5-a270-7b24a1ebcf43,4b6b64e6-d5ab-5bf7-a79b-3f68583d63ea,1ffdc8c3-034c-57ef-ae5c-e2901197fc58,4,18,ከዚህም በኋላ ይህ ሰው በዐመፅ ዋጋዉ መሬት ገዛ፤ በምድር ላይም በግንባሩ ወደቀና ከመካከሉ ተሰነጠቀ፤ አንጀቱም ሁሉ ተዘረገፈ።
780992b1-9974-5d7f-a855-38a94780b82e,4b6b64e6-d5ab-5bf7-a79b-3f68583d63ea,1ffdc8c3-034c-57ef-ae5c-e2901197fc58,5,19,በኢየሩሳሌምም በሚኖሩት ሁሉ ዜናዉ ተሰማ፤ ያም መሬት በቋንቋቸው አኬልዳማ ተብሎ ተጠራ፤ ይኸውም የደም መሬት ማለት ነው።
87ff8309-e5f5-5ac6-aa28-329e03f99a21,4b6b64e6-d5ab-5bf7-a79b-3f68583d63ea,1ffdc8c3-034c-57ef-ae5c-e2901197fc58,6,20,በመዝሙር መጽሐፍ ‘መኖሪያዉ ምድረ በዳ ትሁን፤ በውስጧም የሚኖር አይኑር፤ ሹመቱንም ሌላ ይውሰድ’ ተብሎ ተጽፎአልና።
864fbcb6-0cc5-56e3-ae17-6cfc656fcc51,4b6b64e6-d5ab-5bf7-a79b-3f68583d63ea,1ffdc8c3-034c-57ef-ae5c-e2901197fc58,7,21,እንግዲህ ከዮሐንስ ጥምቀት ጀምሮ ከእኛ ዘንድ እስካረገበት ቀን ድረስ፥
00d0521f-ed59-5d75-a7d4-c89542051bfc,4b6b64e6-d5ab-5bf7-a79b-3f68583d63ea,1ffdc8c3-034c-57ef-ae5c-e2901197fc58,8,22,ጌታችን ኢየሱስ ክርስቶስ በእኛ መካከል በገባበትና በወጣበት ዘመን ሁሉ ከእኛ ጋር አብረው ከነበሩት ከእነዚህ ሰዎች አንዱ ከእኛ ጋር የትንሣኤዉ ምስክር ይሆን ዘንድ ይገባል።”
a9b792c9-b7c5-5fe9-a54f-66ac2e3f8b2b,4b6b64e6-d5ab-5bf7-a79b-3f68583d63ea,1ffdc8c3-034c-57ef-ae5c-e2901197fc58,9,23,ኢዮስጦስ የሚሉትን በርናባስ የተባለውን ዮሴፍንና ማትያስን ሁለቱን ሰዎች አቆሙ።
72473321-c06e-56f2-ad72-e0ef0b226e40,4b6b64e6-d5ab-5bf7-a79b-3f68583d63ea,1ffdc8c3-034c-57ef-ae5c-e2901197fc58,10,24,እንዲህም ብለው ጸለዩ፥ “አቤቱ፥ ልብን ሁሉ የምታውቅ አንተ፥ ከእነዚህ ከሁለቱ የመረጥኸውን አንዱን ግለጥ።
64e5886a-1c18-5c3a-a90f-b8bd75549b5a,4b6b64e6-d5ab-5bf7-a79b-3f68583d63ea,1ffdc8c3-034c-57ef-ae5c-e2901197fc58,11,25,ይሁዳ ወደ ሀገሩ ይሄድ ዘንድ የተዋትን ይህቺን የአገልግሎትና የሐዋርያነትን ቦታ የሚቀበላትን ግለጥ።”
0c000541-a5b5-5c32-ae48-f36e1d01ee96,4b6b64e6-d5ab-5bf7-a79b-3f68583d63ea,1ffdc8c3-034c-57ef-ae5c-e2901197fc58,12,26,ዕጣም አጣጣሏቸው፤ ዕጣዉም በማትያስ ላይ ወጣ፤ ከዐሥራ አንዱ ሐዋርያት ጋራም ተቈጠረ።
e7ca72b6-2df7-527b-aa48-cc8e8b4b2a41,45d61b37-a607-5cb0-af7f-de6486f92eb0,a0f296c8-7146-510e-a99c-42ff168c02ed,1,1,ኀምሳው ቀንም በተፈጸመ ጊዜ፥ ሁሉም በአንድነት በአንድ ቦታ ተሰብስበው ነበር።
4e69ea7d-d176-575f-a212-ea700da095fd,45d61b37-a607-5cb0-af7f-de6486f92eb0,a0f296c8-7146-510e-a99c-42ff168c02ed,2,2,ድንገትም እንደ ዐውሎ ነፋስ ድምፅ ያለ ከሰማይ ድምፅ መጣ፤ የነበሩበትንም ቤት ሞላው።
a1a4d6ea-9b11-50f5-adca-9fc4480df2b2,45d61b37-a607-5cb0-af7f-de6486f92eb0,a0f296c8-7146-510e-a99c-42ff168c02ed,3,3,እንደ እሳት የተከፋፈሉ የእሳት ላንቃዎችም ታዩአቸው፤ በሁሉም ላይ ተቀመጡባቸው።
ad0a835c-641d-5bfb-a222-d29ac5a0a9fd,45d61b37-a607-5cb0-af7f-de6486f92eb0,a0f296c8-7146-510e-a99c-42ff168c02ed,4,4,ሁሉም መንፈስ ቅዱስን ተሞሉ፤ ይናገሩ ዘንድ መንፈስ ቅዱስ እንደ አደላቸው መጠንም እየራሳቸው በሀገሩ ሁሉ ቋንቋ ይናገሩ ጀመሩ።
ef7ecc72-559b-5cc2-a24d-db6761691692,45d61b37-a607-5cb0-af7f-de6486f92eb0,a0f296c8-7146-510e-a99c-42ff168c02ed,5,5,ከሰማይ በታች ካሉ አሕዛብ ሁሉ በኢየሩሳሌም የሚኖሩ ደጋግ የአይሁድ ሰዎች ነበሩ።
ce2fec68-ec52-5fae-a3f4-6df7ed636ba7,45d61b37-a607-5cb0-af7f-de6486f92eb0,a0f296c8-7146-510e-a99c-42ff168c02ed,6,6,ይህንም ቃል ሲናገሩ ሰምተው ሁሉም ደንግጠው ተሰበሰቡ፤ ሁሉም በየሀገራቸው ቋንቋ ሲናገሩ ሰምተዋቸዋልና የሚሉትን አጡ።
362df6f2-7fb4-5b22-a7f5-afefe73b08d1,45d61b37-a607-5cb0-af7f-de6486f92eb0,a0f296c8-7146-510e-a99c-42ff168c02ed,7,7,ተገረሙ፤ አደነቁም፥ እንዲህም አሉ፥ “እነዚህ የሚናገሩት ሁሉ የገሊላ ሰዎች አይደሉምን?
3886aed0-db7a-5e18-a8e0-2496eaf45f94,45d61b37-a607-5cb0-af7f-de6486f92eb0,a0f296c8-7146-510e-a99c-42ff168c02ed,8,8,እንግዲህ በየሀገራችን ቋንቋ ሲናገሩ እንዴት እንሰማቸዋለን?
58928949-b64e-50da-aa3e-fe06e32822ea,45d61b37-a607-5cb0-af7f-de6486f92eb0,a0f296c8-7146-510e-a99c-42ff168c02ed,9,9,እኛ በተወለድንበት በጳርቴ፥ በሜድ፥ በኢላሜጤ፥ በሁለቱ ወንዞች መካከል፥ በይሁዳ፥ በቀጰዶቅያ፥ በጳንጦስና በእስያ፥
c2fc8c17-ac87-54f1-a4f4-0916e4210697,45d61b37-a607-5cb0-af7f-de6486f92eb0,a0f296c8-7146-510e-a99c-42ff168c02ed,10,10,በፍርግያ፥ በጵንፍልያ፥ በግብፅ፥ በሊብያ አውራጃ፥ በቀርኔን የምንኖር፥ ከሮሜም የመጣን አይሁድ፥ መጻተኞችም፥
1ab60121-70a5-54c6-aba8-21f50cebc76a,45d61b37-a607-5cb0-af7f-de6486f92eb0,a0f296c8-7146-510e-a99c-42ff168c02ed,11,11,ከቀርጤስና ከዐረብም የመጣን፥ እነሆ፥ የእግዚአብሔርን ጌትነት በየሀገራችን ቋንቋ ሲናገሩ እንሰማቸዋለን።”
da698735-6650-519f-ad97-93ef1f15ad91,45d61b37-a607-5cb0-af7f-de6486f92eb0,a0f296c8-7146-510e-a99c-42ff168c02ed,12,12,ሁሉም ተገረሙ፤ የሚሉትንም አጡ፥ እርስ በርሳቸውም፥ “እንጃ! ይህ ነገር ምን ይሆን?” ተባባሉ።
d6b4db45-b29f-58de-a7c5-3d64002f850b,45d61b37-a607-5cb0-af7f-de6486f92eb0,a0f296c8-7146-510e-a99c-42ff168c02ed,13,13,እኩሌቶቹ ግን “እነዚህስ ጉሽ ጠጅ ጠግበው ሰክረዋል” ብለው ሳቁባቸው።
91732e53-d9df-5c5d-aa54-5b0feadc5cb2,45d61b37-a607-5cb0-af7f-de6486f92eb0,bf308927-9322-5430-a1c5-108b198af623,1,14,ጴጥሮስም ከዐሥራ አንዱ ጋር ቆሞ ድምፁን ከፍ አድርጎ እንዲህ አለ፥ “እናንተ የአይሁድ ሰዎች፥ በኢየሩሳሌምም የምትኖሩ ሁሉ፥ ይህን ዕወቁ፤ ቃሌንም ስሙ።
916ce3b8-1273-5ba7-a1bd-9de10e7c31ac,45d61b37-a607-5cb0-af7f-de6486f92eb0,bf308927-9322-5430-a1c5-108b198af623,2,15,ለእናንተ እንደ መሰላችሁ እነዚህ የሰከሩ አይደሉም፤ ከቀኑ ገና ሦስተኛ ሰዓት ነውና።
9f3ed9f8-23f6-515a-ac73-bfaaba78c525,45d61b37-a607-5cb0-af7f-de6486f92eb0,bf308927-9322-5430-a1c5-108b198af623,3,16,ነገር ግን ይህ በነቢዩ በኢዩኤል የተባለው ነው።
bf570b3b-31bb-5837-a9af-80678f088712,45d61b37-a607-5cb0-af7f-de6486f92eb0,bf308927-9322-5430-a1c5-108b198af623,4,17,በኋለኛዪቱ ቀን እንዲህ ይሆናል ይላል እግዚአብሔር፦ ሥጋን በለበሰ ሁሉ ላይ ከመንፈሴ አፈስሳለሁ፤ ወንዶች ልጆቻችሁና ሴቶች ልጆቻችሁ ትንቢት ይናገራሉ፤ ጐልማሶቻችሁ ራእይን ያያሉ፤ ሽማግሌዎቻችሁም ሕልምን ያልማሉ።
39abf83c-26c1-5cc1-adb7-cba32f53a746,45d61b37-a607-5cb0-af7f-de6486f92eb0,bf308927-9322-5430-a1c5-108b198af623,5,18,በወንዶችና በሴቶች ባሮች ላይም ያንጊዜ መንፈሴን አፈስሳለሁ፤ ትንቢትም ይናገራሉ።
e338ae39-0a1b-5ac1-ac87-766d022bf66e,45d61b37-a607-5cb0-af7f-de6486f92eb0,bf308927-9322-5430-a1c5-108b198af623,6,19,በላይ በሰማይ ተአምራትን፥ በታች በምድርም ምልክቶችን፥ ደምን እሳትንና ጢስንም እሰጣለሁ።
021fcc11-2251-570e-a7f4-653586d7314e,45d61b37-a607-5cb0-af7f-de6486f92eb0,bf308927-9322-5430-a1c5-108b198af623,7,20,የምትገለጠው ታላቅዋ የእግዚአብሔር ቀን ሳትመጣ ፀሐይ ወደ ጨለማ፥ ጨረቃም ወደ ደም ይለወጣል።
90520449-a410-508b-a811-e14fed4fa034,45d61b37-a607-5cb0-af7f-de6486f92eb0,bf308927-9322-5430-a1c5-108b198af623,8,21,የእግዚአብሔርንም ስም የሚጠራ ሁሉ ይድናል።
7e9c6ab4-92a2-55aa-ad07-6c25eec05ea9,45d61b37-a607-5cb0-af7f-de6486f92eb0,928d7f33-1c07-5c35-a877-157ced3b5464,1,22,“እናንተ የእስራኤል ሰዎች ሆይ፥ ይህን ነገር ስሙ፤ እንደምታውቁት በመካከላችሁ እግዚአብሔር በእጁ ባደረገው በከሃሊነቱ በተአምራቱና በድንቅ ሥራዎቹ እግዚአብሔር የገለጠላችሁን ሰው የናዝሬቱን ኢየሱስን ስሙ።
1a3003d7-d433-5fe2-a149-7a296e7dd97c,45d61b37-a607-5cb0-af7f-de6486f92eb0,928d7f33-1c07-5c35-a877-157ced3b5464,2,23,እርሱንም በተወሰነው በእግዚአብሔር ምክርና በቀደመው ዕውቀቱ እናንተ አሳልፋችሁ በኃጥኣን እጅ ሰጣችሁት፤ ሰቅላችሁም ገደላችሁት።
2ac070c1-ac86-58ea-a146-6c6e7798bef9,45d61b37-a607-5cb0-af7f-de6486f92eb0,928d7f33-1c07-5c35-a877-157ced3b5464,3,24,እግዚአብሔር ግን የሞትን ማሰሪያ ፈቶ ከሙታን ለይቶ አስነሣው፤ ሞት እርሱን ሊይዘው አይችልምና።
da0c308c-c8f3-5492-aeba-696817aa7917,45d61b37-a607-5cb0-af7f-de6486f92eb0,928d7f33-1c07-5c35-a877-157ced3b5464,4,25,ዳዊትም ስለ እርሱ እንዲህ አለ፦ እግዚአብሔርን ሁልጊዜ በፊቴ አየዋለሁ፤ እንዳልታወክ በቀኜ ነውና።
79bfcac3-8602-5995-ac17-bc5235a2fca8,45d61b37-a607-5cb0-af7f-de6486f92eb0,928d7f33-1c07-5c35-a877-157ced3b5464,5,26,ስለዚህ ልቤን ደስ አለው፤ አንደበቴም ሐሤት አደረገ፤ ሥጋዬም ደግሞ በተስፋው አደረ።
c02f0d49-d44c-5a56-a7f2-c78fdf900629,45d61b37-a607-5cb0-af7f-de6486f92eb0,928d7f33-1c07-5c35-a877-157ced3b5464,6,27,ነፍሴን በሲኦል አትተዋትምና፥ ጻድቅህንም ጥፋትን ያይ ዘንድ አትሰጠውምና።
1b1a2197-c152-569f-a0ea-34576a97ee28,45d61b37-a607-5cb0-af7f-de6486f92eb0,928d7f33-1c07-5c35-a877-157ced3b5464,7,28,የሕይወትን መንገድ አሳየኸኝ፤ ከፊትህ ጋራ ደስታን አጠገብኸኝ።
3feb6442-4954-5951-a44e-bdf3342e5b04,45d61b37-a607-5cb0-af7f-de6486f92eb0,928d7f33-1c07-5c35-a877-157ced3b5464,8,29,“እናንተ ወንድሞች ሆይ፥ ስለ አባቶች አለቃ ስለ ዳዊት ነገር እንደ ሞተ እንደ ተቀበረም፥ መቃብሩም እስከ ዛሬ ድረስ በእኛ ዘንድ እንደ አለ ገልጬ እንድነግራችሁ ትፈቅዱልኛላችሁን?
d8b7f491-5cde-5a13-a659-8bc96b084bcc,45d61b37-a607-5cb0-af7f-de6486f92eb0,928d7f33-1c07-5c35-a877-157ced3b5464,9,30,ነቢይ ስለ ነበረ፥ ከአብራኩም የተገኘውን በዙፋኑ እንዲያነግሥለት እግዚአብሔር መሐላን እንደ ማለለት ስለ ዐወቀ፥
26efa1e5-f973-5e91-a89b-9502f2a6db59,45d61b37-a607-5cb0-af7f-de6486f92eb0,928d7f33-1c07-5c35-a877-157ced3b5464,10,31,ክርስቶስ ከሙታን ተለይቶ እንደሚነሣ፥ ሥጋዉም በመቃብር እንደማይቀር፥ ጥፋትንም እንደማያይ አስቀድሞ ዐውቆ ተናገረ።
d8d4ec02-93ff-5e25-af17-c49715569d51,45d61b37-a607-5cb0-af7f-de6486f92eb0,928d7f33-1c07-5c35-a877-157ced3b5464,11,32,እርሱን ኢየሱስን እግዚአብሔር አስነሣው፤ ለዚህም እኛ ሁላችን ምስክሮቹ ነን።
828496f8-e0d2-5342-ac7c-d3e788612a11,45d61b37-a607-5cb0-af7f-de6486f92eb0,928d7f33-1c07-5c35-a877-157ced3b5464,12,33,አሁን ግን በእግዚአብሔር ቀኝ ከፍ ከፍ ብሎና የመንፈስ ቅዱስን ተስፋ ከአብ ገንዘብ አድርጎ ይህን ዛሬ የምታዩትንና የምትሰሙትን አፈሰሰው።
fe062776-9b36-56a1-a045-9bf9b1930b02,45d61b37-a607-5cb0-af7f-de6486f92eb0,928d7f33-1c07-5c35-a877-157ced3b5464,13,34,ዳዊት ወደ ሰማይ አልወጣም፥ ነገር ግን እርሱ አለ፦ ጌታ ጌታዬን አለው፦ በቀኜ ተቀመጥ።
9ae6c47c-2a25-563f-a01f-e2b71beed325,45d61b37-a607-5cb0-af7f-de6486f92eb0,928d7f33-1c07-5c35-a877-157ced3b5464,14,35,ጠላቶችህን ከእግርህ ጫማ በታች እስክጥላቸው ድረስ።
e5658195-3632-5248-a1bd-aaa0a8ae4907,45d61b37-a607-5cb0-af7f-de6486f92eb0,928d7f33-1c07-5c35-a877-157ced3b5464,15,36,እንግዲህ የእስራኤል ወገኖች ሁሉ እናንተ የሰቀላችሁትን ኢየሱስን እግዚአብሔር ጌታም መሢሕም እንዳደረገው በርግጥ ይወቁ።”
2e946a0d-f4f6-5582-a3db-ebc2ad11676f,45d61b37-a607-5cb0-af7f-de6486f92eb0,928d7f33-1c07-5c35-a877-157ced3b5464,16,37,ይህንም በሰሙ ጊዜ ልባቸው ተከፈተ፤ ጴጥሮስንና ወንድሞቹ ሐዋርያትንም፥ “ወንድሞቻችን ሆይ፥ ምን እናድርግ?” አሏቸው።
1df337b8-c37c-5a25-a8b1-7768aab24730,45d61b37-a607-5cb0-af7f-de6486f92eb0,928d7f33-1c07-5c35-a877-157ced3b5464,17,38,ጴጥሮስም እንዲህ አላቸው፥ “ንስሓ ግቡ፤ ሁላችሁም በኢየሱስ ክርስቶስ ስም ተጠመቁ፤ ኀጢአታችሁም ይሰረይላችኋል፤ የመንፈስ ቅዱስንም ጸጋ ትቀበላላችሁ።
1c234e6d-9ea7-54e2-ac86-4d00e888f5c8,45d61b37-a607-5cb0-af7f-de6486f92eb0,928d7f33-1c07-5c35-a877-157ced3b5464,18,39,ተስፋዉ ለእናንተና ለልጆቻችሁ፥ እግዚአብሔር አምላካችንም ለሚጠራቸው ርቀው ለነበሩ ሁሉ ነውና።”
4a52d4d4-142e-5a7e-ae9c-6a442c6d79a4,45d61b37-a607-5cb0-af7f-de6486f92eb0,928d7f33-1c07-5c35-a877-157ced3b5464,19,40,ሌላም ብዙ ነገር ነገራቸው፤ “ከዚህ ከክፉ ዓለምም ነፍሳችሁን አድኑ” ብሎ መከራቸው።
f1c308a2-313d-5102-abca-1140f25b27f4,45d61b37-a607-5cb0-af7f-de6486f92eb0,52d86b44-f4ca-59e3-a549-dceb363f28ff,1,41,ቃሉንም ተቀብለው ተጠመቁ፤ በዚችም ዕለት ሦስት ሺህ ያህል ሰዎች ተጨመሩ።
05e986d8-e9e1-5d8c-ad33-5685fc866239,45d61b37-a607-5cb0-af7f-de6486f92eb0,52d86b44-f4ca-59e3-a549-dceb363f28ff,2,42,በሐዋርያት ትምህርትና በአንድነት ማዕድን በመባረክ፥ በጸሎትም ጸንተው ይኖሩ ነበር።
e1359837-73b9-5d98-ac4f-28c39f7423ab,45d61b37-a607-5cb0-af7f-de6486f92eb0,52d86b44-f4ca-59e3-a549-dceb363f28ff,3,43,ሰው ሁሉ ፈራቸው፤ በሐዋርያትም እጅ ብዙ ተአምራትና ድንቅ ሥራ ይደረግ ነበር።
4e4b461b-2d3a-5e77-aea7-553c5d866ee7,45d61b37-a607-5cb0-af7f-de6486f92eb0,52d86b44-f4ca-59e3-a549-dceb363f28ff,4,44,ያመኑትም ሁሉ በአንድነት ይኖሩ ነበር፤ ገንዘባቸውም ሁሉ በአንድነት ነበር።
ad80d019-d3af-5e71-abc2-03f4f8addb30,45d61b37-a607-5cb0-af7f-de6486f92eb0,52d86b44-f4ca-59e3-a549-dceb363f28ff,5,45,መሬታቸውንና ጥሪታቸውንም እየሸጡ ለእያንዳንዱ እንደሚያሻው ይሰጡ ነበር።
441cf9be-4be4-5e4c-ac89-007c15a8639d,45d61b37-a607-5cb0-af7f-de6486f92eb0,52d86b44-f4ca-59e3-a549-dceb363f28ff,6,46,ሁልጊዜም አንድ ልብ ሆነው በቤተ መቅደስ ያገለግሉ ነበር፤ በቤትም ኅብስትን ይቈርሱ ነበር፤ በደስታና በልብ ቅንንነትም ምግባቸውን ይመገቡ ነበር።
d8a1c0bf-e84d-54cc-a9e1-b78bd0e9509a,45d61b37-a607-5cb0-af7f-de6486f92eb0,52d86b44-f4ca-59e3-a549-dceb363f28ff,7,47,እግዚአብሔርንም ያመሰግኑ ነበር፤ በሕዝቡም ሁሉ ዘንድ መወደድ ነበራቸው፤ እግዚአብሔርም የሚድኑትን ዕለት ዕለት በእነርሱ ላይ ይጨምር ነበር።
53ede3c1-c165-53cc-a540-5cd8d66a75f6,c693bf02-0ea5-5c63-a835-c96264e50e9f,98865934-a42f-556c-abb4-ce676c7589e2,1,1,ጴጥሮስና ዮሐንስም በዘጠኝ ሰዓት ለጸሎት በአንድነት ወደ ቤተ መቅደስ ወጡ።
0c1b5c10-9eb1-58b9-aa69-3aa6c314e5e7,c693bf02-0ea5-5c63-a835-c96264e50e9f,98865934-a42f-556c-abb4-ce676c7589e2,2,2,ከእናቱ ማኅፀንም ጀምሮ እግሩ ሽባ ሆኖ የተወለደ አንድ ሰው ነበር፤ ወደ መቅደስም ከሚገቡት ምጽዋት ይለምን ዘንድ ሁልጊዜ እየተሸከሙ መልካም በሚልዋት በመቅደስ ደጃፍ ያስቀምጡት ነበር።
c3be4ee3-2746-5520-a48f-079cdaed6692,c693bf02-0ea5-5c63-a835-c96264e50e9f,98865934-a42f-556c-abb4-ce676c7589e2,3,3,ጴጥሮስንና ዮሐንስንም ወደ መቅደስ ሲገቡ አይቶ ምጽዋት ይሰጡት ዘንድ ለመናቸው።
646da0df-b2c4-5f3e-aa76-d2c54571fe68,c693bf02-0ea5-5c63-a835-c96264e50e9f,98865934-a42f-556c-abb4-ce676c7589e2,4,4,ጴጥሮስም ከዮሐንስ ጋር ትኩር ብሎ ተመለከተው፥ “ወደ እኛ ተመልከት” አለው፤
0e123ec9-095d-53e9-a228-e1838db09f17,c693bf02-0ea5-5c63-a835-c96264e50e9f,98865934-a42f-556c-abb4-ce676c7589e2,5,5,ወደ እነርሱም ተመለከተ፤ ምጽዋት እንደሚሰጡትም ተስፋ አድርጎ ነበር።
753aebc1-5070-5382-af56-c251afbb46ec,c693bf02-0ea5-5c63-a835-c96264e50e9f,98865934-a42f-556c-abb4-ce676c7589e2,6,6,ጴጥሮስም፥ “ወርቅና ብር የለኝም፤ ያለኝን ግን እሰጥሃለሁ፤ እነሆ፥ በናዝሬቱ በኢየሱስ ክርስቶስ ስም ተነሥተህ ሂድ” አለው።
4c2e6d25-db08-571f-af42-7d0e6d1f0690,c693bf02-0ea5-5c63-a835-c96264e50e9f,98865934-a42f-556c-abb4-ce676c7589e2,7,7,በቀኝ እጁም ይዞ አስነሣው፤ ያንጊዜም እግሩና ቍርጭምጭምቱ ጸና።
6772c64f-ff3d-59ca-a69d-764dfed72d04,c693bf02-0ea5-5c63-a835-c96264e50e9f,98865934-a42f-556c-abb4-ce676c7589e2,8,8,ዘሎም ቆመ፤ እየሮጠና እየተራመደም ሄደ፤ እግዚአብሔርንም እያመሰገነ ከእነርሱ ጋር ወደ ቤተ መቅደስ ገባ።
08fd0306-9b0b-5d1e-a7c6-1a42673e91e3,c693bf02-0ea5-5c63-a835-c96264e50e9f,98865934-a42f-556c-abb4-ce676c7589e2,9,9,ሕዝቡም ሁሉ እግዚአብሔርን እያመሰገነ ሲመላለስ አዩት።
b583e163-1433-53ee-a6b7-00e9fab01e95,c693bf02-0ea5-5c63-a835-c96264e50e9f,98865934-a42f-556c-abb4-ce676c7589e2,10,10,እርሱም መልካም በምትባለው በመቅደስ ደጃፍ ተቀምጦ ምጽዋት ይለምን የነበረው እንደ ሆነ ዐወቁት፤ በእርሱም ከሆነው የተነሣ መገረምና መደነቅ ሞላባቸው።
da2bbbca-3b5a-55dd-abc5-d5bf8589d84e,c693bf02-0ea5-5c63-a835-c96264e50e9f,98865934-a42f-556c-abb4-ce676c7589e2,11,11,ጴጥሮስና ዮሐንስም ይዘውት ወደ መቅደስ ሲገቡ ሕዝቡ ሁሉ ደንግጠው ወደ ሰሎሞን መመላለሻ ወደ እነርሱ ሮጡ።
376cb049-b629-591b-a8c8-05a3084238c8,c693bf02-0ea5-5c63-a835-c96264e50e9f,ca041827-aafd-5f58-ada2-9128c521263f,1,12,ጴጥሮስም ሕዝቡን ባያቸው ጊዜ እንዲህ አላቸው፥ “እናንት የእስራኤል ሰዎች ሆይ፥ ይህን ለምን ታደንቃላችሁ? እኛንስ በኀይላችንና በጽድቃችን ይህን ሰው በእግሩ እንዲሄድ እንዳደረግነው አስመስላችሁ ለምን ታዩናላችሁ?
78f12aeb-483f-5a1c-ace2-8f0cbee0879f,c693bf02-0ea5-5c63-a835-c96264e50e9f,ca041827-aafd-5f58-ada2-9128c521263f,2,13,የአብርሃም አምላክ የይስሐቅ አምላክ፥ የያዕቆብ አምላክ፥ የአባቶቻችንም አምላክ፥ እናንተ አሳልፋችሁ የሰጣችሁትን፥ እርሱም ሊተወው ወዶ ሳለ በጲላጦስ ፊት የካዳችሁትን ልጁን ኢየሱስን ገለጠው።
172e2c5a-2f61-53d8-acf6-34aae512edf6,c693bf02-0ea5-5c63-a835-c96264e50e9f,ca041827-aafd-5f58-ada2-9128c521263f,3,14,እናንተ ግን ቅዱሱንና ጻድቁን ካዳችሁት፤ ነፍሰ ገዳዩን ሰውም እንዲያድንላችሁ ለመናችሁ።
54ce001f-efc8-574c-a760-e2620575e643,c693bf02-0ea5-5c63-a835-c96264e50e9f,ca041827-aafd-5f58-ada2-9128c521263f,4,15,የሕይወትን ባለቤት ግን ገደላችሁት፤ እግዚአብሔርም ከሙታን ለይቶ አስነሣው፤ ለዚህም እኛ ምስክሮቹ ነን።
4ce1e989-6dbc-50d0-a998-d04245e356af,c693bf02-0ea5-5c63-a835-c96264e50e9f,ca041827-aafd-5f58-ada2-9128c521263f,5,16,ስሙን በማመን ይህን የምታዩትንና የምታውቁትን የእርሱ ስም አጸናው፤ እርሱንም በማመን በፊታችሁ ይህን ሕይወት ሰጠው።
4542be96-92e8-5078-a7a8-da82dde7ddd8,c693bf02-0ea5-5c63-a835-c96264e50e9f,ca041827-aafd-5f58-ada2-9128c521263f,6,17,“አሁንም ወንድሞች ሆይ፥ አለቆቻችሁ እንዳደረጉ ይህን ባለማወቅ እንዳደረጋችሁት አውቃለሁ።
79f90f4b-b87c-50b2-a441-4aa5661766a4,c693bf02-0ea5-5c63-a835-c96264e50e9f,ca041827-aafd-5f58-ada2-9128c521263f,7,18,እግዚአብሔር ግን ክርስቶስ መከራን እንዲቀበል በነቢያት ሁሉ አፍ አስቀድሞ እንደ ተናገረ እንዲሁ ፈጸመ።
8647aca6-cb3f-524a-a195-53e018f69fdd,c693bf02-0ea5-5c63-a835-c96264e50e9f,ca041827-aafd-5f58-ada2-9128c521263f,8,19,እንግዲህ ኀጢአታችሁ ይሰረይላችሁ ዘንድ ንስሓ ግቡ፥ ተመለሱም።
b7010c5e-003d-5bc0-a8b3-5f554ecf92b5,c693bf02-0ea5-5c63-a835-c96264e50e9f,ca041827-aafd-5f58-ada2-9128c521263f,9,20,ከእግዚአብሔር ዘንድም የይቅርታ ዘመን ይመጣል። አስቀድሞ የመረጠውንም ኢየሱስ ክርስቶስን ይልክላችኋል።
e6c64156-c5cc-5b2a-a33d-746469cd0772,c693bf02-0ea5-5c63-a835-c96264e50e9f,ca041827-aafd-5f58-ada2-9128c521263f,10,21,እግዚአብሔርም ከጥንት ጀምሮ በቅዱሳን ነቢያቱ አፍ እስከ ተናገረው የመደራጀት ዘመን ድረስ ሰማይ ይቀበለው ዘንድ ይገባል።
c7a656a3-fbbb-5836-a40d-bae677705c77,c693bf02-0ea5-5c63-a835-c96264e50e9f,ca041827-aafd-5f58-ada2-9128c521263f,11,22,ሙሴም አባቶቻችንን እንዲህ ብሎአቸዋል፦ እግዚአብሔር አምላካችን ከወንድሞቻችሁ እንደ እኔ ያለ ነቢይ ያስነሣላችኋል፤ የሚነግራችሁን ሁሉ ስሙት።
3f4255d4-525a-577d-a764-72deae9442f3,c693bf02-0ea5-5c63-a835-c96264e50e9f,ca041827-aafd-5f58-ada2-9128c521263f,12,23,ያን ነቢይ የማትሰማው ነፍስም ሁሉ ከወገኖችዋ ተለይታ ትጥፋ።
e237ac44-649f-55ae-a96d-0da476301274,c693bf02-0ea5-5c63-a835-c96264e50e9f,ca041827-aafd-5f58-ada2-9128c521263f,13,24,ከሳሙኤል ጀምሮ ከእርሱም በኋላ የተነሡ ነቢያት ሁሉ ስለ እነዚህ ቀኖች ተናግረዋል፤ አስተምረዋልም።
076702c3-588b-53c3-a5bd-65fba65b7848,c693bf02-0ea5-5c63-a835-c96264e50e9f,ca041827-aafd-5f58-ada2-9128c521263f,14,25,እናንተም የነቢያት ልጆች ናችሁ፤ እግዚአብሔር ለአባቶቻችን በሠራው ሥርዐትም የተወለዳችሁ ናችሁ፤ ለአብርሃም፦ ‘በዘርህ የምድር አሕዛብ ሁሉ ይባረካሉ’ ብሎታልና።
4a48b64c-b52e-515e-a4e9-6c1c3e818efc,c693bf02-0ea5-5c63-a835-c96264e50e9f,ca041827-aafd-5f58-ada2-9128c521263f,15,26,እግዚአብሔርም አስቀድሞ ልጁን አስነሣላችሁ፤ ሁላችሁም ከክፋታችሁ እንድትመለሱ ይባርካችሁ ዘንድ ላከው።”
4823eb19-af22-5207-ad86-99cb4e217b25,d7e0eea9-9cbc-592c-a7f1-2fa64e902d88,926288d3-33d2-51e9-aec0-56bfbae48fa9,1,1,ሕዝቡንም ሲያስተምሩ ሊቃነ ካህናትና የቤተ መቅደስ ሹም፥ ሰዱቃውያንም መጡ።
a70c932a-7cf5-525d-a9ee-29f8712b5dab,d7e0eea9-9cbc-592c-a7f1-2fa64e902d88,926288d3-33d2-51e9-aec0-56bfbae48fa9,2,2,ሕዝቡን ስለ አስተማሩና በኢየሱስም የሙታንን ትንሣኤ ስለ ሰበኩ በእነርሱ ተናደዱ።
1c99c159-3ed8-5f6b-aa38-93ec7183427c,d7e0eea9-9cbc-592c-a7f1-2fa64e902d88,926288d3-33d2-51e9-aec0-56bfbae48fa9,3,3,እጃቸውንም ዘርግተው ያዙአቸው፤ ጊዜዉም ፈጽሞ መሽቶ ነበርና እስከ ማግሥቱ ድረስ በወኅኒ ቤት አገቡአቸው።
5a2acd5e-8f25-586b-ae72-fa7d1323626f,d7e0eea9-9cbc-592c-a7f1-2fa64e902d88,926288d3-33d2-51e9-aec0-56bfbae48fa9,4,4,ቃሉንም ሰምተው ያመኑ ብዙ ሰዎች ናቸው፤ ያመኑት ወንዶች ቍጥርም አምስት ሺህ ያህል ሆነ።
0ebc8b35-5971-5a75-a587-0b78a1b07feb,d7e0eea9-9cbc-592c-a7f1-2fa64e902d88,926288d3-33d2-51e9-aec0-56bfbae48fa9,5,5,በማግሥቱም አለቆቻቸውና ሽማግሎች፥ ጻፎችም በኢየሩሳሌም ተሰበሰቡ።
b373b4ee-65ae-5e7f-a52f-fb89ac35943d,d7e0eea9-9cbc-592c-a7f1-2fa64e902d88,926288d3-33d2-51e9-aec0-56bfbae48fa9,6,6,ሊቀ ካህናቱ ሐና፥ ቀያፋም፥ ዮሐንስና እለእስክንድሮስም፥ የሊቀ ካህናቱም ወገን ሁሉ ከእነርሱ ጋር ነበሩ።
d05b39df-c855-5509-ace5-79b4e43e4847,d7e0eea9-9cbc-592c-a7f1-2fa64e902d88,926288d3-33d2-51e9-aec0-56bfbae48fa9,7,7,በአደባባይም አቆሙና፥ “እናንተ ይህን በማን ስምና በማን ኀይል አደረጋችሁት?” ብለው መረመሩአቸው።
5fa45ca6-9ff4-56fa-a68f-bab755a3863e,d7e0eea9-9cbc-592c-a7f1-2fa64e902d88,926288d3-33d2-51e9-aec0-56bfbae48fa9,8,8,ያንጊዜም በጴጥሮስ መንፈስ ቅዱስ ሞላበትና እንዲህ አላቸው፥ “እናንተ የሕዝብ አለቆችና ሽማግሌዎች ሆይ፥ ስሙ፤
8aa350d9-dfb8-5630-ad71-bb75bf43c73b,d7e0eea9-9cbc-592c-a7f1-2fa64e902d88,926288d3-33d2-51e9-aec0-56bfbae48fa9,9,9,ዛሬ ለበሽተኛው በተደረገው ረድኤት ምክንያት በእናንተ ዘንድ እኛ የሚፈረድብን ከሆነ እንግዲያ ይህ ሰው በምን ዳነ?
99c2269b-276f-5068-a625-528ea819d94d,d7e0eea9-9cbc-592c-a7f1-2fa64e902d88,926288d3-33d2-51e9-aec0-56bfbae48fa9,10,10,እንግዲህ እናንተ ሁላችሁ፥ የእስራኤልም ወገን ሁሉ፥ እናንተ በሰቀላችሁት፥ እግዚአብሔርም ከሙታን ለይቶ በአስነሣው በናዝሬቱ በኢየሱስ ክርስቶስ ስም ይህ ሰው እንደ ዳነና በፊታችሁም እንደ ቆመ በርግጥ ዕወቁ።
b4088761-e85a-51d5-a0ea-1df8dcc59a26,d7e0eea9-9cbc-592c-a7f1-2fa64e902d88,926288d3-33d2-51e9-aec0-56bfbae48fa9,11,11,ይህ እናንተ ግንበኞች የናቃችሁት ድንጋይ ነውና፤ እርሱም የማዕዘን ራስ ሆነ።
f5dccc36-e3ee-51fa-ae79-c9cdfae60813,d7e0eea9-9cbc-592c-a7f1-2fa64e902d88,926288d3-33d2-51e9-aec0-56bfbae48fa9,12,12,መዳንም በሌላ በማንም የለም፤ ከሰማይ በታች እንድንበት ዘንድ የሚገባን ለሰው የተሰጠ ሌላ ስም ከቶ የለምና።”
56816ac6-933b-567f-a047-c40c0b877767,d7e0eea9-9cbc-592c-a7f1-2fa64e902d88,926288d3-33d2-51e9-aec0-56bfbae48fa9,13,13,ጴጥሮስና ዮሐንስም ግልጥ አድርገው ሲናገሩ ባዩአቸው ጊዜ፥ ያልተማሩና መጽሐፍን የማያውቁ ሰዎች እንደ ሆኑ ዐውቀው አደነቁ፤ ሁልጊዜም ከኢየሱስ ጋር እንደ ነበሩ ዐወቁ።
e4216972-db58-59cf-a44a-ef80fc5c664c,d7e0eea9-9cbc-592c-a7f1-2fa64e902d88,926288d3-33d2-51e9-aec0-56bfbae48fa9,14,14,ያን የዳነውን ሰውም ከእነርሱ ጋር ቆሞ በአዩት ጊዜ የሚሉትን አጡ።
aaf019ed-6412-57d5-aa29-ccd048dee272,d7e0eea9-9cbc-592c-a7f1-2fa64e902d88,926288d3-33d2-51e9-aec0-56bfbae48fa9,15,15,ከሸንጎውም ጥቂት ፈቀቅ አደረጉአቸውና እርስ በርሳቸው ተነጋገሩ።
b7fb8d9b-2a41-510b-a282-b194da482f38,d7e0eea9-9cbc-592c-a7f1-2fa64e902d88,926288d3-33d2-51e9-aec0-56bfbae48fa9,16,16,እንዲህም አሉ፥ “እነዚህን ሰዎች ምን እናድርጋቸው? እነሆ፥ በእነርሱ የሚደረገው ተአምር በኢየሩሳሌም በሚኖሩት ሁሉ ዘንድ ታወቀ፤ ግልጥም ሆነ፤ ልንሰውረውም አንችልም።
59866155-c519-5df8-a082-b1ff4a78c767,d7e0eea9-9cbc-592c-a7f1-2fa64e902d88,926288d3-33d2-51e9-aec0-56bfbae48fa9,17,17,ነገር ግን በሕዝቡ ዘንድ እጅግ እንዳይስፋፋ ዳግመኛ በኢየሱስ ስም ሰውን እንዳያስተምሩ አጠንክረን እንገሥጻቸው።”
e070b151-b44c-590a-a516-c86df5fd9176,d7e0eea9-9cbc-592c-a7f1-2fa64e902d88,926288d3-33d2-51e9-aec0-56bfbae48fa9,18,18,ጠርተውም፦“ በኢየሱስ ስም ፈጽሞ አትናገሩ አታስተምሩም” ብለው አዘዙአቸው።
23ffecb7-6892-52c5-af3f-0214287a183b,d7e0eea9-9cbc-592c-a7f1-2fa64e902d88,926288d3-33d2-51e9-aec0-56bfbae48fa9,19,19,ጴጥሮስና ዮሐንስም እንዲህ ብለው መለሱላቸው፥ “እግዚአብሔርን ያይደለ እናንተን ልንሰማ በእግዚአብሔር ፊት ይገባልን? እስኪ እናንተ ራሳችሁ ፍረዱ።
043fa7e4-9e14-507a-aef5-35342a48f2aa,d7e0eea9-9cbc-592c-a7f1-2fa64e902d88,926288d3-33d2-51e9-aec0-56bfbae48fa9,20,20,እኛስ ያየነውንና የሰማነውን ከመናገር ዝም እንል ዘንድ አንችልም።”
6a57e661-8437-5f41-a958-7f3c18d57406,d7e0eea9-9cbc-592c-a7f1-2fa64e902d88,926288d3-33d2-51e9-aec0-56bfbae48fa9,21,21,እነርሱንም የሚቀጡበት ምክንያት ስለ አጡባቸው ገሥጸው ለቀቁአቸው፤ ስለ ተደረገው ተአምር ሕዝቡ ሁሉ እግዚአብሔርን ያመሰግኑ ነበርና።
0a24d1cc-3817-5f99-aa55-9559e25ddfd9,d7e0eea9-9cbc-592c-a7f1-2fa64e902d88,926288d3-33d2-51e9-aec0-56bfbae48fa9,22,22,ይህ የድኅነት ምልክት ለተደረገለት ለዚያ ሰው ከአርባ ዓመት ይበልጠው ነበረና።
3e3e219d-677b-5ce7-a644-7fcf0e99c9cd,d7e0eea9-9cbc-592c-a7f1-2fa64e902d88,926288d3-33d2-51e9-aec0-56bfbae48fa9,23,23,ተፈትተውም ወደ ሰዎቻቸው ሄዱ፤ ሊቃነ ካህናትና ሽማግሌዎችም ያሉአቸውን ሁሉ ነገሩአቸው።
396c1109-17c1-5eb9-abb9-e42417016ac5,d7e0eea9-9cbc-592c-a7f1-2fa64e902d88,926288d3-33d2-51e9-aec0-56bfbae48fa9,24,24,ይህንም በሰሙ ጊዜ በአንድነት ቃላቸውን ወደ እግዚአብሔር ከፍ አድርገው እንዲህ አሉ፥ “ሰማይንና ምድርን፥ ባሕርንም፥ በውስጣቸው ያለውንም ሁሉ የፈጠርህ አንተ እግዚአብሔር ሆይ፥
6592890d-dce2-5082-a701-03decb5734f4,d7e0eea9-9cbc-592c-a7f1-2fa64e902d88,926288d3-33d2-51e9-aec0-56bfbae48fa9,25,25,አንተ ራስህ በአባታችን በባሪያህ በዳዊት አፍ በመንፈስ ቅዱስ እንዲህ ብለህ የተናገርህ፦ አሕዛብ ለምን ተሰበሰቡ? ሕዝቡስ ለምን ከንቱ ነገርን ተናገሩ?
52f53e20-a13e-5f16-ab2b-0ed4778eec1a,d7e0eea9-9cbc-592c-a7f1-2fa64e902d88,926288d3-33d2-51e9-aec0-56bfbae48fa9,26,26,የምድር ነገሥታት ለምን ተነሡ? አለቆችስ ከእነርሱ ጋር አብረው በእግዚአብሔርና በመሲሑ ላይ ለምን ዶለቱ?
38d06e08-e93f-5054-a22f-30870d87b586,d7e0eea9-9cbc-592c-a7f1-2fa64e902d88,926288d3-33d2-51e9-aec0-56bfbae48fa9,27,27,በቀባኸው በቅዱስ ልጅህ ላይ ሄሮድስና ጰንጤናዊው ጲላጦስ ከወገኖቻቸውና ከእስራኤል ሕዝብ ጋር በእውነት በዚች ሀገር ላይ ዶለቱ።
4cb82896-6572-5913-aed8-612c1cdee5f4,d7e0eea9-9cbc-592c-a7f1-2fa64e902d88,926288d3-33d2-51e9-aec0-56bfbae48fa9,28,28,እጅህና ምክርህ እንዲደረግ የወሰኑትን ይፈጽሙ ዘንድ።
a6693bb4-e1d2-53e5-ae27-355063f0ce92,d7e0eea9-9cbc-592c-a7f1-2fa64e902d88,926288d3-33d2-51e9-aec0-56bfbae48fa9,29,29,አሁንም አቤቱ፥ ትምክህታቸውን ተመልከት፤ ቃልህንም በግልጥ ያስተምሩ ዘንድ ለባሮችህ ስጣቸው።
cd7e9933-4525-5b3c-a371-76e2edba6012,d7e0eea9-9cbc-592c-a7f1-2fa64e902d88,926288d3-33d2-51e9-aec0-56bfbae48fa9,30,30,በቅዱሱ ልጅህም በኢየሱስ ክርስቶስ ስም ሕሙማንን ትፈውስ ዘንድ ተአምራትንና ድንቅ ሥራንም ታደርግ ዘንድ እጅህን ዘርጋ።”
50ef85f3-79a3-573a-a5a8-6b819ca9da85,d7e0eea9-9cbc-592c-a7f1-2fa64e902d88,926288d3-33d2-51e9-aec0-56bfbae48fa9,31,31,ሲጸልዩም በአንድነት ተሰብስበው የነበሩበት ቦታ ተናወጠ፤ በሁሉም ላይ መንፈስ ቅዱስ መላባቸውና የእግዚአብሔርን ቃል በግልጥ አስተማሩ።
5e9f6f61-e658-517b-acad-2e4034cac207,d7e0eea9-9cbc-592c-a7f1-2fa64e902d88,61ba0df4-5766-52b0-a886-65a5f609d0bd,1,32,ያመኑትም ሁሉ አንድ ልብና አንዲት ነፍስ ሆነው ይኖሩ ነበር፤ በውስጣቸውም የሁሉ ገንዘብ በአንድነት ነበር እንጂ “ይህ የእኔ ገንዘብ ነው” የሚል አልነበረም።
498199e4-6f70-5117-a194-477ddffd03e8,d7e0eea9-9cbc-592c-a7f1-2fa64e902d88,61ba0df4-5766-52b0-a886-65a5f609d0bd,2,33,ሐዋርያትም የጌታችን ኢየሱስ ክርስቶስን ትንሣኤ በታላቅ ኀይል ይመሰክሩ ነበር፤ በሕዝቡም ዘንድ ታላቅ ጸጋ ነበራቸው።
94b7becc-7307-5956-ab93-4524e77943db,d7e0eea9-9cbc-592c-a7f1-2fa64e902d88,61ba0df4-5766-52b0-a886-65a5f609d0bd,3,34,ከእነርሱም አንድ ስንኳ ችግረኛ አልነበረም፤ ቤትና መሬት ያላቸውም ሁሉ እየሸጡ ገንዘቡን ያመጡ ነበር።
c21073de-a586-58cc-a5fb-2eb2b874b672,d7e0eea9-9cbc-592c-a7f1-2fa64e902d88,61ba0df4-5766-52b0-a886-65a5f609d0bd,4,35,አምጥተውም በሐዋርያት እግር አጠገብ ያኖሩት ነበር፤ እነርሱም ለእያንዳንዱ እንደ ፍላጎቱ ይከፍሉት ነበር።
48980f32-d617-5680-aa04-df5254902e44,d7e0eea9-9cbc-592c-a7f1-2fa64e902d88,61ba0df4-5766-52b0-a886-65a5f609d0bd,5,36,በሐዋርያትም ዘንድ ትርጓሜዉ የመጽናናት ልጅ የሚሆን በርናባስ የተባለ የሌዊ ወገን ስሙን ዮሴፍ የሚሉት አንድ የቆጵሮስ ሰው ነበር።
9ebf2710-247c-59c4-a6b9-6f0f9dfc4180,d7e0eea9-9cbc-592c-a7f1-2fa64e902d88,61ba0df4-5766-52b0-a886-65a5f609d0bd,6,37,እርሻም ነበረውና ሽጦ ገንዘቡን አምጥቶ በሐዋርያት እግር አጠገብ አኖረው።
55aab85f-be6c-571d-ab40-eff63c9af3c8,860ef2bd-c9be-51a1-a7be-1d12e6b84776,ab5b36c6-d7bf-5743-a0c9-875e9bb1d306,1,1,ሐናንያ የተባለ አንድ ሰው ነበረ፤ ሚስቱም ሰጲራ ትባል ነበር፤ መሬቱንም ሸጠ።
332614c7-84ca-5073-a4e8-9f6083c6de57,860ef2bd-c9be-51a1-a7be-1d12e6b84776,ab5b36c6-d7bf-5743-a0c9-875e9bb1d306,2,2,ከሚስቱም ጋራ ተማክሮ የዋጋዉን እኩሌታ አስቀረ፤ የዋጋውንም እኩሌታ አምጥቶ በሐዋርያት እግር አጠገብ አስቀመጠ።
10a353d1-324c-5510-a53c-9309cc18312e,860ef2bd-c9be-51a1-a7be-1d12e6b84776,ab5b36c6-d7bf-5743-a0c9-875e9bb1d306,3,3,ጴጥሮስም፥ “ሐናንያ ሆይ፥ መንፈስ ቅዱስን ታታልለው ዘንድ፥ የመሬትህንም ዋጋ ከፍለህ ታስቀር ዘንድ ሰይጣን በልብህ እንዴት አደረ?
71b88ad8-f8bd-523d-a1a8-f5fb8e6c2876,860ef2bd-c9be-51a1-a7be-1d12e6b84776,ab5b36c6-d7bf-5743-a0c9-875e9bb1d306,4,4,ጥንቱን ሳትሸጠው ያንተ አልነበረምን? ከሸጥኸውስ በኋላ በፈቃድህ አልነበረምን? ይህን ነገር በልብህ ለምን ዐሰብህ? እግዚአብሔርን እንጂ ሰውን አላታለልህም” አለው።
5b7f8508-a697-5c14-a9c9-66c19c7a22f8,860ef2bd-c9be-51a1-a7be-1d12e6b84776,ab5b36c6-d7bf-5743-a0c9-875e9bb1d306,5,5,ሐናንያም ይህን በሰማ ጊዜ ወድቆ ሞተ፤ ጽኑ ፍርሀትም ሆነ፤ የሰሙትም ሁሉ ፈሩ።
9f271ffa-6a30-5c40-a22a-2b15af8c06d5,860ef2bd-c9be-51a1-a7be-1d12e6b84776,ab5b36c6-d7bf-5743-a0c9-875e9bb1d306,6,6,ከእነርሱም ጐልማሶች ተነሥተው ገነዙት፤ ተሸክመውም ወስደው ቀበሩት።
eea1f7d5-c3ee-535b-a2cb-83756e11e5b7,860ef2bd-c9be-51a1-a7be-1d12e6b84776,ab5b36c6-d7bf-5743-a0c9-875e9bb1d306,7,7,ይህም ከሆነ ከሦስት ሰዓት በኋላ ሚስቱ መጣች፤ ባልዋም የሆነውን ሳታውቅ ገባች።
27c8b449-c5ce-58de-aed1-c3b3e6864b3f,860ef2bd-c9be-51a1-a7be-1d12e6b84776,ab5b36c6-d7bf-5743-a0c9-875e9bb1d306,8,8,ጴጥሮስም፥ “እስኪ ንገሪኝ፥ መሬታችሁን የሸጣችሁት ይህን ለሚያህል ነውን?” አላት፤ እርስዋም፥ “አዎን፥ እንዲሁ ነው” አለች።
89860d19-e486-58a1-a2cf-1532e626a8c7,860ef2bd-c9be-51a1-a7be-1d12e6b84776,ab5b36c6-d7bf-5743-a0c9-875e9bb1d306,9,9,ጴጥሮስም፥ “እንግዲህ የእግዚአብሔርን መንፈስ ትፈታተኑት ዘንድ እንዴት ተባበራችሁ? እነሆ፥ ባልሽን የቀበሩት ሰዎች እግሮች በበር ናቸው፤ አንቺንም ይወስዱሻል” አላት።
7d524623-7d30-52e0-ac28-4d9611facee7,860ef2bd-c9be-51a1-a7be-1d12e6b84776,ab5b36c6-d7bf-5743-a0c9-875e9bb1d306,10,10,ያንጊዜም ከእግሩ በታች ወድቃ ሞተች፤ ጐልማሶችም በገቡ ጊዜ በድንዋን አገኙ፤ ወስደውም በባልዋ አጠገብ ቀበሩአት።
4869926c-9578-5a49-ade7-7258ab20324b,860ef2bd-c9be-51a1-a7be-1d12e6b84776,ab5b36c6-d7bf-5743-a0c9-875e9bb1d306,11,11,በአብያተ ክርስቲያናትና ይህንም ነገር በሰሙት ሁሉ ላይ ታላቅ ፍርሀት ሆነ።
b56455e0-85cd-533a-a2fc-6eee573388a7,860ef2bd-c9be-51a1-a7be-1d12e6b84776,ab5b36c6-d7bf-5743-a0c9-875e9bb1d306,12,12,በሐዋርያት እጅም በሕዝቡ ዘንድ ተአምራትና ድንቅ ሥራዎች ይሠሩ ነበር፤ በቤተ መቅደስም በሰሎሞን መመላለሻ በአንድነት ነበሩ።
4dd5327c-1750-5395-a9ba-0027121cc113,860ef2bd-c9be-51a1-a7be-1d12e6b84776,ab5b36c6-d7bf-5743-a0c9-875e9bb1d306,13,13,ሕዝቡም እጅግ ያከብሩአቸው ነበረ። ከሌሎችም ይቀርባቸው ዘንድ አንድ ስንኳን የሚደፍር አልነበረም።
a5ee6fee-f2e2-5c01-a548-baa66cbff69b,860ef2bd-c9be-51a1-a7be-1d12e6b84776,ab5b36c6-d7bf-5743-a0c9-875e9bb1d306,14,14,በጌታችንም የሚያምኑ ብዙዎች ይጨመሩ ነበር፤ ወንዶችና ሴቶችም ብዙዎች ነበሩ።
82dd3972-b2cd-5986-a0fe-614a31e1272b,860ef2bd-c9be-51a1-a7be-1d12e6b84776,6c847364-471f-5608-a782-7b5deba3d34b,1,15,ጴጥሮስም አልፎ ሲሄድ ጥላው ያርፍባቸው ዘንድ ድውዮችን በአልጋና በቃሬዛ እያመጡ በአደባባይ ያስቀምጡአቸው ነበር፤
e3102f46-4db9-5329-ad12-2523af24a4d6,860ef2bd-c9be-51a1-a7be-1d12e6b84776,6c847364-471f-5608-a782-7b5deba3d34b,2,16,ደግሞም በኢየሩሳሌም ዙሪያ ከአሉ ከተሞች ብዙዎች ይመጡ ነበር፤ የታመሙትንና ክፉዎች አጋንንት የያዙአቸውንም ያመጡ ነበር፥ ሁሉም ይፈወሱ ነበር።
f4cf8d94-8520-5f63-a747-333b25871225,860ef2bd-c9be-51a1-a7be-1d12e6b84776,342f1680-fe9d-5e81-af21-2adf25dd32c1,1,17,ሊቀ ካህናቱና አብረውት የነበሩት የሰዱቃውያን ወገኖችም ቀንተው በእነርሱ ላይ ተነሡ።
b6c5f488-fa78-5711-afa2-bb4059d2ec8f,860ef2bd-c9be-51a1-a7be-1d12e6b84776,342f1680-fe9d-5e81-af21-2adf25dd32c1,2,18,እጃቸውንም በሐዋርያት ላይ አነሡ፤ ያዙአቸውም፤ በሕዝቡ ወኅኒ ቤትም አስገቧቸው።
137484b8-53f6-548c-a2f1-496b7c25e7c0,860ef2bd-c9be-51a1-a7be-1d12e6b84776,342f1680-fe9d-5e81-af21-2adf25dd32c1,3,19,የእግዚአብሔር መልአክ ግን በሌሊት የወኅኒ ቤቱን ደጃፍ ከፍቶ አወጣቸው፤ እንዲህም አላቸው።
ae2fa9f6-187f-50c5-a226-be63b8b62bd2,860ef2bd-c9be-51a1-a7be-1d12e6b84776,342f1680-fe9d-5e81-af21-2adf25dd32c1,4,20,“ሂዱ፤ ወደ ቤተ መቅደስም ግቡና ለሕዝብ ይህን የሕይወት ቃል አስተምሩአቸው።”
695dc80b-ad8e-5661-a332-be40d62e9b12,860ef2bd-c9be-51a1-a7be-1d12e6b84776,342f1680-fe9d-5e81-af21-2adf25dd32c1,5,21,ይህንም በሰሙ ጊዜ ጥዋት ገስግሠው ወደ ቤተ መቅደስ ገቡና አስተማሩ፤ ሊቀ ካህናቱና ከእርሱ ጋር የነበሩት ግን ጉባኤውንና ከእስራኤልም ቤት ሽማግሌዎችን ሁሉ ሰበሰቡ፤ ሐዋርያትንም ያመጡአቸው ዘንድ ወደ ወኅኒ ቤት ላኩ።
8bc35f3d-0ed5-50f9-a6b1-b1ee5171699e,860ef2bd-c9be-51a1-a7be-1d12e6b84776,342f1680-fe9d-5e81-af21-2adf25dd32c1,6,22,አሽከሮቻቸውም መጥተው በወኅኒ ቤት አጡአቸውና ተመልሰው ነገሩአቸው።
8a92b4b2-fcd7-591b-ac6d-6b7ba3c46d0b,860ef2bd-c9be-51a1-a7be-1d12e6b84776,342f1680-fe9d-5e81-af21-2adf25dd32c1,7,23,“ወኅኒ ቤቱንም ዙሪያውን ተዘግቶ በቍልፍም ተቈልፎ አገኘነው፤ ወታደሮቹም በሩን ይጠብቁ ነበር፤ ነገር ግን ከፍተን በገባን ጊዜ በውስጥ ያገኘነው የለም” አሉአቸው።
81809805-4e92-516e-af19-285c7da99397,860ef2bd-c9be-51a1-a7be-1d12e6b84776,342f1680-fe9d-5e81-af21-2adf25dd32c1,8,24,ሊቃነ ካህናትና የቤተ መቅደሱ ሹምም ይህን ነገር በሰሙ ጊዜ፥ የሚያደርጉትን አጥተው፥ “እንጃ ይህ ምን ይሆን?” አሉ።
76831f45-5f63-5c4d-a318-c02251a173be,860ef2bd-c9be-51a1-a7be-1d12e6b84776,342f1680-fe9d-5e81-af21-2adf25dd32c1,9,25,አንድ ሰውም መጥቶ፥ “ያሰራችኋቸው እነዚያ ሰዎች እነሆ፥ በቤተ መቅደስ ውስጥ ናቸው፤ ቆመውም ሕዝቡን ያስተምራሉ” ብሎ ነገራቸው።
f4a0e76b-89f7-5a63-a78e-3dfc83a386ae,860ef2bd-c9be-51a1-a7be-1d12e6b84776,342f1680-fe9d-5e81-af21-2adf25dd32c1,10,26,ከዚህም በኋላ የቤተ መቅደሱ ሹም ከሎሌዎቹ ጋር ሔዶ አባብሎ አመጣቸው፤ በግድም አይደለም፤ በድንጋይ እንዳይደበድቧቸው ሕዝቡን ይፈሩ ነበርና።
9ae06787-c503-52e1-a487-86548bdc40a8,860ef2bd-c9be-51a1-a7be-1d12e6b84776,342f1680-fe9d-5e81-af21-2adf25dd32c1,11,27,አምጥተውም በሸንጎ መካከል አቆሙአቸው፤ ሊቀ ካህናቱም መረመራቸው፤
1f186e9b-9c20-54d8-a421-f151dd12eefa,860ef2bd-c9be-51a1-a7be-1d12e6b84776,342f1680-fe9d-5e81-af21-2adf25dd32c1,12,28,“በኢየሱስ ስም ለማንም እንዳታስተምሩ ከልክለናችሁ አልነበረምን? እነሆ፥ ኢየሩሳሌምን በትምህርታችሁ ሞላችኋት፤ የዚያንም ሰው ደም በእኛ ላይ ታመጡብን ዘንድ ትሻላችሁን?” አላቸው።
ab3c0d34-3c01-5e69-a7af-4d37444592af,860ef2bd-c9be-51a1-a7be-1d12e6b84776,342f1680-fe9d-5e81-af21-2adf25dd32c1,13,29,ጴጥሮስና ሐዋርያትም መልሰው እንዲህ አሉአቸው፥ “ለሰው ከመታዘዝ ይልቅ ለእግዚአብሔር መታዘዝ ይገባል።
e41c7941-04c8-507f-a635-3e45a147570c,860ef2bd-c9be-51a1-a7be-1d12e6b84776,342f1680-fe9d-5e81-af21-2adf25dd32c1,14,30,የአባቶቻችን አምላክ፥ እናንተ ክዳችሁ በዕንጨት ላይ ሰቅላችሁ የገደላችሁትን ኢየሱስን አስነሣው።
019c1339-df44-5caa-a5f8-738c28e33c80,860ef2bd-c9be-51a1-a7be-1d12e6b84776,342f1680-fe9d-5e81-af21-2adf25dd32c1,15,31,እግዚአብሔር እርሱን ለእስራኤል ንስሓን፥ የኀጢአትንም ስርየት ይሰጥ ዘንድ ራስም አዳኝም አደረገው፤ በቀኙም አስቀመጠው።
5c50112c-e75e-571a-a5b9-4d0cfa371590,860ef2bd-c9be-51a1-a7be-1d12e6b84776,342f1680-fe9d-5e81-af21-2adf25dd32c1,16,32,እኛም ለዚህ ነገር ምስክሮቹ ነን፤ እግዚአብሔር ለሚታዘዙት የሰጣቸው መንፈስ ቅዱስም ምስክር ነው።”
407e23bd-11d2-5fd7-a278-25431825d78e,860ef2bd-c9be-51a1-a7be-1d12e6b84776,342f1680-fe9d-5e81-af21-2adf25dd32c1,17,33,ይህንም በሰሙ ጊዜ ተበሳጩ፤ ጥርሳቸውንም አፋጩ፤ ሊገድሉአቸውም ወደዱ።
e696ad74-8c4d-5110-a9eb-478c7852ffcc,860ef2bd-c9be-51a1-a7be-1d12e6b84776,9295e577-e348-51c8-aac4-33031c4b4ba4,1,34,በሸንጎዉም በሕዝቡ ሁሉ ዘንድ የከበረ የኦሪት መምህር ስሙን ገማልያል የሚሉት አንድ ፈሪሳዊ ተነሣ፤ ሐዋርያትንም ከጉባኤዉ ጥቂት ፈቀቅ እንዲያደርጉአቸው አዘዘ።
30c17e82-3fd1-5f6b-ab1d-d6d4568d0163,860ef2bd-c9be-51a1-a7be-1d12e6b84776,9295e577-e348-51c8-aac4-33031c4b4ba4,2,35,እርሱም እንዲህ አላቸው፥ “እናንተ የእስራኤል ሰዎች ሆይ፥ በእነዚህ ሰዎች በምታደርጉት ነገር ለራሳችሁ ተጠንቀቁ።
9e8f3496-f441-5871-a42b-ba85cd0bbd7e,860ef2bd-c9be-51a1-a7be-1d12e6b84776,9295e577-e348-51c8-aac4-33031c4b4ba4,3,36,ቀድሞም ከዚህ ዘመን በፊት ቴዎዳስ ተነሥቶ ራሱን ከፍ ከፍ አደረገ፤ አራት መቶ ሰዎችም ተከተሉት፤ ነገር ግን እርሱም ጠፋ፤ የተከተሉትም ሁሉ ተበታተኑ፤ እንደ ኢምንትም ሆኑ።
54f7e535-4972-5c47-a970-c07ae2b0de5d,860ef2bd-c9be-51a1-a7be-1d12e6b84776,9295e577-e348-51c8-aac4-33031c4b4ba4,4,37,ከእርሱም በኋላ ሰዎች ለግብር በተቈጠሩበት ወራት ገሊላዊው ይሁዳ ተነሣ፤ ብዙ ሕዝብም ተከተሉት፤ እርሱም ሞተ፤ የተከተሉትም ሁሉ ተበታተኑ።
e3d20ba5-ce68-5ce9-ac18-9e6604cfdf61,860ef2bd-c9be-51a1-a7be-1d12e6b84776,9295e577-e348-51c8-aac4-33031c4b4ba4,5,38,አሁንም እላችኋለሁ፥ ከእነዚህ ሰዎች ራቁ፤ ተዉአቸውም፤ ይህ ምክራቸው፥ ይህም ሥራቸው ከሰው የተገኘ ከሆነ ያልፋል ይጠፋልም።
c30d5db5-1512-528f-a480-e9aa562a5c35,860ef2bd-c9be-51a1-a7be-1d12e6b84776,9295e577-e348-51c8-aac4-33031c4b4ba4,6,39,ከእግዚአብሔር የመጣ ከሆነ ግን ልታፈርሱት አትችሉም፤ ከእግዚአብሔርም ጋር እንደሚጣላ አትሁኑ።”
02d96ee6-19de-5b62-aedc-b2e47c79473b,860ef2bd-c9be-51a1-a7be-1d12e6b84776,9295e577-e348-51c8-aac4-33031c4b4ba4,7,40,እሺም አሰኛቸው፤ ሐዋርያትንም ጠርተው ገረፉአቸው፤ እንግዲህ ወዲህም በኢየሱስ ስም እንዳያስተምሩ ገሥጸው ተዉአቸው።
df9ae81b-5daf-57d2-a5f9-0586239e652d,860ef2bd-c9be-51a1-a7be-1d12e6b84776,9295e577-e348-51c8-aac4-33031c4b4ba4,8,41,እነርሱም ከሸንጎው ፊት ደስ እያላቸው ወጡ፤ ስለ ስሙ መከራ ይቀበሉ ዘንድ መንፈስ ቅዱስ አድሎአቸዋልና።
20feed84-a98f-596d-a30a-235640cdecfc,860ef2bd-c9be-51a1-a7be-1d12e6b84776,9295e577-e348-51c8-aac4-33031c4b4ba4,9,42,ሁልጊዜም በቤተ መቅደስና በቤት ስለ ጌታችን ስለ ኢየሱስ እርሱ ክርስቶስ እንደ ሆነ ማስተማርንና መስበክን አልተዉም።
fbcd3a3b-6478-59ad-a950-ea248366a001,8ed00b40-d8f5-5940-ab2d-6ed6f16b3bda,664896c5-5073-50cc-a83f-25d7d6b35268,1,1,በዚያም ወራት ደቀ መዛሙርት በበዙ ጊዜ ከግሪክ የመጡ ደቀ መዛሙርት በአይሁድ ምእመናን ላይ አንጐራጐሩባቸው፤ የዕለት የዕለቱን ምግብ ሲያካፍሉ ባልቴቶቻቸውን ቸል ይሉባቸው ነበርና።
2557b8a6-5bf3-573e-a979-2c76f5e3f132,8ed00b40-d8f5-5940-ab2d-6ed6f16b3bda,664896c5-5073-50cc-a83f-25d7d6b35268,2,2,ዐሥራ ሁለቱም ሐዋርያት ሕዝቡን ሁሉ ጠርተው እንዲህ አሉአቸው፥ “የእግዚአብሔርን ቃል ትተን ማዕድን እናገለግል ዘንድ የሚገባ አይደለም።
19d57acf-bb54-5110-a2d8-b3c6ff13cc8b,8ed00b40-d8f5-5940-ab2d-6ed6f16b3bda,664896c5-5073-50cc-a83f-25d7d6b35268,3,3,ወንድሞቻችን ሆይ፥ ከእናንተ ወገን በመልካም የተመሰከረላቸውን መንፈስ ቅዱስና ጥበብ የሞላባቸውን ሰባት ሰዎችን ምረጡ፤ ለዚህ ሥራም እንሾማቸዋለን።
fedf7269-c4c6-5a8f-a8d0-3ccbee701fc4,8ed00b40-d8f5-5940-ab2d-6ed6f16b3bda,664896c5-5073-50cc-a83f-25d7d6b35268,4,4,እኛ ግን ለጸሎትና ቃሉን ለማስተማር እንተጋለን።”
b2919403-186a-562d-aaf3-d5a56d37279d,8ed00b40-d8f5-5940-ab2d-6ed6f16b3bda,664896c5-5073-50cc-a83f-25d7d6b35268,5,5,ይህም ነገር በእነርሱ ዘንድ የተወደደ ሆነ፤ ሃይማኖቱ የቀናና መንፈስ ቅዱስ ያደረበትን ሰው እስጢፋኖስን፥ ፊልጶስን፥ ጵሮኮሮስን፥ ኒቃሮናን፥ ጢሞናን፥ ጰርሜናን፥ ወደ ይሁዲነት የተመለሰውን የአንጾኪያውን ኒቆላዎስንም መረጡ።
e01fa03b-e276-5fb0-abda-419739cb657f,8ed00b40-d8f5-5940-ab2d-6ed6f16b3bda,664896c5-5073-50cc-a83f-25d7d6b35268,6,6,በሐዋርያትም ፊት አቆሙአቸው፤ ጸልየውም እጃቸውን በራሳቸው ላይ ጫኑ።
0bd1e0ed-75e7-5c99-a011-4a895a9ce60f,8ed00b40-d8f5-5940-ab2d-6ed6f16b3bda,664896c5-5073-50cc-a83f-25d7d6b35268,7,7,የእግዚአብሔርም ቃል ከፍ ከፍ አለ፤ በኢየሩሳሌምም ምእመናን እጅግ በዙ፤ ከካህናትም መካከል ያመኑ ብዙዎች ነበሩ።
95681591-13eb-521f-aea1-7178c4ebfe7b,8ed00b40-d8f5-5940-ab2d-6ed6f16b3bda,013ecb85-7348-594c-abee-e9f14be05e24,1,8,እስጢፋኖስም የእግዚአብሔር ጸጋና ኀይል የመላበት ሰው ነበር፤ በሕዝቡም መካከል ታላላቅ ተአምራትንና ድንቅ ሥራን ይሠራ ነበር።
a3655e95-737e-551b-aa06-797f0e01dfbc,8ed00b40-d8f5-5940-ab2d-6ed6f16b3bda,013ecb85-7348-594c-abee-e9f14be05e24,2,9,የነጻ ወጭዎች ከምትባለው ምኵራብም ከቀሬናና ከእስክንድርያ፥ ከቂልቅያና ከእስያ የሆኑ ሰዎችም ተነሥተው እስጢፋኖስን ይከራከሩት ነበር።
92287d36-2669-5961-aa8c-cc1a15cf43d0,8ed00b40-d8f5-5940-ab2d-6ed6f16b3bda,013ecb85-7348-594c-abee-e9f14be05e24,3,10,ነገር ግን ይቃወሙት ዘንድ አልቻሉም፤ በጥበብና በመንፈስ ቅዱስ ይከራከራቸው ነበርና።
da2e9e89-7ce7-5a36-a9bb-57b919b1970f,8ed00b40-d8f5-5940-ab2d-6ed6f16b3bda,013ecb85-7348-594c-abee-e9f14be05e24,4,11,ከዚህም በኋላ “ይህን ሰው በሙሴና በእግዚአብሔር ላይ የስድብን ቃል ሲናገር ሰምተነዋል” የሚሉ የሐሰት ምስክሮችን አስነሡበት፤
5c3d9617-9cae-5880-ad4e-13767dc9649b,8ed00b40-d8f5-5940-ab2d-6ed6f16b3bda,013ecb85-7348-594c-abee-e9f14be05e24,5,12,ሕዝቡን፥ ሽማግሌዎችንና ጸሓፊዎችንም አነሳሡአቸው፤ ከበውም እየጐተቱ ወደ ሸንጎ አቀረቡት።
5c6f464d-1143-503d-a2d8-0c284079a750,8ed00b40-d8f5-5940-ab2d-6ed6f16b3bda,013ecb85-7348-594c-abee-e9f14be05e24,6,13,የሐሰት ምስክሮችንም አቆሙበት፤ እነርሱም እንዲህ አሉ፥ “ይህ ሰው በዚህ ቤተ መቅደስ ላይና በኦሪት ላይ የስድብ ቃል እየተናገረ ዝም በል ቢሉት እንቢ አለ፤
b56d5401-f348-59b0-a285-291a4f288a23,8ed00b40-d8f5-5940-ab2d-6ed6f16b3bda,013ecb85-7348-594c-abee-e9f14be05e24,7,14,የናዝሬቱ ኢየሱስ ይህን ቤተ መቅደስ ያፈርሰዋል፤ ሙሴም የሰጠንን ኦሪታችንን ይሽራል ሲል ሰምተነዋል።”
f5d2bf80-90ea-5345-af9a-88459b2d282f,8ed00b40-d8f5-5940-ab2d-6ed6f16b3bda,013ecb85-7348-594c-abee-e9f14be05e24,8,15,በሸንጎም ተቀምጠው የነበሩት ሁሉ ትኩር ብለው ተመለከቱት፤ ፊቱንም እንደ እግዚአብሔር መልአክ ፊት ሆኖ አዩት።
046c83a9-e1b2-5d13-a57b-a987dcc0ca18,344426a6-5cff-5082-a503-418ab240243a,41f2ae5a-8890-5059-ac37-7830f4f30030,1,1,ሊቀ ካህናቱም፥ “በእውነት እንዲህ ብለሃልን?” አለው።
4db01dd7-62eb-56cf-a9c5-c431b8547578,344426a6-5cff-5082-a503-418ab240243a,41f2ae5a-8890-5059-ac37-7830f4f30030,2,2,እርሱም እንዲህ አለ፥ “ወንድሞቻችንና አባቶቻችን ሆይ፥ ስሙ፤ የክብር አምላክ ለአባታችን ለአብርሃም በሁለት ወንዞች መካከል ሳለ ወደ ካራንም ሳይመጣ ተገለጠለት።
415d4241-efbf-58ff-a970-db8e76e27399,344426a6-5cff-5082-a503-418ab240243a,41f2ae5a-8890-5059-ac37-7830f4f30030,3,3,‘ካገርህ ውጣ፤ ከዘመዶችህም ተለይ፤ እኔም ወደማሳይህ ሀገር ና’ አለው።
63742ff7-8ff2-5460-a03b-a657138d3485,344426a6-5cff-5082-a503-418ab240243a,41f2ae5a-8890-5059-ac37-7830f4f30030,4,4,ከዚህም በኋላ ከከለዳውያን ሀገር ወጥቶ በካራን ተቀመጠ፤ ከዚያም አባቱ ከሞተ በኋላ፥ ዛሬ እናንተ ወደ አላችሁባት ወደዚች ሀገር አመጣው።
29c53e6d-87fe-5da9-a08c-787c10f39324,344426a6-5cff-5082-a503-418ab240243a,41f2ae5a-8890-5059-ac37-7830f4f30030,5,5,በውስጥዋም አንድ ጫማ ታህል ስንኳን ርስት አልሰጠውም፤ ነገር ግን እርሱ ከእርሱም በኋላ ዘሩ ሊገዛት ልጅ ሳይኖረው ያንጊዜ እርስዋን ያወርሰው ዘንድ ተስፋ ሰጠው።
c3372b63-a796-52f9-a6de-4725b210ca2d,344426a6-5cff-5082-a503-418ab240243a,41f2ae5a-8890-5059-ac37-7830f4f30030,6,6,እግዚአብሔርም እንዲህ አለው፦ ‘ዘርህ በባዕድ ሀገር መጻተኞች ሆነው ይኖራሉ፤ አራት መቶ ዓመትም ባሮች አድርገው ይገዙአቸዋል፤ መከራም ያጸኑባቸዋል።
7c590f95-423e-5e71-ac18-bc8d17a6a224,344426a6-5cff-5082-a503-418ab240243a,41f2ae5a-8890-5059-ac37-7830f4f30030,7,7,ደግሞም እግዚአብሔር አለ፤ ባሮች አድርገው በሚገዙአቸው ወገኖች እኔ እፈርድባቸዋለሁ፤ ከዚህም በኋላ ይወጣሉ፤ በዚህም ሀገር ያመልኩኛል።’
6e1e10dd-70e5-563f-ab91-bce21ac89970,344426a6-5cff-5082-a503-418ab240243a,41f2ae5a-8890-5059-ac37-7830f4f30030,8,8,የግዝረትንም ኪዳን ሰጠው፤ ከዚህም በኋላ ይስሐቅን ወለደ፤ በስምንተኛው ቀንም ገረዘው፤ እንዲሁ ይስሐቅም ያዕቆብን፥ ያዕቆብም ዐሥራ ሁለቱን የቀደሙ አባቶችን ገረዙ።
40e026a2-63d6-5961-aeb9-e71a82e0ae6e,344426a6-5cff-5082-a503-418ab240243a,62aa9cf1-b5c9-5882-a2ba-805cbce475f7,1,9,“የቀደሙ አባቶችም በዮሴፍ ላይ ቀንተው ወደ ግብፅ ሀገር ሸጡት፤ እግዚአብሔር ግን ከእርሱ ጋር ነበረ።
4e9fb81e-496b-5bbd-ab51-2df862ef1100,344426a6-5cff-5082-a503-418ab240243a,62aa9cf1-b5c9-5882-a2ba-805cbce475f7,2,10,ከመከራውም ሁሉ አዳነው፤ በግብፅ ንጉሥ በፈርዖን ፊትም ሞገስንና ጥበብን ሰጠው፤ በግብፅና በቤቱ ሁሉ ላይ ቢትወደድ አድርጎ ሾመው።
b6686b7b-f797-5350-a601-8d678f213a84,344426a6-5cff-5082-a503-418ab240243a,62aa9cf1-b5c9-5882-a2ba-805cbce475f7,3,11,በግብፅና በከነዓን ሀገር ሁሉ ረኃብና ታላቅ ጭንቅ መጣ፤ አባቶቻችንም የሚበሉት አጡ።
55ff5f8d-f43d-5731-af1c-58b9d2f91aa6,344426a6-5cff-5082-a503-418ab240243a,62aa9cf1-b5c9-5882-a2ba-805cbce475f7,4,12,ያዕቆብም በግብፅ ሀገር እህል እንዳለ ሰማ፤ አባቶቻችንንም አስቀድሞ ላካቸው።
16e45138-02df-5ae6-a489-be15255b4964,344426a6-5cff-5082-a503-418ab240243a,62aa9cf1-b5c9-5882-a2ba-805cbce475f7,5,13,ወደ ግብፅም እንደ ገና በተመለሱ ጊዜ ወንድሞቹ ዮሴፍን ዐወቁት፤ ፈርዖንም የዮሴፍን ዘመዶች ዐወቃቸው።
f5e65678-54ad-58f3-a8ea-a24883ad6a61,344426a6-5cff-5082-a503-418ab240243a,62aa9cf1-b5c9-5882-a2ba-805cbce475f7,6,14,ዮሴፍም አባቱን ያዕቆብንና ዘመዶቹን ሁሉ እንዲጠሩአቸው ላከ፤ ቍጥራቸውም ሰባ አምስት ነፍስ ነበር።
1366684a-4c84-5b80-a7c8-e5d962d7d941,344426a6-5cff-5082-a503-418ab240243a,e940d7e3-867b-56f3-af0f-e15def5a24d7,1,15,“ያዕቆብም ወደ ግብፅ ወረደ፥ እርሱም አባቶቻችንም ሞቱ።
eaa7e0e8-7b90-55e2-a7d0-89001b34a76a,344426a6-5cff-5082-a503-418ab240243a,e940d7e3-867b-56f3-af0f-e15def5a24d7,2,16,ወደ ሴኬምም አፍልሰው አብርሃም ከሴኬም አባት ከኤሞር ልጆች በገንዘቡ በገዛው መቃብር ቀበሩዋቸው።
7c157b7f-fa6c-50f6-a437-3cbe4b91344b,344426a6-5cff-5082-a503-418ab240243a,e940d7e3-867b-56f3-af0f-e15def5a24d7,3,17,“እግዚአብሔርም ለአብርሃም የማለለት የተስፋው ዘመን በደረሰ ጊዜ እስራኤል በዙ፤ የግብፅንም ሀገር መሉ።
a4f38df9-4d39-5459-afde-827e82b31b09,344426a6-5cff-5082-a503-418ab240243a,e940d7e3-867b-56f3-af0f-e15def5a24d7,4,18,ይህም ዮሴፍን የማያውቀው ሌላ ንጉሥ በግብፅ እስከ ነገሠ ድረስ ነበር።
127dbeb9-7b69-5f78-adc7-abe44738744b,344426a6-5cff-5082-a503-418ab240243a,e940d7e3-867b-56f3-af0f-e15def5a24d7,5,19,እርሱም ወገኖቻችንን ተተንኵሎ አባቶቻችንን መከራ አጸናባቸው፤ ወንድ ልጅንም ሁሉ እንዲገድሉ አዘዘ።
2f681926-068f-51e7-a9ce-78994b89c750,344426a6-5cff-5082-a503-418ab240243a,98360fa6-6f5c-5e89-a4ec-94413deb3fac,1,20,“ያንጊዜም ሙሴ ተወለደ፤ በእግዚአብሔር ፊትም የተወደደ ሆነ፤ ለሦስት ወርም በአባቱ ቤት አሳደጉት።
b7d58630-f178-5b8c-a856-1090b111af28,344426a6-5cff-5082-a503-418ab240243a,98360fa6-6f5c-5e89-a4ec-94413deb3fac,2,21,በተጣለም ጊዜ የፈርዖን ልጅ አነሣችው፤ ልጅም ይሆናት ዘንድ አሳደገችው።
0bc318f3-c2e9-579c-a89f-473dcbe6f3cf,344426a6-5cff-5082-a503-418ab240243a,98360fa6-6f5c-5e89-a4ec-94413deb3fac,3,22,ሙሴም የግብፅን ጥበብ ሁሉ ተማረ፤ በሚናገረውና በሚሠራውም ሁሉ ብርቱ ሆነ።
1ac78c3a-42ae-5346-a301-eff962e9dc52,344426a6-5cff-5082-a503-418ab240243a,98360fa6-6f5c-5e89-a4ec-94413deb3fac,4,23,“አርባ ዓመት ሲሞላውም ወንድሞቹን የእስራኤልን ልጆች ሊጐበኛቸው በልቡ ዐሰበ።
936d0ecd-2f01-5ac2-a206-cd58a0fdf48f,344426a6-5cff-5082-a503-418ab240243a,98360fa6-6f5c-5e89-a4ec-94413deb3fac,5,24,አንድ ግብፃዊም ዕብራዊውን ሲበድለው አገኘና ለዚያ ለተበደለው ረድቶ ግብፃዊውን ገደለው በአሸዋም ቀበረው።
19977e48-ecfa-5f37-aec0-c7f4bdd98b29,344426a6-5cff-5082-a503-418ab240243a,98360fa6-6f5c-5e89-a4ec-94413deb3fac,6,25,እርሱም እግዚአብሔር በእጁ ድኅነትን እንደሚያደርግላቸው የሚያስተውሉ መስሎት ነበር፤ እነርሱ ግን አላስተዋሉም።
0ed1ff70-33b7-5ce4-ac68-dbd64f658fae,344426a6-5cff-5082-a503-418ab240243a,98360fa6-6f5c-5e89-a4ec-94413deb3fac,7,26,በማግሥቱም ከመካከላቸው ሁለት ሰዎች እርስ በርሳቸው ሲጣሉ አገኘ፤ ሊያስታርቃቸውም ወድዶ፦ ‘እናንተማ ወንድማማቾች ናችሁ፤ እርስ በርሳችሁ ለምን ትጣላላችሁ?’ አላቸው።
c0895c5a-7885-5a5f-ab10-a599eb692a1d,344426a6-5cff-5082-a503-418ab240243a,98360fa6-6f5c-5e89-a4ec-94413deb3fac,8,27,ያም ባልንጀራውን የሚበድለው ገፋው፤ እንዲህም አለው፦ ‘አንተን በእኛ ላይ ዳኛና ፈራጅ አድርጎ ማን ሾመህ?
9851173f-ce28-5351-a2ff-b1960cccae13,344426a6-5cff-5082-a503-418ab240243a,98360fa6-6f5c-5e89-a4ec-94413deb3fac,9,28,ወይስ ትናንትና ግብፃዊውን እንደ ገደልኸው እኔንም ልትገድለኝ ትሻለህን?’
9fc4fcc6-fe9c-5fe1-a0e9-b45d0a296ce2,344426a6-5cff-5082-a503-418ab240243a,98360fa6-6f5c-5e89-a4ec-94413deb3fac,10,29,ስለዚህም ነገር ሙሴ ኮብልሎ በምድያም ሀገር ስደተኛ ሆኖ ኖረ፤ በዚያም ሁለት ልጆችን ወለደ።
47bdd666-9f4b-521e-ae94-a76981350d7f,344426a6-5cff-5082-a503-418ab240243a,98360fa6-6f5c-5e89-a4ec-94413deb3fac,11,30,“አርባ ዓመትም በተፈጸመ ጊዜ በበረሃ በደብረ ሲና የእግዚአብሔር መልአክ በቍጥቋጦ መካከል በእሳት ነበልባል ታየው።
821b1ca8-81e2-5b75-a796-c33d585c097b,344426a6-5cff-5082-a503-418ab240243a,98360fa6-6f5c-5e89-a4ec-94413deb3fac,12,31,ሙሴም አይቶ በአየው ተደነቀ፤ ሊያስተውለውም ቀረበ፤ እግዚአብሔርም እንዲህ ብሎ ተናገረው።
3a3b4d7a-bc95-524e-acae-f624e7530d6a,344426a6-5cff-5082-a503-418ab240243a,98360fa6-6f5c-5e89-a4ec-94413deb3fac,13,32,‘እኔ የአባቶችህ አምላክ፥ የአብርሃም አምላክ፥ የይስሐቅ አምላክ፥ የያዕቆብም አምላክ ነኝ፤’ ሙሴም ተንቀጠቀጠ፤ መረዳትም አልቻለም።
a6d3e93e-1462-5412-a056-2e9f8d1f3d9f,344426a6-5cff-5082-a503-418ab240243a,98360fa6-6f5c-5e89-a4ec-94413deb3fac,14,33,እግዚአብሔርም እንዲህ አለው፦ ‘ጫማህን ከእግርህ አውልቅ፤ የቆምህባት ምድር የተቀደሰች ናትና።
00e90e04-a392-50eb-a1f6-9b2280941d06,344426a6-5cff-5082-a503-418ab240243a,98360fa6-6f5c-5e89-a4ec-94413deb3fac,15,34,በግብፅ ያሉትን የወገኖችን መከራ ማየትን አይቻለሁ፤ ጩኸታቸውንም ሰምቻለሁ፤ ላድናቸውም ወርጃለሁ፤ አሁንም ና ወደ ግብፅ ሀገር ልላክህ።’
61f5711c-3621-5824-a939-51312b6edf82,344426a6-5cff-5082-a503-418ab240243a,193fdabe-f618-5cde-ac95-ba3ece27e949,1,35,“በእኛ ላይ አለቃና ፈራጅ ማን አድርጎሃል? ብለው የካዱትን ያን ሙሴን በቍጥቋጦው መካከል በታየው በመልአኩ እጅ እርሱን መልእክተኛና አዳኝ አድርጎ እግዚአብሔር ላከው።
a843c9e8-5ba1-5571-a8e0-acab96a954b7,344426a6-5cff-5082-a503-418ab240243a,193fdabe-f618-5cde-ac95-ba3ece27e949,2,36,እርሱም አርባ ዘመን በግብፅ ሀገርና በኤርትራ ባሕር፥ በበረሃም ተአምራትንና ድንቅ ሥራን እየሠራ አወጣቸው።
a82e71bd-ffcf-5408-a504-b54d898ace7e,344426a6-5cff-5082-a503-418ab240243a,193fdabe-f618-5cde-ac95-ba3ece27e949,3,37,ለእስራኤልም ልጆች፦ ‘እግዚአብሔር ከወንድሞቻችሁ መካከል እንደ እኔ ያለ ነቢይ ያስነሣላችኋልና እርሱን ስሙት’ ያላቸው ይህ ሙሴ ነው።
da6cccac-e46a-57d5-a40d-8c050e40c335,344426a6-5cff-5082-a503-418ab240243a,193fdabe-f618-5cde-ac95-ba3ece27e949,4,38,በምድረ በዳ በማኅበሩ መካከል የነበረ እርሱ ነው፤ በደብረ ሲና ከአነጋገረው መልአክና፤ ከአባቶቻችንም ጋር ለእኛ ሊሰጠን የሕይወትን ቃል የተቀበለ እርሱ ነው።
5984e3bb-f81b-5c0b-a625-07f11997897e,344426a6-5cff-5082-a503-418ab240243a,193fdabe-f618-5cde-ac95-ba3ece27e949,5,39,አባቶቻችን ለእርሱ መታዘዝን እንቢ አሉ፤ ከዱትም፤ ልባቸውንም ወደ ግብፅ ሀገር መለሱ።
c31a8a85-2c8a-54fd-ab22-a82541f9ea13,344426a6-5cff-5082-a503-418ab240243a,193fdabe-f618-5cde-ac95-ba3ece27e949,6,40,አሮንንም፦ ‘በፊት በፊታችን የሚሄዱ አማልክትን ሥራልን፤ ያ ከምድረ ግብፅ ያወጣን ሙሴ የሆነውን አናውቅምና’ አሉት።
e8c5cb3c-6d78-545b-a54a-9875e3979c59,344426a6-5cff-5082-a503-418ab240243a,193fdabe-f618-5cde-ac95-ba3ece27e949,7,41,ያንጊዜም የጥጃ ምስል ሠሩ፤ ለጣዖቱም መሥዋዕት አቀረቡ፤ በእጃቸው ሥራም ደስ አላቸው።
6c73fe2b-5c4d-5d5a-a28b-e74da8acd898,344426a6-5cff-5082-a503-418ab240243a,193fdabe-f618-5cde-ac95-ba3ece27e949,8,42,እግዚአብሔርም ተለያቸው፤ የሰማይ ጭፍራን ያመልኩም ዘንድ ተዋቸው፤ የነቢያት መጽሐፍ እንዲህ እንዳለ፤ ‘እናንት የእስራኤል ወገኖች ሆይ፥ በውኑ በምድረ በዳ ሳላችሁ አርባ ዐመት ያቀረባችሁልኝ ቍርባንና መሥዋዕት አለን?
68d3e39a-b702-5b92-a3ee-97764fc0024d,344426a6-5cff-5082-a503-418ab240243a,193fdabe-f618-5cde-ac95-ba3ece27e949,9,43,ነገር ግን የሞሎህን ድንኳን አነሣችሁ፤ ሬፋን የሚባለውንም ኮከብ አመለካችሁ፤ ትሰግዱላቸውም ዘንድ ምስሎቻቸውን አበጃችሁ፤ እኔም ወደ ባቢሎን እንድትማረኩ አደርጋችኋለሁ።’
d05f10d4-9874-535e-a14e-39911cf5649d,344426a6-5cff-5082-a503-418ab240243a,193fdabe-f618-5cde-ac95-ba3ece27e949,10,44,“ሙሴን ተናግሮ እንደ አዘዘው በአሳየው ምሳሌ የሠራት የምስክር ድንኳን በአባቶቻችን ዘንድ በምድረ በዳ ነበረች።
eb795164-500f-531c-a428-5eaf2578accb,344426a6-5cff-5082-a503-418ab240243a,193fdabe-f618-5cde-ac95-ba3ece27e949,11,45,ኢያሱና አባቶቻችንም በተራ ተቀብለው እግዚአብሔር ከአባቶቻችን ፊት አስወጥቶ ወደ ሰደዳቸው ወደ አሕዛብ ሀገር ከእነርሱ ጋር አገቡአት፤ እስከ ዳዊት ዘመንም ነበረች።
0d8d9b6b-8e5d-5426-ae68-14137e1f0fe2,344426a6-5cff-5082-a503-418ab240243a,193fdabe-f618-5cde-ac95-ba3ece27e949,12,46,ዳዊትም በእግዚአብሔር ፊት ባለመዋልነትን አግኝቶ ለያዕቆብ አምላክ ማደሪያ ያገኝ ዘንድ ለመነ።
8975a25a-6e51-59a3-a43c-41f8abe8fa9a,344426a6-5cff-5082-a503-418ab240243a,193fdabe-f618-5cde-ac95-ba3ece27e949,13,47,ሰሎሞን ግን ቤትን ሠራለት።
5f79227a-c5cc-5446-ada7-c4f9810761d1,344426a6-5cff-5082-a503-418ab240243a,193fdabe-f618-5cde-ac95-ba3ece27e949,14,48,ነገር ግን ልዑል የሰው እጅ በሠራው ቤት የሚኖር አይደለም፤ ነቢይ እንዲህ ብሎአልና።
2c3ef6b2-b366-59a1-aef2-5d8ae95af3ce,344426a6-5cff-5082-a503-418ab240243a,193fdabe-f618-5cde-ac95-ba3ece27e949,15,49,እግዚአብሔር እንዲህ ይላል፦ ‘ሰማይ ዙፋኔ ነው፤ ምድርም የእግሬ መረገጫ ናት፤ ምን ዐይነት ቤት ትሠሩልኛላችሁ? የማርፍበት ቦታስ ምን ዐይነት ቦታ ነው?
ca1ea02a-21cc-5a0b-a8aa-3eaa65263507,344426a6-5cff-5082-a503-418ab240243a,193fdabe-f618-5cde-ac95-ba3ece27e949,16,50,ይህን ሁሉ እጆች የሠሩት አይደለምን?’
f1a99a35-d3b2-5f65-ab23-f608d83b4350,344426a6-5cff-5082-a503-418ab240243a,6803c2e2-4462-5182-a550-bf89f76e4753,1,51,“እናንተ አንገታችሁ የደነደነ፥ ልባችሁም የተደፈነ፥ ጆሮአችሁም የደነቈረ፥ እንደ አባቶቻችሁ መንፈስ ቅዱስን ዘወትር ትቃወማላችሁ።
edadabe5-6e4f-54a9-a2e2-62e033c5e51a,344426a6-5cff-5082-a503-418ab240243a,6803c2e2-4462-5182-a550-bf89f76e4753,2,52,አባቶቻችሁ ከነቢያት ያላሳደዱት ማን አለ? ዛሬም እናንተ አሳልፋችሁ የሰጣችሁትንና የገደላችሁትን የጻድቁን መምጣት አስቀድመው የተናገሩትን ገደሉአቸው።
99c65127-8b31-5e72-a568-e0720b9c30c9,344426a6-5cff-5082-a503-418ab240243a,6803c2e2-4462-5182-a550-bf89f76e4753,3,53,በመላእክትም ሥርዐት ኦሪትን ተቀብላችሁ አልጠበቃችሁትም።”
85ed3a13-a52a-5e4b-aaa8-e0c17a735ac2,344426a6-5cff-5082-a503-418ab240243a,c2a75570-b22e-513a-a0fa-2d9275c8bd6e,1,54,ይህንም ሰምተው ተበሳጩ፤ ልባቸውም ተናደደ፤ ጥርሳቸውንም አፋጩበት።
e05f80e0-c254-5d4f-a600-ed33335d662f,344426a6-5cff-5082-a503-418ab240243a,c2a75570-b22e-513a-a0fa-2d9275c8bd6e,2,55,በእስጢፋኖስም ላይ መንፈስ ቅዱስ መላ፤ ወደ ሰማይም ተመለከተ፤ የእግዚአብሔርን ክብር፥ ኢየሱስም በእግዚአብሔር ቀኝ ቆሞ አየ።
8bf3c511-ce93-556a-a763-3509094d3598,344426a6-5cff-5082-a503-418ab240243a,c2a75570-b22e-513a-a0fa-2d9275c8bd6e,3,56,“እነሆ ሰማይ ተከፍቶ፤ የሰው ልጅም በእግዚአብሔር ቀኝ ቆሞ አያለሁ” አለ።
21763158-6320-5313-a976-8697ed51b2c1,344426a6-5cff-5082-a503-418ab240243a,c2a75570-b22e-513a-a0fa-2d9275c8bd6e,4,57,እነርሱም በታላቅ ቃል ጮኹ፤ ጆሮአቸውንም ደፈኑ፤ በአንድነትም ተነሥተው ከበቡት።
4774fa9b-aee6-52ea-aec6-51ac29d27a57,344426a6-5cff-5082-a503-418ab240243a,c2a75570-b22e-513a-a0fa-2d9275c8bd6e,5,58,ከከተማም ወደ ውጭ ጐትተው አውጥተው ወገሩት፤ የሚወግሩት ሰዎችም ልብሳቸውን ሳውል በሚባል ጐልማሳ እግር አጠገብ አስቀመጡ።
0acafed8-b27d-55bb-a9df-459cee24b886,344426a6-5cff-5082-a503-418ab240243a,c2a75570-b22e-513a-a0fa-2d9275c8bd6e,6,59,እስጢፋኖስም፥ “ጌታዬ ኢየሱስ ሆይ፥ ነፍሴን ተቀበል” እያለ ሲጸልይ ይወግሩት ነበር።
fde29e88-09a3-50c8-a3ed-76fcaac83b37,344426a6-5cff-5082-a503-418ab240243a,c2a75570-b22e-513a-a0fa-2d9275c8bd6e,7,60,በጕልበቱም ተንበርክኮ፥ “አቤቱ፥ ይህን ኀጢአት አትቍጠርባቸው” ብሎ በታላቅ ድምፅ ጮኸ። ይህንም ብሎ ሞተ፤ ሳውልም በእስጢፋኖስ ሞት ተባባሪ ነበር።
66471ee0-d0eb-5731-a01f-f4c509c023bb,27daa8bf-32de-58a3-a214-d5f4a88f407f,4b89711a-86e9-5bed-aa94-403d1d49301c,1,1,በዚያ ወራትም በኢየሩሳሌም ባለችው ቤተ ክርስቲያን ላይ ታላቅ ስደት ሆነ፤ ከሐዋርያትም በቀር ሁሉም በይሁዳና በሰማርያ ባሉ አውራጃዎች ሁሉ ተበተኑ።
cc98b409-cd14-501e-a732-d6d31483a230,27daa8bf-32de-58a3-a214-d5f4a88f407f,4b89711a-86e9-5bed-aa94-403d1d49301c,2,2,እስጢፋኖስንም ደጋግ ሰዎች አንሥተው ቀበሩት፤ ታላቅ ልቅሶም አለቀሱለት።
530f81f7-00a9-5cce-a2b2-ae088e4522c9,27daa8bf-32de-58a3-a214-d5f4a88f407f,1b7617f0-5159-59b6-ad9d-a3018638fd65,1,3,ሳውል ግን ገና አብያተ ክርስቲያናትን ይቃወም ነበር፤ የሰውንም ቤት ሁሉ ይበረብር ነበር፤ ወንዶችንም ሴቶችንም እየጐተተ ወደ ወኅኒ ቤት ያስገባቸው ነበር።
a7f6c42d-9755-5ef3-a126-b85d9145a612,27daa8bf-32de-58a3-a214-d5f4a88f407f,1b7617f0-5159-59b6-ad9d-a3018638fd65,2,4,የተበተኑት ግን እየተዘዋወሩ የእግዚአብሔርን ቃል ሰበኩ፥ አስተማሩም።
fca8016e-f356-5ec8-a7cb-7f149935eb70,27daa8bf-32de-58a3-a214-d5f4a88f407f,1b7617f0-5159-59b6-ad9d-a3018638fd65,3,5,ፊልጶስም ወደ ሰማርያ ከተማ ወረደ፤ ስለ ክርስቶስም ሰበከላቸው።
3ab96a17-ae13-5e10-aee7-d0c86795bf23,27daa8bf-32de-58a3-a214-d5f4a88f407f,1b7617f0-5159-59b6-ad9d-a3018638fd65,4,6,ሕዝቡም የነገራቸውን በሰሙና ያደርገው የነበረውን ተአምራት በአዩ ጊዜ በአንድ ልብ የፊልጶስን ነገር ተቀበሉ።
ce3f9576-2655-52ab-a06d-af336538f001,27daa8bf-32de-58a3-a214-d5f4a88f407f,1b7617f0-5159-59b6-ad9d-a3018638fd65,5,7,ርኩሳን መናፍስት ያደሩባቸውም ብዙዎች ነበሩና፥ በታላቅ ቃል እየጮኹ ይወጡ ነበር፤ ብዙዎች ልምሾዎችና አንካሶችም ይፈወሱ ነበር።
74a7961b-96ab-5f9e-a173-235b7c7512be,27daa8bf-32de-58a3-a214-d5f4a88f407f,1b7617f0-5159-59b6-ad9d-a3018638fd65,6,8,በዚያችም ከተማ ታላቅ ደስታ ሆነ።
3c1be3eb-4a84-5ff5-a8e6-a41718f09b99,27daa8bf-32de-58a3-a214-d5f4a88f407f,1b7617f0-5159-59b6-ad9d-a3018638fd65,7,9,በዚያችም ከተማ ሲሞን የሚባል አንድ ሰው ነበር፤ የሰማርያ ሰዎችንም ያስት ነበር፤ ሰውየዉ ሥራየኛ ነበር፤ ራሱንም ታላቅ ያደርግ ነበር።
6e3a5d2f-4612-5ce7-a8a7-619d9627c055,27daa8bf-32de-58a3-a214-d5f4a88f407f,1b7617f0-5159-59b6-ad9d-a3018638fd65,8,10,ከታናናሾቹም ጀምሮ እስከ ታላላቆቹ ድረስ “ታላቁ የእግዚአብሔር ኀይል ይህ ነው” እያሉ ሁሉም ያደምጡት ነበር።
23424432-3123-572c-a595-4e0bc332ca07,27daa8bf-32de-58a3-a214-d5f4a88f407f,1b7617f0-5159-59b6-ad9d-a3018638fd65,9,11,ከብዙ ዘመንም ጀምሮ በጥንቈላው ያታልላቸው ስለ ነበር ያዳምጡት ነበር።
af6f8210-e4d2-528f-a74a-5226fefb4a00,27daa8bf-32de-58a3-a214-d5f4a88f407f,1b7617f0-5159-59b6-ad9d-a3018638fd65,10,12,ነገር ግን ፊልጶስ ስለ እግዚአብሔር መንግሥትና ስለ ኢየሱስ ክርስቶስ ሰብኮላቸው በአመኑ ጊዜ ሴቶችም ወንዶችም ተጠመቁ።
b0bd1562-8537-50a3-a111-ee790306d098,27daa8bf-32de-58a3-a214-d5f4a88f407f,1b7617f0-5159-59b6-ad9d-a3018638fd65,11,13,ሲሞንም ወዲያውኑ አምኖ ተጠመቀ፤ ፊልጶስንም ይከተል ጀመር፤ በፊልጶስም እጅ የሚደረገውን ተአምርና ታላቅ ኀይል ባየ ጊዜ ይደነቅ ነበር።
5cb5e431-9997-5482-a40e-57cc997712b4,27daa8bf-32de-58a3-a214-d5f4a88f407f,1b7617f0-5159-59b6-ad9d-a3018638fd65,12,14,በኢየሩሳሌም የነበሩ ሐዋርያትም የሰማርያ ሰዎች የእግዚአብሔርን ቃል እንደ ተቀበሉ በሰሙ ጊዜ ጴጥሮስንና ዮሐንስን ወደ እነርሱ ላኩላቸው።
5beff27f-cec8-5ccc-acbe-49dbde5181c0,27daa8bf-32de-58a3-a214-d5f4a88f407f,1b7617f0-5159-59b6-ad9d-a3018638fd65,13,15,ወርደውም መንፈስ ቅዱስን እንዲቀበሉ ጸለዩላቸው።
de6d0f73-c63a-53c9-a4f9-b274ab119d0d,27daa8bf-32de-58a3-a214-d5f4a88f407f,1b7617f0-5159-59b6-ad9d-a3018638fd65,14,16,በጌታችን በኢየሱስ ክርስቶስ ስም ተጠመቁ እንጂ ከመካከላቸው በአንዱ ላይ ስንኳ መንፈስ ቅዱስ ገና አልወረደም ነበርና።
f673aa81-deab-5a5c-adbc-cbf170531218,27daa8bf-32de-58a3-a214-d5f4a88f407f,1b7617f0-5159-59b6-ad9d-a3018638fd65,15,17,በዚያ ጊዜም እጃቸውን ጫኑባቸው፤ መንፈስ ቅዱስንም ተቀበሉ።
e076fca2-d7eb-5c9e-a936-daf2b5ad5af9,27daa8bf-32de-58a3-a214-d5f4a88f407f,1b7617f0-5159-59b6-ad9d-a3018638fd65,16,18,ሲሞንም ሐዋርያት እጃቸውን በጫኑበት ሰው ላይ መንፈስ ቅዱስ እንደሚወርድ ባየ ጊዜ ገንዘብ አመጣላቸውና፥
9ec2e90e-736e-5882-a9c5-fb8a4477e5f8,27daa8bf-32de-58a3-a214-d5f4a88f407f,1b7617f0-5159-59b6-ad9d-a3018638fd65,17,19,“እጄን በምጭንበት ሰው ላይ መንፈስ ቅዱስ ይወርድ ዘንድ ለእኔም ይህን ሥልጣን ስጡኝ” አላቸው።
10bd7d0c-14d5-5134-ae2c-74d322b2488e,27daa8bf-32de-58a3-a214-d5f4a88f407f,1b7617f0-5159-59b6-ad9d-a3018638fd65,18,20,ጴጥሮስ ግን እንዲህ አለው፥ “የእግዚአብሔርን ጸጋ በገንዘብ ልትገዛ ዐስበሃልና ገንዘብህ ከአንተ ጋር ይጥፋ።
03a497bb-3147-5761-adca-7532eb668720,27daa8bf-32de-58a3-a214-d5f4a88f407f,1b7617f0-5159-59b6-ad9d-a3018638fd65,19,21,በዚህ ነገር ዕድልና ርስት የለህም፥ በእግዚአብሔር ፊት ልብህ የቀና አይደለምና።
53f5fad9-2fa1-5ced-ab00-d9624b1c453f,27daa8bf-32de-58a3-a214-d5f4a88f407f,1b7617f0-5159-59b6-ad9d-a3018638fd65,20,22,አሁንም ከክፋትህ ተመለስና ንስሓ ግባ። የልቡናህንም ዐሳብ ይተውልህ እንደ ሆነ እግዚአብሔርን ለምን።
35dc6fb1-98b7-539d-a501-aa9f8eb36f34,27daa8bf-32de-58a3-a214-d5f4a88f407f,1b7617f0-5159-59b6-ad9d-a3018638fd65,21,23,በመራራ መርዝ ተመርዘህ፥ በዐመፃ ማሰሪያ ተተብትበህ የምትኖር ሆነህ አይሃለሁና።”
b9290bfb-80f0-5383-acca-f998bc7e9204,27daa8bf-32de-58a3-a214-d5f4a88f407f,1b7617f0-5159-59b6-ad9d-a3018638fd65,22,24,ሲሞንም መልሶ፥ “ካላችሁት ሁሉ ምንም እንዳይደርስብኝ እናንተ ወደ እግዚአብሔር ለምኑልኝ” አለ።
67711c00-e1ac-56fd-a3a4-3d97607ab22c,27daa8bf-32de-58a3-a214-d5f4a88f407f,1b7617f0-5159-59b6-ad9d-a3018638fd65,23,25,እነርሱም ከመሰከሩና የእግዚአብሔርን ቃል ከተናገሩ በኋላ ወደ ኢየሩሳሌም ተመለሱ፤ በብዙዎች የሰማርያ መንደሮችም የእግዚአብሔርን ቃል አስተማሩ።
d45cd399-b9eb-5e71-ad00-af7e885d800e,27daa8bf-32de-58a3-a214-d5f4a88f407f,e8d26263-9fc1-5bc9-ab97-06590505a266,1,26,የእግዚአብሔር መልአክም ፊልጶስን ተናገረው፤ እንዲህም አለው፥ “በቀትር ጊዜ ተነሣና በደቡብ በኩል ከኢየሩሳሌም ወደ ጋዛ በሚያወርደው በምድረ በዳው መንገድ ሂድ።”
df67daa1-2b3e-5e9e-a66b-557727e1a5f8,27daa8bf-32de-58a3-a214-d5f4a88f407f,e8d26263-9fc1-5bc9-ab97-06590505a266,2,27,ተነሥቶም ሄደ፤ እነሆም፥ የኢትዮጵያ ንግሥት የሕንደኬ ጃንደረባ ከሹሞችዋ የበለጠ፥ በሀብቷም ሁሉ ላይ በጅሮንድ የነበረ፥ አንድ የኢትዮጵያ ሰው ነበር፤ እርሱም ሊሰግድ ወደ ኢየሩሳሌም መጣ።
73c0d1ef-3b86-51d1-afc1-dfa06b5c9023,27daa8bf-32de-58a3-a214-d5f4a88f407f,e8d26263-9fc1-5bc9-ab97-06590505a266,3,28,ሲመለስም በሰረገላው ላይ ተቀምጦ የነቢዩ የኢሳይያስን መጽሐፍ ያነብ ነበር።
f4ab7029-5c56-54f4-a23b-be4a2195fa79,27daa8bf-32de-58a3-a214-d5f4a88f407f,e8d26263-9fc1-5bc9-ab97-06590505a266,4,29,መንፈስ ቅዱስም ፊልጶስን፥ “ሂድ፤ ይህን ሰረገላ ተከተለው” አለው።
9f0d806e-d55e-563b-a370-05ebc56c936e,27daa8bf-32de-58a3-a214-d5f4a88f407f,e8d26263-9fc1-5bc9-ab97-06590505a266,5,30,ፊልጶስም ፈጥኖ ደርሶ የነቢዩን የኢሳይያስን መጽሐፍ ሲያነብ ሰማው፤ ፊልጶስም፥ “በውኑ የምታነበውን ታውቀዋለህን?” አለው።
bfc433d5-9ff4-526c-a988-665cc0ccd60f,27daa8bf-32de-58a3-a214-d5f4a88f407f,e8d26263-9fc1-5bc9-ab97-06590505a266,6,31,ጃንደረባውም፥ “ያስተማረኝ ሳይኖር በምን አውቀዋለሁ?” አለው፤ ወደ ሰረገላውም ወጥቶ አብሮት ይቀመጥ ዘንድ ፊልጶስን ለመነው።
c1f7ff42-3d8a-5def-a450-9cbf366a7da2,27daa8bf-32de-58a3-a214-d5f4a88f407f,e8d26263-9fc1-5bc9-ab97-06590505a266,7,32,ያነበው የነበረ የመጽሐፉ ቃልም እንዲህ የሚል ነበር፤ “እንደ በግ ወደ መታረድ ተነዳ፤ የበግ ጠቦትም በሚሸልተው ፊት እንደማይናገር እንዲሁ አፉን አልከፈተም።
e9a80e29-5bb6-5fb2-a3a8-2fbd44038806,27daa8bf-32de-58a3-a214-d5f4a88f407f,e8d26263-9fc1-5bc9-ab97-06590505a266,8,33,በውርደቱ ፍርዱ ተወገደ፤ ሕይወቱ ከምድር ተወግዶአልና ትውልዱን ማን ይናገራል?”
c224efce-7987-5e7c-a2ba-214fdf848c4e,27daa8bf-32de-58a3-a214-d5f4a88f407f,e8d26263-9fc1-5bc9-ab97-06590505a266,9,34,ጃንደረባውም ለፊልጶስ መልሶ፥ “ነቢዩ ስለ ማን እንዲህ ይላል? ስለ ራሱ ነውን? ወይስ ስለ ሌላ? እባክህ ንገረኝ” አለው።
c5627f86-2952-5b90-a068-98d5ea9b797d,27daa8bf-32de-58a3-a214-d5f4a88f407f,e8d26263-9fc1-5bc9-ab97-06590505a266,10,35,ፊልጶስም አፉን ከፈተ፤ ስለ ኢየሱስም ከዚያው መጽሐፍ ጀምሮ አስተማረው።
52e99dfd-a56c-5b08-ac3d-9fa34b5875a1,27daa8bf-32de-58a3-a214-d5f4a88f407f,e8d26263-9fc1-5bc9-ab97-06590505a266,11,36,በመንገድ ሲሄዱም ወደ ውኃ ደረሱ፤ ጃንደረባውም፥ “እነሆ፥ ውኃ፥ መጠመቅን ምን ይከለክለኛል?” አለው።
375b4e27-aed5-57e3-aebb-b49db058b47a,27daa8bf-32de-58a3-a214-d5f4a88f407f,e8d26263-9fc1-5bc9-ab97-06590505a266,12,37,ፊልጶስም፥ “በፍጹም ልብህ ብታምን ይገባሃል” አለው፤ ጃንደረባውም መልሶ፥ “ኢየሱስ ክርስቶስ የእግዚአብሔር ልጅ እንደ ሆነ እኔ አምናለሁ” አለው።
49359078-e4cb-5b53-aac4-c42b9d94f9d7,27daa8bf-32de-58a3-a214-d5f4a88f407f,e8d26263-9fc1-5bc9-ab97-06590505a266,13,38,ሰረገላውንም እንዲያቆሙ አዘዘ፤ አቁመውም ፊልጶስና ጃንደረባው በአንድነት ወደ ውኃው ወረዱ፤ አጠመቀውም።
a4f3e259-c38a-548b-ab36-466ea238931a,27daa8bf-32de-58a3-a214-d5f4a88f407f,e8d26263-9fc1-5bc9-ab97-06590505a266,14,39,ከውኃዉም ከወጡ በኋላ የእግዚአብሔር መንፈስ ፊልጶስን ነጥቆ ወሰደው፤ ጃንደረባዉም ከዚያ ወዲያ አላየውም፤ ደስ እያለውም መንገዱን ሄደ።
142a2c97-5901-510c-af3f-2d7ba973ec6a,27daa8bf-32de-58a3-a214-d5f4a88f407f,e8d26263-9fc1-5bc9-ab97-06590505a266,15,40,ፊልጶስም አዛጦን ወደምትባል ሀገር ደረሰ፤ በከተማዎችም ሁሉ እየተዘዋወረ ወደ ቂሳርያ እስኪደርስ ድረስ ያስተምር ነበር።
d67d6d53-8f7b-5ec4-aef4-c06eaf023d49,788c56eb-6e21-50f4-aa94-1208d924e3c9,bb56d8a7-fffb-5484-aa35-e6ec1033fec8,1,1,ሳውል ግን የጌታን ደቀ መዛሙርት ለመግደል ገና እየዛተ ወደ ሊቀ ካህናቱ ሄደ።
34ecf2be-891d-5c99-a0f5-abb981d1e493,788c56eb-6e21-50f4-aa94-1208d924e3c9,bb56d8a7-fffb-5484-aa35-e6ec1033fec8,2,2,ምንአልባት በመንገድ የሚያገኘው ሰው ቢኖር ወንዶችንም ሴቶችንም እያሰረ ወደ ኢየሩሳሌም ያመጣቸው ዘንድ በደማስቆ ላሉት ምኵራቦች የሥልጣን ደብዳቤ ከሊቀ ካህናቱ ለመነ።
02fd6fec-b018-55a5-aa84-d58a562a1762,788c56eb-6e21-50f4-aa94-1208d924e3c9,bb56d8a7-fffb-5484-aa35-e6ec1033fec8,3,3,ሲሄድም ወደ ደማስቆ ከተማ አቅራቢያ በደረሰ ጊዜ መብረቅ ድንገት ከሰማይ ብልጭ አለበት።
3da983a1-d5bb-52b2-a1e8-78c4b3ff0bfa,788c56eb-6e21-50f4-aa94-1208d924e3c9,bb56d8a7-fffb-5484-aa35-e6ec1033fec8,4,4,በምድር ላይም ወደቀ፤ ወዲያውም፥ “ሳውል፥ ሳውል፥ ለምን ታሳድደኛለህ?” የሚለውን ቃል ሰማ።
b6b57c08-435d-5ec3-a5fa-a9c3ebd0af18,788c56eb-6e21-50f4-aa94-1208d924e3c9,bb56d8a7-fffb-5484-aa35-e6ec1033fec8,5,5,ሳውልም፥ “አቤቱ፥ አንተ ማነህ?” አለው፤ እርሱም፥ “አንተ የምታሳድደኝ የናዝሬቱ ኢየሱስ ነኝ፤ በሾለ ብረት ላይ ብትቆም ለአንተ ይብስሃል” አለው።
d6cc9fcb-19e1-524c-a9df-f94b16dc31ca,788c56eb-6e21-50f4-aa94-1208d924e3c9,bb56d8a7-fffb-5484-aa35-e6ec1033fec8,6,6,እርሱም እየፈራና እየተንቀጠቀጠ፥ “አቤቱ፥ ምን እንዳደርግ ትሻለህ?” አለው፤ ጌታም፥ “ተነሣና ወደ ከተማ ግባ፤ በዚያም ልታደርገው የሚገባህን ይነግሩሃል” አለው።
5af99292-e669-5524-a69a-38e3518124f0,788c56eb-6e21-50f4-aa94-1208d924e3c9,bb56d8a7-fffb-5484-aa35-e6ec1033fec8,7,7,ከእርሱም ጋር የነበሩት ሰዎች ድምፅ እየሰሙ ማንንም ሳያዩ ተደንቀው ቆሙ።
17b32abc-234c-5517-a84c-5b474e40fb4c,788c56eb-6e21-50f4-aa94-1208d924e3c9,bb56d8a7-fffb-5484-aa35-e6ec1033fec8,8,8,ሳውልም ከምድር ተነሣ፤ ነገር ግን ዐይኖቹ ተገልጠው ሳሉ የሚያየው ነገር አልነበረም፤ እየመሩም ወደ ደማስቆ አገቡት።
ddd8aee2-511b-57d8-ad50-ed80f012e5d9,788c56eb-6e21-50f4-aa94-1208d924e3c9,bb56d8a7-fffb-5484-aa35-e6ec1033fec8,9,9,በዚያም ሳያይ ሳይበላና ሳይጠጣ ሦስት ቀን ቈየ።
c306826c-6a4d-5814-a891-2bab357a41c2,788c56eb-6e21-50f4-aa94-1208d924e3c9,bb56d8a7-fffb-5484-aa35-e6ec1033fec8,10,10,በደማስቆም ስሙን ሐናንያ የሚሉት አንድ ደቀ መዝሙር ነበር፤ ጌታም በራእይ ተገልጦ፥ “ሐናንያ” ብሎ ጠራው፤ እርሱም፥ “አቤቱ፥ እነሆኝ” አለ።
f228bc9d-2439-5bad-a948-2382c38af60a,788c56eb-6e21-50f4-aa94-1208d924e3c9,bb56d8a7-fffb-5484-aa35-e6ec1033fec8,11,11,ጌታም፥ “ተነሣና ቅን በምትባለው መንገድ ሂድ፤ በይሁዳ ቤትም ከጠርሴስ ሀገር የመጣ ሳውል የሚባል ሰው ፈልግ፤ እርሱ አሁን ይጸልያልና” አለው።
d150c5f8-3ee8-5dff-a584-6d2e43dc1398,788c56eb-6e21-50f4-aa94-1208d924e3c9,bb56d8a7-fffb-5484-aa35-e6ec1033fec8,12,12,ሳውልም በራእይ ሐናንያ የሚባል ሰው ወደ እርሱ ገብቶ ያይ ዘንድ እጁን ሲጭንበት አየ።
953227de-b01d-5b3a-a20c-1ee9e918b9c5,788c56eb-6e21-50f4-aa94-1208d924e3c9,bb56d8a7-fffb-5484-aa35-e6ec1033fec8,13,13,ሐናንያ ግን መልሶ እንዲህ አለ፥ “አቤቱ፥ ስለዚህ ሰው በኢየሩሳሌም በቅዱሳኖችህ ላይ የሚያደርገውን ክፉ ነገር ሁሉ ከብዙ ሰዎች ሰምቻለሁ።
d87a8d89-633e-5af8-a696-642d33f530f6,788c56eb-6e21-50f4-aa94-1208d924e3c9,bb56d8a7-fffb-5484-aa35-e6ec1033fec8,14,14,ወደዚህም ከካህናቱ አለቃ አስፈቅዶ የመጣ ስምህን የሚጠሩትን ሁሉ ሊያስር ነው።”
00cb9ba3-3e16-54e8-ad7d-3d44a1f0483b,788c56eb-6e21-50f4-aa94-1208d924e3c9,bb56d8a7-fffb-5484-aa35-e6ec1033fec8,15,15,ጌታችንም እንዲህ አለው፥ “ተነሥና ሂድ፤ በአሕዛብና በነገሥታት፥ በእስራኤል ልጆችም ፊት ስሜን ይሸከም ዘንድ ለእኔ የተመረጠ ዕቃ አድርጌዋለሁና።
5dac5025-b2c6-5246-ae5e-ad19e42dbba5,788c56eb-6e21-50f4-aa94-1208d924e3c9,bb56d8a7-fffb-5484-aa35-e6ec1033fec8,16,16,እኔም ስለ ስሜ መከራን ይቀበል ዘንድ እንዳለው አሳየዋለሁ።”
5ff51536-1686-5969-a7d1-c6b3ba2e05fe,788c56eb-6e21-50f4-aa94-1208d924e3c9,bb56d8a7-fffb-5484-aa35-e6ec1033fec8,17,17,ያንጊዜም ሐናንያ ሄደ፤ ወደ ቤትም ገባ፤ እጁንም ጫነበትና፥ “ወንድሜ ሳውል፥ በመንገድ ስትመጣ የታየህ ጌታችን ኢየሱስ ክርስቶስ ታይና መንፈስ ቅዱስ ይመላብህ ዘንድ ወደ አንተ ልኮኛል” አለው።
57291f6c-b034-5e4d-a585-c537a3eab758,788c56eb-6e21-50f4-aa94-1208d924e3c9,bb56d8a7-fffb-5484-aa35-e6ec1033fec8,18,18,ያንጊዜም ፈጥኖ እንደ ቅርፊት ያለ ነገር ከዐይኖቹ ላይ ተገፎ ወደቀ፤ ዐይኖቹም ተገለጡ፤ ወዲያውም አየ፤ ተነሥቶም ተጠመቀ።
08209d3e-2bca-508c-ad0c-b451f2e3afd6,788c56eb-6e21-50f4-aa94-1208d924e3c9,bb56d8a7-fffb-5484-aa35-e6ec1033fec8,19,19,እህልም በላ፤ በረታም፤ ጥቂት ቀንም ከደቀ መዛሙርት ጋር በደማስቆ ሰነበተ።
14c09650-d563-5d82-a296-e10b4c18fdee,788c56eb-6e21-50f4-aa94-1208d924e3c9,bb56d8a7-fffb-5484-aa35-e6ec1033fec8,20,20,ወዲያውኑም “የእግዚአብሔር ልጅ ነው” ብሎ ስለ ኢየሱስ ክርስቶስ በየምኵራቦቹ ሰበከ፥ አስተማረም።
008d0c32-28df-56fc-a98c-957d6a019523,788c56eb-6e21-50f4-aa94-1208d924e3c9,bb56d8a7-fffb-5484-aa35-e6ec1033fec8,21,21,የሰሙትም ሁሉ አደነቁ፤ እንዲህም አሉ፥ “በኢየሩሳሌም ይህን ስም የሚጠሩትን ሁሉ ይጠላቸው የነበረው ይህ አይደለምን? ስለዚህ ወደዚህ የመጣው እያሰረ ወደ ሊቀ ካህናቱ ሊወስዳቸው አይደለምን?”
d5e9a78e-7a49-506c-aed8-076bc0d5fe2e,788c56eb-6e21-50f4-aa94-1208d924e3c9,bb56d8a7-fffb-5484-aa35-e6ec1033fec8,22,22,ሳውል ግን እየበረታ ሔደ፤ በደማስቆም ለነበሩት አይሁድ ይህ ክርስቶስ እንደ ሆነ እያስረዳ መልስ አሳጣቸው።
19c5eec8-ef77-522a-a1b2-c377995c9d44,788c56eb-6e21-50f4-aa94-1208d924e3c9,bb56d8a7-fffb-5484-aa35-e6ec1033fec8,23,23,ከብዙ ቀንም በኋላ አይሁድ ሳውልን ይገድሉት ዘንድ ተማከሩ።
fb2a7c2d-5715-5bf0-a507-6c3c72cd3dea,788c56eb-6e21-50f4-aa94-1208d924e3c9,bb56d8a7-fffb-5484-aa35-e6ec1033fec8,24,24,ሳውል ግን በእርሱ ላይ ሊያደርጉት የሚሹትን ዐወቀባቸው፤ ሊገድሉትም በቀንና በሌሊት የከተማውን በር ይጠብቁ ነበር።
685a7ceb-e745-5dae-a707-7db6f619b83c,788c56eb-6e21-50f4-aa94-1208d924e3c9,bb56d8a7-fffb-5484-aa35-e6ec1033fec8,25,25,ደቀ መዛሙርትም በሌሊት ወሰዱት፤ በቅርጫትም አድርገው በቅጽሩ ድምድማት ላይ አወረዱት።
28ec48b0-161a-50fc-ae8e-a4b4932ad9d0,788c56eb-6e21-50f4-aa94-1208d924e3c9,bb56d8a7-fffb-5484-aa35-e6ec1033fec8,26,26,ሳውልም ወደ ኢየሩሳሌም በደረሰ ጊዜ ሊገናኛቸው ደቀ መዛሙርትን ፈለጋቸው። ሁሉም ፈሩት፤ የጌታችን ደቀ መዝሙር እንደ ሆነ አላመኑትም ነበርና።
d617873d-35a0-5dbe-a1c5-b955164399e4,788c56eb-6e21-50f4-aa94-1208d924e3c9,bb56d8a7-fffb-5484-aa35-e6ec1033fec8,27,27,በርናባስም አግኝቶ ወደ ሐዋርያት ወሰደው፤ ጌታችንም በመንገድ እንደ ተገለጠለትና እንደ አነጋገረው፥ በደማስቆም በኢየሱስ ስም እንደ አስተማረ ነገራቸው።
ae1a5342-4c9d-5b34-a843-576185a6faae,788c56eb-6e21-50f4-aa94-1208d924e3c9,bb56d8a7-fffb-5484-aa35-e6ec1033fec8,28,28,በኢየሩሳሌምም አብሮአቸው ይገባና ይወጣ ነበረ፤ በጌታችን በኢየሱስ ስምም በግልጥ ያስተምር ነበር።
4481d6db-c27c-50f3-ac21-41c4df0871fa,788c56eb-6e21-50f4-aa94-1208d924e3c9,bb56d8a7-fffb-5484-aa35-e6ec1033fec8,29,29,ከግሪክ ሀገር መጥተው የነበሩትንም አይሁድ ይከራከራቸው ነበር፤ እነርሱም ደግሞ ሊገድሉት ፈለጉ።
40603ddd-e722-5b84-a1ca-1654e34ad3fb,788c56eb-6e21-50f4-aa94-1208d924e3c9,bb56d8a7-fffb-5484-aa35-e6ec1033fec8,30,30,ወንድሞችም ይህን ባወቁ ጊዜ ወደ ቂሳርያ አወረዱት፤ ከዚያም ወደ ጠርሴስ ላኩት።
663176d3-861f-5550-a650-fbf1d11300d2,788c56eb-6e21-50f4-aa94-1208d924e3c9,bb56d8a7-fffb-5484-aa35-e6ec1033fec8,31,31,በይሁዳ፥ በሰማርያና በገሊላ ያሉ አብያተ ክርስቲያናት ሁሉ በሰላም ኖሩ፤ ታነጹም፤ እግዚአብሔርንም በመፍራት ጸንተው ኖሩ፤ ሕዝቡም በመንፈስ ቅዱስ አጽናኝነት በዙ።
9b3a2c58-ee97-5405-a9a7-dca7ccf32bb1,788c56eb-6e21-50f4-aa94-1208d924e3c9,aa6937bb-f932-5ca1-ad7e-14a3b43f933d,1,32,ከዚህም በኋላ ጴጥሮስ በየቦታዉ ሲዘዋወር በልዳ ወደሚኖሩት ቅዱሳን ዘንድ ደረሰ።
22f279ea-9b91-507f-ae4f-a74e6f04054d,788c56eb-6e21-50f4-aa94-1208d924e3c9,aa6937bb-f932-5ca1-ad7e-14a3b43f933d,2,33,በዚያም ኤንያ የተሰኘ ሰውን አገኘ፤ እርሱም ታሞ በአልጋ ከተኛ ስምንት ዓመት ሆኖት ነበረ፤ ሽባ ነበርና።
40c0d690-964d-523c-a1c3-557aba853c4a,788c56eb-6e21-50f4-aa94-1208d924e3c9,aa6937bb-f932-5ca1-ad7e-14a3b43f933d,3,34,ጴጥሮስም፥ “ኤንያ ሆይ፥ ኢየሱስ ክርስቶስ ይፈውስህ፤ ተነሥና አልጋህን አንጥፍ” አለው፤ ያንጊዜም ተነሣ።
c242d0b1-3e2a-5d7b-a0a0-efeb57ef5439,788c56eb-6e21-50f4-aa94-1208d924e3c9,aa6937bb-f932-5ca1-ad7e-14a3b43f933d,4,35,በልዳና በሳሮና የሚኖሩም ሁሉ እርሱን አይተው ወደ ጌታችን ተመለሱ።
9c7eab15-cb50-5575-aed9-3fb6368f03bd,788c56eb-6e21-50f4-aa94-1208d924e3c9,d5dfb44d-3874-545f-af20-5d7806750f29,1,36,በኢዮጴ ሀገርም ጣቢታ የምትባል አንዲት ደቀ መዝሙር ነበረች፤ በትርጓሜውም ዶርቃስ ይሉአታል፤ ፌቆ ማለት ነው፤ እርስዋም ብዙ ደጋግ ሥራ ትሠራ ነበር፤ ምጽዋትም ትሰጥ ነበር።
c33dbfa0-10af-5a15-a17b-8ef68790f862,788c56eb-6e21-50f4-aa94-1208d924e3c9,d5dfb44d-3874-545f-af20-5d7806750f29,2,37,ያንጊዜም ታማ ሞተችና በድንዋን አጥበው በሰገነት አስተኙአት።
3c10c5f6-b15c-5712-a735-ee02dc94aae8,788c56eb-6e21-50f4-aa94-1208d924e3c9,d5dfb44d-3874-545f-af20-5d7806750f29,3,38,ልዳም ለኢዮጴ ቅርብ ነበርና ደቀ መዛሙርት ጴጥሮስ በዚያ እንዳለ ሰምተው ወደ እነርሱ መምጣት እንዳይዘገይ ይማልዱት ዘንድ ሁለት ሰዎችን ወደ እርሱ ላኩ።
ad5c634c-a94d-56a0-a16e-368a517f1d2b,788c56eb-6e21-50f4-aa94-1208d924e3c9,d5dfb44d-3874-545f-af20-5d7806750f29,4,39,ጴጥሮስም ተነሥቶ አብሮአቸው ሄደ፤ በደረሰም ጊዜ ወደ ሰገነት አወጡት፤ ባልቴቶችም ሁሉ ወደ እርሱ መጥተው በፊቱ ቆሙ፤ ያለቅሱላትም ነበር፤ ዶርቃስም በሕይወት ሳለች የሠራችውን ቀሚሱንና መጐናጸፊያውን አሳዩት።
26b172ab-f0a2-5064-a075-b8493545f2a8,788c56eb-6e21-50f4-aa94-1208d924e3c9,d5dfb44d-3874-545f-af20-5d7806750f29,5,40,ጴጥሮስም ሁሉን ካስወጣ በኋላ ተንበርክኮ ጸለየ፤ ወደ በድንዋም መለስ ብሎ፥ “ጣቢታ ሆይ፥ ተነሽ” አላት፤ እርስዋም ዐይኖችዋን ገለጠች፤ ያንጊዜም ጴጥሮስን አየችው፤ ቀና ብላም ተቀመጠች።
356c703d-b18c-5a3d-a3b8-c989ca74329b,788c56eb-6e21-50f4-aa94-1208d924e3c9,d5dfb44d-3874-545f-af20-5d7806750f29,6,41,እጁንም ለእርስዋ ሰጥቶ አስነሣት፤ ቅዱሳንንና ባልቴቶችንም ጠርቶ እርስዋን አድኖ ሰጣቸው።
d8e7ed65-a59f-54b4-a7e5-17ec0ca5a9c5,788c56eb-6e21-50f4-aa94-1208d924e3c9,d5dfb44d-3874-545f-af20-5d7806750f29,7,42,በኢዮጴም ያሉ ሁሉ ይህን ሰሙ፤ ብዙዎችም በጌታችን አመኑ።
2f22e1c1-fdb2-519b-af97-f7b362c387f3,788c56eb-6e21-50f4-aa94-1208d924e3c9,d5dfb44d-3874-545f-af20-5d7806750f29,8,43,ጴጥሮስም በኢዮጴ በቍርበት ፋቂው በስምዖን ቤት ብዙ ቀን ተቀመጠ።
9df0342b-de24-5493-a346-5ce34593c24e,964aeee8-6384-5d91-a5d6-977deb8666d7,e0faae0b-7278-5133-a460-31a56fdb2e16,1,1,በቂሳርያም ቆርኔሌዎስ የሚባል አንድ ሰው ነበረ፤ ኢጣሊቄ ለሚሉት ጭፍራም የመቶ አለቃ ነበር።
0f3ecbfb-a3d7-5061-a116-a38e79387dcb,964aeee8-6384-5d91-a5d6-977deb8666d7,e0faae0b-7278-5133-a460-31a56fdb2e16,2,2,እርሱም ጻድቅና ከነቤተ ሰቡ እግዚአብሔርን የሚፈራ ነበር፤ ለሕዝቡም ብዙ ምጽዋት ይሰጥ ነበር፤ ዘወትርም ወደ እግዚአብሔር ይጸልይ ነበር።
24f2743b-8261-508b-a63c-58d598bf215c,964aeee8-6384-5d91-a5d6-977deb8666d7,e0faae0b-7278-5133-a460-31a56fdb2e16,3,3,የእግዚአብሔር መልአክም በራእይ ከቀኑ በዘጠኝ ሰዓት በግልጥ ታየው፤ ወደ እርሱም ገብቶ፥ “ቆርኔሌዎስ ሆይ፥” አለው።
8019ea51-e5b3-5028-af12-295acd78e862,964aeee8-6384-5d91-a5d6-977deb8666d7,e0faae0b-7278-5133-a460-31a56fdb2e16,4,4,ወደእርሱም ተመልክቶ ፈራና፥ “አቤቱ፥ ምንድን ነው?” አለ፤ መልአኩም እንዲህ አለው፥ “ጸሎትህም ምጽዋትህም መልካም መታሰቢያ ሆኖ ወደ እግዚአብሔር ዐርጎአል።
c97532c9-5243-5cd2-a15c-5dfa199aea05,964aeee8-6384-5d91-a5d6-977deb8666d7,e0faae0b-7278-5133-a460-31a56fdb2e16,5,5,አሁንም ጴጥሮስ የሚባለውን ስምዖንን ይጠሩልህ ዘንድ ወደ ኢዮጴ ከተማ ሰዎችን ላክ።
144f049c-8fad-5bf1-af55-72648a0fe8b6,964aeee8-6384-5d91-a5d6-977deb8666d7,e0faae0b-7278-5133-a460-31a56fdb2e16,6,6,እርሱም ቤቱ በባሕር አጠገብ ባለው በቍርበት ፋቂው በስምዖን ቤት እንግድነት ተቀምጦአል። ልታደርገው የሚገባህን እርሱ ይነግርሃል።”
cc2e7b99-9f72-5b34-af9b-6cc57e7386e9,964aeee8-6384-5d91-a5d6-977deb8666d7,e0faae0b-7278-5133-a460-31a56fdb2e16,7,7,ያነጋገረውም መልአክ ከሄደ በኋላ ከሎሌዎቹ ሁለት፥ ከማይለዩት ጭፍሮቹም አንድ ደግ ወታደር ጠራ።
ac55c453-16df-5836-ac42-ff01f1c57d65,964aeee8-6384-5d91-a5d6-977deb8666d7,e0faae0b-7278-5133-a460-31a56fdb2e16,8,8,ነገሩንም ሁሉ ነግሮ ወደ ኢዮጴ ከተማ ላካቸው።
adca9b32-53de-5c0f-ad78-3fa5d565a3cb,964aeee8-6384-5d91-a5d6-977deb8666d7,4c684c66-cc09-5a65-a6a6-f5bc1b34a5c0,1,9,በማግሥቱም ሄደው ወደ ከተማዪቱ በር ደረሱ፤ ጴጥሮስም በቀትር ጊዜ ሊጸልይ ወደ ሰገነት ወጥቶ ነበር።
87c40c63-6145-5826-a744-f2b919066153,964aeee8-6384-5d91-a5d6-977deb8666d7,4c684c66-cc09-5a65-a6a6-f5bc1b34a5c0,2,10,በተራበ ጊዜም ምሳ ሊበላ ወደደ፤ እነርሱም እያዘጋጁ ሳሉ ተመስጦ መጣበት።
b799e6dc-4e33-5410-a2a9-4e5fda079de4,964aeee8-6384-5d91-a5d6-977deb8666d7,4c684c66-cc09-5a65-a6a6-f5bc1b34a5c0,3,11,ሰማይም ተከፍቶ በአራቱ ማዕዘን የተያዘ እንደ ታላቅ መጋረጃ ያለ ዕቃ ወደ ምድር ሲወርድ አየ።
dcc41082-2d8a-5e9d-a2b3-f65bbbbaa850,964aeee8-6384-5d91-a5d6-977deb8666d7,4c684c66-cc09-5a65-a6a6-f5bc1b34a5c0,4,12,በውስጡም አራት እግር ያለው እንስሳ ሁሉ፥ አራዊትም፥ የሚንቀሳቀስም፥ የሰማይም ወፎች ነበሩበት።
83eed5d5-36c8-5244-acd2-85ed85498288,964aeee8-6384-5d91-a5d6-977deb8666d7,4c684c66-cc09-5a65-a6a6-f5bc1b34a5c0,5,13,“ጴጥሮስ ሆይ፥ ተነሥና አርደህ ብላ” የሚል ቃል ወደ እርሱ መጣ።
44b113bf-41cd-518d-addd-abdf0e23b801,964aeee8-6384-5d91-a5d6-977deb8666d7,4c684c66-cc09-5a65-a6a6-f5bc1b34a5c0,6,14,ጴጥሮስ ግን፥ “አቤቱ፥ ከቶ አይሆንም፤ ርኩስ፥ የሚያጸይፍም ከቶ በልች አላውቅም” አለው።
9864ad09-6316-5d03-a625-fae0758dd59a,964aeee8-6384-5d91-a5d6-977deb8666d7,4c684c66-cc09-5a65-a6a6-f5bc1b34a5c0,7,15,ዳግመኛም፥ “እግዚአብሔር ንጹሕ ያደረገውን አንተ አታርክስ” የሚል ቃል ወደ እርሱ መጣ።
753bdcb8-71ec-50d0-af13-e83ca2a2b2af,964aeee8-6384-5d91-a5d6-977deb8666d7,4c684c66-cc09-5a65-a6a6-f5bc1b34a5c0,8,16,ይህንም ሦስት ጊዜ አለው፤ ወዲያውኑም ዕቃዉ ወደ ሰማይ ተመለሰ።
54259867-a0b1-5069-a89b-7cafaf2102f4,964aeee8-6384-5d91-a5d6-977deb8666d7,4c684c66-cc09-5a65-a6a6-f5bc1b34a5c0,9,17,ጴጥሮስም ስለ አየው ራእይ ምን እንደ ሆነ ሲያወጣና ሲያወርድ ከቆርኔሌዎስ ተልከው የመጡ ሰዎች የስምዖንን ቤት እየጠየቁ በደጅ ቁመው ነበር።
fe5a6bc3-6efa-5f52-aacb-514420bb9f33,964aeee8-6384-5d91-a5d6-977deb8666d7,4c684c66-cc09-5a65-a6a6-f5bc1b34a5c0,10,18,ተጣርተውም፦ ጴጥሮስ የተባለ ስምዖን በእንግድነት በዚያ ይኖር እንደ ሆነ ጠየቁ።
6cb2fa4c-0a76-5190-a1ce-99eaea257644,964aeee8-6384-5d91-a5d6-977deb8666d7,4c684c66-cc09-5a65-a6a6-f5bc1b34a5c0,11,19,ጴጥሮስም ስለ ታየው ራእይ ሲያወጣ ሲያወርድ መንፈስ ቅዱስ እንዲህ አለው፥ “እነሆ፥ ሦስት ሰዎች ይፈልጉሃል።
d6d3d263-b93a-5e9f-a716-bfc789150e3b,964aeee8-6384-5d91-a5d6-977deb8666d7,4c684c66-cc09-5a65-a6a6-f5bc1b34a5c0,12,20,ተነሥና ውረድ፤ ምንም ሳትጠራጠር ከእነርሱ ጋር ሂድ፤ እኔ ልኬአቸዋለሁና።”
d3964822-a68a-5382-a95d-9b06ddf0e35e,964aeee8-6384-5d91-a5d6-977deb8666d7,4c684c66-cc09-5a65-a6a6-f5bc1b34a5c0,13,21,ጴጥሮስም ወደ እነዚያ ሰዎች ወረደና፥ “እነሆ፥ የምትፈልጉኝ እኔ ነኝ፤ ለምን መጥታችኋል?” አላቸው።
073142a0-0a07-5422-a965-b772b050b288,964aeee8-6384-5d91-a5d6-977deb8666d7,4c684c66-cc09-5a65-a6a6-f5bc1b34a5c0,14,22,እነርሱም፥ “የመቶ አለቃ ቆርኔሌዎስ እግዚአብሔርን የሚፈራ ጻድቅ ሰው ነው፤ በአይሁድም ወገኖች ሁሉ የተመሰከረለት ነው፤ ቅዱስ መልአክ ተገልጦ አንተን ወደ ቤቱ እንዲጠራህ የምታስተምረውንም እንዲሰማ አዝዞታል፤” አሉት።
fb329ae9-8cbb-5b06-a3fe-09ac2e4e1ae4,964aeee8-6384-5d91-a5d6-977deb8666d7,4c684c66-cc09-5a65-a6a6-f5bc1b34a5c0,15,23,እርሱም ተቀብሎ አሳደራቸው፤ በማግሥቱም ተነሥቶ አብሮአቸው ሄደ፤ በኢዮጴ ከተማ ከሚኖሩት ወንድሞችም አብረውት የሄዱ ነበሩ።
e48c7bf3-e34c-56aa-acd0-c25197995f73,964aeee8-6384-5d91-a5d6-977deb8666d7,4c684c66-cc09-5a65-a6a6-f5bc1b34a5c0,16,24,በማግሥቱም ወደ ቂሳርያ ከተማ ገባ፤ ቆርኔሌዎስም ዘመዶቹንና የቅርብ ወዳጆቹን ጠርቶ ይጠብቃቸው ነበር።
b564b10c-08e3-5f2c-af35-348df4902ee5,964aeee8-6384-5d91-a5d6-977deb8666d7,4c684c66-cc09-5a65-a6a6-f5bc1b34a5c0,17,25,ጴጥሮስም በገባ ጊዜ ቆርኔሌዎስ ተቀበለው፤ ከእግሩ በታችም ወድቆ ሰገደለት።
1ed7e06b-7b6c-58fb-a134-839a8f378494,964aeee8-6384-5d91-a5d6-977deb8666d7,4c684c66-cc09-5a65-a6a6-f5bc1b34a5c0,18,26,ጴጥሮስም፥ “ተነሥ እኔም እንደ አንተው ሰው ነኝ” ብሎ አነሣው።
c6016b54-170a-50ad-a49f-f16dd354735c,964aeee8-6384-5d91-a5d6-977deb8666d7,4c684c66-cc09-5a65-a6a6-f5bc1b34a5c0,19,27,ከእርሱም ጋር እየተነጋገረ ገባ፤ ወደ እርሱም የመጡ ብዙ ሰዎችን አገኘ።
25af3c19-2d4e-5bb9-a545-629e3b2672ba,964aeee8-6384-5d91-a5d6-977deb8666d7,4c684c66-cc09-5a65-a6a6-f5bc1b34a5c0,20,28,ጴጥሮስም እንዲህ አላቸው፥ “ለአይሁዳዊ ሰው ሄዶ ከባዕድ ወገን ጋር መቀላቀል እንደማይገባው ታውቃላችሁ፤ ለእኔ ግን ከሰው ማንንም ቢሆን እንዳልጸየፍና ርኩስ ነው እንዳልል እግዚአብሔር አሳየኝ።
6d94c8f8-f221-5e64-ac4d-3221814704d2,964aeee8-6384-5d91-a5d6-977deb8666d7,4c684c66-cc09-5a65-a6a6-f5bc1b34a5c0,21,29,አሁንም ስለ ላካችሁብኝ ሳልጠራጠር ወደ እናንተ መጣሁ፤ በምን ምክንያት እንደ ጠራችሁኝ እጠይቃችኋለሁ።”
1dd0a6c7-b37e-5f09-af17-95ba8c75b14c,964aeee8-6384-5d91-a5d6-977deb8666d7,4c684c66-cc09-5a65-a6a6-f5bc1b34a5c0,22,30,ቆርኔሌዎስም እንዲህ አለው፥ “የዛሬ አራት ቀን በዘጠኝ ሰዓት በዚች ሰዓት በቤቴ ስጸልይ የሚያንፀባርቅ ልብስ የለበሰ አንድ ሰው በፊቴ ቆሞ ታየኝ።
a1cb7698-2040-59d8-af37-fc1cfa787aad,964aeee8-6384-5d91-a5d6-977deb8666d7,4c684c66-cc09-5a65-a6a6-f5bc1b34a5c0,23,31,እንዲህም አለኝ፦ ቆርኔሌዎስ ሆይ፥ በእግዚአብሔር ፊት ጸሎትህ ተሰማ፤ ምጽዋትህም ታሰበልህ።
8cd29842-aaab-519b-aa81-40725703ece0,964aeee8-6384-5d91-a5d6-977deb8666d7,4c684c66-cc09-5a65-a6a6-f5bc1b34a5c0,24,32,አሁንም ወደ ኢዮጴ ከተማ ላክና በባሕር አቅራቢያ ባለችው በቍርበት ፋቂው በስምዖን ቤት የሚኖረውን ጴጥሮስ የተባለውን ስምዖንን ይጥሩልህ፤ እርሱ መጥቶ የምትድንበትን ይነግርሃል።
9d780845-09c9-578a-ad9e-a8ab91169154,964aeee8-6384-5d91-a5d6-977deb8666d7,4c684c66-cc09-5a65-a6a6-f5bc1b34a5c0,25,33,ስለዚህም ወዲያውኑ ወደ አንተ ላክሁ፤ ወደ እኛ በመምጣትህም መልካም አደረግህ፤ አሁንም እግዚአብሔር ያዘዘህን ሁሉ ልንሰማ እነሆ፥ እኛ ሁላችን በእግዚአብሔር ፊት በዚህ አለን።”
e6a88928-73af-506a-a970-75fb77bd047a,964aeee8-6384-5d91-a5d6-977deb8666d7,11c06b73-987d-54d8-afbd-dcbf388f0cd2,1,34,ጴጥሮስም አፉን ከፈተና እንዲህ አለ፥ “እግዚአብሔር ለሰው ፊት እንደማያዳላ በእውነት አየሁ።
c432337d-e0a3-5566-ac8f-5efd6f2eab30,964aeee8-6384-5d91-a5d6-977deb8666d7,11c06b73-987d-54d8-afbd-dcbf388f0cd2,2,35,ነገር ግን በሕዝብ ሁሉ ዘንድ እርሱን የሚፈራና እውነትን የሚያደርግ በእርሱ ዘንድ የተወደደ ነው።
5f5f2fbf-48d7-5e5d-a886-d58d10e42206,964aeee8-6384-5d91-a5d6-977deb8666d7,11c06b73-987d-54d8-afbd-dcbf388f0cd2,3,36,ቃሉን ለእስራኤል ልጆች ላከ፤ በኢየሱስ ክርስቶስም ሰላምን ነገራቸው፤ እርሱም የሁሉ ገዢ ነው።
2dc0115f-f721-53a4-a3db-08909768a4e3,964aeee8-6384-5d91-a5d6-977deb8666d7,11c06b73-987d-54d8-afbd-dcbf388f0cd2,4,37,ዮሐንስ ከሰበከው ጥምቀት በኋላ ከገሊላ ጀምሮ በይሁዳ የሆነውን ነገር ሁሉ እናንተ ራሳችሁ ታውቃላችሁ።
f0889294-4820-5535-aefb-183bf69f9ea9,964aeee8-6384-5d91-a5d6-977deb8666d7,11c06b73-987d-54d8-afbd-dcbf388f0cd2,5,38,ስለ ናዝሬቱ ስለ ኢየሱስ እግዚአብሔር በመንፈስ ቅዱስ በኀይልም እንደ ቀባው፥ እየዞረም መልካም እንደ አደረገ፥ ሰይጣን ያሸነፋቸውንም እንደ ፈወሰ ታውቃላችሁ። እግዚአብሔር ከእርሱ ጋር ነበርና።
fff747b1-e15c-5f69-a7ff-ac3739a1d491,964aeee8-6384-5d91-a5d6-977deb8666d7,11c06b73-987d-54d8-afbd-dcbf388f0cd2,6,39,በይሁዳና በኢየሩሳሌም ባደረገውም ሁሉ እኛ ምስክሮች ነን፤ እርሱንም በዕንጨት ላይ ሰቅለው ገደሉት።
ec18678a-08dd-5a5e-a7ab-d1a6e403f845,964aeee8-6384-5d91-a5d6-977deb8666d7,11c06b73-987d-54d8-afbd-dcbf388f0cd2,7,40,እግዚአብሔር ግን በሦስተኛው ቀን ከሙታን ለይቶ አስነሣው፤ በግልጥ እንዲታይም አደረገው።
eac2a985-346d-5c57-aea1-5ba18c2fb1cc,964aeee8-6384-5d91-a5d6-977deb8666d7,11c06b73-987d-54d8-afbd-dcbf388f0cd2,8,41,ይኸውም ለሕዝቡ ሁሉ አይደለም፤ ነገር ግን አስቀድሞ ለመረጣቸውና ምስክሮች ለሚሆኑት ብቻ ነው እንጂ፤ የመረጣቸው የተባልንም እኛ ነን፤ ከሙታንም ተለይቶ ከተነሣ በኋላ ከእርሱ ጋር የበላን የጠጣንም እኛ ነን።
103c031d-0caf-57f9-a36f-eaefb1545a64,964aeee8-6384-5d91-a5d6-977deb8666d7,11c06b73-987d-54d8-afbd-dcbf388f0cd2,9,42,በእግዚአብሔር ዘንድ በሕያዋንና በሙታን ላይ ፈራጅ ሆኖ የተሾመ እርሱ እንደ ሆነ ለሕዝብ እናስተምር ዘንድ አዘዘን።
9753815d-26fa-55ee-ae42-fb4e745f5887,964aeee8-6384-5d91-a5d6-977deb8666d7,11c06b73-987d-54d8-afbd-dcbf388f0cd2,10,43,ለሚያምኑበትም ሁሉ ኀጢአታቸው በስሙ እንደሚሰረይላቸው ነቢያት ሁሉ ምስክሮቹ ናቸው።”
fbbd15b0-4cd4-55ad-a860-615c1eeec965,964aeee8-6384-5d91-a5d6-977deb8666d7,6ac4b3ad-afe8-5c9e-a0ab-09323554235a,1,44,ጴጥሮስም ይህን ነገር ሲነግራቸው ይህን ትምህርት በሰሙት ሰዎች ሁሉ ላይ መንፈስ ቅዱስ ወረደ።
26d45972-4581-5f2d-aa6c-3dde43e48c75,964aeee8-6384-5d91-a5d6-977deb8666d7,6ac4b3ad-afe8-5c9e-a0ab-09323554235a,2,45,ከጴጥሮስ ጋር የመጡ ከአይሁድ ወገን የሆኑ ምእመናን ሁሉ ደነገጡ፤ የመንፈስ ቅዱስ ጸጋ በአሕዝብ ላይ ወርዶአልና።
7077531f-f8ea-51aa-a09b-aafc13068c68,964aeee8-6384-5d91-a5d6-977deb8666d7,6ac4b3ad-afe8-5c9e-a0ab-09323554235a,3,46,በልዩ ልዩ ሀገር ቋንቋ ሲናገሩ፥ እግዚአብሔርንም ሲያመሰግኑ ሰምተዋቸዋልና።
00f7e8d7-1112-554e-ac4a-837f7203a2f4,964aeee8-6384-5d91-a5d6-977deb8666d7,6ac4b3ad-afe8-5c9e-a0ab-09323554235a,4,47,ጴጥሮስም፥ “እንደ እኛ መንፈስ ቅዱስን ከተቀበሉ በኋላ እንግዲህ በውኃ እንዳይጠመቁ ውኃን ሊከለክላቸው የሚችል ማነው?” አለ።
6c5f3b5a-63d8-5375-aaff-25a0fa9e9858,964aeee8-6384-5d91-a5d6-977deb8666d7,6ac4b3ad-afe8-5c9e-a0ab-09323554235a,5,48,በኢየሱስ ክርስቶስም ስም እንዲጠመቁ አዘዛቸው። ከዚህም በኋላ ጥቂት ቀን አብሮአቸው እንዲቀመጥ ጴጥሮስን ማለዱት።
95f6d4fd-432d-5440-a685-8272a3c5631b,9fffb848-8fa6-527a-a73e-8b0ccc1ede92,24555d0b-c190-5de1-a4cb-53c1d13ab5db,1,1,ሐዋርያትና በይሁዳ የነበሩ ወንድሞችም አሕዛብ የእግዚአብሔርን ቃል እንደ ተቀበሉ ሰሙ።
f399c653-ff54-5ade-a6e3-f9c63b7c8052,9fffb848-8fa6-527a-a73e-8b0ccc1ede92,24555d0b-c190-5de1-a4cb-53c1d13ab5db,2,2,ጴጥሮስም ወደ ኢየሩሳሌም በወጣ ጊዜ ከአይሁድ ወገን የሆኑት ወንድሞች ተቃወሙት።
f2b87eca-2292-5744-a4b5-69ff2f69cc7c,9fffb848-8fa6-527a-a73e-8b0ccc1ede92,24555d0b-c190-5de1-a4cb-53c1d13ab5db,3,3,“ወደ አልተገረዙት ሰዎች ቤት ገብተህ አብረሃቸው በልተሃል” አሉት።
6a83e7f4-e373-5517-ae13-09e23783b52d,9fffb848-8fa6-527a-a73e-8b0ccc1ede92,24555d0b-c190-5de1-a4cb-53c1d13ab5db,4,4,ጴጥሮስም ከመጀመሪያ ጀምሮ ይነግራቸው ጀመረ፤ እንዲህም አላቸው።
51852c78-4ca1-54b5-aacf-5da8d84e9589,9fffb848-8fa6-527a-a73e-8b0ccc1ede92,24555d0b-c190-5de1-a4cb-53c1d13ab5db,5,5,“በኢዮጴ ከተማ ሳለሁ ስጸልይ ተመስጦ መጣብኝና ራእይ አየሁ፤ ታላቅ መጋረጃ የመሰለ ዕቃ በአራቱ ማዕዘን ተይዞ ከሰማይ ወረደ፤ ወደ እኔም መጣ።
2019481e-59a7-5942-adb3-b8b583cd65b7,9fffb848-8fa6-527a-a73e-8b0ccc1ede92,24555d0b-c190-5de1-a4cb-53c1d13ab5db,6,6,በውስጡም አራት እግር ያላቸው እንስሳንና አራዊትን፥ ተንቀሳቃሾችንም፥ የሰማይ ወፎችንም አየሁ።
313e79c3-69eb-5085-ae26-eca412018723,9fffb848-8fa6-527a-a73e-8b0ccc1ede92,24555d0b-c190-5de1-a4cb-53c1d13ab5db,7,7,‘ጴጥሮስ ሆይ፥ ተነሥና አርደህ ብላ’ የሚለኝንም ቃል ሰማሁ።
8999b598-d1ce-5454-a689-44ca3fb4cd2f,9fffb848-8fa6-527a-a73e-8b0ccc1ede92,24555d0b-c190-5de1-a4cb-53c1d13ab5db,8,8,‘አቤቱ፥ ከቶ አይሆንም፤ ንጹሕ ያልሆነ ርኩስ ነገር ወደ አፌ ገብቶ አያውቅም’ አልሁ።
1ec696ff-48d0-5fe3-a78b-15000f5da27a,9fffb848-8fa6-527a-a73e-8b0ccc1ede92,24555d0b-c190-5de1-a4cb-53c1d13ab5db,9,9,ደግሞም፦ ‘እግዚአብሔር ንጹሕ ያደረገውን አንተ አታርክሰው’ የሚል ቃል ከሰማይ መለሰልኝ።
3bd67b0d-1337-550d-ab69-59ca669ce88a,9fffb848-8fa6-527a-a73e-8b0ccc1ede92,24555d0b-c190-5de1-a4cb-53c1d13ab5db,10,10,እንዲህም መላልሶ ሦስት ጊዜ ነገረኝ፤ ዳግመኛም ሁሉ ተጠቅልሎ ወደ ሰማይ ተመለሰ።
8f2e1367-2002-5367-ac35-6c4c9b2da74d,9fffb848-8fa6-527a-a73e-8b0ccc1ede92,24555d0b-c190-5de1-a4cb-53c1d13ab5db,11,11,በዚያችም ሰዓት ከቂሳርያ ወደ እኔ የተላኩ ሦስት ሰዎች መጡ፤ እኔ ባለሁበት ግቢ በርም ቆሙ።
7a2df762-13e1-546b-a013-3abd0072deef,9fffb848-8fa6-527a-a73e-8b0ccc1ede92,24555d0b-c190-5de1-a4cb-53c1d13ab5db,12,12,መንፈስ ቅዱስም፦ ‘ሳትጠራጠር አብረሃቸው ሂድ’ አለኝ፤ እነዚህ ስድስቱ ወንድሞቻችንም ተከትለውኝ መጡና ወደዚያ ሰው ቤት ገባን።
4a30a556-d691-540c-a8f5-6880a6c547d1,9fffb848-8fa6-527a-a73e-8b0ccc1ede92,24555d0b-c190-5de1-a4cb-53c1d13ab5db,13,13,እርሱም በቤቱ ቆሞ ሳለ የእግዚአብሔርን መልአክ እንዳየ ‘ወደ ኢዮጴ ከተማ ልከህ ጴጥሮስ የተባለውን ስምዖንን ይጥሩልህ።
0116505b-95c5-5901-aa3f-4005ae7b576b,9fffb848-8fa6-527a-a73e-8b0ccc1ede92,24555d0b-c190-5de1-a4cb-53c1d13ab5db,14,14,አንተና ቤተ ሰቦችህ ሁሉ የምትድኑበትን ነገር እርሱ ይነግርሃል’ እንደ አለው ነገረን።
adb81c61-3a37-5b59-a757-2f44d290a7d0,9fffb848-8fa6-527a-a73e-8b0ccc1ede92,24555d0b-c190-5de1-a4cb-53c1d13ab5db,15,15,ላስተምራቸው በጀመርሁ ጊዜም ቀድሞ በእኛ ላይ እንደ ወረደ ሁሉ መንፈስ ቅዱስ በእነርሱም ላይ ወረደ።
5cd61dd7-7aa8-51db-abef-769dbf4c4de5,9fffb848-8fa6-527a-a73e-8b0ccc1ede92,24555d0b-c190-5de1-a4cb-53c1d13ab5db,16,16,‘ዮሐንስ በውኃ አጠመቀ፤ እናንተ ግን፤ በመንፈስ ቅዱስ ትጠመቃላችሁ’ ያለውን የጌታችንን ቃል ዐሰብሁ።
cb85bcf1-179a-56ba-a23b-b9d5bf107aaa,9fffb848-8fa6-527a-a73e-8b0ccc1ede92,24555d0b-c190-5de1-a4cb-53c1d13ab5db,17,17,እንግዲህ እግዚአብሔር በጌታችን በኢየሱስ ክርስቶስ ለአመንነው ለእኛ እንደ ሰጠን፥ ያን ጸጋውን እንደ እኛ አስተካክሎ ከሰጣቸው እግዚአብሔርን ልከለክል የምችል እኔ ማነኝ?”
38652cfe-c776-5ff0-a1d5-0751a10d3787,9fffb848-8fa6-527a-a73e-8b0ccc1ede92,24555d0b-c190-5de1-a4cb-53c1d13ab5db,18,18,ይህንም በሰሙ ጊዜ ዝም አሉ፥ “እግዚአብሔር ለአሕዛብ ደግሞ ለሕይወት የሚሆን ንስሓን ሰጣቸው እንጃ” እያሉ እግዚአብሔርን አመሰገኑ።
d55e1bf3-116f-57ff-a0e5-4178e83d7a62,9fffb848-8fa6-527a-a73e-8b0ccc1ede92,4c8840f1-47d1-50f3-ad11-50b87e155062,1,19,በእስጢፋኖስ ሞት ምክንያት የተበተኑት ግን፤ ወደ ፊንቄ ወደ ቆጵሮስና ወደ አንጾኪያ ደረሱ፤ ቃሉንም ለአይሁድ ብቻ እንጂ ለአንድስ እንኳ አይናገሩም ነበር።
bb9fa54a-daa0-57ea-ab7d-a88f8e577246,9fffb848-8fa6-527a-a73e-8b0ccc1ede92,4c8840f1-47d1-50f3-ad11-50b87e155062,2,20,ከመካከላቸውም ወደ አንጾኪያ ሄደው ለአረማውያን የጌታችን የኢየሱስ ክርስቶስን ነገር ያስተማሩ የቆጵሮስና የቄሬና ሰዎች ነበሩ።
2980906d-c99c-5d71-a07a-d2b172830d7b,9fffb848-8fa6-527a-a73e-8b0ccc1ede92,4c8840f1-47d1-50f3-ad11-50b87e155062,3,21,የእግዚአብሔርም እጅ ከእነርሱ ጋር ነበረ፤ ወደ ጌታም ተመልሰው ያመኑ ሰዎች ቍጥራቸው በዛ።
8d684c34-b661-5f40-a498-3b38fcf9f70e,9fffb848-8fa6-527a-a73e-8b0ccc1ede92,4c8840f1-47d1-50f3-ad11-50b87e155062,4,22,ስለ እነርሱ የተነገረውም ይህ ነገር በኢየሩሳሌም ባለችው ቤተ ክርስቲያን ዘንድ ተሰማ፤ በርናባስንም ወደ አንጾኪያ ላኩት።
d56c1771-a422-525d-a63b-d31003df8a18,9fffb848-8fa6-527a-a73e-8b0ccc1ede92,4c8840f1-47d1-50f3-ad11-50b87e155062,5,23,በደረሰ ጊዜም የእግዚአብሔርን ጸጋ አየና ደስ አለው፤ በፍጹም ልባቸውም በእግዚአብሔር ጸንተው ይኖሩ ዘንድ መከራቸው።
31c88729-9f2f-5b64-aa9c-69876fcbfa2e,9fffb848-8fa6-527a-a73e-8b0ccc1ede92,4c8840f1-47d1-50f3-ad11-50b87e155062,6,24,ደግ ሰው፥ መንፈስ ቅዱስ ያደረበት፥ ሃይማኖተኛም ነበርና፤ በጌታችንም አምነው ብዙዎች አሕዛብ ተጨመሩ።
ef19e0aa-28de-5278-aa09-b88b7805ccc2,9fffb848-8fa6-527a-a73e-8b0ccc1ede92,936e03bb-4146-5b56-a3ac-f490e191e1e9,1,25,ከዚህም በኋላ በርናባስ ሳውልን ሊፈልግ ወደ ጠርሴስ ሄደ፤ በአገኘውም ጊዜ ወደ አንጾኪያ ወሰደው።
5cdba15b-303b-504a-a7e4-228ea5b6b2f4,9fffb848-8fa6-527a-a73e-8b0ccc1ede92,936e03bb-4146-5b56-a3ac-f490e191e1e9,2,26,በቤተ ክርስቲያንም አንድ ዓመት አብረው ተቀመጡ፤ ብዙ ሕዝብንም አስተማሩ፤ ደቀ መዛሙርትም መጀመሪያ በአንጾኪያ ክርስቲያን ተብለው ተጠሩ።
34c3ce80-cd81-550e-a732-8e2924de6597,9fffb848-8fa6-527a-a73e-8b0ccc1ede92,936e03bb-4146-5b56-a3ac-f490e191e1e9,3,27,ያንጊዜም ነቢያት ከኢየሩሳሌም ወደ አንጾኪያ ወረዱ።
faebbf75-5642-5510-a190-b03160d038e9,9fffb848-8fa6-527a-a73e-8b0ccc1ede92,936e03bb-4146-5b56-a3ac-f490e191e1e9,4,28,ከመካከላቸውም አጋቦስ የተባለ አንድ ሰው ተነሥቶ በዓለም ሁሉ ጽኑ ረኃብ እንደሚመጣ በመንፈስ ቅዱስ ተገልጦለት ተናገረ፤ ይህም በቄሣር ቀላውዴዎስ ዘመን ሆነ።
643ab170-f8b7-5c0c-a093-c1e6a3b62922,9fffb848-8fa6-527a-a73e-8b0ccc1ede92,936e03bb-4146-5b56-a3ac-f490e191e1e9,5,29,ከዚህም በኋላ ደቀ መዛሙርት እያንዳንዳቸው የሚችሉትን ያህል አወጣጥተው በይሁዳ ሀገር ለሚኖሩት ወንድሞቻቸው ርዳታን ይልኩ ዘንድ ወሰኑ።
b2974069-662d-5815-a672-a85e35004eba,9fffb848-8fa6-527a-a73e-8b0ccc1ede92,936e03bb-4146-5b56-a3ac-f490e191e1e9,6,30,እንደዚህም አድርገው በበርናባስና በሳውል እጅ ወደ ቀሳውስት ላኩት።
92385278-5aa1-5bcf-a3d6-aae5694b121a,43dca93f-3a8d-58c2-a169-40e72f7b9b9e,81c44b00-656b-5526-a344-08215db21001,1,1,በዚያም ወራት ሄሮድስ የቤተ ክርስቲያንን ሹሞች ያዛቸው፤ መከራም አጸናባቸው።
a07e6d07-7e3c-57f5-a2cb-8be5bd3498ac,43dca93f-3a8d-58c2-a169-40e72f7b9b9e,81c44b00-656b-5526-a344-08215db21001,2,2,የዮሐንስንም ወንድም ያዕቆብን በሰይፍ ገደለው።
893700ff-2b2e-51e6-aa12-40863057f2ca,43dca93f-3a8d-58c2-a169-40e72f7b9b9e,81c44b00-656b-5526-a344-08215db21001,3,3,አይሁድንም ደስ እንዳላቸው አይቶ ጴጥሮስን ደግሞ ያዘው፤ ያንጊዜም የፋሲካ በዓል ነበር።
fde50849-3d81-550d-a2a1-17b9af77f9cb,43dca93f-3a8d-58c2-a169-40e72f7b9b9e,81c44b00-656b-5526-a344-08215db21001,4,4,ይዞም ወኅኒ ቤት አስገባው፤ ለሚጠብቁት ለዐሥራ ስድስቱ ወታደሮችም አሳልፎ ሰጠው፤ ከፋሲካም በኋላ ወደ ሕዝብ ሊያቀርበው ወድዶ ነበር።
acb69653-648f-55da-ae34-2f9b0738f5b3,43dca93f-3a8d-58c2-a169-40e72f7b9b9e,81c44b00-656b-5526-a344-08215db21001,5,5,ጴጥሮስንም በወኅኒ ቤት ይጠብቁት ነበር፤ በቤተ ክርስቲያንም ዘወትር ስለ እርሱ ወደ እግዚአብሔር ይጸልዩ ነበር።
d1849ed8-f30f-5e33-ad1f-92dce8735821,43dca93f-3a8d-58c2-a169-40e72f7b9b9e,851c9b72-4ce0-5e12-ad5d-989c34ad93dc,1,6,ሄሮድስም ማለዳ ያቀርበው ዘንድ በወደደባት በዚያች ሌሊት ጴጥሮስ ሁለቱን እጆቹን በሰንሰለት ታስሮ በሁለት ወታደሮች መካከል ተኝቶ ነበር፤ ጠባቂዎችም የወኅኒ ቤቱን በር ይጠብቁ ነበር።
e02b7158-9857-5b2a-a310-d94d7aa54b84,43dca93f-3a8d-58c2-a169-40e72f7b9b9e,851c9b72-4ce0-5e12-ad5d-989c34ad93dc,2,7,የእግዚአብሔርም መልአክ ወርዶ በአጠገቡ ቆመ፤ በቤትም ውስጥ ብርሃን ሆነ፤ ጴጥሮስንም ጎኑን ነክቶ ቀሰቀሰውና፥ “ፈጥነህ ተነሥ” አለው፥ ሰንሰለቶቹም ከእጆቹ ወልቀው ወደቁ።
fa79b8ef-a187-5ee0-a134-a8dae468e018,43dca93f-3a8d-58c2-a169-40e72f7b9b9e,851c9b72-4ce0-5e12-ad5d-989c34ad93dc,3,8,መልአኩም፥ “ወገብህን ታጠቅ፥ ጫማህንም ተጫማ” አለው፤ እንደ አዘዘውም አደረገ፤ “ልብስህንም ልበስና ተከተለኝ” አለው።
e1d71ce2-7f88-5545-a88a-7ffaa5fd09c7,43dca93f-3a8d-58c2-a169-40e72f7b9b9e,851c9b72-4ce0-5e12-ad5d-989c34ad93dc,4,9,ተከትሎትም ወጣ፤ ጴጥሮስ ግን ራእይ የሚያይ ይመስለው ነበረ እንጂ በመልአኩ የሚደረገው ነገር እውነት እንደ ሆነ አላወቀም ነበር።
bb541f37-dc3c-507a-a652-f8d806bfd8d1,43dca93f-3a8d-58c2-a169-40e72f7b9b9e,851c9b72-4ce0-5e12-ad5d-989c34ad93dc,5,10,መጀመሪያውንና ሁለተኛውን ዘብ አልፈው ወደ ከተማ ወደምትወስደው ወደ ብረቱ መዝጊያ ደረሱ፤ ያንጊዜም መዝጊያው ራሱ ተከፈተላቸው፤ ወጥተውም በአንድ ስላች መንገድ ሄዱ፤ መልአኩም ጴጥሮስን ትቶት ሄደ።
6276e9ca-a144-5b4f-a600-451ff5656a74,43dca93f-3a8d-58c2-a169-40e72f7b9b9e,851c9b72-4ce0-5e12-ad5d-989c34ad93dc,6,11,ያንጊዜም የጴጥሮስ ልቡና ተመለሰለትና፥ “እግዚአብሔር መልአኩን ልኮ ከሄሮድስ እጅና የአይሁድ ሕዝብ ይጠብቁት ከነበረው ሁሉ እንደ አዳነኝ በእውነት አሁን ዐወቅሁ” አለ።
925ee1bb-5a02-51b2-ac26-b787a4ded696,43dca93f-3a8d-58c2-a169-40e72f7b9b9e,851c9b72-4ce0-5e12-ad5d-989c34ad93dc,7,12,ከዚህም በኋላ በአስተዋለ ጊዜ ብዙዎች ወንድሞች ተሰብስበው ይጸልዩበት ወደ ነበረው ማርቆስ ወደተባለው ወደ ዮሐንስ እናት ወደ ማርያም ቤት ሄደ።
1d00023a-9c68-5a6e-a631-27b3221367fd,43dca93f-3a8d-58c2-a169-40e72f7b9b9e,851c9b72-4ce0-5e12-ad5d-989c34ad93dc,8,13,ጴጥሮስም በሩን አንኳኳ፤ ሮዴ የምትባል ብላቴናም ልትከፍትለት መጣች።
70b7c1ca-529b-5f55-a588-1ab319a586b2,43dca93f-3a8d-58c2-a169-40e72f7b9b9e,851c9b72-4ce0-5e12-ad5d-989c34ad93dc,9,14,የጴጥሮስም ድምፅ መሆኑን ዐውቃ ከደስታ የተነሣ አልከፈተችለትም፤ ነገር ግን ጴጥሮስ በበር ቆሞ ሳለ ሮጣ ነገረቻቸው።
40a6a9d8-3efd-5d77-aafd-5cf9d8a01f89,43dca93f-3a8d-58c2-a169-40e72f7b9b9e,851c9b72-4ce0-5e12-ad5d-989c34ad93dc,10,15,እነርሱም “አብደሻልን? አንድ ጊዜ ታገሺ” አሉአት፤ እርስዋ ግን እርሱ እንደ ሆነ ታረጋግጥ ነበር። እነርሱም፥ “ምናልባት መልአኩ ይሆናል” አሉ።
13af50f1-45a0-5e8a-aae4-e3b2b3e9affc,43dca93f-3a8d-58c2-a169-40e72f7b9b9e,851c9b72-4ce0-5e12-ad5d-989c34ad93dc,11,16,ጴጥሮስ ግን በሩን ማንኳኳቱን ቀጠለ፤ ከፍተውም ባዩት ጊዜ ተደነቁ።
4c106a1f-5c65-5bc0-a44e-c831dfb6fc87,43dca93f-3a8d-58c2-a169-40e72f7b9b9e,851c9b72-4ce0-5e12-ad5d-989c34ad93dc,12,17,እርሱ ግን ዝም እንዲሉ በእጁ አመለከታቸው፤ ከወኅኒ ቤትም እግዚአብሔር እንደ አወጣው ነገራቸው፤ “ይህንም ለያዕቆብና ለወንድሞች ሁሉ ንገሩ” አላቸው፤ ከዚያም ወጥቶ ወደ ሌላ ስፍራ ሄደ።
0f148cae-8111-54c4-ad70-6ddb30d7b259,43dca93f-3a8d-58c2-a169-40e72f7b9b9e,851c9b72-4ce0-5e12-ad5d-989c34ad93dc,13,18,በነጋ ጊዜም ወታደሮች፥ “ጴጥሮስ ምን ሆነ?” ብለው ታወኩ።
2dc2f6f0-8d96-5c5e-aae8-37e70e7ff884,43dca93f-3a8d-58c2-a169-40e72f7b9b9e,851c9b72-4ce0-5e12-ad5d-989c34ad93dc,14,19,ሄሮድስ ግን አስፈልጎ ባጣው ጊዜ ጠባቂዎችን መረመረ፤ ይገድሉአቸውም ዘንድ አዘዘ፤ ከዚህም በኋላ ከይሁዳ ወደ ቂሳርያ ወርዶ በዚያ ተቀመጠ።
62a7288f-fa57-536a-a212-c618c8cc7b9b,43dca93f-3a8d-58c2-a169-40e72f7b9b9e,304b977f-280e-538d-af5f-d176b805a774,1,20,ሄሮድስም በጢሮስና በሲዶና ሰዎች ተቈጥቶ ነበር፤ በአንድነትም ወደ እርሱ መጥተው የንጉሡን ቢትወደድ በላስጦስን እንዲያስታርቃቸው ማለዱት፤ የሀገራቸው ምግብ ከንጉሥ ሄርድስ ነበርና።
d559e48c-4fb2-51dc-a396-d4c2d2cb9bee,43dca93f-3a8d-58c2-a169-40e72f7b9b9e,304b977f-280e-538d-af5f-d176b805a774,2,21,ከዚህም በኋላ አንድ ቀን ሄሮድስ ልብሰ መንግሥቱን ለብሶ፥ በአደባባይ ተገኝቶ ይፈርድ ጀመረ።
e6bb316f-314b-57ef-ac01-6cdc6179d854,43dca93f-3a8d-58c2-a169-40e72f7b9b9e,304b977f-280e-538d-af5f-d176b805a774,3,22,ሕዝቡም፥ “የእግዚአብሔር ቃል ነው፤ የሰው ቃልም አይደለም” እያሉ ጮኹ።
54ff9fa2-c2cd-5677-a67e-f0150fd70faf,43dca93f-3a8d-58c2-a169-40e72f7b9b9e,304b977f-280e-538d-af5f-d176b805a774,4,23,ለእግዚአብሔርም ክብር ስለ አልሰጠ ያንጊዜ የእግዚአብሔር መልአክ ቀሠፈው፤ ተልቶም ሞተ።
cf9d2368-e629-55ca-a998-a9c6409eafbf,43dca93f-3a8d-58c2-a169-40e72f7b9b9e,304b977f-280e-538d-af5f-d176b805a774,5,24,የእግዚአብሔርም ቃል ከፍ አለ፤ በዛም።
74cf5f73-c5f9-5eaa-a904-56b4f545d340,43dca93f-3a8d-58c2-a169-40e72f7b9b9e,304b977f-280e-538d-af5f-d176b805a774,6,25,በርናባስና ሳውልም አገልግሎታቸውን ፈጽመው ከኢየሩሳሌም ተመለሱ፤ ማርቆስ የተባለውን ዮሐንስንም አስከትለውት መጡ።
39cbfe55-ec59-5c5c-a6ee-5f78c8411a92,b82830d1-e7ff-505e-a9f1-7186398eadc1,3e557fec-5898-5554-a1d4-6d5dfc96d71a,1,1,በአንጾኪያ በነበረችው ቤተ ክርስቲያንም ነቢያትና መምህራን ነበሩ፤ እነርሱም በርናባስ፥ ኔጌር የተባለው ስምዖን፥ የቀሬናው ሉቅዮስ፥ ከአራተኛው ክፍል ገዢ ከሄሮድስ ጋር ያደገው ምናሔ፥ ሳውልም ነበሩ።
13fffcc3-2bce-5aba-a9f1-8c0506ae21d0,b82830d1-e7ff-505e-a9f1-7186398eadc1,3e557fec-5898-5554-a1d4-6d5dfc96d71a,2,2,የእግዚአብሔርን ሥራ ሲሠሩ፥ ሲጾሙም መንፈስ ቅዱስ፥ “በርናባስንና ሳውልን እኔ ለፈለግኋቸው ሥራ ለዩልኝ” አላቸው።
e3320e1c-d0e7-5e1c-a8fc-33ecc5b23ebf,b82830d1-e7ff-505e-a9f1-7186398eadc1,3e557fec-5898-5554-a1d4-6d5dfc96d71a,3,3,ያንጊዜም ከጾሙና ከጸለዩ፥ እጃቸውንም በራሳቸው ላይ ከጫኑባቸው በኋላ ላኩአቸው።
a807b4dc-7556-51e5-afee-6ab421155aac,b82830d1-e7ff-505e-a9f1-7186398eadc1,43696eff-c464-5ac0-ae81-89af9f6d8977,1,4,ከመንፈስ ቅዱስም ተልከው ወደ ሴሌውቅያ ወረዱ፤ ከዚያም በመርከብ ወደ ቆጵሮስ ሄዱ።
70c20842-dfe3-55f9-a32b-756dc80af173,b82830d1-e7ff-505e-a9f1-7186398eadc1,43696eff-c464-5ac0-ae81-89af9f6d8977,2,5,ወደ ሰልሚና ሀገርም ገብተው በአይሁድ ምኵራቦች የእግዚአብሔርን ቃል አስተማሩ፤ ዮሐንስም እየአገለገላቸው ከእነርሱ ጋር ነበር።
c82ce77f-a969-5cb8-a198-ccfcc71646ef,b82830d1-e7ff-505e-a9f1-7186398eadc1,43696eff-c464-5ac0-ae81-89af9f6d8977,3,6,በደሴቲቱም ሁሉ ሲዘዋወሩ ጳፉ ወደምትባል ሀገር ደረሱ፤ በዚያም አንድ አይሁዳዊ የሆነ ሐሰተኛ ነቢይና አስማተኛ ሰው አገኙ፤ ስሙም በርያሱስ ይባላል።
a012d8cd-d0b3-5b65-ac7e-d1088d781780,b82830d1-e7ff-505e-a9f1-7186398eadc1,43696eff-c464-5ac0-ae81-89af9f6d8977,4,7,እርሱም ብልህ ሰው በሆነ ሰርግዮስ ጳውሎስ በሚባል አገረ ገዢ ዘንድ ይኖር ነበረ። የእግዚአብሔርንም ቃል ሊሰማ ወድዶ በርናባስንና ሳውልን ወደ እርሱ ጠራቸው።
69825335-fb1c-51e1-a84e-9e9fe7217cad,b82830d1-e7ff-505e-a9f1-7186398eadc1,43696eff-c464-5ac0-ae81-89af9f6d8977,5,8,አስማተኛው ኤልማስም የስሙ ትርጓሜ እንዲህ ነበረና፥ ገዥውን ከማመን ሊከለክለው ፈልጎ ተቃወማቸው።
195748b5-5f8a-57ae-a2dc-0b3b2919e489,b82830d1-e7ff-505e-a9f1-7186398eadc1,43696eff-c464-5ac0-ae81-89af9f6d8977,6,9,ጳውሎስ በተባለው በሳውል ላይም ቅዱስ መንፈስ ሞላበት፤ አተኵሮም ተመለከተው።
cdfe271d-3bad-5dd3-a4a8-ec8a27218c19,b82830d1-e7ff-505e-a9f1-7186398eadc1,43696eff-c464-5ac0-ae81-89af9f6d8977,7,10,እንዲህም አለው፥ “ሽንገላንና ክፋትን ሁሉ የተመላህ፥ የሰይጣን ልጅ፥ የጽድቅ ሁሉ ጠላት ሆይ፥ የቀናውን የእግዚአብሔርን መንገድ ማጣመምህን ትተው ዘንድ እንቢ አልህን?
c2ed9220-3b30-5dc5-aff5-1f6d0c401cf3,b82830d1-e7ff-505e-a9f1-7186398eadc1,43696eff-c464-5ac0-ae81-89af9f6d8977,8,11,እነሆ፥ አሁን የእግዚአብሔር እጅ በአንተ ላይ ነው፤ ዕውርም ትሆናለህ፤ እስከ ጊዜውም ፀሐይን አታይም፤” ወዲያውኑም ታወረ፤ ጨለማም ዋጠው፤ የሚመራውም ፈለገ።
8997925a-e38d-5ff9-aa55-c10792a39e62,b82830d1-e7ff-505e-a9f1-7186398eadc1,43696eff-c464-5ac0-ae81-89af9f6d8977,9,12,አገረ ገዢውም የሆነውን በአየ ጊዜ ተገረመ፤ በጌታችን ትምህርትም አመነ።
84f4d715-c7b1-589c-aac7-7549d1f11d7e,b82830d1-e7ff-505e-a9f1-7186398eadc1,da7bed80-52c5-5646-a1c2-6b010f934ee6,1,13,ከዚህም በኋላ እነ ጳውሎስ ከጳፉ ከተማ ወጥተው ሄዱና የጵንፍልያ አውራጃ ወደምትሆን ወደ ጰርጌን ገቡ፤ ዮሐንስ ግን ትቶአቸው ወደ ኢየሩሳሌም ተመለሰ።
5aa95b6c-2c89-5e15-a4f6-efa512dc7ae3,b82830d1-e7ff-505e-a9f1-7186398eadc1,da7bed80-52c5-5646-a1c2-6b010f934ee6,2,14,እነርሱም ከጰርጌን አልፈው የጲስድያ አውራጃ ወደምትሆን ወደ አንጾኪያ ደረሱ፤ በሰንበት ቀንም ወደ ምኵራብ ገብተው ተቀመጡ።
678d0bde-7ac5-5dc3-a7ed-0b5f48f8602c,b82830d1-e7ff-505e-a9f1-7186398eadc1,da7bed80-52c5-5646-a1c2-6b010f934ee6,3,15,ኦሪትንና ነቢያትን ካነበቡ በኋላም የምኵራቡ አለቆች፥ “እናንተ ወንድሞቻችን ሆይ፥ ለሕዝብ ሊነገር የሚገባው የምክር ቃል እንደ አላችሁ ተናገሩ” ብለው ላኩባቸው።
fbfaa986-a763-5379-ae53-4f41408ca5aa,b82830d1-e7ff-505e-a9f1-7186398eadc1,da7bed80-52c5-5646-a1c2-6b010f934ee6,4,16,ጳውሎስም ተነሥቶ ዝም እንዲሉ አዘዘና እንዲህ አላቸው፥ “እናንት የእስራኤል ሰዎችና እግዚአብሔርንም የምትፈሩ ሁሉ፥ ስሙ።
015c8104-97d4-559c-abf2-6820fd3da5aa,b82830d1-e7ff-505e-a9f1-7186398eadc1,da7bed80-52c5-5646-a1c2-6b010f934ee6,5,17,የእስራኤል ሕዝብ አምላክ አባቶቻችንን መረጣቸው፤ ወገኖቹንም በተሰደዱበት በምድረ ግብፅ ከፍ ከፍ አደረጋቸው፤ ከዚያም ከፍ ባለ ክንዱ አወጣቸው።
bc79f2f6-7ff7-53c9-a507-5d0000004aae,b82830d1-e7ff-505e-a9f1-7186398eadc1,da7bed80-52c5-5646-a1c2-6b010f934ee6,6,18,አርባ ዘመንም በምድረ በዳ መገባቸው።
4688bfd0-b487-5d66-a4a8-4701f3b1ab73,b82830d1-e7ff-505e-a9f1-7186398eadc1,da7bed80-52c5-5646-a1c2-6b010f934ee6,7,19,ሰባቱን የከነዓንን አሕዛብ አጥፍቶ ምድራቸውን አወረሳቸው።
2edf81a4-2b20-5702-a55a-75d77428be4e,b82830d1-e7ff-505e-a9f1-7186398eadc1,da7bed80-52c5-5646-a1c2-6b010f934ee6,8,20,ከዚህም በኋላ አራት መቶ አምሳ ዓመት እስከ ነቢዩ እስከ ሳሙኤል ዘመን ድረስ መሳፍንትን ሾመላቸው።
70c5fba2-d644-55b7-a3de-ef5a9cf08da6,b82830d1-e7ff-505e-a9f1-7186398eadc1,da7bed80-52c5-5646-a1c2-6b010f934ee6,9,21,ከዚያም ወዲያ ንጉሥ ያነግሥላቸው ዘንድ ለመኑ፤ እግዚአብሔርም ከብንያም ነገድ የተወለደውን ሰው የቂስን ልጅ ሳኦልን አርባ ዓመት አነገሠላቸው።
a12b88cc-df8f-5ad7-a7bf-ce5b60828e2e,b82830d1-e7ff-505e-a9f1-7186398eadc1,da7bed80-52c5-5646-a1c2-6b010f934ee6,10,22,እርሱንም ሻረው፤ ከእርሱም በኋላ ዳዊትን አነገሠላቸው፤ ‘የእሴይን ልጅ ዳዊትን ፈቃዴን ሁሉ የሚፈጽም እንደ ልቤም የታመነ ሰው ሆኖ አገኘሁት’ ብሎ መሰከረለት።
058b50b0-7c13-5dd3-a916-f78f9dd7424b,b82830d1-e7ff-505e-a9f1-7186398eadc1,da7bed80-52c5-5646-a1c2-6b010f934ee6,11,23,እግዚአብሔር ተስፋ እንደ ሰጣቸው ከዳዊት ዘር ለእስራኤል መድኀኒት አድርጎ ኢየሱስን አመጣላቸው።
dddbf1ce-3464-5f9e-a6f6-e7153eb0a235,b82830d1-e7ff-505e-a9f1-7186398eadc1,da7bed80-52c5-5646-a1c2-6b010f934ee6,12,24,እርሱ ከመምጣቱ አስቀድሞ ዮሐንስ ለእስራኤል ሕዝብ ሁሉ የንስሓ ጥምቀትን ሰበከላቸው።
666e1975-b228-5eac-a1d3-faeb2493ac1f,b82830d1-e7ff-505e-a9f1-7186398eadc1,da7bed80-52c5-5646-a1c2-6b010f934ee6,13,25,ዮሐንስም መልእክቱን ሲፈጽም እንዲህ አላቸው፦ ‘እኔን ለምን ትጠራጠሩኛላችሁ? እርሱን አይደለሁም፤ የጫማውን ማዘቢያ ከእግሩ ልፈታ የማይገባኝ ከእኔ በኋላ እነሆ፥ ይመጣል።’
731ed4bd-dc3f-5063-a656-a6fb9d60d32d,b82830d1-e7ff-505e-a9f1-7186398eadc1,da7bed80-52c5-5646-a1c2-6b010f934ee6,14,26,“እናንተ ከአብርሃም ወገን የተወለዳችሁ ወንድሞቻችን እግዚአብሔርንም የምትፈሩ፥ ይህ የሕይወት ቃል ለእናንተ ተልኮአል።
9d13f7eb-70e0-5c65-aa6f-e5465850ea98,b82830d1-e7ff-505e-a9f1-7186398eadc1,da7bed80-52c5-5646-a1c2-6b010f934ee6,15,27,በኢየሩሳሌም የሚኖሩና አለቆቻቸው ግን እርሱን አላወቁም፤ የነቢያት መጻሕፍትንም በየሰንበቱ ሁሉ ሲያነቡ አላስተዋሉትም፤ ነገር ግን ይሙት በቃ ፈረዱበት፥ ስለ እርሱ የተጻፈውንም ሁሉ ፈጸሙበት።
c9896f8a-79c0-549b-a98b-b19900dd39e8,b82830d1-e7ff-505e-a9f1-7186398eadc1,da7bed80-52c5-5646-a1c2-6b010f934ee6,16,28,ለሞትም የሚያበቃ ምንም በደል ባላገኙበት ጊዜ እንዲገድለው ጲላጦስን ለመኑት።
cf3065ed-a3d3-5ce9-a4da-4808e34c62ac,b82830d1-e7ff-505e-a9f1-7186398eadc1,da7bed80-52c5-5646-a1c2-6b010f934ee6,17,29,ስለ እርሱም የተጻፈውን ሁሉ ከፈጸሙ በኋላ ከመስቀል አውርደው በመቃብር ቀበሩት።
7e691ec9-7a61-5f32-a736-203cc1cfa8a1,b82830d1-e7ff-505e-a9f1-7186398eadc1,da7bed80-52c5-5646-a1c2-6b010f934ee6,18,30,እግዚአብሔር ግን ከሙታን ለይቶ አስነሣው።
e66e19d0-e995-5d40-a6a9-865c66146b77,b82830d1-e7ff-505e-a9f1-7186398eadc1,da7bed80-52c5-5646-a1c2-6b010f934ee6,19,31,ከተነሣም በኋላ ከገሊላ ወደ ኢየሩሳሌም አብረውት ለወጡት ብዙ ቀን ተገለጠላቸው። እነርሱም በሕዝብ ዘንድ ምስክሮች ሆኑት።
06570e2e-64e5-564d-a0ab-5e933a8b3360,b82830d1-e7ff-505e-a9f1-7186398eadc1,da7bed80-52c5-5646-a1c2-6b010f934ee6,20,32,“እኛም እግዚአብሔር ለአባቶቻችን ያናገረላቸውን ተስፋ እንነግራችኋለን።
257d3823-b93f-599c-a631-d551fac7fe77,b82830d1-e7ff-505e-a9f1-7186398eadc1,da7bed80-52c5-5646-a1c2-6b010f934ee6,21,33,በሁለተኛው መዝሙር፦ ‘አንተ ልጄ ነህ፤ እኔ ዛሬ ወለድሁህ’ እንዳለ ኢየሱስን አስነሥቶ ተስፋውን ለእኛ ለልጆቻቸው ፈጽሞአል።
a4ecb551-1bba-5871-a1f9-d0a261befbb8,b82830d1-e7ff-505e-a9f1-7186398eadc1,da7bed80-52c5-5646-a1c2-6b010f934ee6,22,34,መፍረስ መበስበስንም እንዳያይ እግዚአብሔር ከሙታን ለይቶ እንዳስነሣው እንዲህ አለ፦ ‘የታመነውን የዳዊትን ቅዱስ ተስፋ እሰጣችኋለሁ።
ad476a10-c691-55eb-aef6-cf6d39a5bcbf,b82830d1-e7ff-505e-a9f1-7186398eadc1,da7bed80-52c5-5646-a1c2-6b010f934ee6,23,35,በሌላ ስፍራም እንዲህ ይላል፦ ‘ጻድቅህን መፍረስ መበስበስን ያይ ዘንድ አትሰጠውም።’
b05d3028-c825-5ac8-a92e-4a61f34995a9,b82830d1-e7ff-505e-a9f1-7186398eadc1,da7bed80-52c5-5646-a1c2-6b010f934ee6,24,36,ዳዊት ግን በዘመኑ ለእግዚአብሔር ትእዛዝ አገልግሎአል፤ እንደ አባቶቹ ሞተ፥ ተቀበረም፤ መፍረስ መበስበስንም አይቶአል።
6b507fd7-6be0-542e-a0d9-430649c547f7,b82830d1-e7ff-505e-a9f1-7186398eadc1,da7bed80-52c5-5646-a1c2-6b010f934ee6,25,37,ይህ እግዚአብሔር ያስነሣው ግን መፍረስ መበስበስን አላየም።
b9f23b2e-5a58-5d4d-a664-3b000a57e3ef,b82830d1-e7ff-505e-a9f1-7186398eadc1,da7bed80-52c5-5646-a1c2-6b010f934ee6,26,38,እንግዲህ ወንድሞቻችን፥ በእርሱ ኀጢአታችሁ እንደሚሰረይላችሁ ተስፋ የሰጣችሁን ዕወቁ።
1812042d-d636-5bc5-aac5-c176eef676fc,b82830d1-e7ff-505e-a9f1-7186398eadc1,da7bed80-52c5-5646-a1c2-6b010f934ee6,27,39,ከሁሉም ይልቅ በሙሴ ሕግ መጽደቅ የተሳናችሁ ናችሁ። በእርሱ ግን ያመነ ሁሉ ይጸድቃል።
43edc278-6b38-5cd0-a6fc-c93eb6d85b24,b82830d1-e7ff-505e-a9f1-7186398eadc1,da7bed80-52c5-5646-a1c2-6b010f934ee6,28,40,እንግዲህ እንዲህ የሚለው የነቢያት ቃል እንዳይደርስባችሁ ተጠንቀቁ።
1a743b67-6c84-59ea-a46d-3e26f5441695,b82830d1-e7ff-505e-a9f1-7186398eadc1,da7bed80-52c5-5646-a1c2-6b010f934ee6,29,41,‘እነሆ፥ እናንተ የምታቃልሉ፥ እዩ፤ ተደነቁም፤ ያለዚያ ግን ትጠፋላችሁ፤ ማንም ቢነግራችሁ የማታምኑትን ሥራ እኔ በዘመናችሁ እሠራለሁና።’ ”
14d29b3b-24f5-5cc4-a97d-83a1411cfbeb,b82830d1-e7ff-505e-a9f1-7186398eadc1,da7bed80-52c5-5646-a1c2-6b010f934ee6,30,42,ከምኵራብም ከወጡ በኋላ ይህን ነገር በሁለተኛው ሰንበት እንዲነግሩአቸው ማለዱአቸው።
3e45d85b-039a-5254-a5cd-adb82880add8,b82830d1-e7ff-505e-a9f1-7186398eadc1,da7bed80-52c5-5646-a1c2-6b010f934ee6,31,43,ጉባኤውም በተፈታ ጊዜ ከአይሁድና ወደ ይሁዲነት ከተመለሱት ከደጋጉ ሰዎች ብዙዎች ጳውሎስንና በርናባስን ተከተሉአቸው፤ እነርሱም በእግዚአብሔር ጸጋ ይድኑ ዘንድ እያስረዱ ነገሯቸው።
0d85093f-249d-53b0-a4c5-480966bf54ae,b82830d1-e7ff-505e-a9f1-7186398eadc1,da7bed80-52c5-5646-a1c2-6b010f934ee6,32,44,በሁለተኛው ሰንበትም የከተማው ሰዎች ሁሉ የእግዚአብሔርን ቃል ይሰሙ ዘንድ ተሰበሰቡ።
a8c04917-99e3-5c72-af5e-4af62ebe48b3,b82830d1-e7ff-505e-a9f1-7186398eadc1,da7bed80-52c5-5646-a1c2-6b010f934ee6,33,45,አይሁድም የተሰበሰበውን ብዙ ሕዝብ ባዩ ጊዜ ቀኑባቸው፤ እየተሳደቡም ጳውሎስ የተናገረውን ቃል ተቃወሙ።
4a6a264d-df2b-56c0-a68c-29caea4517ae,b82830d1-e7ff-505e-a9f1-7186398eadc1,da7bed80-52c5-5646-a1c2-6b010f934ee6,34,46,ጳውሎስና በርናባስም ደፍረው እንዲህ ብለው ተናገሩአቸው፥ “የእግዚአብሔርን ቃል ለእናንተ አስቀድሞ ልንነግራችሁ ይገባል፤ እንቢ ብትሉና ራሳችሁን ለዘለዓለም ሕይወት የተዘጋጀ ባታደርጉ ግን እነሆ፥ ወደ አሕዛብ እንመለሳለን።
1df8d03f-2575-5b99-a8b4-878823401261,b82830d1-e7ff-505e-a9f1-7186398eadc1,da7bed80-52c5-5646-a1c2-6b010f934ee6,35,47,እግዚአብሔር፦ እስከ ምድር ዳርቻ ላሉት ሁሉ መድኀኒት ትሆን ዘንድ ለአሕዛብ ብርሃን አድርጌሃለሁ” ብሎ አዝዞናልና።
ecf68b83-3df2-5a1b-a503-c19a3e2c318f,b82830d1-e7ff-505e-a9f1-7186398eadc1,da7bed80-52c5-5646-a1c2-6b010f934ee6,36,48,አሕዛብም ይህን ሰምተው ደስ አላቸው፤ የእግዚአብሔርንም ቃል አከበሩ፤ ለዘለዓለም ሕይወትም የተዘጋጁ ሁሉ አመኑ።
e1eec4a3-cf01-5c8f-a185-548845353a80,b82830d1-e7ff-505e-a9f1-7186398eadc1,da7bed80-52c5-5646-a1c2-6b010f934ee6,37,49,የእግዚአብሔርም ቃል በሀገሩ ሁሉ ተዳረሰ።
d7d0262e-1393-5307-a171-5fd1a6c02f44,b82830d1-e7ff-505e-a9f1-7186398eadc1,da7bed80-52c5-5646-a1c2-6b010f934ee6,38,50,አይሁድ ግን እግዚአብሔርን የሚፈሩ የከበሩ ሴቶችንና የከተማውን ሽማግሌዎች አነሳሡአቸው፤ በጳውሎስና በበርናባስ ላይም ስደትን አስነሡ፤ ከሀገራቸውም አባረሩአቸው።
f030187b-b686-5754-a9f3-3133211edacf,b82830d1-e7ff-505e-a9f1-7186398eadc1,da7bed80-52c5-5646-a1c2-6b010f934ee6,39,51,እነርሱ ግን የእግራቸውን ትቢያ አራግፈውባቸው ወደ ኢቆንዮን ሄዱ።
89e5d81d-8515-501b-a82b-e78367a84a7a,b82830d1-e7ff-505e-a9f1-7186398eadc1,da7bed80-52c5-5646-a1c2-6b010f934ee6,40,52,መንፈስ ቅዱስም በደቀ መዛሙርት ላይ ሞላ፤ ደስም አላቸው።
2dd9301f-944c-51fe-ac7f-61d0fa78bb0d,c122f376-d9e5-5f8f-aa5a-b945735c8497,9b0db7c2-92c0-597e-a222-387d37a17c79,1,1,ኢቆንዮን በምትባል ከተማም እንደ ሁልጊዜው ወደ አይሁድ ምኵራብ ገቡ፤ ከአይሁድና ከአረማውያንም ብዙ ሰዎች እስኪያምኑ ድረስ አስተማሩ።
d01df10c-f4dc-5912-a31e-032a18483474,c122f376-d9e5-5f8f-aa5a-b945735c8497,9b0db7c2-92c0-597e-a222-387d37a17c79,2,2,ማመንን እንቢ ያሉት የአይሁድ ወገኖች ግን የአሕዝብን ልብ በወንድሞች ላይ አነሣሡ፤ አስከፉም።
a022ef9c-6e67-5ce2-aac5-8e2fcde6305f,c122f376-d9e5-5f8f-aa5a-b945735c8497,9b0db7c2-92c0-597e-a222-387d37a17c79,3,3,በጌታም ፊት ደፍረው እያስተማሩ፥ እርሱም የጸጋውን ቃል ምስክር እያሳየላቸው፥ በእጃቸውም ድንቅ ሥራና ተአምራትን እያደረገላቸው ብዙ ወራት ኖሩ።
809eacd9-cba6-5cda-a69d-ac4587ccc79f,c122f376-d9e5-5f8f-aa5a-b945735c8497,9b0db7c2-92c0-597e-a222-387d37a17c79,4,4,የከተማውም ሕዝብ ሁሉ ተለያዩ፤ እኩሌቶቹ ወደ አይሁድ፥ እኩሌቶቹም ወደ ሐዋርያት ሆኑ።
7c71747c-4b65-5157-a6f7-acc2606c6fe9,c122f376-d9e5-5f8f-aa5a-b945735c8497,9b0db7c2-92c0-597e-a222-387d37a17c79,5,5,አሕዛብና አይሁድ ግን ከአለቆቻቸው ጋር ሊያንገላትዋቸውና በድንጋይ ሊደበድቧቸው ተነሡ።
87421c31-99f8-5e1e-acf1-de4c8d693dc3,c122f376-d9e5-5f8f-aa5a-b945735c8497,9b0db7c2-92c0-597e-a222-387d37a17c79,6,6,ሐዋርያትም ይህን ዐውቀው ወደ ሊቃኦንያ ከተሞች ወደ ልስጥራንና ወደ ደርቤን፥ ወደየአውራጃውም ሸሹ።
e7bebaa3-2fd9-516d-a3b5-59a497081321,c122f376-d9e5-5f8f-aa5a-b945735c8497,9b0db7c2-92c0-597e-a222-387d37a17c79,7,7,በዚያም ወንጌልን ሰበኩ።
02e7a1fd-331c-5517-a82b-7a013faaca48,c122f376-d9e5-5f8f-aa5a-b945735c8497,5d12bf18-0aa5-542e-a85e-6345f1bf3893,1,8,በልስጥራንም እግሩ የሰለለ፥ ከእናቱም ማኅፀን ጀምሮ ሽባ የሆነ፥ ከቶም ሂዶ የማያውቅ አንድ ሰው ተቀምጦ ነበር።
6a67eee6-7287-56d9-a24c-af130fd4a3e9,c122f376-d9e5-5f8f-aa5a-b945735c8497,5d12bf18-0aa5-542e-a85e-6345f1bf3893,2,9,እርሱም ጳውሎስን ሲያስተምር ሰማው፤ ጳውሎስም ትኩር ብሎ ተመለከተው፤ እምነት እንዳለውና እንደሚድንም ተረዳ።
bfd44573-6048-5bdf-a8b9-ceb558b89c3a,c122f376-d9e5-5f8f-aa5a-b945735c8497,5d12bf18-0aa5-542e-a85e-6345f1bf3893,3,10,ድምፁንም ከፍ አድርጎ፥ “ተነሥና ቀጥ ብለህ በእግርህ ቁም እልሃለሁ” አለው፤ ወዲያውኑም ተነሥቶ ተመላለሰ።
bd5cd571-2900-5c4e-a578-84751e90e936,c122f376-d9e5-5f8f-aa5a-b945735c8497,5d12bf18-0aa5-542e-a85e-6345f1bf3893,4,11,ሕዝቡም ጳውሎስ ያደረገውን ባዩ ጊዜ፥ “አማልክት ሰዎችን መስለው ወደ እኛ ወረዱ” እያሉ በሊቃኦንያ ቋንቋ ጮኹ።
2748b4ae-29dc-543e-ad44-21ee7cd9bab2,c122f376-d9e5-5f8f-aa5a-b945735c8497,5d12bf18-0aa5-542e-a85e-6345f1bf3893,5,12,በርናባስን ድያ አሉት፤ ጳውሎስንም የትምህርቱ መሪ እርሱ ነበርና ሄርሜን ብለው ጠሩት።
b5f4d0bb-30b3-5836-aed9-acdc9df52b8b,c122f376-d9e5-5f8f-aa5a-b945735c8497,5d12bf18-0aa5-542e-a85e-6345f1bf3893,6,13,በከተማውም ፊት ለፊት ቤተ መቅደስ ያለው የድያ ካህን ኮርማዎችንና የአበባ አክሊሎችን ወደ ደጃፍ አመጣ፤ ከሕዝቡም ጋር ሆኖ ሊሠዋላቸው ወደደ።
bea04650-d217-52a1-adaf-7e20c9d1c197,c122f376-d9e5-5f8f-aa5a-b945735c8497,5d12bf18-0aa5-542e-a85e-6345f1bf3893,7,14,ሐዋርያት በርናባስና ጳውሎስም በሰሙ ጊዜ፥ ልብሳቸውን ቀደዱ፤ ፈጥነውም እየጮኹ ወደ ሕዝቡ ሄዱ።
7c85fe0d-14a6-5d26-af05-e9ea8f92cec3,c122f376-d9e5-5f8f-aa5a-b945735c8497,5d12bf18-0aa5-542e-a85e-6345f1bf3893,8,15,እንዲህም አሉአቸው፥ “እናንተ ሰዎች፥ ይህን ነገር ለምን ታደርጋላችሁ? እኛስ እንደ እናንተ የምንሞት ሰዎች አይደለንምን? ነገር ግን ይህን ከንቱ ነገር ትታችሁ ሰማይና ምድርን፥ ባሕርንም በውስጣቸውም ያለውን ሁሉ ወደ ፈጠረ ወደ ሕያው እግዚአብሔር ትመለሱ ዘንድ ወንጌልን እናስተምራችኋለን።
7498add6-5051-572e-a683-a24a420689f7,c122f376-d9e5-5f8f-aa5a-b945735c8497,5d12bf18-0aa5-542e-a85e-6345f1bf3893,9,16,አሕዛብን ሁሉ በቀድሞ ዘመን እንደ ነበሩበት እንደ ጠባያቸው ሊኖሩ ተዋአቸው።
5fe5893e-9e72-574c-a57f-29377ca9e945,c122f376-d9e5-5f8f-aa5a-b945735c8497,5d12bf18-0aa5-542e-a85e-6345f1bf3893,10,17,ከዚህም ሁሉ ጋር መልካም ሥራን እየሠራ ከሰማይ ዝናምን፥ ፍሬ የሚሆንበትንም ወራት ሲሰጠን፥ ልባችንንም በመብልና በደስታ ሲሞላው ራሱን ያለ ምስክር አልተወም።”
0e98f2c4-8b2d-5b02-ad73-39dcc55a2a5c,c122f376-d9e5-5f8f-aa5a-b945735c8497,5d12bf18-0aa5-542e-a85e-6345f1bf3893,11,18,ይህንም ብለው እንዳይሠዉላቸው ሕዝቡን በግድ አስተዉአቸው።
e0d968e7-343e-531d-af71-d7a24647cc96,c122f376-d9e5-5f8f-aa5a-b945735c8497,5d12bf18-0aa5-542e-a85e-6345f1bf3893,12,19,አይሁድም ከአንጾኪያና ከኢቆንያ መጡ፤ ልባቸውንም እንዲያጠኑባቸው አሕዛብን አባበሉአቸው፤ ጳውሎስንም እየጐተቱ ከከተማ ውጭ አውጥተው በድንጋይ ደበደቡት፤ የሞተም መሰላቸው።
a134973a-66eb-5a06-a0c1-b347ec0abaf7,c122f376-d9e5-5f8f-aa5a-b945735c8497,5d12bf18-0aa5-542e-a85e-6345f1bf3893,13,20,ደቀ መዛሙርቱም ከበቡት፤ ነገር ግን ተነሥቶ አብሮአቸው ወደ ከተማ ገባ፤ በማግሥቱም ከበርናባስ ጋር ወደ ደርቤን ሄደ።
074944c0-84d9-5f2b-a7c3-38cec416a249,c122f376-d9e5-5f8f-aa5a-b945735c8497,ea8dd59e-def4-591c-aa49-5f43b8616389,1,21,በዚያችም ከተማ ወንጌልን ሰበኩ፤ ብዙ ሰዎችንም ደቀ መዛሙርት አድርገው ወደ ልስጥራን፥ ወደ ኢቆንዮንና ወደ አንጾኪያ ተመለሱ።
e9b3feee-96dd-5828-a114-79e0a31a837f,c122f376-d9e5-5f8f-aa5a-b945735c8497,ea8dd59e-def4-591c-aa49-5f43b8616389,2,22,የደቀ መዛሙርትንም ልቡና አጽናኑ፤ በሃይማኖትም እንዲጸኑ፦“ በብዙ ድካምና መከራ ወደ እግዚአብሔር መንግሥት እንገባ ዘንድ ይገባናል” እያሉ መከሩአቸው።
0341f6a1-0491-570e-aa41-91e37691a683,c122f376-d9e5-5f8f-aa5a-b945735c8497,ea8dd59e-def4-591c-aa49-5f43b8616389,3,23,ለቤተ ክርስቲያንም ቀሳውስትን ሾሙ፤ ጾሙ፤ ጸለዩም፤ ለሚታመኑበት ለእግዚአብሔርም አደራ ሰጡአቸው።
f5b25b04-cf88-5f8d-a407-b2b7a6d50630,c122f376-d9e5-5f8f-aa5a-b945735c8497,ea8dd59e-def4-591c-aa49-5f43b8616389,4,24,ከጲስድያም ዐልፈው ጵንፍልያ ደረሱ።
0140b83b-27b0-54e9-a9ca-b7f1e814d2df,c122f376-d9e5-5f8f-aa5a-b945735c8497,ea8dd59e-def4-591c-aa49-5f43b8616389,5,25,ጴርጌን በተባለችው ከተማም ቃሉን ከተናገሩ በኋላ ወደ ኢጣሊያ ወረዱ።
ebcbaf2b-fcc4-5f3d-a0de-d9f25b7b3a04,c122f376-d9e5-5f8f-aa5a-b945735c8497,ea8dd59e-def4-591c-aa49-5f43b8616389,6,26,ከዚያም ስለሚሠሩት ሥራ ለእግዚአብሔር ጸጋ አደራ ወደ ተሰጡበት ወደ አንጾኪያ በመርከብ ሄዱ።
fde2b3da-1102-5492-a75b-c0816b7d60d2,c122f376-d9e5-5f8f-aa5a-b945735c8497,ea8dd59e-def4-591c-aa49-5f43b8616389,7,27,አንጾኪያም በደረሱ ጊዜ ምእመናኑን ሁሉ ሰብስበው እግዚአብሔር ያደረገላቸውን ሁሉ፥ ለአሕዛብም የሃይማኖትን በር እንደ ከፈተላቸው ነገሩአቸው።
d3ed4111-bbf8-5a61-a23c-774d2993b55a,c122f376-d9e5-5f8f-aa5a-b945735c8497,ea8dd59e-def4-591c-aa49-5f43b8616389,8,28,ከደቀ መዛሙርትም ጋር አያሌ ቀን ተቀመጡ።
7775a5b8-4fae-51aa-a11b-40f8f248ce4c,228e472d-1264-5566-a4fc-64eeaa44b5d9,06752716-efd1-55d8-a237-7b351edd2406,1,1,ከይሁዳ ሀገርም የወረዱ ሰዎች፥ “እንደ ሙሴ ሕግ ካልተገዘራችሁ ልትድኑ አትችሉም” እያሉ ወንድሞችን ያስተምሩ ነበር።
d5a292ce-140f-50d4-ac0d-f64e740b1078,228e472d-1264-5566-a4fc-64eeaa44b5d9,06752716-efd1-55d8-a237-7b351edd2406,2,2,ሕዝቡም እጅግ ታወኩ፤ ጳውሎስንና በርናባስንም ተከራከሩአቸው፤ ስለዚህ ነገርም ጳውሎስንና በርናባስን፥ ጓደኞቻቸውንም በኢየሩሳሌም ወደ አሉት ወደ ሐዋርያትና ቀሳውስት ሊልኳቸው ተማከሩ።
191d0b58-8fad-5a24-a93d-13df1a74c573,228e472d-1264-5566-a4fc-64eeaa44b5d9,06752716-efd1-55d8-a237-7b351edd2406,3,3,ከቤተ ክርስቲያንም በተላኩ ጊዜ ወደ ሰማርያና ወደ ፊንቄ ደርሰው አሕዛብ ወደ ሃይማኖት እንደ ተመለሱ ነገሩቸአቸው፤ ወንድሞችንም ሁሉ እጅግ ደስ አሰኙአቸው።
05bd25df-9f9f-509c-ab9a-3d79667d561e,228e472d-1264-5566-a4fc-64eeaa44b5d9,06752716-efd1-55d8-a237-7b351edd2406,4,4,ወደ ኢየሩሳሌም በደረሱ ጊዜም ምእመናንና ሐዋርያት፥ ቀሳውስትም ተቀበሉአቸው፤ እግዚአብሔርም በአሕዛብ መካከል ያደረገላቸውን ነገሩአቸው።
df4f1836-0c5d-55d6-a4cf-9c820f578c44,228e472d-1264-5566-a4fc-64eeaa44b5d9,06752716-efd1-55d8-a237-7b351edd2406,5,5,ነገር ግን ካመኑት ከፈሪሳውያን ወገን አንዳንዶች ተነሥተው፥ “ትገዝሩአቸው ዘንድና የሙሴን ሕግ እንዲጠብቁ ታዝዙአቸው ዘንድ ይገባል” አሉ።
07a40d92-5e45-526f-a907-ec6d502c9774,228e472d-1264-5566-a4fc-64eeaa44b5d9,b3ab91f1-df01-53fd-a558-bd5a6871dc94,1,6,ሐዋርያትና ቀሳውስትም ስለዚህ ነገር የሚያደርጉትን ያዩ ዘንድ ተሰበሰቡ።
b459accf-98bf-5596-a2a8-b2ff00fe8c73,228e472d-1264-5566-a4fc-64eeaa44b5d9,b3ab91f1-df01-53fd-a558-bd5a6871dc94,2,7,ብዙ ክርክርም ከተከራከሩ በኋላ ጴጥሮስ ተነሥቶ እንዲህ አላቸው፥ “ወንድሞች ሆይ፥ ስሙ፤ ለአሕዛብ ከአፌ የወንጌሉን ቃል እንዳሰማቸውና እንዲያምኑ እግዚአብሔር አስቀድሞ እንደ መረጠኝ እናንተ ራሳችሁ ታውቃላችሁ።
c031ec11-b081-54af-a59c-3a09b95e496a,228e472d-1264-5566-a4fc-64eeaa44b5d9,b3ab91f1-df01-53fd-a558-bd5a6871dc94,3,8,ልብን የሚያውቅ እግዚአብሔርም ለእኛ እንደ ሰጠን መንፈስ ቅዱስን በመስጠት መሰከረላቸው።
3f316a08-a8e1-5b2d-a70b-fe1f1ebe7a78,228e472d-1264-5566-a4fc-64eeaa44b5d9,b3ab91f1-df01-53fd-a558-bd5a6871dc94,4,9,ልባቸውንም በእምነት አንጽቶ ከእኛ አልለያቸውም።
b016b53d-8f02-57a1-a7d7-c12c7e34e646,228e472d-1264-5566-a4fc-64eeaa44b5d9,b3ab91f1-df01-53fd-a558-bd5a6871dc94,5,10,አሁንም እግዚአብሔርን አትፈታተኑት፤ እኛም አባቶቻችንም ልንሸከመው ያልቻልነውን ቀንበር በደቀ መዛሙርት ጫንቃ ላይ ለምን ትጭናላችሁ?
22e9c562-b8bb-554e-a229-3269dfee642d,228e472d-1264-5566-a4fc-64eeaa44b5d9,b3ab91f1-df01-53fd-a558-bd5a6871dc94,6,11,ነገር ግን በጌታችን በኢየሱስ ክርስቶስ ጸጋ እንድን ዘንድ እንታመናለን፤ እነርሱም እንደ እኛ ይድናሉ።”
45465744-10f8-562e-a5a5-c09a88db9e48,228e472d-1264-5566-a4fc-64eeaa44b5d9,b3ab91f1-df01-53fd-a558-bd5a6871dc94,7,12,ያንጊዜም ሕዝቡ ሁሉ ጸጥ ብለው እግዚአብሔር በአሕዛብ ዘንድ ያደረገላቸውን ተአምራትና ድንቅ ሥራ ሁሉ ሲናገሩ ጳውሎስንና በርናባስን አዳመጡአቸው።
83f63d31-6c0f-5c46-ad1a-9a89d48322b2,228e472d-1264-5566-a4fc-64eeaa44b5d9,e21ef17d-7b4b-55e9-af7f-3db4f701034b,1,13,እነርሱም ጸጥ ባሉ ጊዜ ያዕቆብ መልሶ እንዲህ አለ፥ “ወንድሞች ሆይ፥ ስሙኝ።
5cb7f47d-03f2-56fd-a374-ae4ab9e0fb34,228e472d-1264-5566-a4fc-64eeaa44b5d9,e21ef17d-7b4b-55e9-af7f-3db4f701034b,2,14,ስምዖንም፥ እግዚአብሔር አስቀድሞ አሕዛብን ይቅር እንዳላቸውና ከውስጣቸውም ለስሙ ሕዝብን እንደ መረጠ ተናግሮአል።
08fc0d79-e00f-54aa-ab94-66b5b64db720,228e472d-1264-5566-a4fc-64eeaa44b5d9,e21ef17d-7b4b-55e9-af7f-3db4f701034b,3,15,በዚህም መጽሐፍ እንዲህ ብሎ እንደ ተናገረ የነቢያት ቃል ይስማማል።
e6328bcc-bcb3-5aed-a47c-468090033dbb,228e472d-1264-5566-a4fc-64eeaa44b5d9,e21ef17d-7b4b-55e9-af7f-3db4f701034b,4,16,ከዚህም በኋላ የወደቀችውን የዳዊትን ቤት መልሼ እሠራታለሁ፤ ፍራሽዋንም አድሳለሁ፤
a85675a9-7a32-573f-af77-bfdcf4598568,228e472d-1264-5566-a4fc-64eeaa44b5d9,e21ef17d-7b4b-55e9-af7f-3db4f701034b,5,17,የቀሩት ሰዎችና ስሜም የተጠራባቸው አሕዛብ ሁሉ እግዚአብሔርን ይፈልጉ ዘንድ፥ ይላል ይህን የሚያደርግ እግዚአብሔር፤
8571aee1-7002-547f-ae3e-49b7816be52b,228e472d-1264-5566-a4fc-64eeaa44b5d9,e21ef17d-7b4b-55e9-af7f-3db4f701034b,6,18,ከጥንት ጀምሮ ሥራው ሁሉ በእግዚአብሔር ዘንድ የታወቀ ነው።
7c3041d7-6bb6-533d-ac4a-2008142c51f9,228e472d-1264-5566-a4fc-64eeaa44b5d9,e21ef17d-7b4b-55e9-af7f-3db4f701034b,7,19,“አሁንም ወደ እግዚአብሔር በተመለሱ አሕዛብ ላይ ሥርዐት አታክብዱ እላችኋለሁ።
6359cb20-332c-5886-a69b-f66e33cc8ef3,228e472d-1264-5566-a4fc-64eeaa44b5d9,e21ef17d-7b4b-55e9-af7f-3db4f701034b,8,20,ነገር ግን ለጣዖት ከሚሠዋው፥ ከዝሙት፥ ሞቶ የተገኘውንና ደም ከመብላት እንዲርቁ፥ ለራሳቸው የሚጠሉትንም በወንድሞቻቸው ላይ እንዳያደርጉ እዘዙአቸው።
3490fe06-5820-5899-ab1f-457e68ea22cd,228e472d-1264-5566-a4fc-64eeaa44b5d9,e21ef17d-7b4b-55e9-af7f-3db4f701034b,9,21,ሙሴም ከጥንት ጀምሮ በየከተማዉ የሚሰብክላቸው ትምህርት ነበር፤ በየምኵራቡም በየሰንበቱ ያነብቡት ነበር።”
cb91de86-4309-59cc-aac7-aa865ac0d3cf,228e472d-1264-5566-a4fc-64eeaa44b5d9,43045133-4302-5b81-ae0d-49f40263dd1b,1,22,ከዚህም በኋላ ሐዋርያትና ቀሳውስት ሕዝቡም ሁሉ ከጳውሎስና ከበርናባስ ጋር ወደ አንጾኪያ የሚልኳቸውን ሰዎች ይመርጡ ዘንድ ተስማሙ፤ ከባልንጀሮቻቸው መካከልም የተማሩትን ሰዎች በርናባስ የተባለ ይሁዳንና ሲላስን መረጡ።
91e089f4-f820-5164-a7ba-acb53daad033,228e472d-1264-5566-a4fc-64eeaa44b5d9,43045133-4302-5b81-ae0d-49f40263dd1b,2,23,እንዲህ የምትል መልእክትም በእጃቸው ጻፉ፤ “ከሐዋርያትና ከቀሳውስት ከወንድሞችም በአንጾኪያ፥ በሶርያና በኪልቅያ ለሚኖሩ፥ ከአሕዛብ ላመኑ ወንድሞቻችን ትድረስ፤ ሰላም ለእናንተ ይሁን፥ ደስ ይበላችሁ።
4cf22795-d5f8-54f0-adb9-8c3833660e6e,228e472d-1264-5566-a4fc-64eeaa44b5d9,43045133-4302-5b81-ae0d-49f40263dd1b,3,24,ያላዘዝናቸው ሰዎች ከእኛ ወጥተው፦ ‘ትገዘሩ ዘንድና የኦሪትንም ሕግ ትጠብቁ ዘንድ ይገባችኋል’ ብለው በነገር እንደ አወኩአችሁና ልባችሁን እንደ አናወጡት ሰምተናል።
7cd91e46-dbf3-5acc-ae35-ef4a48519074,228e472d-1264-5566-a4fc-64eeaa44b5d9,43045133-4302-5b81-ae0d-49f40263dd1b,4,25,ሁላችን ከተሰበሰብን በኋላ በአንድ ቃል በየን፤ አንድ ሆነንም ከወንድሞቻችን ከጳውሎስና ከበርናባስ ጋር ወደ እናንተ የምንልካቸውን ሰዎች መረጥን።
71285b0d-e959-5f01-a162-71ee7b530950,228e472d-1264-5566-a4fc-64eeaa44b5d9,43045133-4302-5b81-ae0d-49f40263dd1b,5,26,እነርሱም ስለ ጌታችን ስለ ኢየሱስ ክርስቶስ ስም ሰውነታቸውን አሳልፈው የሰጡ ሰዎች ናቸው።
761902c6-1e50-5ff8-af47-1182b1895aab,228e472d-1264-5566-a4fc-64eeaa44b5d9,43045133-4302-5b81-ae0d-49f40263dd1b,6,27,ይሁዳንና ሲላስን ልከናቸዋልና እነርሱ በቃላቸው ይህን ያስረዱአችኋል።
b981d229-eac6-51ac-aec5-d85fe3787dd6,228e472d-1264-5566-a4fc-64eeaa44b5d9,43045133-4302-5b81-ae0d-49f40263dd1b,7,28,ሥርዐት እንዳናከብድ ሌላም ሸክም እንዳንጨምር መንፈስ ቅዱስ ከእኛ ጋር ነውና፤ ነገር ግን ይህን በግድ ትተዉ ዘንድ እናዝዛችኋለን።
6623e615-35c2-5349-acec-d3d28f878934,228e472d-1264-5566-a4fc-64eeaa44b5d9,43045133-4302-5b81-ae0d-49f40263dd1b,8,29,ለአማልክት የተሠዋውን፥ ሞቶ የተገኘውን፥ ደምንም አትብሉ፤ ከዝሙትም ራቁ፤ በራሳችሁ የምትጠሉትንም በወንድሞቻችሁ ላይ አታድርጉ፥ ከእነዚህ ሥራዎችም ሰውነታችሁን ብትጠብቁ በሰላም ትኖራላችሁ፤ ደኅና ሁኑ።”
494e79be-0e87-5288-af0e-11cae4baf512,228e472d-1264-5566-a4fc-64eeaa44b5d9,43045133-4302-5b81-ae0d-49f40263dd1b,9,30,እነርሱም ተልከው ወደ አንጾኪያ ወረዱ፤ ሕዝቡንም ሰብስበው የተላከውን ደብዳቤ ሰጡአቸው።
3b3ae33a-f0ca-53a0-a2ab-7dde5364973b,228e472d-1264-5566-a4fc-64eeaa44b5d9,43045133-4302-5b81-ae0d-49f40263dd1b,10,31,እነርሱም አንብበው እጅግ ደስ አላቸው፥ ተጽናኑም።
0a53ab82-cc7e-5669-a681-91fbf8aec93d,228e472d-1264-5566-a4fc-64eeaa44b5d9,43045133-4302-5b81-ae0d-49f40263dd1b,11,32,ይሁዳና ሲላስም መምህራን ነበሩና አስተማሩአቸው፤ ወንድሞችንም በብዙ ቃል አጽናኑአቸው።
51756a58-567e-5c72-a0d5-659252cedf66,228e472d-1264-5566-a4fc-64eeaa44b5d9,43045133-4302-5b81-ae0d-49f40263dd1b,12,33,በእነርሱም ዘንድ አያሌ ቀን ከተቀመጡ በኋላ ወንድሞቻቸውን ተሰናብተው በሰላም ወደ ሐዋርያት ተመለሱ።
37cbd40b-1199-5f95-a925-387fb85fdc3c,228e472d-1264-5566-a4fc-64eeaa44b5d9,43045133-4302-5b81-ae0d-49f40263dd1b,13,34,ሲላስ ግን በዚያ ሊቈይ ወደደ።
6f93ad91-58d1-568e-a9da-1c3138949cc0,228e472d-1264-5566-a4fc-64eeaa44b5d9,43045133-4302-5b81-ae0d-49f40263dd1b,14,35,ጳውሎስና በርናባስም በአንጾኪያ ቈዩ፤ ከሌሎች ብዙ ሰዎች ጋርም የእግዚአብሔርን ቃል ሰበኩ፤ አስተማሩም።
005f9b60-1566-538d-a18c-3ec4cb0ae512,228e472d-1264-5566-a4fc-64eeaa44b5d9,b1ba0a61-70f4-5cab-af20-1bd18fb94d9f,1,36,ከጥቂት ቀን በኋላም ጳውሎስ በርናባስን፦“እንግዲህስ እንመለስና የእግዚአብሔርን ቃል ባስተማርንባቸው ሀገሮች ያሉትን ወንድሞች እንጐብኛቸው፤ እንዴት እንዳሉም እንወቅ” አለው።
0dbde246-eb20-53e1-a42f-91cfdb833e4e,228e472d-1264-5566-a4fc-64eeaa44b5d9,b1ba0a61-70f4-5cab-af20-1bd18fb94d9f,2,37,በርናባስም ማርቆስ የተባለውን ዮሐንስን ከእነርሱ ጋር ይዞት ሊሄድ ወደደ።
da8ae5fa-cf20-5682-a88c-9b0132f29a3b,228e472d-1264-5566-a4fc-64eeaa44b5d9,b1ba0a61-70f4-5cab-af20-1bd18fb94d9f,3,38,ጳውሎስ ግን ከእነርሱ ጋር ሊወስደው አልፈቀደም፤ እነርሱ በጵንፍልያ ሳሉ ትቶአቸው ሄዶአልና፤ አብሮአቸውም ለሥራ አልመጣም ነበርና።
6a625d1e-907b-5325-aae6-d74f543e06da,228e472d-1264-5566-a4fc-64eeaa44b5d9,b1ba0a61-70f4-5cab-af20-1bd18fb94d9f,4,39,ስለዚህም ተኰራርፈው እርስ በርሳቸው ተለያዩ፤ በርናባስም ማርቆስን ይዞ በመርከብ ወደ ቆጵሮስ ሄደ።
0f50c91d-531c-568f-a092-64deed13d62d,228e472d-1264-5566-a4fc-64eeaa44b5d9,b1ba0a61-70f4-5cab-af20-1bd18fb94d9f,5,40,ጳውሎስ ግን ሲላስን መረጠ፤ ወንድሞችም ለእግዚአብሔር ጸጋ አደራ ከሰጡት በኋላ ሄደ።
da7b1f64-3c6c-544a-aad8-58655c687bcb,228e472d-1264-5566-a4fc-64eeaa44b5d9,b1ba0a61-70f4-5cab-af20-1bd18fb94d9f,6,41,በሶርያና በኪልቅያም እየዞረ አብያተ ክርስቲያናትን አጽናና።
8ab86c68-7ac2-5f1c-a411-0309da1f01b6,2461e07d-7422-5970-aa2d-d1018d6c2bf5,b98fdcd9-33e7-5d29-a306-f14de87bb3ff,1,1,ወደ ደርቤንና ወደ ልስጥራን ከተማም ደረሰ፤ እነሆም፥ በዚያ የአንዲት ያመነች አይሁዳዊት ልጅ ጢሞቴዎስ የሚባል አንድ ደቀ መዝሙር ነበር፤ አባቱ ግን አረማዊ ነበረ።
cb0f2ce1-6341-58cf-a2e6-0144b1f45c9e,2461e07d-7422-5970-aa2d-d1018d6c2bf5,b98fdcd9-33e7-5d29-a306-f14de87bb3ff,2,2,በደርቤንና በልስጥራን በኢቆንዮንም ያሉ ወንድሞች ሁሉ ይመሰክሩለት ነበር።
8e7f43b8-767e-5f2b-ae27-c6aceed54dd7,2461e07d-7422-5970-aa2d-d1018d6c2bf5,b98fdcd9-33e7-5d29-a306-f14de87bb3ff,3,3,ጳውሎስም ከእርሱ ጋር ይዞት ሊሄድ ወደደ፤ በዚያም ሀገር ስለ አሉት አይሁድ ወስዶ ገረዘው፤ አባቱ አረማዊ እንደ ነበረ ሁሉም ያውቁ ነበርና።
2f1a36d5-891d-553b-a4c3-b263ce4b2114,2461e07d-7422-5970-aa2d-d1018d6c2bf5,b98fdcd9-33e7-5d29-a306-f14de87bb3ff,4,4,በየከተማውም ሲሔዱ፥ ሐዋርያትና ቀሳውስት በኢየሩሳሌም ያዘዙትን ሥርዐት አስተማሩአቸው።
8244cf27-3b29-5d76-a594-82ac92908de4,2461e07d-7422-5970-aa2d-d1018d6c2bf5,b98fdcd9-33e7-5d29-a306-f14de87bb3ff,5,5,አብያተ ክርስቲያናትም በሃይማኖት ጸኑ፤ ዕለት ዕለትም ቍጥራቸው ይበዛ ነበር።
cbad2b20-d71c-5199-a6e6-df2ec108eb89,2461e07d-7422-5970-aa2d-d1018d6c2bf5,b98fdcd9-33e7-5d29-a306-f14de87bb3ff,6,6,ነገር ግን የእግዚአብሔርን ቃል በእስያ እንዳይናገሩ መንፈስ ቅዱስ ስለከለከላቸው ወደ ፍርግያና ወደ ገላትያ አውራጃ ሄዱ፤
3fc0bbb7-bc0c-52d9-a847-cd84a8ecfefb,2461e07d-7422-5970-aa2d-d1018d6c2bf5,b98fdcd9-33e7-5d29-a306-f14de87bb3ff,7,7,ሚስያ በደረሱ ጊዜም ወደ ቢታንያ ሊሄዱ ወደዱ፤ የጌታችን ኢየሱስ መንፈስ ግን አልፈቀደላቸውም።
2ff0d824-fd6b-51bf-a56d-acc297d26d05,2461e07d-7422-5970-aa2d-d1018d6c2bf5,b98fdcd9-33e7-5d29-a306-f14de87bb3ff,8,8,ከሚስያም ዐልፈው ወደ ጢሮአዳ ወረዱ።
e040ee0d-0998-5f65-ac3d-99201e563569,2461e07d-7422-5970-aa2d-d1018d6c2bf5,b98fdcd9-33e7-5d29-a306-f14de87bb3ff,9,9,ለጳውሎስም በሌሊት አንድ መቄዶናዊ ሰው ቁሞ፥ “ወደ እኛ ወደ መቄዶንያ ዕለፍና ርዳን” እያለ ሲማልደው በራእይ ተገለጸለት።
67174146-4d2c-5b41-ab8c-6f16aac804d4,2461e07d-7422-5970-aa2d-d1018d6c2bf5,b98fdcd9-33e7-5d29-a306-f14de87bb3ff,10,10,ራእዩንም ባየ ጊዜ ወዲያውኑ ወደ መቄዶንያ ልንሄድ ወደድን፤ ወንጌልን እንሰብክላቸው ዘንድ እግዚአብሔር የሚጠራን መስሎናልና።
0badf0e7-f08c-5755-a065-8ee37cc20c15,2461e07d-7422-5970-aa2d-d1018d6c2bf5,b98fdcd9-33e7-5d29-a306-f14de87bb3ff,11,11,ከጢሮአዳም ወጥተን ወደ ሰሞትራቄ ገባን፤ በማግሥቱም ናጶሊ ወደምትባለው ሀገር በመርከብ መጣን።
226bb1cf-dfbd-55bf-a21f-0f8f4afd8490,2461e07d-7422-5970-aa2d-d1018d6c2bf5,b98fdcd9-33e7-5d29-a306-f14de87bb3ff,12,12,ከዚያም ወደ ፊልጵስዩስ ሄድን፤ ይህችውም የመቄዶንያ ዋና ከተማና የሮም ቅኝ ግዛት ነበረች፤ በዚያችም ሀገር ጥቂት ቀን ሰነበትን።
98ae9279-961a-5e5a-af4d-479a219c0fa0,2461e07d-7422-5970-aa2d-d1018d6c2bf5,9fec31b9-3068-50c1-a3cf-8445b8a93d3b,1,13,በሰንበት ቀንም ከከተማዉ በር ወደ ባሕሩ ዳር ወጣን፤ በዚያ የጸሎት ቤት ያለ መስሎን ነበርና፤ በዚያም ተቀምጠን፥ በዚያ ለተሰበሰቡ ሴቶች እናስተምር ጀመርን።
7c885551-88b5-55cf-a0af-f5d55342377b,2461e07d-7422-5970-aa2d-d1018d6c2bf5,9fec31b9-3068-50c1-a3cf-8445b8a93d3b,2,14,በመካከላቸውም ቀይ ሐር የምትሸጥ ከትያጥሮን ሀገር የመጣች እግዚአብሔርን የምትፈራ አንዲት ሴት ነበረች፤ እግዚአብሔርም ልቡናዋን ከፍቶላት ነበርና ጳውሎስ የሚያስተምረውን ታዳምጥ ነበር፤ ስምዋም ልድያ ይባል ነበር።
a3e236f3-37df-574c-a0b9-be063e3e138d,2461e07d-7422-5970-aa2d-d1018d6c2bf5,9fec31b9-3068-50c1-a3cf-8445b8a93d3b,3,15,እርስዋም ከቤተ ሰቦችዋ ጋር ተጠመቀች፤ “ለእግዚአብሔር አማኝ ካደረጋችሁኝስ ወደ ቤቴ ገብታችሁ እደሩ” ብላ ማለደችን፤ የግድም አለችን።
d332b02c-6dbb-50b7-ae11-e9ec30f41ac6,2461e07d-7422-5970-aa2d-d1018d6c2bf5,fcd7d16c-4534-56e1-a0f5-14479f387367,1,16,ለጸሎት ስንሄድም የምዋርተኛነት መንፈስ ያደረባት አንዲት ልጅ አገኘችን፤ በጥንቈላም የምታገኘውን ብዙ እጅ መንሻ ለጌቶችዋ ታገባ ነበር።
3aeb1c14-8205-5dd5-aee7-a74cfa930b76,2461e07d-7422-5970-aa2d-d1018d6c2bf5,fcd7d16c-4534-56e1-a0f5-14479f387367,2,17,ከዚህም በኋላ ጳውሎስንና እኛን እየተከተለች፥ “እነዚህ ሰዎች የልዑል እግዚአብሔር አገልጋዮች ናቸው፤ የሕይወትንም መንገድ ያስተምሩአችኋል” እያለች ትጮኽ ነበር።
6e5139e1-f194-56f7-a4f1-f126bd7ce5ca,2461e07d-7422-5970-aa2d-d1018d6c2bf5,fcd7d16c-4534-56e1-a0f5-14479f387367,3,18,ብዙ ቀንም እንዲሁ ታደርግ ነበር፤ ጳውሎስንም አሳዘነችው፤ መለስ ብሎም፥ “መንፈስ ርኩስ፥ ከእርስዋ እንድትወጣ በጌታችን በኢየሱስ ክርስቶስ ስም አዝዤሃለሁ” አለው፤ ወዲያውኑም ተዋት።
c83198f5-2496-56ed-a893-76cbdca8c826,2461e07d-7422-5970-aa2d-d1018d6c2bf5,fcd7d16c-4534-56e1-a0f5-14479f387367,4,19,ጌቶችዋም የምታገባላቸው የጥቅማቸው ተስፋ እንደ ቀረ ባዩ ጊዜ ጳውሎስንና ሲላስን ይዘው በገበያ እየጐተቱ ወደ ገዢዎች ወሰዱአቸው።
25522747-2238-5e61-afce-afc15e7fa7e2,2461e07d-7422-5970-aa2d-d1018d6c2bf5,fcd7d16c-4534-56e1-a0f5-14479f387367,5,20,ወደ ገዢዎችም አቅርበው፥ “እነዚህ ሰዎች ከተማችንን ያሸብሩብናል፤ እነርሱም አይሁድ ናቸው።
c6e4626e-a3bc-5b72-a53e-62c09c8adfb8,2461e07d-7422-5970-aa2d-d1018d6c2bf5,fcd7d16c-4534-56e1-a0f5-14479f387367,6,21,እኛ የሮሜ ሰዎች ስንሆንም ልናደርገው የማይገባንን ሕግ ይናገራሉ” አሉ።
6c2cfc36-0bac-5e1f-ac08-2318bd2dcade,2461e07d-7422-5970-aa2d-d1018d6c2bf5,fcd7d16c-4534-56e1-a0f5-14479f387367,7,22,ሕዝቡም ተነሡባቸው፤ ገዢዎቹም ልብሳቸውን ገፍፈው በበትር ይመቱአቸው ዘንድ አዘዙ።
d53cd7ea-c25c-5506-aaa4-6eeadefdc438,2461e07d-7422-5970-aa2d-d1018d6c2bf5,fcd7d16c-4534-56e1-a0f5-14479f387367,8,23,በብዙም ደብድበው አሰሩአቸው፤ የወህኒ ቤቱን ዘበኛም አጽንቶ እንዲጠብቃቸው አዘዙት።
32386bef-3188-5d1c-ae03-06ae22144f2c,2461e07d-7422-5970-aa2d-d1018d6c2bf5,fcd7d16c-4534-56e1-a0f5-14479f387367,9,24,እርሱም ትእዛዙን ተቀብሎ ወደ ውስጠኛው ወኅኒ ቤት አስገባቸው፤ እግራቸውንም በግንድ አጣብቆ ጠረቃቸው።
c0a4f783-c6e9-5b98-a438-1c3fe90d787e,2461e07d-7422-5970-aa2d-d1018d6c2bf5,fcd7d16c-4534-56e1-a0f5-14479f387367,10,25,በመንፈቀ ሌሊትም ጳውሎስና ሲላስ ጸለዩ፤ እግዚአብሔርንም በዜማ አመሰገኑት፤ እስረኞቹም ይሰሙአቸው ነበር።
d761e78b-98fd-5d1d-ad6d-a908000dc5c5,2461e07d-7422-5970-aa2d-d1018d6c2bf5,fcd7d16c-4534-56e1-a0f5-14479f387367,11,26,ድንገትም ታላቅ ንውጽውጽታ ሆነ፤ የወህኒ ቤቱ መሠረትም ተናወጠ፤ በሮችም ሁሉ ያንጊዜ ተከፈቱ፤ የሁሉም እግር ብረቶቻቸው እየወለቁ ወደቁ።
2d4e04ea-dbaf-5c51-aa5f-514de9c36d6d,2461e07d-7422-5970-aa2d-d1018d6c2bf5,fcd7d16c-4534-56e1-a0f5-14479f387367,12,27,የወህኒ ቤቱ ጠባቂም ከእንቅልፉ በነቃ ጊዜ በሮች ሁሉ ተከፍተው አየ፤ ሰይፉንም መዝዞ ራሱን ሊገድል ወደደ፤ እስረኞቹ ያመለጡት መስሎት ነበርና።
8bdf0184-5350-58ca-a4e2-027adc79e2c6,2461e07d-7422-5970-aa2d-d1018d6c2bf5,fcd7d16c-4534-56e1-a0f5-14479f387367,13,28,ጳውሎስም፥ “በራስህ ክፉ ነገር አታድርግ፤ ሁላችንም ከዚህ አለን” ብሎ በታላቅ ቃል ጮኸ።
cd55dad1-ed06-5fed-ab88-be45305a4171,2461e07d-7422-5970-aa2d-d1018d6c2bf5,fcd7d16c-4534-56e1-a0f5-14479f387367,14,29,መብራት አምጥቶም እየተንቀጠቀጠ ወደ ውስጥ ሄደና ለጳውሎስና ለሲላስ ወድቆ ሰገደ።
2b71127d-53a2-523c-a0d4-83e9ce5bc762,2461e07d-7422-5970-aa2d-d1018d6c2bf5,fcd7d16c-4534-56e1-a0f5-14479f387367,15,30,ወደ ውጭም አውጥቶ “ጌቶች፥ እድን ዘንድ ምን ላድርግ?” አላቸው።
ec195f16-0541-50b8-a935-940020118c82,2461e07d-7422-5970-aa2d-d1018d6c2bf5,fcd7d16c-4534-56e1-a0f5-14479f387367,16,31,እነርሱም፥ “በጌታችን በኢየሱስ ክርስቶስ እመን፤ አንተና ቤተ ሰብህም ሁሉ ትድናላችሁ” አሉት።
2e38d0f6-1b37-55fd-a7b6-53505b42df43,2461e07d-7422-5970-aa2d-d1018d6c2bf5,fcd7d16c-4534-56e1-a0f5-14479f387367,17,32,የእግዚአብሔርንም ቃል ለእርሱና በቤቱ ላሉት ሁሉ ነገሩአቸው።
d0993898-679e-56bc-a59e-c37c4c567f2b,2461e07d-7422-5970-aa2d-d1018d6c2bf5,fcd7d16c-4534-56e1-a0f5-14479f387367,18,33,ወዲያውኑም በሌሊት ወስዶ ቍስላቸውን አጠበላቸው፤ እርሱም በዚያው ጊዜ ከቤተ ሰቡ ሁሉ ጋር ተጠመቀ።
0effde35-4a6e-5217-ae7e-d1827960d28b,2461e07d-7422-5970-aa2d-d1018d6c2bf5,fcd7d16c-4534-56e1-a0f5-14479f387367,19,34,ወደ ቤቱም አግብቶ ማዕድ አቀረበላቸው፤ በጌታችን ስለ አመነም እርሱ ከቤተ ሰቡ ጋር ደስ አለው።
9a8c6c62-7ab6-58d1-af91-60de03aefd07,2461e07d-7422-5970-aa2d-d1018d6c2bf5,fcd7d16c-4534-56e1-a0f5-14479f387367,20,35,በነጋ ጊዜም፥ ገዢዎቹ፥ “እነዚያን ሰዎች ፈትታችሁ ልቀቋቸው” ብለው ብላቴኖቻቸውን ላኩ።
6b1b22e4-9e71-57cd-a726-289c8a4c4b98,2461e07d-7422-5970-aa2d-d1018d6c2bf5,fcd7d16c-4534-56e1-a0f5-14479f387367,21,36,የወህኒ ቤቱ ጠባቂም በሰማ ጊዜ ሄዶ ገዢዎቹ “ይፈቱ” ብለው እንደ ላኩ ይህን ነገር ለጳውሎስና ለሲላስ ነገራቸው፤ “አሁንም ውጡና በሰላም ሂዱ” አላቸው።
1fc9b67c-8b03-5d61-a4ff-3434efefb32c,2461e07d-7422-5970-aa2d-d1018d6c2bf5,fcd7d16c-4534-56e1-a0f5-14479f387367,22,37,ጳውሎስ ግን፥ “እኛ የሮም ሰዎች ስንሆን፥ ያለ ፍርድ በአደባባይ ገረፉን፤ አሰሩንም፤ አሁንም በስውር ሊያወጡን ይሻሉ፤ አይሆንም፥ ራሳቸው መጥተው ያውጡን” አላቸው።
f86414b9-4de6-5007-a7a6-aed25c1b80f2,2461e07d-7422-5970-aa2d-d1018d6c2bf5,fcd7d16c-4534-56e1-a0f5-14479f387367,23,38,ብላቴኖቻቸውም ሄደው ይህንን ነገር ለገዢዎቹ ነገሩአቸው፤ የሮም ሰዎች መሆናቸውንም ሰምተው ደነገጡ።
d623908b-cab8-5d84-ab33-effd9c651350,2461e07d-7422-5970-aa2d-d1018d6c2bf5,fcd7d16c-4534-56e1-a0f5-14479f387367,24,39,መጥተውም ከከተማቸው እንዲወጡ ማለዱአቸው።
d0d419eb-c70d-5853-a3ed-549f416fd84e,2461e07d-7422-5970-aa2d-d1018d6c2bf5,fcd7d16c-4534-56e1-a0f5-14479f387367,25,40,ከወኅኒ ቤቱም ከወጡ በኋላ ወደ ልድያ ቤት ገብተው ወንድሞችን አገኙ፤ አጽናንተዋቸውም ሔዱ።
66413d99-a88c-51a4-ab97-139c510e1083,5a25946f-86a0-56b6-ad3c-0190b8d33446,20d8a1ae-8533-522e-a047-4766679578ce,1,1,አንፊጶልና አጶሎንያ ወደሚባሉ ሀገሮችም ሄዱ፤ የአይሁድ ምኵራብ ወደ አለበት ወደ ተሰሎንቄም ደረሱ።
e411ba88-b5ab-5e6f-a284-b934c284a095,5a25946f-86a0-56b6-ad3c-0190b8d33446,20d8a1ae-8533-522e-a047-4766679578ce,2,2,ጳውሎስም እንደ አስለመደው ወደ እነርሱ ገብቶ ሦስት ሳምንት ከመጻሕፍት እየጠቀሰ ሲከራከራቸው ሰነበተ።
3a362162-db18-551a-acba-7c07ff6f32bf,5a25946f-86a0-56b6-ad3c-0190b8d33446,20d8a1ae-8533-522e-a047-4766679578ce,3,3,ክርስቶስ እንዲሞት ከሙታንም ተለይቶ እንዲነሣ፥ እየተረጐመና እየአስተማራቸው፥ “ይህ እኔ የነገርኋችሁ ኢየሱስ እርሱ ክርስቶስ ነው” ይል ነበር።
c7f02a7b-5d56-5218-aafc-7b3c63e4f01d,5a25946f-86a0-56b6-ad3c-0190b8d33446,20d8a1ae-8533-522e-a047-4766679578ce,4,4,ከእነርሱና ከደጋጎች አረማውያንም ብዙ ሰዎች፥ ከታላላቆች ሴቶችም ጥቂቶች ያይደሉ አምነው ከጳውሎስና ከሲላስ ጋር ሆኑ።
9dba60ce-07be-5e61-ae8f-7ad5bdb663ad,5a25946f-86a0-56b6-ad3c-0190b8d33446,20d8a1ae-8533-522e-a047-4766679578ce,5,5,የማያምኑ አይሁድ ግን ቀኑባቸው፤ ከገበያም ክፉዎች ሰዎችን አምጥተው፥ ሰዎችንም ሰብስበው ሀገሪቱን አወኳት፤ ፈለጓቸውም፤ የኢያሶንን ቤትም በረበሩ፤ ወደ ሕዝቡም ሊያወጧቸው ሽተው ነበር።
58f40e19-2310-55b0-af2b-57ef98bde962,5a25946f-86a0-56b6-ad3c-0190b8d33446,20d8a1ae-8533-522e-a047-4766679578ce,6,6,በአጧቸውም ጊዜ ኢያሶንን ጐተቱት፤ በዚያም የነበሩትን ጓደኞች ጭምር ወደ ሹሞቹ ወሰዱአቸው፤ እየጮኹም እንዲህ ይሉ ነበር፥ “ዓለምን የሚያውኳት እነዚህ ናቸው፤ ወደዚህም መጥተዋል።
4cbc8b09-811b-5005-ab5b-47882c7ecfec,5a25946f-86a0-56b6-ad3c-0190b8d33446,20d8a1ae-8533-522e-a047-4766679578ce,7,7,ይህ ኢያሶንም ተቀበላቸው፤ እነርሱም በቄሣር ላይ የወንጀል ሥራ ይሠራሉ፤ ሌላ ሕግንም ያስተምራሉ፤ ኢየሱስም ሌላ ንጉሥ ነው” ይላሉ።
a5406731-00fd-56b5-affd-d3007aa52008,5a25946f-86a0-56b6-ad3c-0190b8d33446,20d8a1ae-8533-522e-a047-4766679578ce,8,8,ሕዝቡና የከተማው ሹሞችም ይህን በሰሙ ጊዜ ታወኩ።
31a9e910-542c-56d5-a930-d552a7bcf3b3,5a25946f-86a0-56b6-ad3c-0190b8d33446,20d8a1ae-8533-522e-a047-4766679578ce,9,9,ከኢያሶንና ከጓደኞቹም ዋስ ተቀብለው ለቀቁአቸው።
a334395d-a201-5305-ad1d-91a5934d5f94,5a25946f-86a0-56b6-ad3c-0190b8d33446,20d8a1ae-8533-522e-a047-4766679578ce,10,10,ወንድሞች ግን ጳውሎስንና ሲላስን በሌሊት ወደ ቤርያ ሸኙአቸው፤ ወደዚያም በደረሱ ጊዜ ወደ አይሁድ ምኵራብ ገቡ።
53a42cb9-9ec4-5cd2-a30a-1d1579a9c7ac,5a25946f-86a0-56b6-ad3c-0190b8d33446,20d8a1ae-8533-522e-a047-4766679578ce,11,11,በተሰሎንቄ ካሉትም እነርሱ ይሻላሉ፤ በፍጹም ደስታ ቃላቸውን ተቀብለዋልና፤ ነገሩም እንደ አስተማሩአቸው እንደ ሆነ ለመረዳት ዘወትር መጻሕፍትን ይመረምሩ ነበር።
ee1726bf-d45d-52f5-a41f-8665017e3da2,5a25946f-86a0-56b6-ad3c-0190b8d33446,20d8a1ae-8533-522e-a047-4766679578ce,12,12,ከመካከላቸውም ያመኑ ብዙዎች ነበሩ፤ ከአረማውያን ወገን የሆኑ ብዙ ደጋግ ሴቶችም ነበሩ፤ ወንዶችም ብዙዎች ነበሩ።
c3822d3c-53d8-5a7e-ad77-5fb2c1480692,5a25946f-86a0-56b6-ad3c-0190b8d33446,20d8a1ae-8533-522e-a047-4766679578ce,13,13,በተሰሎንቄ የነበሩ አይሁድ ግን ጳውሎስ በቤርያ የእግዚአብሔርን ቃል እንደ አስተማረ ባወቁ ጊዜ፥ ወደዚያ መጥተው ሕዝቡን አወኩአቸው።
51a07b6d-5e30-51dc-a1e5-65a6969c1ea5,5a25946f-86a0-56b6-ad3c-0190b8d33446,20d8a1ae-8533-522e-a047-4766679578ce,14,14,ያንጊዜም ወንድሞች ጳውሎስን ሸኝተው ወደ ባሕር አደረሱት፤ ሲላስና ጢሞቴዎስ ግን በዚያው ቀሩ።
e4312dfc-b978-5499-ac70-2039b71b35c3,5a25946f-86a0-56b6-ad3c-0190b8d33446,20d8a1ae-8533-522e-a047-4766679578ce,15,15,ጳውሎስን የሸኙት ሰዎችም እስከ አቴና ከተማ ድረስ አብረውት መጥተው ነበርና ፈጥነው ይከተሉት ዘንድ ወደ ሲላስና ወደ ጢሞቴዎስ ላካቸው፤ ተመልሰውም ሄዱ።
8f4f4893-94ed-5163-aed3-21c85e3f0f35,5a25946f-86a0-56b6-ad3c-0190b8d33446,393b5b3a-201a-54e4-ad1f-ae4f9985b7ad,1,16,ጳውሎስም በአቴና ሆኖ ሲጠብቃቸው ከተማው ሁሉ ጣዖት ሲያመልኩ ባየ ጊዜ ልቡናው ተበሳጨ።
214f0227-5870-5f90-a676-f3c4b0741f1e,5a25946f-86a0-56b6-ad3c-0190b8d33446,393b5b3a-201a-54e4-ad1f-ae4f9985b7ad,2,17,ስለዚህም በምኵራብ አይሁድንና እግዚአብሔርን የሚፈሩትን፥ ሁልጊዜም በገበያ የሚያገኛቸውን ሁሉ ይከራከራቸው ነበር።
6b38ec35-79ed-5ee4-ad1b-bbfb8d1db1bf,5a25946f-86a0-56b6-ad3c-0190b8d33446,393b5b3a-201a-54e4-ad1f-ae4f9985b7ad,3,18,የኤፌቆሮስን ትምህርት ከተማሩ ፈላስፋዎች መካከልና ረዋቅያውያን ከሚባሉት ወገን የሆኑ ሌሎች ፈላስፎችም የተከራከሩት ነበሩ፤ እኩሌቶችም፥ “ይህ ለፍላፊ ምን ሊናገር ይፈልጋል?” ይሉ ነበር፤ ሌሎችም፥ “ስለ ኢየሱስ ከሙታን ስለ መነሣቱም ሰብኮላቸዋልና የአዲስ አምላክ ትምህርትን ያስተምራል” አሉ።
cc66f884-d294-5666-a5eb-c52212d50a48,5a25946f-86a0-56b6-ad3c-0190b8d33446,393b5b3a-201a-54e4-ad1f-ae4f9985b7ad,4,19,ይዘውም አርዮስፋጎስ ወደሚባል ሸንጎ ወሰዱት፤ እንዲህም አሉት፥ “ይህን የምታስተምረውን አዲስ ትምህርት እናውቅ ዘንድ ይቻለናልን? እስቲ ንገረን?
3b8c6876-c86a-513c-a872-a02feff66a60,5a25946f-86a0-56b6-ad3c-0190b8d33446,393b5b3a-201a-54e4-ad1f-ae4f9985b7ad,5,20,በጆሮአችን እንግዳ ነገር ታሰማናለህና እኛም ይህ ነገር ምን እንደ ሆነ ልንረዳ እንወዳለን።”
0fef936f-9346-561e-a87c-6033a4168ab8,5a25946f-86a0-56b6-ad3c-0190b8d33446,393b5b3a-201a-54e4-ad1f-ae4f9985b7ad,6,21,የአቴና ሰዎችና በዚያም የነበሩ እንግዶች ሁሉ አዲስ ነገርን ከመናገርና ከመስማት በቀር ሌላ ዐሳብ አልነበራቸውም።
65519475-b98b-57b7-a28e-ec14cb6faf57,5a25946f-86a0-56b6-ad3c-0190b8d33446,b68465cc-407e-529c-af3b-80ce2c8f372c,1,22,ጳውሎስም በአርዮስፋጎስ ውስጥ ቆሞ እንዲህ አላቸው፥ “እናንተ የአቴና ሰዎች! በሥራችሁ ሁሉ አማልክትን ማምለክ እንደምታበዙ አያችኋለሁ።
482a8919-c2bb-5b57-a4b0-c68a55e94c2b,5a25946f-86a0-56b6-ad3c-0190b8d33446,b68465cc-407e-529c-af3b-80ce2c8f372c,2,23,በዚህም ሳልፍ ‘ለማይታወቅ አምላክ’ የሚል ጽሕፈት ያለበትን የምታመልኩበትን መሠዊያችሁን አየሁ፤ እነሆ፥ እኔ ይህን ሳታውቁ የምታመልኩትን እገልጽላችኋለሁ።
903989c7-99af-569b-a332-81b282efb10f,5a25946f-86a0-56b6-ad3c-0190b8d33446,b68465cc-407e-529c-af3b-80ce2c8f372c,3,24,ዓለሙንና በእርሱም ያለውን ሁሉ የፈጠረ አምላክ እርሱ የሰማይና የምድር ጌታ ነውና እጅ በሠራው መቅደስ አይኖርም።
cea80916-1868-5413-a9ab-6869a58675e5,5a25946f-86a0-56b6-ad3c-0190b8d33446,b68465cc-407e-529c-af3b-80ce2c8f372c,4,25,እርሱም ሕይወትንና እስትንፋስን፥ ሌላውንም ነገር ሁሉ ለሁሉ ይሰጣልና እንደ ችግረኛ የሰው እጅ አያገለግለውም።
942bd676-cfe3-5eea-a624-0d68acc2ae1f,5a25946f-86a0-56b6-ad3c-0190b8d33446,b68465cc-407e-529c-af3b-80ce2c8f372c,5,26,እርሱም በምድር ሁሉ ላይ ይኖሩ ዘንድ ሰዎችን ሁሉ ከአንድ ሰው ፈጠረ፤ ይኖሩባትም ዘንድ ዘመንንና ቦታን ወስኖ ሠራላቸው።
aa6066fc-fbb7-559b-a39f-12d31cad5018,5a25946f-86a0-56b6-ad3c-0190b8d33446,b68465cc-407e-529c-af3b-80ce2c8f372c,6,27,ምናልባት ያገኙት እንደ ሆነ እግዚአብሔርን ይፈልጉት ዘንድ፤ ነገር ግን ከሁላችን የራቀ አይደለም።
ae715e1d-e6eb-5588-a5c6-e1f9ad2e8ae0,5a25946f-86a0-56b6-ad3c-0190b8d33446,b68465cc-407e-529c-af3b-80ce2c8f372c,7,28,እኛ በእርሱ ሕይወትን እናገኛለን፤ በእርሱም እንንቀሳቀሳለን፤ በእርሱም ጸንተን እንኖራለን፤ ከመካከላችሁም፦ ‘እኛ ዘመዶቹ ነን’ የሚሉ ፈላስፎች አሉ።
03823b92-7722-5069-a7f7-0f7987d3d8f6,5a25946f-86a0-56b6-ad3c-0190b8d33446,b68465cc-407e-529c-af3b-80ce2c8f372c,8,29,እንግዲህ እኛ የእግዚአብሔር ዘመዶች ከሆን በሰው ዕውቀትና ብልሀት በተቀረጸ በድንጋይና በብር፥ በወርቅም አምላክነቱን ልንመስለው አይገባም።
fbaf1535-8722-5efd-a549-7ad8713f50f5,5a25946f-86a0-56b6-ad3c-0190b8d33446,b68465cc-407e-529c-af3b-80ce2c8f372c,9,30,የቀድሞውንስ ያለ ማወቅ ዘመን እግዚአብሔር አሳልፎታል፤ ዛሬ ግን በመላው ዓለም ንስሓ እንዲገቡ ሰውን ሁሉ አዝዞአል።
359113f2-1e81-55c6-a144-683dfad2089d,5a25946f-86a0-56b6-ad3c-0190b8d33446,b68465cc-407e-529c-af3b-80ce2c8f372c,10,31,በመረጠው ሰው እጅ በዓለም በእውነት የሚፈርድባትን ቀን ወስኖአልና፤ እርሱን ከሙታን ለይቶ በማስነሣቱም ብዙዎችን ወደ ሃይማኖት መልሶአልና።”
76fff3e5-dc74-543d-ac58-2beb812810ec,5a25946f-86a0-56b6-ad3c-0190b8d33446,b68465cc-407e-529c-af3b-80ce2c8f372c,11,32,የሙታንንም ትንሣኤ በሰሙ ጊዜ እኩሌቶቹ አፌዙበት፤ ሌሎችም፥ “ስለዚህ ነገር በሌላ ቀን እናዳምጥሃለን” አሉት።
9e390731-e65e-517e-ae55-decabf9ca712,5a25946f-86a0-56b6-ad3c-0190b8d33446,b68465cc-407e-529c-af3b-80ce2c8f372c,12,33,ጳውሎስም ከመካከላቸው ወጥቶ ሄደ።
3237e44b-7c48-5256-a781-0013d6e3c82d,5a25946f-86a0-56b6-ad3c-0190b8d33446,b68465cc-407e-529c-af3b-80ce2c8f372c,13,34,አምነው የተከተሉት ሰዎችም ነበሩ፤ ከእነርሱም አንዱ ከአርዮስፋጎስ ባለሥልጣኖች ወገን የሚሆን ዲዮናስዮስ ነበር፤ ደማሪስ የምትባል ሴትም ነበረች፤ ሌሎችም አብረዋቸው ነበሩ።
8316efdc-655b-59d8-a81a-dca150e8fcff,37fe09da-0e96-5cf3-a120-83f31be01745,39875f6f-d1bf-5ad7-add9-b46862f300ca,1,1,ከዚህ በኋላ ጳውሎስ ከአቴና ወጥቶ ወደ ቆሮንቶስ ሄደ።
3b0f38f6-658b-53b2-afa4-51b547b2a1e7,37fe09da-0e96-5cf3-a120-83f31be01745,39875f6f-d1bf-5ad7-add9-b46862f300ca,2,2,አቂላ የሚባል አንድ አይሁዳዊም አገኘ፤ የትውልድ ሀገሩም ጳንጦስ ነው፤ እርሱም ከጥቂት ወራት በፊት ከኢጣልያ ተሰዶ መጣ፤ ሚስቱ ጵርስቅላም አብራው ነበረች፤ ቀላውዴዎስ አይሁድ ከሮም እንዲሰደዱ አዝዞ ነበርና ወደ እነርሱ መጣ።
31e22c08-ff1e-528c-abc5-d1078b0eda42,37fe09da-0e96-5cf3-a120-83f31be01745,39875f6f-d1bf-5ad7-add9-b46862f300ca,3,3,ሥራቸው አንድ ስለ ነበረ ድንኳን ሰፊዎችም ስለ ነበሩ ከእነርሱ ጋር አብሮ ኖረ፤ በአንድነትም ይሠሩ ነበር።
277615a7-413d-5725-a2c3-d4b4b34084bf,37fe09da-0e96-5cf3-a120-83f31be01745,39875f6f-d1bf-5ad7-add9-b46862f300ca,4,4,ጳውሎስም በየሰንበቱ በምኵራብ ይከራከራቸው ነበር፤ አይሁድንና አረማውያንንም ያሳምናቸው ነበር።
68bd78aa-e484-503d-afbd-cf3582d22044,37fe09da-0e96-5cf3-a120-83f31be01745,39875f6f-d1bf-5ad7-add9-b46862f300ca,5,5,ሲላስና ጢሞቴዎስም ከመቄዶንያ በወረዱ ጊዜ ጳውሎስ፥ ኢየሱስ እርሱ ክርስቶስ እንደ ሆነ ለአይሁድ እየመሰከረ ቃሉን በማስተማር ይተጋ ነበር።
a87a3c58-037e-5f47-a59b-fc5c83f1d9da,37fe09da-0e96-5cf3-a120-83f31be01745,39875f6f-d1bf-5ad7-add9-b46862f300ca,6,6,እነርሱም በተቃወሙትና በሰደቡት ጊዜ ልብሱን አራግፎ፥ “እንግዲህ እኔ ንጹሕ ነኝ፤ ደማችሁ በራሳችሁ ላይ ነው፤ ከእንግዲህስ ወዲህ ወደ አሕዛብ እሄዳለሁ” አላቸው።
65a756b9-c01e-5142-ae86-2b58372080e1,37fe09da-0e96-5cf3-a120-83f31be01745,39875f6f-d1bf-5ad7-add9-b46862f300ca,7,7,ከዚያም አልፎ ስሙ ኢዮስጦስ ወደሚባል እግዚአብሔርን ወደሚፈራ ሰው ቤት ገባ፤ ቤቱም በምኵራብ አጠገብ ነበር።
9de01889-d3bd-5797-a2c0-123ee69154d3,37fe09da-0e96-5cf3-a120-83f31be01745,39875f6f-d1bf-5ad7-add9-b46862f300ca,8,8,የምኵራብ አለቃ ቀርስጶስም ከነቤተ ሰቡ በጌታችን በኢየሱስ ክርስቶስ አመነ፤ ከቆሮንቶስ ሰዎችም ብዙዎች ሰምተው አምነው ተጠመቁ።
f78fe403-3d1e-526b-a41e-67e5b21ce45c,37fe09da-0e96-5cf3-a120-83f31be01745,39875f6f-d1bf-5ad7-add9-b46862f300ca,9,9,ጌታችንም ጳውሎስን በሌሊት ራእይ እንዲህ አለው፥ “አትፍራ፥ ነገር ግን ተናገር፥ ዝምም አትበል፤
656cc604-82ea-55ca-aee8-83ae64c725bc,37fe09da-0e96-5cf3-a120-83f31be01745,39875f6f-d1bf-5ad7-add9-b46862f300ca,10,10,እኔ ከአንተ ጋር ነኝና ማንም ሊጐዳህ የሚነሣብህ የለም፤ በዚች ከተማ ብዙ ሕዝብ አሉኝና።”
10faf9d6-57b2-5095-a461-ae446c7d6432,37fe09da-0e96-5cf3-a120-83f31be01745,39875f6f-d1bf-5ad7-add9-b46862f300ca,11,11,ጳውሎስም የእግዚአብሔርን ቃል እየአስተማራቸው ዓመት ከስድስት ወር በቆሮንቶስ ተቀመጠ።
d2a4f9fd-c097-5792-a349-b731336f1c40,37fe09da-0e96-5cf3-a120-83f31be01745,39875f6f-d1bf-5ad7-add9-b46862f300ca,12,12,ጋልዮስም የአካይያ አገረ ገዢ በሆነ ጊዜ አይሁድ ተባብረው በጳውሎስ ላይ ተነሡ፤ ወደ ሸንጎም አመጡት።
4552df23-6d6b-5c88-a5d9-3c545cbbe802,37fe09da-0e96-5cf3-a120-83f31be01745,39875f6f-d1bf-5ad7-add9-b46862f300ca,13,13,እንዲህም አሉት፥ “ይህ ሰው ኦሪትን በመቃወም እግዚአብሔርን ያመልኩ ዘንድ ሰዎችን ያባብላል።”
d1de8eef-a2cc-5505-ae66-5812bf0ea1cf,37fe09da-0e96-5cf3-a120-83f31be01745,39875f6f-d1bf-5ad7-add9-b46862f300ca,14,14,ጳውሎስም ይመልስላቸው ዘንድ አፉን ሊከፍት ወድዶ ሳለ አገረ ገዢው ጋልዮስ መልሶ አይሁድን እንዲህ አላቸው፥ “እናንተ አይሁድ ሆይ፥ የበደላችሁ በደል ቢኖር፥ ወይም ሌላ በደል ቢኖርበት አቤቱታችሁን በሰማሁና ባከራከርኋችሁ ነበር።
ddbfe976-800f-5482-a439-78f63d07a5df,37fe09da-0e96-5cf3-a120-83f31be01745,39875f6f-d1bf-5ad7-add9-b46862f300ca,15,15,ስለ ትምህርትና ስለ ስሞች፥ ስለ ሕጋችሁም የምትከራከሩ ከሆነ ግን ለራሳችሁ ዕወቁ፤ እኔ እንዲህ ያለ ነገር ልሰማ አልፈቅድም።”
a8ba2c2f-6af0-5c2d-a175-28db223e7767,37fe09da-0e96-5cf3-a120-83f31be01745,39875f6f-d1bf-5ad7-add9-b46862f300ca,16,16,ከሸንጎውም አባረራቸው።
e356dbfe-5f5f-5882-aa14-b506ea380212,37fe09da-0e96-5cf3-a120-83f31be01745,39875f6f-d1bf-5ad7-add9-b46862f300ca,17,17,አረማውያንም ሁሉ የምኵራቡን አለቃ ሶስቴንስን ይዘው በሸንጎ ፊት ደበደቡት፤ የእርሱም ነገር ጋልዮስን ምንም አላሳዘነውም።
306451e2-3ef1-5185-a8a4-3208aab591f5,37fe09da-0e96-5cf3-a120-83f31be01745,39875f6f-d1bf-5ad7-add9-b46862f300ca,18,18,ጳውሎስም እንደ ገና በወንድሞቹ ዘንድ ጥቂት ቀን ተቀመጠ፤ በሰላምም ሸኙትና ወደ ሶርያ በባሕር ተጓዘ፤ ጵርስቅላና አቂላም አብረውት ነበሩ፤ ስእለትም ነበረበትና በክንክራኦስ ራሱን ተላጨ።
53d029dc-2463-525f-aff3-a7d62da63b90,37fe09da-0e96-5cf3-a120-83f31be01745,39875f6f-d1bf-5ad7-add9-b46862f300ca,19,19,ወደ ኤፌሶንም ደረሱ፤ በዚያም ተዋቸውና እርሱ ብቻውን ወደ ምኵራብ ገብቶ አይሁድን ተከራከራቸው።
ec39892b-f088-5555-a5de-cfd5cc7146bc,37fe09da-0e96-5cf3-a120-83f31be01745,39875f6f-d1bf-5ad7-add9-b46862f300ca,20,20,እነርሱም ብዙ ጊዜ እንዲሰነብት ማለዱት፤ ነገር ግን አልወደደም።
91f6ba9e-a304-5cee-a2df-dd340d412f0b,37fe09da-0e96-5cf3-a120-83f31be01745,39875f6f-d1bf-5ad7-add9-b46862f300ca,21,21,ከዚህም በኋላ በሚሸኙት ጊዜ፥ “እግዚአብሔር ቢፈቅድ እንደገና እመለሳለሁ፤ አሁን ግን የሚመጣውን በዓል በኢየሩሳሌም ላደርግ እወዳለሁ” አላቸው፤ ከኤፌሶንም በመርከብ ሄደ።
055d7d9e-39f1-5e45-a838-7b54ffa671e7,37fe09da-0e96-5cf3-a120-83f31be01745,39875f6f-d1bf-5ad7-add9-b46862f300ca,22,22,ወደ ቂሳርያም ደረሰ፤ ከዚያም ወጥቶ ለቤተ ክርስቲያን ሰላምታ ከሰጠ በኋላ ወደ አንጾኪያ ሄደ።
2aa6289d-e4f8-5069-aba2-4fdf1cbbf88c,37fe09da-0e96-5cf3-a120-83f31be01745,39875f6f-d1bf-5ad7-add9-b46862f300ca,23,23,ጥቂት ቀንም ተቀመጠ፤ ከዚያም ወጥቶ በገላትያና በፍርግያ በኩል በተራ እየዞረ ሄደ፤ ደቀ መዛሙርትንም አጸናቸው።
3f5937e7-10c0-516c-a136-1f6949dcebc3,37fe09da-0e96-5cf3-a120-83f31be01745,39875f6f-d1bf-5ad7-add9-b46862f300ca,24,24,በእስክንድርያም የሚኖር፥ ንግግር የሚችልና መጽሐፍን የሚያውቅ አጵሎስ የሚባል አንድ አይሁዳዊ ሰው ወደ ኤፌሶን መጣ።
bdfeea0d-69be-532e-ac20-f71a57b86de0,37fe09da-0e96-5cf3-a120-83f31be01745,39875f6f-d1bf-5ad7-add9-b46862f300ca,25,25,እርሱም የእግዚአብሔርን መንገድ የተማረ ነበር፤ ስለ ኢየሱስ ክርስቶስም ሊያስተምርና ሊመሰክር ከልቡ የሚተጋ ነበር፤ ነገር ግን የዮሐንስን ጥምቀት ብቻ ተጠምቆ ነበር።
69249c65-73e5-5805-a7af-07cf6523f9e7,37fe09da-0e96-5cf3-a120-83f31be01745,39875f6f-d1bf-5ad7-add9-b46862f300ca,26,26,እርሱም በምኵራብ በግልጥ ይናገር ጀመር፤ ጵርስቅላና አቂላም በሰሙት ጊዜ ወደ ማደሪያቸው ወስደው ፍጹም የእግዚአብሔርን መንገድ አስረዱት።
103cff3c-453b-5f01-a81e-8d1b278a68f4,37fe09da-0e96-5cf3-a120-83f31be01745,39875f6f-d1bf-5ad7-add9-b46862f300ca,27,27,ወደ አካይያም ሊሄድ በወደደ ጊዜ ወንድሞች አጽናኑት፤ እንዲቀበሉትም ወደ ደቀ መዛሙርት ጻፉለት፤ ወደ እነርሱም በደረሰ ጊዜ፥ በእግዚአብሔር ጸጋ ላመኑት ብዙ አስተማራቸው፤ ትልቅ ርዳታም ረዳቸው።
b5584389-bc65-5ee7-a4c1-dc27665f9ca9,37fe09da-0e96-5cf3-a120-83f31be01745,39875f6f-d1bf-5ad7-add9-b46862f300ca,28,28,ተሰብስበው ሳሉም በሕዝቡ ሁሉ ፊት አይሁድን በግልጥ እጅግ ይከራከራቸው ነበር፤ ስለ ኢየሱስም እርሱ ክርስቶስ እንደ ሆነ ከመጻሕፍት ማስረጃ ያመጣላቸው ነበር።
8d9a3fd9-4e08-5d30-a769-20cd0cc15546,8b08089e-27e6-50d3-a6d6-f42ae1a59033,8836c27a-3b33-5f43-a076-2d84eb63e225,1,1,ከዚህም በኋላ አጵሎስ በቆሮንቶስ ሳለ፥ ጳውሎስ ላይ ላዩን ሄዶ ወደ ኤፌሶን መጣ፤ በዚያም ጥቂት ደቀ መዛሙርትን አገኘ።
1497c821-b8c1-5e07-a6db-cedf6d7bd82d,8b08089e-27e6-50d3-a6d6-f42ae1a59033,8836c27a-3b33-5f43-a076-2d84eb63e225,2,2,“ካመናችሁ ጀምሮ በውኑ መንፈስ ቅዱስን ተቀብላችኋልን?” አላቸው፤ እነርሱም፥ “አልተቀበልንም መንፈስ ቅዱስ እንዳለ ስንኳ አልሰማንም” አሉት።
0cf6376d-38b5-5652-a6c2-13d38f5e83c9,8b08089e-27e6-50d3-a6d6-f42ae1a59033,8836c27a-3b33-5f43-a076-2d84eb63e225,3,3,እርሱም፥ “እንኪያ በምን ተጠመቃችሁ?” አላቸው፤ እነርሱም፥ “በዮሐንስ ጥምቀት” አሉት።
32b6e442-7a0a-55b5-a42f-845dbeb7fb84,8b08089e-27e6-50d3-a6d6-f42ae1a59033,8836c27a-3b33-5f43-a076-2d84eb63e225,4,4,ጳውሎስም፥ “ዮሐንስ ከእርሱ በኋላ በሚመጣው በኢየሱስ ክርስቶስ እንዲያምኑ እየሰበከ የንስሓ ጥምቀትን አጠመቀ” አላቸው።
9bedcb4a-c759-524e-a5c5-3fdb3d542e7b,8b08089e-27e6-50d3-a6d6-f42ae1a59033,8836c27a-3b33-5f43-a076-2d84eb63e225,5,5,እነርሱም ይህን በሰሙ ጊዜ በጌታችን በኢየሱስ ክርስቶስ ስም ተጠመቁ።
2c2a32f5-c2b5-5fa1-aaa0-598a66b284c5,8b08089e-27e6-50d3-a6d6-f42ae1a59033,8836c27a-3b33-5f43-a076-2d84eb63e225,6,6,ጳውሎስም እጁን በጫነባቸው ጊዜ መንፈስ ቅዱስ በእነርሱ ላይ ወረደ፤ ያንጊዜም በሀገሩ ሁሉ ቋንቋ ተናገሩ፤ ትንቢትም ተናገሩ።
afc92455-1273-5e16-a362-6bea1f04870d,8b08089e-27e6-50d3-a6d6-f42ae1a59033,8836c27a-3b33-5f43-a076-2d84eb63e225,7,7,ሰዎቹም ሁሉ ዐሥራ ሁለት ያህሉ ነበር።
0e0d65fd-7aa9-5792-a536-84c8bbe27f73,8b08089e-27e6-50d3-a6d6-f42ae1a59033,8836c27a-3b33-5f43-a076-2d84eb63e225,8,8,ጳውሎስም ወደ ምኵራብ ገብቶ በግልጥ አስተማረ፤ ስለ እግዚአብሔርም መንግሥት እያስተማራቸውና እያሳመናቸው ሦስት ወር ቈየ።
6df07031-1f82-5e2f-abba-e3bb6a004f2d,8b08089e-27e6-50d3-a6d6-f42ae1a59033,8836c27a-3b33-5f43-a076-2d84eb63e225,9,9,በተሰበሰበውም ሕዝብ ፊት አንዳንዶች በእግዚአብሔር ትምህርት ላይ ክፉ እየተናገሩ ባላመኑ ጊዜ፥ ጳውሎስ ከእነርሱ ተለየ፤ ደቀ መዛሙርቱንም ይዞ ጢራኖስ በሚባል መምህር ቤት ሁልጊዜ ያስተምራቸው ነበር።
29de85fc-3445-5981-a54a-64296b42d25e,8b08089e-27e6-50d3-a6d6-f42ae1a59033,8836c27a-3b33-5f43-a076-2d84eb63e225,10,10,በእስያም ያሉ አይሁድና አረማውያን ሁሉ የእግዚአብሔርን ቃል እስኪሰሙ ድረስ እንደዚሁ ሁለት ዓመት ኖረ።
516b6ad9-ec12-584b-a41d-21f7491a787c,8b08089e-27e6-50d3-a6d6-f42ae1a59033,0605c713-f540-5d42-aca8-b2c1f281d298,1,11,እግዚአብሔርም በጳውሎስ እጅ ታላላቅ ሥራን ይሠራ ነበር።
cd7469b8-eee2-5ace-a025-0e04d9ef732a,8b08089e-27e6-50d3-a6d6-f42ae1a59033,0605c713-f540-5d42-aca8-b2c1f281d298,2,12,ከልብሱ ዘርፍና ከመጠምጠሚያዉ ጫፍ ቈርጠው እየወሰዱ በድውያኑ ላይ ያኖሩት ነበር፤ እነርሱም ይፈወሱ ነበር፤ ክፉዎች መናፍስትም ይወጡ ነበር።
23cb37de-437a-5e29-a1ae-f953fc961a4a,8b08089e-27e6-50d3-a6d6-f42ae1a59033,0605c713-f540-5d42-aca8-b2c1f281d298,3,13,ከአይሁድም አስማት እያደረጉ የሚዞሩ ሰዎች ክፉዎች መናፍስት ባሉባቸው ላይ “ጳውሎስ በሚያስተምርበት በኢየሱስ ስም እናምላችኋለን” እያሉ የጌታችን የኢየሱስን ስም ይጠሩባቸው ነበር።
f979a7be-e0bd-52cf-affc-55057423b297,8b08089e-27e6-50d3-a6d6-f42ae1a59033,0605c713-f540-5d42-aca8-b2c1f281d298,4,14,እኒህ እንዲህ ያደርጉ የነበሩትም የካህናቱ አለቃ የአይሁዳዊው የአስቂዋ ልጆች ናቸው፤ እነርሱም ሰባት ነበሩ።
2603d94f-a0a8-52c4-a2a4-2208d04b13f1,8b08089e-27e6-50d3-a6d6-f42ae1a59033,0605c713-f540-5d42-aca8-b2c1f281d298,5,15,ያም ክፉ መንፈስ፥ “በኢየሱስ አምናለሁ፥ ጳውሎስንም አውቀዋለሁ፤ እንግዲህ እናንተ እነማን ናችሁ?” ብሎ መለሰላቸው።
bd53c2f7-928f-5412-af5b-aaeccb143d13,8b08089e-27e6-50d3-a6d6-f42ae1a59033,0605c713-f540-5d42-aca8-b2c1f281d298,6,16,ያም ክፉ መንፈስ የያዘው ሰው ተነሣባቸው፤ አየለባቸውም፤ አሸነፋቸውም፤ አቍስሎም ከዚያ ቤት አስወጥቶ አባረራቸው።
cff7771d-5c22-5cb3-a369-434367d65fe5,8b08089e-27e6-50d3-a6d6-f42ae1a59033,0605c713-f540-5d42-aca8-b2c1f281d298,7,17,ይህም ነገር በኤፌሶን በሚኖሩ በአይሁድና በአረማውያን ሁሉ ዘንድ ተሰማ፤ ሁሉም ፈሩ፤ የጌታችን የኢየሱስንም ስም ከፍ ከፍ አደረጉ።
56d4d031-cafe-523d-a7d8-9787880b587d,8b08089e-27e6-50d3-a6d6-f42ae1a59033,0605c713-f540-5d42-aca8-b2c1f281d298,8,18,ያመኑትም ሁሉ እየመጡ ስለ ሠሩት ንስሓ ይገቡ ነበር።
96df042a-5218-5b25-ae48-2c806fa853cd,8b08089e-27e6-50d3-a6d6-f42ae1a59033,0605c713-f540-5d42-aca8-b2c1f281d298,9,19,ብዙዎች አስማተኞችም መጽሐፎቻቸውን እየሰበሰቡ እያመጡ በሕዝቡ ሁሉ ፊት በእሳት ያቃጥሉ ነበር፤ ያቃጠሏቸው የመጽሐፎች ዋጋም አምሳ ሺህ ብር ነበር።
d348a595-8d4f-521d-ad15-c33463fdde7d,8b08089e-27e6-50d3-a6d6-f42ae1a59033,0605c713-f540-5d42-aca8-b2c1f281d298,10,20,እንዲህም እያለ የእግዚአብሔር ቃል በኀይል ያድግና ይበረታ ነበር።
d53e85a0-5196-53a3-a06d-d0c686af1301,8b08089e-27e6-50d3-a6d6-f42ae1a59033,0605c713-f540-5d42-aca8-b2c1f281d298,11,21,ይህም ከተፈጸመ በኋላ ጳውሎስ በመቄዶንያና በአካይያ በኩል አልፎ ወደ ኢየሩሳሌም ሊሄድ በልቡ ዐሰበ፥ “እዚያም ከደረስሁ በኋላ ሮሜን ላያት ይገባኛል” አለ።
a33a0c08-d9ed-51a5-ad83-157f2f389de6,8b08089e-27e6-50d3-a6d6-f42ae1a59033,0605c713-f540-5d42-aca8-b2c1f281d298,12,22,ከሚያገለግሉትም ሁለቱን ጢሞቴዎስንና አርስጦስን ወደ መቄዶንያ ላከ፤ እርሱ ራሱ ጳውሎስ ግን ብዙ ቀን በእስያ ተቀመጠ።
be80c11c-7555-5df8-a8ec-b9fb1c2fef42,8b08089e-27e6-50d3-a6d6-f42ae1a59033,86cacad0-c96f-539b-a817-463a23abe4e7,1,23,በዚያም ወራት ስለዚህ ትምህርት ብዙ ሁከት ሆነ።
071ec2c9-28c4-59e6-ae79-7027e64b1a8e,8b08089e-27e6-50d3-a6d6-f42ae1a59033,86cacad0-c96f-539b-a817-463a23abe4e7,2,24,በዚያም ብር ሠሪ የሆነ ድሜጥሮስ የሚባል አንድ ሰው ነበር፤ ለአርጤምስም ከብር የቤተ መቅደስ ምስል ይሠራ ነበር፤ አንጥረኞችንም እያሠራ ብዙ ገንዘብ ይሰጣቸው ነበር።
dcc20f0c-5717-58c2-a537-47191f8213dc,8b08089e-27e6-50d3-a6d6-f42ae1a59033,86cacad0-c96f-539b-a817-463a23abe4e7,3,25,አንጥረኞችንና ይህን የመሰለውን ሥራ የሚሠሩትንም ሁሉ ሰብስቦ እንዲህ አላቸው፥ “እናንተ ሰዎች ሆይ፥ ጥቅም የምናገኘው በዚህ ሥራችን እንደ ሆነ እናንተ ታውቃላችሁ።
ab9d179e-4c98-513d-aaf5-34dece6d7680,8b08089e-27e6-50d3-a6d6-f42ae1a59033,86cacad0-c96f-539b-a817-463a23abe4e7,4,26,አሁን ግን እንደምታዩትና እንደምትሰሙት ይህ ጳውሎስ ኤፌሶንን ብቻ ሳይሆን መላውን እስያን አሳተ፤ ብዙ ሕዝብንም መለሰ፤ በሰው እጅ የሚሠሩትንም ሁሉ አማልክት አይደሉም አላቸው።
7d4b8f2e-2c69-5e3e-a182-04c3db657940,8b08089e-27e6-50d3-a6d6-f42ae1a59033,86cacad0-c96f-539b-a817-463a23abe4e7,5,27,አሁን የምንቸገር በዚህ ነገር ብቻ አይደለም፤ እስያና መላው ዓለም የሚያመልካት የታላቋ የአርጤምስም መቅደስ ክብር ይቀራል፤ ገናናነቷም ይሻራል።”
998a7d50-1fb1-5c79-aceb-8d7d1bca77f9,8b08089e-27e6-50d3-a6d6-f42ae1a59033,86cacad0-c96f-539b-a817-463a23abe4e7,6,28,ይህንም በሰሙ ጊዜ ተቈጡና ድምፃቸውን ከፍ አድርገው፥ “የኤፌሶን አርጤምስ ክብርዋ ታላቅ ነው” አሉ።
b69e987b-4f58-5052-aa46-7958a0abe43f,8b08089e-27e6-50d3-a6d6-f42ae1a59033,86cacad0-c96f-539b-a817-463a23abe4e7,7,29,ከተማውም ሁሉ ታወከ፤ የመቄዶንያን ሰዎች የጳውሎስን ወዳጆች ጋይዮስንና አርስጥሮኮስንም ከእነርሱ ጋር እየጐተቱበአንድነት ወደ ጨዋታው ቦታ ሮጡ።
2d5fee37-6369-5fa8-a8a1-535190624aae,8b08089e-27e6-50d3-a6d6-f42ae1a59033,86cacad0-c96f-539b-a817-463a23abe4e7,8,30,ጳውሎስም ወደ አሕዛብ መካከል ሊገባ ወድዶ ነበር፤ ነገር ግን ደቀ መዛሙርት ከለከሉት።
6a77fc65-de0e-5580-a772-a91b02648fc5,8b08089e-27e6-50d3-a6d6-f42ae1a59033,86cacad0-c96f-539b-a817-463a23abe4e7,9,31,ከእስያም የሆኑ ታላላቆች ወዳጆቹ ወደ ጨዋታው ቦታ እንዳይገባ ልከው ማለዱት።
3a3a5d19-8a14-5b6b-aa74-9710c12e4c89,8b08089e-27e6-50d3-a6d6-f42ae1a59033,86cacad0-c96f-539b-a817-463a23abe4e7,10,32,በዚያም በጨዋታው ቦታ የነበሩ ሰዎች እየጮኹ ቈዩ፤ በሌላም ቋንቋ የሚጮሁ ነበሩ፤ በጉባኤው ታላቅ ድብልቅልቅ ሆኖ ነበርና፤ ከእነርሱ የሚበዙት ግን በምን ምክንያት እንደ ተሰበሰቡ አያውቁም ነበር።
93972f27-8898-5e67-ac07-c1e1f17f34a6,8b08089e-27e6-50d3-a6d6-f42ae1a59033,86cacad0-c96f-539b-a817-463a23abe4e7,11,33,በዚያ የነበሩ አይሁድም እስክንድሮስ የሚባል አይሁዳዊ ሰውን ከመካከላቸው አስነሡ፤ እርሱም ተነሥቶ በእጁ ምልክት ሰጠና ለሕዝቡ ሊከራከርላቸው ወደደ።
f0e466f9-2a39-5bd4-a5cd-7d26fbd0a71b,8b08089e-27e6-50d3-a6d6-f42ae1a59033,86cacad0-c96f-539b-a817-463a23abe4e7,12,34,አይሁዳዊ እንደሆነም ባወቁ ጊዜ “የኤፌሶን አርጤምስ ክብርዋ ታላቅ ነው” እያሉ ሁለት ሰዓት ያህል ሁሉም በአንድ ድምፅ ጮሁ።
b7540fa8-245e-54ed-abd7-5d290cee82a5,8b08089e-27e6-50d3-a6d6-f42ae1a59033,86cacad0-c96f-539b-a817-463a23abe4e7,13,35,ከዚህም በኋላ የከተማው ጸሓፊ ተነሥቶ ሕዝቡን ጸጥ አሰኝቶ እንዲህ አላቸው፥ “እናንተ የኤፌሶን ሰዎች ሆይ፥ ስሙ፤ የኤፌሶን ከተማ ታላቂቱን አርጤምስንና ከሰማይ የወረደውን ጣዖትዋን እንደምትጠብቅ የማያውቅ ማነው?
b231010b-d3df-5fda-a9ec-a6ec5f16fb56,8b08089e-27e6-50d3-a6d6-f42ae1a59033,86cacad0-c96f-539b-a817-463a23abe4e7,14,36,ስለዚህም እርስዋን መቃወም የሚቻለው ያለ አይመስለኝም፤ አሁንም ይህን በጠብና በክርክር ሳይሆን በቀስታ ልናደርገው ይገባናል።
549048f2-ff6d-53d5-a42f-161702d0e356,8b08089e-27e6-50d3-a6d6-f42ae1a59033,86cacad0-c96f-539b-a817-463a23abe4e7,15,37,የአማልክትን ቤት ያልዘረፉትንና በአማልክቶቻችን ላይ ክፉ ቃልን ያልተናገሩትን እነዚህን ሰዎች እነሆ ወደ እዚህ አምጥታችኋቸዋል።
13c368c6-af80-5de2-a82c-2114fe0e0166,8b08089e-27e6-50d3-a6d6-f42ae1a59033,86cacad0-c96f-539b-a817-463a23abe4e7,16,38,ድሜጥሮስና ከእርሱ ጋር ያሉ አንጥረኞች ግን በማንም ላይ ጠብ እንዳላቸው እርስ በርሳቸው ይከራከሩ፤ እነሆም በከተማው ውስጥ ፍርድ ቤት አለ፤ ዳኞችም አሉ።
0fd41335-a858-5a3e-ac01-60baaabb90cd,8b08089e-27e6-50d3-a6d6-f42ae1a59033,86cacad0-c96f-539b-a817-463a23abe4e7,17,39,ነገር ግን ይህ የምትከራከሩበት ነገር ሌላ ከሆነ በሕግ ሸንጎ ይፈታል።
4bcc19a8-a037-55db-a929-b1041d3360e6,8b08089e-27e6-50d3-a6d6-f42ae1a59033,86cacad0-c96f-539b-a817-463a23abe4e7,18,40,ዛሬም በደል ሳይኖር በአመጣችሁብን ክርክር እኛ እንቸገራለንና ስለዚህ ክርክር የምንወቃቀሰው ነገር የለም፥” ይህንም ብሎ ሸንጎውን ፈታ።
ce58468d-12aa-5b9c-a61b-6152ed65aa14,8bb04c16-79f3-5e43-afb5-d8fade94b79a,4acaf071-36d2-5309-a6ef-477dbe3cfec1,1,1,ክርክሩም ከተፈጸመ በኋላ ጳውሎስ ደቀ መዛሙርቱን ጠራና አጽናናቸው፤ ተሰናበታቸውም፤ ወጥቶም ወደ መቄዶንያ ሄደ።
32462fe4-93c1-50b6-ae42-e2a991775ae5,8bb04c16-79f3-5e43-afb5-d8fade94b79a,4acaf071-36d2-5309-a6ef-477dbe3cfec1,2,2,በዚያ አውራጃም አልፎ ሄደ፤ በቃሉም ብዙ አስተማራቸው፤ ከዚያም በኋላ ወደ ግሪክ ሀገር ሄደ።
5bc48b8e-568f-56f8-a2d3-c0a06fc2255e,8bb04c16-79f3-5e43-afb5-d8fade94b79a,4acaf071-36d2-5309-a6ef-477dbe3cfec1,3,3,በዚያም ሦስት ወር ተቀመጠ፤ ወደ ሶርያም በመርከብ ለመሄድ ዐስቦ ሳለ አይሁድ ስለ ተማከሩበት ወደ መቄዶንያ ሊመለስ ቈረጠ።
4e07bec5-4739-5d4e-a374-cebf9611abcc,8bb04c16-79f3-5e43-afb5-d8fade94b79a,4acaf071-36d2-5309-a6ef-477dbe3cfec1,4,4,ከእርሱም ጋር የቤርያ ሀገር ሰው የሚሆን ሱሲጳጥሮስ፥ የተሰሎንቄም ሰዎች አርስጥሮኮስና ሲኮንዱስ፥ የደርቤኑ ሰው ጋይዮስና ጢሞቴዎስም፥ የእስያ ሰዎች የሚሆኑ ቲኪቆስና ጥሮፊሞስም አብረውት ሄዱ።
d231473d-c86a-5330-aae9-2b05cf1d0a43,8bb04c16-79f3-5e43-afb5-d8fade94b79a,4acaf071-36d2-5309-a6ef-477dbe3cfec1,5,5,እነርሱም ቀድመውን ሄደው በጢሮአስ ቆዩን።
b601572d-a72a-53c7-afa0-074587fe4418,8bb04c16-79f3-5e43-afb5-d8fade94b79a,7d6b51fe-2af1-5aa7-af56-9bf48e05e383,1,6,እኛ ግን ከፋሲካ በኋላ ከፊልጵስዩስ ተነሥተን በባሕር ላይ ተጕዘን በአምስት ቀን ወደ ጢሮአስ ደረስን፤ በዚያም ሰባት ቀን ተቀመጥን።
ee995bd4-6753-5cdf-aabe-0491ef0953d1,8bb04c16-79f3-5e43-afb5-d8fade94b79a,7d6b51fe-2af1-5aa7-af56-9bf48e05e383,2,7,ከሳምንቱም በመጀመሪያው ቀን እሑድ ማዕድ ለመባረክ ተሰብስበን ሳለን ጳውሎስ በማግሥቱ የሚሄድ ነውና ያስተምራቸው ጀመረ፤ እስከ መንፈቀ ሌሊትም ድረስ ትምህርቱን አስረዘመ።
541dc506-0a00-55fc-abfd-03d1040c1660,8bb04c16-79f3-5e43-afb5-d8fade94b79a,7d6b51fe-2af1-5aa7-af56-9bf48e05e383,3,8,ተሰብስበን በነበርንበት ሰገነትም ብዙ መብራት ነበር።
afd937b4-7c07-5d9b-aa27-24d05ffffd4e,8bb04c16-79f3-5e43-afb5-d8fade94b79a,7d6b51fe-2af1-5aa7-af56-9bf48e05e383,4,9,ስሙ አውጤክስ የሚባል አንድ ጐልማሳ ልጅም በመስኮት በኩል ተቀምጦ ሳለ ከባድ እንቅልፍ አንቀላፍቶ ነበር፤ ጳውሎስም ትምህርቱን ባስረዘመ ጊዜ ያ ጐልማሳ ከእንቅልፉ ብዛት የተነሣ ከተኛበት ከሦስተኛው ፎቅ ወደ ታች ወደቀ፤ ሬሳውንም አነሡት።
118b20f6-87f0-58c8-ab54-f65190c9365b,8bb04c16-79f3-5e43-afb5-d8fade94b79a,7d6b51fe-2af1-5aa7-af56-9bf48e05e383,5,10,ጳውሎስም ወርዶ በላዩ ወደቀ፤ አቅፎም ያዘው፤ እነርሱንም፥ “ነፍሱ አለችና አትደንግጡ” አላቸው።
87874ecc-ffab-5494-a2d3-458b6fb35fba,8bb04c16-79f3-5e43-afb5-d8fade94b79a,7d6b51fe-2af1-5aa7-af56-9bf48e05e383,6,11,ከዚህም በኋላ ወደ ሰገነት ወጣ፤ ማዕዱንም ባርኮ በላ፤ እስኪነጋም ድረስ ብዙ ትምህርት አስተማራቸው፤ ከዚያ በኋላም ተነሥቶ ሄደ።
4410adbc-f53e-5d40-a890-86784dee4898,8bb04c16-79f3-5e43-afb5-d8fade94b79a,7d6b51fe-2af1-5aa7-af56-9bf48e05e383,7,12,ብላቴናውንም ደኅና ሆኖ ወሰዱት፤ እጅግም ደስ አላቸው።
0cc75d33-9958-592b-a19e-13f2679d299f,8bb04c16-79f3-5e43-afb5-d8fade94b79a,7d6b51fe-2af1-5aa7-af56-9bf48e05e383,8,13,እኛ ግን በመርከብ ሆነን ወደ አሶስ ሄድን፤ ከዚያ ጳውሎስን ልንቀበለው እንሻ ነበርና፤ እንደዚሁ በእግር እንደሚመጣ ነግሮን ነበርና ተቀበልነው።
32041582-cd81-5916-a6b3-080e22190839,8bb04c16-79f3-5e43-afb5-d8fade94b79a,7d6b51fe-2af1-5aa7-af56-9bf48e05e383,9,14,አሶስም ደረስን፤ በመርከብም ይዘነው ወደ ሚጢሊኒ ሄድን።
965aadaa-5338-5119-ac03-a3c5c7e0f318,8bb04c16-79f3-5e43-afb5-d8fade94b79a,7d6b51fe-2af1-5aa7-af56-9bf48e05e383,10,15,በማግሥቱም ከዚያ ወጥተን በኪዮስ ፊት ለፊት ደረስን፤ በማግሥቱም ወደ ሳሞስ አለፍን፤ በትሮጊሊዮም ተቀመጥን፤ ከዚህ ቀን በኋላም ወደ መሊጡ ደረስን።
b806671f-a781-511e-a08f-ab634d97afbf,8bb04c16-79f3-5e43-afb5-d8fade94b79a,7d6b51fe-2af1-5aa7-af56-9bf48e05e383,11,16,ጳውሎስም በእስያ እንዳይዘገይ በኤፌሶን በኩል ሊሄድ ቈርጦ ነበር፤ የሚቻለውም ቢሆን ለበዓለ ኀምሳ ኢየሩሳሌም ለመድረስ ቸኵሎ ነበርና።
adc8d315-7643-5b61-ac7e-32d004b7d8bc,8bb04c16-79f3-5e43-afb5-d8fade94b79a,7d6b51fe-2af1-5aa7-af56-9bf48e05e383,12,17,ከመሊጡም የቤተ ክርስቲያንን ቀሳውስት ይጠሩአቸው ዘንድ ወደ ኤፌሶን ላከ።
a427ecec-c544-5a20-a29d-fc154a80e954,8bb04c16-79f3-5e43-afb5-d8fade94b79a,7d6b51fe-2af1-5aa7-af56-9bf48e05e383,13,18,ወደ እርሱም በመጡ ጊዜ እንዲህ አላቸው፥ “ወደ እስያ ከገባሁበት ከመጀመሪያው ቀን ጀምሮ በዘመኑ ሁሉ ከእናንተ ዘንድ እንደ ተቀመጥሁ እናንተ ታውቃላችሁ።
4308e529-4760-5ea1-a085-dc03ca20c941,8bb04c16-79f3-5e43-afb5-d8fade94b79a,7d6b51fe-2af1-5aa7-af56-9bf48e05e383,14,19,እግዚአብሔርን እያገለገልሁ በፍጹም መከራና በልቅሶ ከአይሁድም ሴራ የተነሣ በደረሰብኝ ፈተና እየተጋደልሁ፥
6abded07-52a1-5fa9-af4c-ce441c16c6fa,8bb04c16-79f3-5e43-afb5-d8fade94b79a,7d6b51fe-2af1-5aa7-af56-9bf48e05e383,15,20,በጉባኤም ሆነ በቤት ስነግራችሁና ሳስተምራችሁ ከሚጠቅማችሁ ነገር አንዳች ስንኳን አላስቀረሁባችሁም።
6cdcdb82-985d-537b-a482-108b5deeca82,8bb04c16-79f3-5e43-afb5-d8fade94b79a,7d6b51fe-2af1-5aa7-af56-9bf48e05e383,16,21,ወደ እግዚአብሔር መመለስንና በጌታችን በኢየሱስ ክርስቶስ ማመንን ለአይሁድና ለአረማውያን እየመሰከርሁ፤
ef210ea6-ac45-58c9-a34d-3b8c862b9734,8bb04c16-79f3-5e43-afb5-d8fade94b79a,7d6b51fe-2af1-5aa7-af56-9bf48e05e383,17,22,አሁንም እነሆ በመንፈስ ታሥሬ ወደ ኢየሩሳሌም እሄዳለሁ፤ ነገር ግን በዚያ የሚያገኘኝን አላውቅም።
c2987bc3-3fd1-5d76-af24-69aed47e5a21,8bb04c16-79f3-5e43-afb5-d8fade94b79a,7d6b51fe-2af1-5aa7-af56-9bf48e05e383,18,23,ነገር ግን መንፈስ ቅዱስ፦ በየከተማው መከራና እስራት ይጠብቅሃል ብሎ ይመሰክርልኛል።
488d8ea6-f6ae-5f28-ae38-f911cd0e3d37,8bb04c16-79f3-5e43-afb5-d8fade94b79a,7d6b51fe-2af1-5aa7-af56-9bf48e05e383,19,24,ነገር ግን የእግዚአብሔርን የጸጋውን ወንጌል እንዳስተምር ከጌታችን ከኢየሱስ ክርስቶስ የተቀበልሁትን ሩጫዬን እንድጨርስና መልእክቴንም እንድፈጽም ነው እንጂ ለሰውነቴ ምንም አላስብላትም።
3a73949c-4e6b-5c96-abfb-ac8ec9250838,8bb04c16-79f3-5e43-afb5-d8fade94b79a,7d6b51fe-2af1-5aa7-af56-9bf48e05e383,20,25,አሁንም እነሆ፥ የእግዚአብሔርን መንግሥት የሰበክሁላችሁ እናንተ ሁላችሁ ከእንግዲህ ወዲህ ፊቴን እንደማታዩኝ እኔ ዐውቄአለሁ።
ea276433-a0b8-5142-ac47-704985876ec7,8bb04c16-79f3-5e43-afb5-d8fade94b79a,7d6b51fe-2af1-5aa7-af56-9bf48e05e383,21,26,እኔ ከሁላችሁም ደም ንጹሕ እንደ ሆንሁ እነሆ ዛሬ በዚች ሌሊት እመሰክርላችኋለሁ።
bcaf9331-90c8-5d9c-ac3f-0df471fb242e,8bb04c16-79f3-5e43-afb5-d8fade94b79a,7d6b51fe-2af1-5aa7-af56-9bf48e05e383,22,27,ከእግዚአብሔር ምክር ሁሉ የሰወርኋችሁና ያልነገርኋችሁ የለም።
6144c446-79f3-5023-a4de-300d089af994,8bb04c16-79f3-5e43-afb5-d8fade94b79a,7d6b51fe-2af1-5aa7-af56-9bf48e05e383,23,28,አሁንም በገዛ ደሙ የዋጃትን የእግዚአብሔርን ቤተ ክርስቲያን ትጠብቁ ዘንድ መንፈስ ቅዱስ እናንተን ጳጳሳት አድርጎ ለሾመባት ለመንጋው ሁሉና ለራሳችሁ ተጠንቀቁ።
009b6999-9a1a-56ea-aeb7-bdadfdf3ba8a,8bb04c16-79f3-5e43-afb5-d8fade94b79a,7d6b51fe-2af1-5aa7-af56-9bf48e05e383,24,29,ከእኔ በኋላ ለመንጋዪቱ የማይራሩ ነጣቂዎች ተኵላዎች እንደሚመጡ እኔ አውቃለሁ።
30d91981-1b14-5fdb-a539-5b60336da4c7,8bb04c16-79f3-5e43-afb5-d8fade94b79a,7d6b51fe-2af1-5aa7-af56-9bf48e05e383,25,30,ደቀ መዛሙርትንም ወደ እነርሱ ይመልሱ ዘንድ ጠማማ ትምህርትን የሚያስተምሩ ሰዎች ከእናንተ መካከል ይነሣሉ።
4a7432d3-fd59-5359-a89b-976a9e017576,8bb04c16-79f3-5e43-afb5-d8fade94b79a,7d6b51fe-2af1-5aa7-af56-9bf48e05e383,26,31,ስለዚህም ትጉ፤ እኔ ሁላችሁንም ሳስተምር ሦስት ዓመት ሙሉ ሌትም ቀንም እንባዬ እንዳልተገታ ዐስቡ።
229e1534-530c-53a3-a7df-28b43568e626,8bb04c16-79f3-5e43-afb5-d8fade94b79a,7d6b51fe-2af1-5aa7-af56-9bf48e05e383,27,32,አሁንም ለእግዚአብሔርና ሊያንጻችሁ፥ በቅዱሳንም ሁሉ መካከል ርስትን ሊሰጣችሁ ለሚችለው ለጸጋው ቃል አደራ ሰጥቻችኋለሁ።
59e31ba9-7d1c-54f8-a9a1-e7651fadafbf,8bb04c16-79f3-5e43-afb5-d8fade94b79a,7d6b51fe-2af1-5aa7-af56-9bf48e05e383,28,33,ወርቅም ቢሆን፥ ብርም ቢሆን፥ ልብስም ቢሆን ከእናንተ ከአንዱ ስንኳ አልተመኘሁም።
3aa2c96f-63e1-5680-a836-564b122258f4,8bb04c16-79f3-5e43-afb5-d8fade94b79a,7d6b51fe-2af1-5aa7-af56-9bf48e05e383,29,34,እነዚህም እጆች ለምሻው ነገርና ከእኔም ጋር ላሉት እንዳገለገሉ እናንተ ታውቃላችሁ።
eef4a69b-b4e5-5f70-aabb-90cbcb1014d5,8bb04c16-79f3-5e43-afb5-d8fade94b79a,7d6b51fe-2af1-5aa7-af56-9bf48e05e383,30,35,በድካማችንና በሥራችን ነዳያንን እንቀበላቸው ዘንድ እንደሚገባን ይህን አስተምሬአችኋለሁ፤ ‘ከሚቀበል ይልቅ የሚሰጥ ብፁዕ ነው’ ያለውንም የጌታችንን የኢየሱስን ቃል ዐስቡ።”
2cedbf8b-8ba6-5935-aa09-0cdd99519395,8bb04c16-79f3-5e43-afb5-d8fade94b79a,7d6b51fe-2af1-5aa7-af56-9bf48e05e383,31,36,ይህንም ከአለ በኋላ ተንበርክኮ አብረውት ካሉት ሁሉ ጋር ጸለየ።
c7d9ef66-8f75-5a3b-a788-737b81a3771e,8bb04c16-79f3-5e43-afb5-d8fade94b79a,7d6b51fe-2af1-5aa7-af56-9bf48e05e383,32,37,ሁሉም እጅግ አለቀሱ፤ ጳውሎስንም አንገቱን አቅፈው ሳሙት።
21e570e8-581b-5943-aefc-7163d0ce9483,8bb04c16-79f3-5e43-afb5-d8fade94b79a,7d6b51fe-2af1-5aa7-af56-9bf48e05e383,33,38,ይልቁንም “ከእንግዲህ ወዲህ ፊቴን አታዩትም” ስለ አላቸው እጅግ አዘኑ። እስከ መርከብም ድረስ ሸኙት።
1b5e9a3a-2afe-58db-acb7-b86f89458503,dbd35292-5306-57fb-a927-176de45849f8,aef4688e-e41f-5dbd-af6a-231cf4727cc5,1,1,ከእነርሱም ከተለየን በኋላ እኛ በመርከብ ተሳፍረን፥ መንገዳችንንም አቅንተን ወደ ቆስ መጣን፤ በበነጋውም ወደ ሮዶስ፥ ከዚያም ወደ ጳጥራ ገባን።
36b0dabd-6505-548c-a8b6-1c0077dffad8,dbd35292-5306-57fb-a927-176de45849f8,aef4688e-e41f-5dbd-af6a-231cf4727cc5,2,2,ወደ ፊንቄም የሚያልፍ መርከብ አግኝተን በዚያ ላይ ተሳፍረን ሄድን።
e2ffb43c-e539-5dfc-a586-e16417f49b2d,dbd35292-5306-57fb-a927-176de45849f8,aef4688e-e41f-5dbd-af6a-231cf4727cc5,3,3,ቆጵሮስንም አየናት፤ በስተ ግራችንም ትተናት ወደ ሶርያ ሄድን፤ ወደ ጢሮስም ወረድን፤ በመርከብ ያለውን ጭነት ሁሉ በዚያ ያራግፉ ነበርና።
b11f824c-7b0b-5a1e-acdb-d20387c053ff,dbd35292-5306-57fb-a927-176de45849f8,aef4688e-e41f-5dbd-af6a-231cf4727cc5,4,4,በዚያም ደቀ መዛሙርትን አገኘንና በእነርሱ ዘንድ ሰባት ቀን ተቀመጥን፤ እነርሱም በመንፈስ ቅዱስ ተገልጾላቸው ጳውሎስን ወደ ኢየሩሳሌም እንዳይወጣ ነገሩት።
821a0fd9-553c-54c3-a05f-d6e849c69001,dbd35292-5306-57fb-a927-176de45849f8,aef4688e-e41f-5dbd-af6a-231cf4727cc5,5,5,ከዚህም በኋላ ለመሄድ ወጣን፤ ሁሉም ከሚስቶቻቸውና ከልጆቻቸው ጋር እስከ ከተማው ውጭ ሸኙን፤ በባሕሩም ዳር ተንበርክከን ጸለይን።
24667b73-63e4-5184-acca-c22ffb06e587,dbd35292-5306-57fb-a927-176de45849f8,aef4688e-e41f-5dbd-af6a-231cf4727cc5,6,6,እርስ በርሳችንም ተሳስመን ተሰነባበትን፤ ከዚህም በኋላ ወደ መርከብ ወጣን፤ እነርሱም ወደ ቤታቸው ተመለሱ።
317bf267-8ae5-5466-ae2e-1ec6964b4073,dbd35292-5306-57fb-a927-176de45849f8,aef4688e-e41f-5dbd-af6a-231cf4727cc5,7,7,እኛም ከጢሮስ ወጥተን አካ ወደምትባል ሀገር መጣን፤ ወንድሞቻችንንም አግኝተን ሰላም አልናቸው፤ በእነርሱም ዘንድ አንድ ቀን አደርን።
d9949979-aa0e-5ea8-a130-3358b16304b6,dbd35292-5306-57fb-a927-176de45849f8,aef4688e-e41f-5dbd-af6a-231cf4727cc5,8,8,በማግሥቱም ወጥተን ወደ ቂሳርያ ሄድን፤ ወደ ወንጌላዊው ወደ ፊልጶስ ቤትም ገባን፤ እርሱም ከሰባቱ ወንድሞች ዲያቆናት አንዱ ነው።
7de0f7b2-8066-5cf2-add3-263d4ac573c7,dbd35292-5306-57fb-a927-176de45849f8,aef4688e-e41f-5dbd-af6a-231cf4727cc5,9,9,ለእርሱም ትንቢት የሚናገሩ አራት ደናግል ሴቶች ልጆች ነበሩት።
018bd48a-ed91-5796-a524-c77251805643,dbd35292-5306-57fb-a927-176de45849f8,aef4688e-e41f-5dbd-af6a-231cf4727cc5,10,10,በእርሱም ዘንድ ብዙ ቀን ኖርን፤ ከይሁዳም አጋቦስ የሚባል አንድ ነቢይ ወረደ።
51e7f30b-0508-542b-aa04-d201cf513f22,dbd35292-5306-57fb-a927-176de45849f8,aef4688e-e41f-5dbd-af6a-231cf4727cc5,11,11,ወደ እኛም መጣና የጳውሎስን መታጠቂያ አንሥቶ እጁንና እግሩን በገዛ እጁ አስሮ እንዲህ አለ፥ “መንፈስ ቅዱስ እንዲህ ይላል፤ የዚህን መታጠቂያ ጌታ አይሁድ በኢየሩሳሌም እንዲህ ያስሩታል፤ ለአሕዛብም አሳልፈው ይሰጡታል።”
b0d5f1b0-4303-586a-a5ed-d484224438c9,dbd35292-5306-57fb-a927-176de45849f8,aef4688e-e41f-5dbd-af6a-231cf4727cc5,12,12,ይህንም ሰምተን የሀገሪቱን ሰዎች ይዘን ወደ ኢየሩሳሌም እንዳይወጣ ጳውሎስን ማለድነው።
f52a1f67-f64a-57f8-adbd-5db17dbbf884,dbd35292-5306-57fb-a927-176de45849f8,aef4688e-e41f-5dbd-af6a-231cf4727cc5,13,13,ጳውሎስ ግን መልሶ፥ “ለምን እንዲህ ታደርጋላችሁ? እያለቀሳችሁ ልቤን ትሰብሩታላችሁ፤ እኔ እኮ ተስፋ የማደርገው መከራንና እግር ብረትን ብቻ አይደለም፤ እኔ ግን በጌታችን በኢየሱስ ክርስቶስ ስም በኢየሩሳሌም ለመሞትም ቢሆን የቈረጥሁ ነኝ” አለ።
c89bfe31-74d3-5a2c-ae06-c212b14e8185,dbd35292-5306-57fb-a927-176de45849f8,aef4688e-e41f-5dbd-af6a-231cf4727cc5,14,14,እንቢ ባለ ጊዜም ዝም አልን፤ እኛም እግዚአብሔር የፈቀደው ይሁን ብለን ተውነው።
f5c87b11-89bb-5036-a9f2-ed73cf214809,dbd35292-5306-57fb-a927-176de45849f8,aef4688e-e41f-5dbd-af6a-231cf4727cc5,15,15,ከእነዚያም ቀኖች በኋላ ተዘጋጅተን ወደ ኢየሩሳሌም ወጣን።
4ce82c08-70a9-5023-a61d-450fa9cd664d,dbd35292-5306-57fb-a927-176de45849f8,aef4688e-e41f-5dbd-af6a-231cf4727cc5,16,16,ከደቀ መዛሙርትም ከቂሳርያ አብረውን የመጡ ነበሩ፤ ሄደንም ከመጀመሪያዎቹ ደቀ መዛሙርት ወገን ከሆነው በቆጵሮስ በሚኖረው በምናሶን ቤት አደርን።
2a011937-e8fa-5784-a238-d318081948e1,dbd35292-5306-57fb-a927-176de45849f8,aef4688e-e41f-5dbd-af6a-231cf4727cc5,17,17,ኢየሩሳሌም በደረስን ጊዜም ወንድሞቻችን በደስታ ተቀበሉን።
98692b91-aeef-5c14-a29c-8a5c075772ea,dbd35292-5306-57fb-a927-176de45849f8,aef4688e-e41f-5dbd-af6a-231cf4727cc5,18,18,በማግሥቱም ጳውሎስ ከእኛ ጋር ወደ ያዕቆብ ገባ፤ ቀሳውስትም ሁሉ በዚያ ነበሩ።
64313ff7-d05c-542e-ab9b-89c2a415c0a4,dbd35292-5306-57fb-a927-176de45849f8,aef4688e-e41f-5dbd-af6a-231cf4727cc5,19,19,ጳውሎስም ሰላምታ ካቀረበላቸው በኋላ በእርሱ ሐዋርያነት እግዚአብሔር በአሕዛብ ያደረገውን ሁሉ ነገራቸው።
02d16bdd-4310-50c3-ae3e-e2adcaa52287,dbd35292-5306-57fb-a927-176de45849f8,aef4688e-e41f-5dbd-af6a-231cf4727cc5,20,20,እነርሱም ሰምተው እግዚአብሔርን አመሰገኑ፤ እንዲህም አሉ፥ “ወንድማችን ሆይ፥ ከአይሁድ መካከል ያመኑት ስንት አእላፋት እንደ ሆኑ ታያለህን? ሁሉም ለኦሪት የሚቀኑ ናቸው።
e0e5da35-a0df-5cb4-a78a-0367477ac290,dbd35292-5306-57fb-a927-176de45849f8,aef4688e-e41f-5dbd-af6a-231cf4727cc5,21,21,ነገር ግን የማይሆነውን እንደምታስተምር፥ የሙሴንም ሕግ እንደምታስተዋቸው፥ በአሕዛብ መካከል ያሉ ያመኑ አይሁድንም ልጆቻቸውን እንዳይገርዙ፥ የኦሪትንም ሕግ እንዳይፈጽሙ እንደምትከለክላቸው ስለ አንተ ነግረዋቸዋል።
9961bfa8-c990-5af2-abf2-12cbebe49642,dbd35292-5306-57fb-a927-176de45849f8,aef4688e-e41f-5dbd-af6a-231cf4727cc5,22,22,አሁንሳ ምን ይሁን? ሕዝቡ ወደዚህ እንደ መጣህ ይሰሙና ይሰበሰቡ ይሆናል።
c6abb2ab-3fb6-5108-a819-c880d8247da3,dbd35292-5306-57fb-a927-176de45849f8,aef4688e-e41f-5dbd-af6a-231cf4727cc5,23,23,ስለዚህም ይህን የምልህን አድርግ፦ ብፅዐት ያላቸው አራት ሰዎች በእኛ ዘንድ አሉ።
c90d9bc2-6bb1-5182-ab4c-647c14103c51,dbd35292-5306-57fb-a927-176de45849f8,aef4688e-e41f-5dbd-af6a-231cf4727cc5,24,24,ይዘሃቸው ሂድ፤ ከእነርሱም ጋር ራስህን አንጻ፤ ራሳቸውንም እንዲላጩ ስለ እነርሱ ገንዘብ ክፈልላቸው፤ የሚያሙህም በሐሰት እንደ ሆነ፥ አንተም የኦሪትን ሕግ እንደምትጠብቅ ሁሉም ያውቃሉ።
08bf9b4e-37fb-5fae-a8c0-eabbced75e5b,dbd35292-5306-57fb-a927-176de45849f8,aef4688e-e41f-5dbd-af6a-231cf4727cc5,25,25,ስለሚአምኑት አሕዛብ ግን እርም ከሆነውና ለጣዖታት ከሚሠዉት፥ ከዝሙት፥ ሞቶ የተገኘውንና ደምን ከመብላት እንዲከለከሉ እኛ አዝዘናል።”
de3140b1-8fed-5adb-ac81-39dc94a71723,dbd35292-5306-57fb-a927-176de45849f8,aef4688e-e41f-5dbd-af6a-231cf4727cc5,26,26,ያንጊዜም ጳውሎስ ሰዎችን ይዞ በማግሥቱ ከእነርሱ ጋር ነጻ። የመንጻታቸውንም ወራት መድረሱን ከነገራቸው በኋላ ሁሉም እየአንዳንዳቸው መሥዋዕት ያቀርቡ ዘንድ ወደ ቤተ መቅደስ ይዞአቸው ገባ።
3d680f0f-1b5f-516a-ac83-3f79c03541de,dbd35292-5306-57fb-a927-176de45849f8,fe7b9346-760b-5cb7-a936-fda1bd270cf8,1,27,በሰባተኛውም ቀን ከእስያ የመጡ አይሁድ ጳውሎስን በመቅደስ አዩት፤ ሕዝቡንም ሁሉ በእርሱ ላይ አነሳሥተው ያዙት።
7b10e288-6443-54bc-ace9-c39ea4cd5634,dbd35292-5306-57fb-a927-176de45849f8,fe7b9346-760b-5cb7-a936-fda1bd270cf8,2,28,እየጮሁም እንዲህ አሉ፥ “እናንተ የእስራኤል ወገኖች ሆይ፥ ርዱን፤ በየስፍራው ሕዝባችንን፥ ኦሪትንም፥ ይህንም ስፍራ የሚቃወም ትምህርት ለሰው ሁሉ የሚያስተምር እነሆ፥ ይህ ሰው ነው፤ አሁንም አረማውያንን ወደ መቅደስ አስገባ፤ ቤተ መቅደስንም አረከሰ።
d5360842-55c1-50f0-af0e-c6ac30994af7,dbd35292-5306-57fb-a927-176de45849f8,fe7b9346-760b-5cb7-a936-fda1bd270cf8,3,29,የኤፌሶን ሀገር ሰው የሆነ ጥሮፊሞስን ከጳውሎስ ጋር በከተማ አይተውት ነበርና፤ ጳውሎስም ወደ ቤተ መቅደስ ያስገባው መስሎአቸው ነበርና።
42cd00bd-b86a-58d8-a7bf-57274c99af4f,dbd35292-5306-57fb-a927-176de45849f8,fe7b9346-760b-5cb7-a936-fda1bd270cf8,4,30,ከተማውም ሁሉ ታወከ፤ ሕዝቡም ሁሉ እየሮጡ ሄደው ጳውሎስን ጐትተው ከቤተ መቅደስ አወጡት፤ በሩንም ሁሉ ዘጉ።
5d0a75d6-6faf-530d-a72d-6e53da1ca06c,dbd35292-5306-57fb-a927-176de45849f8,fe7b9346-760b-5cb7-a936-fda1bd270cf8,5,31,ሊገድሉትም ፈልገው ብዙ ደበደቡት፤ ወዲያውም ኢየሩሳሌም በመላዋ እንደ ታወከች የሚገልጥ መልእክት ወደ ሻለቃው ደረሰለት።
ac1f737f-0bd9-57f5-a026-1d3573e3f879,dbd35292-5306-57fb-a927-176de45849f8,fe7b9346-760b-5cb7-a936-fda1bd270cf8,6,32,በዚያ ጊዜም ጭፍሮቹን ከአለቆቻቸው ጋር ይዞ ወደ እነርሱ ሄደ፤ እነርሱም የሻለቃውን ጭፍሮች ባዩ ጊዜ ጳውሎስን መምታታቸውን ተዉ።
e426a9c2-6bbe-57e2-abef-db5b8062f761,dbd35292-5306-57fb-a927-176de45849f8,fe7b9346-760b-5cb7-a936-fda1bd270cf8,7,33,የሻለቃውም ቀረብ ብሎ ያዘው፤ በሁለት ሰንሰለትም እንዲታሰር አዘዘ፤ “ምንድነው? ምንስ አደረገ?” ብሎም ጠየቀ።
54c0213c-bea7-5365-afc6-75945ddacdff,dbd35292-5306-57fb-a927-176de45849f8,fe7b9346-760b-5cb7-a936-fda1bd270cf8,8,34,ሕዝቡም እኩሌቶቹ እንዲህ ነው፤ እኩሌቶቹም እንዲህ አይደለም እያሉ ይጮሁ ነበር፤ ሻለቃውም ሕዝቡ የሚታወክበትን ርግጡን ማወቅ ተሣነው፤ ወደ ወታደሮቹም ሰፈር እንዲወስዱት አዘዘ።
51b45c1a-0ccf-570a-a9c3-44dfc9679b84,dbd35292-5306-57fb-a927-176de45849f8,fe7b9346-760b-5cb7-a936-fda1bd270cf8,9,35,ደረጃውንም በሚወጣበት ጊዜ ወታደሮች ተሸክመው አወጡት፤ ሰው ይጋፋ ነበርና።
88bc920d-51b6-5963-a7ac-2144b190ebe5,dbd35292-5306-57fb-a927-176de45849f8,fe7b9346-760b-5cb7-a936-fda1bd270cf8,10,36,ብዙዎችም ይከተሉት ነበር፤ ሕዝቡም፥ “አስወግዱት” እያሉ ይጮሁ ነበር።
db3af165-8691-50be-a961-7c1c2cdcee4f,dbd35292-5306-57fb-a927-176de45849f8,7e3fe43e-88d9-54cd-a673-f3f1553f8edd,1,37,ወደ ሰፈርም በደረሰ ጊዜ ጳውሎስ ሻለቃውን፥ “ላነጋግርህ ትፈቅድልኛለህን?” አለው፤ ሻለቃውም፥ “የጽርዕ ቋንቋ ታውቃለህን?” አለው።
77e62798-961d-5ee5-a7b1-50e2eafaefda,dbd35292-5306-57fb-a927-176de45849f8,7e3fe43e-88d9-54cd-a673-f3f1553f8edd,2,38,“ምናልባት ከዚህ በፊት ወንጀል የሠራህና ከነፍሰ ገዳዮች አራት ሺህ ሰዎችን ይዘህ ወደ ምድረ በዳ የወጣህ ያ ግብፃዊ አንተ አይደለህምን?” አለው።
4051c643-7626-582d-afef-db0561e97286,dbd35292-5306-57fb-a927-176de45849f8,7e3fe43e-88d9-54cd-a673-f3f1553f8edd,3,39,ጳውሎስም፥ “እኔስ አይሁዳዊ ሰው ነኝ፤ የተወለድሁባትም ሀገር ጠርሴስ የታወቀች የቂልቅያ ከተማ ናት፤ ለሕዝቡም እንድነግራቸው ትፈቅድልኝ ዘንድ እለምንሃለሁ” አለው።
7cb2e0d0-2f36-5c29-ac55-b38484d29fa9,dbd35292-5306-57fb-a927-176de45849f8,7e3fe43e-88d9-54cd-a673-f3f1553f8edd,4,40,በፈቀደለትም ጊዜ ጳውሎስ በደረጃው ላይ ቆሞ እጁን ወደ ሕዝቡ ዘረጋ፤ እጅግም ጸጥታ በሆነ ጊዜ ጳውሎስ በዕብራይስጥ ቋንቋ ተናገረ፤ እንዲህም አለ።
7e11416c-cd96-583c-a24a-a000fdec1ad0,1f3df3f2-eafd-56eb-a1fc-d9db34fd3103,34a7c804-c3c0-5028-a5ab-579d0744ac7c,1,1,“እናንተ ወንድሞችና አባቶች፥ አሁን በፊታችሁ የምናገረውን ስሙኝ።”
25701f13-e34c-59f0-ac0f-9b94b7502e3e,1f3df3f2-eafd-56eb-a1fc-d9db34fd3103,34a7c804-c3c0-5028-a5ab-579d0744ac7c,2,2,በዕብራይስጥ ቋንቋ እንደሚነግራቸው በሰሙም ጊዜ ጸጥ ብለው አዳመጡት።
517312ea-7cce-5b6f-a7f3-988fb20b00de,1f3df3f2-eafd-56eb-a1fc-d9db34fd3103,34a7c804-c3c0-5028-a5ab-579d0744ac7c,3,3,ጳውሎስም እንዲህ አላቸው፥ “እኔ አይሁዳዊ ሰው ነኝ፤ የቂልቅያ ክፍል በምትሆን በጠርሴስ ከተማ ተወለድሁ፤ በዚችም ከተማ ከገማልያል እግር ሥር ሆኜ አደግሁ፤ የአባቶችንም ሕግ ተማርሁ፤ እናንተ ሁላችሁ ዛሬ እንደምታደርጉትም ለእግዚአብሔር ቀናተኛ ነበርሁ።
e666c757-2af6-5e45-ac30-2e8567cb8a86,1f3df3f2-eafd-56eb-a1fc-d9db34fd3103,34a7c804-c3c0-5028-a5ab-579d0744ac7c,4,4,ይህን ትምህርት የሚከተሉ ወንዶችንም ሴቶችንም እያሰርሁ ወደ ወህኒ ቤት አሳልፌ በመስጠት እስከ ሞት ድረስ አሳደድኋቸው።
03f6dc06-2d4a-53c1-a297-917ba39880ec,1f3df3f2-eafd-56eb-a1fc-d9db34fd3103,34a7c804-c3c0-5028-a5ab-579d0744ac7c,5,5,እንዲቀጡም ከዚያ ያሉትን አስሬ ወደ ኢየሩሳሌም አመጣቸው ዘንድ በደማስቆ ወደ አሉ ወንድሞች እንድሄድ ከእነርሱ ዘንድ የሥልጣን ደብዳቤ የተቀበልኋቸው ሊቀ ካህናቱና መምህራን ሁሉ ይመሰክራሉ።
d30e9d2e-a869-5c2d-a908-8d7fe1f3f707,1f3df3f2-eafd-56eb-a1fc-d9db34fd3103,04f2b468-2842-55cf-a068-3754d62ea0b0,1,6,“ከዚህ በኋላ ወደ ደማስቆ ስሄድ ቀትር በሆነ ጊዜ ወደ ከተማው አቅራቢያ ደርሼ ሳለሁ ድንገት ታላቅ መብረቅ ከሰማይ በእኔ ላይ አንፀባረቀ።
8ed48936-5bc7-54c9-a47e-fc10c4642ede,1f3df3f2-eafd-56eb-a1fc-d9db34fd3103,04f2b468-2842-55cf-a068-3754d62ea0b0,2,7,በምድር ላይም ወደቅሁ ‘ሳውል ሳውል ለምን ታሳድደኛለህ?’ የሚል ቃልንም ሰማሁ።
e1764996-3c14-530a-ad74-875518df4a08,1f3df3f2-eafd-56eb-a1fc-d9db34fd3103,04f2b468-2842-55cf-a068-3754d62ea0b0,3,8,እኔም መልሼ፦ ‘አቤቱ፥ አንተ ማነህ?’ አልሁት፤ እርሱም፦ ‘አንተ የምታሳድደኝ የናዝሬቱ ኢየሱስ ነኝ’ አለኝ።
00cf7d36-580c-5a6e-aa2a-7f1fa1c74381,1f3df3f2-eafd-56eb-a1fc-d9db34fd3103,04f2b468-2842-55cf-a068-3754d62ea0b0,4,9,አብረውኝ የነበሩትም መብረቁን አይተው ደነገጡ፤ ነገር ግን ይናገረኝ የነበረውን ቃል አልሰሙም።
bc9ef333-55ac-53c0-a7e6-75fd0ba6ab6d,1f3df3f2-eafd-56eb-a1fc-d9db34fd3103,04f2b468-2842-55cf-a068-3754d62ea0b0,5,10,‘አቤቱ፥ ጌታዬ ምን ላድርግ?’ አልሁ፤ ጌታም፦ ‘ተነሥና ወደ ደማስቆ ሂድ፤ ልታደርገው የሚገባህንም ሁሉ በዚያ ይነግሩሃል’ አለኝ።
4a6b2a3d-e792-57d5-ad58-34e768652984,1f3df3f2-eafd-56eb-a1fc-d9db34fd3103,04f2b468-2842-55cf-a068-3754d62ea0b0,6,11,ከዚያም በኋላ ከመብረቁ ነፀብራቅ የተነሣ ዐይኔን ታወርሁ፤ አብረውኝ የነበሩትም እየመሩኝ ወደ ደማስቆ ደረስሁ።
e0e44c45-65a3-5bbb-a8e3-ed3afaf2e7b9,1f3df3f2-eafd-56eb-a1fc-d9db34fd3103,04f2b468-2842-55cf-a068-3754d62ea0b0,7,12,“እንደ ሕጉም እግዚአብሔርን የሚፈራ ሐናንያ የሚባል አንድ ሰው ነበረ፤ በደማስቆም የሚኖሩ አይሁድ ሁሉ ያመሰግኑት ነበር።
5b6c5f2c-47ce-53a7-aa64-f770d2cc4a15,1f3df3f2-eafd-56eb-a1fc-d9db34fd3103,04f2b468-2842-55cf-a068-3754d62ea0b0,8,13,ወደ እኔም መጥቶ በፊቴ ቆመና፦ ‘ወንድሜ ሳውል ሆይ፥ እይ’ አለ፤ ያንጊዜም ወደ እርሱ አየሁ።
2404c450-27a9-50a6-ae3d-25ba10d976db,1f3df3f2-eafd-56eb-a1fc-d9db34fd3103,04f2b468-2842-55cf-a068-3754d62ea0b0,9,14,እንዲህም አለኝ፤ ‘የአባቶቻችን አምላክ ፈቃዱን ታውቅና ጽድቁንም ታይ ዘንድ፥ ቃሉንም ከአንደበቱ ትሰማ ዘንድ መረጠህ።
4b31987d-3514-53fd-a639-ebcbfca859b2,1f3df3f2-eafd-56eb-a1fc-d9db34fd3103,04f2b468-2842-55cf-a068-3754d62ea0b0,10,15,በሕዝብም ሁሉ ዘንድ ባየኸውና በሰማኸው ምስክር ትሆነዋለህ።
4056d9c9-fa5e-54a3-a666-5c5938c6c5bb,1f3df3f2-eafd-56eb-a1fc-d9db34fd3103,04f2b468-2842-55cf-a068-3754d62ea0b0,11,16,አሁንም የምታደርገውን ልንገርህ፦ ተነሥ ስሙን እየጠራህ ተጠመቅ፤ ከኀጢአትህም ታጠብ።’
f4034542-438c-530d-aed0-57b716ca07a9,1f3df3f2-eafd-56eb-a1fc-d9db34fd3103,57554f62-0b99-5079-ac58-b4e8cd055e04,1,17,“ከዚህም በኋላ ወደ ኢየሩሳሌም ተመልሼ በቤተ መቅደስ ስጸልይ ተመስጦ መጣብኝ።
6b6b3042-722f-5af2-a234-1c345fbf03ff,1f3df3f2-eafd-56eb-a1fc-d9db34fd3103,57554f62-0b99-5079-ac58-b4e8cd055e04,2,18,‘ስለ እኔ የምትመሰክረውን ምስክርነት አይቀበሉህምና ከኢየሩሳሌም ፈጥነህ ውጣ’ ሲለኝ አየሁት።
f10050a3-36d8-5938-a378-ea7415ede556,1f3df3f2-eafd-56eb-a1fc-d9db34fd3103,57554f62-0b99-5079-ac58-b4e8cd055e04,3,19,እኔም እንዲህ አልሁት፦ ‘ጌታዬ ሆይ፥ በአንተ የሚያምኑትን በየምኵራቦቻቸው ሳስራቸውና ስደበድባቸው የነበርሁ እኔ እንደ ሆንሁ እነርሱ ያውቃሉ።
c06da211-9bca-5636-a6d3-3976f757944c,1f3df3f2-eafd-56eb-a1fc-d9db34fd3103,57554f62-0b99-5079-ac58-b4e8cd055e04,4,20,ሰማዕትህን እስጢፋኖስን በገደሉትም ጊዜ እኔ እዚያ አብሬአቸው ነበርሁ፤ የገዳዮችንም ልብስ እጠብቅ ነበር።’
79962671-5099-510d-ace0-dc086fca0c39,1f3df3f2-eafd-56eb-a1fc-d9db34fd3103,57554f62-0b99-5079-ac58-b4e8cd055e04,5,21,እርሱም፦ ‘ሂድ ርቀው ወደ አሉ አሕዛብ እልክሃለሁና’ ” አለኝ።
4fa72faf-20f6-57d7-a926-90d723ff6eed,1f3df3f2-eafd-56eb-a1fc-d9db34fd3103,57554f62-0b99-5079-ac58-b4e8cd055e04,6,22,ከጳውሎስም ይህን ነገር በሰሙ ጊዜ “ይህ በሕይወት ሊኖር አይገባውምና እንዲህ ያለውን ሰው ከምድር አስወግደው” እያሉ ጮሁ።
0babc4f0-543c-5fa1-a234-23f3dbc7ab58,1f3df3f2-eafd-56eb-a1fc-d9db34fd3103,57554f62-0b99-5079-ac58-b4e8cd055e04,7,23,እነርሱም እየጮሁና ልብሳቸውንም እየወረወሩ ትቢያውን ወደ ላይ ሲበትኑ፥
3836e8c7-01ec-5de1-a347-3a9dd3d31fb8,1f3df3f2-eafd-56eb-a1fc-d9db34fd3103,57554f62-0b99-5079-ac58-b4e8cd055e04,8,24,የሻለቃው የሚጮሁበት ስለ ምን እንደ ሆነ ያውቅ ዘንድ ወደ ወታደሮች ሰፈር እንዲያገቡትና እየገረፉ የሠራውን እንዲመረምሩት አዘዘ።
225e50cc-5008-5fa9-a903-eabd6f50d4a0,1f3df3f2-eafd-56eb-a1fc-d9db34fd3103,57554f62-0b99-5079-ac58-b4e8cd055e04,9,25,ሊገርፉትም በአጋደሙት ጊዜ ጳውሎስ በአጠገቡ የነበረውን የመቶ አለቃ፥ “የሮማን ሰው ያለ ፍርድ ልትገርፉ ይገባችኋልን?” አለው።
c57e3b46-bc19-5249-ae23-bb2d3bf62880,1f3df3f2-eafd-56eb-a1fc-d9db34fd3103,57554f62-0b99-5079-ac58-b4e8cd055e04,10,26,የመቶ አለቃውም ይህን በሰማ ጊዜ፥ ወደ ሻለቃው ሄደና፥ “ይህ ሰው ሮማዊ ነው፥ የምታደርገውን ዕወቅ” ብሎ ነገረው።
6253fd84-8e93-5837-ab88-a7e62d468097,1f3df3f2-eafd-56eb-a1fc-d9db34fd3103,57554f62-0b99-5079-ac58-b4e8cd055e04,11,27,የሻለቃውም ወደ እርሱ ቀርቦ፥ “አንተ ሮማዊ ነህን? እስኪ ንገረኝ” አለው፤ ጳውሎስም፥ “አዎን” አለው።
f2f47383-f05e-51be-a9c1-1201fe253799,1f3df3f2-eafd-56eb-a1fc-d9db34fd3103,57554f62-0b99-5079-ac58-b4e8cd055e04,12,28,የሻለቃውም መልሶ፥ “እኔ ይህችን ዜግነት ያገኘኋት ብዙ ገንዘብ ሰጥቼ ነው” አለው፤ ጳውሎስም፥ “እኔማ የተወለድሁ በዚያው ነው” አለው።
26042e31-2217-5e92-a5cd-140bd4d2a356,1f3df3f2-eafd-56eb-a1fc-d9db34fd3103,57554f62-0b99-5079-ac58-b4e8cd055e04,13,29,ከዚህም በኋላ ይመረምሩት ዘንድ የሚሹት ተዉት፤ የሻለቃውም ሮማዊ መሆኑን በዐወቀ ጊዜ“ ለምን አሰርሁት?” ብሎ ፈራ።
2ddd4743-eb83-5d8e-a9ae-d3301e5752a7,1f3df3f2-eafd-56eb-a1fc-d9db34fd3103,57554f62-0b99-5079-ac58-b4e8cd055e04,14,30,በማግሥቱም የሻለቃው አይሁድ የሚከሱት ስለ ምን እንደሆነ ያውቅ ዘንድ ወደደና ከእስራቱ ፈታው፤ ሊቃነ ካህናቱና ሸንጎውም ሁሉ እንዲመጡ አዘዘ፤ ጳውሎስንም አምጥቶ በፊታቸው አቆመው።
4f5b2b53-817d-50cd-aa86-7ae431bc3661,348341a9-2fe8-5722-af1c-f0dc0283b253,a1e8f18d-81ac-5b8a-aea8-0ee784fc4f45,1,1,ጳውሎስም በአደባባዩ ወደአሉት ሰዎች አተኵሮ ተመለከተና፥ “እናንተ ሰዎች ወንድሞች፥ እኔስ እስከዚች ቀን ድረስ በመልካም ሕሊና ሁሉ እግዚአብሔርን ሳገለግል ኑሬአለሁ” አላቸው።
54e965ba-64b5-5469-aab2-19c1cd6adbf6,348341a9-2fe8-5722-af1c-f0dc0283b253,a1e8f18d-81ac-5b8a-aea8-0ee784fc4f45,2,2,ሊቀ ካህናቱ ሐናንያ ግን ጳውሎስን አፉን እንዲመቱት በአጠገቡ ቆመው የነበሩትን አዘዘ።
9844edce-f169-5ada-a5ba-18e910d630fe,348341a9-2fe8-5722-af1c-f0dc0283b253,a1e8f18d-81ac-5b8a-aea8-0ee784fc4f45,3,3,ጳውሎስም መልሶ፥ “አንተ የተለሰነ ግድግዳ በሕግ ልትፈርድብኝ ተቀምጠህ ሳለ ያለ ሕግ እመታ ዘንድ ታዝዛለህን? እግዚአብሔር በቍጣው መቅሠፍት ይመታሃል” አለው።
b1490070-f3bd-5b8a-afe7-dfa96b591c4a,348341a9-2fe8-5722-af1c-f0dc0283b253,a1e8f18d-81ac-5b8a-aea8-0ee784fc4f45,4,4,በአጠገቡ ቆመው የነበሩትም ጳውሎስን፥ “እግዚአብሔር የሾመውን ሊቀ ካህናት እንዴት ትሳደባለህ?” አሉት።
50fbb48c-de4a-538f-a7c9-42cb19732f1d,348341a9-2fe8-5722-af1c-f0dc0283b253,a1e8f18d-81ac-5b8a-aea8-0ee784fc4f45,5,5,ጳውሎስም፥ “ወንድሞች፥ ሊቀ ካህናት መሆኑን አላውቅም መጽሐፍ ‘በሕዝብህ አለቃ ላይ ክፉ አትናገር’ ይላልና” አላቸው።
96ae1bbd-adb4-5412-a0cc-75da292012ad,348341a9-2fe8-5722-af1c-f0dc0283b253,a1e8f18d-81ac-5b8a-aea8-0ee784fc4f45,6,6,ጳውሎስም እኩሌቶቹ ሰዱቃውያን እኩሌቶቹም ፈሪሳውያን እንደ ሆኑ ዐውቆ፥ “እኔ ፈሪሳዊ የፈሪሳዊ ልጅ ነኝ፤ ስለ ተስፋና ስለ ሙታን መነሣትም ይፈረድብኛል” ብሎ በአደባባይ ጮኸ።
1626f2e9-46f9-51b1-aae8-2829d787c993,348341a9-2fe8-5722-af1c-f0dc0283b253,a1e8f18d-81ac-5b8a-aea8-0ee784fc4f45,7,7,እንዲህም ባለ ጊዜ ፈሪሳውያንና ሰዱቃውያን ተጣሉ፤ ሸንጎውም ተከፋፈለ።
a67ac5a2-e1a7-5445-a4fa-b58c3152d9f8,348341a9-2fe8-5722-af1c-f0dc0283b253,a1e8f18d-81ac-5b8a-aea8-0ee784fc4f45,8,8,ሰዱቃውያን፥ “ሙታን አይነሡም፤ መልአክም የለም፤ መንፈስም የለም” ይላሉና፤ ፈሪሳውያን ግን ይህ ሁሉ እንዳለ ያምናሉ።
4a5940ce-868f-5627-afdf-584ae5a987eb,348341a9-2fe8-5722-af1c-f0dc0283b253,a1e8f18d-81ac-5b8a-aea8-0ee784fc4f45,9,9,ታላቅ ውካታም ሆነ፤ ከፈሪሳውያንም ወገን የሆኑ ጸሐፍት ተነሥተው ይጣሉና ይከራከሩ ጀመሩ፤ “በዚህ ሰው ላይ ያገኘነው ክፉ ነገር የለም፤ መንፈስ ወይም መልአክ ተናግሮት እንደ ሆነ እንጃ፥ ከእግዚአብሔር ጋር አንጣላ” አሉ።
7799fe13-cc13-55d4-a471-d567ed6a625f,348341a9-2fe8-5722-af1c-f0dc0283b253,a1e8f18d-81ac-5b8a-aea8-0ee784fc4f45,10,10,እጅግም በታወኩ ጊዜ ጳውሎስን እንዳይነጥቁት የሻለቃው ፈራና መጥተው ከመካከላቸው አውጥተው ወደ ወታደሮች ሰፈር ይወስዱት ዘንድ ወታደሮቹን አዘዘ።
81662f30-6ea0-584a-a2d4-24e6ba4aa913,348341a9-2fe8-5722-af1c-f0dc0283b253,a1e8f18d-81ac-5b8a-aea8-0ee784fc4f45,11,11,በሁለተኛዪቱም ሌሊት ጌታችን ለጳውሎስ ተገልጦ፥ “ጽና፥ በኢየሩሳሌም ምስክር እንደ ሆንኸኝ እንዲሁ በሮም ምስክር ትሆነኛለህ” አለው።
68f5a132-50cb-5a17-a1b3-dc729c78efd3,348341a9-2fe8-5722-af1c-f0dc0283b253,a1e8f18d-81ac-5b8a-aea8-0ee784fc4f45,12,12,በነጋም ጊዜ አይሁድ ተሰብስበው፥ ጳውሎስን እስኪገድሉት ድረስ እንዳይበሉና እንዳይጠጡ ተስማምተው ተማማሉ።
a6cc1234-437a-5140-a6c1-0b8173a11328,348341a9-2fe8-5722-af1c-f0dc0283b253,a1e8f18d-81ac-5b8a-aea8-0ee784fc4f45,13,13,ይህንም ለማድረግ የተማማሉት ሰዎች ከአርባ ይበዙ ነበር።
5d62f667-fec3-53b4-a61e-897acf65a0d4,348341a9-2fe8-5722-af1c-f0dc0283b253,a1e8f18d-81ac-5b8a-aea8-0ee784fc4f45,14,14,እነርሱም ወደ ሊቃነ ካህናትና ወደ መምህራን ሄደው እንዲህ አሉአቸው፥ “ጳውሎስን እስክንገድለው ድረስ እነሆ፥ እንዳንበላና እንዳንጠጣ ፈጽመን ተማምለናል።
806ec3c7-6356-5940-ab41-cc256c1bbdf9,348341a9-2fe8-5722-af1c-f0dc0283b253,a1e8f18d-81ac-5b8a-aea8-0ee784fc4f45,15,15,አሁንም እናንተ ከሸንጎው ጋር ወደ ሻለቃው ሂዱና የምትመረምሩትና የምትጠይቁት አስመስላችሁ ጳውሎስን እንዲያመጣው ንገሩት፤ እኛ ግን ወደ እናንተ ከመድረሱ አስቀድሞ ልንገድለው ቈርጠናል።”
753da2a6-4cab-57bf-a6f2-cbad887998b4,348341a9-2fe8-5722-af1c-f0dc0283b253,a1e8f18d-81ac-5b8a-aea8-0ee784fc4f45,16,16,የጳውሎስም የእኅቱ ልጅ ምክራቸውን በሰማ ጊዜ ሄዶ ወደ ወታደሮች ሰፈር ገባና ለጳውሎስ ነገረው።
006e1753-ae70-54cb-ad6d-f23cb44f002a,348341a9-2fe8-5722-af1c-f0dc0283b253,a1e8f18d-81ac-5b8a-aea8-0ee784fc4f45,17,17,ጳውሎስም ከመቶ አለቆች አንዱን ጠርቶ፥ “የሚነግረው ነገር አለና ይህን ልጅ ወደ የሻለቃው አድርስልኝ” አለው።
e224b31c-aa75-5b18-a41e-852ba16b2dec,348341a9-2fe8-5722-af1c-f0dc0283b253,a1e8f18d-81ac-5b8a-aea8-0ee784fc4f45,18,18,የመቶ አለቃውም ልጁን ይዞ ወደ የሻለቃው ወሰደውና፥ “የሚነግርህ ስለ አለው እስረኛው ጳውሎስ ይህን ልጅ ወደ አንተ እንዳደርሰው ለመነኝ” አለው።
fefed478-7981-5d8a-ae3f-001be07496f3,348341a9-2fe8-5722-af1c-f0dc0283b253,a1e8f18d-81ac-5b8a-aea8-0ee784fc4f45,19,19,የሻለቃውም ልጁን በእጁ ይዞ ለብቻው ገለል አድርጎ፥ “የምትነግረኝ ነገሩ ምንድነው?” አለው።
3cea8660-af31-54c1-a7a9-d5a70df6bf93,348341a9-2fe8-5722-af1c-f0dc0283b253,a1e8f18d-81ac-5b8a-aea8-0ee784fc4f45,20,20,ልጁም እንዲህ አለው፥ “አይሁድ አጥብቀህ የምትመረምረው መስለህ ጳውሎስን ነገ ወደ ሸንጎ ታወርድላቸው ዘንድ ሊማልዱህ እንዲህ መክረዋል።
37c21f24-e1cc-5865-a4b8-c9711e139c4e,348341a9-2fe8-5722-af1c-f0dc0283b253,a1e8f18d-81ac-5b8a-aea8-0ee784fc4f45,21,21,አንተ ግን እሽ አትበላቸው፤ ሊገድሉት ሽምቀዋልና፤ እስኪገድሉትም ድረስ እንዳይበሉና እንዳይጠጡ እንዲህ የተማማሉ ሰዎች ከአርባ ይበዛሉ፤ አሁንም እስክትልክላቸው ይጠብቃሉ እንጂ እነርሱ ቈርጠዋል።”
92e7d448-2cfc-544f-a252-8006637fa51d,348341a9-2fe8-5722-af1c-f0dc0283b253,a1e8f18d-81ac-5b8a-aea8-0ee784fc4f45,22,22,ከዚህም በኋላ፤ የሻለቃው፥ “ይህን ነገር ለእኔ መንገርህን ለማንም እንዳትገልጽ” ብሎ አሰናበተው።
75c33963-9a5c-5fbc-a680-7e24bd47c5fc,348341a9-2fe8-5722-af1c-f0dc0283b253,a1e8f18d-81ac-5b8a-aea8-0ee784fc4f45,23,23,ከመቶ አለቆችም ሁለቱን ጠርቶ፥ “ከወታደሮች ሁለት መቶ ሰውና ሰባ ፈረሰኞች፥ ሁለት መቶ ቀስተኞችም ምረጡ፤ ከሌሊቱም በሦስት ሰዓት ወደ ቂሣርያ ይሂዱ” አላቸው።
d4e8f3c4-0ad6-5163-a5d2-65c1129ec428,348341a9-2fe8-5722-af1c-f0dc0283b253,a1e8f18d-81ac-5b8a-aea8-0ee784fc4f45,24,24,አህያም አምጥተው ጳውሎስን በዚያ አስቀምጠው ወደ ቂሣርያ አገረ ገዢ ወደ ፊልክስ እንዲወስዱት አዘዛቸው።
2ca93440-6d13-510a-a9b0-b1807868034b,348341a9-2fe8-5722-af1c-f0dc0283b253,a1e8f18d-81ac-5b8a-aea8-0ee784fc4f45,25,25,እንዲህ የምትል ደብዳቤም ጻፈለት።
c339bd0f-ed15-5c6a-ae4c-49d4c788901f,348341a9-2fe8-5722-af1c-f0dc0283b253,a1e8f18d-81ac-5b8a-aea8-0ee784fc4f45,26,26,“ከሉስዮስ ቀላውዴዎስ፥ ለክቡር አገረ ገዢ ፊልክስ፥ ሰላም ለአንተ ይሁን።
4029a880-6113-5155-afb8-ff73bced486d,348341a9-2fe8-5722-af1c-f0dc0283b253,a1e8f18d-81ac-5b8a-aea8-0ee784fc4f45,27,27,ይህን ሰው አይሁድ ያዙት፤ ሊገድሉትም ፈለጉ፤ ከወታደሮችም ጋር ተከላከልሁለት፥ የሮም ሰው መሆኑንም ዐውቄ አዳንሁት።
ba4af441-7ea3-52dd-a112-8be18b102b3d,348341a9-2fe8-5722-af1c-f0dc0283b253,a1e8f18d-81ac-5b8a-aea8-0ee784fc4f45,28,28,በምን ምክንያትም እንደሚከሱት በደሉን አውቅ ዘንድ ወደ ሸንጎ አቅርቤ መረመርሁት።
f68925cd-38a0-50d9-a94c-7bdb9c8522a4,348341a9-2fe8-5722-af1c-f0dc0283b253,a1e8f18d-81ac-5b8a-aea8-0ee784fc4f45,29,29,ስለ ሕጋቸውም ብቻ እንደ ከሰሱት ተረዳሁ፤ ለሞትና ለመታሰር የሚያበቃ ሌላ በደል ግን የለበትም።
36392f6b-77bd-5327-a960-da537d001883,348341a9-2fe8-5722-af1c-f0dc0283b253,a1e8f18d-81ac-5b8a-aea8-0ee784fc4f45,30,30,አይሁድም በዚህ ሰው ላይ በመሸመቅ የሚያደርጉትን በዐወቅሁ ጊዜ ወደ አንተ ላክሁት፤ ከሳሾቹንም ወደ አንተ እንዲመጡና በፊትህ እንዲፋረዱት አዝዣቸዋለሁ፤ ደኅና ሁን።”
b057d0f2-ab41-5939-ab2b-56d4a603d7c8,348341a9-2fe8-5722-af1c-f0dc0283b253,a1e8f18d-81ac-5b8a-aea8-0ee784fc4f45,31,31,ጭፍሮችም እንዳዘዛቸው አደረጉ፤ ጳውሎስንም በሌሊት ወሰዱት፤ ወደ አንቲጳጥሪስም አደረሱት።
5a957c16-0b93-5832-ac3f-4d05970beb67,348341a9-2fe8-5722-af1c-f0dc0283b253,a1e8f18d-81ac-5b8a-aea8-0ee784fc4f45,32,32,በማግሥቱም ከእርሱ ጋር ይሄዱ ዘንድ ፈረሰኞችን ትተው እነርሱ ወደ ሰፈር ተመለሱ።
b715a1e6-39bc-5a41-ad84-19ac7ae99d91,348341a9-2fe8-5722-af1c-f0dc0283b253,a1e8f18d-81ac-5b8a-aea8-0ee784fc4f45,33,33,ከዚህም በኋላ ወደ ቂሣርያ ገቡ፤ ወደ አገረ ገዢውም ደረሱ፤ የተላከውንም ደብዳቤ ለአገረ ገዢው ሰጡት፤ ጳውሎስንም ወደ እርሱ አቀረቡት።
d6f143c0-81ca-55f4-af4c-282d9d6123fc,348341a9-2fe8-5722-af1c-f0dc0283b253,a1e8f18d-81ac-5b8a-aea8-0ee784fc4f45,34,34,ደብዳቤውንም ካነበበ በኋላ ከማን ግዛት እንደ ሆነ ጠየቀው። ከኪልቅያ የመጣ መሆኑንም ባወቀ ጊዜ፦
ca4838c2-78a7-58c0-abd1-36f7e9123690,348341a9-2fe8-5722-af1c-f0dc0283b253,a1e8f18d-81ac-5b8a-aea8-0ee784fc4f45,35,35,“እንኪያስ ከሳሾችህ ሲመጡ እንሰማሃለን” አለው፤ በሄሮድስም ግቢ እንዲጠብቁት አዘዘ።
e271a214-d07f-53e8-a399-dbf885e4a6d8,8f644007-7d8c-5415-a571-dcf48fb8ff33,8ea92e6b-53ea-5d60-ac2f-6f7ac4378ba0,1,1,በአምስተኛውም ቀን ሊቀ ካህናቱ ሐናንያ ከመምህራኑና ጠርጠሉስ ከሚባል አንድ ጠበቃ ጋር ወረደ፤ ጳውሎስንም በአገረ ገዢው ዘንድ ከሰሱት።
5c59fb0a-968b-520e-a2cb-8c048568ad01,8f644007-7d8c-5415-a571-dcf48fb8ff33,8ea92e6b-53ea-5d60-ac2f-6f7ac4378ba0,2,2,ጳውሎስም በቀረበ ጊዜ ጠርጠሉስ እንዲህ እያለ ይከስሰው ጀመረ፤
76097f43-bc87-5fce-ac40-813184042596,8f644007-7d8c-5415-a571-dcf48fb8ff33,8ea92e6b-53ea-5d60-ac2f-6f7ac4378ba0,3,3,“ክቡር ፊልክስ ሆይ፥ በዘመንህ ብዙ ሰላምን አግኝተናል፤ በጥበብህም በየጊዜው በየሀገሩ የሕዝቡ ኑሮ የተሻሻለ ሆኖአል፤ ሥርዐትህንም በሁሉ ዘንድ ስትመሰገን አግኝተናታል።
24112a43-ca99-525e-aa38-9ee6dc42df3a,8f644007-7d8c-5415-a571-dcf48fb8ff33,8ea92e6b-53ea-5d60-ac2f-6f7ac4378ba0,4,4,ነገር ግን ነገር እንዳላበዛብህ በአጭሩ ትሰማኝ ዘንድ እለምንሃለሁ።
0578e50a-137c-5bb8-a0f4-fcbf6698f652,8f644007-7d8c-5415-a571-dcf48fb8ff33,8ea92e6b-53ea-5d60-ac2f-6f7ac4378ba0,5,5,ይህን ሰው ሲሳደብና ወንጀል ሲሠራ፥ አይሁድንም ሁሉ በየሀገሩ ሲያውክ፥ ናዝራውያን የተባሉት ወገኖች የሚያስተምሩትንም ክህደት ሲያስተምር አግኝተነዋል።
a8a83786-c270-5dc3-ac7c-31ccffdef7c6,8f644007-7d8c-5415-a571-dcf48fb8ff33,8ea92e6b-53ea-5d60-ac2f-6f7ac4378ba0,6,6,ቤተ መቅደስንም ሊያረክስ ሲሞክር ያዝነው፤ እንደ ሕጋችንም ልንፈርድበት ፈልገን ነበር።
32d89223-44b5-59ed-ad5a-85230ea0cea7,8f644007-7d8c-5415-a571-dcf48fb8ff33,8ea92e6b-53ea-5d60-ac2f-6f7ac4378ba0,7,7,ነገር ግን የሻለቃው ሉስዮስ መጥቶ በብዙ ጭንቅ ከእጃችን ነጥቆ ወደ አንተ ላከው።
63b35c73-8441-544d-af86-55d566ce32d0,8f644007-7d8c-5415-a571-dcf48fb8ff33,8ea92e6b-53ea-5d60-ac2f-6f7ac4378ba0,8,8,ከሳሾቹንም ወደ አንተ እንዲመጡ አዘዛቸው፤ የከሰስንበትንም ነገር ሁሉ መርምረህ ከእርሱ ልትረዳ ትችላለህ።”
21d6fab4-d624-5867-aab1-d7a761359fbe,8f644007-7d8c-5415-a571-dcf48fb8ff33,8ea92e6b-53ea-5d60-ac2f-6f7ac4378ba0,9,9,አይሁድም፥ “እውነት ነው፤ እንዲሁ ነው” ብለው መለሱ።
e744228f-8e2a-5a83-ae2b-e1bae2a6e4d5,8f644007-7d8c-5415-a571-dcf48fb8ff33,71b31023-e826-57ec-a3c8-3d7400f87416,1,10,ሀገረ ገዢውም እንዲናገር ጳውሎስን ጠቀሰው፤ ጳውሎስም እንዲህ አለ፥ “ከብዙ ዘመን ጀምሮ የዚህ ሕዝብ አስተዳዳሪ እንደ ሆንህ አውቃለሁ፤ ጠባያቸውንም ታውቃለህ። አሁንም ደስ እያለኝ ክርክሬን አቀርባለሁ።
d5b2bec2-6426-50ab-a07c-9a90e1f3ae02,8f644007-7d8c-5415-a571-dcf48fb8ff33,71b31023-e826-57ec-a3c8-3d7400f87416,2,11,እሰግድ ዘንድ ወደ ኢየሩሳሌም ከወጣሁ ዐሥራ ሁለት ቀን እንደማይሆን ልታውቀው ትችላለህ፤
554aa224-6e9a-5267-aaae-f9e685ae1b8d,8f644007-7d8c-5415-a571-dcf48fb8ff33,71b31023-e826-57ec-a3c8-3d7400f87416,3,12,በምኵራብ ቢሆን፥ በቤተ መቅደስም ቢሆን፥ በከተማም ቢሆን ሕዝብን ሳውክ፥ ከማንም ጋር ስከራከር አላገኙኝም።
ceafaeba-6cc6-5202-af1d-3f0b9f1e81a4,8f644007-7d8c-5415-a571-dcf48fb8ff33,71b31023-e826-57ec-a3c8-3d7400f87416,4,13,በሚከስሱኝ ሁሉ በፊትህ ማስረጃ ማቅረብ አይችሉም።
d392e609-f0e9-5a96-a81c-7ba2c6c09c5b,8f644007-7d8c-5415-a571-dcf48fb8ff33,71b31023-e826-57ec-a3c8-3d7400f87416,5,14,ነገር ግን ይህን አረጋግጥልሃለሁ፤ እኔ በሕግ ያለውን፥ በነቢያትም የተጻፈውን ሁሉ አምኜ እነርሱ ክህደት ብለው በሚጠሩት ትምህርት የአባቶችን አምላክ አመልከዋለሁ።
7b4466c0-5ceb-5b90-a911-5e7d47f2ca58,8f644007-7d8c-5415-a571-dcf48fb8ff33,71b31023-e826-57ec-a3c8-3d7400f87416,6,15,እነርሱም ለጻድቃንና ለኃጥኣን የሙታን ትንሣኤ ይሆን ዘንድ እንደሚጠብቁ ለእኔም እንዲሁ በእግዚአብሔር ዘንድ ተስፋ አለኝ።
7ba16fd1-1148-52f6-a3c3-b605a3e10083,8f644007-7d8c-5415-a571-dcf48fb8ff33,71b31023-e826-57ec-a3c8-3d7400f87416,7,16,እንዲሁ እኔም በእግዚአብሔርና በሰው ፊት ሁልጊዜ የማታወላውል ሕሊና ትኖረኝ ዘንድ እጋደላለሁ።
2468f380-a11b-5658-a2bb-0ecc829200c1,8f644007-7d8c-5415-a571-dcf48fb8ff33,71b31023-e826-57ec-a3c8-3d7400f87416,8,17,ከብዙ ዓመታትም በኋላ ለወገኖች ምጽዋትንና መሥዋዕትን ላደርግ መጣሁ።
f0fba707-4bb8-538b-acbe-aea0d41a456a,8f644007-7d8c-5415-a571-dcf48fb8ff33,71b31023-e826-57ec-a3c8-3d7400f87416,9,18,በዚያም ጊዜ ከእስያ የመጡ አይሁድ ከሕዝብ ጋር በመከራከር፥ ወይም በፍጅት ሳይሆን በመቅደስ ስነጻ አገኙኝ።
ed4554dc-98e2-55bb-a09e-7dcb96a220f1,8f644007-7d8c-5415-a571-dcf48fb8ff33,71b31023-e826-57ec-a3c8-3d7400f87416,10,19,አሁንም በእኔ ላይ ነገር ከአላቸው ወደ አንተ ይምጡና ይክሰሱኝ።
6c3953a8-1e14-53f9-aa39-bce2191ba355,8f644007-7d8c-5415-a571-dcf48fb8ff33,71b31023-e826-57ec-a3c8-3d7400f87416,11,20,ወይም እኔ በሸንጎ ቆሜ ሳለሁ ያገኙብኝ በደል እንደ አለ እነዚህ ራሳቸው ይመስክሩ።
b1fe9a40-8212-58d3-a6e5-4ba9c4685b0e,8f644007-7d8c-5415-a571-dcf48fb8ff33,71b31023-e826-57ec-a3c8-3d7400f87416,12,21,በመካከላቸው ቆሜ ከአስተማርኋት አንዲት ትምህርት በቀር ያደረግሁት ክፉ ነገር የለም። ‘ሙታን ይነሣሉ’ በማለቴም ዛሬ በአንተ ዘንድ በእኔ ይፈረድብኛል።”
39e6fce6-ea8f-580e-acd7-e67f3dc5c5de,8f644007-7d8c-5415-a571-dcf48fb8ff33,71b31023-e826-57ec-a3c8-3d7400f87416,13,22,ፊልክስ ግን አይሁድ ከጥንት ጀምሮ የክርስቲያንን ወገኖች ሕግና ትምህርት እንደሚቃወሙ ያውቅ ነበር፤ ስለዚህም “እንኪያስ የሺ አለቃው ሉስዮስ በመጣ ጊዜ ነገራችሁን እናውቅ ዘንድ እንመረምራለን” ብሎ ቀጠራቸው።
563d5226-8167-5045-af39-fe3dcece2522,8f644007-7d8c-5415-a571-dcf48fb8ff33,71b31023-e826-57ec-a3c8-3d7400f87416,14,23,የመቶ አለቃውንም ጳውሎስን እንዲጠብቀው፥ በሰፊ ቦታም እንዲያኖረው፥ እንዳያጠብበትም፥ ሊያገለግሉት በመጡ ጊዜም ከወዳጆቹ አንዱን ስንኳ እንዳይከለክልበት አዘዘ።
4f81cad6-66ea-562d-ad9c-a3a1876cb4a5,8f644007-7d8c-5415-a571-dcf48fb8ff33,71b31023-e826-57ec-a3c8-3d7400f87416,15,24,ከጥቂት ቀንም በኋላ ፊልክስ ከአይሁዳዊት ሚስቱ ከድሩሲላ ጋር መጣ። ልኮም ጳውሎስን አስጠራው፤ በኢየሱስ ክርስቶስ ስለ ማመንም የሚናገረውን ነገር ሰማው።
8ae23032-7acb-5637-a83d-1848f3a983bf,8f644007-7d8c-5415-a571-dcf48fb8ff33,71b31023-e826-57ec-a3c8-3d7400f87416,16,25,እርሱም ስለ ጽድቅና ስለ ንጽሕና፥ ስለሚመጣውም ኵነኔ በነገራቸው ጊዜ በዚህ የተነሣ ፊልክስ ፈራና ጳውሎስን፥ “አሁንስ ሂድ፤ በተመቸኝም ጊዜ ልኬ አስጠራሃለሁ” አለው።
a20bcd02-1086-5dd2-ae3b-32af7245a105,8f644007-7d8c-5415-a571-dcf48fb8ff33,71b31023-e826-57ec-a3c8-3d7400f87416,17,26,ፊልክስም እንዲፈታው ጳውሎስ ገንዘብ የሚሰጠው መስሎት ነበር፤ ስለዚህ ዘወትር ይጠራውና ያነጋግረው ነበር።
eb365011-c08d-556a-ab49-f48acd967ef4,8f644007-7d8c-5415-a571-dcf48fb8ff33,71b31023-e826-57ec-a3c8-3d7400f87416,18,27,ሁለት ዓመትም ካለፈ በኋላ፥ ፊልክስ ተሻረና ጶርቅዮስ ፊስጦስ የሚባል ሌላ ሀገረ ገዢ በእርሱ ቦታ መጣ፤ ፊልክስም በግልጥ ለአይሁድ ሊያዳላ ወደደ፤ ስለዚህም ጳውሎስን እንደ ታሰረ ተወው።
8cf1899d-8512-512e-a131-e21e219e0de3,15823682-6bc8-5e7f-a404-e2d433d0b9e3,6033557c-4cdd-5ac6-a985-722970e86955,1,1,ፊስጦስም ወደ ቂሣርያ ደርሶ ሦስት ቀን ሰነበተ፤ ከዚህም በኋላ ወደ ኢየሩሳሌም ወጣ።
57beab73-2e5f-5b27-a377-7eba0498939b,15823682-6bc8-5e7f-a404-e2d433d0b9e3,6033557c-4cdd-5ac6-a985-722970e86955,2,2,ሊቃነ ካህናትና የአይሁድ ሽማግሎችም ከበቡት፤ የጳውሎስንም ነገር ነገሩት።
55ae9a87-ca2d-5460-aea0-b45ea3c4b6af,15823682-6bc8-5e7f-a404-e2d433d0b9e3,6033557c-4cdd-5ac6-a985-722970e86955,3,3,ልኮም ወደ ኢየሩሳሌም አደባባይ እንዲያስመጣውና እንዲሰጣቸው ለመኑት፤ እነርሱ ግን ወደዚያ ሄደው በመንገድ ሸምቀው ሊገድሉት ፈልገው ነበር።
4a91b5e8-021c-5dfd-aade-5d681419b6e2,15823682-6bc8-5e7f-a404-e2d433d0b9e3,6033557c-4cdd-5ac6-a985-722970e86955,4,4,ፊስጦስም ጳውሎስን በቂሣርያ እንደሚጠብቁት፥ እርሱም ራሱ ወደዚያው በቶሎ እንደሚሄድ መለሰላቸው።
b2435e81-0970-52c7-aab5-a109ce4849c6,15823682-6bc8-5e7f-a404-e2d433d0b9e3,6033557c-4cdd-5ac6-a985-722970e86955,5,5,አይሁድንም፥ “ከመካከላችሁ የሚችሉ ካሉ ከከሰሳችሁት ከዚያ ሰው ጋር እንዲከራከሩ ከእኔ ጋር ይውረዱ” አላቸው።
eb0f7398-b95d-5d1e-afdc-fa933025c65f,15823682-6bc8-5e7f-a404-e2d433d0b9e3,6033557c-4cdd-5ac6-a985-722970e86955,6,6,ስምንት ወይም ዐሥር ቀን በእነርሱ ዘንድ ከሰነበተ በኋላ ወደ ቂሣርያ ሄደ፤ በማግሥቱም በፍርድ ወንበር ተቀምጦ ጳውሎስን እንዲያመጡት አዘዘ።
f448c861-0c3c-5ccd-a455-464f35d8a517,15823682-6bc8-5e7f-a404-e2d433d0b9e3,6033557c-4cdd-5ac6-a985-722970e86955,7,7,ጳውሎስም በቀረበ ጊዜ ከኢየሩሳሌም የወረዱ አይሁድ ከብበውት ቆሙ፤ ሊረቱ በማይችሉበትም ብዙና ከባድ ክስ ከሰሱት።
3a119a7b-27d8-54d6-a565-a432e3358f6c,15823682-6bc8-5e7f-a404-e2d433d0b9e3,6033557c-4cdd-5ac6-a985-722970e86955,8,8,ጳውሎስም ሲመልስ፥ “በአይሁድ ሕግ ላይ ቢሆን፥ በቤተ መቅደስም ላይ ቢሆን፥ በቄሣር ላይም ቢሆን አንዳች የበደልሁት የለም” አለ።
5fcdd539-4db2-530b-ac08-8aaec86a810a,15823682-6bc8-5e7f-a404-e2d433d0b9e3,6033557c-4cdd-5ac6-a985-722970e86955,9,9,ፊስጦስ ግን አይሁድ እንዲያመሰግኑት ወዶ ጳውሎስን፥ “ወደ ኢየሩሳሌም ወጥተህ ስለዚህ ነገር በዚያ ከእኔ ዘንድ ልትከራከር ትሻለህን?” አለው።
613d7e42-4d9b-5f81-aa01-fc8ddb6c3eae,15823682-6bc8-5e7f-a404-e2d433d0b9e3,6033557c-4cdd-5ac6-a985-722970e86955,10,10,ጳውሎስም መልሶ እንዲህ አለው፤ “እኔ ወደ ቄሣር ዙፋን ችሎት እቀርባለሁ፤ ፍርዴም በዚያ ሊታይልኝ ይገባል፤ በአይሁድም ላይ የበደልሁት በደል እንደሌለኝ ከሰው ሁሉ ይልቅ አንተ ራስህ ታውቃለህ።
bac497e3-6180-5ca7-a57a-42c357c12d0f,15823682-6bc8-5e7f-a404-e2d433d0b9e3,6033557c-4cdd-5ac6-a985-722970e86955,11,11,ከበደልሁ ወይም ለሞት የሚያበቃኝ የሠራሁት ክፉ ሥራ ካለ ሞት አይፈረድብኝ አልልም፤ ነገር ግን እነዚህ በደል የሌለብኝን በከንቱ የሚከስሱኝ ከሆነ፥ ለእነርሱ አሳልፎ ሊሰጠኝ ለማን ይቻለዋል? እኔ ወደ ቄሣር ይግባኝ ብያለሁ።”
1a35701a-8a6e-5b5b-ae68-99d68bdc754a,15823682-6bc8-5e7f-a404-e2d433d0b9e3,6033557c-4cdd-5ac6-a985-722970e86955,12,12,ከዚህም በኋላ ፊስጦስ ከአማካሪዎቹ ጋር ተማክሮ፥ “ወደ ቄሣር ይግባኝ ካልህ ወደ ቄሣር ትሄዳለህ” አለው።
4e4d4a59-a7aa-5929-aebd-80ed764fb2ac,15823682-6bc8-5e7f-a404-e2d433d0b9e3,17c6611d-68bb-52cd-a8f8-1c20d3ad1379,1,13,ከጥቂት ቀን በኋላም ንጉሥ አግሪጳና በርኒቄ ወደ ቂሣርያ ወርደው ፊስጦስን ተገናኙት።
649f5b53-710e-5fb5-ab4b-0068be63ccc5,15823682-6bc8-5e7f-a404-e2d433d0b9e3,17c6611d-68bb-52cd-a8f8-1c20d3ad1379,2,14,በእርሱ ዘንድ ብዙ ቀን ከቈዩ በኋላ ፊስጦስ የጳውሎስን ነገር ለንጉሡ ነገረው፤ እንዲህም አለው፥ “ፊልክስ በእስር ቤት ትቶት የሄደ አንድ እስረኛ ሰው በእዚህ አለ።
666ab846-32dc-5f0a-a10b-ec8b2090f801,15823682-6bc8-5e7f-a404-e2d433d0b9e3,17c6611d-68bb-52cd-a8f8-1c20d3ad1379,3,15,በኢየሩሳሌም ሳለሁም ሊቃነ ካህናትና የአይሁድ ሽማግሌዎች ወደ እኔ መጥተው እንድፈርድበት ማለዱኝ።
adcd3374-ac0a-5a14-a66a-62a077dbf8a5,15823682-6bc8-5e7f-a404-e2d433d0b9e3,17c6611d-68bb-52cd-a8f8-1c20d3ad1379,4,16,እኔም፦ ተከሳሹ በከሳሾቹ ፊት ሳይቆም፥ ለተከሰሰበትም ምላሽ ይሰጥ ዘንድ ፋንታ ሳያገኝ ማንም ቢሆን አሳልፎ መስጠት የሮማውያን ሕግ አይደለም ብየ መለስሁላቸው።
b7f48ee9-5aec-54b0-a130-8ce1c6e1237b,15823682-6bc8-5e7f-a404-e2d433d0b9e3,17c6611d-68bb-52cd-a8f8-1c20d3ad1379,5,17,ከዚህም በኋላ፤ በዚሁ በተሰበሰቡ ጊዜ ሳልዘገይ በማለዳ በፍርድ ወንበር ተቀምጬ፥ ያን ሰው እንዲያመጡት አዘዝሁ።
cde704db-1ebf-54f5-a847-0c3bd774a779,15823682-6bc8-5e7f-a404-e2d433d0b9e3,17c6611d-68bb-52cd-a8f8-1c20d3ad1379,6,18,የከሰሱትም በቆሙ ጊዜ፥ እኔ እንደ አሰብሁት በከሰሱት ክስ የሠራው ምንም ነገር የለም።
12c309bf-4897-5b41-aa12-c7661788c5d8,15823682-6bc8-5e7f-a404-e2d433d0b9e3,17c6611d-68bb-52cd-a8f8-1c20d3ad1379,7,19,ስለ ሃይማኖታቸው ከሆነው ክርክርና ስለ ሞተው፥ ጳውሎስ ግን ሕያው ነው ስለሚለው ሰው ስለ ኢየሱስ ከሆነው ክርክር በቀር፤
5398ee69-3703-5134-a3af-30ba73952411,15823682-6bc8-5e7f-a404-e2d433d0b9e3,17c6611d-68bb-52cd-a8f8-1c20d3ad1379,8,20,ስለ ክርክራቸውም የማደርገውን አጥቼ ጳውሎስን ወደ ኢየሩሳሌም ሄደህ በዚያ ልትከራከር ትወዳለህን? አልሁት።
e3e147d2-b705-5ccd-a00d-ea6713c8ea7c,15823682-6bc8-5e7f-a404-e2d433d0b9e3,17c6611d-68bb-52cd-a8f8-1c20d3ad1379,9,21,ጳውሎስ ግን እንቢ ብሎ፥ እንዲድን ወደ ቄሣር ይግባኝ አለ፤ ከዚህም በኋላ ወደ ቄሣር እስክልከው ድረስ እንዲጠብቁት አዘዝሁ።”
1a8c3f26-34eb-5b32-a501-3d74f274f3cd,15823682-6bc8-5e7f-a404-e2d433d0b9e3,17c6611d-68bb-52cd-a8f8-1c20d3ad1379,10,22,አግሪጳም ፊስጦስን፥ “እኔም ያን ሰው ልሰማው እወዳለሁ” አለው፤ ፊስጦስም፥ “እንግዲያስ ነገ ትሰማዋለህ” አለው።
d420b218-ce0e-56c0-ab44-6764ef7e4449,15823682-6bc8-5e7f-a404-e2d433d0b9e3,17c6611d-68bb-52cd-a8f8-1c20d3ad1379,11,23,በማግሥቱም አግሪጳና በርኒቄ በብዙ ግርማ መጡ፤ ከመሳፍንቱና ከከተማው ታላላቅ ሰዎች ጋርም ወደ ፍርድ ቤት ገቡ፤ ፊስጦስም ጳውሎስን እንዲያመጡት አዘዘ።
80fb982c-5822-577d-a859-c4a8b4d3b779,15823682-6bc8-5e7f-a404-e2d433d0b9e3,17c6611d-68bb-52cd-a8f8-1c20d3ad1379,12,24,ፊስጦስም እንዲህ አለ፥ “ንጉሥ አግሪጳ ሆይ፥ እናንተም ከእኛ ጋር ያላችሁ ወንድሞቻችን ሁላችሁ፥ ስሙ፤ አይሁድ ከእንግዲህ ወዲህ በሕይወት ይኖር ዘንድ እንዳይገባው በኢየሩሳሌምም ሆነ በዚህ እየጮሁ የለመኑኝ ይህ የምታዩት ሰው እነሆ።
a314877b-2267-5e29-a96c-537fa263d58a,15823682-6bc8-5e7f-a404-e2d433d0b9e3,17c6611d-68bb-52cd-a8f8-1c20d3ad1379,13,25,እኔ ግን ለሞት የሚያደርሰው በደል እንዳልሠራ እጅግ መርምሬ፥ እርሱም ራሱ ወደ ቄሣር ይግባኝ ማለትን ስለወደደ እንግዲህ ልልከው ቈርጫለሁ።
54288a93-75b3-5abd-afab-0f3c1b6c5eac,15823682-6bc8-5e7f-a404-e2d433d0b9e3,17c6611d-68bb-52cd-a8f8-1c20d3ad1379,14,26,ነገር ግን ስለ እርሱ ወደ ጌታዬ የምጽፈው የታወቀ ነገር የለኝም። ስለዚህ ከተመረመረ በኋላ የምጽፈውን አገኝ ዘንድ ወደ እናንተ ይልቁንም ንጉሥ አግሪጳ ሆይ ወደ አንተ አመጣሁት።
f68910f5-3f16-5e63-a1fd-49ee8fe32874,15823682-6bc8-5e7f-a404-e2d433d0b9e3,17c6611d-68bb-52cd-a8f8-1c20d3ad1379,15,27,የበደሉ ደብዳቤ ሳይኖር እስረኛን ወደ ንጉሥ መላክ አይገባምና፤ ለእኔም ነገሩም ሆነ አስሮ መላኩ አስቸግሮኛል።”
6c181e4d-c005-5993-a5a6-198c807b0127,d529fd9b-76d0-5439-a0c2-0c77dab5858a,83c5f183-b383-57d8-a2ce-a1980ff8e867,1,1,አግሪጳም ጳውሎስን፥ “ስለ ራስህ ትናገር ዘንድ ፈቅደንልሃል” አለው፤ ከዚህም በኋላ ጳውሎስ እጁን አነሣና ይነግራቸው ጀመር፤ እንዲህም አለ፦
2755ff10-db09-5fac-a5da-9d96df07ebba,d529fd9b-76d0-5439-a0c2-0c77dab5858a,83c5f183-b383-57d8-a2ce-a1980ff8e867,2,2,“ንጉሥ አግሪጳ ሆይ፥ አይሁድ እኔን ስለ ከሰሱበት ነገር ሁሉ ዛሬ በአንተ ዳኝነት እከራከር ዘንድ ስለ ተገባኝ ራሴን እንደ ተመሰገነ አድርጌ እቈጥረዋለሁ።
3ac50fb5-da72-514d-acbd-e66d42244ef3,d529fd9b-76d0-5439-a0c2-0c77dab5858a,83c5f183-b383-57d8-a2ce-a1980ff8e867,3,3,የአይሁድን ጠባያቸውንና ክርክራቸውን አጥብቀህ ታውቃለህና ታግሠህ ታደምጠኝ ዘንድ እለምንሃለሁ።
ab20bf26-73ed-5ced-a7e4-fd57584864d2,d529fd9b-76d0-5439-a0c2-0c77dab5858a,83c5f183-b383-57d8-a2ce-a1980ff8e867,4,4,“ከልጅነቴ ጀምሮ በወገኖች መካከል በኢየሩሳሌም የኖርሁትን ኑሮ አይሁድ ሁሉ ያውቃሉ።
43039bb8-8136-5684-abf1-679d3f7dc047,d529fd9b-76d0-5439-a0c2-0c77dab5858a,83c5f183-b383-57d8-a2ce-a1980ff8e867,5,5,ሊመሰክሩም ከወደዱ እኔ ፈሪሳዊ ሆኜ በአባቶቻችን ሕግ እንደምኖር ከጥንት ጀምሮ እነርሱ ያውቁልኛል።
83f8c6d7-dfd9-51f2-a54c-e0a5f6b8e687,d529fd9b-76d0-5439-a0c2-0c77dab5858a,83c5f183-b383-57d8-a2ce-a1980ff8e867,6,6,አሁንም ከጥንት ጀምሮ በእግዚአብሔር ዘንድ ለአባቶቻችን የተሰጠውን ተስፋ በመታመን ከፍርድ በታች ቆሜአለሁ።
00c340ed-a6e4-5703-a23f-518009d12d77,d529fd9b-76d0-5439-a0c2-0c77dab5858a,83c5f183-b383-57d8-a2ce-a1980ff8e867,7,7,ንጉሥ አግሪጳ ሆይ፥ ዐሥራ ሁለቱ ነገዶቻችን በመዓልትም በሌሊትም እርሱን እያገለገሉ ወደ እርስዋ ይደርሱ ዘንድ ተስፋ ያደርጋሉ፤ አይሁድም የሚከስሱኝ ስለዚህ ተስፋ ነው።
ee890b21-dc9d-5d71-ab20-01681d8e617a,d529fd9b-76d0-5439-a0c2-0c77dab5858a,83c5f183-b383-57d8-a2ce-a1980ff8e867,8,8,እንዴትስ እግዚአብሔር ሙታንን እንደሚያስነሣቸው በእናንተ ዘንድ የማይታመን ሆኖ ይቈጠራል?
b56ffccf-4d33-5a09-a698-9f335d4447c8,d529fd9b-76d0-5439-a0c2-0c77dab5858a,83c5f183-b383-57d8-a2ce-a1980ff8e867,9,9,“እኔም ብዙ ጊዜ በናዝሬቱ በኢየሱስ ስም ላይ ክፉ ነገር ላደርግ ቈርጬ ነበር።
0649b720-edb6-53b5-abca-f58286b56fce,d529fd9b-76d0-5439-a0c2-0c77dab5858a,83c5f183-b383-57d8-a2ce-a1980ff8e867,10,10,ይህንም በኢየሩሳሌም አደረግሁት፤ ከሊቃነ ካህናትም ሥልጣን ተቀብዬ ከቅዱሳን ብዙዎችን ወደ ወኅኒ ቤት አስገባኋቸው፤ ሲገድሏቸውም አብሬ እመክር ነበርሁ።
b2c527c4-e037-5091-a9a8-253cc95f176d,d529fd9b-76d0-5439-a0c2-0c77dab5858a,83c5f183-b383-57d8-a2ce-a1980ff8e867,11,11,በየምኵራቡ ሁሉ የማስገደጃ ማዘዣ አምጥቼ፥ በግድ የኢየሱስን ስም እንዲሰድቡ ዘወትር መከራ አጸናባቸው ነበር፤ ይልቁንም ወደ ሌሎች ከተማዎች እያሳደድሁ ከፋሁባቸው።
8ce6be87-7acc-56ca-add2-a495a4f6df82,d529fd9b-76d0-5439-a0c2-0c77dab5858a,f2334b05-24c9-5e76-a875-9999c9bac41c,1,12,“ይህንም ለመፈጸም ከሊቃነ ካህናት ሥልጣን ተቀብዬ ወደ ደማስቆ ከተማ ሄድሁ።
bcd7a740-cb1b-5a77-ac6f-ebf00453d155,d529fd9b-76d0-5439-a0c2-0c77dab5858a,f2334b05-24c9-5e76-a875-9999c9bac41c,2,13,ንጉሥ ሆይ፥ እኩል ቀን በሆነ ጊዜ በመንገድ ስሄድ ከፀሐይ ይልቅ የሚበራ መብረቅ በእኔና ከእኔ ጋር ይሄዱ በነበሩት ላይ ከሰማይ ሲያንፀባርቅ አየሁ።
127ee8b5-7821-5538-ac61-bfd1184762cc,d529fd9b-76d0-5439-a0c2-0c77dab5858a,f2334b05-24c9-5e76-a875-9999c9bac41c,3,14,ሁላችንም በምድር ላይ በወደቅን ጊዜ በዕብራይስጥ ቋንቋ፦ ‘ሳውል ሳውል ለምን ታሳድደኛለህ? በሾለ ብረት ላይ መርገጥ ለአንተ ይብስሃል’ የሚለኝን ቃል ሰማሁ።
812eea9e-7734-597d-ab89-994cf881131c,d529fd9b-76d0-5439-a0c2-0c77dab5858a,f2334b05-24c9-5e76-a875-9999c9bac41c,4,15,እኔም፦ ‘አቤቱ አንተ ማነህ?’ አልሁ፤ ጌታም አለኝ፦ ‘እኔ አንተ የምታሳድደኝ ኢየሱስ ነኝ።
9601a1dd-2a33-54fd-a43c-ea2c1896d957,d529fd9b-76d0-5439-a0c2-0c77dab5858a,f2334b05-24c9-5e76-a875-9999c9bac41c,5,16,ነገር ግን ተነሣና በእግርህ ቁም፤ እኔን ባየህበትና ወደፊትም በምታይበት ነገር አገልጋይና ምስክር አድርጌ ልሾምህ ስለዚህ ተገልጬልሃለሁና።
ab91d5eb-5032-57c3-aa87-bae50de91415,d529fd9b-76d0-5439-a0c2-0c77dab5858a,f2334b05-24c9-5e76-a875-9999c9bac41c,6,17,እኔም ከሕዝቡና ወደ እነርሱ ከምልክህ ከአሕዛብ አድንሃለሁ።
d456bdb1-ba27-5e12-aeae-152c7e6fd0a4,d529fd9b-76d0-5439-a0c2-0c77dab5858a,f2334b05-24c9-5e76-a875-9999c9bac41c,7,18,ይኸውም ዐይናቸውን ትከፍትላቸው ዘንድ፥ ከጨለማም ወደ ብርሃን፥ ሰይጣንን ከማምለክም ወደ እግዚአብሔር ትመልሳቸው ዘንድ፥ ኀጢአታቸውም ይሰረይላቸው ዘንድ፥ በስሜም በማመን ከቅዱሳን ጋር አንድነትን ያገኙ ዘንድ ነው።’
2aeac922-60d2-5e40-a5d4-5eda12aabac8,d529fd9b-76d0-5439-a0c2-0c77dab5858a,2357f865-cfa2-5251-ab85-8dadd124a5ff,1,19,“አሁንም ንጉሥ አግሪጳ ሆይ፥ ከሰማይ የተገለጠልኝን ራእይ አልካድሁም።
b4b2e8dd-e00a-54eb-a41f-00d08185127b,d529fd9b-76d0-5439-a0c2-0c77dab5858a,2357f865-cfa2-5251-ab85-8dadd124a5ff,2,20,አስቀድሜ በኢየሩሳሌምና በደማስቆ ላሉት፥ ለይሁዳ አውራጃዎችም ሁሉ ነገርኋቸው፤ ለአሕዛብም ንስሓ ገብተው ወደ እግዚአብሔር ይመለሱ ዘንድ፥ ለንስሓቸውም የሚገባ ሥራን ይሠሩ ዘንድ አስተማርኋቸው።
395419e5-1ba4-5e28-aed9-b0ec42cd232e,d529fd9b-76d0-5439-a0c2-0c77dab5858a,2357f865-cfa2-5251-ab85-8dadd124a5ff,3,21,ሰለዚህም ብቻ አይሁድ በመቅደስ ያዙኝ፤ ሊገድሉኝም ወደዱ።
6049df3a-e416-58f2-ac8f-8cf1deb4a5be,d529fd9b-76d0-5439-a0c2-0c77dab5858a,2357f865-cfa2-5251-ab85-8dadd124a5ff,4,22,እግዚአብሔርም አዳነኝና ለታላቁም፥ ለታናሹም እየመሰከርሁ እስከ ዛሬ ደረስሁ፤ ይደረግ ዘንድ ካለው፥ ነቢያት ከተናገሩት፥ ሙሴም ከተናገረው ሌላ ያስተማርሁት የለም።
1aabd535-8c90-5340-a3a8-2c1020be065f,d529fd9b-76d0-5439-a0c2-0c77dab5858a,2357f865-cfa2-5251-ab85-8dadd124a5ff,5,23,ክርስቶስ እንደሚሞት፥ ከሙታን ተለይቶም አስቀድሞ እንደሚነሣ፥ ለሕዝብና ለአሕዛብ ሁሉ፥ ለመላውም ዓለም እንደሚያበራ።”
33fa022e-7976-5116-af10-f0ba3681ce9a,d529fd9b-76d0-5439-a0c2-0c77dab5858a,2357f865-cfa2-5251-ab85-8dadd124a5ff,6,24,ይህንም ስለ ራሱ ሲናገር ሀገረ ገዢው ፊስጦስ መለሰ፤ ድምፁንም ከፍ አድርጎ፥ “ጳውሎስ ሆይ፥ ልታብድ ነውን? ብዙ ትምህርት እኮ ልብን ይነሣል” አለው።
007658c6-ab84-5aa0-a19e-0d90281e6973,d529fd9b-76d0-5439-a0c2-0c77dab5858a,2357f865-cfa2-5251-ab85-8dadd124a5ff,7,25,ጳውሎስም እንዲህ አለው፥ “ክቡር ፊስጦስ ሆይ፥ እውነትና የተጣራ ነገርን እናገራለሁ እንጂ ዕብደትስ የለብኝም።
302d43ee-d597-5c5e-a249-74b398c515e8,d529fd9b-76d0-5439-a0c2-0c77dab5858a,2357f865-cfa2-5251-ab85-8dadd124a5ff,8,26,በፊቱ ገልጬ የምናገርለት እርሱ ራሱ ንጉሥ አግሪጳ ያውቅልኛል፤ ከዚህም የሚሳተው ነገር ያለ አይመስለኝም፤ ወደ ጎን የተሰወረ አይደለምና።
76c41bf4-ce99-52c6-a8f3-11675955e62f,d529fd9b-76d0-5439-a0c2-0c77dab5858a,2357f865-cfa2-5251-ab85-8dadd124a5ff,9,27,ንጉሥ አግሪጳ ሆይ፥ እነሆ፥ በነቢያት ቃል ታምናለህን? እንደምታምንም አውቃለሁ።”
3c844070-8358-5efa-a501-7652a4fc659d,d529fd9b-76d0-5439-a0c2-0c77dab5858a,2357f865-cfa2-5251-ab85-8dadd124a5ff,10,28,አግሪጳም ጳውሎስን፥ “አሁንስ ወደ ክርስቲያንነት ልታገባኝ ጥቂት ብቻ ቀርቶሃል” አለው።
6bc0f9c4-6939-5a96-a573-d64199243f8b,d529fd9b-76d0-5439-a0c2-0c77dab5858a,2357f865-cfa2-5251-ab85-8dadd124a5ff,11,29,ጳውሎስም፥ “በጥቂትም ቢሆን፥ በብዙም ቢሆን አንተ ብቻ ሳትሆን ዛሬ የሚሰሙኝ ሁሉ ደግሞ ከዚህ ከእስራቴ በቀር እንደ እኔ እንዲሆኑ ወደ እግዚአብሔር እጸልያለሁ።”
132e9893-14c3-57f2-acf0-f336097a417d,d529fd9b-76d0-5439-a0c2-0c77dab5858a,3d50d8a5-fbc2-55ae-acba-406e3d887a50,1,30,ከዚህም በኋላ ንጉሡ፥ ሀገረ ገዥውም፥ በርኒቄም፥ ሹሞቻቸውም ተነሡ።
a9bef9a9-52fe-52b1-a6fb-9588ebbda3de,d529fd9b-76d0-5439-a0c2-0c77dab5858a,3d50d8a5-fbc2-55ae-acba-406e3d887a50,2,31,ለብቻቸውም ገለል ብለው እርስ በርሳቸው እንዲህ ብለው ተነጋገሩ፥ “ይህ ሰው እንዲሞት ወይም እንዲታሰር የሚያበቃ የሠራው በደል የለም።”
671c92eb-6492-5c89-ad17-ef7d00cb253b,d529fd9b-76d0-5439-a0c2-0c77dab5858a,3d50d8a5-fbc2-55ae-acba-406e3d887a50,3,32,አግሪጳም ፊስጦስን፥ “ወደ ቄሣር ይግባኝ ባይል ኖሮ ይህ ሰው ይፈታ ዘንድ በተገባ ነበር” አለው።
feee5aff-6693-536a-aa32-b4f250e4ba03,9ebc4423-c93e-5219-a00b-d4a83696f106,8c675374-9997-5828-a94a-94dbbdcc65ad,1,1,ከዚህም በኋላ ፊስጦስ ወደ ቄሣር ወደ ኢጣልያ በመርከብ እንሄድ ዘንድ ባዘዘ ጊዜ ጳውሎስ ከሌሎች እስረኞች ጋር አብሮ የአውግስጦስ ጭፍራ ለነበረ ዩልዮስ ለሚባል የመቶ አለቃ ተሰጠ።
efa52535-7728-5b99-a9d6-160069e03ac9,9ebc4423-c93e-5219-a00b-d4a83696f106,8c675374-9997-5828-a94a-94dbbdcc65ad,2,2,በተነሣንም ጊዜ ወደ እስያ በምትሄድ በአድራማጢስ መርከብ ተሳፈርን፤ የተሰሎንቄ ሀገር ሰው የሚሆን መቄዶንያዊው አርስጥሮኮስም አብሮን ሄደ።
cb18167a-d087-5e29-a8a1-14a36b200041,9ebc4423-c93e-5219-a00b-d4a83696f106,8c675374-9997-5828-a94a-94dbbdcc65ad,3,3,በማግሥቱም ወደ ሲዶና ደረስን፤ ዩልዮስም ለጳውሎስ አዘነለት፤ ወደ ወዳጆቹ እንዲሄድና በእነርሱ ዘንድ እንዲያርፍም ፈቀደለት።
a8a3c88d-055f-5bbe-a0a9-d8a680df704c,9ebc4423-c93e-5219-a00b-d4a83696f106,8c675374-9997-5828-a94a-94dbbdcc65ad,4,4,ከዚያም ወጥተን ነፋስ ፊት ለፊት ነበርና በቆጵሮስ በኩል ዐለፍን።
383f5001-f17d-5fa9-a983-0ed4263018b0,9ebc4423-c93e-5219-a00b-d4a83696f106,8c675374-9997-5828-a94a-94dbbdcc65ad,5,5,ወደ ኪልቅያና ወደ ጵንፍልያ ባሕርም ገብተን የሉቅያ ክፍል ወደምትሆነው ወደ ሙራ ሄድን።
f2b1179b-5054-5a9b-aaad-d0919e9f53d0,9ebc4423-c93e-5219-a00b-d4a83696f106,8c675374-9997-5828-a94a-94dbbdcc65ad,6,6,በዚያም የመቶ አለቃው ወደ ኢጣልያ የምትሄድ የእስክንድርያን መርከብ አገኘ፤ ወደ እርስዋም አስገባን።
b0fa9492-2b19-5e5f-aeac-697124d07190,9ebc4423-c93e-5219-a00b-d4a83696f106,8c675374-9997-5828-a94a-94dbbdcc65ad,7,7,ብዙ ቀንም እያዘገምን ሄድን፤ በጭንቅም ወደ ቀኒዶስ አንጻር ደረስን፤ ወደዚያም በቀጥታ ለመድረስ ነፋስ ቢከለክለን በቀርጤስ በኩል በሰልሙና ፊት ለፊት ዐለፍን።
d9bd8ae0-3e6c-5f44-a26b-97830efe82eb,9ebc4423-c93e-5219-a00b-d4a83696f106,8c675374-9997-5828-a94a-94dbbdcc65ad,8,8,ባጠገብዋም በጭንቅ ስናልፍ ላሲያ ለምትባለው ከተማ አቅራቢያ ወደ ሆነችው መልካም ወደብ ወደምትባለው ቦታ ደረስን።
917d3158-7ff9-5146-a3d8-393164fdf468,9ebc4423-c93e-5219-a00b-d4a83696f106,8c675374-9997-5828-a94a-94dbbdcc65ad,9,9,በዚያም ብዙ ቀን ቈየን፤ የአይሁድም የጾም ወራት አልፎ ስለ ነበረ በመርከብ ለመሄድ የሚያስፈራ ነበርና ጳውሎስ እንዲህ ብሎ መከራቸው።
931783b5-7286-5677-a401-5157a9981a5c,9ebc4423-c93e-5219-a00b-d4a83696f106,8c675374-9997-5828-a94a-94dbbdcc65ad,10,10,“እናንተ ሰዎች ሆይ፥ ስሙኝ፤ ጕዞአችን በብዙ ጭንቀትና በከባድ ጥፋት ላይ ሆኖ አያለሁ፤ ይህንም የምለው ጥፋቱ በራሳችንም ሕይወት እንጂ በጭነቱና በመርከቡ ብቻ ስላልሆነ ነው።”
60efdb4b-fcc3-54de-abad-09c0c295e9e5,9ebc4423-c93e-5219-a00b-d4a83696f106,8c675374-9997-5828-a94a-94dbbdcc65ad,11,11,የመቶ አለቃው ግን ለመርከቡ ባለቤትና ለመሪው ይታዘዝ ነበር፤ የጳውሎስን ቃል ግን አይቀበልም ነበር።
b678b24f-58cc-542f-a77d-bffee9d98283,9ebc4423-c93e-5219-a00b-d4a83696f106,8c675374-9997-5828-a94a-94dbbdcc65ad,12,12,ያም ወደብ ክረምቱን ሊከርሙበት የማይመች ነበር፤ ስለዚህም ብዙዎች ከዚያ ይወጡ ዘንድ ይቻላቸው እንደ ሆነ በቀኝ በኩል ወደ አለው ፊንቄ ወደሚባለው ወደ ሁለተኛው የቀርጤስ ወደብ ይደርሱ ዘንድ ወደዱ።
2a9ce9ee-882c-552e-a853-0f2526332e0d,9ebc4423-c93e-5219-a00b-d4a83696f106,acef7fca-f019-572d-a0e2-5a53a4777efb,1,13,ልከኛ የአዜብ ነፋስም ነፈሰ፤ እነርሱም እንደ ወደዱ የሚደርሱ መስሎአቸው ነበር፤ መልሕቁንም አነሡ፤ በቀርጤስም አጠገብ ሄዱ።
be96fe19-5cb9-5b57-a57f-4ac9c9497c1f,9ebc4423-c93e-5219-a00b-d4a83696f106,acef7fca-f019-572d-a0e2-5a53a4777efb,2,14,ከጥቂት ጊዜ በኋላም አውራቂስ የሚሉት ጽኑዕ ዓውሎ ነፋስ መጣ።
83d800d6-b705-57c7-a290-7a3e08f9ceba,9ebc4423-c93e-5219-a00b-d4a83696f106,acef7fca-f019-572d-a0e2-5a53a4777efb,3,15,መርከባችንም ተመትታ ተነጠቀች፤ ቀዛፊዎችም በነፋሱ ፊት ለፊት መቆም አልተቻላቸውምና ተዉአት፤ ብቻዋንም ሄደች።
69cd58ce-e860-594b-a6c4-545439017b64,9ebc4423-c93e-5219-a00b-d4a83696f106,acef7fca-f019-572d-a0e2-5a53a4777efb,4,16,ከዚህም በኋላ ቄዳ ወደምትባል ደሴት እስክንገባ ድረስ ነፋሱ ነፈሰ፤ በጭንቅም ታንኳችንን ለመግታት ቻልን።
8299b767-00da-5c1c-a4a7-8144329dbbdf,9ebc4423-c93e-5219-a00b-d4a83696f106,acef7fca-f019-572d-a0e2-5a53a4777efb,5,17,ከዚህ በኋላ ተጋግዘን በገመድ አጠናከርናት፤ ከዚህም ቀጥሎ ቀዛፊዎች ወደ ጥልቁ ባሕር እንዳይወድቁ በፈሩ ጊዜ ሸራውን አወረዱ፤እንዲሁም እንድንሄድ አደረግን።
931b752c-8299-5203-a688-7af51a640bc2,9ebc4423-c93e-5219-a00b-d4a83696f106,acef7fca-f019-572d-a0e2-5a53a4777efb,6,18,በማግሥቱም ማዕበል ጸናብን፤ ከጭነቱም ወደ ባሕር ጣልን።
85b65880-2901-54ac-aee0-974a1fe10e6d,9ebc4423-c93e-5219-a00b-d4a83696f106,acef7fca-f019-572d-a0e2-5a53a4777efb,7,19,በሦስተኛውም ቀን በመርከብ ያለውን ሁሉ በእጃችን እያነሣን በባሕር ላይ ጣልን።
f660bc50-80e4-5e79-a0da-616938884c6f,9ebc4423-c93e-5219-a00b-d4a83696f106,acef7fca-f019-572d-a0e2-5a53a4777efb,8,20,ብዙ ቀንም ፀሐይንና ጨረቃን ከዋክብትንም ሳናይ ማዕበሉ ጸናብን፤ ለመዳንም ተስፋ ቈርጠን ነበር።
f62b0563-71a0-5d21-ab83-3821096f737f,9ebc4423-c93e-5219-a00b-d4a83696f106,c41470cc-a70d-5fd5-ad51-ad94d3a24c39,1,21,ከእኛም መብል የበላ አልነበረም። ጳውሎስም ተነሥቶ በመካከል ቆመና እንዲህ አላቸው፥ “እናንተ ሰዎች ሆይ፥ ቀድሞ ቃሌን ሰምታችሁኝ ቢሆን ከቀርጤስም ባትወጡ ኖሮ ከዚህ ጕዳትና መከራ በዳናችሁ ነበር።
2da11e7a-18e9-5ced-a09d-ed84993d7dce,9ebc4423-c93e-5219-a00b-d4a83696f106,c41470cc-a70d-5fd5-ad51-ad94d3a24c39,2,22,አሁንም እላችኋለሁ፤ መርከባችን እንጂ ከመካከላችን አንድ ሰው ስንኳ አይጠፋምና አትፍሩ።
0994eb79-3bcf-554a-ac9f-d414acaff996,9ebc4423-c93e-5219-a00b-d4a83696f106,c41470cc-a70d-5fd5-ad51-ad94d3a24c39,3,23,እኔ ለእርሱ የምሆንና የማመልከው እግዚአብሔር የላከው መልአክ በዚች ሌሊት በአጠገቤ ቆሞ ነበርና።
711b486a-6482-55ee-a27a-8e75db780633,9ebc4423-c93e-5219-a00b-d4a83696f106,c41470cc-a70d-5fd5-ad51-ad94d3a24c39,4,24,እርሱም እንዲህ አለኝ፦ ‘ጳውሎስ ሆይ፥ አትፍራ፤ በቄሣር ፊት ልትቆም ይገባሃል፤ ከአንተም ጋር የሚሄዱትን ሁሉ እነሆ፥ እግዚአብሔር ለአንተ ሰጥቶሃል።’
f192ced3-1f76-503d-a473-1ee711a5ad47,9ebc4423-c93e-5219-a00b-d4a83696f106,c41470cc-a70d-5fd5-ad51-ad94d3a24c39,5,25,አሁንም ወንድሞች ሆይ፥ ደስ ይበላችሁ፤ እንደ ነገረኝ እንደሚሆን በእግዚአብሔር አምናለሁና።
d47080c2-c055-53a4-acea-82fa4fb089a6,9ebc4423-c93e-5219-a00b-d4a83696f106,c41470cc-a70d-5fd5-ad51-ad94d3a24c39,6,26,ነገር ግን ወደ አንዲት ደሴት እንደርሳለን።”
af897a2f-3b6b-59a7-a3e6-98fab5ac87f6,9ebc4423-c93e-5219-a00b-d4a83696f106,c41470cc-a70d-5fd5-ad51-ad94d3a24c39,7,27,በዐሥራ አራተኛውም ቀን በመንፈቀ ሌሊት በአድርያ ባሕር ስንጓዝ ቀዛፊዎች ወደ የብሱ የደረሱ መሰላቸው።
f56782bc-4e8d-5b3c-a42f-ba08a7999048,9ebc4423-c93e-5219-a00b-d4a83696f106,c41470cc-a70d-5fd5-ad51-ad94d3a24c39,8,28,መለኪያ ገመድ ጣሉ፤ በሰው ቁመትም ሃያ አገኙ፤ ከዚያም ጥቂት ፈቀቅ ብለው ዳግመኛ ጣሉ፤ በሰው ቁመትም ዐሥራ አምስት አገኙ።
aaf01740-250f-584a-a6cc-730d92d15401,9ebc4423-c93e-5219-a00b-d4a83696f106,c41470cc-a70d-5fd5-ad51-ad94d3a24c39,9,29,ድንጋያማ በሆነ ቦታም እንዳይወድቁ ፈሩ፤ ስለዚህም ከመርከቡ በስተኋላ አራት መልሕቅ በባሕሩ ላይ ጣሉ፤ ፈጥኖ እንዲነጋም ጸለዩ።
91e20d4e-55a1-581d-a0d9-82b789bfe372,9ebc4423-c93e-5219-a00b-d4a83696f106,c41470cc-a70d-5fd5-ad51-ad94d3a24c39,10,30,ከዚህ በኋላም ቀዛፊዎቹ ከመርከብ ሊኮበልሉ በወደዱ ጊዜ ወደ ኋላ ሊመለሱ ከምድር ላይ ሆነው መርከባቸውን የሚያጠናክሩ መስለው ጀልባቸውን ወደ ባሕር አወረዱ።
a54529f0-4fe6-5e1d-a519-dfc07ef5bf32,9ebc4423-c93e-5219-a00b-d4a83696f106,c41470cc-a70d-5fd5-ad51-ad94d3a24c39,11,31,ጳውሎስም ይህን ባየ ጊዜ ለመቶ አለቃውና ለወታደሮቹ፥ “እነዚህ ቀዛፊዎች በመርከብ ውስጥ ከሌሉ መዳን አትችሉም” አላቸው።
2f8e03ef-568b-51f4-a82f-15a68b0fd944,9ebc4423-c93e-5219-a00b-d4a83696f106,c41470cc-a70d-5fd5-ad51-ad94d3a24c39,12,32,ወታደሮችም ወዲያውኑ ተነሥተው የታንኳዪቱን ገመድ ቈርጠው ትወድቅ ዘንድ ተዉአት።
b1023604-b337-52d6-aa06-81bca47dcf31,9ebc4423-c93e-5219-a00b-d4a83696f106,c41470cc-a70d-5fd5-ad51-ad94d3a24c39,13,33,ሊነጋም በጀመረ ጊዜ ጳውሎስ እህል እንዲበሉ ሁሉንም ማለዳቸው፤ እንዲህም አላቸው፥ “እህል ከተዋችሁ ዛሬ ዐሥራ አራት ቀን ነው።
3ac88449-b96a-5f07-a02f-a9515002a0be,9ebc4423-c93e-5219-a00b-d4a83696f106,c41470cc-a70d-5fd5-ad51-ad94d3a24c39,14,34,አሁንም እሺ በሉኝና ምግብ ብሉ፤ ራሳችሁንም አድኑ፥ ከእናንተ ከአንዱ የራስ ጠጕር እንኳ አትጠፋምና።”
953ba811-9487-5b32-a584-f585e15e3327,9ebc4423-c93e-5219-a00b-d4a83696f106,c41470cc-a70d-5fd5-ad51-ad94d3a24c39,15,35,ይህንም ተናግሮ ኅብስቱን አንሥቶ በሁሉም ፊት እግዚአብሔርን አመሰገነ፤ ቈርሶም ይበላ ዘንድ ጀመረ።
1adf8cf5-2465-55b0-ade9-e1656d2871ac,9ebc4423-c93e-5219-a00b-d4a83696f106,c41470cc-a70d-5fd5-ad51-ad94d3a24c39,16,36,ሁሉም ተጽናኑ፤ እህልም ቀመሱ።
9ec18e93-c814-5873-ab63-2c7c591ba70d,9ebc4423-c93e-5219-a00b-d4a83696f106,c41470cc-a70d-5fd5-ad51-ad94d3a24c39,17,37,በመርከቡ ውስጥ የነበሩትም ቍጥራቸው ሁለት መቶ ሰባ ስድስት ነፍስ ነበር።
218aec34-dde2-5099-a484-31d7ecfe2d51,9ebc4423-c93e-5219-a00b-d4a83696f106,c41470cc-a70d-5fd5-ad51-ad94d3a24c39,18,38,በልተውም በጠገቡ ጊዜ በመርከቡ ውስጥ የነበረውን ስንዴ ወደ ባሕር ጣሉት፤ መርከቡንም አቃለሉ።
4a652897-2066-5d55-aad4-38e8fbeb73a0,9ebc4423-c93e-5219-a00b-d4a83696f106,c41470cc-a70d-5fd5-ad51-ad94d3a24c39,19,39,በነጋ ጊዜም ቀዛፊዎች ቦታውን አልለዩም፤ የሚሄዱበትንም አላወቁም፤ ነገር ግን ለባሕሩ አቅራቢያ የሆነውን የደሴት ተራሮች አዩ፤ መርከባቸውንም ወደ እዚያ ሊያስጠጉ ፈለጉ።
394a786e-ac3c-5884-a030-59ecd2dfa98d,9ebc4423-c93e-5219-a00b-d4a83696f106,c41470cc-a70d-5fd5-ad51-ad94d3a24c39,20,40,መልሕቁንም ፈትተው በባሕር ላይ ጣሉት፤ የሚያቆሙበትንም አመቻችተው እንደ ነፋሱ አነፋፈስ መጠን ትንሹን ሸራ ሰቀሉ፤ ወደ ባሕሩ ዳርቻም ሄድን።
a08204df-5ccc-5129-a37f-e3451f7c32a3,9ebc4423-c93e-5219-a00b-d4a83696f106,c41470cc-a70d-5fd5-ad51-ad94d3a24c39,21,41,መርከቢቱም በሁለት ታላላቅ ድንጋዮች መካከል ተቀረቀረች፤ ባሕሩም ጥልቅ ነበረ። ከወደፊቷም ተያዘች፤ አልተንቀሳቀሰችምም፤ ከሞገዱም የተነሣ በስተኋላ በኩል ጎንዋን ተሰብራ ተጐረደች፤ ቀዛፊዎችም ወደፊት ሊገፉአት አልቻሉም።
b03e1130-99bb-59fc-a22d-325cbfc303a2,9ebc4423-c93e-5219-a00b-d4a83696f106,c41470cc-a70d-5fd5-ad51-ad94d3a24c39,22,42,ወታደሮቹም ዋኝተው እንዳያመልጡ እስረኞችን ለመግደል ተማከሩ።
a9ba1bb4-0c71-52a4-a970-d1852e920177,9ebc4423-c93e-5219-a00b-d4a83696f106,c41470cc-a70d-5fd5-ad51-ad94d3a24c39,23,43,የመቶ አለቃው ግን ጳውሎስን ሊያድነው ወድዶአልና ምክራቸውን እንቢ አለ፤ ዋና የሚያውቁትንም ዋኝተው ወደ ምድር እንዲወጡ አዘዛቸው።
ecb91d3e-2484-5b75-ae64-572c40ae20d6,9ebc4423-c93e-5219-a00b-d4a83696f106,c41470cc-a70d-5fd5-ad51-ad94d3a24c39,24,44,የቀሩትም በመርከቡ ስብርባሪ ዕንጨትና በሳንቃው ላይ ተሻገሩ፤ ሌሎችም በመርከቡ ገመድ ላይ እየተንጠላጠሉ ተሻገሩ፤ ሁሉም እንዲህ ባለ ሁኔታ በደኅና ወደ ምድር ደረሱ።
45292957-ecad-56f1-a5ec-75230bc205bf,9f937bdc-49d7-579a-a3e8-f39ddeebd909,0177db4a-8129-5141-afcc-3a23235b30af,1,1,ከዚህም በኋላ በደኅና በደረስን ጊዜ ደሴቲቱ መላጥያ እንደምትባል ዐወቅን።
b7d7307f-7de1-5919-a85c-d55c9f78e861,9f937bdc-49d7-579a-a3e8-f39ddeebd909,0177db4a-8129-5141-afcc-3a23235b30af,2,2,በዚያ የሚኖሩት አረማውያንም አዘኑልን፤ መልካም ነገርንም አደረጉልን፤ ከቍሩም ጽናትና ከዝናሙ ብዛት የተነሣ እሳት አንድደው እንድንሞቅ ሁላችንንም ሰበሰቡን።
dcfa3752-b95a-59c7-a2e2-a7dd24a60407,9f937bdc-49d7-579a-a3e8-f39ddeebd909,0177db4a-8129-5141-afcc-3a23235b30af,3,3,ጳውሎስም ብዙ ጭራሮ ሰብስቦ በእሳቱ ላይ ጨመረው፤ እፉኝትም ከእሳቱ ወላፈን የተነሣ ወጥታ ጳውሎስን እጁን ነደፈችው።
c03bd0ff-7101-5a43-acdf-a76ad503fb81,9f937bdc-49d7-579a-a3e8-f39ddeebd909,0177db4a-8129-5141-afcc-3a23235b30af,4,4,አረማውያንም እፉኝቱ በጳውሎስ እጅ ላይ ተንጠልጥላ ባዩ ጊዜ እርስ በርሳቸው፥ “ይህ ሰው ነፍሰ ገዳይ ይመስላል፤ ከባሕር እንኳ በደኅና ቢወጣም በሕይወት ይኖር ዘንድ የእግዚአብሔር ፍርድ አልተወውም” አሉ።
2955d15f-f5e7-59bc-ad97-43081b47299c,9f937bdc-49d7-579a-a3e8-f39ddeebd909,0177db4a-8129-5141-afcc-3a23235b30af,5,5,ጳውሎስ ግን እጁን አራግፎ እፉኝቱን በእሳት ውስጥ ጣላት፤ ጕዳትም አላገኘውም።
a4c92555-5829-55fc-ac3f-990680ea0caf,9f937bdc-49d7-579a-a3e8-f39ddeebd909,0177db4a-8129-5141-afcc-3a23235b30af,6,6,እነርሱ ግን ወዲያውኑ የሚያብጥ ወይም ሞቶ የሚወድቅ መስሎአቸው ነበር። እያዩትም ብዙ ሰዓት ቆሙ፤ አንዳችም እንደ አልጐዳው በአዩ ጊዜም፥ “ይህስ አምላክ ነው” ብለው ቃላቸውን ለወጡ።
e329e045-bb6f-50c0-a518-a7976ad93b06,9f937bdc-49d7-579a-a3e8-f39ddeebd909,0177db4a-8129-5141-afcc-3a23235b30af,7,7,በዚያ ቦታም አጠገብ ስሙን ፑፕልዮስ የሚሉት የደሴቲቱ አለቃ መሬት ነበር፤ እርሱም ሦስት ቀን ሙሉ በደስታ በቤቱ ተቀብሎ አስተናገደን።
83f3fc94-9e5c-58ba-a81e-87ea0d825eeb,9f937bdc-49d7-579a-a3e8-f39ddeebd909,0177db4a-8129-5141-afcc-3a23235b30af,8,8,የፑፕልዮስም አባት በንዳድና በተቅማጥ ታሞ ተኝቶ ይኖር ነበር፤ ጳውሎስም እርሱ ወዳለበት ገብቶ ጸለየለት፤ እጁንም በላዩ ጭኖ ፈወሰው።
b57b06cf-5135-5388-a46f-dbf7ceeff690,9f937bdc-49d7-579a-a3e8-f39ddeebd909,0177db4a-8129-5141-afcc-3a23235b30af,9,9,ያደረገውንም ይህን ተአምር ባዩ ጊዜ በዚያች ደሴት ያሉትን ድውያን ሁሉ አመጡለት፤ ፈወሳቸውም።
b1485a44-489e-5d02-a726-bc4a8956e7f6,9f937bdc-49d7-579a-a3e8-f39ddeebd909,0177db4a-8129-5141-afcc-3a23235b30af,10,10,እጅግ ታላቅ ክብርም አከበሩን፤ ከእነርሱም ዘንድ ለመሄድ በተነሣን ጊዜ የሚያስፈልገንን ስንቅ ሰጡን።
849c053e-0678-5bc2-a4d8-c07b72c2100e,9f937bdc-49d7-579a-a3e8-f39ddeebd909,e7964741-dbaf-50fa-a291-33831f688b9f,1,11,ከሦስት ወር በኋላም በዚያች ደሴት ወደ ከረመችው ወደ እስክንድርያ መርከብ ወጣን፤ በዚያች መርከብ ላይም የዲዮስቆሮስ ምልክት ነበረባት፤ ይኸውም “የመርከበኞች አምላክ” የሚሉት ነው።
e9a7f5cd-513f-573d-a6e3-31dfcccd4cef,9f937bdc-49d7-579a-a3e8-f39ddeebd909,e7964741-dbaf-50fa-a291-33831f688b9f,2,12,ከዚያም ሄደን ወደ ሰራኩስ ደረስን፤ በዚያም ሦስት ቀን ተቀመጥን።
1d7e170c-1035-5363-a443-6e806d65ae78,9f937bdc-49d7-579a-a3e8-f39ddeebd909,e7964741-dbaf-50fa-a291-33831f688b9f,3,13,ከዚያም ሄደን ሬቅዩን ወደምትባል ሀገር ደረስን፤ በማግሥቱም ወጣን፤ ከአንድ ቀንም በኋላ ከጐንዋ ነፋስ በነፈሰ ጊዜ በሁለተኛው ቀን ወደ ፑቲዮሉስ ደረስን።
faa6b041-f2a7-5b48-a497-d737968441ad,9f937bdc-49d7-579a-a3e8-f39ddeebd909,e7964741-dbaf-50fa-a291-33831f688b9f,4,14,በዚያም ወንድሞችን አግኝተን ተቀበሉን፤ በእነርሱ ዘንድም ሰባት ቀን እንድንቀመጥ ለመኑን፤ ከዚያም በኋላ ሄደን ወደ ሮሜ ደረስን።
3c837494-224d-5741-ab1b-9e449d7f9c97,9f937bdc-49d7-579a-a3e8-f39ddeebd909,e7964741-dbaf-50fa-a291-33831f688b9f,5,15,በዚያም ያሉት ወንድሞች ስለ እኛ በሰሙ ጊዜ፤ አፍዩስ ፋሩስ እስከሚባለው ገበያና እስከ ሦስተኛው ማረፊያ ድረስ ወጥተው ተቀበሉን፤ ጳውሎስም ባያቸው ጊዜ እግዚአብሔርን አመሰገነ፤ ልቡም ተጽናና።
b3cd41a4-d708-533d-a1de-d2ea7d237437,9f937bdc-49d7-579a-a3e8-f39ddeebd909,e7964741-dbaf-50fa-a291-33831f688b9f,6,16,ወደ ሮሜም በገባን ጊዜ የመቶ አለቃው እስረኞችን ለሠራዊቱ አለቃ አስረከበ፤ ጳውሎስ ግን ከሚጠብቀው አንድ ወታደር ጋር ለብቻው ይቀመጥ ዘንድ ፈቀደለት።
e05b0bfd-25b9-5c49-a8ad-fed1c22c7759,9f937bdc-49d7-579a-a3e8-f39ddeebd909,45ea31c6-5b88-52f9-a7b5-9bb2b782cf20,1,17,ከሦስት ቀንም በኋላ ጳውሎስ የአይሁድን ታላላቅ ሰዎች ሰበሰባቸው፤ በተሰበሰቡም ጊዜ እንዲህ አላቸው፥ “ወንድሞቻችን ሆይ፥ እኔ በሕዝቡም ላይ ቢሆን፥ በአባቶቻችንም ሕግ ላይ ቢሆን ያደረግሁት ክፉ ነገር የለም፤ ነገር ግን በኢየሩሳሌም እንደ ታሰርሁ ለሮም ሰዎች አሳልፈው ሰጡኝ።
4541cba6-0141-535a-a38e-d280ae307e87,9f937bdc-49d7-579a-a3e8-f39ddeebd909,45ea31c6-5b88-52f9-a7b5-9bb2b782cf20,2,18,እነርሱም መርምረው ለሞት የሚያበቃ በደል ስለአላገኙብኝ ሊፈቱኝ ወደዱ።
1f118d5f-e862-5e51-a703-d4fd9647480c,9f937bdc-49d7-579a-a3e8-f39ddeebd909,45ea31c6-5b88-52f9-a7b5-9bb2b782cf20,3,19,አይሁድ ግን ሊቃወሙኝ በተነሡ ጊዜ ወደ ቄሣር ይግባኝ ለማለት ግድ ሆነብኝ፤ ነገር ግን ወገኖችን የምከስበት ነገር ኖሮኝ አይደለም።
9d8f295d-e038-5559-a101-9fb8ab787c6d,9f937bdc-49d7-579a-a3e8-f39ddeebd909,45ea31c6-5b88-52f9-a7b5-9bb2b782cf20,4,20,ስለዚህም ላያችሁ፥ ልነግራችሁና ላስረዳችሁ ወደ እኔ እንድትመጡ ማለድኋችሁ፤ ስለ እስራኤል ተስፋ በዚህ ሰንሰለት ታስሬአለሁና።”
05977d7b-d55e-5680-a7ab-0af263dda7cd,9f937bdc-49d7-579a-a3e8-f39ddeebd909,45ea31c6-5b88-52f9-a7b5-9bb2b782cf20,5,21,የአይሁድ ታላላቅ ሰዎችም እንዲህ አሉት፥ “ለእኛስ ከይሁዳ ሀገር ስለ አንተ መልእክት አልደረሰንም፤ ከኢየሩሳሌም ከመጡት ወንድሞችም ቢሆን አንድ ስንኳ ከዚህ አስቀድሞ ስለ አንተ ክፉ ነገር ያወራን፥ የነገረንም የለም።
439af312-f987-54f1-aab1-c77475ff7bfd,9f937bdc-49d7-579a-a3e8-f39ddeebd909,45ea31c6-5b88-52f9-a7b5-9bb2b782cf20,6,22,ነገር ግን በዚህ ነገር በየስፍራው ሁሉ እንዲጣሉ በእኛ ዘንድ ታውቋልና የአንተን ዐሳብ ደግሞ ከአንተ እንሰማ ዘንድ እንወድዳለን።”
7272a7f9-17f8-5eb6-a2a6-b82fbc4c2176,9f937bdc-49d7-579a-a3e8-f39ddeebd909,45ea31c6-5b88-52f9-a7b5-9bb2b782cf20,7,23,ከዚህም በኋላ ወደ እርሱ የሚመጡበትን ቀን ቀጠሩትና ብዙዎች ወዳረፈበት ወደ እርሱ መጡ፤ ከጥዋትም ጀምሮ እስከ ማታ ድረስ ስለ እግዚአብሔር መንግሥት እየመሰከረ ስለ ጌታችን ስለ ኢየሱስም ከሙሴ ኦሪትና ከነቢያት እየጠቀሰ ነገራቸው።
43ef8248-ea22-5bd0-a667-582f65bde915,9f937bdc-49d7-579a-a3e8-f39ddeebd909,45ea31c6-5b88-52f9-a7b5-9bb2b782cf20,8,24,ከእነርሱም እኩሌቶቹ የተናገረውን አመኑ፤ እኩሌቶቹ ግን አልተቀበሉትም።
3934c6f2-867e-5199-ac69-10553e99668a,9f937bdc-49d7-579a-a3e8-f39ddeebd909,45ea31c6-5b88-52f9-a7b5-9bb2b782cf20,9,25,እርስ በርሳቸውም ባልተስማሙ ጊዜ ጳውሎስ አንዲት ቃል ከተናገረ በኋላ ከእርሱ ተመለሱ፤ እንዲህም አላቸው፥ “መንፈስ ቅዱስ በነቢዩ በኢሳይያስ አንደበት ለአባቶቻችን በእውነት እንዲህ ብሎ መልካም ነገር ተናግሮአል።
74a81466-a4bb-5230-a785-df2ad3e3a708,9f937bdc-49d7-579a-a3e8-f39ddeebd909,45ea31c6-5b88-52f9-a7b5-9bb2b782cf20,10,26,‘ወደዚህ ሕዝብ ሂድና እንዲህ በላቸው፦ መስማትን ትሰማላችሁ፤ ግን አታስተውሉም፤ ማየትንም ታያላችሁ፤ ግን አትመለከቱም።
ff649ed5-cc07-568f-ae80-1a7b5eab5724,9f937bdc-49d7-579a-a3e8-f39ddeebd909,45ea31c6-5b88-52f9-a7b5-9bb2b782cf20,11,27,በዐይናቸው እንዳያዩ፥ በጆሮአቸውም እንዳይሰሙ፥ በልባቸውም እንዳያስተውሉ፥ ወደ እኔም እንዳይመለሱና ይቅር እንዳልላቸው የዚህ ሕዝብ ልባቸው ደንድኖአልና፥ ጆሮአቸውም ደንቁሮአልና፥ ዐይናቸውንም ጨፍነዋልና’።
89cbf94a-3a00-5f24-a9f8-6a63394797f4,9f937bdc-49d7-579a-a3e8-f39ddeebd909,45ea31c6-5b88-52f9-a7b5-9bb2b782cf20,12,28,እንግዲህ ከእግዚአብሔር የተገኘች ይህቺ ድኅነት ለአሕዛብ እንደምትሆን ዕወቁ፤ እነርሱም ይሰሙታል።”
1f7047c8-ac61-5316-a65a-c232911034d3,9f937bdc-49d7-579a-a3e8-f39ddeebd909,45ea31c6-5b88-52f9-a7b5-9bb2b782cf20,13,29,ይህንም በተናገራቸው ጊዜ አይሁድ እርስ በርሳቸው እጅግ እየተከራከሩ ወጥተው ሄዱ።
6acdccca-79d1-59a3-aac5-c0c07f319e73,9f937bdc-49d7-579a-a3e8-f39ddeebd909,45ea31c6-5b88-52f9-a7b5-9bb2b782cf20,14,30,ጳውሎስም በገንዘቡ በተከራየው ቤት ሁለት ዓመት ተቀመጠ፤ ወደ እርሱ የሚመጣውንም ሁሉ ይቀበል ነበር።
8596f513-e3ee-5d24-ad2a-e9fed784eba6,9f937bdc-49d7-579a-a3e8-f39ddeebd909,45ea31c6-5b88-52f9-a7b5-9bb2b782cf20,15,31,ማንም ሳይከለክለው የእግዚአብሔርን መንግሥት ይሰብክ ነበር፤ ስለ ጌታችን ስለ ኢየሱስ ክርስቶስም እጅግ ገልጦ ያስተምር ነበር።
060ca67f-1968-59ba-a947-bb45e7f97bc5,9f937bdc-49d7-579a-a3e8-f39ddeebd909,45ea31c6-5b88-52f9-a7b5-9bb2b782cf20,16,32,ጳውሎስም በመጀመሪያ ጊዜ ወደ ኔሮን ቄሣር ገብቶ ነበርና ረትቶ በሰላም ሄደ፤ ከዚህም በኋላ ሁለት ዓመት ኖሮ ከሮም ወጣ።
0e3fe55c-c010-5406-aa18-5d2617ea26a5,9f937bdc-49d7-579a-a3e8-f39ddeebd909,45ea31c6-5b88-52f9-a7b5-9bb2b782cf20,17,33,ከዚህም በኋላ ወደ ሮም ተመልሶ የኔሮን ቄሣር ዘመዶችን አጠመቀ፤ በኔሮን ትእዛዝም በሰይፍ ተመትቶ መከራውንም ታግሦ ሰማዕት ሆነ።
f8e09bda-e61f-54b1-ae01-de68fd64b1d8,bf58f51b-b163-5749-aea8-3f3c94ff9510,ea7b56d4-73e2-57c1-a896-b17b321c35c0,1,1,የእግዚአብሔርን ወንጌል ለማስተማር ተለይቶ ከተጠራ ሐዋርያ፥ የጌታችን የኢየሱስ ክርስቶስ አገልጋይ ከሚሆን ከጳውሎስ፥
49b43ac0-3910-518b-a8b1-904dcf14eabc,bf58f51b-b163-5749-aea8-3f3c94ff9510,ea7b56d4-73e2-57c1-a896-b17b321c35c0,2,2,በነቢያቱ ቃልና በቅዱሳት መጻሕፍት አስቀድሞ በተስፋ ያናገረው፥
5e4941f9-0250-5528-a7c1-3964aa85931a,bf58f51b-b163-5749-aea8-3f3c94ff9510,ea7b56d4-73e2-57c1-a896-b17b321c35c0,3,3,ከዳዊት ዘር ሰው ሆኖ በሥጋ ስለ ተወለደ ስለ ልጁ፥
ab2b4ea2-8c4e-51fc-ad08-d70b21bc15a5,bf58f51b-b163-5749-aea8-3f3c94ff9510,ea7b56d4-73e2-57c1-a896-b17b321c35c0,4,4,የእግዚአብሔር ልጅ እንደ ሆነ በኀይሉና በመንፈስ ቅዱስ፥ ከሙታንም ተለይቶ በመነሣቱ ስለ አሳየ ስለ ጌታችን ኢየሱስ ክርስቶስ፥
6b5c08ff-c52c-517c-ac16-f1a49c595b05,bf58f51b-b163-5749-aea8-3f3c94ff9510,ea7b56d4-73e2-57c1-a896-b17b321c35c0,5,5,በስሙ እንዲያምኑ አሕዛብን ልናስተምር ሐዋርያት ተብለን የተሾምንበትና ጸጋን ያገኘንበት፥
b211ca91-5828-5980-ae73-660473fed1bd,bf58f51b-b163-5749-aea8-3f3c94ff9510,ea7b56d4-73e2-57c1-a896-b17b321c35c0,6,6,እናንተም ዛሬ በኢየሱስ ክርስቶስ ለማመን እንደ ተጠራችሁ።
cc15c68e-a593-5b74-a931-25d7d371787d,bf58f51b-b163-5749-aea8-3f3c94ff9510,ea7b56d4-73e2-57c1-a896-b17b321c35c0,7,7,በሮሜ ላላችሁ፥ እግዚአብሔር ለሚወዳችሁ፥ ለመረጣችሁና ላከበራችሁ ሁሉ፥ ከአባታችን ከእግዚአብሔር፥ ከጌታችን ከኢየሱስ ክርስቶስም ሰላምና ጸጋ ለእናንተ ይሁን።
8b6246c2-88f0-5d19-a035-755f6221b04c,bf58f51b-b163-5749-aea8-3f3c94ff9510,ea7b56d4-73e2-57c1-a896-b17b321c35c0,8,8,አስቀድሜ ስለ ሁላችሁ በኢየሱስ ክርስቶስ እግዚአብሔርን አመሰግነዋለሁ፤ ማመናችሁ በዓለም ሁሉ ተሰምታለችና።
d4eb5ea6-8332-5c08-a67b-09fd3b07bbbd,bf58f51b-b163-5749-aea8-3f3c94ff9510,ea7b56d4-73e2-57c1-a896-b17b321c35c0,9,9,ባለማቋረጥ በምጸልየው ጸሎት እንደማስባችሁ ልጁ በአስተማረው ወንጌል በፍጹም ልቡናዬ የማመልከው እግዚአብሔር ምስክሬ ነው።
e2287c1f-bbe4-5193-ae49-0d9a36c26109,bf58f51b-b163-5749-aea8-3f3c94ff9510,ea7b56d4-73e2-57c1-a896-b17b321c35c0,10,10,ወደ እናንተ እመጣ ዘንድም እግዚአብሔር በፈቃዱ መንገዴን ያቃናልኝ ዘንድ ዘወትር እጸልያለሁ።
0964352a-b85a-5545-aeaf-319374f0e75d,bf58f51b-b163-5749-aea8-3f3c94ff9510,ea7b56d4-73e2-57c1-a896-b17b321c35c0,11,11,ትጸኑ ዘንድ የመንፈስ ቅዱስን ስጦታ እንድታገኙ ላያችሁ እወዳለሁና፤
3a2b91be-2c9c-53f9-a22b-dee5518e0ca6,bf58f51b-b163-5749-aea8-3f3c94ff9510,ea7b56d4-73e2-57c1-a896-b17b321c35c0,12,12,ይህንም ማለቴ በመካከላችን ባለች በእናንተና በእኔ እምነት አብረን በእናንተ እንድንጽናና ነው።
e387aefc-b0ef-51b0-ae2c-a4c21c75d2ca,bf58f51b-b163-5749-aea8-3f3c94ff9510,ea7b56d4-73e2-57c1-a896-b17b321c35c0,13,13,ነገር ግን ወንድሞቻችን ሆይ፥ በሌሎች አሕዛብ እንደ ሆነ በእናንተም ዋጋዬን አገኝ ዘንድ ሁልጊዜ ወደ እናንተ ልመጣ እንደ ወደድሁ፥ እስከ ዛሬ ድረስም እንደ ተሳነኝ ልታውቁ እወድዳለሁ።
8098c719-783b-53f3-a5dd-cf5cd069158c,bf58f51b-b163-5749-aea8-3f3c94ff9510,ea7b56d4-73e2-57c1-a896-b17b321c35c0,14,14,ለአረማውያንና ላልተማሩ፥ ለጥበበኞችና ለማያስተውሉም ሁሉ አስተምር ዘንድ ዕዳ አለብኝ።
c3734683-55e1-5138-a487-78e92f21d394,bf58f51b-b163-5749-aea8-3f3c94ff9510,ea7b56d4-73e2-57c1-a896-b17b321c35c0,15,15,ይልቁንም በሮሜ ላላችሁ ለእናንተ ወንጌልን ላስተምራችሁ እተጋለሁ።
0abc930c-af74-5fc7-aac6-5d10fd5f39b5,bf58f51b-b163-5749-aea8-3f3c94ff9510,ea7b56d4-73e2-57c1-a896-b17b321c35c0,16,16,ወንጌልን ለማስተማር አላፍርምና፤ አስቀድሞ አይሁዳዊን፥ ደግሞም አረማዊን፥ የሚያምኑበትን ሁሉ የሚያድናቸው የእግዚአብሔር ኀይሉ ነውና።
b88ab958-99e2-54da-a8ff-2c3d28ae8025,bf58f51b-b163-5749-aea8-3f3c94ff9510,ea7b56d4-73e2-57c1-a896-b17b321c35c0,17,17,“ጻድቅ በእምነት ይኖራል” ብሎ መጽሐፍ እንደ ተናገረ የእግዚአብሔር ጽድቅ ከእምነት ወደ እምነት በእርሱ ይገለጣልና።
703114b4-0090-51d0-a6dd-d592c48a91c7,bf58f51b-b163-5749-aea8-3f3c94ff9510,75fdfde7-e37b-5ed2-a5a4-6903f7e02d1c,1,18,እውነትን ዐውቀው በክፋታቸው በሚለውጡአት በዐመፀናውና በኀጢአተናው ሰው ሁሉ ላይ የእግዚአብሔር መቅሠፍት ከሰማይ ይመጣል።
5cf6dbb0-07a5-5dc7-a01c-a4acdab141a0,bf58f51b-b163-5749-aea8-3f3c94ff9510,75fdfde7-e37b-5ed2-a5a4-6903f7e02d1c,2,19,እግዚአብሔር ስለ ገለጠላቸው እግዚአብሔርን ማወቅ በእነርሱ ዘንድ ግልጥ ነውና።
735ab8f5-3eee-5692-a347-8ecca2cfe63d,bf58f51b-b163-5749-aea8-3f3c94ff9510,75fdfde7-e37b-5ed2-a5a4-6903f7e02d1c,3,20,የማይታየው የእግዚአብሔር ባሕርይ እርሱም የዘለዓለም ኀይሉና ጌትነቱ ከዓለም ፍጥረት ጀምሮ የፈጠረውን ፍጥረት በማሰብና በመመርመር ይታወቃል፤ መልስ የሚሰጡበትን ምክንያት እንዳያገኙ።
b498d256-2773-553c-a1a1-e9418d17c0fd,bf58f51b-b163-5749-aea8-3f3c94ff9510,75fdfde7-e37b-5ed2-a5a4-6903f7e02d1c,4,21,እግዚአብሔርን ሲያውቁት እንደ እግዚአብሔርነቱ አላከበሩትም፤ አላመሰገኑትምም፤ ነገር ግን ካዱት፤ በአሳባቸውም ረከሱ፤ ልቡናቸውም ባለማወቅ ጨለመ።
a23c2f04-436f-52c6-a3c7-0f6152878fd1,bf58f51b-b163-5749-aea8-3f3c94ff9510,75fdfde7-e37b-5ed2-a5a4-6903f7e02d1c,5,22,ጥበበኞች ነን ሲሉ አላዋቆች ሆኑ።
12f68a7f-60c0-5377-afe5-d11c5702afd6,bf58f51b-b163-5749-aea8-3f3c94ff9510,75fdfde7-e37b-5ed2-a5a4-6903f7e02d1c,6,23,የማይሞተውን የእግዚአብሔርን ክብር በሚሞት ሰውና በዎፎች፥ አራት እግር ባላቸውም፥ በሚንቀሳቀሱትም መልክ መስለው ለወጡ።
7ed3fe4b-8463-5619-a3b4-e120dbee122b,bf58f51b-b163-5749-aea8-3f3c94ff9510,75fdfde7-e37b-5ed2-a5a4-6903f7e02d1c,7,24,ስለዚህም እግዚአብሔር እርስ በርሳቸው ሥጋቸውን ሊያዋርዱ በልባቸው ፍትወት ወደ ርኵሰት አሳልፎ ተዋቸው።
c61a27e9-bc89-5cbb-a6bd-d36f5bc3823c,bf58f51b-b163-5749-aea8-3f3c94ff9510,75fdfde7-e37b-5ed2-a5a4-6903f7e02d1c,8,25,የእግዚአብሔርን እውነት ሐሰት አድርገዋታልና፤ ተዋርደውም ፍጥረቱን አምልከዋልና፤ ሁሉን የፈጠረውን ግን ተዉት፤ እርሱም ለዘለዓለም ቡሩክ አምላክ ነው፤ አሜን።
c9e3c76a-a253-5a7f-a7f6-cd78d268d613,bf58f51b-b163-5749-aea8-3f3c94ff9510,75fdfde7-e37b-5ed2-a5a4-6903f7e02d1c,9,26,ስለዚህም እግዚአብሔር ክፉ መቅሠፍትን አመጣባቸው፤ ሴቶቻቸውም ለባሕርያቸው የሚገባውን ትተው ለባሕርያቸው የማይገባውን ሠሩ።
c43461b6-7425-508d-acec-a3255ee697f9,bf58f51b-b163-5749-aea8-3f3c94ff9510,75fdfde7-e37b-5ed2-a5a4-6903f7e02d1c,10,27,ወንዶችም እንዲሁ ለባሕርያቸው የሚገባውን ሴቶችን ትተው በፍትወት ተቃጠሉ፤ እርስ በርሳቸውም እየተመላለሱ፥ ወንዶች በወንዶች ላይ የሚያዋርዳቸውን ነውር ሠሩ፤ ነገር ግን ፍዳቸውን ያገናሉ፤ ፍዳቸውም በራሳቸው ይመለሳል።
39186118-0c46-5acd-aefd-cea24f756f56,bf58f51b-b163-5749-aea8-3f3c94ff9510,75fdfde7-e37b-5ed2-a5a4-6903f7e02d1c,11,28,እግዚአብሔርን ለማወቅ ባልወደዱ መጠን እንዲሁ እግዚአብሔር ይህን የማይገባውን ይሠሩ ዘንድ ሰነፍ አእምሮን ሰጣቸው።
ee2e4b75-3c36-5ff5-a620-87b2dbcc8956,bf58f51b-b163-5749-aea8-3f3c94ff9510,75fdfde7-e37b-5ed2-a5a4-6903f7e02d1c,12,29,እነርሱም ዐመፅን ሁሉ፥ ክፋትንም፥ ምኞትንም፥ ቅሚያንም፥ ቅናትንም የተመሉ ናቸው፤ ምቀኞች፥ ነፍሰ ገዳዮች፥ ከዳተኞች፥ ተንኰለኞች፥ ኩሩዎች፥ ጠባያቸውንና ግብራቸውንም ያከፉ ናቸው።
e8151367-197e-5f1b-abfe-dd999d34c70e,bf58f51b-b163-5749-aea8-3f3c94ff9510,75fdfde7-e37b-5ed2-a5a4-6903f7e02d1c,13,30,ሐሜተኞች፥ እግዚአብሔርን የሚጠሉ፥ ተሳዳቢዎች፥ ትዕቢተኞች፥ ትምክሕተኞች፥ ክፋትን የሚፈላለጉ፥ ለወላጆቻቸውም የማይታዘዙ ናቸው።
189f9adb-fadd-58a1-afd0-60956b3ce6f4,bf58f51b-b163-5749-aea8-3f3c94ff9510,75fdfde7-e37b-5ed2-a5a4-6903f7e02d1c,14,31,የማያስተውሉ፥ ዝንጉዎች፥ ፍቅርም፥ ምሕረትም የሌላቸው ናቸው።
4195615a-5fd5-5d80-a1cf-e52ad3c6d7ff,bf58f51b-b163-5749-aea8-3f3c94ff9510,75fdfde7-e37b-5ed2-a5a4-6903f7e02d1c,15,32,ይህን እንዲህ ላደረገ ሞት እንደሚገባው እነርሱ ራሳቸው የእግዚአብሔርን ፍርድ እያወቁ፥ እነርሱ ብቻ የሚያደርጉት አይደለም፤ ነገር ግን ሌላውን ያነሣሡታል፤ ያሠሩታልም።
d62b14d5-60cb-544e-a627-1a1ad49ecf19,71144602-d487-5c11-af86-a458d6e21f0b,7ebe3016-32cc-59e2-acd2-4a4c4b68dc6d,1,1,አንተ ሰው ሆይ፥ እውነት ለሚፈርደው ለእግዚአብሔር ምን ትመልስለታለህ? በወንድምህ ላይ የምትጠላውን ያን ሥራ አንተ ራስህ ከሠራኸው በራስህ የምትፈርድ አይደለምን? አንተ ራስህ ያን ሥራ ትሠራዋለህና።
88a45518-97d6-581b-a330-c02e6f2abc8a,71144602-d487-5c11-af86-a458d6e21f0b,7ebe3016-32cc-59e2-acd2-4a4c4b68dc6d,2,2,ይህም እንደዚህ በሚያደርጉ ሰዎች ላይ ቅጣት የሚያመጣ የእግዚአብሔር ፍርዱ እውነት እንደ ሆነ እናውቃለን።
65092581-aaa4-554b-a7f6-73e606d156c1,71144602-d487-5c11-af86-a458d6e21f0b,7ebe3016-32cc-59e2-acd2-4a4c4b68dc6d,3,3,አንተ ሰው ሆይ፥ በሌላ ላይ አይተህ የምትጠላውንና የምትነቅፈውን ያን አንተ ራስህ የምትሠራው ከሆነ፥ ከእግዚአብሔር ፍርድ እንደምታመልጥ ታስባለህን?
62d6e580-400f-5274-a486-0319e5d1366b,71144602-d487-5c11-af86-a458d6e21f0b,7ebe3016-32cc-59e2-acd2-4a4c4b68dc6d,4,4,ወይስ በቸርነቱ ብዛት በመታገሡ፥ ለአንተም እሺ በማለቱ እግዚአብሔርን አላዋቂ ልታደርገው ታስባለህን? የእግዚአብሔርስ ቸርነቱ አንተን ወደ ንስሓ እንዲመልስህ አታውቅምን?
10c025df-24d6-576c-a960-e5055f6f26de,71144602-d487-5c11-af86-a458d6e21f0b,7ebe3016-32cc-59e2-acd2-4a4c4b68dc6d,5,5,ነገር ግን ልቡናህን እንደ ማጽናትህ፥ ንስሓም እንደ አለመግባትህ መጠን የእግዚአብሔር እውነተና ፍርድ በሚገለጥበት ቀን መቅሠፍትን ለራስህ ታከማቻለህ።
cff8a4f7-2764-5e84-a4e9-8a076aa774ce,71144602-d487-5c11-af86-a458d6e21f0b,7ebe3016-32cc-59e2-acd2-4a4c4b68dc6d,6,6,እርሱ በእውነተና ፍርዱ ለሁሉ እንደ ሥራው ይከፍለዋልና።
64051fc6-5daa-51fc-a55c-02372f298fe8,71144602-d487-5c11-af86-a458d6e21f0b,7ebe3016-32cc-59e2-acd2-4a4c4b68dc6d,7,7,በበጎ ምግባር ጸንተው ለሚታገሡ፥ ምስጋናና ክብርን፥ የማይጠፋ ሕይወትንም ለሚሹ እርሱ የዘለዓለም ሕይወትን ይሰጣቸዋል።
7b3c9c85-c535-58b2-a550-a40bb766ec51,71144602-d487-5c11-af86-a458d6e21f0b,7ebe3016-32cc-59e2-acd2-4a4c4b68dc6d,8,8,ለሚክዱና እውነትን ለሚለውጡ፥ ዐመፅንም ለሚወድዱ ሰዎች ዋጋቸው ቍጣና መቅሠፍት ነው።
c4d82749-3654-546a-aebe-8a15557f05aa,71144602-d487-5c11-af86-a458d6e21f0b,7ebe3016-32cc-59e2-acd2-4a4c4b68dc6d,9,9,መከራና ጭንቀት አስቀድሞ በአይሁዳዊ፥ ደግሞም በአረማዊ፥ ሥራዉ ክፉ በሆነ ሰው ሁሉ ላይ ነው።
291cb002-ab7d-5840-a71e-f87cff96921b,71144602-d487-5c11-af86-a458d6e21f0b,7ebe3016-32cc-59e2-acd2-4a4c4b68dc6d,10,10,ምስጋናና ክብር፥ ሰላምም አስቀድሞ ለአይሁዳዊ፥ ደግሞም ለአረማዊ፥ ሥራዉ መልካም ለሆነ ሁሉ ነው።
54bd1840-e7f9-5254-a618-76b09161a16f,71144602-d487-5c11-af86-a458d6e21f0b,7ebe3016-32cc-59e2-acd2-4a4c4b68dc6d,11,11,እግዚአብሔር ለሰው ፊት አያዳላምና።
b685228c-882c-54a8-a525-4951a65072b2,71144602-d487-5c11-af86-a458d6e21f0b,7ebe3016-32cc-59e2-acd2-4a4c4b68dc6d,12,12,ከሕግ ወጥተው የበደሉ በሕግ ይፈረድባቸዋል፤ ያለ ሕግ የበደሉ ሁሉም ያለ ሕግ ይፈረድባቸዋል።
b95c830d-2bf1-5955-a9e1-ee3bc44cb0cb,71144602-d487-5c11-af86-a458d6e21f0b,7ebe3016-32cc-59e2-acd2-4a4c4b68dc6d,13,13,በእግዚአብሔር ፊት ሕግን የሚያደርጉ ይጸድቃሉ እንጂ ሕግን የሚሰሙ አይጸድቁምና።
4bb1b8d7-df84-5603-ac92-f921708b8539,71144602-d487-5c11-af86-a458d6e21f0b,7ebe3016-32cc-59e2-acd2-4a4c4b68dc6d,14,14,ሕግ የሌላቸው አሕዛብስ እንኳ ለራሳቸው ሕግ ይሠራሉ፤ ራሳቸው ለራሳቸው ሕግን ይደነግጋሉ፤ በሕጋቸው የታዘዘውንም ያደርጋሉ።
b59e3ba4-6544-5701-a01d-261c2138b798,71144602-d487-5c11-af86-a458d6e21f0b,7ebe3016-32cc-59e2-acd2-4a4c4b68dc6d,15,15,በልባቸው የተጻፈውን የሕግ ሥራ ያሳያሉ፤ ከሥራቸውም የተነሣ ይታወቃል፤ ሕሊናቸውም ይመሰክርባቸዋል፤ ይፈርድባቸዋልም።
c57e76f8-54e5-5ac1-a1ea-3410b66f354a,71144602-d487-5c11-af86-a458d6e21f0b,7ebe3016-32cc-59e2-acd2-4a4c4b68dc6d,16,16,ይህም እግዚአብሔር በኢየሱስ ክርስቶስ እኔ በወንጌል እንዳስተማርሁ ሰዎችን በልቡናቸው የሰወሩትንና የሸሸጉትን በሚመረምርበት ጊዜ የሚናገሩትና የሚመልሱት እንደሌለ ስለሚያውቁ ነው።
f458ec63-1094-5eb5-a964-46bc4a0854cf,71144602-d487-5c11-af86-a458d6e21f0b,134e179c-80ca-5508-a5b4-7d99541161a6,1,17,አንተ አይሁዳዊ፥ በኦሪትህ የምታርፍ፥ በእግዚአብሔርም የምትመካ ከሆንህ፥
c23cecb7-f588-5436-a154-d74ffdceeae7,71144602-d487-5c11-af86-a458d6e21f0b,134e179c-80ca-5508-a5b4-7d99541161a6,2,18,ፈቃዱን የምታውቅ፥ መልካሙንም የምትለይ፥ ኦሪትንም የተማርህ ከሆንህ፥
65c7e85c-f8d2-5a0b-aff7-d38e65c717a2,71144602-d487-5c11-af86-a458d6e21f0b,134e179c-80ca-5508-a5b4-7d99541161a6,3,19,አንተ የዕውሮች መሪ፥ በጨለማም ላሉት ብርሃን እንደ ሆንህ በራስህ የምትታመን ከሆንህ፥
d7929091-a32c-57a9-a8d3-80133b021b6e,71144602-d487-5c11-af86-a458d6e21f0b,134e179c-80ca-5508-a5b4-7d99541161a6,4,20,ሰነፎችን ልባሞች የምታደርግ፥ ሕፃናትን የምታስተምር፥ ጻድቅና የምትከብርበትን የኦሪትን ሕግ የምታውቅ የምትመስል፥
fd2d8abe-179a-5c11-a57a-db8bd5c37d46,71144602-d487-5c11-af86-a458d6e21f0b,134e179c-80ca-5508-a5b4-7d99541161a6,5,21,እንግዲህ ሌላውን የምታስተምር ራስህን እንዴት አታስተምርም? አትስረቁ ትላለህ፤ ነገር ግን አንተ ራስህ ትሰርቃለህ።
da6ce402-8745-56d9-acdc-b842b013ce89,71144602-d487-5c11-af86-a458d6e21f0b,134e179c-80ca-5508-a5b4-7d99541161a6,6,22,አታመንዝሩ ትላለህ፤ ነገር ግን አንተ ራስህ ታመነዝራለህ፤ ወደ ጐልማሳ ሚስትም ትሄዳለህ፤ ጣዖትን ትጸየፋለህ፤ አንተ ግን ቤተ መቅደስን ትዘርፋለህ።
75254d5d-6748-5c48-ae5f-6d2de11dce05,71144602-d487-5c11-af86-a458d6e21f0b,134e179c-80ca-5508-a5b4-7d99541161a6,7,23,በኦሪት ትመካለህ፤ ነገር ግን አንተ ራስህ ኦሪትን በመሻር እግዚአብሔርን ታቃልለዋለህ።
dcd34133-eb13-539c-a031-4591f4a08550,71144602-d487-5c11-af86-a458d6e21f0b,134e179c-80ca-5508-a5b4-7d99541161a6,8,24,እንደ ተጻፈም “እነሆ፥ በእናንተ ምክንያት አሕዛብ የእግዚአብሔርን ስም ይሰድባሉ።”
1d23fd7a-c5c9-5751-a83b-bdfbb9a3ccb1,71144602-d487-5c11-af86-a458d6e21f0b,644e56a6-94c7-596d-af38-bd1036ffb1f0,1,25,ኦሪትንም ብትፈጽም ግዝረት ትጠቅምሃለች፤ ኦሪትን ባትፈጽም ግን ግዝረትህ አለመገዘር ትሆንብሃለች።
488d086c-ce89-5be2-a4bb-cc9aed115189,71144602-d487-5c11-af86-a458d6e21f0b,644e56a6-94c7-596d-af38-bd1036ffb1f0,2,26,አንተ ሳትገዘር ብትኖር፥ ኦሪትንም ብትጠብቅ አለመገዘርህ መገዘር ትሆንልሃለች።
1073a34d-c657-51e8-a758-dfcd07788c75,71144602-d487-5c11-af86-a458d6e21f0b,644e56a6-94c7-596d-af38-bd1036ffb1f0,3,27,ተገዝረህ ኦሪትን ከምታፈርስ በተፈጥሮ ያገኘሃት አለመገዘርህ አብራህ ብትኖር ይሻልሃል፤ ኦሪትን ከምታፈርስ ከአንተ ከተገዘርኸው ያ ያልተገዘረው፥ ኦሪትን የሚፈጽመው ይሻላል።
0ed3e9de-ebcf-5c92-a804-725243f0544a,71144602-d487-5c11-af86-a458d6e21f0b,644e56a6-94c7-596d-af38-bd1036ffb1f0,4,28,በውኑ ለሰው ይምሰል አይሁዳዊ መሆን ይገባልን? ለሰው ፊትስ ተብሎ ይገዘሩአልን?
f3470af0-027f-51df-a3cd-1d44f8ccd664,71144602-d487-5c11-af86-a458d6e21f0b,644e56a6-94c7-596d-af38-bd1036ffb1f0,5,29,ዳሩ ግን አይሁዳዊነት በስውር ነው፤ መገዘርም በመንፈስ የልብ መገዘር እንጂ በኦሪት ሥርዐት አይደለም፤ ምስጋናውም ከእግዚአብሔር ነው እንጂ ከሰው አይደለም።
07e4ebcb-f21b-543a-a158-2ee592f9de31,ecdfaf3a-d5d0-5559-ad8a-76f856bf3363,adeec868-937e-5292-a9a8-874845c85e3f,1,1,እንግዲህ አይሁዳዊ የመባል ትርፉ ምንድን ነው? የግዝረትስ ጥቅምዋ ምንድን ነው?
6577609b-6ff3-5945-ab70-9f002882f303,ecdfaf3a-d5d0-5559-ad8a-76f856bf3363,adeec868-937e-5292-a9a8-874845c85e3f,2,2,በሁሉ ነገር ብዙ ነው፤ ነገር ግን ከዚያ አስቀድሞ የእግዚአብሔር ቃል አደራ ተሰጣቸው።
5b8f1b74-4cdf-5695-a090-da003709c859,ecdfaf3a-d5d0-5559-ad8a-76f856bf3363,adeec868-937e-5292-a9a8-874845c85e3f,3,3,የማያምኑ ቢኖሩስ የእነርሱ አለማመን ሌላውን በእግዚአብሔር እንዳያምን ይከለክላልን? አይከለክልም።
38332575-5961-53b8-a382-0468f690c11c,ecdfaf3a-d5d0-5559-ad8a-76f856bf3363,adeec868-937e-5292-a9a8-874845c85e3f,4,4,መጽሐፍ፥ “በነገርህ ትጸድቅ ዘንድ፥ በፍርድህም ታሸንፍ ዘንድ” ብሎ እንደ ተናገረ እግዚአብሔር እውነተና ነውና፥ ሰውም ሁሉ ሐሰተና ነውና።
c6c42a11-7374-55c9-a203-a778abb3da76,ecdfaf3a-d5d0-5559-ad8a-76f856bf3363,adeec868-937e-5292-a9a8-874845c85e3f,5,5,በእኔ ኀጢአት የእግዚአብሔር ጽድቅ ከጸና እንግዲህ ምን እንላለን? እግዚአብሔር በሰው ላይ ቅጣትን ቢያመጣ ይበድላልን? አይበድልም፤ የምናገረውንም በሰው ልማድ እናገራለሁ።
a591a987-f531-5adc-a939-2cdca91aa276,ecdfaf3a-d5d0-5559-ad8a-76f856bf3363,adeec868-937e-5292-a9a8-874845c85e3f,6,6,እንዲህማ ከሆነ እግዚአብሔር በዓለም እንደምን ይፈርዳል?
36aeac8e-7374-53af-abe5-363407a13359,ecdfaf3a-d5d0-5559-ad8a-76f856bf3363,adeec868-937e-5292-a9a8-874845c85e3f,7,7,የእግዚአብሔር እውነት በእኔ ሐሰተናነት ለክብሩ ከፍ ከአለ እንግዲህ እኔን እንደ ኀጢአተና ለምን ይፈርድብናል?
7c39e347-36b4-5a1a-aa8e-70096995f519,ecdfaf3a-d5d0-5559-ad8a-76f856bf3363,adeec868-937e-5292-a9a8-874845c85e3f,8,8,በውኑ እና መልካም ነገር እናገኝ ዘንድ ክፉ ነገር እናድርግ እንደምንል አስመስለው የሚጠረጥሩንና የሚነቅፉን ሰዎች እንደሚሰድቡን ነን? ለእነርሱስ ቅጣታቸው ተዘጋጅቶላቸዋል።
ed57d4b7-08cc-592d-a390-56debfc9ef83,ecdfaf3a-d5d0-5559-ad8a-76f856bf3363,adeec868-937e-5292-a9a8-874845c85e3f,9,9,እንግዲህ ምን እንላለን? ከእነርሱ እንበልጣለን? አይደለም፤ አይሁዳዊንም፥ አረማዊንም እነሆ፥ አስቀድመን ነቅፈናቸዋል፤ ሁሉም ስተዋልና።
f4c2b3f0-e35f-51bc-aea7-f116cb9c57ef,ecdfaf3a-d5d0-5559-ad8a-76f856bf3363,adeec868-937e-5292-a9a8-874845c85e3f,10,10,መጽሐፍ እንዲህ እንዳለ “አንድ ስንኳ ጻድቅ የለም።
b6092edb-7522-5ded-a2d5-44db088581ca,ecdfaf3a-d5d0-5559-ad8a-76f856bf3363,adeec868-937e-5292-a9a8-874845c85e3f,11,11,አስተዋይም የለም፤ እግዚአብሔርንም የሚሻው የለም።
0c44aed6-de6e-52fc-ac48-fb0a9cc1fa5b,ecdfaf3a-d5d0-5559-ad8a-76f856bf3363,adeec868-937e-5292-a9a8-874845c85e3f,12,12,ሁሉም ተባብሮ በደለ፤ በጎ ሥራንም የሚሠራ የለም፤ አንድ ስንኳ ቢሆን የለም።
8a68434d-5424-5f37-af1f-d2e40bb11552,ecdfaf3a-d5d0-5559-ad8a-76f856bf3363,adeec868-937e-5292-a9a8-874845c85e3f,13,13,ጕረሮአቸው እንደ ተከፈተ መቃብር ነው፤ በአንደበታቸውም ሸነገሉ፤ ከከንፈሮቻቸውም በታች የእባብ መርዝ አለ፤
06b1500f-75bd-5952-ae76-212c51d4abbd,ecdfaf3a-d5d0-5559-ad8a-76f856bf3363,adeec868-937e-5292-a9a8-874845c85e3f,14,14,አፋቸው መራራ ነው፤ መርገምንም የተሞላ ነው።
f25630e1-0bb0-5753-acab-4f084a3c81bb,ecdfaf3a-d5d0-5559-ad8a-76f856bf3363,adeec868-937e-5292-a9a8-874845c85e3f,15,15,እግሮቻቸውም ደምን ለማፍሰስ ፈጣኖች ናቸው።
1843a5a7-47f6-5f2b-a14d-f6071acc2e40,ecdfaf3a-d5d0-5559-ad8a-76f856bf3363,adeec868-937e-5292-a9a8-874845c85e3f,16,16,በመንገዳቸው ጥፋትና ጕስቍልና አለ።
e0a57537-ec2c-5293-af0f-178e6bb1de75,ecdfaf3a-d5d0-5559-ad8a-76f856bf3363,adeec868-937e-5292-a9a8-874845c85e3f,17,17,የሰላምን መንገድ አያውቋትም።
01ddec17-fdcc-5bc2-aad5-c7bb94743aad,ecdfaf3a-d5d0-5559-ad8a-76f856bf3363,adeec868-937e-5292-a9a8-874845c85e3f,18,18,በዐይኖቻቸውም ፊት እግዚአብሔርን መፍራት የለም።”
3ddc3d76-1847-5618-a5a6-3e2153e51b84,ecdfaf3a-d5d0-5559-ad8a-76f856bf3363,adeec868-937e-5292-a9a8-874845c85e3f,19,19,አንደበት ሁሉ ይዘጋ ዘንድ፥ ዓለምም ሁሉ ከእግዚአብሔር ፍርድ በታች ይሆን ዘንድ ኦሪት የሚናገረው ሁሉ በኦሪት ላሉት እንደ ተነገረ እናውቃለን።
0244d4cf-dbc9-5d27-aad9-d6aa61c97041,ecdfaf3a-d5d0-5559-ad8a-76f856bf3363,adeec868-937e-5292-a9a8-874845c85e3f,20,20,ከኦሪት የተነሣ ኀጢአት ስለ ታወቀች ሰው ሁሉ የኦሪትን ሥርዐት በመፈጸም በእግዚአብሔር ፊት አይጸድቅም።
89355bf6-999a-5c3b-ab4a-7014205f352f,ecdfaf3a-d5d0-5559-ad8a-76f856bf3363,adeec868-937e-5292-a9a8-874845c85e3f,21,21,አሁን ግን በኦሪትና በነቢያት የተመሰከረላት የእግዚአብሔር ጽድቅ ያለ ኦሪት ተገለጠች።
0abc5a0d-99b6-5ec1-a326-fa923b3bdbcd,ecdfaf3a-d5d0-5559-ad8a-76f856bf3363,adeec868-937e-5292-a9a8-874845c85e3f,22,22,የሚያምኑበት ሁሉ ኢየሱስ ክርስቶስን በማመን በእግዚአብሔር ዘንድ ይጸድቃሉ።
1428f50f-2534-5d79-a8eb-68c2b4ec9414,ecdfaf3a-d5d0-5559-ad8a-76f856bf3363,adeec868-937e-5292-a9a8-874845c85e3f,23,23,በዚህም ልዩነት የለም፤ ሁሉም ፈጽመው በድለዋልና፤ እግዚአብሔርን ማክበርንም ትተዋልና።
c9d86bd9-7f64-5672-a653-a049989028fc,ecdfaf3a-d5d0-5559-ad8a-76f856bf3363,adeec868-937e-5292-a9a8-874845c85e3f,24,24,ጽድቅ ግን በኢየሱስ ክርስቶስም ቤዛነት ያለ ዋጋ በእርሱ ቸርነት ሆነ።
3ce2a0c5-18e5-5034-a225-5b93303dfd18,ecdfaf3a-d5d0-5559-ad8a-76f856bf3363,adeec868-937e-5292-a9a8-874845c85e3f,25,25,እርሱንም እግዚአብሔር በእምነት የሚገኝ፥ በደሙም የሆነ ማስተስረያ አድርጎ አቆመው፤ ይህም ከጥንት ጀምሮ በበደሉት ላይ ጽድቁን ይገልጥ ዘንድ ነው።
f27821c9-df79-529e-a0e1-2d81d2a07238,ecdfaf3a-d5d0-5559-ad8a-76f856bf3363,adeec868-937e-5292-a9a8-874845c85e3f,26,26,እግዚአብሔር ታጋሽ በመሆኑ፥ እሺ በማለቱም እርሱ ጻድቅ እንደ ሆነ፥ በኢየሱስ ክርስቶስም የሚያምኑትን እንደሚያጸድቃቸው ዛሬ ያውቁ ዘንድ ነው።
72394645-6b23-5456-a863-7bcf5c394469,ecdfaf3a-d5d0-5559-ad8a-76f856bf3363,adeec868-937e-5292-a9a8-874845c85e3f,27,27,ትምክሕት ወዴት አለ? እርሱ ቀርቶአል፤ በየትናውስ ሕግ ነው? በሥራ ሕግ ነውን? አይደለም፤ በእምነት ሕግ ነው እንጂ።
fe1e864b-5f56-54a6-ae02-230f5f01e53e,ecdfaf3a-d5d0-5559-ad8a-76f856bf3363,adeec868-937e-5292-a9a8-874845c85e3f,28,28,ሰው የኦሪትን ሥራ ሳይሠራ በእምነት እንዲጸድቅ እናውቃለንና።
e70aa349-be7f-5cb9-a3a7-611392b6bd9e,ecdfaf3a-d5d0-5559-ad8a-76f856bf3363,adeec868-937e-5292-a9a8-874845c85e3f,29,29,በውኑ እግዚአብሔር ለአይሁድ ለብቻቸው ነውን? ለአሕዛብስ አይደለምን?
63de90c8-c88b-5ddb-a2a2-4ca713fde6f1,ecdfaf3a-d5d0-5559-ad8a-76f856bf3363,adeec868-937e-5292-a9a8-874845c85e3f,30,30,አዎን፥ ለአሕዛብም ነው፤ የተገዘረውን በእምነት የሚያጸድቅ፥ ያልተገዘረውንም በእምነት የሚያጸድቀው እርሱ አንዱ እግዚአብሔር ነውና።
02cffb79-c724-5e04-a5fc-7b953747e428,ecdfaf3a-d5d0-5559-ad8a-76f856bf3363,adeec868-937e-5292-a9a8-874845c85e3f,31,31,እንግዲህ በእምነት ኦሪትን እንሽራለን? አንሽርም፤ ኦሪትን እናጸናለን እንጂ።
41e73124-8ae5-51cd-affd-73069a380d91,940429f4-d580-5633-a8ce-f35de7c66fd1,3c61c3e2-09f2-5b3b-a26f-e2033c712ec9,1,1,እንግዲህ በሥጋ የቀድሞ አባታችን የሆነው አብርሃም ምን አገኘ እንላለን? ይህን በሥራው አግኝቶአልን?
d1a44064-48e5-5b1c-aa37-56f7eec5ae32,940429f4-d580-5633-a8ce-f35de7c66fd1,3c61c3e2-09f2-5b3b-a26f-e2033c712ec9,2,2,አብርሃም በሥራው ጸድቆስ ቢሆን ትምክሕት በሆነው ነበር፤ ነገር ግን በእግዚአብሔር ዘንድ አይደለም።
c58522e1-c554-5a8b-a87e-9fd91f63edbd,940429f4-d580-5633-a8ce-f35de7c66fd1,3c61c3e2-09f2-5b3b-a26f-e2033c712ec9,3,3,መጽሐፍስ ምን ይላል? አብርሃም በእግዚአብሔር አመነ፤ ጽድቅም ሆኖ ተቈጠረለት።
dc8df227-ae4b-50c0-af9b-b8b22d1d8a75,940429f4-d580-5633-a8ce-f35de7c66fd1,3c61c3e2-09f2-5b3b-a26f-e2033c712ec9,4,4,ለሚሠራ ዋጋው እንደሚገባው እንጂ በለጋስነት እንደ ሰጡት ሆኖ አይቈጠርበትም።
5bf872c0-53a4-5ad6-a333-d8cbace8dda1,940429f4-d580-5633-a8ce-f35de7c66fd1,3c61c3e2-09f2-5b3b-a26f-e2033c712ec9,5,5,ለማይሠራ ግን ኀጢአተናውን በሚያጸድቀው ካመነ እምነቱ ጽድቅ ሆኖ ይቈጠርለታል።
78ce12a4-ad81-5584-a7da-812f28663e7a,940429f4-d580-5633-a8ce-f35de7c66fd1,3c61c3e2-09f2-5b3b-a26f-e2033c712ec9,6,6,የኦሪትን ሥራ ሳይፈጽም ማመኑ በእግዚአብሔር ዘንድ ጽድቅ ሆኖ የሚቈጠርለትን ሰው ዳዊት “ብፁዕ” በሚልበት አንቀጽ እንዲህ ይላል፦
8a11dc41-ff4a-5de6-a5fe-a769c4aaa88c,940429f4-d580-5633-a8ce-f35de7c66fd1,3c61c3e2-09f2-5b3b-a26f-e2033c712ec9,7,7,“መተላለፋቸው የቀረላቸው፥ ኀጢአታቸውም የተሰረየላቸው ብፁዓን ናቸው።
8d9adc37-d898-57b9-adca-25399c6490df,940429f4-d580-5633-a8ce-f35de7c66fd1,3c61c3e2-09f2-5b3b-a26f-e2033c712ec9,8,8,እግዚአብሔርም በደሉን የማይቈጥርበት ሰው ብፁዕ ነው።”
fa5e53fd-3ddd-56d8-a833-0f068edb8a96,940429f4-d580-5633-a8ce-f35de7c66fd1,3c61c3e2-09f2-5b3b-a26f-e2033c712ec9,9,9,እንግዲህ ይህ ብፅዕና ስለ መገዘር ተነገረን? ወይስ ስለ አለመገዘር? እምነቱ ለአብርሃም ጽድቅ ሆኖ ተቈጠረለት እንላለንና።
39a8be02-9719-569c-af8e-c96992f3af5f,940429f4-d580-5633-a8ce-f35de7c66fd1,3c61c3e2-09f2-5b3b-a26f-e2033c712ec9,10,10,ለአብርሃም ጽድቅ ሆኖ የተቈጠረለት መቼ ነው? ተገዝሮ ሳለ ነውን? ወይስ ሳይገዘር? ሳይገዘር ነው እንጂ ተገዝሮ ሳለ አይደለም።
28909628-4229-5fb9-ab84-37aaad8cc549,940429f4-d580-5633-a8ce-f35de7c66fd1,3c61c3e2-09f2-5b3b-a26f-e2033c712ec9,11,11,ሳይገዘር እግዚአብሔር አብርሃምን በእምነት እንደ አጸደቀው በእርሱ ላይ ይታወቅ ዘንድ ግዝረትን የጽድቅ ማኅተም ትሆነው ዘንድ ምልክት አድርጎ ሰጠው። ሳይገዘሩ ለሚያምኑ ሁሉ አባት ሊሆን፥ አብርሃም በእምነት እንደ ከበረ እነርሱም በእምነት እንደሚከብሩ ያውቁ ዘንድ ሰጠው።
5474aca4-aed6-54fc-a8ad-36af65cd5e4e,940429f4-d580-5633-a8ce-f35de7c66fd1,3c61c3e2-09f2-5b3b-a26f-e2033c712ec9,12,12,ለተገዘሩትም አባት ይሆን ዘንድ ነው፤ ነገር ግን ለተገዘሩት ብቻ አይደለም፤ እርሱ አባታችን አብርሃም ሳይገዘር እንደ አመነ ሳይገዘሩ የአባታችን የአብርሃምን የሃይማኖቱን ፍለጋ ለሚከተሉ ደግሞ ነው እንጂ።
2dbb5579-61f8-5d57-af75-f069b64ec686,940429f4-d580-5633-a8ce-f35de7c66fd1,9ec51857-65ae-596f-a5d8-a0e367d136bb,1,13,አብርሃም፥ ዘሩም ዓለምን ይወርስ ዘንድ ተስፋ ያገኘ የኦሪትን ሥራ በመሥራት አይደለም፤ በእግዚአብሔር ቃል፥ እርሱንም በማመን በእውነተና ሃይማኖቱ ይህን አገኘ እንጂ።
b790758a-67db-5512-af1c-419c336c6b94,940429f4-d580-5633-a8ce-f35de7c66fd1,9ec51857-65ae-596f-a5d8-a0e367d136bb,2,14,የኦሪትን ሕግ የፈጸመ ብቻ ተስፋ የሚያገኝ፥ ዓለምንም የሚወርስ ቢሆን ኖሮ፥ ለአብርሃም እምነቱ ባልጠቀመውም ነበር፤ ተስፋውንም ባላገኘም ነበር።
c1c39713-e496-5223-ac32-37071e861910,940429f4-d580-5633-a8ce-f35de7c66fd1,9ec51857-65ae-596f-a5d8-a0e367d136bb,3,15,የኦሪት ሕግ በአፍራሹ ላይ ቅጣትን ያመጣልና፤ የኦሪት ሕግም ከሌለ መተላለፍ የለም።
e2b3b7b3-4263-5953-a42a-ab391cc546cd,940429f4-d580-5633-a8ce-f35de7c66fd1,9ec51857-65ae-596f-a5d8-a0e367d136bb,4,16,ስለዚህም እግዚአብሔር ለአብርሃምና ለዘሩ የሰጠው ተስፋ የታመነ ይሆን ዘንድ፥ የሚጸድቁ በእምነት እንጂ የኦሪትን ሥራ በመፈጸም ብቻ እንዳይደለ ያውቁ ዘንድ እግዚአብሔር ጽድቅን በእምነት አደረገ።
c900238a-72d7-5cad-a0e0-45035e7f4442,940429f4-d580-5633-a8ce-f35de7c66fd1,9ec51857-65ae-596f-a5d8-a0e367d136bb,5,17,“ለብዙዎች አሕዛብ አባት አደርግሃለሁ” ተብሎ እንደ ተጻፈ ሙታንን በሚያስነሣቸው፥ የሌሉትንም እንደ አሉ በሚያደርጋቸው በአመነበት በእግዚአብሔር ፊት አብርሃም የሁላችን አባት ነው።
7d7454cd-ef31-52d4-aba6-47523d779406,940429f4-d580-5633-a8ce-f35de7c66fd1,9ec51857-65ae-596f-a5d8-a0e367d136bb,6,18,አብርሃም “ዘርህ እንዲሁ ይሆናል” ብሎ እግዚአብሔር ተስፋ እንደ ሰጠው ተስፋ ባልነበረ ጊዜ የብዙዎች አሕዛብ አባት እንደሚሆን አመነ።
bae9b589-43c3-5906-a03a-7aa112cea071,940429f4-d580-5633-a8ce-f35de7c66fd1,9ec51857-65ae-596f-a5d8-a0e367d136bb,7,19,አብርሃም የመቶ ዓመት ሽማግሌ ስለሆነ እንደ ምውት የሆነውን የራሱን ሥጋና የሣራ ማኅፀን ምውት መሆኑን እያየ በእምነት አልተጠራጠረም።
d71d240b-c954-5224-a04e-c92a3f348f5d,940429f4-d580-5633-a8ce-f35de7c66fd1,9ec51857-65ae-596f-a5d8-a0e367d136bb,8,20,እግዚአብሔር ያናገረለትንም ተስፋ ይቀራል ብሎ አልተጠራጠረም፤ በእምነት ጸና እንጂ፤ ለእግዚአብሔርም ክብርን ሰጠ።
35885df6-744d-5cc9-a69b-ae9c4c538874,940429f4-d580-5633-a8ce-f35de7c66fd1,9ec51857-65ae-596f-a5d8-a0e367d136bb,9,21,እግዚአብሔርም የሰጠውን ተስፋ ሊያደርግለት እንደሚችል በፍጹም ልቡ አመነ።
f883c0b8-b8e1-5bfe-aa4a-610655202c47,940429f4-d580-5633-a8ce-f35de7c66fd1,9ec51857-65ae-596f-a5d8-a0e367d136bb,10,22,ስለዚህም ጽድቅ ሆኖ ተቈጠረለት።
cc1d3d5d-92be-5ce0-a6f8-31fb803ec924,940429f4-d580-5633-a8ce-f35de7c66fd1,9ec51857-65ae-596f-a5d8-a0e367d136bb,11,23,ነገር ግን “ጽድቅ ሆኖ ተቈጠረለት” የሚለው ቃል የተጻፈ ስለ እርሱ ብቻ አይደለም።
85adb0fb-c71a-5640-ac61-2e0a3b421608,940429f4-d580-5633-a8ce-f35de7c66fd1,9ec51857-65ae-596f-a5d8-a0e367d136bb,12,24,ስለ ኀጢአታችን የተሰቀለውን፥ ሊያስነሣንና ሊያጸድቀን የተነሣውን ጌታችንን ኢየሱስን ከሙታን ለይቶ በአስነሣው ስለምናምን ስለ እናም ነው እንጂ።
10595d6b-d5b9-5358-a9e6-2a01ed6d6b23,f4e16d4f-4044-55ff-a679-2555a8b2f4d7,0b4b28b7-1c51-5739-ae69-44b0b4fe734d,1,1,እንግዲህ በእምነት ከጸደቅን፥ በእግዚአብሔር ዘንድ በጌታችን በኢየሱስ ክርስቶስ ሰላምን እናገናለን።
1f7ce3a9-a879-526a-a5a6-a607b82d7c55,f4e16d4f-4044-55ff-a679-2555a8b2f4d7,0b4b28b7-1c51-5739-ae69-44b0b4fe734d,2,2,በእርሱም አማካኝነት ወደቆምንበት ወደ ጸጋው በእምነት ተመራን፤ በእግዚአብሔርም ክብር ተስፋ እንመካለን።
7c82b12b-a8f9-5942-ae8f-581fb9eb34ee,f4e16d4f-4044-55ff-a679-2555a8b2f4d7,0b4b28b7-1c51-5739-ae69-44b0b4fe734d,3,3,የምንመካ በእርስዋ ብቻ አይደለም፤ በመከራችን ደግሞ እንመካለን እንጂ፤ መከራ በእና ላይ ትዕግሥትን እንደሚያመጣ እናውቃለንና።
7eeeaa49-4cbb-5f87-a653-939f85ff2823,f4e16d4f-4044-55ff-a679-2555a8b2f4d7,0b4b28b7-1c51-5739-ae69-44b0b4fe734d,4,4,ትዕግሥትም መከራ ነው፤ በመከራም ተስፋ ይገናል።
ab7faaf1-8d0f-5d4e-aee4-eb12c9b73984,f4e16d4f-4044-55ff-a679-2555a8b2f4d7,0b4b28b7-1c51-5739-ae69-44b0b4fe734d,5,5,ተስፋም አያሳፍርም፤ በሰጠን በመንፈስ ቅዱስ የእግዚአብሔር ፍቅር በልባችን መልቶአልና።
7c4d832b-c322-511f-a7cf-2e9e37c2b3ff,f4e16d4f-4044-55ff-a679-2555a8b2f4d7,0b4b28b7-1c51-5739-ae69-44b0b4fe734d,6,6,ክርስቶስም እና ኀጢአተኞች ስንሆን ስለ ኀጢአታችን ይሞት ዘንድ ዘመኑ ሲደርስ መጣ።
c0a45120-04a9-563b-a138-28cadfc789d3,f4e16d4f-4044-55ff-a679-2555a8b2f4d7,0b4b28b7-1c51-5739-ae69-44b0b4fe734d,7,7,ስለ ክፉዎች በጭንቅ ጊዜ ስንኳ ቢሆን ሊሞት የሚደፍር አይገኝም፤ ስለ ደጋጉ ግን ሊሞት የሚጨክን የሚገኝ እንዳለ እንጃ።
a8fdef44-a36e-5be8-a0d5-aa212dda8b8f,f4e16d4f-4044-55ff-a679-2555a8b2f4d7,0b4b28b7-1c51-5739-ae69-44b0b4fe734d,8,8,እግዚአብሔር ምን ያህል እንደ ወደደን እነሆ፥ እዩ፤ እና ኀጢአተኞች ስንሆን ክርስቶስ ስለ እና ሞተ።
26d8e209-ddd7-5b7b-a6ca-834e6401c8a9,f4e16d4f-4044-55ff-a679-2555a8b2f4d7,0b4b28b7-1c51-5739-ae69-44b0b4fe734d,9,9,እንግዲህ በደሙ ዛሬ ከጸደቅን ከሚመጣው መከራ በእርሱ እንድናለን።
d8e5a007-bdd8-5131-a1d1-d39a9a211467,f4e16d4f-4044-55ff-a679-2555a8b2f4d7,0b4b28b7-1c51-5739-ae69-44b0b4fe734d,10,10,እና የእግዚአብሔር ጠላቶቹ ስንሆን በልጁ ሞት ይቅር ካለን፥ ከታረቀን በኋላም በልጁ ሕይወት እንዴት የበለጠ ያድነን!
0e4af893-adc6-5042-a5b3-5bed25d8bc89,f4e16d4f-4044-55ff-a679-2555a8b2f4d7,0b4b28b7-1c51-5739-ae69-44b0b4fe734d,11,11,በዚህ ብቻ አይደለም፤ በእርሱ ይቅርታውን ባገኘንበት በጌታችን በኢየሱስ ክርስቶስም በእግዚአብሔር ዘንድ እንመካለን እንጂ።
9b33addd-2072-549a-a072-b79c01bfa358,f4e16d4f-4044-55ff-a679-2555a8b2f4d7,e7fa97fc-c1cf-5151-a6a9-393c60aa5759,1,12,ስለዚህም በአንድ ሰው በደል ምክንያት ኀጢአት ወደ ዓለም ገባች፤ ስለዚችም ኀጢአት ሞት ገባ፤ እንደዚሁም ሁሉ ኀጢአትን ስለ አደረጉ በሰው ሁሉ ላይ ሞት መጣ።
9fc35d58-2730-59cf-af25-50a2048f3965,f4e16d4f-4044-55ff-a679-2555a8b2f4d7,e7fa97fc-c1cf-5151-a6a9-393c60aa5759,2,13,ኦሪት እስከ መጣች ድረስ ኀጢአት ምን እንደ ሆነች ሳትታወቅ በዓለም ውስጥ ነበረች፤ ነገር ግን የኦሪት ሕግ ገና ስላልመጣ ኀጢአት ተብላ አትቈጠርም ነበር።
79da19e8-e1ee-5199-a736-a936931344fa,f4e16d4f-4044-55ff-a679-2555a8b2f4d7,e7fa97fc-c1cf-5151-a6a9-393c60aa5759,3,14,ነገር ግን በአዳም ኀጢአት ምክንያት ከአዳም እስከ ሙሴ የበደሉትንም ያልበደሉትንም ሞት ገዛቸው፤ ሁሉ በአዳም አምሳል ተፈጥሮአልና፥ አዳምም ይመጣ ዘንድ ላለው ለእርሱ አምሳሉ ነውና።
2cc574ca-11b3-54ad-a1ff-b54a5872c0f5,f4e16d4f-4044-55ff-a679-2555a8b2f4d7,e7fa97fc-c1cf-5151-a6a9-393c60aa5759,4,15,ነገር ግን የእግዚአብሔር ጸጋው በበደላችን መጠን የሆነብን አይደለም፤ በአንድ ሰው በደል ብዙዎች ከሞቱ፥ እንግዲህ በእግዚአብሔር ጸጋ፥ በአንዱ ሰው በኢየሱስ ክርስቶስ ቤዛነት በሰጠን ሀብቱ ሕይወት በብዙዎች ላይ እንዴት እጅግ ይበዛ ይሆን?
751c9b54-ea38-5a5d-a735-89a94c063e29,f4e16d4f-4044-55ff-a679-2555a8b2f4d7,e7fa97fc-c1cf-5151-a6a9-393c60aa5759,5,16,የእግዚአብሔር ጸጋው በአንዱ ሰው ኀጢአት መጠን የሆነብን አይደለም፤ የኀጢአት ፍርድ ከአንድ ሰው ወጥታ ሁሉ ከተቀጣባት፥ ጸጋው ከበደላችን እንደ ምን ያነጻን ይሆን? የዘለዓለምንስ ሕይወት እንዴት ይሰጠን ይሆን?
e91c1ae9-ecde-5d9a-a636-7035404fe41b,f4e16d4f-4044-55ff-a679-2555a8b2f4d7,e7fa97fc-c1cf-5151-a6a9-393c60aa5759,6,17,የአንዱ ሰው ኀጢአት ሞትን ካነገሠችው በአንድ ሰው በደልም ሞት ከገዛን፥ የአንዱ ሰው የኢየሱስ ክርስቶስ የጸጋው ብዛትና የጽድቁ ስጦታ እንዴት እጅግ ያጸድቀን ይሆን? የዘለዓለም ሕይወትንስ እንዴት ያበዛልን ይሆን?
76d3b051-5c12-54dd-a024-a1ac97066504,f4e16d4f-4044-55ff-a679-2555a8b2f4d7,e7fa97fc-c1cf-5151-a6a9-393c60aa5759,7,18,እንግዲህ በአንዱ ሰው በደል ዓለም ሁሉ እንደ ተፈረደበት፥ እንዲሁ ደግሞ በአንዱ ሰው ጽድቅ ሰው ሁሉ ይጸድቃል።
9adcf615-5f4f-5df5-ac71-076010b1d2b0,f4e16d4f-4044-55ff-a679-2555a8b2f4d7,e7fa97fc-c1cf-5151-a6a9-393c60aa5759,8,19,በአንድ ሰው አለመታዘዝ ብዙዎች ኀጢአተኞች እንደ ሆኑ፥ እንዲሁ ደግሞ በአንድ ሰው መታዘዝ ብዙዎች ጻድቃን ይሆናሉ።
69124c93-ab8a-581a-a397-1308c775fdca,f4e16d4f-4044-55ff-a679-2555a8b2f4d7,e7fa97fc-c1cf-5151-a6a9-393c60aa5759,9,20,ኦሪትስ ኀጢአትን ታበዛት ዘንድ መጣች፤ ኀጢአትም ከበዛች ዘንድ የእግዚአብሔር ጸጋ በዛች።
3f7fd396-5b12-5260-a6ad-cb1f4ddff67d,f4e16d4f-4044-55ff-a679-2555a8b2f4d7,e7fa97fc-c1cf-5151-a6a9-393c60aa5759,10,21,ኀጢአትም ሞትን እንደ አነገሠችው እንዲሁ በጌታችን በኢየሱስ ክርስቶስ የእግዚአብሔር ጸጋ ጽድቅን ለዘለዓለም ሕይወት ታነግሠዋለች።
c012e65c-01de-5759-a9f0-1cc5f15b8822,75f67fe2-ebce-5690-a705-3cd2f1f56d86,ca7b72df-dce8-583a-a083-af1289e917eb,1,1,እንግዲህ ምን እንላለን? የእግዚአብሔር ጸጋ እንዲበዛ ኀጢአት እንሥራን? አይደለም።
673da1ea-48da-54f7-a8d3-2c72c1cc0bf4,75f67fe2-ebce-5690-a705-3cd2f1f56d86,ca7b72df-dce8-583a-a083-af1289e917eb,2,2,ከኀጢአታችን የተለየን እኛ እንግዲህ እንዴት ዳግመኛ በእርስዋ ጸንተን መኖር እንችላለን?
2e5e2673-757d-537b-aa03-04e93a3e20f3,75f67fe2-ebce-5690-a705-3cd2f1f56d86,ca7b72df-dce8-583a-a083-af1289e917eb,3,3,ነገር ግን በጌታችን በኢየሱስ ክርስቶስ የተጠመቅን እኛ ሁላችን በሞቱ እንደ ተጠመቅን ሁላችሁ ይህን ዕወቁ።
844ca483-a77c-5f0a-a2a8-d8eb49423fa7,75f67fe2-ebce-5690-a705-3cd2f1f56d86,ca7b72df-dce8-583a-a083-af1289e917eb,4,4,በሞቱም እንመስለው ዘንድ ከእርሱ ጋር በጥምቀት ተቀበርን፤ እርሱ ክርስቶስ በአባቱ ጌትነት ከሙታን እንደ ተነሣ እኛም እንደ እርሱ በሐዲስ ሕይወት እንኖራለን።
5b16aa27-cfe9-5a4f-a354-6096a3bcad5e,75f67fe2-ebce-5690-a705-3cd2f1f56d86,ca7b72df-dce8-583a-a083-af1289e917eb,5,5,በሞቱ ከመሰልነውም በትንሣኤው እንመስለዋለን።
911b6640-aec9-5065-a8a8-5b751ae98805,75f67fe2-ebce-5690-a705-3cd2f1f56d86,ca7b72df-dce8-583a-a083-af1289e917eb,6,6,ነገር ግን የኀጢአትን ሥጋ ይሽር ዘንድ ከእርሱ ጋር የተሰቀለው አሮጌው ሰውነታችን እንደ ሆነ ይህን እናውቃለን፤ ከእንግዲህ ወዲያ ዳግመና ለኀጢአት እንገዛ ዘንድ አንመለስም።
c50f000f-2381-5588-a110-327ecec9561c,75f67fe2-ebce-5690-a705-3cd2f1f56d86,ca7b72df-dce8-583a-a083-af1289e917eb,7,7,የሞተስ ከኀጢአት ነጻ ወጥቶአል።
fbdaa3fa-bd6f-5f17-a4f5-d36f91c9fa7b,75f67fe2-ebce-5690-a705-3cd2f1f56d86,ca7b72df-dce8-583a-a083-af1289e917eb,8,8,ከክርስቶስ ጋር ከሞትንም ከእርሱ ጋር በሕይወት እንደምንኖር እናምናለን።
93712f53-4756-5136-a8f5-06cac4996df6,75f67fe2-ebce-5690-a705-3cd2f1f56d86,ca7b72df-dce8-583a-a083-af1289e917eb,9,9,ክርስቶስ ከሙታን ተለይቶ እንደ ተነሣ፥ ዳግመኛም እንደማይሞት፥ እንግዲህ ወዲህም ሞት እንደማይገዛው እናውቃለን።
455c1e21-f800-5987-accb-e25dbdb43d4f,75f67fe2-ebce-5690-a705-3cd2f1f56d86,ca7b72df-dce8-583a-a083-af1289e917eb,10,10,የሞተ አንድ ጊዜ ሞተ፤ በሞቱም ኀጢአትን ሻራት፤ የተነሣም ለእግዚአብሔር ተነሣ።
78f90726-123a-5d50-abcd-7504933c144e,75f67fe2-ebce-5690-a705-3cd2f1f56d86,ca7b72df-dce8-583a-a083-af1289e917eb,11,11,እንዲሁ እናንተም ራሳችሁን ለኀጢአት ምውታን አድርጉ፤ በጌታችን በኢየሱስ ክርስቶስም ለእግዚአብሔር ሕያዋን ሁኑ።
2c6f7b70-fd1d-5d30-a9bc-659a9d08d7e4,75f67fe2-ebce-5690-a705-3cd2f1f56d86,ca7b72df-dce8-583a-a083-af1289e917eb,12,12,በዚህ በሚሞት ሰውነታችሁ ኀጢአትን አታንግሡአት፤ ለምኞቱም እሽ አትበሉት።
745478e1-7c50-57ac-a028-3937b17b93a6,75f67fe2-ebce-5690-a705-3cd2f1f56d86,ca7b72df-dce8-583a-a083-af1289e917eb,13,13,ከሙታን ተለይቶ እንደ ተነሣ፥ ራሳችሁን ለእግዚአብሔር መሥዋዕት አድርጉ እንጂ ሰውነታችሁን ለኀጢአት የዐመፅ የጦር መሣሪያ አታድርጉት፤ ሰውነታችሁንም ለእግዚአብሔር የጽድቅ የጦር መሣሪያ አድርጉ።
901bc354-934f-580d-a55d-c30336995fa6,75f67fe2-ebce-5690-a705-3cd2f1f56d86,ca7b72df-dce8-583a-a083-af1289e917eb,14,14,እንግዲህ ኀጢአት አትገዛችሁም፤ የኦሪትን ሕግ ከመሥራት ወጥታችሁ ወደ እግዚአብሔር ጸጋ ገብታችኋልና።
9ad51a26-b4eb-5d54-a534-c9f8aa395088,75f67fe2-ebce-5690-a705-3cd2f1f56d86,1df87dd6-931c-51d7-a8ed-f2b97ca52a73,1,15,እንግዲህ ምን እንላለን? የኦሪትን ሕግ ከመሥራት ወጥተን ወደ እግዚአብሔር ጸጋ ስለ ገባን ኀጢአት እንሥራን? አይደለም።
bc86bcf4-cd14-566d-a273-6c437694be1f,75f67fe2-ebce-5690-a705-3cd2f1f56d86,1df87dd6-931c-51d7-a8ed-f2b97ca52a73,2,16,ለምትታዘዙለት፥ እሺ ለምትሉትም እናንተ አገልጋዮች እንደ ሆናችሁ አታውቁምን? ለተባበራችሁለትስ ራሳችሁን እንደ አስገዛችሁ አታውቁምን? ኀጢአትንም እሺ ብትሉአት፥ ተባብራችሁም ብትበድሉ እናንት ለሞት ተገዢዎች ትሆናላችሁ፤ ጽድቅንም እሺ ብትሉአት ለበጎ ሥራም ብትተባበሩ የእግዚአብሔር አገልጋዮች ናችሁ።
55f85362-6de5-5919-a497-fb298c1d8ad3,75f67fe2-ebce-5690-a705-3cd2f1f56d86,1df87dd6-931c-51d7-a8ed-f2b97ca52a73,3,17,የኀጢአት ተገዦች ስትሆኑ ምሳሌነቱ ለተሰጣችሁ ለምትማሩት ትምህርት ታዝዛችኋልና እግዚአብሔር ይመስገን።
141181bf-0fad-51b3-a572-07c89a4733ab,75f67fe2-ebce-5690-a705-3cd2f1f56d86,1df87dd6-931c-51d7-a8ed-f2b97ca52a73,4,18,አሁን ግን ከኀጢአት ነጻ ሁናችሁ ለጽድቅ ተገዝታችኋል።
886e8f56-4d4c-5eaf-ae2f-1b9139efa831,75f67fe2-ebce-5690-a705-3cd2f1f56d86,1df87dd6-931c-51d7-a8ed-f2b97ca52a73,5,19,ስለ ሰውነታችሁ ድካም በሰው ልማድ እነግራችኋለሁ፤ ዕወቁ፤ ቀድሞ ሰውነታችሁን ለኀጢአትና ለርኵሰት፥ ለዐመፃም እንደ አስገዛችሁ፥ እንዲሁ አሁንም ሰውነታችሁን ለጽድቅና ለቅድስና አስገዙ።
e737f3b9-1476-5a8e-af7c-6fcd21957df2,75f67fe2-ebce-5690-a705-3cd2f1f56d86,1df87dd6-931c-51d7-a8ed-f2b97ca52a73,6,20,ለኀጢአት ትገዙ በነበረበት ጊዜ ከጽድቅ ነፃ ነበራችሁና።
a39b35c0-fbd9-50a9-abee-8b9ab47a419a,75f67fe2-ebce-5690-a705-3cd2f1f56d86,1df87dd6-931c-51d7-a8ed-f2b97ca52a73,7,21,በዚያን ጊዜ ሥራችሁም እነሆ፥ ዛሬ ታፍሩበታላችሁ፤ መጨረሻው ሞት ነውና።
7d5d56f0-1850-5e7f-a126-6bd87a39ad0a,75f67fe2-ebce-5690-a705-3cd2f1f56d86,1df87dd6-931c-51d7-a8ed-f2b97ca52a73,8,22,ዛሬ ግን ከኀጢአት ነጻ ወጣችሁ፤ ራሳችሁንም ለጽድቅ አስገዛችሁ፤ ለቅድስናም ፍሬን አፈራችሁ፤ ፍጻሜው ግን የዘለዓለም ሕይወት ነው።
dc74a04d-1d8a-5254-afd4-baf41fcb0ce1,75f67fe2-ebce-5690-a705-3cd2f1f56d86,1df87dd6-931c-51d7-a8ed-f2b97ca52a73,9,23,የኀጢአት ትርፍዋ ሞት ነውና፤ የእግዚአብሔር ጸጋ ግን በጌታችን በኢየሱስ ክርስቶስ የዘለዓለም ሕይወት ነው።
c21356ac-5069-5c5b-a003-02ba55b5d890,d29ec345-b099-52c8-a914-20b75890a97e,07ba9c6a-061c-5d42-acd2-33940bb7e5ab,1,1,ወንድሞቻችን! ሕግን ለሚያስተውሉ እናገራለሁና፤ ሰው በሕይወት ባለበት ሁሉ ሕግ እንዲገዛው አታውቁምን?
df1d8d32-7cbf-5eb4-adbf-90a3802eef45,d29ec345-b099-52c8-a914-20b75890a97e,07ba9c6a-061c-5d42-acd2-33940bb7e5ab,2,2,ባል ያላት ሴት ባልዋ በሕይወት ሳለ ከእርሱ ጋር በሕግ የታሰረች ናት፤ ባልዋ የሞተ እንደ ሆነ ግን በሚስትነት ታስራበት ከኖረችው ሕግ የተፈታች ናት።
1ec62dbb-7f84-5160-a137-bd5e757077a2,d29ec345-b099-52c8-a914-20b75890a97e,07ba9c6a-061c-5d42-acd2-33940bb7e5ab,3,3,ስለዚህ ባልዋ በሕይወት ሳለ ለሌላ ወንድ ብትሆን አመንዝራ ትሆናለች፤ ባልዋ ቢሞት ግን ከሕግ ነፃ ወጥታለች፤ ለሌላ ወንድ ብትሆንም አመንዝራ አትባልም።
d7156179-075a-5b7e-ae67-99b5db890b99,d29ec345-b099-52c8-a914-20b75890a97e,07ba9c6a-061c-5d42-acd2-33940bb7e5ab,4,4,ወንድሞች ሆይ! እናንተ እንዲሁ የክርስቶስ አካል ስለ ሆናችሁ ከኦሪት ተለይታችኋል፤ ለእግዚአብሔርም ፍሬ እንድታፈሩ ከሙታን ተለይቶ ለተነሣው ለዳግማዊ አዳም ሆናችኋል።
824e01dc-1077-5875-a90c-905bb4c041af,d29ec345-b099-52c8-a914-20b75890a97e,07ba9c6a-061c-5d42-acd2-33940bb7e5ab,5,5,የሰውን ሕግ በሠራን ጊዜ ግን በኦሪት ሕግ ደካማነት ቅጣቱ ጸናብን፤ ሞትንም አፈራን።
71fbfbbf-1430-545c-af43-cafa0b00b8c7,d29ec345-b099-52c8-a914-20b75890a97e,07ba9c6a-061c-5d42-acd2-33940bb7e5ab,6,6,አሁን ግን ታስረንበት ከነበረው ከኦሪት ሕግ ነፃ ወጥተናል፤ ስለዚህ በብሉይ መጽሐፍ ሳይሆን በአዲሱ መንፈሳዊ ሕይወት እንገዛለን።
13b9862a-f9be-5b43-a9cd-917aacc8848b,d29ec345-b099-52c8-a914-20b75890a97e,7a18e7e1-1578-50d8-ae8a-e6bdf89852d3,1,7,እንግዲህ ምን እንላለን? ኦሪት ኀጢአት ናትን? አይደለችም፤ ነገር ግን ኦሪት ባትሠራ ኀጢአትን ባላወቅኋትም ነበር፤ ኦሪት፥ “አትመኝ” ባትል ኖሮም ምኞትን ፈጽሞ ባላወቅኋትም ነበር።
f50786d6-1fe4-514b-a3d2-8107ea8af2ff,d29ec345-b099-52c8-a914-20b75890a97e,7a18e7e1-1578-50d8-ae8a-e6bdf89852d3,2,8,ያችም ትእዛዝ ለኀጢአት ምክንያት ሆነቻት፤ ምኞትንም ሁሉ አመጣችብኝ፤ ቀድሞ ግን ኦሪት ሳትሠራ ኀጢአት ሙት ነበረች።
3dbd537e-2674-53ff-ae35-c8cb8d72ffac,d29ec345-b099-52c8-a914-20b75890a97e,7a18e7e1-1578-50d8-ae8a-e6bdf89852d3,3,9,እኔም ቀድሞ ኦሪት ሳትሠራ ሕያው ነበርሁ፤ የኦሪት ትእዛዝ በመጣች ጊዜ ግን ኀጢአት ሕይወትን አገኘች፤ እኔ ግን ሞትሁ።
7ec70dbc-d25a-5c2b-ad8f-5f3c66301863,d29ec345-b099-52c8-a914-20b75890a97e,7a18e7e1-1578-50d8-ae8a-e6bdf89852d3,4,10,ለሕይወት የተሠራችልኝ ያቺ ሕግ ለሞት ሆና አገኘኋት።
5f1dfa57-e0b2-56d5-a2a2-96f16195e498,d29ec345-b099-52c8-a914-20b75890a97e,7a18e7e1-1578-50d8-ae8a-e6bdf89852d3,5,11,ኀጢአት በዚያች ትእዛዝ ምክንያት አሳተችኝ፤ በእርሷም ገደለችኝ።
01d28aa9-e0a1-5563-a424-81d1b2f2d5ef,d29ec345-b099-52c8-a914-20b75890a97e,7a18e7e1-1578-50d8-ae8a-e6bdf89852d3,6,12,አሁንም ቢሆን ኦሪትስ ቅድስት ናት፤ ትእዛዝዋም ቅዱስና እውነት ነው፤ መልካምም ነው፤ በረከትም ነው።
9737f139-4fc9-5e56-afe3-f6ee22460a48,d29ec345-b099-52c8-a914-20b75890a97e,7a18e7e1-1578-50d8-ae8a-e6bdf89852d3,7,13,እንግዲህ ያ መልካም ነው ብዬ የማስበው ነገር በውኑ አጥፊ ሆነኝ እላለሁን? አይደለም፤ ነገር ግን ኀጢአት ኀጢአት እንደ ሆነች በታወቀች ጊዜ ሞትን አበዛችብኝ፤ ከዚያም ትእዛዝ የተነሣ ኀጢአተናው እንዲታወቅ፥ ኀጢአትም ተለይታ እንድትታወቅ ኦሪት መልካሙን ከክፉ ልትለይ ተሠርታለች።
fff97113-6ceb-5d81-a165-de60dceafbe3,d29ec345-b099-52c8-a914-20b75890a97e,445db9e4-b517-5f1e-a66c-9801635c3794,1,14,የኦሪት ሕግ መንፈሳዊ እንደ ሆነ እናውቃለን፤ እኔ ግን ለኀጢአት የተሸጥሁ ሥጋዊ ነኝ።
28f2588b-41e1-501d-a2a8-8b77fba485f5,d29ec345-b099-52c8-a914-20b75890a97e,445db9e4-b517-5f1e-a66c-9801635c3794,2,15,የማደርገውን አላውቅምና፤ የምወደውንም ያን ምንም አላደርገውምና፤ ያንኑ የምጠላውን ብቻ እሠራለሁ እንጂ።
febcdf26-6b2c-51ab-a97a-1ca74ab26944,d29ec345-b099-52c8-a914-20b75890a97e,445db9e4-b517-5f1e-a66c-9801635c3794,3,16,የማልወደውን የምሠራ ከሆንሁ ግን ያ የኦሪት ሕግ መሠራት ለበጎ እንደ ሆነ ምስክሩ እኔ ነኝ።
4391ae43-6dda-5e91-ab6f-2a958ddb81bc,d29ec345-b099-52c8-a914-20b75890a97e,445db9e4-b517-5f1e-a66c-9801635c3794,4,17,እንግዲያስ በእኔ ላይ ያደረች ኀጢአት ናት እንጂ፥ ያን የማደርገው እኔ አይደለሁም።
45d11a18-ecda-5b40-a572-4deeaea8b051,d29ec345-b099-52c8-a914-20b75890a97e,445db9e4-b517-5f1e-a66c-9801635c3794,5,18,በእኔ ማለት በሥጋዬ መልካም ነገር እንደማይኖር አውቃለሁ፤ መልካም ሥራ ለመሥራት መሻቱስ በእኔ ዘንድ አለ፤ በጎ ምግባር መሥራት ግን የለኝም።
bd83135e-5abb-58f2-a369-f45a32f30d1a,d29ec345-b099-52c8-a914-20b75890a97e,445db9e4-b517-5f1e-a66c-9801635c3794,6,19,ያን የምወደውንም በጎ ነገር የማደርግ አይደለም፤ ነገር ግን ያን የምጠላውን ክፉውን አደርጋለሁ።
faa615bb-780d-5e5b-ac3e-daa615e8f7b8,d29ec345-b099-52c8-a914-20b75890a97e,445db9e4-b517-5f1e-a66c-9801635c3794,7,20,የማልወደውንስ የምሠራ ከሆነ የምሠራው እኔ አይደለሁም፤ በእኔ ላይ ያደረች ኀጢአት ናት እንጂ።
dff36a67-5585-5c07-abd1-05d32fe3eca2,d29ec345-b099-52c8-a914-20b75890a97e,445db9e4-b517-5f1e-a66c-9801635c3794,8,21,መልካም ሥራ እንድሠራ የፈቀደልኝን ያን ሕግ እርሱ ክፉ ነገር አምጥቶብኝ አገኘሁት።
e9909537-9ca9-50b8-a3cd-a851c083dee3,d29ec345-b099-52c8-a914-20b75890a97e,445db9e4-b517-5f1e-a66c-9801635c3794,9,22,በልቡናዬ ውስጥ ያለ የእግዚአብሔር ሕግ መልካም ነው።
f890cd58-ce1d-5922-aa0b-6f14839b3793,d29ec345-b099-52c8-a914-20b75890a97e,445db9e4-b517-5f1e-a66c-9801635c3794,10,23,ነገር ግን በሰውነቴ ውስጥ ያለውን ሌላ የኀጢአት ሕግ እመለከታለሁ፤ በልቡናዬም ውስጥ ካለው ከእግዚአብሔር ሕግ ጋር ተሰልፈው ተዋጉ፤ በሰውነቴ ውስጥ ያለው ያ የኀጢአት ሕግም በረታና ወደ እርሱ ማረከኝ።
63cc747f-e4d0-55c7-a11b-53d9853f7e5c,d29ec345-b099-52c8-a914-20b75890a97e,445db9e4-b517-5f1e-a66c-9801635c3794,11,24,እኔ ምንና ወራዳ ሰው ነኝ፤ ከዚህ ሟች ሰውነቴ ማን ባዳነኝ?
5cfd811b-e8cd-5774-a061-833608acfc32,d29ec345-b099-52c8-a914-20b75890a97e,445db9e4-b517-5f1e-a66c-9801635c3794,12,25,በጌታችን በኢየሱስ ክርስቶስ እግዚአብሔር ይመስገን፤ እኔ በልቤ ለእግዚአብሔር ሕግ እገዛለሁ፤ በሥጋዬ ግን ለኀጢአት ሕግ እገዛለሁ።
82ca8547-71d5-5180-a6fe-c934e3ef1db2,d11f7b68-30fd-5011-af0b-1dd691a7b301,cea56e65-e041-5397-abce-0eae4d525312,1,1,እንግዲህ በኢየሱስ ክርስቶስ ላሉት በመንፈስ እንጂ በሥጋ ለማይመላለሱ ፍርድ የለባቸውም።
3f9f8071-f270-586f-a31d-cc86de1206c9,d11f7b68-30fd-5011-af0b-1dd691a7b301,cea56e65-e041-5397-abce-0eae4d525312,2,2,በኢየሱስ ክርስቶስ የተሰጠን ሕይወት የሚገኝበት የመንፈስ ሕግ እርሱ ከኀጢአትና ከሞት ሕግ ነጻ አውጥቶናልና።
acec2220-906a-5e0b-ae77-fc033c923061,d11f7b68-30fd-5011-af0b-1dd691a7b301,cea56e65-e041-5397-abce-0eae4d525312,3,3,ስለ ሥጋ ደካማነት የኦሪት ሕግ ከሞት ማዳን በተሳነው ጊዜ እግዚአብሔር በኀጢኣተና ሥጋ ምሳሌ ልጁን ላከ፤ ያችንም ኀጢአት በሥጋው ቀጣት።
e4bc94a2-fcea-58e9-a059-9270727cbafa,d11f7b68-30fd-5011-af0b-1dd691a7b301,cea56e65-e041-5397-abce-0eae4d525312,4,4,እናን ያጸድቀን ዘንድ፥ የኦሪትንም ሕግ ሠርቶ እንደ ፈጸመ ሰው ያደርገን ዘንድ፤ ይህም በመንፈሳዊ ሕግ ጸንተው ለሚኖሩ ነው እንጂ በሥጋ ሕግ ለሚሠሩ አይደለም።
b28466aa-a4e1-508f-a5fc-3f3599321f2d,d11f7b68-30fd-5011-af0b-1dd691a7b301,cea56e65-e041-5397-abce-0eae4d525312,5,5,እንደ ሥጋ ፈቃድ የሚኖሩ የሥጋን ነገር ያስባሉና፤ እንደ መንፈስ ፈቃድ የሚኖሩ ግን የመንፈስን ነገር ያስባሉ።
be1fcbe7-1503-5e0f-a0a3-dc8f45ae375a,d11f7b68-30fd-5011-af0b-1dd691a7b301,cea56e65-e041-5397-abce-0eae4d525312,6,6,የሥጋ ዐሳብ ሞትን ያመጣብናል፤ የመንፈስ ዐሳብ ግን ሰላምንና ሕይወትን ይሰጠናል።
d1bf6053-d306-55e0-a8b4-6ea848d709dd,d11f7b68-30fd-5011-af0b-1dd691a7b301,cea56e65-e041-5397-abce-0eae4d525312,7,7,የሥጋ ዐሳብ ለእግዚአብሔር ጠላቱ ነውና፤ ለእግዚአብሔርም ሕግ ስለማይገዛ፥ መፈጸም አይቻለውም።
857451d5-80a2-5142-a112-267da440739b,d11f7b68-30fd-5011-af0b-1dd691a7b301,cea56e65-e041-5397-abce-0eae4d525312,8,8,ለሥጋዊ ፈቃዳቸው የሚሠሩ ሁሉ እግዚአብሔርን ደስ ማሰኘት አይችሉም።
d4982e8d-da59-52e7-a1f3-4830f2a8add1,d11f7b68-30fd-5011-af0b-1dd691a7b301,cea56e65-e041-5397-abce-0eae4d525312,9,9,እናንተ ግን ለመንፈሳዊ ሕግ እንጂ ለሥጋችሁ ፈቃድ የምትሠሩ አይደላችሁም፤ የእግዚአብሔር መንፈስ በእናንተ አድሮ ይኖራልና፤ የክርስቶስ መንፈስ ያላደረበት ግን እርሱ የእርሱ ወገን አይደለም።
bf8c878d-2c1d-5d8c-a37a-832c6ed46680,d11f7b68-30fd-5011-af0b-1dd691a7b301,cea56e65-e041-5397-abce-0eae4d525312,10,10,ክርስቶስ ካደረባችሁ ግን ሰውነታችሁን ከኀጢአት ሥራ ለዩ፤ መንፈሳችሁንም ለጽድቅ ሥራ ሕያው አድርጉ።
f7a7abae-fe26-5feb-a789-19fda6e523c6,d11f7b68-30fd-5011-af0b-1dd691a7b301,cea56e65-e041-5397-abce-0eae4d525312,11,11,ጌታችን ኢየሱስን ከሙታን ለይቶ ያስነሣው የእግዚአብሔር መንፈስ ካደረባችሁ ኢየሱስ ክርስቶስን ከሙታን ለይቶ ያስነሣው እርሱ አድሮባችሁ ባለ መንፈሱ ለሟች ሰውነታችሁ ሕይወትን ይሰጣታል።
4ed6b231-c204-5d31-aa73-b6152eaf88e6,d11f7b68-30fd-5011-af0b-1dd691a7b301,3827057e-1c28-5fe8-a73a-8ba88bd8e87a,1,12,ወንድሞቻችን፥ አሁንም በሥጋችን ሳለን በሥጋ ፈቃድ እንኖር ዘንድ አይገባም።
a962260b-cbbc-59d5-a836-dc7c7eed8ab1,d11f7b68-30fd-5011-af0b-1dd691a7b301,3827057e-1c28-5fe8-a73a-8ba88bd8e87a,2,13,እንደ ሥጋ ፈቃድ ብትኖሩ ትሞታላችሁ፤ ነገር ግን በመንፈሳዊ ሥራ የሥጋችሁን ፈቃድ ብትገድሉ ለዘለዓለም በሕይወት ትኖራላችሁ።
5f7caf91-572f-5c07-aa07-d07144ce9a07,d11f7b68-30fd-5011-af0b-1dd691a7b301,3827057e-1c28-5fe8-a73a-8ba88bd8e87a,3,14,በእግዚአብሔር መንፈስ የሚሠሩ ሁሉ የእግዚአብሔር ልጆች ናቸው።
94cbdc2e-2ea0-5bd8-a73c-aced9df521d4,d11f7b68-30fd-5011-af0b-1dd691a7b301,3827057e-1c28-5fe8-a73a-8ba88bd8e87a,4,15,ዳግመናም አባ አባት ብለን የምንጮህበትን የልጅነት መንፈስ ተቀበላችሁ እንጂ እንደ ገና ለፍርሀት የባርነት መንፈስን አልተቀበላችሁምና።
1fe73d64-c7de-55d5-a90d-5b899cdb54a2,d11f7b68-30fd-5011-af0b-1dd691a7b301,3827057e-1c28-5fe8-a73a-8ba88bd8e87a,5,16,እና የእግዚአብሔር ልጆች እንደሆን ለልቡናችን ምስክሩ እርሱ መንፈስ ቅዱስ ነው።
8df5f84b-8ba5-5ea3-a20f-bb0276138f5d,d11f7b68-30fd-5011-af0b-1dd691a7b301,3827057e-1c28-5fe8-a73a-8ba88bd8e87a,6,17,እና የእግዚአብሔር ልጆች ከሆን ወራሾቹ ነን፤ የእግዚአብሔር ወራሾች ከሆንም የክርስቶስ ወራሾቹ ነን፤ በመከራ ከመሰልነውም በክብር እንመስለዋለን።
ac45dfac-bff5-5a5e-a450-6286be6255ad,d11f7b68-30fd-5011-af0b-1dd691a7b301,50427dab-97c4-593b-a24f-48b8c0b17c15,1,18,ነገር ግን የዚህ ዓለም መከራ ለእና ሊገለጥ ከአለው ክብር ጋር እንደማይተካከል ዐስቡ።
bdbd2ce0-ac5e-52c6-a356-d5f56c1cc79e,d11f7b68-30fd-5011-af0b-1dd691a7b301,50427dab-97c4-593b-a24f-48b8c0b17c15,2,19,የዓለም ተስፋው የእግዚአብሔርን ልጅ መምጣት ይጠባበቅ ነበርና።
71044bb0-1a86-51f8-aaec-91422aadfca0,d11f7b68-30fd-5011-af0b-1dd691a7b301,50427dab-97c4-593b-a24f-48b8c0b17c15,3,20,ዓለም ባለማወቅ ለከንቱ ነገር ተገዝቶአልና በተስፋ ስለ አስገዛው ነው እንጂ በፈቃዱ አይደለም።
f579a0d6-503e-5bb0-a171-834dbd14ecc4,d11f7b68-30fd-5011-af0b-1dd691a7b301,50427dab-97c4-593b-a24f-48b8c0b17c15,4,21,ነገር ግን አስቶ በባርነት ከሚገዛው ከዚህ ወጥቶ የእግዚአብሔር ልጆች ወደ አገኙአት የነጻነት ክብር ይገባ ዘንድ ተስፋ አለው።
0c6135ec-611f-5a91-acbf-2d57690adb15,d11f7b68-30fd-5011-af0b-1dd691a7b301,50427dab-97c4-593b-a24f-48b8c0b17c15,5,22,እስካሁን ዓለም ሁሉ ያዘነና የተከዘ እንደ ሆነ እናውቃለን።
072e61c0-027c-5d87-abb0-7d819627262c,d11f7b68-30fd-5011-af0b-1dd691a7b301,50427dab-97c4-593b-a24f-48b8c0b17c15,6,23,ነገር ግን የሚተክዝ ዓለም ብቻ አይደለም፤ የመንፈስ ቅዱስን ፈለማ የተቀበልነው እናም ደግሞ እናዝናለን እንጂ፤ የነፍሳችንን ድኅነት እናገኝ ዘንድ የልጅነትን ክብር ተስፋ እናደርጋለንና፤ በእምነትም ድነናልና።
ac5daea3-9f2d-50c9-afd8-75318ca69a29,d11f7b68-30fd-5011-af0b-1dd691a7b301,50427dab-97c4-593b-a24f-48b8c0b17c15,7,24,የሚታየውን ተስፋ ማድረግ ተስፋ አይደለም፤ የሚያየውንማ እንዴት ተስፋ ያደርጋል? እንዴትስ ይጠብቃል?
dc5038a1-021b-5b49-a8af-1214acfb3e96,d11f7b68-30fd-5011-af0b-1dd691a7b301,50427dab-97c4-593b-a24f-48b8c0b17c15,8,25,የማይታየውን ተስፋ ብናደርግ ግን እርሱን ተስፋ አድርገን በእርሱ እንደ ጸናን መጠን ትዕግሥታችን ይታወቃል።
e12eb387-5b1f-5f20-ae79-1227c06d15bc,d11f7b68-30fd-5011-af0b-1dd691a7b301,50427dab-97c4-593b-a24f-48b8c0b17c15,9,26,መንፈስ ቅዱስም ከድካማችን ይረዳናል፤ እንግዲያስ ተስፋችንን ካላወቅን ጸሎታችን ምንድነው? ነገር ግን እርሱ ራሱ መንፈስ ቅዱስ ስለ መከራችንና ስለ ችግራችን ይፈርድልናል።
b9f033a2-15bc-5b2a-aa48-899c309d025e,d11f7b68-30fd-5011-af0b-1dd691a7b301,50427dab-97c4-593b-a24f-48b8c0b17c15,10,27,እርሱም ልባችንን ይመረምራል፤ ልብ የሚያስበውንም እርሱ ያውቃል፤ ስለ ቅዱሳንም በእግዚአብሔር ዘንድ ይፈርዳል።
3046b89f-fbdd-5067-acc3-f45b07ebe40f,d11f7b68-30fd-5011-af0b-1dd691a7b301,50427dab-97c4-593b-a24f-48b8c0b17c15,11,28,እግዚአብሔር የሚወዱትን ምርጦቹን በበጎ ምግባር ሁሉ እንደሚረዳቸው እናውቃለን።
8dd105dc-d72a-5b3c-a81b-d5a2452e735e,d11f7b68-30fd-5011-af0b-1dd691a7b301,50427dab-97c4-593b-a24f-48b8c0b17c15,12,29,ልጁ በብዙዎች ወንድሞች መካከል በኵር ይሆን ዘንድ አስቀድሞ ያወቃቸውንና የመረጣቸውን እነርሱን ልጁን ይመስሉ ዘንድ አዘጋጅቶአቸዋል።
035d34ce-f162-5fc9-ada9-b39a85294bbd,d11f7b68-30fd-5011-af0b-1dd691a7b301,50427dab-97c4-593b-a24f-48b8c0b17c15,13,30,ያዘጋጃቸውን እነርሱን ጠራ፤ የጠራቸውንም እነርሱን አጸደቀ፤ የአጸደቃቸውንም እነርሱን አከበረ።
bdb7e031-b719-5c8f-a93b-81f093b4c0be,d11f7b68-30fd-5011-af0b-1dd691a7b301,50427dab-97c4-593b-a24f-48b8c0b17c15,14,31,እንግዲህ ስለዚህ ምን እንላለን? እግዚአብሔር ከእና ጋር ከሆነ ማን ይችለናል?
7d38fd72-c598-5532-a276-191fd5dcc5b8,d11f7b68-30fd-5011-af0b-1dd691a7b301,50427dab-97c4-593b-a24f-48b8c0b17c15,15,32,ለልጁ ስንኳ አልራራም፤ ስለ ሁላችን ቤዛ አድርጎ አሳልፎ ሰጠው እንጂ፥ እንግዲህ እርሱ ሁሉን እንዴት አይሰጠንም?
d11a0428-9e5d-572d-a986-83ce14b897be,d11f7b68-30fd-5011-af0b-1dd691a7b301,50427dab-97c4-593b-a24f-48b8c0b17c15,16,33,እንግዲህ እርሱ ራሱ ካጸደቀ እግዚአብሔር የመረጣቸውን ሰዎች የሚቃወማቸው ማነው?
fe472ec9-885e-53be-ae23-aca2a6813515,d11f7b68-30fd-5011-af0b-1dd691a7b301,50427dab-97c4-593b-a24f-48b8c0b17c15,17,34,የሚፈርድስ ማነው? የሞተው፥ ይልቁንም ከሙታን ተለይቶ የተነሣው፥ በእግዚአብሔርም ቀኝ የተቀመጠው፥ ደግሞ ስለ እና የሚፈርደው ኢየሱስ ክርስቶስ ነው።
f6a23d6b-a455-56f4-a605-4ba3d10f0f95,d11f7b68-30fd-5011-af0b-1dd691a7b301,50427dab-97c4-593b-a24f-48b8c0b17c15,18,35,ከክርስቶስ ፍቅር ማን ይለየናል? መከራ ነውን? ኀዘን ነውን? ስደት ነውን? ራብ ነውን? መራቆት ነውን? ጭንቀት ነውን? ሾተል ነውን?
f373c77c-442a-539a-a9c0-9884fdb1c1c3,d11f7b68-30fd-5011-af0b-1dd691a7b301,50427dab-97c4-593b-a24f-48b8c0b17c15,19,36,መጽሐፍ እንዳለ፥ “ስለ አንተ ዘወትር ይገድሉናል፤ እንደሚታረዱ በጎችም ሆነናል።”
d483c380-5c2e-53a4-a9a7-d6063c676094,d11f7b68-30fd-5011-af0b-1dd691a7b301,50427dab-97c4-593b-a24f-48b8c0b17c15,20,37,ነገር ግን በወደደን በእርሱ ሁሉን ድል እንነሣለን።
c626743e-0010-5dc6-a337-8cda2a7cc9e6,d11f7b68-30fd-5011-af0b-1dd691a7b301,50427dab-97c4-593b-a24f-48b8c0b17c15,21,38,ነገር ግን ሞትም ቢሆን፥ ሕይወትም ቢሆን፥ መላእክትም ቢሆኑ፥ አለቆችም ቢሆኑ፥ ያለውም ቢሆን፥ የሚመጣውም ቢሆን በጌታችን በኢየሱስ ክርስቶስ ካለ ከእግዚአብሔር ፍቅር ሊለየን እንደማይችል አምናለሁ።
9b684653-cc64-58cf-a6a3-015b9b0584f4,d11f7b68-30fd-5011-af0b-1dd691a7b301,50427dab-97c4-593b-a24f-48b8c0b17c15,22,39,ኀይልም ቢሆን፥ ከፍታም ቢሆን፥ ዝቅታም ቢሆን፥ ሌላ ፍጥረትም ቢሆን ከክርስቶስ ፍቅር ሊለየን የሚችል የለም።
0ac30c8a-2ac7-5711-a231-1485fca5c899,26deba80-f5d3-5b98-ab65-8f527c1d6b84,50d8a405-d5c3-5a58-ae88-a100d525e45a,1,1,በክርስቶስ እውነት እነግራችኋለሁ፤ ሐሰትም አልናገርም። ሕሊናዬም በመንፈስ ቅዱስ ይመሰክርልናል፤
265315a6-1806-5acf-a499-d2faed6dcaac,26deba80-f5d3-5b98-ab65-8f527c1d6b84,50d8a405-d5c3-5a58-ae88-a100d525e45a,2,2,በጊዜው ሁሉ ብዙ ኀዘን፥ የማያቋርጥም ጭንቀት በልቤ አለ።
2288f4a8-10cf-58ff-a752-9a0116b778ac,26deba80-f5d3-5b98-ab65-8f527c1d6b84,50d8a405-d5c3-5a58-ae88-a100d525e45a,3,3,በሥጋ ዘመዶችና ወንድሞች ስለሚሆኑ እኔ ከክርስቶስ እለይ ዘንድ እጸልያለሁ።
a97d4510-89de-53e1-adef-e15112a9a2f8,26deba80-f5d3-5b98-ab65-8f527c1d6b84,50d8a405-d5c3-5a58-ae88-a100d525e45a,4,4,እናህም ልጅነት፥ ክብር፥ ኪዳን፥ ሕግና አምልኮ ያላቸው፥ ተስፋም የተሰጣቸው እስራኤላውያን ናቸው።
7819dff5-9dd8-5654-acb1-1ce96ece9094,26deba80-f5d3-5b98-ab65-8f527c1d6b84,50d8a405-d5c3-5a58-ae88-a100d525e45a,5,5,እነርሱም አባቶቻችን ናቸው፤ ከእነርሱም ክርስቶስ በሥጋ ተወለደ፤ እርሱም ከሁሉ በላይ የሆነ ለዘለዓለም ቡሩክ አምላክ ነው፤ አሜን።
3bfc4a7f-b289-552d-aa9e-a148adc523c7,26deba80-f5d3-5b98-ab65-8f527c1d6b84,50d8a405-d5c3-5a58-ae88-a100d525e45a,6,6,ነገር ግን የእግዚአብሔር ቃል አይታበልም፤ እስራኤል ሁሉ እስራኤላውያን አይደሉምና።
6a9a1f9e-a339-5740-a93a-1de63c455427,26deba80-f5d3-5b98-ab65-8f527c1d6b84,50d8a405-d5c3-5a58-ae88-a100d525e45a,7,7,የአብርሃም ዘር ሁሉ ልጆቹ የሆኑት አይደለም፤ ከይስሐቅ ዘር ይጠራልሃል አለው እንጂ።
6bdb7abb-79b0-555f-ad2a-812c622af34a,26deba80-f5d3-5b98-ab65-8f527c1d6b84,50d8a405-d5c3-5a58-ae88-a100d525e45a,8,8,ልጆች እንዲሆኑት ተስፋ ያናገረለት የእግዚአብሔር ልጆች ናቸው፤ እነዚህ ከሥጋ የተወለዱ ግን የእግዚአብሔር ልጆች አይደሉም።
5df0d5e9-bf6b-5247-a44a-db1b4c3ac9d8,26deba80-f5d3-5b98-ab65-8f527c1d6b84,50d8a405-d5c3-5a58-ae88-a100d525e45a,9,9,“ከርሞ እንደ ዛሬ ወደ አንተ እመለሳለሁ፤ ሣራም ወንድ ልጅ ታገናለች፤” ብሎ ተስፋ ሰጥቶታልና።
ad769274-6231-5a99-aaa6-39012d04a8dd,26deba80-f5d3-5b98-ab65-8f527c1d6b84,50d8a405-d5c3-5a58-ae88-a100d525e45a,10,10,ነገር ግን ለእርስዋ ብቻ አይደለም፤ ርብቃም ለአባታችን ለይስሐቅ መንታ በፀነሰች ጊዜ፥
ae966816-c75f-59dd-a7f5-d35e806e154a,26deba80-f5d3-5b98-ab65-8f527c1d6b84,50d8a405-d5c3-5a58-ae88-a100d525e45a,11,11,ሳይወለዱ፥ ክፉና መልካም ሥራም ሳይሠሩ የእግዚአብሔር መምረጡ በምን እንደ ሆነ ይታወቅ ዘንድ፥
aec8000d-d98c-537d-a492-e76a6a40c4b6,26deba80-f5d3-5b98-ab65-8f527c1d6b84,50d8a405-d5c3-5a58-ae88-a100d525e45a,12,12,እርሱ የጠራው ነው እንጂ ሰው በሥራው የሚመረጥ አንዳይደለም ያውቁ ዘንድ፥ ለርብቃ፥ “ታላቁ ለታናሹ ይገዛል” አላት።
04be728e-d82a-5996-a941-535376d45475,26deba80-f5d3-5b98-ab65-8f527c1d6b84,50d8a405-d5c3-5a58-ae88-a100d525e45a,13,13,“ያዕቆብን ወደድሁ፤ ዔሳውን ግን ጠላሁ” ተብሎ እንዲሁ ተጽፎአልና።
4911f657-5c7b-5856-abe5-b17a64d8467a,26deba80-f5d3-5b98-ab65-8f527c1d6b84,50d8a405-d5c3-5a58-ae88-a100d525e45a,14,14,እንግዲህ ምን እንላለን? እግዚአብሔር ያደላልን? አያደላም።
94a09463-0da3-5f6a-afe1-2ee3bbd8bad0,26deba80-f5d3-5b98-ab65-8f527c1d6b84,50d8a405-d5c3-5a58-ae88-a100d525e45a,15,15,እግዚአብሔርም ሙሴን እንዲህ አለው፥ “የምምረውን እምረዋለሁ፤ ይቅር የምለውንም ይቅር እለዋለሁ።”
5786a611-7fd0-5f2f-af62-42f2e58529c3,26deba80-f5d3-5b98-ab65-8f527c1d6b84,50d8a405-d5c3-5a58-ae88-a100d525e45a,16,16,አሁንም ለሮጠና ለቀደመ አይደለም፤ እግዚአብሔር ይቅር ላለው ነው እንጂ።
600bd8eb-68c4-5df6-a880-b4ca47d135af,26deba80-f5d3-5b98-ab65-8f527c1d6b84,50d8a405-d5c3-5a58-ae88-a100d525e45a,17,17,እግዚአብሔርም ለፈርዖን በመጽሐፍ እንዲህ አለው፥ “ኀይሌን በአንተ ላይ እገልጥ ዘንድ፥ ስሜም በምድር ሁሉ ይሰማ ዘንድ ስለዚህ አስነሣሁህ።”
de962985-d3fa-5174-adca-796408b48503,26deba80-f5d3-5b98-ab65-8f527c1d6b84,50d8a405-d5c3-5a58-ae88-a100d525e45a,18,18,እነሆ፥ የሚወድደውን ይምረዋል፤ የሚወድደውንም ልቡን ያጸናዋል።
4385d81a-46eb-55bc-a65d-f93c8893ed64,26deba80-f5d3-5b98-ab65-8f527c1d6b84,50d8a405-d5c3-5a58-ae88-a100d525e45a,19,19,እንግዲህ ምን ትላለህ? አንተ እግዚአብሔርን ትነቅፈዋለህን? ምክሩንስ የሚቃወማት አለን?።
0c7c0e07-9bab-584a-aba6-a42924bd505c,26deba80-f5d3-5b98-ab65-8f527c1d6b84,50d8a405-d5c3-5a58-ae88-a100d525e45a,20,20,ሰው ሆይ፥ እግዚአብሔርን የምትከራከረው አንተ ምንድን ነህ? ሥራ ሠሪውን እንዲህ አታድርገኝ ሊለው ይችላልን?
6f51fa81-04b5-5238-a367-e655dcbc0a9d,26deba80-f5d3-5b98-ab65-8f527c1d6b84,50d8a405-d5c3-5a58-ae88-a100d525e45a,21,21,ሸክላ ሠሪ ከአንድ ጭቃ ግማሹን ለክብር፥ ግማሹንም ለኀሳር አድርጎ ዕቃን ሊሠራ አይችልምን?
e14d4579-e7a4-5494-a44f-6e45d23769d0,26deba80-f5d3-5b98-ab65-8f527c1d6b84,50d8a405-d5c3-5a58-ae88-a100d525e45a,22,22,እግዚአብሔርም ኀይሉን የሚገልጽበትን ቅጣቱን ሊያሳይ ቢወድ፥ ትዕግሥቱን ካሳየ በኋላ ለማጥፋት የተዘጋጁትን ቍጣውን የሚገልጽባቸውን መላእክት ያመጣል።
4c87de8f-aa6d-51b4-a239-bc6a92658787,26deba80-f5d3-5b98-ab65-8f527c1d6b84,50d8a405-d5c3-5a58-ae88-a100d525e45a,23,23,ዳግመናም የክብሩን ባለጠግነት ሊያሳይ ቢወድ አስቀድሞ ለወደዳቸውና ለጠራቸው ለይቅርታ የተዘጋጁ የምሕረት መላእክትን ያመጣል።
66f651c9-45bd-58f7-a33f-7394de8603d1,26deba80-f5d3-5b98-ab65-8f527c1d6b84,50d8a405-d5c3-5a58-ae88-a100d525e45a,24,24,ወደ ክብሩ የጠራንና የሰበሰበንም እና ነን፤ ነገር ግን ከአሕዛብም ነው እንጂ ከአይሁድ ብቻ አይደለም።
09897763-7bd5-53b5-adeb-ba8b2166e379,26deba80-f5d3-5b98-ab65-8f527c1d6b84,50d8a405-d5c3-5a58-ae88-a100d525e45a,25,25,ነቢዩ ሆሴዕ እንዲህ እንዳለ “ወገኔ ያልነበረውን ወገኔ አደርገዋለሁ፤ ወዳጄ ያልነበረችውንም ወዳጄ አደርጋታለሁ።
09d0ffb5-a8c8-5507-ab7e-95d52bf7be42,26deba80-f5d3-5b98-ab65-8f527c1d6b84,50d8a405-d5c3-5a58-ae88-a100d525e45a,26,26,የእግዚአብሔር ወገኖች አይደላችሁም ይባሉ በነበሩበት ሀገርም የእግዚአብሔር ልጆች ይሆናሉ።”
c1b2ab53-9ba7-598c-a5a8-c0056eb21663,26deba80-f5d3-5b98-ab65-8f527c1d6b84,50d8a405-d5c3-5a58-ae88-a100d525e45a,27,27,ኢሳይያስም ድምፁን ከፍ አድርጎ ስለ እስራኤል እንዲህ አለ፥ “የእስራኤል ልጆች ቍጥራቸው እንደ ባሕር አሸዋ ቢሆንም የተረፉት ይድናሉ።
ae948433-3d6b-5187-a6ed-b80180d7750f,26deba80-f5d3-5b98-ab65-8f527c1d6b84,50d8a405-d5c3-5a58-ae88-a100d525e45a,28,28,እግዚአብሔር በዓለም ውስጥ ያደርገው ዘንድ ያለውን ያለቀና የተቈረጠ ነገርን ይናገራልና።”
8e32a7ad-c8f4-578c-aa21-4f8402718314,26deba80-f5d3-5b98-ab65-8f527c1d6b84,50d8a405-d5c3-5a58-ae88-a100d525e45a,29,29,ኢሳይያስም አስቀድሞ እንደ ተናገረ “እግዚአብሔር ጸባኦት ዘር ያስቀረልን ባይሆን ኖሮ እንደ ሰዶም በሆን፥ ገሞራንም በመሰልን ነበር።”
7aebfc7f-1846-5e15-a023-8d8426ba1932,26deba80-f5d3-5b98-ab65-8f527c1d6b84,822d10d9-6588-5922-a0eb-6197953fd41c,1,30,እንግዲህ ምን እንላለን? ጽድቅን ያልፈለጉአት አሕዛብ ስንኳ ጽድቅን አገኙአት፤ በእምነትም ጸደቁ።
682ca827-92e0-5620-ac55-527a021fb103,26deba80-f5d3-5b98-ab65-8f527c1d6b84,822d10d9-6588-5922-a0eb-6197953fd41c,2,31,እስራኤል ግን ኦሪትን ሲከተሉ መጽደቅ ተሳናቸው፤ የኦሪታቸውን ሥራ አልፈጸሙምና።
5b7097f0-289c-50e4-af47-142fd6c1459f,26deba80-f5d3-5b98-ab65-8f527c1d6b84,822d10d9-6588-5922-a0eb-6197953fd41c,3,32,ይህስ ስለምን ነው? ጽድቃቸው የኦሪትን ሥራ በመሥራት እንጂ በእምነት ስለ አልሆነ ነው፤ የእንቅፋት ድንጋይ አሰነካከላቸው።
4f4c814b-733c-5d4a-ad46-28b55b0cbe48,26deba80-f5d3-5b98-ab65-8f527c1d6b84,822d10d9-6588-5922-a0eb-6197953fd41c,4,33,መጽሐፍ እንዲሁ “በጽዮን የእንቅፋት ድንጋይንና የማሰናከያ ዐለትን አኖራለሁ፤ ያመነባትም ለዘለዓለም አያፍርም” ብሎአልና።
bf8e2125-8c44-514e-a5cf-787379a622f0,eba30093-0fff-5591-a261-ea0defd8900c,2b7a741e-7d6b-5710-a4bd-18f6cb9c6f3c,1,1,ወንድሞች፥ የእኔስ የልቤ ምኞት፥ ወደ እግዚአብሔር የማቀርበው ጸሎትም እስራኤል እንዲድኑ ነው።
1c72381e-c774-5026-a0f5-b88af281461a,eba30093-0fff-5591-a261-ea0defd8900c,2b7a741e-7d6b-5710-a4bd-18f6cb9c6f3c,2,2,ለእግዚአብሔር እንዲቀኑ ምስክራቸው እኔ ነኝና፤ ነገር ግን ዐውቀው አይደለም።
c6fd88de-9b5d-5f0f-a86e-9a809ea890e5,eba30093-0fff-5591-a261-ea0defd8900c,2b7a741e-7d6b-5710-a4bd-18f6cb9c6f3c,3,3,የእግዚአብሔርን ጽድቅ አያውቁአትምና በራሳቸውም ጽድቅ ጸንተው ሊኖሩ ወደዱ፤ ለእግዚአብሔር ጽድቅ ግን መገዛት ተሳናቸው።
1f1f7dc8-fbd6-556d-aafc-74f9d47143d4,eba30093-0fff-5591-a261-ea0defd8900c,2b7a741e-7d6b-5710-a4bd-18f6cb9c6f3c,4,4,የኦሪት ጽድቅ ፍጻሜስ ለሚያምኑበት ሁሉ በክርስቶስ ማመን ነው።
fc587bf8-5333-5ffc-a8dd-51a5917a6e9b,eba30093-0fff-5591-a261-ea0defd8900c,2b7a741e-7d6b-5710-a4bd-18f6cb9c6f3c,5,5,ሙሴም “የኦሪትን ጽድቅ መሥራትን የፈጸመ ሁሉ በእርሱ ይጸድቅበታል” አለ።
9d3947b5-5620-538c-afcf-9c85f97c87f3,eba30093-0fff-5591-a261-ea0defd8900c,2b7a741e-7d6b-5710-a4bd-18f6cb9c6f3c,6,6,የእምነት ጽድቅ ግን እንዲህ ይላል፥ “በልብህ ወደ ሰማይ ማን ይወጣል?” አትበል፤ ከሰማይ የወረደው ክርስቶስ ነው።
35963cff-51d1-55c2-a33a-9bd11ac36cb0,eba30093-0fff-5591-a261-ea0defd8900c,2b7a741e-7d6b-5710-a4bd-18f6cb9c6f3c,7,7,“ወደ ጥልቁም ማን ይወርዳል?” አትበል፤ ከሙታን ተለይቶ የተነሣው ክርስቶስ ነው።
069184d6-90ff-5c7a-a48c-98aaba743d1f,eba30093-0fff-5591-a261-ea0defd8900c,2b7a741e-7d6b-5710-a4bd-18f6cb9c6f3c,8,8,መጽሐፍ እንዲሁ፥ “ቃል ለልብህም ለአፍህም ቀርቦልሃል ይል የለምን?” ይህም የምንሰብከው የእምነት ቃል ነው።
182321d7-2ba5-50aa-a8ab-e54448530ee5,eba30093-0fff-5591-a261-ea0defd8900c,2b7a741e-7d6b-5710-a4bd-18f6cb9c6f3c,9,9,ኢየሱስ ጌታ እንደ ሆነ በአፍህ ብትመሰክር እግዚአብሔርም ከሙታን ለይቶ እንደ አስነሣው በልብህ ብታምን ትድናለህ።
cc638288-dcf6-5104-aa53-099cbd75b7ae,eba30093-0fff-5591-a261-ea0defd8900c,2b7a741e-7d6b-5710-a4bd-18f6cb9c6f3c,10,10,በልቡ የሚያምን ይጸድቃልና፤ በአፉም የሚመሰክር ይድናልና።
d15ebd1a-2b81-54ba-a3a1-6e47802bf299,eba30093-0fff-5591-a261-ea0defd8900c,2b7a741e-7d6b-5710-a4bd-18f6cb9c6f3c,11,11,መጽሐፍ፥ “የሚያምንበት ሁሉ አያፍርም” ብሎአል።
67d51b7d-2ef6-543c-abd8-00704d52ee3d,eba30093-0fff-5591-a261-ea0defd8900c,2b7a741e-7d6b-5710-a4bd-18f6cb9c6f3c,12,12,አይሁዳዊንና አረማዊን አልለየም፤ አንዱ ጌታ የሁሉ ጌታ ነውና፥ እግዚአብሔር ባለጸጋ ስለሆነ ለለመነው ሁሉ ይበቃልና።
3af0f13e-8670-5435-a679-184aeb0c79b4,eba30093-0fff-5591-a261-ea0defd8900c,2b7a741e-7d6b-5710-a4bd-18f6cb9c6f3c,13,13,“የእግዚአብሔርን ስም የሚጠራ ሁሉ ይድናል።”
a1663f36-341c-5e28-a211-6a3c0fe967df,eba30093-0fff-5591-a261-ea0defd8900c,2b7a741e-7d6b-5710-a4bd-18f6cb9c6f3c,14,14,ነገር ግን ያላመኑበትን እንዴት ይጠሩታል? ባልሰሙትስ እንዴት ያምናሉ? ያለ ሰባኪስ እንዴት ይሰማሉ?
d999042e-62b8-5872-a88b-58c67d58319c,eba30093-0fff-5591-a261-ea0defd8900c,2b7a741e-7d6b-5710-a4bd-18f6cb9c6f3c,15,15,“መልካሙን የምሥራች የሚያወሩ እግሮቻቸው እንዴት ያማሩ ናቸው?” ተብሎ እንደ ተጻፈ ካልተላኩ እንዴት ይሰብካሉ?
f9168c3e-2f53-55ec-a9b0-3631b0db4939,eba30093-0fff-5591-a261-ea0defd8900c,2b7a741e-7d6b-5710-a4bd-18f6cb9c6f3c,16,16,ነገር ግን ሁሉም የወንጌልን ትምህርት የሰሙ አይደለም፤ ኢሳይያስም፥ “አቤቱ፥ ምስክርነታችንንስ ማን አመነ? የእግዚአብሔርስ ክንዱ ለማን ተገለጠ?” ብሎአልና።
ffd04e43-73e8-5506-a0cd-b1e6a347e117,eba30093-0fff-5591-a261-ea0defd8900c,2b7a741e-7d6b-5710-a4bd-18f6cb9c6f3c,17,17,ማመን ከመስማት ነው፤ መስማትም በእግዚአብሔር ቃል ነው።
2c074947-26e3-5d30-a0ca-43b55e5a70e4,eba30093-0fff-5591-a261-ea0defd8900c,2b7a741e-7d6b-5710-a4bd-18f6cb9c6f3c,18,18,ነገር ግን እንዲህ እላለሁ፤ በውኑ እስራኤል ብቻ አልሰሙምን? መጽሐፍ “ነገራቸው በምድር ሁሉ ተሰማ፤ ቃላቸውም እስከ ዓለም ዳርቻ ደረሰ” ብሎ የለምን?
fa9af755-bc0f-542b-a31b-5646a4e52c57,eba30093-0fff-5591-a261-ea0defd8900c,2b7a741e-7d6b-5710-a4bd-18f6cb9c6f3c,19,19,እስራኤል ብቻ አልሰሙምን? ሙሴስ አስቀድሞ እንዲህ ብሎአቸው የለምን? “እኔ በማያስተውሉ ወገኖች አስቀናቸዋለሁ፤ ወገን ባልሆነውም አስቈጣቸዋለሁ።”
7abefb21-d51a-5d05-a0c6-cdf56c780824,eba30093-0fff-5591-a261-ea0defd8900c,2b7a741e-7d6b-5710-a4bd-18f6cb9c6f3c,20,20,ኢሳይያስም ደፍሮ፥ “ለአልፈለጉኝ ተገኘሁ፤ ለአልጠየቁኝም ተገለጥሁላቸው” ብሏል።
c17d8310-5e09-5d98-a948-ca37f2dfb60a,eba30093-0fff-5591-a261-ea0defd8900c,2b7a741e-7d6b-5710-a4bd-18f6cb9c6f3c,21,21,ለእስራኤል ግን “ሁልጊዜ ከዳተኞችና ወንጀለኞች ወደሆኑት ሕዝብ እጄን ዘረጋሁ” ብሎአል።
69246c4f-197e-5b26-acef-256c8943e297,94d2c9b1-b235-5598-a231-fe162a059395,fda9163e-9ada-5d8a-ab02-144e2f4da542,1,1,እንግዲህ እላለሁ፤ እግዚአብሔር ሕዝቡን ጣላቸውን? አይደለም፤ እኔ ደግሞ ከአብርሃም ዘር ከብንያም ወገን የሆንሁ እስራኤላዊ ነኝ።
5da56cb6-aafb-5bb9-a705-4baeefb0f1a8,94d2c9b1-b235-5598-a231-fe162a059395,fda9163e-9ada-5d8a-ab02-144e2f4da542,2,2,እግዚአብሔር አስቀድሞ ያወቃቸውን ሕዝቡን አልጣላቸውም፤ ኤልያስ እስራኤልን ወደ እግዚአብሔር እንዲህ ሲል በከሰሳቸው ጊዜ መጽሐፍ ያለውን አታውቁምን?
be3b65f5-84b8-5cd2-a52c-4c22f06231d9,94d2c9b1-b235-5598-a231-fe162a059395,fda9163e-9ada-5d8a-ab02-144e2f4da542,3,3,“አቤቱ፥ ነቢያትህን ገደሉ፤ መሠዊያዎችህንም አፈረሱ፤ እኔም ብቻዬን ቀረሁ፤ ነፍሴንም ይሿታል።”
1c8ec318-2ec4-5088-a0fe-bc57074e7745,94d2c9b1-b235-5598-a231-fe162a059395,fda9163e-9ada-5d8a-ab02-144e2f4da542,4,4,የተገለጠለትስ ምን አለው? “ለጣዖት ያልሰገዱ ሰባት ሺህ ሰዎች ለእኔ አስቀርቻለሁ።”
6eeb9f2e-6504-5535-af1f-f688c463a177,94d2c9b1-b235-5598-a231-fe162a059395,fda9163e-9ada-5d8a-ab02-144e2f4da542,5,5,እንዲሁም ዛሬ በዚህ ዘመን በጸጋ የተመረጡና በእግዚአብሔር ያመኑ ቅሬታዎች አሉ።
b4e4b73c-e43e-5163-a235-89a3410e74e8,94d2c9b1-b235-5598-a231-fe162a059395,fda9163e-9ada-5d8a-ab02-144e2f4da542,6,6,በጸጋ ከጸደቁ ግን በሥራቸው አይደለማ፤ በሥራም የሚጸድቁ ከሆነ ጸጋ ጸጋ አይባልም።
067bbbe8-d226-5256-a538-71c36850ece0,94d2c9b1-b235-5598-a231-fe162a059395,fda9163e-9ada-5d8a-ab02-144e2f4da542,7,7,እንግዲህ ምንድን ነው? እስራኤል የፈለገውን አላገኘም። የተመረጠው ግን አግኝቶአል፤ የቀሩትም ታወሩ።
1333fec1-0949-59d2-ac1b-69f4f402b8aa,94d2c9b1-b235-5598-a231-fe162a059395,fda9163e-9ada-5d8a-ab02-144e2f4da542,8,8,መጽሐፍ እንዳለ፥ “እስከ ዛሬ ድረስ በዐይናቸው እንዳያዩ በጆሮአቸውም እንዳይሰሙ እግዚአብሔር ደንዛዛ አእምሮን ሰጣቸው።”
2f580207-eed7-5c9b-a78d-ec76ffb93de7,94d2c9b1-b235-5598-a231-fe162a059395,fda9163e-9ada-5d8a-ab02-144e2f4da542,9,9,ዳዊትም እንዲህ ብሎአል፥ “ማዕዳቸው በፊታቸው ወጥመድና አሽክላ፥ መሰናከያና ፍዳም ትሁንባቸው።
e9073404-aacb-50e5-ab86-dda1e9fbb154,94d2c9b1-b235-5598-a231-fe162a059395,fda9163e-9ada-5d8a-ab02-144e2f4da542,10,10,እንዳያዩ ዐይኖቻቸው ይጨልሙ፤ ዘወትርም ጀርባቸው ይጕበጥ።”
f7cec0f3-338b-58cc-a68e-2077e6b430fc,94d2c9b1-b235-5598-a231-fe162a059395,fda9163e-9ada-5d8a-ab02-144e2f4da542,11,11,እንግዲህ እላለሁ፤ ሊወድቁ ተሰናከሉን? አይደለም፤ ነገር ግን እስራኤል ይቀኑ ዘንድ እነርሱ በመሰናከላቸው ለአሕዛብ ድኅነት ሆነ።
5fda8b0c-b55c-5b16-ac33-7cfc8094c4b5,94d2c9b1-b235-5598-a231-fe162a059395,fda9163e-9ada-5d8a-ab02-144e2f4da542,12,12,የእነርሱ መሰናከል ለዓለም ባለጸግነት፥ በደላቸውም ለአሕዛብ ባለጸግነት ከሆነ ፍጹምነታቸውማ እንዴት በሆነ ነበር?
d695d954-2687-5849-ac08-04f7ae467c64,94d2c9b1-b235-5598-a231-fe162a059395,842cb574-684c-5b4e-a1f7-6f21ce687c7e,1,13,ለእናንተ ለአሕዛብ እናገራለሁ፤ እኔ ለአሕዛብ ሐዋርያቸው እንደ መሆኔ መጠን መልእክቴን አከብራታለሁ።
a9b3b249-00f6-58bc-aa84-40dedd4aef23,94d2c9b1-b235-5598-a231-fe162a059395,842cb574-684c-5b4e-a1f7-6f21ce687c7e,2,14,ይህም በዚህ ዘመዶችን አስቀናቸው እንደ ሆነ፥ ከእነርሱ ወገን የሆኑትንም አድን እንደ ሆነ ነው።
77699d1e-ccce-59b6-a225-914b10c0c1ba,94d2c9b1-b235-5598-a231-fe162a059395,842cb574-684c-5b4e-a1f7-6f21ce687c7e,3,15,የእነርሱ መውጣት ለዓለም ዕርቅ ከሆነ ይልቁንም መመለሳቸው ምን ይሆን? ከሙታን በመነሣት የሚገኝ ሕይወት ነው።
ade105fd-c5d7-5038-a56c-f03fc90602c9,94d2c9b1-b235-5598-a231-fe162a059395,842cb574-684c-5b4e-a1f7-6f21ce687c7e,4,16,እርሾው ቅዱስ ከሆነ ቡሆውም እንዲሁ ቅዱስ ነው፤ ሥርዋ ቅዱስ ከሆነም ቅርንጫፎችዋ እንዲሁ ቅዱሳን ይሆናሉ።
52eefc86-3679-5066-ad08-1fc674e35a98,94d2c9b1-b235-5598-a231-fe162a059395,842cb574-684c-5b4e-a1f7-6f21ce687c7e,5,17,ከቅርንጫፎችዋ አንዳንዶቹ ቢሰበሩ የዱር ወይራ የሆንህ አንተን በእነርሱ ፋንታ ተከሉ፤ የእነርሱንም ሥርነት አገኘህ፤ እንደ እነርሱም ዘይት ሆንኽ።
d94b327f-343a-5a83-a8d9-f7b6d8c29e66,94d2c9b1-b235-5598-a231-fe162a059395,842cb574-684c-5b4e-a1f7-6f21ce687c7e,6,18,በቅርንጫፎች ላይ አትኵራ፤ ብትኰራ ግን ሥሩ አንተን ይሸከምሃል እንጂ አንተ ሥሩን የምትሸከመው አይደለም።
de65c43d-1738-5af8-af23-d5d80812d208,94d2c9b1-b235-5598-a231-fe162a059395,842cb574-684c-5b4e-a1f7-6f21ce687c7e,7,19,ቅርንጫፎችዋ ተሰበሩ፤ በእነርሱም ፋንታ “እኔ የዘይት ቅርንጫፍ ሆንሁ” ትል ይሆናል።
21e9ff8a-2983-57fd-adb1-2a84b4aea95c,94d2c9b1-b235-5598-a231-fe162a059395,842cb574-684c-5b4e-a1f7-6f21ce687c7e,8,20,አላመኑምና ተሰበሩ፤ አንተ ግን ስለ አመንህ ቆመሃል፤ እንግዲህ ፈርተህ ኑር እንጂ ራስህን ከፍ ከፍ አታድርግ።
a9fecd4f-ab7f-5bcc-a70e-a2ac82a6e716,94d2c9b1-b235-5598-a231-fe162a059395,842cb574-684c-5b4e-a1f7-6f21ce687c7e,9,21,እግዚአብሔር በተፈጥሮአቸው ቅርንጫፎች ለነበሩ ለእነዚያ ከአልራራላቸው ለአንተም አይራራልህም፤
3c9a431a-a1de-5e61-aaa1-bc258eff5a7e,94d2c9b1-b235-5598-a231-fe162a059395,842cb574-684c-5b4e-a1f7-6f21ce687c7e,10,22,እንግዲህ የእግዚአብሔርን ርኅራኄውንና ጭካኔውን አስተውል፤ የወደቁትን ቀጣቸው፤ አንተን ግን ይቅር እንዳለህ ብትኖር ማረህ፤ ያለዚያ ግን አንተም ትቈረጣለህ።
a5cccf52-6c20-5cff-af38-0365605d84dd,94d2c9b1-b235-5598-a231-fe162a059395,842cb574-684c-5b4e-a1f7-6f21ce687c7e,11,23,እነርሱም ባለማመናቸው ጸንተው ባይኖሩ ይተከላሉ። እግዚአብሔር ዳግመና ሊተክላቸው ይችላልና።
c8280fac-e13d-5f52-a8a1-20d93b770a72,94d2c9b1-b235-5598-a231-fe162a059395,842cb574-684c-5b4e-a1f7-6f21ce687c7e,12,24,አንተ የዱር ወይራ፥ አንተን ስንኳ ከበቀልህበት ቈርጦ ባልበቀልህበት በመልካሙ ዘይት ስፍራ ከተከለህ፥ ይልቁን ጥንቱን ዘይት የነበሩትን እነዚያን በበቀሉበት ስፍራ እንዴት አብልጦ ሊተክላቸው አይችልም?
87ffa47d-4f6f-5547-a630-839a465130f7,94d2c9b1-b235-5598-a231-fe162a059395,cb4ba706-4233-5a7b-a78f-186457443d77,1,25,ወንድሞቻችን፥ እና ዐዋቂዎች ነን እንዳትሉ ይህን ምሥጢር ልታውቁ እወዳለሁ፦ አሕዛብ ሁሉ እስኪገቡ ድረስ ከእስራኤል እኩሌቶችን የልብ ድንቍርና አግኝቶአቸዋልና።
4efe19d4-f88f-5364-aded-37e1bc119036,94d2c9b1-b235-5598-a231-fe162a059395,cb4ba706-4233-5a7b-a78f-186457443d77,2,26,ከዚህ በኋላም መላው እስራኤል ይድናሉ፤ መጽሐፍ እንዲህ እንዳለ፥ “አዳኝ ከጽዮን ይወጣል፤ ከያዕቆብም ኀጢአትን ያስወግዳል።
a2f9f2f4-2366-597f-af9e-72237d098bd9,94d2c9b1-b235-5598-a231-fe162a059395,cb4ba706-4233-5a7b-a78f-186457443d77,3,27,ኀጢአታቸውንም ባራቅሁላቸው ጊዜ ከእነርሱ ጋር የምገባው ኪዳን ይህ ነው።”
c284ae77-9aed-5383-a487-5be0384ddc5e,94d2c9b1-b235-5598-a231-fe162a059395,cb4ba706-4233-5a7b-a78f-186457443d77,4,28,በወንጌል በኩል ስለ እናንተ ጠላቶቻችን ናቸው፤ በምርጫ በኩል ግን ስለ አባቶች ወዳጆች ናቸው።
0640ea95-9416-5bc5-a798-3d2fefbd2865,94d2c9b1-b235-5598-a231-fe162a059395,cb4ba706-4233-5a7b-a78f-186457443d77,5,29,በእግዚአብሔር ጸጋና በመጥራቱ ጸጸት የለምና።
48ad6d94-86c5-5989-ace3-3b90b43233b6,94d2c9b1-b235-5598-a231-fe162a059395,cb4ba706-4233-5a7b-a78f-186457443d77,6,30,ቀድሞ እናንተ እግዚአብሔርን እንደ አልታዘዛችሁት፥ ዛሬ ግን በእነርሱ አለመታዘዝ ይቅር እንዳላችሁ፥
8f317dc4-6b93-5ffc-a3b2-748bab7cb0c1,94d2c9b1-b235-5598-a231-fe162a059395,cb4ba706-4233-5a7b-a78f-186457443d77,7,31,እንዲሁም እናንተ በተማራችሁት ምሕረት እነርሱ ምሕረትን እንዲያገኙ እነርሱ ዛሬ አልታዘዙትም።
25408f5f-8c67-550b-a6eb-f5d5485e484f,94d2c9b1-b235-5598-a231-fe162a059395,cb4ba706-4233-5a7b-a78f-186457443d77,8,32,እግዚአብሔር ሁሉን ይቅር ይለው ዘንድ ሁሉን በኀጢአት ውስጥ ዘግቶታልና።
9385f450-8525-5145-af95-78ec2d223e88,94d2c9b1-b235-5598-a231-fe162a059395,cb4ba706-4233-5a7b-a78f-186457443d77,9,33,የእግዚአብሔር ባለጠግነት፥ ጥበብና ዕውቀት እንዴት ጥልቅ ነው! ለመንገዱም ፍለጋ የለውም፤ ፍርዱንም የሚያውቀው የለም።
a8ae092b-2923-5f78-a55a-59ba80fcdb7f,94d2c9b1-b235-5598-a231-fe162a059395,cb4ba706-4233-5a7b-a78f-186457443d77,10,34,“የእግዚአብሔርን ዐሳቡን ማን ያውቃል? ወይስ ማን ተማከረው?
2d9b2e47-24c3-5856-acb8-24279c24efef,94d2c9b1-b235-5598-a231-fe162a059395,cb4ba706-4233-5a7b-a78f-186457443d77,11,35,ብድሩን ይከፍል ዘንድ ለእርሱ አስቀድሞ ማን አበደረው?”
26516648-6487-5759-a632-0c7b7ddfe4ee,94d2c9b1-b235-5598-a231-fe162a059395,cb4ba706-4233-5a7b-a78f-186457443d77,12,36,ሁሉ ከእርሱ፥ በእርሱና ለእርሱ ነውና፤ ለእርሱም ለዘለዓለም ክብር ምስጋና ይሁን። አሜን።
2e3d94f8-6623-5a37-adab-d10b18034af2,258e9109-b024-5148-afde-cb739993e28d,48284fb0-6f09-5d7a-a680-99c52682ebd2,1,1,ወንድሞቻችን፥ ሰውነታችሁን ለእግዚአብሔር ሕያውና ቅዱስ፥ ደስ የሚያሰኝም መሥዋዕት አድርጋችሁ ታቀርቡ ዘንድ በእግዚአብሔር ርኅራኄ እማልዳችኋለሁ። ይህም በዕውቀት የሚሆን አገልግሎታችሁ ነው።
c75a4db5-4686-5b10-ad69-a6bb699a2711,258e9109-b024-5148-afde-cb739993e28d,48284fb0-6f09-5d7a-a680-99c52682ebd2,2,2,ይህን ዓለም አትምሰሉ፤ ልባችሁንም አድሱ፤ እግዚአብሔር የሚወደውን መልካሙንና እውነቱን፥ ፍጹሙንም መርምሩ።
82626141-9c16-5f34-a9f6-66bf6a04d361,258e9109-b024-5148-afde-cb739993e28d,48284fb0-6f09-5d7a-a680-99c52682ebd2,3,3,በተሰጠኝ በእግዚአብሔር ጸጋ ሁላችሁም እንዳትታበዩ እነግራችኋለሁ፤ ራሳችሁን ከዝሙት የምታነጹበትን ዐስቡ እንጂ ትዕቢትን አታስቡ፤ ሁሉም እንደ እምነቱ መጠን እግዚአብሔር እንደ አደለው ይኑር።
1f264c09-892e-5f88-a91c-bd67aa5537b3,258e9109-b024-5148-afde-cb739993e28d,48284fb0-6f09-5d7a-a680-99c52682ebd2,4,4,በአንዱ ሰውነታችን ብዙ የአካል ክፍሎች እንዳሉ፥ ሥራቸውም ልዩ ልዩ እንደ ሆነ፥
fe5f4c90-2adb-58e9-afb9-9a0f6582f5ee,258e9109-b024-5148-afde-cb739993e28d,48284fb0-6f09-5d7a-a680-99c52682ebd2,5,5,እንዲሁ ሁላችን ብዙዎች ስንሆን በክርስቶስ አንድ አካል ነን፤ እርስ በርሳችንም እያንዳንዳችን የሌላው አካሎች ነን፤ ስጦታውም ልዩ ልዩ ነው፤
89907e27-f679-54ea-a111-f0e2f563b3a8,258e9109-b024-5148-afde-cb739993e28d,48284fb0-6f09-5d7a-a680-99c52682ebd2,6,6,እግዚአብሔርም በሰጠን ጸጋ መጠን ልዩ ልዩ ስጦታ አለን። ትንቢት የሚናገር እንደ እምነቱ መጠን ይናገር።
71908044-c2d4-559c-ad70-81b4aeee9c9a,258e9109-b024-5148-afde-cb739993e28d,48284fb0-6f09-5d7a-a680-99c52682ebd2,7,7,የሚያገለግልም በማገልገሉ ይትጋ፤ የሚያስተምርም በማስተማሩ ይትጋ፤
c7c79ce6-3611-5d88-acc2-db29867372e0,258e9109-b024-5148-afde-cb739993e28d,48284fb0-6f09-5d7a-a680-99c52682ebd2,8,8,የሚመክርም በመምከሩ ይትጋ፤ የሚሰጥም በልግስና ይስጥ፤ የሚገዛም በትጋት ይግዛ፤ የሚመጸውትም በደስታ ይመጽውት።
0cbb9039-8c01-52d8-a7b4-8e0ce4b964ee,258e9109-b024-5148-afde-cb739993e28d,2c5462b3-eda1-536f-aa7b-41d382598da7,1,9,ፍቅራችሁ ያለ ግብዝነት ይሁን፤ ከክፉ ራቁ፤ በጎውንም ያዙ፤ ለጽድቅ አድሉ፤
b84023f0-d8ec-58c7-a4a1-0b8a82a153dd,258e9109-b024-5148-afde-cb739993e28d,2c5462b3-eda1-536f-aa7b-41d382598da7,2,10,እርስ በርሳችሁ በወንድማማችነት መዋደድ ተዋደዱ፤ የምትራሩም ሁኑ፤ እርስ በርሳችሁ ተከባበሩ፤ መምህሮቻችሁንም አክብሩ።
9ecc8e49-4a2f-55ab-a550-820cdf78af75,258e9109-b024-5148-afde-cb739993e28d,2c5462b3-eda1-536f-aa7b-41d382598da7,3,11,ለሥራ ከመትጋት አትስነፉ፤ በመንፈስ ሕያዋን ሁኑ፤ ለእግዚአብሔር ተገዙ፤
73d3428e-6220-52c4-a562-9702aeede2f5,258e9109-b024-5148-afde-cb739993e28d,2c5462b3-eda1-536f-aa7b-41d382598da7,4,12,በተስፋ ደስ ይበላችሁ፤ በመከራ ታገሡ፤ ለጸሎት ትጉ።
1568b95c-3707-5255-a4d2-10a91759762d,258e9109-b024-5148-afde-cb739993e28d,2c5462b3-eda1-536f-aa7b-41d382598da7,5,13,በችግራቸው ቅዱሳንን ለመርዳት ተባበሩ፤ እንግዳ መቀበልንም አዘውትሩ።
f874ac2e-7f4a-52f6-aeb4-08131a6d06b8,258e9109-b024-5148-afde-cb739993e28d,2c5462b3-eda1-536f-aa7b-41d382598da7,6,14,የሚያሳድዱአችሁን መርቁ፤ መርቁ እንጂ አትርገሙ።
6d4933cb-4e31-552e-a91a-6675cb6900cd,258e9109-b024-5148-afde-cb739993e28d,2c5462b3-eda1-536f-aa7b-41d382598da7,7,15,ደስ ከሚለው ጋር ደስ ይበላችሁ፤ ከሚያለቅሰው ጋርም አልቅሱ።
1afe7cbe-3721-591d-a193-865d7b7d36be,258e9109-b024-5148-afde-cb739993e28d,2c5462b3-eda1-536f-aa7b-41d382598da7,8,16,እርስ በርሳችሁም በአንድ ዐሳብ ተስማሙ፤ ትዕቢትን ግን አታስቡ፤ ራሱን የሚያዋርደውንም ሰው ምሰሉ፤ እና ዐዋቆች ነን አትበሉ።
a55a7158-a9da-5250-a0f8-b031045e991c,258e9109-b024-5148-afde-cb739993e28d,2c5462b3-eda1-536f-aa7b-41d382598da7,9,17,ክፉ ላደረገባችሁም ክፉ አትመልሱለት፤ በሰው ሁሉ ፊት በጎውን ተነጋገሩ።
26c4ead0-8c07-5242-ab91-b48330c18b5d,258e9109-b024-5148-afde-cb739993e28d,2c5462b3-eda1-536f-aa7b-41d382598da7,10,18,ቢቻላችሁስ ከሰው ሁሉ ጋር በሰላም ኑሩ።
57f5ecc8-5407-5500-a8c4-564595b8caac,258e9109-b024-5148-afde-cb739993e28d,2c5462b3-eda1-536f-aa7b-41d382598da7,11,19,ወንድሞቻችን፥ ራሳችሁ አትበቀሉ፤ ቍጣን አሳልፏት፥ “እኔ እበቀላለሁ፤ እኔ ብድራትን እከፍላለሁ ይላል እግዚአብሔር” ተብሎ ተጽፎአልና።
b8f9b597-e7b9-52a1-a1dd-db59bbcc42a2,258e9109-b024-5148-afde-cb739993e28d,2c5462b3-eda1-536f-aa7b-41d382598da7,12,20,ጠላትህ ቢራብ አብላው፤ ቢጠማም አጠጣው፤ ይህን ብታደርግ የእሳት ፍሕም በራሱ ላይ ትከምራለህ።
b4a0ba25-bbf8-5fcd-af57-612fcbb7e466,258e9109-b024-5148-afde-cb739993e28d,2c5462b3-eda1-536f-aa7b-41d382598da7,13,21,ክፉውን በመልካም ሥራ ድል ንሣው እንጂ ክፉውን በክፉ ድል አትንሣው።
dc39cf86-b447-5aa8-a02c-7b10e313aa4d,fe8a2d51-811e-5f6e-a6cf-1b6d46d20efa,05bdd07d-538b-5221-a770-dee8ca355dc0,1,1,ሰው ሁሉ በበላይ ላሉ ባለሥልጣኖች ይገዛ፤ ከእግዚአብሔር ከአልተገኘ በቀር ሥልጣን የለምና፤ ያሉትም ባለሥልጣኖች በእግዚአብሔር የተሾሙ ናቸው።
b12468e3-03f6-596b-a9e5-71059d1d61b1,fe8a2d51-811e-5f6e-a6cf-1b6d46d20efa,05bdd07d-538b-5221-a770-dee8ca355dc0,2,2,ለባለሥልጣን አልገዛም ያለ የእግዚአብሔርን ትእዛዝ እንቢ ማለቱ ነው፤ መገዛትን እንቢ የሚሉም በራሳቸው ላይ ቅጣትን ያመጣሉ።
8ce658d0-18bb-58eb-a18e-5c7412e6f790,fe8a2d51-811e-5f6e-a6cf-1b6d46d20efa,05bdd07d-538b-5221-a770-dee8ca355dc0,3,3,ሹሞች ሥራው ክፉ ለሆነ ሰው እንጂ መልካም ለሚሠራ የሚአስፈሩ አይደሉም፤ ሹሞችን እንዳትፈራ ብትፈልግ መልካም አድርግ፤ እነርሱ ደግሞ ያመሰግኑሃል፤
71486b80-4da4-5640-ae58-79f92965659a,fe8a2d51-811e-5f6e-a6cf-1b6d46d20efa,05bdd07d-538b-5221-a770-dee8ca355dc0,4,4,አንተ ሥራህን ታሳምር ዘንድ የእግዚአብሔር መልእክተኞች ናቸውና። ክፉ ብታደርግ ግን ፍራ፤ ሰይፍ የታጠቁም ለከንቱ አይደለም፤ ክፉ አድራጊዎችን ለመቅጣት የእግዚአብሔር አገልጋዮች ናቸውና።
996378e0-5cf3-5a14-a841-54a8ac693b17,fe8a2d51-811e-5f6e-a6cf-1b6d46d20efa,05bdd07d-538b-5221-a770-dee8ca355dc0,5,5,ስለዚህ ቍጣን ስለ መፍራት ብቻ አይደለም፤ ነገር ግን ስለ ሕሊና ደግሞ መገዛት ግድ ነው።
99fd1d9b-11be-530c-a6f5-e26ea707e201,fe8a2d51-811e-5f6e-a6cf-1b6d46d20efa,05bdd07d-538b-5221-a770-dee8ca355dc0,6,6,ስለዚህም ግብር ታገቡላቸዋላችሁ፤ ለዚህ ሥራ የተሾሙ የእግዚአብሔር አገልጋዮች ናቸውና፤
d3e77acc-028d-5f10-a176-659c25826dd3,fe8a2d51-811e-5f6e-a6cf-1b6d46d20efa,05bdd07d-538b-5221-a770-dee8ca355dc0,7,7,ለሁሉም እንደሚገባው አድርጉ፤ ግብር ለሚገባው ግብርን ስጡ፤ ቀረጥ ለሚገባው ቀረጥን ስጡ፤ ዐሥራት ለሚገባው ዐሥራትን ስጡ፤ ሊፈሩት የሚገባውን ፍሩ፤ ክብር የሚገባውንም አክብሩ።
8eec7638-ee77-5bb4-a67c-dcf635305d17,fe8a2d51-811e-5f6e-a6cf-1b6d46d20efa,84f42b83-552f-55a9-aaee-0c30953ffa47,1,8,እርስ በርሳችሁ ከመዋደድ በቀር ለማንም ዕዳ አይኑርባችሁ፤ ባልንጀራውን የወደደ ግን ሕግን ሁሉ ፈጸመ።
6bde5aec-3303-5eb2-aacb-2b94ced45f28,fe8a2d51-811e-5f6e-a6cf-1b6d46d20efa,84f42b83-552f-55a9-aaee-0c30953ffa47,2,9,በኦሪት እንዲህ ብሎአልና፥ “አታመንዝር፤ አትግደል፤ አትስረቅ፤ በሐሰት አትመስክር፥ አትመኝ፤” ደግሞ ሌላ ትእዛዝ አለ፤ ነገር ግን የሁሉም ራስ “ ባልንጀራህን እንደ ራስህ ውደድ” የሚለው ነው።
e885b5f6-05c1-5c7a-a56d-dccb82294465,fe8a2d51-811e-5f6e-a6cf-1b6d46d20efa,84f42b83-552f-55a9-aaee-0c30953ffa47,3,10,ባልንጀራዉን የሚወድ በባልንጀራዉ ላይ ክፉ ሥራ አይሠራም፤ ስለዚህ ፍቅር የሕግ ፍጻሜ ነው።
f237fd2c-e0d7-5e81-aa62-f7c0674a38eb,fe8a2d51-811e-5f6e-a6cf-1b6d46d20efa,84f42b83-552f-55a9-aaee-0c30953ffa47,4,11,ከእንቅልፍ የምትነቁበት ጊዜ እንደ ደረሰ ዕወቁ፤ ካመንበት ጊዜ ይልቅ መዳናችን ዛሬ ወደ እና ደርሳለችና።
bb8d0018-f29f-5a08-a86d-9aa8d65ea5d3,fe8a2d51-811e-5f6e-a6cf-1b6d46d20efa,84f42b83-552f-55a9-aaee-0c30953ffa47,5,12,ሌሊቱ አልፎአል፤ ቀኑም ቀርቦአል። እንግዲህ የጨለማን ሥራ ከእና እናርቅ፤ የብርሃንንም ጋሻ ጦር እንልበስ።
c226ce49-dc19-5dee-aff5-3892b2556496,fe8a2d51-811e-5f6e-a6cf-1b6d46d20efa,84f42b83-552f-55a9-aaee-0c30953ffa47,6,13,በቀን እንደሚሆን በጽድቅ ሥራ እንመላለስ፤ በዘፈንና በስካር፥ በዝሙትና በመዳራትም አይሁን፤ በክርክርና በቅናትም አይሁን።
c9a8acd4-4cd2-52ea-a7f9-4a519d1855a9,fe8a2d51-811e-5f6e-a6cf-1b6d46d20efa,84f42b83-552f-55a9-aaee-0c30953ffa47,7,14,ነገር ግን ጌታችን ኢየሱስ ክርስቶስን ልበሱት፤ የሥጋችሁንም ምኞት አታስቡ።
9ecfdcdd-5eb9-5797-a1fc-42e2996cf119,c8645d9f-54ba-5936-aeee-2a0f0a41a94a,15638f96-2715-570f-aaba-da2182635824,1,1,እምነቱ ደካማ የሆነውን ሰው ታገሡት፤ በዐሳቡም አትፍረዱ።
4594d556-8022-5411-a5c9-f7d443bd4721,c8645d9f-54ba-5936-aeee-2a0f0a41a94a,15638f96-2715-570f-aaba-da2182635824,2,2,ሁሉን ይበላ ዘንድ እንደ ተፈቀደለት የሚያምን ሁሉን ይብላ፤ የሚጠራጠር ግን አትክልት ይብላ።
22bb1c20-41ea-5692-a580-4135cf4ecfdb,c8645d9f-54ba-5936-aeee-2a0f0a41a94a,15638f96-2715-570f-aaba-da2182635824,3,3,የሚበላውም የማይበላውን አይናቀው፤ የማይበላውም የሚበላውን አይንቀፈው፤ ሁሉንም እግዚአብሔር አውቆአቸዋልና።
014db10f-0f15-5cd1-adf8-c48f226b8736,c8645d9f-54ba-5936-aeee-2a0f0a41a94a,15638f96-2715-570f-aaba-da2182635824,4,4,እንግዲህ የሌላውን ሎሌ የምትነቅፍ አንተ ማነህ? እርሱ ቢቆም ወይም ቢወድቅ ለጌታው ነው። ነገር ግን እግዚአብሔር ሊያነሣው ይችላልና ይቆማል።
af349b56-f1c1-50a9-af4e-639e0531c88f,c8645d9f-54ba-5936-aeee-2a0f0a41a94a,15638f96-2715-570f-aaba-da2182635824,5,5,ከቀን ቀን የሚከለከል አለና፤ ዘወትርም የሚከለከል አለና፤ ነገር ግን ሁሉም ልቡ እንደ ወደደ ያድርግ።
a727c7ad-ed02-5dc2-a62f-bba88a3a5044,c8645d9f-54ba-5936-aeee-2a0f0a41a94a,15638f96-2715-570f-aaba-da2182635824,6,6,አንዳንድ ቀን የተከለከለም ለእግዚአብሔር ተከለከለ፤ ዘወትር የተከለከለም ለእግዚአብሔር ተከለከለ፤ የበላም ለእግዚአብሔር በላ፤ እግዚአብሔርንም ያመሰግነዋል፤ ያልበላም ለእግዚአብሔር አልበላም፤ እግዚአብሔርንም ያመሰግነዋል።
251b6bea-bc79-5453-a739-867b60551eff,c8645d9f-54ba-5936-aeee-2a0f0a41a94a,15638f96-2715-570f-aaba-da2182635824,7,7,ከመካከላችንም ለራሱ የሚኖር፥ ለራሱም የሚሞት የለም።
775b73b0-3569-52c3-a38b-d0bee8cc570c,c8645d9f-54ba-5936-aeee-2a0f0a41a94a,15638f96-2715-570f-aaba-da2182635824,8,8,በሕይወት ብንኖርም ለእግዚአብሔር እንኖራለን፤ ብንሞትም ለእግዚአብሔር እንሞታለን፤ እንግዲህ በሕይወት ብንኖርም ብንሞትም ለእግዚአብሔር ነን።
b38c63bc-d6cd-56af-a531-6347a458e5af,c8645d9f-54ba-5936-aeee-2a0f0a41a94a,15638f96-2715-570f-aaba-da2182635824,9,9,ስለዚህ ሕያዋንንና ሙታንን ይገዛ ዘንድ ክርስቶስ ሞተ፥ ተነሣም።
227f452b-fe3f-56a5-a8b5-fbb997653fa9,c8645d9f-54ba-5936-aeee-2a0f0a41a94a,15638f96-2715-570f-aaba-da2182635824,10,10,እንግዲህ በወንድምህ ላይ የምትፈርድ አንተ ምንድን ነህ? ወንድምህንስ የምትነቅፍ አንተ ምንድን ነህ? ሁላችን በክርስቶስ የፍርድ ዙፋን ፊት እንቆማለንና።
e7591b70-09cb-5c79-aadc-8bf3d090e359,c8645d9f-54ba-5936-aeee-2a0f0a41a94a,15638f96-2715-570f-aaba-da2182635824,11,11,እግዚአብሔር እንዲህ ብሎአልና፥ “እኔ ሕያው ነኝ፤ ጕልበትም ሁሉ ለእኔ ይሰግዳል፤ አንደበትም ሁሉ ለእኔ ይገዛል።”
b539f963-938b-5fae-a13e-9076d9d75700,c8645d9f-54ba-5936-aeee-2a0f0a41a94a,15638f96-2715-570f-aaba-da2182635824,12,12,እነሆ፥ ሁላችን በእግዚአብሔር ዘንድ እንደምንመረመር ታወቀ።
e68246a5-2284-5c31-a913-b314bd9bf6c5,c8645d9f-54ba-5936-aeee-2a0f0a41a94a,3ca1b6e7-35c3-56f0-ad60-6cbf1c130293,1,13,እንግዲህ ከዛሬ ጀምሮ እርስ በርሳችን አንነቃቀፍ፤ ይልቁንም ለወንድም እንቅፋትን ወይም ማሰናከያን ማንም እንዳያኖር ይህን ዐስቡ።
780b6d1f-b62f-5e8b-aa36-908f2d229c3b,c8645d9f-54ba-5936-aeee-2a0f0a41a94a,3ca1b6e7-35c3-56f0-ad60-6cbf1c130293,2,14,በራሱ ርኩስ የሆነ ነገር እንደሌለ በጌታችን በኢየሱስ ሆኜ ዐውቄአለሁ፤ ተረድቼአለሁም፤ ነገር ግን ማናቸውም ነገር ርኩስ እንደሚሆን ለሚያስብ ያ ለእርሱ ርኩስ ነው።
a78fd2a5-767a-567f-ac02-0153ccb50b94,c8645d9f-54ba-5936-aeee-2a0f0a41a94a,3ca1b6e7-35c3-56f0-ad60-6cbf1c130293,3,15,በመብል ምክንያት ባልንጀራህን የምታሳዝን ከሆንህ ፍቅር የለህም፤ በውኑ ክርስቶስ ስለ እርሱ የሞተለት ያ ሰው በመብል ምክንያት ሊጐዳ ይገባልን?
8ce27b34-646a-521b-a38a-7fe2692b003d,c8645d9f-54ba-5936-aeee-2a0f0a41a94a,3ca1b6e7-35c3-56f0-ad60-6cbf1c130293,4,16,እንግዲህ ጌታችን የሰጠንን መልካሙን ነገር አታሰድቡ።
9ca069ef-2839-5e94-ab72-c780287a9b46,c8645d9f-54ba-5936-aeee-2a0f0a41a94a,3ca1b6e7-35c3-56f0-ad60-6cbf1c130293,5,17,የእግዚአብሔር መንግሥት ጽድቅና ሰላም፤ በመንፈስ ቅዱስም የሆነ ደስታ ነው እንጂ መብልና መጠጥ አይደለምና።
2afe73ae-84ac-515d-aac1-d341f8521891,c8645d9f-54ba-5936-aeee-2a0f0a41a94a,3ca1b6e7-35c3-56f0-ad60-6cbf1c130293,6,18,እንዲህ አድርጎ ለክርስቶስ የሚገዛ ግን እግዚአብሔርን ደስ የሚያሰኝና በሰውም ዘንድ የተመረጠ ነው።
63576597-c2ea-5763-a43c-3af758e21a88,c8645d9f-54ba-5936-aeee-2a0f0a41a94a,3ca1b6e7-35c3-56f0-ad60-6cbf1c130293,7,19,አሁንም ወንድማችን ይታነጽ ዘንድ ሰላምን እንከተላት።
bf4e3523-dc1e-56d3-a148-da76747689fa,c8645d9f-54ba-5936-aeee-2a0f0a41a94a,3ca1b6e7-35c3-56f0-ad60-6cbf1c130293,8,20,በመብል ምክንያት የእግዚአብሔርን ፍጥረት አናፍርስ፤ ለንጹሓን ሁሉ ንጹሕ ነው፤ ለሰውስ ክፉው ነገር በመጠራጠር መብላት ነው።
f64c00e6-2d30-5e12-ac0e-cb383b74f3b8,c8645d9f-54ba-5936-aeee-2a0f0a41a94a,3ca1b6e7-35c3-56f0-ad60-6cbf1c130293,9,21,ለወንድም ዕንቅፋት ከመሆን ሥጋን አለመብላት ወይንንም አለመጠጣት ይሻላል።
580c76c0-24e0-55a2-a412-f4d9d713429e,c8645d9f-54ba-5936-aeee-2a0f0a41a94a,3ca1b6e7-35c3-56f0-ad60-6cbf1c130293,10,22,እምነት ካለህ በእግዚአብሔር ፊት ባመንኸው እምነት ራስህን አጽና፤ ባገኘው አእምሮም ራሱን የሚዘልፍ ብፁዕ ነው።
7a85abb0-b8cb-544b-a09d-ed3380854519,c8645d9f-54ba-5936-aeee-2a0f0a41a94a,3ca1b6e7-35c3-56f0-ad60-6cbf1c130293,11,23,የሚጠራጠር ግን ቢበላ ይፈረድበታል፤ በማመን አልሆነምና፤ ያለ እምነትም የሚደረግ ሁሉ ኀጢአትና በደል ነው።
0234e662-c909-5090-a499-2d3ccd6d07aa,8fdfe88f-f63b-5108-af8a-f3d541604e3b,ad842397-68de-5382-aba2-4571984090be,1,1,የሚገባስ እና ብርቱዎች ደካሞችን በድካማቸው እንድንረዳቸው ነው፤ ለራሳችንም አናድላ።
b6b0e6a3-4157-5995-a8df-e6ca72e8ea80,8fdfe88f-f63b-5108-af8a-f3d541604e3b,ad842397-68de-5382-aba2-4571984090be,2,2,ሁላችንም በእውነትና በመልካም ሥራ ይታነጽ ዘንድ ለባልንጀራችን እናድላ።
9d00c5e7-4ce5-5c98-a14a-a5e1a4a5df6f,8fdfe88f-f63b-5108-af8a-f3d541604e3b,ad842397-68de-5382-aba2-4571984090be,3,3,ክርስቶስም፥ “አንተን የነቀፉበት ነቀፋ በእኔ ላይ ደረሰ” ብሎ መጽሐፍ እንደ ተናገረ ለራሱ ያደላ አይደለም።
4b8e25fc-9ba7-5ea3-aba1-f3b4397a0786,8fdfe88f-f63b-5108-af8a-f3d541604e3b,ad842397-68de-5382-aba2-4571984090be,4,4,የተጻፈው ሁሉ በመታገሣችንና መጻሕፍትን በመታመናችን ተስፋችንን እናገኝ ዘንድ እና ልንማርበት ተጻፈ።
b4e972ae-7aad-5468-a7ad-cf863c780461,8fdfe88f-f63b-5108-af8a-f3d541604e3b,ad842397-68de-5382-aba2-4571984090be,5,5,የትዕግሥትና የመጽናናት አምላክ እግዚአብሔር እንደ ኢየሱስ ክርስቶስ ፈቃድ እርስ በርሳችን አንድ ዐሳብ መሆንን ይስጠን።
6a3516ca-1d38-5d3f-a297-bd98acbe2e2d,8fdfe88f-f63b-5108-af8a-f3d541604e3b,ad842397-68de-5382-aba2-4571984090be,6,6,ሁላችን አንድ ሆነን በአንድ አፍ በጌታችን በኢየሱስ ክርስቶስ እግዚአብሔርን እናመሰግነው ዘንድ።
9493abf4-f2ba-5e95-a937-99d2455f21f5,8fdfe88f-f63b-5108-af8a-f3d541604e3b,bbd566fd-2a01-53be-a1d8-eb486974b4ce,1,7,አሁንም ባልንጀሮቻችሁን ተቀበሉ፤ ክርስቶስ ለእግዚአብሔር ክብር ተቀብሎአችኋልና።
554b0356-caef-59f6-a905-d145ae1777d5,8fdfe88f-f63b-5108-af8a-f3d541604e3b,bbd566fd-2a01-53be-a1d8-eb486974b4ce,2,8,እንግዲህ ክርስቶስ የእግዚአብሔርን ቃል እውነት ለማድረግ የአባቶቻችንንም ተስፋ ያጸና ዘንድ ለግዝረት መልእክተና ሆነ እላለሁ።
6521f689-060b-57c2-a588-2e7b54678dc1,8fdfe88f-f63b-5108-af8a-f3d541604e3b,bbd566fd-2a01-53be-a1d8-eb486974b4ce,3,9,አሕዛብም እግዚአብሔርን ያመሰግኑታል፤ ይቅር ብሎአቸዋልና፤ መጽሐፍ እንዲህ ብሎአልና፥ “አቤቱ፥ ስለዚህ በአሕዛብ መካከል እገዛልሃለሁ፤ ስምህንም አመሰግናለሁ።”
94e6aa8b-bfda-59fd-ad85-4594ec9f2d1b,8fdfe88f-f63b-5108-af8a-f3d541604e3b,bbd566fd-2a01-53be-a1d8-eb486974b4ce,4,10,ዳግመናም መጽሐፍ እንዲህ ብሎአል፥ “አሕዛብ ከሕዝቡ ጋር ደስ ይበላችሁ።”
cc555d01-593e-541d-a8ad-6a87ecce1f2b,8fdfe88f-f63b-5108-af8a-f3d541604e3b,bbd566fd-2a01-53be-a1d8-eb486974b4ce,5,11,ዳግመናም እንዲህ አለ፥ “አሕዛብ ሁላችሁ እግዚአብሔርን አመስግኑ፤ ሕዝቡም ሁሉ ያመሰግኑታል።”
16c3ab87-6e5c-5bb5-a0dc-79db10800ef0,8fdfe88f-f63b-5108-af8a-f3d541604e3b,bbd566fd-2a01-53be-a1d8-eb486974b4ce,6,12,ኢሳይያስም ደግሞ እንዲህ ብሎአል፥ “የእሴይ ዘር ይነሣል፤ ከእርሱ የሚነሣውም ለአሕዛብ ንጉሥ ይሆናል፤ ሕዝቡም ተስፋ ያደርጉታል።”
6d6abff3-e4fc-505f-a30c-ff0684ca5e3b,8fdfe88f-f63b-5108-af8a-f3d541604e3b,bbd566fd-2a01-53be-a1d8-eb486974b4ce,7,13,የተስፋ አምላክ እግዚአብሔርም በመንፈስ ቅዱስ ኀይል በተስፋ ያበዛችሁ ዘንድ በእምነት ደስታንና ሰላምን ሁሉ ይፈጽምላችሁ።
e04deb33-9fcb-5005-a9dd-0950c7002cd5,8fdfe88f-f63b-5108-af8a-f3d541604e3b,48243817-bf12-5ea1-a717-5614f70103dc,1,14,ወንድሞች ሆይ፥ እኔም በጎ ምግባርን ሁሉ እንደምትፈጽሙ እታመንባችኋለሁ፤ እናንተ ፍጹም ዕውቀትን የተመላችሁ ናችሁ፤ ባልንጀሮቻችሁንም ልታስተምሩአቸው ትችላላችሁ።
42cf7deb-9d2f-546f-a2fe-04875a49dc51,8fdfe88f-f63b-5108-af8a-f3d541604e3b,48243817-bf12-5ea1-a717-5614f70103dc,2,15,ከእግዚአብሔር ስለ አገኘሁት ጸጋ ላሳስባችሁ በአንዳንድ ቦታ በድፍረት ጻፍሁላችሁ።
a1cc901b-083e-5d05-a7ad-a86f411773b8,8fdfe88f-f63b-5108-af8a-f3d541604e3b,48243817-bf12-5ea1-a717-5614f70103dc,3,16,በአሕዛብ መካከል ኢየሱስ ክርስቶስን አገለግል ዘንድ፥ ለእግዚአብሔር ወንጌልም እገዛ ዘንድ፥ በእኔ ትምህርት አሕዛብ በመንፈስ ቅዱስ የተወደደና የተመረጠ መሥዋዕት ይሆኑ ዘንድ።
4c12a1a4-ed64-5652-a92d-89b03f001e39,8fdfe88f-f63b-5108-af8a-f3d541604e3b,48243817-bf12-5ea1-a717-5614f70103dc,4,17,ለእኔም በእግዚአብሔር ዘንድ መመኪያዬ ኢየሱስ ክርስቶስ ነው።
772d4581-76a4-5ce6-a937-9b2eaf94078d,8fdfe88f-f63b-5108-af8a-f3d541604e3b,48243817-bf12-5ea1-a717-5614f70103dc,5,18,አሕዛብም እንዲያምኑ ክርስቶስ በቃልም በሥራም ያደረገልኝን እናገር ዘንድ እደፍራለሁ።
39f0554c-2a44-5f23-a56c-6418adb698fb,8fdfe88f-f63b-5108-af8a-f3d541604e3b,48243817-bf12-5ea1-a717-5614f70103dc,6,19,በኀይልና በተአምራት፥ በመንፈስ ቅዱስ ኀይልና ድንቅ ሥራን በመሥራትም፥ ከኢየሩሳሌም አውራጃዎች ጀምሬ እስከ እልዋሪቆን ድረስ እንደ አስተማርሁ፥ የክርስቶስንም ወንጌል ፈጽሞ እንደ ሰበክሁ እናገር ዘንድ እደፍራለሁ።
cbb20de6-3fb0-5065-af1e-2e3766eec72b,8fdfe88f-f63b-5108-af8a-f3d541604e3b,48243817-bf12-5ea1-a717-5614f70103dc,7,20,ወንጌልን ለማስተማር ተጋሁ፤ ነገር ግን በሌላ መሠረት ላይ እንዳላንጽ የክርስቶስ ስም ወደ ተጠራበት አልሄድሁም።
734b0598-37c3-5965-a0b4-2fab03013701,8fdfe88f-f63b-5108-af8a-f3d541604e3b,48243817-bf12-5ea1-a717-5614f70103dc,8,21,“ወሬው ያልደረሳቸው ያውቁታል፤ ያልሰሙትም ያስተውሉታል” ብሎ መጽሐፍ እንደ ተናገረ ነው።
fa79ca1e-8766-5d1a-a646-e2abe3232d51,8fdfe88f-f63b-5108-af8a-f3d541604e3b,48243817-bf12-5ea1-a717-5614f70103dc,9,22,ዘወትር ወደ እናንተ ልመጣ እወድድ ነበር፤ ነገር ግን ተሳነኝ።
558f08ab-b39f-5de8-acd1-4a819176cdb9,8fdfe88f-f63b-5108-af8a-f3d541604e3b,48243817-bf12-5ea1-a717-5614f70103dc,10,23,አሁን ግን በዚህ ሀገር ሥራዬን ስለ ጨረስሁ፥ ከብዙ ጊዜም ጀምሮ ወደ እናንተ ልመጣ እተጋ ስለ ነበር፤
9ffa29d6-1302-5e2a-a59a-5d8cea701b71,8fdfe88f-f63b-5108-af8a-f3d541604e3b,48243817-bf12-5ea1-a717-5614f70103dc,11,24,ወደ አስባንያ ስሄድ እግረ መንገዴን ላያችሁ ተስፋ አደርጋለሁ፤ ቀደም ብዬ ከእናንተ ጋር ደስ ካለኝ በኋላም ከእናንተ ወደዚያ እሄዳለሁ።
5a285319-9911-51a1-a916-77b529045b20,8fdfe88f-f63b-5108-af8a-f3d541604e3b,f0b2f089-3fda-55a4-a8c6-edcbe52ac5e7,1,25,አሁን ግን ቅዱሳንን ለመርዳት ወደ ኢየሩሳሌም እሄዳለሁ።
72e6b74a-ea13-5dd1-aeba-59db365df2be,8fdfe88f-f63b-5108-af8a-f3d541604e3b,f0b2f089-3fda-55a4-a8c6-edcbe52ac5e7,2,26,መቄዶንያና አካይያ በኢየሩሳሌም ቅዱሳን መካከል ላሉ ድሆች አስተዋጽፅኦ ለማድረግ ተባብረዋልና።
c59399f7-8dfc-507a-aac6-3c0c316fdc2b,8fdfe88f-f63b-5108-af8a-f3d541604e3b,f0b2f089-3fda-55a4-a8c6-edcbe52ac5e7,3,27,የሚገባቸውም ሰለሆነ በመንፈሳዊ ሥራ አሕዛብን ከተባበሩአቸው ለሰውነታቸው በሚያስፈልጋቸው ሊረዱአቸው ይገባል።
c412ab3e-9083-5a76-aded-23d17c688497,8fdfe88f-f63b-5108-af8a-f3d541604e3b,f0b2f089-3fda-55a4-a8c6-edcbe52ac5e7,4,28,እንግዲህ ይህን ፍሬ ጨርሼና አትሜ በእናንተ በኩል ወደ አስባንያ እሄዳለሁ።
e53f1961-93fa-58fe-adaa-8a5e6cdbd067,8fdfe88f-f63b-5108-af8a-f3d541604e3b,f0b2f089-3fda-55a4-a8c6-edcbe52ac5e7,5,29,ነገር ግን በመጨረሻ ጊዜ በክርስቶስ ወንጌል በረከት ፍጹምነት እንደምትመጣ አምናለሁ።
8954e23b-2d3b-52a3-a752-a797959b47aa,8fdfe88f-f63b-5108-af8a-f3d541604e3b,f0b2f089-3fda-55a4-a8c6-edcbe52ac5e7,6,30,ወንድሞች፥ በጸሎታችሁ ስለ እኔ ወደ እግዚአብሔር ከእኔ ጋር ትተጉ ዘንድ በጌታችን በኢየሱስ ክርስቶስና በመንፈስ ቅዱስ ፍቅር እማልዳችኋለሁ።
1c747f52-e153-5884-a2b2-069a12b7b476,8fdfe88f-f63b-5108-af8a-f3d541604e3b,f0b2f089-3fda-55a4-a8c6-edcbe52ac5e7,7,31,ይኸውም በኢየሩሳሌም ያሉ ቅዱሳንን በአገልግሎቴ ደስ አሰናቸው ዘንድ በይሁዳ ሀገር ካሉ ዐላውያን እንዲያድነኝ ነው።
76c8bdcb-faa1-59a6-ab56-be74f1af3819,8fdfe88f-f63b-5108-af8a-f3d541604e3b,f0b2f089-3fda-55a4-a8c6-edcbe52ac5e7,8,32,እግዚአብሔርም ቢፈቅድ በደስታ ወደ እናንተ መጥቼ ከእናንተ ጋር ዐርፍ ዘንድ ነው።
ae2bcfa1-28d5-5ef3-a47a-7d6ececfca40,8fdfe88f-f63b-5108-af8a-f3d541604e3b,f0b2f089-3fda-55a4-a8c6-edcbe52ac5e7,9,33,የሰላም አምላክ ከእናንተ ጋር ይሁን፤ አሜን።
3eed537b-27cf-5d81-a148-0fa58afce103,4e515452-be8e-558e-aa8e-e2b3bc4c9dd2,4387f259-880d-591c-a04a-95967fcfe838,1,1,ለክንክራኦስ ቤተ ክርስቲያን የምትላላከውን እኅታችንን ፌቤንን አደራ እላችኋለሁ፤
04458f77-216b-5a3d-a138-3279754c33b2,4e515452-be8e-558e-aa8e-e2b3bc4c9dd2,4387f259-880d-591c-a04a-95967fcfe838,2,2,ለቅዱሳንም እንደሚገባ በጌታችን ተቀበሉአት፤ እርስዋ ለብዙዎች፥ ለእኔም ረዳት ናትና፤ ለችግራችሁም በፈቀዳችሁት ቦታ መድቡአት።
450549e9-6792-522d-a8f8-2faf1ec14cd7,4e515452-be8e-558e-aa8e-e2b3bc4c9dd2,4387f259-880d-591c-a04a-95967fcfe838,3,3,በኢየሱስ ክርስቶስ ሥራ ከእኔ ጋር የተባበሩትን ጵርስቅላንና አቂላን ሰላም በሉ፤
07aaa43a-631f-566a-a3a7-cd0e4c0de556,4e515452-be8e-558e-aa8e-e2b3bc4c9dd2,4387f259-880d-591c-a04a-95967fcfe838,4,4,ስለ እኔ ሰውነታቸውን ለመከራ አሳልፈው ሰጥተዋልና፤ የማመሰግናቸውም እኔ ብቻ አይደለሁም፤ ከአሕዛብ ያመኑ ምእመናን ሁሉ ያመሰግኑአቸዋል እንጂ።
b28d26e6-8fa3-5fc4-ae44-77c1746c24e6,4e515452-be8e-558e-aa8e-e2b3bc4c9dd2,4387f259-880d-591c-a04a-95967fcfe838,5,5,በቤታቸው ያሉትን ማኅበረ ክርስቲያንም ሰላም በሉ፤ ወዳጄ ኤጴኔጦስንም እንዴት ነህ? በሉ፤ ይኸውም በእስያ በክርስቶስ ላመኑ ሁሉ መጀመሪያቸው ነው።
46afa0b4-827c-5a78-a048-7ce20f408b93,4e515452-be8e-558e-aa8e-e2b3bc4c9dd2,4387f259-880d-591c-a04a-95967fcfe838,6,6,ለእናንተ ብዙ የደከመችላችሁን ማርያምንም ሰላም በሉ።
372a6163-a1a4-5be4-aab4-8c3a9f9eef52,4e515452-be8e-558e-aa8e-e2b3bc4c9dd2,4387f259-880d-591c-a04a-95967fcfe838,7,7,ከዘመዶች ወገን የሚሆኑትን ከእኔ ጋር ያመኑ እንድራናቆስንና ዩልያንን ሰላም በሉ፤ ቀደም ሲል ክርስቶስን እንደ አገለገሉ ሐዋርያት ያውቁአቸዋል።
01b4421e-d530-5afd-ac30-d9efbde168d7,4e515452-be8e-558e-aa8e-e2b3bc4c9dd2,4387f259-880d-591c-a04a-95967fcfe838,8,8,በክርስቶስ ወንድሜ የሆነውን አምጵልያጦስን ሰላም በሉ።
33f3a1bc-6a40-5618-a582-faa145434336,4e515452-be8e-558e-aa8e-e2b3bc4c9dd2,4387f259-880d-591c-a04a-95967fcfe838,9,9,የክርስቶስን ሥራ በመሥራት የምንተባበረውን ኡሩባኖስን፥ ወዳጄ ስንጣክንንም ሰላም በሉ።
38419bfc-f20e-5a39-aa92-a8ebdcf8f3e2,4e515452-be8e-558e-aa8e-e2b3bc4c9dd2,4387f259-880d-591c-a04a-95967fcfe838,10,10,በክርስቶስ የተመረጠውን ኤጤሌንን ሰላም በሉ፤ እነ አርስጠቦሎስንም ሰላም በሉ።
2ebbbc80-492f-5286-a635-045e76adc299,4e515452-be8e-558e-aa8e-e2b3bc4c9dd2,4387f259-880d-591c-a04a-95967fcfe838,11,11,ከዘመዶች ወገን የሚሆን ሄሮድዮናን ሰላም በሉ፤ በንርቃሶስ ቤት ያሉትንና በክርስቶስ ያመኑትን ምእመናን ሰላም በሉ።
e50f6523-74df-51c8-a16b-acd51f98304e,4e515452-be8e-558e-aa8e-e2b3bc4c9dd2,4387f259-880d-591c-a04a-95967fcfe838,12,12,በጌታችን ስም መከራ የተቀበሉትን የጢሮፊሞናንና የጢሮፊሞስን ወገኖች ሰላም በሉ። በጌታችን ስም ብዙ የደከመች እኅታችንን ጠርሴዳን ሰላም በሉ።
0f01dc4e-a9f4-5c9b-a9b0-559c112d62fb,4e515452-be8e-558e-aa8e-e2b3bc4c9dd2,4387f259-880d-591c-a04a-95967fcfe838,13,13,ጌታችን የመረጠው ሩፎንን፥ እናቱንም፥ ለእኔም እናቴ የሆነችውን ሰላም በሉ።
12320b41-224e-5438-a417-15f3d63b50d2,4e515452-be8e-558e-aa8e-e2b3bc4c9dd2,4387f259-880d-591c-a04a-95967fcfe838,14,14,አስቀሪጦስን፥ አልሶንጳን፥ ሄርሜስን፥ ጳጥሮባስን፥ ሄርማስን፥ ከእነርሱ ጋር ያሉ ወንድሞቻችንንም ሰላም በሉ።
c8d0ce5d-c673-5274-a53a-72dd9dc2e903,4e515452-be8e-558e-aa8e-e2b3bc4c9dd2,4387f259-880d-591c-a04a-95967fcfe838,15,15,ፊሎሎጎስን፥ ዩልያን፥ ኔርዮስን፥ እኅቱንም አሊንጳስን ከእነርሱም ጋር ያሉ ቅዱሳንን ሁሉ ሰላም በሉ።
f12f9f07-1112-59a6-a9b0-aaa2574d0943,4e515452-be8e-558e-aa8e-e2b3bc4c9dd2,4387f259-880d-591c-a04a-95967fcfe838,16,16,እርስ በርሳችሁ በተቀደሰ ሰላምታ ሰላም ተባባሉ፤ የክርስቶስ ማኅበረ ክርስቲያንም ሰላም ይሉአችኋል።
1d793e7f-29e0-5465-aa69-8266a8c25102,4e515452-be8e-558e-aa8e-e2b3bc4c9dd2,4387f259-880d-591c-a04a-95967fcfe838,17,17,ወንድሞቻችን ሆይ፥ እናንተ የተማራችሁትን ትምህርት የሚቃወሙትን፥ መለያየትንና ማሰናከያን የሚያደርጉትን እንድታውቁባቸው እማልዳችኋለሁ፤ ከእነርሱም ተለዩ፤
c1f6fd14-893e-5b57-a38d-e1552c0b3262,4e515452-be8e-558e-aa8e-e2b3bc4c9dd2,4387f259-880d-591c-a04a-95967fcfe838,18,18,እነርሱ ለጌታችን ለኢየሱስ ክርስቶስ ያይደለ ለሆዳቸው ይገዛሉና፤ በነገር ማታለልና በማለዛዘብም የብዙዎች የዋሃንን ልብ ያስታሉ፤
40b7e037-a22b-5f5e-a758-25dcd06f8ee8,4e515452-be8e-558e-aa8e-e2b3bc4c9dd2,4387f259-880d-591c-a04a-95967fcfe838,19,19,መታዘዛችሁም በሁሉ ዘንድ ተሰምቶአል፤ እኔም በእናንተ ደስ ይለናል፤ ለመልካም ነገር ጠቢባን፥ ለክፉ ነገርም የዋሃን እንድትሆኑ እፈልጋለሁ።
36302b15-a6a2-5737-a100-1c84dbd543a1,4e515452-be8e-558e-aa8e-e2b3bc4c9dd2,4387f259-880d-591c-a04a-95967fcfe838,20,20,የሰላም አምላክም ፈጥኖ ሰይጣንን ከእግራችሁ በታች ይቀጥቅጠው፤ የጌታችን የኢየሱስ ክርስቶስ ጸጋ ከእናንተ ጋር ይሁን፤ አሜን።
701e2d56-e561-5711-a471-99e05c1067a9,4e515452-be8e-558e-aa8e-e2b3bc4c9dd2,4387f259-880d-591c-a04a-95967fcfe838,21,21,ከእኔ ጋር በሥራ የሚተባበረው ጢሞቴዎስም፥ ከዘመዶች ወገን የሚሆኑ ሉቅዮስም፥ ኢያሶንም፥ ሱሲ ጴጥሮስም ሰላም ይሉአችኋል።
7955daaa-999a-5551-a86e-bdd101c1fbc1,4e515452-be8e-558e-aa8e-e2b3bc4c9dd2,4387f259-880d-591c-a04a-95967fcfe838,22,22,ይህችን መልእክት የጻፍኋት እኔ ጤርጥዮስ በጌታችን ስም ሰላም እላችኋለሁ።
0f26d29e-9649-5784-a1f4-c0ca8a388867,4e515452-be8e-558e-aa8e-e2b3bc4c9dd2,4387f259-880d-591c-a04a-95967fcfe838,23,23,እኔንና አብያተ ክርስቲያናትን ሁሉ በእንግድነት የተቀበለ ጋይዮስም ሰላም ብሎአችኋል፤ የከተማው መጋቢ አርስጦስና ወንድማችን ቁአስጥሮስም ሰላም ብለዋችኋል።
42f5b792-e7b0-5183-a253-c78f03b3f3e0,4e515452-be8e-558e-aa8e-e2b3bc4c9dd2,4387f259-880d-591c-a04a-95967fcfe838,24,24,ከዓለም አስቀድሞ ምሥጢሩ ተሰውሮ ስለ ነበረ ስለ ኢየሱስ ክርስቶስ በማስተምራት ትምህርት ላይ ሊያጸናችሁ የሚችለው እርሱ እግዚአብሔር ነው።
0789255f-a99d-58ff-ac9a-0181323524c2,4e515452-be8e-558e-aa8e-e2b3bc4c9dd2,4387f259-880d-591c-a04a-95967fcfe838,25,25,ይህም በነቢያት ቃልና የዘለዓለም ገዥ በሚሆን በእግዚአብሔር ትእዛዝ በዚህ ወራት ተገለጠ፤ አሕዛብ ሁሉ ይህን ሰምተውና ዐውቀው በእግዚአብሔር ልጅ በኢየሱስ ክርስቶስ ያምኑ ዘንድ።
221ce2bc-bbc7-5b9e-a4e3-4e9efbe75ed0,4e515452-be8e-558e-aa8e-e2b3bc4c9dd2,4387f259-880d-591c-a04a-95967fcfe838,26,26,ብቻውን ጠቢብ ለሆነው ለእግዚአብሔር ክብር ይሁን፤ አሜን።
fa2568d5-76e8-511d-abd7-5592a971da9d,4e515452-be8e-558e-aa8e-e2b3bc4c9dd2,4387f259-880d-591c-a04a-95967fcfe838,27,27,የጌታችን የኢየሱስ ክርስቶስ ጸጋ ከሁላችሁ ጋር ይሁን፤ አሜን።
4ecac20b-689e-596c-a448-eeff66fa2020,6d651acf-636a-501b-a761-d0b88b554da7,0094378b-d295-506a-a03f-4a74cfc49a2b,1,1,በእግዚአብሔር ፈቃድ የኢየሱስ ክርስቶስ ሐዋርያ ሊሆን ከተጠራ ከጳውሎስና ከወንድማችን ከሶስቴንስ፥
94fa39a6-fddf-53b4-ab6f-9c6c1089de8b,6d651acf-636a-501b-a761-d0b88b554da7,0094378b-d295-506a-a03f-4a74cfc49a2b,2,2,በቆሮንቶስ ሀገር ላለች ለእግዚአብሔር ቤተ ክርስቲያን በኢየሱስ ክርስቶስ ስም ለከበሩና ቅዱሳን ለተባሉ የእነርሱና የእኛ ጌታ የሆነውን የጌታችን የኢየሱስ ክርስቶስን ስም በየስፍራው ለሚጠሩ ሁሉ፥
05d6ba6a-c65c-5df2-ae0c-f88691775bf5,6d651acf-636a-501b-a761-d0b88b554da7,0094378b-d295-506a-a03f-4a74cfc49a2b,3,3,ከአባታችን ከእግዚአብሔር፥ ከጌታችን ከኢየሱስ ክርስቶስ ዘንድ ሰላምና ጸጋ ለእናንተ ይሁን።
dccaa345-3b3a-5b6f-a172-d2e636a4bac8,6d651acf-636a-501b-a761-d0b88b554da7,0094378b-d295-506a-a03f-4a74cfc49a2b,4,4,ስለ እናንተ በኢየሱስ ክርስቶስ ከእግዚአብሔር ዘንድ ለእናንተ ስለተሰጣችሁ ጸጋ ዘወትር እግዚአብሔርን አመሰግነዋለሁ።
7011dda8-85ca-5e45-aa80-559e39449f73,6d651acf-636a-501b-a761-d0b88b554da7,0094378b-d295-506a-a03f-4a74cfc49a2b,5,5,በአነጋገር ሁሉ፥ በዕውቀትም ሁሉ ከብራችሁበታልና።
27a18b2d-010d-5a8d-a48d-bf009781d334,6d651acf-636a-501b-a761-d0b88b554da7,0094378b-d295-506a-a03f-4a74cfc49a2b,6,6,ለክርስቶስ መመስከሬ በእናንተ እንደ ጸና መጠን።
9c3669c5-44a5-5428-ab67-4aac33df8c9b,6d651acf-636a-501b-a761-d0b88b554da7,0094378b-d295-506a-a03f-4a74cfc49a2b,7,7,ፍጹማንም እንድትሆኑ የጌታችን የኢየሱስ ክርስቶስንም መምጣት ተስፋ አድርጋችሁ ፍጹም ጸጋን እንዳታጡ፥
b2d6b50d-daaa-573c-a9c4-34d0f9ba4a51,6d651acf-636a-501b-a761-d0b88b554da7,0094378b-d295-506a-a03f-4a74cfc49a2b,8,8,እርሱም በጌታችን በኢየሱስ ክርስቶስ ቀን ያለ ነውር ትገኙ ዘንድ እስከ ፍጻሜ ያጸናችኋል።
eaa27564-a06a-5319-aeca-ab40ade52708,6d651acf-636a-501b-a761-d0b88b554da7,0094378b-d295-506a-a03f-4a74cfc49a2b,9,9,ከልጁ ከጌታችን ከኢየሱስ ክርስቶስ ጋር አንድ ትሆኑ ዘንድ የጠራችሁ እግዚአብሔር የታመነ ነው።
bba95877-480e-5dbc-aa18-33dccc50653f,6d651acf-636a-501b-a761-d0b88b554da7,d919501d-2b99-5059-add1-95113d59777c,1,10,ወንድሞቻችን! አንድ ቃል እንድትናገሩ፥ እንዳታዝኑ፥ ፍጹማንም እንድትሆኑ፥ ሁላችሁንም፦ በጌታችን በኢየሱስ ክርስቶስ ስም እማልዳችኋለሁ፤ እንዳትለያዩም አንድ ልብና አንድ አሳብ ሆናችሁ ኑሩ።
1e504275-eacd-5353-a039-8f5e2db1fcd1,6d651acf-636a-501b-a761-d0b88b554da7,d919501d-2b99-5059-add1-95113d59777c,2,11,ወንድሞቻችን ሆይ! እንደምትጣሉና እንደምትከራከሩ ከቀሎኤስ ወገኖች ስለ እናንተ ነገሩኝ።
7f0d5fb4-6713-572a-a6fb-5890cd1e62c4,6d651acf-636a-501b-a761-d0b88b554da7,d919501d-2b99-5059-add1-95113d59777c,3,12,እነሆ፥ እርስ በርሳችሁ፥ “እኔ የጳውሎስ ነኝ፤ እኔ የአጵሎስ ነኝ፤ እኔ የኬፋ ነኝ፤ እኔ የክርስቶስ ነኝ” የምትሉትን እነግራችኋለሁ።
f2557b09-4bd5-58d7-aab1-6f68cce6f20c,6d651acf-636a-501b-a761-d0b88b554da7,d919501d-2b99-5059-add1-95113d59777c,4,13,ክርስቶስ ተከፍሎአልን? ወይስ በውኑ ጳውሎስ ስለ እናንተ ተሰቅሎአልን? ወይስ በጳውሎስ ስም ተጠምቃችኋልን?
cd47b80a-cf53-53ff-a160-4ef2b03f0f42,6d651acf-636a-501b-a761-d0b88b554da7,d919501d-2b99-5059-add1-95113d59777c,5,14,ከቀርስጶስና ከጋይዮስ በቀር ከእናንተ ወገን ሌላ ስላላጠመቅሁ እግዚአብሔርን አመሰግነዋለሁ።
cab60229-ad31-5545-aea0-62dd7b5c1a3f,6d651acf-636a-501b-a761-d0b88b554da7,d919501d-2b99-5059-add1-95113d59777c,6,15,በእርሱ ስም ተጠመቅን የሚል እንዳይኖር።
e53d5635-681b-5ba2-a395-fea0c5403d8a,6d651acf-636a-501b-a761-d0b88b554da7,d919501d-2b99-5059-add1-95113d59777c,7,16,ነገር ግን የእስጢፋኖስን ቤተ ሰብእ አጥምቄአለሁ፤ እንግዲህ ሌላም ያጠመቅሁት እንዳለ አላውቅም።
9c6a697d-8306-5715-a722-be8a53740ce1,6d651acf-636a-501b-a761-d0b88b554da7,87650a52-da4a-5a5b-a15b-f0f404e97d25,1,17,ክርስቶስ ወንጌልን ለመስበክ እንጂ ለማጥመቅ አልላከኝምና፥ የክርስቶስን መስቀሉን ከንቱ እንዳናደርግ ነገርን በማራቀቅ አይደለም።
8f6a9697-a021-5320-a201-88eda8f444e2,6d651acf-636a-501b-a761-d0b88b554da7,87650a52-da4a-5a5b-a15b-f0f404e97d25,2,18,የመስቀሉ ነገር በሚጠፉ ሰዎች ዘንድ ስንፍና ነውና፥ ለምንድነው ለእኛ ግን የእግዚአብሔር ኀይል ነው።
8cb6ddd7-d854-5942-af9e-5984f530fd70,6d651acf-636a-501b-a761-d0b88b554da7,87650a52-da4a-5a5b-a15b-f0f404e97d25,3,19,መጽሐፍ እንዲህ ብሎአልና፥ “እኔ የጥበበኞችን ጥበብ አጠፋለሁ፤ የመካሪዎችንም ምክር እንቃለሁ።”
ca03d0a6-4381-54eb-aba3-8b88bf48b4ad,6d651acf-636a-501b-a761-d0b88b554da7,87650a52-da4a-5a5b-a15b-f0f404e97d25,4,20,እንግዲህ ጥበበኛ ማን ነው? ጸሓፊስ ማን ነው? ይህን ዓለምስ የሚመረምረው ማን ነው? እግዚአብሔር የዚህን ዓለም ጥበብ ስንፍና አላደረገውምን?
97b3f6b4-0e4f-5f46-a455-f762d12d6d25,6d651acf-636a-501b-a761-d0b88b554da7,87650a52-da4a-5a5b-a15b-f0f404e97d25,5,21,ሰዎች በጥበባቸው በማያውቁት በእግዚአብሔር ጥበብ ስንፍና በሚመስላቸው ትምህርት ያመኑትን ሊያድናቸው እግዚአብሔር ወድዶአልና።
7b0561ea-77dc-57a1-aab7-01866909f7c2,6d651acf-636a-501b-a761-d0b88b554da7,87650a52-da4a-5a5b-a15b-f0f404e97d25,6,22,አይሁድ ምልክትን ይጠይቃሉ፤ የጽርዕ ሰዎችም ጥበብን ይሻሉ።
0d764cbb-2093-58dd-aeab-0549486f5dc6,6d651acf-636a-501b-a761-d0b88b554da7,87650a52-da4a-5a5b-a15b-f0f404e97d25,7,23,እኛ ግን የተሰቀለውን ክርስቶስን እንሰብካለን፤ ይህም ለአይሁድ ማሰናከያ ለአሕዛብም ስንፍና ነው።
f9f985c9-09fb-5f4a-ae21-a9210f1045de,6d651acf-636a-501b-a761-d0b88b554da7,87650a52-da4a-5a5b-a15b-f0f404e97d25,8,24,ለእኛ ለዳንነው ግን ከአይሁድ፥ ከአረሚም ብንሆን ክርስቶስ የእግዚአብሔር ኀይል ነው፤ የእግዚአብሔርም ጥበብ ነው።
efd6a545-9a43-517e-a83c-d1c49b5d64df,6d651acf-636a-501b-a761-d0b88b554da7,87650a52-da4a-5a5b-a15b-f0f404e97d25,9,25,የእግዚአብሔር ስንፍና ከሰው ይልቅ ይጠበባልና፥ የእግዚአብሔርም ድካም ከሰው ይልቅ ይበረታልና።
b77ea36c-7ecc-5ebf-ab53-4753b4676ea4,6d651acf-636a-501b-a761-d0b88b554da7,87650a52-da4a-5a5b-a15b-f0f404e97d25,10,26,ወንድሞቻችን! እንግዲህ እንዴት እንደ ተጠራችሁ እዩ፤ በሥጋ እጅግ ብዙዎች ዐዋቂዎች አይደላችሁምና፥ ብዙዎች ኀያላንም አይደላችሁምና፥ በዘመድም ብዙዎች ደጋጎች አይደላችሁምና።
3e764e4a-2078-5df3-ac7c-3bc1a419ea39,6d651acf-636a-501b-a761-d0b88b554da7,87650a52-da4a-5a5b-a15b-f0f404e97d25,11,27,ነገር ግን እግዚአብሔር ጥበበኞችን ሊያሳፍር የዚህን ዓለም ሰነፎች መረጠ፤ ኀይለኞችንም ያሳፍር ዘንድ እግዚአብሔር የዚህን ዓለም ደካሞች መረጠ።
d4068888-4e66-5ecd-a358-4e21e8408620,6d651acf-636a-501b-a761-d0b88b554da7,87650a52-da4a-5a5b-a15b-f0f404e97d25,12,28,አለን የሚሉትንም ያሳፍር ዘንድ ዘመድ የሌላቸውንና የተናቁትን፥ ከቍጥርም ያልገቡትን እግዚአብሔር መረጠ።
9519232b-044b-5c31-af2e-d1d27f1f7d4a,6d651acf-636a-501b-a761-d0b88b554da7,87650a52-da4a-5a5b-a15b-f0f404e97d25,13,29,ሰው ሁሉ በእግዚአብሔር ፊት እንዳይመካ።
a494f2ad-a872-5660-a599-282e9f2df2e7,6d651acf-636a-501b-a761-d0b88b554da7,87650a52-da4a-5a5b-a15b-f0f404e97d25,14,30,እናንተም በኢየሱስ ክርስቶስ ከእርሱ ናችሁ፤ በእርሱም ከእግዚአብሔር ጥበብንና ጽድቅን፥ ቅድስናንና ቤዛነትን አገኘን።
a750e576-e99b-5331-a127-df12e31989b7,6d651acf-636a-501b-a761-d0b88b554da7,87650a52-da4a-5a5b-a15b-f0f404e97d25,15,31,መጽሐፍ እንደ አለው ይሆን ዘንድ “የሚመካስ በእግዚአብሔር ይመካ።”
9a1c63e1-341a-5a71-ae5f-9550204d89a9,7e85db38-d71d-563e-a7ca-c73e9dcb9a9d,46837697-3d6a-5ce1-a2a9-3ca8ecf9e3e2,1,1,ወንድሞቻችን ሆይ፥ እኔም ወደ እናንተ በመጣሁ ጊዜ በማባበልና ነገርን በማራቀቅ የእግዚአብሔርን ትምህርት ላስተምራችሁ የመጣሁ አይደለም።
ea63e0d9-e781-57d2-aabc-c167ee8f1e1e,7e85db38-d71d-563e-a7ca-c73e9dcb9a9d,46837697-3d6a-5ce1-a2a9-3ca8ecf9e3e2,2,2,ከተሰቀለው ከኢየሱስ ክርስቶስ በቀር በእናንተ ዘንድ ሌላ ነገር እሰማለሁ ብዬ አልጠረጠርሁም ነበር።
bfd4e09e-d680-54de-ab01-747ff47b7cba,7e85db38-d71d-563e-a7ca-c73e9dcb9a9d,46837697-3d6a-5ce1-a2a9-3ca8ecf9e3e2,3,3,እኔም በድካምና በፍርሀት፥ በብዙ መንቀጥቀጥም መጣሁ።
4d168d14-d41f-5050-aa29-d2a81c42593a,7e85db38-d71d-563e-a7ca-c73e9dcb9a9d,46837697-3d6a-5ce1-a2a9-3ca8ecf9e3e2,4,4,ቃሌም፥ ትምህርቴም መንፈስንና ኀይልን በመግለጥ ነበር እንጂ በሚያባብል በጥበብ ቃል አልነበረም።
443ffca5-473c-5cb8-a336-a5e73bfe6d51,7e85db38-d71d-563e-a7ca-c73e9dcb9a9d,46837697-3d6a-5ce1-a2a9-3ca8ecf9e3e2,5,5,ማመናችሁ በእግዚአብሔር ኀይል እንጂ በሰው ጥበብ እንዳይሆን።
817e1c61-fa8f-59ec-a8e3-0e88dc32d00e,7e85db38-d71d-563e-a7ca-c73e9dcb9a9d,2734fca2-088d-5c0b-a664-b9ecbf0d0c19,1,6,ለዐዋቆች ጥበብን እንነግራቸዋለን፤ ነገር ግን የዚህን ዓለም ጥበብ ወይም ያልፉ ዘንድ ያላቸውን የዚህን ዓለም ሹሞች ጥበብ አይደለም።
291bf053-5d96-5dbc-a564-ac4b35b82133,7e85db38-d71d-563e-a7ca-c73e9dcb9a9d,2734fca2-088d-5c0b-a664-b9ecbf0d0c19,2,7,ነገር ግን እግዚአብሔር አስቀድሞ ከዘመናት በፊት ለክብራችን የወሰነውን ተሰውሮም የነበረውን የእግዚአብሔር ጥበብ በምሥጢር እንናገራለን።
cfc2701c-78f0-54f1-a272-228fcf832c29,7e85db38-d71d-563e-a7ca-c73e9dcb9a9d,2734fca2-088d-5c0b-a664-b9ecbf0d0c19,3,8,የዚህ ዓለም ሹሞችም አላወቁትም፤ ይህንስ ቢያውቁ ኑሮ የክብር ባለቤትን ባልሰቀሉትም ነበር።
333432ee-16b5-50de-aa5c-e7ce982e1fed,7e85db38-d71d-563e-a7ca-c73e9dcb9a9d,2734fca2-088d-5c0b-a664-b9ecbf0d0c19,4,9,ነገር ግን መጽሐፍ፥ “ዐይን ያላየው፥ ጆሮም ያልሰማው፥ በሰውም ልቡና ያልታሰበ እግዚአብሔር ለሚወዱት ያዘጋጀው ነው።” ብሎ የለምን?
d7ce0b6d-58f4-5d73-a717-603036c579bb,7e85db38-d71d-563e-a7ca-c73e9dcb9a9d,2734fca2-088d-5c0b-a664-b9ecbf0d0c19,5,10,ለእኛም እግዚአብሔር በመንፈሱ ገለጠልን፤ መንፈስ ቅዱስ የእግዚአብሔርን ጥልቅ ምሥጢሩን ያውቃልና።
657e4253-db3a-56b1-a9cc-2f3b2bd42393,7e85db38-d71d-563e-a7ca-c73e9dcb9a9d,2734fca2-088d-5c0b-a664-b9ecbf0d0c19,6,11,በሰው ልቡና ያለውን የሚያውቅ ሰው ማን ነው? በእርሱ ያለችው ነፍሱ ናት እንጂ፤ እንዲሁም ከእግዚአብሔር መንፈስ በቀር የእግዚአብሔርን አሳብ የሚያውቅ የለም።
929b6504-02ec-5d3c-a5f4-5c9f833d788f,7e85db38-d71d-563e-a7ca-c73e9dcb9a9d,2734fca2-088d-5c0b-a664-b9ecbf0d0c19,7,12,እኛ የዚህን ዓለም መንፈስ የተቀበልን አይደለም፤ ነገር ግን እግዚአብሔር የሰጠንን ጸጋ እናውቅ ዘንድ ከእግዚአብሔር የሚሆነውን መንፈስ ተቀበልን።
034da705-92d7-5aeb-af9d-8dbc1cc3a13c,7e85db38-d71d-563e-a7ca-c73e9dcb9a9d,2734fca2-088d-5c0b-a664-b9ecbf0d0c19,8,13,ይህም ትምህርታችን ከሰው የተገኘ ትምህርት አይደለም፤ የአነጋገር ጥበብም አይደለም፤ መንፈስ ቅዱስ የገለጸው ትምህርት ነው እንጂ፤ መንፈሳዊ ጥበብም ከመንፈስ ቅዱስ የሚሆነውን መርምረው ለሚያውቁ ለመንፈሳውያን ነው።
18ac9652-e9f5-594b-a97a-38a908f30212,7e85db38-d71d-563e-a7ca-c73e9dcb9a9d,2734fca2-088d-5c0b-a664-b9ecbf0d0c19,9,14,ለሥጋዊ ሰው ግን የእግዚአብሔር መንፈስ ነገር ሞኝነት ይመስለዋልና፥ አይቀበለውም፤ በመንፈስም የሚመረመር ስለሆነ ሊያውቅ አይችልም።
2b435a27-54b9-5e9c-a593-635232866910,7e85db38-d71d-563e-a7ca-c73e9dcb9a9d,2734fca2-088d-5c0b-a664-b9ecbf0d0c19,10,15,መንፈስ ቅዱስ ያደረበት ሰው ግን ሁሉን ይመረምራል፤ እርሱን ግን የሚመረምረው የለም።
56360531-83d6-578c-a5b3-6192add7fbd9,7e85db38-d71d-563e-a7ca-c73e9dcb9a9d,2734fca2-088d-5c0b-a664-b9ecbf0d0c19,11,16,የእግዚአብሔርን አሳብ ማን ያውቃል? መካሩስ ማን ነው? እኛ ግን ክርስቶስ የሚገልጠው ዕውቀት አለን።
fac84d2e-f74f-5a8c-a9dd-d4368d8fdc62,28faae8f-605d-55fa-a7c4-3cbd000e6fae,a39477c6-0cb2-511d-a54a-c3bfde9f0e66,1,1,ወድሞች ሆይ፥ እኔስ የሥጋና የደም እንደ መሆናችሁ፥ ክርስቶስንም በማመን ሕፃናት እንደ መሆናችሁ እንጂ እንደ መንፈሳውያን ላስተምራችሁ አልቻልሁም።
c2f0c787-b3e9-55ee-aa68-4ac6e4770ced,28faae8f-605d-55fa-a7c4-3cbd000e6fae,a39477c6-0cb2-511d-a54a-c3bfde9f0e66,2,2,ወተትን ጋትኋችሁ፤ ጽኑ መብልም ያበላኋችሁ አይደለም፤ ገና አልጠነከራችሁምና፤
31c4267c-824b-5bee-aa6c-f607328aed80,28faae8f-605d-55fa-a7c4-3cbd000e6fae,a39477c6-0cb2-511d-a54a-c3bfde9f0e66,3,3,በሥጋዊ ሕግም ትኖራላችሁና እርስ በርሳችሁ የምትቃኑና የምትከራከሩ ከሆነ ግን ሥጋውያን መሆናችሁ አይደለምን? እንደ ሰው ልማድስ የምትኖሩ መሆናችሁ አይደለምን?
eadf34cf-cf30-5f2b-a756-301779609da0,28faae8f-605d-55fa-a7c4-3cbd000e6fae,a39477c6-0cb2-511d-a54a-c3bfde9f0e66,4,4,ከመካከላችሁ፥ “እኔ የጳውሎስ ነኝ” የሚል አለና፤ ሌላውም፥ “እኔ የአጵሎስ ነኝ” ቢል እናንተ ሥጋውያን መሆናችሁ አይደለምን?
c86c703d-a3a2-5b8f-a6cf-c09e0aafb6c2,28faae8f-605d-55fa-a7c4-3cbd000e6fae,a39477c6-0cb2-511d-a54a-c3bfde9f0e66,5,5,እንግዲህ ጳውሎስ ምንድን ነው? አጵሎስስ ምንድን ነው? እነርሱስ በቃላቸው የአመናችሁ አገልጋዮች ናቸው፤ ለእያንዳንዱም እግዚአብሔር እንደ ሰጠው ነው።
b1de0fce-ab76-54fd-a80d-f76ec8faeeaf,28faae8f-605d-55fa-a7c4-3cbd000e6fae,a39477c6-0cb2-511d-a54a-c3bfde9f0e66,6,6,እኔ ተከልሁ፤ አጵሎስም አጠጣ፤ ነገር ግን እግዚአብሔር አሳደገ።
9060c276-e472-5749-afe4-3b653c5dafe7,28faae8f-605d-55fa-a7c4-3cbd000e6fae,a39477c6-0cb2-511d-a54a-c3bfde9f0e66,7,7,አሁንም የሚተክልም ቢሆን፥ የሚያጠጣም ቢሆን የሚጠቅመው ነገር የለም፤ የሚያሳድግ እግዚአብሔር ነው እንጂ።
e9173167-57b6-5e81-a4c6-b4f984270f30,28faae8f-605d-55fa-a7c4-3cbd000e6fae,a39477c6-0cb2-511d-a54a-c3bfde9f0e66,8,8,የሚተክልም፥ የሚያጠጣም አንድ ናቸው፤ ሁሉም እንደ ድካማቸው ዋጋቸውን ይቀበላሉ።
206d18f0-9747-56cd-a05d-a051e7f78531,28faae8f-605d-55fa-a7c4-3cbd000e6fae,a39477c6-0cb2-511d-a54a-c3bfde9f0e66,9,9,በእግዚአብሔር ሥራ እንተባበራለንና፤ የእግዚአብሔርም አገልጋዮች ነንና፤ እናንተም የእግዚአብሔር ሕንፃ ናችሁ።
54a0277c-fe55-5f96-a12b-af01845a8d85,28faae8f-605d-55fa-a7c4-3cbd000e6fae,a39477c6-0cb2-511d-a54a-c3bfde9f0e66,10,10,እግዚአብሔር እንደ ሰጠኝ ጸጋ መጠን እንደ ብልህ የጠራቢዎች አለቃ ሆኜ እኔ መሠረት ጣልሁ፤ ሌላውም በእርሱ ላይ ያንጻል፤ እያንዳንዱ ግን በእርሱ ላይ እንዴት እንደሚያንጽ ይጠንቀቅ።
46454afa-3672-57e3-a9ab-5f3dae605864,28faae8f-605d-55fa-a7c4-3cbd000e6fae,a39477c6-0cb2-511d-a54a-c3bfde9f0e66,11,11,ነገር ግን ከተመሠረተው በቀር ሌላ መሠረት ሊመሠርት የሚችል የለም፤ መሠረቱም ኢየሱስ ክርስቶስ ነው።
dd11b366-8d9c-5d22-a7a0-439999b5055e,28faae8f-605d-55fa-a7c4-3cbd000e6fae,a39477c6-0cb2-511d-a54a-c3bfde9f0e66,12,12,በዚህ መሠረት ላይ በወርቅና በብር፥ በከበረ ድንጋይና በእንጨት፥ በሣርና በአገዳ የሚያንጽ ቢኖርም፥
d3f461d0-64da-5554-a462-2368143fb110,28faae8f-605d-55fa-a7c4-3cbd000e6fae,a39477c6-0cb2-511d-a54a-c3bfde9f0e66,13,13,የእያንዳንዱ ሥራ ይገለጻል፤ እሳትም በፈተነው ጊዜ ቀኑ ይገልጠዋል፤ የእያንዳንዱንም ሥራ እሳት ይፈትነዋል።
5ebaf829-dc9c-5440-acd2-6a116d7dae95,28faae8f-605d-55fa-a7c4-3cbd000e6fae,a39477c6-0cb2-511d-a54a-c3bfde9f0e66,14,14,ሥራው ጸንቶ የተገኘለት ሰው ዋጋውን የሚቀበል እርሱ ነው።
ea989154-2c50-5e59-a62b-4263bd0a61ba,28faae8f-605d-55fa-a7c4-3cbd000e6fae,a39477c6-0cb2-511d-a54a-c3bfde9f0e66,15,15,ሥራው የተቃጠለበት ግን ዋጋውን ያጣል፤ እርሱም ከእሳት እንደሚድን ሰው ይድናል።
60ec55d3-8548-58c4-a00e-09fe0d3937d3,28faae8f-605d-55fa-a7c4-3cbd000e6fae,a39477c6-0cb2-511d-a54a-c3bfde9f0e66,16,16,እናንተ የእግዚአብሔር ቤተ መቅደስ እንደ ሆናችሁ፥ የእግዚአብሔር መንፈስም በእናንተ ላይ አድሮ እንደሚኖር አታውቁምን?
b8d751f9-2947-57c9-aee7-49c83e943eef,28faae8f-605d-55fa-a7c4-3cbd000e6fae,a39477c6-0cb2-511d-a54a-c3bfde9f0e66,17,17,የእግዚአብሔርን ቤተ መቅደስ የሚያፈርሰውን ግን እርሱን ደግሞ እግዚአብሔር ያፈርሰዋል፤ የእግዚአብሔር ቤተ መቅደስ ነውና፤ የእግዚአብሔር ቤተ መቅደስም እናንተ ራሳችሁ ናችሁ፤ እንግዲያስ የእግዚአብሔርን ቤተ መቅደስ አታርክሱ።
e3ffdcf4-daa7-5687-a3aa-1ba8ac9028c9,28faae8f-605d-55fa-a7c4-3cbd000e6fae,a39477c6-0cb2-511d-a54a-c3bfde9f0e66,18,18,ራሳችሁን አታስቱ፤ ከመካከላችሁ በዚህ ዓለም ጥበበኛ እንደ ሆነ የሚያስብ ሰው ጥበበኛ ይሆን ዘንድ ራሱን ዐላዋቂ ያድርግ።
eedb4843-3823-5177-aa64-80a3392852a1,28faae8f-605d-55fa-a7c4-3cbd000e6fae,a39477c6-0cb2-511d-a54a-c3bfde9f0e66,19,19,የዚህ ዓለም ጥበብ በእግዚአብሔር ዘንድ ድንቍርና ነውና፤ መጽሐፍ እንዲህ ብሎአልና፥ “ጠቢባንን የሚገታቸው ተንኰላቸው ነው።”
0e3fb08b-fbc5-5ac9-a3b7-26bf2aa5a48e,28faae8f-605d-55fa-a7c4-3cbd000e6fae,a39477c6-0cb2-511d-a54a-c3bfde9f0e66,20,20,ዳግመኛ “የጥበበኞች አሳብ ከንቱ እንደ ሆነ እግዚአብሔር ያውቃል” ብሎአል።
a3b8f8f4-7d0a-53d0-a9c0-94925ee3d08a,28faae8f-605d-55fa-a7c4-3cbd000e6fae,a39477c6-0cb2-511d-a54a-c3bfde9f0e66,21,21,ስለዚህም እንግዲህ አንዱ ስንኳ በሰው አይመካ፤ ሁሉ የእናንተ ነውና።
f715203c-2e9d-5fba-ac8f-5a23f2106e53,28faae8f-605d-55fa-a7c4-3cbd000e6fae,a39477c6-0cb2-511d-a54a-c3bfde9f0e66,22,22,ጳውሎስም ቢሆን፥ አጵሎስም ቢሆን፥ ጴጥሮስም ቢሆን፥ ዓለምም ቢሆን፥ ሕይወትም ቢሆን፥ ሞትም ቢሆን፥ ያለውም ቢሆን፥ የሚመጣውም ቢሆን ሁሉ የእናንተ ነው።
2534e0ce-6f8a-56fe-a82c-1e8639628168,28faae8f-605d-55fa-a7c4-3cbd000e6fae,a39477c6-0cb2-511d-a54a-c3bfde9f0e66,23,23,እናንተ ግን የክርስቶስ ናችሁ፤ ክርስቶስም የእግዚአብሔር ነው።
799b6236-c6b4-5bfe-adb3-ac299dd47606,150ec840-806b-585a-a731-547c4297c57b,515025c4-639d-5536-a202-3838470e3457,1,1,እኛ የክርስቶስ አገልጋዮችና የእግዚአብሔር የምሥጢሩ መጋቢዎች እንደ ሆን ሰው ስለ እኛ እንዲህ ያስብ።
206c203e-1b1b-5f90-a41a-78d43e17ddab,150ec840-806b-585a-a731-547c4297c57b,515025c4-639d-5536-a202-3838470e3457,2,2,እንግዲህ በዚህ ከመጋቢዎች እያንዳንዱ ቸርና ታማኝ ሆኖ እንዲገኝ ይፈለጋል።
48afe23a-990c-54b9-a58a-644b2c71a02c,150ec840-806b-585a-a731-547c4297c57b,515025c4-639d-5536-a202-3838470e3457,3,3,ለእኔስ በእናንተ ዘንድ መመስገን ውርደት ነው፤ ጻድቅ ብትሉኝ፥ በመዋቲ ሰው ዘንድም ቸር ብላችሁ ብታከብሩኝ እኔ ለራሴ አልፈርድም።
46f15ba9-4097-59c0-a5e2-50ea21464200,150ec840-806b-585a-a731-547c4297c57b,515025c4-639d-5536-a202-3838470e3457,4,4,የሚያጠራጥረኝና ትዝ የሚለኝ ነገር የለም፤ በዚህም ራሴን አላመጻድቅም፤ እግዚአብሔር ይመረምረኛልና።
fb37ece2-2d2d-5d1a-aa72-8d06c514b5e8,150ec840-806b-585a-a731-547c4297c57b,515025c4-639d-5536-a202-3838470e3457,5,5,ጊዜው ሳይደርስ ዛሬ ለምን ትመረምራላቸሁ? በጨለማ ውስጥ የተሰወረውንም የሚያበራ፥ የልብን አሳብም የሚገልጥ ጌታችን ይመጣል፤ ያንጊዜ ሁሉም ዋጋውን ከእግዚአብሔር ዘንድ ይቀበላል።
bc9933d5-1b44-5186-a2bf-23c7399ef6fd,150ec840-806b-585a-a731-547c4297c57b,515025c4-639d-5536-a202-3838470e3457,6,6,ወንድሞቻችን ሆይ! እኔም፥ አጵሎስም ብንሆን መከራ የተቀበልነው ስለ እናንተ ነው፤ እናንተ እንድትማሩ፥ ከመጻሕፍት ቃልም ወጥታችሁ በወንድሞቻችሁ ላይ እንዳትታበዩ ነው።
61e1abfc-65d5-50ba-aaa6-5fff4407c431,150ec840-806b-585a-a731-547c4297c57b,515025c4-639d-5536-a202-3838470e3457,7,7,ማን ይመረምርሃል? የምትታበይስ በምንድን ነው? ከሌላ ያላገኘኸው አለህን? ያለህንም ከሌላ ካገኘህ እንዳላገኘ ለምን ትኮራለህ?
df8eff1e-9fb7-55e7-a3e2-01f9239161b5,150ec840-806b-585a-a731-547c4297c57b,515025c4-639d-5536-a202-3838470e3457,8,8,እናንተ አሁን ጠግባችኋል፤ በልጽጋችኋልም፤ ያለእኛም ፈጽማችሁ ነግሣችኋል፤ እኛም ከእናንተ ጋር እንድንነግሥ ብትነግሡ አግባብ በሆነ ነበር።
3c08cb4d-9297-5d51-aa47-26e75ed7f54f,150ec840-806b-585a-a731-547c4297c57b,515025c4-639d-5536-a202-3838470e3457,9,9,እኔስ ለሞት ዝግጁዎች እንደ መሆናችን እኛን ሐዋርያቱን እግዚአብሔር የኋለኞች ያደረገን ይመስለኛል፤ እኛ ለሰዎችም፥ ለአለቆችም፥ ለዓለምም መዘባበቻ ሆነናልና።
84d45178-24aa-58cc-aabe-23213a25334c,150ec840-806b-585a-a731-547c4297c57b,515025c4-639d-5536-a202-3838470e3457,10,10,እኛስ ስለ ክርስቶስ ብለን አላዋቂዎች ነን፤ እናንተ ግን በክርስቶስ ጠቢባን ናችሁ፤ እኛ ደካሞች ነን፤ እናንተ ግን ብርቱዎች ናችሁ፤ እናንተ ክቡራን ናችሁ፤ እኛ ግን የተዋረድን ነን።
cff321c0-3258-5c3d-abe0-d2af87db2b4a,150ec840-806b-585a-a731-547c4297c57b,515025c4-639d-5536-a202-3838470e3457,11,11,እኛ እስከዚች ቀን ድረስ እንራባለን፤ እንጠማለን፤ እንራቈታለን፤ እንሰደዳለን፤ ማረፊያም የለንም፤ እንደበደባለንም።
374120de-f6fd-5acf-aee4-f68a3fdf8946,150ec840-806b-585a-a731-547c4297c57b,515025c4-639d-5536-a202-3838470e3457,12,12,በእጃችን ሥራ እያገለገልን እንደክማለን፤ ይረግሙናል፤ እኛ ግን እንመርቃቸዋለን፤ ያሳድዱናል፤ እኛ ግን እንጸልይላቸዋለን፤ እንታገሣቸዋለንም።
0c8372b3-310d-5b49-a4a5-085ca4d335a1,150ec840-806b-585a-a731-547c4297c57b,515025c4-639d-5536-a202-3838470e3457,13,13,ይሰድቡናል፥ እንማልዳቸዋለን፤ በዓለም እንደ ጊጤ ሆን፤ በሁሉም ዘንድ የተናቅን ሆን።
2304ba99-7fb8-596b-aa1a-b10178c7c477,150ec840-806b-585a-a731-547c4297c57b,515025c4-639d-5536-a202-3838470e3457,14,14,ይህንም የጻፍሁላችሁ ላሳፍራችሁ አይደለም፤ ልጆችና ወዳጆች እንደ መሆናችሁ ልመክራችሁና ላስተምራችሁ ነው እንጂ፤ እኔ ለሁላችሁ ቤዛችሁ ነኝ፤ እናንተ ግን አላፈራችሁኝም።
c55f56b6-a3fe-54e5-abe7-e9c2af29954e,150ec840-806b-585a-a731-547c4297c57b,515025c4-639d-5536-a202-3838470e3457,15,15,በክርስቶስ ብዙ መምህራን ቢኖሩአችሁም አባቶቻችሁ ብዙዎች አይደሉም፤ እኔ በኢየሱስ ክርስቶስ በትምህርት ወልጄአችኋለሁና።
cc7eb790-77f9-5bf9-abf2-448d846a3fe4,150ec840-806b-585a-a731-547c4297c57b,9e838ca3-c7ef-5e14-a5a8-1332e33392cb,1,16,ወንድሞቻችን ሆይ! እኔን እንድትመስሉ እማልዳችኋለሁ፤
2903ca4c-c2f2-522d-aa96-9bb7d0f480ee,150ec840-806b-585a-a731-547c4297c57b,9e838ca3-c7ef-5e14-a5a8-1332e33392cb,2,17,ስለዚህም በየስፍራው በአብያተ ክርስቲያናት ሁሉ እንዳስተማርሁ በክርስቶስ ኢየሱስ የሄድሁበትን መንገድ ይገልጥላችሁ ዘንድ በእግዚአብሔር የታመነና ልጄ ወዳጄ የሆነ ጢሞቴዎስን ልኬላችኋለሁ።
f124561a-1459-5939-a69d-7ae2d9fed859,150ec840-806b-585a-a731-547c4297c57b,9e838ca3-c7ef-5e14-a5a8-1332e33392cb,3,18,እነሆ፥ ወደ እናንተ ስላልመጣሁ ከእናንተ ወገን የታበዩ ሰዎች አሉ።
0fd81f39-1679-5350-aa57-8bb07a5f9b3a,150ec840-806b-585a-a731-547c4297c57b,9e838ca3-c7ef-5e14-a5a8-1332e33392cb,4,19,እንኪያስ እግዚአብሔር ቢፈቅድ ፈጥኜ እመጣለሁ፤ ነገር ግን የትዕቢተኞችን ነገር አልሻም፤ ኀይላቸውን እሻለሁ እንጂ።
d81dc7ee-2968-56c9-af3d-a11d670bcb44,150ec840-806b-585a-a731-547c4297c57b,9e838ca3-c7ef-5e14-a5a8-1332e33392cb,5,20,የእግዚአብሔር መንግሥት በኀይል እንጂ በቃል አይደለምና።
4c518b1a-34b8-5dd1-aea3-28cc80bf94d3,150ec840-806b-585a-a731-547c4297c57b,9e838ca3-c7ef-5e14-a5a8-1332e33392cb,6,21,እንዴት ሆኜ ወደ እናንተ ልመጣ ትወዳላችሁ? በበትር ነውን? ወይስ በፍቅርና በቅንነት መንፈስ?
bba546a1-15bd-5235-a126-41c33f2ff622,5687485d-68f7-5d78-a3cc-a279998abf9f,513c511b-d207-5b4a-a7cc-e702cd279d57,1,1,በእናንተ ላይ ዝሙት ይሰማል፤ እንደዚህ ያለው ዝሙትም አረማውያን እንኳ የማያደርጉት ነው፤ ያባቱን ሚስት ያገባ አለና።
ed50ef4a-cad6-536b-a746-cbb24f6384ff,5687485d-68f7-5d78-a3cc-a279998abf9f,513c511b-d207-5b4a-a7cc-e702cd279d57,2,2,እናንተም ከዚህ ጋር ትዕቢተኞች ናችሁ፤ ይልቁንም ይህን ያደረገው ከእናንተ ይለይ ዘንድ ለምን አላዘናችሁበትም?
1f0424ad-9d6e-5636-abd1-fea61d73ef78,5687485d-68f7-5d78-a3cc-a279998abf9f,513c511b-d207-5b4a-a7cc-e702cd279d57,3,3,እኔ በሥጋዬ ከእናንተ ጋር ባልኖር፥ በመንፈሴ ከእናንተ ጋር አለሁ፤ እነሆ፥ ከእናንተ ጋር እንደ አለሁ ሆኜ፥ ይህን ሥራ የሠራውን እፈርድበታለሁ።
98ab8a68-fb53-5008-a9eb-07d4cc54824c,5687485d-68f7-5d78-a3cc-a279998abf9f,513c511b-d207-5b4a-a7cc-e702cd279d57,4,4,በጌታችን በኢየሱስ ክርስቶስ ስም ተሰብስባችሁ፥ በእኔ ሥልጣን፥ በጌታችን በኢየሱስም ኀይል፥
277e5f95-724e-5873-a229-4c871afb9a57,5687485d-68f7-5d78-a3cc-a279998abf9f,513c511b-d207-5b4a-a7cc-e702cd279d57,5,5,ሥጋውን ጎድቶ ጌታችን ኢየሱስ ክርስቶስ በሚመጣበት ቀን ነፍሱ ትድን ዘንድ እንዲህ ያለውን ሰው ለሰይጣን አሳልፋችሁ ስጡት።
64c9d1fb-e8ac-51d3-a898-db39860d84f6,5687485d-68f7-5d78-a3cc-a279998abf9f,513c511b-d207-5b4a-a7cc-e702cd279d57,6,6,እንግዲያስ መታበያችሁ መልካም አይደለም፤ ጥቂቱ እርሾ ብዙውን ሊጥ እንደሚያመጥ አታውቁምን?
9ce1faa4-d8fa-5cb2-abe3-32a2d6acf384,5687485d-68f7-5d78-a3cc-a279998abf9f,513c511b-d207-5b4a-a7cc-e702cd279d57,7,7,እንግዲህ ለአዲስ ቡሆ ትሆኑ ዘንድ አሮጌውን እርሾ ከእናንተ አርቁ፤ ገና ቂጣ ናችሁና፤ ፋሲካችን ክርስቶስ ተሠውቶ የለምን?
30f3721a-77dc-5905-a535-775465eefac8,5687485d-68f7-5d78-a3cc-a279998abf9f,513c511b-d207-5b4a-a7cc-e702cd279d57,8,8,አሁንም በዓላችሁን አድርጉ፤ ነገር ግን እውነትና ንጽሕና ባለው እርሾ ነው እንጂ በአሮጌው እርሾ፥ በኀጢአትና በክፋት እርሾም አይደለም።
7209a932-0373-5b99-add2-a438454bfaa6,5687485d-68f7-5d78-a3cc-a279998abf9f,513c511b-d207-5b4a-a7cc-e702cd279d57,9,9,ከዘማውያን ጋር አንድ እንዳትሆኑ በዚህ መልእክት ጻፍሁላችሁ።
2b56a03e-8896-5c77-a0c8-45bcc1e342ca,5687485d-68f7-5d78-a3cc-a279998abf9f,513c511b-d207-5b4a-a7cc-e702cd279d57,10,10,የዚህ ዓለም ዝሙት ብቻ አይደለም፤ ቀማኞችና ዘራፊዎች፥ ጣዖትን የሚያመልኩ ደግሞ አሉ፤ ያለዚያስ ከዚህ ዓለም ልትለዩ ይገባል።
63231489-cd0c-59f4-a53e-563542aab862,5687485d-68f7-5d78-a3cc-a279998abf9f,513c511b-d207-5b4a-a7cc-e702cd279d57,11,11,አሁንም ከወንድሞች መካከል ዘማዊ፥ ወይም ገንዘብን የሚመኝ፥ ወይም ጣዖትን የሚያመልክ፥ ወይም ዐመፀኛ፥ ወይም ተራጋሚ፥ ወይም ሰካራም፥ ወይም የሚቀማ ቢኖር እንደዚህ ካለ ሰው ጋር አንድ እንዳትሆኑ ጻፍሁላችሁ፥ እንደዚህ ካለው ሰው ጋር መብልም እንኳ አትብሉ፤
2bd9b75a-4525-5613-a60b-6e7e6973bc6b,5687485d-68f7-5d78-a3cc-a279998abf9f,513c511b-d207-5b4a-a7cc-e702cd279d57,12,12,ምን አግዶኝ፥ በውጭ ባለው ላይ እፈርድበታለሁ? እናንተስ በውስጥ ከእናንተ ጋር የሚኖሩትን ፈርዳችሁ ቅጡአቸው።
57931a5f-4d7d-59e1-ad78-ba46d631dfee,5687485d-68f7-5d78-a3cc-a279998abf9f,513c511b-d207-5b4a-a7cc-e702cd279d57,13,13,በውጭ ያሉትን ግን እግዚአብሔር ይፈርድባቸዋል፤ ይቀጣቸዋልም፤ ክፉውን ከእናንተ አርቁ።
8838d2db-9922-5d3b-a323-318ba0687aa7,eb6f8eb3-cf02-5183-ab5b-e947f8f287f5,1a598328-c294-5518-a546-6d9dbdd9ade5,1,1,እንግዲህ በሚነቅፉ ሰዎች ዘንድ ልትከራከሩ አትድፈሩ፤ ከጓደኛው ጋር በዐመፀኞች ዘንድ ሊከራከር የሚችል አለን? በደጋጎች ዘንድ አይደለምን? ከባልንጀራው ጋር ክርክር ያለው ቢኖርም በቅዱሳን ዘንድ ይከራከር፤ በሚነቅፉና በዐመፀኞች ዘንድ ግን አይደለም።
f80da198-39ac-5094-aa6b-1e54c0532682,eb6f8eb3-cf02-5183-ab5b-e947f8f287f5,1a598328-c294-5518-a546-6d9dbdd9ade5,2,2,ቅዱሳን ሰውን ሁሉ እንደሚዳኙ አታውቁምን? እናንተ ሰውን ሁሉ የምትዳኙ ከሆናችሁ ይህን ትንሹን ነገር ልትዳኙ አይገባችሁምን?
f6457177-630d-5a9e-a07f-b61591157084,eb6f8eb3-cf02-5183-ab5b-e947f8f287f5,1a598328-c294-5518-a546-6d9dbdd9ade5,3,3,የዚህንስ ዓለም ዳኝነት ተዉትና በመላእክት ስንኳ እንድንፈርድ አታውቁምን?
84a0450a-5df5-5f39-a2fc-3f2834b79a0f,eb6f8eb3-cf02-5183-ab5b-e947f8f287f5,1a598328-c294-5518-a546-6d9dbdd9ade5,4,4,ነገር ግን የዚህ ዓለም ክርክር ያላቸው ሰዎች ቢኖሩ በቤተ ክርስቲያን የተሾሙ የበታች ወንድሞች ይስሙአቸው።
3cacb517-7a34-5554-a16e-6681484fb52f,eb6f8eb3-cf02-5183-ab5b-e947f8f287f5,1a598328-c294-5518-a546-6d9dbdd9ade5,5,5,ይህንም የምላችሁ ስዘልፋችሁ ነው፤ እንግዲህ ከመካከላቸሁ ወንድማማቾችን ከወንድሞቻቸው ጋር ማስታረቅ የሚችል ሽማግሌ የለምን?
75b75a43-7115-5ce1-a441-cb93e50466a4,eb6f8eb3-cf02-5183-ab5b-e947f8f287f5,1a598328-c294-5518-a546-6d9dbdd9ade5,6,6,ነገር ግን ወንድም ከወንድሙ ጋር ይካሰሳል፤ ይህም በማያምኑ ፊት ይደረጋል።
2dddf967-7621-5284-ab50-c0fd165a7df4,eb6f8eb3-cf02-5183-ab5b-e947f8f287f5,1a598328-c294-5518-a546-6d9dbdd9ade5,7,7,እንግዲህ ፀብና ክርክር ካላችሁ፥ ከመጀመሪያው ጀምሮ ውርደት እንደሚሆንባችሁ ዕወቁ፤ እንግዲያማ እንዴት አትነጠቁም? እንዴትስ አትገፉም?
bad3ab24-11e2-5068-acc4-63c399b98bf5,eb6f8eb3-cf02-5183-ab5b-e947f8f287f5,1a598328-c294-5518-a546-6d9dbdd9ade5,8,8,አሁንም ቢሆን፥ እናንተ ዐመፀኞችና ቀማኞች ናችሁ፤ እንደዚህም ወንድሞቻችሁን ትበድላላችሁ።
e6daef38-4c9b-5a78-a40a-81f84fa00bd6,eb6f8eb3-cf02-5183-ab5b-e947f8f287f5,d3e19ef4-372f-5191-a25e-8329000bfc25,1,9,ዐመፀኞች የእግዚአብሔርን መንግሥት እንደማይወርሱ አታውቁምን? አያስቱአችሁ፤ ሴሰኞች፥ ወይም ጣዖትን የሚያመልኩ፥ ወይም አመንዝራዎች፥ ወይም ቀላጮች፥ ወይም በወንድ ላይ ዝሙትን የሚሠሩ፥ የሚሠሩባቸውም ቢሆኑ፤
7629278f-5a97-5593-a037-c4e43fbd1122,eb6f8eb3-cf02-5183-ab5b-e947f8f287f5,d3e19ef4-372f-5191-a25e-8329000bfc25,2,10,ሌቦች፥ ወይም ቀማኞች፥ ወይም ሰካሮች፥ ወይም ተሳዳቢዎች፥ ወይም ነጣቂዎች፥ የእግዚአብሔርን መንግሥት አይወርሱአትም።
a44d5cab-10d1-5d29-a953-20fd13bf3148,eb6f8eb3-cf02-5183-ab5b-e947f8f287f5,d3e19ef4-372f-5191-a25e-8329000bfc25,3,11,እንግዲህ እናንተ እንዲህ ስትሆኑ እነማን ናችሁ? ነገር ግን በጌታችን በኢየሱስ ክርስቶስ ስም በአምላካችንም መንፈስ ታጥባችኋል፤ ተቀድሳችኋል፤ ጸድቃችኋልም።
1ea81f5d-9cf3-5b3a-aa41-c4157c983d66,eb6f8eb3-cf02-5183-ab5b-e947f8f287f5,217ce3dc-bee6-58ff-a12f-244a88b81552,1,12,በሆነው ሁሉ ላይ ሥልጣን አለኝ፤ ግን ሁሉ የሚጠቅመኝ አይደለም፤ ሁሉም ይቻለኛል፤ ነገር ግን በእኔ ላይ እንዲሠለጥን የማደርገው ምንም የለም።
7154529e-8f86-5bac-af2b-ff5798742969,eb6f8eb3-cf02-5183-ab5b-e947f8f287f5,217ce3dc-bee6-58ff-a12f-244a88b81552,2,13,መብል ለሆድ ነው ፤ ሆድም ለመብል ነው፤ እግዚአብሔር ግን ሁለቱንም ይሽራቸዋል፤ ሥጋችሁም ለእግዚአብሔር ነው እንጂ ለዝሙት አይደለም፤ እግዚአብሔርም ለሥጋችሁ ነው።
6cbcd639-28b6-59da-a9b8-1f9c9359e9b0,eb6f8eb3-cf02-5183-ab5b-e947f8f287f5,217ce3dc-bee6-58ff-a12f-244a88b81552,3,14,ጌታችን ኢየሱስ ክርስቶስን ከሙታን ያስነሣው እግዚአብሔር እኛንም በከሃሊነቱ ያስነሣናል።
76623bf4-3d85-5348-a68d-b52420d673d9,eb6f8eb3-cf02-5183-ab5b-e947f8f287f5,217ce3dc-bee6-58ff-a12f-244a88b81552,4,15,ሥጋችሁ የክርስቶስ አካል እንደ ሆነ አታውቁምን? እንግዲህ የክርስቶስን አካል ወስዳችሁ የአመንዝራ አካል ታደርጉታላችሁን? አይገባም።
cafbd027-3790-5475-af7a-201f990a3614,eb6f8eb3-cf02-5183-ab5b-e947f8f287f5,217ce3dc-bee6-58ff-a12f-244a88b81552,5,16,ከአመንዝራ ጋር የተገናኘ ከእርስዋ ጋር አንድ አካል እንዲሆን አታውቁምን? መጽሐፍ፥ “ሁለቱ አንድ አካል ይሆናሉ” ብሎአልና።
8aee4ba3-4ac6-50df-ab58-f441ff673f3a,eb6f8eb3-cf02-5183-ab5b-e947f8f287f5,217ce3dc-bee6-58ff-a12f-244a88b81552,6,17,ከእግዚአብሔር ጋር የተዋሐደ ግን ከእርሱ ጋር አንድ መንፈስ ይሆናል።
9eb39410-2506-57cc-a1cf-4f7b9266cad9,eb6f8eb3-cf02-5183-ab5b-e947f8f287f5,217ce3dc-bee6-58ff-a12f-244a88b81552,7,18,ከዝሙት ራቁ፤ ኀጢአት የሚሠራ ሰው ሁሉ ከሥጋው ውጭ ይሠራልና፤ ዝሙትን የሚሠራ ግን ራሱ በሥጋው ላይ ኀጢአትን ይሠራል።
8aaa1913-b902-58b2-aa4c-04427d2e093e,eb6f8eb3-cf02-5183-ab5b-e947f8f287f5,217ce3dc-bee6-58ff-a12f-244a88b81552,8,19,ሥጋችሁ ከእግዚአብሔር ለተቀበላችሁት በእናንተ አድሮ ላለ ለመንፈስ ቅዱስ ቤተ መቅደስ እንደ ሆነ አታውቁምን? ለራሳችሁም አይደላችሁም።
873fc7df-717c-5014-a9af-12aa6e7dcade,eb6f8eb3-cf02-5183-ab5b-e947f8f287f5,217ce3dc-bee6-58ff-a12f-244a88b81552,9,20,በዋጋ ተገዝታችኋልና፤ ስለዚህም እግዚአብሔርን በሥጋችሁ አክብሩት።
4a94b26f-02a8-563f-aa08-3ad92f899ebf,7545778b-3777-574e-a978-f078d03acdc8,2b47264a-5b5a-516f-a7ab-98fb8e6e5eb8,1,1,ስለ ጻፋችሁልኝስ ለሰው ወደ ሴት አለመቅረብ ይሻለዋል።
d5519baa-9ba8-5bcd-aafa-912892fb8aa1,7545778b-3777-574e-a978-f078d03acdc8,2b47264a-5b5a-516f-a7ab-98fb8e6e5eb8,2,2,ነገር ግን እንዳትሴስኑ ሰው ሁሉ በሚስቱ ይወሰን፤ ሴትም ሁላ በባልዋ ትወሰን።
46af9d13-6417-52a1-aa3a-2aba051083ee,7545778b-3777-574e-a978-f078d03acdc8,2b47264a-5b5a-516f-a7ab-98fb8e6e5eb8,3,3,ለሚስትም ባልዋ የሚገባትን ያድርግላት፤ እንዲሁ ሚስትም ለባልዋ የሚገባውን ታድርግለት።
ad001158-d5fb-5d70-a073-120d79a5b2b2,7545778b-3777-574e-a978-f078d03acdc8,2b47264a-5b5a-516f-a7ab-98fb8e6e5eb8,4,4,ሚስት በራስዋ አካል ሥልጣን የላትም፤ ሥልጣን ለባልዋ ነው እንጂ፤ እንዲሁም ባል በራሱ አካል ሥልጣን የለውም፤ ሥልጣን ለሚስቱ ነው እንጂ።
050b131c-2797-5a6e-a75c-aeed452a9f05,7545778b-3777-574e-a978-f078d03acdc8,2b47264a-5b5a-516f-a7ab-98fb8e6e5eb8,5,5,ለጸሎት እንድትተጉ ከምትስማሙበት ጊዜ ብቻ በቀር፥ ባልና ሚስት አትለያዩ፤ ዳግመኛ ሰይጣን ድል እንዳያደርጋችሁ በአንድነት ኑሩ፤ ሰውነታችሁ ደካማ ነውና ።
f9db332e-f0ea-54a6-a1cd-64143712cdd5,7545778b-3777-574e-a978-f078d03acdc8,2b47264a-5b5a-516f-a7ab-98fb8e6e5eb8,6,6,ይህንም የምላችሁ እንደ ፈቃድ ነው እንጂ፥ ላዝዛችሁ አይደለም።
00a3b613-58de-5eef-ac3c-99ac17cd18c1,7545778b-3777-574e-a978-f078d03acdc8,2b47264a-5b5a-516f-a7ab-98fb8e6e5eb8,7,7,ሰው ሁሉ እንደ እኔ ሊሆን እወዳለሁና፤ ነገር ግን ሰው ሁሉ እግዚአብሔር እንደ አደለው ጸጋ ይኑር፤ ግብሩ እንዲህ የሆነ አለና፤ ግብሩ ሌላ የሆነም አለና።
50565f1f-c290-554e-a54e-01d3fc3e763a,7545778b-3777-574e-a978-f078d03acdc8,2b47264a-5b5a-516f-a7ab-98fb8e6e5eb8,8,8,ነገር ግን ያላገቡትንና አግብተው የፈቱትን እንደ እኔ ሆነው ቢኖሩ ይሻላቸዋል እላለሁ።
e7ddfba9-214e-5d1f-a98f-50c3a82de75f,7545778b-3777-574e-a978-f078d03acdc8,2b47264a-5b5a-516f-a7ab-98fb8e6e5eb8,9,9,መታገሥ ባይችሉ ግን ያግቡ፤ በፍትወት ከመቃጠል ማግባት ይሻላልና።
cf91492a-a34b-5947-a725-6c50cd652c8e,7545778b-3777-574e-a978-f078d03acdc8,2b47264a-5b5a-516f-a7ab-98fb8e6e5eb8,10,10,ያገቡትንም በእግዚአብሔር ትእዛዝ አዝዛቸዋለሁ፤ በራሴ ትእዛዝም አይደለም፤ ሚስትም ከባልዋ አትፋታ።
0198c2a3-c348-5486-a63c-64922e985626,7545778b-3777-574e-a978-f078d03acdc8,2b47264a-5b5a-516f-a7ab-98fb8e6e5eb8,11,11,ከተፋታችም ብቻዋን ትኑር፤ ያለዚያ ከባልዋ ጋር ትታረቅ፤ ባልም ሚስቱን አይፍታ።
f9fc32e7-ccaa-58ef-ad78-b62f921ae07a,7545778b-3777-574e-a978-f078d03acdc8,2b47264a-5b5a-516f-a7ab-98fb8e6e5eb8,12,12,ሌላውን ግን ከራሴ እናገራለሁ፤ ከጌታችንም አይደለም፤ ከወንድሞቻችን መካከል የማታምን፥ ባልዋንም የምታፈቅር ከእርሱም ጋር ለመኖር የምትወድ ሚስት ያለችው ሰው ቢኖር ሚስቱን አይፍታ።
2191b3f1-2ba0-5fa3-a3ce-dc3194dd80fc,7545778b-3777-574e-a978-f078d03acdc8,2b47264a-5b5a-516f-a7ab-98fb8e6e5eb8,13,13,ሴቲቱም የማያምንና ሚስቱንም የሚያፈቅር ከእርስዋም ጋር ሊኖር የሚወድ ባል ቢኖራት ባልዋን አትፍታ።
eb186c59-9666-5dc4-a736-5c4ddcbfce8c,7545778b-3777-574e-a978-f078d03acdc8,2b47264a-5b5a-516f-a7ab-98fb8e6e5eb8,14,14,የማያምን ባል በሚስቱ ይቀደሳልና፤ የማታምን ሚስትም በባልዋ ትቀደሳለችና፤ ያለዚያማ ልጆቻቸው ርኩሳን ይሆናሉ፤ አሁን ግን ቅዱሳን ናቸው።
413965f8-f02c-51e5-a217-cf5180470391,7545778b-3777-574e-a978-f078d03acdc8,2b47264a-5b5a-516f-a7ab-98fb8e6e5eb8,15,15,የማያምን ግን ቢፈታ ይፍታ፤ ወንድምና እኅት እግዚአብሔር ለሰላም ስለ ጠራቸው እንደዚህ ላለ ግብር አይገዙምና።
03d1aa8b-9864-5ded-a079-0a56e41b7229,7545778b-3777-574e-a978-f078d03acdc8,2b47264a-5b5a-516f-a7ab-98fb8e6e5eb8,16,16,ሚስትም ባልዋን ታድነው እንደ ሆነ አታውቅምና፤ ባልም ሚስቱን ያድናት እንደ ሆነ አያውቅምና።
eadafd05-834d-5d36-aa78-69ee84792ae3,7545778b-3777-574e-a978-f078d03acdc8,2b47264a-5b5a-516f-a7ab-98fb8e6e5eb8,17,17,ነገር ግን ሁሉ እግዚአብሔር እንደ አደለው፥ ሁሉም እግዚአብሔር እንደ ጠራው እንዲሁ ይኑር፤ ለአብያተ ክርስቲያናትም ሁሉ እንዲህ ሥርዐት እንሠራለን።
be8c9976-f2f1-5e23-a4e5-6d5ffc385aa1,7545778b-3777-574e-a978-f078d03acdc8,2b47264a-5b5a-516f-a7ab-98fb8e6e5eb8,18,18,ተገዝሮ ሳለ የተጠራ ቢኖር አለመገዘርን አይመኝ፤ ያልተገዘረም ቢጠራ ከዚያ ወዲያ አይገዘር።
15429946-9fa0-5033-a96d-de9bd53623f2,7545778b-3777-574e-a978-f078d03acdc8,2b47264a-5b5a-516f-a7ab-98fb8e6e5eb8,19,19,የእግዚአብሔርን ትእዛዝ መጠበቅ ነው እንጂ መገዘርም አይጠቅምም፤ አለመገዘርም አይጎዳም።
b8889944-f7ba-5bb6-a5ea-7471d5c30e21,7545778b-3777-574e-a978-f078d03acdc8,3a8baf5f-1e6f-534e-acaa-23bf569f2c72,1,20,ሁሉ እንደ ተጠራ እንዲሁ ይኑር።
6e72823b-d1f7-50d5-a017-5240146af26d,7545778b-3777-574e-a978-f078d03acdc8,3a8baf5f-1e6f-534e-acaa-23bf569f2c72,2,21,አንተ ባርያ ሳለህ ብታምን አያሳዝንህ፤ የሚቻልህ ከሆነ ግን ነጻነትህን አግኝ።
1d438bc8-d5a9-5d5d-a474-881b4869ba52,7545778b-3777-574e-a978-f078d03acdc8,3a8baf5f-1e6f-534e-acaa-23bf569f2c72,3,22,የተጠራ ባሪያ በእግዚአብሔር ዘንድ ነጻነት ያለው ነውና፤ እንዲሁ ነጻነት ያለውም ከተጠራ የክርስቶስ ባርያ ነው።
3fb51945-04bf-53eb-aac7-2dd3bd65f738,7545778b-3777-574e-a978-f078d03acdc8,3a8baf5f-1e6f-534e-acaa-23bf569f2c72,4,23,በዋጋ ገዝቶአችኋልና የሰው ተገዦች አትሁኑ።
7b43bdfd-2723-5584-a235-43f7d0c3a2ec,7545778b-3777-574e-a978-f078d03acdc8,3a8baf5f-1e6f-534e-acaa-23bf569f2c72,5,24,ወንድሞቻችን ሁላችሁም በተጠራችሁበት እንዲሁ በእግዚአብሔር ኑሩ።
01bf32af-01fa-5b35-ae13-410c7b072800,7545778b-3777-574e-a978-f078d03acdc8,4667394b-daef-512a-a0c0-53416573f615,1,25,ስለ ደናግልም የምነግራችሁ የእግዚአብሔር ትእዛዝ አይደለም፤ ታማኝ እንድሆን እግዚአብሔር ይቅር ያለኝ እንደ መሆኔ ምክሬን እነግራችኋለሁ እንጂ።
13e8e61b-2121-5bf0-ae33-f87e1c22f827,7545778b-3777-574e-a978-f078d03acdc8,4667394b-daef-512a-a0c0-53416573f615,2,26,ነገር ግን እንዲህ ይመስለኛል፤ በግድ ይህ ሊመረጥ ይሻላልና እንዲህ ሆኖ ቢኖር ለሰው ይሻለዋል።
315a3d7d-6702-58a6-a6fb-3e87c6481a55,7545778b-3777-574e-a978-f078d03acdc8,4667394b-daef-512a-a0c0-53416573f615,3,27,ከሚስትህ ጋር ሳለህ ከእርስዋ መፋታትን አትሻ፤ ሚስት ከሌለህ ግን ሚስትን አትሻ።
b1d1b83c-7281-58fd-ab14-588123ed090d,7545778b-3777-574e-a978-f078d03acdc8,4667394b-daef-512a-a0c0-53416573f615,4,28,ብታገባም ኀጢአት አይሆንብህም፤ ድንግሊቱም ባል ብታገባ ኀጢአት አይሆንባትም፤ ያገቡ ግን ለራሳቸው ድካምን ይሻሉ፤ እኔም ይህን የምላችሁ ስለማዝንላችሁ ነው።
73230e13-3679-5218-a117-e6ab49f17868,7545778b-3777-574e-a978-f078d03acdc8,4667394b-daef-512a-a0c0-53416573f615,5,29,ነገር ግን ወንድሞቻችን እንዲህ ይቀናል፤ የዚህ ዓለም ኑሮ ሁሉ ሊያልፍ ቀርቦአልና፤ አሁንም ያገቡ እንዳላገቡ ይሆናሉ።
a86bf9f7-a898-5b3f-a47c-3f7927b8fae7,7545778b-3777-574e-a978-f078d03acdc8,4667394b-daef-512a-a0c0-53416573f615,6,30,ያለቀሱ እንዳላለቀሱ ይሆናሉ፤ ደስ ያላቸውም ደስ እንዳላላቸው ይሆናሉ፤ የሸጡም እንዳልሸጡ ይሆናሉ፤ የገዙም እንዳልገዙ ይሆናሉ።
3026ce54-2dbc-5006-a474-1d9d223cad25,7545778b-3777-574e-a978-f078d03acdc8,4667394b-daef-512a-a0c0-53416573f615,7,31,የበሉ እንዳልበሉ ይሆናሉ፤ የጠጡም እንዳልጠጡ ይሆናሉ፤ የዚህ ዓለም ተድላ ሁሉ ያልፋልና።
d637632a-9e91-52fc-ab14-1e8874d3aad1,7545778b-3777-574e-a978-f078d03acdc8,4667394b-daef-512a-a0c0-53416573f615,8,32,እኔስ ያለ አሳብ ልትኖሩ እወዳለሁ፤ ያላገባ እግዚአብሔርን ደስ ሊያሰኘው የእግዚአብሔርን ነገር ያስባልና።
86f1c6cf-cc98-5025-a822-af6a2c52c3ab,7545778b-3777-574e-a978-f078d03acdc8,4667394b-daef-512a-a0c0-53416573f615,9,33,ያገባ ግን ሚስቱን ደስ ሊያሰኝ የዚህን ዓለም ኑሮ ያስባል።
bfdd7239-de02-512d-aad7-dcdbed5bf480,7545778b-3777-574e-a978-f078d03acdc8,4667394b-daef-512a-a0c0-53416573f615,10,34,እንዲህ ከሆነ ግን ተለያየ፤ አግብታ የፈታች ሴትም ያላገባች ድንግልም ብትሆን ነፍስዋም ሥጋዋም ይቀደስ ዘንድ እግዚአብሔርን ታስበዋለች፤ ያገባች ግን ባልዋን ደስ ልታሰኝ የዚህን ዓለም ኑሮ ታስባለች።
d240b751-21ae-5407-a36f-a0e67780cb93,7545778b-3777-574e-a978-f078d03acdc8,4667394b-daef-512a-a0c0-53416573f615,11,35,ይህንም የምላችሁ እንዲጠቅማችሁ ነው፤ ላጠምዳችሁ ግን አይደለም፤ ኑሮአችሁ አንድ ወገን እንዲሆንና እግዚአብሔርን ያለመጠራጠር እንድታገለግሉት ነው እንጂ።
9d5766be-2e48-5498-a62c-8b82fe8d65fd,7545778b-3777-574e-a978-f078d03acdc8,4667394b-daef-512a-a0c0-53416573f615,12,36,በሸመገለ ጊዜ ስለ ድንግልናው እንደሚያፍር የሚያስብ ሰው ቢኖር እንዲህ ሊሆን ይገባል፤ የወደደውን ያድርግ፤ ቢያገባም ኀጢአት የለበትም።
e4cfc4b3-de20-5451-a46e-f3624afff9ed,7545778b-3777-574e-a978-f078d03acdc8,4667394b-daef-512a-a0c0-53416573f615,13,37,በልቡ የቈረጠና ያላወላወለ ግን የወደደውን ሊያደርግ ይችላል፤ ግድም አይበሉት፤ ድንግልናውንም ይጠብቅ ዘንድ በልቡ ቢጸና መልካም አደረገ።
54670706-398b-5a92-a2c7-1facd320993e,7545778b-3777-574e-a978-f078d03acdc8,4667394b-daef-512a-a0c0-53416573f615,14,38,ድንግሊቱን ያገባ መልካም አደረገ፤ ያላገባ ግን የምትሻለውን አደረገ።
85099c9f-1990-55f6-a0b3-f795ae0705be,7545778b-3777-574e-a978-f078d03acdc8,4667394b-daef-512a-a0c0-53416573f615,15,39,ሴት ባልዋ በሕይወት ሳለ የታሠረች ናት፤ ባልዋ የሞተ እንደ ሆነ ግን ነጻ ናት፤ የወደደችውን ታግባ፤ ነገር ግን በእግዚአብሔር ይሁን።
c3feed1b-af96-5188-a4e3-9752334a874b,7545778b-3777-574e-a978-f078d03acdc8,4667394b-daef-512a-a0c0-53416573f615,16,40,በምክሬ ጸንታ እንዲሁ ብትኖር ግን ብፅዕት ናት፤ የእግዚአብሔርም መንፈስ በእኔ ላይ ያለ ይመስለኛል።
4b8e2b5e-0f8c-5e6b-a99d-4c045c7773f5,c624bd83-8714-5c4a-ac28-47f405a1f7a1,b48fff75-d4df-54d8-a516-5a3dddab52a5,1,1,ለጣዖታት ስለሚሠዉ መሥዋዕቶች ሁላችንም ዕውቀት እንዳለን እናውቃለን፤ ዕውቀት ያስታብያል፤ ፍቅር ግን ያንጻል።
95052559-9016-53d4-ab52-3dc8c8dca473,c624bd83-8714-5c4a-ac28-47f405a1f7a1,b48fff75-d4df-54d8-a516-5a3dddab52a5,2,2,ዐወቅሁ የሚል ቢኖር፥ ሊያውቅ የሚገባውን ገና አላወቀም።
2f31ccf6-91e2-5594-a0eb-ef0f083f0cd5,c624bd83-8714-5c4a-ac28-47f405a1f7a1,b48fff75-d4df-54d8-a516-5a3dddab52a5,3,3,እግዚአብሔርን የሚወድ ሰው ግን እርሱ በእርሱ ዘንድ በእውነት የታወቀ ነው።
93d7bbc8-344c-54b1-a40b-2a65dc74fedb,c624bd83-8714-5c4a-ac28-47f405a1f7a1,b48fff75-d4df-54d8-a516-5a3dddab52a5,4,4,ለጣዖታት የተሠዋውን ስለመብላት ግን ጣዖት ሁሉ በዓለም ከንቱ እንደሆነ፥ ከአንድ እግዚአብሔርም በቀር ሌላ አምላክ እንደሌለ እናውቃለን።
4cb31849-7b3f-5da1-aaad-35605dda36aa,c624bd83-8714-5c4a-ac28-47f405a1f7a1,b48fff75-d4df-54d8-a516-5a3dddab52a5,5,5,አማልክት የሚሉአቸው ነገሮች አሉና፤ በሰማይም ቢሆን፥ በምድርም ቢሆን፥ ብዙ አማልክትና ብዙ ጌቶች ቢኖሩ፥
82494b4f-dab1-58b9-adce-4c04dff683bf,c624bd83-8714-5c4a-ac28-47f405a1f7a1,b48fff75-d4df-54d8-a516-5a3dddab52a5,6,6,ለእኛስ ሁሉ ከእርሱ የሆነ፥ እኛም ለእርሱ የሆን አንድ እግዚአብሔር አብ አለን፤ ሁሉ በእርሱ የሆነ፥ እኛም በእርሱ የሆን አንድ ጌታ ኢየሱስ ክርስቶስም አለን።
5daa2d2b-96b9-570a-a10a-f761c55fcf84,c624bd83-8714-5c4a-ac28-47f405a1f7a1,b48fff75-d4df-54d8-a516-5a3dddab52a5,7,7,ነገር ግን ሁሉ የሚያውቀው አይደለም፤ እስከ ዛሬ በጣዖታት ልማድ፥ ለጣዖት የተሠዋውን የሚበሉ አሉ፤ ኅሊናቸውም ደካማ ስለሆነ ይረክሳል።
08c39fb6-a024-5d75-a9c0-88b9bf4c54c8,c624bd83-8714-5c4a-ac28-47f405a1f7a1,b48fff75-d4df-54d8-a516-5a3dddab52a5,8,8,መብል ግን ወደ እግዚአብሔር አያደርሰንም፤ ብንበላም አይረባንም፤ ባንበላም አይጎዳንም።
30f36772-b3ae-511b-aa58-12b0f96a6b0e,c624bd83-8714-5c4a-ac28-47f405a1f7a1,b48fff75-d4df-54d8-a516-5a3dddab52a5,9,9,ነገር ግን እናንተን በማየት ሌላው እንዳይሰናከል ተጠንቀቁ።
1d6ec6ec-62ed-546f-a473-5c142257d989,c624bd83-8714-5c4a-ac28-47f405a1f7a1,b48fff75-d4df-54d8-a516-5a3dddab52a5,10,10,አንተ አማኙ በጣዖት ቤት በማዕድ ተቀምጠህ ያየህ ቢኖር ያ ልቡ ደካማ የሆነ ሰው ወዲያው ለጣዖት የተሠዋውን ደፍሮ ይበላል።
dd4a5116-7845-5425-a798-fb29f268a569,c624bd83-8714-5c4a-ac28-47f405a1f7a1,b48fff75-d4df-54d8-a516-5a3dddab52a5,11,11,ክርስቶስ ስለ እርሱ የሞተለት ያ ደካማ ወንድም አንተን በማየት ይጎዳል።
d3f8002d-2f9d-5bb0-a8eb-0f40847c70b4,c624bd83-8714-5c4a-ac28-47f405a1f7a1,b48fff75-d4df-54d8-a516-5a3dddab52a5,12,12,በባልንጀሮቻችሁ ላይ እንዲህ የምትበድሉ ከሆነ ደካማ ሕሊናቸውንም የምታቈስሉ ከሆነ ክርስቶስን ትበድላላችሁ።
660f1e3d-12d7-5dc3-a1ad-75b15315cd34,c624bd83-8714-5c4a-ac28-47f405a1f7a1,b48fff75-d4df-54d8-a516-5a3dddab52a5,13,13,ነገር ግን በመብል ምክንያት ወንድሜ የሚሰናከል ከሆነ ወንድሜን እንዳላሰናክል ለዘለዓለም ሥጋን አልበላም።
92cc997e-8595-562b-a121-09227fdda37f,84b13f90-8fad-5fbe-a689-37cbb113f676,9a4c875e-79ca-5644-ac65-56fdfea97942,1,1,እኔ ነጻ አይደለሁምን? ሐዋርያስ አይደለሁምን? ጌታችን ኢየሱስ ክርስቶስን ያየሁ አይደለሁምን? እናንተስ በጌታችን ሥራዬ አይደላችሁምን?
35fdf675-3967-5951-a0ce-0d3f9b80fa17,84b13f90-8fad-5fbe-a689-37cbb113f676,9a4c875e-79ca-5644-ac65-56fdfea97942,2,2,ለሌሎች ሐዋርያቸው ባልሆንም ለእናንተስ ሐዋርያችሁ እኔ ነኝ፤ በጌታችን የሐዋርያነቴ ማኅተም እናንተ ናችሁና።
8906853a-13a2-5676-af3f-21f6a37b41a7,84b13f90-8fad-5fbe-a689-37cbb113f676,9a4c875e-79ca-5644-ac65-56fdfea97942,3,3,ለሚከራከሩኝ መልሴ እንዲህ ነው።
a60eec2a-1659-58a9-ab9b-71c069435fe2,84b13f90-8fad-5fbe-a689-37cbb113f676,9a4c875e-79ca-5644-ac65-56fdfea97942,4,4,በውኑ ልንበላና ልንጠጣ አይገባንምን?
c1fb336d-645c-5439-aaed-05159bb6318b,84b13f90-8fad-5fbe-a689-37cbb113f676,9a4c875e-79ca-5644-ac65-56fdfea97942,5,5,እንደ ሌሎች ሐዋርያት ሁሉና፥ እንደ ጌታችን ወንድሞች እንደ ኬፋም ከሴቶች እኅታችንን ይዘን ልንዞር አይገባንምን?
4f2d2cec-bcbf-5491-a35a-e1ff340b7600,84b13f90-8fad-5fbe-a689-37cbb113f676,9a4c875e-79ca-5644-ac65-56fdfea97942,6,6,ወይስ ሥራን ለመተው መብት የሌለን እኔና በርናባስ ብቻ ነን?
d58bce81-2556-505b-ab6c-ff17623d16da,84b13f90-8fad-5fbe-a689-37cbb113f676,9a4c875e-79ca-5644-ac65-56fdfea97942,7,7,የሚያገለግልም ምግቡን ያገኝ ዘንድ ነው፤ ወይን ተክሎ ፍሬውን የማይበላ ማን ነው? መንጋውንስ ጠብቆ ወተቱን የማይጠጣ ማን ነው?
da5d97a6-312b-5668-a565-162dabb4ac73,84b13f90-8fad-5fbe-a689-37cbb113f676,9a4c875e-79ca-5644-ac65-56fdfea97942,8,8,በውኑ ለሰው ይምሰል እናገራለሁን? የሙሴ መጽሐፍ ኦሪትስ እንዲህ ብሎ የለምን፦
c98a3cf1-3a0d-5375-ae97-0e72951671ff,84b13f90-8fad-5fbe-a689-37cbb113f676,9a4c875e-79ca-5644-ac65-56fdfea97942,9,9,“እህልህን በምታበራይበት ጊዜ የበሬውን አፉን አትሰረው።” እንግዲህ ይህን የጻፈ ለእግዚአብሔር በሬ አሳዝኖት ነውን?
9b5ff0a0-2ad6-5c56-a6d9-88b482c5979b,84b13f90-8fad-5fbe-a689-37cbb113f676,9a4c875e-79ca-5644-ac65-56fdfea97942,10,10,ይህን የሚለው ፈጽሞ ስለ እኛ አይደለምን? የሚያርስ በተስፋ ሊያርስ፥ የሚያበራይም እንዲካፈል በተስፋ ሊያበራይ ስለሚገባው በእውነት ስለ እኛ ተጽፎአል።
62580ff4-a3f7-51ae-a9ef-9a26a3a414b5,84b13f90-8fad-5fbe-a689-37cbb113f676,9a4c875e-79ca-5644-ac65-56fdfea97942,11,11,እኛ መንፈሳዊውን ነገር ከዘራንላችሁ ሥጋዊውን ነገር ብናጭድ ታላቅ ነገር ነውን?
085c49f9-0579-55cd-ab6e-e302f1c3f771,84b13f90-8fad-5fbe-a689-37cbb113f676,9a4c875e-79ca-5644-ac65-56fdfea97942,12,12,በእኛ ሹመት ሌላ የሚቀድመን ከሆነ የሚሻላችሁን እናንተ ታውቃላችሁ፤ እኔ ይህን አልፈለግሁትም፤ ነገር ግን የክርስቶስን ትምህርት እንዳላሰናክል በሁሉ እታገሣለሁ።
3866b9f8-8884-5a0a-a60c-2c86ebf25dfb,84b13f90-8fad-5fbe-a689-37cbb113f676,9a4c875e-79ca-5644-ac65-56fdfea97942,13,13,የጣዖታቱ ካህናት የጣዖታቱን መባ እንደሚበሉ አታውቁምን? መሠዊያውን የሚያገለግሉም መሥዋዕቱን እንደሚካፈሉ አታውቁምን? ለቤተ እግዚአብሔር ሹሞች መተዳደሪያቸው የቤተ እግዚአብሔር መባ ነው።
af0d7f39-bb40-5ebb-ac6c-61c45bd33df4,84b13f90-8fad-5fbe-a689-37cbb113f676,9a4c875e-79ca-5644-ac65-56fdfea97942,14,14,ጌታችንም እንዲሁ ወንጌልን ለሚያስተምሩ ሰዎች ለሕይወታቸው መተዳደሪያ በዚያው ወንጌልን በማስተማር ይሆን ዘንድ አዘዘ።
88712113-4d15-5247-a03f-fbc0605ffc41,84b13f90-8fad-5fbe-a689-37cbb113f676,9a4c875e-79ca-5644-ac65-56fdfea97942,15,15,እኔ ግን ይህንም ቢሆን አልፈቀድሁትም፤ ይህን የጻፍሁም ይህን እንዳገኝ ብዬ አይደለም፤ እኔ ግን ምስጋናዬ ከሚቀርብኝ ሞት ይሻለኛል።
2ac120c7-5424-5212-a5a4-d12417dd55aa,84b13f90-8fad-5fbe-a689-37cbb113f676,9a4c875e-79ca-5644-ac65-56fdfea97942,16,16,ወንጌልን ባስተምርም መመስገን አይገባኝም፤ ታዝዤ አድርጌዋለሁና፤ ወንጌልን ባላስተምር ደግሞ ወዮልኝ።
090e1599-ca55-5902-afd5-48638a4dfa60,84b13f90-8fad-5fbe-a689-37cbb113f676,9a4c875e-79ca-5644-ac65-56fdfea97942,17,17,ይህንስ በፈቃዴ አድርጌው ብሆን ዋጋዬን ባገኘሁ ነበር፤ በግድ ከሆነ ግን በተሰጠኝ መጋቢነት አገለገልሁ።
522da1c9-bc7b-5e36-a77d-fec4abcc3dc3,84b13f90-8fad-5fbe-a689-37cbb113f676,9a4c875e-79ca-5644-ac65-56fdfea97942,18,18,እንግዲህ ዋጋዬ ምንድን ነው? ወንጌልን ባስተምርም በሹመቴ የማገኘው ሳይኖር ወንጌልን ያለ ዋጋ እንዳስተምር ባደርግ ነው።
ddbfc205-535c-55a6-a4f4-07794940fcea,84b13f90-8fad-5fbe-a689-37cbb113f676,78fb184c-4378-5f76-a309-8ef11bb88708,1,19,እኔ ከሁሉ ይልቅ ነጻ ስሆን ብዙዎችን ወደ ሃይማኖት እሰበስባቸው ዘንድ እንደ ባሪያ ራሴን ለሁሉ አስገዛሁ።
fce2c142-ce1d-53e1-a28f-d4011f48dbe6,84b13f90-8fad-5fbe-a689-37cbb113f676,78fb184c-4378-5f76-a309-8ef11bb88708,2,20,አይሁድን እጠቅማቸው ዘንድ ለአይሁድ እንደ አይሁዳዊ ሆንሁላቸው፤ ከኦሪት በታች ያሉትን እጠቅም ዘንድ እኔ ራሴ ከኦሪት በታች ሳልሆን ከኦሪት በታች ላሉት ከኦሪት በታች እንዳለ ሰው ሆንሁላቸው።
b9468126-b9d3-5a24-a924-32a7aeae88f1,84b13f90-8fad-5fbe-a689-37cbb113f676,78fb184c-4378-5f76-a309-8ef11bb88708,3,21,የእግዚአብሔርን ሕግ የዘነጋሁ ሳልሆን፥ በክርስቶስ ሕግም ሳለሁ ሕግ የሌላቸውን እጠቅማቸው ዘንድ ሕግ ለሌላቸው ሕግ እንደሌለው ሆንሁላቸው።
3c966622-f628-5236-a99f-b1528153a202,84b13f90-8fad-5fbe-a689-37cbb113f676,78fb184c-4378-5f76-a309-8ef11bb88708,4,22,ደካሞችንም እጠቅማቸው ዘንድ ለደካሞች እንደ ደካማ ሆንሁላቸው፤ በሁሉ መንገድ አንዳንዶቹን አድን ዘንድ ከሁሉ ጋር በሁሉ ነገር እንደ እነርሱ ሆንሁ።
ecf1eea7-baec-5be9-a46e-d72f6518ab93,84b13f90-8fad-5fbe-a689-37cbb113f676,78fb184c-4378-5f76-a309-8ef11bb88708,5,23,በወንጌልም ትምህርት አንድነት ይኖረኝ ዘንድ ስለ ወንጌል ትምህርት ሁሉን አደርጋለሁ።
8044e743-34d3-5ed6-ab30-a13632f0c167,84b13f90-8fad-5fbe-a689-37cbb113f676,78fb184c-4378-5f76-a309-8ef11bb88708,6,24,በእሽቅድምድም ስፍራ የሚሽቀዳደሙ ሁሉ እንደሚፋጠኑ አታውቁምን? ለቀደመው የሚደረግለት ዋጋ አለ፤ እንዲሁ እናንተም እንድታገኙ ፈጽማችሁ ሩጡ።
8489d9ff-4760-5b72-ad5f-0f278cab2be8,84b13f90-8fad-5fbe-a689-37cbb113f676,78fb184c-4378-5f76-a309-8ef11bb88708,7,25,የሚታገል ሁሉ በሁሉ ነገር ይታገሣል፤ እነርሱስ የሚጠፋውንና የሚያልፈውን የምስጋናቸውን ዋጋ አክሊል ያገኙ ዘንድ ይበረታሉ፤ እኛ ግን የማያልፈውን አክሊል ለማግኘት እንታገሣለን።
ccbdfa2b-2fa6-57ee-a5a9-08f70c72bf20,84b13f90-8fad-5fbe-a689-37cbb113f676,78fb184c-4378-5f76-a309-8ef11bb88708,8,26,እኔ ያለ አሳብ እንደሚሮጥ ሁሉ እንዲሁ አልሮጥም፤ ነፋስንም እንደሚጐስም ሁሉ እንዲሁ አልጋደልም።
095a2f48-d06a-5585-aff9-9f9cc8d8f936,84b13f90-8fad-5fbe-a689-37cbb113f676,78fb184c-4378-5f76-a309-8ef11bb88708,9,27,ነገር ግን ለሌላ ሳስተምር፥ እኔ ለራሴ የተናቅሁ እንዳልሆን ሰውነቴን አስጨንቃታለሁ፥ ሥጋዬንም አስገዛዋለሁ።
7b9bf75a-dee5-5e99-a99d-1b96a76f679c,2099df7a-4e02-52cf-a98e-19bc6247f945,e4f6745d-f82e-59a3-adf2-c96962873665,1,1,ወንድሞቻችን ሆይ፥ አባቶቻችን ሁሉ ደመና እንደ ጋረዳቸው ሁሉም በባሕር መካከል አልፈው እንደ ሄዱ ልታውቁ እወዳለሁ።
961890b1-cb4c-5fb5-a5e8-3d12262226b9,2099df7a-4e02-52cf-a98e-19bc6247f945,e4f6745d-f82e-59a3-adf2-c96962873665,2,2,ሁሉንም ሙሴ በደመናና በባሕር አጠመቃቸው።
96c81e40-5e8d-5a7f-a857-4957f45f3a29,2099df7a-4e02-52cf-a98e-19bc6247f945,e4f6745d-f82e-59a3-adf2-c96962873665,3,3,ሁሉም ያን መንፈሳዊ ምግብ ተመገቡ።
66d92122-9872-52d5-aa25-cf36a0cadc35,2099df7a-4e02-52cf-a98e-19bc6247f945,e4f6745d-f82e-59a3-adf2-c96962873665,4,4,ሁሉም ያን መንፈሳዊ መጠጥ ጠጡ፤ ይኸውም በኋላቸው ከሚሄደው ከመንፈሳዊ ዐለት የጠጡት ነው፤ ያም ዐለት ክርስቶስ ነበረ።
1501155a-4b5c-5bce-a100-e90072c38017,2099df7a-4e02-52cf-a98e-19bc6247f945,e4f6745d-f82e-59a3-adf2-c96962873665,5,5,እግዚአብሔር ግን ከእነርሱ በሁሉም ደስ አላለውም፤ ብዙዎቹ በምድረ በዳ ወድቀዋልና።
8982df76-4aac-5ed5-a34a-3600de4326c4,2099df7a-4e02-52cf-a98e-19bc6247f945,e4f6745d-f82e-59a3-adf2-c96962873665,6,6,እነርሱ እንደ ተመኙ እኛ ደግሞ ክፉ እንዳንመኝ እነርሱ ለእኛ ምሳሌ ሆኑልን።
e8d375d5-2d65-5100-a79f-21f0f770ac74,2099df7a-4e02-52cf-a98e-19bc6247f945,e4f6745d-f82e-59a3-adf2-c96962873665,7,7,“አሕዛብ ተቀመጡ፤ ይበሉና ይጠጡም ጀመር፤ ሊዘፍኑም ተነሡ” ብሎ መጽሐፍ እንደ ተናገረ ከእነርሱ አንዳንዶቹ እንደ አመለኩ ጣዖትን የምታመልኩ አትሁኑ።
5ae4c86c-fb4c-546b-ac84-43d252947e6a,2099df7a-4e02-52cf-a98e-19bc6247f945,e4f6745d-f82e-59a3-adf2-c96962873665,8,8,ከእነርሱም አንዳንዶቹ እንደ ሴሰኑ፥ በአንድ ቀንም ሃያ ሦስት ሺህ ሰዎች እንደ ወደቁ አንሴስን።
7ef4bc36-fb0f-5b63-a2d4-ac26b54ca597,2099df7a-4e02-52cf-a98e-19bc6247f945,e4f6745d-f82e-59a3-adf2-c96962873665,9,9,ከእነርሱም አንዳንዶቹ እግዚአብሔርን እንደ ተፈታተኑት፥ ነዘር እባብም እንደ አጠፋቸው እግዚአብሔርን አንፈታተን።
bf926ada-8820-593c-af08-1ade90f60473,2099df7a-4e02-52cf-a98e-19bc6247f945,e4f6745d-f82e-59a3-adf2-c96962873665,10,10,ከእነርሱም አንዳንዶቹ እንዳንጐራጐሩበት፥ በመቅሠፍትም እንደጠፉ አናንጐራጕር።
b4592d91-d97d-5eda-a049-3a0d739da61f,2099df7a-4e02-52cf-a98e-19bc6247f945,e4f6745d-f82e-59a3-adf2-c96962873665,11,11,እነርሱን ያገኛቸው ይህ ሁሉ ነገር በኋላ ዘመን ለምንነሣው ለእኛ ትምህርትና ምክር ሊሆነን ምሳሌ ሆኖ ተጻፈ።
210c1239-194d-59a9-aa92-f89d3133b714,2099df7a-4e02-52cf-a98e-19bc6247f945,e4f6745d-f82e-59a3-adf2-c96962873665,12,12,አሁንም ያ ቆሜአለሁ ብሎ በራሱ የሚታመን ሰው እርሱ እንዳይወድቅ ይጠንቀቅ።
8beb6c93-34b7-5311-ae69-88a78c071245,2099df7a-4e02-52cf-a98e-19bc6247f945,e4f6745d-f82e-59a3-adf2-c96962873665,13,13,በሰው ላይ እንደሚደርሰው ያለ ፈተና ነው እንጂ ሌላ ፈተና አያገኛችሁም። በምትችሉት መከራ ነው እንጂ በማትችሉት መከራ ትፈተኑ ዘንድ ያልተዋችሁ እግዚአብሔር የተመሰገነ ነው፤ እርሱም ከፈተና ትድኑ ዘንድ በመከራ ጊዜ ይረዳችኋል።
27afa942-4943-570d-a304-a83d95c2f134,2099df7a-4e02-52cf-a98e-19bc6247f945,d6bb36d9-2aef-5851-a662-1708b4af80c3,1,14,ወንድሞች! አሁንም ጣዖት ከማምለክ ሽሹ።
2c6a4a52-d31b-5631-ac7f-9fe91f4871f7,2099df7a-4e02-52cf-a98e-19bc6247f945,d6bb36d9-2aef-5851-a662-1708b4af80c3,2,15,ለዐዋቂዎች እንደሚነገር እነግራችኋለሁ፤ ትክክለኛውንም እናንተ ራሳችሁ ፍረዱ።
7a1d2845-6f5b-5eb2-a5e8-167fc2f42766,2099df7a-4e02-52cf-a98e-19bc6247f945,d6bb36d9-2aef-5851-a662-1708b4af80c3,3,16,ይህ የምንባርከው የበረከት ጽዋ ከክርስቶስ ደም ጋር አንድ አይደለምን? የምንፈትተው ይህስ ኅብስት ከክርስቶስ ሥጋ ጋር አንድ አይደለምን?
2f604fc5-67c1-5688-a6da-779c1c4ac53c,2099df7a-4e02-52cf-a98e-19bc6247f945,d6bb36d9-2aef-5851-a662-1708b4af80c3,4,17,ኅብስቱ አንድ እንደ ሆነ እንዲሁ እኛም ብዙዎች ስንሆን አንድ አካል ነን፤ ሁላችን ከአንድ ኅብስት እንቀበላለንና።
05190844-0a12-55ab-a2e3-986cab2adce8,2099df7a-4e02-52cf-a98e-19bc6247f945,d6bb36d9-2aef-5851-a662-1708b4af80c3,5,18,እስራኤል ዘሥጋን ተመልከቱ፤ መሥዋዕቱን ይበላሉ፤ ከመሠዊያውም ጋር አንድ ይሆኑ አልነበረምን?
2fd4ff39-1cf9-5c39-a277-c1aa60f1f725,2099df7a-4e02-52cf-a98e-19bc6247f945,d6bb36d9-2aef-5851-a662-1708b4af80c3,6,19,እንግዲህ ምን እንላለን? ለጣዖታት የሚሠዋ መሥዋዕት ከንቱ ነው፤ ጣዖቶቻቸውም ከንቱ ናቸው።
7dbba69f-cbea-58ba-ac25-4eb9022b0923,2099df7a-4e02-52cf-a98e-19bc6247f945,d6bb36d9-2aef-5851-a662-1708b4af80c3,7,20,አሕዛብም የሚሠዉ ለአጋንንት ነው እንጂ ለእግዚአብሔር አይደለም፤ ነገር ግን የአጋንንት ተባባሪዎች እንድትሆኑ አልፈቅድላችሁም።
d76f1155-1b95-55a0-a666-c8fe452ac9e8,2099df7a-4e02-52cf-a98e-19bc6247f945,d6bb36d9-2aef-5851-a662-1708b4af80c3,8,21,የእግዚአብሔርን ጽዋና የአጋንንትን ጽዋ አንድ አድርጋችሁ መጠጣት አትችሉም፤ የእግዚአብሔርን ማዕድና የአጋንንትንም ማዕድ በአንድነት ልትበሉ አትችሉም።
797cece7-eeaa-5b62-ac7a-808a23eb25ec,2099df7a-4e02-52cf-a98e-19bc6247f945,d6bb36d9-2aef-5851-a662-1708b4af80c3,9,22,እንግዲህ እግዚአብሔርን እናስቀናውን? በውኑ እኛ ከእርሱ እንበረታለን?
34a9e29e-1b41-57a5-a156-3d863689b9cd,2099df7a-4e02-52cf-a98e-19bc6247f945,d6bb36d9-2aef-5851-a662-1708b4af80c3,10,23,ሁሉ ተፈቅዶልኛል፤ ነገር ግን ሁሉ የሚጠቅም አይደለም፤ ሁሉ ተፈቅዶልኛል፤ ነገር ግን ሁሉ የሚያንጽ አይደለም።
079ec362-c8a4-5f45-ac2d-f3baea7c0691,2099df7a-4e02-52cf-a98e-19bc6247f945,d6bb36d9-2aef-5851-a662-1708b4af80c3,11,24,ለባልንጀራችሁ እንጂ ለራሳችሁ አታድሉ።
393b3db7-1727-5ff5-aa36-0f92564d8422,2099df7a-4e02-52cf-a98e-19bc6247f945,d6bb36d9-2aef-5851-a662-1708b4af80c3,12,25,ደግሞም በሥጋ ገበያ የሚሸጡትን ሁሉ ከሕሊና የተነሣ ሳትመራመሩ ብሉ።
48daa519-8436-55f0-a2dc-37763c6da125,2099df7a-4e02-52cf-a98e-19bc6247f945,d6bb36d9-2aef-5851-a662-1708b4af80c3,13,26,“ምድር በመላዋ የእግዚአብሔር ናትና።”
555c39f0-691c-5964-a478-969b6164f9e6,2099df7a-4e02-52cf-a98e-19bc6247f945,d6bb36d9-2aef-5851-a662-1708b4af80c3,14,27,ያላመነ ሰው ቢጠራችሁ፥ ልትሄዱም ብትወዱ ያቀረቡላችሁን ሁሉ ከሕሊና የተነሣ ሳትመራመሩ ብሉ።
8af81bd3-ed5a-5db1-a6b1-039e96d57b40,2099df7a-4e02-52cf-a98e-19bc6247f945,d6bb36d9-2aef-5851-a662-1708b4af80c3,15,28,እንግዲህ “ይህ ለጣዖት የተሠዋ ነው” ያላችሁ ቢኖር ግን፥ ስለ ነገራችሁና ባልንጀራችሁም የሚጠራጠር ስለሆነ አትብሉ።
de302755-6f13-5801-ad18-eb24df91f8ec,2099df7a-4e02-52cf-a98e-19bc6247f945,d6bb36d9-2aef-5851-a662-1708b4af80c3,16,29,ነጻነታችሁን እንዳይነቅፉአት አስረድተዋችኋልና።
56ee5738-e449-5aa2-a185-806975d06c36,2099df7a-4e02-52cf-a98e-19bc6247f945,d6bb36d9-2aef-5851-a662-1708b4af80c3,17,30,በጸጋ ብበላ ግን በነገሩ ስለማመሰግን ለምን ይነቅፉኛል።
e74bd33b-dd47-5b91-ae7d-6b49244a7081,2099df7a-4e02-52cf-a98e-19bc6247f945,d6bb36d9-2aef-5851-a662-1708b4af80c3,18,31,ብትበሉም፥ ብትጠጡም የምታደርጉትን ሁሉ ለእግዚአብሔር ክብር አድርጉት።
1fc42f99-4478-5dd6-ad6f-971376d668d0,2099df7a-4e02-52cf-a98e-19bc6247f945,d6bb36d9-2aef-5851-a662-1708b4af80c3,19,32,ለአይሁድም፥ ለአረማውያንም፥ ለእግዚአብሔር ቤተ ክርስቲያንም ያለ ማሰናከል አርአያ ሁኑአቸው።
083c745f-1e41-5a27-a1d6-6d573bee9367,2099df7a-4e02-52cf-a98e-19bc6247f945,d6bb36d9-2aef-5851-a662-1708b4af80c3,20,33,እኔም ሁሉን በሁሉ ነገር ደስ እንዳሰኝ ይድኑ ዘንድ የብዙዎችን ተድላ እሻለሁ እንጂ የራሴን ተድላ የምሻ አይደለሁምና።
e0c43514-b95d-5c06-a87f-52b0dfc29e3c,45249bb1-68e0-5f10-a284-4882bf6d7dd7,d91eecc0-08d4-557b-a095-09baac0ae764,1,1,እኔ ክርስቶስን እንደምመስለው እኔን ምሰሉ።
0768d9e7-ac50-5d95-a1f0-57642f1d3c13,45249bb1-68e0-5f10-a284-4882bf6d7dd7,d91eecc0-08d4-557b-a095-09baac0ae764,2,2,ወንድሞች ሆይ፥ አመሰግናችኋለሁ፤ ዘወትር ታስቡኛላችሁና፤ ያስተማርኋችሁንም ትምህርት ጠብቃችኋልና።
97ac7806-4c2c-5282-ace9-89310705aadd,45249bb1-68e0-5f10-a284-4882bf6d7dd7,d91eecc0-08d4-557b-a095-09baac0ae764,3,3,ነገር ግን የወንድ ሁሉ ራሱ ክርስቶስ፥ የሴትም ራስዋ ወንድ፤ የክርስቶስም ራሱ እግዚአብሔር እንደ ሆነ ልታውቁ እወድዳለሁ።
4c0e04e1-9091-5415-a7fc-3a7d67dde580,45249bb1-68e0-5f10-a284-4882bf6d7dd7,8481d182-2d35-50a8-a971-5355cce13aa1,1,4,ራሱን ተከናንቦ የሚጸልይ ወይም የሚያስተምር ወንድ ሁሉ ራሱን ያዋርዳል።
e95118e1-19d5-59ec-a998-4440bed6fc1d,45249bb1-68e0-5f10-a284-4882bf6d7dd7,8481d182-2d35-50a8-a971-5355cce13aa1,2,5,ራስዋን ሳትከናነብ የምትጸልይ ወይም የምታስተምር ሴት ሁላ ራስዋን ታዋርዳለች፤ ራስዋን እንደ ተላጨች መሆንዋ ነውና።
0d6e26eb-f5ab-5a4d-abb9-30d3269a9ac5,45249bb1-68e0-5f10-a284-4882bf6d7dd7,8481d182-2d35-50a8-a971-5355cce13aa1,3,6,ሴት ካልተከናነበች ትላጭ ወይም ጠጕርዋን ትቈረጥ፤ ለሴት ጠጕርዋን መቈረጥ ወይም መላጨት ውርደት ከሆነ ትከናነብ።
18611a78-a3b6-538c-ac69-a9f2f49897ff,45249bb1-68e0-5f10-a284-4882bf6d7dd7,8481d182-2d35-50a8-a971-5355cce13aa1,4,7,ወንድ በሚጸልይበት ጊዜ ሊከናነብ አይገባውም፤ የእግዚአብሔር አርአያውና አምሳሉ ነውና፤ ሴትም ለባልዋ ክብር ናት።
fabce681-1ad7-52b7-abde-e57d7d2635dc,45249bb1-68e0-5f10-a284-4882bf6d7dd7,8481d182-2d35-50a8-a971-5355cce13aa1,5,8,ሴት ከወንድ ተገኝታለችና፤ ወንድ ግን ከሴት የተገኘ አይደለም።
46321856-b1c8-567d-acfa-2ef0521fa38c,45249bb1-68e0-5f10-a284-4882bf6d7dd7,8481d182-2d35-50a8-a971-5355cce13aa1,6,9,ወንድ ስለ ሴት አልተፈጠረም፤ ሴት ስለ ወንድ ተፈጠረች እንጂ።
9e599313-69cd-5857-a9b7-ef9f03c2f3b9,45249bb1-68e0-5f10-a284-4882bf6d7dd7,8481d182-2d35-50a8-a971-5355cce13aa1,7,10,ስለዚህም ሴት ስለ መላእክት፥ ሥልጣን ለራስዋ ሊሆን ይገባል፤
0929f96b-ca90-5b97-ab65-821c93040a8d,45249bb1-68e0-5f10-a284-4882bf6d7dd7,8481d182-2d35-50a8-a971-5355cce13aa1,8,11,ነገር ግን አሁን ሴት ከባሏ አትለይ፤ ወንድም ከሚስቱ አይለይ፤ ሁላችሁም በጌታችን ኑሩ።
59ed83f6-bbf8-5a30-a170-8255cc3e8f79,45249bb1-68e0-5f10-a284-4882bf6d7dd7,8481d182-2d35-50a8-a971-5355cce13aa1,9,12,ሴት ከወንድ እንደ ተገኘች እንዲሁ ወንድ ከሴት ተገኘ፤ ነገር ግን ሁሉ ከእግዚአብሔር ነው።
7b7dee80-87a0-50d0-a241-dfb1c281b61e,45249bb1-68e0-5f10-a284-4882bf6d7dd7,8481d182-2d35-50a8-a971-5355cce13aa1,10,13,እስኪ እናንተ ራሳችሁ ፍረዱ፤ ሴት ወደ እግዚአብሔር በምትጸልይበት ጊዜ ልትከናነብ አይገባምን?
b1fbef3d-5c1f-5ec2-a281-44f9b8681618,45249bb1-68e0-5f10-a284-4882bf6d7dd7,8481d182-2d35-50a8-a971-5355cce13aa1,11,14,ተፈጥሮዋስ አያስረዳችሁምን? ወንድ ግን ጠጕሩን ቢያሳድግ ነውር ነው።
7a6bbcbd-4017-5720-a756-941f9a103817,45249bb1-68e0-5f10-a284-4882bf6d7dd7,8481d182-2d35-50a8-a971-5355cce13aa1,12,15,ለሴት ግን ጠጕርዋን ብታሳድግ ክብርዋ ነው፤ ለሴት ጠጕርዋ እንደ ቀጸላ ሆኖ ተሰጥቶአታልና።
0058a006-4837-5ba8-a85e-25f841c0516f,45249bb1-68e0-5f10-a284-4882bf6d7dd7,8481d182-2d35-50a8-a971-5355cce13aa1,13,16,ነገር ግን የሚጠራጠር ቢኖር እኛ ወይም የእግዚአብሔር ቤተ ክርስቲያን እንዲህ ያለ ልማድ የለንም።
fb5e62d0-a74a-56e6-a8ce-d8e7c0cb2b80,45249bb1-68e0-5f10-a284-4882bf6d7dd7,f8a2fac2-7e09-5e38-a55e-aecae184f5fe,1,17,ይህንም የነገርኋችሁ ላመሰግናችሁ አይደለም፤ በምትሰበሰቡበት ጊዜ ወደ ዝቅተኛ እንጂ ወደሚሻል ግብር አትሄዱምና።
44eb84d7-308e-5553-a6db-deeae52638a7,45249bb1-68e0-5f10-a284-4882bf6d7dd7,f8a2fac2-7e09-5e38-a55e-aecae184f5fe,2,18,ከሁሉ አስቀድሞ በቤተ ክርስቲያን በምትሰበሰቡ ጊዜ እንደምትጣሉና እንደምትከራከሩ ሰምቻለሁ፤ የማምነውም አለኝ።
1a3767db-e743-5370-a3a1-ffa21cfb1000,45249bb1-68e0-5f10-a284-4882bf6d7dd7,f8a2fac2-7e09-5e38-a55e-aecae184f5fe,3,19,ከእናንተ የተመረጡት ወንድሞች ተለይተው እንዲታወቁ ትለያዩ ዘንድ ግድ ነው።
529b2601-2c35-5d99-a30a-3f9653cbbc94,45249bb1-68e0-5f10-a284-4882bf6d7dd7,f8a2fac2-7e09-5e38-a55e-aecae184f5fe,4,20,እንግዲህ እናንተም በምትሰበሰቡበት ጊዜ የምትበሉና የምትጠጡ ለጌታችን ቀን እንደሚገባ አይደለም።
a1f263c6-b7e9-5323-a1a2-2c3b6f081d22,45249bb1-68e0-5f10-a284-4882bf6d7dd7,f8a2fac2-7e09-5e38-a55e-aecae184f5fe,5,21,ወደ ምግብ ትሽቀዳደማላችሁ፤ የተራቡ በአጠገባችሁ እያሉ እናንተ ትበላላችሁ፤ ትጠግባላችሁ፤ ትሰክራላችሁም።
0971a83b-7bf1-5e84-a90c-95f31fb9c9a6,45249bb1-68e0-5f10-a284-4882bf6d7dd7,f8a2fac2-7e09-5e38-a55e-aecae184f5fe,6,22,በውኑ የምትበሉበትና የምትጠጡበት ቤት የላችሁምን? ወይስ የእግዚአብሔርን ቤተ ክርስቲያን ታስነቅፋላችሁን? ነዳያንንስ ታሳፍሩአቸዋላችሁን? ምን እላለሁ? በዚህ አመሰግናችኋለሁን? አላመሰግናችሁም።
cfcfd171-f4f4-520f-a3dc-53afc759658e,45249bb1-68e0-5f10-a284-4882bf6d7dd7,87085085-23c5-5090-a309-de73d9320918,1,23,ከእግዚአብሔር እንደ ተማርሁ አስተምሬአችኋለሁና፤ ጌታችን ኢየሱስ ክርስቶስ እርሱን ራሱን በያዙባት በዚያች ሌሊት ኅብስቱን አነሣ።
c0b50257-9205-508e-a60b-636db5d1a12c,45249bb1-68e0-5f10-a284-4882bf6d7dd7,87085085-23c5-5090-a309-de73d9320918,2,24,አመሰገነ፤ ባረከ፤ ፈተተ፤ እንዲህም አላቸው፥ “እንኩ ብሉ፤ ስለ እናንተ የሚሰጠው ሥጋዬ ይህ ነው፤ መታሰቢያዬንም እንዲሁ አድርጉ።”
0c486d93-a08f-512a-acf9-7ae1d7cee98e,45249bb1-68e0-5f10-a284-4882bf6d7dd7,87085085-23c5-5090-a309-de73d9320918,3,25,እንዲሁም ኅብስቱን ከተቀበሉ በኋላ ጽዋውን አንሥቶ፥ “አዲስ ሥርዐት የሚጸናበት ይህ ጽዋ ደሜ ነው እንዲህ አድርጉ፤ በምትጠጡበትም ጊዜ አስቡኝ” አላቸው።
d9bc5741-6d8c-5d9f-a573-f7695a33689d,45249bb1-68e0-5f10-a284-4882bf6d7dd7,87085085-23c5-5090-a309-de73d9320918,4,26,ይህን ኅብስት በምትበሉበት፥ ይህንም ጽዋ በምትጠጡበት ጊዜ ሁሉ ጌታችን እስከሚመጣበት ቀን ድረስ ሞቱን ትናገራላችሁ።
c0860468-9a3c-5254-a346-720364198a47,45249bb1-68e0-5f10-a284-4882bf6d7dd7,87085085-23c5-5090-a309-de73d9320918,5,27,አሁንም ሳይገባው ይህን ኅብስት የበላ፥ ይህንም ጽዋ የጠጣ የጌታችን ሥጋውና ደሙ ስለሆነ ዕዳ አለበት።
c8b338fd-faf7-5212-a68a-3f16bc1075ac,45249bb1-68e0-5f10-a284-4882bf6d7dd7,87085085-23c5-5090-a309-de73d9320918,6,28,አሁንም ሰው ራሱን መርምሮና አንጽቶ ከዚህ ኅብስት ይብላ፤ ከዚህም ጽዋ ይጠጣ።
4623a18e-5e81-5839-aff8-91b657475c21,45249bb1-68e0-5f10-a284-4882bf6d7dd7,87085085-23c5-5090-a309-de73d9320918,7,29,ሳይገባው፥ የጌታችን ሥጋም እንደ ሆነ ሳያውቅ፥ ሰውነቱንም ሳያነጻ፥ የሚበላና የሚጠጣ ለራሱ ፍርዱንና መቅሠፍቱን ይበላል፤ ይጠጣልም።
ac720ff9-10db-577c-a39b-73523da5e103,45249bb1-68e0-5f10-a284-4882bf6d7dd7,87085085-23c5-5090-a309-de73d9320918,8,30,ስለዚህ ከመካከላችሁ የደከሙና የታመሙ ብዙዎች ናቸው፤ ብዙዎችም በድንገት አንቀላፍተዋል።
ee7a6b0a-883b-54ff-a3b7-e235d911c2a9,45249bb1-68e0-5f10-a284-4882bf6d7dd7,87085085-23c5-5090-a309-de73d9320918,9,31,እኛ በራሳችን ብንፈርድ ኖሮ ባልተፈረደብንም ነበር።
a439ef66-266a-5d1a-a283-256e3abd4e15,45249bb1-68e0-5f10-a284-4882bf6d7dd7,87085085-23c5-5090-a309-de73d9320918,10,32,ነገር ግን በተፈረደብን ጊዜ ከዓለም ጋር እንዳንኰነን በጌታ እንገሠጻለን።
5931f922-791b-54f9-a472-aff234dbdce6,45249bb1-68e0-5f10-a284-4882bf6d7dd7,87085085-23c5-5090-a309-de73d9320918,11,33,አሁንም ወንሞቻችን ሆይ፥ ለምሳ በምትሰበሰቡበት ጊዜ እርስ በርሳችሁ ተጠባበቁ፤
bb091018-9761-5952-ae69-486e71bd3e9b,45249bb1-68e0-5f10-a284-4882bf6d7dd7,87085085-23c5-5090-a309-de73d9320918,12,34,መሰብሰባችሁ ለፍዳ እንዳይሆን፥ የተራበ ቢኖር በቤቱ ይብላ፤ አትነቃቀፉም፤ ሌላውን ሥርዐት ግን መጥቼ እሠራላችኋለሁ።
12d70639-0da7-54da-a7d9-8453b9484d97,1fde8eb7-5f91-58b7-ae61-42048d28fee7,728c677f-e363-5490-abb1-154511c4c1e8,1,1,ወንድሞቻችን ሆይ፥ ስለ መንፈስ ቅዱስ ስጦታም ታውቁ ዘንድ እንጂ አላዋቆች ልትሆኑ አንወድድም።
282acbff-c4c9-5460-a2da-356bc250905c,1fde8eb7-5f91-58b7-ae61-42048d28fee7,728c677f-e363-5490-abb1-154511c4c1e8,2,2,ቀድሞም እናንተ አሕዛብ በነበራችሁ ጊዜ ዲዳዎች ጣዖታትን ታመልኩ እንደ ነበር፥ ጣዖትም በማምለክ ረክሳችሁ እንደ ነበር፥ ወደ ወሰዱአችሁም ትሄዱ እንደ ነበር ታውቃላችሁ።
f06fd87a-62ef-5356-a496-0cf9579f03f8,1fde8eb7-5f91-58b7-ae61-42048d28fee7,728c677f-e363-5490-abb1-154511c4c1e8,3,3,ስለዚህም ማንም በእግዚአብሔር መንፈስ ሲናገር፥ “ኢየሱስ ውጉዝ ነው” የሚል እንደሌለ፥ በመንፈስ ቅዱስም ካልሆነ በቀር “ኢየሱስ ጌታ ነው” ሊል አንድስ እንኳን እንዳይችል አስታውቃችኋለሁ።
b39e6c24-195c-5f39-a817-40451387fccb,1fde8eb7-5f91-58b7-ae61-42048d28fee7,728c677f-e363-5490-abb1-154511c4c1e8,4,4,መንፈስ ቅዱስ አንድ ሲሆን ስጦታው ልዩ ልዩ ነው።
7fc2aa57-0260-51bf-ab16-0031f354106a,1fde8eb7-5f91-58b7-ae61-42048d28fee7,728c677f-e363-5490-abb1-154511c4c1e8,5,5,ጌታም አንድ ሲሆን ልዩ ልዩ አገልግሎቶች አሉ።
6974a208-adc1-5ada-a0d8-e757eb97cf0b,1fde8eb7-5f91-58b7-ae61-42048d28fee7,728c677f-e363-5490-abb1-154511c4c1e8,6,6,ሁሉን በሁሉ የሚያደርግ እግዚአብሔርም አንድ ሲሆን ልዩ ልዩ አሠራር አለ።
c634c8a0-a568-5622-a77f-f7e8fb30a108,1fde8eb7-5f91-58b7-ae61-42048d28fee7,728c677f-e363-5490-abb1-154511c4c1e8,7,7,ለሁሉም ጌታ እየረዳ በየዕድሉ እንደሚገባውና እንደሚጠቅመው ለእያንዳንዱ በግልጥ ይሰጠዋል፤
b450dee5-b389-5222-a74d-35448cebd9d0,1fde8eb7-5f91-58b7-ae61-42048d28fee7,728c677f-e363-5490-abb1-154511c4c1e8,8,8,በመንፈስ ቅዱስ የጥበብ ቃል የሚሰጠው አለ፤ በመንፈስ ቅዱስም የዕውቀት ቃል የሚሰጠው አለ።
3c8c654a-483d-56f0-aa4a-9ec0a50c8dd0,1fde8eb7-5f91-58b7-ae61-42048d28fee7,728c677f-e363-5490-abb1-154511c4c1e8,9,9,ለአንዱም በዚያው መንፈስ እምነት፥ ለአንዱም በአንዱ መንፈስ የመፈወስ ስጦታ፥
7576b5cc-b1a1-5342-add1-420c2c4113d2,1fde8eb7-5f91-58b7-ae61-42048d28fee7,728c677f-e363-5490-abb1-154511c4c1e8,10,10,ለአንዱም ተአምራትን ማድረግ፥ ለአንዱም ትንቢትን መናገር፥ ለአንዱም መናፍስትን መለየት፥ ለአንዱም በልዩ ዓይነት ልሳን መናገር፥ ለአንዱም በልሳኖች የተነገረውን መተርጐም ይሰጠዋል።
3d7f8327-62eb-514a-a768-31d7232f14bb,1fde8eb7-5f91-58b7-ae61-42048d28fee7,728c677f-e363-5490-abb1-154511c4c1e8,11,11,በዚህም ሁሉ ያው አንዱ መንፈስ ቅዱስ ሁሉን ይረዳል፤ ለሁሉም እንደ ወደደ ያድላቸዋል።
eec95488-be0f-5578-a13f-5a6ccd7207ff,1fde8eb7-5f91-58b7-ae61-42048d28fee7,728c677f-e363-5490-abb1-154511c4c1e8,12,12,አካል አንድ እንደ ሆነ ብዙ የአካል ክፍሎችም እንደ አሉበት፥ ነገር ግን የአካል ክፍሎች ሁሉ ብዙዎች ሳሉ አንድ አካል እንደ ሆኑ ክርስቶስ ደግሞ እንዲሁ ነው፤
35606e3a-2be9-5d25-a003-21f5b751e2db,1fde8eb7-5f91-58b7-ae61-42048d28fee7,728c677f-e363-5490-abb1-154511c4c1e8,13,13,እኛ ሁላችንም በአንድ መንፈስ አንድ አካል ለመሆን ተጠምቀናል፤ አይሁድ ብንሆን፥ አረማውያንም ብንሆን፥ ባሪያዎችም ብንሆን፥ ነጻዎችም ብንሆን ሁላችን አንድ መንፈስ ጠጥተናልና።
00c19c6d-8cdd-5e80-a37f-616a1c235eb3,1fde8eb7-5f91-58b7-ae61-42048d28fee7,728c677f-e363-5490-abb1-154511c4c1e8,14,14,የአካላችንም ክፍሉ ብዙ ነው እንጂ አንድ አይደለም።
5c2d7c7f-1488-5ea5-acdf-4b8d5cb5f8f4,1fde8eb7-5f91-58b7-ae61-42048d28fee7,728c677f-e363-5490-abb1-154511c4c1e8,15,15,እግርም፥ “እኔ እጅ አይደለሁምና የአካል ክፍል አይደለሁም” ብትል ይህን በማለቷ የአካል ክፍል መሆንዋ ይቀራልን?
dacf9738-c8b6-50a6-aa06-f9391ccd499f,1fde8eb7-5f91-58b7-ae61-42048d28fee7,728c677f-e363-5490-abb1-154511c4c1e8,16,16,ጆሮም፥ “እኔ ዐይን አይደለሁምና የአካል ክፍል አይደለሁም” ብትል ይህን በማለቷ የአካል ክፍል መሆንዋ ይቀራልን?
f7105277-cb8b-5129-a61d-b9d6ca8a9b34,1fde8eb7-5f91-58b7-ae61-42048d28fee7,728c677f-e363-5490-abb1-154511c4c1e8,17,17,አካል ሁሉ ዐይን ቢሆን ኖሮ መስማት ከየት በተገኘ ነበር፤ አካልስ ሁሉ ጆሮ ቢሆን ኖሮ ማሽተት ከየት በተገኘ ነበር?
e3b6e564-b8e2-5ac6-adde-311cadb87103,1fde8eb7-5f91-58b7-ae61-42048d28fee7,728c677f-e363-5490-abb1-154511c4c1e8,18,18,አሁን ግን እግዚአብሔር የአካላችንን ክፍል በሰውነታችን ውስጥ እርሱ እንደ ወደደ እየራሱ አከናውኖ መደበው።
7e28e298-e57a-5b83-a87d-9a18e45b92f1,1fde8eb7-5f91-58b7-ae61-42048d28fee7,728c677f-e363-5490-abb1-154511c4c1e8,19,19,የአካል ክፍሉ አንድ ቢሆን ኖሮ አካል የት በተገኘ ነበር?
0315dad1-7249-5ad8-a851-f95ba89c26ba,1fde8eb7-5f91-58b7-ae61-42048d28fee7,728c677f-e363-5490-abb1-154511c4c1e8,20,20,አሁንም የአካል ክፍሎች ብዙዎች ናቸው ፤ አካሉ ግን አንድ ነው።
94c503b4-f99a-55b4-a02e-511fda3f5f2d,1fde8eb7-5f91-58b7-ae61-42048d28fee7,728c677f-e363-5490-abb1-154511c4c1e8,21,21,ዐይን እጅን፥ “አልፈልግሽም” ልትላት አትችልም፤ ራስም፥ “እግሮችን አልፈልጋችሁም” ልትላቸው አትችልም።
cceca58f-0a04-51e2-acea-0911d97724a8,1fde8eb7-5f91-58b7-ae61-42048d28fee7,728c677f-e363-5490-abb1-154511c4c1e8,22,22,ደካሞች የሚመስሉህ የአካል ክፍሎች ይልቁን የሚያስፈልጉህ ናቸው።
97399c20-54c3-5906-a3bc-6c1a8382844d,1fde8eb7-5f91-58b7-ae61-42048d28fee7,728c677f-e363-5490-abb1-154511c4c1e8,23,23,ከአካልም ክፍሎች የተናቁ ለሚመስሉን ክብርን እንጨምርላቸዋለን፤ ለምናፍርባቸውም የአካል ክፍሎች ክብር ይጨመርላቸዋል።
83ed76bc-8785-520e-a32e-6cb9abd19db0,1fde8eb7-5f91-58b7-ae61-42048d28fee7,728c677f-e363-5490-abb1-154511c4c1e8,24,24,ለከበረው የአካላችን ክፍል ክብርን አንሻለትም፤ እግዚአብሔር ግን ሰውነታችንን አስማምቶታል፤ ይልቁንም ታናሹን የአካል ክፍል አክብሮታል።
175c6dd7-a17d-51b0-a377-f1e51ee148c1,1fde8eb7-5f91-58b7-ae61-42048d28fee7,728c677f-e363-5490-abb1-154511c4c1e8,25,25,የአካላችን ክፍሎች እርስ በርሳቸው እንዳይለያዩ፥ አካላችን ሳይነጣጠል በክብር እንዲተካከል አስማማው።
68c2ef63-43ff-51f3-ae5b-3ae71ed087ec,1fde8eb7-5f91-58b7-ae61-42048d28fee7,728c677f-e363-5490-abb1-154511c4c1e8,26,26,አንዱ የአካል ክፍል ቢታመም ከእርሱ ጋር የአካል ክፍሎች ሁሉ ይታመማሉ፤ አንዱ የአካል ክፍል ደስ ቢለውም የአካል ክፍሎች ሁሉ ከእርሱ ጋር ደስ ይላቸዋል።
482a4ca7-5389-5598-af26-80fa85411ee2,1fde8eb7-5f91-58b7-ae61-42048d28fee7,728c677f-e363-5490-abb1-154511c4c1e8,27,27,እንግዲህ እናንተ የክርስቶስ አካሉ ናችሁ፤ እያንዳንዳችሁም የአካሉ ክፍሎች ናችሁ።
b48c9368-f472-5a17-ad2f-42d1e65feb90,1fde8eb7-5f91-58b7-ae61-42048d28fee7,728c677f-e363-5490-abb1-154511c4c1e8,28,28,እግዚአብሔር ለቤተ ክርስቲያን የሾማቸው አስቀድሞ ሐዋርያትን፥ ሁለተኛም ነቢያትን፥ ሦስተኛም መምህራንን፥ ከዚህም በኋላ ተአምራትና ኀይል ማድረግ የተሰጣቸውን፥ ቀጥሎም የመፈወስ ሀብት የተሰጣቸውን፥ የመርዳትም ሀብት የተሰጣቸውን፥ የመምራትና ቋንቋን የመናገር ሀብት የተሰጣቸውን ነው።
fb70cd66-bb98-5c67-ae98-764f6302f805,1fde8eb7-5f91-58b7-ae61-42048d28fee7,728c677f-e363-5490-abb1-154511c4c1e8,29,29,በውኑ ሁሉ ሐዋርያትን ይሆናሉን? ሁሉስ ነቢያትን ይሆናሉን? ሁሉስ መምህራንን ይሆናሉን? ለሁሉስ ተአምራትን የማድረግ ኀይል ይሰጣልን?
a49866f3-8ada-57ee-a34a-bca7d7a3738b,1fde8eb7-5f91-58b7-ae61-42048d28fee7,728c677f-e363-5490-abb1-154511c4c1e8,30,30,ለሁሉስ የመፈወስ ሀብት ይሰጣልን? ሁሉስ በቋንቋ ይናገራሉን? ሁሉስ ይተረጕማሉን?
e041fd11-9bdd-548a-a2c4-a09358cad4db,1fde8eb7-5f91-58b7-ae61-42048d28fee7,728c677f-e363-5490-abb1-154511c4c1e8,31,31,ነገር ግን ለምትበልጠው ጸጋ ቅኑ፤ ደግሞም የምትሻለውን መንገድ አስተምራችኋለሁ።
a314f059-4374-586e-acd6-9e832706e47e,32cd39e5-1b09-5162-a193-fc6fa6581efa,4e51f7e7-15fa-588f-ac69-6b770ab06010,1,1,የሰውን ሁሉ ቋንቋ ባውቅ፥ የመላእክትንም ሁሉ ቋንቋ ባውቅ፥ ነገር ግን ፍቅር ከሌለኝ እንደሚጮህ ነሐስ፥ ወይም እንደሚመታ ከበሮ መሆኔ ነው።
16eb2671-73eb-5e79-af08-ce78846c715b,32cd39e5-1b09-5162-a193-fc6fa6581efa,4e51f7e7-15fa-588f-ac69-6b770ab06010,2,2,ትንቢት ብናገር፥ የተሰውረውን ሁሉ፥ ጥበብንም ሁሉ ባውቅ፥ ተራራ እስከ ማፍለስ የሚያደርስ ፍጹም እምነትም ቢኖረኝ ፍቅር ከሌለኝ ከንቱ ነኝ።
a84f4953-fa83-5daf-a8b9-63ce133e6c9a,32cd39e5-1b09-5162-a193-fc6fa6581efa,4e51f7e7-15fa-588f-ac69-6b770ab06010,3,3,ገንዘቤን ሁሉ ለምጽዋት ብሰጥ፥ ሥጋዬንም ለእሳት መቃጠል ብሰጥ፥ ነገር ግን ፍቅር ከሌለኝ ምንም አይጠቅመኝም።
3629f803-bb71-55c9-a436-2cf9da0f7332,32cd39e5-1b09-5162-a193-fc6fa6581efa,4e51f7e7-15fa-588f-ac69-6b770ab06010,4,4,ፍቅር ያስታግሣል፤ ፍቅር ያስተዛዝናል፤ ፍቅር አያቀናናም፤ ፍቅር አያስመካም፤ ፍቅር ልቡናን አያስታብይም።
1f7a3946-3b20-59f7-ab54-3f0c4a3387f8,32cd39e5-1b09-5162-a193-fc6fa6581efa,4e51f7e7-15fa-588f-ac69-6b770ab06010,5,5,ብቻዬን ይድላኝ አያሰኝም፤ አያበሳጭም፤ ክፉ ነገርንም አያሳስብም።
267e5046-6038-5e46-a168-c00669e16f60,32cd39e5-1b09-5162-a193-fc6fa6581efa,4e51f7e7-15fa-588f-ac69-6b770ab06010,6,6,ጽድቅን በመሥራት ደስ ያሰኛል እንጂ፥ ግፍን በመሥራት ደስ አያሰኝም።
a2c98e96-52b0-585e-adfd-df7a3b264b31,32cd39e5-1b09-5162-a193-fc6fa6581efa,4e51f7e7-15fa-588f-ac69-6b770ab06010,7,7,በሁሉ ያቻችላል፤ በሁሉም ያስተማምናል፤ በሁሉም ተስፋ ያስደርጋል፥ በሁሉም ያስታግሣል።
76d3d565-e7d7-534d-a1b3-5c6c1d263d3c,32cd39e5-1b09-5162-a193-fc6fa6581efa,4e51f7e7-15fa-588f-ac69-6b770ab06010,8,8,ፍቅር ለዘወትር አይጥልም፤ ትንቢት የሚናገርም ያልፋል፤ ይሻራልም፤ በልዩ ልዩ ቋንቋ የሚናገርም ያልፋል፤ ይቀራል፤ የሚራቀቅም ያልፋል፤ ይጠፋል።
c32b45c7-699d-5803-ab79-20db1871a055,32cd39e5-1b09-5162-a193-fc6fa6581efa,4e51f7e7-15fa-588f-ac69-6b770ab06010,9,9,በየገጹ ጥቂት ጥቂት እናውቃለንና፤ ጥቂት ጥቂት ትንቢትም እንናገራለንና።
dc0e7d9e-48b2-5bcd-a7e5-a53f2b037a0c,32cd39e5-1b09-5162-a193-fc6fa6581efa,4e51f7e7-15fa-588f-ac69-6b770ab06010,10,10,ፍጹም የሆነ ሲመጣ ግን ያ ተከፍሎ የነበረው ይሻራል።
4b4589d1-fdce-5b36-ad15-b07b21eac7f4,32cd39e5-1b09-5162-a193-fc6fa6581efa,4e51f7e7-15fa-588f-ac69-6b770ab06010,11,11,እኔ ልጅ በነበርሁ ጊዜ እንደ ልጅ እናገር ነበር፤ እንደ ልጅም አስብ ነበር፤ እንደ ልጅም እመክር ነበር፤ በአደግሁ ጊዜ ግን የልጅነትን ጠባይ ሁሉ ሻርሁ።
b2b255c7-1244-5150-ac41-de7aa07d187a,32cd39e5-1b09-5162-a193-fc6fa6581efa,4e51f7e7-15fa-588f-ac69-6b770ab06010,12,12,አሁን ግን ታወቀኝ፤ በግልጥም ተረዳኝ፤ በመስታወትም እንደሚያይ ሰው ዛሬ በድንግዝግዝታ እናያለን፤ ያን ጊዜ ግን ፊት ለፊት እናያለን፤ አሁን በከፊል፥ ኋላ ግን እንደ ተገለጠልኝ መጠን ሁሉን አውቃለሁ።
9c085984-5285-535c-ae04-3b15835db016,32cd39e5-1b09-5162-a193-fc6fa6581efa,4e51f7e7-15fa-588f-ac69-6b770ab06010,13,13,አሁንም እነዚህ ሦስቱ እምነት፥ ተስፋና ፍቅር ጸንተው ይኖራሉ፤ ከሁሉ ግን ፍቅር ይበልጣል።
d35681f7-5351-588a-a268-5bae8802c8ec,b035958f-df8a-59bb-ae2e-5733f75dfe56,1d2ee2f3-f118-5548-a744-d9d3761e5296,1,1,ፍቅርን ተከተሏት፤ ለመንፈሳዊ ስጦታ፥ ይልቁንም ትንቢት ለመናገር ተፎካከሩ።
10c85cdb-6002-5fe2-ac5b-8f75fa2d7333,b035958f-df8a-59bb-ae2e-5733f75dfe56,1d2ee2f3-f118-5548-a744-d9d3761e5296,2,2,በቋንቋ የሚናገር ለእግዚአብሔር እንጂ ለሰው የሚናገር አይደለም። የሚናገረውን የሚሰማው የለምና፥ ነገር ግን በመንፈስ ምሥጢርን ይናገራል።
50716ebe-0588-54ac-a26d-ae155f3af7bd,b035958f-df8a-59bb-ae2e-5733f75dfe56,1d2ee2f3-f118-5548-a744-d9d3761e5296,3,3,ትንቢትን የሚናገር ግን ለማነጽና ለመምከር፥ ለማረጋጋትም ለሰው ይናገራል።
c32a6691-543a-5402-ab10-71e0f113c812,b035958f-df8a-59bb-ae2e-5733f75dfe56,1d2ee2f3-f118-5548-a744-d9d3761e5296,4,4,በቋንቋ የሚናገር ራሱን ያንጻል፤ የሚተረጕም ግን የክርስቲያን ማኅበርን ያንጻል።
b4d18cce-4f28-5848-aaa8-970ac164b61e,b035958f-df8a-59bb-ae2e-5733f75dfe56,1d2ee2f3-f118-5548-a744-d9d3761e5296,5,5,ሁላችሁም በቋንቋ ልትናገሩ እወዳለሁ፤ ይልቁንም ትንቢት ልትናገሩ እወዳለሁ፤ ሳይተረጕም በቋንቋ ከሚናገር ይልቅ ትንቢት የሚናገር እጅግ ይበልጣልና፤ ቢተረጕም ግን ማኅበሩን ያንጻል።
16b7702d-1c14-5ac1-a00a-09793d7fd0ce,b035958f-df8a-59bb-ae2e-5733f75dfe56,1d2ee2f3-f118-5548-a744-d9d3761e5296,6,6,አሁንም ወንድሞች ሆይ፥ ወደ እናንተ መጥቼ በማታውቁት ቋንቋ ባነጋግራችሁ፥ የጥበብ ነገርንም ቢሆን፥ የትንቢትንም ነገር ቢሆን፥ የማስተማር ሥራንም ቢሆን ገልጬ ካልነገርኋችሁ የምጠቅማችሁ ጥቅም ምንድን ነው?
a767dc52-c1bb-5b76-a6e2-0d004589f2d9,b035958f-df8a-59bb-ae2e-5733f75dfe56,1d2ee2f3-f118-5548-a744-d9d3761e5296,7,7,ነፍስ የሌለው ድምፅ የሚሰጥ እንደ መሰንቆ፥ ወይም እንደ ክራር ያለ መሣሪያ በስልት ካልተመታ መሰንቆው ወይም ክራሩ የሚለውን ማን ያውቃል?
3d182ec9-8cfc-5bb4-a9a1-95cd501e7ac1,b035958f-df8a-59bb-ae2e-5733f75dfe56,1d2ee2f3-f118-5548-a744-d9d3761e5296,8,8,መለከት የሚነፋም በታወቀው ስልት ካልነፋ ለጦርነት ማን ይዘጋጃል?
8a853dcf-e838-5227-a7a8-d1d3d98dc78b,b035958f-df8a-59bb-ae2e-5733f75dfe56,1d2ee2f3-f118-5548-a744-d9d3761e5296,9,9,እንዲሁም እናንተ በማይታወቅ ቋንቋ ብትናገሩ፥ ይህንኑም ገልጣችሁ ባትተረጕሙ የምትሉትንና የምትናገሩትን ማን ያውቃል? ከነፋስ ጋር እንደምትነጋገሩ ትሆናላችሁ።
55d036dc-d4c3-5dcd-a5c5-35b134c17092,b035958f-df8a-59bb-ae2e-5733f75dfe56,1d2ee2f3-f118-5548-a744-d9d3761e5296,10,10,በዓለም ልዩ ልዩ ቋንቋዎች አሉ፤ ከእነርሱም ትርጕም የሌለው አንድም የለም።
9980ecf6-2ca0-5011-a2ec-9037cc5c8462,b035958f-df8a-59bb-ae2e-5733f75dfe56,1d2ee2f3-f118-5548-a744-d9d3761e5296,11,11,የቋንቋውን ትርጓሜ ካላወቅሁ እኔ ለሚያነጋግረኝ እንደ እንግዳ እሆንበታለሁ፤ የሚያነጋግረኝ እርሱም ለእኔ እንደ እንግዳ ይሆናል።
2296e4c0-5749-510d-a661-cf3603d21948,b035958f-df8a-59bb-ae2e-5733f75dfe56,1d2ee2f3-f118-5548-a744-d9d3761e5296,12,12,እንዲሁ እናንተም ለመንፈስ ቅዱስ ስጦታ ተፎካከሩ፤ ትበዙም ዘንድ ማኅበሩ የሚታነጽበትን ፈልጉ።
e32068ae-ea5f-5aaf-a8e5-d540334132c6,b035958f-df8a-59bb-ae2e-5733f75dfe56,1d2ee2f3-f118-5548-a744-d9d3761e5296,13,13,በማያውቀው ቋንቋ የሚናገር ሰውም መተርጐም እንዲችል ይጸልይ።
0d466e3f-f780-5b66-a050-b441b5dde8a1,b035958f-df8a-59bb-ae2e-5733f75dfe56,1d2ee2f3-f118-5548-a744-d9d3761e5296,14,14,በማላውቀው ቋንቋ የምጸልይ ከሆንሁ ቃሌ ብቻ ይጸልያል፤ ልቤ ግን ባዶ ነው።
fdffe08e-9a14-5f3f-a68e-502616dc4788,b035958f-df8a-59bb-ae2e-5733f75dfe56,1d2ee2f3-f118-5548-a744-d9d3761e5296,15,15,እንግዲህ ምን አደርጋለሁ በመንፈስ እጸልያለሁ፤ በማስተዋልም እማልዳለሁ፤ በመንፈሴ እዘምራለሁ፤ በማስተዋልም እዘምራለሁ።
b786ed92-c09c-51ec-ab8c-054d9de4e56d,b035958f-df8a-59bb-ae2e-5733f75dfe56,1d2ee2f3-f118-5548-a744-d9d3761e5296,16,16,አንተ በመንፈስ ብታመሰግን፥ ያ የቆመው ያልተማረው በአንተ ምስጋና ላይ እንዴት አሜን ይላል? የምትናገረውንና የምትጸልየውን አያውቅምና።
58f1ea74-f58d-5390-a83f-3fc6656222f7,b035958f-df8a-59bb-ae2e-5733f75dfe56,1d2ee2f3-f118-5548-a744-d9d3761e5296,17,17,እነሆ፥ አንተስ መልካም ታመሰግናለህ፤ ነገር ግን ሌላው እንዴት ይታነጻል?
39742e5e-8e31-5c0d-a601-49c89d14a252,b035958f-df8a-59bb-ae2e-5733f75dfe56,1d2ee2f3-f118-5548-a744-d9d3761e5296,18,18,እግዚአብሔርን አመሰግነዋለሁ፤ ከሁላችሁ ይልቅ እኔ በቋንቋዎች እናገራለሁና።
ea2236f3-3809-5976-a2ad-ccb2e09d04df,b035958f-df8a-59bb-ae2e-5733f75dfe56,1d2ee2f3-f118-5548-a744-d9d3761e5296,19,19,ነገር ግን ሌሎችን አስተምር ዘንድ፥ በቋንቋ ከሚነገር ብዙ ቃል ይልቅ በቤተ ክርስቲያን በአእምሮዬ አምስት ቃላትን ልናገር እሻለሁ።
9c0c9b7c-96c7-54bc-a37f-f71b68521dcf,b035958f-df8a-59bb-ae2e-5733f75dfe56,1d2ee2f3-f118-5548-a744-d9d3761e5296,20,20,ወንድሞቻችን ሆይ፥ በአእምሮ እንደ ሕፃናት አትሁኑ፤ ነገር ግን ለክፉ ነገር እንደ ሕፃናት ሁኑ፤ በዕውቀትም ፍጹማን ሁኑ።
5c7f9ffb-03b8-59e7-abf6-0d2a8c06269e,b035958f-df8a-59bb-ae2e-5733f75dfe56,1d2ee2f3-f118-5548-a744-d9d3761e5296,21,21,በኦሪትም፥ “ይህን ሕዝብ በሌሎች ቋንቋዎችና በሌላ አንደበት እናገራቸዋለሁ፤ እንዲሁም ሆኖ አይሰሙኝም ይላል እግዚአብሔር” ብሎአል።
bea39326-4081-5806-ad2e-22ccc5b1bde3,b035958f-df8a-59bb-ae2e-5733f75dfe56,1d2ee2f3-f118-5548-a744-d9d3761e5296,22,22,አሁንም ቋንቋ መናገር ለማያምኑ ሰዎች ለምልክት ነው፤ ለሚያምኑ ግን አይደለም፤ ትንቢትም ለሚያምኑ ነው እንጂ ለማያምኑ አይደለም።
02f738dd-b4bf-5baf-a9d1-dd6cac2c1dd9,b035958f-df8a-59bb-ae2e-5733f75dfe56,1d2ee2f3-f118-5548-a744-d9d3761e5296,23,23,ሕዝቡ ሁሉ በአንድነት ቢሰበሰቡ፥ ሁሉም በልዩ ልዩ ቋንቋ ቢናገሩ፥ አላዋቂዎች፥ ወይም የማያምኑ ቢመጡ አብደዋል ይሉአቸው የለምን?
fe99f0bf-1faf-5b5f-a7f8-6ce77d93de3a,b035958f-df8a-59bb-ae2e-5733f75dfe56,1d2ee2f3-f118-5548-a744-d9d3761e5296,24,24,ሁሉም ትንቢት ቢናገሩ ግን የማያምኑ ወይም አላዋቂዎች ቢመጡ ሁሉ ይከራከሩአቸው የለምን? ሁሉስ ያሳፍሩአቸው የለምን?
c2defd03-3bd5-5717-a3a4-582069d1e7ee,b035958f-df8a-59bb-ae2e-5733f75dfe56,1d2ee2f3-f118-5548-a744-d9d3761e5296,25,25,በልባቸው የደበቁትም ይገለጣል፤ ከዚህ በኋላ ያ የማያምነው ተመልሶ ይጸጸታል፤ በግንባሩም ወድቆ ለእግዚአብሔር ይሰግዳል፥ በእውነት እግዚአብሔር ከእናንተ ጋር እንዳለም ይናገራል።
14c0636a-4cd1-512c-a87e-4be038a06305,b035958f-df8a-59bb-ae2e-5733f75dfe56,a2eda51e-58e8-5020-a3f8-a2df8d9f9a37,1,26,አሁንም ወንድሞቻችን ሆይ፥ ሁላችሁ በምትሰበሰቡበት ጊዜ መዝሙር አላችሁ፤ ትምህርት አላችሁ፤ መግለጥ አላችሁ፤ በቋንቋ መናገር አላችሁ፤ መተርጐምም አላችሁ፤ ሁሉም ለሚታነጽበት ጥቅም አድርጉት።
c3abff40-1515-59dd-a6a7-cce521f19648,b035958f-df8a-59bb-ae2e-5733f75dfe56,a2eda51e-58e8-5020-a3f8-a2df8d9f9a37,2,27,በቋንቋ የሚናገር ቢኖር ሁለት ሁለት፥ ወይም ቢበዛ ሦስት ሦስት እየሆኑ በተራ ይናገሩ፤ ሌላውም ይተርጕምለት።
03bfe729-911a-52dd-aa65-8956f892b2a7,b035958f-df8a-59bb-ae2e-5733f75dfe56,a2eda51e-58e8-5020-a3f8-a2df8d9f9a37,3,28,የሚተረጕም ከሌለ ግን በቤተ ክርስቲያን በቋንቋ የሚናገረው ዝም ይበል፤ በእግዚአብሔር መካከልና በእርሱ መካከል ይናገር።
5457bc3c-3d62-5a0b-a8e3-ca566ad81410,b035958f-df8a-59bb-ae2e-5733f75dfe56,a2eda51e-58e8-5020-a3f8-a2df8d9f9a37,4,29,ነቢያትም ቃላቸው ለቤተ ክርስቲያን ይታወቅ ዘንድ ሁለት ሁለት፥ ወይም ሦስት ሦስት ሆነው ይናገሩ።
7342c5d0-3fe2-503b-aa0c-7f890b172454,b035958f-df8a-59bb-ae2e-5733f75dfe56,a2eda51e-58e8-5020-a3f8-a2df8d9f9a37,5,30,ተቀምጦ ሳለ ምሥጢር የተገለጠለት ቢኖር ፊተኛው ዝም ይበል።
e956edc5-034a-583f-a6ea-0a4578609280,b035958f-df8a-59bb-ae2e-5733f75dfe56,a2eda51e-58e8-5020-a3f8-a2df8d9f9a37,6,31,ሁሉ እንዲማር፥ ሁሉም ደስ እንዲለው፥ እንዲጸናም ሁላችሁ እያንዳንዳችሁ ትንቢት ልትናገሩ ትችላላችሁና።
8d4c59a7-c8a1-51f9-a540-40821de8cc59,b035958f-df8a-59bb-ae2e-5733f75dfe56,a2eda51e-58e8-5020-a3f8-a2df8d9f9a37,7,32,የነቢያት ሀብት ለነቢያት ይሰጣልና።
60d7562d-12f3-5370-a332-03f3cea4dca1,b035958f-df8a-59bb-ae2e-5733f75dfe56,a2eda51e-58e8-5020-a3f8-a2df8d9f9a37,8,33,በቅዱሳን ጉባኤ ሁሉ እንደሚደረግ፥ እግዚአብሔር የሰላም አምላክ እንጂ የሁከት አምላክ አይደለምና።
c6515f6d-fe14-5ea2-aaa7-97accda48c8d,b035958f-df8a-59bb-ae2e-5733f75dfe56,a2eda51e-58e8-5020-a3f8-a2df8d9f9a37,9,34,ሴቶችም በቤተ ክርስቲያን ዝም ይበሉ፤ ሊታዘዙ እንጂ ሊናገሩ አልተፈቀደምና፤ ኦሪትም እንዲህ ብሎአልና።
d47ff553-9387-5821-aee0-9ae9cc0ef9a4,b035958f-df8a-59bb-ae2e-5733f75dfe56,a2eda51e-58e8-5020-a3f8-a2df8d9f9a37,10,35,ለሴት በቤተ ክርስቲያን መናገር ክልክል ነው፤ ሊማሩ ከወደዱ ደግሞ በቤታቸው ባሎቻቸውን ይጠይቁ።
08b79d30-22e7-5327-abb4-b5bf7ccf98b8,b035958f-df8a-59bb-ae2e-5733f75dfe56,a2eda51e-58e8-5020-a3f8-a2df8d9f9a37,11,36,የእግዚአብሔር ቃል ከእናንተ ብቻ ወጥቶአልን? ወይስ የእግዚአብሔር ቃል ወደ እናንተ ብቻ ደርሶአልን?
f6ee330a-065a-5ce6-ab5b-68010d3a271f,b035958f-df8a-59bb-ae2e-5733f75dfe56,a2eda51e-58e8-5020-a3f8-a2df8d9f9a37,12,37,ራሱን እንደ ነቢይ አድርጎ ወይም መንፈስ ቅዱስ እንዳደረበት አድርጎ የሚቈጥር ቢኖር፥ የእግዚአብሔር ትእዛዝ ነውና ይህን የጻፍሁላችሁን ይወቅ።
901b798e-956a-5151-a7f0-fdd9d24c474a,b035958f-df8a-59bb-ae2e-5733f75dfe56,a2eda51e-58e8-5020-a3f8-a2df8d9f9a37,13,38,ነገር ግን ይህን የማያውቅ ቢኖር እግዚአብሔርን አያውቀውም።
598101ab-d487-5c5e-a937-b66b3af98ff7,b035958f-df8a-59bb-ae2e-5733f75dfe56,a2eda51e-58e8-5020-a3f8-a2df8d9f9a37,14,39,አሁንም ወንድሞቻችን ሆይ፥ ትንቢትን ለመናገር ቅኑ፤ በቋንቋ የሚናገረውንም አትከልክሉት።
02fe9f42-4c41-5c43-ad5e-9d67c8e55125,b035958f-df8a-59bb-ae2e-5733f75dfe56,a2eda51e-58e8-5020-a3f8-a2df8d9f9a37,15,40,ነገር ግን ሁሉን በአገባብና በሥርዐት አድርጉ፤
3d8641c0-baba-52c1-a8dd-3c4c4ada8758,7a16a46f-26d0-58ed-aff2-6b04dd93a0b9,083244d3-f382-5989-adb5-ec35f4d46809,1,1,ወንድሞቻችን ሆይ፥ ያስተማርኋችሁንና የተቀበላችሁትን ያላችሁበትን፥ በእርሱም የምትድኑበትን ወንጌል አሳስባችኋለሁ።
b355dd0f-14f8-54bd-ab97-1977326fb070,7a16a46f-26d0-58ed-aff2-6b04dd93a0b9,083244d3-f382-5989-adb5-ec35f4d46809,2,2,ያስተማርኋችሁን ታስቡ እንደ ሆነ በቃሌ አስተምሬአችኋለሁ፤ ያለዚያ ግን ማመናችሁ ከንቱ ነው።
f7f9fd5d-602f-56b5-a3fa-42d45ba3460e,7a16a46f-26d0-58ed-aff2-6b04dd93a0b9,6620d593-c74f-5df0-aca5-7839a1e3d634,1,3,እኔ የተማርሁትን አስቀድሜ መጽሐፍ እንደሚል እንዲህ ብዬ አስተማርኋችሁ፥ “ክርስቶስ ስለ ኀጢአታችን ሞተ።
82f0f70a-0586-5291-a07c-462060033ffa,7a16a46f-26d0-58ed-aff2-6b04dd93a0b9,6620d593-c74f-5df0-aca5-7839a1e3d634,2,4,ተቀበረ፤ እንደ ተጻፈም በሦስተኛው ቀን ተነሣ።”
22a8a953-ad7c-518c-a272-689620cb53a0,7a16a46f-26d0-58ed-aff2-6b04dd93a0b9,6620d593-c74f-5df0-aca5-7839a1e3d634,3,5,ለጴጥሮስ ታየው፤ ከዚህም በኋላ ለዐሥራ አንዱ ደቀ መዛሙርቱ ታያቸው።
4cc066dd-83a5-54bd-a20a-350bb55e1799,7a16a46f-26d0-58ed-aff2-6b04dd93a0b9,6620d593-c74f-5df0-aca5-7839a1e3d634,4,6,ከዚህም በኋላ ከአምስት መቶ ለሚበዙ ወንድሞች በአንድ ጊዜ ታያቸው፤ ከእነርሱ ብዙዎቹ እስከ ዛሬ አሉ፤ አንዳንዶቹ ግን አንቀላፍተዋል።
1bdd672d-8bd4-58ab-afd6-38d9a8ebb280,7a16a46f-26d0-58ed-aff2-6b04dd93a0b9,6620d593-c74f-5df0-aca5-7839a1e3d634,5,7,ከዚህም በኋላ ለያዕቆብ ታየው፤ ኋላም ለሐዋርያት ሁሉ፤
b343af9e-4f46-5a97-a2c5-224706069e73,7a16a46f-26d0-58ed-aff2-6b04dd93a0b9,6620d593-c74f-5df0-aca5-7839a1e3d634,6,8,ከሁሉም በኋላ ጭንጋፍ ለምመስል ለእኔ ታየኝ።
1503921f-1817-5832-a7d9-f53bea1ccc7c,7a16a46f-26d0-58ed-aff2-6b04dd93a0b9,6620d593-c74f-5df0-aca5-7839a1e3d634,7,9,ከሐዋርያት ሁሉ እኔ አንሣለሁና፤ የእግዚአብሔርን ቤተ ክርስቲያን ስለ አሳደድሁ ሐዋርያ ተብዬ ልጠራ የማይገባኝ፥
e297247f-96db-5c0b-ab3f-da2d1b4bce77,7a16a46f-26d0-58ed-aff2-6b04dd93a0b9,6620d593-c74f-5df0-aca5-7839a1e3d634,8,10,ነገር ግን በእግዚአብሔር ጸጋ አሁን እኔ ባለሁበት አለሁ፤ ለእኔም የሰጠኝ ጸጋው ለከንቱ የሆነብኝ አይደለም፤ እኔም ከሁሉ ይልቅ ደከምሁ፤ ነገር ግን በእኔ ላይ ያደረው የእግዚአብሔር ጸጋ አጸናኝ እንጂ እኔ አይደለሁም።
5aae80a0-8e0d-5b33-accb-46b02686925a,7a16a46f-26d0-58ed-aff2-6b04dd93a0b9,6620d593-c74f-5df0-aca5-7839a1e3d634,9,11,አሁንም እኔም ብሆን፥ እነርሱም ቢሆኑ እንዲህ እናስተምራለን፤ እናንተም እንዲሁ አምናችኋል።
248751f5-1fac-5ade-a2bd-db3a450005e2,7a16a46f-26d0-58ed-aff2-6b04dd93a0b9,cc291a5d-b6d0-503e-a208-beeead37ab67,1,12,ክርስቶስ ከሙታን ተለይቶ ተነሥቶአል ብለን ለሌላው የምናስተምር ከሆነ፥ እንግዲህ ከመካከላችሁ ሙታን አይነሡም የሚሉ እንዴት ይኖራሉ?
727ac13d-b11b-5ff0-ae77-c146e28d26dd,7a16a46f-26d0-58ed-aff2-6b04dd93a0b9,cc291a5d-b6d0-503e-a208-beeead37ab67,2,13,ሙታን የማይነሡ ከሆነ ክርስቶስም ከሙታን ተለይቶ አልተነሣማ፤
ffc37461-effc-56c5-a62d-e9f5098a5ae9,7a16a46f-26d0-58ed-aff2-6b04dd93a0b9,cc291a5d-b6d0-503e-a208-beeead37ab67,3,14,ክርስቶስም ከሙታን ካልተነሣ እንግዲያስ ትምህርታችን ከንቱ ነው፤ የእናንተም እምነታችሁ ከንቱ ነው።
4f94e897-1bdb-53a9-af50-8d01781cf7eb,7a16a46f-26d0-58ed-aff2-6b04dd93a0b9,cc291a5d-b6d0-503e-a208-beeead37ab67,4,15,እኛም በእግዚአብሔር ላይ የሐሰት ምስክሮች ሆነናል፤ ክርስቶስን አስነሣው ብለናልና፥ እንግዲያ ሳያስነሣው ነውን?።
f6afb418-768d-59b1-af44-6a623c7f2a31,7a16a46f-26d0-58ed-aff2-6b04dd93a0b9,cc291a5d-b6d0-503e-a208-beeead37ab67,5,16,ሙታን የማይነሡ ከሆነ ክርስቶስም ከሙታን አልተነሣማ።
283bac25-1df4-536f-ab92-4bf85c28ae29,7a16a46f-26d0-58ed-aff2-6b04dd93a0b9,cc291a5d-b6d0-503e-a208-beeead37ab67,6,17,ክርስቶስም ከሙታን ካልተነሣ ማመናችሁ ከንቱ ነው፤ ገናም በኀጢአታችሁ አላችሁ።
418d811e-f7d5-5a06-a920-bcb6b4e3a17b,7a16a46f-26d0-58ed-aff2-6b04dd93a0b9,cc291a5d-b6d0-503e-a208-beeead37ab67,7,18,እንግዲያስ በክርስቶስ አምነው የሞቱ ጠፍተዋላ።
2f8b6ed7-2f2b-5b96-a9a4-d3b6ebe40d6c,7a16a46f-26d0-58ed-aff2-6b04dd93a0b9,cc291a5d-b6d0-503e-a208-beeead37ab67,8,19,በዚህ ዓለም ሕይወት ብቻ ክርስቶስን ተስፋ ከአደረግነው ከሰው ሁሉ ይልቅ ጉዳተኞች ነን።
86881308-7e03-507b-a0e7-c03a73a6eb75,7a16a46f-26d0-58ed-aff2-6b04dd93a0b9,cc291a5d-b6d0-503e-a208-beeead37ab67,9,20,አሁንም ክርስቶስ ከሞቱ ሰዎች ሁሉ አስቀድሞ ተነሥቶአል።
766cfc7d-dfec-5aa2-a64b-a756fcf51ba1,7a16a46f-26d0-58ed-aff2-6b04dd93a0b9,cc291a5d-b6d0-503e-a208-beeead37ab67,10,21,በመጀመሪያው ሰው ሞት መጥቶአልና፤ በሁለተኛው ሰው ትንሣኤ ሙታን ሆነ።
6437460b-1259-5b24-a37d-15caa27e6a41,7a16a46f-26d0-58ed-aff2-6b04dd93a0b9,cc291a5d-b6d0-503e-a208-beeead37ab67,11,22,ሁሉ በአዳም እንደሚሞት እንዲሁ በክርስቶስ ሁሉ ሕያዋን ይሆናሉ።
93905993-bc5b-593e-af64-25c34b8498fb,7a16a46f-26d0-58ed-aff2-6b04dd93a0b9,cc291a5d-b6d0-503e-a208-beeead37ab67,12,23,ነገር ግን ሰው ሁሉ በየሥርዐቱ ይነሣል፤ በመጀመሪያ ከሙታን የተነሣ ክርስቶስ ነው፤ ከዚያ በኋላ በክርስቶስ ያመኑ እርሱ በሚመጣበት ጊዜ ይነሣሉ።
674db593-e526-5ebf-acfd-0b9a06f07290,7a16a46f-26d0-58ed-aff2-6b04dd93a0b9,cc291a5d-b6d0-503e-a208-beeead37ab67,13,24,እግዚአብሔር አብ መንግሥቱን እጅ ባደረገ ጊዜ፥ ገዥም ሁሉ፥ ንጉሥም ሁሉ፥ ኀይልም ሁሉ በተሻረ ጊዜ፥ ያንጊዜ ፍጻሜ ይሆናል።
9ca26a03-0439-5807-a843-96e9420a0265,7a16a46f-26d0-58ed-aff2-6b04dd93a0b9,cc291a5d-b6d0-503e-a208-beeead37ab67,14,25,ጠላቶቹ ሁሉ ከእግሩ በታች እስኪወድቁ ድረስ ይነግሥ ዘንድ አለውና።
9800e22f-6456-5b0b-adc7-3cc8975ff258,7a16a46f-26d0-58ed-aff2-6b04dd93a0b9,cc291a5d-b6d0-503e-a208-beeead37ab67,15,26,ከዚያ በኋላ የመጨረሻው ጠላት ይሻራል፤ ይኸውም ሞት ነው።
62c5c4f3-298f-5f4c-a974-d7e4f94fb431,7a16a46f-26d0-58ed-aff2-6b04dd93a0b9,cc291a5d-b6d0-503e-a208-beeead37ab67,16,27,ሁሉን ከእግሩ በታች አስገዝቶለታልና፥ “ሁሉ ይገዛለት” ባለ ጊዜ ግን ሁሉን ከሚያስገዛለት በቀር እንደ ሆነ የታወቀ ነው።
1d1013c4-e450-5989-a25a-bb494105d11b,7a16a46f-26d0-58ed-aff2-6b04dd93a0b9,cc291a5d-b6d0-503e-a208-beeead37ab67,17,28,ሁሉም በተገዛለት ጊዜ ግን እግዚአብሔር በሁሉ ቦታ በሁሉ ይሆን ዘንድ፥ ያን ዕለት ወልድም ሁሉን ላስገዛለት ይገዛል።
28603e9e-e95d-5dd0-a057-b44c1c43afa1,7a16a46f-26d0-58ed-aff2-6b04dd93a0b9,cc291a5d-b6d0-503e-a208-beeead37ab67,18,29,ያለዚያማ ለምን ያጠምቃሉ? ሙታን እንዲነሡ አይደለምን? ሙታን የማይነሡ ከሆነስ ለምን ያጠምቃሉ?
3e38d042-f813-54d9-aae1-541468222cca,7a16a46f-26d0-58ed-aff2-6b04dd93a0b9,cc291a5d-b6d0-503e-a208-beeead37ab67,19,30,እንግዲህ እኛስ ሁልጊዜ መከራን ስለምን እንቀበላለን?
47a2ffe1-501a-5171-aa9c-843f7dc1599a,7a16a46f-26d0-58ed-aff2-6b04dd93a0b9,cc291a5d-b6d0-503e-a208-beeead37ab67,20,31,ወንድሞቻችን ሆይ፥ በጌታችን በኢየሱስ ክርስቶስ በሆነውና በእናንተ ላይ ባለኝ ትምክህት ሁልጊዜ እገደላለሁ።
42508e8e-7315-5f6d-aa40-3fb232ee77c1,7a16a46f-26d0-58ed-aff2-6b04dd93a0b9,cc291a5d-b6d0-503e-a208-beeead37ab67,21,32,በውኑ በኤፌሶን ከአውሬ ጋር የታገልሁ ለሰው ብዬ ነውን? ምንስ ይጠቅመኛል? ሙታን የማይነሡ ከሆነ እንግዲህ እንብላ እንጠጣ፥ ነገም እንሞታለን።
862510a8-a547-5d21-a85c-aff00bbe753f,7a16a46f-26d0-58ed-aff2-6b04dd93a0b9,cc291a5d-b6d0-503e-a208-beeead37ab67,22,33,ወንድሞቻችን አያስቱአችሁ፤ ክፉ ነገር መልካም ጠባይን ያበላሻልና።
b9e0c2ec-2be9-527e-a7a7-0c2148868da0,7a16a46f-26d0-58ed-aff2-6b04dd93a0b9,11760a6b-a3f9-5b2c-a633-84c4645c1fde,1,34,ለጽድቅ ትጉ፤ አትሳቱ፤ እግዚአብሔርን የማያውቁት ሰዎች አሉና፤ ነገር ግን እንድታፍሩ ይህን እላችኋለሁ፤
d2e73f34-9e83-5b0d-aea9-60cb99176ba5,7a16a46f-26d0-58ed-aff2-6b04dd93a0b9,11760a6b-a3f9-5b2c-a633-84c4645c1fde,2,35,ሙታን እንዴት ይነሣሉ? የሚነሡስ በምን አካላቸው ነው? የሚል አለ።
af52c115-a795-56c0-a29f-f4f47966f5b3,7a16a46f-26d0-58ed-aff2-6b04dd93a0b9,11760a6b-a3f9-5b2c-a633-84c4645c1fde,3,36,አንተ ሰነፍ! አንተ የምትዘራው እንኳን ካልፈረሰ አይበቅልም።
4f72aa7c-b125-5c5a-a6a0-f35159cbe8b5,7a16a46f-26d0-58ed-aff2-6b04dd93a0b9,11760a6b-a3f9-5b2c-a633-84c4645c1fde,4,37,የምትዘራውም የስንዴ ቢሆን፥ የሌላም ቢሆን የምትዘራት ቅንጣት ብቻ ናት እንጂ ይህ ኋላ የሚገኘው አገዳው አይደለም።
04f8095f-3ac6-5001-aa46-83671f361fff,7a16a46f-26d0-58ed-aff2-6b04dd93a0b9,11760a6b-a3f9-5b2c-a633-84c4645c1fde,5,38,እግዚአብሔር ግን እንደ ወደደ አገዳን ይሰጠዋል፤ ለእያንዳንዱ ዘርም አገዳው እየራሱ ነው።
067c2bb7-a835-5c93-a109-e456c00b89fe,7a16a46f-26d0-58ed-aff2-6b04dd93a0b9,11760a6b-a3f9-5b2c-a633-84c4645c1fde,6,39,የፍጥረቱ ሁሉ አካል አንድ አይደለምና፤ የሰው አካል ሌላ ነው፤ የእንስሳም አካል ሌላ ነው፤ የወፍ አካልም ሌላ ነው፤ የዓሣ አካልም ሌላ ነው።
ed8d5e30-dffb-53ea-a809-691e2d67add8,7a16a46f-26d0-58ed-aff2-6b04dd93a0b9,11760a6b-a3f9-5b2c-a633-84c4645c1fde,7,40,ሰማያዊ አካል አለ፤ ምድራዊ አካልም አለ፤ ነገር ግን በሰማይ ያለው አካል ክብሩ ልዩ ነው፤ በምድርም ያለው አካል ክብሩ ልዩ ነው።
b015ced3-1bdb-5520-aa25-1ccd78fabcda,7a16a46f-26d0-58ed-aff2-6b04dd93a0b9,11760a6b-a3f9-5b2c-a633-84c4645c1fde,8,41,የፀሐይ ክብሩ ሌላ ነው፤ የጨረቃም ክብሩ ሌላ ነው፤ የከዋክብትም ክብራቸው ሌላ ነው፤ ኮከብ ከኮከብ በክብር ይበልጣልና።
60cc0ec1-69a9-5694-a894-4b5a3460b738,7a16a46f-26d0-58ed-aff2-6b04dd93a0b9,11760a6b-a3f9-5b2c-a633-84c4645c1fde,9,42,የሙታን ትንሣኤያቸው እንዲሁ ነው፥ በሚፈርስ አካል ይዘራል፤ በማይፈርስ አካል ይነሣል።
450756c4-cb33-523b-abea-cc706e721009,7a16a46f-26d0-58ed-aff2-6b04dd93a0b9,11760a6b-a3f9-5b2c-a633-84c4645c1fde,10,43,በውርደት ይዘራል፤ በክብር ይነሣል፤ በድካም ይዘራል፤ በኀይል ይነሣል።
2221c6d7-dd77-5c77-aaa7-6c28664a7807,7a16a46f-26d0-58ed-aff2-6b04dd93a0b9,11760a6b-a3f9-5b2c-a633-84c4645c1fde,11,44,ሥጋዊ አካል ይዘራል፤ መንፈሳዊ አካል ይነሣል፤ ሥጋዊ አካል አለና መንፈሳዊ አካልም ደግሞ አለ።
92328cf2-7abe-5e39-a0d4-68a67ad801ca,7a16a46f-26d0-58ed-aff2-6b04dd93a0b9,11760a6b-a3f9-5b2c-a633-84c4645c1fde,12,45,መጽሐፍ እንዲሁ ብሎአልና የመጀመሪያው ሰው አዳም በነፍስ ሕያው ሆኖ ተፈጠረ፤ ሁለተኛው አዳም ግን ሕይወትን የሚሰጥ መንፈስ ነው።
d612a5e0-d2dc-5254-a7e0-f4da0ca27589,7a16a46f-26d0-58ed-aff2-6b04dd93a0b9,11760a6b-a3f9-5b2c-a633-84c4645c1fde,13,46,ነገር ግን አስቀድሞ ሥጋዊው፥ ቀጥሎም መንፈሳዊው ነው እንጂ፥ መንፈሳዊው መጀመሪያው አይደለም።
34a9cfcd-0116-5716-acec-fd1c94b598f5,7a16a46f-26d0-58ed-aff2-6b04dd93a0b9,11760a6b-a3f9-5b2c-a633-84c4645c1fde,14,47,መጀመሪያው ሰው ከመሬት የተገኘ መሬታዊ ነው፤ ሁለተኛው ሰው ከሰማይ የወረደ ሰማያዊ ነው።
f272ac7c-2c85-5702-adaf-97ea58e55141,7a16a46f-26d0-58ed-aff2-6b04dd93a0b9,11760a6b-a3f9-5b2c-a633-84c4645c1fde,15,48,መሬታውያኑ እንደዚያ እንደ መሬታዊው ናቸው፤ ሰማያውያኑም እንደዚያ እንደ ሰማያዊው ናቸው።
16b18bdd-7d34-5d91-aa62-2a59d2e44376,7a16a46f-26d0-58ed-aff2-6b04dd93a0b9,11760a6b-a3f9-5b2c-a633-84c4645c1fde,16,49,የመሬታዊውን መልክ እንደ ለበስን እንዲሁ የሰማያዊውን መልክ ደግሞ እንለብሳለን።
3ccafecc-6774-5233-a38b-2ef1f0507b76,7a16a46f-26d0-58ed-aff2-6b04dd93a0b9,11760a6b-a3f9-5b2c-a633-84c4645c1fde,17,50,ወንድሞቻችን ሆይ፥ ይህን እንነግራችኋለን፦ ሥጋዊና ደማዊ የእግዚአብሔርን መንግሥት አይወርስም፥ የሚፈርሰው የማይፈርሰውን አይወርስም።
4d70bea9-78ae-5b1c-a580-ff7714407d45,7a16a46f-26d0-58ed-aff2-6b04dd93a0b9,11760a6b-a3f9-5b2c-a633-84c4645c1fde,18,51,እነሆ፥ አንድ ምሥጢርን እነግራችኋለሁ፥ ሁላችን የምንሞት አይደለም።
facdd618-98c1-5c29-a295-fa188b0ee6fe,7a16a46f-26d0-58ed-aff2-6b04dd93a0b9,11760a6b-a3f9-5b2c-a633-84c4645c1fde,19,52,ነገር ግን የኋለኛው መለከት ሲነፋ ሁላችን እንደ ዐይን ጥቅሻ በአንድ ጊዜ እንለወጣለን፤ መለከት ይነፋል፤ ሙታንም የማይፈርሱ ሁነው ይነሣሉ፤ እኛም እንለወጣለን።
d644145e-15a2-57d1-a759-a6fad75e65a8,7a16a46f-26d0-58ed-aff2-6b04dd93a0b9,11760a6b-a3f9-5b2c-a633-84c4645c1fde,20,53,ይህ የሚፈርሰው የማይፈርሰውን፥ ይህም የሚሞተው የማይሞተውን ይለብስ ዘንድ አለውና።
401af298-86c0-5990-a8ae-5a0d674a9bd5,7a16a46f-26d0-58ed-aff2-6b04dd93a0b9,11760a6b-a3f9-5b2c-a633-84c4645c1fde,21,54,ይህ የሚፈርሰው የማይፈርሰውን በለበሰ ጊዜ፥ የሚሞተውም የማይሞተውን በለበሰ ጊዜ፤ “ሞት በመሸነፍ ተዋጠ” ተብሎ የተጻፈው ያንጊዜ ይፈጸማል።
0cc13cdd-2e8a-5527-a20c-41c3f9976cc7,7a16a46f-26d0-58ed-aff2-6b04dd93a0b9,11760a6b-a3f9-5b2c-a633-84c4645c1fde,22,55,“ሞት ሆይ፥ እንግዲህ መውጊያህ ወዴት አለ? መቃብር ሆይ፥ አሸናፊነትህ ወዴት አለ?”
377d5acb-6070-5f56-a574-258a24749d3e,7a16a46f-26d0-58ed-aff2-6b04dd93a0b9,11760a6b-a3f9-5b2c-a633-84c4645c1fde,23,56,የሞት መውጊያ ኀጢአት ናት፥ የኀጢአትም ኀይልዋ ኦሪት ናት።
1a696c99-55ab-5653-ac98-ca8fd26add26,7a16a46f-26d0-58ed-aff2-6b04dd93a0b9,11760a6b-a3f9-5b2c-a633-84c4645c1fde,24,57,በጌታችን በኢየሱስ ክርስቶስ ድል መንሣትን ለሰጠን ለእግዚአብሔር ምስጋና ይሁን።
bc8dcaf8-4f4b-5a8d-ab8d-8e54744342e2,7a16a46f-26d0-58ed-aff2-6b04dd93a0b9,11760a6b-a3f9-5b2c-a633-84c4645c1fde,25,58,አሁንም የተወደዳችሁ ወንድሞቻችን ሆይ፥ የጸናችሁና የማትናወጡ ሁኑ፤ ዘወትር በጎ ምግባርን አብዝታችሁ ለእግዚአብሔር አበርክቱ፤ ስለ ጌታችን መድከማችሁ ለከንቱ እንዳይደለ ታውቃላችሁና።
69303b04-3ffc-5b8e-a72f-b99c5620213a,61f2d0be-eb87-50e0-a2c4-86a27b5f7543,e95a91a7-75e7-54ed-a757-a3709895bb28,1,1,ለቅዱሳን ስለሚደረገው አስተዋፅኦ በገላትያ ላሉት ምእመናን እንደ ደነገግሁት እናንተም እንዲሁ አድርጉ።
26ccf098-3a75-5734-ae60-65a461dedbaf,61f2d0be-eb87-50e0-a2c4-86a27b5f7543,e95a91a7-75e7-54ed-a757-a3709895bb28,2,2,እኔ ስመጣ ይህ የገንዘብ ማዋጣት ያንጊዜ እንዳይሆን፥ ከእናንተ ሰው ሁሉ በየሳምንቱ እሑድ የተቻለውን ያወጣጣ፤ ያገኘውንም በቤቱ ይጠብቅ።
71233b3f-b7ef-5027-a57b-e89ca15382bb,61f2d0be-eb87-50e0-a2c4-86a27b5f7543,e95a91a7-75e7-54ed-a757-a3709895bb28,3,3,በመጣሁ ጊዜም ስጦታችሁን ወደ ኢየሩሳሌም ያደርሱ ዘንድ የመረጣችኋቸውን ሰዎች መልእክቴን ጨምሬ እልካቸዋለሁ።
57d4db76-c547-5e8d-add7-b3bd9f4db5e2,61f2d0be-eb87-50e0-a2c4-86a27b5f7543,e95a91a7-75e7-54ed-a757-a3709895bb28,4,4,ለመሄድ ቢቻለኝ ግን እኔ ራሴ እሄዳለሁና፥ እነርሱም አብረውኝ ይሄዳሉ።
8fd4e3e7-8270-5039-a7ff-07bdb77b00e7,61f2d0be-eb87-50e0-a2c4-86a27b5f7543,e95a91a7-75e7-54ed-a757-a3709895bb28,5,5,መቄዶንያም ደርሼ ወደ እናንተ እመጣለሁ፤ በመቄዶንያ በኩል አልፋለሁና።
5e65dabf-1c1f-5e40-a794-8617706afdd3,61f2d0be-eb87-50e0-a2c4-86a27b5f7543,e95a91a7-75e7-54ed-a757-a3709895bb28,6,6,እናንተም ወደምሄድበት ትሸኙኝ ዘንድ ምንአልባት የሆነውን ቀን ያህል በእናንተ ዘንድ እቈይ፥ ወይም እከርም ይሆናል።
fc6372f2-a223-522b-a1f2-6633edd65ce9,61f2d0be-eb87-50e0-a2c4-86a27b5f7543,e95a91a7-75e7-54ed-a757-a3709895bb28,7,7,አሁን እግረ መንገዴን ላያችሁ አልሻም፤ ነገር ግን እግዚአብሔር የፈቀደ እንደ ሆነ የሆነውን ቀን ያህል በእናንተ ዘንድ እንደምቈይ ተስፋ አደርጋለሁ።
731080a5-c4b2-5960-ac8f-42d66b6d8bf8,61f2d0be-eb87-50e0-a2c4-86a27b5f7543,e95a91a7-75e7-54ed-a757-a3709895bb28,8,8,እስከ በዓለ ኀምሳ በኤፌሶን እቈያለሁ።
e31fccf1-ceda-5736-a3fd-9634e57f512c,61f2d0be-eb87-50e0-a2c4-86a27b5f7543,e95a91a7-75e7-54ed-a757-a3709895bb28,9,9,ሥራ የሞላበት ታላቅ በር ተከፍቶልኛልና፤ ነገር ግን ብዙዎች ተቃዋሚዎች አሉ።
44cfbcbd-46ed-5ac0-a743-2c5650cc55b6,61f2d0be-eb87-50e0-a2c4-86a27b5f7543,e95a91a7-75e7-54ed-a757-a3709895bb28,10,10,ጢሞቴዎስም በመጣ ጊዜ በእናንተ ዘንድ ያለ ፍርሀት እንዲኖር ተጠንቀቁ፤ እንደ እኔ የእግዚአብሔርን ሥራ ይሠራልና።
6ee9615b-901f-52cf-a2a6-78cfb25884e4,61f2d0be-eb87-50e0-a2c4-86a27b5f7543,e95a91a7-75e7-54ed-a757-a3709895bb28,11,11,የሚንቀውም አይኑር፤ ከወንድሞቻችን ጋር እጠብቀዋለሁና፥ ወደ እኔ እንዲመጣ በሰላም ሸኙት።
6f67cdec-0051-5249-a985-6de232d5ee1f,61f2d0be-eb87-50e0-a2c4-86a27b5f7543,e95a91a7-75e7-54ed-a757-a3709895bb28,12,12,ስለ ወንድማችን ስለ አጵሎስም ከወንድሞች ጋር ወደ እናንተ እንዲመጣ መላልሼ ማልጄው ነበር፤ አሁን ሊመጣ አልወደደም፤ በተቻለው ጊዜ ግን ይመጣል።
8bd4d1f1-17c9-5acd-a9e6-cdf2f1c9c298,61f2d0be-eb87-50e0-a2c4-86a27b5f7543,e95a91a7-75e7-54ed-a757-a3709895bb28,13,13,ትጉ፤ በሃይማኖትም ቁሙ፤ ታገሡ ጽኑ፤
76b58ad4-2334-5564-ab75-42e657841f34,61f2d0be-eb87-50e0-a2c4-86a27b5f7543,e95a91a7-75e7-54ed-a757-a3709895bb28,14,14,ሁሉን በፍቅር አድርጉ።
2e0838e2-608b-5ac9-a1f6-34f73ff65af4,61f2d0be-eb87-50e0-a2c4-86a27b5f7543,e95a91a7-75e7-54ed-a757-a3709895bb28,15,15,ወንድሞቻችን ሆይ፥ የእስጢፋኖስና የፈርዶናጥስ፥ የአካይቆስም ቤተሰቦች፥ የአካይያ መጀመሪያዎች እንደ ሆኑ፥ ቅዱሳንንም ለማገልገል ራሳቸውን እንደ ሰጡ ታውቁ ዘንድ እማልዳችኋለሁ።
7745a8ff-b5d1-5fee-a919-cb8f1f4c0c73,61f2d0be-eb87-50e0-a2c4-86a27b5f7543,e95a91a7-75e7-54ed-a757-a3709895bb28,16,16,እናንተም እንደ እነዚህ ላሉትና ከእኛ ጋር በሥራ ተባብሮ ለሚደክም ሁሉ ትታዘዙላቸው ዘንድ እማልዳችኋለሁ።
4e96dac6-b075-559b-abeb-89e4ba78c55c,61f2d0be-eb87-50e0-a2c4-86a27b5f7543,e95a91a7-75e7-54ed-a757-a3709895bb28,17,17,እስጢፋኖስ፥ ፈርዶናጥስና አካይቆስ በመምጣታቸውም ደስ ይለኛል፤ እናንተ ያጐደላችሁትን እነርሱ ፈጽመዋልና።
e06f0d14-d8d8-50ec-a976-bafd43280c50,61f2d0be-eb87-50e0-a2c4-86a27b5f7543,e95a91a7-75e7-54ed-a757-a3709895bb28,18,18,እነርሱ መንፈሴንና መንፈሳችሁን ደስ አሰኝተዋል፤ እንዲህ ያሉትንም ዕወቋቸው።
377b224c-0cb6-5ed9-ad56-3b2c2be25dc3,61f2d0be-eb87-50e0-a2c4-86a27b5f7543,e95a91a7-75e7-54ed-a757-a3709895bb28,19,19,በእስያ ያሉ ምእመናን ሰላምታ ያቀርቡላችኋል፤ አቂላና ጵርስቅላ በቤታቸው ከእነርሱ ጋር ያሉ ምእመናንም ሁሉ በጌታችን እጅግ ሰላምታ ያቀርቡላችኋል።
1128ce14-c1af-54e9-ab97-92583a9f2f46,61f2d0be-eb87-50e0-a2c4-86a27b5f7543,e95a91a7-75e7-54ed-a757-a3709895bb28,20,20,ወንድሞቻችሁ ሁሉ ሰላምታ ያቀርቡላችኋል፤ በተቀደሰች ሰላምታ እርስ በርሳችሁ ሰላም ተባባሉ።
193867d8-5fa1-5e10-a2d8-4ee12dfcc870,61f2d0be-eb87-50e0-a2c4-86a27b5f7543,e95a91a7-75e7-54ed-a757-a3709895bb28,21,21,እኔ ጳውሎስ ይህን ሰላምታ በእጄ ጻፍሁ።
f33e8162-580e-5870-a979-333d371e2ec8,61f2d0be-eb87-50e0-a2c4-86a27b5f7543,e95a91a7-75e7-54ed-a757-a3709895bb28,22,22,ጌታችንን ኢየሱስ ክርስቶስን የማይወደው የተለየ ይሁን፤ ጌታችን ይመጣል።
f92ae2bc-27bd-5990-a080-56dd19b09cca,61f2d0be-eb87-50e0-a2c4-86a27b5f7543,e95a91a7-75e7-54ed-a757-a3709895bb28,23,23,የጌታችን የኢየሱስ ክርስቶስ ጸጋ ከእናንተ ጋራ ይሁን።
b9a6fe54-34cb-55d2-ad03-64f58a95f231,61f2d0be-eb87-50e0-a2c4-86a27b5f7543,e95a91a7-75e7-54ed-a757-a3709895bb28,24,24,የእኔም ፍቅር በኢየሱስ ክርስቶስ ከእናንተ ጋር ይሁን። አሜን።
306aa494-9c6c-55a3-aa36-400ea5408d33,65366d62-7de5-5c6b-a13b-c56883d7900f,041b667c-5360-5b85-adb0-bca155a655d0,1,1,በእግዚአብሔር ፈቃድ የኢየሱስ ክርስቶስ ሐዋርያ ከሆነ ጳውሎስና ከወንድማችን ጢሞቴዎስ በቆሮንቶስ ሀገር ላለችው የእግዚአሔር ቤተ ክርስቲያንና በአካይያ ሀገር ላሉ ቅዱሳን ሁሉ፥
81a7ecdc-dba7-543c-ac48-8d015422cce5,65366d62-7de5-5c6b-a13b-c56883d7900f,041b667c-5360-5b85-adb0-bca155a655d0,2,2,ከአባታችን ከእግዚአብሔርና ከጌታችን ከኢየሱስ ክርስቶስ ሰላምና ጸጋ ለእናንተ ይሁን።
d3e87a87-5107-52be-aae6-7260b2735733,65366d62-7de5-5c6b-a13b-c56883d7900f,041b667c-5360-5b85-adb0-bca155a655d0,3,3,የምሕረት አባት፥ የመጽናናትም ሁሉ አምላክ የጌታችን የኢየሱስ ክርስቶስ አባት እግዚአብሔር ይመስገን።
008db53f-d4b5-59e1-a0db-bf16edeec5ab,65366d62-7de5-5c6b-a13b-c56883d7900f,041b667c-5360-5b85-adb0-bca155a655d0,4,4,እግዚአብሔር በአጽናናን በዚያ መጽናናት በመከራ ያሉትን ሁሉ ማጽናናት እንችል ዘንድ ከመከራችን ሁሉ ያጽናናን እርሱ ይመስገን።
0bec1cc7-1249-589d-acb7-c8f6487f9732,65366d62-7de5-5c6b-a13b-c56883d7900f,041b667c-5360-5b85-adb0-bca155a655d0,5,5,የክርስቶስ መከራ በእኛ ላይ እንደ በዛ መጠን እንዲሁ መጽናናታችንም በክርስቶስ ይበዛልና።
d7dc2752-ddd4-53dc-adb4-1d85005c0c43,65366d62-7de5-5c6b-a13b-c56883d7900f,041b667c-5360-5b85-adb0-bca155a655d0,6,6,መከራ ብንቀበልም እናንተ እንድትድኑና እንድትጽናኑ ነው፤ ብንጽናናም እኛ የተቀበልነውን ያን መከራ በመታገሥ ስለሚደረግ መጽናናታችሁ ነው።
6581546b-da67-516a-a267-c56c08cdd44c,65366d62-7de5-5c6b-a13b-c56883d7900f,041b667c-5360-5b85-adb0-bca155a655d0,7,7,ስለ እናንተ ያለን ተስፋም የጸና ነው፤ መከራችንን እንደ ተካፈላችሁ መጠን፥ እንዲሁ በመጽናናታችንም እንደምትተባበሩ እናውቃለን።
d7c72082-b3cc-5a45-a6cb-99f333db3c82,65366d62-7de5-5c6b-a13b-c56883d7900f,041b667c-5360-5b85-adb0-bca155a655d0,8,8,ወንድሞቻችን ሆይ፥ በእስያ መከራ እንደ ተቀበልን ልታውቁ እወዳለሁ፤ ለሕይወታችን ተስፋ እስክንቈርጥ ድረስ ከዐቅማችን በላይ እጅግ መከራ ጸንቶብን ነበርና።
a98d9c0b-3336-5eb4-a19c-06954ffe1009,65366d62-7de5-5c6b-a13b-c56883d7900f,041b667c-5360-5b85-adb0-bca155a655d0,9,9,ሙታንን በሚያስነሣቸው በእግዚአብሔር እንጂ በራሳችን እንዳንታመን በውስጣችን ለመሞት ቈርጠን ነበር።
64688ddb-010c-5764-afbd-42aa49b5d517,65366d62-7de5-5c6b-a13b-c56883d7900f,041b667c-5360-5b85-adb0-bca155a655d0,10,10,እርሱም እንዲህ ካለ ሞት አዳነን፤ ያድነንማል፤ አሁንም እንደሚያድነን እርሱን እንታመናለን።
d3c4a8e2-70f3-5170-ade3-a51aada74de5,65366d62-7de5-5c6b-a13b-c56883d7900f,041b667c-5360-5b85-adb0-bca155a655d0,11,11,በብዙዎች ጸሎት ጸጋን እናገኝ ዘንድ፥ ብዙዎችም በእኛ ፋንታ ያመሰግኑ ዘንድ እናንተ በጸሎታችሁ ርዱን።
56bc1d8b-6880-5030-aea4-0818e562fe29,65366d62-7de5-5c6b-a13b-c56883d7900f,041b667c-5360-5b85-adb0-bca155a655d0,12,12,በእግዚአብሔር ቸርነትና ይቅርታ መመኪያችንና የነፃነታችን ምስክር ይህቺ ናትና፥ በሥጋዊ ጥበብ ሳይሆን፥ በእግዚአብሔር ጸጋ በዚህ ዓለም፥ ይልቁንም በእናንተ ዘንድ ተመላለስን።
4bf9abe7-76ec-59c4-af25-e0e8a7567d28,65366d62-7de5-5c6b-a13b-c56883d7900f,041b667c-5360-5b85-adb0-bca155a655d0,13,13,የምታነቡትንና የምታውቁትን ነው እንጂ፥ ሌላ የምንጽፍላችሁ የለምና፥ ይህንም እስከ ፍጻሜ እንደምታስተውሉት ተስፋ አደርጋለሁ።
a1353f8f-0f21-589c-a026-d3f389c24e11,65366d62-7de5-5c6b-a13b-c56883d7900f,041b667c-5360-5b85-adb0-bca155a655d0,14,14,እኛ መመኪያችሁ እንደሆን፥ እንዲሁ እናንተም በጌታችን በኢየሱስ ክርስቶስ ቀን መመኪያችን እንድትሆኑ በከፊል እንዳወቃችሁ ተስፋ እናደርጋለን።
2eca5a23-28ef-574a-a22f-1fcc80d15fe3,65366d62-7de5-5c6b-a13b-c56883d7900f,041b667c-5360-5b85-adb0-bca155a655d0,15,15,በዚህም ታምኜ ጸጋን በዕጥፍ እንድታገኙ በመጀመሪያ ወደ እናንተ እመጣ ዘንድ መከርሁ።
030df19b-24bf-52a8-a507-71e41d441961,65366d62-7de5-5c6b-a13b-c56883d7900f,041b667c-5360-5b85-adb0-bca155a655d0,16,16,በእናንተም በኩል ወደ መቄዶንያ እንዳልፍ፥ ዳግመኛም ከመቄዶንያ እንድመለስና እናንተም ደግሞ ወደ ይሁዳ ሀገር ትሸኙኝ ዘንድ መከርሁ።
a273564b-ee73-5f9c-afa8-0dfa8b632b5c,65366d62-7de5-5c6b-a13b-c56883d7900f,041b667c-5360-5b85-adb0-bca155a655d0,17,17,እንግዲህ ይህን የመከርሁ በውኑ የሠራሁት እንደ አላዋቂ ሰው ሆኜ ነውን? ወይስ በእኔ በኩል አዎን አዎን፥ አይደለም አይደለም ማለት እንዲሆን ያን የምመክረው ለሰው ይምሰል ነውን?
2d3031be-9b67-5c1e-aad7-4d1bca605d7e,65366d62-7de5-5c6b-a13b-c56883d7900f,041b667c-5360-5b85-adb0-bca155a655d0,18,18,እግዚአብሔር የታመነ ነው፤ ለእናንተም የሚነገረው ቃላችን እውነትና ሐሰት አልተቀላቀለበትም።
dc915968-3c6a-57ac-af8f-ba3ba7d0c57c,65366d62-7de5-5c6b-a13b-c56883d7900f,041b667c-5360-5b85-adb0-bca155a655d0,19,19,እኛ ማለት እኔ ጳውሎስ፥ ስልዋኖስና ጢሞቴዎስ የሰበክንላችሁ የእግዚአብሔር ልጅ ኢየሱስ ክርስቶስ እውነትና ሐሰት አይደለም፤ ነገር ግን ስለ እርሱ ያስተማርነው እውነት ነው።
d1565004-8c1e-5b5b-a0f9-3b02d32a30e0,65366d62-7de5-5c6b-a13b-c56883d7900f,041b667c-5360-5b85-adb0-bca155a655d0,20,20,እግዚአብሔር የሰጠው ተስፋ ሁሉ በክርስቶስ እውነት ሆኖአልና፤ ስለዚህም በእርሱ ለእግዚአብሔር ክብር አሜን እንላለን።
adab1986-edf6-54db-a293-31080bb6a2a0,65366d62-7de5-5c6b-a13b-c56883d7900f,041b667c-5360-5b85-adb0-bca155a655d0,21,21,ከእናንተ ጋር በክርስቶስ ስም የሚያጸናንና የቀባን እግዚአብሔር ነው።
9c7da0cc-2469-5c3a-a47f-2ea9cb26c2c8,65366d62-7de5-5c6b-a13b-c56883d7900f,041b667c-5360-5b85-adb0-bca155a655d0,22,22,ደግሞም ያተመንና የመንፈስ ቅዱስን ፈለማ በልቡናችን የሰጠን እርሱ ነው።
0bfe8347-8fb1-55db-ae3e-82f11c13c20a,65366d62-7de5-5c6b-a13b-c56883d7900f,041b667c-5360-5b85-adb0-bca155a655d0,23,23,እኔ ለእናንተ በመራራት ወደ ቆሮንቶስ እንዳልመጣሁ፥ ስለ ራሴ እግዚአብሔርን ምስክር አደርገዋለሁ።
c8ea6c49-9359-55e7-a139-d8a3bc67c93f,65366d62-7de5-5c6b-a13b-c56883d7900f,041b667c-5360-5b85-adb0-bca155a655d0,24,24,ደስ የሚላችሁን እንድታደርጉ እንረዳችኋለን እንጂ እንድታምኑ ግድ የምንላችሁ አይደለም፤ በእምነት ቆማችኋልና።
39709954-87ee-5335-a724-047b5deafb40,638a7e33-5722-532d-a2de-8bd62d037c72,50a500e8-7bca-5ace-ac89-0e2cd4c30786,1,1,እንግዲህ እያዘንሁ ወደ እናንተ እንዳልመጣ በልቤ ይህን ወሰንሁ።
8a4799a5-e764-522c-af4f-82c93bc75395,638a7e33-5722-532d-a2de-8bd62d037c72,50a500e8-7bca-5ace-ac89-0e2cd4c30786,2,2,እኔ ካሳዘንኋችሁማ እኔ ካሳዘንሁት በቀር ማን ደስ ያሰኘኛል?
0a4fad89-a762-5245-af40-5cdd14f8d6d7,638a7e33-5722-532d-a2de-8bd62d037c72,50a500e8-7bca-5ace-ac89-0e2cd4c30786,3,3,የእኔ ደስታ የሁላችሁ እንደ ሆነ በሁላችሁ አምኛለሁና በመጣሁ ጊዜ ደስ ሊያሰኙኝ ከሚገባቸው ኀዘን እንዳያገኘኝ ይህን ጻፍሁላችሁ።
ecea1bef-1865-5c81-af9d-2f36e99317e4,638a7e33-5722-532d-a2de-8bd62d037c72,50a500e8-7bca-5ace-ac89-0e2cd4c30786,4,4,ከብዙ መከራና ከልብ ጭንቀት የተነሣ በብዙ እንባ ይህን ጽፌላችኋለሁ፤ ነገር ግን እጅግ እንደምወዳችሁ እንድታውቁ ነው እንጂ እንድታዝኑ አይደለም።
5abbcdc9-20a2-5b99-a88b-df3c988aebe7,638a7e33-5722-532d-a2de-8bd62d037c72,50a500e8-7bca-5ace-ac89-0e2cd4c30786,5,5,ማንም ያሳዘነኝ ቢሆን፥ እኔን ብቻ ያሳዘነ አይደለም። ከእናንተ አንድ ሳይቀር ሁላችሁንም አሳዘነ እንጂ፤ አሁንም ሥርዐት አላጸናባችሁም።
4209aa88-8619-5ec4-a4b3-797dbeba3144,638a7e33-5722-532d-a2de-8bd62d037c72,50a500e8-7bca-5ace-ac89-0e2cd4c30786,6,6,እንደዚህ ላለው ሰው ከእናንተ ከብዙዎች ያገኘችው ይህች ተግሣጽ ትበቃዋለች።
174ce9dd-f00f-5e47-a4ee-6c584586ebf3,638a7e33-5722-532d-a2de-8bd62d037c72,50a500e8-7bca-5ace-ac89-0e2cd4c30786,7,7,ደግሞም እንዲህ ያለው ሰው ከኀዘን ብዛት የተነሣ እንዳይዋጥ ይቅር ልትሉትና ልታጽናኑት ይገባል።
b280de7f-5228-5fac-ae89-67ba84c966e7,638a7e33-5722-532d-a2de-8bd62d037c72,50a500e8-7bca-5ace-ac89-0e2cd4c30786,8,8,ስለዚህም ከእርሱ ጋር ፍቅርን እንድታጸኑ እማልዳችኋለሁ።
735c3c71-2757-51c3-aa8f-839d410af20f,638a7e33-5722-532d-a2de-8bd62d037c72,50a500e8-7bca-5ace-ac89-0e2cd4c30786,9,9,ስለዚህም በሁሉ ትታዘዙኝ እንደ ሆነ፥ ፈቃዳችሁን ዐውቅ ዘንድ ጻፍሁላችሁ።
8c81534c-6073-56e8-a98d-bc1651b13be1,638a7e33-5722-532d-a2de-8bd62d037c72,50a500e8-7bca-5ace-ac89-0e2cd4c30786,10,10,ይቅር የምትሉት ቢኖር፥ እኔም ከእናንተ ጋር ይቅር እለዋለሁ፤ እኔም ይቅር ያልሁትን በክርስቶስ ፊት ስለ እናንተ ይቅር ብያለሁ።
bfe453aa-8c62-5ffe-a2c7-048e43835c2f,638a7e33-5722-532d-a2de-8bd62d037c72,50a500e8-7bca-5ace-ac89-0e2cd4c30786,11,11,ሰይጣን እንዳያታልለን አሳቡን የምንስተው አይደለምና።
b654c88e-442d-51db-a1f0-2dea0856fc8d,638a7e33-5722-532d-a2de-8bd62d037c72,3de616b6-4678-51fe-acdd-1f48d50f7280,1,12,ለክርስቶስም ወንጌል ጢሮአዳ በደረስሁ ጊዜ በእግዚአብሔር በሩ ተከፈተልኝ።
773ca1f0-d7fb-53cd-a7a1-5c39f083287d,638a7e33-5722-532d-a2de-8bd62d037c72,3de616b6-4678-51fe-acdd-1f48d50f7280,2,13,ወንድሜን ቲቶን ስላላገኘሁት ለሰውነቴ ዕረፍት አላገኘሁም፤ ነገር ግን ከእርሱ ተለይች ወደ መቄዶንያ ሄድሁ።
9a2f106d-bb2d-5e8b-ad02-813a982f1828,638a7e33-5722-532d-a2de-8bd62d037c72,c26f73fd-9808-5228-afc4-8b17ad652914,1,14,በጌታችን በኢየሱስ ክርስቶስ ዘወትር ድል በመንሣቱ የሚጠብቀን፥ በየሀገሩም ሁሉ የዕውቀቱን መዓዛ በእኛ የሚገልጥ እግዚአብሔር ይመስገን።
55f22ce1-f862-557c-a107-bdc527bb5832,638a7e33-5722-532d-a2de-8bd62d037c72,c26f73fd-9808-5228-afc4-8b17ad652914,2,15,በሚድኑትና በሚጠፉት ዘንድ ለእግዚአብሔር የክርስቶስ መዓዛ እኛ ነንና።
68fc18e3-76f4-5090-a21e-a6759fadbf81,638a7e33-5722-532d-a2de-8bd62d037c72,c26f73fd-9808-5228-afc4-8b17ad652914,3,16,የሞት መዓዛ የሚገባቸው ለሞት፥ የሕይወት መዓዛ የሚገባቸውም ለሕይወት ናቸው፤ ነገር ግን ይህ የሚገባው ማነው?
fdb13371-36e5-5d90-ad00-d664fa85ba2f,638a7e33-5722-532d-a2de-8bd62d037c72,c26f73fd-9808-5228-afc4-8b17ad652914,4,17,የእግዚአብሔርን ቃል በሌላ ቀላቅለው እንደሚሸቅጡ እንደ ብዙዎች አይደለንምና፤ በቅንነት ግን ከእግዚአብሔር እንደ ተላከ በእግዚአብሔር ፊት በክርስቶስ እንናገራለን።
7d61d75f-ad9c-5110-a5c3-72bb100be9ef,efbbafef-9f4b-574d-a38d-63a57e5e8b63,b581583c-2419-597e-abf4-01fdab37fc90,1,1,ወንድሞቻችን አሁን ደግሞ ራሳችንን እያመሰገን ልንነግራችሁ እንጀምራለንን? ወይስ እንደ ሌሎች ስለ እኛ ወደ እናንተ ደብዳቤ እንዲጽፉላችሁ፥ ወይስ እናንተ ትጽፉልን ዘንድ የምንሻው አለን?
0998e8e0-8dd9-5ee5-ac21-48be0ed859b6,efbbafef-9f4b-574d-a38d-63a57e5e8b63,b581583c-2419-597e-abf4-01fdab37fc90,2,2,የእኛስ መጽሐፋችን እናንተ ናችሁ፤ በልባችን ውስጥም ተጽፋችኋል፤ ትታወቃላችሁም፤ ሰውም ሁሉ ያነብባችኋል።
ccf85a8e-50e0-5807-a51c-850cefbb18ec,efbbafef-9f4b-574d-a38d-63a57e5e8b63,b581583c-2419-597e-abf4-01fdab37fc90,3,3,እናንተ ራሳችሁም በእኛ የተላከች የክርስቶስ መልእክት እንደ ሆናችሁ ያውቃሉ፤ ይህቺውም የተጻፈች በሕያው እግዚአብሔር መንፈስ ነው እንጂ በቀለም አይደለም፤ በሥጋ ልብ ሠሌዳነት ነው እንጂ በድንጋይ ሠሌዳም አይደለም።
73c96916-a0c0-55a3-aa95-6baad920a186,efbbafef-9f4b-574d-a38d-63a57e5e8b63,b581583c-2419-597e-abf4-01fdab37fc90,4,4,ነገር ግን በክርስቶስ በኩል በእግዚአብሔር ዘንድ እንዲህ ያለ እምነት አለን።
20bcf03d-fc51-5d60-af70-896770edc57d,efbbafef-9f4b-574d-a38d-63a57e5e8b63,b581583c-2419-597e-abf4-01fdab37fc90,5,5,ኀይላችን ከእግዚአብሔር ስለ ሆነ ከእኛ ከራሳችን እንደ ሆነ አድርገን ምንም ልናስብ አይገባንም።
012d019c-7f3a-54fc-aa88-71c3297f8eb3,efbbafef-9f4b-574d-a38d-63a57e5e8b63,b581583c-2419-597e-abf4-01fdab37fc90,6,6,በመንፈስ እንጂ በፊደል ለማይሆን ለአዲስ ሕግ አገልጋዮች አደረገን፤ ፊደል ይገድላል፥ መንፈስ ግን ሕያው ያደርጋል።
fdc1327e-78cc-5f02-a9c8-07642e3734cd,efbbafef-9f4b-574d-a38d-63a57e5e8b63,f40ec17e-b3d5-5567-af7b-541962a2e3c8,1,7,ስለዚያ ስለ አለፈው የፊቱ ብርሃን የእስራኤል ልጆች የሙሴን ፊት መመልከት እስኪሳናቸው ድረስ በዚያች በድንጋይ ላይ በፊደል ለተቀረጸች ለሞት መልእክት ክብር ከተደረገላት፥
78a4c355-1f3f-53ea-af80-c33c18870067,efbbafef-9f4b-574d-a38d-63a57e5e8b63,f40ec17e-b3d5-5567-af7b-541962a2e3c8,2,8,ለመንፈስ ቅዱስ መልእክትማ ምንኛ እጅግ ክብር ሊደረግ ይገባ ይሆን?
0a80ea29-9c47-5d80-a1af-5449e04e20a2,efbbafef-9f4b-574d-a38d-63a57e5e8b63,f40ec17e-b3d5-5567-af7b-541962a2e3c8,3,9,ኵነኔን ለምታመጣ መልእክት ብዙ ክብር ከተደረገላት የጽድቅ መልእክትማ ምን ያህል ትከብርና ትመሰገን ይሆን?
177ebb4d-c459-5be4-ab63-0022121f663e,efbbafef-9f4b-574d-a38d-63a57e5e8b63,f40ec17e-b3d5-5567-af7b-541962a2e3c8,4,10,በዚህ ፍጹም ክብር ባነጻጸሯት ጊዜ የከበረችው እንዳልከበረች ትሆናለችና።
2e7bbfee-dd91-5c33-a4c4-b4a8b98756a7,efbbafef-9f4b-574d-a38d-63a57e5e8b63,f40ec17e-b3d5-5567-af7b-541962a2e3c8,5,11,ያ የሚያልፈው ክብር ካገኘ፥ ያ ጸንቶ የሚኖረውማ እንዴት እጅግ ክብር ያገኝ ይሆን?
c3cb684b-4efd-5176-ab85-b75495bbd323,efbbafef-9f4b-574d-a38d-63a57e5e8b63,f40ec17e-b3d5-5567-af7b-541962a2e3c8,6,12,እንግዲህ ይህን ያህል ተስፋ ካለን በግልጥ ፊት ለፊት ልንቀርብ እንችላለን።
a9501b7c-c461-5da3-ac8c-fd215f1f5fb4,efbbafef-9f4b-574d-a38d-63a57e5e8b63,f40ec17e-b3d5-5567-af7b-541962a2e3c8,7,13,የዚያን ይሻር የነበረውን መጨረሻ፥ የእስራኤል ልጆች እንዳያዩት ፊቱን ይሸፍን እንደ ነበረው እንደ ሙሴ አይደለም።
afd0c86c-db39-57fc-a943-8a366bcc7cf7,efbbafef-9f4b-574d-a38d-63a57e5e8b63,f40ec17e-b3d5-5567-af7b-541962a2e3c8,8,14,ነገር ግን እስከ ዛሬ ድረስ ልባቸው ተሸፍኖአል፤ ያም መጋረጃ ብሉይ ኪዳን በተነበበት ዘመን ሁሉ ጸንቶ ኖሮአል፤ ክርስቶስ እስኪያሳልፈው ድረስ አልተገለጠምና።
62ac82cd-d184-5c45-a58c-77ba2147c2ec,efbbafef-9f4b-574d-a38d-63a57e5e8b63,f40ec17e-b3d5-5567-af7b-541962a2e3c8,9,15,እስከ ዛሬም የሙሴን ሕግ ሲያነብቡ ያ መጋረጃ ልባቸውን ይሸፍናቸዋል።
2f7e7987-fe43-5aa9-a683-1fe7086f98ec,efbbafef-9f4b-574d-a38d-63a57e5e8b63,f40ec17e-b3d5-5567-af7b-541962a2e3c8,10,16,ወደ እግዚአብሔር በተመለሱ ጊዜ ግን ያ መጋረጃ ከእነርሱ ይርቃል።
e470e109-ab7f-5427-a426-e9a8bcd60353,efbbafef-9f4b-574d-a38d-63a57e5e8b63,f40ec17e-b3d5-5567-af7b-541962a2e3c8,11,17,እግዚአብሔር መንፈስ ነውና፥ የእግዚአብሔር መንፈስ ባለበትም በዚያ ነፃነት አለ።
b5c5f183-20a9-58bd-aebb-485c8485f828,efbbafef-9f4b-574d-a38d-63a57e5e8b63,f40ec17e-b3d5-5567-af7b-541962a2e3c8,12,18,እኛስ ሁላችን ፊታችንን ገልጠን በመስተዋት እንደሚያይ የእግዚአብሔርን ክብር እናያለን፤ ከእግዚአብሔር መንፈስ እንደ ተሰጠን መጠን የእርሱን አርአያ እንመስል ዘንድ ከክብር ወደ ክብር እንገባለን።
3b043587-e421-5fee-aa2b-768a289755af,ccd367d6-7e77-599d-a763-d6eb90aaee1e,04c5e25a-339d-5ac3-a1ec-62c30f6501ec,1,1,ስለዚህ እንደ ቸርነቱ የሰጠን ይህ መልእክት አለንና አንሰለችም።
37e43dcc-ce53-527a-a3d0-322383ce039f,ccd367d6-7e77-599d-a763-d6eb90aaee1e,04c5e25a-339d-5ac3-a1ec-62c30f6501ec,2,2,ነገር ግን በስውር የሚሠራውን አሳፋሪ ሥራ እንተወው፤ በተንኰልም አንመላለስ፤ የእግዚአብሔርንም ቃል በውሸት አንቀላቅል፤ ለሰውም ሁሉ አርአያ ስለ መሆን እውነትን ገልጠን በእግዚአብሔር ፊት ራሳችንን እናጽና።
cebb9a2c-f170-5576-aec2-f5608ab18ef5,ccd367d6-7e77-599d-a763-d6eb90aaee1e,04c5e25a-339d-5ac3-a1ec-62c30f6501ec,3,3,ወንጌላችን የተሰወረ ቢሆንም እንኳ፥ የተሰወረባቸው ለሚጠፉት ነው።
baa43662-15e3-5b60-af5b-52845410129b,ccd367d6-7e77-599d-a763-d6eb90aaee1e,04c5e25a-339d-5ac3-a1ec-62c30f6501ec,4,4,እግዚአብሔርን የሚመስለው የክርስቶስ የክብሩ ወንጌል ብርሃን እንዳያበራላቸው የዚህ ዓለም አምላክ ልባቸውን አሳውሮአልና።
7b8a7e0e-25f4-559f-aac2-e1d03c458e21,ccd367d6-7e77-599d-a763-d6eb90aaee1e,04c5e25a-339d-5ac3-a1ec-62c30f6501ec,5,5,ኢየሱስ ክርስቶስን ጌታ እንደ ሆነ እንሰብካለን እንጂ ራሳችንን የምንሰብክ አይደለም፤ ስለ ኢየሱስ ክርስቶስም ብለን ራሳችንን ለእናንተ አስገዛን።
2eb15d7c-1797-5e85-a6e8-3e495e7bba9f,ccd367d6-7e77-599d-a763-d6eb90aaee1e,04c5e25a-339d-5ac3-a1ec-62c30f6501ec,6,6,በጨለማ ውስጥ “ብርሃን ይብራ” ያለ እግዚአብሔር በኢየሱስ ክርስቶስ ፊት የክብሩን ዕውቀት ብርሃን በልባችን አብርቶልናልና።
f355af04-c529-5aef-a829-e90a307e4b40,ccd367d6-7e77-599d-a763-d6eb90aaee1e,c8dbb4fd-0f82-54c0-acfe-5bac802b68e1,1,7,ነገር ግን ከእኛ ያይደለ ከእግዚአብሔር የተገኘ ታላቅ ኀይል ይሆን ዘንድ በሸክላ ዕቃ ውስጥ ይህ መዝገብ አለን።
36ce6a0d-d5cd-5b35-af35-2ddb8fb484cc,ccd367d6-7e77-599d-a763-d6eb90aaee1e,c8dbb4fd-0f82-54c0-acfe-5bac802b68e1,2,8,በሁሉ መከራን እንቀበላለን፤ ነገር ግን አንጨነቅም፤ እንናቃለን፥ ነገር ግን ተስፋ አንቈርጥም።
7758ee33-4688-571c-a082-d052c44cb5c3,ccd367d6-7e77-599d-a763-d6eb90aaee1e,c8dbb4fd-0f82-54c0-acfe-5bac802b68e1,3,9,እንሰደዳለን፤ ነገር ግን አንጣልም፤ እንወድቃለን፤ ነገር ግን አንጠፋም።
a401b4d1-92d1-597f-a50d-e997b7e0abb3,ccd367d6-7e77-599d-a763-d6eb90aaee1e,c8dbb4fd-0f82-54c0-acfe-5bac802b68e1,4,10,የክርስቶስ ሕይወቱ በዚህ በሟች ሰውነታችን ላይ ይገለጥ ዘንድ፥ ዘወትር የክርስቶስን ሞት በሥጋችን እንሸከማለን።
719eca0b-547c-50f5-a52a-8b4f833c87b3,ccd367d6-7e77-599d-a763-d6eb90aaee1e,c8dbb4fd-0f82-54c0-acfe-5bac802b68e1,5,11,በሕይወት የምንኖር እኛም በሟች ሰውነታችን ላይ የኢየሱስ ክርስቶስ ሕይወቱ ይገለጥ ዘንድ፥ ዘወትር ስለ ኢየሱስ ክስርቶስ ብለን ተላልፈን ለሞት እንሰጣለን።
63c14571-029a-5a7c-a0e3-979631dd6d35,ccd367d6-7e77-599d-a763-d6eb90aaee1e,c8dbb4fd-0f82-54c0-acfe-5bac802b68e1,6,12,ስለዚህም ሞት በእኛ ላይ፥ ሕይወትም በእናንተ ላይ ይሠራል።
a7c1cf95-1286-5897-a90d-563527b98d08,ccd367d6-7e77-599d-a763-d6eb90aaee1e,c8dbb4fd-0f82-54c0-acfe-5bac802b68e1,7,13,አንድ የእምነት መንፈስ አለን፤ መጽሐፍ፥ “አመንሁ፤ ስለዚህም ተናገርሁ” እንዳለ እኛም አመን፤ ስለዚህም ተናገርን።
862b57d8-2b4c-583e-a038-4d3cf0e9bd08,ccd367d6-7e77-599d-a763-d6eb90aaee1e,c8dbb4fd-0f82-54c0-acfe-5bac802b68e1,8,14,ጌታችን ኢየሱስ ክርስቶስን ያስነሣው እርሱ እኛንም እንደ እርሱ እንዲያስነሣን፥ ከእናንተም ጋር በፊቱ እንዲያቆመን እናውቃለን።
c15e88b3-d8ff-589b-a303-5fc3c64130c9,ccd367d6-7e77-599d-a763-d6eb90aaee1e,c8dbb4fd-0f82-54c0-acfe-5bac802b68e1,9,15,ጸጋው በብዙዎች ላይ ትትረፈረፍ ዘንድ፥ የእግዚአብሔርም የክብሩ ምስጋና ይበዛ ዘንድ ሁሉ ስለ እናንተ ነውና።
eae60658-a5d3-5917-ac1a-6d6b0b652367,ccd367d6-7e77-599d-a763-d6eb90aaee1e,6de5ac34-54e6-5af1-a01c-cec3a959c2ef,1,16,ስለዚህ አንሰልች፤ በውጭ ያለው ሰውነታችን ያረጃልና፤ በውስጥ ያለው ሰውነታችን ግን ዘወትር ይታደሳል።
c58e4236-0947-5136-aaa1-ec18d88021bf,ccd367d6-7e77-599d-a763-d6eb90aaee1e,6de5ac34-54e6-5af1-a01c-cec3a959c2ef,2,17,ቀላል የሆነው የጊዜው መከራችን ክብርንና ጌትነትን ለዘለዓለም አብዝቶ ያደርግልናልና።
fa3ecc38-d829-506e-a3aa-b818275e3b11,ccd367d6-7e77-599d-a763-d6eb90aaee1e,6de5ac34-54e6-5af1-a01c-cec3a959c2ef,3,18,የማይታየውን እንጂ የሚታየውን ተስፋ አናደርግም፤ የሚታየው ኀላፊ ነውና፥ የማይታየው ግን ለዘለዓለም የሚኖር ነው።
45ad0826-2222-549d-adb8-cbde9f69741f,1103659c-a5c1-5a40-af36-888e753a2629,a033a36e-cfa0-527b-a27d-b960e1458255,1,1,በምድር ያለው ማደሪያ ቤታችን ቢፈርስም፥ በሰማይ በእግዚአብሔር ዘንድ የሰው እጅ ያልሠራው ዘለዓለማዊ ቤት እንዳለን እናውቃለን።
16a2e8d7-f95a-5508-a006-7ee7342b5836,1103659c-a5c1-5a40-af36-888e753a2629,a033a36e-cfa0-527b-a27d-b960e1458255,2,2,ስለ እርሱ የምንደክምለትን በሰማይ ያለውን ቤታችንን እንለብስ ዘንድ እርሱን ተስፋ እናደርጋለን።
61e02abe-4806-5c67-a992-df45025fa7a2,1103659c-a5c1-5a40-af36-888e753a2629,a033a36e-cfa0-527b-a27d-b960e1458255,3,3,ከለበስነውም በኋላ ዕራቍታችንን የምንገኝ አይደለንም።
a64247ce-aa7e-5931-a762-b88db73a3994,1103659c-a5c1-5a40-af36-888e753a2629,a033a36e-cfa0-527b-a27d-b960e1458255,4,4,በዚህ ቤት ውስጥ ሳለንም ከከባድነቱ የተነሣ እጅግ እናዝናለን፤ ነገር ግን ሟች በሕይወት ይዋጥ ዘንድ ሌላ ልንለብስ እንጂ ልንገፈፍ አንወድም።
c9855108-cdd5-57f3-a2aa-09bf62e9a178,1103659c-a5c1-5a40-af36-888e753a2629,a033a36e-cfa0-527b-a27d-b960e1458255,5,5,ለዚህም ያዘጋጀን እግዚአብሔር ነው፤ እርሱም የመንፈስ ቅዱስን ፈለማ ሰጠን።
e0da2c4a-6d7b-5795-af01-6483a6802ef5,1103659c-a5c1-5a40-af36-888e753a2629,a033a36e-cfa0-527b-a27d-b960e1458255,6,6,እንግዲህ ሁልጊዜ እመኑ፥ ጨክኑም፤ በዚህ ሥጋ ሳላችሁም እናንተ እንግዶች እንደ ሆናችሁ ታውቃላችሁ፤ ከሥጋችሁም ተለይታችሁ ወደ ጌታችን ትሄዳላችሁ።
7ca6c2ff-8b3d-51a8-a1d4-7bc04ef95f19,1103659c-a5c1-5a40-af36-888e753a2629,a033a36e-cfa0-527b-a27d-b960e1458255,7,7,በእምነት እንኖራለን፤ በማየትም አይደለም።
675df1c3-a2ef-504b-ac07-d49293711286,1103659c-a5c1-5a40-af36-888e753a2629,a033a36e-cfa0-527b-a27d-b960e1458255,8,8,ታምነናል፤ ይልቁንም ከሥጋችን ተለይተን ወደ ጌታችን እንሄዳለንና ደስ ይለናል።
d773fe8d-bfb1-51f6-add5-cc55c4843215,1103659c-a5c1-5a40-af36-888e753a2629,a033a36e-cfa0-527b-a27d-b960e1458255,9,9,አሁንም ብንኖርም፥ ብንሞትም እርሱን ደስ ለማሰኘት እንጥራለን።
a2e7052a-9193-5506-a9cc-6aedbd77cb85,1103659c-a5c1-5a40-af36-888e753a2629,a033a36e-cfa0-527b-a27d-b960e1458255,10,10,መልካም ቢሆን፥ ክፉም ቢሆን በሥጋችን እንደ ሠራነው ዋጋችንን እንቀበል ዘንድ፥ ሁላችን በክርስቶስ የፍርድ ዙፋን ፊት እንቆማለንና።
bd413c50-1d99-5231-af4c-f39f27cde3bc,1103659c-a5c1-5a40-af36-888e753a2629,09d168e1-6978-582a-a01a-39e8dd5f6771,1,11,እግዚአብሔርን መፍራት ዐውቀን ሰዎችን እናሳምናለን፤ ለእግዚአብሔር ግን እኛ የተገለጥን ነን፤ እንዲሁም በልቡናችሁ የተገለጥን እንደ ሆን እንታመናለን።
3df8a9d4-b867-59d5-a7e0-e37c71571b91,1103659c-a5c1-5a40-af36-888e753a2629,09d168e1-6978-582a-a01a-39e8dd5f6771,2,12,በዚህ ደግሞ በእናንተ ዘንድ ራሳችንን የምናመሰግን አይደለም፤ ነገር ግን እኛ እንደምንመካባችሁ፥ እናንተም በእኛ እንድትመኩ፥ ከልብ ሳይሆን ለሰው ይምሰል በሚመኩ ሰዎች ዘንድ መልስ እንዲሆናችሁ ምክንያትን እንሰጣችኋለን።
66924999-6abf-56c5-aa29-4af1f7427e74,1103659c-a5c1-5a40-af36-888e753a2629,09d168e1-6978-582a-a01a-39e8dd5f6771,3,13,እኛ ሰነፎች ብንሆንም፥ ስንፍናችን ለእግዚአብሔር ነው፤ ዐዋቂዎች ብንሆንም ዐዋቂነታችን ለእናንተ ነው።
fb550e6f-02a2-514a-a86a-5a71f5d21254,1103659c-a5c1-5a40-af36-888e753a2629,09d168e1-6978-582a-a01a-39e8dd5f6771,4,14,የክርስቶስ ፍቅር በዚህ አሳብ እንድንጸና ያስገድደናል፤ ሁሉ ፈጽመው ስለ ሞቱ አንዱ ስለ ሁሉ ቤዛ ሆኖ ሞቶአልና።
ffe659fa-4b54-54be-afd5-794bd5bd428e,1103659c-a5c1-5a40-af36-888e753a2629,09d168e1-6978-582a-a01a-39e8dd5f6771,5,15,በሕይወት የሚኖሩትም ስለ እነርሱ ቤዛ ሆኖ ለሞተውና ለተነሣውም እንጂ ወደፊት ለራሳቸው የሚኖሩ እንዳይሆኑ እርሱ ስለ ሁሉ ቤዛ ሆኖ ሞተ።
56db3a73-5c45-5cb8-ab05-1bfa12c560c4,1103659c-a5c1-5a40-af36-888e753a2629,09d168e1-6978-582a-a01a-39e8dd5f6771,6,16,ስለዚህ ከአሁን ጀምሮ በሥጋ የምናውቀው የለም፤ ክርስቶስንም በሥጋ ብናውቀው አሁን ግን ከእንግዲህ ወዲህ የምናውቀው አይደለም።
b1a9accc-0731-52b5-a76e-51a967cce467,1103659c-a5c1-5a40-af36-888e753a2629,09d168e1-6978-582a-a01a-39e8dd5f6771,7,17,አሁንም በክርስቶስ የሆነው ሁሉ አዲስ ፍጥረት ነው፤ የቀደመውም አለፈ፤ እነሆ ሁሉም አዲስ ሆነ።
e18570a3-cde3-521a-a12a-0f34e1ca7b6f,1103659c-a5c1-5a40-af36-888e753a2629,86181655-e08d-58d7-a6eb-d7382bad1f49,1,18,ነገር ግን ሁሉ በክርስቶስ ከራሱ ጋር ከአስታረቀን፥ የማስታረቅ መልእክትንም ከሰጠን ከእግዚአብሔር ዘንድ ነው።
5f98e566-30b4-5fda-a60a-651afb564ebd,1103659c-a5c1-5a40-af36-888e753a2629,86181655-e08d-58d7-a6eb-d7382bad1f49,2,19,ኀጢአታቸውን ይቅር ብሎ በደላቸውንም ሳያስብ እግዚአብሔር በክርስቶስ ዓለሙን ከራሱ ጋር አስታርቆአልና፤ የዕርቅ ቃሉንም በእኛ ላይ አደረገ፤ የይቅርታውንም መልእክት ሰጠን።
afa328a0-0717-53f5-a5cf-73783f2711cd,1103659c-a5c1-5a40-af36-888e753a2629,86181655-e08d-58d7-a6eb-d7382bad1f49,3,20,እኛስ በክርስቶስ አምሳል እንለምናለን፤ እግዚአብሔርም በእኛ መጽናናትን ይሰጣችኋል፤ ከእግዚአብሔርም ጋር ትታረቁ ዘንድ በክርስቶስ እንለምናችኋለን።
b152fd32-bebb-5f1d-ad21-b27ef891fa36,1103659c-a5c1-5a40-af36-888e753a2629,86181655-e08d-58d7-a6eb-d7382bad1f49,4,21,ኀጢአት የሌለበት እርሱ እኛን ለእግዚአብሔር ያጸድቀን ዘንድ ስለ እኛ ራሱን እንደ ኃጥእ አድርጓልና።
f1d7f27f-0957-5a78-a159-1b6188bf025b,e403595c-6c9c-5f08-ae31-0dbcbf58a4b9,a45871d4-1a9a-5ec0-ab40-63d456ee1d05,1,1,ከእርሱም ጋር አብረን እየሠራን፥ የተቀበላችኋትን የእግዚአብሔር ጸጋ ለከንቱ እንዳታደርጓት እንማልዳችኋለን።
9b79973d-894c-51dc-ac7b-065f4f86c4aa,e403595c-6c9c-5f08-ae31-0dbcbf58a4b9,a45871d4-1a9a-5ec0-ab40-63d456ee1d05,2,2,እንዲህ ብሎአልና፥ “በተመረጠችው ቀን ሰማሁህ፤ በመዳንም ቀን ረዳሁህ” እነሆ፥ የተመረጠችው ቀን ዛሬ ናት።
385c44d8-9bf7-5bd1-a506-fa55ff525130,e403595c-6c9c-5f08-ae31-0dbcbf58a4b9,a45871d4-1a9a-5ec0-ab40-63d456ee1d05,3,3,አገልግሎታችንም እንዳይነቀፍ፥ በአንዳች ነገር ማሰናከያ እንዳንሰጥ እንጠንቀቅ።
4284eebf-5c43-5775-a809-2f9397323eb1,e403595c-6c9c-5f08-ae31-0dbcbf58a4b9,a45871d4-1a9a-5ec0-ab40-63d456ee1d05,4,4,ነገር ግን በሁሉ ራሳችንን አቅንተን፥ የእግዚአብሔር አገልጋዮች እንሁን፤ በብዙ ትዕግሥትና በመከራ፥ በችግርና በጭንቀት ሁሉ፥
8d952946-9db9-5f23-a64f-3c06afaca393,e403595c-6c9c-5f08-ae31-0dbcbf58a4b9,a45871d4-1a9a-5ec0-ab40-63d456ee1d05,5,5,በመገረፍና በመታሰር፥ በድካምና በመታወክ፥ በመትጋትና በመጾም፥
40ba8795-f58d-5e50-a990-4b1a1e2a94c5,e403595c-6c9c-5f08-ae31-0dbcbf58a4b9,a45871d4-1a9a-5ec0-ab40-63d456ee1d05,6,6,በንጽሕናና በዕውቀት፥ በምክርና በመታገሥ፥ በቸርነትና በመንፈስ ቅዱስ፥ አድልዎ በሌለበት ፍቅር፥
47c444e7-c3f9-5c7e-ac3d-d4de04ecbcb3,e403595c-6c9c-5f08-ae31-0dbcbf58a4b9,a45871d4-1a9a-5ec0-ab40-63d456ee1d05,7,7,በእውነት ቃል፥ በእግዚአብሔር ኀይል ለቀኝና ለግራ በሚሆን የጽድቅ የጦር ዕቃ፥
70e15695-7eb3-50f9-af5f-410cdb94c962,e403595c-6c9c-5f08-ae31-0dbcbf58a4b9,a45871d4-1a9a-5ec0-ab40-63d456ee1d05,8,8,በክብርና በውርደት፥ በምርቃትና በርግማን፥ እንደ አሳቾች ስንታይ እውነተኞች ነን።
5d003a45-bae8-5f98-a748-a5d682c8948a,e403595c-6c9c-5f08-ae31-0dbcbf58a4b9,a45871d4-1a9a-5ec0-ab40-63d456ee1d05,9,9,እንደማይታወቁ ስንታይ የታወቅን ነን፤ እንደ ሰነፎች ስንታይም ልባሞች ነን፤ እንደ ሙታን ስንታይ ሕያዋን ነን፤ የተቀጣን ስንሆንም አንገደልም።
94619c45-6b29-5641-ac13-90447c53883b,e403595c-6c9c-5f08-ae31-0dbcbf58a4b9,a45871d4-1a9a-5ec0-ab40-63d456ee1d05,10,10,ኀዘንተኞች ስንሆን ዘወትር ደስተኞች ነን፤ እንደ ድሆች ስንሆን ብዙዎችን እናበለጽጋለን፤ ምንም የሌለን ስንሆን ሁሉ በእጃችን ነው።
7f837ce2-9656-55c9-a264-76a6ce220f2b,e403595c-6c9c-5f08-ae31-0dbcbf58a4b9,06d74f53-7905-56be-a783-76851d31afbe,1,11,የቆሮንቶስ ሰዎች ሆይ፥ ለእናንተ አፋችን የተከፈተ ነው፤ ልባችንም የሰፋ ነው።
b8f19cd6-e8be-5cc6-ab73-ec6cfb5418ce,e403595c-6c9c-5f08-ae31-0dbcbf58a4b9,06d74f53-7905-56be-a783-76851d31afbe,2,12,ከእናንተ የደረሰ ኀዘን በእኛ የለም፤ ከእኛም በእናንተ ላይ የደረሰ ኀዘን የለም፤ ነገር ግን በልባችሁ አዝናችኋል።
71247b6b-8d88-5d8f-a5f2-ea829094b7ac,e403595c-6c9c-5f08-ae31-0dbcbf58a4b9,06d74f53-7905-56be-a783-76851d31afbe,3,13,ልጆች እንደ መሆናችሁ፥ ይህን እላችኋለሁ፤ ከእናንተ ላይ ስለሚገባኝ ብድራቴ እናንተ ፍቅራችሁን አስፉልኝ።
5e52c8d6-3f58-50be-afd1-fb41ace8a945,e403595c-6c9c-5f08-ae31-0dbcbf58a4b9,ed9f0ac4-0510-5a40-ab6e-4a75e3058cf5,1,14,ተጠራጣሪዎች አትሁኑ፤ ወደማያምኑ ሰዎች አንድነትም አትሂዱ፤ ጽድቅን ከኀጢአት ጋር አንድ የሚያደርጋት ማን ነው? ብርሃንንስ ከጨለማ ጋር የሚቀላቅል ማን ነው?
23c9e8a7-3763-5b0c-a95b-7ebe4c964c9c,e403595c-6c9c-5f08-ae31-0dbcbf58a4b9,ed9f0ac4-0510-5a40-ab6e-4a75e3058cf5,2,15,ክርስቶስን ከቤልሆር ጋር አንድ የሚያደርገው ማን ነው? ወይስ ምእመናንን ከመናፍቃን ጋር አንድ ወገን የሚያደርጋቸው ማን ነው?
037cc53e-6cae-5c14-a4f9-ced574009e1f,e403595c-6c9c-5f08-ae31-0dbcbf58a4b9,ed9f0ac4-0510-5a40-ab6e-4a75e3058cf5,3,16,የእግዚአብሔርን ታቦትስ በጣዖት ቤት ውስጥ የሚያኖር ማን ነው? የሕያው እግዚአብሔር ማደሪያዎች እኛ አይደለንምን? እግዚአብሔር እንዲህ ሲል ተናገረ፥ “እኔ በእነርሱ አድራለሁ፤ በመካከላቸውም እኖራለሁ፤ አምላካቸውም እሆናቸዋለሁ፤ እነርሱም ሕዝቤ ይሆኑኛል።”
40a83301-aeb2-5a55-a567-62ff387c1bed,e403595c-6c9c-5f08-ae31-0dbcbf58a4b9,ed9f0ac4-0510-5a40-ab6e-4a75e3058cf5,4,17,ስለዚህም “ከመካከላቸው ተለይታችሁ ውጡ፤ ከእነርሱም ተለዩ፤ ወደ ርኩሳንም አትቅረቡ፥ እኔም እቀበላችኋለሁ።
4a31eada-8a29-5630-a96a-8f5d45491fd6,e403595c-6c9c-5f08-ae31-0dbcbf58a4b9,ed9f0ac4-0510-5a40-ab6e-4a75e3058cf5,5,18,አባት እሆናችኋለሁ፤ እናንተም ወንዶችና ሴቶች ልጆች ትሆኑኛላችሁ አለ ሁሉን የሚገዛ እግዚአብሔር።”
afa8eda3-afcb-5df1-a219-3a7479728bb9,0f81e21f-3a40-5dd4-ad54-c57560b15986,a18fc219-3077-5424-a1a1-2a7879407b08,1,1,ወንድሞቻችን ሆይ፥ እንግዲህ ይህ ተስፋ ያለን ስለሆን ራሳችንን እናንጻ፤ ሥጋችንን አናርክስ፤ ነፍሳችንንም አናሳድፍ፤ እግዚአብሔርንም በመፍራት የምንቀደስበትን እንሥራ።
2f39f3c9-02d6-5b23-ad22-21852f8a9cdc,0f81e21f-3a40-5dd4-ad54-c57560b15986,a18fc219-3077-5424-a1a1-2a7879407b08,2,2,አሁንም ወንድሞቻችን ሆይ፥ ታገሡን፥ የበደልነው የለም፤ የገፋነውም የለም፤ ያጠፋነውም የለም፤ የቀማነውም የለም።
f219aef7-0484-5aa0-a492-637025cbaf9f,0f81e21f-3a40-5dd4-ad54-c57560b15986,a18fc219-3077-5424-a1a1-2a7879407b08,3,3,ይህንም የምለው በእናንተ ለመፍረድ አይደለም፤ ለሞትም፥ ለሕይወትም ቢሆን እናንተ በልባችን እንዳላችሁ ፈጽሜ ተናግሬአለሁና።
12451082-7c56-5943-a057-0d66a6ac3957,0f81e21f-3a40-5dd4-ad54-c57560b15986,a18fc219-3077-5424-a1a1-2a7879407b08,4,4,በእናንተ ዘንድ እንዲሁ ብዙ መወደድ አለኝ፤ ስለ እናንተም የምመካበት ብዙ ነው፤ መጽናናትንም አገኘሁ፤ ከመከራዬም ሁሉ ይልቅ ደስታዬ በዛልኝ።
a5547626-b37f-5528-aea5-eb05133d7f99,0f81e21f-3a40-5dd4-ad54-c57560b15986,a18fc219-3077-5424-a1a1-2a7879407b08,5,5,ወደ መቄዶንያም በደረስን ጊዜ ለሰውነታችን ጥቂት ስንኳን ዕረፍት አላገኘንም፤ በሁሉም መከራ አጸኑብን እንጂ፤ በውጭም መጋደል ነበር፤ በውስጥም ፍርሀት ነበር።
8b0d76a6-f118-50aa-a016-630719a47fb3,0f81e21f-3a40-5dd4-ad54-c57560b15986,a18fc219-3077-5424-a1a1-2a7879407b08,6,6,ነገር ግን ያዘኑትን የሚያጽናና እርሱ እግዚአብሔር በቲቶ መምጣት አጽናናን።
13485efe-8699-5999-a12d-0d9b20854b2a,0f81e21f-3a40-5dd4-ad54-c57560b15986,a18fc219-3077-5424-a1a1-2a7879407b08,7,7,በመምጣቱ ብቻ አይደለም፤ በአጽናናችሁት ማጽናናትም ነው እንጂ፤ ለእኛ እንደምታስቡና እንደምትቀኑ ፍቅራችሁን ነግሮናል፤ ይህንም ሰምቼ ደስታዬ በእናንተ በዛ።
ba7dbf6b-5b97-5b42-a2f8-29192dee349c,0f81e21f-3a40-5dd4-ad54-c57560b15986,2295663b-8fc1-5604-a9ec-b7ee32dc30e2,1,8,መጀመሪያ በጻፍሁት መልእክት ባሳዝናችሁም እንኳ አያጸጽተኝም፤ ብጸጸትም፥ እነሆ ያች መልእክት ለጥቂት ጊዜ ብቻ እንዳሳዘነቻችሁ አያለሁ።
3d3acf52-a8cc-5189-a6f0-3c106892f34a,0f81e21f-3a40-5dd4-ad54-c57560b15986,2295663b-8fc1-5604-a9ec-b7ee32dc30e2,2,9,አሁን ግን እኔ ስለ እርሷ በብዙ ደስ ይለኛል፤ ደስታዬም ስለ አዘናችሁ አይደለም፤ ንስሓ ልትገቡ ስለ አዘናችሁ እንጂ፤ ከእናንተ አንዱ ስንኳ እንዳይጠፋ፥ ስለ እግዚአብሔር ብላችሁ አዝናችኋልና።
d1443f3c-bc5e-53cd-add4-a10f72710c85,0f81e21f-3a40-5dd4-ad54-c57560b15986,2295663b-8fc1-5604-a9ec-b7ee32dc30e2,3,10,ስለ እግዚአብሔር ተብሎ የሚደረግ ኀዘን የዘለዓለም ሕይወትን የሚያሰጥ ንስሓ ነው። ስለ ዓለም የሚደረግ ኀዘን ግን ሞትን ያመጣል።
885551c2-3318-5a20-a64f-b07ea5ac5d57,0f81e21f-3a40-5dd4-ad54-c57560b15986,2295663b-8fc1-5604-a9ec-b7ee32dc30e2,4,11,እነሆ፥ ያ ስለ እግዚአብሔር ብላችሁ ያደረጋችሁት ኀዘን ምንም የማታውቁ እስከ መሆን ደርሳችሁ፥ ራሳችሁን በበጎ ሥራና በንጽሕና እስክታጸኑ ድረስ፥ ትጋትንና ክርክርን፥ ቍጣንና ፍርሀትን፥ ናፍቆትንና ቅንዐትን፥ በቀልንም አደረገላችሁ፤
0a744292-d860-5709-a827-b8bfb628ebc0,0f81e21f-3a40-5dd4-ad54-c57560b15986,2295663b-8fc1-5604-a9ec-b7ee32dc30e2,5,12,ይህን የጻፍሁላችሁ በእግዚአብሔር ፊት ስለ እኛ እንደ ተጋችሁ ይታወቅ ዘንድ ነው እንጂ ስለ በደለና ስለ ተበደለ ሰው አይደለም።
8b303d9e-1598-55ad-a3e8-2d04c194aa49,0f81e21f-3a40-5dd4-ad54-c57560b15986,2295663b-8fc1-5604-a9ec-b7ee32dc30e2,6,13,ስለዚህም ተጽናንተናል፤ በመጽናናታችንም ስለ ቲቶ ደስታ አብልጦ ደስ አለን፤ በሁላችሁ ዘንድ ሰውነቱን አሳርፋችኋታልና።
965f2290-6d6b-57c6-ab7a-2fe52a60c685,0f81e21f-3a40-5dd4-ad54-c57560b15986,2295663b-8fc1-5604-a9ec-b7ee32dc30e2,7,14,ስለ እናንተ ለእርሱ በተመካሁበት ሁሉ አላሳፈራችሁኝምና፤ ነገር ግን ሁሉን ለእናንተ በእውነት እንደ ተናገርን፥ እንደዚሁ ደግሞ በቲቶ ፊት ትምክህታችን እውነት ሆነ።
41ea5b37-3731-559a-affe-9e6cb2d31c5c,0f81e21f-3a40-5dd4-ad54-c57560b15986,2295663b-8fc1-5604-a9ec-b7ee32dc30e2,8,15,ስለዚህም እጅግ ያመሰግናችኋል፤ እንደ ታዘዛችሁለት፥ በመፍራትና በመደንገጥም እንደ ተቀበላችሁት ያስባችኋል።
ac6f311d-d3ef-5c2d-ae09-1eb2f91f35a5,0f81e21f-3a40-5dd4-ad54-c57560b15986,2295663b-8fc1-5604-a9ec-b7ee32dc30e2,9,16,እኔም በሁሉ ነገር እተማመናችኋለሁና ደስ ይለኛል።
f3b484e8-e0e8-5d98-a106-357dad76623c,e55383c5-87c5-58a2-a20c-22bc181a3913,dc9b117b-3560-56b7-a7e7-19ec5765bd1c,1,1,ወንድሞች ሆይ፥ ለመቄዶንያ አብያተ ክርስቲያናት የተሰጠውን የእግዚአብሔርን ጸጋ እነግራችኋለሁ።
971cc7ae-62e1-5e60-a1a7-e6ce2775fd01,e55383c5-87c5-58a2-a20c-22bc181a3913,dc9b117b-3560-56b7-a7e7-19ec5765bd1c,2,2,በብዙ መከራ ከመፈተናቸው የተነሣ ደስታቸው በዝቶአልና፤ በድህነታቸው ጥልቅነትም የለጋስነታቸው ባለጠግነት በዝታለችና።
b6f26169-9bfb-5395-acf1-15f521e61b98,e55383c5-87c5-58a2-a20c-22bc181a3913,dc9b117b-3560-56b7-a7e7-19ec5765bd1c,3,3,እነርሱ ሲቻላቸው፥ ሳይቻላቸውም እንስጥ በማለት ቈራጦች ለመሆናቸው ምስክራቸው እኔ ነኝና።
da6aab62-0cc5-55bb-a976-b125e9899bb4,e55383c5-87c5-58a2-a20c-22bc181a3913,dc9b117b-3560-56b7-a7e7-19ec5765bd1c,4,4,ለቅዱሳን ስለሚሆነው አገልግሎት እንዲተባበሩ ይህን ቸርነት መላልሰው ማለዱን።
27057187-1916-5eb7-a3a4-79c43dc36504,e55383c5-87c5-58a2-a20c-22bc181a3913,dc9b117b-3560-56b7-a7e7-19ec5765bd1c,5,5,እነርሱ አስቀድመው በፈቃዳቸው፥ እንደ እግዚአብሔር ፈቃድ ሰውነታቸውን ለእግዚአብሔርም፥ ለእኛም አሳልፈው ሰጥተዋልና እኛ እንደ አሰብነው አይደለም፤
1d6f4caf-a89d-58a0-a718-fc256b34c374,e55383c5-87c5-58a2-a20c-22bc181a3913,dc9b117b-3560-56b7-a7e7-19ec5765bd1c,6,6,ይህንም የቸርነት ሥራ እንደ ጀመረ ይፈጽምላችሁ ዘንድ ቲቶን ማለድነው።
88f76f72-e142-50e0-a3f2-3fb06af5d242,e55383c5-87c5-58a2-a20c-22bc181a3913,dc9b117b-3560-56b7-a7e7-19ec5765bd1c,7,7,በሁሉ ነገር በእምነትና በቃል፥ በዕውቀትም፥ በትጋትም በእናንተ ዘንድ በሆነው ሁሉ እኛን በመውደዳችሁ ፍጹማን እንደ ሆናችሁ፥ እንዲሁም ደግሞ ይህቺን ስጦታ አብዙ።
c01bf614-8937-52a8-a0fc-55c9adf45d36,e55383c5-87c5-58a2-a20c-22bc181a3913,dc9b117b-3560-56b7-a7e7-19ec5765bd1c,8,8,በግድ የምላችሁ አይደለም፤ ነገር ግን ከእናንተ ለዚህ ሥራ የሚተጉለት አሉና የፍቅራችሁን እውነተኛነት አሁን መርምሬ ተረዳሁ።
091f9d26-5ddb-5ab3-a407-36f7f6e48be6,e55383c5-87c5-58a2-a20c-22bc181a3913,dc9b117b-3560-56b7-a7e7-19ec5765bd1c,9,9,የጌታችን የኢየሱስ ክርስቶስን ቸርነቱን ታውቃላችሁ፤ በእርሱ ድህነት እናንተ ባለጸጎች ትሆኑ ዘንድ እርሱ ባለጸጋ ሲሆን፥ ስለ እናንተ ራሱን ድሃ አደረገ።
a08521fb-1c1a-5686-af74-010b546f5ffd,e55383c5-87c5-58a2-a20c-22bc181a3913,dc9b117b-3560-56b7-a7e7-19ec5765bd1c,10,10,በዚህም የሚጠቅማችሁን እመክራችኋለሁ፤ ይህን ከማድረጋችሁ በፊት ፈቅዳችኋልና፤ ከአምና ጀምሮም ይህን ጀምራችኋል።
f670f7b1-e95a-5290-a29a-e4fcd9596c3f,e55383c5-87c5-58a2-a20c-22bc181a3913,dc9b117b-3560-56b7-a7e7-19ec5765bd1c,11,11,አሁንም አድርጉ፤ ፈጽሙም፤ መፍቀድ ከመሻት ነውና፤ ማድረግም ከማግኘት ነውና።
3cd7ede6-3351-5db2-ab65-5e43c28a1c4f,e55383c5-87c5-58a2-a20c-22bc181a3913,dc9b117b-3560-56b7-a7e7-19ec5765bd1c,12,12,ፈቃድ ካለም፥ ሰው በሚቻለው መጠን ቢሰጥ ይመሰገናል፤ በማይቻለውም መጠን አይደለም።
dc71434e-0449-5a43-a9f8-8cc2e26ef1ca,e55383c5-87c5-58a2-a20c-22bc181a3913,dc9b117b-3560-56b7-a7e7-19ec5765bd1c,13,13,በዚህ ወራት ተካክላችሁ እንድትኖሩ ነው እንጂ ሌላው እንዲያርፍ እናንተን የምናስጨንቅ አይደለም።
39753cf8-b14a-5a4d-a56b-8843f7ad2324,e55383c5-87c5-58a2-a20c-22bc181a3913,dc9b117b-3560-56b7-a7e7-19ec5765bd1c,14,14,ኑሮአችሁ በሁሉ የተካከለ ይሆን ዘንድ፥ የእናንተ ትርፍ የእነርሱን ጕድለት ይመላልና፥ የእነርሱም ትርፍ የእናንተን ጕድለት ይመላልና።
f860cfd7-17f4-5455-a1ae-27cdefcda57d,e55383c5-87c5-58a2-a20c-22bc181a3913,dc9b117b-3560-56b7-a7e7-19ec5765bd1c,15,15,መጽሐፍ እንዳለ፥ “ብዙ ያለው አላተረፈም፤ ጥቂት ያለውም አላጐደለም።”
f39047b5-3583-5b8c-a494-4a628d8992aa,e55383c5-87c5-58a2-a20c-22bc181a3913,b7246e87-fedf-5313-ab94-55d6b516beff,1,16,በቲቶ ልብ ስለ እናንተ ያን መትጋት የሰጠ እግዚአብሔር የተመሰገነ ነው።
6a4e5d22-4df4-5af2-a86b-863cc0aa54de,e55383c5-87c5-58a2-a20c-22bc181a3913,b7246e87-fedf-5313-ab94-55d6b516beff,2,17,ልመናችንንም ተቀብሎ፥ ጨክኖ ወደ እናንተ ይመጣ ዘንድ ቸኵሏል።
015730c2-b3a6-5e6a-af7b-2e6b20df3618,e55383c5-87c5-58a2-a20c-22bc181a3913,b7246e87-fedf-5313-ab94-55d6b516beff,3,18,ስለ ወንጌል ትምህርት አብያተ ክርስቲያናት ሁሉ ያመሰገኑትን ወንድማችንንም ከእርሱ ጋር ልከናል።
8a2c97ed-0586-5ec3-a0d6-380b9a8b01ae,e55383c5-87c5-58a2-a20c-22bc181a3913,b7246e87-fedf-5313-ab94-55d6b516beff,4,19,ይህም ብቻ አይደለም፤ ነገር ግን የእግዚአብሔርን ክብርና የእኛን በጎ ፈቃድ ለማሳየት በምናገለግልባት በዚች ጸጋ ከእኛ ጋር አንድ ይሆን ዘንድ በአብያተ ክርስቲያናት ተሾመ።
13d63ef4-149d-55ae-a9bc-1e9d78750e0a,e55383c5-87c5-58a2-a20c-22bc181a3913,b7246e87-fedf-5313-ab94-55d6b516beff,5,20,ስለምናገለግለው ስለዚህ ለጋስ ስጦታ ማንም እንዳይነቅፈን እንጠነቀቃለን።
907c6572-4599-536c-af8c-cdbc3a89157c,e55383c5-87c5-58a2-a20c-22bc181a3913,b7246e87-fedf-5313-ab94-55d6b516beff,6,21,በእግዚአብሔር ፊት ብቻ ያይደለ፥ ነገር ግን በሰው ፊትም መልካሙን ነገር እናስባለንና።
f7e5b291-2018-5428-a041-2e4bd74e097d,e55383c5-87c5-58a2-a20c-22bc181a3913,b7246e87-fedf-5313-ab94-55d6b516beff,7,22,በብዙ የፈተንነውንና በሁሉም ነገር ትጉህ ሆኖ ያገኘነውን አሁንም በእናንተ እጅግ ስለሚታመን ከፊት ይልቅ እጅግ ትጉ የሚሆነውን ወንድማችንን ከእነርሱ ጋር እንልካለን።
6531eb4e-1d01-5ab0-adf9-525725610f69,e55383c5-87c5-58a2-a20c-22bc181a3913,b7246e87-fedf-5313-ab94-55d6b516beff,8,23,ቲቶም ቢሆን፥ ስለ እናንተ አብሮኝ የሚሠራ ጓደኛዬ ነው፥ ወንድሞቻችንም ቢሆኑ፥ ለእግዚአብሔር ክብር የአብያተ ክርስቲያናት ሐዋርያት ናቸው።
b6771c33-3a20-5397-a7e0-72453e00f46f,e55383c5-87c5-58a2-a20c-22bc181a3913,b7246e87-fedf-5313-ab94-55d6b516beff,9,24,አሁንም መዋደዳችሁንና እኛም በእናንተ የምንመካበትን ሥራ በአብያተ ክርስቲያናት ፊት በግልጥ አሳዩአቸው።
6cbc6281-451a-5e17-a7c1-da095fb5b2f2,b0a90b6f-660f-5a0c-a33e-a93e14e05656,3f9a7d99-ae52-50d7-a137-5766f9100c4c,1,1,ለቅዱሳን ስለሚደረገው አገልግሎት የምጽፍላችሁ ብዙ አለኝ
9e14fa3a-2c0b-524e-aabc-a5d367df4b54,b0a90b6f-660f-5a0c-a33e-a93e14e05656,3f9a7d99-ae52-50d7-a137-5766f9100c4c,2,2,እናንተ እንደምትተጉ አውቃለሁና፤ ስለዚህም “የአካይያ ሰዎች እኮ ከአምና ጀምሮ አዘጋጅተዋል” ብዬ በመቄዶንያ ሰዎች ዘንድ አመሰገንኋችሁ፤ እነሆም የእናንተ መፎካከር ብዙዎችን ሰዎች አትግቶአቸዋል።
8680dc29-54ba-57cd-af0e-51f8c0b4f9d2,b0a90b6f-660f-5a0c-a33e-a93e14e05656,3f9a7d99-ae52-50d7-a137-5766f9100c4c,3,3,በዚህም ያመሰገንናችሁ ምስጋና በእነርሱ ዘንድ ሐሰት እንዳይሆንብን፥ እንደ ነገርናቸውም ተዘጋጅታችሁ እንዲያገኙአችሁ ወንድሞችን ወደ እናንተ ላክናቸው።
caa05291-0201-5991-a172-078ac50179b3,b0a90b6f-660f-5a0c-a33e-a93e14e05656,3f9a7d99-ae52-50d7-a137-5766f9100c4c,4,4,ምናልባት የመቄዶንያ ሰዎች ከእኔ ጋር ቢመጡና ሳታዘጋጁ ቢያገኙአችሁ እናንተ ታፍራላችሁ ባልልም እኛ ስለ እናንተ ከነገርናቸው የተነሣ እናፍራለን።
f01cadfa-ffb9-524e-aad5-d846d5624c85,b0a90b6f-660f-5a0c-a33e-a93e14e05656,3f9a7d99-ae52-50d7-a137-5766f9100c4c,5,5,ስለዚህም አስቀድመው ወደ እናንተ መጥተው በቅድሚያ የተናገራችኋትን በረከታችሁን እንዲያዘጋጁ ወንድሞችን ማለድሁ፤ እንደዚህም የተዘጋጀ ይሁን፤ በረከትን እንደምታገኙበት እንጂ በንጥቂያ እንደ ተወሰደባችሁ አይሁን።
670264a0-4d75-5f1a-ad1f-134fc3520d6d,b0a90b6f-660f-5a0c-a33e-a93e14e05656,3f9a7d99-ae52-50d7-a137-5766f9100c4c,6,6,አሳንሶ የሚዘራ ለእርሱ እንዲሁ መከሩ ያንስበታል፤ በብዙ የሚዘራ ግን በብዙ ያመርታል።
7bae1eab-7de0-57c9-a2c7-03c4eb3cc73b,b0a90b6f-660f-5a0c-a33e-a93e14e05656,3f9a7d99-ae52-50d7-a137-5766f9100c4c,7,7,ሁሉ ልቡ እንደ ወደደ ያድርግ፤ በደስታ ይስጡ እንጂ በግድ አይሆንም፤ እግዚአብሔር በደስታ የሚሰጠውን ይወዳልና።
8f313853-2307-5019-a30c-04bf51f73d0c,b0a90b6f-660f-5a0c-a33e-a93e14e05656,3f9a7d99-ae52-50d7-a137-5766f9100c4c,8,8,እግዚአብሔር መልካሙን ነገር ሁሉ ሊያበዛላችሁ ይችላል፤ ፍጹም በረከቱንም ለዘወትር ያበዛላችሁ ዘንድ፥ ለሁሉም ታተርፉታላችሁ፤ በጎ ሥራ መሥራትንም ታበዛላችሁ።
2e6cab2d-4813-5c40-a13a-59c5c6635dce,b0a90b6f-660f-5a0c-a33e-a93e14e05656,3f9a7d99-ae52-50d7-a137-5766f9100c4c,9,9,“በተነ፤ ለድሃም ሰጠ፤ ጽድቁም ለዘለዓለም ይኖራል” ብሎ መጽሐፍ እንደ ተናገረ።
8c5ed858-f26b-50e1-a1e9-415d2b8980aa,b0a90b6f-660f-5a0c-a33e-a93e14e05656,3f9a7d99-ae52-50d7-a137-5766f9100c4c,10,10,እርሱ ዘርን ለዘሪ ይሰጣል፤ እህልንም ለምግብ ይሰጣችኋል፤ ዘራችሁንም ያበዛላችኋል፤ የጽድቃችሁንም መከር ያበጃል።
3cd1765c-7ea4-5d3e-a856-0ed5c3665259,b0a90b6f-660f-5a0c-a33e-a93e14e05656,3f9a7d99-ae52-50d7-a137-5766f9100c4c,11,11,ለብዙ ሰዎች ስለ ሰጣችሁም የእግዚአብሔርን ምስጋና በምታደርግላችሁ ልግስና ሁሉ ባለጸጎች ትሆናላችሁ።
900af0d7-5476-5953-a049-1fecc43467e5,b0a90b6f-660f-5a0c-a33e-a93e14e05656,3f9a7d99-ae52-50d7-a137-5766f9100c4c,12,12,ይህቺ የዚህ ሥራ አገልግሎት ግዳጅ የምትፈጽመው ለዚህ ለቅዱሳን ችግር መሟላት ብቻ አይደለም፤ በቅዱሳን ዘንድም ደግሞ የእግዚአብሔርን ምስጋና ታበዛለች።
ae9b2e84-670e-58d6-a0b3-5c9552da2f80,b0a90b6f-660f-5a0c-a33e-a93e14e05656,3f9a7d99-ae52-50d7-a137-5766f9100c4c,13,13,ክርስቶስ ላስተማራት ትምህርት ታዝዛችኋልና፥ ሁላችሁም ደስ ብሎአችሁና ተባብራችሁ አወጣጥታችኋልና በዚች በሃይማኖታችሁ ፈተና ምክንያት እግዚአብሔርን ያመሰግኑታል፤
129a20bd-d091-5eef-a8c1-873f62387b1c,b0a90b6f-660f-5a0c-a33e-a93e14e05656,3f9a7d99-ae52-50d7-a137-5766f9100c4c,14,14,እነርሱም ስለ እናንተ ይጸልያሉ፤ ስለ አደረባችሁ ታላቅ የእግዚአብሔር ጸጋም ሊያዩአችሁ ይመኛሉ።
c478e65e-988d-5d98-abc2-e605ecbf9d2d,b0a90b6f-660f-5a0c-a33e-a93e14e05656,3f9a7d99-ae52-50d7-a137-5766f9100c4c,15,15,ስለማትመረመርና ባላሰቡአት ጊዜ ስለምትመጣው ጸጋው እግዚአብሔር ይመስገን።
e6603707-f1af-57d4-a981-ec294ad4c92c,a7d42e50-3633-5c84-ae43-bbeddd0617c6,7fade1e0-8117-5ffc-ac1f-f93e6b4c9f2a,1,1,ወንድሞቻችን ሆይ፥ እኔ ጳውሎስ በእናንተ ዘንድ ፊት ለፊት ሳለሁ ትሑት የሆንሁ፥ ከእናንተ ብርቅ ግን የምደፍራችሁ በክርስቶስ የዋህነትና ቸርነት እማልዳችኋለሁ፥ በፍቅራችሁ እታመናለሁና።
ca70c863-4858-56c6-a91c-ec2deaeed6e4,a7d42e50-3633-5c84-ae43-bbeddd0617c6,7fade1e0-8117-5ffc-ac1f-f93e6b4c9f2a,2,2,ወደ እናንተ በመጣሁ ጊዜ እሠራለሁ፤ በሥጋዊ ሥርዐትም እንደምንኖር አድርገው በሚጠረጥሩን ሰዎች ላይ በድፍረት ለመናገር አስባለሁ፤ እናንተ ግን በዚህ ዓይነት ድፍረት እንድናገር እንዳታደርጉኝ እለምናችኋለሁ።
5b8cb752-8590-5c1f-a198-7d7cc44b9f93,a7d42e50-3633-5c84-ae43-bbeddd0617c6,7fade1e0-8117-5ffc-ac1f-f93e6b4c9f2a,3,3,በሥጋችንስ እንሄዳለን፤ ነገር ግን በእርሱው ሥርዐት የምንሄድና የምንዋጋ አይደለም።
ce814a56-6d6a-50ba-a968-124d21a877dd,a7d42e50-3633-5c84-ae43-bbeddd0617c6,7fade1e0-8117-5ffc-ac1f-f93e6b4c9f2a,4,4,የጦር ዕቃችን ሥጋዊ አይደለምና፥ ጽኑ ምሽግን በሚያፈርስ በእግዚአብሔር ኀይል ነው እንጂ።
71aa8e61-5ac8-508c-a367-39a087173541,a7d42e50-3633-5c84-ae43-bbeddd0617c6,7fade1e0-8117-5ffc-ac1f-f93e6b4c9f2a,5,5,ልብ ሁሉ ይማረክ ዘንድ ኅሊናም ለክርስቶስ ይገዛ ዘንድ በእግዚአብሔር ላይ የሚታበየውንና ከፍ ከፍ የሚለውን እናፈርሳለን።
0af40f9d-c3b2-5006-a38f-37c6ee5fa2ca,a7d42e50-3633-5c84-ae43-bbeddd0617c6,7fade1e0-8117-5ffc-ac1f-f93e6b4c9f2a,6,6,እናንተ ትእዛዝን በፈጸማችሁ ጊዜ የማይገዛውን ሁሉ እኛ ልንበቀለው ዝግጁዎች ነን።
ec690846-fa54-55a4-ac90-81491d65adf1,a7d42e50-3633-5c84-ae43-bbeddd0617c6,7fade1e0-8117-5ffc-ac1f-f93e6b4c9f2a,7,7,በፊታችሁ ያለውን ተመልከቱ፤ ማንም በክርስቶስ ያመነ ቢሆን፥ ይህን እንደ ገና በራሱ ይቍጠረው፤ እርሱ የክርስቶስ እንደ ሆነ እኛም እንዲሁ ነንና።
a1bf0ee1-6a9f-57e6-a128-b87279f6e99a,a7d42e50-3633-5c84-ae43-bbeddd0617c6,7fade1e0-8117-5ffc-ac1f-f93e6b4c9f2a,8,8,እናንተን ለማነጽ እንጂ፥ እናንተን ለማፍረስ ያይደለ፥ እግዚአብሔር በእናንተ ላይ በሰጠን ሥልጣን እጅግ የተመካሁት መመካት ቢኖር አላፍርም።
029095d6-1504-508f-a9a1-01c2795ccca0,a7d42e50-3633-5c84-ae43-bbeddd0617c6,7fade1e0-8117-5ffc-ac1f-f93e6b4c9f2a,9,9,ነገር ግን በመልእክቶች የማስፈራራችሁ እንዳይመስላችሁ፥ ይህን ትምክሕቴን እተወዋለሁ።
595bef14-270b-57ab-ac83-e014e4ee9d98,a7d42e50-3633-5c84-ae43-bbeddd0617c6,7fade1e0-8117-5ffc-ac1f-f93e6b4c9f2a,10,10,ከሰዎች መካከል “መልእክቶቹ ከባዶችና አስጨናቂዎች ናቸው፤ ሰውነቱ ግን ደካማ ነው፤ ነገሩም ተርታ ነው” የሚሉ አሉና።
67cb419f-eb51-5a84-a483-62628993afb5,a7d42e50-3633-5c84-ae43-bbeddd0617c6,7fade1e0-8117-5ffc-ac1f-f93e6b4c9f2a,11,11,ነገር ግን ይህን ነገር የሚናገር ይህን ይወቅ፤ በሌለንበት ጊዜ በመልእክታችን እንደ ተገለጠው እንደ ቃላችን፥ ባለንበትም ጊዜ በሥራችን እንዲሁ ነን።
92994017-5aa8-5032-a020-11b5b821226d,a7d42e50-3633-5c84-ae43-bbeddd0617c6,7fade1e0-8117-5ffc-ac1f-f93e6b4c9f2a,12,12,እነርሱ ራሳቸውን በአሰቡትና በገመገሙት መጠን ራሳቸውን ከሚያመሰግኑት ሰዎች ጋር ራሳችንን ልንቈጥር፥ ወይም ራሳችንን ልናስተያይ አንደፍርም፤ እነርሱ ራሳቸውም የሚናገሩትን ትርጕሙን አያውቁትም።
62c384e9-27f1-5ed4-a73e-47a6bf56db6b,a7d42e50-3633-5c84-ae43-bbeddd0617c6,7fade1e0-8117-5ffc-ac1f-f93e6b4c9f2a,13,13,እኛስ ወደ እናንተ እስክንደርስ ድረስ እግዚአብሔር በወሰነልን ሕግና ሥርዐት እንጂ፥ ከዐቅማችን አልፈን እጅግ አንመካም።
7840a1a0-c4d5-5d80-a995-04db4fd41a22,a7d42e50-3633-5c84-ae43-bbeddd0617c6,7fade1e0-8117-5ffc-ac1f-f93e6b4c9f2a,14,14,ወደ እናንተ እንደማንደርስ አድርገን፥ ራሳችንን የምናመሰግን አይደለምና፤ ነገር ግን የክርስቶስን ሕግ በማስተማር ወደ እናንተ ደርሰናል።
9b07b8a1-f67d-5095-a70b-1d7c1c435658,a7d42e50-3633-5c84-ae43-bbeddd0617c6,7fade1e0-8117-5ffc-ac1f-f93e6b4c9f2a,15,15,እኛስ በማይገባ ሌላ በደከመበት አንመካም፤ ነገር ግን ሃይማኖታችሁ እንድትሰፋ፥ የተሠራችላችሁ ሕግም በእናንተ እንድትጸና ተስፋ እናደርጋለን።
1e353982-e8a6-5c9c-a42f-ebe294127604,a7d42e50-3633-5c84-ae43-bbeddd0617c6,7fade1e0-8117-5ffc-ac1f-f93e6b4c9f2a,16,16,አብዝተንም እናስተምራችኋለን፤ ያንጊዜም መጠናችን ከሥራችን ጋር ከፍ ከፍ ይላል፤ እኛስ ቀና ባልሆነውና በማይገባው አንመካም።
0e09d61c-bbed-5f1c-a6cc-3cebd5dd53e2,a7d42e50-3633-5c84-ae43-bbeddd0617c6,7fade1e0-8117-5ffc-ac1f-f93e6b4c9f2a,17,17,“የሚመካ ግን በእግዚአብሔር ይመካ።”
cc8c8880-3c30-5da3-ad9f-6f42a8c3725c,a7d42e50-3633-5c84-ae43-bbeddd0617c6,7fade1e0-8117-5ffc-ac1f-f93e6b4c9f2a,18,18,እግዚአብሔር ያከበረው ብቻ ይከብራል እንጂ ራሱን የሚያከብር የተመረጠ አይደለም።
087a0bc9-3902-5f28-ad5c-994cbcde405c,2aa22663-4307-5f52-ae76-a4f1c602f3e3,d6aa5920-702c-5a26-aefd-50f8f48d96e4,1,1,በስንፍናዬ እናገር ዘንድ ጥቂት ልትታገሡኝ ይገባ ነበር፤ ቢሆንም በርግጥ ታገሡኝ፤
ded222e2-fdba-5b3d-a196-22f8b44512ee,2aa22663-4307-5f52-ae76-a4f1c602f3e3,d6aa5920-702c-5a26-aefd-50f8f48d96e4,2,2,ለእግዚአብሔር የሚገባ ቅንዐት እቀናላችኋለሁና፤ ወደ እርሱ አቀርባችሁ ዘንድ ለአንዱ ንጹሕ ድንግል ሙሽራ ለክርስቶስ አጭቻችኋለሁና።
c4b3886e-b47f-5934-aad9-8676d7e7ac4f,2aa22663-4307-5f52-ae76-a4f1c602f3e3,d6aa5920-702c-5a26-aefd-50f8f48d96e4,3,3,ነገር ግን እባብ ሔዋንን በተንኰሉ እንዳሳታት፥ አሳባችሁ ከክርስቶስ የዋህነትና ንጽሕና ምናልባት እንዳይለወጥ ብዬ እፈራለሁ።
e99fd74e-5057-55f6-a1e2-d70a2f94a827,2aa22663-4307-5f52-ae76-a4f1c602f3e3,d6aa5920-702c-5a26-aefd-50f8f48d96e4,4,4,ወደ እናንተ የመጣና እኛ ወደ አላስተማርናችሁ ወደ ሌላ ኢየሱስ የጠራችሁ ቢኖር፥ ወይም ያልተቀበላችሁት ሌላ መንፈስ ቢኖር፥ ወይም ያልተማራችሁት ሌላ ወንጌል ቢኖር ልትጠብቁን ይገባል።
d62780e9-1fd2-5b09-aa48-0ce3a9dd83be,2aa22663-4307-5f52-ae76-a4f1c602f3e3,d6aa5920-702c-5a26-aefd-50f8f48d96e4,5,5,እኔ ግን ሌሎች ሐዋርያት ከአስተማሩት ያጐደልሁባችሁ የለም ይመስለኛል።
fc987f3d-4986-5dda-ad10-97c8f12b4253,2aa22663-4307-5f52-ae76-a4f1c602f3e3,8d256e78-b549-52c8-a6e9-4366a3794a24,1,6,እኔ በአነጋገሬ አላዋቂ ብሆንም በዕውቀት ግን እንዲሁ አይደለሁም፤ ነገር ግን ሁሉን በሁሉ እገልጥላችኋለሁ።
8c82ef46-6102-52bd-a701-ed5fa2ee29bf,2aa22663-4307-5f52-ae76-a4f1c602f3e3,8d256e78-b549-52c8-a6e9-4366a3794a24,2,7,ወይስ ራሴን በሁሉ ያዋረድሁ በደልሁ ይሆን? እናንተ ከፍ ከፍ ትሉ ዘንድ፥ የእግዚአብሔርን ወንጌል ያለ ዋጋ አስተምሬአችኋለሁና።
cebf5cc3-5f1e-5070-a243-d6595ddf9ee6,2aa22663-4307-5f52-ae76-a4f1c602f3e3,8d256e78-b549-52c8-a6e9-4366a3794a24,3,8,እናንተን አገለግል ዘንድ፥ ከሌሎች አብያተ ክርስቲያናት ተቀብዬ፥ ለምግቤ ያህል ወሰድሁ፤
98ff7f5b-0295-57ef-ac7c-69c3203e3267,2aa22663-4307-5f52-ae76-a4f1c602f3e3,8d256e78-b549-52c8-a6e9-4366a3794a24,4,9,ከእናንተ ዘንድ በነበርሁበት ጊዜም፥ ስቸገር ገንዘባችሁን አልተመኘሁም። ባልበቃኝም ጊዜ ወንድሞቻችን ከመቄዶንያ መጥተው አሙአሉልኝ፤ በእናንተም ላይ እንዳልከብድባችሁ በሁሉ ተጠነቀቅሁ፤ ወደ ፊትም እጠነቀቃለሁ።
7fda3ef9-2e29-5726-a6a7-71c5307cd7f2,2aa22663-4307-5f52-ae76-a4f1c602f3e3,8d256e78-b549-52c8-a6e9-4366a3794a24,5,10,የክርስቶስ ዕውነት አብሮኝ ይኖራልና፥ ይህቺ ደስታዬ በአካይያ አውራጃ አልተከለከለችብኝም።
02cb7000-bf4a-5c19-a88e-eea187484b68,2aa22663-4307-5f52-ae76-a4f1c602f3e3,8d256e78-b549-52c8-a6e9-4366a3794a24,6,11,ስለምን ነው? አልወዳችሁምና ነውን? እንደምወድዳችሁስ እግዚአብሔር ያውቃል።
c92044a9-b8cd-563c-ad0f-386cc129bafa,2aa22663-4307-5f52-ae76-a4f1c602f3e3,8d256e78-b549-52c8-a6e9-4366a3794a24,7,12,ነገር ግን ያደረግሁትም ቢሆን፥ የማደርገውም ቢሆን፥ እነርሱ እንደ እኛ የሚመኩበትን ያገኙ ዘንድ፥ ምክንያት የሚሹትን ምክንያት አሳጣቸው ዘንድ ነው።
01e21c76-055b-5dd7-a3b4-1a91d0c91716,2aa22663-4307-5f52-ae76-a4f1c602f3e3,8d256e78-b549-52c8-a6e9-4366a3794a24,8,13,የሚተነኰሉ፥ ራሳቸውን የክርስቶስን ሐዋርያት የሚያስመስሉ፥ ዐመፅንም የሚያደርጉ ሐሰተኞች ሐዋርያት አሉና።
d3667819-768f-5b8d-a0b8-327af2be6962,2aa22663-4307-5f52-ae76-a4f1c602f3e3,8d256e78-b549-52c8-a6e9-4366a3794a24,9,14,ይህም አያስደንቅም፤ ሰይጣን ራሱ ተለውጦ እንደ ብርሃን መልአክ ይመስላልና።
5f0f1be0-299e-5c63-adf0-32169a1183a2,2aa22663-4307-5f52-ae76-a4f1c602f3e3,8d256e78-b549-52c8-a6e9-4366a3794a24,10,15,መልእክተኞቹም የጽድቅ መላእክትን ቢመስሉ፥ ይህ ታላቅ ነገር አይደለም፤ ፍጻሜያቸው ግን እንደ ሥራቸው ነው።
2e604db7-bb0e-5970-a242-7a317cc930a3,2aa22663-4307-5f52-ae76-a4f1c602f3e3,4e35b2c1-ab85-5900-aa54-9fe2bf062cf8,1,16,ደግሞም እንዲህ እላለሁ፦ ሰነፍ የሚያደርገኝ አይኑር፤ ያውም ብሆን እኔ ጥቂት እመካ ዘንድ እንደ ሰነፍ እንኳ ብሆን ተቀበሉኝ።
324f9500-94db-5930-a70d-224d56222c68,2aa22663-4307-5f52-ae76-a4f1c602f3e3,4e35b2c1-ab85-5900-aa54-9fe2bf062cf8,2,17,ይህም ቢሆን የምናገረው ለእግዚአብሔር የሚገባ አይደለም፤ ነገር ግን ስለዚህች ትምክሕቴ እንደ ሰነፍ እናገራለሁ።
b502224c-66f8-5560-acd0-786847ca78d1,2aa22663-4307-5f52-ae76-a4f1c602f3e3,4e35b2c1-ab85-5900-aa54-9fe2bf062cf8,3,18,በሥጋዊ ሥርዐት የሚመኩ ብዙዎች ናቸውና እኔ ደግሞ እመካለሁ።
1caa2036-1b7a-5264-a968-81d18186c96e,2aa22663-4307-5f52-ae76-a4f1c602f3e3,4e35b2c1-ab85-5900-aa54-9fe2bf062cf8,4,19,እናንተ ልባሞች ስትሆኑ ሰነፎችን መስማት ደስ ያሰኛችኋልና።
7c85879a-5ec6-56d3-a0a4-de5c1b1397ad,2aa22663-4307-5f52-ae76-a4f1c602f3e3,4e35b2c1-ab85-5900-aa54-9fe2bf062cf8,5,20,የሚገዙአችሁንና የሚቀሙአችሁን፥ መባያ የሚያደርጓችሁንና የሚታበዩባችሁን፥ ፊታችሁንም በጥፊ የሚመትዋችሁን ትታገሡአቸዋላችሁና።
3147ada6-94be-506c-a7d3-7ea2f7db6c6c,2aa22663-4307-5f52-ae76-a4f1c602f3e3,4e35b2c1-ab85-5900-aa54-9fe2bf062cf8,6,21,እኛ እንደ ደካሞች መስለን እንደ ነበርን፥ ይህን በውርደት እናገራለሁ፤ ነገር ግን ማንም በሚደፍርበት እኔ ደግሞ እደፍራለሁ።
483b6e6c-d481-5d2a-acfd-29de3d2c26b5,2aa22663-4307-5f52-ae76-a4f1c602f3e3,4e35b2c1-ab85-5900-aa54-9fe2bf062cf8,7,22,እነርሱ ዕብራውያን ቢሆኑ እኔም እንደ እነርሱ ነኝ፤ እነርሱ እስራኤላውያን ቢሆኑ እኔም እንደ እነርሱ ነኝ፤ እነርሱ የአብርሃም ልጆች ቢሆኑ እኔም እንደ እነርሱ ነኝ።
98d4d568-2428-5f7c-a7d3-21fbf0c8f0bc,2aa22663-4307-5f52-ae76-a4f1c602f3e3,4e35b2c1-ab85-5900-aa54-9fe2bf062cf8,8,23,እነርሱ የክርስቶስ አገልጋዮች ቢሆኑም እኔም እንደ ሰነፍ ለራሴ እናገራለሁ፤ እኔ እበልጣለሁ፤ እጅግም ደከምሁ፤ ብዙ ጊዜ ተገረፍሁ፤ ብዙ ጊዜም ታሰርሁ፤ ብዙ ጊዜም ለሞት ተዘጋጀሁ።
84844369-9fd7-5d63-a398-831906b7f0c2,2aa22663-4307-5f52-ae76-a4f1c602f3e3,4e35b2c1-ab85-5900-aa54-9fe2bf062cf8,9,24,አይሁድ አንዲት ስትቀር አምስት ጊዜ አርባ አርባ ገረፉኝ።
224bac6b-8a42-5cbc-a15e-8090d5d68805,2aa22663-4307-5f52-ae76-a4f1c602f3e3,4e35b2c1-ab85-5900-aa54-9fe2bf062cf8,10,25,ሦስት ጊዜ በበትር ደበደቡኝ፤ አንድ ጊዜ በድንጋይ መቱኝ፤ መርከቤ ሦስት ጊዜ ተሰበረች፤ በጥልቁ ባሕር ውስጥ ስዋኝ አድሬ፥ ስዋኝ ዋልሁ።
8b2726a0-999b-5322-a609-1497676f98c9,2aa22663-4307-5f52-ae76-a4f1c602f3e3,4e35b2c1-ab85-5900-aa54-9fe2bf062cf8,11,26,በመንገድ ዘወትር መከራ እቀበል ነበር፤ በወንዝም መከራ ተቀበልሁ፤ ወንበዴዎችም አሠቃዩኝ፤ ዘመዶችም አስጨነቁኝ፤ አሕዛብ መከራ አጸኑብኝ፤ በከተማ መከራ ተቀበልሁ፤ በበረሃም መከራ ተቀበልሁ፤ በባሕርም መከራ ተቀበልሁ፤ ሐሰተኞች መምህራን መከራ አጸኑብኝ።
b615e73f-fd66-5f60-a8dd-6a76e76ab8b3,2aa22663-4307-5f52-ae76-a4f1c602f3e3,4e35b2c1-ab85-5900-aa54-9fe2bf062cf8,12,27,በድካምና በጥረት፥ ብዙ ጊዜም ዕንቅልፍ በማጣት፥ በመራብና በመጠማት፥ አብዝቶም በመጾም፥ በብርድና በመራቆት ተቸገርሁ።
8e4e8f0b-b85b-5556-a8e5-06f0a4908525,2aa22663-4307-5f52-ae76-a4f1c602f3e3,4e35b2c1-ab85-5900-aa54-9fe2bf062cf8,13,28,የቀረውንም ነገር ሳልቈጥር ዕለት ዕለት የሚከብድብኝ የአብያተ ክርስቲያናት ሁሉ አሳብ ነው።
aaa38ecb-8f60-5d2e-abfd-c7e8952abe6d,2aa22663-4307-5f52-ae76-a4f1c602f3e3,4e35b2c1-ab85-5900-aa54-9fe2bf062cf8,14,29,ታሞ እኔ የማላዝንለት ማን ነው? በድሎስ እኔ የማልደነግጥለት ማን ነው?
c1a71457-f9e6-5869-aaa2-05360abbcf9b,2aa22663-4307-5f52-ae76-a4f1c602f3e3,4e35b2c1-ab85-5900-aa54-9fe2bf062cf8,15,30,መመካት የሚገባ ከሆነስ እኔም በመከራዬ እመካለሁ።
a8b23f28-f426-5da2-af95-02fdc3bf9e8c,2aa22663-4307-5f52-ae76-a4f1c602f3e3,4e35b2c1-ab85-5900-aa54-9fe2bf062cf8,16,31,ለዘለዓለም ቡሩክ አምላክ የሆነ የጌታችን የኢየሱስ ክርስቶስ አባት እግዚአብሔር ሐሰት እንደማልናገር ያውቃል።
8aa01488-b29c-5844-a450-c57d9a0c67dd,2aa22663-4307-5f52-ae76-a4f1c602f3e3,4e35b2c1-ab85-5900-aa54-9fe2bf062cf8,17,32,በደማስቆ ከተማ ከንጉሥ አርስጣስዮስ በታች የሆነ የአሕዛብ አለቃ ሊይዘኝ ወድዶ የደማስቆን ከተማ ያስጠብቅ ነበር።
1b1505bd-dcbd-5668-a722-f9c66bbe2ffb,2aa22663-4307-5f52-ae76-a4f1c602f3e3,4e35b2c1-ab85-5900-aa54-9fe2bf062cf8,18,33,በቅርጫትም አድርገው በመስኮቱ በኩል በአጥሩ ላይ አወረዱኝ፤ ከእጁም አመለጥሁ።
fa7a12a0-5d04-5352-ac7f-afd3b37c421a,e0cd4365-76ab-5bb5-ac73-bfb2b838d6b2,01682342-b4cd-5d43-a799-85fd52a9ce6a,1,1,እነሆ መመካት ይቻለኛል፤ ነገር ግን አይጠቅምም፤ ደግሞም ወደ ጌታ ራእይና መገለጥ እሄዳለሁ።
5bc7d0f8-8ee2-5330-a3f2-a6e19ad2f04a,e0cd4365-76ab-5bb5-ac73-bfb2b838d6b2,01682342-b4cd-5d43-a799-85fd52a9ce6a,2,2,በክርስቶስ ያመነ አንድ ሰው አውቃለሁ፤ ዘመኑ ከዐሥራ አራት ዓመት በፊት ነው፤ ነገር ግን በሥጋው ይሁን በነፍሱ እንጃ፥ እግዚአብሔር ያውቃል፤ ያን ሰው እስከ ሦስተኛው ሰማይ ድረስ ነጥቀው ወሰዱት።
1e8b2582-c5dc-5926-ae4e-55cc08bd9dd1,e0cd4365-76ab-5bb5-ac73-bfb2b838d6b2,01682342-b4cd-5d43-a799-85fd52a9ce6a,3,3,ያን ሰው አውቀዋለሁ፤ በሥጋው ይሁን በነፍሱ እንጃ እግዚአብሔር ያውቃል።
32b3396c-726c-5d78-aefd-84b7b652c618,e0cd4365-76ab-5bb5-ac73-bfb2b838d6b2,01682342-b4cd-5d43-a799-85fd52a9ce6a,4,4,ወደ ገነትም ነጥቀው ወሰዱት፤ በዚያም ሰው ሊናገረው የማይችለውን የማይተረጐም ነገር ሰማ።
21817e2e-898f-5473-a63c-2432ce0d581a,e0cd4365-76ab-5bb5-ac73-bfb2b838d6b2,01682342-b4cd-5d43-a799-85fd52a9ce6a,5,5,ስለዚህም እንደዚህ ባለው እመካለሁ፤ በመከራዬ እንጂ በራሴስ አልመካም።
9ce08010-f06e-5a64-ad6a-7f72df6726ed,e0cd4365-76ab-5bb5-ac73-bfb2b838d6b2,01682342-b4cd-5d43-a799-85fd52a9ce6a,6,6,ልመካ ብሻም አላዋቂ አይደለሁም፤ እውነቱን እናገራለሁና፤ ነገር ግን ስላዩኝና ስለ ሰሙኝ እንደምበልጥ አድርገው እንዳይጠራጠሩኝ ትቸዋለሁ።
a36b0bd2-1690-54d6-aac5-f643b556c418,e0cd4365-76ab-5bb5-ac73-bfb2b838d6b2,01682342-b4cd-5d43-a799-85fd52a9ce6a,7,7,ስለዚህም ቢሆን በብዙ ራእይ እንዳልታበይ ሰውነቴን የሚወጋ እርሱም የሚጐስመኝ የሰይጣን መልእክተኛ ተሰጠኝ።
e9eb868d-6a93-5867-a372-1679a9b28e86,e0cd4365-76ab-5bb5-ac73-bfb2b838d6b2,01682342-b4cd-5d43-a799-85fd52a9ce6a,8,8,ስለዚህም ከእኔ ያርቀው ዘንድ ጌታዬን ሦስት ጊዜ ማለድሁት።
c96102f0-6bfd-5d8a-a44f-e6dbaf18c86e,e0cd4365-76ab-5bb5-ac73-bfb2b838d6b2,01682342-b4cd-5d43-a799-85fd52a9ce6a,9,9,እርሱም፥ “ጸጋዬ ይበቃሀል፤ ኀይልስ በደዌ ያልቃል” አለኝ፤ የክርስቶስም ኀይል በእኔ ላይ ያድር ዘንድ በመከራዬ ልመካ ወደድሁ።
104ccb6e-e51e-5e03-a559-f2432eff6e5f,e0cd4365-76ab-5bb5-ac73-bfb2b838d6b2,01682342-b4cd-5d43-a799-85fd52a9ce6a,10,10,ስለዚህም ስለ ክርስቶስ መከራ መቀበልን፥ መሰደብን፥ መጨነቅን፥ መሰደድን፥ መቸገርንም ወደድሁ፤ መከራ በተቀበልሁ ጊዜ ወዲያውኑ እበረታለሁና።
8d3b7ab4-dc8c-5d9b-a6fa-e5c2aaca99ff,e0cd4365-76ab-5bb5-ac73-bfb2b838d6b2,89115582-b1f2-54da-a1a9-fb4b7bfe2de9,1,11,እነሆ እናንተ ስላገበራችሁኝ በመመካቴ ሰነፍ ሆንሁ፤ ለእኔማ በእናንተ ዘንድ ልከብርና እናንተም ምስክሮች ልትሆኑኝ ይገባኝ ነበር፤ እኔ እንደ ኢምንት ብሆንም ዋናዎቹ ሐዋርያት ሁሉ ከሠሩት ሥራ ያጐደልሁባችሁ የለምና።
dfd18a89-e138-5cf3-a78c-5b1f2a0242fc,e0cd4365-76ab-5bb5-ac73-bfb2b838d6b2,89115582-b1f2-54da-a1a9-fb4b7bfe2de9,2,12,የሐዋርያት ምልክትስ በፍጹም ትዕግሥትና በተአምራት፥ ድንቅ ሥራ በመሥራትና በኀይላት ተደርጎላችኋል።
ff907dda-4008-509f-a9e9-0e378f7ec18a,e0cd4365-76ab-5bb5-ac73-bfb2b838d6b2,89115582-b1f2-54da-a1a9-fb4b7bfe2de9,3,13,እከብድባችሁ ዘንድ ወደ እናንተ ካለመምጣቴ በቀር፥ ከአብያተ ክርስቲያናት ሁሉ ያሳነስኋችሁ በምንድን ነው? ይህቺን በደሌን ይቅር በሉኝ።
74d6d9f5-1585-56f7-aebb-edbc1c64a003,e0cd4365-76ab-5bb5-ac73-bfb2b838d6b2,89115582-b1f2-54da-a1a9-fb4b7bfe2de9,4,14,እነሆ ወደ እናንተ ልመጣ ስዘጋጅ ይህ ሦስተኛዬ ነው፤ ነገር ግን አልተፋጠንሁም ገንዘባችሁን ያይደለ፥ እናንተን እሻለሁና፤ ልጆች ለወላጆቻቸው ያይደለ ወላጆች ለልጆቻቸው ሊያከማቹ ይገባልና፤
da9bb403-1550-55f5-a8e6-9c577e508572,e0cd4365-76ab-5bb5-ac73-bfb2b838d6b2,89115582-b1f2-54da-a1a9-fb4b7bfe2de9,5,15,እኔ ግን እጥፍ ድርብ አወጣለሁ፤ ስለ ሕይወታችሁም ሰውነቴን አሳልፌ እሰጣለሁ፤ እናንተንም እጅግ ብወዳችሁ ራሴን ወደድሁ።
6e83d604-5694-5174-a937-9ecc291369d3,e0cd4365-76ab-5bb5-ac73-bfb2b838d6b2,89115582-b1f2-54da-a1a9-fb4b7bfe2de9,6,16,እኔ አልከበድሁባችሁም፤ ነገር ግን ምክር ዐዋቂ ሆኜ በመጠበብ ወሰድኋችሁ።
594111fc-297f-5490-a2d4-108c5bf97e4d,e0cd4365-76ab-5bb5-ac73-bfb2b838d6b2,89115582-b1f2-54da-a1a9-fb4b7bfe2de9,7,17,በውኑ ይህን አድርጉልኝ ብዬ ወደ እናንተ የላክሁት መልእክት አለን? ወይስ የቀማኋችሁ ነገር አለን? እንጃ።
58bc442c-72c6-5ff8-ad32-77976f1ba84b,e0cd4365-76ab-5bb5-ac73-bfb2b838d6b2,89115582-b1f2-54da-a1a9-fb4b7bfe2de9,8,18,እነሆ ቲቶን ማለድሁት፤ ከእርሱም ጋር ሌላውን ወንድማችንን ላክሁት፤ በውኑ ቲቶ የበደላችሁ በደል አለን? በእርሱ በአደረው መንፈስ የምንመላለስ፥ እርሱም የሄደበትን ፍለጋ የምንከተል አይደለንምን?
8180a55c-0a54-5026-a08d-62caad0e578a,e0cd4365-76ab-5bb5-ac73-bfb2b838d6b2,89115582-b1f2-54da-a1a9-fb4b7bfe2de9,9,19,እኛስ ደግሞ ስለ ራሳችን የምንከራከራችሁ ይመስላችኋልን? በእግዚአብሔር ፊት በክርስቶስ ሆነን እንናገራለን፤ ወንድሞቻችን ሆይ፥ ይህ ሁሉ ግን እናንተ ትታነጹ ዘንድ ነው።
bcbb615d-cd5c-5445-a4b9-dfb124337a0c,e0cd4365-76ab-5bb5-ac73-bfb2b838d6b2,89115582-b1f2-54da-a1a9-fb4b7bfe2de9,10,20,ነገር ግን ወደ እናንተ በመጣሁ ጊዜ እንደምወደው ሆናችሁ ያላገኘኋችሁ እንደ ሆነ፤ እኔም እንደማትወዱት እሆንባችኋለሁ ብዬ እፈራለሁ፤ ወይም እኮ በመካከላችሁ ክርክር፥ ኵራት፥ መቀናናት፥ መበሳጨት፥ መዘባበት፥ ወይም መተማማት፥ መታወክ፥ ወይም ልብን ማስታበይ ይኖር ይሆናል።
f2198d4a-4aea-50a7-a386-f56dcc863010,e0cd4365-76ab-5bb5-ac73-bfb2b838d6b2,89115582-b1f2-54da-a1a9-fb4b7bfe2de9,11,21,ወይም እንደ ገና ወደ እናንተ በመጣሁ ጊዜ በእናንተ ምክንያት እግዚአብሔር ያሳዝነኝ ይሆናል፤ በድለው ንስሓ ላልገቡም ስለ ርኵስነታቸውና ስለ መዳራታቸው፥ ስለሚሠሩት ዝሙታቸውም ለብዙዎች አዝን ይሆናል።
f99a18e9-6cdd-5549-a6fd-1e38e2c4b309,9bc9c397-027b-5803-ae91-77f95d2e9e70,f958e24f-b046-55e0-a3fc-1fd096e03875,1,1,ወደ እናንተ ስመጣ እነሆ ይህ ሦስተኛዬ ነው፤ ነገር ሁሉ፥ በሁለት ወይም በሦስት ምስክር አፍ የሚጸና አይደለምን?
6eef1562-c8a3-52d7-a161-352fa6d66ab2,9bc9c397-027b-5803-ae91-77f95d2e9e70,f958e24f-b046-55e0-a3fc-1fd096e03875,2,2,ጥንቱን አስቀድሜ ተናግሬአለሁ፤ አሁንም አስቀድሜ እናገራለሁ፤ ቀድሞ ከእናንተ ጋር ሳለሁ እንደ ነገርሁአችሁ፥ አስቀድሞ ለበደሉ፥ ለሌሎችም ሁሉ እንደ ገና የመጣሁ እንደ ሆነ ርኅራኄ እንዳላደርግ፥ እንዲሁ ሳልኖር ለሦስተኛ ጊዜ እናገራለሁ፥
3374f110-a633-5c6b-a386-1d0bc0f7a6d0,9bc9c397-027b-5803-ae91-77f95d2e9e70,f958e24f-b046-55e0-a3fc-1fd096e03875,3,3,ክርስቶስ በእኔ አድሮ እንደሚናገር ማስረጃ ትሻላችሁና፤ እርሱም ሁሉ የሚቻለው ነው እንጂ፥ በእናንተ ዘንድ የሚሳነው የለም።
5dd57918-16c5-5659-a681-136d93726b8f,9bc9c397-027b-5803-ae91-77f95d2e9e70,f958e24f-b046-55e0-a3fc-1fd096e03875,4,4,በድካም ተሰቅሎአልና፤ በእግዚአብሔርም ኀይል ሕያው ነውና፤ እኛም ከእርሱ ጋር እንደክማለንና፤ ነገር ግን ስለ እናንተ በሚሆን በእግዚአብሔር ኀይል ከእርሱ ጋር በሕይወት እንኖራለን።
c101f84d-9a02-5368-a4a1-9d4391d595c5,9bc9c397-027b-5803-ae91-77f95d2e9e70,f958e24f-b046-55e0-a3fc-1fd096e03875,5,5,በሃይማኖት ጸንታችሁ እንደ ሆነ ራሳችሁን መርምሩ፤ እናንተ ራሳችሁን ፈትኑ፤ ኢየሱስ ክርስቶስ ከእናንተ ጋር እንዳለ አታውቁምን? እንዲህ ካልሆነ ግን እናንተ የተናቃችሁ ናችሁ።
b8e1f21d-997a-5bfe-aafb-4769203b7fee,9bc9c397-027b-5803-ae91-77f95d2e9e70,f958e24f-b046-55e0-a3fc-1fd096e03875,6,6,እኛም ብንሆን የተናቅን እንዳይደለን እንደምታውቁ እኔ አምናለሁ።
96dd5d79-cbaf-51da-aa9a-65db626598fa,9bc9c397-027b-5803-ae91-77f95d2e9e70,f958e24f-b046-55e0-a3fc-1fd096e03875,7,7,ምንም ክፉ ሥራ እንዳትሠሩ ወደ እግዚአብሔር እንጸልያለን፤ መልካም ነገር እንድታደርጉ ብቻ ነው እንጂ እኛ ደጎች ልንባል አይደለም፤ እኛም እንደ ተናቁ ሰዎች እንሆናለን።
8bcacd62-910d-56da-a1ae-03bc2c07372e,9bc9c397-027b-5803-ae91-77f95d2e9e70,f958e24f-b046-55e0-a3fc-1fd096e03875,8,8,ለዕውነት ጸንተን እንኖራለን እንጂ፤ ከዕውነት መውጣት አንችልምና።
2c80398e-bb93-5efe-aa95-6912796b3c66,9bc9c397-027b-5803-ae91-77f95d2e9e70,f958e24f-b046-55e0-a3fc-1fd096e03875,9,9,እናንተ ትበረቱ ዘንድ እኛ ስንደክም ደስ ይለናል። ጸሎታችንም እናንተ ፍጹማን ትሆኑ ዘንድ ነው።
f4843a41-ff71-50f7-a72f-d808cad61729,9bc9c397-027b-5803-ae91-77f95d2e9e70,58ef6e3a-3e0b-5d53-aabf-3f0bb4865ca7,1,10,ስለዚህም እግዚአብሔር ለማፍረስ ያይደለ ለማነጽ በሰጠን ሥልጣን ወደ እናንተ በመጣሁ ጊዜ ቍርጥ ነገር እንዳላደርግባችሁ፥ ሥልጣን እንዳለው ሰው ከእናንተ ጋር ሳልኖር ይህን እጽፋለሁ።
46f2560d-333e-5708-a2ea-4af557c289e1,9bc9c397-027b-5803-ae91-77f95d2e9e70,58ef6e3a-3e0b-5d53-aabf-3f0bb4865ca7,2,11,ወድሞቻችን ሆይ፥ እንግዲህ ደስ ይበላችሁ፤ ጽኑ፤ ታገሡ፤ በአንድ ልብም ሁኑ፤ በሰላም ኑሩ፤ የሰላምና የፍቅር አምላክም ከእናንተ ጋር ይሁን።
4736e16f-5af8-5c45-ad35-0104a9576c0d,9bc9c397-027b-5803-ae91-77f95d2e9e70,58ef6e3a-3e0b-5d53-aabf-3f0bb4865ca7,3,12,በተቀደሰ ሰላምታ እርስ በርሳችሁ ሰላም ተባባሉ፤ ቅዱሳን ሁሉ እንዴት ናችሁ? ይሏችኋል።
3d92b59b-f3e3-50d3-a829-2fb729e887e3,9bc9c397-027b-5803-ae91-77f95d2e9e70,58ef6e3a-3e0b-5d53-aabf-3f0bb4865ca7,4,13,የጌታችን የኢየሱስ ክርስቶስ ጸጋ፥ የእግዚአብሔር ፍቅር፥ የመንፈስ ቅዱስም አንድነት ከሁላችሁ ጋር ይሁን። አሜን።
de4369d3-19fa-58b9-a792-1137709a4ee0,49a34cd1-113d-5da9-a620-71ec4551af4d,ab1bcb41-8127-5cfe-a604-eb338d38a636,1,1,በጌታችን በኢየሱስ ክርስቶስና ከሙታን ለይቶ በአስነሣው በእግዚአብሔር አብ ነው እንጂ ከሰዎች ወይም በሰው ሐዋርያ ካልሆነ ከጳውሎስ፥
6ddaa06d-08e2-563a-ae44-3192e4d7e7eb,49a34cd1-113d-5da9-a620-71ec4551af4d,ab1bcb41-8127-5cfe-a604-eb338d38a636,2,2,አብረውኝ ካሉ ከወንድሞቻችንም፥ በገላትያ ላሉ አብያተ ክርስቲያን፤
bb59df1b-fc13-502a-a6f4-3b219a5972c8,49a34cd1-113d-5da9-a620-71ec4551af4d,ab1bcb41-8127-5cfe-a604-eb338d38a636,3,3,ከአባታችን ከእግዚአብሔር፥ ከጌታችን ከኢየሱስ ክርስቶስም ሰላምና ጸጋ ለእናንተ ይሁን።
8d753355-8ea4-584b-ac2f-78dd0865f1e3,49a34cd1-113d-5da9-a620-71ec4551af4d,ab1bcb41-8127-5cfe-a604-eb338d38a636,4,4,በክፉ ከሚቃወም ከዚህ ዓለም ያድነን ዘንድ በአባታችን በእግዚአብሔር ፈቃድ ስለ ኀጢአታችን ራሱን አሳልፎ ሰጠ።
652d6fc4-ede2-5a51-aa4a-396a15aaeaa4,49a34cd1-113d-5da9-a620-71ec4551af4d,ab1bcb41-8127-5cfe-a604-eb338d38a636,5,5,ለእርሱ ክብር ይሁን፤ ከዘለዓለም እስከ ዘለዓለም አሜን።
43ac6d7d-ab94-53a0-abb1-45de2b392276,49a34cd1-113d-5da9-a620-71ec4551af4d,ab1bcb41-8127-5cfe-a604-eb338d38a636,6,6,በጸጋዉ የጠራችሁን ክርስቶስን ከማመን ወደ ልዩ ወንጌል እንዴት ፈጥነው እንዳስወጧችሁ አደንቃለሁ።
75a7344a-58a7-531c-ab3b-025129fdd46b,49a34cd1-113d-5da9-a620-71ec4551af4d,ab1bcb41-8127-5cfe-a604-eb338d38a636,7,7,እርሱ ግን ሌላ አይደለም፤ የሚያውኳችሁ ከክርስቶስም ወንጌል ሊያጣምሙ የሚወዱ አሉ እንጂ።
01640631-261f-55bf-ae3c-73db3da5c6e2,49a34cd1-113d-5da9-a620-71ec4551af4d,ab1bcb41-8127-5cfe-a604-eb338d38a636,8,8,እናንተ ግን የእኛን ፍለጋ ተከተሉ፤ እናንተስ እኛም ብንሆን ወይም መልአክ ከሰማይ ወርዶ እኛ ካስተማርናችሁ ወንጌል ሌላ ቢሰብክላችሁ ውጉዝ ይሁን።
ef945c7b-30f5-51af-a36c-ed06a568f6c0,49a34cd1-113d-5da9-a620-71ec4551af4d,ab1bcb41-8127-5cfe-a604-eb338d38a636,9,9,አስቀድሜ እንደ አልሁ አሁንም ደግሞ እላለሁ፦ ካስተማርናችሁ ሌላ ትምህርት ያስተማራችሁ ቢኖር ውጉዝ ይሁን።
d3287624-e1c4-50c3-abef-14fe579ca594,49a34cd1-113d-5da9-a620-71ec4551af4d,ab1bcb41-8127-5cfe-a604-eb338d38a636,10,10,አሁንስ ለእግዚአብሔር ያይደለ ለሰው ብዬ አስተምራለሁን? ወይስ ሰውን ደስ አሰኛለሁን? ሰውን ደስ ላሰኝ ብወድስ የክርስቶስ ባሪያ አይደለሁም።
fadc6822-ee33-5400-ac7c-b466c662a447,49a34cd1-113d-5da9-a620-71ec4551af4d,dab84a62-0c07-5443-aa81-613184373384,1,11,ወንድሞቻችን ሆይ፥ ያስተማርኋችሁ ወንጌል ስለ ሰው እንዳይደለ አስታውቃችኋለሁ።
f649819d-5067-5566-a2e0-702b5e6d1ef9,49a34cd1-113d-5da9-a620-71ec4551af4d,dab84a62-0c07-5443-aa81-613184373384,2,12,ጌታ ኢየሱስ ክርስቶስ ገለጠልኝ እንጂ፥ እኔ ከሰው አልተቀበልሁትም፤ አልተማርሁትምም።
76a945d3-ec96-51c3-a299-fd50755d4a31,49a34cd1-113d-5da9-a620-71ec4551af4d,dab84a62-0c07-5443-aa81-613184373384,3,13,በአይሁድ ሥርዐት ውስጥ በነበርሁ ጊዜ፥ የነበረውን የቀድሞ ሥራዬን ሰምታችኋል፤ የእግዚአብሔርን ቤተ ክርስቲያን እጅግ አሳድድና መከራ አጸናባቸው ነበር።
9cc3aa59-d525-5ed9-a28b-4f91da30a257,49a34cd1-113d-5da9-a620-71ec4551af4d,dab84a62-0c07-5443-aa81-613184373384,4,14,ለአባቶች ሥርዐት እጅግ ቀናተኛ ነበርሁና በወገኖች ዘንድ ከጓደኞች ሁሉ በአይሁድ ዘንድ እጅግ ከበርሁ።
6855522a-7e4c-5538-a0ae-40777ed81e73,49a34cd1-113d-5da9-a620-71ec4551af4d,dab84a62-0c07-5443-aa81-613184373384,5,15,ከእናቴ ማኅፀን ለይቶ ያወጣኝ እግዚአብሔር በወደደ ጊዜ በጸጋው ጠራኝ።
2ca62e0c-e296-5761-a3e9-3deaa9bd598f,49a34cd1-113d-5da9-a620-71ec4551af4d,dab84a62-0c07-5443-aa81-613184373384,6,16,በስሙም ለአሕዛብ ወንጌልን አስተምር ዘንድ፥ በእጄም የልጁ ክብር ይታወቅ ዘንድ ልጁን ገለጠልኝ፤ ያንጊዜም ከሥጋዊና ከደማዊ ሰው ጋር አልተማከርሁም።
ab53c3d6-6d5e-5002-a131-f9e4c50143bb,49a34cd1-113d-5da9-a620-71ec4551af4d,dab84a62-0c07-5443-aa81-613184373384,7,17,ከእኔ በፊት ወደ ነበሩት ወደ ሐዋርያትም ወደ ኢየሩሳሌም አልወጣሁም፤ ነገር ግን ወደ ዐረብ ሀገር ሄድሁ፤ ዳግመኛም ወደ ደማስቆ ተመለስሁ።
41d6c897-b3ea-5888-aed8-4d2fa3aafaf2,49a34cd1-113d-5da9-a620-71ec4551af4d,d85115ba-0697-5e81-ac5a-88f747fa12d9,1,18,ከሦስት ዓመት በኋላ ግን ኬፋን ላየው ወደ ኢየሩሳሌም ወጣሁ፤ በእርሱ ዘንድም ዐሥራ አምስት ቀን ሰነበትሁ።
4a506306-95c0-5b89-a353-1310176f984e,49a34cd1-113d-5da9-a620-71ec4551af4d,d85115ba-0697-5e81-ac5a-88f747fa12d9,2,19,ነገር ግን የጌታችን ወንድም ያዕቆብን እንጂ ከሐዋርያት ሌላ አላየሁም።
9d4606bb-5845-512b-a656-5525f8ee5d04,49a34cd1-113d-5da9-a620-71ec4551af4d,d85115ba-0697-5e81-ac5a-88f747fa12d9,3,20,ስለምጽፍላችሁም ነገር እነሆ፥ በእግዚአብሔር ፊት ሐሰት አልናገርም።
590c90e0-012d-518c-ab84-81fe72d1fa02,49a34cd1-113d-5da9-a620-71ec4551af4d,d85115ba-0697-5e81-ac5a-88f747fa12d9,4,21,ከዚህም በኋላ ወደ ሶርያና ወደ ቂልቅያ አውራጃ መጣሁ።
cc1d60ac-4b17-5f7d-a098-06b7f3827ca7,49a34cd1-113d-5da9-a620-71ec4551af4d,d85115ba-0697-5e81-ac5a-88f747fa12d9,5,22,በክርስቶስም ያሉት የይሁዳ ሀገር ማኅበረ ክርስቲያን ፊቴን አያውቁም ነበር።
a0de400e-97c2-5587-a1a0-de7c4abaad9a,49a34cd1-113d-5da9-a620-71ec4551af4d,d85115ba-0697-5e81-ac5a-88f747fa12d9,6,23,ነገር ግን “ቀድሞ ምእመናንን ያሳድድ የነበረው እርሱ በፊት ያጠፋው የነበረውን የሃይማኖት ትምህርት ዛሬ ይሰብካል” ሲባል ወሬዬን ይሰሙ ነበር።
c538d176-4cb1-5e9f-ae97-728f5014cec2,49a34cd1-113d-5da9-a620-71ec4551af4d,d85115ba-0697-5e81-ac5a-88f747fa12d9,7,24,ስለ እኔም እግዚአብሔርን ያመሰግኑት ነበር።
5a9abf0d-df40-52ab-ad5c-bf3e8ffba8c4,b322de51-d2f5-5006-a6f6-6557f058d18b,2af3fc39-f4c6-59b9-a42c-196cced622df,1,1,ከዐሥራ አራት ዓመትም በኋላ ከበርናባስ ጋር እንደ ገና ወደ ኢየሩሳሌም ወጣሁ፤ ቲቶንም ይዠው ሄድሁ።
5cf39f09-fa07-5b57-a13f-c9af5ff0ecdd,b322de51-d2f5-5006-a6f6-6557f058d18b,2af3fc39-f4c6-59b9-a42c-196cced622df,2,2,እንደ ተገለጠልኝም ወጣሁ፤ በከንቱ እንዳልሮጥ፥ ወይም በከንቱ ሮጬ እንዳልሆነ፥ በአሕዛብ መካከል የምሰብከውን ወንጌል አለቆች መስለው ለሚታዩት አስታወቅኋቸው።
d470c745-7b92-538f-a100-ce58c420a862,b322de51-d2f5-5006-a6f6-6557f058d18b,2af3fc39-f4c6-59b9-a42c-196cced622df,3,3,አብሮኝ የነበረው ቲቶም አረማዊ ሲሆን እንዲገዘር ግድ አላልሁትም።
8514be1f-99cc-599c-a4a3-fffa18199b88,b322de51-d2f5-5006-a6f6-6557f058d18b,2af3fc39-f4c6-59b9-a42c-196cced622df,4,4,ይኸውም ባሪያዎች ያደርጉን ዘንድ በኢየሱስ ክርስቶስ ያገኘናትን ነጻነት ሊሰልሉ በስውር ወደ እኛ የገቡ ሐሰተኞች መምህራንን ደስ አይበላቸው ብዬ ነው።
7d753f65-6ba9-56a0-a00e-0e524e1dcab5,b322de51-d2f5-5006-a6f6-6557f058d18b,2af3fc39-f4c6-59b9-a42c-196cced622df,5,5,ለምንም ይሆናሉ ብለን የማናስባቸው ናቸው፤ እውነተኛው ትምህርት በእናንተ ይጸና ዘንድ አንዲት ሰዓትም እንኳ አልተገዛንላቸውም።
f586d190-0d7d-5a31-aae9-be03796b0a4a,b322de51-d2f5-5006-a6f6-6557f058d18b,2af3fc39-f4c6-59b9-a42c-196cced622df,6,6,አለቆች የመሰሉት ግን ቀድሞ እነርሱ እንዴት እንደ ነበሩ ልናገር አያገደኝም፤ እግዚአብሔር ለሰው ፊት አያዳላምና፤ አለቆች የመሰሉትም ከራሳቸው ምንም ነገር የጨመሩልኝ የለምና።
be32d748-be43-55a3-aae1-6e39c6f0a2d2,b322de51-d2f5-5006-a6f6-6557f058d18b,2af3fc39-f4c6-59b9-a42c-196cced622df,7,7,የጴጥሮስ ትምህርት በተገዘሩ በአይሁድ ዘንድ እንደ ታመነለት፥ የእኔም ትምህርት ባልተገዘሩ በአሕዛብ ዘንድ እንደ ታመነ ዐውቀዋል እንጂ።
4b4f8d86-8d65-5a73-a93b-065dbc06ba9c,b322de51-d2f5-5006-a6f6-6557f058d18b,2af3fc39-f4c6-59b9-a42c-196cced622df,8,8,ወደ ተገዘሩ አይሁድ በተላከ ጊዜ ጴጥሮስን የረዳው እርሱ እኔንም ባልተገዘሩ አሕዛብ ዘንድ ረዳኝ።
8a9d6b35-ef33-5065-a800-a7cc199eede6,b322de51-d2f5-5006-a6f6-6557f058d18b,2af3fc39-f4c6-59b9-a42c-196cced622df,9,9,የሰጠኝንም ጸጋ ዐውቀው አዕማድ የሚሏቸው ያዕቆብና ኬፋ፥ ዮሐንስም እኛ ወደ አሕዛብ፥ እነርሱም ወደ አይሁድ እንድንሄድ ለእኔና ለበርናባስ ቀኝ እጃቸውን ሰጡን።
ef897303-6328-581a-ae60-50bc17c38a33,b322de51-d2f5-5006-a6f6-6557f058d18b,2af3fc39-f4c6-59b9-a42c-196cced622df,10,10,ይልቁንም ነዳያንን እንድናስባቸው ነው፤ ስለዚህም ይህን ነገር ልፈጽመው ተጋሁ።
e8b8cc23-070a-5fee-a703-638e9f4339ee,b322de51-d2f5-5006-a6f6-6557f058d18b,a233ba77-cd69-5bab-a1df-a0cf1d7d5f0c,1,11,ነገር ግን ኬፋ ወደ አንጾኪያ በመጣ ጊዜ ፊት ለፊት ተቃወምሁት፤ ነቅፈውት ነበርና።
ec1d8940-088a-5063-a3df-d92c61dbf91a,b322de51-d2f5-5006-a6f6-6557f058d18b,a233ba77-cd69-5bab-a1df-a0cf1d7d5f0c,2,12,ሰዎች ከያዕቆብ ዘንድ ከመምጣታቸው በፊት፥ ከአረማውያን ጋር ይበላ ነበርና፥ በመጡ ጊዜ ግን ተለያቸው፤ ከአይሁድ ወገን የሆኑትን ፈርቶአልና።
1fa46f12-7276-50c7-a61b-3582ab3d0505,b322de51-d2f5-5006-a6f6-6557f058d18b,a233ba77-cd69-5bab-a1df-a0cf1d7d5f0c,3,13,ከአይሁድ ወገንም ወደዚህ ግብር የተመለሱ ብዙዎች ነበሩ፤ በርናባስም እንኳ በግብዝነታቸው ተባበረ።
e2d5dd00-f624-5706-a58c-9a6e64b44650,b322de51-d2f5-5006-a6f6-6557f058d18b,a233ba77-cd69-5bab-a1df-a0cf1d7d5f0c,4,14,ነገር ግን ወደ እውነተኛው ወንጌል እግራቸውን እንዳላቀኑ ባየሁ ጊዜ፥ በሰው ሁሉ ፊት ኬፋን እንዲህ አልሁት፥ “አንተ አይሁዳዊ ስትሆን በአይሁድ ሥርዐት ያይደለ፥ በአረማውያን ሥርዐት የምትኖር ከሆነ እንግዲህ አይሁድ እንዲሆኑ አረማውያንን ለምን ታስገድዳቸዋለህ?”
5be3cabc-fbc5-5e23-ad65-e86a6ae699cf,b322de51-d2f5-5006-a6f6-6557f058d18b,a233ba77-cd69-5bab-a1df-a0cf1d7d5f0c,5,15,እኛ በትውልዳችን አይሁድ ነን፤ ኀጢአተኞች የሆኑ አሕዛብም አይደለንም።
ff7f1534-900b-5280-a49c-d128100ad52c,b322de51-d2f5-5006-a6f6-6557f058d18b,a233ba77-cd69-5bab-a1df-a0cf1d7d5f0c,6,16,ሰው በኢየሱስ ክርስቶስ በማመን እንጂ የኦሪትን ሥራ በመሥራት እንደማይጸድቅ እናውቃለንና፤ እኛም የኦሪትን ሥራ በመሥራት ሳይሆን በእርሱ በማመናችን እንጸድቅ ዘንድ በኢየሱስ ክርስቶስ አምነናል፤ ሰው ሁሉ በኦሪት ሥራ አይጸድቅምና።
537a00e6-793a-521b-aea3-abd19ca10812,b322de51-d2f5-5006-a6f6-6557f058d18b,a233ba77-cd69-5bab-a1df-a0cf1d7d5f0c,7,17,በክርስቶስ ልንጸድቅ የምንሻ እኛ እንደ ኀጢአተኞች ከሆን እንግዲህ ክርስቶስ የኀጢአት አገልጋይ መሆኑ ነውን? አይደለም።
df9d184a-1d6a-55ba-a064-e3179f46fe69,b322de51-d2f5-5006-a6f6-6557f058d18b,a233ba77-cd69-5bab-a1df-a0cf1d7d5f0c,8,18,ያን ያፈረስሁትን መልሼ የማንጽ ከሆነ ራሴን ሕግ አፍራሽ አደረግሁ።
8d73a9c3-cba8-57b3-aace-462dadfa9b51,b322de51-d2f5-5006-a6f6-6557f058d18b,a233ba77-cd69-5bab-a1df-a0cf1d7d5f0c,9,19,እኔስ ለእግዚአብሔር ሕያው ሆኜ በሁለተኛው ሕግ እኖር ዘንድ ከቀደመው ሕግ ተለየሁ።
460cf901-47ab-5243-aefa-7f09fcb73eeb,b322de51-d2f5-5006-a6f6-6557f058d18b,a233ba77-cd69-5bab-a1df-a0cf1d7d5f0c,10,20,ከክርስቶስ ጋርም ተሰቀልሁ፤ ሕይወቴም አለቀች፤ ነገር ግን በክርስቶስ ሕይወት አለሁ፤ ዛሬም በሥጋዬ የምኖረውን ኑሮ የወደደኝን ስለ እኔም ራሱን አሳልፎ የሰጠውን የእግዚአብሔርን ልጅ በማመን እኖራለሁ።
80f73280-d0fc-5333-aecc-d4089d362356,b322de51-d2f5-5006-a6f6-6557f058d18b,a233ba77-cd69-5bab-a1df-a0cf1d7d5f0c,11,21,የእግዚአብሔርንም ጸጋ አልክድም፤ የኦሪትን ሥራ በመሥራት የሚጸድቁ ከሆነ እንኪያስ ክርስቶስ በከንቱ ሞተ።
0fc3aac2-3e4a-5bed-abd2-da1a19a53ac3,bd26e719-723f-5ea5-a077-cf69ebdca7b0,df7bd578-8908-5100-a277-8c96376e0e5b,1,1,እናንተ ሰነፎች የገላትያ ሰዎች ሆይ፥ ለዐይን በሚታየው እውነት እንዳታምኑ ማን አታለላችሁ? እርሱም እንዲሰቀል አስቀድሞ የተጻፈለት ኢየሱስ ክርስቶስ ነው።
c8acc661-5c93-5c2b-a3a2-e7a6f6d3e222,bd26e719-723f-5ea5-a077-cf69ebdca7b0,df7bd578-8908-5100-a277-8c96376e0e5b,2,2,በእናንተ ዘንድ ይህን ብቻ ላውቅ እወድዳለሁ፤ መንፈስ ቅዱስን የተቀበላችሁ የኦሪትን ሥራ በመሥራት ነውን? ወይስ ሃይማኖትን በመስማት?
787aa49a-6eb7-57ce-a13c-4a41cf895a7f,bd26e719-723f-5ea5-a077-cf69ebdca7b0,df7bd578-8908-5100-a277-8c96376e0e5b,3,3,እንዲህን ሰነፎች ናችሁን? የመንፈስ ቅዱስን ሥራ ከጀመራችሁ በኋላ የሥጋን ሕግ ልትሠሩ ትመለሳላችሁን?
6438bef9-5adf-5e9d-a700-6b2aee83f4c7,bd26e719-723f-5ea5-a077-cf69ebdca7b0,df7bd578-8908-5100-a277-8c96376e0e5b,4,4,ይህን ያህል መከራ ተቀብላችሁ፥ ለከንቱ አደረጋችሁት።
dd9f8209-e1ce-54da-a262-99c2dc62df04,bd26e719-723f-5ea5-a077-cf69ebdca7b0,df7bd578-8908-5100-a277-8c96376e0e5b,5,5,እርሱ መንፈስ ቅዱስን የሚሰጣችሁ፥ ኀይልንም የሚያደርግላችሁ የኦሪትን ሥራ በመሥራት ነውን? ወይስ ሃይማኖትን በመስማት ነው?
f2921c72-c9c9-5065-ae5e-7db3fb0b9b90,bd26e719-723f-5ea5-a077-cf69ebdca7b0,ae257d18-68b1-5e83-adbe-aa3c7b1df3d6,1,6,አብርሃም በእግዚአብሔር እንደ አመነ፥ ጽድቅም ሆኖ እንደ ተቈጠረለት፥
7039441d-e29d-5c8a-a363-71765e8896c5,bd26e719-723f-5ea5-a077-cf69ebdca7b0,ae257d18-68b1-5e83-adbe-aa3c7b1df3d6,2,7,እንግዲህ ያመኑት የአብርሃም ልጆች እንደ ሆኑ ታውቃላችሁ።
35aa3049-c736-5d1c-a8c8-3cc0abd0f350,bd26e719-723f-5ea5-a077-cf69ebdca7b0,ae257d18-68b1-5e83-adbe-aa3c7b1df3d6,3,8,እግዚአብሔር አሕዛብን በእምነት እንደሚያጸድቃቸው መጽሐፍ አስቀድሞ ገልጦአልና፤ አሕዛብም ሁሉ በእርሱ እንዲባረኩ እግዚአብሔር አስቀድሞ ለአብርሃም ተስፋ ሰጠው።
cd000fa8-ab93-5bb3-af85-dcdeaae5d392,bd26e719-723f-5ea5-a077-cf69ebdca7b0,ae257d18-68b1-5e83-adbe-aa3c7b1df3d6,4,9,አሁንም የሚያምኑ ከአመነው ከአብርሃም ጋር ይባረካሉ።
f471505b-00a6-5d58-a8cd-54471919fb0b,bd26e719-723f-5ea5-a077-cf69ebdca7b0,ae257d18-68b1-5e83-adbe-aa3c7b1df3d6,5,10,በኦሪት ሕግ ያሉ ሁሉ በእርግማን ውስጥ ይኖራሉ፤ መጽሐፍ እንዲህ ብሎአልና፥ “በዚህ በኦሪት መጽሐፍ ውስጥ የተጻፈውን ሁሉ የማይፈጽምና የማይጠብቅ ርጉም ይሁን።”
d824efaa-9977-543e-a2c0-d66371f27def,bd26e719-723f-5ea5-a077-cf69ebdca7b0,ae257d18-68b1-5e83-adbe-aa3c7b1df3d6,6,11,የኦሪትን ሥራ በመሥራትስ በእግዚአብሔር ዘንድ እንደማይጸድቁ ይታወቃል፤ “ጻድቅ ግን በእምነት ይድናል” ተብሎ ተጽፎአል።
944956ba-054b-547b-abed-ca5f3c95bfb6,bd26e719-723f-5ea5-a077-cf69ebdca7b0,ae257d18-68b1-5e83-adbe-aa3c7b1df3d6,7,12,ኦሪትስ ሠርቶ የፈጸመ ይኖርበታል እንጂ በእምነት የሚያጸድቅ አይደለም።
527d174d-cf41-5d8e-ab91-d6d11fe93f82,bd26e719-723f-5ea5-a077-cf69ebdca7b0,ae257d18-68b1-5e83-adbe-aa3c7b1df3d6,8,13,እኛንስ ክርስቶስ ስለ እኛ የኦሪትን መርገም በመሸከሙ ከኦሪት መርገም ዋጅቶናል፤ መጽሐፍ እንዲህ ብሎአልና፥ “በእንጨት ላይ የተሰቀለ ሁሉ ርጉም ነው።”
3fd01a54-c82a-5221-a85b-2888a5f4d0f4,bd26e719-723f-5ea5-a077-cf69ebdca7b0,ae257d18-68b1-5e83-adbe-aa3c7b1df3d6,9,14,እኛ በክርስቶስ አምነን የመንፈስ ቅዱስን ተስፋ እንድናገኝ የአብርሃም በረከት በኢየሱስ ክርስቶስ ወደ አሕዛብ ይመለስ ዘንድ።
4d8ec7fa-a5d0-53d5-a73a-e7ae1bfdb89a,bd26e719-723f-5ea5-a077-cf69ebdca7b0,81538a6d-d273-5986-a6ad-0ea3f3ae913c,1,15,ወንድሞች ሆይ፥ እንደ ሰው ልማድ እንናገራለን፤ ሰውም እንኳን የጸናውን ኪዳን አይንቅም አይጨምርበትምም።
f6a80e9a-97c4-54c8-a6d6-fd0d60b7c4c9,bd26e719-723f-5ea5-a077-cf69ebdca7b0,81538a6d-d273-5986-a6ad-0ea3f3ae913c,2,16,እግዚአብሔርም ለአብርሃም፥ “ለአንተና ለዘርህ” ብሎ ተስፋ ሰጠው፤ ለብዙዎች እንደሚናገር አድርጎ ለአንተና ለዘሮችህ አላለውም፤ ለአንድ እንደሚናገር አድርጎ፥ “ለዘርህ” አለው እንጂ ይኸውም ክርስቶስ ነው።
c48da8e3-8aa7-5fa2-a3b4-707b39fd071f,bd26e719-723f-5ea5-a077-cf69ebdca7b0,81538a6d-d273-5986-a6ad-0ea3f3ae913c,3,17,እንግዲህ እንዲህ እላለሁ፦ ከእግዚአብሔር የተሰጠ ይህ ኪዳን ጽኑዕ ነው፤ ከዚህም በኋላ በአራት መቶ ሠላሳ ዓመት ኦሪት መጣች፤ ነገር ግን እግዚአብሔር የሰጠውን ተስፋ ልትከለክል አይደለም።
eaec339b-64e9-5356-acbe-12eb4d92caa0,bd26e719-723f-5ea5-a077-cf69ebdca7b0,81538a6d-d273-5986-a6ad-0ea3f3ae913c,4,18,መውረስ የኦሪትን ሕግ በመሥራት ከሆነ እንግዲህ በሰጠው ተስፋ አይደለማ፤ እነሆ እግዚአብሔር አስቀድሞ ለአብርሃም ተስፋውን ሰጠው።
3046ba73-db3f-55ce-ae38-bcbcf041de3a,bd26e719-723f-5ea5-a077-cf69ebdca7b0,81538a6d-d273-5986-a6ad-0ea3f3ae913c,5,19,ታዲያ ኦሪት ለምን ተሠራች? ኦሪትስ ኀጢአትን ታበዛት ዘንድ፥ ተስፋ ያደረገለት ያ ዘር እስኪመጣ ድረስ፥ በመላእክት በኩል በመካከለኛው እጅ ወረደች።
7ca184ea-fdb1-564b-ad89-1c76b1bfde60,bd26e719-723f-5ea5-a077-cf69ebdca7b0,81538a6d-d273-5986-a6ad-0ea3f3ae913c,6,20,መካከለኛው ግን ማንም አይደለም፤ አንድ እግዚአብሔር ነው እንጂ።
f638cdb1-b69d-596e-a425-9546ebe396c6,bd26e719-723f-5ea5-a077-cf69ebdca7b0,81538a6d-d273-5986-a6ad-0ea3f3ae913c,7,21,እንግዲህ ኦሪት እግዚአብሔር የሰጠውን ተስፋ ልትከለክል መጣችን? አይደለም፤ ማዳን የሚቻለው ሕግ ተሠርቶ ቢሆንማ፥ በእውነት በዚያ ሕግ ጽድቅ በተገኘ ነበር።
dcf44ece-4847-51b0-a717-2f37e7bb6063,bd26e719-723f-5ea5-a077-cf69ebdca7b0,81538a6d-d273-5986-a6ad-0ea3f3ae913c,8,22,ነገር ግን ተስፋ በኢየሱስ ክርስቶስ በማመን ይሆን ዘንድ፥ ያመኑትም ያገኙት ዘንድ፥ መጽሐፍ ሁሉን በኀጢአት ዘግቶታል።
1d051e9d-e1e1-513b-aa9b-b523023c3070,bd26e719-723f-5ea5-a077-cf69ebdca7b0,c722c0c7-d553-5139-a6a5-34dda9f56071,1,23,እምነት ሳይመጣ ኦሪት ጠበቀችን፤ ወደሚመጣውም እምነት መራችን።
ec4b2f6a-2623-55ee-ae6f-184645a3eb1d,bd26e719-723f-5ea5-a077-cf69ebdca7b0,c722c0c7-d553-5139-a6a5-34dda9f56071,2,24,እንግዲህ ኦሪት በእርሱ በማመን እንጸድቅ ዘንድ ወደ ክርስቶስ መሪ ሆነችን።
b82d11f6-3d70-5d16-a54a-7fa7e3d1002e,bd26e719-723f-5ea5-a077-cf69ebdca7b0,c722c0c7-d553-5139-a6a5-34dda9f56071,3,25,እንግዲህ እምነት ከመጣች መሪ አንሻም።
c48ec8ac-1ea2-5bbe-a31e-671b6719a090,bd26e719-723f-5ea5-a077-cf69ebdca7b0,c722c0c7-d553-5139-a6a5-34dda9f56071,4,26,በኢየሱስ ክርስቶስ በማመን ሁላችን የእግዚአብሔር ልጆች ሆነናልና።
5502ad0f-69e0-5b7a-a4d5-bd6e7be2f449,bd26e719-723f-5ea5-a077-cf69ebdca7b0,c722c0c7-d553-5139-a6a5-34dda9f56071,5,27,በክርስቶስ የተጠመቃችሁ እናንተማ ክርስቶስን ለብሳችኋል።
a6a921f8-bf77-5950-ad32-fc4839b647e7,bd26e719-723f-5ea5-a077-cf69ebdca7b0,c722c0c7-d553-5139-a6a5-34dda9f56071,6,28,በዚህም አይሁዳዊ፥ ወይም አረማዊ የለም፤ ገዢ፥ ወይም ተገዢ የለም፤ ወንድ፥ ወይም ሴት የለም፤ ሁላችሁ በኢየሱስ ክርስቶስ አንድ ናችሁና።
6b613cd4-22ae-56d5-ae39-c8ac5c60554f,bd26e719-723f-5ea5-a077-cf69ebdca7b0,c722c0c7-d553-5139-a6a5-34dda9f56071,7,29,ለኢየሱስ ክርስቶስ ከሆናችሁም እንግዲህ ተስፋውን የምትወርሱ የአብርሃም ዘር እናንተ ናችሁ።
c22658fc-9df2-556c-a8a6-3255013df4c2,1903b331-dfe1-5a38-aadc-1b2d9beab496,1ca4a645-4c14-5c1f-a824-01b6b9127c94,1,1,ነገር ግን እላለሁ፤ ወራሹ ሕፃን ሳለ ለሁሉ ጌታ ሲሆን ከአገልጋይ የሚለይ አይደለም።
486d0041-9ea2-5f65-ad0d-39b2928496f8,1903b331-dfe1-5a38-aadc-1b2d9beab496,1ca4a645-4c14-5c1f-a824-01b6b9127c94,2,2,ነገር ግን አባቱ እስከ ቀጠረለት ዕድሜ ድረስ በአያት ወይም በሞግዚት እጅ ይጠበቃል።
462b9e77-b8da-5569-a6bc-953342095acd,1903b331-dfe1-5a38-aadc-1b2d9beab496,1ca4a645-4c14-5c1f-a824-01b6b9127c94,3,3,እንዲሁ እኛም ሕፃናት በነበርን ጊዜ፥ ለዚህ ዓለም ስሕተት ተገዝተን ነበር።
b909ac42-9373-5cb5-a00e-17a47396f84c,1903b331-dfe1-5a38-aadc-1b2d9beab496,1ca4a645-4c14-5c1f-a824-01b6b9127c94,4,4,ነገር ግን ቀጠሮው በደረሰ ጊዜ እግዚአብሔር ልጁን ላከ፤ ከሴትም ተወለደ፤ የኦሪትንም ሕግ ፈጸመ።
ad4cd262-e7f4-59d4-a11a-315c388ec398,1903b331-dfe1-5a38-aadc-1b2d9beab496,1ca4a645-4c14-5c1f-a824-01b6b9127c94,5,5,እኛ የልጅነትን ክብር እንድናገኝ በኦሪት የነበሩትን ይዋጅ ዘንድ።
e6300194-585e-5483-a6f2-cc2b1d625d3a,1903b331-dfe1-5a38-aadc-1b2d9beab496,1ca4a645-4c14-5c1f-a824-01b6b9127c94,6,6,ልጆች እንደ መሆናችሁ መጠን እግዚአብሔር አባ አባቴ ብላችሁ የምትጠሩትን የልጁን መንፈስ በልባችሁ አሳደረ።
aab3b1e2-e613-5dd9-ac94-cc21006efe6f,1903b331-dfe1-5a38-aadc-1b2d9beab496,1ca4a645-4c14-5c1f-a824-01b6b9127c94,7,7,እንኪያስ እናንተ ልጆች ናችሁ እንጂ ባሮች አይደላችሁም፤ ልጆች ከሆናችሁም በኢየሱስ ክርስቶስ የእግዚአብሔር ወራሾች ናችሁ።
69ba41a9-78bc-5ed7-adb8-5f7c2c402c34,1903b331-dfe1-5a38-aadc-1b2d9beab496,1af7d6a3-186d-5abc-a016-03fd99150e2b,1,8,ነገር ግን ቀድሞ እግዚአብሔርን ባለማወቃችሁ፥ በባሕርያቸው አማልክት ላልሆኑ ተገዝታችሁ ነበር።
8d37576b-ed99-57b6-af21-32cdae5adec5,1903b331-dfe1-5a38-aadc-1b2d9beab496,1af7d6a3-186d-5abc-a016-03fd99150e2b,2,9,ዛሬ ግን እግዚአብሔርን ዐወቃችሁት፤ ይልቁንም እርሱ ዐወቃችሁ፤ እንደ ገና ደግሞ ወደዚያ ወደ ደካማው፥ ወደ ድሀው ወደዚህ ዓለም ጣዖት ተመልሳችሁ፥ ትገዙላቸው ዘንድ እንዴት ፈጠራን ትሻላችሁ?
7b2ec320-9b2e-5914-a373-07ffb4473af9,1903b331-dfe1-5a38-aadc-1b2d9beab496,1af7d6a3-186d-5abc-a016-03fd99150e2b,3,10,ዕለትንና ወርን፥ ጊዜንና ዓመታትን ትጠብቃላችሁ።
41b13485-e771-5801-ac89-917cfe8f4fa5,1903b331-dfe1-5a38-aadc-1b2d9beab496,1af7d6a3-186d-5abc-a016-03fd99150e2b,4,11,ስለ እናንተ በከንቱ ደክሜ እንደ ሆነ ብዬ እፈራችኋለሁ።
8f51c03f-648b-5e5e-ae6e-a244d484168f,1903b331-dfe1-5a38-aadc-1b2d9beab496,1af7d6a3-186d-5abc-a016-03fd99150e2b,5,12,ወንድሞቻችን ሆይ፥ እኔ ደግሞ እንደ እናንተ ሁኛለሁ፤ እንደ እኔ ሁኑ ብዬ እማልዳችኋለሁ፤ አንዳች አልበደላችሁኝምና።
3ce5081b-0acc-5b2e-a2af-875f7dc75061,1903b331-dfe1-5a38-aadc-1b2d9beab496,1af7d6a3-186d-5abc-a016-03fd99150e2b,6,13,መጀመሪያ ወንጌልን በሰበክሁላችሁ ጊዜ፥ ከሥጋ ድካም የተነሣ እንደ ነበር ታውቃላችሁ።
b5f3868a-a19c-54f2-a226-21528bb4190e,1903b331-dfe1-5a38-aadc-1b2d9beab496,1af7d6a3-186d-5abc-a016-03fd99150e2b,7,14,መከራ እቀበል በነበረበት ጊዜ አልሰለቻችሁኝም፤ እንደ እግዚአብሔር መልአክ፥ እንደ ኢየሱስ ክርስቶስም ተቀበላችሁኝ እንጂ በሰውነቴ አልናቃችሁኝም።
50953b0d-65d8-551b-a3e1-4953b67244c7,1903b331-dfe1-5a38-aadc-1b2d9beab496,1af7d6a3-186d-5abc-a016-03fd99150e2b,8,15,አሁንስ ደስ ማሰኘታችሁ ወዴት አለ? ቢቻላችሁስ ዐይናችሁንም እንኳ ቢሆን አውጥታችሁ ትሰጡኝ እንደ ነበረ፥ እኔ ምስክራችሁ ነኝ።
2869bbdf-aa7e-5d87-a767-b7244c77d5d9,1903b331-dfe1-5a38-aadc-1b2d9beab496,1af7d6a3-186d-5abc-a016-03fd99150e2b,9,16,እውነቱን ስለ ነገርኋችሁ ባላጋራ ሆንኋችሁን?
994fde53-0b04-599e-a390-e014ee1c794a,1903b331-dfe1-5a38-aadc-1b2d9beab496,1af7d6a3-186d-5abc-a016-03fd99150e2b,10,17,እነዚያማ ይቀኑባችኋል፤ ነገር ግን በእነርሱ ላይ እንድትቀኑ ሊዘጉአችሁ ይወዳሉ እንጂ ለመልካም አይደለም።
a4875c3b-80be-5a4f-a74c-600d36dcbd3e,1903b331-dfe1-5a38-aadc-1b2d9beab496,1af7d6a3-186d-5abc-a016-03fd99150e2b,11,18,መቅናትስ ዘወትር ለመልካም ሥራ ልትቀኑ ይገባል፤ ነገር ግን እኔ ከእናንተ ዘንድ ባለሁበት ጊዜ ብቻ አይደለም።
5bd27592-9ac2-5762-ae35-ba994b2d5eed,1903b331-dfe1-5a38-aadc-1b2d9beab496,1af7d6a3-186d-5abc-a016-03fd99150e2b,12,19,ልጆች፥ እንደ ገና የምጨነቅላችሁ ክርስቶስ በልባችሁ እስኪሣልባችሁ ድረስ ነው።
4a644167-f198-566a-ace0-5559838d81ed,1903b331-dfe1-5a38-aadc-1b2d9beab496,1af7d6a3-186d-5abc-a016-03fd99150e2b,13,20,ቃሌን ለውጬ አሁን በእናንተ ዘንድ ልገኝ እሻለሁ፤ ስለ እናንተ የምናገረውን አጣለሁና።
e473ee9b-f679-5a6b-a9d4-4dfaf8bb4a51,1903b331-dfe1-5a38-aadc-1b2d9beab496,1af7d6a3-186d-5abc-a016-03fd99150e2b,14,21,በኦሪት ሕግ እንኑር ትላላችሁን? ኦሪትን አትሰሙአትምን?
d533e7c6-8b17-5c82-acb9-c786efcef3ad,1903b331-dfe1-5a38-aadc-1b2d9beab496,1af7d6a3-186d-5abc-a016-03fd99150e2b,15,22,አብርሃም ሁለት ልጆችን አንዱን ከባሪያዪቱ፥ አንዱንም ከእመቤቲቱ እንደ ወለደ ተጽፎአልና።
e7ba9916-6b72-52f7-a872-24952b0a6ce3,1903b331-dfe1-5a38-aadc-1b2d9beab496,1af7d6a3-186d-5abc-a016-03fd99150e2b,16,23,ነገር ግን ከባሪያዪቱ የተወለደው ልደቱ ልዩ ነው፤ በሰው ልማድ ተወለደ፤ ከእመቤቲቱ የተወለደው ግን እግዚአብሔር በሰጠው ተስፋ ተወለደ።
f228506b-2aa3-5d51-aae0-85976045ede6,1903b331-dfe1-5a38-aadc-1b2d9beab496,1af7d6a3-186d-5abc-a016-03fd99150e2b,17,24,ይህም የሁለቱ ሥርዐት ምሳሌ ነው፤ አንዲቱ ከደብረ ሲና ለባርነት ትወልዳለች፤ እርስዋም አጋር ናት።
19cd03c2-8830-5733-a014-1e6805ede918,1903b331-dfe1-5a38-aadc-1b2d9beab496,1af7d6a3-186d-5abc-a016-03fd99150e2b,18,25,አጋርም በዐረብ ሀገር ያለች ደብረ ሲና ናት፤ ከዛሬዪቱ ኢየሩሳሌም ጋር ትነጻጸራለች፤ ከልጆችዋ ጋርም ትገዛለች።
d709b8ac-3069-5c86-ab0a-5c3e005084ce,1903b331-dfe1-5a38-aadc-1b2d9beab496,1af7d6a3-186d-5abc-a016-03fd99150e2b,19,26,የላይኛዪቱ ኢየሩሳሌም ግን በነፃነት የምትኖር ናት፤ እርስዋም እናታችን ናት።
3edb3a5a-1b92-503a-a1b4-53d9e1f5edb4,1903b331-dfe1-5a38-aadc-1b2d9beab496,1af7d6a3-186d-5abc-a016-03fd99150e2b,20,27,“የማትወልድ መካን ደስ ይላታል፤ ምጥ የማታውቀውም ደስ ብሎአት እልል ትላለች፤ ባል ካላት ይልቅ የፈቲቱ ልጆች ብዙዎች ናቸውና” ተብሎ ተጽፎአል።
0de46f86-8ffa-508b-a6ed-fd84793e300a,1903b331-dfe1-5a38-aadc-1b2d9beab496,1af7d6a3-186d-5abc-a016-03fd99150e2b,21,28,ወንድሞቻችን ሆይ፥ እኛስ እንደ ይስሐቅ የተስፋ ልጆች ነን።
695aaa52-6572-57fb-af0b-ec426524dff5,1903b331-dfe1-5a38-aadc-1b2d9beab496,1af7d6a3-186d-5abc-a016-03fd99150e2b,22,29,ነገር ግን በሥጋ ልማድ የተወለደው በመንፈሳዊ ግብር የተወለደውን በዚያ ጊዜ እንዳሳደደው ዛሬም እንዲሁ ነው።
a745a528-a79e-59d4-a8a4-9dcf6d99efef,1903b331-dfe1-5a38-aadc-1b2d9beab496,1af7d6a3-186d-5abc-a016-03fd99150e2b,23,30,ነገር ግን መጽሐፍ ምን ይላል? “የባሪያዪቱ ልጅ ከእመቤቲቱ ልጅ ጋር አይወርስምና ባሪያዪቱን ከልጅዋ ጋር አስወጥተህ ስደዳት”
81c2a915-c4eb-59bf-a294-a36401234c9f,1903b331-dfe1-5a38-aadc-1b2d9beab496,1af7d6a3-186d-5abc-a016-03fd99150e2b,24,31,ወንድሞቻችን ሆይ፥ አሁንም እኛ የእመቤቲቱ ነን እንጂ የባሪያዪቱ ልጆች አይደለንም፤ ክርስቶስ ነጻ አውጥቶናልና።
6f423177-6a11-5172-aeea-c8f607e8d572,4bdd9607-7c72-5b00-aa86-dff4cbde544f,d032681f-906b-51f5-a017-8b02aeec1a06,1,1,እንግዲህ ጸንታችሁ ቁሙ፤ እንደ ገናም በባርነት ቀንበር አትኑሩ።
0e18fa29-a7ed-5610-ad81-2dbde1b00686,4bdd9607-7c72-5b00-aa86-dff4cbde544f,d032681f-906b-51f5-a017-8b02aeec1a06,2,2,እነሆ፥ እኔ ጳውሎስ እላችኋለሁ፤ “ብትገዘሩም በክርስቶስ ዘንድ ምንም አይጠቅማችሁም።”
4557ba04-cefb-56bb-a3c3-6958f654012e,4bdd9607-7c72-5b00-aa86-dff4cbde544f,d032681f-906b-51f5-a017-8b02aeec1a06,3,3,ደግሞም ለተገዘረ ሰው ሁሉ የኦሪትን ሕግ መፈጸም እንደሚገባው እመሰክራለሁ።
dd446858-b314-5c50-aad7-93b3f7cc0c56,4bdd9607-7c72-5b00-aa86-dff4cbde544f,d032681f-906b-51f5-a017-8b02aeec1a06,4,4,በኦሪት ልትጸድቁ የምትፈልጉ እናንተ ከክርስቶስ ተለይታችሁ ከጸጋዉ ወድቃችኋል።
d791f058-ed22-508f-a39c-781de49551ce,4bdd9607-7c72-5b00-aa86-dff4cbde544f,d032681f-906b-51f5-a017-8b02aeec1a06,5,5,እኛ ግን በመንፈስ ቅዱስ፥ በእምነትም ልንጸድቅ ተስፋ እናደርጋለን።
e0d45d7c-9c25-5561-a617-07249800b845,4bdd9607-7c72-5b00-aa86-dff4cbde544f,d032681f-906b-51f5-a017-8b02aeec1a06,6,6,በጌታችን በኢየሱስ ክርስቶስ ዘንድ በፍቅር የምትሠራ እምነት እንጂ መገዘር አይጠቅምምና፤ አለመገዘርም ግዳጅ አይፈጽምምና።
7f6c4d13-0b37-52ee-a4a0-9d3a3ef0abbc,4bdd9607-7c72-5b00-aa86-dff4cbde544f,d032681f-906b-51f5-a017-8b02aeec1a06,7,7,ቀድሞስ በመልካም ተፋጥናችሁ ነበር፤ በእውነት እንዳታምኑ ማን አሰናከላችሁ?
8ea3bcd4-7cf5-5ebb-a82e-7b6814d641b5,4bdd9607-7c72-5b00-aa86-dff4cbde544f,d032681f-906b-51f5-a017-8b02aeec1a06,8,8,ይህ መፋጠናችሁ ከሚጠራችሁ አይደለምና።
46fc236f-f93d-5e22-a714-f885dd3e03fd,4bdd9607-7c72-5b00-aa86-dff4cbde544f,d032681f-906b-51f5-a017-8b02aeec1a06,9,9,ጥቂት እርሾ ብዙውን ዱቄት መጻጻ ያደርገው የለምን?
7262a230-c879-53ca-aaee-300c85c75cef,4bdd9607-7c72-5b00-aa86-dff4cbde544f,d032681f-906b-51f5-a017-8b02aeec1a06,10,10,እኔ ሌላ እንዳታስቡ በጌታችን በኢየሱስ ክርስቶስ አምኛችሁ ነበር፤ የሚያውካችሁ ግን የሆነው ቢሆን ፍዳውን ይሸከማል።
73964278-1085-5882-a7a2-a2376f33660a,4bdd9607-7c72-5b00-aa86-dff4cbde544f,d032681f-906b-51f5-a017-8b02aeec1a06,11,11,ወንድሞች ሆይ፥ እኔ ግዝረትን ገና የምሰብክ ከሆነ፥ እንግዲህ ለምን ያሳድዱኛል? እንግዲህ የክርስቶስ የመስቀሉ ተግዳሮት እንዲያው ቀርቶአል።
03b8c775-b21f-5deb-ae6a-1795cdf43e3a,4bdd9607-7c72-5b00-aa86-dff4cbde544f,d032681f-906b-51f5-a017-8b02aeec1a06,12,12,የሚያውኩአችሁም ሊለዩ ይገባል።
c4817e2a-d170-5cc7-a37c-295fe2185169,4bdd9607-7c72-5b00-aa86-dff4cbde544f,c91e1b74-7428-5778-a642-566ffdc32c52,1,13,ወንድሞች ሆይ፥ እናንተስ ለነጻነት ተጠርታችኋል፤ ነገር ግን በሥጋችሁ ፈቃድ ለነጻነታችሁ ምክንያት አታድርጉላት፤ ለወንድሞቻችሁም በፍቅር ተገዙ።
5704fad8-c521-5f34-a9c4-b5d504835d08,4bdd9607-7c72-5b00-aa86-dff4cbde544f,c91e1b74-7428-5778-a642-566ffdc32c52,2,14,“ወንድምህን እንደ ራስህ ውደድ” የሚለው አንድ ቃል ሕግን ሁሉ ይፈጽማልና።
0a5831e6-1747-51db-a817-49f0eeba9d65,4bdd9607-7c72-5b00-aa86-dff4cbde544f,c91e1b74-7428-5778-a642-566ffdc32c52,3,15,እርስ በርሳችሁ የምትበላሉና የምትነካከሱ ከሆነ ግን፥ እርስ በርሳችሁ እንዳትተላለቁ ተጠንቀቁ።
19f9ed3d-c68c-5b83-a13a-9a37938c238c,4bdd9607-7c72-5b00-aa86-dff4cbde544f,c91e1b74-7428-5778-a642-566ffdc32c52,4,16,እላችኋለሁ፤ በመንፈስ ኑሩ እንጂ የሥጋችሁን ፈቃድ አታድርጉ።
dab65ff7-a17b-5260-a517-a74dd9f8b352,4bdd9607-7c72-5b00-aa86-dff4cbde544f,c91e1b74-7428-5778-a642-566ffdc32c52,5,17,ሥጋ መንፈስ የማይሻውን ይሻልና፥ መንፈስም ሥጋ የማይሻውን ይሻልና፥ የምትሹትንም እንዳታደርጉ እርስ በርሳቸው ይጣላሉ።
fa21891a-0383-5a52-a67f-61471e2b3e98,4bdd9607-7c72-5b00-aa86-dff4cbde544f,c91e1b74-7428-5778-a642-566ffdc32c52,6,18,የመንፈስን ፈቃድ የምትከተሉ ከሆናችሁ፥ ከኦሪት ወጥታችኋል።
a4919299-0097-5802-aa05-9111e448d254,4bdd9607-7c72-5b00-aa86-dff4cbde544f,c91e1b74-7428-5778-a642-566ffdc32c52,7,19,የሥጋም ሥራው ይታወቃል፤ እርሱም ዝሙት፥ ርኵሰት፥ መዳራት፥
a586a5e6-9486-5edc-af57-9675aa4a1b5e,4bdd9607-7c72-5b00-aa86-dff4cbde544f,c91e1b74-7428-5778-a642-566ffdc32c52,8,20,ጣዖት ማምለክ፥ ሥራይ ማድረግ፥ መጣላት፥ ኵራት፥ የምንዝር ጌጥ፥ ቅናት፥ ቍጣ፥ ጥርጥር፥ ፉክክር፥ ምቀኝነት፥ መጋደል፥ ስካር ይህንም የመሰለ ሁሉ ነው።
5ab42e60-09f6-521d-af3a-be1c0c521459,4bdd9607-7c72-5b00-aa86-dff4cbde544f,c91e1b74-7428-5778-a642-566ffdc32c52,9,21,አስቀድሜ እንደ ነገርኋችሁ ይህን የሚያደርግ የእግዚአብሔርን መንግሥት አያይም።
f95cb8ad-c519-574b-aca7-be6ca1d1e8f0,4bdd9607-7c72-5b00-aa86-dff4cbde544f,c91e1b74-7428-5778-a642-566ffdc32c52,10,22,የመንፈስ ፍሬ ግን ፍቅር፥ ደስታ፥ ሰላም፥ ትዕግሥት፥ ምጽዋት፥ ቸርነት፥ እምነት፥ ገርነት፥ ንጽሕና ነው።
1ffcf801-5100-5c82-af34-b7e7a96f40d1,4bdd9607-7c72-5b00-aa86-dff4cbde544f,c91e1b74-7428-5778-a642-566ffdc32c52,11,23,ከዚህ ሕግ የሚበልጥ የለም።
1419da9c-cbe3-5e38-a89e-6a7fbb58bcb6,4bdd9607-7c72-5b00-aa86-dff4cbde544f,c91e1b74-7428-5778-a642-566ffdc32c52,12,24,በኢየሱስ ክርስቶስ ያመኑ ግን ሰውነታቸውን ከምኞትና ከኀጢአት ለዩ።
517f7dc8-2431-5ec9-a38b-4a6efe693dcb,4bdd9607-7c72-5b00-aa86-dff4cbde544f,c91e1b74-7428-5778-a642-566ffdc32c52,13,25,አሁንም በመንፈስ እንኑር፤ በመንፈስም እንመላለስ።
288f0c2b-8018-5209-a229-4cc4bef9c448,4bdd9607-7c72-5b00-aa86-dff4cbde544f,c91e1b74-7428-5778-a642-566ffdc32c52,14,26,ኩሩዎች አንሁን፤ እርስ በርሳችን አንተማማ፤ እርስ በርሳችንም አንቀናና።
6d4fddcf-29ed-58c3-a9e5-89e44dbf75b5,a035d3a1-0642-5db5-a27e-b25875a64672,1f789312-7dea-5b56-a2f7-43bbc00d8936,1,1,ወንድሞቻችን ሆይ፥ ከእናንተ ወገን የተሳሳተ ሰው ቢኖር በመንፈስ ቅዱስ የጸናችሁ እናንት እንዳትሳሳቱ ለራሳችሁ እየተጠበቃችሁ፥ እንደዚህ ያለውን ሰው ቅንነት ባለው ልቡና አጽኑት።
75d1c2a2-9b9f-53ed-aed2-753dbb6456ae,a035d3a1-0642-5db5-a27e-b25875a64672,1f789312-7dea-5b56-a2f7-43bbc00d8936,2,2,ከእናንተ እያንዳንዱ የባልንጀራውን ሸክም ይሸከም፤ በዚህም የክርስቶስን ሕግ ትፈጽማላችሁ።
5561fbb5-061d-53d5-a74f-bfca88b34835,a035d3a1-0642-5db5-a27e-b25875a64672,1f789312-7dea-5b56-a2f7-43bbc00d8936,3,3,አንዱም ምንም ሳይሆን ምንም የሆነ ቢመስለው ራሱን ያታልላልና።
7f7ef4c8-e0a7-5017-a724-25e570749736,a035d3a1-0642-5db5-a27e-b25875a64672,1f789312-7dea-5b56-a2f7-43bbc00d8936,4,4,ለሌላ ያይደለ ለራሱ መመኪያ እንዲሆነው ሁሉም ሥራዉን ይመርምር።
dd78ce5c-aad1-5d3b-a5af-6ac6c7cd9380,a035d3a1-0642-5db5-a27e-b25875a64672,1f789312-7dea-5b56-a2f7-43bbc00d8936,5,5,ሁሉም ሸክሙን ይሸከማልና።
a30c8366-ed25-510d-ac52-b2792332718a,a035d3a1-0642-5db5-a27e-b25875a64672,1f789312-7dea-5b56-a2f7-43bbc00d8936,6,6,ይህንም ነገር ንኡሰ ክርስቲያን ይስማው፤ መልካሙንም ነገር ሁሉ ከሚያስተምረው ይማር።
72c39c83-ec48-59a4-ab37-d4fdf71422e6,a035d3a1-0642-5db5-a27e-b25875a64672,1f789312-7dea-5b56-a2f7-43bbc00d8936,7,7,አያስቱአችሁ፤ በእግዚአብሔርም የሚዘብት አይኑር፤ ሰውም የሚዘራውን ያጭዳል።
790632a1-af24-5d76-ad0d-32b2d356a8c8,a035d3a1-0642-5db5-a27e-b25875a64672,1f789312-7dea-5b56-a2f7-43bbc00d8936,8,8,በሥጋው የሚዘራ ሞትን ያጭዳል፤ በመንፈሱም የሚዘራ የዘለዓለም ሕይወትን ያጭዳል።
fde14699-3c23-5d63-a1e1-84e66d106976,a035d3a1-0642-5db5-a27e-b25875a64672,1f789312-7dea-5b56-a2f7-43bbc00d8936,9,9,በጎ ሥራ መሥራትን ቸል አንበል፥ በጊዜው እናገኘዋለንና።
c4201a62-49ea-567a-a367-c691ca8e362b,a035d3a1-0642-5db5-a27e-b25875a64672,1f789312-7dea-5b56-a2f7-43bbc00d8936,10,10,እንግዲህ ጊዜ ሳለን ለሁሉ መልካም ሥራ እናድርግ፤ ይልቁንም ለሃይማኖት ሰዎች።
a8f085f1-f6fa-5778-a6ca-528e13fed42b,a035d3a1-0642-5db5-a27e-b25875a64672,88d7ed3c-099a-58fa-aa71-5611be081d83,1,11,በእጄ እንደ ጻፍሁላችሁ እዩ።
62411817-ac4c-51b0-ade6-254e99341fd0,a035d3a1-0642-5db5-a27e-b25875a64672,88d7ed3c-099a-58fa-aa71-5611be081d83,2,12,ለሰው ፊት ሊያደሉ የሚወዱ እነዚያ እንድትገዘሩ ያስገድዱአችኋል፤ ነገር ግን የክርስቶስን መስቀል እንዳትከተሉ ነው።
d24c5e10-eda4-5110-affc-58bda854745d,a035d3a1-0642-5db5-a27e-b25875a64672,88d7ed3c-099a-58fa-aa71-5611be081d83,3,13,የተገዘሩትም ቢሆኑ በሰውነታችሁ እንደምትመኩ ልትገዘሩ ይወዳሉ እንጂ ኦሪትን አልጠበቁም።
b4407712-e328-5c6d-afe4-441cb111d7dc,a035d3a1-0642-5db5-a27e-b25875a64672,88d7ed3c-099a-58fa-aa71-5611be081d83,4,14,እኔ ግን በጌታችን በኢየሱስ ክርስቶስ መስቀል እንጂ በሌላ አልመካም፤ በእኔ ዘንድ ዓለሙ የሞተ ነው፥ እኔም በዓለሙ ዘንድ የሞትሁ ነኝ።
914c0dee-00ef-5f08-a114-800160e187ad,a035d3a1-0642-5db5-a27e-b25875a64672,88d7ed3c-099a-58fa-aa71-5611be081d83,5,15,በኢየሱስ ክርስቶስ ዘንድ አዲስ ፍጥረት መሆን ነው እንጂ መገዘር አይጠቅምም፤ አለመገዘርም ግዳጅ አይፈጽምም።
89504b85-49eb-5207-a2d3-747470e3fde6,a035d3a1-0642-5db5-a27e-b25875a64672,88d7ed3c-099a-58fa-aa71-5611be081d83,6,16,ይህን ሕግ ለሚፈጽሙ ሰዎች ሰላምና ይቅርታ ይሁን፤ የእግዚአብሔር ወገኖች በሆኑ በእስራኤል ላይም ይሁን።
0de1246c-c686-5313-a332-0c86e23046f1,a035d3a1-0642-5db5-a27e-b25875a64672,88d7ed3c-099a-58fa-aa71-5611be081d83,7,17,እንግዲህ ወዲህስ የሚያደክመኝ አይኑር፤ እኔ የኢየሱስ ክርስቶስን መከራ በሥጋዬ እሸከማለሁ።
66555dcb-551b-5e82-af62-960cbdab65b3,a035d3a1-0642-5db5-a27e-b25875a64672,88d7ed3c-099a-58fa-aa71-5611be081d83,8,18,ወንድሞች ሆይ፥ የጌታችን የኢየሱስ ክርስቶስ ጸጋ ከእናንተ ጋር ይሁን፤ አሜን።
10847bf9-ac64-57c5-a358-d91bc8660c5d,572b93b2-6d80-5feb-a6e6-736de45dad95,4d5d9e08-e0ff-510f-ad1e-122bfe6935ed,1,1,በእግዚአብሔር ፈቃድ የጌታችን የኢየሱስ ክርስቶስ ሐዋርያ ከሆነ ከጳውሎስ በኢየሱስ ክርስቶስ ላመኑ በኤፌሶን ላሉ ቅዱሳን፥
e61cc18d-98d2-5cde-a9d1-b7526b2e396c,572b93b2-6d80-5feb-a6e6-736de45dad95,4d5d9e08-e0ff-510f-ad1e-122bfe6935ed,2,2,ከአባታችን ከእግዚአብሔር፥ ከጌታችን ከኢየሱስ ክርስቶስም ሰላምና ጸጋ ለእናንተ ይሁን።
e4a2cf7c-d428-532d-a992-9fdd0822c534,572b93b2-6d80-5feb-a6e6-736de45dad95,a9650856-0735-58ab-a1f3-11c913bb33b0,1,3,በክርስቶስ ኢየሱስ በሰማያዊ ስፍራ በመንፈሳዊ በረከት ሁሉ የባረከን የጌታችን የኢየሱስ ክርስቶስ አባት እግዚአብሔር ይመስገን።
f60330c9-49ee-5267-ac56-0142237d8b59,572b93b2-6d80-5feb-a6e6-736de45dad95,a9650856-0735-58ab-a1f3-11c913bb33b0,2,4,ዓለም ሳይፈጠር በፊቱ ቅዱሳን፥ ንጹሓንና ያለ ነውር በፍቅር ያደርገን ዘንድ ለእርሱ መረጠን።
95992280-c2ff-5281-a01a-da481e102afe,572b93b2-6d80-5feb-a6e6-736de45dad95,a9650856-0735-58ab-a1f3-11c913bb33b0,3,5,በኢየሱስ ክርስቶስም እንደ ውድ ፈቃዱ ለእርሱ ልጆች ልንሆን አስቀድሞ ወሰነን።
3de5039e-efb3-511c-a0c9-9f2406530545,572b93b2-6d80-5feb-a6e6-736de45dad95,a9650856-0735-58ab-a1f3-11c913bb33b0,4,6,በሚወደው ልጁ የሰጠን የጸጋው ክብር ይመሰገን ዘንድ።
8c3a6fcd-821e-5aa3-a9f9-6542f275f41c,572b93b2-6d80-5feb-a6e6-736de45dad95,a9650856-0735-58ab-a1f3-11c913bb33b0,5,7,በእርሱም እንደ ቸርነቱ ብዛት በደሙ ድኅነትን አገኘን፤ ኀጢአታችንም ተሰረየልን።
be80a7be-9cc3-5e63-a606-b44ba60888a2,572b93b2-6d80-5feb-a6e6-736de45dad95,a9650856-0735-58ab-a1f3-11c913bb33b0,6,8,ይኸውም በፍጹም ጥበብና ምክር ለእኛ አብዝቶ ያደረገው ነው።
b8a1e8df-c092-5afa-a820-b34a5c8b737c,572b93b2-6d80-5feb-a6e6-736de45dad95,a9650856-0735-58ab-a1f3-11c913bb33b0,7,9,እንደ ወደደም በእርሱ የወሰነውን፥ የፈቃዱን ምሥጢር ገለጠልን።
ee8cc401-7a72-5d25-a242-88252963da05,572b93b2-6d80-5feb-a6e6-736de45dad95,a9650856-0735-58ab-a1f3-11c913bb33b0,8,10,የሚደርስበትንም ጊዜውን ወሰነ፤ በሰማይና በምድር ያለውም ሁሉ ይታደስ ዘንድ ክርስቶስን በሁሉ ላይ አላቀው።
629ba8a9-a626-5d4b-a95d-c54082956ea2,572b93b2-6d80-5feb-a6e6-736de45dad95,a9650856-0735-58ab-a1f3-11c913bb33b0,9,11,እንደ ፈቃዱ ምክር ሁሉን የሚሠራ እንደ እርሱ አሳብ አስቀድመን የተወሰን በእርሱ ርስትን ተቀበልን።
2a80c767-d88f-537c-a6a5-0859438e0ee4,572b93b2-6d80-5feb-a6e6-736de45dad95,a9650856-0735-58ab-a1f3-11c913bb33b0,10,12,ይኸውም አስቀድመን በክርስቶስ ኢየሱስ ተስፋ ያደረግን እኛ ለክብሩ ምስጋና እንሆን ዘንድ ነው።
484a9713-c40c-5fe7-ae89-ea1bb5cd8db4,572b93b2-6d80-5feb-a6e6-736de45dad95,a9650856-0735-58ab-a1f3-11c913bb33b0,11,13,እናንተም ልትድኑበት የተማራችሁትን የእውነት ቃል ሰምታችሁና አምናችሁ፤ ተስፋ ባደረገላችሁ በመንፈስ ቅዱስ ታተማችሁ።
b16956ed-f8f4-577a-a91e-bafb53ed5890,572b93b2-6d80-5feb-a6e6-736de45dad95,a9650856-0735-58ab-a1f3-11c913bb33b0,12,14,ይኸውም ለጌትነቱ ክብር የርስታችን መያዣ፥ የሕይወታችንም ቤዛነት ነው።
eca96348-d753-588f-a640-59796565c7c6,572b93b2-6d80-5feb-a6e6-736de45dad95,b754c4f4-f0f0-5a6f-a474-a6b2e8f233e4,1,15,ስለዚህም እኔ በጌታችን በኢየሱስ ክርስቶስ ማመናችሁን፥ ቅዱሳንንም ሁሉ መውደዳችሁን ሰምቼ፥
246d7e5b-191c-57fa-a227-204842674de6,572b93b2-6d80-5feb-a6e6-736de45dad95,b754c4f4-f0f0-5a6f-a474-a6b2e8f233e4,2,16,ስለ እናንተ እግዚአብሔርን ማመስገንንና በጸሎቴም እናንተን ማሰብን አላቋረጥሁም።
88fd0316-ec2f-5afd-a499-10322b3f90e5,572b93b2-6d80-5feb-a6e6-736de45dad95,b754c4f4-f0f0-5a6f-a474-a6b2e8f233e4,3,17,ይኸውም የክብር ባለቤት የጌታችን የኢየሱስ ክርስቶስ አባቱ እግዚአብሔር የጥበብን መንፈስ ይሰጣችሁ ዘንድ፥ ዕውቀቱንም ይገልጽላችሁ ዘንድ፥
d72540eb-0152-578f-a797-2a1f98b2323a,572b93b2-6d80-5feb-a6e6-736de45dad95,b754c4f4-f0f0-5a6f-a474-a6b2e8f233e4,4,18,ዐይነ ልቡናችሁንም ያበራላችሁ ዘንድ፥ የተጠራችሁበት ተስፋም ምን እንደ ሆነ፥ በቅዱሳንም የርስቱ ክብር ባለጸግነት ምን እንደ ሆነ ታውቁ ዘንድ፥
167878b7-3bbf-5266-a7b2-6b56b7dace81,572b93b2-6d80-5feb-a6e6-736de45dad95,b754c4f4-f0f0-5a6f-a474-a6b2e8f233e4,5,19,በክርስቶስ እንደ አደረገው እንደ ከሃሊነቱ ታላቅነት በምናምን በእኛ ላይ የሚያደርገው የከሃሊነቱ ጽናት ብዛት ምን እንደ ሆነ ታውቁ ዘንድ ነው።
40c8ff6c-7d87-58e8-a4b9-72e7a2424126,572b93b2-6d80-5feb-a6e6-736de45dad95,b754c4f4-f0f0-5a6f-a474-a6b2e8f233e4,6,20,ከሙታን ለይቶ ባስነሣው፥ በሰማይም በቀኙ ባስቀመጠው፥
52d29259-356c-5a39-a153-bff5ebfe7e3f,572b93b2-6d80-5feb-a6e6-736de45dad95,b754c4f4-f0f0-5a6f-a474-a6b2e8f233e4,7,21,ከመላእክት ሁሉ በላይ ከመኳንንትና ከኀይላት፥ ከአጋእዝትና ከሚጠራውም ስም ሁሉ በላይ፥ በዚህ ዓለም ብቻ አይደለም፤ በሚመጣውም ዓለም እንጂ።
91d5b6ab-c518-59b4-a18a-2ab2d3fd737c,572b93b2-6d80-5feb-a6e6-736de45dad95,b754c4f4-f0f0-5a6f-a474-a6b2e8f233e4,8,22,ሁሉንም ከእግሩ በታች አድርጎ አስገዛለት፤ ከሁሉ በላይ የሆነ እርሱን ለቤተ ክርስቲያን ራስ አደረገው።
58026bdc-141d-5b99-a7fb-cb36e0795e6a,572b93b2-6d80-5feb-a6e6-736de45dad95,b754c4f4-f0f0-5a6f-a474-a6b2e8f233e4,9,23,ይህችውም አካሉ ናት፤ የሁሉም ፍጻሜው እርሱ ነው፤ ሁሉንም በሁሉ ይፈጽማል።
0722a017-a2da-5b00-ac77-db354d9a551f,f4af7eb7-f4d4-5f57-a481-9dd8a7e92cbe,c0eb3903-7991-5d24-a019-f0d222863175,1,1,እናንተም በኀጢአታችሁ ምውታን ሆናችሁ ነበር።
1678b9ff-70e6-59eb-a1c2-ee99eb9d8697,f4af7eb7-f4d4-5f57-a481-9dd8a7e92cbe,c0eb3903-7991-5d24-a019-f0d222863175,2,2,ይኸውም ቀድሞ በዚህ ዓለም ሥርዐት፥ አሁን በከሓድያን ልጆች የሚበረታታባቸውና፥ በነፋስ አምሳል የሚገዛቸው አለቃ እንደ ነበረው ፈቃድ ጸንታችሁ የነበራችሁበት ነው።
c624a9e2-0ff0-5d59-ac4a-bbc322a56ca3,f4af7eb7-f4d4-5f57-a481-9dd8a7e92cbe,c0eb3903-7991-5d24-a019-f0d222863175,3,3,እኛ ሁላችን ቀድሞ እንደ ሥጋችን ምኞት ኖርን፤ የሥጋችንንም ፈቃድና ያሰብነውን አደረግን፤ እንደ ሌሎች ኃጥአንም ሁሉ የጥፋት ልጆች ሆንን።
bbdf5fa4-567b-521d-a9e7-4ea034112e99,f4af7eb7-f4d4-5f57-a481-9dd8a7e92cbe,c0eb3903-7991-5d24-a019-f0d222863175,4,4,እግዚአብሔር ግን በምሕረቱ ባለጸግነትና በወደደን በፍቅሩ ብዛት፥
c54ce5ef-87f9-5485-a9da-79cbda3d05bb,f4af7eb7-f4d4-5f57-a481-9dd8a7e92cbe,c0eb3903-7991-5d24-a019-f0d222863175,5,5,በኃጢአታችን የሞትን ሳለን በክርስቶስ ሕይወትን ሰጠን፤ በጸጋውም ዳንን።
3ccb9b6f-92bb-5fe3-a2f7-28ad95e4e045,f4af7eb7-f4d4-5f57-a481-9dd8a7e92cbe,c0eb3903-7991-5d24-a019-f0d222863175,6,6,በኢየሱስ ክርስቶስም አስነሥቶ በሰማያት ከእርሱ ጋር አኖረን።
5f74876f-ff84-598b-a829-5b033a6f3406,f4af7eb7-f4d4-5f57-a481-9dd8a7e92cbe,c0eb3903-7991-5d24-a019-f0d222863175,7,7,በኢየሱስ ክርስቶስ ይቅር ስላለን የጸጋውን ባለጠግነት ብዛት በሚመጣው ዓለም ይገልጥ ዘንድ፥
0b58b165-b61d-50fd-ad18-e5047aa161bf,f4af7eb7-f4d4-5f57-a481-9dd8a7e92cbe,c0eb3903-7991-5d24-a019-f0d222863175,8,8,አምነን በጸጋው ድነናልና፤ ይህም የእግዚአብሔር ጸጋ ነው እንጂ የእናንተ ሥራ አይደለም።
2d03e7ac-2d64-5bc9-a81f-de2c9879b090,f4af7eb7-f4d4-5f57-a481-9dd8a7e92cbe,c0eb3903-7991-5d24-a019-f0d222863175,9,9,የሚመካም እንዳይኖር በምግባራችን አይደለም።
ee5d11dc-610d-54b7-abff-78de326a7fa0,f4af7eb7-f4d4-5f57-a481-9dd8a7e92cbe,c0eb3903-7991-5d24-a019-f0d222863175,10,10,እንመላለስበት ዘንድ እግዚአብሔር አስቀድሞ ላዘጋጀው በጎ ሥራ በኢየሱስ ክርስቶስ የፈጠረን ፍጥረቱ ነንና።
11a441a7-cdf3-5d7d-a4bd-18cd9a235126,f4af7eb7-f4d4-5f57-a481-9dd8a7e92cbe,35e93396-6eaa-5fdc-afcb-b0dd696ec382,1,11,እናንተ አሕዛብ አስቡ፤ ቀድሞ በሥጋ ሥርዐት ነበራችሁ፤ ያልተገዘሩም ይሉአችሁ ነበር፤ እንዲህ የሚሉአችሁም የተገዘሩ ሰዎች ናቸው፤ ግዝረት ግን በሥጋ ላይ የሚደረግ የሰው እጅ ሥራ ነው።
42aa3c6b-c9b8-5326-ab0d-aef31526ecea,f4af7eb7-f4d4-5f57-a481-9dd8a7e92cbe,35e93396-6eaa-5fdc-afcb-b0dd696ec382,2,12,ያንጊዜ ክርስቶስን አታውቁትም ነበር፤ ከእስራኤል ሕግ የተለያችሁ ነበራችሁ፤ ከተስፋው ሥርዐትም እንግዶች ነበራችሁ፤ ተስፋም አልነበራችሁም፤ በዚህም ዓለም እግዚአብሔርን አታውቁትም ነበር።
1b6888ec-b3e8-5719-a7f7-a2100daada65,f4af7eb7-f4d4-5f57-a481-9dd8a7e92cbe,35e93396-6eaa-5fdc-afcb-b0dd696ec382,3,13,አሁን ግን ቀድሞ ርቃችሁ የነበራችሁ እናንተ በኢየሱስ ክርስቶስ ሆናችሁ በክርስቶስ ደም ቀረባችሁ።
f82e21c4-9f6f-583d-aa31-15aff5e8360e,f4af7eb7-f4d4-5f57-a481-9dd8a7e92cbe,35e93396-6eaa-5fdc-afcb-b0dd696ec382,4,14,ሁለቱን አንድ ያደረገ ሰላማችን እርሱ ነውና፥ በሥጋውም በመካከል የነበረውን የጥል ግድግዳ አፍርሶ ጥልን ሻረ።
57739799-a83d-56b7-a070-ae44799812e1,f4af7eb7-f4d4-5f57-a481-9dd8a7e92cbe,35e93396-6eaa-5fdc-afcb-b0dd696ec382,5,15,ሁለቱንም አድሶ አንድ ያደርጋቸው ዘንድ በሥርዐቱ የትእዛዝን ሕግ አጠፋ፤ ዕርቅንም አደረገ።
cd4ea31b-bab2-5d8e-a9f9-c2138b8275a1,f4af7eb7-f4d4-5f57-a481-9dd8a7e92cbe,35e93396-6eaa-5fdc-afcb-b0dd696ec382,6,16,በመስቀሉም በአንድ ሥጋው ሁለቱን ወደ እግዚአብሔር አቀረባቸው፤ በእርሱም ጥልን አጠፋ።
45c4b99c-b4a7-5a8d-afb6-5106e2f47446,f4af7eb7-f4d4-5f57-a481-9dd8a7e92cbe,35e93396-6eaa-5fdc-afcb-b0dd696ec382,7,17,መጥቶም፤ ቀርበን ለነበርነው ሰላምን፥ ርቃችሁ ለነበራችሁት ለእናንተም ሰላምን ሰጠን።
55148e34-c4f4-5c99-a3c6-479549660540,f4af7eb7-f4d4-5f57-a481-9dd8a7e92cbe,35e93396-6eaa-5fdc-afcb-b0dd696ec382,8,18,እርሱ መርቶናልና፤ ሁለታችንንም በመንፈስ ቅዱስ ወደ አባቱ አቅርቦናልና።
aafcd99e-e6f0-5a17-a761-4fc04eaec253,f4af7eb7-f4d4-5f57-a481-9dd8a7e92cbe,35e93396-6eaa-5fdc-afcb-b0dd696ec382,9,19,እንግዲህስ ወዲህ እናንተ ከቅዱሳን ጋር ባላገሮችና የእግዚአብሔር ቤተ ሰቦች እንጂ እንግዶችና መጻተኞች አይደላችሁም።
0cc7b5b7-b8d4-5a06-a786-1d11f84fa82d,f4af7eb7-f4d4-5f57-a481-9dd8a7e92cbe,35e93396-6eaa-5fdc-afcb-b0dd696ec382,10,20,በነቢያትና በሐዋርያት መሠረት ላይ ታንጻችኋልና የሕንጻው የማዕዘን ራስ ድንጋይም ኢየሱስ ክርስቶስ ነው፤
99a5efda-3518-578b-adbc-02f163786c3d,f4af7eb7-f4d4-5f57-a481-9dd8a7e92cbe,35e93396-6eaa-5fdc-afcb-b0dd696ec382,11,21,እርሱም ሕንጻ ሁሉ የሚያያዝበት፥ የእግዚአብሔርም ቤተ መቅደስ ግንብ የሚያድግበት ነው።
4d5e2d4d-fccc-5110-a83f-a83f112bd271,f4af7eb7-f4d4-5f57-a481-9dd8a7e92cbe,35e93396-6eaa-5fdc-afcb-b0dd696ec382,12,22,እናንተ በመንፈስ ቅዱስ የእግዚአብሔር ማደሪያ ልትሆኑ በእርሱ ታነጻችሁ።
861a910f-d693-5db5-a98c-739082cd3c3c,bf2faf38-f18e-563f-a781-a4ea4d21cd2e,de8c583a-6635-5f90-aa70-8618c3f1cb03,1,1,ስለዚህ አሕዛብ ሆይ ስለ እናንተ እኔ ጳውሎስ የክርስቶስ እስረኛው ነኝ።
9d4fc819-90d1-505d-a2b7-9e60b4fb2589,bf2faf38-f18e-563f-a781-a4ea4d21cd2e,de8c583a-6635-5f90-aa70-8618c3f1cb03,2,2,ስለ እናንተ የሰጠኝን የእግዚአብሔርን የጸጋውን ስጦታ ሰምታችኋል።
ab45f7ea-0fa9-5495-a4ea-d33f7c9fb81f,bf2faf38-f18e-563f-a781-a4ea4d21cd2e,de8c583a-6635-5f90-aa70-8618c3f1cb03,3,3,አስቀድሞ በጥቂቱ እንደ ጻፍሁላችሁ ይህን ምሥጢር ገልጦ አሳይቶኛልና።
06af2c4d-4963-543a-ac09-dd1d4d494b38,bf2faf38-f18e-563f-a781-a4ea4d21cd2e,de8c583a-6635-5f90-aa70-8618c3f1cb03,4,4,ይህንም በምታነቡበት ጊዜ፥ የክርስቶስን ምሥጢር ማስተዋሌን ለማወቅ ትችላላችሁ።
1d96f3b3-657e-56eb-a9e2-6d565a9c44a3,bf2faf38-f18e-563f-a781-a4ea4d21cd2e,de8c583a-6635-5f90-aa70-8618c3f1cb03,5,5,በሌላ ዘመን ለሰው ልጆች ያልተገለጠ ዛሬ ለቅዱሳን ሐዋርያቱና ለነቢያቱ በመንፈስ ቅዱስ እንደ ተገለጠ፥
56ade6c0-bcb9-5b93-af0e-c78b8e31506e,bf2faf38-f18e-563f-a781-a4ea4d21cd2e,de8c583a-6635-5f90-aa70-8618c3f1cb03,6,6,አሕዛብን ወራሾቹና አካሉ ያደርጋቸው ዘንድ፥ በወንጌልም ትምህርት በኢየሱስ ክርስቶስ በሆነው ተስፋ አንድ ይሆኑ ዘንድ።
7c522a95-f5d0-54e8-ae18-3ab733168755,bf2faf38-f18e-563f-a781-a4ea4d21cd2e,de8c583a-6635-5f90-aa70-8618c3f1cb03,7,7,በኀይሉ አጋዥነት እንደ ሰጠኝ እንደ ጸጋው ስጦታ መጠን እኔ መልእክተኛና አዋጅ ነጋሪ የሆንሁለት፥
eebdc869-9207-5d1a-a6fa-5bdd8832fce8,bf2faf38-f18e-563f-a781-a4ea4d21cd2e,de8c583a-6635-5f90-aa70-8618c3f1cb03,8,8,ከቅዱሳን ሁሉ ለማንስ ለእኔ የማይመረመረውን የክርስቶስን ባለጸግነት ለአሕዛብ አስተምር ዘንድ ይህን ጸጋ ሰጠኝ።
497ab407-89b3-5de6-aceb-121ca01ae4f9,bf2faf38-f18e-563f-a781-a4ea4d21cd2e,de8c583a-6635-5f90-aa70-8618c3f1cb03,9,9,ሁሉን በፈጠረ በእግዚአብሔር ከዘለዓለም የተሰወረ የዚህ ምሥጢር ሥርዐትንም ለሁሉ እገልጥ ዘንድ፤
19a8c4be-dac1-521a-af10-bad6eb35e706,bf2faf38-f18e-563f-a781-a4ea4d21cd2e,de8c583a-6635-5f90-aa70-8618c3f1cb03,10,10,ብዙ ልዩ ልዩ የሆነች የእግዚአብሔር ጥበብ አሁን በቤተ ክርስቲያን በኩል በሰማያዊ ስፍራ ውስጥ ላሉት አለቆችና ሥልጣናት ትታወቅ ዘንድ፤
55bbb427-f6f4-5422-a611-b5497dced4fe,bf2faf38-f18e-563f-a781-a4ea4d21cd2e,de8c583a-6635-5f90-aa70-8618c3f1cb03,11,11,ዓለም ሳይፈጠር የወሰናት፥ በጌታችን በኢየሱስ ክርስቶስም የፈጸማት፥
43c3ef15-87cc-57c2-a2a8-eea5b7f51a1e,bf2faf38-f18e-563f-a781-a4ea4d21cd2e,de8c583a-6635-5f90-aa70-8618c3f1cb03,12,12,እኛ ጸጋንና ባለሟልነትን ያገኘንበት፥ በሃይማኖት ወደሚገኘው ተስፋም ያደረሰበት፤
621ff89f-2e4c-55d9-a75f-251e3c85da00,bf2faf38-f18e-563f-a781-a4ea4d21cd2e,de8c583a-6635-5f90-aa70-8618c3f1cb03,13,13,ስለዚህም ስለ እናንተ ለክብራችሁ የምታገኘኝን መከራዬን ቸል እንዳይላት እግዚአብሔርን እማልደዋለሁ።
e12796dd-5966-501c-a2de-1f10b2dcd328,bf2faf38-f18e-563f-a781-a4ea4d21cd2e,01b1fe25-0761-5e24-a036-0e3da4f4efe5,1,14,ስለዚህም በልቡናዬ ተንበርክኬ ለአብ እሰግዳለሁ።
836143e0-acbe-5148-aa07-993c6224de64,bf2faf38-f18e-563f-a781-a4ea4d21cd2e,01b1fe25-0761-5e24-a036-0e3da4f4efe5,2,15,በሰማይና በምድር ያሉ ነገዶች ሁሉ ለሚጠሩት ለእርሱ፤
1d3bf2f9-2693-5c54-a949-797027b699bc,bf2faf38-f18e-563f-a781-a4ea4d21cd2e,01b1fe25-0761-5e24-a036-0e3da4f4efe5,3,16,እንደ ጌትነቱ ምላት ይሰጣችሁ ዘንድ፥ በመንፈስ ቅዱስም ኀይል ያጸናችሁ ዘንድ።
b3865219-f051-5c85-ab88-104d53a5ee2d,bf2faf38-f18e-563f-a781-a4ea4d21cd2e,01b1fe25-0761-5e24-a036-0e3da4f4efe5,4,17,በልባችሁ ውስጥ በፍቅር ሥር መሠረታችሁ የጸና ሲሆን ክርስቶስ በሃይማኖት በሰው ውስጥ ያድራልና።
f2620cc7-ad75-5fcf-a2e7-497718d60005,bf2faf38-f18e-563f-a781-a4ea4d21cd2e,01b1fe25-0761-5e24-a036-0e3da4f4efe5,5,18,ስፋቱና ርዝመቱ፥ ምጥቀቱና ጥልቀቱ ምን ያህል እንደ ሆነ ከቅዱሳን ሁሉ ጋር ለማስተዋል ትችሉ ዘንድ፥
594a385e-2cb6-58c7-a1c2-046a0b9ca3b1,bf2faf38-f18e-563f-a781-a4ea4d21cd2e,01b1fe25-0761-5e24-a036-0e3da4f4efe5,6,19,የክርስቶስን ፍቅር ለመረዳት፥ በእግዚአብሔር ፍጹምነት በሁሉ ፍጹማን ትሆኑ ዘንድ።
1c661dec-5617-50f4-a81c-35aa2eb2517e,bf2faf38-f18e-563f-a781-a4ea4d21cd2e,01b1fe25-0761-5e24-a036-0e3da4f4efe5,7,20,በከሃሊነቱ እንደ ረዳን መጠን፥ የምናስበውንና የምንለምነውን ሁሉ ትሠሩ ዘንድ፥ ታበዙም ዘንድ ሊያጸናችሁ ለሚችል፥
80944725-9e31-5044-a381-66804be56325,bf2faf38-f18e-563f-a781-a4ea4d21cd2e,01b1fe25-0761-5e24-a036-0e3da4f4efe5,8,21,ለእርሱ በቤተ ክርስቲያን በኢየሱስ ክርስቶስ፥ በትውልድ ሁሉ ምስጋና ይሁን ለዘለዓለሙ አሜን።
52140bb0-fc4c-53c5-a5be-0cb318baa66e,bdadd3a8-d1ef-5ea6-a6c9-6da49a6b63b7,f5563b99-2075-56da-a676-d71d15ef7ea6,1,1,ወንድሞቻችን ሆይ፥ ለተጠራሁላት አጠራር በሚገባ ትኖሩ ዘንድ በክርስቶስ እስረኛ የሆንሁ እኔ ጳውሎስ እማልዳችኋለሁ።
9b46d7d4-606d-52c1-a900-dc7b3a691324,bdadd3a8-d1ef-5ea6-a6c9-6da49a6b63b7,f5563b99-2075-56da-a676-d71d15ef7ea6,2,2,በፍጹም የዋህነት ራሳችሁን ዝቅ አድርጋችሁ እየታገሣችሁ፥ ለወንድሞቻችሁም እሺ እያላችሁ፥ በፍቅር እየተጋችሁና እየተባበራችሁ፥
c932b02d-8ae3-5d6b-a68f-27f19cb215ba,bdadd3a8-d1ef-5ea6-a6c9-6da49a6b63b7,f5563b99-2075-56da-a676-d71d15ef7ea6,3,3,በአንድ መንፈስና በሰላም ማሰሪያነት እየተጠበቃችሁ፥
6dbd37c6-4a60-57ac-a875-f62565112597,bdadd3a8-d1ef-5ea6-a6c9-6da49a6b63b7,f5563b99-2075-56da-a676-d71d15ef7ea6,4,4,ለአንዱ ተስፋችሁ እንደ መጠራታችሁ መጠን፥ አንድ አካልና አንድ መንፈስ ትሆኑ ዘንድ እማልዳችኋለሁ።
3b9d5829-bada-5233-aea6-188c79bb6cf2,bdadd3a8-d1ef-5ea6-a6c9-6da49a6b63b7,f5563b99-2075-56da-a676-d71d15ef7ea6,5,5,ጌታ አንድ ነው፤ ሃይማኖትም አንዲት ናት፤ ጥምቀትም አንዲት ናት።
8495ebc7-07e9-50ed-a991-a213268b16cb,bdadd3a8-d1ef-5ea6-a6c9-6da49a6b63b7,f5563b99-2075-56da-a676-d71d15ef7ea6,6,6,በሁሉ ሙሉ የሚሆን ሁሉም ከእርሱ የተገኘ ከሁሉም በላይ ያለ የሁሉ አባት እግዚአብሔር አንድ ነው።
5dddc609-7c67-5250-a5f7-bf5571469633,bdadd3a8-d1ef-5ea6-a6c9-6da49a6b63b7,f5563b99-2075-56da-a676-d71d15ef7ea6,7,7,ከእኛ ለእያንዳንዱ በክርስቶስ ስጦታ መጠን ጸጋው ተሰጥቶናል።
6b3ab5a8-2666-5603-ac36-bb00c499c49c,bdadd3a8-d1ef-5ea6-a6c9-6da49a6b63b7,f5563b99-2075-56da-a676-d71d15ef7ea6,8,8,“ምርኮን ማርከህ ወደ ሰማይ ወጣህ፤ ጸጋህንም ለሰው ልጅ ሰጠህ” ይላልና።
41bdab8d-5c1b-5ed7-ab7c-9c450ab12fad,bdadd3a8-d1ef-5ea6-a6c9-6da49a6b63b7,f5563b99-2075-56da-a676-d71d15ef7ea6,9,9,ከምድር በታች ካልወረደ መውጣቱ ምንድን ነው?
0e8db1c3-2689-5df0-a1b9-6360f5e046d5,bdadd3a8-d1ef-5ea6-a6c9-6da49a6b63b7,f5563b99-2075-56da-a676-d71d15ef7ea6,10,10,የወረደው እርሱ ነው፤ ሁሉንም ይመላ ዘንድ ከሰማያት ሁሉ በላይ የወጣው ደግሞ እርሱ ነው።
0ac5ae64-db62-575c-a1fd-07a1718c2097,bdadd3a8-d1ef-5ea6-a6c9-6da49a6b63b7,f5563b99-2075-56da-a676-d71d15ef7ea6,11,11,እርሱም ጸጋን ሰጠ፤ ከቤተ ሰቦቹም ሐዋርያትን፥ ከእነርሱም ነቢያትንና የወንጌል ሰባኪዎችን፥ ጠባቂዎችንና መምህራንን ሾመ።
82793557-ec31-5495-a044-e357d47fb7dc,bdadd3a8-d1ef-5ea6-a6c9-6da49a6b63b7,f5563b99-2075-56da-a676-d71d15ef7ea6,12,12,ቅዱሳን ለአገልግሎቱ ሥራና ለክርስቶስ አካል ሕንጻ እንዲጸኑ፤
89b361af-6334-5c37-af12-883114ed69b8,bdadd3a8-d1ef-5ea6-a6c9-6da49a6b63b7,f5563b99-2075-56da-a676-d71d15ef7ea6,13,13,ሁላችን የእግዚአብሔርን ልጅ በማመንና በማወቅ አንድ እስክንሆን ድረስ በክርስቶስ ምልዐት መጠን፥ አካለ መጠን እንደ አደረሰ እንደ አንድ ሙሉ ሰው እስክንሆን ድረስ፥
2c922d54-035c-5615-ac1e-e7d8c367ce8b,bdadd3a8-d1ef-5ea6-a6c9-6da49a6b63b7,f5563b99-2075-56da-a676-d71d15ef7ea6,14,14,እንግዲህ በሽንገላቸው ያስቱ ዘንድ በሚተናኰሉ ሰዎች ተንኰል ምክንያት በትምህርት ነፋስ ሁሉ ወዲያና ወዲህ እየተፍገመገምንና እየተንሳፈፍን ሕፃናት አንሁን።
b432bc82-3794-5b9d-aed1-be4a9a236480,bdadd3a8-d1ef-5ea6-a6c9-6da49a6b63b7,f5563b99-2075-56da-a676-d71d15ef7ea6,15,15,ነገር ግን በፍቅር እውነተኞች እንሆን ዘንድ ራስ ወደ ሆነው ወደ እርሱ ወደ ክርስቶስ እንደግ።
e68c638a-5cea-52b4-acf0-bfbbc07a3ba1,bdadd3a8-d1ef-5ea6-a6c9-6da49a6b63b7,f5563b99-2075-56da-a676-d71d15ef7ea6,16,16,ከእርሱ የተነሣ አካል ሁሉ እያንዳንዱ ክፍል በልክ እንደሚሠራ፥ በተሰጠው በሥር ሁሉ እየተጋጠመና እየተያያዘ፥ ራሱን በፍቅር ለማነጽ አካሉን ያሳድጋል።
433ddb78-1058-5179-acec-39fdb69a089f,bdadd3a8-d1ef-5ea6-a6c9-6da49a6b63b7,a52e9e6b-4db0-5abe-a612-4e5df5745834,1,17,እንግዲህ በልባቸው ከንቱ አሳብ እንደሚኖሩ እንደ አሕዛብ እንዳትኖሩ ይህን እላለሁ፤ በእግዚአብሔርም እመሰክራለሁ።
29afe38b-b90f-5400-a8b3-497748d1c855,bdadd3a8-d1ef-5ea6-a6c9-6da49a6b63b7,a52e9e6b-4db0-5abe-a612-4e5df5745834,2,18,ልቡናቸው የተጨፈነ ነው፤ በስንፍናቸውና በድንቍርናቸው እግዚአብሔር ከሚሰጣቸው ሕይወት የተለዩ ናቸው።
73a4171b-e6d2-592f-a7e5-23e3f1c5b52e,bdadd3a8-d1ef-5ea6-a6c9-6da49a6b63b7,a52e9e6b-4db0-5abe-a612-4e5df5745834,3,19,ተስፋ የቈረጡ ናቸው፤ ራሳቸውንም ለጕስቍልና፥ ለርኵሰትና ለመዳራት አሳልፈው ሰጡ።
8a3e45ad-73c1-533a-abe1-6710c2c15398,bdadd3a8-d1ef-5ea6-a6c9-6da49a6b63b7,a52e9e6b-4db0-5abe-a612-4e5df5745834,4,20,እናንተ ግን ክርስቶስን የተማራችሁት እንደዚህ አይደለም።
ed7c3d95-65c4-5f71-a034-1c2142b14f7f,bdadd3a8-d1ef-5ea6-a6c9-6da49a6b63b7,a52e9e6b-4db0-5abe-a612-4e5df5745834,5,21,በርግጥ ከሰማችሁት፥ እውነት በኢየሱስ ክርስቶስ ነውና እውነትን በእርሱ ዘንድ ትማራላችሁ፤
d3617873-9aa9-544a-aaa0-002243cfa754,bdadd3a8-d1ef-5ea6-a6c9-6da49a6b63b7,a52e9e6b-4db0-5abe-a612-4e5df5745834,6,22,የቀድሞ ጠባያችሁን ከእናንተ አርቁ፤ ይህንም ስሕተት በሚያመጣው ምኞት ስለሚጠፋው ስለ አሮጌው ሰውነት እላለሁ።
933ad5c3-a044-58ad-ade2-0c90eb83e232,bdadd3a8-d1ef-5ea6-a6c9-6da49a6b63b7,a52e9e6b-4db0-5abe-a612-4e5df5745834,7,23,የልቡናችሁን ዕውቀት አድሱ።
e44c3eee-8159-5f7e-a441-66ed807bbf13,bdadd3a8-d1ef-5ea6-a6c9-6da49a6b63b7,a52e9e6b-4db0-5abe-a612-4e5df5745834,8,24,እግዚአብሔርም በእውነት፥ በቅንነትና በንጽሕና ያደሰውን አዲሱን ሰውነት ልበሱት።
c6fd8d61-67c4-52ad-ad8e-b9e24d3e8b1f,bdadd3a8-d1ef-5ea6-a6c9-6da49a6b63b7,a52e9e6b-4db0-5abe-a612-4e5df5745834,9,25,ስለዚህም ሐሰትን ተዉአት፤ ሁላችሁም ከወንድሞቻችሁ ጋር እውነትን ተነጋገሩ፤ እኛ አንድ አካል ነንና።
88961d02-1b33-533e-a1ab-b054c429e9c1,bdadd3a8-d1ef-5ea6-a6c9-6da49a6b63b7,a52e9e6b-4db0-5abe-a612-4e5df5745834,10,26,ተቈጡ፤ አትበድሉም፤ ፀሐይ ሳይጠልቅም ቍጣችሁን አብርዱ።
8146f313-52b8-5ad4-a25e-e06b9b084fea,bdadd3a8-d1ef-5ea6-a6c9-6da49a6b63b7,a52e9e6b-4db0-5abe-a612-4e5df5745834,11,27,ለሰይጣንም መንገድን አትስጡት።
d4843792-8357-575e-a91f-b2c7d3879bcc,bdadd3a8-d1ef-5ea6-a6c9-6da49a6b63b7,a52e9e6b-4db0-5abe-a612-4e5df5745834,12,28,የሚሰርቅም እንግዲህ አይስረቅ፤ ነገር ግን ድሃውን ይረዳ ዘንድ በእጆቹ መልካም እየሠራ ይድከም።
df854957-ae40-558d-ad3c-5c05f2e0db71,bdadd3a8-d1ef-5ea6-a6c9-6da49a6b63b7,a52e9e6b-4db0-5abe-a612-4e5df5745834,13,29,የሚሰሙአችሁ ሞገስን ያገኙ ዘንድ፥ ግዳጃችሁ እንዲፈጸም መልካም ነገር እንጂ ክፉ ነገር ሁሉ ከአፋችሁ አይውጣ።
8c7001de-49f3-51af-a9ad-c6c5f22752d4,bdadd3a8-d1ef-5ea6-a6c9-6da49a6b63b7,a52e9e6b-4db0-5abe-a612-4e5df5745834,14,30,በዳናችሁ ጊዜ የታተማችሁበትን የእግዚአብሔርን ቅዱስ መንፈስ አታሳዝኑት።
e3a4ee25-29cb-52a3-aa92-c9147a5b45c6,bdadd3a8-d1ef-5ea6-a6c9-6da49a6b63b7,a52e9e6b-4db0-5abe-a612-4e5df5745834,15,31,መራራነትንና ቍጣን፥ ብስጭትንና ርግማንን፥ ጥፋትንና ስድብን ሁሉ ከክፉ ነገር ሁሉ ጋር ከእናንተ አርቁ።
d329b61f-5d73-5174-a8ae-773181c380d8,bdadd3a8-d1ef-5ea6-a6c9-6da49a6b63b7,a52e9e6b-4db0-5abe-a612-4e5df5745834,16,32,እርስ በርሳችሁም ቸሮችና ርኅሩኆች ሁኑ፤ እግዚአብሔርም በክርስቶስ ይቅር እንዳላችሁ ይቅር ተባባሉ።
ad154823-b936-5ac2-affc-72694f0d2809,84880523-3309-5788-a7ef-ef319d835413,e03167b8-3dce-586c-ae55-71072ffdb974,1,1,እንግዲህ እንደ ተወደዱ ልጆች እግዚአብሔርን ምሰሉ።
dad4c151-c56f-5a18-a4d6-2ca312ce56d5,84880523-3309-5788-a7ef-ef319d835413,e03167b8-3dce-586c-ae55-71072ffdb974,2,2,ክርስቶስ እንደ ወደዳችሁ፥ ራሱንም ለእግዚአብሔር በጎ መዓዛ የሚሆን መሥዋዕትና ቍርባን አድርጎ እንደ ሰጠላችሁ በፍቅር ተመላለሱ።
ba1303cd-acdf-51d1-a60d-54dd59d36ef8,84880523-3309-5788-a7ef-ef319d835413,e03167b8-3dce-586c-ae55-71072ffdb974,3,3,ነገር ግን ለቅዱሳን እንደሚገባቸው፥ ዝሙትና ርኵሰት ሁሉ ወይም ቅሚያ አይሰማባችሁ።
db06c4e0-4f2d-54c5-a91e-0d2204ea07ef,84880523-3309-5788-a7ef-ef319d835413,e03167b8-3dce-586c-ae55-71072ffdb974,4,4,የሚያሳፍር ነገርም፥ የስንፍና ነገርም፥ ወይም የማይገባ የዋዛ ነገር በእናንተ ዘንድ አይሁን፤ ማመስገን ይሁን እንጂ።
55bb928a-48cb-5df5-a6a5-a15b9b286e38,84880523-3309-5788-a7ef-ef319d835413,e03167b8-3dce-586c-ae55-71072ffdb974,5,5,ሴሰኛ፥ ወይም ኀጢአተኛ፥ ወይም ቀማኛ፥ ወይም ጣዖትን የሚያመልክ ሁሉ በእግዚአብሔር ልጅ በክርስቶስ መንግሥት ዕድል ፋንታ እንደሌለው ይህን ዕወቁ።
ae71b874-8ca3-5edc-a8b6-179b4caff078,84880523-3309-5788-a7ef-ef319d835413,e03167b8-3dce-586c-ae55-71072ffdb974,6,6,በከንቱ ነገርም የሚያስታችሁ አይኑር፤ በእርሱ ምክንያት በከሓዲዎች ልጆች ላይ የእግዚአብሔር መዓት ይመጣልና።
eea251fa-8be7-56a4-ad2a-7824cd6b28d4,84880523-3309-5788-a7ef-ef319d835413,e03167b8-3dce-586c-ae55-71072ffdb974,7,7,እንግዲህ አትምሰሉአቸው።
a504783e-aff0-5bd8-a716-80c5cf33a521,84880523-3309-5788-a7ef-ef319d835413,e03167b8-3dce-586c-ae55-71072ffdb974,8,8,ቀድሞ ጨለማ ነበራችሁና፥ ዛሬ ግን በጌታችን ብርሃን ሆናችኋል። እንግዲህስ እንደ ብርሃን ልጆች ተመላለሱ።
01876ce6-db1d-50e9-a5af-f41eb02d83b1,84880523-3309-5788-a7ef-ef319d835413,e03167b8-3dce-586c-ae55-71072ffdb974,9,9,የብርሃን ፍሬው በጎ ሥራና እውነት፥ ቅንነትም ሁሉ ነውና።
5f4cd2e3-e178-5bf2-acdc-1c227d5453ca,84880523-3309-5788-a7ef-ef319d835413,e03167b8-3dce-586c-ae55-71072ffdb974,10,10,እግዚአብሔርንም ደስ የሚያሰኘውን መርምሩ።
700d5f79-66f3-5cab-a48f-67dcb1a04b2d,84880523-3309-5788-a7ef-ef319d835413,e03167b8-3dce-586c-ae55-71072ffdb974,11,11,የሥራ ፍሬ ከሌላቸው፥ ሁለንተናቸውም ጨለማ ከሆነ ሰዎች ጋር አትተባበሩ፤ ገሥጹአቸው እንጂ።
65153bc0-c3a4-5e20-af58-9c635af3b4a7,84880523-3309-5788-a7ef-ef319d835413,e03167b8-3dce-586c-ae55-71072ffdb974,12,12,በስውር የሚሠሩት ሥራ ለመናገር የሚያሳፍር ነውና።
e5db867d-5eb2-5e32-a000-ee8f6c845c20,84880523-3309-5788-a7ef-ef319d835413,e03167b8-3dce-586c-ae55-71072ffdb974,13,13,ነገር ግን በብርሃን የተገለጠ ሁሉ ይታወቃል፤ የሚታየው ሁሉ ብርሃን ነውና።
6fc36237-9eca-5d2c-ab5f-7154376d6032,84880523-3309-5788-a7ef-ef319d835413,e03167b8-3dce-586c-ae55-71072ffdb974,14,14,“የተኛህ ንቃ ከሙታንም ተለይተህ ተነሥ፤ ክርስቶስም ያበራልሃል” ብሎአልና።
e789f257-b319-59dc-a98c-2c9b9b0c6660,84880523-3309-5788-a7ef-ef319d835413,e03167b8-3dce-586c-ae55-71072ffdb974,15,15,እንግዲህ እንደ ዐዋቂዎች እንጂ እንደ አላዋቂዎች ሳይሆን እንዴት እንደምትመላለሱ በጥንቃቄ ዕወቁ።
f67ffe8b-672e-53c6-a5de-63c4718963a1,84880523-3309-5788-a7ef-ef319d835413,e03167b8-3dce-586c-ae55-71072ffdb974,16,16,ቀኖች ክፉዎች ናቸውና ዘመኑን ዋጁት።
48edb51f-2850-575a-a07f-f00423df0273,84880523-3309-5788-a7ef-ef319d835413,e03167b8-3dce-586c-ae55-71072ffdb974,17,17,ስለዚህም ሰነፎች አትሁኑ፤ የእግዚአብሔርን ፈቃድ አስተውሉ እንጂ።
5bcb0db6-8626-53c2-af89-2d4c61bf9ebc,84880523-3309-5788-a7ef-ef319d835413,e03167b8-3dce-586c-ae55-71072ffdb974,18,18,መዳራት ነውና ወይን በመጠጣት አትስከሩ፤ መንፈስ ቅዱስን ተመሉ እንጂ።
a89cc688-c3cf-573d-a2c5-5eebdfaaea57,84880523-3309-5788-a7ef-ef319d835413,e03167b8-3dce-586c-ae55-71072ffdb974,19,19,መዝሙርንና ምስጋናን፥ የተቀደሰ ማሕሌትንም አንብቡ፤ በልባችሁም ለእግዚአብሔር ተቀኙ፤ ዘምሩም።
2675163f-9def-5f81-afb2-da3c22f56a0a,84880523-3309-5788-a7ef-ef319d835413,e03167b8-3dce-586c-ae55-71072ffdb974,20,20,ዘወትርም ስለ ሁሉ በጌታችን በኢየሱስ ክርስቶስ ስም ለእግዚአብሔር አብ ምስጋና አቅርቡ።
6ee07c9b-6aa6-57e8-af3c-6766ec709d8e,84880523-3309-5788-a7ef-ef319d835413,049a6b6b-51ba-5a5f-a5d4-bdec3dc59e18,1,21,እግዚአብሔርን በመፍራት ለባልንጀሮቻችሁ ራሳችሁን ዝቅ አድርጉ።
55408aae-012d-5b65-a987-a4a32e70931d,84880523-3309-5788-a7ef-ef319d835413,049a6b6b-51ba-5a5f-a5d4-bdec3dc59e18,2,22,ሴቶችም ለጌታችን እንደሚታዘዙ ለባሎቻቸው ይታዘዙ።
5db274d2-4041-54df-aeed-2a2136716978,84880523-3309-5788-a7ef-ef319d835413,049a6b6b-51ba-5a5f-a5d4-bdec3dc59e18,3,23,ክርስቶስ አካሉ ለሆነችው ቤተ ክርስቲያን ራስዋ አዳኝዋም እንደ ሆነ ወንድ ለሴት ራስዋ ነውና።
a6260376-8b0c-522c-abe4-c3efb90e991e,84880523-3309-5788-a7ef-ef319d835413,049a6b6b-51ba-5a5f-a5d4-bdec3dc59e18,4,24,ቤተ ክርስቲያን ለክርስቶስ እንደምትታዘዝ፥ እንዲሁም ሴቶች ለባሎቻቸው በሁሉ ይታዘዙ።
bd8b9c04-2460-56b1-a60c-25c87a874648,84880523-3309-5788-a7ef-ef319d835413,049a6b6b-51ba-5a5f-a5d4-bdec3dc59e18,5,25,ወንዶችም ክርስቶስ ቤተ ክርስቲያንን እንደ ወደዳት፥ ራሱንም ስለ እርስዋ ቤዛ አድርጎ እንደ ሰጠላት ሚስቶቻቸውን ይውደዱ።
4e352561-9b71-56b1-a6ed-e23040922cfa,84880523-3309-5788-a7ef-ef319d835413,049a6b6b-51ba-5a5f-a5d4-bdec3dc59e18,6,26,በውኃ ጥምቀትና በቃሉ ይቀድሳትና ያነጻት ዘንድ፥
4fc429ea-f878-52cb-a3e5-d5b2049ab9c4,84880523-3309-5788-a7ef-ef319d835413,049a6b6b-51ba-5a5f-a5d4-bdec3dc59e18,7,27,የነጻችና የተቀደሰች ትሆን ዘንድ እንጂ በላይዋ እድፈት ወይም ርኵሰት እንዳያገኝባት፥ ቤተ ክርስቲያኑን ለእርሱ የከበረች ያደርጋት ዘንድ፤
c3d4524a-e443-5019-ad91-ae8699118d66,84880523-3309-5788-a7ef-ef319d835413,049a6b6b-51ba-5a5f-a5d4-bdec3dc59e18,8,28,እንዲሁም ወንዶች ሚስቶቻቸውን እንደ ራሳቸው አድርገው ይውደዱ፤ ሚስቱንም የወደደ ራሱን ወደደ።
de136df0-3aee-5040-aa23-e2e38ce00407,84880523-3309-5788-a7ef-ef319d835413,049a6b6b-51ba-5a5f-a5d4-bdec3dc59e18,9,29,ከቶ ሥጋውን መጥላት የሚቻለው የለም፤ ክርስቶስ ቤተ ክርስቲያንን እንደ መገባት መግቡ፤ ጠብቁም።
57d2130b-2a3a-5675-a1a0-e1fa92d86981,84880523-3309-5788-a7ef-ef319d835413,049a6b6b-51ba-5a5f-a5d4-bdec3dc59e18,10,30,እኛ የአካሉ ሕዋሳት ነንና።
da73b6eb-bceb-53f2-af50-d0d883233118,84880523-3309-5788-a7ef-ef319d835413,049a6b6b-51ba-5a5f-a5d4-bdec3dc59e18,11,31,“ስለዚህም ወንድ አባቱንና እናቱን ይተዋል፤ ከሚስቱም ጋር አንድ ይሆናል፤ ሁለቱም አንድ አካል ይሆናሉ።”
db521cfa-edbd-5883-a210-523e32160ede,84880523-3309-5788-a7ef-ef319d835413,049a6b6b-51ba-5a5f-a5d4-bdec3dc59e18,12,32,ይህም ምሥጢር ታላቅ ነው፤ እኔም ይህንኑ ስለ ክርስቶስና ስለ ቤተ ክርስቲያኑ እናገረዋለሁ።
fd5d7dc1-33d8-5511-a633-59aabf780a99,84880523-3309-5788-a7ef-ef319d835413,049a6b6b-51ba-5a5f-a5d4-bdec3dc59e18,13,33,እንግዲያስ እናንተም ሁላችሁ እንዲሁ ሚስቶቻችሁን እንደ ራሳችሁ ውደዱ፥ ሴትም ባልዋን ትፍራው።
c1b47795-f377-53ec-a1da-54a9c26a1434,e73d8766-1eb9-5a8c-a064-5ab6163cfdff,5885174c-7000-53d4-af39-46bb96ada7a6,1,1,ልጆች ሆይ፥ ለወላጆቻችሁ በጌታችን ታዘዙ፤ ይህ የሚገባ ነውና።
dd0dfebd-51ce-5191-a5f9-27defd97dba7,e73d8766-1eb9-5a8c-a064-5ab6163cfdff,5885174c-7000-53d4-af39-46bb96ada7a6,2,2,በሕግም ተስፋ ያለው የመጀመሪያው ትእዛዝ ይህ ነው፥ “አባትህንና እናትህን አክብር፤
052a89ce-9b37-50e0-af11-da329a893774,e73d8766-1eb9-5a8c-a064-5ab6163cfdff,5885174c-7000-53d4-af39-46bb96ada7a6,3,3,መልካም ይሆንልህ ዘንድ፥ በምድር ላይም ዕድሜህ ይረዝም ዘንድ።”
cd432ebf-e10f-5402-a994-1bd4aed0ecc5,e73d8766-1eb9-5a8c-a064-5ab6163cfdff,5885174c-7000-53d4-af39-46bb96ada7a6,4,4,እናንተም አባቶች ሆይ፥ ልጆቻችሁን በእግዚአብሔር ተግሣጽና ምክር አሳድጉአቸው እንጂ አታስቈጡአቸው።
65681b9e-ffff-5086-ac17-a9d5f0c19714,e73d8766-1eb9-5a8c-a064-5ab6163cfdff,02f1e2d6-3056-5d1b-a06b-57a5e88c9603,1,5,አገልጋዮችም በሥጋችሁ ለሚገዙአችሁ ጌቶቻችሁ በፍርሀትና በመደንገጥ፥ በሰፊ ልብም ለክርስቶስ እንደምትገዙ ታዘዙ።
08c903a4-be67-525e-ace2-fc57e8197902,e73d8766-1eb9-5a8c-a064-5ab6163cfdff,02f1e2d6-3056-5d1b-a06b-57a5e88c9603,2,6,የእግዚአብሔርን ፈቃድ እንደሚያደርጉ እንደ ክርስቶስ ባሮች እንጂ ለሰው ደስ እንደሚያሰኝ ለታይታ አይደለም።
e5a285c6-5279-53cc-a4cb-ecc9f5262572,e73d8766-1eb9-5a8c-a064-5ab6163cfdff,02f1e2d6-3056-5d1b-a06b-57a5e88c9603,3,7,ለሰው ሳይሆን ለእግዚአብሔር እንደምትገዙ በፍጹም ሰውነታችሁ በፍቅርና በበጎ ፈቃድ ተገዙላቸው።
6bce34a9-bc93-5dbb-a1e2-dc1406f61e45,e73d8766-1eb9-5a8c-a064-5ab6163cfdff,02f1e2d6-3056-5d1b-a06b-57a5e88c9603,4,8,ጌታም ቢሆን፥ አገልጋይም ቢሆን መልካም ያደረገ ሁሉ በእግዚአብሔር ዘንድ ዋጋ እንደሚያገኝ ታውቃላችሁና።
b263ffcb-f4a2-554e-a963-6bad18999893,e73d8766-1eb9-5a8c-a064-5ab6163cfdff,02f1e2d6-3056-5d1b-a06b-57a5e88c9603,5,9,እናንተም ጌቶች ሆይ፥ ቍጣችሁን እያበረዳችሁ፥ በደላቸውንም ይቅር እያላችሁ፥ ትክክለኛውን አድርጉላቸው፤ ፊት አይቶ የማያዳላ ጌታ በእነርሱና በእናንተ ላይ በሰማይ እንደ አለ ታውቃላችሁና።
a399d46d-2e9c-5d6f-a46d-75e125ca56e4,e73d8766-1eb9-5a8c-a064-5ab6163cfdff,16c497ca-5cb8-5366-a094-1140543e4b7f,1,10,እንግዲህስ ወዲህ በእግዚአብሔርና በኀይሉ ጽናት በርቱ።
748e148e-14ea-5b9b-a80c-cca529a28dd2,e73d8766-1eb9-5a8c-a064-5ab6163cfdff,16c497ca-5cb8-5366-a094-1140543e4b7f,2,11,የሰይጣንን ተንኰል መቋቋም እንድትችሉ የእግዚአብሔርን ጋሻ ልበሱ።
86115382-e610-51a6-ada5-74649500e23d,e73d8766-1eb9-5a8c-a064-5ab6163cfdff,16c497ca-5cb8-5366-a094-1140543e4b7f,3,12,ሰልፋችሁ፦ ከጨለማ ገዦች ጋርና ከሰማይ በታች ካሉ ከክፉዎች አጋንንት ጋር ነው እንጂ ከሥጋዊና ከደማዊ ጋር አይደለምና።
8d250e24-8638-533d-a0ef-f35c84af925c,e73d8766-1eb9-5a8c-a064-5ab6163cfdff,16c497ca-5cb8-5366-a094-1140543e4b7f,4,13,ስለዚህም በክፉ ቀን መቃወም እንድትችሉ የእግዚአብሔርን ጋሻ ያዙ፤ እንድትጸኑም በሁሉ የተዘጋጃችሁ ሁኑ።
c6eed104-c1b3-582a-a53d-18c141a65cfa,e73d8766-1eb9-5a8c-a064-5ab6163cfdff,16c497ca-5cb8-5366-a094-1140543e4b7f,5,14,እንግዲህ ወገባችሁን በእውነት ታጥቃችሁ ቁሙ፤ የጽድቅንም ጥሩር ልበሱ።
109c5532-2b1e-56eb-a563-3a6c9a8f00ef,e73d8766-1eb9-5a8c-a064-5ab6163cfdff,16c497ca-5cb8-5366-a094-1140543e4b7f,6,15,የሰላም ወንጌል ኀይልንም ተጫምታችሁ ቁሙ።
2274f3bf-846c-5dbb-a9d4-80c456f75875,e73d8766-1eb9-5a8c-a064-5ab6163cfdff,16c497ca-5cb8-5366-a094-1140543e4b7f,7,16,ከዚህም ሁሉ ጋር የሚንበለበሉ የክፉን ፍላፃዎች ሁሉ ማጥፋት እንድትችሉ የእምነትን ጋሻ አንሡ።
3e2d85dc-83e2-536f-a214-aea55a428261,e73d8766-1eb9-5a8c-a064-5ab6163cfdff,16c497ca-5cb8-5366-a094-1140543e4b7f,8,17,የመዳንንም የራስ ቍር በራሳችሁ ላይ ጫኑ፤ የመንፈስ ቅዱስንም ሰይፍ ያዙ፤ ይኸውም የእግዚአብሔር ቃል ነው።
3533ac38-b878-5016-a95a-1dc1eeda3d67,e73d8766-1eb9-5a8c-a064-5ab6163cfdff,16c497ca-5cb8-5366-a094-1140543e4b7f,9,18,በጸሎትና በምልጃ ሁሉ ዘወትር በመንፈስ ጸልዩ፤ ከዚህም ጋር ስለ ቅዱሳን ሁሉ ለመጸለይ ሁልጊዜ ትጉ፤
a55ebe05-3e54-5769-a82f-7aa7abbfcc2e,e73d8766-1eb9-5a8c-a064-5ab6163cfdff,16c497ca-5cb8-5366-a094-1140543e4b7f,10,19,ለእኔም፦ ቃልን እንዲሰጠኝ፥ አፌንም ከፍቼ የወንጌልን ምሥጢር በግልጥ እንድናገር ጸልዩልኝ።
27991417-447f-5880-aca8-737fb4d15556,e73d8766-1eb9-5a8c-a064-5ab6163cfdff,16c497ca-5cb8-5366-a094-1140543e4b7f,11,20,ስለ ወንጌልም በእስራት መልእክተኛ የሆንሁ፦ መናገር እንደሚገባኝ ስለ እርሱ በግልጥ እናገር ዘንድ ጸልዩ።
94aefa09-dd34-59cc-ac66-cff2e9760919,e73d8766-1eb9-5a8c-a064-5ab6163cfdff,16c497ca-5cb8-5366-a094-1140543e4b7f,12,21,እናንተም ዜናዬን እንድታውቁ የምንወደው ወንድማችን የታመነ የእግዚአብሔር አገልጋይ ቲኪቆስ የምሠራውን ሁሉ ያስረዳችኋል።
19b32332-a3fd-5d36-aac1-57074d07c98f,e73d8766-1eb9-5a8c-a064-5ab6163cfdff,16c497ca-5cb8-5366-a094-1140543e4b7f,13,22,ዜናዬን ታውቁ ዘንድ፥ ልባችሁም ይጽናና ዘንድ፥ ስለዚህ ወደ እናንተ ላክሁት።
7afc8a4c-6da7-57f2-a7b5-7af338ad1ac8,e73d8766-1eb9-5a8c-a064-5ab6163cfdff,16c497ca-5cb8-5366-a094-1140543e4b7f,14,23,ከአባታችን ከእግዚአብሔር አብ፥ ከጌታችን ከኢየሱስ ክርስቶስም ከእምነት ጋር ሰላምና ፍቅር ለወንድሞቻችን ይሁን።
38db59b6-2c12-59d5-adbc-6a2abb426580,e73d8766-1eb9-5a8c-a064-5ab6163cfdff,16c497ca-5cb8-5366-a094-1140543e4b7f,15,24,ጌታችን ኢየሱስ ክርስቶስን ባለ መጥፋት ከሚወዱት ሁሉ ጋር ጸጋ ይሁን። አሜን።
375b3574-e761-50c8-aecc-fdccee1edfe4,3330438e-1576-56b9-a804-f4f28b5d515d,83a06025-1286-5525-a434-a7a71eb0e265,1,1,ከኢየሱስ ክርስቶስ ባርያዎች ከጳውሎስና ከጢሞቴዎስ፥ በፊልጵስዩስ ለሚኖሩ፤ ከቀሳውስትና ከዲያቆናት ጋር በኢየሱስ ክርስቶስ ላሉ ቅዱሳን ሁሉ፤
8d2b97ae-d940-5574-a0f0-55261b1a140c,3330438e-1576-56b9-a804-f4f28b5d515d,83a06025-1286-5525-a434-a7a71eb0e265,2,2,ከአባታችን ከእግዚአብሔር፥ ከጌታችን ከኢየሱስ ክርስቶስም ሰላምና ጸጋ ለእናንተ ይሁን።
a5107320-0499-5f36-a30f-a64516187677,3330438e-1576-56b9-a804-f4f28b5d515d,87ac6850-3fcc-5040-a88b-a23680f86152,1,3,እናንተን በማስብበት ጊዜ ሁሉ ዘወትር አምላኬን አመሰግነዋለሁ።
15206cc5-8c05-5fe7-ac9b-6fa73140a8c2,3330438e-1576-56b9-a804-f4f28b5d515d,87ac6850-3fcc-5040-a88b-a23680f86152,2,4,ስለ እናንተም ሁልጊዜ እጸልያለሁ፤ የደስታ ጸሎትም አደርጋለሁ።
7498ed06-ce5d-5d20-af2a-a2c538a6f0c0,3330438e-1576-56b9-a804-f4f28b5d515d,87ac6850-3fcc-5040-a88b-a23680f86152,3,5,ከመጀመሪያዪቱ ቀን ጀምሮ እስከ ዛሬ በወንጌል ትምህርት ከእኔ ጋር አንድ በመሆናችሁ፥
7f50c99a-c5d3-59e8-afc9-d8e2a47a0065,3330438e-1576-56b9-a804-f4f28b5d515d,87ac6850-3fcc-5040-a88b-a23680f86152,4,6,እርሱ የጀመረላችሁን በጎውን ሥራ ጌታችን ኢየሱስ ክርስቶስ እስከሚመጣበት ቀን ድረስ እርሱ እንደሚፈጽምላችሁ አምናለሁ።
ababa27c-f518-5cde-aee2-cb99873bf8b9,3330438e-1576-56b9-a804-f4f28b5d515d,87ac6850-3fcc-5040-a88b-a23680f86152,5,7,ስለ እናንተ ይህን ላስብ ይገባኛል፤ በምታሰርበትና በምከራከርበት፥ ወንጌልንም በማስተምርበት ጊዜ ከእኔ ጋራ በጸጋ ስለ ተባበራችሁ በልቤ ውስጥ ናችሁና።
57d6261f-0c09-53f1-a144-15a32df02d23,3330438e-1576-56b9-a804-f4f28b5d515d,87ac6850-3fcc-5040-a88b-a23680f86152,6,8,በክርስቶስ ፍቅር ሁላችሁን እንደምወዳችሁ እግዚአብሔር ምስክሬ ነው።
7b34ccd7-c4ca-5d31-afd9-98fa57af8428,3330438e-1576-56b9-a804-f4f28b5d515d,87ac6850-3fcc-5040-a88b-a23680f86152,7,9,ስለዚህም በአእምሮና በልብ ጥበብ ሁሉ ፍቅራችሁ እንዲበዛ፥ እንዲጨምርም እጸልያለሁ፤
94b09b09-315b-5a68-ae00-bbb5022e0227,3330438e-1576-56b9-a804-f4f28b5d515d,87ac6850-3fcc-5040-a88b-a23680f86152,8,10,የሚሻለውን ሥራ እንድትመረምሩና እንድትፈትኑ፥ ክርስቶስ በሚመጣበት ቀን ያለ ዕንቅፋት ቅዱሳን ትሆኑ ዘንድ፦
f4af1102-306b-5575-a33d-e49db6bee52f,3330438e-1576-56b9-a804-f4f28b5d515d,87ac6850-3fcc-5040-a88b-a23680f86152,9,11,ለእግዚአብሔር ምስጋናና ክብርም በኢየሱስ ክርስቶስ የጽድቅን ፍሬ ትሞሉ ዘንድ እጸልያለሁ፤
6a4cbe3b-2885-5877-ac7c-17ad162849f6,3330438e-1576-56b9-a804-f4f28b5d515d,a39dea30-9488-5f4d-a88e-a29a2ad294f2,1,12,ወንድሞች ሆይ፥ ይህ የደረሰብኝ በእውነት ወንጌልን ለማስፋፋት እንደ ሆነ ታውቁ ዘንድ እወድዳለሁ።
0c552296-f4f9-524b-a27d-272d78d91ae5,3330438e-1576-56b9-a804-f4f28b5d515d,a39dea30-9488-5f4d-a88e-a29a2ad294f2,2,13,ስለ ክርስቶስ ስም መታሰሬም በአደባባዩ ሁሉና በሰው ሁሉ ዘንድ ታውቆአል።
b81890ed-a654-5c44-afb7-faa574be4424,3330438e-1576-56b9-a804-f4f28b5d515d,a39dea30-9488-5f4d-a88e-a29a2ad294f2,3,14,ከወንድሞቻችንም ብዙዎቹ በእስራቴ ምክንያት በጌታ ታመኑ፤ የእግዚአብሔርንም ቃል ያለ ፍርሀት ጨክነው ያስተምሩ ዘንድ እጅግ ተደፋፈሩ።
190205c3-f20d-56e0-a269-5cc9b2370345,3330438e-1576-56b9-a804-f4f28b5d515d,a39dea30-9488-5f4d-a88e-a29a2ad294f2,4,15,ከእነርሱ አንዳንዶች በቅናታቸውና በክርክራቸው፥ ሌሎችም በበጎ ፈቃድ ስለ ክርስቶስ ሊሰብኩና ሊያስተምሩ የወደዱ አሉ።
a4844173-357c-5e28-add5-bc80b7566204,3330438e-1576-56b9-a804-f4f28b5d515d,a39dea30-9488-5f4d-a88e-a29a2ad294f2,5,16,በፍቅር የሚያስተምሩም አሉ፤ ወንጌልን ለማስተማር እንደ ተሾምሁ ያውቃሉና።
fef5576d-b6fb-5fb9-aff0-8cc55d574951,3330438e-1576-56b9-a804-f4f28b5d515d,a39dea30-9488-5f4d-a88e-a29a2ad294f2,6,17,በኵራት ስለ ክርስቶስ የሚያስተምሩ ግን፥ ይህን አድርገው በእስራቴ ላይ መከራ ሊጨምሩብኝ መስሎአቸው ነው እንጂ በእውነት አይደለም፤ በቅንነትም አይደለም።
75c34886-b333-5c14-a7ac-084b58dc26f7,3330438e-1576-56b9-a804-f4f28b5d515d,a39dea30-9488-5f4d-a88e-a29a2ad294f2,7,18,ነገር ግን ምን አለ? በየምክንያቱ በእውነትም ቢሆን፥ በሐሰትም ቢሆን፥ ስለ ክርስቶስ ይናገራሉ፤ ሰውንም ሁሉ ወደ እርሱ ይጠራሉ፤ በዚህም ደስ ብሎኛል፤ ወደፊትም ደስ ይለኛል።
e342340f-23b0-5b29-a742-81040a512c1e,3330438e-1576-56b9-a804-f4f28b5d515d,b9f59c95-040c-55df-a678-db526a8d4df3,1,19,እኔም ይህቺ ሥራ በጸሎታችሁና በኢየሱስ ክርስቶስ መንፈስ ወደ ሕይወት እንደምታደርሰኝ አውቃለሁ።
ad2ad3cc-8b4d-5417-a40b-a95f79c27e3e,3330438e-1576-56b9-a804-f4f28b5d515d,b9f59c95-040c-55df-a678-db526a8d4df3,2,20,በምንም እንደማላፍር ተስፋ እንደ አደረግሁና እንደታመንሁ እንደ ወትሮው በልብ ደስታ በግልጥነት፥ አሁንም የክርስቶስ ክብር በሕይወቴም ቢሆን፥ በሞቴም ቢሆን በሰውነቴ ይገለጣል።
9d688a46-c057-5610-a9e2-cded9de02b63,3330438e-1576-56b9-a804-f4f28b5d515d,b9f59c95-040c-55df-a678-db526a8d4df3,3,21,እኔ በሕይወት ብኖርም ክርስቶስን ለማገልገል ነው፤ ብሞትም ዋጋ አለኝ።
0c246b1c-9fc7-5807-a738-a7633b6fb584,3330438e-1576-56b9-a804-f4f28b5d515d,b9f59c95-040c-55df-a678-db526a8d4df3,4,22,ነገር ግን በሥጋ መኖር ለእኔ የሥራ ፍሬ ቢሆንም ምን እንደምመርጥ አላውቅም።
0ba1f4c2-29e1-5176-a8cc-a8f4c252a338,3330438e-1576-56b9-a804-f4f28b5d515d,b9f59c95-040c-55df-a678-db526a8d4df3,5,23,በእነዚህ በሁለቱ እጨነቃለሁ፤ እኔስ ከዚህ ዓለም ልለይ፥ በከክርስቶስም ዘንድ ልኖር እወዳለሁ፤ ይልቁንም ለእኔ ይህ ይሻለኛል፤ ይበልጥብኛልም።
36a609b2-504f-57b7-ab8b-ee2f98f5d84e,3330438e-1576-56b9-a804-f4f28b5d515d,b9f59c95-040c-55df-a678-db526a8d4df3,6,24,ደግሞም ስለ እናንተ በሕይወተ ሥጋ ብኖር ይሻላል።
f7854cf2-1147-5fe8-a494-be134f868034,3330438e-1576-56b9-a804-f4f28b5d515d,b9f59c95-040c-55df-a678-db526a8d4df3,7,25,ይህንም ዐውቄ ለማደጋችሁና በሃይማኖትም ለምታገኙት ደስታ እንደምኖር አምናለሁ።
ca91665d-8ed5-58d8-aa0b-96c2750bdb03,3330438e-1576-56b9-a804-f4f28b5d515d,b9f59c95-040c-55df-a678-db526a8d4df3,8,26,ዳግመኛ ወደ እናንተ በመምጣቴ በእኔ ምክንያት በኢየሱስ ክርስቶስ የምታገኙት ክብር ይበዛላችሁ ዘንድ።
7b3b9cd0-7040-5c9d-ab9c-a1bdfa8e6b8a,3330438e-1576-56b9-a804-f4f28b5d515d,b9f59c95-040c-55df-a678-db526a8d4df3,9,27,ነገር ግን ምናልባት የመጣሁ እንደ ሆነ፥ ሳልኖርም ቢሆን በወንጌል ሃይማኖት እየተጋደላችሁ በአንድ መንፈስና በአንድ አካል ጸንታችሁ እንደምትኖሩ አይና እሰማ ዘንድ ሥራችሁ ለክርስቶስ ትምህርት እንደሚገባ ይሁን።
72912deb-4a72-54be-a9d6-d732de7244b5,3330438e-1576-56b9-a804-f4f28b5d515d,b9f59c95-040c-55df-a678-db526a8d4df3,10,28,የእነርሱ ጥፋት፥ የእናንተም ሕይወት ይታወቅ ዘንድ የሚቃወሙን ሰዎች በማናቸውም አያስደንግጧችሁ።
a88d597e-db83-58d7-af1b-b9127049f71b,3330438e-1576-56b9-a804-f4f28b5d515d,b9f59c95-040c-55df-a678-db526a8d4df3,11,29,ይህንም ጸጋ እግዚአብሔር ሰጥቶአችኋል፤ ነገር ግን ስለ እርሱ መከራ ልትቀበሉም ነው እንጂ ልታምኑበት ብቻ አይደለም።
55667bff-96ec-5fdf-a0e2-bf69cd9a51b0,3330438e-1576-56b9-a804-f4f28b5d515d,b9f59c95-040c-55df-a678-db526a8d4df3,12,30,እንዲሁም እኔን እንዳያችሁኝ፥ የእኔንም ነገር እንደ ሰማችሁ ምንጊዜም ተጋደሉ።
3cbf4064-9953-5ccd-a234-44b4cd769b3c,8c819b4f-d056-52b3-a730-628402c869de,a0b2531d-a224-5c6d-a370-b4f3705ba028,1,1,አሁንም በክርስቶስ ደስታ፥ ወይም በፍቅር የልብ መጽናናት፥ ወይም የመንፈስ አንድነት፥ ወይም ማዘንና መራራትም በእናንተ ዘንድ ካለ፦
aad36b7b-7c3f-5a90-ac83-6ebaa1dea0c7,8c819b4f-d056-52b3-a730-628402c869de,a0b2531d-a224-5c6d-a370-b4f3705ba028,2,2,እርሱን ብቻ ታስቡ ዘንድ፥ አንድ ልብና አንድ ምክርም ሆናችሁ፥ በፍቅር ትኖሩ ዘንድ ደስታዬን ፈጽሙልኝ።
e4e80b53-1e81-5623-a9c1-6c5e6b8ea90c,8c819b4f-d056-52b3-a730-628402c869de,a0b2531d-a224-5c6d-a370-b4f3705ba028,3,3,በክርክርና ከንቱ ውዳሴን በመውደድ አትሥሩ፤ ትሕትናን በያዘ ልቡና ከራሳችሁ ይልቅ ባልንጀራችሁን አክብሩ እንጂ አትታበዩ።
4478602d-525a-55d9-aa78-e3e11898a2bc,8c819b4f-d056-52b3-a730-628402c869de,a0b2531d-a224-5c6d-a370-b4f3705ba028,4,4,ለባልንጀራችሁም እንጂ ለየራሳችሁ ብቻ አታስቡ።
30a26773-68db-5005-a28b-7e8b50b40b06,8c819b4f-d056-52b3-a730-628402c869de,a0b2531d-a224-5c6d-a370-b4f3705ba028,5,5,ፍጹማን የሆናችሁ ሁላችሁ ኢየሱስ ክርስቶስ ለእኛ እንደ አደረገልን ይህን አስቡ።
cea6a891-74f0-5ec7-a91e-9fb00c50809c,8c819b4f-d056-52b3-a730-628402c869de,a0b2531d-a224-5c6d-a370-b4f3705ba028,6,6,ይኸውም የእግዚአብሔር መልኩ ነው፤ ቀምቶ እግዚአብሔር የሆነ አይደለም።
06594d49-8579-52ce-ad56-a7b90ed83b55,8c819b4f-d056-52b3-a730-628402c869de,a0b2531d-a224-5c6d-a370-b4f3705ba028,7,7,ነገር ግን የባርያን መልክ ይዞ፥ በሰውም ምሳሌ ሆኖ ራሱን ዝቅ አደረገ።
8e06fcbe-9fce-52bf-ab40-811edb4b4059,8c819b4f-d056-52b3-a730-628402c869de,a0b2531d-a224-5c6d-a370-b4f3705ba028,8,8,እንደ ሰውም ሆኖ ራሱን አዋረደ፤ ለሞት እስከ መድረስም ታዘዘ፤ ሞቱም በመስቀል የሆነው ነው።
7647abf7-f1f4-5174-a745-0a318cfdba51,8c819b4f-d056-52b3-a730-628402c869de,a0b2531d-a224-5c6d-a370-b4f3705ba028,9,9,ስለዚህም እግዚአብሔር እጅግ ከፍ ከፍ አደረገው፤ ከስም ሁሉ የሚበልጥ ስምንም ሰጠው።
ad0ae675-6117-57ed-ab54-50eeaea21ba2,8c819b4f-d056-52b3-a730-628402c869de,a0b2531d-a224-5c6d-a370-b4f3705ba028,10,10,ይህም በሰማይና በምድር በቀላያትና ከምድር በታች ያለ ጕልበት ሁሉ ለኢየሱስ ክርስቶስ ስም ይሰግድ ዘንድ ነው።
287987cc-72f5-5d15-afdb-0c8cefea4eac,8c819b4f-d056-52b3-a730-628402c869de,a0b2531d-a224-5c6d-a370-b4f3705ba028,11,11,አንደበትም ሁሉ ኢየሱስ ክርስቶስ በእግዚአብሔር አብ ክብር ጌታ እንደ ሆነ ያምን ዘንድ ነው።
03c479ef-5e71-5782-a9d5-2c62fe57d336,8c819b4f-d056-52b3-a730-628402c869de,a0b2531d-a224-5c6d-a370-b4f3705ba028,12,12,አሁንም ወንድሞች ሆይ፥ ዘወትር እንደምትሰሙኝ ሳለሁ ብቻ ሳይሆን፥ ሳልኖርም በፍርሀትና በመንቀጥቀጥ ሆናችሁ ለድኅነታችሁ ሥሩ።
e7af0a72-53eb-5675-adb0-fda03d73b74e,8c819b4f-d056-52b3-a730-628402c869de,a0b2531d-a224-5c6d-a370-b4f3705ba028,13,13,ለሚወደው ሥራ የሚረዳችሁ እርሱ እግዚአብሔር ይቅርታውን ይፈጽምላችሁ።
febe7df3-7fd4-5c70-a45d-5caff265b48e,8c819b4f-d056-52b3-a730-628402c869de,a0b2531d-a224-5c6d-a370-b4f3705ba028,14,14,የምትሠሩትን ሁሉ ያለ ማንጐራጐርና ያለ መጠራጠር በፍቅርና በስምምነት ሥሩ።
f6f284a6-391b-5c74-a125-41bc1e2f62a4,8c819b4f-d056-52b3-a730-628402c869de,a0b2531d-a224-5c6d-a370-b4f3705ba028,15,15,እንደ እግዚአብሔር ልጆች ንጹሓንና የዋሃን ትሆኑ ዘንድ፥ በማያምኑና በጠማሞች ልጆች መካከል ነውር ሳይኖርባችሁ በዓለም እንደ ብርሃን ትታያላችሁ፤
810dbac0-3ae3-5455-aac0-854215f76a24,8c819b4f-d056-52b3-a730-628402c869de,a0b2531d-a224-5c6d-a370-b4f3705ba028,16,16,የሕይወትን ቃል እያስተማራችሁ፤ ክርስቶስ በሚመጣበት ቀን እኔ እንድመካ፤ የሮጥሁ በከንቱ አይደለምና፤ የደከምሁም በከንቱ አይደለምና።
989074b6-d698-571e-a0bd-7b36acbd2cd3,8c819b4f-d056-52b3-a730-628402c869de,a0b2531d-a224-5c6d-a370-b4f3705ba028,17,17,ስለ ሃይማኖታችሁም የአምልኮ መሥዋዕትን እሠዋለሁ። እነሆም እኔ በእናንተ ደስ ይለኛል፤
c865cff8-03e9-504e-a54a-6f6d9646a17e,8c819b4f-d056-52b3-a730-628402c869de,a0b2531d-a224-5c6d-a370-b4f3705ba028,18,18,እናንተም በእኔ ደስ ይበላችሁ። ከእኔም ጋር ሐሤት አድርጉ።
bdea4f44-900c-5b34-afc3-eb412e8001cf,8c819b4f-d056-52b3-a730-628402c869de,0d9bdd3d-eb9b-5374-a678-c85e333e62ff,1,19,ጢሞቴዎስን እንድልክላችሁ፥ እኔም ዜናችሁን ሰምቼ ደስ እንዲለኝ በጌታችን በኢየሱስ ክርስቶስ ተስፋ አደርጋለሁ።
e41dd40e-a191-5e3d-aa8f-3887feee4fc7,8c819b4f-d056-52b3-a730-628402c869de,0d9bdd3d-eb9b-5374-a678-c85e333e62ff,2,20,ከእርሱ በቀር፥ እንደ እኔ ሆኖ በማስተዋል ግዳጃችሁን የሚፈጽም የለኝምና።
8834d186-1c58-59d0-a614-4634937269a7,8c819b4f-d056-52b3-a730-628402c869de,0d9bdd3d-eb9b-5374-a678-c85e333e62ff,3,21,የክርስቶስን ያይደለ፥ ሁሉም የራሱን ጉዳይ ያስባልና።
f3f6bf0c-4dc1-5f99-a1e0-cbd2ef452bfe,8c819b4f-d056-52b3-a730-628402c869de,0d9bdd3d-eb9b-5374-a678-c85e333e62ff,4,22,ልጅ አባቱን እንደሚያገለግል፥ በወንጌል ትምህርት እንደ አገለገለኝ፥ የዚህን ሰው ጠባዩን ታውቃላችሁ።
bb009464-74e6-5028-a849-9a4d46935852,8c819b4f-d056-52b3-a730-628402c869de,0d9bdd3d-eb9b-5374-a678-c85e333e62ff,5,23,እንግዲህ እንዴት እንደ አለሁ በዐወቅሁ ጊዜ፥ እርሱን በቶሎ እንደምልከው ተስፋ አደርጋለሁ፤
00e3f061-9f74-5668-a6c8-b5f4ee53df85,8c819b4f-d056-52b3-a730-628402c869de,0d9bdd3d-eb9b-5374-a678-c85e333e62ff,6,24,እኔም ፈጥኜ እንደምመጣ በጌታችን አምናለሁ።
492add6a-ea5d-5421-a664-8eecd48e499b,8c819b4f-d056-52b3-a730-628402c869de,0d9bdd3d-eb9b-5374-a678-c85e333e62ff,7,25,አሁንም አብሮኝ የሚሠራውን ወንድማችንን አፍሮዲጡን ወደ እናንተ ልልከው አስቤአለሁ፤ እርሱም የክርስቶስ ሎሌ ነው፤ ለእናንተም መምህራችሁ ነው፤ ለእኔም ለችግሬ ጊዜ መልእክተኛዬ ነው።
33a84460-51ae-5f93-a9ea-6a042f0927ad,8c819b4f-d056-52b3-a730-628402c869de,0d9bdd3d-eb9b-5374-a678-c85e333e62ff,8,26,እንደ ታመመ፥ ለሞትም እንደ ደረሰ መስማታችሁን ዐውቆ ሊያያችሁ ይሻልና።
5a9d07bf-938a-53b0-af41-9341b283a0bd,8c819b4f-d056-52b3-a730-628402c869de,0d9bdd3d-eb9b-5374-a678-c85e333e62ff,9,27,ነገር ግን እግዚአብሔር ማረው፤ በኀዘን ላይ ኀዘን እንዳይጨመርብኝ ለእኔም እንጂ ለእሱ ብቻ አይደለም።
60fe4e9e-5c75-58bb-a529-88bd5c4954ef,8c819b4f-d056-52b3-a730-628402c869de,0d9bdd3d-eb9b-5374-a678-c85e333e62ff,10,28,እንድታዩትና ደስ እንዲላችሁ፥ እኔም እንዳላዝን በቶሎ እልከዋለሁ።
22aaf816-d3fb-5d75-adfb-c7af4eaa36b7,8c819b4f-d056-52b3-a730-628402c869de,0d9bdd3d-eb9b-5374-a678-c85e333e62ff,11,29,እንግዲህ በጌታችን በፍጹም ደስታ ተቀበሉት፤ እንደዚህ ያሉትንም ሁሉ አክብሩአቸው።
2e8d98a2-0f39-5f2a-ad49-3221daaad6f7,8c819b4f-d056-52b3-a730-628402c869de,0d9bdd3d-eb9b-5374-a678-c85e333e62ff,12,30,የእግዚአብሔርን ሥራ ስለ መሥራት እስከ ሞት ደርሶአልና፥ ከእኔ መልእክትም እናንተ ያጐደላችሁትን ይፈጽም ዘንድ ሰውነቱን አሳልፎ ሰጥቶአልና።
da0f71a0-a9fb-5951-a153-659b527fe5b3,25b0ac10-bf58-54c2-aaae-edfe5957351a,19d57537-1fda-58d6-a979-64866bd640f8,1,1,አሁንም ወንድሞች ሆይ፥ በጌታችን ደስ ይበላችሁ፤ እኔም ስጽፍላችሁ ቸል አልልም፤ ያበረታችኋልና።
0e7a4a8e-8bab-5708-a743-abb3d1e4aff4,25b0ac10-bf58-54c2-aaae-edfe5957351a,19d57537-1fda-58d6-a979-64866bd640f8,2,2,ከውሾች ተጠበቁ፤ ከክፉ አድራጊዎችም ተጠበቁ፤ ሥጋቸውን ብቻ በመቍረጥ ተገዝረናል ከሚሉም ተጠበቁ።
0de881de-694d-59c5-aa7a-8f39805d75d1,25b0ac10-bf58-54c2-aaae-edfe5957351a,19d57537-1fda-58d6-a979-64866bd640f8,3,3,ግዙራንስ እግዚአብሔርን በመንፈስ የምናገለግለውና የምናመልከው እኛ ነን፤ እኛም በኢየሱስ ክርስቶስ እንመካለን እንጂ በሥጋችን የምንመካ አይደለም።
44f07759-a933-50d9-ac9b-2ac3f8a96959,25b0ac10-bf58-54c2-aaae-edfe5957351a,19d57537-1fda-58d6-a979-64866bd640f8,4,4,እኔም ግዝረት ሳለኝ በግዝረት አልመካም፤ በግዝረት መመካትን የሚያስብ ካለም እኔ እርሱን እበልጠዋለሁ።
8c8433c2-1a7e-5e54-a80a-d0b0f3e08150,25b0ac10-bf58-54c2-aaae-edfe5957351a,19d57537-1fda-58d6-a979-64866bd640f8,5,5,በስምንተኛው ቀን የተገዘርሁ፥ ከእስራኤል ሕዝብ ከብንያም ነገድ ከዕብራውያን ዕብራዊ ነኝ፤ በኦሪትም ፈሪሳዊ ነበርሁ።
8a96c098-5279-5367-a2c9-836be9604e36,25b0ac10-bf58-54c2-aaae-edfe5957351a,19d57537-1fda-58d6-a979-64866bd640f8,6,6,በኦሪት ጽድቅም ያለ ነውር ሆኜ በቅንዐት ምእመናንን አሳድድ ነበር።
58d781f8-f62e-5d90-a521-7b1edb79ff41,25b0ac10-bf58-54c2-aaae-edfe5957351a,19d57537-1fda-58d6-a979-64866bd640f8,7,7,ነገር ግን ስለ ክርስቶስ ያን ጥቅሜን ላጣው ወደድሁ።
82f5718e-6c5c-551c-a5c4-1bb249c43ad3,25b0ac10-bf58-54c2-aaae-edfe5957351a,19d57537-1fda-58d6-a979-64866bd640f8,8,8,ክርስቶስን አገለግለው ዘንድ፥ ሁሉን የተውሁለት፥ እንደ ጕድፍም ያደረግሁለት የጌታዬን የኢየሱስ ክርስቶስን ኀይልና ገናናነት ስለማውቅ ሁሉን እንደ ኢምንት ቈጠርሁት።
29493540-a0db-50da-acea-55ec52362584,25b0ac10-bf58-54c2-aaae-edfe5957351a,19d57537-1fda-58d6-a979-64866bd640f8,9,9,በእርሱም እጸና ዘንድ፥ ዛሬ የኦሪት ጽድቅ ሳይኖረኝ ክርስቶስን በማመን ከእግዚአብሔር የሚገኝ ጽድቅ አለኝ እንጂ።
d4d9a363-55b8-5cad-af17-e232fff6f7ed,25b0ac10-bf58-54c2-aaae-edfe5957351a,19d57537-1fda-58d6-a979-64866bd640f8,10,10,በእርሱም ኢየሱስ ክርስቶስን አውቀዋለሁ፤ የመነሣቱንም ኀይል በሕማሙ እሳተፈዋለሁ፤ በሞቱም እመስለዋለሁ።
1b631c11-8994-5f8c-a01f-86e19c01be4f,25b0ac10-bf58-54c2-aaae-edfe5957351a,19d57537-1fda-58d6-a979-64866bd640f8,11,11,ይኸውም ሙታን በሚነሡ ጊዜ ምናልባት በዚህ አገኘው እንደ ሆነ ብዬ ነው።
1ab30ef4-23ba-5cdc-abb9-2686b2b32e9b,25b0ac10-bf58-54c2-aaae-edfe5957351a,23730391-6f87-5f14-ad22-ff6df2786c72,1,12,ነገር ግን ይህን ፈጽሜ የተቀበልሁ አይደለም፤ ኢየሱስ ክርስቶስ ስለ እርሱ እኔን የመረጠበትን አገኝ ዘንድ እሮጣለሁ እንጂ።
16a51690-a5a6-5989-a899-a9796032c22f,25b0ac10-bf58-54c2-aaae-edfe5957351a,23730391-6f87-5f14-ad22-ff6df2786c72,2,13,ወንድሞች ሆይ፥ እኔ ግን ፍጻሜዬን ገና ያገኘሁ አይመስለኝም።
fbf1a3e6-982b-5b80-a065-1e2ea1b57520,25b0ac10-bf58-54c2-aaae-edfe5957351a,23730391-6f87-5f14-ad22-ff6df2786c72,3,14,የኋላዬን እረሳለሁና፥ ወደ ፊቴም ፈጥኜ እገሠግሣለሁና፤ በኢየሱስ ክርስቶስም ከፍ ከፍ ያለውን የእግዚአብሔርን የጥሪ ዋጋ ለማግኘት ወደ ግቡ እፈጥናለሁ።
0e4f9695-3027-5c60-a155-c3bccee05fdb,25b0ac10-bf58-54c2-aaae-edfe5957351a,30b9bcb8-387e-5f88-a4b5-70f69afdd190,1,15,ፍጹማን የሆናችሁ ሁላችሁ ይህን አስቡ፤ ሌላ የምታስቡት ቢኖርም፥ እርሱን እግዚአብሔር ይገልጥላችኋል።
0051111e-ff4c-5733-a8b5-0434446cffde,25b0ac10-bf58-54c2-aaae-edfe5957351a,30b9bcb8-387e-5f88-a4b5-70f69afdd190,2,16,ነገር ግን በደረስንበት ሥራ በአንድነት እንበርታ።
eb13474a-46c2-5b85-aa7d-7eac3f210fab,25b0ac10-bf58-54c2-aaae-edfe5957351a,30b9bcb8-387e-5f88-a4b5-70f69afdd190,3,17,ወንድሞች ሆይ፥ እኔን ምሰሉ፤ እንዲህ ባለ መንገድ የሚሄዱትንም እኛን ታዩ እንደ ነበረበት ጊዜ ተጠባበቋቸው።
397c5231-686c-51db-a2d3-060d897b966c,25b0ac10-bf58-54c2-aaae-edfe5957351a,30b9bcb8-387e-5f88-a4b5-70f69afdd190,4,18,ዘወትር እንደምነግራችሁ፥ ልዩ አካሄድ የሚሄዱ ብዙዎች አሉና፤ አሁንም እነርሱ የክርስቶስ የመስቀሉ ጠላቶች እንደ ሆኑ በግልጥ እያለቀስሁ እነግራችኋለሁ።
b350ec37-c97f-52c0-af91-5d83ac1f228e,25b0ac10-bf58-54c2-aaae-edfe5957351a,30b9bcb8-387e-5f88-a4b5-70f69afdd190,5,19,እነዚህም ፍጻሜያቸው ለጥፋት የሆነ፥ ሆዳቸውን የሚያመልኩ፥ ክብራቸውም ውርደት የሆነባቸው፥ ምድራዊዉንም የሚያስቡ ናቸው።
16e3c4b6-11b6-5d05-a7e3-fb4e01031d15,25b0ac10-bf58-54c2-aaae-edfe5957351a,30b9bcb8-387e-5f88-a4b5-70f69afdd190,6,20,እኛስ ሀገራችን በሰማይ ያለችው ናት፤ ከዚያም እርሱን ጌታችን መድኀኒታችን ኢየሱስ ክርስቶስን እንጠባበቃለን።
0b5f8cfd-acbc-5861-a561-a23b4c04b2b4,25b0ac10-bf58-54c2-aaae-edfe5957351a,30b9bcb8-387e-5f88-a4b5-70f69afdd190,7,21,እርሱም እንደ ከሃሊነቱ ረዳትነት መጠን የተዋረደውን ሥጋችንን የሚያድሰው፥ ክቡር ሥጋዉንም እንዲመስል የሚያደርገው፥ የሚያስመስለውም፥ ሁሉም የሚገዛለት ነው።
9a7ff5b9-241b-5d69-a5c7-6a8cb7cc29b0,49fba4ee-aae0-59da-aae6-5e359b697e94,72db646a-9bfb-5732-a983-f29e930a0833,1,1,አሁንም የተወደዳችሁና የምናፍቃችሁ ወንድሞቻችን ሆይ፥ ደስታችንና አክሊላችን ናችሁ፤ ወዳጆቻችን ሆይ፥ እንዲህ ቁሙ፤ በጌታችንም ጽኑ።
0b7da588-fc99-56d0-a541-ffa08dce71af,49fba4ee-aae0-59da-aae6-5e359b697e94,72db646a-9bfb-5732-a983-f29e930a0833,2,2,ኤዎድያና ስንጣክን ሆይ፥ በአንድ ልብ ጌታችንን ለማገልገል ታስቡ ዘንድ እማልዳችኋለሁ።
a0358965-6cb4-575d-a8a4-e37c30fcc1cb,49fba4ee-aae0-59da-aae6-5e359b697e94,72db646a-9bfb-5732-a983-f29e930a0833,3,3,ወንድሜና አጋዤ ስትሪካ ሆይ፥ እንድትረዳቸው አንተንም እለምንሃለሁ፤ ወንጌልን በማስተማር ከቀሌምንጦስና ሥራቸው ከተባበረ፥ ስማቸውም በሕይወት መጽሐፍ ከተጻፈላቸው ከወንድሞቻችንም ሁሉ ጋር ከእኔም ጋር ደክመዋልና።
444ff9db-3401-5736-a147-66fcc32b6c3b,49fba4ee-aae0-59da-aae6-5e359b697e94,72db646a-9bfb-5732-a983-f29e930a0833,4,4,ዘወትር በጌታችን ደስ ይበላችሁ፤ ደግሜ እላችኋለሁ፦ ደስ ይበላችሁ።
ab137344-7476-5f05-abbc-67f7b6fbff31,49fba4ee-aae0-59da-aae6-5e359b697e94,72db646a-9bfb-5732-a983-f29e930a0833,5,5,ፍጹምነታችሁም በሰው ሁሉ ዘንድ ይታወቅ። እግዚአብሔር ቅርብ ነው፤
ae3ec087-91f7-5f16-ad1d-c98da91417b3,49fba4ee-aae0-59da-aae6-5e359b697e94,72db646a-9bfb-5732-a983-f29e930a0833,6,6,በምንም አትጨነቁ፤ ነገር ግን በሁሉ ነገር ጸልዩ ማልዱም፤ እያመሰገናችሁም ልመናችሁን ለእግዚአብሔር ግለጡ።
f69ea52e-b602-5702-a65e-c10c7abfe20c,49fba4ee-aae0-59da-aae6-5e359b697e94,72db646a-9bfb-5732-a983-f29e930a0833,7,7,ሁሉ የሚገኝባት፥ ከልቡናና ከአሳብ ሁሉ በላይ የምትሆን የእግዚአብሔር ሰላም በኢየሱስ ክርስቶስ ልባችሁንና አሳባችሁን ታጽናው።
f8804611-e6ae-546a-a61d-110261e00dab,49fba4ee-aae0-59da-aae6-5e359b697e94,72db646a-9bfb-5732-a983-f29e930a0833,8,8,አሁንም ወንድሞቻችን ሆይ፥ እውነትን ሁሉ፥ ቅንነትንም ሁሉ፥ ጽድቅንም ሁሉ፥ ንጽሕናንም ሁሉ፥ ፍቅርንና ስምምነትንም ሁሉ፥ በጎነትም ቢሆን፥ ምስጋናም ቢሆን፥ እነዚህን ሁሉ አስቡ።
fbce7dcc-895c-5779-a58a-00529b8ec404,49fba4ee-aae0-59da-aae6-5e359b697e94,72db646a-9bfb-5732-a983-f29e930a0833,9,9,ከእኔ የተማራችሁትንና የተቀበላችሁትን፥ የሰማችሁትንና ያያችሁትንም እነዚህን አድርጉ፤ የሰላም አምላክም ከሁላችሁ ጋር ይሆናል።
68236f52-771e-5075-a473-b57298944bf2,49fba4ee-aae0-59da-aae6-5e359b697e94,4a7f083c-57da-5469-a3c6-1446af0983f6,1,10,በጌታችን እጅግ ደስ አለኝ፤ ቢሳናችሁ እንኳ አሁንም እንደምታስቡልኝ፥ ከዱሮ ጀምሮ ለእኔ ችግር ታስቡ፥ ትተጉም ነበርና።
f9b78084-bf8e-57da-adbc-22bbc5bf4a79,49fba4ee-aae0-59da-aae6-5e359b697e94,4a7f083c-57da-5469-a3c6-1446af0983f6,2,11,ይህንም የምል ስለ አጣሁ አይደለም፤ ያለኝ እንደሚበቃኝ አውቃለሁና።
5f4060ba-2b2a-5889-a3d7-883e0c4876b8,49fba4ee-aae0-59da-aae6-5e359b697e94,4a7f083c-57da-5469-a3c6-1446af0983f6,3,12,እኔ ችግሩንም፥ ምቾቱንም እችላለሁ፤ ራቡንም፥ ጥጋቡንም፥ ማዘኑንም፥ ደስታውንም፥ ሁሉን በሁሉ ለምጀዋለሁ፤
8d206081-e849-5cdd-aa83-930fa5841bd4,49fba4ee-aae0-59da-aae6-5e359b697e94,4a7f083c-57da-5469-a3c6-1446af0983f6,4,13,በሚያስችለኝ በክርስቶስ ሁሉን እችላለሁ።
4eafeb0e-2fd4-5c90-ac6b-9df5e1c0e509,49fba4ee-aae0-59da-aae6-5e359b697e94,4a7f083c-57da-5469-a3c6-1446af0983f6,5,14,ነገር ግን በመከራዬ ጊዜ ተባባሪዎች መሆናችሁ መልካም አደረጋችሁ።
baf486e8-346f-51b3-aa28-4764418df77a,49fba4ee-aae0-59da-aae6-5e359b697e94,4a7f083c-57da-5469-a3c6-1446af0983f6,6,15,እናንተ የፊልጵስዩስ ሰዎች፤ በመጀመሪያው ትምህርት ከመቄዶንያ ወደ እናንተ በመጣሁ ጊዜ፥ ከእናንተ ብቻ በቀር ሌላ ቤተ ክርስቲያን በመስጠትም ቢሆን፥ በመቀበል ከእኔ ጋር እንዳልተባበሩ እናንተ ታውቃላችሁ።
5eeadbc8-a451-5306-a428-3cfe62fb18e5,49fba4ee-aae0-59da-aae6-5e359b697e94,4a7f083c-57da-5469-a3c6-1446af0983f6,7,16,በተሰሎንቄም ሳለሁ ደግሞ፥ አንድ ጊዜና ሁለት ጊዜ ለችግሬ ላካችሁልኝ።
7a29f373-373e-56ff-ace5-bba2bf2cee5e,49fba4ee-aae0-59da-aae6-5e359b697e94,4a7f083c-57da-5469-a3c6-1446af0983f6,8,17,ይህንም የማነሣሣው ስጦታችሁን ፈልጌ አይደለም፤ በእናንተ ላይ የጽድቅ ፍሬ ይበዛ ዘንድ ፈልጌ ነው እንጂ።
6401fa1f-9939-59c9-a2dd-00c6bfd771ee,49fba4ee-aae0-59da-aae6-5e359b697e94,4a7f083c-57da-5469-a3c6-1446af0983f6,9,18,ነገር ግን ሁሉ አለኝ፤ ይበዛልኝማል፤ የመዓዛ ሽታና የተወደደ መሥዋዕት የሚሆነውን፥ ለእግዚአብሔርም ደስ የሚያሰኘውን ስጦታችሁን ከአፍሮዲጡ ተቀብዬ አሟልቻለሁ።
0586e17b-dc2e-5f8c-a76d-6914b07cc4d4,49fba4ee-aae0-59da-aae6-5e359b697e94,4a7f083c-57da-5469-a3c6-1446af0983f6,10,19,ፈጣሪዬ እንደ ባለጸግነቱ መጠን፥ በክብር በኢየሱስ ክርስቶስ የምትሹትን ሁሉ ይፈጽምላችኋል።
a317c1e6-b9a7-5030-a7ca-05b07dfe4c92,49fba4ee-aae0-59da-aae6-5e359b697e94,4a7f083c-57da-5469-a3c6-1446af0983f6,11,20,ለአባታችን ለእግዚአብሔር ለዘለዓለሙ ምስጋና ይሁን አሜን።
d9140a7d-acf6-5534-a9c5-77c428b8b94c,49fba4ee-aae0-59da-aae6-5e359b697e94,4a7f083c-57da-5469-a3c6-1446af0983f6,12,21,በኢየሱስ ክርስቶስ ቅዱሳንን ሁሉ ሰላም በሉ፤ በእኔ ዘንድ ያሉ ወንድሞቻችንም ሰላምታ ያቀርቡላችኋል።
09e61f15-2749-5eda-aa1a-cb226b6f7953,49fba4ee-aae0-59da-aae6-5e359b697e94,4a7f083c-57da-5469-a3c6-1446af0983f6,13,22,ቅዱሳንም ሁሉ፥ ይልቁንም ከቄሣር ቤተ ሰብእ የሆኑ ሰላምታ ያቀርቡላችኋል።
1bdf97f1-5ec9-587a-a54a-b87af7f307b1,49fba4ee-aae0-59da-aae6-5e359b697e94,4a7f083c-57da-5469-a3c6-1446af0983f6,14,23,የጌታችን የኢየሱስ ክርስቶስ ጸጋ ከእናንተ ጋር ይሁን፤ አሜን።
c3485010-d50d-5280-adfc-aa3af8d2fa3f,ef4e48cb-21ef-5e61-a49e-69c21d77ef3d,2cabdd09-c7ab-5a38-a6f6-45553a6b7c92,1,1,በእግዚአብሔር ፈቃድ ከጌታችን ከኢየሱስ ክርስቶስ ሐዋርያ ከጳውሎስና ከወንድማችን ከጢሞቴዎስ፥
2c217df7-95c6-5965-a0b0-1aff12e2f8d2,ef4e48cb-21ef-5e61-a49e-69c21d77ef3d,2cabdd09-c7ab-5a38-a6f6-45553a6b7c92,2,2,በቈላስይስ ላሉ ቅዱሳንና በኢየሱስ ክርስቶስ ላመኑ ወንድሞቻችን፥ ከአባታችን ከእግዚአብሔር ከጌታችን ከኢየሱስ ክርስቶስም ሰላምና ጸጋ ለእናንተ ይሁን።
1d184703-c0e5-58d5-a390-2c5421cf1fd3,ef4e48cb-21ef-5e61-a49e-69c21d77ef3d,2cabdd09-c7ab-5a38-a6f6-45553a6b7c92,3,3,የጌታችን የኢየሱስ ክርስቶስን አባት እግዚአብሔርን ዘወትር ስለ እናንተ እናመሰግነዋለን።
03f61312-ae7c-52ef-ac1b-89d2184ea28d,ef4e48cb-21ef-5e61-a49e-69c21d77ef3d,2cabdd09-c7ab-5a38-a6f6-45553a6b7c92,4,4,በኢየሱስ ክርስቶስ ማመናችሁንና ቅዱሳንንም ሁሉ መውደዳችሁን ከሰማንበት ጊዜ ጀምሮ፥ ስለ እናንተ እንጸልያለን።
5515e2b4-feb9-5935-a019-a45cf449b8ff,ef4e48cb-21ef-5e61-a49e-69c21d77ef3d,2cabdd09-c7ab-5a38-a6f6-45553a6b7c92,5,5,የእውነት ቃል በሆነው በወንጌል ትምህርት፥ አስቀድሞ ስለ ሰማችሁት፥ በሰማይ ስለ ተዘጋጀላችሁ ተስፋችሁም እንጸልያለን።
fa6efac5-0680-5413-abd8-289fa8638692,ef4e48cb-21ef-5e61-a49e-69c21d77ef3d,2cabdd09-c7ab-5a38-a6f6-45553a6b7c92,6,6,ይህም ወደ እናንተ የደረሰውን የእግዚአብሔርን ጸጋ በእውነት ከሰማችሁበትና ከአያችሁበት ቀን ጀምሮ በመላው ዓለም ያድግና ያፈራ ዘንድ ነው።
8617d7f7-06ba-5737-a464-0ec147a3f41b,ef4e48cb-21ef-5e61-a49e-69c21d77ef3d,2cabdd09-c7ab-5a38-a6f6-45553a6b7c92,7,7,ስለ እናንተ የሚላክ በክርስቶስ የታመነ፥ የእኛም ወንድማችንና አገልጋያችን ከሚሆን ከኤጳፍራስ ተምራችኋል።
6e2a690c-609f-5156-a26e-0fb2776c1a43,ef4e48cb-21ef-5e61-a49e-69c21d77ef3d,2cabdd09-c7ab-5a38-a6f6-45553a6b7c92,8,8,እርሱም በመንፈስ መዋደዳችሁን ነገረን።
cee9d758-5655-55c1-a0d0-a8d47919a278,ef4e48cb-21ef-5e61-a49e-69c21d77ef3d,c3c91280-894c-5db9-a8bd-919481a0ecab,1,9,ስለዚህም እኛ ዜናችሁን ከሰማን ጀምሮ፥ በፍጹም ጥበብና በፍጹም መንፈሳዊ ምክር የእግዚአብሔርን ፈቃድ ማወቅን ትፈጽሙ ዘንድ፥ ስለ እናንተ መጸለይንና መለመንን አልተውንም።
a264c02d-dc2c-515f-a96b-9b076b808b67,ef4e48cb-21ef-5e61-a49e-69c21d77ef3d,c3c91280-894c-5db9-a8bd-919481a0ecab,2,10,ወደ እግዚአብሔር በሚገባችሁ ትሄዱ ዘንድ፥ በበጎ ሥራ ሁሉ ፍሬ እያፈራችሁ፥ እግዚአብሔርንም በማወቅ እያደጋችሁ፥ በሁሉ ደስ ታሰኙት ዘንድ።
f3943357-88cf-5851-a6b6-68f5f52b5ef0,ef4e48cb-21ef-5e61-a49e-69c21d77ef3d,c3c91280-894c-5db9-a8bd-919481a0ecab,3,11,በፍጹም ኀይል፥ በክብሩ ጽናት፥ በፍጹም ትዕግሥት፥ በተስፋና በደስታም ጸንታችሁ።
9adcebf6-0525-53bd-af8a-f4e865ced58a,ef4e48cb-21ef-5e61-a49e-69c21d77ef3d,c3c91280-894c-5db9-a8bd-919481a0ecab,4,12,በብርሃን ቅዱሳን ለሚታደሉት ርስት የበቃን ያደረገንን እግዚአብሔር አብን አመስግኑት።
9cd7cd67-65d0-5c22-a679-3306ac5ecf41,ef4e48cb-21ef-5e61-a49e-69c21d77ef3d,c3c91280-894c-5db9-a8bd-919481a0ecab,5,13,ከጨለማ አገዛዝ አዳነን፤ ወደ ተወደደው ልጁ መንግሥትም መለሰን።
8d7dbf3d-3255-5edc-a3b1-bdd4d23dba69,ef4e48cb-21ef-5e61-a49e-69c21d77ef3d,c3c91280-894c-5db9-a8bd-919481a0ecab,6,14,ድኅነትን ያገኘንበት፥ ኀጢአታችንም የተሠረየበት ነው።
effedcd2-7990-5011-a62f-ca45567caa23,ef4e48cb-21ef-5e61-a49e-69c21d77ef3d,c3c91280-894c-5db9-a8bd-919481a0ecab,7,15,ይኸውም የማይታይ እግዚአብሔርን የሚመስለው፥ ከፍጥረቱ ሁሉ በላይ የሆነ በኵር ነው።
06679bf8-f178-5a01-a863-19bf13beed61,ef4e48cb-21ef-5e61-a49e-69c21d77ef3d,c3c91280-894c-5db9-a8bd-919481a0ecab,8,16,በእርሱ ቃልነት እግዚአብሔር ሁሉን ፈጥሮአልና በሰማይ ያለውን፥ በምድርም ያለውን፥ የሚታየውንና የማይታየውን፥ መናብርትም ቢሆኑ፥ አጋእዝትም ቢሆኑ፥ መኳንንትም ቢሆኑ፥ ቀደምትም ቢሆኑ፥ ሁሉን በእርሱ ቃልነት ፈጥሮአቸዋልና፤ ሁሉም በእጁ ሆነ፤ ሁሉም በእርሱ ለእርሱ ተፈጠረ፤
5eae018d-5136-5ffd-a560-22d68f848e8e,ef4e48cb-21ef-5e61-a49e-69c21d77ef3d,c3c91280-894c-5db9-a8bd-919481a0ecab,9,17,እርሱ ከሁሉ አስቀድሞ ነበረ፤ ሁሉም በእርሱ ጸና።
9878f2c6-c65b-56b9-a3e0-bf988b463ba4,ef4e48cb-21ef-5e61-a49e-69c21d77ef3d,c3c91280-894c-5db9-a8bd-919481a0ecab,10,18,እርሱ የቤተ ክርስቲያን ራስ ነው፤ በኵር እርሱ ለሁሉ ራስ ይሆን ዘንድ ከሙታን ሁሉ አስቀድሞ ተነሥቶአልና።
68b64607-5ef1-5817-a5d9-6bc00d21ee1a,ef4e48cb-21ef-5e61-a49e-69c21d77ef3d,c3c91280-894c-5db9-a8bd-919481a0ecab,11,19,ሁሉ በእርሱ ፍጹም ሆኖ ይኖር ዘንድ፥ ወዶአልና።
e49686e8-7d07-5380-a3bf-e4ae19d52d9a,ef4e48cb-21ef-5e61-a49e-69c21d77ef3d,c3c91280-894c-5db9-a8bd-919481a0ecab,12,20,ሁሉንም በእርሱ ይቅር ይለው ዘንድ በመስቀሉ ባፈሰሰው ደም በምድርና በሰማያት ላሉ ሰላምን አደረገ።
ff40717e-f1d1-5981-aa28-aba23f1e2318,ef4e48cb-21ef-5e61-a49e-69c21d77ef3d,c3c91280-894c-5db9-a8bd-919481a0ecab,13,21,እናንተም ቀድሞ በአሳባችሁና በክፉ ሥራችሁ ከእግዚአብሔር የተለያችሁና ጠላቶች ነበራችሁ።
5237e3f6-347e-59a8-a2e9-998752a00249,ef4e48cb-21ef-5e61-a49e-69c21d77ef3d,c3c91280-894c-5db9-a8bd-919481a0ecab,14,22,አሁን ግን በፊቱ ለመቆም የተመረጣችሁና ንጹሓን፥ ቅዱሳንም ያደርጋችሁ ዘንድ በሥጋው ሰውነት በሞቱ ይቅር አላችሁ።
5341eb5e-1179-5f78-a42a-454295f135b9,ef4e48cb-21ef-5e61-a49e-69c21d77ef3d,5ca486c4-5910-5901-a84b-3d420d4548c1,1,23,እንግዲህ ከሰማችሁት ከሰማይ በታች በመላው ዓለም ከተሰበከው እኔ ጳውሎስም አዋጅ ነጋሪና መልእክተኛ ሆኜ ከተሾምሁለት፥ ከወንጌል ትምህርት ተስፋ የመሠረታችሁ አቅዋም ሳይናወጥ ጨክናችሁ በሃይማኖት ብትጸኑ፥
7317273d-03a8-58d5-a35f-1e9e10730309,ef4e48cb-21ef-5e61-a49e-69c21d77ef3d,5ca486c4-5910-5901-a84b-3d420d4548c1,2,24,አሁንም በመከራዬ ደስ ይለኛል፤ አካሉ ስለ ሆነች ስለ ቤተ ክርስቲያን፥ ከክርስቶስ መከራ ጥቂቱን በሥጋዬ እፈጽማለሁ።
98347521-f99e-5ff8-afd3-8e0dc4f30565,ef4e48cb-21ef-5e61-a49e-69c21d77ef3d,5ca486c4-5910-5901-a84b-3d420d4548c1,3,25,ስለ እናንተ በሰጠኝ በእግዚአብሔር ሥርዐት እኔ መልእክተኛ ሆኜ የተሾምሁላት።
031111b8-a653-5659-a79e-cd26dd5081b3,ef4e48cb-21ef-5e61-a49e-69c21d77ef3d,5ca486c4-5910-5901-a84b-3d420d4548c1,4,26,እግዚአብሔር የተናገረውን፥ ዓለም ሳይፈጠር፥ ሰውም ሳይፈጠር ተሰውሮ የነበረውን ምክሩን እፈጽም ዘንድ።
0792ed24-6d54-5cf9-a8ae-4ae31bb31261,ef4e48cb-21ef-5e61-a49e-69c21d77ef3d,5ca486c4-5910-5901-a84b-3d420d4548c1,5,27,ዛሬ ግን እግዚአብሔር የዚህን ምክር የክብር ባለጸግነት በአሕዛብ ላይ እንዲገልጽላቸው ለፈቀደላቸው ለቅዱሳን ተገለጠላቸው፤ የምንከብርበት አለኝታችን በእናንተ አድሮ ያለ ክርስቶስ ነውና።
5bb3ed12-60d1-521b-a7f5-041b33797735,ef4e48cb-21ef-5e61-a49e-69c21d77ef3d,5ca486c4-5910-5901-a84b-3d420d4548c1,6,28,እርሱም ኢየሱስ ክርስቶስን በማመን ፍጹም የሚሆነውን ሰው እናቀርበው ዘንድ፥ እኛ የምናስተምርለት፥ ሰውን ሁሉ ወደ እርሱ የምንጠራለትና የምንገሥጽለት፥ ሥራውንም በጥበብ ሁሉ የምንናገርለት ነው።
eb04d22d-51b9-50fd-ab8b-ac079ea1cf91,ef4e48cb-21ef-5e61-a49e-69c21d77ef3d,5ca486c4-5910-5901-a84b-3d420d4548c1,7,29,በኀይሉ እንደሚረዳኝ እንደ ረድኤቱ መጠን ስለ እርሱ እደክማለሁ፤ እጋደላለሁም።
44992ea1-7d70-58c7-a6ee-df9245e79939,409939ed-18ab-5392-addd-eddee4a00388,b126449c-f14c-552e-a136-c997d57a73a0,1,1,ስለ እናንተ እና በሎዶቅያ ስላሉ፥ ፊቴንም በሥጋ ስላላዩት ምእመናን ሁሉ ምን ያህል እንደምጋደል ልታውቁ እወዳለሁ።
cf268037-2a7b-52d8-a847-aa758b7a94b2,409939ed-18ab-5392-addd-eddee4a00388,b126449c-f14c-552e-a136-c997d57a73a0,2,2,ይኸውም ልቡናቸው ደስ ይለው ዘንድ፥ ትምህርታቸውም በማወቅ፥ በፍቅርና ፍጹምነት ባለው ባለጸግነት፥ በጥበብና በሃይማኖት፥ ስለ ክርስቶስም የሆነውን የእግዚአብሔርን ምክር በማወቅ ይጸና ዘንድ ነው።
f61a2e57-d526-5061-a067-bfd5093d330f,409939ed-18ab-5392-addd-eddee4a00388,b126449c-f14c-552e-a136-c997d57a73a0,3,3,የተሰወረ የጥበብና የምክር መዝገብ ሁሉ በእርሱ ዘንድ አለ።
ba665474-88d6-51cd-ad96-cc44fb742b7c,409939ed-18ab-5392-addd-eddee4a00388,b126449c-f14c-552e-a136-c997d57a73a0,4,4,ይህንም የምላችሁ በሚያባብል ነገር የሚያስታችሁ እንዳይኖር ነው።
9019c532-ed12-5606-aad7-5f1773d60ddf,409939ed-18ab-5392-addd-eddee4a00388,b126449c-f14c-552e-a136-c997d57a73a0,5,5,እኔ በሥጋ ከእናንተ ዘንድ ባልኖርም እንኳን፥ በመንፈስ ከእናንተ ጋር ነኝ፤ እነሆ ጠባያችሁንና ሥርዐታችሁን፥ በክርስቶስም ያለ የእምነታችሁን ጽናት ስለ አየሁ ደስ ይለኛል።
a6fb4d01-c4a3-5006-adb9-ff7ba1bee39f,409939ed-18ab-5392-addd-eddee4a00388,b126449c-f14c-552e-a136-c997d57a73a0,6,6,እንግዲህ ጌታችን ኢየሱስ ክርስቶስን እንደ ተቀበላችሁት፥ በእርሱ ተመላለሱ።
b6f0d2e9-8ce3-5a17-ae5b-5b5c24d277b0,409939ed-18ab-5392-addd-eddee4a00388,b126449c-f14c-552e-a136-c997d57a73a0,7,7,በእርሱ ተመሥርታችሁ ታነጹ፤ በምስጋናው ትበዙ ዘንድ፥ በተማራችሁት ሃይማኖት ጽኑ።
b3913acb-ccb0-59a8-a750-7d5d08655399,409939ed-18ab-5392-addd-eddee4a00388,b126449c-f14c-552e-a136-c997d57a73a0,8,8,ለዚህ ዓለም ስሕተት፥ በክርስቶስ ሕግ ያይደለ፥ በሰው ሠራሽ ሥርዐት ለከንቱ የሚያታልሉ ሰዎች በነገር ማራቀቅ እንዳያታልሉአችሁ፥ ተጠንቀቁ።
a3653ce1-9bf1-549f-ac2d-efb506511a97,409939ed-18ab-5392-addd-eddee4a00388,b126449c-f14c-552e-a136-c997d57a73a0,9,9,በእርሱ ፍጹም መለኮቱ በሥጋ ተገልጦ ይኖራልና።
c1ad2b01-292f-54bc-a371-6ece78071cb1,409939ed-18ab-5392-addd-eddee4a00388,b126449c-f14c-552e-a136-c997d57a73a0,10,10,እናንተም በእርሱ ፍጹማን ሁኑ፤ እርሱ ለአለቅነት ሁሉና ለሥልጣን ሁሉ ራስ ነውና።
eed844af-9d04-55f3-aab2-b9d2551fbc34,409939ed-18ab-5392-addd-eddee4a00388,b126449c-f14c-552e-a136-c997d57a73a0,11,11,የኀጢአትን ሰውነት ሸለፈት በመግፈፍ በክርስቶስ መገረዝ በሰው እጅ የአልተደረገ መገረዝን በእርሱ ሆናችሁ ተገረዛችሁ።
14d85da0-718c-5f4b-ade2-2171b435f6ad,409939ed-18ab-5392-addd-eddee4a00388,b126449c-f14c-552e-a136-c997d57a73a0,12,12,በጥምቀትም ከእርሱ ጋር ተቀብራችኋል፤ በእርስዋም ከሙታን ለይቶ ባስነሣው በእግዚአብሔር ረዳትነትና በሃይማኖት ከእርሱ ጋር ተነሥታችኋል።
1122e6bb-5e59-56cc-a77f-e7fba8a96344,409939ed-18ab-5392-addd-eddee4a00388,b126449c-f14c-552e-a136-c997d57a73a0,13,13,እናንተም በኀጢአታችሁና ሥጋችሁን ባለመገረዝ ሙታን ነበራችሁና፥ ከእርሱ ጋር ሕያዋን አደረጋችሁ፤ ኀጢአታችሁንም ሁሉ ይቅር አላችሁ።
3de43c55-9724-5e67-a32b-a01bdf4c3217,409939ed-18ab-5392-addd-eddee4a00388,b126449c-f14c-552e-a136-c997d57a73a0,14,14,ከባላጋራችን የተነሣ በትእዛዝ የተጻፈውን የዕዳችንን ደብዳቤ ደመሰሰልን፤ ከመካከላችንም አራቀው፤ በመስቀሉም ቸነከረው።
68143198-711c-5428-aaaa-085d1277a314,409939ed-18ab-5392-addd-eddee4a00388,b126449c-f14c-552e-a136-c997d57a73a0,15,15,አለቆችንና ገዢዎችን በመግፈፉ በግልጥ አሳያቸው፤ ራቁቱን በመሆኑም አሳፈራቸው።
21e4a0bd-e543-5bf9-a7e9-db2c3b458e1c,409939ed-18ab-5392-addd-eddee4a00388,b126449c-f14c-552e-a136-c997d57a73a0,16,16,እንግዲህ በመብልም ቢሆን፥ በመጠጥም ቢሆን፥ በልዩ ልዩ በዓላትም ቢሆን፥ በመባቻም ቢሆን፥ በሰንበትም ቢሆን የሚነቅፋችሁ እንዳይኖር ተጠንቀቁ።
822cd53b-6af3-53da-a9b5-d48b18fb44aa,409939ed-18ab-5392-addd-eddee4a00388,b126449c-f14c-552e-a136-c997d57a73a0,17,17,ይህ ሁሉ ይመጣ ዘንድ ላለው ጥላ ነውና። አካሉ ግን የክርስቶስ ነው።
29120495-b661-5023-a9bc-5187072f659f,409939ed-18ab-5392-addd-eddee4a00388,b126449c-f14c-552e-a136-c997d57a73a0,18,18,በመታለልና ራስን ዝቅ በማድረግ ለመላእክት አምልኮ ትታዘዙ ዘንድ ወድዶ፥ በአላየውም በከንቱ የሥጋው ምክር እየተመካ የሚያሰንፋችሁ አይኑር።
1f947579-c6f2-5c5c-a66f-3cd38fd7925e,409939ed-18ab-5392-addd-eddee4a00388,b126449c-f14c-552e-a136-c997d57a73a0,19,19,ሥጋ ሁሉ ጸንቶ በሚኖርበት፥ በሥርና በጅማትም በሚስማማበት፥ በእግዚአብሔርም በሚያድግበትና በሚጸናበት፥ በሚሞላበትም በራስ አይጸናም።
8082fe1e-4d77-51c4-a0b1-c566382837af,409939ed-18ab-5392-addd-eddee4a00388,7113e7dd-83ef-59b1-ab9e-b14e84f71d0a,1,20,ከዚህ ዓለም ኑሮ ከክርስቶስ ጋር ከሞታችሁ እንደገና በዓለም እንደሚኖሩ ሰዎች እንዴት ትሠራላችሁ?
981d4298-b905-58cf-a516-62355aa076ea,409939ed-18ab-5392-addd-eddee4a00388,7113e7dd-83ef-59b1-ab9e-b14e84f71d0a,2,21,እንዴትስ ይህን አትዳስስ፥ ይህን አትንካ፥ ይህንም አትቅመስ ይሉአችኋል?
5fe4181d-6d74-5ef6-a83a-236c34463289,409939ed-18ab-5392-addd-eddee4a00388,7113e7dd-83ef-59b1-ab9e-b14e84f71d0a,3,22,ይህ ሁሉ እንደ ሰው ትእዛዝና ትምህርት ለጥፋት ነውና።
4e288bd4-ac12-5a96-a501-410c79b66c72,409939ed-18ab-5392-addd-eddee4a00388,7113e7dd-83ef-59b1-ab9e-b14e84f71d0a,4,23,ይህም ስለ ልብ ትሕትናና እግዚአብሔርንም ስለ መፍራት፥ ለሥጋ ስለ አለማዘን ጥበብን ይመስላል፤ ነገር ግን ከሥጋ በላይ ነው እንጂ ምንም ክብር የለውም።
b11561fb-13d5-55f5-acc4-b82b65c29fda,b3367ade-af18-5d1d-aad5-bb9241754b0c,443ad502-98b2-5009-a006-daade6137b3a,1,1,ከክርስቶስ ጋር ከተነሣችሁ ክርስቶስ በእግዚአብሔር ቀኝ ተቀምጦ በአለበት በላይ ያለውን ሹ።
6167ad73-4794-5429-a3dd-d0dbdae1a702,b3367ade-af18-5d1d-aad5-bb9241754b0c,443ad502-98b2-5009-a006-daade6137b3a,2,2,የላይኛውን አስቡ፤ በምድር ያለውንም አይደለም።
e8448437-906d-5ae6-a9c1-0df329a3a737,b3367ade-af18-5d1d-aad5-bb9241754b0c,443ad502-98b2-5009-a006-daade6137b3a,3,3,እናንተ ፈጽማችሁ ሞታችኋልና፤ ሕይወታችሁም ከክርስቶስ ጋራ በእግዚአብሔር ዘንድ የተሠወረች ናትና።
4842b9e6-ee75-5da7-ace0-c9cf3493b0db,b3367ade-af18-5d1d-aad5-bb9241754b0c,443ad502-98b2-5009-a006-daade6137b3a,4,4,ሕይወታችሁ ክርስቶስ በሚገለጥበት ጊዜ፥ ያንጊዜ ከእርሱ ጋር በፍጹም ክብር ትገለጣላችሁ።
7b8b5356-6b0a-541d-a00b-fa16bb816d0f,b3367ade-af18-5d1d-aad5-bb9241754b0c,443ad502-98b2-5009-a006-daade6137b3a,5,5,ምድራዊ ሰውነታችሁንም ከዝሙትና ከርኵሰት፥ ከጥፋትና ከክፉ ምኞት፥ ጣዖት ማምለክ ከሆነው ከቅሚያም ግደሉት።
3e8cc7f5-0e8a-5a5e-a133-413d9922e8cd,b3367ade-af18-5d1d-aad5-bb9241754b0c,443ad502-98b2-5009-a006-daade6137b3a,6,6,በእነርሱም ምክንያት በማይታዘዙ ልጆች ላይ የእግዚአብሔር መቅሠፍት ይመጣል።
fb16724c-0e49-5b92-a252-1af617ebc424,b3367ade-af18-5d1d-aad5-bb9241754b0c,443ad502-98b2-5009-a006-daade6137b3a,7,7,እናንተም ቀድሞ በዚህ ሥራ በነበራችሁ ጊዜ የሄዳችሁበት ነው።
f67da286-2dd6-5e2a-af1d-25f290c260b2,b3367ade-af18-5d1d-aad5-bb9241754b0c,443ad502-98b2-5009-a006-daade6137b3a,8,8,አሁንም ቍጣንና ብስጭትን፥ ክፋትንና ስድብን፥ የሚያሳፍረውንም ነገር ተዉ፤ ከንቱ ነገርም ከአፋችሁ አይውጣ።
0db3375a-da21-5d80-a404-16a8f886bc1e,b3367ade-af18-5d1d-aad5-bb9241754b0c,443ad502-98b2-5009-a006-daade6137b3a,9,9,አሮጌውን ሰው ከሥራው ጋር ተዉት እንጂ፤ ወንድሞቻችሁን አቷሹ።
b37d6d2e-d258-5091-afa9-bfc9596129b8,b3367ade-af18-5d1d-aad5-bb9241754b0c,443ad502-98b2-5009-a006-daade6137b3a,10,10,ፈጣሪውን ለመምሰል በዕውቀት የሚታደሰውን አዲሱን ሰው ልበሱት።
c521f59a-cf95-5acb-aa16-17d2d89fc82a,b3367ade-af18-5d1d-aad5-bb9241754b0c,443ad502-98b2-5009-a006-daade6137b3a,11,11,በእርሱ ዘንድ አይሁዳዊ፥ ግሪካዊም፥ የተገዘረ፥ ያልተገዘረም፥ አረመኔም፥ ባላገርም፥ ቤተ ሰብእና አሳዳሪ ማለት የለም ነገር ግን ክርስቶስ ለሁሉ በሁሉም ዘንድ ነው።
778ecec5-43c1-5b4c-a503-8d21bbe9d044,b3367ade-af18-5d1d-aad5-bb9241754b0c,443ad502-98b2-5009-a006-daade6137b3a,12,12,እንግዲህ እግዚአብሔር እንደ መረጣቸው ቅዱሳንና ወዳጆች፥ ምሕረትንና ርኅራኄን፥ ቸርነትንና ትሕትናን፥ የውሀትንና ትዕግሥትን ልበሱት።
bd3be48e-49f2-58d2-a473-428f416b9a25,b3367ade-af18-5d1d-aad5-bb9241754b0c,443ad502-98b2-5009-a006-daade6137b3a,13,13,ባልንጀሮቻችሁን ታገሡአቸው፤ እርስ በርሳችሁ ይቅር ተባባሉ፤ ባልንጀሮቻችሁን የነቀፋችሁበትን ሥራ ተዉ፤ ክርስቶስ ይቅር እንዳላችሁ እናንተም እንዲሁ አድርጉ።
2c2ae60c-89ac-5086-a97d-ab44c09034fb,b3367ade-af18-5d1d-aad5-bb9241754b0c,443ad502-98b2-5009-a006-daade6137b3a,14,14,ከዚህም ሁሉ ጋር ዘወትር ተፋቀሩ፤ የመጨረሻው ማሰሪያ እርሱ ነውና።
8820531f-382e-55f1-ab2f-8554fc1812ba,b3367ade-af18-5d1d-aad5-bb9241754b0c,443ad502-98b2-5009-a006-daade6137b3a,15,15,በአንድ አካል የተጠራችሁለት የክርስቶስ ሰላም በልባችሁ ጸንቶ ይኑር፤ ክርስቶስንም በማመስገን ኑሩ።
e6465c7f-0eba-596d-a961-75410302d182,b3367ade-af18-5d1d-aad5-bb9241754b0c,443ad502-98b2-5009-a006-daade6137b3a,16,16,በጥበብ ሁሉ እንድትበለጽጉ የእግዚአብሔር ቃል በእናንተ ዘንድ ይጽና፤ በመንፈስም ራሳችሁን አስተምሩ፤ ገሥፁ፤ መዝሙርንና ምስጋናን፥ የቅድስና ማሕሌትንም በልባችሁ በጸጋ ለእግዚአብሔር ዘምሩ።
09856542-b452-5364-a767-fae407aaf8b0,b3367ade-af18-5d1d-aad5-bb9241754b0c,443ad502-98b2-5009-a006-daade6137b3a,17,17,በቃልም ቢሆን፥ ወይም በሥራ የምታደርጉትን ሁሉ በጌታችን በኢየሱስ ክርስቶስ ስም አድርጉ፤ ስለ እርሱም እግዚአብሔር አብን አመስግኑት።
3dd482a9-cd2c-5127-a991-e7963d8e7cfd,b3367ade-af18-5d1d-aad5-bb9241754b0c,c5fafef0-7967-5060-afa2-58d00a7c3445,1,18,ሚስቶች ሆይ ለእግዚአብሔር እንደምትታዘዙ ለባሎቻችሁ ታዘዙ።
fe7c3dc0-b867-5e21-ad22-4bba9760ff94,b3367ade-af18-5d1d-aad5-bb9241754b0c,c5fafef0-7967-5060-afa2-58d00a7c3445,2,19,ባሎች ሆይ ሚስቶቻችሁን ውደዱ፤ አትንቀፉአቸውም።
35e9ad02-ccec-5284-a051-f877d4167046,b3367ade-af18-5d1d-aad5-bb9241754b0c,c5fafef0-7967-5060-afa2-58d00a7c3445,3,20,ልጆች ሆይ ለወላጆቻችሁ በሁሉ ታዘዙ፤ እንዲህ ማድረግ ይገባልና፤ ይህም እግዚአብሔርን ደስ ያሰኛልና።
a2e32012-07af-541e-a567-cba1ca288397,b3367ade-af18-5d1d-aad5-bb9241754b0c,c5fafef0-7967-5060-afa2-58d00a7c3445,4,21,አባቶች ሆይ እንዳያዝኑ ልጆቻችሁን አታበሳጩ።
3ba7d499-10fb-56b9-a58f-38c39a8fedc4,b3367ade-af18-5d1d-aad5-bb9241754b0c,c5fafef0-7967-5060-afa2-58d00a7c3445,5,22,አገልጋዮች ሆይ በቅን ልብ እግዚአብሔርን በመፍራት እንጂ ለሰው ደስ እንደምታሰኙ ለታይታ የምትገዙ ሳትሆኑ፥ በሥጋ ጌቶቻችሁ ለሆኑ በሁሉ ታዘዙ።
b56d887b-b11d-5a19-af6d-0caf15908ef1,b3367ade-af18-5d1d-aad5-bb9241754b0c,c5fafef0-7967-5060-afa2-58d00a7c3445,6,23,ለሰው ሳይሆን ለጌታ እንደምታደርጉ የምታደርጉትን ሁሉ ከልብ አድርጉት።
8e900705-b5ae-52f3-ac55-fef590ce8a94,b3367ade-af18-5d1d-aad5-bb9241754b0c,c5fafef0-7967-5060-afa2-58d00a7c3445,7,24,ከእግዚአብሔር ዋጋችሁን እንደምትቀበሉ ታውቃላችሁ፤ ለክርስቶስ ትገዛላችሁና፤
f951b4a3-8cc2-53f9-abdd-8783610f1ead,b3367ade-af18-5d1d-aad5-bb9241754b0c,c5fafef0-7967-5060-afa2-58d00a7c3445,8,25,የሚበድል ግን ፍዳውን ያገኛል፤ እርሱም አያደላለትም።
f50d436a-a31a-5242-ad90-720a0921f061,dd217142-79af-5fd1-acf8-85e5900e8d2b,979bddc2-bc0c-5b98-abf2-5ead14a11b5a,1,1,ጌቶች ሆይ፥ ለአገልጋዮቻችሁ ትክክለኛውን አድርጉላቸው፤ እውነትንም ፍረዱ፤ በሰማይ ጌታ እንዳላችሁ ታውቃላችሁና።
22d84d3d-811b-5728-a867-d3eaeeb58d32,dd217142-79af-5fd1-acf8-85e5900e8d2b,161a29fe-bc89-51f9-ad31-5c86b0df982d,1,2,በምስጋና እየተጋችሁ ለጸሎት ፅሙዳን ሁኑ።
03a997c7-ca4f-59dc-ad53-e6862e75a368,dd217142-79af-5fd1-acf8-85e5900e8d2b,161a29fe-bc89-51f9-ad31-5c86b0df982d,2,3,ስለ እርሱ የታሰርሁለትን የእግዚአብሔርን ምሥጢር እንድንናገር፥ እግዚአብሔር የቃሉን በር ይከፍትልን ዘንድ ለእኛም ደግሞ ጸልዩልን፤ ለምኑልንም፤
fec16049-c058-55f3-ad0e-f6aea5246992,dd217142-79af-5fd1-acf8-85e5900e8d2b,161a29fe-bc89-51f9-ad31-5c86b0df982d,3,4,ልናገርም እንደሚገባኝ እገልጠው ዘንድ ጸልዩልኝ።
11fb0be1-8bfa-5ca3-a9f4-d89e5cd4b1ea,dd217142-79af-5fd1-acf8-85e5900e8d2b,161a29fe-bc89-51f9-ad31-5c86b0df982d,4,5,ዘመኑን እየዋጃችሁ ከሃይማኖት ወደ ተለዩ ሰዎች በማስተዋል ሂዱ።
8f37b15d-6603-5e8b-a803-de78f5ae537b,dd217142-79af-5fd1-acf8-85e5900e8d2b,161a29fe-bc89-51f9-ad31-5c86b0df982d,5,6,ለእያንዳንዱ እንዴት እንደምትመልሱ ታውቁ ዘንድ ንግግራችሁ ሁልጊዜ በጨው እንደ ተቀመመ በጸጋ ይሁን።
81d6a71a-becb-53b4-ab29-1c77c1690430,dd217142-79af-5fd1-acf8-85e5900e8d2b,d2652c3f-387c-55a5-a8aa-f2b06ec18b17,1,7,የተወደደ ወንድማችንና የታመነ አገልጋይ፥ በጌታ ሥራም ተባባሪያችን የሆነ ቲኪቆስ የእኔን ዜና ይነግራችኋል።
aec61a96-4302-59fb-aa2e-4814bb6638bd,dd217142-79af-5fd1-acf8-85e5900e8d2b,d2652c3f-387c-55a5-a8aa-f2b06ec18b17,2,8,ስለዚህ ሥራ ወደ እናንተ የላክሁት ዜናዬን ታውቁ ዘንድ፥ ልባችሁንም ያጽናና ዘንድ ነው።
cda92617-f0f4-51b1-a889-58740c7f6cb9,dd217142-79af-5fd1-acf8-85e5900e8d2b,d2652c3f-387c-55a5-a8aa-f2b06ec18b17,3,9,ወገናችሁ ከሆነው ከምንወደውና ከታመነው ወንድማችን ከአናሲሞስ ጋር፥ እነርሱ ሥራችንንና ያለንበትን ያስረዱአችኋል።
12e71648-d420-5b59-ac50-546c3867aa4b,dd217142-79af-5fd1-acf8-85e5900e8d2b,15958674-b67f-5e47-a1ab-e814b09bb6c7,1,10,ከእኔ ጋር የተማረከው አርስጥሮኮስ፥ ወደ እናንተ በሚመጣ ጊዜ ትቀበሉት ዘንድ ስለ እርሱ ያዘዝኋችሁ የበርናባስ የአባቱ ወንድም ልጅ ማርቆስም፥
8eb8f223-f169-52d1-afe5-6572d5a85a7d,dd217142-79af-5fd1-acf8-85e5900e8d2b,15958674-b67f-5e47-a1ab-e814b09bb6c7,2,11,ኢዮስጦስ የተባለ ኢያሱም፥ ከግዙራን ሰዎች ወገን የሚሆኑ እነዚህ ሰላም ይሏችኋል። በእግዚአብሔር መንግሥት ሥራ ረዳቶች እነዚህ ብቻ ናቸው፤ እነርሱም እኔን አጽናንተውኛል።
4ca42da1-782b-596b-a24f-30173e36d2f0,dd217142-79af-5fd1-acf8-85e5900e8d2b,15958674-b67f-5e47-a1ab-e814b09bb6c7,3,12,ከእናንተ ወገን የሚሆን ኤጳፍራስም ሰላም ይላችኋል፥ እርሱ የክርስቶስ አገልጋይ ነው፤ እግዚአብሔር በሚወደው ነገር ሁሉ ምሉኣንና ፍጹማን እንድትሆኑ፥ ስለ እናንተ ዘወትር ይጸልያል፤ ይማልዳልም።
3200be21-87af-5e03-a489-94333c75cf98,dd217142-79af-5fd1-acf8-85e5900e8d2b,15958674-b67f-5e47-a1ab-e814b09bb6c7,4,13,እጅግ እንደሚወዳችሁና ስለ እናንተ በሎዶቅያና በኢያራ ከተማ ስላሉትም እንደሚቈረቈር እኔ ምስክሩ ነኝ።
f0837dff-6fe1-5010-ae7b-4bb8d630bfda,dd217142-79af-5fd1-acf8-85e5900e8d2b,15958674-b67f-5e47-a1ab-e814b09bb6c7,5,14,ወዳጃችን ባለ መድኃኒቱ ሉቃስም ሰላም ብሎአችኋል፤ ዴማስም ሰላም ይላችኋል።
d968afc2-2ce4-55a1-a980-0bcb12fa9db1,dd217142-79af-5fd1-acf8-85e5900e8d2b,15958674-b67f-5e47-a1ab-e814b09bb6c7,6,15,በሎዶቅያ ላሉት ወንድሞቻችንና ለንምፋን፥ በቤቱም ላለች ቤተ ክርስቲያን ሰላምታ አቅርቡልኝ።
12d056e6-21e7-5264-a9c8-a107fff39583,dd217142-79af-5fd1-acf8-85e5900e8d2b,15958674-b67f-5e47-a1ab-e814b09bb6c7,7,16,ይህችን መልእክት እናንተ አንብባችሁ፥ በቤተ ክርስቲያን ያነብቡአት ዘንድ ወደ ሎዶቅያ ላኩአት፤ ዳግመኛም እናንተ ከሎዶቅያ የጻፍኋትን መልእክት አንብቡአት።
9cdbcf8f-6203-5f98-a733-769334b1b620,dd217142-79af-5fd1-acf8-85e5900e8d2b,15958674-b67f-5e47-a1ab-e814b09bb6c7,8,17,አክርጳንም “ከእግዚአብሔር የተሾምህባትን መልእክትህን እንድትፈጽማት ተጠንቀቅ” በሉት።
f962a26f-32ba-5231-ad36-b5c2c801c598,dd217142-79af-5fd1-acf8-85e5900e8d2b,15958674-b67f-5e47-a1ab-e814b09bb6c7,9,18,እኔ ጳውሎስ በእጄ ጽፌ ሰላም አልኋችሁ፤ እስራቴን አስቡ፤ ጸጋ ከእናንተ ጋር ይሁን፤ አሜን።
093d36ce-6336-53e7-ae64-98dd82f8f99b,f3b06d4c-1682-5355-a36a-3f2b5429b0c0,753a619a-ba12-5fca-a840-9e6f48a11e6c,1,1,ጳውሎስና ስልዋኖስ ጢሞቴዎስም፥ በእግዚአብሔር አብ በጌታ በኢየሱስ ክርስቶስም ወደምትሆን ወደ ተሰሎንቄ ሰዎች ቤተ ክርስቲያን፤ ከእግዚአብሔር ከአባታችን ከጌታ ከኢየሱስ ክርስቶስም ጸጋ ሰላምም ለእናንተ ይሁን።
66d0ea55-188a-5f90-a69b-4972dce4e046,f3b06d4c-1682-5355-a36a-3f2b5429b0c0,52a2de24-c637-57cb-a3ad-1b969fcfdb20,1,2,በጸሎታችን ጊዜ ስለ እናንተ ስናሳስብ፥ የእምነታችሁን ሥራ የፍቅራችሁንም ድካም በጌታችንም በኢየሱስ ክርስቶስ ያለውን የተስፋችሁን መጽናት በአምላካችንና በአባታችን ፊት ሳናቋርጥ እያሰብን፥ እግዚአብሔርን ሁል ጊዜ በሁላችሁ ምክንያት እናመሰግናለን፤
b8a24909-4ccc-5c35-a731-2a67d7f8dcb0,f3b06d4c-1682-5355-a36a-3f2b5429b0c0,52a2de24-c637-57cb-a3ad-1b969fcfdb20,2,4,በእግዚአብሔር የምትወደዱ ወንድሞች ሆይ! እንደ ተመረጣችሁ አውቀናልና።
bf355d9e-f9aa-5d58-a599-28b0946fb274,f3b06d4c-1682-5355-a36a-3f2b5429b0c0,52a2de24-c637-57cb-a3ad-1b969fcfdb20,3,5,ወንጌላችን በኀይልና በመንፈስ ቅዱስ በብዙ መረዳትም እንጂ በቃል ብቻ ወደ እናንተ አልመጣምና፤ በእናንተ ዘንድ ስለ እናንተ እንዴት እንደ ነበርን ታውቃላችሁ።
dd83af94-4d69-53be-a174-7480a6797f4e,f3b06d4c-1682-5355-a36a-3f2b5429b0c0,52a2de24-c637-57cb-a3ad-1b969fcfdb20,4,6,ደግሞ እናንተ ቃሉን በብዙ መከራ ከመንፈስ ቅዱስ ደስታ ጋር ተቀብላችሁ፥ እኛንና ጌታን የምትመስሉ ሆናችሁ፤
99b1c0ff-ad17-58f3-ac05-3c2834c0ea90,f3b06d4c-1682-5355-a36a-3f2b5429b0c0,52a2de24-c637-57cb-a3ad-1b969fcfdb20,5,7,ስለዚህም በመቄዶንያና በአካይያ ላሉት ምእመናን ሁሉ ምሳሌ ሆናችሁላቸው።
bee7b220-5ba1-5e75-a01b-2b9b10f9fbaf,f3b06d4c-1682-5355-a36a-3f2b5429b0c0,52a2de24-c637-57cb-a3ad-1b969fcfdb20,6,8,ከእናንተ ወጥቶ የጌታ ቃል በመቄዶንያና በአካይያ ብቻ አልተሰማምና፤ ነገር ግን ምንም እንድንናገር እስከማያስፈልግ ድረስ፥ በእግዚአብሔር ዘንድ የሚሆን እምነታችሁ በሁሉ ስፍራ ተወርቶአል።
d17b6876-ed53-56eb-a247-d401b5a48e10,f3b06d4c-1682-5355-a36a-3f2b5429b0c0,52a2de24-c637-57cb-a3ad-1b969fcfdb20,7,9,እነርሱ ራሳቸው ወደ እናንተ መግባታችን እንዴት እንደነበረ ስለ እኛ ይናገራሉና፤ ለሕያውና ለእውነተኛ አምላክም ታገለግሉ ዘንድ፥ ከሙታንም ያስነሣውን ልጁን እርሱንም ኢየሱስን ከሚመጣው ቍጣ የሚያድነንን ከሰማይ ትጠብቁ ዘንድ፥ ከጣዖቶች ወደ እግዚአብሔር እንዴት እንደተመለሳችሁ ይናገራሉ።
351f6897-4d5b-5ab9-afe1-aa9521104c18,0a9d9e0c-9f4c-51f8-af29-c5ba1519cac9,a85bcf58-009b-5795-a919-bb6428535252,1,1,ወንድሞች ሆይ! ራሳችሁ ወደ እናንተ መግባታችን ከንቱ እንዳልሆነ ታውቃላችሁ።
254055fd-d2c5-5ece-a1d1-f327cb1d64e5,0a9d9e0c-9f4c-51f8-af29-c5ba1519cac9,a85bcf58-009b-5795-a919-bb6428535252,2,2,ነገር ግን እንደምታውቁት በፊልጵስዩስ አስቀድመን መከራ ተቀብለን ተንገላትተንም፥ በብዙ ገድል የእግዚአብሔርን ወንጌል ለእናንተ እንናገር ዘንድ በአምላካችን ደፈርን።
54fb1e49-245e-5472-a102-41d30e98c66c,0a9d9e0c-9f4c-51f8-af29-c5ba1519cac9,a85bcf58-009b-5795-a919-bb6428535252,3,3,ልመናችን ከስሕተት ወይም ከርኵሰት ወይም ከተንኰል አልነበረምና፤
dad91dbe-7b5e-5f84-a192-4878358b10a7,0a9d9e0c-9f4c-51f8-af29-c5ba1519cac9,a85bcf58-009b-5795-a919-bb6428535252,4,4,ነገር ግን ወንጌልን አደራ ይሰጠን ዘንድ እግዚአብሔር የታመንን ሆነን እንዳገኘን መጠን፥ እንዲሁ እንናገራለን፤ ልባችንን የሚመረምር እግዚአብሔርን እንጂ ሰውን ደስ እንደምናሰኝ አይደለም።
2e4ffc33-d2e2-50d8-a606-c844c24a26af,0a9d9e0c-9f4c-51f8-af29-c5ba1519cac9,a85bcf58-009b-5795-a919-bb6428535252,5,5,እንደምታውቁ፥ እያቈላመጥን ከቶ አልተናገርንም፤ እግዚአብሔርም እንደሚመሰክር እያመካኘን በመጐምጀት አልሠራንም፤
a3749db6-f34c-570e-af55-14f4240daf31,0a9d9e0c-9f4c-51f8-af29-c5ba1519cac9,a85bcf58-009b-5795-a919-bb6428535252,6,6,የክርስቶስም ሐዋርያት እንደ መሆናችን ልንከብድባችሁ ስንችል፥ ከእናንተ ቢሆን ወይም ከሌሎች ክብርን ከሰው አልፈለግንም።
f9301dc1-abf7-5083-ac37-fdbd0f1b9885,0a9d9e0c-9f4c-51f8-af29-c5ba1519cac9,a85bcf58-009b-5795-a919-bb6428535252,7,7,ነገር ግን ሞግዚት የራስዋን ልጆች እንደምትከባከብ፥ በመካከላችሁ የዋሆች ሆንን፤
2b0c8671-e8c5-5659-ae77-50bb3ddfc001,0a9d9e0c-9f4c-51f8-af29-c5ba1519cac9,a85bcf58-009b-5795-a919-bb6428535252,8,8,እንዲሁም እያፈቀርናችሁ የእግዚአብሔርን ወንጌል ለማካፈል ብቻ ሳይሆን የገዛ ነፍሳችንን ደግሞ እናካፍላችሁ ዘንድ በጎ ፈቃዳችን ነበረ፤ ለእኛ የተወደዳችሁ ሆናችሁ ነበርና።
befbf502-c6f0-59ac-a96e-8812f221723b,0a9d9e0c-9f4c-51f8-af29-c5ba1519cac9,a85bcf58-009b-5795-a919-bb6428535252,9,9,ወንድሞች ሆይ! ድካማችንና ጥረታችን ትዝ ይላችኋል፤ ከእናንተ በአንዱ ስንኳ እንዳንከብድበት ሌሊትና ቀን እየሠራን፥ የእግዚአብሔርን ወንጌል ለእናንተ ሰበክን።
c034abc6-5c50-5f1a-aebc-ad679bc9fd1e,0a9d9e0c-9f4c-51f8-af29-c5ba1519cac9,a85bcf58-009b-5795-a919-bb6428535252,10,10,በእናንተ በምታምኑ ዘንድ እንዴት ባለ ቅድስናና ጽድቅ ነቀፋም በሌለበት ኑሮ እንደ ሄድን፥ እናንተና እግዚአብሔር ምስክሮች ናችሁ፤
f3a25596-b5a4-59ad-ac27-9da03054a811,0a9d9e0c-9f4c-51f8-af29-c5ba1519cac9,a85bcf58-009b-5795-a919-bb6428535252,11,11,ወደ መንግሥቱ ወደ ክብሩም ለጠራችሁ ለእግዚአብሔር እንደሚገባ ትመላለሱ ዘንድ እየመከርንና እያጸናን እየመሰከርንላችሁም፥ አባት ለልጆቹ እንደሚሆን ለእያንዳንዳችሁ እንደ ሆንን ታውቃላችሁና።
b6565031-d5b6-5235-a7bc-08502bb0bafd,0a9d9e0c-9f4c-51f8-af29-c5ba1519cac9,a85bcf58-009b-5795-a919-bb6428535252,12,13,ስለዚህም የመልእክትን ቃል እርሱም የእግዚአብሔር ቃል ከእኛ በተቀበላችሁ ጊዜ፥ በእውነት እንዳለ በእናንተ በምታምኑ ደግሞ እንደሚሠራ እንደ እግዚአብሔር ቃል እንጂ እንደ ሰው ቃል አድርጋችሁ ስላልተቀበላችሁት፥ እኛ ደግሞ እግዚአብሔርን ሳናቋርጥ እናመሰግናለን።
20644fc3-30d0-581b-a353-f12c06b0c99a,0a9d9e0c-9f4c-51f8-af29-c5ba1519cac9,a85bcf58-009b-5795-a919-bb6428535252,13,14,እናንተ ወንድሞች ሆይ! በይሁዳ የሚኖሩትን በክርስቶስ ኢየሱስ ያሉትን የእግዚአብሔርን ማኅበሮች የምትመስሉ ሆናችኋልና፤ እነርሱ ከአይሁድ መከራ እንደ ተቀበሉ፥ እናንተ ደግሞ ያንን መከራ ከአገራችሁ ሰዎች ተቀብላችኋልና።
0742a37b-33ae-5dbf-a38a-124d1d59cbf9,0a9d9e0c-9f4c-51f8-af29-c5ba1519cac9,a85bcf58-009b-5795-a919-bb6428535252,14,15,እነዚያም ጌታን ኢየሱስን ደግሞ ገደሉ፤ ነቢያትንም እኛንም አሳደዱ፤ እግዚአብሔርንም ደስ አያሰኙም፤ ሰዎችንም ሁሉ ይቃወማሉ፤
a2bcbf3b-4fb5-53bb-a026-46b50f0c5144,0a9d9e0c-9f4c-51f8-af29-c5ba1519cac9,a85bcf58-009b-5795-a919-bb6428535252,15,16,ሁልጊዜ ኀጢአታቸውን ይፈጽሙ ዘንድ አሕዛብ እንዲድኑ እንዳንናገራቸው ይከለክሉናልና። ነገር ግን ቍጣው ወደ እነርሱ ፈጽሞ ደርሶአል።
4e642b45-aaa8-5b4d-a12b-9042f05595ce,0a9d9e0c-9f4c-51f8-af29-c5ba1519cac9,f09334eb-cc3d-5c97-aaaf-203e72e3267e,1,17,እኛ ግን ወንድሞች ሆይ! በልብ ያይደለ ፊት ለፊት ለጥቂት ጊዜ አጥተናችሁ፥ በብዙ ናፍቆት ፊታችሁን ለማየት እጅግ ሞከርን፤
190b442f-4024-5e5a-aea1-ea41b2c38f03,0a9d9e0c-9f4c-51f8-af29-c5ba1519cac9,f09334eb-cc3d-5c97-aaaf-203e72e3267e,2,18,ወደ እናንተ ልንመጣ ወደን ነበርና፤ እኔ ጳውሎስም አንድና ሁለት ጊዜ፥ ሰይጣን ግን አዘገየን።
d0bd65b6-f5d5-5628-a250-c4e05985fd8c,0a9d9e0c-9f4c-51f8-af29-c5ba1519cac9,f09334eb-cc3d-5c97-aaaf-203e72e3267e,3,19,ተስፋችን ወይስ ደስታችን ወይስ የትምክህታችን አክሊል ማን ነው? በጌታችን በኢየሱስ ፊት በመምጣቱ እናንተ አይደላችሁምን?
3480e0d5-a2f2-5dda-ad8e-13ca30e35fcf,0a9d9e0c-9f4c-51f8-af29-c5ba1519cac9,f09334eb-cc3d-5c97-aaaf-203e72e3267e,4,20,እናንተ ክብራችን ደስታችንም ናችሁና።
46343e42-6c20-5238-a615-d9982f6cb1b1,350f8926-63c4-556c-a1fd-0e0b6e500741,dfbb471f-5bcc-550b-a38d-9cfd45031593,1,1,ስለዚህ ወደ ፊት እንታገሥ ዘንድ ባልተቻለን ጊዜ፥ በአቴና ብቻችንን ልንቀር በጎ ፈቃዳችን ሆነ።
f9826c62-c3b8-51a8-a764-8f5752029326,350f8926-63c4-556c-a1fd-0e0b6e500741,dfbb471f-5bcc-550b-a38d-9cfd45031593,2,2,ስለ እምነታችሁም እንዲያጸናችሁና እንዲመክራችሁ ወንድማችንን የእግዚአብሔርንም አገልጋይ ከእኛ ጋርም አብሮ በክርስቶስ ወንጌል የሚሠራውን ጢሞቴዎስን ላክነው፤
d2d6e291-98de-5f6f-a680-7cee7b522c3d,350f8926-63c4-556c-a1fd-0e0b6e500741,dfbb471f-5bcc-550b-a38d-9cfd45031593,3,3,በዚህ መከራ ማንም እንዳይናወጥ፥ ለዚህ እንደ ተመረጥን ራሳችሁ ታውቃላችሁና።
7abac529-c4be-52d5-aa1f-ac5dc85debaf,350f8926-63c4-556c-a1fd-0e0b6e500741,dfbb471f-5bcc-550b-a38d-9cfd45031593,4,4,በእውነት ከእናንተ ጋር ሳለን፥ መከራ እንቀበል ዘንድ እንዳለን አስቀድመን እንነግራችሁ ነበር፤ እንዲሁም ደግሞ ሆነ፤ ይህንም ታውቃላችሁ።
a6aa1805-5213-5d87-abfa-9db795159177,350f8926-63c4-556c-a1fd-0e0b6e500741,dfbb471f-5bcc-550b-a38d-9cfd45031593,5,5,ስለዚህ እኔ ደግሞ ወደ ፊት እታገሥ ዘንድ ባልተቻለኝ ጊዜ “ፈታኝ ምናልባት ፈትኖአቸዋል፤ ድካማችንም ከንቱ ሆኖአል፤” ብዬ እምነታችሁን ለማወቅ ላክሁ።
4b71d246-92f7-525f-ad1a-8018e165aa10,350f8926-63c4-556c-a1fd-0e0b6e500741,dfbb471f-5bcc-550b-a38d-9cfd45031593,6,6,አሁን ግን ጢሞቴዎስ ከእናንተ ዘንድ ወደ እኛ መጥቶ ስለ እምነታችሁና ስለ ፍቅራችሁ የምሥራች ብሎ በነገረን ጊዜ፥ እኛም እናያችሁ ዘንድ እንደምንናፍቅ ታዩን ዘንድ እየናፈቃችሁ ሁልጊዜ በመልካም እንደምታስቡን በነገረን ጊዜ፥
8d20714f-40c3-5ee2-a727-e0c7843453cf,350f8926-63c4-556c-a1fd-0e0b6e500741,dfbb471f-5bcc-550b-a38d-9cfd45031593,7,7,ስለዚህ ወንድሞች ሆይ! በእምነታችሁ በኩል በችግራችንና በመከራችን ሁሉ ስለ እናንተ ተጽናናን፤
ae97801e-3e5a-5287-a44d-3aadcc12135a,350f8926-63c4-556c-a1fd-0e0b6e500741,dfbb471f-5bcc-550b-a38d-9cfd45031593,8,8,እናንተ በጌታ ጸንታችሁ ብትቆሙ፥ አሁን በሕይወት እንኖራለንና።
fbf7c15a-b872-5ff1-a082-8592a92a4c7c,350f8926-63c4-556c-a1fd-0e0b6e500741,dfbb471f-5bcc-550b-a38d-9cfd45031593,9,9,ፊታችሁን ልናይ በእምነታችሁም የጎደለውን ልንሞላበት ሌሊትና ቀን ከመጠን ይልቅ እየጸለይን በአምላካችን ፊት ከእናንተ የተነሣ ስለምንደሰተው ደስታ ሁሉ ለእግዚአብሔር በእናንተ ምክንያት ምን ያህል ምስጋና እናስረክብ ዘንድ እንችላለን?
8dc042aa-23f8-558b-aabc-ded308cdb3a6,350f8926-63c4-556c-a1fd-0e0b6e500741,dfbb471f-5bcc-550b-a38d-9cfd45031593,10,11,አምላካችንና አባታችን ራሱ ጌታችንም ኢየሱስ ክርስቶስ ወደ እናንተ መንገዳችንን ያቅና፤
7ee585d9-8d6a-5308-a350-0f19e71787ff,350f8926-63c4-556c-a1fd-0e0b6e500741,dfbb471f-5bcc-550b-a38d-9cfd45031593,11,12,ጌታችንም ኢየሱስ ክርስቶስ ከቅዱሳኑ ሁሉ ጋር ሲመጣ፥ በአምላካችንና በአባታችን ፊት በቅድስና ነቀፋ የሌለበት አድርጎ ልባችሁን ያጸና ዘንድ፥ እኛ ደግሞ ለእናንተ እንደምንሆን ጌታ እርስ በእርሳችሁ ያላችሁን ለሁሉም የሚሆን ፍቅራችሁን ያብዛ፤ ይጨምርም።
abca8f52-42b7-5df8-ab06-0f2b478757a2,f6c4ba8d-0d36-5e72-a985-93834a2864ba,4845f6a3-60bd-52a0-a89c-f0b6a0ada87f,1,1,እንግዲህ በቀረውስ ወንድሞች ሆይ! ልትመላለሱ እግዚአብሔርንም ደስ ልታሰኙ እንዴት እንደሚገባችሁ ከእኛ ዘንድ እንደ ተቀበላችሁ፥ እናንተ ደግሞ እንደምትመላለሱ፥ ከፊት ይልቅ ትበዙ ዘንድ በጌታ በኢየሱስ እንለምናችኋለን፤ እንመክራችሁማለን።
1d616452-4169-5c7d-ad59-e40e30eea394,f6c4ba8d-0d36-5e72-a985-93834a2864ba,4845f6a3-60bd-52a0-a89c-f0b6a0ada87f,2,2,በጌታ በኢየሱስ የትኛውን ትእዛዝ እንደ ሰጠናችሁ ታውቃላችሁና።
a14f47f5-9f16-51fa-a200-33f668b2bad7,f6c4ba8d-0d36-5e72-a985-93834a2864ba,4845f6a3-60bd-52a0-a89c-f0b6a0ada87f,3,3,ይህ የእግዚአብሔር ፈቃድ እርሱም መቀደሳችሁ ነውና፤
3c4f581b-006c-53cd-ae6e-e3f731574426,f6c4ba8d-0d36-5e72-a985-93834a2864ba,4845f6a3-60bd-52a0-a89c-f0b6a0ada87f,4,4,ከዝሙት እንድትርቁ፥ እግዚአብሔርን እንደማያውቁ አሕዛብ በፍትወት ምኞት አይደለም እንጂ፤ ከእናንተ እያንዳንዱ የራሱን ዕቃ በቅድስናና በክብር ያገኝ ዘንድ እንዲያውቅ፤
c767ee76-61c2-5e26-a1fd-dcda555c0c0d,f6c4ba8d-0d36-5e72-a985-93834a2864ba,4845f6a3-60bd-52a0-a89c-f0b6a0ada87f,5,6,አስቀድመን ደግሞ እንዳልናችሁና እንደ መሰከርንላችሁ፥ ጌታ ስለዚህ ነገር ሁሉ የሚበቀል ነውና፥ ማንም በዚህ ነገር አይተላለፍ፤ ወንድሙንም አያታልል።
33adb38e-d79c-578c-a5bc-2f846deb36dd,f6c4ba8d-0d36-5e72-a985-93834a2864ba,4845f6a3-60bd-52a0-a89c-f0b6a0ada87f,6,7,ለርኵሰት ሳይሆን እግዚአብሔር በቅድስና ጠርቶናልና።
9b3ab01d-bd43-5eec-ae87-fa822bbb2f97,f6c4ba8d-0d36-5e72-a985-93834a2864ba,4845f6a3-60bd-52a0-a89c-f0b6a0ada87f,7,8,እንግዲህ የማይቀበል ሰውን ያልተቀበለ አይደለም፤ መንፈስ ቅዱስን በእናንተ እንዲኖር የሰጠውን እግዚአብሔርን ነው እንጂ።
fee6d092-009f-5081-ad37-4baeab8c4c98,f6c4ba8d-0d36-5e72-a985-93834a2864ba,4845f6a3-60bd-52a0-a89c-f0b6a0ada87f,8,9,እናንተ ራሳችሁ እርስ በርሳችሁ ልትዋደዱ በእግዚአብሔር ተምራችኋልና፥ ስለ ወንድማማች መዋደድ ማንም ይጽፍላችሁ ዘንድ አያስፈልጋችሁም፤
7a949a12-318a-51bd-a389-8eae1b6f1c12,f6c4ba8d-0d36-5e72-a985-93834a2864ba,4845f6a3-60bd-52a0-a89c-f0b6a0ada87f,9,10,እንዲሁ በመቄዶንያ ሁሉ ላሉት ወንድሞች ሁሉ ታደርጋላችሁና። ነገ ግን ወንድሞች ሆይ!ከፊት ይልቅ ልትበዙ፥ በጸጥታም ትኖሩ ዘንድ ልትቀኑ፥ የራሳችሁንም ጉዳይ ልትጠነቅቁ፥ እንዳዘዝናችሁም በውጭ ባሉት ዘንድ በአገባብ እንድትመላለሱ፥ አንዳችም እንዳያስፈልጋችሁ በእጃችሁ ልትሠሩ እንለምናችኋለን።
5a675121-dad7-5df4-a090-da86767054d3,f6c4ba8d-0d36-5e72-a985-93834a2864ba,a7ea2dc3-eeb5-558f-ae62-f16716f4acdf,1,13,ነገር ግን ወንድሞች ሆይ!ተስፋ እንደሌላቸው እንደ ሌሎች ደግሞ እንዳታዝኑ፥ አንቀላፍተው ስላሉቱ ታውቁ ዘንድ እንወዳለን።
02ad0d93-b74a-5af6-aaa2-f65cc148dc71,f6c4ba8d-0d36-5e72-a985-93834a2864ba,a7ea2dc3-eeb5-558f-ae62-f16716f4acdf,2,14,ኢየሱስ እንደ ሞተና እንደ ተነሣ ካመንን፥ እንዲሁም በኢየሱስ ያንቀላፉቱን እግዚአብሔር ከእርሱ ጋር ያመጣቸዋልና።
e3d30c7b-9acd-54ec-a8fa-d254d429d24e,f6c4ba8d-0d36-5e72-a985-93834a2864ba,a7ea2dc3-eeb5-558f-ae62-f16716f4acdf,3,15,በጌታ ቃል የምንላችሁ ይህ ነውና፤ እኛ ሕያዋን ሆነን ጌታ እስኪመጣ ድረስ የምንቀር ያንቀላፉቱን አንቀድምም፤
cbdb4fa7-795c-5e56-af46-dbd31e8d25f5,f6c4ba8d-0d36-5e72-a985-93834a2864ba,a7ea2dc3-eeb5-558f-ae62-f16716f4acdf,4,16,ጌታ ራሱ በትእዛዝ በመላእክትም አለቃ ድምፅ በእግዚአብሔርም መለከት ከሰማይ ይወርዳልና፤ ክርስቶስም የሞቱ አስቀድመው ይነሣሉ፤
7d449111-eb7c-5c4c-a8fc-07fde12f4e8d,f6c4ba8d-0d36-5e72-a985-93834a2864ba,a7ea2dc3-eeb5-558f-ae62-f16716f4acdf,5,17,ከዚያም በኋላ እኛ ሕያዋን ሆነን የምንቀረው ታን በአየር ለመቀበል ከእነርሱ ጋር በደመና እንነጠቃለን፤ እንዲሁም ሁልጊዜ ከጌታ ጋር እንሆናለን።
5e327337-bc1a-5a7a-a5e1-c29df2167594,f6c4ba8d-0d36-5e72-a985-93834a2864ba,a7ea2dc3-eeb5-558f-ae62-f16716f4acdf,6,18,ስለዚህ እርስ በርሳችሁ በዚህ ቃል ተጽናኑ።
96abcf15-e289-5b33-a4ca-14de8fd13e13,0aed4079-10a3-5a3f-a078-8fc871e77379,bdf3c4ec-2ef2-5e3c-a121-7699c63c40b0,1,1,ወንድሞች ሆይ! ለ ዘመናትና ስለ ወራት ምንም እንዲጻፍላችሁ አያስፈልጋችሁም፤
f3103202-f72c-5366-a2c5-15608d5187f1,0aed4079-10a3-5a3f-a078-8fc871e77379,bdf3c4ec-2ef2-5e3c-a121-7699c63c40b0,2,2,የጌታ ቀን ሌባ በሌሊት እንደሚመጣ እንዲሁ ይመጣ ዘንድ ራሳችሁ አጥብቃችሁ አውቃችኋልና።
86f9e68b-53e4-535b-a933-312cdc3cbc44,0aed4079-10a3-5a3f-a078-8fc871e77379,bdf3c4ec-2ef2-5e3c-a121-7699c63c40b0,3,3,ሰላምና ደኅንነት ነው ሲሉ ያን ጊዜ ምጥ እርጕዝን እንደሚይዛት ጥፋት በድንገት ይመጣባቸዋል፤ከቶም አያመልጡም።
88c8b244-1cce-52f3-a5d9-ee8c6ef38427,0aed4079-10a3-5a3f-a078-8fc871e77379,bdf3c4ec-2ef2-5e3c-a121-7699c63c40b0,4,4,እናንተ ግን ወንድሞች ሆይ! ቀኑ እንደ ሌባ ይደርስባችሁ ዘንድ በጨለማ አይደላችሁም፤
edec622a-b1cf-5c1c-ad38-0385843d65f1,0aed4079-10a3-5a3f-a078-8fc871e77379,bdf3c4ec-2ef2-5e3c-a121-7699c63c40b0,5,5,ሁላችሁ የብርሃን ልጆች የቀንም ልጆች ናችሁና፤ እኛ ከሌሊት ወይም ከጨለማ አይደለንም።
8ecda9de-abf0-5aad-ab31-300eb338bd55,0aed4079-10a3-5a3f-a078-8fc871e77379,bdf3c4ec-2ef2-5e3c-a121-7699c63c40b0,6,6,እንግዲያስ እንንቃ በመጠንም እንኑር እንጂ እንደ ሌሎች አናንቀላፋ።
a91a0e02-8c63-5897-a943-358039113974,0aed4079-10a3-5a3f-a078-8fc871e77379,bdf3c4ec-2ef2-5e3c-a121-7699c63c40b0,7,7,የሚያንቀላፉ በሌሊት ያንቀላፋሉና፤ የሚሰክሩም በሌሊት ይሰክራሉና፤
59cfe47f-697f-57be-ae2e-95cd1784a33d,0aed4079-10a3-5a3f-a078-8fc871e77379,bdf3c4ec-2ef2-5e3c-a121-7699c63c40b0,8,8,እኛ ግን ከቀን ስለ ሆንን፥ የእምነትንና የፍቅርን ጥሩር የመዳንንም ተስፋ እንደ ራስ ቁር እየለበስን በመጠን እንኑር፤
aaed8146-4f85-5781-a5b5-f4a8f95dc96a,0aed4079-10a3-5a3f-a078-8fc871e77379,bdf3c4ec-2ef2-5e3c-a121-7699c63c40b0,9,9,እግዚአብሔር ለቍጣ አልመረጠንምና፤ በጌታችን በኢየሱስ ክርስቶስ መዳንን ለማግኘት ነው እንጂ።
62646526-d055-5680-a554-069555735074,0aed4079-10a3-5a3f-a078-8fc871e77379,bdf3c4ec-2ef2-5e3c-a121-7699c63c40b0,10,10,የምንነቃም ብንሆን፥ የምናንቀላፋም ብንሆን፥ ከእርሱ ጋር አብረን በሕይወት እንኖር ዘንድ ስለ እኛ ሞተ።
a61e4afc-da4a-5726-a1ef-1d563fa3506b,0aed4079-10a3-5a3f-a078-8fc871e77379,bdf3c4ec-2ef2-5e3c-a121-7699c63c40b0,11,11,ስለዚህ እናንተ ደግሞ እንደምታደርጉ፥ እርስ በርሳችሁ ተመካከሩ፤ አንዱም አንዱም ሌላውን ያንጸው።
d7613c00-350b-5004-ae78-6c5f2b765feb,0aed4079-10a3-5a3f-a078-8fc871e77379,ff7e65d7-fe67-5a87-a47d-61902536c160,1,12,ወንድሞች ሆይ! በመካከላችሁ የሚደክሙትን በጌታም የሚገዙአችሁን የሚገሥጹአችሁንም ታውቁ ዘንድ፥ ስለ ሥራቸውም በፍቅር ከመጠን ይልቅ ታከብሩአቸው ዘንድ እንለምናችኋለን። እርስ በርሳችሁ በሰላም ሁኑ።
10175b27-1e30-5faf-a61f-6a5bf20c68c1,0aed4079-10a3-5a3f-a078-8fc871e77379,ff7e65d7-fe67-5a87-a47d-61902536c160,2,14,ወንድሞች ሆይ! እንመክራችኋለን፤ ያለ ሥርዐት የሚሄዱትን ገሥጹአቸው፤ ድፍረት የሌላቸውን አጽኑአቸው፤ ለደካሞች ትጉላቸው፤ ሰውን ሁሉ ታገሡ።
51b6d32f-0947-5fae-a941-01e9048f73e4,0aed4079-10a3-5a3f-a078-8fc871e77379,ff7e65d7-fe67-5a87-a47d-61902536c160,3,15,ማንም ለሌላው በክፉ ፈንታ ክፉ እንዳይመልስ ተጠንቀቁ፤ ነገር ግን ሁልጊዜ እርስ በርሳችሁ ለሁሉም መልካሙን ለማድረግ ትጉ።
2c8d3257-8311-58d6-a0f0-a0712b9ebd35,0aed4079-10a3-5a3f-a078-8fc871e77379,ff7e65d7-fe67-5a87-a47d-61902536c160,4,16,ሁልጊዜ ደስ ይበላችሁ፤
e795de00-f5eb-548f-af74-c2efad0a9140,0aed4079-10a3-5a3f-a078-8fc871e77379,ff7e65d7-fe67-5a87-a47d-61902536c160,5,17,ሳታቋርጡ ጸልዩ፤ በሁሉ አመስግኑ፤ ይህ የእግዚአብሔር ፈቃድ በክርስቶስ ኢየሱስ ወደ እናንተ ነውና።
d70747e3-3187-5583-a143-616fc2139ddf,0aed4079-10a3-5a3f-a078-8fc871e77379,ff7e65d7-fe67-5a87-a47d-61902536c160,6,19,መንፈስን አታጥፉ፤
8f286925-5c9e-5b1a-aaeb-68526543dd6a,0aed4079-10a3-5a3f-a078-8fc871e77379,ff7e65d7-fe67-5a87-a47d-61902536c160,7,20,ትንቢትን አትናቁ፤ ሁሉን ፈትኑ መልካሙንም ያዙ፤
0b93959f-99db-5360-a77b-1723a94e4e6d,0aed4079-10a3-5a3f-a078-8fc871e77379,ff7e65d7-fe67-5a87-a47d-61902536c160,8,22,ከማናቸውም ዐይነት ክፉ ነገር ራቁ።
1b4355f2-e325-590c-a201-3b67bf891b11,0aed4079-10a3-5a3f-a078-8fc871e77379,ff7e65d7-fe67-5a87-a47d-61902536c160,9,23,የሰላምም አምላክ ራሱ ሁለንተናችሁን ይቀድስ፤ መንፈሳችሁም ነፍሳችሁም ሥጋችሁም ጌታችን ኢየሱስ ክርስቶስ በመጣ ጊዜ ያለ ነቀፋ ፈጽመው ይጠበቁ።
92924c03-b8d2-5c13-a2e0-679a664a5e9e,0aed4079-10a3-5a3f-a078-8fc871e77379,ff7e65d7-fe67-5a87-a47d-61902536c160,10,24,የሚጠራችሁ የታመነ ነው፤ እርሱም ደግሞ ያደርገዋል።
cd57ee9f-e45a-551c-a1d2-245b44e8b0c4,0aed4079-10a3-5a3f-a078-8fc871e77379,ff7e65d7-fe67-5a87-a47d-61902536c160,11,25,ወንድሞች ሆይ! ስለ እኛ ጸልዩ።
4e507d8d-7479-548b-afa6-00792cd247db,0aed4079-10a3-5a3f-a078-8fc871e77379,ff7e65d7-fe67-5a87-a47d-61902536c160,12,26,ከወንድሞች ሁሉ ጋር በተቀደሰ አሳሳም ሰላምታ ተሰጣጡ።
7828c998-d280-5996-afc9-8b904dd70199,0aed4079-10a3-5a3f-a078-8fc871e77379,ff7e65d7-fe67-5a87-a47d-61902536c160,13,27,ይህ መልእክት ለቅዱሳን ወንድሞች ሁሉ እንዲነበብ በጌታ አምላችኋለሁ።
2fa0d4c0-8fd0-5c6c-a219-b8d895129bda,0aed4079-10a3-5a3f-a078-8fc871e77379,ff7e65d7-fe67-5a87-a47d-61902536c160,14,28,የጌታችን የኢየሱስ ክርስቶስ ጸጋ ከእናንተ ጋር ይሁን፤ አሜን።
aa169cd5-61a0-5a06-a0a1-efc02c494e5a,f72ae1d8-bb57-56d0-a52c-7a0f0911667a,64ea2c63-170d-57a6-a93a-61671e4d2472,1,1,ጳውሎስና ስልዋኖስ ጢሞቴዎስም፥ በእግዚአብሔር በአባታችን በጌታ በኢየሱስ ክርስቶስም ወደምትሆን ወደ ተሰሎንቄ ሰዎች ቤተ ክርስቲያን፤
acb5b668-8ef4-5df4-acab-8a64ad52e7e1,f72ae1d8-bb57-56d0-a52c-7a0f0911667a,64ea2c63-170d-57a6-a93a-61671e4d2472,2,2,ከእግዚአብሔር ከአባታችን ከጌታ ከኢየሱስ ክርስቶስም ጸጋ ሰላምም ለእናንተ ይሁን።
fb2a1f62-36ec-5bad-a09f-6b6b150fb9a4,f72ae1d8-bb57-56d0-a52c-7a0f0911667a,b0db2c22-6a98-562e-aa82-f37615dd8403,1,3,ወንድሞች ሆይ! እምነታችሁ እጅግ ስለሚያድግ፥ የሁላችሁም የእያንዳንዳችሁ ፍቅር እርስ በርሳችሁ ስለሚበዛ፥ ሁልጊዜ ስለ እናንተ እግዚአብሔርን እንደሚገባ ልናመሰግን ግድ አለብን፤
5a63aefd-ad66-5a8b-a75e-34bf52807480,f72ae1d8-bb57-56d0-a52c-7a0f0911667a,b0db2c22-6a98-562e-aa82-f37615dd8403,2,4,ስለዚህ በምትታገሱበት በስደታችሁና በመከራችሁ ሁሉ ከመጽናታችሁና ከእምነታችሁ የተነሣ በእግዚአብሔር አብያተ ክርስቲያናት ስለ እናንተ ራሳችን እንመካለን።
87c06a46-9d5a-55a8-a56d-a9d489ef00fa,f72ae1d8-bb57-56d0-a52c-7a0f0911667a,b0db2c22-6a98-562e-aa82-f37615dd8403,3,5,ስለ እርሱ ደግሞ መከራ ለምትቀበሉለት ለእግዚአብሔር መንግሥት የምትበቁ ሆናችሁ ትቈጠሩ ዘንድ ይህ የእግዚአብሔር ቅን ፍርድ ምልክት ነው።
9056b478-5e2c-5735-a170-6484f785d31b,f72ae1d8-bb57-56d0-a52c-7a0f0911667a,b0db2c22-6a98-562e-aa82-f37615dd8403,4,6,ጌታ ኢየሱስ ከኀያላን መላእክቱ ጋር ከሰማይ በእሳት ነበልባል ሲገለጥ፥ መከራን ለሚያሳዩአችሁ መከራን፥ መከራንም ለምትቀበሉ ከእኛ ጋር ዕረፍትን ብድራት አድርጎ እንዲመልስ በእግዚአብሔር ፊት በእርግጥ ጽድቅ ነውና።
363e7c34-9de7-511b-ae1b-80e7f32f7e41,f72ae1d8-bb57-56d0-a52c-7a0f0911667a,b0db2c22-6a98-562e-aa82-f37615dd8403,5,8,እግዚአብሔርን የማያውቁትን፥ ለጌታችንም ለኢየሱስ ክርስቶስ ወንጌል የማይታዘዙትን ይበቀላል፤
71299235-f68f-582b-aa72-38412b2335cc,f72ae1d8-bb57-56d0-a52c-7a0f0911667a,b0db2c22-6a98-562e-aa82-f37615dd8403,6,9,በዚያም ቀን በቅዱሳኑ ሊከብር ምስክርነታችንንም አምናችኋልና በሚያምኑት ሁሉ ዘንድ ሊደነቅ ሲመጣ፥ ከጌታ ፊት ከኀይሉም ክብር ርቀው በዘላለም ጥፋት ይቀጣሉ።
9470cd80-d1d4-5dfc-ab6e-4059af57b0dc,f72ae1d8-bb57-56d0-a52c-7a0f0911667a,b0db2c22-6a98-562e-aa82-f37615dd8403,7,11,ስለዚህም ደግሞ እንደ አምላካችን እንደ ጌታም እንደ ኢየሱስ ክርስቶስ ጸጋ፥ የጌታችን የኢየሱስ ክርስቶስ ስም በእናንተ ዘንድ ሊከብር እናንተም በእርሱ ዘንድ ልትከብሩ፥ አምላካችን ለመጥራቱ የምትበቁ አድርጎ ይቈጥራችሁ ዘንድ፥ የበጎነትንም ፈቃድ ሁሉ የእምነትንም ሥራ በኀይል ይፈጽም ዘንድ ስለ እናንተ ሁልጊዜ እንጸልያለን።
c4431f10-a7cf-52fc-a173-78b89cbbf589,158c75db-44c8-592a-a70a-3ffed2f75cfc,e78f6273-2775-5a37-a7e6-07afb6332705,1,1,ነገር ግን ወንድሞች ሆይ! ስለ ጌታችን ስለ ኢየሱስ ክርስቶስ መምጣትና ወደ እርሱ ስለ መሰብሰባችን፥ በመንፈስ ወይም በቃል ወይም ከእኛ እንደሚመጣ በመልእክት “የጌታ ቀን ደርሶአል፤” ብላችሁ ከአእምሮአችሁ ቶሎ እንዳትናወጡ እንዳትደነግጡም እንለምናችኋለን።
1e1ca304-5600-5834-a2ad-bb606cfbb9c7,158c75db-44c8-592a-a70a-3ffed2f75cfc,e78f6273-2775-5a37-a7e6-07afb6332705,2,3,ማንም በማናቸውም መንገድ አያስታችሁ፤ ክህደቱ አስቀድሞ ሳይመጣና የዐመፅ ሰው እርሱም የጥፋት ልጅ ሳይገለጥ አይደርስምና።
ca826ce5-7af9-5b79-aaf8-72e4869ecd18,158c75db-44c8-592a-a70a-3ffed2f75cfc,e78f6273-2775-5a37-a7e6-07afb6332705,3,4,“እኔ እግዚአብሔር ነኝ፤” ብሎ አዋጅ እየነገረ በእግዚአብሔር ቤተ መቅደስ እስኪቀመጥ ድረስ፥ አምላክ ከተባለው ሁሉ፥ ሰዎችም ከሚያመልኩት ሁሉ በላይ ራሱን ከፍ ከፍ የሚያደርገው ተቃዋሚ እርሱ ነው።
39d64547-c942-5106-aee8-ab7665b12b2c,158c75db-44c8-592a-a70a-3ffed2f75cfc,e78f6273-2775-5a37-a7e6-07afb6332705,4,5,ገና ከእናንተ ጋር ሳለሁ ይህን እንዳልኋችሁ ትዝ አይላችሁምን?
8b31a37e-f32b-596c-a06a-e6eae60a2f75,158c75db-44c8-592a-a70a-3ffed2f75cfc,e78f6273-2775-5a37-a7e6-07afb6332705,5,6,በገዛ ራሱ ጊዜም ይገለጥ ዘንድ የሚከለክለውን አሁን ታውቃላችሁ።
f4f9024e-2571-5668-acbd-cc8116e30164,158c75db-44c8-592a-a70a-3ffed2f75cfc,e78f6273-2775-5a37-a7e6-07afb6332705,6,7,የዐመፅ ምሥጢር አሁን ይሠራልና፤ ብቻ ከመንገድ እስኪወገድ ድረስ አሁን የሚከለክል አለ።
2153bbaf-318c-5640-a93d-81614deaadf7,158c75db-44c8-592a-a70a-3ffed2f75cfc,e78f6273-2775-5a37-a7e6-07afb6332705,7,8,በዚያም ጊዜ ጌታ ኢየሱስ በአፉ መንፈስ የሚያጠፋው፥ ሲመጣም በመገለጡ የሚሽረው ዐመፀኛ ይገለጣል፤
dfbe62e3-eef6-5af7-a515-97c514a79a01,158c75db-44c8-592a-a70a-3ffed2f75cfc,e78f6273-2775-5a37-a7e6-07afb6332705,8,9,ይድኑ ዘንድ የእውነት ፍቅር ስላልተቀበሉ ለሚጠፉ፥ የእርሱ መምጣት በተአምራት ሁሉና በምልክቶች በሐሰተኞች ድንቆችም በዐመፅም መታለል ሁሉ እንደ ሰይጣን አሠራር ነው።
e443fee6-97d9-5ee0-a806-65355f9195df,158c75db-44c8-592a-a70a-3ffed2f75cfc,e78f6273-2775-5a37-a7e6-07afb6332705,9,11,ስለዚህም ምክንያት፥ በእውነት ያላመኑ ነገር ግን በዐመፅ ደስ ይላቸው የነበሩ ሁሉ ፍርድን እንዲቀበሉ ሐሰትን ያምኑ ዘንድ እግዚአብሔር የስሕተትን አሠራር ይልክባቸዋል።
d81a8782-a697-5360-a95a-d1c2ca3a4c64,158c75db-44c8-592a-a70a-3ffed2f75cfc,2d54a84b-3cf7-5f3a-ae19-91dde45d58bd,1,13,እኛ ግን በጌታ የተወደዳችሁ ወንድሞች ሆይ! ሁልጊዜ ስለ እናንተ እግዚአብሔርን ልናመሰግን ግድ አለብን፤ እግዚአብሔር በመንፈስ መቀደስ እውነትንም በማመን ለመዳን እንደ በኵራት መርጦአችኋልና፤
106deb4a-e1aa-5497-a8aa-ce159ea6a465,158c75db-44c8-592a-a70a-3ffed2f75cfc,2d54a84b-3cf7-5f3a-ae19-91dde45d58bd,2,14,ለዚህም የጌታችንን የኢየሱስ ክርስቶስን ክብር ለማግኘት በወንጌላችን ጠራችሁ።
53ac1ff1-60bb-54f9-a143-57646007ef96,158c75db-44c8-592a-a70a-3ffed2f75cfc,2d54a84b-3cf7-5f3a-ae19-91dde45d58bd,3,15,እንግዲያስ ወንድሞች ሆይ! ጸንታችሁ ቁሙ፤ በቃላችንም ቢሆን ወይም በመልእክታችን የተማራችሁትን ወግ ያዙ።
eaa980af-fcd7-54cc-aabe-4147625c5566,158c75db-44c8-592a-a70a-3ffed2f75cfc,2d54a84b-3cf7-5f3a-ae19-91dde45d58bd,4,16,ራሱ ጌታችን ኢየሱስ ክርስቶስና የወደደን በጸጋም የዘላለምን መጽናናት በጎንም ተስፋ የሰጠን እግዚአብሔር አባታችን ልባችሁን ያጽናኑት፤ በበጎም ሥራና በቃል ሁሉ ያጽኑአችሁ።
1aa1689d-0d26-5f26-a671-a9ccce22df8f,6e343242-2f2c-5017-ad45-41a05de4647e,e5443988-19ec-5e57-ae6e-295816a271df,1,1,በቀረውስ ወንድሞች ሆይ! የጌታ ቃል እንዲሮጥ፥ በእናንተም ዘንድ ደግሞ እንደሚሆን እንዲከበር፥ እምነትም ለሁሉ ስለማይሆን ከዐመፀኞችና ከክፉዎች ሰዎች እንድንድን ስለ እኛ ጸልዩ።
00f0da3c-4854-5a41-acc4-c662b5ead551,6e343242-2f2c-5017-ad45-41a05de4647e,e5443988-19ec-5e57-ae6e-295816a271df,2,3,ነገር ግን የሚያጸናችሁ ከክፉውም የሚጠብቃችሁ ጌታ የታመነ ነው።
f763e718-3429-5a65-a3f0-e02e933bcae4,6e343242-2f2c-5017-ad45-41a05de4647e,e5443988-19ec-5e57-ae6e-295816a271df,3,4,የምናዛችሁንም አሁን እንድታደርጉ ወደ ፊትም ደግሞ እንድታደርጉ ስለ እናንተ በጌታ ታምነናል።
2492aef4-db7e-5381-a5b9-1bdbfde5d6dc,6e343242-2f2c-5017-ad45-41a05de4647e,e5443988-19ec-5e57-ae6e-295816a271df,4,5,ጌታም ወደ እግዚአብሔር ፍቅር ወደ ክርስቶስም ትዕግሥት ልባችንን ያቅናው።
51a9782b-e170-5f22-a98e-9953182a2227,6e343242-2f2c-5017-ad45-41a05de4647e,0c012914-14d5-5cf8-a130-51d6bf040090,1,6,ወንድሞች ሆይ! ከእኛ እንደ ተቀበለው ወግ ሳይሆን ያለ ሥርዐት ከሚሄድ ወንድም ሁሉ ትለዩ ዘንድ በጌታችን በኢየሱስ ክርስቶስ ስም እናዛችኋለን።
b6d20e9a-61aa-50db-ad0d-231afcf72547,6e343242-2f2c-5017-ad45-41a05de4647e,0c012914-14d5-5cf8-a130-51d6bf040090,2,7,እኛን ልትመስሉ እንዴት እንደሚገባችሁ ራሳችሁ ታውቃላችሁና፤ በእናንተ ዘንድ ያለ ሥርዐት አልሄድንምና፤
2f966d92-b1b7-5bc0-a056-a9e739e91b1f,6e343242-2f2c-5017-ad45-41a05de4647e,0c012914-14d5-5cf8-a130-51d6bf040090,3,8,ከእናንተ ዘንድ በአንዱ ስንኳ እንዳንከብድበት ሌሊትና ቀን በድካምና በጥረት እየሠራን እንኖር ነበር እንጂ፥ ከማንም እንጀራን እንዲያው አልበላንም።
36efc9db-ffee-51bc-aee6-d7b7f90e0aa7,6e343242-2f2c-5017-ad45-41a05de4647e,0c012914-14d5-5cf8-a130-51d6bf040090,4,9,ይህም እኛን ልትመስሉ ራሳችንን እንደ ምሳሌ እንሰጣችሁ ዘንድ ነበር እንጂ፥ ያለ ሥልጣን ስለ ሆንን አይደለም።
3a2a79ab-2ced-5c8b-ad77-02ca870d8c4e,6e343242-2f2c-5017-ad45-41a05de4647e,0c012914-14d5-5cf8-a130-51d6bf040090,5,10,ደግሞ ከእናንተ ጋር ሳለን “ሊሠራ የማይወድ አይብላ፤” ብለን አዘናችሁ ነበርና።
1ce566b1-09d1-52cd-ab6a-35281b0cb009,6e343242-2f2c-5017-ad45-41a05de4647e,0c012914-14d5-5cf8-a130-51d6bf040090,6,11,ሥራ ከቶ ሳይሠሩ በሰው ነገር እየገቡ ያለ ሥርዐት ከእናንተ ዘንድ ስለሚሄዱ ስለ አንዳንዶች ሰምተናልና።
e1150d1c-b4b4-5de1-a27a-13f132343d74,6e343242-2f2c-5017-ad45-41a05de4647e,0c012914-14d5-5cf8-a130-51d6bf040090,7,12,እንደነዚህ ያሉትንም በጸጥታ እየሠሩ የገዛ እንጀራቸውን ይበሉ ዘንድ በጌታችን በኢየሱስ ክርስቶስ እናዛቸዋለን፤ እንመክራቸውማለን።
5ca7ca1a-bfff-5192-aea1-0a12676a2d45,6e343242-2f2c-5017-ad45-41a05de4647e,0c012914-14d5-5cf8-a130-51d6bf040090,8,13,እናንተ ግን ወንድሞች ሆይ! መልካም ሥራን ለመሥራት አትታክቱ።
b6cd52ee-e4fb-5b7f-a2bb-96f1f192e304,6e343242-2f2c-5017-ad45-41a05de4647e,0c012914-14d5-5cf8-a130-51d6bf040090,9,14,በዚህ መልእክት ለተላከ ቃላችን የማይታዘዝ ማንም ቢኖር፥ ይህን ተመልከቱት፤ ያፍርም ዘንድ ከእርሱ ጋር አትተባበሩ።
1c7399b3-dfb1-5d23-a3de-990e24be062b,6e343242-2f2c-5017-ad45-41a05de4647e,0c012914-14d5-5cf8-a130-51d6bf040090,10,15,ነገር ግን እንደ ወንድም ገሥጹት እንጂ እንደ ጠላት አትቍጠሩት።
04b30329-77d4-52bc-a6f0-3b57effc0d82,6e343242-2f2c-5017-ad45-41a05de4647e,f8e9afec-cd82-517e-a4a5-2eecc4dae01c,1,16,የሰላምም ጌታ ራሱ በሁሉ መንገድ ዘወትር ሰላምን ይስጣችሁ። ጌታ ከሁላችሁ ጋር ይሁን።
37d3e12e-0c7c-54c0-a827-a148fffd9f8e,6e343242-2f2c-5017-ad45-41a05de4647e,f8e9afec-cd82-517e-a4a5-2eecc4dae01c,2,17,በገዛ እጄ የተጻፈ የእኔ የጳውሎስ ሰላምታ ይህ ነው፤ የመልእክቴ ሁሉ ማስረጃ ይህ ነው፤ እንዲህ እጽፋለሁ።
4349c680-1232-5e34-ad5b-c25552ad2a81,6e343242-2f2c-5017-ad45-41a05de4647e,f8e9afec-cd82-517e-a4a5-2eecc4dae01c,3,18,የጌታችን የኢየሱስ ክርስቶስ ጸጋ ከሁላችሁ ጋር ይሁን።
a68ab541-6892-5d7b-a283-b5b44350950d,8e552ab3-94d0-5e26-a0e6-16cd8815fcf7,95c3d64e-57c6-58c7-ab7e-ba0db7b27b64,1,1,መድኃኒታችን እግዚአብሔር ተስፋችንም ኢየሱስ ክርስቶስ እንዳዘዘው ትእዛዝ የኢየሱስ ክርስቶስ ሐዋርያ የሆነ ጳውሎስ፥
c950b53a-a783-5a9f-a2bd-744abaacda1e,8e552ab3-94d0-5e26-a0e6-16cd8815fcf7,95c3d64e-57c6-58c7-ab7e-ba0db7b27b64,2,2,በእምነት እውነተኛ ልጄ ለሆነ ለጢሞቴዎስ፤ ከእግዚአብሔር ከአባታችን ከክርስቶስ ኢየሱስም ከጌታችን ጸጋና ምሕረት ሰላምም ይሁን።
c6191906-53ae-5dd1-a436-e35fe675ed49,8e552ab3-94d0-5e26-a0e6-16cd8815fcf7,eddd4163-bd32-549c-a601-7d699192c8ff,1,3,ወደ መቄዶንያ በሄድሁ ጊዜ፥ አንዳንዶች ልዩ ትምህርትን እንዳያስተምሩና ወደ ተረት መጨረሻም ወደሌለው ወደ ትውልዶች ታሪክ እንዳያደምጡ ልታዛቸው በኤፌሶን ትቀመጥ ዘንድ ለመንሁህ፤ እንደ እነዚህ ያሉ ነገሮች ክርክርን ያመጣሉና፤ በእምነት ግን ላለ ለእግዚአብሔር መጋቢነት አይጠቅሙም።
4b2eadfd-391e-555d-ab01-e622292538a3,8e552ab3-94d0-5e26-a0e6-16cd8815fcf7,eddd4163-bd32-549c-a601-7d699192c8ff,2,5,የትእዛዝ ፍጻሜ ግን ከንጹሕ ልብና ከበጎ ሕሊና ግብዝነትም ከሌለበት እምነት የሚወጣ ፍቅር ነው፤
c2e83e58-6664-542c-a26b-e0ebc04a7ee2,8e552ab3-94d0-5e26-a0e6-16cd8815fcf7,eddd4163-bd32-549c-a601-7d699192c8ff,3,6,ከእነዚህም አንዳንዶች ስተው የሚሉትን ወይም ስለ እነርሱ አስረግጠው የሚናገሩትን ሳያስተውሉ፥ የሕግ አስተማሪዎች ሊሆኑ እየወደዱ ወደ ከንቱ ንግግር ፈቀቅ ብለዋል።
4b080526-d9b6-5d5e-ac04-54641c1af9d9,8e552ab3-94d0-5e26-a0e6-16cd8815fcf7,eddd4163-bd32-549c-a601-7d699192c8ff,4,8,ነገር ግን ሰው እንደሚገባ ቢሠራበት ሕግ መልካም እንደ ሆነ እናውቃለን፤
2c4ef415-0f69-58a2-aa15-20bc53433a52,8e552ab3-94d0-5e26-a0e6-16cd8815fcf7,eddd4163-bd32-549c-a601-7d699192c8ff,5,9,ይኸውም ለበደለኞችና ለማይታዘዙ፥ ለዐመጸኞችና ለኀጢአተኞች፥ ቅድስና ለሌላቸውና ለርኵሳን፥ አባትና እናትን ለሚገድሉ፥ ለነፍሰ ገዳዮችና ለሴሰኞች፥ ከወንድ ጋርም ለሚተኙ፥ በሰዎችም ለሚነግዱ፥ ለውሸተኞችም በውሸትም ለሚምሉ፥ የብሩክ እግዚአብሔርንም ክብር እንደሚገልጥ ለእኔ አደራ እንደ ተሰጠኝ፥ ወንጌል የሆነውን ደኅና ትምህርት ለሚቃወም ለሌላ ነገር ሁሉ ሕግ እንደ ተሠራ እንጂ ለጻድቅ እንዳልተሠራ በማወቅ ነው።
2c885f1c-6332-5c0a-a207-c3679c7ffb01,8e552ab3-94d0-5e26-a0e6-16cd8815fcf7,1c84f288-d210-551f-a2b4-0c34f24fad78,1,12,ለአገልግሎቱ ሾሞኝ ታማኝ አድርጎ ስለ ቈጠረኝ፥ ኀይል የሰጠኝን ክርስቶስ ኢየሱስን ጌታችንን አመሰግናለሁ፤
64b47ce3-ce3a-5825-a93a-c9cbd5554962,8e552ab3-94d0-5e26-a0e6-16cd8815fcf7,1c84f288-d210-551f-a2b4-0c34f24fad78,2,13,አስቀድሞ ተሳዳቢና አሳዳጅ አንገላችም ምንም ብሆን፥ ይህን አደረገልኝ፤ ነገር ግን ሳላውቅ ባለማመን ስላደረግሁት ምህረትን አገኘሁ፤
ac34f3a6-03bf-5ddf-a753-8016de713b6d,8e552ab3-94d0-5e26-a0e6-16cd8815fcf7,1c84f288-d210-551f-a2b4-0c34f24fad78,3,14,የጌታችንም ጸጋ በክርስቶስ ኢየሱስ ካሉ ከእምነትና ከፍቅር ጋር አብልጦ በዛ።
deee0dee-bd1c-5d85-aa3f-e3d64245d4c3,8e552ab3-94d0-5e26-a0e6-16cd8815fcf7,1c84f288-d210-551f-a2b4-0c34f24fad78,4,15,“ኀጢአተኞችን ሊያድን ክርስቶስ ኢየሱስ ወደ ዓለም መጣ፤” የሚለው ቃል የታመነና ሁሉ እንዲቀበሉት የተገባ ነው፤ ከኀጢአተኞችም ዋና እኔ ነኝ፤
d45762c0-664d-53f1-a527-e5cdf99b3525,8e552ab3-94d0-5e26-a0e6-16cd8815fcf7,1c84f288-d210-551f-a2b4-0c34f24fad78,5,16,ስለዚህ ግን የዘላለምን ሕይወት ለማግኘት በእርሱ ያምኑ ዘንድ ላላቸው ሰዎች ምሳሌ እንድሆን፥ ኢየሱስ ክርስቶስ ዋና በምሆን በእኔ ላይ ትዕግስቱን ሁሉ ያሳይ ዘንድ ምህረትን አገኘሁ።
e8a861da-380e-5738-addb-da2d8d152989,8e552ab3-94d0-5e26-a0e6-16cd8815fcf7,1c84f288-d210-551f-a2b4-0c34f24fad78,6,17,ብቻውን አምላክ ለሚሆን ለማይጠፋው ለማይታየውም ለዘመናት ንጉሥ ምስጋናና ክብር እስከ ዘላለም ድረስ ይሁን፤ አሜን።
86c02c85-2017-5857-ad72-c38532698145,8e552ab3-94d0-5e26-a0e6-16cd8815fcf7,1c84f288-d210-551f-a2b4-0c34f24fad78,7,18,ልጄ ጢሞቴዎስ ሆይ! አስቀድሞ ስለ አንተ እንደ ተነገረው ትንቢት፥ በእርሱ መልካም ጦርነት ትዋጋ ዘንድ ይህችን ትእዛዝ አደራ እሰጥሃለሁ፤
ebb33563-648a-551e-a86b-1971c0d01a54,8e552ab3-94d0-5e26-a0e6-16cd8815fcf7,1c84f288-d210-551f-a2b4-0c34f24fad78,8,19,እምነትና በጎ ሕሊና ይኑርህ፤ አንዳንዶች ሕሊናን ጥለው መርከብ አለ መሪ እንደሚጠፋ በእምነት ነገር ጠፍተዋልና፤
99394d65-22d1-584e-a0ef-ba92b2f9fcaa,8e552ab3-94d0-5e26-a0e6-16cd8815fcf7,1c84f288-d210-551f-a2b4-0c34f24fad78,9,20,ከእነዚያም እንዳይሳደቡ ይማሩ ዘንድ ለሰይጣን አሳልፌ የሰጠኋቸው ሄሜኔዎስና እስክንድሮስ ናቸው።
8b8855cb-f525-59fe-a10b-1fb4f78bc908,c67c57c9-c8e8-5f26-a1a0-434952775d08,ad123e34-926e-5424-a3a8-5a0fb0154253,1,1,እንግዲህ እግዚአብሔርን በመምሰልና በጭምትነት ሁሉ ጸጥና ዝግ ብለን እንድንኖር፥ ልመናና ጸሎት ምልጃም ምስጋናም ስለ ሰዎች ሁሉ ስለ ነገሥታትና ስለ መኳንንትም ሁሉ እንዲደረጉ ከሁሉ በፊት እመክራለሁ።
466820c4-518d-53b7-aa2f-7afc45f01c35,c67c57c9-c8e8-5f26-a1a0-434952775d08,ad123e34-926e-5424-a3a8-5a0fb0154253,2,3,ሰዎች ሁሉ ሊድኑና እውነቱን ወደ ማወቅ ሊደርሱ በሚወድ በእግዚአብሔር በመድኃኒታችን ፊት መልካምና ደስ የሚያሰኝ ይህ ነው።
5335ad8f-5736-5ea1-a7b5-cbb71ed5bd8f,c67c57c9-c8e8-5f26-a1a0-434952775d08,ad123e34-926e-5424-a3a8-5a0fb0154253,3,5,አንድ እግዚአብሔር አለና፤ በእግዚአብሔርና በሰውም መካከል ያለው መካከለኛው ደግሞ አንድ አለ፤ እርሱም ሰው የሆነ ክርስቶስ ኢየሱስ ነው፤
677d5fca-1f46-51b4-abc1-2c36a60abb49,c67c57c9-c8e8-5f26-a1a0-434952775d08,ad123e34-926e-5424-a3a8-5a0fb0154253,4,6,ራሱንም ለሁሉ ቤዛ ሰጠ፤ ይህም በገዛ ዘመኑ ምስክርነቱ ነበረ፤
7ed7f3a6-156b-5a48-a23f-17fe45467eb2,c67c57c9-c8e8-5f26-a1a0-434952775d08,ad123e34-926e-5424-a3a8-5a0fb0154253,5,7,እኔም ለዚህ ነገር አዋጅ ነጋሪና ሐዋርያ በእምነትና በእውነትም የአሕዛብ አስተማሪ ለመሆን ተሾምሁ፤ እውነት እናገራለሁ፤ አልዋሽም።
dc303330-70ca-5668-a74f-374d61198d7a,c67c57c9-c8e8-5f26-a1a0-434952775d08,ad123e34-926e-5424-a3a8-5a0fb0154253,6,8,እንግዲህ ወንዶች በስፍራ ሁሉ አለ ቍጣና አለ ክፉ አሳብ የተቀደሱትን እጆች እያነሡ እንዲጸልዩ እፈቅዳለሁ።
0b6a236f-6de9-5ee5-a48d-94455c738063,c67c57c9-c8e8-5f26-a1a0-434952775d08,ad123e34-926e-5424-a3a8-5a0fb0154253,7,9,እንዲሁም ደግሞ ሴቶች በሚገባ ልብስ ከእፍረትና ራሳቸውን ከመግዛት ጋር ሰውነታቸውን ይሸልሙ፤ እግዚአብሔርን እንፈራለን ለሚሉት ሴቶች እንደሚገባ መልካም በማድረግ እንጂ በሽሩባና በወርቅ ወይም በዕንቍ ወይም ዋጋው እጅግ በከበረ ልብስ አይሸለሙ።
c6f38a5a-dcbf-52b7-a24d-b117c013fda0,c67c57c9-c8e8-5f26-a1a0-434952775d08,ad123e34-926e-5424-a3a8-5a0fb0154253,8,11,ሴት በነገር ሁሉ እየተገዛች በዝግታ ትማር፤
aeba4a91-c31f-5f96-a2cc-255feb8c5bc9,c67c57c9-c8e8-5f26-a1a0-434952775d08,ad123e34-926e-5424-a3a8-5a0fb0154253,9,12,ሴት ግን በዝግታ ትኑር እንጂ ልታስተምር ወይም በወንድ ላይ ልትሰለጥን አልፈቅድም።
cb346a4f-de2d-5ce5-a904-0e68e95641ef,c67c57c9-c8e8-5f26-a1a0-434952775d08,ad123e34-926e-5424-a3a8-5a0fb0154253,10,13,አዳም ቀድሞ ተፈጥሮአልና፤ በኋላም ሔዋን ተፈጠረች።
9ad46cd4-169c-594a-a3c4-ebd54889f580,c67c57c9-c8e8-5f26-a1a0-434952775d08,ad123e34-926e-5424-a3a8-5a0fb0154253,11,14,የተታለለም አዳም አይደለም፤ ሴቲቱ ግን ተታልላ በመተላለፍ ወደቀች፤
f603f96c-0667-57a1-a9e5-b33f811ef123,c67c57c9-c8e8-5f26-a1a0-434952775d08,ad123e34-926e-5424-a3a8-5a0fb0154253,12,15,ነገር ግን በእምነትና በፍቅር በቅድስናም ራሳቸውን እየገዙ ቢኖሩ በመውለድ ትድናለች።
c0812602-ba46-5457-a3e2-0ada7b01a9f3,deba481d-c512-5960-ab2e-6709d673e27f,7901e9f0-4943-53fa-aa14-d4bec23b5b3a,1,1,“ማንም ኤጲስ ቆጶስነትን ቢፈልግ መልካምን ሥራ ይመኛል፤” የሚለው ቃል የታመነ ነው።
20de3b0b-dc0a-5cc5-a21a-7b76e0649b3f,deba481d-c512-5960-ab2e-6709d673e27f,7901e9f0-4943-53fa-aa14-d4bec23b5b3a,2,2,እንግዲህ ኤጲስ ቆጶስ እንዲህ ሊሆን ይገባዋል፤ የማይነቀፍ፥ የአንዲት ሚስት ባል፥ ልከኛ፥ ራሱን የሚገዛ፥ እንደሚገባው የሚሠራ፥ እንግዳ ተቀባይ፥ ለማስተማር የሚበቃ፥
64526315-2a9a-5285-a517-bf7a9b37965d,deba481d-c512-5960-ab2e-6709d673e27f,7901e9f0-4943-53fa-aa14-d4bec23b5b3a,3,3,የማይሰክር፥ የማይጨቃጨቅ ነገር ግን ገር የሆነ፥ የማይከራከር፥ ገንዘብን የማይወድ፥
6f1eda36-e840-546b-a223-b2aa4fae16b5,deba481d-c512-5960-ab2e-6709d673e27f,7901e9f0-4943-53fa-aa14-d4bec23b5b3a,4,4,ልጆቹን በጭምትነት ሁሉ እየገዛ የራሱን ቤት በመልካም የሚያስተዳድር፤
d97959e7-c73f-508c-a6bb-1de4513f4070,deba481d-c512-5960-ab2e-6709d673e27f,7901e9f0-4943-53fa-aa14-d4bec23b5b3a,5,5,ሰው ግን የራሱን ቤት እንዲያስተዳድር ባያውቅ፥ የእግዚአብሔርን ቤተ ክርስቲያን እንዴት ይጠብቃታል?
e2f67d94-38fe-576d-a052-474348455750,deba481d-c512-5960-ab2e-6709d673e27f,7901e9f0-4943-53fa-aa14-d4bec23b5b3a,6,6,በትዕቢት ተነፍቶ በዲያቢሎስ ፍርድ እንዳይወድቅ፥ አዲስ ክርስቲያን አይሁን።
6f4c4dc8-a83c-512e-a7c3-563be9c079aa,deba481d-c512-5960-ab2e-6709d673e27f,7901e9f0-4943-53fa-aa14-d4bec23b5b3a,7,7,በዲያቢሎስ ነቀፋና ወጥመድም እንዳይወድቅ፥ በውጭ ካሉት ሰዎች ደግሞ መልካም ምስክር ሊኖረው ይገባዋል።
69826b06-50b2-5295-a132-c33a61802633,deba481d-c512-5960-ab2e-6709d673e27f,c08fb833-5d5e-5a85-a1b1-23f9e1f78bd7,1,8,እንዲሁም ዲያቆናት ጭምቶች፥ በሁለት ቃል የማይናገሩ፥ ለብዙ ወይን ጠጅ የማይጎመጁ፥ ለነውረኛ ረብ የማይስገበገቡ፥
6a772ec0-317f-5e6e-a0a5-f45516654cbf,deba481d-c512-5960-ab2e-6709d673e27f,c08fb833-5d5e-5a85-a1b1-23f9e1f78bd7,2,9,በንጹሕ ሕሊና የሃይማኖትን ምሥጢር የሚይዙ ሊሆኑ ይገባቸዋል።
a12b8f24-2f49-516b-a6bd-77ceb517816f,deba481d-c512-5960-ab2e-6709d673e27f,c08fb833-5d5e-5a85-a1b1-23f9e1f78bd7,3,10,እነዚህም ደግሞ አስቀድሞ ይፈተኑ፤ ከዚያም በኋላ ያለ ነቀፋ ቢሆኑ በዲቁና ሥራ ያገልግሉ።
f5122217-ed2c-5a74-ab38-2e5ece496419,deba481d-c512-5960-ab2e-6709d673e27f,c08fb833-5d5e-5a85-a1b1-23f9e1f78bd7,4,11,እንዲሁም ሴቶች ጭምቶች፥ የማያሙ፥ ልከኞች፥ በነገር ሁሉ የታመኑ ሊሆኑ ይገባቸዋል።
8e7a1cf2-ac06-52d0-a211-b0444c3db8ee,deba481d-c512-5960-ab2e-6709d673e27f,c08fb833-5d5e-5a85-a1b1-23f9e1f78bd7,5,12,ዲያቆናት ልጆቻቸውንና የራሳቸውን ቤቶች በመልካም እየገዙ እያንዳንዳቸው የአንዲት ሴት ባሎች ይሁኑ።
de7bf7b1-abaf-551f-a7ce-1fbb36d841d2,deba481d-c512-5960-ab2e-6709d673e27f,c08fb833-5d5e-5a85-a1b1-23f9e1f78bd7,6,13,በዲቁና ሥራ በመልካም ያገለገሉ ለራሳቸው ትልቅ ማዕርግና በክርስቶስ ኢየሱስ ባለው እምነት ብዙ ድፍረት ያገኛሉ።
b8dd3824-8d88-5b57-a482-ddea9ef8b584,deba481d-c512-5960-ab2e-6709d673e27f,36117df4-e2e6-527a-a789-51874c11b4d5,1,14,ፈጥኜ ወደ አንተ እንድመጣ ተስፋ አድርጌ ይህን እጽፍልሃለሁ።
82279454-01d7-58fc-a749-f01ccafbefe2,deba481d-c512-5960-ab2e-6709d673e27f,36117df4-e2e6-527a-a789-51874c11b4d5,2,15,ብዘገይ ግን፥ በእግዚአብሔር ማደሪያ ቤት መኖር እንዴት እንደሚገባ ታውቅ ዘንድ እጽፍልሃለሁ፤ ቤቱም የእውነት ዓምድና መሠረት፥ የሕያው እግዚአብሔር ቤተ ክርስቲያን ነው።
0ebb685c-1a84-5e12-ad4d-d8261229b5f2,deba481d-c512-5960-ab2e-6709d673e27f,36117df4-e2e6-527a-a789-51874c11b4d5,3,16,እግዚአብሔርንም የመምሰል ምሥጢር ያለ ጥርጥር ታላቅ ነው፤
28ba20a4-7443-5c9a-a07f-f144b2746b02,f3ff6695-f570-5809-a3ef-5dc178dc6624,6bd7a416-3393-556e-ac67-3752d7866452,1,1,መንፈስ ግን በግልጥ “በኋለኞች ዘመናት አንዳንዶች የሚያስቱ መናፍስትንና በውሸተኞች ግብዝነት የተሰጠውን የአጋንንትን ትምህርት እያደመጡ፥ ሃይማኖትን ይክዳሉ፤” ይላል፤ በገዛ ሕሊናቸው እንደሚቃጠሉ ደንዝዘው፥
13a2409e-abe1-5eb3-a2b9-093e88a670b1,f3ff6695-f570-5809-a3ef-5dc178dc6624,6bd7a416-3393-556e-ac67-3752d7866452,2,3,እነዚህ ውሸተኞች መጋባትን ይከለክላሉ፤ አምነውም እውነትን የሚያውቁ ከምስጋና ጋር ይቀበሉ ዘንድ እግዚአብሔር ከፈጠረው መብል እንዲርቁ ያዝዛሉ።
2ecb96e6-bd8e-55df-a48a-c6b9e4d1589d,f3ff6695-f570-5809-a3ef-5dc178dc6624,6bd7a416-3393-556e-ac67-3752d7866452,3,4,እግዚአብሔር የፈጠረው ሁሉ መልካም ነውና፥ ከምስጋናም ጋር ቢቀበሉት የሚጣል ምንም የለም፤
47b5618b-b807-5789-af4e-a932a49a953f,f3ff6695-f570-5809-a3ef-5dc178dc6624,6bd7a416-3393-556e-ac67-3752d7866452,4,5,በእግዚአብሔር ቃልና በጸሎት የተቀደሰ ነውና።
916babea-16c9-5504-afd1-01cdfb324375,f3ff6695-f570-5809-a3ef-5dc178dc6624,04c2ded4-ba88-5ab9-a5ef-df1461a6a1c1,1,6,ስለዚህ ወንድሞችን ብታሳስብ፥ በእምነትና በተከተልኸው በመልካም ትምህርት ቃል የምትመገብ የኢየሱስ ክርስቶስ መልካም አገልጋይ ትሆናለህ።
45649256-aec9-51cd-ab0a-c1e9447f8a73,f3ff6695-f570-5809-a3ef-5dc178dc6624,04c2ded4-ba88-5ab9-a5ef-df1461a6a1c1,2,7,ነገር ግን ለዚህ ዓለም ከሚመችና የአሮጊቶችን ሴቶች ጨዋታ ከሚመስለው ተረት ራቅ። እግዚአብሔርን ለመምሰል ግን ራስህን አስለምድ።
6389e24a-f1dc-54d4-a9ba-58d73e316d34,f3ff6695-f570-5809-a3ef-5dc178dc6624,04c2ded4-ba88-5ab9-a5ef-df1461a6a1c1,3,8,ሰውነትን ለሥጋዊ ነገር ማስለመድ ለጥቂት ይጠቅማልና፤ እግዚአብሔርን መምሰል ግን የአሁንና የሚመጣው ሕይወት ተስፋ ስላለው፥ ለነገር ሁሉ ይጠቅማል።
fcccc035-8df1-5fa6-a88f-4697438f03a4,f3ff6695-f570-5809-a3ef-5dc178dc6624,04c2ded4-ba88-5ab9-a5ef-df1461a6a1c1,4,9,ይህ ቃል የታመነ ሁሉም እንዲቀበሉት የተገባ ነው፤
b78d0e25-6913-583d-ae85-a06649e63bc7,f3ff6695-f570-5809-a3ef-5dc178dc6624,04c2ded4-ba88-5ab9-a5ef-df1461a6a1c1,5,10,ይህን ለማግኘት እንደክማለንና፤ ስለዚህም እንሰደባለን፤ ይህም ሰውን ሁሉ ይልቁንም የሚያምኑትን በሚያድን በሕያው አምላክ ተስፋ ስለምናደርግ ነው።
41a0535c-c8be-5924-a89a-9cac0121bec1,f3ff6695-f570-5809-a3ef-5dc178dc6624,04c2ded4-ba88-5ab9-a5ef-df1461a6a1c1,6,11,ይህን እዘዝና አስተምር። በቃልና በኑሮ በፍቅርም በእምነትም በንጽሕናም ለሚያምኑቱ ምሳሌ ሁን እንጂ፥ ማንም ታናሽነትህን አይናቀው።
a0551f0e-afe1-570d-af0c-dee94c62a6fd,f3ff6695-f570-5809-a3ef-5dc178dc6624,04c2ded4-ba88-5ab9-a5ef-df1461a6a1c1,7,13,እስክመጣ ድረስ ለማንበብና ለመምከር ለማስተማርም ተጠንቀቅ።
d8e49ec2-142f-5518-ac45-654668f699ea,f3ff6695-f570-5809-a3ef-5dc178dc6624,04c2ded4-ba88-5ab9-a5ef-df1461a6a1c1,8,14,በትንቢት ከሽማግሌዎች እጅ መጫን ጋር የተሰጠህን በአንተ ያለውን የጸጋ ስጦታ ቸል አትበል።
74bd5e56-deef-5380-a3bc-fc8d4f7ddd6e,f3ff6695-f570-5809-a3ef-5dc178dc6624,04c2ded4-ba88-5ab9-a5ef-df1461a6a1c1,9,15,ማደግህ በነገር ሁሉ እንዲገለጥ ይህን አስብ፤ ይህንም አዘውትር።
d41b45cd-0b71-5c98-a5c1-3d96dda8f6e3,f3ff6695-f570-5809-a3ef-5dc178dc6624,04c2ded4-ba88-5ab9-a5ef-df1461a6a1c1,10,16,ለራስህና ለትምህርትህ ተጠንቀቅ፤ በእነዚህም ጽና፤ ይህን ብታደርግ፥ ራስህንም የሚሰሙህንም ታድናለህና።
48f9ef96-a722-530a-a1a0-e6c6b7c43ae4,b3302d04-4ac2-5142-a60b-b1413f588890,671df879-ff96-5402-a9ec-fef9766e72fe,1,1,ሽማግሌ የሆነውን አትገሥጸው፤ እርሱን ግን እንደ አባት፥ ጎበዞችን እንደ ወንድሞች፥ የሸመገሉትን ሴቶች እንደ እናቶች፥ ቆነጃጅቱን እንደ እኅቶች በፍጹም ንጽሕና ለምናቸው።
4325a249-3f31-5d05-a5be-449c7b266b79,b3302d04-4ac2-5142-a60b-b1413f588890,671df879-ff96-5402-a9ec-fef9766e72fe,2,3,በእውነት ባልቴቶች የሆኑትን ባልቴቶች አክብር።
78770943-0c70-549d-ad9e-a0dedd95e112,b3302d04-4ac2-5142-a60b-b1413f588890,671df879-ff96-5402-a9ec-fef9766e72fe,3,4,ማንም ባልቴት ግን ልጆች ወይም የልጅ ልጆች ቢኖሩአት፥ እነርሱ አስቀድመው ለገዛ ቤተ ሰዎቻቸው እግዚአብሔርን መምሰል ያሳዩ ዘንድ፥ ለወላጆቻቸውም ብድራትን ይመልሱላቸው ዘንድ ይማሩ፤ ይህ በእግዚአብሔር ፊት መልካምና የተወደደ ነውና።
7fb7b7c3-1276-5ee1-af61-782ea8d98346,b3302d04-4ac2-5142-a60b-b1413f588890,671df879-ff96-5402-a9ec-fef9766e72fe,4,5,ብቻዋንም ኖራ በእውነት ባልቴት የምትሆን በእግዚአብሔር ተስፋ ታደርጋለች፤ ሌትና ቀንም በልመና በጸሎትም ጸንታ ትኖራለች፤
6643bfa8-7a92-522f-a36b-e5e7eae49755,b3302d04-4ac2-5142-a60b-b1413f588890,671df879-ff96-5402-a9ec-fef9766e72fe,5,6,ቅምጥሊቱ ግን በሕይወትዋ ሳለች የሞተች ናት።
23b0bef0-9219-595b-a3a9-801a201d5170,b3302d04-4ac2-5142-a60b-b1413f588890,671df879-ff96-5402-a9ec-fef9766e72fe,6,7,ያለ ነቀፋ እንዲሆኑ ይህን ደግሞ እዘዝ።
924fd3e5-25e4-5534-ac27-76e6263ef4d0,b3302d04-4ac2-5142-a60b-b1413f588890,671df879-ff96-5402-a9ec-fef9766e72fe,7,8,ነገር ግን ለእርሱ ስለ ሆኑት ይልቁንም ስለ ቤተ ሰዎቹ የማያስብ ማንም ቢሆን፥ ሃይማኖትን የካደ ከማያምንም ሰው ይልቅ የሚከፋ ነው።
ee238709-2f54-5196-aa8a-265a1afd27c6,b3302d04-4ac2-5142-a60b-b1413f588890,671df879-ff96-5402-a9ec-fef9766e72fe,8,9,ባልቴት በመዝገብ ብትጻፍ ዕድሜዋ ከስድሳ ዓመት እንዳያንስ፤ የአንድም ባል ሚስት የነበረች እንድትሆን ያስፈልጋል፤
aa30bac3-6c11-5fd1-a2e5-f60b3cd60bc0,b3302d04-4ac2-5142-a60b-b1413f588890,671df879-ff96-5402-a9ec-fef9766e72fe,9,10,ልጆችን በማሳደግ፥ እንግዶችንም በመቀበል፥ የቅዱሳንንም እግሮች በማጠብ፥ የተጨነቁትንም በመርዳት፥ በጎንም ሥራ ሁሉ በመከተል፥ ይህን መልካም ሥራ በማድረግ የተመሰከረላት ልትሆን ይገባል።
39310179-864d-5888-a19c-1bb6191064a6,b3302d04-4ac2-5142-a60b-b1413f588890,671df879-ff96-5402-a9ec-fef9766e72fe,10,11,ባል የሞተባቸውን ቆነጃጅት ግን አትቀበል፤ በክርስቶስ ላይ ተነሥተው ሲቀማጠሉ ሊያገቡ ይወዳሉና፤
fb6c34ce-16e5-57e6-a544-301b678bdbfd,b3302d04-4ac2-5142-a60b-b1413f588890,671df879-ff96-5402-a9ec-fef9766e72fe,11,12,የፊተኛውንም እምነታቸውን ስለ ናቁ ይፈረድባቸዋል፤
fc14db59-b256-5b0f-a199-ba75ff517e9c,b3302d04-4ac2-5142-a60b-b1413f588890,671df879-ff96-5402-a9ec-fef9766e72fe,12,13,ከዚህም ጋር ቤት ለቤት እየዞሩ ሥራን መፍታት ደግሞ ይማራሉ፤ የማይገባውንም እየተናገሩ ለፍላፊዎችና በነገር ገቢዎች ይሆናሉ እንጂ፥ ሥራ ፈቶች ብቻ አይደሉም።
f5b322a2-6b0d-5a5d-af95-b75f40d6fb29,b3302d04-4ac2-5142-a60b-b1413f588890,671df879-ff96-5402-a9ec-fef9766e72fe,13,14,እንግዲህ ቆነጃጅት ሊያገቡ፥ ልጆችንም ሊወልዱ፥ ቤቶቻቸውንም ሊያስተዳድሩ፥ ተቃዋሚውም የሚሳደብበትን አንድን ምክንያት ስንኳ እንዳይሰጡ እፈቅዳለሁ፤
fe00dc86-0a4c-583a-ab71-8178826158a0,b3302d04-4ac2-5142-a60b-b1413f588890,671df879-ff96-5402-a9ec-fef9766e72fe,14,15,ከአሁን በፊት አንዳንዶች ሰይጣንን እንዲከተሉ ፈቀቅ ብለዋልና።
5b81f109-503d-5662-a0cc-da07ed2105c5,b3302d04-4ac2-5142-a60b-b1413f588890,671df879-ff96-5402-a9ec-fef9766e72fe,15,16,ባልቴቶች ያሉት የሚያምን ቢሆን ወይም የምታምን ብትሆን፥ ይርዱአቸው፤ ቤተ ክርስቲያንም እውነተኞችን ባልቴቶች እንድትረዳ አይክበዱባት።
6454c3d2-4aaa-5d17-a6f6-410932c28628,b3302d04-4ac2-5142-a60b-b1413f588890,671df879-ff96-5402-a9ec-fef9766e72fe,16,17,በመልካም የሚያስተዳድሩ ሽማግሌዎች፥ ይልቁንም በመስበክና በማስተማር የሚደክሙት፥ እጥፍ ክብር ይገባቸዋል።
b00769be-e10c-53ad-af7f-edb63b374681,b3302d04-4ac2-5142-a60b-b1413f588890,671df879-ff96-5402-a9ec-fef9766e72fe,17,18,መጽሐፍ “የሚያበራየውን በሬ አፉን አትሰር፤” ደግሞ “ለሠራተኛ ደመወዙ ይገባዋል፤” ይላልና።
a1058e73-e4c9-5a6e-ac99-7c79ee41e453,b3302d04-4ac2-5142-a60b-b1413f588890,671df879-ff96-5402-a9ec-fef9766e72fe,18,19,ከሁለት ወይም ከሦስት ምስክር በቀር በሽማግሌ ላይ ክስ አትቀበል።
02792569-5cf5-572d-abd3-c2f0a3a452b0,b3302d04-4ac2-5142-a60b-b1413f588890,671df879-ff96-5402-a9ec-fef9766e72fe,19,20,ሌሎቹ ደግሞ እንዲፈሩ፥ ኀጢአት የሚሠሩትን በሁሉ ፊት ገሥጻቸው።
f3812792-8587-58a2-a893-4245848c989a,b3302d04-4ac2-5142-a60b-b1413f588890,671df879-ff96-5402-a9ec-fef9766e72fe,20,21,አንድን እንኳ በአድልዎ ሳታደርግ፥ እነዚህን ያለ ማዘንበል እንድትጠብቅ በእግዚአብሔርና በጌታ በኢየሱስ ክርስቶስ በተመረጡትም መላእክት ፊት እመክርሃለሁ።
d56aa24b-700f-532f-ac24-caddcb93a463,b3302d04-4ac2-5142-a60b-b1413f588890,671df879-ff96-5402-a9ec-fef9766e72fe,21,22,በማንም ላይ ፈጥነህ እጆችህን አትጫን፤ በሌሎችም ኀጢአት አትተባበር፤ ራስህን በንጽህና ጠብቅ።
1579b003-6e7a-5972-a6be-3b7c0f6dd5eb,b3302d04-4ac2-5142-a60b-b1413f588890,671df879-ff96-5402-a9ec-fef9766e72fe,22,23,ስለ ሆድህና ስለ በሽታህ ብዛት ጥቂት የወይን ጠጅ ጠጣ እንጂ፥ ወደ ፊት ውሃ ብቻ አትጠጣ።
17c71e21-c249-530a-a987-ad309157c626,b3302d04-4ac2-5142-a60b-b1413f588890,671df879-ff96-5402-a9ec-fef9766e72fe,23,24,የአንዳንዶች ሰዎች ኀጢአት የተገለጠ ነው፤ ፍርድንም ያመለክታል፤ ሌሎችን ግን ይከተላቸዋል፤
b8d6dfd5-3656-545e-af0a-d3c977511847,b3302d04-4ac2-5142-a60b-b1413f588890,671df879-ff96-5402-a9ec-fef9766e72fe,24,25,እንዲሁ መልካም ሥራ ደግሞ የተገለጠ ነው፤ ያልተገለጠም ከሆነ ሊሰወር አይችልም።
322213cf-5797-55bc-af38-7c58f5c97641,9ebcd5ba-0521-5400-a420-7bf2a1fb6029,c93736a5-ff7b-5b9e-a625-e7ad6eb7a20b,1,1,የእግዚአብሔር ስምና ትምህርቱ አንዳይሰደብ፥ ከቀንበር በታች ያሉቱ ባሪያዎች ሁሉ ለገዙአቸው ጌቶች ክብር ሁሉ እንደ ተገባቸው ይቍጠሩአቸው።
73ec82bf-cda5-58de-a524-773d8c04ba01,9ebcd5ba-0521-5400-a420-7bf2a1fb6029,c93736a5-ff7b-5b9e-a625-e7ad6eb7a20b,2,2,የሚያምኑም ጌቶች ያሉአቸው፥ ወንድሞች ስለ ሆኑ አይናቁአቸው፤ ነገር ግን በመልካም ሥራቸው የሚጠቅሙ የሚያምኑና የተወደዱ ስለ ሆኑ፥ ከፊት ይልቅ ያገልግሉ።
2d52aaa5-41fd-55aa-a86d-fa466d984bfb,9ebcd5ba-0521-5400-a420-7bf2a1fb6029,cdb67098-73f9-5eeb-a4d1-66a0d42d0568,1,3,እነዚህን አስተምርና ምከር። ማንም ልዩ ትምህርት የሚያስተምር ከጌታችንም ከኢየሱስ ክርስቶስ በሆነው ጤናማ ቃልና እግዚአብሔርን ለመምሰል በሚስማማ ትምህርት የማይጠጋ ቢሆን፥
77d420aa-258a-522a-aa9e-cbb9a3c5732b,9ebcd5ba-0521-5400-a420-7bf2a1fb6029,cdb67098-73f9-5eeb-a4d1-66a0d42d0568,2,4,በትዕቢት ተነፍቶአል፤ አንዳችም አያውቅም፤ ነገር ግን ምርመራን በቃልም መዋጋትን እንደ በሽተኛ ይናፍቃል፤ ከእነዚህም ቅንዓትና ክርክር ስድብም ክፉ አሳብም እርስ በርስ መናደድም ይወጣሉ፤ አእምሮአቸውም በጠፋባቸው እውነትንም በተቀሙ፥ እግዚአብሔርን መምሰል ማትረፊያ የሚሆን በመሰላቸው ሰዎች ይገኛሉ። እንደነዚህ ካሉት ራቅ።
ce0a0be8-a4c3-5f0a-aa88-c9e54db62095,9ebcd5ba-0521-5400-a420-7bf2a1fb6029,cdb67098-73f9-5eeb-a4d1-66a0d42d0568,3,6,“ኑሮዬ ይበቃኛል፤” ለሚለው ግን እግዚአብሔርን መምሰል እጅግ ማትረፊያ ነው፤
d4796573-96d6-5945-a2e6-7022fa740aef,9ebcd5ba-0521-5400-a420-7bf2a1fb6029,cdb67098-73f9-5eeb-a4d1-66a0d42d0568,4,7,ወደ ዓለም ምንም እንኳ አላመጣንምና፤
8f777f0a-63a3-52d5-a9f3-e54f853b540d,9ebcd5ba-0521-5400-a420-7bf2a1fb6029,cdb67098-73f9-5eeb-a4d1-66a0d42d0568,5,8,አንዳችንም ልንወስድ አይቻለንም፤ ምግብና ልብስ ከኖረን ግን እርሱ ይበቃናል።
c3ccb85c-a1a1-59ae-a7ba-611a95baef11,9ebcd5ba-0521-5400-a420-7bf2a1fb6029,cdb67098-73f9-5eeb-a4d1-66a0d42d0568,6,9,ዳሩ ግን ባለ ጠጎች ሊሆኑ የሚፈልጉ በጥፋትና በመፍረስ ሰዎችን በሚያሰጥምና በሚያሰንፍ በሚጎዳም በብዙ ምኞትና በፈተና በወጥመድም ይወድቃሉ።
a804b3a7-572b-53a9-a39d-22796ffa0338,9ebcd5ba-0521-5400-a420-7bf2a1fb6029,cdb67098-73f9-5eeb-a4d1-66a0d42d0568,7,10,ገንዘብን መውደድ የክፋት ሁሉ ሥር ነውና፤ አንዳንዶች ይህን ሲመኙ ከሃይማኖት ተሳስተው በብዙ ሥቃይ ራሳቸውን ወጉ።
18ea55fb-6da2-5b98-a154-bc49377e0469,9ebcd5ba-0521-5400-a420-7bf2a1fb6029,15b976c4-16eb-59a5-a780-0cdda37926d7,1,11,አንተ ግን የእግዚአብሔር ሰው ሆይ! ከዚህ ሽሽ፤ ጽድቅንና እግዚአብሔርን መምሰል እምነትንም ፍቅርንም መጽናትንም የዋህነትንም ተከታተል።
c8ef9e6f-8ce4-5f6a-a3b7-20f7024a454a,9ebcd5ba-0521-5400-a420-7bf2a1fb6029,15b976c4-16eb-59a5-a780-0cdda37926d7,2,12,መልካሙን የእምነት ገድል ተጋደል፤ የተጠራህለትንም በብዙም ምስክሮች ፊት በመልካም መታመን የታመንህለትን የዘላለምን ሕይወት ያዝ።
ae747242-080a-53d5-ab87-f040a9cf9db8,9ebcd5ba-0521-5400-a420-7bf2a1fb6029,15b976c4-16eb-59a5-a780-0cdda37926d7,3,13,ሁሉን በሕይወት በሚጠብቅ በእግዚአብሔር ፊት፥ በጴንጤናዊውም በጲላጦስ ዘንድ መልካሙን መታመን በመሰከረ በክርስቶስ ኢየሱስ ፊት አዝሃለሁ፤
f23b5567-db09-5000-a1da-81780cfc27a2,9ebcd5ba-0521-5400-a420-7bf2a1fb6029,15b976c4-16eb-59a5-a780-0cdda37926d7,4,14,ጌታችን ኢየሱስ ክርስቶስ እስኪገለጥ ድረስ ያለ እድፍና ያለ ነቀፋ ሆነህ ትእዛዙን ጠብቅ፤
f9206724-3cbd-5902-aa10-2f86b0e12c9e,9ebcd5ba-0521-5400-a420-7bf2a1fb6029,15b976c4-16eb-59a5-a780-0cdda37926d7,5,15,ያንም መገለጡን በራሱ ጊዜ ብፁዕና ብቻውን የሆነ ገዥ፥ የነገሥታት ንጉሥና የጌቶች ጌታ ያሳያል።
a91f2e75-918c-53f0-aaf9-cb34fbf7ed51,9ebcd5ba-0521-5400-a420-7bf2a1fb6029,15b976c4-16eb-59a5-a780-0cdda37926d7,6,16,እርሱ ብቻ የማይሞት ነው፤ ማንም ሊቀርበው በማይችል ብርሃን ይኖራል፤ አንድ ሰው እንኳ አላየውም፤ ሊያይም አይቻለውም፤ ለእርሱ ክብርና የዘላለም ኀይል ይሁን፤ አሜን።
2b732962-856e-5735-a503-0d3e758dfa3b,9ebcd5ba-0521-5400-a420-7bf2a1fb6029,15b976c4-16eb-59a5-a780-0cdda37926d7,7,17,በአሁኑ ዘመን ባለ ጠጎች የሆኑት የትዕቢትን ነገር እንዳያስቡ ደስም እንዲለን ሁሉን አትርፎ በሚሰጠን በሕያው እግዚአብሔር እንጂ፥ በሚያልፍ ባለ ጠግነት ተስፋ እንዳያደርጉ እዘዛቸው።
c48f449a-9e0d-5935-a026-a49236cd8672,9ebcd5ba-0521-5400-a420-7bf2a1fb6029,15b976c4-16eb-59a5-a780-0cdda37926d7,8,18,እውነተኛውን ሕይወት ይይዙ ዘንድ፥ ለሚመጣው ዘመን ለራሳቸው መልካም መሠረት የሚሆንላቸውን መዝገብ እየሰበሰቡ መልካምን እንዲያደርጉ፤ በበጎም ሥራ ባለ ጠጎች እንዲሆኑ፤ ሊረዱና ሊያካፍሉም የተዘጋጁ እንዲሆኑ ምከራቸው።
72954816-ace4-5077-ac8e-758f176c6a87,9ebcd5ba-0521-5400-a420-7bf2a1fb6029,15b976c4-16eb-59a5-a780-0cdda37926d7,9,20,ጢሞቴዎስ ሆይ! በውሸት እውቀት ከተባለ ለዓለም ከሚመች ከከንቱ መለፍለፍና መከራከር እየራቅህ የተሰጠህን አደራ ጠብቅ፤
a8ffe452-a803-5e48-a747-c283b11dc857,9ebcd5ba-0521-5400-a420-7bf2a1fb6029,15b976c4-16eb-59a5-a780-0cdda37926d7,10,21,ይህ እውቀት አለን ብለው አንዳንዶች ስለ እምነት ስተዋልና። ጸጋ ከአንተ ጋር ይሁን።
2cc6a41d-6ba8-5a7a-a8f0-7bbad32f556c,c71bccc1-0a2d-5d7d-a7df-21b62e941b07,8042d7a3-1d79-5ba1-af68-232277770a4e,1,1,በክርስቶስ ኢየሱስ እንደሚሆን የሕይወት ተስፋ፥ በእግዚአብሔር ፈቃድ የኢየሱስ ክርስቶስ ሐዋርያ የሆነ ጳውሎስ፤
96018707-fe2d-5889-a6ab-e4f5ae63d851,c71bccc1-0a2d-5d7d-a7df-21b62e941b07,8042d7a3-1d79-5ba1-af68-232277770a4e,2,2,ለተወደደው ልጄ ለጢሞቴዎስ፤ ከእግዚአብሔር አብ ከጌታችንም ከክርስቶስ ኢየሱስ ጸጋና ምሕረት ሰላምም ይሁን።
036a3a3e-1335-5794-aa8d-294aec04ad55,c71bccc1-0a2d-5d7d-a7df-21b62e941b07,85ca3eef-d1dc-56ac-a1bf-501a45754375,1,3,ሌትና ቀን በልመናዬ ሳላቋርጥ ስለማስብህ እንደ አባቶቼ አድርጌ በንጹሕ ሕሊና የማመልከውን እግዚአብሔርን አመሰግናለሁ፤
ed108f20-8396-57ea-a189-8259ebea03f0,c71bccc1-0a2d-5d7d-a7df-21b62e941b07,85ca3eef-d1dc-56ac-a1bf-501a45754375,2,4,እንባህን እያሰብሁ በደስታ እሞላ ዘንድ ላይህ እናፍቃለሁ።
5ec41a2a-a86a-5d7b-af57-aa65f0538dd1,c71bccc1-0a2d-5d7d-a7df-21b62e941b07,85ca3eef-d1dc-56ac-a1bf-501a45754375,3,5,በአንተ ያለውን ግብዝነት የሌለበትን እምነትህን አስባለሁ፤ ይህም እምነት ቀድሞ በአያትህ በሎይድ በእናትህም በኤውንቄ ነበረባቸው፤ በአንተም ደግሞ እንዳለ ተረድቼአለሁ።
c83438f3-b0a3-55f1-af1c-127c1a8e8c15,c71bccc1-0a2d-5d7d-a7df-21b62e941b07,85ca3eef-d1dc-56ac-a1bf-501a45754375,4,6,ስለዚህ ምክንያት እሳት እንደሚያቀጣጥል ሰው እጆቼን በመጫኔ በአንተ ያለውን የእግዚአብሔርን ስጦታ እንድታነሣሣ አሳስብሃለሁ።
9e21e04f-3410-51a8-ac43-104006cbbd74,c71bccc1-0a2d-5d7d-a7df-21b62e941b07,85ca3eef-d1dc-56ac-a1bf-501a45754375,5,7,እግዚአብሔር የኀይልና የፍቅር ራስንም የመግዛት መንፈስ እንጂ የፍርሃት መንፈስ አልሰጠንምና።
42abc4e8-4f15-5083-a796-8196f1a92682,c71bccc1-0a2d-5d7d-a7df-21b62e941b07,85ca3eef-d1dc-56ac-a1bf-501a45754375,6,8,እንግዲህ በጌታችን ምስክርነት ወይም በእስረኛው በእኔ አትፈር፤ ነገር ግን እንደ እግዚአብሔር ኀይል መጠን ስለ ወንጌል አብረኸኝ መከራን ተቀበል፤
47d56cc4-f93b-5e99-a02d-6fa4db2cd65e,c71bccc1-0a2d-5d7d-a7df-21b62e941b07,85ca3eef-d1dc-56ac-a1bf-501a45754375,7,9,ያዳነን በቅዱስም አጠራር የጠራን እግዚአብሔር ነውና፤ ይህም እንደ ራሱ አሳብና ጸጋ መጠን ነው እንጂ፥ እንደ ሥራችን መጠን አይደለም፤ ይህም ጸጋ ከዘላለም ዘመናት በፊት በክርስቶስ ኢየሱስ ተሰጠን፤
944f5dcd-49a1-5734-adb2-dc1dde7ee511,c71bccc1-0a2d-5d7d-a7df-21b62e941b07,85ca3eef-d1dc-56ac-a1bf-501a45754375,8,10,አሁን ግን በመድኃኒታችን በኢየሱስ ክርስቶስ መገለጥ ታይቶአል። እርሱ ሞትን ሽሮአልና፤ እኔ ሰባኪና ሐዋርያ አሕዛብንም አስተማሪ እንድሆን በተሾምሁበት በወንጌል ሕይወትንና አለመጥፋትን ወደ ብርሃን አውጥቶአል።
2234f30a-07fe-5b08-a388-3c292eb099af,c71bccc1-0a2d-5d7d-a7df-21b62e941b07,85ca3eef-d1dc-56ac-a1bf-501a45754375,9,12,ስለዚህም ምክንያት ይህን መከራ ደግሞ ተቀብዬአለሁ፤ ነገር ግን አላፍርበትም፤ ያመንሁትን አውቃለሁና፤ የሰጠሁትንም አደራ እስከዚያ ቀን ድረስ ሊጠብቅ እንዲችል ተረድቼአለሁ።
d0d350d1-b352-5ba3-a4b2-5b35f65e2a3c,c71bccc1-0a2d-5d7d-a7df-21b62e941b07,85ca3eef-d1dc-56ac-a1bf-501a45754375,10,13,በክርስቶስ ኢየሱስ ባለ እምነትና ፍቅር አድርገህ፥ ከእኔ የሰማኸውንም ጤናማ ቃል ምሳሌ ያዝ፤
00becf8f-f963-5838-ada9-f83ff6864a61,c71bccc1-0a2d-5d7d-a7df-21b62e941b07,85ca3eef-d1dc-56ac-a1bf-501a45754375,11,14,መልካሙን አደራ በእኛ በሚኖረው በመንፈስ ቅዱስ ጠብቅ።
568c6dd9-69db-5a67-acef-f03bf22283da,c71bccc1-0a2d-5d7d-a7df-21b62e941b07,85ca3eef-d1dc-56ac-a1bf-501a45754375,12,15,በእስያ ያሉቱ ሁሉ ከእኔ ፈቀቅ እንዳሉ ታውቃለህ፤ ከእነርሱም ፊሎጎስና ሄርዋጌኔስ ናቸው።
3c122573-60d1-58be-a965-795f42ae28f7,c71bccc1-0a2d-5d7d-a7df-21b62e941b07,85ca3eef-d1dc-56ac-a1bf-501a45754375,13,16,ጌታ ልሄኔሲፎሩ ቤተ ሰዎች ምሕረትን ይስጥ፤ ብዙ ጊዜ አሳርፎኛልና፤
7eb71e19-68c6-5e98-a19a-76abc14e8c2a,c71bccc1-0a2d-5d7d-a7df-21b62e941b07,85ca3eef-d1dc-56ac-a1bf-501a45754375,14,17,በሰንሰለቴም አላፈረበትም፤ ነገር ግን በሮሜ ባደረ ጊዜ ፈልጎ ፈልጎ አገኘኝ፤
ebac26ea-b877-5c8f-a13b-282525ff511e,c71bccc1-0a2d-5d7d-a7df-21b62e941b07,85ca3eef-d1dc-56ac-a1bf-501a45754375,15,18,በዚያን ቀን ከጌታ ምሕረትን እንዲያገኝ ጌታ ይስጠው፤ በኤፌሶንም እንዴት እንዳገለገለኝ አንተ በደኅና ታውቃለህ።
8694af35-4e49-5a4a-a252-63b8a954e8ae,34b5f85f-6187-5bbe-a9f0-3593318ccc82,8043dc49-f9a5-55c0-a1fb-166a54f7f137,1,1,እንግዲህ ልጄ ሆይ! አንተ በክርስቶስ ኢየሱስ ባለው ጸጋ በርታ።
c56953c5-fa58-5d58-a699-19329e78469b,34b5f85f-6187-5bbe-a9f0-3593318ccc82,8043dc49-f9a5-55c0-a1fb-166a54f7f137,2,2,ብዙ ሰዎች የመሰከሩለትን ከእኔም የሰማኸውን ሌሎችን ደግሞ ሊያስተምሩ ለሚችሉ ለታመኑ ሰዎች አደራ ስጥ።
e3873243-563b-5e74-aa54-5a8228c0d15a,34b5f85f-6187-5bbe-a9f0-3593318ccc82,8043dc49-f9a5-55c0-a1fb-166a54f7f137,3,3,እንደ ኢየሱስ ክርስቶስ በጎ ወታደር ሆነህ፥ አብረኸኝ መከራ ተቀበል።
ee5e27c5-45a3-5106-a573-694f5672f4d3,34b5f85f-6187-5bbe-a9f0-3593318ccc82,8043dc49-f9a5-55c0-a1fb-166a54f7f137,4,4,የሚዘምተው ሁሉ ለጦር ያስከተተውን ደስ ያሰኝ ዘንድ ትዳር በሚገኝበት ንግድ ራሱን አያጠላልፍም።
4f67d099-0f32-546d-ae50-db11ec939d18,34b5f85f-6187-5bbe-a9f0-3593318ccc82,8043dc49-f9a5-55c0-a1fb-166a54f7f137,5,5,ደግሞም በጨዋታ የሚታገል ማንም ቢሆን፥ እንደሚገባ አድርጎ ባይታገል፥ የድሉን አክሊል አያገኝም።
28f83571-7b07-5e68-a73d-272983426e97,34b5f85f-6187-5bbe-a9f0-3593318ccc82,8043dc49-f9a5-55c0-a1fb-166a54f7f137,6,6,የሚደክመው ገበሬ ፍሬውን ከሚበሉት መጀመሪያ እንዲሆን ይገባዋል።
21eb101d-6c57-53df-a60f-e1b6bf333f80,34b5f85f-6187-5bbe-a9f0-3593318ccc82,8043dc49-f9a5-55c0-a1fb-166a54f7f137,7,7,የምለውን ተመልከት፤ ጌታም በነገር ሁሉ ማስተዋልን ይስጥህ።
88c8a87d-0b1b-5fdb-ab1a-b47a506f00de,34b5f85f-6187-5bbe-a9f0-3593318ccc82,8043dc49-f9a5-55c0-a1fb-166a54f7f137,8,8,በወንጌል እንደምሰብከው፥ ከሙታን የተነሣውን፥ ከዳዊት ዘርም የሆነውን ኢየሱስ ክርስቶስን አስብ።
539330cd-6fc7-5a68-a123-5b766751ab5d,34b5f85f-6187-5bbe-a9f0-3593318ccc82,8043dc49-f9a5-55c0-a1fb-166a54f7f137,9,9,ይህንም በመስበክ እንደ ክፉ አድራጊ እስክታሰር ድረስ መከራ እቀበላለሁ፤ የእግዚአብሔር ቃል ግን አይታሰርም።
14b4b1c0-a339-5d8c-acba-dd9c2f7433db,34b5f85f-6187-5bbe-a9f0-3593318ccc82,8043dc49-f9a5-55c0-a1fb-166a54f7f137,10,10,ስለዚህ እነርሱ ደግሞ በክርስቶስ ኢየሱስ ያለውን መዳን ከዘላለም ክብር ጋር እንዲያገኙ ስለ ተመረጡት በነገር ሁሉ እጸናለሁ።
feea9cdd-d199-5191-adc6-24a73d1b29e0,34b5f85f-6187-5bbe-a9f0-3593318ccc82,8043dc49-f9a5-55c0-a1fb-166a54f7f137,11,11,እንዲህ የሚለው ቃሉ የታመነ ነው
9a877699-68f6-5c9d-adeb-d358694687c0,34b5f85f-6187-5bbe-a9f0-3593318ccc82,8043dc49-f9a5-55c0-a1fb-166a54f7f137,12,12,ብንጸና፥ ከእርሱ ጋር ደግሞ እንነግሣለን፤
1351bf25-1344-51b7-a081-cbfcca589566,34b5f85f-6187-5bbe-a9f0-3593318ccc82,8043dc49-f9a5-55c0-a1fb-166a54f7f137,13,13,ባናምነው፥ እርሱ የታመነ ሆኖ ይኖራል፤ ራሱን ሊክድ አይችልምና።”
1ace972a-1626-551f-a051-094dfbe76322,34b5f85f-6187-5bbe-a9f0-3593318ccc82,65b27a9c-abf1-5c69-a0fe-9cff7bc7a96e,1,14,ይህን አሳስባቸው፤ በቃልም እንዳይጣሉ በእግዚአብሔር ፊት ምከራቸው፤ ይህ ምንም የማይረባ የሚሰሙትንም የሚያፈርስ ነውና።
e1678a6a-aab4-5448-a2e6-ff0a5a7a3f2d,34b5f85f-6187-5bbe-a9f0-3593318ccc82,65b27a9c-abf1-5c69-a0fe-9cff7bc7a96e,2,15,የእውነትን ቃል በቅንነት የሚናገር የማያሳፍርም ሠራተኛ ሆነህ፥ የተፈተነውን ራስህን ለእግዚአብሔር ልታቀርብ ትጋ።
53937978-5820-5564-abad-1edf7e5fe245,34b5f85f-6187-5bbe-a9f0-3593318ccc82,65b27a9c-abf1-5c69-a0fe-9cff7bc7a96e,3,16,ነገር ግን ለዓለም ከሚመች ከከንቱ መለፍለፍ ራቅ፤ ኀጢአተኝነታቸውን ከፊት ይልቅ ይጨምራሉና፤
17bb2cad-c880-5240-ad3b-0951b2b14f95,34b5f85f-6187-5bbe-a9f0-3593318ccc82,65b27a9c-abf1-5c69-a0fe-9cff7bc7a96e,4,17,ቃላቸውም እንደ ጭንቁር ይባላል፤ ከእነርሱም ሄሜኔዎስና ፊሊጦስ ናቸው፤
756e5685-368c-5919-aaaa-d287a9e1c43c,34b5f85f-6187-5bbe-a9f0-3593318ccc82,65b27a9c-abf1-5c69-a0fe-9cff7bc7a96e,5,18,እነዚህም “ትንሣኤ ከአሁን በፊት ሆኖአል፤” እያሉ ስለ እውነት ስተው የአንዳንዶችን እምነት ይገለብጣሉ።
5ebd2051-b411-5abd-a31e-edebd4e1b2ce,34b5f85f-6187-5bbe-a9f0-3593318ccc82,65b27a9c-abf1-5c69-a0fe-9cff7bc7a96e,6,19,ሆኖም “ጌታ ለእርሱ የሆኑትን ያውቃል፤” ደግሞም “የጌታን ስም የሚጠራ ሁሉ ከዐመፅ ይራቅ፤” የሚለው ማኅተም ያለበት የተደላደለ የእግዚአብሔር መሠረት ቆሞአል።
1e7c272f-8deb-5bd2-a85a-c9e928649646,34b5f85f-6187-5bbe-a9f0-3593318ccc82,65b27a9c-abf1-5c69-a0fe-9cff7bc7a96e,7,20,በትልቅም ቤት የእንጨትና የሸክላ ዕቃ ደግሞ አለ እንጂ የወርቅና የብር ዕቃ ብቻ አይደለም፤ እኵሌቶቹም ለክብር፥ እኵሌቶቹም ለውርደት ይሆናሉ፤
f5df7585-a26e-51fb-ac4b-eeffaec6b45d,34b5f85f-6187-5bbe-a9f0-3593318ccc82,65b27a9c-abf1-5c69-a0fe-9cff7bc7a96e,8,21,እንግዲህ ማንም ራሱን ከእነዚህ ቢያነጻ፥ ለክብር የሚሆን የተቀደሰም ለጌታውም የሚጠቅም ለበጎም ሥራ ሁሉ የተዘጋጀ ዕቃ ይሆናል።
b734cb1a-3bb7-5825-aa35-d910e6ad5a4f,34b5f85f-6187-5bbe-a9f0-3593318ccc82,65b27a9c-abf1-5c69-a0fe-9cff7bc7a96e,9,22,ከክፉ የጎልማሳነት ምኞት ግን ሽሽ፤ በንጹሕም ልብ ጌታን ከሚጠሩ ጋር ጽድቅን እምነትን ፍቅርን ሰላምን አጥብቀህ ተከተል።
f29dba80-8c4e-5b73-a120-e679afd0bfef,34b5f85f-6187-5bbe-a9f0-3593318ccc82,65b27a9c-abf1-5c69-a0fe-9cff7bc7a96e,10,23,ነገር ግን ጠብን እንዲያመጣ አውቀህ ከሰነፎችና ካልተማሩ ምርመራ ራቅ፤
167285e9-6bfb-5e12-a8f7-65c392761fa8,34b5f85f-6187-5bbe-a9f0-3593318ccc82,65b27a9c-abf1-5c69-a0fe-9cff7bc7a96e,11,24,የጌታም ባሪያ ለሰው ሁሉ ገር፥ ለማስተማርም የሚበቃ፥ ለትዕግሥትም የሚጸና ሊሆን እንጂ ሊጣላ አይገባውም።
acc65794-553a-5ccd-a5d5-a7e019511fbd,34b5f85f-6187-5bbe-a9f0-3593318ccc82,65b27a9c-abf1-5c69-a0fe-9cff7bc7a96e,12,25,ደግሞም “ምናልባት እግዚአብሔር እውነትን ያውቁ ዘንድ ንስሓን ይሰጣቸዋልና ፈቃዱን ለማድረግ በዲያብሎስ ሕያዋን ሆነው ከተያዙበት ወጥመድ ወጥተው ወደ አእምሮ ይመለሳሉ፤” ብሎ የሚቃወሙትን በየዋህነት ይቅጣ።
5dcb8b08-7a40-560a-a3c6-1f0b6aa29884,b505cb49-84e7-5f7c-a38c-83609507b34a,8162aa9c-4622-5d65-a97d-2d8bff7c5ee7,1,1,ነገር ግን በመጨረሻው ቀን የሚያስጨንቅ ዘመን እንዲመጣ ይህን እወቅ።
ab4d5a1a-d608-585c-a5c5-6589bc7e8d20,b505cb49-84e7-5f7c-a38c-83609507b34a,8162aa9c-4622-5d65-a97d-2d8bff7c5ee7,2,2,ሰዎች ራሳቸውን የሚወዱ ይሆናሉና፤ ገንዘብን የሚወዱ፥ ትምክህተኞች፥ ትዕቢተኞች፥ ተሳዳቢዎች፥ ለወላጆቻቸው የማይታዘዙ፥ የማያመሰግኑ፥ ቅድስና የሌላቸው፥
8bbcdd88-9512-5fc8-a0dd-898466f96150,b505cb49-84e7-5f7c-a38c-83609507b34a,8162aa9c-4622-5d65-a97d-2d8bff7c5ee7,3,3,ፍቅር የሌላቸው፥ ዕርቅን የማይሰሙ፥ ሐሜተኞች፥ ራሳቸውን የማይገዙ፥ ጨካኞች፥ መልካም የሆነውን የማይወዱ፥
39e20b96-6ee3-5736-ab28-667439439ddb,b505cb49-84e7-5f7c-a38c-83609507b34a,8162aa9c-4622-5d65-a97d-2d8bff7c5ee7,4,4,ከዳተኞች፥ ችኩሎች፥ በትዕቢት የተነፉ፥ ከእግዚአብሔር ይልቅ ተድላን የሚወዱ ይሆናሉ፤
10741da1-2a74-58c5-a370-b1d55b3c03ae,b505cb49-84e7-5f7c-a38c-83609507b34a,8162aa9c-4622-5d65-a97d-2d8bff7c5ee7,5,5,የአምልኮት መልክ አላቸው፤ ኀይሉን ግን ክደዋል፤ ከእነዚህ ደግሞ ራቅ።
c3757af6-e730-533f-ae87-e8ee153cb263,b505cb49-84e7-5f7c-a38c-83609507b34a,8162aa9c-4622-5d65-a97d-2d8bff7c5ee7,6,6,ወደ ቤቶች ሾልከው እየገቡ ኀጢአታቸው የተከመረባቸውን በልዩ ልዩ ምኞትም የሚወሰዱትን ሁልጊዜም እየተማሩ እውነትን ወደ ማወቅ ሊደርሱ ከቶ የማይችሉትን ሞኞችን ሴቶች የሚማርኩ፥ ከእነዚህ ዘንድ ናቸውና።
383170f3-54fe-5667-aa3f-329922b00623,b505cb49-84e7-5f7c-a38c-83609507b34a,8162aa9c-4622-5d65-a97d-2d8bff7c5ee7,7,8,ኢያኔስና ኢያንበሬስም ሙሴን እንደ ተቃወሙት፥ እንዲሁ እነዚህ ደግሞ አእምሮአቸው የጠፋባቸው ስለ እምነትም የተጣሉ ሰዎች ሆነው እውነትን ይቃወማሉ።
58ad00cc-bd55-53a0-a7bd-b1b9bce50952,b505cb49-84e7-5f7c-a38c-83609507b34a,8162aa9c-4622-5d65-a97d-2d8bff7c5ee7,8,9,ዳሩ ግን የእነዚያ ሞኝነት ደግሞ ግልጥ እንደ ሆነ፥ ሞኝነታቸው ለሁሉ ይገለጣልና ከፊት ይልቅ አይቀናላቸውም።
6c4db3cd-710a-5bd3-a75e-f77eb08100ea,b505cb49-84e7-5f7c-a38c-83609507b34a,45c3cae2-8472-5768-a42c-57bb3e0e0e1b,1,10,አንተ ግን ትምህርቴንና አካሄዴን አሳቤንም እምነቴንም ትዕግሥቴንም ፍቅሬንም መጽናቴንም
3f35fe42-1412-537c-a8c0-4945c9d7ac32,b505cb49-84e7-5f7c-a38c-83609507b34a,45c3cae2-8472-5768-a42c-57bb3e0e0e1b,2,11,ስደቴንም መከራዬንም ተከተልህ፤ በአንጾኪያና በኢቆንዮን በልስጥራንም የሆነብኝን የታገሥሁትንም ስደት ታውቃለህ፤ ጌታም ከሁሉ አዳነኝ።
9de9811a-9a1f-5044-ae55-d4d74b3c17a8,b505cb49-84e7-5f7c-a38c-83609507b34a,45c3cae2-8472-5768-a42c-57bb3e0e0e1b,3,12,በእውነትም በክርስቶስ ኢየሱስ እግዚአብሔርን እየመሰሉ ሊኖሩ የሚወዱ ሁሉ ይሰደዳሉ።
32de0b37-6d05-53c6-ac9b-73e3b60c5842,b505cb49-84e7-5f7c-a38c-83609507b34a,45c3cae2-8472-5768-a42c-57bb3e0e0e1b,4,13,ነገር ግን ክፉዎች ሰዎችና አታላዮች እያሳቱና እየሳቱ በክፋት እየባሱ ይሄዳሉ።
68d728d2-98ef-5f46-aafd-9930555ca002,b505cb49-84e7-5f7c-a38c-83609507b34a,45c3cae2-8472-5768-a42c-57bb3e0e0e1b,5,14,አንተ ግን በተማርህበትና በተረዳህበት ነገር ጸንተህ ኑር፤ ከማን እንደ ተማርኸው ታውቃለህና፤
66c2eb91-34ff-5cf2-a2fa-28ec8d43b083,b505cb49-84e7-5f7c-a38c-83609507b34a,45c3cae2-8472-5768-a42c-57bb3e0e0e1b,6,15,ከሕፃንነትህም ጀምረህ ክርስቶስ ኢየሱስን በማመን መዳን የሚገኝበትን ጥበብ ሊሰጡህ የሚችሉትን ቅዱሳት መጻሕፍትን አውቀሃል።
a2f5dd56-6bec-5d74-a1d5-8f113bca7fba,b505cb49-84e7-5f7c-a38c-83609507b34a,45c3cae2-8472-5768-a42c-57bb3e0e0e1b,7,16,የእግዚአብሔር ሰው ፍጹምና ለበጎ ሥራ ሁሉ የተዘጋጀ ይሆን ዘንድ፥ የእግዚአብሔር መንፈስ ያለበት መጽሐፍ ሁሉ ለትምህርትና ለተግሣጽ ልብንም ለማቅናት በጽድቅም ላለው ምክር ደግሞ ይጠቅማል።
5f86d775-f886-51c8-a48c-b4b225941ac3,4fd68215-4cfc-5b5d-a863-de5ebc08a58f,4ce919eb-d7bd-5fb2-adfc-ee39d44558c4,1,1,በእግዚአብሔር ፊት፥ በሕያዋንና በሙታንም ሊፈርድ ባለው በጌታ በኢየሱስ ክርስቶስ ፊት፥ በመገለጡና በመንግሥቱም እመክርሃለሁ፤
4bd713dd-0472-5da1-a144-43ed20ba76d2,4fd68215-4cfc-5b5d-a863-de5ebc08a58f,4ce919eb-d7bd-5fb2-adfc-ee39d44558c4,2,2,ቃሉን ስበክ፤ በጊዜውም አለጊዜውም ጽና፤ ፈጽመህ እየታገሥህና እያስተማርህ ዝለፍና ገሥጽ፤ ምከርም።
be0ba9dd-1db3-5125-a358-cddb4da4e922,4fd68215-4cfc-5b5d-a863-de5ebc08a58f,4ce919eb-d7bd-5fb2-adfc-ee39d44558c4,3,3,ሕይወት የሚገኝበትን ትምህርት የማይታገሡበት ዘመን ይመጣልና፤ ነገር ግን ጆሮቻቸውን የሚያሳክክ ስለ ሆነ፥ እንደ ገዛ ምኞታቸው ለራሳቸው አስተማሪዎችን ያከማቻሉ።
4a0eb69a-5985-53ed-ae9d-ed1655e9700b,4fd68215-4cfc-5b5d-a863-de5ebc08a58f,9879535a-9039-5af4-a716-f42365fdaf8c,1,4,እውነትንም ከመስማት ጆሮቻቸውን ይመልሳሉ፤ ወደ ተረትም ፈቀቅ ይላሉ።
b4eef6a1-9b9a-5a90-a0c8-1a0337e908af,4fd68215-4cfc-5b5d-a863-de5ebc08a58f,9879535a-9039-5af4-a716-f42365fdaf8c,2,5,አንተ ግን ነገርን ሁሉ በልክ አድርግ፤ መከራን ተቀበል፤ የወንጌል ሰባኪነትን ሥራ አድርግ፤ አገልግሎትህን ፈጽም።
40ded825-7bfa-597e-af2a-c8effbd439f3,4fd68215-4cfc-5b5d-a863-de5ebc08a58f,9879535a-9039-5af4-a716-f42365fdaf8c,3,6,በመሥዋዕት እንደሚደረግ የእኔ ሕይወት ይሠዋልና፥ የምሄድበት ጊዜ ደርሶአል።
3b31ebc3-c899-5a1c-a2e5-a889c6543883,4fd68215-4cfc-5b5d-a863-de5ebc08a58f,9879535a-9039-5af4-a716-f42365fdaf8c,4,7,መልካሙን ገድል ተጋድዬአለሁ፤ ሩጫውን ጨርሼአለሁ፤ ሃይማኖትን ጠብቄአለሁ፤
5b1a70e4-0c32-5e04-a883-a63e2a09885b,4fd68215-4cfc-5b5d-a863-de5ebc08a58f,9879535a-9039-5af4-a716-f42365fdaf8c,5,8,ወደ ፊት የጽድቅ አክሊል ተዘጋጅቶልኛል፤ ይህንም ጻድቅ ፈራጅ የሆነው ጌታ ያን ቀን ለእኔ ያስረክባል፤ ደግሞም መገለጡን ለሚወዱት ሁሉ እንጂ ለእኔ ብቻ አይደለም።
0b67fcb9-c130-51e7-a826-4cf6ccbc7ed8,4fd68215-4cfc-5b5d-a863-de5ebc08a58f,c9b33aa5-5d10-5b21-af70-b02d1818b4e8,1,9,በቶሎ ወደ እኔ እንድትመጣ ትጋ፤
84e158f6-5e58-5b4b-a04a-5bebe21a6b6f,4fd68215-4cfc-5b5d-a863-de5ebc08a58f,c9b33aa5-5d10-5b21-af70-b02d1818b4e8,2,10,ዴማስ የአሁኑን ዓለም ወዶ ትቶኛልና፤ ወደ ተሰሎንቄም ሄዶአል፤ ቄርቂስም ወደ ገላትያ ቲቶም ወደ ድልማጥያ ሄደዋል።
73b90de2-3b06-5867-a477-0534c490b5bf,4fd68215-4cfc-5b5d-a863-de5ebc08a58f,c9b33aa5-5d10-5b21-af70-b02d1818b4e8,3,11,ሉቃስ ብቻ ከእኔ ጋር አለ፤ ማርቆስ ለአገልግሎት ብዙ ይጠቅመኛልና ይዘኸው ከአንተ ጋር አምጣው።
bed1c363-aa85-5a52-a817-c7f18e7b9e75,4fd68215-4cfc-5b5d-a863-de5ebc08a58f,c9b33aa5-5d10-5b21-af70-b02d1818b4e8,4,12,ቲኪቆስን ግን ወደ ኤፌሶን ላክሁት።
55eec9f2-13d5-5458-acbc-ba6920b84e7e,4fd68215-4cfc-5b5d-a863-de5ebc08a58f,c9b33aa5-5d10-5b21-af70-b02d1818b4e8,5,13,ስትመጣ በጢሮአዳ ከአክርጳ ዘንድ የተውሁትን በርኖሱንና መጻሕፍቱን ይልቁንም በብራና የተጻፉትን አምጣልኝ።
446a5e76-c47c-5be8-ae0a-997912c0bc58,4fd68215-4cfc-5b5d-a863-de5ebc08a58f,c9b33aa5-5d10-5b21-af70-b02d1818b4e8,6,14,የናስ አንጥረኛው እስክንድሮስ እጅግ ከፋብኝ፤ ጌታ እንደ ሥራው ይመልስለታል።
835ca432-2b38-5d1d-a059-6fca50fe2806,4fd68215-4cfc-5b5d-a863-de5ebc08a58f,c9b33aa5-5d10-5b21-af70-b02d1818b4e8,7,15,አንተም ደግሞ ከእርሱ ተጠበቅ፤ የምንናገረውን እጅግ ተቃውሞአልና።
abf7a6c3-65ba-5b29-ab0a-0ed089653fa2,4fd68215-4cfc-5b5d-a863-de5ebc08a58f,c9b33aa5-5d10-5b21-af70-b02d1818b4e8,8,16,በፊተኛው ሙግቴ አንድ ስንኳ አልደረሰልኝም፤ ሁሉም ተዉኝ እንጂ፤ ይህንም አይቍጠርባቸው፤
ea55f19d-e97b-5ca6-a8ed-649f25187615,4fd68215-4cfc-5b5d-a863-de5ebc08a58f,c9b33aa5-5d10-5b21-af70-b02d1818b4e8,9,17,ዳሩ ግን የስብከቱ ሥራ በእኔ እንዲፈጸም አሕዛብም ሁሉ እንዲሰሙት፥ ጌታ በእኔ አጠገብ ቆሞ አበረታኝ፤ ከአንበሳ አፍም ዳንሁ።
8045f2fe-3f05-5262-a944-e240509bf874,4fd68215-4cfc-5b5d-a863-de5ebc08a58f,c9b33aa5-5d10-5b21-af70-b02d1818b4e8,10,18,ጌታም ከክፉ ነገር ሁሉ ያድነኛል፤ ለሰማያዊውም መንግሥት ይጠብቀኛል፤ ለእርሱ ከዘላለም እስከ ዘላለም ክብር ይሁን፤ አሜን።
eb978d57-5029-5669-abed-d3205f0d0fae,4fd68215-4cfc-5b5d-a863-de5ebc08a58f,7eb7dcfb-b596-52cc-a5ee-282e6fe35b90,1,19,ለጵርስቅላና ለአቂላ ለሄኔሲፎሩም ቤተ ሰዎች ሰላምታ አቅርብልኝ።
4a5e1600-0ea1-5a96-ac3c-c07f7cc64f30,4fd68215-4cfc-5b5d-a863-de5ebc08a58f,7eb7dcfb-b596-52cc-a5ee-282e6fe35b90,2,20,ኤርስጦስ በቆሮንቶስ ቀረ፤ ጥሮፊሞስን ግን ታሞ በሚሊጢን ተውሁት።
f3eca4af-9f13-56c6-a2c8-a129d9b1c3ad,4fd68215-4cfc-5b5d-a863-de5ebc08a58f,7eb7dcfb-b596-52cc-a5ee-282e6fe35b90,3,21,ከክረምት በፊት እንድትመጣ ትጋ። ኤውግሎስና ጱዴስ ሊኖስም ቅላውዲያም ወንድሞችም ሁሉ ሰላምታ ያቀርቡልሃል።
e3bbf6ba-4a89-5d68-af9d-f822cd4f9dd8,4fd68215-4cfc-5b5d-a863-de5ebc08a58f,7eb7dcfb-b596-52cc-a5ee-282e6fe35b90,4,22,ጌታ ኢየሱስ ክርስቶስ ከመንፈስህ ጋር ይሁን። ጸጋ ከእናንተ ጋር ይሁን፤ አሜን።
396fed57-439e-5a12-aab7-7adcfef8a0f5,f4bc2e9c-aea6-54d4-a90b-fcf9112e82a8,dcab1b5a-c707-5500-a545-ffcd23c4c7cd,1,1,የእግዚአብሔር ባሪያና የኢየሱስ ክርስቶስ ሐዋርያ የሆነ ጳውሎስ፥ በእግዚአብሔር ለተመረጡት እምነት እንዲሆንላቸው በዘላለምም ሕይወት ተስፋ እንደ አምልኮት ያለውን እውነት እንዲያውቁ የተላከ፤ ስለዚህም ሕይወት የማይዋሽ እግዚአብሔር ከዘላለም ዘመናት በፊት ተስፋ ሰጠ።
f24dec1f-6aa5-54a9-ab49-669db911fe1a,f4bc2e9c-aea6-54d4-a90b-fcf9112e82a8,dcab1b5a-c707-5500-a545-ffcd23c4c7cd,2,3,በዘመኑም ጊዜ መድኃኒታችን እግዚአብሔር እንዳዘዘ፥ ለእኔ አደራ በተሰጠኝ ስብከት ቃሉን ገለጠ፤
4e2cc326-6f7f-5df6-a7b3-5ab9d64cc600,f4bc2e9c-aea6-54d4-a90b-fcf9112e82a8,dcab1b5a-c707-5500-a545-ffcd23c4c7cd,3,4,በሃይማኖት ኅብረት እውነተኛ ልጄ ለሚሆን ለቲቶ፤
351e6f9e-661e-5643-a7f6-7be68a1f9a58,f4bc2e9c-aea6-54d4-a90b-fcf9112e82a8,b7bc3003-1079-54a0-a30b-f176567dd9f2,1,5,ስለዚህ ምክንያት የቀረውን እንድታደራጅ በየከተማውም እኔ አንተን እንዳዘዝሁ፥ ሽማግሌዎችን እንድትሾም በቀርጤስ ተውሁህ፤
889d4017-a029-5635-a8a5-0eafa6cda0ab,f4bc2e9c-aea6-54d4-a90b-fcf9112e82a8,b7bc3003-1079-54a0-a30b-f176567dd9f2,2,6,የማይነቀፍና የአንዲት ሚስትባል የሚሆን፥ የሚያምኑም ልጆች ያሉት፥ ስለ መዳራትም ወይም ስለ አለመታዘዝ የማይከሰስ ማንም ቢኖር፥ ሹመው።
5810e51d-6fac-5703-a0dd-0c0549145ebc,f4bc2e9c-aea6-54d4-a90b-fcf9112e82a8,b7bc3003-1079-54a0-a30b-f176567dd9f2,3,7,ኤጲስቆጶስ እንደ እግዚአብሔር መጋቢ የማይነቀፍ ሊሆን ይገባዋልና፤ የማይኮራ፥ የማይቆጣ፥ የማይሰክር፥ የማይጨቃጨቅ፥ ነውረኛ ረብ የማይወድ፥
2dc77920-d856-57fd-a5fe-253bf89d6774,f4bc2e9c-aea6-54d4-a90b-fcf9112e82a8,b7bc3003-1079-54a0-a30b-f176567dd9f2,4,8,ነገር ግን እንግዳ ተቀባይ፥ በጎ የሆነውን ነገር የሚወድ፥ ጠንቃቃ፥ ጻድቅ፥ ቅዱስ፥ ራሱን የሚገዛ ይሁን፤
f92c5f6a-727c-5756-ab22-1db58637f6ab,f4bc2e9c-aea6-54d4-a90b-fcf9112e82a8,b7bc3003-1079-54a0-a30b-f176567dd9f2,5,9,ሕይወት በሚገኝበት ትምህርት ደግሞ ሊመክር ተቃዋሚዎቹንም ሊወቅስ ይችል ዘንድ፥ እንደተማረው በታመነ ቃል ይጽና።
19a0e116-f0a3-5e33-a7b0-d06d60b42acb,f4bc2e9c-aea6-54d4-a90b-fcf9112e82a8,b7bc3003-1079-54a0-a30b-f176567dd9f2,6,10,የማይታዘዙና ከንቱ የሚናገሩ የሚያታልሉ ይልቁንም ከተገረዙት ወገን የሚሆኑ ብዙ ናቸውና፤
7eeec4c1-07a1-570c-abb2-d445870c74f4,f4bc2e9c-aea6-54d4-a90b-fcf9112e82a8,b7bc3003-1079-54a0-a30b-f176567dd9f2,7,11,እነዚህም ስለ ነውረኛ ረብ የማይገባውን እያስተማሩ ቤቶችን በሞላው ስለ ሚገለብጡ፥ አፋቸውን መዝጋት ይገባል።
cdd0311d-5885-5371-a22d-17dfc1d47ae3,f4bc2e9c-aea6-54d4-a90b-fcf9112e82a8,b7bc3003-1079-54a0-a30b-f176567dd9f2,8,12,የገዛ ራሳቸው ነቢይ የሆነ ከእነርሱ አንዱ “የቀርጤስ ሰዎች ዘወትር ውሸተኞች፥ ክፉዎች አራዊት፥ በላተኞች፥ ሥራ ፈቶች ናቸው፤” ብሎአል።
4642ec7d-2e52-52a5-a173-7fb7647a93bd,f4bc2e9c-aea6-54d4-a90b-fcf9112e82a8,b7bc3003-1079-54a0-a30b-f176567dd9f2,9,13,ይህ ምስክር እውነተኛ ነው። ስለዚህ ምክንያት የአይሁድን ተረትና ከእውነት ፈቀቅ የሚሉትን ሰዎች ትእዛዝ ሳያዳምጡ፥ በሃይማኖት ጤናሞች እንዲሆኑ በብርቱ ውቀሳቸው።
b731ccc1-8dce-5c28-ac4b-6545cc2fd58a,f4bc2e9c-aea6-54d4-a90b-fcf9112e82a8,b7bc3003-1079-54a0-a30b-f176567dd9f2,10,15,ሁሉ ለንጹሖች ንጹሕ ነው፤ ለርኵሳንና ለማያምኑ ግን ንጹሕ የሆነ ምንም የለም፤ ነገር ግን አእምሮአቸውም ሕሊናቸውም ረክሶአል።
14bead84-9406-509f-a295-a2f3ce6fb0d3,f4bc2e9c-aea6-54d4-a90b-fcf9112e82a8,b7bc3003-1079-54a0-a30b-f176567dd9f2,11,16,እግዚአብሔርን እንዲያውቁ በግልጥ ይናገራሉ፤ ዳሩ ግን የሚያስጸይፉና የማይታዘዙ ለበጎ ሥራም ሁሉ የማይበቁ ስለ ሆኑ፥ በሥራቸው ይክዱታል።
2d066670-364b-54c8-a40f-a081d5abcedb,2971efa1-8664-5239-ac63-bda3ed0f7a5b,08266874-cdf4-5580-a17b-dbcb10062e89,1,1,አንተ ግን ሕይወት ለሚገኝበት ትምህርት የሚገባውን ተናገር።
7eb20799-f7b0-5606-a84b-d1d39556bdda,2971efa1-8664-5239-ac63-bda3ed0f7a5b,08266874-cdf4-5580-a17b-dbcb10062e89,2,2,ሽማግሌዎች ልከኞች፥ ጭምቶች፥ ራሳቸውን የሚገዙ፥ በእምነትና በፍቅር በመጽናትም ጤናሞች እንዲሆኑ ምከራቸው፤
25e30b06-993e-5421-a9e6-3a701bb63d18,2971efa1-8664-5239-ac63-bda3ed0f7a5b,08266874-cdf4-5580-a17b-dbcb10062e89,3,3,እንዲሁም አሮጊቶች ሴቶች አካሄዳቸው ለቅዱስ አገልግሎት የሚገባ፥ የማያሙ፥ ለብዙ ወይን ጠጅ የማይገዙ፥ በጎ የሆነውን ነገር የሚያስተምሩ ይሁኑ፤
f5b7fe38-48b8-536c-aaac-6e73400cd1b9,2971efa1-8664-5239-ac63-bda3ed0f7a5b,08266874-cdf4-5580-a17b-dbcb10062e89,4,4,ቆነጃጅትም የእግዚአብሔር ቃል እንዳይሰደብ፥ ባሎቻቸውን የሚወዱ፥ ልጆቻቸውን የሚወዱ፥ ራሳቸውን የሚገዙ፥ ንጹሖች፥ በቤት የሚሠሩ፥ በጎዎች፥ ለባሎቻቸው የሚታዘዙ እንዲሆኑ ይምከሩአቸው።
77abba74-81ac-513b-ab89-4b4d7df23c38,2971efa1-8664-5239-ac63-bda3ed0f7a5b,08266874-cdf4-5580-a17b-dbcb10062e89,5,6,ጎበዞችም እንዲሁ ራሳቸውን እንዲገዙ ምከራቸው።
99550116-9301-59f1-a5cb-bf25b368f4fb,2971efa1-8664-5239-ac63-bda3ed0f7a5b,08266874-cdf4-5580-a17b-dbcb10062e89,6,7,የሚቃወም ሰው ስለ እኛ የሚናገረውን መጥፎ ነገር ሲያጣ እንዲያፍር፥ በነገር ሁሉ መልካምን በማድረግህ ምሳሌ የሚሆን ራስህን አሳይ፤ በትምህርትህም ደኅንነትን፥ ጭምትነትን፥ ጤናማና የማይነቀፍ ንግግርን ግለጥ።
2e2a661f-a7b2-571e-ae10-6b6c22eedcf8,2971efa1-8664-5239-ac63-bda3ed0f7a5b,08266874-cdf4-5580-a17b-dbcb10062e89,7,9,ባሪያዎች ስለ መድኃኒታችን ስለ እግዚአብሔር የሚሆነውን ትምህርት በሁሉ ነገር ያስመሰግኑ ዘንድ፥ ለገዛ ጌቶቻቸው እንዲገዙ በሁሉም ደስ እንዲያሰኙ፥ ሳይቃወሙና ሳይሰርቁም በጎ ታማኝነትን ሁሉ እንዲያሳዩ ምከራቸው።
7fb4097a-65b0-5925-a3f4-6eee823a5e03,2971efa1-8664-5239-ac63-bda3ed0f7a5b,08266874-cdf4-5580-a17b-dbcb10062e89,8,11,ሰዎችን ሁሉ የሚያድን የእግዚአብሔር ጸጋ ተገልጦአልና፤
469bbd45-bd25-559f-abc4-0a9c37cd85ed,2971efa1-8664-5239-ac63-bda3ed0f7a5b,08266874-cdf4-5580-a17b-dbcb10062e89,9,12,ይህም ጸጋ፥ ኀጢአተኝነትንና ዓለማዊን ምኞት ክደን፥ የተባረከውን ተስፋችንን እርሱም የታላቁን የአምላካችንንና የመድኃኒታችንን የኢየሱስ ክርስቶስን ክብር መገለጥ እየጠበቅን፥ ራሳችንን በመግዛትና በጽድቅ እግዚአብሔርንም በመምሰል በአሁኑ ዘመን እንድንኖር ያስተምረናል፤
84b641df-6e5a-5506-abc1-898c13d5f6b8,2971efa1-8664-5239-ac63-bda3ed0f7a5b,08266874-cdf4-5580-a17b-dbcb10062e89,10,14,መድኃኒታችንም ከዐመፅ ሁሉ እንዲቤዠን፥ መልካሙንም ለማድረግ የሚቀናውን ገንዘቡም የሚሆነውን ሕዝብ ለራሱ እንዲያነጻ፥ ስለ እኛ ነፍሱን ሰጥቶአል።
a75bdc12-882b-5134-aaf7-49d2b50aef1c,2971efa1-8664-5239-ac63-bda3ed0f7a5b,08266874-cdf4-5580-a17b-dbcb10062e89,11,15,ይህን በሙሉ ሥልጣን ተናገርና ምከር፤ ገሥጽም፤ ማንም አይናቅህ።
08b7cfee-290a-56be-a701-082c1a3e9225,662504d8-9f81-523d-ae27-a5267c40c726,e1e91d51-273d-5ebc-a5eb-9ffa70530594,1,1,ለገዦችና ለባለ ሥልጣኖች የሚገዙና የሚታዘዙ፥ ለበጎ ሥራ ሁሉ የተዘጋጁ፥ ማንንም የማይሰድቡ፥ የማይከራከሩ፥ ገሮች፥ ለሰው ሁሉ የዋህነትን ሁሉ የሚያሳዩ እንዲሆኑ ኣሳስባቸው።
ebfa9b8c-5422-5a87-a899-01ed20148f8e,662504d8-9f81-523d-ae27-a5267c40c726,e1e91d51-273d-5ebc-a5eb-9ffa70530594,2,3,እኛ ደግሞ አስቀድመን የማናስተውል ነበርንና፤ የማንታዘዝ፥ የምንስት፥ ለምኞትና ለልዩ ልዩ ተድላ እንደ ባሪያዎች የምንገዛ፥ በክፋትና በምቀኝነት የምንኖር፥ የምንጣላ፥ እርስ በርሳችን የምንጠላላ ነበርን።
8dba5cde-1314-5352-a7bc-8a0271cba839,662504d8-9f81-523d-ae27-a5267c40c726,e1e91d51-273d-5ebc-a5eb-9ffa70530594,3,4,ነገር ግን የመድኃኒታችን የእግዚአብሔር ቸርነትና ሰውን መውደዱ በተገለጠ ጊዜ፥
383b7079-2f28-524a-a6a1-b27f52e1340e,662504d8-9f81-523d-ae27-a5267c40c726,e1e91d51-273d-5ebc-a5eb-9ffa70530594,4,5,እንደ ምሕረቱ መጠን ለአዲስ ልደት በሚሆነው መታጠብና በመንፈስ ቅዱስ በመታደስ አዳነን እንጂ፥ እኛ ስላደረግነው በጽድቅ ስለ ነበረው ሥራ አይደለም፤
b22252f3-971f-52a2-a2a5-c04d9703f781,662504d8-9f81-523d-ae27-a5267c40c726,e1e91d51-273d-5ebc-a5eb-9ffa70530594,5,6,ያን መንፈስም፥ በጸጋው ጸድቀን በዘላለም ሕይወት ተስፋ ወራሾች እንድንሆን፥ በመድኃኒታችን በኢየሱስ ክርስቶስ በእኛ ላይ አትርፎ አፈሰሰው።
8a54ce03-7a27-51e3-abf0-feb95529d74b,662504d8-9f81-523d-ae27-a5267c40c726,e1e91d51-273d-5ebc-a5eb-9ffa70530594,6,8,ቃሉ የታመነ ነው። እግዚአብሔርንም የሚያምኑት በመልካም ሥራ በጥንቃቄ እንዲጸኑ፥ እነዚህን አስረግጠህ እንድትናገር እፈቅዳለሁ። ይህ መልካምና ለሰዎች የሚጠቅም ነው፤
10881d68-6a0c-55c6-a2e0-661e889d2ccb,662504d8-9f81-523d-ae27-a5267c40c726,e1e91d51-273d-5ebc-a5eb-9ffa70530594,7,9,ነገር ግን ሞኝነት ካለው ምርመራና ከትውልዶች ታሪክ ከክርክርም ስለ ሕግም ከሚሆን ጠብ ራቅ፤ የማይጠቅሙና ከንቱዎች ናቸውና፤
6d028246-f302-5949-a0eb-7538cfd7ca56,662504d8-9f81-523d-ae27-a5267c40c726,e1e91d51-273d-5ebc-a5eb-9ffa70530594,8,10,መለያየትን የሚያነሣ ሰው ጠማማ እንዲሆን በራሱም ላይ ፈርዶ ኀጢአትን እንዲያደርግ አውቀህ፥ አንድ ጊዜ ሁለት ጊዜም ከገሠጽኸው በኋላ እንዲህ ከሚመስል ሰው ራቅ።
bc160e0c-fece-5945-a3af-1c60af0e5c01,662504d8-9f81-523d-ae27-a5267c40c726,334563bd-f9d1-5b50-a344-e38798c8dd7c,1,12,አርጢሞንን ወይም ቲኪቆስን ወደ አንተ ስልክ፥ ወደ ኒቆጵልዮን ወደ እኔ እንድትመጣ ትጋ፤ በዚያ ልከርም ቈርጫለሁና።
7e53f07d-9521-5702-ad62-04f4c384e2a8,662504d8-9f81-523d-ae27-a5267c40c726,334563bd-f9d1-5b50-a344-e38798c8dd7c,2,13,ሕግ አዋቂውን ዜማስንና አጵሎስን ምንም እንዳይጎድልባቸው በጉዞአቸው ተግተህ እርዳ።
2e14449d-8f97-56d3-ac3e-2cbc58158157,662504d8-9f81-523d-ae27-a5267c40c726,334563bd-f9d1-5b50-a344-e38798c8dd7c,3,14,ከወገናችንም ያሉት ደግሞ ፍሬ ቢሶች ሆነው እንዳይቀሩ፥ የግድ ስለሚያስፈልገው ነገር በመልካም ሥራ እንዲጸኑ ይማሩ።
689ebe39-fce3-514b-a040-ff1969aa93e0,662504d8-9f81-523d-ae27-a5267c40c726,334563bd-f9d1-5b50-a344-e38798c8dd7c,4,15,ከእኔ ጋር ያሉት ሁሉ ሰላምታ ያቀርቡልሃል። በእምነት ለሚወዱን ሰላምታ አቅርብልን። ጸጋ ከሁላችሁ ጋር ይሁን፤ አሜን።
de6a21be-a312-5f97-a2a8-202bdd32e6e0,01e89c1c-930a-560e-a418-4507b82885de,6a74f1c1-466b-52cb-a070-c0f517eda3c2,1,1,የክርስቶስ ኢየሱስ እስረኛ ጳውሎስ ወንድሙም ጢሞቴዎስ፥ ለተወደደውና አብሮን ለሚሠራ ለፊልሞና፥
88c92774-0044-5815-a4e0-af356f907681,01e89c1c-930a-560e-a418-4507b82885de,6a74f1c1-466b-52cb-a070-c0f517eda3c2,2,2,ለእኅታችንም ለአፍብያ፥ ከእኛም ጋር አብሮ ወታደር ለሆነ ለአርክጳ፥ በቤትህም ላለች ቤተ ክርስቲያን፤
fc176bce-dbf3-53eb-acf8-5403117ded3a,01e89c1c-930a-560e-a418-4507b82885de,6a74f1c1-466b-52cb-a070-c0f517eda3c2,3,3,ከእግዚአብሔር ከአባታችን ከጌታም ከኢየሱስ ክርስቶስ ጸጋና ሰላም ለእናንተ ይሁን።
cb1298eb-a8be-515b-a5b3-0694483cb427,01e89c1c-930a-560e-a418-4507b82885de,12b4827e-0e9a-5a88-a366-03e5727f8e14,1,4,በጌታ በኢየሱስ ዘንድ በቅዱሳንም ሁሉ ዘንድ ስላለህ ስለ ፍቅርህና ስለ እምነትህ ሰምቼ፥ በጸሎቴ እያሳሰብሁ ሁልጊዜ አምላኬን አመሰግናለሁ፤
f6bfd554-0234-54de-a3e4-9dc7723980d4,01e89c1c-930a-560e-a418-4507b82885de,12b4827e-0e9a-5a88-a366-03e5727f8e14,2,6,የእምነትህም ኅብረት፥ በእኛ ዘንድ ያለውን በጎ ነገር ሁሉ በማወቅ፥ ለክርስቶስ ኢየሱስ ፍሬ እንዲያፈራ እለምናለሁ፤
b43b6ab2-2914-5b60-a22e-7e19a3249a3a,01e89c1c-930a-560e-a418-4507b82885de,12b4827e-0e9a-5a88-a366-03e5727f8e14,3,7,የቅዱሳን ልብ በአንተ ሥራ ስለ ዐረፈ፥ ወንድሜ ሆይ! በፍቅርህ ብዙ ደስታንና መጽናናትን አግኝቼአለሁና።
e27d40f8-87b4-56a7-ac52-8b6f7836d6ed,01e89c1c-930a-560e-a418-4507b82885de,fc6daee1-662b-5e43-a980-d6b262f5274e,1,8,ስለዚህ የሚገባውን አዝህ ዘንድ በክርስቶስ ምንም እንኳ ብዙ ድፍረት ቢኖረኝ፥
bef54742-9397-519c-aeca-d1f1a5f730cf,01e89c1c-930a-560e-a418-4507b82885de,fc6daee1-662b-5e43-a980-d6b262f5274e,2,9,ይልቁንም እንደዚህ የሆንሁ እኔ ጳውሎስ ሽማግሌው፥ አሁንም ደግሞ የኢየሱስ ክርስቶስ እስረኛ የሆንሁ፥ ስለ ፍቅር እለምናለሁ።
75cdc192-11bf-557d-a2c6-adb59e2650fe,01e89c1c-930a-560e-a418-4507b82885de,fc6daee1-662b-5e43-a980-d6b262f5274e,3,10,አስቀድሞ ስላልጠቀመህ፥ አሁን ግን ለእኔም ለአንተም ስለሚጠቅም በእስራቴ ስለ ወለድሁት ስለ ልጄ ስለ አናሲሞስ እለምንሃለሁ።
9e094213-7012-5009-ae14-43147a29343b,01e89c1c-930a-560e-a418-4507b82885de,fc6daee1-662b-5e43-a980-d6b262f5274e,4,12,እርሱን እልከዋለሁ፤ አንተም ልቤ እንደሚሆን ተቀበለው።
c342c263-b9fc-5077-afe9-c912c9daf0ed,01e89c1c-930a-560e-a418-4507b82885de,fc6daee1-662b-5e43-a980-d6b262f5274e,5,13,እኔስ በወንጌል እስራት ስለ አንተ እንዲያገለግለኝ ለራሴ ላስቀረው እፈቅድ ነበር፤
edae21f3-7a8c-564b-a70b-35c853df8c47,01e89c1c-930a-560e-a418-4507b82885de,fc6daee1-662b-5e43-a980-d6b262f5274e,6,14,ነገር ግን በጎነትህ በፈቃድህ እንጂ በግድ እንዳይሆን፥ ሳልማከርህ ምንም እንኳ ላደርግ አልወደድሁም።
c0732eab-62bf-5874-abf0-d6b60a5e15a7,01e89c1c-930a-560e-a418-4507b82885de,fc6daee1-662b-5e43-a980-d6b262f5274e,7,15,ተቀብለህ ለዘላለም እንድትይዘው ስለዚህ ምናልባት ለጊዜው ተለይቶሃልና፤
595f2729-c56e-51a1-a256-144c24f62b87,01e89c1c-930a-560e-a418-4507b82885de,fc6daee1-662b-5e43-a980-d6b262f5274e,8,16,ከእንግዲህ ወዲህ እንደ ባሪያ አይሆንም፤ ነገር ግን ለእኔ በተለየ የተወደደ ወንድም ከሆነ፥ ለአንተማ ይልቅ በሥጋውም በጌታም ዘንድ ከባሪያ የሚሻል የተወደደ ወንድም እንዴት አይሆንም?
fbbb906d-f170-5011-a3d4-d52d4756e44e,01e89c1c-930a-560e-a418-4507b82885de,fc6daee1-662b-5e43-a980-d6b262f5274e,9,17,እንግዲህ እንደ ባልንጀራ ብትቈጥረኝ፥ እንደ እኔ አድርገህ ተቀበለው።
3d0e5f84-da32-5f27-a97d-5585bb60bfe2,01e89c1c-930a-560e-a418-4507b82885de,fc6daee1-662b-5e43-a980-d6b262f5274e,10,18,በአንዳች ነገር የበደለህ ቢኖር ግን ወይም ብድር ያለበት እንደሆነ፥ ይህን በእኔ ላይ ቍጠር፤
0812d584-7b77-5080-a75d-5cf7ffb3d546,01e89c1c-930a-560e-a418-4507b82885de,fc6daee1-662b-5e43-a980-d6b262f5274e,11,19,እኔ ጳውሎስ “እኔ እመልሰዋለሁ፤” ብዬ በእጄ እጽፋለሁ፤ ከዚህም በላይ ለእኔ የራስህ ደግሞ ብድር እንዳለብህ አልልህም።
b747b8c4-bd90-5243-afbf-e2db09add24e,01e89c1c-930a-560e-a418-4507b82885de,fc6daee1-662b-5e43-a980-d6b262f5274e,12,20,አዎን፥ ወንድሜ ሆይ! በጌታ እኔ እንድጠቀምብህ ይሁን፤ በክርስቶስ ልቤን አሳርፍልኝ።
1df205ba-62f5-59e3-a064-3449ef2fe7c7,01e89c1c-930a-560e-a418-4507b82885de,fc6daee1-662b-5e43-a980-d6b262f5274e,13,21,ከምልህ ይልቅ አብልጠህ እንድታደርግ አውቄ እንድትታዘዝም ታምኜ እጽፍልሃለሁ።
3948d3aa-771b-5975-ae8b-32dd59a1ce5e,01e89c1c-930a-560e-a418-4507b82885de,fc6daee1-662b-5e43-a980-d6b262f5274e,14,22,ደግሞ ከዚህም ጋር የማስተናገጃ ቤት አዘጋጅልኝ፤ በጸሎታችሁ ለእናንተ እንድሰጥ ተስፋ አደርጋለሁና።
f93f8586-0402-57b4-aaca-e8ed0e450980,01e89c1c-930a-560e-a418-4507b82885de,ea79a6bc-0389-5a03-ab99-b195532fa5e1,1,23,በክርስቶስ ኢየሱስ ከእኔ ጋር የታሰረ ኤጳፍራ
e9cb25b2-9ce6-582a-a62c-aacfdfd3788c,01e89c1c-930a-560e-a418-4507b82885de,ea79a6bc-0389-5a03-ab99-b195532fa5e1,2,24,አብረውኝም የሚሠሩ ማርቆስና አርስጥሮኮስ ዴማስም ሉቃስም ሰላምታ ያቀርቡልሃል።
d95df626-7ecc-5fdf-a035-baeb95072d95,01e89c1c-930a-560e-a418-4507b82885de,ea79a6bc-0389-5a03-ab99-b195532fa5e1,3,25,የጌታችን የኢሱስ ክርስቶስ ጸጋ ከመንፈሳችሁ ጋር ይሁን፤ አሜን።
dc5da21f-5e9b-50a0-ae51-7eb4404b7c2d,ca9c0b49-8a51-5643-a72b-6ebe5f2cd347,583b2f6c-dd5c-55dc-a9ea-8e22b9f101b0,1,1,ከጥንት ጀምሮ እግዚአብሔር በብዙ ዐይነትና በብዙ ጎዳና ለአባቶቻችን በነቢያት ተናገረ።
c3c062e2-eb18-5188-a4ee-68f6c2bba2ed,ca9c0b49-8a51-5643-a72b-6ebe5f2cd347,583b2f6c-dd5c-55dc-a9ea-8e22b9f101b0,2,2,በኋላ ዘመን ግን ሁሉን ወራሽ ባደረገው፥ ሁሉንም በፈጠረበት በልጁ ነገረን።
5eae8db2-3f0c-5747-aaba-956625bc8a96,ca9c0b49-8a51-5643-a72b-6ebe5f2cd347,583b2f6c-dd5c-55dc-a9ea-8e22b9f101b0,3,3,እርሱም የክብሩ መንጸባረቅና የመልኩ ምሳሌ ሆኖ፥ ሁሉን በሥልጣኑ ቃል እየደገፈ ኀጢአታችንን በራሱ ካነጻ በኋላ፥ በሰማያት በግርማው ቀኝ ተቀመጠ።
dc785dad-618d-5bc6-a930-d1f6080fbe78,ca9c0b49-8a51-5643-a72b-6ebe5f2cd347,583b2f6c-dd5c-55dc-a9ea-8e22b9f101b0,4,4,በዚህን ያህል መብለጥ ከመላእክት በላይ ሆኖ ከስማቸው የሚበልጥና የሚከብር ስምን ወረሰ።
3bf84d8c-927d-5587-a666-b1a9a2f8b3d0,ca9c0b49-8a51-5643-a72b-6ebe5f2cd347,583b2f6c-dd5c-55dc-a9ea-8e22b9f101b0,5,5,ከመላእክትስ ከሆነ ጀምሮ፥ “አንተ ልጄ ነህ፥ እኔ ዛሬ ወለድሁህ” ዳግመኛም፥ “እኔ አባት እሆነዋለሁ እርሱም ልጄ ይሆነኛል” ያለው ከቶ ለማን ነው?
a4c2af8d-8adf-5def-a5b7-28bb7c8f91e3,ca9c0b49-8a51-5643-a72b-6ebe5f2cd347,583b2f6c-dd5c-55dc-a9ea-8e22b9f101b0,6,6,ዳግመኛም በኵርን ወደ ዓለም በላከው ጊዜ “የእግዚአብሔር መላእክት ሁሉ ይሰግዱለታል” አለ።
bb1fcf40-3f00-5f00-a232-65680f419ba3,ca9c0b49-8a51-5643-a72b-6ebe5f2cd347,583b2f6c-dd5c-55dc-a9ea-8e22b9f101b0,7,7,ስለ መላእክቱም፥ “መላእክቱን ነፋሳት፥ የሚላኩትንም የእሳት ነበልባል የሚያደርጋቸው እርሱ ነው” አለ።
10ae6335-210b-5f46-a92d-3f523d72109b,ca9c0b49-8a51-5643-a72b-6ebe5f2cd347,583b2f6c-dd5c-55dc-a9ea-8e22b9f101b0,8,8,ስለ ልጁ ግን፥ “ጌታ ሆይ፥ ዙፋንህ ለዘለዓለም ነው፤ የመንግሥትህ በትርም የጽድቅ በትር ነው” አለ።
205fb660-afb4-5f0b-aed3-1048df542640,ca9c0b49-8a51-5643-a72b-6ebe5f2cd347,583b2f6c-dd5c-55dc-a9ea-8e22b9f101b0,9,9,“ጽድቅን ወደድህ፤ ዐመፃንም ጠላህ፤ ስለዚህም እግዚአብሔር አምላክህ እንዳንተ ካሉት ይልቅ የሚበልጥ የደስታ ዘይትን ቀባህ።”
f89981c2-44f6-51d9-a410-ebe9f573a1e2,ca9c0b49-8a51-5643-a72b-6ebe5f2cd347,583b2f6c-dd5c-55dc-a9ea-8e22b9f101b0,10,10,ዳግመኛም እንዲህ አለ፥ “አቤቱ አንተ አስቀድሞ ምድርን መሠረትህ፤ ሰማያትም የእጆችህ ሥራ ናቸው።
e65429fa-f974-520d-a4c5-4d051d118077,ca9c0b49-8a51-5643-a72b-6ebe5f2cd347,583b2f6c-dd5c-55dc-a9ea-8e22b9f101b0,11,11,እነርሱ ያልፋሉ፤ አንተ ግን ትኖራለህ፤ ሁሉ እንደ ልብስ ያረጃል፤
1aea7360-debb-51bc-aeab-07ffc34287b8,ca9c0b49-8a51-5643-a72b-6ebe5f2cd347,583b2f6c-dd5c-55dc-a9ea-8e22b9f101b0,12,12,እንደ መጋረጃም ትጠቀልላቸዋለህ፤ ይለወጣሉም፤ አንተ ግን መቼም መች አንተ ነህ፤ ዘመንህም የማይፈጸም ነው።”
2e798f04-d18b-5cbb-a8da-52819be5db66,ca9c0b49-8a51-5643-a72b-6ebe5f2cd347,583b2f6c-dd5c-55dc-a9ea-8e22b9f101b0,13,13,ከሆነ ጀምሮ ከመላእክት፥ “ጠላቶችህን ከእግርህ ጫማ በታች እስከ አደርግልህ ድረስ በቀኜ ተቀመጥ” ማንን አለው?
ddce01d6-5982-5dc9-a79b-8362bf01dab8,ca9c0b49-8a51-5643-a72b-6ebe5f2cd347,583b2f6c-dd5c-55dc-a9ea-8e22b9f101b0,14,14,መላእክት ሁሉ መናፍስት አይደሉምን? የዘለዓለም ሕይወትን ይወርሱ ዘንድ ስለ አላቸው ሰዎችስ ለአገልግሎት ይላኩ የለምን?
2857a2c9-80f5-5d95-a872-4d45f84d01dd,44077b7d-1adc-5cc8-aee1-1f7280627609,26c74f73-f6a3-5c90-a9bb-ead4c66724d7,1,1,ስለዚህም ከሰማነው ነገር ምንአልባት እንዳንወሰድ ለእርሱ አብዝተን ልንጠነቀቅ ይገባናል።
b8985334-462e-5d4d-aef4-fc9990cb37bd,44077b7d-1adc-5cc8-aee1-1f7280627609,26c74f73-f6a3-5c90-a9bb-ead4c66724d7,2,2,በመላእክት የተነገረው ቃል ጽኑ ከሆነ፥ መተላለፍና አለመታዘዝም ሁሉ የጽድቅን ብድራት ከተቀበለ፥
bf2da579-225a-5514-aa1c-20970d52f321,44077b7d-1adc-5cc8-aee1-1f7280627609,26c74f73-f6a3-5c90-a9bb-ead4c66724d7,3,3,እኛስ እንዲህ ያለውን ታላቅ መዳን ቸል ብንለው እንዴት እናመልጣለን? ይህ በጌታ በመጀመሪያ የተነገረ ነበረና የሰሙትም ለእኛ አጸኑት።
71aa081b-c291-5eda-a861-75792ae95616,44077b7d-1adc-5cc8-aee1-1f7280627609,26c74f73-f6a3-5c90-a9bb-ead4c66724d7,4,4,እግዚአብሔርም እንደ ራሱ ፈቃድ የመንፈስ ቅዱስን ጸጋ በመስጠት፥ በምልክትና በድንቅ ነገር፥ በልዩ ልዩ ተአምራትም መሰከረላቸው፤ ነገራቸውንም አስረዳላቸው።
6081e0a4-4b02-5b63-ac9c-69ba00cc2bb0,44077b7d-1adc-5cc8-aee1-1f7280627609,26c74f73-f6a3-5c90-a9bb-ead4c66724d7,5,5,ስለ እርሱ የምንናገርለትን የሚመጣውን ዓለም ለመላእክት ያስገዛ አይደለም።
257bfadd-9a59-5ecf-a7b8-e0089b2740ad,44077b7d-1adc-5cc8-aee1-1f7280627609,26c74f73-f6a3-5c90-a9bb-ead4c66724d7,6,6,ነገር ግን መጽሐፍ እንዲህ ብሎ የመሰከረበት ስፍራ አለ፤ “ታስበው ዘንድ ሰው ምንድን ነው? ትጐበኘውስ ዘንድ የሰው ልጅ ምንድን ነው?
55c5d631-9b72-51b8-a400-42ec0f8e8999,44077b7d-1adc-5cc8-aee1-1f7280627609,26c74f73-f6a3-5c90-a9bb-ead4c66724d7,7,7,ከመላእክትህ ጥቂት አሳነስኸው፤ የክብርና የምስጋና ዘውድንም ጫንህለት፤ በእጆችህም ሥራ ሁሉ ላይ ሾምኸው።
fd38be8b-73e7-5948-a177-a75f222d022f,44077b7d-1adc-5cc8-aee1-1f7280627609,26c74f73-f6a3-5c90-a9bb-ead4c66724d7,8,8,ሁሉንም ከእግሩ በታች አድርገህ አስገዛህለት።” ሁሉን ለእርሱ ባስገዛለት ጊዜም የተወውና ያላስገዛለት የለም፤ አሁን ግን ሁሉን እንዳስገዛለት አናይም።
7f099e7f-c12c-58f3-aaba-1ad11aba8558,44077b7d-1adc-5cc8-aee1-1f7280627609,26c74f73-f6a3-5c90-a9bb-ead4c66724d7,9,9,ነገር ግን በእግዚአብሔር ጸጋ ስለ ሰው ሁሉ ሞትን ይቀምስ ዘንድ ከመላእክት ይልቅ በጥቂት አንሶ የነበረውን ኢየሱስን ከሞት መከራ የተነሣ የክብርና የምስጋናን ዘውድ ጭኖ እናየዋለን።
3bb2c8be-ab91-5067-a930-5bedd4c6f8c7,44077b7d-1adc-5cc8-aee1-1f7280627609,26c74f73-f6a3-5c90-a9bb-ead4c66724d7,10,10,ብዙ ልጆችን ወደ ክብር ሲያመጣ የመዳናቸውን ራስ በመከራ ይፈጽም ዘንድ ከእርሱ የተነሣ ሁሉ በእጁ ለተያዘ፥ በእርሱም ሁሉ ለሆነ ለእርሱ ተገብቶታልና።
99d88315-d83a-56c6-a89b-c91855914c50,44077b7d-1adc-5cc8-aee1-1f7280627609,26c74f73-f6a3-5c90-a9bb-ead4c66724d7,11,11,እነርሱን የቀደሳቸው እርሱ፥ የተቀደሱት እነርሱም ሁሉም በአንድነት ከአንዱ ናቸውና። ስለዚህም እነርሱን፥ “ወንድሞች” ማለትን አያፍርም።
4ca0a258-f378-5dcd-aca6-e578c7c02a62,44077b7d-1adc-5cc8-aee1-1f7280627609,26c74f73-f6a3-5c90-a9bb-ead4c66724d7,12,12,“ስምህን ለወንድሞች እነግራቸዋለሁ፤ በማኅበር መካከልም አመሰግንሃለሁ” አለ።
bdfaa46d-74ae-59f9-a4c6-8466c1d138fc,44077b7d-1adc-5cc8-aee1-1f7280627609,26c74f73-f6a3-5c90-a9bb-ead4c66724d7,13,13,ዳግመኛም፥ “እኔና እግዚአብሔር የሰጠኝ ልጆች እነሆ፥” አለ፤ ዳግመኛም፥ “እኔ እታመንበታለሁ” አለ።
5968294c-b95e-5b76-a604-1cae65e02a6c,44077b7d-1adc-5cc8-aee1-1f7280627609,26c74f73-f6a3-5c90-a9bb-ead4c66724d7,14,14,ልጆች በሥጋና በደም አንድ ናቸውና፤ እርሱ ደግሞ በዚህ ከእነርሱ ጋር አንድ ሆነ፤ ለእነርሱም እንደ ወንድም ሆነላቸው፤ መልአከ ሞትን በሞቱ ይሽረው ዘንድ፥ ይኸውም ሰይጣን ነው።
c6b820c9-4fa3-5bb6-a87f-d6d250a65df6,44077b7d-1adc-5cc8-aee1-1f7280627609,26c74f73-f6a3-5c90-a9bb-ead4c66724d7,15,15,በሕይወት ዘመናቸው ሁሉ ሞትን በመፍራት የተቀጡትን፥ ለባርነት የተገዙትንም ሁሉ ያሳርፋቸው ዘንድ።
204bccc6-5965-5f40-a659-68340f7f3f95,44077b7d-1adc-5cc8-aee1-1f7280627609,26c74f73-f6a3-5c90-a9bb-ead4c66724d7,16,16,የነሣውን ከአብርሃም ዘር እንጂ ከመላእክት የነሣው አይደለምና።
c390a6c9-7ebb-54b9-a2fa-07c6e280349e,44077b7d-1adc-5cc8-aee1-1f7280627609,26c74f73-f6a3-5c90-a9bb-ead4c66724d7,17,17,ስለዚህም የሕዝብን ኀጢአት ለማስተስረይ ለእግዚአብሔር በሆነው ነገር ሁሉ የሚምርና የታመነ ሊቀ ካህናት እንዲሆን በነገር ሁሉ ወንድሞቹን ሊመስል ተገባው።
776d5498-44b0-50fd-a13c-f46aa2a855a6,44077b7d-1adc-5cc8-aee1-1f7280627609,26c74f73-f6a3-5c90-a9bb-ead4c66724d7,18,18,እርሱ ራሱ ተፈትኖ መከራን ስለ ተቀበለ የሚፈተኑትን ሊረዳቸው ይችላልና።
7c895680-6d5d-57bc-a553-b9346142a6f8,9ea1e6df-64f2-5a22-a074-edc174e93ab7,997c47ab-1336-55f3-addb-b58d22ac3518,1,1,አሁንም ከሰማያዊ ጥሪ ተካፋዮች የሆናችሁ ቅዱሳን ወንድሞቻችን ሆይ፥ የሃይማኖታችንን ሐዋርያና ሊቀ ካህናት ኢየሱስ ክርስቶስን ተመልከቱ።
5539b1ce-c447-53a6-a3fe-e9e5796589a5,9ea1e6df-64f2-5a22-a074-edc174e93ab7,997c47ab-1336-55f3-addb-b58d22ac3518,2,2,ሙሴ ደግሞ በቤቱ ሁሉ የታመነ እንደ ሆነ፥ እርሱ ለላከው የታመነ እውነተኛ ነው።
0faadec7-3db5-5a8e-ac76-78dcbb3546c3,9ea1e6df-64f2-5a22-a074-edc174e93ab7,997c47ab-1336-55f3-addb-b58d22ac3518,3,3,ነገር ግን የባለቤት ክብሩ ከቤቱ እንደሚበልጥ፥ ክብሩ ከሙሴ ክብር ይልቅ እጅግ ይበልጣል፤
ccec585d-caac-502f-a808-7450bde54758,9ea1e6df-64f2-5a22-a074-edc174e93ab7,997c47ab-1336-55f3-addb-b58d22ac3518,4,4,ቤትን ሁሉ ሰው ይሠራዋልና፤ ለሁሉ ግን ሠሪው እግዚአብሔር ነው።
0f2855d6-0a81-5a3a-adbc-38682154e603,9ea1e6df-64f2-5a22-a074-edc174e93ab7,997c47ab-1336-55f3-addb-b58d22ac3518,5,5,ሙሴስ በኋላ ስለሚነገረው ነገር ምስክር ሊሆን በቤቱ ሁሉ እንደ ሎሌ የታመነ ነበረ።
a2491ffc-91cf-57aa-acfc-d6a4a3d0aae2,9ea1e6df-64f2-5a22-a074-edc174e93ab7,997c47ab-1336-55f3-addb-b58d22ac3518,6,6,ክርስቶስ ግን እንደ ልጅ በቤቱ ላይ የታመነ ነው፤ እኛም የምንደፍርበትን፥ የምንመካበትንም ተስፋ እስከ መጨረሻው አጽንተን ብንጠብቅ ቤቱ ነን።
edcae1d9-8f4c-59ef-a1ef-b3784155ad27,9ea1e6df-64f2-5a22-a074-edc174e93ab7,997c47ab-1336-55f3-addb-b58d22ac3518,7,7,መንፈስ ቅዱስ እንዲህ ብሎአልና፥ “ዛሬ ቃሉን ብትሰሙ ልባችሁን አታጽኑ።
28bc49cd-2f17-5c57-a590-2c983697ecc5,9ea1e6df-64f2-5a22-a074-edc174e93ab7,997c47ab-1336-55f3-addb-b58d22ac3518,8,8,በምድረ በዳ በተፈታተኑበት ቀን እንደ አሳዘኑት ጊዜ።
61cc5702-f8cc-5cf0-a191-ce451eead4d6,9ea1e6df-64f2-5a22-a074-edc174e93ab7,997c47ab-1336-55f3-addb-b58d22ac3518,9,9,የተፈታተኑኝ አባቶቻችሁ ፈተኑኝ፤ አርባ ዘመንም ሥራዬን አዩ።
be977ed1-a304-5443-a9de-d5dd749b87b4,9ea1e6df-64f2-5a22-a074-edc174e93ab7,997c47ab-1336-55f3-addb-b58d22ac3518,10,10,ስለዚህ ይህቺን ትውልድ ተቈጣኋት፤ እንዲህም አልሁ፦ ‘ልባቸው ዘወትር ይስታል፤ እነርሱ ግን መንገዴን አላወቁም።’
8556e5d0-b24c-5391-a612-96cd583ec1bc,9ea1e6df-64f2-5a22-a074-edc174e93ab7,997c47ab-1336-55f3-addb-b58d22ac3518,11,11,ወደ ዕረፍቴ አይገቡም ብዬ በቍጣዬ ማልሁ።”
b529d1ad-b4b5-58b9-af18-a3fbc246ccdd,9ea1e6df-64f2-5a22-a074-edc174e93ab7,997c47ab-1336-55f3-addb-b58d22ac3518,12,12,ወንድሞቻችን ሆይ፥ እንግዲህ ዕወቁ፤ ከእናንተ ባንዱ ላይ ስንኳ ሃይማኖት የጐደለውና ተጠራጣሪ፥ ከሕያው እግዚአብሔር የሚለያችሁ ክፉ ልብ አይኑር።
62db68c4-85b9-55f8-a399-386982f53872,9ea1e6df-64f2-5a22-a074-edc174e93ab7,997c47ab-1336-55f3-addb-b58d22ac3518,13,13,ዛሬ የሚባለው ቀን ሳለ ከእናንተ ማንም ቢሆን ወደ ኀጢአት በሚያደርስ ስሕተት እንዳይጸና ሁልጊዜ ሰውነታችሁን መርምሩ።
44be38cb-80f7-5a00-a265-3da1905dbf5e,9ea1e6df-64f2-5a22-a074-edc174e93ab7,997c47ab-1336-55f3-addb-b58d22ac3518,14,14,በዚች ጽድቅ እስከ መጨረሻ የቀደመውን ሥርዐታችንን አጽንተን ከጠበቅን ከክርስቶስ ጋር አንድ ሁነናልና።
c9835526-2429-5a35-ad6e-a4e8484c7451,9ea1e6df-64f2-5a22-a074-edc174e93ab7,997c47ab-1336-55f3-addb-b58d22ac3518,15,15,“ዛሬ ቃሉን ብትሰሙ እነዚያ እንደ አሳዘኑት ጊዜ ልባችሁን አታጽኑ” ብሎአልና።
b2b87ba0-65c1-56ee-a85c-a0d2b6e4e806,9ea1e6df-64f2-5a22-a074-edc174e93ab7,997c47ab-1336-55f3-addb-b58d22ac3518,16,16,ሰምተው ያሳዘኑትስ እነማን ናቸው? በሙሴ እጅ ከግብፅ የወጡት ሁሉ አይደሉምን?
ba41a44c-74d1-5088-a78e-a3e8df719e2a,9ea1e6df-64f2-5a22-a074-edc174e93ab7,997c47ab-1336-55f3-addb-b58d22ac3518,17,17,አርባ ዘመን የተቈጣቸውስ እነማን ነበሩ? የበደሉ፥ ሬሳቸውም በምድረ በዳ የወደቀው አይደሉምን?
ddcf2b76-d02b-5afb-a97b-53db48ec39b3,9ea1e6df-64f2-5a22-a074-edc174e93ab7,997c47ab-1336-55f3-addb-b58d22ac3518,18,18,ከካዱት በቀር ወደ ዕረፍቱ እንዳይገቡ በማን ላይ ማለ?
0eabc8f9-daff-5fde-a1a0-ee20bbeb957c,9ea1e6df-64f2-5a22-a074-edc174e93ab7,997c47ab-1336-55f3-addb-b58d22ac3518,19,19,አላመኑምና፥ ለመግባት እንዳልቻሉ እነሆ፥ እናያለን።
4ddea778-15f8-593d-a45e-66fd023e65a5,6a4e0169-e84b-50cc-a912-396047950f6c,c31a88dd-782f-591e-a2c8-f157227d7e5f,1,1,እንግዲህ አንፍራ፤ ወደ ዕረፍቱም እንድንገባ ትእዛዙን አንተው፤ ከእናንተም ምንአልባት በተለመደ ስሕተት የሚገኝና የሚጸና ቢኖር ወደ ዕረፍቱ እንዲገባ የሚተዉት አይምሰለው።
aa5bda53-7747-566a-ab7b-1810088a7484,6a4e0169-e84b-50cc-a912-396047950f6c,c31a88dd-782f-591e-a2c8-f157227d7e5f,2,2,ለእነዚያ ደግሞ እንደ ተነገረ ለእኛም የምሥራች ተሰብኮልናል፤ ነገር ግን የሰሙት ቃል ከሰሚዎቹ ጋር በእምነት ስላልተዋሐደ አልጠቀማቸውም።
42d1b472-8a7f-5032-a6a5-31974d1df3f6,6a4e0169-e84b-50cc-a912-396047950f6c,c31a88dd-782f-591e-a2c8-f157227d7e5f,3,3,ሥራዉ ዓለም ከተፈጠረ ጀምሮ ምንም እንኳ ቢፈጸም፥ “እንግዲህ ወደ ዕረፍቴ አይገቡም ብዬ በቍጣዬ ማልሁ” እንዳለ እኛስ ያመንን ወደ ዕረፍቱ እንገባለን።
169370e3-a09b-582b-a481-88e1d5b37dc3,6a4e0169-e84b-50cc-a912-396047950f6c,c31a88dd-782f-591e-a2c8-f157227d7e5f,4,4,ስለ ሰባተኛውም ቀን፥ “እግዚአብሔር በሰባተኛው ቀን ከሥራው ሁሉ ዐረፈ” ብሎአልና።
cf6b4ed0-6d3e-500c-a442-f510eabc2c40,6a4e0169-e84b-50cc-a912-396047950f6c,c31a88dd-782f-591e-a2c8-f157227d7e5f,5,5,ዳግመኛም፥ “ወደ ዕረፍቴ አይገቡም” ብሎአል።
515ad20d-f057-5d89-aead-4c6c5af0d3dd,6a4e0169-e84b-50cc-a912-396047950f6c,c31a88dd-782f-591e-a2c8-f157227d7e5f,6,6,እንግዲህ አንዳንዶች በዚያ እንዲገቡ መንገድ ስለ ነበራቸው ቀድሞም የምሥራች የተሰበከላቸው ባለ መታዘዝ ጠንቅ ስላልገቡ፦
85861dc0-d0df-5977-a80a-cfadb009f64e,6a4e0169-e84b-50cc-a912-396047950f6c,c31a88dd-782f-591e-a2c8-f157227d7e5f,7,7,“ዛሬ ቃሉን ብትሰሙት ልባችሁን እልከኛ አታድርጉ፤” በፊት እንደ ተባለ ይህን ከሚያህል ዘመን በኋላ በዳዊት ሲናገር፥ “ዛሬ” ብሎ አንድ ቀን እንደ ገና ይቀጥራል።
7c4da6af-6dec-59a2-a730-05c8da6f6ffd,6a4e0169-e84b-50cc-a912-396047950f6c,c31a88dd-782f-591e-a2c8-f157227d7e5f,8,8,ኢያሱ አሳርፎአቸው ቢሆን ኖሮስ፥ ከብዙ ዘመን በኋላ ስለ ሌላ ቀን ባልተናገረም ነበር።
05ff21da-d9a5-5b94-a67b-5c04e544a9ca,6a4e0169-e84b-50cc-a912-396047950f6c,c31a88dd-782f-591e-a2c8-f157227d7e5f,9,9,እንኪያስ የእግዚአብሔር ሕዝብ የሚገቡበት ጸንቶ የሚኖር ዕረፍት እንዳለ ታወቀ።
a8f69aaf-11e9-5b56-a9b1-7e568df96afa,6a4e0169-e84b-50cc-a912-396047950f6c,c31a88dd-782f-591e-a2c8-f157227d7e5f,10,10,ወደ ዕረፍቱ የገባስ እግዚአብሔር ከሥራው እንደ ዐረፈ፥ እነሆ፥ እርሱ ከሥራው ሁሉ ዐረፈ።
dbec90c0-2a97-5a9f-afd8-52d63478aae8,6a4e0169-e84b-50cc-a912-396047950f6c,c31a88dd-782f-591e-a2c8-f157227d7e5f,11,11,እንግዲህ እንደ እነዚያ እንደ ካዱት እንዳንወድቅ፥ ወደ ዕረፍቱ እንገባ ዘንድ እንፋጠን።
451ac063-45b5-59ce-a9d5-c44332732870,6a4e0169-e84b-50cc-a912-396047950f6c,c31a88dd-782f-591e-a2c8-f157227d7e5f,12,12,የእግዚአብሔር ቃል ሕያው ነውና፤ የሚሠራም ሁለት ልሳን ካለው ሰይፍም ሁሉ ይልቅ የተሳለ ነው፤ ነፍስንና መንፈስንም፥ ጅማትንና ቅልጥምንም እስኪለይ ድረስ ይወጋል፤ የልብንም ስሜትና አሳብ ይመረምራል።
5d0c411c-aa7e-5d16-ad26-d8b0230da05a,6a4e0169-e84b-50cc-a912-396047950f6c,c31a88dd-782f-591e-a2c8-f157227d7e5f,13,13,እኛን በሚቈጣጠር በእርሱ በዐይኖቹ ፊት ሁሉ ነገር የተራቈተና የተገለጠ ነው እንጂ በእርሱ ፊት የተሰወረ ፍጥረት የለም።
5d35617f-d399-59c0-aea7-eebb27754630,6a4e0169-e84b-50cc-a912-396047950f6c,27457083-966f-55ba-ac06-1e75d7058bc3,1,14,እንግዲህ ወደ ሰማያት የወጣ ታላቅ ሊቀ ካህናት የእግዚአብሔር ልጅ ኢየሱስ ክርስቶስ አለን፤ በእርሱ በማመን ጸንተን እንኑር።
b7d56922-0de7-576d-aa84-ada37556eb7d,6a4e0169-e84b-50cc-a912-396047950f6c,27457083-966f-55ba-ac06-1e75d7058bc3,2,15,ሊቀ ካህናታችን ለድካማችን መከራ መቀበልን የማይችል አይደለምና፤ ነገር ግን ከብቻዋ ከኀጢአት በቀር እኛን በመሰለበት ሁሉ የተፈተነ ነው።
77cb7350-0c2a-5d4d-a0d6-e903a4d66f14,6a4e0169-e84b-50cc-a912-396047950f6c,27457083-966f-55ba-ac06-1e75d7058bc3,3,16,እንግዲህ ምሕረትን እንድንቀበል፥ በሚያስፈልገንም ጊዜ የሚረዳንን ጸጋ እንድናገኝ፥ ወደ ጸጋው ዙፋን በእምነት እንቅረብ።
cd375e45-2891-5546-aea8-8ed81171e10b,f7e54ac1-24bd-5bff-ad63-9bfc2d63b012,16bfd4a9-1a22-5ca4-aebc-279f2a35a6cb,1,1,ሊቀ ካህናት ሁሉ ስለ ኀጢአት መባንና መሥዋዕትን ሊያቀርብ ከሰው ተመርጦ ለእግዚአብሔር በሆነው ነገር ሁሉ ስለ ሰው ይሾማልና።
000b5672-3d96-55b6-aad9-80e9c5c2ce17,f7e54ac1-24bd-5bff-ad63-9bfc2d63b012,16bfd4a9-1a22-5ca4-aebc-279f2a35a6cb,2,2,እርሱ ራሱም ደካማ ነውና ባለማወቃቸው ከሳቱ ሰዎች ጋር መከራን ሊቀበል ይችላል።
95c5badd-f74f-5a54-a4b6-e42469513c2e,f7e54ac1-24bd-5bff-ad63-9bfc2d63b012,16bfd4a9-1a22-5ca4-aebc-279f2a35a6cb,3,3,በዚህም ምክንያት ስለ ሕዝብ እንደሚያቀርብ እንዲሁ ስለ ራሱ ደግሞ መሥዋዕትን ስለ ኀጢአት ማቅረብ ይገባዋል።
4cac122b-9247-5f9c-ae67-438bd82f1f84,f7e54ac1-24bd-5bff-ad63-9bfc2d63b012,16bfd4a9-1a22-5ca4-aebc-279f2a35a6cb,4,4,እንደ አሮንም በእግዚአብሔር ከተጠራ በቀር፥ ማንም ለራሱ ክብርን የሚወስድ የለም።
bb83bbb6-239c-556c-ab38-76041536bd34,f7e54ac1-24bd-5bff-ad63-9bfc2d63b012,16bfd4a9-1a22-5ca4-aebc-279f2a35a6cb,5,5,እንዲሁ ክርስቶስም ሊቀ ካህናት ይሆን ዘንድ ራሱን ያከበረ አይደለም፤ ነገር ግን፥ “አንተ ልጄ ነህ፥ እኔም ዛሬ ወለድሁህ” ያለው እርሱ ራሱ ነው።
d1958415-fd3b-5b56-a7f9-c083f629390b,f7e54ac1-24bd-5bff-ad63-9bfc2d63b012,16bfd4a9-1a22-5ca4-aebc-279f2a35a6cb,6,6,ዳግመኛም፥ “እንደ መልከ ጼዴቅ ሹመት የዘለዓለም ካህን አንተ ነህ” ይላል።
ab958c0a-19da-5305-a870-6de34a9d7c04,f7e54ac1-24bd-5bff-ad63-9bfc2d63b012,16bfd4a9-1a22-5ca4-aebc-279f2a35a6cb,7,7,እርሱም ሥጋ ለብሶ በዚህ ዓለም በነበረበት ጊዜ፥ በታላቅ ጩኸትና እንባ ከሞት ሊያድነው ወደሚችለው ጸሎትንና ምልጃን አቀረበ፤ ጽድቁንም ሰማው።
a6f14924-45ed-5f72-a140-63e0d2a2c4ec,f7e54ac1-24bd-5bff-ad63-9bfc2d63b012,16bfd4a9-1a22-5ca4-aebc-279f2a35a6cb,8,8,ልጅም ቢሆን መከራን ስለ ተቀበለ መታዘዝን ዐወቀ።
07a6329c-27b2-53e3-a950-a2fafa7aa0d0,f7e54ac1-24bd-5bff-ad63-9bfc2d63b012,16bfd4a9-1a22-5ca4-aebc-279f2a35a6cb,9,9,ከተፈጸመም በኋላ ለሚታዘዝለት ሁሉ ሕይወትን የሚሰጥ የዘለዓለም መድኅን ሆነ።
cffb6c38-43e9-581b-a262-61a3b9f9d598,f7e54ac1-24bd-5bff-ad63-9bfc2d63b012,16bfd4a9-1a22-5ca4-aebc-279f2a35a6cb,10,10,እግዚአብሔርም እንደ መልከ ጼዴቅ ሹመት የዘለዓለም ሊቀ ካህናት አለው።
360343e3-2344-56b3-ad4f-b3ecca65b804,f7e54ac1-24bd-5bff-ad63-9bfc2d63b012,16bfd4a9-1a22-5ca4-aebc-279f2a35a6cb,11,11,ስለ እርሱም የምንናገረው ብዙ ነገር አለን፤ ጆሮዎቻችሁም ስለ ፈዘዙ በቃል ልንተረጕመው ጭንቅ ነው።
7751e76b-954d-5cee-a4aa-68d74ea4130f,f7e54ac1-24bd-5bff-ad63-9bfc2d63b012,16bfd4a9-1a22-5ca4-aebc-279f2a35a6cb,12,12,መምህራን ልትሆኑ ሲገባችሁ፥ ካመናችሁ ጀምሮ በትምህርት ላይ የቈያችሁ ስለ ሆነ፥ እስከ ዛሬም ገና የእግዚአብሔርን የቃሉን መጀመሪያ ትምህርት ሊያስተምሩአችሁ ትወዳላችሁ፤ ወተትንም ሊግቱአችሁ ትሻላችሁ፤ ጽኑ ምግብንም አይደለም።
db050eb8-3978-552c-a8a0-febd4a6a3528,f7e54ac1-24bd-5bff-ad63-9bfc2d63b012,16bfd4a9-1a22-5ca4-aebc-279f2a35a6cb,13,13,ወተትን የሚጋት ሁሉ ሕፃን ስለሆነ፥ የጽድቅን ቃል ሊያውቅ አይሻም።
3439badf-6a20-5477-aae7-c1b65ce91433,f7e54ac1-24bd-5bff-ad63-9bfc2d63b012,16bfd4a9-1a22-5ca4-aebc-279f2a35a6cb,14,14,ጠንካራ ምግብ ግን መልካሙንና ክፉዉን ለመለየት በሥራቸው የለመደ ልቡና ላላቸው ለፍጹማን ሰዎች ነው።
1d1e5319-da4e-58a0-a814-5cf51ab0711b,ed780740-0963-51c2-a9e8-4fc4cd5229c2,100e10bc-af56-5224-afd5-a727b2fecea2,1,1,ስለዚህም የክርስቶስን የነገሩን መጀመሪያ ትተን ወደ ፍጻሜው እንሂድ፤ እንግዲህ ደግሞ ሌላ መሠረት እንዳትሹ ዕወቁ፤ ይኸውም ከሞት ሥራ ለመመለስ፥ በእግዚአብሔርም ለማመን፥
3d92975d-c547-5872-ab20-7cedd84e6d78,ed780740-0963-51c2-a9e8-4fc4cd5229c2,100e10bc-af56-5224-afd5-a727b2fecea2,2,2,ጥምቀትን፥ በአንብሮተ እድ መሾምን፥ የሙታንን ትንሣኤና የዘለዓለም ፍርድን ለመማር ነው።
c303498c-d539-54bf-acb6-a7c7ec6d1c2f,ed780740-0963-51c2-a9e8-4fc4cd5229c2,100e10bc-af56-5224-afd5-a727b2fecea2,3,3,እግዚአብሔርም ቢፈቅድ ይህን ባደረግን ነበር።
a894ed17-5746-5099-a800-46a683d03789,ed780740-0963-51c2-a9e8-4fc4cd5229c2,100e10bc-af56-5224-afd5-a727b2fecea2,4,4,ነገር ግን አንድ ጊዜ ብርሃን የበራላቸውን፥ ሰማያዊውንም ስጦታ የቀመሱትን፥ ከመንፈስ ቅዱስም ተካፋዮች ሆነው የነበሩትን፥
35e7203b-e2d6-57b0-ae36-27b11e58c8f8,ed780740-0963-51c2-a9e8-4fc4cd5229c2,100e10bc-af56-5224-afd5-a727b2fecea2,5,5,መልካሙን የእግዚአብሔርን ቃል፥ የሚመጣውንም የዓለምን ኀይል የቀመሱትን፥
4174142e-b1a2-53e4-a719-9b9230a85397,ed780740-0963-51c2-a9e8-4fc4cd5229c2,100e10bc-af56-5224-afd5-a727b2fecea2,6,6,በኋላም የካዱትን እንደ ገና ለንስሓ እነርሱን ማደስ አይቻልም፤ ራሳቸው የእግዚአብሔርን ልጅ ይሰቅሉታልና፥ ያዋርዱትማልና።
ba93f101-424e-5ea9-a3a7-7a54460b5ea7,ed780740-0963-51c2-a9e8-4fc4cd5229c2,100e10bc-af56-5224-afd5-a727b2fecea2,7,7,ምድርም በእርስዋ የሚወርደውን ዝናም ከጠጣች፥ ያንጊዜ ስለ እርሱ ያረሱላትን መላካም ቡቃያ ታበቅላለች፤ ከእግዚአብሔር ዘንድም በረከትን ታገኛለች።
3e08859d-8da9-598a-a5d6-7173edde2aaa,ed780740-0963-51c2-a9e8-4fc4cd5229c2,100e10bc-af56-5224-afd5-a727b2fecea2,8,8,እሾህንና ኵርንችትን ብታወጣ ግን የተጣለች ናት፤ ለመርገምም የቀረበች ናት፤ ፍጻሜዋም ለመቃጠል ይሆናል።
7b3b0940-1149-5746-ad04-4e43313b4f58,ed780740-0963-51c2-a9e8-4fc4cd5229c2,100e10bc-af56-5224-afd5-a727b2fecea2,9,9,የተመረጣችሁ ወንድሞቻችን ሆይ፥ ምንም እንኳን እንዲህ ብንላችሁ ሕይወት ወዳለባት ትምህርት እንድትቀርቡ እንታመንባችኋለን።
885c0146-bd34-55b0-a30f-51e5a6915df5,ed780740-0963-51c2-a9e8-4fc4cd5229c2,100e10bc-af56-5224-afd5-a727b2fecea2,10,10,እግዚአብሔር ቅዱሳንን ስለ አገለገላችሁ፥ እስከ አሁንም ስለምታገለግሉአቸው ያደረጋችትሁን ሥራ፥ በስሙም ያሳያችሁትን ፍቅር ይረሳ ዘንድ ዐመፀኛ አይደለምና።
03f9e4c4-2bd1-501b-a29d-351c86690ed7,ed780740-0963-51c2-a9e8-4fc4cd5229c2,100e10bc-af56-5224-afd5-a727b2fecea2,11,11,ነገር ግን ሁላችሁም በዚች ተስፋችሁ እንዲሁ ትጋታችሁን እስከ መጨረሻው ታሳዩ ዘንድ እንወዳለን።
9b96955f-15ea-5a8f-af78-bb2e83ab7970,ed780740-0963-51c2-a9e8-4fc4cd5229c2,100e10bc-af56-5224-afd5-a727b2fecea2,12,12,ዳተኞች እንዳትሆኑ በሃይማኖትና በትዕግሥት ተስፋቸውን የወረሱትን ሰዎች ምሰሉአቸው።
17e3b059-befc-5eec-a83a-d63dcc4beb3b,ed780740-0963-51c2-a9e8-4fc4cd5229c2,02893028-9b2f-576a-aeb5-945721f45658,1,13,እግዚአብሔርም ለአብርሃም ተስፋዉን በሰጠው ጊዜ ይምልበት ዘንድ ከእርሱ የሚበልጥ ሌላ ባይኖር፥ በራሱ ማለ።
6f39d45a-a96e-5522-a825-365ae8abe97d,ed780740-0963-51c2-a9e8-4fc4cd5229c2,02893028-9b2f-576a-aeb5-945721f45658,2,14,እንዲህ ብሎ፦“ መባረክን እባርክሃለሁ፥ ማብዛትንም አበዛሃለሁ።”
4e116a6f-0b84-5cca-a2a3-cd163e07567e,ed780740-0963-51c2-a9e8-4fc4cd5229c2,02893028-9b2f-576a-aeb5-945721f45658,3,15,ከዚህም በኋላ ታግሦ ተስፋዉን አገኘ።
e047d458-77d6-5d35-afd7-601e0dbb8e6b,ed780740-0963-51c2-a9e8-4fc4cd5229c2,02893028-9b2f-576a-aeb5-945721f45658,4,16,ሰው ግን ከእርሱ በሚበልጠው ይምላል፤ የክርክርም መነሻው በመሐላ ይፈጸማል።
56eea645-338e-5e19-ae5a-07ba7e549cb8,ed780740-0963-51c2-a9e8-4fc4cd5229c2,02893028-9b2f-576a-aeb5-945721f45658,5,17,ስለዚህም እግዚአብሔር ተስፋውን ለሚወርሱ ሰዎች ምክሩን እንደማይለውጥ ሊገልጥ ወደደ፤ እንደማይለውጥም በመሓላ አጸናው።
5ad2295c-8777-5b99-a809-4b9d0ab98c26,ed780740-0963-51c2-a9e8-4fc4cd5229c2,02893028-9b2f-576a-aeb5-945721f45658,6,18,የእግዚአብሔር ቃል ሐሰት ሊሆን አይቻልም፤ በእርሱ ለተማፀን ተጠብቆልን ባለ ተስፋችንም ማመንን ላጸናን ለእኛ ታላቅ ደስታ አለን።
8141104c-4c80-534b-a587-55970f710f98,ed780740-0963-51c2-a9e8-4fc4cd5229c2,02893028-9b2f-576a-aeb5-945721f45658,7,19,ይህችም ተስፋ ነፍሳችን እንዳትነዋወጥ እንደ መልሕቅ የምታጸና ናት፤
f3b3b4e2-20a4-561f-ac79-703712662b23,ed780740-0963-51c2-a9e8-4fc4cd5229c2,02893028-9b2f-576a-aeb5-945721f45658,8,20,እንደ መልከ ጼዴቅ ሹመት ለዘለዓለም ሊቀ ካህናት ሆኖ ሐዋርያችን ኢየሱስ ከእኛ በፊት ወደ ገባባት መጋረጃም ውስጥ የምታስገባ ናት።
9cd4a4d2-ef7d-5b0b-aaaa-3f14ae6696a1,1359e415-d703-58b8-a702-3bd1904375ea,3b018989-0e85-5a16-af1f-c0d36651680f,1,1,የሳሌም ንጉሥ፥ የልዑል እግዚአብሔርም ካህን የሆነ፥ ይህ መልከ ጼዴቅ፥ አብርሃም ነገሥታትን ድል ነሥቶ በተመለሰ ጊዜ ከእርሱ ጋር ተገናኝቶ ባረከው።
d9e64521-99e8-566b-a118-e0c96e08bd18,1359e415-d703-58b8-a702-3bd1904375ea,3b018989-0e85-5a16-af1f-c0d36651680f,2,2,አብርሃምም ከገንዘቡ ሁሉ ከዐሥር አንድ ሰጠው፤ መጀመሪያ የስሙ ትርጓሜ የጽድቅ ንጉሥ ነበር፤ በኋላም የሳሌም ንጉሥ ተባለ፤ የሰላም ንጉሥ ማለት ነው።
59ee662e-87a9-526d-a696-b2518cd6bd54,1359e415-d703-58b8-a702-3bd1904375ea,3b018989-0e85-5a16-af1f-c0d36651680f,3,3,አባት የለውም፤ እናትም የለችውም፤ ትውልዱም አይታወቅም፤ ለዘመኑ መጀመሪያ፥ ለሕይወቱም መጨረሻ የለውም፤ ክህነቱ የወልደ እግዚአብሔር ምሳሌ ሆኖ ለዘለዓለም ይኖራል።
e95ed90f-d6db-5e52-afb9-08aca96561ed,1359e415-d703-58b8-a702-3bd1904375ea,3b018989-0e85-5a16-af1f-c0d36651680f,4,4,የአባቶች አለቃ አብርሃም ከምርኮው ሁሉ የሚሻለውን ዐሥራት የሰጠውን የዚህን ካህን ክብር ታያላችሁን?
9eb7d13f-7e9b-53ae-a6fe-471ab5fcafff,1359e415-d703-58b8-a702-3bd1904375ea,3b018989-0e85-5a16-af1f-c0d36651680f,5,5,ከሌዊ ልጆችም፥ ክህነትን የሚቀበሉት ከሕዝቡ ማለት ከወንድሞቻቸው፥ እነርሱ ምንም ከአብርሃም ወገብ ቢወጡ ከእነርሱ ዐሥራትን በሕግ እንዲያስወጡ ትእዛዝ አላቸው።
14dafa53-4a78-5e8a-a4d2-dc34bdb1bdde,1359e415-d703-58b8-a702-3bd1904375ea,3b018989-0e85-5a16-af1f-c0d36651680f,6,6,ወገናቸው ላይደለ ለእርሱ ግን አብርሃም ዐሥራትን ሰጠው፤ እርሱም ተስፋ ያለው አብርሃምን ባረከው።
cc8eaa66-76ae-51fa-aa44-3febc667815d,1359e415-d703-58b8-a702-3bd1904375ea,3b018989-0e85-5a16-af1f-c0d36651680f,7,7,ነገር ግን ታላቁ ታናሹን እንደሚባርከው ያለ ጥርጥር ይታወቃል።
db43f006-4715-5a4e-a909-aaebcb9e86aa,1359e415-d703-58b8-a702-3bd1904375ea,3b018989-0e85-5a16-af1f-c0d36651680f,8,8,በዚህስ የሚሞት ሰው ዐሥራትን ይቀበላል፤ በወዲያው ግን ሕያው እንደ ሆነ መጽሐፍ የሚመሰክርለት እርሱ ይቀበላል።
0de6a585-6338-517c-aabf-c892eecbe5e4,1359e415-d703-58b8-a702-3bd1904375ea,3b018989-0e85-5a16-af1f-c0d36651680f,9,9,እንደ ተነገረም ዐሥራትን የሚቀበል ሌዊ ስንኳን በአብርሃም በኩል ዐሥራትን ሰጠ።
f014c796-b73a-5734-a7d0-8204dd89e2d9,1359e415-d703-58b8-a702-3bd1904375ea,3b018989-0e85-5a16-af1f-c0d36651680f,10,10,መልከ ጼዴቅ በተገናኘው ጊዜ ገና በአባቱ በአብርሃም ወገብ ነበርና።
de078756-7499-54d0-a926-7c21950dd507,1359e415-d703-58b8-a702-3bd1904375ea,3b018989-0e85-5a16-af1f-c0d36651680f,11,11,እንግዲህ ሕዝቡ በሌዊ ክህነት የተመሠረተን ሕግ ተቀብለዋልና በዚያ ክህነት ፍጹምነት የተገኘ ቢሆን፥ እንደ አሮን ሹመት የማይቈጠር፥ እንደ መልከ ጼዴቅ ሹመት ግን የሆነ ሌላ ካህን ሊነሣ ወደ ፊት ስለምን ያስፈልጋል?
120b4794-69ed-5390-ab5e-e87310c34035,1359e415-d703-58b8-a702-3bd1904375ea,3b018989-0e85-5a16-af1f-c0d36651680f,12,12,ክህነታቸው ታልፍ ዘንድ አላትና፤ ክህነታቸው ካለፈችም ኦሪታቸው ታልፋለች።
5428229d-ff19-5adb-a046-4095f64867e6,1359e415-d703-58b8-a702-3bd1904375ea,3b018989-0e85-5a16-af1f-c0d36651680f,13,13,ይህ ነገር የተነገረለት እርሱ በሌላ ወገን ተካፍሎአልና፥ ከዚያም መሠዊያውን ያገለገለ ማንም የለም።
4d8f1212-a141-51a9-a5a1-a3d20f988200,1359e415-d703-58b8-a702-3bd1904375ea,3b018989-0e85-5a16-af1f-c0d36651680f,14,14,ጌታችን ከይሁዳ ነገድ እንደ ወጣ የተገለጠ ነውና፤ ስለዚህም ነገድ ሙሴ ምንም እንኳን ስለ ክህነት አልተናገረም።
7761e071-8f31-5161-a253-dffd5e703f41,1359e415-d703-58b8-a702-3bd1904375ea,3b018989-0e85-5a16-af1f-c0d36651680f,15,15,ይልቁንም ይህ እጅግ ያስረዳል፤ በመልከ ጼዴቅ ክህነት አምሳል ሌላ ካህን ይነሣል ብሎአልና።
742e641d-08be-5331-a08d-097b7cb338d4,1359e415-d703-58b8-a702-3bd1904375ea,3b018989-0e85-5a16-af1f-c0d36651680f,16,16,ይኸውም በማያልፍ ሕይወት ኀይል እንጂ ለሥጋና ለደም በተሠራ ሕግ አይደለም።
daaffcda-f799-55bf-a41d-28b02844a24a,1359e415-d703-58b8-a702-3bd1904375ea,3b018989-0e85-5a16-af1f-c0d36651680f,17,17,“እንደ መልከ ጼዴቅ ሹመት የዘለዓለም ካህን አንተ ነህ” ብሎ ይመሰክራልና።
ab6aee3c-36b6-58ad-abeb-758ec5cfe8be,1359e415-d703-58b8-a702-3bd1904375ea,3b018989-0e85-5a16-af1f-c0d36651680f,18,18,ስለዚህም የምትደክም፥ የማትጠቅምም ስለ ሆነች የቀደመችው ትእዛዝ ተሽራለች።
37a1087b-c415-5a5f-acf4-4b77ac95e7ac,1359e415-d703-58b8-a702-3bd1904375ea,3b018989-0e85-5a16-af1f-c0d36651680f,19,19,ኦሪት ምንም ግዳጅ አልፈጸመችምና፤ ነገር ግን በእርስዋ ፋንታ ወደ እግዚአብሔር የምንቀርብበት ከእርስዋ የሚሻል ተስፋ ገብቶአል።
57cf86da-78e0-50bd-a73e-63be54d117af,1359e415-d703-58b8-a702-3bd1904375ea,3b018989-0e85-5a16-af1f-c0d36651680f,20,20,እርሱ ያለ መሐላ አልሆነም፤ ያለ መሐላ የተሾሙ ካህናት አሉና።
c9cf03c1-15c4-5b93-ab4e-10e876f8300e,1359e415-d703-58b8-a702-3bd1904375ea,3b018989-0e85-5a16-af1f-c0d36651680f,21,21,በመሐላ የሾመውን ግን፥ “እግዚአብሔር ማለ፥ አይጸጸትምም፤ አንተ እንደ መልከ ጼዴቅ ሹመት የዘለዓለም ካህን ነህ” አለው።
7df208b8-6182-5f48-acdc-2bd2d79a0025,1359e415-d703-58b8-a702-3bd1904375ea,3b018989-0e85-5a16-af1f-c0d36651680f,22,22,ኢየሱስ ይህን ያህል በምትበልጥና ከፍ ባለች ሹመት ተሾመ።
c5a6b9c8-b789-57d3-ae27-3b28b9329792,1359e415-d703-58b8-a702-3bd1904375ea,3b018989-0e85-5a16-af1f-c0d36651680f,23,23,ለእነዚያስ ብዙዎች ካህናት ነበሩአቸው፤ ሞት ይሽራቸው፥ እንዲኖሩም አያሰናበታቸውም ነበርና።
28077092-c3a3-57e4-a058-22ecc43e3337,1359e415-d703-58b8-a702-3bd1904375ea,3b018989-0e85-5a16-af1f-c0d36651680f,24,24,እርሱ ግን ለዘለዓለም ይኖራል፤ ክህነቱ አይሻርምና።
50443669-6a28-524c-a502-16ed2abc3013,1359e415-d703-58b8-a702-3bd1904375ea,3b018989-0e85-5a16-af1f-c0d36651680f,25,25,ዘወትር በእርሱ በኩል ወደ እግዚአብሔር የሚቀርቡትን ሊያድናቸው ይቻለዋል፤ ለዘለዓለምም ሕያው ነውና ያስታርቃቸዋል።
0c2fb892-1435-50a8-a5e2-3f5dfe79e378,1359e415-d703-58b8-a702-3bd1904375ea,3b018989-0e85-5a16-af1f-c0d36651680f,26,26,ቅዱስና ያለ ተንኰል፥ ነውርም የሌለበት፥ ከኀጢአተኞችም የተለየ፥ ከሰማያትም ከፍ ከፍ ያለ፥ እንደዚህ ያለ ሊቀ ካህናት ይገባናል።
1a97f499-df46-587c-af98-6db2403fee0e,1359e415-d703-58b8-a702-3bd1904375ea,3b018989-0e85-5a16-af1f-c0d36651680f,27,27,እርሱም እንደ እነዚያ ሊቃነ ካህናት አስቀድሞ ስለ ራሱ ኀጢአት በኋላም ስለ ሕዝቡ ኀጢአት ዕለት ዕለት መሥዋዕትን ሊያቀርብ አያስፈልገውም፤ ራሱን ባቀረበ ጊዜ ይህን አንድ ጊዜ ፈጽሞ አድርጎአልና።
885eac7a-87d1-58de-abf8-df85d8102fe0,1359e415-d703-58b8-a702-3bd1904375ea,3b018989-0e85-5a16-af1f-c0d36651680f,28,28,ኦሪትስ የሚሞት ሰውን ሊቀ ካህናት አድርጋ ትሾማለች፤ ከኦሪት በኋላ የመጣው የእግዚአብሔር የመሐላ ቃሉ ግን ዘለዓለም የማይለወጥ ፍጹም ወልድን ካህን አድርጎ ሾመልን።
81ab291b-4abc-57d7-a3c9-e0303041ed45,f13d6542-db7b-5b52-abe0-a8c15fd461a9,980993a1-24e8-517d-a6c9-c6264f6fe55b,1,1,ከተናገርነውም ዋናው ነገር ይህ ነው፤ በሰማያት በግርማው ዙፋን ቀኝ የተቀመጠ እንዲህ ያለ ሊቀ ካህናት አለን።
e2d45c91-9aa3-5197-ae48-c5631d471251,f13d6542-db7b-5b52-abe0-a8c15fd461a9,980993a1-24e8-517d-a6c9-c6264f6fe55b,2,2,እርሱም የመቅደስና የእውነተኛይቱ ድንኳን አገልጋይ ነው፤ እርስዋም በሰው ሳይሆን በእግዚአብሔር የተተከለች ናት።
a3ea7f5d-a35a-5b8d-aa72-da96a7a67de5,f13d6542-db7b-5b52-abe0-a8c15fd461a9,980993a1-24e8-517d-a6c9-c6264f6fe55b,3,3,ሊቀ ካህናት ሁሉ መባንና መሥዋዕትን ያቀርብ ዘንድ ይሾማል፤ ለዚህም ደግሞ የሚያቀርበው አንዳች ነገር ይኖረው ዘንድ ይገባል።
3c41ac0b-5e67-5c82-a65b-ecba1daf6ade,f13d6542-db7b-5b52-abe0-a8c15fd461a9,980993a1-24e8-517d-a6c9-c6264f6fe55b,4,4,በምድር ቢሆን ኖሮ፥ ሊቀ ካህናት ባልሆነም ነበር፤ በኦሪት ሕግ መሥዋዕት የሚያቀርቡ ካህናት በእርስዋ አሉና።
62a88ef3-035e-5dea-a476-1c29bdfab28e,f13d6542-db7b-5b52-abe0-a8c15fd461a9,980993a1-24e8-517d-a6c9-c6264f6fe55b,5,5,እነርሱም ሙሴ ድንኳኒቱን ሲሠራ ሳለ እንደ ተረዳ፥ ለሰማያዊ ነገር ምሳሌና ጥላ የሚሆነውን ያገለግላሉ፤ “በተራራው እንደ ተገለጠልህ ምሳሌ ሁሉን ታደርግ ዘንድ ተጠንቀቅ” ብሎት ነበርና።
8b837449-458b-514e-a95f-602c3beb9610,f13d6542-db7b-5b52-abe0-a8c15fd461a9,980993a1-24e8-517d-a6c9-c6264f6fe55b,6,6,ዛሬ ግን ኢየሱስ ክርስቶስ የምትበልጠውን አገልግሎት ገንዘብ አደረገ፤ ለታላቂቱ ሥርዐትም መካከለኛ ሆነ፤ የምትበልጠውንም ተስፋ ሠራ።
487ce86c-3cf4-56b7-ac50-e9b5ca739afc,f13d6542-db7b-5b52-abe0-a8c15fd461a9,980993a1-24e8-517d-a6c9-c6264f6fe55b,7,7,ፊተኛይቱ ያለ ነቀፋ ብትሆን ኖሮ ሁለተኛይቱን ባልፈለገም ነበር።
8f0eeaed-fb8b-5c64-aee9-bbb001f6a4bd,f13d6542-db7b-5b52-abe0-a8c15fd461a9,980993a1-24e8-517d-a6c9-c6264f6fe55b,8,8,ነገር ግን እነርሱን ነቅፎ እንዲህ አለ፥ “እነሆ፥ ለቤተ እስራኤልና ለቤተ ይሁዳም አዲስ ኪዳን የምሠራበት ዘመን ይመጣል ይላል እግዚአብሔር።
e48ffacd-002a-5047-a403-e0a39c5851ee,f13d6542-db7b-5b52-abe0-a8c15fd461a9,980993a1-24e8-517d-a6c9-c6264f6fe55b,9,9,እጃቸውን ይዤ ከምድረ ግብፅ ባወጣኋቸው ጊዜ ለአባቶቻቸው እንደ ገባሁት እንደዚያ ያለ ኪዳን አይደለም፤ እነርሱ በኪዳኔ አልኖሩምና፤ እኔም ቸል ብያቸዋለሁና” ይላል እግዚአብሔር።
a1067938-b171-5161-ace5-21adbfe3d4fd,f13d6542-db7b-5b52-abe0-a8c15fd461a9,980993a1-24e8-517d-a6c9-c6264f6fe55b,10,10,ከእነዚያ ዘመናት በኋላ ለቤተ እስራኤል የምገባው ቃል ይህ ነው፦ ሕጌን በልባቸው አሳድራለሁ፤ በሕሊናቸውም እጽፈዋለሁ፤ አምላክ እሆናቸዋለሁ፤ እነርሱም ሕዝቤ ይሆኑኛል ይላል እግዚአብሔር።
af099320-e12e-514c-ad51-967985391bd0,f13d6542-db7b-5b52-abe0-a8c15fd461a9,980993a1-24e8-517d-a6c9-c6264f6fe55b,11,11,እንግዲህ አንዱ ሌላውን አያስተምርም፤ ወንድምም ወንድሙን እግዚአብሔርን ዕወቅ ብሎ አያስተምርም፤ ከታናሹ ጀምሮ እስከ ታላቁ ድረስ ሁሉ ያውቁኛልና።
24bbc7a8-a5da-53c6-af11-3207f6d8311d,f13d6542-db7b-5b52-abe0-a8c15fd461a9,980993a1-24e8-517d-a6c9-c6264f6fe55b,12,12,ዐመፃቸውን እምራቸዋለሁና ኀጢአታቸውንም ደግሜ አላስብም።”
3a785681-037d-5e98-a775-8c943d1e4b6e,f13d6542-db7b-5b52-abe0-a8c15fd461a9,980993a1-24e8-517d-a6c9-c6264f6fe55b,13,13,አዲስ ትእዛዝ በማለቱ የቀደመችቱን አስረጃት፤ አሮጌና ውራጅ የሆነውስ ለጥፋት የቀረበ ነው።
ae3c9607-58f2-5416-a368-0654edba5272,e3f91808-f392-57cf-a17b-6e3b0da01567,0f9376a1-7f72-59e7-a6cc-6781912c1dd7,1,1,ፊተኛይቱም ደግሞ የአገልግሎት ሥርዐትና የዚህ ዓለም የሆነው መቅደስ ነበራት።
c85de72e-901c-5a1e-acbe-db835165bfc3,e3f91808-f392-57cf-a17b-6e3b0da01567,0f9376a1-7f72-59e7-a6cc-6781912c1dd7,2,2,የመጀመሪያዪቱም ድንኳን ተዘጋጅታ ነበርና፥ በእርስዋም ቅድስት በምትባለው ውስጥ መቅረዙና ጠረጴዛው፥ የመሥዋዕቱም ኅብስት ነበረባት።
eeaf947c-8b1b-534e-a464-2729d3effb2f,e3f91808-f392-57cf-a17b-6e3b0da01567,0f9376a1-7f72-59e7-a6cc-6781912c1dd7,3,3,ከሁለተኛው መጋረጃ በስተኋላ የነበረችውን የውስጠኛዪቱን ድንኳን ግን ቅድስተ ቅዱሳን ይሉአት ነበር።
d1db404a-11a4-5386-a16a-ba792faf6b98,e3f91808-f392-57cf-a17b-6e3b0da01567,0f9376a1-7f72-59e7-a6cc-6781912c1dd7,4,4,በውስጥዋም የወርቅ ማዕጠንትና ሁለንተናዋን በወርቅ የለበጡአት፥ የኪዳን ታቦት፥ መና ያለባት የወርቅ መሶብና የለመለመችው የአሮን በትር፥ የኪዳኑም ጽላት ነበሩባት።
c4ea9b9f-d91d-5233-ac08-1006ba859180,e3f91808-f392-57cf-a17b-6e3b0da01567,0f9376a1-7f72-59e7-a6cc-6781912c1dd7,5,5,በላይዋም ማስተስረያውን የሚጋርዱ የክብር ኪሩቤል ነበሩ፤ ነገር ግን በየመልኩ እናገረው ዘንድ ዛሬ ጊዜው አይደለም።
c785e7b2-a0b5-538a-aa4c-a1755f77412e,e3f91808-f392-57cf-a17b-6e3b0da01567,0f9376a1-7f72-59e7-a6cc-6781912c1dd7,6,6,ሥርዐቱ፥ ዝግጅቱም እንዲህ ነበር፤ በመጀመሪያዪቱም ድንኳን በየጊዜው አገልግሎታቸውን ይፈጽሙ ዘንድ፥ ካህናት ዘወትር ይገቡ ነበር።
77619a8e-5acb-57d9-a574-92781afd0398,e3f91808-f392-57cf-a17b-6e3b0da01567,0f9376a1-7f72-59e7-a6cc-6781912c1dd7,7,7,ወደ ሁለተኛዪቱ ክፍል ግን ሊቀ ካህናቱ ኀጢአታቸውን ለማስተስረይ ስለ ራሱና ስለ ሕዝቡ የሚያቀርበውን ደም ይዞ፥ በየዓመቱ አንድ ጊዜ ብቻውን ይገባ ነበር።
aa1188da-268a-59e0-abb6-1e54bd3fea3e,e3f91808-f392-57cf-a17b-6e3b0da01567,0f9376a1-7f72-59e7-a6cc-6781912c1dd7,8,8,ፊተኛይቱም ድንኳን በዚህ ገና ቆማ ሳለች፥ ወደ ቅድስት የሚወስደው መንገድ ገና እንዳልተገለጠ መንፈስ ቅዱስ ያሳያል።
5f940557-2fd8-5286-a773-43e44847e10d,e3f91808-f392-57cf-a17b-6e3b0da01567,0f9376a1-7f72-59e7-a6cc-6781912c1dd7,9,9,ነገር ግን ለሚያቀርበው ሰው ግዳጅ መፈጸም የማይቻለውን መባና መሥዋዕት ያቀርቡበት የነበረው ለዚህ ዘመን ምሳሌ ሆነ።
4b7250e7-3bbf-5ee1-a63e-c3c2eecc429d,e3f91808-f392-57cf-a17b-6e3b0da01567,0f9376a1-7f72-59e7-a6cc-6781912c1dd7,10,10,እነዚህም እስከ መታደስ ዘመን ድረስ የተደረጉ፥ ስለ ምግብና ስለ መጠጥም፥ ስለ ልዩ ልዩ ጥምቀትም የሚሆኑ የሥጋ ሥርዐቶች ብቻ ናቸው።
3e46aa56-3101-5a26-a55b-54104a174581,e3f91808-f392-57cf-a17b-6e3b0da01567,0f9376a1-7f72-59e7-a6cc-6781912c1dd7,11,11,ክርስቶስ ግን ለምትመጣይቱ መልካም ነገር ሊቀ ካህናት ሆኖ፥ የሰው እጅ ወደ አልሠራት፥ በዚህ ዓለም ወደ አልሆነችው፥ ከፊተኛዪቱ ወደምትበልጠውና ወደምትሻለው ድንኳን፥
516dbccb-32be-5d20-a693-e68de32e10a3,e3f91808-f392-57cf-a17b-6e3b0da01567,0f9376a1-7f72-59e7-a6cc-6781912c1dd7,12,12,የዘለዓለም መድኀኒትን ገንዘብ አድርጎ፥ በገዛ ደሙ አንድ ጊዜ ወደ መቅደስ ገባ እንጂ በላምና በፍየል ደም አይደለም።
fc65cf6c-2366-5df6-a643-8200063b33d0,e3f91808-f392-57cf-a17b-6e3b0da01567,0f9376a1-7f72-59e7-a6cc-6781912c1dd7,13,13,የላምና የፍየል ደም፥ በረከሱትም ላይ የሚረጭ የጊደር አመድ፥ የሚያነጻና የረከሱትንም ሥጋቸውን የሚቀድሳቸው ከሆነ፥
0f4e89f0-639a-5307-ae2f-df3ad3a6b9af,e3f91808-f392-57cf-a17b-6e3b0da01567,0f9376a1-7f72-59e7-a6cc-6781912c1dd7,14,14,ነውር የሌለው ሆኖ፥ በዘለዓለም መንፈስ ራሱን ለእግዚአብሔር ያቀረበ የክርስቶስ ደም ሕያው እግዚአብሔርን እናመልከው ዘንድ ሕሊናችንን ከሞት ሥራ እንዴት ይልቅ ያነጻ ይሆን?
e5fbccd9-81a5-53f8-a831-d2cfc943964e,e3f91808-f392-57cf-a17b-6e3b0da01567,0f9376a1-7f72-59e7-a6cc-6781912c1dd7,15,15,ስለዚህ ኢየሱስ ሞትን ተቀብሎ፥ በቀደመው ሥርዐት ስተው የነበሩትን ያድናቸው ዘንድ ወደ ዘለዓለም ርስቱም የጠራቸው ተስፋውን ያገኙ ዘንድ፥ ለአዲሲቱ ኪዳን መካከለኛ ሆነ።
081c8852-6562-5419-a613-f62898993eac,e3f91808-f392-57cf-a17b-6e3b0da01567,0f9376a1-7f72-59e7-a6cc-6781912c1dd7,16,16,ኑዛዜ ያለ እንደሆነ የተናዛዡ ሰው ሞት ይመጣ ዘንድ ግድ ነው።
7cec35b3-cc34-5914-a63b-33a2d9b6ef16,e3f91808-f392-57cf-a17b-6e3b0da01567,0f9376a1-7f72-59e7-a6cc-6781912c1dd7,17,17,የሙአች ሰው ኑዛዜ የጸናች ናት፤ ተናዛዡ በሕይወት ባለበት ጊዜ አትጠቅምምና።
699ffed7-e45c-54c4-ac81-dcb02c7758e5,e3f91808-f392-57cf-a17b-6e3b0da01567,0f9376a1-7f72-59e7-a6cc-6781912c1dd7,18,18,ስለዚህም ፊተኛው ኪዳን እንኳ ያለ ደም አልከበረም።
2f74304c-5cb9-5a00-a4f4-e48080af02fa,e3f91808-f392-57cf-a17b-6e3b0da01567,0f9376a1-7f72-59e7-a6cc-6781912c1dd7,19,19,ሙሴ የኦሪትን ትእዛዝ ሁሉ ለመላው ሕዝብ ከነገረ በኋላ፥ የላምና የፍየል ደም ከውኃ ጋር ቀላቅሎ፥ ቀይ የበግ ጠጕርና የስሚዛ ቅጠል ነክሮ መጽሐፈ ኦሪቱንና ሕዝቡን ሁሉ ይረጭ ነበር።
b2238fbd-b201-57d1-af38-e2500f0dc354,e3f91808-f392-57cf-a17b-6e3b0da01567,0f9376a1-7f72-59e7-a6cc-6781912c1dd7,20,20,“እግዚአብሔር ያዘዛችሁ የኪዳኑ ደም ይህ ነው” ይላቸው ነበር።
a89cf1e6-91ba-5c93-a90c-77651ae8af9c,e3f91808-f392-57cf-a17b-6e3b0da01567,0f9376a1-7f72-59e7-a6cc-6781912c1dd7,21,21,ድንኳኑንና የመገልገያውን ዕቃ ሁሉ በደሙ ይረጭ ነበር።
9c6d95be-2ab5-53e6-a093-47c1c70b53eb,e3f91808-f392-57cf-a17b-6e3b0da01567,0f9376a1-7f72-59e7-a6cc-6781912c1dd7,22,22,ደግሞም በቀረበው ሁሉ እንዲህ ያደርግ ነበር፥ በኦሪት ሕግ ሁሉ በደም ይነጻ ነበር፤ ደም ሳይረጭ ግን አይሰረይም ነበር።
53507877-b1fa-5c4a-af44-ea14a31a4297,e3f91808-f392-57cf-a17b-6e3b0da01567,0f9376a1-7f72-59e7-a6cc-6781912c1dd7,23,23,በሰማይ ባለው አምሳል የተሠራው ይህ ሥራ፥ በዚህ ደም የሚነጻ ከሆነ፥ ይህ ሰማያዊ መሥዋዕትስ ከዚህ ይበልጣል።
3d38486c-150b-5bf8-a3c9-0891c6163455,e3f91808-f392-57cf-a17b-6e3b0da01567,0f9376a1-7f72-59e7-a6cc-6781912c1dd7,24,24,ክርስቶስ በእጅ ወደ ተሠራች የእውነተኛይቱ ምሳሌ ወደምትሆን ቅድስት አልገባምና፥ ነገር ግን በእግዚአብሔር ፊት ስለ እኛ አሁን ይታይ ዘንድ፥ ወደ እርስዋ ወደ ሰማይ ገባ።
58d9615c-fbfd-50d9-a6a4-c82f47d38b0b,e3f91808-f392-57cf-a17b-6e3b0da01567,0f9376a1-7f72-59e7-a6cc-6781912c1dd7,25,25,ሊቀ ካህናቱ ያደርገው እንደ ነበረ፥ በያመቱም ደም ይዞ ወደ ቅድስት ይገባ እንደ ነበረ ዘወትር ራሱን የሚሠዋ አይደለም።
fc54f591-152c-50ac-a2bb-088ffaff4339,e3f91808-f392-57cf-a17b-6e3b0da01567,0f9376a1-7f72-59e7-a6cc-6781912c1dd7,26,26,ይህስ ባይሆን ዓለም ከተፈጠረ ጀምሮ ብዙ ጊዜ በሞተ ነበር፤ አሁን ግን በዓለም ፍጻሜ፥ ራሱን በመሠዋት ኀጢአትን ይሽራት ዘንድ አንድ ጊዜ ተገለጠ።
42803491-0a1c-5b6b-a372-804a7f037fc6,e3f91808-f392-57cf-a17b-6e3b0da01567,0f9376a1-7f72-59e7-a6cc-6781912c1dd7,27,27,ለሰው አንድ ጊዜ ሞት፥ ከዚያም በኋላ ፍርድ እንደሚጠብቀው፥
8feb13af-3bb9-5ee0-a88a-8a272a6bdf29,e3f91808-f392-57cf-a17b-6e3b0da01567,0f9376a1-7f72-59e7-a6cc-6781912c1dd7,28,28,እንዲሁ ክርስቶስም የብዙዎችን ኀጢአት ያስተሰርይ ዘንድ ራሱን አንድ ጊዜ ሠዋ፤ በኋላ ግን ያድናቸው ዘንድ ተስፋ ለሚያደርጉት ያለ ኀጢአት ይገለጥላቸዋል።
bee88a09-c5a8-55b2-ac42-9fec798727a9,22c89b56-16e1-5183-a002-61e6af257092,85565b1a-6ec0-54f0-a3bc-406130fd9295,1,1,ሕጉ ሊመጣ ያለው የበጎ ነገር እውነተኛ አምሳል ሳይሆን የነገር ጥላ አለውና፤ ስለዚህም በየዓመቱ ዘወትር በሚያቀርቡት በዚያ መሥዋዕት የሚቀርቡትን ሊፈጽም ከቶ አይችልም።
21bc6190-b7e6-5b99-a0e0-13f2706aa477,22c89b56-16e1-5183-a002-61e6af257092,85565b1a-6ec0-54f0-a3bc-406130fd9295,2,2,ይህስ ባይሆን ከሚሠዉት መሥዋዕት ባረፉ ነበር፥ ለሚሠዉት ኀጢአታቸውን ያስተሰርይላቸው ነበርና፥ ባአንድ ጊዜም ያነጻቸው ነበርና።
b05e5a5a-f630-5cc9-a8ff-6dc67188a108,22c89b56-16e1-5183-a002-61e6af257092,85565b1a-6ec0-54f0-a3bc-406130fd9295,3,3,ነገር ግን በዚያው መሥዋዕት በየዓመቱ የኀጢአት መታሰቢያ አድርገው የሚያቀርቡት ነበራቸው።
888772ea-00c2-5c20-a4de-886153ecad21,22c89b56-16e1-5183-a002-61e6af257092,85565b1a-6ec0-54f0-a3bc-406130fd9295,4,4,የላምና የፍየል ደም ኀጢአትን ሊያስተሰርይ አይችልምና።
6cfef24f-cbee-598e-a82b-50690c840fa7,22c89b56-16e1-5183-a002-61e6af257092,85565b1a-6ec0-54f0-a3bc-406130fd9295,5,5,ስለዚህም ወደ ዓለም በሚመጣበት ጊዜ እንዲህ አለ፥ “መሥዋዕትንና ቍርባንን አልወደድህም፤ ሥጋን አለበስኸኝ እንጂ።
cf689e6c-8838-5fee-a213-580d9a07354b,22c89b56-16e1-5183-a002-61e6af257092,85565b1a-6ec0-54f0-a3bc-406130fd9295,6,6,በሚቃጠል መሥዋዕትና ስለ ኀጢአት በሚቀርበው መሥዋዕት ደስ አላለህም።
93be08b3-8648-581f-adea-8f73d02b6319,22c89b56-16e1-5183-a002-61e6af257092,85565b1a-6ec0-54f0-a3bc-406130fd9295,7,7,ያንጊዜ እነሆ፥ በመጽሐፍ ራስ ስለ እኔ እንደ ተጻፈ፥ አምላኬ ሆይ፥ ፈቃድህን አደርግ ዘንድ መጥቻለሁ አልሁ።”
9b1a1b9c-aab2-53a1-aa1c-31acb12058ef,22c89b56-16e1-5183-a002-61e6af257092,85565b1a-6ec0-54f0-a3bc-406130fd9295,8,8,በዚህ ላይ “መሥዋዕትንና መባን፥ በሙሉ የሚቃጠል መሥዋዕትንም፥ ስለ ኀጢአትም የሚሠዋ መሥዋዕትን አልወደድህም፤ በእርሱም ደስ አላለህም” ብሎ ተናገረ፤ እነዚህም እንደ ሕግ የሚቀርቡ ናቸው።
2a601ad7-3425-592c-a95a-0a1c2de42b2b,22c89b56-16e1-5183-a002-61e6af257092,85565b1a-6ec0-54f0-a3bc-406130fd9295,9,9,ከዚህ በኋላ፥ “አምላኬ ሆይ፥ ፈቃድህን አደርግ ዘንድ እነሆ፥ መጣሁ” አለ፤ ይህ ቃል የኋለኛውን ያቆም ዘንድ የፊተኛውን ያፈርሳል።
ad56fcc2-7eb7-5ac6-a6c5-c4fa140ac533,22c89b56-16e1-5183-a002-61e6af257092,85565b1a-6ec0-54f0-a3bc-406130fd9295,10,10,በፈቃዱም አንድ ጊዜ በተደረገው በኢየሱስ ክርስቶስ በሥጋዉ ቍርባን ተቀደስን።
56eead77-5d4e-5548-a8c8-e3782ec6e5a0,22c89b56-16e1-5183-a002-61e6af257092,85565b1a-6ec0-54f0-a3bc-406130fd9295,11,11,ሊቀ ካህናትም ሁሉ ዘወትር እያገለገለ ይቆም ነበር፤ ፈጽሞ ኀጢአት ማስተስረይ የማይቻላቸውን እነዚያን መሥዋዕቶች ብቻም ይሠዋ ነበር።
108869a3-9399-571e-a343-586f880a781d,22c89b56-16e1-5183-a002-61e6af257092,85565b1a-6ec0-54f0-a3bc-406130fd9295,12,12,እርሱ ግን ስለ ኀጢአት አንድን መሥዋዕት ለዘለዓለም አቅርቦ በእግዚአብሔር ቀኝ ተቀመጠ።
4529ecbf-e41e-5cc0-aee4-5caef34c2ce6,22c89b56-16e1-5183-a002-61e6af257092,85565b1a-6ec0-54f0-a3bc-406130fd9295,13,13,እንግዲህ ጠላቶቹ ከእግሩ በታች እስኪወድቁ ድረስ ይጠብቃል።
c240076d-c629-5f74-a3d3-e5425bb95c5c,22c89b56-16e1-5183-a002-61e6af257092,85565b1a-6ec0-54f0-a3bc-406130fd9295,14,14,ለሚቀደሱትም ለዘለዓለም የምትሆን አንዲት መሥዋዕትን ሠዋ።
7d01b1e3-37b8-5ae2-ab8c-f829ebce8d24,22c89b56-16e1-5183-a002-61e6af257092,85565b1a-6ec0-54f0-a3bc-406130fd9295,15,15,መንፈስ ቅዱስም ምስክራችን ነው።
1c916324-8953-5ae4-acdb-52f38fa83fa4,22c89b56-16e1-5183-a002-61e6af257092,85565b1a-6ec0-54f0-a3bc-406130fd9295,16,16,“ከእነዚያ ወራቶች በኋላ የምገባላቸው ኪዳን ይህቺ ናት ይላል እግዚአብሔር፤ ሕጌን በልባቸው አኖረዋለሁ፤ በልቡናቸውም እጽፈዋለሁ ካለ በኋላ።
09d964a8-2440-5b36-a6e7-f95513248016,22c89b56-16e1-5183-a002-61e6af257092,85565b1a-6ec0-54f0-a3bc-406130fd9295,17,17,ከእንግዲህ ወዲህ ኀጢአታቸውንና በደላቸውን ደግሜ አላስብባቸውም” ብሏል።
e755a401-4ab1-54d9-a873-546d78cf3b47,22c89b56-16e1-5183-a002-61e6af257092,85565b1a-6ec0-54f0-a3bc-406130fd9295,18,18,እንዲህም ኀጢአት የሚሰረይ ከሆነ፥ እንግዲህ ወዲህ ስለ ኀጢአት መሥዋዕት አያስፈልግም።
0d2d90bd-db6f-5300-ada9-a1d867211d24,22c89b56-16e1-5183-a002-61e6af257092,16e5703f-e589-5bbd-a595-ffe5ffdc6dff,1,19,እንግዲህ ወንድሞቻችን ሆይ፥ በኢየሱስ ክርስቶስ ደም ወደ መቅደስ ለመግባት ባለሙአልነት አለን።
2583ff87-08e6-50bb-ac3f-86ae82a9fba8,22c89b56-16e1-5183-a002-61e6af257092,16e5703f-e589-5bbd-a595-ffe5ffdc6dff,2,20,በሥጋው መጋረጃ በኩል የሕይወትንና የጽድቅን መንገድ ፈጽሞ አድሶልናልና።
e2a1966f-ca61-5a9c-ae4b-6ba867720273,22c89b56-16e1-5183-a002-61e6af257092,16e5703f-e589-5bbd-a595-ffe5ffdc6dff,3,21,በእግዚአብሔር ቤት ታላቅ ካህን አለን።
c68540e1-757b-5054-aee4-075db0471303,22c89b56-16e1-5183-a002-61e6af257092,16e5703f-e589-5bbd-a595-ffe5ffdc6dff,4,22,እንግዲህ ከክፉ ሕሊና ለመንጻት ልባችንን ተረጭተን፥ ሰውነታችንንም በጥሩ ውኃ ታጥበን በተረዳንበት እምነት በቅን ልብ እንቅረብ።
afbc64d6-34ec-58e7-a701-527851f6e529,22c89b56-16e1-5183-a002-61e6af257092,16e5703f-e589-5bbd-a595-ffe5ffdc6dff,5,23,እንግዲህ የማይናወጠውን የተስፋችንን እምነት እናጽና፤ ተስፋ የሰጠ እርሱ የታመነ ነውና።
cebf6da6-b858-5127-a487-0a96cf239e07,22c89b56-16e1-5183-a002-61e6af257092,16e5703f-e589-5bbd-a595-ffe5ffdc6dff,6,24,በፍቅርና በበጎ ምግባርም ከባልንጀሮቻችን ጋር እንፎካከር።
e70db7d0-a625-55da-ab94-0ee3b007a3c9,22c89b56-16e1-5183-a002-61e6af257092,16e5703f-e589-5bbd-a595-ffe5ffdc6dff,7,25,ሌሎች ልማድ አድርገው እንደ ያዙት ማኅበራችንን አንተው፤ እርስ በርሳችን እንመካከር እንጂ፤ ይልቁንም ቀኑ ሲቀርብ እያያችሁ አብልጣችሁ ይህን አድርጉ።
d02dfdf2-75f0-5e37-a0d9-a50091da250d,22c89b56-16e1-5183-a002-61e6af257092,16e5703f-e589-5bbd-a595-ffe5ffdc6dff,8,26,እውነትን ካወቅናት በኋላ፥ ተጋፍተን ብንበድል ከእንግዲህ ወዲህ ስለ ኀጢአት መሥዋዕት አይኖርም።
ad7f845c-d6f1-5226-af36-e6b276dffd3c,22c89b56-16e1-5183-a002-61e6af257092,16e5703f-e589-5bbd-a595-ffe5ffdc6dff,9,27,ነገር ግን የሚያስፈራ ፍርድ ከሓዲዎችንም የሚበላቸው የቅናት እሳት ይጠብቃቸዋል።
e6424339-b35b-5920-a4de-4775ab8ffbb7,22c89b56-16e1-5183-a002-61e6af257092,16e5703f-e589-5bbd-a595-ffe5ffdc6dff,10,28,ከሙሴ ሕግ የተላለፈ ቢኖር ሁለት፥ ወይም ሦስት ምስክሮች ከመሰከሩበት ያለ ምሕረት ይሞታል።
a6cced35-184d-5a45-a869-ce0beed1aa08,22c89b56-16e1-5183-a002-61e6af257092,16e5703f-e589-5bbd-a595-ffe5ffdc6dff,11,29,የእግዚአብሔርን ልጅ የከዳ፥ ያንንም የተቀደሰበትን የኪዳኑን ደም እንደ ርኩስ ነገር የቈጠረ፥ የጸጋውንም መንፈስ ያክፋፋ እንዴት ይልቅ የሚብስ ቅጣት የሚገባው ይመስላችኋል?
20da6d6e-b283-5fc8-a950-3c63ac39d8b3,22c89b56-16e1-5183-a002-61e6af257092,16e5703f-e589-5bbd-a595-ffe5ffdc6dff,12,30,“እኔ እበቀላለሁ፤ እኔም ብድራትን እመልሳለሁ፥” ያለውን እናውቀዋለንና፤ ዳግመኛም “እግዚአብሔር በሕዝቡ ላይ ይፈርዳል።”
9a2306ad-547c-56ad-ad37-0842ae9aad51,22c89b56-16e1-5183-a002-61e6af257092,16e5703f-e589-5bbd-a595-ffe5ffdc6dff,13,31,በሕያው እግዚአብሔር እጅ መውደቅ እጅግ የሚያስፈራ ነው።
179efc6f-3a69-58ef-a009-d8177c2162a2,22c89b56-16e1-5183-a002-61e6af257092,16e5703f-e589-5bbd-a595-ffe5ffdc6dff,14,32,እናንተ የተጠመቃችሁበትንና ብዙ መከራ የታገሣችሁበትን የቀደመውን ዘመን አስቡ፤
aca07f82-7b8b-5c67-a5b6-1ffd4405e45d,22c89b56-16e1-5183-a002-61e6af257092,16e5703f-e589-5bbd-a595-ffe5ffdc6dff,15,33,እናንተ ተሰድባችሁ ነበር፤ መከራም አጽንተውባችሁ ነበር፤ ተዘባብተውባችሁም ነበር፤ በዚህም መንገድ እንዲህ ከሆኑት ጋር ተባብራችሁ ነበር።
9d4861a3-717f-5936-a107-f4da80c15dc6,22c89b56-16e1-5183-a002-61e6af257092,16e5703f-e589-5bbd-a595-ffe5ffdc6dff,16,34,በእስራቴም ጊዜ ከእኔ ጋር በመከራ ተባብራችኋል፤ የገንዘባችሁንም መዘረፍ በደስታ ተቀብላችኋል፤ በሰማያት ለዘለዓለም የሚኖር ከዚህ የሚበልጥና የተሻለ ገንዘብ እንዳላችሁ ታውቃላችሁና።
1edc80ab-956e-56b0-a4b0-75ab6e4c1881,22c89b56-16e1-5183-a002-61e6af257092,16e5703f-e589-5bbd-a595-ffe5ffdc6dff,17,35,ትልቁን ዋጋችሁን የምታገኙባትን መታመናችሁን አትጣሉ።
fc001cb3-8e39-50b6-a207-8682d6df231d,22c89b56-16e1-5183-a002-61e6af257092,16e5703f-e589-5bbd-a595-ffe5ffdc6dff,18,36,ነገር ግን የእግዚአብሔርን ፈቃድ አድርጋችሁ የተሰጣችሁን ተስፋ ታገኙ ዘንድ መታገሥ ያስፈልጋችኋል።
9fd557d6-56ec-5173-adfe-15393ea4fde1,22c89b56-16e1-5183-a002-61e6af257092,16e5703f-e589-5bbd-a595-ffe5ffdc6dff,19,37,“ገና ጥቂት ቀን አለና፤ የሚመጣውም ፈጥኖ ይደርሳል፥ አይዘገይምም።
1aa24ff2-25f8-5c30-a2a8-e77e9868c1fe,22c89b56-16e1-5183-a002-61e6af257092,16e5703f-e589-5bbd-a595-ffe5ffdc6dff,20,38,ጻድቅ በእምነት ይድናል፤ ወደኋላ ቢመለስ ግን ልቡናዬ በእርሱ ደስ አይላትም።”
4bee12bd-cddc-5288-a8a9-d55af51b42c3,22c89b56-16e1-5183-a002-61e6af257092,16e5703f-e589-5bbd-a595-ffe5ffdc6dff,21,39,እኛ ግን ነፍሳቸውን ሊያድኑ ከሚያምኑት ነን እንጂ ወደ ጥፋት ከሚያፈገፍጉት አይደለንም።
e28e7456-df2e-5af4-aee7-c66bbee1dd13,0f99b667-58be-50ac-af69-b6b4695c76ac,c6bb05d6-ee7b-5d59-a023-faafadd9d99e,1,1,እምነትስ ተስፋ ስለምናደርገው ነገር የምታረጋግጥ፥ የማናየውንም ነገር የምታስረዳ ናት።
52955886-b6f6-5e8a-aa4c-b0bf19423c0a,0f99b667-58be-50ac-af69-b6b4695c76ac,c6bb05d6-ee7b-5d59-a023-faafadd9d99e,2,2,በዚህም ለሽማግሌዎች ተመሰከረላቸው።
34f794a1-ca75-5d62-aac2-c6c627b8c8cc,0f99b667-58be-50ac-af69-b6b4695c76ac,c6bb05d6-ee7b-5d59-a023-faafadd9d99e,3,3,ዓለም በእግዚአብሔር ቃል እንደ ተፈጠረ፥ የሚታየውም ነገር ከማይታየው እንደ ሆነ በእምነት እናውቃለን።
68834531-506c-5803-a981-9db18b219c40,0f99b667-58be-50ac-af69-b6b4695c76ac,c6bb05d6-ee7b-5d59-a023-faafadd9d99e,4,4,አቤል ከቃኤል ይልቅ የሚበልጥ መሥዋዕትን ለእግዚአብሔር በእምነት አቀረበ፤ በዚህም ጻድቅ እንደ ሆነ ተመሰከረለት፤ ምስክሩም መሥዋዕቱን በመቀበል እግዚአብሔር ነው። በዚህም ከሞተ በኋላ እንኳ ተናገረ።
a4dbe55e-be24-5774-af26-2b07c53f6cb4,0f99b667-58be-50ac-af69-b6b4695c76ac,c6bb05d6-ee7b-5d59-a023-faafadd9d99e,5,5,ሄኖክ ሞትን እንዳያይ በእምነት ተወሰደ፤ እግዚአብሔርም ስለ ወሰደው አልተገኘም፤ ሳይወሰድም እግዚአብሔርን ደስ እንደ አሰኘው ተመስክሮለታል።
fb78c632-0602-533e-a8fe-e6dae96fbeeb,0f99b667-58be-50ac-af69-b6b4695c76ac,c6bb05d6-ee7b-5d59-a023-faafadd9d99e,6,6,ያለ እምነትም እግዚአብሔርን ደስ ማሰኘት አይቻልም፤ ወደ እግዚአብሔር የሚቀርብ ሰው አስቀድሞ እግዚአብሔር እንዳለ፥ ለሚሹትም ዋጋ እንደሚሰጣቸው ሊያምን ይገባዋል።
4c24c258-538d-59ad-a651-43dc6421dc37,0f99b667-58be-50ac-af69-b6b4695c76ac,c6bb05d6-ee7b-5d59-a023-faafadd9d99e,7,7,ኖኅም ስለማይታየው ነገር የነገሩትን ባመነ ጊዜ ፈራ፤ ቤተ ሰቡንም ያድን ዘንድ ክፍል ያላት መርከብን ሠራ፤ በዚህም ዓለምን አስፈረደበት፤ በእምነትም የሚገኘውን ጽድቅ ወራሽ ሆነ።
9a74e7b4-b739-5881-a5e3-5c7e53433052,0f99b667-58be-50ac-af69-b6b4695c76ac,c6bb05d6-ee7b-5d59-a023-faafadd9d99e,8,8,አብርሃም በተጠራ ጊዜ ርስት አድርጎ ይወርሰው ዘንድ ወዳለው ሀገር ለመሄድ በእምነት ታዘዘ፤ ወዴት እንደሚደርስም ሳያውቅ ሄደ።
fd4c93dd-edfa-5744-abf8-dda610e61fa0,0f99b667-58be-50ac-af69-b6b4695c76ac,c6bb05d6-ee7b-5d59-a023-faafadd9d99e,9,9,በእምነትም ከሀገሩ ወጥቶ ተስፋ በሰጠው ሀገር እንደ ስደተኛ በድንኳን፥ ተስፋውን ከሚወርሱአት ከይስሐቅና ከያዕቆብ ጋር ኖረ።
3cea6686-9733-5431-a652-690e9330cf0d,0f99b667-58be-50ac-af69-b6b4695c76ac,c6bb05d6-ee7b-5d59-a023-faafadd9d99e,10,10,መሠረት ያላትን ሠሪዋና ፈጣሪዋ እግዚአብሔር የሆነላትን ከተማ ደጅ ይጠኑ ነበርና።
15967262-35e9-5ad8-a4e6-1929e83e3bb0,0f99b667-58be-50ac-af69-b6b4695c76ac,c6bb05d6-ee7b-5d59-a023-faafadd9d99e,11,11,ራስዋ ሳራም መካን ሳለች ባረጀችበት ወራት ዘር ታስገኝ ዘንድ በእምነት ኀይልን አገኘች፤ ተስፋ የሰጣት የታመነ እንደ ሆነ አምናለችና።
8e72d699-7e08-5b28-aeca-86adbb002c4d,0f99b667-58be-50ac-af69-b6b4695c76ac,c6bb05d6-ee7b-5d59-a023-faafadd9d99e,12,12,ስለዚህም ደግሞ በብዛታቸው እንደ ሰማይ ኮከብ፥ እንደማይቈጠርም በባሕር ዳር እንዳለ አሸዋ የነበሩት የሞተን ሰው እንኳ ከመሰለው ከአንዱ ተወለዱ።
dab1de1c-1c94-5d02-af8e-4aec87c621e6,0f99b667-58be-50ac-af69-b6b4695c76ac,c6bb05d6-ee7b-5d59-a023-faafadd9d99e,13,13,እነዚህ ሁሉ አምነው ሞቱ፤ ተስፋቸውንም አላገኙም፤ ነገር ግን ከሩቅ አይተው እጅ ነሱኣት፤ በምድሪቱም ላይ እነርሱ እንግዶችና መጻተኞች እንደ ሆኑ ዐወቁ።
7a6d33de-abb4-5c92-aa2f-be63e82130dc,0f99b667-58be-50ac-af69-b6b4695c76ac,c6bb05d6-ee7b-5d59-a023-faafadd9d99e,14,14,እንዲህ የሚሉ ግን ሀገራቸውን እንደሚሹ ያሳያሉ።
187ca62e-f201-5d67-a551-41f645a0ac52,0f99b667-58be-50ac-af69-b6b4695c76ac,c6bb05d6-ee7b-5d59-a023-faafadd9d99e,15,15,ከእርስዋ የወጡባትን ሀገር ቢሹ ኖሮስ፥ ወደ እርስዋ ሊመለሱ በተቻላቸው ነበር።
c301fce4-98c4-5d3a-a80b-f6f352a4d147,0f99b667-58be-50ac-af69-b6b4695c76ac,c6bb05d6-ee7b-5d59-a023-faafadd9d99e,16,16,አሁን ግን፥ በሰማያት ያለችውን የምትበልጠውን ሀገር ተስፋ ያደርጉ እንደ ነበር ታወቀ፤ ስለዚህም እግዚአብሔር አምላካቸው ተብሎ ይጠራ ዘንድ በእነርሱ አያፍርም፤ ተስፋ ያደረጉአትን ሀገር አዘጋጅቶላቸዋልና።
96a44ab3-4e95-5125-a7ea-80ef00cbd23b,0f99b667-58be-50ac-af69-b6b4695c76ac,c6bb05d6-ee7b-5d59-a023-faafadd9d99e,17,17,አብርሃምም እግዚአብሔር በፈተነው ጊዜ ልጁን ይስሐቅን ይሠዋው ዘንድ በእምነት ወሰደው።
756d8742-06b3-5018-a03d-b664138d28d5,0f99b667-58be-50ac-af69-b6b4695c76ac,c6bb05d6-ee7b-5d59-a023-faafadd9d99e,18,18,“በይስሐቅ ዘር ይጠራልሃል” ብሎ ተስፋ ያናገረለትን አንድ ልጁን አቀረበው።
0ebdc267-8a39-5a96-ab89-375eb3ae259b,0f99b667-58be-50ac-af69-b6b4695c76ac,c6bb05d6-ee7b-5d59-a023-faafadd9d99e,19,19,እግዚአብሔር ከሙታን ለይቶ ሊያስነሣው እንደሚችል አምኖአልና፤ ስለዚህም ያው የተሰጠው መታሰቢያ ሆነለት።
0b4cf6b8-6540-543e-a716-0fbf4255aa6a,0f99b667-58be-50ac-af69-b6b4695c76ac,c6bb05d6-ee7b-5d59-a023-faafadd9d99e,20,20,ያገኙት ዘንድ ስለ አላቸው ነገር ይስሐቅ ያዕቆብንና ኤሳውን በእምነት ባረካቸው።
896c20f1-37a9-54ee-a667-5d790ff57475,0f99b667-58be-50ac-af69-b6b4695c76ac,c6bb05d6-ee7b-5d59-a023-faafadd9d99e,21,21,ያዕቆብም በሚሞትበት ጊዜ የዮሴፍን ልጆች እያንዳንዳቸውን በእምነት ባረካቸው፤ በበትሩ ጫፍም ሰገደ።
136fe1b3-0bfa-5059-ad37-4651d533985d,0f99b667-58be-50ac-af69-b6b4695c76ac,c6bb05d6-ee7b-5d59-a023-faafadd9d99e,22,22,ዮሴፍም በሚሞትበት ጊዜ፥ ስለ እስራኤል ልጆች ከግብፅ መውጣት በእምነት ዐሰበ፤ ዐጽሙንም ትተው እንዳይወጡ አዘዘ።
91752f45-07b2-5e76-aa5f-b4dcf055265c,0f99b667-58be-50ac-af69-b6b4695c76ac,c6bb05d6-ee7b-5d59-a023-faafadd9d99e,23,23,ሙሴ በተወለደ ጊዜ በእምነት ሦስት ወር በአባቱ ቤት ሸሸጉት፤ ሕፃኑ መልካም እንደ ሆነ አይተውታልና፤ የንጉሥንም ትእዛዝ አልፈሩም።
8bea26f8-2e24-586a-acf8-950a092ccb0f,0f99b667-58be-50ac-af69-b6b4695c76ac,c6bb05d6-ee7b-5d59-a023-faafadd9d99e,24,24,ሙሴም በአደገ ጊዜ የፈርዖን የልጅ ልጅ እንዳይባል በእምነት እንቢ አለ፤
06800813-6054-50ba-a986-7cdaaa103824,0f99b667-58be-50ac-af69-b6b4695c76ac,c6bb05d6-ee7b-5d59-a023-faafadd9d99e,25,25,ለጊዜው በኀጢአት ከሚገኝ ደስታ ይልቅ ከእግዚአብሔር ሕዝብ ጋር መከራ መቀበልን መረጠ።
fb3e224e-984b-5ba7-a838-605c59fa1725,0f99b667-58be-50ac-af69-b6b4695c76ac,c6bb05d6-ee7b-5d59-a023-faafadd9d99e,26,26,የክርስቶስ የመስቀሉ ተግዳሮት ከግብፅ ሀብት ሁሉ ይልቅ እጅግ የሚበልጥ ባለጠግነት እንደሚሆን ዐውቆአልና፥ ዋጋውንም ተመልክቶአልና።
34e5ac13-5081-5627-ae3c-385ffcb803f2,0f99b667-58be-50ac-af69-b6b4695c76ac,c6bb05d6-ee7b-5d59-a023-faafadd9d99e,27,27,የንጉሡንም ቍጣ ሳይፈራ፥ የግብፅን ሀገር በእምነት ተወ፤ ከሚያየው ይልቅ የማይታየውን ሊፈራ ወዶአልና።
a3d85e4e-f2c3-5bae-a14e-dd6bc6a9355e,0f99b667-58be-50ac-af69-b6b4695c76ac,c6bb05d6-ee7b-5d59-a023-faafadd9d99e,28,28,ቸነፈር በኵራቸውን እንዳያጠፋባቸው በእምነት ፋሲካን አደረገ፤ ደሙንም ረጨ።
089c97ce-f17d-546c-a2db-21e57d945e33,0f99b667-58be-50ac-af69-b6b4695c76ac,c6bb05d6-ee7b-5d59-a023-faafadd9d99e,29,29,በደረቅ ምድር እንደ መሄድ የኤርትራን ባሕር በእምነት ተሻገሩአት፤ የግብፅ ሰዎች ግን ሲሞክሩ ሰጠሙ።
0790199d-ece4-5534-a439-6dea4a07ebba,0f99b667-58be-50ac-af69-b6b4695c76ac,c6bb05d6-ee7b-5d59-a023-faafadd9d99e,30,30,ሰባት ቀን ከዞሩአት በኋላ የኢያሪኮ ቅጽር በእምነት ወደቀ።
2c3a80d4-46d7-50da-af13-7f639d85ce68,0f99b667-58be-50ac-af69-b6b4695c76ac,c6bb05d6-ee7b-5d59-a023-faafadd9d99e,31,31,ዘማ ረአብም በእምነት ከከሓዲዎች ጋር አልጠፋችም፤ ጕበኞችን በሰላም ተቀብላ ሰውራቸዋለችና።
df85f2be-8104-5294-aeab-879954e8d545,0f99b667-58be-50ac-af69-b6b4695c76ac,c6bb05d6-ee7b-5d59-a023-faafadd9d99e,32,32,እንግዲህ ምን እላለሁ? ስለ ጌዴዎን፥ ስለ ባርቅ፥ ስለ ሶምሶን፥ ስለ ዮፍታሔ፥ ስለ ዳዊት፥ ስለ ሳሙኤልና ስለ ሌሎች ነቢያት እነግራችሁ ዘንድ ጊዜዬ አጭር ነውና።
02251d03-c3f4-550d-afcb-dd48c2e05393,0f99b667-58be-50ac-af69-b6b4695c76ac,c6bb05d6-ee7b-5d59-a023-faafadd9d99e,33,33,እነርሱ በእምነት ተጋደሉ፤ ነገሥታትን ድል ነሡ፤ ጽድቅን አደረጉ፤ ተስፋቸውን አገኙ፤ የአናብስትንም አፍ ዘጉ ።
6db35c21-37dc-5d09-aeec-f222de58c20b,0f99b667-58be-50ac-af69-b6b4695c76ac,c6bb05d6-ee7b-5d59-a023-faafadd9d99e,34,34,የእሳት ኀይልን አጠፉ፤ ከሰይፍ ስለት አመለጡ፤ ከድካማቸው በረቱ፤ በጦርነት ኀይለኞች ሆኑ፤ የባዕድ ጭፍሮችንም አባረሩ።
afde474d-52b0-5d19-ad11-7795846b6d0d,0f99b667-58be-50ac-af69-b6b4695c76ac,c6bb05d6-ee7b-5d59-a023-faafadd9d99e,35,35,ሴቶችም እንደ ትንሣኤ ቀን ተነሥተውላቸው ሙታኖቻቸውን ተቀበሉ፤ ተፈርዶባቸው የሞቱም አሉ፤ የምትበልጠውን ሕይወት ያገኙ ዘንድ ሊድኑ አልወደዱምና።
c027f98a-623b-5dca-a288-a65957b87313,0f99b667-58be-50ac-af69-b6b4695c76ac,c6bb05d6-ee7b-5d59-a023-faafadd9d99e,36,36,የገረፉአቸው፥ የዘበቱባቸውና ያሠሩአቸው ወደ ወህኒ ያገቡአቸውም አሉ።
f7e960c8-9f57-5f5c-a1f5-b48b5d215ea1,0f99b667-58be-50ac-af69-b6b4695c76ac,c6bb05d6-ee7b-5d59-a023-faafadd9d99e,37,37,በመጋዝ የሰነጠቁአቸው፥ በድንጋይ የወገሩአቸው፥ በሰይፍም ስለት የገደሉዋቸው አሉ፤ ማቅ፥ ምንጣፍና የፍየል ሌጦ ለብሰው ዞሩ፤ ተጨነቁ፤ ተቸገሩ፤ መከራ ተቀበሉ፤ ተራቡ፥ ተጠሙም።
4c4d9d1a-d882-5f79-a694-506f37688133,0f99b667-58be-50ac-af69-b6b4695c76ac,c6bb05d6-ee7b-5d59-a023-faafadd9d99e,38,38,ዓለም የማይገባቸው እነዚህ ናቸው፤ ዱር ለዱርና ተራራ ለተራራ፥ ዋሻ ለዋሻና ፍርኩታ ለፍርኩታም ዞሩ።
345153d3-2e21-5668-a0c2-86c5d56ede30,0f99b667-58be-50ac-af69-b6b4695c76ac,c6bb05d6-ee7b-5d59-a023-faafadd9d99e,39,39,እነዚህም ሁሉ በእምነታቸው ተመስክሮላቸው ሳሉ፥ የተሰጣቸውን የተስፋ ቃል አላገኙም።
9d508163-b60f-5ffa-a098-e8b400a6ced4,0f99b667-58be-50ac-af69-b6b4695c76ac,c6bb05d6-ee7b-5d59-a023-faafadd9d99e,40,40,ያለ እኛ ፍጹማን እንዳይሆኑ፥ እግዚአብሔር ስለ እኛ የምትበልጠውን አስቀድሞ በይኖአልና።
911cc0e8-24c2-5d15-ab70-c5f73ba95980,5a2b1b0f-be76-57f2-acfa-95c93fa8e4d6,c5319e04-bb94-5c66-aa4e-c7642782ad96,1,1,እንግዲህ እነዚህን የሚያህሉ ምስክሮች እንደ ደመና በዙሪያችን ካሉልን እኛ ደግሞ ሸክምን ሁሉ፥ የኀጢአትንም ጭንቀት ከእኛ አስወግደን፥ በፊታችን ያለውን ሩጫ በትዕግሥት እንሩጥ።
cf76f1e7-e7b1-548a-a5c2-34c7cc480de3,5a2b1b0f-be76-57f2-acfa-95c93fa8e4d6,c5319e04-bb94-5c66-aa4e-c7642782ad96,2,2,የእምነታችንንም ራስና ፈጻሚውን ኢየሱስን እንከተለው፤ እርሱ ነውርን ንቆ፥ በፊቱም ስላለው ደስታ በመስቀል ታግሦ በእግዚአብሔር ዙፋን ቀኝ ተቀምጦአልና።
820decbd-fa35-514e-a6a8-42f63960efcc,5a2b1b0f-be76-57f2-acfa-95c93fa8e4d6,c5319e04-bb94-5c66-aa4e-c7642782ad96,3,3,በነፍሳችሁ ዝላችሁ እንዳትደክሙ፥ ከኀጢአተኞች በደረሰበት እንዲህ ባለ መቃወም የጸናውን እስኪ ዐስቡት።
88416288-1bcb-51f5-a51a-7cc7163901ff,5a2b1b0f-be76-57f2-acfa-95c93fa8e4d6,c5319e04-bb94-5c66-aa4e-c7642782ad96,4,4,ገና አልጸናችሁምና ደማችሁን ለማፍሰስ እስክትደርሱ ኀጢአትን ተጋደሉኣት፥ አሸንፉኣትም፤ ተስፋችሁን የምታገኙባትን ትምህርትም ውደዷት።
62fa98f5-5748-51c5-a89a-6762a47d0f26,5a2b1b0f-be76-57f2-acfa-95c93fa8e4d6,c5319e04-bb94-5c66-aa4e-c7642782ad96,5,5,እንደ ልጆችም ከእናንተ ጋር፥ “ልጄ ሆይ፥ የጌታን ቅጣት አታቅልል በሚገሥጽህም ጊዜ አትድከም።
b5902eb7-ecbd-5cd6-a848-17bdd13ccbf3,5a2b1b0f-be76-57f2-acfa-95c93fa8e4d6,c5319e04-bb94-5c66-aa4e-c7642782ad96,6,6,እግዚአብሔር የሚወደውን ይገሥጻልና፥ የሚወደደውንም ልጅ ሁሉ ይገርፈዋል” ብሎ የሚነጋገረውን ምክር ረስታችኋል።
8060445d-33fe-5a3c-ab14-b43e4b202661,5a2b1b0f-be76-57f2-acfa-95c93fa8e4d6,c5319e04-bb94-5c66-aa4e-c7642782ad96,7,7,ቅጣታችሁን ታገሡ፤ ልጆቹ እንደ መሆናችሁ ይወዳችኋልና፤ አባቱ የማይቈጣው ልጅ ማን ነው?
79bea8f7-31d1-522b-a407-9e1b75e31b3e,5a2b1b0f-be76-57f2-acfa-95c93fa8e4d6,c5319e04-bb94-5c66-aa4e-c7642782ad96,8,8,ነገር ግን ሁሉ የቅጣት ተካፋይ ሆኖአልና፥ ያለ ቅጣት ብትኖሩ ዲቃሎች እንጂ ልጆች አይደላችሁም።
4ef42abe-13c7-501e-ace4-365f0003b3a8,5a2b1b0f-be76-57f2-acfa-95c93fa8e4d6,c5319e04-bb94-5c66-aa4e-c7642782ad96,9,9,በሥጋ የወለዱን አባቶቻችን የሚቀጡን፥ እኛም የምንፈራቸው ከሆነ፥ እንግዲያ ይልቁን ለመንፈስ አባታችን ልንታዘዝና ልንገዛ በሕይወትም ልንኖር እንዴት ይገባን ይሆን?
3a83c7d7-4f31-5168-a71a-7e2c34ff295a,5a2b1b0f-be76-57f2-acfa-95c93fa8e4d6,c5319e04-bb94-5c66-aa4e-c7642782ad96,10,10,እነርሱ መልካም ሆኖ እንደ ታያቸው ለጥቂት ቀን ይቀጡናል፤ እርሱ ግን ከቅድስናው እንድንካፈል ለጥቅማችን ይቀጣናል።
cfc88943-12dc-5eac-ac08-4767f6cba968,5a2b1b0f-be76-57f2-acfa-95c93fa8e4d6,c5319e04-bb94-5c66-aa4e-c7642782ad96,11,11,ቅጣት ሁሉ በጊዜው ያሳዝናል እንጂ ደስ አያሰኝም፤ በኋላ ግን ለተቀጡ ሰላምን ያፈራል፤ ጽድቅንም ያሰጣቸዋል።
0ad44b27-dae3-531e-a40a-88e9cd1b779a,5a2b1b0f-be76-57f2-acfa-95c93fa8e4d6,c5319e04-bb94-5c66-aa4e-c7642782ad96,12,12,ስለዚህም የላሉትን እጆች፥ የሰለሉትንም ጕልበቶች አቅኑ።
76394670-c9fd-5b3a-a1e1-5860b9dfbdf9,5a2b1b0f-be76-57f2-acfa-95c93fa8e4d6,c5319e04-bb94-5c66-aa4e-c7642782ad96,13,13,አንካሳነታችሁ እንዲድንና እንዳትሰነካከሉ ለእግሮቻችሁ የቀና መንገድን አድርጉ።
0956a92a-c61d-56ec-a5a2-caed1e7ac140,5a2b1b0f-be76-57f2-acfa-95c93fa8e4d6,c5319e04-bb94-5c66-aa4e-c7642782ad96,14,14,ከሁሉ ጋር ወደ ሰላም ሩጡ፤ ቅድስናችሁንም አትተዉ፤ ያለ እርሱ ግን እግዚአብሔርን የሚያየው የለም።
6db91723-7c03-5381-af74-f6e84ac81c9a,5a2b1b0f-be76-57f2-acfa-95c93fa8e4d6,c5319e04-bb94-5c66-aa4e-c7642782ad96,15,15,አስተውሉ፤ የእግዚአብሔርንም ጸጋ የሚያቃልል አይኑር፤ ሕማምን የምታመጣ፥ ብዙዎችንም የምታስታቸውና የምታረክሳቸው መራራ ሥር የምትገኝበትም አይኑር።
d095a8ea-a487-5a1d-a120-a3ea03e70bc1,5a2b1b0f-be76-57f2-acfa-95c93fa8e4d6,c5319e04-bb94-5c66-aa4e-c7642782ad96,16,16,ለጥቂት መብል ብኵርናውን እንደ ሸጠ እንደ ዔሳው ሴሰኛና ርኩስ የሚሆን አይኑር።
910b644a-bd20-5275-addf-6530c3e4bb98,5a2b1b0f-be76-57f2-acfa-95c93fa8e4d6,c5319e04-bb94-5c66-aa4e-c7642782ad96,17,17,ከዚያ በኋላ እንኳ በረከትን ሊወርስ በወደደ ጊዜ እንደ ተጣለ ታውቃላችሁና፤ በእንባም ተግቶ ምንም ቢፈልጋት ለንስሓ ስፍራ አላገኘምና።
0d289291-f390-529c-a0b3-503943a97cbe,5a2b1b0f-be76-57f2-acfa-95c93fa8e4d6,c5319e04-bb94-5c66-aa4e-c7642782ad96,18,18,ሊዳሰስ ወደሚችል ወደሚቃጠልም እሳት ወደ ጭጋግም፥ ወደ ጨለማም ወደ ዐውሎ ነፋስም፥
c683c9cb-de6a-5b88-a120-dbdd3c1d5eb2,5a2b1b0f-be76-57f2-acfa-95c93fa8e4d6,c5319e04-bb94-5c66-aa4e-c7642782ad96,19,19,ወደ መለከት ድምፅም፥ ወደ ቃሎችም ነገር አልደረሳችሁምና፥ ያንም ነገር የሰሙት ሌላ ቃል እንዳይጨመርባቸው ለመኑ።
1fa683e3-2b28-55dd-ad9b-84dbe2e14ee7,5a2b1b0f-be76-57f2-acfa-95c93fa8e4d6,c5319e04-bb94-5c66-aa4e-c7642782ad96,20,20,የተነጋገራቸውን ሊሰሙት አልተቻላቸውም ነበርና፥ “እንስሳም ያን ተራራ ቢቀርበው በድንጋይ ይወግሩት” ነበር።
9483670d-5187-5e44-a9ef-e1af05599ff8,5a2b1b0f-be76-57f2-acfa-95c93fa8e4d6,c5319e04-bb94-5c66-aa4e-c7642782ad96,21,21,የታያቸውም እንዲህ ግሩም ነበር፤ ሙሴም እንኳን፥ “እኔ ፈርቻለሁ፥ ደንግጫለሁም” አለ።
c33b5ba0-c1ba-5b9a-ad20-644c7627000c,5a2b1b0f-be76-57f2-acfa-95c93fa8e4d6,c5319e04-bb94-5c66-aa4e-c7642782ad96,22,22,እናንተ ግን፥ የሕያው እግዚአብሔር ከተማ ወደምትሆን ወደ ጽዮን ተራራ፥ በሰማያት ወደ አለችው ኢየሩሳሌም፥ ደስ ብሎአቸው ወደሚኖሩ አእላፍ መላእክትም ደርሳችኋል።
1e93b120-fbc7-5d8a-a7a1-352fbf38bb7c,5a2b1b0f-be76-57f2-acfa-95c93fa8e4d6,c5319e04-bb94-5c66-aa4e-c7642782ad96,23,23,ስማቸው በሰማይ ወደ ተጻፈ ወደ ማኅበረ በኵርም፥ ሁሉን ወደሚገዛም ወደ እግዚአብሔር፥ ወደ ፍጹማን ጻድቃንም ነፍሳት፥
13bd252c-a376-5c8f-afb9-f5681ef33c48,5a2b1b0f-be76-57f2-acfa-95c93fa8e4d6,c5319e04-bb94-5c66-aa4e-c7642782ad96,24,24,የአዲስ ኪዳንም መካከለኛ ወደሚሆን ወደ ኢየሱስ፥ ከአቤልም ደም ይልቅ የሚሻለውን ወደሚናገር ወደ ተረጨው ደሙ ደርሳችኋል።
d3b1c6f1-dd49-56ac-a761-93c2a3c304b7,5a2b1b0f-be76-57f2-acfa-95c93fa8e4d6,c5319e04-bb94-5c66-aa4e-c7642782ad96,25,25,ለሚናገረው እንቢ እንዳትሉ ተጠንቀቁ፤ እነርሱ በደብረ ሲና የተገለጠላቸውን እንቢ ስለ አሉት ካልዳኑ፥ ከሰማይ ከመጣው ፊታችንን ብንመልስ እኛማ እንዴታ?
bc2ffbad-773e-543b-afd2-08a1c085eb89,5a2b1b0f-be76-57f2-acfa-95c93fa8e4d6,c5319e04-bb94-5c66-aa4e-c7642782ad96,26,26,ያንጊዜ ቃል ምድርን አናወጣት፤ “አሁንም እኔ ምድርን እንደ ገና አንድ ጊዜ አናውጣታለሁ” ብሎ ተናገረ፤ ምድርን ብቻም አይደለም፤ ሰማይንም ጭምር እንጂ።
346926f8-b35d-5c72-ad9c-bfce5fb202b7,5a2b1b0f-be76-57f2-acfa-95c93fa8e4d6,c5319e04-bb94-5c66-aa4e-c7642782ad96,27,27,አንድ ጊዜ ደግሞ ያለውም ፍጡራን ናቸውና፥ የማይናወጠው ይኖር ዘንድ፥ የሚናወጠውን እንደሚያሳልፈው ያሳያል።
7c2c99ea-0d4b-5a20-a121-5f6ea5a75d81,5a2b1b0f-be76-57f2-acfa-95c93fa8e4d6,c5319e04-bb94-5c66-aa4e-c7642782ad96,28,28,ስለዚህ የማይናወጥ መንግሥትን ስለምንቀበል በማክበርና በፍርሀት እግዚአብሔርን ደስ እያሰኘን የምናመልክበትን ጸጋ እንያዝ።
2ce7e75e-d8c6-52ab-a283-8631adafb41d,5a2b1b0f-be76-57f2-acfa-95c93fa8e4d6,c5319e04-bb94-5c66-aa4e-c7642782ad96,29,29,አምላካችን በእውነት የሚያቃጥል እሳት ነውና።
7828417d-8488-52a5-a7f3-645ba179d95a,34fbce9d-518c-52f7-a107-84ebda20f71a,63c57e31-5257-5ff8-ac30-228e8cf69854,1,1,ከወንድሞቻችሁ ጋር በፍቅር ኑሩ።
04b1cc08-8493-5af5-a901-136c42921fab,34fbce9d-518c-52f7-a107-84ebda20f71a,63c57e31-5257-5ff8-ac30-228e8cf69854,2,2,እንግዳ መቀበልንም አትርሱ፤ በዚህ ምክንያት ሳያውቁ መላእክትን በእንግድነት ለመቀበል ያታደሉ አሉና።
c057f71d-3b89-580b-aa18-1aaa01849382,34fbce9d-518c-52f7-a107-84ebda20f71a,63c57e31-5257-5ff8-ac30-228e8cf69854,3,3,ከእነርሱ ጋር አብራችኋቸው እንደ ታሰራችሁ ሆናችሁ እስረኞችን ዐስቡ፤ መከራ የጸናባቸውንም በሥጋችሁ ከእነሱ ጋር እንዳላችሁ ሆናችሁ ዐስቡ።
ddf14858-f449-5a7a-abdc-4c648df0e771,34fbce9d-518c-52f7-a107-84ebda20f71a,63c57e31-5257-5ff8-ac30-228e8cf69854,4,4,መጋባት በሁሉ ዘንድ ክቡር ነው፥ ለመኝታቸውም ርኵሰት የለውም፤ ሴሰኞችንና አመንዝሮችን ግን እግዚአብሔር ይፈርድባቸዋል።
7166a4ac-08c9-5159-afed-fd67e85021c2,34fbce9d-518c-52f7-a107-84ebda20f71a,63c57e31-5257-5ff8-ac30-228e8cf69854,5,5,ገንዘብ ሳትወዱ ኑሩ፤ ያላችሁም ይበቃችኋል፤ እርሱ “አልጥልህም፤ ቸልም አልልህም” ብሎአልና።
b8d15e31-f4c4-54eb-a9b7-d71cfe978e0a,34fbce9d-518c-52f7-a107-84ebda20f71a,63c57e31-5257-5ff8-ac30-228e8cf69854,6,6,አሁንም አምነን፥ “እግዚአብሔር ይረዳኛል፥ አልፈራም፥ ሰው ምን ያደርገኛል?” እንበል።
3265cc01-28d9-56f4-a2d2-21850ffbd1a8,34fbce9d-518c-52f7-a107-84ebda20f71a,63c57e31-5257-5ff8-ac30-228e8cf69854,7,7,የእግዚአብሔርን ቃል የነገሩአችሁን መምህሮቻችሁን ዐስቡ፤ መልካም ጠባያቸውን አይታችሁ በእምነት ምሰሉአቸው።
66ed8164-e16c-521e-a357-3de7305dd5b4,34fbce9d-518c-52f7-a107-84ebda20f71a,63c57e31-5257-5ff8-ac30-228e8cf69854,8,8,ኢየሱስ ክርስቶስ ትናንትናና ዛሬ እስከ ዘለዓለም የሚኖር እርሱ ነውና።
bf62fe45-6eb5-502c-a3db-4762fad2e189,34fbce9d-518c-52f7-a107-84ebda20f71a,63c57e31-5257-5ff8-ac30-228e8cf69854,9,9,ሌላ ልዩ ትምህርት አታምጡ፤ ልባችሁ በመብል ያይደለ በጸጋ ቢጸና ይበልጣልና፤ በዚያ ይሄዱ የነበሩ እነዚያ አልተጠቀሙምና።
50048acb-01b0-5c9a-a660-8efb19a37b9d,34fbce9d-518c-52f7-a107-84ebda20f71a,63c57e31-5257-5ff8-ac30-228e8cf69854,10,10,ድንኳኒቱን ሲያገለግሉ የነበሩ ካህናት ከእርሱ ሊበሉ የማይቻላቸው መሠዊያ አለን፤
a46f860b-1207-50a6-ab5f-9d8a094eb0bb,34fbce9d-518c-52f7-a107-84ebda20f71a,63c57e31-5257-5ff8-ac30-228e8cf69854,11,11,ሊቀ ካህናቱ የሚሠዉትን እንስሳ ደም ስለ ኀጢአት ወደ ቅድስተ ቅዱሳን ያቀርብ ነበርና፤ ሥጋውንም ከሰፈር ውጭ ያቃጥሉት ነበር።
7ac7595a-faa6-5c4e-a687-6116496b4773,34fbce9d-518c-52f7-a107-84ebda20f71a,63c57e31-5257-5ff8-ac30-228e8cf69854,12,12,ስለዚህም ኢየሱስ ሕዝቡን በደሙ ይቀድሳቸው ዘንድ ከከተማ ውጭ ተሰቀለ።
7a27b9ab-d0ec-5ba0-a538-4dfb2b93ecfe,34fbce9d-518c-52f7-a107-84ebda20f71a,63c57e31-5257-5ff8-ac30-228e8cf69854,13,13,አሁንም ተግዳሮቱን ተሸክመን፥ ወደ እርሱ ወደ ከተማው ውጭ እንውጣ።
6c496e5b-ed73-5542-af2d-64cb75c328fb,34fbce9d-518c-52f7-a107-84ebda20f71a,63c57e31-5257-5ff8-ac30-228e8cf69854,14,14,በዚህ የሚኖር ከተማ ያለን አይደለም፤ የምትመጣውን እንሻለን እንጂ።
374eccd5-28af-5e6b-ab19-11f847f265a6,34fbce9d-518c-52f7-a107-84ebda20f71a,63c57e31-5257-5ff8-ac30-228e8cf69854,15,15,በውኑ እንግዲህ በስሙ እናምን ዘንድ የከንፈሮቻችን ፍሬ የሚሆን የምስጋና መሥዋዕትን በየጊዜው ለእግዚአብሔር ልናቀርብ አይገባንምን?
c14b9e1b-2ca6-5f4f-ac19-ffdab84f2e48,34fbce9d-518c-52f7-a107-84ebda20f71a,63c57e31-5257-5ff8-ac30-228e8cf69854,16,16,ነገር ግን ለድሆች መራራትን፥ ከእነርሱም ጋር መተባበርን አትርሱ፤ እንዲህ ያለው መሥዋዕት እግዚአብሔርን ደስ ያሰኘዋልና።
c942398e-3a88-549d-a1c1-3fd7abc3a206,34fbce9d-518c-52f7-a107-84ebda20f71a,b2f395bf-5fdd-56d9-a375-bc9701fbaa9a,1,17,ለመምህሮቻችሁ ታዘዙ፤ ተገዙላቸውም፤ ስለ እናንተ በእግዚአብሔር ፊት ምላሽ የሚሰጡ እንደ መሆናቸው፥ ይህን ሳያዝኑ ደስ ብሎአቸው ያደርጉት ዘንድ ስለ ነፍሳችሁ ይተጋሉና።
fff19fb0-d304-5897-aae8-26432be6009f,34fbce9d-518c-52f7-a107-84ebda20f71a,b2f395bf-5fdd-56d9-a375-bc9701fbaa9a,2,18,ይህም ስለ እኛ ትጸልዩ ዘንድ ይገባችኋል፤ ለሁሉ መልካም ነገርን እንደምትወዱና እንደምትሹ እናምናለን።
6f2876b7-9dba-5837-a0bc-dc571df8e6d2,34fbce9d-518c-52f7-a107-84ebda20f71a,b2f395bf-5fdd-56d9-a375-bc9701fbaa9a,3,19,ይልቁንም ፈጥኜ እንድመለስላችሁ ይህን ታደርጉ ዘንድ አጥብቄ እለምናችኋለሁ።
723cb1f7-2397-5e0d-a23d-c1c6e45f1823,34fbce9d-518c-52f7-a107-84ebda20f71a,6a503b26-159e-53b0-a34f-d342a02d1299,1,20,በዘለዓለም ኪዳን ደም ለበጎች ትልቅ እረኛ የሆነውን ጌታችን ኢየሱስን ከሙታን ያስነሣው፥
3f108c11-6a05-5354-a0e1-12219764681c,34fbce9d-518c-52f7-a107-84ebda20f71a,6a503b26-159e-53b0-a34f-d342a02d1299,2,21,የሰላም አምላክ በኢየሱስ ክርስቶስ በኩል በፊቱ ደስ የሚያሰኘውን በእናንተ እያደረገ ፈቃዱን ታደርጉ ዘንድ በመልካም ሥራ ሁሉ ፍጹማን ያድርጋችሁ፤ ለእርሱ እስከ ዘለዓለም ድረስ ክብር ይሁን፤ አሜን።
812e7064-e312-5c97-a83e-c4c50bb77ed0,34fbce9d-518c-52f7-a107-84ebda20f71a,6a503b26-159e-53b0-a34f-d342a02d1299,3,22,ወንድሞች ሆይ፥ የምክርን ቃል እንድትቀበሉ እመክራችኋለሁ፤ በጥቂት ቃል ጽፌላችኋለሁና።
7306651e-2d0b-5ff7-ae52-4f84e75cb547,34fbce9d-518c-52f7-a107-84ebda20f71a,6a503b26-159e-53b0-a34f-d342a02d1299,4,23,ወንድማችን ጢሞቴዎስ ከእኛ ወደ እናንተ እንደ ተላከ ዕወቁ፤ ፈጥኖ ከመጣ አያችኋለሁ።
56194c76-259b-5a42-ad50-ae24583afebb,34fbce9d-518c-52f7-a107-84ebda20f71a,6a503b26-159e-53b0-a34f-d342a02d1299,5,24,መምህሮቻችሁን ሁሉና ቅዱሳንንም ሁሉ ሰላም በሉ፥ በኢጣልያ ያሉ ሁሉ ሰላም ብለዋችኋል።
1b503de3-df84-5da6-a505-d7b98b09d44d,34fbce9d-518c-52f7-a107-84ebda20f71a,6a503b26-159e-53b0-a34f-d342a02d1299,6,25,የጌታችን ጸጋዉ ከሁላችሁ ጋር ይሁን፤ አሜን።
8d894905-f72e-5f06-af85-db6d6bca943f,ba4c1f81-44a8-58fb-ad0e-6aa4f4dad0c6,d5c2be51-6e4f-50f7-a5bb-be26e8748433,1,1,የኢየሱስ ክርስቶስ ሐዋርያ ጴጥሮስ፥ እግዚአብሔር አብ አስቀድሞ እንዳወቃቸው በመንፈስም እንደሚቀደሱ፥ ይታዘዙና በኢየሱስ ክርስቶስ ደም ይረጩ ዘንድ ለተመረጡት በጳንጦስና በገላትያ በቀጰዶቅያም በእስያም በቢታንያም ለተበተኑ መጻተኞች፤ ጸጋና ሰላም ይብዛላችሁ።
f4e94f25-9334-5257-a41a-9b508450aa9c,ba4c1f81-44a8-58fb-ad0e-6aa4f4dad0c6,0a52f218-abc2-586b-a253-d8d2c4053f4f,1,3,ኢየሱስ ክርስቶስ ከሙታን በመነሣቱ ለሕያው ተስፋና ለማይጠፋ፥ እድፈትም ለሌለበት፥ ለማያልፍም ርስት እንደ ምሕረቱ ብዛት ሁለተኛ የወለደን የጌታችን የኢየሱስ ክርስቶስ አባት እግዚአብሔር ይመስገን፤ ይህም ርስት በመጨረሻው ዘመን ይገለጥ ዘንድ ለተዘጋጀ መዳን በእምነት በእግዚአብሔር ኀይል ለተጠበቃችሁ ለእናንተ በሰማይ ቀርቶላችኋል።
ff481bab-f61d-5582-a0e5-a94ad11de1a3,ba4c1f81-44a8-58fb-ad0e-6aa4f4dad0c6,0a52f218-abc2-586b-a253-d8d2c4053f4f,2,6,በዚህም እጅግ ደስ ይላችኋል፤ ነገር ግን በእሳት ምንም ቢፈተን ከሚጠፋው ወርቅ ይልቅ አብልጦ የሚከብር የተፈተነ እምነታችሁ፥ ኢየሱስ ክርስቶስ ሲገለጥ፥ ለምስጋናና ለክብር ለውዳሴም ይገኝ ዘንድ አሁን ለጥቂት ጊዜ ቢያስፈልግ በልዩ ልዩ ፈተና አዝናችኋል።
67318261-9283-5196-a0c4-cb356647bf0b,ba4c1f81-44a8-58fb-ad0e-6aa4f4dad0c6,0a52f218-abc2-586b-a253-d8d2c4053f4f,3,8,እርሱንም ሳታዩት ትወዱታላችሁ፤ አሁንም ምንም ባታዩት በእርሱ አምናችሁ፥ የእምነታችሁን ፍፃሜ እርሱም የነፍሳችሁን መዳን እየተቀበላችሁ፥ በማይነገርና ክብር በሞላበት ሐሤት ደስ ይላችኋል።
b9a355c4-67f4-558e-a856-da5aae9955b7,ba4c1f81-44a8-58fb-ad0e-6aa4f4dad0c6,0a52f218-abc2-586b-a253-d8d2c4053f4f,4,10,ለእናንተም ስለሚሰጠው ጸጋ ትንቢት የተናገሩት ነቢያት ስለዚህ መዳን ተግተው እየፈለጉ መረመሩት፤
c13789e1-3cd5-5ce7-abd0-28adae4787ab,ba4c1f81-44a8-58fb-ad0e-6aa4f4dad0c6,0a52f218-abc2-586b-a253-d8d2c4053f4f,5,11,በእነርሱም የነበረ የክርስቶስ መንፈስ፥ ስለ ክርስቶስ መከራ ከእርሱም በኋላ ስለሚመጣው ክብር አስቀድሞ እየመሰከረ፥ በምን ወይም እንዴት ባለ ዘመን እንዳመለከተ ይመረምሩ ነበር።
fb0dc3d9-b732-537c-ad57-c867d0d702a8,ba4c1f81-44a8-58fb-ad0e-6aa4f4dad0c6,0a52f218-abc2-586b-a253-d8d2c4053f4f,6,12,ለእነርሱም ከሰማይ በተላከ በመንፈስ ቅዱስ ወንጌልን የሰበኩላችሁ ሰዎች አሁን ባወሩላችሁ ነገር እናንተን እንጂ ራሳቸውን እንዳላገለገሉ ተገለጠላቸው፤ ይህንም ነገር መላእክቱ ሊመለከቱ ይመኛሉ።
8b9c51b6-d9c0-5493-a88e-45030cc31b6d,ba4c1f81-44a8-58fb-ad0e-6aa4f4dad0c6,ab7bcd1b-5041-5b40-a543-d1a1a924215b,1,13,ስለዚህ የልቡናችሁን ወገብ ታጥቃችሁና በመጠን ኖራችሁ፥ ኢየሱስ ክርስቶስ ሲገለጥ የምታገኙትን ጸጋ ፈጽማችሁ ተስፋ አድርጉ።
5f283b56-ecf2-5601-ae6c-acdde0c3f47e,ba4c1f81-44a8-58fb-ad0e-6aa4f4dad0c6,ab7bcd1b-5041-5b40-a543-d1a1a924215b,2,14,እንደሚታዘዙ ልጆች ባለማወቃችሁ አስቀድሞ የኖራችሁበትን ምኞት አትከተሉ።
421a1412-a581-5b47-ae92-8129f4f8de0c,ba4c1f81-44a8-58fb-ad0e-6aa4f4dad0c6,ab7bcd1b-5041-5b40-a543-d1a1a924215b,3,15,ዳሩ ግን “እኔ ቅዱስ ነኝና ቅዱሳን ሁኑ፤” ተብሎ ስለ ተጻፈ የጠራችሁ ቅዱስ እንደ ሆነ እናንተ ደግሞ በኑሮአችሁ ሁሉ ቅዱሳን ሁኑ።
b0a7e2c6-1080-5ad9-a434-2e57c8edbc10,ba4c1f81-44a8-58fb-ad0e-6aa4f4dad0c6,ab7bcd1b-5041-5b40-a543-d1a1a924215b,4,17,ለሰው ፊትም ሳያደላ በእያንዳንዱ ላይ እንደ ሥራው የሚፈርደውን አባት ብላችሁ ብትጠሩ በእንግድነታችሁ ዘመን በፍርሃት ኑሩ።
232c5b54-d964-5797-a309-031b65045614,ba4c1f81-44a8-58fb-ad0e-6aa4f4dad0c6,ab7bcd1b-5041-5b40-a543-d1a1a924215b,5,18,ከአባቶቻችሁ ከወረሳችሁት ከከንቱ ኑሮአችሁ በሚያልፍ ነገር በብር ወይም በወርቅ ሳይሆን፥ ነውርና እድፍ እንደ ሌለው እንደ በግ ደም በክቡር የክርስቶስ ደም እንደ ተዋጃችሁ ታውቃላችሁ።
1c69f803-ec86-50b6-a002-07efb78210d8,ba4c1f81-44a8-58fb-ad0e-6aa4f4dad0c6,ab7bcd1b-5041-5b40-a543-d1a1a924215b,6,20,ዓለም ሳይፈጠር እንኳ አስቀድሞ ታወቀ፤ ነገር ግን እምነታችሁና ተስፋችሁ በእግዚአብሔር ይሆን ዘንድ፥ ከሙታን ባስነሣው ክብርንም በሰጠው በእግዚአብሔር በእርሱ ስለምታምኑ ስለ እናንተ በዘመኑ መጨረሻ ተገለጠ።
c8f698ec-f445-5269-aaac-ca8b66c52a12,ba4c1f81-44a8-58fb-ad0e-6aa4f4dad0c6,ab7bcd1b-5041-5b40-a543-d1a1a924215b,7,22,ለእውነት እየታዘዛችሁ ግብዝነት ለሌለበት ለወንድማማች መዋደድ ነፍሳችሁን አንጽታችሁ እርስ በርሳችሁ ከልባችሁ አጥብቃችሁ ተዋደዱ።
6fd5b366-bb3c-5bd9-a06c-c5c82091f680,ba4c1f81-44a8-58fb-ad0e-6aa4f4dad0c6,ab7bcd1b-5041-5b40-a543-d1a1a924215b,8,23,ዳግመኛ የተወለዳችሁት ከሚጠፋ ዘር አይደለም፤ በሕያውና ለዘላለም በሚኖር በእግዚአብሔር ቃል ከማይጠፋ ዘር ነው እንጂ።
ca6a1065-e746-5af7-af60-7e9ddafee7b1,ba4c1f81-44a8-58fb-ad0e-6aa4f4dad0c6,ab7bcd1b-5041-5b40-a543-d1a1a924215b,9,24,“ሥጋ ሁሉ እንደ ሣር፥ ክብሩም ሁሉ እንደ ሣር አበባ ነውና፤
aed8a47d-116b-5348-ac2b-85b57700fa33,ba4c1f81-44a8-58fb-ad0e-6aa4f4dad0c6,ab7bcd1b-5041-5b40-a543-d1a1a924215b,10,25,የጌታ ቃል ግን ለዘላለም ይኖራል።”
dbe0c9df-7a87-58ee-a813-ea7ec62d3f85,8c8c007b-2f58-5ce6-a827-8703ae321ccd,d8281cda-db8e-5011-aea2-0a4570bb5548,1,1,እንግዲህ ክፋትን ሁሉ ተንኰልንም ሁሉ ግብዝነትንም ቅንዓትንም ሐሜትንም ሁሉ አስወግዳችሁ፥
9fa663ee-09b6-510d-a73d-175a29745ce1,8c8c007b-2f58-5ce6-a827-8703ae321ccd,d8281cda-db8e-5011-aea2-0a4570bb5548,2,2,ጌታ ቸር መሆኑን ቀምሳችሁ እንደ ሆነ፥ ለመዳን በእርሱ እንድታድጉ አሁን እንደ ተወለዱ ሕፃናት ተንኰል የሌለበትን የቃልን ወተት ተመኙ።
bf3c6343-8384-5705-a806-86c4247b3813,8c8c007b-2f58-5ce6-a827-8703ae321ccd,d8281cda-db8e-5011-aea2-0a4570bb5548,3,4,በሰውም ወደ ተጣለ በእግዚአብሔር ዘንድ ግን ወደ ተመረጠና ክቡር ወደ ሆነው ወደ ሕያው ድንጋይ ወደ እርሱ እየቀረባችሁ፥
bb4eb343-615a-5900-ab67-c1184de2f324,8c8c007b-2f58-5ce6-a827-8703ae321ccd,d8281cda-db8e-5011-aea2-0a4570bb5548,4,5,እናንተ ደግሞ እንደ ሕያዋን ድንጋዮች ሆናችሁ፥ በኢየሱስ ክርስቶስ ለእግዚአብሔር ደስ የሚያሰኝ መንፈሳዊ መሥዋዕትን ታቀርቡ ዘንድ ቅዱሳን ካህናት እንድትሆኑ መንፈሳዊ ቤት ለመሆን ተሠሩ።
e59e5780-3b81-5966-a57d-36f699d827ea,8c8c007b-2f58-5ce6-a827-8703ae321ccd,d8281cda-db8e-5011-aea2-0a4570bb5548,5,6,በመጽሐፍ
cbddace0-5b0a-5e21-a3f7-f3caf2764fb3,8c8c007b-2f58-5ce6-a827-8703ae321ccd,d8281cda-db8e-5011-aea2-0a4570bb5548,6,9,እናንተ ግን ከጨለማ ወደሚደነቅ ብርሃኑ የጠራችሁን የእርሱን በጎነት እንድትናገሩ የተመረጠ ትውልድ፥ የንጉሥ ካህናት፥ ቅዱስ ሕዝብ፥ ለርስቱ የተለየ ወገን ናችሁ፤
fb668439-4504-5ed1-ad92-cf5cf1dd12ef,8c8c007b-2f58-5ce6-a827-8703ae321ccd,d8281cda-db8e-5011-aea2-0a4570bb5548,7,10,እናንተ ቀድሞ ወገን አልነበራችሁም፤ አሁን ግን የእግዚአብሔር ወገን ናችሁ፤ እናንተ ምሕረት ያገኛችሁ አልነበራችሁም፤ አሁን ግን ምሕረትን አግኝታችኋል።
fe9f3a14-c7b0-5d34-acdd-84d581235561,8c8c007b-2f58-5ce6-a827-8703ae321ccd,0d445229-3f2b-523c-a095-9b4dd9665c52,1,11,ወዳጆች ሆይ! ነፍስን ከሚዋጋ ሥጋዊ ምኞት ትርቁ ዘንድ እንግዶችና መጻተኞች እንደ መሆናችሁ እለምናችኋለሁ፤
86901b76-049f-5585-a5df-1a8f379f28f0,8c8c007b-2f58-5ce6-a827-8703ae321ccd,0d445229-3f2b-523c-a095-9b4dd9665c52,2,12,ስለሚመለከቱት ስለ መልካም ሥራችሁ፥ ክፉ እንደምታደርጉ በዚያ እናንተን በሚያሙበት ነገር፥ በሚጎበኝበት ቀን እግዚአብሔርን ያከብሩት ዘንድ በአሕዛብ መካከል ኑሮአችሁ መልካም ይሁን።
6d000b3f-c537-5683-a97e-8335dfd2cdd8,8c8c007b-2f58-5ce6-a827-8703ae321ccd,0d445229-3f2b-523c-a095-9b4dd9665c52,3,13,ስለ ጌታ ብላችሁ ለሰው ሥርዐት ሁሉ ተገዙ፤ ለንጉሥም ቢሆን፥ ከሁሉ በላይ ነውና፤
82379fc2-7f4c-53e2-a408-43dc06d6f29e,8c8c007b-2f58-5ce6-a827-8703ae321ccd,0d445229-3f2b-523c-a095-9b4dd9665c52,4,14,ለመኳንንትም ቢሆን፥ ክፉ የሚያደርጉትን ለመቅጣት በጎም የሚያደርጉትን ለማመስገን ከእርሱ ተልከዋልና ተገዙ።
af0dc12f-e271-5256-a79c-672394928b78,8c8c007b-2f58-5ce6-a827-8703ae321ccd,0d445229-3f2b-523c-a095-9b4dd9665c52,5,15,በጎ እያደረጋችሁ፥ የማያውቁትን ሞኞች ዝም ታሰኙ ዘንድ እንዲህ የእግዚአብሔር ፈቃድ ነውና፤
315d49e1-0e10-5702-a7ef-9d8c30302762,8c8c007b-2f58-5ce6-a827-8703ae321ccd,0d445229-3f2b-523c-a095-9b4dd9665c52,6,16,አርነት ወጥታችሁ እንደ እግዚአብሔር ባሪያዎች ሁኑ እንጂ ያ አርነት ለክፋት መሸፈኛ እንዲሆን አታድርጉ።
a2166bb7-4de8-54d3-a19d-4ef4afd40f65,8c8c007b-2f58-5ce6-a827-8703ae321ccd,0d445229-3f2b-523c-a095-9b4dd9665c52,7,17,ሁሉን አክብሩ፤ ወንድሞችን ውደዱ፤ እግዚአብሔርን ፍሩ፤ ንጉሥን አክብሩ።
1bf5cd9b-8e9f-5590-a281-f4be944b6ed2,8c8c007b-2f58-5ce6-a827-8703ae321ccd,bda5f849-2ee9-5adf-a85b-0732c093d542,1,18,ሎሌዎች ሆይ! ለበጎዎችና ለገሮች ጌቶቻችሁ ብቻ ሳይሆን ለጠማሞች ደግሞ በፍርሃት ሁሉ ተገዙ።
1b232690-0efd-57e0-ab69-9d04ce9b6c8f,8c8c007b-2f58-5ce6-a827-8703ae321ccd,bda5f849-2ee9-5adf-a85b-0732c093d542,2,19,በግፍ መከራን የሚቀበል ሰው እግዚአብሔርን እያሰበ ሐዘንን ቢታገሥ ምስጋና ይገባዋልና።
77d68cf5-312d-5ffd-a6b1-568fa816d888,8c8c007b-2f58-5ce6-a827-8703ae321ccd,bda5f849-2ee9-5adf-a85b-0732c093d542,3,20,ኀጢአት አድርጋችሁ ስትጎሰሙ ብትታገሡ፥ ምን ክብር አለበት? ነገር ግን መልካም አድርጋችሁ መከራን ስትቀበሉ ብትታገሡ፥ ይህ ነገር በእግዚአብሔር ዘንድ ምስጋና ይገባዋል።
8e437a12-ae8f-5e73-aa5c-f2fb69d824c1,8c8c007b-2f58-5ce6-a827-8703ae321ccd,bda5f849-2ee9-5adf-a85b-0732c093d542,4,21,የተጠራችሁለት ለዚህ ነውና፤ ክርስቶስ ደግሞ ፍለጋውን እንድትከተሉ ምሳሌ ትቶላችሁ ስለ እናንተ መከራን ተቀብሎአልና።
29eec590-9bef-52ac-afa5-05ee640adfb1,8c8c007b-2f58-5ce6-a827-8703ae321ccd,bda5f849-2ee9-5adf-a85b-0732c093d542,5,22,“እርሱም ኀጢአት አላደረገም፤
7a9c2d55-54ef-5ca1-acfc-26613a3e288f,8c8c007b-2f58-5ce6-a827-8703ae321ccd,bda5f849-2ee9-5adf-a85b-0732c093d542,6,23,ሲሰድቡት መልሶ አልተሳደበም፤ መከራንም ሲቀበል አልዛተም፤ ነገር ግን በጽድቅ ለሚፈርደው ራሱን አሳልፎ ሰጠ፤
b107025e-5e52-5c1a-a1f3-31299d1e64ce,8c8c007b-2f58-5ce6-a827-8703ae321ccd,bda5f849-2ee9-5adf-a85b-0732c093d542,7,24,ለኀጢአት ሞተን ለጽድቅ እንድንኖር፥ እርሱ ራሱ በሥጋው ኀጢአታችንን በእንጨት ላይ ተሸከመ፤ በመገረፉ ቁስል ተፈወሳችሁ።
03be09cb-4363-5af1-af54-99e11dfc98d7,8c8c007b-2f58-5ce6-a827-8703ae321ccd,bda5f849-2ee9-5adf-a85b-0732c093d542,8,25,እንደ በጎች ትቅበዘበዙ ነበርና፥ አሁን ግን ወደ ነፍሳችሁ እረኛና ጠባቂ ተመልሳችኋል።
d0ec5bc6-f71a-50ce-a73a-0064a286436c,58226e07-b571-5abe-a475-856ffb9c4c97,7923e897-665c-59b0-a35e-832024444808,1,1,እንዲሁም እናንተ ሚስቶች ሆይ! ከባሎቻችሁ አንዳንዱ ለትምህርት የማይታዘዙ ቢኖሩ፥ በፍርሃት ያለውን ንጹሑን ኑሮአችሁን እየተመለከቱ ያለ ትምህርት በሚስቶቻቸው ኑሮ እንዲገኙ ተገዙላቸው።
473fe735-c831-58a0-a42b-206da157d795,58226e07-b571-5abe-a475-856ffb9c4c97,7923e897-665c-59b0-a35e-832024444808,2,3,ለእናንተም ጠጕርን በመሸረብና ወርቅን በማንጠልጠል ወይም ልብስን በመጎናጸፍ በውጭ የሆነ ሽልማት አይሁንላችሁ፤
240a8867-f2cd-5677-a3b1-72a14ac4dfd1,58226e07-b571-5abe-a475-856ffb9c4c97,7923e897-665c-59b0-a35e-832024444808,3,4,ነገር ግን በእግዚአብሔር ፊት ዋጋው እጅግ የከበረ የዋህና ዝግተኛ መንፈስ ያለውን የማይጠፋውን ልብስ ለብሶ የተሰወረ የልብ ሰው ይሁንላችሁ።
67ac7754-dee8-505c-a203-e2ab08e47f7a,58226e07-b571-5abe-a475-856ffb9c4c97,7923e897-665c-59b0-a35e-832024444808,4,5,እንዲህ በቀድሞ ዘመን በእግዚአብሔር ተስፋ ያደረጉት ቅዱሳት ሴቶች ደግሞ ለባሎቻቸው ሲገዙ ተሸልመው ነበርና፤
f7953db9-04ad-53e4-a285-a0a91544e901,58226e07-b571-5abe-a475-856ffb9c4c97,7923e897-665c-59b0-a35e-832024444808,5,6,እንዲሁም ሣራ ለአብርሃም፥ ጌታ ብላ እየጠራችው ታዘዘችለት፤ እናንተም ከሚያስደነግጥ ነገር አንዳች እንኳ ሳትፈሩ መልካም ብታደርጉ ልጆችዋ ናችሁ።
19e41f4b-438c-51e9-af5d-3de200714b4f,58226e07-b571-5abe-a475-856ffb9c4c97,7923e897-665c-59b0-a35e-832024444808,6,7,እንዲሁም እናንተ ባሎች ሆይ! ደካማ ፍጥረት ስለ ሆኑ ከሚስቶቻችሁ ጋር በማስተዋል አብራችሁ ኑሩ፤ ጸሎታችሁ እንዳይከለከል አብረው ደግሞ የሕይወትን ጸጋ እንደሚወርሱ አድርጋችሁ አክብሩአቸው።
655bfa94-160b-5152-a169-bb8a918d6a4b,58226e07-b571-5abe-a475-856ffb9c4c97,9fa95632-a275-55b6-a5ec-7b326ccd32ca,1,8,በመጨረሻው ሁላችሁ በአንድ ልብ ሁኑ፤ የሌላው መከራ ለእናንተ እንደሚሆን አድርጉ፤ እንደወንድሞች ተዋደዱ፤ ርኅሩኆችና ትሑታን ሁኑ፤
de9b4072-d1ea-5a81-aeab-19338f063331,58226e07-b571-5abe-a475-856ffb9c4c97,9fa95632-a275-55b6-a5ec-7b326ccd32ca,2,9,ክፉን በክፉ ፈንታ ወይም ስድብን በስድብ ፈንታ አትመልሱ፤ በዚህ ፈንታ ባርኩ እንጂ፤ በረከትን ልትወርሱ ለዚህ ተጠርታችኋልና።
b7d954bf-1647-5ee3-abc9-932d1f663a8f,58226e07-b571-5abe-a475-856ffb9c4c97,9fa95632-a275-55b6-a5ec-7b326ccd32ca,3,10,“ሕይወትን ሊወድ መልካሞችንም ቀኖች ሊያይ የሚፈልግ ሰው፥
268492b5-06ab-5398-a251-ca7efdfbb93d,58226e07-b571-5abe-a475-856ffb9c4c97,9fa95632-a275-55b6-a5ec-7b326ccd32ca,4,11,ከክፉ ፈቀቅ ይበል፤ መልካምንም ያድርግ፤
d727f0e4-d663-5b5a-accf-9fbe9ca62574,58226e07-b571-5abe-a475-856ffb9c4c97,9fa95632-a275-55b6-a5ec-7b326ccd32ca,5,12,የጌታ ዐይኖች ወደ ጻድቃን ናቸውና፤
265517eb-5a76-56df-a118-f38434ed94e7,58226e07-b571-5abe-a475-856ffb9c4c97,9fa95632-a275-55b6-a5ec-7b326ccd32ca,6,13,በጎንም ለማድረግ ብትቀኑ የሚያስጨንቃችሁ ማን ነው?
32082af8-cc0c-586b-afca-fd0a257b1072,58226e07-b571-5abe-a475-856ffb9c4c97,9fa95632-a275-55b6-a5ec-7b326ccd32ca,7,14,ነገር ግን ስለ ጽድቅ እንኳ መከራን ብትቀበሉ ብፁዓን ናችሁ። ማስፈራራታቸውንም አትፍሩ፤ አትናወጡም፤
dfb9dba5-7753-5c61-ac88-842b4b8107ba,58226e07-b571-5abe-a475-856ffb9c4c97,9fa95632-a275-55b6-a5ec-7b326ccd32ca,8,15,ዳሩ ግን ጌታን እርሱም ክርስቶስ በልባችሁ ቀድሱት። በእናንተ ስላለ ተስፋ ምክንያትን ለሚጠይቁዋችሁ ሁሉ መልስ ለመስጠት ዘወትር የተዘጋጃችሁ ሁኑ፤ ነገር ግን በየዋህነትና በፍርሃት ይሁን።
fdc40b7a-4814-53e0-a3c9-81793044b539,58226e07-b571-5abe-a475-856ffb9c4c97,9fa95632-a275-55b6-a5ec-7b326ccd32ca,9,16,በክርስቶስ ያለውን መልካሙን ኑሮአችሁን የሚሳደቡ ሰዎች ክፉን እንደምታደርጉ በሚያሙበት ነገር እንዲያፍሩ በጎ ሕሊና ይኑራችሁ።
db0c5741-b930-536a-a2f8-e786b918173c,58226e07-b571-5abe-a475-856ffb9c4c97,9fa95632-a275-55b6-a5ec-7b326ccd32ca,10,17,የእግዚአብሔር ፈቃድ እንዲህ ቢሆን፥ ክፉ ስለ ማድረግ ሳይሆን በጎ ስለ ማድረግ መከራን ብትቀበሉ ይሻላችኋልና።
178bf540-5554-5f34-a965-b6d41d0db680,58226e07-b571-5abe-a475-856ffb9c4c97,9fa95632-a275-55b6-a5ec-7b326ccd32ca,11,18,ክርስቶስ ደግሞ ወደ እግዚአብሔር እንዲያቀርበን እርሱ ጻድቅ ሆኖ ስለ ዐመፀኞች አንድ ጊዜ በኀጢአት ምክንያት ሞቶአልና፤ በሥጋ ሞተ፤ በመንፈስ ግን ሕያው ሆነ፤
3668a88d-4895-5aaf-a502-286c34ac6255,58226e07-b571-5abe-a475-856ffb9c4c97,9fa95632-a275-55b6-a5ec-7b326ccd32ca,12,19,በእርሱም ደግሞ ሄዶ በወኅኒ ለነበሩ ነፍሳት ሰበከላቸው፤
b93dea90-6fca-5e69-a00d-1ca3efe63490,58226e07-b571-5abe-a475-856ffb9c4c97,9fa95632-a275-55b6-a5ec-7b326ccd32ca,13,20,ጥቂቶች ማለት ስምንት ነፍስ በውሃ የዳኑበት መርከብ ሲዘጋጅ፥ የእግዚአብሔር ትዕግሥት በኖኅ ዘመን በቈየ ጊዜ ቀድሞ አልታዘዙም።
892dba25-5ebe-5fa9-ac0f-6d78ca4a92f0,58226e07-b571-5abe-a475-856ffb9c4c97,9fa95632-a275-55b6-a5ec-7b326ccd32ca,14,21,ይህም ውሃ ደግሞ ማለት ጥምቅት ምሳሌው ሆኖ አሁን ያድነናል፤ የሰውነትን እድፍ ማስወገድ አይደለም፤ ለእግዚአብሔር የበጎ ሕሊና ልመና ነው እንጂ፤ ይህም በኢየሱስ ክርስቶስ ትንሣኤ ነው፤
d0d1df30-472d-5238-a646-f3759d3ef34e,58226e07-b571-5abe-a475-856ffb9c4c97,9fa95632-a275-55b6-a5ec-7b326ccd32ca,15,22,እርሱም መላእክትና ሥልጣናት ኀይላትም ከተገዙለት በኋላ ወደ ሰማይ ሄዶ በእግዚአብሔር ቀኝ አለ።
36cbffdd-3ca1-5596-ac62-82ddea3f12bd,6bf94c3d-6532-50c2-aeff-768b5cf3913f,2eceacee-7318-50fe-a076-02c1205b2a64,1,1,ክርስቶስም በሥጋ ስለ እኛ መከራን ስለተቀበለ፥ ከእንግዲህ ወዲህ በሥጋ ልትኖሩ በቀረላችሁ ዘመን እንደ እግዚአብሔር ፈቃድ እንጂ እንደ ሰው ምኞት እንዳትኖሩ፥ እናንተ ደግሞ ያን አሳብ እንደ ዕቃ ጦር አድርጋችሁ ያዙት፤ በሥጋ መከራን የተቀበለ ኀጢአትን ትቶአልና።
8698f0f0-97ff-549f-aa29-d2109aade906,6bf94c3d-6532-50c2-aeff-768b5cf3913f,2eceacee-7318-50fe-a076-02c1205b2a64,2,3,የአሕዛብን ፈቃድ ያደረጋችሁበት በመዳራትና በሥጋ ምኞትም በስካርም በዘፈንም ያለ ልክም በመጠጣት ነውርም ባለበት በጣዖት ማምለክ የተመላለሳችሁበት ያለፈው ዘመን ይበቃልና።
7f91553e-cb67-5bc0-aacb-87757ff107e4,6bf94c3d-6532-50c2-aeff-768b5cf3913f,2eceacee-7318-50fe-a076-02c1205b2a64,3,4,በዚህም ነገር ወደዚያ መዳራት ብዛት ከእነርሱ ጋር ስለማትሮጡ እየተሳደቡ ይደነቃሉ፤
80624b5f-e0c3-5b89-a000-73713789ad66,6bf94c3d-6532-50c2-aeff-768b5cf3913f,2eceacee-7318-50fe-a076-02c1205b2a64,4,5,ግን እነርሱ በሕያዋንና በሙታን ላይ ሊፈርድ ለተዘጋጀው መልስ ይሰጣሉ።
1b1466ed-629a-5aae-ae04-46417d55155e,6bf94c3d-6532-50c2-aeff-768b5cf3913f,2eceacee-7318-50fe-a076-02c1205b2a64,5,6,እንደሰዎች በሥጋ እንዲፈረድባችው በመንፈስ ግን እንደ እግዚአብሔር እንዲኖሩ ስለዚህ ምክንያት ወንጌል ለሙታን ደግሞ ተሰብኮላቸው ነበርና።
64c338f8-5f82-5753-a8ea-c4612745c854,6bf94c3d-6532-50c2-aeff-768b5cf3913f,2eceacee-7318-50fe-a076-02c1205b2a64,6,7,ዳሩ ግን የነገር ሁሉ መጨረሻ ቀርቦአል። እንግዲህ እንደ ባለ አእምሮ አስቡ፤
91c25fac-42a3-51f8-afb0-e91da7ced536,6bf94c3d-6532-50c2-aeff-768b5cf3913f,2eceacee-7318-50fe-a076-02c1205b2a64,7,8,ትጸልዩም ዘንድ በመጠን ኑሩ፤ ፍቅር የኀጢአትን ብዛት ይሸፍናልና ከሁሉ በፊት እርስ በርሳችሁ አጥብቃችሁ ተዋደዱ።
76da76e9-2813-559b-aca7-07701f0a72e2,6bf94c3d-6532-50c2-aeff-768b5cf3913f,2eceacee-7318-50fe-a076-02c1205b2a64,8,9,ያለ ማንጐራጐር እርስ በርሳችሁ እንግድነትን ተቀባበሉ፤
1761602a-f4b4-54b5-a9a5-b2f82eed592f,6bf94c3d-6532-50c2-aeff-768b5cf3913f,2eceacee-7318-50fe-a076-02c1205b2a64,9,10,ልዩ ልዩን የእግዚአብሔርን ጸጋ ደጋግ መጋቢዎች እንደ መሆናችሁ፥ እያንዳንዳችሁ የጸጋን ስጦታ እንደ ተቀበላችሁ መጠን በዚያው ጸጋ እርስ በርሳችሁ አገልግሉ፤
1bf03e1c-f7d9-5668-a7d5-51bdb9905a92,6bf94c3d-6532-50c2-aeff-768b5cf3913f,2eceacee-7318-50fe-a076-02c1205b2a64,10,11,ማንም ሰው የሚናገር ቢሆን፥ እንደ እግዚአብሔር ቃል ይናገር፤ የሚያገለግልም ቢሆን፥ “እግዚአብሔር በሚሰጠኝ ኀይል ነው” ብሎ ያገልግል፤ ክብርና ሥልጣን እስከ ዘላለም ድረስ ለእርሱ በሚሆነው በኢየሱስ ክርስቶስ በኩል እግዚአብሔር በነገር ሁሉ ይከብር ዘንድ፤ አሜን።
af44d542-8136-5a8c-a4e6-7de0569b503a,6bf94c3d-6532-50c2-aeff-768b5cf3913f,679948c3-f747-5914-a8aa-2f14b592f9e4,1,12,ወዳጆች ሆይ! በእናንተ መካከል እንደ እሳት ሊፈትናችሁ ስለሚሆነው መከራ ድንቅ ነገር እንደ መጣባችሁ አትደነቁ፤
61426e87-5e78-5296-a203-0c8d0bf00df8,6bf94c3d-6532-50c2-aeff-768b5cf3913f,679948c3-f747-5914-a8aa-2f14b592f9e4,2,13,ነገር ግን ክብሩ ሲገለጥ ደግሞ ሐሤት እያደረጋችሁ ደስ እንዲላችሁ፥ በክርስቶስ መከራ በምትካፈሉበት ልክ ደስ ይበላችሁ።
0c599746-32ae-5e86-a9c3-746892764dc8,6bf94c3d-6532-50c2-aeff-768b5cf3913f,679948c3-f747-5914-a8aa-2f14b592f9e4,3,14,ስለ ክርስቶስ ስም ብትነቀፉ የክብር መንፈስ የእግዚአብሔር መንፈስ በእናንተ ላይ ያርፋልና ብፁዓን ናችሁ።
558c08f3-992a-5de5-ae5b-2145ac1be1de,6bf94c3d-6532-50c2-aeff-768b5cf3913f,679948c3-f747-5914-a8aa-2f14b592f9e4,4,15,ከእናንተ ማንም ነፍሰ ገዳይ ወይም ሌባ ወይም ክፉ አድራጊ እንደሚሆን ወይም በሌሎች ጉዳይ እንደሚገባ ሆኖ መከራን አይቀበል፤
3992a3a3-c268-5393-a429-9a7426dbdceb,6bf94c3d-6532-50c2-aeff-768b5cf3913f,679948c3-f747-5914-a8aa-2f14b592f9e4,5,16,ክርስቲያን እንደሚሆን ግን መከራን ቢቀበል ስለዚህ ስም እግዚአብሔርን ያመስግን እንጂ አይፈር።
76f143a0-5f43-5000-a83a-38f3edb61b53,6bf94c3d-6532-50c2-aeff-768b5cf3913f,679948c3-f747-5914-a8aa-2f14b592f9e4,6,17,ፍርድ ከእግዚአብሔር ቤት ተነሥቶ የሚጀመርበት ጊዜ ደርሶአልና፤ አስቀድሞም በእኛ የሚጀመር ከሆነ ለእግዚአብሔር ወንጌል የማይታዘዙ መጨረሻቸው ምን ይሆን?
36f1ed93-a07d-5885-a978-8bc13f2bf02e,6bf94c3d-6532-50c2-aeff-768b5cf3913f,679948c3-f747-5914-a8aa-2f14b592f9e4,7,18,ጻድቅም በጭንቅ የሚድን ከሆነ ዐመፀኛውና ኀጢአተኛው ወዴት ይታይ ዘንድ አለው?
5f209c7a-1e57-5b90-a225-0500b529d1e8,6bf94c3d-6532-50c2-aeff-768b5cf3913f,679948c3-f747-5914-a8aa-2f14b592f9e4,8,19,ስለዚህ ደግሞ እንደ እግዚአብሔር ፈቃድ መከራን የሚቀበሉ፥ መልካምን እያደረጉ ነፍሳቸውን ለታመነ ፈጣሪ አደራ ይስጡ።
3a8b6a2e-a0c6-5757-a93d-c17e047724cb,3715f55d-6e0d-5977-a2a2-31b33dd6ce3c,d1092ae0-f8f1-59a9-a356-85e28f9e5aac,1,1,እንግዲህ እኔ ከእነርሱ ጋር ሽማግሌ የክርስቶስም መከራ ምስክር ደግሞም ሊገለጥ ካለው ክብር ተካፋይ የሆንሁ፥ በመካከላቸው ያሉትን ሽማግሌዎች እመክራቸዋለሁ፤
d58cfc80-719f-5be6-a5dd-4ea9b5dc2a51,3715f55d-6e0d-5977-a2a2-31b33dd6ce3c,d1092ae0-f8f1-59a9-a356-85e28f9e5aac,2,2,በእናንተ ዘንድ ያለውን የእግዚአብሔርን መንጋ ጠብቁ፤ እንደ እግዚአብሔር ፈቃድ በውድ እንጂ በግድ ሳይሆን፥ በበጎ ፈቃድ እንጂ መጥፎውን ረብ በመመኘት ሳይሆን ጐብኙት፤
1f1fe1ea-111f-5747-a6b9-baa6e3e76b4c,3715f55d-6e0d-5977-a2a2-31b33dd6ce3c,d1092ae0-f8f1-59a9-a356-85e28f9e5aac,3,3,ለመንጋው ምሳሌ ሁኑ እንጂ ማኅበሮቻችሁን በኀይል አትግዙ፤
2db1c5e8-7031-5cd6-aec4-a720a3627da5,3715f55d-6e0d-5977-a2a2-31b33dd6ce3c,d1092ae0-f8f1-59a9-a356-85e28f9e5aac,4,4,የእረኞችም አለቃ በሚገለጥበት ጊዜ የማያልፈውን የክብርን አክሊል ትቀበላላችሁ።
108755c4-29c8-506b-ae32-090a429ed25d,3715f55d-6e0d-5977-a2a2-31b33dd6ce3c,d1092ae0-f8f1-59a9-a356-85e28f9e5aac,5,5,እንዲሁም ጐበዞች ሆይ! ለሽማግሌዎች ተገዙ፤ ሁላችሁም እርስ በርሳችሁ እየተዋረዳችሁ ትሕትናን እንደ ልብስ ልበሱ፤ እግዚአብሔር ትዕቢተኞችን ይቃወማልና፤ ለትሑታኑ ግን ጸጋን ይሰጣል።
802d8b26-c72e-5f17-a05e-c084c594b60e,3715f55d-6e0d-5977-a2a2-31b33dd6ce3c,d1092ae0-f8f1-59a9-a356-85e28f9e5aac,6,6,እንግዲህ በጊዜው ከፍ እንዲያደርጋችሁ ከኀይለኛው ከእግዚአብሔር እጅ በታች ራሳችሁን አዋርዱ፤
1e877fb8-334d-597f-af95-c8e31afd3fa6,3715f55d-6e0d-5977-a2a2-31b33dd6ce3c,d1092ae0-f8f1-59a9-a356-85e28f9e5aac,7,7,እርሱ ስለ እናንተ ያስባልና የሚያስጨንቃችሁን ሁሉ በእርሱ ላይ ጣሉት።
22f6ff91-a15f-577f-a989-ad59f180b006,3715f55d-6e0d-5977-a2a2-31b33dd6ce3c,d1092ae0-f8f1-59a9-a356-85e28f9e5aac,8,8,በመጠን ኑሩ፤ ንቁም፤ ባላጋራችሁ ዲያብሎስ የሚውጠውን ፈልጎ እንደሚያገሣ አንበሳ ይዞራልና፤
7ab2934a-51bc-559f-ac33-c42a81c1779d,3715f55d-6e0d-5977-a2a2-31b33dd6ce3c,d1092ae0-f8f1-59a9-a356-85e28f9e5aac,9,9,በዓለም ያሉት ወንድሞቻችሁ ያን መከራ በሙሉ እንዲቀበሉ እያወቃችሁ በእምነት ጸንታችሁ ተቃወሙት።
d576919c-c60c-5388-a7f1-43c27fa3c745,3715f55d-6e0d-5977-a2a2-31b33dd6ce3c,d1092ae0-f8f1-59a9-a356-85e28f9e5aac,10,10,በክርስቶስ ኢየሱስ ወደ ዘላለም ክብሩ የጠራችሁ የጸጋ ሁሉ አምላክ ለጥቂት ጊዜ መከራን ከተቀበላችሁ በኋላ፥ ራሱ ፍጹማን ያደርጋችኋል፤ ያጸናችሁማል፤ ያበረታችሁማል።
69999557-717b-577b-a030-9839b7d76adf,3715f55d-6e0d-5977-a2a2-31b33dd6ce3c,d1092ae0-f8f1-59a9-a356-85e28f9e5aac,11,11,ለእርሱ ክብርና ኀይል እስከዘላለም ድረስ ይሁን፤ አሜን።
f422fc35-9614-596e-a21b-fadd365cdfbd,3715f55d-6e0d-5977-a2a2-31b33dd6ce3c,7c637147-df4e-50aa-a11f-791b6ceaf58c,1,12,እየመከርኋችሁና የምትቆሙባት ጸጋ እውነትኛ የእግዚአብሔር ጸጋ እንድትሆን እየመሰከርሁላችሁ፥ የታመነ ወንድም እንደ ሆነ በቈጠርሁት በስልዋኖስ እጅ በአጭሩ ጽፌላችኋለሁ።
2a5eb60b-f41c-5c20-a796-8f93b08395ee,3715f55d-6e0d-5977-a2a2-31b33dd6ce3c,7c637147-df4e-50aa-a11f-791b6ceaf58c,2,13,ከእናንተ ጋር ተመርጣ በባቢሎን ያለች ቤተ ክርስቲያን፥ ልጄም ማርቆስ ሰላምታ ያቀርቡላችኋል።
d7ba17a5-3f13-5abb-a805-e7482ffa874a,3715f55d-6e0d-5977-a2a2-31b33dd6ce3c,7c637147-df4e-50aa-a11f-791b6ceaf58c,3,14,በፍቅር አሳሳም እርስ በርሳችሁ ሰላምታ ተሰጣጡ። በክርስቶስ ላላችሁ ለሁላችሁ ሰላም ይሁን። አሜን።
5489eda8-272f-5948-a36a-d3aea9e9709d,bf1aed25-b513-5786-a9b3-ab2b8af48abb,12811559-f372-5d4c-a700-040c76db5d4b,1,1,የኢየሱስ ክርስቶስ ባሪያና ሐዋርያ ከሆነው ከስምዖን ጴጥሮስ፥ በአምላካችንና በመድኃኒታችን በኢየሱስ ክርስቶስ ጽድቅ ካገኘነው ጋር የተካከለ የክብር እምነትን ላገኙ፤
74c50513-cf40-5a4a-a964-d5230fe403e9,bf1aed25-b513-5786-a9b3-ab2b8af48abb,9f2e0a04-5a29-59e1-a5bf-94356ca5bc0d,1,2,የመለኮቱ ኀይል በገዛ ክብሩና በበጎነቱ የጠራንን በማወቅ፥ ለሕይወትና እግዚአብሔርን ለመምሰል የሚሆነውን ነገር ሁሉ ስለ ሰጠን፥ በእግዚአብሔርና በጌታችን በኢየሱስ እውቀት ጸጋና ሰላም ይብዛላችሁ።
c7532d57-1553-5560-a816-cb2b17f2bdd5,bf1aed25-b513-5786-a9b3-ab2b8af48abb,9f2e0a04-5a29-59e1-a5bf-94356ca5bc0d,2,4,ስለ ክፉ ምኞት በዓለም ካለው ጥፋት አምልጣችሁ በተስፋው ቃል ከመለኮት ባሕርይ ተካፋዮች እንድትሆኑ፥ በእነዚያ ክብርና በጎነት የተከበረና እጅግ ታላቅ የሆነ ተስፋን ሰጠን።
eb005519-3b94-50c2-a54b-ed9e4f4db34f,bf1aed25-b513-5786-a9b3-ab2b8af48abb,9f2e0a04-5a29-59e1-a5bf-94356ca5bc0d,3,5,ስለዚህም ምክንያት ትጋትን ሁሉ እያሳያችሁ በእምነታችሁ በጎነትን ጨምሩ፥
7583955b-562c-57c5-a1f4-0ce5da3bac7d,bf1aed25-b513-5786-a9b3-ab2b8af48abb,9f2e0a04-5a29-59e1-a5bf-94356ca5bc0d,4,6,በበጎነትም እውቀትን፥ በእውቀትም ራስን መግዛት፥ ራስንም በመግዛት መጽናትን፥ በመጽናትም እግዚአብሔርን መምሰል፥
a15bbc65-5fee-5fc2-a0e8-24f1b0470be6,bf1aed25-b513-5786-a9b3-ab2b8af48abb,9f2e0a04-5a29-59e1-a5bf-94356ca5bc0d,5,7,እግዚአብሔርንም በመምሰል የወንድማማችን መዋደድ፥ በወንድማማችም መዋደድ ፍቅርን ጨምሩ።
f590b95c-ba8b-5f00-a4a7-dfba8cfb3338,bf1aed25-b513-5786-a9b3-ab2b8af48abb,9f2e0a04-5a29-59e1-a5bf-94356ca5bc0d,6,8,እነዚህ ነገሮች ለእናንተ ሆነው ቢበዙ፥ በጌታችን በኢየሱስ ክርስቶስ እውቀት ሥራ ፈቶችና ፍሬ ቢሶች እንዳትሆኑ ያደርጉአችኋልና፤
21395729-1b41-5fdd-a21e-a36bb999b386,bf1aed25-b513-5786-a9b3-ab2b8af48abb,9f2e0a04-5a29-59e1-a5bf-94356ca5bc0d,7,9,እነዚህ ነገሮች የሌሉት ዕውር ነውና፤ በቅርብም ያለውን ብቻ ያያል፤ የቀደመውንም ኀጢአቱን መንጻት ረስቶአል።
707a145f-4340-57bc-a8a2-0ca1cf223ced,bf1aed25-b513-5786-a9b3-ab2b8af48abb,9f2e0a04-5a29-59e1-a5bf-94356ca5bc0d,8,10,ስለዚህ ወንድሞች ሆይ! መጠራታችሁንና መመረጣችሁን ታጸኑ ዘንድ ከፊት ይልቅ ትጉ፤ እነዚህን ብታደርጉ ከቶ አትሰናከሉምና።
a0575f0e-86a2-5286-af1f-f382b66e5ef8,bf1aed25-b513-5786-a9b3-ab2b8af48abb,9f2e0a04-5a29-59e1-a5bf-94356ca5bc0d,9,11,እንዲሁ ወደ ዘላለሙ ወደ ጌታችንና መድኃኒታችን ወደ ኢየሱስ ክርስቶስ መንግሥት መግባት በሙላት ይሰጣችኋልና።
170a97ce-2bee-5c23-aa56-b970d1858620,bf1aed25-b513-5786-a9b3-ab2b8af48abb,9f2e0a04-5a29-59e1-a5bf-94356ca5bc0d,10,12,ስለዚህ እነዚህን ነገሮች ምንም ብታውቁ፥ በእናንተም ዘንድ ባለ እውነት ምንም ብትጸኑ፥ ስለ እነዚህ ዘወትር እንዳሳስባችሁ ቸል አልልም።
ede00741-b942-5905-aa58-dc8aadc0eaa7,bf1aed25-b513-5786-a9b3-ab2b8af48abb,9f2e0a04-5a29-59e1-a5bf-94356ca5bc0d,11,13,ሁልጊዜም በዚህ አካል ሳለሁ በማሳሰቤ ላነቃችሁ የሚገባኝ ይመስለኛል።
27f577f4-5ed1-5406-a0a6-51f5a1837fa9,bf1aed25-b513-5786-a9b3-ab2b8af48abb,9f2e0a04-5a29-59e1-a5bf-94356ca5bc0d,12,14,ጌታችን ኢየሱስ ክርስቶስ እንዳመለከተኝ ከዚህ አካሌ መለየቴ ፈጥኖ እንዲሆን አውቃለሁና።
194f75aa-ddc3-58ce-afef-5fd1342dee89,bf1aed25-b513-5786-a9b3-ab2b8af48abb,9f2e0a04-5a29-59e1-a5bf-94356ca5bc0d,13,15,ከመውጣቴም በኋላ እነዚህን ነገሮች እንድታስቡ በየጊዜው ትችሉ ዘንድ እተጋለሁ።
f2bf9398-ab63-55e3-a282-fa4ef1ce19dc,bf1aed25-b513-5786-a9b3-ab2b8af48abb,4b32a8fa-3d6a-5587-a618-66ccef5db148,1,16,የእርሱን ግርማ አይተን እንጂ በብልሃት የተፈጠረውን ተረት ሳንከተል የጌታችንን የኢየሱስ ክርስቶስን ኀይልና መምጣት አስታወቅናችሁ።
a30a00ff-cda3-5f43-af5e-e799d47ffd33,bf1aed25-b513-5786-a9b3-ab2b8af48abb,4b32a8fa-3d6a-5587-a618-66ccef5db148,2,17,ከገናናው ክብር “በእርሱ ደስ የሚለኝ የምወደው ልጄ ይህ ነው፤” የሚል ያ ድምፅ በመጣለት ጊዜ ከእግዚአብሔር አብ ክብርንና ምስጋናን ተቀብሎአልና፤
cabec751-91bd-54f2-a1ad-4a7d455e622d,bf1aed25-b513-5786-a9b3-ab2b8af48abb,4b32a8fa-3d6a-5587-a618-66ccef5db148,3,18,እኛም በቅዱሱ ተራራ ከእርሱ ጋር ሳለን ይህን ድምፅ ከሰማይ ሲወርድ ሰማን።
740405de-476e-5fbb-a430-8b6802ca5525,bf1aed25-b513-5786-a9b3-ab2b8af48abb,4b32a8fa-3d6a-5587-a618-66ccef5db148,4,19,ከእርሱም ይልቅ እጅግ የጸና የትንቢት ቃል አለን፤ ምድርም እስኪጠባ ድረስ የንጋትም ኮከብ በልባችሁ እስኪወጣ ድረስ፥ ሰው በጨለማ ስፍራ የሚበራን መብራት እንደሚጠነቀቅ ይህን ቃል እየጠነቀቃችሁ መልካም ታደርጋላችሁ።
30f8c781-610e-5e15-a40b-cb9b3199e2e7,bf1aed25-b513-5786-a9b3-ab2b8af48abb,4b32a8fa-3d6a-5587-a618-66ccef5db148,5,20,ይህን በመጀመሪያ እወቁ፤ በመጽሐፍ ያለውን ትንቢት ሁሉ ማንም ለገዛ ራሱ ሊተረጉም አልተፈቀደም፤
74da4e4d-64df-5872-a9f2-45c1c3fdb471,bf1aed25-b513-5786-a9b3-ab2b8af48abb,4b32a8fa-3d6a-5587-a618-66ccef5db148,6,21,ትንቢት ከቶ በሰው ፈቃድ አልመጣምና፤ ዳሩ ግን በእግዚአብሔር ተልከው ቅዱሳን ሰዎች በመንፈስ ቅዱስ ተነድተው ተናገሩ።
3319807e-d765-59ff-aa13-ec07eaa998b2,c5c0b7d5-5668-5780-ae0d-ed924b2fabd3,84cb8fa2-e51a-5a1d-a431-c69393db3649,1,1,ነገር ግን ሐሰተኞች ነቢያት ደግሞ በሕዝቡ መካከል ነበሩ፤ እንዲሁም በመካከላችሁ ደግሞ ሐሰተኞች አስተማሪዎች ይሆናሉ፤ እነርሱም የዋጃቸውን ጌታ እንኳ ክደው የሚፈጥንን ጥፋት በራሳቸው ላይ እየሳቡ የሚያጠፋ ኑፋቄን አሹልከው ያገባሉ፤
e8c005d5-36dd-5e14-abdd-6cf5031fb7de,c5c0b7d5-5668-5780-ae0d-ed924b2fabd3,84cb8fa2-e51a-5a1d-a431-c69393db3649,2,2,ብዙዎችም በመዳራታቸው ይከተሉአቸዋል፤ በእነርሱም ጠንቅ የእውነት መንገድ ይሰደባል።
28440b28-8c2c-5cac-ac7a-ff5a843af493,c5c0b7d5-5668-5780-ae0d-ed924b2fabd3,84cb8fa2-e51a-5a1d-a431-c69393db3649,3,3,ገንዘብንም በመመኘት በተፈጠረ ነገር ይረቡባችኋል፤ ፍርዳቸውም ከጥንት ጀምሮ አይዘገይም፤ ጥፋታቸውም አያንቀላፋም።
9b55ed6e-29c1-5d0e-a3d5-2ad020de85c4,c5c0b7d5-5668-5780-ae0d-ed924b2fabd3,84cb8fa2-e51a-5a1d-a431-c69393db3649,4,4,እግዚአብሔር ኀጢአትን ላደረጉ መላእክት ሳይራራላቸው ወደ ገሃነም ጥሎ በጨለማ ጉድጓድ ለፍርድ ሊጠበቁ አሳልፎ ከሰጣቸው፥
18c010a0-b89c-5536-a78e-a4383e66f58b,c5c0b7d5-5668-5780-ae0d-ed924b2fabd3,84cb8fa2-e51a-5a1d-a431-c69393db3649,5,5,ለቀደመውም ዓለም ሳይራራ ከሌሎች ሰባት ጋር ጽድቅን የሚሰብከውን ኖኅን አድኖ በኀጢአተኞች ዓለም ላይ የጥፋትን ውሃ ካወረደ፥
c7d092c2-b4a6-5253-ad9d-d4ab702b5b75,c5c0b7d5-5668-5780-ae0d-ed924b2fabd3,84cb8fa2-e51a-5a1d-a431-c69393db3649,6,6,ኀጢአትንም ያደርጉ ዘንድ ላሉት ምሳሌ አድርጎ ከተማዎችን ሰዶምንና ገሞራን አመድ እስኪሆኑ ድረስ አቃጥሎና ገልብጦ ከፈረደባቸው፥
72d91157-4502-5b2c-a7b3-07b7eccd8bc1,c5c0b7d5-5668-5780-ae0d-ed924b2fabd3,84cb8fa2-e51a-5a1d-a431-c69393db3649,7,7,ጻድቅ ሎጥም በመካከላቸው ሲኖር እያየና እየሰማ ዕለት ዕለት በዐመፀኛ ሥራቸው ጻድቅ ነፍሱን አስጨንቆ ነበርና በዐመፀኞች ሴሰኛ ኑሮ የተገፋውን ያን ጻድቅ ካዳነ፥
c963b293-b5e9-5de2-a2c6-7a9f6316293c,c5c0b7d5-5668-5780-ae0d-ed924b2fabd3,84cb8fa2-e51a-5a1d-a431-c69393db3649,8,9,ጌታ እግዚአብሔርን የሚያመልኩትን ከፈተና እንዴት እንዲያድን በደለኞችንም ይልቁንም በርኵስ ምኞት የሥጋን ፍትወት እየተከተሉ የሚመላለሱትን ጌትነትንም የሚንቁትን እየቀጣቸው ለፍርድ ቀን እንዴት እንዲጠብቅ ያውቃል። ደፋሮችና ኵሩዎች ሆነው ሥልጣን ያላቸውን ሲሳደቡ አይንቀጠቀጡም፤
e950ff78-66c4-53f9-a66f-a89423193a0e,c5c0b7d5-5668-5780-ae0d-ed924b2fabd3,84cb8fa2-e51a-5a1d-a431-c69393db3649,9,11,ዳሩ ግን መላእክት በኀይልና በብርታት ከእነርሱ ይልቅ ምንም ቢበልጡ፥ በጌታ ፊት በእነርሱ ላይ የስድብን ፍርድ አያመጡም።
dc800c5a-5929-51ca-ab3e-5ee8b48ec0b2,c5c0b7d5-5668-5780-ae0d-ed924b2fabd3,84cb8fa2-e51a-5a1d-a431-c69393db3649,10,12,እነዚህ ግን ለመጠመድና ለመጥፋት በፍጥረታቸው እንደ ተወለዱ አእምሮ እንደ ሌላቸው እንስሶች ሆነው፥ በማያውቁት ነገር እየተሳደቡ በጥፋታቸው ይጠፋሉ፤
ce3ec891-1619-58ef-a034-daeb9f38240b,c5c0b7d5-5668-5780-ae0d-ed924b2fabd3,84cb8fa2-e51a-5a1d-a431-c69393db3649,11,13,የዐመፃቸውን ደመወዝ ይቀበላሉ። በቀን ሲዘፍኑ እንደ ተድላ ይቆጥሩታል፤ ነውረኞችና ርኵሳን ሆነው ከእናንተ ጋር ሲጋበዙ በፍቅር ግብዣ ይዘፍናሉ፤
30a44022-9fef-5dee-a795-8002d87bf5bf,c5c0b7d5-5668-5780-ae0d-ed924b2fabd3,84cb8fa2-e51a-5a1d-a431-c69393db3649,12,14,ምንዝር የሞላባቸው ኀጢአትንም የማይተዉ ዐይኖች አሉአቸው፤ የማይጸኑትን ነፍሳት ያታልላሉ፤ መመኘትን የለመደ ልብ አላቸው፤ የተረገሙ ናቸው።
6a2b48d7-0715-5eba-a0c2-6d597973b584,c5c0b7d5-5668-5780-ae0d-ed924b2fabd3,84cb8fa2-e51a-5a1d-a431-c69393db3649,13,15,ቅንን መንገድ ትተው ተሳሳቱ፤ የባሶርን ልጅ የበለዓምን መንገድ ተከተሉ፤ እርሱ የዐመፃን ደመወዝ ወደደ፤
c65365bd-d120-54e9-a4ca-be2794a6a7bd,c5c0b7d5-5668-5780-ae0d-ed924b2fabd3,84cb8fa2-e51a-5a1d-a431-c69393db3649,14,16,ነገር ግን ስለ መተላለፉ ተዘለፈ፤ ቃል የሌለው አህያ በሰው ቃል ተናግሮ የነቢዩን እብድነት አገደ።
443b0a79-32b8-59d5-af24-b4066b31b68f,c5c0b7d5-5668-5780-ae0d-ed924b2fabd3,84cb8fa2-e51a-5a1d-a431-c69393db3649,15,17,ድቅድቅ ጨለማ ለዘላለም የተጠበቀላቸው እነዚህ ውሃ የሌለባቸው ምንጮች በዐውሎ ነፋስም የተነዱ ደመናዎች ናቸው።
717873ee-6e20-5f30-a517-b8dc721be528,c5c0b7d5-5668-5780-ae0d-ed924b2fabd3,84cb8fa2-e51a-5a1d-a431-c69393db3649,16,18,ከንቱና ከመጠን ይልቅ ታላቅ የሆነውን ቃል ይናገራሉና፤ በስሕተትም ከሚኖሩት አሁን የሚያመልጡትን በሥጋ ሴሰኛ ምኞት ያታልላሉ።
8d9c60e6-51d6-5328-a379-9e37f0c9a6cf,c5c0b7d5-5668-5780-ae0d-ed924b2fabd3,84cb8fa2-e51a-5a1d-a431-c69393db3649,17,19,ራሳቸው የጥፋት ባሪያዎች ሆነው “አርነት ትወጣላችሁ፤” እያሉ ተስፋ ይሰጡአቸዋል፤ ሰው ለተሸነፈበት ለእርሱ ተገዝቶ ባሪያ ነውና።
1310d973-7aa6-58fc-a551-290134c0f590,c5c0b7d5-5668-5780-ae0d-ed924b2fabd3,84cb8fa2-e51a-5a1d-a431-c69393db3649,18,20,በጌታችንና በመድኃኒታችን በኢየሱስ ክርስቶስ ዕውቀት ከዓለም ርኵሰት ካመለጡ በኋላ ዳግመኛ በእርስዋ ተጠላልፈው የተሸነፉ ቢሆኑ፥ ከፊተኛው ኑሮአቸው ይልቅ የኋለኛው የባሰ ሆኖባቸዋል።
76598ef6-001f-509f-acfd-34304e161eb3,c5c0b7d5-5668-5780-ae0d-ed924b2fabd3,84cb8fa2-e51a-5a1d-a431-c69393db3649,19,21,ዕውቀዋት ከተሰጣቸው ከቅድስት ትእዛዝ ከሚመለሱ የጽድቅን መንገድ ባላወቋት በተሻላቸው ነበርና።
71a965bd-4a9c-5d53-a910-053b3773a855,c5c0b7d5-5668-5780-ae0d-ed924b2fabd3,84cb8fa2-e51a-5a1d-a431-c69393db3649,20,22,“ውሻ ወደ ትፋቱ ይመለሳል፤” ደግሞ “የታጠበች እርያ በጭቃ ለመንከባለል ትመለሳለች፤” እንደሚባል እውነተኞች ምሳሌዎች ሆኖባቸዋል።
53f90621-7025-5f0e-a6b6-48e46e3b2afa,4b534816-709c-55f9-ac52-9c299de58349,a471fcae-5f89-5233-a57f-ef9721a80e5a,1,1,ወዳጆች ሆይ! አሁን የምጽፍላችሁ መልእክት ይህች ሁለተኛይቱ ናት። በቅዱሳን ነቢያትም ቀድሞ የተባለውን ቃል በሐዋርያቶቻችሁም ያገኛችኋትን የጌታችንንና የመድኃኒታችንን ትእዛዝ እንድታስቡ በሁለቱ እያሳሰብኋችሁ ቅን ልቡናችሁን አነቃቃለሁ።
0a64520d-b5fd-5375-afde-ea58eb22a054,4b534816-709c-55f9-ac52-9c299de58349,a471fcae-5f89-5233-a57f-ef9721a80e5a,2,3,በመጨረሻው ዘመን እንደ ራሳቸው ምኞት የሚመላለሱ ዘባቾች በመዘበት እንዲመጡ ይህን በፊት እወቁ፤
11731f16-d9d2-55ae-ae17-e688fb5c0521,4b534816-709c-55f9-ac52-9c299de58349,a471fcae-5f89-5233-a57f-ef9721a80e5a,3,4,እነርሱም “የመምጣቱ የተስፋ ቃል ወዴት ነው? አባቶች ከሞቱባት ጊዜ ከፍጥረት መጀመሪያ ይዞ ሁሉ እንዳለ ይኖራልና፤” ይላሉ።
da48d3b1-fc69-527d-a4a5-a2ed51f881aa,4b534816-709c-55f9-ac52-9c299de58349,a471fcae-5f89-5233-a57f-ef9721a80e5a,4,5,ሰማያት ከጥንት ጀምረው ምድርም በእግዚአብሔር ቃል ከውሃ ተጋጥማ በውሃ መካከል እንደ ነበሩ ወደው አያስተውሉምና፤
0d9f3e74-9dd2-5e37-a2e9-7a1a46856222,4b534816-709c-55f9-ac52-9c299de58349,a471fcae-5f89-5233-a57f-ef9721a80e5a,5,6,በዚህም ምክንያት ያን ጊዜ የነበረ ዓለም በውሃ ሰጥሞ ጠፋ፤
ba39e6e9-518d-5a21-ad30-de55e57f3440,4b534816-709c-55f9-ac52-9c299de58349,a471fcae-5f89-5233-a57f-ef9721a80e5a,6,7,አሁን ያሉ ሰማያትና ምድር ግን እግዚአብሔርን የማያመልኩት ሰዎች እስከሚጠፉበት እስከ ፍርድ ቀን ድረስ ተጠብቀው በዚያ ቃል ለእሳት ቀርተዋል።
8af30f94-4eff-5e08-ac9f-86a19837aee1,4b534816-709c-55f9-ac52-9c299de58349,a471fcae-5f89-5233-a57f-ef9721a80e5a,7,8,እናንተ ግን ወዳጆች ሆይ! በጌታ ዘንድ አንድ ቀን እንደ ሺህ ዓመት፥ ሺህ ዓመትም እንደ አንድ ቀን እንደ ሆነ ይህን አንድ ነገር አትርሱ።
b0ca82e2-4eea-5f91-ab96-4ca33a291020,4b534816-709c-55f9-ac52-9c299de58349,a471fcae-5f89-5233-a57f-ef9721a80e5a,8,9,ለአንዳንዶች የሚዘገይ እንደሚመስላቸው ጌታ ስለ ተስፋ ቃሉ አይዘገይም፤ ነገር ግን ሁሉ ወደ ንስሓ እንዲደርሱ እንጂ ማንም እንዳይጠፋ ወዶ ስለ እናንተ ይታገሣል።
30e6543b-5420-5bc7-a0b9-56bed420b160,4b534816-709c-55f9-ac52-9c299de58349,a471fcae-5f89-5233-a57f-ef9721a80e5a,9,10,የጌታው ቀን ግን እንደ ሌባ ሆኖ ይመጣል፤ በዚያም ቀን ሰማያት በታላቅ ድምፅ ያልፋሉ፤ የሰማይም ፍጥረት በትልቅ ትኵሳት ይቀልጣል፤ ምድርም በእርስዋም ላይ የተደረገው ሁሉ ይቃጠላል።
e4550335-08ca-599e-ae9e-2fabd523397d,4b534816-709c-55f9-ac52-9c299de58349,a471fcae-5f89-5233-a57f-ef9721a80e5a,10,11,ይህ ሁሉ እንዲህ የሚቀልጥ ከሆነ፥ የእግዚአብሔርን ቀን መምጣት እየጠበቃችሁና እያስቸኰላችሁ በቅዱስ ኑሮ እግዚአብሔርንም በመምሰል እንደ ምን ልትሆኑ ይገባችኋል? ስለዚያ ቀን ሰማያት ተቃጥለው ይቀልጣሉ፤ የሰማይም ፍጥረት በትልቅ ትኵሳት ይፈታል፤
da4adedb-81b7-5125-aa49-eab47c1598b4,4b534816-709c-55f9-ac52-9c299de58349,a471fcae-5f89-5233-a57f-ef9721a80e5a,11,13,ነገር ግን ጽድቅ የሚኖርባትን አዲስ ሰማይና አዲስ ምድር እንደ ተስፋ ቃሉ እንጠብቃለን።
7165cd77-96ac-55f1-a86b-fde241baf7e7,4b534816-709c-55f9-ac52-9c299de58349,a471fcae-5f89-5233-a57f-ef9721a80e5a,12,14,ስለዚህ ወዳጆች ሆይ! ይህን እየጠበቃችሁ ያለ ነውርና ያለ ነቀፋ ሆናችሁ በሰላም በእርሱ እንድትገኙ ትጉ፤
01e846d3-950b-561d-a200-cca3e4192748,4b534816-709c-55f9-ac52-9c299de58349,a471fcae-5f89-5233-a57f-ef9721a80e5a,13,15,የጌታችንም ትዕግሥት መዳናችሁ እንደ ሆነ ቍጠሩ። እንዲህም የተወደደው ወንድማችን ጳውሎስ ደግሞ እንደ ተሰጠው ጥበብ መጠን ጻፈላችሁ፤
934bc504-53ce-5678-a930-e74bcfb86ae4,4b534816-709c-55f9-ac52-9c299de58349,a471fcae-5f89-5233-a57f-ef9721a80e5a,14,16,በመልእክቱም ሁሉ ደግሞ እንደ ነገረ ስለዚህ ነገር ተናገረ። በእነዚያ ዘንድ ለማስተዋል የሚያስቸግር ነገር አለ፤ ያልተማሩትና የማይጸኑትም ሰዎች ሌሎችን መጻሕፍት እንደሚያጣምሙ እነዚህን ደግሞ ለገዛ ጥፋታቸው ያጣምማሉ።
2e677d00-8015-55d0-a6f1-1cdead3820f2,4b534816-709c-55f9-ac52-9c299de58349,a471fcae-5f89-5233-a57f-ef9721a80e5a,15,17,እንግዲህ እናንተ ወዳጆች ሆይ! ይህን አስቀድማችሁ ስለምታውቁ፥ በዐመፀኞቹ ስሕተት ተስባችሁ ከራሳችሁ ጽናት እንዳትወድቁ ተጠንቀቁ፤
cb6ebedd-b746-5f97-a195-04b15f4b9e6b,4b534816-709c-55f9-ac52-9c299de58349,a471fcae-5f89-5233-a57f-ef9721a80e5a,16,18,ነገር ግን በጌታችንና በመድኃኒታችን በኢየሱስ ክርስቶስ ጸጋና እውቀት እደጉ። ለእርሱ አሁንም እስከ ዘላለምም ቀን ድረስ ክብር ይሁን፤ አሜን።
e6fe3723-387e-54b0-a07e-e9bba4b9e7ee,ea7f3588-bfa4-5912-a877-308210e03e74,6398bc22-7e33-5111-ac62-d15216327f0d,1,1,ስለ ሕይወት ቃል ከመጀመሪያው የነበረውንና የሰማነውን በዓይኖቻችንም ያየነውን የተመለከትነውንም እጆቻችንም የዳሰሱትን እናወራለን፤
1f3707cb-bbd6-5ab3-afd1-ffe6896a166a,ea7f3588-bfa4-5912-a877-308210e03e74,6398bc22-7e33-5111-ac62-d15216327f0d,2,2,ሕይወትም ተገለጠ አይተንማል እንመሰክርማለን፥ ከአብ ዘንድ የነበረውንም ለእኛም የተገለጠውን የዘላለምን ሕይወት እናወራላችኋለን፤
0075a12b-8bc9-5219-ad2f-86cd8c10cee8,ea7f3588-bfa4-5912-a877-308210e03e74,6398bc22-7e33-5111-ac62-d15216327f0d,3,3,እናንተ ደግሞ ከእኛ ጋር ኅብረት እንዲኖራችሁ ያየነውንና የሰማነውን ለእናንተ ደግሞ እናወራላችኋለን። ኅብረታችንም ከአባት ጋር ከልጁም ከኢየሱስ ክርስቶስ ጋር ነው።
b83b3a8f-f879-5dba-a1d8-ccb2be2ca317,ea7f3588-bfa4-5912-a877-308210e03e74,6398bc22-7e33-5111-ac62-d15216327f0d,4,4,ደስታችሁም እንዲፈጸም ይህን እንጽፍላችኋለን።
eda5aed6-a3f9-569f-ad1b-c889643674fa,ea7f3588-bfa4-5912-a877-308210e03e74,6398bc22-7e33-5111-ac62-d15216327f0d,5,5,ከእርሱም የሰማናት ለእናንተም የምናወራላችሁ መልእክት፦ እግዚአብሔር ብርሃን ነው ጨለማም በእርሱ ዘንድ ከቶ የለም የምትል ይህች ናት።
29b4837f-a189-5347-aea2-b26c5f1e6c81,ea7f3588-bfa4-5912-a877-308210e03e74,6398bc22-7e33-5111-ac62-d15216327f0d,6,6,ከእርሱ ጋር ኅብረት አለን ብንል በጨለማም ብንመላለስ እንዋሻለን እውነትንም አናደርግም፤
8177dbd3-2eec-5ba9-a848-bfbca23ce8bf,ea7f3588-bfa4-5912-a877-308210e03e74,6398bc22-7e33-5111-ac62-d15216327f0d,7,7,ነገር ግን እርሱ በብርሃን እንዳለ በብርሃን ብንመላለስ ለእያንዳንዳችን ኅብረት አለን፥ የልጁም የኢየሱስ ክርስቶስ ደም ከኃጢአት ሁሉ ያነጻናል።
a5c3099e-c0ea-5e2f-a019-d907be9e147e,ea7f3588-bfa4-5912-a877-308210e03e74,6398bc22-7e33-5111-ac62-d15216327f0d,8,8,ኃጢአት የለብንም ብንል ራሳችንን እናስታለን፥ እውነትም በእኛ ውስጥ የለም።
e11f7ff8-c150-5521-a69c-dfe35efc9f8b,ea7f3588-bfa4-5912-a877-308210e03e74,6398bc22-7e33-5111-ac62-d15216327f0d,9,9,በኃጢአታችን ብንናዘዝ ኃጢአታችንን ይቅር ሊለን ከዓመፃም ሁሉ ሊያነጻን የታመነና ጻድቅ ነው።
d052d749-68e8-50ae-a04d-4f00ddd5ab8d,ea7f3588-bfa4-5912-a877-308210e03e74,6398bc22-7e33-5111-ac62-d15216327f0d,10,10,ኃጢአትን አላደረግንም ብንል ሐሰተኛ እናደርገዋለን ቃሉም በእኛ ውስጥ የለም።
2fa74430-1d86-532b-a838-b02572433ce0,11fd47c6-2c3c-5137-a97c-a1d93e6b06ac,0ea2993f-4afa-57b2-a1a8-d640cefac35f,1,1,ልጆቼ ሆይ፥ ኃጢአትን እንዳታደርጉ ይህን እጽፍላችኋለሁ። ማንም ኃጢአትን ቢያደርግ ከአብ ዘንድ ጠበቃ አለን እርሱም ጻድቅ የሆነ ኢየሱስ ክርስቶስ ነው።
cd712007-ced0-5ede-a677-36ad097c6b3f,11fd47c6-2c3c-5137-a97c-a1d93e6b06ac,0ea2993f-4afa-57b2-a1a8-d640cefac35f,2,2,እርሱም የኃጢአታችን ማስተስሪያ ነው፥ ለኃጢአታችንም ብቻ አይደለም፥ ነገር ግን ለዓለሙ ሁሉ ኃጢአት እንጂ።
88f4e127-cf79-55e5-a565-3f6137e377d5,11fd47c6-2c3c-5137-a97c-a1d93e6b06ac,0ea2993f-4afa-57b2-a1a8-d640cefac35f,3,3,ትእዛዛቱንም ብንጠብቅ በዚህ እንዳወቅነው እናውቃለን።
c86a5ae4-ead6-5010-aa68-62fc19f953fb,11fd47c6-2c3c-5137-a97c-a1d93e6b06ac,0ea2993f-4afa-57b2-a1a8-d640cefac35f,4,4,አውቄዋለሁ የሚል ትእዛዛቱንም የማይጠብቅ ውሸተኛ ነው እውነትም በእርሱ ውስጥ የለም።
d9ba3977-af86-57aa-a60f-fde3cd6a9982,11fd47c6-2c3c-5137-a97c-a1d93e6b06ac,0ea2993f-4afa-57b2-a1a8-d640cefac35f,5,5,ቃሉን ግን የሚጠብቅ ሁሉ በእርሱ የእግዚአብሔር ፍቅር በእውነት ተፈጽሞአል። በእርሱ እንዳለን በዚህ እናውቃለን፤
8ca61534-4c26-559e-a733-eaaa8cc9e883,11fd47c6-2c3c-5137-a97c-a1d93e6b06ac,0ea2993f-4afa-57b2-a1a8-d640cefac35f,6,6,በእርሱ እኖራለሁ የሚል እርሱ እንደ ተመላለሰ ራሱ ደግሞ ሊመላለስ ይገባዋል።
4820ef57-d602-5c03-a44b-84f1e097cb56,11fd47c6-2c3c-5137-a97c-a1d93e6b06ac,0ea2993f-4afa-57b2-a1a8-d640cefac35f,7,7,ወንድሞች ሆይ፥ ከመጀመሪያ የነበረቻችሁ አሮጌ ትእዛዝ እንጂ የምጽፍላችሁ አዲስ ትእዛዝ አይደለችም፤ አሮጌይቱ ትእዛዝ የሰማችኋት ቃል ናት።
e0cc5bd4-b41e-59ef-aaf0-b433ccd9a4c1,11fd47c6-2c3c-5137-a97c-a1d93e6b06ac,0ea2993f-4afa-57b2-a1a8-d640cefac35f,8,8,ዳግመኛ አዲስ ትእዛዝን እጽፍላችኋለሁ፥ ይህም ነገር በእርሱ በእናንተም እውነተኛ ነው፤ ጨለማው ያልፋልና እውነተኛውም ብርሃን አሁን ይበራል።
e2e853f9-baea-503d-a4f0-5fec27715dbf,11fd47c6-2c3c-5137-a97c-a1d93e6b06ac,0ea2993f-4afa-57b2-a1a8-d640cefac35f,9,9,በብርሃን አለሁ የሚል ወንድሙንም የሚጠላ እስከ አሁን በጨለማ አለ።
c6fc1853-3770-55f9-a122-7b857fab5f2e,11fd47c6-2c3c-5137-a97c-a1d93e6b06ac,0ea2993f-4afa-57b2-a1a8-d640cefac35f,10,10,ወንድሙንም የሚወድ በብርሃን ይኖራል ማሰናከያም የለበትም፤
5a6a99f1-a00d-50d9-a19a-842d324bdcd6,11fd47c6-2c3c-5137-a97c-a1d93e6b06ac,0ea2993f-4afa-57b2-a1a8-d640cefac35f,11,11,ወንድሙን የሚጠላ ግን በጨለማ አለ፥ በጨለማም ይመላለሳል፥ የሚሄድበትንም አያውቅም፥ ጨለማው ዓይኖቹን አሳውሮታልና።
a4cadc88-b419-54d5-a0b3-a9c0869d7508,11fd47c6-2c3c-5137-a97c-a1d93e6b06ac,0ea2993f-4afa-57b2-a1a8-d640cefac35f,12,12,ልጆች ሆይ፥ ኃጢአታችሁ ስለ ስሙ ተሰርዮላችኋልና እጽፍላችኋለሁ።
2743b52f-f501-5b0d-aded-f28fa35db507,11fd47c6-2c3c-5137-a97c-a1d93e6b06ac,0ea2993f-4afa-57b2-a1a8-d640cefac35f,13,13,አባቶች ሆይ፥ ከመጀመሪያ የነበረውን አውቃችኋልና እጽፍላችኋለሁ። ጎበዞች ሆይ፥ ክፉውን አሸንፋችኋልና እጽፍላችኋለሁ። ልጆች ሆይ፥ አብን አውቃችኋልና እጽፍላችኋለሁ።
5253ea2d-2973-5305-ab17-324d4662f105,11fd47c6-2c3c-5137-a97c-a1d93e6b06ac,0ea2993f-4afa-57b2-a1a8-d640cefac35f,14,14,አባቶች ሆይ፥ ከመጀመሪያ የነበረውን አውቃችኋልና እጽፍላችኋለሁ። ጐበዞች ሆይ፥ ብርቱዎች ስለ ሆናችሁ የእግዚአብሔርም ቃል በእናንተ ስለሚኖር ክፉውንም ስለ አሸነፋችሁ እጽፍላችኋለሁ።
290618bd-075f-5665-a6d3-7f7ed18ab3be,11fd47c6-2c3c-5137-a97c-a1d93e6b06ac,0ea2993f-4afa-57b2-a1a8-d640cefac35f,15,15,ዓለምን ወይም በዓለም ያሉትን አትውደዱ፤ በዓለም ያለው ሁሉ እርሱም የሥጋ ምኞትና የዓይን አምሮት ስለ ገንዘብም መመካት ከዓለም ስለ ሆነ እንጂ ከአባት ስላልሆነ፥ ማንም ዓለምን ቢወድ የአባት ፍቅር በእርሱ ውስጥ የለም።
28f7b567-3883-5663-a3a0-1e4aecc1098e,11fd47c6-2c3c-5137-a97c-a1d93e6b06ac,0ea2993f-4afa-57b2-a1a8-d640cefac35f,16,17,ዓለሙም ምኞቱም ያልፋሉ፤ የእግዚአብሔርን ፈቃድ የሚያደርግ ግን ለዘላለም ይኖራል።
72d88db8-81c4-5ebb-a041-96b440e2c923,11fd47c6-2c3c-5137-a97c-a1d93e6b06ac,0ea2993f-4afa-57b2-a1a8-d640cefac35f,17,18,ልጆች ሆይ፥ መጨረሻው ሰዓት ነው፥ የክርስቶስም ተቃዋሚ ይመጣ ዘንድ እንደ ሰማችሁ አሁን እንኳ ብዙዎች የክርስቶስ ተቃዋሚዎች ተነሥተዋል፤ ስለዚህም መጨረሻው ሰዓት እንደ ሆነ እናውቃለን።
9d1804cf-fe60-520c-ae5f-672afd9473ea,11fd47c6-2c3c-5137-a97c-a1d93e6b06ac,0ea2993f-4afa-57b2-a1a8-d640cefac35f,18,19,ከእኛ ዘንድ ወጡ፥ ዳሩ ግን ከእኛ ወገን አልነበሩም፤ ከእኛ ወገንስ ቢሆኑ ከእኛ ጋር ጸንተው በኖሩ ነበር፤ ነገር ግን ሁሉ ከእኛ ወገን እንዳልሆኑ ይገለጡ ዘንድ ወጡ።
76ca8379-313a-5916-ae6b-45c3133e2ff1,11fd47c6-2c3c-5137-a97c-a1d93e6b06ac,0ea2993f-4afa-57b2-a1a8-d640cefac35f,19,20,እናንተም ከቅዱሱ ቅባት ተቀብላችኋል፥ ሁሉንም ታውቃላችሁ።
f8251943-d3ac-592a-a8d8-9336427c3e0a,11fd47c6-2c3c-5137-a97c-a1d93e6b06ac,0ea2993f-4afa-57b2-a1a8-d640cefac35f,20,21,እውነትን የምታውቁ ስለ ሆናችሁ፥ ውሸትም ሁሉ ከእውነት እንዳልሆነ ስለምታውቁ እንጂ እውነትን ስለማታውቁ አልጽፍላችሁም።
82d145ea-03d2-5bf7-ad4a-30e162e1bd2c,11fd47c6-2c3c-5137-a97c-a1d93e6b06ac,0ea2993f-4afa-57b2-a1a8-d640cefac35f,21,22,ክርስቶስ አይደለም ብሎ ኢየሱስን ከሚክድ በቀር ውሸተኛው ማን ነው? አብንና ወልድን የሚክድ ይህ የክርስቶስ ተቃዋሚ ነው።
007e95c6-c5fd-57af-a0b8-54975dcd5f46,11fd47c6-2c3c-5137-a97c-a1d93e6b06ac,0ea2993f-4afa-57b2-a1a8-d640cefac35f,22,23,ወልድን የሚክድ ሁሉ አብ እንኳ የለውም፤ በወልድ የሚታመን አብ ደግሞ አለው።
28211bb2-aa5a-529b-a9ab-ee3d68b7c944,11fd47c6-2c3c-5137-a97c-a1d93e6b06ac,0ea2993f-4afa-57b2-a1a8-d640cefac35f,23,24,እናንተስ ከመጀመሪያ የሰማችሁት በእናንተ ጸንቶ ይኑር። ከመጀመሪያ የሰማችሁት በእናንተ ቢኖር፥ እናንተ ደግሞ በወልድና በአብ ትኖራላችሁ።
ab1a95e2-b630-5c9d-a6d5-7b014b2bd1c3,11fd47c6-2c3c-5137-a97c-a1d93e6b06ac,0ea2993f-4afa-57b2-a1a8-d640cefac35f,24,25,እርሱም የሰጠን ተስፋ ይህ የዘላለም ሕይወት ነው።
ba4624b6-192e-57d4-a858-547c0503e6f6,11fd47c6-2c3c-5137-a97c-a1d93e6b06ac,0ea2993f-4afa-57b2-a1a8-d640cefac35f,25,26,ስለሚያስቱአችሁ ሰዎች ይህን ጽፌላችኋለሁ።
d6cc0153-ded3-5c7f-a08a-f47bab4613d2,11fd47c6-2c3c-5137-a97c-a1d93e6b06ac,0ea2993f-4afa-57b2-a1a8-d640cefac35f,26,27,እናንተስ ከእርሱ የተቀበላችሁት ቅባት በእናንተ ይኖራል፥ ማንም ሊያስተምራችሁ አያስፈልጋችሁም፤ ነገር ግን የእርሱ ቅባት ስለ ሁሉ እንደሚያስተምራችሁ፥ እውነተኛም እንደ ሆነ ውሸትም እንዳልሆነ፥ እናንተንም እንዳስተማራችሁ፥ በእርሱ ኑሩ።
913eb52a-1b16-5225-a8c2-f13b432f16c3,11fd47c6-2c3c-5137-a97c-a1d93e6b06ac,0ea2993f-4afa-57b2-a1a8-d640cefac35f,27,28,አሁንም፥ ልጆች ሆይ፥ በሚገለጥበት ጊዜ እምነት እንዲሆንልን በመምጣቱም በእርሱ ፊት እንዳናፍር በእርሱ ኑሩ።
04390b5f-24fb-5011-ac09-adb1d4bc00e5,11fd47c6-2c3c-5137-a97c-a1d93e6b06ac,0ea2993f-4afa-57b2-a1a8-d640cefac35f,28,29,ጻድቅ እንደ ሆነ ካወቃችሁ ጽድቅን የሚያደርግ ሁሉ ከእርሱ እንደ ተወለደ እወቁ።
fff652fe-3cb3-5de3-a606-9943d13cf735,b14338fb-8621-592e-ac97-0cb4350f7e88,8ede4d88-e7ad-56a3-a86f-67950c00d802,1,1,የእግዚአብሔር ልጆች ተብለን ልንጠራ አብ እንዴት ያለውን ፍቅር እንደ ሰጠን እዩ፥ እንዲሁም ነን። ስለዚህ ምክንያት ዓለም እርሱን ስላላወቀው እኛን አያውቀንም።
24db6638-70c6-5b2b-af42-61744be4ddac,b14338fb-8621-592e-ac97-0cb4350f7e88,8ede4d88-e7ad-56a3-a86f-67950c00d802,2,2,ወዳጆች ሆይ፥ አሁን የእግዚአብሔር ልጆች ነን፥ ምንም እንደምንሆን ገና አልተገለጠም። ዳሩ ግን ቢገለጥ እርሱ እንዳለ እናየዋለንና እርሱን እንድንመስል እናውቃለን።
3108dbcc-fd10-515f-ae9c-7bf55c4783e3,b14338fb-8621-592e-ac97-0cb4350f7e88,8ede4d88-e7ad-56a3-a86f-67950c00d802,3,3,በእርሱም ይህን ተስፋ የሚያደርግ ሁሉ እርሱ ንጹሕ እንደ ሆነ ራሱን ያነጻል።
1adf9319-1e65-5094-a206-83453108b2ec,b14338fb-8621-592e-ac97-0cb4350f7e88,8ede4d88-e7ad-56a3-a86f-67950c00d802,4,4,ኃጢአትን የሚያደርግ ሁሉ ዓመፅን ደግሞ ያደርጋል፥ ኃጢአትም ዓመፅ ነው።
9a1a7f56-5fe3-5b1e-ac53-5e87460af43c,b14338fb-8621-592e-ac97-0cb4350f7e88,8ede4d88-e7ad-56a3-a86f-67950c00d802,5,5,እርሱም ኃጢአትን ሊያስወግድ እንደ ተገለጠ ታውቃላችሁ፥ በእርሱም ኃጢአት የለም።
475653e2-0424-5995-aa2a-689699479418,b14338fb-8621-592e-ac97-0cb4350f7e88,8ede4d88-e7ad-56a3-a86f-67950c00d802,6,6,በእርሱ የሚኖር ሁሉ ኃጢአትን አያደርግም፤ ኃጢአትን የሚያደርግ ሁሉ አላየውም አላወቀውምም።
93a1c877-57b0-5b7f-a081-378fc2bdbcbf,b14338fb-8621-592e-ac97-0cb4350f7e88,8ede4d88-e7ad-56a3-a86f-67950c00d802,7,7,ልጆች ሆይ፥ ማንም አያስታችሁ፥ እርሱ ጻድቅ እንደ ሆነ ጽድቅን የሚያደርግ ጻድቅ ነው።
f7c109fc-b44c-5194-a51e-698bef6690ff,b14338fb-8621-592e-ac97-0cb4350f7e88,8ede4d88-e7ad-56a3-a86f-67950c00d802,8,8,ኃጢአትን የሚያደርግ ከዲያብሎስ ነው፥ ዲያብሎስ ከመጀመሪያ ኃጢአትን ያደርጋልና።
0cc69244-6011-5ba6-a6d2-fb17bdbe93b1,b14338fb-8621-592e-ac97-0cb4350f7e88,8ede4d88-e7ad-56a3-a86f-67950c00d802,9,9,ስለዚህ የዲያብሎስን ሥራ እንዲያፈርስ የግዚአብሔር ልጅ ተገለጠ። ከእግዚአብሔር የተወለደ ሁሉ ኃጢአትን አያደርግም፥ ዘሩ በእርሱ ይኖራልና፤ ከእግዚአብሔርም ተወልዶአልና ኃጢአትን ሊያደርግ አይችልም።
2918380b-c607-5696-a318-b099b8239fee,b14338fb-8621-592e-ac97-0cb4350f7e88,8ede4d88-e7ad-56a3-a86f-67950c00d802,10,10,የእግዚአብሔር ልጆችና የዲያብሎስ ልጆች በዚህ የተገለጡ ናቸው፤ ጽድቅን የማያደርግና ወንድሙን የማይወድ ሁሉ ከእግዚአብሔር አይደለም።
5fb780f5-d655-5142-aeae-ba3b0f065cbb,b14338fb-8621-592e-ac97-0cb4350f7e88,8ede4d88-e7ad-56a3-a86f-67950c00d802,11,11,ከመጀመሪያ የሰማችኋት መልእክት፦ እርስ በርሳችን እንዋደድ የምትል ይህች ናትና፤
ba55b49f-9e23-5522-ab85-544100329690,b14338fb-8621-592e-ac97-0cb4350f7e88,8ede4d88-e7ad-56a3-a86f-67950c00d802,12,12,ከክፉው እንደ ነበረ ወንድሙንም እንደ ገደለ እንደ ቃየል አይደለም፤ ስለ ምንስ ገደለው? የገዛ ሥራው ክፉ፥ የወንድሙም ሥራ ጽድቅ ስለ ነበረ ነው።
c4c52a8e-65f7-5204-aaf8-c44d561175a8,b14338fb-8621-592e-ac97-0cb4350f7e88,8ede4d88-e7ad-56a3-a86f-67950c00d802,13,13,ወንድሞች ሆይ፥ ዓለም ቢጠላችሁ አትደነቁ።
986c9ae4-2532-55d0-afb1-ae17b555db9d,b14338fb-8621-592e-ac97-0cb4350f7e88,8ede4d88-e7ad-56a3-a86f-67950c00d802,14,14,እኛ ወንድሞችን የምንወድ ስለ ሆንን ከሞት ወደ ሕይወት እንደ ተሻገርን እናውቃለን፤ ወንድሙን የማይወድ በሞት ይኖራል።
26b4cf94-6edc-5337-a408-78f79f5724c5,b14338fb-8621-592e-ac97-0cb4350f7e88,8ede4d88-e7ad-56a3-a86f-67950c00d802,15,15,ወንድሙን የሚጠላ ሁሉ ነፍሰ ገዳይ ነው፥ ነፍሰ ገዳይም የሆነ ሁሉ የዘላለም ሕይወት በእርሱ እንዳይኖር ታውቃላችሁ።
644fdb11-f16c-5d82-a223-0a4aa99ce67c,b14338fb-8621-592e-ac97-0cb4350f7e88,8ede4d88-e7ad-56a3-a86f-67950c00d802,16,16,እርሱ ስለ እኛ ነፍሱን አሳልፎ ሰጥቶአልና በዚህ ፍቅርን አውቀናል፤ እኛም ስለ ወንድሞቻችን ነፍሳችንን አሳልፈን እንድንሰጥ ይገባናል።
8fcace49-0906-5a14-a7db-9329586d22eb,b14338fb-8621-592e-ac97-0cb4350f7e88,8ede4d88-e7ad-56a3-a86f-67950c00d802,17,17,ነገር ግን የዚህ ዓለም ገንዘብ ያለው፥ ወንድሙም የሚያስፈልገው ሲያጣ አይቶ ያልራራለት ማንም ቢሆን፥ የእግዚአብሔር ፍቅር በእርሱ እንዴት ይኖራል?
4612c7b2-bfa9-5007-a7bc-fe9488c096cb,b14338fb-8621-592e-ac97-0cb4350f7e88,8ede4d88-e7ad-56a3-a86f-67950c00d802,18,18,ልጆቼ ሆይ፥ በሥራና በእውነት እንጂ በቃልና በአንደበት አንዋደድ።
ce23cd7e-c774-5faa-a223-d37ace2d5707,b14338fb-8621-592e-ac97-0cb4350f7e88,8ede4d88-e7ad-56a3-a86f-67950c00d802,19,19,ልባችንም በእኛ ላይ በሚፈርድበት ሁሉ፥ ከእውነት እንደ ሆንን በዚህ እናውቃለን በፊቱም ልባችንን እናሳርፋለን፥ እግዚአብሔር ከልባችን ይልቅ ታላቅ ነውና ሁሉንም ያውቃል።
c00fa007-f245-56fa-a322-d250dd349cbf,b14338fb-8621-592e-ac97-0cb4350f7e88,8ede4d88-e7ad-56a3-a86f-67950c00d802,20,21,ወዳጆች ሆይ፥ ልባችንስ ባይፈርድብን በእግዚአብሔር ዘንድ ድፍረት አለን፥
d07f29ef-87c9-5d29-a653-5108aac79ea0,b14338fb-8621-592e-ac97-0cb4350f7e88,8ede4d88-e7ad-56a3-a86f-67950c00d802,21,22,ትእዛዙንም የምንጠብቅና በፊቱ ደስ የሚያሰኘውን የምናደርግ ስለሆንን የምንለምነውን ሁሉ ከእርሱ እናገኛለን።
2dd24705-5523-5ece-a5ad-fac4696a2db5,b14338fb-8621-592e-ac97-0cb4350f7e88,8ede4d88-e7ad-56a3-a86f-67950c00d802,22,23,ትእዛዚቱም ይህች ናት፥ በልጁ በኢየሱስ ክርስቶስ ስም እናምን ዘንድ፥ ትእዛዝንም እንደ ሰጠን እርስ በርሳችን እንዋደድ ዘንድ።
b2e1c7dc-d592-5f99-a4ad-6e18874d9697,b14338fb-8621-592e-ac97-0cb4350f7e88,8ede4d88-e7ad-56a3-a86f-67950c00d802,23,24,ትእዛዙንም የሚጠብቅ በእርሱ ይኖራል እርሱም ይኖርበታል፤ በዚህም በእኛ እንዲኖር ከሰጠን ከመንፈሱ እናውቃለን።
5411b897-bd4a-57e0-a887-9ec36b505eb5,ead4ec9d-a714-5b92-a85e-60f1c08e1b0e,9cee25b7-c36f-574a-a8c1-e55fd4a7584f,1,1,ወዳጆች ሆይ፥ መንፈስን ሁሉ አትመኑ፥ ነገር ግን መናፍስት ከእግዚአብሔር ሆነው እንደ ሆነ መርምሩ፤ ብዙዎች ሐሰተኞች ነቢያት ወደ ዓለም ወጥተዋልና።
d6d668f0-eab5-505a-a3bb-9e932570124b,ead4ec9d-a714-5b92-a85e-60f1c08e1b0e,9cee25b7-c36f-574a-a8c1-e55fd4a7584f,2,2,የእግዚአብሔርን መንፈስ በዚህ ታውቃላችሁ፤ ኢየሱስ ክርስቶስ በሥጋ እንደ መጣ የሚታመን መንፈስ ሁሉ ከእግዚአብሔር ነው፥
72c41973-7743-58ea-a301-a1e824e51472,ead4ec9d-a714-5b92-a85e-60f1c08e1b0e,9cee25b7-c36f-574a-a8c1-e55fd4a7584f,3,3,ኢየሱስ ክርስቶስም በሥጋ እንደ መጣ የማይታመን መንፈስ ሁሉ ከእግዚአብሔር አይደለም፤ ይህም የክርስቶስ ተቃዋሚው መንፈስ ነው፤ ይህም እንዲመጣ ሰምታችኋል፥ አሁንም እንኳ በዓለም አለ።
90e65db4-5b44-518d-ae27-f68f376bc3b6,ead4ec9d-a714-5b92-a85e-60f1c08e1b0e,9cee25b7-c36f-574a-a8c1-e55fd4a7584f,4,4,ልጆች ሆይ፥ እናንተ ከእግዚአብሔር ናችሁ አሸንፋችኋቸውማል፥ በዓለም ካለው ይልቅ በእናንተ ያለው ታላቅ ነውና።
a8f37099-5ad0-5a65-ac5a-31434c3cd7c7,ead4ec9d-a714-5b92-a85e-60f1c08e1b0e,9cee25b7-c36f-574a-a8c1-e55fd4a7584f,5,5,እነርሱ ከዓለም ናቸው፤ ስለዚህ ከዓለም የሆነውን ይናገራሉ ዓለሙም ይሰማቸዋል።
869b5dba-e68f-56a6-a536-6ec4b3d49f1d,ead4ec9d-a714-5b92-a85e-60f1c08e1b0e,9cee25b7-c36f-574a-a8c1-e55fd4a7584f,6,6,እኛ ከእግዚአብሔር ነን፤ እግዚአብሔርን የሚያውቅ ይሰማናል፤ ከእግዚአብሔር ያልሆነ አይሰማንም። የእውነትን መንፈስና የስሕተትን መንፈስ በዚህ እናውቃለን።
ebb30b5d-f4a6-5fa1-a3fd-9bbeda7e25af,ead4ec9d-a714-5b92-a85e-60f1c08e1b0e,9cee25b7-c36f-574a-a8c1-e55fd4a7584f,7,7,ወዳጆች ሆይ፥ ፍቅር ከእግዚአብሔር ስለ ሆነ፥ የሚወደውም ሁሉ ከእግዚአብሔር ስለ ተወለደ እግዚአብሔርንም ስለሚያውቅ፥ እርስ በርሳችን እንዋደድ።
c688dd2f-c307-5403-a5c6-06884ce8fedc,ead4ec9d-a714-5b92-a85e-60f1c08e1b0e,9cee25b7-c36f-574a-a8c1-e55fd4a7584f,8,8,ፍቅር የሌለው እግዚአብሔርን አያውቅም፥ እግዚአብሔር ፍቅር ነውና።
09551375-a256-5f6f-a48f-499eeb9cb1a2,ead4ec9d-a714-5b92-a85e-60f1c08e1b0e,9cee25b7-c36f-574a-a8c1-e55fd4a7584f,9,9,በዚህ የእግዚአብሔር ፍቅር በእኛ ዘንድ ተገለጠ፥ በእርሱ በኩል በሕይወት እንኖር ዘንድ እግዚአብሔር አንድ ልጁን ወደ ዓለም ልኮታልና።
2a3e7003-6df4-5c2f-ab70-a8ab1ca76c4c,ead4ec9d-a714-5b92-a85e-60f1c08e1b0e,9cee25b7-c36f-574a-a8c1-e55fd4a7584f,10,10,ፍቅርም እንደዚህ ነው። እግዚአብሔር እርሱ ራሱ እንደ ወደደን ስለ ኃጢአታችንም ማስተስሪያ ይሆን ዘንድ ልጁን እንደ ላከ እንጂ እኛ እግዚአብሔርን እንደ ወደድነው አይደለም።
2f2ac41b-671a-55c8-a650-a1d3a75100ca,ead4ec9d-a714-5b92-a85e-60f1c08e1b0e,9cee25b7-c36f-574a-a8c1-e55fd4a7584f,11,11,ወዳጆች ሆይ፥ እግዚአብሔር እንዲህ አድርጎ ከወደደን እኛ ደግሞ እርስ በርሳችን ልንዋደድ ይገባናል።
85230826-dc8b-5945-ae8b-37f523acbfae,ead4ec9d-a714-5b92-a85e-60f1c08e1b0e,9cee25b7-c36f-574a-a8c1-e55fd4a7584f,12,12,እግዚአብሔርን ማንም ከቶ አላየውም፤ እርስ በርሳችን ብንዋደድ እግዚአብሔር በእኛ ይኖራል ፍቅሩም በእኛ ፍጹም ሆኖአል።
8fcc0b87-418e-58ce-a325-325806561364,ead4ec9d-a714-5b92-a85e-60f1c08e1b0e,9cee25b7-c36f-574a-a8c1-e55fd4a7584f,13,13,ከመንፈሱ ስለ ሰጠን፥ በእርሱ እንድንኖር እሱም በእኛ እንዲኖር በዚህ እናውቃለን።
58092708-3711-54fc-ada7-854725a2fe3c,ead4ec9d-a714-5b92-a85e-60f1c08e1b0e,9cee25b7-c36f-574a-a8c1-e55fd4a7584f,14,14,እኛም አይተናል አባትም ልጁን የዓለም መድኃኒት ሊሆን እንደ ላከው እንመሰክራለን።
0e9346c7-a1df-55bb-ac68-44f02b53adf9,ead4ec9d-a714-5b92-a85e-60f1c08e1b0e,9cee25b7-c36f-574a-a8c1-e55fd4a7584f,15,15,ኢየሱስ የእግዚአብሔር ልጅ እንደ ሆነ በሚታመን ሁሉ እግዚአብሔር በእርሱ ይኖራል እርሱም በእግዚአብሔር ይኖራል።
99da0b6a-b09b-5f73-a0f6-e0d4982b5335,ead4ec9d-a714-5b92-a85e-60f1c08e1b0e,9cee25b7-c36f-574a-a8c1-e55fd4a7584f,16,16,እኛም እግዚአብሔር ለእኛ ያለውን ፍቅር አውቀናል አምነንማል። እግዚአብሔር ፍቅር ነው፥ በፍቅርም የሚኖር በእግዚአብሔር ይኖራል እግዚአብሔርም በእርሱ ይኖራል።
6913d8f8-eb0c-56e0-af71-9a17db4d45c9,ead4ec9d-a714-5b92-a85e-60f1c08e1b0e,9cee25b7-c36f-574a-a8c1-e55fd4a7584f,17,17,በፍርድ ቀን ድፍረት ይሆንልን ዘንድ ፍቅር በዚህ ከእኛ ጋር ተፈጽሞአል፤ እርሱ እንዳለ እኛ ደግሞ እንዲሁ በዚህ ዓለም ነንና።
878ec2ae-bb07-5da3-adfb-6a38ccb2df41,ead4ec9d-a714-5b92-a85e-60f1c08e1b0e,9cee25b7-c36f-574a-a8c1-e55fd4a7584f,18,18,ፍጹም ፍቅር ፍርሃትን አውጥቶ ይጥላል እንጂ በፍቅር ፍርሃት የለም፥ ፍርሃት ቅጣት አለውና፤ የሚፈራም ሰው ፍቅሩ ፍጹም አይደለም።
25b55c65-a590-5c28-a255-9961d8814836,ead4ec9d-a714-5b92-a85e-60f1c08e1b0e,9cee25b7-c36f-574a-a8c1-e55fd4a7584f,19,19,እርሱ አስቀድሞ ወዶናልና እኛ እንወደዋለን።
fcd5dbc2-f2c2-5084-a18d-f410868a313b,ead4ec9d-a714-5b92-a85e-60f1c08e1b0e,9cee25b7-c36f-574a-a8c1-e55fd4a7584f,20,20,ማንም፦ እግዚአብሔርን እወዳለሁ እያለ ወንድሙን ቢጠላ ሐሰተኛ ነው፤ ያየውን ወንድሙን የማይወድ ያላየውን እግዚአብሔርን ሊወደው እንዴት ይችላል?
033cbed9-e86b-5942-aedd-514edc50d1ee,ead4ec9d-a714-5b92-a85e-60f1c08e1b0e,9cee25b7-c36f-574a-a8c1-e55fd4a7584f,21,21,እግዚአብሔርንም የሚወድ ወንድሙን ደግሞ እንዲወድ ይህች ትእዛዝ ከእርሱ አለችን።
29141dc8-d7a0-56ee-a937-14492d17d87f,d0a965f0-066f-56fa-a59c-5fa362b6e3c5,db88d7ae-3d1d-5ec2-a0f7-ed49274d393c,1,1,ክርስቶስ ነው ብሎ በኢየሱስ የሚያምን ሁሉ ከእግዚአብሔር ተወልዶአል፥ ወላጁንም የሚወድ ሁሉ ከእርሱ የተወለደውን ደግሞ ይወዳል።
a4241785-e540-58c2-aa5e-98c05a119a1d,d0a965f0-066f-56fa-a59c-5fa362b6e3c5,db88d7ae-3d1d-5ec2-a0f7-ed49274d393c,2,2,እግዚአብሔርን ስንወድ ትእዛዛቱንም ስናደርግ የእግዚአብሔርን ልጆች እንድንወድ በዚህ እናውቃለን።
c6ca2d72-a655-5a4a-a050-ec66e202385c,d0a965f0-066f-56fa-a59c-5fa362b6e3c5,db88d7ae-3d1d-5ec2-a0f7-ed49274d393c,3,3,ትእዛዛቱን ልንጠብቅ የእግዚአብሔር ፍቅር ይህ ነውና፤ ትእዛዛቱም ከባዶች አይደሉም።
6d1cbc62-ef25-5edc-ad15-c823846582aa,d0a965f0-066f-56fa-a59c-5fa362b6e3c5,db88d7ae-3d1d-5ec2-a0f7-ed49274d393c,4,4,ከእግዚአብሔር የተወለደ ሁሉ ዓለምን ያሸንፋልና፤ ዓለምንም የሚያሸንፈው እምነታችን ነው።
628745da-9050-5487-aab3-7515c9fa4bd4,d0a965f0-066f-56fa-a59c-5fa362b6e3c5,db88d7ae-3d1d-5ec2-a0f7-ed49274d393c,5,5,ኢየሱስም የእግዚአብሔር ልጅ እንደ ሆነ ከሚያምን በቀር ዓለምን የሚያሸንፍ ማን ነው?
c993eb80-1485-5171-a015-0ed6962416c6,d0a965f0-066f-56fa-a59c-5fa362b6e3c5,db88d7ae-3d1d-5ec2-a0f7-ed49274d393c,6,6,በውኃና በደም የመጣ ይህ ነው እርሱም ኢየሱስ ክርስቶስ በውኃውና በደሙ እንጂ በውኃው ብቻ አይደለም።
66bb9f80-9da0-5f1d-a38b-0c6c8e9bc3ea,d0a965f0-066f-56fa-a59c-5fa362b6e3c5,db88d7ae-3d1d-5ec2-a0f7-ed49274d393c,7,7,መንፈስም እውነት ነውና የሚመሰክረው መንፈስ ነው።
767aaaac-84da-503c-a2f4-4b8d200d7dc9,d0a965f0-066f-56fa-a59c-5fa362b6e3c5,db88d7ae-3d1d-5ec2-a0f7-ed49274d393c,8,8,የሚመሰክሩት መንፈሱና ውኃው ደሙም ሦስት ናቸውና፤ ሦስቱም በአንድ ይስማማሉ።
4db280b9-4cd4-50ad-ad0b-fd346db4ce55,d0a965f0-066f-56fa-a59c-5fa362b6e3c5,db88d7ae-3d1d-5ec2-a0f7-ed49274d393c,9,9,የሰውን ምስክር ብንቀበል የእግዚአብሔር ምስክር ከእርሱ ይልቅ ይበልጣል፤ ስለ ልጁ የመሰከረው የእግዚአብሔር ምስክር ይህ ነውና።
da25a327-165b-5a9a-a45a-74e60bf80f63,d0a965f0-066f-56fa-a59c-5fa362b6e3c5,db88d7ae-3d1d-5ec2-a0f7-ed49274d393c,10,10,በእግዚአብሔር ልጅ የሚያምን በነፍሱ ምስክር አለው፤ በእግዚአብሔር የማያምን እግዚአብሔር ስለ ልጁ የመሰከረውን ምስክር ስላላመነ ሐሰተኛ አድርጎታል።
9433fc7d-6e36-5e85-a9a6-29606212acc8,d0a965f0-066f-56fa-a59c-5fa362b6e3c5,db88d7ae-3d1d-5ec2-a0f7-ed49274d393c,11,11,እግዚአብሔርም የዘላለምን ሕይወት እንደ ሰጠን ይህም ሕይወት በልጁ እንዳለ ምስክሩ ይህ ነው።
da02c2a0-451d-58f3-a810-a97ed80f6c74,d0a965f0-066f-56fa-a59c-5fa362b6e3c5,db88d7ae-3d1d-5ec2-a0f7-ed49274d393c,12,12,ልጁ ያለው ሕይወት አለው፤ የእግዚአብሔር ልጅ የሌለው ሕይወት የለውም።
f9627b65-9d7b-5852-aa79-6e1a067d92a6,d0a965f0-066f-56fa-a59c-5fa362b6e3c5,db88d7ae-3d1d-5ec2-a0f7-ed49274d393c,13,13,የዘላለም ሕይወት እንዳላችሁ ታውቁ ዘንድ በእግዚአብሔር ልጅ ስም ለምታምኑ ይህን ጽፌላችኋለሁ።
9afdaa01-1a0f-5897-ad53-72a567254239,d0a965f0-066f-56fa-a59c-5fa362b6e3c5,db88d7ae-3d1d-5ec2-a0f7-ed49274d393c,14,14,በእርሱ ዘንድ ያለን ድፍረት ይህ ነው፤ እንደ ፈቃዱ አንዳች ብንለምን ይሰማናል።
2b17e420-da2a-59fb-a746-93a4c6ae0f0d,d0a965f0-066f-56fa-a59c-5fa362b6e3c5,db88d7ae-3d1d-5ec2-a0f7-ed49274d393c,15,15,የምንለምነውንም ሁሉ እንዲሰማልን ብናውቅ ከእርሱ የለመነውን ልመና እንደ ተቀበልን እናውቃለን።
a80b67be-26f3-5c90-abe0-853d39f978ee,d0a965f0-066f-56fa-a59c-5fa362b6e3c5,db88d7ae-3d1d-5ec2-a0f7-ed49274d393c,16,16,ማንም ወንድሙን ሞት የማይገባውን ኃጢአት ሲያደርግ ቢያየው ይለምን፥ ሞትም የማይገባውን ኃጢአት ላደረጉት ሕይወት ይሰጥለታል። ሞት የሚገባው ኃጢአት አለ፤ ስለዚያ እንዲጠይቅ አልልም።
ed3e01e9-e596-52ac-ab78-a9353671a2c3,d0a965f0-066f-56fa-a59c-5fa362b6e3c5,db88d7ae-3d1d-5ec2-a0f7-ed49274d393c,17,17,ዓመፃ ሁሉ ኃጢአት ነው፥ ሞትም የማይገባው ኃጢአት አለ።
8cdb6ad9-387c-523c-adb3-01bd78311b0e,d0a965f0-066f-56fa-a59c-5fa362b6e3c5,db88d7ae-3d1d-5ec2-a0f7-ed49274d393c,18,18,ከእግዚአብሔር የተወለደ ሁሉ ኃጢአትን እንዳያደርግ፥ ነገር ግን ከእግዚአብሔር የተወለደው ራሱን እንዲጠብቅ ክፉውም እንዳይነካው እናውቃለን።
2c46f5f4-9390-5adf-adb2-69a2da747c3c,d0a965f0-066f-56fa-a59c-5fa362b6e3c5,db88d7ae-3d1d-5ec2-a0f7-ed49274d393c,19,19,ከእግዚአብሔር እንደ ሆንን ዓለምም በሞላው በክፉው እንደ ተያዘ እናውቃለን።
1fd12ab1-3890-501b-ac0e-eb49c6b02581,d0a965f0-066f-56fa-a59c-5fa362b6e3c5,db88d7ae-3d1d-5ec2-a0f7-ed49274d393c,20,20,የእግዚአብሔርም ልጅ እንደ መጣ፥ እውነተኛም የሆነውን እናውቅ ዘንድ ልቡናን እንደ ሰጠን እናውቃለን፤ እውነተኛም በሆነው በእርሱ አለን፥ እርሱም ልጁ ኢየሱስ ክርስቶስ ነው። እርሱ እውነተኛ አምላክና የዘላለም ሕይወት ነው።
756fa86d-d1cc-5606-a45e-80ed6df455c5,d0a965f0-066f-56fa-a59c-5fa362b6e3c5,db88d7ae-3d1d-5ec2-a0f7-ed49274d393c,21,21,ልጆች ሆይ፥ ከጣዖታት ራሳችሁን ጠብቁ።
a27d9afe-48ae-56e9-aec6-a96d0a66ee98,15fe7ce3-1745-5d6a-a72b-7f321dfe8ced,6d893962-c168-5576-ad11-ec3a66dfa898,1,1,በእኛ ስለሚኖርና ከእኛ ጋር ለዘላለም ስለሚሆን እውነት፥ እኔ ሽማግሌው በእውነት ለምወዳቸውና እኔ ብቻ ሳልሆን እውነትን የሚያውቁ ሁሉ ደግሞ ለሚወዱአቸው ለተመረጠች እመቤትና ለልጆችዋ፤
4edcb48b-5a13-58d8-a02d-5f3318a4cd16,15fe7ce3-1745-5d6a-a72b-7f321dfe8ced,6d893962-c168-5576-ad11-ec3a66dfa898,2,3,ከእግዚአብሔር አብና ከአብ ልጅ ከኢየሱስ ክርስቶስ ጸጋና ምሕረት ሰላምም በእውነትና በፍቅር ከእኛ ጋር ይሆናሉ።
37d65630-6193-51b6-aee2-f62f1351883b,15fe7ce3-1745-5d6a-a72b-7f321dfe8ced,4ffc402a-e3d8-5e84-a765-d9307154bbdc,1,4,ትእዛዝን ከአብ እንደ ተቀበልን ከልጆችሽ በእውነት የሚሄዱ አንዳንዶችን ስለ አገኘኋቸው እጅግ ደስ ብሎኛል።
b66a925a-d8ac-5a84-ae0d-2833d18fe0bb,15fe7ce3-1745-5d6a-a72b-7f321dfe8ced,4ffc402a-e3d8-5e84-a765-d9307154bbdc,2,5,አሁንም እመቤት ሆይ! እርስ በርሳችን እንድንዋደድ እለምንሻለሁ፤ ይህች ከመጀመሪያ በእኛ ዘንድ የነበረች ትእዛዝ ናት እንጂ አዲስ ትእዛዝን እንደምጽፍልሽ አይደለም።
ccbac8d7-84b4-520a-a9b0-9ab451c59b71,15fe7ce3-1745-5d6a-a72b-7f321dfe8ced,4ffc402a-e3d8-5e84-a765-d9307154bbdc,3,6,እንደ ትእዛዛቱም እንሄድ ዘንድ ይህ ፍቅር ነው፤ ከመጀመሪያ እንደ ሰማችሁ፥ በእርስዋ ትሄዱ ዘንድ ትእዛዙ ይህች ናት።
9eaa21be-c204-5b3c-a8d4-52bd439bee93,15fe7ce3-1745-5d6a-a72b-7f321dfe8ced,4ffc402a-e3d8-5e84-a765-d9307154bbdc,4,7,ብዙ አሳቾች ወደ ዓለም ገብተዋልና፤ እነርሱም ኢየሱስ ክርስቶስ በሥጋ እንደ መጣ የማያምኑ ናቸው፤ ይህ አሳቹና የክርስቶስ ተቃዋሚው ነው።
29ea6b5c-6131-52ab-aa47-07383c04622e,15fe7ce3-1745-5d6a-a72b-7f321dfe8ced,4ffc402a-e3d8-5e84-a765-d9307154bbdc,5,8,ሙሉ ደመወዝን እንድትቀበሉ እንጂ የሠራችሁትን እንዳታጠፉ ለራሳችሁ ተጠንቀቁ።
a88f4854-4016-51f9-a629-c22d97787dcd,15fe7ce3-1745-5d6a-a72b-7f321dfe8ced,4ffc402a-e3d8-5e84-a765-d9307154bbdc,6,9,ለሚወጣ ሁሉ በክርስቶስም ትምህርት ለማይኖር ሰው አምላክ የለውም፤ በክርስቶስ ትምህርት ለሚኖር አብና ወልድ አሉት።
ccedb793-60bf-56da-abfc-198e5a16aef2,15fe7ce3-1745-5d6a-a72b-7f321dfe8ced,4ffc402a-e3d8-5e84-a765-d9307154bbdc,7,10,ማንም ወደ እናንተ ቢመጣ ይህንም ትምህርት ባያመጣ በቤታችሁ አትቀበሉት፤ ሰላምም አትበሉት፤
f7672608-19e2-5b31-a178-f3cf9bd89847,15fe7ce3-1745-5d6a-a72b-7f321dfe8ced,4ffc402a-e3d8-5e84-a765-d9307154bbdc,8,11,ሰላም የሚለው ሰው በክፉ ሥራው ይካፈላልና።
6fd82070-71af-588a-a46e-a7f98a406402,15fe7ce3-1745-5d6a-a72b-7f321dfe8ced,bd4e0ff2-c9aa-5f3e-afdd-87410f24caf1,1,12,እንድጽፍላችሁ የምፈልገው ብዙ ነገር ሳለኝ በወረቀትና በቀለም ልጽፈው አልወድም፤ ዳሩ ግን ደስታችሁ ፍጹም እንዲሆን ወደ እናንተ ልመጣ አፍ ለአፍም ልናገራችሁ ተስፋ አደርጋለሁ።
4a4a1216-156c-5443-a150-3f294f5ceb43,15fe7ce3-1745-5d6a-a72b-7f321dfe8ced,bd4e0ff2-c9aa-5f3e-afdd-87410f24caf1,2,13,የተመረጠችው የእኅትሽ ልጆች ሰላምታ ያቀርቡልሻል።
f6d244c5-6889-5482-ae39-e69fcb8199a1,ff83e5a3-46d2-571b-a75d-5605a45b359e,4c702541-2b4c-51ed-a747-2b85ebf690a6,1,1,ሽማግሌው በእውነት እኔ ለምወደው ለተወደደው ለጋይዮስ።
86a02c2d-12ad-5887-a1c8-54eb2ce8db5a,ff83e5a3-46d2-571b-a75d-5605a45b359e,4c702541-2b4c-51ed-a747-2b85ebf690a6,2,2,ወዳጅ ሆይ! ነፍስህ እንደሚከናወን፥ በነገር ሁሉ እንዲከናወንልህና ጤና እንዲኖርህ እጸልያለሁ።
a86d3525-4512-5f66-aca8-87938898e84a,ff83e5a3-46d2-571b-a75d-5605a45b359e,4c702541-2b4c-51ed-a747-2b85ebf690a6,3,3,ወንድሞች መጥተው አንተ በእውነት እንደምትሄድ ስለ እውነትህ ሲመሰክሩ እጅግ ደስ ብሎኛልና።
1c9e748b-b761-5918-ab7a-668b9a7e0ece,ff83e5a3-46d2-571b-a75d-5605a45b359e,4c702541-2b4c-51ed-a747-2b85ebf690a6,4,4,ልጆቼ በእውነት እንዲሄዱ ከመስማት ይልቅ የሚበልጥ ደስታ የለኝም።
a3b6acf3-34d7-52cd-aac5-ed2e77faa4f0,ff83e5a3-46d2-571b-a75d-5605a45b359e,d697f7c4-3602-54c3-acec-27ecf3d42fea,1,5,ወዳጅ ሆይ! ምንም እንግዶች ቢሆኑ፥ ለወንድሞች በምታደርገው ሁሉ የታመነ ሥራ ትሠራለህ፤
6c2c9563-d418-59b4-ade8-cff2e485f0f7,ff83e5a3-46d2-571b-a75d-5605a45b359e,d697f7c4-3602-54c3-acec-27ecf3d42fea,2,6,እነርሱም በማኅበር ፊት ስለ ፍቅርህ መስክረዋል፤ ለእግዚአብሔር እንደሚገባ አድርገህ በጉዞአቸው ብትረዳ መልካም ታደርጋለህ፤
efb731cf-4d00-57bc-ac3d-86594e179523,ff83e5a3-46d2-571b-a75d-5605a45b359e,d697f7c4-3602-54c3-acec-27ecf3d42fea,3,7,ከአሕዛብ አንዳች ሳይቀበሉ ስለ ስሙ ወጥተዋልና።
73a4d9f0-493f-5a8e-a202-c4e9ea2b60bf,ff83e5a3-46d2-571b-a75d-5605a45b359e,d697f7c4-3602-54c3-acec-27ecf3d42fea,4,8,እንግዲህ ከእውነት ጋር አብረን እንድንሠራ እኛ እንዲህ ያሉትን በእንግድነት ልንቀበል ይገባናል።
97540dfc-c904-57f4-a13d-5d1d5e3384c6,ff83e5a3-46d2-571b-a75d-5605a45b359e,0c7cbb14-39cf-5c72-ac9b-d68ba06a6da9,1,9,ወደ ቤተ ክርስቲያን ጻፍሁ፤ ዳሩ ግን ዋናቸው ሊሆን የሚወድ ዲዮጥራፊስ አይቀበለንም።
370c0322-05f0-5014-aeb4-d73516551589,ff83e5a3-46d2-571b-a75d-5605a45b359e,0c7cbb14-39cf-5c72-ac9b-d68ba06a6da9,2,10,ስለዚህ እኔ ብመጣ፥ በእኛ ላይ በክፉ ቃል እየለፈለፈ የሚያደርገውን ሥራውን አሳስባለሁ፤ ይህም ሳይበቃው እርሱ ራሱ ወንድሞችን አይቀበልም፤ ሊቀበሉአቸውም የሚወዱትን ከልክሎ ከቤተ ክርስቲያን ያወጣቸዋል።
a4d88408-beb7-5370-a1a0-3336c1d3dfe8,ff83e5a3-46d2-571b-a75d-5605a45b359e,0c7cbb14-39cf-5c72-ac9b-d68ba06a6da9,3,11,ወዳጅ ሆይ! በጎ የሆነውን እንጂ ክፉን አትምሰል። በጎ የሚያደርግ ከእግዚአብሔር ነው፤ ክፉን የሚያደርግ ግን እግዚአብሔርን አላየውም።
a31e4a11-93fb-53da-aea3-f30a7914ca4f,ff83e5a3-46d2-571b-a75d-5605a45b359e,0c7cbb14-39cf-5c72-ac9b-d68ba06a6da9,4,12,ለድሜጥሮስ ሁሉ ይመሰክሩለታል፤ እውነት ራስዋም ትመሰክርለታለች፤ እኛም ደግሞ እንመሰክርለታለን፤ ምስክርነታችንም እውነት እንደ ሆነ ታውቃላችሁ።
bf815684-3269-542f-ae3e-10e2565838b5,ff83e5a3-46d2-571b-a75d-5605a45b359e,8e08d17a-dc3f-54b9-a951-c7ae747a4b95,1,13,ልጽፍልህ የምፈልገው ብዙ ነገር ነበረኝ፤ ዳሩ ግን በቀለምና በብርዕ ልጽፍልህ አልወድም፤
ba2ed155-3c27-5f91-a164-9c3b7dcacf9f,ff83e5a3-46d2-571b-a75d-5605a45b359e,8e08d17a-dc3f-54b9-a951-c7ae747a4b95,2,14,ነገር ግን ወዲያው ላይህ ተስፋ አደርጋለሁ፤ አፍ ለአፍም እንነጋገራለን።
9eb51ece-8970-53cd-ad29-60520d82a1b4,ff83e5a3-46d2-571b-a75d-5605a45b359e,8e08d17a-dc3f-54b9-a951-c7ae747a4b95,3,15,ሰላም ለአንተ ይሁን። ወዳጆች ሰላምታ ያቀርቡልሃል። ወዳጆችን በየስማቸው እየጠራህ ሰላምታ አቅርብልኝ።
85b9e14f-2112-56ec-a00d-2ec0e1565f3d,3b85e86f-88d7-5d92-af25-61ad5e985995,7c186323-3c0b-5682-a459-1b356c780cad,1,1,የእግዚአብሔርና የጌታ የኢየሱስ ክርስቶስ ባሪያ ያዕቆብ ለተበተኑ ለዐሥራ ሁለቱ ወገኖች፤ ሰላም ለእናንተ ይሁን።
6ecbde9f-7e65-514e-afd8-536f8b97cd82,3b85e86f-88d7-5d92-af25-61ad5e985995,e134c6ee-ebc2-5b05-a440-dfb559df1fc1,1,2,ወንድሞቼ ሆይ! የእምነታችሁ መፈተን ትዕግሥትን እንዲያደርግላችሁ አውቃችሁ፥ ልዩ ልዩ ፈተና ሲደርስባችሁ እንደ ሙሉ ደስታ ቍጠሩት፤
0bf8b89c-2620-56b5-aa73-7557ac570512,3b85e86f-88d7-5d92-af25-61ad5e985995,e134c6ee-ebc2-5b05-a440-dfb559df1fc1,2,4,ትዕግሥትም ምንም የሚጎድላችሁ ሳይኖር ፍጹማንና ምሉዓን ትሆኑ ዘንድ ሥራውን ይፈጽም።
20c295d0-a49a-5914-abfe-b20ede35fc31,3b85e86f-88d7-5d92-af25-61ad5e985995,e134c6ee-ebc2-5b05-a440-dfb559df1fc1,3,5,ከእናንተ ግን ማንም ጥበብ ቢጎድለው፥ ሳይነቅፍ በልግስና ለሁሉ የሚሰጠውን እግዚአብሔርን ይለምን፤ ለእርሱም ይሰጠዋል።
e7d95caa-3a63-59d8-a45a-b20d570732b8,3b85e86f-88d7-5d92-af25-61ad5e985995,e134c6ee-ebc2-5b05-a440-dfb559df1fc1,4,6,ነገር ግን በምንም ሳይጠራጠር በእምነት ይለምን፤ የሚጠራጠር ሰው በነፋስ የተገፋና የተነቃነቀ የባሕርን ማዕበል ይመስላልና።
ee22df6a-4327-5e4a-a9b8-d66e39e35948,3b85e86f-88d7-5d92-af25-61ad5e985995,e134c6ee-ebc2-5b05-a440-dfb559df1fc1,5,7,ሁለት አሳብ ላለው በመንገዱም ሁሉ ለሚወላውል ለዚያ ሰው ከጌታ ዘንድ አንዳች እንዲያገኝ አይምሰለው።
d2f5c592-b158-5993-a7e8-ed473c17452e,3b85e86f-88d7-5d92-af25-61ad5e985995,b3abdc07-5ede-516e-a523-941da33fabf4,1,9,የተዋረደው ወንድም ግን በከፍታው፥ ባለ ጠጋም በውርደቱ ይመካ፤ እንደ ሣር አበባ ያልፋልና።
f645cff4-c845-5c47-aa9a-48e5538879c0,3b85e86f-88d7-5d92-af25-61ad5e985995,b3abdc07-5ede-516e-a523-941da33fabf4,2,11,ፀሐይ ከትኵሳት ጋር ይወጣልና፥ ሣርንም ያጠወልጋልና፥ አበባውም ይረግፋልና፥ የመልኩም ውበት ይጠፋልና፤ እንዲሁ ደግሞ ባለ ጠጋው በመንገዱ ይዝላል።
3f2ff867-9980-5879-a080-e925801ecbe4,3b85e86f-88d7-5d92-af25-61ad5e985995,90d9efd0-b095-5cfa-afbc-67999266a9b9,1,12,በፈተና የሚጸና ሰው የተባረከ ነው፤ ከተፈተነ በኋላ ለሚወዱት ተስፋ ስለ እርሱ የሰጣቸውን የሕይወትን አክሊል ይቀበላልና።
17285cf8-4837-55ec-a422-261750334470,3b85e86f-88d7-5d92-af25-61ad5e985995,90d9efd0-b095-5cfa-afbc-67999266a9b9,2,13,ማንም ሲፈተን “በእግዚአብሔር እፈተናለሁ፤” አይበል፤ እግዚአብሔር በክፉ አይፈተንምና፤ እርሱ ራሱስ ማንንም አይፈትንም።
0e4ccdd6-7351-5513-afcd-af6c97473801,3b85e86f-88d7-5d92-af25-61ad5e985995,90d9efd0-b095-5cfa-afbc-67999266a9b9,3,14,ነገር ግን እያንዳንዱ በራሱ ምኞት ሲሳብና ሲታለል ይፈተናል።
50604265-6a6d-5ce0-ad57-e043d5d4c3f7,3b85e86f-88d7-5d92-af25-61ad5e985995,90d9efd0-b095-5cfa-afbc-67999266a9b9,4,15,ከዚህ በኋላ ምኞት ፀንሳ ኀጢአትን ትወልዳለች፤ ኀጢአትም ካደገች በኋላ ሞትን ትወልዳለች።
8c9b7b54-ee06-57a1-a092-00ec209861a3,3b85e86f-88d7-5d92-af25-61ad5e985995,90d9efd0-b095-5cfa-afbc-67999266a9b9,5,16,የተወደዳችሁ ወንድሞቼ ሆይ! አትሳቱ።
f1efe03a-d098-5cff-a9be-c69804a4e6e3,3b85e86f-88d7-5d92-af25-61ad5e985995,90d9efd0-b095-5cfa-afbc-67999266a9b9,6,17,በጎ ስጦታ ሁሉ ፍጹምም በረከት ሁሉ ከላይ ናቸው፤ መለወጥም በእርሱ ዘንድ ከሌለ በመዞርም የተደረገ ጥላ በእርሱ ዘንድ ከሌለ ከብርሃናት አባት ይወርዳሉ።
62af9b80-df61-5fd7-aa2e-a6164e3e6fa0,3b85e86f-88d7-5d92-af25-61ad5e985995,90d9efd0-b095-5cfa-afbc-67999266a9b9,7,18,ለፍጥረቱ የበኵራት ዐይነት እንድንሆን በእውነት ቃል አስቦ ወለደን።
6cf1f45c-768f-5e78-a34c-8e612db2f859,3b85e86f-88d7-5d92-af25-61ad5e985995,5896e042-97ed-5fd8-a80f-b10b5ed58367,1,19,ስለዚህ የተወደዳችሁ ወንድሞቼ ሆይ! ሰው ሁሉ ለመስማት የፈጠነ ለመናገርም የዘገየ ለቍጣም የዘገየ ይሁን፤
6f1160cd-4ddf-5c88-abd6-803809c40b08,3b85e86f-88d7-5d92-af25-61ad5e985995,5896e042-97ed-5fd8-a80f-b10b5ed58367,2,20,የሰው ቍጣ የእግዚአብሔርን ጽድቅ አይሠራምና።
ec3c54ba-4ea3-5a66-a383-599a90f1ca18,3b85e86f-88d7-5d92-af25-61ad5e985995,5896e042-97ed-5fd8-a80f-b10b5ed58367,3,21,ስለዚህ ርኵሰትን ሁሉ የክፋትንም ትርፍ አስወግዳችሁ፥ ነፍሳችሁን ማዳን የሚችለውን በውስጣችሁም የተተከለውን ቃል በየዋህነት ተቀበሉ።
51d443f6-582f-5782-adc7-6f7107cc3c68,3b85e86f-88d7-5d92-af25-61ad5e985995,5896e042-97ed-5fd8-a80f-b10b5ed58367,4,22,ቃሉን የምታደርጉ ሁኑ እንጂ ራሳችሁን እያሳታችሁ የምትሰሙ ብቻ አትሁኑ።
96c8572c-fec0-5f12-abda-4573a856b1f0,3b85e86f-88d7-5d92-af25-61ad5e985995,5896e042-97ed-5fd8-a80f-b10b5ed58367,5,23,ቃሉን የሚሰማ የማያደርገውም ቢኖር የተፈጥሮ ፊቱን በመስተዋት የሚያይን ሰው ይመስላል፤
5a42f000-f877-54de-a154-95ea0fd1ef3f,3b85e86f-88d7-5d92-af25-61ad5e985995,5896e042-97ed-5fd8-a80f-b10b5ed58367,6,24,ራሱን አይቶ ይሄዳልና፤ ወዲያውም እንደ ምን እንደ ሆነ ይረሳል።
d28e5ad2-bfef-5585-a776-7e6911ee0931,3b85e86f-88d7-5d92-af25-61ad5e985995,5896e042-97ed-5fd8-a80f-b10b5ed58367,7,25,ነገር ግን ነጻ የሚያወጣውን ፍጹሙን ሕግ ተመልክቶ የሚጸናበት፥ ሥራንም የሚሠራ እንጂ ሰምቶ የሚረሳ ያልሆነው፥ በሥራው የተባረከ ይሆናል።
3cdab8ef-f5b9-53c5-a94d-0bd75c277f1e,3b85e86f-88d7-5d92-af25-61ad5e985995,5896e042-97ed-5fd8-a80f-b10b5ed58367,8,26,አንደበቱን ሳይገታ ልቡን እያሳተ እግዚአብሔርን የሚያመልክ የሚመስለው ማንም ቢኖር የእርሱ አምልኮ ከንቱ ነው።
2465aab1-af79-5379-a627-818af87d59bd,3b85e86f-88d7-5d92-af25-61ad5e985995,5896e042-97ed-5fd8-a80f-b10b5ed58367,9,27,ንጹሕ የሆነ ነውርም የሌለበት አምልኮ በእግዚአብሔር አብ ዘንድ ይህ ነው፤ ወላጆች የሌላቸውን ልጆች ባልቴቶችንም በመከራቸው መጠየቅ፥ በዓለምም ከሚገኝ እድፍ ሰውነቱን መጠበቅ ነው።
242a304d-3c25-5002-aa9c-bbd957af0557,6ae2a6c9-e200-5481-ac61-139f4b3e7af9,4e0b5bb6-b1c8-5bce-aeb9-956ec0b6a591,1,1,ወንድሞቼ ሆይ! በክብር ጌታ በጌታችን በኢየሱስ ክርስቶስ ያለውን እምነት ለሰው ፊት በማድላት አትያዙ።
929e2be5-08b2-58c7-aae6-1d3b6d568a6d,6ae2a6c9-e200-5481-ac61-139f4b3e7af9,4e0b5bb6-b1c8-5bce-aeb9-956ec0b6a591,2,2,የወርቅ ቀለበት ያደረገና የጌጥ ልብስ የለበሰ ሰው ወደ ጉባኤአችሁ ቢገባ፥ እድፍ ልብስም የለበሰ ድኻ ሰው ደግሞ ቢገባ፥
e7a6d130-966c-5eaf-acc7-c46ae3aee3c2,6ae2a6c9-e200-5481-ac61-139f4b3e7af9,4e0b5bb6-b1c8-5bce-aeb9-956ec0b6a591,3,3,የጌጥ ልብስም የለበሰውን ተመልክታችሁ “አንተስ በዚህ በመልካም ስፍራ ተቀመጥ፤” ብትሉት፥ ድኻውንም “አንተስ ወደዚያ ቁም” ወይም “ከእግሬ መረገጫ በታች ተቀመጥ፤” ብትሉት፥ ራሳችሁን መለያየታችሁ አይደለምን?
8ecade5a-54c5-543f-a37c-b6335f2a6671,6ae2a6c9-e200-5481-ac61-139f4b3e7af9,4e0b5bb6-b1c8-5bce-aeb9-956ec0b6a591,4,4,ክፉ አሳብ ያላቸውም ዳኞች መሆናችሁ አይደለምን?
c44e378e-ee41-513b-af3d-801b1f313c85,6ae2a6c9-e200-5481-ac61-139f4b3e7af9,4e0b5bb6-b1c8-5bce-aeb9-956ec0b6a591,5,5,የተወደዳችሁ ወንድሞቼ ሆይ! ስሙ፤ እግዚአብሔር በእምነት ባለ ጠጎች እንዲሆኑ ለሚወዱትም ተስፋ ስለ እርሱ የሰጣቸውን መንግሥት እንዲወርሱ የዚህን ዓለም ድኾች አልመረጠምን?
a0847f14-3d7a-53c4-aaa9-04b4eaa9067b,6ae2a6c9-e200-5481-ac61-139f4b3e7af9,4e0b5bb6-b1c8-5bce-aeb9-956ec0b6a591,6,6,እናንተ ግን ድኾችን አዋረዳችሁ። ባለ ጠጎቹ የሚያስጨንቁአችሁ አይደሉምን? ወደ ፍርድ ቤትም የሚጎትቱአችሁ እነርሱ አይደሉምን?
32781a5e-c1b2-5559-a5a3-4d9ce39ec8d9,6ae2a6c9-e200-5481-ac61-139f4b3e7af9,4e0b5bb6-b1c8-5bce-aeb9-956ec0b6a591,7,7,የተጠራችሁበትን መልካሙን ስም የሚሰድቡ እነርሱ አይደሉምን?
4ebafa05-bdc8-5c0e-af8e-4691371f2f2c,6ae2a6c9-e200-5481-ac61-139f4b3e7af9,4e0b5bb6-b1c8-5bce-aeb9-956ec0b6a591,8,8,ነገር ግን መጽሐፍ “ባልንጀራህን እንደ ራስህ ውደድ፤” እንደሚል የንጉሥን ሕግ ብትፈጽሙ መልካም ታደርጋላችሁ፤
9ecfd18c-b805-5d80-ae00-ac3461ba6e2f,6ae2a6c9-e200-5481-ac61-139f4b3e7af9,4e0b5bb6-b1c8-5bce-aeb9-956ec0b6a591,9,9,ለሰው ፊት ግን ብታደሉ ኀጢአትን ትሠራላችሁ፤ ሕግም እንደ ተላላፊዎች ይወቅሳችኋል።
f10c873a-c1a1-5020-a892-6fdf483005b9,6ae2a6c9-e200-5481-ac61-139f4b3e7af9,4e0b5bb6-b1c8-5bce-aeb9-956ec0b6a591,10,10,ሕግን ሁሉ የሚጠብቅ፥ ነገር ግን በአንዱ የሚሰናከል ማንም ቢኖር በሁሉ በደለኛ ይሆናል፤ “አታመንዝር” ያለው ደግሞ “አትግደል” ብሎአልና፤
566a1d04-0084-5cf6-a804-ad1ae23db754,6ae2a6c9-e200-5481-ac61-139f4b3e7af9,4e0b5bb6-b1c8-5bce-aeb9-956ec0b6a591,11,11,ባታመነዝርም፥ ነገር ግን ብትገድል፥ ሕግን ተላላፊ ሆነሃል።
88e3fdca-e95f-54eb-a8a5-7d29df95e774,6ae2a6c9-e200-5481-ac61-139f4b3e7af9,4e0b5bb6-b1c8-5bce-aeb9-956ec0b6a591,12,12,በነጻነት ሕግ ፍርድን ይቀበሉ ዘንድ እንዳላቸው ሰዎች እንዲህ ተናገሩ፤ እንዲህም አድርጉ።
b313962b-c513-5c7e-abbd-8d5aa8f9e6c2,6ae2a6c9-e200-5481-ac61-139f4b3e7af9,4e0b5bb6-b1c8-5bce-aeb9-956ec0b6a591,13,13,ምሕረትን ለማያደርግ ምሕረት የሌለበት ፍርድ ይሆናልና፤ ምሕረትም በፍርድ ላይ ይመካል።
d441828d-f057-58a9-a4b2-34cbcd319991,6ae2a6c9-e200-5481-ac61-139f4b3e7af9,c22f7f35-9825-5a92-a399-05ae338ce640,1,14,ወንድሞቼ ሆይ! እምነት አለኝ የሚል ሥራ ግን የሌለው ሰው ቢኖር ምን ይጠቅመዋል? እምነቱስ ሊያድነው ይችላልን?
6e822ee8-9c79-5853-a465-678b1ce9f231,6ae2a6c9-e200-5481-ac61-139f4b3e7af9,c22f7f35-9825-5a92-a399-05ae338ce640,2,15,ወንድም ወይም እኅት ራቁታቸውን ቢሆኑ የዕለት ምግብንም ቢያጡ፥
127e69aa-f4a8-52cb-a1c6-5dba87c221fa,6ae2a6c9-e200-5481-ac61-139f4b3e7af9,c22f7f35-9825-5a92-a399-05ae338ce640,3,16,ከእናንተ አንዱም “በደኅና ሂዱ፤ እሳት ሙቁ፤ ጥገቡም፤” ቢላቸው ለሰውነት ግን የሚያስፈልጉትን ባትሰጡአቸው ምን ይጠቅማቸዋል?
b306c97e-5edd-513b-aabf-43034b59f29d,6ae2a6c9-e200-5481-ac61-139f4b3e7af9,c22f7f35-9825-5a92-a399-05ae338ce640,4,17,እንደዚሁም ሥራ የሌለው እምነት ቢኖር በራሱ የሞተ ነው።
3dffcc0c-a080-5077-a160-4cf39c0eea15,6ae2a6c9-e200-5481-ac61-139f4b3e7af9,c22f7f35-9825-5a92-a399-05ae338ce640,5,18,ነገር ግን አንድ ሰው “አንተ እምነት አለህ እኔም ሥራ አለኝ፤ እምነትህን ከሥራህ ለይተህ አሳየኝ፤ እኔም እምነቴን በሥራዬ አሳይሃለሁ፤” ይላል።
195294e5-d351-514f-a749-e4918e548f1c,6ae2a6c9-e200-5481-ac61-139f4b3e7af9,c22f7f35-9825-5a92-a399-05ae338ce640,6,19,እግዚአብሔር አንድ እንደ ሆነ አንተ ታምናለህ፤ መልካም ታደርጋለህ፤ አጋንንት ደግሞ ያምናሉ፤ ይንቀጠቀጡማል።
3da509b5-32e4-50f7-a392-d0312207392b,6ae2a6c9-e200-5481-ac61-139f4b3e7af9,c22f7f35-9825-5a92-a399-05ae338ce640,7,20,አንተ ከንቱ ሰው! እምነት ከሥራ ተለይቶ የሞተ መሆኑን ልታውቅ ትወዳለህን?
df4cd413-c2ec-5cd7-a8c7-21b225278cb5,6ae2a6c9-e200-5481-ac61-139f4b3e7af9,c22f7f35-9825-5a92-a399-05ae338ce640,8,21,አባታችን አብርሃም ልጁን ይስሐቅን በመሠዊያው ባቀረበ ጊዜ በሥራ የጸደቀ አልነበረምን?
f4ae854d-03a7-58ed-af71-3638aa8682f8,6ae2a6c9-e200-5481-ac61-139f4b3e7af9,c22f7f35-9825-5a92-a399-05ae338ce640,9,22,እምነት ከሥራው ጋር አብሮ ያደርግ እንደ ነበረ፥ በሥራም እምነት እንደ ተፈጸመ ትመለከታለህን?
51ce2b07-54fb-5d55-ac26-0f343d11b1bb,6ae2a6c9-e200-5481-ac61-139f4b3e7af9,c22f7f35-9825-5a92-a399-05ae338ce640,10,23,መጽሐፍም “አብርሃምም እግዚአብሔርን አመነ፤ ጽድቅም ሆኖ ተቈጠረለት፤” ያለው ተፈጸመ፤ የእግዚአብሔርም ወዳጅ ተባለ።
eb031a30-844d-50e5-a39f-1081089b8c85,6ae2a6c9-e200-5481-ac61-139f4b3e7af9,c22f7f35-9825-5a92-a399-05ae338ce640,11,24,ሰው በእምነት ብቻ ሳይሆን በሥራ እንዲጸድቅ ታያላችሁ።
44dd4a60-50f4-5b60-a0dc-8d6a1ee74f1d,6ae2a6c9-e200-5481-ac61-139f4b3e7af9,c22f7f35-9825-5a92-a399-05ae338ce640,12,25,እንደዚሁም ጋለሞታይቱ ረዓብ ደግሞ መልእክተኞቹን ተቀብላ በሌላ መንገድ በሰደደቻቸው ጊዜ በሥራ አልጸደቀችምን?
6e2b09a4-ce8a-5ed4-a8c9-b177541363a4,6ae2a6c9-e200-5481-ac61-139f4b3e7af9,c22f7f35-9825-5a92-a399-05ae338ce640,13,26,ከነፍስ የተለየ ሥጋ የሞተ እንደ ሆነ እንዲሁ ደግሞ ከሥራ የተለየ እምነት የሞተ ነው።
43773b2f-cbd3-57cb-a1e1-86e9f487b691,b4fe6882-b515-5d5d-a4bf-8fa5a20b1e4a,ccb664ce-5ff4-5389-ab3a-dbe07ce1ea3d,1,1,ወንድሞቼ ሆይ! ከእናንተ ብዙዎቹ አስተማሪዎች አይሁኑ፤ የባሰውን ፍርድ እንድንቀበል ታውቃላችሁና።
c606a1bc-8e77-5342-aebd-ece06e45ab8a,b4fe6882-b515-5d5d-a4bf-8fa5a20b1e4a,ccb664ce-5ff4-5389-ab3a-dbe07ce1ea3d,2,2,ሁላችን በብዙ ነገር እንሰናከላለንና፤ በቃል የማይሰናከል ማንም ቢኖር እርሱ ሥጋውን ሁሉ ደግሞ ሊገታ የሚችል ፍጹም ሰው ነው።
00c62c68-c899-535a-aefc-c7bd22094f14,b4fe6882-b515-5d5d-a4bf-8fa5a20b1e4a,ccb664ce-5ff4-5389-ab3a-dbe07ce1ea3d,3,3,እነሆ ፈረሶች ይታዘዙልን ዘንድ ልጓም በአፋቸው ውስጥ እናገባለን፤ ሥጋቸውንም ሁሉ እንመራለን።
29429286-c6da-5d66-a195-1e61f9aeaa68,b4fe6882-b515-5d5d-a4bf-8fa5a20b1e4a,ccb664ce-5ff4-5389-ab3a-dbe07ce1ea3d,4,4,እነሆ መርከቦች ደግሞ ይህን ያህል ታላቅ ቢሆኑ በዐውሎ ነፋስም ቢነዱ፥ የመሪ ፈቃድ ወደሚወደው ስፍራ እጅግ ታናሽ በሆነ መቅዘፊያ ይመራሉ።
754dafb9-a143-540e-a64e-b49b7c69355a,b4fe6882-b515-5d5d-a4bf-8fa5a20b1e4a,ccb664ce-5ff4-5389-ab3a-dbe07ce1ea3d,5,5,እንዲሁም አንደበት ደግሞ ትንሽ የአካል ክፍል ሆኖ በታላላቅ ነገር ይመካል። እነሆ ትንሽ እሳት እንዴት ያለ ትልቅ ጫካ ያቃጥላል።
d46598f9-2882-59a6-a59d-6391aaa9f071,b4fe6882-b515-5d5d-a4bf-8fa5a20b1e4a,ccb664ce-5ff4-5389-ab3a-dbe07ce1ea3d,6,6,አንደበትም እሳት ነው። አንደበት በሰውነታችን ክፍሎች መካከል ዐመፀኛ ዓለም ሆኖአል፤ ሥጋን ሁሉ ያሳድፋልና፤ የፍጥረትንም ሩጫ ያቃጥላል፤ በገሃነምም ይቃጠላል።
e2816b93-de9b-52e9-a8b4-00c22ed1111c,b4fe6882-b515-5d5d-a4bf-8fa5a20b1e4a,ccb664ce-5ff4-5389-ab3a-dbe07ce1ea3d,7,7,የአራዊትና የወፎች የተንቀሳቃሾችና በባሕር ያለ የፍጥረት ወገን ሁሉ በሰው ይገራል፤ ደግሞ ተገርቶአል፤
6f082c38-f78d-5cf7-a337-8fe7a6451b89,b4fe6882-b515-5d5d-a4bf-8fa5a20b1e4a,ccb664ce-5ff4-5389-ab3a-dbe07ce1ea3d,8,8,ነገር ግን አንደበትን ሊገራ ማንም ሰው አይችልም፤ የሚገድል መርዝ የሞላበት ወላዋይ ክፋት ነው።
b08388b4-dbda-5f67-a852-4eecd28947b9,b4fe6882-b515-5d5d-a4bf-8fa5a20b1e4a,ccb664ce-5ff4-5389-ab3a-dbe07ce1ea3d,9,9,በእርሱ ጌታንና አብን እናመሰግናለን፤ በእርሱም እንደ እግዚአብሔር ምሳሌ የተፈጠሩትን ሰዎች እንረግማለን፤
f13c3423-4be6-5383-a36f-ab8ac87d8349,b4fe6882-b515-5d5d-a4bf-8fa5a20b1e4a,ccb664ce-5ff4-5389-ab3a-dbe07ce1ea3d,10,10,ከአንድ አፍ በረከትና መርገም ይወጣሉ። ወንድሞቼ ሆይ! ይህ እንዲህ ሊሆን አይገባም።
4bba4915-5c05-5e01-aea2-6ae2bbb46d79,b4fe6882-b515-5d5d-a4bf-8fa5a20b1e4a,ccb664ce-5ff4-5389-ab3a-dbe07ce1ea3d,11,11,ምንጭስ ከአንድ አፍ የሚጣፍጥንና የሚመርን ውሃ ያመነጫልን?
33bea2c6-f7ed-5c5f-ae32-3f1e16f779ee,b4fe6882-b515-5d5d-a4bf-8fa5a20b1e4a,ccb664ce-5ff4-5389-ab3a-dbe07ce1ea3d,12,12,ወንድሞቼ ሆይ! በለስ ወይራን ወይስ ወይን በለስን ልታፈራ ትችላለችን? ከጨው ውሃም ጣፋጭ ውሃ አይወጣም።
0ea13bcc-9221-5ab0-accd-c481f8356480,b4fe6882-b515-5d5d-a4bf-8fa5a20b1e4a,faa941f3-f95c-52ae-a762-25770cac251c,1,13,ከእናንተ ጥበበኛና አስተዋይ ማን ነው? በመልካም አንዋዋሩ ሥራውን በጥበብ የዋህነት ያሳይ።
153a14eb-e3e0-5149-a4ec-ba5498eddba4,b4fe6882-b515-5d5d-a4bf-8fa5a20b1e4a,faa941f3-f95c-52ae-a762-25770cac251c,2,14,ነገር ግን መራራ ቅንዓትና አድመኛነት በልባችሁ ቢኖርባችሁ፥ አትመኩ፤ በእውነትም ላይ አትዋሹ።
0ffc447f-34cb-547d-a2ef-c646203440dc,b4fe6882-b515-5d5d-a4bf-8fa5a20b1e4a,faa941f3-f95c-52ae-a762-25770cac251c,3,15,ይህ ጥበብ ከላይ የሚወርድ አይደለም፤ ነገር ግን የምድር ነው፤ የሥጋም ነው፤ የአጋንንትም ነው፤
66824259-b6b4-57f2-a3b4-26cc93d566f8,b4fe6882-b515-5d5d-a4bf-8fa5a20b1e4a,faa941f3-f95c-52ae-a762-25770cac251c,4,16,ቅንዓትና አድመኛነት ባሉበት ስፍራ በዚያ ሁከትና ክፉ ሥራ ሁሉ አሉና።
be6497eb-c973-5b6e-a3b0-ed469fd88501,b4fe6882-b515-5d5d-a4bf-8fa5a20b1e4a,faa941f3-f95c-52ae-a762-25770cac251c,5,17,ላይኛይቱ ጥበብ ግን በመጀመሪያ ንጽሕት ናት፤ በኋላም ታራቂ፥ ገር፥ እሺ ባይ፥ ምሕረትና በጎ ፍሬ የሞላባት፥ ጥርጥርና ግብዝነት የሌለባት ናት።
1b2e7973-adf7-5f46-a6e7-9976fc8e8ced,b4fe6882-b515-5d5d-a4bf-8fa5a20b1e4a,faa941f3-f95c-52ae-a762-25770cac251c,6,18,የጽድቅም ፍሬ ሰላምን ለሚያደርጉት ሰዎች በሰላም ይዘራል።
ce5fd18e-78c2-5f81-a3d1-90bab613c07e,75ac7e69-ac5f-5a8b-a24d-4dbda386ffa9,8766abb1-5a1b-5eff-a84b-5fbe1c574f9d,1,1,በእናንተ ዘንድ ጦርና ጠብ ከወዴት ይመጣሉ? በአካላችሁ ክፍሎች ውስጥ ከሚዋጉ ከእነዚህ ከምቾቶቻችሁ አይደሉምን?
4f189734-3815-545b-a78f-6d673452647d,75ac7e69-ac5f-5a8b-a24d-4dbda386ffa9,8766abb1-5a1b-5eff-a84b-5fbe1c574f9d,2,2,ትመኛላችሁ ለእናንተም አይሆንም፤ ትገድላላችሁ በብርቱም ትፈልጋላችሁ፥ ልታገኙም አትችሉም፤ ትጣላላችሁ ትዋጉማላችሁ ነገር ግን አትለምኑምና ለእናንተ አይሆንም፤
bd07e40f-acb5-5087-a770-f79c6f78d8c6,75ac7e69-ac5f-5a8b-a24d-4dbda386ffa9,8766abb1-5a1b-5eff-a84b-5fbe1c574f9d,3,3,ትለምናላችሁ፥ በምቾቶቻችሁም ትከፍሉ ዘንድ በክፉ ትለምናላችሁና አትቀበሉም።
3b4c4a82-6d64-51c9-ae3d-8c2e55170b26,75ac7e69-ac5f-5a8b-a24d-4dbda386ffa9,8766abb1-5a1b-5eff-a84b-5fbe1c574f9d,4,4,አመንዝሮች ሆይ! ዓለምን መውደድ ከእግዚአብሔር ጋር መጣላት እንዲሆን አታውቁምን? እንግዲህ የዓለም ወዳጅ ሊሆን የሚፈቅድ ሁሉ የእግዚአብሔር ጠላት ሆኖአል።
0f1211ea-38a3-54eb-af59-6079223810d8,75ac7e69-ac5f-5a8b-a24d-4dbda386ffa9,8766abb1-5a1b-5eff-a84b-5fbe1c574f9d,5,5,ወይስ መጽሐፍ “በእኛ ዘንድ ያሳደረው መንፈስ በቅንዓት ይመኛል፤” ያለው በከንቱ እንደ ተናገረ ይመስላችኋልን?
0e0d7817-e4cb-5733-a23d-c558fe055e20,75ac7e69-ac5f-5a8b-a24d-4dbda386ffa9,8766abb1-5a1b-5eff-a84b-5fbe1c574f9d,6,6,ነገር ግን ጸጋን አብልጦ ይሰጣል፤ ስለዚህ “እግዚአብሔር ትዕቢተኞችን ይቃወማል፤ ለትሑታን ግን ጸጋን ይሰጣል፤” ይላል።
aa3c9480-690b-5c05-a4d7-3b9558d33905,75ac7e69-ac5f-5a8b-a24d-4dbda386ffa9,8766abb1-5a1b-5eff-a84b-5fbe1c574f9d,7,7,እንግዲህ ለእግዚአብሔር ተገዙ፤ ዲያብሎስን ግን ተቃወሙ ከእናንተም ይሸሻል፤
d757c67a-d619-5d93-a5ef-fef1e825022b,75ac7e69-ac5f-5a8b-a24d-4dbda386ffa9,8766abb1-5a1b-5eff-a84b-5fbe1c574f9d,8,8,ወደ እግዚአብሔር ቅረቡ ወደ እናንተም ይቀርባል። እናንተ ኀጢአተኞች! እጆቻችሁን አንጹ፤ ሁለት አሳብም ያላችሁ እናንተ! ልባችሁን አጥሩ።
ff2a7928-29e2-52c5-a2f1-e07d31e29853,75ac7e69-ac5f-5a8b-a24d-4dbda386ffa9,8766abb1-5a1b-5eff-a84b-5fbe1c574f9d,9,9,ተጨነቁና እዘኑ፤ አልቅሱም፤ ሳቃችሁ ወደ ሐዘን ደስታችሁም ወደ ትካዜ ይለወጥ።
6d7d605b-53f9-5a5e-a38c-9137165c8c88,75ac7e69-ac5f-5a8b-a24d-4dbda386ffa9,8766abb1-5a1b-5eff-a84b-5fbe1c574f9d,10,10,በጌታ ፊት ራሳችሁን አዋርዱ፤ ከፍ ከፍም ያደርጋችኋል።
49a00152-0504-59cc-ae37-bf6255235d52,75ac7e69-ac5f-5a8b-a24d-4dbda386ffa9,c559d8c9-1995-52e1-aba0-909ae5ef8b8f,1,11,ወንድሞች ሆይ! እርስ በርሳችሁ አትተማሙ። ወንድሙን የሚያማ በወንድሙም የሚፈርድ ሕግን ያማል፤ በሕግም ይፈርዳል፤ በሕግም ብትፈርድ ፈራጅ ነህ እንጂ ሕግን አድራጊ አይደለህም።
2e95efc7-3f0a-58f2-a309-def3c1610c2a,75ac7e69-ac5f-5a8b-a24d-4dbda386ffa9,c559d8c9-1995-52e1-aba0-909ae5ef8b8f,2,12,ሕግን የሚሰጥና የሚፈርድ አንድ ነው፤ እርሱም ሊያድን ሊያጠፋም የሚችል ነው፤ በሌላው ግን የምትፈርድ አንተ ማን ነህ?
3727c8db-fe37-56fb-a376-fb66c6c59f25,75ac7e69-ac5f-5a8b-a24d-4dbda386ffa9,6f5c0e8d-a900-5f67-af1e-ae4c46b02fc2,1,13,አሁንም “ዛሬ ወይም ነገ ወደዚህ ከተማ እንሄዳለን፤ በዚያም ዓመት እንኖራለን፤ እንነግድማለን፤ እናተርፍማለን፤” የምትሉ እናንተ! ተመልከቱ፤ ነገ የሚሆነውን አታውቁምና።
eb25e40b-50b1-59d6-a14c-549b86a95f4c,75ac7e69-ac5f-5a8b-a24d-4dbda386ffa9,6f5c0e8d-a900-5f67-af1e-ae4c46b02fc2,2,14,ሕይወታችሁ ምንድር ነው? ጥቂት ጊዜ ታይቶ ኋላ እንደሚጠፋ እንፍዋለት ናችሁና።
556e9900-27f7-5bda-a4e3-e8827d6eb8b5,75ac7e69-ac5f-5a8b-a24d-4dbda386ffa9,6f5c0e8d-a900-5f67-af1e-ae4c46b02fc2,3,15,በዚህ ፈንታ “ጌታ ቢፈቅድ፥ ብንኖርም ይህን ወይም ያን እናደርጋለን፤” ማለት ይገባችኋል።
38b6f126-ec2a-5aa1-a9d5-1c8edb1d304d,75ac7e69-ac5f-5a8b-a24d-4dbda386ffa9,6f5c0e8d-a900-5f67-af1e-ae4c46b02fc2,4,16,አሁን ግን በትዕቢታችሁ ትመካላችሁ፤ እንደዚህ ያለ ትምክህት ሁሉ ክፉ ነው።
17e67680-3fda-54dd-aa84-32c7d401ffda,75ac7e69-ac5f-5a8b-a24d-4dbda386ffa9,6f5c0e8d-a900-5f67-af1e-ae4c46b02fc2,5,17,እንግዲህ በጎ ለማድረግ አውቆ ለማይሠራው ኀጢአት ነው።
64569076-863a-5892-a457-b1dee6472991,8fb4b0fe-6f04-5ad1-a714-cca1e3ff7e60,7eb99c9c-c14d-58f5-a7c0-6174bfc0b9c9,1,1,አሁንም እናንተ ባለጠጎች! ስለሚደርስባችሁ ጭንቅ ዋይ ዋይ እያላችሁ አልቅሱ።
9263adc8-305a-5e16-aa08-64040ffacb71,8fb4b0fe-6f04-5ad1-a714-cca1e3ff7e60,7eb99c9c-c14d-58f5-a7c0-6174bfc0b9c9,2,2,ሀብታችሁ ተበላሽቶአል፤ ልብሳችሁም በብል ተበልቶአል።
32ea6f51-8eba-578c-a2c4-4c4b736afa50,8fb4b0fe-6f04-5ad1-a714-cca1e3ff7e60,7eb99c9c-c14d-58f5-a7c0-6174bfc0b9c9,3,3,ወርቃችሁም ብራችሁም ዝጎአል፤ ዝገቱም ምስክር ይሆንባችኋል፤ ሥጋችሁንም እንደ እሳት ይበላል። ለኋለኛው ቀን መዝገብን አከማችታችኋል።
8cb3a552-6d6a-504e-ab22-de052b9bcbfb,8fb4b0fe-6f04-5ad1-a714-cca1e3ff7e60,7eb99c9c-c14d-58f5-a7c0-6174bfc0b9c9,4,4,እነሆ እርሻችሁን ያጨዱት የሠራተኞች ደመወዝ በእናንተ ተቀምቶ ይጮኻል፤ የአጫጆችም ድምፅ ወደ ጌታ ጸባዖት ጆሮ ገብቶአል።
df538cde-5aad-5835-a560-a04d1f26e27a,8fb4b0fe-6f04-5ad1-a714-cca1e3ff7e60,7eb99c9c-c14d-58f5-a7c0-6174bfc0b9c9,5,5,በምድር ላይ ተቀማጥላችኋል፤ በሴሰኝነትም ኖራችኋል፤ ለእርድ ቀን እንደሚያወፍር ልባችሁን አወፍራችኋል።
9f3a41e3-993a-5ae3-adda-3f27015af58e,8fb4b0fe-6f04-5ad1-a714-cca1e3ff7e60,7eb99c9c-c14d-58f5-a7c0-6174bfc0b9c9,6,6,ጻድቁን ኰንናችሁታል፤ ገድላችሁትማል፤ እናንተን አይቃወምም።
ea6669e5-a889-5573-a1c4-db1f241f9249,8fb4b0fe-6f04-5ad1-a714-cca1e3ff7e60,d76e9f18-fadf-55b1-ab4e-fb6b48ed8a2b,1,7,እንግዲህ ወንድሞች ሆይ! ጌታ እስኪመጣ ድረስ ታገሡ። እነሆ ገበሬው የፊተኛውንና የኋለኛውን ዝናብ እስኪቀበል ድረስ እርሱን እየታገሠ የከበረውን የመሬት ፍሬ ይጠብቃል።
731c54ce-c3c7-5979-aec8-e19da911b77f,8fb4b0fe-6f04-5ad1-a714-cca1e3ff7e60,d76e9f18-fadf-55b1-ab4e-fb6b48ed8a2b,2,8,እናንተ ደግሞ ታገሡ፤ ልባችሁንም አጽኑ፤ የጌታ መምጣት ቀርቦአልና።
7f6cb99f-f493-5a4a-a52f-7e85e29f61c0,8fb4b0fe-6f04-5ad1-a714-cca1e3ff7e60,d76e9f18-fadf-55b1-ab4e-fb6b48ed8a2b,3,9,ወንድሞች ሆይ! እንዳይፈረድባችሁ እርስ በርሳችሁ አታጉረምርሙ፤ እነሆ ፈራጅ በደጅ ፊት ቆሞአል።
21268c44-d6a8-586f-aa34-b28871b5681a,8fb4b0fe-6f04-5ad1-a714-cca1e3ff7e60,d76e9f18-fadf-55b1-ab4e-fb6b48ed8a2b,4,10,ወንድሞች ሆይ! የመከራና የትዕግሥት ምሳሌ የሆኑትን በጌታ ስም የተናገሩትን ነቢያትን ተመልከቱ።
67e41a31-4cce-5855-af25-a474d9333351,8fb4b0fe-6f04-5ad1-a714-cca1e3ff7e60,d76e9f18-fadf-55b1-ab4e-fb6b48ed8a2b,5,11,እነሆ በትዕግሥት የጸኑትን ብፁዓን እንላቸዋለን፤ ኢዮብ እንደ ታገሠ ሰምታችኋል፤ ጌታም እንደ ፈጸመለት አይታችኋል፤ ጌታ እጅግ የሚምር የሚራራም ነውና።
1ac7d998-a889-58a3-a989-116dc4b6f4a8,8fb4b0fe-6f04-5ad1-a714-cca1e3ff7e60,d76e9f18-fadf-55b1-ab4e-fb6b48ed8a2b,6,12,ከሁሉም በፊት ወንድሞቼ ሆይ! በሰማይም ቢሆን በምድርም ቢሆን በሌላ መሐላም ቢሆን በምንም አትማሉ፤ ነገር ግን ከፍርድ በታች እንዳትወድቁ ነገራችሁ አዎን ቢሆን አዎን ይሁን፤ አይደለምም ቢሆን አይደለም ይሁን።
868b7df6-8446-5fb7-aed9-2c9037066496,8fb4b0fe-6f04-5ad1-a714-cca1e3ff7e60,d76e9f18-fadf-55b1-ab4e-fb6b48ed8a2b,7,13,ከእናንተ መከራን የሚቀበል ማንም ቢኖር እርሱ ይጸልይ፤ ደስ የሚለውም ማንም ቢኖር እርሱ ይዘምር።
e0497de8-9ff9-505a-addb-0c92750ffa9d,8fb4b0fe-6f04-5ad1-a714-cca1e3ff7e60,d76e9f18-fadf-55b1-ab4e-fb6b48ed8a2b,8,14,ከእናንተ የታመመ ማንም ቢኖር የቤተ ክርስቲያንን ሽምግሌዎች ወደ እርሱ ይጥራ፤ በጌታም ስም እርሱን ዘይት ቀብተው ይጸልዩለት።
b31309e5-33c7-508b-a18c-8d6e9c52631f,8fb4b0fe-6f04-5ad1-a714-cca1e3ff7e60,d76e9f18-fadf-55b1-ab4e-fb6b48ed8a2b,9,15,የእምነትም ጸሎት ድውዩን ያድናል፤ ጌታም ያስነሣዋል፤ ኀጢአትንም ሠርቶ እንደ ሆነ ይሰረይለታል።
0c3e42e4-25d4-5999-a2b3-81d37e38df17,8fb4b0fe-6f04-5ad1-a714-cca1e3ff7e60,d76e9f18-fadf-55b1-ab4e-fb6b48ed8a2b,10,16,እርስ በርሳችሁ በኀጢአታችሁ ተናዘዙ። ትፈወሱም ዘንድ እያንዳንዱ ስለ ሌላው ይጸልይ፤ የጻድቅ ሰው ጸሎት በሥራዋ እጅግ ኀይል ታደርጋለች።
fef2b3f8-3145-571a-a74d-03000f6cf7c3,8fb4b0fe-6f04-5ad1-a714-cca1e3ff7e60,d76e9f18-fadf-55b1-ab4e-fb6b48ed8a2b,11,17,ኤልያስ እንደ እኛ የሆነ ሰው ነበረ፤ ዝናብም እንዳይዘንብ አጥብቆ ጸለየ፤ በምድርም ላይ ሦስት ዓመት ከስድስት ወር አልዘነበም፤
bb21af48-18f9-5e03-af65-fcda32a3313c,8fb4b0fe-6f04-5ad1-a714-cca1e3ff7e60,d76e9f18-fadf-55b1-ab4e-fb6b48ed8a2b,12,18,ሁለተኛም ጸለየ፤ ሰማዩም ዝናብን ሰጠ፤ ምድሪቱም ፍሬዋን አበቀለች።
1675c908-d232-5e4b-a4de-1541934e9464,8fb4b0fe-6f04-5ad1-a714-cca1e3ff7e60,d76e9f18-fadf-55b1-ab4e-fb6b48ed8a2b,13,19,ወንድሞች ሆይ! ከእናንተ ማንም ከእውነት ቢስት አንዱም ቢመልሰው፥
061751b3-f711-5b58-ab28-76ccfa85454a,8fb4b0fe-6f04-5ad1-a714-cca1e3ff7e60,d76e9f18-fadf-55b1-ab4e-fb6b48ed8a2b,14,20,ኀጢአተኛን ከተሳሳተበት መንገድ የሚመልሰው ነፍሱን ከሞት እንዲያድን፥ የኀጢአትንም ብዛት እንዲሸፍን ይወቅ።
64f2f279-65cd-5540-aa46-f806ecf49103,20e6ba78-1b3b-547d-a97f-8efbdce0fc47,c20af30f-9be1-5cd8-aeb3-2fc6ca506a7f,1,1,የኢየሱስ ክርስቶስ ባሪያ የያዕቆብም ወንድም የሆነ ይሁዳ፥ በእግዚአብሔር አብ ተወደው ለኢየሱስ ክርስቶስም ተጠብቀው ለተጠሩ፤
82324bfb-b4b6-579a-aa9c-7d7ae2304fa2,20e6ba78-1b3b-547d-a97f-8efbdce0fc47,c20af30f-9be1-5cd8-aeb3-2fc6ca506a7f,2,2,ምሕረትና ሰላም ፍቅርም ይብዛላችሁ።
5b6d0f13-41fd-508c-a04c-27ebeb3ad355,20e6ba78-1b3b-547d-a97f-8efbdce0fc47,a265384a-f15e-5726-ac16-1805d8b6b67d,1,3,ወዳጆች ሆይ! ስለምንካፈለው ስለ መዳናችን ልጽፍላችሁ እጅግ ተግቼ ሳለሁ፥ ለቅዱሳን አንድ ጊዜ ፈጽሞ ስለ ተሰጠ ሃይማኖት እንድትጋደሉ እየመከርኋችሁ እጽፍላችሁ ዘንድ ግድ ሆነብኝ።
399c9c8d-9b56-52d0-a725-9ba101a56c79,20e6ba78-1b3b-547d-a97f-8efbdce0fc47,a265384a-f15e-5726-ac16-1805d8b6b67d,2,4,ከብዙ ጊዜ በፊት ለዚህ ፍርድ የተጻፉ አንዳንዶች ሰዎች ሾልከው ገብተዋልና፤ ኀጢአተኞች ሆነው የአምላካችንን ጸጋ በሴሰኝነት ይለውጣሉ፤ ብቻውን ንጉሣችንንና ጌታችንንም የሆነውን ኢየሱስ ክርስቶስን ይክዳሉ።
85abdc61-b716-5494-a791-8299bc6e29bf,20e6ba78-1b3b-547d-a97f-8efbdce0fc47,a265384a-f15e-5726-ac16-1805d8b6b67d,3,5,ዳሩ ግን ሁሉን አንድ ጊዜ ፈጽሞ ምንም የተማራችሁ ብትሆኑ ጌታ ከግብጽ አገር ሕዝቡን አድኖ የማያምኑትን በኋላ እንዳጠፋቸው ላሳስባችሁ እወዳለሁ።
5e906cf9-38c2-5b9e-a90b-453e83610e20,20e6ba78-1b3b-547d-a97f-8efbdce0fc47,a265384a-f15e-5726-ac16-1805d8b6b67d,4,6,መኖሪያቸውንም የተዉትን እንጂ የራሳቸውን አለቅነት ያልጠበቁትን መላእክት በዘላለም እስራት ከጨለማ በታች እስከ ታላቁ ቀን ፍርድ ድረስ ጠብቆአቸዋል።
42f27965-2d31-508f-ad99-947ba19c0efe,20e6ba78-1b3b-547d-a97f-8efbdce0fc47,a265384a-f15e-5726-ac16-1805d8b6b67d,5,7,እንዲሁም እንደ እነርሱ ዝሙትን ያደረጉና ሌላን ሥጋ የተከተሉ ሰዶምና ገሞራ በዙሪያቸውም የነበሩ ከተማዎች በዘላለም እሳት እየተቀጡ ምሳሌ ሆነዋል።
852cc166-362f-56cf-a064-12cf6a81107a,20e6ba78-1b3b-547d-a97f-8efbdce0fc47,a265384a-f15e-5726-ac16-1805d8b6b67d,6,8,እንዲሁም እነዚህ ሰዎች ደግሞ እያለሙ ሥጋቸውን ያረክሳሉ፤ ጌትነትንም ይጥላሉ፤ ሥልጣን ያላቸውንም ይሳደባሉ።
f03ef24d-d49d-547e-a07c-ee0e25974ea1,20e6ba78-1b3b-547d-a97f-8efbdce0fc47,a265384a-f15e-5726-ac16-1805d8b6b67d,7,9,የመላእክት አለቃ ሚካኤል ግን ከዲያብሎስ ጋር በተከራከረ ጊዜ ስለ ሙሴ ሥጋ ሲነጋገር “ጌታ ይገሥጽህ!” አለው እንጂ የስድብን ፍርድ ሊናገረው አልደፈረም።
67f4f2da-3773-5ff0-a060-d8d4f8ec7211,20e6ba78-1b3b-547d-a97f-8efbdce0fc47,a265384a-f15e-5726-ac16-1805d8b6b67d,8,10,እነዚህ ግን የማያውቁትን ሁሉ ይሳደባሉ፤ አእምሮም እንደሌላቸው እንስሶች በፍጥረታቸው በሚያውቁት ሁሉ በእርሱ ይጠፋሉ።
6ebea647-2194-5e8d-a07a-ff1230478675,20e6ba78-1b3b-547d-a97f-8efbdce0fc47,a265384a-f15e-5726-ac16-1805d8b6b67d,9,11,ወዮላቸው! በቃየል መንገድ ሄደዋልና፤ ስለ ደመወዝም ለበለዓም ስሕተት ራሳቸውን አሳልፈው ሰጥተዋል፤ በቆሬም መቃወም ጠፍተዋል።
a4039a94-2dfc-595a-ae67-02aa815c2e88,20e6ba78-1b3b-547d-a97f-8efbdce0fc47,a265384a-f15e-5726-ac16-1805d8b6b67d,10,12,እነዚህ ከእናንተ ጋር ሲጋበዙ በፍቅር ግብዣችሁ እንደ እድፍ ናቸው፤ እንደ እረኞች ያለ ፍርሃት ራሳቸውን ይጠብቃሉ፤ በነፋስ የተወሰዱ ውሃ የሌለባቸው ደመናዎች፥ ፍሬ የማያፈሩ ሁለት ጊዜ የሞቱ ከነሥራቸው የተነቀሉ በበጋ የደረቁ ዛፎች፥
d8a14233-65f3-5d35-abc2-e277c96f5fc8,20e6ba78-1b3b-547d-a97f-8efbdce0fc47,a265384a-f15e-5726-ac16-1805d8b6b67d,11,13,የገዛ ነውራቸውን አረፋ እየደፈቁ ጨካኝ የባሕር ማዕበል፥ ድቅድቅ ጨለማ ለዘላለም የተጠበቀላቸው የሚንከራተቱ ከዋክብት ናቸው።
682f9d8d-31b0-5c31-a96b-ed7b47ddb883,20e6ba78-1b3b-547d-a97f-8efbdce0fc47,a265384a-f15e-5726-ac16-1805d8b6b67d,12,14,ከአዳም ጀምሮ ሰባተኛ የሆነ ሄኖክ “እነሆ ጌታ በሁሉ ላይ እንዲፈርድ፥ በኀጢአተኝነትም ስላደረጉት ስለ ኀጢአተኛ ሥራቸው ሁሉ ዐመፀኞችም ኀጢአተኞች በእርሱ ላይ ስለ ተናገሩ ስለ ጭከና ነገር ሁሉ ኀጢአተኞችን ሁሉ እንዲወቅስ ከአእላፋት ቅዱሳኑ ጋር መጥቶአል፤” ብሎ ለእነዚህ ደግሞ ትንቢት ተናገረ።
269adcb9-7ea2-54ca-a260-ada263c656ce,20e6ba78-1b3b-547d-a97f-8efbdce0fc47,a265384a-f15e-5726-ac16-1805d8b6b67d,13,16,እነዚህ እንደ ምኞታቸው እየሄዱ የሚያንጎራጉሩና ስለ ዕድላቸው የሚያጕረመርሙ ናቸው፤ እንዲረባቸውም ለሰው ፊት እያደሉ አፋቸው ከመጠን ይልቅ ታላቅ ቃል ይናገራል።
a675267e-4a94-5a72-a2f9-a5964f623ab2,20e6ba78-1b3b-547d-a97f-8efbdce0fc47,5621bb24-e4a1-505f-aa4d-bd7e82fc76f1,1,17,እናንተ ግን ወዳጆች ሆይ! በጌታችን በኢየሱስ ክርስቶስ ሐዋርያት ቀድሞ የተነገረውን ቃል አስቡ፤
216c3566-8bae-59e0-ac8e-373bc70e886d,20e6ba78-1b3b-547d-a97f-8efbdce0fc47,5621bb24-e4a1-505f-aa4d-bd7e82fc76f1,2,18,እነርሱ “በመጨረሻው ዘመን በኀጢአተኝነት እንደ ገዛ ምኞታቸው እየሄዱ ዘባቾች ይሆናሉ፤” ብለዋችኋልና።
14a13054-16c5-55d2-a546-b857cdaf90be,20e6ba78-1b3b-547d-a97f-8efbdce0fc47,5621bb24-e4a1-505f-aa4d-bd7e82fc76f1,3,19,እነዚህ የሚያለያዩ ሥጋውያንም የሆኑ መንፈስም የሌላቸው ሰዎች ናቸው።
03595f65-691e-598d-ae76-2d9bfed2fb7b,20e6ba78-1b3b-547d-a97f-8efbdce0fc47,5621bb24-e4a1-505f-aa4d-bd7e82fc76f1,4,20,እናንተ ግን ወዳጆች ሆይ! ከሁሉ ይልቅ በተቀደሰ ሃይማኖታችሁ ራሳችሁን ለማነጽ እየተጋችሁ በመንፈስ ቅዱስም እየጸለያችሁ፥
56231879-4a17-51e0-aacb-5c02879a9039,20e6ba78-1b3b-547d-a97f-8efbdce0fc47,5621bb24-e4a1-505f-aa4d-bd7e82fc76f1,5,21,ወደ ዘላለም ሕይወት የሚወስደውን የጌታችንን የኢየሱስ ክርስቶስን ምሕረት ስትጠባበቁ በእግዚአብሔር ፍቅር ራሳችሁን ጠብቁ።
c2a7d5f3-ae98-5172-a178-9e950b25c47b,20e6ba78-1b3b-547d-a97f-8efbdce0fc47,5621bb24-e4a1-505f-aa4d-bd7e82fc76f1,6,22,አንዳንዶች ተከራካሪዎችንም ውቀሱ፤ አንዳንዶችንም ከእሳት ነጥቃችሁ አድኑ፤
4b5e5b31-a975-552f-ae78-87b7eca2c3fd,20e6ba78-1b3b-547d-a97f-8efbdce0fc47,5621bb24-e4a1-505f-aa4d-bd7e82fc76f1,7,23,አንዳንዶችንም በሥጋ የረከሰውን ልብስ እንኳ እየጠላችሁ በፍርሃት ማሩ።
e667b58f-a447-5073-ab49-bc9ec491ff0b,20e6ba78-1b3b-547d-a97f-8efbdce0fc47,5621bb24-e4a1-505f-aa4d-bd7e82fc76f1,8,24,ሳትሰናከሉም እንዲጠብቃችሁ፥ በክብሩም ፊት በደስታ ነውር የሌላችሁ አድርጎ እንዲያቆማችሁ ለሚችለው፤
f263b5dd-b57f-5b8f-aa3d-58dff4740fe1,20e6ba78-1b3b-547d-a97f-8efbdce0fc47,5621bb24-e4a1-505f-aa4d-bd7e82fc76f1,9,25,ብቻውን ለሆነ አምላክና መድኃኒታችን ከዘመን ሁሉ በፊት አሁንም እስከ ዘላለምም ድረስ በጌታችን በኢየሱስ ክርስቶስ ክብርና ግርማ ኀይልም ሥልጣንም ይሁን፤ አሜን።
424cceaf-c030-5016-aadb-59ebf96b4504,60c0d219-21db-581b-a1a7-a45d01e7cec0,2b25ca69-ff1d-5031-a9d3-a9e71b924cff,1,1,ቶሎ ይሆን ዘንድ የሚገባውን ነገር ለባሪያዎቹ ያሳይ ዘንድ እግዚአብሔር ለኢየሱስ ክርስቶስ የሰጠው በእርሱም የተገለጠው ይህ ነው፤ ኢየሱስም በመልአኩ ልኮ ለባሪያው ለዮሐንስ አመለከተ፤
9bf2a035-e31e-5713-ab67-fdffdb25b515,60c0d219-21db-581b-a1a7-a45d01e7cec0,2b25ca69-ff1d-5031-a9d3-a9e71b924cff,2,2,እርሱም ለእግዚአብሔር ቃልና ለኢየሱስ ክርስቶስ ምስክር ላየውም ሁሉ መሰከረ።
4d31f37d-8e27-5899-a728-43dcd3fd99e7,60c0d219-21db-581b-a1a7-a45d01e7cec0,2b25ca69-ff1d-5031-a9d3-a9e71b924cff,3,3,ዘመኑ ቀርቦአልና የሚያነበው፥ የትንቢቱን ቃል የሚሰሙትና በውስጡ የተጻፈውን የሚጠብቁት ብፁዓን ናቸው።
9d0da193-8160-578f-a8d4-4d24b20a6cf1,60c0d219-21db-581b-a1a7-a45d01e7cec0,2b25ca69-ff1d-5031-a9d3-a9e71b924cff,4,4,ዮሐንስ በእስያ ላሉት ለሰባቱ አብያተ ክርስቲያናት፤ ካለውና ከነበረው፥ ከሚመጣውም፥ በዙፋኑም ፊት ካሉት ከሰባቱ መናፍስት፥ ከታመነውም ምስክር፥ ከሙታንም በኵር፥ የምድርም ነገሥታት ገዥ ከሆነ ከኢየሱስ ክርስቶስ ጸጋና ሰላም ለእናንተ ይሁን። ለወደደን፥ ከኀጢአታችንም በደሙ ላጠበን፥
cc3d3ad5-5916-5152-abb2-6717e15a77c6,60c0d219-21db-581b-a1a7-a45d01e7cec0,2b25ca69-ff1d-5031-a9d3-a9e71b924cff,5,6,መንግሥትም፥ ለአባቱም ለእግዚአብሔር ካህናት እንድንሆን ላደረገ፥ ለእርሱ ከዘላለም እስከ ዘላለም ድረስ ክብርና ኀይል ይሁን፤ አሜን።
d4dc59a9-1f80-5054-a712-bba310b2a98d,60c0d219-21db-581b-a1a7-a45d01e7cec0,2b25ca69-ff1d-5031-a9d3-a9e71b924cff,6,7,እነሆ ከደመና ጋር ይመጣል፤ ዐይንም ሁሉ የወጉትም ያዩታል፤ የምድርም ወገኖች ሁሉ ስለ እርሱ ዋይ ዋይ ይላሉ። አዎን፤ አሜን።
b2cf2e5a-df01-5862-acae-99ecb06225d0,60c0d219-21db-581b-a1a7-a45d01e7cec0,2b25ca69-ff1d-5031-a9d3-a9e71b924cff,7,8,ያለውና የነበረው የሚመጣውም ሁሉንም የሚገዛ ጌታ አምላክ “አልፋና ዖሜጋ እኔ ነኝ፤” ይላል።
fb708099-3589-54d0-a4de-9367dbb692c8,60c0d219-21db-581b-a1a7-a45d01e7cec0,4058df4c-e0e1-5df6-a19b-3492293f2522,1,9,እኔ ወንድማችሁ የሆንሁ ከእናንተም ጋር አብሬ መከራውንና መንግሥቱን የኢየሱስ ክርስቶስንም ትዕግሥት የምካፈል ዮሐንስ፥ ስለ እግዚአብሔር ቃልና ስለ ኢየሱስ ምስክር ፍጥሞ በምትባል ደሴት ነበርሁ።
83112351-5028-5bfa-a930-bea395ff2722,60c0d219-21db-581b-a1a7-a45d01e7cec0,4058df4c-e0e1-5df6-a19b-3492293f2522,2,10,በጌታ ቀን በመንፈስ ነበርሁ፤ በኋላዬም የመለከትን ድምፅ የሚመስል ታላቅ ድምፅ ሰማሁ፤
c85f68f0-4eae-5756-ab88-43c0f05ffb94,60c0d219-21db-581b-a1a7-a45d01e7cec0,4058df4c-e0e1-5df6-a19b-3492293f2522,3,11,እንዲሁም “የምታየውን በመጽሐፍ ጽፈህ ወደ ኤፌሶንና ወደ ሰምርኔስ ወደ ጴርጋሞንም ወደ ትያጥሮንም ወደ ሰርዴስም ወደ ፊላደልፊያም ወደ ሎዲቅያም በእስያ ወዳሉት ወደ ሰባቱ አብያተ ክርስቲያናት ላክ፤” አለኝ።
a11b144b-17e9-598d-a36c-50bf5b5b917a,60c0d219-21db-581b-a1a7-a45d01e7cec0,4058df4c-e0e1-5df6-a19b-3492293f2522,4,12,የሚናገረኝንም ድምፅ ለማየት ዘወር አልሁ፤ ዘወርም ብዬ ሰባት የወርቅ መቅረዞች አየሁ፤
b9df3393-d0a4-5e0e-ac35-c1472c368c79,60c0d219-21db-581b-a1a7-a45d01e7cec0,4058df4c-e0e1-5df6-a19b-3492293f2522,5,13,በመቅረዞቹም መካከል የሰው ልጅ የሚመስለውን አየሁ፤ እርሱም እስከ እግሩ ድረስ ልብስ የለበሰ ደረቱንም በወርቅ መታጠቂያ የታጠቀ ነበር።
344e9a57-3842-5fdc-a43c-5dbf337cde4c,60c0d219-21db-581b-a1a7-a45d01e7cec0,4058df4c-e0e1-5df6-a19b-3492293f2522,6,14,ራሱና የራሱ ጠጕርም እንደ ነጭ የበግ ጠጕር እንደ በረዶም ነጭ ነበሩ፤ ዐይኖቹም እንደ እሳት ነበልባል ነበሩ፤
95842473-be79-57cb-ab32-b79bc8be3602,60c0d219-21db-581b-a1a7-a45d01e7cec0,4058df4c-e0e1-5df6-a19b-3492293f2522,7,15,እግሮቹም በእቶን የነጠረ የጋለ ናስ ይመስሉ ነበር፤ ድምፁም እንደ ብዙ ውሃዎች ድምፅ ነበረ።
aea8efc8-d5b9-53b1-ab24-24c279dbd3cc,60c0d219-21db-581b-a1a7-a45d01e7cec0,4058df4c-e0e1-5df6-a19b-3492293f2522,8,16,በቀኝ እጁም ሰባት ከዋክብት ነበሩት፤ ከአፉም በሁለት ወገን የተሳለ ስለታም ሰይፍ ወጣ፤ ፊቱም በኀይል እንደሚበራ እንደ ፀሐይ ነበረ።
a35c0ca1-b40c-50b4-acb1-319da75e91f9,60c0d219-21db-581b-a1a7-a45d01e7cec0,4058df4c-e0e1-5df6-a19b-3492293f2522,9,17,ባየሁትም ጊዜ እንደ ሞተ ሰው ሆኜ ከእግሩ በታች ወደቅሁ። ቀኝ እጁንም ጫነብኝ፤ እንዲህም አለኝ “አትፍራ፤ ፊተኛውና መጨረሻው እኔ ነኝ፤
eab58f46-83ae-51d7-a21b-de3a9c2bc300,60c0d219-21db-581b-a1a7-a45d01e7cec0,4058df4c-e0e1-5df6-a19b-3492293f2522,10,18,ሕያውም እኔ ነኝ፤ ሞቼም ነበርሁ፤ እነሆም ከዘላለም እስከ ዘላለም ድረስ ሕያው ነኝ፤ የሞትና የሲኦልም መክፈቻ አለኝ።
612c49fb-c302-5423-af1a-5b3c4a3b938d,60c0d219-21db-581b-a1a7-a45d01e7cec0,4058df4c-e0e1-5df6-a19b-3492293f2522,11,19,እንግዲህ ያየኸውን አሁንም ያለውን ከዚህም በኋላ ይሆን ዘንድ ያለውን ጻፍ።
418de27f-afcb-53db-a9c0-6bb3953d2382,60c0d219-21db-581b-a1a7-a45d01e7cec0,4058df4c-e0e1-5df6-a19b-3492293f2522,12,20,በቀኝ እጄ ያየሃቸው የሰባቱ ከዋክብትና የሰባቱ የወርቅ መቅረዞች ምሥጢር ይህ ነው፤ ሰባቱ ከዋክብት የሰባቱ አብያተ ክርስቲያናት መላእክት ናቸው፤ ሰባቱም መቅረዞች ሰባቱ አብያተ ክርስቲያናት ናቸው።
0ba04f8d-fe61-5777-af3d-4b4e8f6b1c36,1a75346f-6ce3-58b3-af24-7173df066753,4304a12e-8211-5607-aadd-be23c9cf9736,1,1,“በኤፌሶን ወዳለው ወደ ቤተ ክርስቲያን መልአክ እንዲህ ብለህ ጻፍ፡ በቀኝ እጁ ሰባቱን ከዋክብት የያዘው በሰባቱም የወርቅ መቅረዞች መካከል የሚሄደው እንዲህ ይላል፦
52e8c923-fb79-5512-a884-89f5fa5f1116,1a75346f-6ce3-58b3-af24-7173df066753,4304a12e-8211-5607-aadd-be23c9cf9736,2,2,“ሥራህንና ድካምህን ትዕግሥትህንም አውቃለሁ፤ ክፉዎችንም ልትታገሥ እንዳትችል፥ እንዲሁም ሳይሆኑ ‘ሐዋርያት ነን’ የሚሉቱን መርምረህ ሐሰተኞች ሆነው እንዳገኘሃቸው አውቃለሁ፤
b34af74e-ed7b-574f-a68e-c28d4f3821fc,1a75346f-6ce3-58b3-af24-7173df066753,4304a12e-8211-5607-aadd-be23c9cf9736,3,3,ታግሠህማል፤ ስለ ስሜም ብለህ ጸንተህ አልደከምህም።
806cf806-b816-5703-ae86-487f5cfb992b,1a75346f-6ce3-58b3-af24-7173df066753,4304a12e-8211-5607-aadd-be23c9cf9736,4,4,ዳሩ ግን የምነቅፍብህ ነገር አለኝ፤ የቀደመውን ፍቅርህን ትተሃልና።
c56f01d2-5d8d-5a54-a0e1-df6d922d3c1f,1a75346f-6ce3-58b3-af24-7173df066753,4304a12e-8211-5607-aadd-be23c9cf9736,5,5,እንግዲህ ከወዴት እንደ ወደቅህ አስብ፤ ንስሓም ግባ የቀደመውንም ሥራህን አድርግ፤ አለዚያ እመጣብሃለሁ ንስሓም ባትገባ መቅረዝህን ከስፍራው እወስዳለሁ።
774fee4e-405c-5c3f-a8af-193489fe368a,1a75346f-6ce3-58b3-af24-7173df066753,4304a12e-8211-5607-aadd-be23c9cf9736,6,6,ነገር ግን ይህ አለህ፤ እኔ ደግሞ የምጠላውን የኒቆላውያንን ሥራ ጠልተሃልና።
8d700ba7-6b25-5614-ad7a-d0933db63967,1a75346f-6ce3-58b3-af24-7173df066753,4304a12e-8211-5607-aadd-be23c9cf9736,7,7,መንፈስ ለአብያተ ክርስቲያናት የሚለውን ጆሮ ያለው ይስማ። ድል ለነሣው በእግዚአብሔር ገነት ካለው ከሕይወት ዛፍ እንዲበላ እሰጠዋለሁ።
f2af2cd0-68e4-5966-a291-ca869ef37211,1a75346f-6ce3-58b3-af24-7173df066753,567516f5-fb09-5b7c-a1f7-e00b05f77270,1,8,“በሰምርኔስም ወዳለው ወደ ቤተ ክርስቲያን መልአክ እንዲህ ብለህ ጻፍ፡ ሞቶ የነበረው ሕያውም የሆነው ፊተኛውና መጨረሻው እንዲህ ይላል፦
0221ac59-83d7-517b-a123-04a63050a6f4,1a75346f-6ce3-58b3-af24-7173df066753,567516f5-fb09-5b7c-a1f7-e00b05f77270,2,9,“መከራህንና ድህነትህን አውቃለሁ፤ ነገር ግን ባለ ጠጋ ነህ፤ የሰይጣንም ማኅበር ናቸው እንጂ አይሁድ ሳይሆኑ ‘አይሁድ ነን’ የሚሉት የሚሳደቡትን ስድብ አውቃለሁ።
922df6a7-4f07-51ce-a243-fb4d2ccbf104,1a75346f-6ce3-58b3-af24-7173df066753,567516f5-fb09-5b7c-a1f7-e00b05f77270,3,10,ልትቀበለው ያለህን መከራ አትፍራ። እነሆ እንድፈተኑ ዲያብሎስ ከእናንተ አንዳንዶቻችሁን በወኅኒ ሊያገባችሁ አለው፤ ዐሥር ቀንም መከራን ትቀበላላችሁ። እስከሞት ድረስ የታመንህ ሁን የሕይወትንም አክሊል እሰጥሃለሁ።
f9b190f8-c0e4-5253-a02c-0382e1909759,1a75346f-6ce3-58b3-af24-7173df066753,567516f5-fb09-5b7c-a1f7-e00b05f77270,4,11,መንፈስ ለአብያተ ክርስቲያናት የሚለውን ጆሮ ያለው ይስማ። ድል የነሣው በሁለተኛው ሞት አይጐዳም።
ccff26a4-5000-5bed-abc8-c4b61f4bb7c9,1a75346f-6ce3-58b3-af24-7173df066753,4c8b71d8-74e6-5e4e-a0e2-de8b977a6613,1,12,“በጴርጋሞንም ወዳለው ወደ ቤተ ክርስቲያን መልአክ እንዲህ ብለህ ጻፍ፡ በሁለት ወገን የተሳለ ስለታም ሰይፍ ያለው እንዲህ ይላል፦
e0d5693a-d3d4-5520-afbd-251a4c84d442,1a75346f-6ce3-58b3-af24-7173df066753,4c8b71d8-74e6-5e4e-a0e2-de8b977a6613,2,13,“የሰይጣን ዙፋን ባለበት የምትኖርበትን አውቃለሁ፤ ስሜንም ትጠብቃለህ፤ ሰይጣንም በሚኖርበት፥ በእናንተ ዘንድ የተገደለው የታመነው ምስክሬ አንቲጳስ በነበረበት ዘመን እንኳ ሃይማኖቴን አልካድህም።
ca0eaf31-c716-5247-a483-c6a8edef538a,1a75346f-6ce3-58b3-af24-7173df066753,4c8b71d8-74e6-5e4e-a0e2-de8b977a6613,3,14,ዳሩ ግን ለጣዖት የታረደውን እንዲበሉና እንዲሴስኑ በእስራኤል ልጆች ፊት ማሰናከያን ሊያኖርባቸው ባላቅን ያስተማረ የበልዓምን ትምህርት የሚጠብቁ በዚያ ከአንተ ጋር ስላሉ፥ የምነቅፍብህ ጥቂት ነገር አለኝ።
6d0bac1a-c28b-5e1e-a5be-4191a6019de9,1a75346f-6ce3-58b3-af24-7173df066753,4c8b71d8-74e6-5e4e-a0e2-de8b977a6613,4,15,እንዲሁ የኒቆላውያንን ትምህርት እንደ እነዚህ የሚጠብቁ ሰዎች ከአንተ ጋር ደግሞ አሉ።
7671ffd3-6b1c-5c56-a295-6a9c4c2080c7,1a75346f-6ce3-58b3-af24-7173df066753,4c8b71d8-74e6-5e4e-a0e2-de8b977a6613,5,16,እንግዲህ ንስሓ ግባ፤ አለዚያ ፈጥኜ እመጣብሃለሁ፤ በአፌም ሰይፍ እዋጋቸዋለሁ።
c37174e4-73f4-524b-acb7-3b71060502bd,1a75346f-6ce3-58b3-af24-7173df066753,4c8b71d8-74e6-5e4e-a0e2-de8b977a6613,6,17,መንፈስ ለአብያተ ክርስቲያናት የሚለውን ጆሮ ያለው ይስማ። ድል ለነሣው ከተሰወረ መና እሰጠዋለሁ፤ ነጭ ድንጋይንም እሰጠዋለሁ፤ በድንጋዩም ላይ ከተቀበለው በቀር አንድ ስንኳ የሚያውቀው የሌለ አዲስ ስም ተጽፎአል።
35c4e8ca-92e0-51eb-afbd-dddb3686a916,1a75346f-6ce3-58b3-af24-7173df066753,140b2704-4e37-59a5-af46-af4e95cbae92,1,18,“በትያጥሮንም ወዳለው ወደ ቤተ ክርስቲያን መልአክ እንዲህ ብለህ ጻፍ፡ እንደ እሳት ነበልባል የሆኑ ዐይኖች ያሉት በእቶንም የነጠረ የጋለ ናስ የሚመስሉ እግሮች ያሉት የእግዚአብሔር ልጅ እንዲህ ይላል፦
95431548-0324-5dc5-aba3-e3b9b665472f,1a75346f-6ce3-58b3-af24-7173df066753,140b2704-4e37-59a5-af46-af4e95cbae92,2,19,“ሥራህንና ፍቅርህን እምነትህንም አገልግሎትህንም ትዕግሥትህንም ከፊተኛውም ሥራህ ይልቅ የኋለኛው እንዲበዛ አውቃለሁ።
ec9e7291-e353-5018-a19f-c05b33140d27,1a75346f-6ce3-58b3-af24-7173df066753,140b2704-4e37-59a5-af46-af4e95cbae92,3,20,ዳሩ ግን ‘ነቢይ ነኝ’ የምትለውን ባሪያዎቼንም እንዲሴስኑና ለጣዖት የታረደውን እንዲበሉ የምታስተምረውንና የምታስተውን ያችን ሴት ኤልዛቤልን ስለምትተዋት የምነቅፍብህ ነገር አለኝ፤
f23cf3f1-c6df-56ac-a8d0-990eea0159e7,1a75346f-6ce3-58b3-af24-7173df066753,140b2704-4e37-59a5-af46-af4e95cbae92,4,21,ንስሓም እንድትገባ ጊዜ ሰጠኋት ከዝሙትዋም ንስሓ እንድትገባ አልወደደችም።
f0b7f5a4-c830-5643-a730-a10afdc14bec,1a75346f-6ce3-58b3-af24-7173df066753,140b2704-4e37-59a5-af46-af4e95cbae92,5,22,እነሆ በአልጋ ላይ እጥላታለሁ፤ ከእርስዋም ጋር የሚያመነዝሩትን ከሥራዋ ንስሓ ባይገቡ በታላቅ መከራ እጥላቸዋለሁ፤
11dbfc66-fc34-502b-a6e8-1ea844e4ce2e,1a75346f-6ce3-58b3-af24-7173df066753,140b2704-4e37-59a5-af46-af4e95cbae92,6,23,ልጆችዋንም በሞት እገድላቸዋለሁ፤ አብያተ ክርስቲያናትም ሁሉ ኵላሊትንና ልብን የምመረምር እኔ እንደ ሆንሁ ያውቃሉ፤ ለእያንዳንዳችሁም እንደ ሥራችሁ እሰጣችኋለሁ።
122ab033-97dc-5e5c-aca7-6be59f8183f8,1a75346f-6ce3-58b3-af24-7173df066753,140b2704-4e37-59a5-af46-af4e95cbae92,7,24,ዳሩ ግን ይህን ትምህርት ለማትይዙ ሁሉ የሰይጣንንም ጥልቅ ነገር እነርሱ እንደሚሉት ለማታውቁ ለእናንተ በትያጥሮን ለቀራችሁት እላለሁ፤ ሌላ ሸክም አልጭንባችሁም፤
ec6fed11-994d-59d8-a5a2-db7b4dc13925,1a75346f-6ce3-58b3-af24-7173df066753,140b2704-4e37-59a5-af46-af4e95cbae92,8,25,ነገር ግን እስክመጣ ድረስ ያላችሁን ጠብቁ።
bd2df8ac-71f0-5f4a-aaca-e48df14e3dd1,1a75346f-6ce3-58b3-af24-7173df066753,140b2704-4e37-59a5-af46-af4e95cbae92,9,26,ድል ለነሣውና እስከ መጨረሻም ሥራዬን ለጠበቀው እኔ ደግሞ ከአባቴ እንደ ተቀበልሁ በአሕዛብ ላይ ሥልጣንን እሰጠዋለሁ፤ በብረትም በትር ይገዛቸዋል፤ እንደ ሸክላ ዕቃም ይቀጠቀጣሉ፤
d00f9343-efe3-5af4-ad3d-20735f0b9243,1a75346f-6ce3-58b3-af24-7173df066753,140b2704-4e37-59a5-af46-af4e95cbae92,10,28,የንጋትንም ኮከብ እሰጠዋለሁ።
e9012772-2391-5f60-ada5-1c30dc541228,1a75346f-6ce3-58b3-af24-7173df066753,140b2704-4e37-59a5-af46-af4e95cbae92,11,29,መንፈስ ለአብያተ ክርስቲያናት የሚለውን ጆሮ ያለው ይስማ።
cc5abb6e-f0ef-5e5e-a2e7-afef2cd03f5e,95b2f5e1-f58d-5a16-ae8c-4455a0f11a42,50397107-cd15-5925-a88a-dfedccd7114a,1,1,“በሰርዴስም ወዳለው ወደ ቤተ ክርስቲያን መልአክ እንዲህ ብለህ ጻፍ፡ ሰባቱ የእግዚአብሔር መናፍስትና ሰባቱ ከዋክብት ያሉት እንዲህ ይላል “ሥራህን አውቃለሁ፤ ሕያው እንደ መሆንህ ስም አለህ፤ ሞተህማል።
91ad9681-1ff7-5161-adbb-563e0f81a647,95b2f5e1-f58d-5a16-ae8c-4455a0f11a42,50397107-cd15-5925-a88a-dfedccd7114a,2,2,ሥራህን በአምላኬ ፊት ፍጹም ሆኖ አላገኘሁትምና የነቃህ ሁን፤ ሊሞቱም ያላቸውን የቀሩትን ነገሮች አጽና።
99a85e5d-69df-5298-aa28-ebb3e50d279e,95b2f5e1-f58d-5a16-ae8c-4455a0f11a42,50397107-cd15-5925-a88a-dfedccd7114a,3,3,እንግዲህ እንዴት እንደ ተቀበልህና እንደ ሰማህ አስብ፤ ጠብቀውም፤ ንስሓም ግባ። እንግዲያስ ባትነቃ እንደ ሌባ እመጣብሃለሁ፤ በማናቸውም ሰዓት እንድመጣብህ ከቶ አታውቅም።
bfe9b238-6b37-582c-a4bb-fc73ca3559e9,95b2f5e1-f58d-5a16-ae8c-4455a0f11a42,50397107-cd15-5925-a88a-dfedccd7114a,4,4,ነገር ግን ልብሳቸውን ያላረከሱ በሰርዴስ ጥቂት ሰዎች ከአንተ ጋር አሉ፤ የተገባቸውም ስለ ሆኑ ነጭ ልብስ ለብሰው ከእኔ ጋር ይሄዳሉ።
061eeaa3-358a-56aa-accf-4667e895746b,95b2f5e1-f58d-5a16-ae8c-4455a0f11a42,50397107-cd15-5925-a88a-dfedccd7114a,5,5,ድል የነሣው እንዲሁ በነጭ ልብስ ይጐናጸፋል፤ ስሙንም ከሕይወት መጽሐፍ አልደመስስም፤ በአባቴና በመላእክቱም ፊት ለስሙ እመሰክርለታለሁ።
847dea71-3816-5c61-aa5d-805a957e7ae1,95b2f5e1-f58d-5a16-ae8c-4455a0f11a42,50397107-cd15-5925-a88a-dfedccd7114a,6,6,መንፈስ ለአብያተ ክርስቲያናት የሚለውን ጆሮ ያለው ይስማ።
0225e1b0-e694-55d2-aea7-f20f07db0600,95b2f5e1-f58d-5a16-ae8c-4455a0f11a42,c822a1ce-5a43-5042-aba0-b7ec08510887,1,7,“በፊላደልፊያም ወዳለው ወደ ቤተ ክርስቲያን መልአክ እንዲህ ብለህ ጻፍ፡ የዳዊት መክፈቻ ያለው፥ የሚከፍት፥ የሚዘጋም የሌለ፤ የሚዘጋ፥ የሚከፍትም የሌለ፤ ቅዱስና እውነተኛ የሆነው እርሱ እንዲህ ይላል፦
e11b9e4c-651d-51ec-aec6-b6254307de3e,95b2f5e1-f58d-5a16-ae8c-4455a0f11a42,c822a1ce-5a43-5042-aba0-b7ec08510887,2,8,“ሥራህን አውቃለሁ፤ እነሆ በአንተ ፊት የተከፈተ በር ሰጥቼአለሁ፤ ማንም ሊዘጋውም አይችልም፤ ኀይልህ ምንም ትንሽ ቢሆን ቃሌን ጠብቀሃልና፤ ስሜንም አልካድህምና።
47abafd0-3232-5802-a879-47e60ecf7ea1,95b2f5e1-f58d-5a16-ae8c-4455a0f11a42,c822a1ce-5a43-5042-aba0-b7ec08510887,3,9,እነሆ አይሁድ ሳይሆኑ ‘አይሁድ ነን’ ከሚሉ ነገር ግን ከሚዋሹ ከሰይጣን ማኅበር አንዳንዶችን እሰጥሃለሁ፤ እነሆ መጥተው በእግሮችህ ፊት ይሰግዱ ዘንድ እኔም እንደ ወደድሁህ ያውቁ ዘንድ አደርጋቸዋለሁ።
377492e7-b70c-5ea5-afcb-f3da94008ce5,95b2f5e1-f58d-5a16-ae8c-4455a0f11a42,c822a1ce-5a43-5042-aba0-b7ec08510887,4,10,የትዕግሥቴን ቃል ስለ ጠበቅህ እኔ ደግሞ በምድር የሚኖሩትን ይፈትናቸው ዘንድ በዓለም ሁሉ ላይ ሊመጣ ካለው ከፈተናው ሰዓት እጠብቅሃለሁ።
d4efbe5d-967d-5832-a708-ebda2f42d004,95b2f5e1-f58d-5a16-ae8c-4455a0f11a42,c822a1ce-5a43-5042-aba0-b7ec08510887,5,11,እነሆ ቶሎ ብዬ እመጣለሁ፤ ማንም አክሊልህን እንዳይወስድብህ ያለህን አጽንተህ ያዝ።
e2e0ef5a-9f33-5510-ae75-348d4022cfa5,95b2f5e1-f58d-5a16-ae8c-4455a0f11a42,c822a1ce-5a43-5042-aba0-b7ec08510887,6,12,ድል የነሣው በአምላኬ መቅደስ ዓምድ እንዲሆን አደርገዋለሁ፤ ወደ ፊትም ከዚያ ከቶ አይወጣም፤ የአምላኬን ስምና የአምላኬን ከተማ ስም፥ ማለት ከሰማይ ከአምላኬ ዘንድ የምትወርደውን አዲሲቱን ኢየሩሳሌምን፥ አዲሱንም ስሜን በእርሱ ላይ እጽፋለሁ።
795ba4c2-3f39-5a0c-ae75-1b509a1c7ed0,95b2f5e1-f58d-5a16-ae8c-4455a0f11a42,c822a1ce-5a43-5042-aba0-b7ec08510887,7,13,መንፈስ ለአብያተ ክርስቲያናት የሚለውን ጆሮ ያለው ይስማ።
af175ad4-4a4e-5198-a670-7fd3dc776821,95b2f5e1-f58d-5a16-ae8c-4455a0f11a42,2d873884-8095-5926-a8c3-f783d5aec210,1,14,“በሎዲቅያም ወዳለው ወደ ቤተ ክርስቲያን መልአክ እንዲህ ብለህ ጻፍ፡ አሜን የሆነው፥ የታመነውና እውነተኛው ምስክር፥ በእግዚአብሔርም ፍጥረት መጀመሪያ የነበረው እንዲህ ይላል፦
d1dc2c43-72d7-5440-a744-4999fa47533d,95b2f5e1-f58d-5a16-ae8c-4455a0f11a42,2d873884-8095-5926-a8c3-f783d5aec210,2,15,“በራድ ወይም ትኩስ እንዳይደለህ ሥራህን አውቃለሁ። በራድ ወይም ትኩስ ብትሆንስ መልካም በሆነ ነበር።
d96e1b32-a9d0-5167-abc0-21631b0b438f,95b2f5e1-f58d-5a16-ae8c-4455a0f11a42,2d873884-8095-5926-a8c3-f783d5aec210,3,16,እንዲሁ ለብ ስላልህ በራድም ወይም ትኩስ ስላልሆንህ ከአፌ ልተፋህ ነው።
007c3ee1-155d-5458-a4a4-9ff09e01cd40,95b2f5e1-f58d-5a16-ae8c-4455a0f11a42,2d873884-8095-5926-a8c3-f783d5aec210,4,17,‘ሀብታም ነኝና ባለጠጋ ሆኜአለሁ፤ አንድም ስንኳ አያስፈልገኝም፤’ የምትል ስለ ሆንህ፥ ጐስቋላና ምስኪንም ድሀም ዕውርም የተራቆትህም መሆንህን ስለማታውቅ፥
cd838de9-451d-5069-a90d-ed774ab3ad64,95b2f5e1-f58d-5a16-ae8c-4455a0f11a42,2d873884-8095-5926-a8c3-f783d5aec210,5,18,ባለ ጠጋ እንድትሆን በእሳት የነጠረውን ወርቅ፥ ተጐናጽፈህም የራቁትነትህ ኃፍረት እንዳይገለጥ ነጭ ልብስን፥ እንድታይም ዐይኖችህን የምትኳለውን ኵል ከእኔ ትገዛ ዘንድ እመክርሃለሁ።
dc9e49bb-bb62-55f5-aaf6-a0eebba307b1,95b2f5e1-f58d-5a16-ae8c-4455a0f11a42,2d873884-8095-5926-a8c3-f783d5aec210,6,19,እኔ የምወዳቸውን ሁሉ እገሥጻቸዋለሁ፤ እቀጣቸውማለሁ፤ እንግዲህ ቅና፤ ንስሓም ግባ።
a8937b6f-e8fa-5378-aaae-0fc747045649,95b2f5e1-f58d-5a16-ae8c-4455a0f11a42,2d873884-8095-5926-a8c3-f783d5aec210,7,20,እነሆ በደጅ ቆሜ አንኳኳለሁ፤ ማንም ድምፄን ቢሰማ ደጁንም ቢከፍትልኝ፥ ወደ እርሱ እገባለሁ፤ ከእርሱም ጋር እራት እበላለሁ፤ እርሱም ከእኔ ጋር ይበላል።
e9222226-3deb-5435-aeae-8b0c4d3ff8cc,95b2f5e1-f58d-5a16-ae8c-4455a0f11a42,2d873884-8095-5926-a8c3-f783d5aec210,8,21,እኔ ደግሞ ድል እንደ ነሣሁ ከአባቴም ጋር በዙፋኑ ላይ እንደተቀመጥሁ፥ ድል ለነሣው ከእኔ ጋር በዙፋኔ ላይ ይቀመጥ ዘንድ እሰጠዋለሁ።
bc87432a-e18d-5e0c-a0d6-af11b3af2630,95b2f5e1-f58d-5a16-ae8c-4455a0f11a42,2d873884-8095-5926-a8c3-f783d5aec210,9,22,መንፈስ ለአብያተ ክርስቲያናት የሚለውን ጆሮ ያለው ይስማ።”
8ffd3ce3-7808-5dcf-a6d2-c94bbd935fec,a2f7a87a-8993-58e6-aaab-e68f35ddec9a,d5a9ab61-70c7-58c4-a229-0a892965d81d,1,1,ከዚያ በኋላም አየሁ፤ እነሆም በሰማይ የተከፈተ ደጅ፥ እንደ መለከትም ሆኖ ሲናገረኝ የሰማሁት ፊተኛው ድምፅ “ወደዚህ ውጣና ከዚህ በኋላ ሊሆን የሚያስፈልገውን ነገር አሳይሃለሁ፤” አለ።
a74ce861-5daf-5f17-acbd-657ba9bca46d,a2f7a87a-8993-58e6-aaab-e68f35ddec9a,d5a9ab61-70c7-58c4-a229-0a892965d81d,2,2,ወዲያው በመንፈስ ነበርሁ፤ እነሆም ዙፋን በሰማይ ቆሞአል፤ በዙፋኑም ላይ ተቀማጭ ነበረ፤
b19e396c-bc9b-591e-a04b-324b0f7f6f70,a2f7a87a-8993-58e6-aaab-e68f35ddec9a,d5a9ab61-70c7-58c4-a229-0a892965d81d,3,3,ተቀምጦም የነበረው በመልኩ የኢያስጲድንና የሰርዲኖን ዕንቍ ይመስል ነበር። በመልኩም መረግድን የመሰለ ቀስተ ደመና በዙፋኑ ዙሪያ ነበረ።
a87d362a-4353-57ff-a183-42a5d1706efa,a2f7a87a-8993-58e6-aaab-e68f35ddec9a,d5a9ab61-70c7-58c4-a229-0a892965d81d,4,4,በዙፋኑ ዙሪያም ሃያ አራት ዙፋኖች ነበሩ፤ በዙፋኖቹም ላይ ነጭ ልብስ ለብሰው በራሳቸውም የወርቅ አክሊል ደፍተው ሃያ አራት ሽማግሌዎች ተቀምጠው ነበር።
ecd9aea3-89d3-53c7-a873-45ffe02243fd,a2f7a87a-8993-58e6-aaab-e68f35ddec9a,d5a9ab61-70c7-58c4-a229-0a892965d81d,5,5,ከዙፋኑም መብረቅና ድምፅ ነጐድጓድም ይወጣል፤ በዙፋኑም ፊት ሰባት የእሳት መብራቶች ይበሩ ነበር፤ እነርሱም ሰባቱ የእግዚአብሔር መናፍስት ናቸው።
e5ccc8e3-adaa-5a08-a92e-4e22996d8b7e,a2f7a87a-8993-58e6-aaab-e68f35ddec9a,d5a9ab61-70c7-58c4-a229-0a892965d81d,6,6,በዙፋኑም ፊት ብርሌ የሚመስል የብርጭቆ ባሕር ነበረ። በዙፋኑም መካከል በዙፋኑም ዙሪያ፥ በፊትና በኋላ ዐይኖች የሞሉአቸው አራት እንስሶች ነበሩ።
6d20e29d-4efa-5b40-ad47-9f8d0826931c,a2f7a87a-8993-58e6-aaab-e68f35ddec9a,d5a9ab61-70c7-58c4-a229-0a892965d81d,7,7,ፊተኛውም እንስሳ አንበሳን ይመስላል፤ ሁለተኛውም እንስሳ ጥጃን ይመስላል፤ ሦስተኛውም እንስሳ እንደ ሰው ፊት ነበረው፤ አራተኛውም እንስሳ የሚበረውን ንስር ይመስላል።
964f39ab-bbc3-579f-a696-5b854755ed2f,a2f7a87a-8993-58e6-aaab-e68f35ddec9a,d5a9ab61-70c7-58c4-a229-0a892965d81d,8,8,አራቱም እንስሶች እያንዳንዳቸው ስድስት ክንፎች አሉአቸው፤ በዙሪያቸውና በውስጣቸውም ዐይኖች ሞልተውባቸዋል፤
1fddeeb7-723b-5803-ae70-7628f4c978b0,8cbccd00-25e4-50d5-aca7-b3c3f3d6d780,aec142b0-2a94-5899-a2fe-c6a7de4f0064,1,1,በዙፋኑ ላይም በተቀመጠው በቀኝ እጁ ላይ በውስጥና በኋላ የተጻፈበት በሰባትም ማኅተም የተዘጋ መጽሐፍን አየሁ።
51c5adcb-d47d-57b8-a76d-9fbd8ca4a708,8cbccd00-25e4-50d5-aca7-b3c3f3d6d780,aec142b0-2a94-5899-a2fe-c6a7de4f0064,2,2,ብርቱም መልአክ “መጽሐፉን ይዘረጋ ዘንድ ማኅተሞቹንም ይፈታ ዘንድ የሚገባው ማን ነው?” ብሎ በታላቅ ድምፅ ሲያውጅ አየሁ።
6b27b6be-7907-5374-acd1-d7c549d3635d,8cbccd00-25e4-50d5-aca7-b3c3f3d6d780,aec142b0-2a94-5899-a2fe-c6a7de4f0064,3,3,በሰማይም ቢሆን በምድርም ላይ ቢሆን ከምድርም በታች ቢሆን መጽሐፉን ሊዘረጋ ወይም ሊመለከተው ማንም አልተቻለውም።
251b1bd3-8f73-5523-ad08-bf83148745d7,8cbccd00-25e4-50d5-aca7-b3c3f3d6d780,aec142b0-2a94-5899-a2fe-c6a7de4f0064,4,4,መጽሐፉን ሊዘረጋ ወይም ሊመለከተው የሚገባው ማንም ስላልተገኘ እጅግ አለቀስሁ።
6a7f3aa7-56a6-5b8e-a6b5-007c9545503a,8cbccd00-25e4-50d5-aca7-b3c3f3d6d780,aec142b0-2a94-5899-a2fe-c6a7de4f0064,5,5,ከሽማግሌዎቹም አንዱ “አታልቅስ፤ እነሆ ከይሁዳ ነገድ የሆነው አንበሳ፥ እርሱም የዳዊት ሥር መጽሐፉን ይዘረጋ ዘንድ ሰባቱንም ማኅተም ይፈታ ዘንድ ድል ነሥቶአል፤” አለኝ።
8bc20890-241a-50be-a971-8edd988c551f,8cbccd00-25e4-50d5-aca7-b3c3f3d6d780,aec142b0-2a94-5899-a2fe-c6a7de4f0064,6,6,በዙፋኑና በአራቱ እንስሶች መካከልም በሽማግሌዎችም መካከል እንደ ታረደ በግ ቆሞ አየሁ፤ ሰባትም ቀንዶችና ሰባት ዐይኖች ነበሩት፤ እነርሱም ወደ ምድር ሁሉ የተላኩ የእግዚአብሔር መናፍስት ናቸው።
5faaa0fd-5ff0-5c74-a666-7493df5432a4,8cbccd00-25e4-50d5-aca7-b3c3f3d6d780,aec142b0-2a94-5899-a2fe-c6a7de4f0064,7,7,መጥቶም በዙፋን ላይ ከተቀመጠ ከዚያ ከቀኝ እጁ መጽሐፉን ወሰደው።
db4e0f46-7e29-5a00-acb4-006a7cc2deae,8cbccd00-25e4-50d5-aca7-b3c3f3d6d780,aec142b0-2a94-5899-a2fe-c6a7de4f0064,8,8,መጽሐፉንም በወሰደ ጊዜ አራቱ እንስሶችና ሃያ አራቱ ሽማግሌዎች በበጉ ፊት ወደቁ፤ እያንዳንዳቸውም በገናንና የቅዱሳን ጸሎት የሆነ ዕጣን የሞላበትን የወርቅ ዕቃ ያዙ።
8cee02f4-04d1-535e-a67d-49009d5e1c69,92c5a251-8327-55a2-a1b5-b9a2361f68e1,d0889706-eb31-564b-a00e-1dbf712e6534,1,1,በጉም ከሰባቱ ማኅተም አንዱን በፈታ ጊዜ አየሁ፤ ከአራቱም እንስሶች አንዱ ነጐድጓድ በሚመስል ድምፅ “መጥተህ እይ” ሲል ሰማሁ።
7595e622-86d2-5129-a7e2-0cbfce865537,92c5a251-8327-55a2-a1b5-b9a2361f68e1,d0889706-eb31-564b-a00e-1dbf712e6534,2,2,አየሁም፤ እነሆም አምባላይ ፈረስ ወጣ፤ በእርሱም ላይ የተቀመጠው ቀስት ነበረው፤ አክሊልም ተሰጠው፤ ድልም እየነሣ ወጣ፤ ድል ለመንሣት።
390183f1-fdd7-57cc-ae1d-f7323d8dda64,92c5a251-8327-55a2-a1b5-b9a2361f68e1,d0889706-eb31-564b-a00e-1dbf712e6534,3,3,ሁለተኛውንም ማኅተም በፈታ ጊዜ ሁለተኛው እንስሳ “መጥተህ እይ” ሲል ሰማሁ።
775a30c2-948f-52e2-ab7b-52a83efe5349,92c5a251-8327-55a2-a1b5-b9a2361f68e1,d0889706-eb31-564b-a00e-1dbf712e6534,4,4,ሌላም ዳማ ፈረስ ወጣ፤ በእርሱም ላይ ለተቀመጠው ሰላምን ከምድር ይወስድ ዘንድ ሰዎችም እርስ በርሳቸው እንዲተራረዱ ሥልጣን ተሰጠው፤ ታላቅም ሰይፍ ተሰጠው።
813fee94-6b0b-565d-a644-e244535a3993,92c5a251-8327-55a2-a1b5-b9a2361f68e1,d0889706-eb31-564b-a00e-1dbf712e6534,5,5,ሦስተኛውንም ማኅተም በፈታ ጊዜ ሦስተኛው እንስሳ “መጥተህ እይ” ሲል ሰማሁ። አየሁም፤ እነሆም ጥቁር ፈረስ ወጣ፤ በእርሱም ላይ የተቀመጠው በእጁ ሚዛን ያዘ።
d2f44e43-3076-505b-ac61-7916d462c309,92c5a251-8327-55a2-a1b5-b9a2361f68e1,d0889706-eb31-564b-a00e-1dbf712e6534,6,6,በአራቱም እንስሶች መካከል ድምፅ “አንድ እርቦ ስንዴ በዲናር ሦስት እርቦ ገብስም በዲናር፥ ዘይትንና ወይንንም አትጕዳ” ሲል ሰማሁ።
9a8812a5-7c2f-52a4-ac2b-48ef20a9fa95,92c5a251-8327-55a2-a1b5-b9a2361f68e1,d0889706-eb31-564b-a00e-1dbf712e6534,7,7,አራተኛውንም ማኅተም በፈታ ጊዜ የአራተኛው እንስሳ ድምፅ “መጥተህ እይ” ሲል ሰማሁ።
2e8e045c-0651-52d3-a04d-f2011f15dec7,92c5a251-8327-55a2-a1b5-b9a2361f68e1,d0889706-eb31-564b-a00e-1dbf712e6534,8,8,አየሁም፤ እነሆም ሐመር ፈረስ ወጣ፤ በእርሱም ላይ የተቀመጠው ስሙ ሞት ነበረ። ሲኦልም ተከተለው፤ በሰይፍና በራብም በሞትም በምድርም አራዊት ይገድሉ ዘንድ ከምድር በአራተኛዋ እጅ ላይ ሥልጣን ተሰጣቸው።
8f33ba68-5468-5755-a5f9-59e4f18d97f1,92c5a251-8327-55a2-a1b5-b9a2361f68e1,d0889706-eb31-564b-a00e-1dbf712e6534,9,9,አምስተኛውንም ማኅተም በፈታ ጊዜ፥ ስለ እግዚአብሔር ቃልና ስለ ጠበቁት ምስክር የታረዱትን የሰዎች ነፍሳት ከመሠዊያ በታች አየሁ።
fd4942f0-7e33-52f3-a026-80e8c40781a9,92c5a251-8327-55a2-a1b5-b9a2361f68e1,d0889706-eb31-564b-a00e-1dbf712e6534,10,10,በታላቅ ድምፅም እየጮኹ “ቅዱስና እውነተኛ ጌታ ሆይ! እስከ መቼ ድረስ አትፈርድም? ደማችንንስ በምድር በሚኖሩት ላይ እስከ መቼ አትበቀልም?” አሉ።
be9aeb58-d9bf-59a3-a78c-3c0e395ba081,92c5a251-8327-55a2-a1b5-b9a2361f68e1,d0889706-eb31-564b-a00e-1dbf712e6534,11,11,ለእያንዳንዳቸውም ነጭ ልብስ ተሰጣቸው፤ እንደ እነርሱም ደግሞ ይገደሉ ዘንድ ያላቸው የባሪያዎች ባልንጀራዎቻቸውና የወንድሞቻቸው ቍጥር እስኪፈጸም ድረስ፥ ገና ጥቂት ዘመን እንዲያርፉ ተባለላቸው።
6ee5feae-ec90-50d9-ae35-e06aa490a866,92c5a251-8327-55a2-a1b5-b9a2361f68e1,d0889706-eb31-564b-a00e-1dbf712e6534,12,12,ስድስተኛውንም ማኅተም በፈታ ጊዜ አየሁ፤ ታላቅም የምድር መናወጥ ሆነ፤ ፀሐይም እንደ ማቅ ጠጕር ጥቁር ሆነ፤ ጨረቃም በሞላው እንደ ደም ሆነ፤
0c1f05ac-7d66-5cf3-aa2f-6b3a93278a98,92c5a251-8327-55a2-a1b5-b9a2361f68e1,d0889706-eb31-564b-a00e-1dbf712e6534,13,13,በለስም በብርቱ ነፋስ ተናውጣ ቃርያዋን ፍሬ እንደምትጥል የሰማይ ከዋክብት ወደ ምድር ወደቁ፤
7629fd18-0194-50ba-a0bd-107745161851,92c5a251-8327-55a2-a1b5-b9a2361f68e1,d0889706-eb31-564b-a00e-1dbf712e6534,14,14,ሰማይም እንደ መጽሐፍ ተጠቅልሎ አለፈ፤ ተራራዎችና ደሴቶችም ሁሉ ከስፍራቸው ተወሰዱ።
d6b8a424-2f19-5f1b-a196-c2ace8a95257,92c5a251-8327-55a2-a1b5-b9a2361f68e1,d0889706-eb31-564b-a00e-1dbf712e6534,15,15,የምድርም ነገሥታትና መኳንንት ሻለቃዎችም ባለ ጠጋዎችም ኀይለኛዎችም ባሪያዎችም ጌቶችም ሁሉ በዋሾችና በተራራዎች ዐለቶች ተሰወሩ፤
4e99b036-4d7a-5d04-aafb-2492b2108051,92c5a251-8327-55a2-a1b5-b9a2361f68e1,d0889706-eb31-564b-a00e-1dbf712e6534,16,16,ተራራዎችንና ዐለቶችንም “በላያችን ውደቁ በዙፋንም ከተቀመጠው ፊት ከበጉም ቍጣ ሰውሩን፤
f599d74b-8440-5a7c-a921-d856e4be920c,92c5a251-8327-55a2-a1b5-b9a2361f68e1,d0889706-eb31-564b-a00e-1dbf712e6534,17,17,ታላቁ የቁጣው ቀን መጥቶአልና፤ ማንስ ሊቆም ይችላል?” አሉአቸው።
7a09e09c-6a7a-5bec-a7ba-54ed948c531f,f5aaa174-03b7-5b1e-a28a-9e90ec2dad42,247b43e3-0c7c-52bc-aff2-e12532acdd0f,1,1,ከዚህም በኋላ በአራቱ የምድር ማዕዘን ቆመው አራት መላእክት አየሁ፤ እነርሱም ነፋስ በምድር ቢሆን ወይም በባሕር ወይም በማንም ዛፍ እንዳይነፍስ አራቱን የምድር ነፋሳት ያዙ።
521bb3f8-2a8e-513d-a96f-ba0b1da500b6,f5aaa174-03b7-5b1e-a28a-9e90ec2dad42,247b43e3-0c7c-52bc-aff2-e12532acdd0f,2,2,የሕያው አምላክ ማኅተም ያለውም ሌላ መልአክ ከፀሐይ መውጫ ሲወጣ አየሁ፤ ምድርንና ባሕርንም ሊጐዱ ለተሰጣቸው ለአራቱ መላእክት በታላቅ ድምፅ እየጮኸ
691c50ba-d820-5d71-a78e-398c7f399a1c,f5aaa174-03b7-5b1e-a28a-9e90ec2dad42,247b43e3-0c7c-52bc-aff2-e12532acdd0f,3,3,“የአምላካችንን ባሪያዎች ግምባራቸውን እስክናትማቸው ድረስ ምድርን ቢሆን ወይም ባሕርን ወይም ዛፎችን አትጕዱ፤” አላቸው።
724d0b5d-9fff-5c6d-a645-6affd509a01a,f5aaa174-03b7-5b1e-a28a-9e90ec2dad42,247b43e3-0c7c-52bc-aff2-e12532acdd0f,4,4,የታተሙትንም ቍጥር ሰማሁ፤ ከእስራኤል ልጆች ነገድ ሁሉ የታተሙት መቶ አርባ አራት ሺህ ነበሩ።
246c8fd9-15e5-5e75-aa1d-c3a36e7ae570,f5aaa174-03b7-5b1e-a28a-9e90ec2dad42,247b43e3-0c7c-52bc-aff2-e12532acdd0f,5,5,ከይሁዳ ነገድ ዐሥራ ሁለት ሺህ ታተሙ፤ ከሮቤል ነገድ ዐሥራ ሁለት ሺህ፥ ከጋድ ነገድ ዐሥራ ሁለት ሺህ፥
ba898961-aa1d-5f5b-ac49-c515d01b15df,f5aaa174-03b7-5b1e-a28a-9e90ec2dad42,247b43e3-0c7c-52bc-aff2-e12532acdd0f,6,6,ከአሴር ነገድ ዐሥራ ሁለት ሺህ፥ ከንፍታሌም ነገድ ዐሥራ ሁለት ሺህ፥ ከምናሴ ነገድ ዐሥራ ሁለት ሺህ፥
566a7033-81d9-5f97-aea9-ec9aa4daf6ea,f5aaa174-03b7-5b1e-a28a-9e90ec2dad42,247b43e3-0c7c-52bc-aff2-e12532acdd0f,7,7,ከስምዖን ነገድ ዐሥራ ሁለት ሺህ፥ ከሌዊ ነገድ ዐሥራ ሁለት ሺህ፥ ከይሳኮር ነገድ ዐሥራ ሁለት ሺህ፥
07eb5416-f3d1-5a17-ac43-679837cd19de,f5aaa174-03b7-5b1e-a28a-9e90ec2dad42,247b43e3-0c7c-52bc-aff2-e12532acdd0f,8,8,ከዛብሎን ነገድ ዐሥራ ሁለት ሺህ፥ ከዮሴፍ ነገድ ዐሥራ ሁለት ሺህ፥ ከብንያም ነገድ ዐሥራ ሁለት ሺህ ታተሙ።
0ada11d0-eca8-54f7-a2fc-96c014534a37,f5aaa174-03b7-5b1e-a28a-9e90ec2dad42,e0ca509e-6e04-5427-ad05-b27c309a09a7,1,9,ከዚህ በኋላ አየሁ፤ እነሆም አንድ እንኳ ሊቆጥራቸው የማይችል ከሕዝብና ከነገድ ከወገንም ከቋንቋም ሁሉ እጅግ ብዙ ሰዎች ነበሩ፤ ነጭ ልብስም ለብሰው የዘንባባንም ዝንጣፊዎች በእጆቻቸው ይዘው በዙፋኑና በበጉ ፊት ቆሙ፤
92be1dc9-91b0-51d4-a551-5d4a72c2a7d1,f5aaa174-03b7-5b1e-a28a-9e90ec2dad42,e0ca509e-6e04-5427-ad05-b27c309a09a7,2,10,በታላቅም ድምፅ እየጮሁ
73a855ca-94b3-533d-a7e1-1b58c3cdea87,f5aaa174-03b7-5b1e-a28a-9e90ec2dad42,e0ca509e-6e04-5427-ad05-b27c309a09a7,3,13,ከሽማግሌዎቹም አንዱ ተመልሶ “እነዚህ ነጩን ልብስ የለበሱ እነማን ናቸው? ከወዴትስ መጡ?” አለኝ።
26efee57-5d95-5668-a219-d8022c2afdc0,f5aaa174-03b7-5b1e-a28a-9e90ec2dad42,e0ca509e-6e04-5427-ad05-b27c309a09a7,4,14,እኔም “ጌታ ሆይ! አንተ ታውቃለህ፤” አልሁት። አለኝም “እነዚህ ከታላቁ መከራ የመጡ ናቸው፤ ልብሳቸውንም አጥበው በበጉ ደም አነጹ።
5880ba88-6edb-58c2-ac14-1a859abca2c3,f5aaa174-03b7-5b1e-a28a-9e90ec2dad42,e0ca509e-6e04-5427-ad05-b27c309a09a7,5,15,ስለዚህ በእግዚአብሔር ዙፋን ፊት አሉ፤ ሌሊትና ቀንም በመቅደሱ ያመልኩታል፤ በዙፋኑም ላይ የተቀመጠው በእነርሱ ላይ ያድርባቸዋል።
c082e845-dfb8-5737-a385-e150e9e1fb8c,f5aaa174-03b7-5b1e-a28a-9e90ec2dad42,e0ca509e-6e04-5427-ad05-b27c309a09a7,6,16,ከእንግዲህ ወዲህ አይራቡም፤ ከእንግዲህም ወዲህ አይጠሙም፤ ፀሐይም ትኵሳትም ሁሉ ከቶ አይወርድባቸውም፤
5ffb73e8-bcae-500e-adac-a3e77c7b8643,f5aaa174-03b7-5b1e-a28a-9e90ec2dad42,e0ca509e-6e04-5427-ad05-b27c309a09a7,7,17,በዙፋኑ መካከል ያለው በጉ እረኛቸው ይሆናልና፤ ወደ ሕይወትም ውሃ ምንጭ ይመራቸዋልና፤ እግዚአብሔርም እንባዎችን ሁሉ ከዐይናቸው ያብሳል።”
48b904dd-7492-5dcb-a762-304baa5e3b13,6ffcdb11-6c6a-5ef1-a469-9e3a40ceefdb,03a65113-e441-548c-a131-955a5ef890d6,1,1,ሰባተኛውንም ማኅተም በፈታ ጊዜ ግማሽ ሰዓት የሚያህል ዝምታ በሰማይ ሆነ።
aae6f1e7-d453-5f11-a039-79158b5d095d,6ffcdb11-6c6a-5ef1-a469-9e3a40ceefdb,03a65113-e441-548c-a131-955a5ef890d6,2,2,በእግዚአብሔርም ፊት የሚቆሙትን ሰባቱን መላእክት አየሁ፤ ሰባትም መለከት ተሰጣቸው።
b75e299a-787d-5565-afc5-2cdc3f753f13,6ffcdb11-6c6a-5ef1-a469-9e3a40ceefdb,03a65113-e441-548c-a131-955a5ef890d6,3,3,ሌላም መልአክ መጣና የወርቅ ጥና ይዞ በመሰዊያው አጠገብ ቆመ፤ በዙፋኑም ፊት ባለው በወርቅ መሰዊያ ላይ ለቅዱሳን ሁሉ ጸሎት እንዲጨምረው ብዙ ዕጣን ተሰጠው።
539d6e88-3a27-5806-a091-1ec1e41f898f,6ffcdb11-6c6a-5ef1-a469-9e3a40ceefdb,03a65113-e441-548c-a131-955a5ef890d6,4,4,የዕጣኑም ጢስ ከቅዱሳን ጸሎት ጋር ከመልአኩ እጅ በእግዚአብሔር ፊት ወጣ።
1cc73cf9-cfa2-5da9-a843-993fcb9b7d52,6ffcdb11-6c6a-5ef1-a469-9e3a40ceefdb,03a65113-e441-548c-a131-955a5ef890d6,5,5,መልአኩም ጥናውን ይዞ የመሰዊያውን እሳት ሞላበት፤ ወደ ምድርም ጣለው፤ ነጐድጓድና ድምፅም መብረቅም መናወጥም ሆነ።
50527247-a538-58ca-a08c-4f7a5718e9b2,6ffcdb11-6c6a-5ef1-a469-9e3a40ceefdb,3c50d07f-775c-5aec-a3ac-2b61538152a4,1,6,ሰባቱንም መለከት የያዙ ሰባቱ መላእክት ሊነፉ ተዘጋጁ።
c663cb10-5813-5796-a790-5942b45d5841,6ffcdb11-6c6a-5ef1-a469-9e3a40ceefdb,3c50d07f-775c-5aec-a3ac-2b61538152a4,2,7,ፊተኛውም መልአክ መለከቱን ነፋ፤ ደምም የተቀላቀለበት በረዶና እሳት ሆነ፤ ወደ ምድርም ተጣለ፤ የምድርም ሲሶው ተቃጠለ፤ የዛፎችም ሲሶው ተቃጠለ፤ የለመለመም ሣር ሁሉ ተቃጠለ።
815c46fb-b9be-5901-ad85-0affb17473e0,6ffcdb11-6c6a-5ef1-a469-9e3a40ceefdb,3c50d07f-775c-5aec-a3ac-2b61538152a4,3,8,ሁለተኛውም መልአክ መለከቱን ነፋ፤ በእሳት የሚቃጠል ታላቅ ተራራን የሚመስል ነገር በባሕር ተጣለ፤ የባሕርም ሲሶው ደም ሆነ፤
862edb3e-4471-5fdb-a92b-aa0bd6e7869e,6ffcdb11-6c6a-5ef1-a469-9e3a40ceefdb,3c50d07f-775c-5aec-a3ac-2b61538152a4,4,9,በባሕርም ከሚኖሩ ሕይወት ካላቸው ፍጥረቶች ሲሶው ሞተ፤ የመርከቦችም ሲሶው ጠፋ።
b95ddd84-0781-5492-a74e-9da427d7fc47,6ffcdb11-6c6a-5ef1-a469-9e3a40ceefdb,3c50d07f-775c-5aec-a3ac-2b61538152a4,5,10,ሦስተኛውም መልአክ መለከቱን ነፋ፤ እንደ ችቦም የሚቃጠል ታላቅ ኮከብ ከሰማይ ወደቀ፤ በወንዞችና በውሃም ምንጮች ሲሶ ላይ ወደቀ።
32db774a-939e-5007-a7c1-d8ab171e0f6c,6ffcdb11-6c6a-5ef1-a469-9e3a40ceefdb,3c50d07f-775c-5aec-a3ac-2b61538152a4,6,11,የኮከቡም ስም እሬቶ ይባላል፤ የውሃውም ሲሶ መራራ ሆነ፤ መራራም ስለተደረገ በውሃው ጠንቅ ብዙ ሰዎች ሞቱ።
31e3d88d-a4a6-5f96-abab-6a77b2ff468f,6ffcdb11-6c6a-5ef1-a469-9e3a40ceefdb,3c50d07f-775c-5aec-a3ac-2b61538152a4,7,12,አራተኛውም መልአክ መለከቱን ነፋ፤ የፀሐይ ሲሶና የጨረቃ ሲሶ የከዋክብትም ሲሶ ተመታ፤ የእነዚህ ሲሶ ይጨልም ዘንድ፥ የቀንም ሲሶው እንዳያበራ፥ እንዲሁም የሌሊት።
e7ec12f8-1be6-5631-a17e-c68e74a33fa8,6ffcdb11-6c6a-5ef1-a469-9e3a40ceefdb,3c50d07f-775c-5aec-a3ac-2b61538152a4,8,13,አየሁም፤ አንድም ንስር በሰማይ መካከል እየበረረ በታላቅ ድምፅ “ሊነፉ ያላቸው የሦስቱ መላእክት መለከት ስለሚቀረው ድምፅ በምድር ላይ ለሚኖሩት ወዮላቸው! ወዮላቸው! ወዮላቸው!” ሲል ሰማሁ።
836b90e4-3a0c-56b5-a4a0-fe02b2de093d,f6e94c93-a77a-577a-a7c9-d1f39991faa9,dc5d82e5-5ff1-505a-a7b6-a19f2d091862,1,1,አምስተኛውም መልአክ መለከቱን ነፋ፤ ከሰማይም ወደ ምድር ወድቆ የነበረ ኮከብ አየሁ፤ የጥልቁም ጕድጓድ መክፈቻ ተሰጠው።
ef44571e-b24e-55ea-ace1-cb5b58c27f0e,f6e94c93-a77a-577a-a7c9-d1f39991faa9,dc5d82e5-5ff1-505a-a7b6-a19f2d091862,2,2,የጥልቁንም ጕድጓድ ከፈተው፤ ጢስም ከታላቅ እቶን እንደሚወጣ ጢስ ሆኖ ከጕድጓዱ ወጣ፤ ፀሐይና አየርም በጕድጓዱ ጢስ ጨለሙ።
db4c2f96-06a7-5f49-a78e-e349e13b640e,f6e94c93-a77a-577a-a7c9-d1f39991faa9,dc5d82e5-5ff1-505a-a7b6-a19f2d091862,3,3,ከጢሱም አንበጣዎች ወደ ምድር ወጡ፤ የምድርም ጊንጦች ሥልጣን እንዳላቸው ሥልጣን ተሰጣቸው።
1f6eb39b-e7cd-5f80-ab47-b072085a61d5,f6e94c93-a77a-577a-a7c9-d1f39991faa9,dc5d82e5-5ff1-505a-a7b6-a19f2d091862,4,4,የእግዚአብሔርም ማኅተም በግምባራቸው ከሌለባቸው ሰዎች በቀር በምድር ያለውን ሣር ቢሆንም ወይም ማናቸውንም የለመለመ ነገር ወይም ማናቸውንም ዛፍ እንዳይጐዱ ተባለላቸው።
1568cd84-5849-59b2-a73e-3fedc2b6eaf5,f6e94c93-a77a-577a-a7c9-d1f39991faa9,dc5d82e5-5ff1-505a-a7b6-a19f2d091862,5,5,አምስትም ወር ሊያሰቃዩአቸው ተሰጣቸው እንጂ ሊገድሉአቸው አይደለም፤ እነርሱም የሚያሠቃዩት ሥቃይ ጊንጥ ሰውን ነድፎ እንደሚያሠቃይ ነው።
ba207416-e2f8-5f4a-a518-1750648ec876,f6e94c93-a77a-577a-a7c9-d1f39991faa9,dc5d82e5-5ff1-505a-a7b6-a19f2d091862,6,6,በዚያም ወራት ሰዎች ሞትን ይፈልጋሉ፤ አያገኙትምም፤ ሊሞቱም ይመኛሉ፤ ሞትም ከእነርሱ ይሸሻል።
346c77c3-1a5e-57a6-a6a5-0b56338d6eac,f6e94c93-a77a-577a-a7c9-d1f39991faa9,dc5d82e5-5ff1-505a-a7b6-a19f2d091862,7,7,የአንበጣዎቹም መልክ ለጦርነት እንደ ተዘጋጁ ፈረሶች ነው፤ በራሳቸውም ላይ ወርቅ የሚመስሉ አክሊሎች ነበሩአቸው፤ ፊታቸውም እንደ ሰው ፊት ነበረ፤
f7efb4b5-7a94-5183-ad3d-f649fdad8106,f6e94c93-a77a-577a-a7c9-d1f39991faa9,dc5d82e5-5ff1-505a-a7b6-a19f2d091862,8,8,የሴቶችን ጠጕር የሚመስል ጠጕር ነበራቸው፤ ጥርሳቸውም እንደ አንበሳ ጥርስ ነበረ፤
593cd777-ff2e-5edc-ab9b-fe50487ced50,f6e94c93-a77a-577a-a7c9-d1f39991faa9,dc5d82e5-5ff1-505a-a7b6-a19f2d091862,9,9,የብረት ጥሩር የሚመስልም ጥሩር ነበራቸው፤ የክንፋቸውም ድምፅ ወደ ጦርነት እንደሚጋልቡ እንደ ብዙ ፈረሶች ሰረገላዎች ድምፅ ነበረ።
e5b102cd-7ffc-58f7-a578-6d3a033d8625,f6e94c93-a77a-577a-a7c9-d1f39991faa9,dc5d82e5-5ff1-505a-a7b6-a19f2d091862,10,10,እንደ ጊንጥም ጅራት ያለ ጅራት አላቸው፤ በጅራታቸውም መውጊያ አለ፤ ሰዎችንም አምስት ወር እንዲጐዱ ሥልጣን አላቸው።
0ce32aaf-10cf-53ff-ad4e-851194eff0f5,f6e94c93-a77a-577a-a7c9-d1f39991faa9,dc5d82e5-5ff1-505a-a7b6-a19f2d091862,11,11,በእነርሱም ላይ ንጉሥ አላቸው፤ እርሱም የጥልቅ መልአክ ነው፤ ስሙም በዕብራይስጥ አባዶን በግሪክም አጶልዮን ይባላል።
917048c0-0e79-5269-a2b4-1b2945310f1c,f6e94c93-a77a-577a-a7c9-d1f39991faa9,dc5d82e5-5ff1-505a-a7b6-a19f2d091862,12,12,ፊተኛው ወዮ አልፎአል፤ እነሆ ከዚህ በኋላ ገና ሁለት ወዮ ይመጣል።
87f9bbf4-2e7c-5cda-a87c-7644e313fe80,f6e94c93-a77a-577a-a7c9-d1f39991faa9,dc5d82e5-5ff1-505a-a7b6-a19f2d091862,13,13,ስድስተኛውም መልአክ መለከቱን ነፋ፤ በእግዚአብሔርም ፊት ካለ በወርቅ ከተሠራ መሠዊያ ቀንዶች አንድ ድምፅ ሰማሁ፤
2ed5669b-8a60-561c-abd3-d9f902e32197,f6e94c93-a77a-577a-a7c9-d1f39991faa9,dc5d82e5-5ff1-505a-a7b6-a19f2d091862,14,14,መለከትም ያለውን ስድስተኛውን መልአክ “በታላቁ ወንዝ በኤፍራጥስ የታሰሩትን አራቱን መላእክት ፍታቸው፤” አለው።
51ce63aa-30fe-5b88-af3f-0afc492fb8fb,f6e94c93-a77a-577a-a7c9-d1f39991faa9,dc5d82e5-5ff1-505a-a7b6-a19f2d091862,15,15,የሰዎችንም ሲሶ እንዲገድሉ ለሰዓቱና ለቀኑ ለወሩም ለዓመቱም ተዘጋጅተው የነበሩ አራቱ መላእክት ተፈቱ።
3fec72d2-3af4-5d1c-a74e-17090434bc60,f6e94c93-a77a-577a-a7c9-d1f39991faa9,dc5d82e5-5ff1-505a-a7b6-a19f2d091862,16,16,የፈረሰኞችም ጭፍራ ቁጥር ሁለት መቶ ሚሊዮን ነበረ፤ ቁጥራቸውን ሰማሁ።
a140e44e-b8e1-51a5-af42-1e525b2a1d62,f6e94c93-a77a-577a-a7c9-d1f39991faa9,dc5d82e5-5ff1-505a-a7b6-a19f2d091862,17,17,ፈረሶቹንና በእነርሱም ላይ የተቀመጡትን እንዲሁ በራእይ አየሁ፤ እሳትና ያክንት ዲንም የሚመስል ጥሩር ነበራቸው፤ የፈረሶቹም ራስ እንደ አንበሳ ራስ ነበረ፤ ከአፋቸውም እሳትና ጢስ ዲንም ወጣ።
f2ab0359-bcab-5ae5-a982-2494618687b6,f6e94c93-a77a-577a-a7c9-d1f39991faa9,dc5d82e5-5ff1-505a-a7b6-a19f2d091862,18,18,ከአፋቸውም በወጡት በእሳቱና በጢሱ በዲኑም በእነዚህ ሦስት መቅሰፍቶች የሰዎቹ ሲሶ ተገደለ።
fcbcdfd3-2b53-5f52-a887-e6eaba2f94a5,f6e94c93-a77a-577a-a7c9-d1f39991faa9,dc5d82e5-5ff1-505a-a7b6-a19f2d091862,19,19,የፈረሶቹ ሥልጣን በአፋቸውና በጅራታቸው ነውና፥ ጅራታቸው እባብን ይመስላልና፥ ራስም አላቸው፤ በእርሱም ይጐዳሉ።
8d0cda49-22df-56f3-ac7c-7e251c34cab7,f6e94c93-a77a-577a-a7c9-d1f39991faa9,dc5d82e5-5ff1-505a-a7b6-a19f2d091862,20,20,በእነዚህም መቅሠፍቶች ያልተገደሉት የቀሩቱ ሰዎች ለአጋንንትና ያዩ ወይም ይሰሙ ወይም ይሄዱ ዘንድ ለማይችሉ ከወርቅና ከብር ከናስም ከድንጋይም ከእንጨትም ለተሠሩ ለጣዖቶች እንዳይሰግዱ ስለ እጃቸው ሥራ ንስሓ አልገቡም፤
36118abe-bae8-5aa0-a1c6-0c51288d60fa,f6e94c93-a77a-577a-a7c9-d1f39991faa9,dc5d82e5-5ff1-505a-a7b6-a19f2d091862,21,21,ስለ መግደላቸውም ቢሆን ወይም ስለ አስማታቸው ወይም ስለ ዝሙታቸው ወይም ስለ ስርቆታቸው ንስሓ አልገቡም።
649b84a8-27ad-5e24-a13f-2b75561deb6d,fd5e2b19-4130-5670-ac77-8f77a40bf1a3,c6f21dab-df9a-5b20-ae6a-829dbfbec8b5,1,1,ሌላም ብርቱ መልአክ ደመና ተጐናጽፎ ከሰማይ ሲወርድ አየሁ፤ በራሱም ላይ ቀስተ ደመና ነበረ፤ ፊቱም እንደ ፀሐይ እግሮቹም እንደ እሳት ዓምዶች ነበሩ፤
0dc0c56c-b87c-5134-afc5-c1e7e04150e1,fd5e2b19-4130-5670-ac77-8f77a40bf1a3,c6f21dab-df9a-5b20-ae6a-829dbfbec8b5,2,2,የተከፈተችንም ታናሽ መጽሐፍ በእጁ ያዘ። ቀኝ እግሩንም በባሕር ላይ ግራውንም በምድር ላይ አኖረ፤ እንደሚያገሣም አንበሳ በታላቅ ድምፅ ጮኸ።
730dd961-b443-5499-a194-e4f5511ca686,fd5e2b19-4130-5670-ac77-8f77a40bf1a3,c6f21dab-df9a-5b20-ae6a-829dbfbec8b5,3,3,በጮኸም ጊዜ ሰባቱ ነጐድጓድ በየድምፃቸው ተናገሩ።
6dd7cb51-f1fe-58db-a8bc-95904d4c7152,fd5e2b19-4130-5670-ac77-8f77a40bf1a3,c6f21dab-df9a-5b20-ae6a-829dbfbec8b5,4,4,ሰባቱ ነጐድጓድ በተናገሩ ጊዜ ልጽፍ አሰብሁ፤ ከሰማይም “ሰባቱ ነጐድጓዶች የተናገሩትን ነገር በማኅተም ዝጋው፤ አትጻፈውም፤” የሚል ድምፅ ሰማሁ።
af658b67-fc9d-5687-a35d-cea9334a9317,fd5e2b19-4130-5670-ac77-8f77a40bf1a3,c6f21dab-df9a-5b20-ae6a-829dbfbec8b5,5,5,በባሕርና በምድርም ላይ ሲቆም ያየሁት መልአክ ቀኝ እጁን ወደ ሰማይ አሻቅቦ ዘረጋ፤
058f1a1a-1d69-52a9-aa9b-e72e9e90e24d,fd5e2b19-4130-5670-ac77-8f77a40bf1a3,c6f21dab-df9a-5b20-ae6a-829dbfbec8b5,6,6,ሰማይንና በእርሱም ያሉትን፥ ምድርንና በእርስዋም ያሉትን፥ ባሕርንና በእርሱም ያሉትን በፈጠረው፥ ከዘላለምም እስከ ዘላለም ድረስ ሕያው ሆኖ በሚኖረው ምሎ
4201a9bc-2c7f-5399-adc3-9f10fa20d710,fd5e2b19-4130-5670-ac77-8f77a40bf1a3,c6f21dab-df9a-5b20-ae6a-829dbfbec8b5,7,7,“ወደ ፊት አይዘገይም፤ ዳሩ ግን ሰባተኛው መልአክ ሊነፋ ባለው ጊዜ ድምፁም በሚሰማበት ዘመን፥ ለባሪያዎቹ ለነቢያት የምስራች እንደ ሰበከላቸው የእግዚአብሔር ምሥጢር ይፈጸማል፤” አለ።
71a3358b-2c1c-5bb4-ac24-0f8ee9df324a,fd5e2b19-4130-5670-ac77-8f77a40bf1a3,c6f21dab-df9a-5b20-ae6a-829dbfbec8b5,8,8,ከሰማይም የሰማሁት ድምፅ እንደ ገና ሲናገረኝና “ሂድና በባሕርና በምድር ላይ ከሚቆመው መልአክ በእጁ ያለችውን የተከፈተችውን መጽሐፍ ውሰድ፤” ሲል ሰማሁ።
7e9f51a5-97ef-59b3-a6ae-85af05a58152,fd5e2b19-4130-5670-ac77-8f77a40bf1a3,c6f21dab-df9a-5b20-ae6a-829dbfbec8b5,9,9,ወደ መልአኩም ሄጄ “ታናሺቱን መጽሐፍ ስጠኝ፤” አልሁት። እርሱም “ውሰድና ብላት፤ ሆድህንም መራራ ታደርገዋለች፤ በአፍህ ግን እንደ ማር ትጣፍጣለች፤” አለኝ።
b9ca1e56-e617-550d-ad7c-60fd5ef26d6e,fd5e2b19-4130-5670-ac77-8f77a40bf1a3,c6f21dab-df9a-5b20-ae6a-829dbfbec8b5,10,10,ከመልአኩም እጅ ታናሺቱን መጽሐፍ ወስጄ በላኋት፤ በአፌም እንደ ማር ጣፋጭ ሆነች፤ ከበላኋት በኋላም ሆዴ መራራ ሆነ።
ebd65fc6-e137-5865-a888-427904b2c8b7,fd5e2b19-4130-5670-ac77-8f77a40bf1a3,c6f21dab-df9a-5b20-ae6a-829dbfbec8b5,11,11,“በብዙ ወገኖችና በአሕዛብም በቋንቋዎችም በነገሥታትም ላይ እንደ ገና ትንቢት ትናገር ዘንድ ይገባሃል፤” ተባልሁ።
228d843b-ee3c-5325-aa65-d11e1c179a1c,8879f715-30e7-55eb-aef1-2f5cb8afdc1d,de311d07-cd03-5fb8-a1d3-96420d51c091,1,1,በትር የሚመስል መለኪያ ለእኔ ተሰጠኝ፤ እንዲህም ተባልሁ “ተነሥተህ የእግዚአብሔርን መቅደስና መሠዊያውን በዚያም የሚሰግዱትን ለካ።
3bd29f4c-37e5-5ec8-ab29-e648e1c7bc32,8879f715-30e7-55eb-aef1-2f5cb8afdc1d,de311d07-cd03-5fb8-a1d3-96420d51c091,2,2,በመቅደሱም ውጭ ያለው እድሞ ለአሕዛብ ተሰጥቶአልና ተወው፤ አትለካውም፤ እነርሱም አርባ ሁለት ወር የተቀደሰችውን ከተማ ይረግጡአታል።
5bb13c03-9d83-578d-adbe-3c0618003db2,8879f715-30e7-55eb-aef1-2f5cb8afdc1d,de311d07-cd03-5fb8-a1d3-96420d51c091,3,3,ለሁለቱም ምስክሮቼ ማቅ ለብሰው ሺህ ከሁለት መቶ ስድሳ ቀን ትንቢት ሊናገሩ እሰጣለሁ።”
d43ff4a8-03ad-5dce-a614-04f9afbeb5d8,8879f715-30e7-55eb-aef1-2f5cb8afdc1d,de311d07-cd03-5fb8-a1d3-96420d51c091,4,4,እነዚህ በምድር ጌታ ፊት የሚቆሙ ሁለቱ ወይራዎችና ሁለቱ መቅረዞች ናቸው።
5e1748c9-dff9-5732-aa58-483875b0bcd5,8879f715-30e7-55eb-aef1-2f5cb8afdc1d,de311d07-cd03-5fb8-a1d3-96420d51c091,5,5,ማንምም ሊጐዳቸው ቢወድ እሳት ከአፋቸው ይወጣል፤ ጠላቶቻቸውንም ይበላል፤ ማንም ሊጐዳቸው ቢወድም እንዲሁ ሊገደል ይገባዋል።
ae14bb23-69e4-54a2-a62f-472c6af62b03,8879f715-30e7-55eb-aef1-2f5cb8afdc1d,de311d07-cd03-5fb8-a1d3-96420d51c091,6,6,እነዚህ ትንቢት በሚናገሩበት ወራት ዝናብ እንዳይዘንብ ሰማይን ሊዘጉ ሥልጣን አላቸው፤ ውሕሃዎችንም ወደ ደም ሊለውጡ በሚፈልጉበትም ጊዜ ሁሉ በመቅሠፍት ሁሉ ምድርን ሊመቱ ሥልጣን አላቸው።
e6f56130-4bca-5dbd-a4c6-5d425f8a6c5e,8879f715-30e7-55eb-aef1-2f5cb8afdc1d,de311d07-cd03-5fb8-a1d3-96420d51c091,7,7,ምስክራቸውን ከፈጸሙ በኋላ ከጥልቁ የሚወጣው አውሬ ይዋጋቸዋል፤ ያሸንፋቸውማል፤ ይገድላቸውማል።
de09b4b5-0c5f-50ce-aeb6-68db6b099558,8879f715-30e7-55eb-aef1-2f5cb8afdc1d,de311d07-cd03-5fb8-a1d3-96420d51c091,8,8,በድናቸውም በታላቂቱ ከተማ አደባባይ ይተኛል፤ እርስዋም በመንፈሳዊ ምሳሌ ሰዶምና ግብጽ የተባለች ደግሞ ጌታቸው የተሰቀለባት ናት።
ce077da9-8e4a-52c0-ac73-cdb0774fc184,8879f715-30e7-55eb-aef1-2f5cb8afdc1d,de311d07-cd03-5fb8-a1d3-96420d51c091,9,9,ከወገኖችና ከነገዶችም ከቋንቋዎችም ከአሕዛብም የሆኑ ሰዎች ሦስት ቀን ተኵል በድናቸውን ይመለከታሉ፤ በድናቸውም ወደ መቃብር ሊገባ አይፈቅዱም።
97e55d00-0da2-54d2-a149-a27b66357814,8879f715-30e7-55eb-aef1-2f5cb8afdc1d,de311d07-cd03-5fb8-a1d3-96420d51c091,10,10,እነዚህም ሁለት ነቢያት በምድር የሚኖሩትን ስላሠቃዩ በምድር የሚኖሩት በእነርሱ ላይ ደስ ይላቸዋል፤ በደስታም ይኖራሉ፤ እርስ በርሳቸውም ስጦታ ይሰጣጣሉ።
8d5e72e0-dffa-5d29-aad8-78b1b4b7d735,8879f715-30e7-55eb-aef1-2f5cb8afdc1d,de311d07-cd03-5fb8-a1d3-96420d51c091,11,11,ከሦስቱ ቀን ተኵልም በኋላ ከእግዚአብሔር የወጣ የሕይወት መንፈስ ገባባቸው፤ በእግሮቻቸውም ቆሙ፤ ታላቅም ፍርሃት በሚመለከቱት ላይ ወደቀባቸው።
1db4071a-3da9-5a9c-ada0-23cf6f4f616d,8879f715-30e7-55eb-aef1-2f5cb8afdc1d,de311d07-cd03-5fb8-a1d3-96420d51c091,12,12,በሰማይም “ወደዚህ ውጡ” የሚላቸውን ታላቅ ድምፅ ሰሙ፤ ጠላቶቻቸውም እየተመለከቱአቸው ወደ ሰማይ በደመና ወጡ።
8f209259-c4a4-5b2b-af74-40a7617aa58b,8879f715-30e7-55eb-aef1-2f5cb8afdc1d,de311d07-cd03-5fb8-a1d3-96420d51c091,13,13,በዚያም ሰዓት ታላቅ የምድር መናወጥ ሆነ፤ ከከተማይቱም ዐሥረኛው እጅ ወደቀ፤ በመናወጥም ሰባት ሺህ ሰዎች ተገደሉ፤ የቀሩትንም ፍርሃት ያዛቸው፤ ለሰማዩም አምላክ ክብር ሰጡ።
4f91ce52-3294-5b21-af49-7d620d179904,8879f715-30e7-55eb-aef1-2f5cb8afdc1d,de311d07-cd03-5fb8-a1d3-96420d51c091,14,14,ሁለተኛው ወዮ አልፎአል፤ እነሆ ሦስተኛው ወዮ በቶሎ ይመጣል።
9bd135f5-3b0c-5cbc-a5a9-1a1f4ea88c69,8879f715-30e7-55eb-aef1-2f5cb8afdc1d,a6e2ac8b-53c0-500d-a80d-d8d969169ed4,1,15,ሰባተኛው መልአክ መለከቱን ነፋ፤ በሰማይም
7e6b2f13-a22e-52c3-ad7a-790f2d47d203,8879f715-30e7-55eb-aef1-2f5cb8afdc1d,a6e2ac8b-53c0-500d-a80d-d8d969169ed4,2,19,በሰማይም ያለው የእግዚአብሔር መቅደስ ተከፈተ፤ የኪዳኑም ታቦት በመቅደሱ ታየ፤ መብረቅና ድምፅም ነጐድጓድም የምድርም መናወጥ ታላቅም በረዶ ሆነ።
93921f8a-0da0-55f4-aa63-b81a7a1440a5,b75d73ee-faa1-5dba-abb5-c71b7d51d601,b2d2d368-f187-5aea-a019-a28b811839af,1,1,ታላቅ ምልክትም በሰማይ ታየ፤ ፀሐይን ተጐናጽፋ ጨረቃ ከእግሮችዋ በታች ያላት በራስዋም ላይ የዐሥራ ሁለት ከዋክብት አክሊል የተቀዳጀች አንዲት ሴት ነበረች።
12b5d490-82ff-509d-a258-cfeb22a77d63,b75d73ee-faa1-5dba-abb5-c71b7d51d601,b2d2d368-f187-5aea-a019-a28b811839af,2,2,እርስዋም ፀንሳ ነበር፤ ምጥም ተይዛ ልትወልድ ተጭንቃ ጮኸች።
75b4837d-cd45-5143-a672-6089288dcbd5,b75d73ee-faa1-5dba-abb5-c71b7d51d601,b2d2d368-f187-5aea-a019-a28b811839af,3,3,ሌላም ምልክት በሰማይ ታየ፤ ይኸውም ታላቅ ቀይ ዘንዶነው፤ ሰባት ራሶችና ዐሥር ቀንዶችም ነበሩት፤ በራሶቹም ላይ ሰባት ዘውዶች ነበሩ፤
1de841fb-9bc1-50db-a789-62abea3f3d15,b75d73ee-faa1-5dba-abb5-c71b7d51d601,b2d2d368-f187-5aea-a019-a28b811839af,4,4,ጅራቱም የሰማይን ከዋክብት ሲሶ እየሳበ ወደ ምድር ጣላቸው። ዘንዶውም ሴቲቱ በወለደች ጊዜ ሕፃንዋን እንዲበላ ልትወልድ ባላት ሴት ፊት ቆመ።
8de005d6-1ff4-5444-a375-bacce55f1374,b75d73ee-faa1-5dba-abb5-c71b7d51d601,b2d2d368-f187-5aea-a019-a28b811839af,5,5,አሕዛብንም ሁሉ በብረት በትር ይገዛቸው ዘንድ ያለውን ልጅ ወንድ ልጅ ወለደች፤ ልጅዋም ወደ እግዚአብሔርና ወደ ዙፋኑ ተነጠቀ።
94bec430-2a8d-5af5-a62e-d5c9d67ebf1f,b75d73ee-faa1-5dba-abb5-c71b7d51d601,b2d2d368-f187-5aea-a019-a28b811839af,6,6,ሴቲቱም ሺህ ከሁለት መቶ ስድሳ ቀን በዚያ እንዲመግቡአት በእግዚአብሔር ተዘጋጅቶላት ወደ ነበረው ስፍራ ወደ በረሓ ሸሸች።
dee8c11f-5d13-5058-ab97-902461e5c451,b75d73ee-faa1-5dba-abb5-c71b7d51d601,b2d2d368-f187-5aea-a019-a28b811839af,7,7,በሰማይም ሰልፍ ሆነ፤ ሚካኤልና መላእክቱ ዘንዶውን ተዋጉ። ዘንዶውም ከመላእክቱ ጋር ተዋጋ፤
9dff7396-b9ec-5dd1-a833-8d410ee39cac,b75d73ee-faa1-5dba-abb5-c71b7d51d601,b2d2d368-f187-5aea-a019-a28b811839af,8,8,አልቻላቸውምም፤ ከዚያም ወዲያ በሰማይ ስፍራ አልተገኘላቸውም።
107170b3-2ba0-560e-ae90-50c3348278ff,b75d73ee-faa1-5dba-abb5-c71b7d51d601,b2d2d368-f187-5aea-a019-a28b811839af,9,9,ዓለሙንም ሁሉ የሚያስተው፥ ዲያብሎስና ሰይጣን የሚባለው ታላቁ ዘንዶ እርሱም የቀደመው እባብ ተጣለ፤ ወደ ምድር ተጣለ፤ መላእክቱም ከእርሱ ጋር ተጣሉ።
a5aa95da-0d01-560e-a6d4-f776d0abfb9b,b75d73ee-faa1-5dba-abb5-c71b7d51d601,b2d2d368-f187-5aea-a019-a28b811839af,10,10,ታላቅም ድምፅ በሰማይ ሰማሁ፤ እንዲህ ሲል
6311321d-e4d5-5445-ad3c-42d78b5a2b58,b75d73ee-faa1-5dba-abb5-c71b7d51d601,b2d2d368-f187-5aea-a019-a28b811839af,11,13,ዘንዶውም ወደ ምድር እንደ ተጣለ ባየ ጊዜ ወንድ ልጅ የወለደችውን ሴት አሳደዳት።
77b44ac4-4125-5b18-a285-2ee2559f5213,b75d73ee-faa1-5dba-abb5-c71b7d51d601,b2d2d368-f187-5aea-a019-a28b811839af,12,14,ከእባቡም ፊት ርቃ አንድ ዘመን፥ ዘመናትም፥ የዘመንም እኵሌታ ወደ ምትመገብበት ወደ ስፍራዋ ወደ በረሓ እንድትበር ለሴቲቱ ሁለት የታላቁ ንሥር ክንፎች ተሰጣት።
913fa9df-66ac-5a8a-a6dc-690524d93fba,b75d73ee-faa1-5dba-abb5-c71b7d51d601,b2d2d368-f187-5aea-a019-a28b811839af,13,15,እባቡም ሴቲቱ በወንዝ እንድትወሰድ ሊያደርግ ወንዝ የሚያህልን ውሃ ከአፉ በስተ ኋላዋ አፈሰሰ።
50ff29db-4d1f-512c-a5db-8671739b8071,b75d73ee-faa1-5dba-abb5-c71b7d51d601,b2d2d368-f187-5aea-a019-a28b811839af,14,16,ምድሪቱም ሴቲቱን ረዳቻት፤ ምድሪቱም አፍዋን ከፍታ ዘንዶው ከአፉ ያፈሰሰውን ወንዝ ዋጠችው።
cbdabe6e-3286-549f-af97-306bbe7aef55,b75d73ee-faa1-5dba-abb5-c71b7d51d601,b2d2d368-f187-5aea-a019-a28b811839af,15,17,ዘንዶውም በሴቲቱ ላይ ተቈጥቶ የእግዚአብሔርን ትእዛዛት የሚጠብቁትን የኢየሱስም ምስክር ያላቸውን ከዘርዋ የቀሩትን ሊዋጋ ሄደ፤
f19644fe-b6e9-5bdc-a9ff-592686fe470a,b75d73ee-faa1-5dba-abb5-c71b7d51d601,b2d2d368-f187-5aea-a019-a28b811839af,16,18,በባሕርም አሸዋ ላይ ቆመ።
794f323f-0022-5055-a4a2-f68925f9441f,96a40aa1-b864-565c-a544-b9b63565622b,e3757379-e5d1-5fb5-a8f9-ab44d04abc58,1,1,አንድም አውሬ ከባሕር ሲወጣ አየሁ፤ ዐሥር ቀንዶችና ሰባት ራሶች ነበሩት፤ በቀንዶቹም ላይ ዐሥር ዘውዶች በራሶቹም ላይ የስድብ ስም ነበረ።
8291b77a-451f-520f-ae4f-6c2274468819,96a40aa1-b864-565c-a544-b9b63565622b,e3757379-e5d1-5fb5-a8f9-ab44d04abc58,2,2,ያየሁትም አውሬ ነብር ይመስል ነበር፤ እግሮቹም እንደ ድብ እግሮች፥ አፉም እንደ አንበሳ አፍ ነበሩ። ዘንዶውም ኀይሉንና ዙፋኑን ትልቅም ሥልጣን ሰጠው።
40f10018-ea0b-51a8-a42a-4d721ba2bc38,96a40aa1-b864-565c-a544-b9b63565622b,e3757379-e5d1-5fb5-a8f9-ab44d04abc58,3,3,ከራሶቹም ለሞት እንደ ታረደ ሆኖ አንዱን አየሁ፤ ለሞቱ የሆነውም ቍስል ተፈወሰ። ምድርም ሁሉ አውሬውን እየተከተለ ተደነቀ፤
bb166a95-c84c-5300-aad6-e32b70b2116f,96a40aa1-b864-565c-a544-b9b63565622b,e3757379-e5d1-5fb5-a8f9-ab44d04abc58,4,4,ለዘንዶውም ሰገዱለት፤ ለአውሬው ሥልጣንን ሰጥቶታልና፤ ለአውሬውም “አውሬውን ማን ይመስለዋል? እርሱንስ ሊዋጋ ማን ይችላል?” እያሉ ሰገዱለት።
1c359daf-c2fd-5a2f-a2b6-19ddc9c3f215,96a40aa1-b864-565c-a544-b9b63565622b,e3757379-e5d1-5fb5-a8f9-ab44d04abc58,5,5,ታላቅንም ነገርና ስድብን የሚናገርበት አፍ ተሰጠው፤ በአርባ ሁለት ወርም እንዲሠራ ሥልጣን ተሰጠው።
9d6c70e3-5e53-5d2a-a7dc-df83d09ce215,96a40aa1-b864-565c-a544-b9b63565622b,e3757379-e5d1-5fb5-a8f9-ab44d04abc58,6,6,እግዚአብሔርንም ለመሳደብ ስሙንና ማደሪያውንም በሰማይም የሚያድሩትን ሊሳደብ አፉን ከፈተ።
0cb41162-f88b-5ea2-a3c6-b282dbbf337a,96a40aa1-b864-565c-a544-b9b63565622b,e3757379-e5d1-5fb5-a8f9-ab44d04abc58,7,7,ቅዱሳንንም ይዋጋ ዘንድ ድልም ያደርጋቸው ዘንድ ተሰጠው፤ በነገድና በወገንም በቋንቋም በሕዝብም ሁሉ ላይ ሥልጣን ተሰጠው።
02f469ad-238e-5acc-a87d-123185049b41,96a40aa1-b864-565c-a544-b9b63565622b,e3757379-e5d1-5fb5-a8f9-ab44d04abc58,8,8,ከዓለምም ፍጥረት ጀምሮ በታረደው በግ ሕይወት መጽሐፍ ስሞቻቸው ያልተጻፉ በምድር የሚኖሩ ሁሉ ይሰግዱለታል።
ae90787f-6093-5dc1-af61-f85287a2df12,96a40aa1-b864-565c-a544-b9b63565622b,e3757379-e5d1-5fb5-a8f9-ab44d04abc58,9,9,ጆሮ ያለው ቢኖር ይስማ።
d21d314a-6be5-53ea-a80d-c8fb888cd55f,96a40aa1-b864-565c-a544-b9b63565622b,e3757379-e5d1-5fb5-a8f9-ab44d04abc58,10,10,ይማረክ ዘንድ ያለው ማንም ቢኖር ወደ ምርኮነት ይሄዳል፤ በሰይፍ የሚገድል ማንም ቢኖር ራሱ በሰይፍ እንዲገደል ይገባዋል። የቅዱሳን ትዕግሥትና እምነት በዚህ ነው።
09d72bb3-2d20-5948-a6df-beed7c4cb8de,96a40aa1-b864-565c-a544-b9b63565622b,e3757379-e5d1-5fb5-a8f9-ab44d04abc58,11,11,ሌላም አውሬ ከምድር ሲወጣ አየሁ፤ የበግ ቀንዶችን የሚመስሉ ሁለት ቀንዶችም ነበሩት እንደ ዘንዶም ይናገር ነበር።
d7e8789c-6bbc-50b8-adc4-5c1d14d45d13,96a40aa1-b864-565c-a544-b9b63565622b,e3757379-e5d1-5fb5-a8f9-ab44d04abc58,12,12,በፊተኛውም አውሬ ሥልጣን በእርሱ ፊት ሁሉን ያደርጋል። ለሞቱ የሆነውም ቍስል ተፈወሰለት፤ ለፊተኛው አውሬ ምድርና በእርሱ የሚኖሩት እንዲሰግዱለት ያደርጋል።
ca15c789-90f5-50be-a969-85f7a1bef4c5,96a40aa1-b864-565c-a544-b9b63565622b,e3757379-e5d1-5fb5-a8f9-ab44d04abc58,13,13,እሳትንም እንኳ ከሰማይ ወደ ምድር በሰው ፊት እስኪያወርድ ድረስ ታላላቆችን ምልክቶች ያደርጋል።
096bcd77-bf56-5c18-ab6d-d0bb8a6089ad,96a40aa1-b864-565c-a544-b9b63565622b,e3757379-e5d1-5fb5-a8f9-ab44d04abc58,14,14,በአውሬውም ፊት ያደርግ ዘንድ ከተሰጡት ምልክቶች የተነሣ በምድር የሚኖሩትን ያስታል፤ የሰይፍም ቍስል ለነበረውና በሕይወት ለኖረው ለአውሬው ምስልን እንዲያደርጉ በምድር የሚኖሩትን ይናገራል።
f56161ba-4dc8-5d68-aa96-224df01b4086,96a40aa1-b864-565c-a544-b9b63565622b,e3757379-e5d1-5fb5-a8f9-ab44d04abc58,15,15,የአውሬው ምስል ሊናገር እንኳ ለአውሬውም ምስል የማይሰግዱለትን ሁሉ ሊያስገድላቸው፥ ለአውሬው ምስል ትንፋሽ እንዲሰጠው ተሰጠው።
d38f7317-c409-524e-a69a-4a96612a932f,96a40aa1-b864-565c-a544-b9b63565622b,e3757379-e5d1-5fb5-a8f9-ab44d04abc58,16,16,ታናናሾችና ታላላቆችም ባለጠጋዎችና ድሆችም ጌታዎችና ባሪያዎችም ሁሉ በቀኝ እጃቸው ወይም በግምባራቸው ምልክትን እንዲቀበሉ፥
7b3c05fa-f661-59f2-a3bd-ff0def87902a,96a40aa1-b864-565c-a544-b9b63565622b,e3757379-e5d1-5fb5-a8f9-ab44d04abc58,17,17,የአውሬውም ስም ወይም የስሙ ቍጥር ያለው ምልክት የሌለበት ማንም ሊገዛ ወይም ሊሸጥ እንዳይችል ያደርጋል።
71af0f4a-aecc-5acb-a26f-2f2fc6e8d976,96a40aa1-b864-565c-a544-b9b63565622b,e3757379-e5d1-5fb5-a8f9-ab44d04abc58,18,18,ጥበብ በዚህ አለ። አእምሮ ያለው የአውሬውን ቍጥር ይቍጠረው፤ ቍጥሩ የሰው ቍጥር ነውና፤ ቍጥሩም ስድስት መቶ ስድሳ ስድስት ነው።
0dc47a6a-ecdc-5356-aaf3-8d9dcca9529f,fe929a58-fe27-500f-a6bb-c816934d3dfe,d21f8928-34e0-51c8-a281-32be1949516b,1,1,አየሁም፤ እነሆም በጉ በጽዮን ተራራ ቆሞ ነበር፤ ከእርሱም ጋር ስሙና የአባቱ ስም በግምባራቸው የተጻፈላቸው መቶ አርባ አራት ሺህ ነበሩ።
0ab502e6-6f8c-5d10-abd0-d19ca71ce586,fe929a58-fe27-500f-a6bb-c816934d3dfe,d21f8928-34e0-51c8-a281-32be1949516b,2,2,እንደ ብዙ ውሃም ድምፅና እንደ ታላቅ ነጐድጓድ ድምፅ ያለ ከሰማይ ድምፅን ሰማሁ፤ ደርዳሪዎችም በገና እንደሚደረድሩ ያለ ድምፅ ሰማሁ።
93efe05e-000b-5013-a177-f3bdd3061508,fe929a58-fe27-500f-a6bb-c816934d3dfe,d21f8928-34e0-51c8-a281-32be1949516b,3,3,በዙፋኑም ፊት በአራቱም እንስሶችና በሽማግሌዎቹ ፊት አዲስ ቅኔ ዘመሩ፤ ከምድርም ከተዋጁት ከመቶ አርባ አራት ሺህ በቀር ያን ቅኔ ሊማር ለማንም አልተቻለውም።
1825b3e8-58f9-5a27-a71e-fcd9b63d683d,fe929a58-fe27-500f-a6bb-c816934d3dfe,d21f8928-34e0-51c8-a281-32be1949516b,4,4,ከሴቶች ጋር ያልረከሱ እነዚህ ናቸው፤ ድንግሎች ናቸውና። በጉ ወደሚሄድበት የሚከተሉት እነዚህ ናቸው። ለእግዚአብሔርና ለበጉ በኵራት እንዲሆኑ ከሰዎች የተዋጁ እነዚህ ናቸው።
af5589e9-853a-5609-a781-8afc7eb3a6f7,fe929a58-fe27-500f-a6bb-c816934d3dfe,d21f8928-34e0-51c8-a281-32be1949516b,5,5,በአፋቸውም ውሸት አልተገኘም፤ ነውር የለባቸውም።
e9f91123-ddb9-5b01-adb7-057ab6f6720e,fe929a58-fe27-500f-a6bb-c816934d3dfe,2c95e6cb-0a94-5259-a82d-af45ab5d86dd,1,6,በምድርም ለሚኖሩ ለሕዝብም ለነገድም ለቋንቋም ለወገንም ሁሉ ይሰብክ ዘንድ የዘላለም ወንጌል ያለው ሌላ መልአክ ከሰማይ መካከል ሲበር አየሁ፤
8dc1322d-0898-5855-aa5b-b8fdaec64601,fe929a58-fe27-500f-a6bb-c816934d3dfe,2c95e6cb-0a94-5259-a82d-af45ab5d86dd,2,7,በታላቅ ድምፅም “የፍርዱ ሰዓት ደርሶአልና እግዚአብሔርን ፍሩ፤ ክብርንም ስጡት፤ ሰማይንና ምድርንም ባሕርንም የውሃንም ምንጮች ለሠራው ስገዱለት፤” አለ።
c820f4e3-52ab-5825-aeb5-62fa3e52e826,fe929a58-fe27-500f-a6bb-c816934d3dfe,2c95e6cb-0a94-5259-a82d-af45ab5d86dd,3,8,ሌላም ሁለተኛ መልአክ “አሕዛብን ሁሉ የዝሙትዋን ቍጣ ወይን ጠጅ ያጠጣች ታላቂቱ ባቢሎን ወደቀች! ወደቀች!” እያለ ተከተለው።
22a3c10f-a5d1-55f6-a584-8ec148337852,fe929a58-fe27-500f-a6bb-c816934d3dfe,2c95e6cb-0a94-5259-a82d-af45ab5d86dd,4,9,ሦስተኛም መልአክ በታላቅ ድምፅ እንዲህ እያለ ተከተላቸው፤ “ለአውሬውና ለምስሉ የሚሰግድ በግምባሩም ወይም በእጁ ምልክቱን የሚቀበል ማንም ቢኖር፥
bec69e3a-fac6-5e58-a206-bfa4bd38ac77,fe929a58-fe27-500f-a6bb-c816934d3dfe,2c95e6cb-0a94-5259-a82d-af45ab5d86dd,5,10,እርሱ ደግሞ በቍጣው ጽዋ ሳይቀላቅል ከተዘጋጀው ከእግዚአብሔር ቍጣ ወይን ጠጅ ይጠጣል፤ በቅዱሳንም መላእክትና በበጉ ፊት በእሳትና በዲን ይሰቃያል።
03b276df-c40c-570b-a5ed-1e9425e063e9,fe929a58-fe27-500f-a6bb-c816934d3dfe,2c95e6cb-0a94-5259-a82d-af45ab5d86dd,6,11,የሥቃያቸውም ጢስ ለዘላለም እስከ ዘላለም ድረስ ይወጣል፤ ለአውሬውና ለምስሉም የሚሰግዱ የስሙንም ምልክት የሚቀበል ሁሉ ቀንና ሌሊት ዕረፍት የላቸውም።”
96d96c15-9a52-59b5-a342-91da650e322a,fe929a58-fe27-500f-a6bb-c816934d3dfe,2c95e6cb-0a94-5259-a82d-af45ab5d86dd,7,12,የእግዚአብሔርን ትእዛዛት የሚጠብቁት ኢየሱስንም በማመን የሚጸኑት ቅዱሳን ትዕግሥታቸው በዚህ ነው።
46133b05-bc7e-5a76-a010-dbafd9815f84,fe929a58-fe27-500f-a6bb-c816934d3dfe,2c95e6cb-0a94-5259-a82d-af45ab5d86dd,8,13,ከሰማይም እንዲህ የሚል ድምፅ ሰማሁ። “ይህንን ጻፍ፡ ከእንግዲህ ወዲህ በጌታ የሚሞቱ ሙታን ብፁዓን ናቸው።” መንፈስም “አዎን! ከድካማቸው ያርፉ ዘንድ፥ ሥራቸውም ይከተላቸዋል፤” ይላል።
865fb05e-2608-56ac-a4bd-00571fcb1045,fe929a58-fe27-500f-a6bb-c816934d3dfe,62279e72-1c7d-5a5f-a258-9be1515f9f96,1,14,አየሁም፤ እነሆም ነጭ ደመና በደመናውም ላይ የሰውን ልጅ የሚመስል ተቀምጦአል፤ በራሱም ላይ የወርቅ አክሊል በእጁም ስለታም ማጭድ ነበረው።
8a2626f8-24ae-5d9e-a3aa-516cd566472e,fe929a58-fe27-500f-a6bb-c816934d3dfe,62279e72-1c7d-5a5f-a258-9be1515f9f96,2,15,ሌላ መልአክም ከመቅደሱ ወጥቶ በደመናው ላይ ለተቀመጠው “የማጨድ ሰዓት ስለ ደረሰ ማጭድህን ስደድና እጨድ፤ የምድሪቱ መከር ጠውልጓልና፤” ብሎ በታላቅ ድምፅ ጮኸ።
10108be0-f93d-5a92-a798-09a331a912f6,fe929a58-fe27-500f-a6bb-c816934d3dfe,62279e72-1c7d-5a5f-a258-9be1515f9f96,3,16,በደመናውም ላይ የተቀመጠው ማጭዱን ወደ ምድር ጣለው፤ ምድርም ታጨደች።
33304151-8836-575e-a161-dafc9839b594,fe929a58-fe27-500f-a6bb-c816934d3dfe,62279e72-1c7d-5a5f-a258-9be1515f9f96,4,17,ሌላ መልአክም በሰማይ ካለው መቅደስ ወጣ፤ እርሱም ደግሞ ስለታም ማጭድ ነበረው።
0d96748f-46f1-5c3c-a0c6-dedf343104b3,fe929a58-fe27-500f-a6bb-c816934d3dfe,62279e72-1c7d-5a5f-a258-9be1515f9f96,5,18,በእሳትም ላይ ሥልጣን ያለው ሌላ መልአክ ከመሠዊያው ወጥቶ ስለታም ማጭድ ያለውን “ዘለላዎቹ ፈጽመው በስለዋልና ስለታሙን ማጭድህን ስደድና በምድር ያለውን የወይን ዛፍ ዘለላዎች ቍረጥ፤” ብሎ በታላቅ ድምፅ ጠራ።
08a39919-c0ad-50b8-a84c-e8f87d2c44ed,fe929a58-fe27-500f-a6bb-c816934d3dfe,62279e72-1c7d-5a5f-a258-9be1515f9f96,6,19,መልአኩም ማጭዱን ወደ ምድር ጣለው፤ በምድርም ካለው ከወይን ዛፍ ቈርጦ ወደ ታላቁ ወደ እግዚአብሔር ቍጣ መጥመቂያ ጣለ።
ce0ee4fe-acd2-534b-ac72-a18c47bee31a,fe929a58-fe27-500f-a6bb-c816934d3dfe,62279e72-1c7d-5a5f-a258-9be1515f9f96,7,20,የወይኑም መጥመቂያ ከከተማ ውጭ ተረገጠ፤ እስከ ፈረሶች ልጓምም የሚደርስ ደም ርቀቱ ሺህ ስድስት መቶ ምዕራፍ ሆኖ ከመጥመቂያው ወጣ።
13c41896-d858-5796-ab0a-a188ec0ec356,6e16fc82-4b30-50e9-a956-02cf7bc4dbab,10b9d354-45e3-53cd-a762-ffb793f2b65a,1,1,ሌላም ታላቅና ድንቅ ምልክት በሰማይ አየሁ፤ የእግዚአብሔር ቍጣ በእነርሱ ስለሚፈጸም ኋለኛዎቹን ሰባት መቅሠፍቶች የያዙ ሰባት መላእክት ታዩ።
40669b73-6deb-5df0-a00f-a59cf4b79a31,6e16fc82-4b30-50e9-a956-02cf7bc4dbab,10b9d354-45e3-53cd-a762-ffb793f2b65a,2,2,በእሳትም የተቀላቀለውን የብርጭቆ ባሕር የሚመስለውን አየሁ፤ በአውሬውና በምስሉም በስሙም ቍጥር ላይ ድል ነሥተው የነበሩት የእግዚአብሔርን በገና ይዘው በብርጭቆ ባሕር ላይ ሲቆሙ አየሁ።
7e165995-3e4f-5a07-a0a9-095e4bb3a176,6e16fc82-4b30-50e9-a956-02cf7bc4dbab,10b9d354-45e3-53cd-a762-ffb793f2b65a,3,5,ከዚህም በኋላ አየሁ፤ የምስክርም ድንኳን መቅደስ በሰማይ ተከፈተ፤
dd75f2c1-00be-5226-afc6-bf1691c11508,6e16fc82-4b30-50e9-a956-02cf7bc4dbab,10b9d354-45e3-53cd-a762-ffb793f2b65a,4,6,ሰባቱንም መቅሠፍት የያዙ ሰባቱ መላእክት ከመቅደሱ ወጡ፤ ከተልባ እግርም የተሠራ ጥሩ የጌጥ ልብስ ለበሱ፤ ደረታቸውንም በወርቅ መታጠቂያ ታጠቁ።
df5e62b3-5f13-5ba9-af7c-000fc6315f46,6e16fc82-4b30-50e9-a956-02cf7bc4dbab,10b9d354-45e3-53cd-a762-ffb793f2b65a,5,7,ከአራቱም እንስሶች አንዱ ከዘላለም እስከ ዘላለም ድረስ የሚኖር የእግዚአሔር ቍጣ የሞላባቸውን ሰባት የወርቅ ጽዋዎች ለሰባቱ መላእክት ሰጣቸው።
f5611dca-9793-579e-a5aa-4ce8bab37cf2,6e16fc82-4b30-50e9-a956-02cf7bc4dbab,10b9d354-45e3-53cd-a762-ffb793f2b65a,6,8,ከእግዚአብሔርም ክብርና ከኀይሉ ጢስ በመቅደሱ ሞላበት፤ የሰባቱ መላእክት ሰባቱ መቅሰፍት እስኪፈጸሙ ድረስ አንድ እንኳ ወደ መቅደሱ ይገባ ዘንድ አልቻለም።
a0e0ed08-5d40-5665-a0f0-7261c247ad42,1082c020-f7d0-5661-a94c-9f1545677390,cd1b7e3b-5aa9-58a2-ae18-839c16359f04,1,1,ለሰባቱም መላእክት “ሄዳችሁ የእግዚአብሔርን ቁጣ ጽዋዎች በምድር ውስጥ አፍስሱ፤” የሚል ታላቅ ድምፅ ከመቅደሱ ሰማሁ።
d346e2c2-1659-59c9-a393-1603f9baa1e8,1082c020-f7d0-5661-a94c-9f1545677390,cd1b7e3b-5aa9-58a2-ae18-839c16359f04,2,2,ፊተኛውም ሄዶ ጽዋውን በምድር ውስጥ አፈሰሰ፤ የአውሬውም ምልክት ባለባቸው ለምስሉም በሚሰግዱ ሰዎች ክፉኛ የሚነዘንዝ ቍስል ሆነባቸው።
7dca5c1a-cb33-59c7-ad71-ce1d45ceb53a,1082c020-f7d0-5661-a94c-9f1545677390,cd1b7e3b-5aa9-58a2-ae18-839c16359f04,3,3,ሁለተኛውም ጽዋውን በባሕር ውስጥ አፈሰሰ፤ እንደ ሞተም ሰው ደም ሆነ፤ በባሕርም ከሚኖሩት ሕይወት ያለበት ነፍስ ሁሉ ሞተ።
3b2ea1c7-887b-57b7-a57d-2585cbbfb89b,1082c020-f7d0-5661-a94c-9f1545677390,cd1b7e3b-5aa9-58a2-ae18-839c16359f04,4,4,ሦስተኛውም ጽዋውን በወንዞችና በውሃ ምንጮች ውስጥ አፈሰሰ፤ እነርሱም ደም ሆኑ።
c6eb3b84-f10c-5c61-a9cf-9bdce96324af,1082c020-f7d0-5661-a94c-9f1545677390,cd1b7e3b-5aa9-58a2-ae18-839c16359f04,5,5,የውሃውም መልአክ “ያለህና የነበርህ ጌታ ሆይ! ቅዱስ ሆይ! እንዲህ ስለፈረድህ ጻድቅ ነህ፤
913a1f65-40b1-584f-a506-b49ad5c0cff4,1082c020-f7d0-5661-a94c-9f1545677390,cd1b7e3b-5aa9-58a2-ae18-839c16359f04,6,6,የቅዱሳንንና የነቢያትን ደም ስላፈሰሱ ደምን ደግሞ አጠጥተሃቸዋል፤ የሚገባቸው ነውና፤” ብሎ ሲናገር ሰማሁ።
9cfb7eb8-63db-5675-a266-5041597b09f7,1082c020-f7d0-5661-a94c-9f1545677390,cd1b7e3b-5aa9-58a2-ae18-839c16359f04,7,7,ከመሰዊያውም “አዎን፤ ሁሉን የምትገዛ ጌታ አምላክ ሆይ! ፍርዶችህ እውነትና ጽድቅ ናቸው፤” ብሎ ሲናገር ሰማሁ።
a50d50a0-6073-55b0-a0a1-dcf0bcc62f94,1082c020-f7d0-5661-a94c-9f1545677390,cd1b7e3b-5aa9-58a2-ae18-839c16359f04,8,8,አራተኛውም ጽዋውን በፀሐይ ላይ አፈሰሰ፤ ሰዎችንም በእሳት ልታቃጥል ተሰጣት።
e4dc7882-c7ed-51ed-ade1-86b5154422a1,1082c020-f7d0-5661-a94c-9f1545677390,cd1b7e3b-5aa9-58a2-ae18-839c16359f04,9,9,ሰዎችም በታላቅ ትኵሳት ተቃጠሉ፤ በነዚህም መቅሠፍቶች ላይ ሥልጣን ያለውን የእግዚአብሔርን ስም ተሳደቡ፤ ክብርንም እንዲሰጡት ንስሓ አልገቡም።
7b7c5552-c3df-5c48-a03c-20f83cdf2871,1082c020-f7d0-5661-a94c-9f1545677390,cd1b7e3b-5aa9-58a2-ae18-839c16359f04,10,10,አምስተኛውም ጽዋውን በአውሬው ዙፋን ላይ አፈሰሰ፤ መንግሥቱም ጨለማ ሆነች፤ ከስቃይም የተነሣ መላሶቻቸውን ያኝኩ ነበር፤
5e838bcb-c37f-5eec-a8a1-3e75176a4412,1082c020-f7d0-5661-a94c-9f1545677390,cd1b7e3b-5aa9-58a2-ae18-839c16359f04,11,11,ከስቃያቸውና ከቍስላቸውም የተነሣ የሰማይን አምላክ ተሳደቡ፤ ከሥራቸውም ንስሓ አልገቡም።
74c3f1af-00a0-5d50-ab27-a6bf53213442,1082c020-f7d0-5661-a94c-9f1545677390,cd1b7e3b-5aa9-58a2-ae18-839c16359f04,12,12,ስድስተኛውም ጽዋውን በታላቁ ወንዝ በኤፍራጥስ ላይ አፈሰሰ፤ ከፀሐይም መውጫ ለሚመጡ ነገሥታት መንገድ እንዲሰናዳላቸው ውሃው ደረቀ።
6e58468f-45e9-5926-ae57-7d86ee75513d,1082c020-f7d0-5661-a94c-9f1545677390,cd1b7e3b-5aa9-58a2-ae18-839c16359f04,13,13,ከዘንዶውም አፍና ከአውሬው አፍ ከሐሰተኛውም ነቢይ አፍ ጓጕንቸሮች የሚመስሉ ሦስት ርኵሳን መናፍስት ሲወጡ አየሁ፤
1c1346c2-e0bc-579d-a622-beb854cadbf7,1082c020-f7d0-5661-a94c-9f1545677390,cd1b7e3b-5aa9-58a2-ae18-839c16359f04,14,14,ምልክት እያደረጉ የአጋንንት መናፍስት ናቸውና፥ በታላቁም ሁሉን በሚገዛ በእግዚአብሔር ቀን ወደሚሆነው ጦር እንዲያስከትቱአቸው ወደ ዓለም ሁሉ ነገሥታት ይወጣሉ።
78fb8ccf-e1a9-5290-a8d3-5c4c3d58d4c4,1082c020-f7d0-5661-a94c-9f1545677390,cd1b7e3b-5aa9-58a2-ae18-839c16359f04,15,15,“እነሆ እንደ ሌባ ሆኜ እመጣለሁ፤ ራቁቱን እንዳይሄድ ኀፍረቱንም እንዳያዩ ነቅቶ ልብሱን የሚጠብቅ ብፁዕ ነው።”
5e136fdc-dbe6-5aea-a177-12f454a63f85,1082c020-f7d0-5661-a94c-9f1545677390,cd1b7e3b-5aa9-58a2-ae18-839c16359f04,16,16,በዕብራይስጥም አርማጌዶን ወደሚባል ስፍራ እስከተቱአቸው።
23dbb3cc-7f51-5f26-a61a-f48c6fd40137,1082c020-f7d0-5661-a94c-9f1545677390,cd1b7e3b-5aa9-58a2-ae18-839c16359f04,17,17,ሰባተኛውም ጽዋውን በአየር ውስጥ አፈሰሰ፤ ከመቅደሱም ውስጥ “ተፈጽሞአል!” የሚል ታላቅ ድምጽ ከዙፋኑ ወጣ።
d92be64c-e32a-5ea3-aa7a-a70710805501,1082c020-f7d0-5661-a94c-9f1545677390,cd1b7e3b-5aa9-58a2-ae18-839c16359f04,18,18,መብረቅና ድምጽም ነጎድጓድም ሆኑ፤ ትልቅም የምድር መናወጥ ሆነ፤ ሰው በምድር ከተፈጠረ ጀምሮ እንዲህ ያለ ታላቅ መናውጥ ከቶ አልነበረም፤ ከሁሉ በለጠ።
1c1f504d-b657-57e2-ae59-f9827c123944,1082c020-f7d0-5661-a94c-9f1545677390,cd1b7e3b-5aa9-58a2-ae18-839c16359f04,19,19,ታላቂቱም ከተማ በሦስት ተከፋፈለች፤ የአሕዛብም ከተማዎች ወደቁ። ታላቂቱም ባቢሎን የብርቱ ቍጣው ወይን ጠጅ የሞላበትን ጽዋ እንዲሰጣት በእግዚአብሔር ፊት ታሰበች።
bac6aa4a-a39d-53f4-ab6b-6ab0203f6a38,1082c020-f7d0-5661-a94c-9f1545677390,cd1b7e3b-5aa9-58a2-ae18-839c16359f04,20,20,ደሴቶችም ሁሉ ሸሹ፤ ተራራዎችም አልተገኙም።
33a4a689-2166-5612-af30-ebd96f17dd84,1082c020-f7d0-5661-a94c-9f1545677390,cd1b7e3b-5aa9-58a2-ae18-839c16359f04,21,21,በሚዛንም አንድ ታላንት የሚያህል ታላቅ በረዶ በሰዎች ላይ ከሰማይ ወረደባቸው፤ ሰዎቹም ከበረዶው መቅሰፍት የተነሣ እግዚአብሔርን ተሳደቡ፤ መቅሰፍቱ እጅግ ታላቅ ነውና።
18194de9-a4ff-5365-a443-8840ff1bf0a8,70c67db3-f30d-5b9c-a2a0-ad1daceeacd4,a628e132-04f3-5e28-a8c0-1bbb082fee76,1,1,ሰባቱንም ጽዋዎች ከያዙ ከሰባቱ መላእክት አንዱ መጥቶ “ና፤ በብዙም ውሃዎች ላይ የተቀመጠችውን የታላቂቱን ጋለሞታ ፍርድ አሳይሃለሁ፤
6b6cd005-df5a-577f-a777-b6ee4243997b,70c67db3-f30d-5b9c-a2a0-ad1daceeacd4,a628e132-04f3-5e28-a8c0-1bbb082fee76,2,2,የምድርም ነገሥታት ከእርስዋ ጋር ሴሰኑ፤ በምድርም የሚኖሩ ከዝሙትዋ ወይን ጠጅ ሰከሩ፤” ብሎ ተናገረኝ።
7f611621-12d5-5c55-adfd-a9be9b7122a6,70c67db3-f30d-5b9c-a2a0-ad1daceeacd4,a628e132-04f3-5e28-a8c0-1bbb082fee76,3,3,በመንፈስም ወደ በረሓ ወሰደኝ፤ የስድብም ስሞች በሞሉበት፥ ሰባት ራሶችና ዐሥር ቀንዶችም ባሉበት በቀይ አውሬ ላይ አንዲት ሴት ተቀምጣ አየሁ።
4bdbeb89-6055-5092-a7e6-0134574ee1f9,70c67db3-f30d-5b9c-a2a0-ad1daceeacd4,a628e132-04f3-5e28-a8c0-1bbb082fee76,4,4,ሴቲቱም በቀይና በሐምራዊ ልብስ ተጐናጽፋ በወርቅና በከበሩ ድንጋዮች በዕንቈችም ተሸልማ ነበር፤ በእጅዋም የሚያስጸይፍ ነገር የዝሙትዋም ርኵሰት የሞላባትን የወርቅ ጽዋ ያዘች፤
c5db69c7-cd9f-5f84-abde-b586e3c0ada0,70c67db3-f30d-5b9c-a2a0-ad1daceeacd4,a628e132-04f3-5e28-a8c0-1bbb082fee76,5,5,በግምባርዋም ምስጢር የሆነ ስም “ታላቂቱ ባቢሎን፥ የጋለሞታዎችና የምድር ርኵሰት እናት” ተብሎ ተጻፈ።
7b88d166-dc02-5aa4-ab02-5c830f905637,70c67db3-f30d-5b9c-a2a0-ad1daceeacd4,a628e132-04f3-5e28-a8c0-1bbb082fee76,6,6,ሴቲቱም በቅዱሳን ደምና በኢየሱስ ምስክሮች ደም ሰክራ አየኋት።
68b38b87-e060-5797-af08-d9b856997ed1,70c67db3-f30d-5b9c-a2a0-ad1daceeacd4,a628e132-04f3-5e28-a8c0-1bbb082fee76,7,7,መልአኩም አለኝ “የምትደነቅ ስለ ምንድር ነው? የሴቲቱን ምስጢርና የሚሸከማትን፥ ሰባት ራሶችና ዐስር ቀንዶች ያሉትን የአውሬውን ምስጢር እኔ እነግርሃለሁ።
87dd7c32-c21c-5434-af45-8da53fda03f0,70c67db3-f30d-5b9c-a2a0-ad1daceeacd4,a628e132-04f3-5e28-a8c0-1bbb082fee76,8,8,ያየኸው አውሬ አስቀድሞ ነበረ፤ አሁንም የለም፤ ከጥልቁም ይወጣ ዘንድ አለው፤ ወደ ጥፋትም ይሄዳል፤ ስሞቻቸውም ከዓለም ፍጥረት ጀምሮ በሕይወት መጽሐፍ ያልተጻፉ በምድር የሚኖሩ አውሬው አስቀድሞ እንደነበረ አሁንም እንደሌለ፥ ነገር ግን እንዳለ ሲያዩ ያደንቃሉ።
9409ac67-6748-5298-a3f3-456ebe107157,70c67db3-f30d-5b9c-a2a0-ad1daceeacd4,a628e132-04f3-5e28-a8c0-1bbb082fee76,9,9,ጥበብ ያለው አእምሮ በዚህ ነው። ሰባቱ ራሶች ሴቲቱ የተቀመጠችባቸው ሰባት ተራራዎች ናቸው፤
4e458da4-ffa4-54b7-a083-7a9423c125e7,70c67db3-f30d-5b9c-a2a0-ad1daceeacd4,a628e132-04f3-5e28-a8c0-1bbb082fee76,10,10,ሰባት ነገሥታት ደግሞ ናቸው፤ አምስቱ ወድቀዋል፤ አንዱም አለ፤ የቀረውም ገና አልመጣም፤ ሲመጣም፥ ጥቂት ጊዜ ሊቆይ ይገባዋል።
e3f585fe-a5de-50cd-a3cf-e15d350d256e,70c67db3-f30d-5b9c-a2a0-ad1daceeacd4,a628e132-04f3-5e28-a8c0-1bbb082fee76,11,11,የነበረውና የሌለውም አውሬ ራሱ ደግሞ ስምንተኛው ነው፤ ከሰባቱም አንዱ ነው፤ ወደ ጥፋትም ይሄዳል።
8486376f-4467-5e49-a73c-f70ccd696096,70c67db3-f30d-5b9c-a2a0-ad1daceeacd4,a628e132-04f3-5e28-a8c0-1bbb082fee76,12,12,ያየሃቸውም ዐሥሩ ቀንዶች ገና መንግሥትን ያልተቀበሉ ዐሥር ነገሥታት ናቸው፤ ዳሩ ግን ከአውሬው ጋር ለአንድ ሰዓት እንደ ነገሥታት ሥልጣንን ይቀበላሉ።
bee3c977-446e-5a80-a4cc-05e6523e7ad8,70c67db3-f30d-5b9c-a2a0-ad1daceeacd4,a628e132-04f3-5e28-a8c0-1bbb082fee76,13,13,እነዚህ አንድ አሳብ አላቸው፤ ኀይላቸውንና ሥልጣናቸውንም ለአውሬው ይሰጣሉ።
e9bcf5bd-cf9e-5ca8-a23d-53eacde1a4f0,70c67db3-f30d-5b9c-a2a0-ad1daceeacd4,a628e132-04f3-5e28-a8c0-1bbb082fee76,14,14,እነዚህ በጉን ይወጋሉ፤ በጉም የጌቶች ጌታና የነገሥታት ንጉሥ ስለ ሆነ እነርሱን ድል ይነሣል፤ ከእርሱም ጋር ያሉ የተጠሩና የተመረጡ የታመኑም ደግሞ ድል ይነሣሉ።”
b7b654e3-ed70-5b42-a279-2a5378d18024,70c67db3-f30d-5b9c-a2a0-ad1daceeacd4,a628e132-04f3-5e28-a8c0-1bbb082fee76,15,15,አለኝም “ጋለሞታይቱ የተቀመጠችባቸው ያየሃቸው ውሃዎች፥ ወገኖችና ብዙ ሰዎች አሕዛብም ቋንቋዎችም ናቸው።
b3b2e2f1-7088-5ede-a061-c7edf53f658d,70c67db3-f30d-5b9c-a2a0-ad1daceeacd4,a628e132-04f3-5e28-a8c0-1bbb082fee76,16,16,ያየሃቸውም ዐሥር ቀንዶችና አውሬው ጋለሞታይቱን ይጣላሉ፤ ባዶዋንና ራቁትዋንም ያደርጓታል፤ ሥጋዋንም ይበላሉ፤ በእሳትም ያቃጥሉአታል።
9e7bb021-a4ee-534b-a8d3-fab61b99488f,70c67db3-f30d-5b9c-a2a0-ad1daceeacd4,a628e132-04f3-5e28-a8c0-1bbb082fee76,17,17,እግዚአብሔር አሳቡን እንዲያደርጉ አንድንም አሳብ እንዲያደርጉ የእግዚአብሔርም ቃል እስኪፈጸም ድረስ መንግሥታቸውን ለአውሬው እንዲሰጡ በልባቸው አገብቶአልና።
447ab95a-2a13-55c4-afbb-535083d67aa2,70c67db3-f30d-5b9c-a2a0-ad1daceeacd4,a628e132-04f3-5e28-a8c0-1bbb082fee76,18,18,ያየሃትም ሴት በምድር ነገሥታት ላይ የምትነግሥ ታላቂቱ ከተማ ናት።”
a200d8e3-fa9c-5ca5-a08d-7c2b85666171,e038233f-9731-581f-abea-9bc41ab9ebe2,aee83160-421b-589a-a4d6-e1b8649e4b27,1,1,ከዚህ በኋላ ታላቅ ስልጣን ያለው ሌላ መልአክ ከሰማይ ሲወርድ አየሁ፤ ከክብሩም የተነሣ ምድር በራች።
46907dd4-67c0-5eb6-a917-046289a1049a,e038233f-9731-581f-abea-9bc41ab9ebe2,aee83160-421b-589a-a4d6-e1b8649e4b27,2,2,በብርቱም ድምፅ “ታላቂቱ ባቢሎን ወደቀች! ወደቀች! የአጋንንትም ማደሪያ ሆነች፤ የርኵሳንም መናፍስት ሁሉ መጠጊያ የርኵሳንና የተጠሉም ወፎች ሁሉ መጠጊያ ሆነች፤
a9ac1862-59a3-52f1-a15a-87ba34e949e2,e038233f-9731-581f-abea-9bc41ab9ebe2,aee83160-421b-589a-a4d6-e1b8649e4b27,3,3,አሕዛብ ሁሉ ከዝሙትዋ ቍጣ ወይን ጠጅ የተነሣ ወድቀዋልና፤ የምድርም ነገሥታት ከእርስዋ ጋር ሴሰኑ፤ የምድርም ነጋዴዎች ከቅምጥልነትዋ ኀይል የተነሣ ባለጠጋዎች ሆኑ፤” ብሎ ጮኸ።
291e2bbd-389c-5386-a6ee-7b5baa383ec8,e038233f-9731-581f-abea-9bc41ab9ebe2,aee83160-421b-589a-a4d6-e1b8649e4b27,4,4,ከሰማይም ሌላ ድምፅ እንዲህ ሲል ሰማሁ
d332495c-0b4d-58ab-aafc-6ae5d0a8d065,e038233f-9731-581f-abea-9bc41ab9ebe2,aee83160-421b-589a-a4d6-e1b8649e4b27,5,9,ከእርስዋም ጋር የሴሰኑና የተቀማጠሉ የምድር ነገሥታት የመቃጠልዋን ጢስ ሲያዩ ስለ እርስዋ እየጮሁ እያሉ ያለቅሳሉ፤
10248565-a44f-50ca-aeb6-ee4377459a5b,e038233f-9731-581f-abea-9bc41ab9ebe2,aee83160-421b-589a-a4d6-e1b8649e4b27,6,10,ሥቃይዋንም ከመፍራት የተነሣ በሩቅ ቆመው “አንቺ ታላቂቱ ከተማ! ብርቱይቱ ከተማ ባቢሎን! ወዮልሽ! ወዮልሽ! በአንድ ሰዓት ፍርድሽ ደርሶአልና፤” እያሉ ይናገራሉ።
81f02b3c-dd6a-5b50-a2c5-1990d243c32f,e038233f-9731-581f-abea-9bc41ab9ebe2,aee83160-421b-589a-a4d6-e1b8649e4b27,7,11,የመርከባቸውንም ጭነት ከእንግዲህ ወዲህ የሚገዛ የለምና የምድር ነጋዴዎች ያለቅሱላታል፤ ያዝኑላትማል፤
c07d263d-99d6-5ce1-a035-383754f2bf35,e038233f-9731-581f-abea-9bc41ab9ebe2,aee83160-421b-589a-a4d6-e1b8649e4b27,8,12,ጭነትም ወርቅና ብር፥ የከበረም ድንጋይ ዕንቁም፥ ቀጭንም ተልባ እግር፥ ቀይም ሐር፥ ሐምራዊም ልብስ፥ የሚሸትም እንጨት ሁሉ፥ ከዝሆን ጥርስም የተሠራ ዕቃ ሁሉ፥ እጅግም ከከበረ እንጨት፥ ከናስም ከብረትም ከዕብነ በረድም የተሠራ ዕቃ ሁሉ፥
13409d4b-4682-5596-a3d5-8a0f6eb3994d,e038233f-9731-581f-abea-9bc41ab9ebe2,aee83160-421b-589a-a4d6-e1b8649e4b27,9,13,ቀረፋም፥ ቅመምም፥ የሚቃጠልም ሽቱ፥ ቅባትም፥ ዕጣንም፥ የወይን ጠጅም፥ ዘይትም፥ የተሰለቀ ዱቄትም፥ ስንዴም፥ ከብትም፥ በግም፥ ፈረስም፥ ሰረገላም፥ ባሪያዎችም፥ የሰዎችም ነፍሳት ነው።
29d2528b-3263-5853-ae1e-20abc166dce0,e038233f-9731-581f-abea-9bc41ab9ebe2,aee83160-421b-589a-a4d6-e1b8649e4b27,10,14,“ነፍስሽም የጎመጀችው ፍሬ ከአንቺ ዘንድ አልፎአል፤ የሚቀማጠልና የሚያጌጥም ነገር ሁሉ ጠፍቶብሻል፤ ሰዎችም ከእንግዲህ ወዲህ ከቶ አያገኙአቸውም።”
d7d2f56d-6e60-5809-a2b2-cc526bba4808,e038233f-9731-581f-abea-9bc41ab9ebe2,aee83160-421b-589a-a4d6-e1b8649e4b27,11,15,እነዚህን የነገዱ በእርስዋም ባለ ጠጋዎች የሆኑት እያለቀሱና እያዘኑ
685a6e22-cb4f-5d5f-a541-e369948815f7,e038233f-9731-581f-abea-9bc41ab9ebe2,aee83160-421b-589a-a4d6-e1b8649e4b27,12,16,“በቀጭን ተልባ እግርና በቀይ ሐምራዊም ልብስ ለተጐናጸፈች በወርቅና በከበረ ድንጋይም በዕንቁም ለተሸለመች ለታላቂቱ ከተማ ወዮላት! ወዮላት! ይህን የሚያህል ታላቅ ባለ ጠግነት በአንድ ሰዓት ጠፍቶአልና፤” እያሉ ስቃይዋን ከመፍራት የተነሣ በሩቅ ይቆማሉ። የመርከብም መሪ ሁሉ በመርከብም ወደ ማናቸውም ስፍራ የሚሄድ ሁሉ መርከበኞችም ከባሕርም የሚጠቀሙ ሁሉ በሩቅ ቆሙ፤
2a98bd03-744d-53fa-a411-57191a81f6dd,e038233f-9731-581f-abea-9bc41ab9ebe2,aee83160-421b-589a-a4d6-e1b8649e4b27,13,18,የመቃጠልዋንም ጢስ ባዩ ጊዜ “ታላቂቱን ከተማ የምትመስላት ምን ከተማ ነበረች?” እያሉ ጮኹ።
eb9890d8-1c4f-59ac-a33e-b965f385d7cf,e038233f-9731-581f-abea-9bc41ab9ebe2,aee83160-421b-589a-a4d6-e1b8649e4b27,14,19,በራሳቸውም ላይ ትቢያ ነስንሰው እያለቀሱና እያዘኑ “በባሕር መርከቦች ያሉአቸውን ሁሉ ከባለ ጠግነትዋ የተነሣ ባለ ጠጋዎች ላደረገች ለታላቂቱ ከተማ ወዮላት! ወዮላት! በአንድ ሰዓት ጠፍታለችና፤” እያሉ ጮኹ።
8965df1a-f014-50a1-a047-93c8fdfbe7b4,e038233f-9731-581f-abea-9bc41ab9ebe2,aee83160-421b-589a-a4d6-e1b8649e4b27,15,20,“ሰማይ ሆይ! ቅዱሳን ሐዋርያት ነቢያትም ሆይ! በእርስዋ ላይ ደስ ይበላችሁ፤ እግዚአብሔር ፈርዶላችኋልና።”
a618dfdb-7de4-564f-a830-4e0e32acef35,e038233f-9731-581f-abea-9bc41ab9ebe2,aee83160-421b-589a-a4d6-e1b8649e4b27,16,21,አንድም ብርቱ መልአክ ትልቅን ወፍጮ የሚመስልን ድንጋይ አንሥቶ እንዲህ ሲል ወደ ባሕር ወረወረው “ታላቂቱ ከተማ ባቢሎን እንዲህ ተገፍታ ትወድቃለች፤ ከእንግዲህም ወዲህ ከቶ አትገኝም።
7f2603b0-20e2-5453-a2cc-4edba7a7bae7,e038233f-9731-581f-abea-9bc41ab9ebe2,aee83160-421b-589a-a4d6-e1b8649e4b27,17,22,በገና የሚመቱና የሚዘምሩም ድምፅ እንቢልታንና መለከትንም የሚነፉ ድምፅ ከእንግዲህ ወዲህ በአንቺ ውስጥ ከቶ አይሰማም፤ የእጅ ጥበብም ሁሉ አንድ ብልሃተኛ እንኳ ከእንግዲህ ወዲህ በአንቺ ውስጥ ከቶ አይገኝም፤ የወፍጮ ድምጽም ከእንግዲህ ወዲህ በአንቺ ውስጥ ከቶ አይሰማም፤
e7c83dab-9335-5e73-ab77-b2ae433d0437,e038233f-9731-581f-abea-9bc41ab9ebe2,aee83160-421b-589a-a4d6-e1b8649e4b27,18,23,የመብራትም ብርሃን ከእንግዲህ ወዲህ በአንቺ ውስጥ ከቶ አይበራም፤ የሙሽራና የሙሽራይቱም ድምጽ ከእንግዲህ ወዲህ በአንቺ ውስጥ ከቶ አይሰማም፤ ነጋዴዎችሽ የምድር መኳንንት ነበሩና፤ በአስማትሽም አሕዛብ ሁሉ ስተዋልና።”
24d43419-2433-580b-ad6b-ee6947c9fa46,e038233f-9731-581f-abea-9bc41ab9ebe2,aee83160-421b-589a-a4d6-e1b8649e4b27,19,24,በእርስዋም ውስጥ የነቢያትና የቅዱሳን ደም በምድርም የታረዱ ሁሉ ደም ተገኘባት።
9be3869b-c20a-53ac-afe3-ff4fde4b67dd,869ae244-c00e-56f8-a014-0495155321fd,17f9af94-2818-5684-a035-659e8a3d286f,1,1,ከዚህ በኋላ በሰማይ
5080a85f-4116-5a60-a74b-8a764ab9cb5e,869ae244-c00e-56f8-a014-0495155321fd,e1475cbd-2fea-5364-a546-963ed2990105,1,5,ድምፅም
a70e4520-cde8-5d9d-ac0d-de693bfa05a5,869ae244-c00e-56f8-a014-0495155321fd,e1475cbd-2fea-5364-a546-963ed2990105,2,9,መልአኩም “ወደ በጉ ሰርግ እራት የተጠሩ ብፁዓን ናቸው፤” ብለህ ጻፍ፤ አለኝ። ደግሞም “ይህ የእግዚአብሔር እውነተኛ ቃል ነው፤” አለኝ።
c3cfd475-c360-5838-a79b-78113610dfe3,869ae244-c00e-56f8-a014-0495155321fd,e1475cbd-2fea-5364-a546-963ed2990105,3,10,ልሰግድለትም በእግሩ ፊት ተደፋሁ። እርሱም “እንዳታደርገው ተጠንቀቅ፤ ከአንተ ጋር የኢየሱስም ምስክር ካላቸው ከወንድሞችህ ጋር አብሬ ባሪያ ነኝ፤ ለእግዚአብሔር ስገድ፤ የኢየሱስ ምስክር የትንቢት መንፈስ ነውና፤” አለኝ።
f0d1f776-1454-5f97-ad1a-1da9006f7a04,869ae244-c00e-56f8-a014-0495155321fd,712875f3-55f6-5736-a746-ef8101c3774e,1,11,ሰማይም ተከፍቶ አየሁ፤ እነሆም አምባላይ ፈረስ፤ የተቀመጠበትም የታመነና እውነተኛ ይባላል፤ በጽድቅም ይፈርዳል፤ ይዋጋልም።
3134f754-2ea6-5c62-a8a4-5d8e2ab06948,869ae244-c00e-56f8-a014-0495155321fd,712875f3-55f6-5736-a746-ef8101c3774e,2,12,ዐይኖቹም እንደ እሳት ነበልባል ናቸው፤ በራሱ ላይም ብዙ ዘውዶች አሉ፤ ከእርሱም በቀር አንድ እንኳ የማያውቀው የተጻፈ ስም አለው፤
0f28e53c-5c24-576b-a0ed-f844fddb7212,869ae244-c00e-56f8-a014-0495155321fd,712875f3-55f6-5736-a746-ef8101c3774e,3,13,በደምም የተረጨ ልብስ ተጐናጽፎአል፤ ስሙም የእግዚአብሔር ቃል ተብሎአል።
49582177-0a33-5a88-ac8e-a22ade3fed3a,869ae244-c00e-56f8-a014-0495155321fd,712875f3-55f6-5736-a746-ef8101c3774e,4,14,በሰማይም ያሉት ጭፍራዎች ነጭና ጥሩ ቀጭን የተልባ እግር ልብስ ለብሰው በአምባላዮች ፈረሶች ተቀምጠው ይከተሉት ነበር።
e8aa6f37-57fc-5347-a8c0-99fa5ff27581,869ae244-c00e-56f8-a014-0495155321fd,712875f3-55f6-5736-a746-ef8101c3774e,5,15,አሕዛብንም ይመታበት ዘንድ ስለታም ሰይፍ ከአፉ ይወጣል፤ እርሱም በብረት በትር ይገዛቸዋል፤ እርሱም ሁሉን የሚገዛ የእግዚአብሔርን የብርቱ ቍጣውን ወይን መጥመቂያ ይረግጣል።
abe490f1-fda7-5918-a354-aebad6dba6fb,869ae244-c00e-56f8-a014-0495155321fd,712875f3-55f6-5736-a746-ef8101c3774e,6,16,በልብሱና በጭኑም የተጻፈበት “የነገሥታት ንጉሥና የጌታዎች ጌታ” የሚል ስም አለው።
96e47bb4-3c67-5cdf-aa2d-6434bda1abe9,869ae244-c00e-56f8-a014-0495155321fd,712875f3-55f6-5736-a746-ef8101c3774e,7,17,አንድም መልአክ በፀሐይ ውስጥ ቆሞ አየሁ፤ በሰማይም መካከል ለሚበሩ ወፎች ሁሉ “መጥታችሁ የነገሥታትን ሥጋና የሻለቃዎችን ሥጋ የብርቱዎችንም ሥጋ የፈረሶችንም በእነርሱም የተቀመጡትን ሥጋ የጌታዎችንና የባሪያዎችንም የታናናሾችንና የታላላቆችንም ሁሉ ሥጋ እንድትበሉ ወደ ታላቁ ወደ እግዚአብሔር እራት ተከማቹ፤” ብሎ በታላቅ ድምፅ ጮኸ።
e1f94f94-e29e-5f24-ad40-9da51abcdde9,869ae244-c00e-56f8-a014-0495155321fd,712875f3-55f6-5736-a746-ef8101c3774e,8,19,በፈረሱም የተቀመጠውን ጭፍራዎቹንም ይወጉ ዘንድ አውሬውና የምድር ነገሥታት ጭፍራዎቻቸውም ተከማችተው አየሁ።
624bd6e5-4fbe-51e3-a230-c9a106219c09,869ae244-c00e-56f8-a014-0495155321fd,712875f3-55f6-5736-a746-ef8101c3774e,9,20,አውሬውም ተያዘ፤ በእርሱም ፊት ተአምራትን እያደረገ የአውሬውን ምልክት የተቀበሉትን ለምስሉም የሰገዱትን ያሳተ ሐሰተኛው ነቢይ ከእርሱ ጋር ተያዘ፤ ሁለቱም በሕይወት ሳሉ በዲን ወደሚቃጠል ወደ እሳት ባሕር ተጣሉ።
445b425a-e396-5929-a655-627cc24fa618,869ae244-c00e-56f8-a014-0495155321fd,712875f3-55f6-5736-a746-ef8101c3774e,10,21,የቀሩትም በፈረስ ላይ ከተቀመጠው ከአፉ በሚወጣው ሰይፍ ተገደሉ፤ ወፎችም ሁሉ ከሥጋቸው ጠገቡ።
8ad7ca30-e53d-515b-ac3d-8aee8c857739,0c6ca786-6195-5765-ad69-6844bbd8d5c2,d99921f2-d8f3-52bb-a547-0a57daac04f4,1,1,የጥልቁንም መክፈቻና ታላቁን ሰንሰለት በእጁ የያዘ መልአክ ከሰማይ ሲወርድ አየሁ።
e5541439-3d8b-56f7-a9a8-cf0f246ba025,0c6ca786-6195-5765-ad69-6844bbd8d5c2,d99921f2-d8f3-52bb-a547-0a57daac04f4,2,2,የቀደመውንም እባብ ዘንዶውን እርሱም ዲያብሎስና ሰይጣን የተባለውን ያዘው፤
c8544691-834f-5afd-ab97-7f5beb66554d,0c6ca786-6195-5765-ad69-6844bbd8d5c2,d99921f2-d8f3-52bb-a547-0a57daac04f4,3,3,ሺህ ዓመትም አሰረው፤ ወደ ጥልቅም ጣለው፤ አሕዛብንም ወደ ፊት እንዳያስት ሺህ ዓመት እስኪፈጸም ድረስ በእርሱ ላይ ዘግቶ ማኅተም አደረገበት፤ ከዚያም በኋላ ለጥቂት ጊዜ ይፈታ ዘንድ ይገባዋል።
b795e56b-0cdc-5747-a3e9-e5d1eaf3fc72,0c6ca786-6195-5765-ad69-6844bbd8d5c2,d99921f2-d8f3-52bb-a547-0a57daac04f4,4,4,ዙፋኖችንም አየሁ፤ በእነርሱም ላይ ለተቀመጡት ዳኝነት ተሰጣቸው፤ ስለ ኢየሱስም ምስክርና ስለ እግዚአብሔር ቃል ራሶቻቸው የተቈረጡባቸውን ሰዎች ነፍሳት፥ ለአውሬውና ለምስሉም ያልሰገዱትን ምልክቱንም በግምባራቸው በእጆቻቸውም ላይ ያልተቀበሉትን አየሁ፤ ከክርስቶስም ጋር ሺህ ዓመት ኖሩና ነገሡ።
997dfcaa-08fc-5900-a7d7-b096add5ea05,0c6ca786-6195-5765-ad69-6844bbd8d5c2,d99921f2-d8f3-52bb-a547-0a57daac04f4,5,5,የቀሩቱ ሙታን ግን ይህ ሺህ ዓመት እስኪፈጸም ድረስ በሕይወት አልኖሩም። ይህ የፊተኛው ትንሣኤ ነው።
d07f4a08-0769-5916-aa61-a1a82c0d6947,0c6ca786-6195-5765-ad69-6844bbd8d5c2,d99921f2-d8f3-52bb-a547-0a57daac04f4,6,6,በፊተኛው ትንሣኤ ዕድል ያለው ብፁዕና ቅዱስ ነው፤ ሁለተኛው ሞት በእነርሱ ላይ ሥልጣን የለውም፤ ዳሩ ግን የእግዚአብሔርና የክርስቶስ ካህናት ይሆናሉ፤ ከእርሱም ጋር ይህን ሺህ ዓመት ይነግሣሉ።
c2dcef18-d97d-52f2-a393-f27b3d91b2ef,0c6ca786-6195-5765-ad69-6844bbd8d5c2,72229735-0f8a-5a82-abcb-bce151cbe94d,1,7,ሺሁም ዓመት ሲፈጸም ሰይጣን ከእስራቱ ይፈታል፤
adaf24a0-c348-5cc3-acbc-d64ef63845cb,0c6ca786-6195-5765-ad69-6844bbd8d5c2,72229735-0f8a-5a82-abcb-bce151cbe94d,2,8,በአራቱም በምድር ማዕዘን ያሉትን አሕዛብ፥ ጎግንና ማጎግን እንዲያስታቸው ለሰልፍም እንዲያስከትታቸው ይወጣል፤ ቍጥራቸውም እንደ ባሕር አሸዋ የሚያህል ነው።
c3f659b7-4cf1-5b44-ae63-4fa96995b01e,0c6ca786-6195-5765-ad69-6844bbd8d5c2,72229735-0f8a-5a82-abcb-bce151cbe94d,3,9,ወደ ምድርም ስፋት ወጡ፤ የቅዱሳንንም ሰፈርና የተወደደችውን ከተማ ከበቡ፤ እሳትም ከሰማይ ከእግዚአብሔር ዘንድ ወርዳ በላቻቸው።
2e89957d-dccc-5930-a857-0c60a7f75988,0c6ca786-6195-5765-ad69-6844bbd8d5c2,72229735-0f8a-5a82-abcb-bce151cbe94d,4,10,ያሳታቸውም ዲያብሎስ አውሬውና ሐሰተኛው ነቢይ ወዳሉበት ወደ እሳቱና ወደ ዲኑ ባሕር ተጣለ፤ ለዘላለምም እስከ ዘላለም ቀንና ሌሊት ይሰቃያሉ።
57b39558-29c1-5fe5-a65d-fc7e9296b0a1,0c6ca786-6195-5765-ad69-6844bbd8d5c2,e1e3a24d-a8b5-5328-a874-604d82223139,1,11,ታላቅና ነጭ ዙፋንን በእርሱም ላይ የተቀመጠውን አየሁ፤ ምድርና ሰማይም ከፊቱ ሸሹ፤ ስፍራም አልተገኘላቸውም።
b9917a05-6fa3-5cde-af85-ead9e025fd39,0c6ca786-6195-5765-ad69-6844bbd8d5c2,e1e3a24d-a8b5-5328-a874-604d82223139,2,12,ሙታንንም ታናናሾችንና ታላላቆችን በዙፋኑ ፊት ቆመው አየሁ፤ መጻሕፍትም ተከፈቱ፤ ሌላ መጽሐፍም ተከፈተ፤ እርሱም የሕይወት መጽሐፍ ነው፤ ሙታንም በመጻሕፍት ተጽፎ እንደ ነበረ እንደ ሥራቸው መጠን ተከፈሉ።
ed970f89-a3aa-5dc8-aab9-bf8e1a923e05,0c6ca786-6195-5765-ad69-6844bbd8d5c2,e1e3a24d-a8b5-5328-a874-604d82223139,3,13,ባሕርም በእርሱ ውስጥ ያሉትን ሙታን ሰጠ፤ ሞትና ሲኦልም በእነርሱ ዘንድ ያሉትን ሙታን ሰጡ፤ እያንዳንዱም እንደ ሥራው መጠን ተከፈለ።
be360ded-e932-5eed-af40-6322d8ada99f,0c6ca786-6195-5765-ad69-6844bbd8d5c2,e1e3a24d-a8b5-5328-a874-604d82223139,4,14,ሞትና ሲኦልም በእሳት ባሕር ውስጥ ተጣሉ። ይህም የእሳት ባሕር ሁለተኛው ሞት ነው።
e79dad47-b15e-515d-ad53-3fb841463c09,0c6ca786-6195-5765-ad69-6844bbd8d5c2,e1e3a24d-a8b5-5328-a874-604d82223139,5,15,በሕይወትም መጽሐፍ ተጽፎ ያልተገኘው ማንኛውም በእሳት ባሕር ውስጥ ተጣለ።
5d6f5234-f635-5d94-a4cd-a4c6e5756482,28d61d84-619c-5593-a58c-bdcbc2dd7387,ce66b300-eb3f-5f69-a8fc-22489f5b7ef4,1,1,አዲስ ሰማይንና አዲስ ምድርንም አየሁ፤ ፊተኛው ሰማይና ፊተኛይቱ ምድር አልፈዋልና፤ ባሕርም ወደ ፊት የለም።
7c698bbf-77ef-52cb-ac0d-d537e12f7bc7,28d61d84-619c-5593-a58c-bdcbc2dd7387,ce66b300-eb3f-5f69-a8fc-22489f5b7ef4,2,2,ቅድስቲቱም ከተማ አዲሲቱ ኢየሩሳሌም፥ ለባልዋ እንደ ተሸለመች ሙሽራ ተዘጋጅታ፥ ከሰማይ ከእግዚአብሔር ዘንድ ስትወርድ አየሁ።
a41a7abe-9574-56d8-a5d0-eaea2e2b8448,28d61d84-619c-5593-a58c-bdcbc2dd7387,ce66b300-eb3f-5f69-a8fc-22489f5b7ef4,3,3,ታላቅም ድምፅ ከሰማይ “እነሆ የእግዚአብሔር ድንኳን በሰዎች መካከል ነው፤ ከእነርሱም ጋር ያድራል፤ እነርሱም ሕዝቡ ይሆናሉ፤ እግዚአብሔርም እርሱ ራሱ ከእነርሱ ጋር ሆኖ አምላካቸው ይሆናል፤
6dfec005-bcad-555e-a610-6233224079dc,28d61d84-619c-5593-a58c-bdcbc2dd7387,ce66b300-eb3f-5f69-a8fc-22489f5b7ef4,4,4,እንባዎችንም ሁሉ ከዐይኖቻቸው ያብሳል፤ ሞትም ከእንግዲህ ወዲህ አይሆንም፤ ሐዘንም ቢሆን ወይም ጩኸት ወይም ሥቃይ ከእንግዲህ ወዲህ አይሆንም፤ የቀደመው ሥርዐት አልፎአልና፤” ብሎ ሲናገር ሰማሁ።
e92c8c94-ac91-51ae-a03e-e6a0d181fe82,28d61d84-619c-5593-a58c-bdcbc2dd7387,ce66b300-eb3f-5f69-a8fc-22489f5b7ef4,5,5,በዙፋንም የተቀመጠው “እነሆ ሁሉን አዲስ አደርጋለሁ፤” አለ። ለእኔም “እነዚህ ቃሎች የታመኑና እውነተኛዎች ናቸውና ጻፍ፤” አለኝ።
9c8b6d2c-642f-57c2-a5d3-752a918360a3,28d61d84-619c-5593-a58c-bdcbc2dd7387,ce66b300-eb3f-5f69-a8fc-22489f5b7ef4,6,6,አለኝም “ተፈጽሞአል፤ አልፋና ዖሜጋ፥ መጀመሪያውና መጨረሻው እኔ ነኝ። ለተጠማ ከሕይወት ውሃ ምንጭ እንዲያው እኔ እሰጣለሁ።
90f6eb81-5f20-5e36-a092-15963388bd14,28d61d84-619c-5593-a58c-bdcbc2dd7387,ce66b300-eb3f-5f69-a8fc-22489f5b7ef4,7,7,ድል የሚነሣ ይህን ይወርሳል፤ አምላክም እሆነዋለሁ፤ እርሱም ልጅ ይሆነኛል።
bc5989ac-77fa-5537-ae51-c3a245dae859,28d61d84-619c-5593-a58c-bdcbc2dd7387,ce66b300-eb3f-5f69-a8fc-22489f5b7ef4,8,8,ዳሩ ግን የሚፈሩና የማያምኑ የርኵሳንም የነፍሰ ገዳዮችም የሴሰኛዎችም የአስማተኛዎችም ጣዖትንም የሚያመልኩ የሐሰተኛዎችም ሁሉ ዕድላቸው በዲንና በእሳት በሚቃጠል ባሕር ነው፤ ይኸውም ሁለተኛው ሞት ነው።”
cf553a93-353c-573e-a4bb-b9d9a61b8d6d,28d61d84-619c-5593-a58c-bdcbc2dd7387,8b49a099-24ea-54e1-a38d-730091ceddfa,1,9,ሰባቱም ኋለኛዎች መቅሠፍቶች የሞሉባቸውን ሰባቱን ጽዋዎች ከያዙት ከሰባቱ መላእክት አንዱ መጥቶ “ወደዚህ ና፤ የበጉንም ሚስት ሙሽራይቱን አሳይሃለሁ፤” ብሎ ተናገረኝ።
0228d15e-a80c-502d-af30-a1915b1a19de,28d61d84-619c-5593-a58c-bdcbc2dd7387,8b49a099-24ea-54e1-a38d-730091ceddfa,2,10,በመንፈስም ወደ ታላቅና ወደ ረጅም ተራራ ወሰደኝ፤ የእግዚአብሔርም ክብር ያለባትን ቅድስቲቱን ከተማ ኢየሩሳሌምን ከሰማይ ከእግዚአብሔር ዘንድ ስትወርድ አሳየኝ፤ ብርሃንዋም እጅግ እንደ ከበረ ድንጋይ እንደ ኢያሰጲድ ድንጋይ ሆኖ እንደ ብርሌ የጠራ ነበረ፤
357e60b1-c6c5-5cbb-a4ae-9cbb412b009f,28d61d84-619c-5593-a58c-bdcbc2dd7387,8b49a099-24ea-54e1-a38d-730091ceddfa,3,12,ታላቅና ረጅም ቅጥር ነበራት፤ ዐሥራ ሁለትም ደጆች ነበሩአት፤ በደጆቹም ዐሥራ ሁለት መላእክት ቆሙ የዐሥራ ሁለቱም የእስራኤል ልጆች ነገዶች ስሞች ተጽፈውባቸው ነበር።
9f021cf1-7c53-57dc-a25b-1a0b9bdba187,28d61d84-619c-5593-a58c-bdcbc2dd7387,8b49a099-24ea-54e1-a38d-730091ceddfa,4,13,በምሥራቅ ሦስት ደጆች፥ በሰሜንም ሦስት ደጆች፥ በደቡብም ሦስት ደጆች፥ በምዕራብም ሦስት ደጆች ነበሩ።
529eb772-f2ec-52d7-aac4-068543439232,28d61d84-619c-5593-a58c-bdcbc2dd7387,8b49a099-24ea-54e1-a38d-730091ceddfa,5,14,ለከተማይቱም ቅጥር ዐሥራ ሁለት መሠረቶች ነበሩአት፤ በእነርሱም ውስጥ የዐሥራ ሁለቱ የበጉ ሐዋርያት ስሞች ተጽፈው ነበር።
f262e251-9ef9-5ad9-a19f-9bd27f1cd2a0,28d61d84-619c-5593-a58c-bdcbc2dd7387,8b49a099-24ea-54e1-a38d-730091ceddfa,6,15,የተናገረኝም ከተማይቱንና ደጆችዋን ቅጥርዋንም ይለካ ዘንድ የወርቅ ዘንግ ነበረው።
0ccdfaf7-95d4-57c2-a195-95aad042395b,28d61d84-619c-5593-a58c-bdcbc2dd7387,8b49a099-24ea-54e1-a38d-730091ceddfa,7,16,ከተማይቱም አራት ማዕዘን ነበራት፤ ርዝመትዋም እንደ ስፋትዋ ልክ ነበረ። ከተማይቱንም በዘንግ ለካት፤ ሁለት ሺህ አራት መቶ ኪሎ ሜትር ሆነች፤ ርዝመትዋና ስፋትዋ ከፍታዋም ትክክል ነው።
5d5b196f-d780-5da9-a4c0-ac3002a5d452,28d61d84-619c-5593-a58c-bdcbc2dd7387,8b49a099-24ea-54e1-a38d-730091ceddfa,8,17,ቅጥርዋንም ለካ፤ መቶ አርባ አራት ክንድ በሰው ልክ፥ እርሱም በመልአክ ልክ።
8be78ff1-1796-5ed9-af0a-c0ee185cd2d2,28d61d84-619c-5593-a58c-bdcbc2dd7387,8b49a099-24ea-54e1-a38d-730091ceddfa,9,18,ቅጥርዋም ከኢያሰጲድ የተሠራ ነበረ፤ ከተማይቱም ጥሩ ብርጭቆ የሚመስል ጥሩ ወርቅ ነበረች።
c51d7c5a-ba79-5a66-a589-198ec3773611,28d61d84-619c-5593-a58c-bdcbc2dd7387,8b49a099-24ea-54e1-a38d-730091ceddfa,10,19,የከተማይቱም ቅጥር መሠረት በከበረ ድንጋይ ሁሉ ተጌጦ ነበር፤ ፊተኛው መሠረት ኢያሰጲድ፥ ሁለተኛው ሰንፔር፥ ሦስተኛው ኬልቄዶን፥ አራተኛው መረግድ፥
1e3161e5-7f7c-58e4-afb2-b12f313a6ce6,28d61d84-619c-5593-a58c-bdcbc2dd7387,8b49a099-24ea-54e1-a38d-730091ceddfa,11,20,አምስተኛው ሰርዶንክስ፥ ስድስተኛው ሰርድዮን፥ ሰባተኛው ክርስቲሎቤ፥ ስምንተኛው ቢረሌ፥ ዘጠነኛው ወራውሬ፥ ዐሥረኛው ክርስጵራስስ፥ ዐሥራ አንደኛው ያክንት፥ ዐሥራ ሁለተኛው አሜቴስጢኖስ ነበረ።
c0f169c6-0465-5784-a195-f35d788e0199,28d61d84-619c-5593-a58c-bdcbc2dd7387,8b49a099-24ea-54e1-a38d-730091ceddfa,12,21,ዐሥራ ሁለቱም ደጆች ዐሥራ ሁለት ዕንቆች ነበሩ፤ እየአንዳንዱ ደጅ ከአንድ ዕንቍ የተሠራ ነበረ። የከተማይቱም አደባባይ ጥሩ ብርጭቆ የሚመስል ጥሩ ወርቅ ነበረ።
2067a68d-7a95-5e80-a370-7b9d104a1c53,28d61d84-619c-5593-a58c-bdcbc2dd7387,8b49a099-24ea-54e1-a38d-730091ceddfa,13,22,ሁሉንም የሚገዛ ጌታ አምላክና በጉ መቅደስዋ ናቸውና መቅደስ በእርስዋ ዘንድ አላየሁም።
f11fc706-bdcb-5a12-ae3e-b82e5296a984,28d61d84-619c-5593-a58c-bdcbc2dd7387,8b49a099-24ea-54e1-a38d-730091ceddfa,14,23,ለከተማይቱም የእግዚአብሔር ክብር ስለሚያበራላት መብራትዋም በጉ ስለ ሆነ፥ ፀሐይ ወይም ጨረቃ እንዲያበሩላት አያስፈልጓትም ነበር።
dc67e496-38f7-579d-a820-8894a9c57cde,28d61d84-619c-5593-a58c-bdcbc2dd7387,8b49a099-24ea-54e1-a38d-730091ceddfa,15,24,አሕዛብም በብርሃንዋ ይመላለሳሉ፤ የምድርም ነገሥታት ክብራቸውን ወደ እርስዋ ያመጣሉ፤
c0f72417-e93e-595d-ab4f-a189dbaf8305,28d61d84-619c-5593-a58c-bdcbc2dd7387,8b49a099-24ea-54e1-a38d-730091ceddfa,16,25,በዚያም ሌሊት ስለሌለ ደጆችዋ በቀን ከቶ አይዘጉም፤
13e23127-14a0-565a-ac0d-63f6f4c10d23,28d61d84-619c-5593-a58c-bdcbc2dd7387,8b49a099-24ea-54e1-a38d-730091ceddfa,17,26,የአሕዛብንም ግርማና ክብር ወደ እርስዋ ያመጣሉ።
bdfb40ac-8a45-573a-a10f-415bba44b0ba,28d61d84-619c-5593-a58c-bdcbc2dd7387,8b49a099-24ea-54e1-a38d-730091ceddfa,18,27,ለበጉም በሆነው በሕይወት መጽሐፍ ከተጻፉት በቀር፥ ጸያፍ ነገር ሁሉ ርኵሰትና ውሸትም የሚያደርግ ወደ እርስዋ ከቶ አይገባም።
345678b5-5424-5024-a27c-611d6da74580,e6a1a8b6-f91c-5a52-af55-31b7c081b2e8,b623f505-4303-51de-aa25-3fafe540d1ff,1,1,በአደባባይዋም መካከል ከእግዚአብሔርና ከበጉ ዙፋን የሚወጣውን እንደ ብርሌ የሚያንጸባርቀውን የሕይወትን ውሃ ወንዝ አሳየኝ።
49c19c6d-7d69-50b9-aa9b-95c056f8aebe,e6a1a8b6-f91c-5a52-af55-31b7c081b2e8,b623f505-4303-51de-aa25-3fafe540d1ff,2,2,በወንዙም ወዲያና ወዲህ በየወሩ እያፈራ ዐሥራ ሁለት ፍሬ የሚሰጥ የሕይወት ዛፍ ነበረ፤ የዛፉም ቅጠሎች ለሕዝብ መፈወሻ ነበሩ።
dab999fa-ed74-5872-ad59-0d164fa4f98e,e6a1a8b6-f91c-5a52-af55-31b7c081b2e8,b623f505-4303-51de-aa25-3fafe540d1ff,3,3,ከእንግዲህም ወዲህ መርገም ከቶ አይሆንም። የእግዚአብሔርና የበጉም ዙፋን በእርስዋ ውስጥ ይሆናል፤ ባሪያዎቹም ያመልኩታል፤ ፊቱንም ያያሉ፤
49c0e3cd-3b0e-535d-aacc-ad73c88004ab,e6a1a8b6-f91c-5a52-af55-31b7c081b2e8,b623f505-4303-51de-aa25-3fafe540d1ff,4,4,ስሙም በግምባሮቻቸው ይሆናል።
1a7b4d2d-16ac-5e8b-aec2-61cbb4b68ab1,e6a1a8b6-f91c-5a52-af55-31b7c081b2e8,b623f505-4303-51de-aa25-3fafe540d1ff,5,5,ከእንግዲህም ወዲህ ሌሊት አይሆንም፤ ጌታ አምላክም በእነርሱ ላይ ያበራላቸዋልና የመብራት ብርሃንና የፀሐይ ብርሃን አያስፈልጋቸውም፤ ለዘላለምም እስከ ዘላለም ይነግሣሉ።
18c24438-a05f-5a7d-a8b4-3974b3716200,e6a1a8b6-f91c-5a52-af55-31b7c081b2e8,430ee0e6-e9ac-57bb-abab-31f0f4d471e1,1,6,እርሱም “እነዚህ ቃሎች የታመኑና እውነተኛዎች ናቸው፤ የነቢያትም መናፍስት ጌታ አምላክ በቶሎ ሊሆን የሚገባውን ነገር ለባሪያዎቹ እንዲያሳይ መልአኩን ሰደደ።”
a1fba013-3187-52d7-ab8b-f8640473ea3a,e6a1a8b6-f91c-5a52-af55-31b7c081b2e8,430ee0e6-e9ac-57bb-abab-31f0f4d471e1,2,7,እነሆም “በቶሎ እመጣለሁ። የዚህን መጽሐፍ ትንቢት ቃል የሚጠብቅ ብፁዕ ነው፤” አለኝ።
9a38d0bc-fce1-568f-a5e6-3de51b522635,e6a1a8b6-f91c-5a52-af55-31b7c081b2e8,430ee0e6-e9ac-57bb-abab-31f0f4d471e1,3,8,ይህንም ያየሁትና የሰማሁት እኔ ዮሐንስ ነኝ። በሰማሁትና ባየሁትም ጊዜ ይህን ባሳየኝ በመልአኩ እግር ፊት እሰግድ ዘንድ ተደፋሁ።
e2a4cec1-46b8-5d08-a3ca-e1bdd5f65bbc,e6a1a8b6-f91c-5a52-af55-31b7c081b2e8,430ee0e6-e9ac-57bb-abab-31f0f4d471e1,4,9,እርሱም “እንዳታደርገው ተጠንቀቅ፤ ከአንተ ጋር ከወንድሞችህም ነቢያት ጋር የዚህንም መጽሐፍ ቃል ከሚጠብቁ ጋር አብሬ ባሪያ ነኝ፤ ለእግዚአብሔር ስገድ፤” አለኝ።
a03b8384-46f9-5459-a06e-b7aaabd9ba9f,e6a1a8b6-f91c-5a52-af55-31b7c081b2e8,430ee0e6-e9ac-57bb-abab-31f0f4d471e1,5,10,ለእኔም “ዘመኑ ቀርቦአልና የዚህን መጽሐፍ ትንቢት ቃል በማኅተም አትዝጋው።
8dd61c67-9404-5c9d-a183-4192c0b7f521,e6a1a8b6-f91c-5a52-af55-31b7c081b2e8,430ee0e6-e9ac-57bb-abab-31f0f4d471e1,6,11,ዐመፀኛው ወደ ፊት ያምፅ፤ ርኵሱም ወደ ፊት ይርከስ፤ ጻድቁም ወደ ፊት ጽድቅ ያድርግ፤ ቅዱሱም ወደፊት ይቀደስ፤” አለ።
1ff688fc-6151-564d-a59b-bd54cb13d741,e6a1a8b6-f91c-5a52-af55-31b7c081b2e8,430ee0e6-e9ac-57bb-abab-31f0f4d471e1,7,12,“እነሆ በቶሎ እመጣለሁ፤ ለእያንዳንዱም እንደ ሥራው መጠን እከፍል ዘንድ ዋጋዬ ከእኔ ጋር አለ።
13368ac1-0935-5cce-a5cd-5aabd7a0dec7,e6a1a8b6-f91c-5a52-af55-31b7c081b2e8,430ee0e6-e9ac-57bb-abab-31f0f4d471e1,8,13,አልፋና ዖሜጋ፥ ፊተኛውና ኋለኛው፥ መጀመሪያውና መጨረሻው እኔ ነኝ።”
cc6f3a17-0436-5336-a4dd-d18e61182fef,e6a1a8b6-f91c-5a52-af55-31b7c081b2e8,430ee0e6-e9ac-57bb-abab-31f0f4d471e1,9,14,ወደ ሕይወት ዛፍ ለመድረስ ሥልጣን እንዲኖራቸው በደጆችዋም ወደ ከተማይቱም እንዲገቡ ልብሳቸውን የሚያጥቡ ብፁዓን ናቸው።
6a9194cf-7c89-5db9-ad91-b32a0825f9bb,e6a1a8b6-f91c-5a52-af55-31b7c081b2e8,430ee0e6-e9ac-57bb-abab-31f0f4d471e1,10,15,ውሻዎችና አስማተኞች ሴሰኛዎችም ነፍሰ ገዳዮችም ጣዖትንም የሚያመልኩት ውሸትንም የሚወዱና የሚያደርጉ ሁሉ በውጭ አሉ።
f72d7968-6296-54e1-ae75-cc1aa639d636,e6a1a8b6-f91c-5a52-af55-31b7c081b2e8,430ee0e6-e9ac-57bb-abab-31f0f4d471e1,11,16,“እኔ ኢየሱስ በአብያተ ክርስቲያናት ዘንድ ይህን እንዲመሰክርላችሁ መልአኬን ላክሁ። እኔ የዳዊት ሥርና ዘር ነኝ፤ የሚያበራም የንጋት ኮከብ ነኝ።”
01c2b963-36b9-5760-a6e1-9c929e0f658d,e6a1a8b6-f91c-5a52-af55-31b7c081b2e8,430ee0e6-e9ac-57bb-abab-31f0f4d471e1,12,17,መንፈሱና ሙሽራይቱም “ና!” ይላሉ። የሚሰማም “ና!” ይበል። የተጠማም ይምጣ፤ የወደደም የሕይወትን ውሃ እንዲያው ይውሰድ።
d1891dc7-422b-5002-a20f-5ce1c473eae6,e6a1a8b6-f91c-5a52-af55-31b7c081b2e8,430ee0e6-e9ac-57bb-abab-31f0f4d471e1,13,18,በዚህ መጽሐፍ የተጻፈውን የትንቢት ቃል ለሚሰማ ሁሉ እኔ እመሰክራለሁ፤ ማንም በዚህ ላይ አንዳች ቢጨምር፥ እግዚአብሔር በዚህ መጽሐፍ የተጻፉትን መቅሠፍቶች ይጨምርበታል፤
77c8cf2a-0511-5eb9-a369-16a105265065,e6a1a8b6-f91c-5a52-af55-31b7c081b2e8,430ee0e6-e9ac-57bb-abab-31f0f4d471e1,14,19,ማንምም በዚህ በትንቢት መጽሐፍ ከተጻፉት ቃሎች አንዳች ቢያጎድል፥ በዚህ መጽሐፍ ከተጻፉት ከሕይወት ዛፍና ከቅድስቲቱ ከተማ እግዚአብሔር ዕድሉን ያጎድልበታል።
c38427d8-dc26-5d1f-ae10-63b8521f1ea1,e6a1a8b6-f91c-5a52-af55-31b7c081b2e8,430ee0e6-e9ac-57bb-abab-31f0f4d471e1,15,20,ይህን የሚመሰክር “አዎን በቶሎ እመጣለሁ፤” ይላል። አሜን፤ ጌታ ኢየሱስ ሆይ!ጅ ና።
46432d82-919f-5d70-a2f6-0f221904bfb2,e6a1a8b6-f91c-5a52-af55-31b7c081b2e8,430ee0e6-e9ac-57bb-abab-31f0f4d471e1,16,21,የጌታችን የኢየሱስ ክርስቶስ ጸጋ ከሁላችን ጋር ይሁን፤ አሜን።
dade9b05-eed4-5301-af07-ba172188cac2,2ffd8cfb-fa6d-5cd8-a78f-7e5a04580e90,b4066b4d-cb25-5471-a1e3-9b7e39e28de5,1,1,በአብ በወልድ በመንፈስ ቅዱስ ስም አንድ አምላክ ቅዱስ ቀሌሚንጦስ እንዲህ አለ ። ጌታችንና መድሐኒታችን ኢየሱስ ክርስቶስ ዕርገት በኋላ የቅዱስ ወንጌልን ዜና ይሰብኩ ዘንድ ተማሪዎች ወደ ዓለም ዳርቻ ሁሉ ተበተኑ።
b87cb01f-af90-5176-a0b3-d21fea830378,2ffd8cfb-fa6d-5cd8-a78f-7e5a04580e90,b4066b4d-cb25-5471-a1e3-9b7e39e28de5,2,2,አርድእት ወደዓለም ዳርቻ ሁሉ ሊበተኑ የቻሉት ሕዝቦችን ወደ እምነትና ዕውቀት ለመመለስና ዳግም ልደትን የምታሠጠውን ጥምቀት እንዲያጠምቁዋቸው ነው።
38efdf0b-db30-5c81-a27c-207f8984885c,2ffd8cfb-fa6d-5cd8-a78f-7e5a04580e90,b4066b4d-cb25-5471-a1e3-9b7e39e28de5,3,3,ከዚህ በተነሳ ሐዋርያት ከያንዳንዳቸው ጋር አብረው የሚሄዱትን ፈለጉ ። ከዚህ ጊዜ ስምዖን የተባለው ጴጥሮስ ከሱ ጋር ወሰደኝ ። የሱ ተማሪ እንድሆንም አደረገኝ እኔ በሱ ትምህርት እሱን ሰላከው አምላክ አምኛለሁና የሐዋርያት አለቃ መሆኑንም ተረድቻለሁና።
d61846f6-d1e7-50c6-aa95-38272887e23f,2ffd8cfb-fa6d-5cd8-a78f-7e5a04580e90,b4066b4d-cb25-5471-a1e3-9b7e39e28de5,4,4,ጌታችን መድሐኒታችን ኢየሱስ ክርስቶስ በቅዱስ ወንጌል አንተ አለት ነህ በዚች እለት ላይ ቤተክርስቲያኔን እሠራታለሁ የሲኦል በሮችም አያይሉባትም የመንግሥት ሰማያትን ቁልፎች ላንተ እሰጣለሁ ያለውንም አስታወስኩ።
5288acb0-470b-5bfe-ac22-9b6e5552f2a7,2ffd8cfb-fa6d-5cd8-a78f-7e5a04580e90,b4066b4d-cb25-5471-a1e3-9b7e39e28de5,5,5,ከጥቂት ጊዜ በኋላ ሁለት ሌሎች ወንድሞችን አስከተለ ተማሪዎቹንም አደረጋቸው። እኔ ከሱ ጋር ሃያ ዓመት ከኖርኩ በኋላ ወደናትና አባት አገሬ ወስደኝ እቺ አገር መጥሮጵያ ትባላለች። ጌታችን መድኃኒታችን ኢየሱስ ክርስቶስ በደብረዘይት ያስተማረውንም ምሥጢር ገለፀልኝ (አብራራልኝ) ።
23e26e90-12a8-5ab2-aaa2-1c45c8940065,2ffd8cfb-fa6d-5cd8-a78f-7e5a04580e90,b4066b4d-cb25-5471-a1e3-9b7e39e28de5,6,6,በዚህ ወቅት ሐዋርያትና ሌሎች አማንያን በከባድ መከራ ላይ ነበሩ። መከራውን ያደረሰባቸው ከሐዲዎች አይሁድ ናቸው። ከሐዲዎቹ አይሁዶች ኢየሱስ ክርስቶስን ያመነ ሁሉ እያደነ በመግደል ላይ ነበሩ።
93dc8191-4bd9-5578-aeb5-343ecf5b2cad,2ffd8cfb-fa6d-5cd8-a78f-7e5a04580e90,b4066b4d-cb25-5471-a1e3-9b7e39e28de5,7,7,ከዚህ ጀምሮ ጴጥሮስ እኔን አስከትሎ ሄደና ወዳንዲት አገር ደረሰ። ከዚሁ ከሄድንበት አገርም ለኔና ለጴጥሮስ ችግር ገጠመን። ችግሩ ከከሐዲዎቹ አይሁድ የመነጨ ነበር። ቅድስት ድንግል ማርያም ከይሁዳ ትውልድ የላትም እያሉ በመከራከር ችግር ፈጠሩብን። እንዲህ ማለታቸው የጌታችን መድሐኒታችን ኢየሱስ ክርስቶስ ወደዚህ ዓለም መምጣት ለመካድ ነው።
f124fc5f-2c4e-5928-ab79-dd30eb3580b6,2ffd8cfb-fa6d-5cd8-a78f-7e5a04580e90,b4066b4d-cb25-5471-a1e3-9b7e39e28de5,8,8,እነዚህ ከሐዲዎች አይሁድ በመጀመርያ የዓለምን አፈጣጠር እንዳያውቁ ሐዋርያት ኦሪትን እንዳያነቡ ይከለክሉዋቸው ዘንድ እንዲሁም በክርስቶስ ያመነትን ያጠፉላቸው ዘንድ ለግሪክና ለሮም ሰዎች ብዙ ገንዘብን በመስጠት ላይ ነበሩ።
59b2e1fd-064b-5f4a-a345-304caade73e6,2ffd8cfb-fa6d-5cd8-a78f-7e5a04580e90,b4066b4d-cb25-5471-a1e3-9b7e39e28de5,9,9,ይህን በኔ ላይና በጴጥሮስ ላይ የደረሰውን መከራና ችግር ካየሁ ጊዜ (ከከሐዲዎች አይሁድ ዘንድ) ዓለም ከመጀመርያው አንስቶ እንዴት እንደተፈጠረች ያስረዳኝ ዘንድ መምህሬን ጴጥሮስ ጠየቅሁት።
04bad084-ebbe-52a9-a4cd-b73a4ac291b7,2ffd8cfb-fa6d-5cd8-a78f-7e5a04580e90,b4066b4d-cb25-5471-a1e3-9b7e39e28de5,10,10,ቅዱስ ጴጥሮስ ከጌታችን መድሐኒታችን ኢየስስ ክርስቶስ ምሥጢርን ሁሉ አውቆ ነበርና እኔም የፅርዓውያንን ጥበብና መጻሕፍቶቻቸውን ተምሬ ነበርና።
3aad0885-9b48-594a-a761-b10d752e8b74,2ffd8cfb-fa6d-5cd8-a78f-7e5a04580e90,b4066b4d-cb25-5471-a1e3-9b7e39e28de5,11,11,በኔ ላይ ቂምና በቀል አድሮብኝ ነበር። ምክንያቱም ስለ ቅድስት ድንግል ማርያምና ስለ አባታችን አዳም አፈጣጠር ሲጠይቁኝ ስለ ኦሪትና ስለ ነቢያት የማውቀው ነገር ስላልነበረኝ መልስ ለመሥጠት አልቻልኩም ነበርና ተቸግሬ ነበር።
64074021-814c-58e0-ac95-7b19a5762afb,2ffd8cfb-fa6d-5cd8-a78f-7e5a04580e90,b4066b4d-cb25-5471-a1e3-9b7e39e28de5,12,12,ከሁሉ በበለጠ በማርያም ንግሥትና ቅድስት ላይ ስድብን ያሰማሉ ። ነገር ግን እኔ በማውቀው ክፋታቸውና የረከሰ ቃላቸው ለዚሁ ምንም ምክንያትን አላገኙም ።።
6184920e-52aa-5b08-ac4d-553531dce8e2,2ffd8cfb-fa6d-5cd8-a78f-7e5a04580e90,b4066b4d-cb25-5471-a1e3-9b7e39e28de5,13,13,ይህንን ሁሉ ለመምሬ ነገርኩት እሱም በጣም አዘነ መንፈሳዊ ቅንአትም አደረበት ። እንዲህም አለኝ ልጄ ሆይ የጠየቅኸኝን ሁሉ ዘርዝሬ አስረዳሀለሁ አለም ከተፈጠረ ጀምሮ አንስቼ እገልፅላሃለሁ የብርሃን ክርስቶስ እናት ስለሆነችውም ቅድስት ማርያም እነግርሃለሁ። እሷ ያለጥርጥር ከያዕቆብ ልጅ ይሁዳ ናት።
e0b9e254-3df6-5c39-a0ea-40fc6ea18212,2ffd8cfb-fa6d-5cd8-a78f-7e5a04580e90,b4066b4d-cb25-5471-a1e3-9b7e39e28de5,14,14,ሠይጣን ከሰማይ እንዴት እንደወደቀሞ እነግራሃለሁ ልጄ ቀሌሚንጦስ ሆይ ልብ ብለህ ተከተለኝ። ከሁሉም በፊት እግዚአብሔር ይቀድማል መጀመርያ የለውም መጨረሻም የለውም ። ልእልናው ከሁሉ በላይ ነው በህሊና ሊደረስበት አይቻልም ላይና ታች የለውም ።ውስጥና ውጭም የለውም።
207176b6-cea1-5327-ac3e-60750ecf8b8b,2ffd8cfb-fa6d-5cd8-a78f-7e5a04580e90,b4066b4d-cb25-5471-a1e3-9b7e39e28de5,15,15,እሱ ከሁሉ የቀደመ ሁኖ ዘለዓለማዊ ነው። አይለይም አይነገርምም እሱ ከሁሉ በላይ ነውና በመለኮትነቱም ያለ ነው። ከፍጥረቱ ጋር ሁኖ ከሁሉ በላይ ነው። ከፍጥረቱ በታችም ይገኛል ብርሃንን ፈጠረ እሱም ብርሃን ነው ጨለማ የማያገኘው ብርሃን ነው።
3f03697e-e82b-5885-a052-38b2a3be2c52,2ffd8cfb-fa6d-5cd8-a78f-7e5a04580e90,b4066b4d-cb25-5471-a1e3-9b7e39e28de5,16,16,በብርሃናት ውስጥ ይኖራል ዓይኖች ሊመለከቱት አይችሉም ። ከሁሉ አስቀድሞ ያለ ነው ። ሁሉንም የፈጠረ እሱ ነው ። ምሥጋናው ከባህርዩ ይወጣል ። ሁሉን የፈጠረና የሚመሰገን እሱ ነው የግርማው መጠን አይታወቅም የሐያልነቱንም ፅናት አይታወቅም ሰማይንና ምድርን ፈጥሯል።
072b7102-5c44-5d58-a27e-9f6ec9940c67,2ffd8cfb-fa6d-5cd8-a78f-7e5a04580e90,b4066b4d-cb25-5471-a1e3-9b7e39e28de5,17,17,ቀሌሚንጦስ ልጄ ሆይ ልዑል እግዚአብሔር ከሁሉ አስቀድሞ መላእክትን በአሥር ክፍል ከፍሎ ፈጠራቸው በመልካም ዜማና ማሕሌትም ያመሰግኑት ዘንድ አደረገ የሚያመሠግኑትም በየመዓርጋቸው በመቆም ነው ከመላእክት ሁሉ ትልቅ የሆነው ወደ እግዚአብሔር መንበር ይቀርባል።
72984a6a-ebbf-5b78-a1d6-b535821ebe74,2ffd8cfb-fa6d-5cd8-a78f-7e5a04580e90,b4066b4d-cb25-5471-a1e3-9b7e39e28de5,18,18,የሳጥናኤል ክፍል የሆነው ነው ከሁላቸው መላእክት የሚቀድመው እነዚህ መላእክት ያለማቋረጥ ለእግዚአብሔር ምሥጋና ያቀርቡ ነበር። የዕለታት መጀመርያ በሆነው እለተ እሁድ የሰማዮች ሰማይና ምድርን እግዚአብሔር ፈጠረ። ከፍተኛውን ሥፍራ የያዙት መላእክትም በዚሁ ዕለት ተፈጠሩ።
1aae03d3-4a45-557b-a056-a9251a4ac3f1,2ffd8cfb-fa6d-5cd8-a78f-7e5a04580e90,b4066b4d-cb25-5471-a1e3-9b7e39e28de5,19,19,ይህም የሣጥናኤል ወገን ነው መላእክት የመላእክት ዓለቆች ኃይላት መናብርት ሥልጣናት አጋእዝት የሚላላኩ ሱራፌልና ኪሩቤል ፀዳል ብርሃን መዓልት። ሌሊት ነፍሶች ውሆች እነዚህ ሁሉ በቅደም ተከተል ተፈጠሩ እግዚኣብሔር ይህንንም በተቀደሰው ቃሉ በተቀደሰ እሁድ አስተካከለ።
ab2645ab-61d1-5a8e-ad87-91c2192343fa,2ffd8cfb-fa6d-5cd8-a78f-7e5a04580e90,b4066b4d-cb25-5471-a1e3-9b7e39e28de5,20,20,እግዚአብሔር ይህን ሁሉ በፈጠረበት ዕለት መንፈስ ቅዱስ በውሆች ላይ ሰፍፎ ነበር።
a1f94813-8bc3-535d-ad3b-a953aedea9c9,2ffd8cfb-fa6d-5cd8-a78f-7e5a04580e90,b4066b4d-cb25-5471-a1e3-9b7e39e28de5,21,21,በመጀመርያው ዕለት እግዚአብሔር ፋሌክ የሚባለውን ሰማይ ፈጠረ እሱም ዝቅተኛው ክፍል ነው በዚሁም ሰማዮች ሁሉ ይህንን እንደሚመስሉ ይታወቃሉ። ይህንን ፋሌክ የሚባለውም ሰው ያየዋል። ይህ ሰማይ ከከፍተኞች ሰማዮች ተለይቶ ዝቅ ያለ ነው ምክንያቱም ፋሌክ ከተባለው ሰማይ ከፍ ያለ ሌላ ሰማይ ያለ ሲሆን ከሱ የቀጠለም ሌላ ሰማይ አለ ስሙ ድርቲቆን ይባላል።
69307f60-c2bb-54bd-aa06-e66873a3cda9,2ffd8cfb-fa6d-5cd8-a78f-7e5a04580e90,b4066b4d-cb25-5471-a1e3-9b7e39e28de5,22,22,ከዚሁ ሰማይ በላይ ነደእሳት አለ ከእሳቱ በላይ ደግሞ ሰማይ አለ ሰማዮች ሁሉ በብርሃን የተሞሉ ናቸው ይህንን ብርሃን የሰው ዓይን ሊያየውና ሊመለከተው በምንም ዓይነት አይችልም።
7d957d47-d323-5ced-a7e4-ff3f9d6f319e,2ffd8cfb-fa6d-5cd8-a78f-7e5a04580e90,b4066b4d-cb25-5471-a1e3-9b7e39e28de5,23,23,እግዚአብሔር ሰኞ እለት በምድር ላይ ባሉ ውሆች መካከልና በሰማይ በላይ ውሆች መካከል ልዩነትን ፈጠረ። እርስ በርሱ እንደተጫጫነ ደመናም ሆነ።
85dace73-7775-5c90-a14e-a36fe6078134,2ffd8cfb-fa6d-5cd8-a78f-7e5a04580e90,b4066b4d-cb25-5471-a1e3-9b7e39e28de5,24,24,የቀሩት ውሆች በነፋሶች መካከል ይኖራሉ ወድያና ወዲህ በማለትም ለመንቀሳቀስ አይችሉም (አይንቀሳቀሱም)።
24552f35-f6f3-55e1-a300-98ffed163bc7,2ffd8cfb-fa6d-5cd8-a78f-7e5a04580e90,b4066b4d-cb25-5471-a1e3-9b7e39e28de5,25,25,በሦስተኛው ቀን እግዚአብሔር ከሰማይ በታች የነበሩትን ውሆች እሱም ፋሌክ የተባለው ወዳንድ ቦታ እንዲሰበስቡ አዛቸው የብስም ይታይ ዘንድ አዘ። እሱም ታየ።
2f683848-8fe7-53a3-a71e-a4611d679822,2ffd8cfb-fa6d-5cd8-a78f-7e5a04580e90,b4066b4d-cb25-5471-a1e3-9b7e39e28de5,26,26,ውሃው ጨርሶ ሳይለይ የብሱ ጭቃ ሁኖ ታየ መሬትና ውኃ ተደባልቀው ይታዩ ነበር። ውሃው ከየብስ ውስጥ ሆነ ነፋስ ደግሞ ከምድር ውስጥ ይወጣ ነበር። በቀስታም ይነፍሳል በዚሁም ሕይወት ያለው ፍጥረት ሁሉ ይኖራል።
6214961e-7978-5d96-ad8c-0482534d65eb,2ffd8cfb-fa6d-5cd8-a78f-7e5a04580e90,b4066b4d-cb25-5471-a1e3-9b7e39e28de5,27,27,ምድር ከውሃ ላይ እንደምትኖር የሰፍነግ አምሳያ ሁና ተፈጠረች። በዚችም ምድር ላይ ሣርና ልምላሜ እንጨትም ሌሎችም ይበቅሉ ዘንድ እግዚአብሔር አዘዘ።
48696338-13e6-5b13-a7e1-32125702e445,2ffd8cfb-fa6d-5cd8-a78f-7e5a04580e90,b4066b4d-cb25-5471-a1e3-9b7e39e28de5,28,28,እግዚአብሔር በአራተኛው ቀን ፀሐይን ጨረቃን ፈጠረ የፀሐይም ዋዕይ ምድርን ከጭቃነትዋ ያደርቃት ዘንድ አደረገ የምድርንም መሬት ያፀናል።
2a8ac548-5d05-55b7-a333-f9d93ed8b6a2,2ffd8cfb-fa6d-5cd8-a78f-7e5a04580e90,b4066b4d-cb25-5471-a1e3-9b7e39e28de5,29,29,በአምስተኛው ቀን ውሆች የዓሣዎችን ዓይነት ያወጡ ዘንድ እግዚአብሔር ውሆችን አዘዛቸው ውሆችም የተለያየ መልክ ያላቸውን ዓሦች አወጡ ከነፋስ በላይ የሚበሩትንም ፈጠረ አስደናቂ መልክ ያላቸውንም ትላልቅ ነብሮች ፈጠረ።
381ef80c-5024-5075-a45e-c31889d12593,2ffd8cfb-fa6d-5cd8-a78f-7e5a04580e90,b4066b4d-cb25-5471-a1e3-9b7e39e28de5,30,30,እግዚአብሔር በስድስተኛው ቀን ከምድር አራዊትን ሁሉና እንስሳት እንዲሁም ትሎች ፈጠረ። እንዲሁም አባታችን አዳምን በዚችው ዕለት ከአፈር ፈጠረው ሔዋንንም ከጐድኑ አጥንት ፈጠራት።
fe49b43f-eadc-5f52-aa97-0df06dde058c,2ffd8cfb-fa6d-5cd8-a78f-7e5a04580e90,b4066b4d-cb25-5471-a1e3-9b7e39e28de5,31,31,በሰባተኛው ቀን እግዚአብሔር ሥራውን ፈፅሞ ዓረፈ ሰባተኛይቱንም ቀን ሰንበት ብሎ ሰየማት አዳምን በዕለተ ዓርብ በሦስት ሰዓት ነው የፈጠረው። ከላይ እንደተገለፀው በስድስተኛው ቀን አዳም ተፈጠረ። በዚችውም ዕለት ትዕቢትና ቅንዓት በሠይጣን ላይ አደረ።
d39d17ba-8cb8-5836-ac9a-f7feb2baabeb,2ffd8cfb-fa6d-5cd8-a78f-7e5a04580e90,b4066b4d-cb25-5471-a1e3-9b7e39e28de5,32,32,እግዚአብሔር አባታችን አዳምን ከመፍጠሩ አስቀድሞ ሠይጣንን ወደምድር አወረደው። በዚህ ጊዜ የሰማያት ኀይሎች በሙሉ ለተወሰነ ጊዜ ፀጥ አሉ።
b7952b7f-9e1b-5b8b-a277-73027a4f94b1,2ffd8cfb-fa6d-5cd8-a78f-7e5a04580e90,b4066b4d-cb25-5471-a1e3-9b7e39e28de5,33,33,እግዚአብሔር አብ ለወልድና ለመንፈስ ቅዱስ በአርአያችንና በአምሳላችን ሰውን እንፍጠር አላቸው። መላእክት ይህን ከልዑል እግዚአብሔር በሰሙ ጊዜ ከላያቸው ላይ ከባድ ፍርሐትና ድንጋጤ አደረባቸው።
3ee183fe-cd18-5f9f-a44f-570293ffb504,2ffd8cfb-fa6d-5cd8-a78f-7e5a04580e90,b4066b4d-cb25-5471-a1e3-9b7e39e28de5,34,34,በየራሳቸውም ይህ ትልቅ አስደናቂ ተአምር የምንሰማው ምንድር ነው የፈጣሪያችንንና የአምላካችንን አርአያና አምግልንስ ማየት እንዴት ይቻለናል ተባባሉ። ከዚህ ጊዜ ጀምሮ የእግዚአብሔር ቀኝ በምድር ሁሉ ተዘረጋች ዓለም በመላ በእግዚአብሔር መዳፍ ላይ ሁና ለመላእክት ሁሉ ታየቻቸው።
f930db84-b867-5917-acce-c018ace8edb5,2ffd8cfb-fa6d-5cd8-a78f-7e5a04580e90,b4066b4d-cb25-5471-a1e3-9b7e39e28de5,35,35,እግዚአብሔር ከምድር ትንሽ አፈርን ከመላ ምድር ውሆችም ጥቂት ጠብታን ከነፋሶችም ጥቂት ነፋስን ከዋዕየ እሳትም ጥቂቷን አጠራቅሞ በመዳፉ ማህል ሰበሰባቸው ያዛቸውም።
c15ac8ca-7826-5d62-ad8b-0d41abac309c,2ffd8cfb-fa6d-5cd8-a78f-7e5a04580e90,b4066b4d-cb25-5471-a1e3-9b7e39e28de5,36,36,እግዚአብሔር አባታችን አዳምን ከነዚያ አራቱ ደካማዎች ፈጠረው አራቱ ኃይል የሌላቸው ናቸው ይህንን ያደረገው ፍጥረት እንዲታዘዝለት ነው መሬት ሰው ሁሉ እንዲታዘገለት ውሃ። በውሃ ውስጥ የሚንቀሳቀሱ ሁሉ እንዲታዘዙለት። ነፋስ የሚነፍሰውን ሁሉ ለማሽተት ይቻል ዘንድ እሳት። በዋዕይ እንዲጠነክርና የሚረዳውን ሐይል እንዲያገኝ።
58f34ceb-5e35-567c-a4ee-95b9f15a60d4,2ffd8cfb-fa6d-5cd8-a78f-7e5a04580e90,b4066b4d-cb25-5471-a1e3-9b7e39e28de5,37,37,ስለዚህም እግዚአብሔር ልዑል አባታችን አዳሞን በተቀደሰች እጁ በአርአያውና በምሳሌው አድርጎ ፈጠረው ይህም ያደረገበት ምክንያት አዳም ጥበብን፡ ነቢብንና ዕውቀትን ሁሉ እንዲቀበል ነው።
8030c8df-f21c-5779-a66a-0474702d3efe,2ffd8cfb-fa6d-5cd8-a78f-7e5a04580e90,b4066b4d-cb25-5471-a1e3-9b7e39e28de5,38,38,በአዳም ላይ ታላቅ ክብርና ታላቅ ምሥጋና ባዩ ጊዜ መላእክት ከግርማው ብዛት የተነሳ ፈሩ የመለኮት ብርሃን በአዳም ፊት ይበራ ነበር። የአዳም ፊት ብርሃን ከፀሐይ ይበልጥ ነበር። ሥጋውም እንደንጋት ኮከብ ይበራ ነበር።
38aa29cd-d44c-5535-a056-ae17b3b9f362,2ffd8cfb-fa6d-5cd8-a78f-7e5a04580e90,b4066b4d-cb25-5471-a1e3-9b7e39e28de5,39,39,የአዳም አፈጣጠር ከተፈፀመ በኋላ አዳም በምድር ላይ ቆመ። እግሩንም ወደጎልጎታ አቀና ቀኝ እጁንም ጌታችን ወደተሰቀለበት ጎልጎታ ዘረጋ።
94ccec05-ac98-56e9-a4f1-d06ae5b1159d,2ffd8cfb-fa6d-5cd8-a78f-7e5a04580e90,b4066b4d-cb25-5471-a1e3-9b7e39e28de5,40,40,ከዚህ ጊዜ ጀምሮ እግዚአብሔር አባታችን አዳምን የምስጋና አክሊልን ልብሰ መንግሥትን የግርማ ከፍተኛነትን አለበሰው በራሱ ላይም የመንግሥትን አክሊል አቀዳጀው። በዚህ ጊዜ ንጉሥነትንና ነቢይነትን ሠጠው በክብር መንበር ላይም አስቀመጠው።
bfd4417b-7899-5dff-a37d-3ec751601832,2ffd8cfb-fa6d-5cd8-a78f-7e5a04580e90,b4066b4d-cb25-5471-a1e3-9b7e39e28de5,41,41,አራዊትና እንስሳት ወፎች እግዚአብሔር የፈጠረው ሁሉ ወደ አዳም ተሰበሰበ ከፊቱም ቁመው ራሳቸውን አዘነበሉ ለአዳምም ሰገዱ።
868ac6b4-562f-5f8e-a014-75cd16e5677e,2ffd8cfb-fa6d-5cd8-a78f-7e5a04580e90,b4066b4d-cb25-5471-a1e3-9b7e39e28de5,42,42,አዳም ለሁሉም በየስሙ ሰየመው ፍጥረት ሁሉም ለአዳም ይታዘዝና ቃሉንም ይጠብቅ ነበር።
701343e7-dc8d-5f12-a64b-97f25c05e615,2ffd8cfb-fa6d-5cd8-a78f-7e5a04580e90,b4066b4d-cb25-5471-a1e3-9b7e39e28de5,43,43,በዚህ ጊዜ መላእክት የእግዚአብሔር ቃል አዳም ሆይ እነሆ ንጉሥ ካህን ነቢይ መስፍን ለፍጥረት ሁሉ ገዢ ስላንተ በፈጠርሁት ሁሉ እንድትሆን አደረግሁ ፍጥረት ሁሉ አንተን ይስሙ ለቃልህም ይታዘዙ ከእጅህ በታችም ይሁኑ ይህንንም ሁሉ ላንተ ብቻ ሠጠሁ።
b6085c1a-a1a7-5cab-aae7-7fe7e55d03c4,2ffd8cfb-fa6d-5cd8-a78f-7e5a04580e90,b4066b4d-cb25-5471-a1e3-9b7e39e28de5,44,44,የፈለግኸውን ታደርግ ዘንድ ይህንን ሥልጣን ሠጠሁህ ሲል ስሙ።።
fddac940-c5a6-5b39-ad8d-b5631ce26ca2,2ffd8cfb-fa6d-5cd8-a78f-7e5a04580e90,b4066b4d-cb25-5471-a1e3-9b7e39e28de5,45,45,መላእክት ይህንን የልዑል እግዚአብሔር ቃል በሰሙ ጊዜ ትልቁ የአዳም ግርማ በፊታቸው ላይ እጅግ በዛ።
d4a25aad-0a9e-570b-af34-c3a1d54f3bef,2ffd8cfb-fa6d-5cd8-a78f-7e5a04580e90,b4066b4d-cb25-5471-a1e3-9b7e39e28de5,46,46,ሠይጣን ለአዳም ከእግዚአብሔር የተሠጠውን ኃብተፀጋ ባየ ጊዜ ከዚች ሰዓት ጀምሮ ቅንአት አደረበት ። በአዳም ላይም ቀናበት እሱንም አስቶ ከእግዚአብሔር የሚያርቅበትን የሱንም ታዛዥ የሚየደርግበትን ተንኰል በማሰብ ከፀጋ እግዚአብሔር አዳምን ለማውጣት ተነሳ።
3bc35100-b452-5e26-a4c0-531995a7961b,2ffd8cfb-fa6d-5cd8-a78f-7e5a04580e90,b4066b4d-cb25-5471-a1e3-9b7e39e28de5,47,47,በዚህ ጊዜ እግዚአብሔር በሠይጣን ላይ የነበረውን የምሥጋና ልብስና የግርማ ልዕልና አስወገደ። ሠይጣን ብሎም ሠየመው በእግዚአብሔር ላይ ታብዮአልና በእግዚአብሔር መንገድም አልሄደምና ለራሱም ክብር ወዷልና።
d4ecd7fa-7c67-547c-a98f-0dbe0d7f0310,2ffd8cfb-fa6d-5cd8-a78f-7e5a04580e90,b4066b4d-cb25-5471-a1e3-9b7e39e28de5,48,48,አዳም በጎልጎታ ላይ ሳለ ፍጥረታት ሁሉ ወደሱ ተሰበሰቡ የተሰበሰቡበትም ምክንያት ከአዳም ጋር የሚናገረውን የእግዚአብሔር ቃል ለመስማት ነው።
8b3d30a3-34fb-5f22-a05f-52a4f91ab9f8,2ffd8cfb-fa6d-5cd8-a78f-7e5a04580e90,b4066b4d-cb25-5471-a1e3-9b7e39e28de5,49,49,ወድያው የብርሃን ደመና መጥቶ አዳምን ተሸከመው ወደገነትም ወሰደው የመላእክት ሠራዊት በዚህ ጊዜ ከአዳም ፊት ለፊት ከምስጋና ጋር ከማሕሌት ጋርና ከዝማሬ ጋር በጥዑም ዜማ እግዚአብሔርን እያመሰገኑ ይጓዙ ነበር። ኪሩቤል ባንድ በኩል ሲባርኩ ሱራፌልም ይቀድሱ ነበር። አዳም ወደገነት ዓርብ በሦስስት ሰዓት ገባ።
c185b206-caf1-5440-ae92-435cedf7cd82,6575e998-11f1-5f0d-abc1-a72d4f4677db,0dff62dd-a401-5071-a3a2-168b11e310b9,1,1,እግዚአብሔር አዳምን ትእዛዛትን ሁሉ እንዲፈፅም አዘዘው በተለየም በገነት ከምትገኘዋ ዕፅ እንዳይበላ አዘዘው ወድያውም እግዚአብሔር በአዳም ላይ የሚጣፍጥ እንቅልፍን አመጣ እሱም በገነት ተኛ።
fdbbacf9-1a82-535d-a7af-0f64b85dd320,6575e998-11f1-5f0d-abc1-a72d4f4677db,0dff62dd-a401-5071-a3a2-168b11e310b9,2,2,እግዚአብሔር ከአዳም ግራ ጐድን አንድ አጥንትን ነቀለ ከዚሁም ሔዋንን ፈጠራት አዳም ሔዋንን ባያት ጊዜ (ከእንቅልፍ ነቅቶ) እጅግ ደስተሰኘ በጣምም ወደዳት።
946b2b1e-8bb5-5129-a7a7-c63b54d4faa8,6575e998-11f1-5f0d-abc1-a72d4f4677db,0dff62dd-a401-5071-a3a2-168b11e310b9,3,3,እነሱ በገነት ኤዶም ሲኖሩ እግዚአብሔር ክብርንና ግርማን ምሥጋናን አለበሳቸው እነሱም እጅግ እያመሰገኑ ደስ አላቸው ስለተሠጣቸውም ግርማና ትልቅ ምሥጋና በበለጠ ደስ ተሰኘ እግዚአብሔርም ለጋብቻ ወሰነላቸው መላእክት ሁላቸውም ስለአዳምና ሔዋን ደስ አላቸው።
b5030fd6-1e69-558f-a6f7-6fd460118cdb,6575e998-11f1-5f0d-abc1-a72d4f4677db,0dff62dd-a401-5071-a3a2-168b11e310b9,4,4,ወልድ በግርማ መንግሥቱ ደግሞ ሲመጣ በቀኝ በኩል ከቆመት ይህን የመሰለ ደስታ እስኪሰማ ድረስ ከዚያ በፊት ተሰምቶ የማያውቅ ደስታ ተሰማ።
86829d2a-1e35-52c8-a8b8-bcda3ad63f80,6575e998-11f1-5f0d-abc1-a72d4f4677db,0dff62dd-a401-5071-a3a2-168b11e310b9,5,5,አዳምና ሔዋን በገነት ለሦስት ሰዓታት ያህል ኖሩ ገነት ከነፋሳት ላይ ሁና መሬትዋ ሰማያዊ ነው ከረጃጅም ተራራዎች በላይ ትገኛለች ከረጃጅም ተራራዎች ገነት የምትገኝበት ከፍታ አሥራአምስት ሜትር ነው።
c750872c-64d1-52bc-a502-cfb5c69ba100,6575e998-11f1-5f0d-abc1-a72d4f4677db,0dff62dd-a401-5071-a3a2-168b11e310b9,6,6,ገነት ክርስቶስ እጆቹን ዘርግቶ የተሠቀለበት ዕፀመስቀል ምሳሌናት ቅዱስ መስቀል በምድር ላይ ተተክሏል።
e7a5a0e8-9343-51f5-a45b-eee35f559883,6575e998-11f1-5f0d-abc1-a72d4f4677db,0dff62dd-a401-5071-a3a2-168b11e310b9,7,7,ሠይጣን ግን በክፋቱ ከእግዚአብሔር ለአዳምና ሔዋን በተሠጠው ፀጋ ሁሉ ይቀና ነበር። በአውሬም እያመኻኘ ሠይጣናዊ ተግባሩንና ሠይጣናዊ ምቀኝነቱን ለማካሄድ ተነሳ።
6ace4ac8-e4a7-514b-ac73-97fe22159a64,6575e998-11f1-5f0d-abc1-a72d4f4677db,0dff62dd-a401-5071-a3a2-168b11e310b9,8,8,ይህ አርዌ ከአውሬዎችና ከእንስሳት ሁሉ የአስተያየቱ ውበት ያማረ ነበር። የመጀመርያው አፈጣጠሩ በግመል ግልገል መልክ ነበርና።
6b25c255-f1e6-52be-afa1-491a2d461f10,6575e998-11f1-5f0d-abc1-a72d4f4677db,0dff62dd-a401-5071-a3a2-168b11e310b9,9,9,ከዚያ በኋላ ሠይጣን የምድር አርዌን ተሸክሞ ወሰደው ወደገነትም አስገባው ከዚህ የተነሳም ሠይጣን መልኩ አስደሳች በሆነው የምድር አርዌ ላይ ተደበቀ። እግዚአብሔር አሳድሮለት የነበረውን የክብር ልዕልና ካስወገፁበት ጀምሮ መልኩ እጅግ የከፋና ማንም ወደሱ መመልከት የማይችል ሁኗል።
242e2658-b607-554b-a265-fdb7655f667c,6575e998-11f1-5f0d-abc1-a72d4f4677db,0dff62dd-a401-5071-a3a2-168b11e310b9,10,10,ሔዋን በምድር አርዌ ውስጥ ተሠውሮ ባያናግራት ነሮ ከሱ ጋር መነጋገር ቀርቶ ደንግድጣና ፈርታ በሸሸች ነበር።
5adbb51d-e0d5-56a8-ae4e-151917abf657,6575e998-11f1-5f0d-abc1-a72d4f4677db,0dff62dd-a401-5071-a3a2-168b11e310b9,11,11,ነገርግን ይህ ሠይጣን በሰው ቋንቋ እየተናገረ ወፍን የሰው ንግግር እንደሚያስተምር ብሩህ የሆነችንም መስታወት አንስቶ በራሱና በወፉ መካከል እንደሚኖር በመምሰልና ወፉን በፈለገው ቋንቋ እንደሚናገረው እንደሚያስተምረው በመምሰል አመካኘ።
6db067af-c7f2-56df-a94e-4635a610f629,6575e998-11f1-5f0d-abc1-a72d4f4677db,0dff62dd-a401-5071-a3a2-168b11e310b9,12,12,ወፍ የራሱን ምስል በመስታወት ካየ ያየውን አይጥልም እሱ ራሱ ወደሱ የመጣ ይመስለዋል ከመፅሔቱ የሚታየውንም ምስል ትምህርት ለመማር ወደሱ ይመጣል።
ead4710d-aebe-5eab-accf-ca024c194cfc,6575e998-11f1-5f0d-abc1-a72d4f4677db,0dff62dd-a401-5071-a3a2-168b11e310b9,13,13,እንደዚሁ ሁሉ ሠይጣን ወደአውሬው በገባ ጊዜ ወደሔዋን ሄደ ። ብቻዋ በገነት ላይ ቁማ ካለችበትም ደረሰና በስሟ ጠራት ። እሷም ዞር ብላ ተመለከተችው የራሷንም መልክ እንደመስታወት አስመስሎ አሳያት በቃሉም አሳታት።
99357fb6-0d24-56ed-a607-4de2e8e8229b,6575e998-11f1-5f0d-abc1-a72d4f4677db,0dff62dd-a401-5071-a3a2-168b11e310b9,14,14,ሴት በተፈጥሮዋ ደካማ ናት የሰማችውን ሁሉ ምንም ሳታመዛዝን ዓሜን ብላ ትቀበላለችና።
c118767b-8267-53bb-a58f-0c01a4ee57ea,6575e998-11f1-5f0d-abc1-a72d4f4677db,0dff62dd-a401-5071-a3a2-168b11e310b9,15,15,ሠይጣን በተንኰሉና በክፋቱ ብዛት ያነጋገራት በገነት ስላለችው ዕፅ ነው ዕጿ ጣፋጭ መሆንዋን ከመናገሩ በላይ እሷን ከበላሽ 13 አምላክ ትሆኛለሽ አላት።
39a5ddde-ca69-51b1-aff6-dbf3c4d1437b,6575e998-11f1-5f0d-abc1-a72d4f4677db,0dff62dd-a401-5071-a3a2-168b11e310b9,16,16,እሷ ልዑል እግዚአብሔር ከዚች ዕፅ እንዳይበላ አዳም መታዘዙን አልሰማችም ነበርና ሠይጣን ጣፋጭነቷን ከነገራት የገነት ዕፅ ፍሬ ለመብላት ወደደች።
f5ad385c-7714-580f-ab26-26d5239e556d,6575e998-11f1-5f0d-abc1-a72d4f4677db,0dff62dd-a401-5071-a3a2-168b11e310b9,17,17,ሠይጣንም በፍጥነት ሄዶ ከዕፁ ፍሬ ሠጣት እሷም በፍጥነት ወደአዳም ሄደችና ፍሬውን ሠጠችው ይህን ከበላህ አምላክ ትሆናለህም አለችው ።
db192eca-0d5b-5a60-ae47-9a127f4246b3,6575e998-11f1-5f0d-abc1-a72d4f4677db,0dff62dd-a401-5071-a3a2-168b11e310b9,18,18,አዳም የሔዋንን ቃል ሰሞቶ አምላክ ለመሆን ወደደ እሷ እንዳለችው ሁለቱ ፍሬውን በበሉ ጊዜ ዕራቁታቸው ሆኑ የለበሱት ፀጋ እግዚአብሔር ከላያቸው ተገፈፈ በነሱ ላይ ከነበረው ፀጋ እግዚአብሔር ተገፎ ዕራቁታቸው ሲሆኑ ሐፍረታቸው ተገለጠ።
0dbd5128-cb96-57e8-af88-da24bfb4b938,6575e998-11f1-5f0d-abc1-a72d4f4677db,0dff62dd-a401-5071-a3a2-168b11e310b9,19,19,በዚህ ጊዜ ከበለስ ቅጠል ቈርጠው ዕርቃናቸውን ለመሽፈን ያህል ቈርጠው ታጠቁ ለከባድ ሐዘን ተጋለጡ ሦስት ሰዓት ሙሉ ያለዕረፍት አለቀሱ አዳም ወደገነት የገባው በእለተ ዓርብ በሦስት ሰዓት ነው ከገባም ጀምሮ በመንፈሳዊ ፀጋና በንጉሥነት ይገኝ ነበር። ይህም እግዚአብሔር ለሁለቱ የሠጣቸው ነው። እግዚአብሔር ሁለቱን ብዙ ወቀሳቸው ዘጠኝ ሰዓት ሲሆን በብዙ ልቅሶ በብዙ ዋይታና ጩኸት ሳይወዱ በግድ ከገነት ተባረሩ።
50c58fe6-2f90-5850-a6b8-aed2b60b19b8,6575e998-11f1-5f0d-abc1-a72d4f4677db,0dff62dd-a401-5071-a3a2-168b11e310b9,20,20,የበለስን ቅጠል ለብሰው ከቈዩ በኋላ እግዚአብሔር ቁርበትን አለበሳቸው ይህንንም ቁርበት የሐዘን ልብስ ነው።
cba86eb6-3cb1-517f-ab3b-60a63b675714,6575e998-11f1-5f0d-abc1-a72d4f4677db,0dff62dd-a401-5071-a3a2-168b11e310b9,21,21,አዳምና ሔዋን ከገነት ወጥተው ከገነት ወደስተምሥራቅ በኩል ተኙ ከእንቅልፋቸውም ሲነቁ እግዚአብሔር አዳምን ተናገረው እንዲህም አለው አትዘን እነሆ ትእዛዜን አፍርሰህ ከወጣህበት ገነት መልሼ እንድትገባ አደርጋለሁ።
309db599-0f4b-5a10-aacf-f5b81568a675,6575e998-11f1-5f0d-abc1-a72d4f4677db,0dff62dd-a401-5071-a3a2-168b11e310b9,22,22,እንግዲህ ልብ በል በአንተ የሥሕተት ሥራ ምድርን ረገምኩዋት ይህም ባንተ በደልና ሐጢአት ምክንያት ነው ዳግመኛም ሔዋንን ስላሳታት እባብን ረገምኩት እጅና እግሩንም ወደሆዱ እንዲገባና ምግቡም አፈር እንዲሆን አደረግሁ።
b211ce7a-4935-590c-a4c1-5ea8159c3230,6575e998-11f1-5f0d-abc1-a72d4f4677db,0dff62dd-a401-5071-a3a2-168b11e310b9,23,23,አንተን ግን አልረገምኩህም ሔዋንን ግን ካንተሥር እንድትሆን ፈርጀባታለሁ እንግዲህ አስተውል ባንተ ላይ የፈረድኩትን ፍርድ ስትጨርስ ባንተና በሔዋን ምክንያት ምድር ስለተረገመች በኋላ ልጀንና ወዳጄን እልከዋለሁ እሱም ከሰማይ ወደምድር ይወርዳል ማርያም ተብላ ከምትጠራው ድንግልም ይወለዳል እሷም ያንተ ዘር ናት።
24cdd45b-04e0-5ae6-ad6d-de6133e89592,6575e998-11f1-5f0d-abc1-a72d4f4677db,0dff62dd-a401-5071-a3a2-168b11e310b9,24,24,እሷንም እገነባትና እመርጣታለሁ ትውልድ አልፎም ትውልድ እየተተካ ወልድ ከሰማይ እስኪወርድ ድረስ ይቈያል።
7e8479fe-7d1d-5088-abeb-8c2cc2cace49,6575e998-11f1-5f0d-abc1-a72d4f4677db,0dff62dd-a401-5071-a3a2-168b11e310b9,25,25,በዛን ጊዜ የድሕነትህ መጀመርያ ይሆናል ወደ ርስትህም ትመለሳለህ አንተ በሞትክ ጊዜ ከርቤና ዓልው በተባሉ የሽቱ ዓይነቶች ቀብተው አሥከሬንህን በቤተመዛግብት ያኖሩት ዘንድ ልጆችህን አዛቸዋለሁ ልጆችህ ከደብር ቅዱስ እስኪመጡ ድረስም ከዚያ ትቆያለህ።
51185363-bd06-5ca0-af96-0d1b4b025ba2,6575e998-11f1-5f0d-abc1-a72d4f4677db,0dff62dd-a401-5071-a3a2-168b11e310b9,26,26,ወደተረገመች ምድርም ልጆችህ ይሰበሰባሉ ልጆችህንም ጋር በቤተመዛግብት ተጠብቆ ከኖረ በኋላ ሥጋህን ከነሱ ይውሰዱት እኔ ወደ ማመለክታቸውም ቦታ ይውሰዱት።
0b045c0d-410f-5f88-ad06-c8c8df65f010,6575e998-11f1-5f0d-abc1-a72d4f4677db,0dff62dd-a401-5071-a3a2-168b11e310b9,27,27,ያ ቦታ ያንተን ሥጋ ካኖሩበት በኋላ ዘመን ያንተን መድሐኒትና የልጆችህንም መድሐኒት እንዲገለፅበት (እንዲፈፀምበት) አደርጋለሁ። ያ ያንተን ሥጋ የሚያኖሩበት ቦታ ለወደፊት ያንተን ድሕነት የማሳይበት ቦታ ይሆናል በዚሁም ያንተና የልጆችህ ድሕነት ይገለፃል አለው እግዚአብሔር ለአዳም ለወደፊት በዚች በተረገመች ምድር ሐዘን መከራና በሽታ እንደሚፈራረቁባት ከነገረው በኋላ እንዲታገሥ ነግሮታል።
bbba716a-e5bc-5e3e-ad20-117c796b3983,6575e998-11f1-5f0d-abc1-a72d4f4677db,0dff62dd-a401-5071-a3a2-168b11e310b9,28,28,አዳምና ሔዋን ከገነት በወጡ ጊዜ እግዚአብሔር በገነት በር ላይ እሳታዊ መልአክን አቆመ ይህ መልአክ በእጁ ላይ የእሳት ጦር ነበር።
17a71168-a7bd-57d7-a7d4-aa4cf69589f0,6575e998-11f1-5f0d-abc1-a72d4f4677db,0dff62dd-a401-5071-a3a2-168b11e310b9,29,29,አዳምና ሔዋን መጥርዮን ተብሎ ከሚጠቀስና በገነት በታች ከሚገኘው ደብር ቅዱስ ኖሩ።
bd45717a-45c3-5ecd-a06f-c42ad5cba6e5,6575e998-11f1-5f0d-abc1-a72d4f4677db,0dff62dd-a401-5071-a3a2-168b11e310b9,30,30,በዚሁ ደብር ላይ ባንድ ዋሻ ውስጥ በንፅሕና ና በድንግልና ሁነው ለመኖር ቻሉ።
ab243bed-4647-566e-a815-92cddcf86de6,6575e998-11f1-5f0d-abc1-a72d4f4677db,0dff62dd-a401-5071-a3a2-168b11e310b9,31,31,አዳም ከሔዋን ጋር እያለ ከገነት እግርጌ ወርቅን ከርቤንና ዕጣንን ያዘና ቀደሰው ባረከውም በዚች ዋሻ ለራሱ የጸሎት ቦታ አዘጋጅቶ ነበርና ይህንንንም ወርቅ ዕጣንና ከርቤ አጥን ሠጣት እንዲህም አላት ይህንን ሁሉ ያዥ እጅ መንሻ ነውና አምሃነቱም ወልደ እግዚአብሔር ወደዚህ ዓለም ሲመጣ ይሆናል።
6bcc8df6-85b0-545e-a128-ea72924de256,6575e998-11f1-5f0d-abc1-a72d4f4677db,0dff62dd-a401-5071-a3a2-168b11e310b9,32,32,ወርቅ የወልደ እግዚአብሔር መንግሥት ምልክት። ዕጣን የህላዌ መለኮቱ ምልክት ከርቤ ከኛ ለሚለብሰው ክቡር ሥጋው መገነዣ ናቸው። ይህም ወልደ አምላክ እኛን ለማዳን ወደዚህ ዓለም በሚመጣበት ጊዜ በኔና ባንቺ መካከል ምስክር ይሆናል አለ።
1982c242-7baf-5143-aabc-60ec196ed919,6575e998-11f1-5f0d-abc1-a72d4f4677db,0dff62dd-a401-5071-a3a2-168b11e310b9,33,33,አዳም እቺን ዋሻ ቤተመዛግብት ብሎ ሰየማት አዳምና ሔዋን ከገነት ወጥተው አሥር ዓመት በሙሉ በልቅሶ በዋይታና በታላቅ ሐዘን ነበሩ።
6cf2998e-e45c-585d-ae78-9b584b687ce1,6575e998-11f1-5f0d-abc1-a72d4f4677db,0dff62dd-a401-5071-a3a2-168b11e310b9,34,34,አዳምና ሔዋን ከደብር ቅዱስ ወርደው ከሱ በታች ተቀመጡ በዚሁ አዳም ሔዋንን ተገናኛት እሷም ፀነሰች የመውለጃዋ ጊዜም ደረሰ ቃየልንና ሉድንም መንታዎች ወለደች።
3a2ab720-a73d-5930-a400-3dbd18164c2f,6575e998-11f1-5f0d-abc1-a72d4f4677db,0dff62dd-a401-5071-a3a2-168b11e310b9,35,35,ዳግመኛም ሔዋን ፀነሰች የመውለጃዋም ጊዜ ደረሰ መንታዎቹን አቤልንና አቅሌምያንም ወለደች።
925ba0ae-346c-5477-acf1-2a0c8a221b6a,6575e998-11f1-5f0d-abc1-a72d4f4677db,0dff62dd-a401-5071-a3a2-168b11e310b9,36,36,እነዚህ ሁለት ወንዶችና ሁለት ሴቶች የአዳም ልጆች አድገው ለጋብቻ ደረሱ። አዳም ይህን ተመልክቶ ሔዋንን እነሆ እግዚአብሔር እነዚህ ልጆቻችንን አሳደጋቸው ስለዚህ ቃየል የአቤልን እህት ኣቅሌምያን ያግባት አቤል ደግሞ የቃየልን እህት ሉድን ያግባት አላት።
c4628b7f-4817-5c7c-ad5f-180ac72c54fa,6575e998-11f1-5f0d-abc1-a72d4f4677db,0dff62dd-a401-5071-a3a2-168b11e310b9,37,37,አዳምና ሔዋን በዚሁ ተስማሙ ቃየል ግን እናቱን ሔዋንን እናቴ ሔዋን ሆይ ለኔ ሚስት ትሆነኝ ዘንድ ከኔጋር የተወለደችውን ሉድን ልትሠጡኝ ይገባል ለአቤል ደግሞ ከሱ ጋር የተወለደችውን እህቱ አቅሌምያን ሚስት ትሆነው ዘንድ ትሠጡት ይገባል አላት።
fe8b7e8d-054f-5324-a40c-b957a0d20623,6575e998-11f1-5f0d-abc1-a72d4f4677db,0dff62dd-a401-5071-a3a2-168b11e310b9,38,38,ቃየል እንዲህ ሊል የቻለበት ምክንያት የሉድ መልክ እንደናቷ ሔዋን መልከ መልካም ስለነበረ ነው አዳም የቃየልን አባባል ሰምቶ እጅግ አዘነ ቃየል ሆይ አንተ ካንተ ጋር የተወለደችውን መንትያህ ልታገባ አይገባም ህግ አይፈቅድምና አለው።
d86f8ffb-1a12-50ed-ab08-513cd7e05395,6575e998-11f1-5f0d-abc1-a72d4f4677db,0dff62dd-a401-5071-a3a2-168b11e310b9,39,39,በዚህ ጊዜ በቃየል ላይ ቅንዓት አደረበት ወንድሙን አቤልንም ለመግደል ፈለገ። ወድያው አባታቸው አዳም ለአቤልና ለቃየል ለእግዚአብሔር መስዋዕትን ታቀርቡ ዘንድ ከምድር ፍሬና ከበግ ግልገሎች መርጣችሁ አቅርቡ አላቸው።
eef7b538-ecd3-50ee-a644-ead1d8472a96,6575e998-11f1-5f0d-abc1-a72d4f4677db,0dff62dd-a401-5071-a3a2-168b11e310b9,40,40,አዳም ንግግሩን በመቀጠል እንዲህ አላቸው ወደደብር ቅዱስ ውጡ ከዚሁ ወደሚገኘው በዓተ መዛግብትንም ግቡ ከዚሁም ሁናችሁ በመጀመርያ ለእግዚአብሔር ጸሎት አድርሱ ወድያውም የተሸከማችሁትን ፍሬና በግ ለቁርባን አቅርቡ።
567149d3-0447-534f-a95b-186ee038f2f9,6575e998-11f1-5f0d-abc1-a72d4f4677db,0dff62dd-a401-5071-a3a2-168b11e310b9,41,41,ይህን ከፈፀማችሁ በኋላ የየራሳችሁን ሚስቶች ትወስብችሁ።
79f2f4dc-cbc6-507a-aff4-b0e7b1ae8a19,6575e998-11f1-5f0d-abc1-a72d4f4677db,0dff62dd-a401-5071-a3a2-168b11e310b9,42,42,ሁለቱ ወንድማማች ቃየልና አቤል አባታቸው ኣዳም እንዳዘዛቸው አዳረጉ ወደደብር ቅዱስ በመውጣት ላይ እያሉም ሠይጣን ወደቃየል ልብ ገባ አቤልን ወንድሙን ለመግደል እንዲነሳሳ አደረገው።
36d0e974-5959-5539-aac6-e5316a3b6830,6575e998-11f1-5f0d-abc1-a72d4f4677db,0dff62dd-a401-5071-a3a2-168b11e310b9,43,43,ሁለቱ ቃየልና አቤል ቁርባናቸውን በእግዚአብሔር ፊት አቀረቡ እግዚአብሔር ግን የአቤልን መሥዋዕት ተቀበለ የቃየል መሥዋዕትን ግን አልተቀበለም። እግዚአብሔር የቃየልን ወንድሙን ለመግደል መነሳሳቱን አውቋልና።
8f444282-0ad0-5297-a199-6bc5ade61b0b,6575e998-11f1-5f0d-abc1-a72d4f4677db,0dff62dd-a401-5071-a3a2-168b11e310b9,44,44,ቃየል የሱን መሥዋዕት ሳይቀበል እግዚአብሔር የዓቤልን መስዋዕት መቀበሉን ሲመለከት ቅንዓቱ ዕጥፍ ሆነ ቅንዓቱ ቁጣውና ንዴቱ ተጨመረ።
20f88b36-a0e7-58d4-a537-40cafec3569e,6575e998-11f1-5f0d-abc1-a72d4f4677db,0dff62dd-a401-5071-a3a2-168b11e310b9,45,45,ከደብር ቅዱስ አቤልና ቃየል እየወረዱ እያለ ቃየል በአቤል ላይ ጨከነ በድንጋይም ማህል ራሱን መትቶ ገደለው።
ec673ec2-4a01-5798-ac30-303959edeb5e,6575e998-11f1-5f0d-abc1-a72d4f4677db,0dff62dd-a401-5071-a3a2-168b11e310b9,46,46,እግዚአብሔር ወንድሙን አቤልን በመግደሉ ረገመው በሱ ላይ ልዩ ምልክት አሳደረ በፍርሐት በድንጋጤና በጭንቀት ይኖር ዘንድም አደረገው እሱንና ሚስቱንም ከደብረ ቅዱስ ወርደው በተረገመች ምድር እንዲኖሩ አደረገ።
9f8fc9eb-6b4b-597d-a125-b729ec05e8fd,6575e998-11f1-5f0d-abc1-a72d4f4677db,0dff62dd-a401-5071-a3a2-168b11e310b9,47,47,አዳምና ሔዋን ባሉበት ሁነው በአቤል ሞት ምክንያት አዘኑ አለቀሱም ከዚህም በኋላ አዳም ሔዋንን ተገናኛት እሷም ፀንሳ ሴትን ወለደችው ሴት መልከ መልካም ብርቱ። ፅኑና መላ ቁመናው እንዳባቱ አዳም ሆነ እግዚአብሔርም በዚች ምድር ለሚኖሩ ሐያላን ሁሉ አባታቸው ይሆናቸው ዘንድ አደረገው።
29c94b0e-14a3-583f-a174-e37d6cfaa895,6575e998-11f1-5f0d-abc1-a72d4f4677db,0dff62dd-a401-5071-a3a2-168b11e310b9,48,48,ሴት ከቃየል ጋር ተወልዳ ለአቤል ተሠጥታ የነበረችውን ሉድን አገባት ከዚያበኋላ ሄኖስን ወለደው ሄኖስ ቃይናንን። ቃይናን መላልኤልን ወለዱ።
3f17e85e-d673-5f30-a0d1-44558fdb9636,6575e998-11f1-5f0d-abc1-a72d4f4677db,0dff62dd-a401-5071-a3a2-168b11e310b9,49,49,እነዚህ አበው አዳም በሕይወት እያለ ነው የተወለዱት ከዚያ በኋላ አዳም ዘጠኝ መቶ አምሳ ዓመት ኖረ አዳም እያለ መላልኤል የመቶ ሠላሳ ስምንት ዓመት ሰው ሁኖ ነበር።
30f1dfb5-080f-568b-aae2-2536c0197861,6575e998-11f1-5f0d-abc1-a72d4f4677db,0dff62dd-a401-5071-a3a2-168b11e310b9,50,50,አዳም የመሞቻው ጊዜ ሲደርስ ሴትን ሄኖስን ቃይናንንና መላልኤልን ወደሱ ጠራቸው በነሱ ላይም ጸለየ ባረካቸውም ልጁ ሴትንም ልጄ ሴት ሆይ የማዝህና የሞነግርህን ነገር ሁሉ ልብ ብለህ ስማ ወደልብህም አስገባው።
48f30190-dc48-5ae5-a3d0-1656bc39e927,6575e998-11f1-5f0d-abc1-a72d4f4677db,0dff62dd-a401-5071-a3a2-168b11e310b9,51,51,ከዚህ ዓለም የሞትለይበት ጊዜ ሲደርስ ልጅህ ሄኖስን እንዲህ ብለህ እዘዘው አንተ ቃይናንን እዘዝ ቃይናንም መላልኤልን ይዘዘው በዚሁም መንገድ ቅደም ተከተልን ይዘው ልጆችህ ይዘዙ ይህችንም ትእዛዝ ይጠብቁ።
a560fdf9-0892-533a-a38f-e832bda86335,6575e998-11f1-5f0d-abc1-a72d4f4677db,0dff62dd-a401-5071-a3a2-168b11e310b9,52,52,ትውልድ አልፎ ሌላ ትውልድ እየተተካ ሕዝብም አልፎ ሌላ ሕዝብ ሲተካ እኔ በሞትኩ ጊዜ የኔን ሥጋ በተለያዩ መልካም ሽቶ ዓይነቶች ቀብተህ ጠብቀው በበዓተ መዛግብት (በደብረ ቅዱስ)ም አኑረው ጎረቤቶችህና ልጆችህ ከደብር ቅዱስ ወጥተው ወደገነት እስኪገቡ ድረስም ከዚያ ይኑር።
9412e4b1-c08b-51da-aeb7-cf562ce0d64a,6575e998-11f1-5f0d-abc1-a72d4f4677db,0dff62dd-a401-5071-a3a2-168b11e310b9,53,53,ሥጋህንም ይሸከሙ ከነሱ ጋርም ወስደው ያስቀምጡት ትልቅ አጠባበቅንም ያድርጉለት በምድር ላይ በዚችም ምድር ያን ጊዜ ያንተ ድሕነትና የኔንም ሆነ የኔ ልጆችም ድሕነትን የሚያገኙት ከዚህም በማያያዝ ሕዝቦችህን ጊዜ ያን ጊዜ ይሆናልና። በመልካም አመራር ምራቸው እግዚአብሔርንም እንዲፈሩ አስተምራቸው።
bff20d56-94d3-5150-a3cc-78d63c140596,6575e998-11f1-5f0d-abc1-a72d4f4677db,0dff62dd-a401-5071-a3a2-168b11e310b9,54,54,ራስህንና ልጆችህን ከነፍሰ ገዳዩ አቤል ቤተሰብ አርቅ የቀንንና እያፈራረቅህ የሌሊትንም ሰዓቶች አስተውል ሰአታቶቹ እግዚአብሔርን የምታመሰግንና እሱንም የምትለምን እንድትሆን። ይህንን ሁሉ አምላኬ አስተምሮኛል የእንስሳትንና አራዊትንም ሁላቸው ስም ነግሮኛል የሰማይ ወፎችንም ስም ነግሮኛል።
9aaad36f-c1c2-5b79-a3f8-6411fec84c62,6575e998-11f1-5f0d-abc1-a72d4f4677db,0dff62dd-a401-5071-a3a2-168b11e310b9,55,55,ከዚህም በላይ እግዚአብሔር የቀን ሰዓቶችን ቁጥር ነገረኝ ከዚሁም ላይ መላእክት እሱን እንዴት እንደሚያመሰግኑት ገለፀልኝ።
9e174092-cbf1-55a0-a003-c8bfeebcb030,6575e998-11f1-5f0d-abc1-a72d4f4677db,0dff62dd-a401-5071-a3a2-168b11e310b9,56,56,ልጄ ሆይ ማስተዋል ካንተ አይለይ። በመጀመርያው የልጆቼ ጸሎት ወደአምላክ ይቀርባል በሁለትኛው ሰዓት የመላእክት ጸሎትና ምልጃቸው ወደእግዚአብሔር ይቀርባል በሦስተኛው ቀን ወፎች አምላክን ያመሰግናሉ።
ea84a6d7-5b15-531b-a642-64e5278208f4,6575e998-11f1-5f0d-abc1-a72d4f4677db,0dff62dd-a401-5071-a3a2-168b11e310b9,57,57,በአራተኛው ዕለት መንፈሳውያን እግዚአብሔርን ያመሰግኑታል ያመልኩታልም በአምስተኛው ቀን እንስሳና አራዊት ሁሉ ያመሰግኑታል በስድስተኛው ዕለት የኪሩቤል ምስጋና ይቀርባል በሰባተኛው ቀን መላእክት ወደ እግዚአብሔር ይገባሉ። አክሱም ዘንድ ይወጣሉ በዚችው ዕለት የሕያዋንን ሁሉ ልመናቸው ያቀርባሉና።
5116763f-bf03-59c5-a237-0cfa4526b610,6575e998-11f1-5f0d-abc1-a72d4f4677db,0dff62dd-a401-5071-a3a2-168b11e310b9,58,58,በስምንት ሰዓት ብሩሃን ሰማያውያን እግዚአብሔርን ያመሰግናሉ በዘጠኝ ሰዓት መላእክት ለእግዚአብሔር ይገዛሉ በልዑል እግዚአብሔር መንበር ፊትም ይቆማሉ በአሥር ሰዓት መንፈስ ቅዱስ በውሆች ላይ ያንዣብባል በዚህ ጊዜ አጋንንት ከውሃው ወጥተው ይባረራሉ ከውሃም ይወገዳሉ።
42f8d1e1-2f3f-5015-a18d-a12a1ac8dace,6575e998-11f1-5f0d-abc1-a72d4f4677db,0dff62dd-a401-5071-a3a2-168b11e310b9,59,59,መንፈስ ቅዱስ በውሆች ላይ በያንዣብብ ኑሮ በዚችው ሰዓት ሁልጊዜ ማንም ሰው ውሃን ለመጠጣት ባልቻለም ነበር። አጋንንትም የሰውን ሥጋዊ ሕይወት እያሳመሙ ሰውን ሁሉ በጨረሱ ነበር።
38b5883d-07d3-5b6d-a953-ed1153de3323,6575e998-11f1-5f0d-abc1-a72d4f4677db,0dff62dd-a401-5071-a3a2-168b11e310b9,60,60,በዚችው ሰዓት ካህን የተቀደሰውን ዘይት በውሃ ጨምሮ በአጋንንት የተያዙና በሌላም ደዌ የተያዙትን በሽተኞች ቢቀባበት ካደረባቸው ደዌ ይፈወሳሉ።
091684b9-18d2-5ba7-a371-0238c831a0e3,6575e998-11f1-5f0d-abc1-a72d4f4677db,0dff62dd-a401-5071-a3a2-168b11e310b9,61,61,በአሥራ አንድ ሰዓት (ከቀኑ) የጻድቃን ደስታ ይበዛል በአሥራሁለት ሰዓት ልዑል እግዚአብሔር የሁላቸውን የሰው ልጆች ጸሎትና ልመና ይቀበላል።
b10c2cde-3071-5a89-a51a-7946e99e872f,6575e998-11f1-5f0d-abc1-a72d4f4677db,0dff62dd-a401-5071-a3a2-168b11e310b9,62,62,በምሽቱ አንድ ሰዓት አጋንንት ልዑል እግዚአብሔርን ያመሰግኑታል በዚች ሰዓት ውስጥ ማነኛውንም ሠይጣናዊ ተግባራቸው ያቆማሉ የእግዚአብሔርንም ተገዢነታቸው እስኪወርሱ ድረስ በሰው ላይ አደጋ አያደርሱም።
44f10536-fa58-5da6-affc-67467673f042,6575e998-11f1-5f0d-abc1-a72d4f4677db,0dff62dd-a401-5071-a3a2-168b11e310b9,63,63,በሁለተኛው ሰዓተሌሊት አሦችና ማነኛውም በውሃ ውስጥ የሚንቀሳቀስ አውሬዎችና ነብሮች እግዚአብሔርን ያመሰግኑታል በሦስተኛው ሰዓተ ሌሊት እሳት እግዚአብሔርን ታመሰግነዋለች የእሳት ምሥጋና እስከ መትሕተ ታሕቲት ይደርሳል በዚችው ሰዓት ማንም መናገር አይችልም።
ddac6ccf-e8db-589c-afcd-bc7f3d59c7d2,6575e998-11f1-5f0d-abc1-a72d4f4677db,0dff62dd-a401-5071-a3a2-168b11e310b9,64,64,በአራተኛው ሰዓተሌሊት ሱራፌል እግዚአብሔርን ያመሰግኑታል ባምስተኛው ሰዓተ ሌሊት ከሰማያት በላይ ያሉ ውሆች እግዚአብሔርን ያመሰግኑታል።
7a59d014-3002-5aa4-aea7-593d5c815cfd,6575e998-11f1-5f0d-abc1-a72d4f4677db,0dff62dd-a401-5071-a3a2-168b11e310b9,65,65,ከገነት በነበርኩ ጊዜ መላእክት በዚችው ሰዓት እግዚአብሔርን ሲያመሰግኑት እሰማቸው ነበር። ድምፃቸውም እንደትላልቅ መንኩራኩር ይሰማኝ ነበር። ሞገዶችም ለደገኛው እግዚአብሔር በከፍተኛ ድምፅ ምስጋና ሲያቀርቡ እሰማ ነበር።
10f03c02-b13a-551c-a46f-236e381ebea0,6575e998-11f1-5f0d-abc1-a72d4f4677db,0dff62dd-a401-5071-a3a2-168b11e310b9,66,66,ከሌሊቱ በስድስት ሰዓት ደመናዎች ብርሃናትና በረድ እግዚአብሔርን ያመሰግናሉ ከሌሊቱ በሰባት ሰዓት የብዙ ሱባዔ ያርጋል ይፈፀማልም በኋለኛው ዘመን ። ሁሉ ይፈፀማል ጊዜውም ይደርሳል አንተም ያገኘኸውን ሁሉ ትበላለህ (እግዚአብሔር ፊት) ምድርም ትቀደሳለች ወደሷም የጌቶች ጌታ እግዚአብሔር ይሄዳል።
c643a0ae-0099-588a-a1b3-74df0b64fc24,6575e998-11f1-5f0d-abc1-a72d4f4677db,0dff62dd-a401-5071-a3a2-168b11e310b9,67,67,ሴት በራሱ ማሕተም ባባቱ አዳም ማሕተምና በናቱ ሔዋን ማሕተም ከሱ ጋር የወሰዳቸውን ልጆቹንም የልጅ ልጆቹን ሁሉ ጻፈ ይህንን ያደረገበት ምክንያት ካባቱ አዳም ስለነ ነው።።
6e8da7e5-db67-5815-aaca-3f44816ec084,6575e998-11f1-5f0d-abc1-a72d4f4677db,0dff62dd-a401-5071-a3a2-168b11e310b9,68,68,እነዚህ የሴት ልጆች በሙሉ በሴት አማካይነት ወደ አዳም ተሰብስበው አንድም ሳይቀር ቀረቡ አዳምም ስለነሱ ድሕንነት ስለሰላምና አማላጅነት ብዙ ጸሎት ወደ እግዚአብሔር እየፀለየ ብዙ ሰዓታትን ካሳለፈ በኋላ ባረካቸው።
eaff2445-828f-5b6c-ad95-ef5d04235cba,6575e998-11f1-5f0d-abc1-a72d4f4677db,0dff62dd-a401-5071-a3a2-168b11e310b9,69,69,አዳም በዘጠኝ መቶ አምሳ ዓመቱ ሞተ በመገነዣውም ጊዜ የመላእክት ሠራዊት በሙሉ ተሰበሰቡ አዳም በእግዚአብሔር ዘንድ ታላቅ ክብር ተሠጥቶታልና ነገር ግን የገነዘው ልጁ ሴት ነው። ሴት የአዳምን ሥጋ ከገነት በስተምስራቅ አቅጣጫ በታቦት ውስጥ አስቀመጠው ይህ ቦታ እግዚአብሔር ከገትት ባወጣቸው ጊዜ አዳምና ሔዋን የኖሩበት ነው።
f8ee38af-f9bf-5c11-a928-037e21437a50,6575e998-11f1-5f0d-abc1-a72d4f4677db,0dff62dd-a401-5071-a3a2-168b11e310b9,70,70,አዳም በሞተ ጊዜ ፀሐይና ጨረቃ ለሰባት ቀንና ለሰባት ሌሊት ጨለሙ ያ የጻፈውንም የትእዛዝ መፅሐፍ ሴት በቤተመዛግብት አስቀመጠው ለቁርባን የተባለውንም ዕቃ ከዚሁ ጋር አስቀመጠው ለቁርባን የተባለው ዕቃ ሴት ከገነት የወሰደው ዕጣን። ወርቅና ከርቤ ነው። ስለዚህም አዳም ለሴት ይህ ዕጣን ከርቤና ወርቅ ወደ ሦስቱ የሰብዓ ሰገል ነገሥታት እጅ ይገባል እነሱም ክርስቶስ መድሐኔዓለም በቤተልሔም ሲወለድ ለእጅ መንሻ ይወስዱታል አለው።
0fe13c3f-685b-516e-a120-76c37f4b0564,6575e998-11f1-5f0d-abc1-a72d4f4677db,0dff62dd-a401-5071-a3a2-168b11e310b9,71,71,አዳም ዓርብ በሦስት ሰዓት ሚያዝያ ሰባት ቀን በጨረቃ አቈጣጠር አራት ቀን ሞተ ጌታችን ኢየሱስ ክርስቶስም በተመሳሳይ ሰዓት ነፍን መዳባቱ አደራ ብላን።
1ed26301-12e0-51d7-a4c0-264c39206634,6575e998-11f1-5f0d-abc1-a72d4f4677db,0dff62dd-a401-5071-a3a2-168b11e310b9,72,72,በአዳም ልጆችና በልጅ ልጆቹ ትልቅ ሐዘንና ልቅሶ ሆነ አርባ ቀን ሙሉ ሳያቋርጡ አለቀሱ። አዳም ከሞተ ጀምሮ ነገደ ሴትና ነገደ ቃየል ለሁለት ተከፈሉ።
1a0f0d8a-8cf4-5820-ad65-fb058b5cc9ea,6575e998-11f1-5f0d-abc1-a72d4f4677db,0dff62dd-a401-5071-a3a2-168b11e310b9,73,73,ሴት ልጆቹን የልጅ ልጆቹንና ሚስቶቻቸውን ወደደብር ቅዱስ አስወጣቸው አዳም ከዚሁ ነሯልና ቃየልና ልጆቹ እንዲሁም የልጅ ልጆቹ ግን ከደብር ቅዱስ በታች ከሚገኘው ቦታ ውስጥ ይኖሩ ነበር። አቤል በዚሁ ነው የተገደለው።
8ebd9baa-2bf3-59b6-a20c-f4bde6927df6,6575e998-11f1-5f0d-abc1-a72d4f4677db,0dff62dd-a401-5071-a3a2-168b11e310b9,74,74,ሴት ሕዝቦቹን በቅድስናና በንፅሕና ያስተዳድራቸው ነበር። ካባቱ አዳም የተነገረውንም ዜና አስተማራቸው።
51507780-0459-58be-a427-aab4d6fea0d3,5bc6200a-82ca-5c0a-ac0a-7309c6fccd85,4ff36f52-0856-5564-a0bf-c44ac1626f56,1,1,ልጄ ቀሌሚንጦስ ሆይ ጌታችን መድሐኒታችን ኢየሱስ ክርስቶስ በተወለደ ጊዜ ሰብአ ሠገል ወደቅድስት ድንግል ማርያም መጥተው ነበር። ከነሱ ጋር አብሮ አንድ መፅሐፍ መጥቷል ከዛሬ ጀምሮ ለብዙ ጊዜ የምነግህ ምሥጢር ከዚሁ መፅሐፍ የሠፈረና የተገኘ ነው። የአዳም ልጅ ሴት ስለተባለበትንም ምክንያት እገልፅልሃለሁ።
121da769-37bc-555a-a118-b020372b7919,5bc6200a-82ca-5c0a-ac0a-7309c6fccd85,4ff36f52-0856-5564-a0bf-c44ac1626f56,2,2,ሴት ማለት እግዚአብሔር ሆይ ጤና ሥጥ ማለት ነው። አዳምና ሔዋን በንፅሕናና በቅድስና ኑረዋል ስለህም እግዚአብሔር ከስሞች ሁሉ እጅግ ከፍ ያለውን ነገር ።።
f242fb4e-f6cb-56af-aabb-007e1c16f8b8,5bc6200a-82ca-5c0a-ac0a-7309c6fccd85,4ff36f52-0856-5564-a0bf-c44ac1626f56,3,3,ሴትና ሕዝቡ ከገነት በታች ከምትገኘው ደብር ቅዱስ ላያ ኖሩ ። ከዚህም ሁነው እግዚአብሔርን መቀደስና ማመስገን ብቻ ሥራቸውን አደረጉ የዚህን ዓለም ትካዜ ፈፅሞ አይታያቸውም ነበር። ከምሥጋና በቀርም ሌላ ሥራ አልነበራቸም ምግባቸውም ከደብር ቅዱስ የተተከሉት የዛፍ ፍሬዎች ነበር።
5e401d4a-84df-5b99-a140-a2e77f09d398,5bc6200a-82ca-5c0a-ac0a-7309c6fccd85,4ff36f52-0856-5564-a0bf-c44ac1626f56,4,4,የደብር ቅዱስ ዛፎች ፍሬ እጅግ ጣፋጭ ነበር። ይህ ምክንያት መልካም መዓዛ ከገነት እየተነሳ ወደነሱ ይገባ ስለነበር ነው።
bd67130e-af2e-5c33-ab91-0efde6cba450,5bc6200a-82ca-5c0a-ac0a-7309c6fccd85,4ff36f52-0856-5564-a0bf-c44ac1626f56,5,5,እነዚህ ህዝቦች በፅድቅና በደግነት ብቻ ይኖሩ ነበር። ቂም ቅንኣት ነገሠሪነት ትዕቢት የስድብን ነገር ማስብ ፈፅሞ ከነሱ ዘንድ አልነበረም ሐሰትንም መናገርና ማስብ ፈፅሞ ከያንዳንዳቸው ህሊና ርቆ ነበር።
6f9a891c-0a34-559d-a82a-01e84c07183a,5bc6200a-82ca-5c0a-ac0a-7309c6fccd85,4ff36f52-0856-5564-a0bf-c44ac1626f56,6,6,የእግዚአብሔርን ምህረት በፈለጉ ጊዜ መንፈስ ቅዱስ በውሆች ላይ ያንዣብባል ምድርም በመለዋ ፀጥ ትላለች በሷ ላይ ያለውም ሁሉ እንዲሁ ፀጥ ይላል ውሆችም ይተኛሉ በዚህ ጊዜ ካህን ተነስቶ ቅዱስ ቅብእን ከውሃ ጋር በማደባለቅ የታመሙትን ቢቀባቸው እንቅልፍ ያጡትንም ቢቀባቸው ከደዌአቸው ይፈወሳሉ እንቅልፍ በማጣት የተቸገሩትም እንቅልፍ አግኝተው ይተኛሉ።
f4636851-0922-5ec1-abe0-37205e8b0239,5bc6200a-82ca-5c0a-ac0a-7309c6fccd85,4ff36f52-0856-5564-a0bf-c44ac1626f56,7,7,በስምንተኛው ዕለት ምድር ሣዕርንና ልምላሜን ታበቅላለች የተለያዩ ዕፀዋትንም ታበቅላለች።
c3fbadfc-3460-5949-a044-96aabdb18755,5bc6200a-82ca-5c0a-ac0a-7309c6fccd85,4ff36f52-0856-5564-a0bf-c44ac1626f56,8,8,በዘጠኝ ሰዓት መላእክት ለእግዚአብሔር ይገዛሉ የሰው ልጆችም ሁሉ ጸሉት ወደልዑል እግዚአብሔር የምትደርሰው በዚሁ ሰዓት ነው።
5024fa82-91d0-5da6-ae45-70dc391f0bed,5bc6200a-82ca-5c0a-ac0a-7309c6fccd85,4ff36f52-0856-5564-a0bf-c44ac1626f56,9,9,በአሥር ሰዓት የሰማይ በሮች ይከፈታሉ በዚህ ጊዜ የመሐይምናን ሁላቸው ጸሎት ከእግዚአብሔር ዘንድ ይደርሳል ከእግዚአብሔር ዘንድ በንፁሕ ልብ የለመኑትም ይፈፀምላቸዋል። የሱራፈል ድምፅም በመስማት በዚሁ ሰዓት ዶሮ ይጮኻል ወድያውም ፍጡራን ሁሉ እግዚአብሔርን ያመሰግኑታል።
11e39026-0bd8-5b90-acdb-fe6b189fd52b,5bc6200a-82ca-5c0a-ac0a-7309c6fccd85,4ff36f52-0856-5564-a0bf-c44ac1626f56,10,10,በአሥራ አንድ ሰዓት ፍፁም ደስታ ይሆናል (በምድር ላይ) ፀሐይ ወደገነት ይገባልና የፀሐይ ብርሃን በዓለም ሁሉ ወጥቶ ፍጥረት ሁሉ በፀሐይ ብርሃን እንዲደሰት ይሆናል።
ea16d198-5cf0-5dc6-a10b-a7f42814f6ae,5bc6200a-82ca-5c0a-ac0a-7309c6fccd85,4ff36f52-0856-5564-a0bf-c44ac1626f56,11,11,በአሥራ ሁለት ሰዓት ልጆቼ በፀጥታ ይቆሙ ዘንድ ይገባል የሚቆሙትም ከእግዚአብሔር ፊት ነው ለሱም ይገዙ በዚች ሰዓት ሰማያውያን ሁሉ ለጥቂት ጊዜ ፀጥ ይላሉና።
a0c92bd1-c06c-58a6-abcd-9473f519d154,5bc6200a-82ca-5c0a-ac0a-7309c6fccd85,4ff36f52-0856-5564-a0bf-c44ac1626f56,12,12,ይህን ሁሉ ስማ ነገሬንም አድምጥ ልብ ብለህም አዳምጥ የእግዚአብሔር ቃል ከሰማይ ወደምድር ይወርዳል ይህንንም እግዚአብሔር አምላኬ ከገነት ባስወጣኝ ጊዜ ነግሮኛል።
89f00a2f-a554-5f18-aef2-bedefbf2abec,5bc6200a-82ca-5c0a-ac0a-7309c6fccd85,4ff36f52-0856-5564-a0bf-c44ac1626f56,13,13,ሕያው እግዚአብሔር ቃሉ በኋለኛው ዘመን ካንዲት ልጅ 27 ማርያም የምትባል ሰው እንደሚሆን ከሷም እንደሚሠወር የሷንም ሥጋ እንደሚለብስ በሰው አምሳልም እንደሚወለድ ነግሮኛል አወላለዱም ከሱ በቀር ማንም ሊያውቀው አይልም በረቂቅ ሚስጢር ነው የሚወለደው።
1a68681a-941b-541f-aea0-98c976851c5e,5bc6200a-82ca-5c0a-ac0a-7309c6fccd85,4ff36f52-0856-5564-a0bf-c44ac1626f56,14,14,ግልፅ ሁኖም በምድር ይመላለሳል ከልጆቼ ጋርም ወዲያ ወዲህ ይላል በምድር ላይም ጥቂት በጥቂት ያድጋል በዓመታትና በቀናትም ዕድገቱ ይቀጥላል። ግልፅ ተአምራትንና መንክራትንም ያሳያል ከምድር በባሕር ላይ በየብስ እንደሚጓዘው ይጓዛል ነፋሳትንና ባሕርን ይገሥፃል እነሱም በግልፅ ይታዘዙለታል የባሕርንም ሞገዶች ይጠራቸዋል እነሱም ፈጥነው አቤቱ እነሆ በማለት መልስ ይሠጡታል።
f1f4f7df-a431-5d6a-a410-9285a7380bf4,5bc6200a-82ca-5c0a-ac0a-7309c6fccd85,4ff36f52-0856-5564-a0bf-c44ac1626f56,15,15,በዚሁም ዕውሮች ያዩ ዘንድ ለምፃሞች ይነፁ ዘንድ መስማት የተሳናቸው ይሰሙ ዘንድ። መናገር ያቃታቸው ይናገሩ ዘንድ ሙታን ይነሱ ዘንድ ሽባዎች ይድኑ ዘንድና መሄድ ያቃታቸው ይሄዱ ዘንድና ብዙዎችንም እግዚአብሔርን ወደማወቅ ይመለሱ ዘንድ ያደርጋል።
11504200-3183-588b-ab2a-361d6b64c467,5bc6200a-82ca-5c0a-ac0a-7309c6fccd85,4ff36f52-0856-5564-a0bf-c44ac1626f56,16,16,አጋንንትንም ከሰው እያስወጣ ያባርራቸዋል።
652a0dac-df96-5cfa-af3f-05c2201d6324,5bc6200a-82ca-5c0a-ac0a-7309c6fccd85,4ff36f52-0856-5564-a0bf-c44ac1626f56,17,17,ድጋሚም እንዲህ አለኝ አዳም ሆይ አትዘን ፈቅደህ ትእዛዜን አፍርሰሃል ስለዚህ የገባሁልህ ቃልኪዳን አሁኑኑ የሚፈፀም አይደለም ከጥቂት ጊዜ በኋላ ግን ይፈፀማል።
9195bfcd-4a25-5c89-ab24-59eb11fb177d,5bc6200a-82ca-5c0a-ac0a-7309c6fccd85,4ff36f52-0856-5564-a0bf-c44ac1626f56,18,18,ዳግመኛም እግዚአብሔር አናገረኝ እንዲህም አለኝ ከገነት አውጥቼ እሾህና አሜከላ በምታበቅል ምድር ያስቀመጥኩህ እኔነኝ በሷም ለተወሰኑ ዓመታት ትኖራለህ ጀርባህንና ራስህን በገዛራሳሕ አድን ጉልበትህም ይንቀጥቀጥ የሥጋህ እርጅና ይታያል። የየዕለት ምግብህንም ትፈልጋለህ።
42766dd8-9069-5b01-a523-8a76e10b3218,5bc6200a-82ca-5c0a-ac0a-7309c6fccd85,4ff36f52-0856-5564-a0bf-c44ac1626f56,19,19,ካምስት ቀንና ግማሽ ቀን በኋላ እምርሃለሁ ይቅርታም አደርግለሃለሁ በይቅርታየ ብዛትና በምሕረቴ ብዛትም ወዳንተ ቤት እወርዳለሁ በወገንህም ከርስ አድራለሁ ይህ ሁሉ ስላንተ ድህነት ይሆናል።
e9690bbd-6002-56eb-a59a-7b7dabcb23cc,5bc6200a-82ca-5c0a-ac0a-7309c6fccd85,4ff36f52-0856-5564-a0bf-c44ac1626f56,20,20,አዳም ሆይ ሕፃን ሁኜ ስላንተ እወለዳለሁ አዳም ሆይ ስላንተ በገቢያ ሁሉ እመላለሳለሁ አርባ ዕለትም እፆማለሁ ስላንተ ብዙ መከራን እቀበላለሁ መከራውንም እታገሰዋለሁ በዕንጨት ላይም እሰቀላለሁ ይህ ሁሉ የሚፈፀመው ስላንተ ነው።
411e1c24-3b4e-5e36-a45a-cf02c7e32a49,5bc6200a-82ca-5c0a-ac0a-7309c6fccd85,4ff36f52-0856-5564-a0bf-c44ac1626f56,21,21,ምስጋና ዘለዓለማዊነት ልዕልና ክብር ሥግደትና ዘምሮ ለአብ ለወልድ ለመንፈስ ቅዱስ ይገባል እስከ ዘለዓለሙ ዓሜን።
a7c264b7-6a6e-532d-a198-128ebc3032a8,5bc6200a-82ca-5c0a-ac0a-7309c6fccd85,4ff36f52-0856-5564-a0bf-c44ac1626f56,22,22,ሴት ልጄ ሆይ ወንድሙ አቤልን በቅንአት ተነሳስቶ ስለገደለው ቃየል ልጆች በምድር ላይ የጥፋት ውሀ ይመጣል ቃየል ስለ እህቱ ሉድ አቤልን ገደለው ስለዚህ ከጻድቁ፦ አቤል ደም በቀር ለቃየል ልጆች ሌላ መሐላ የላቸውም።
e8090a7b-62d5-5934-aac8-18c336292f70,5bc6200a-82ca-5c0a-ac0a-7309c6fccd85,4ff36f52-0856-5564-a0bf-c44ac1626f56,23,23,ሕዝቡ ሁሉ (ደቂቀ ሴት የሆኑ) ወደደብር ቅዱስ ይወጡና ከአዳም ሥጋ እየተባረኩ ይመለሱ ነበር። ለመባረክ የሚወጡት ትልቁ ትንሹ ሴቱ ወንዱ ሁሉም ናቸው።
85510e78-06af-507e-ab3a-731bd84a2133,5bc6200a-82ca-5c0a-ac0a-7309c6fccd85,4ff36f52-0856-5564-a0bf-c44ac1626f56,24,24,ከዚያም ሁነው ዓይናቸው አንስተው ወደገነት ይመለከታሉ ከእግዚአብሔር ፊት ይሰግዳሉ ይቀድሶ።ል ያመሰግኑተል ። ከዚያ ወደማደርያቸው ይመለሳሉ።
1ffe0252-77c9-5e7f-acbd-4f9241c9a313,5bc6200a-82ca-5c0a-ac0a-7309c6fccd85,4ff36f52-0856-5564-a0bf-c44ac1626f56,25,25,ሴት ዘጠኝ መቶ አሥራ ሁለት ዓመት ኖረና ሊሞት ታመመ በዚህ ጊዜ ሄኖስ ቃይናን መላልኤል ያሬድና ሄኖክ ከልጆቻቸው ከልጅ ልጆቻቸው ጋር ወደሴት ቀረቡ።
0f4fb31f-d215-56f5-ad1b-1aab2e149f9a,5bc6200a-82ca-5c0a-ac0a-7309c6fccd85,4ff36f52-0856-5564-a0bf-c44ac1626f56,26,26,ሴት በነሱ ላይ ጸለየና ባረካቸው ስለነሱም ወደ እግዚአብሔር ማለደ እንዲህም አላቸው። በአቤል ጻድቅ ስም አደራ እላችሁ አለሁ ከናንተ ማንም ከደብር ቅዱስ ወርዶ ከነፍሰ ገዳዩ ቃየል ጋር አይደመር ቃየል አቤልን ከገደለው ጀምሮ በኛና በሱ መካከል ያለውን ጥል እናንተ ታውቃላችሁ።
2a3ed2a6-5d7b-5e1c-a970-e4bd44d3666b,5bc6200a-82ca-5c0a-ac0a-7309c6fccd85,4ff36f52-0856-5564-a0bf-c44ac1626f56,27,27,በዚህ ጊዜ ሄኖስ ወደሴት ቀረበ ሴትም ባረከው እንዲህም አለው በቀና መንፈስና በእውነት ሕዝብሕን ምራቸው በሞትኩም ጊዜ ከተቀደሰው የአዳም ሥጋ ፊት ቁመህ ለእግዚአብሔር ተገዛ።
1a855114-d56b-5ec8-a3bd-fa712ed12c58,5bc6200a-82ca-5c0a-ac0a-7309c6fccd85,4ff36f52-0856-5564-a0bf-c44ac1626f56,28,28,በጻድቁ አቤል ደምም አማለው በሕዝቡ ዘንድ አመራሩን በንፅሕናና በእውነት ያስተካክል ዘንድ በአዳም ሥጋ ሴትን ለእግዚአብሔር አገልግሎቱን እንዳያቋርጥ ነገረው ሴት ሞተ ዕረፍቱም ታሕሣሥ አሥር ቀን ሆነ ሄኖስ አባቱ ሴትን በክብር ገነዘው የተለያዩ መልካም ሽቶችንም አፈሰሰለት ከኣዳም ጋርም በቤተ መዛግብት አስቀመጠው።
5fd1b0c1-2536-527f-a41a-027b62d08edb,5bc6200a-82ca-5c0a-ac0a-7309c6fccd85,4ff36f52-0856-5564-a0bf-c44ac1626f56,29,29,ሕገቡ በሴት ሞት ምክንያት አርባ ቀን አለቀስ ሴጋ ከመታ በኋላ ኄኖስ ሕዝቦቹን በቅንና በእውነት መራቸው አባቱ ሴት የነገረውንም ሁሉ ፈፀመ።
8b8f20f9-e5a6-5f10-a5c1-aed6cff7870c,5bc6200a-82ca-5c0a-ac0a-7309c6fccd85,4ff36f52-0856-5564-a0bf-c44ac1626f56,30,30,ሄኖስ ስምንት መቶ ዓመት ሲሞላው ዓይነሥውሩ ላሜህ ነፍሰ ገዳዩን ቃየልን በዱር ውስጥ በእንጨቶች ማሕል ገደለው ቃየል የተገደለበት ቦታ ኖልእራጋር ይባላል ዕውሩ ላሜህ ቃየልን ሊገድለው የቻለው የዱር አውሬ ድምፅ መስሎ የቃየል ድምፅ ስለተሰማው በመደንገፅ እንጂ ሆን ብሎ አልገደለውም።
7934cc64-0c52-5c29-a891-9bdaab110971,5bc6200a-82ca-5c0a-ac0a-7309c6fccd85,4ff36f52-0856-5564-a0bf-c44ac1626f56,31,31,ቃየል በእንጨቶቹ ውስጥ ድምፁን ሲያሰማ ዕውሩ ላሜህ ዲንጋይን አንስቶ ድምፅ ወደሰማበት አቅጣጫ ቢወረውረው ቃየልን በሁለት ዓይኖቹ ማህል አሳረፈበትና ሞተ በዚህ ጊዜ ይመራው የነበረው ልጁ ዲንጋይ ወርውረህ የገደልከው አባታችን ቃየልን ነው ቢለው ከሐዘኑ የተነሳ በኃይል እጆቹን አራገበና ሲያራግብ የሚመራውን ልጁ ገደለው።
b0b8e11d-342d-59a4-a210-d608277194c9,5bc6200a-82ca-5c0a-ac0a-7309c6fccd85,4ff36f52-0856-5564-a0bf-c44ac1626f56,32,32,ሄኖስ ዘጠኝ መቶ አምስት ዓመት ሲሞላው ታመመ ሊሞትም ተቃረበ በዚህ ጊዜ ያሬድ ሄኖክ መላልኤል ቃይናንና ማቱሳላ ከልጆቻቸውና ከልጅ ልጆቻቸው ጋር ወደሄኖስ ተሰበሰቡ ሄኖስም ስለነሱ ጸለየ ባረካቸው ስለነሱም ወደ እግዚአብሔር ማለደ።
968b6f7b-2362-55ab-a10f-322baf1b917b,5bc6200a-82ca-5c0a-ac0a-7309c6fccd85,4ff36f52-0856-5564-a0bf-c44ac1626f56,33,33,በጻድቁ አቤል ደምም ከነፍሰገዳዩ ቃየል ጋር እንዳይደባለቁ አማላቸው እንዲህም አላቸው በኛና በነፍሰ ገዳዩ ቃየል ያለውን መለያየት አስቡ አትርሱት።
6cfbf585-094e-5073-ac21-d68d861fa4bb,5bc6200a-82ca-5c0a-ac0a-7309c6fccd85,4ff36f52-0856-5564-a0bf-c44ac1626f56,34,34,ቃይናን ሊሞት ወደቀረበው አባቱ ሄኖስ ቀረበ ሄኖስም ቃይናንን ባረከው ። እንዲህም አለው ሕዝብህን ጠብቃቸው ዘመዶችህን ጠብቅ እኔ እንደጠበቅሁዋቸው ጠብቃቸው በነሱ ላይም ትክክለኛውን ፍርድ ፍረድ መላልኤልንም ልጅህን ካንተ በኋላ መላልኤል ህዝቦቹን በትክክል ይመራቸው ዘንድ እዘዘው በአባታችን አዳም ሥጋ ፊት ለእግዚአብሔር መገዛቱ እንዳያጓድል አደራ በለው።
1b1c5962-cbcd-5905-ac8d-3dd6345be610,5bc6200a-82ca-5c0a-ac0a-7309c6fccd85,4ff36f52-0856-5564-a0bf-c44ac1626f56,35,35,ሄኖስ በመጀመርያዋ ሳምንት ጥቅምት ሰባት ቀን ሞተ ሄኖስ ሲሞት ማቱሳላ የአምሳሰባት ዓመት ሰው ነበር። ቃይናን አባቱ ሄኖስን ገነዘው ከዚያ በመዛግብት ዋሻ ቀበሩት ሄኖስ ከሞተ በኋላ ሕዝቦቹ አርባቀን አልቅሷል። ።
8b1f391c-3270-57f7-a1cb-200ce8af4e3f,5bc6200a-82ca-5c0a-ac0a-7309c6fccd85,4ff36f52-0856-5564-a0bf-c44ac1626f56,36,36,ቃይናን የሄኖስ ልጅ ሕዝቦቹን በእውነትና በቅንነት መራቸው የአባቱንም ሄኖስ ትእዛዝ ሁሉ በጥንቃቄ አከበረ ዘጠኝ መቶ ሃያ ዓመትንም ኖረ የመሞቻ ጊዜው ሲደርስ ልጆቹንና የልጅ ልጆቹን ባረካቸው ሰኔ አሥራ ሶስት ቀን በዕለተ ረቡዕ ሞተ መለራኤል ልጁም ገነዘው መላልኤል ስምንት መቶ ዘጠና አምስት ዓመት ኖረ።
c3c32ec1-4c53-5d92-a9b2-7b6e94327b87,5bc6200a-82ca-5c0a-ac0a-7309c6fccd85,4ff36f52-0856-5564-a0bf-c44ac1626f56,37,37,መላልኤል ከዚህ ዓለም የሚለይበት ጊዜ ሲደርስ ከሱ በፊት የነበሩትን አባቶቹ እንዳዘዙት እሱም ያሬድን አዘዘው ቃይናን በዕለተ እሁድ ሚያዝያ ሁለት ቀን ሞተ ። ያሬድም ገንዞ በመዛግብተ ዋሻ አስቀመጠው (ባቶቻችን ጋር) ለያሬድ አምስት መቶ ዓመት ሲሞላው ከሴት ልጆች ወንዶች ተነሱ።
53fc3e2b-03cf-5fa5-ae29-5ca74dadfab8,5bc6200a-82ca-5c0a-ac0a-7309c6fccd85,4ff36f52-0856-5564-a0bf-c44ac1626f56,38,38,ያባቶቻቸውን ትእዛዝ አፈረሱ ከአዳምና ከሌሎችም አባቶች የተረከቡትን አደራነት ጠሉ አንዳንድ እያሉም ከደብር ቅዱስ በመውጣት ከቃየል ልጆች ጋር ተጨመሩ ሠይጣን በታወረው የላሜህ ልጅ አመካኝቶባቸዋልና።
71205d97-ffbb-53f2-af49-749d77c4c20e,5bc6200a-82ca-5c0a-ac0a-7309c6fccd85,4ff36f52-0856-5564-a0bf-c44ac1626f56,39,39,የቃኤል ቤተሰብ የሆነው ዕውሩ ላሜህ ሁለት ዮፊልና በልቄን የሚባሉ ልጆች ነበሩት እነዚህ ልጆች በመሰንቆ በአርጋኖን። በእንዚራና በከበሮ የታጀበ ዘፈንን ዘፈኑ።
1d87527e-98cc-5205-aa1e-0810acf0c810,5bc6200a-82ca-5c0a-ac0a-7309c6fccd85,4ff36f52-0856-5564-a0bf-c44ac1626f56,40,40,የሴት ልጆች በሠይጣን ተታልለው የቃየል ልጆችን መከተል ጀመሩ በዚሁ በጣፈጠውም የዘፈን ዜማ ተመሠጡ ይህንንም መነሻ አድርገው ከደብር ቅዱስ እየወረዱ ከክፉወች የቃየል ልጆች ጋር ተጨመሩ።
9e98cd31-2e9e-52b2-a11e-c5d8cb32385c,5bc6200a-82ca-5c0a-ac0a-7309c6fccd85,4ff36f52-0856-5564-a0bf-c44ac1626f56,41,41,የሴት ልጆች በዘፈን ተጠሞደው ወደቁ በመብል በመጠጥና በዝሙት ተያዙ ሴቶች ጐልማሳዎችን በመከተል ተሯሯጡ። ወንዶችም እንዳዱር አውሬ ዕራቁታቸው እየሆኑ በየገቢያው ይዞሩ ጀመር።
1712292d-ade8-5067-a02f-926caf6a3d0e,5bc6200a-82ca-5c0a-ac0a-7309c6fccd85,4ff36f52-0856-5564-a0bf-c44ac1626f56,42,42,ሠይጣን የሴትን ልጆች አሳስቶ ከቃየል ልጆች ጨመራቸው የኸውም በዘፈን ድምፅ በመሰንቆ በጨዋታና በመዳራት በማታለል ነው ከደብር ቅዱስ ወደተረገመችው ምድር የወረዱት።
b604c903-61fc-5d3d-aec3-8d0b5cccd116,5bc6200a-82ca-5c0a-ac0a-7309c6fccd85,4ff36f52-0856-5564-a0bf-c44ac1626f56,43,43,እግዚአብሔር ባለሟሎቹ አድርጎ አስቀምጦአቸው እያስ የአጋንንትን ፈለግ ተከተሉ የአጋንንት ባለሟሎችም ሆነ ከሕይወት ሞትን መረጡ ክብርን ናቁ ክብር ይግባውና ልዑል እግዚአብሔር አክብሮአቸው ነበር። ልጆቹንም አድርጎአቸው ነበር። ነቢዩ ዳዊት ስለነሱ እኔስ አማልክት ናችሁ የልዑል እግዚአብሔርም ልጆች ናችሁ አለ ይህን ማለቱ የእግዚአብሔርን ትእዛዝ በማክበር የነበሩበትን ለማስታወስ ነው። ከበደሉ በኋላ ስላለው ጊዜአቸው ሲገልፅ ደግሞ እናንተስ እንደሰው ትሞታላችሁ ከመላእክት አንዱ እንደወደቀም ትወድቃላችሁ አለ።
7326ac7b-c4d5-57ed-ae9f-72dd6d6baeae,5bc6200a-82ca-5c0a-ac0a-7309c6fccd85,4ff36f52-0856-5564-a0bf-c44ac1626f56,44,44,እጅግ ተሳሳቱ ሥጋቸውንም አረከሱ በቃየል ልጆች አመነዘሩ ብዙ የረከሰ አድራጎትንም ፈፀሙ እጅግ የረከሰ ተግባርንም ፈፀሙ። ነፍሳቸውንም ረስተው በኃጢአት ተጠመዱ ሴት ከወንድ ጋር ወንድ ከሴት ጋር እንደእንስሳት ሁነው ተገናኙ ግልፅ የአመንዝራነትን ተግባር ፈፀሙ ሁለት ሦስት ሁነው ባንዲት ሴት ላይ ተገናኙ ምድርንም በመላዋ አረከሱዋት።
7e54b8ae-b0bb-5143-ac23-3c9b3d1c01e3,5bc6200a-82ca-5c0a-ac0a-7309c6fccd85,4ff36f52-0856-5564-a0bf-c44ac1626f56,45,45,ማነኛውንም ተፈጥሮአቸው ወደቃየል ልጆች ጨመሩ አንዱ ካንዱ ሊለዩ እስከማይችሉ ድረስ ተደባለቁ ሠይጣን ሙሉ በሙሉ ገዛቸው። በወደቀና በረከሰው ውድቀታቸው የሚያሰሙት ጩኸትና ዋይታቸው እንደባዝራ ፈረስ እስከያብር ቅዱስ ተሰማ።
551d9276-d933-5a8e-a75d-67b1e28e192d,5bc6200a-82ca-5c0a-ac0a-7309c6fccd85,4ff36f52-0856-5564-a0bf-c44ac1626f56,46,46,አንድ መቶ ኃይለኞች ከደቂቀ ሴት ውስጥ የሆነች ከደብር ቅዱስ ሊወርዱ ሲዘጋጁ ያሬድ አይቶና ሰምቶ እጅግ አዘነ ስለድቀታቸውም እጅግ ተከዘ።
43e869f2-020b-5b38-a5a5-8ef1c46a3003,5bc6200a-82ca-5c0a-ac0a-7309c6fccd85,4ff36f52-0856-5564-a0bf-c44ac1626f56,47,47,ያሬድ መልእክተኛን ወደሱ ልኮ አስጠራቸውና እነሱም መጥተው ከፊቱ ቆሙ ይህንን የሠይጣን ሥራ አትሥሩ በማለት ገሠፃቸው በፃድቁ አበል ደምም አስማላቸው ከደብር ቅዱስም እንዳይወርዱ አስቀድማችሁ የገባችሁትን መሐላ አስቡ አላቸውም።
4f07fc09-340d-57f5-a098-6f0955c2ed37,5bc6200a-82ca-5c0a-ac0a-7309c6fccd85,4ff36f52-0856-5564-a0bf-c44ac1626f56,48,48,ሄኖክም መጣና ተናገራቸው እንዲህም አላቸው ከናንተ መካከል ያባቶችን መሐላ ጥሶ ከደብር ቅዱስ ለመውጣት ያሰበ ካለ ደግሞ ተመልሶ ወደደብር ቅዱስ እስከዘለዓለሙ አይገባም ።
f72c03b4-1246-5d03-a156-dfb12ce26aa2,5bc6200a-82ca-5c0a-ac0a-7309c6fccd85,4ff36f52-0856-5564-a0bf-c44ac1626f56,49,49,እነሱ ግን የያሬድን ምክር ሰምተው ወደኋላ ለማለት አልፈለጉም የሄኖክንም ምክር አልተቀበሉም ከደብር ቅዱስ ወርደው በምድር ላይ ታዩ የቃየል ሴቶች ልጆች ተውበው ዕርቃናቸው በመሆን ሲንቀሳቀሱ አዩዋቸውና ከነሱ ጋር አመነዘሩ ርስታቸውንም አጠፉ።
96967b8d-6fa2-5444-ac8d-9a0106b02dfc,5bc6200a-82ca-5c0a-ac0a-7309c6fccd85,4ff36f52-0856-5564-a0bf-c44ac1626f56,50,50,እነዚህ ከቃየል ሴቶች ልጆች ጋር ሥጋቸውን ያረከሱ መቶ ደቂቀ ሴት ደብር ቅዱስ በድንጋይ እሳት መዘጋቱን ሳያውቁ ሊመለሱ ሞከሩ ግን የእሳቱ ዲንጋይ እንዳይገቡ ከለከላቸው ሌሉች የሴት ልጆችም የወገኖቻቸው መመለሻ አጥተው መቅረትን ሳያውቁ ከደብረቅዱስ እየወጡ ወደተረገመችው ምድር ወርደው ከቃየል የረከሱ ሴቶች ጋር አመነዘሩ።
5a4e7841-824d-5dd5-ade8-0512d818b208,5bc6200a-82ca-5c0a-ac0a-7309c6fccd85,4ff36f52-0856-5564-a0bf-c44ac1626f56,51,51,ያሬድ ዘጠኝ መቶ ዓመት ሲሞላው ከዚህ ዓለም የሚለይበት ቀን ደረሰ በዚህ ጊዜ ወደሱ ሄኖክ ማቱሳላ ላሜህና ኖኅ ተሰበሰቡ ። ያሬድም በነሱ ላይ ጸለየ እንዲህም አላቸው እናንተ ከደብር ቅዱስ አትውረዱ ከቃየል ልጆች ጋርም አትጨመሩ ልጆቻችሁና ሚስቶቻችሁ ግን ከደብር ቅዱስ እየወጡ ከነሱ ጋር ይጨመራሉ።
a62ca4d2-3d33-5806-a5dd-b25e2a939f32,5bc6200a-82ca-5c0a-ac0a-7309c6fccd85,4ff36f52-0856-5564-a0bf-c44ac1626f56,52,52,እግዚአብሔር ልዑል ግን እንዲህ እንዳበዱ ይኖሩ ዘንድ አይተዋቸውም የሱን ትእዛዝና የአበውን ትእዛዝ አፍርሰዋልና ለነሱ ልጆች ደግሞ እንዲህ አላቸው ከዛሬ ጀምሮ በተረገመችው ምድር ልትሰባሰቡ ነው። ሁላችሁም ደብር ቅዱስን ትታችሁ ስትወርዱ ከናንተ ጋር ያባታችን አዳምን ሥጋና የሌሎችንም አበው ሥጋ ይዛችሁ ውረዱ በተጨማሪም ቁርባንን። ወርቅን ፣ ዕጣንንና ከርቤንም ይዛችሁ ሂዱና ከአዳም ሥጋ ጋር አኑሩት።
e38cea44-ea5a-5f04-a5fc-0910b1956c09,5bc6200a-82ca-5c0a-ac0a-7309c6fccd85,4ff36f52-0856-5564-a0bf-c44ac1626f56,53,53,ያሬድ ለሄኖክ እንዲህ ሲል መከረው ልጄ ሆይ አንተግን በአዳም አባታችን ሥጋ ፊት መዘመርንና ማመስገንን አትተው ከእግዚአብሔር ፊትም ተገገርነትህን በእውነትና በቅንነት ግለፅ በዘመንህ ሁሉ ይህ ይሁን ተግባርህ።
a1131a6c-3549-535d-a907-9d42df6ee1a7,5bc6200a-82ca-5c0a-ac0a-7309c6fccd85,4ff36f52-0856-5564-a0bf-c44ac1626f56,54,54,ያሬድ ግንቦት አሥራ ሁለት ቀን በዕለተ ዓርብ በሦስት ሰዓት ሞተ ያሬድ ሲሞት ማቱሳላ ዘጠኝ መቶ ስድሳ አምስት ዓመት ሁኖት ነበር። ልጁ ሄኖክ ገንዞ በመዛግብት ዋሻ አኖረው።
2f04a4b6-239d-569e-a95c-ebecb50364b2,5bc6200a-82ca-5c0a-ac0a-7309c6fccd85,4ff36f52-0856-5564-a0bf-c44ac1626f56,55,55,የቀሩትን የሴት ልጆች እግዚአብሔር ችላ አላቸው ሐጢአትን ወደ ዋታልና ከዚህም የተነሳ ተለያይተው ሁለት ክፍል ሆነ ጨርሰውም ከደብርቅዱስ ለመውረድ ወደዱ።
860106e3-6b23-579f-a568-3d2e993afacd,5bc6200a-82ca-5c0a-ac0a-7309c6fccd85,4ff36f52-0856-5564-a0bf-c44ac1626f56,56,56,ሄኖክ፣ ማቱሳላ፣ ላሜህና ኖህ ይህንን ሲሰሙ በጣም ስለነሱ መጥፋት አዘነ ሄናክ ሦስት መቶ ስድሳአምስት ዓመት ሲሆነውና ከያሬድ ሞት በኋላ አምስት ዓመት ለእግዚአብሔር ተገገርነቱን ካሳየ በኋላ እግዚአብሔር የአስተዋይነትን ልቡና ሠጠው ወደሱ እንደሚወስደውም አስረዳው በዚህ ጊዜ ሄኖክ ማቱሳላን ላሜህንና ኖኀን ጠራቸው።
56ff62a0-c527-5612-af8b-dcd8b810f92c,5bc6200a-82ca-5c0a-ac0a-7309c6fccd85,4ff36f52-0856-5564-a0bf-c44ac1626f56,57,57,እንዲህም አላቸው እነሆ ልዑል እግዚአብሔር በነሱ ላይ ቁጣውን እንደሚገልፅ አወቅሁ በነሱ ላይ እጅግ የፍርድ ቅጣት ያወርዳል ቁጣውም ምህረት የሌለበት ቁጣ ነው እናንተ ግን በአበው ቅዱሳን ተተክታቹኋል ከእግዚአብሔር ፊት ተገዢነታችሁን አታሳጉሉ ንፁሐን ሁናችሁ በደግነት ኑሩ በዚሁ በደብር ቅዱስ የሚወለድ እንደሌለም ዕወቁ ሕዝቦቹንም ለመምራት የሚችል በአበው አካሄድ ማንም አይኖርም።
ac0ff4e2-fa7d-57e0-a7fa-13c3b9c31b03,5bc6200a-82ca-5c0a-ac0a-7309c6fccd85,4ff36f52-0856-5564-a0bf-c44ac1626f56,58,58,ሄኖክ ይህንን ንግግሩ ሲጨርስ ወደሕይወት ተመለሰ እግዚአብሔርም በገነት አደባባይ አስቀመጠው በም ሞት የለም። የቀሩት የሴት ልጆች ግን ማንም ሳያስገድዳቸው በሙሉ ቃየል ወደሚኖርበት ምድር ተሟጥጠው ወረዱ ከነሱ ውስጥ ማንም በደብር ቅዱስ አልቀረም ላሜህ ማቱሳላና ኖኅ ብቻ ቀሩ።
dbd6e457-1843-517c-a5f5-85c320a4ba79,5bc6200a-82ca-5c0a-ac0a-7309c6fccd85,4ff36f52-0856-5564-a0bf-c44ac1626f56,59,59,ጻድቁ ኖኅም በድንግልና ራሱን አምስት መቶ ዓመት ጠበቀ ከዚህም የተነሳ እግዚአብሔር ኖኀን ሃይከል የተባለችውን የሄኖክ ልጅ የማቱሳላ ወንድም ልጅ ናማስን እንዲያገባት አዘዘው።
81442fc0-dbbb-51e8-a1bb-fb5a4571cad9,5bc6200a-82ca-5c0a-ac0a-7309c6fccd85,4ff36f52-0856-5564-a0bf-c44ac1626f56,60,60,እግዚአብሔር ስለአይህ አመጣጥም ገለፀለተ የጥፋት ውሃ ተነስቶ በዝሙት የረከሰችውን ዓለም እንደሚያጥባት ነገረው ይህም ካንድ መቶ ዓመት በኋላ እንደሚፈፀም ገለፀለት ከወዲሁ ጀምሮም ለራሱና ለቤተሰቡ ድሕነት መርከብን እንዲዘጋጅ አዘዘ።
bfdad3c7-479f-5ee7-a4f4-c30c17a8aad3,5bc6200a-82ca-5c0a-ac0a-7309c6fccd85,4ff36f52-0856-5564-a0bf-c44ac1626f56,61,61,እግዚአብሔር በድጋሚ ከደብር ቅዱስ ዛፎችን ይቈርጥ ዘንድ አዘዘው። እሱም ከደብረቅዱስ ቈርጦ በቃየል ልጆች ማደርያ አስቀመጠው በዚሁም ሶስት መቶ ክንድ ርዝመት፣ ጐድኑ አምሳ ክንድ የራሱ ጉድንና ቁመቱ ሰላሳ ክንድ የሆነ መርከብን መሥራት ጀመረ።
3925ebfb-83f0-5aae-a1da-a45a62e0067d,5bc6200a-82ca-5c0a-ac0a-7309c6fccd85,4ff36f52-0856-5564-a0bf-c44ac1626f56,62,62,በዚሁ መርከብ ውስጥ ሦስት ክፍሎችን ይሠራል ታችኛው ክፍል ለአውሬዎችና ለእንስሳ ማደርያ ይሆናል መካከለኛው ክፍል ለራሱ ለሚስቱ፣ ለልጆቹና ለሚስቶቻቸው ይሆናል ። የውሃ መጠራቀምያ ገንዳንም ሠራ ከዚሁም በተጨማሪ ሦስት ክንድ ርዝማኔና አንድ ክንድ ጉድን ያለው ደወል ከሊባኖስ ዕንጨት ሠራ።
4c5e5403-564a-50a9-a36f-ff75bc5aee25,5bc6200a-82ca-5c0a-ac0a-7309c6fccd85,4ff36f52-0856-5564-a0bf-c44ac1626f56,63,63,መርከቡን በሚሠራበት ጊዜ ሁልጊዜ ጧት ጧት ለሥራ እንዲሠበሰቡ ደወል ይደውላል። ቀትር ሲሆን ምሳ ለመብላት እንዲሰበሰቡ ይደውላል ቀኑ አልፎ ምሽት ሲሆን ወደየቤታቸው እንዲገቡ ይደውላል።
996ccab5-e3af-5769-aecb-89eb82b2b4c3,5bc6200a-82ca-5c0a-ac0a-7309c6fccd85,4ff36f52-0856-5564-a0bf-c44ac1626f56,64,64,መርከቡን ለምን እንደሚሠራው ጠያቂ ቢነሳበት እግዚአብሔር የጥፋት ውሃን ይህቺን የረከሰች ምድር ለማጠብ እንደሚያዘንምና። በዚሁም ምክንያት ራሱን ሚስቱን ልጆቹንና ሚስቶቻቸውን ለማዳን መርከብን እንዲሠራ መታዘዙን ይገልፅለታል።
ed2c7f20-b3cf-52e2-a4aa-c8ca3dd94d8b,5bc6200a-82ca-5c0a-ac0a-7309c6fccd85,4ff36f52-0856-5564-a0bf-c44ac1626f56,65,65,ኖኅ የእግዚአብሔርን ትእዛዝ ሰሞቶ ሚስት አገባ ካገባ በአርባ ዓመቱ ሦስቱን ሴሞ ካሞና ያፌትን ወለዳቸው ሦስቱን ወንዶች በቅደምተከተል ወለዳቸው።
23a449af-c2d5-5aab-ac69-5450e79071ab,5bc6200a-82ca-5c0a-ac0a-7309c6fccd85,4ff36f52-0856-5564-a0bf-c44ac1626f56,66,66,የኖኅ ልጆች የማቱሳላ ልጆችን አገቡ ኖኅ እግዚአብሔር እንዳዘዘው የመርከቧን ሥራ እንደፈፀመ ማቱሳላ ሊሞት ተቃረበ።
dfe6f084-290e-59dd-a836-f8b83914f11d,5bc6200a-82ca-5c0a-ac0a-7309c6fccd85,4ff36f52-0856-5564-a0bf-c44ac1626f56,67,67,ኖኅ ሴምና ያፌት ወደ ማቱሳላ ተሰበሰቡ ማቱሳላም በነሱ ላይና በሚስቶቻቸው ላይ ጸለየ ባረካቸውም ስለነሱም ወደእግዚአብሔር እያለቀሰ ማለደ እያዘነም ከናንተ በቀር ከሁላቸው አሕዛብ መካከል በዚሁ በደብር ቅዱስ ማንም ሊቀር አልቻለም ያላችሁት እናንተ ብቻ ናችሁ አባታችን አዳምንና እና።ኝን ሔዋንን የፈጠረ እግዚአብሔር ምድርንም በዘራቸው ይሞሉዋት ዘንድ የባረከ እሱ ነውና።
a03f53e7-f924-5445-a195-24c16cb1db5e,5bc6200a-82ca-5c0a-ac0a-7309c6fccd85,4ff36f52-0856-5564-a0bf-c44ac1626f56,68,68,እንዲሁም እግዚአብሔር እናንተን ይባርክ ዘራችሁም ያብዛ እናንተንም ይጠብቅ ዕናቱንም ይሰጣችሁ ኀይልንና አቸናፊነትንም ይስጣችሁ በዚችው ከእግዚአብሔር በወጣች ትውልድ ሊመጣ ካለው መቅሰፍትም ይሠውራችሁ በልጆቻችሁና በልጅ ልጆቻችሁም ላይ በረከቱን ያውርድ ለአባታችን አዳም የሠጠውንም ፀጋ ለናንተም ይሥጥ።
13643ca2-f8dc-50ed-aae7-7cb208155e27,5bc6200a-82ca-5c0a-ac0a-7309c6fccd85,4ff36f52-0856-5564-a0bf-c44ac1626f56,69,69,ስለናተም ወደእግዚአብሔር እለምናለሁ ዘራችሁ ሁሉ ይሞላ ዘንድ መንግሥትና ትንቢትንም ለናንተ ይስጥ አላቸው።
4cbeb70b-3ce7-55a8-a6d6-7d7d0765f727,5bc6200a-82ca-5c0a-ac0a-7309c6fccd85,4ff36f52-0856-5564-a0bf-c44ac1626f56,70,70,ኖህን ደግሞ እንዲህ አለው እግዚአብሔር ዘንድ የተባረክህ ኖኅ ሆይ ቃሌን ስማ ትእዛዜንም አክብር እኔ ከኔ የቀደመት አበው ከዚህ ዓለም እንደወጡ ከዚህ ዓለም እወጣለሁ።
46d69e8d-b6ae-50e0-a0aa-3d99424ccc69,5bc6200a-82ca-5c0a-ac0a-7309c6fccd85,4ff36f52-0856-5564-a0bf-c44ac1626f56,71,71,እነሆ ሰዎች ብዙ ሐጢአት ስለሰሩበት እግዚአብሔር የጥፋትን ውሃ ልኮ ምድርን ሊያጥባት ነው አንተና ቤተሰቦችህ ግን ከዚህ የጥፋት ውሃ ትድናላችሁ እኔ ስሞት ለቀደሙት አበው እንደተደረገው ሥጋየን ገንዘህ በቤተመዛግብት አኑረው።
26789501-b958-5477-aa6b-8d5f168e281a,5bc6200a-82ca-5c0a-ac0a-7309c6fccd85,4ff36f52-0856-5564-a0bf-c44ac1626f56,72,72,ከዚህ በኋላ ሚስትህንና ልጆችህን የልጆችህም ሚስቶች ውሰድ ከደብር ቅዱስም ውረድ ያባታችን አዳም ሥጋንም ካንተ ጋር ውሰድ እግዚአብሔር እንድትሠራት ካዘዘህ መርከብ ውስጥም አስቀምጣት ቁርባን ወርቅ። ከርቤና ዕጣንንም ከአዳም በላይ አስቀምጥ የቀሩትንም አበው ሥጋ ከደብር ቅዱስ አውርደህ በአዳም ሥጋ ግራናቀኝ አስቀምጠው የአባታችን አዳም ሥጋም በአበው ሥጋ ማሕል ይቀመጥ ለራስህም ማደርያ በመርከቧ ላይ ሥራ።
8dab7fdb-58cb-5132-aa0f-d7d9c98993f8,5bc6200a-82ca-5c0a-ac0a-7309c6fccd85,4ff36f52-0856-5564-a0bf-c44ac1626f56,73,73,ከመርከቡ በስተምሥራቅ ክፍል ላንተና ለልጆችህ ለሚስትህም ለልጆችህም ሚስቶች ክፍል ትሠራለህ በስተምዕራቡም ክፍል መኖርያቸው ይሁን በዚሁ ለመብልና ለመጠጥ ይሰብሰቡ ከመርከቧ እስክትወጣ ድረስም ከዚሁ ሁናችሁ ወደውጭ ተመልከቱ የጥፋት ውሃ ከምድር ሲወገድ በምድር ስትኖሩ ያንጊዜ በሕብረት እየተሰበሰባችሁ ብሉ ጠጡ በእግዚአብሔር ፊትና በአዳም ሥጋ ፊትም በቅድስናና በንፅሕና፣ በቅንነትና በፅድቅ ከመገዛት ወደኋላ አትበሉ።
d260167f-02ef-52cb-ae31-bd6dd2a782be,5bc6200a-82ca-5c0a-ac0a-7309c6fccd85,4ff36f52-0856-5564-a0bf-c44ac1626f56,74,74,ከታቦት ከወጣችሁ በኋላ ያን ጊዘ ወርቅን ከርቤን፣ ዕጣንን (ከገነት የወጡ) ከምድር በስተምሥራቅ አስቀምጥ አንተም ከዚሁ ክፍል ከቤተሰቦችህ ጋር ትኖራለህ ከዚህ ዓለምም የምትለይበትን ጊዜ ሲደርስ ልጅህ ሴምን ያባታችን አዳምን ሥጋ ይውሰድና በምድር ላይ በክብር ቀብሮ ያስቀምጠው።
0ce260e1-aab1-5ca1-a3ed-4a2be6f888dd,5bc6200a-82ca-5c0a-ac0a-7309c6fccd85,4ff36f52-0856-5564-a0bf-c44ac1626f56,75,75,የአዳም ሥጋ በተቀበረበት ለልጅ ልጆቹ መድሐኒት ይሆናል በአዳም ሥጋም ላይ አንድ ቅዱስ ሰው እግዚአብሔርን በክህነት እያገለገለ ይነር። ለአገልግሎት ይህ ሰው በንፅሕና በቅድስና ይነር።
e5aea44c-7813-5892-a5ae-eab07afe3e72,5bc6200a-82ca-5c0a-ac0a-7309c6fccd85,4ff36f52-0856-5564-a0bf-c44ac1626f56,76,76,ጠጅ እንዳይጠጣ ደም እንዳያፈስ ራሱን እንዳይላጭ ጥፍሩንም እንዳይቆርጥ አዘዘው። በዚሁም የስንዴ ሕብስትንና ከወይን ፍሬ የተጨመቀ ወይን ብቻ ቁርባን እንዲያቀርብ ይሁን።
ac84cc70-d499-5974-ae3e-806bc7f2da1a,5bc6200a-82ca-5c0a-ac0a-7309c6fccd85,4ff36f52-0856-5564-a0bf-c44ac1626f56,77,77,እነሆ አባታችን አዳም ሊቀበርበት ወደተዘጋጀው ያደርሰው ዘንድ የእግዚአብሔር መልአክ ከፊት ለፊቱ ይሄዳል ዳግመኛም ልብሱ ከእንስሳት ቁርበት የተሠራ ብቻ እንዲሆን አድርግ እሰ እግዚአብሔር የመረጠውና የቀደሰው የእግዚአብሔር ካህን ነውና።
302fbb51-d9f9-53ba-a3d7-562017936add,5bc6200a-82ca-5c0a-ac0a-7309c6fccd85,4ff36f52-0856-5564-a0bf-c44ac1626f56,78,78,ይህን ሁሉ ትእዛዝ ተናግሮ በፈፀመ ጊዜ ማቱሳላ ከኀዘት ብዛት የተነሳ አለቀሰ እንባውም ወረደ በእለተ እሁድ መጋቢት አንድ ቀንም ሞተ የሞተው በዘጠኝ መቶ ስድሳ ዘጠኝ ዓመቱ ነው ላሜህ ልጁ ገንዞ በቤተመዛግብት ቀበረው ቤተመዛግብቱ የቅዱሳን አበው ዓፅም ያረፈፈት ነው።
39b7a07c-341c-5b0c-ad87-cdce30efa117,5bc6200a-82ca-5c0a-ac0a-7309c6fccd85,4ff36f52-0856-5564-a0bf-c44ac1626f56,79,79,ስለሱም አርባ ቀን አለቀሱ ከሱ በኋላ ላሜህ ታመመ ልጁ ኖኀንም አባቱ ማቱሳላ እንዳዘዘው አዘዘው። ላሜህ በዕለተ ሐሙስ መስከረም ሃያ አንድ ቀን የኖኅ ልጅ ሴም የስድሳ ስምንት ዓመት እያለ ሞተ ልጁ ኖኅም ገነዘው በቤተመዛግብትም።
d4dc1f2d-17dc-5000-a8d5-683cb3c504b8,5bc6200a-82ca-5c0a-ac0a-7309c6fccd85,4ff36f52-0856-5564-a0bf-c44ac1626f56,80,80,ቀበረው ስለሱም ሕዝቦቹ አርባ ቀን አስቀሉ አበው በሙሉ እስከዚህ ጊዜ ድረስ ከኖጎ ጋር በደብር ቅዱስ ነበሩ።
388aa126-d551-58b0-a033-62e80e3d470c,5bc6200a-82ca-5c0a-ac0a-7309c6fccd85,4ff36f52-0856-5564-a0bf-c44ac1626f56,81,81,የቃየል ልጆች ከሴት ልጆች ልጆችን ወስዱ እነዚህም ልጆች እጅግ ሐይለኞች ሆኑ መጽሐፍ የሴት ልጆችን መላእክት ይላቸዋል ባልተፈቀደም መንገድ ሥጋዊውን ግንኙነት መፈፀማቸውን ይገልፃል። የሴት ልጆች የቃየልን ልጆች ዘፈን እየሰሙ በዓመፅ ቅድስናቸውን እየተው ወርዷል። ከቃየል ልጆች ጋርም በአመንዝራነት ግንኙትን ፈፅመዋል ጥንት እግዚአብሔር የሴትን ልጆች እናንተ አማልክት ናችሁ የልዑልም ልጆች ናችሁ ብሏቸው ነበር።
f61ba594-748f-565a-a5db-aa23cfa3d6c5,5bc6200a-82ca-5c0a-ac0a-7309c6fccd85,4ff36f52-0856-5564-a0bf-c44ac1626f56,82,82,የሴት ልጆች በደብር ቅዱስ በነበሩ ጊዜ ንፁሐን በሐጢአት ያልተበከሉ ነበሩ ከደብር ቅዱስ ወርደው ከቃየል ልጆች ከተገናኙ በኋላ ግን እግዚአብሔር እኔስ አማልክት ናችሁ የልዑልም ልጆች ናችሁ ብያቸው ነበር። በኋላ ግን እንደሰው ትሞታላችሁ ከመላእክት ተለይቶ እንደወደቀው ዲያብሎስም ትወድቃላችሁ አለ።
eb008ed4-6d39-5ed6-a6d5-666b6f0516ad,5bc6200a-82ca-5c0a-ac0a-7309c6fccd85,4ff36f52-0856-5564-a0bf-c44ac1626f56,83,83,ከመንፈስ የተፈጠሩ ሁሉ አፈጣጠራቸው እንደሰው አይደለም የሥጋ ፍትወትም የለባቸውም ፍትወተሥጋ በነሱ ላይ ቢኖር ኑሮ አጋንንት ሴቶችን እየተገናኙ በጨረሱዋቸው ነበር። በዚህም ዓለምን ሁሉ አንድም ሳያስቀሩ ለጥፋት አጋልጠው በጨረሱ ነበር።
1cb7ff5d-fcc4-5a46-a692-5b575c34012a,5bc6200a-82ca-5c0a-ac0a-7309c6fccd85,4ff36f52-0856-5564-a0bf-c44ac1626f56,84,84,አጋንንት የረከሱ ናቸው ጥፋትን ብቻ ይወዳሉ ዝሙትንም ይወዳሉ ዝሙትን መፈፀም ስለማይችሉም በሰው ላይ እያደሩ ሰውን ዝሙተኛ ያደርጉታል የረከሰውን ክፉውንና ፍትወትንም ያሠሩታል።
93e79a35-60c9-58b3-a775-24b62ce42bed,5bc6200a-82ca-5c0a-ac0a-7309c6fccd85,4ff36f52-0856-5564-a0bf-c44ac1626f56,85,85,ከዚህ ቀጥሎ ኖኅ የአዳምን ሥጋና የሌሎችም አባቶች ሥጋ አሰባስቦ ወስደ እየራሳቸውንም ለያይቶ አስቀመጣቸው በታቦትም ውስጥ አስገባቸው ሴም የቁርባነን ወርቅተሸከመ ካም የከርቤውን ቁርባን ተሸከመ ያፌት የቁርባኑን ዕጣን ተሸከመ ሁሉም ከበዓተ መዛግብት በታላቅ ሐዘንና ልቅሶ ለመውጣት ተነሱ ወጥተውም ሄዱ።
318fcf78-387e-5e72-a456-93eac35ec6e8,5bc6200a-82ca-5c0a-ac0a-7309c6fccd85,4ff36f52-0856-5564-a0bf-c44ac1626f56,86,86,ሊወጡ ሲዘጋጁም ዓይናቸውን ገልጠውና ቀና ብለው ወደገነት ተመለከቱ። አለቀሱም እያለቀሱም እንዲህ አሉ ገነት ሆይ ሰላም ላንቺ ይሁን የደስታ ቦታ ነሽና ያባታችን አዳም ማደርያ ነበርሽ ወዮልን እንዴት እንሁን ወደተረገመችው ምድር ልንሄድ ነው በዚች የተረገመች ምድር ሐዘን ጭንቅ በሽታና ደዌ ይበዛል።
eb82fc10-e69f-5dca-a99b-b22cb2aa2c55,5bc6200a-82ca-5c0a-ac0a-7309c6fccd85,4ff36f52-0856-5564-a0bf-c44ac1626f56,87,87,ቤተመዛግብት ሆይ ሰላም ላንቺ ይሁን አንቲ የንፁሐን ቅዱሳን ማደርያ ነሽና የእግዚአብሔር ወዳጆች ባንቺ ይኖራሉ። የእግዚአብሔር ወዳጆች አበው ሆይ ስለኛ ፀልዩ ባርኩን ስለኛም ማልዱ ድሕነትን ናገኝ ዘንድ ለርእሰ አበው ሴት ሰላም ሕዝቡን
4afac594-6101-5f01-ab26-acc4da441709,5bc6200a-82ca-5c0a-ac0a-7309c6fccd85,4ff36f52-0856-5564-a0bf-c44ac1626f56,88,88,ያረጋጋ ሄኖስ ሰላም በእውነትና በቅንነት በሕገዝቦቻቸው ላይ ለፈረዱ ቃይናንና መላልኤል ሰላም።
2cf03346-854d-50b8-afec-e11b13e3901b,5bc6200a-82ca-5c0a-ac0a-7309c6fccd85,4ff36f52-0856-5564-a0bf-c44ac1626f56,89,89,ለያሬድና ለሄኖክ ሰላም ለማቱሳላም ሰላም ለላሜህም ሰላም እነዚህ ሁሉ እግዚአብሔርን በንፅሕናና በቅድስና አገልግለውታል ወደሁላቸው ዓይናችንን እናጋጥጥ ስለኛ ድሕነት ይማልዱልን ዘንድ እነሆ ከዚህ ከተቀደሰው መኖርያ ልንወጣ ነው እስከ ዘለዓለምም ተመልሰን ይህን ቅዱስ ቦታ አናየውምና አሉ። ከዚህ ጊዜ ጀምሮ ከደብር ቅዱስ ለመውጣት ተነሱ የደብረ ቅዱስንም ዲንጋይና ዕንጨቱን እየተሳለሙ በታላቅ ልቅሶና ሐዘን ወጥተው ወደምድር ገቡ።
45178786-2314-5c59-a23a-ab646021c637,5bc6200a-82ca-5c0a-ac0a-7309c6fccd85,4ff36f52-0856-5564-a0bf-c44ac1626f56,90,90,ኖኅ የአዳምን ሥጋ ከመርከቧ ማሕል አስቀመጠ ቁርባኑን ማለትም ከገነት ያመጡትን ወርቅ ከርቤና ዕጣን በአዳም ደረት ላይ አስቀመጠው ይህንንም በዕለተ ዓርብ ነሐሴ አሥራ ሰባት ቀን አደረገ በማግሥቱ አራዊቶቹን ሁሉ በታችኛው ክፍል አስገባ።
a394c46b-1f20-5c96-a3c4-bb74f1bc080a,5bc6200a-82ca-5c0a-ac0a-7309c6fccd85,4ff36f52-0856-5564-a0bf-c44ac1626f56,91,91,ቀትር ሲሆን ኖኅ ወፎችንና ሕይወት ያላቸውን በራሪዎች በሙሉ ወደመርከብ አስገብቶ በመካከለኛው ክፍል አኖራቸው ፀሐይ ሲጠልቅ ኖኅ ከሚስቱና ከልጆቹ ጋር ወደመርከቧ ገባ ከነሱ ጋርም በመሆን ከመርከባ ወደላይ በሦስተኛው ደረጃ በተሠራው ክፍል ገቡ።
5e96828c-42e6-5c34-abb2-77f7700a09fb,5bc6200a-82ca-5c0a-ac0a-7309c6fccd85,4ff36f52-0856-5564-a0bf-c44ac1626f56,92,92,የኖኅ ታቦት (መርከብ) ወንድና ሴት ብላ ልዩነት ባማታደርግ ቤተክርስቲያን ትመሰላለች ወደ ቤተክርስቲያን የመጣ ሁሉ የእግዚአብሔርን ፍቅርና አንድነትን ያገኛል በቤተክርስቲያን መለየት የለም ለዚህም ምሳሌ ትሆን ዘንድ በኖሕ መርከብ ውስጥ የተለያዩ የዱር እንስሳትና አውሬዎች በሰላም ለመኖር ቻሉ ።።
9b25166d-402a-5cb7-a8f5-018fc2e76107,5bc6200a-82ca-5c0a-ac0a-7309c6fccd85,4ff36f52-0856-5564-a0bf-c44ac1626f56,93,93,ኖኅ ሕይወት ካለው ተንቀሳቃሽ ሁሉ እየመረጠ ወደታቦት አስገባ በየስማቸውም ደረጃ አስቀመጣቸው ኖኅ ይህን ሁሉ አስገብቶ ከጨረሰ በኋላ የታቦቷን መስኮቶችና በሮች ዘጋ ከዚህ ጊዜ ጀምሮ የሰማይ መስኮቶች ተከፈቱ የጥፋት ዝናማትም መዝነም ጀመሩ ምድርም ተሰንጥቃ በውሃ ተጥለቀለቀች ውሆች በምድር ላይ ተንሳፈፉ።
1ab620d3-83f7-5d3a-a587-4e11ccbeb6ce,5bc6200a-82ca-5c0a-ac0a-7309c6fccd85,4ff36f52-0856-5564-a0bf-c44ac1626f56,94,94,ዓለም አንዲት ባሕር ሆነች ሐኖስ የሚባል ባሕርም ተፈጠረ ይህም ሐኖስ ዓለምን ሁሉ የሸፈነ ነው ነፍሳት ከየአቅጣጫው ተነሱ በቃኤል ልጆች የተጣሉ የሴት ልጆች ሮጡ ወደኖህ መርከብ አንጋጠጡ ኖሕንም እንዲያስገባቸው ከሩቅ ለመኑት ።
f650f45f-5632-5d31-ab39-d13bcc44cbc2,5bc6200a-82ca-5c0a-ac0a-7309c6fccd85,4ff36f52-0856-5564-a0bf-c44ac1626f56,95,95,ኖህ ግን ለጩኸታቸውና ለዋይታቸው መልስ አልሠጠም ታቦቷ ሙሉ በሙሉ ሁለመናዋ ተዘግታለችና በእግዚአብሔር ትእዛዝ ማንም እንዳይገባባት ሁናለችና በዚህ ጊዜ አዘኑ ተፀፀቱ (ደቂቀ ሴት) ረዳትም አላገኙም ከጥፋትም የሚያድናቸው አላገኙም።
da8041ce-f0bc-5777-a934-e172cdc5ab79,5bc6200a-82ca-5c0a-ac0a-7309c6fccd85,4ff36f52-0856-5564-a0bf-c44ac1626f56,96,96,በዚሁ ትልቅ ስም ተሰይማችሁ ነበር። ነገር ግን ያባቶችን ትእዛዝ አፈረሳችሁ ሐጢአትንም ሠራችሁ ሥጋችሁን አረከሳችሁ በቃየል ልጆችም መንገድ ሄዳችሁ እነሆ ሁላችሁ ልታልቁ ነው አስቀድሞ ከሰማይ ከወደቀው ፍጡር ጋርም ፍዳችሁ ልትቀበሉ ነው።
52eda931-5c25-5f3a-afe2-5dfdde837311,5bc6200a-82ca-5c0a-ac0a-7309c6fccd85,4ff36f52-0856-5564-a0bf-c44ac1626f56,97,97,ከሁሉ ምድር በላይ ታቦት ከፍ አለች በምድር ያለውም ነፍስ ያለው ሁሉ ጠፋ በጥፋት ውሃም ተደመሰሰ ውኃዎች ከተራሮች በላይ ተንጣለሉ ከተራራዎች በላይ በመንፈስ ቅዱስ ክንድ አምስት ሆኑ የባሕር ሞገዶች ታቦቷን ከገነት ሥር አደረሱዋት ራሳቸውም ዝቅ አድርገው ወደሷ ከሰገዱ በኋላ ወደኋላቸው ተመለሱ።
b2d8e702-f8b7-5a76-a2e7-e9bf74558f9e,5bc6200a-82ca-5c0a-ac0a-7309c6fccd85,4ff36f52-0856-5564-a0bf-c44ac1626f56,98,98,በምድር ያለውንና የቀረውንም ሁሉ አጠፉ የኖኅ ታቦት ከፍ ብላ ከውሃው በላይ በመሆን ከምሥራቅ ተነስታ ወደ ምሥራቅ ተንሳፈፈች እንደገና ከደቡብ ተነስታ ወደ ሰሜን ተንሳፈፈች ይህም የመስቀል ምልክት ነው ላንድ መቶ አምስት ቀናት ውሃዎች በመጨመር ላይ ነበሩ ሳያቋርጡም ይዘንቡ ነበር።
32682c04-92a6-5c34-aaac-4730e81e2ae8,5bc6200a-82ca-5c0a-ac0a-7309c6fccd85,4ff36f52-0856-5564-a0bf-c44ac1626f56,99,99,ከዚህ በኋላ ግን ውሆች መጨመራቸውን አቆሙ ወደታች ዝቅ ይሉም ጀመር የመጀመሪያና የመጨረሻውን የጥፋት ውሃ በዚህ ቆመ ታቦት የፍርዳ ከሚባሉ ተራራዎች ማሕልም ቆመች ውሆችም ተለይተው ወደየመከማቻቸው ገቡ ቀስበቀስም እስከ ብ ነሐሴ ድረስ ወደ ምድር ሰረጉ።
be7afa77-b015-5cfd-a0e6-494e1d65369a,5bc6200a-82ca-5c0a-ac0a-7309c6fccd85,4ff36f52-0856-5564-a0bf-c44ac1626f56,100,100,በየካቲት ወር ኖኅ የተራሮችን ጫፍ ለማየት ቻለ መጋቢት አሥር ቀን ኖኅ የታቦቷን መስኮቶች ከወደምሥራቅ አቅጣጫ ከፍቶ ቍራንም በዚሁ መስኮት አስወጥቶ ላከው የምድርን ሁናቴ ይመለከት ዘንድ እሱ ግን አልተመለሰም እንደ ወጣ ቀረ ።።
06f9e582-e636-5f35-a277-79e70fbcd9b2,5bc6200a-82ca-5c0a-ac0a-7309c6fccd85,4ff36f52-0856-5564-a0bf-c44ac1626f56,101,101,ኖኅ ዳግም ርግብን ላካት እሷም ተልእኮዋን ለመፈፀም ሄደች ምድር ላይ ዞረች የምታርፋትንም ደረቅ ቦታ ስላጣች ሲመሽ ተመልሳ ገባች እንደገና ሰባት ቀን ቆይቶ ኖኅ ርግብን ላካት ተልእኮዋን አከናውና የዘይቱን የለመለመ ቅጠል ይዛ ተመለሰች ።
a4043253-1ba0-50da-aaee-e7313c680a25,5bc6200a-82ca-5c0a-ac0a-7309c6fccd85,4ff36f52-0856-5564-a0bf-c44ac1626f56,102,102,ከክፋዎችና የተረገመ ከሕዛብ ዘንድ በቅድምያ የእግዚአብሔር ትእዛዝ ተቀባይነትን አለማግኘቷ ከርግቧ ማረፊያ ባለማግኘቷ ይተረጐማል።
9bb80243-8dc2-54aa-a092-c51314ba563f,5bc6200a-82ca-5c0a-ac0a-7309c6fccd85,4ff36f52-0856-5564-a0bf-c44ac1626f56,103,103,ሁለተኛዋ የርግብ ማረፍያ ማግኘት ደግሞ የእግዚአብሔር ትእዛዝ የጥምቀትን ምሥጢራት ተቀብለው የወልደ እግዚአብሔርን ወደዚህ ዓለም መምጣት የሰበኩና የፃድቁ ኖኅ ስድስት መቶ ዓመት ዘመን ፍፃሜን ትርጓሜ ያስረዳል።
d50000d0-1dff-5d85-a611-ad21e650e7cd,5bc6200a-82ca-5c0a-ac0a-7309c6fccd85,4ff36f52-0856-5564-a0bf-c44ac1626f56,104,104,የሚያዝያ ወር አልፎ በአለተ እሁድ የጥፋት ውሃ ከምድር ተወገደ በምትኩም ደረቅ መሬት (የብስ) ታየ በዚችው እለት ኖኅ ከሚስቱ ጋር ከልጆቹ ጋርና ከልጅ ልጆቹ ሚስቶች ጋር በሕብረት ከታቦቱ ወጡ።
f7a7a526-ba97-58b9-abe2-8c8343a6f990,5bc6200a-82ca-5c0a-ac0a-7309c6fccd85,4ff36f52-0856-5564-a0bf-c44ac1626f56,105,105,ኖኅ ሰዎቹን ካወጣ በኋላ የዱርአውሬዎቹን እንሰሳቱን ወፎቹንና ሌሎችንም ፍጥረታት ከነበሩበት የታባቱ ታችኛው ክፍል አስወጣቸው ኖኅና ልጆቹ አገርን ቈረቈሩ ንማቁ፡ ብለውም ሰየሟት ።
aa2dbb60-0b02-51e5-a7ed-aad566198eef,5bc6200a-82ca-5c0a-ac0a-7309c6fccd85,4ff36f52-0856-5564-a0bf-c44ac1626f56,106,106,አቺም አገር ለብዙ ጊዜ ኖረች ኖኅ ከታቦት ውስጥ የወጡትን አንስሳትንና ሰዎችን ቈጠራቸው ኖኅ ከዚህ በመቀጠል ለእግዚአብሔር መሥዋእት የሚያቀርብበትን መሠዊያ ሠራ የእንስሳትንና የወፎችንም ንፁሕ መሥዋእት ለእግዚአብሔር አቀረበ ። እግዚአብሔርም መሥዋዕቱን ተቀበለ ዳግም በጥፋት ውሃ ምድርን እስከዘለዓለም እንደማያጠፋትም ለኖህ ቃልኪዳን ገባለት ።
e19766bd-ea2f-56cb-a472-2b58db062f52,5bc6200a-82ca-5c0a-ac0a-7309c6fccd85,4ff36f52-0856-5564-a0bf-c44ac1626f56,107,107,እግዚአብሔር የመዓት ምልክት በደመና ላይ ይታይ የነበረውን አስወገደ ከጥፋት ውኃ በፊት የምድር አሕዛብ ከደመና ላይ የእግዚአብሔር የቁጣ ምልክት የሆነውን ዝናም በዘነመ ቁጥር ይመለከቱ ነበር። ኖኅ ከእግዚአብሔር ጋር ቃለኪዳን ከገባ በኃላ ግን ቀረ።
77e603cf-9809-5c89-a0c7-ea2595cb73c1,5bc6200a-82ca-5c0a-ac0a-7309c6fccd85,4ff36f52-0856-5564-a0bf-c44ac1626f56,108,108,የኖኅ ልጆች የወይን ቦታን አዘጋጅተው ወይንን አመረቱ ከወይኑም የወይን ጠጅን አዘጋጁና ለኖሕ አጠጡት እሱም ከዚህ በፊት ወይን ጠጅን ጠጥቶ ስለማያውቅ ሰክሮ ተኛ ዕራቁቱንም ሆነ።
fe0a49f1-35ee-565c-ae97-d873edca92c4,5bc6200a-82ca-5c0a-ac0a-7309c6fccd85,4ff36f52-0856-5564-a0bf-c44ac1626f56,109,109,ልጁ ካም የኖሕን ወይን ጠጥቶ በሥካር መያዝ አይቶ ሳቀ ወንድሞቹ ሴምንና ያፈትንም ጠራቸው ያባታቸውን ዕራቁቱ መሆን ተመልክተው እጅግ ደነገጡ ልብስንም አምጥተው በትክሻና በትከሻቸው በመዘርጋት ያባታቸውን ዕራቁትነት ላለማየት የኋሊት በመሄድ አለባበሱት።
7e1216a7-d7c5-5a39-a72d-f9b7af73e8b2,5bc6200a-82ca-5c0a-ac0a-7309c6fccd85,4ff36f52-0856-5564-a0bf-c44ac1626f56,110,110,ኖኅ በነቃ ጊዜ በሱ ላይ ካም እንደሳቀና ሌሎቹ ልጆቹ ግን ዕራቁትነቱን እንደሸፈኑ ሚስቱ ነገረችው በዚህ ጊዜ ኖኅ እጅግ ተናደደ እንዲህም አለ ካም የተረገመ ይሁን ልጆቹም በሱ ጥፋት ለወንዱሞቹ ባሮች ይሁኑ።
17614dd2-1526-5b4a-a1b3-67593113a0f4,5bc6200a-82ca-5c0a-ac0a-7309c6fccd85,4ff36f52-0856-5564-a0bf-c44ac1626f56,111,111,የካም ልጆች ከዚሁ በተነሳ ምክንያት ለወንድሞቹ ባሮች ሆነ ካም መላ የሕይወት ዘመኑ በዓመፅና የረከሰውን ነገር በመፈፀም ኖረ ሰባቱ ዕራቁትነት ዘብቷልና የኖኅ በሥካር መተኛትም ከጌታ ሥቅለት ጋር ያገናኙታል እንዲሁም ከጌታ ትንሣኤ ጋር በምሥጢር ይገናኛል ዳዊትም እግዚአብሔር ከእንቅልፍ እንደመነሳት ባለ አኳኋን ከሙታን ተለይቶ ተነሳ ብሏል።
4977af79-dcd5-598b-ab82-d6a78008690c,5bc6200a-82ca-5c0a-ac0a-7309c6fccd85,4ff36f52-0856-5564-a0bf-c44ac1626f56,112,112,ኢየሱስ ክርስቶስ ከመቃብር ከተነሳ በኋላ የሠይጣንን ኃይል ሠብሯልና የሰቀሉትንም አይሁድ በመላ ዓለም ተበታትነው ካገራቸውም ተነቅለው እንዲቀሩ አድርጓልና በሄዱበትም አገር ለወንድሞቻቸውና ለጌቶቻቸው እንዲገዙና በድሕነትም እንዲንከራተቱ ሁኗል።
58d70075-88de-5da0-a6e4-952a9bbb317a,5bc6200a-82ca-5c0a-ac0a-7309c6fccd85,4ff36f52-0856-5564-a0bf-c44ac1626f56,113,113,ከጥፋት ውሃ በኋላ ኖኅ ሦስት መቶ አምሳ ዓመት ኖረ ከዚህ ዓለም የሚለይበት ጊዜ ሲደርስ ሴም፣ ካም፣ ያፌት አርፋክስድና ፋሌቅ ወደሱ ተሰበሰቡ እሱም ፀለየላቸው ባረካቸው ስለነሱም ወደእግዚአብሔር ማለደ።
e3c2c49e-ec84-57a8-a512-44a6e0cf625e,5bc6200a-82ca-5c0a-ac0a-7309c6fccd85,4ff36f52-0856-5564-a0bf-c44ac1626f56,114,114,ልጁንም ሴም እንዲህ ሲል አዘዘው፡ ሥጋየን በምድር በር ወደመዳኛዋም ታቦት ግባና ማንም ሳያይህ የአዳም አባታችንን ሥጋ አውጣው ስንቅንም አዘጋጅ ይህንንም ማንም አይወቅ መልከ ፄዴቅንም ካንተጋር ውሰደው ከናንተ ሁሉ አብልጦ እግዚአብሔር መርጦታልና አንተም ያባታችን አዳምን ሥጋ ተሸከም።
10b49da1-b7c7-51fb-a20b-302ea231dc40,5bc6200a-82ca-5c0a-ac0a-7309c6fccd85,4ff36f52-0856-5564-a0bf-c44ac1626f56,115,115,በምድር ማሕል ስትደርስ በዚሁ የአባታችንን አዳም ሥጋ ቅበር መልከ ፄዴቅንም አዳም በተቀበረበት ቦታ አስቀምጠው ከአዳም ሥጋ ፊት ለእግዚአብሔር ይገዛ ዘንድ ወደምድር ማህል ስትጓዙ የእግዚአብሔር መልአክ ይመራቹኋል ከፊት ለፊታችሁ እየተጓዘም ጎልጎታ ከተባለው ቦታ ያደርሳቹኋል በዚህም የእግዚአብሔር ሐይል ይታያል።
c930b41e-6c9d-5a0c-ad23-d880cd853638,5bc6200a-82ca-5c0a-ac0a-7309c6fccd85,4ff36f52-0856-5564-a0bf-c44ac1626f56,116,116,የዓለም መአዝን አራት መሆኑ ሲታወቅ አራት መሆኑ ቀርቶ አንድ ይሆናል በዚህም ጊዜ የአዳም ልጆች ድሕነት ይሆናል ይህም ሙሴ ከእግዚአብሔር በተቀበላት የዲንጋይ ፅላት ውስጥ ተፅፎ ነበር።
7c74455b-bb40-5d2e-a06d-61d4492842a3,5bc6200a-82ca-5c0a-ac0a-7309c6fccd85,4ff36f52-0856-5564-a0bf-c44ac1626f56,117,117,በይበልጥ ግን ይህን ትእዛዝ አጥብቆ እንዲጠብቅ አጥብቆ አዘዘው እንዲህም አለው ይህን ትእዛዝ አዳም ለሴት ሴት ለሄኖስ። ሄኖስ ለቃይናንን ቃይናን ለመላልኤል መላልኤል ለያሬድ ያሬድ ለሄኖክ ሄኖክ ለማቱሳላ ማቱሳላ ለላሜህ ላሜህ ለራሱ ለኖኅ የተላለፈ ነው።
a7b81fa9-9ac4-5cc3-a477-241e4ecf49e0,5bc6200a-82ca-5c0a-ac0a-7309c6fccd85,4ff36f52-0856-5564-a0bf-c44ac1626f56,118,118,ኖህ ሴሞን ለማንም አዳም የተቀበረበትን ቦታ እንዳያሳይ አስማለው ኖኅ ይህንን ሁሉ ተናግሮ ሲያበቃ ጥር ስድስት ቀን በዕለተ ረቡዕ ሞተ ልጁ ሴምም ገንዞ በምድር ላይ ቀበረው ስለኖኅ ሞት ወገኖቹ አርባ ቀን ሙሉ በታላቅ ሐዘን አለቀሱ የኖኀ ጠቅላላ ዕድሜ ዘጠኝ መቶ አምሳ ዓመት ነው።
09155b05-1a97-5a5d-a31e-d7d37a2912c3,5bc6200a-82ca-5c0a-ac0a-7309c6fccd85,4ff36f52-0856-5564-a0bf-c44ac1626f56,119,119,ከዚህ በኋላ ኖኅ በድብቅ ወደታቦት ገባና የአዳምን ሥጋ አወጣ። ባባቱ ማሕተምና በራሱ ማሕተም ታቦቷን አተመ ካምንና ያፌትንም ጠርቶ አባቴ ኖኅ ሊሞት በተቃረበ ጊዜ ያዘዘኝን ሁሉ እወቁ እንዲህም አለኝ ወደከፍተኛው ቦታ ሂድ እየተዘዋወርክም ተመልከታት በሷ ውስጥ ያሉትን ፍራፍሬዎችንና ለሰው ልጅ መድሐኒት ሊሆኑ የሚችሉትን ዕፀዋት አውቅ ዘንድ።
e46bbbcc-b1c5-57f5-a762-da425a306605,5bc6200a-82ca-5c0a-ac0a-7309c6fccd85,4ff36f52-0856-5564-a0bf-c44ac1626f56,120,120,እነሆ ሚስቴንና ልጆቼን ትቼ እሄዳለሁ እናንተ በጥንቃቄ ጠብቁዋቸው አላቸው።
482670a3-b4be-5d03-a336-736471c236d5,5bc6200a-82ca-5c0a-ac0a-7309c6fccd85,4ff36f52-0856-5564-a0bf-c44ac1626f56,121,121,እነሱም ይህን የምትለውን የምትፈፅም ከሆነ ብዙ ሰውን አስከትለህ ሂድ የምትሄድበት ቦታ ብዙ አንበሶችና ነብሮች ላቸው። ያሉበት ነውና አሉት።
46a47602-3cca-5030-a073-1fb520b50c65,5bc6200a-82ca-5c0a-ac0a-7309c6fccd85,4ff36f52-0856-5564-a0bf-c44ac1626f56,122,122,ሌም ሲመልስላቸው እንዲህ አላቸው የእግዚአብሔር መልአክ ከኔ ጋር ይሄዳል። እሱም ከአውሬዎች አፍ ይጠብቀኛል። ከዚህ በኋላ ማለዱት እንዲህም አሉት የአባቶቻችን አምላክ ካንተ ጋር ይሁን አይለይህ።
628f0707-5b02-53f0-adae-2cdfd1341e09,5bc6200a-82ca-5c0a-ac0a-7309c6fccd85,4ff36f52-0856-5564-a0bf-c44ac1626f56,123,123,ሴም ለወንድሞቹ እንዲህ አላቸው አስተውሉ አባቴ ኖኅ ሊሞት በተቃረበ ጊዜ ከኔ ጀምሮ ማንም ወደታቦት እንዳይገባ በጥብቅ አስጠንቅቆ አስምሎኛል እኔም ባባቴ ኖሕና በራሴ ማሕተም አትሜአት አለሁ ስለዚህ እናንተም ሆናችሁ ልጆቻችሁ አንድም ሰው ወደታቦት ለመግባት እንዳይሞክር ተጠንቀቁ።
995cfff5-1d17-5b08-a2c0-c65bb5493eb8,5bc6200a-82ca-5c0a-ac0a-7309c6fccd85,4ff36f52-0856-5564-a0bf-c44ac1626f56,124,124,እነሱም እሺ ለቃልህና ላባታችን ኖኅ ትእዛዝ እንታዘዘለን አሉት ቀጥሉ ሴም ወደመልከፄዴቅ አባትና እናት ሄዶ መልከፄዴቅ ይሠጡት ዘንድ ጠየቃቸው እነሱም መልከፄዴቅ ካንተፊት ነው እንደፈቀድህ አድርገው አሉት።
854b86b5-4c83-5cd5-afe9-b18517cf7269,5bc6200a-82ca-5c0a-ac0a-7309c6fccd85,4ff36f52-0856-5564-a0bf-c44ac1626f56,125,125,መልከፄዴቅን ሴም በሌሊት ጠራው ከሱም ጋር የአባታችንን አዳም ሥጋ ተሸክመው ጉዞ ቀጠሉ መልአከእግዚአብሔርም እየመራቸው ወደማእከለምድር አደረሳቸው ማእከለምድር የተባለውን ቦታም ይህ ነው በማለት አስረድቶ ነገራቸው።
8cdd5dcc-b8b9-55b8-a0d5-4950402daf17,5bc6200a-82ca-5c0a-ac0a-7309c6fccd85,4ff36f52-0856-5564-a0bf-c44ac1626f56,126,126,ምድር በመስኮት አምሳል ተሠነጠቀች የአዳምንም ሥጋ አስገብታ በገዛ ራስዋ እንደወትሮዋ ተዘጋች የጎልጎታም ቦታ እንዲሁ ሆነ ከዚህም ጊዜ ጀምሮ የፍጥረቶች ራስ በዚሁ አኖሩ የከይሲም ራስ በዚሁ ነበር።
e676e6ca-da6e-590a-aa14-4578938c1e57,5bc6200a-82ca-5c0a-ac0a-7309c6fccd85,4ff36f52-0856-5564-a0bf-c44ac1626f56,127,127,ይህ ከይሲ አዳምንና ሔዋንን ያሳተ ነው የዚሁ ቦታ ስም ሉጦዴዬ ይባላል ትርጓሜውም ህዝብ ሁላቸው ማለት ነው ፍጡራን ሁሉ ለወደፊቱ በዚሁ ይሰበሰባሉና ሴም መልከፄዴቅን አንተ የዓለም ካህን ነህ አለው።
23948a79-a506-5740-a4a9-a5c8912eb39b,5bc6200a-82ca-5c0a-ac0a-7309c6fccd85,4ff36f52-0856-5564-a0bf-c44ac1626f56,128,128,ዛሬ አንተን የመረጠ እግዚአብሔርን አመሰግነዋለሁ እሱ ለክህነት መርጦሃል እስከመጨረሻው ድረስ ከዚህ ቦታ አትለይ ሚስት አታግባ የራስሕንም ጠጉር አትላጭ ጥፍርህንም አትቍረጥ ደምን አታፍስስ በዚህ ዓለም የምትኖርበትንም ቤት ለመሥራት አትሞክር የእንሥሣትን መሥዋዕት አትሠዋ።
75c29aad-82cd-58ae-a3b1-c4d56e4eeb00,5bc6200a-82ca-5c0a-ac0a-7309c6fccd85,4ff36f52-0856-5564-a0bf-c44ac1626f56,129,129,ነገር ግን ከእግዚአብሔር ፊት የሚቀርበው መሥዋእትህ ንፁሕ የስንዴ ሕብስትና ከወይን ፍሬ ይሁን የእግዚአብሔር መልአክም እስከ ዘለዓለም ካንተ ሳይለይ ይኖራል።
2b5f5a94-193a-5dc9-a2b2-64d62e5993de,5bc6200a-82ca-5c0a-ac0a-7309c6fccd85,4ff36f52-0856-5564-a0bf-c44ac1626f56,130,130,ሴም መልከጼዴቅን ከመካነጎልጎታ ካደረሰው በኋላ ሳመውና ከቦታው ትቶት ሄደ።
c3bcad84-efc4-5dac-a82f-2a6479f16d0e,5bc6200a-82ca-5c0a-ac0a-7309c6fccd85,4ff36f52-0856-5564-a0bf-c44ac1626f56,131,131,ሴም መልከጼደቅን የኣዳም ሥጋ እንዲያገለግል ካስቀመጠው በኋላ ተመለሰ ወደሱም የመልከጼዴቅ አባት ፋሌቅና ኢዮስዴቅ መጡ ሴምም መልከፄዴቅ ከመንገድ ታሞ ስለሞተ ቀበርኩት አላቸው።
b634c563-be2a-5439-af69-2d414d71a2d1,5bc6200a-82ca-5c0a-ac0a-7309c6fccd85,4ff36f52-0856-5564-a0bf-c44ac1626f56,132,132,አባቱና መላ ቤተሰቦቹ የመልከፄዴቅን መሞት ሰምተው እጅግ አዘነ።
4f1262fa-37c4-575b-adbe-269a308a2162,5bc6200a-82ca-5c0a-ac0a-7309c6fccd85,4ff36f52-0856-5564-a0bf-c44ac1626f56,133,133,ሴም ሦስት መቶ ዓመት ሲሞላው ሞተ ልጁ አርፋክስድ ገንዞ ቀበረው አርፋክስድም በአራት መቶ አምስት ዓመቱ ሞተ ልጁ ሳላም ገንዞ አርፋክስድ በሠራት አገር ቀበረው። አርፋክስድ የተቀበረባት ቦታ አርናሳዊት ተባለች።
bd7e6b62-75fd-5ade-ad20-9a471313b0e7,5bc6200a-82ca-5c0a-ac0a-7309c6fccd85,4ff36f52-0856-5564-a0bf-c44ac1626f56,134,134,ሳላ አራት መቶ ዓመት ሲሞላው ሞተ ልጁ ቦኤርሞ ራሱ ሳላ ባነፀው ቦታ ቀበረው ይህ ቦታ የስንካርብ አጠገብ በመባል ይታወቃል ቦዔር አራት መቶ አርባ አንድ ዓመት ከኖረ በኋላ ሞተ ልጁ ፋሌቅም (የመልካፄዴቅ አባት) ራሱ ቦኤሪ ባሻነፃት መቃብር ቀበረው ታዋም በስሙ ተሰየመች።
25233143-5d56-5a3b-adca-1b04d43cbacf,5bc6200a-82ca-5c0a-ac0a-7309c6fccd85,4ff36f52-0856-5564-a0bf-c44ac1626f56,135,135,ፋሌቅ አራት መቶ ሰላሳ ዓመት ኑሮ ሞተ ልጁ ራግውም ገነዘው ቀበረውም ራግው ሁለት መቶ ሠላሳ ዓመት ሲሆነው የሴም የካምና የያፌት ልጆች ተሰበሰቡ ከፍተኛ ወደሆነችውም ቦታ አንድ ላይ በመሆን ጉዞአቸውን ቀጠሉ የተጓዙበት ቦታ ንስቆባቱእ ይባላል።
b2482e68-984f-5acf-ab4c-0257e53ab701,5bc6200a-82ca-5c0a-ac0a-7309c6fccd85,4ff36f52-0856-5564-a0bf-c44ac1626f56,136,136,በዚሁም ይኖሩ ጀመር በሱሩያን በፅርዕና በከለዳውያንም ቋንቋ ይናገሩ ነበር። የአዳም የንግግር ቋንቋ የእብራውያን ቋንቋ ነበር። የሚሉ ሁሉ ውሽታሞች ናቸው።
4ebead5d-8074-5b1d-a997-1919b6f919bd,5bc6200a-82ca-5c0a-ac0a-7309c6fccd85,4ff36f52-0856-5564-a0bf-c44ac1626f56,137,137,በእግዚአብሔር ቀኝ የሚቆሙ ሁሉ በሱርስት ቋንቋ ብቻ ይናገሩ ነበር።
f1352de7-3f69-5f51-aca5-911d879d3ea1,b9017446-a5c2-5087-a1f9-21109204171e,5be93d17-5c6d-5d58-a78b-a6b22e7c0e29,1,1,ራግው አሕዛብ በቋንቋ እንደተለያዩ ባየ ጊዜ አዘነ ራግው በሁለት መቶ ሠላሳ ዘጠኝ ዓመቱ ሞተ።
bf3f604d-6c96-54be-ae15-73b3f68cbfac,b9017446-a5c2-5087-a1f9-21109204171e,5be93d17-5c6d-5d58-a78b-a6b22e7c0e29,2,2,ልጁ ሴሮኀ ገነዘው ባገሩም ቀበረው የቀበረበትንም ቦታ በስመ ሰየመው።
a3461a3a-24ff-5410-a5a1-6dfdddc93369,b9017446-a5c2-5087-a1f9-21109204171e,5be93d17-5c6d-5d58-a78b-a6b22e7c0e29,3,3,ከዚህ ጊዜ ጀምሮ ሕዝቦች ተለያዩ ምድርንም ተካፈሉዋት ለሴ ልጆች ሰላሳአምስት ነገሥታት ለካም ልጆች ሰላሳአምስት ነገሥታ ለያፌት ልጆች ሰላሳ ሰባት ነገሥታት ሆነላቸው።
557dce5f-e1e4-57c7-aad0-7df03c4a34ca,b9017446-a5c2-5087-a1f9-21109204171e,5be93d17-5c6d-5d58-a78b-a6b22e7c0e29,4,4,የሴም ልጆች መንግሥት ከፋርስ ምድር ጀምሮ ወደምስራቅ ይደርሳል ይህንንም ሆድሰፌን የሚባለውን የምስራቁን ባሕር ይይዛል።
dc25c54c-44fb-57a4-aafd-f25570c31456,b9017446-a5c2-5087-a1f9-21109204171e,5be93d17-5c6d-5d58-a78b-a6b22e7c0e29,5,5,የያፌት ልጆች መንግሥት ከደብርቅዱስ ዳርቻ ተነስቶ ደብረነን ወደተባለው ቦታና ወደምሥራቅ አቅጣጫ አስከሚገኘው ምዕጣሮስ ወደሚባለው ቦታ መሄጃ ይደርሳል።
070cec83-9030-51ed-a14a-1e5c1572b4bd,b9017446-a5c2-5087-a1f9-21109204171e,5be93d17-5c6d-5d58-a78b-a6b22e7c0e29,6,6,ሁለተኛውሞ ግዛት በምድር ላይ ነበራቸው ሴሮኝ መቶ ሰላሳ ዘጠኝ ዓመት ሲሞላው ሐይለኛው ናምሩድ ነገሠ ብዙ አገሮችንም ተቈጣጠረ ለመጀመርያ ጊዜ የነገሠው ግን በባጢሉን ነው።
139e800c-a6dd-59b4-aeee-841124e31891,b9017446-a5c2-5087-a1f9-21109204171e,5be93d17-5c6d-5d58-a78b-a6b22e7c0e29,7,7,ናምሩድ ጥቁር የተቀደደ የሚመስል ምልክትንና የተለያየ የቀለም መልክ ያለውን አክሊል በሰማይ ላይ አይቷል።
2dfccd16-e4ef-55d9-a015-f33f59a073c4,b9017446-a5c2-5087-a1f9-21109204171e,5be93d17-5c6d-5d58-a78b-a6b22e7c0e29,8,8,ናምሩድ ሱስን የተባለውን ሰው ከሰማይ ላይ ባየው መሠረት አክሊል እንዲሠራለት አዘዘው። እሱም ከተለያዩ የዓልማዝ። የዕንቁና የወርቅ ንጥረ ነገሮች አክሊልን ሠርቶ በራሱ ላይ ደፋለት።
f479882a-d83e-5a6b-a73f-edec7cf0d14d,b9017446-a5c2-5087-a1f9-21109204171e,5be93d17-5c6d-5d58-a78b-a6b22e7c0e29,9,9,ንጉሥ ሁኖ በራሱ ላይ አክሊልን በመድፋት ናምሩድ የመጀመርያ ነው ነገር ግን ናምሩድ ከሰማይ አክሊል እንደወረደለት የሚናገር መረዳት የተሳነው ልበቢስ ነው ተብሏል። የናምርሩድ ዘመን ስድሳ ዘጠኝ ነው ከዚያ ሞተ።
c88f4657-0016-5aa0-a4a5-1ebabbdac1fc,b9017446-a5c2-5087-a1f9-21109204171e,5be93d17-5c6d-5d58-a78b-a6b22e7c0e29,10,10,ከናምሩድ በፊት የነገሠው ሴሩ፥ ከአዳም በኋላ መቶ ሰላሳኛ ሁኖ ነገርሷል። ሴሩህ ግብፅንም ጠቅልሉ ሲገዛ ግብፃውያን ዓምፀው ለራሳቸው ለመጀመርያ ጊዜ ፍርቆር የተሳለውን ንጉሥ አነገሱ።
ce48a0a4-dbc9-5942-a8ca-03f2ceaf89c9,b9017446-a5c2-5087-a1f9-21109204171e,5be93d17-5c6d-5d58-a78b-a6b22e7c0e29,11,11,ፍርቆር በግብፃውያን ላይ ስድሳ ስምንት ዓመት ነገሰ ፌርኖስ የተባለውም ንጉሥ ሱባ በተባለው አገር በነገሰ ጊዜ ሁለት ያገር ታላላቅ ሰዎችን ጠራ። እነዚህን ሰዎች አውቂርና ካልያ ከተባለው አገር ነው የጠራቸው። ።
726d5479-472c-504d-a182-532b815ee694,b9017446-a5c2-5087-a1f9-21109204171e,5be93d17-5c6d-5d58-a78b-a6b22e7c0e29,12,12,በነዚሁ ሁለት አገሮች በወርቅ የተለበጠ ግንብን ይህ ንጉሥ መሥራቱ ይነገራል። ከሱ ቀጥሎ ናቶል የተባለው ንጉሥ ነገሠ።
800bcdb5-4fc1-5ed7-a859-6982531d31c0,b9017446-a5c2-5087-a1f9-21109204171e,5be93d17-5c6d-5d58-a78b-a6b22e7c0e29,13,13,ሱባ በተባለችውም አገር ግንብን ገነባ። በዚችው አገር እስከ መዋዕለ ሰሎሞን ወልደዳዊት ድረስ ሴቶች ብቻ እየነገሱ ኖሩ።
086233f6-395c-5852-a6c3-8a1bf184588c,b9017446-a5c2-5087-a1f9-21109204171e,5be93d17-5c6d-5d58-a78b-a6b22e7c0e29,14,14,ሰዎች ጣዖትን ማምለክና እግዚአብሔርን መካድ ጀመሩ ለጣዖቶች ሠገዱ በዚህም የርስበርስ መለያየት እየሰፋ ሄደ ይህ ሁሉ ሲሆን ግን ተው ተመለሱ የሚላቸው አስተማሪ ፈፅሞ በዚህ ምድር አልነበረም።
361f78ea-0af0-5678-aadc-cf43a10ef8a4,b9017446-a5c2-5087-a1f9-21109204171e,5be93d17-5c6d-5d58-a78b-a6b22e7c0e29,15,15,የየግላቸውንም መንገድ ተከተሉ ፀሐይን ያመለከ አለ ጨረቃንም ያመለከ አለ ሰማይን ያመለከ አለ ጣዖትን ያመለከ አለ ኮከቦችን ያመለከ አለ ምድርን ያመለከ አለ እንስሳትን ያመለከ አለ ዕንጨቶችን ያመለከ አለ ውሆችንና ነፍሶችን ያመለከ አለ ሰዎች ይህን ሁሉ ለማምለክና ከእግዚአብሔር ለመራቅ የቻሉት በአጋንንት ስለታወሩ ነው።
730c948b-082f-54de-ad44-b14010996e71,b9017446-a5c2-5087-a1f9-21109204171e,5be93d17-5c6d-5d58-a78b-a6b22e7c0e29,16,16,ሠይጣኑም መጨረሻ ወደሌለው የጨለማ ዐዘቅት ከተታቸው ከነሱ መካከልም ማንም በዘመን መጨረሻ የሙታን ትንሣኤ ሥእል እንዳለ ፈፅመው አያምኑም ነበር። የሞተውን ሰው ሥለው ለመታሰብያነት ያስቀምጡ ነበር።
e2fcba83-dbcf-57dc-a3f4-75d664774360,b9017446-a5c2-5087-a1f9-21109204171e,5be93d17-5c6d-5d58-a78b-a6b22e7c0e29,17,17,ምድር በመላ በሐጢአት ተመላች የሰው የእጅ ሥእልም በየቦታው መላ ሴሩኅ ሁለት መቶ ሰላሳ ሰባት ዓመት ሲሞላው ሞተ ልጁ ናኮሪም ገነዘው ራሱ በሠራት ቦታም ቀበረው በስሙም ሰየማት።
005baf67-7fa4-599e-a117-ccedcb4b8644,b9017446-a5c2-5087-a1f9-21109204171e,5be93d17-5c6d-5d58-a78b-a6b22e7c0e29,18,18,የናኮር ዕድሜ ስድሳስምንት ዓመት ሲሆን ልዑል እግዚአብሔር ፍጥረትን ሁሉ ተመለከተው ጣዖትን ማምለክ ሥራው አድርጎ ነበርና ምድርን አነዋወጣትና በየቦታው ተክለው ያመልኩባቸው የነበሩት ጣዖታት ሁሉ ሠጠሙ።
a3c90c14-38fe-591b-a18c-54db248b4c6b,b9017446-a5c2-5087-a1f9-21109204171e,5be93d17-5c6d-5d58-a78b-a6b22e7c0e29,19,19,እነሱ ግን ይህን ሁሉ የእግዙአብሔር ቁጣ ቢያዩም ከበደላቸውና ከክፋታቸው ጨርሰው ሊመለሱ አልቻሉም ታራ መቶ ሃያ ዓመት በገዢነት ሲኖር የሥራይን ነገር አስፋፋ በዘመነ አንድ ሀብታም ሰው ሞተና የሐብታሙ ሰው ልጅ የሟቹን ምሥል ከወርቅ አስቀርፆ በመቃብሩ ላይ አኖረ። ይህ ከሱ በፊት ተለምዶ በቆየው ባህልና ሥርዓት አደረገው እኔ እበልጥ እኔ እበልጥ በመባባል የሟቹን ሥእል በመቃብር ላይ የማስቀመጡ ባህል እጅግ ተንሠራርቶ ነበር።
d9470307-f2dd-5f1d-a294-919c68a78d10,b9017446-a5c2-5087-a1f9-21109204171e,5be93d17-5c6d-5d58-a78b-a6b22e7c0e29,20,20,ይህ የሀብታሙ መዋች ልጅ ባባቱ መቃብር ላይ ላስቀመጠው የወርቅ ምስል ጠባቂ ሰው አስቀመጠለት በወርቅ ምስሉ ላይ ያደረው ሠይጣን ጠባቂውን ሰው በሟቹ ሰው አንደበት አነጋገረው ሰውየውም የሰማውን ለሐብታሙ ልጅ ነገረው።
bd3a14c3-78f3-5f7e-a99f-3e92b0f5310e,b9017446-a5c2-5087-a1f9-21109204171e,5be93d17-5c6d-5d58-a78b-a6b22e7c0e29,21,21,ከጥቂት ጊዜ በኋላ ሽፍቶች የሟቹን ሃብታም ሰው ልጅ ቤት ዘረፉ ይህም ልጅ ወዳባቱ መቃብር ቤት መጥቶ ከወርቅ ምስሉ ፊት አለቀሰ በምስሉ ላይ ያደረው ሠይጣንም አናገረው።
8042cad3-c961-533a-ae3a-627db72f2f74,b9017446-a5c2-5087-a1f9-21109204171e,5be93d17-5c6d-5d58-a78b-a6b22e7c0e29,22,22,ባባቱ አንደበትም ካናገረው በኋላ ገንዘቡ በመሉ ሊመለስለት ከፈለገ ልጁን እንዲሠዋለት ጠየቀው። እሱም ትንሹን ልጁ አምጥቶ አርዶ ለሠይጣነ ሠዋው።
06c27838-ebc1-53d8-a53e-907158b40c37,b9017446-a5c2-5087-a1f9-21109204171e,5be93d17-5c6d-5d58-a78b-a6b22e7c0e29,23,23,ሠይጣን በዚሁ ሰው ከዚሁ ጊዜ ጀምሮ ገባበት የጥንቈላንም ሥራ አስተማረው የጣዖትንም ሥራ ሁሉ እንዲሠራ አደረገው። ከዚህ ጊዜ ጀምሮ ሰዎች ከዚሁ ሰው ልጆቻቸውን ለአጋንንት እያረዱ መሥዋዕተ ማቅረቡን ተያያዙት የናኮር ዘመን ሊያልቅ ሲቃረብ የአጋንንትን ተንኰልና የሰዎቹን በአጋንንት መመራት እግዚአብሔር ተመለከተ ጣዖት አምላኪነታቸውንና ልጆቻቸውን ማረዳቸውንም አየ። እግዚአብሔር ከፍተኛ ነፋስ ዓውሎ በነሱ ላይ ላከ አማልክቶቻቸውንም ገለባበጠ እነሱንም ወደምድር አስገብቶ እነሱም ደፈናቸው ከበላያቸውም ተራራዎችን ሠራ። ከነዚሁም እስከዘለዓለሙ በነዚህ ተራራዎች እንደተደፈነ ይኖራሉ።
86ea574a-0f1f-50fc-a2fd-710e5a21e7fd,b9017446-a5c2-5087-a1f9-21109204171e,5be93d17-5c6d-5d58-a78b-a6b22e7c0e29,24,24,ሌሎች ደግሞ በታራ ዘመን የጥፋት ነፋስ ተነስቶ እንደነበር ይገልፃሉ እንዲሁም የሕንድ መምህራን ተራሮችና አረብቶች
01a7cdb9-f632-52db-afff-ff3d72fba665,b9017446-a5c2-5087-a1f9-21109204171e,5be93d17-5c6d-5d58-a78b-a6b22e7c0e29,25,25,በጥፋት ውሃ ዘመን እንደተፈጠሩ ሲገልፁ ሌሎች ደግሞ የቃየል ልጆች በዚችው ምድር ጣዖትን ከማምለክ ጀምሮ ብዙ ሐጢአት ስለሰሠሩ የጥፋት ውሃ ሆነ ተራሮችና ኮረብታዎች በዚሁ ሊፈጠሩ ችለዋል ይላሉ።
02e111df-b232-5ea4-a973-f6513f130ce6,b9017446-a5c2-5087-a1f9-21109204171e,5be93d17-5c6d-5d58-a78b-a6b22e7c0e29,26,26,ይህን ሁሉ ስንመለከት ተራሮችና ኮረብቶች ከጥንት ጀምረው ተፈጥረዋል የሚለውን ሰው ትክክል እንዳልሆነ እንመለከታለን።
4e3ea8d3-8dc2-50c8-a782-079e2318fb44,b9017446-a5c2-5087-a1f9-21109204171e,5be93d17-5c6d-5d58-a78b-a6b22e7c0e29,27,27,እነዚህ ተራራዎችና ኮረብታዎች የተፈጠሩት እግዚአብሔር የሰውን ልጆች ስለተቈጣቸው ሊፈጠሩ ብቻ ችለዋል እግዚአብሔር ሰዎች ጣዖትን በማምለካቸው ምክንያት በቁጣ ስለፈጠራቸው በውስጣቸው አጋንንት አሉባቸው ይላሉ ናምሩድ በዘመኑ ከሰማይ እሳት አይቶ ነበር። ይህንንም ያየውን እሳት ያመልከው ጀመር። ይህን ከሰማይ እሳት ሊወጣ ያየበትን ቦታ ላየው እሳትን የሚሰግድበትና የሚያመልክበት አደረገው መላ ሕይወቱንም ለዚሁ ዕጣንን እያጤሰ ማምለኩን ቀጠለበት።
8e69edb5-2042-50d9-a569-6f79e1c63b8d,b9017446-a5c2-5087-a1f9-21109204171e,5be93d17-5c6d-5d58-a78b-a6b22e7c0e29,28,28,ሰብአሰገል ከዚሁ ጀምሮ ለእሳት መስገድ ጀመሩ። እሳቷ ወደሰማይ ስታርግ ደግሞ ያመልኩዋት ጀመር ዳግመኛም አንድ መኮንን ላስ የሚባል ወደዚሁ ቦታ ውሃ (የሚመነጭበት) ወርዶ ቆመ ነጭ ፈረስንም በዚሁ አቆመ። ውሃውን ለመጠመቅ የሚመጡ ሁሉ ለዚሁ ለቆመው ፈረስ ይሠግዱ ጀመር እሱንም አመለኩት አለው።
8dac2e87-b891-57b8-ad82-a8637abcf8b6,b9017446-a5c2-5087-a1f9-21109204171e,5be93d17-5c6d-5d58-a78b-a6b22e7c0e29,29,29,ከዚያ በፊት ባዩት መሠረትም ሰብአሰገል ፈረሱን ከፍ ከፍ ያደርጉት ነበር። ከነሱም አብዛኞቹ ወደሱ ይሰግዱ ነበር፡።
7f5cb456-78d0-525d-a4c7-95ab95a3d8cf,b9017446-a5c2-5087-a1f9-21109204171e,5be93d17-5c6d-5d58-a78b-a6b22e7c0e29,30,30,ናምሩድ ካገር አገር ከቦታ ቦታን መጐብኘት ባደረገ ጊዜ ከኖኅ አራተኛ ትውልድ የኾነውን ቦኒጦር አገኘው።
a27bc73a-b689-5c60-a1bb-ac99a211686b,b9017446-a5c2-5087-a1f9-21109204171e,5be93d17-5c6d-5d58-a78b-a6b22e7c0e29,31,31,ናምሩድ የኖኀ የልጅ ልጅ የሆነውን ቦኒጦር ባየው ጊዜ ሰገደለት በዚህ ጊዜ ለምን ወደኔ ትሰግዳለህ አለው በብዙ ድካም ስላገኘሁህ ሰገድኩልህ አለው ከሱም ዘንድ ናምሩድ ጥበብንና ምክርን ለመማር ፲ ዓመት ኖረ፡።
a656c797-c2d6-528e-ab00-52e0c775b826,b9017446-a5c2-5087-a1f9-21109204171e,5be93d17-5c6d-5d58-a78b-a6b22e7c0e29,32,32,ከአሥር ዓመት በኋላ የኖኀ አራተኛ ትውልድ የሆነው በኒጦር ናምሩድን ሸኘo ድጋሚም ወደሱ እንዳይመለስ ነገረው ናምሩድ ባለበት ከወደ ምሥራቅ ተጉዞ ከቦኒጦር የተማረውን ሁሉ በመጻሕፍት አፃፈው፡።
a0b9f229-8505-599b-a1f8-096717fc6469,b9017446-a5c2-5087-a1f9-21109204171e,5be93d17-5c6d-5d58-a78b-a6b22e7c0e29,33,33,በዚሁ አገር አዝዴሴር የተባለ ሰው ነበረ ሰውየው ለእሳት ይገዛ ነበር። የናምሩድን ትምህርትና ዕውቀት አይቶ በናምሩድ ላይ ቀናበት:
b07b6883-3627-573f-a261-8169efa84317,b9017446-a5c2-5087-a1f9-21109204171e,5be93d17-5c6d-5d58-a78b-a6b22e7c0e29,34,34,በእሳት እየተመሰለ ሲታይ የቈየው ሠይጣን ወደአዝዴሴር ሄደና አዝዴሴርም የናምሩድ ጥበብ እንዲያስተምረው ሠይጣኑን ጠየቀው ሠይጣኑ በዚህ ጊዜ የናምሩድን ጥበብ እንዳስተምርህ ከፈለግህ ሥርዓቴንና ህጌን ፈፅም ከናትህ እህቶችህና ሴት ልጆችህ ጋር ሥጋዊ ግንኙነትን ፈፅም።
bb8541e3-3146-59e9-ab81-27d4fc4dab4b,b9017446-a5c2-5087-a1f9-21109204171e,5be93d17-5c6d-5d58-a78b-a6b22e7c0e29,35,35,አዝዴሴር ከሠይጣን የተማረውን ሁሉ ፈፀመ የሱንም ሠይጣናዊ ሥራ ተከትለው ሰዎች እናቶቻቸውን እህቶቻቸውንና ሴት ልጆቻቸውን ይገናኙ ነበር።
93bc7f34-b85f-5392-a93d-a60656ec653f,b9017446-a5c2-5087-a1f9-21109204171e,5be93d17-5c6d-5d58-a78b-a6b22e7c0e29,36,36,ሠይጣን ለአዝዴሴር የሥራይንና የጥንቈላን ትምህርት ሁሉ አስተማረው የከለዳውያን ሰዎች ሁሉ በዚሁ ትምህርት ተሠማሩ ይህንን ተግባር የሚከተል ሁሉ ከእግዚአብሔር ዘንድ ይቅርታ የለውም።
9d2aa11b-1756-5690-a0aa-8189b2ed0472,b9017446-a5c2-5087-a1f9-21109204171e,5be93d17-5c6d-5d58-a78b-a6b22e7c0e29,37,37,ከኖኅ አራተኛ ትውልድ ከሆነው ቦኒጦር ዘንድ ናምሩድ የተማረው የከዋክብት ትምህርት የዓመታትንና የወራትን መለዋወጥ ለማወቅ የሚረዳን ነው ይህን ትምህርት ፅርዓውያን አስጠሮንያ እያሉ ይጠቅሱታል።
a26fca18-41b2-55a8-ae2c-6db611868b7d,b9017446-a5c2-5087-a1f9-21109204171e,5be93d17-5c6d-5d58-a78b-a6b22e7c0e29,38,38,ናምሩድ ትልልቅ አገሮችን ሠራ የነዚህም አገሮች ስም ግደብሮር አለር እሱ። ስልው ወቀጦአስትኑን። አርዳጊን የእርድገንንና የወለላን አገሮች ናቸው።
dddb95a7-b6b4-51ff-a934-a2f2ac303aaf,b9017446-a5c2-5087-a1f9-21109204171e,5be93d17-5c6d-5d58-a78b-a6b22e7c0e29,39,39,ሌሎችንም አገሮች ሠርቷል ታራ ሁለት መቶ ስድሳ ሦስት ዓመት ሲሞላው ሞተ ልጁ አብርሃምም ገነዘው ታግራን በተባለው አገርም ቀበረው።
9f0ccc43-aaff-5d0a-ab57-fe7ae0904ad1,b9017446-a5c2-5087-a1f9-21109204171e,5be93d17-5c6d-5d58-a78b-a6b22e7c0e29,40,40,በዚህ ጊዜ እግዚአብሔር አብርሃምን አዘዘው አባቱን ይቀብር ዘንድ እሱም ቀበረው ወደ ተቀደሰችውም አገር ይሄድ ዘንድም አዘዘው አብርሃምም ሚስቱን ሣራንና የወንድሙን ልጅ ሎጥን ይዞ በሰባ ዓመቱ ተነሳ ከአሕዛብ ነገታት ጋርም ጦርነት ገጠመ እነሱም ከፊቱ ሸሹ።
121752ad-fb7b-54c0-a49f-6e57d917515b,b9017446-a5c2-5087-a1f9-21109204171e,5be93d17-5c6d-5d58-a78b-a6b22e7c0e29,41,41,በዚሁ ጊዜ ለአብርሃም ልጅ አልነበረውም ሚስቱ ሣራ መካን ነበረችና አብርሃም ከጦርነት ከተመለሰ በኋላ እግዚአብሔር አብርሃም ዋሪግናን ወደተባለችው ቦታ ይሄድ ዘንድ አዘዘው ዋሪግናን ማለት ደብረዋኖስ ማለት ነው።
df197ee5-65e6-5031-a6b7-963ab5499ae3,b9017446-a5c2-5087-a1f9-21109204171e,5be93d17-5c6d-5d58-a78b-a6b22e7c0e29,42,42,አብርሃም ጉዞውን ቀጠለ መልከጼዴቅን ባየ ጊዜ ወደምድር ሰገደ የእግዚአብሔር ካህን የሆነውን መልከጼዴቅ ተገናኝቶታል።
95c41c4c-8156-5eb8-aa18-47f0691f8a69,b9017446-a5c2-5087-a1f9-21109204171e,5be93d17-5c6d-5d58-a78b-a6b22e7c0e29,43,43,አብርሃም መልከፄዴቅን ባየው ጊዜ ከሱፊት የስንዴ ሕብስትና የተጣራ የወይን ጭማቂ አቀረበለት በዚህ ጊዜ መልከጼዴቅ አብርሃምን ባረከው ስለሱም ወደእግዚአብሔር ማለደ። በዚህ ጊዜ እግዚአብሔር ጠጉሩን እንዲላጭ ጥፍሩንም እንዲቈርጥ ለመልከጼዴቅ ነገረው። እሱም የታዘዘውን አደረገ።
e1c5cda2-e59a-50fe-ac49-945d6adb4997,b9017446-a5c2-5087-a1f9-21109204171e,5be93d17-5c6d-5d58-a78b-a6b22e7c0e29,44,44,መልከጼዴቅ በዚህ ጊዜ ቀደሰና ለአብርሃም ከሕብስቱና ከወይኑ አቈረበው አብርሃም በበኩሉ ለመልከጼዴቅ ካለው ሀብት ሁሉ አንድ አሥረኛውን ሠጠው።
15f3a44f-dc58-5663-af1e-55529ca6acb3,b9017446-a5c2-5087-a1f9-21109204171e,5be93d17-5c6d-5d58-a78b-a6b22e7c0e29,45,45,እግዚአብሔር በድጋሚ ለአብርሃም ተናገረው እንዲህም አለው የመልከፄዴቅን በረከት ተቀብለህ በመልከጼዴቅ እጅ ቈርበሃልና እኔ አንተን ከፍ ከፍ አደርግሃለሁ አከብርህማለሁ ዓይኖቼም ካንተ ላይ ናቸው።
4928d40e-0423-571d-a87e-de3f35f3d104,b9017446-a5c2-5087-a1f9-21109204171e,5be93d17-5c6d-5d58-a78b-a6b22e7c0e29,46,46,እግዚአብሐር እንደገና ለአብርሃም እንዲህ አለው ከፍ አድርጌ እባርክሃለሁ ዘርህንም አበዛለሁ።
7062c971-e6a8-558c-ae92-615b12e42545,a10beb1d-25de-5add-a714-c1ef960f112c,356cdfdb-a715-5442-a53c-47e20bf13fe9,1,1,አብርሃም የሰማንያ ሰባት ዓመት ሰው ሲሆን እስማኤልን ከአጋር ግብፃዊት ወለደው። አጋር አብርሃም ወደግብፅ በተሰደደ ጊዜ የግብፅ ንጉሥ ፈርኦን አገልጋይዋ ትሆን ዘንድ አጋርን ለሣራ ሠጥቶአታል ሳራ የአብረሃም እሕትነቷ በናት አይደለም ባባት ብቻ የአብርሃም እህት ናት።
b9cba31d-d46e-5c7e-aed2-a1e85ae81921,a10beb1d-25de-5add-a714-c1ef960f112c,356cdfdb-a715-5442-a53c-47e20bf13fe9,2,2,ታራ ሁለት ሚስቶችን አግብቷል የመጀመርያዋ ሚስቱ ቱና ትባላላች ከሷ አብርሃም ተወለደ። ቱና አብርሃምን ብቻ ወልዳ ሞተች። ታራ እንደገና ትሕዴፍ የምትባለውን ሁለተኛዋ ሚስት አገባ። ከሷ ሣራ ተወለደች።
93228076-4888-5069-a954-b52998ee0165,a10beb1d-25de-5add-a714-c1ef960f112c,356cdfdb-a715-5442-a53c-47e20bf13fe9,3,3,አብርሃም ለግብፁ ንጉሥ ሣራ እሕቴ ናት ሊል የቻለው በዚሁ ምክንያት ነው።
7bd61971-cb94-520a-a391-ebe6bcb336ed,a10beb1d-25de-5add-a714-c1ef960f112c,356cdfdb-a715-5442-a53c-47e20bf13fe9,4,4,አብረሃም የዘጠና ዘጠኝ ዓመት ሰው ሲሆን እግዚአብሔር ወርዶ ለሣራ ልጅ ሠጣት አብርሃም መቶ ዓመት ሲሞላው ሣራ ልጁ ይስሐቅን ወለደችው እሱን እግዙአብሔር ለእብርሃም ሠጥቶታልና።
e5c641aa-6c9a-551a-ab57-2cee79346eda,a10beb1d-25de-5add-a714-c1ef960f112c,356cdfdb-a715-5442-a53c-47e20bf13fe9,5,5,ይስሐቅ የአሥራ ሁለት ዓመት ልጅ ሲሆን አብርሃም ከእግዚአብሔር በታዘዘው መሠረት ደብረማኖስ በተባለው ቦታ ሊሰዋው ወደደ። ደብረማኖስ የተባለው ቦታ በኋላ ጌታችን መድሓኒታችን ኢየሱስ ክርስቶስ ለሰው ልጆች ቤዛ ሁኖ የተሰቀለበት ጎልጎታ ነው። እግዚአብሔር አዳምን በጎልጎታ ነው የፈጠረው።
8f597fdc-f3d5-5457-a864-3024df2bd50d,a10beb1d-25de-5add-a714-c1ef960f112c,356cdfdb-a715-5442-a53c-47e20bf13fe9,6,6,እንደገናም አብርሃም በዚሁ ቦታ በእንጨት ላይ የታሰረን በግ አይቷል በዚሁ ቦታ የአባታችን አዳም ሥጋ ተቀብሯል በዚሁ ቦታ ዳዊት የኢየሩሳሌምን የጥፋት ሠይፍ የያዘ የእግዚያብሔርን መልአክ አይቷል ።
4ccaf978-b03f-5274-a903-be11dfa02de2,a10beb1d-25de-5add-a714-c1ef960f112c,356cdfdb-a715-5442-a53c-47e20bf13fe9,7,7,አብርሃም ይስሐቅን ወደ መሠዊያው የቀረበበት ምክንያት የጌታችን መድሐኒታችን እየሱስ ክርስቶስ ስለ አዳምና ልጆቹ ድሕነት የሚሰቅለውን ስቅለት አርአናያ ነው ጌታችን እየሱስ ክርስቶስ አብርሃም አባታችሁ ዕለቴን ያይ ዘንድ ተመኘ አየም በማለት የገለፀው የዚህን ምሥጢር ሲገልፅ ነው።
11c9471d-2d55-5e3d-a918-48fff1ead0b3,a10beb1d-25de-5add-a714-c1ef960f112c,356cdfdb-a715-5442-a53c-47e20bf13fe9,8,8,በዕንጨት ላይ ታሥሮ አብርሃም ያየውንም በግ የጌታችን መድሐኒታችን ኢየሱስ ክርስቶስ ምሳሌ ነው።
5afd225d-bab2-5bd8-aa47-0280514bda23,a10beb1d-25de-5add-a714-c1ef960f112c,356cdfdb-a715-5442-a53c-47e20bf13fe9,9,9,አብርሃም ደስሐቅን ዳዕዋው ዘንድ ወደተራራ ያወጣበት ምክንያት የኢየሩሳሌም የመታደስ ወቅት ስለነበር ነው መልከፄዴቅ የእግ ዚአብሔር ካህኑ በተገለጠ ጊዜ አሕዛብ ከያቅጣጫው በረከቱን ለመቀበል ወደሱ ጐረፉ።
25664d01-5814-5362-a6b0-4f3f61b63501,a10beb1d-25de-5add-a714-c1ef960f112c,356cdfdb-a715-5442-a53c-47e20bf13fe9,10,10,የመልከጼዴቅን በረከት ያመጡት ነገሥታት የእለግንደርዋ ንጉሥ አጉተማልንግ የሳኤል ንጉሥ የበታች የሆነ የዳላዞር ንጉሥ የእልሞ ንጉሥ የኢማኢሙራ ንጉሥ ባርኤል የሰዶም ንጉሥ የሆነው በርኡ የዓግያት ንጉሥ በሪኡስ የአለዎን ንጉሥ ሲይን የሰላም ንጉሥ ሲልአደን የደማደስቆ ንጉሥ አላን የባዳም ንጉሥ በጋጣረ ናቸው።
a94054e4-371b-53da-a48c-e0d3c20a2e7c,a10beb1d-25de-5add-a714-c1ef960f112c,356cdfdb-a715-5442-a53c-47e20bf13fe9,11,11,ልጄ ቀሌሜንጦስ ሆፃ የነገሥታቱን ሁናቴ እገልጽልሃለሁ እኒህ ከላይ ስማቸው የተዘረዘረው ነገሥታት በየበኩላቸው ወደያገራቸው አብሮአቸው ይሄድ ዘንድ የእግዚአብሔር ካህንና የሰላም ንጉሥ የሆነውን መልከጽዴቅን ለመኑት ንግግሩን ሰምተው አክብረውታልምና።
00597c52-32ef-5044-ad83-4ab72d3fc3a2,a10beb1d-25de-5add-a714-c1ef960f112c,356cdfdb-a715-5442-a53c-47e20bf13fe9,12,12,መልከፄዴቅ ግን እግዚአብሔር በዚሁ ቦታ እንዲቀመጥ ስላዘዘው ለመሄድ እንደማይችል ነገራቸው ነገሥታቱ በዚህ ጊዜ ተመካከሩና ቤተመቅደስን በገንዘባቸው እንዲሰሩ ወሰኑ መቅደስንም ሠርተው ለመልከጼዴቅ አስረከቡት መልከፄዴቅም መቅደሱን ኢየሩሳሌም አላት።
c34767f1-0ed5-56db-a37d-9bab634ae107,a10beb1d-25de-5add-a714-c1ef960f112c,356cdfdb-a715-5442-a53c-47e20bf13fe9,13,13,ከቴማን ነገሥታቸም አንድ መልእክተኛ ወደመልከፄዴቅ መጥቶ ባየው ጊዜ እጅግ አከበረው ብ እጅ መንሻንም ለመልከጼዴቅ ሠጠው።
ee3f0dc1-38c1-58a1-af99-9243f7e8a8d4,a10beb1d-25de-5add-a714-c1ef960f112c,356cdfdb-a715-5442-a53c-47e20bf13fe9,14,14,ነገሥታት መልከጼሌቅን በከፍተኛ መዓርግ ይመለከቱት ነበር። የነገሥታት አባት በማለትም ሰየሙት ብዙዎች መልከጼዴቅ አይሞትም የማለት አስተሳሰብ አድሮባቸው ነበር። ነቢዩ ዳዊት አንተ አንደ መልከጼዴቅ ሹመት የዓለም ካህን ነህ ያለውን በመመለከት ነው አይሞትምያሉት ዳዊት ግን አይሞትም አላለም እሱ ሰው ሆኖ ስለተፈጠረ እንዴት አይመችም ይላሉ።
6821fafa-82c8-534c-a37a-abc14b157628,a10beb1d-25de-5add-a714-c1ef960f112c,356cdfdb-a715-5442-a53c-47e20bf13fe9,15,15,ነገር ግን እግዚአብሐር ልዑል ካህንም አደረገው ሙሴ የመልአፄዴቅን በእግዚአብሔር ከመመረጡ በፊት ያለውን ሕይወቱ በኦሪት ውስጥ አልመዘገበም ነገር ግን እሱ የአርፋክስድ ልጅ የፋሌቅ ልጅ መሆኑ ይታወቃል።
dd8e6264-9188-5f57-a9dd-7bf0db3eaa2c,a10beb1d-25de-5add-a714-c1ef960f112c,356cdfdb-a715-5442-a53c-47e20bf13fe9,16,16,በዘመነ አብርሃም አንድ ንጉሥ በምሥራቅ ክፍል ነግሦ ነበር። ስሙ ብርመስ ይባላል ብርመስ አራት ልጆችን ወልዷል አራት አገርንም አቅንቶ በአራቱ ልጆቹ ስም ሰጠ አመርያ ቀሪንና ለዩሁ ብሉ ሰየማቸው ከዛ ዓመት በኋላ ይህ ንጉሥ ወደ ደሴት ሄደ በደሴቶቹም ግንቦች ሠርቶ አቆመና ።
025d8afe-2ab5-5d48-a673-1d68c208784f,a10beb1d-25de-5add-a714-c1ef960f112c,356cdfdb-a715-5442-a53c-47e20bf13fe9,17,17,በሚስቱ ስም ሰየማቸው። ሰዎች የዚህ ንጉሥ ምስል እየሳለ ይህወግዱ ነበር። የአብርሃም ሚስት ሣራ ስለሞተች አብርሃም የዳም ንጉሥ ልጅ የሆነችው በቀጥር ልጅ መንጠርባን አግብቶ ነበር።
79d00394-bc3a-526f-a170-2496f421eb4a,a10beb1d-25de-5add-a714-c1ef960f112c,356cdfdb-a715-5442-a53c-47e20bf13fe9,18,18,ይስሐቅ በአርባ ዓመቱ ሚስት እንዲያገባ ተፈቀደለት አልአዛርም ርብቃን ሊያገባው ሄደ አብርሃም በጀሮ ዓመቱ መተ ልጆቹ ይስሐቅና እስማኤል ሚስቱ ሣራ ከተቀበረችበት አጠገብ ቀበሩት
9d20041c-9de8-5ab3-a0b5-baed2978706a,a10beb1d-25de-5add-a714-c1ef960f112c,356cdfdb-a715-5442-a53c-47e20bf13fe9,19,19,ይስሐቅ ፵ ዓመት ሲሞላው ሚስቱ ርብቃ ፀነሰችለት ሄደች የመውለጃ ጊዜዋ ሲደርስም ወደ መልከፄዴቅ መልከፄዴቅም ባረካት ስለሷም ጸለየ ወደእግዚአብሔርም ስለሷ ማለደ ልዑል እግዚአብሔር ካንቺ ሆድ ሁለት ወንዶች ልጆች ይወለዳሉ።
9490ba60-aed7-5164-afc2-bb397c434afd,a10beb1d-25de-5add-a714-c1ef960f112c,356cdfdb-a715-5442-a53c-47e20bf13fe9,20,20,ሁለቱ ካንቺ የሚወለዱት ልጆች የሕዝብ ዓለቆች ይሆናሉ። ትልቁ ለትንሹ ይገዛል ሁለቱም በመካከላቸው ፍቅር የላቸውም እርስ በርሳቸው ይጣላሉ ከትልቁ የሚወለዱት ልጆች ከትንሹ ከሚወለዱት ልጀች ጋር ይጋደላሉ።
4557ed11-40e2-5edd-a06b-60c9f569aa50,a10beb1d-25de-5add-a714-c1ef960f112c,356cdfdb-a715-5442-a53c-47e20bf13fe9,21,21,ከትንሹ ልጅ ልጅ ለሚወለደው እኔ እገዛለሁ እሱም የልዑል አግዘአብሔር ልጅ ይባላል። አሱም ሕያው ነው በዕንጨት ላይ ተሰቅሎም በአዳም ውድቀት ለሰዎች የተላለፈውን መርገም ያስወግዳል።
4e6773b5-65ae-5043-a4fc-56bac357879f,a10beb1d-25de-5add-a714-c1ef960f112c,356cdfdb-a715-5442-a53c-47e20bf13fe9,22,22,ይስሐቅ አዲስ አገርን ሠርቶ አይል ብሎ ሰየማት ይስሐቅ ስድሳ ዓመት ሲሞላው ኢያሪኮን ስባት ነገሥታት ሠርዋት እነሱም የአልገልጊን ንጉሥ የባሳን ንጉሥ የአሞሬዎን ንጉሥ የገባኦን ንጉሥ የሄርጌሴኖን ንጉሥና የቀርናቤን ንጉሥ ናቸው።
9c1d18e0-3e2d-598b-a877-79f8e451b455,a10beb1d-25de-5add-a714-c1ef960f112c,356cdfdb-a715-5442-a53c-47e20bf13fe9,23,23,እነዚህ ሰባት ነገሥታት ለየግላቸው መታሰቢያ በኢያሪኮ ላይ ሠሩ የነሱንም ባህል የተከተለው የግብዑ ንጉሥ ሌላ አገርን አቀና ያቀናውንም አገር ምሥር አለው። ይስሐቅ መቶ ሠላሳ ዓመት ሲሞላው የያዕቆብም ዕድሜ ሰባ ዓመት በሆነ ጊዜ እግዚአብሔር ያዕቆብን ባረከው ያዕቆብ በሐጢአት የይስሐቅን በረከት ተቀበለ።
ec5b4a93-857f-54fc-a0d7-31c9daa3ad42,a10beb1d-25de-5add-a714-c1ef960f112c,356cdfdb-a715-5442-a53c-47e20bf13fe9,24,24,ያዕቆብ በጉዞ ላይ እያለ ሰባት ድንጋዮችን አሰባሰበና አስቀመጣቸው እሱም ተኛ በሕልሙም እስከሰማይ ድረስ የሚደርስ የእሳት መሰላል አየ። በዚሁም የእግዚአብሔር መላእክት ይወርዱና ይወጡ ነበር። ከእንቅፉም ሲነቃ ስለዚችው ቦታ ትንቢት ተናገረ እቺ ቦታ የልዑል እግዚአብሔር ቦታ ትባላለችም አለ።
aace20af-ff53-5824-ac2f-c709031ee07f,a10beb1d-25de-5add-a714-c1ef960f112c,356cdfdb-a715-5442-a53c-47e20bf13fe9,25,25,ይህ የሰማይ በር ነው ተብሏል ድንጋዮቹንም ሰበስባቸውና ለእግዚአብሔር መሥዋእት መሠውያ አድርጎ አቀረባቸው። የተቀደሰውንም ዘይት ቀባቸው በዚሁም ከንብረቱ ሁሉ አሥራትን ለእግዚአብሔር ቁርባን ለመሥጠት ተሣለ ያዕቆብ ያያት ምሥጢር እቺ ናት።
fe3deff9-2a52-5321-aa1e-8e9f8ae7cf55,a10beb1d-25de-5add-a714-c1ef960f112c,356cdfdb-a715-5442-a53c-47e20bf13fe9,26,26,ልጄ ቀሌሚንጦስ ሆይ ያዕቆብ ያየው ምስጢር ለወደፊት ስለነበረው ትንቢት ይገልፃል ይህም ስለክርስቶስ ወደዚህ ዓለም መምጣትን ያመለክታል መሰላሉ የክርስቶስን ስቅለት ያመለክታል የመላእክቱ መውጣት መውረድ ደግሞ የዘካርያስን የእመቤታችንንና የኖሎ ሎትንም መበሠር ያሳያል የእግዚአብሔር በመሳልል ላይ መታየት የልደቱን ምልክት ሲያሳይ ያች ያዕቆብ ያያት ቦታ ደግሞ የቤተክርስቲያን ምሳሌ በመሆን ትነገራለች።
2197e193-09f5-59e4-a7cc-7170fa1af0ec,a10beb1d-25de-5add-a714-c1ef960f112c,356cdfdb-a715-5442-a53c-47e20bf13fe9,27,27,ያዕቆብ ያቆማቸው ዲንጋዮች የታቦት አርአያና አምሳል ሲሆን የነሱም በቅዱስ ቅብ መቀባት የቅብዓተ ስብእት ምሳሌ ይሆናል የያዕቆብ ከገንዘቡ ከአሥር አንድ ለመሥጠት ብፅአት መግባት የቅዱስ ቁርባን ምሳሌ ነው።
72414dbd-6020-580c-a7b8-7fc3c42e6135,a10beb1d-25de-5add-a714-c1ef960f112c,356cdfdb-a715-5442-a53c-47e20bf13fe9,28,28,ያእቆብ ከዚሁ ቦታ ተነስቶ ወደላባ ሄደ ላባ የናቱ ወንድም አጉቱ ነው። በመንገዱም የበጎች ዓዘቅት ጉድጓድ አየ። ይህም ዓዘቅት በከባድ ድንጋይ የተዘጋ ነበር። በቀላሉ ለመክፈት አይቻልም ነበር።
b68ecc1d-b7b3-535e-a789-f936b55939c6,a10beb1d-25de-5add-a714-c1ef960f112c,356cdfdb-a715-5442-a53c-47e20bf13fe9,29,29,የላባ ልጅ ራሄል ከዚያ ቁማ ነበር። (በጎቿን ለማጠጣት) ያዕቆብ የውኃውን ጉድጓድ የተከደነበትን ድንጋይ ከፈተና የውሃ መቅጃ ከራሄል እጅ ተቀብሎ በጎቹን ከጉድጓዱ ውሃ በመቅዳት አጠጣቸው በጎቹን አጠጥቶ ሲያበቃ ያዕቆብ ራሄልን ተመለከታት ወደሷም ቀርቦ ሳማት።
d6071b35-d86e-5ab7-af9d-3de0769239d4,a10beb1d-25de-5add-a714-c1ef960f112c,356cdfdb-a715-5442-a53c-47e20bf13fe9,30,30,ያዕቆብ የውሃውን ጥልቅ ጉድጓድ መክፈቱ የቅድስት ጥምቀት ምሳሌ ነው የጥምቀት ምስጢር ረቂቅ ነውና ።
b694f6bf-2739-52a5-ab08-e6f5047f8103,a10beb1d-25de-5add-a714-c1ef960f112c,356cdfdb-a715-5442-a53c-47e20bf13fe9,31,31,ልጄ ቀሌሚንጦስ ሆይ የውሃውን ጥልቅ ጉድጓድ ከፍቶ በጎቹን ከማጠጣቱ በፊት ያዕቆብ ራሄልን ሊስማት አልቻለም የጥልቅ ጉድጓዱን መክደኛ ከፍቶ በጎቹን ካጠጣ በኋላ ግን ራሄልን ሳማት እኔም የዚሁን ምሳሌ እነግርሃለሁ ሰዎች በቅድስት ጥምቀት መንፈስ ቅዱስን ሳይቀበሉ ወደቅድስት ቤተክርስቲያን መግባት ክልክል ነው። በጥምቀት የክርስቶስ በጎች ይሆናሉና።
3b54d486-8249-50eb-a396-f4bdfec97f72,a10beb1d-25de-5add-a714-c1ef960f112c,356cdfdb-a715-5442-a53c-47e20bf13fe9,32,32,ነቢዩ ሙሴም ያዕቆብ ስለራሄል ልጁ ለላባ ሰባት ዓመት እንደተገዛለት ፅፏል ያዕቆብ ከመላ የላባ ሴቶች ልጆች አብልጦ ራሄልን ስለወደዳት ነው ያዕቆብ ስለራሄል ብሎ ሰባት ዓመት ያገለገለው የራሄል መልክ ከልያ መልክ ይበልጣልና።
0a925186-701f-5c0c-ac08-fa8f9d40f0f6,a10beb1d-25de-5add-a714-c1ef960f112c,356cdfdb-a715-5442-a53c-47e20bf13fe9,33,33,በፈርኦን እጅ ከመቀጥቀጥና ከመገዛት እግዚአብሔር በሙሴ መሪነት አይሁድን ያዳነበትንም ምሥጢር በዚሁ ይገለፃል።
b94e35df-cd2e-5c58-a9a2-221d018b305b,a10beb1d-25de-5add-a714-c1ef960f112c,356cdfdb-a715-5442-a53c-47e20bf13fe9,34,34,ላባ ለያዕቆብ እንዲያገባት በቅድምያ የፈቀደለት መልከ መልካሟን ራሄል ሳይሆን መልከጥፉዋን ልያ ነው ያገባው በሌላ በኩል መልከቀናዋ ልያ ራሷን ትከናነብ ነበር። (ውበቷን ላለማሳየት)።
8e46db5c-4369-5fd1-ad5f-36aa7eefe71e,a10beb1d-25de-5add-a714-c1ef960f112c,356cdfdb-a715-5442-a53c-47e20bf13fe9,35,35,መጥፎ መልክ ያላት ልያ የአይሁድ በአምልኮ ጣኦት መጠመድንና ከእግዚአብሔር መንገድ መውጣትን ያመለክታል። ራሄልም ጌታችንንና መድሐኒታችን ኢየሱስ ክርስቶስን ባመኑና ልቡናቸውንም እግዚአብሔር ያበራላቸውን ምእመናን ትመሰላለች።
e03def46-0700-56cf-ad99-46e4a4a4b2e4,a10beb1d-25de-5add-a714-c1ef960f112c,356cdfdb-a715-5442-a53c-47e20bf13fe9,36,36,ያዕቆብ የስድሳዘጠኝ ዓመት ዕድሜ ሰው ሲሆን ሮቤልን ወለደው ከሱ በማከታተል የሮቤልን ወንድሞች ስምዖንን ሌዊን ይሁዳን ይሳኮርን ዛብሎንን ዮሴፍን ብንያምን ጋድን አሴርን ዳንን ንፍታሌምን ወለዳቸው እነዚህ አሥራ ሁለት ልጆች እግዚአብሔር ለያዕቆብ የሠጣቸው በረከቶች ናቸው።
290ccc7a-e25f-5e43-a298-77e6881d7bbc,a10beb1d-25de-5add-a714-c1ef960f112c,356cdfdb-a715-5442-a53c-47e20bf13fe9,37,37,የይስሐቅ ዕድሜ መቶሃያ ዓመት ሲሆን ይስሐቅ ሞተ። ልጆቹ ኤሳውና ያዕቆብም አባታቸውን ይስሐቅን ገነዙት አባቱ አብርሃም ከተቀበረበት መቃብር አጠገብም ቀበሩት።
85d347f8-43aa-5e6d-a59f-a6d962cf9071,a10beb1d-25de-5add-a714-c1ef960f112c,356cdfdb-a715-5442-a53c-47e20bf13fe9,38,38,የያዕቆብ ሚስት ልያ ሞተችና ከአብርሃም መቃብር አጠገብ ቀበሩዋት የያዕቆብ ልጅ ይሁዳ ከነዓናዊት የሆነችውን ሴት በሚስትነት አገባ በዚሁም ያዕቆብ ከባድ ሐዘንን አዘነ ለልጁ ይሁዳም ባባቶቼ አብርሃምና ይስሐቅ ስም እቺን ሴት ከዘሮቼ እንዳትጨመር አለው።
1031b7d8-a26b-5f58-a7b1-20b02a12873d,a10beb1d-25de-5add-a714-c1ef960f112c,356cdfdb-a715-5442-a53c-47e20bf13fe9,39,39,ይሁዳ ግን የያዕቆብን ምክር አልሰማም ሆኖም ከከነዓናዊቷ ልጅ አልወለደም ልዑል እግዚአብሔር የያዕቆብን ልመና ሰምቷልና የከነናውያንም ዘር ከነገደ አብርሃም እንዲጨመሩ አላደረገም።
6380dfa9-2af8-53bb-a500-04e1d5a75c12,a10beb1d-25de-5add-a714-c1ef960f112c,356cdfdb-a715-5442-a53c-47e20bf13fe9,40,40,ይሁዳ ትእማርን ተገናኛት ከሷም ፋሬስንና ዛራን ወለደ በዚሁ ወቅት ያዕቆብ ከልጆቹ ጋር ወደምድረ ግብፅ ሄደ አሥራ ሁለት ዓመትም በግብፅ ኖሩ ያዕቆብ አንድ መቶ አርባ ዓመት ሲሞላው ሞተ በዚህ ጊዜ የዮሴፍ ዕድሜ አምሳሁለት ዓመት ሁኖ ነበር። ስለዚህ አባቱ ያዕቆብን ገነዘው ለጊዜውም ባለበት ምድረ ግብፅ ቀበረው።
50e5a942-453e-553d-a1a1-fb32498fa6c7,a10beb1d-25de-5add-a714-c1ef960f112c,356cdfdb-a715-5442-a53c-47e20bf13fe9,41,41,ካምሳ ሁለት ዓመት በኋላ ዮሴፍ ያባቱ ያዕቆብን ዓፅም ከግብፅ አፍልሶ ወደከነዓን በመውሰድ ባባቶቹ አብርሃምና ይስሐቅ መቃብር ላይ ቀበረው።
19080744-6c71-5883-acb1-1f8b4995deb1,a10beb1d-25de-5add-a714-c1ef960f112c,356cdfdb-a715-5442-a53c-47e20bf13fe9,42,42,ይሁዳ ፋሬስን ወለደ ፋሬስ ኤስሮሞን ወለደው ኤሥሮሞ አራሞን ወለደው አራሞ አሚናዳብን ወለደው አሚናዳብ ነአሶንን ወለደው።
ecc4d8c3-fdc6-576b-a60b-34f0eabccb1a,a10beb1d-25de-5add-a714-c1ef960f112c,356cdfdb-a715-5442-a53c-47e20bf13fe9,43,43,ከይሁዳ ትውድ ሁሉ የነአሶን ይበልጣል የነአሶን አባት አሚናዳብ የካህኑ አሮን አልአዛር ልጅን አግብቷል። ከሷም ፊኒሐስ ካህንን ወለደው ስለዚህ የቤተ እሥራኤል ክህነት ከአሚናዳብ ተመሠረተ። · ከነአሶን ደግሞ የቤተእስራኤል መንግሥት ተመሠረተ።
491bcdb5-d1d6-5472-a2f1-20774cee117c,a10beb1d-25de-5add-a714-c1ef960f112c,356cdfdb-a715-5442-a53c-47e20bf13fe9,44,44,ልጄ ቀሌሚንጦስ ሆይ መንግሥት በይሁዳ ለእሥራኤል ልጆች እንደተመሠረተ አስተውል ነአሶን ሰልሞንን ወለደው ሰልሞን ከራኬብ ቦኤዝን ወለደው ራኬብ የነገሥታት ዘር ናት።
fae2f666-7f30-593b-acad-d7c84621102e,a10beb1d-25de-5add-a714-c1ef960f112c,356cdfdb-a715-5442-a53c-47e20bf13fe9,45,45,ልዑል እግዙአብሔር ሎጥን ከሴቶች ልጆቹ ጋር የግብረ ሥጋ ግንኙነት በማድረጉ አላረከሰውም ነውር ሁኖም አልተቈጠረበትም አብርሃምን ተከትሎ ካገሩ በመውጣቱና ከሰዶም በመላእክት ትእዛዝ ሳያቅማማ ። በመውጣቱ በእግዚአብሔር ዘንድ ታላቅ ነው።
05b44624-b469-523e-a031-7e1ecccb16a3,a10beb1d-25de-5add-a714-c1ef960f112c,356cdfdb-a715-5442-a53c-47e20bf13fe9,46,46,ስለዚህ ራኬብ ከሎጥ ከተነሱ ነገሥታት ትውልድ ያላት ናት። ከነዚሁም ሲያያዝ መጥቶ ከራኬብ ዘር የሆነችውን ሚስት የዳዊት ልጅ ሰሎሞን አግብቷል። ሰሎሞን ከአብርሃም ዘር መሆኑ ሲታወቅ ሰባት መቶ ዕቁባቶችን አግብቶ በንጉሥነት ተቀምጦ ነበር።
aae13e42-580f-5703-a83a-322f0841fe7e,a10beb1d-25de-5add-a714-c1ef960f112c,356cdfdb-a715-5442-a53c-47e20bf13fe9,47,47,ሰሎሞን ግን ከነዚህ ሁሉ ዕቁባቶቹ አንድ ልጅ እንኳ አልወለደም ልዑል እግዙአብሔር የከነናውያን ዘር ጌታችን ኢየሱስ ክርስቶስ ሥጋን ከሚለብስባቸው የተመረጡ ሕዝቦች ጋር አንድ ለማድረግና ። ለማቀላቀል (ለማደባለቅ) አልፈለገምና።።
597c3a77-2d09-508a-a19d-e5387c6f8310,a10beb1d-25de-5add-a714-c1ef960f112c,356cdfdb-a715-5442-a53c-47e20bf13fe9,48,48,የሰሎሞን ሚስቶች በሙሉ ከምድረከነአን ዘሮች ነበሩ የሙሴ ታሪክ ቅዱሳት መጻሕፍት እንደሚነግፉን የያዕቆብ ልጅ ሌዊ ካባቱ ያዕቆብ ጋር ወደግብፅ ሄደ ከዝያው ስለቀረ ከሱ ዘሮች ሙሴ ትእማርንና የነዌ ልጅ ኢያሱና ካሌብ በምድረ ግብዕ የእሥራኤል ልጆች እያሉ ተወለዱ።
f9d5e6e3-0b85-5998-aaf6-7ef0828dd72b,a10beb1d-25de-5add-a714-c1ef960f112c,356cdfdb-a715-5442-a53c-47e20bf13fe9,49,49,ሙሴ ወደወንዝ ውሃ በተጣለ ጊዜ ሰፈር የተባለችው የፈርኦን ሴት ልጅ ወስዳ ከቤቷ አሳደገችው ሙሴ አርባ ዓመት ሲሞላው ናቦሞ የተባለውን የፈርኦን የመጠጥ አለቃ ገደለውና ራጉኤል ወደተባለው የምድያም ካህን ሽሽ።
58516864-156e-596a-a95a-bce23022f273,a10beb1d-25de-5add-a714-c1ef960f112c,356cdfdb-a715-5442-a53c-47e20bf13fe9,50,50,በዚሁ የራጉኤልን እህት አግብቶ ሁለት ልጆችን ወለደ ሁለቱን ልጆች የወለዳቸው በአምሳሁለት ዓመቱ ነው የሙሴ ጠቅላላ ዕድሜ መቶ ሃያ ዓመት ሲሆን በምድረግብፅ አርባ ዓመት በምድረ ምድያም ፵ ዓመት እስራኤልን በምድረበዳ እየመራ ዓመት ነራል።
e4739981-2816-5e59-a22d-00edf38c06e0,a10beb1d-25de-5add-a714-c1ef960f112c,356cdfdb-a715-5442-a53c-47e20bf13fe9,51,51,ሙሴ ከሞተ በኋላ የነዌ ልጅ ኢያሱ ሰላሳ አራት ዓመት እስራኤሎችን ገዛቸው ከሱ ቀጥሎ ከሐዲው ኩስ ስድሳ ዓመት ገዛቸው ከሱ ቀጥሎ ጎቶልያንያል ወልደ ቄፋዝ የካሌብ ልጅ ሃያ ዓመት ገዛቸው ከዚያ በኋላ ላንድ መቶ ስድሳ ዓመት በኤግሎሞ ንጉሠ ሞአብና በተከታዮቹ መቶ ስድሳ ዓመት እስራኤላውያን ሲገዙ ኖሩ።
34e1d3b7-55fa-54eb-a1fa-409cfedecfc5,a10beb1d-25de-5add-a714-c1ef960f112c,356cdfdb-a715-5442-a53c-47e20bf13fe9,52,52,ከሱም እጅ እግዚአብሐር አዳናቸው ከሱ በኋላ የጌራ ልጅ ናኦድ ሰማንያ ዓመት ሙሉ ገዛቸው ከዚሁ መካከል በሃያ ሰባተኛው ዓመተ መንግሥቱ ፍጥረት ከተጀመረ አራትሺ ዓመት ሞላ። ከናኦድ በኋላ ሕዝበ እስራኤልን የገዛው ኢያሜን ይባላል። ኢያሜን ሃያ አምስት ዓመት ገዝቷቸዋል።
c94ae224-379f-520f-a2fd-1c4b2b6c99f8,a10beb1d-25de-5add-a714-c1ef960f112c,356cdfdb-a715-5442-a53c-47e20bf13fe9,53,53,ከዚያ ዲቦራና ባርቅ አርባ ዓመት ገዙዋቸው። ከነሱ በኋላ ምድያማውያን ሰባት ዓመት ገዙዋቸው ከነሱም እጅ እግዚአብሔር አዳናቸው። ያዳናቸውም በጌዴዎን አማካይነት ነው። ጌዴዎን በበኩሉ እስራኤላውያንን አርባ ዓመት ገዝቶአቸዋል ከሱ በኋላ አቤሜሌክ መቶ ዓመት ገዝቶአቸዋል ከሱ ቀጥሉ ቱላ ወልደፉሕ ሃያ አምስት ዓመት ገዝቶአቸዋል።
24b14384-83c2-5415-ad50-1a2495112951,a10beb1d-25de-5add-a714-c1ef960f112c,356cdfdb-a715-5442-a53c-47e20bf13fe9,54,54,ከሱ ቀጥሎ ኢያኤር ገለአዳዊ ሃያሁለት ዓመት ገዛቸው ከሱ ቀጥሉ ኤሎፍላውያን አሥራ ስምንት ዓመት ገዙቸዋቸው ከነሱም እጅ እግዚአብሔር ልጁን በሰዋው ዮፍታሄ አማካይነት አዳናቸው።
c7192091-7a35-5eb6-ab07-2b73f6d87ef8,a10beb1d-25de-5add-a714-c1ef960f112c,356cdfdb-a715-5442-a53c-47e20bf13fe9,55,55,ዮፍታሄ እስራኤላውያንን ሰባት ዓመት ገዛቸው ከሱ ቀጥሎ ሄሴቦን ሰባት ዓመት ገዛቸው ከሄሴቦን ቀጥሎ ኤሎም አርባ ዓመት ገዛቸው ከሱ ቀጥለው ኢሎፍላውያን አርባ ዓመት ገዙዋቸው ከኢሎፍላውያን ቀጥሉ ኤሉም ዘቡላዊ ፵ ዓመት ገዛቸው ከኤሎም ዘቡላዊ ቀጥለው ኢሎፍላውያን አርባ ዓመት ገዙዋቸው።
8fee7731-32e3-5a71-ab08-2badde2c45f2,a10beb1d-25de-5add-a714-c1ef960f112c,356cdfdb-a715-5442-a53c-47e20bf13fe9,56,56,ከሱ ቀጥሎ እግዚአብሔር በኃይለኛው ሶምሶን እጅ ከኢሎፍላውያን እጅ አዳናቸው ስለዚህ ሶምሶን አሥራ ሁለት ዓመት ገዛቸው። ከሶምሶን በኋላ ግን ደቂቀ እሥራኤል ገገር ሳይኖራቸው አሥራ ሁለት ዓመት ኖሩ ከአሥራ ሁለት ዓመት ያለገዢ መኖር በኋላ ካህን ኤሊ ተነስቶ አርባ ዓመት ገዛቸው ከኤሊ ቀጥሉ ነቢዩ ሳሙኤል አሥራ ሁለት ዓመት ገዛቸው።
27bf2e0d-bee1-5b65-a1c0-5ffc08f3c877,a10beb1d-25de-5add-a714-c1ef960f112c,356cdfdb-a715-5442-a53c-47e20bf13fe9,57,57,በዚህ ጊዜ ሕዝበ እስራኤል ክፉ ሥራን ሠሩ እግዚአብሔርንም አስቀየሙ በላያቸውም ላይ ሣኦልን አነገሱ ሳኦል የእስራኤል የመጀመርያው ንጉሥ ነው አርባ ዓመትንንም ገዝቷቸዋል በዘመኑ ጎልያድ የሚባል ኃይለኛ ተነስቶ እስራኤላውያን አስጨንቆአቸዋል ብዙዎች ወጣቶቻቸውንም ገድሎባቸዋል።
55ab460a-3e0f-58dc-a8f7-af688d144042,a10beb1d-25de-5add-a714-c1ef960f112c,356cdfdb-a715-5442-a53c-47e20bf13fe9,58,58,ከዚያ በኋላ እግዚአብሔር ዳዊትን ላከ ዳዊትም ጎልያድን ገደለው ሳኦልን ደግሞ እግዚአብሐርን ትቶ በአጋንንት ስላሟረተ ኢሎፍላውያን ገደሉት ከሳኦል ቀጥሎ ነቢዩ የእሴይ ልጅ ዳዊት ፴ ዓመት ነገሠ ከዳዊት ቀጥሎ ሰሎሞን ነገሠ ሰሎሞን ብዙ ታላላቅ ሥራዎችን ሠርቷል ሰሎሞን ለአርባ ሰባት ዓመት ሙሉ አውቂር ወደተባለው አገር መርከቦችን እየላከ ወርቅን አስጫነ።
157d3fc8-0be9-5c4f-a6b0-60fedf0974c7,a10beb1d-25de-5add-a714-c1ef960f112c,356cdfdb-a715-5442-a53c-47e20bf13fe9,59,59,ሰሎሞን ብዙ አገሮችን አቅንቷል በምድረበዳው ውስጥ ትልቅ አገርን ሠራና ሀገረ ፀሐይ ብሎ ሰየማት የሰሎሞን ክብር እጅግ በዛ ዝናውም በብሔሮች ሁሉ ተሰማ ጥበቡና ክብሩ እጅግ የላቀ ሁኖ ታየ።
8d917266-fdc5-55ab-a7fa-878800734474,a10beb1d-25de-5add-a714-c1ef960f112c,356cdfdb-a715-5442-a53c-47e20bf13fe9,60,60,የአዜብ ንግሥት ወደሰሎሞን መጣች ለሱም ታዘዘች እንደገና ኀብራን የተባለው የጢሮስና የሲዶና ንጉሥ ወደዕሉሞን መጣ እጅግም ስሎሞንን ወደደው ረዳውም ፈቃዱንም ሁሉ አደረገ ይህ ኀብራን የተባለው ንጉሥ የሰሎሞንን አባት ዳዊትን እጅግ ይወደው ነበር። ነገር ግን ከኀብራን አስቀድሞ ነው ዳዊት የነገሠው።
3ce79749-b64c-5252-aef6-47cbf13efd67,a10beb1d-25de-5add-a714-c1ef960f112c,356cdfdb-a715-5442-a53c-47e20bf13fe9,61,61,ሰሎሞን አንድ ሺ ሚቶችን አገባ እጅግም ስለወደዳቸው ጥበቡን አጠፋ። እነዚህም ሴቶች እግዙአብሔርን ከማምለክ አውጥተው ጣዖትን እንዲያመልክ አደረጉ ለሎሞን በንጉሥነት አርባ ዓመት ሲገዛ ቈይቶ ሞተ።
c421ab9a-f6c8-52f5-a428-4d8ed48c3000,a10beb1d-25de-5add-a714-c1ef960f112c,356cdfdb-a715-5442-a53c-47e20bf13fe9,62,62,ኀብራን የተባለው የጢሮስና የሲዶና ንጉሥ የሰሎሞንን በአምልኮ ጣዖት መበከል ሲያይ እግዚአብሔርን ካደው እኔ እግዚአብሔር ነኝም አለ በባሕሮች ውስጥም የመኖር ችሎታ አለኝ አምላክ ነኝና አለ። ናቡከደነፆር ንጉሥ የኀብራን እግዚአብሔርን መካድ ሲሰማ ሄዶ ገደለው።
35056303-e054-5c03-aacc-088971b648f2,a10beb1d-25de-5add-a714-c1ef960f112c,356cdfdb-a715-5442-a53c-47e20bf13fe9,63,63,ሰሎሞን ሲሞት ልጁ ሮብአም ነገሠ በዚሁ ወቅት ምድር ። በአምልኮ ጣዖትና በዝሙት ረከሰች በኢየሩሳሌም ሰዎች ለአጋንንት መሥዋዕትን ሠው። በሮብአም ዘመን የዳዊት መንግሥት ለሁለት ተከፈለች። ሁለት መንግሥታትም ሆነ ባምስተኛው የሮብአም ዘመነመንግሥት ሴሳን የተባለው የግብፅ ንጉሥ ኢየሩሳሌምን ወረረና በቤተ እግዚአብሔር የነበረውን ።
e4ab6723-db9c-511f-ab5a-65f2cc511c36,a10beb1d-25de-5add-a714-c1ef960f112c,356cdfdb-a715-5442-a53c-47e20bf13fe9,64,64,ንብረት ሁሉ ዘረፈ። ዳዊትና ሰሎሞን በከባድ ጥረትና ድካም በቤተመቅደስ ያከማቹትን ወርቅና ብር አንድም ሳያስቀር ወሰደው ለአይሁድም ይህ ወርቅና ብር የዳዊትና የሰሎሞን ንብረት አይደለም – አባቶቻችሁ ከፈርኦን ግዛት ሸሽተው በወጡ ጊዜ ከግብፅ ይዘውት የመጡ የግብፃውያን ሐብት ነው አላቸው።
181fab92-be34-538e-aac8-1c980a4e49e0,a10beb1d-25de-5add-a714-c1ef960f112c,356cdfdb-a715-5442-a53c-47e20bf13fe9,65,65,የሰሎሞን ልጅ ሮብአም ሞተ የግዛት ዘመኑም አሥራሰባት ዓመት ነው ከሱ ቀጥሉ አብያ የተባለው ልጁ ነገሠ አብያ ሲነግሥ የሃያ ዓመት ልጅ ነበር። በእግዚአብሔር ፊትም ክፉ ሥራ ሠራ ሞተም።
49295738-0491-5a1e-a831-439861279a15,a10beb1d-25de-5add-a714-c1ef960f112c,356cdfdb-a715-5442-a53c-47e20bf13fe9,66,66,እሥራኤሎች አርባ ዓመት ያለንጉሥ ከቈዩ በኋላ የአብያ ልጅ አሳ ነገሠ በእግዚአብሔር ፊትም መልካም ሥራን ሠራ አምልኮ ጣዖትን አስወገደ ዝሙትንም አጠፋ የገዛ እናቱንም የጣዖት ማምለኪያ ሥለሠራች ከኢየሩሳሌም አባረራት የመንግሥቱ ዘመን ሃያ ዓመት ነው እሱ ከሞተ በኋላ ልጁ ዮሳፍጥ የሱን መንግሥት ወረሰ።
11581d98-9cac-518b-a66e-d8b466e4287e,a10beb1d-25de-5add-a714-c1ef960f112c,356cdfdb-a715-5442-a53c-47e20bf13fe9,67,67,ዮሳፍጥ ባባቱ መንገድ አልሄደም የአክ አብን ቤተሰቦች ወደዳቸው ከነሱ ጋርም ርስት መካፈል ጀመረ ብዙ መርከቦችንም ሠራና እንደስሉሞን ወርቅን ተጭነው ይመጡ ዘንድ አውቄር ወደተባለው አገር ላካቸው እግዚአብሔር ግን መርከቦቹን ወደባሕር አሰጠማቸው።
16126f93-1481-54eb-ae21-084c27fa11d2,a10beb1d-25de-5add-a714-c1ef960f112c,356cdfdb-a715-5442-a53c-47e20bf13fe9,68,68,ዮሳፍጥ ሃያ ዓመት በንጉሥነት ቈይቶ ሞተ ከሱ በኋላ ልጁ ኢዮራም በሰላሳ ዓመት ዕድሜው ነገሠ።
97e61a7a-a65d-559b-a0ce-6d0c5a9ad90c,4f5ab826-1159-5ef8-af53-dec9f9fc4a80,f6995a9a-1f5a-5013-ae22-76b32d1cc4f8,1,1,በአብ በወልድ በመንፈስ ቅዱስ ስም አንድ አምላክ። ይህ ጴጥሮስ ለተማሪው ቀሌሚንጦስ ብዙ ምሥጢርን የገለፀበት ዝግጅት ነው። ጌታችን መድሐኒታችን ኢየሱስ ክርስቶስ ከትንሣኤው በኋላ በአርባኛው ቀን ወደሰማያት ያርግ ዘንድና ተመልሶ ግሩምና አስደናቂ እንዲሁም የመላእክትና የሊቃነመላእክት የማያቋርጥ ምሥጋና ወደሚሰማበት ሰማያዊ መንበሩ በምሥጋናና በታላቅ አምላካዊ ክብር ያርግ ዘንድ በወደደ ጊዜ በዛን ጊዜ ወደተቀደሰው ተራራ አወጣን እያለ ቅዱስ ጴጥሮስ ንግግሩን ቀጠለ።
c5b2e08c-8098-550f-a1a8-f96854d2d8b5,4f5ab826-1159-5ef8-af53-dec9f9fc4a80,f6995a9a-1f5a-5013-ae22-76b32d1cc4f8,2,2,እንዲህም አለ እኔን የዘብዴዎስን ልጆች ያዕቆብንና ዮሐንስንና ቅድስት ድንግል ማርያምን ወሰደን የቀሩትን ሐዋርያት ደግሞ ተዋቸው ከተራራው እግርጌም እንዲቈዩ አዘዛቸው። እኛን ግን እፍ አለብን መንፈስ ቅዱስንም አሳደረብን ከዚህም አያይዞ እንዲህ አለን ወርቅንና ብርን አታከማቹ ስንቅንም አትሸከሙ በምትጓዙበት አገር ሁሉ በእጃችሁ በትርም ይሁን ሌላ 81 ፈፅማችሁ አትያዙ
3dba769a-8afe-5831-a6ce-91c72149071c,4f5ab826-1159-5ef8-af53-dec9f9fc4a80,f6995a9a-1f5a-5013-ae22-76b32d1cc4f8,3,3,በበሽተኞች ላይ እጃችሁን በማሳረፍ ትፈውሉዋቸው ዘንድ ሙታንን ታነሱ ዘንድ የመንፈስቅዱስ ኃብት ከኔ ዘንድ ተሠጥቶአችኋል። ይህንንም ሀብት ከምድር በመላ በምትሄዱበት ሁሉ እንጂ በተወሰነ ቦታ ብቻ አይደለም። አሁንም ፀጋን ሠጥቻችሁ አለሁ እናንተም በፀጋ የተቀበላችሁትን ሁሉ በፀጋ ሥጡ በስሜ በተሰበሰባችሁበት ሁሉ እኔም ከናንተ ማህል እገኛለሁ።
f2ff6b60-89bc-52a5-a846-0a2bf588421c,4f5ab826-1159-5ef8-af53-dec9f9fc4a80,f6995a9a-1f5a-5013-ae22-76b32d1cc4f8,4,4,ቀሌሚንጦስ እንዲህ አለ መምህሬ ጴጥሮስ ቀሌሚንጦስ ሆይ እኔ እንድገልፅልህ የምትፈልገው ሁሉ እጅግ ከባድ ነው ለሰው ሁሉም የሚገለፅ አይደለም ጌታችን ኢየሱስ ክርስቶስ ወደሰማያት ከማረጉ አስቀድሞ ይህን ምሥጢር ገልፆልናልና ስለዚሁ ሁሉን ዘርዝሬ እገልፅልህ ዘንድ አይገባም ልትሸከመው አትችልምና
0eb3fc3c-8ef0-5f05-add2-7384b61f54ea,4f5ab826-1159-5ef8-af53-dec9f9fc4a80,f6995a9a-1f5a-5013-ae22-76b32d1cc4f8,5,5,ከዚህም በመቀጠል እኔ ቀሌሚንጦስ ወደመምህሬ ጴጥሮስ ልመናየን ቀጠልኩ ጌታችን ኢየሱስ ክርስቶስ የገለፀለትን ሁሉ ያስረዳኝ ዘንድ መምህሬ ጴጥሮስም ከሱ ዘንድ ብዙ ምሥጢርን ለማወቅ እንደጓጓሁ ተረድቶ እያለቀስኩ እየተጨነቅሁም እንደለመንኩት አውቆ ካሁን ጀምሮ የምገልፅልህን ፃፍ አለኝ አለ።
1cda10aa-70f3-5906-a13d-fa3152e72c49,4f5ab826-1159-5ef8-af53-dec9f9fc4a80,f6995a9a-1f5a-5013-ae22-76b32d1cc4f8,6,6,እንዲህም አለ ዚያም ወደደብረዘይት አወጣኝ ጌታችን መድሐኒታችን ኢየሱስ ክርስቶስ ወደሰማይ ካረገበት ቦታም አቆመኝ ታላቅ ልቅሶም እያለቀሰ እኔን በትእምርተ መስቀል ባረከኝ ጌታዬ ኢየሱስ ክርስቶስ ሆይ በኅይልህ ዕናት ምሥጢሮችህን ለዚህ የኔተማሪ ቀሌሚንጦስ እገልፅለት ዘንድ ርዳኝ አለው።
a3873353-3c3b-567e-ada8-abdc8eb8f83e,4f5ab826-1159-5ef8-af53-dec9f9fc4a80,f6995a9a-1f5a-5013-ae22-76b32d1cc4f8,7,7,ቅዱስ ጴጥሮስ ተናግሮ ሥግደቱን ቀጠለ አርባጊዜ ሳያቋርጥ ሰገደ እኔም ከሱጋር ሰገድኩ እሱ አርባ ጊዜ ከሰገደ በኋላ ፊቱን ወደኔ አዞረ። በዚህ ጊዜ ትልቅ ብርሃን ከላዩ ላይ ሲወጣ ተመለከትኩ ከአፉም የእሳት ነበልባል የመሰለ ነገር ሲወጣ አየሁ። በዚህ ጊዜ ፍርሃትና ድንጋጤ አደረብኝና በፊቴ ወደምድር ወደቅሁ።
6445bb25-959e-576b-a1c4-24ae4a80de24,4f5ab826-1159-5ef8-af53-dec9f9fc4a80,f6995a9a-1f5a-5013-ae22-76b32d1cc4f8,8,8,ቅዱስ ጴጥሮስ እጄን ይዞ ከወደቅሁበት አስነሳኝ፡ ልጄ ቀሌሚንጦስ ሆይ አትፍራ በማለትም አፅናናኝ እንዲህም አለኝ ከጌታችን መድሐኒታችን ኢየሱስ ክርስቶስ ዘንድ ያየነውን ድንቅ ተአምር ባየህ ጊዜ ደነገጥክ ልትናገርም አልቻልክም ብዙ ፍርሀት ተሰምቶሃልና ከባድ ድንጋጤም አድሮብሃልና ለኛ ለተማሪዎቹም ከግርማው አስፈሪነት የተነሳ የምንችለውን ያህል ጥቂት ምሥጢርን ነው የገለፀልን።
2b58c3a1-6782-5b61-a1ee-ff972e18c273,4f5ab826-1159-5ef8-af53-dec9f9fc4a80,f6995a9a-1f5a-5013-ae22-76b32d1cc4f8,9,9,እንዲህም አለኝ የምነግርህን ሁሉ በጥንቃቄ ጠብቅ እኔ የምናገረውን ሁሉ የማይቀበሉ በኋላ ዘመን ይመጣሉ አንተ የምትሠጠውንም ትምህርት የማይቀበሉ ይመጣሉ። ዳግመኛም የሐዋርያትን ሁላቸውን ትምህርት የማይቀበሉ ሰዎች ይመጣሉ።
fd2077f4-b2a8-59a8-a4bd-c39f8fea01df,4f5ab826-1159-5ef8-af53-dec9f9fc4a80,f6995a9a-1f5a-5013-ae22-76b32d1cc4f8,10,10,ዳግመኛም እንዲህ አለኝ ልጄ ቀሌሚንጦስ ሆይ ልብ ብለህ አስተውል ጌታችን ኢየሱስ ክርስቶስ ወደሰማያት ያርግ ዘንድ በወደደ ጊዜ ወደዚሁ አመጣን ወደዚሁ ተራራም እንድንወጣ አደረገ በዚህ ጊዜ ከሌሎቹ ሐዋርያት ለይቶ ጴጥሮስ ሆይ አትፍራ እኔ የቤተክርስቲያን መሠረት ነኝና ቤተክርስቲያንን ካንተ ላይ እሠራታለሁ አለኝ።
5733be18-79af-5da2-a30a-97f1c2bc2e97,4f5ab826-1159-5ef8-af53-dec9f9fc4a80,f6995a9a-1f5a-5013-ae22-76b32d1cc4f8,11,11,እኔም ከፊቱ ሰገድኩ ሰማዮችንና ምድርን እንዴት ፈጠርካቸው ሳትፈጥራቸውስ የኖርክበት ቦታ ምን ይባላል እሱስ የት ይገኛል። የምትመሰገንበትስ ቦታ የት ይገኝ ነበር። ምክንያቱም ከዚያ በፊት የፈጠርከው ነገር ለኛ አይታወቀንምና መንግሥትነትህስ በምን አማካይነት ይታወቅ ነበር። ያንተን መንግሥት ሊሸከም የሚችል ቦታ የለምና አንተሳ እንዴት ትገለጥ ነበር።
fc588426-e3e2-5cbf-a1dc-fa2d67b2ee3c,4f5ab826-1159-5ef8-af53-dec9f9fc4a80,f6995a9a-1f5a-5013-ae22-76b32d1cc4f8,12,12,ጌታዬም መለሰልኝ እንዲህም አለኝ። ጴጥሮስ ሆይ አሁን አስደናቂ ነገርን ጠየቅኸኝ የጠየቅኸውም ጥያቄ የሰው ልቡና ሊሸከመው የማይችል ነው። ነገር ግን ይህን ምሥጢር ለማወቅ እንደምትፈልግ ስላወቅሁ ለማወቅ የምትችለውን ሁሉ እገልፅልሃለሁ።
47a99007-22ae-55b6-a62f-994c7dd412d4,4f5ab826-1159-5ef8-af53-dec9f9fc4a80,f6995a9a-1f5a-5013-ae22-76b32d1cc4f8,13,13,ቦታ እኔ ነኝ ። ሁሉንም ችየ የምኖር እኔ ነኝ ። በምሥጋና መንበሬ ላይ ነበርኩ በፀጋየ ኃብት ነበርኩ አብ በኔ ዘንድ አለ በኔም ዘንድ መንፈስ ቅዱስ አለ ከኛ ዘንድ የመቅደምና ወደኋላ ማለት የለም ከመካከላችንም ፊተኛና ኋለኛ ተብሎ 84 የሚነገርለት የለም መጀመርያና መጨረሻም የለንም።
5a07d6d8-9df8-5c15-ab2c-7c6f5ce36ba7,4f5ab826-1159-5ef8-af53-dec9f9fc4a80,f6995a9a-1f5a-5013-ae22-76b32d1cc4f8,14,14,የኛ ህላዌ የኛ መገኘት በሁሉ ዘንድ ነው የኃይላችንም ታላቅነት በሁሉ ይገኛል እ የፈጠርነው ሁሉ ከኛ የበታች ሁኖ ይኖራል ርዝመታችንና ስፋታችን በሰው አእምሮ አይገመትም ሁሉን እንችላለን ሁሉ ግን ማንነታችንን ሊረዳ አይችልም እኛ ከሁሉ በላይ ነንና የሐይላችንም ታላቅነት ሁሉንም ይዟልና።
dd183418-eca2-51c8-a0f6-1b5037141c2c,4f5ab826-1159-5ef8-af53-dec9f9fc4a80,f6995a9a-1f5a-5013-ae22-76b32d1cc4f8,15,15,ግራና ቀኝ የለንም ውስጥና ውጭም በኛ ዘንድ የለም ውጭ እኛ ነን ውስጥም እኛ ነን ምስጋናችንና የፀጋችን ኃብት ከኛ ዘንድ ነው። ከባዕድ የሚያስፈልገን ነገር ፈፅሞ የለም አብ እውነተኛና ትክክለኛ ነው እኔም ይቅርታና ምሕረት ነኝ መንፈስቅዱስ ኃይልና ጥበብ ነው።
f8a446e4-df0c-5e80-a99e-659b9c45a966,4f5ab826-1159-5ef8-af53-dec9f9fc4a80,f6995a9a-1f5a-5013-ae22-76b32d1cc4f8,16,16,እኛን መሽከም የሚቻለው ሰማይ የለም ምድርም የለም። ከግብር ወደግብር መለዋወጥ በኛ የለም ከቦታ ወደቦታም አንመላለስም የሰው ዓይን እኛን አያይም ሰውም በመራቀቅና በመመራመር እኛን ሊያውቅ አይችልም።
acaec944-0596-564f-a3bf-dfe71e0f4990,4f5ab826-1159-5ef8-af53-dec9f9fc4a80,f6995a9a-1f5a-5013-ae22-76b32d1cc4f8,17,17,በኛ ዘንድ ጭማሪም ሆነ ሕፀት የለም አብ አእምሮ ነው እኔም ሥምረት ነኝ መንፈስ ቅዱስም ሐይል ነው እኛ ብዙዎች አይደለንም አንለያይምም ልዩነት አያገኘንም ጥፋትም አያገኘንም አብ በኔ ሁሉን ፈጠረ በመንፈስ ቅዱስም ተፈፀመ።
25c12db0-c699-53af-a879-116558fc3843,4f5ab826-1159-5ef8-af53-dec9f9fc4a80,f6995a9a-1f5a-5013-ae22-76b32d1cc4f8,18,18,አብ ነቢብ ነው እኔም ቃል ነኝ መንፈስቅዱስ ደግሞ ሕይወት ነው የሚመሳሰለን የለም እኛ ከመመሳሰል በላይ ነንና እንደኛ የሚሆን የለም እኛ ከሁሉ በላይ ነንና አባቴ እሳት ነው ብርሃኑም እኔ ነኝ ። ሙቀቱም መንፈስ ቅዱስ ነው አባቴ ፀሐይ ነው ብርሃኑም እኔ ነኝ ። ሙቀቱም መንፈስቅዱስ ነው።
10449c5b-b107-531c-aac2-98793341f54b,4f5ab826-1159-5ef8-af53-dec9f9fc4a80,f6995a9a-1f5a-5013-ae22-76b32d1cc4f8,19,19,አባቴ ውሃ ነው እኔም ጣዕሙ ነኝ። መንፈስ ቅዱስም ሕይወት ነው አባቴ ክብር ነው እኔም ክብር ነኝ መንፈስ ቅዱስም ጸጋ ነው። ከኛ ውጪ ፍጥረት የለም። ሰማያት ሳይፈጠሩ እኔ ከአብ ጋር ነበርኩ አባቴ ግርማ ነው እኔ ደግሞ ጸጋ ነኝ መንፈስ ቅዱስ ፍፃሜ ነው።
3d4a04d8-8bb7-57da-a32a-a1429792c216,4f5ab826-1159-5ef8-af53-dec9f9fc4a80,f6995a9a-1f5a-5013-ae22-76b32d1cc4f8,20,20,እኔ በአብ መንፈስ ቅዱስ በአብና በኔ አባቴ ጥበብ ነው እኔም ቃል ነኝ መንፈስ ቅዱስ ደግሞ የቃል ድምፅ ነው። እኛ ነን በጥበባችን ሁሉን የፈጠርን ቀዳሚዎችም እኛ ነን መጀመርያና መጨረሻም የለንም።
2f6d5b11-44c9-5172-a445-91bdc23c0a74,4f5ab826-1159-5ef8-af53-dec9f9fc4a80,f6995a9a-1f5a-5013-ae22-76b32d1cc4f8,21,21,ዘመናችን በፍጡራን ዘንድ አይታወቅም ከዘመንና ከአዝማን በፊት እኛ ነን። ከኛ ዘንድ የሚቀርብ የለም የሰው ሕሊናና የመላእክት አእምሮ ሊደርስብን አይችልም። እኛ ከሁሉ በላይ ነን። ከሕሊናዎችም በላይ ነው ምስጋናችንም ከራሳችን ነው።
5810226a-cef8-5388-afd2-db764b87e80e,4f5ab826-1159-5ef8-af53-dec9f9fc4a80,f6995a9a-1f5a-5013-ae22-76b32d1cc4f8,22,22,እኛ መጀመርያና መጨረሻ የለንም ከፍቅራችን ብዛት የተነሳ ዓለምን እንፈጥር ዘንድ ወደድንይህም መንግሥታችን ይታወቅ ዘንድ መላኬነታችንና አቸናፊነታችንም ይታወቅ ዘንድ ብዕላችንና የኃይላችን ከፍታም ይታወቅ ዘንድ አብ እኔና መንፈስ ቅዱስ እሳትን ውሆችንና ነፋሶችን እንፍጠራቸው አልን።
8dd6c7c3-31f0-597f-a05e-6c4599e1df83,4f5ab826-1159-5ef8-af53-dec9f9fc4a80,f6995a9a-1f5a-5013-ae22-76b32d1cc4f8,23,23,እኛም ፈጠርናቸው ከዚያ በፊት ሰማዮች ከውሆች ጋር ተቀላቅለው ነበር። ምድርም ከውሃ ጋር ነበረች የፀናችም አልነበረችም ሁሉም በዚሁ መልክ ነበሩ። ከዚህ ቀጥሉ ሥራችን ከነሱ ላይ ይሆን ዘንድ ሰማዮችን ፈጠርን በነሱ ላይም እንኖራለን።
b75792eb-9ef6-567b-a09b-b09d51202490,4f5ab826-1159-5ef8-af53-dec9f9fc4a80,f6995a9a-1f5a-5013-ae22-76b32d1cc4f8,24,24,4 ጴጥሮስ ሆይ የጥበብህ ህሊና ስለሰማኸው ምሥጢረ ሥላሴ ሊሸከመው አይችልም። ይኸውና እኛ የጠፉ ውሆችን ፈጠርን ከነሱም ሦስት ሰማዮችን ፈጠርን። ሰማዮቹ ብሩሃን ናቸው ልዑላንም ናቸው። የኛ ሥራ በነሱ ላይ ነው የፈጠርነው ብርሃንም ላይኛው ነው።
bf836bc4-d46a-5de0-aee1-4325319aa328,4f5ab826-1159-5ef8-af53-dec9f9fc4a80,f6995a9a-1f5a-5013-ae22-76b32d1cc4f8,25,25,ብርሃኑ በሰማዮች ያለ ነው። ይህም ብርሃን አያልቅም አይለወጥምም የሁሉም መድረሻና መነሻ እኛ ነን ሁሉም የሚኖረው በመዳፋችን ነው ሰባቱ ሰማያትን ፈጥረን ከጨረስን በኋላ በቅፅበት ሌሎች ሰባት ሰማዮችን ፈጠርን የፈጠርነውም በቃላችን ነው።
bce13897-be82-5da3-a1e3-e43d8fde9363,4f5ab826-1159-5ef8-af53-dec9f9fc4a80,f6995a9a-1f5a-5013-ae22-76b32d1cc4f8,26,26,በነሱ ላይም በጥበባችን ሥፍር ቁጥር የሌላቸውን ሌሎች ፈጠርን። ከኛም በቀር ማንም አያውቃቸውም። ውሆችንም ሁሉ አንድ ላይ ሰበሰብናቸው የሰበሰብናቸውም ከሰማያት 87 በህ በታች ነው። ይህም ውሆች የተሰበሰቡበት ቦታ ፋሌክ ይባላል ይህም አንድ ቦታ ሁኖ ዓለምን ሁሉ ይዞራል።
f157b078-c6ba-539a-a331-08e27f3d680f,4f5ab826-1159-5ef8-af53-dec9f9fc4a80,f6995a9a-1f5a-5013-ae22-76b32d1cc4f8,27,27,ብዙ የተለያዩ ነገሮችን ፈጠርን ዘጠኙንም ነገደመላእክት ፈጠርን የነሱም መልክ ይለያያል በየነገዳቸው ሁሉ መልካቸው ይለያያል። አንዱ ሌላውን ያየዋል ሁላቸውም በየነገዳቸው ይለያያሉ። ከመላእክት መካከል ብዙ ዓይኖች ያሉት አለ። ፊቱም ብዙ የሆነ አለ ሁለመናውም የሚነድ እሳት ሁኖ የተፈጠረ አለ።
6042bb4f-be27-5ee6-a2d9-8f18d3dae416,4f5ab826-1159-5ef8-af53-dec9f9fc4a80,f6995a9a-1f5a-5013-ae22-76b32d1cc4f8,28,28,መንፈስ ብቻ ሁኖም ከነሱ መካከል አለ። መንፈስና እሳት በመሆንም የተፈጠሩ አሉ ነገርግን ሁሉም ይዘምራሉ ያለዕረፍትም በማያቋርጥ ያመሰግናሉ ካንዱ የመላክት ማረጊያ ወደሌላው የመላእክት መገኛ የምትመለከተውን የሰማይና የምድር ርቀት ያህላል።
1ff9ff7a-ccf3-58db-a0b0-02da6714088e,4f5ab826-1159-5ef8-af53-dec9f9fc4a80,f6995a9a-1f5a-5013-ae22-76b32d1cc4f8,29,29,የነዚህ መላእክት ቁጥር እልፍ አዕላፋት ከዚያም የእጥፍ እጥፍ ነው እነዚህ እኛን በማመስገን ይኖራሉ ዕረፍት የላቸውም። ሱራፌልና ኪሩቤልም በየፊናቸው ያመሠግኑናል ዕረፍትም የላቸውም።
1e6c5f09-21c0-56c2-a0b3-0e0fe1cc9e09,4f5ab826-1159-5ef8-af53-dec9f9fc4a80,f6995a9a-1f5a-5013-ae22-76b32d1cc4f8,30,30,ሁሉም በየወገናቸው በሦስቱ የብርሃን። የእሳት አብያተ ክርስቲያናት ላይ ይገኛሉ ኢየሩሳሌም ሰማያዊትንም ከሰማይ በላይ ከሚገኘው ውሃ በላይ ፈጠርናት እሷ ከሦስቱ ሰማያት በላይ ትገኛለች።
0ddd870d-6d20-5e54-a31b-14465bca32fe,4f5ab826-1159-5ef8-af53-dec9f9fc4a80,f6995a9a-1f5a-5013-ae22-76b32d1cc4f8,31,31,ኢየሩሳሌም ምድራዊትን ትጋርዳታለች ሥራዋም ከብርሃንና ከፀዳል ነው ምሰሶዎቿ ከእሳት ናቸው። እሷ የቆመችባቸው ምሰሶዎች በታላቅ ግርማ ያሸበረቁ ናቸው ቤተመቅደሷም የሚነድ እሳት ነው በውስጧ ያለው ታቦት ከብርሃን የተሠራ ሁኖ ማንም ሊመለከተው የማይችል ነው። የታቦቷ ሁለንትና ግርማ ፀዳልና ብርሃን ነው።
043cdb74-053e-5d7f-a786-ed0f26f5b6a2,4f5ab826-1159-5ef8-af53-dec9f9fc4a80,f6995a9a-1f5a-5013-ae22-76b32d1cc4f8,32,32,ሰማያዊቷ ኢየሩሳሌም በግርማ የታጀበች ቅድስት ናት የዐጋ ብዕልና ብርሃን ዙረዋታል ከሷ የሚወጣው አእምሮን የሚመስጥ ሽቶ በዓለም ሁሉ ሊገኝ የማይችል ግሩም ነው።
fbe24c14-60d0-54af-a2d9-612e8b518fb5,4f5ab826-1159-5ef8-af53-dec9f9fc4a80,f6995a9a-1f5a-5013-ae22-76b32d1cc4f8,33,33,በኢየሩሳሌም ሰማያዊት ላይ ያለው ብርሃን ዕልመት አያገኘውም የሷንም ጐድን ቁመትና አቀማመጥ ፈፅሞ በፍጡራን ሊታወቅ አይችልም።
43fffca7-63d0-5de8-a285-1aac04c2e656,4f5ab826-1159-5ef8-af53-dec9f9fc4a80,f6995a9a-1f5a-5013-ae22-76b32d1cc4f8,34,34,ጴጥሮስ ሆይ እነሆ ጆሮ ያልሰማውንና ዓይን ያላየውን በሰው ልቡናም የማይታሰበውን ልገልፅልህ ነው እኛ (ሦስቱ አካላት) ከግርማ፣ ከእሳትና ከብርሃን ሥራችንን ሠራን ይህ የሠራነው ሥራ ከብርሃን ሥራችንን ሠራን ያህም የሠራነው ሥራ ከብርሃን ከእሳት አራቱ እንስሳ ይሽከሙታል። እነዚህ እንስሳት ብዙ ዓይኖች ያሉዋቸው ናቸው።
e2dcefde-d03f-5d85-ac0d-e7996248f79b,4f5ab826-1159-5ef8-af53-dec9f9fc4a80,f6995a9a-1f5a-5013-ae22-76b32d1cc4f8,35,35,ከአፋቸው የነደእሳት አምሳል ይወጣል እነሱ የሰው ፊት የእንስሳፊት የንሥር ፊትና የአንበሳ ፊት ናቸው። አራታቸው በግራና በቀኝ ይቆማሉ የሁላቸው ክንፍ የሚነድ እሳት ነው ከነሱ ቀጥሎ ደግሞ ከእሳት የተሠራ አስፈሪ መንኩራኩር ይገኛል።
e2de6389-e423-5aec-a2f6-1164936f75dd,4f5ab826-1159-5ef8-af53-dec9f9fc4a80,f6995a9a-1f5a-5013-ae22-76b32d1cc4f8,36,36,በሁለት ባሕሮች ላይ አንዱ የእሳት ሌላው የነፋስ የሆኑ ናቸው። (መንኰራኩሮቹ) ከበታቹ እየተነሳም ወደገነት የሚፈስ ባህር አለ።
f8555b07-bfd5-57b4-a5bb-aea908a8ae15,4f5ab826-1159-5ef8-af53-dec9f9fc4a80,f6995a9a-1f5a-5013-ae22-76b32d1cc4f8,37,37,ከመልካም ሽቶ ሁሉ የበለጠ መልካም ሽቶ በዚያ አለ የእሳት ባሕር ካለበትም ቦታው ነፋሻማ ይሆናል ወደዚሁም ከብርሃን የሚፈልቀውና መጀመርያው የማይታወቅ መጨረሻውም የማይታወቅ ነው። ከሰማይ ካለው ሁሉም የዚህን አመጣጥ የሚያውቅ የለም። በምድር ያለውም የዚሁን መነሻ አያውቅም የሚወጣበትና የሚደርስበትም አይታወቅም ትልቅ ድቅድቅ ጨለማም ይከበዋል ይህ ድቅድቅ ጨለማ ከብርሃን የተለየ ቦታ ነው ከብርሃን የማይማሳሰሉ ሁሉ ከዚያ አሉ።
fb26841b-9268-5598-a3de-72495afb4d90,4f5ab826-1159-5ef8-af53-dec9f9fc4a80,f6995a9a-1f5a-5013-ae22-76b32d1cc4f8,38,38,ጴጥሮስ ሆይ እኛስ ምስጋናችን ከኛ ዘንድ ነው ምስጋናችንም አይቋረጥም መጨረሻም የለውም ፍፃሜም የለውም እኛ ከሶስትነት አናንስም ጭማሪም አንፈቅድም ቀደምት እኛ ነን ኋለኞችም እኛ ነን ማነኛውም ነገር ሁሉ በመዳፋችን ነው። ደመናትንም ከእግራችን መረገጫ በታች እንዲሆኑ አደረግን።
49d9b028-af49-54eb-aa71-f84ab4708b32,4f5ab826-1159-5ef8-af53-dec9f9fc4a80,f6995a9a-1f5a-5013-ae22-76b32d1cc4f8,39,39,ሱራፌልንና ኪሩቤልን የነፋሳትን ትክሻዎች ይረግጡ ዘንድ አዘዝናቸው ምድርንም እንመለከታታለን እንድትንቀጠቀጥም እናደርጋለን የመላእክት ዓይኖች እኛን መመልከት አይችሉም ። ሥራቸው እኛን ማመስገን ብቻ ነው ያመሰግነናልም መዓርጋት መላእክትን የመላእክት ዓለቅነትን በሁለት የፈጠርን እኛ ነን።
a5015d77-107d-5623-a446-8352b77b67ce,4f5ab826-1159-5ef8-af53-dec9f9fc4a80,f6995a9a-1f5a-5013-ae22-76b32d1cc4f8,40,40,እነዚህም መንበራችንን እንዲዞሩ አዘዝናቸው። አንደኛው አለቃ ሚካኤል ነው እሱም የመዓት መልአክ ነው ሁለተኛው ደግሞ ገብርኤል ነው ገብርኤል መልእክተኛ። የደኀንነትንና የሰላምን ብሥራት ነጋሪ ነው።
c0f3ca9b-c2b6-5421-a0d7-366b4bcd60ec,4f5ab826-1159-5ef8-af53-dec9f9fc4a80,f6995a9a-1f5a-5013-ae22-76b32d1cc4f8,41,41,የሁለቱ ሌሎቹ አለቆች ስም ሱሩያልና ሩፋኤል ይባላል። እነሱም የዜና መልእክተኞች ናቸው ገብርኤል በሰማይ ውስጥ ይኖራል። የሱ ሠራዊት ደግሞ የብርሃንን ማሕደር ይዞራሉ እኛም ከሁሉ በላይ ነን።
2082919d-e279-5fa4-a7dc-b2c4603d6b0d,4f5ab826-1159-5ef8-af53-dec9f9fc4a80,f6995a9a-1f5a-5013-ae22-76b32d1cc4f8,42,42,የፈለግነውን ለመሥራት ካቀድን የሚከለክለን የለም ከፍጥረት ሁሉ ሊቃወመን የሚችል ማንም የለም የመላእክቱ ባብ ሕሊናም አያውቀንም ዓይኖች አይነኩንም እያንዳንዳችን ምሕረታችን ታስወግደዋለች። አንለያይም ቁጣችንን ኩነኔ ይቅርባይነታችንም መዓታችንን ታቀዘቅዘዋለች። የሚገባው ቢኖርም በትክክለኛው ፍርዳችን በምሕረትና በይቅርታ እንጐበኘዋለን እንጂ አናጠፋውም።
99c86f0d-a5c9-52a8-a141-04d8ba4fc8b7,4f5ab826-1159-5ef8-af53-dec9f9fc4a80,f6995a9a-1f5a-5013-ae22-76b32d1cc4f8,43,43,እኛ ሁሉንም እንፈጥራለን የምንፈጥረውም ያለድካም ነው የራቀውን እናቀርባለን የቀረበውን እናርቃለን ሁሉን እናያለን እኛን ግን የሚያየን የለም በሁሉም ዘንድ እኛው ነን ሐይልንና መድኀኒትን የምንሠጥ እኛ ነን ኃይላችን ከሁሉም በላይ የኛ ኃይል የሠለጠነ ነው ከፈጠርነው ፍጡር ምስጋናም አንሻም ምስጋናችንስ ከኛው ነው ኃይልም ሁሉ ከኃይላችን በል ነው።
2b2d42ae-22d7-51ae-aad9-d4a5fab243c1,4f5ab826-1159-5ef8-af53-dec9f9fc4a80,f6995a9a-1f5a-5013-ae22-76b32d1cc4f8,44,44,ጸጋችን ከጸጋ ሁሉ ይበልጣል ክብራችንም ከክብር ሁሉ ይበልጣል።
c925ff3b-2a1f-5887-a337-a73d56c4bcc0,4f5ab826-1159-5ef8-af53-dec9f9fc4a80,f6995a9a-1f5a-5013-ae22-76b32d1cc4f8,45,45,ጴጥሮስ ሆይ ልብ በል አስተውልም ከሥራየም ተረዳ እኔ እግዚአብሔር እንደሆንኩም እወቅ ብልሐተኛ ሁሉ በጥበቡ ይቃወቃልና።
231784a4-20b4-58e8-a492-79ab24ec65ce,4f5ab826-1159-5ef8-af53-dec9f9fc4a80,f6995a9a-1f5a-5013-ae22-76b32d1cc4f8,46,46,ጌታችንና መድሐኒታችን ኢየሱስ ክርስቶስ ስለሰማያትና ስለምድር አፈጣጠርና ስለነፋሳትና ስለውሆች አፈጣጠር በነገረኝ ጊዜ ጌታችን ሁሉን የፈጠረ እንደሆነ አወቅሁ ተረዳሁም።
cf7342b1-75ce-58c5-a35e-fd9e791388ba,4f5ab826-1159-5ef8-af53-dec9f9fc4a80,f6995a9a-1f5a-5013-ae22-76b32d1cc4f8,47,47,ደግሞም ጴጥሮስ ሆይ አስተውል አለኝና ክረምትና በጋ በኔ ይሆናሉ የክረምትና የበጋ አምላክ እኔ ነኝና እኔ ከአብ ጋርና ከመንፈስ ቅዱስ ጋር ያለመለየት በፍፁም ተዋህዶ እኖራለሁ መለያየት በኛ ዘንድ የለም።
6900655b-b1db-5654-a97a-909129125724,4f5ab826-1159-5ef8-af53-dec9f9fc4a80,f6995a9a-1f5a-5013-ae22-76b32d1cc4f8,48,48,እኛ ዝናማትን እናወርዳለን ምድርንም እናጠጣታለን ባሕርን እናደርቃለን የብስንም ባሕር እናደርገዋለን ወንዞችንም እንዲደርቁ እናደርጋለን። ከነፋሳት ባሕር ትንሽ ነፋስ ብዙ አገሮችን ታጠፋለች ተራሮችንና ኰረብቶችን እንሠራለን ምንጮችንም ወደወንዞች እንልካለን።
28c70c88-65a9-504a-ac98-95ba3a17fb91,4f5ab826-1159-5ef8-af53-dec9f9fc4a80,f6995a9a-1f5a-5013-ae22-76b32d1cc4f8,49,49,ጴጥሮስ ሆይ ከእሳት ባሕር ነፋስን እንደምንልክ ልብ በሉ ይህም የእሳት ባሕር መልእልተ ሰማያት ይገኛል። ይህም ትንሽ እሳት ብዙ አገሮችን ያቃጥላል ብዙ ተአምራትንና ብዘ መንክራትን እናደርጋለን ይህንንም ሁሉ በኃይላችን ብዛት እናደርጋለን። ውሆችንም እናረጋለን ረግተው በደመናት ላይ ዝናም እንዲሆኑ እናደርጋለን በርድንና ውርጭን ወደምድር እንልካለን።
11ee0af1-74db-51e5-a6c6-84b9b29d7f60,4f5ab826-1159-5ef8-af53-dec9f9fc4a80,f6995a9a-1f5a-5013-ae22-76b32d1cc4f8,50,50,ጴጥሮስ ሆይ ልብ ብለህ አስተውል የነፍሥና የሥጋ ወገን ፍጥረት ሁሉ እኛ የፈጠርነው ነው። የዕፀዋትንም ቁጥር ፈጥረናል ምድር ሥሒን የተባለውንም ከዕፀዋት ጋር ባንድነት ፈጠርን ከኛ በቀር ሌላ አምላክ የለም በቅፅበት የሚታየውንና የማይታየውን ሁሉ እኛ ፈጠርን የሚዳሰስና የማይዳሰስ የሚያልፈውንና የማያልፈውን የፈጠርን እኛ ነን። ይህን ሁሉ ከኛ በቀር የሚያውቀው የለም። ሰማይን የሠቀልነው እኛ ነን ያለምሰሶ እኛ ሰቀልነው ምድርንም በውሃ ላይ እኛ ፈጠርናት ነፋሳትንም አስቀመጥናቸው።
413034d1-56d0-5c47-a81d-01ec58678c4b,4f5ab826-1159-5ef8-af53-dec9f9fc4a80,f6995a9a-1f5a-5013-ae22-76b32d1cc4f8,51,51,ጴጥሮስ ሆይ ከቅድስት ድንግል ማርያም ዘንድ ሥጋ ለመልበስ ባልፈልግ ኑሮ አዳምን ሰማያትንና ምድርን ባልፈጠርኩዋቸው ነበር።
b37969fe-93c0-5e98-a8ed-df47a296f546,4f5ab826-1159-5ef8-af53-dec9f9fc4a80,f6995a9a-1f5a-5013-ae22-76b32d1cc4f8,52,52,ጴጥሮስ ሆይ እኔ ሰው ባልሆን ኑሮ የምሥጋናየና የክብሬ ዝ 93 ብዕል ባልታወቀ ነበር። ጴጥሮስ ሆይ ባልወድህ ኑሮ ይህን ምሥጢር ባልገለፅኩልህም ነበር። እነሆ ብዙ ምሥጢርን እገልፅልሃለሁ ሰዎችንም ባልወድ ። ኑሮ በዚሁ በለበስኩት ሥጋ ባልተገለፅኩላቸውም ነበር። እቺ ቅድስት ድንግል ማርየምን ባልመርጣት ኑር ሔዋንን ባልፈጠርኩዋት ነበር።
1deadbfe-310a-51f8-afd7-c3387339ea35,4f5ab826-1159-5ef8-af53-dec9f9fc4a80,f6995a9a-1f5a-5013-ae22-76b32d1cc4f8,53,53,ጴጥሮስ ሆይ እኔ የለመንከውን ሁሉ እሠጥሃለሁ ምሥጢሮቼንም እገልፅልሃለሁ እንደምትወደኝ አውቃለሁና የመለኮቴን ብርሃን ከፍጡራን ሁሉ አንድም የሚያውቅ የለም የቀናች ሃይማኖት ያለችው ሰው ካልሆነ በቀር እኔን የሚያይ የለም እኔም ለሃይማኖተኛ ሰው በመለኮቴ ግርማ እታየዋለሁ።
ae6de1f9-7b06-59ca-afa4-3d43547a1e56,4f5ab826-1159-5ef8-af53-dec9f9fc4a80,f6995a9a-1f5a-5013-ae22-76b32d1cc4f8,54,54,ቅዱስ ጴጥሮስ ከዚህ በኋላ እንዲህ አለኝ ልጄ ቀሌሚንጦስ ሆይ ጌታችን ኢየሱስ ክርስቶስ በተናገረኝ ጊዜ እያየሁት ወደሰማይና ወደምድር እጆቹን ዘረጋና ሰማይና ምድርን በትንሽ ክርታስ እንደተያዘች ደብዳቤ አስመስሎ በመጠቅለል በማህል እጁ አስቀመጣቸው።
174727de-51a3-5dc5-a2c4-e6eabc6ee371,4f5ab826-1159-5ef8-af53-dec9f9fc4a80,f6995a9a-1f5a-5013-ae22-76b32d1cc4f8,55,55,እንዲህም አለኝ ጴጥሮስ ሆይ ጆሮህን ወደማሕል እዴ አቅርብ ልብ ብለህም ይህንን ስማ እኔም ቀረብኩ የብዙዎችንም ድምፅ ሰማሁ።
1762bab4-29a4-56f5-af83-2e2f33984ffd,4f5ab826-1159-5ef8-af53-dec9f9fc4a80,f6995a9a-1f5a-5013-ae22-76b32d1cc4f8,56,56,ብዙ ጩኸትንና ፍጅትን ሰማሁ ቀጥሎ ግሩም ወደሆነ ቦታ አደረሰኝ ይህ ቦታ ከሰማይ አይደለም ኮከምድርም አይደለም እንዲህም አለኝ ጴጥሮስ ሆይ ያለህበት ቦታ የት ነው?
af337837-e741-50eb-ade9-e6ddcd9cfc58,4f5ab826-1159-5ef8-af53-dec9f9fc4a80,f6995a9a-1f5a-5013-ae22-76b32d1cc4f8,57,57,ደግሞም እንዲህ አለኝ ዓይኖችህን አንሳ በዚህ ጊዜ ተመለከትኩና የብርሃን መጋረጃ ያለበት የብርሃን አየሁ ሕብሩ የተለዋወጠ ነበር። እኔም አይቼ ደነገገጥኩ። በኋላ እጄን ይዞ አስነሳኝ ያየንው ምንድር ነ0ሁ ።። ወይም ምድር ብሎ ጠየቀኝ።
23a25e81-6115-5f04-a5e8-8e5adc0401a1,4f5ab826-1159-5ef8-af53-dec9f9fc4a80,f6995a9a-1f5a-5013-ae22-76b32d1cc4f8,58,58,ጌታየና አምላኬ ሆይ ምንም አልታየኝም አላት ተመልከት አለኝ እኔም ወደታች ተመለከተ ። ጥልቀት ያለውንም ጨለማ አየሁ መነባውና ። አይታወቅም የምትመለከተውን አስተውል ሰማዮችን ከዋክብትንና ጨረቃን ተመለከትኩ።
638b01b6-1603-54fd-a0b5-56da793940f1,4f5ab826-1159-5ef8-af53-dec9f9fc4a80,f6995a9a-1f5a-5013-ae22-76b32d1cc4f8,59,59,9 ባሕርን የሚፈሱ ወንዞችን አየሁ እነዚህ ሁሉ በጌታ እጅ የተያዙ ናቸው። እኔ ጴጥሮስ ያየሁት ሁሉ በሕልም ያየሁት አይደለም በገሀድ እንጂ በሐሰትም አይደለዎ። ከዚያ ጌታችን ሁሉን ካሳየኝ በኋላ ወደየቦታቸው መለሳቸህ እኛም እንደነበርንበት በቀድሞው ሁኔታችን ወደ ደብረዘይት ተመለስን።
7e572388-f963-5e77-a664-e5defa37148e,4f5ab826-1159-5ef8-af53-dec9f9fc4a80,f6995a9a-1f5a-5013-ae22-76b32d1cc4f8,60,60,ደግሞም ጌታችንና መድሐኒታችን ኢየሱስ ክርስቶስ ወደኋላህ ተመለስ አለኝ እኔም ወደኋላየ ተመለስኩና ኢየሩሳሌም ሰማያዊትን አየሁዋት። እሱም ትያትና ምድር በእጄ እንደሆኑ እወቅ አለኝ።
4e16f44a-2bc2-55ba-a281-7eb04258d6c7,4f5ab826-1159-5ef8-af53-dec9f9fc4a80,f6995a9a-1f5a-5013-ae22-76b32d1cc4f8,61,61,እንዳያሃቸው የትም አይወገዱም በመለኮቴ ጥበብ ይህን ሁሉ ፈፀምኩ። የአብርሃም ይስሐቅና ያእቆብ አምላክ እኔ ነኝ ። ምሕረቴና ምስጢሬ አይታወቅም ነገር ግን ያንተ አእምሮ ሊቀበለው የማይችለውን ምሥጢር እነግርሃለሁ።
0c5b2986-37d0-5cfd-a7fb-9fc6bd6a8185,4f5ab826-1159-5ef8-af53-dec9f9fc4a80,f6995a9a-1f5a-5013-ae22-76b32d1cc4f8,62,62,የመንግሥተ ሰማያት መክፈቻን ሠጥቸሃለሁና የሲኦል በሮች የማይበረቱባትን መንግሥተ ሰማያት ትዘጋና ትከፍት ዘንድ የወደድከውንም ታደርግ ዘንድ እንዲህም አለኝ የፊት እኔ ነኝ ። የኋላም እኔ ነኝ ። የምገድልም እኔ ነኝ ። የምፈውስ እኔ ነኝ ። እኔ በአብና በመንፈስ ቅዱስ አለሁ አብና መንፈስ ቅዱስም በኔ ህልዋን ናቸው በሥላሴ አንድነት እኔ አለሁ።
694a529e-7d72-5138-a7ec-c299997aab02,4f5ab826-1159-5ef8-af53-dec9f9fc4a80,f6995a9a-1f5a-5013-ae22-76b32d1cc4f8,63,63,ሰማይ መንበሬ ነው ምድርም የእግሬ መርገጫ ናት። ከኔ ፊት የሚቆም ማን ነው በአርአያየና በምሳሌየ አዳምን ፈጠርኩት በሱ ላይም የሕይወት እስትንፋስ እፍ አልኩበት።
6a941a29-1727-5dcf-a6e2-3406ba565ad0,4f5ab826-1159-5ef8-af53-dec9f9fc4a80,f6995a9a-1f5a-5013-ae22-76b32d1cc4f8,64,64,በሱ ላይ ነባቢት ነፍስን አሳደርኩበት እቺም የማትሞት ናት በምልክትና በአምሳል አትታወቅም በመላእክት ምሳሌነትም አትታወቅም ከሰማያት መንበሩ የወደቀው ዲያብሎስንም እንዲቃወመው አደረግሁት።
337bdb98-daf1-5960-a4a2-3ccc5c9a5acd,4f5ab826-1159-5ef8-af53-dec9f9fc4a80,f6995a9a-1f5a-5013-ae22-76b32d1cc4f8,65,65,ጴጥሮስ ሆይ እኔ ልጁ እንደሆንኩ አብ ገለጠልህ ከሱ ጋር አንድ እንደሆንኩም አስረዳህ ጴጥሮስ ሆይ እኛ መላእክትን በፈጠርናቸው ጊዜ አዳምን ፈጠርነው። በፀጋየም ቤተክርስቲያንን ሠራኋት አፍላግንና ዕፅዋትንሃም በሷ ላይ ሾምኩ ቤተክርስቲያን ከአንድ በላይ ከተራሮችዎ ከፍ እንድትል አደረግሁዋት ። ይህም በመንፈስ ቅዱስ ነው።
d2192e48-d30e-5410-ae55-11813ba03498,4f5ab826-1159-5ef8-af53-dec9f9fc4a80,f6995a9a-1f5a-5013-ae22-76b32d1cc4f8,66,66,እኔም መለስኩ እንዲህም አልኩት በመንፈስ ቅዱስ ክንድ ስንት ያህል ነው አልኩት እሱም መጠኑ የሚለካው እጆቼን በመስቀል ግራና ቀኝ ዘርግቼና ማሕል እጄም በመስቀል ላይ በዘረጋሁበት ነው።
e7c5dac9-8ced-580e-ad2c-9e03d2608107,4f5ab826-1159-5ef8-af53-dec9f9fc4a80,f6995a9a-1f5a-5013-ae22-76b32d1cc4f8,67,67,የዚህም መጠኑ ከምሥራቅ ተነስቶ እስከ ምዕራብ ይደርሳል ጴጥሮስ ሆይ በገነት የተከልኩዋት መንፈሳዊቷ ዕፅና በሷም ላይ መልካምን ሁሉ ያደረግሁ በሷ ላይ ክብሬንና ምሥጋናየን እገልፅ ዘንድ ነው። ገነትንም አደረግሁዋት የቤተክርስቲያን ምሳሌነትም ሠጠኋት እቺም ቤትክርስቲያን በገነት ያለች እቺንም ቤተ ክርስቲያን ለመሐይምናንና ለደናግል እንድትሆን አዘጋጀኋት ርዝመቷና ስፋትዋ መንፈሳውያን የአዳም ልጆች በሚኖሩበት ገነት ኤዶም መጠን ነው የተሠራችው።
81981730-c609-5d69-a02e-584eae12a74a,4f5ab826-1159-5ef8-af53-dec9f9fc4a80,f6995a9a-1f5a-5013-ae22-76b32d1cc4f8,68,68,ፈያታዊ ዘየማንንም በሰማያት የዕርገቴን ዜና ከአብ ዘንድ እንዲናገር ላክሁት ጴጥሮስ ሆይ ምሥጢሮቼን እገልፅልሃለሁ። ይህንንም ለምነኸኛል ስለዚህ በሰማያት ያለውን ከአብ ዘንድ ታያለህ።
77fc48e4-4334-5a75-ab34-0a79e0d862fb,4f5ab826-1159-5ef8-af53-dec9f9fc4a80,f6995a9a-1f5a-5013-ae22-76b32d1cc4f8,69,69,በዚህ ጊዜ ከፊቱ ሰገድኩ እንዲህም አልኩ ጌታዬና አምላኬ ሆይ እነሆ የክብርህ ልዕልናና ግርማህ አውቅ ዘንድ ናት። እጁ ያስተዋይነትህን መንገድ ገለጥክልኝ እኔ እንደማምንህና እንደማፈቅርህ አንተ ታውቃለህ አሁንም ሰማዮች። መላእክትና ሥልጣናት እንዴት እንደተፈጠሩ አስረዳኝ ስንት መዓርጋት አሉዋቸው አርአያቸውስ የሰው አርአያ ያለው ነውን እንደጥላ ናቸውን ጉድንና ቁመትስ አላቸውን።
6c01e2f7-bdc8-5cee-aa68-775aa2d7b9b9,4f5ab826-1159-5ef8-af53-dec9f9fc4a80,f6995a9a-1f5a-5013-ae22-76b32d1cc4f8,70,70,በየትኛውስ ጊዜ ፈጠርካቸው ሰማይንና ምድርን ከመፍጠርህ በፊት ነውስ ወይ በኋላ በየትኛው ወር ፈጠርካቸው በየትኛውስ ሰዓት በአምላካዊ ሥልጣንህ ሊፈጠሩ ቻሉ።
f4d74566-f082-5e0a-aa52-6aba20eac843,4f5ab826-1159-5ef8-af53-dec9f9fc4a80,f6995a9a-1f5a-5013-ae22-76b32d1cc4f8,71,71,እንደሰው ሐጢአት ሊኖራቸው ይችላልን አእምሮ መሥማት ማየትና ማሰብስ ተሠጥቶአቸዋልን ይንቀሳቀሳሉን መልካቸውስ ተመሳሳይ ነውን ወይስ ይለያያሉ ወይም ደግሞ ቁመናቸውና ምስጋናቸው ይለያያል ወይስ አንድ ነው።
0399e092-7c29-5966-aa28-e77fa4345cb8,4f5ab826-1159-5ef8-af53-dec9f9fc4a80,f6995a9a-1f5a-5013-ae22-76b32d1cc4f8,72,72,የቃላቸውስ ድምዕ እንዴት ሊሰማ ይችላል ሥጋ አልለበሱምና ንባባቸው እንዴት ሊታወቅ ይችላል ልሣን ከሌለው ፍጡር ንግግር እንዴት ይሰማል ከሙታን በኋላስ እነዚህ እንዴት ይሆናሉ።
c1b3419a-8aac-545c-a50c-03cfca620900,4f5ab826-1159-5ef8-af53-dec9f9fc4a80,f6995a9a-1f5a-5013-ae22-76b32d1cc4f8,73,73,ጌታዬ ኢየሱስ ክርስቶስም መለሰና እንዲህ አለኝ ጴጥሮስ ሆይ እነሆ አስደናቂ ጥያቄን ጠየቅኸኝ ይህን የሰዎች የጥበብ አስተሳሰብ ሊደርስበት የማይችል ነው አሁንም የምነግርህን ልብ ብለህ ስማ ፍጥረትን የጀመርኩበት ወር ኔሳን ይባላል እሱም ወርሐ ሚያዝያ ነው።
c01bd8fb-3071-568b-a964-69b0fe446d0a,4f5ab826-1159-5ef8-af53-dec9f9fc4a80,f6995a9a-1f5a-5013-ae22-76b32d1cc4f8,74,74,መፍጠርን የጀመርከበትንም እለት እለተ እሁድ ናት ከዕለቱ፡ በመጀመሪያው ሰዓት ሰማይን ፈጠርከት መላእክትንም ሁሉ ፈጠርኩ ይህንንም ለመሴ አልነገርኩትም።
1a7b164a-5f9d-557f-acfd-9a8680ceab97,4f5ab826-1159-5ef8-af53-dec9f9fc4a80,f6995a9a-1f5a-5013-ae22-76b32d1cc4f8,75,75,በዕለተ ዓርብ በመጀመርያው ሰዓትም ዲያብሎስን አደከምኩ ከመንበሩም ነቀልከት እሱ መንግሥቱን ተመኝቷልና መንግሥቴንም እንደተመኘና እንደፈለገም አውቄአለሁና።
c35253fe-a5ae-5da3-a0cd-179b7e46ddf1,4f5ab826-1159-5ef8-af53-dec9f9fc4a80,f6995a9a-1f5a-5013-ae22-76b32d1cc4f8,76,76,እኔም ከምስጋናየ እንዲለይ አደረግሁት ከክብሬም እያ። እንዲናቅ አደረግሁት እሱ ትዕቢተኛ ሁኗልና ሐሳቡ ሁሉ ትዕቢትና መጥፎ ምክርም ሁኗልና እኔም መልሼ እንዲህ አልኩት ጌታዬ መድሐኒቴና አምላኬሆይ አንተ በከሐዲነቱ ሠይጣን እንደሚሆን አስቀድመህ እያወቅህ ለምን ፈጠርከው ።
d0bd05f4-9469-5c4c-a3b0-66ad3de216d1,4f5ab826-1159-5ef8-af53-dec9f9fc4a80,f6995a9a-1f5a-5013-ae22-76b32d1cc4f8,77,77,እንዲህም ብሎ መለሰልኝ ጴጥሮስ ሆይ ይህ ከሐዲ ፍጡር እኔን እንደሚያስቈጣኝ አስቀድሜ አውቅ ነበር። ነገር ግን በሱ ላይ ባመጣሁት ኩነኔ ይቀጣ ዘንድና እንደሱም ሌላ መልአክ ከሐዲነትን እንዳያስብ ለማድረግ ፈጠርኩት ዲያብሎስ ማንም ሳያስገድደው በገዛ ራሱ ከሐዲነትን ገንዘብ አደረገ።
43f8a666-b856-5728-aeae-33b1309b33d8,4f5ab826-1159-5ef8-af53-dec9f9fc4a80,f6995a9a-1f5a-5013-ae22-76b32d1cc4f8,78,78,ነገር ግን እኔ በክብር ፈጠርኩት በምሕረትም ፈጠርኩት ። ነገር ግን ከፍ ባደረግሁት ጊዜ እሱ ሲክደኝ አወረድኩት የተለየና የራቀም ፍጡር አደረግሁት የበታችም እንዲሆን አደረግሁት በምድር ሁሉም የተጠላ ሆነ ሕዝብ ሁሉ ይጠሉታል።
aebb584a-ec39-5ee1-adde-fd7a7dce3801,4f5ab826-1159-5ef8-af53-dec9f9fc4a80,f6995a9a-1f5a-5013-ae22-76b32d1cc4f8,79,79,ጴጥሮስ ሆይ ሁሉን በምሕረት ፈጠርኩ እሱንም ከፍጡራን ለይቼ አልፈጠርኩትም ክፉ እንዲሠራም አላዘዝኩትም። ነገር ግን እሱ ያዋጣኛል ብሎ ከሐዲነቱን ተከተለ ወደኋላ የሚደርስበትንም አስቀድሜ ሳላውቅ የፈጠርኩት ማንም የለም።
c69d0715-c782-5694-a536-4aa558aac545,4f5ab826-1159-5ef8-af53-dec9f9fc4a80,f6995a9a-1f5a-5013-ae22-76b32d1cc4f8,80,80,እነዚህ ለኔ ታዛዦች የሆኑ ያሰብኩትን እኔ እንዳልተው ምንም ሳላጓድል እፈጥር ዘንድ ወደድኩ በእውቀትና በአእምሮ በፍቅርም ያሰብኩትን ሁሉ ፈጠርኩ በዚህም ዲያብሎስን ፈጠርኩት ከመላእክት ሁሉም ከፍ አደረግሁት ከሁሉ በላይም ወደኔ ቀራቢ እንዲሆን ፈቅጄለት ከፍተኛውን ሥልጣን ይዞ ነበር።
b20f44ee-cca2-5131-a84b-a4bec951da0e,4f5ab826-1159-5ef8-af53-dec9f9fc4a80,f6995a9a-1f5a-5013-ae22-76b32d1cc4f8,81,81,እኔም ትእዛዜን የሚክድ ከመላእክት ሁሉ መካከል እንደሌለ አስቀድሜ አወቅሁ ዲያብሎስ ብቻ እንደሚክድ አስቀድሜ አወቅሁ ዲያብሎስ ብቻ እንደሚክድ አስቀድሜ አውቅ ነበር። እኔ ከመላእክት ሁሉ የበላይ አድርጌ የፈጠርኩት ለክሕደቱ ምክንያት እንዳይኖረው ነው ከኔ በላይ ሌሎች መላእክትን ከፍ አደረግህ እንዳይል የሁሉ በላይ እንዲሆን አደረግሁ።
032b557d-2fc1-53d0-aa39-90d2bc35605c,4f5ab826-1159-5ef8-af53-dec9f9fc4a80,f6995a9a-1f5a-5013-ae22-76b32d1cc4f8,82,82,ይህ ባላደርግ ኑሮ ለከሐዲነቱ ምክንያት በፈጠረ ነበር። ጥንት ወደኔ ቀራቢ ነበር። ከመንበሬ ፊትም ይቆም ነበር። ለኔ ተገዢነቱንም ለማረጋገጥ መጋረጃን ይይዝ ነበር። ከሱ በታች አድርጌም በፈጠርኩዋቸው መላእክቶቼ መካከልም ምሥጋናየን ማቅረብ ሥራው ነበር ።
0681adb9-7684-5e5c-a73d-1a0c5be09239,4f5ab826-1159-5ef8-af53-dec9f9fc4a80,f6995a9a-1f5a-5013-ae22-76b32d1cc4f8,83,83,ፃ
08f20725-1bf4-5c7a-a6d1-03fd1b4cbd1b,4f5ab826-1159-5ef8-af53-dec9f9fc4a80,f6995a9a-1f5a-5013-ae22-76b32d1cc4f8,84,84,በፈጠርኩት ጊ ።;።። መንሰርና አስቀD።።።; አደረግሁት በሚዶላሪ / አስቀመየኩት እናም ያ ሚካኤልንም ። መላእክት ሰሀት ና ኡራኤል እነሱ። የነ ን
12807076-6361-54af-a897-fcbc33e724ef,4f5ab826-1159-5ef8-af53-dec9f9fc4a80,f6995a9a-1f5a-5013-ae22-76b32d1cc4f8,85,85,ስለሚያምኑ ኃጢአተኞች ይ። ይማልዳሉ በአንቃዕድዎም ይፀናሉ።
5b4e2629-61c5-5d8d-a0fd-a1dd7fba6ee2,4f5ab826-1159-5ef8-af53-dec9f9fc4a80,f6995a9a-1f5a-5013-ae22-76b32d1cc4f8,86,86,""
f83a1498-5d67-5e3b-ac1c-0f4400474d80,4f5ab826-1159-5ef8-af53-dec9f9fc4a80,f6995a9a-1f5a-5013-ae22-76b32d1cc4f8,87,87,ጴጥሮስ ሆይ ቤተክርስቲያንን ከዘመናት በፊት አነፅኩዋት ። ለሚያምኑም ሁሉና ለኔም ማደርያ እንድትሆን አደረግሁዋት።
0cfbceac-1637-51a1-ad07-283b8362faba,4f5ab826-1159-5ef8-af53-dec9f9fc4a80,f6995a9a-1f5a-5013-ae22-76b32d1cc4f8,88,88,ጴጥሮስ ሆይ የመንግሥተ ሰማያትን ቁልፍ ሠጠሁህ ይህም ስለሐጢአት ሥርየት ነው። ሰማይንና ምድርንም መላእክት ሳይቀሩ ላንተ ይታዘዙ ዘንድ አደረግሁ።
937afcf9-2be5-5150-a5dd-f6b888c4dd24,4f5ab826-1159-5ef8-af53-dec9f9fc4a80,f6995a9a-1f5a-5013-ae22-76b32d1cc4f8,89,89,ጴጥሮስ ሆይ ሰማይና ምድር ከመፈጠራቸው በፊት የፈጠርኩት የለም ፍጥረት ሁሉ ሐላፊ ነው።
5224d45d-d273-560b-a5d2-627511bf55cc,4f5ab826-1159-5ef8-af53-dec9f9fc4a80,f6995a9a-1f5a-5013-ae22-76b32d1cc4f8,90,90,እኔም በድጋሚ ጌታየና አምላኬ ሆይ እንደሚበድል እያወቅህ አዳምን ለምን ፈጠርከው በማለት ጠየቅሁት።
7ae205d3-0716-5e91-a043-907dea1ad58c,4f5ab826-1159-5ef8-af53-dec9f9fc4a80,f6995a9a-1f5a-5013-ae22-76b32d1cc4f8,91,91,ጌታዬና አምላኬ መለሰልኝ እንዲህም አለኝ የጠየቅኸኝን አስቀድሜ መልሼልሀለሁ አዳምን መንፈሳዊና ብሩህ አድርጌ እፈጥረው ዘንድ ወደድኩ በሰማይ ውስጥም የወደድኩትን ሁሉ ፈጠርኩ አዳምን ግን በዓራቱ መዓዝነ ዓለም የበላይ አድርጌ ፈጠርኩት ንጉሥነትንና መስፍንነትንም ሠጠሁት በምድር ላይ ከሁሉ በላይ አደረግሁት በዚች ምድር ባሉት ፍጡራን በሙሉ የበላይነትን ሠጠሁት ነገር ግን እንደሚክደኝ አውቅ ነበር።
0dbce2c8-78dd-52b4-a6d5-f229e396ae4d,4f5ab826-1159-5ef8-af53-dec9f9fc4a80,f6995a9a-1f5a-5013-ae22-76b32d1cc4f8,92,92,ነገር ግን አዳምን በፍቅርና በምሕረት ፈጠርኩት አለኝ እንዲህም አለኝ ጴጥሮስ ሆይ ልታውቀው የሚገባህ ጉዳይ አለ ገበሬ ዘር ሲዘራ ዘሩን በማጣቱ ለጊዜው ያዝናል ባንድ ምትክ ሰላሳና ስድሳ መቶም ባፈራለት ጊዜ ግን ይደሰታል የቀድሞውንም ሐዘነ ይረሳል እንደዚሁ ሁሉ እኔም አዳምን ፈጠርኩት ራራሁለትም ከሞትም አዳንኩት ትእዛዜን ባፈረሰ ጊዜ ግን በሱ ላይ ሞትን አመጣሁ አላዘንኩም (እሱን በመፍጠሬ)።
49a18acb-734a-5a5f-aaf9-c77f0641f763,4f5ab826-1159-5ef8-af53-dec9f9fc4a80,f6995a9a-1f5a-5013-ae22-76b32d1cc4f8,93,93,ጴጥሮስ ሆይ እኔ አዳምን ሕያው አድርጌ ፈጠርኩት ትእዛዜንም ይጠብቅ ዘንድና ከጥፋትም ይርቅ ዘንድ አዘዝኩት ልትሠራው የሚገባህን ትሠራ ዘንድ መብት ሠጠሁህ ክፉውንና ደጉንም ለይቼ አስረዳሁህ ትዕቢትን እንደዲያብሎስ እንዳትፈልግ አልኩት ዲያብሎስ በትዕቢት ራሱን ከፍ ስላደረገ ከመንበሩ ወደቀ አንተም ሞትን ከምታፈራ ዕፅ እንዳትበላ አልት።
98ea4c60-16ea-56cc-abea-65ccefe5226e,4f5ab826-1159-5ef8-af53-dec9f9fc4a80,f6995a9a-1f5a-5013-ae22-76b32d1cc4f8,94,94,ከእፅዋ ከበላህ ሞትን ትሞታለህ ቃሌን ካልሰማህና ትእዛዜን ካልጠበቅህ ከገነት አስወጣሃለሁ በተረገመችውም ምድር እንድትኖር አደርጋሃለሁ። ምድር ስለተረገመች አሾህንና አሜከላን ታበቅላለች ከተከለከለችው እፅ ካልበላህና ትእዛዜን ከጠበቅህ ሞትን አትሞትም ነገር ግን እስከዘላለሙ ሕያውና ደስተኛ እንደሆንክ ትኖራለህ አልኩት።
291fe96f-4766-57ad-a8c7-cb46cb6c6082,4f5ab826-1159-5ef8-af53-dec9f9fc4a80,f6995a9a-1f5a-5013-ae22-76b32d1cc4f8,95,95,ጴጥሮስ ሆይ ዲያብሎስ ዓለምንና አዳምን እደሚያስታቸው አውቅ ነበር። ይልቁንም በአዳም ላይ የኔን ትእዛዝ አፍራሽነት እንደሚያመጣበት አውቅ ነበር። ስለዚህም ትእዛዜን ጠብቅ ከተከለከለውም ዕፅ አትብላ አልኩት ትእዛዜንም እንደሚያፈርስ አስቀድሜ ስላወቅሁ መዋችና ሕያው አድርጌ ፈጠርኩት እሳት ውሃና ነፋስ ከተቀላቀሉበት አፈርም ፈጠርኩት።
97cf5a8e-a336-5e05-a284-b6519ca3869e,523d3401-365c-5568-a170-89c3a04b0762,b96639fc-50d4-5591-ae48-a0713eaadef3,1,1,ጌታችን ኢየሱስ ክርስቶስ ለጴጥሮስ ጴጥሮስ ሆይ የትስብእቴን ምሥጢር ነገርኩህ ሰው ስለመሆኔንም አዳምን እንደፈጠርኩትና ከገነት ለብሶት የወጣውን ሥጋ ለብሶ ወደገነት እንደሚመለስም ገለፅኩልህ ጴጥሮስ ሆይ ለሰው ልገልፀው የማልፈልገው ምሥጢርም አለኝ። እኔም ከጌታዬና አምላኬ ይህን ሰምቼ ከፊቱ ሰገድኩ ለመንኩም ወደሱም አንጋጠጥኩ እንዲህም አልኩ። ጌታየ ሆይ የመላእክት ነገዳቸው እንዴት ነው?
f4dbdaa4-42ee-508c-afdf-2bd1b70d2c83,523d3401-365c-5568-a170-89c3a04b0762,b96639fc-50d4-5591-ae48-a0713eaadef3,2,2,እሱም መለሰ እንዲህም አለኝ የመላእክት ወገኖች ብዙ ናቸው አርአያቸውም አንድ አይደለም አራት ገፅ ያለው መልአክ አለ ሁለመናው (መላአካላቱ) ገፅ የሆነ አለ ብዙ ዓይኖች ያሉትም አለ ሁለንትናው ዓይን የሆነም አለ ሁለንትናው ከፀሐይ ብርሃን የበለጠ ብርሃን ያለውም አለ።
5b40732f-9201-5d37-af5e-44963fd54bb8,523d3401-365c-5568-a170-89c3a04b0762,b96639fc-50d4-5591-ae48-a0713eaadef3,3,3,ከነሱ መካከል የሰው ፊት ያለውና አራት ፊት ያለው አለ። ከነሱ መካከል አራት ክንፍ ያለው አለ። ከነዚህ መላእክት ለያንዳንዳቸው ስም አላቸው የመላእክትና የሊቃነ መላእክት የአጋእዝትና የሥልጣናት የኃይላት እንዲሁም የመናብርት አርባብ ኪሩቤል ናቸው ኪሩቤል ብዙ ዓይኖች ያሉዋቸው ናቸው ሱራፌልም ስድስት ክንፍ ያላቸው ናቸው።
b96a7fa8-06c0-53f7-ad8d-0e325ad0b730,523d3401-365c-5568-a170-89c3a04b0762,b96639fc-50d4-5591-ae48-a0713eaadef3,4,4,ዘጠኝ ነገደመላእክት አሉ ካንዱ የመላእክት ነገድ ወደሌላው የመላእክት ነገድ ድረስ ያለው ርቀት የሰማይና የምድር ርቀት ያህል ነው። በመካከላቸውም ፀዳልና ብርሃን አለ። የዚህም ብርሐን እጅግ የደመቀ ነው። ይህም እርስበርሳቸው ይናገሩ ዘንድ ነው ስለራሳቸውም አፈጣጠር እጅግ ያደንቁ ነበር። ስሜንም ያመሰግናሉ ከነሱ አፍ መልካም ምስጋናን አገኘሁ።
84b1de37-d244-5dd6-adaf-28ae69e60055,523d3401-365c-5568-a170-89c3a04b0762,b96639fc-50d4-5591-ae48-a0713eaadef3,5,5,ከነሱ ውስጥ የሚዘምር አለ የሚያወድስ አለ የሚቀድስ አለ ከመካከላቸው የሚያስታኩት አለ። ከነሱ መካከልም የሚያመሰግን አለ የሚባርክ አለ እልል የሚል አለ። የነሱ ሕይወት እስከዘለዓለሙ በዚህ የተመሠረተ ነው።
b3fc43e3-3cff-5ea8-a1a3-e74d6182fc56,523d3401-365c-5568-a170-89c3a04b0762,b96639fc-50d4-5591-ae48-a0713eaadef3,6,6,ጴጥሮስ ሆይ እንዲያገለግሉኝ እነዚህን አልፈጠርኩዋቸውም ነገር ግን የኔን ብዕል አድላቸው ዘንድና ክብሬንም አጐናፅፋቸው ዘንድ ብቻ ፈጠርኩዋቸው እኔ ፍጥረታትን ሁሉ ከመፍጠሬ አስቀድሞ ምሥጋናየ ከኔ ዘንድ ነበረ።
1488067d-733f-5e6d-a2f4-6c80dd38cea5,523d3401-365c-5568-a170-89c3a04b0762,b96639fc-50d4-5591-ae48-a0713eaadef3,7,7,መላእክትን በፈጠርኩዋቸው ጊዜ ያመሰግኑኝ ዘንድ አደረግሁዋቸው። በጥዑም ዜማና በተለያየ ማሕሌት ያመሰግኑኛል። እነዚህ መላእክት መንፈሳውያን ናቸው ሥጋ አልለበሱም ወደምድር ሲወርዱ ድምፅ የላቸውም የክንፉቸውም እንቅስቃሴ አይሰማም።
e0359a41-b994-5e30-ab85-cead55e2acc8,523d3401-365c-5568-a170-89c3a04b0762,b96639fc-50d4-5591-ae48-a0713eaadef3,8,8,ለእግራቸው ኮቴም ምልክት የለውም ሩጫቸው ከነፋሳት ይቀላል። ምሥጢራቴን ለመፈፀም ይላካሉ በአብ በወልድ በመንፈስ ቅዱስ ስም የሚጠመቁትን ይጠብቁዋቸዋል በኔ አምነው በስሜ ለተጠመቁት ሁሉ በነዚህ መላእክት ጥበቃ ይደረግላቸዋል ለያንዱንዱ ክርስቲያን ሁለት ጠባቂዎች መላእክት ይላኩለታል በግራና በቀኝ በመሆንም ይጠብቁታል ከክፉ ነገር ሁሉ እንዲታቀብ ያደርጉታል ላላመኑብኝ ግን ከይቅርታየና ከምሕረቴ አርቃቸዋለሁ።
f8ccd51b-4083-5b74-adf9-617448f1ce9f,523d3401-365c-5568-a170-89c3a04b0762,b96639fc-50d4-5591-ae48-a0713eaadef3,9,9,ይህን ከሰማሁ በኋላ ከፊቱ ወድቄ ሰገድኩ ጌታዬና አምላኬ ሆይ የገነትን ሁኔታ ንገረኝ ገነት በሰማይ ላይ ነው የምትገኘው ወይስ በምድር ላይ አንተ የሰውን ልጆች ታድን ዘንድ ወደዚህ ዓለም መምጣትህን አውቃለሁ ይህን ምሥጢር ግለፅልኝ በማለትም ጠየቅሁት።
b583cd84-73f1-5438-aa2a-fc7dbb0d1731,523d3401-365c-5568-a170-89c3a04b0762,b96639fc-50d4-5591-ae48-a0713eaadef3,10,10,አስተዋይ ልቡና እንዲኖር የሚያደርግ ክፉውንና ደጉን የሚያሳውቅ ዕፅ ምን ዓይነት ዕፅ ነው። ከዚህ ዕፅ አዳም እንዳይበላ ተከልክሏል ዕፀ ሕይወት ማለት ትርጉሙ ምንድር ነው አዳምና ሔዋንስ የበለስ ቅጠል እንዴት ለበሱ በገነት እያሉ የበለስን ቅጠል ሊለብሱ የቻሉት ፀሐይና ጨረቃ ከዚያ አሉን ሌትና ቀንስ ይፈራረቃሉን።
2944c12b-8753-5c93-aab9-7abeaccc6945,523d3401-365c-5568-a170-89c3a04b0762,b96639fc-50d4-5591-ae48-a0713eaadef3,11,11,በገነት መብልና መጠጥ አለን ብዙ ዛፎችስ ከዚያ ይገኛሉን ዛፎቹስ የዚችን ምድር ዛፍ ይመስላሉን ሙቀትና ቅዝቃዜ በገነት ይኖራልን ረሐብና ጥምስ አለን። ከዚያ ለሚኖሩ ልብስ ያስፈልጋልን ወይስ ይህ ሁሉ የለም ይሆን ለሰዎች መኖርያ ሠው ሠራሽ ግንብ ከዚያ ይኖራልን እነዚያ ምድርን የሚያጠጡ አራት ወንዞችስ ከየት ይመነጫሉ።
6746143a-29b7-5fe2-ad10-6cd3ab669c30,523d3401-365c-5568-a170-89c3a04b0762,b96639fc-50d4-5591-ae48-a0713eaadef3,12,12,ከገነትና ከመንግሥተ ሰማይ ማን ይበልጣል የገነት ቁመትና ርዝመትስ ምን ያክል ነው ገነት ይህ ዓለም ሲያልፍ ታልፋለችን ወይስ ሳታልፍ አሁን ባለችበት ለዘለዓለም ፀንታ ትኖራለች? አልኩት።
b5220ca3-09f6-5d88-a71d-a3a9934c6aa1,523d3401-365c-5568-a170-89c3a04b0762,b96639fc-50d4-5591-ae48-a0713eaadef3,13,13,ወልደ እግዚአብሔር ክርስቶስ የሚከተለውን ጴጥሮስ ሆይ የኔን ምሥጢራት ለማወቅ እጅግ ተግተሃል ገነትን በኤዶም ውስጥ አኖርናት ይህንንም ያደረግነው ሰማይንና ምድርን ከፈጠርን በኋላ ነው ገነትን ጨለማ እንዳያገኛት በማድረግ ነው የፈጠርናት። ገነት ብሩህ ሁና በንፅሕና በመዓርግ በግርማ ያለች ናት ከፍ ያለችም ናት እሷ ከዚች ምድር ከፍ ትላለች። እሷም ከምሥራቅ እስከ ምዕራብ በምድር መጠን ትደርሳለች።
04321777-a944-5930-aa49-4da3bbd9d87a,523d3401-365c-5568-a170-89c3a04b0762,b96639fc-50d4-5591-ae48-a0713eaadef3,14,14,ሶስት መስኮቶች በገነት አሉ አንደኛው መስኮት ከአዳም የለበስኩት ሥጋ በተቀበረበት ጎልጎታ አቅጣጫ አንፃር ይገኛል ሁለተኛው መስኮት ደብረዘይት በሚገኝበት ሥፍራ ትይዩ ይገኛል። ይህ ቦታ አንተ ያለህበት ነው ሦስተኛው መስኮት በደብረሲና ትይዩ ይገኛል።
c79f4c20-7eea-5ea2-a21a-577e8c3ecc51,523d3401-365c-5568-a170-89c3a04b0762,b96639fc-50d4-5591-ae48-a0713eaadef3,15,15,ገነት በመንበራችን ከወደታች ሁና በምሥራቅ በኩል ትገኛለች ብርሃንዋም ከፀሐይ ብርሃን ይበልጣል ከሷም መልካም መዓዛ ያለው ሽታ ይወጣል የዚህ መዓዛ ተመሳሳይ በምድር ፈፅሞ አይገኝም የመለኮት ማደርያም ናት።
b12083e4-2f0e-5ffa-ae83-8f548052f057,523d3401-365c-5568-a170-89c3a04b0762,b96639fc-50d4-5591-ae48-a0713eaadef3,16,16,የገነት ዛፎች በመላእክት ይመሰላሉ ዓለምን የሚያጠጡ አራቱ ወንዞች ከምሥጋናየ መንበር ሥር የማሚመነጩ ናቸው። እነሆ አራት የውሃ መውረጃዎችን አዘጋጀሁ እነዚህ የውሃ መውረጃዎች የነፋሳትን ባሕር የሚያልፉ ሁነው ወደኤዶም ይወርዳሉ። ከዚሁም ውሃ ይመነጭና ዓለምን ያጠጣታል።
5770bbbc-dc3d-549d-a03b-0626bb869385,523d3401-365c-5568-a170-89c3a04b0762,b96639fc-50d4-5591-ae48-a0713eaadef3,17,17,በገነት የሚኖሩ መብላትና መጠጣት ይፈልጋሉ በገነት ብርድና የፀሐይ ቃጠሎ የለም ከገነት የሚመነጨው መልካሙ ሽታ የመብላትንና የመጠጣትን ፍላጎት ያስወግዳል።
c67a200c-d09a-51c2-a166-32d1c4832d5c,523d3401-365c-5568-a170-89c3a04b0762,b96639fc-50d4-5591-ae48-a0713eaadef3,18,18,የገነት ዛፎችስ እንደዚህ ዓለም ያሉ ዛፎች አይደሉም ብሩሃን መላእክት ናቸው። እነዚህም መላእክት እኔን ማመስገንና መዘመርን አያቋርጡም በገነት ስላለውና መልካምንና ክፉውን የሚያሳውቀውስ የሱን ምንነት የማውቅ እኔ ብቻ ነኝ።
86725a5f-ec36-5137-a906-0fa764190fb7,523d3401-365c-5568-a170-89c3a04b0762,b96639fc-50d4-5591-ae48-a0713eaadef3,19,19,ጴጥሮስ ሆይ ዲያብሎስ አለቅነትን ሠጥቼ በብዙ መላእክት ላይ ስለሾምኩት አምላክ ሁኖ በነሱ ላይ እንዲመለክ እንደፈለገ አባትህ አዳምም እንዳይበላ ከከለከልኩት ዕፅ የበላው አምላክነትን ስለፈለገ ነው ወድያውም የፍትወት ተገዢ ሆነ (ፍትወትን አወቀ)።
a2fbb7b8-fc30-506f-aca3-0335d27a990a,523d3401-365c-5568-a170-89c3a04b0762,b96639fc-50d4-5591-ae48-a0713eaadef3,20,20,ይህ ዕዕ ግን ሞትን አፈራ ይህም ሞት ሁለት መንገድ አለው አንደኛው ሊሆን የማይችለውንና የማይገባውን አምላክነትን መመኘቱ ሁለተኛው እኔ ሳዘው ጤናማ አስተዋይ ሰው ነበረ ትእዛዜን ሲያፈርስ ግን ዓበደ በዕብደቱ ሥሕተት ላይ ለወደቀ ኩነኔ አይገባውም አዳም ግን ጤናማ ኑሮ ትእዛዜን በማፍረሱ ዓበደ።
3e873d03-da42-59f6-aa38-1687a6434cda,523d3401-365c-5568-a170-89c3a04b0762,b96639fc-50d4-5591-ae48-a0713eaadef3,21,21,አዳም እብድ ሁኖ አልተፈጠረም አስተዋይ ብልሐተኛ ሁኖ ነው የተፈጠረው ከጥበቡ ብዛት የተነሳም ፍጡራንን ሁሉ በየስማቸው ስየሞአቸው።
f526a91d-2ba8-54b2-a7bf-d0a64ea72d2b,523d3401-365c-5568-a170-89c3a04b0762,b96639fc-50d4-5591-ae48-a0713eaadef3,22,22,ጴጥሮስ ሆይ በገነት ውስጥ ያሉ ዛፎች መላእክት ናቸው በሌላ በኩል የገነት ዛፎች እኛ ነኝ መልካሙንና ክፍውን የሚያሳውቀው የገነት ዛፍ ማለት እኛ ነን ጴጥሮስ ሆይ የሕይወት ዛፍ ማለት እኔ ነኝ ። የምሕረትም ዛፍ ነኝ ከኔ የበላ የዘልዓለም ሕይወት አለው አባቴ የርትእ ዛፍ ነው የዕቅድም ዛፍ ነው እኔ ደግሞ ይቅርታና ምሕረት ነኝ መንፈስ ቅዱስም የሕወት ዛፍ ነው።
06374a57-3f20-5086-aaf6-c57e24ef5306,523d3401-365c-5568-a170-89c3a04b0762,b96639fc-50d4-5591-ae48-a0713eaadef3,23,23,ጴጥሮስ ሆይ ጨለማ ወደገነት አይገባም ገነት ሁለንትንዋ ብረሃን ናት ይህም ብርሃን ከፀሐይ ብርሃን ይበልጣል የሚመሳሰለውም የለም በገነት ለሚገኘው መዓዛም የሚስተካከለው የለም ሞት በገነት የለም በገነት ለሚኖሩ ሕመም ደዌ ሞት የለባቸውም።
eca5773d-b601-5c88-a447-195d16e414ac,523d3401-365c-5568-a170-89c3a04b0762,b96639fc-50d4-5591-ae48-a0713eaadef3,24,24,ወደገነት ህግ አፍራሽነት ተላላፊነትና ርኩሰት አይገባም ህግ ተላላፊዎችና ርኩሳት ወደገነት አይገቡም በገነት ሌትና ቀን ምሥጋና አይታገልም ይህም አኳኋን እንደ ሰማያዊቷ ኢየሩሳሌም ያለ ነው የገነት ብርሃን ከፀሐይ ብርሃን ይበልጣል የዚህ ብርሃን መጠን በሰው አንደበት ሊገለፅ አይችልም የራሴ ግርማ ፅናት ኃይሌና ብርሃኔ በኔ ላይ ያለ ነውና።
956bcc8d-61b6-55c7-a51a-d476169852d4,523d3401-365c-5568-a170-89c3a04b0762,b96639fc-50d4-5591-ae48-a0713eaadef3,25,25,ጴጥሮስ ሆይ ገነትን አከበርኩዋት በመንግሥቴ በታችም አስቀመጥኩዋት ጴጥሮስ ሆይ እቺ ገነት ለደጋግ ሰዎች ብቻ የተዘጋጀች ናት ደጋግ ሰዎች ማለትም በሕይወት ዘመናቸው ፈቃዴን የፈፀሙ ናቸው። ጴጥሮስ ሆይ በገነት ክረምት የለም በጋም የለም የዚህ ዓለም ፍትወት የለም መብል መጠጥ የለም በዚችው በተመረጠችውና በተቀደሰችው ገነት የሚኖሩ ሁሉ በሷ በሚፈልቀው መልካም መዓዛ ይኖራሉ።
8c891bb7-7825-5549-a9be-b21a2e82bb74,523d3401-365c-5568-a170-89c3a04b0762,b96639fc-50d4-5591-ae48-a0713eaadef3,26,26,በዚችው ገነት ውስጥ ለሚኖሩ ሁሉ የዚህ ዓለም ጣጣ ውጣውረድ የለባቸውም አይራቡም አይጠሙም መገዳደርም ሆነ መታበይ በነሱ ዘንድ ፈፅሞ አይታወቅም የለምም በፀጋ የተዋቡ ስለሆኑም አይራቈቱም።
1d68f41d-e70a-5e74-a01d-8be67adf8e12,523d3401-365c-5568-a170-89c3a04b0762,b96639fc-50d4-5591-ae48-a0713eaadef3,27,27,የበለስ ቅጠልን አዳምና ሔዋን እንደለበሱ የሚባለው እነሱ ለብሰውት አይደለም ፀጋ ሲለያቸው ሐፍረታቸውን በእጃቸው ነው የሸፈኑት ጴጥሮስ ሆይ የገነት አሠራር እጅግ አስደናቂና የሚያስገርም ነው።
385a1992-657d-5981-a8ee-6e1840ff004a,523d3401-365c-5568-a170-89c3a04b0762,b96639fc-50d4-5591-ae48-a0713eaadef3,28,28,መንግሥተ ሰማያት ግን ከገነት ከፍ ትላለች ትበልጣለች ትከብራለችም መንግሥተ ሰማያትን ለመግባት የታደለው አስቀድሞ ወደገነት ይገባና በዚሁ ይደሰታል ከዚያ በዚህ ቀን ያልፋል ወደማይባለው መንግሥተሰማያት ይገባል።
686f147c-7eeb-5194-a03f-62346989b298,523d3401-365c-5568-a170-89c3a04b0762,b96639fc-50d4-5591-ae48-a0713eaadef3,29,29,ጴጥሮስ ሆይ ለጻድቃንና ለደጋግ ሰዎች ያዘጋጀኋቸው ግሩማን የሆኑ በውስጣቸው ብርሃን ያለባቸው ብዙ በሮችና ማደርያዎች አሉ።
19405654-4dd3-55f1-af84-6912f19cdb42,523d3401-365c-5568-a170-89c3a04b0762,b96639fc-50d4-5591-ae48-a0713eaadef3,30,30,ጴጥሮስ ሆይ የመንግሥተ ሰማያትንና የምድርን ቁልፍ ሠጠሁህ ሁሉም በእጅህ አስረክቤሀለሁ ይህንንም የምገልፅልህ ክብር አንተን የሚመለከት ነው። የብርሃን ማደርያ የተባለው የክብር ቦታ ላንተ ይሠጣል ይህም በሰማያት ያለ ሲሆን ካንተ ሌላ እኔን የሚያምኑ ሁሉ እንዲገቡበት አስቀድሞ የተዘጋጀ ነው አለኝ።
d8e56673-fc82-5b40-a422-0dcd431d27ce,523d3401-365c-5568-a170-89c3a04b0762,b96639fc-50d4-5591-ae48-a0713eaadef3,31,31,ይህን ሁሉ ተናግሮ (ጌታችን መድሐኒታችንና አምላካችን ኢየሱስ ክርስቶስ) ዝም አለ። ከዚያ እኔ ከፊቱ ሰገድኩ አቤቱ ሆይ አገልጋይህን ይቅር በለው ከፊትህ ይናገር ዘንድም ፍቀድለት ብየ ለመንኩት። እሱም መለሰ እንዲህም አለኝ የምትፈልገውን ተናገር የምትወደውንም ለምን እኔ ልመናህን አልከለክልም እኔም ስመልስለት እንዲህ አልኩት አቤቱ ጌታዬ ሆይ የጻድቃንንና የነቢያትን ማደርያ (መኖርያ) የት ይገኛል እነሱ ኣንተን የሚያምኑ ናቸውና ደጋግ ሰዎችስ እስከ ዳግመኛው መምጫህ ጊዜ የት ይኖራሉ ።
135335ef-fd24-5a21-ac52-602a85740672,523d3401-365c-5568-a170-89c3a04b0762,b96639fc-50d4-5591-ae48-a0713eaadef3,32,32,ጌታዬና መድሐኒቴ ኢየሱስ ክርስቶስ መለሰና እንዲህ አለኝ ጴጥሮስ ሆይ የመሐይምናንን ማደርያቸው እነግርሃለሁ በኔ ለሚያምኑ መሐይምናን ለጻድቃንና ለነቢያት እንዲሁም ለሌሉች ከዕርገቴ በኋላ ግሩም ወደሆነው መኖርያየ ከሄድኩ በኋላ የንፁሐንንም ማደርያቸው በስሜም አምነው የተጠመቁ ሁሉና ሞት ሳይቀድማቸው ንሥሐ ለገቡ ሁሉ ማደርያቸው የት እንደሆነ እነግርሃለሁ።
42bdd0d0-86ac-5808-a72e-6fd21b4bc92b,523d3401-365c-5568-a170-89c3a04b0762,b96639fc-50d4-5591-ae48-a0713eaadef3,33,33,የኒህ ሁሉ ማደርያቸው ገነት ናት ይህችንም ገነት በኤዶም የተከልኳት ናት በሷም ያርፋሉ እስከ ዘላዓለምም ከዚያው ይሆናል። እናንተም ይህንን ዓለም ንቃችሁ ያላችሁንም ዓለማዊ ንብረት ትታችሁ እኔን የተከተላችሁ አንተም ማደርያችሁ በመንግስተ ሰማያት ይሆናል በሰው ልቦና ያልታሰበ ዓይን ያላየው ጆሮም ያልሰማው ሕመምና ደዌ የሌለበት ሐዘንና ሰቆቃም የራቀበት የደስታን ቦታ ትወርሳላችሁ ይህንንም ላንተ ቃል ገብቻለሁ።
0472e8a2-18ef-5407-a2be-49e5795a7463,523d3401-365c-5568-a170-89c3a04b0762,b96639fc-50d4-5591-ae48-a0713eaadef3,34,34,ጴጥሮስ ሆይ አንተንና አሥራ አንዱን ሐዋርያት እኔ አስቀድሜ ስለመረጥኩዋችሁ በአሥራ ሁለት ነገደ እሥራኤል ላይ እሾማችሁአለሁ በነሱ ላይም ትፈርዳላችሁ በሥራቸውም መጠን ፍርድ ታስቀምጡባቸዋላችሁ።
59663cfa-f2d4-5319-abe0-fd87aa650a45,523d3401-365c-5568-a170-89c3a04b0762,b96639fc-50d4-5591-ae48-a0713eaadef3,35,35,ካህናትንም በብርሃን ማደሪያ አሳድራቸዋለሁ ለያንደንዳቸውም ግሩም ማደሪናያ አዘጋጃለሁ ይህም እንደየትልቅነታቸው ነው ጴጥሮስ ሆይ አንግዲህ ኣስተውል የሰጠሁህን ብዕሌንና ፀጋዬን የለመንከኝነንም ሁሉ ገና እሠጥሃለሁ እጨምርሃለሁ።
2187178f-4dc6-530c-ac1e-7c8aaef47c19,523d3401-365c-5568-a170-89c3a04b0762,b96639fc-50d4-5591-ae48-a0713eaadef3,36,36,ጴጥሮስ ሆይ በፀጋየ ብዕል መላእክትን ፈጠርኩዋቸው የኔም ክብር ይጋርዳቸዋል በዕለተ ትነሣኤም በኔ ለሚያምኑ መሐይምናን ሴቶችና ወንዶች የሞትን ምንነት እንደማያውቁ መንፈሳዉያን ሞትን እንደሌለባቸው ከነውር ሁሉ ንፁሐን ይሆኑ ዘንድ አደርጋቸዋለሁ መሐይምናን በሴቶችና በወንዶች ፆታነት ያሉ ናቸው።
74c2bfd2-d4ad-5bcf-ad7c-2f835d1137b1,523d3401-365c-5568-a170-89c3a04b0762,b96639fc-50d4-5591-ae48-a0713eaadef3,37,37,የወደዱትንም ያደርጉ ዘንድ መብት እሠጣቸዋለሁ በጆሮቻቸው ይሰሙ ዘንድ የሚሰሙትም ድምፅ ከእሳት የሚወጣ ነው እሳትቱም አይፈሩትም ጴጥሮስ ሆይ በዕለተ ትንሣኤ የሚሆነው አሳይሀለሁ ነገር ግን ወደሚበልጠው ደረጃ እስክትደርስ ድረስ ታገሥ።
98c7a2fc-5f11-5ba2-adb4-38c381553e1b,523d3401-365c-5568-a170-89c3a04b0762,b96639fc-50d4-5591-ae48-a0713eaadef3,38,38,ጴጥሮስ ሆይ እነሆ ወደሰማይ ካረግሁ በኋላ በሕዝቤ ላይ ከፍተኛ መከራ ይደርሳል ከመከራ ብዛት የተነሳም ሕዝቦቼ እስከዓለም ደርቻ ድረስ ይሰደዳሉ በአሳት ይቃጠላሉ አካላታቸው ይቆርጣቸዋል እኔ ግን ከሕዝቦቼ አልለይም ኃይሌንና ተአመራቴን በነሱ ላይ አሳያለሁ።
1b063765-6844-56ee-aafb-83d4233d238f,523d3401-365c-5568-a170-89c3a04b0762,b96639fc-50d4-5591-ae48-a0713eaadef3,39,39,ጴጥሮስ ሆይ ከዲያብበሎስ አገዛዝ ሃያ ሱባዔ ይቀራል ይህ የዲያብሎስ አገዛዝ ሲያልፍ በድጋሚ እኔ ለሰው ልጆች የምሠጠውን ጸጋየና መንከራቴ አሳያለሁ ይህንን የኔን ጸጋ የሚጐናፀፉት የኔ መዕምመናን ብዙ ናቸው ከነሱ አንዱ እልፎቹን ያሳድዳቸዋል ሁለቱም ደግሞ አእላፈ አእላፋቱን ያሳድዱዋቸዋል ይህንን አስደናቂ ነገርን የተመለከቱ ሕዝብ ብርሃኔን ተአምራቶቼንና መንክራቶቼን አይተው ይደነቃሉ።
474f0ab3-98d8-543f-a453-3e8a00d4f436,523d3401-365c-5568-a170-89c3a04b0762,b96639fc-50d4-5591-ae48-a0713eaadef3,40,40,ጴጥሮስ ሆይ ወዳባቴ ባረግሁ ጊዜ ካልተለየሁበት ምስጋናየም በሆንኩ ጊዜ ወዳንተና ወደሁሉም ተማሪዎቼ ለሁል ጊዜ አብሮአችሁ የሚኖርን መንፈስ ቅዱስን እልካለሁ።
0d5d9d98-f4e7-58d5-a887-72faadc44cca,523d3401-365c-5568-a170-89c3a04b0762,b96639fc-50d4-5591-ae48-a0713eaadef3,41,41,አልተዋችሁም ይቅርታየም አሳድርባቸዋ ለሁ ይህም እስከ ዘለዓለም ነው ጴጥሮስ ሆይ አትዘን የምነግርህንና የምገልፅልህን ሁሉ ጠብቅ እወቅ ወደ ልብህም አስገባው በተሰቀልህም ጊዜ በመንግሥተ ሰማያት አንደምታገኘኝ አስተውል ።
13279bd5-d801-5acf-af8c-fa425b4372ac,523d3401-365c-5568-a170-89c3a04b0762,b96639fc-50d4-5591-ae48-a0713eaadef3,42,42,የተገደለው ያዕቆብ በአናብስት የተበላው ዮሐንስና አርድእት ሁላቸው በጠላቶቻቸው ተገድለው እኔን ያገኙኛል ተስፋቸውም በመንግሥተ ሰማያት ብዙ ነው።
d0e107df-7e32-5823-a19a-5585feb423f6,523d3401-365c-5568-a170-89c3a04b0762,b96639fc-50d4-5591-ae48-a0713eaadef3,43,43,ጴጥሮስ ሆይ በኔ የሚያምኑ ምእመናን እንደሚሉት አስተውል በዚህም ሃይማኖታቸው ለማንም የተለየች ትሆናለች ስለሃይማኖትም ተለያይተው ወደያገሩ ይሰደዳሉ ። አስቀድሞ በተቃራኒነት ባንተ ላይ ሲሞን መሠርይ ይነሳል እሱም የዲያብሎስን መንገድ ይከተላል ሲሞን በሰይጣናዊ ምግባሩ ሕግን የሚያጠፋ ነው ስለዚህ በተቃራኒነት አንተ ጋር ስለገጠመ አጠፋዋለሁ።
d6bc6798-7c5c-51d0-a618-62d21ed94c4e,523d3401-365c-5568-a170-89c3a04b0762,b96639fc-50d4-5591-ae48-a0713eaadef3,44,44,ከሱም ቀጥሎብዙዎች ተቃራኒዎች ይነሳሉ እነሱም ያስዴውያን አጥሌም ናባዶን በቶቆድን አጥሶን ቃርጣን ፍርምና በድሪናን፣ አንናሶ፣ አልማንድዩ፣ መቄዶንያ፣ ጠይጣለን፣ መርቃልደስ፣ የቅጥርያ ሕዝብ የበለፋንያ ሕዝብ የቅርደንያ ሕዝብና ሌሎችንም አነሱም የመሰሉ ያገር ሕዝችን ግለሰቦች ናቸው ።
bc08cd41-f148-534f-a877-ce4b831f0a78,523d3401-365c-5568-a170-89c3a04b0762,b96639fc-50d4-5591-ae48-a0713eaadef3,45,45,በዘመናቸው ረሐብ ይፀናል ምግብ አይኖርም በምድርላይም ብዙ ስዎች ይሞታሉ ጴጥሮስ ሆይ የአንበሳ ደቦል በተመለሰ ጊዜ ወደቦታውም በሄደ ሂዜ ይህን ስታይ የማለቂያ ጊዜ እንደደረሰ እወቅ ተረዳ የሞትን መብዛት ባየህም ጊዜ ረሐብ አንደበዛ ባየህ ጊዜ ሁለት ነገሥታትም እርስበርሳቸው ሲገዳደሉ ባየህ ጊዜ ምድር እንደምትጠፋ ተረዳ።
0829108e-d0b1-5220-a902-cd537c009dde,523d3401-365c-5568-a170-89c3a04b0762,b96639fc-50d4-5591-ae48-a0713eaadef3,46,46,አስደንጋጭ ሕልም ይበዛል የሰማይ ምልክት በዚሁ ምድር ይበዛል በዚሁም ጦርነትና ምርኮ ይበዛል ሰዎችንም ደግሞ ለሞት አሳልፌ እሠጣለሁ እኔም ጸሎታቸውን አልሰማም ልመናቸውንም አልቀበልም።
1d75cebb-88f1-5203-a71a-431dba9a800d,523d3401-365c-5568-a170-89c3a04b0762,b96639fc-50d4-5591-ae48-a0713eaadef3,47,47,በዚሁ ሕዝብ ጥፋት በነሱ ላይ ከፍተኛ ስደት ይደርሳል ከፍተኛ መከራም ይደርሳቸዋል ይህን ሁሉ መከራ የሚፈጽመው በመሐይምናን ሕዝቤ ላይ ነው። እነሱም ከዚሁ መከራ ለመዳን ወደኔ በማንጋጠጥ ያለቅሳሉ። ይህንንንም ልቅሶና መከራ እጅግ የበዛ ነው ከጥንትም ጀምሮ ያልሆነው ይሆናል።
b74a16da-3bf1-5f1b-aded-f02a93e9bfda,523d3401-365c-5568-a170-89c3a04b0762,b96639fc-50d4-5591-ae48-a0713eaadef3,48,48,አዳም ዕፀበለስ በልቶ ጥፋት በተቈጠረበት ጊዜ ይህን ያህል ቢለምን ኑሮ ከገነት ባልወጣ ነበር። እንዲሁም በዘመነ ኖኅ የተፈፀመው ጥፋት ከመድረሱ አስቀድሞ ይህን ያህል ምህላ ቢፈፀም ኑሮ ጥፋት ባልደረሰም ነበር። የሰዶም ጥፋትም እንዲሁ።
41979ca6-280e-5d65-ab81-ddf7b36bbf14,523d3401-365c-5568-a170-89c3a04b0762,b96639fc-50d4-5591-ae48-a0713eaadef3,49,49,ጴጥሮስ ሆይ ሕዝቦችን የካሐዲዎችን መንገድ እንዳይከተሉ ንገራቸው። በቀናች ሃይማኖት ይፀኑ ዘንድም አሳምናቸው ከዚህ ሌላ ግን ከሌላ ክፉ ነገር ርቆና ተጠብቆ በዚች የቀናች ሃይማኖት የቆመ ሁሉ እስከዘለዓለሙ ይድናል የጸጋየንም ብዕል ይወርሳል። ይህም ዓይን ያላየው ጆሮ ያልሰማው ነው የሰማይ መላእክትም ኃይላትም ያላዩትም ያያል።
ca1a7172-4875-5929-ab3c-04dbad188f3c,523d3401-365c-5568-a170-89c3a04b0762,b96639fc-50d4-5591-ae48-a0713eaadef3,50,50,ጴጥሮስ ሆይ በነዚህ ሰዎች ዘመን ለሚያረግዙና ለሚያሳድጉ ሴቶች ወዮላቸው በዚሁ ዘመን በኔ ከሚያምኑ አብዛኞቹ ይገደላሉ የሚገደሉትም በሠይፍ ነው በዚህ ጊዜ ድንጋዮችና አብያተ ክርስቲያናት ይጮኻሉ ውሆች ይደርቀሉ ወንዞች ውሃን ማፍሰሳቸው ያቆማሉ እንዲህ እያለ ዘመናትና ዓመታት ያልፋሉ ፀሐይ ጨረቃና ከዋክብት ይረሳሉ ሦስት ቀንና ሦስት ሌሊት ሳያቋርጥ ጨለማ ይሆናል ይህም የሚሆነው በኢየሩሳሌም ዙርያ ባሉት አገሮች ነው በሰዎች ላይ ቂምና ቁጣ ይበዛል። መልካምም ነገር ከሰዎች ይጠፋል።
33b336d3-4acd-5af3-a11d-95542b6a9d3f,523d3401-365c-5568-a170-89c3a04b0762,b96639fc-50d4-5591-ae48-a0713eaadef3,51,51,የሰዎች ክፋታቸው ከደግነታቸው ትበልጣለች በደላቸው እጅግ በዝቶ ይታያል። የዱር ዛፍ ፍሬ ይጐድላል አጋንንት በሰዎች ላይ ያድራሉ ሐሰተኞች ነቢያት ይነሳሉ የዱር አውሬዎች የሰውን ሥጋ መብላት ያዘወትራሉ የመጨረሻ ጊዜአቸው ስለሚደርስም ምድርን ተቀራምተው ይከፋፈሏታል።
5d5f00e6-f50f-5c17-a242-ab3a28f73fa1,523d3401-365c-5568-a170-89c3a04b0762,b96639fc-50d4-5591-ae48-a0713eaadef3,52,52,ከዚህ በኋላ የሕይወትና የመድሐኒት በትር ይወጣል (ከቴማን) ከዚህ በኋላ እነዚህ ሕዝቦች በተራራሮች ላይ እያሉ ይቀጠቀጣሉ እነሆ ንጉሥ ከምሥራቅ ይመጣል እሱም የሚመጣው ከእንቅልፍ ያነቃ ዘንድ ነው። የጦር መሣርያ ይበዛል ጦርነትም ይበረታል የሰው አስከሬን በየሜዳው እንደተራራ ይከመራል የሰዎች ነፍሳትም እንደበግና እንደፍየል ይጠፋሉ።
5f215db4-1c27-5c1d-a128-8d0414f383c8,523d3401-365c-5568-a170-89c3a04b0762,b96639fc-50d4-5591-ae48-a0713eaadef3,53,53,በደል ትበዛለች የደናግል ሴቶች ሐፍረት ይገለጣል አባት ልጁን ልጅ አባቱን ይክዳሉ አገልጋይ አሠሪውን ይክዳል እናት ልጇን ልጅ እናቷን ይክዳሉ አገልጋዮች በሐላፊዎች ላይ መታበይን ያሳያሉ እመቤት ትፈጫለች ሠራተኛዋ እንደእመቤት ትሆናለች ወጣቶች ሽማግሎችን ንቀው ከበላይ ይቀመጣሉ ሽማግሎች ደግሞ ከታች ይቀመጣሉ።
0de58176-235d-5697-a05a-ae518c75500c,523d3401-365c-5568-a170-89c3a04b0762,b96639fc-50d4-5591-ae48-a0713eaadef3,54,54,ለሞትም አሳልፌ እሠጣቸዋለሁ ውሾችም ይበሉዋቸዋል የሰማያት ሐይልም ይነዋወጣል የምድር ነገሥታት እርስበርሳቸው ይገዳደላሉ የምድር ነገሥታት ሁሉ ከቴማን ንጉሥ ፊት መቆም ተስኖአቸው ይሽሻሉ የቴማን ንጉሥ ግን ካራቱ መዓዝነ ዓለም ካሉ ነገሥታት ጋር ይዋጋል።
b5a1b630-7f90-565b-a6a8-4e4ca0a25730,523d3401-365c-5568-a170-89c3a04b0762,b96639fc-50d4-5591-ae48-a0713eaadef3,55,55,ነገሥታትን ይገዛል የጣዖትንም ቤት ያፈራርሳል ወረትን ያስወግዳን ሐዘን ይወገዳል ተገዥነትም ይወገዳል ድሕነትና ሰላም ይረጋገጣል ጥጋብ ይበዛል በምደር ሁሉ ጥጋብ ያበዛል መጥፎ ጊዜ ያልፋል ሰዎች ግን ዳግም መጥፎ ጊዜ ሊመጣ ይችላል እያሉ በስጋትና በጭንቀት ይዋጣሉ። ፍርሐትና ድንጋጤ ከዚህ ይመጣል የዚሁ ዓይነት ፍርሐትና ድንጋጤ መቼም ያልታየ ነው። ከሰዎች ፍርሐት ብዛት የተነሳ የነፍስ ነውጥ ይበረታል።
12445bf8-0b6d-5773-a1ac-4e7cd83726c2,523d3401-365c-5568-a170-89c3a04b0762,b96639fc-50d4-5591-ae48-a0713eaadef3,56,56,ጦርነት ይነሳል ብዙ ደም ይፈሳል የሰማይ ወፎች የሰውን በድን ሰልተው ይጠግባሉ ከጥቂት ሰዎች በቀር የሚድን የለም ከሞት የተረፉት ሰዎች አንዱ ለሌላው ከየት ብሔር ነህ ይለዋል ሴትም ሌላይቱን ጓደኛዋን ከማን ወገን ነሽ ትላታለች አባት ልጁን ይጠብቃል ልጅም አባቱን ይጠብቃል ።
4f587d09-7bf6-5697-aad1-efc570017286,523d3401-365c-5568-a170-89c3a04b0762,b96639fc-50d4-5591-ae48-a0713eaadef3,57,57,እርስ በርሳቸው አይተዋወቁም ወንድ ባልንጀራውን ይገድላል ሌላም ቁም ነገር አያውቅም መሐይማንንም ይይዙዋቸዋል በራሳቸው ጠጉርና በብረት ሰንሰለትም አንገት አንገታቸውን ያስራቸዋል ወደወንዝም እየወረወሩ ይጥሉዋቸዋል ነገር ግን ውሃ እንዳይጠጡ ይከለክሉዋቸዋል።
07563bec-3310-585e-a622-c24c32acade2,523d3401-365c-5568-a170-89c3a04b0762,b96639fc-50d4-5591-ae48-a0713eaadef3,58,58,በድጋሚ ትልቅ ፍርሐት ይሆናል ምድር ባንድ ዕለት ውስጥ ሦስት ጊዜ ትንቀጠቀጣለች በድጋሚ የቴማን ንጉሥ ይነሳል እሱ ላም ይመስላል ያመነ በራሱ ላይም ሶስት ቀንዶች አሉት።
16644c2e-5654-5f72-aae9-072fbdc693ae,523d3401-365c-5568-a170-89c3a04b0762,b96639fc-50d4-5591-ae48-a0713eaadef3,59,59,እሱ ፍጥረትን ሁሉ ያጠፋል በአልበካ ከተበላችሁ አገርም ይደርሳል በዚችውም አገር የወደደውን ሁሉ ያደርጋል ከዚያ ብዙ ጥፋት ይደርሳል ወደሀገሩም መልሰው ራሱን ከፍ ከፍ አድርጓልና የፈጣሪውንም ምስጋና ትቷልና ትምክህትን በማብዛቱ ራሱ ተመስግኗል ክፉንም አስቧል ።
99d45147-816b-5db1-a452-b1da71303e16,523d3401-365c-5568-a170-89c3a04b0762,b96639fc-50d4-5591-ae48-a0713eaadef3,60,60,ከትዕቢቱ ብዛት የተነሳም በኃይሌ ፅናት ምድርን ፈጠርኳት ይላል ከዚህም የተነሳ የጠፋ ይሆናል የሚያጠፋውም የምስራቅ ንጉሥ ነው እኔም አጠፋዋለሁ በምድር ሁሉም መዘባበቻ እንዲሆን አደርጋለሁ ጴጥሮስ ሆይ ከዚህ በመቀጠል ጦርነትን አመጣለሁ ግብፅንም እንድትመዘበር አደርጋለሁ ግንቧንም አፈርሳለሁ።
7febd307-f945-52fb-a06d-03f02d85edce,523d3401-365c-5568-a170-89c3a04b0762,b96639fc-50d4-5591-ae48-a0713eaadef3,61,61,ደምግባትዋንም እደመስሳለሁ ብሔረ ግብፅ ከተደመሰሰች በኋላ አንድ ተኩል የሱባኤ ጊዜ ቆይቶ በደሴቶች ላይ ተአምራት ይታያል በባሕር ላይ ደግሞ ፍርሐት ይበዛል በባህሩ ዙሪያ የሚኖሩ ርኩሳን ሰዎች ወደቤተ ክርስቲያን ይገባሉ አብያተ ክርስቲያናትንም በእሳት ያቃጥሉቸዋል።
80154355-f7a1-56ab-a805-35b58a8338c0,523d3401-365c-5568-a170-89c3a04b0762,b96639fc-50d4-5591-ae48-a0713eaadef3,62,62,በእግራቸውም ትእምርተ መስቀሌን ይረግጣሉ። መሐይምናንንም ይከተሉዋቸዋል። በዚሁም ቦታ ይገድሉዋቸዋል እነሱ ግን በምድር ሁሉ ይበታተናሉ የዚህ ዓይነት ስደት ከዚህ በፊትም ታይቷል። መጥፎ ሕልምም ይበዛል። ባገር ሁሉም ትልቅ ፍርሐት ይበዛል በመሐይምናን ላይ ጥላቻ እጅግ ይበዛል። መሐይምናንን ግን በጠላቶቻቸው እጅ እንደወደብ፡ አልተዋቸውም። በዚሁ ዘመን ፀሐይ ይጨልማል፥ ጨረቃም እንዲሁ። ከዋክብትም ከሰማይ ይወድቃሉ።
75021f6b-1f5a-5d98-a3ca-880865fe9199,523d3401-365c-5568-a170-89c3a04b0762,b96639fc-50d4-5591-ae48-a0713eaadef3,63,63,የምሥራቅ ንጉሥ ከዚህ በኋላ ይመጣል ጦርነትም ይበዛል (በመካከላቸው)። በምድር ላይ ነፋስ ይነፍሳል። የግብዕ ሰዎች ባሰቃቂ ረሐብ ያልቃሉ። የወረርሺኝ በሽታም ከረቡ ተከታትሎ ይጨርሳቸዋል በአዳም ልጆች ሞትን አመጣለሁ በሰማይም ተአምራቴን ይታያል።
f0720c2a-4579-5c20-ae26-60dfb071ee97,523d3401-365c-5568-a170-89c3a04b0762,b96639fc-50d4-5591-ae48-a0713eaadef3,64,64,ከዚህ በኋላ የምሥራቅ ንጉሥ ወደግብዕ ይሄዳል የቀሩትንም ሰዎች እንደገና ይገድላቸዋል። በምድር ሁሉም ይነግሳል አገሮች ሁሉም በሱ ሥር በመሆን የሱ ታዛገዦች ይሆናሉ ከሠራዊቱ ብዛት የተነሳም ብዙ ታላላቅ አገሮችን ይወርሳል። ከዳር እስከዳር ሁሉንም ይቈጣጠራል የሠራዊቱም ድምፅ እንደመኪና ይሰማል።
e66c1988-d585-5e35-ac2e-a15b69bdd9ab,523d3401-365c-5568-a170-89c3a04b0762,b96639fc-50d4-5591-ae48-a0713eaadef3,65,65,ከግርማው አስፈሪነት የተነሳ ኰረብታዎች ይጮኻሉ የሰማያት ኀይልም ይነዋወጣል ታላቅ ፍርሐትም ይሆናል ኮረብታዎችና ተራሮች እንደሰው ያለቅሳሉ ከምሥራቅ እስከ ምዕራብ ከሰሜን እስከደቡብ ለቅሶ ይሆናል።
6c2e8399-57bc-5541-a332-5d58d5795a46,523d3401-365c-5568-a170-89c3a04b0762,b96639fc-50d4-5591-ae48-a0713eaadef3,66,66,ከዚህ በኋላ ይቅርታየንና ምሕረቱን በነሱ ላይ (በምድር አሕዛብ ሁሉ) እልካለሁ ጸሉታቸውንና ልመናቸውን አሰማለሁ ይህንንም የማደርገው ላመኑብኝ ብቻ ነው። ወደኔ በአንቃዕድዎ ለፀለዩ ሁሉ ይህንን ሁሉ እፈፅምላቸዋለሁ። ለሚቃረኑኝ (ለሚቃወሙኝ) ሁሉ ግን የመቅሰፍቴ በትር አነሳባቸዋለሁ እገድላቸዋለሁ አጠፋቸዋለሁ በግልፅም በምድር ላይ መድሐኒትን አመጣለሁ።
780472e5-6dc7-56f1-a741-60dc6cfcd19a,523d3401-365c-5568-a170-89c3a04b0762,b96639fc-50d4-5591-ae48-a0713eaadef3,67,67,ምስጋናየ በሚያምኑ ላይ አሳያለሁ በመከራ ላይ የነበሩትም ሕዝብ እንደቀድሞው ይሆናሉ የተደበቀውም ግልፅ ይሆናል። ምሕረቴንም በምድር ላይ አደርጋለሁ የሙት ልጆችንም አነሳለሁ።
2794c2d4-6d63-5acc-a7c2-5501dcaeef34,523d3401-365c-5568-a170-89c3a04b0762,b96639fc-50d4-5591-ae48-a0713eaadef3,68,68,የአንበሳ ዶቦልን አነሳለሁ ነገሥታትንም ሁሉ ይሰዳቸዋል። ይቀጠቅጣቸውማል እነሱን እንዲቃወም አደርገዋለሁ ሥልጣንም እሠጠዋለሁ። የአንበሳው ዶቦል አነሣሥ ከእንቅልፍ እንደመነሳት ያለ ነው በዚሁም አኳያ ከመንግሥቱ ከወደምዕራብ አቅጣጫ ያለውን ቦታ እንዳለ ለመውረስ ይችላል።
51902dc9-21ba-5a1f-a37c-010afcb26a56,523d3401-365c-5568-a170-89c3a04b0762,b96639fc-50d4-5591-ae48-a0713eaadef3,69,69,በዚህም ምክንያት በሱ ላይ ቅንአት አደረበት ጴጥሮስ ሆይ እነሆ ከዕርገቴ በኋላ በሰማይ ላይ ብዙ ሁኔታዎች ይፈጠራሉ ነገሥት ስሜን ይክዳሉ። መሐይምናንም ሁሉ ይገድሉዋቸዋል የሚገደሉት መሐይምናን በስሜ የሚያምኑ ናቸው ነገሥታቱ ይህን ለማድረግ የሚነሱት ዲያብሎስ ልባቸውን ስለሚያፀና ነው።
759cdeed-df9e-55fa-a2ac-cbc29d970892,523d3401-365c-5568-a170-89c3a04b0762,b96639fc-50d4-5591-ae48-a0713eaadef3,70,70,ከነዚህ ነገሥት አስቀድሞ የሚነሳው «ዐ» ይባላል። ይህም ንጉሥ የኔ ወንድም የሚባለውን ያዕቆብን ይገድለዋል ይህም የዕቆብ የኔ ደቀመዝሙር ነው። ከሱ ቀጥሎ «ነ» የሚባለው ንጉሥ ይነሳል ይህም ንጉሥ አንተን ይገድለሃል። ከሱ በኋላ «ጠ» የሚባለው ንጉሥ ይነሳል ይህ ንጉሥ አይሁድን ይገድላቸዋል።
71124a93-0bc8-5a74-a598-df0baeeef6fa,523d3401-365c-5568-a170-89c3a04b0762,b96639fc-50d4-5591-ae48-a0713eaadef3,71,71,የአይሁድን ሥረ መሠረትም ይነቅላል «ነ» «ሰ» ከሱ ቀጥሎ «ቀ» «አ» ቀጥሎ «ከ» ከሱ ቀጥሎ «ሰ» ከሱ ቀጥሎ «አ» እንዲሁም «መ።አ።ዕ።ቀ።ቈ» በቅደም ተከተል ይነግሳሉ «ቈ» በመጨረሻው የሚነግለው ሲሆን ይህ ንጉሥ የኔን የቀናች ሀይማኖት ያስፋፋል መስቀሌንም ከተደበቀበት አውጥቶ እንዲታይ ያደርጋል።
847c3846-2b5b-5dd4-a1a4-874b81c632bc,523d3401-365c-5568-a170-89c3a04b0762,b96639fc-50d4-5591-ae48-a0713eaadef3,72,72,ስሙንም በትውልደ ትውልድ ሁሉ ከምስራቅ እስከ ምዕራብ ይታወሳል የምድር ነገሥታትም ከሱ ይባረካሉ በዕድቅና በቅንነት ይፈርዳል ጽድቅን ይወዳል ዓመፅንም ይጠላል በዘመኑ የኔ ተአምር በሰማይና በምድር ተአምሬ ይታያል መስቀሌም ለሁሉ ፍጡር ይታያል።
e80c6dbe-6e5a-59b4-a428-b6e71042efd5,523d3401-365c-5568-a170-89c3a04b0762,b96639fc-50d4-5591-ae48-a0713eaadef3,73,73,እኔም ከሱ ጋር እኖራለሁ ኃይልንና አቸናፊነትንም አሰጠዋለሁ መሐይምናን ይበዛሉ። ጠላቶቻቸውንም ያቸንፋሉ ከዚሁ ቀጥሎም «ከ፣ ር፣እ፣ስ » የሚባሉ ነገሥታት ያነግሳሉ። ከዚያ በመቀጠል ግን ከነሱ ወገን የሆነ «ሰ» የሚባል ይነግሣል እሱም ሁለቱን ነገሥታት ይገድላቸዋል መሐይምናንንም ይቃወማቸዋል በዚሁ ዘመን ስደትና መከራ ይሆናል።
995471ff-e2cd-5a5d-a65c-c4bd0545c85b,523d3401-365c-5568-a170-89c3a04b0762,b96639fc-50d4-5591-ae48-a0713eaadef3,74,74,ከሱ በመቀጠል «የወ» ይነግሳልሉ ። ከነሱ በኃላ ደግሞ «ዋ›› የሚባል ይነግሳል እሱ የተባረከና የተመረጠ ይሆናል ሃይማኖቱም የቀና ደግ ይሆናል በሱ ዘመን ብዙ ተአምራቶቼንና ድንቅ ሥራዎቼን አሳያለሁ የማሳየውም ለሚያምኑብኝ ነው።
e57f2824-04e0-503d-a645-54a2088a3993,523d3401-365c-5568-a170-89c3a04b0762,b96639fc-50d4-5591-ae48-a0713eaadef3,75,75,እሱም ደግ የተባረከ በቀናች ሃይማኖት የሚሄድ በፅድቅና በቅንነት የሚፈርድ ይሆናል እኔም በሕይወቱ ሁሉ ከሱ አልለይም ከሱ በመቀጠልም ‹‹ለ› በመባል የሚጠራ ንጉሥ ይነግሣል ይህም ንጉሥ እንደበፊቱ ደግ ይሆናል።
ab0965fb-0ac3-5c48-a596-41df55068f53,523d3401-365c-5568-a170-89c3a04b0762,b96639fc-50d4-5591-ae48-a0713eaadef3,76,76,ከሱ ቀጥሉ ‹‹ር» በመባል የሚጠራ ንጉሥ ይነግሣል ይህ ንጉሥ ከሐዲና የእሥክንድርያን ሕግንና ሥርዓትን የሚያጠፋ ይሆናል ከሱ በበመቀጠልም «ነ፣ሰ፣ጠ፣ሀ፣» ይነግሣሉ ከሐዲዎች ናቸው።
175e3781-bcb0-5a23-a0e1-cf090a49996f,523d3401-365c-5568-a170-89c3a04b0762,b96639fc-50d4-5591-ae48-a0713eaadef3,77,77,ከሱ በመቀጠል ‹‹ሀ› የሚባል የሱም ሙሉ ስም ‹‹ሀርቃል›› የሚባል ይነግሣል እሱም ለኔ መዓት የተጋለጠ የቀናችንም ሃይማኖት ለማጥፋት ሆን ብሎ የሚነሳ ነው በዘመነ ከርጉም ዲያብሎስ የመነጨ እጅግ የተጠላ ህግ ይታያል ። በዚህም ከሐዲ ንጉሥ ምክንያት በሕዝቦቼ ላይ መዓቴን እልካለሁ በመቅሰፍቴ በትርም እመታቸዋለሁ።
cf2af172-8c45-5ee1-a9fe-57528dfdc85f,523d3401-365c-5568-a170-89c3a04b0762,b96639fc-50d4-5591-ae48-a0713eaadef3,78,78,እንደአሞራዎች ያለ ጥፍር ባላቸው የዱር አውሬዎች አጠፋቸዋለሁ እነሱ የከሐዲዎች ልጆችና የመናፍቃን ልጆች ናቸው የእፍኝት ልጆችም የዓመፅ ልጆችም ይባላሉ የሰውን ሥጋ የሚበሉ ናቸው የመራራው ልጅ ውጤቶች ናቸው የረከሰውንና የከፋውን ሥጋ ለመብላት ብቻ ይተጋሉ በመብልና በመጠጥ ጊዜአቸውን ያሳልፋሉ።
6b95e242-97e7-5ff2-a943-4b7601dd23b5,523d3401-365c-5568-a170-89c3a04b0762,b96639fc-50d4-5591-ae48-a0713eaadef3,79,79,ጴጥሮስ ሆይ ሰዎች መጥፎውን ሥራ እንዲሠሩ ባያስገድዱዋቸው ኑሮ ይህንን ሁሉ ለመፈፀም ባልተገደዱም ነበር። በመግደልና በማንገላታት ሌሎች ሰዎች የነሱን ፈቃድ እንዲፈፅሙ ያደርጋሉ በዚሁ ሕዝብ ዘመን ከባድ ነውጥና ድንንጋጤ ይከሰታል።
eb32a5c9-6594-5434-a7c0-b5758d587f95,523d3401-365c-5568-a170-89c3a04b0762,b96639fc-50d4-5591-ae48-a0713eaadef3,80,80,ሕዝቦች ከሕዝቦች ጋር ይጣላሉ ራሳቸውን ይላጫሉ ወገባቸወንም ይታጠቃሉ ከዚህም የተነሳ በሚፈፅሙት ቅጥ ያጣ አካሄድ ሌላ ፍጡር መስለው ይታያሉ የገዛ ሥጋቸውንም በመሽላለም ልዩ ፍጡር ለመምሰል ይጥራሉ እንደ አጋንንት ይሆናሉ እኔም ከተወለዱበት አገር አስወጥቼ ወደሌላ እንዲባረሩ አደርጋለሁ፡።
a03d36de-6d58-54db-ab5f-dd9c2dc41a22,523d3401-365c-5568-a170-89c3a04b0762,b96639fc-50d4-5591-ae48-a0713eaadef3,81,81,በምዕራብ እስከምስራቅ ከሰሜን እስከ ደቡብ ባሉት ቦታዎች ሁሉም ይበታተናሉ በየደረሱበትም አገር ሁሉ ብዙ አገሮችን ያጠፋሉ የነሱም መንግሥት ጣዖትን እስከሚያመልኩ አገሮች ይደርሳል የነገሥታትን ቤቶች ለማፍረስ የተዘጋጁ ይሆናሉ በየቀኑም ጦርነትን ይቀሰቅሳሉ ይህንንም የሚፈፅመት ወጣቶቻቸው ናቸው፡።
ffbc03bb-4c59-520e-a1be-04d709158c8e,523d3401-365c-5568-a170-89c3a04b0762,b96639fc-50d4-5591-ae48-a0713eaadef3,82,82,ልጆች ወላጆቻቸውን ይጣላሉ ሽማግሌዎችንም ይዘልፋሉ የሚሳደቡትና የሚሰደቡት ሽማግሌዎች ሃይማኖተኞች ናቸው ሲሳደቡም ሐፍረትና ፍርሐት አይሰማቸውም ልጅ አባቱን አባት ልጁን ያለፍርሐት ይገድላል፡።
091ab2f6-81c0-5a12-a20f-24300fab6e16,523d3401-365c-5568-a170-89c3a04b0762,b96639fc-50d4-5591-ae48-a0713eaadef3,83,83,እነዚህ ሕዝቦች አብያተክርስቲያናትን ይበረብራሉ ከወርቅና ከብር የተሠራ ንብረትንም ይወስዳሉ በናስም የታነፁትንም አብያተክርስቲያን ያፈርሳሉ መሠረቶቻቸውንም ይነቅላሉ እኔን የሚያምኑትንም ምእመናን አፋቸውን ጆሮቻቸውንም እጆቻቸውንና እግሮቻቸውን ይቆርጣሉ በዚህም የረከሰ ተግባር የብዙሐንን ነፍሳት ለማጥፍት የተሠለፉ ይሆናሉ ምሕረትና ርሕራሄ በነሱ ዘንድ ፈፅሞ የለም በመዓታቸውም አገሮቻውን ያጠፍሉ።
3b2aec1b-6fcf-5ca9-a576-cfcfb67b407c,523d3401-365c-5568-a170-89c3a04b0762,b96639fc-50d4-5591-ae48-a0713eaadef3,84,84,የአንበሳ ዶቦልን አነሳለሁ ነገሥታትንም ሁሉ ይሰዳቸዋል ይቀጠቅጣቸዋል እነሱን እንዲቃወም አደርገዋለሁ ሥልጣንም እሠጠዋለሁ የአንበሳውን ዶቦል አነዚሥ ከእንቅልፍ እንደመነሳት ያለ ነው በዚሁም አኳያ ከመንግሥቱ ከወደምዕራብ አቅጣጫ ያለውን ቦታ እንዳለ ለመውረስ ይችላል።
3e0f01fa-f75e-52e0-a953-e991c8bb0b4a,523d3401-365c-5568-a170-89c3a04b0762,b96639fc-50d4-5591-ae48-a0713eaadef3,85,85,በዚህም ምክንያት በሱ ላይ ቅንአት አደረበት ጴጥሮስ ሆይ እነሆ ከዕርገቴ በኃላ በሰማይ ላይ ብዙ ሁኔታዎች ይፈጠራሉ ነገሥት ስሜን ይክዳሉ መሐይምናንም ሁሉ ይገድሉዋቸዋል የሚገደሉት መሐይምናን በስሜ የሚያምኑ ናቸው ነገሥታቱ ይህን ለማድረግ የሚነሱት ደያብሎስ ልባቸውን ስለሚያፀና ነው።
6bdd99d6-c878-5a94-a5fb-0a2341c702ce,523d3401-365c-5568-a170-89c3a04b0762,b96639fc-50d4-5591-ae48-a0713eaadef3,86,86,ከነዚህ ነገሥት አስቀድሞ የሚነሳው «ዐ» ይባላል ይህም ንጉሥ የኔን ወንድም የሚባለውን የዕቆብን ይገድለዋል ይህም ያዕቆብ የኔ ደቀመዝሙር ነው ከሱ ቀጥሎ ‹‹ነ› የሚባለው ንጉሥ ይነሳል ይህ ንጉሥ አይሁድን ይገድላቸዋል። ከሱ ቀጥሎ ‹‹ነ› ‹‹ከነ›› ከጥሉ «ቀ» ከቀ ቀጥሎ «ከ» ከሱ ቀጥሎ «ሰ» ከሱ ቀጥሉ «አ» እንዲሁም «መ፣ አ፣ ዕ፣ ቀ፣ ቁ፣ » በቅደም ተከተል ይነግሳሉ «ቁ» በመጨረሻም የሚነገሰው ሲሆን ይህ ንጉሥ የኔን የቀናች ሀይማኖት ያስፋፋል መስቀሌንም ከተደበቀበት አውጥቶ እንዲታይ ያደርጋል።
d7283f54-31fe-57de-a1b7-57c3f67fc010,523d3401-365c-5568-a170-89c3a04b0762,b96639fc-50d4-5591-ae48-a0713eaadef3,87,87,ስመንም በትውልደ ትውልድ ሁሉ ከምስራቅ እስከ ምዕራብ ይታወሳል ። የምድር ነገሥታትም ከሱ ይባረካሉ በዕድቅና በቅንነት ይፈርዳል ጽድቅን ይወዳል ዓመፅንም ይጠላል በዘመነ የኔ ተአምር ይታያል ተአምር በሰማይና በምድር ተአምሬ ይታያል መስቀል ለሁሉ ፍጡር ይታያል።
60f67fc4-9561-5064-a008-e55a3ab91a57,523d3401-365c-5568-a170-89c3a04b0762,b96639fc-50d4-5591-ae48-a0713eaadef3,88,88,እኔም ከሱ ጋር እኖራለሁ ኃይልንና አቸናፊነትንም እሰጠዋለሁ መሐይምናን ይበዛሉ ጠላቶቻቸውንም ያቸንፋሉ። ከዚሁ ቀጥሎም «ከ፣ር፣እ፣ስ » የሚባሉ ነገሥታት ይነግሳሉ ከዚህ በመቀጠል ግን ከነሱ ወገን የሆነ «ሰ» የሚባል ይነግሣል እሱም ሁለቱን ነገሥታት ይገድላቸዋል ።። መሐይምናንንም ይቃወማቸዋል በዚህ ዘመን ስደትና መከራ ይሆናል።
e4c6d66c-2f58-58d5-a740-2f0c05af9e4a,523d3401-365c-5568-a170-89c3a04b0762,b96639fc-50d4-5591-ae48-a0713eaadef3,89,89,ከሱ በመቀጠል «የወ» ይነግሳሉ ከነሱ በኃላ ደግሞ «ዋ» የሚባል ይነግሳል። እሱ የተባረከና የተመረጠ ይሆናል ሃይማኖቱም የቀና ደግ ይሆናል በሱ ዘመንም ብዙ ተአምራቶቼንና ድንቅ ሥራዎቼን አሳያለው። የማሳየውም ለሚያምኑብኝ ነው።
284759c4-69dc-53a2-abc3-c492c7a75764,523d3401-365c-5568-a170-89c3a04b0762,b96639fc-50d4-5591-ae48-a0713eaadef3,90,90,ከዚሁ በኋላ ለመ ይነግሣል በእሱም ደግ የተባረከ በቀናች ሃይማኖት የሚሄድ በዕድቅና በቅንነት የሚፈርድ ይሆናል እኔም በሕይወቱ ሁሉ ከሱ አልለይም ከሱ በመቀጠልም «ለ» በመባል የሚጠራ ንጉሥ ይነግሣል ይህም ንጉሥ እንደበፊቱ ደግ ይሆናል።
35fdc491-b7d2-5d9a-ae32-78c7d6a28d07,523d3401-365c-5568-a170-89c3a04b0762,b96639fc-50d4-5591-ae48-a0713eaadef3,91,91,ከሱ ቀጥሎ «ር» በመባል የሚጠራ ንጉሥ ይነግሣል ይህ ንጉሥ ከሐዲና የእሥክንድርያን ህግንና ሥርዓትን የሚያጠፋ ይሆናል ከሱ በመቀጠል «ነ፣ ሰ፣ጠ፣ ሀ» ይነግሳሉ ከሐዲዎችም ናቸው።
04b32ef9-b5a9-52e1-ad80-8795e80036ee,523d3401-365c-5568-a170-89c3a04b0762,b96639fc-50d4-5591-ae48-a0713eaadef3,92,92,በነዚህ ዘመናት ሕዝቦች በሕዝቦች ላይ ይነሳሉ ነገሥትም በነገሥታት ላይ ይነሳሉ በሠራዊት ላይም ሠራዊት ይነሳሉ ከነሱም ዘንድ ፍቅር ትርቃለች በዚህም ጊዜ መሐይምናን በአንቃዕድዎ ይቆማሉ ወደኔም ይኸሉ እኔም ፀሉታቸውን አልሰማም ክፍዎች ናቸውና።
ae46aa53-b8fd-5f9b-afe2-68bef1f8d5d0,523d3401-365c-5568-a170-89c3a04b0762,b96639fc-50d4-5591-ae48-a0713eaadef3,93,93,ሕዝቦችም መቃብርን እየቆፈሩ በኖህ ዘመን ሙተው የተቀበሩትን ሰዎች ዓፅምን ያወጣሉ ቆፍረው የሚያወጡትም እስከዘመናቸው ተጠብቆ የኖረውን ነው የሰዎችንም ልብሶች በያዙት ጦር ይወጋሉ በዘመናቸው የሰዎች አጥንት በምድር ላይ የተዘሩ የእሕል ዘር መስሎ በምድር ሁሉ ይበተናል።
acf29121-e8f4-5a85-a81f-d538c2681665,523d3401-365c-5568-a170-89c3a04b0762,b96639fc-50d4-5591-ae48-a0713eaadef3,94,94,በያገሩ ያሉትም ሕዝቦች ይፈሩአቸዋል በባሕር ጠረፍ ያሉት ሁሉ እነሱን ይፈራሉ እነሱን ከመፍራት የተነሳም መርከቦች ይሠጥማሉ እነሱም መርከቦቹን በእግራቸው ይረግጡአቸዋል የሚበሉትም (ምግባቸው) የተምር ፍሬ ነው የፈለጉትን ቢሠሩ ሊከለክላቸው የሚደፍር የለም የተገነባውን ያፍርሳሉ የፈረሰውንም ያንፃሉ የምድረበዳንም መሄጃ ያበጃሉ ትምክሕታቸው ራስን በመላጨት ይገልፁታል በልብስም ይገልፁታል።
9c2a54ec-0032-573f-a860-dc1d5a4862d0,523d3401-365c-5568-a170-89c3a04b0762,b96639fc-50d4-5591-ae48-a0713eaadef3,95,95,በዘመናቸው ኢየሩሳሌምን ይከቧታል አውራጃዎቿንና አካባቢዋንም ይወርሳሉ የሚወርዋትም ከምሥራቅ እስከ ምዕራብ ያለው ክፍል ነው እንደገና ሌላው መንግሥት ከምዕራብ እስከ ምሥራቅ ያለውን ለመያዝ ሠራዊቱን ያዘምታል ብዙ ቦታዎችን በቁጥጥሩ ያስገባል።
0ad814d2-346f-5071-a110-cac240ead903,523d3401-365c-5568-a170-89c3a04b0762,b96639fc-50d4-5591-ae48-a0713eaadef3,96,96,ከዚህ በኋላ ወደኢየሩሳሌም ይሄዳል የፈረሰውንም ሠርቶ ግንቡን ከፍ ያደርጋል አውራጃዎቿንም ይወርሳል ጴጥሮስ ሆይ ያንጊዜ መሐይምናን ሁላቸው ይደሰታሉ መሐይምናኑ በኔ እምነት ይኖራሉ እነሆ ደማስቆንም ያቃጥሏታል መሠረቶቿንም ይነቃቅላል በነዋሪዎቿ ጥፋት ይደርሳል ።
fb2a611a-f096-55b5-a7d7-8c606c6abbd9,523d3401-365c-5568-a170-89c3a04b0762,b96639fc-50d4-5591-ae48-a0713eaadef3,97,97,ከዚያ በኋላ ወደ ቀድሞው የመንግሥቱ አገር ይመለሳል የሚመለሰውም እየተደሰተ ነው በመንበረ መንግሥቱም ብዙ ዓመታትን ያሳልፋል እሱ ትዕዛዜን የደርጋልና እኔም ከሚያምኑ ሰዎች ጋርም ሌሎችን ይቃወማል በዚሁም ለሁለት ሱባኤ ይቆያል በእጁም ያድናቸዋል።
2bc6d642-f6f8-57ee-a2f2-8f4b77ea8523,523d3401-365c-5568-a170-89c3a04b0762,b96639fc-50d4-5591-ae48-a0713eaadef3,98,98,ከዚያ በመቀጠል እነሆ አስቀድመን የጠቀስነውን ጥፋተኛ ሕዝብ ይዙታል እኛም በመሐይምናን ላይ ክፉ ስለሠሩ ዕጥፍ ድርብ አድርገን እንበቀላቸዋለን ከአንበሳ ደቦል ስለተፈፀመው ይህ ነገር ፍጥረታት ሁሉ ያደንቃሉ ሞት ወደኛ አይመጣም ይላሉና ።
b2e821bd-a7d1-52aa-a99d-1f8bb0d7e3d1,523d3401-365c-5568-a170-89c3a04b0762,b96639fc-50d4-5591-ae48-a0713eaadef3,99,99,ከዚህ ጊዜ ጀምሮ የሕግ ተላላፊዎች ልጆች የጦር መሣሪያ አይሽከምም የጠፋው አገር ይቀናል እኔም የሚሞት መሐይምናን ደስ ይሰኛሉ ደስታቸውም አያልቅም ጴጥሮስ ሆኑ አስተውል ይህ ሁሉ የሚሆነው ወደዚህ ዓለም ከመምጣቴ አስቀድሞ ሰባሁለት ሱባኤና ግማሽ ሱባኤ ካለፈ በኋላ ነው ።
a97be640-9600-57fd-aed4-9c64bdfabcea,523d3401-365c-5568-a170-89c3a04b0762,b96639fc-50d4-5591-ae48-a0713eaadef3,100,100,ጴጥሮስ ሆይ እነሆ በሌላ ዘመን የሚሆነውን ሁሉ ከገለዕኩልህ በዓለም ሁሉም መንግሥታትን ሾምኩህ እነዚህም ነገሥታት አንዱ በአራቱ አምሳያ ሆኖ አንዱ የንሥር ገዕ ይኖረዋል ሁለተኛው ደግሞ የአውሬ መልክ ይኖረዋል።
9525491c-58fe-5319-aae7-e05abb73a9d8,523d3401-365c-5568-a170-89c3a04b0762,b96639fc-50d4-5591-ae48-a0713eaadef3,101,101,ሶስተኛው በነብር ይመሰላል ከፍተኛው በአንበሳ ይመሰላል አንበሳ ከአራዊት ሁሉ ይጠነክራል በንሥር የተመሰለው የመጀመሪያው የባቢሎን ንጉሥ ነው በአውሬ ፊት የተመሰለው ሁለተኛው የኢልድዮስ ልጆች ንጉሥ ነው በነብር የተመሰለው የዮናናውያን ንጉሥ ነው በአንበሳ የተመሰለውና አራተኛው ከሁሉ የበላይ የሆነው የሮም ንጉሥ ነው እሱም ከነገሥታት ሁሉ ይበልጣል ።
a656b338-9f4e-57ea-aa92-297af229353f,523d3401-365c-5568-a170-89c3a04b0762,b96639fc-50d4-5591-ae48-a0713eaadef3,102,102,የባቢሎን ንጉሥ ለአምስት መቶ ዓመት ያህል ይነግሣል የኤልድዮስ ልጆች ንጉሥ በበአሉ በአሰብ አቆጣጠር መጠን ይነግሣል የዮኖናውያን ንጉሥ ደግሞ ሶስት ጊዜ አምስት ሱባዔን ይነግሣል ።
f30819c8-8a1b-5744-a855-623bd9d84335,523d3401-365c-5568-a170-89c3a04b0762,b96639fc-50d4-5591-ae48-a0713eaadef3,103,103,የሮም ንጉሥ ግን እስከ ዘለዓለም እስከ ዳግም መምጫዩ ጊዜ ድረስ ይቆያል ከኤልድዮስ ልጆች ንጉሥ አሥራሁለት ነገሥታት ይወጣሉ ከነዚህ ነገሥታት ትክክለኛውን ፍርድ በእውነት ይፈርዳሉ ከነሱ በኋላ ሁለት ንኡሳን ነገሥታት ይነግሳሉ ዕድሜያቸው ጥቂት ነው ሁለታቸው በምድር ማሐል ይጠፋሉ ከነሱ ይልቅ የአራቱ ነገሥታት መንግሥት ትዐናለች።
c27a2d54-f1df-509d-a624-314428c6376d,523d3401-365c-5568-a170-89c3a04b0762,b96639fc-50d4-5591-ae48-a0713eaadef3,104,104,ሦስቱ ነገሥታት ብቻቸውን ይቀራሉ ሦስቱ አንድ ነገድ ናቸውና አንደኛው በአልጋው ላይ እያለ ይገደላል ሁለተኛው ቀጥሎ ላንድ ዓመት ተመንፈቅ ይነግሳል ሶስተኛው ክፉ ይሆናል በራሱም ፍላጐት ብቻ ይመራል የሰውን ምክር አይቀበልም ራሱ ጦርነትን ይቀሰቅሳል ከሠራዊቱ ጋርም እስከ ሁለቱ ወንዞች ይደርሳል።
9094465e-4811-59ea-a204-7c061793d1ef,523d3401-365c-5568-a170-89c3a04b0762,b96639fc-50d4-5591-ae48-a0713eaadef3,105,105,ከዚህ ጊዜ ጀምሮ ያልፋል ወደ ሶርያ ይገባል ምድረበዳውንም ይዞረዋል ብዙ ሕዝብንም ይገድላል እንደገና ተመልሶ ወደ ሶርያ ይገባል ምድረ በዳውንም ለሁለተኛ ጊዜ ይዞረዋል ባለበትም የፋርሳውያንን አገር አስሶ ያገኛል በዚህ ጊዜ በሁለቱ ተራሮች መካከል ፋርሳውያን ይገድሉታል ከዚያ በመቀጠል ቀደም ብለው ከተጠቀሱት አሥራሁለት መካከል አንድና «ሮ» የሚባል ይነግሣል።
f73c8986-1b4a-5dea-a1b0-cb5164c60dc7,523d3401-365c-5568-a170-89c3a04b0762,b96639fc-50d4-5591-ae48-a0713eaadef3,106,106,በሱ ዘመን ሕዝብ ይከተሉታል እሱ በሚጓዝበት መንገድም ይጓዛል ህጉንና ሥርዓቱንም ይፈፅማሉ ከሱ ቀጥሎ «ዕ» በሚል ፊደል ስሙ የሚጀምረው ንጉሥ ይነግሣል። ይህ ንጉሥ ብዙ አገሮችን ይቆጣጠራል አገሮቹን የሚቆጣጠረው በእርቅ በፍቅርና በሰላም ነው በኔ የሚያምኑትን መሐይምናን ያፈቅራቸዋል እነሱ የኔን ቃል ኪዳን ይጠብቃሉ።
fb938644-703d-5a29-a0ad-6a402ff04a7d,523d3401-365c-5568-a170-89c3a04b0762,b96639fc-50d4-5591-ae48-a0713eaadef3,107,107,ከዚያ ቀጥሎ የሚነግሰው መ በሚለው ፊደል የሚጠራው ነው ይህ ንጉሥ ደርባን በመባል የምትታወቀውን አገር ይቆጣጠራል እሱ ለመዥመሪያ ጊዜ በፅድቅና በቅንነት የሚፈርድ መስሎ ይታያል ውስጡ ግን ቀማኝነትንና ውንብድናን የተሞላ ነው ከዛም ቀጥሎ «ዓ» በሚል ፊደል ስም ይነግሣል እሱም ያልዘራውን የሚያጭድ የራሱ ያልሆነውን የሚሰበስብ ነው።
0764a3dd-4ae6-5e7b-a70b-372eb95b6b6e,ea9073d7-ad07-5020-a53a-a9daf2c7449b,95ab9b49-29e7-51b7-a146-3edd524f91eb,1,1,በአብ ወወልድ በመንፈስ ቅዱስ ስም አንድ አምላክ እግዚአብሔር ለቅዱስ ጴጥሮስ የገለፀለትን ተአምር አስቀድመን እንፅፋለን ።
00db0ab2-5f6e-5dea-ad8e-7534dae1e7cb,ea9073d7-ad07-5020-a53a-a9daf2c7449b,95ab9b49-29e7-51b7-a146-3edd524f91eb,2,2,ይህ ጴጥሮስ የመንግሥተ ሰማያትን ሥልጣን የተረከበ ከሊቀ ካህናት ክርስቶስም ለመንግሥተ ሰማያት ዝግጁዎች የሆነትን ያስገባ ዘንድ ቁልፍ የተረከበ የሐዋርያት መጋቢ ነው።
17a91429-9b9c-59e7-a16c-eae8ff3e56e3,ea9073d7-ad07-5020-a53a-a9daf2c7449b,95ab9b49-29e7-51b7-a146-3edd524f91eb,3,3,በድጋሚም መንግሥተ ሰማያት እንዳይገባ ለሚገባው (ከመንግሥተ ሰማያት እንዲርቅ ለሚገባው) የመከልከል ሥልጣን ተሠጠው ጌታችን ኢየሱስ ክርስቶስ ከመታን ተነስቶ በመለኮቱ የመንግሥተ ሰማያትን ምሥጢር አስተምሮናል።
0eaa474d-0dac-5ab6-aa8d-ca057aedc922,ea9073d7-ad07-5020-a53a-a9daf2c7449b,95ab9b49-29e7-51b7-a146-3edd524f91eb,4,4,በኛ ላይም መንፈስ ቅዱስን እፍ አለብን ይህ መንፈስ ቅዱስ ከአብ የወጣ ነው እኛም እሱን ተቀበልን እኛም በየደረጃው ይህንን (መንፈስ ቅዱስን) በቅድምያ ለሊቃነ ጳጳሳት እንድናስተላልፍ ሥልጣን ተሠጠን እነሱም ለካህናትና ለዲያቆናት እንዲያስተላልፉ ሥልጣን ተሠጣቸው የጌታችን ዕርገት በደረሰ ጊዜ ወደደብረዘይት ወጣን ተአምራትንም ሁሉ ለማየት ቻልን።
4208abf4-5d86-5abb-ae1e-8cccbcfc7f4a,ea9073d7-ad07-5020-a53a-a9daf2c7449b,95ab9b49-29e7-51b7-a146-3edd524f91eb,5,5,ጌታችን በመለኮቱ ዓለምን እንዴት እንደፈጠረ (በቃሉና በኪነጥበቡ)። በዓለም ያሉትንም ፍጡራን ነፍሳቸው በመዳፉ እንደሆነች አሳየን። ስለዳግም ምፅአቱ ምሥጢርም አሳየን ሐጢአተኞች ከፃድቃን እንዴት እንደሚለዩ (በመንግሥተ ሰማያት) አሳየን ሐጢአተኞች ወደኩነኔ ቦታ እንዴት እንደሚጣሉም አሳየን።
a0407b21-2cd6-5780-ac67-6b23e3096ccb,ea9073d7-ad07-5020-a53a-a9daf2c7449b,95ab9b49-29e7-51b7-a146-3edd524f91eb,6,6,ጌታችን ኢየሱስክርስቶስ ይህንን ሁሉ አስተማረን። እሳየን። አእምሮአችን ከፈተልን። ልቡናችን እስኪሞላ ድረስ። እንዲህም አለን እኔ ከገለፅኩላችሁ ሁሉ የሚዘነጋችሁ ካለ ካያችሁትም ተአምራትና መንክራትና ከሰማችሁትም ሁሉ የምትዘነጉት ካለ እኔ ካረግሁ በኋላ አባቴ ወደናንተ የሚልከው መንፈስ ቅዱስ ወደናንተ ይመጣል።
1a93310d-b97e-5e22-af9f-d564a8a38de6,ea9073d7-ad07-5020-a53a-a9daf2c7449b,95ab9b49-29e7-51b7-a146-3edd524f91eb,7,7,ይህ መንፈስ ቅዱስ የተረሳውን ሁሉ ያስታውሳቹኋል ፈቃዴንም ትጠብቁ ዘንድና ፈቃዴን ታደርጉ ዘንድ ያጠናቹኋል።
a2d80eb5-d8bd-5e26-aeb0-b9edeed8480c,ea9073d7-ad07-5020-a53a-a9daf2c7449b,95ab9b49-29e7-51b7-a146-3edd524f91eb,8,8,ልጄ ቀሌሚንጦስ ሆይ ዛሬ አንተ እኔን እንደጠየቅኸኝ እኔም በጊዜው ለአምላኪየና ለመድሐኒቴ ጠየቅሁት እንዲህም አልኩት የቤተክርስቲያንን መሪዎች ሥርዓትን የሚጠብቁበት እንዴት ልዘዛቸው በማለት ጠየቅሁት እሱም መለሰና እንዲህ አለኝ ጥንቃቄ ማድረግ አለብህ ምሥጢራትን ሁሉ አስተዋይ አእምሮ ለሌላቸው አትግለጥ ለነሱ ከነገርካቸው ቃሌን መዘባበቻ ያደርጉታል ስለዚህ ለማን ምሥጢራትን መግለጥ እንዳለብህ እወቅ ተረዳ።
8ac053ec-ecbf-5ab3-a48e-1de2d1bd4a16,ea9073d7-ad07-5020-a53a-a9daf2c7449b,95ab9b49-29e7-51b7-a146-3edd524f91eb,9,9,ይህንን ታላቅ ምሥጢር ለጳጳሳትና ለኤጲስ ቆጶሳት ካልሆነ በቀር አእምሮ ለሌላቸው አትንገር ጳጳሳቱ በሕዝብ ተመርጠው የቀረቡ ናቸውና ቃላቸው በመለኮት ጨው የተጣፈጠ ነው ኃጢአተኛውን ከወደቀበት የሐጢአት ዓዘቅት ወደፅድቅ በንሥሐ ጐትተው ያወጡታል።
d6649453-8ea3-5a99-a49b-949e13a9f330,ea9073d7-ad07-5020-a53a-a9daf2c7449b,95ab9b49-29e7-51b7-a146-3edd524f91eb,10,10,ትእዛዜን ለማይጠብቁና ለማይቀበሉ ይህ ምሥጢር ተገልጦ አይነገር ይህ ምሥጢር ከአፌ የወጣ ነውና እነዚያ ትእዛዜን የማይቀበሉ ሁሉ ወንጀለኞች ናቸው። ሁሉም የምድር ሐጢአተኞች የተረገሙ ናቸው። ስለዚህ ከትእዛዜ የራቁ ይሆናሉ። ይህ ምሥጢር እጅግ የተጠበቀ ይሆናል።
30c651a2-c243-5438-a434-d71d3221b819,ea9073d7-ad07-5020-a53a-a9daf2c7449b,95ab9b49-29e7-51b7-a146-3edd524f91eb,11,11,ይህ የምነግርህ ምሥጢር ክቡርና የተደበቀ ነው። ንፅሕና የሌለው ስው አያየውም ዘማዊ የረከሰ የሚያስጠነቁል ጠንቋዮችን የሚከተል በኮከብና በሌላም የሚያሟርትም አያየውም።
9606810a-f4c4-5905-af2a-028531f28296,ea9073d7-ad07-5020-a53a-a9daf2c7449b,95ab9b49-29e7-51b7-a146-3edd524f91eb,12,12,በወፍ የሚያሟርት በእሳት በባሕር በወንዝ። በእግር እንቅፋት። በአውሬ ጩኸት። በግራ ወይም በቀኝ በባሕሮችም ቢሆን በምድረ በዳም ቢሆን። ሥጋውን በእንስሳና በአራዊት። በምድረበዳ እንዲሁም በተለያየ መንገድ እኔ የምጠላውን ሁሉ የሚፈፅም አምልኮተ ባእድንም የሚፈፅም አይኑር።
605692e1-b38d-5428-aea8-91a0363f0f7f,ea9073d7-ad07-5020-a53a-a9daf2c7449b,95ab9b49-29e7-51b7-a146-3edd524f91eb,13,13,ለሱ ያልተሠጠውን ልብስ ለመልበስ የሚጓጓ። በሌብነት የሚኖር ዓመፀኛ ቀማኛ ትግሉን በመጥፎ አካሄድ ያደረገ የሌላውን ሐብት የሚመኝ ቀረፅ የሚቀበል ክፋትን መሥራትና መናገር የሚያዘወትር መጥፎ ነገርን ለመሥራት የሚራቀቁትን ሰዎች የሚከተል ገንዘቡን በአራጣ የሚያበድር ከሰው ይህን አስፈፅምልሀለሁ እያለ ጉቦን የሚቀበል እነዚህን የመሳሰሉት ሁሉ እፀየፋቸዋለሁ።
75512785-efd5-5c9d-a87c-1e5d746f8c5f,ea9073d7-ad07-5020-a53a-a9daf2c7449b,95ab9b49-29e7-51b7-a146-3edd524f91eb,14,14,ይህን የረከሰ ተግባር የሚፈፅሙ በዚሁም ሕይወታቸው የሚመሩ ቃሌን አይሰሙም ይህቺንም መፅሐፍ የነሱን የመዘባበቻና መጠቃቀሻ ሊያደርጉዋት አይገባም ይህን ከፈፀሙ ወድያው የቁጣየን በትር እንዳላጎርፍባቸው ይጠንቀቁ ላጠፋቸውም እችላለሁ ቃሌን ችላ በሚሉ ሰዎች ላይ ቁጣዬ ይበዛል።
9e7e3ea0-6d63-5c73-aa14-642b5c7d6315,ea9073d7-ad07-5020-a53a-a9daf2c7449b,95ab9b49-29e7-51b7-a146-3edd524f91eb,15,15,ከነዚህ በመጥፎ ሥራ ተሠልፈው ከሚኖሩ መካከል ይህንን የመሰሉ የተግሳፅን ቃላት ብሰማ ኑሮ ቀድሞውኑ ለጥፋት ሥጋየንና ነፍሴን በክፉ ነገር ባላበላሸሁ ነበር። የሚል ካለግን።
c0e68250-984d-58e1-a31b-42e972fb8e81,ea9073d7-ad07-5020-a53a-a9daf2c7449b,95ab9b49-29e7-51b7-a146-3edd524f91eb,16,16,ነፍሱም ስለደነገጠች በልቅሶና በሐዘን ከተጸጸተ ሐጢአቱን እሠርዝለታለሁ። እኔ እግዚአብሔር ይቅርባይና ፈጣሪ ሁሉን ለመመገብ የምችል ነኝ ሁሉንም የምጠብቅና ሁሉንም የምመግብ እኔ ብቻ ነኝ በውስጥም ይሁን በውጭ ሥጋ ለባሽ የሆነውን ሁሉ በየጥቂቱ ሰውን እገነባዋለሁ። በፍጥነትም አሳድገዋለሁ፡ በረቀቀ አኳኋን አለመልመዋለሁ በደከመ አካልም አነሳዋለሁ በሰፊው እሰበስበዋለሁ እንደትብያ እበትናለሁ በአስደናቂ ሁኔታም እዘጋለሁ።
8066162f-cc64-51ac-ab49-a52a5dbbe4e1,ea9073d7-ad07-5020-a53a-a9daf2c7449b,95ab9b49-29e7-51b7-a146-3edd524f91eb,17,17,መብረቅን አሮጠዋለሁ በቅፅበትም እመልሰዋለሁ የባሕር ውስጥ ዋሻውንም አበራዋለሁ ጥልቅ ውሆችንም እገልፃለሁ። ከበታቹን አነዋውጠዋለሁ መሠረቱን እንዲንቀጠቀጥ አደርጋለሁ። አሣውንም ካለበት እንዲጨነቅ አደርጋለሁ።
8f493473-0976-5067-a118-68bce278bd25,ea9073d7-ad07-5020-a53a-a9daf2c7449b,95ab9b49-29e7-51b7-a146-3edd524f91eb,18,18,ትዕቢተኛውን አሥረዋለሁ በሠንሰለቴ አሥረዋለሁ ንሥሐ ለገባ ከታሠረበት እፈታዋለሁ የበታች ሁኖ የኖረውን አነሳዋለሁ ትዕቢተኛውን አዋርደዋለሁ ንሥሐ ለሚገባም ሥርየትን እሰጠዋለሁ አንተም ጳጳሳትና ሊቃነጳጳሳት ይህንን ሊቀበሉ የሚችሉትን አስተዋዮች እየመረመሩ እንዲገልፁላቸው ንገራቸው።
f9147756-e14b-56c7-a0a2-abc1587028fc,ea9073d7-ad07-5020-a53a-a9daf2c7449b,95ab9b49-29e7-51b7-a146-3edd524f91eb,19,19,ይህን በፍጥነት ካላስተላለፍክ ባንተ ላይና አንተን በመሰሉ ሁሉ መዓት ሊወርድ ይችላል ቃሌንና ነገሬን መሳለቂያ የሚያደርጉ ሰዎች እንዳይኖሩ አስተውል። ለክፉዎች መልካም ሥራን መሥራት ይመራቸዋል የሐጢአትን ሥራ መሥራት ደግሞ ይጥማቸዋል።
fc2b8f20-c17e-5693-a2c3-c215e5e4000c,ea9073d7-ad07-5020-a53a-a9daf2c7449b,95ab9b49-29e7-51b7-a146-3edd524f91eb,20,20,ለሚወዱኝ ግን ቃሌ ይጥማቸዋል ከማርና ከሱኳር በበለጠም ይጣፍጣቸዋል ከብዙ እልፍ ወርቅና ብርም ይመረጣል በሚወዱኝ ዘንድ ቃሌ የከበረ ነው ትእዛዜን በሚያከብሩም ዘንድ የከበረ ነው። እኔም ዘወትር ከነሱ አልለይም የኔም ህግ በልባቸው አሥርፀው ከነሱ ጋር ይዘውት ይገኛሉ እኔም ልቡናቸው በርቶ እኔን በቀና መንፈስ እንዲከተሉኝ ልቡናቸውን አበራለሁ በሕሊናቸው ቃሌን አሰማቸዋለሁ።
07f00b81-0548-5469-adda-9d5e5ead31c7,ea9073d7-ad07-5020-a53a-a9daf2c7449b,95ab9b49-29e7-51b7-a146-3edd524f91eb,21,21,ያባቴ መንፈስም በተናገሩት ሁሉ ይናገርላቸዋል በወንጌል 138 መንፈስ ወደፈቀደው ይነፍሳል ድምፅን አይሰማም የት እንደሚገባና እንደሚወጣም አይታወቅም የሚል ተፅፏል እንደዚሁ ሁሉ ቃሌን ለሚያከብር መንፈስቅዱስ ይጠብቀዋል። እኔን ለሚጠሉና ቃሌንም ለሚጠሉ እንደዚሁም ትእዛዜን ለማይፈፅሙ የአባቴ መንፈስ አይጠጋቸውም ከነሱ ይርቃል እንጂ።
e253e271-ee63-5a14-abb3-f821f6a4da81,ea9073d7-ad07-5020-a53a-a9daf2c7449b,95ab9b49-29e7-51b7-a146-3edd524f91eb,22,22,የዲያብሎስም መንፈስ ያድርባቸዋል እሱም የረከሰ መንፈስ ሁኖ መጥፎ ሥራን ያሠራቸዋል ይህም አስቀድሜ እንደነገርኩህ የዘወትር ሥራቸው ይሆናል። መንፈስቅዱስ ከዲያብሎስ ሥራ ጋር አይገናኝምና በመካከላቸውም ስምምነት የለም የዲየብሉስን ሥራ የሚሠሩ ከዲያብሎስ ጋር ይኵነናሉ የመንፈስ ቅዱስን ሥራ የሚሠሩ ደግሞ ከሞት በኋላ በዓፀደ ነፍስ ሲደሰቱ ይኖራሉ።
c999497e-eb74-5317-ac9c-a1364feae0ec,ea9073d7-ad07-5020-a53a-a9daf2c7449b,95ab9b49-29e7-51b7-a146-3edd524f91eb,23,23,አንተ ግን የቤቱን ሹማምንት ሕጌን እንዲጠብቁ ሥርዓቴን እንዲያከብሩ ንገራቸው።
85a26da3-e46b-5220-a01d-79f0c321a3f5,ea9073d7-ad07-5020-a53a-a9daf2c7449b,95ab9b49-29e7-51b7-a146-3edd524f91eb,24,24,እነሱ ለተከታዮቼ ምዕመናን መልካሙን አርአያ ማስተላለፍ አለባቸው። እነሱን በመመልከት ምዕመናን የፅድቅን ሥራ ሊሠሩ ይችላሉ። ከዝሙትም ይጠበቃሉ በእጃቸው መጥፎውን እንዳይነኩ በዓይናቸው መጥፋትን እንዳያዩ መጥፎም ነገር እንዳይሰሙም ይሆናሉ።
7d04a8f5-9b70-56c6-ae0f-6a1c9c2c440d,ea9073d7-ad07-5020-a53a-a9daf2c7449b,95ab9b49-29e7-51b7-a146-3edd524f91eb,25,25,ከዚሁም ለመራቅ ራሳቸውን ንፁሕ ያድርጉ። ምንም ይሁን ምን አስነዋሪ ምግባርን እንዳይፈፅሙ ይሁኑ ከኃጢአት ሥራ ሁሉ ይራቁ ይህ ከሆነ ከእግዚአብሔር አምላካቸሙ ዘንድ ይገባሉ።
ea7f632e-c1b6-506b-a227-4e0703a38cc3,ea9073d7-ad07-5020-a53a-a9daf2c7449b,95ab9b49-29e7-51b7-a146-3edd524f91eb,26,26,የእግዚአብሐር አምላካቸውን ትእዛዝ ባልቻሉም ነበር። ይህንን ባያደርጉ የእሥራኤል ካህናት እንኳ ከመጥፎ ተግባር ለመጠበቅ አልቻሉም የእግዚአብጠርን ትእዛዝ አፍርሰው ለጣዖት የሰገዱበት ጊዜ አለ ከዚህም የተነሳ ከነቢያቶቻቸው አንዱ ስለነሱ ጥፋት አሕዛብ የናንተን መጥፎነት አይተው በእግዚአብሔር ስም ላይ ይሳደባሉ ብሏቸዋል።
33c4f338-6166-5428-a783-db42a2a370d5,ea9073d7-ad07-5020-a53a-a9daf2c7449b,95ab9b49-29e7-51b7-a146-3edd524f91eb,27,27,ትእዛዜን ይጠብቁ ዘንድ ሕጌንና ሥርዓቴንም ይጠብቁ ዘንድ እዘዛቸው እናንተ ተማሪዎቼ ትእዛዜን እንደጠበቃችሁ እንዲሁ ይሆናል። ማንንም ነገር ሳትመረምርና ሳትጠነቀቅ በችኮላ አንድን ነገር አትሥራ በችኮላ አንድን ነገር ለመሥራት ከሞከርክ ተመልሶ ነቀፋንና ውርደትን ያስከትልብሃል።
e8616f08-85c6-5d93-a24c-36c9fc461111,ea9073d7-ad07-5020-a53a-a9daf2c7449b,95ab9b49-29e7-51b7-a146-3edd524f91eb,28,28,ከድንግል ሰውና ከድንግል ሴት የተመረጠ ሰው ይወለዳል ከአመንዝራ ሴትና ወንድ ግን መልካም ሰው አይወለድም እንደአሮንና እንደሙሴም ትእዛዜን የሚጠብቅ አይወለድም።
12660a5b-ab0a-5aee-ac2f-43fe2571d379,ea9073d7-ad07-5020-a53a-a9daf2c7449b,95ab9b49-29e7-51b7-a146-3edd524f91eb,29,29,(ሀ) እንዲሁ ንፁሐን ካህናቶቼ ነውር የሌላቸው ይሁኑ ስባሪ ጉድለት ቀልሞይሁን ። ግራ አካላታቸው የተስተካከለ ይሁን ጆሮአቸው በትክክል መስማት የሚችሉ ሁነው ለክህነት ይመረጡ በማንኛውም ነገር የሚነቀፉም አይሁኑ።
eabd9970-f244-5a17-ad8b-657eeff83986,ea9073d7-ad07-5020-a53a-a9daf2c7449b,95ab9b49-29e7-51b7-a146-3edd524f91eb,30,30,(ለ) ያንተን ቃል አልቀበልም የሚል ካለም ከቤተ ክርስቲያን እንዲከለከልና እንዲርቅ አድርግ ለሱም የመንግሥተሰማያትን በር አትክፈትለት አንተ የመንግሥተ ሰማያት ቁልፍ ነህና በሌላ አባባል የመንግሥተ ሰማያት ቁልፍ ባንተ እጅ ነው እኔ አለት ነኝ አንተም የኃይማኖት አለት መሆንህን አትዘንጋ ሁሉም በእጅህ ነውና።
477a077e-a197-5ec1-afc9-70e16e1d424a,ea9073d7-ad07-5020-a53a-a9daf2c7449b,95ab9b49-29e7-51b7-a146-3edd524f91eb,31,31,ኬፋ ማለት በእብራውያን ቋንቋ አለት ማለት ነው ቤተክርስቲያንን ባንተ ላይ ሠርቻታለሁ የተጠሉና የረከሱ የሲኦል በሮች አይበረቱባትም እኔ ከሰማያዊው አባቴ የተቀበልኩትን የጸጋየን መንፈስ እነሆ ላንተ ሠጠሁህ።
c449e0b4-e2b6-570d-a22d-61b351df8f16,ea9073d7-ad07-5020-a53a-a9daf2c7449b,95ab9b49-29e7-51b7-a146-3edd524f91eb,32,32,አንተም ካንተ በኋላ ለሚነሱ ንብረትን በመቀማት ሰውን ለሰቆቃ የማይዳርጉትን የዚህን ሐላፊ ዓለም ድሎትንና ከንቱነትን ተረድተው ብልሕነታቸው ለሥጋዊ ጥበብ ብቻ ያላስገዙትና በቃላቸው የሚፀኑት ይህንን ታስተላፋለህ።
294de163-0d24-57e4-aa81-8ced27fa966c,ea9073d7-ad07-5020-a53a-a9daf2c7449b,95ab9b49-29e7-51b7-a146-3edd524f91eb,33,33,ካንተ በኋላ የሚተካው የበደለኞች ጥፋት ይቅር የሚል ከጥፋታቸው በሰላማዊ አነጋገር የሚመልሳቸው ንሥሐቸውንም የሚቀበል ያለአድልዎ ፍትሕን የሚቀበል ፊቱንም የማይቋጥር ጉቦን የማይቀበል ዋጋ ሳይከፍል የሰውን ንብረት ለመውሰድ የማይመኝ ትክክለኛ ሰው ይሁን።
e2111b4f-68a8-5810-afbe-eca12670c0fa,ea9073d7-ad07-5020-a53a-a9daf2c7449b,95ab9b49-29e7-51b7-a146-3edd524f91eb,34,34,ካንተ በኋላ የቤተክርስቲያን ሊቀካህናት ሊሆን የሚገባው 14 በማንኛውም ምግባረሠናይ ተፈትኖ የፀና። በቀንም ሆነ በሌሊት የእግዚአብሔርን ትእዛዝ የሚፈፅም ነዳያንንና እሥረኞችን በመንፈሳዊም ሆነ በሥጋዊ መግቦትን የማይረሳ በዓጸደ ቤተክርስቱያን የወደቁትን የሚያስታውስ መሆን አለበት።
5af2b6a7-ac52-5dff-a584-e35325c669a2,ea9073d7-ad07-5020-a53a-a9daf2c7449b,95ab9b49-29e7-51b7-a146-3edd524f91eb,35,35,(ሀ) የቤተክርስቲያንን ንብረት አይበትነ ለቤተሰቦቻቸውንም አይሥጡ እንዲሁም ለሥጋ ዘመዶቻቸው አያካፍሉ የሰውን ፊት በማየት አያዳሉ ድሐ ሀብታም ትልቅ። ትንሽ በማለት ምዕመናን በሚመግቡበት ጊዜ አይበሉ።
925b41e8-27ef-5ef7-ad6c-0ddae50849e4,ea9073d7-ad07-5020-a53a-a9daf2c7449b,95ab9b49-29e7-51b7-a146-3edd524f91eb,36,36,(ለ) ከዚህ ቃል ወጥቶ የተገኘ ሁሉ የተከለከለ ነው ከቤተክርስቲያንም ይውጣ ባንተ ላይና በኔ ላይም ቦታ አይኖረውም ዋዛ ፈዛዛ ተናጋሪዎች የሚናገሩት ቃል በኔም ሆነ ባንተ ተቀባይነት አይኖረውም።
855abb2a-488c-50fd-a262-68f3038cadf2,ea9073d7-ad07-5020-a53a-a9daf2c7449b,95ab9b49-29e7-51b7-a146-3edd524f91eb,37,37,ጴጥሮስ እንዲህ አለ ጌታዬ ሆይ ያዘዝከኝን ሁሉ እፈጽም ዘንድ ፈቃድህ ይሁን እኔ በማሕበር ገንዘብ ሁሉ በቤተክርስቲያን የተለያዩ ንዋያተ ቅድሳት በአገልግሎት ላይ በሚውሉ ንዋያት ሁሉ በጠረጴዛም ይሁን በመሳሰለው እደክማለሁ። በዲያቆናት። በመዘምራን በአንባቢያን በሕዝባውያን። በሴቶቹም በወንዶቹም አመራሬን አከናውናለሁ። ለሕፃናትና ለልጆችም እጠነቀቃለሁ።
094d2091-90ae-5f03-ad18-dfc074b402d0,ea9073d7-ad07-5020-a53a-a9daf2c7449b,95ab9b49-29e7-51b7-a146-3edd524f91eb,38,38,አንተ በሰማያዊቷ ኢየሩሳሌም ቅድስት ለደጋግና በየደረጃው ሥጦታ እንደምትሠጥ ለክፉዎች ደግሞ መለየትን ትሠጣለህ።
57962bb9-8f00-5f81-a296-2411c1c7b0a9,ea9073d7-ad07-5020-a53a-a9daf2c7449b,95ab9b49-29e7-51b7-a146-3edd524f91eb,39,39,የሚለዩትም የሓናኒያን መንገድ የተከተሉ ናቸው ሐናንያ ወይኑን ከፍሉ እየሽጠ ያጠራቀመውን ገንዘብ ግማሹን አመጣ በገንዘብም የመንፈስ ቅዱስን በረከትና ፀጋ ፈላጊ አበዳሪና የእግዚአብሔርን ፀጋ በገንዘብ ለመግዛት የሚችል መሰለው በዚሁም ከፊቴ ቆመ ቤተክርስቲያን ጠባቂነትንም ተመኘ በዚህም ነፍሱን አጠፋ ወደሲኦልም ወረደ ጎልማሶችም ቀበሩት
b9de0678-f6e0-5198-a423-4943f7f71314,ea9073d7-ad07-5020-a53a-a9daf2c7449b,95ab9b49-29e7-51b7-a146-3edd524f91eb,40,40,እኔም በሱ ላይ ተቆጣሁ የቤተክርስቲያን ጠባቂ የሆነው መልአክ የሱን ሁናቴ ሲመለከት ሓናንያ ነፍሱን እንዳጠፋ ባየጊዜ የሱን ነፍስ አጠፋ ።
a0004e74-7435-5413-aefd-aaf61ceacfad,ea9073d7-ad07-5020-a53a-a9daf2c7449b,95ab9b49-29e7-51b7-a146-3edd524f91eb,41,41,በመቀጠል የሐናንያ ሚስት ወደኔ መጣች ባልዋ ሓናንያም እንደሞተ ሰማች ከእግሬ ሥር ወድቃም ለመነችኝ እኔም ለምን አንቺና ባልሽ መንፈስ ቅዱስን አስቆጣችሁት አንቺም ከሱ ጋር ጠፍተሻል አልኳት ነፍሷንም መልአከ እግዚአብሔር እንድትጠፋ አደረገ ይህን ያደረገውም ከእግዚአብሔር ስለታዘዘ ነው።
57b23e0b-8c79-5fa1-a908-29624eedc262,ea9073d7-ad07-5020-a53a-a9daf2c7449b,95ab9b49-29e7-51b7-a146-3edd524f91eb,42,42,ልጄ ቀሌሚንጦስ ሆይ ቤተክርስቲያንን በሚደፍሩ ሰዎች ላይ ቸልተኝነትን አታሳይ ገሥፃቸው የምትበቀላቸውም አንተ አይደለህም ባንተ አማካይነት የእግዚአብሔር መልአክ ለቤተክርስቲያን ይበቀልላታል።
1ff21ee1-7059-5f07-a9f4-74b70f472a8a,ea9073d7-ad07-5020-a53a-a9daf2c7449b,95ab9b49-29e7-51b7-a146-3edd524f91eb,43,43,እግዚአብሔር የፈቀደውን ይፈፅማል አንተ ግን ቀድመህ ራስህን ገሥፅ ምግባርህንም አስተካክል ።
135597ff-f384-57b9-a4bc-59e1f5fc15bb,ea9073d7-ad07-5020-a53a-a9daf2c7449b,95ab9b49-29e7-51b7-a146-3edd524f91eb,44,44,ከዚህም አያይዘህ ያለፍርሐት ገሥፅ ስለእውነት እስከደምጠብታ ድረስ ተጣላ የደም ባለቤትስ ከእግዚአብሔር የተላከው ወልድ ነው እሱ በዕፀመስቀሉ ለባረካትና በደሙ ለዋጃት ቤተክርስቲያን ይቆማል።
09a95953-d65e-5fb5-a7ea-767396c5076b,ea9073d7-ad07-5020-a53a-a9daf2c7449b,95ab9b49-29e7-51b7-a146-3edd524f91eb,45,45,ቀድሞውም ለሙሴ የድንኳንን ሥራ ይሠራ ዘንድ አሳየው ድንኳንዋ ሰማያዊት ናት እግዚአብሔር ስለዚችው ያለውን ለሙሴ ገልፆ አጠናቀቀ ድንኳንዋን ሌዋውያን እንዴት ሊያገለግሉዋት እንደሚችሉም ሙሴ ህግ እንዲሠራላቸው ከእግዚአብሔር መመሪያ ተሠጠው።
fdf5cef9-150e-56ed-af00-70d29472ca25,ea9073d7-ad07-5020-a53a-a9daf2c7449b,95ab9b49-29e7-51b7-a146-3edd524f91eb,46,46,ሌዋውያን እንደሌሎቹ የእስራኤል ልጆች ባጠፉ ጊዜና ለጣዖትም በሰገዱ ጊዜ እግዚአብሔር ባንድ ጊዜ ሊያጠፋቸው ወደደ በዚህ ጊዜ ሙሴ ወደነሱ ወረደና ሁላችሁም ሠይፋችሁን አንሱና ባለሠይፍ የሆነው ሁሉ አጠገቡ ያለውን በያዘው ሠይፍ ይምታው ብሎ አዘዘ።
3e426e4c-36c7-5637-a264-8481b849f343,ea9073d7-ad07-5020-a53a-a9daf2c7449b,95ab9b49-29e7-51b7-a146-3edd524f91eb,47,47,ስለዚህ የድንኳን ሥርዓት ስላረከሱ እንደዚህ አዘዛቸው እቺን ድንኳን ራሱ እግዚአብሔር ከሰዎች ጋር እንዲገናኝባት አድርጎ ይሠራት ዘንድ አስቀድሞ ለሙሴ አዘዘው በሷ ላይም ተጨማሪ አሥር ትእዛዛት ሰጠው የመጀመሪያዋ ትእዛዝ እግዚአብሔር አምላክህን በህሊናህ ሁሉ በኃይልህ ሁሉና በልቦናህ ሁሉ ውደደው ትላለች።
c391ef79-bb13-5b80-a401-e530dde01cfb,ea9073d7-ad07-5020-a53a-a9daf2c7449b,95ab9b49-29e7-51b7-a146-3edd524f91eb,48,48,ባልንጀራህን እንደራስህ ውደድ የእግዚአብሔርን ሰንበት አክብር አትግደል አትሥረቅ ከወንድ ሚስት አትሂድ በሐሰት አትመስክር በእግዚአብሔር ስምም በሐሰት አትማል አታመንዝር የራስህ ያልሆነውን የሌላ ሰው ንብረት አትመኝ ሌላ ሰው ያፈራውን ንብረት ለመውሰድ አትመኝ ሌሎችም ይህን የመሰሉ ብዙ ትእዛዛት አዘዘው።
3bef55d3-3cca-5c0e-ad70-fb2efd892f09,ea9073d7-ad07-5020-a53a-a9daf2c7449b,95ab9b49-29e7-51b7-a146-3edd524f91eb,49,49,ይህን የተጻፈውን ትእዛዝ ያፈረሰ ሰው በሙሴ ህግ ይሞት ዘንድ ተወሰነበት ሲሞትም በድንጋይ ተወግሮ ነው ስለሰንበት ደግሞ የተለየ መመሪያ ነበር። በእለተሰንበት እንጨት ሲሰብር ሰው ቢገኝ ተይዞ ወደሙሴ ይወሰድ ነበር። ሙሴም ለሌሎች ይሠጠውና ሥርየትን ለማግኘት ይለምን ነበር።
352dd0b2-5bf7-555a-aa8f-80a8edeccfd1,ea9073d7-ad07-5020-a53a-a9daf2c7449b,95ab9b49-29e7-51b7-a146-3edd524f91eb,50,50,እግዚአብሔር ለሙሴ እንዲህ ሲል አናገረው አስቀድሞ የሌለውን በደል የተመለከተ ሰው ለምስክርነት ይጠራ ጥፋተኛው በድንጋይ ሲደበደብም ያ ምስክር ሰው አስቀድሞ በድንጋይ መውገሩን ይጀምር ከዚያ የቆመው ሁሉ ይውገረው ።
6af1301e-7356-5f88-a700-12217844d8e9,ea9073d7-ad07-5020-a53a-a9daf2c7449b,95ab9b49-29e7-51b7-a146-3edd524f91eb,51,51,ስለዚህ ተመልከት ይህን ሁሉ ያደረገው ስለድንኳኑ ክብር ብሎ ነው አንተም በቅድስተ ቅዱሳን ውስጥ የሚፈፀመውን ቅዱስ ሥራ ጠብቅ ጳውሎስም ለቆሮንጦስ ሰዎች በክርስቲያን መካከል ስህተትን የሚከተል ካለ እንዲወገድ አድርጉ አለ።
958af013-205e-5187-a958-cb8073fc2937,ea9073d7-ad07-5020-a53a-a9daf2c7449b,95ab9b49-29e7-51b7-a146-3edd524f91eb,52,52,ይህንን በመልእክትህ ላይ ጠብቅ ካንተ በኋላ ለሚሾሙ የእግዚአብሔር ዓይኖች ጳጳሳትም በመልእክት አስተላልፍ ይህን ትእዛዝ በንፁሕ ልቦና እንዲጠብቁትና እንዲያስተላልፉት እግዚአብሔር በነሱ ላይና በመንጋዎቻቸው እንዳይቆጣ ያደርጉ ዘንድ አዘዛቸው።
5d3e38af-7212-551b-ae01-2859d1b88474,ea9073d7-ad07-5020-a53a-a9daf2c7449b,95ab9b49-29e7-51b7-a146-3edd524f91eb,53,53,መንጋዎችን ለመጠበቅ የተሾሙትን ካህናት ያስጠነቅቁዋቸው ዘንድና ካህንነትና ሊቀካህናትነት ለሚሾሙ ይመነዋቸው ዘንድ ጥብዓትን ስጣቸው የነሱ ክህነት በሰማይና በምድር ኃላፊነትን ያስከትላልና።
79489fb5-b1bc-5653-a73d-79e38e9bf0e8,ea9073d7-ad07-5020-a53a-a9daf2c7449b,95ab9b49-29e7-51b7-a146-3edd524f91eb,54,54,የጌታ ቃል ለአፍ የሚጣፍጥ የሚጥም ነው። ይህን ጥዑም ቃል መላእክት ሰምተው ሥልጣነ በእጁ የሆነውንና በነገሥታትና በመኳንንት የበላይ የሆነውን የሐይል ሁሉም ኃይል የሆነውን አምላክ ሊያዩት ይወዳሉ በሱ ዘንድ አድልዎ የለም ፀሐይም በሰማይ ጠፈር ያበራ ዘንድ ያደረገ እሱ ነው።
fb782eed-5ea1-5086-a745-7455590a160b,ea9073d7-ad07-5020-a53a-a9daf2c7449b,95ab9b49-29e7-51b7-a146-3edd524f91eb,55,55,ጌታችን ዓለምን አበራው ፀሐይንም ወደመግቢያው ያስገባዋል የሱንም ብርሃን ለዓለም ያደርሳል ጌታችን ባረገ ጊዜ (ወደሰማያት) ወደሱ ሰበሰበንና የቅድስት ቤተክርስቲያንን ሥዕል እንድንሠራ አስተማረን አስተዋይነትን ሠጠን ብልሕነትንም አሳደረብን ይህንን ያደረገበት ምክንያት በኋላችን ለሚነሱ የኛ ተከታዮች በቅድስት ደብተራ ሥርዓትን ይጠብቁ ዘንድ እናስተምራቸው ዘንድ ነው።
0544ac53-cd9e-5ddf-a7fe-af91adb5b299,ea9073d7-ad07-5020-a53a-a9daf2c7449b,95ab9b49-29e7-51b7-a146-3edd524f91eb,56,56,ጌታችን እኔ ከናንተ ጋር እንደነበርኩ ታውቃላችሁ እናንተም ከኔጋር እንደነበራችሁ ታውቃላችሁ እኔ ካባቴ ጋር እንደነበርኩና እሱም እንደላከኝ እኔም እናንተን እልካችሁአለሁ የምልካችሁም ይህ እኔ የምመሰገንባትን ቤተክርስቲያን ህግንና ሥርዓትን ትጠብቁ ዘንድ ነው አለን።
62ccceff-38d7-52a7-a956-a895e584a31d,ea9073d7-ad07-5020-a53a-a9daf2c7449b,95ab9b49-29e7-51b7-a146-3edd524f91eb,57,57,እኔ ስለቤተክርስቲያን ተሰቀልኩ ምትኩም በጥንቃቄ የቤተክርስቲያንን ሥርዓት ጠብቁ እኔ አባቴ ጋርና ከመንፈስቅዱስ ጋር በሷ እመስገን ዘንድ ዓለም ሁሉ በስላሴ ነው የተፈጠረውና ዓለምና በዓለም ውስጥ ያለው ሁሉ በሥላሴ ተፈጥረዋል።
ac57ec6b-e034-5ac2-a513-4aec15fa27c3,ea9073d7-ad07-5020-a53a-a9daf2c7449b,95ab9b49-29e7-51b7-a146-3edd524f91eb,58,58,በዛን ጊዜ አሕዛብን በስመአብ ወወልድ ወመንፈስ ቅዱስ ስም በሉ ባንድ ስምም ሦስት አካላት እንዳሉ ያምኑ ዘንድ አስተምሩዋቸው እኔም ከምድር ወደሰማይ ከፍከፍ ባልኩ ጊዜና ወዳባቴ ባረግኩ ጊዜ እንደሙት ልጆች የተጣላችሁ እንዳትሆነ መንፈስ ቅዱስን እልክላችሁአለሁ።
836032e1-39e2-54b1-a1fe-cfb497aba8a5,ea9073d7-ad07-5020-a53a-a9daf2c7449b,95ab9b49-29e7-51b7-a146-3edd524f91eb,59,59,ከናንተ መካከል ሆኜ ያስተማርኩዋችሁን ሁሉ መንፈስቅዱስ እንድታስታውሱ ያደርጋቹኋል አባቴም ይወዳቹኋል እኔ እንደቀድመው ስለናንተ አብን አልለምነውም ነገርግን አባቴ ይወዳቹኋል የምትለምኑትንም ይሠጣችኋል እኔም ከናንተ አልርቅም ከቤተክርስቲያንም አልርቅም ደግሞም እስከዓለም መጨረሻ ድረስ ከናንተ ጋር እሆናለሁ አልለያችሁም።
d75a0398-25db-590d-a259-77faa91fef61,ea9073d7-ad07-5020-a53a-a9daf2c7449b,95ab9b49-29e7-51b7-a146-3edd524f91eb,60,60,አስተዋዮች እንድትሆኑና እንድትፀኑ አደርጋችሁአለሁ የኔም መልአክ ለቤተክርስቲያን እንዲቆም አደርግላቸው ዘንድ አንተም ለቤቴ ሹማምንት ንሥሐን ሳይፈልጉ ለተንኮል ወደነሱ ከሚመጡ ክፉዎች አሕዛብ እንዲጠነቀቁ ንገራቸው ድጋሚም ስለእኩያን አሕዛብ ብቻ አይደለም በግ ለምድ ለብሰው ከናንተ በኋላ ከሚመጡ የሐሰት ነቢያትም እንዲጠበቁ ንገራቸው።
817ab234-95f3-53f1-a17b-4296dd7b63a6,ea9073d7-ad07-5020-a53a-a9daf2c7449b,95ab9b49-29e7-51b7-a146-3edd524f91eb,61,61,ውስጣቸው ግን የሚነጥቁ ተኩላዎች ናቸው። ቃለ እግዚአብሔርን ይንቃሉ በተሳሳተ መንገድና ለነሱ እንደሚያመች በማድረግም ይተረጉሙታል በቃለ እግዚአብሔርም ላይ ይዋሻሉ። ሠይጣን አስቶአቸዋልና በማስመሰልም ወደጥፋት ይወስዳቸዋል።
7493a77f-d1c0-54b9-a95c-d3d2838ea9f5,ea9073d7-ad07-5020-a53a-a9daf2c7449b,95ab9b49-29e7-51b7-a146-3edd524f91eb,62,62,እናንተ ግን ሰላም አትበሉዋቸው በነሱ መንገድም አትጓዙ እነሱ ዲያብሎስን ይመስሉታልና የጥንቆላንም ሥራ ይሠራሉና ውስጣቸው በክህደት የተሞላ ነው።
1e7f8040-e5c7-5972-a8ad-4c5f8c28e349,ea9073d7-ad07-5020-a53a-a9daf2c7449b,95ab9b49-29e7-51b7-a146-3edd524f91eb,63,63,ከነሱ ራቁ የነሱን ተንኮል መንገድ አታውቁምና እነሱና እናንተ አንድ አይደላችሁም እነሱ የጨለማልጆች ናቸው እናንተ ደግሞ የብርሃን ልጆች ናችሁ እናንተ በደሜ ገንዘብ ያደረግሁዋት ቤተክርስቲያን ልጆች ናችሁ ሁሉን የሚገዛ እግዚአብሔር ይላል።
579eeaf4-7ce1-545d-aef4-e674482321b0,ea9073d7-ad07-5020-a53a-a9daf2c7449b,95ab9b49-29e7-51b7-a146-3edd524f91eb,64,64,መብራታቸውን አጠፋለሁ እነሱ የህግ ክፍያዎች ናቸውና በዚሁ ክፉሥራ ሴቶችና ወንዶች ይጠመዳሉ በዚሁ ክፋት ተጠምደው ጠንቋዮች ይሆናሉ እነሱ ወደቤተክርስቲያን አይግቡ እሷ የሰማይና የምድርጌታ ማደርያ ናትና። ሰማያዊው ንጉሥ በአራቱ ጠባይአት ሰውን ይመግባል ሁለቱ የሚዳሰሱ ሁለቱ የማይዳሰሱ ሦስቱ የሚታዩ አንዱ የማይታ ጠባዮች በሰው አሉ።
8da0cdb9-b429-5c50-a583-bcabc4a6b928,ea9073d7-ad07-5020-a53a-a9daf2c7449b,95ab9b49-29e7-51b7-a146-3edd524f91eb,65,65,በዚሁ ጠባይእ ሁሉን ይመግባል ነፍስ ያለው ሁሉና ሥጋ ያለው ሁሉ በሱ ይመገባል ውሃን በደመና ይቋጥረዋል ጉምን እንደአመድ ይበትነዋል በረድን በተበታተነ ቅርዕ ያወርደዋል አሣነባሪውን አፉን ይዘጋዋል ቀማኛውን ያሥረዋል በትሕትና ሕይወቱን የሚመራውን ይፈታዋል ነዳዩን ከፍ ያደርገዋል ምስኪኑንም ከመሬት ያነሳዋል።
2c9fafdd-b935-5fcf-a037-9dc093c30ee4,ea9073d7-ad07-5020-a53a-a9daf2c7449b,95ab9b49-29e7-51b7-a146-3edd524f91eb,66,66,ወላድን ደስ ያሰኛታል ለምድርም ክረምትን ያዘጋጃል ቤተክርስቲያንን አስቀድሞ በነቢያት ከዚያ ቀጥሎ በሐዋርያት መሠረታት ከሐዋርያት ቀጥሎ ደግሞ ለሊቃውንትና ለጳጳሳት በአደራነት አስረከባት።
9d0e8f67-050b-55f3-a0df-cbcf399de114,ea9073d7-ad07-5020-a53a-a9daf2c7449b,95ab9b49-29e7-51b7-a146-3edd524f91eb,67,67,በመቀጠል ለመዘምራን ለካህናትና ለጻድቃን አስረከባት እንዲሁም ለአንባብያን ለወንዶችም ለሴቶችም አስረከባት የቤተክርስቲያን ፍሬ እንደዘንባባ ፍሬ ነው ቤተክርስቲያን አንዲት ስትሆን ብዙ ቅርንጫፎች አሏት።
9bcd0d18-067d-5c7f-a3a9-302f6ee22c33,ea9073d7-ad07-5020-a53a-a9daf2c7449b,95ab9b49-29e7-51b7-a146-3edd524f91eb,68,68,እንዲሁም እነደሮማን ቅራፊ ናት የሮማን ዛፍ ፍሬ እንዴት ሁና (ባንጂ) የሮማን ፍሬ ብዙ ዘሮች አሉ ብዙ አካሎችም አሉ ነገርግን ባንዲት ፍሬ ተጠቃለው ይታያሉ በፍሬዋ ውስጥ እንደጠወለገ ኖት ያለ ፍሬ አይታይም የሮማን ፍሬ ጌታችን እንደረገማት ዕፀበለስም ሆና አትታይም።
fd1288b2-4953-5ecd-a0fe-9c74f501c9e2,ea9073d7-ad07-5020-a53a-a9daf2c7449b,95ab9b49-29e7-51b7-a146-3edd524f91eb,69,69,ከነዚህ መሰሎች ሰዎች ተጠበቁ ሃይማኖታችሁ እንዳይጣመም 149 ተጠንቀቁ ሃማኖት አለን እያሉ በኮከብ በመርፌ ወይም በጦር በእህል በድንጋይ በአውሬ ድምፅ በወፍ በዘፈን እና በሌሎችም የሚያመልኩ ሁሉ እናንተን እንዳያሳስታችሁ ተጠንቀቁ።
f95aa39e-ba42-510e-a81e-1b25dda0e8a6,ea9073d7-ad07-5020-a53a-a9daf2c7449b,95ab9b49-29e7-51b7-a146-3edd524f91eb,70,70,ሰዎች (ወንዶችም ሆኑ ሴቶች) ሐዘንም ይሁን ሌላ የሚያበሳጭ ነገር ሲገጥማቸው ፊታቸውን በብረት የሚተረትሩ ጢማቸውን የሚላጩ ሴቶች ሁነው በአካላቸው ላይ ጥፋት የሚፈፅሙ በድንጋይ ወይም በእንጨት በሰውነታቸው ላይ ጉዳት የሚያደርሱ አሉ።
8a8e8630-b7d9-587c-a62d-3ba2f2fbad82,ea9073d7-ad07-5020-a53a-a9daf2c7449b,95ab9b49-29e7-51b7-a146-3edd524f91eb,71,71,እንዲህ ያሉ ሰዎች ከእግዚአብሔር ጋር የሚጣሉ ይመስላሉ። የደረሰባቸውንም ፈተና በአኮ ቴት አይቀበሉትም እንዲህ ያሉ ሰዎች የወረሱትን መጥፎ ባህል እንዲተው ይነገራቸው የሚሠጣቸውን ምክር ለመቀበል ፈቃደኞች ካልሆኑ ግን ከቤተክርስቲያን ይለዩ ።
f89b72f3-6484-574d-a0ae-ca2a27727037,ea9073d7-ad07-5020-a53a-a9daf2c7449b,95ab9b49-29e7-51b7-a146-3edd524f91eb,72,72,ልጆችን ዘፈን የሚያስተምር ካለ ፈረስን የሚጋልብ ካለ በመዓስብነት የሚኖር ካለ ሕልምን በመተርጎም የሚኖር ካለ ማደርያው ጨዋታ ብቻ ያደረገ ካለ እነዚህ ሁሉ ወደቤተክርስቲያን ሲመጡ ይህን ሁሉ የቀድሞልማዳቸው መተው አለባቸው የቀድሞው ልማዳቸውን ለመተው ፈቃደኞች የሆኑትን ሁሉ ተቀበሉዋቸው ፀሐይን በማምለክና የሥራይን ሥራ የሚሠራ ግን ይወገድ።
73304e9e-6274-54c9-acf2-6391b56b8251,ea9073d7-ad07-5020-a53a-a9daf2c7449b,95ab9b49-29e7-51b7-a146-3edd524f91eb,73,73,ለጨረቃና ለሰማያት ኃይላት ለተራሮችና ለሌሎችም ፍጡራን የሚሰግድና ለእግዚአብሔር መስገዱንም የተወ ቢኖር እንስሳትን እያረደ ለፍጡራን ተራሮች መስዋዕት የሚያቀርብ ሁሉ ከቤተክርስቲያን ይወገድ።
7cd65a6d-5521-5427-af81-a63c3d453d14,ea9073d7-ad07-5020-a53a-a9daf2c7449b,95ab9b49-29e7-51b7-a146-3edd524f91eb,74,74,የካህናትን ምክር ሰምቶ ንሥሐ ከገባ ያለፈውንም ሥሕተቱ አስታውሶ ከተፀፀተ በፈፀመው ስሕተት መጠን ቅጣቱን ሥጡት ይህንን ለማገናዘብ አእምሮ አላችሁና ሴት ሁለት ወንድማማችን ብታገባ ከቤተክርስቲያን ትባረር ወንድም እንዲሁ ሁለት እታማማቾችን ቢያገባ ይሰደድ ባባትና እናታቸው ላይ ስድብን አመንጭቷልና ።
c9a12f16-e724-514f-ac6a-11e02c54db0f,ea9073d7-ad07-5020-a53a-a9daf2c7449b,95ab9b49-29e7-51b7-a146-3edd524f91eb,75,75,ወንድም ይሁን ሴት ይህን የመሰለ የተሳሳተ ጋብቻ ትተው ከተመለሱ ደግሞ ይህን የመሰለ ስህተት እንዳይፈፅሙ በመምከር ወደ ቤተክርስቲያን አስገቡዋቸው። የተስተካከለ ክርስቲያናዊ ጋብቻም እንዲኖራቸው አድርጉ።
86258144-ef3f-5ebe-a8e9-f9f705605aeb,ea9073d7-ad07-5020-a53a-a9daf2c7449b,95ab9b49-29e7-51b7-a146-3edd524f91eb,76,76,ለደናግልም የወደፊቱ ጋብቻቸው ይዞታ የተቃና እንዲሆን እስከዚያውም ድንግልናቸውን በጥንቃቄ ይጠብቁ ዘንድ ምከሩዋቸው ድንግልናቸውን እንደዓይን ብሌን ይጠብቁት በዚህመሠረት አባት ልጁን ይገስፅ እናትም ሴት ልጇን ከመምከር አትቦዝን በአመንዝራነት መንገድ ጋብቻ አይፈፀም እኛ በሠጠናችሁ ህግ መሠረት ይፈፀም እንጂ።
73b492b1-6d80-50a6-a8cb-f2aaceb07972,ea9073d7-ad07-5020-a53a-a9daf2c7449b,95ab9b49-29e7-51b7-a146-3edd524f91eb,77,77,ድንግልናቸውን ጠብቀው ለመኖር የወሰኑትን ሁሉ ከእግዚአብሔር ፊት አቁሙአቸው ለሰማያዊው መሹራም የታጩ እንዲሆኑ አድርጎ እነሱ ራሳቸውን በድንግልናዊ ሕይወት ለመምራት ይችሉ ዘንድ በዚሁመንገድ ሕይወታቸውን ለመምራት ካልቻሉ ግን በቤተክርስቲያን ህግ መሠረት ይጋቡ ንፅሕናን የተላበሰ ጋብቻ የተባረከነውና።
4a2e0d15-fbca-5d06-a2ec-86be98adef29,ea9073d7-ad07-5020-a53a-a9daf2c7449b,95ab9b49-29e7-51b7-a146-3edd524f91eb,78,78,እግዚአብሔር አባታችን አዳምን በአርአያውና በምሳሌው ፈጠረው አንዲት ሚስትንም ሠጠው እሷም ሔዋን ናት እግዚአብሔር ባረካቸው ብዙ ተባዙም አላቸው በዚህ መሠረት እግዚአብሔር የሰው ልጅ በክርስቲያናዊ ሕይወት እንዲኖር አዝዞታል።
fd148ed0-e79d-5232-a352-d2c1d4730147,ea9073d7-ad07-5020-a53a-a9daf2c7449b,95ab9b49-29e7-51b7-a146-3edd524f91eb,79,79,ከብዙ ሴቶች ጋር ለሚኖሩ ግን ከሕግ የወጡ ናቸውና ከኢየሱስ ክርስቶስ መንጋዎች ጋር አይቆጠሩም ድርጊታቸውን ትተውና ተፀፅተው ከተመለሱ ግን ከምዕመናን ጋር ይቆጠራሉ ከመጥፎድርጊታቸው ካልተመለሱ ግን ከቤተክርስቲያን ይለዩ።
dc6d4a5b-37e3-5618-a57d-368904d5ff88,ea9073d7-ad07-5020-a53a-a9daf2c7449b,95ab9b49-29e7-51b7-a146-3edd524f91eb,80,80,ቤተክርስቲያን በዚሁ መንገድ ሥርዓት አስቀመጡላት ሁልጊዜ እግዚአብሔር ያድርባት ዘንድ ለዚሁም ምሳሌ ልስጣችሁ ምሳሌው አንድ ኃብታም ሰው የሠራውቤት ይሆናል አንድ ሰው የምታምር አዳራሽ ሠራ ሰባት ምሰሶዎች ነበሩዋት።
a89b94aa-799c-5353-a02f-6ac2a084c929,ea9073d7-ad07-5020-a53a-a9daf2c7449b,95ab9b49-29e7-51b7-a146-3edd524f91eb,81,81,ሰባተኛው ምሰሶ ከማሕል ተተክሎ ሁሉንም ተሸክሟል በጣምም ያምራል መቆለፊያውም በሚገባ ተዘጋጅቷል ለዚሁ መልካም አዳራሹ ስባት አማካሪዎችን ኣስቀመጠ ሰባተኛ» አማካሪ ሁሉንም ይመራል። ሁለት ሰላዮችንም መደበ እነዚህ ሁለት ሰላዮች መልካሙንና ክፉውን አንድ ባንድ ይቆጣጠራሉ።
04d0353c-711a-5b1f-af1b-c9d2e64dd71c,ea9073d7-ad07-5020-a53a-a9daf2c7449b,95ab9b49-29e7-51b7-a146-3edd524f91eb,82,82,ከነዚህ ሁለት ሰዎች በታች ሁለት ተሸካሚዎችን መደበ ሁለቱ ማንኛውንም ሁሉ ይሸከማሉ ከዚያ አሥር ሰዎችን ሾመ እዩህ ሁሉ ወደፈለገው ሁሉ የሚታዘዙ ናቸው ወደፈለገም ያዛቸዋል።
3b28a388-b62e-5dc5-a714-6c4402eb555f,ea9073d7-ad07-5020-a53a-a9daf2c7449b,95ab9b49-29e7-51b7-a146-3edd524f91eb,83,83,ለዚሁም ትርጓሜው እግዚአብሔር በይሁዳ ታወቀ በእስራኤል ዘንድም ስሙ ከፍ አለ ባገሩም በሰላም ኖረ ማደርያውንም በዕየን አደረገ በዚህም የጦርን ሐይል ስበረ ስልፈኛንና ጋሻንም አሰፋ ማለት ይሆናል።
a4581542-f93b-5d50-a400-93fd809d30bb,ea9073d7-ad07-5020-a53a-a9daf2c7449b,95ab9b49-29e7-51b7-a146-3edd524f91eb,84,84,የቤተክርስቲያን ልጆች መሠረት ይፀና ዘንድ አንተ ይህንን ሥርዓት ትሠራለህ መሠረታቸውም ሲፀና እግዚአብሔር በነሱ ላይ ያድራል ካባቱ ጋርና ከመንፈስቅዱስ ጋርም የሱ ማደርያ ያደርጋቸዋል።
fc71d20a-8f14-5e0c-afeb-dc0ff277099e,ea9073d7-ad07-5020-a53a-a9daf2c7449b,95ab9b49-29e7-51b7-a146-3edd524f91eb,85,85,ደግሞ ሐጢአተኞችን ንሥሐ ችላ እንዳይሉ የቤተክርስቲያንን ሹማምንት ንገራቸው ጌታችን ኢየሱስክርስቶስ በአሕዛብ ላይ ሸክምን አታክብዱ የማይችሉትንም ሸክም አታሽክሙአቸው ብሏል እናንተስ ይህንን እንዳትፈፅሙ አስተዋይ አእምሮ ሥርዓትም አላችሁ። አንድላይ ተሰብስበን በሠጠናችሁ ቤተክርስቲያንን ምሩአት ግን ተኣአዩ ።
92cb9110-f9fc-5711-a1f4-208770f9a77e,ea9073d7-ad07-5020-a53a-a9daf2c7449b,95ab9b49-29e7-51b7-a146-3edd524f91eb,86,86,ጌታችን ራሱ በመንፈስ አስቀድሞ ልባሞችና አዋቂዎች እንሆን 153 ዘንድ አዞናል አስተዋይነታችን ከመጋረጃ ውስጥ ካለው ቅድስና ቦታ ይሆን ዘንድ በናንተ ላይም ክፉ አይገኝ ክፉ ነገር ከእግዚአብሔር እንድትርቁ ያደርጋል።
cb4aa264-a9b8-5706-affb-f7485bbbd5fb,ea9073d7-ad07-5020-a53a-a9daf2c7449b,95ab9b49-29e7-51b7-a146-3edd524f91eb,87,87,ከዚህም ሌላ እንደገና ተሰብሰቡ አሕዛብን ታሥተምሩአቸው ዘንድ እግዚአብሔር ደስ ይለው ዘንድ በናንተ ላይ ነውር አይገኝ በዚያች ከፊቱ በምንቆምባት እለት አሕዛብ ሊሠሩት የሚገባቸውን እንድናስተምራቸው አዘኸናል እኛም ያዘዝከንን አስተምረናቸዋል ብለን ለመመለስ እንችል ዘንድ።
fbc52bae-7633-59d7-a93a-6d5791546bb3,ea9073d7-ad07-5020-a53a-a9daf2c7449b,95ab9b49-29e7-51b7-a146-3edd524f91eb,88,88,አቤቱ ከተረገሙትና ከትእዛዝህ ከራቁ ጋር አትስደደን ትእዛዝህን ከሚጠብቁ መንጋዎችህ ጋር ቁጠረን እንጂ ከምሕረትህም የራቅን አታድርገን ስትሉተ አስተምራችሁ በጸጋ ከወላጆቻችሁ ጋር ይደሰትባችኋል። ከፃድቃንና ከደጋግ ሰዎች ጋርም አዲስ ምድርን ትወርሳላችሁ።
10ec3ee3-b60b-560a-a284-1246b61542da,ea9073d7-ad07-5020-a53a-a9daf2c7449b,95ab9b49-29e7-51b7-a146-3edd524f91eb,89,89,ከምታስተምሩዋቸው አሕዛብ መካከል የሚፈፅሙትን በደል ብታዩ አትለፉዋቸው ገሥፁዋቸው እንጂ ይህን ካላደረጋችሁ እግዚአብሔር ይወቅሳቹኋል ባያችሁትና በሰማችሁት ሁሉ በቅንነት ካስተማራችሁ እግዚአብሔር አስቀድማችሁ ያላያችሁትን የተደበቀ ኀብት ይሠጣቹኋል ።
ba75b182-10da-52df-ac85-267d910814a8,ea9073d7-ad07-5020-a53a-a9daf2c7449b,95ab9b49-29e7-51b7-a146-3edd524f91eb,90,90,ስለዚህ ቅድስት ቤተክርስቲያን አምራ ትታያለች እናንተም እረኞች በቃል ትሰበስባላችሁ ክፋታችሁና ደግነታችሁ ያንጊዜ ይታያል ደጉ ሕመምና ምንዳቤ ከሌለበት የብርሃን ማደርያ ሥቃይ ካለበት በዚህ ቀን አደባባይ ምዕአቱ በአሥራ ሁለት ይሆናል።
2ae49d98-54e6-50d3-acdb-c5f8acc13441,ea9073d7-ad07-5020-a53a-a9daf2c7449b,95ab9b49-29e7-51b7-a146-3edd524f91eb,91,91,ክፉ ቀም የርዕ ማፏጨትና ሥቃይ ካለበት በዚህ ቀን ያልፋል የማይባል ሐዘንና መከራ ልቅሶና ዋይታ ካለበት የጨለማ ቦታ በኵነኔና በእሳት እየተቃጠለ ይኖራል።
5d1463fd-010e-51a8-a1c3-ade83a397789,ea9073d7-ad07-5020-a53a-a9daf2c7449b,95ab9b49-29e7-51b7-a146-3edd524f91eb,92,92,ይቺን ቃሌን ጠብቋት እቺንም ሥርዓቴን ጠብቁዋት ይህንን ካደረጋችሁ በአምላካችሁ አደባባይ ትደሰታላችሁ ብስቀመጣችኋቸው ላይ ያንጊዜ አለቆች ትሆናላችሁ። ይህንንም ጌታችን አሥረድቶናል ። በዳግም ምፅአቱ በአሥራ ሁለት መናብርት ላይ ተተምጠን በአሥራ ሁለቱ ነገደ እሥራኤል ላይ ለመፍረድ እንደምንችል ገልፆልናል።
db8ef05f-3119-54c6-a340-dd6b653b1216,ea9073d7-ad07-5020-a53a-a9daf2c7449b,95ab9b49-29e7-51b7-a146-3edd524f91eb,93,93,በቃላችን ካመናችሁ በመልካምም ህግ ከተመራችሁ ይሆናል ቃላችንን ሰምተው እማያምነ ግን ምስጋናንንም ለማይቀበሉ ዚለዓለማዊ ደይን ይጠብቃቸዋል።
f60dc94b-b3b2-52df-a70b-1fcfaa23effb,ea9073d7-ad07-5020-a53a-a9daf2c7449b,95ab9b49-29e7-51b7-a146-3edd524f91eb,94,94,እናንተ ዚህልም አስተምራችሁ ለመንግሥተሰማያት ካዘጋቹኋቸው ለነሱ ዓለቆች ትሆናላችሁ በመንግሥተ ሰማያትም ከነሱ ጋር ደትደስታላችሁ ነገርግን በትክክል ላታስተምሩዋቸው በመቅረታቸው ለኩነኔ ቢዳረጉ እናንተና እነሱ አብራችሁ ገሐነመእሳት ትገባላችሁ።
19550c76-48ae-5768-a4cc-096b7c5416ce,ea9073d7-ad07-5020-a53a-a9daf2c7449b,95ab9b49-29e7-51b7-a146-3edd524f91eb,95,95,እናተ ችልተኞች ከሆናችሁ አካሄዳችሁም ካላሳመራችሁ በእግዚአብሔር የተጠራችሁበትንም ጥሪ ካላከበራችሁ ፍዳ ይጠብቃቹኋል እኔ ቀሌሚንጦስ እነግራችሁአለሁ ጥቡአን ሁኑ። ስለዚህ ሐጢአተኞችን ልትገሥፁዋቸው ትችላላችሁ አታላዮችንም ከተንኮላቸው ልትመልሱዋቸው ትችላላችሁ ስለነሱም የሰማይንና የምድርን ምሥክርነት ጠይቁ።
d8819888-e71d-59fd-a744-7158ae90b550,ea9073d7-ad07-5020-a53a-a9daf2c7449b,95ab9b49-29e7-51b7-a146-3edd524f91eb,96,96,ነቢይ ስለዚህ ሰማይ ስሚ ልንገርሽ ምድርም አድምጪ (የአፌን ቃል ስሚ) እንደገና ከዚሁ መዝሙር በመቀጠል ይህ ሕዝብ ሰነፍ ነው ብልህ አይደለም ይህ አልነበረም የፈጠረህ ፈጥሮም ሕይወትን ሠጠህ እንደገና በዚሁ መዝሙር ቀጥሎ እንዲህ አለ ያዕቆብ በልቶ ጠገበ ሰባ ደነደነም ወድያውም ተራበ እግዚአብሔርንም ፈጣሪው ተወው ሕይወቱም ከእግዚአብሔር ራቀ።
15ddda64-6670-5750-a90c-af9a4baa7309,ea9073d7-ad07-5020-a53a-a9daf2c7449b,95ab9b49-29e7-51b7-a146-3edd524f91eb,97,97,እንደዚሁ እናንተም እረኞች ከበታቾቻችሁ ያሉትን ሕዝቦች ገሥፁዋቸው የተቀደሰችውንም ሥርዓት አስተምሩዋቸው።
47c73973-55a6-5928-a85e-a8880f080e72,ea9073d7-ad07-5020-a53a-a9daf2c7449b,95ab9b49-29e7-51b7-a146-3edd524f91eb,98,98,ይህን ሥርዓት የመንፈስቅዱስን ፀጋ ትቀበሉ ዘንድ በታላቋና በተቀደሰቿ ዕለት የተቀበላችሁት ነው ከሁሉ በፊት ከሁሉ አስቀድማችሁ የዚያችን ሃይማኖት ጠብቁ በመቀጠልም ሕዝብ እሷን ይጠብቁ ዘንድ አስተምሩዋቸው።
d8b2405d-1cc0-5451-a70d-bb35962888c9,ea9073d7-ad07-5020-a53a-a9daf2c7449b,95ab9b49-29e7-51b7-a146-3edd524f91eb,99,99,መንፈሳዊ ማዕድን ለማቅረብ የሚወድና ነገርግን ከሷ የማይቀምስ ሁሉ ውሸታም ነው።
e1400aab-dc27-5f6b-ad4f-7c9ce875d917,ea9073d7-ad07-5020-a53a-a9daf2c7449b,95ab9b49-29e7-51b7-a146-3edd524f91eb,100,100,የምትናገሩትን ለመሥራት ዝግጁዎች ሁኑ ይህ ካልሆነ ግን የምትናገሩትን የሚያዳምጥ የለም ሌሎች የሚናገሩትን ራሳቸው በሠሩት ነሮ እኛም በሠራነው ነበር። ትምህርታቸውንም በተቀበልነው ነበር ይላሉ።
1b6a2f4c-f76f-5453-a9ca-17c0e7bd792f,ea9073d7-ad07-5020-a53a-a9daf2c7449b,95ab9b49-29e7-51b7-a146-3edd524f91eb,101,101,ነገርግን የሚያስተምሩንን ራሳቸው አይሠሩትም እንዴት እንሰማቸዋለን ትዕዛዛቸውንስ እንዴት እንፈፅማለን ይልቁንስ በነሱ አካሄድ እንሄዳለን ይላሉ የቤተክርስቲያን አለቆች ሆይ የእግዚአብሔርን ትእዛዝ ጠብቁ በፍርድ ጊዜም የሰውን ፊት አይታችሁ አታዳሉ ።
388a8759-9167-58a5-aeab-668ce49ae749,ea9073d7-ad07-5020-a53a-a9daf2c7449b,95ab9b49-29e7-51b7-a146-3edd524f91eb,102,102,ከንፁሕ ሰው ላይ መማለጃ አትያዙ ይህ ድርጊት ከበደል ሁሉ የከፋ ነው የልቡናን ዓይኖች ያሳውራልና ጥበብንም ያጨልማልና ባለፀጋን በባለፀግነቱ ብቻ የበላይነትን አትሥጡት የሙትልጆችንም ችላ አትበሉ ።
297ea999-a452-5ee9-a72c-d229f55254ce,ea9073d7-ad07-5020-a53a-a9daf2c7449b,95ab9b49-29e7-51b7-a146-3edd524f91eb,103,103,እግዚአብሔር ለነዳይ አባቱ ነው ረዳት የሌለውንም ይረዳዋል። ቃሌን ከሚረሱ ላይ ፊቴን እመልሳለሁ እነሱንም ሥራቸውን ነቅየ ከምድር አጠፋቸዋለሁ በቃሌ ላይ የሚገዳደሩትን እንዳልነበሩ አደርጋቸዋለሁ።
bd7d4dde-8646-52dd-aeba-ccb0078e4877,ea9073d7-ad07-5020-a53a-a9daf2c7449b,95ab9b49-29e7-51b7-a146-3edd524f91eb,104,104,የእምነትን ቃል ማስተማር የሚያዘወትሩ ሁሉ የቤተክርስቲያን አለቆች ይሆናሉ። እነዚህ አሕዛብን የኔን መንገድ ያሳዩአቸዋል የኔን ትምህርት የሆነውን በማስተማር የተመሠረተ መልካም ሽልማትም ቤተክርስቲያንን ያሸበርቁዋታል።
62e2fc61-229a-52e0-aa39-229c5f341469,ea9073d7-ad07-5020-a53a-a9daf2c7449b,95ab9b49-29e7-51b7-a146-3edd524f91eb,105,105,ያገሩ ሰዎች በረሐብ ተይዘው እያለ በልብስ እርዛትም ሆነ በውሃ ጥማት እየተቸገሩ እያለ የተለያየ ጣዕም ያላቸውን መባለዕት እያቀያየረ የሚመገብ ኤጴስቆጶስ ኤጴስቆጶስ ተብሉ ሊጠራ አይገባውም ይህ ዓይነቱ ኤጴስቆጶስ ከእግዚአብሔር ዘንድ ፍዳ ይጠብቀዋል ኃላፊነቱን በፍፁም ሊወጣ አልቻለምና።
9b3f0e08-ba6a-55f3-a5b4-be0a59b259c9,ea9073d7-ad07-5020-a53a-a9daf2c7449b,95ab9b49-29e7-51b7-a146-3edd524f91eb,106,106,ያገር ሰዎች ግማሻቸው ሲበሉ ምን ጊዜም ከመካከላቸው ጦምአደሮች አሉ። ግማሻቸው ሊለብሱ በልብስ እጦት የሚራቆቱም ይኖራሉ ረኃብተኞች እግዚአብሔርን የሚያምኑ ከሆነ ለቤተክርስቲያን ደጋግ መሪዎች ያዘጋጀውን (እግዚአብሔር) ምግብ ይመገባሉ።
94089ef7-467d-563f-a704-b44279a323ed,ea9073d7-ad07-5020-a53a-a9daf2c7449b,95ab9b49-29e7-51b7-a146-3edd524f91eb,107,107,የእግዚአብሔርን ትእዛዝና የቤተክርስቲያንን ሥርዓት ያልጠበቁና ተልእኮአቸውንም ያልተወጡ ሁሉ በንዝህላልነታቸው ምክንያት ወልድ በግርማመንግሥቱ ሲመጣ እናንተ የዓመፅ ልጆች ከኔ ራቁ ተብለው ዳግም ሞትን ይሞታሉ።
c41071d8-d8f8-5f4d-a65f-173044c91314,ea9073d7-ad07-5020-a53a-a9daf2c7449b,95ab9b49-29e7-51b7-a146-3edd524f91eb,108,108,በነዳያንና በምስኪን ወንድሞቻችሁ ላይ መልካም ሥራን ስላልሠራችሁ አላውቃችሁም በደሜ ገንዘብ ያደረግሁዋትን ቤተክርስቲያንን በቅንነት ለሚያገለግሉ ቃል የገባሁላቸውንም በረከት ለናንተ አልሠጥም ይላል እግዚአብሔር።
0e3a3b35-053a-5aa9-ac7f-ff64de37932c,ea9073d7-ad07-5020-a53a-a9daf2c7449b,95ab9b49-29e7-51b7-a146-3edd524f91eb,109,109,ራሱን ከፍ ያደረገ ይዋረዳል ራሱን ዝቅ ያደረገ ደግሞ ይከብራል አንተ ባልእንጀራህን የምትንቅ ጥፋ ራስህን ከፍ የምታደርግ ፈሪሳዊና መፀብሐዊ ሊፀልዩ ቤተመቅደስ እንደገቡ አታውቅምን ፈሪሳዊው በትዕቢት ሥለጸለየ ጸሎቱን እግዚአብሔር አልተቀበለም ።
4554afb1-c68e-58c7-a08b-4d0155f820e2,ea9073d7-ad07-5020-a53a-a9daf2c7449b,95ab9b49-29e7-51b7-a146-3edd524f91eb,110,110,መፀብሐዊው ግን ቤተመቅደስ እንኳ ለመግባት አልደፈረም ከሕሊናው በጥልቅ እየተጸጸተ በከባድ ሰቆቃ ተይዞ ወደሰማይ ዓይኖቹን ከፍ በማድረግ ለመጸለይ አይገባኝም በደሌና አበሳየ እጅግ ከመብዛቱ የተነሳ ረክሼአለሁና አለ እንጂ እሱም ከመጸጸቱ የተነሳ ጸደቀ ።
59e2d194-404f-57c7-a7cd-eeca7a429051,ea9073d7-ad07-5020-a53a-a9daf2c7449b,95ab9b49-29e7-51b7-a146-3edd524f91eb,111,111,ዳግመኛስ በወንጌል በዓይንህ ምሰሶ እያለ በጓደኛህ ያለውን ጉድፍ ለምን ታያለህ በዓይንህ ያለውን ምሰሶ ለምን አትመለከትም ባልንጀራህን ከዓይንህ ውስጥ ጉድፍ አለና አውጣ ለምን ትለዋለህ አስቀድመህ በዓይንህ ያለውን ምሰሶ አውጣ ከዚያ በኋላ ባልንጀራህን በዓይንህ ጉድፍ አለና አውጣው ትለዋለህ እግዚአብሔር ራስህን ከፍ ማድረግና ባልንጀራህን ዝቅ ማድረግ ከልክሏል።
5fcb68fa-5f9c-5654-ae5a-5d56658fe24c,ea9073d7-ad07-5020-a53a-a9daf2c7449b,95ab9b49-29e7-51b7-a146-3edd524f91eb,112,112,ባለንጀራችሁን ለመናቅ የሚያነሳሳ ነገርን አትፈልጉ ልቡናችሁም በትዕቢት አይሞላ ትዕቢት ካለበት አካሄድ ከዚህ ውርደት አለ አይሆንም በቤተክርስቲያን አገልጋዮች ላይ ውርደትን አታምጡባቸው ቤተክርስቲያን ማለት እግዚአብሔር በሥርዓት ሁሉ አስተካክሎ የመሠረታት ናት ስለዚህ ሁላችን አብረን በነበርን ጊዜ አምላካችን እግዚአብሔር እንዳዘዘን ሊያደርጉላችሁ የምትፈልጉትን እናንተም አድርጉላቸው ።
1dc063e5-92c2-50c8-a7dc-c3dbb87629f6,ea9073d7-ad07-5020-a53a-a9daf2c7449b,95ab9b49-29e7-51b7-a146-3edd524f91eb,113,113,እግዚአብሔር ለእስራኤል ልጆች ከባእድ ሰው እሳትን አታምጡ እንዲህ ካደረጋችሁ ትሞታላችሁ ብሉ በሙሴ በኩል እንዳዘዛቸው ታውቃላችሁ ስለዚህ እናንተም በቤተክርስቲያን ላይ ክርክርን አታንሱ ።
f1a50650-0d72-5feb-a786-cd7694698ea7,ea9073d7-ad07-5020-a53a-a9daf2c7449b,95ab9b49-29e7-51b7-a146-3edd524f91eb,114,114,እስራኤላውያን የእግዚአብሔርን ትእዛዝ ተላልፈው ከባእድ እሳትን ስላመጡ ሙተዋል በዚህም አካሄድ በዕብደታቸው እንደ ዳታንና እንደ አቢሮን በመምህሮቻቸው ላይ የድፍረትን አካሄድ ከተከተሉ እንደነሱ ምድር አፏን ከፍታ ልትውጣቸው ትችላለች ከቅድስት ጥምቀት ተወልደው የቤተክርስቲያን ልጆች ሳይሆኑ በድፍረት አይግቡ።
1e3e76e3-e39f-5120-afd7-5e3dd6e6563e,ea9073d7-ad07-5020-a53a-a9daf2c7449b,95ab9b49-29e7-51b7-a146-3edd524f91eb,115,115,እናንተም ከተጠመቃችሁ በኋላ ተልእኳችሁን በትክክል ካልተወጣችሁ እስከዘለዓለሙ መውጫ ወደሌለው ነደ እሳት ኩነኔ ትገባላችሁ።
fc395462-0fe8-51ba-a48a-9341d689a25f,ea9073d7-ad07-5020-a53a-a9daf2c7449b,95ab9b49-29e7-51b7-a146-3edd524f91eb,116,116,ልጄ ቀሌሚንጦስ ሆይ አንተም ለብዙዎች አርአያ ትሆን ዘንድ ይገባል መልካምን ስራ ራስህ እየሠራህ ለሌሎች አሳያቸው እነሱ ያንተን መልካም ሥራን መሥራት እየተከተሉ ትምህርት ያግኙ ደካሞችንም ደግፋቸው።
d6c1b2c4-cc6c-5b52-a373-a75ce948fdcc,ea9073d7-ad07-5020-a53a-a9daf2c7449b,95ab9b49-29e7-51b7-a146-3edd524f91eb,117,117,የወደቁትን አንሳቸው የተገፉትንም አድናቸው በደላቸውንና ክፋታቸውንም ይቅር በል ለደጋግ ሰዎች አርአያ ሁናቸው ክፉዎችን ደግሞ ገሥፃቸው ከክፉ ተግባራቸው ይርቁ ዘንድ በፍርድ ጊዜም በደል እንዳይፈዕመ ንገራቸው በቤተክርስቲያን ቀኖና ሠርተናል ስለዚህ በዚሁ ቀኖና እየተመሩ በቤተክርስቲያን ሥር ይኑሩ።
4d666ec7-34f8-5864-a515-66836af295f5,ea9073d7-ad07-5020-a53a-a9daf2c7449b,95ab9b49-29e7-51b7-a146-3edd524f91eb,118,118,በይበልጥ ግን ሐሰትን ከመስማት ከዝሙት ከወንድ ሚስት ዘንድ መሄድ የበከተውን ከመብላት። ለጣዖት መሥዋዕትን ከመሰዋት ይጠበቁ የእግዚአብሄርንም የተቀደሰውን ተፈጥሮ አያርክሱ እግዚአብሔር ቅዱስ ነውና ራሱ ጌታችን ኢየሱስክርስቶስም እኔ ቅዱስነኝና እናንተም ቅዱሳን ሁኑ ብሏል።
43cebffb-f997-5ecd-ade1-d85780c4486d,ea9073d7-ad07-5020-a53a-a9daf2c7449b,95ab9b49-29e7-51b7-a146-3edd524f91eb,119,119,በባልእንጀራችሁ ላይ ስድብን አትናገሩ ዲያብሎስ በስድብ ከመንበሩ ወድቋልና የመላእክት አለቃ ሚካኤልም በትሕትናው ብዛት ከመንበሩ እጅግ ከፍ ያለ የቅዱስ ሚካኤል ሊቀመላእክት ዋና ተግባሩ ነጋሪትን መምታት ነበር። በትሕትናው ግን የዲያብሎስን መንበር ወረሰ።
10a13886-0d71-551d-af57-fa3a198c3045,ea9073d7-ad07-5020-a53a-a9daf2c7449b,95ab9b49-29e7-51b7-a146-3edd524f91eb,120,120,እንዲሁ ካህንም የቤተክርስቲያን አገልጋይ ስለሆነ አስተዋይ የዋህ የበደለኞችን ጥፋት የሚያለዝብ በደለኞችን በቃለሰላም ወደቤተክርስቲያን የሚመልስ መሆን ይገባዋል። ካህን የክርስቶስ መላእክተኛና ገበሬ መሆኑን አይርሳ ካህን ሁለት አፍ ያለው ምላጭ ማለት ስለሆነ በእግዚአብሔር ቃል የሠይጣንን ተንኮል ይቆርጣል።
68d15a69-26f7-5abe-a204-a56572cd19c1,ea9073d7-ad07-5020-a53a-a9daf2c7449b,95ab9b49-29e7-51b7-a146-3edd524f91eb,121,121,እንዲሁም ካህን ፈሩን አስተካክሎ እንደሚያርስ መሆን አለበት ። ገበሬ በእርሻው ጊዜ ፈሩን ግራና ቀኝ ሳያጣምም ያርሳል የእግዚአብሔር መንግሥት የቀናች ናት የእግዚአብሔርን መንግሥት ጠብቁ እንዳትጠፉ ወደ ሲኦልም እንዳትወርዳ ምእመናን ሐጢአተኞች ሊገቡበት ከተዘጋጀው ገሀነም እንዲድነም አስተምሩ ።
1549c70d-31bf-54aa-aa33-86c42d7fe84e,196e6892-cf23-5486-af59-d73af2a2fd2b,985b8fe7-9173-595a-a533-5cc1afbe685d,1,1,ቅዱስ ጴጥሮስ እንዲህ ይላል እኛ ሓዋርያት አሥራሁለት ሁነን ተሰብስበን ሳለ አንድ ድምፅ የሚከተለውን መልእክት አስተላለፍን ። ሰው ሁሉ በራሱ ሊፈፀምበት የማይፈልገውን በሌላውላይ ማድረግ ከክርስቲያናዊነት ያስወጣል ይህንን ሁሉ አሪትና ነቢያት ይከለክላሉ እኛም ሀይማኖታችሁ የፀና ይሁን እንላለን።
489626c8-35de-57a6-a27b-da2759285e58,196e6892-cf23-5486-af59-d73af2a2fd2b,985b8fe7-9173-595a-a533-5cc1afbe685d,2,2,የጌታችን ወዳጅ ዮሐንስም ሥጋውን በዝሙት ለሚያረክስ ሰው ወዮለት የሰው ሥጋ ቤተክርስቲያን አባል ለመሆን በጥምቀት ዳግም ልደትን ካገኘች ጀምሮና ኢየሱስ ክርስቶስ ሥጋንና ደምን ከተቀበለች ጀምሮ በነፍስና በሥጋ ከኢየሱስ ክርስቶስ ጋር አንድ ናትና የክርስቶስን አንድነት ከተቀበላችሁ በኋላና የሱም አካል ከሆናችሁ በኋላ ሥጋችሁ የዝመት አካል ታደርጉታላችሁን መሆን የለበትም ብሏል።
b58c8318-c681-5b87-a1dc-ab4abb6a7003,196e6892-cf23-5486-af59-d73af2a2fd2b,985b8fe7-9173-595a-a533-5cc1afbe685d,3,3,ሰው ሁሉ ባንዲት ሚስት ፀንቶ ይነር እንዲሁም ወንድማችን ጳውሎስ እንዲህ አለ ሚስት ካገባህ ጀምሮ ከሚስትህ ተለይተህ በሌላ ቦታ ብዙ እትቆይ ከባል የተለየች ሴት ካለች ብቻዋን ትነር ሁላችሁም እኔ በሠጠሁዋችሁ ምክር ብትኖሩ ይሻላቹኋል ሚስት ከሌለህ ብዙ ሴቶችን መመልከት የለብህም ይህን ካደረግህ ኃጢአተኛ ነህ ብሏል።
d2b10c5d-04d3-5a63-a35e-7a72d04e9057,196e6892-cf23-5486-af59-d73af2a2fd2b,985b8fe7-9173-595a-a533-5cc1afbe685d,4,4,በሕሊናውም ሆነ በተግባሩ እያመነዘረ ከሚኖር ሚስት አግብቶ የሚኖር ይሻላል ሚስቱ ካልሆነች ሴት ጋር የሚያመነገር ሰው ለአጋንንት የእንስሳትን ደም እንደሚሰዋ ሰው ይቆጠራል በፍርድ ቀንም ፍዳውን ይቀበላል በሠይጣን መንገድ ተጉዟልና ሰይጣን ከኛ አንዱ ሰው እንኳ እንዲድን አይፈልግም።
cec97bf3-c05c-5de3-abb1-3079bd3cefc2,196e6892-cf23-5486-af59-d73af2a2fd2b,985b8fe7-9173-595a-a533-5cc1afbe685d,5,5,የሠይጣን ዘሩ ትዕቢት ትዝህርት ባልንጀራን ማማት፣ ሥሥት፣ መጠጥ ስካር፣ ዝሙት፣ በሐሰት መማል፣ ባልንጀራን መዝለፍ፣ በተሳሳተ ቃል ስሕተትና የመሳስለው ሁሉ ነው መጠቃቀስ፣ መሳቅ፣ ቍጣ፣ ምቀኝነት፣ መሥረቅ፣ ወደ ወንድ ሚስት መሄድም የሠይጣን ናቸው።
3dc25612-e6f1-5275-a9ad-434ae301a4fd,196e6892-cf23-5486-af59-d73af2a2fd2b,985b8fe7-9173-595a-a533-5cc1afbe685d,6,6,ባልንጀራን መጥላት ጨምሮ ከዚህ በላይ የተዘረዘሩት ሁሉ የሠይጣን ዘሮች ናቸው መንፈስቅዱስ በሰው ልቡና የሚዘራቸው ዘሮች ግን ትህትና፣ የዋህነት፣ ፍቅር፣ ሰላም፣ ጾም፣ ጸሎት። ይቅርባይነት ሥዕለት፣ ለድሃ መራራት፣ ምፅዋት፣ ሲሆነ እነዚህ ሁሉ ሕይወቱን ለመንፈስቅዱስ የሠጠ ሰው የሚያገኛቸው ናቸው።
7a64c804-ca88-5d5d-a21e-1d71095cdbd8,196e6892-cf23-5486-af59-d73af2a2fd2b,985b8fe7-9173-595a-a533-5cc1afbe685d,7,7,ብልሆች የእግዚአብሔርን ትእዛዝ ይጠብቁ ዘንድ በሠይጣንም መንገድ እንዳይሄዱ በደስታ አንድጊዜ በሐዘንና በትካዜ ሌላ ጊዜ ሠይጣን ልባቸው እንዳይሠርቅ ይጠንቀቁ እናንተም ደስታችሁን ወደሐዘንና ወደትካዜ ለውጡት ሐዘናችሁንም በአኮቴት ተቀበሉት እግዚአብሔር በናንተ ደስ ይለው ዘንድ።
2321fc07-cb54-5cfd-a1ca-0331966edc29,196e6892-cf23-5486-af59-d73af2a2fd2b,985b8fe7-9173-595a-a533-5cc1afbe685d,8,8,ይህን የመሰለ ሕይወት ካላችሁ ዓይን ያላየውን ጆሮ ያልሰማውንና በሰው ልቡና ያልታሰበውን እግዚአብሔር ይሠጣቹኋል ገነተትፍሥሕት የሰው ዓይን ያላያት ናት የሰው ጆሮም ያልሰማት ናት ስለዚህ ለዚህ ትልቅ ጸጋ ትበቁ ዘንድ ትጉ።
c3c45572-d185-55c2-a892-5f36a5a068fe,196e6892-cf23-5486-af59-d73af2a2fd2b,985b8fe7-9173-595a-a533-5cc1afbe685d,9,9,በገነተ ትፍሥሕት ሐዘን የለም ወደዚሁ ለመግባት ትችሉ ዘንድ ከጌታችን መድሐኒታችን አምላካችን ኢየሱስ ክርስቶስ እግዚአብሔር ዘንድ ለምዕመናን መላእክት የተሠጠውን ሥርዓት ጠብቁ የቅድስት ቤተክርስቲያንን ሥርዓት በመጠበቅ ይህንን ታገኛላችሁ ከዚህውጭ ከሆናችሁ ግን ከመዓሥባንና መናፍቃን ጋር ትቆጠራላችሁ ።
af4dbc16-1707-5165-a510-60ee71a812e1,196e6892-cf23-5486-af59-d73af2a2fd2b,985b8fe7-9173-595a-a533-5cc1afbe685d,10,10,እግዚአብሔር ህጉንና ሥርዓቱን ለሚጠብቁ ሁሉ ምሥጋናቸውንና ዋጋቸውን ይሠጣቸዋል የድካማቸውንም ዋጋ ይከፍላቸዋል ሰማያዊውን ሙሽራ በተቀደሰ አካሄዳቸው ደስ አሰኝኝተውታልና የፅድቅ መንፈስ ባለበት በዚያ ነፃነትና ደስታ መንፈስ አለና መንፈሰ ጽድቅ ከሐጢአት ነፃ ታወጣለችና።
7c7ce981-97b4-5bfb-aa46-3a270f3d45b9,196e6892-cf23-5486-af59-d73af2a2fd2b,985b8fe7-9173-595a-a533-5cc1afbe685d,11,11,እውነት ነፃ የምታወጣችሁ ከሆነ እናንተ በእውነት ነፃነትን የተቀዳጃችሁ ናችሁ ሐጢአትን ለመሥራት የሚያስገድዳችሁ የለም በገዛፈቃዳችሁ ብቻ ሐጢአትን ትሠራላችሁ ካሁን ጀምሮ ግን ነፃ የወጣችሁ ሁኑ ሐጢአት አይግዛችሁ የቤተክርስቲያንን ሥርዓት ሁሉ ተመልከቱ ቤተክርስቲያን ማለት የክርስቲያን ነፍስ ማለት ነው የክርስቲያን ነፍስም የክርስቶስ ነፍስ ማለት ነው።
07511717-c97a-5881-aa29-ca0a12677eb6,196e6892-cf23-5486-af59-d73af2a2fd2b,985b8fe7-9173-595a-a533-5cc1afbe685d,12,12,ኃጢአት ሊወገድ ካለበት ዘንድ ኢየሱስ ክርስቶስ የእግዚአብሔር መንፈስ እንዲህ እያለች ድምጿን ታሰማለች። የምታሰማውም በፃድቅ ሰው ላይ ነው። ድምዕዋንም የምታሰማው እግዚአብሔር ሆይ ማረኝ ይቅርም በለኝ እያለች ነው።
0a792d6a-7e16-5c69-ac5b-0c30708287b1,196e6892-cf23-5486-af59-d73af2a2fd2b,985b8fe7-9173-595a-a533-5cc1afbe685d,13,13,እንዲህ እያለ ሲጮህ ጻድቅ ሰው በሐጢአት አይቸነፍም (ወድቆ አይቀርም) እግዚአብሔር በሱ ላይ አለና ሕሊናውም ሁሉ ከእግዚአብሔር አይርቅምና እግዚአብሔርም የሕሊናው ቅንነት እያየ በአጋንንት እንዲረገጥ አሳልፎ አይሠጠውም ስለዚህ ሁላችን ከአጋንንት ስህተት እንጠበቅ ከሥጋና ከነፍስም ደዌ እየተጠበቅን ሐዋርያት አባቶቻችን እንዳዘዙን ቤተክርስቲያንን እንጠብቃት።
03af66f6-c62b-5053-a88d-0f64b89370d3,196e6892-cf23-5486-af59-d73af2a2fd2b,985b8fe7-9173-595a-a533-5cc1afbe685d,14,14,በዚህም አካሄድ ሕዝቦችን ካልመራቹኋቸው ከኛ ሥር ሁነውም እያለ ከማስተማር ችላ ካላችኋቸው እግዚአብሔር ይወቅሳቹኋል እግዚአብሔር አምላክ ነቢዩን እዝቅኤልን እንዲህ ብሎታል የሰው ልጅ ሆይ በሕዝብ ዘንድ የዓይን ምሥክር አደረግሁህ።
6e6d37b7-e8a1-591e-af93-cf267ea55adb,196e6892-cf23-5486-af59-d73af2a2fd2b,985b8fe7-9173-595a-a533-5cc1afbe685d,15,15,ሐጢአተኞችን ንሥሐ ይገቡ ዘንድ ንገራቸው (ከስሕተታቸው ይመለሱ ዘንድ) አንተ እንዲመለሱ ነግረሃቸው ካልተመለሱ ግን በዚሁም ከሞቱ አንተ ራስህን አዳንክ እነሱም በኃጢአታቸው እንደሞቱ ይቀራሉ ወይም ደግሞ አንተ ስላስተማርካቸው ከተመለሱና ንሥሐ ከገቡ ከኃጢአታቸውም ከራቁ ራሳቸውን ካዳነ አንተ ከእግዚአብሔር አምላክህ ብዙ ሥጦታ አለህ ጻድቁንም ቢሆን ከፅድቁ ወጥቶ እንዳይጠፋ አስተምረው።
dc753eae-c6fe-54f6-af0b-93ec98d3f3c0,196e6892-cf23-5486-af59-d73af2a2fd2b,985b8fe7-9173-595a-a533-5cc1afbe685d,16,16,አንተ እንደ ነገርከው ባንተ ተመርቶ መልካም ከሠራ ራሱን አዳነ ካልተመለሰ ግን ኃጢአቱን ተሸክሞ ይሞታል አንተ ግን ሐላፊነትህን ተወጥተሃል። ባንተምክር ተጠብቆ እስከዕለተሞቱ ድረስ ከቆየ ጽድቁንም ከጠበቀ ከኔ ዘንድ መልካም ሥጦታ አለው አንተም እሱን አስተምረህ በመመለስህ ዋጋህ ብዙ ነው።
8b36a70e-bf1b-59d8-a491-dac6d1656a4c,196e6892-cf23-5486-af59-d73af2a2fd2b,985b8fe7-9173-595a-a533-5cc1afbe685d,17,17,ለካህናት ከእግዚአብሔር የታዘዘው ይህ ነው ካህናት ሐጢአተኛው ንሥሐ እንዲገባ ብዙ መድከም ሥራቸው ነው ይህንን ሲያደርጉ ፊቱን በማየት እንዳያዳሉ ይጠንቀቁ ንጉሥም ይሁን ሌላ ባለሥልጣን ሥጋዊክብሩን ከስብእናው ለይተው
5189f786-807d-5803-a27c-0c9516d5c6db,196e6892-cf23-5486-af59-d73af2a2fd2b,985b8fe7-9173-595a-a533-5cc1afbe685d,18,18,""
1768e9ef-b1c1-5a0e-ad6c-6fa9e187930b,196e6892-cf23-5486-af59-d73af2a2fd2b,985b8fe7-9173-595a-a533-5cc1afbe685d,19,19,""
