id,chapter_id,section_id,source_order,verse_number,text
499c9d09-8a63-5499-af39-347814df7cf9,82c8e66d-761d-55d9-a9a0-babc2e30ff95,c8f0b56f-9a7d-59d7-a229-8e6951bdd281,32,32,ይህም መጥቼ ምድራችሁን ወደምትመስለው ምድር፥ እህልና የወይን ጠጅ፥ እንጀራና ወይን፥ ወይራና ማር ወዳለባት ምድር እስካፈልሳችሁ ድረስ በሕይወት እንድትኖሩ፥ እንዳትሞቱም ነው። ሕዝቅያስም፦ እግዚአብሔር ያድናችኋል ብሎ ያታልላችኋልና አትስሙት።
91049e72-a1db-5291-a704-faac8b48769b,82c8e66d-761d-55d9-a9a0-babc2e30ff95,c8f0b56f-9a7d-59d7-a229-8e6951bdd281,33,33,በውኑ የአሕዛብ አማልክት አገሮቻቸውን ከአሦር ንጉሥ እጅ አድነዋቸዋልን?
6b9605b1-7407-5820-aea0-f36f11105886,82c8e66d-761d-55d9-a9a0-babc2e30ff95,c8f0b56f-9a7d-59d7-a229-8e6951bdd281,34,34,የኤማትና የአርፋድ አማልክት ወዴት አሉ? የሴፋሩዋይምና የሄና የዒዋም አማልክት ወዴት አሉ? ስማርያን ከእጄ አድነዋታልን?
ce4d9d70-5892-548c-a936-a15bfd01710e,82c8e66d-761d-55d9-a9a0-babc2e30ff95,c8f0b56f-9a7d-59d7-a229-8e6951bdd281,35,35,እግዚአብሔር ኢየሩሳሌምን ከእጄ ያድናት ዘንድ ከሀገሮቹ አማልክት ሁሉ ሀገሩን ከእጄ ያዳነ ማን ነው?”
48961785-b12f-5f41-a6fa-cbc14b48da52,82c8e66d-761d-55d9-a9a0-babc2e30ff95,c8f0b56f-9a7d-59d7-a229-8e6951bdd281,36,36,ሕዝቡም ዝም አሉ፥ አንዳችም ቃል አልመለሱለትም፤ ንጉሡ እንዳይመልሱለት አዝዞ ነበርና።
5e16ebdf-43f2-5e9c-a6f8-8c80cea43963,82c8e66d-761d-55d9-a9a0-babc2e30ff95,c8f0b56f-9a7d-59d7-a229-8e6951bdd281,37,37,የቤቱ አዛዥ የኬልቅዩ ልጅ ኤልያቄም፥ ጸሓፊው ሳምናስ፥ ታሪክ ጸሓፊውም የአሳፍ ልጅ ዮአስ ልብሳቸውን ቀድደው ወደ ሕዝቅያስ ገቡ፥ የራፋስቂስንም ቃል ነገሩት።
31a86e6e-c8b1-594c-a1e3-8c0a490abb96,e2b5c0a3-7f67-50ea-a9ec-54b55c57a47f,04a99d70-cb0a-5ab8-a36e-b9c308c9fe7a,1,1,ንጉሡም ሕዝቅያስ ይህን በሰማ ጊዜ ልብሱን ቀደደ፥ ማቅም ለበሰ፥ ወደ እግዚአብሔርም ቤት ገባ።
7b0719e8-bd63-56eb-a4e1-a237d3a539f3,e2b5c0a3-7f67-50ea-a9ec-54b55c57a47f,04a99d70-cb0a-5ab8-a36e-b9c308c9fe7a,2,2,የቤቱንም አዛዥ ኤልያቄምን ጸሓፊውንም ሳምናስን የካህናቱንም አለቆች ማቅ ለብሰው ወደ አሞጽ ልጅ ወደ ነቢዩ ኢሳይያስ ይሄዱ ዘንድ ላካቸው።
7463d739-7cf1-5e42-a997-443156eeb3f8,e2b5c0a3-7f67-50ea-a9ec-54b55c57a47f,04a99d70-cb0a-5ab8-a36e-b9c308c9fe7a,3,3,እነርሱም አሉት፥ “ሕዝቅያስ እንዲህ ይላል፦ ይህ ቀን የመከራና የተግሣጽ የዘለፋም ቀን ነው፤ ልጆች የሚወለዱበት ጊዜ ደርሶአል፤ እናትም ለማማጥ ኀይል የላትም።
a394ad83-6f93-57bd-ae45-ce3b493d89ba,e2b5c0a3-7f67-50ea-a9ec-54b55c57a47f,04a99d70-cb0a-5ab8-a36e-b9c308c9fe7a,4,4,ምናልባት በሕያው አምላክ ላይ ይገዳደር ዘንድ ጌታው የአሦር ንጉሥ የላከውን የራፋስቂስን ቃል ሁሉ አምላክህ እግዚአብሔር ይሰማ እንደሆነ፥ አምላክህ እግዚአብሔርም ስለ ሰማው ቃል ይገሥጸው እንደ ሆነ፥ ስለዚህ ለቀረው ቅሬታ ጸልይ።”
a645c375-ef45-5028-a045-bb1c30a7b62d,e2b5c0a3-7f67-50ea-a9ec-54b55c57a47f,04a99d70-cb0a-5ab8-a36e-b9c308c9fe7a,5,5,እንዲሁ የንጉሡ የሕዝቅያስ ብላቴኖች ወደ ኢሳይያስ መጡ።
85999f99-15a6-5074-a9c1-c404d545b7bc,e2b5c0a3-7f67-50ea-a9ec-54b55c57a47f,04a99d70-cb0a-5ab8-a36e-b9c308c9fe7a,6,6,ኢሳይያስም አላቸው፥ “ለጌታችሁ እንዲህ በሉት፦ እግዚአብሔር እንዲህ ይላል፦ የአሦር ንጉሥ ብላቴኖች ስለ ተሳደቡት፥ ስለ ሰማኸው ቃል አትፍራ።
6c1d9803-6cd1-5127-a779-39bf5c3c0838,e2b5c0a3-7f67-50ea-a9ec-54b55c57a47f,04a99d70-cb0a-5ab8-a36e-b9c308c9fe7a,7,7,እነሆ፥ በላዩ መንፈስን እሰድዳለሁ፤ ወሬንም ይሰማል፤ ወደ ምድሩም ይመለሳል፤ በምድሩም በሰይፍ እንዲወድቅ አደርገዋለሁ በሉት።”
9cb45055-0454-5355-a869-9d60f6fbd657,e2b5c0a3-7f67-50ea-a9ec-54b55c57a47f,51b90c28-250b-5f3d-aead-4f33dc981580,1,8,የአሦርም ንጉሥ ከለኪሶ እንደ ራቀ ሰምቶ ነበርና ራፋስቂስ ተመልሶ በሎምና ሲዋጋ አገኘው።
c915d259-62e8-5e7d-ad1e-5bc29ebc1cb8,e2b5c0a3-7f67-50ea-a9ec-54b55c57a47f,51b90c28-250b-5f3d-aead-4f33dc981580,2,9,እርሱም፥ “የኢትዮጵያ ንጉሥ ቲርሐቅ ሊወጋህ መጥቶአል” የሚል ወሬ በሰማ ጊዜ ተመልሶ ወደ ሕዝቅያስ መልእክተኞችን ላከ፤ እንዲህ ሲል፦
85d7ded7-0191-5ecf-a50e-2c5c6f2789f2,e2b5c0a3-7f67-50ea-a9ec-54b55c57a47f,51b90c28-250b-5f3d-aead-4f33dc981580,3,10,“ለይሁዳ ንጉሥ ለሕዝቅያስ እንዲህ ብላችሁ ንገሩት፦ ኢየሩሳሌም በአሦር ንጉሥ እጅ አትሰጥም ብሎ የምትታመንበት አምላክህ አያታልልህ።
3a60207d-fb7d-57c2-ae6a-6b2900576521,e2b5c0a3-7f67-50ea-a9ec-54b55c57a47f,51b90c28-250b-5f3d-aead-4f33dc981580,4,11,እነሆ፥ የአሦር ነገሥታት በምድር ሁሉ ላይ ያደረጉትን፥ እንዴትስ እንዳጠፉአቸው ሰምተሃል፤ አንተስ ትድናለህን?
d3befefd-c8b8-5304-a92f-64fe25351e0f,e2b5c0a3-7f67-50ea-a9ec-54b55c57a47f,51b90c28-250b-5f3d-aead-4f33dc981580,5,12,አባቶች ያጠፉአቸውን፥ ጎዛንን፥ ካራንን፥ ራፌስን በታኤሴቴም የነበሩትንም የዔድንን ልጆች፥ የአሕዛብ አማልክት አዳኑአቸውን?
91eb1dd5-f516-5d4a-a740-ddf03f927e07,e2b5c0a3-7f67-50ea-a9ec-54b55c57a47f,51b90c28-250b-5f3d-aead-4f33dc981580,6,13,የሐማት ንጉሥ፥ የአርፋድ ንጉሥ፥ የሴፋሩሄም ከተማ ንጉሥ፥ የኤናና የዓዋ ንጉሥ ወዴት አሉ?”
253da365-a07d-500e-a29c-f0b45b2db519,e2b5c0a3-7f67-50ea-a9ec-54b55c57a47f,51b90c28-250b-5f3d-aead-4f33dc981580,7,14,ሕዝቅያስም ደብዳቤውን ከመልእክተኞች እጅ ተቀብሎ አነበበው፤ ሕዝቅያስም ወደ እግዚአብሔር ቤት ወጥቶ በእግዚአብሔር ፊት ዘረጋው።
7a047a9e-9a7b-598c-a8fe-76cf8dab79bd,e2b5c0a3-7f67-50ea-a9ec-54b55c57a47f,51b90c28-250b-5f3d-aead-4f33dc981580,8,15,ሕዝቅያስም ወደ እግዚአብሔር እንዲህ ብሎ ጸለየ፥ “በኪሩቤል ላይ የምትቀመጥ የእስራኤል አምላክ አቤቱ፥ አንተ ብቻህን የምድር ነገሥታት ሁሉ አምላክ ነህ፤ ሰማይንና ምድርን ፈጥረሃል ።
80f7cbee-0a2f-517e-a052-c541d99faf8e,e2b5c0a3-7f67-50ea-a9ec-54b55c57a47f,51b90c28-250b-5f3d-aead-4f33dc981580,9,16,አቤቱ፥ ጆሮህን አዘንብልና ስማ፥ አቤቱ፥ ዐይንህን ክፈትና እይ፤ በሕያው አምላክ ላይ ይገዳደር ዘንድ የላከውን የሰናክሬምን ቃል ስማ።
3a38e1f5-04a6-562d-ad2b-11deccdfe76b,e2b5c0a3-7f67-50ea-a9ec-54b55c57a47f,51b90c28-250b-5f3d-aead-4f33dc981580,10,17,አቤቱ፥ በእውነት የአሦር ነገሥት አሕዛብን አጥፍተዋል፤
3621959d-69dd-5501-a020-5a3a32d00f36,e2b5c0a3-7f67-50ea-a9ec-54b55c57a47f,51b90c28-250b-5f3d-aead-4f33dc981580,11,18,አማልክቶቻቸውንም በእሳት ላይ ጥለዋል፤ የእንጨትና የድንጋይ የሰው እጅ ሥራ ነበሩ እንጂ አማልክት አልነበሩምና፤ ስለዚህ አጥፍተዋቸዋል።
615d81fe-ce4e-5ffb-a70d-5e494bbf0c90,e2b5c0a3-7f67-50ea-a9ec-54b55c57a47f,51b90c28-250b-5f3d-aead-4f33dc981580,12,19,እንግዲህም አምላካችን አቤቱ፥ የምድር መንግሥታት ሁሉ አንተ ብቻ እግዚአብሔር አምላክ እንደ ሆንህ ያውቁ ዘንድ ከአሦር ንጉሥ እጅ አድነን።”
50918351-9183-55b6-af82-af6a3614aacc,e2b5c0a3-7f67-50ea-a9ec-54b55c57a47f,0f72dfff-961a-5779-ad3a-0c384396d5ca,1,20,የአሞጽም ልጅ ኢሳይያስ እንዲህ ብሎ ወደ ሕዝቅያስ ላከ፥ “የሠራዊት ጌታ የእስራኤል አምላክ እግዚአብሔር እንዲህ ይላል፦ ስለ አሦር ንጉሥ ስለ ሰናክሬም ወደ እኔ የለመንኸውን ሰምቻለሁ።
d5f7d1ba-bdbe-5f35-ad0d-96ebbadbf1e3,e2b5c0a3-7f67-50ea-a9ec-54b55c57a47f,0f72dfff-961a-5779-ad3a-0c384396d5ca,2,21,ድንግሊቱ የጽዮን ልጅ፥ ሰድቦሻልና ንቆሻልምና፥ የኢየሩሳሌም ልጅ፥ በአንቺ ላይ ራሱን ነቅንቋልና እግዚአብሔር በእርሱ ላይ የተናገረው ቃል ይህ ነው፦
5424e61a-d96b-526b-a289-1c8bb566438a,e2b5c0a3-7f67-50ea-a9ec-54b55c57a47f,0f72dfff-961a-5779-ad3a-0c384396d5ca,3,22,የተገዳደርኸው፥ የሰደብኸውስ ማን ነው? ቃልህንስ ከፍ ከፍ ያደረግኸው፥ ዐይንህንም ወደ ላይ ያነሣኸው በማን ላይ ነው? በእስራኤል ቅዱስ ላይ ነው።
60017160-6e87-56e8-a37e-dcc439a3cfd1,e2b5c0a3-7f67-50ea-a9ec-54b55c57a47f,0f72dfff-961a-5779-ad3a-0c384396d5ca,4,23,አንተስ በመልእክተኞችህ እጅ በእግዚአብሔር ላይ ተገዳደርህ፤ እንዲህም አልህ፦ በሰረገላዬ ብዛት ወደ ተራሮች ከፍታ፥ ወደ ሊባኖስ ጥግ እወጣለሁ፤ ረጃጅሞችንም ዝግባዎች የተመረጡትንም ጥዶች እቈርጣለሁ፤ ወደ ሀገሩም ዳርቻና ወደ ቀርሜሎስ ዱር እገባለሁ።
a3e0bda7-cd54-5e79-ac2f-5ba2c6711a1b,e2b5c0a3-7f67-50ea-a9ec-54b55c57a47f,0f72dfff-961a-5779-ad3a-0c384396d5ca,5,24,ዕረፍት አደረግሁ፤ የባዕድ ውኃንም ጠጣሁ፥ የተገደበውንም ውኃ ሁሉ በእግሬ ጫማ አደርቃለሁ።
702f6114-6c61-570d-a74e-068792b46462,e2b5c0a3-7f67-50ea-a9ec-54b55c57a47f,0f72dfff-961a-5779-ad3a-0c384396d5ca,6,25,“እኔ ጥንቱን እንደ ሠራሁት፥ ቀድሞውንም እንዳደረግሁት አልሰማህምን? አሁንም የተመሸጉትን ከተሞች የፍርስራሽ ክምር እስኪሆኑ ድረስ እንድታፈርስ አደረግሁህ።
e99f3a46-5257-56f7-a45a-726a679e7b9e,e2b5c0a3-7f67-50ea-a9ec-54b55c57a47f,0f72dfff-961a-5779-ad3a-0c384396d5ca,7,26,ስለዚህም የሚኖሩባቸው ሰዎች እጆቻቸው ዝለዋል፤ ደንግጠውም አፍረዋል፤ እንደ ምድረ በዳ ሣር፥ እንደ ለምለምም ቡቃያ፥ በሰገነትም ላይ እንዳለ ሣር፥ ሳይሸት ዋግ እንደ መታውም እህል ሆነዋል።
ebf23a82-c2b9-557d-a0cd-8c8f787db42e,e2b5c0a3-7f67-50ea-a9ec-54b55c57a47f,0f72dfff-961a-5779-ad3a-0c384396d5ca,8,27,እኔ ግን መቀመጫህንና መውጫህን መግቢያህንም፥ በእኔም ላይ የተቈጣኸውን ቍጣ ዐውቄአለሁ።
9fbc0993-f3f5-5d2f-ad85-e3ce280beb15,e2b5c0a3-7f67-50ea-a9ec-54b55c57a47f,0f72dfff-961a-5779-ad3a-0c384396d5ca,9,28,ቍጣህና ትዕቢትህ ወደ ጆሮዬ ደርሶአልና ስለዚህ ስናጋዬን በአፍንጫህ፥ ልጓሜንም በከንፈርህ አደርጋለሁ፤ በመጣህበት መንገድም እመልስሃለሁ።
4d3ff2e7-4589-524b-ae9f-23bbc42a6591,e2b5c0a3-7f67-50ea-a9ec-54b55c57a47f,0f72dfff-961a-5779-ad3a-0c384396d5ca,10,29,“ይህም ለአንተ ምልክት ይሆንልሃል፤ በዚህ ዓመት የገቦውን፥ በሁለተኛውም ዓመት ከገቦው የበቀለውን ትበላለህ፤ በሦስተኛውም ዓመት ትዘራለህ፤ ታጭድማለህ፥ ወይንም ትተክላለህ፤ ፍሬውንም ትበላለህ።
1fe8b8e7-b637-5960-a9a9-b5e740d4527b,e2b5c0a3-7f67-50ea-a9ec-54b55c57a47f,0f72dfff-961a-5779-ad3a-0c384396d5ca,11,30,የዳነው የይሁዳ ቤት ቅሬታ ሥሩን ወደ ታች ይሰድዳል፤ ወደ ላይም ያፈራል።
0c705b1b-4b14-5e3a-a6f4-855e7a9c2b05,e2b5c0a3-7f67-50ea-a9ec-54b55c57a47f,0f72dfff-961a-5779-ad3a-0c384396d5ca,12,31,ከኢየሩሳሌም ቅሬታ፥ ከጽዮንም ተራራ የዳነ ይወጣልና፤ የሠራዊት ጌታ የእግዚአብሔር ቅንአት ይህን ያደርጋል።”
c0ccc397-3a6a-5ce3-a942-ad3b448607a8,e2b5c0a3-7f67-50ea-a9ec-54b55c57a47f,0f72dfff-961a-5779-ad3a-0c384396d5ca,13,32,እንደዚህ አይደለምን? እግዚአብሔር ስለ አሦር ንጉሥ እንዲህ ይላል፥ “ወደዚች ከተማ አይገባም፥ ፍላጻንም አይወረውርባትም፤ በጋሻም አይመጣባትም፥ የአፈርንም ድልድል አይደለድልባትም።
5b239193-af5f-5feb-a239-b5edaefc6171,e2b5c0a3-7f67-50ea-a9ec-54b55c57a47f,0f72dfff-961a-5779-ad3a-0c384396d5ca,14,33,በመጣበት መንገድ በዚያ ይመለሳል እንጂ፥ ወደዚህችም ከተማ አይገባም፥ ይላል እግዚአብሔር።
334b903e-f1be-5f79-ab3e-98e87ff8c9d8,e2b5c0a3-7f67-50ea-a9ec-54b55c57a47f,0f72dfff-961a-5779-ad3a-0c384396d5ca,15,34,ስለ እኔም፥ ስለ ባሪያዬ ስለ ዳዊትም ይህችን ከተማ እጋርዳታለሁ።”
b123d345-d329-507d-a8ab-77838c9935ba,e2b5c0a3-7f67-50ea-a9ec-54b55c57a47f,0f72dfff-961a-5779-ad3a-0c384396d5ca,16,35,በዚያችም ሌሊት የእግዚአብሔር መልአክ መጣ፤ ከአሦራውያንም ሰፈር መቶ ሰማንያ አምስት ሺህ ገደለ፤ ማለዳም በተነሡ ጊዜ፥ እነሆ፥ ሁሉ በድኖች ነበሩ።
1daf58bb-dec5-5c0b-a3b5-6590985d7204,e2b5c0a3-7f67-50ea-a9ec-54b55c57a47f,0f72dfff-961a-5779-ad3a-0c384396d5ca,17,36,የአሦርም ንጉሥ ሰናክሬም ተነሥቶ ሄደ፤ ተመልሶም በነነዌ ተቀመጠ።
37c12bee-26ea-5aa6-a158-5a54e5e0ba55,e2b5c0a3-7f67-50ea-a9ec-54b55c57a47f,0f72dfff-961a-5779-ad3a-0c384396d5ca,18,37,በአምላኩም በሲድራክ ቤት ሲሰግድ ልጆቹ አድራሜሌክና ሶርሶር በሰይፍ ገደሉት፤ ወደ አራራትም ሀገር ኰበለሉ። ልጁም አስራዶን በእርሱ ፋንታ ነገሠ።
ac6a3fa5-f9ec-5a86-a286-84d6cb65ad3b,582e5703-9c0d-57f3-a4e2-aceced218c50,81ffab9b-38a3-52ac-a968-ccc9d552293e,1,1,በዚያም ወራት ሕዝቅያስ ታመመ፤ ለሞትም ደረሰ። ነቢዩም የአሞጽ ልጅ ኢሳይያስ ወደ እርሱ መጥቶ፥ “እግዚአብሔር እንዲህ ይላል፦ ትሞታለህ እንጂ በሕይወት አትኖርምና ቤትህን አስተካክል” አለው።
0bbc647f-deaa-5f42-ad2c-7d9e6d13eecc,582e5703-9c0d-57f3-a4e2-aceced218c50,81ffab9b-38a3-52ac-a968-ccc9d552293e,2,2,ሕዝቅያስም ፊቱን ወደ ግድግዳው መልሶ እንዲህ ሲል ወደ እግዚአብሔር ጸለየ፦
98733cdb-bbbb-5d2b-ad9d-51a26b912538,582e5703-9c0d-57f3-a4e2-aceced218c50,81ffab9b-38a3-52ac-a968-ccc9d552293e,3,3,“አቤቱ፥ በፊትህ በእውነትና በፍጹም ልብ እንደ ሄድሁ፥ መልካም ነገርም እንዳደረግሁ አስብ።” ሕዝቅያስም እጅግ አለቀሰ።
e6be9835-3dc0-545c-aa1e-abe84393a97a,582e5703-9c0d-57f3-a4e2-aceced218c50,81ffab9b-38a3-52ac-a968-ccc9d552293e,4,4,ኢሳይያስም ወደ መካከለኛው አደባባይ ሲደርስ እግዚአብሔር ተናገረው፤ እንዲህም አለው፦
80687cbc-b21b-5b69-a9ab-e68a3a6abd08,582e5703-9c0d-57f3-a4e2-aceced218c50,81ffab9b-38a3-52ac-a968-ccc9d552293e,5,5,“ተመልሰህ የሕዝቤን ንጉሥ ሕዝቅያስን እንዲህ በለው፦ የአባትህ የዳዊት አምላክ እግዚአብሔር እንዲህ ይላል፦ ጸሎትህን ሰምቻለሁ፥ እንባህንም አይቻለሁ፤ እነሆ፥ እኔ እፈውስሃለሁ፤ እስከ ሦስት ቀንም ድረስ ወደ እግዚአብሔር ቤት ትወጣለህ።
c1dc7022-a301-573d-abed-e7b2fa33368b,582e5703-9c0d-57f3-a4e2-aceced218c50,81ffab9b-38a3-52ac-a968-ccc9d552293e,6,6,በዕድሜህም ላይ ዐሥራ አምስት ዓመት እጨምራለሁ፤ አንተንና ይህችን ከተማ ከአሦር ንጉሥ እጅ እታደጋለሁ፤ ስለ እኔ፥ ስለ ባሪያዬም ስለ ዳዊት ይህችን ከተማ አጋርዳታለሁ።”
edc10fc4-ed55-5ac7-aa38-78f10ddbf47c,582e5703-9c0d-57f3-a4e2-aceced218c50,81ffab9b-38a3-52ac-a968-ccc9d552293e,7,7,ኢሳይያስም አለው፥ “የበለስ ጥፍጥፍ አምጥተህ በእባጭህ ላይ አድርግ ትፈወሳለህም።”
62a11cf9-8382-5be3-ac66-e5e009f5602f,582e5703-9c0d-57f3-a4e2-aceced218c50,81ffab9b-38a3-52ac-a968-ccc9d552293e,8,8,ሕዝቅያስም ኢሳይያስን፥ “እግዚአብሔር እንዲፈውሰኝ፥ እኔስ እስከ ሦስት ቀን ድረስ ወደ እግዚአብሔር ቤት እንድወጣ ምልክቱ ምንድን ነው?” አለው።
46496dca-3470-58b1-affc-ccde2da76bc3,582e5703-9c0d-57f3-a4e2-aceced218c50,81ffab9b-38a3-52ac-a968-ccc9d552293e,9,9,ኢሳይያስም፥ “እግዚአብሔር የተናገረውን ነገር እንዲፈጽመው ከእግዚአብሔር ዘንድ ምልክቱ ይህ ይሆንልሃል፤ ጥላው ዐሥር ደረጃ ወደ ፊት ይሂድን? ወይስ ዐሥር ደረጃ ወደ ኋላው ይመለስ?” አለ።
813764b6-050a-57c4-a91a-e10b5b7907f8,582e5703-9c0d-57f3-a4e2-aceced218c50,81ffab9b-38a3-52ac-a968-ccc9d552293e,10,10,ሕዝቅያስም ኢሳይያስን፥ “ጥላው ዐሥር ደረጃ ቢጨምር ቀላል ነገር ነው፤ እንዲህ አይሁን፤ ነገር ግን ጥላው ዐሥር ደረጃ ወደ ኋላ ይመለሰ” አለው።
bc0f822c-83bf-559a-a2c4-9033f881c4e4,582e5703-9c0d-57f3-a4e2-aceced218c50,81ffab9b-38a3-52ac-a968-ccc9d552293e,11,11,ነቢዩም ኢሳይያስ ወደ እግዚአብሔር ጮኸ፤ ጥላውም ዐሥር ደረጃ ወደ ኋላ ተመለሰ።
56d449ff-38a2-5baa-a850-3214e92956ec,582e5703-9c0d-57f3-a4e2-aceced218c50,95ac0d4a-69c5-53ef-a861-c7e2be49ae2a,1,12,በዚያም ወራት የባቢሎን ንጉሥ መሮዳህ ሕዝቅያስ እንደ ታመመ ሰምቶ ነበርና የበልዳንን ልጅ በልዳንን ከመጻሕፍትና እጅ መንሻ ጋር ወደ ሕዝቅያስ ላከ።
225afde5-9912-5a98-afec-87e420e51372,582e5703-9c0d-57f3-a4e2-aceced218c50,95ac0d4a-69c5-53ef-a861-c7e2be49ae2a,2,13,ሕዝቅያስም በእነርሱ ደስ አለው፤ ግምጃ ቤቱንም ሁሉ፥ ብሩንና ወርቁንም፥ ሽቱውንና የከበረውንም ዘይት፥ መሣሪያም ያለበትን ቤት በቤተ መዛግብቱም የተገኘውን ሁሉ አሳያቸው፤ በቤቱና በግዛቱ ሁሉ ካለው ሕዝቅያስ ያላሳያቸው የለም።
11bbe71a-3f24-56e2-adb9-6099aa6f3b02,582e5703-9c0d-57f3-a4e2-aceced218c50,95ac0d4a-69c5-53ef-a861-c7e2be49ae2a,3,14,ነቢዩ ኢሳይያስም ወደ ንጉሡ ወደ ሕዝቅያስ መጥቶ፥ “እነዚህ ሰዎች ምን አሉ? ከወዴትስ ወደ አንተ መጡ?” አለው። ሕዝቅያስም፥ “ከሩቅ ሀገር ከባቢሎን ወደ እኔ መጡ” አለው።
921400d0-c59f-5410-a35e-57617f8c4a28,582e5703-9c0d-57f3-a4e2-aceced218c50,95ac0d4a-69c5-53ef-a861-c7e2be49ae2a,4,15,እርሱም፥ “ምን አዩ?” አለው ሕዝቅያስም፥ “በቤቴ ያለውን ሁሉ አይተዋል፤ በቤተ መዛግብቴም ካለው ያላሳየኋቸው የለም” አለው።
38610da8-5373-5b21-a169-db37deef1ea2,582e5703-9c0d-57f3-a4e2-aceced218c50,95ac0d4a-69c5-53ef-a861-c7e2be49ae2a,5,16,ኢሳይያስም ሕዝቅያስን አለው፥ “የእግዚአብሔርን ቃል ስማ።
892755d8-a01a-5e10-a95f-b05ab374aaf8,582e5703-9c0d-57f3-a4e2-aceced218c50,95ac0d4a-69c5-53ef-a861-c7e2be49ae2a,6,17,እነሆ፥ በቤትህ ያለው ሁሉ፥ አባቶችህም እስከ ዛሬ ያከማቹት ሁሉ ወደ ባቢሎን የሚፈልስበት ወራት ይመጣል፤ ምንም አይቀርም፥ ይላል እግዚአብሔር።
4949f738-29f5-5032-a3e3-abcd3018e1f5,582e5703-9c0d-57f3-a4e2-aceced218c50,95ac0d4a-69c5-53ef-a861-c7e2be49ae2a,7,18,ከአንተም ከሚወጡት ከምትወልዳቸው ልጆችህ ማርከው ይወስዳሉ፤ በባቢሎንም ንጉሥ ቤት ውስጥ ጃንደረቦች ይሆናሉ።”
a88f8214-d039-5cc2-a22a-e9a364718c2f,582e5703-9c0d-57f3-a4e2-aceced218c50,95ac0d4a-69c5-53ef-a861-c7e2be49ae2a,8,19,ሕዝቅያስም ኢሳይያስን፥ “እግዚአብሔር የተናገረው ቃል መልካም ነው። ደግሞም በዘመኔ ሰላም ይሁን” አለው።
ca0adb16-0215-51ba-a128-52c9449e0a07,582e5703-9c0d-57f3-a4e2-aceced218c50,95ac0d4a-69c5-53ef-a861-c7e2be49ae2a,9,20,የቀረውም የሕዝቅያስ ነገር፥ ኀይሉም ሁሉ፥ ኵሬውንና መስኖውን እንደ ሠራ፥ ውኃውንም ወደ ከተማዪቱ እንዳመጣ፥ እነሆ፥ በይሁዳ ነገሥታት ታሪክ መጽሐፍ የተጻፈ አይደለምን?
2fe1c96a-1f5c-5c7b-a18b-b91002e04d46,582e5703-9c0d-57f3-a4e2-aceced218c50,95ac0d4a-69c5-53ef-a861-c7e2be49ae2a,10,21,ሕዝቅያስም ከአባቶቹ ጋር አንቀላፋ፤ በዳዊት ከተማም ቀበሩት። ልጁ ምናሴም በእርሱ ፋንታ ነገሠ።
9e22a9e5-881a-5738-ad74-dc11e1eb8de7,a0124273-abbc-5873-a29e-480683469a9f,ba54eaa9-b19f-52c4-a118-0362d9ccb373,1,1,ምናሴም በነገሠ ጊዜ ዐሥራ ሁለት ዓመት ሆኖት ነበረ፤ በኢየሩሳሌምም ኀምሳ አምስት ዓመት ነገሠ፤ የእናቱም ስም ሐፍሴባ ነበረ።
fb69bbf3-6cf1-59bc-a946-d8662299fd2f,a0124273-abbc-5873-a29e-480683469a9f,ba54eaa9-b19f-52c4-a118-0362d9ccb373,2,2,እግዚአብሔርም ከእስራኤል ልጆች ፊት እንዳራቃቸው እንደ አሕዛብ ርኵሰት በእግዚአብሔር ፊት ክፉ ነገርን አደረገ።
3f2681b6-ea61-5784-a944-463a05c3125a,a0124273-abbc-5873-a29e-480683469a9f,ba54eaa9-b19f-52c4-a118-0362d9ccb373,3,3,አባቱም ሕዝቅያስ ያፈረሳቸውን የኮረብታውን መስገጃዎች መልሶ ሠራ፤ የእስራኤልም ንጉሥ አክዓብ እንዳደረገው ለበዓል መሠዊያን ሠራ፤ የማምለኪያ ዐፀድንም ተከለ፤ ለሰማይም ሠራዊት ሁሉ ሰገደ አመለካቸውም።
05aef664-e356-5b53-ad2c-eea7347ba025,a0124273-abbc-5873-a29e-480683469a9f,ba54eaa9-b19f-52c4-a118-0362d9ccb373,4,4,እግዚአብሔርም፥ “ስሜን በኢየሩሳሌም አኖራለሁ” ባለው በእግዚአብሔር ቤት መሠዊያን ሠራ።
976c545b-811c-5f97-a802-7dad068e4c11,a0124273-abbc-5873-a29e-480683469a9f,ba54eaa9-b19f-52c4-a118-0362d9ccb373,5,5,በእግዚአብሔርም ቤት በሁለቱ ወለሎች ላይ ለሰማይ ሠራዊት ሁሉ መሠዊያን ሠራ።
ac9493b7-81d6-5d10-a59d-374e1ccfb04c,a0124273-abbc-5873-a29e-480683469a9f,ba54eaa9-b19f-52c4-a118-0362d9ccb373,6,6,ልጁንም በእሳት ሠዋ፤ ሞራ ገላጭም ሆነ፤ አስማትም አደረገ፤ መናፍስት ጠሪዎችንና ጠንቋዮችንም ሰበሰበ፤ በእግዚአብሔርም ፊት እጅግ ክፉ ነገር አደረገ፤ ኣስቈጣውም።
e0d5ef60-bd32-5c6d-a6be-95dacff8c819,a0124273-abbc-5873-a29e-480683469a9f,ba54eaa9-b19f-52c4-a118-0362d9ccb373,7,7,እግዚአብሔርም ለዳዊትና ለልጁ ለሰሎሞን፥ “በዚህ ቤት ከእስራኤልም ነገድ ሁሉ በመረጥኋት በኢየሩሳሌም ስሜን ለዘለዓለም አኖራለሁ፤
1c766551-42c0-5a88-a07c-2ef459edcf06,a0124273-abbc-5873-a29e-480683469a9f,ba54eaa9-b19f-52c4-a118-0362d9ccb373,8,8,ያዘዝኋቸውንም ሁሉ ፥ ባሪያዬም ሙሴ ያዘዛቸውን ሕግ ሁሉ ቢያደርጉ ቢጠብቁም ለአባቶቻቸው ከሰጠኋት ምድር የእስራኤልን እግር እንደገና አላንቀሳቅስም” ባለው ቤት የሠራውን የማምለኪያ ዐፀድ የተቀረጸውንም ምስል አቆመ።
da0993ef-b1a3-54c4-ae72-826468e6336a,a0124273-abbc-5873-a29e-480683469a9f,ba54eaa9-b19f-52c4-a118-0362d9ccb373,9,9,ነገር ግን አልሰሙም፤ እግዚአብሔርም ከእስራኤል ልጆች ፊት ካጠፋቸው ከአሕዛብ ይልቅ በእግዚአብሔር ዐይኖች ፊት ክፉ ይሠሩ ዘንድ ምናሴ አሳታቸው።
c79c7158-8091-57fe-a5c8-6981463d8eb5,a0124273-abbc-5873-a29e-480683469a9f,ba54eaa9-b19f-52c4-a118-0362d9ccb373,10,10,እግዚአብሔርም በባሪያዎቹ በነቢያት ቃል እንዲህ ሲል ተናገረ፦
db033850-ec72-519f-a9a0-7d33f8f54ba1,a0124273-abbc-5873-a29e-480683469a9f,ba54eaa9-b19f-52c4-a118-0362d9ccb373,11,11,“የይሁዳ ንጉሥ ምናሴ ከእርሱ በፊት የነበሩ አሞራውያን ከሠሩት ሁሉ ይልቅ ይህን ክፉ ርኵሰት አድርጎአልና፥ ይሁዳንም ደግሞ በጣዖታቱ አስቶአልና፥
eb0f2d03-54c6-5bcf-aba2-168786ade7c4,a0124273-abbc-5873-a29e-480683469a9f,ba54eaa9-b19f-52c4-a118-0362d9ccb373,12,12,ስለዚህ የእስራኤል አምላክ እግዚአብሔር እንዲህ ይላል፦ እነሆ፥ የሚሰማውን ሁሉ ሁለቱ ጆሮቹን ጭው የሚያደርግ ክፉ ነገርን በኢየሩሳሌምና በይሁዳ ላይ አመጣለሁ።
bb563957-64d9-5e29-a96b-760997e6f6b6,a0124273-abbc-5873-a29e-480683469a9f,ba54eaa9-b19f-52c4-a118-0362d9ccb373,13,13,የሰማርያንም ገመድ የአክዓብንም ቤት ቱንቢ በኢየሩሳሌም ላይ እዘረጋለሁ፤ የሽቱ ዕቃ እንዲወለወል ኢየሩሳሌምን ወልውዬ በፊቷ እገለብጣታለሁ።
db3e9834-3fe6-5de9-a34c-0cebae8fafe7,a0124273-abbc-5873-a29e-480683469a9f,ba54eaa9-b19f-52c4-a118-0362d9ccb373,14,14,የሕዝቡንም ቅሬታ እጥላለሁ፤ በጠላቶቻቸውም እጅ አሳልፌ እሰጣቸዋለሁ፤ ለጠላቶቻቸውም ሁሉ ምርኮና ብዝበዛ ይሆናሉ፤
0b34203e-5072-5332-acf1-4be3c4e06481,a0124273-abbc-5873-a29e-480683469a9f,ba54eaa9-b19f-52c4-a118-0362d9ccb373,15,15,አባቶቻቸውን ከግብፅ ከአወጣኋቸው ቀን ጀምሮ እስከ ዛሬ ድረስ በፊቴ ክፉ ሠርተዋልና፥ አስቈጥተውኝማልና።”
0945e467-bdb0-59dc-ab2c-d74c135f1e88,a0124273-abbc-5873-a29e-480683469a9f,ba54eaa9-b19f-52c4-a118-0362d9ccb373,16,16,ደግሞም ምናሴ በእግዚአብሔር ዐይኖች ፊት ክፉ ይሠራ ዘንድ ይሁዳን ካሳተበት ኀጢአት ሌላ ከዳር እስከ ዳር ኢየሩሳሌምን እስኪሞላት ድረስ እጅግ ብዙ ንጹሕ ደምን አፈሰሰ።
d7feffe5-7ce7-5993-a796-f0e40426457c,a0124273-abbc-5873-a29e-480683469a9f,ba54eaa9-b19f-52c4-a118-0362d9ccb373,17,17,የምናሴም የቀረው ነገርና የሠራው ሥራ ሁሉ፥ ያደረገውም ኀጢአት፥ እነሆ፥ በይሁዳ ነገሥታት የታሪክ መጽሐፍ የተጻፈ አይደለምን?
9592863c-1022-5899-a7ea-3bf3a2f019f8,a0124273-abbc-5873-a29e-480683469a9f,ba54eaa9-b19f-52c4-a118-0362d9ccb373,18,18,ምናሴም ከአባቶቹ ጋር አንቀላፋ፥ በቤቱም አጠገብ ባለው በዖዛ አትክልት ቦታ ተቀበረ፤ ልጁም አሞጽ በእርሱ ፋንታ ነገሠ።
6f32830f-a8a4-5176-a31f-68065c53f994,a0124273-abbc-5873-a29e-480683469a9f,ae0ded7d-30c7-5688-a222-d01865906d9b,1,19,አሞጽም በነገሠ ጊዜ ሃያ ሁለት ዓመት ሆኖት ነበረ፤ በኢየሩሳሌምም ሁለት ዓመት ነገሠ፤ እናቱም የዮጥባ ሰው የሐሩስ ልጅ ሚሱላም ነበረች።
27406895-d67b-57cb-ac85-83c396b0426a,a0124273-abbc-5873-a29e-480683469a9f,ae0ded7d-30c7-5688-a222-d01865906d9b,2,20,አባቱ ምናሴም እንዳደረገ በእግዚአብሔር ፊት ክፉ ሠራ።
63a50fe2-456f-52f2-a243-7ac8217c2abf,a0124273-abbc-5873-a29e-480683469a9f,ae0ded7d-30c7-5688-a222-d01865906d9b,3,21,አባቱም በሄደበት መንገድ ሁሉ ሄደ፤ አባቱም ያመለካቸውን ጣዖታት አመለከ፥ ሰገደላቸውም።
99851181-0da5-5aaa-a122-b3b6d815b628,a0124273-abbc-5873-a29e-480683469a9f,ae0ded7d-30c7-5688-a222-d01865906d9b,4,22,የአባቶቹንም አምላክ እግዚአብሔርን ተወ፥ በእግዚአብሔርም መንገድ አልሄደም።
53eeb9aa-1e4e-5956-a973-5ad7f0b27081,a0124273-abbc-5873-a29e-480683469a9f,ae0ded7d-30c7-5688-a222-d01865906d9b,5,23,የአሞጽም ብላቴኖች አሴሩበት፤ ንጉሡንም በቤቱ ውስጥ ገደሉት።
90035d51-6e11-5c06-a0fa-7acdd2d4e93c,a0124273-abbc-5873-a29e-480683469a9f,ae0ded7d-30c7-5688-a222-d01865906d9b,6,24,የሀገሩ ሕዝብ ግን በንጉሡ በአሞጽ ላይ ያሴሩትን ሁሉ ገደሉ፤ የሀገሩም ሕዝብ ልጁን ኢዮስያስን በእርሱ ፋንታ አነገሡት።
fa79a1fa-d4ab-5eb2-a0a0-bf4bc4181d35,a0124273-abbc-5873-a29e-480683469a9f,ae0ded7d-30c7-5688-a222-d01865906d9b,7,25,የአሞጽም የቀረው ነገርና የሠራው ሥራ ሁሉ፥ እነሆ፥ በይሁዳ ነገሥታት የታሪክ መጽሐፍ የተጻፈ አይደለምን?
335185e9-ed12-59a4-abdd-b086a285d307,a0124273-abbc-5873-a29e-480683469a9f,ae0ded7d-30c7-5688-a222-d01865906d9b,8,26,በዖዛም የአትክልት ቦታ ባለው መቃብሩ ቀበሩት፤ ልጁም ኢዮስያስ በእርሱ ፋንታ ነገሠ።
98bac0c7-67a1-5eef-aa7b-6d25f9afc67a,83c3e4dd-f8e8-5b40-ab95-5529c352439a,270d4373-0ab4-59d5-a8f5-884f46f73c51,1,1,ኢዮስያስም መንገሥ በጀመረ ጊዜ የስምንት ዓመት ልጅ ነበረ፤ በኢየሩሳሌምም ሠላሳ አንድ ዓመት ነገሠ፤ እናቱም ከባሱሮት የሆነ የአዳያ ልጅ ይዲያ ነበረች።
c49ee773-09ce-5d50-a98f-c7665db53682,83c3e4dd-f8e8-5b40-ab95-5529c352439a,270d4373-0ab4-59d5-a8f5-884f46f73c51,2,2,በእግዚአብሔርም ፊት ቅን ነገርን አደረገ፤ በአባቱም በዳዊት መንገድ ሁሉ ሄደ፤ ቀኝም ግራም አላለም።
b902dd51-ba94-557c-a312-c537f46fae25,83c3e4dd-f8e8-5b40-ab95-5529c352439a,270d4373-0ab4-59d5-a8f5-884f46f73c51,3,3,በንጉሡም በኢዮስያስ በዐሥራ ስምንተኛው ዓመተ መንግሥት በስምንተኛው ወር ንጉሡ የእግዚአብሔርን ቤት ጸሓፊ የሜሱላምን ልጅ የኤሴልዩን ልጅ ሳፋንን እንዲህ ሲል ላከው፦
306d8ef1-1521-5b17-ab69-c3c37e803564,83c3e4dd-f8e8-5b40-ab95-5529c352439a,270d4373-0ab4-59d5-a8f5-884f46f73c51,4,4,“ወደ ታላቁ ካህን ወደ ኬልቅዩ ወጥተህ ደጃፉን የሚጠብቁ ከሕዝቡ የሰበሰቡትን ወደ እግዚአብሔር ቤት የገባውን ወርቅ ቍጠር።
eb784429-10ee-580d-a9de-9f48484d6a97,83c3e4dd-f8e8-5b40-ab95-5529c352439a,270d4373-0ab4-59d5-a8f5-884f46f73c51,5,5,በእግዚአብሔርም ቤት ላሉት ሠራተኞች አለቆች ይስጡት፤ እነርሱም የተናደውን የእግዚአብሔርን ቤት ለሚጠግኑት ሠራተኞች፥
10983cb0-cf51-566a-a864-8a0ec5f6ff14,83c3e4dd-f8e8-5b40-ab95-5529c352439a,270d4373-0ab4-59d5-a8f5-884f46f73c51,6,6,ለአናጢዎችና ለጠራቢዎች፥ ለድንጋይም ወቃሪዎች፥ መቅደሱንም ለመጠገን እንጨትንና የተወቀረውን ድንጋይ ለሚገዙ ይክፈሉት።”
079fece7-4127-51ea-afec-039ec33bcfec,83c3e4dd-f8e8-5b40-ab95-5529c352439a,270d4373-0ab4-59d5-a8f5-884f46f73c51,7,7,ነገር ግን እነርሱ በእምነት ይሠሩ ነበርና የሰጡአቸውን ገንዘብ አይቈጣጠሩአቸውም ነበር።
134ca5ee-27bc-5280-aafe-1c3a038c8168,83c3e4dd-f8e8-5b40-ab95-5529c352439a,96bc3404-c3ff-5fec-a586-f7f67189ea13,1,8,ታላቁ ካህንም ኬልቅያስ ጸሓፊውን ሳፋንን፥ “የሕጉን መጽሐፍ በእግዚአብሔር ቤት አግኝቻለሁ” አለው፤ ኬልቅያስም መጽሐፉን ለሳፋን ሰጠው፥ እርሱም አነበበው።
e25b7f0a-c30c-52ab-a385-6ca86c079fe3,83c3e4dd-f8e8-5b40-ab95-5529c352439a,96bc3404-c3ff-5fec-a586-f7f67189ea13,2,9,ጸሓፊውም ሳፋን ወደ ንጉሡ መጣ፤ ለንጉሡም፥ “በመቅደሱ የተገኘውን ገንዘብ አገልጋዮችህ አፈሰሱት፥ የእግዚአብሔርንም ቤት ሥራ ለመሥራት ለተመደቡት ሰዎች ሰጡት” ብሎ ነገረው።
a2fde1bd-97bc-5729-a231-fd5865f7a135,83c3e4dd-f8e8-5b40-ab95-5529c352439a,96bc3404-c3ff-5fec-a586-f7f67189ea13,3,10,ጸሓፊው ሳፋንም ለንጉሡ፥ “ካህኑ ኬልቅያስ የሕግ መጽሐፍ ሰጥቶኛል” ብሎ ነገረው። ሳፋንም በንጉሡ ፊት አነበበው።
892fac76-a3e7-5468-a8a0-4423009ce424,83c3e4dd-f8e8-5b40-ab95-5529c352439a,96bc3404-c3ff-5fec-a586-f7f67189ea13,4,11,ንጉሡም የሕጉን መጽሐፍ ቃል በሰማ ጊዜ ልብሱን ቀደደ።
a7d140ff-941f-5bef-af2e-4c23f9182309,83c3e4dd-f8e8-5b40-ab95-5529c352439a,96bc3404-c3ff-5fec-a586-f7f67189ea13,5,12,ንጉሡም ካህኑን ኬልቅያስን፥ የሳፋንንም ልጅ አኪቃምን፥ የሚክዩንም ልጅ ዓክቦርን፥ ጸሓፊውንም ሳፋንን፥ የንጉሡንም ብላቴና ዓስያን እንዲህ ብሎ አዘዛቸው፦
0a3ee6f5-6dc4-549c-a80b-dcdd18b67a3b,83c3e4dd-f8e8-5b40-ab95-5529c352439a,96bc3404-c3ff-5fec-a586-f7f67189ea13,6,13,“አባቶቻችን በእርስዋ የተጻፈውን ሁሉ ይሠሩ ዘንድ የዚህችን መጽሐፍ ቃል ስላልሰሙ በላያችን የነደደ የእግዚአብሔር ቍጣ እጅግ ነውና ሄዳችሁ ስለ እኔና ስለ ሕዝቡ ስለ ይሁዳም ሁሉ ስለዚችም ስለተገኘችው መጽሐፍ ቃል ሁሉ እግዚአብሔርን ጠይቁ።
2f1af357-49a2-586a-ade1-086c62cccad0,83c3e4dd-f8e8-5b40-ab95-5529c352439a,96bc3404-c3ff-5fec-a586-f7f67189ea13,7,14,እንዲሁም ካህኑ ኬልቅያስና አኪቃም ዓክቦርም ሳፋንና ዓሳያም ወደ ልብስ ጠባቂው ወደ ሓስራ ልጅ ወደ ቴቁዋ ልጅ ወደ ሴሌም ሚስት ወደ ነቢዪቱ ወደ ሕልዳና ሄዱ፤ እርስዋም በዚያ በኢየሩሳሌም በሁለተኛው ክፍል ተቀምጣ ነበር፤ ለእርስዋም ነገሩአት።
af5d1432-1d91-59f0-ae57-c7e249602bf1,83c3e4dd-f8e8-5b40-ab95-5529c352439a,96bc3404-c3ff-5fec-a586-f7f67189ea13,8,15,እርስዋም አለቻቸው፥ “የእስራኤል አምላክ እግዚአብሔር እንዲህ ይላል፦ ወደ እኔ ለላካችሁ ሰው እንዲህ ብላችሁ ንገሩት፦
08e5bcfd-c05d-581b-ab6f-9ac1fcdc532d,83c3e4dd-f8e8-5b40-ab95-5529c352439a,96bc3404-c3ff-5fec-a586-f7f67189ea13,9,16,እግዚአብሔር እንዲህ ይላል፦ እነሆ፥ የይሁዳ ንጉሥ እንዳነበበው እንደዚህ መጽሐፍ ቃል ሁሉ በዚህ ስፍራና በሚኖሩበት ላይ ክፉ ነገር አመጣለሁ።
00d1c9f5-bf35-55ae-acd3-2cdb78517b97,83c3e4dd-f8e8-5b40-ab95-5529c352439a,96bc3404-c3ff-5fec-a586-f7f67189ea13,10,17,በእጃችሁ ሥራ ሁሉ ታስቈጡኝ ዘንድ ትታችሁኛልና፥ ለሌሎች አማልክትም ዐጥናችኋልና ቍጣዬ በዚህ ስፍራ ላይ ይነድዳል፥ አይጠፋምም።
b2f87c6c-d30d-56b7-aef1-49c6c230c86e,83c3e4dd-f8e8-5b40-ab95-5529c352439a,96bc3404-c3ff-5fec-a586-f7f67189ea13,11,18,እግዚአብሔርን ለመጠየቅ ለላካችሁ ለይሁዳ ንጉሥ ግን እንዲህ በሉት፦ የእስራኤል አምላክ እግዚአብሔር እንዲህ ይላል፦ ስለ ሰማኸው ቃል፥
17d9d1ca-4c1b-5e4b-a3ce-53df5821c9c5,83c3e4dd-f8e8-5b40-ab95-5529c352439a,96bc3404-c3ff-5fec-a586-f7f67189ea13,12,19,ልብህን አላደነደንህምና፥ እነርሱም ለጥፋትና ለመርገም እንዲሆኑ በዚህ ስፍራና በሚኖሩበት ላይ የተናገርሁትን ሰምተህ በእግዚአብሔር ፊት ተዋርደሃልና፥ ልብስህን ቀድደሃልና፥ በፊቴም አልቅሰሃልና እኔ ደግሞ ሰምቼሃለሁ ይላል እግዚአብሔር።
67bf52e6-d426-5958-a532-b06a2a4323d8,83c3e4dd-f8e8-5b40-ab95-5529c352439a,96bc3404-c3ff-5fec-a586-f7f67189ea13,13,20,ነገሩ እንደዚህ አይደለም፤ ወደ አባቶችህ እሰበስብሃለሁ፥ በሰላምም ወደ መቃብርህ ትሰበሰባለህ፤ በዚህም ስፍራና በሚኖሩበት ላይ የማመጣውን ክፉ ነገር ዐይኖችህ አያዩም።” ይህንም ለንጉሡ ነገሩት።
c110bae3-bdaa-5d5a-ad7b-8387bed9ad3c,b2f72aea-53db-5f6a-a166-a3b310fa911e,f3defead-63c9-5b21-a41b-5a6be1098693,1,1,ንጉሡም ላከ፤ የይሁዳንና የኢየሩሳሌምንም ሽማግሌዎች ሁሉ ወደ እርሱ ሰበሰባቸው።
3934795f-ec91-55e7-a148-2003ef0eef3a,b2f72aea-53db-5f6a-a166-a3b310fa911e,f3defead-63c9-5b21-a41b-5a6be1098693,2,2,ንጉሡም ወደ እግዚአብሔር ቤት ወጣ፤ ከእርሱም ጋር የይሁዳ ሰዎች ሁሉ፥ በኢየሩሳሌምም የሚኖሩ ሁሉ፥ ካህናቱና ነቢያቱም፥ ሕዝቡም ሁሉ ከታናሾቹ ጀምሮ እስከ ታላቆቹ ድረስ ወጡ፤ በእግዚአብሔርም ቤት የተገኘውን የቃል ኪዳኑን መጽሐፍ ቃል ሁሉ በጆሮአቸው አነበበ።
78486afc-9863-5a90-a8f1-046eaa3871bb,b2f72aea-53db-5f6a-a166-a3b310fa911e,f3defead-63c9-5b21-a41b-5a6be1098693,3,3,ንጉሡም በዓምደ ወርቁ አጠገብ ቆሞ እግዚአብሔርን ይከተሉ ዘንድ፥ ትእዛዙንና ምስክሩንም ሥርዐቱንም በፍጹም ልባቸውና በፍጹም ነፍሳቸው ይጠብቁ ዘንድ፥ በዚህም መጽሐፍ የተጻፈውን የቃል ኪዳን ቃል ያጸኑ ዘንድ በእግዚአብሔር ፊት ቃል ኪዳን አደረገ፤ ሕዝቡም ሁሉ በቃል ኪዳን ጸኑ።
56718184-8d40-5b8a-ac53-70a7429a7be7,b2f72aea-53db-5f6a-a166-a3b310fa911e,f3defead-63c9-5b21-a41b-5a6be1098693,4,4,ንጉሡም የካህናቱን አለቃ ኬልቅያስን በሁለተኛውም መዓርግ ያሉትን ካህናት በረኞቹንም፥ ለበዓልና ለማምለኪያ ዐፀድ ለሰማይም ሠራዊት ሁሉ የተሠሩትን ዕቃዎች ሁሉ ከእግዚአብሔር መቅደስ ያወጡ ዘንድ አዘዛቸው፤ ከኢየሩሳሌምም ውጭ በቄድሮን ሜዳ አቃጠሉት፤ አመዱንም ወደ ቤቴል ወሰዱት።
5a525292-c0a9-5630-a77c-c6bd2c498a1f,b2f72aea-53db-5f6a-a166-a3b310fa911e,f3defead-63c9-5b21-a41b-5a6be1098693,5,5,የይሁዳ ነገሥታትም በይሁዳ ከተሞች በነበሩት በኮረብታው መስገጃዎች፥ በኢየሩሳሌምም ዙሪያ ባሉ መስገጃዎች ያጥኑ ዘንድ ያኖሩአቸውን የጣዖቱን ካህናት፥ ለበዓልና ለፀሐይ፥ ለጨረቃና ለከዋክብት ለሰማይም ሠራዊት ሁሉ ያጥኑ የነበሩትን አቃጠላቸው።
2d7c9bb3-e989-5607-a263-b3f31ddd5628,b2f72aea-53db-5f6a-a166-a3b310fa911e,f3defead-63c9-5b21-a41b-5a6be1098693,6,6,የማምለኪያ ዐፀድንም ጣዖት ከእግዚአብሔር ቤት ወደ ኢየሩሳሌም ውጭ ወደ ቄድሮን ፈፋ አወጣው፤ በቄድሮንም ፈፋ አጠገብ አቃጠለው፤ አድቅቆም ትቢያ አደረገው፥ ትቢያውንም በሕዝብ መቃብር ላይ ጨመረው።
c27cc4d0-a93f-5060-afb4-e087755b52f8,b2f72aea-53db-5f6a-a166-a3b310fa911e,f3defead-63c9-5b21-a41b-5a6be1098693,7,7,ሴቶቹም ለማምለኪያ ዐፀድ መጋረጃ ይፈትሉባቸው የነበሩትን በእግዚአብሔር ቤት ውስጥ ያሉትን የሰዶማውያንን ቤቶች አፈረሰ።
6945c0f0-3c78-5364-a6b5-462102ac7fdd,b2f72aea-53db-5f6a-a166-a3b310fa911e,f3defead-63c9-5b21-a41b-5a6be1098693,8,8,ካህናቱንም ሁሉ ከይሁዳ ከተሞች አወጣቸው፤ ከጌባልም ጀምሮ እስከ ቤርሳቤህ ድረስ ካህናት ያጥኑበት የነበረውን የኮረብታ መስገጃ ሁሉ ርኩስ አደረገው። በከተማዪቱም በር በግራ በኩል በነበረው በከተማዪቱ ሹም በኢያሱ በር መግቢያ አጠገብ የነበሩትን የበሮቹን መስገጃዎች አፈረሰ።
0937b3c3-e600-5a84-a35e-c027f3569360,b2f72aea-53db-5f6a-a166-a3b310fa911e,f3defead-63c9-5b21-a41b-5a6be1098693,9,9,የኮረብታው መስገጃዎች ካህናት ግን በኢየሩሳሌም ወዳለው ወደ እግዚአብሔር መሠዊያ አይመጡም ነበር፤ ብቻ በወንድሞቻቸው መካከል ቂጣ እንጀራ ይበሉ ነበር።
ade876c2-5754-59ee-a03c-21dd7978e740,b2f72aea-53db-5f6a-a166-a3b310fa911e,f3defead-63c9-5b21-a41b-5a6be1098693,10,10,ሰው ሁሉ ወንድ ልጁን ወይም ሴት ልጁን ለሞሎክ በእሳት እንዲሠዋ በሄኖም ልጅ ሸለቆ ቆሞ የነበረውን ጣፌትን ርኩስ አደረገው።
5d84e016-38fd-5f3a-a76e-f9add5f18aeb,b2f72aea-53db-5f6a-a166-a3b310fa911e,f3defead-63c9-5b21-a41b-5a6be1098693,11,11,የይሁዳም ነገሥታት በእግዚአብሔር ቤት መግቢያ አጠገብ በከተማው አቅራቢያ በነበረው በንጉሡ ጃንደረባ በናታን መኖሪያ አጠገብ ለፀሐይ የሰጡአቸውን ፈረሶች አቃጠለ፤ የፀሐይንም ሰረገሎች በእሳት አቃጠለ።
e955f836-43ca-52c4-a35f-c299f1a7a988,b2f72aea-53db-5f6a-a166-a3b310fa911e,f3defead-63c9-5b21-a41b-5a6be1098693,12,12,የይሁዳም ነገሥታት ያሠሩትን በአካዝ ቤት ሰገነት ላይ የነበሩትን መሠዊያዎች፥ ምናሴም ያሠራውን በእግዚአብሔር ቤት በሁለቱ ወለሎች ላይ የነበሩትን መሠዊያዎች ንጉሡ አስፈረሳቸው፤ ከዚያም አወረዳቸው፤ አደቀቃቸውም፥ ትቢያቸውንም በቄድሮን ፈፋ ጣለ።
24a73296-24bb-5045-ac66-f1ab589bad2b,b2f72aea-53db-5f6a-a166-a3b310fa911e,f3defead-63c9-5b21-a41b-5a6be1098693,13,13,በኢየሩሳሌምም ፊት ለፊት በርኵስት ተራራ ቀኝ የነበሩትን፥ የእስራኤል ንጉሥ ሰሎሞን ለሲዶናውያን ርኵስት ለአስታሮት፥ ለሞዓብም ርኵሰት ለካሞሽ፥ ለአሞንም ልጆች ርኵሰት ለሞሎክ ያሠራቸውን መስገጃዎች ንጉሡ ርኩስ አደረገ።
24866103-7890-5b48-a74f-aa1acc995d0b,b2f72aea-53db-5f6a-a166-a3b310fa911e,f3defead-63c9-5b21-a41b-5a6be1098693,14,14,ሐውልቶቹንም ሁሉ አደቀቀ፥ የማምለኪያ ዐፀዶቹንም ሁሉ ቈረጠ፤ በስፍራቸውም የሙታንን አጥንት ሞላበት።
ebfb6f0d-0547-51c5-a4e6-2e696f5a0bc4,b2f72aea-53db-5f6a-a166-a3b310fa911e,f3defead-63c9-5b21-a41b-5a6be1098693,15,15,ደግሞም በቤቴል ኮረብታ የነበረውን መሠዊያ፥ እስራኤልንም ያሳተ የናባጥ ልጅ ኢዮርብዓም ያሠራውን የኮረብታውን መስገጃ፥ ይህንም መሠዊያና መስገጃ አፈረሰ፤ ድንጋዮቹንም ሰባበረ፤ አድቅቆም ትቢያ አደረገው፤ የማምለኪያ ዐፀዱንም አቃጠለው።
7fa48ef3-a47c-5fd7-a71a-c355c7840701,b2f72aea-53db-5f6a-a166-a3b310fa911e,f3defead-63c9-5b21-a41b-5a6be1098693,16,16,ኢዮስያስም ዘወር ብሎ በከተማው የነበሩትን መቃብሮች አየ፤ ኢዮርብዓምም በበዓል ጊዜ የእግዚአብሔር ሰው እንደ ተናገረው እንደ እግዚአብሔር ቃል፥ ልኮ ከመቃብሮቹ አጥንቶቹን አስወጣ፥ በመሠዊያው ላይም አቃጠላቸው፥ አረከሰውም። ዘወርም ብሎ ይህን ቃል ወደ ተናገረው ወደ እግዚአብሔር ሰው መቃብር ዐይኖቹን አቀና። እንዲህም አለ፦
7e86f27d-10df-5ba5-a7ed-5d03bb31896b,b2f72aea-53db-5f6a-a166-a3b310fa911e,f3defead-63c9-5b21-a41b-5a6be1098693,17,17,“ይህ የማየው የተቀበረ ነገር ምንድን ነው?” አለ የዚያችም ከተማ ሰዎች፥ “ከይሁዳ መጥቶ በቤቴል መሠዊያ ላይ ይህን ያደረግኸውን ነገር የተናገረው የእግዚአብሔር ሰው መቃብር ነው” ብለው ነገሩት።
fa621939-fe49-5873-a61f-d1ba71311af1,b2f72aea-53db-5f6a-a166-a3b310fa911e,f3defead-63c9-5b21-a41b-5a6be1098693,18,18,እርሱም፥ “ተዉት፥ ማንም አጥንቱን አያንቀሳቅሰው” አለ፤ አጥንቶቹም ከሰማርያ ከመጣው ከነቢዩ አጥንት ጋር ዳኑ።
4d66df90-209d-583e-a163-9b3e24085a59,b2f72aea-53db-5f6a-a166-a3b310fa911e,f3defead-63c9-5b21-a41b-5a6be1098693,19,19,በሰማርያም ከተሞች የነበሩትን፥ እግዚአብሔርን ያስቈጡት ዘንድ የእስራኤል ነገሥታት የሠሩትን የኮረብታውን መስገጃዎች ኢዮስያስ አስወገዳቸው፤ በቤቴልም እንዳደረገው ነገር ሁሉ እንዲሁ አደረገባቸው።
03c3a3f3-f4b4-5a9f-a6f5-a9baf992bbe7,b2f72aea-53db-5f6a-a166-a3b310fa911e,f3defead-63c9-5b21-a41b-5a6be1098693,20,20,በዚያም የነበሩትን የኮረብታውን መስገጃዎች ካህናት ሁሉ በመሠዊያዎቹ ላይ ገደላቸው፥ የሰዎቹንም አጥንት በመሠዊያዎቹ ላይ አቃጠለ። ወደ ኢየሩሳሌምም ተመለሰ።
c18b4288-47a2-5a13-a350-648fd09e7585,b2f72aea-53db-5f6a-a166-a3b310fa911e,85fbc566-bacc-5e79-a835-b14b810e0c0b,1,21,ንጉሡም ሕዝቡን ሁሉ፥ “በዚህ በቃል ኪዳኑ መጽሐፍ እንደ ተጻፈው ለአምላካችሁ ለእግዚአብሔር ፋሲካን አድርጉ” ብሎ አዘዛቸው።
ff4ecdd3-4eb9-5751-a8e5-85a552f2b6b5,b2f72aea-53db-5f6a-a166-a3b310fa911e,85fbc566-bacc-5e79-a835-b14b810e0c0b,2,22,እንደዚህም ያለ ፋሲካ በእስራኤል ላይ ይፈርዱ ከነበሩ ከመሳፍንት ዘመን ጀምሮ በእስራኤልና በይሁዳ ነገሥታት ዘመን ሁሉ አልተደረገም።
761ad297-2f33-5a0f-abb1-64cf3b8ab598,b2f72aea-53db-5f6a-a166-a3b310fa911e,85fbc566-bacc-5e79-a835-b14b810e0c0b,3,23,ነገር ግን በይሁዳ ንጉሥ በኢዮስያስ በዐሥራ ስምንተኛው ዓመት ይህ ፋሲካ በኢየሩሳሌም ለእግዚአብሔር ተደረገ።
e7467d26-bfe4-57f0-acf0-626c52cbe5c9,b2f72aea-53db-5f6a-a166-a3b310fa911e,85fbc566-bacc-5e79-a835-b14b810e0c0b,4,24,ደግሞም ካህኑ ኬልቅያስ በእግዚአብሔር ቤት ባገኘው መጽሐፍ የተጻፈውን የሕጉን ቃል ያጸና ዘንድ፥ መናፍስት ጠሪዎቹንና ጠንቋዮቹን ተራፊምንና ጣዖታትንም በይሁዳ ሀገርና በኢየሩሳሌም የተገኘውን ርኵሰት ሁሉ ኢዮስያስ አስወገደ።
646f90de-1ba5-53f4-a77f-f5f26fd949b7,b2f72aea-53db-5f6a-a166-a3b310fa911e,85fbc566-bacc-5e79-a835-b14b810e0c0b,5,25,እንደ ሙሴም ሕግ ሁሉ በፍጹም ልቡ በፍጹምም ነፍሱ በፍጹምም ኀይሉ ወደ እግዚአብሔር የተመለሰ እንደ እርሱ ያለ ንጉሥ ከእርሱ አስቀድሞ አልነበረም፤ እንደ እርሱም ያለ ንጉሥ ከእርሱ በኋላ አልተነሣም።
241f2dcb-3d33-5733-a1b9-d510cba17d28,b2f72aea-53db-5f6a-a166-a3b310fa911e,85fbc566-bacc-5e79-a835-b14b810e0c0b,6,26,ነገር ግን ምናሴ ስላስቈጣው ነገር ሁሉ እግዚአብሔር በይሁዳ ላይ ከነደደው ከታላቁ ቍጣው ትኵሳት አልተመለሰም።
9cc74d84-d162-5d33-a5e8-f37ea31a6077,b2f72aea-53db-5f6a-a166-a3b310fa911e,85fbc566-bacc-5e79-a835-b14b810e0c0b,7,27,እግዚአብሔርም፥ “እስራኤልን እንዳራቅሁት ይሁዳን ከፊቴ አርቀዋለሁ፤ ይህችንም የመረጥኋትን ከተማ ኢየሩሳሌምንና፦ ስሜ በዚያ ይሆናል ያልሁትንም ቤት እጥላለሁ” አለ።
93863437-cae1-5b1a-a104-bb71c8350569,b2f72aea-53db-5f6a-a166-a3b310fa911e,85fbc566-bacc-5e79-a835-b14b810e0c0b,8,28,የቀረውም የኢዮስያስ ነገር፥ የሠራውም ሥራ ሁሉ፥ እነሆ፥ በይሁዳ ነገሥታት የታሪክ መጽሐፍ የተጻፈ አይደለምን?
0c9468d9-3c40-5c14-a7fa-aebfad44389f,b2f72aea-53db-5f6a-a166-a3b310fa911e,85fbc566-bacc-5e79-a835-b14b810e0c0b,9,29,በእርሱም ዘመን የግብፅ ንጉሥ ፈርዖን ኒካዑ ከአሦር ንጉሥ ጋር ሊጋጠም ወደ ኤፍራጥስ ወንዝ ወጣ፤ ንጉሡም ኢዮስያስ ከእርሱ ጋር ሊጋጠም ወጣ፤ ፈርዖንም በተገናኘው ጊዜ በመጊዶ ገደለው።
214cc4db-beb5-5ffa-ad54-aa1316811564,b2f72aea-53db-5f6a-a166-a3b310fa911e,85fbc566-bacc-5e79-a835-b14b810e0c0b,10,30,አገልጋዮቹም በድኑን በሰረገላው አድርገው ከመጊዶ ወደ ኢየሩሳሌም አመጡት፤ በመቃብሩም ቀበሩት። የሀገሩም ሰዎች የኢዮስያስን ልጅ ዮአክስን ወሰዱት። ቀብተውም በአባቱ ፋንታ አነገሡት።
64569dcd-0cc3-5524-a38f-b596f69fa8e9,b2f72aea-53db-5f6a-a166-a3b310fa911e,e509add8-8c4f-5d6e-ace0-eb57fe438148,1,31,ዮአክስም በነገሠ ጊዜ ሃያ ሦስት ዓመት ሆኖት ነበረ፤ በኢየሩሳሌምም ሦስት ወር ነገሠ። እናቱም አሚጣል ትባል ነበር፥ እርስዋም የሎብና ሰው የኤርምያስ ልጅ ነበረች።
a46f07c6-5378-57c9-a5cd-226f293da293,b2f72aea-53db-5f6a-a166-a3b310fa911e,e509add8-8c4f-5d6e-ace0-eb57fe438148,2,32,እርሱም አባቶቹ እንደ አደረጉ ሁሉ በእግዚአብሔር ፊት ክፉ አደረገ።
76012032-d99a-5dff-ae43-9c8d670945d9,b2f72aea-53db-5f6a-a166-a3b310fa911e,e509add8-8c4f-5d6e-ace0-eb57fe438148,3,33,በኢየሩሳሌምም እንዳይነግሥ ፈርዖን ኒካዑ በኤማት ምድር ባለችው በዴብላታ አሰረው፤ በምድሩም ላይ መቶ መክሊት ብርና አንድ መቶ መክሊት ወርቅ ፈሰሴ ጣለበት።
858e40d0-682f-5dcb-a4ac-1e2c2e812b3a,b2f72aea-53db-5f6a-a166-a3b310fa911e,e509add8-8c4f-5d6e-ace0-eb57fe438148,4,34,ፈርዖን ኒካዑም የይሁዳ ንጉሥ የኢዮስያስን ልጅ ኤልያቄምን በአባቱ በኢዮስያስ ፋንታ አነገሠ፤ ስሙንም ኢዮአቄም ብሎ ለወጠው። ዮአክስንም ወስዶ ወደ ግብፅ አፈለሰው፤ በዚያም ሞተ።
59f9ea83-f6b1-5664-ae3e-8adb59de1806,b2f72aea-53db-5f6a-a166-a3b310fa911e,e509add8-8c4f-5d6e-ace0-eb57fe438148,5,35,ኢዮአቄምም ብሩንና ወርቁን ለፈርዖን ሰጠው፤ እንደ ፈርዖንም ትእዛዝ ገንዘብ ይሰጥ ዘንድ ምድሩን አስገበረ፤ ለፈርዖን ኒካዑም ግብር ይሰጥ ዘንድ ከሀገሩ ሕዝብ ሁሉ እንደ ግምጋሜው ብርና ወርቅ አስከፈለ።
4dcfaff8-600e-5a6d-a557-c1f7ba1fa624,b2f72aea-53db-5f6a-a166-a3b310fa911e,d44af8ec-f342-5659-a01c-1a1b6e1d15fc,1,36,ኢዮአቄምም በነገሠ ጊዜ ሃያ አምስት ዓመት ሆኖት ነበረ፤ በኢየሩሳሌምም ዐሥራ አንድ ዓመት ነገሠ፤ እናቱም ሄልድፍ ትባል ነበር፤ እርስዋም የሩማ ሰው የፈዳያ ልጅ ነበረች።
5d840eb1-8884-5083-a051-82c63503ea9a,b2f72aea-53db-5f6a-a166-a3b310fa911e,d44af8ec-f342-5659-a01c-1a1b6e1d15fc,2,37,አባቶቹም እንዳደረጉ ሁሉ በእግዚአብሔር ፊት ክፉ አደረገ።
0e5f0072-f82f-5d0a-aa95-751fc9a28007,a836965c-ed80-5787-ad45-84739230b236,9d586bca-cc5d-514d-ad62-198e1c11a5ba,1,1,በእርሱም ዘመን የባቢሎን ንጉሥ ናቡከደነፆር ወጣ፤ ኢዮአቄምም ሦስት ዓመት ተገዛለት፤ ከዚያም በኋላ ዘወር አለና ዐመፀበት።
4902013f-3cdf-59a9-a604-bfd28c70b1ff,a836965c-ed80-5787-ad45-84739230b236,9d586bca-cc5d-514d-ad62-198e1c11a5ba,2,2,እግዚአብሔርም የከለዳውያንን አደጋ ጣዮች፥ የሶርያውያንንም አደጋ ጣዮች፥ የሞዓባውያንንም አደጋ ጣዮች፥ የአሞንንም ልጆች አደጋ ጣዮች ሰደደበት፤ በባሪያዎቹ በነቢያት ቃል እንደ ተናገረው እንደ እግዚአብሔር ቃል ያጠፉት ዘንድ በይሁዳ ላይ ሰደዳቸው።
f7c84625-b62e-5459-a394-5cdb6b66d9a4,a836965c-ed80-5787-ad45-84739230b236,9d586bca-cc5d-514d-ad62-198e1c11a5ba,3,3,ምናሴም ስላደረገው ኀጢአት ሁሉ ከፊቱ ያርቀው ዘንድ የእግዚአብሔር ቍጣ በይሁዳ ላይ ሆነ፤
8b576691-a694-5707-a7d6-9838af859b3c,a836965c-ed80-5787-ad45-84739230b236,9d586bca-cc5d-514d-ad62-198e1c11a5ba,4,4,ጻድቁንም ስለ ገደለ ኢየሩሳሌምንም በንጹሕ ደም ስለ ሞላ እግዚአብሔር ይራራ ዘንድ አልወደደም።
ea81f7e0-1af2-51d8-a826-213cd91f6e64,a836965c-ed80-5787-ad45-84739230b236,9d586bca-cc5d-514d-ad62-198e1c11a5ba,5,5,የቀረውም የኢዮአቄም ነገር፥ የሠራውም ሥራ ሁሉ፥ እነሆ፥ በይሁዳ ነገሥታት የታሪክ መጽሐፍ የተጻፈ አይደለምን?
12dc37fa-3107-5c44-ae20-a9981551b195,a836965c-ed80-5787-ad45-84739230b236,9d586bca-cc5d-514d-ad62-198e1c11a5ba,6,6,ኢዮአቄምም ከአባቶቹ ጋር አንቀላፋ፤ በኦዛም የአትክልት ቦታ ተቀበረ ልጁም ዮአኪን በእርሱ ፋንታ ነገሠ።
c26255f9-8556-5884-a771-bfed2fc5dc4b,a836965c-ed80-5787-ad45-84739230b236,9d586bca-cc5d-514d-ad62-198e1c11a5ba,7,7,የባቢሎንም ንጉሥ ለግብፅ ንጉሥ የነበረውን ሁሉ ከግብፅ ወንዝ ጀምሮ እስከ ኤፍራጥስ ወንዝ ድረስ ወስዶ ነበርና የግብፅ ንጉሥ ከዚያ ወዲህ ከሀገሩ አልወጣም።
629bd403-9f60-529b-ad54-60b153d4786b,a836965c-ed80-5787-ad45-84739230b236,02a42070-cb73-5a32-a3d0-d126b00f68c6,1,8,ዮአኪንም በነገሠ ጊዜ ዐሥራ ስምንት ዓመት ሆኖት ነበረ፤ በኢየሩሳሌምም ሦስት ወር ነገሠ፤ እናቱም ኒስታ ትባል ነበር፤ እርስዋም የኢየሩሳሌም ሰው የኤልናታን ልጅ ነበረች።
2c4ab4a9-7a15-5ade-aa0b-babc4a9047ce,a836965c-ed80-5787-ad45-84739230b236,02a42070-cb73-5a32-a3d0-d126b00f68c6,2,9,አባቶቹም እንዳደረጉ ሁሉ በእግዚአብሔር ፊት ክፉ አደረገ።
58d1bc3b-1459-5bf3-aa0c-1b1b1f40ac9d,a836965c-ed80-5787-ad45-84739230b236,02a42070-cb73-5a32-a3d0-d126b00f68c6,3,10,በዚያም ወራት የባቢሎን ንጉሥ የናቡከደነፆር ሠራዊት ወደ ኢየሩሳሌም ወጡ፤ ከተማዪቱም ተከበበች።
1d83eb5b-966c-59e1-ace4-89d9147a79eb,a836965c-ed80-5787-ad45-84739230b236,02a42070-cb73-5a32-a3d0-d126b00f68c6,4,11,የባቢሎን ንጉሥ ናቡከደነፆርም ወደ ከተማዪቱ መጣ። ሠራዊቱም ከበቡአት።
21aa8198-3f4f-5373-a31a-8f8ffedf01e3,a836965c-ed80-5787-ad45-84739230b236,02a42070-cb73-5a32-a3d0-d126b00f68c6,5,12,የይሁዳም ንጉሥ ዮአኪን ከእናቱ፥ ከብላቴኖቹም፥ ከአለቆቹም፥ ከጃንደረቦቹም ጋር ወደ ባቢሎን ንጉሥ ወጣ፤ የባቢሎንም ንጉሥ በነገሠ በስምንተኛው ዓመት ያዘው።
89fea3eb-b4f6-5f10-af91-d62690c99d18,a836965c-ed80-5787-ad45-84739230b236,02a42070-cb73-5a32-a3d0-d126b00f68c6,6,13,የእግዚአብሔርን ቤተ መዛግብት ሁሉ የንጉሡንም ቤተ መዛግብት ከዚያ አወጣ፤ እግዚአብሔርም እንደ ተናገረው የእስራኤል ንጉሥ ሰሎሞን ለእግዚአብሔር መቅደስ የሠራውን የወርቁን ዕቃ ሁሉ ሰባበረ።
caf15305-388f-5a43-add4-e52d7847e096,a836965c-ed80-5787-ad45-84739230b236,02a42070-cb73-5a32-a3d0-d126b00f68c6,7,14,ኢየሩሳሌምንም አጠፋት፥ አለቆቹንም ሁሉ፥ ጽኑዓኑንና ኀያላኑን ሁሉ፥ ጠራቢዎቹንም ሁሉ፥ ብረት ሠራተኞቹንም ሁሉ ዐሥር ሺህ ምርኮኞችን ሁሉ አፈለሰ፤ ከሀገሩ ድሆች በቀር ማንም አልቀረም።
a7693134-2b31-5ac3-af49-007d04e0e7bf,a836965c-ed80-5787-ad45-84739230b236,02a42070-cb73-5a32-a3d0-d126b00f68c6,8,15,ዮአኪንንም ወደ ባቢሎን አፈለሰ፤ የንጉሡንም እናት፥ የንጉሡንም ሚስቶች፥ ጃንደረቦቹንም፥ የሀገሩንም ታላላቆች ከኢየሩሳሌም ወደ ባቢሎን ማረከ።
c439003b-72de-54b4-a34e-b698a80d7a2a,a836965c-ed80-5787-ad45-84739230b236,02a42070-cb73-5a32-a3d0-d126b00f68c6,9,16,የባቢሎንም ንጉሥ ሰባት ሺህ ያህል፥ ብርቱዎችንና ሰልፍ የሚችሉትን ሁሉ፥ ኀያላኑን ሁሉ አንድ ሺህ የሚሆኑ ጠራቢዎችንና ብረት ሠራተኞችንም ወደ ባቢሎን ማረከ።
6908821a-2737-5b0e-a373-66c1e857c43f,a836965c-ed80-5787-ad45-84739230b236,02a42070-cb73-5a32-a3d0-d126b00f68c6,10,17,የባቢሎንም ንጉሥ የዮአኪንን አጎት ማታንያን በእርሱ ፋንታ አነገሠ፤ ስሙንም ሴዴቅያስ ብሎ ለወጠው።
230695b8-fbef-5f21-a6ff-25abf2526296,a836965c-ed80-5787-ad45-84739230b236,a51fb598-bba8-5354-a737-f7e1a1515415,1,18,ሴዴቅያስም በነገሠ ጊዜ ሃያ አንድ ዓመት ሆኖት ነበረ፤ በኢየሩሳሌምም ዐሥራ አንድ ዓመት ነገሠ፤ እናቱም አሚጣል የተባለች የሎብና ሰው የኤርምያስ ልጅ ነበረች።
0f641d0f-77dd-5e4c-acc0-96c06f428de1,a836965c-ed80-5787-ad45-84739230b236,a51fb598-bba8-5354-a737-f7e1a1515415,2,19,ኢዮአቄምም እንዳደረገው ሁሉ በእግዚአብሔር ፊት ክፉ አደረገ።
d962ed55-89db-5c1b-a091-5dd0014fcef6,a836965c-ed80-5787-ad45-84739230b236,a51fb598-bba8-5354-a737-f7e1a1515415,3,20,ከፊቱ አውጥቶ እስኪጥላቸው ድረስ ይህ ነገር በእግዚአብሔር ቍጣ በኢየሩሳሌምና በይሁዳ ላይ ሆኖአልና፤ ሴዴቅያስም በባቢሎን ንጉሥ ላይ ዐመፀ።
853bc263-79a8-5933-abea-6c9f5189538b,19cf3dd4-afb3-5262-a229-353c8b928653,e86dd032-0c0c-5a29-a261-bd3a64f2934c,1,1,ሴዴቅያስም በነገሠ በዘጠነኛው ዓመት በዐሥረኛው ወር ከወሩም በዐሥረኛው ቀን የባቢሎን ንጉሥ ናቡከደነፆር ከሠራዊቱ ሁሉ ጋር ወደ ኢየሩሳሌም መጥቶ ሰፈረባት፤ በዙሪያዋም ዕርድ ሠራባት።
4374514c-0ff8-55ea-a3ee-5f649f2739e4,19cf3dd4-afb3-5262-a229-353c8b928653,e86dd032-0c0c-5a29-a261-bd3a64f2934c,2,2,ከተማዪቱም እስከ ንጉሡ እስከ ሴዴቅያስ ዐሥራ አንደኛው ዓመተ መንግሥት እስከ አራተኛው ወር እስከ ዘጠነኛው ቀን ድረስ ተከብባ ነበር።
7d3e3345-17b4-56a4-abe7-c8fc83801b78,19cf3dd4-afb3-5262-a229-353c8b928653,e86dd032-0c0c-5a29-a261-bd3a64f2934c,3,3,በከተማዪቱም ራብ ጸንቶ ነበርና ለሀገሩ ሰዎች እህል ታጣ።
acd331c9-7aaa-50ca-a466-0623ed8ecaf0,19cf3dd4-afb3-5262-a229-353c8b928653,e86dd032-0c0c-5a29-a261-bd3a64f2934c,4,4,ከተማዪቱም ተሰበረች፤ ሰልፈኞችም ሁሉ በሁለት ቅጥር መካከል ባለው በር ወደ ንጉሡ አትክልት በሚወስደው መንገድ በሌሊት ሸሹ፤ ከለዳውያንም በከተማዪቱ ዙሪያ ነበሩ፤ ወደ ምድረ በዳ በሚወስደውም መንገድ ሄዱ።
2c05b2ed-1fd3-53d5-ab1a-ddcd14304fb8,19cf3dd4-afb3-5262-a229-353c8b928653,e86dd032-0c0c-5a29-a261-bd3a64f2934c,5,5,የከለዳውያንም ሠራዊት ንጉሡን ተከተሉ፤ በኢያሪኮም በኩል ባለው ሜዳ ያዙት፤ ሠራዊቱም ሁሉ ከእርሱ ተለይተው ተበትነው ነበር።
90679f1f-841b-5083-ab3e-574cc8536bcd,19cf3dd4-afb3-5262-a229-353c8b928653,e86dd032-0c0c-5a29-a261-bd3a64f2934c,6,6,ንጉሡንም ይዘው የባቢሎን ንጉሥ ወዳለበት የኢየሩሳሌም ክፍል ወደምትሆን ወደ ዴብላታ ወሰዱት፤ ፍርድም ፈረዱበት።
bacabddd-8cdd-5d5f-a20c-36c112e44224,19cf3dd4-afb3-5262-a229-353c8b928653,e86dd032-0c0c-5a29-a261-bd3a64f2934c,7,7,የሴዴቅያስንም ልጆች በፊቱ ገደሉአቸው፤ የሴዴቅያስንም ዐይኖች አወጡ፤ በሰንሰለትም አሰሩት፤ ወደ ባቢሎንም ወሰዱት።
04a56d39-7742-5ba7-af9e-cb3f32ec318e,19cf3dd4-afb3-5262-a229-353c8b928653,e86dd032-0c0c-5a29-a261-bd3a64f2934c,8,8,በባቢሎንም ንጉሥ በናቡከደነፆር በዐሥራ ዘጠነኛው ዓመት በአምስተኛው ወር ከወሩም በሰባተኛው ቀን በባቢሎን ንጉሥ ፊት የሚቆመው የአበዛዎች አለቃ ናቡዛርዳን ወደ ኢየሩሳሌም ወጣ።
43da383f-0af8-5bd2-ad57-8233f735d7ae,19cf3dd4-afb3-5262-a229-353c8b928653,e86dd032-0c0c-5a29-a261-bd3a64f2934c,9,9,የንጉሡም የአበዛዎች አለቃ የእግዚአብሔርን ቤትና የንጉሡን ቤት አቃጠለ። የኢየሩሳሌምንም ቤቶች ሁሉ በእሳት አቃጠለ።
58270ae9-d562-5f9e-ac7e-9a69229908ca,19cf3dd4-afb3-5262-a229-353c8b928653,e86dd032-0c0c-5a29-a261-bd3a64f2934c,10,10,የከለዳውያን ሠራዊት ሁሉ የኢየሩሳሌምን የአንባዋን ቅጥር ዙሪያዋን አፈረሱ።
ab0649a1-dffc-5e56-a58c-3a629ef1fa6c,19cf3dd4-afb3-5262-a229-353c8b928653,e86dd032-0c0c-5a29-a261-bd3a64f2934c,11,11,የአበዛዎች አለቃ ናቡዛርዳንም በከተማዪቱ ውስጥ የቀረውን ሕዝብ፥ ሸሽተውም ወደ ባቢሎን ንጉሥ የተጠጉትን፥ የቀሩትንም ሕዝብ ሁሉ ማርኮ ወሰደ።
3d7c6334-f12c-57e7-ad39-52356ac10ad5,19cf3dd4-afb3-5262-a229-353c8b928653,e86dd032-0c0c-5a29-a261-bd3a64f2934c,12,12,የአበዛዎችም አለቃ ከሀገሩ ድሆች ወይን ተካዮችና አራሾች እንዲሆኑ አስቀረ።
7aa0aaf2-0744-5049-ab5f-d02a37616de6,19cf3dd4-afb3-5262-a229-353c8b928653,e86dd032-0c0c-5a29-a261-bd3a64f2934c,13,13,ከለዳውያንም በእግዚአብሔር ቤት ውስጥ የነበሩትን የናስ ዓምዶች፥ በእግዚአብሔርም ቤት የነበሩትን መቀመጫዎችና የናስ ኵሬዎች ሰባበሩ፤ ናሱንም ወደ ባቢሎን ወሰዱ።
6b0717a5-af99-59ce-a6c8-898689764169,19cf3dd4-afb3-5262-a229-353c8b928653,e86dd032-0c0c-5a29-a261-bd3a64f2934c,14,14,ምንቸቶቹንና ማንካዎቹንም፥ መኰስተሪያዎቹንና ጭልፋዎቹንም የሚያገለግሉበትንም የናስ ዕቃ ሁሉ ወሰዱ።
3b9c90d7-ca33-557c-a19e-c5ef3e25feed,19cf3dd4-afb3-5262-a229-353c8b928653,e86dd032-0c0c-5a29-a261-bd3a64f2934c,15,15,የአበዛዎች አለቃም ጥናዎቹን ከወርቅና ከብር የተሠሩ መኰስተሪያዎችንም ወሰደ።
3336af0f-5287-531f-a328-da6f2c3890c9,19cf3dd4-afb3-5262-a229-353c8b928653,e86dd032-0c0c-5a29-a261-bd3a64f2934c,16,16,ሰሎሞንም ለእግዚአብሔር ቤት የሠራቸውን ሁለቱን ዓምዶች፥ አንዱንም ኵሬ መቀመጫዎቹንም ወሰደ፤ ለእነዚህም ዕቃዎች ሁሉ ናስ ሚዛን አልነበረውም።
7aefe547-49e1-5f79-a9c1-c154e4a3c329,19cf3dd4-afb3-5262-a229-353c8b928653,e86dd032-0c0c-5a29-a261-bd3a64f2934c,17,17,የአንዱም ዓምድ ቁመት ዐሥራ ስምንት ክንድ ነበረ፥ የናስም ጕልላት ነበረበት፤ የጕልላቱም ርዝመት ሦስት ክንድ ነበረ፥ በጕልላቱም ላይ በዙሪያው የናስ መርበብና ሮማኖች ነበሩ፤ እንዲሁም ደግሞ በሁለተኛው ዓምድ ላይ መርበብ ነበረበት።
42fe314c-257c-56ca-a58d-2996f933092d,19cf3dd4-afb3-5262-a229-353c8b928653,c37c91be-b914-550e-a710-2da7cecfaed2,1,18,የአበዛዎችም አለቃ ታላቁን ካህን ሠራያን ሁለተኛውንም ካህን ሶፎንያስን ሦስቱንም በረኞች ማርኮ ወሰደ።
47517366-526c-5353-a024-c900d95d0935,19cf3dd4-afb3-5262-a229-353c8b928653,c37c91be-b914-550e-a710-2da7cecfaed2,2,19,ከከተማዪቱም በሰልፈኞች ላይ ተሾመው ከነበሩት አንዱን ጃንደረባ፥ በከተማዪቱም የተገኙትን በንጉሡ ፊት የሚቆሙትን አምስቱን ሰዎች፥ የሀገሩንም ሕዝብ የሚያሰልፍ የሠራዊቱን አለቃ ጸሓፊ፥ በከተማዪቱም ከተገኙት ከሀገሩ ሕዝብ ስድሳ ሰዎችን ወሰደ።
08c487e7-a02e-5d7b-aa6b-23636fdd7db8,19cf3dd4-afb3-5262-a229-353c8b928653,c37c91be-b914-550e-a710-2da7cecfaed2,3,20,የአበዛዎቹም አለቃ ናቡዛርዳን ማርኮ የባቢሎን ንጉሥ ወዳለበት ወደ ዴብላታ አመጣቸው።
4c100893-932f-5c38-a837-0af38f1860e5,19cf3dd4-afb3-5262-a229-353c8b928653,c37c91be-b914-550e-a710-2da7cecfaed2,4,21,የባቢሎንም ንጉሥ መታቸው፥ በኤማትም ምድር ባለችው በዴብላታ ገደላቸው። እንዲሁም ይሁዳ ከሀገሩ ተማረከ።
e25f4234-0941-5e7d-ac0a-44f61e8dff6f,19cf3dd4-afb3-5262-a229-353c8b928653,a0b99bd3-2832-5dd6-a766-81dc64426d89,1,22,የባቢሎንም ንጉሥ ናቡከደነፆር በይሁዳ ምድር በቀረው ሕዝብ ላይ የሳፋንን ልጅ የአኪቃምን ልጅ ጎዶልያን ሾመው።
ef7b4dd4-f0ee-52af-afb7-ce22cacb5bc3,19cf3dd4-afb3-5262-a229-353c8b928653,a0b99bd3-2832-5dd6-a766-81dc64426d89,2,23,የሠራዊቱም አለቆች ሁሉ ሰዎቻቸውም፥ የናታንዩ ልጅ እስማኤል፥ የቃሬያን ልጅ ዮሐናን፥ የነጦፋዊውም የተንሑሜት ልጅ ሴሪያ፥ የማዕካታዊው ልጅ አዛንያ፥ ሰዎቻቸውም የባቢሎን ንጉሥ ጎዶልያን እንደ ሾመው በሰሙ ጊዜ ወደ ጎዶልያ ወደ መሴፋ መጡ።
0b62306f-bf62-5c76-abe7-a69f029eb16a,19cf3dd4-afb3-5262-a229-353c8b928653,a0b99bd3-2832-5dd6-a766-81dc64426d89,3,24,ጎዶልያም፥ “ከከለዳውያን ሎሌዎች የተነሣ አትፍሩ፤ በሀገሩ ተቀመጡ፤ ለባቢሎንም ንጉሥ ተገዙ፤ መልካምም ይሆንላችኋል” ብሎ ለእነርሱና ለሰዎቻቸው ማለላቸው።
64f07faa-ea21-54a5-ac93-8359b5e39ffa,19cf3dd4-afb3-5262-a229-353c8b928653,a0b99bd3-2832-5dd6-a766-81dc64426d89,4,25,በሰባተኛው ወር ግን የመንግሥት ዘር የነበረ የኤልሴማ ልጅ የናታንዩ ልጅ እስማኤል መጣ፤ ከእርሱም ጋር ዐሥር ሰዎች ነበሩ፤ ጎዶልያንም መታው፤ ሞተም፤ ከእርሱም ጋር በመሴፋ የነበሩትን አይሁድንና ከለዳውያንንም ገደላቸው።
909e47ff-7be4-5738-ad8e-d25f629f7672,19cf3dd4-afb3-5262-a229-353c8b928653,a0b99bd3-2832-5dd6-a766-81dc64426d89,5,26,ከለዳውያንንም ፈርተው ነበርና ከታናሹ ጀምሮ እስከ ታላቁ ድረስ ሕዝቡ ሁሉ፥ የሠራዊቱም አለቆች ተነሥተው ወደ ግብፅ ገቡ።
bcf6a68c-4630-56b8-afa2-c7cffb2c283d,19cf3dd4-afb3-5262-a229-353c8b928653,ee613227-7f39-57f6-a2bc-a99dd45067a5,1,27,እንዲህም ሆነ፤ የይሁዳ ንጉሥ ዮአኪን በተማረከ በሠላሳ ሰባተኛው ዓመት በዐሥራ ሁለተኛው ወር ከወሩም በሃያ ሰባተኛው ቀን የባቢሎን ንጉሥ ዮርማሮዴቅ በነገሠ በአንደኛው ዓመት የይሁዳን ንጉሥ ዮአኪንን ከፍ አደረገው፤ ከወህኒ ቤትም አወጣው፤
3fd35d33-b9dd-5daf-a1fe-1bb52df6e3a7,19cf3dd4-afb3-5262-a229-353c8b928653,ee613227-7f39-57f6-a2bc-a99dd45067a5,2,28,መልካም ነገርንም ተናገረው፥ ዙፋኑንም ከእርሱ ጋር በባቢሎን ከነበሩት ነገሥታት ዙፋን በላይ አደረገለት።
070694cb-f11a-5b01-aae4-cb26d7f3c2c1,19cf3dd4-afb3-5262-a229-353c8b928653,ee613227-7f39-57f6-a2bc-a99dd45067a5,3,29,በወህኒም ውስጥ ለብሶት የነበረውን ልብስ ለወጠለት፤ ዮአኪንም በሕይወቱ ዘመን ሁሉ በፊቱ ሁልጊዜ እንጀራ ይበላ ነበር።
958f3f31-c5d5-5405-a898-798b25626eca,19cf3dd4-afb3-5262-a229-353c8b928653,ee613227-7f39-57f6-a2bc-a99dd45067a5,4,30,ቀለቡንም ሁልጊዜ ከንጉሡ ቤት ይቀበል ነበር፤ በሕይወቱም ዘመን ሁሉ የዘወትር ቀለቡን ዕለት ዕለት ይሰጡት ነበር።
7ea80fb4-04f5-59d9-ab2d-511b3b634724,938a3c6d-1b48-5d9e-aaf0-6f5141ffa37a,3ab964dd-af2d-5b2a-ad11-2ee6adaf6a30,1,1,አዳም፥ ሴት፥ ሄኖስ፥
ac928303-d06a-5607-a2ea-89b7e6f04e20,938a3c6d-1b48-5d9e-aaf0-6f5141ffa37a,3ab964dd-af2d-5b2a-ad11-2ee6adaf6a30,2,2,ቃይናን፥ መላልኤል፥ ያሬድ፥
908bce9a-3553-593d-a7be-1fb3886be27b,938a3c6d-1b48-5d9e-aaf0-6f5141ffa37a,3ab964dd-af2d-5b2a-ad11-2ee6adaf6a30,3,3,ሄኖክ፥ ማቱሳላ፥ ላሜሕ፥
ea24ab60-3d72-58cd-aa09-71bec2062c52,938a3c6d-1b48-5d9e-aaf0-6f5141ffa37a,3ab964dd-af2d-5b2a-ad11-2ee6adaf6a30,4,4,ኖኅ፥ ልጆቹም ሴም፥ ካም፥ ያፌት።
fe83dd89-2b4e-53ec-a132-d648abd67e70,938a3c6d-1b48-5d9e-aaf0-6f5141ffa37a,3ab964dd-af2d-5b2a-ad11-2ee6adaf6a30,5,5,የያፌት ልጆች ጋሜር፥ ማጎግ፥ ማዳይ፥ ይሕያን፥ ኤልሳ፥ ቶቤል፥ ሞሳሕና ቲራም።
367f97af-426c-5994-a408-78b05d24164f,938a3c6d-1b48-5d9e-aaf0-6f5141ffa37a,3ab964dd-af2d-5b2a-ad11-2ee6adaf6a30,6,6,የጋሜርም ልጆች አስካናስ፥ ሪፋት፥ ቶርጋማ።
cce0b86d-aece-5aad-a5bc-f6460016e45d,938a3c6d-1b48-5d9e-aaf0-6f5141ffa37a,3ab964dd-af2d-5b2a-ad11-2ee6adaf6a30,7,7,የይሕያ ልጆች ኤልሳ፥ ተርሴስ፥ ኬቲም፥ ሮድኢ።
3953cba6-b1e3-5cb5-a787-4467d96156ce,938a3c6d-1b48-5d9e-aaf0-6f5141ffa37a,3ab964dd-af2d-5b2a-ad11-2ee6adaf6a30,8,8,የካምም ልጆች፤ ኩሽ፥ ምስራይም፥ ፉጥ፥ ከነዓን።
d0eda070-7aed-53df-ade3-4ec65540e0a2,938a3c6d-1b48-5d9e-aaf0-6f5141ffa37a,3ab964dd-af2d-5b2a-ad11-2ee6adaf6a30,9,9,የኩሽም ልጆች፤ ሳባ፥ ኤውላጥ፥ ሳበታ፥ ሬግማን፥ ሱቦን። የሬግማንም ልጆች፤ ሴባ፥ ዳዳን።
aff710cc-06bb-5f0b-af6f-629b87fcc1a2,938a3c6d-1b48-5d9e-aaf0-6f5141ffa37a,3ab964dd-af2d-5b2a-ad11-2ee6adaf6a30,10,10,ኩሽም ናምሩድን ወለደ፤ እርሱም በምድር ላይ አዳኝና ኀያል መሆንን ጀመረ።
7f9d126e-9a0b-5a6c-a734-514c17e4e3dc,938a3c6d-1b48-5d9e-aaf0-6f5141ffa37a,3ab964dd-af2d-5b2a-ad11-2ee6adaf6a30,11,11,ምሥራይም ሎዲአምን፥ ዐናኒምን፥ ሎቢንን፥ ንፍታሌምን፥
48de3b85-cb87-538f-a789-e1bc768b0d58,938a3c6d-1b48-5d9e-aaf0-6f5141ffa37a,3ab964dd-af2d-5b2a-ad11-2ee6adaf6a30,12,12,ጴጥሮሳኒኤምን፥ ፍልስጥኤማውያን የወጡበትን ከሰሎንኤምን፥ ከፋቱሪምን ወለደ።
7f2d2b22-66be-57c7-a3a5-9393064cf737,938a3c6d-1b48-5d9e-aaf0-6f5141ffa37a,3ab964dd-af2d-5b2a-ad11-2ee6adaf6a30,13,13,ከነዓን የበኵር ልጁን ሲዶንን፥ ኬጤዎንን፥
27932334-0a51-5099-a3c0-d7ee08d05202,938a3c6d-1b48-5d9e-aaf0-6f5141ffa37a,3ab964dd-af2d-5b2a-ad11-2ee6adaf6a30,14,14,ኤያቡሴዎንን፥ አሞሬዎንን፥ ጌርጌሴዎንን፥
067ffd77-6a02-5094-a156-ae7380563edb,938a3c6d-1b48-5d9e-aaf0-6f5141ffa37a,3ab964dd-af2d-5b2a-ad11-2ee6adaf6a30,15,15,አዌዎንን፥ አረቄዎንን፥ ኤሴነዎንን፥
d7b9f920-01b9-5e30-a9a6-ff9215372960,938a3c6d-1b48-5d9e-aaf0-6f5141ffa37a,3ab964dd-af2d-5b2a-ad11-2ee6adaf6a30,16,16,አራዴዎንን፥ ሰማሬዎንን፥ አማቲን ወለደ።
02549978-efad-5bc8-a758-1dac490ba467,938a3c6d-1b48-5d9e-aaf0-6f5141ffa37a,3ab964dd-af2d-5b2a-ad11-2ee6adaf6a30,17,17,የሴምም ልጆች፤ አይላም፥ አሡር፥ አርፋክስድ፥ ሉድ፥ አራም፥ የአራምም ልጆች፤ ኡስ፥ ዑል፥ ጋቴር፥ ሞሳክ።
997de331-e1bd-5cfb-a3e7-790e8c6dd95f,938a3c6d-1b48-5d9e-aaf0-6f5141ffa37a,3ab964dd-af2d-5b2a-ad11-2ee6adaf6a30,18,18,አርፋክስድም ቃይናንን ወለደ፤ ቃይናንም ሳላን ወለደ፤ ሳላም ኤቦርን ወለደ።
2098855f-a0fa-5cbc-a38d-b451fa10ac3a,938a3c6d-1b48-5d9e-aaf0-6f5141ffa37a,3ab964dd-af2d-5b2a-ad11-2ee6adaf6a30,19,19,ለኤቦርም ሁለት ልጆች ተወለዱለት፤ በዘመኑ ምድር ተከፋፍላለችና የአንደኛው ስም ፋሌቅ ተባለ፤ የወንድሙም ስም ዮቅጣን ነበረ፤
2054259e-1585-5883-a945-afee66e8a0aa,938a3c6d-1b48-5d9e-aaf0-6f5141ffa37a,3ab964dd-af2d-5b2a-ad11-2ee6adaf6a30,20,20,ዮቅጣንም ኤልሞዳድን፥ ሣሌፍን፥ ኤራሞትን፥ ያራሕን፥
b6f6f366-5328-5204-af71-e701921736a1,938a3c6d-1b48-5d9e-aaf0-6f5141ffa37a,3ab964dd-af2d-5b2a-ad11-2ee6adaf6a30,21,21,ቄዱራምን፥ ኤዜልን፥ ዲቅላምን፥
947e3c07-b55b-57a8-ab7b-d84ce60bcb39,938a3c6d-1b48-5d9e-aaf0-6f5141ffa37a,3ab964dd-af2d-5b2a-ad11-2ee6adaf6a30,22,22,ጌማሄልን፥ ኤልሜሄልን፥ ሳባን፥
39643cf1-3c81-56a6-a5a6-cee312f22265,938a3c6d-1b48-5d9e-aaf0-6f5141ffa37a,3ab964dd-af2d-5b2a-ad11-2ee6adaf6a30,23,23,ኦፌርን፥ ሄውላን፥ ኦራምን፥ ዑካብን ወለደ፤ እነዚህ ሁሉ የዮቅጣን ልጆች ነበሩ።
62d91a1e-150a-5c1c-a6f4-005c0706ba16,938a3c6d-1b48-5d9e-aaf0-6f5141ffa37a,3ab964dd-af2d-5b2a-ad11-2ee6adaf6a30,24,24,የሴምም ልጆች፤ አይላም፥ አሡር፥ አርፋክስድ፥ ሳላን፥ ቃይናን፥
2db204b3-d0d2-5417-af75-69891877662b,938a3c6d-1b48-5d9e-aaf0-6f5141ffa37a,3ab964dd-af2d-5b2a-ad11-2ee6adaf6a30,25,25,ዔቦር፥ ፋሌቅ፥ ራግው፥
b14fe856-158c-5b8f-aba8-25153ce423ea,938a3c6d-1b48-5d9e-aaf0-6f5141ffa37a,3ab964dd-af2d-5b2a-ad11-2ee6adaf6a30,26,26,ሴሮሕ፥ ናኮር፥ ታራ፥
2ab2f117-028a-51ef-a98f-e079bcd5a324,938a3c6d-1b48-5d9e-aaf0-6f5141ffa37a,3ab964dd-af2d-5b2a-ad11-2ee6adaf6a30,27,27,አብርሃም የተባለው አብራም።
236a6c7a-be83-5e97-afda-8c6bd7778edb,938a3c6d-1b48-5d9e-aaf0-6f5141ffa37a,5a8dd016-3386-5231-a93b-9d1085b6a31e,1,28,የአብርሃምም ልጆች፤ ይስሐቅ፥ ይስማኤል።
2ca717bd-49b4-50f5-a3d8-18d6c7f9e6fa,938a3c6d-1b48-5d9e-aaf0-6f5141ffa37a,5a8dd016-3386-5231-a93b-9d1085b6a31e,2,29,ትውልዳቸውም እንደዚህ ነው። የይስማኤል በኵር ልጅ ናቢዎት፤ ቄዳር፥ ቢዲሄል፥ ሙባሳን፥
37cdca6c-b859-594f-ae17-cc6c136bb9d7,938a3c6d-1b48-5d9e-aaf0-6f5141ffa37a,5a8dd016-3386-5231-a93b-9d1085b6a31e,3,30,ሚስማዕ፥ ይዱማ፥ ማሴ፥ ኬዲድ፥ ቴማን፤
b6f97723-5ac2-5a2d-af9c-94519f8951e6,938a3c6d-1b48-5d9e-aaf0-6f5141ffa37a,5a8dd016-3386-5231-a93b-9d1085b6a31e,4,31,የጡር፥ ናፌስ፥ ቂዳማ፤ እነዚህ የይስማኤል ልጆች ናቸው።
9a6c5aaa-8e41-5664-a021-438a94468380,938a3c6d-1b48-5d9e-aaf0-6f5141ffa37a,5a8dd016-3386-5231-a93b-9d1085b6a31e,5,32,የአብርሃም ዕቅብት ኬጡራ የወለደችለት ልጆች፤ ዘምራን፥ ዮቅሳን፥ ሜዳም፥ ምድያን፥ ዮሳብቅ፥ ስዌሕ፥ የዮቅሳንም ልጆች፤ ሳባ፥ ዳዳን።
53d45312-da92-5730-a9ea-31684c5e5209,938a3c6d-1b48-5d9e-aaf0-6f5141ffa37a,5a8dd016-3386-5231-a93b-9d1085b6a31e,6,33,የምድያምም ልጆች፤ ጌፌር፥ ዔፌር፥ ሄኖሕ፥ አቢዳን፥ ኤልዳን። እነዚህ ሁሉ የኬጡራ ልጆች ነበሩ።
1a3b7579-4b30-5097-adda-14d27386b7d4,938a3c6d-1b48-5d9e-aaf0-6f5141ffa37a,4711588b-611a-583e-a753-c26d52efcb5e,1,34,አብርሃምም ይስሐቅን ወለደ። የይስሐቅም ልጆች ዔሳውና ያዕቆብ ነበሩ።
7f847a1c-b331-5d34-aa18-b7219a1c0a8e,938a3c6d-1b48-5d9e-aaf0-6f5141ffa37a,4711588b-611a-583e-a753-c26d52efcb5e,2,35,የዔሳው ልጆች፤ ዔልፋዝ፥ ራጉኤል፥ ይዑል፥ ይጉሎም፥ ቆሬ።
99ee3372-948a-5f22-ac89-0d313432131f,938a3c6d-1b48-5d9e-aaf0-6f5141ffa37a,4711588b-611a-583e-a753-c26d52efcb5e,3,36,የኤልፋዝ ልጆች፤ ቴማን፥ ኦማር፥ ሳፍር፥ ጎታም፥ ቄኔዝ፥ ቴምናስ፥ አማሌቅ።
8dd3f1f8-a54a-593e-a81a-99528f16c5ef,938a3c6d-1b48-5d9e-aaf0-6f5141ffa37a,4711588b-611a-583e-a753-c26d52efcb5e,4,37,የራጉኤል ልጆች፤ ናቦት፥ ዛራ፥ ሴዴት፥ ሞዛ።
5f1a7e36-a3bc-501d-abdd-396c68b7ad13,938a3c6d-1b48-5d9e-aaf0-6f5141ffa37a,4711588b-611a-583e-a753-c26d52efcb5e,5,38,የሴይርም ልጆች፤ ሎጣን፥ ሳባን፥ ሴቤጎን፥ ዓናን፥ ዴሶን፥ አሦር፥ ዴሳን።
58582383-4fde-5d82-a14b-d33d1fbc2826,938a3c6d-1b48-5d9e-aaf0-6f5141ffa37a,4711588b-611a-583e-a753-c26d52efcb5e,6,39,የሎጣንም ልጆች፤ ሖሪ፥ ኤማን፤ ታምናን የሎጣን እኅት ነበረች።
9f48484c-1366-5b65-a450-5c6c03a90329,938a3c6d-1b48-5d9e-aaf0-6f5141ffa37a,4711588b-611a-583e-a753-c26d52efcb5e,7,40,የሦባል ልጆች፤ ጎለም፥ ማኔሐት፥ ኔባል፥ ሳፍር፥ አናን፤ የሴቤጎን ልጆች፤ ሐያን፥ አናም፤
0dd0a5ef-c1a5-552b-aef8-c051bafd2164,938a3c6d-1b48-5d9e-aaf0-6f5141ffa37a,4711588b-611a-583e-a753-c26d52efcb5e,8,41,የአናም ልጆች፤ ዴሶን፥ የአናም ሴት ልጅ ኤሌማ፥ የዴሶንም ልጆች፤ አምዳን፥ ኤስቦን፥ ኢይትራን፥ ካራን፥ እሊህ ናቸው።
c3730094-f2cb-5444-a3dd-c0fee2d29468,938a3c6d-1b48-5d9e-aaf0-6f5141ffa37a,4711588b-611a-583e-a753-c26d52efcb5e,9,42,የአሦር ልጆች፤ በለዓን፥ ዛዕዋን፥ ኢይዓቃን። የዴሶን ልጆች፤ ዖስ፥ አራን።
9c70c60d-5de1-5c39-a84c-be74c600ebd8,938a3c6d-1b48-5d9e-aaf0-6f5141ffa37a,68ba25a1-4999-53ec-a121-84d2109547cb,1,43,በእስራኤልም ልጆች ላይ ገና ንጉሥ ሳይነግሥ በኤዶምያስ ምድር የነገሡ ነገሥታት እነዚህ ናቸው። የቢዖር ልጅ ባላቅ፤ የከተማውም ስም ዲናባ ነበረ።
51472bba-5c11-576c-a4cd-287fe00c4b8c,938a3c6d-1b48-5d9e-aaf0-6f5141ffa37a,68ba25a1-4999-53ec-a121-84d2109547cb,2,44,ባላቅም ሞተ፤ በእርሱም ፋንታ የባሶራ ሰው የዛራ ልጅ ኢዮባብ ነገሠ።
d08987b2-327a-565c-a343-82ad2de59176,938a3c6d-1b48-5d9e-aaf0-6f5141ffa37a,68ba25a1-4999-53ec-a121-84d2109547cb,3,45,ኢዮባብም ሞተ፤ በእርሱም ፋንታ የቴማን ሀገር ሰው አሶም ነገሠ፤
b7083aef-8117-5163-a2c4-5bbb61e181ce,938a3c6d-1b48-5d9e-aaf0-6f5141ffa37a,68ba25a1-4999-53ec-a121-84d2109547cb,4,46,አሶምም ሞተ፤ በእርሱም ፋንታ በሞዓብ ሜዳ ምድያምን የመታው የባራድ ልጅ አዳድ ነገሠ፤ የከተማውም ስም ጌቴም ነበረ።
027952fe-d8b7-5e4e-a9b6-48e61dc9da74,938a3c6d-1b48-5d9e-aaf0-6f5141ffa37a,68ba25a1-4999-53ec-a121-84d2109547cb,5,47,አዳድም ሞተ፤ በእርሱም ፋንታ የማስቃ ሰው ስማዓ ነገሠ።
8428aa1d-9890-5628-addf-72c7546cce0e,938a3c6d-1b48-5d9e-aaf0-6f5141ffa37a,68ba25a1-4999-53ec-a121-84d2109547cb,6,48,ስማዓም ሞተ፤ በእርሱም ፋንታ በወንዙ አጠገብ ያለችው የረኆቦት ሰው ሳኦል ነገሠ።
db97537b-b0c1-53c8-af90-9278457ba5c9,938a3c6d-1b48-5d9e-aaf0-6f5141ffa37a,68ba25a1-4999-53ec-a121-84d2109547cb,7,49,ሳኦልም ሞተ፤ በእርሱም ፋንታ የአክቦር ልጅ በኣልሐናን ነገሠ።
cb8dc791-53b9-5627-a9f3-36bbcb8707d6,938a3c6d-1b48-5d9e-aaf0-6f5141ffa37a,68ba25a1-4999-53ec-a121-84d2109547cb,8,50,የአክቦር ልጅ በኣልሐናንም ሞተ፤ በእርሱም ፋንታ የባራድ ልጅ አዳድ ነገሠ፤ የከተማውም ስም ፌጎር ነበረ፤ ሚስቱም የሚዛሃብ ልጅ የመጥሬድ ልጅ መሄጣብኤል ነበረች።
f51e4b64-60a7-5135-a752-73ad5e66aef0,938a3c6d-1b48-5d9e-aaf0-6f5141ffa37a,68ba25a1-4999-53ec-a121-84d2109547cb,9,51,አዳድም ሞተ፤ የኤዶምያስም አለቆች እነዚህ ነበሩ፤ ቴምናዕ አለቃ፥ ጎለም አለቃ፥ የቴት አለቃ፥
18896edb-0633-5f04-a58f-7b02b930952e,938a3c6d-1b48-5d9e-aaf0-6f5141ffa37a,68ba25a1-4999-53ec-a121-84d2109547cb,10,52,አህሊባማ አለቃ፥ ኤላ አለቃ፥ ፌኖን አለቃ፥
02fb14a6-229c-5a9b-ae28-25494ae8152b,938a3c6d-1b48-5d9e-aaf0-6f5141ffa37a,68ba25a1-4999-53ec-a121-84d2109547cb,11,53,ቄኔዝ አለቃ፥ ቴማን አለቃ፥ መብሳር አለቃ፥
8ae16c32-f5f8-5495-aee6-8e03d043aa6f,938a3c6d-1b48-5d9e-aaf0-6f5141ffa37a,68ba25a1-4999-53ec-a121-84d2109547cb,12,54,መግዴኤል አለቃ፥ ዛፎአል አለቃ፤ እነዚህ የኤዶምያስ አለቆች ነበሩ።
fa9d1563-b20b-58b4-ae29-496636030530,28c20504-e62c-5bf0-a3b7-708451998f65,5a8f53f3-9d70-5321-a9b6-24279f6bd4b4,1,1,የእስራኤልም ልጆች ስሞች እነዚህ ናቸው፤ ሮቤል፥ ስምዖን፥ ሌዊ፥ ይሁዳ፥ ይሳኮር፥ ዛብሎን፤
50007c13-0194-5217-acf3-cb6c23a4473b,28c20504-e62c-5bf0-a3b7-708451998f65,5a8f53f3-9d70-5321-a9b6-24279f6bd4b4,2,2,ዳን፥ ዮሴፍ፥ ብንያም፥ ንፍታሌም፥ ጋድ፥ አሴር።
a9e0908e-8740-5fdd-a9f7-2c1e9a148286,28c20504-e62c-5bf0-a3b7-708451998f65,5a8f53f3-9d70-5321-a9b6-24279f6bd4b4,3,3,የይሁዳ ልጆች፤ ዔር፥ አውናን፥ ሴሎም፤ እነዚህ ሦስቱ ከከነዓናዊቱ ሴት ከሴዋ ልጅ ተወለዱለት። የይሁዳም የበኵር ልጅ ዔር በእግዚአብሔር ፊት ክፉ ነበረ፤ ገደለውም።
dd2cbdd5-b627-5628-a56c-9426aaa2dfd1,28c20504-e62c-5bf0-a3b7-708451998f65,5a8f53f3-9d70-5321-a9b6-24279f6bd4b4,4,4,ምራቱም ትዕማር ፋሬስንና ዛራን ወለደችለት፤ የይሁዳም ልጆች ሁሉ አምስት ነበሩ።
10569a0b-04f5-5236-ae9b-f0ba28e960aa,28c20504-e62c-5bf0-a3b7-708451998f65,5a8f53f3-9d70-5321-a9b6-24279f6bd4b4,5,5,የፋሬስ ልጆች፤ ኤስሮም፥ ያሙሔል።
ee1d2636-32a1-5a86-a3fc-bd4748dac450,28c20504-e62c-5bf0-a3b7-708451998f65,5a8f53f3-9d70-5321-a9b6-24279f6bd4b4,6,6,የዛራም ልጆች፤ ዘምሪ፥ ኤታን፥ ኤማን፥ ካልኮል፥ ዳራ፤ ሁሉም አምስት ነበሩ።
58fc7db7-3e10-5b08-a63d-a92da21cc34c,28c20504-e62c-5bf0-a3b7-708451998f65,5a8f53f3-9d70-5321-a9b6-24279f6bd4b4,7,7,የዘምሪም ልጅ ከርሚ ነው፤ የከርሚም ልጅ እስራኤልን ያስጨነቀ፥ እርሙን ሰርቆ የበደለ አካን ነበረ።
e81d2feb-5122-5ad8-a9b8-259b19b7fc08,28c20504-e62c-5bf0-a3b7-708451998f65,5a8f53f3-9d70-5321-a9b6-24279f6bd4b4,8,8,የኤታንም ልጅ አዛርያ ነበረ።
892cb116-0c33-5252-a875-2f399e678e3e,28c20504-e62c-5bf0-a3b7-708451998f65,5a8f53f3-9d70-5321-a9b6-24279f6bd4b4,9,9,ለኤስሮም የተወለዱለት ልጆች፤ ኢያሬሄም፥ አራም፥ ካሌብ ነበሩ።
9a90d975-f0bb-5342-a752-09e9f111df81,28c20504-e62c-5bf0-a3b7-708451998f65,5a8f53f3-9d70-5321-a9b6-24279f6bd4b4,10,10,አራምም አሚናዳብን ወለደ፤ አሚናዳብም የይሁዳን ልጆች አለቃ ነአሶንን ወለደ፤
67c74f1c-34d5-515a-ad54-bc9edbb7a935,28c20504-e62c-5bf0-a3b7-708451998f65,5a8f53f3-9d70-5321-a9b6-24279f6bd4b4,11,11,ነአሶንም ሰልሞንን ወለደ፤ ሰልሞን ቦዔዝን ወለደ፤
07f6fa9a-dfbd-567c-a873-46c81d7d9bf5,28c20504-e62c-5bf0-a3b7-708451998f65,5a8f53f3-9d70-5321-a9b6-24279f6bd4b4,12,12,ቦዔዝም ኢዮቤድን ወለደ፤ ኢዮቤድም እሴይን ወለደ፤
3b3f11ab-2b4c-5e67-a1e3-677a633000cb,28c20504-e62c-5bf0-a3b7-708451998f65,5a8f53f3-9d70-5321-a9b6-24279f6bd4b4,13,13,እሴይም የበኵር ልጁን ኤልያብን፥ ሁለተኛውንም አሚናዳብን፥ ሦስተኛውንም ሣማን፥
d4c6da31-82f8-595b-af75-d9ac899b6dc0,28c20504-e62c-5bf0-a3b7-708451998f65,5a8f53f3-9d70-5321-a9b6-24279f6bd4b4,14,14,አራተኛውንም ናትናኤልን፥ አምስተኛውንም ራዳይን፥
04ca44ed-32b0-507f-aa0b-81227be17f9d,28c20504-e62c-5bf0-a3b7-708451998f65,5a8f53f3-9d70-5321-a9b6-24279f6bd4b4,15,15,ስድስተኛውንም አሶንን፥ ሰባተኛውንም ዳዊትን ወለደ፤
42260b31-2543-5f80-ad6a-5118e6db2b42,28c20504-e62c-5bf0-a3b7-708451998f65,5a8f53f3-9d70-5321-a9b6-24279f6bd4b4,16,16,እኅቶቻቸውም ሶርህያና አቢግያ ነበሩ። የሶርህያም ልጆች አቢሳ፥ ኢዮአብ፥ አሣሄል እኒህ ሦስቱ ነበሩ።
6bdad437-a82d-5e53-a276-974415babe65,28c20504-e62c-5bf0-a3b7-708451998f65,5a8f53f3-9d70-5321-a9b6-24279f6bd4b4,17,17,አቢግያም አሜሳይን ወለደች፤ የአሜሳይም አባት እስማኤላዊው ይትኤር ነበረ።
0e6ddb4a-0a8b-5047-a80d-0eab91f5757c,28c20504-e62c-5bf0-a3b7-708451998f65,5a8f53f3-9d70-5321-a9b6-24279f6bd4b4,18,18,የኤስሮምም ልጅ ካሌብ ዐዙባ የምትባል ሚስት አገባ፥ ይሪዖትንም አገባ፤ ልጆችዋም ያሳር፥ ሶባብ፥ ኤርኖን ነበሩ።
312cb12e-0839-503f-a932-9574bcdb747d,28c20504-e62c-5bf0-a3b7-708451998f65,5a8f53f3-9d70-5321-a9b6-24279f6bd4b4,19,19,ዐዙባም ሞተች፥ ካሌብም ኤፍራታን አገባ፤ እርስዋም ኦርን ወለደችለት።
17c1f84a-8d41-54eb-a1c5-4685d22d9838,28c20504-e62c-5bf0-a3b7-708451998f65,5a8f53f3-9d70-5321-a9b6-24279f6bd4b4,20,20,ኦርም ኡሪን ወለደ፥ ኡሪም ባስልኤልን ወለደ።
adec400d-9171-55c2-a318-d0ef64e850d5,28c20504-e62c-5bf0-a3b7-708451998f65,5a8f53f3-9d70-5321-a9b6-24279f6bd4b4,21,21,ከዚያም በኋላ ኤስሮም ስድሳ ዓመት በሆነው ጊዜ ወደ አገባት ወደ ገለዓድ አባት ወደ ማኬር ልጅ ገባ፤ ሴጉብንም ወለደችለት።
ef6f329e-f7ae-5d1e-aa56-a26d72f88958,28c20504-e62c-5bf0-a3b7-708451998f65,5a8f53f3-9d70-5321-a9b6-24279f6bd4b4,22,22,ሴጉብም ኢያኤርን ወለደ፤ ለእርሱም በገለዓድ ምድር ሃያ ሦስት ከተሞች ነበሩት።
8c859cf1-ce1c-5e09-a1f9-b659d05847e6,28c20504-e62c-5bf0-a3b7-708451998f65,5a8f53f3-9d70-5321-a9b6-24279f6bd4b4,23,23,ኤስሮምም ጌሱርንና አራምን የኢያዔርን ከተሞች ከቄናትና ከመንደሮችዋ ጋር ስድሳውን ከተሞች ወሰደ። እነዚህ ሁሉ የገለዓድ አባት የማኪር ልጆች ከተሞች ነበሩ።
5909962d-4670-5680-a4d4-40af02369450,28c20504-e62c-5bf0-a3b7-708451998f65,5a8f53f3-9d70-5321-a9b6-24279f6bd4b4,24,24,ኤስሮምም ከሞተ በኋላ ካሌብ ወደ ኤፍራታ መጣ። የኤስሮምም ሚስት አብያ የቴቁሔን አባት አስሖርን ወለደችለት።
81dd3a3a-dd29-5fff-af83-68813d35781f,28c20504-e62c-5bf0-a3b7-708451998f65,5a8f53f3-9d70-5321-a9b6-24279f6bd4b4,25,25,የኤስሮምም የበኵር ልጁ የኢያሬምሄል ልጆች በኵሩ ራም፥ በአናን፥ አራን፥ አሶም፥ አኪያ ነበሩ።
9ed43001-701b-5604-a18a-fb8291be026c,28c20504-e62c-5bf0-a3b7-708451998f65,5a8f53f3-9d70-5321-a9b6-24279f6bd4b4,26,26,ለኢያሬምሄልም አጥራ የተባለች ሌላ ሚስት ነበረችው፤ እርስዋም የአናም እናት ነበረች።
8eba14a1-6188-5aea-afce-cb68004fe282,28c20504-e62c-5bf0-a3b7-708451998f65,5a8f53f3-9d70-5321-a9b6-24279f6bd4b4,27,27,የኢያሬምሄል የበኵሩ የራም ልጆች ማኦስ፥ ኢያቢን ዔቄር ነበሩ።
7112ccb9-1cfd-5b77-ae80-4a7ad4432174,28c20504-e62c-5bf0-a3b7-708451998f65,5a8f53f3-9d70-5321-a9b6-24279f6bd4b4,28,28,የአናምም ልጆች ሸማይና ያዳይ ነበሩ። የሸማይም ልጆች ናዳብና አቢሱር ነበሩ።
4bb15e5b-95b4-5c21-a81f-e89320c099db,28c20504-e62c-5bf0-a3b7-708451998f65,5a8f53f3-9d70-5321-a9b6-24279f6bd4b4,29,29,የአቢሱርም ሚስት ስም አቢካኤል ነበረ፤ እርስዋም፥ አዛቡርንና ሞሊድን ወለደችለት።
de1014dd-6731-58aa-a3ab-4fee61b908b0,28c20504-e62c-5bf0-a3b7-708451998f65,5a8f53f3-9d70-5321-a9b6-24279f6bd4b4,30,30,የናዳብም ልጆች ሴሌድና አፋይም ነበሩ፤ ሴሌድም ልጆችን ሳይወልድ ሞተ።
455296e9-442f-53ae-a662-f68a18500173,28c20504-e62c-5bf0-a3b7-708451998f65,5a8f53f3-9d70-5321-a9b6-24279f6bd4b4,31,31,የአፋይምም ልጅ ይሲ፥ የይሲም ልጅ ሶሳን፥ የሶሳንም ልጅ አሕላይ ነበረ። የአሕላይም ልጅ ይዳይ ነበረ።
e6ff4d5f-e61e-5273-a9ee-adac2faec7a7,28c20504-e62c-5bf0-a3b7-708451998f65,5a8f53f3-9d70-5321-a9b6-24279f6bd4b4,32,32,የይዳይ ልጆች አክሲም፥ ዮቴርና ዮናታን ነበሩ፤ ዮቴርም ልጆችን ሳይወልድ ሞተ።
e0009b8d-b77d-5ec9-aecc-6365690ba6a1,28c20504-e62c-5bf0-a3b7-708451998f65,5a8f53f3-9d70-5321-a9b6-24279f6bd4b4,33,33,የዮናታንም ልጆች ፋሌትና አዛዝ ነበሩ፤ እነዚህም የኢያሬምሔል ልጆች ነበሩ።
9b657101-83f3-5a0e-adce-9a16f69600a0,28c20504-e62c-5bf0-a3b7-708451998f65,5a8f53f3-9d70-5321-a9b6-24279f6bd4b4,34,34,ለሶሳንም ሴቶች ልጆች እንጂ ወንዶች ልጆች አልነበሩትም፤ ለሶሳንም ኢዮሄል የተባለ ግብፃዊ አገልጋይ ነበረው።
81c5d0d7-bab3-5914-a6bd-eaa2a7fe573b,28c20504-e62c-5bf0-a3b7-708451998f65,5a8f53f3-9d70-5321-a9b6-24279f6bd4b4,35,35,ሶሳንም ለአገልጋዩ ለኢዮሄል ልጁን አጋባት፥ እርስዋም ያቲን ወለደችለት።
121e3524-e57b-5edc-a086-77ec7bd531aa,28c20504-e62c-5bf0-a3b7-708451998f65,5a8f53f3-9d70-5321-a9b6-24279f6bd4b4,36,36,ያቲም ናታንን ወለደ፤ ናታንም ዛቤትን ወለደ፤
42996dcb-5db2-5564-a546-6bb7175acc1d,28c20504-e62c-5bf0-a3b7-708451998f65,5a8f53f3-9d70-5321-a9b6-24279f6bd4b4,37,37,ዛቤትም አውፋልን ወለደ፤ አውፋልም ዖቤድን ወለደ፤
d8ab4980-d594-5172-aa63-c0dabff2fafa,28c20504-e62c-5bf0-a3b7-708451998f65,5a8f53f3-9d70-5321-a9b6-24279f6bd4b4,38,38,ዖቤድም ኢያሁን ወለደ፤ ኢያሁም አዛርያስን ወለደ፤
a0259133-678c-51ce-ab99-d646626a3f80,28c20504-e62c-5bf0-a3b7-708451998f65,5a8f53f3-9d70-5321-a9b6-24279f6bd4b4,39,39,አዛርያስም ኬሌስን ወለደ፤ ኬሌስም ኤልዓሳን ወለደ፤
20bbc1c6-a124-585d-a8a9-0b3a3a781fa0,28c20504-e62c-5bf0-a3b7-708451998f65,5a8f53f3-9d70-5321-a9b6-24279f6bd4b4,40,40,ኤልዓሳም ሲስማኤልን ወለደ፤ ሲስማኤልም ሱላምን ወለደ፤
534d8906-03ea-572e-afe1-3a366f55fec7,28c20504-e62c-5bf0-a3b7-708451998f65,5a8f53f3-9d70-5321-a9b6-24279f6bd4b4,41,41,ሱላምም ኢዮቆምን ወለደ፤ ኢዮቆምም ኤልሳማን ወለደ።
331d3647-3759-5d34-ab94-cfd5b03a37a5,28c20504-e62c-5bf0-a3b7-708451998f65,5a8f53f3-9d70-5321-a9b6-24279f6bd4b4,42,42,የኢያሬምሄል ወንድም የካሌብ ልጆች በኵር የዚፍ አባት ማሪስ ነው፤ የኬብሮንም አባት የማሪስ ልጆች ነበሩ።
d7e93bf4-2a59-59cd-a760-0ef91e790e49,28c20504-e62c-5bf0-a3b7-708451998f65,5a8f53f3-9d70-5321-a9b6-24279f6bd4b4,43,43,የኬብሮንም ልጆች፤ ቆሬ፥ ተፋ፥ ሬቆምና፥ ሴማዓ ነበሩ።
27ce93be-d1f1-5b61-a415-e9520fac57a0,28c20504-e62c-5bf0-a3b7-708451998f65,5a8f53f3-9d70-5321-a9b6-24279f6bd4b4,44,44,ሴማዓም የኤርቃምን አባት ራኤምን ወለደ፤ ኤርቃምም ሰማኤምን ወለደ።
37dd65bd-68c6-54d1-ae43-7e6c78ac80a1,28c20504-e62c-5bf0-a3b7-708451998f65,5a8f53f3-9d70-5321-a9b6-24279f6bd4b4,45,45,የሰማኤምም ልጅ ማዖን ነበረ፤ ማዖንም የቤት ሱር አባት ነበረ።
4c6c3edb-a3ab-5a6c-ae0e-cde23f4ade51,28c20504-e62c-5bf0-a3b7-708451998f65,5a8f53f3-9d70-5321-a9b6-24279f6bd4b4,46,46,የካሌብም ዕቅብት ጌፋ አራንን፥ ሞሳን፥ ጋዜዝን ወለደች። አራንም ጊዚኢን ወለደ።
5c3bc31a-1440-5546-ab47-8e6cea8d4d85,28c20504-e62c-5bf0-a3b7-708451998f65,5a8f53f3-9d70-5321-a9b6-24279f6bd4b4,47,47,የያዳይም ልጆች፤ ሬጌም፥ ዮታም፥ ጌርሶም፥ ፋሌጥ፥ ጌፋና፥ ሰጋፍ ነበሩ።
0de2c63e-d108-53b6-ab7f-0290a35cd094,28c20504-e62c-5bf0-a3b7-708451998f65,5a8f53f3-9d70-5321-a9b6-24279f6bd4b4,48,48,የካሌብም ዕቅብት ማዕካ ሴብርንና ቲርሐናን ወለደች።
817c8586-7056-5db9-a0b0-b3e546487b5b,28c20504-e62c-5bf0-a3b7-708451998f65,5a8f53f3-9d70-5321-a9b6-24279f6bd4b4,49,49,ደግሞም የምድሜናን አባት ስጋብን የመክቢናንና የጌባልን አባት ሳዑልን ወለደች፤ የካሌብም ሴት ልጅ አስካ ነበረች።
fa058b04-51f7-5ded-a429-f97c435c4e44,28c20504-e62c-5bf0-a3b7-708451998f65,5a8f53f3-9d70-5321-a9b6-24279f6bd4b4,50,50,የካሌብም ልጆች እነዚህ ነበሩ፤ የኤፍራታ የበኵሩ የኦር ልጅ የቀርያታርም አባት ሶባል ነበር፥
09f1db47-4542-59c4-a46c-ee71651b7b3a,28c20504-e62c-5bf0-a3b7-708451998f65,5a8f53f3-9d70-5321-a9b6-24279f6bd4b4,51,51,የቤተ ልሔም አባት ሰልሞን፥ የቤት ጋዲር አባት ኦሪ።
ce4af938-a16c-59fd-a802-ca4d645612b4,28c20504-e62c-5bf0-a3b7-708451998f65,5a8f53f3-9d70-5321-a9b6-24279f6bd4b4,52,52,የቀርያታርምም አባት የሶባል ልጆች አረኤ፥ ሃጼ፥ አማኒት ነበሩ።
70aeaaf9-ec0f-5b79-a55d-c5eaf81a2a43,28c20504-e62c-5bf0-a3b7-708451998f65,5a8f53f3-9d70-5321-a9b6-24279f6bd4b4,53,53,የቀርያታርም ወገኖች፤ ይትራውያን፥ ፋታውያን፥ ሹማታውያን፥ ሚሸራውያን፤ ከእነዚህም ሶራሐውያንና ኤሽታአላውያን ወጡ።
b26625e7-5e23-5fe6-ae73-fd0ff5e4f268,28c20504-e62c-5bf0-a3b7-708451998f65,5a8f53f3-9d70-5321-a9b6-24279f6bd4b4,54,54,የሰልሞንም ልጆች ቤተ ልሔም፥ ነጦፋውያን፥ አጦሮት ቤትዮአብ፥ የመናሕታውያን እኩሌታ፥ ሰራዓውያንም ነበሩ።
493ca001-4937-536e-a0dd-5e96defcbd33,28c20504-e62c-5bf0-a3b7-708451998f65,5a8f53f3-9d70-5321-a9b6-24279f6bd4b4,55,55,በያቤጽም የተቀመጡ የጸሓፊዎች ወገኖች፤ ቴርዓውያን፥ ሹማታውያን፥ ሡካታውያን ነበሩ፤ እነዚህ ከሬካብ ቤት አባት ከሐማት የወጡ ቄናውያን ናቸው።
fa65cdeb-5bba-543c-ac36-5b398295482a,dc768dc9-3cc7-5843-a7f9-7bfb194cca48,11d9003f-f2fb-54f8-a8f8-fce61d8b74db,1,1,በኬብሮን ለዳዊት የተወለዱለት ልጆች እነዚህ ናቸው። በኵሩ አምኖን ከኢይዝራኤላዊቱ ከአኪናሆም፥ ሁለተኛውም ዶለህያ ከቀርሜሎሳዊቱ ከአቢግያ፥
852081ec-0221-520c-a867-da4f099d1cde,dc768dc9-3cc7-5843-a7f9-7bfb194cca48,11d9003f-f2fb-54f8-a8f8-fce61d8b74db,2,2,ሦስተኛው አቤሴሎም ከጌድሶር ንጉሥ ከተልማይ ልጅ ከመዓካ፥ አራተኛው አዶንያስ ከአጊት፥
e31e8654-0ebf-566d-a864-89a7ddeaaaa8,dc768dc9-3cc7-5843-a7f9-7bfb194cca48,11d9003f-f2fb-54f8-a8f8-fce61d8b74db,3,3,አምስተኛው ሰፋጥያስ ከአቢጣል፥ ስድስተኛው ይትርኃም ከሚስቱ ከዔግላ።
6941595a-0e5e-5c65-a861-f24a9c66f64f,dc768dc9-3cc7-5843-a7f9-7bfb194cca48,11d9003f-f2fb-54f8-a8f8-fce61d8b74db,4,4,እነዚህ ስድስቱ በኬብሮን ተወለዱለት፤ በዚያም ሰባት ዓመት ከስድስት ወር ነገሠ፤ በኢየሩሳሌምም ሠላሳ ሦስት ዓመት ነገሠ።
78b72f0e-6eb3-54d2-acc7-cd91dfac0f9d,dc768dc9-3cc7-5843-a7f9-7bfb194cca48,11d9003f-f2fb-54f8-a8f8-fce61d8b74db,5,5,እነዚህ ደግሞ በኢየሩሳሌም ተወለዱለት፤ ከዓሚል ልጅ ከቤርሳቤህ ስማዕ፥ ሶባብ፥ ናታን፥ ሰሎሞን፥ አራት፤
27ea5179-b231-57b1-a75a-3831ea3c1e32,dc768dc9-3cc7-5843-a7f9-7bfb194cca48,11d9003f-f2fb-54f8-a8f8-fce61d8b74db,6,6,ኢያቤሔር፥ ኤልሳማ፥ ኤሊፋላት፥
177a6fc5-6add-5668-aca1-3f75c385f18e,dc768dc9-3cc7-5843-a7f9-7bfb194cca48,11d9003f-f2fb-54f8-a8f8-fce61d8b74db,7,7,ናጌል፥ ናፌቅ፥ ያፍያ፥
941ee076-1183-5dbb-a160-eeb15d1eaaad,dc768dc9-3cc7-5843-a7f9-7bfb194cca48,11d9003f-f2fb-54f8-a8f8-fce61d8b74db,8,8,ኤልሳማ፥ ኤሊዳ፥ ኤልፋሌጥ፥ ዘጠኝ።
eaf17083-225a-5640-aadf-27ed14b09339,dc768dc9-3cc7-5843-a7f9-7bfb194cca48,11d9003f-f2fb-54f8-a8f8-fce61d8b74db,9,9,እነዚህ ሁሉ ከቁባቶቹ ልጆች በቀር የዳዊት ልጆች ነበሩ፤ ትዕማርም እኅታቸው ነበረች።
d08a686d-179b-566e-aeed-7bd7b12bd7af,dc768dc9-3cc7-5843-a7f9-7bfb194cca48,11d9003f-f2fb-54f8-a8f8-fce61d8b74db,10,10,የሰሎሞንም ልጅ ሮብዓም ነበረ፤ ልጁ አቢያ፥ ልጁ አሳ፥ ልጁ ኢዮሣፍጥ፥
f7da7719-2d5f-54a5-a901-146a4b5fea27,dc768dc9-3cc7-5843-a7f9-7bfb194cca48,11d9003f-f2fb-54f8-a8f8-fce61d8b74db,11,11,ልጁ ኢዮራም፥ ልጁ አካዝያስ፥ ልጁ ኢዮአስ፥
31f1e4ed-1703-5520-a528-34a38e948ca8,dc768dc9-3cc7-5843-a7f9-7bfb194cca48,11d9003f-f2fb-54f8-a8f8-fce61d8b74db,12,12,ልጁ አሜስያስ፥ ልጁ ዓዛርያስ፥ ልጁ ኢዮአታም፥
886335c4-8dc5-5e66-a89d-3670148a432c,dc768dc9-3cc7-5843-a7f9-7bfb194cca48,11d9003f-f2fb-54f8-a8f8-fce61d8b74db,13,13,ልጁ አካዝ፥ ልጁ ሕዝቅያስ፥ ልጁ ምናሴ፥
99ceac44-d3ec-5624-a003-75a1063cfcd0,dc768dc9-3cc7-5843-a7f9-7bfb194cca48,11d9003f-f2fb-54f8-a8f8-fce61d8b74db,14,14,ልጁ አሞጽ፥ ልጁ ኢዮስያስ።
c54f16a2-74b3-5896-a9b9-02dc1aafda18,dc768dc9-3cc7-5843-a7f9-7bfb194cca48,11d9003f-f2fb-54f8-a8f8-fce61d8b74db,15,15,የኢዮስያስም ልጆች፤ በኵሩ ዮሐናን፥ ሁለተኛውም ኢዮአቄም፥ ሦስተኛውም ሴዴቅያስ፥ አራተኛውም ሰሎም።
e8976dd5-c7b0-5680-ab7a-0b5f0f5a97d9,dc768dc9-3cc7-5843-a7f9-7bfb194cca48,11d9003f-f2fb-54f8-a8f8-fce61d8b74db,16,16,የኢዮአቄምም ልጆች፤ ልጁ ኢኮንያን፥ ልጁ ሴዴቅያስ።
eeb8f473-a032-583a-a357-4702db81d7c4,dc768dc9-3cc7-5843-a7f9-7bfb194cca48,11d9003f-f2fb-54f8-a8f8-fce61d8b74db,17,17,የኢኮንያንም ልጆች አሤር፥ ሰላትያል፥
7937a034-7e20-5214-adb7-cb3efa87fe15,dc768dc9-3cc7-5843-a7f9-7bfb194cca48,11d9003f-f2fb-54f8-a8f8-fce61d8b74db,18,18,መልኪራም፥ ፈዳያ፥ ሳንሳሮ፥ ይቃምያ፥ ሆሻማ፥ ነዳብያ ነበሩ።
9d27fb09-22ed-5def-af20-6fee7d624d35,dc768dc9-3cc7-5843-a7f9-7bfb194cca48,11d9003f-f2fb-54f8-a8f8-fce61d8b74db,19,19,የፈዳያም ልጆች ዘሩባቤልና ሰሜኤ ነበሩ፤ የዘሩባቤልም ልጆች፤ ሜሱላም፥ ሐናንያ፥ እኅታቸውም ሰሎሚት።
8496964d-a04a-5fb6-ad8d-31837a75fcd3,dc768dc9-3cc7-5843-a7f9-7bfb194cca48,11d9003f-f2fb-54f8-a8f8-fce61d8b74db,20,20,አሱባ፥ አሄል፥ በራክያ፥ ሐሳድያ፥ አስቦሴድ አምስት ናቸው።
45b891ee-dea2-5d45-ad7a-e4638410441c,dc768dc9-3cc7-5843-a7f9-7bfb194cca48,11d9003f-f2fb-54f8-a8f8-fce61d8b74db,21,21,የሐናንያም ልጆች ፈላጥያና ልጁ ኢያሴያ ነበሩ። ረፋያ ልጁ፥ አርና ልጁ፥ አብድዩ ልጁ፥ ሴኬንያ ልጁ።
605ff585-3133-5971-a9e1-b9fd326dea4d,dc768dc9-3cc7-5843-a7f9-7bfb194cca48,11d9003f-f2fb-54f8-a8f8-fce61d8b74db,22,22,የሴኬንያም ልጅ ሰማዕያ ነበረ። የሰማዕያም ልጆች ሐጡስ፥ ኢዮሔል፥ ቤርያሕ፥ ነዋድያ፥ ሳፌጥ ስድስት ነበሩ።
a7f0a24a-f49a-515b-ad28-54288bd6b087,dc768dc9-3cc7-5843-a7f9-7bfb194cca48,11d9003f-f2fb-54f8-a8f8-fce61d8b74db,23,23,የነዋድያ ልጆች ኤልዮዔንኢ፥ ሕዝቅያስ፥ ዓዝሪቃም ሦስት ነበሩ።
1c4139bd-fe31-5682-ae75-d071bda0d2ca,dc768dc9-3cc7-5843-a7f9-7bfb194cca48,11d9003f-f2fb-54f8-a8f8-fce61d8b74db,24,24,የኤልዮዔናኢም ልጆች አዳይያ፥ ኤልያሴብ፥ ፈላያ፥ ዓቁብ፥ ዮሐናን፥ ዶላያ፥ ዓናኒ ሰባት ነበሩ።
2da4235b-cbbe-5cf4-af8a-82819da9b20a,ede8cea3-7f8f-5091-ad4a-73c7b71e032a,acceff63-09d7-52df-adbd-ec75c43d4ffb,1,1,የይሁዳ ልጆች ፋሬስ፥ ኤስሮም ከርሚ፥ ሆርና ሱባል ናቸው።
3b4f128a-725a-5d31-aca2-85e1d677dacc,ede8cea3-7f8f-5091-ad4a-73c7b71e032a,acceff63-09d7-52df-adbd-ec75c43d4ffb,2,2,የሱባልም ልጅ ራያ ኢኤትን ወለደ፤ ኢኤትም አሑማይንና ላሃድን ወለደ። እነዚህ የሰራአውያን ትውልዶች ናቸው።
032aa31e-a34f-5881-a6b9-e65b4f552b07,ede8cea3-7f8f-5091-ad4a-73c7b71e032a,acceff63-09d7-52df-adbd-ec75c43d4ffb,3,3,እነዚህም የኤጣም ልጆች ናቸው፤ ኢይዝራኤል፥ ይሰማ፥ ኤጋቢስ፥ እኅታቸውም ኤሴልፎን።
ca987a99-727b-5497-a180-e8c2bfd361b6,ede8cea3-7f8f-5091-ad4a-73c7b71e032a,acceff63-09d7-52df-adbd-ec75c43d4ffb,4,4,የጌዶርም አባት ፋኑኤል፥ የአሶን አባት አዜር፤ እነዚህ የቤተ ልሔም አባት የኤፍራታ የበኵሩ የሆር ልጆች ናቸው።
bd421da4-ee88-5ce5-accb-252250b27e32,ede8cea3-7f8f-5091-ad4a-73c7b71e032a,acceff63-09d7-52df-adbd-ec75c43d4ffb,5,5,ለቴቁሄም አባት ለአስሑር ሔላና ነዓራ የተባሉ ሁለት ሚስቶች ነበሩት።
d5600a57-b241-55cb-a464-b17090c7af85,ede8cea3-7f8f-5091-ad4a-73c7b71e032a,acceff63-09d7-52df-adbd-ec75c43d4ffb,6,6,ነዓራም አሑዛምን፥ ኦፌርን፥ ቴማንንና አስትራን ወለደችለት። እነዚህ የነዓራ ልጆች ናቸው።
5dd1964a-5633-51ba-a620-1feaacb95f55,ede8cea3-7f8f-5091-ad4a-73c7b71e032a,acceff63-09d7-52df-adbd-ec75c43d4ffb,7,7,የሔላም ልጆች ሴሬት፥ ይጽሐርና ኢትናን ናቸው።
860e2b20-5399-5ffc-a037-1253892f822d,ede8cea3-7f8f-5091-ad4a-73c7b71e032a,acceff63-09d7-52df-adbd-ec75c43d4ffb,8,8,ቆስ፥ ኢኖብን፥ ሲባባን፥ የሃሩምንም ልጅ የሬካብን ወንድም ወገኖች ወለደ።
df492d56-e646-5192-add5-6d7dc44f7ef6,ede8cea3-7f8f-5091-ad4a-73c7b71e032a,acceff63-09d7-52df-adbd-ec75c43d4ffb,9,9,ያግቤጽም ከወንድሞቹ ይልቅ የተከበረ ነበረ፤ እናቱም፦ በጣር ወልጄዋለሁና ብላ ስሙን፦ ያግቤጽ ብላ ጠራችው።
52e512f1-5b92-56fa-ae20-8357947ac732,ede8cea3-7f8f-5091-ad4a-73c7b71e032a,acceff63-09d7-52df-adbd-ec75c43d4ffb,10,10,ያግቤጽም፥ “እባክህ፥ መባረክን ባርከኝ፥ ሀገሬንም አስፋው፤ እጅህም ከእኔ ጋር ትሁን፤ እንዳያሳዝነኝም ምልክት አድርግልኝ” ብሎ የእስራኤልን አምላክ ጠራ፤ እግዚአብሔርም የለመነውን ሰጠው።
5e84b5fc-b1b6-52e2-a84a-28c22f024274,ede8cea3-7f8f-5091-ad4a-73c7b71e032a,acceff63-09d7-52df-adbd-ec75c43d4ffb,11,11,የሱሃም ወንድም ካሌብ የኤስቶንን አባት ማኪርን ወለደ።
1636f1f8-e865-5320-a695-7f28ff06436c,ede8cea3-7f8f-5091-ad4a-73c7b71e032a,acceff63-09d7-52df-adbd-ec75c43d4ffb,12,12,ኤስቶንም ቤቶራፋንና ፋሲሓን፥ የቄኔዛዊው የኤሴሎምን ወንድም የነዓስ ከተማ አባት ታሒናን ወለደ፤ እነዚህ የራፋ ሰዎች ናቸው።
4cf9f815-270b-5b90-ac9b-4a23e9e6ebf1,ede8cea3-7f8f-5091-ad4a-73c7b71e032a,acceff63-09d7-52df-adbd-ec75c43d4ffb,13,13,የቄኔዝም ልጆች ጎቶንያልና ሠራኢያ ነበሩ። የጎቶንያልም ልጅ አታት ነበረ።
01834257-9ba1-5f53-a521-228577b67cb4,ede8cea3-7f8f-5091-ad4a-73c7b71e032a,acceff63-09d7-52df-adbd-ec75c43d4ffb,14,14,መናቲም ጎፍራን ወለደ። ሠራኢያም የጌራሲምን አባት ኢዮአብን ወለደ፤ እነርሱም ጠራቢዎች ነበሩ።
2947eb3f-9f36-52a7-ac77-ccde5f135035,ede8cea3-7f8f-5091-ad4a-73c7b71e032a,acceff63-09d7-52df-adbd-ec75c43d4ffb,15,15,የዮፎኒም ልጅ የካሌብ ልጆች ዔሩ፥ ኤላ፥ ነዓም ነበሩ። የኤላም ልጅ ቄኔዝ ነበረ።
80ebfc00-e9ab-501c-ab25-e242c54dba5d,ede8cea3-7f8f-5091-ad4a-73c7b71e032a,acceff63-09d7-52df-adbd-ec75c43d4ffb,16,16,የኢያልኤል ልጆች ዜፍ፥ ዚፋ፥ ቲርያ፥ አሣርኤል ነበሩ።
1b8351b7-66d3-5756-a8db-5bc08eb2aec2,ede8cea3-7f8f-5091-ad4a-73c7b71e032a,acceff63-09d7-52df-adbd-ec75c43d4ffb,17,17,የኤዜራስም ልጆች፤ ኢያቴር፥ ሞራድ፥ ጋፌር፥ ኢያሎን ነበሩ፤ ኢያቴርም ማሮንን፥ ሰማዒን፥ የኢስቲሞንን አባት ይስባኤልን ወለደ።
dd63c330-b1fc-5ba2-affc-e117ea295c3f,ede8cea3-7f8f-5091-ad4a-73c7b71e032a,acceff63-09d7-52df-adbd-ec75c43d4ffb,18,18,ሚስቱ አይሂዳም የጌዶርን አባት ያሬድን፥ የሦኮንም አባት ሔቤርን፥ የዛኖዋንም አባት ይቁቲኤልን ወለደች። እነዚህ ሞሬድ ያገባት የፈርዖን ልጅ የቢትያ ልጆች ናቸው።
f8f61fc3-de71-5800-a039-13ba65da1b3d,ede8cea3-7f8f-5091-ad4a-73c7b71e032a,acceff63-09d7-52df-adbd-ec75c43d4ffb,19,19,የሆድያ ሚስት የነሐም እኅት ልጆች የገርሜው የቅዔላ አባትና ማዕካታዊው ኤሲትሞዓ ነበሩ።
7eee86b3-783a-56bb-a16f-2acefa72476e,ede8cea3-7f8f-5091-ad4a-73c7b71e032a,acceff63-09d7-52df-adbd-ec75c43d4ffb,20,20,የሴሞንም ልጆች አምኖን፥ የአናን ልጆች ሬኖንና ቲሎን ነበሩ፤ የይስቴም ልጆች ዘካትና የዘካት ልጆች ነበሩ።
0b15f4ca-1644-5d05-aa29-f5929ed76e89,ede8cea3-7f8f-5091-ad4a-73c7b71e032a,acceff63-09d7-52df-adbd-ec75c43d4ffb,21,21,የይሁዳም ልጅ የሴሎም ልጆች የሌካ አባት ዔር፥ የመሪሳ አባት ለዓዳ፥ ከአስቤዓ ቤት የሚሆኑ ጥሩ በፍታ የሚሠሩ ወገኖች፥
18fd9fc3-c473-52d0-af0d-c49691671b44,ede8cea3-7f8f-5091-ad4a-73c7b71e032a,acceff63-09d7-52df-adbd-ec75c43d4ffb,22,22,ኢዮአቄም፥ የካዚባ ሰዎች፥ ኢዮአስ፥ በሞዓብ አድሮ ስማቸውን፥ አብዶራንና ተቂኤም ብሎ የመለሰ ሣራፍ ነበሩ።
4d06d516-d00a-5ad3-a7cc-03f5fe30d2af,ede8cea3-7f8f-5091-ad4a-73c7b71e032a,acceff63-09d7-52df-adbd-ec75c43d4ffb,23,23,እነዚህ በነጣዔምና በጋዲራ ከንጉሡ ጋር የሚቀመጡ ሸክላ ሠራተኞች ነበሩ። እነርሱም በመንግሥቱ ጸንተው በዚያ ይኖሩ ነበር።
483ca151-9bca-5680-a91e-68e1bc3fb896,ede8cea3-7f8f-5091-ad4a-73c7b71e032a,acceff63-09d7-52df-adbd-ec75c43d4ffb,24,24,የስምዖንም ልጆች፤ ነሙኤል፥ ያሚን፥ ያሪብ፥ ዛራ፥ ሳኡል፤
0e7b5007-fa75-5246-af14-22c1550549fe,ede8cea3-7f8f-5091-ad4a-73c7b71e032a,acceff63-09d7-52df-adbd-ec75c43d4ffb,25,25,ልጁ ሳሌም፥ ልጁ መብሳም፥ ልጁ ማስማዕ።
ca20d640-a9bc-5dfa-aa2f-02e2d217f67a,ede8cea3-7f8f-5091-ad4a-73c7b71e032a,acceff63-09d7-52df-adbd-ec75c43d4ffb,26,26,የማስማዕም ልጆች፤ ልጁ ሃሙኤል፥ ልጁ ሳባድ፥ ልጁ ዝኩር፥ ልጁ ሰሜኢ።
fbb31818-b023-5d36-ad88-f27618f74b05,ede8cea3-7f8f-5091-ad4a-73c7b71e032a,acceff63-09d7-52df-adbd-ec75c43d4ffb,27,27,ለሰሜኢም ዐሥራ ስድስት ወንዶችና ስድስት ሴቶች ልጆች ነበሩት፤ ለወንድሞቹ ግን ብዙ ልጆች አልነበሩአቸውም፥ ወገናቸውም ሁሉ እንደ ይሁዳ ልጆች አልተባዙም።
b3d3688b-f919-53f4-ad58-ac3abf718da6,ede8cea3-7f8f-5091-ad4a-73c7b71e032a,acceff63-09d7-52df-adbd-ec75c43d4ffb,28,28,በቤርሳቤህም፥ በሰምዓም፥ በሞላዳ፥ በሐጸርሱዓል፥
06290335-259b-5113-a82a-46e92b064ef2,ede8cea3-7f8f-5091-ad4a-73c7b71e032a,acceff63-09d7-52df-adbd-ec75c43d4ffb,29,29,በቤልሃ፥ በዔጼም፥ በቶላድ፤
fcd7d92b-dd03-5100-a14a-fb810bfc56fe,ede8cea3-7f8f-5091-ad4a-73c7b71e032a,acceff63-09d7-52df-adbd-ec75c43d4ffb,30,30,በቤቱኤል፥ በሔርማ፥ በሤቄላቅ፤
c435da1a-9dd0-584b-ae90-8372107b15d4,ede8cea3-7f8f-5091-ad4a-73c7b71e032a,acceff63-09d7-52df-adbd-ec75c43d4ffb,31,31,በቤትማርካቦት፥ በሐጸርሱሲም፥ በቤትቢሪ፥ በሰዓራይም ይቀመጡ ነበር። እስከ ዳዊትም መንግሥት ድረስ ከተሞቻቸው እነዚህ ነበሩ።
bbd2f2e6-2ee0-5747-abe6-44739618fa12,ede8cea3-7f8f-5091-ad4a-73c7b71e032a,acceff63-09d7-52df-adbd-ec75c43d4ffb,32,32,መንደሮቻቸውም ኤጣም፥ ዓይን፥ ሬሞን፥ ቶኪን፥ ዓሻን፥ አምስቱ ከተሞች፤
04cf893e-f3ce-585f-a994-96cc761301c6,ede8cea3-7f8f-5091-ad4a-73c7b71e032a,acceff63-09d7-52df-adbd-ec75c43d4ffb,33,33,መንደሮቻቸውም ሁሉ እስከ በኣል ድረስ በእነዚህ ከተሞች ዙሪያ ነበሩ። መቀመጫቸውና ድርሻቸውም ይህ ነበረ።
45051375-08de-5d39-a958-b6c5db7d406c,ede8cea3-7f8f-5091-ad4a-73c7b71e032a,acceff63-09d7-52df-adbd-ec75c43d4ffb,34,34,መሶባብ፥ የምሌክ፥ የአሚስያስ ልጅ ኢዮስያ፤
1e3cebea-c462-52be-a5c6-d302bccfbc68,ede8cea3-7f8f-5091-ad4a-73c7b71e032a,acceff63-09d7-52df-adbd-ec75c43d4ffb,35,35,ኢዮኤል፥ የዮስብያ ልጅ፥ የሠራያ ልጅ የአሣኤል ልጅ ኢዩ፤
8fbb3cb8-a7f4-5d74-af4b-cff02ae9f1ac,ede8cea3-7f8f-5091-ad4a-73c7b71e032a,acceff63-09d7-52df-adbd-ec75c43d4ffb,36,36,ኤልዮዔናይ፥ ያዕቀባ፥ የሰሐያ፥ ዓሣያ፥ ዓዲዔል፥ ይስማኤል፥ በናያስ፤
c006849b-e390-5018-a783-9cc17d232f2d,ede8cea3-7f8f-5091-ad4a-73c7b71e032a,acceff63-09d7-52df-adbd-ec75c43d4ffb,37,37,የሳፋኤ ልጅ ዙዛ፥ የአሎን ልጅ የይዳያ ልጅ የሰማሪ ልጅ የሰማያ ልጅ፤
aa1d8851-2100-5aa9-aace-99be2d95bd51,ede8cea3-7f8f-5091-ad4a-73c7b71e032a,acceff63-09d7-52df-adbd-ec75c43d4ffb,38,38,እነዚህ በስማቸው የተጠሩ በወገኖቻቸው ላይ አለቆች ነበሩ፤ የአባቶቻቸውም ቤቶች በዝተው ነበር።
fb087f81-2016-547d-a11c-9365345f96ab,ede8cea3-7f8f-5091-ad4a-73c7b71e032a,acceff63-09d7-52df-adbd-ec75c43d4ffb,39,39,ለመንጎቻቸው መሰማርያ ይሹ ዘንድ ወደ ጌራራ እስኪደርሱ ድረስ ወደ ጋይ ምሥራቅ ሄዱ።
ba38577f-b95c-5e08-ad67-eb8c1be12aee,ede8cea3-7f8f-5091-ad4a-73c7b71e032a,acceff63-09d7-52df-adbd-ec75c43d4ffb,40,40,ብዙና እጅግ ያማረ መሰማርያም አገኙ፤ ምድሪቱም በፊታቸው ሰፊና ጸጥተኛ ሰላም ያላትም ነበረች፤ በቀድሞም ጊዜ በዚያ ተቀምጠው የነበሩ ከካም ወገን ነበሩ።
e7b7b297-5cc1-59a6-a241-63c74797e658,ede8cea3-7f8f-5091-ad4a-73c7b71e032a,acceff63-09d7-52df-adbd-ec75c43d4ffb,41,41,በስማቸው የተጻፉ እነዚህም በይሁዳ ንጉሥ በሕዝቅያስ ዘመን መጥተው ድንኳኖቻቸውንና በዚያ የተገኙትን ምዑናውያንን መቱ፥ እስከ ዛሬም ድረስ ፈጽመው አጠፉአቸው፤ በዚያም ለመንጎቻቸው መሰማሪያ ነበርና በስፍራቸው ተቀመጡ።
ab7b57b8-aee1-5b07-af8d-0547b0e52f0c,ede8cea3-7f8f-5091-ad4a-73c7b71e032a,acceff63-09d7-52df-adbd-ec75c43d4ffb,42,42,ከስምዖንም ልጆች አምስት መቶ ሰዎች ወደ ሴይር ተራራ ሄዱ፤ አለቆቻቸውም የይሰዔ ልጆች ፥ ፈላጥያ፥ ነዓርያ፥ ረፋያ፥ ዑዝኤል ነበሩ።
1e60ad21-0f43-5c99-ae40-4d47920f18d9,ede8cea3-7f8f-5091-ad4a-73c7b71e032a,acceff63-09d7-52df-adbd-ec75c43d4ffb,43,43,ያመለጡትንም የአማሌቃውያንን ቅሬታ መቱ፥ በዚያም እስከ ዛሬ ድረስ ተቀምጠዋል።
081e34bc-6e0f-5bf1-aa2d-ede231768cdd,33252d01-5770-50a0-ae17-b83c55c60780,c4796fd2-691f-5d6a-a387-41cdcf50cdb7,1,1,የእስራኤልም በኵር የሮቤል ልጆች እነዚህ ናቸው። እርሱ የበኵር ልጅ ነበረ፤ ነገር ግን ወደ አባቱ ምንጣፍ ስለ ወጣ አባቱ እስራኤል በረከቱን ለልጁ ለዮሴፍ ሰጠ፤ ብኵርናም አልተቈጠረለትም።
d75bae48-711c-58f0-a07e-005371760be8,33252d01-5770-50a0-ae17-b83c55c60780,c4796fd2-691f-5d6a-a387-41cdcf50cdb7,2,2,ይሁዳም በወንድሞቹ መካከል በረታ፥ አለቃም ከእርሱ ሆነ፤ በረከት ግን ለዮሴፍ ነበረ።
d09a5d0e-216b-5d61-acba-b0abd03ba44e,33252d01-5770-50a0-ae17-b83c55c60780,c4796fd2-691f-5d6a-a387-41cdcf50cdb7,3,3,የእስራኤል በኵር የሮቤል ልጆች፤ ሄኖኅ፥ ፍሎስ፥ አስሮን፥ ከርሚ ነበሩ።
d0722b61-ab33-5b4d-abeb-da829baada69,33252d01-5770-50a0-ae17-b83c55c60780,c4796fd2-691f-5d6a-a387-41cdcf50cdb7,4,4,የኢዩኤል ልጆች፤ ልጁ ሰማያ፥ ልጁ ጎግ፥ ልጁ ሰሜኢ፤
f8a0fcd8-b9c1-543d-ac7b-9655a4210733,33252d01-5770-50a0-ae17-b83c55c60780,c4796fd2-691f-5d6a-a387-41cdcf50cdb7,5,5,ልጁ ሚካ፥ ልጁ ሬካ፥ ልጁ ቤኤል፥
fdac0f77-f96f-5744-a624-45d22939fb57,33252d01-5770-50a0-ae17-b83c55c60780,c4796fd2-691f-5d6a-a387-41cdcf50cdb7,6,6,የአሦር ንጉሥ ቴልጌልቴልፌልሶር የማረከው ልጁ ብኤራ፤ እርሱ የሮቤል ነገድ አለቃ ነበረ።
23670458-27eb-5161-a478-0bf42141a1c1,33252d01-5770-50a0-ae17-b83c55c60780,c4796fd2-691f-5d6a-a387-41cdcf50cdb7,7,7,ወንድሞቹ በየወገናቸው የትውልዶቻቸው መዝገብ በተቈጠረ ጊዜ፥ አለቆቻቸው ኢዩኤልና ዘካርያስ ነበሩ።
ffaf54c7-8752-5417-a1e0-7ef255a8e4f8,33252d01-5770-50a0-ae17-b83c55c60780,c4796fd2-691f-5d6a-a387-41cdcf50cdb7,8,8,እስከ ናባውና እስከ በኣልሜዎን ድረስ በአሮዔር የተቀመጠው የኢዩኤል ልጅ የሰማዕ ልጅ የዖዛዝ ልጅ ቤላ፤
29fabffa-6004-5af0-a165-282303ec2c3a,33252d01-5770-50a0-ae17-b83c55c60780,c4796fd2-691f-5d6a-a387-41cdcf50cdb7,9,9,በገለዓድ ምድር እንስሶቻቸው በዝተው ነበርና በምሥራቅ በኩል ከኤፍራጥስ ወንዝ ጀምሮ እስከ ምድረ በዳው መግቢያ ድረስ ተቀመጠ።
5417d41c-7d61-54eb-a0d5-d5e2fb3b86dc,33252d01-5770-50a0-ae17-b83c55c60780,c4796fd2-691f-5d6a-a387-41cdcf50cdb7,10,10,በሳኦልም ዘመን ከስደተኞች ጋር ተዋጉ፥ እነርሱም በእጃቸው ተመትተው ወደቁ፤ በገለዓድ ምሥራቅ በኩል ባለው ሀገር ሁሉ በድንኳኖቻቸው ተቀመጡ።
eb1384e3-a88c-5e47-ab93-c19fb24d534d,33252d01-5770-50a0-ae17-b83c55c60780,0be3c1d2-cd90-5055-af93-bb92c9ffdaf4,1,11,የጋድም ልጆች በባሳን ምድር እስከ ሰልካ ድረስ በአፋዛዣቸው ተቀመጡ።
6b2550d6-e68d-5f7e-a901-87cf1490844c,33252d01-5770-50a0-ae17-b83c55c60780,0be3c1d2-cd90-5055-af93-bb92c9ffdaf4,2,12,በኵሩ ኢዩኤል፥ ሁለተኛው ሳፋም፥ ጸሓፊው ያናይን፥ ሳፋጥም በባሳን ተቀመጡ።
32c517a7-e707-5c6b-ae7e-c0c125867e9a,33252d01-5770-50a0-ae17-b83c55c60780,0be3c1d2-cd90-5055-af93-bb92c9ffdaf4,3,13,የአባቶቻቸው ቤቶች ወንድሞች ሚካኤል፥ ሜሱላም፥ ሳባ፥ ዮራይ፥ ያካን፥ ዙኢ፥ ኦቤድ እነዚህ ሰባት ነበሩ።
9b3bf897-298a-5e6d-a06a-d34b169dff7a,33252d01-5770-50a0-ae17-b83c55c60780,0be3c1d2-cd90-5055-af93-bb92c9ffdaf4,4,14,እነዚህም የቡዝ ልጅ የዮዳይ ልጅ የኢዮሳይ ልጅ የሚካኤል ልጅ የገለዓድ ልጅ የኤዳይ ልጅ የዑሪ ልጅ የአቢካኤል ልጆች ነበሩ።
ae2e3142-0ca4-5ff7-ac78-0f296014a1e6,33252d01-5770-50a0-ae17-b83c55c60780,0be3c1d2-cd90-5055-af93-bb92c9ffdaf4,5,15,የአባቶቻቸውም ቤቶች አለቃ የጎኔ ልጅ የአብዲኤል ልጅ ወንድም ነበር።
701b17f5-dbbd-52dc-aee9-7e120bf80a7a,33252d01-5770-50a0-ae17-b83c55c60780,0be3c1d2-cd90-5055-af93-bb92c9ffdaf4,6,16,በገለዓድም ምድር በባሳን በመንደሮቹም በሳሮንም መሰማርያዎች ሁሉ እስከ ዳርቻቸው ድረስ ተቀምጠው ነበር።
3224c934-8ff9-5798-a8a2-3a2a18d4440e,33252d01-5770-50a0-ae17-b83c55c60780,0be3c1d2-cd90-5055-af93-bb92c9ffdaf4,7,17,እነዚህ ሁሉ በትውልዶቻቸው በይሁዳ ንጉሥ በኢዮአታም ዘመንና በእስራኤል ንጉሥ በኢዮርብዓም ዘመን ተቈጠሩ።
9e829352-cc33-51b9-ac1f-4895f9c63711,33252d01-5770-50a0-ae17-b83c55c60780,8abcb210-0244-5049-ad37-d0e60943d174,1,18,የሮቤልና የጋድ ልጆች የምናሴም ነገድ እኩሌታ፥ ጽኑዓን ጋሻና ሰይፍ የሚይዙ፥ ቀስተኞችም፥ ሰልፍ የሚያውቁ ሰልፈኞችም፥ አርባ አራት ሺህ ሰባት መቶ ስድሳ ነበሩ።
70e1aaad-cdb9-52ea-a1c6-98786f93179d,33252d01-5770-50a0-ae17-b83c55c60780,8abcb210-0244-5049-ad37-d0e60943d174,2,19,ከአጋራውያንና ከኢጣርዮን ከናፋስዮንና ከናዳብዮን ጋር ተዋጉ።
3ea6f8d6-9b62-5a17-addb-55bc0d7d381d,33252d01-5770-50a0-ae17-b83c55c60780,8abcb210-0244-5049-ad37-d0e60943d174,3,20,በሚዋጉበትም ጊዜ ወደ እግዚአብሔር ጮኸዋልና በእርሱም ታምነዋልና አዳናቸው፤ በላያቸውም በረቱባቸው፥ አጋራውያንና ከእነርሱ ጋር የነበሩትም ሁሉ በእጃቸው ተሰጡ።
048b5649-6a4e-5012-ab38-deea3cb91269,33252d01-5770-50a0-ae17-b83c55c60780,8abcb210-0244-5049-ad37-d0e60943d174,4,21,ከከብቶቻቸውም አምሳ ሺህ ግመሎች፥ ሁለት መቶ አምሳ ሺህም በጎች፥ ሁለት ሺህም አህዮች፥ ከሰዎችም መቶ ሺህ ማረኩ።
99e4c9ce-1236-5dc2-a01f-7543f6ec8f2b,33252d01-5770-50a0-ae17-b83c55c60780,8abcb210-0244-5049-ad37-d0e60943d174,5,22,ሰልፉ ከእግዚአብሔር ዘንድ ነበረና ብዙ ሰዎች ተገድለው ወደቁ፤ እስከ ምርኮም ዘመን ድረስ በስፍራቸው ተቀመጡ።
22c5198b-980f-5415-ab23-da7477781217,33252d01-5770-50a0-ae17-b83c55c60780,8abcb210-0244-5049-ad37-d0e60943d174,6,23,የምናሴም የነገድ እኩሌታ ልጆች፤ ከባሳን ጀምሮ እስከ በኣልአርሞንና እስከ ሳኔር እስከ አርሞንኤም ተራራ እስከ ሊባኖስ ድረስ ተቀመጡ፤ እነርሱም በዙ።
09da41e2-c54d-570e-a504-7e33c5eccf60,33252d01-5770-50a0-ae17-b83c55c60780,8abcb210-0244-5049-ad37-d0e60943d174,7,24,የአባቶቻቸውም ቤቶች አለቆች እነዚህ ነበሩ፤ ዔፌር፥ ይስዔ፥ ኤሊኤል፥ ዓዝርኤል፥ ኢይርምያ፥ ሆዳይዋ፥ ኢየድኤል፤ እነርሱ ጽኑዓን ኀያላን የታወቁ ሰዎች የአባቶቻቸውም ቤቶች አለቆች ነበሩ።
4e2691c1-1119-5742-ac0f-720c95a998d4,33252d01-5770-50a0-ae17-b83c55c60780,8abcb210-0244-5049-ad37-d0e60943d174,8,25,የአባቶቻቸውንም አምላክ በደሉ፤ እግዚአብሔርም ከፊታቸው ባጠፋቸው በምድሩ አሕዛብ አማልክት አመነዘሩ።
3a513599-5fbb-548b-a4a7-0772c3197c09,33252d01-5770-50a0-ae17-b83c55c60780,8abcb210-0244-5049-ad37-d0e60943d174,9,26,የእስራኤልም አምላክ የአሦርን ንጉሥ የፋሎክን መንፈስ፥ የአሦርንም ንጉሥ የቴልጌልቴልፌልሶርን መንፈስ አስነሣ፤ የሮቤልንና የጋድን ልጆች የምናሴንም ነገድ እኩሌታ አፈለሰ፥ እስከ ዛሬም ወዳሉበት ወደ አላሔና ወደ ኦቦር፥ ወደ ሃራንና ወደ ጎዛን ወንዝ አመጣቸው።
1dee977a-1f78-563d-af5e-12bb94ce6692,24d660c1-ff25-57ab-a661-c23b03b507fe,cbfba7aa-c9ee-5601-a271-b9655210a0cc,1,1,የሌዊ ልጆች፤ ጌድሶን፥ ቀዓት ሜራሪ።
dc730ce8-8057-58e8-a1f9-ab1e8104239d,24d660c1-ff25-57ab-a661-c23b03b507fe,cbfba7aa-c9ee-5601-a271-b9655210a0cc,2,2,የቀዓትም ልጆች፤ እንበረም፥ ይስዓር፥ ኬብሮን፥ ዑዝኤል።
28e66f6e-a956-556c-ab30-8b1047c96b26,24d660c1-ff25-57ab-a661-c23b03b507fe,cbfba7aa-c9ee-5601-a271-b9655210a0cc,3,3,የእንበረምም ልጆች፤ አሮን፥ ሙሴ፥ ማርያም። የአሮንም ልጆች፤ ናዳብ፥ አብዩድ፥ አልዓዛር፥ ኢታምር።
61aa3158-8aa2-5fdc-ac1c-8d49bfb92630,24d660c1-ff25-57ab-a661-c23b03b507fe,cbfba7aa-c9ee-5601-a271-b9655210a0cc,4,4,አልዓዛር ፊንሐስን ወለደ፤ ፊንሐስም አቢሱን ወለደ፤
903e0e05-3dcc-5ce0-a9bc-bf5de07335bd,24d660c1-ff25-57ab-a661-c23b03b507fe,cbfba7aa-c9ee-5601-a271-b9655210a0cc,5,5,አቢሱም ቡቂን ወለደ፤ ቡቂም ኦዚን ወለደ፤
c91045fd-e2cd-55f9-a017-a209b2cb6a66,24d660c1-ff25-57ab-a661-c23b03b507fe,cbfba7aa-c9ee-5601-a271-b9655210a0cc,6,6,ኦዚም ዘራእያን ወለደ፤ ዘራእያም መራዮትን ወለደ፤
855288f7-8dbe-5eb4-aec9-6b1d048a619d,24d660c1-ff25-57ab-a661-c23b03b507fe,cbfba7aa-c9ee-5601-a271-b9655210a0cc,7,7,መራዮትም አማርያን ወለደ፤ አማርያም አኪጦብን ወለደ፤
00678b89-4f54-585e-aec1-a1029c15183d,24d660c1-ff25-57ab-a661-c23b03b507fe,cbfba7aa-c9ee-5601-a271-b9655210a0cc,8,8,አኪጦብም ሳዶቅን ወለደ፤ ሳዶቅም አኪማኦስን ወለደ፤
b09620c4-f3c8-5948-ae65-d5b0b8c6b4b9,24d660c1-ff25-57ab-a661-c23b03b507fe,cbfba7aa-c9ee-5601-a271-b9655210a0cc,9,9,አኪማኦስም ዓዛርያን ወለደ፤ አዛርያም ዮሐናንን ወለደ፤
3d0ba830-c15f-5107-af31-d7091bfd5643,24d660c1-ff25-57ab-a661-c23b03b507fe,cbfba7aa-c9ee-5601-a271-b9655210a0cc,10,10,ዮሐናንም ዓዛርያስን ወለደ፤ እርሱም ሰሎሞን በኢየሩሳሌም በሠራው ቤት ካህን ነበረ፤
0b79a67d-1429-5e6e-aaec-6f6fbc6e5c0b,24d660c1-ff25-57ab-a661-c23b03b507fe,cbfba7aa-c9ee-5601-a271-b9655210a0cc,11,11,ዓዛርያስም አማርያን ወለደ፤ አማርያም አኪጦብን ወለደ፤
94b439a5-b264-534d-a8a2-db8cd734eff4,24d660c1-ff25-57ab-a661-c23b03b507fe,cbfba7aa-c9ee-5601-a271-b9655210a0cc,12,12,አኪጦብም ሳዶቅን ወለደ፤ ሳዶቅም ሳሎምን ወለደ፤
1d07c599-d695-5dd2-a8c7-8247ddbee002,24d660c1-ff25-57ab-a661-c23b03b507fe,cbfba7aa-c9ee-5601-a271-b9655210a0cc,13,13,ሳሎምም ኬልቅያስን ወለደ፤ ኬልቅያስም ዓዛርያስን ወለደ፤
a4b899cc-744f-5360-aba1-57a9c2018c5d,24d660c1-ff25-57ab-a661-c23b03b507fe,cbfba7aa-c9ee-5601-a271-b9655210a0cc,14,14,ዓዛርያስም ሠራያን ወለደ፤ ሠራያም ኢዮሴዴቅን ወለደ፤
1b5a923c-ecc7-58e2-ac1b-e92ad03cfaec,24d660c1-ff25-57ab-a661-c23b03b507fe,cbfba7aa-c9ee-5601-a271-b9655210a0cc,15,15,ኢዮሴዴቅም፥ ይሁዳና ኢየሩሳሌም በናቡከደነፆር እጅ በተማረኩ ጊዜ ተማርኮ ሄደ።
1b80b37a-bec7-5420-a5a1-d6dde29fa159,24d660c1-ff25-57ab-a661-c23b03b507fe,cbfba7aa-c9ee-5601-a271-b9655210a0cc,16,16,የሌዊ ልጆች፤ ጌድሶን፥ ቀዓት፥ ሜራሪ።
f5717c3d-3c5d-59c0-a336-7f7ec4e9160c,24d660c1-ff25-57ab-a661-c23b03b507fe,cbfba7aa-c9ee-5601-a271-b9655210a0cc,17,17,የጌድሶንም ልጆች ስም ይህ ነው፤ ሎቤኒ፥ ሰሜኢ።
f196b5a4-639b-5203-a684-5741de625920,24d660c1-ff25-57ab-a661-c23b03b507fe,cbfba7aa-c9ee-5601-a271-b9655210a0cc,18,18,የቀዓትም ልጆች፤ እንበረም፥ ይስዓር፥ ኬብሮን፥ ዑዝኤል ነበሩ።
728ea1ed-cf68-534f-aa59-efb587469c6a,24d660c1-ff25-57ab-a661-c23b03b507fe,cbfba7aa-c9ee-5601-a271-b9655210a0cc,19,19,የሜራሪም ልጆች፤ ሞሐሊ፥ ሙሲ፥ የሌዋውያን ወገኖች በየአባቶቻቸው ቤቶች እነዚህ ናቸው።
d703cbe7-9412-5ede-a480-8bf53413211e,24d660c1-ff25-57ab-a661-c23b03b507fe,cbfba7aa-c9ee-5601-a271-b9655210a0cc,20,20,ከጌድሶን፤ ልጁ ሎቤኒ፥ ልጁ ኢኤት፥ ልጁ ዛማት፤
d86b2002-27b4-5f07-a056-588dd7ff575f,24d660c1-ff25-57ab-a661-c23b03b507fe,cbfba7aa-c9ee-5601-a271-b9655210a0cc,21,21,ልጁ ዮአክ፥ ልጁ አዶ፥ ልጁ ዛራ፥ ልጁ ያትራይ።
111c4835-4d3a-5558-ac5b-6b6272adb93f,24d660c1-ff25-57ab-a661-c23b03b507fe,cbfba7aa-c9ee-5601-a271-b9655210a0cc,22,22,የቀዓት ልጆች፤ ልጁ አሚናዳብ፥ ልጁ ቆሬ፥ ልጁ አሴር፤
cf0c9d7e-62c9-5127-a549-9008227a9465,24d660c1-ff25-57ab-a661-c23b03b507fe,cbfba7aa-c9ee-5601-a271-b9655210a0cc,23,23,ልጁ ሕልቃና፥ ልጁ አቢሳፍ፥ ልጁ አሴር፤
0dc41648-6cae-5c14-aaf8-e317f1785f99,24d660c1-ff25-57ab-a661-c23b03b507fe,cbfba7aa-c9ee-5601-a271-b9655210a0cc,24,24,ልጁ ተአት፥ ልጁ ኡርኤል፥ ልጁ ዖዝያ፥ ልጁ ሳውል።
d2812e8c-36ca-5d37-a24a-1f72e9e3dc07,24d660c1-ff25-57ab-a661-c23b03b507fe,cbfba7aa-c9ee-5601-a271-b9655210a0cc,25,25,የሕልቃናም ልጆች፤ አማሤ፥ አኪሞት።
a4e6d973-ceac-53a5-a635-acdf3ab27f2c,24d660c1-ff25-57ab-a661-c23b03b507fe,cbfba7aa-c9ee-5601-a271-b9655210a0cc,26,26,ልጁ ሕልቃና፤ ልጁ ሱፌ፤ ልጁ ናሔት፤
e47a7b22-17b6-5efa-a1ea-452a80470d6a,24d660c1-ff25-57ab-a661-c23b03b507fe,cbfba7aa-c9ee-5601-a271-b9655210a0cc,27,27,ልጁ ኤልያብ፤ ልጁ ኢያሬምያል፤ ልጁ ሕልቃና፤ ልጁ ሳሙኤል።
b890d2bb-125c-53e7-a126-64b076be1814,24d660c1-ff25-57ab-a661-c23b03b507fe,cbfba7aa-c9ee-5601-a271-b9655210a0cc,28,28,የሳሙኤልም ልጆች፤ በኵሩ ኢዮኤል፥ ሁለተኛውም አብያ።
356ed6f2-2ccc-5fda-a9bd-012ef08bc99c,24d660c1-ff25-57ab-a661-c23b03b507fe,cbfba7aa-c9ee-5601-a271-b9655210a0cc,29,29,የሜራሪ ልጆች፤ ሞሓሊ፥ ልጁ ሎቤኒ፥ ልጁ ሰሜኢ፥ ልጁ ዖዛ፥
83b892e6-0be9-5c54-a9e9-0ab6cc51f1ae,24d660c1-ff25-57ab-a661-c23b03b507fe,cbfba7aa-c9ee-5601-a271-b9655210a0cc,30,30,ልጁ ሳምዓ፥ ልጁ ሐግያ፥ ልጁ ዓሣያ።
d69c189d-9a0c-595b-a995-d116f31bcf9d,24d660c1-ff25-57ab-a661-c23b03b507fe,cbfba7aa-c9ee-5601-a271-b9655210a0cc,31,31,ዳዊትም ታቦቷ በምታርፍበት ጊዜ በእግዚአብሔር ቤት ያቆማቸው የመዘምራን አለቆች እነዚህ ናቸው።
29998b7a-21bd-5b23-ae40-44f3d3c46b16,24d660c1-ff25-57ab-a661-c23b03b507fe,cbfba7aa-c9ee-5601-a271-b9655210a0cc,32,32,ሰሎሞንም የእግዚአብሔርን ቤት በኢየሩሳሌም እስኪሠራ ድረስ በምስክሩ ድንኳን ማደሪያ ፊት በበገና እያዜሙ ያገለግሉ ነበር፤ በየተራቸውም ለአገልግሎታቸው ይቆሙ ነበር።
ebba30e0-d3ad-5122-a490-1e5ab30450fd,24d660c1-ff25-57ab-a661-c23b03b507fe,cbfba7aa-c9ee-5601-a271-b9655210a0cc,33,33,አገልጋዮቹና ልጆቹ እነዚህ ነበሩ፤ ከቀዓት ልጆች ዘማሪው ኤማን ነበረ፤ እርሱም የኢዩኤል ልጅ፥ የሳሙኤል ልጅ፤
363b577c-8448-573d-a5ee-6c77cdb2a372,24d660c1-ff25-57ab-a661-c23b03b507fe,cbfba7aa-c9ee-5601-a271-b9655210a0cc,34,34,የሕልቃና ልጅ፥ የይሮዓም ልጅ፥ የኤላኤል ልጅ፥ የቶዋ ልጅ፤
919b8964-2dda-5dd2-a5d3-05cae6dac394,24d660c1-ff25-57ab-a661-c23b03b507fe,cbfba7aa-c9ee-5601-a271-b9655210a0cc,35,35,የሱፍ ልጅ፥ የሕልቃና ልጅ፥ የመሐት ልጅ፥ የአማሤ ልጅ፤
bee688f9-6b8e-588b-a24a-d7ff85186ebf,24d660c1-ff25-57ab-a661-c23b03b507fe,cbfba7aa-c9ee-5601-a271-b9655210a0cc,36,36,የሕልቃና ልጅ፥ የኢዩኤል ልጅ፥ የዓዛርያስ ልጅ፥ የሶፎንያስ ልጅ፤
1735048f-b399-51fa-ae01-9847b9879ef2,24d660c1-ff25-57ab-a661-c23b03b507fe,cbfba7aa-c9ee-5601-a271-b9655210a0cc,37,37,የታሐት ልጅ፥ የአሴር ልጅ፥ የአብያሳፍ ልጅ፥ የቆሬ ልጅ፥
4e0d061d-0753-53d7-ab83-821d34e74d9a,24d660c1-ff25-57ab-a661-c23b03b507fe,cbfba7aa-c9ee-5601-a271-b9655210a0cc,38,38,የይሰአር ልጅ፥ የቀዓት ልጅ፥ የሌዊ ልጅ፥ የእስራኤል ልጅ ነው።
c8414649-9c48-518f-a805-7a59e0d286e8,24d660c1-ff25-57ab-a661-c23b03b507fe,cbfba7aa-c9ee-5601-a271-b9655210a0cc,39,39,በቀኙም የሚቆመው ወንድሙ አሳፍ ነበረ፤ አሳፍም የበራክያ ልጅ፥ የሳምዓ ልጅ፤
be9097a4-d515-52b3-af0c-5f5e1d7fefc1,24d660c1-ff25-57ab-a661-c23b03b507fe,cbfba7aa-c9ee-5601-a271-b9655210a0cc,40,40,የሚካኤል ልጅ፤ የበዓሣያ ልጅ፥ የመልክያ ልጅ፤
2defe6ca-5f93-5acb-a17f-bdac615a63db,24d660c1-ff25-57ab-a661-c23b03b507fe,cbfba7aa-c9ee-5601-a271-b9655210a0cc,41,41,የኤትኒ ልጅ፥ የዛራ ልጅ፥ የዓዳያ ልጅ፤
005be0fb-ccfd-5bda-a2ae-6500f6176912,24d660c1-ff25-57ab-a661-c23b03b507fe,cbfba7aa-c9ee-5601-a271-b9655210a0cc,42,42,የኤታን ልጅ፥ የዛማ ልጅ፥ የሰሜኢ ልጅ፤
c6a7316c-809c-5278-aa67-13411d342238,24d660c1-ff25-57ab-a661-c23b03b507fe,cbfba7aa-c9ee-5601-a271-b9655210a0cc,43,43,የኢያኤት ልጅ፥ የጌድሶን ልጅ፥ የሌዊ ልጅ ነው።
b3bf8aa3-f19e-57cd-a9c0-a00a1d7f45d2,24d660c1-ff25-57ab-a661-c23b03b507fe,cbfba7aa-c9ee-5601-a271-b9655210a0cc,44,44,በግራቸውም በኩል የሚቆሙ ወንድሞቻቸው የሜራሪ ልጆች ነበሩ፤ ኤታን የቄሳ ልጅ፥ የአብዲ ልጅ፥ የማሎክ ልጅ፤
d9d02906-8baf-5230-a07a-fa00b43a52ef,24d660c1-ff25-57ab-a661-c23b03b507fe,cbfba7aa-c9ee-5601-a271-b9655210a0cc,45,45,የአሳቢ ልጅ፥ የአሜስያስ ልጅ፥ የኬልቅያስ ልጅ፤
79ab213e-8110-54c6-a25a-a7474276ca3f,24d660c1-ff25-57ab-a661-c23b03b507fe,cbfba7aa-c9ee-5601-a271-b9655210a0cc,46,46,የአማሴ ልጅ፥ የባኒ ልጅ፥ የሴሜር ልጅ፤
3176042f-bd05-5de9-ac5a-319b2a03e1d8,24d660c1-ff25-57ab-a661-c23b03b507fe,cbfba7aa-c9ee-5601-a271-b9655210a0cc,47,47,የሞአሊ ልጅ፥ የሙሲ ልጅ፥ የሜራሪ ልጅ፥ የሌዊ ልጅ።
2b0e40a1-2d93-5583-a11f-0a15e6a84581,24d660c1-ff25-57ab-a661-c23b03b507fe,cbfba7aa-c9ee-5601-a271-b9655210a0cc,48,48,ወንድሞቻቸውም ሌዋውያን እንደ እየባቶቻቸው ቤቶች ለእግዚአብሔር ቤት ሥራ አገልግሎት ሁሉ ተሰጡ።
dfa4a9e6-44c4-5f3b-a266-0346b55d0310,24d660c1-ff25-57ab-a661-c23b03b507fe,cbfba7aa-c9ee-5601-a271-b9655210a0cc,49,49,አሮንና ልጆቹ ግን የእግዚአብሔር አገልጋይ ሙሴ እንዳዘዘው ሁሉ ለቅድስተ ቅዱሳን ሥራ ሁሉ ስለ እስራኤልም ያስተሰርይ ዘንድ ለሚቃጠለው መሥዋዕት በሚሆነው መሠዊያ ላይ ይሠዉ ነበር፥ በዕጣኑም መሠዊያ ላይ ያጥኑ ነበር።
e429bc32-5f5a-5705-af73-8b09f44155b6,24d660c1-ff25-57ab-a661-c23b03b507fe,cbfba7aa-c9ee-5601-a271-b9655210a0cc,50,50,የአሮንም ልጆች ስሞች እነዚህ ናቸው፤ ልጁ አልዓዛር፥ ልጁ ፊንሐስ፥ ልጁ አቢሱ፤
b779e588-8f70-577c-a0b9-0dac9a30cd02,24d660c1-ff25-57ab-a661-c23b03b507fe,cbfba7aa-c9ee-5601-a271-b9655210a0cc,51,51,ልጁ ቡቂ፥ ልጁ ኦዚ፥ ልጁ ዘራእያ፤
9308648e-b039-5d20-a3df-c18b80f623bf,24d660c1-ff25-57ab-a661-c23b03b507fe,cbfba7aa-c9ee-5601-a271-b9655210a0cc,52,52,ልጁ መራዮት፥ ልጁ አማርያ፥ ልጁ አኪጦብ፥
964d14ed-712c-5a3b-a30e-5385c705562f,24d660c1-ff25-57ab-a661-c23b03b507fe,cbfba7aa-c9ee-5601-a271-b9655210a0cc,53,53,ልጁ ሳዶቅ፥ ልጁ አኪማኦስ።
f0ee1cf4-51a2-5c7d-a2c8-824d01bb5cca,24d660c1-ff25-57ab-a661-c23b03b507fe,cbfba7aa-c9ee-5601-a271-b9655210a0cc,54,54,ማደሪያዎቻቸውም በየሰፈራቸው በየዳርቻቸው እነዚህ ናቸው፤ ለአሮን ልጆች ለቀዓት ወገኖች አንደኛው ዕጣ ነበረ።
7a77b310-b7f9-568d-a036-9301fce93bb8,24d660c1-ff25-57ab-a661-c23b03b507fe,cbfba7aa-c9ee-5601-a271-b9655210a0cc,55,55,ለእነርሱ በይሁዳ ሀገር ያለችውን ኬብሮንን፥ በእርስዋም ዙሪያ የነበረውን መሰማሪያ ሰጡ፤
d80f7c62-e318-57e0-a249-17c4e41cebd1,24d660c1-ff25-57ab-a661-c23b03b507fe,cbfba7aa-c9ee-5601-a271-b9655210a0cc,56,56,የከተማዪቱን እርሻ ግን መንደሮችዋንም ለዮፎኒ ልጅ ለካሌብ ሰጡ።
be404571-e0ab-53d9-af24-c5ed0434885f,24d660c1-ff25-57ab-a661-c23b03b507fe,cbfba7aa-c9ee-5601-a271-b9655210a0cc,57,57,ለአሮንም ልጆች የመማፀኛውን ከተሞች፥ ኬብሮንን፥ ልብናንና መሰማርያዋን፥ ሴልናንና መሰማሪያዋን፤ ኤስትሞዓንና መሰማሪያዋን ሰጡ።
acef34f4-b4b5-50cc-a79d-7f87bb9835d4,24d660c1-ff25-57ab-a661-c23b03b507fe,cbfba7aa-c9ee-5601-a271-b9655210a0cc,58,58,የኢያቴርን ከተማና መሰማሪያዋን፥ ዳቤርንና መሰማሪያዋን፤
5c1015ca-9c79-5030-a762-d30dee15da10,24d660c1-ff25-57ab-a661-c23b03b507fe,cbfba7aa-c9ee-5601-a271-b9655210a0cc,59,59,ዓሳንንና መሰማሪያዋን፥ ቤትሳሚስንና መሰማሪያዋን፤
13412099-95ed-541f-ac2b-45a79394305c,24d660c1-ff25-57ab-a661-c23b03b507fe,cbfba7aa-c9ee-5601-a271-b9655210a0cc,60,60,ከብንያምም ነገድ ጌባንና መሰማርያዋን፥ ጋሌማትንና መሰማሪያዋን፥ ዓናቶትንና መሰማሪያዋን ሰጡ። ከተሞቻቸው ሁሉ በየወገናቸው ዐሥራ ሦስት ነበሩ።
22d6bc8b-979d-547c-a704-3e249a10b5d3,24d660c1-ff25-57ab-a661-c23b03b507fe,cbfba7aa-c9ee-5601-a271-b9655210a0cc,61,61,ለቀሩትም ለቀዓት ልጆች ከምናሴ ነገድ እኩሌታ ዐሥር ከተሞች በዕጣ ተሰጡ።
65907b3e-49fa-5a39-a185-a9501a3e3794,24d660c1-ff25-57ab-a661-c23b03b507fe,cbfba7aa-c9ee-5601-a271-b9655210a0cc,62,62,ለጌድሶንም ልጆች በየወገናቸው ከይሳኮር ነገድ፥ ከአሴርም ነገድ፥ ከንፍታሌምም ነገድ፥ በባሳንም ካለው ከምናሴ ነገድ፥ ዐሥራ ሦስት ከተሞች ተሰጡ።
500387ab-692b-52cb-a25f-5e3f85a9eb05,24d660c1-ff25-57ab-a661-c23b03b507fe,cbfba7aa-c9ee-5601-a271-b9655210a0cc,63,63,ለሜራሪም ልጆች በየወገናቸው ከሮቤል ነገድ፥ ከጋድም ነገድ፥ ከዛብሎንም ነገድ፥ ዐሥራ ሁለት ከተሞች በዕጣ ተሰጡ።
3a91144f-795c-5442-a575-db5a020b6279,24d660c1-ff25-57ab-a661-c23b03b507fe,cbfba7aa-c9ee-5601-a271-b9655210a0cc,64,64,የእስራኤልም ልጆች ለሌዋውያን ከተሞችን ከመሰማሪያዎቻቸው ጋር ሰጡ።
8030ce76-e669-5625-aef9-bebf50e1af8f,24d660c1-ff25-57ab-a661-c23b03b507fe,cbfba7aa-c9ee-5601-a271-b9655210a0cc,65,65,ከይሁዳም ልጆች ነገድ፥ ከስምዖንም ልጆች ነገድ፥ ከብንያምም ልጆች ነገድ፥ እነዚህን በስማቸው የተጠሩትን ከተሞች በዕጣ ሰጡ።
5511dfcc-a362-5dff-a6a4-39e7420b141a,24d660c1-ff25-57ab-a661-c23b03b507fe,cbfba7aa-c9ee-5601-a271-b9655210a0cc,66,66,ከቀዓትም ልጆች ወገኖች ለአንዳንዶቹ ከኤፍሬም ነገድ ከተሞች ድርሻ ነበራቸው።
300efd18-9c5b-5337-ae94-725d78a7f54e,24d660c1-ff25-57ab-a661-c23b03b507fe,cbfba7aa-c9ee-5601-a271-b9655210a0cc,67,67,በተራራማው በኤፍሬም ሀገር ያሉትን የመማፀኛውን ከተሞች ሴኬምንና መሰማሪያዋን፥ ደግሞም ጋዜርንና መሰማሪያዋን፤
0967d42c-4f4d-58c1-a5c5-06df438d5c61,24d660c1-ff25-57ab-a661-c23b03b507fe,cbfba7aa-c9ee-5601-a271-b9655210a0cc,68,68,ዮቅምዓምንና መሰማሪያዋን፥ ቤትሖሮንንና መሰማሪያዋን፤
36d26dbe-c39d-5915-a3b4-ec9f076c7ba0,24d660c1-ff25-57ab-a661-c23b03b507fe,cbfba7aa-c9ee-5601-a271-b9655210a0cc,69,69,ኤሎንንና መሰማሪያዋን፥ ጋትሪሞንንና መሰማሪያዋን ሰጡአቸው።
b249035b-9c7c-5f6a-ada6-38da5a3f772f,24d660c1-ff25-57ab-a661-c23b03b507fe,cbfba7aa-c9ee-5601-a271-b9655210a0cc,70,70,ከምናሴም ነገድ እኩሌታ ዓኔርንና መሰማሪያዋን፥ ቤልዓምንና መሰማሪያዋን፥ ከቀዓት ልጆች ወገን ለቀሩት ሰጡ።
4e1168c0-e031-5957-a689-02657c37f08a,24d660c1-ff25-57ab-a661-c23b03b507fe,cbfba7aa-c9ee-5601-a271-b9655210a0cc,71,71,ለጌድሶን ልጆች ከምናሴ ነገድ እኩሌታ ወገን በባሳን ያለችው ጋውሎንና መሰማሪያዋ፥ አስታሮትና መሰማሪያዋ፤
a7acdb5f-55bb-530c-a61d-3991e6908302,24d660c1-ff25-57ab-a661-c23b03b507fe,cbfba7aa-c9ee-5601-a271-b9655210a0cc,72,72,ከይሳኮርም ነገድ ቃዴስና መሰማሪያዋ፥ ዳብራትና መሰማሪያዋ፤
971bfce8-6a8b-5091-aef3-0e721682e49c,24d660c1-ff25-57ab-a661-c23b03b507fe,cbfba7aa-c9ee-5601-a271-b9655210a0cc,73,73,ራሞትና መሰማሪያዋ፥ ዓኔምና መሰማሪያዋ፤
4f754644-3f15-57c7-a2d5-3930b691ec49,24d660c1-ff25-57ab-a661-c23b03b507fe,cbfba7aa-c9ee-5601-a271-b9655210a0cc,74,74,ከአሴርም ነገድ መዓሳልና መሰማሪያዋ፥ ዓብዶንና መሰማሪያዋ፤
16221e2a-dfe3-5ec5-a610-f171f5fc9716,24d660c1-ff25-57ab-a661-c23b03b507fe,cbfba7aa-c9ee-5601-a271-b9655210a0cc,75,75,ሐቆቅና መሰማሪያዋ፥ ረዓብና መሰማሪያዋ፤
34b24c92-a908-59d5-aec6-b5b9d7a0090b,24d660c1-ff25-57ab-a661-c23b03b507fe,cbfba7aa-c9ee-5601-a271-b9655210a0cc,76,76,ከንፍታሌምም ነገድ በገሊላ ያለችው ቃዴስና መሰማሪያዋ፥ ሐሞንና መሰማሪያዋ፥ ቄርያታይምና መሰማሪያዋ ተሰጡ።
9e004015-b56c-55b6-a6d2-d532dcab6208,24d660c1-ff25-57ab-a661-c23b03b507fe,cbfba7aa-c9ee-5601-a271-b9655210a0cc,77,77,ለቀሩትም ለሜራሪ ልጆች ከዛብሎን ነገድ ሬሞንና መሰማሪያዋ፥ ታቦርና መሰማሪያዋ፤
334838be-3cce-53f8-a5d0-74b747c0481d,24d660c1-ff25-57ab-a661-c23b03b507fe,cbfba7aa-c9ee-5601-a271-b9655210a0cc,78,78,ከሮቤልም ነገድ በኢያሪኮ አንጻር በዮርዳኖስ ማዶ በምሥራቅ በኩል በምድረ በዳ ያለችው ቦሶርና መሰማሪያዋ፥ ያሶንና መሰማሪያዋ፤
666a92af-ba2a-5398-a030-d4477c15189c,24d660c1-ff25-57ab-a661-c23b03b507fe,cbfba7aa-c9ee-5601-a271-b9655210a0cc,79,79,ቅዴሞትና መሰማሪያዋ፥ ሜፍዓትና መሰማሪያዋ፤
a07599e6-923d-5fbe-abd6-afc171857822,24d660c1-ff25-57ab-a661-c23b03b507fe,cbfba7aa-c9ee-5601-a271-b9655210a0cc,80,80,ከጋድም ነገድ በገለዓድ ያለችው ሬማትና መሰማሪያዋ፥ መሃናይምና መሰማሪያዋ፤
2ecbe616-0da4-5a4e-a207-033c5fce4766,24d660c1-ff25-57ab-a661-c23b03b507fe,cbfba7aa-c9ee-5601-a271-b9655210a0cc,81,81,ሐሴቦንና መሰማሪያዋ፥ ኢያዜርና መሰማሪያዋ ተሰጡ።
dc8238a8-b45c-50fb-ab89-5b008cc6e665,4ded709c-7745-5800-a430-b727c5bc0d60,062b22db-ebab-51d3-a78c-69303ae643b4,1,1,የይሳኮርም ልጆች፤ ቶላ፥ ፋዋ፥ ያሱብ፥ ሰምሮን፥ አራት ናቸው።
c7c8e15d-3f3a-5a33-ada4-241c43249039,4ded709c-7745-5800-a430-b727c5bc0d60,062b22db-ebab-51d3-a78c-69303ae643b4,2,2,የቶላም ልጆች፤ ኦዚ፥ ረፋያ፥ ይሪኤል፥ የሕማይ፥ ይብሣም፥ ሰሙኤል፥ የአባታቸው የቶላ ቤት አለቆች፥ በትውልዳቸው ጽኑዓን ኀያላን ሰዎች ነበሩ፤ በዳዊት ዘመን ቍጥራቸው ሃያ ሁለት ሺህ ስድስት መቶ ነበረ።
31c17ff9-0516-5586-a372-75e0654de033,4ded709c-7745-5800-a430-b727c5bc0d60,062b22db-ebab-51d3-a78c-69303ae643b4,3,3,የኦዚም ልጆች ይዝረሕያ፤ የይዝረሕያም ልጆች ሚካኤል፥ አብድዩ፥ ኢዩኤል፥ ይሴያ አምስት ናቸው፤ ሁሉም አለቆች ነበሩ።
4f22470f-e4c9-5dd4-a628-b1a4b4191e41,4ded709c-7745-5800-a430-b727c5bc0d60,062b22db-ebab-51d3-a78c-69303ae643b4,4,4,ከእነርሱም ጋር በየትውልዳቸው በየአባቶቻቸው ቤት ለሰልፍ የተዘጋጁ የሠራዊት ጭፍሮች ነበሩ፤ ብዙም ሴቶችና ልጆች ነበሩአቸውና ሠላሳ ስድስት ሺህ ነበሩ።
d307f921-bd15-5426-ab59-9f327700bd34,4ded709c-7745-5800-a430-b727c5bc0d60,062b22db-ebab-51d3-a78c-69303ae643b4,5,5,ወንድሞቻቸውም በይሳኮር ወገኖች ሁሉ ጽኑዓን ኀያላን ሰዎች በትውልዳቸው ሁሉ የተቈጠሩ ሰማንያ ሰባት ሺህ ነበሩ።
439d5231-a287-58b4-ab59-df3a7f21d66e,4ded709c-7745-5800-a430-b727c5bc0d60,062b22db-ebab-51d3-a78c-69303ae643b4,6,6,የብንያም ልጆች ቤላ፥ ቤኬር፥ ይድኤል ሦስት ነበሩ።
a6a91421-bca2-52a6-a8d2-bab49fcb9566,4ded709c-7745-5800-a430-b727c5bc0d60,062b22db-ebab-51d3-a78c-69303ae643b4,7,7,የቤላም ልጆች፥ ኤሲቦን፥ ኦዚ፥ ዑዝኤል፥ ኢያሬሙት፥ ዔሪ አምስት ነበሩ፤ የአባቶቻቸው ቤቶች አለቆች፥ ጽኑዓን ኀያላን ሰዎች ነበሩ፤ ቍጥራቸውም ሃያ ሁለት ሺህ ሠላሳ አራት ነበሩ።
316ac8d2-885f-54dc-a704-59274a39193f,4ded709c-7745-5800-a430-b727c5bc0d60,062b22db-ebab-51d3-a78c-69303ae643b4,8,8,የቤኬርም ልጆች ዝሜራ፥ ኢዮአስ፥ አልዓዛር፥ ኤልዮኤናይ፥ ዖምሪ፥ ኢያሪሙት፥ ዓብያ፥ ዓናቶት፤ ዓሌሜት፤ እነዚህ ሁሉ የቤኬር ልጆች ነበሩ።
f2440a67-8eeb-5d59-a19a-124fca1fb082,4ded709c-7745-5800-a430-b727c5bc0d60,062b22db-ebab-51d3-a78c-69303ae643b4,9,9,በየትውልዳቸውም መዝገብ የተቈጠሩ፥ የአባቶቻቸው ቤቶች አለቆች፥ ጽኑዓን ኀያላን ሰዎች ሃያ ሺህ ሁለት መቶ ነበሩ።
29c2ca6d-71de-5697-a262-7ba4b829a7db,4ded709c-7745-5800-a430-b727c5bc0d60,062b22db-ebab-51d3-a78c-69303ae643b4,10,10,የይዴኤልም ልጅ ቢልሐን ነበረ፤ የቢልሐንም ልጆች የዑስ፥ ብንያም፥ ኤሁድ፥ ክንዓና፥ ዜታን፥ ተርሴስ፥ አኬሳአር ነበሩ።
888d051d-e1d8-5bd4-aa88-686568f72d1b,4ded709c-7745-5800-a430-b727c5bc0d60,062b22db-ebab-51d3-a78c-69303ae643b4,11,11,እነዚህ ሁሉ የይዴኤል ልጆች ነበሩ፤ በየአባቶቻቸው ቤቶች አለቆች፥ ጭፍራ እየሆኑ ወደ ሰልፍ የሚወጡ ጽኑዓን ኀያላን ሰዎች ዐሥራ ሰባት ሺህ ሁለት መቶ ነበሩ።
71113b4e-fb0b-5959-ae12-21cdaaf5e1fa,4ded709c-7745-5800-a430-b727c5bc0d60,062b22db-ebab-51d3-a78c-69303ae643b4,12,12,ደግሞም ሳፊን፥ ሑፊም የዔር ልጆች፥ ሑሲም የአሔር ልጅ ነበረ።
4caa20ef-19dc-5670-a34c-00820a809c42,4ded709c-7745-5800-a430-b727c5bc0d60,062b22db-ebab-51d3-a78c-69303ae643b4,13,13,የንፍታሌምም ልጆች፥ ያሕጽኤል፥ ጎኒ፥ ዬጽር፥ ሼሌም፥ እነዚህ አራቱ የባላ ልጆች ነበሩ።
19d91d56-be34-5d92-a6f3-145ab8712df9,4ded709c-7745-5800-a430-b727c5bc0d60,062b22db-ebab-51d3-a78c-69303ae643b4,14,14,የምናሴ ልጆች ሶሪያዪቱ ቁባቱ የወለደችለት አስርኤልና የገለዓድ አባት ማኪር ናቸው።
030440c1-5a8c-53d5-a3b1-fb54adcc6a74,4ded709c-7745-5800-a430-b727c5bc0d60,062b22db-ebab-51d3-a78c-69303ae643b4,15,15,ማኪርም ከሑፊምና ከሳፊን ወገን ሚስት አገባ፤ የእኅትየዋም ስም መዓካ ነበረ፤ የሁለተኛውም ስም ሰለጰዓድ ነበረ፤ ለሰለጰዓድም ሴቶች ልጆች ነበሩት።
9ea31584-4bf9-5678-a416-78c0c190d430,4ded709c-7745-5800-a430-b727c5bc0d60,062b22db-ebab-51d3-a78c-69303ae643b4,16,16,የማኪርም ሚስት መዓካ ልጅ ወለደች፥ ስሙንም ፋሬስ ብላ ጠራችው፤ የወንድሙም ስም ሱሮስ ነበረ፤ ልጆቹም ኡላምና ራቄም ነበሩ።
37f6b038-594d-5570-a9e1-8fd46ee582db,4ded709c-7745-5800-a430-b727c5bc0d60,062b22db-ebab-51d3-a78c-69303ae643b4,17,17,የኡላምም ልጅ ባዳን ነበረ፤ እነዚህ የምናሴ ልጅ የማኪር ልጅ የገለዓድ ልጆች ነበሩ።
7b580549-d878-5d97-a106-dd727c482d0f,4ded709c-7745-5800-a430-b727c5bc0d60,062b22db-ebab-51d3-a78c-69303ae643b4,18,18,እኅቱ መለኪት ኢሱድን፥ አቢዔዜርን፥ መሕላን ወለደች።
b12cb8c7-7e9b-53ff-abd4-ca381e34814a,4ded709c-7745-5800-a430-b727c5bc0d60,062b22db-ebab-51d3-a78c-69303ae643b4,19,19,የሰሜራም ልጆች አሒያን፥ ሴኬም፥ ሌቅሔ፥ አኔዓም ነበሩ።
c8f493bb-ac7e-58f4-ae03-e168fa3fb991,4ded709c-7745-5800-a430-b727c5bc0d60,062b22db-ebab-51d3-a78c-69303ae643b4,20,20,የኤፍሬም ልጆች፤ ሱቱላ፥ ልጁ ባሬድ፥ ልጁ ታሐት፥ ልጁ ኤልዓዳ፥ ልጁ ታክት፤
47cf18ce-5b8f-5155-a6c0-a03b5444c797,4ded709c-7745-5800-a430-b727c5bc0d60,062b22db-ebab-51d3-a78c-69303ae643b4,21,21,ልጁ ዛባድ፥ ልጁ ሹቱላ፥ ልጁ ኤድር፥ ልጁ ኤልዓድ ነበሩ፤ የሀገሩም ተወላጆች የጌት ሰዎች ከብቶቻቸውን ሊወስዱ ወርደው ነበርና ገደሉአቸው።
0db478a9-cfbe-5b71-ace2-014f5e22239a,4ded709c-7745-5800-a430-b727c5bc0d60,062b22db-ebab-51d3-a78c-69303ae643b4,22,22,አባታቸው ኤፍሬምም ብዙ ቀን አለቀሰ፤ ወንድሞቹም ሊያጽናኑት መጡ።
44010d8a-dcc2-50d9-a866-e078405c1cdf,4ded709c-7745-5800-a430-b727c5bc0d60,062b22db-ebab-51d3-a78c-69303ae643b4,23,23,ወደ ሚስቱም ገባ፥ አረገዘችም፤ ወንድ ልጅም ወለደች፤ በቤቴም መከራ ሆኖአልና ሲል ስሙን በሪዓ ብሎ ጠራው።
416fd3d4-7ed7-5043-a4f5-ea3c2f0730e1,4ded709c-7745-5800-a430-b727c5bc0d60,062b22db-ebab-51d3-a78c-69303ae643b4,24,24,የሴት ልጁም ስም ሲአራ ነበረ፤ በዚያም በቀሩት ታችኛውንና ላይኛውን ቤትሖሮንን ሠራ የኡዛንም ልጁ ሠይራ ነበረ፤
ecfcd715-a06b-5a06-a1cb-59bb827c1033,4ded709c-7745-5800-a430-b727c5bc0d60,062b22db-ebab-51d3-a78c-69303ae643b4,25,25,ወንዶች ልጆቹም ራፋኢ፥ ሳራፍ፥ ልጁ ቴላ፥ ልጁ ታሐን፤
62f3ce69-c3fe-5f6a-ae48-b55291aa135a,4ded709c-7745-5800-a430-b727c5bc0d60,062b22db-ebab-51d3-a78c-69303ae643b4,26,26,ልጁ ለአዳን፥ ልጁ ዓሜሁድ፥ ልጁ ኤሌሳማ፤
25401b1d-ea2d-5ccb-aa70-5b6bbe13fdc3,4ded709c-7745-5800-a430-b727c5bc0d60,062b22db-ebab-51d3-a78c-69303ae643b4,27,27,ልጁ ነዌ፥ ልጁ ኢያሱ።
52681afa-1113-5e9a-a2e8-d9d82fa6fba9,4ded709c-7745-5800-a430-b727c5bc0d60,062b22db-ebab-51d3-a78c-69303ae643b4,28,28,ግዛታቸውና ማደሪያቸው ቤቴልና መንደሮችዋ፥ በምሥራቅም በኩል ነዓራን፥ በምዕራብም በኩል ጌዝርና መንደሮችዋ፥ ደግሞም ሴኬምና መንደሮችዋ፥ እስከ ጋዛና እስከ መንደሮችዋ ድረስ፤
4e4622ee-edab-5c51-a3c3-f13d493bd8c5,4ded709c-7745-5800-a430-b727c5bc0d60,062b22db-ebab-51d3-a78c-69303ae643b4,29,29,በምናሴም ልጆች ዳርቻ ቤትሳንና መንደሮችዋ፥ ታዕናክና መንደሮችዋ፥ መጊዶና መንደሮችዋ፥ ዶርና መንደሮችዋ፥ በላድና መንደሮችዋ ነበሩ፤ በእነዚህ ያዕቆብ የተባለ የእስራኤል ልጅ የዮሴፍ ልጆች ተቀመጡ።
0b32a640-c3e8-5e80-a29a-b5e32a8f851b,4ded709c-7745-5800-a430-b727c5bc0d60,062b22db-ebab-51d3-a78c-69303ae643b4,30,30,የአሴር ልጆች፤ ኢያምና፥ የሱዋ፥ የሱዊ፥ በሬዓ፥ እኅታቸውም ሤራሕ ነበሩ።
09a115f3-55e8-56fe-a851-807a97b1912e,4ded709c-7745-5800-a430-b727c5bc0d60,062b22db-ebab-51d3-a78c-69303ae643b4,31,31,የበሪዓም ልጆች፤ ሔቤርና፥ የቤርዛዊት አባት የነበረው መልኪኤል ናቸው።
f2013bdb-1efc-50f5-a1e1-de188a7722c6,4ded709c-7745-5800-a430-b727c5bc0d60,062b22db-ebab-51d3-a78c-69303ae643b4,32,32,ሔቤርም ያፍሌጥን፥ ሳሜርን፥ ኮታምን፥ እኅታቸውንም ሶላን ወለደ።
a24e5256-1ab2-5748-a8d9-67416ae0e5dc,4ded709c-7745-5800-a430-b727c5bc0d60,062b22db-ebab-51d3-a78c-69303ae643b4,33,33,የያፍሌጥም ልጆች፤ ፋሴክ፥ ቢምሃል፥ ዓሴት ነበሩ፤ እነዚህ የያፍሌጥ ልጆች ነበሩ።
ef8c83e3-2a85-56ff-aa6e-6586c50d3b7a,4ded709c-7745-5800-a430-b727c5bc0d60,062b22db-ebab-51d3-a78c-69303ae643b4,34,34,የሳሜርም ልጆች፤ አኪ፥ ሮኦጋ፥ ይሁባ፥ አራም ነበሩ።
50621522-4dd2-5520-ad2f-3dcdcb38f701,4ded709c-7745-5800-a430-b727c5bc0d60,062b22db-ebab-51d3-a78c-69303ae643b4,35,35,የወንድሙም የኡላም ልጆች ጾፋ፥ ይምና፥ ሰሌስ፥ ዓማል ነበሩ።
6d3f4a0e-8673-529e-a4de-6c3c233c5b72,4ded709c-7745-5800-a430-b727c5bc0d60,062b22db-ebab-51d3-a78c-69303ae643b4,36,36,የጾፋም ልጆች፤ ሴዋ፥ ሐርኔፍር፥ ሦአል፥ ቤሪ፥ ይምራ፥
b230f864-4a9d-5c08-a692-e8d0af159d58,4ded709c-7745-5800-a430-b727c5bc0d60,062b22db-ebab-51d3-a78c-69303ae643b4,37,37,ቤጼር፥ ሆድ፦ ሳማ፦ ሰሌሳ፥ ይትራን፦ ብኤራ ነበሩ።
4fe7bae1-31ce-5811-a995-398db4ed3f03,4ded709c-7745-5800-a430-b727c5bc0d60,062b22db-ebab-51d3-a78c-69303ae643b4,38,38,የዬቴርም ልጆች፤ ያፊና፥ ፊስጳ፥ አራ ነበሩ።
e117aaf3-8feb-57fc-a1c1-05a7860d9bb5,4ded709c-7745-5800-a430-b727c5bc0d60,062b22db-ebab-51d3-a78c-69303ae643b4,39,39,የዑላ ልጆች፤ ኤራ፥ ሐኔኤል፥ ሪጽያ ነበሩ።
5a771185-7d3c-5410-af53-3a0e6595d10e,4ded709c-7745-5800-a430-b727c5bc0d60,062b22db-ebab-51d3-a78c-69303ae643b4,40,40,እነዚህ ሁሉ የአሴር ልጆች፥ የአባቶቻቸው ቤቶች አለቆች፥ የተመረጡ ጽኑዓን ኀያላን ሰዎች፥ የመኳንንቱ አለቆች ነበሩ። በትውልዳቸውም በሰልፍ ለመዋጋት የተቈጠሩ ሃያ ስድስት ሺህ ሰዎች ነበሩ።
f70e43a5-fb48-5f04-a9cc-5dd44d790c7b,24bc71b9-5e34-5ed1-a36d-2b83258194fc,0e5cb07a-27b2-5656-a212-698ae2ce20f8,1,1,ብንያምም በኵሩን ቤላን፥ ሁለተኛውንም አስቤልን፥ ሦስተኛውንም አሐራን፤
288a9a97-131c-59cc-ac7d-7d59683574eb,24bc71b9-5e34-5ed1-a36d-2b83258194fc,0e5cb07a-27b2-5656-a212-698ae2ce20f8,2,2,አራተኛውንም ኖሐን፥ አምስተኛውንም ራፋን ወለደ።
d9534fba-2c41-5f52-a312-3c765c3ba827,24bc71b9-5e34-5ed1-a36d-2b83258194fc,0e5cb07a-27b2-5656-a212-698ae2ce20f8,3,3,ለቤላም ልጆች ነበሩት፤ አዳር፥ ጌራ፥ አቤሁድ፤
1545844e-ea5d-56fd-aff9-33fc92d8748a,24bc71b9-5e34-5ed1-a36d-2b83258194fc,0e5cb07a-27b2-5656-a212-698ae2ce20f8,4,4,አቤሱ፥ ናዕማን፥ አሖዋ፤
17dc3e1e-076c-5fd5-a9bc-5a1723251b20,24bc71b9-5e34-5ed1-a36d-2b83258194fc,0e5cb07a-27b2-5656-a212-698ae2ce20f8,5,5,ጌራ፥ ሰፉፋም፥ ሑራም።
86aa60e3-7aba-5dfe-a1a0-4088d2ca9a32,24bc71b9-5e34-5ed1-a36d-2b83258194fc,0e5cb07a-27b2-5656-a212-698ae2ce20f8,6,6,እነዚህ የኤሁድ ልጆች ናቸው፤ እነዚህ በጌባ የሚቀመጡ የአባቶቻቸው ቤቶች አለቆች ናቸው፤ ወደ መነሐትም ተማረኩ፤
0739c395-43bf-515b-a2a2-b989e3c4c731,24bc71b9-5e34-5ed1-a36d-2b83258194fc,0e5cb07a-27b2-5656-a212-698ae2ce20f8,7,7,ናዕማን፥ አኪያ፥ ጌራ፥ እነርሱም ተማረኩ። ዖዛንና አሂሑድን ወለደ።
a3140f93-336c-5251-a519-9651b2e38069,24bc71b9-5e34-5ed1-a36d-2b83258194fc,0e5cb07a-27b2-5656-a212-698ae2ce20f8,8,8,ሰሐራይምም ሚስቶቹን ሑሴምንና በዕራን ከሰደደ በኋላ በሞዓብ ሜዳ ልጆችን ወለደ።
d29be0dc-05ad-5f70-a16c-6c7330fd33f2,24bc71b9-5e34-5ed1-a36d-2b83258194fc,0e5cb07a-27b2-5656-a212-698ae2ce20f8,9,9,ከሚስቱ ከሖዲሽ ዮባብን፥ ዲብያን፥ ማሴን፥ ማልካምን፤
2dddf4e8-99b0-58c0-a110-19a44c3531b5,24bc71b9-5e34-5ed1-a36d-2b83258194fc,0e5cb07a-27b2-5656-a212-698ae2ce20f8,10,10,ኢያሱብን፥ ሻክያን፥ ሜርማን ወለደ። እነዚህም ልጆች የአባቶች ቤቶች አለቆች ነበሩ።
e2fd7d6d-cb38-5280-a22f-ef8da87d518a,24bc71b9-5e34-5ed1-a36d-2b83258194fc,0e5cb07a-27b2-5656-a212-698ae2ce20f8,11,11,ከሑሲምም አቢጡብንና ኤልፍዓልን ወለደ።
c9ed6b49-bc3c-5f2d-a071-b8495341b4e8,24bc71b9-5e34-5ed1-a36d-2b83258194fc,0e5cb07a-27b2-5656-a212-698ae2ce20f8,12,12,የኤልፍዓልም ልጆች ዖቤድ፥ ሚሳም፥ ኦኖንና ሎድን፥ መንደሮቻቸውንም የሠራ ሳሜር፤
e3e59035-8ed8-566e-ae22-a04d9c682260,24bc71b9-5e34-5ed1-a36d-2b83258194fc,0e5cb07a-27b2-5656-a212-698ae2ce20f8,13,13,በሪዓ፥ ሰማዕ ነበሩ፤ እነርሱም የጌትን ነዋሪዎች ያሳደዱ የኤሎን ሰዎች የአባቶቻቸው ቤቶች አለቆች ነበሩ፤
37f6946f-06f3-545e-a6a7-4767ae2098e6,24bc71b9-5e34-5ed1-a36d-2b83258194fc,0e5cb07a-27b2-5656-a212-698ae2ce20f8,14,14,ወንድሞቹም ሶሲቅና ይሬሞት፤
aa0961c8-3e31-563a-a539-2c869a43d0ba,24bc71b9-5e34-5ed1-a36d-2b83258194fc,0e5cb07a-27b2-5656-a212-698ae2ce20f8,15,15,ዝባድያ፥ ዓራድ፥ ዔዴር፤
9fa00c89-4fd2-5c65-ad71-1c30227297b2,24bc71b9-5e34-5ed1-a36d-2b83258194fc,0e5cb07a-27b2-5656-a212-698ae2ce20f8,16,16,ሚካኤል፥ የሴፋ፥ ዮሐ፥ የበሪዓም ልጆች፤
71416fbb-4103-575b-ac3d-ad495df369ad,24bc71b9-5e34-5ed1-a36d-2b83258194fc,0e5cb07a-27b2-5656-a212-698ae2ce20f8,17,17,ዝባድያ፥ ሜሱላም፥ ሕዝቂ፥ ሔቤር፤
88d55219-9adc-59ba-a515-072e0ac1648a,24bc71b9-5e34-5ed1-a36d-2b83258194fc,0e5cb07a-27b2-5656-a212-698ae2ce20f8,18,18,ይሰምራይ፥ ይዝሊያ፥ ዮባብ፥
2c2ad6bb-c11b-5bc4-aeca-8c6367bb4950,24bc71b9-5e34-5ed1-a36d-2b83258194fc,0e5cb07a-27b2-5656-a212-698ae2ce20f8,19,19,የኤልፍዓል ልጆች ያቂም፥ ዝክሪ፥ ዘብዲ፥
b23830c4-c899-5f7e-ae2b-56ace6791981,24bc71b9-5e34-5ed1-a36d-2b83258194fc,0e5cb07a-27b2-5656-a212-698ae2ce20f8,20,20,ኤሊዔናይ፥ ጼልታይ፥ ኤሊኤል፤
df275b73-044c-5740-a03c-57b897110aee,24bc71b9-5e34-5ed1-a36d-2b83258194fc,0e5cb07a-27b2-5656-a212-698ae2ce20f8,21,21,ዓዳያ፥ ብራያ፥ ሲምራት፥ የሰሜኤ ልጆች፤
c929e709-2858-5fc6-a7d5-a1fd8d507b6b,24bc71b9-5e34-5ed1-a36d-2b83258194fc,0e5cb07a-27b2-5656-a212-698ae2ce20f8,22,22,ይሰጳን፥ ዖቤድ፥ ኤሊኤል፤
752f214e-04db-5a63-aa27-0b2057fd45b4,24bc71b9-5e34-5ed1-a36d-2b83258194fc,0e5cb07a-27b2-5656-a212-698ae2ce20f8,23,23,ዓብዶን፥ ዝክሪ፥ ሐናን፤
67442bb6-f862-55cb-a9ee-a1e08c2c13ff,24bc71b9-5e34-5ed1-a36d-2b83258194fc,0e5cb07a-27b2-5656-a212-698ae2ce20f8,24,24,ሐናንያ፥ አንበሪ፥ ኤላም፤ አናቶትያ፥
abc75462-d188-5343-adb5-f192e0ac5cdd,24bc71b9-5e34-5ed1-a36d-2b83258194fc,0e5cb07a-27b2-5656-a212-698ae2ce20f8,25,25,ይቲን፥ ይፍዴያ፥ ፋኑኤል፥ የሶሴቅ ልጆች፤
bd7822ab-5d5e-5167-a419-fe17232c3723,24bc71b9-5e34-5ed1-a36d-2b83258194fc,0e5cb07a-27b2-5656-a212-698ae2ce20f8,26,26,ሸምሸራይ፥ ሸሃሪያ፥ ጎቶልያ፤
811e723a-b1b1-51a2-a15d-e16ee4fff161,24bc71b9-5e34-5ed1-a36d-2b83258194fc,0e5cb07a-27b2-5656-a212-698ae2ce20f8,27,27,ያሬሽያ፥ ኤልያስ፥ ዝክሪ፥ የይሮሐም ልጆች።
84f58ae8-3e88-5618-a6cc-3a5ef0211666,24bc71b9-5e34-5ed1-a36d-2b83258194fc,0e5cb07a-27b2-5656-a212-698ae2ce20f8,28,28,እነዚህ በትውልዶቻቸው አለቆች ነበሩ፤ የአባቶቻቸው ቤቶች አለቆች ነበሩ፤ እነዚህ በኢየሩሳሌም ተቀመጡ።
fd9d8b95-e310-5d9a-a880-699ffb6b236d,24bc71b9-5e34-5ed1-a36d-2b83258194fc,0e5cb07a-27b2-5656-a212-698ae2ce20f8,29,29,የገባዖን አባት በገባዖን ይኖር ነበር የሚስቱም ስም መዓካ ነበር፤
39f8037f-2f41-55d6-a1b1-9e2bcdd02b6c,24bc71b9-5e34-5ed1-a36d-2b83258194fc,0e5cb07a-27b2-5656-a212-698ae2ce20f8,30,30,የበኵር ልጁ ዓብዶን፥ ሱር፥ ቂስ፥ በኣል፥ ኔር፥ ናዳብ፥
c5ac7c0a-d6e8-59e2-a200-9c9baad8c1f4,24bc71b9-5e34-5ed1-a36d-2b83258194fc,0e5cb07a-27b2-5656-a212-698ae2ce20f8,31,31,ጌዶርና፥ ወንድሙ ዛኪር ሜቅሎት፤
e31af50c-3e22-53c3-a074-966187c4e060,24bc71b9-5e34-5ed1-a36d-2b83258194fc,0e5cb07a-27b2-5656-a212-698ae2ce20f8,32,32,ሜቅሎትም ሳምአን ወለደ፤ እነርሱ ደግሞ ከወንድሞቻቸው ጋር በኢየሩሳሌም በወንድሞቻቸው ፊት ለፊት ተቀመጡ።
9c1596d4-d45b-5932-aad0-59179771f0bd,24bc71b9-5e34-5ed1-a36d-2b83258194fc,1accb06b-2279-51ad-a029-98aec84a62e9,1,33,ኔር ቂስን ወለደ፤ ቂስም ሳኦልን ወለደ፤ ሳኦልም ዮናታንን፥ ሜልኪሳን፥ አሚናዳብን፥ አስበኣልን ወለደ።
d7341891-2636-5043-a258-e84e4e7483b4,24bc71b9-5e34-5ed1-a36d-2b83258194fc,1accb06b-2279-51ad-a029-98aec84a62e9,2,34,የዮናታንም ልጅ መሪበኣል ነበረ፤ መሪበኣልም ሚካን ወለደ።
b245ab65-628c-585c-a578-587e3238a6f1,24bc71b9-5e34-5ed1-a36d-2b83258194fc,1accb06b-2279-51ad-a029-98aec84a62e9,3,35,የሚካም ልጆች ፒቶን፥ ሜሌክ፥ ታሬዓ፥ አካዝ ነበሩ።
bfbc2b38-f86a-5a17-aa5d-9f39b5c45c7e,24bc71b9-5e34-5ed1-a36d-2b83258194fc,1accb06b-2279-51ad-a029-98aec84a62e9,4,36,አካዝም ይሆዓዳን ወለደ፤ ይሆዓዳም ዓሌሜትን፥ ዓዝሞትን፥ ዘምሪን ወለደ፤ ዘምሪም ማሴዕን ወለደ።
780b4755-aa7a-51ae-adce-00729f9284ca,24bc71b9-5e34-5ed1-a36d-2b83258194fc,1accb06b-2279-51ad-a029-98aec84a62e9,5,37,ማሴዕም በዓናን ወለደ፤ ልጁም ራፋያ ነበረ፤ ልጁ ኤልዓሣ፥ ልጁ ኤሴል፤
6272b985-ea04-50aa-a9c9-17e76de11746,24bc71b9-5e34-5ed1-a36d-2b83258194fc,1accb06b-2279-51ad-a029-98aec84a62e9,6,38,ለኤሴልም ስድስት ልጆች ነበሩት፤ ስማቸውም ይህ ነበረ፤ ዓዝሪቃም፥ በኬርዩ፥ እስማኤል፥ ሰዓርያ፥ አብድዩ፥ ሐናን፤ እነዚህ ሁሉ የአሴል ልጆች ነበሩ።
8bf0adbb-b0b0-5e39-a7a9-985b121ee4b8,24bc71b9-5e34-5ed1-a36d-2b83258194fc,1accb06b-2279-51ad-a029-98aec84a62e9,7,39,የወንድሙም የአሴል ልጆች፤ በኵሩ ኡላም፥ ሁለተኛውም ኤያስ፥ ሦስተኛውም ኤሊፋላት።
4b22a76c-a65e-5339-a11a-b659469bd40f,24bc71b9-5e34-5ed1-a36d-2b83258194fc,1accb06b-2279-51ad-a029-98aec84a62e9,8,40,የኡላም ልጆች ጽኑዓን ኀያላንና ቀስተኞች ነበሩ፤ ለእነርሱም መቶ አምሳ የሚያህሉ ብዙ ልጆችና የልጅ ልጆች ነበሩአቸው፤ እነዚህ ሁሉ የብንያም ልጆች ነበሩ።
b86aab1b-3c52-509a-a1d7-2736e7f4c889,f35aa104-7e26-590f-a3e2-909685305c21,c5d93aa6-0792-5ac3-acbe-6975042df0a4,1,1,እስራኤልም ሁሉ ስለ ኀጢአታቸው ወደ ባቢሎን ከተማረኩ በኋላ፥ በየትውልዳቸው ተቈጠሩ፤ እነሆም በእስራኤልና በይሁዳ ነገሥታት መጽሐፍ ተጽፈዋል።
c3cf39f1-270c-5724-addc-6e9c956d46b2,f35aa104-7e26-590f-a3e2-909685305c21,c5d93aa6-0792-5ac3-acbe-6975042df0a4,2,2,በእስራኤል ከተሞችና በአውራጃዎቻቸው መጀመሪያ የተቀመጡ ካህናት፥ ሌዋውያንም፥ አገልጋዮችም ነበሩ።
25c5ecb9-b818-594b-a4da-8a20f58a50b2,f35aa104-7e26-590f-a3e2-909685305c21,c5d93aa6-0792-5ac3-acbe-6975042df0a4,3,3,ከይሁዳ ልጆችና ከብንያም ልጆች፥ ከኤፍሬምና ከምናሴ ልጆች በኢየሩሳሌም ተቀመጡ።
0818ba1e-8039-5a8c-a5d2-ad7939d5399b,f35aa104-7e26-590f-a3e2-909685305c21,c5d93aa6-0792-5ac3-acbe-6975042df0a4,4,4,ከይሁዳ ልጅ ከፋሬስ ልጆች የባኔ ልጅ የአምሪ ልጅ የዖምሪ ልጅ የዓሚሁድ ልጅ ዑታይ ደግሞ ተቀመጠ።
fbde19ea-d2e6-5585-afbf-fa3e538ffada,f35aa104-7e26-590f-a3e2-909685305c21,c5d93aa6-0792-5ac3-acbe-6975042df0a4,5,5,ከሴሎናውያንም በኵሩ ዓሣያና ልጆቹ።
a6ed624b-a9a3-5520-a524-fe04a2f716d2,f35aa104-7e26-590f-a3e2-909685305c21,c5d93aa6-0792-5ac3-acbe-6975042df0a4,6,6,ከዛራም ልጆች ኢያሄልና ወንድሞቻቸው፥ ስድስት መቶ ዘጠና።
e85f593c-e3b3-53d8-a48e-04a272b6853a,f35aa104-7e26-590f-a3e2-909685305c21,c5d93aa6-0792-5ac3-acbe-6975042df0a4,7,7,ከብንያምም ልጆች የሐስኑአ ልጅ የሆዳይዋ ልጅ የሜሱላም ልጅ ሰሎ፤
2692a459-fb2a-5878-a0f0-8ef1fe555f55,f35aa104-7e26-590f-a3e2-909685305c21,c5d93aa6-0792-5ac3-acbe-6975042df0a4,8,8,የይሮሐም ልጅ ኢያብናአ፤ የሚክሪ ልጅ የኦዚ ልጅ ኤላ፤ የበንያስ ልጅ የራጉኤል ልጅ የሰፋጥያስ ልጅ ሜሱላም፤
028a0067-d693-5836-a6c1-cf12ea349a89,f35aa104-7e26-590f-a3e2-909685305c21,c5d93aa6-0792-5ac3-acbe-6975042df0a4,9,9,በየትውልዳቸውም ወንድሞቻቸው ዘጠኝ መቶ አምሳ ስድስት ነበሩ፤ እነዚህ ሰዎች ሁሉ የአባቶቻቸው ቤቶች አለቆች ነበሩ።
eb94462c-f239-5b0e-aec9-13913f0aad94,f35aa104-7e26-590f-a3e2-909685305c21,c5d93aa6-0792-5ac3-acbe-6975042df0a4,10,10,ከካህናቱም ዮዳኤ፥ ዮአሪብ፥ ያኪን፤
183e58b1-3e84-5936-a54d-d96da6da5d22,f35aa104-7e26-590f-a3e2-909685305c21,c5d93aa6-0792-5ac3-acbe-6975042df0a4,11,11,የእግዚአብሔርም ቤት አለቃ የአኪጦብ ልጅ፥ የመራዩት ልጅ፥ የሳዶቅ ልጅ፥ የሜሱላም ልጅ የኬልቅያስ ልጅ ዓዛርያስ፤
1424de06-db22-58b3-a649-454152fcb7b6,f35aa104-7e26-590f-a3e2-909685305c21,c5d93aa6-0792-5ac3-acbe-6975042df0a4,12,12,የመልክያ ልጅ፥ የጳስኮር ልጅ፥ የይሮሐም ልጅ፥ አዳያ፤ የኤሜር ልጅ የምስልሞት ልጅ፥ የሜሱላም ልጅ፥ የኤሕዜራ ልጅ፥ የዓዴኤል ልጅ መዕሣይ፤
64fdecba-8a5f-566c-a326-609ae5f2fd27,f35aa104-7e26-590f-a3e2-909685305c21,c5d93aa6-0792-5ac3-acbe-6975042df0a4,13,13,የአባቶቻቸውም ቤቶች አለቆች ወንድሞቻቸው ሺህ ሰባት መቶ ስድሳ ነበሩ፤ ለእግዚአብሔር ቤትም ማገልገል ሥራ እጅግ ብቁዎች ሰዎች ነበሩ።
d6c200eb-f990-5749-ad08-a857f589cb8f,f35aa104-7e26-590f-a3e2-909685305c21,c5d93aa6-0792-5ac3-acbe-6975042df0a4,14,14,ከሌዋውያንም ልጆች ከሜራሪ ልጆች የአሳብያ ልጅ፥ የዓዝሪቃም ልጅ፥ የአሱብ ልጅ ሸማያ፤
7d88a668-bbc3-5381-a204-f0d4baa3823f,f35aa104-7e26-590f-a3e2-909685305c21,c5d93aa6-0792-5ac3-acbe-6975042df0a4,15,15,በቀባቃር፥ ኤሬስ፥ ጋላል፥ የአሳፍ ልጅ የዝክሪ ልጅ የሜካ ልጅ ማታንያስ፤ የኤዶታም ልጅ የጋላል ልጅ የሰማያ ልጅ አብድያ፤
745fb093-bc1a-53e9-a0a9-4eb42abb4ee0,f35aa104-7e26-590f-a3e2-909685305c21,c5d93aa6-0792-5ac3-acbe-6975042df0a4,16,16,በነጦፋውያንም መንደሮች የተቀመጠው የሕልቃና ልጅ የአሳ ልጅ በራክያ።
48a6ac3e-bab8-54fd-ae3e-24113ea6afe7,f35aa104-7e26-590f-a3e2-909685305c21,c5d93aa6-0792-5ac3-acbe-6975042df0a4,17,17,በረኞችም ሰሎም፥ ዓቁብ፥ ጤልሞን፥ አሒማን፥ ወንድሞቻቸውም ነበሩ፤ ሰሎምም አለቃ ነበረ።
b56fd65e-e551-5348-a6d1-361b24c7ceb5,f35aa104-7e26-590f-a3e2-909685305c21,c5d93aa6-0792-5ac3-acbe-6975042df0a4,18,18,እስከዛሬም ድረስ በንጉሥ በር በምሥራቅ በኩል ነበሩ፤ ለሌዊ ልጆች ሰፈር በረኞች ነበሩ።
6e70aec4-19ab-5a3a-a731-7c846f81165c,f35aa104-7e26-590f-a3e2-909685305c21,c5d93aa6-0792-5ac3-acbe-6975042df0a4,19,19,የቆሬም ልጅ የአብያሳፍ ልጅ የቆሬ ልጅ ሰሎም ከአባቱ ቤት የነበሩ ወንድሞቹ ቆሬያውያን በማገልገል ሥራ ላይ ነበሩ፤ የድንኳኑንም መድረክ ይጠብቁ ነበር። አባቶቻቸውም የእግዚአብሔርን ሰፈር መግቢያ ይጠብቁ ነበር።
b6f031bf-fd8b-5482-a56a-152979d4dc6a,f35aa104-7e26-590f-a3e2-909685305c21,c5d93aa6-0792-5ac3-acbe-6975042df0a4,20,20,አስቀድሞም የአልዓዛር ልጅ ፊንሐስ አለቃቸው ነበረ። እግዚአብሔርም ከእርሱ ጋር ነበረ።
a64076f6-da03-5c5b-a660-99a603e82873,f35aa104-7e26-590f-a3e2-909685305c21,c5d93aa6-0792-5ac3-acbe-6975042df0a4,21,21,የሜሱላም ልጅ ዘካርያስ የምስክሩ ድንኳን ደጅ በረኛ ነበረ።
9de6c93b-d2bd-589b-ab76-f023b1fab520,f35aa104-7e26-590f-a3e2-909685305c21,c5d93aa6-0792-5ac3-acbe-6975042df0a4,22,22,የመድረኩ በረኞች ይሆኑ ዘንድ የተመረጡ እነዚህ ሁሉ ሁለት መቶ ዐሥራ ሁለት ነበሩ። እነዚህ በመንደሮቻቸው በየትውልዳቸው ተቈጠሩ። ዳዊትና ነቢዩ ሳሙኤል ታማኝነታቸውን አይተው በሥራቸው አቆሙአቸው።
9b3cb39f-30c1-5eac-a6d6-747f2d4f6a88,f35aa104-7e26-590f-a3e2-909685305c21,c5d93aa6-0792-5ac3-acbe-6975042df0a4,23,23,እነርሱና ልጆቻቸውም በእግዚአብሔር ቤት በድንኳኑ ደጆች ላይ በረኞች ነበሩ።
0be8d33d-8620-561f-ab82-68557e2542ae,f35aa104-7e26-590f-a3e2-909685305c21,c5d93aa6-0792-5ac3-acbe-6975042df0a4,24,24,በአራቱ ማዕዘኖች፥ በምሥራቅ፥ በምዕራብ፥ በሰሜን፥ በደቡብ በሮች ነበሩ።
7a3ba894-0090-5277-a5d9-edcc1c3a5b89,f35aa104-7e26-590f-a3e2-909685305c21,c5d93aa6-0792-5ac3-acbe-6975042df0a4,25,25,ወንድሞቻቸውም በመንደሮቻቸው ሆነው፥ በየሰባቱ ቀን ከእነርሱ ጋር ሊሆኑ ከጊዜ ወደ ጊዜ ይገቡ ነበር።
35cd6ab1-fea6-56ca-a10e-4f48b89497d0,f35aa104-7e26-590f-a3e2-909685305c21,c5d93aa6-0792-5ac3-acbe-6975042df0a4,26,26,እነዚህ አራቱ ኀያላን ሰዎች ለአራቱ በሮች ኀላፊዎች ነበሩ። ሌዋውያንም በእግዚአብሔር ቤት ባሉ ጓዳዎችና ቤተ መዛግብት ላይ የተሾሙ ነበሩ።
13470608-dbe9-536d-a91a-c485ced26814,f35aa104-7e26-590f-a3e2-909685305c21,c5d93aa6-0792-5ac3-acbe-6975042df0a4,27,27,የእግዚአብሔርንም ቤት መክፈቻ የሚይዙ፥ ጥዋት ጥዋትም ደጆቹን የሚከፍቱ እነርሱ ነበሩና።
fa00e003-93ee-5f51-a9f6-846784d39d56,f35aa104-7e26-590f-a3e2-909685305c21,c5d93aa6-0792-5ac3-acbe-6975042df0a4,28,28,ዕቃውንም በቍጥር ያገቡና ያወጡ ነበርና ከእነዚህ አንዳንዶቹ በማገልገያው ዕቃ ላይ ሹሞች ነበሩ።
f94618f7-7986-5eaa-a227-68112baf5514,f35aa104-7e26-590f-a3e2-909685305c21,c5d93aa6-0792-5ac3-acbe-6975042df0a4,29,29,ከእነርሱ አንዳንዶቹ በአገልግሎቱ ዕቃዎች በመቅደሱ ዕቃ ሁሉ፥ በመልካሙም ዱቄት፥ በወይን ጠጁም፥ በዘይቱም፥ በዕጣኑም፥ በሽቱውም ላይ ሹሞች ነበሩ።
c983007c-0043-542d-a85f-5fe8c072fb11,f35aa104-7e26-590f-a3e2-909685305c21,c5d93aa6-0792-5ac3-acbe-6975042df0a4,30,30,ከካህናቱም ልጆች አንዳንዶቹ ዕጣኑንና የሽቱውን ቅባት ያዘጋጁ ነበር።
c8b487ec-2f8f-5922-a1b4-9079dc6c9253,f35aa104-7e26-590f-a3e2-909685305c21,c5d93aa6-0792-5ac3-acbe-6975042df0a4,31,31,የቆሬያዊውም የሰሎም በኵር ሌዋዊው ማቲትያ ለታላቁ ሊቀ ካህናት በምጣድ በሚጋገረው ነገር ላይ ሹም ነበረ።
7c072b21-4451-575d-a767-9c273dcba29a,f35aa104-7e26-590f-a3e2-909685305c21,c5d93aa6-0792-5ac3-acbe-6975042df0a4,32,32,በየሰንበቱም ያዘጋጁ ዘንድ ቀዓታዊው በንያስና ወንድሞቻቸው በገጹ ኅብስት ላይ ሹሞች ነበሩ።
60897723-216f-50b8-a72a-b8228eeb195e,f35aa104-7e26-590f-a3e2-909685305c21,c5d93aa6-0792-5ac3-acbe-6975042df0a4,33,33,ከሌዋውያንም ወገን የአባቶቻቸው ቤቶች አለቆች የነበሩ መዘምራን በየሰሞናቸው አገልጋዮችና ሹሞች ነበሩ፤ ሥራቸውም ሌሊትና ቀን ነበረ።
a1f0dfe4-a7b4-54f6-ab70-0010fa3c50a9,f35aa104-7e26-590f-a3e2-909685305c21,c5d93aa6-0792-5ac3-acbe-6975042df0a4,34,34,እነዚህ ከሌዋውያን የአባቶቻቸው ቤቶች አለቆች በየትውልዳቸው አለቆች ነበሩ። እነዚህም በኢየሩሳሌም ይቀመጡ ነበር።
40e85325-4958-59cd-aaa1-3c95a617c353,f35aa104-7e26-590f-a3e2-909685305c21,c5d93aa6-0792-5ac3-acbe-6975042df0a4,35,35,የሚስቱ ስም መዓካ የነበረው የገባዖን አባት ይዒኤል በገባዖን ይቀመጥ ነበረ።
200a6aac-21dd-57ac-a6e9-43326c3bac99,f35aa104-7e26-590f-a3e2-909685305c21,c5d93aa6-0792-5ac3-acbe-6975042df0a4,36,36,የበኵር ልጁም ስም ዓብዶን፥ሁለተኛው ሲር፥ ሦስተኛው ቂስ፥ አራተኛው በኣል፥ አምስተኛው ኔር፥ ስድስተኛውም ናዳብ፤
1d431e16-cc25-59c4-a3d2-7997c6e70e91,f35aa104-7e26-590f-a3e2-909685305c21,c5d93aa6-0792-5ac3-acbe-6975042df0a4,37,37,ሰባተኛው ግዱር፥ ወንድሙ ዘካርያስም፥ ሜቅሎትም።
a3e58c83-2c1d-5de8-af3b-93a75c313d61,f35aa104-7e26-590f-a3e2-909685305c21,c5d93aa6-0792-5ac3-acbe-6975042df0a4,38,38,ሜቅሎትም ሳምአን ወለደ፤ እነርሱም ደግሞ ከወንድሞቻቸው ጋር በኢየሩሳሌም በወንድሞቻቸው መካከል ይቀመጡ ነበር።
be476e11-20db-54cd-a133-b04a19cc6a39,f35aa104-7e26-590f-a3e2-909685305c21,c5d93aa6-0792-5ac3-acbe-6975042df0a4,39,39,ኔርም ቂስን ወለደ፤ ቂስም ሳኦልን ወለደ፤ ሳኦልም ዮናታንን፥ ሜልኪሳን፥ አሚናዳብን፥ አስበኣልን ወለደ።
b47d6a09-177d-52af-aa4a-619a7c062b4a,f35aa104-7e26-590f-a3e2-909685305c21,c5d93aa6-0792-5ac3-acbe-6975042df0a4,40,40,የዮናታንም ልጅ መሪበኣል ነበረ፤ መሪበኣልም ሚካን ወለደ።
9afb215a-c6f8-5cf8-a960-6af4d70355a0,f35aa104-7e26-590f-a3e2-909685305c21,c5d93aa6-0792-5ac3-acbe-6975042df0a4,41,41,የሚካም ልጆች ፒቶን፥ ሜሌክ፥ ታራ፥ አካዝ ነበሩ፤
7e2bc386-eaa2-5789-a75d-f9759f714714,f35aa104-7e26-590f-a3e2-909685305c21,c5d93aa6-0792-5ac3-acbe-6975042df0a4,42,42,አካዝም ኢያዳዕን ወለደ፤ ኢያዳዕም ጋሌሜትን፥ ጋዝሞትን፥ ዘምሪን ወለደ፤ ዘምሪም ማሳዕን ወለደ።
833cde69-54e2-5ad3-a132-5a609100210d,f35aa104-7e26-590f-a3e2-909685305c21,c5d93aa6-0792-5ac3-acbe-6975042df0a4,43,43,ማሳዕም በዓናን ወለደ፥ ልጁ ረፋያ ነበረ፥ ልጁ ኤልዓሣ፥ ልጁ ኤሴል፤
80fdc929-28d0-51eb-ab3b-46d46fcb5248,f35aa104-7e26-590f-a3e2-909685305c21,c5d93aa6-0792-5ac3-acbe-6975042df0a4,44,44,ለኤሴልም ስድስት ልጆች ነበሩት፤ ስማቸውም ይህ ነበረ፤ ዓዝሪቃም፥ ቦኬርዩ፥ እስማኤል፥ ሰዓርያ፥ አብድዩ፥ ሐናን፤ እነዚህ የኤሴል ልጆች ነበሩ።
0bbc2f75-50b1-5265-a8be-8736975e951f,2df4b7c6-bc5f-56e0-ac83-54ae0ce2b70c,313f7441-cd82-556a-aca4-73f42fad0ae0,1,1,በዚያም ወራት ፍልስጥኤማውያን ከእስራኤል ጋር ተዋጉ፤ የእስራኤልም ሰዎች ከፍልስጥኤማውያን ፊት ሸሹ፥ ተወግተውም በጌላቡሄ ተራራ ላይ ወደቁ።
d38eb7fb-e06e-5164-a8bd-345f34076550,2df4b7c6-bc5f-56e0-ac83-54ae0ce2b70c,313f7441-cd82-556a-aca4-73f42fad0ae0,2,2,ፍልስጥኤማውያንም ሳኦልንና ልጆቹን በእግር በእግራቸው ተከትለው አባረሩአቸው፤ ፍልስጥኤማውያንም የሳኦልን ልጆች ዮናታንንና አሚናዳብን ሜልኪሳንም ገደሉ።
f550a155-096f-578a-a070-3687a679b783,2df4b7c6-bc5f-56e0-ac83-54ae0ce2b70c,313f7441-cd82-556a-aca4-73f42fad0ae0,3,3,ሰልፍም በሳኦል ላይ ጠነከረ። ቀስተኞችም አግኝተው ወጉት፤ ከቀስቶችም ኀይል የተነሣ ተጨነቀ።
ae238d96-a441-5ec4-aa98-6fecb54bdc8d,2df4b7c6-bc5f-56e0-ac83-54ae0ce2b70c,313f7441-cd82-556a-aca4-73f42fad0ae0,4,4,ሳኦልም ጋሻ ጃግሬውን፥ “እነዚህ ቈላፋን መጥተው እንዳይዘብቱብኝ ሰይፍህን መዝዘህ ውጋኝ” አለው። ጋሻ ጃግሬው ግን እጅግ ፈርቶ ነበርና እንቢ አለ። ሳኦልም ሰይፉን ወስዶ በላዩ ወደቀ።
f0a0d523-5a48-5733-aaf6-70bcfad1dfdc,2df4b7c6-bc5f-56e0-ac83-54ae0ce2b70c,313f7441-cd82-556a-aca4-73f42fad0ae0,5,5,ጋሻ ጃግሬውም ሳኦል እንደ ሞተ ባየ ጊዜ እርሱ ደግሞ በሰይፉ ላይ ወድቆ ሞተ።
16d69c5a-27bf-5d99-a04b-39ca602a3bf6,2df4b7c6-bc5f-56e0-ac83-54ae0ce2b70c,313f7441-cd82-556a-aca4-73f42fad0ae0,6,6,ሳኦልና ሦስቱም ልጆቹ የቤቱም ሰዎች ሁሉ በዚያች ቀን በአንድ ላይ ሞቱ።
c54db716-86df-5413-a4d1-40691ce7515a,2df4b7c6-bc5f-56e0-ac83-54ae0ce2b70c,313f7441-cd82-556a-aca4-73f42fad0ae0,7,7,በሸለቆውም የነበሩት የእስራኤል ሰዎች ሁሉ እስራኤል እንደ ሸሹ፥ ሳኦልና ልጆቹም እንደ ሞቱ ባዩ ጊዜ ከተሞቻቸውን ለቅቀው ሸሹ፤ ፍልስጥኤማውያንም መጥተው ተቀመጡባቸው።
6ec92bde-6ec4-5384-afd6-60fd8b3eb4f4,2df4b7c6-bc5f-56e0-ac83-54ae0ce2b70c,313f7441-cd82-556a-aca4-73f42fad0ae0,8,8,በነጋውም ፍልስጥኤማውያን የሞቱትን ለመግፈፍ በመጡ ጊዜ ሳኦልንና ልጆቹን በጌላቡሄ ተራራ ላይ ወድቀው አገኙአቸው።
d1ec6ddc-1397-5696-a88b-27940a1c12b8,2df4b7c6-bc5f-56e0-ac83-54ae0ce2b70c,313f7441-cd82-556a-aca4-73f42fad0ae0,9,9,ሳኦልንም ገፈፉት፥ ራሱንም ቈርጠው መሣሪያውንም አንሥተው ለጣዖቶቻቸውና ለሕዝቡ የምሥራች ይወስዱ ዘንድ ወደ ፍልስጥኤማውያን ሀገር ዙሪያ ሰደዱ።
f6035a34-80a8-5f07-ae15-ab62735c9d30,2df4b7c6-bc5f-56e0-ac83-54ae0ce2b70c,313f7441-cd82-556a-aca4-73f42fad0ae0,10,10,መሣሪያውንም በአምላኮቻቸው ቤት ውስጥ አኖሩ፤ ራሱንም በዳጎን ቤት ውስጥ አኖሩት፤
a77992ba-2ef2-5e27-ace7-0fa2969b54b9,2df4b7c6-bc5f-56e0-ac83-54ae0ce2b70c,313f7441-cd82-556a-aca4-73f42fad0ae0,11,11,የገለዓድም ሰዎች ሁሉ ፍልስጥኤማውያን በሳኦልና በእስራኤል ላይ ያደረጉትን ሁሉ ሰሙ።
ebf84782-ae30-59c4-a0f8-a58b09cc63aa,2df4b7c6-bc5f-56e0-ac83-54ae0ce2b70c,313f7441-cd82-556a-aca4-73f42fad0ae0,12,12,ጽኑዓን ሰዎች ሁሉ ከገለዐድ ተነሥተው የሳኦልን ሬሳ የልጆቹንም ሬሳዎች ወሰዱ፥ ወደ ኢያቢስም አመጡአቸው፤ በኢያቢስም ካለው ከትልቁ ዛፍ በታች አጥንቶቻቸውን ቀበሩ፥ ሰባት ቀንም ጾሙ።
d017604c-7ef8-5fdb-a37f-a0717998cb32,2df4b7c6-bc5f-56e0-ac83-54ae0ce2b70c,313f7441-cd82-556a-aca4-73f42fad0ae0,13,13,እንዲሁ ሳኦል በእግዚአብሔር ላይ ስላደረገው ኀጢአት፥ እግዚአብሔርም እንዳዘዘው የእግዚአብሔርን ቃል ስላልጠበቀ ሞተ። ደግሞም መናፍስት ጠሪን ጠየቀ።
e3e0c0e7-5594-5321-a582-18ec339053e2,2df4b7c6-bc5f-56e0-ac83-54ae0ce2b70c,313f7441-cd82-556a-aca4-73f42fad0ae0,14,14,ነቢዩ ሳሙኤልም መለሰለት፤ ወደ እግዚአብሔርም ይመለስ ዘንድ አልሰማውም፥ ስለዚህ ገደለው፤ መንግሥቱንም ወደ እሴይ ልጅ ወደ ዳዊት አሳለፈው።
7cef20f6-873b-5f26-a440-64f1ac10dc49,ef220dcf-78c3-5cb2-a1f5-780eb1400dd3,cc175738-8682-5479-a40b-f6c2d604af62,1,1,እስራኤልም ሁሉ በኬብሮን ወደ ዳዊት ተሰብስበው እንዲህ አሉት፥ “እነሆ፥ እኛ የአጥንትህ ፍላጭ የሥጋህ ቍራጭ ነን፤
bd2d69de-f7de-5ee7-ac83-8469f3509261,ef220dcf-78c3-5cb2-a1f5-780eb1400dd3,cc175738-8682-5479-a40b-f6c2d604af62,2,2,አስቀድሞ ሳኦል ንጉሥ ሆኖ ሳለ እስራኤልን የምታወጣና የምታገባ አንተ ነበርህ፤ አምላክህ እግዚአብሔርም፦ ሕዝቤን እስራኤልን አንተ ትጠብቃለህ፤ በሕዝቤም በእስራኤል ላይ አለቃ ትሆናለህ” አለህ።
b0ff305e-3f0d-551f-a691-318855fe89d6,ef220dcf-78c3-5cb2-a1f5-780eb1400dd3,cc175738-8682-5479-a40b-f6c2d604af62,3,3,የእስራኤልም ሽማግሌዎች ሁሉ ወደ ንጉሡ ወደ ኬብሮን መጡ፤ ንጉሥ ዳዊትም በኬብሮን በእግዚአብሔር ፊት ቃል ኪዳን ከእነርሱ ጋር አደረገ፤ በሳሙኤልም እጅ እንደ ተናገረው እንደ እግዚአብሔር ቃል በእስራኤል ላይ ንጉሥ ይሆን ዘንድ ዳዊትን ቀቡት።
daa54b2a-7bcf-5a35-adfa-32c88c7e3ad8,ef220dcf-78c3-5cb2-a1f5-780eb1400dd3,cc175738-8682-5479-a40b-f6c2d604af62,4,4,ዳዊትና የእስራኤልም ሰዎች ሁሉ ኢያቡስ ወደምትባል ወደ ኢየሩሳሌም ሄዱ፤ በሀገሩም የተቀመጡ ኢያቡሳውያን በዚያ ነበሩ።
62f4d057-43c5-5958-ab7b-236ad7437b56,ef220dcf-78c3-5cb2-a1f5-780eb1400dd3,cc175738-8682-5479-a40b-f6c2d604af62,5,5,በኢያቡስም የተቀመጡ ዳዊትን፥ “ወደዚህ አትገባም” አሉት፤ ዳዊት ግን አንባዪቱን ጽዮንን ያዘ፤ እርስዋም የዳዊት ከተማ ናት።
2f34f2c8-a9a7-569a-ad13-fe898b758e1a,ef220dcf-78c3-5cb2-a1f5-780eb1400dd3,cc175738-8682-5479-a40b-f6c2d604af62,6,6,ዳዊትም ኢያቡሳውያንን አስቀድሞ የሚመታ ሰው አለቃና መኰንን ይሆናል አለ። የሶርህያም ልጅ ኢዮአብ አስቀድሞ ወጣና ወጋቸው፥ አለቃም ሆነ።
54a43e33-21bc-53a0-aa5d-17c922d415e8,ef220dcf-78c3-5cb2-a1f5-780eb1400dd3,cc175738-8682-5479-a40b-f6c2d604af62,7,7,ዳዊትም በአንባዪቱ ውስጥ ተቀመጠ፤ ስለዚህም “የዳዊት ከተማ” ብለው ጠሩአት።
a0a159d0-08b6-5843-ad35-ddd3d4c73614,ef220dcf-78c3-5cb2-a1f5-780eb1400dd3,cc175738-8682-5479-a40b-f6c2d604af62,8,8,ዳዊትም የከተማዋን ዙሪያ ቀጸረ፤ ተዋግቶም እጅ አደረጋት።
82ac1665-5d47-59ee-ac67-dc9fdcf7d26f,ef220dcf-78c3-5cb2-a1f5-780eb1400dd3,cc175738-8682-5479-a40b-f6c2d604af62,9,9,ዳዊትም ሁሉን ቻይ እግዚአብሔር ከእርሱ ጋር ነበረና እየበረታ ሄደ።
22c29bc6-6239-521e-a9af-0f44450892e7,ef220dcf-78c3-5cb2-a1f5-780eb1400dd3,cb5e3d05-aefc-5faf-a355-06ca60568022,1,10,ለዳዊትም የነበሩት ኀያላን አለቆች እነዚህ ናቸው፤ ስለ እስራኤል እንደ ተናገረው እንደ እግዚአብሔር ቃል ያነግሡት ዘንድ ከእስራኤል ሁሉ ጋር በመንግሥቱ አጸኑት።
a9c3e16b-1284-5842-a061-0863c3a3e5c3,ef220dcf-78c3-5cb2-a1f5-780eb1400dd3,cb5e3d05-aefc-5faf-a355-06ca60568022,2,11,የዳዊትም ኀያላን ቍጥር ይህ ነበረ፤ የሠላሳው አለቃ የአኪማን ልጅ ኢያቡስቴ ነበረ፤ እርሱ ጦሩን አንሥቶ ሦስት መቶ ሰው በአንድ ጊዜ ገደለ።
5eac7ebf-dcca-5fdf-a554-77a09825214c,ef220dcf-78c3-5cb2-a1f5-780eb1400dd3,cb5e3d05-aefc-5faf-a355-06ca60568022,3,12,ከእርሱም በኋላ በሦስቱ ኀያላን መካከል የነበረ የአሆሃዊው የዱዲ ልጅ አልዓዛር ነበረ።
b2cef3af-1cca-5fa3-a658-853f7a7faf34,ef220dcf-78c3-5cb2-a1f5-780eb1400dd3,cb5e3d05-aefc-5faf-a355-06ca60568022,4,13,እርሱ ከዳዊት ጋር በፋሶደሚን ነበረ፥ በዚያም ገብስ በሞላበት እርሻ ውስጥ ፍልስጥኤማውያን ለሰልፍ ተሰብስበው ነበር፤ ሕዝቡም ከፍልስጥኤማውያን ፊት ሸሹ።
2b4401c8-2e8e-52fc-aded-5a4a20ee7e0a,ef220dcf-78c3-5cb2-a1f5-780eb1400dd3,cb5e3d05-aefc-5faf-a355-06ca60568022,5,14,በእርሻውም መካከል ቆመው ጠበቁት፥ ያችንም ቦታ አዳናት፤ ፍልስጥኤማውያንንም ገደላቸው፤ እግዚአብሔርም በታላቅ ማዳን አዳናቸው።
c2ebed92-8100-5ea9-a530-333198f901e5,ef220dcf-78c3-5cb2-a1f5-780eb1400dd3,cb5e3d05-aefc-5faf-a355-06ca60568022,6,15,ከሠላሳውም አለቆች ሦስቱ ወርደው ዳዊት ወዳለበት ወደ ዓለቱ ወደ ዓዶላም ዋሻ መጡ፤ የፍልስጥኤማውያንም ጭፍራ በኀያላን ሸለቆ ሰፍሮ ነበር።
8bb77510-e851-5838-a65a-68747aa114a2,ef220dcf-78c3-5cb2-a1f5-780eb1400dd3,cb5e3d05-aefc-5faf-a355-06ca60568022,7,16,በዚያም ጊዜ ዳዊት በምሽጉ ውስጥ ነበረ፤ የፍልስጥኤማውያንም ጭፍራ በቤተ ልሔም ነበረ።
1d2429e7-37de-5fb0-ad0f-62645b7213e4,ef220dcf-78c3-5cb2-a1f5-780eb1400dd3,cb5e3d05-aefc-5faf-a355-06ca60568022,8,17,ዳዊትም፥ “በበሩ አጠገብ ካለችው ከቤተ ልሔም ምንጭ ውኃ ማን ይሰጠኛል?” ብሎ ተመኘ።
a5598f4b-ea85-5e5f-a6bb-e42a165ceb20,ef220dcf-78c3-5cb2-a1f5-780eb1400dd3,cb5e3d05-aefc-5faf-a355-06ca60568022,9,18,እነዚህ ሦስቱ ኀያላን የፍልስጥኤማውያንን ሰፈር ሰንጥቀው ሄዱ፥ በበሩም አጠገብ ካለችው ከቤተ ልሔም ምንጭ ውኃ ቀዱ፤ ይዘውም ለዳዊት አመጡለት። እርሱ ግን ሊጠጣ አልወደደም፥ ነገር ግን ለእግዚአብሔር አፍስሶ፦
186b8bfb-5073-5bb5-ab2d-5c18578e110a,ef220dcf-78c3-5cb2-a1f5-780eb1400dd3,cb5e3d05-aefc-5faf-a355-06ca60568022,10,19,“ይህን አደርግ ዘንድ አምላኬ ሆይ፥ ለእኔ አይገባኝም፤ ሰውነታቸውንም ለሞት አሳልፈው አምጥተውታልና የእነዚህን ሰዎች ደም እጠጣለሁን?” አለ። ስለዚህም ዳዊት ይጠጣው ዘንድ አልወደደም። ሦስቱም ኀያላን ያደረጉት ይህ ነው።
f3d62d5c-27c3-5c20-a8e8-27426004531f,ef220dcf-78c3-5cb2-a1f5-780eb1400dd3,cb5e3d05-aefc-5faf-a355-06ca60568022,11,20,የኢዮአብም ወንድም አቢሳ የሦስቱ አለቃ ነበረ፤ ሰይፉንም በሦስት መቶ ላይ አንሥቶ በአንድ ጊዜ ገደላቸው፤ በሦስቱም መካከል ስሙ የተጠራ ነበረ።
2004ad4c-4ed3-53f2-adb1-10e49c56bc8e,ef220dcf-78c3-5cb2-a1f5-780eb1400dd3,cb5e3d05-aefc-5faf-a355-06ca60568022,12,21,በሁለተኛውም ተራ በሆኑት በሦስቱ መካከል የከበረ ነበረ፥ አለቃቸውም ሆነ፤ ነገር ግን ወደ ፊተኞቹ ወደ ሦስቱ አልደረሰም።
235d5b1e-5225-5fc2-aecf-89cf235b15a7,ef220dcf-78c3-5cb2-a1f5-780eb1400dd3,cb5e3d05-aefc-5faf-a355-06ca60568022,13,22,በቀበሳኤል የነበረው፥ ታላቅ ሥራ ያደረገው የጽኑዕ ሰው የዮዳሄ ልጅ በናያስ እንደ አንበሳ ኀያላን የነበሩትን ሁለት የሞዓብ ሰዎች ገደለ፤ በአመዳይም ወራት ወርዶ በጕድጓድ ውስጥ አንበሳ ገደለ።
e3779a45-84aa-581e-a7db-220a881c6bd3,ef220dcf-78c3-5cb2-a1f5-780eb1400dd3,cb5e3d05-aefc-5faf-a355-06ca60568022,14,23,ቁመቱም አምስት ክንድ የነበረውን ረጅሙን ግብፃዊውን ሰው ገደለ፤ በግብፃዊውም እጅ የሸማኔ መጠቅለያ የመሰለ ጦር ነበረ፤ እርሱ ግን በትር ይዞ ወደ እርሱ ወረደ፥ ከግብፃዊውም እጅ ጦሩን ቀምቶ በገዛ ጦሩ ገደለው።
918e2693-33d5-5bed-a97c-31163be787ff,ef220dcf-78c3-5cb2-a1f5-780eb1400dd3,cb5e3d05-aefc-5faf-a355-06ca60568022,15,24,የዮዳሄ ልጅ በናያስ ያደረገው ይህ ነው፤ ስሙም በሦስቱ ኀያላን መካከል የተጠራ ነበረ።
d867d8ff-bacb-5248-a5df-dadb20b0fd77,ef220dcf-78c3-5cb2-a1f5-780eb1400dd3,cb5e3d05-aefc-5faf-a355-06ca60568022,16,25,እነሆ፥ ከሠላሳው ይልቅ የከበረ ነበረ፤ ነገር ግን ወደ ፊተኞቹ ወደ ሦስቱ አልደረሰም። ዳዊትም በናያስን በሀገሩ ላይ ሾመው።
eb479c75-95a3-5cd2-ad83-8deac3c13b3a,ef220dcf-78c3-5cb2-a1f5-780eb1400dd3,cb5e3d05-aefc-5faf-a355-06ca60568022,17,26,ደግሞም በጭፍሮቹ ዘንድ የነበሩት ኀያላን እነዚህ ናቸው፤ የኢዮአብ ወንድም አሣሄል፥ የቤተ ልሔሙ ሰው የዱዲ ልጅ ኤልያናን፤
520a22cf-6686-5ba4-a590-dde43e1467f6,ef220dcf-78c3-5cb2-a1f5-780eb1400dd3,cb5e3d05-aefc-5faf-a355-06ca60568022,18,27,ሃሮራዊው ሳሞት፥ ፈሎናዊው ኬሌስ፤
94cda743-5e59-58fc-aa32-42319da9a280,ef220dcf-78c3-5cb2-a1f5-780eb1400dd3,cb5e3d05-aefc-5faf-a355-06ca60568022,19,28,የቴቁሔ ሰው የአቂስ ልጅ ኦራ፥ ዓናቶታዊው አቤዔዜር፤
3ba4848b-b2e0-5427-a37a-91b61dc7e1b4,ef220dcf-78c3-5cb2-a1f5-780eb1400dd3,cb5e3d05-aefc-5faf-a355-06ca60568022,20,29,ኩሳታዊው ሰቦካይ፥ የአሆሂው ዔላይ፤
fbba68df-ec4a-507c-ab29-8b216669c16b,ef220dcf-78c3-5cb2-a1f5-780eb1400dd3,cb5e3d05-aefc-5faf-a355-06ca60568022,21,30,ነጦፋዊው ሜሐሪ፥ የነጦፋዊው የበዓና ልጅ ሔሌድ፤
38db98b1-2251-511d-af19-ec25625b7447,ef220dcf-78c3-5cb2-a1f5-780eb1400dd3,cb5e3d05-aefc-5faf-a355-06ca60568022,22,31,ከብንያም ወገን ከጊብዓ የሪባይ ልጅ ኢታይ፥ ፈርኖታዊው ባንያስ፤
f48e70ce-6f2f-5998-a21a-d3d47f98b230,ef220dcf-78c3-5cb2-a1f5-780eb1400dd3,cb5e3d05-aefc-5faf-a355-06ca60568022,23,32,የገዓዝ ወንዝ ሰው ኡሪ፥ ገራባታዊው አብኤል፥
f17df29d-1cc0-5fe1-ae39-237d58cb6ae1,ef220dcf-78c3-5cb2-a1f5-780eb1400dd3,cb5e3d05-aefc-5faf-a355-06ca60568022,24,33,ባሮማዊው ዓዝሞት፥ ሰዓልቦናዊው ኤሊያሕባ፤
982bab6d-9f26-5352-a789-e3d5fb0d4a7d,ef220dcf-78c3-5cb2-a1f5-780eb1400dd3,cb5e3d05-aefc-5faf-a355-06ca60568022,25,34,የጊዞንያዊው የኤሳም ልጅ፥ የአሩራዊው የሶላ ልጅ ዮናታን፤
48f0c241-5d19-5e18-aac3-20781d88ee4b,ef220dcf-78c3-5cb2-a1f5-780eb1400dd3,cb5e3d05-aefc-5faf-a355-06ca60568022,26,35,የአሮራዊው የሳኮር ልጅ አህያም፥ የኤር ልጅ ኤሊፋል፤
93a498f4-176c-512f-ad0b-098e5f6b389e,ef220dcf-78c3-5cb2-a1f5-780eb1400dd3,cb5e3d05-aefc-5faf-a355-06ca60568022,27,36,መከራታዊው ኦፌር፥ ፍሎናዊው አኪያ፤
ea4e2344-03ce-5989-a5d2-03b333abd1d4,ef220dcf-78c3-5cb2-a1f5-780eb1400dd3,cb5e3d05-aefc-5faf-a355-06ca60568022,28,37,ቀርሜሎሳዊው ሴራይ፥ የኤዝባይ ልጅ ናራይ፤
977c84b3-6089-5433-a487-5bada6d44e10,ef220dcf-78c3-5cb2-a1f5-780eb1400dd3,cb5e3d05-aefc-5faf-a355-06ca60568022,29,38,የናታንም ወንድም ኢዩኤል፥ የሐገሪ ልጅ ሚብሐር፤
4ec4937d-5576-5c97-a080-9dd76a420330,ef220dcf-78c3-5cb2-a1f5-780eb1400dd3,cb5e3d05-aefc-5faf-a355-06ca60568022,30,39,አሞናዊው ሴሌቅ፥ የሦርህያ ልጅ የኢዮአብ ጋሻ ጃግሬ ቤሮታዊው ናኮር፤
99314314-4da6-5a76-aed0-cf2b67657cbe,ef220dcf-78c3-5cb2-a1f5-780eb1400dd3,cb5e3d05-aefc-5faf-a355-06ca60568022,31,40,ይትራዊው ዔራ፥ ይትራዊው ጋሬብ፤
ef25e486-98eb-5b58-af8c-2d9f9ea84f7a,ef220dcf-78c3-5cb2-a1f5-780eb1400dd3,cb5e3d05-aefc-5faf-a355-06ca60568022,32,41,ኬጢያዊው ዑርያስ፥ የአሕላይ ልጅ ዘባት፤
c1b00eb5-c14f-585d-a236-0a339eb772ea,ef220dcf-78c3-5cb2-a1f5-780eb1400dd3,cb5e3d05-aefc-5faf-a355-06ca60568022,33,42,የሮቤላዊው የሲዛ ልጅ ዓዲና፥ እርሱ የሮቤላውያን አለቃ ነበረ ከእርሱም ጋር ሠላሳ ሰዎች ነበሩ፤
89829e29-4f7a-56f0-a283-0fa9e7c48bc6,ef220dcf-78c3-5cb2-a1f5-780eb1400dd3,cb5e3d05-aefc-5faf-a355-06ca60568022,34,43,የሞካ ልጅ ሐናን፥ ሚትናዊው ኢዮሣፍጥ፤
d177ec63-f1a5-5b9b-a70e-11f8195a47fd,ef220dcf-78c3-5cb2-a1f5-780eb1400dd3,cb5e3d05-aefc-5faf-a355-06ca60568022,35,44,አስታሮታዊው ዖዝያ፥ የአሮዔራዊው የኮታም ልጆች ሳማና ይዒኤል፤
57f1d30f-3759-5b95-a70f-99731d2bef68,ef220dcf-78c3-5cb2-a1f5-780eb1400dd3,cb5e3d05-aefc-5faf-a355-06ca60568022,36,45,የሳምሪ ልጅ ይዳኤል፥ ወንድሙም ቲዳዊው ዮዛሔ፥
2dce0370-16f8-590c-a8f6-f57e42954378,ef220dcf-78c3-5cb2-a1f5-780eb1400dd3,cb5e3d05-aefc-5faf-a355-06ca60568022,37,46,መዓዊው ኤሊኤል፤ ኢያርባኢ፥ ልጁ ዮሳኢ፥ ኤልነዓምና ሞዓባዊው ይትማ፤
96979538-cd49-5328-a9b5-fa612b4ccc54,ef220dcf-78c3-5cb2-a1f5-780eb1400dd3,cb5e3d05-aefc-5faf-a355-06ca60568022,38,47,ኤሊኤል፥ ዖቤድ፥ ምሶባዊው ኢያስኤል።
e2e85a40-0616-568a-a191-20928925fe6f,a8a8e60e-ba29-525f-a0e2-17eb386c636a,15c2298f-17ad-5d72-a0a1-6fe047f0bf90,1,1,በሴቅላቅም ከቂስ ልጅ ከሳኦል በተሸሸገ ጊዜ ወደ ዳዊት የመጡ እነዚህ ናቸው፤ በጦርነትም ባገዙት ኀያላን መካከል ነበሩ።
5d7d186e-7eb0-53c0-a826-0c72ae36dbca,a8a8e60e-ba29-525f-a0e2-17eb386c636a,15c2298f-17ad-5d72-a0a1-6fe047f0bf90,2,2,ቀስተኞችም ነበሩ፤ በቀኝና በግራም እጃቸው ድንጋይ ሊወነጭፉ፥ ፍላጻም ሊወረውሩ ይችሉ ነበር፤ ከብንያም ወገን የሳኦል ወንድሞች ነበሩ።
62004a39-5a2b-5531-a99f-303d74b91080,a8a8e60e-ba29-525f-a0e2-17eb386c636a,15c2298f-17ad-5d72-a0a1-6fe047f0bf90,3,3,አለቃቸውም አኬዘር ነበረ፤ የጊብዓዊው የሰማዓ ልጅ ኢዮአስ፥ የዓዝሞት ልጆች ኢዮኤልና ፋሌጥ፥ በራኪያና ዓናቶታዊው ኢዩ፤
77c2f2e6-a5a1-56ca-a728-e4dcaf85c7a5,a8a8e60e-ba29-525f-a0e2-17eb386c636a,15c2298f-17ad-5d72-a0a1-6fe047f0bf90,4,4,ገባዖናዊው ሰማያስ፥ እርሱ በሠላሳው መካከልና በሠላሳው ላይ ኀያል ሰው ነበረ፤ ኤርምያስ፥ ሕዝኤል፥ ዮሐናን፥ ገድሮታዊ ዮዛባት፤
afebdde1-29ce-5c38-a5b6-6711f8918104,a8a8e60e-ba29-525f-a0e2-17eb386c636a,15c2298f-17ad-5d72-a0a1-6fe047f0bf90,5,5,ኤልዮዝ፥ ኢያሪሙት፥ በዓልያ፥ ሰማራያ፥ ሐሩፋዊው ሰፋጥያስ፤
4fb3f8d1-c867-5a1b-a413-3e01daa33df7,a8a8e60e-ba29-525f-a0e2-17eb386c636a,15c2298f-17ad-5d72-a0a1-6fe047f0bf90,6,6,ቆሬያውያን ሕልቃና፥ ኢሰያ፥ ዓዘርኤል፥ ዮዛር፥ ይሰከአም።
125485c1-e142-5ff2-a2e9-75f08515f3a4,a8a8e60e-ba29-525f-a0e2-17eb386c636a,15c2298f-17ad-5d72-a0a1-6fe047f0bf90,7,7,የግዶር ሰው የይሮሐም ልጆች ዮዔላ፥ ዝባድያ።
7ec206fe-bd48-5336-ab9e-08e816bdc167,a8a8e60e-ba29-525f-a0e2-17eb386c636a,c37add7e-d55e-5b5e-a4d4-33d721a1808c,1,8,ዳዊትም በምድረ በዳ ውስጥ ባለችው በአንባዪቱ ሳለ ከጋድ ወገን የሆኑ እነዚህ ጋሻና ጦር የሚይዙ፥ ጽኑዓን፥ ኀያላን ሰልፈኞች፥ ወደ እርሱ ተጠጉ፤ ፊታቸውም እንደ አንበሳ ፊት ነበረ፤ በተራራም ላይ እንደሚዘልል ሚዳቋ ፈጣኖች ነበሩ።
db56eb02-9bf7-5b30-a72d-9cdabd171c31,a8a8e60e-ba29-525f-a0e2-17eb386c636a,c37add7e-d55e-5b5e-a4d4-33d721a1808c,2,9,አለቃው አዝር፥ ሁለተኛው አብድያ፥ ሦስተኛው ኤልያብ፤
c5913464-d714-5dc2-a86e-cb717ccfca24,a8a8e60e-ba29-525f-a0e2-17eb386c636a,c37add7e-d55e-5b5e-a4d4-33d721a1808c,3,10,አራተኛው መስመና፥ አምስተኛው ኤርምያስ፥
38fff371-25a3-51aa-a202-3097336a2e09,a8a8e60e-ba29-525f-a0e2-17eb386c636a,c37add7e-d55e-5b5e-a4d4-33d721a1808c,4,11,ስድስተኛው ኤቲ፥ ሰባተኛው ኤሊኤል፥
c331944a-7005-55b9-a931-46acae90517a,a8a8e60e-ba29-525f-a0e2-17eb386c636a,c37add7e-d55e-5b5e-a4d4-33d721a1808c,5,12,ስምንተኛው ዮሐናን፥ ዘጠነኛው ኤልዛባድ፥
596cbb65-3410-558a-a5a1-e8a36571217e,a8a8e60e-ba29-525f-a0e2-17eb386c636a,c37add7e-d55e-5b5e-a4d4-33d721a1808c,6,13,ዐሥረኛው ኤርምያስ፥ ዐሥራ አንደኛው መክበናይ።
5ed3ef5c-1dd5-527d-afe1-b62d0903f7be,a8a8e60e-ba29-525f-a0e2-17eb386c636a,c37add7e-d55e-5b5e-a4d4-33d721a1808c,7,14,እነዚህ የጋድ ልጆች የጭፍራ አለቆች ነበሩ፤ ከእነርሱም ታናሹ የመቶ አለቃ ታላቁ የሺህ አለቃ ነበር።
19972f11-ae21-5d98-add9-b453fd689374,a8a8e60e-ba29-525f-a0e2-17eb386c636a,c37add7e-d55e-5b5e-a4d4-33d721a1808c,8,15,በመጀመሪያው ወር ዮርዳኖስ ከዳር እስከ ዳር ሞልቶ በነበረ ጊዜ የተሻገሩት እነዚህ ናቸው፤ በሸለቆውም ውስጥ በምሥራቅና በምዕራብ በኩል የተቀመጡትን ሁሉ አባረሩ።
72384e00-6b26-5e75-af19-963a645181f9,a8a8e60e-ba29-525f-a0e2-17eb386c636a,3aea4d91-31df-5f88-ae41-0829dd412d1b,1,16,ዳዊትም ወደ ነበረባት ወደ አንባዪቱ ከብንያምና ከይሁዳ ወገን ሰዎች ዳዊትን ለመርዳት መጡ።
fa6a3927-92d5-5857-a7fd-20ec64aaca5a,a8a8e60e-ba29-525f-a0e2-17eb386c636a,3aea4d91-31df-5f88-ae41-0829dd412d1b,2,17,ዳዊትም ሊገናኛቸው ወጥቶ፥ “በሰላም ወደ እኔ መጥታችሁ እንደ ሆነ ልቤ ከእናንተ ጋር አንድ ይሆናል፤ ለጠላቶቼ አሳልፋችሁ ልትሰጡኝ መጥታችሁ እንደ ሆነ ግን፥ በእጄ ዓመፅ የለብኝምና የአባቶቻችን አምላክ ይመልከተው፥ ይፍረደውም፤” አላቸው።
dcb89e63-c424-58a0-a6a9-825387d32745,a8a8e60e-ba29-525f-a0e2-17eb386c636a,3aea4d91-31df-5f88-ae41-0829dd412d1b,3,18,መንፈስም በሠላሳው አለቃ በዓማሣይ ላይ መጣ፤ እርሱም፥ “ዳዊት ሆይ፥ እኛ ያንተ ነን፤ የእሴይ ልጅ ሆይ፥ እኛ ከአንተ ጋር ነን፤ ውጣ አምላክህ ይረዳሃልና ሰላም ሰላም ለአንተ ይሁን፤ ለሚረዱህም ሰላም ይሁን” አለ። ዳዊትም ተቀበላቸው፤ የጭፍራም አለቆች አደረጋቸው።
dae806bd-9ba4-58f7-a191-423f4051997c,a8a8e60e-ba29-525f-a0e2-17eb386c636a,febfe8db-3e78-599f-ac0c-5dd7cbbcd7ec,1,19,ዳዊትም ከፍልስጥኤማውያን ጋር ሳኦልን ሊወጋ በመጣ ጊዜ ከምናሴ ወገን ሰዎች ወደ ዳዊት ከዱ፤ የፍልስጥኤማውያን አለቆች ግን፥ “በራሳችን ላይ ጉዳት አድርጎ ወደ ጌታው ወደ ሳኦል ይመለሳል” ሲሉ ተማክረው ሰድደውታልና እርሱ አልረዳቸውም።
47d6baea-f34d-5604-a6bd-49f754006d53,a8a8e60e-ba29-525f-a0e2-17eb386c636a,febfe8db-3e78-599f-ac0c-5dd7cbbcd7ec,2,20,ዳዊትም ወደ ሴቄላቅ ሲሄድ ከምናሴ ወገን የምናሴ ሻለቆች የነበሩ ዓድና፥ ዮዛባት፥ ይዲኤል፥ ሚካኤል፥ ዮዛባት፥ ኤሊሁና ጼልታይ ወደ እርሱ ከዱ።
9486408d-aee9-54f0-a672-574333067475,a8a8e60e-ba29-525f-a0e2-17eb386c636a,febfe8db-3e78-599f-ac0c-5dd7cbbcd7ec,3,21,ሁሉም ጽኑዓን ኀያላንና በሠራዊቱ ላይ አለቆች ነበሩና በአደጋ ጣዮች ላይ ዳዊትን አገዙት።
82f42bde-d4ac-5be4-a04b-68b0f78a0141,a8a8e60e-ba29-525f-a0e2-17eb386c636a,febfe8db-3e78-599f-ac0c-5dd7cbbcd7ec,4,22,እንደ እግዚአብሔርም ሠራዊት ታላቅ ሠራዊት እስኪሆን ድረስ ዳዊትን ለመርዳት ዕለት ዕለት ይመጡ ነበር።
297ad4f2-c630-54ac-a3c4-3908acfe0016,a8a8e60e-ba29-525f-a0e2-17eb386c636a,ea4ef293-68e9-51a5-a7d5-3eec2bfba397,1,23,እንደ እግዚአብሔርም ቃል የሳኦልን መንግሥት ወደ እርሱ ይመልሱ ዘንድ በኬብሮን ሳለ ወደ ዳዊት የመጡት የሠራዊቱ አለቆች ቍጥር ይህ ነው።
65218b27-86df-5b41-aaf7-c74d2b7693e9,a8a8e60e-ba29-525f-a0e2-17eb386c636a,ea4ef293-68e9-51a5-a7d5-3eec2bfba397,2,24,ጋሻና ጦር ተሸክመው ለሰልፍ የተዘጋጁ የይሁዳ ልጆች ስድስት ሺህ ስምንት መቶ ነበሩ።
46fe7356-c4e3-58b1-a370-cba7ab69bf88,a8a8e60e-ba29-525f-a0e2-17eb386c636a,ea4ef293-68e9-51a5-a7d5-3eec2bfba397,3,25,ለሰልፍ ጽኑዓን ኀያላን ሰዎች የነበሩ የስምዖን ልጆች ሰባት ሺህ አንድ መቶ ነበሩ።
558ea4e1-91f5-528e-af4f-c0b37e42a68a,a8a8e60e-ba29-525f-a0e2-17eb386c636a,ea4ef293-68e9-51a5-a7d5-3eec2bfba397,4,26,የሌዊ ልጆች አራት ሺህ ስድስት መቶ ነበሩ።
d6a67c13-5d91-5cb8-a527-147f3fe90db7,a8a8e60e-ba29-525f-a0e2-17eb386c636a,ea4ef293-68e9-51a5-a7d5-3eec2bfba397,5,27,የአሮንም ቤት አለቃ ዮዳሄ ነበረ፤ ከእርሱም ጋር ሦስት ሺህ ሰባት መቶ ነበሩ፤
0885cbde-c349-5b5a-a275-54f111ab3dd7,a8a8e60e-ba29-525f-a0e2-17eb386c636a,ea4ef293-68e9-51a5-a7d5-3eec2bfba397,6,28,ከእርሱም ጋር ጽኑዕ ኀያል ጐልማሳ ሳዶቅ ነበረ፤ ከአባቱም ቤት ሃያ ሁለት አለቆች ነበሩ።
fd391dfb-9dbd-5be3-a950-9ba9c2b72e40,a8a8e60e-ba29-525f-a0e2-17eb386c636a,ea4ef293-68e9-51a5-a7d5-3eec2bfba397,7,29,የሳኦልም ወንድሞች ከሆኑ ከብንያም ልጆች ሦስት ሺህ ነበሩ። የሚበልጠው ክፍል የሳኦልን ቤት ይጠብቁ ነበሩ።
14b3ac89-b583-537c-a1ac-fd3cba5e734e,a8a8e60e-ba29-525f-a0e2-17eb386c636a,ea4ef293-68e9-51a5-a7d5-3eec2bfba397,8,30,ጽኑዓን ኀያላን የሆኑ በአባቶቻቸውም ቤት የታወቁ የኤፍሬም ልጆች ሃያ ሺህ ስምንት መቶ ነበሩ።
35ea8c07-16cf-51a3-aa7b-8f5aed7e79ff,a8a8e60e-ba29-525f-a0e2-17eb386c636a,ea4ef293-68e9-51a5-a7d5-3eec2bfba397,9,31,በየስማቸው የተጻፉ ዳዊትን ያነግሡት ዘንድ የመጡ የምናሴ ነገድ እኩሌታ ዐሥራ ስምንት ሺህ ነበሩ።
08a4c3d6-672c-5e7b-a578-8c3fb517fd6a,a8a8e60e-ba29-525f-a0e2-17eb386c636a,ea4ef293-68e9-51a5-a7d5-3eec2bfba397,10,32,እስራኤልም የሚገባውን ያደርግ ዘንድ ዘመኑን የሚያውቁ ጥበበኞች ሰዎች የይሳኮር ልጆች አለቆች ሁለት መቶ ነበሩ፤ ወንድሞቻቸውም ሁሉ ከእነርሱ ጋር ነበሩ።
0b652dad-7439-5fdb-aefb-3f69f68cc491,a8a8e60e-ba29-525f-a0e2-17eb386c636a,ea4ef293-68e9-51a5-a7d5-3eec2bfba397,11,33,በጭፍራውም ውስጥ ዳዊትን ለመርዳት የወጡ የተዘጋጁ፥ መሣሪያም ሁሉ የያዙ የዛብሎን ሰዎች አምሳ ሺህ ነበሩ፤ ከእነርሱ አንድስ እንኳ ደካማ አልነበረም።
7a5fec53-26e4-565d-a19f-ebec3812e049,a8a8e60e-ba29-525f-a0e2-17eb386c636a,ea4ef293-68e9-51a5-a7d5-3eec2bfba397,12,34,የንፍታሌምም አለቆች አንድ ሺህ ነበሩ፥ ከእነርሱም ጋር ጋሻና ጦር የሚይዙ ሠላሳ ሰባት ሺህ ነበሩ።
eb6cb560-4608-55dd-affe-74fcc0489fa2,a8a8e60e-ba29-525f-a0e2-17eb386c636a,ea4ef293-68e9-51a5-a7d5-3eec2bfba397,13,35,ለሰልፍም የተዘጋጁ የዳን ሰዎች ሃያ ስምንት ሺህ ስድስት መቶ ነበሩ።
a72a3897-9b49-530d-a663-c2f85f75ce64,a8a8e60e-ba29-525f-a0e2-17eb386c636a,ea4ef293-68e9-51a5-a7d5-3eec2bfba397,14,36,በጭፍራውም ውስጥ የሚወጡ፥ ለሰልፍም የተዘጋጁ የአሴር ሰዎች አርባ ሺህ ነበሩ።
5c842131-fd28-5797-a8c9-5c8a162a4d99,a8a8e60e-ba29-525f-a0e2-17eb386c636a,ea4ef293-68e9-51a5-a7d5-3eec2bfba397,15,37,በዮርዳኖስም ማዶ ካሉ ከሮቤልና ከጋድ ሰዎች ከምናሴም ነገድ እኩሌታ የጦር መሣሪያንም ሁሉ ይዘው የመጡ መቶ ሃያ ሺህ ነበሩ።
984a4de9-d9e2-59d3-a620-9ae5ad413939,a8a8e60e-ba29-525f-a0e2-17eb386c636a,ea4ef293-68e9-51a5-a7d5-3eec2bfba397,16,38,እነዚህ ሁሉ ዳዊትን በእስራኤል ሁሉ ላይ ያነግሡት ዘንድ አርበኞችና ሰልፈኞች እየሆኑ በፍጹም ልባቸው ወደ ኬብሮን መጡ፤ ደግሞም ከእስራኤል የቀሩት ሁሉ ዳዊትን ያነግሡት ዘንድ አንድ ልብ ነበሩ።
5e3120b9-24cc-512d-aa74-fc3f9a8451ad,a8a8e60e-ba29-525f-a0e2-17eb386c636a,ea4ef293-68e9-51a5-a7d5-3eec2bfba397,17,39,ወንድሞቻቸውም አዘጋጅተውላቸው ነበርና እየበሉና እየጠጡ በዚያ ከዳዊት ጋር ሦስት ቀን ተቀመጡ።
2f0f1c25-2453-57e5-a15a-c5eeae403451,a8a8e60e-ba29-525f-a0e2-17eb386c636a,ea4ef293-68e9-51a5-a7d5-3eec2bfba397,18,40,ደግሞም በእስራኤል ዘንድ ደስታ ሆኖአልና እስከ ይሳኮርና እስከ ዛብሎን እስከ ንፍታሌምም ድረስ ለእርሱ አቅራቢያ የነበሩ በአህያና በግመል በበቅሎና በበሬ ላይ እንጀራና ዱቄት የበለስ ጥፍጥፍና የዘቢብ ዘለላ የወይንም ጠጅ፥ ዘይትም በሬዎችንና በጎችንም፥ ፍየሎችንም በብዙ አድርገው ያመጡ ነበር።
adbc040d-8f33-5e65-a6c9-24015a4a2c48,165aac8d-de5f-55eb-a31d-6653cff4bfe4,32fa8abe-6111-5e3f-a06a-8033ab2f0609,1,1,ዳዊትም ከሻለቆችና ከመቶ አለቆች፥ ከአለቆቹም ሁሉ ጋር ተማከረ።
e9c87c12-3f80-5fb7-a7ea-fca8454db97c,165aac8d-de5f-55eb-a31d-6653cff4bfe4,32fa8abe-6111-5e3f-a06a-8033ab2f0609,2,2,ዳዊትም የእስራኤልን ጉባኤ ሁሉ፥ “መልካም መስሎ የታያችሁ እንደ ሆነ፥ አምላካችን እግዚአብሔርም ፈቅዶ እንደ ሆነ፥ በእስራኤል ሀገር ሁሉ ለቀሩት ወንድሞቻችን በከተሞቻቸውና በመሰማሪያዎቻቸው ለሚቀመጡ ካህናትና ሌዋውያን ወደ እኛ ይሰበሰቡ ዘንድ እንላክ።
83099c73-cc5d-55ad-acb0-49dc88a1de10,165aac8d-de5f-55eb-a31d-6653cff4bfe4,32fa8abe-6111-5e3f-a06a-8033ab2f0609,3,3,ከሳኦልም ዘመን ጀምሮ አልፈለጓትምና የአምላካችን የእግዚአብሔርን ታቦት ወደ እኛ እንመልሳት” አላቸው።
02cc694f-5462-5fbf-a8be-c13eb629cf4f,165aac8d-de5f-55eb-a31d-6653cff4bfe4,32fa8abe-6111-5e3f-a06a-8033ab2f0609,4,4,ነገሩም በሕዝቡ ሁሉ ዐይን ዘንድ ቅን ነበረና የእስራኤል ጉባኤ ሁሉ፥ “እንዲሁ እናደርጋለን” አሉ።
d719c338-7979-5fb3-a971-1ce44728dbe7,165aac8d-de5f-55eb-a31d-6653cff4bfe4,32fa8abe-6111-5e3f-a06a-8033ab2f0609,5,5,የእግዚአብሔርንም ታቦት ከቂርያትይዓሪም ያመጡ ዘንድ ዳዊት እስራኤልን ሁሉ ከግብፅ ዳርቻ ጀምሮ እስከ ኤማት መግቢያ ድረስ ሰበሰበ።
734ef044-4cb7-5e59-afa7-a87d5111b008,165aac8d-de5f-55eb-a31d-6653cff4bfe4,32fa8abe-6111-5e3f-a06a-8033ab2f0609,6,6,ዳዊትም፥ እስራኤልም ሁሉ በኪሩቤል ላይ የተቀመጠውን፥ ስሙም በእርስዋ የተጠራባትን የአምላክን የእግዚአብሔርን ታቦት ከዚያ ያወጡ ዘንድ በይሁዳ ወዳለችው ቂርያትይዓሪም ሄዱ።
dec9e0df-9d3c-5adb-a4e0-b02433666f66,165aac8d-de5f-55eb-a31d-6653cff4bfe4,32fa8abe-6111-5e3f-a06a-8033ab2f0609,7,7,የእግዚአብሔርንም ታቦት ከአሚናዳብ ቤት በተገኘ በአዲስ ሰረገላ ላይ አኖሩአት። ዖዛና ወንድሞቹም ሰረገላውን ይነዱ ነበር።
9b15bff8-b165-500e-a9a6-e284bcf6a995,165aac8d-de5f-55eb-a31d-6653cff4bfe4,32fa8abe-6111-5e3f-a06a-8033ab2f0609,8,8,ዳዊትና እስራኤል ሁሉ ከመዘምራን ጋር በበገና፥ በመሰንቆና በከበሮ፥ በጸናጽልና በመለከት በእግዚአብሔር ፊት በሙሉ ኀይላቸው ይዘምሩ ነበር።
30a73180-f060-5653-a66b-2d8c5e8a67d8,165aac8d-de5f-55eb-a31d-6653cff4bfe4,32fa8abe-6111-5e3f-a06a-8033ab2f0609,9,9,ወደ አውድማ ዳርም በደረሱ ጊዜ ላሞቹ ሰረገላውን ሲስቡ የእግዚአብሔር ታቦት ዘንበል ብላለችና ታቦቷን ሊይዝ ዖዛ እጁን ዘረጋ።
88350644-8d89-585d-a754-ff9ed23735a8,165aac8d-de5f-55eb-a31d-6653cff4bfe4,32fa8abe-6111-5e3f-a06a-8033ab2f0609,10,10,እግዚአብሔርም በዖዛ ላይ ተቈጣ። እጁንም ወደ እግዚአብሔር ታቦት ስለ ዘረጋ ቀሠፈው፤ በዚያም በእግዚአብሔር ፊት ሞተ።
23059cce-9057-5120-a133-af06199b1bad,165aac8d-de5f-55eb-a31d-6653cff4bfe4,32fa8abe-6111-5e3f-a06a-8033ab2f0609,11,11,እግዚአብሔርም ዖዛን ስለ ሰበረው ዳዊት አዘነ፤ እስከ ዛሬም ድረስ የዚያን ስፍራ ስም “የዖዛ ስብራት” ብሎ ጠራው።
e985f99f-c70c-5f1e-a1f5-b99b51f10760,165aac8d-de5f-55eb-a31d-6653cff4bfe4,32fa8abe-6111-5e3f-a06a-8033ab2f0609,12,12,በዚያም ቀን ዳዊት፥ “የእግዚአብሔርን ታቦት ወደ እኔ እንዴት አመጣለሁ?” ብሎ እግዚአብሔርን ፈራ።
beae7860-162e-561b-ade7-b044ec537ebb,165aac8d-de5f-55eb-a31d-6653cff4bfe4,32fa8abe-6111-5e3f-a06a-8033ab2f0609,13,13,ዳዊትም የእግዚአብሔርን ታቦት ወደ ጌት ሰው ወደ አቢዳራ ቤት አሳለፋት እንጂ ወደ እርሱ ወደ ዳዊት ከተማ አላመጣትም።
59a11143-aeb0-5b45-a002-c38e7f625b69,165aac8d-de5f-55eb-a31d-6653cff4bfe4,32fa8abe-6111-5e3f-a06a-8033ab2f0609,14,14,የእግዚአብሔርም ታቦት በጌት ሰው በአቢዳራ ቤት ውስጥ ሦስት ወር ተቀመጠች፤ እግዚአብሔርም አቢዳራንና ቤተ ሰቡን ሁሉ ባረከ።
6033e33e-c22f-5f0c-acb6-b0aa0fe8cab2,fdb3d28f-69c7-5a06-a5fc-3b676f89d2cf,ea5e3558-0ec5-5101-a358-2e6a9d0210aa,1,1,የጢሮስም ንጉሥ ኪራም ቤት ይሠሩለት ዘንድ መልእክተኞችን፥ የዝግባ እንጨትንም፥ ጠራቢዎችንም፥ አናጢዎችንም ወደ ዳዊት ላከ።
16c20770-ec6b-58a3-a126-0e1b1fd4b914,fdb3d28f-69c7-5a06-a5fc-3b676f89d2cf,ea5e3558-0ec5-5101-a358-2e6a9d0210aa,2,2,ስለ ሕዝቡም ስለ እስራኤል፥ መንግሥቱ እጅግ ከፍ ብሎአልና እግዚአብሔር በእስራኤል ላይ ንጉሥ እንዲሆን እንዳዘጋጀው ዳዊት ዐወቀ።
9736dd82-1021-522a-ad36-d7e52245aef2,fdb3d28f-69c7-5a06-a5fc-3b676f89d2cf,ea5e3558-0ec5-5101-a358-2e6a9d0210aa,3,3,ዳዊትም በኢየሩሳሌም ሌሎች ሚስቶችን ጨምሮ አገባ፤ ሌሎች ወንዶችና ሴቶች ልጆችም ተወለዱለት።
994f17c8-5eb6-541f-a3d5-c3506de3634b,fdb3d28f-69c7-5a06-a5fc-3b676f89d2cf,ea5e3558-0ec5-5101-a358-2e6a9d0210aa,4,4,በኢየሩሳሌምም የተወለዱለት የልጆቹ ስም ይህ ነው፤ ሳማ፥ ሶባብ፥ ናታን፥ ሰሎሞን፤
b726ef30-70cc-5e06-ad2b-43b012a9d65c,fdb3d28f-69c7-5a06-a5fc-3b676f89d2cf,ea5e3558-0ec5-5101-a358-2e6a9d0210aa,5,5,በዓር፥ ኤሊሳዒ፥ ኤሌፋላት፤
d62e1045-26a8-5534-aaaa-68bae393b867,fdb3d28f-69c7-5a06-a5fc-3b676f89d2cf,ea5e3558-0ec5-5101-a358-2e6a9d0210aa,6,6,ናጌት፥ ናፋት፥ ያፍያ፥
6491a3f1-c353-53a5-a1d9-e4d609a74aaf,fdb3d28f-69c7-5a06-a5fc-3b676f89d2cf,ea5e3558-0ec5-5101-a358-2e6a9d0210aa,7,7,ኤሊሳማ፥ በለዓዳ፥ ኤሊፋላት።
62245788-f15f-5a48-a782-b295108056dd,fdb3d28f-69c7-5a06-a5fc-3b676f89d2cf,73498ec7-2076-5e42-a3cb-0a52864acc82,1,8,ፍልስጥኤማውያንም ዳዊት በእስራኤል ሁሉ ላይ ንጉሥ ሆኖ እንደ ተቀባ ሰሙ፤ ፍልስጥኤማውያንም ሁሉ ዳዊትን ሊፈልጉ ወጡ፤ ዳዊትም በሰማ ጊዜ ሊጋጠማቸው ወጣ።
0aa47091-8ab9-50ad-a788-c7ba781eec6a,fdb3d28f-69c7-5a06-a5fc-3b676f89d2cf,73498ec7-2076-5e42-a3cb-0a52864acc82,2,9,ፍልስጥኤማውያንም መጥተው በኀያላን ሸለቆ ተሰበሰቡ።
e4db3867-9c96-5da4-a304-5c5377edb9f2,fdb3d28f-69c7-5a06-a5fc-3b676f89d2cf,73498ec7-2076-5e42-a3cb-0a52864acc82,3,10,ዳዊትም፥ “ወደ ፍልስጥኤማውያን ልውጣን? በእጄስ አሳልፈህ ትሰጣቸዋለህን?” ብሎ እግዚአብሔርን ጠየቀ። እግዚአብሔርም፥ “በእጅህ አሳልፌ እሰጣቸዋለሁና ውጣ” አለው።
d5bf44ca-1076-50cf-a8f5-d751c4d131d4,fdb3d28f-69c7-5a06-a5fc-3b676f89d2cf,73498ec7-2076-5e42-a3cb-0a52864acc82,4,11,ዳዊትም ወደ በኣልፐራሲን ወጣ፤ በዚያም ዳዊት ፍልስጥኤማውያንን መታቸው። ዳዊትም፥ “ውኃ እንዲያጠፋ እግዚአብሔር ጠላቶቼን በእጄ አጠፋቸው” አለ። ስለዚህም የዚያን ስፍራ ስም በኣልፐራሲን ብለው ጠሩት።
7fe78f5f-f644-5997-a038-8b71c317099a,fdb3d28f-69c7-5a06-a5fc-3b676f89d2cf,73498ec7-2076-5e42-a3cb-0a52864acc82,5,12,አማልክቶቻቸውንም በዚያ ተዉ፤ ዳዊትም፥ “በእሳት አቃጥሉአቸው” ብሎ አዘዘ።
15fb9783-c41e-56cb-aac0-6f893ee5517c,fdb3d28f-69c7-5a06-a5fc-3b676f89d2cf,73498ec7-2076-5e42-a3cb-0a52864acc82,6,13,ፍልስጥኤማውያንም ደግሞ በኀያላን ሸለቆ ተሰበሰቡ።
8f6cfc41-2ee5-5c9f-a291-e603fa2f4d17,fdb3d28f-69c7-5a06-a5fc-3b676f89d2cf,73498ec7-2076-5e42-a3cb-0a52864acc82,7,14,ዳዊትም እንደ ገና እግዚአብሔርን ጠየቀ፤ እግዚአብሔርም፥ “አትውጣ፥ በኋላቸውም አትከተላቸው፤ ነገር ግን ከኋላቸው ዙረህ ቅረባቸው።
3d3d0284-6c81-54ce-af95-16df86abebe0,fdb3d28f-69c7-5a06-a5fc-3b676f89d2cf,73498ec7-2076-5e42-a3cb-0a52864acc82,8,15,በሾላውም ዛፍ ራስ ውስጥ የሽውሽውታ ድምፅ ስትሰማ የፍልስጥኤማውያንን ጭፍራ ሊመታ እግዚአብሔር በፊትህ ይወጣልና በዚያን ጊዜ ወደ ሰልፍ ውጣ” አለው።
6b2e8dca-9357-5600-ac29-04f1794e1883,fdb3d28f-69c7-5a06-a5fc-3b676f89d2cf,73498ec7-2076-5e42-a3cb-0a52864acc82,9,16,ዳዊትም አምላኩ እግዚአብሔር እንዳዘዘው አደረገ፤ ከገባዖንም ጀምሮ እስከ ጌዝር ድረስ የፍልስጥኤማውያንን ጭፍራ መታ።
65925dee-8446-58bd-ac46-83c95d9f0d8b,fdb3d28f-69c7-5a06-a5fc-3b676f89d2cf,73498ec7-2076-5e42-a3cb-0a52864acc82,10,17,የዳዊትም ዝና በየሀገሩ ሁሉ ወጣ፤ መፈራቱንም እግዚአብሔር በአሕዛብ ሁሉ ዘንድ አደረገ።
5e1eb251-0c42-5983-ab8b-c0f8e2b4d0ea,4e918093-c0f3-59bd-a1a3-811d02ce64bd,109826b9-0ce7-5261-a8b1-3c3b1ee0e5c6,1,1,ዳዊትም በከተማው ለራሱ ቤቶችን ሠራ፤ ለእግዚአብሔርም ታቦት ስፍራ አዘጋጀ፤ ድንኳንም ተከለላት።
8fcf6015-f9b2-5dd5-ab26-5942e2fb0e06,4e918093-c0f3-59bd-a1a3-811d02ce64bd,109826b9-0ce7-5261-a8b1-3c3b1ee0e5c6,2,2,በዚያን ጊዜም ዳዊት፥ “የእግዚአብሔርን ታቦት ይሸከሙ ዘንድ፥ ለዘለዓለሙም ያገለግሉት ዘንድ እግዚአብሔር ከመረጣቸው ከሌዋውያን በቀር ማንም የእግዚአብሔርን ታቦት ይሸከም ዘንድ አይገባውም” አለ።
f6573a87-8b54-52d1-ab9c-e6daae44a6b1,4e918093-c0f3-59bd-a1a3-811d02ce64bd,109826b9-0ce7-5261-a8b1-3c3b1ee0e5c6,3,3,ዳዊትም ወዳዘጋጀላት ስፍራ የእግዚአብሔርን ታቦት ያመጣ ዘንድ እስራኤልን ሁሉ ወደ ኢየሩሳሌም ሰበሰበ።
79f460d2-8a78-53d0-a496-11dff7466bf4,4e918093-c0f3-59bd-a1a3-811d02ce64bd,109826b9-0ce7-5261-a8b1-3c3b1ee0e5c6,4,4,ዳዊትም የአሮንን ልጆችና ሌዋውያንን ሰበሰበ።
a25373f3-6358-5c54-a1cc-ee4712b99b23,4e918093-c0f3-59bd-a1a3-811d02ce64bd,109826b9-0ce7-5261-a8b1-3c3b1ee0e5c6,5,5,ከቀዓት ልጆች፤ አለቃው ኡርኤል፥ ወንድሞቹም መቶ ሃያ፤
1bc63bd4-15a3-553c-a131-99856b692e67,4e918093-c0f3-59bd-a1a3-811d02ce64bd,109826b9-0ce7-5261-a8b1-3c3b1ee0e5c6,6,6,ከሜራሪ ልጆችም፤ አለቃው ዓሣያ፥ ወንድሞቹም ሁለት መቶ ኀምሳ፤
cd6f1fce-89ad-5414-a9a2-b8b2e45f27bf,4e918093-c0f3-59bd-a1a3-811d02ce64bd,109826b9-0ce7-5261-a8b1-3c3b1ee0e5c6,7,7,ከጌድሶን ልጆች፤ አለቃው ኢዮሔት፥ ወንድሞቹም መቶ ሠላሳ፤
83b4d8cf-996d-5f96-ae49-da54db9c6b5f,4e918093-c0f3-59bd-a1a3-811d02ce64bd,109826b9-0ce7-5261-a8b1-3c3b1ee0e5c6,8,8,ከኤልሳፋን ልጆች፤ አለቃው ሰማያ፥ ወንድሞቹም ሁለት መቶ፤
50ec4cbf-f70d-510b-ad22-d54c799c416e,4e918093-c0f3-59bd-a1a3-811d02ce64bd,109826b9-0ce7-5261-a8b1-3c3b1ee0e5c6,9,9,ከኬብሮን ልጆች፤ አለቃው ኢዮሔል፥ ወንድሞቹም ሰማንያ፤
03cec8dc-1bc0-54dd-a3c5-9b094b4f9079,4e918093-c0f3-59bd-a1a3-811d02ce64bd,109826b9-0ce7-5261-a8b1-3c3b1ee0e5c6,10,10,ከዑዝኤል ልጆች፤ አለቃው አሚናዳብ፥ ወንድሞቹም መቶ ዐሥራ ሁለት።
d3ebc304-753d-5b12-abdf-aaba9d01244e,4e918093-c0f3-59bd-a1a3-811d02ce64bd,109826b9-0ce7-5261-a8b1-3c3b1ee0e5c6,11,11,ዳዊትም ካህናቱን ሳዶቅንና አብያታርን፥ ሌዋውያንንም፥ ኡርኤልን፥ ዓሣያን፥ ኢዮኤልን፥ ሰማያን፥ ኤሊኤልን፥ አሚናዳብንም ጠርቶ፦
8787d094-70fa-5891-a45b-2976b037e436,4e918093-c0f3-59bd-a1a3-811d02ce64bd,109826b9-0ce7-5261-a8b1-3c3b1ee0e5c6,12,12,“እናንተ የሌዋውያን አባቶች ቤቶች አለቆች ናችሁ፤ ወዳዘጋጀሁላት ስፍራ የእስራኤልን አምላክ የእግዚአብሔርን ታቦት ታመጡ ዘንድ እናንተና ወንድሞቻችሁ ተቀደሱ።
e8014116-4cf0-5f28-aba3-8c23910a371a,4e918093-c0f3-59bd-a1a3-811d02ce64bd,109826b9-0ce7-5261-a8b1-3c3b1ee0e5c6,13,13,በቀድሞ ሥራችን አምላካችን እግዚአብሔር እርስ በርሳችን አላጠፋንም፤ በጦር አልፈለገንምና” አላቸው።
3aa90d80-4689-5467-adbf-28f7ae86f792,4e918093-c0f3-59bd-a1a3-811d02ce64bd,109826b9-0ce7-5261-a8b1-3c3b1ee0e5c6,14,14,የእስራኤልንም አምላክ የእግዚአብሔርን ታቦት ያመጡ ዘንድ ካህናቱና ሌዋውያኑ ራሳቸውን አነጹ።
2a60cf0c-40ea-5d36-acfd-7c16b58ffe7c,4e918093-c0f3-59bd-a1a3-811d02ce64bd,109826b9-0ce7-5261-a8b1-3c3b1ee0e5c6,15,15,በመጽሐፍም እንደ ተጻፈ ሙሴ በእግዚአብሔር ቃል እንደ አዘዛቸው የሌዋውያን ልጆች የእግዚአብሔርን ታቦት በትከሻቸው ላይ በመሎጊያዎቹ ተሸከሙ። መባእና ቍርባንም ከእነርሱ ጋር ነበረ።
1fe28097-b755-5050-a8af-fe11e3576947,4e918093-c0f3-59bd-a1a3-811d02ce64bd,109826b9-0ce7-5261-a8b1-3c3b1ee0e5c6,16,16,ዳዊትም በዜማ ዕቃ፥ በመሰንቆና በበገና፥ በጸናጽልም እንዲያዜሙ፥ ድምፃቸውንም በደስታ ከፍ እንዲያደርጉ መዘምራኑን “ወንድሞቻችሁን ሹሙ” ብሎ ለሌዋውያን አለቆች ተናገረ።
7985077f-60bc-5ccb-abda-ba48d9412e10,4e918093-c0f3-59bd-a1a3-811d02ce64bd,109826b9-0ce7-5261-a8b1-3c3b1ee0e5c6,17,17,ሌዋውያኑም የኢዩኤልን ልጅ ኤማንን፥ ከወንድሞቹም የበራክያን ልጅ አሳፍን፥ ከወንድሞቻቸውም ከሜራሪ ልጆች የቂሳንን ልጅ ኢታንን፥
1fdf8861-158a-5652-a83e-bf8e80ed3f14,4e918093-c0f3-59bd-a1a3-811d02ce64bd,109826b9-0ce7-5261-a8b1-3c3b1ee0e5c6,18,18,ከእነርሱም ጋር በሁለተኛው ተራ የሆኑትን ወንድሞቻቸውን ዘካርያስን፥ ቤንን፥ አዝኤልን፥ ስሜራሞትን፥ ኢያሄልን፥ ኡኒን፥ ኤልያብን፥ በናእያን፥ መዕሤያን፥ መታትያን፥ ኤልፋይን፥ ሜቄድያን፥ በረኞችንም አብዲዶምን፥ ኢያኤልንና ዖዝያስን አቆሙ።
8a842504-e25c-5ef1-af18-e45ecd82ea8b,4e918093-c0f3-59bd-a1a3-811d02ce64bd,109826b9-0ce7-5261-a8b1-3c3b1ee0e5c6,19,19,መዘምራንም ኤማንና አሳፍ ኤታንም በናስ ጸናጽል ከፍ አድርገው ያሰሙ ነበር።
fe0203fe-59ef-5d45-a50e-9d651e1ba85b,4e918093-c0f3-59bd-a1a3-811d02ce64bd,109826b9-0ce7-5261-a8b1-3c3b1ee0e5c6,20,20,ዘካርያስ፥ አዝኤል፥ ሰሚራሞት፥ ኢያሔል፥ ዑኒ፥ ኤልያብ፥ መዕሤያ፥ በናያስ በመሰንቆ በልዑል ቃል ያዜሙ ነበር።
0637c84d-21ca-5578-a869-53d6e205c34d,4e918093-c0f3-59bd-a1a3-811d02ce64bd,109826b9-0ce7-5261-a8b1-3c3b1ee0e5c6,21,21,ማታትያስ፥ ኤልፋላይ፥ ሜቄድያስ፥ አብዴዶም፥ ይዒኤል፥ ዖዝያስም ስምንት አውታር ባለው በገና ይዘምሩ ነበር።
5041e0ea-3d7a-5d04-a27a-b1c324107bbf,4e918093-c0f3-59bd-a1a3-811d02ce64bd,109826b9-0ce7-5261-a8b1-3c3b1ee0e5c6,22,22,የሌዋውያኑም አለቃ ኮነንያስ በዜማ ላይ ተሾሞ ነበር። ብልሃተኛ ነበረና።
57e0c902-c98c-5f1e-abee-4be54fe967b6,4e918093-c0f3-59bd-a1a3-811d02ce64bd,109826b9-0ce7-5261-a8b1-3c3b1ee0e5c6,23,23,በራክያና ሕልቃናም ለታቦቷ በረኞች ነበሩ።
0a12a1df-13c0-53cc-a0b2-26598f8db8c7,4e918093-c0f3-59bd-a1a3-811d02ce64bd,109826b9-0ce7-5261-a8b1-3c3b1ee0e5c6,24,24,ካህናቱም ሰበንያ፥ ኢዮሣፍጥ፥ ናትናኤል፥ ዓማሣይ፥ ዘካርያስ፥ በናያስ፥ አልዓዛርም በእግዚአብሔር ታቦት ፊት መለከት ይነፉ ነበር። አብዲዶምና ኢያኤያም የእግዚአብሔር ታቦት በረኞች ነበሩ።
86479238-5bb4-5410-a86d-9628cd025d78,4e918093-c0f3-59bd-a1a3-811d02ce64bd,109826b9-0ce7-5261-a8b1-3c3b1ee0e5c6,25,25,ዳዊትም፥ የእስራኤልም ሽማግሌዎች፥ የሻለቆችም የእግዚአብሔርን የቃል ኪዳኑን ታቦት ከአቢዳራ ቤት በደስታ ያመጡ ዘንድ ሄዱ።
7c861753-3a4e-5c93-a46d-4c69f6de4687,4e918093-c0f3-59bd-a1a3-811d02ce64bd,109826b9-0ce7-5261-a8b1-3c3b1ee0e5c6,26,26,የእግዚአብሔርንም ቃል ኪዳን ታቦት የተሸከሙትን ሌዋውያንን እግዚአብሔር በአበረታቸው ጊዜ ሰባት በሬዎችንና ሰባት አውራ በጎችን ሠዉ።
fdd35749-427c-565e-afb0-f0399398a1bf,4e918093-c0f3-59bd-a1a3-811d02ce64bd,109826b9-0ce7-5261-a8b1-3c3b1ee0e5c6,27,27,ዳዊትም፥ የእግዚአብሔርን የቃል ኪዳኑን ታቦት የተሸከሙ ሌዋውያንም ሁሉ፥ መዘምራኑም፥ የመዘምራኑም አለቃ ኮኖንያስ የጥሩ በፍታ ቀሚስ ለብሰው ነበር፤ ዳዊትም የከበረ ልብስ ለብሶ ነበረ።
6d3b3b56-61c9-589f-a96c-15a63ff1d334,4e918093-c0f3-59bd-a1a3-811d02ce64bd,109826b9-0ce7-5261-a8b1-3c3b1ee0e5c6,28,28,እንዲሁ እስራኤል ሁሉ በይባቤ፥ ቀንደ መለከትና እንቢልታ እየነፉ፥ ጸናጽልና መሰንቆም፥ በገናም እየመቱ፥ የእግዚአብሔርን የቃል ኪዳን ታቦት አመጡ።
4a25703e-403e-5c63-a5f6-01d3d88249ab,4e918093-c0f3-59bd-a1a3-811d02ce64bd,109826b9-0ce7-5261-a8b1-3c3b1ee0e5c6,29,29,የእግዚአብሔርም ቃል ኪዳን ታቦት ወደ ዳዊት ከተማ በደረሰች ጊዜ የሳኦል ልጅ ሜልኮል በመስኮት ሆና ተመለከተች፤ ንጉሡም ዳዊት ሲዘፍንና ሲጫወት አይታ በልብዋ ናቀችው።
d9995e26-2339-5070-a238-6e87323b026f,e8f5910e-e16e-5816-adaa-7c0332159415,4ca07c61-1df2-5a81-a624-073d1cfaf5c0,1,1,የእግዚአብሔርንም ታቦት ይዘው ገቡ፤ ዳዊትም በተከለላት ድንኳን ውስጥ አኖሩአት፤ የሚቃጠለውን መሥዋዕትና የደኅንነቱን መሥዋዕትም በእግዚአብሔር ፊት አቀረቡ።
d449bc33-4a5f-5588-afe2-9259b2624958,e8f5910e-e16e-5816-adaa-7c0332159415,4ca07c61-1df2-5a81-a624-073d1cfaf5c0,2,2,ዳዊትም የሚቃጠለውን መሥዋዕትና የደኅንነቱን መሥዋዕት ማቅረብ በፈጸመ ጊዜ በእግዚአብሔር ስም ሕዝቡን ባረከ።
e172d28a-6686-5784-a692-6e6ee43523b7,e8f5910e-e16e-5816-adaa-7c0332159415,4ca07c61-1df2-5a81-a624-073d1cfaf5c0,3,3,ለእስራኤልም ለወንዱም ለሴቱም ለእያንዳንዱ አንዳንድ እንጀራ፥ አንዳንድም ቍራጭ ሥጋ፥ አንዳንድም የዘቢብ ጥፍጥፍ አካፈለ።
5d1a7593-ed14-5e57-a596-b4213924aaef,e8f5910e-e16e-5816-adaa-7c0332159415,4ca07c61-1df2-5a81-a624-073d1cfaf5c0,4,4,በእግዚአብሔርም ታቦት ፊት ያገለግሉ ዘንድ፥ የእስራኤልንም አምላክ እግዚአብሔርን ያወድሱት ዘንድ፥ ያመሰግኑትና ያከብሩትም ዘንድ ከሌዋውያን ወገን አቆመ።
ffad4c27-cb35-5a36-a61c-a3a4d838de81,e8f5910e-e16e-5816-adaa-7c0332159415,4ca07c61-1df2-5a81-a624-073d1cfaf5c0,5,5,አለቃውም አሳፍ ነበረ፤ ከእርሱም ቀጥሎ ዘካርያስ፥ ኢያሔል፥ ሰሜራሞት፥ ይሔኤል፥ ማታትያ፥ ኤልያብ፥ በናያስ፥ አብዲዶም፥ ይዒኤል በመሰንቆና በበገና፥ አሳፍም በጸናጽል ይዘምሩ ነበር።
3a251d72-6af7-5452-a863-05718b0706e9,e8f5910e-e16e-5816-adaa-7c0332159415,4ca07c61-1df2-5a81-a624-073d1cfaf5c0,6,6,ካህናቱም በናያስና የሕዜኤል በእግዚአብሔር ቃል ኪዳን ታቦት ፊት ሁልጊዜ መለከት ይነፉ ነበር።
b5e71399-35da-5d20-a6a3-9dbdac0219ce,e8f5910e-e16e-5816-adaa-7c0332159415,4ca07c61-1df2-5a81-a624-073d1cfaf5c0,7,7,በዚያም ቀን ዳዊት በአሳፍና በወንድሞቹ እጅ እግዝአብሔርን እንዲያመሰግኑ አስቀድሞ ትእዛዝን ሰጠ።
b69ee02d-8059-5a8d-aef7-a7020d3f5f18,e8f5910e-e16e-5816-adaa-7c0332159415,dd1ad865-6ad0-5ed0-a22d-6ab4caf305c2,1,8,የእስራኤል ልጆች በእግዚአብሔር ታቦት ፊት የዘመርዋት መዝሙር ይህች ናት፦
ff003364-eb9b-5d46-add1-6018862ac084,e8f5910e-e16e-5816-adaa-7c0332159415,dd1ad865-6ad0-5ed0-a22d-6ab4caf305c2,2,9,ለእግዚአብሔር ተቀኙለት፥ ዘምሩለት፤
c0ab0994-f422-54bb-a061-c726d236c294,e8f5910e-e16e-5816-adaa-7c0332159415,dd1ad865-6ad0-5ed0-a22d-6ab4caf305c2,3,10,በቅዱስ ስሙ ክበሩ፤
cd47e223-c193-5faa-afa9-d94928998d7c,e8f5910e-e16e-5816-adaa-7c0332159415,dd1ad865-6ad0-5ed0-a22d-6ab4caf305c2,4,11,እግዚአብሔርን ፈልጉት፥ ትጸናላችሁም፤
cd48fe8a-d122-50de-a18f-ca2404378972,e8f5910e-e16e-5816-adaa-7c0332159415,dd1ad865-6ad0-5ed0-a22d-6ab4caf305c2,5,12,የሠራትን ድንቅ አስቡ፥
2519a0cd-3a35-515e-af82-76039984ce1c,e8f5910e-e16e-5816-adaa-7c0332159415,dd1ad865-6ad0-5ed0-a22d-6ab4caf305c2,6,13,ባሪያዎቹ የእስራኤል ዘር፥
ae22007f-716e-5181-a404-5d16f0ae617a,e8f5910e-e16e-5816-adaa-7c0332159415,dd1ad865-6ad0-5ed0-a22d-6ab4caf305c2,7,14,እርሱ እግዚአብሔር አምላካችን ነው፤
841fa0b3-94bf-53f2-a7c5-3b4e62014e52,e8f5910e-e16e-5816-adaa-7c0332159415,dd1ad865-6ad0-5ed0-a22d-6ab4caf305c2,8,15,ቃል ኪዳኑን ለዘለዓለም፥
0c99b9e3-7023-56bc-a14b-a3b0402183cb,e8f5910e-e16e-5816-adaa-7c0332159415,dd1ad865-6ad0-5ed0-a22d-6ab4caf305c2,9,16,ለአብርሃም ያደረገውን፥
b8c5c07b-71ee-5d23-a988-aca3c2acfa7e,e8f5910e-e16e-5816-adaa-7c0332159415,dd1ad865-6ad0-5ed0-a22d-6ab4caf305c2,10,17,ለያዕቆብ ሥርዐት እንዲሆን
3b8d7677-4773-5e5e-a84b-1b386c6ced3e,e8f5910e-e16e-5816-adaa-7c0332159415,dd1ad865-6ad0-5ed0-a22d-6ab4caf305c2,11,18,እንዲህም አለ፥ “ለአንተ የከነዓንን ምድር
307cee74-4128-5186-ad4c-e14934529b18,e8f5910e-e16e-5816-adaa-7c0332159415,dd1ad865-6ad0-5ed0-a22d-6ab4caf305c2,12,19,ይህም የሆነው እነርሱ በቍጥር ጥቂቶች ሰዎች፥
b2976ce9-d336-52ba-afe9-0b601117ddb1,e8f5910e-e16e-5816-adaa-7c0332159415,dd1ad865-6ad0-5ed0-a22d-6ab4caf305c2,13,20,ከሕዝብ ወደ ሕዝብ፥
fe2df37b-9dda-52b2-adf2-9ebce2a5761d,e8f5910e-e16e-5816-adaa-7c0332159415,dd1ad865-6ad0-5ed0-a22d-6ab4caf305c2,14,21,ሰው ግፍ ያደርግባቸው ዘንድ አልፈቀደም፤
fd8f46c5-8e6e-5924-aa5b-3467f8ac00e0,e8f5910e-e16e-5816-adaa-7c0332159415,dd1ad865-6ad0-5ed0-a22d-6ab4caf305c2,15,22,“የቀባኋቸውን አትንኩ፥
39d71038-9a45-5028-a26f-47841f821f1c,e8f5910e-e16e-5816-adaa-7c0332159415,dd1ad865-6ad0-5ed0-a22d-6ab4caf305c2,16,23,ምድር ሁሉ እግዚአብሔርን አመስግኑ፤
bec5ebd7-9716-5747-a210-a08731dc4bda,e8f5910e-e16e-5816-adaa-7c0332159415,dd1ad865-6ad0-5ed0-a22d-6ab4caf305c2,17,24,ክብሩን ለአሕዛብ፥
21d97bd2-0cb8-5a32-a004-7a572a4536ae,e8f5910e-e16e-5816-adaa-7c0332159415,dd1ad865-6ad0-5ed0-a22d-6ab4caf305c2,18,25,እግዚአብሔር ታላቅ፥ ምስጋናውም ብዙ ነውና፤
0ee50127-d15c-5ccf-afd3-9e8f7e419e84,e8f5910e-e16e-5816-adaa-7c0332159415,dd1ad865-6ad0-5ed0-a22d-6ab4caf305c2,19,26,የአሕዛብ አማልክት ሁሉ ጣዖታት ናቸው፤
6c63af68-ea10-5003-aaa1-64be554f8ae4,e8f5910e-e16e-5816-adaa-7c0332159415,dd1ad865-6ad0-5ed0-a22d-6ab4caf305c2,20,27,ክብርና ግርማ በፊቱ፥
132457b9-e8b4-50ad-a2f5-7537bc1f57a8,e8f5910e-e16e-5816-adaa-7c0332159415,dd1ad865-6ad0-5ed0-a22d-6ab4caf305c2,21,28,እናንተ የአሕዛብ ወገኖች ለእግዚአብሔር አምጡ፥
d40a317b-d504-54b6-aade-3182ed3e4bb8,e8f5910e-e16e-5816-adaa-7c0332159415,dd1ad865-6ad0-5ed0-a22d-6ab4caf305c2,22,29,ለስሙ የሚገባ ክብርን ለእግዚአብሔር አምጡ፤
17bcb574-b6ef-54ea-a767-7be1e82adb9e,e8f5910e-e16e-5816-adaa-7c0332159415,dd1ad865-6ad0-5ed0-a22d-6ab4caf305c2,23,30,ምድር ሁሉ በፊቱ ትነዋወጣለች፤
d8c8e27b-99b7-56c6-af33-a2b191efe814,e8f5910e-e16e-5816-adaa-7c0332159415,dd1ad865-6ad0-5ed0-a22d-6ab4caf305c2,24,31,ሰማያት ደስ ይበላቸው፥ ምድርም ሐሤትን ታድርግ፤
4fde7d55-efa4-5109-a2d5-4bc2b88c0256,e8f5910e-e16e-5816-adaa-7c0332159415,dd1ad865-6ad0-5ed0-a22d-6ab4caf305c2,25,32,ባሕር በሞላዋ ትናወጣለች፤
60d33a4e-608f-5379-adab-8842bb5ec904,e8f5910e-e16e-5816-adaa-7c0332159415,dd1ad865-6ad0-5ed0-a22d-6ab4caf305c2,26,33,በምድር ሊፈርድ ይመጣልና፥
bbb446bd-6c95-5075-a43d-eb7db8e57360,e8f5910e-e16e-5816-adaa-7c0332159415,dd1ad865-6ad0-5ed0-a22d-6ab4caf305c2,27,34,እግዚአብሔርን አመስግኑ።
858f4df8-7aec-525e-a664-3efffb63da51,e8f5910e-e16e-5816-adaa-7c0332159415,dd1ad865-6ad0-5ed0-a22d-6ab4caf305c2,28,35,የመዳናችን አምላክ ሆይ፥ አድነን፤
1fdcf839-6c9f-545b-a296-1090527e34a7,e8f5910e-e16e-5816-adaa-7c0332159415,dd1ad865-6ad0-5ed0-a22d-6ab4caf305c2,29,36,ከዘለዓለም እስከ ዘለዓለም፥
51a13d94-7aac-52ad-a8df-c8ffe1f7d5c6,e8f5910e-e16e-5816-adaa-7c0332159415,91b63b53-3594-542d-abc8-5fb78c99165f,1,37,እንዲሁም በየቀኑ እንደሚገባቸው በታቦቱ ፊት ዘወትር ያገለግሉ ዘንድ አሳፍንና ወንድሞቹን ተዋቸው።
29d9bf61-e98e-5daf-afee-b2005cc6fdf3,e8f5910e-e16e-5816-adaa-7c0332159415,91b63b53-3594-542d-abc8-5fb78c99165f,2,38,አብዲዶምንም፥ ስድሳ ስምንቱንም ወንድሞቻቸውን፤ የኤዶታምም ልጅ አብዲዶምና ሖሳ በረኞች ይሆኑ ዘንድ ተዋቸው፤
87fad678-4312-58d8-ae1d-e5a1cb0e1387,e8f5910e-e16e-5816-adaa-7c0332159415,91b63b53-3594-542d-abc8-5fb78c99165f,3,39,ካህኑን ሳዶቅንና ካህናቱን ወንድሞቹን በገባዖን በኮረብታው መስገጃ ባለው በእግዚአብሔር ማደሪያ ፊት አቆማቸው፥
7e9b9495-b1b7-5add-a8a9-df1342e6e6d0,e8f5910e-e16e-5816-adaa-7c0332159415,91b63b53-3594-542d-abc8-5fb78c99165f,4,40,ለእስራኤልም ልጆች ይነግራቸው ዘንድ አገልጋዩ ሙሴን እንደ አዘዘው በእግዚአብሔር ሕግ እንደ ተጻፈ ሁሉ ለሚቃጠለው መሥዋዕት በሚሆነው መሠዊያ ላይ የሚቃጠለውን መሥዋዕት ሁልጊዜ ጥዋትና ማታ ለእግዚአብሔር ያቀርቡ ዘንድ።
d6c8dbae-af5f-5759-a7ff-1b592376d936,e8f5910e-e16e-5816-adaa-7c0332159415,91b63b53-3594-542d-abc8-5fb78c99165f,5,41,ምሕረቱም ለዘለዓለም ነውና እግዚአብሔርን ያመሰግኑ ዘንድ ኤማንንና ኤዶታምን፥ በስማቸው የተጻፉትን ተመርጠው የቀሩትን ከእነርሱ ጋር አቆመ።
efcf4b85-ca5d-54f6-afef-46c933da66fb,e8f5910e-e16e-5816-adaa-7c0332159415,91b63b53-3594-542d-abc8-5fb78c99165f,6,42,ከእነርሱም ጋር ካህናቱ ከፍ አድርገው ለማሰማት መለከትና ጸናጽል ለእግዚአብሔርም መዝሙራት የዜማ ዕቃ ይዘው ነበር፤ የኤዶታም ልጆች ግን በረኞች ነበሩ።
99142c01-64ab-542f-aae6-8013659bf3a0,e8f5910e-e16e-5816-adaa-7c0332159415,91b63b53-3594-542d-abc8-5fb78c99165f,7,43,ሕዝቡ ሁሉ እያንዳንዱ ወደ ቤቱ ሄደ፤ ዳዊትም ቤቱን ይባርክ ዘንድ ተመለሰ።
1c153ad7-2d68-5283-aea9-6cfff476af39,da9c6a0f-9c9f-5b77-abde-552736b34cee,5330e80b-ebc8-5a84-aa31-dca09e951cd7,1,1,እንዲህም ሆነ፤ ዳዊት በቤቱ በተቀመጠ ጊዜ ዳዊት ነቢዩ ናታንን፥ “እነሆ፥ ከዝግባ በተሠራ ቤት ተቀምጫለሁ፤ የእግዚአብሔር ቃል ኪዳን ታቦት ግን በመጋረጃዎች ውስጥ ተቀምጣለች” አለው።
8b021154-d9b7-50c6-aea8-1f7e05634db9,da9c6a0f-9c9f-5b77-abde-552736b34cee,5330e80b-ebc8-5a84-aa31-dca09e951cd7,2,2,ናታንም ዳዊትን፥ “እግዚአብሔር ከአንተ ጋር ነውና በልብህ ያለውን ሁሉ አድርግ” አለው።
4f295496-21b2-5e90-acea-dee985872747,da9c6a0f-9c9f-5b77-abde-552736b34cee,5330e80b-ebc8-5a84-aa31-dca09e951cd7,3,3,በዚያም ሌሊት የእግዚአብሔር ቃል ወደ ናታን መጣ፤ እንዲህም አለው፦
93b2441e-af6a-5055-a1f0-a6ca3d73a3bb,da9c6a0f-9c9f-5b77-abde-552736b34cee,5330e80b-ebc8-5a84-aa31-dca09e951cd7,4,4,“ሂድ፥ ለአገልጋዬ ለዳዊት ንገረው፦ እግዚአብሔር እንዲህ ይላል፦ በውስጡ እኖርበት ዘንድ ቤትን የምትሠራልኝ አንተ አይደለህም፤
27b3bc15-a1cf-54a6-a393-92bfb55b2986,da9c6a0f-9c9f-5b77-abde-552736b34cee,5330e80b-ebc8-5a84-aa31-dca09e951cd7,5,5,ሕዝቤን እስራኤልን ከግብፅ ምድር ካወጣሁበት ቀን ጀምሮ እስከ ዛሬ ድረስ በድንኳንና በማደሪያ ኖርሁ እንጂ በቤት ውስጥ አልኖርሁም።
e1c28900-450e-5eb9-a53d-47451db1841a,da9c6a0f-9c9f-5b77-abde-552736b34cee,5330e80b-ebc8-5a84-aa31-dca09e951cd7,6,6,ከእስራኤል ሁሉ ጋር ባለፍሁበት ስፍራ ሁሉ፥ ስለ ምን ቤትን ከዝግባ እንጨት አልሠራችሁልኝም? ብዬ ሕዝቤን ይጠብቅ ዘንድ ከእስራኤል ፈራጆች ላዘዝሁት ለአንዱ በውኑ ተናግሬአለሁን?
a6e0566e-8bd6-5d92-afec-774ce5636867,da9c6a0f-9c9f-5b77-abde-552736b34cee,5330e80b-ebc8-5a84-aa31-dca09e951cd7,7,7,አሁንም አገልጋዬን ዳዊትን እንዲህ በለው፦ ሁሉን ቻይ እግዚአብሔር እንዲህ ይላል፦ አንተ መንጋውን ስትከተል በሕዝቤ በእስራኤል ላይ አለቃ ትሆን ዘንድ ከበግ ጥበቃ መርጬ ወሰድሁህ።
4da16eb4-e82d-521d-a05f-5ee81acbb952,da9c6a0f-9c9f-5b77-abde-552736b34cee,5330e80b-ebc8-5a84-aa31-dca09e951cd7,8,8,በሄድህበትም ሁሉ ከአንተ ጋር ነበርሁ፥ ጠላቶችህንም ሁሉ ከፊትህ አጠፋሁ፤ በምድርም ላይ እንዳሉ እንደ ታላላቆች ስም ለአንተ ስምን አደረግሁ።
11af1436-f24b-5c62-a954-6b95cb0b5873,da9c6a0f-9c9f-5b77-abde-552736b34cee,5330e80b-ebc8-5a84-aa31-dca09e951cd7,9,9,ለሕዝቤም ለእስራኤል ስፍራ አደርግለታለሁ፥ በዚያም እተክለዋለሁ፥ በስፍራውም ይቀመጣል፤ ከዚያም በኋላ አይናወጥም፤ የኀጢአትም ልጆች እንደ ቀድሞው አያስጨንቁትም፤
73e5759d-3dff-5c9b-aec0-6b63ee788c29,da9c6a0f-9c9f-5b77-abde-552736b34cee,5330e80b-ebc8-5a84-aa31-dca09e951cd7,10,10,በሕዝቤም በእስራኤል ላይ ፈራጆችን ካስነሣሁበት ጊዜ ጀምሮ ጠላቶችህን ሁሉ አዋርዳቸዋለሁ፤ አንተንም ከፍ ከፍ አደርግሃለሁ። እግዚአብሔር ደግሞ ቤትን ይሠራልሃል።
664adc44-da91-5f87-a29d-8cd956c92951,da9c6a0f-9c9f-5b77-abde-552736b34cee,5330e80b-ebc8-5a84-aa31-dca09e951cd7,11,11,ወደ አባቶችህም ትሄድ ዘንድ ዕድሜህ በተፈጸመ ጊዜ ከአብራክህ የተወለደ ዘርህን ከአንተ በኋላ አስነሣለሁ ፤ መንግሥቱንም አጸናለሁ።
e535417a-c80e-5849-a561-fa32f40ced7b,da9c6a0f-9c9f-5b77-abde-552736b34cee,5330e80b-ebc8-5a84-aa31-dca09e951cd7,12,12,እርሱ ቤትን ይሠራልኛል ፤ ዙፋኑንም ለዘለዓለም አጸናለሁ።
d74cca94-473e-5816-a8f6-c2f8f57bb831,da9c6a0f-9c9f-5b77-abde-552736b34cee,5330e80b-ebc8-5a84-aa31-dca09e951cd7,13,13,እኔም አባት እሆነዋለሁ፤ እርሱም ልጄ ይሆነኛል፤ ከአንተ አስቀድሞ ከነበሩት እንዳራቅሁ፥ ምሕረቴን ከእርሱ አላርቅም።
123ae848-6f70-5133-a8ee-1c562a0af039,da9c6a0f-9c9f-5b77-abde-552736b34cee,5330e80b-ebc8-5a84-aa31-dca09e951cd7,14,14,ለቤቴም ታማኝ አደርገዋለሁ መንግሥቱም ለዘለዓለም ነው፤ ዙፋኑም ለዘለዓለም ይጸናል።”
598d3a5c-912c-5ae7-a2bf-d5ce90a91f68,da9c6a0f-9c9f-5b77-abde-552736b34cee,5330e80b-ebc8-5a84-aa31-dca09e951cd7,15,15,እንደዚህ ነገር ሁሉ እንደዚህም ራእይ ሁሉ ነቢዩ ናታን ለዳዊት ነገረው።
38fe9797-06fa-5049-a143-67df452c47b9,da9c6a0f-9c9f-5b77-abde-552736b34cee,0c29551f-effb-531e-a922-a292f934634f,1,16,ንጉሡም ዳዊት ገባ፤ በእግዚአብሔርም ፊት ተቀምጦ እንዲህ አለ፥ “አቤቱ አምላክ ሆይ፥ ለዘለዓም የወደድኸኝ እኔ ማን ነኝ? ቤቴስ ምንድን ነው?
cb6cf19e-0f87-5d68-afc9-9d7953e9f197,da9c6a0f-9c9f-5b77-abde-552736b34cee,0c29551f-effb-531e-a922-a292f934634f,2,17,አምላክ ሆይ፥ ይህ በፊትህ ጥቂት ነበረ፤ ስለ አገልጋይህ ቤት ደግሞ ለሩቅ ዘመን ተናገርህ፤ እንደ አንድ ባለ ማዕረግ ሰው ተመለከትኸኝ። አቤቱ፥ አምላክ ሆይ፥ ከፍ ከፍ አደረግኸኝ።
dd874f68-e3db-54ad-aadc-34a7a1130691,da9c6a0f-9c9f-5b77-abde-552736b34cee,0c29551f-effb-531e-a922-a292f934634f,3,18,አንተ ባሪያህን ታውቀዋለህና ለባሪያህ ስለ ተደረገው ክብር ዳዊት ጨምሮ የሚለው ምንድን ነው?
e97d0bad-c21b-52a3-a77d-7523deb83aeb,da9c6a0f-9c9f-5b77-abde-552736b34cee,0c29551f-effb-531e-a922-a292f934634f,4,19,እንደ ልብህም ይህን ታላቅ ነገር ሁሉ ለእኔ አደረግህ።
92a95fd7-a43d-5dba-a1ff-4b9af6ae6ec2,da9c6a0f-9c9f-5b77-abde-552736b34cee,0c29551f-effb-531e-a922-a292f934634f,5,20,አቤቱ፥ እንዳንተ ያለ የለም፤ በጆሮአችንም እንደ ሰማን ሁሉ ከአንተ በቀር አምላክ የለም።
6abdcbf1-bd37-5975-add0-3ed8aa117c0e,da9c6a0f-9c9f-5b77-abde-552736b34cee,0c29551f-effb-531e-a922-a292f934634f,6,21,አንተ እግዚአብሔር ከግብፅ ካወጣኸው ከሕዝብህ ፊት አሕዛብን በማሳደድ ታላቅና የከበረ ስምን ለአንተ ታደርግ ዘንድ፥ ለአንተም ሕዝብ ትቤዥ ዘንድ እንደ መራኸው እንደ አንተ ሕዝብ እንደ እስራኤል ያለ በምድር ላይ ሌላ ሕዝብ የለም።
d2e4647a-2b7f-58e7-a2c3-b03bcfc73d2e,da9c6a0f-9c9f-5b77-abde-552736b34cee,0c29551f-effb-531e-a922-a292f934634f,7,22,ሕዝብህንም እስራኤልን ለዘለዓለም ሕዝብህ አደረግኸው፤ አንተም አቤቱ፥ አምላክ ሆንሃቸው።
0a90d12d-3c6f-5ed4-a3cc-736242dfbcff,da9c6a0f-9c9f-5b77-abde-552736b34cee,0c29551f-effb-531e-a922-a292f934634f,8,23,አሁንም፥ አቤቱ፥ ስለ ባሪያህና ስለ ቤቱ የተናገርኸው ቃል ለዘለዓለም የታመነ ይሁን፤ እንደ ተናገርህም አድርግ።
166296d9-d581-5485-ab55-8cf694ba92d9,da9c6a0f-9c9f-5b77-abde-552736b34cee,0c29551f-effb-531e-a922-a292f934634f,9,24,ሁሉን የሚገዛ እግዚአብሔር እርሱ የእስራኤል አምላክ ነው፤ በእውነት የእስራኤል አምላክ ነው ይባል ዘንድ ስምህ ለዘለዓለም ጽኑና ታላቅ ይሁን፤ የአገልጋይህም የዳዊት ቤት በፊትህ የጸና ይሁን።
b5123bdf-0d80-5fc4-ae27-a5cd48fd3091,da9c6a0f-9c9f-5b77-abde-552736b34cee,0c29551f-effb-531e-a922-a292f934634f,10,25,አምላኬ ሆይ፥ ቤት እንድትሠራለት ለባሪያህ በጆሮው ገልጠሃልና ስለዚህ አገልጋይህ ወደ አንተ ይጸልይ ዘንድ ባለሟልነትን አገኘ።
90d67d98-e3e5-525b-a910-f2d0f0f54199,da9c6a0f-9c9f-5b77-abde-552736b34cee,0c29551f-effb-531e-a922-a292f934634f,11,26,አሁንም፥ አቤቱ፥ አንተ አምላክ ነህ፤ ይህንም መልካም ነገር ለባሪያህ ተናግረሃል።
4baa77b2-8bb9-5e42-ab34-d2b5ef5110e5,da9c6a0f-9c9f-5b77-abde-552736b34cee,0c29551f-effb-531e-a922-a292f934634f,12,27,አሁንም በፊትህ ለዘለዓለም ይኖር ዘንድ የአገልጋይህን ቤት ትባርክ ዘንድ ጀምረሃል፤ አንተም አቤቱ፥ ባርከኸዋል፤ ለዘለዓለምም ቡሩክ ይሆናል።”
39329ab5-8053-5d59-a398-28cdb4c0038f,99f09366-d65e-52fd-ac41-225d8b3b786d,f16a0e03-3d30-5228-a08e-15c103b788fa,1,1,ከዚህም በኋላ ዳዊት ፍልስጥኤማውያንን መታ፤ አዋረዳቸውም፤ ከፍልስጥኤማውያንም እጅ ጌትንና መንደሮችዋን ወሰደ።
752cd881-65fd-54d6-a81b-4e92fabfb36b,99f09366-d65e-52fd-ac41-225d8b3b786d,f16a0e03-3d30-5228-a08e-15c103b788fa,2,2,ሞዓብንም መታ፤ ሞዓባውያንም ለዳዊት ገባሮች ሆኑ፤ ግብርም አመጡለት።
cbe5d6c5-0d85-5ecb-a09a-d743c0afb48c,99f09366-d65e-52fd-ac41-225d8b3b786d,f16a0e03-3d30-5228-a08e-15c103b788fa,3,3,ዳዊትም በኤፍራጥስ ወንዝ አጠገብ የነበረውን ግዛቱን ለማጽናት በሄደ ጊዜ ሔማታዊውን የሱባን ንጉሥ አድርአዛርን መታ።
25572be0-9112-5d77-af6c-2b242ddfc50f,99f09366-d65e-52fd-ac41-225d8b3b786d,f16a0e03-3d30-5228-a08e-15c103b788fa,4,4,ዳዊትም ከእርሱ አንድ ሺህ ሰረገሎች፥ ሰባት ሺህም ፈረሰኞች፥ ሃያ ሺህም እግረኞች ወሰደ፤ ዳዊትም ለመቶ ሰረገሎች የሚሆኑትን ብቻ አስቀርቶ የሰረገሎቹን ፈረሶች ቋንጃ ቈረጠ።
df3acd01-949c-5588-a65c-659bb351c3b9,99f09366-d65e-52fd-ac41-225d8b3b786d,f16a0e03-3d30-5228-a08e-15c103b788fa,5,5,ከደማስቆም ሶርያውያን የሱባን ንጉሥ አድርአዛርን ሊረዱ በመጡ ጊዜ ዳዊት ከሶርያውያን ሃያ ሁለት ሺህ ሰዎችን ገደለ።
dad09632-eb25-53f6-a7ff-dd1a23709d0a,99f09366-d65e-52fd-ac41-225d8b3b786d,f16a0e03-3d30-5228-a08e-15c103b788fa,6,6,ዳዊትም በደማስቆ ሶርያ ጭፍሮችን አኖረ፤ ሶርያውያንም ለዳዊት ገባሮች ሆኑ፤ ግብርም አመጡለት። እግዚአብሔርም ዳዊትን በሄደበት ሁሉ ያድነው ነበር።
fd86d3be-47be-5964-a9bb-33937651c906,99f09366-d65e-52fd-ac41-225d8b3b786d,f16a0e03-3d30-5228-a08e-15c103b788fa,7,7,ዳዊትም ለአድርአዛር አገልጋዮች የነበሩትን የወርቅ ማርዳዎች ወሰደ፤ ወደ ኢየሩሳሌምም ይዞአቸው መጣ።
d2ab9eb1-bb14-5b5c-a57d-b579376075a0,99f09366-d65e-52fd-ac41-225d8b3b786d,f16a0e03-3d30-5228-a08e-15c103b788fa,8,8,ከሚጢብሐትና ከተመረጡት ከአድርአዛር ከተሞች ዳዊት እጅግ ብዙ ናስ ወሰደ፤ ከዚህም ሰሎሞን የናሱን ኩሬና ዓምዶች የናሱንም ዕቃ ሠራ።
3a6c745f-05d8-53ad-ae06-c4f65d17731c,99f09366-d65e-52fd-ac41-225d8b3b786d,f16a0e03-3d30-5228-a08e-15c103b788fa,9,9,የኤማትም ንጉሥ ቶዑ ዳዊት የሱባን ንጉሥ አድርአዛርን፥ ጭፍራውንም ሁሉ እንደ መታ ሰማ።
25c99303-87e2-5659-a5dc-6bdea2d222da,99f09366-d65e-52fd-ac41-225d8b3b786d,f16a0e03-3d30-5228-a08e-15c103b788fa,10,10,ቶዑም ከአድርአዛር ጋር ሁልጊዜ ይዋጋ ነበርና ዳዊት አድርአዛርን ወግቶ ስለ መታው ደኅንነቱን ይጠይቀውና ይመርቀው ዘንድ ልጁን አዶራምን ወደ ዳዊት ላከው፤ ከእርሱም ጋር የወርቅና የብር፥ የናስም ዕቃ ነበረ።
cc965a39-52e4-51ff-acd7-1b43dd127395,99f09366-d65e-52fd-ac41-225d8b3b786d,f16a0e03-3d30-5228-a08e-15c103b788fa,11,11,ንጉሡም ዳዊት ከአሕዛብ ሁሉ ከኤዶምና ከሞዓብ፥ ከአሞንም ልጆች፥ ከፍልስጥኤማውያንም፥ ከአማሌቅም ከማረከው ብርና ወርቅ ጋር እነዚህን ደግሞ ለእግዚአብሔር ቀደሰ።
d9b2b1c0-ef49-5178-a03d-f17dc63492ba,99f09366-d65e-52fd-ac41-225d8b3b786d,f16a0e03-3d30-5228-a08e-15c103b788fa,12,12,ደግሞ የሶርህያ ልጅ አቢሳ ከኤዶማውያን በጨው ሸለቆ ውስጥ ዐሥራ ስምንት ሺህ ሰዎች ገደለ።
6588238b-458a-520b-ae93-a99cce71c877,99f09366-d65e-52fd-ac41-225d8b3b786d,f16a0e03-3d30-5228-a08e-15c103b788fa,13,13,በዚያም ሸለቆ ምሽግ ሠርቶ ጭፍሮችን አኖረ፥ ኤዶማውያንም ሁሉ ለዳዊት ገባሮች ሆኑ። እግዚአብሔርም ዳዊትን በሄደበት ሁሉ ያድነው ነበር።
87f64ed3-d08b-5b12-a747-2d6f9c2a8b7d,99f09366-d65e-52fd-ac41-225d8b3b786d,f16a0e03-3d30-5228-a08e-15c103b788fa,14,14,ዳዊትም በእስራኤል ሁሉ ላይ ነገሠ፤ ለሕዝቡም ሁሉ ፍርድንና ጽድቅን አደረገላቸው።
5173ae77-244a-5a57-a36f-e9c96c57fc5d,99f09366-d65e-52fd-ac41-225d8b3b786d,f16a0e03-3d30-5228-a08e-15c103b788fa,15,15,የሶርህያ ልጅ ኢዮአብም የሠራዊት አለቃ ነበረ፤ የአሔሉድም ልጅ ኢዮሣፍጥ ታሪክ ጸሓፊ ነበረ።
70e35f29-1033-5ef5-a9eb-097d34b7c7ef,99f09366-d65e-52fd-ac41-225d8b3b786d,f16a0e03-3d30-5228-a08e-15c103b788fa,16,16,የአኪጦብም ልጅ ሳዶቅና የአብያታር ልጅ አቤሜሌክ ካህናት ነበሩ፤ ሱሳ ጸሓፊ ነበረ።
1b74ab36-e7b5-5624-a99c-e840647cb0d4,99f09366-d65e-52fd-ac41-225d8b3b786d,f16a0e03-3d30-5228-a08e-15c103b788fa,17,17,የዮዳሄ ልጅ በናያስ በከሊታውያንና በፈሊታውያን ላይ ሹም ነበረ፤ የዳዊትም ልጆች በንጉሡ አጠገብ አለቆች ነበሩ።
8852365a-6aff-504a-ae5a-2cb43d3ecf64,31f2105c-5b3d-5d8f-a1e1-e2a3e78ac4bb,b1ab25a0-de51-542c-a1cf-3bea196509c1,1,1,ከዚህም በኋላ እንዲህ ሆነ፤ የአሞን ልጆች ንጉሥ ናዖስ ሞተ፤ ልጁም በእርሱ ፋንታ ነገሠ።
3f151c36-e825-5231-a86e-cc98dd97102e,31f2105c-5b3d-5d8f-a1e1-e2a3e78ac4bb,b1ab25a0-de51-542c-a1cf-3bea196509c1,2,2,ዳዊትም፥ “አባቱ ስላደረገልኝ ወረታ እኔ ለናዖስ ልጅ ለሐናን ቸርነት አደርጋለሁ” አለ። ዳዊትም አባቱ ስለ ሞተ ሊያጽናናው መልእክተኞችን ላከ፤ የዳዊትም አገልጋዮች ሊያጽናኑት ወደ ሐናን ወደ አሞን ልጆች ምድር መጡ።
cb53bbc8-919c-5d44-a61d-0952ed1c4a29,31f2105c-5b3d-5d8f-a1e1-e2a3e78ac4bb,b1ab25a0-de51-542c-a1cf-3bea196509c1,3,3,የአሞን ልጆች አለቆች ግን ሐናንን፥ “ዳዊት የሚያጽናኑህን ወደ አንተ የላከ አባትህን በማክበር ነውን? አገልጋዮቹስ ከተማዪቱን ለመመርመርና ሀገሪቱንም ለመሰለል ወደ አንተ የመጡ አይደሉምን?” አሉት።
5b4aeaac-53fa-5457-a0cb-8ced15bf7437,31f2105c-5b3d-5d8f-a1e1-e2a3e78ac4bb,b1ab25a0-de51-542c-a1cf-3bea196509c1,4,4,ሐናንም የዳዊትን አገልጋዮች ወስዶ የጢማቸውን ግማሽ አስላጫቸው፤ ልብሳቸውንም እስከ ወገባቸው ድረስ ለሁለት ቀድዶ ሰደዳቸው።
25a63f03-bcb6-5167-aafe-cac856533e10,31f2105c-5b3d-5d8f-a1e1-e2a3e78ac4bb,b1ab25a0-de51-542c-a1cf-3bea196509c1,5,5,ሰዎችም ሄደው በሰዎቹ ላይ የተደረገውን ለዳዊት አስታወቁት። ሰዎቹም በብዙ አፍረዋልና ይቀበሏቸው ዘንድ ሰዎችን ላኩ፤ ንጉሡም፥ “ጢማችሁ እስኪያድግ ድረስ በኢያሪኮ ተቀመጡ፥ ከዚያም በኋላ ተመለሱ” አለ።
c9c7243d-a4a2-59f3-a6e5-b271098acb87,31f2105c-5b3d-5d8f-a1e1-e2a3e78ac4bb,b1ab25a0-de51-542c-a1cf-3bea196509c1,6,6,የአሞንም ልጆች የዳዊት ሰዎች እንዳፈሩ ባዩ ጊዜ ሐናን የአሞን ልጆች ንጉሥ ከሶርያ መስጴጦምያ፥ ከሶርያ ሞዓካ፥ ከሱባም ሰረገሎችንና ፈረሰኞችን ይቀጥሩ ዘንድ አንድ ሺህ መክሊት ብር ላከ።
08d7efac-641b-57cc-ae58-2fa6faaa2d61,31f2105c-5b3d-5d8f-a1e1-e2a3e78ac4bb,b1ab25a0-de51-542c-a1cf-3bea196509c1,7,7,ሠላሳ ሁለትም ሺህ ሰረገሎችን የሞዓካን ንጉሥና ሕዝቡንም ቀጠሩ፤ መጥተውም በሜድባ ፊት ለፊት ሰፈሩ። የአሞንም ልጆች ከየከተሞቻቸው ተሰብስበው ወደ ሰልፍ መጡ።
339ba3ca-9643-5da1-a8ca-766503555603,31f2105c-5b3d-5d8f-a1e1-e2a3e78ac4bb,b1ab25a0-de51-542c-a1cf-3bea196509c1,8,8,ዳዊትም ይህን በሰማ ጊዜ ኢዮአብንና የኀያላኑን ሠራዊት ሁሉ ላከ።
801d0540-4ce6-5bca-a4ce-93f9835cc77d,31f2105c-5b3d-5d8f-a1e1-e2a3e78ac4bb,b1ab25a0-de51-542c-a1cf-3bea196509c1,9,9,የአሞንም ልጆች ወጥተው በከተማዪቱ በር አጠገብ ተሰለፉ፤ የመጡትም ነገሥታት ለብቻቸው በሜዳው ላይ ሰፈሩ።
bb390bd4-b662-5a38-a843-8557dc5d1ce1,31f2105c-5b3d-5d8f-a1e1-e2a3e78ac4bb,b1ab25a0-de51-542c-a1cf-3bea196509c1,10,10,ኢዮአብም በፊቱና በኋላው ሰልፍ እንደ ከበበው ባየ ጊዜ ከእስራኤል ጐልማሶችን መረጠ፤ እነርሱም ከሶርያውያን ጋር ተዋጉ።
b49de3ef-4bff-5e66-ab34-dd18c09ddb2f,31f2105c-5b3d-5d8f-a1e1-e2a3e78ac4bb,b1ab25a0-de51-542c-a1cf-3bea196509c1,11,11,የቀረውንም ሕዝብ ለወንድሙ ለአቢሳ ሰጠው፤ እነርሱም በአሞን ልጆች ላይ ተሰለፉ።
bff5502a-4ea1-5d24-a738-51a441002776,31f2105c-5b3d-5d8f-a1e1-e2a3e78ac4bb,b1ab25a0-de51-542c-a1cf-3bea196509c1,12,12,ኢዮአብም፥ “ሶርያውያን ቢበረቱብኝ ርዳኝ፤ የአሞንም ልጆች ቢበረቱብህ እረዳሃለሁ።
03f17441-fb29-5700-ad1f-486cf81576e6,31f2105c-5b3d-5d8f-a1e1-e2a3e78ac4bb,b1ab25a0-de51-542c-a1cf-3bea196509c1,13,13,አይዞህ፥ በርታ፤ ስለ ሕዝባችንና ስለ አምላካችንም ከተሞች እንበርታ፤ እግዚአብሔርም በፊቱ ደስ ያሰኘውን ያድርግ” አለ።
e5f5a5de-9089-5722-a150-f1f81a1d4acd,31f2105c-5b3d-5d8f-a1e1-e2a3e78ac4bb,b1ab25a0-de51-542c-a1cf-3bea196509c1,14,14,ኢዮአብና ከእርሱም ጋር የነበረው ሕዝብ ከሶርያውያን ጋር ተዋጉ፤ እነርሱም ከፊታቸው ሸሹ።
c67b4030-b317-561f-af90-7dd85edb754b,31f2105c-5b3d-5d8f-a1e1-e2a3e78ac4bb,b1ab25a0-de51-542c-a1cf-3bea196509c1,15,15,የአሞንም ልጆች ሶርያውያን ከኢዮአብ ፊት እንደ ሸሹ ባዩ ጊዜ እነርሱ ደግሞ ከወንድሙ ከአቢሳ ፊት ሸሹ፤ ወደ ከተማዪቱም ገቡ። ኢዮአብም ወደ ኢየሩሳሌም መጣ።
e0258843-f77b-559e-a006-567f99822403,31f2105c-5b3d-5d8f-a1e1-e2a3e78ac4bb,b1ab25a0-de51-542c-a1cf-3bea196509c1,16,16,ሶርያውያንም እስራኤል ድል እንዳደረጓቸው ባዩ ጊዜ መልእክተኞችን ልከው በወንዝ ማዶ የነበሩትን ሶርያውያን አስመጡ፤ የአድርአዛርም ሠራዊት አለቃ ሶፋክ በፊታቸው ነበረ።
9786f0d9-2024-57d7-a882-74cbe22c58f9,31f2105c-5b3d-5d8f-a1e1-e2a3e78ac4bb,b1ab25a0-de51-542c-a1cf-3bea196509c1,17,17,ዳዊትም በተነገረው ጊዜ እስራኤልን ሁሉ ሰበሰበ፤ ዮርዳኖስንም ተሻግሮ መጣባቸው፥ ከእነርሱም ጋር ተዋጋ፤ ዳዊትም ከሶርያውያን ጋር ተዋጋ፥ እነርሱም ከእርሱ ጋር ተዋጉ።
5fa2da5b-6e5c-5403-a6da-10bf5682c36c,31f2105c-5b3d-5d8f-a1e1-e2a3e78ac4bb,b1ab25a0-de51-542c-a1cf-3bea196509c1,18,18,ሶርያውያንም ከዳዊት ፊት ሸሹ፤ ዳዊትም ከሶርያውያን ሰባት ሺህ ሰረገለኞችን፥ አርባ ሺህም እግረኞችን ገደለ፥ የሠራዊቱንም አለቃ ሶፋክን ገደለ።
6ee84ef2-d1d5-5f8e-ae16-a52cf3e6c037,31f2105c-5b3d-5d8f-a1e1-e2a3e78ac4bb,b1ab25a0-de51-542c-a1cf-3bea196509c1,19,19,የአድርአዛርም አገልጋዮች በእስራኤል ፊት እንደ ተሸነፉ ባዩ ጊዜ ከዳዊት ጋር ታረቁ፤ ተገዙለትም፤ ሶርያውያንም ከዚያ ወዲያ የአሞንን ልጆች ይረዱ ዘንድ እንቢ አሉ።
6d57d8b4-c86f-593b-a41f-f24bb3af2c7a,1e5ba6f8-149c-5c4f-aa92-63d9ef3d8f9f,d7fad515-0013-55d9-a96f-695bf0c87c08,1,1,እንዲህም ሆነ፤ በዓመት መጨረሻ ነገሥታት ወደ ሰልፍ በሚወጡበት ጊዜ ኢዮአብ የሠራዊቱን ኀይል አወጣ፤ የአሞንንም ልጆች ሀገር አጠፋ፤ መጥቶም አራቦትን ከበበ። ዳዊትም በኢየሩሳሌም ተቀምጦ ነበር። ኢዮአብም አራቦትን መትቶ አፈረሳት።
24475831-c6a1-57bd-a37e-a6f071a303ce,1e5ba6f8-149c-5c4f-aa92-63d9ef3d8f9f,d7fad515-0013-55d9-a96f-695bf0c87c08,2,2,ዳዊትም የንጉሣቸውን የሞልኮልን ዘውድ ከራሱ ላይ ወሰደ፤ ክብደቱም አንድ መክሊት ወርቅ ያህል ሆኖ ተገኘ፤ ክቡር ዕንቍም ነበረበት፤ በዳዊትም ራስ ላይ አስቀመጡት፤ ከከተማዪቱም እጅግ ብዙ ምርኮ ወሰደ።
9be14b2b-ce6a-5417-a011-dcec1e6649fe,1e5ba6f8-149c-5c4f-aa92-63d9ef3d8f9f,d7fad515-0013-55d9-a96f-695bf0c87c08,3,3,በውስጥዋም የነበሩትን ሕዝብ አውጥተው በመጋዝ ተረተሩአቸው፤ በመጥረቢያም ቈራረጡአቸው። ዳዊትም በአሞን ልጆች ከተሞች ሁሉ እንዲሁ አደረገ። ዳዊትም ሕዝቡም ሁሉ ወደ ኢየሩሳሌም ተመለሱ።
72eb7963-16c0-554c-ab1a-c4212963a7ce,1e5ba6f8-149c-5c4f-aa92-63d9ef3d8f9f,d7fad515-0013-55d9-a96f-695bf0c87c08,4,4,ከዚህም በኋላ በጋዜር ላይ ከፍልስጥኤማውያን ጋር ጦርነት እንደ ገና ሆነ፤ ያንጊዜም ኡሳታዊው ሴቦቃይ ከኀያላን ወገን የነበረውን ሲፋይን ገድሎ ጣለው።
3826a69e-e9d4-576f-a624-16793e54255f,1e5ba6f8-149c-5c4f-aa92-63d9ef3d8f9f,d7fad515-0013-55d9-a96f-695bf0c87c08,5,5,ደግሞም ከፍልስጥኤማውያን ጋር ሰልፍ ነበረ፤ የያዔርም ልጅ ኤልያናን የጌት ሰው የጎልያድን ወንድም ለሕሜን ገደለ። የጦሩ የቦም እንደ ሸማኔ መጠቅለያ ሆኖ ተገኘ።
3dff54a6-b15d-5e71-af27-e9da99d27abb,1e5ba6f8-149c-5c4f-aa92-63d9ef3d8f9f,d7fad515-0013-55d9-a96f-695bf0c87c08,6,6,ደግሞ በጌት ላይ ሰልፍ ሆነ ፤ በዚያም በእጁና በእግሩ ስድስት ስድስት ጣቶች በጠቅላላው ሃያ አራት ጣቶች ያሉት አንድ ረዥም ሰው ነበረ፤ እርሱም ደግሞ ከኀያላን የተወለደ ነበረ።
b5c0c8e9-b4c8-5450-a8f8-b1d0cf9b0147,1e5ba6f8-149c-5c4f-aa92-63d9ef3d8f9f,d7fad515-0013-55d9-a96f-695bf0c87c08,7,7,እስራኤልንም በተገዳደረ ጊዜ የዳዊት ወንድም የሳምዓ ልጅ ዮናታን ገደለው።
99a03fdd-a172-50a9-afaf-b54f27d6eecc,1e5ba6f8-149c-5c4f-aa92-63d9ef3d8f9f,d7fad515-0013-55d9-a96f-695bf0c87c08,8,8,እነዚህም በጌት ውስጥ ከኀያላን የተወለዱ ነበሩ፤ እነርሱም አራት ኀያላን ነበሩ፤ በዳዊትም እጅ በአገልጋዮቹም እጅ ወደቁ።
6c71c3cd-ee1a-5b70-a222-545585ff17f8,7fbd6bf0-cae0-5505-aa11-6003e2d6b76c,337bb204-471d-5c93-a3e9-218202aa9ad8,1,1,ያንጊዜም ሰይጣን በእስራኤል ላይ ተነሣ፤ እስራኤልንም ይቈጥር ዘንድ ዳዊትን አነሣሣው።
4cb92802-dcdd-508c-a104-3ff767332d49,7fbd6bf0-cae0-5505-aa11-6003e2d6b76c,337bb204-471d-5c93-a3e9-218202aa9ad8,2,2,ዳዊትም ኢዮአብንና የሕዝቡን አለቆች ሁሉ፥ “ሂዱ፥ ከቤርሳቤህ ጀምሮ እስከ ዳን ድረስ እስራኤልን ቍጠሩ፤ ድምራቸውንም አውቅ ዘንድ አስታውቁኝ” አላቸው።
8d439734-a45a-5c9e-a038-cb882628f693,7fbd6bf0-cae0-5505-aa11-6003e2d6b76c,337bb204-471d-5c93-a3e9-218202aa9ad8,3,3,ኢዮአብም፥ “እግዚአብሔር በሕዝቡ ላይ አሁን ባለበት መቶ እጥፍ ይጨምር፤ የጌታዬ የንጉሥ ዐይኖችም ይዩ፤ ሁሉም የጌታዬ አገልጋዮች ናቸው፤ በእስራኤል ላይ በደል ይሆን ዘንድ ይህን ነገር ጌታዬ ለምን ይሻል?” አለ።
d40cffa6-8a56-5910-afda-3a7e031cafd6,7fbd6bf0-cae0-5505-aa11-6003e2d6b76c,337bb204-471d-5c93-a3e9-218202aa9ad8,4,4,ነገር ግን የንጉሡ ቃል በኢዮአብ ላይ አሸነፈ፤ ኢዮአብም ወጥቶ በእስራኤል ሁሉ ላይ ተዘዋወረ፤ ወደ ኢየሩሳሌምም መጣ።
dc1df617-5878-56a0-a5d0-1a43e7200b79,7fbd6bf0-cae0-5505-aa11-6003e2d6b76c,337bb204-471d-5c93-a3e9-218202aa9ad8,5,5,ኢዮአብም የቈጠራቸውን የሕዝቡን ድምር ለዳዊት ሰጠ፤ ከእስራኤልም ሁሉ አንድ ሚሊዮን አንድ መቶ ሺህ ሰይፍ የሚመዝዙ ሰዎች ተገኙ፤ ከይሁዳም አራት መቶ ሰባ ሺህ ሰይፍ የሚመዝዙ ሰዎች ተገኙ።
a8106c60-d53c-5a9b-a303-b0c5dea12c26,7fbd6bf0-cae0-5505-aa11-6003e2d6b76c,337bb204-471d-5c93-a3e9-218202aa9ad8,6,6,የንጉሡ ትእዛዝ ግን በኢዮአብ ዘንድ የተጠላ ነበረና ሌዊና ብንያም ከእነርሱ ጋር አልተቈጠሩም።
c8b6f130-953e-5310-a58f-02ea9ee82614,7fbd6bf0-cae0-5505-aa11-6003e2d6b76c,337bb204-471d-5c93-a3e9-218202aa9ad8,7,7,ይህም ነገር በእግዚአብሔር ፊት ክፉ ሆነ፤ በእስራኤልም ላይ መቅሠፍትን አመጣ።
251212c9-54de-578f-ab41-ff9769e2c2b7,7fbd6bf0-cae0-5505-aa11-6003e2d6b76c,337bb204-471d-5c93-a3e9-218202aa9ad8,8,8,ዳዊትም እግዚአብሔርን፥ “ይህን በማድረግ እጅግ በድያለሁ፤ አሁንም ታላቅ ስንፍና አድርጌአለሁና የባሪያህን ኀጢአት ታስወግድ ዘንድ እለምንሃለሁ” አለው።
9ffda5dc-24dc-5080-a98e-f265681507a9,7fbd6bf0-cae0-5505-aa11-6003e2d6b76c,337bb204-471d-5c93-a3e9-218202aa9ad8,9,9,እግዚአብሔርም ለነቢዩ ለጋድ እንዲህ አለው፦
52af108f-8595-56f0-aaaa-6c181554e424,7fbd6bf0-cae0-5505-aa11-6003e2d6b76c,337bb204-471d-5c93-a3e9-218202aa9ad8,10,10,“ሂድ፥ ለዳዊት፦ እግዚአብሔር እንዲህ ይላል፦ ሦስቱን ነገሮች በፊትህ አኖራለሁ፤ አደርግብህ ዘንድ ከእነርሱ አንዱን ምረጥ ብለህ ንገረው።”
2f3bdcb7-78fb-5f8f-ac2c-c66d0771da95,7fbd6bf0-cae0-5505-aa11-6003e2d6b76c,337bb204-471d-5c93-a3e9-218202aa9ad8,11,11,ጋድም ወደ ዳዊት መጥቶ፥ “እግዚአብሔር እንዲህ ይላል፦ የምትወድደውን ምረጥ።
7ba2b8c7-f891-5915-ad3a-a362cca72669,7fbd6bf0-cae0-5505-aa11-6003e2d6b76c,337bb204-471d-5c93-a3e9-218202aa9ad8,12,12,የሦስት ዓመት ራብ፥ ወይም ሦስት ወር የጠላቶችህ ሰይፍ እንዲያገኝህ ከጠላቶችህ መሰደድን፥ ወይም ሦስት ቀን የእግዚአብሔር ሰይፍ፥ ቸነፈርም በምድር ላይ መሆንን፥ የእግዚአብሔርም መልአክ በእስራኤል ምድር ሁሉ ማጥፋትን ምረጥ፤ አሁንም ለላከኝ ምን እንደምመልስ አስረዳኝ” አለው።
8ffa0392-fe74-5e6b-ae73-3d63fa930606,7fbd6bf0-cae0-5505-aa11-6003e2d6b76c,337bb204-471d-5c93-a3e9-218202aa9ad8,13,13,ዳዊትም ጋድን፥ “እነዚህ ሦስት ነገሮች እጅግ ይከብዱኛል፥ እጅግም ተጨንቄአለሁ፤ አሁንም ምሕረቱ ብዙ ነውና በእግዚአብሔር እጅ መውደቅ ይሻለኛል፤ በሰው እጅ ግን አልውደቅ” አለው።
1459a493-2018-586d-aca4-d1c79bc5dc34,7fbd6bf0-cae0-5505-aa11-6003e2d6b76c,337bb204-471d-5c93-a3e9-218202aa9ad8,14,14,እግዚአብሔርም በእስራኤል ላይ ቸነፈርን ሰደደ፤ ከእስራኤልም ሰባ ሺህ ሰዎች ወደቁ።
83281120-4998-5231-a6d8-78f96559a6d0,7fbd6bf0-cae0-5505-aa11-6003e2d6b76c,337bb204-471d-5c93-a3e9-218202aa9ad8,15,15,እግዚአብሔርም ያጠፋት ዘንድ ወደ ኢየሩሳሌም መልአክን ሰደደ፤ ሊያጠፋትም በቀረበ ጊዜ እግዚአብሔር አይቶ ከመቅሠፍቱ ይቅር አለ፤ የሚያጠፋውንም መልአክ፥ “በቃህ፤ አሁን እጅህን መልስ” አለው። የእግዚአብሔርም መልአክ በኢያቡሳዊው በኦርና አውድማ አጠገብ ቆሞ ነበር።
843743e3-54ee-53af-ad2e-c3297947c7ac,7fbd6bf0-cae0-5505-aa11-6003e2d6b76c,337bb204-471d-5c93-a3e9-218202aa9ad8,16,16,ዳዊትም ዐይኖቹን አነሣ፤ የእግዚአብሔርም መልአክ በምድርና በሰማይ መካከል ቆሞ፥ የተመዘዘም ሰይፍ በእጁ ሆኖ ወደ ኢየሩሳሌም ተዘርግቶ አየ። ዳዊትና ሽማግሌዎቹም ማቅ ለብሰው በግንባራቸው ተደፉ።
47ed62ce-3496-5591-ac1f-c6b045a2e4ef,7fbd6bf0-cae0-5505-aa11-6003e2d6b76c,337bb204-471d-5c93-a3e9-218202aa9ad8,17,17,ዳዊትም እግዚአብሔርን፥ “ሕዝቡ ይቈጠር ዘንድ ያዘዝሁ እኔ አይደለሁምን? የበደልሁና ክፉ የሠራሁ እኔ ነኝ፤ እነዚህ በጎች ግን ምን አድርገዋል? አቤቱ አምላኬ ሆይ፥ እጅህ በእኔና በአባቴ ቤት ላይ ትሁን፤ ነገር ግን አቤቱ በሕዝብህ ላይ ለጥፋት አትሁን” አለው።
6c64f57a-ce9d-5588-a651-9a20be2461d0,7fbd6bf0-cae0-5505-aa11-6003e2d6b76c,337bb204-471d-5c93-a3e9-218202aa9ad8,18,18,የእግዚአብሔርም መልአክ ዳዊት ወጥቶ በኢያቡሳዊው በኦርና አውድማ ላይ ለእግዚአብሔር መሠዊያ ይሠራ ዘንድ ለዳዊት እንዲነግረው ጋድን አዘዘው።
219ff52b-4fe4-53d0-a9b4-9fa0c9e8a6d1,7fbd6bf0-cae0-5505-aa11-6003e2d6b76c,337bb204-471d-5c93-a3e9-218202aa9ad8,19,19,ዳዊትም በእግዚአብሔር ስም እንደ ተናገረው እንደ ጋድ ነገር ወጣ።
fa4e7125-fea8-5e67-a505-6bc3b278a5b1,7fbd6bf0-cae0-5505-aa11-6003e2d6b76c,337bb204-471d-5c93-a3e9-218202aa9ad8,20,20,ኦርናም ዘወር ብሎ ንጉሡ ዳዊትን፥ ከእርሱም ጋር ተሸሽገው የነበሩ አራቱን ብላቴኖቹን አየ። ኦርናም ስንዴ ያበራይ ነበር።
b48953d4-cb83-59e9-a00b-d6e63fe152c1,7fbd6bf0-cae0-5505-aa11-6003e2d6b76c,337bb204-471d-5c93-a3e9-218202aa9ad8,21,21,ዳዊትም ወደ ኦርና መጣ፤ ኦርናም ከአውድማው ወጥቶ ዳዊትን ተቀበለው። በምድርም ላይ ወድቆ ሰገደለት።
1b6649f5-8866-5646-ab3a-15efb66059b9,7fbd6bf0-cae0-5505-aa11-6003e2d6b76c,337bb204-471d-5c93-a3e9-218202aa9ad8,22,22,ዳዊትም ኦርናን፥ “በላዩ ለእግዚአብሔር መሠዊያ እሠራ ዘንድ ይህን የአውድማ ስፍራ ስጠኝ፤ በሙሉ ዋጋ ሽጥልኝ፤ መቅሠፍቱም ከሕዝቤ ይከለከላል” አለው።
5db69397-d2f4-530d-ad48-444ee34a73ef,7fbd6bf0-cae0-5505-aa11-6003e2d6b76c,337bb204-471d-5c93-a3e9-218202aa9ad8,23,23,ኦርናም ዳዊትን፥ “ለአንተ ውሰደው፤ ጌታዬ ንጉሡም በፊቱ ደስ የሚያሰኘውን ያድርግ፤ እነሆ፥ ለሚቃጠለው መሥዋዕት በሬዎቹን፥ ለእንጨትም የአውድማውን ዕቃ፥ ለእህልም ቍርባን ስንዴውን እሰጥሀለሁ፥ ሁሉን እሰጣለሁ” አለው።
e6beb05b-3b3d-5b91-aedd-3b69a310f10f,7fbd6bf0-cae0-5505-aa11-6003e2d6b76c,337bb204-471d-5c93-a3e9-218202aa9ad8,24,24,ንጉሡም ዳዊት ኦርናን፥ “አይደለም፥ ነገር ግን ለአንተ ያለውን ለእግዚአብሔር አምጥቼ የሚቃጠል መሥዋዕት በከንቱ አላቀርብምና በተገቢው ዋጋ እገዛዋለሁ” አለው።
d37cd13c-d927-5171-a38f-b30e467cf550,7fbd6bf0-cae0-5505-aa11-6003e2d6b76c,337bb204-471d-5c93-a3e9-218202aa9ad8,25,25,ዳዊትም ስለ ስፍራው ስድስት መቶ ሰቅል ወርቅ በሚዛን ለኦርና ሰጠው።
6316a7e6-d25a-5e7a-a5bb-d372b6e3c74f,7fbd6bf0-cae0-5505-aa11-6003e2d6b76c,337bb204-471d-5c93-a3e9-218202aa9ad8,26,26,ዳዊትም በዚያ ለእግዚአብሔር መሠዊያ ሠራ፤ የሚቃጠለውን መሥዋዕትና የደኅንነቱንም መሥዋዕት አቀረበ፤ እግዚአብሔርንም ጠራ፤ ከሰማይም ለሚቃጠለው መሥዋዕት በሚሆነው መሠዊያ ላይ በእሳት መለሰለት፤ እሳቱም የሚቃጠለውን መሥዋዕት በላ።
e9a1011e-71c1-5201-a7aa-28fea9b69289,7fbd6bf0-cae0-5505-aa11-6003e2d6b76c,337bb204-471d-5c93-a3e9-218202aa9ad8,27,27,እግዚአብሔርም መልአኩን አዘዘው፤ ሰይፉንም በአፎቱ ከተተው።
8cb90347-53e6-5b9f-afd0-9e24b9d1d9ed,7fbd6bf0-cae0-5505-aa11-6003e2d6b76c,337bb204-471d-5c93-a3e9-218202aa9ad8,28,28,በዚያም ጊዜ እግዚአብሔር በኢያቡሳዊው በኦርና አውድማ እንደ ሰማው ዳዊት ባየ ጊዜ፥ በዚያ መሥዋዕትን ሠዋ።
e821f7e8-25f0-5b73-a989-6b4e09a7da4b,7fbd6bf0-cae0-5505-aa11-6003e2d6b76c,337bb204-471d-5c93-a3e9-218202aa9ad8,29,29,ሙሴም በምድረ በዳ የሠራት የእግዚአብሔር ማደሪያና ለሚቃጠል መሥዋዕት የሚሆነው መሠዊያ በዚያን ጊዜ በገባዖን ባለው በኮረብታው መስገጃ ነበሩ።
76517e6c-3d36-5994-a769-1ca669fc7fab,7fbd6bf0-cae0-5505-aa11-6003e2d6b76c,337bb204-471d-5c93-a3e9-218202aa9ad8,30,30,ዳዊት ግን ከእግዚአብሔር መልአክ ሰይፍ የተነሣ ስለ ፈራ እግዚአብሔርን ለመጠየቅ ወደዚያ ይሄድ ዘንድ አልቻለም።
fd2df77d-bba2-503e-a45b-c79093aaa8fd,c6ac2fc6-038f-519b-a722-d4ea5b0c8657,55a29a1c-9f6c-50d9-a64d-fe0ccafe4ce9,1,1,ዳዊትም፥ “ይህ የአምላኬ የእግዚአብሔር ቤት ነው፤ ይህም ለእስራኤል ለሚቃጠል መሥዋዕት የሚሆነው መሠዊያ ነው” አለ።
8310ffda-50f3-576f-aa5c-c896a7034534,c6ac2fc6-038f-519b-a722-d4ea5b0c8657,55a29a1c-9f6c-50d9-a64d-fe0ccafe4ce9,2,2,ዳዊትም በእስራኤል ምድር የነበሩትን መጻተኞች ይሰበስቡ ዘንድ አዘዘ፤ የእግዚአብሔርንም ቤት ለመሥራት የሚወቀሩትን ድንጋዮች ይወቅሩ ዘንድ ጠራቢዎችን አኖረ።
0bd73b41-5f50-564c-a6a1-84c70dddfca6,c6ac2fc6-038f-519b-a722-d4ea5b0c8657,55a29a1c-9f6c-50d9-a64d-fe0ccafe4ce9,3,3,ዳዊትም ለበሮቹ ሳንቃ ለሚሆኑ ለምስማርና ለመጠረቂያ ብዙ ብረት፥ ከብዛቱም የተነሣ የማይመዘን ናስ አዘጋጀ።
ba45b342-a5d9-542d-ae60-cc35a036dcac,c6ac2fc6-038f-519b-a722-d4ea5b0c8657,55a29a1c-9f6c-50d9-a64d-fe0ccafe4ce9,4,4,ሲዶናውያንና የጢሮስ ሰዎችም ብዙ የዝግባ እንጨት ለዳዊት ያመጡ ነበርና ቍጥር የሌላቸውን የዝግባ እንጨቶች አዘጋጀ።
2aeba3c1-7dc4-5061-a879-9af85aee1d62,c6ac2fc6-038f-519b-a722-d4ea5b0c8657,55a29a1c-9f6c-50d9-a64d-fe0ccafe4ce9,5,5,ዳዊትም፥ “ልጄ ሰሎሞን ታናሽና ለጋ ብላቴና ነው፤ ለእግዚአብሔርም የሚሠራው ቤት እጅግ ማለፊያና በሀገሩ ሁሉ ስሙና ክብሩ እንዲጠራ ይሆን ዘንድ ይገባል፤ ስለዚህ አዘጋጅለታለሁ” አለ። ዳዊትም ሳይሞት አስቀድሞ ብዙ አዘጋጀ።
57a6ecdc-0ea0-5613-a6b7-7da919bba3e1,c6ac2fc6-038f-519b-a722-d4ea5b0c8657,55a29a1c-9f6c-50d9-a64d-fe0ccafe4ce9,6,6,ልጁንም ሰሎሞንን ጠርቶ ለእስራኤል አምላክ ለእግዚአብሔር ስም ቤት ይሠራ ዘንድ አዘዘው።
4b192dc3-617a-5937-aa95-6c579d3e8f49,c6ac2fc6-038f-519b-a722-d4ea5b0c8657,55a29a1c-9f6c-50d9-a64d-fe0ccafe4ce9,7,7,ዳዊትም ሰሎሞንን እንዲህ አለው፥ “ልጄ ሆይ፥ እኔ ለእስራኤል አምላክ ለእግዚአብሔር ስም ቤት እሠራ ዘንድ በልቤ አስቤ ነበር።
f6ed80e1-12fe-51e0-a495-c5cbff9cb746,c6ac2fc6-038f-519b-a722-d4ea5b0c8657,55a29a1c-9f6c-50d9-a64d-fe0ccafe4ce9,8,8,ነገር ግን የእግዚአብሔር ቃል እንዲህ ሲል ወደ እኔ መጣ፦ እጅግ ብዙ ደም አፍስሰሃል፤ ታላቅም ሰልፍ አድርገሃል፤ በፊቴም በምድር ላይ ብዙ ደም አፍስሰሃልና ለስሜ ቤት አትሠራም።
8c5b22ec-169c-5fe8-a14b-6e865334058e,c6ac2fc6-038f-519b-a722-d4ea5b0c8657,55a29a1c-9f6c-50d9-a64d-fe0ccafe4ce9,9,9,እነሆ፥ ልጅ ይወለድልሃል፤ የዕረፍት ሰውም ይሆናል፤ በዙሪያውም ካሉ ከጠላቶቹ ሁሉ አሳርፈዋለሁ፤ ስሙ ሰሎሞን ይባላልና፥ በዘመኑም ሰላምንና ጸጥታን ለእስራኤል እሰጣለሁ።
75576abd-7379-5712-ae2c-eebbd3ee9756,c6ac2fc6-038f-519b-a722-d4ea5b0c8657,55a29a1c-9f6c-50d9-a64d-fe0ccafe4ce9,10,10,እርሱ ለስሜ ቤት ይሠራል፤ ልጅም ይሆነኛል፤ እኔም አባት እሆነዋለሁ፤ የመንግሥቱንም ዙፋን በእስራኤል ላይ ለዘለዓለም አጸናለሁ።
1b7701d0-f6d2-5884-a342-38c318b4c269,c6ac2fc6-038f-519b-a722-d4ea5b0c8657,55a29a1c-9f6c-50d9-a64d-fe0ccafe4ce9,11,11,አሁንም ልጄ ሆይ፥ እግዚአብሔር ከአንተ ጋር ይሁን፤ ስለ አንተም እንደ ተናገረው ያከናውንልህ፤ የአምላክህንም የእግዚአብሔርን ቤት ሥራ።
27b80f56-2f94-5d66-ac5f-cb565513b115,c6ac2fc6-038f-519b-a722-d4ea5b0c8657,55a29a1c-9f6c-50d9-a64d-fe0ccafe4ce9,12,12,ብቻ የአምላክህን የእግዚአብሔርን ሕግ ትጠብቅና ታደርግ ዘንድ እግዚአብሔር ጥበብንና ማስተዋልን ይስጥህ፤ መንግሥትህንም በእስራኤል ላይ ያጽና።
41da7a6a-1ce8-5940-a83c-b86bf39d61f1,c6ac2fc6-038f-519b-a722-d4ea5b0c8657,55a29a1c-9f6c-50d9-a64d-fe0ccafe4ce9,13,13,እግዚአብሔር ስለ እስራኤል ሙሴን ያዘዘውን ሥርዐትና ፍርድ ትጠብቅና ታደርግ ዘንድ ብትጠነቀቅ በዚያን ጊዜ ይከናወንልሃል፤ አይዞህ፥ በርታ፤ አትፍራ፤ አትደንግጥም።
50cdd9c2-8ea4-52cd-aee7-e66218eddb4a,c6ac2fc6-038f-519b-a722-d4ea5b0c8657,55a29a1c-9f6c-50d9-a64d-fe0ccafe4ce9,14,14,አሁንም፥ እነሆ፥ በድህነቴ ለእግዚአብሔር ቤት መቶ ሺህ መክሊት ወርቅና አንድ ሚሊዮን መክሊት ብር፥ ሚዛንም የሌላቸው ብዙ ናስና ብረት አዘጋጅቻለሁ፤ ደግሞም የማይቈጠር ብዙ የዝግባ እንጨትና ድንጋዮች አዘጋጅቻለሁ፤ አንተም ልጄ ከዚያ በላይ ጨምር።
13155bf2-672f-5631-a992-435af83f0f95,c6ac2fc6-038f-519b-a722-d4ea5b0c8657,55a29a1c-9f6c-50d9-a64d-fe0ccafe4ce9,15,15,አንተም ብዙ ሠራተኞችን፥ ድንጋይና እንጨት ወቃሪዎችንና ጠራቢዎችን፥ ሥራውንም ሁሉ ለማድረግ ጠቢባን ሰዎችን አብዝተህ ጨምር።
fc02ca83-6e2e-5fb3-acf8-0947f4d59708,c6ac2fc6-038f-519b-a722-d4ea5b0c8657,55a29a1c-9f6c-50d9-a64d-fe0ccafe4ce9,16,16,ቍጥር በሌለው በወርቅና ብር፥ በናስና ብረት ተነሥተህ ሥራ፤ እግዚአብሔርም ከአንተ ጋር ይሁን።”
2aa62c27-6451-51f6-a8e0-b17af149d945,c6ac2fc6-038f-519b-a722-d4ea5b0c8657,55a29a1c-9f6c-50d9-a64d-fe0ccafe4ce9,17,17,ዳዊትም ደግሞ ልጁን ሰሎሞንን ይቀበሉትና ያግዙት ዘንድ የእስራኤልን አለቆች ሁሉ እንዲህ ሲል አዘዛቸው፦
6cd2b71a-06be-59d4-a8b5-4b4690466888,c6ac2fc6-038f-519b-a722-d4ea5b0c8657,55a29a1c-9f6c-50d9-a64d-fe0ccafe4ce9,18,18,“አምላካችሁ እግዚአብሔር ከእናንተ ጋር አይደለምን? በምድርም የሚቀመጡትን በእጃችሁ አሳልፎ ሰጥቶአልና፥ ምድርም በእግዚአብሔርና በሕዝቡ ፊት ተገዝታለችና በዙሪያችሁ ከአሉ ጠላቶቻችሁም ሁሉ ዕረፍትን ሰጥቶአችኋል።
a4e72ee6-e277-5954-aad5-6efd0f4a5b84,c6ac2fc6-038f-519b-a722-d4ea5b0c8657,55a29a1c-9f6c-50d9-a64d-fe0ccafe4ce9,19,19,አሁንም አምላካችሁን እግዚአብሔርን ትፈልጉ ዘንድ ልባችሁንና ነፍሳችሁን ስጡ፤ ለእግዚአብሔርም ስም ወደሚሠራው ቤት የእግዚአብሔርን የቃል ኪዳኑን ታቦትና የእግዚአብሔርን ንዋየ ቅድሳት ታመጡ ዘንድ ተነሥታችሁ የአምላክን የእግዚአብሔርን መቅደስ ሥሩ።”
501429bb-34b4-5bd8-a107-21fdea063438,df0da09a-5059-5ea5-a658-1637460ca06e,c38571ab-90c2-57f6-ac03-02e180c8e7dc,1,1,ዳዊትም በሸመገለ ጊዜ፥ ዕድሜንም በጠገበ ጊዜ ልጁን ሰሎሞንን በእርሱ ፋንታ በእስራኤል ላይ አነገሠው።
41f92ee6-f48a-5b15-a877-66a77ebdaf60,df0da09a-5059-5ea5-a658-1637460ca06e,c38571ab-90c2-57f6-ac03-02e180c8e7dc,2,2,የእስራኤልንም አለቆች ሁሉ፥ ካህናቱንም፥ ሌዋውያኑንም ሰበሰበ።
3cf30a35-50a2-51bf-a04c-9cdf46e5efaf,df0da09a-5059-5ea5-a658-1637460ca06e,c38571ab-90c2-57f6-ac03-02e180c8e7dc,3,3,ሌዋውያንም ከሠላሳ ዓመት ዕድሜ ጀምሮ ወደ ላይ ተቈጠሩ፤ ቍጥራቸውም በእያንዳንዱ ነፍስ ወከፍ ሲቈጠሩ ሠላሳ ስምንት ሺህ ነበረ።
195caee2-578c-518c-a2e1-50a4f08f472a,df0da09a-5059-5ea5-a658-1637460ca06e,c38571ab-90c2-57f6-ac03-02e180c8e7dc,4,4,ከእነዚህም ውስጥ የእግዚአብሔርን ቤት ሥራ የሚያሠሩት ሃያ አራት ሺህ ነበሩ፤ ስድስቱ ሺህም ጻፎችና ፈራጆች ነበሩ።
4d01f7ae-ce01-547d-ab06-bf7b256503a2,df0da09a-5059-5ea5-a658-1637460ca06e,c38571ab-90c2-57f6-ac03-02e180c8e7dc,5,5,አራቱ ሺህም በረኞች ነበሩ፤ አራቱ ሺህም ለምስጋና በተሠሩት በዜማ ዕቃዎች እግዚአብሔርን ያመሰግኑ ነበር።
fca52692-c22d-51eb-a941-468d85619326,df0da09a-5059-5ea5-a658-1637460ca06e,c38571ab-90c2-57f6-ac03-02e180c8e7dc,6,6,ዳዊትም እንደ ሌዊ ልጆች እንደ ጌድሶንና እንደ ቀዓት እንደ ሜራሪም በየሰሞናቸው መደባቸው።
f563761b-5d0e-5445-a5ce-854ce88857fd,df0da09a-5059-5ea5-a658-1637460ca06e,c38571ab-90c2-57f6-ac03-02e180c8e7dc,7,7,ከጌድሶናውያን ለአዳንና ሰሜኢ ነበሩ።
f59165c2-4fa5-50c5-a6e3-008744cc104c,df0da09a-5059-5ea5-a658-1637460ca06e,c38571ab-90c2-57f6-ac03-02e180c8e7dc,8,8,የለአዳን ልጆች አለቃው አድሔኤል፥ ዜቶም፥ ዮሔል ሦስት ነበሩ።
c6ea4749-c1b5-5fee-a270-93a75bc92e26,df0da09a-5059-5ea5-a658-1637460ca06e,c38571ab-90c2-57f6-ac03-02e180c8e7dc,9,9,የሰሜኢ ልጆች ሰሎሚት፥ ሐዝኤል፥ ሐራን ሦስት ነበሩ። እነዚህ የለያአዳን አባቶች ቤቶች አለቆች ነበሩ።
5d2b4d0e-2a42-53b2-a619-abe99a951096,df0da09a-5059-5ea5-a658-1637460ca06e,c38571ab-90c2-57f6-ac03-02e180c8e7dc,10,10,የሰሜኢ ልጆች ኤኢት፥ ዚዛ፥ ኢያአስ፥ በሪዓ ነበሩ። እነዚህ አራቱ የሰሜኢ ልጆች ነበሩ።
751838fb-f006-52f4-a2ff-afde8e3cee52,df0da09a-5059-5ea5-a658-1637460ca06e,c38571ab-90c2-57f6-ac03-02e180c8e7dc,11,11,አለቃው ኤኢት ነበረ፤ ሁለተኛው ዚዛ ነበረ፤ ኢያአስና በሪዓ ግን ብዙ ልጆች አልነበሩአቸውም፤ ስለዚህ እንደ አንድ አባት ቤት ሆነው ተቈጠሩ።
1ee52dcf-ce98-5caa-a81a-7b5d7d0f4fbe,df0da09a-5059-5ea5-a658-1637460ca06e,c38571ab-90c2-57f6-ac03-02e180c8e7dc,12,12,የቀዓት ልጆች እንበረም፥ ይስዓር፦ ኬብሮን፥ ዑዝኤል አራት ነበሩ።
c61cd92a-c46f-5e06-ac63-2dfcbc3f93b0,df0da09a-5059-5ea5-a658-1637460ca06e,c38571ab-90c2-57f6-ac03-02e180c8e7dc,13,13,የእንበረም ልጆች አሮንና ሙሴ ነበሩ፤ አሮንም ለቅድስተ ቅዱሳን የተቀደሰ ይሆን ዘንድ ተመረጠ፤ እርሱና ልጆቹ ለዘለዓለም በእግዚአብሔር ፊት ያጥኑና ያገለግሉ ነበር፤ በስሙም ለዘለዓለም ይባርኩ ነበር።
04b8de5b-a6ab-51bd-a061-71d3fc24b567,df0da09a-5059-5ea5-a658-1637460ca06e,c38571ab-90c2-57f6-ac03-02e180c8e7dc,14,14,የእግዚአብሔርም ሰው ሙሴና ልጆቹ በሌዊ ነገድ ተቈጠሩ።
c9ba3e32-7d2e-50cb-a2bd-c5b826cb77c6,df0da09a-5059-5ea5-a658-1637460ca06e,c38571ab-90c2-57f6-ac03-02e180c8e7dc,15,15,የሙሴ ልጆችም ጌርሳምና አልዓዛር ነበሩ።
3a5cfcc2-8877-52a4-a07e-712bacc34cea,df0da09a-5059-5ea5-a658-1637460ca06e,c38571ab-90c2-57f6-ac03-02e180c8e7dc,16,16,የጌርሳም ልጆች አለቃ ሱባኤል ነበረ።
e2e36a3a-078d-530d-a2f4-3e70e2b6b132,df0da09a-5059-5ea5-a658-1637460ca06e,c38571ab-90c2-57f6-ac03-02e180c8e7dc,17,17,የአልዓዛርም ልጆች አለቃ ረዓብያ ነበረ፤ አልዓዛርም ሌሎች ልጆች አልነበሩትም፤ የረዓብያ ልጆች እጅግ ብዙ ነበሩ።
72cdbdb0-4a26-5147-a7c7-12c55ca97de8,df0da09a-5059-5ea5-a658-1637460ca06e,c38571ab-90c2-57f6-ac03-02e180c8e7dc,18,18,የይስዓር ልጆች አለቃው ሰሎሚት ነበረ።
bc97c79f-2d42-5894-a699-243f8a0ec2c0,df0da09a-5059-5ea5-a658-1637460ca06e,c38571ab-90c2-57f6-ac03-02e180c8e7dc,19,19,የኬብሮን ልጆች አለቃው ኢያኤርያ፥ ሁለተኛው አማርያ፥ ሦስተኛው ኢያዝሔል፥ አራተኛው ኢያቄምያስ ነበሩ።
7756cd6b-d368-5d46-af4a-8e6c2bdf3017,df0da09a-5059-5ea5-a658-1637460ca06e,c38571ab-90c2-57f6-ac03-02e180c8e7dc,20,20,የዑዝኤል ልጆች አለቃው ሚካ፥ ሁለተኛው ይስያ ነበሩ።
36d3258b-35b4-530d-a263-36eb7cc5dde9,df0da09a-5059-5ea5-a658-1637460ca06e,c38571ab-90c2-57f6-ac03-02e180c8e7dc,21,21,የሜራሪ ልጆች ሞዓሊና ሐሙሲ ነበሩ። የሞዓሊ ልጆች አልዓዛርና ቂስ ነበሩ።
1f8ade53-810e-52de-abfd-bf087ee45228,df0da09a-5059-5ea5-a658-1637460ca06e,c38571ab-90c2-57f6-ac03-02e180c8e7dc,22,22,አልዓዛርም ሴቶች ልጆች ብቻ እንጂ ወንዶች ልጆች ሳይወልድ ሞተ፤ ወንድሞቻቸውም የቂስ ልጆች አገቡአቸው።
ac55422d-b4b1-54db-a181-4316aa17c7ef,df0da09a-5059-5ea5-a658-1637460ca06e,c38571ab-90c2-57f6-ac03-02e180c8e7dc,23,23,የሐሙሲ ልጆች፤ ሞዓሊ፥ አዴር፥ ኢያሪሞት ሦስት ነበሩ።
474fd90e-1d22-56ef-a0ac-0b033da61a49,df0da09a-5059-5ea5-a658-1637460ca06e,c38571ab-90c2-57f6-ac03-02e180c8e7dc,24,24,የእግዚአብሔርን ቤት አገልግሎት በሠሩ ከሃያ አምስት ዓመት ዕድሜ ጀምሮ ወደ ላይ በነበሩ በእያንዳንዳቸው በስማቸው በተቈጠሩት ላይ የአባቶች ቤት አለቆች የሆኑት በየአባቶቻቸው ቤት የሌዊ ልጆች እነዚህ ነበሩ።
f2075b57-e680-5c9e-a196-8680c5541c26,df0da09a-5059-5ea5-a658-1637460ca06e,c38571ab-90c2-57f6-ac03-02e180c8e7dc,25,25,ዳዊትም እንዲህ አለ፥ “የእስራኤል አምላክ እግዚአብሔር ለሕዝቡ ዕረፍት ሰጥቶአል፤ በኢየሩሳሌምም ለዘለዓለም ይቀመጣል።
dfbb9e1b-3cc7-5405-a29b-b588afd2a28d,df0da09a-5059-5ea5-a658-1637460ca06e,c38571ab-90c2-57f6-ac03-02e180c8e7dc,26,26,ሌዋውያንም ከእንግዲህ ወዲህ ማደሪያውንና የማገልገያ ዕቃውን ሁሉ አይሽከሙም።”
919e82a3-03e9-548b-aa19-df519b7af64a,df0da09a-5059-5ea5-a658-1637460ca06e,c38571ab-90c2-57f6-ac03-02e180c8e7dc,27,27,በመጨረሻውም በዳዊት ትእዛዝ ከሃያ አምስት ዓመት ዕድሜ ጀምሮ ከዚያም በላይ ያሉት የሌዊ ልጆች ተቈጠሩ።
10633738-cf3f-5f89-a1fa-819fefca5059,df0da09a-5059-5ea5-a658-1637460ca06e,c38571ab-90c2-57f6-ac03-02e180c8e7dc,28,28,የእግዚአብሔርንም ቤት በየአደባባዩና በየመጋረጃው ውስጥ ለማገልገል፥ ቅዱሱንም ዕቃ ሁሉ ለማንጻት፥ የእግዚአብሔርንም ቤት አገልግሎት ለመሥራት ከአሮን ልጆች እጅ በታች ሹሞአቸው ነበር።
6e6431d5-94d0-52df-ac36-01a6e56c2cc0,df0da09a-5059-5ea5-a658-1637460ca06e,c38571ab-90c2-57f6-ac03-02e180c8e7dc,29,29,ደግሞም ገጸ ኅብስት፥ ስስ ቂጣም ቢሆን፥ በምጣድም ቢጋገር፥ ቢለወስም ለእህል ቍርባን በሆነው በመልካሙ ዱቄት በመስፈሪያና በልክ ሁሉ ያገለግሉ ዘንድ ሹሞአቸው ነበር።
1fa4b75d-d294-579e-a1af-3beb225df4f7,df0da09a-5059-5ea5-a658-1637460ca06e,c38571ab-90c2-57f6-ac03-02e180c8e7dc,30,30,በየጥዋቱና በየማታው ቆመው እግዚአብሔርን ለማመስገንና ለማክበር፥
9f9b95a7-46f6-53be-a274-ee61444b962a,df0da09a-5059-5ea5-a658-1637460ca06e,c38571ab-90c2-57f6-ac03-02e180c8e7dc,31,31,በየሰንበታቱም፥ በየመባቻዎቹም፥ በየበዓላቱም እንደ ሥርዐቱ ቍጥር በእግዚአብሔር ፊት ዘወትር ለእግዚአብሔር የሚቃጠለውን መሥዋዕት ሁሉ ለማቅረብ፥
7dbb26ac-75ed-543e-a729-3e8569dfea21,df0da09a-5059-5ea5-a658-1637460ca06e,c38571ab-90c2-57f6-ac03-02e180c8e7dc,32,32,ለእግዚአብሔርም ቤት አገልግሎት የምስክሩን ድንኳን ሥርዐት፥ የወንድሞቻቸውን የአሮንን ልጆች ሥርዐት ለመጠበቅ ሹሞአቸው ነበር።
c85884f5-d81d-5a31-abe9-e948d69562eb,e313d324-2a05-5cfe-afae-666e0bb7a0d7,95d2526c-5a0a-51d5-aff3-8ead1dc3ca3d,1,1,የአሮንም ልጆች ሰሞን ይህ ነው። የአሮን ልጆች ናዳብ፥ አብዩድ፥ አልዓዛር፥ ኢታምር ነበሩ።
e4ea9dcd-4ef1-5a64-ae7d-89c6539f5522,e313d324-2a05-5cfe-afae-666e0bb7a0d7,95d2526c-5a0a-51d5-aff3-8ead1dc3ca3d,2,2,ናዳብና አብዩድ ግን ልጆች ሳይወልዱ ከአባታቸው በፊት ሞቱ፤ የአሮን ልጆች አልዓዛርና ኢታምርም ካህናት ሆነው አገለገሉ።
f4310bc1-cd63-5d3d-a9ad-83fcbc32cc51,e313d324-2a05-5cfe-afae-666e0bb7a0d7,95d2526c-5a0a-51d5-aff3-8ead1dc3ca3d,3,3,ዳዊትም ከአልዓዛር ልጆች ሳዶቅን፥ ከኢታምርም ልጆች አቤሜሌክን እንደ ቍጥራቸው፥ እንደ አገልግሎታቸውና እንደ እየአባቶቻቸው ቤቶች ከፍሎ መደባቸው።
333d09e1-2932-5360-a371-07adddf10711,e313d324-2a05-5cfe-afae-666e0bb7a0d7,95d2526c-5a0a-51d5-aff3-8ead1dc3ca3d,4,4,የአልዓዛርም ልጆች አለቆች ከኢታምር ልጆች አለቆች በልጠው ተገኙ፤ እንዲህም ተመደቡ፤ ከአልዓዛር ልጆች እንደ አባቶቻቸው ቤቶች ዐሥራ ስድስት አለቆች፥ ከኢታምርም ልጆች እንደ አባቶቻቸው ቤቶች ስምንት አለቆች ነበሩ።
bcf4d335-1a09-5158-abea-f386973595c6,e313d324-2a05-5cfe-afae-666e0bb7a0d7,95d2526c-5a0a-51d5-aff3-8ead1dc3ca3d,5,5,ከአልዓዛርና ከኢታምርም ልጆች መካከል የንዋያተ ቅዱሳቱና የእግዚአብሔር ቤት አለቆች ነበሩና እነዚህና እነዚያ እንዲህ በዕጣ ተመደቡ።
30e84690-6472-54ec-a992-f86bc019d078,e313d324-2a05-5cfe-afae-666e0bb7a0d7,95d2526c-5a0a-51d5-aff3-8ead1dc3ca3d,6,6,ከሌዋውያንም ወገን የነበረው የናትናኤል ልጅ ጸሓፊው ሳምያስ በንጉሡና በአለቆቹ ፊት ፥ በካህኑ በሳዶቅና በአብያታርም ልጅ በአቤሜሌክ ፊት ፥ በካህናቱና በሌዋውያኑ አባቶች ቤቶች አለቆች ፊት ጻፋቸው፤ አንዱንም የአባት ቤት ለአልዓዛር፥ አንዱንም ለኢታምር ጻፈ።
73d9f7f9-aca3-55c2-a8c9-5de251c58f1b,e313d324-2a05-5cfe-afae-666e0bb7a0d7,95d2526c-5a0a-51d5-aff3-8ead1dc3ca3d,7,7,መጀመሪያውም ዕጣ ለኢያሬብ ወጣ፤ ሁለተኛውም ለኢያድያ፥
d840ced1-97af-5922-ac37-42819cdff064,e313d324-2a05-5cfe-afae-666e0bb7a0d7,95d2526c-5a0a-51d5-aff3-8ead1dc3ca3d,8,8,ሦስተኛውም ለካሬም፥ አራተኛውም ለሴዓሪን፥
cab8f05d-5e7b-5b5a-acb0-5f2718466eaf,e313d324-2a05-5cfe-afae-666e0bb7a0d7,95d2526c-5a0a-51d5-aff3-8ead1dc3ca3d,9,9,አምስተኛውም ለመልክያ፥ ስድስተኛውም ለሜዒያኢም፥
558b0d85-88fe-54cc-af3a-1b71e1f73b25,e313d324-2a05-5cfe-afae-666e0bb7a0d7,95d2526c-5a0a-51d5-aff3-8ead1dc3ca3d,10,10,ሰባተኛውም ለአቆስ፥ ስምንተኛው ለአብያ፥
f31436ca-9cf6-5826-a8cc-cbf0a4e9d5fd,e313d324-2a05-5cfe-afae-666e0bb7a0d7,95d2526c-5a0a-51d5-aff3-8ead1dc3ca3d,11,11,ዘጠነኛው ለኢያሱ፥ ዐሥረኛው ለሴኬንያ፥
0f1f0b37-afe9-5fd7-a6c3-0e3cd0593cd1,e313d324-2a05-5cfe-afae-666e0bb7a0d7,95d2526c-5a0a-51d5-aff3-8ead1dc3ca3d,12,12,ዐሥራ አንደኛው ለኤልያሴብ፥ ዐሥራ ሁለተኛው ለኤልያቄም፥
9ba47c50-9ce4-521e-a32f-9c721ed71b43,e313d324-2a05-5cfe-afae-666e0bb7a0d7,95d2526c-5a0a-51d5-aff3-8ead1dc3ca3d,13,13,ዐሥራ ሦስተኛው ለኦፋዕ፥ ዐሥራ አራተኛው ለኤሳባእ፥
db778c5b-1cfd-5f31-a2e4-06df45aa7ce0,e313d324-2a05-5cfe-afae-666e0bb7a0d7,95d2526c-5a0a-51d5-aff3-8ead1dc3ca3d,14,14,ዐሥራ አምስተኛው ለቤልጋዕ፥ ዐሥራ ስድስተኛው ለኤሜር፥
87ebd397-707c-56e5-aabb-9483c89fe27f,e313d324-2a05-5cfe-afae-666e0bb7a0d7,95d2526c-5a0a-51d5-aff3-8ead1dc3ca3d,15,15,ዐሥራ ሰባተኛው ለኢያዜር፥ ዐሥራ ስምንተኛው ለአፌስ፥
07c0523d-3c99-5cc1-a89e-560683ef2ade,e313d324-2a05-5cfe-afae-666e0bb7a0d7,95d2526c-5a0a-51d5-aff3-8ead1dc3ca3d,16,16,ዐሥራ ዘጠነኛው ለፈታሕያ፥ ሃያኛው ለሕዝቄል፥
72a4b32a-814e-5a5b-aa2c-a083065b164f,e313d324-2a05-5cfe-afae-666e0bb7a0d7,95d2526c-5a0a-51d5-aff3-8ead1dc3ca3d,17,17,ሃያ አንደኛው ለአኬኖ፥ ሃያ ሁለተኛው ለጋሙሄል፥
f00235a9-dbf7-553b-a172-582e9d3d5b7f,e313d324-2a05-5cfe-afae-666e0bb7a0d7,95d2526c-5a0a-51d5-aff3-8ead1dc3ca3d,18,18,ሃያ ሦስተኛው ለደላኢያ፥ ሃያ አራተኛው ለሙዓዚ።
17f21a25-6629-5ba2-a6d8-462a65aa4974,e313d324-2a05-5cfe-afae-666e0bb7a0d7,95d2526c-5a0a-51d5-aff3-8ead1dc3ca3d,19,19,የእስራኤል አምላክ እግዚአብሔር እንዳዘዘ፥ በአባታቸው በአሮን እጅ እንደ ተሰጣቸው ሥርዐት ወደ እግዚአብሔር ቤት ይገቡ ዘንድ እንደ እየአገልግሎታቸው ቍጥራቸው ይህ ነበረ።
995a7574-ce72-56dd-a022-cfd2efd5a9bb,e313d324-2a05-5cfe-afae-666e0bb7a0d7,c17653c3-6210-5319-a035-e41663c3e061,1,20,ከቀሩትም የሌዊ ልጆች፤ ከእንበረም ልጆች ስባሄል፤ ከስባሄል ልጆች ኢያዳእያ፤
a574b0b7-aac1-58ae-ad3d-003af1caea30,e313d324-2a05-5cfe-afae-666e0bb7a0d7,c17653c3-6210-5319-a035-e41663c3e061,2,21,ከአረብያም ልጆች የአረብያ ልጅ አራድያ፥ አለቃው ኢያስያስ፤
afaa4b8e-0693-5551-a72b-12434612d573,e313d324-2a05-5cfe-afae-666e0bb7a0d7,c17653c3-6210-5319-a035-e41663c3e061,3,22,ከኢስዓራውያን ሰሎሞት፤ ከሰሎሞት ልጆች ኤናት፤
74ab3ccb-f434-535d-a79a-d44561de458e,e313d324-2a05-5cfe-afae-666e0bb7a0d7,c17653c3-6210-5319-a035-e41663c3e061,4,23,ከኢዩዲዩ ልጆች አለቃው ይሪያ፥ ሁለተኛው አማርያ፥ ሦስተኛው ኢያዚሄል፥ አራተኛው ኢያቁምያ፤
c1a0eae8-df49-528d-a254-eb25268fb867,e313d324-2a05-5cfe-afae-666e0bb7a0d7,c17653c3-6210-5319-a035-e41663c3e061,5,24,የኢያዝሄል ልጅ ሚካ፤ የሚካ ልጅ ሳሜር፤
0f226bbb-7311-5a68-aae2-698f04288449,e313d324-2a05-5cfe-afae-666e0bb7a0d7,c17653c3-6210-5319-a035-e41663c3e061,6,25,የሚካ ወንድም ኢሳእያ፤ የኢሳእያ ልጅ ዘካርያስ፤
864c5ab6-dc6d-551d-afd2-9bd3d0a37614,e313d324-2a05-5cfe-afae-666e0bb7a0d7,c17653c3-6210-5319-a035-e41663c3e061,7,26,የሜራሪ ልጆች ሞዓሊና ሐሙሲ፤ የዖዝያስ ልጅ ባኒ፤
0bb8e04f-f09f-512c-a15c-276507bcac50,e313d324-2a05-5cfe-afae-666e0bb7a0d7,c17653c3-6210-5319-a035-e41663c3e061,8,27,የሜራሪ ልጆች፤ ከዖዝያ ይሰዓም፥ ዝኩር፥ አብዲ፤
c510ccb7-a808-551e-a7e2-a06e440af556,e313d324-2a05-5cfe-afae-666e0bb7a0d7,c17653c3-6210-5319-a035-e41663c3e061,9,28,የሞዓሊ ልጅ አልዓዛር፥ እርሱም ልጆች አልነበሩትም፤
a64bc8c9-4976-5355-a304-7cfbd5f8082d,e313d324-2a05-5cfe-afae-666e0bb7a0d7,c17653c3-6210-5319-a035-e41663c3e061,10,29,ከቂስ፤ የቂስ ልጅ አራሜሄል፤
f77e2386-ee21-5562-adb1-5ad5c89a700e,e313d324-2a05-5cfe-afae-666e0bb7a0d7,c17653c3-6210-5319-a035-e41663c3e061,11,30,የሐሙሲ ልጆች፤ ሞዓሊ፥ ኤዳር፥ ኢያሪሞት። እነዚህ እንደ አባቶቻቸው ቤቶች የሌዋውያን ልጆች ነበሩ።
1e4f9ee9-4072-5665-a391-e1f98f4ba7d2,e313d324-2a05-5cfe-afae-666e0bb7a0d7,c17653c3-6210-5319-a035-e41663c3e061,12,31,እነዚህም ደግሞ በንጉሡ በዳዊትና በሳዶቅ በአቤሜሌክም በሌዋውያንና በካህናት አባቶች ቤቶች አለቆች ፊት፥ ታላላቆች እንደ ታናናሽ ወንድሞቻቸው፥ እንደ ወንድሞቻቸው እንደ አሮን ልጆች ዕጣ ተጣጣሉ።
cbd581cd-7437-50fd-a4ce-100b0fd81047,1b30742f-b6be-5f5c-ae89-6b568dd9caa6,9034c6f7-a3b2-5286-a968-23f1b32b8419,1,1,ዳዊትና የሠራዊቱ አለቆችም ከአሳፍና ከኤማን ከኤዶትምም ልጆች በመሰንቆና በበገና፥ በጸናጽልም የሚዘምሩ ሰዎችን ለማገልገል ለዩ፤ በየአገልግሎታቸውም ሥራ የሚሠሩ ሰዎች ቍጥር ይህ ነበረ።
40b2b505-2041-5cc7-a727-eb7c397c57df,1b30742f-b6be-5f5c-ae89-6b568dd9caa6,9034c6f7-a3b2-5286-a968-23f1b32b8419,2,2,ከአሳፍ ልጆች፤ ዘኩር፥ ዮሴፍ፥ ናታንያ፥ ኤራኤል፤ እነዚህ የአሳፍ ልጆች የንጉሡ ቀራቢዎች ነበሩ።
8db2b554-f8ac-5ac9-a44a-75f903086fbd,1b30742f-b6be-5f5c-ae89-6b568dd9caa6,9034c6f7-a3b2-5286-a968-23f1b32b8419,3,3,ከኤዶትም የኤዶትም ልጆች፤ ጎዶልያስ፥ ሱሪ፥ የሻያ፥ ሰሜኢ፥ ሐሸብያ፥ መታትያ፥ እነዚህ ስድስቱ ከአባታቸው ከኤዶትም ጋር በበገና እየዘመሩ እግዚአብሔርን ያመሰግኑ ነበር።
f6ff82c2-85fc-520d-a819-67887dc5581b,1b30742f-b6be-5f5c-ae89-6b568dd9caa6,9034c6f7-a3b2-5286-a968-23f1b32b8419,4,4,ከኤማን የኤማን ልጆች፤ ቡቅያ፥ መታንያ፥ ዓዛርዔል፥ ሱባኤል፥ ኢየሪሙት፥ ሐናንያ፥ ሐናኒ፥ ኤልያታ፥ ጌዶላቲ፥ ሮማንቴዔዜር፥ ዮስብቃሳ፥ ሜኤላቴ፥ ሆቴር፥ መሐዝዮት፤
eb42db78-c959-5744-aa8b-a58565419655,1b30742f-b6be-5f5c-ae89-6b568dd9caa6,9034c6f7-a3b2-5286-a968-23f1b32b8419,5,5,እነዚህ ሁሉ ቀንደ መለከቱን ከፍ ያደርጉ ዘንድ በእግዚአብሔር ቃል በንጉሡ ፊት የሚዘምረው የኤማን ልጆች ነበሩ። እግዚአብሔርም ለኤማን ዐሥራ አራት ወንዶች ልጆችንና ሦስት ሴቶች ልጆችን ሰጠው።
5ef2316d-c202-5e47-a3b4-56f7b87c8b0a,1b30742f-b6be-5f5c-ae89-6b568dd9caa6,9034c6f7-a3b2-5286-a968-23f1b32b8419,6,6,እነዚህ ሁሉ በእግዚአብሔር ቤት በጸናጽልና በበገና፥ በመሰንቆም ከአባታቸው ጋራ የእግዚአብሔርን ቤት ለማገልገል ወደ ንጉሡ ቀርበው ያመሰግኑ ነበር። አሳፍም ኤዶትምም ኤማንም ያመሰግኑ ነበር።
d29a48bd-32c2-5ef1-a1ba-cd1ee2f37c3b,1b30742f-b6be-5f5c-ae89-6b568dd9caa6,9034c6f7-a3b2-5286-a968-23f1b32b8419,7,7,የብልሃተኞቹም ቍጥር እግዚአብሔርን ለማመስገን ከሚያውቁ ከወንድሞቻቸው ጋር ሁለት መቶ ሰማንያ ስምንት ነበረ።
86ef2080-c707-57c1-a709-e7ab3152b4a0,1b30742f-b6be-5f5c-ae89-6b568dd9caa6,9034c6f7-a3b2-5286-a968-23f1b32b8419,8,8,ሁሉም ተካክለው፥ ታናሹም ታላቁም፥ ለሰሞናቸው ዕጣ ተጣጣሉ እነርሱም ፍጹማንና የተማሩ ነበሩ።
b4a5f8ce-335b-5f02-ab9e-100612abebb9,1b30742f-b6be-5f5c-ae89-6b568dd9caa6,9034c6f7-a3b2-5286-a968-23f1b32b8419,9,9,የመጀመሪያው ዕጣ ለአሳፍ ወገን ለዮሴፍ ለወንድሞቹና ለልጆቹ ለዐሥራ ሁለቱ ደረሳቸው፤ ሁለተኛውም ዕጣ ለጎዶልያስ ለልጆቹና ለወንድሞቹ ለዐሥራ ሁለቱ ደረሳቸው፤
0c3dac7d-c51b-5cfc-a5fa-a0aab8bc079d,1b30742f-b6be-5f5c-ae89-6b568dd9caa6,9034c6f7-a3b2-5286-a968-23f1b32b8419,10,10,ሦስተኛው ለዘኩር ለልጆቹም፥ ለወንድሞቹም፥ ለዐሥራ ሁለቱ፤
4c847c76-0686-57c1-aa0a-55b14ff9896d,1b30742f-b6be-5f5c-ae89-6b568dd9caa6,9034c6f7-a3b2-5286-a968-23f1b32b8419,11,11,አራተኛው ለይጽሪ ለልጆቹም፥ ለወንድሞቹም፥ ለዐሥራ ሁለቱ፤
cfad9d81-70d4-5f16-ade7-4150dc37dd18,1b30742f-b6be-5f5c-ae89-6b568dd9caa6,9034c6f7-a3b2-5286-a968-23f1b32b8419,12,12,አምስተኛው ለናታንያስ ለልጆቹም፥ ለወንድሞቹም፥ ለዐሥራ ሁለቱ።
1ccd6d82-0ee5-5d79-ad49-fe2e60720f73,1b30742f-b6be-5f5c-ae89-6b568dd9caa6,9034c6f7-a3b2-5286-a968-23f1b32b8419,13,13,ስድስተኛው ለቡቅያ ለልጆቹም፥ ለወንድሞቹም፥ ለዐሥራ ሁለቱ፤
7ec67344-8d8d-5542-a7f6-f5ca44aef8c6,1b30742f-b6be-5f5c-ae89-6b568dd9caa6,9034c6f7-a3b2-5286-a968-23f1b32b8419,14,14,ሰባተኛው ለይስርኤል ለልጆቹም፥ ለወንድሞቹም፥ ለዐሥራ ሁለቱ፤
b633d49c-8a62-5fd4-a685-dbfaa768b26f,1b30742f-b6be-5f5c-ae89-6b568dd9caa6,9034c6f7-a3b2-5286-a968-23f1b32b8419,15,15,ስምንተኛው ለኢያስያ ለልጆቹም፥ ለወንድሞቹም፥ ለዐሥራ ሁለቱ፤
1165d56c-d5cd-5d4e-af2e-e27437c4fbbf,1b30742f-b6be-5f5c-ae89-6b568dd9caa6,9034c6f7-a3b2-5286-a968-23f1b32b8419,16,16,ዘጠነኛው ለማታንያስ ለልጆቹም፥ ለወንድሞቹም፥ ለዐሥራ ሁለቱ፤
ab9a370c-b8d8-5f4b-ac92-a6f23fb39243,1b30742f-b6be-5f5c-ae89-6b568dd9caa6,9034c6f7-a3b2-5286-a968-23f1b32b8419,17,17,ዐሥረኛው ለሰሜኢ ለልጆቹም፥ ለወንድሞቹም፥ ለዐሥራ ሁለቱ፤
19e0c4d5-9c19-52ec-a01f-d8a4ad5a0d95,1b30742f-b6be-5f5c-ae89-6b568dd9caa6,9034c6f7-a3b2-5286-a968-23f1b32b8419,18,18,ዐሥራ አንደኛው ለዓዛርኤል ለልጆቹም፥ ለወንድሞቹም፥ ለዐሥራ ሁለቱ፤
bf1ca388-994d-51d6-ac83-4ddae6fdf4c7,1b30742f-b6be-5f5c-ae89-6b568dd9caa6,9034c6f7-a3b2-5286-a968-23f1b32b8419,19,19,ዐሥራ ሁለተኛው ለኢሰብያ ለልጆቹም፥ ለወንድሞቹም፥ ለዐሥራ ሁለቱ፤
0b0f87a6-625b-5419-a1cb-33ede32484d2,1b30742f-b6be-5f5c-ae89-6b568dd9caa6,9034c6f7-a3b2-5286-a968-23f1b32b8419,20,20,ዐሥራ ሦስተኛው ለሱባኤል ለልጆቹም፥ ለወንድሞቹም፥ ለዐሥራ ሁለቱ፤
426b7490-7a74-547d-a1b3-b616f9003d48,1b30742f-b6be-5f5c-ae89-6b568dd9caa6,9034c6f7-a3b2-5286-a968-23f1b32b8419,21,21,ዐሥራ አራተኛው ለማታትያስ ለልጆቹም፥ ለወንድሞቹም፥ ለዐሥራ ሁለቱ፤
c41be9b5-3601-5d71-af01-91851f99a007,1b30742f-b6be-5f5c-ae89-6b568dd9caa6,9034c6f7-a3b2-5286-a968-23f1b32b8419,22,22,ዐሥራ አምስተኛው ለኢየሪሙት ለልጆቹም፥ ለወንድሞቹም፥ ለዐሥራ ሁለቱ፤
445fac7b-27f3-5e1c-ab61-d07d7af2468e,1b30742f-b6be-5f5c-ae89-6b568dd9caa6,9034c6f7-a3b2-5286-a968-23f1b32b8419,23,23,ዐሥራ ስድስተኛው ለሐናንያ ለልጆቹም፥ ለወንድሞቹም፥ ለዐሥራ ሁለቱ፤
6c2417c0-1697-511d-a5b8-ac960be7ba64,1b30742f-b6be-5f5c-ae89-6b568dd9caa6,9034c6f7-a3b2-5286-a968-23f1b32b8419,24,24,ዐሥራ ሰባተኛው ለዮስባቃጥ ለልጆቹም፥ ለወንድሞቹም፥ ለዐሥራ ሁለቱ፤
002cbb8a-b543-57dd-a5da-bbb93b9ebdbd,1b30742f-b6be-5f5c-ae89-6b568dd9caa6,9034c6f7-a3b2-5286-a968-23f1b32b8419,25,25,ዐሥራ ስምንተኛው ለሐናኒ ለልጆቹም፥ ለወንድሞቹም፥ ለዐሥራ ሁለቱ፤
5ab9cb37-267a-5a88-a32b-9bc30f93b2d4,1b30742f-b6be-5f5c-ae89-6b568dd9caa6,9034c6f7-a3b2-5286-a968-23f1b32b8419,26,26,ዐሥራ ዘጠነኛው ለማኤላቲ ለልጆቹም፥ ለወንድሞቹም፥ ለዐሥራ ሁለቱ፤
0d9cc35f-46cf-5c67-ab95-da1c6b14f682,1b30742f-b6be-5f5c-ae89-6b568dd9caa6,9034c6f7-a3b2-5286-a968-23f1b32b8419,27,27,ሃያኛው ለኤልያታ ለልጆቹም፥ ለወንድሞቹም፥ ለዐሥራ ሁለቱ፤
233ea74c-ec52-5c3f-ada6-17b5ce9d939e,1b30742f-b6be-5f5c-ae89-6b568dd9caa6,9034c6f7-a3b2-5286-a968-23f1b32b8419,28,28,ሃያ አንደኛው ለኦትሪ ለልጆቹም፥ ለወንድሞቹም፥ ለዐሥራ ሁለቱ፤
c6555cbf-2aa4-5143-a1f0-19844082f061,1b30742f-b6be-5f5c-ae89-6b568dd9caa6,9034c6f7-a3b2-5286-a968-23f1b32b8419,29,29,ሃያ ሁለተኛው ለጌዶላቲ ለልጆቹም፥ ለወንድሞቹም፥ ለዐሥራ ሁለቱ፤
de675110-dbaf-5c7e-abd9-6628a2928712,1b30742f-b6be-5f5c-ae89-6b568dd9caa6,9034c6f7-a3b2-5286-a968-23f1b32b8419,30,30,ሃያ ሦስተኛው ለመሐዝዮት ለልጆቹም፥ ለወንድሞቹም፥ ለዐሥራ ሁለቱ፤
f12b6f3f-214a-555d-a08d-a56eb0fb94fa,1b30742f-b6be-5f5c-ae89-6b568dd9caa6,9034c6f7-a3b2-5286-a968-23f1b32b8419,31,31,ሃያ አራተኛው ለሮማንቴዔዜር ለልጆቹም ለወንድሞቹም ለዐሥራ ሁለቱ ወጣ።
ae3f2937-4def-5ef2-a00a-57cf7c26bbbe,f8fe9554-de55-5fba-a987-dfe11fb3fa0e,d9f376be-5eff-5979-a556-4056a753590c,1,1,በረኞችም እንደዚህ ተመደቡ፤ ከቆሬያውያን ከአሳፍ ልጆች የቆሬ ልጅ ሜሱላም።
77850c1b-5789-5d52-afd0-ba64c055059d,f8fe9554-de55-5fba-a987-dfe11fb3fa0e,d9f376be-5eff-5979-a556-4056a753590c,2,2,ሜሱላምም ልጆች ነበሩት፤ በኵሩ ዘካርያስ፥ ሁለተኛው ይዲኤል፥ ሦስተኛው ዘባድያ፥ አራተኛው የትንኤል፤
e14c516d-a17b-5a53-ace4-8f64c871757d,f8fe9554-de55-5fba-a987-dfe11fb3fa0e,d9f376be-5eff-5979-a556-4056a753590c,3,3,አምስተኛው ኤላም፥ ስድስተኛው ይሆሐናን፥ ሰባተኛው ኤሊሆዔናይ።
2292ec81-7d6c-52b4-a1a2-ce2b5948d020,f8fe9554-de55-5fba-a987-dfe11fb3fa0e,d9f376be-5eff-5979-a556-4056a753590c,4,4,ዖቤድኤዶምም ልጆች ነበሩት፤ በኵሩ ሰማያ፥ ሁለተኛው ዮዛባት፥ ሦስተኛው ኢዮአስ፥ አራተኛው ሣካር፥ አምስተኛው ናትናኤል፤
2ad002b8-9915-5ddd-a30f-edafdc2ee042,f8fe9554-de55-5fba-a987-dfe11fb3fa0e,d9f376be-5eff-5979-a556-4056a753590c,5,5,ስድስተኛው ዓሚኤል፥ ሰባተኛው ይሳኮር፥ ስምንተኛው ፒላቲ ነበሩ፤ አምላኩ እግዚአብሔር ባርኮታልና።
450f9b62-e2cd-5d16-ad20-5395db26bfe3,f8fe9554-de55-5fba-a987-dfe11fb3fa0e,d9f376be-5eff-5979-a556-4056a753590c,6,6,ለልጁ ለሰማያም ከበኵር ልጁ ከሮሲ ልጆች ተወለዱለት፤ እነርሱም በአባታቸው ቤት የሠለጠኑ እጅግም ኀያላን ነበሩ።
1c0ae7d8-6b56-54eb-aede-b338947c6ae1,f8fe9554-de55-5fba-a987-dfe11fb3fa0e,d9f376be-5eff-5979-a556-4056a753590c,7,7,የሰማያ ልጆች ዖትኒ፥ ራፋኤል፥ ዖቤድ፥ ወንድሞቹም ኀያላን የነበሩ ኤልዛባድ፥ ኤሊሁ፥ ሰማክያ፥ ኢስባኮም።
342450d9-c7fc-5dd3-ab42-2e00c77ac221,f8fe9554-de55-5fba-a987-dfe11fb3fa0e,d9f376be-5eff-5979-a556-4056a753590c,8,8,እነዚህ ሁሉ የዖቤድኤዶም ልጆች ነበሩ፤ እነርሱም፥ ልጆቻቸውም፥ ወንድሞቻቸውም ለማገልገል ኀያላን የነበሩ የዖቤድኤዶም ልጆች ስድሳ ሁለት ነበሩ።
2831af49-e34d-5658-acef-4620721c968c,f8fe9554-de55-5fba-a987-dfe11fb3fa0e,d9f376be-5eff-5979-a556-4056a753590c,9,9,ለሜሱላምም ኀያላን የነበሩ ዐሥራ ስምንት ልጆችና ወንድሞች ነበሩት።
d6fc06e9-ea7e-5107-a07f-7318057697f6,f8fe9554-de55-5fba-a987-dfe11fb3fa0e,d9f376be-5eff-5979-a556-4056a753590c,10,10,ከሜራሪም ልጆች ለነበረው ለሖሳ ፊተኛውን በር የሚጠብቁ ልጆች ነበሩት፤ አለቃውም ሰምሪ ነበረ፤ በኵር አልነበረም፤ አባቱ ግን አለቃ አደረገው፤
7f3263f7-9cf7-52ce-a511-892252e1696b,f8fe9554-de55-5fba-a987-dfe11fb3fa0e,d9f376be-5eff-5979-a556-4056a753590c,11,11,ሁለተኛውም ኬልቅያስ፥ ሦስተኛውም ጥበልያ፥ አራተኛውም ዘካርያስ ነበረ፤ የሖሳ ልጆችና ወንድሞች ሁሉ ዐሥራ ሦስት ነበሩ።
737f6bf1-433b-56ac-af44-eeea0521d9c3,f8fe9554-de55-5fba-a987-dfe11fb3fa0e,d9f376be-5eff-5979-a556-4056a753590c,12,12,እንደ ወንድሞቻቸው ሆነው በእግዚአብሔር ቤት ያገለግሉ ዘንድ የበረኞች አለቆች በየሰሞናቸው የሚጠብቁ እነዚህ ነበሩ።
7ca03632-d990-51f0-a284-3f23c9ecd398,f8fe9554-de55-5fba-a987-dfe11fb3fa0e,d9f376be-5eff-5979-a556-4056a753590c,13,13,በበሩም ሁሉ ያገለግሉ ዘንድ በየአባቶቻቸው ቤቶች ታናሹና ታላቁ ተካክለው ዕጣ ተጣጣሉ።
d020ec40-4e6b-5c38-adc5-81e6df194f1c,f8fe9554-de55-5fba-a987-dfe11fb3fa0e,d9f376be-5eff-5979-a556-4056a753590c,14,14,የምሥራቁም በር ዕጣ ለሰሌምያና ለዘካርያ ወደቀ። የዮአስም ልጆች ለምልክያ ዕጣ ጣሉ፤ ዕጣውም በሰሜን በኩል ወጣ።
a045e032-b6e4-5f14-a8ba-68111f669c9b,f8fe9554-de55-5fba-a987-dfe11fb3fa0e,d9f376be-5eff-5979-a556-4056a753590c,15,15,ለአብዲዶም በደቡብ በኩል በዕቃ ቤት አንጻር ዕጣ ወጣ።
c1761854-08f2-50f2-ac2c-8da1205f188b,f8fe9554-de55-5fba-a987-dfe11fb3fa0e,d9f376be-5eff-5979-a556-4056a753590c,16,16,ለሶፊምና ለሖሳም በምዕራብ በኩል በዐቀበቱ መንገድ ባለው በሸለኬት በር በኩል ጥበቃ በጥበቃ ላይ ዕጣ ወጣ።
a757da11-9fb2-5450-a4c1-af2134c060e5,f8fe9554-de55-5fba-a987-dfe11fb3fa0e,d9f376be-5eff-5979-a556-4056a753590c,17,17,በምሥራቅ በኩል ለየዕለቱ ስድስት፥ በሰሜን በኩል ለየዕለቱ አራት፥ በደቡብ በኩል ለየዕለቱ አራት፥ ለዕቃ ቤትም ሁለት ሁለት ነበሩ።
7cdfb17f-be9a-54c3-a535-4bec76068b03,f8fe9554-de55-5fba-a987-dfe11fb3fa0e,d9f376be-5eff-5979-a556-4056a753590c,18,18,በኦሳም በምዕራብ በኩል በሸለኬት በር ሦስት፥ በምሥራቅ በኩል በዐቀበቱ በር ከጥበቃ በላይ ጥበቃ በቀን ስድስት፥ በሰሜን በኩል አራት፥ በደቡብ በኩል አራት፥ በዕቃ ቤቱ በኩል ተቀባባዮች ሁለት ሁለት፥ በምዕራብ በኩል አራት በመተላለፊያውም መንገድ ተቀባባዮች ሁለት ሁለት።
0434113b-7688-5f0d-a761-6cbe2299d43e,f8fe9554-de55-5fba-a987-dfe11fb3fa0e,d9f376be-5eff-5979-a556-4056a753590c,19,19,ከቆሬና ከሜራሪ ልጆች የነበሩ የበረኞች ሰሞን ይህች ናት።
9e0cb051-1feb-5287-a021-5cca29b29ce7,f8fe9554-de55-5fba-a987-dfe11fb3fa0e,d9f376be-5eff-5979-a556-4056a753590c,20,20,ወንድሞቻቸው ሌዋውያንም በእግዚአብሔር ቤት በሚሆኑ ቤተ መዛግብትና በንዋየ ቅድሳቱ ቤተ መዛግብት ላይ ተሹመው ነበር።
f34b5c53-15af-51c8-a801-87aed1727442,f8fe9554-de55-5fba-a987-dfe11fb3fa0e,d9f376be-5eff-5979-a556-4056a753590c,21,21,የለአዳን ልጆች፤ ለለአዳን የሆኑ የጌድሶናውያን ልጆች፥ ለጌድሶናዊው ለለአዳን የሆኑ፥ የአባቶች ቤቶች አለቆች ይሔኤሊ፤
c5e4f4d8-2ce4-52bc-a0c0-bdc46c572c4c,f8fe9554-de55-5fba-a987-dfe11fb3fa0e,d9f376be-5eff-5979-a556-4056a753590c,22,22,የይሔኤሊ ልጆች፤ በእግዚአብሔርም ቤት በሚሆኑ ቤተ መዛግብት ላይ የነበሩ ዜቶም፥ ወንድሙም ኢዮኤል ነበረ።
fe6ff131-82bf-523e-a603-6ae0cc3aeb5e,f8fe9554-de55-5fba-a987-dfe11fb3fa0e,d9f376be-5eff-5979-a556-4056a753590c,23,23,ከእንበረማውያን፥ ከይስዓራውያን፥ ከኬብሮናውያን፥ ከዑዝኤላውያን፤
9cbac273-7bad-5a4f-a79a-ad3d1da66020,f8fe9554-de55-5fba-a987-dfe11fb3fa0e,d9f376be-5eff-5979-a556-4056a753590c,24,24,የሙሴ ልጅ የጌርሳም ልጅ ሱባኤል በቤተ መዛግብት ላይ ተሾሞ ነበር።
76c9d6f6-631c-54ee-a720-ca3a6e21911b,f8fe9554-de55-5fba-a987-dfe11fb3fa0e,d9f376be-5eff-5979-a556-4056a753590c,25,25,ወንድሞቹም፤ ከአልዓዛር ልጁ ረዓብያ፥ ልጁም የሳያ፥ ልጁም ኢዮራም፥ ልጁም ዝክሪ፥ ልጁም ሰሎሚት ነበሩ።
0a9d62fe-1bd2-5bd2-a104-597bb221591d,f8fe9554-de55-5fba-a987-dfe11fb3fa0e,d9f376be-5eff-5979-a556-4056a753590c,26,26,ይህ ሰሎሚትና ወንድሞቹ፥ ንጉሡ ዳዊትና የአባቶች ቤቶች አለቆች፥ ሻለቆችና የመቶ አለቆች፥ የሠራዊቱም አለቆች፥ በቀደሱት በንዋየ ቅድሳቱ ቤተ መዛግብት ሁሉ ላይ ተሹመው ነበር።
f55116a2-6eb4-5534-ad6e-6bfd151e5067,f8fe9554-de55-5fba-a987-dfe11fb3fa0e,d9f376be-5eff-5979-a556-4056a753590c,27,27,የእግዚአብሔር ቤተ መቅደስ ሕንጻ ወደ ኋላ እንዳይል ዳዊት ከየሀገሩ በማረካቸውና በሰበሰባቸው በቀደሳቸውም ላይ የተሾሙ ናቸው።
674c8291-3edd-5fdb-aacf-5732d5f8798f,f8fe9554-de55-5fba-a987-dfe11fb3fa0e,d9f376be-5eff-5979-a556-4056a753590c,28,28,ነቢዩ ሳሙኤል፥ የቂስም ልጅ ሳኦል፥ የኔርም ልጅ አበኔር፥ የሶርህያም ልጅ ኢዮአብ የቀደሱት የእግዚአብሔር ንዋየ ቅድሳት ሁሉ ከሰሎሚትና ከወንድሞቹ እጅ በታች ነበረ።
91553c74-c0ff-5dcb-af70-7533f260b13a,f8fe9554-de55-5fba-a987-dfe11fb3fa0e,d9f376be-5eff-5979-a556-4056a753590c,29,29,ከይሰዓራውያን ከናንያና ልጆቹ ጻፎችና ፈራጆች ይሆኑ ዘንድ በውጭው ሥራ በእስራኤል ላይ ተሾመው ነበር።
aead6910-5d52-52cd-a1a4-ac2898b4e133,f8fe9554-de55-5fba-a987-dfe11fb3fa0e,d9f376be-5eff-5979-a556-4056a753590c,30,30,ከኬብሮናውያን ሐሳብያና ወንድሞቹ፥ ጽኑዓን የነበሩት ሺህ ሰባት መቶ ሰዎች፥ ለእግዚአብሔር ሥራ ሁሉ፥ ለንጉሡም አገልግሎት በዮርዳኖስ ማዶ በምዕራብ በኩል ባለው በእስራኤል ላይ ተሾመው ነበር።
bb2fe090-03c1-572e-a27f-06fe2806201b,f8fe9554-de55-5fba-a987-dfe11fb3fa0e,d9f376be-5eff-5979-a556-4056a753590c,31,31,ከኬብሮናውያንም እንደ አባቶች ቤቶች ትውልዶች የኬብሮናውያን አለቃ ኤርያስ ነበረ። ዳዊት በነገሠ በአርባኛው ዓመት ይፈልጉአቸው ነበረ፤ በእነርሱም መካከል በገለዓድ ኢያዜር ጽኑዓን ኀያላን ሰዎች ተገኙ፤
5ec707db-9032-54cc-a4b5-5a6003f914c2,f8fe9554-de55-5fba-a987-dfe11fb3fa0e,d9f376be-5eff-5979-a556-4056a753590c,32,32,ወንድሞቹም ጽኑዓን የነበሩት የአባቶች ቤቶች አለቆች ሁለት ሺህ ሰባት መቶ ነበሩ። ንጉሡም ዳዊት በእግዚአብሔር ቃል ሁሉና በንጉሡ ትእዛዝ ሁሉ በሮቤላውያንና በጋዳውያን፥ በምናሴም ነገድ እኩሌታ ላይ ሹሞች አደረጋቸው።
5b6bc2fd-1cf0-5a9e-a1bd-865d4def2193,3af79d81-8d21-5697-a7be-57bd5e5a834b,4174627d-fa27-540b-af29-a3d593292d9e,1,1,የእስራኤልም ልጆች የአባቶች ቤቶች አለቆችና የሺህ አለቆች፥ የመቶ አለቆችም ለንጉሡና ለንጉሡ ትእዛዝ ሁሉ የሚያገለግሉ ሹማምት እንደ ቍጥራቸው በየክፍላቸው እነዚህ ነበሩ። እነዚህም ክፍሎች እያንዳንዳቸው ሃያ አራት ሺህ ሆነው በዓመቱ ወራት ሁሉ በየወሩ ይገቡና ይወጡ ነበር።
86aaa376-3b1a-5dfb-aa84-48e4cf7b1db3,3af79d81-8d21-5697-a7be-57bd5e5a834b,4174627d-fa27-540b-af29-a3d593292d9e,2,2,ለመጀመሪያው ወር በአንደኛው ክፍል ላይ የዘብድኤል ልጅ ያሶብአም ነበረ፤ በእርሱም ክፍል ሃያ አራት ሺህ ጭፍራ ነበረ።
6577724e-9d05-592e-a6bf-876a2701a2c7,3af79d81-8d21-5697-a7be-57bd5e5a834b,4174627d-fa27-540b-af29-a3d593292d9e,3,3,እርሱም ከፋሬስ ልጆች ነበረ፤ ለመጀመሪያው ወር በጭፍራ አለቆች ሁሉ ላይ ተሾሞ ነበር።
f3c76aa0-95f9-5f4c-a453-e0284442bbf2,3af79d81-8d21-5697-a7be-57bd5e5a834b,4174627d-fa27-540b-af29-a3d593292d9e,4,4,በሁለተኛውም ወር ክፍል ላይ የኤቲ ልጅ ዶድያ ነበረ፤ በእርሱም ክፍል ሚኮሎት አለቃ ነበር፤ በእርሱም ክፍል ሃያ አራት ሺህ ጭፍራ ነበረ።
6b6c0ee2-e837-54bd-a821-6e74002ef039,3af79d81-8d21-5697-a7be-57bd5e5a834b,4174627d-fa27-540b-af29-a3d593292d9e,5,5,በሦስተኛው ወር ሦስተኛው የጭፍራ አለቃ የካህኑ የዮዳሄ ልጅ በናያስ ነበረ፤ በእርሱም ክፍል ሃያ አራት ሽህ ጭፍራ ነበረ።
70c6d2b6-ecf3-5859-a9cc-f953f4245b8c,3af79d81-8d21-5697-a7be-57bd5e5a834b,4174627d-fa27-540b-af29-a3d593292d9e,6,6,ይህ በናያስ ከሠላሳው መካከል ኀያል ሆኖ በሠላሳው ላይ ነበረ፤ በእርሱም ክፍል ልጁ ዓሚዛባድ ነበረ።
4ba7dcff-f5f2-5964-a208-8a928f6697c8,3af79d81-8d21-5697-a7be-57bd5e5a834b,4174627d-fa27-540b-af29-a3d593292d9e,7,7,በአራተኛው ወር አራተኛው አለቃ የኢዮአብ ወንድም አሳሄል ነበረ፤ ከእርሱም በኋላ ልጁ ዝባድያና ወንድሞቹ ነበሩ፤ በእርሱም ክፍል ሃያ አራት ሺህ ጭፍራ ነበረ።
cd1001e5-39a8-5b65-ab7e-d144a8695689,3af79d81-8d21-5697-a7be-57bd5e5a834b,4174627d-fa27-540b-af29-a3d593292d9e,8,8,በአምስተኛው ወር አምስተኛው አለቃ ይዝራዊው ሰማኦት ነበረ፤ በእርሱም ክፍል ሃያ አራት ሺህ ጭፍራ ነበረ።
c126711c-a9ff-5413-af60-8fd5c7fd3afe,3af79d81-8d21-5697-a7be-57bd5e5a834b,4174627d-fa27-540b-af29-a3d593292d9e,9,9,በስድስተኛውም ወር ስድስተኛው አለቃ የቴቁሓዊው የአቂስ ልጅ ኢይዝራኤል ነበረ፤ በእርሱም ክፍል ሃያ አራት ሺህ ጭፍራ ነበረ።
f6605095-a760-5f9f-ac40-9c92431d324f,3af79d81-8d21-5697-a7be-57bd5e5a834b,4174627d-fa27-540b-af29-a3d593292d9e,10,10,በሰባተኛውም ወር ሰባተኛው አለቃ ከኤፍሬም ልጆች የሆነ ፍሎሳዊው ከሊስ ነበረ፤ በእርሱም ክፍል ሃያ አራት ሺህ ጭፍራ ነበረ።
5f05db82-b176-5318-ab68-3f06977fde5d,3af79d81-8d21-5697-a7be-57bd5e5a834b,4174627d-fa27-540b-af29-a3d593292d9e,11,11,በስምንተኛው ወር ስምንተኛው አለቃ ከዛራውያን የነበረው ኩሳታዊው ሲቦካይ ነበረ፤ በእርሱም ክፍል ሃያ አራት ሺህ ጭፍራ ነበረ።
2304440f-1f34-5ded-aedd-0eb5d994b139,3af79d81-8d21-5697-a7be-57bd5e5a834b,4174627d-fa27-540b-af29-a3d593292d9e,12,12,በዘጠነኛው ወር ዘጠነኛው አለቃ ከብንያማውያን የነበረው ዓናቶታዊው አቢዔዜር ነበረ፤ በእርሱም ክፍል ሃያ አራት ሺህ ጭፍራ ነበረ።
0eb87179-5791-53db-a71c-920fd9aba8f9,3af79d81-8d21-5697-a7be-57bd5e5a834b,4174627d-fa27-540b-af29-a3d593292d9e,13,13,በዐሥረኛው ወር ዐሥረኛው አለቃ ከዛራውያን የነበረው ነጦፋዊው መዐርኢ ነበረ፤ በእርሱም ክፍል ሃያ አራት ሺህ ጭፍራ ነበረ።
4ce14f0a-e908-56ac-a765-945e91a30ff7,3af79d81-8d21-5697-a7be-57bd5e5a834b,4174627d-fa27-540b-af29-a3d593292d9e,14,14,በዐሥራ አንደኛው ወር ዐሥራ አንደኛው አለቃ ከኤፍሬም ልጆች የነበረው ፍርዓቶናዊው በናያስ ነበረ፤ በእርሱም ክፍል ሃያ አራት ሺህ ጭፍራ ነበረ።
a63a077e-e6f6-5cb7-a5e6-1aa114e75737,3af79d81-8d21-5697-a7be-57bd5e5a834b,4174627d-fa27-540b-af29-a3d593292d9e,15,15,በዐሥራ ሁለተኛው ወር ዐሥራ ሁለተኛው አለቃ ከጎቶንያል ወገን የነበረው ነጦፋታዊው ኬልዳይ ነበረ፤ በእርሱም ክፍል ሃያ አራት ሺህ ጭፍራ ነበረ።
e1199c83-8239-5a9f-a21f-a7a3e289b63b,3af79d81-8d21-5697-a7be-57bd5e5a834b,4174627d-fa27-540b-af29-a3d593292d9e,16,16,በእስራኤልም ነገዶች ላይ እነዚህ ነበሩ፦ በሮቤላውያን ላይ የዝክሪ ልጅ ኤልያዛር አለቃ ነበረ፤ በስምዖናውያን ልጅ የመዓካ ልጅ ሰፋጥያስ ነበረ፤
1086d97d-c5a1-538b-a39f-1a21e5ee00bb,3af79d81-8d21-5697-a7be-57bd5e5a834b,4174627d-fa27-540b-af29-a3d593292d9e,17,17,በሌዊ ወገን ላይ የቀሙኤል ልጅ አሰብያ፤ በአሮን ወገን ላይ ሳዶቅ፤
f604b5c9-8c63-5cb7-a1df-1b396001fc11,3af79d81-8d21-5697-a7be-57bd5e5a834b,4174627d-fa27-540b-af29-a3d593292d9e,18,18,በይሁዳ ወገን ላይ ከዳዊት ወንድሞች ኤልያብ፤ በይሳኮር ወገን ላይ የሚካኤል ልጅ ዖምሪ፤
268b6d2a-fa01-530b-a47a-e5c6dcceaa40,3af79d81-8d21-5697-a7be-57bd5e5a834b,4174627d-fa27-540b-af29-a3d593292d9e,19,19,በዛብሎን ወገን ላይ የአብድዩ ልጅ ሶማዒያስ፤ በንፍታሌም ወገን ላይ የዖዜሄል ልጅ ኢያሪሙት፤
e354f0ee-6f0e-5f2c-a1c6-cc861dc0e2aa,3af79d81-8d21-5697-a7be-57bd5e5a834b,4174627d-fa27-540b-af29-a3d593292d9e,20,20,በኤፍሬም ልጆች ላይ የአዛዝያ ልጅ ሆሴዕ፤ በምናሴ ነገድ እኩሌታ ላይ የፈዳያ ልጅ ኢዩኤል፤
a06957fe-c9e1-5fc9-a671-3ecdfc1ba64a,3af79d81-8d21-5697-a7be-57bd5e5a834b,4174627d-fa27-540b-af29-a3d593292d9e,21,21,በገለዓድ ምድር ባለው በምናሴ ነገድ እኩሌታ ላይ የዘብድያስ ልጅ ኢዮዳኢ፤ በብንያምም ልጆች ላይ የአበኔር ልጅ አሳሄል፤
bbdaf981-2849-507c-a491-75e58c1ee083,3af79d81-8d21-5697-a7be-57bd5e5a834b,4174627d-fa27-540b-af29-a3d593292d9e,22,22,በዳን ወገንም ላይ የኢዮራም ልጅ ዓዛርኤል፤ እነዚህ የእስራኤል ነገዶች አለቆች ነበሩ።
a9b641c1-d4d7-5ef0-ab7c-45c1aee73572,3af79d81-8d21-5697-a7be-57bd5e5a834b,4174627d-fa27-540b-af29-a3d593292d9e,23,23,ነገር ግን እግዚአብሔር ሕዝቡ እስራኤልን እንደ ሰማይ ከዋክብት ያበዛ ዘንድ ተናግሮ ነበርና ዳዊት ከሃያ ዓመት በታች የነበሩትን አልቈጠረም።
41a4d168-fd90-5470-a272-78d761fad985,3af79d81-8d21-5697-a7be-57bd5e5a834b,4174627d-fa27-540b-af29-a3d593292d9e,24,24,የሶርህያ ልጅ ኢዮአብም መቍጠር ጀመረ፤ ነገር ግን አልፈጸመም፤ ስለዚህ ነገር በእስራኤል ላይ ቍጣ ሆነ፤ ቍጥራቸውም በንጉሡ በዳዊት የታሪክ መጽሐፍ አልተጻፈም።
88b3b140-f4c5-514d-a71e-38f4eff5ff01,3af79d81-8d21-5697-a7be-57bd5e5a834b,4174627d-fa27-540b-af29-a3d593292d9e,25,25,በንጉሡም ቤተ መዛግብት ላይ የዓዳኤል ልጅ ዓዝሞት ሹም ነበረ፤ በሜዳውም፥ በከተሞቹም፥ በመንደሮቹም፥ በግንቦቹም ቤተ መዛግብት ላይ የዖዝያ ልጅ ዮናታን ሹም ነበረ፤
568751d7-cb9a-59df-afd3-8c967df7502c,3af79d81-8d21-5697-a7be-57bd5e5a834b,4174627d-fa27-540b-af29-a3d593292d9e,26,26,መሬቱን በሚያበጃጁትና እርሻውን በሚያርሱት ላይ የክሉብ ልጅ ዔዝሪ ሹም ነበረ፤
ed6e07f6-1a6a-5412-a10d-3907885e1cad,3af79d81-8d21-5697-a7be-57bd5e5a834b,4174627d-fa27-540b-af29-a3d593292d9e,27,27,በወይንም ቦታዎች ላይ ራማታዊው ሰሜኢ ሹም ነበረ፤ ለወይንም ጠጅ ዕቃ ቤት በሚሆነው በወይኑ ሰብል ላይ የሳፍኒው ዘብዲ ሹም ነበረ።
c4701ab8-192c-5d8c-adae-701e7d0d8cad,3af79d81-8d21-5697-a7be-57bd5e5a834b,4174627d-fa27-540b-af29-a3d593292d9e,28,28,በቈላውም ውስጥ ባሉት በወይራውና በሾላው ዛፎች ላይ ጌድራዊው በአልሐናን ሹም ነበረ፤ በዘይቱም ቤቶች ላይ ኢዮአስ ሹም ነበረ፤
cfc4baa3-7655-5b85-ae19-718e6ee9ea55,3af79d81-8d21-5697-a7be-57bd5e5a834b,4174627d-fa27-540b-af29-a3d593292d9e,29,29,በሳሮንም በሚሰማሩ ከብቶች ላይ ሳሮናዊው ሰጥራይ ሹም ነበረ፤ በሸለቆዎቹም ውስጥ በነበሩት ከብቶች ላይ የዓድላይ ልጅ ሳፋጥ ሹም ነበረ፤
2f708ca7-e268-5bfd-a899-8a1cb094a849,3af79d81-8d21-5697-a7be-57bd5e5a834b,4174627d-fa27-540b-af29-a3d593292d9e,30,30,በግመሎቹም ላይ እስማኤላዊው ኤቢያስ ሹም ነበረ፤ በአህዮቹም ላይ ሜሮኖታዊው ኢያድስ ሹም ነበረ፤
485cefd2-7282-5f98-a036-2c0237f58272,3af79d81-8d21-5697-a7be-57bd5e5a834b,4174627d-fa27-540b-af29-a3d593292d9e,31,31,በበጎችም ላይ አጋራዊው ያዚዝ ሹም ነበረ። እነዚህ ሁሉ በንጉሡ በዳዊት ሀብት ላይ ሹሞች ነበሩ።
d2c8a37e-de44-5ae5-a063-5e47156f5465,3af79d81-8d21-5697-a7be-57bd5e5a834b,4174627d-fa27-540b-af29-a3d593292d9e,32,32,አስተዋይና ጸሓፊ የነበረው በአባቱ በኩል የዳዊት አጎት ዮናታን አማካሪ ነበረ፤ የአክማኔም ልጅ ኢያሔኤል ከንጉሡ ልጆች ጋር ነበረ፤
df40220f-dba1-5b07-aaba-0e8b98e31feb,3af79d81-8d21-5697-a7be-57bd5e5a834b,4174627d-fa27-540b-af29-a3d593292d9e,33,33,አኪጦፌልም የንጉሡ አማካሪ ነበረ። አርካዊው ኩሲም የንጉሡ አንደኛ ወዳጅ ነበረ፤
63a1ec44-0bcf-5841-ac50-95d2ce64c827,3af79d81-8d21-5697-a7be-57bd5e5a834b,4174627d-fa27-540b-af29-a3d593292d9e,34,34,ከአኪጦፌልም ቀጥሎ የበናያስ ልጅ ዮዳሔና አብያታር ነበሩ፤ ኢዮአብም የንጉሡ ሠራዊት አለቃ ነበረ።
ce6c7c3f-e7d5-5aa1-a9fe-d262674896d5,eabd5100-0fe4-5f02-a692-a92d7e07178f,d88dd59c-4a87-5832-ad64-0cc1589d5c11,1,1,ዳዊትም የእስራኤልን አለቆች ሁሉና የፍርድ አለቆችን፥ ንጉሡንም በየተራ የሚጠብቁትን አለቆቹን፥ ሻለቆቹንም፥ የመቶ አለቆቹንም፥ በንጉሡና በልጆቹ ሀብትና ንብረት ላይ፥ መባ ባለበት ላይ የተሾሙትን ጃንደረቦችንም፥ ኀያላኑንና ሰልፈኞቹን ሁሉ ወደ ኢየሩሳሌም ሰበሰበ።
f5bd32b5-b098-593b-ab1c-0abf599638e9,eabd5100-0fe4-5f02-a692-a92d7e07178f,d88dd59c-4a87-5832-ad64-0cc1589d5c11,2,2,ንጉሡም ዳዊት በጉባኤው መካከል ቆሞ እንዲህ አለ፥ “ወንድሞቼና ሕዝቤ ሆይ፥ ስሙኝ፤ ለእግዚአብሔር ለቃል ኪዳኑ ታቦትና ለአምላካችን እግር ማረፊያ የዕረፍት ቤት ለመሥራት አሳብ በልቤ መጣብኝ፤ ለዚህም ሥራ የሚያስፈልገውን አዘጋጅቻለሁ፤
2209cf6d-de87-5ac9-a142-8193e592cf6e,eabd5100-0fe4-5f02-a692-a92d7e07178f,d88dd59c-4a87-5832-ad64-0cc1589d5c11,3,3,እግዚአብሔር ግን፦ የሰልፍ ሰው ነህና፥ ብዙ ደምም አፍስሰሃልና ስሜ የሚጠራበትን ቤት አትሠራም ብሎኛል።
1bb1d7cd-c9d9-51da-a5b5-9f9aba5c0708,eabd5100-0fe4-5f02-a692-a92d7e07178f,d88dd59c-4a87-5832-ad64-0cc1589d5c11,4,4,ነገር ግን የእስራኤል አምላክ እግዚአብሔር በእስራኤል ላይ የዘለዓለም ንጉሥ እሆን ዘንድ ከአባቴ ቤት ሁሉ መርጦኛል፤ ይሁዳንም አለቃ ይሆን ዘንድ መርጦታል፤ ከይሁዳም ቤት የአባቴን ቤት መርጦአል፤ ከአባቴም ልጆች መካከል በእስራኤል ሁሉ ላይ ያነግሠኝ ዘንድ እኔን ሊመርጠኝ ወደደ።
b88243e4-e89f-5571-a582-89015ca423ee,eabd5100-0fe4-5f02-a692-a92d7e07178f,d88dd59c-4a87-5832-ad64-0cc1589d5c11,5,5,እግዚአብሔርም ብዙ ልጆች ሰጥቶኛልና ከልጆቼ ሁሉ በእግዚአብሔር መንግሥት ዙፋን ላይ ተቀምጦ በእስራኤል ላይ ይነግሥ ዘንድ ልጄን ሰሎሞንን መርጦታል።
57f8bfcb-dca9-5b69-a3ef-8199ed7a7f47,eabd5100-0fe4-5f02-a692-a92d7e07178f,d88dd59c-4a87-5832-ad64-0cc1589d5c11,6,6,እግዚአብሔርም እንዲህ አለኝ፦ ልጅ ይሆነኝ ዘንድ መርጬዋለሁና፥ እኔም አባት እሆነዋለሁና ልጅህ ሰሎሞን ቤቴንና አደባባዮቼን ይሠራል።
310fb9bf-10c2-5d66-a33e-dfd76f93278d,eabd5100-0fe4-5f02-a692-a92d7e07178f,d88dd59c-4a87-5832-ad64-0cc1589d5c11,7,7,ትእዛዜንና ፍርዴንም መጠበቅ ቢችልና እንደ ዛሬው ቢጸና መንግሥቱን ለዘለዓለም አጸናዋለሁ።
13491819-8fc3-582a-ab71-085353dd0be7,eabd5100-0fe4-5f02-a692-a92d7e07178f,d88dd59c-4a87-5832-ad64-0cc1589d5c11,8,8,አሁንም የእግዚአብሔር ጉባኤ እስራኤል ሁሉ እያዩ፥ አምላካችንም እየሰማ፥ ይህችን መልካሚቱን ምድር ትወርሱ ዘንድ፥ ለልጆቻችሁም ለዘለዓለም ታወርሱአት ዘንድ የአምላካችሁን የእግዚአብሔርን ትእዛዝ ሁሉ ጠብቁ፤ ፈልጉም።
1af4bd97-18ee-5da3-a22a-63c2ef70ca4d,eabd5100-0fe4-5f02-a692-a92d7e07178f,d88dd59c-4a87-5832-ad64-0cc1589d5c11,9,9,“አንተም ልጄ ሰሎሞን ሆይ፥ እግዚአብሔር ልብን ሁሉ ይመረምራልና፥ የነፍስንም አሳብ ሁሉ ያውቃልና የአባቶችህን አምላክ ዕወቅ፤ በፍጹም ልብና በነፍስህ ፈቃድም ተገዛለት፤ ብትፈልገው ታገኘዋለህ፤ ብትተወው ግን ለዘለዓለም ይተውሃል።
88136127-7c66-5a39-a2f1-021bbe6f4fc5,eabd5100-0fe4-5f02-a692-a92d7e07178f,d88dd59c-4a87-5832-ad64-0cc1589d5c11,10,10,አሁንም፥ እነሆ፥ እግዚአብሔር ለመቅደስ የሚሆን ቤትን ትሠራ ዘንድ መርጦሃልና ጠንክረህ ፈጽመው።”
7e2d3887-fe47-5b3a-a9b3-847ebc624177,eabd5100-0fe4-5f02-a692-a92d7e07178f,d88dd59c-4a87-5832-ad64-0cc1589d5c11,11,11,ዳዊትም ለመቅደሱ ወለል፥ ለቤቱም፥ ለቤተ መዛግብቱም፥ ለደርቡና ለውስጡም ጓዳዎች፥ ለስርየቱም መክደኛ መቀመጫ ምሳሌውን ለልጁ ለሰሎሞን ሰጠው።
d05a196a-241e-56f6-a312-22ce0631e729,eabd5100-0fe4-5f02-a692-a92d7e07178f,d88dd59c-4a87-5832-ad64-0cc1589d5c11,12,12,ደግሞም ለእግዚአብሔር ቤት አደባባዮችና በዙሪያው ለሚሆኑ ጓዳዎች፥ ለእግዚአብሔርም ቤት ለሚሆኑ ቤተ መዛግብት፥ ለንዋየ ቅድሳቱም ለሚሆኑ ዕቃ ቤቶች፥ ለቀሩትም በመንፈሱ ላሰበው ሁሉ ምሳሌን ሰጠው።
6e4ea247-ca62-58a0-a5a3-c3eb997ed3ec,eabd5100-0fe4-5f02-a692-a92d7e07178f,d88dd59c-4a87-5832-ad64-0cc1589d5c11,13,13,የካህናቱንና የሌዋውያኑንም ክፍላቸውን፥ በእግዚአብሔርም ቤት ለሚያገለግሉበት ሥራ ሁሉ፥ በእግዚአብሔርም ቤት ለሚያገለግሉበት ዕቃ ሁሉ፥ ለአገልግሎት ሁሉ ለሚሆነውም፥
859dc712-e440-518b-aaef-098a67cf0f38,eabd5100-0fe4-5f02-a692-a92d7e07178f,d88dd59c-4a87-5832-ad64-0cc1589d5c11,14,14,ለወርቁ ዕቃ ወርቁን በሚዛን ሰጠው፤ ለአገልግሎት ሁሉ ለሚሆነውም ለብር ዕቃ ሁሉ ብሩን በሚዛን ሰጠው፤
8541b585-dc8e-59c9-a5a8-ae06094ce648,eabd5100-0fe4-5f02-a692-a92d7e07178f,d88dd59c-4a87-5832-ad64-0cc1589d5c11,15,15,ለወርቁም መቅረዞችና ለቀንዲሎችም ወርቁን በየመቅረዙና በየቀንዲሉ በሚዛን ሰጠው፤ ለብሩም መቅረዞች እንደ መቅረዙ ሁሉ ሥራ ብሩን በየመቅረዙና በየቀንዲሉ በሚዛን ሰጠው፤
12f61970-f396-587e-a781-d7d81fd989d7,eabd5100-0fe4-5f02-a692-a92d7e07178f,d88dd59c-4a87-5832-ad64-0cc1589d5c11,16,16,ዳግመኛም ለገጹ ኅብስት ገበታዎች ወርቁን በሚዛን ለገበታዎቹ ሁሉ፥ ብሩንም ለብሩ ገበታዎች እንደዚሁ ሰጠው፤
0e476896-9e0e-56a5-ac31-8914028c0b75,eabd5100-0fe4-5f02-a692-a92d7e07178f,d88dd59c-4a87-5832-ad64-0cc1589d5c11,17,17,ለሥጋ ሜንጦዎቹና ለድስቶቹ፥ ለመጠጥ ቍርባን መቅጃዎቹም ጥሩውን ወርቅ፥ ለወርቁም ጽዋዎች ወርቁን በየጽዋው ሁሉ በሚዛን ሰጠው፤ ለብሩም ጽዋዎች ብሩን በየጽዋው በሚዛን ሰጠው።
f6202c90-c70e-5fb8-aaa6-68b47cbfd2fe,eabd5100-0fe4-5f02-a692-a92d7e07178f,d88dd59c-4a87-5832-ad64-0cc1589d5c11,18,18,ለዕጣኑም መሠዊያ ጥሩውን ወርቅ በሚዛን፥ ክንፎቻቸውንም ዘርግተው የእግዚአብሔርን ቃል ኪዳን ታቦት የሸፈኑትን የኪሩቤልን የወርቅ ሰረገላ ምሳሌ አሳየው።
7ff04873-3da5-5cd4-ae86-0c735e955f06,eabd5100-0fe4-5f02-a692-a92d7e07178f,d88dd59c-4a87-5832-ad64-0cc1589d5c11,19,19,ዕውቀት እንደ ተሰጠው የእግዚአብሔርን ቤት ይሠራ ዘንድ ዳዊት በእግዚአብሔር ሕግ የተጻፈውን ለልጁ ለሰሎሞን ሰጠው።
7e1813bf-7f64-5e77-af42-bb0857ff7004,eabd5100-0fe4-5f02-a692-a92d7e07178f,d88dd59c-4a87-5832-ad64-0cc1589d5c11,20,20,ዳዊትም ልጁን ሰሎሞንን፥ “ጠንክር፤ ሰው ሁን፤ አይዞህ፥ አድርገውም፤ አምላኬ እግዚአብሔር ከአንተ ጋር ነውና አትፍራ፤ አትደንግጥም፤ ለእግዚአብሔርም ቤት አገልግሎት የሚሆነውን ሥራ ሁሉ እስክትፈጽም ድረስ እርሱ አይተውህም፤ አይጥልህምም። እነሆ፥ የእግዚአብሔር ቤት ሕንጻ ምሳሌ፥ የአደባባዩ፥ የቤተ መዛግብቱ፥ የሰገነቱ፥ የውስጡ ቤተ መዛግብት፥ የስርየት ቤቱና፥ የእግዚአብሔር ቤት ምሳሌ።
d61ac2f5-8404-5594-a630-7a1519579aaf,eabd5100-0fe4-5f02-a692-a92d7e07178f,d88dd59c-4a87-5832-ad64-0cc1589d5c11,21,21,እነሆም፥ ለእግዚአብሔር ቤት አገልግሎት ሁሉ የሚሆኑ የካህናትና የሌዋውያን ክፍሎች በዚህ አሉ፤ ለሁሉም ዓይነት አገልግሎትና ሥራ በጥበብና በነፍሱ ፈቃድ የሚሠራ ሁሉ ከአንተ ጋር ይሆናል፤ አለቆችና ሕዝቡም ሁሉ ፈጽመው ይታዘዙሃል” አለው።
77a577e3-eb0b-568d-aeb2-770772d70855,3fe92cfc-e074-5c23-a084-b4475035a180,04a76ddd-b808-573a-a8b5-f9b5f4152e89,1,1,ንጉሡ ዳዊትም ለጉባኤው ሁሉ እንዲህ አለ፥ “እግዚአብሔር ብቻውን የመረጠው ልጄ ሰሎሞን ገና ለጋ ብላቴና ነው፤ ሕንጻው ግን ለእግዚአብሔር ለአምላክ ነው እንጂ ለሰው አይደለምና ሥራው ታላቅ ነው።
8fd6244e-8e71-5c14-a012-c8c96792fdb8,3fe92cfc-e074-5c23-a084-b4475035a180,04a76ddd-b808-573a-a8b5-f9b5f4152e89,2,2,እኔም እንደ ጉልበቴ ሁሉ ለአምላኬ ለእግዚአብሔር ቤት ወርቅን፥ ብርን፥ ናስን፥ ብረትን፥ እንጨትን፥ ደግሞም መረግድንና በፈርጥ የሚገባ ድንጋይን፥ የሚለጠፍ ድንጋይን፥ ልዩ ልዩ መልክ ያለውንም ድንጋይ፥ የከበረውንም ድንጋይ ከየዓይነቱ፥ ብዙም እብነ በረድ አዘጋጅቻለሁ።
ca1e3a38-e37e-5bad-ac63-a5184cad57f6,3fe92cfc-e074-5c23-a084-b4475035a180,04a76ddd-b808-573a-a8b5-f9b5f4152e89,3,3,ከዚህም በላይ ደግሞ የአምላኬን የእግዚአብሔርን ቤት ስለ ወደድሁ፥ ለመቅደሱ ከሰበሰብሁት ሁሉ ሌላ የግል ገንዘቤ የሚሆን ወርቅና ብር አለኝና እነሆ፥ ለአምላኬ ቤት ሰጥቼዋለሁ።
d3f2ac76-8219-5c8b-a719-df09c7206c0f,3fe92cfc-e074-5c23-a084-b4475035a180,04a76ddd-b808-573a-a8b5-f9b5f4152e89,4,4,የእግዚአብሔር ቤት ግንቦች ይለበጡበት ዘንድ ከኦፌር ወርቅ ሦስት ሺህ መክሊት ወርቅ፥ ሰባት ሺህ መክሊትም ጥሩ ብር፤
853c1f5d-6d11-561b-a017-5c5ca3bdc5bc,3fe92cfc-e074-5c23-a084-b4475035a180,04a76ddd-b808-573a-a8b5-f9b5f4152e89,5,5,በሠራተኞች እጅ ለሚሠራው ሥራ ሁሉ ለወርቁ ዕቃ ወርቁን፥ ለብሩም ዕቃ ብሩን ሰጥቻለሁ። ዛሬ በዚች ቀን በፈቃዱ አገልግሎቱን ለእግዚአብሔር የሚፈጽም ማን ነው?”
85b0e27b-38d9-56a3-a131-ff96e131231c,3fe92cfc-e074-5c23-a084-b4475035a180,04a76ddd-b808-573a-a8b5-f9b5f4152e89,6,6,የአባቶችም ቤቶች አለቆች፥ የእስራኤልም ልጆች አለቆች፥ ሻለቆችም፥ የመቶ አለቆችም፥ በእግዚአብሔር ቤት ሥራ የተሾሙና የንጉሡ ግንበኞች በፈቃዳቸው አቀረቡ።
8f154d6a-adfd-5999-a9bb-115a5cbc9d53,3fe92cfc-e074-5c23-a084-b4475035a180,04a76ddd-b808-573a-a8b5-f9b5f4152e89,7,7,ለእግዚአብሔርም ቤት ሥራ አምስት ሺህ መክሊት ወርቅና ዐሥር ሺህ ዳሪክ፥ ዐሥር ሺህም መክሊት ብር፥ ዐሥራ ስምንት ሺህም መክሊት ናስ፥ መቶ ሺህም መክሊት ብረት ሰጡ።
964b51cf-529b-50c8-a2f2-c600110d7ee4,3fe92cfc-e074-5c23-a084-b4475035a180,04a76ddd-b808-573a-a8b5-f9b5f4152e89,8,8,የከበረ ዕንቍም ያላቸው ሰዎች ሁሉ ለእግዚአብሔር ቤት ለሆነው ቤተ መዛግብት በጌድሶናዊው በኢዩኤል እጅ ሰጡ።
164373db-9718-5ed7-a43a-7e7e8ffeb282,3fe92cfc-e074-5c23-a084-b4475035a180,04a76ddd-b808-573a-a8b5-f9b5f4152e89,9,9,ሕዝቡም ፈቅደው ሰጥተዋልና፥ በፍጹም ልባቸውም ለእግዚአብሔር በፈቃዳቸው አቅርበዋልና ደስ አላቸው፤ ንጉሡም ዳዊት ደግሞ ታላቅ ደስታ ደስ አለው።
233f0a2e-db6e-5a25-a0df-df7c8f5136c3,3fe92cfc-e074-5c23-a084-b4475035a180,04a76ddd-b808-573a-a8b5-f9b5f4152e89,10,10,ንጉሡ ዳዊትም በጉባኤው ሁሉ ፊት እግዚአብሔርን አመሰገነ፤ እንዲህም አለ፥ “አቤቱ፥ የእስራኤል አምላክ አባታችን እግዚአብሔር ሆይ፥ ከዘለዓለም እስከ ዘለዓለም ቡሩክ ነህ።
abc19490-a93e-5f27-afdd-f761b510f180,3fe92cfc-e074-5c23-a084-b4475035a180,04a76ddd-b808-573a-a8b5-f9b5f4152e89,11,11,አቤቱ፥ በሰማይና በምድር ያለው ሁሉ የአንተ ነውና ታላቅነትና ኀይል፥ ክብርም፥ ድልና ጽንዕ የአንተ ነው፤ ነገሥታቱና ሕዝቡ ሁሉ በፊትህ ይደነግጣሉ።
5fcf4dac-5766-5fbc-ac46-4265fc747976,3fe92cfc-e074-5c23-a084-b4475035a180,04a76ddd-b808-573a-a8b5-f9b5f4152e89,12,12,ባለጠግነትና ክብር ከአንተ ዘንድ ነው፤ አቤቱ፥ አንተም ሁሉን ትገዛለህ፤ የሥልጣን ሁሉ ጌታ ነህ፤ ኀይልና ብርታት በእጅህ ነው፤ ኀያል ነህ፤ ታላቅ ለማድረግ፥ ለሁሉም ኀይልን ለመስጠት ዓለምን ሁሉ በእጅህ የያዝህ ነህ።
bc5fd608-00e0-56f0-a73a-5deddae4058b,3fe92cfc-e074-5c23-a084-b4475035a180,04a76ddd-b808-573a-a8b5-f9b5f4152e89,13,13,አሁንም እንግዲህ፥ አምላካችን ሆይ፥ እንገዛልሃለን፤ ለክቡር ስምህም ምስጋና እናቀርባለን።
fe524d1e-e6c7-5c7b-ad4e-4fb8940d1b72,3fe92cfc-e074-5c23-a084-b4475035a180,04a76ddd-b808-573a-a8b5-f9b5f4152e89,14,14,ሁሉ ከአንተ ዘንድ ነውና፥ ከእጅህም የተቀበልነውን ሰጥተንሃልና ይህን ያህል ችለን ልናቀርብልህ እኔ ማን ነኝ? ሕዝቤስ ማን ነው?
66c135b2-0be7-5955-aeed-bee3dd537c40,3fe92cfc-e074-5c23-a084-b4475035a180,04a76ddd-b808-573a-a8b5-f9b5f4152e89,15,15,አባቶቻችን ስደተኞች እንደ ነበሩ እኛ በፊትህ ስደተኞችና መጻተኞች ነን፤ ዘመናችንም በምድር ላይ እንደ ጥላ ናት፤ አትጸናምም።
e37321bf-ced2-5068-aaa0-addc84ad1e82,3fe92cfc-e074-5c23-a084-b4475035a180,04a76ddd-b808-573a-a8b5-f9b5f4152e89,16,16,አቤቱ አምላካችን ሆይ፥ ለቅዱስ ስምህ ቤት እሠራ ዘንድ ይህ ያዘጋጀሁት ባለጠግነት ሁሉ ከእጅህ የመጣ ነው፤ ሁሉም የአንተ ነው።
cd61a4eb-3d30-5214-af71-ffdedf02aeac,3fe92cfc-e074-5c23-a084-b4475035a180,04a76ddd-b808-573a-a8b5-f9b5f4152e89,17,17,አምላኬ ሆይ፥ ልብን እንደምትመረምር፥ ጽድቅንም እንደምትወድድ አውቃለሁ፤ እኔም በልቤ ቅንነትና በፈቃዴ ይህን ሁሉ አቅርቤአለሁ፤ አሁንም በዚህ ያለው ሕዝብህ በፈቃዱ እንዳቀረበልህ በደስታ አይቻለሁ።
b014b633-01a2-586e-a9b2-905ef2e2b0d5,3fe92cfc-e074-5c23-a084-b4475035a180,04a76ddd-b808-573a-a8b5-f9b5f4152e89,18,18,አቤቱ፥ የአባቶቻችን የአብርሃምና የይስሐቅ የእስራኤልም አምላክ ሆይ፥ ይህን አሳብ በሕዝብህ ልብ ላይ ለዘለዓለም ጠብቅ፤ ልባቸውንም ወደ አንተ አቅና።
64ceec6d-ff04-56f7-a9a9-0659373a1ccf,3fe92cfc-e074-5c23-a084-b4475035a180,04a76ddd-b808-573a-a8b5-f9b5f4152e89,19,19,ትእዛዝህንም ያደርግ ዘንድ፥ ምስክርህንም፥ ሥርዐትህንም ይጠብቅ ዘንድ፥ ያዘጋጀሁለትንም ቤት ይሠራ ዘንድ ለልጄ ለሰሎሞን ቅን ልብን ስጠው።”
93fccd5b-674e-54d1-aed2-f1f4b5c5b529,3fe92cfc-e074-5c23-a084-b4475035a180,04a76ddd-b808-573a-a8b5-f9b5f4152e89,20,20,ዳዊትም ጉባኤውን ሁሉ፥ “አምላካችን እግዚአብሔርን አመስግኑ” አላቸው። ጉባኤውም ሁሉ የአባቶቻቸውን አምላክ እግዚአብሔርን አመሰገኑ፥ በጕልበታቸውም ተንበርክከው ለእግዚአብሔር ሰገዱ፤ ደግሞም ለንጉሡ።
ab3b9b2e-32e2-59b8-a26a-471f563ca0e9,3fe92cfc-e074-5c23-a084-b4475035a180,04a76ddd-b808-573a-a8b5-f9b5f4152e89,21,21,በነጋውም ዳዊት ለእግዚአብሔር መሥዋዕት ሠዋ፤ የሚቃጠለውንም መሥዋዕት ለእግዚአብሔር አቀረበ፤ አንድ ሺህ ወይፈን፥ አንድ ሺህም አውራ በጎች፥ አንድ ሺህም የበግ ጠቦቶች፥ የመጠጥ ቍርባናቸውንም፥ ስለ እስራኤልም ሁሉ ብዙ መሥዋዕት አቀረበ።
692e55e0-71d4-51e9-a54b-5ba2f32c07cf,3fe92cfc-e074-5c23-a084-b4475035a180,04a76ddd-b808-573a-a8b5-f9b5f4152e89,22,22,በዚያም ቀን በታላቅ ደስታ በእግዚአብሔር ፊት በሉ፥ ጠጡም። የዳዊትንም ልጅ ሰሎሞንን ሁለተኛ ጊዜ አነገሡት፤ እርሱንም ንጉሥ ይሆን ዘንድ ለእግዚአብሔር ቀቡት፤ ሳዶቅም በካህናት ላይ ተሾመ።
c672bc63-09aa-5cb0-a2c7-e0b35176958c,3fe92cfc-e074-5c23-a084-b4475035a180,04a76ddd-b808-573a-a8b5-f9b5f4152e89,23,23,ሰሎሞንም በአባቱ በዳዊት ዙፋን ላይ ተቀመጠ፤ በሁሉም ዘንድ ተወዳጅ ሆነ፤ እስራኤልም ሁሉ ታዘዙለት።
155afdc6-4422-51fc-a709-36fef9fdb9f3,3fe92cfc-e074-5c23-a084-b4475035a180,04a76ddd-b808-573a-a8b5-f9b5f4152e89,24,24,አለቆቹም ሁሉ፥ ኀያላኑም፥ ደግሞም የንጉሡ የአባቱ የዳዊት ልጆች ሁሉ ለንጉሡ ለሰሎሞን ተገዙለት።
1798dad9-85e9-517f-adbd-88cc836ba2ec,3fe92cfc-e074-5c23-a084-b4475035a180,04a76ddd-b808-573a-a8b5-f9b5f4152e89,25,25,እግዚአብሔርም ሰሎሞንን በእስራኤል ሁሉ ፊት እጅግ አገነነው፤ ከእርሱ በፊትም ለነበሩት ነገሥታት ያልሆነውን የመንግሥት ክብር ሰጠው።
c9874e04-1c04-5c7c-a88a-e771b5922eff,3fe92cfc-e074-5c23-a084-b4475035a180,04a76ddd-b808-573a-a8b5-f9b5f4152e89,26,26,የእሴይም ልጅ ዳዊት በእስራኤል ሁሉ ላይ አርባ ዓመት ነገሠ።
52840b0d-5db2-58cf-a8a0-bf369affff38,3fe92cfc-e074-5c23-a084-b4475035a180,04a76ddd-b808-573a-a8b5-f9b5f4152e89,27,27,ሰባት ዓመት በኬብሮን፥ ሠላሳ ሦስትም ዓመት በኢየሩሳሌም ነገሠ።
ac49de89-2345-5914-a252-2fbb52a2ff00,3fe92cfc-e074-5c23-a084-b4475035a180,04a76ddd-b808-573a-a8b5-f9b5f4152e89,28,28,ዕድሜም፥ ባለጠግነትም፥ ክብርም ጠግቦ በመልካም ሽምግልና ሞተ፤ ልጁም ሰሎሞን በእርሱ ፋንታ ነገሠ።
9cf44620-8b2a-592d-a7d7-73d58b56ba5c,3fe92cfc-e074-5c23-a084-b4475035a180,04a76ddd-b808-573a-a8b5-f9b5f4152e89,29,29,የንጉሡም የዳዊት የፊተኛውና የኋለኛው ነገር፥ እነሆ፥ በባለራእዩ በሳሙኤል ታሪክ፥ በነቢዩም በናታን ታሪክ፥ በባለ ራእዩም በጋድ ታሪክ ተጽፎአል።
1e97e55a-9dfd-54d8-a9af-a0cd9d79cbaf,3fe92cfc-e074-5c23-a084-b4475035a180,04a76ddd-b808-573a-a8b5-f9b5f4152e89,30,30,እንደዚሁም የመንግሥቱ ነገርና ኀይሉ ሁሉ በእርሱም፥ በእስራኤልም፥ በምድርም መንግሥታት ሁሉ ላይ ያለፉት ዘመናት ተጽፈዋል።
fa9efc30-a7b8-5ae3-a4f8-e29612474f63,138cdf44-549c-52fc-aaea-4fa1998cad18,2a105301-f043-586e-a292-59703018ba36,1,1,የዳዊት ልጅ ሰሎሞንም በመንግሥቱ በረታ፤ አምላኩም እግዚአብሔር ከእርሱ ጋር ነበረ፤ እጅግም አከበረው፤ አገነነውም።
5990c89e-f2c9-5997-a42d-5f5440b97193,138cdf44-549c-52fc-aaea-4fa1998cad18,2a105301-f043-586e-a292-59703018ba36,2,2,ሰሎሞንም ለእስራኤል ሁሉ፥ ለሻለቆች ለመቶ አለቆችም፥ ለፈራጆችም፥ በእስራኤልም ሁሉ ዘንድ ለነበሩ መሳፍንት ሁሉ፥ ለአባቶች ቤቶች አለቆች ሁሉ ተናገረ።
3c92c8e8-bd79-557a-a4d9-bff0f897021e,138cdf44-549c-52fc-aaea-4fa1998cad18,2a105301-f043-586e-a292-59703018ba36,3,3,ሰሎሞንም ከእርሱም ጋር የእስራኤል ጉባኤ ሁሉ የእግዚአብሔር ባሪያ ሙሴ በምድረ በዳ የሠራው የእግዚአብሔር የምስክር ድንኳን በዚያ ነበረና በገባዖን ወዳለው የኮረብታው መስገጃ ሄዱ።
1fc16a2e-3570-579b-acfc-ce916a15df2b,138cdf44-549c-52fc-aaea-4fa1998cad18,2a105301-f043-586e-a292-59703018ba36,4,4,ዳዊት ግን የእግዚአብሔርን ታቦት ከቂርያትይዓሪም አወጣት። ለእርሷ በኢየሩሳሌም ድንኳን አዘጋጅቶላት ነበርና።
4e7b1f6c-8801-5e3e-abf7-75da25a2294d,138cdf44-549c-52fc-aaea-4fa1998cad18,2a105301-f043-586e-a292-59703018ba36,5,5,የሆርም ልጅ የኡሪ ልጅ ባስልኤል የሠራው የናስ መሠዊያ በዚያ በእግዚአብሔር ማደሪያ ፊት ነበረ፤ ሰሎሞንና የእስራኤልም ጉባኤ የእግዚአብሔርን ታቦት ይፈልጓት ነበር።
cc9d0246-b53e-5e19-a673-65fa014669db,138cdf44-549c-52fc-aaea-4fa1998cad18,2a105301-f043-586e-a292-59703018ba36,6,6,ሰሎሞንም በእግዚአብሔር ፊት በድንኳኑ አጠገብ ወዳለው ወደ ናሱ መሠዊያ ወጣ፤ በዚያም አንድ ሺህ የሚቃጠል መሥዋዕት አቀረበ።
e31068c1-c2dc-5149-aaf2-876534ebc750,138cdf44-549c-52fc-aaea-4fa1998cad18,2a105301-f043-586e-a292-59703018ba36,7,7,በዚያችም ሌሊት እግዚአብሔር ለሰሎሞን ታየው፥ “የምሰጥህን ከእኔ ለምን” አለው።
735e47b9-4c71-54bf-a469-31af0b77e3e2,138cdf44-549c-52fc-aaea-4fa1998cad18,2a105301-f043-586e-a292-59703018ba36,8,8,ሰሎሞንም እግዚአብሔርን አለው፥ “ከአባቴ ከዳዊት ጋር ታላቅ ምሕረትን አድርገሃል፤ በእርሱም ፋንታ አንግሠኸኛል።
40586c25-ee16-508b-a55f-96547af9cae7,138cdf44-549c-52fc-aaea-4fa1998cad18,2a105301-f043-586e-a292-59703018ba36,9,9,አሁንም አቤቱ አምላኬ፥ ቍጥሩ እንደ ምድር አሸዋ በሆነው በብዙ ሕዝብ ላይ አንግሠኸኛልና ስምህ የታመነ ይሁን።
ff1f9131-cbf5-58ce-a1e2-e8c831c642f5,138cdf44-549c-52fc-aaea-4fa1998cad18,2a105301-f043-586e-a292-59703018ba36,10,10,አሁንም በዚህ ሕዝብ ፊት እወጣና እገባ ዘንድ ጥበብንና ማስተዋልን ስጠኝ፤ በዚህ በታላቅ ሕዝብ ላይ መፍረድ የሚቻለው የለምና።”
b529df22-8ed2-5a98-aa1e-660f89192f88,138cdf44-549c-52fc-aaea-4fa1998cad18,2a105301-f043-586e-a292-59703018ba36,11,11,እግዚአብሔርም ሰሎሞንን አለው፥ “ይህ በልብህ ነበረና፥ ባለጠግነትን፥ ሀብትን፥ ክብርን፥ የጠላቶችህንም ነፍስ፥ ረጅምም ዕድሜን አልለመንህም፤ ነገር ግን ባነገሥሁህ በሕዝቤ ላይ ትፈርድ ዘንድ ጥብብንና ማስተዋልን ለራስህ ለምነሃል።
c819210f-40c6-50e7-a0f3-bf000b1ff65a,138cdf44-549c-52fc-aaea-4fa1998cad18,2a105301-f043-586e-a292-59703018ba36,12,12,ጥበብንና ማስተዋልን እሰጥሃለሁ። ካንተ በፊት ለነበሩ ነገሥታት ያልተሰጠውን፥ ከአንተም በኋላ ለሚነሡ የማይሰጠውን ብልፅግናን፥ ገንዘብንና ክብርን እሰጥሃለሁ።”
633d9c43-8283-563e-a0aa-90eb702b1afe,138cdf44-549c-52fc-aaea-4fa1998cad18,2a105301-f043-586e-a292-59703018ba36,13,13,ሰሎሞንም በገባዖን ካለው ኮረብታ ከምስክሩ ድንኳን ፊት ወደ ኢየሩሳሌም መጣ፤ በእስራኤልም ላይ ነገሠ።
1f26c9e6-60e7-5309-abee-5e755150b4cb,138cdf44-549c-52fc-aaea-4fa1998cad18,f9426dd3-ddd2-516a-a743-9b9b8e6c5814,1,14,ሰሎሞንም ሰረገሎችንና ፈረሰኞችን ሰበሰበ፤ አንድ ሺህ አራት መቶ ሰረገሎች፥ ዐሥራ ሁለት ሺህም ፈረሰኞች ነበሩት፤ በሰረገሎች ከተሞችም አስቀመጣቸው። ሕዝቡም ከንጉሡ ጋር በኢየሩሳሌም ነበሩ።
2df2ec6b-ddad-583a-ae4c-60b4c1e43f27,138cdf44-549c-52fc-aaea-4fa1998cad18,f9426dd3-ddd2-516a-a743-9b9b8e6c5814,2,15,ንጉሡም ብሩንና ወርቁን፥ በኢየሩሳሌም እንደ ድንጋይ፥ የዝግባንም እንጨት በብዛት በቆላ እንደሚገኝ ሾላ በይሁዳ አኖረ።
1c4bc914-8fc1-5d1b-afa9-f7d46afacd71,138cdf44-549c-52fc-aaea-4fa1998cad18,f9426dd3-ddd2-516a-a743-9b9b8e6c5814,3,16,የሰሎሞን ፈረሶች መምጫ ከግብፅና ከቴቁሄ ምድር ነበር። በዋጋ ገዝተው ከቴቁሄ የሚያመጡአቸውም ከሀገር ሽማግሌዎች የሆኑ የሰሎሞን ነጋዴዎች ነበሩ።
928367c0-5f81-5376-ad45-6bd3e2b8b71a,138cdf44-549c-52fc-aaea-4fa1998cad18,f9426dd3-ddd2-516a-a743-9b9b8e6c5814,4,17,ሄደውም ከግብፅ አንድ ሰረገላ በስድስት መቶ ብር፥ አንድንም ፈረስ በመቶ አምሳ ሰቅል ብር አመጡ፤ እንዲሁም ለኬጢያውያንና ለሦርያ ነገሥታት ሁሉ በየተራቸው ያመጡላቸው ነበር።
b28b459a-ec66-5449-a8fb-00c66b8c5d77,89f11d1b-7acc-53a1-a401-f4b63ef89213,34b50027-2787-5b85-a7a5-93c39d29a6fa,1,1,ሰሎሞንም ለእግዚአብሔር ስም ቤት፥ ለራሱም ቤተ መንግሥት ልሥራ አለ።
3880f928-80b5-5785-aec2-b7f748f34222,89f11d1b-7acc-53a1-a401-f4b63ef89213,34b50027-2787-5b85-a7a5-93c39d29a6fa,2,2,ሰሎሞንም የሚሸከሙትን ሰባ ሺህ፥ ከተራሮችም ድንጋዮችን የሚጠርቡትን ሰማንያ ሺህ፥ በእነርሱም ላይ የተሾሙትን ሦስት ሺህ ስድስት መቶ ሰዎች ሰበሰበ።
1c7e0518-ce6c-53f9-a7b6-678f897bbcc6,89f11d1b-7acc-53a1-a401-f4b63ef89213,34b50027-2787-5b85-a7a5-93c39d29a6fa,3,3,ሰሎሞንም እንዲህ ሲል ወደ ጢሮስ ንጉሥ ወደ ኪራም ላከ፥ “ከአባቴ ከዳዊት ጋር እንዳደረግህ፥ የሚቀመጥበትንም ቤት ይሠራ ዘንድ የዝግባ እንጨት እንደ ላክህለት፥ እንዲሁ ለእኔ አድርግ።
1a1f9e9c-5bc3-5012-adb8-d847e7de846c,89f11d1b-7acc-53a1-a401-f4b63ef89213,34b50027-2787-5b85-a7a5-93c39d29a6fa,4,4,እነሆ፥ ለእስራኤል ለዘለዓለም እንደ ታዘዘው በእግዚአብሔር ፊት የጣፋጩን ሽቱ ዕጣን ለማጠን፥ የገጹንም ኅብስት ለማኖር፥ የሚቃጠለውንም መሥዋዕት በጥዋትና በማታ፥ በሰንበታቱም፥ በመባቻዎቹም፥ በአምላካችንም በእግዚአብሔር በዓላት ለማቅረብ እኔ ልጁ ለአምላኬ ለእግዚአብሔር ስም ቤት እሠራለሁ፤ እርሱንም እቀድሳለሁ።
d04827d2-f9f7-5ee7-a58f-d45c6c9d3fc4,89f11d1b-7acc-53a1-a401-f4b63ef89213,34b50027-2787-5b85-a7a5-93c39d29a6fa,5,5,አምላካችን እግዚአብሔርም ከአማልክት ሁሉ ይልቅ ታላቅ ነውና የምሠራው ቤት ታላቅ ነው።
c8dafa09-620d-5b69-a4fd-f783ccbb705b,89f11d1b-7acc-53a1-a401-f4b63ef89213,34b50027-2787-5b85-a7a5-93c39d29a6fa,6,6,ነገር ግን ሰማይና ከሰማያት በላይ ያለ ሰማይ ክብሩን ይሸከም ዘንድ አይችልምና ለእርሱ ቤት ይሠራ ዘንድ ማን ይችላል? በፊቱ ዕጣን ከማጠን በቀር ቤት እሠራለት ዘንድ እኔ ማን ነኝ?
344745f2-5bf3-581a-ac7e-a16fd6f48da0,89f11d1b-7acc-53a1-a401-f4b63ef89213,34b50027-2787-5b85-a7a5-93c39d29a6fa,7,7,አሁንም በወርቅና በብር፥ በናስና በብረት፥ በሐምራዊና በቀይ፥ በሰማያዊም ግምጃ መለበጥ የሚችልና፥ አባቴ ዳዊት ካዘጋጃቸው በእኔ ዘንድ በይሁዳና በኢየሩሳሌም ካሉት ብልሃተኞች ጋር ቅርጽ ማውጣት የሚያውቅ ብልሃተኛ ሰውን ላክልኝ።
1bcd28d9-ca0c-5415-ace3-c6f1d9dbaffb,89f11d1b-7acc-53a1-a401-f4b63ef89213,34b50027-2787-5b85-a7a5-93c39d29a6fa,8,8,ደግሞም አገልጋዮችህ ከሊባኖስ እንጨት መቍረጥ እንዲያውቁ እኔ አውቃለሁና ከሊባኖስ የዝግባና የጥድ፥ የሰንደልም እንጨት ላክልኝ።
5517a1dd-1db4-5152-a0d5-53dae05af434,89f11d1b-7acc-53a1-a401-f4b63ef89213,34b50027-2787-5b85-a7a5-93c39d29a6fa,9,9,የምሠራውም ቤት እጅግ ታላቅና ክቡር ይሆናልና ብዙ እንጨት ያዘጋጁልኝ ዘንድ፥ እነሆ፥ አገልጋዮች ከአገልጋዮችህ ጋር ይወጣሉ።
2e6051fd-f628-51e9-a40c-149d7645ea3e,89f11d1b-7acc-53a1-a401-f4b63ef89213,34b50027-2787-5b85-a7a5-93c39d29a6fa,10,10,እነሆም፥ እንጨቱን ለሚቈርጡ ለአገልጋዮችህ ሃያ ሺህ የቆሮስ መስፈሪያ የተበጠረ ስንዴ፥ ሃያ ሺህም የቆሮስ መስፈሪያ ገብስ፥ ሃያ ሺህም የባዶስ መስፈሪያ የወይን ጠጅ፥ ሃያ ሺህም የባዶስ መስፈሪያ ዘይት በነጻ እሰጣለሁ።”
26da91a0-0f4f-5d4c-a3eb-72fdb1795ce7,89f11d1b-7acc-53a1-a401-f4b63ef89213,34b50027-2787-5b85-a7a5-93c39d29a6fa,11,11,የጢሮስ ንጉሥ ኪራምም፥ “እግዚአብሔር ሕዝቡን ወድዶአልና በላያቸው አነገሠህ” ሲል ለሰሎሞን ጻፈለት።
af562d83-d5c0-5516-af96-8c754f368cd5,89f11d1b-7acc-53a1-a401-f4b63ef89213,34b50027-2787-5b85-a7a5-93c39d29a6fa,12,12,የጢሮስ ንጉሥ ኪራምም ደግሞ አለ፥ “ለእግዚአብሔር ቤት ለመንግሥቱም ቤት ይሠራ ዘንድ ጥበበኛና ብልሃተኛ፥ አስተዋይም ልጅ ለንጉሡ ለዳዊት የሰጠ፥ ሰማይንና ምድርን የፈጠረ የእስራኤል አምላክ እግዚአብሔር ቡሩክ ይሁን።
4f3220f8-8731-5c54-a193-baf1a45f82dd,89f11d1b-7acc-53a1-a401-f4b63ef89213,34b50027-2787-5b85-a7a5-93c39d29a6fa,13,13,አሁንም ብልሃተኛና አስተዋይ ሰው አቢኪራምን ልኬልሃለሁ።
d2df15f6-a607-58a5-adb5-4214d6a28d5f,89f11d1b-7acc-53a1-a401-f4b63ef89213,34b50027-2787-5b85-a7a5-93c39d29a6fa,14,14,እናቱ ከዳን ልጆች ናት፤ አባቱም የጢሮስ ሰው ነው፤ በወርቅና በብር፥ በናስና በብረት፥ ድንጋዩንና እንጨቱን መለበጥ፥ ሐምራዊውንና ሰማያዊውን፥ ቀዩንም ግምጃ፥ ጥሩውንም በፍታ መሥራት፥ ቅርጽም፥ ሌላም ነገር ሁሉ ማድረግ ያውቃል። ከብልሃተኞችህ ጋር ከጌታዬም ከአባትህ ከዳዊት ብልሃተኞች ጋር ሥራ ብለህ የምትሰጠውን ሁሉ አስቦ መሥራት ይችላል።
9ebea0c4-baa7-52df-a7a0-d680a1e82f37,89f11d1b-7acc-53a1-a401-f4b63ef89213,34b50027-2787-5b85-a7a5-93c39d29a6fa,15,15,አሁንም ጌታዬ የተናገረውን ስንዴውንና ገብሱን ዘይቱንና የወይን ጠጁን ወደ አገልጋዮቹ ይላክ፤
dad46f74-54c4-50ca-ae92-13282d10445d,89f11d1b-7acc-53a1-a401-f4b63ef89213,34b50027-2787-5b85-a7a5-93c39d29a6fa,16,16,እኛም ከሊባኖስ የምትሻውን ያህል እንጨት እንቈርጣለን፤ በታንኳም አድርገን በባሕር ላይ ወደ አንተ ወደ ኢዮጴ እንልካለን፤ አንተም ወደ ኢየሩሳሌም ታስወስደዋለህ።”
450704f7-ff53-54be-af76-0c8107a38038,89f11d1b-7acc-53a1-a401-f4b63ef89213,34b50027-2787-5b85-a7a5-93c39d29a6fa,17,17,ሰሎሞንም አባቱ ዳዊት ከቈጠራቸው ጋር ያልተቈጠሩ በእስራኤል ምድር የነበሩትን መጻተኞች ሁሉ ሰበሰበ፤ ቍጠራቸውም መቶ ኀምሳ ሦስት ሺህ ስድስት መቶ ሆኖ ተገኘ።
7a7e07a7-301d-553c-a567-e06b1ce91bbd,89f11d1b-7acc-53a1-a401-f4b63ef89213,34b50027-2787-5b85-a7a5-93c39d29a6fa,18,18,ከእነርሱም የሚሸከሙትን ሰባ ሺህ፥ በተራሮቹም ላይ የሚጠርቡትን ሰማንያ ሺህ፥ በሕዝቡም ሥራ ላይ የተሾሙትን ሦስት ሺህ ስድስት መቶ አደረገ።
375e1e2f-5c26-5ab5-ac31-4ed5b0a20bcc,fff7f699-49f3-5d4a-adc0-5538f388f234,f897b8ad-fb6a-529f-ae17-86fc25ddfaed,1,1,ሰሎሞንም እግዚአብሔር ለአባቱ ለዳዊት በተገለጠበት በአሞሪያ ተራራ ዳዊት ባዘጋጀው ስፍራ በኢያቡሳዊው በኦርና አውድማ በኢየሩሳሌም የእግዚአብሔርን ቤት መሥራት ጀመረ።
f0b11bbe-14b2-5801-a38e-d410dfb7c2a0,fff7f699-49f3-5d4a-adc0-5538f388f234,f897b8ad-fb6a-529f-ae17-86fc25ddfaed,2,2,በነገሠም በአራተኛው ዓመት በሁለተኛው ወር መሥራት ጀመረ።
fdcdb533-8b1a-50e2-ac21-edf485fc37ee,fff7f699-49f3-5d4a-adc0-5538f388f234,f897b8ad-fb6a-529f-ae17-86fc25ddfaed,3,3,ሰሎሞንም የእግዚአብሔርን ቤት ይሠራ ዘንድ የጣለው መሠረት ይህ ነው፤ ርዝመቱም በዱሮው ስፍር ስድሳ ክንድ፥ ወርዱም ሃያ ክንድ ነበረ።
df57a372-74c6-5ae8-a8ef-43244acab0d2,fff7f699-49f3-5d4a-adc0-5538f388f234,f897b8ad-fb6a-529f-ae17-86fc25ddfaed,4,4,በቤቱም ፊት የነበረው ወለል ርዝመቱ እንደ ቤቱ ወርድ ሃያ ክንድ፥ ቁመቱም መቶ ሃያ ክንድ ነበረ፤ ውስጡንም በጥሩ ወርቅ ለበጠው።
fc6268af-7b8b-5bc7-ac3c-958e3e9afbb9,fff7f699-49f3-5d4a-adc0-5538f388f234,f897b8ad-fb6a-529f-ae17-86fc25ddfaed,5,5,ታላቁንም ቤት በዝግባ እንጨት ከደነው፤ በጥሩም ወርቅ ለበጠው፤ የዘንባባና የሰንሰለት አምሳልም ቀረጸበት።
26c672c8-a609-54be-ad5e-0bf62e3bc3f4,fff7f699-49f3-5d4a-adc0-5538f388f234,f897b8ad-fb6a-529f-ae17-86fc25ddfaed,6,6,ቤቱንም በከበረና በተመረጠ ዕንቍ፥ በወርቅም አስጌጠው፤ ወርቁም የፋሩሔም ወርቅ ነበረ።
3eb5a5ac-0a97-5f8e-a823-570cb3743d26,fff7f699-49f3-5d4a-adc0-5538f388f234,f897b8ad-fb6a-529f-ae17-86fc25ddfaed,7,7,ቤቱንም፥ ሰረገሎቹንም፥ መድረኮቹንም፥ ግንቦቹንም፥ ደጆቹንም በወርቅ ለበጠ፤ በግንቦቹም ላይ ኪሩቤልን ቀረጸ።
a94ffe43-6b96-55d3-a64b-0dd278481591,fff7f699-49f3-5d4a-adc0-5538f388f234,f897b8ad-fb6a-529f-ae17-86fc25ddfaed,8,8,ቅድስተ ቅዱሳኑንም ሠራ፤ ርዝመቱም እንደ ቤቱ ወርድ ሃያ ክንድ፥ ወርዱም ሃያ ክንድ ነበረ፤ ስድስት መቶ መክሊት በሚያህል በጥሩ ወርቅም ኪሩቤልን ለበጣቸው።
cdef0725-baf9-5004-afc8-c91eaa71940e,fff7f699-49f3-5d4a-adc0-5538f388f234,f897b8ad-fb6a-529f-ae17-86fc25ddfaed,9,9,የምስማሮቹም ሚዛን ለእያንዳንዱ አምሳ ሰቅል ወርቅ ነበረ። የደርቡንም ጓዳዎች በወርቅ ለበጠ።
b1b2ffd1-883d-5048-a56c-e616515f75fb,fff7f699-49f3-5d4a-adc0-5538f388f234,f897b8ad-fb6a-529f-ae17-86fc25ddfaed,10,10,በቅድስተ ቅዱሳንም ውስጥ ከእንጨት ሥራ ሁለቱን ኪሩቤል ሠራ፤ በወርቅም ለበጣቸው።
f40e8685-1121-5617-a091-163a77c1fac9,fff7f699-49f3-5d4a-adc0-5538f388f234,f897b8ad-fb6a-529f-ae17-86fc25ddfaed,11,11,የኪሩቤልም ክንፎች ሃያ ክንድ ሙሉ ተዘርግተው ነበር፤ የአንዱ የኪሩብ ክንፍ ርዝመት አምስት ክንድ ነበረ፤ የቤቱንም ግንብ ይነካ ነበር፤ የሁለተኛውም ክንፍ ርዝመት አምስት ክንድ ነበረ፤ የሁለተኛውንም ኪሩብ ክንፍ ይነካ ነበር።
6dc4f0fe-419a-523b-a430-8918fbdd3e65,fff7f699-49f3-5d4a-adc0-5538f388f234,f897b8ad-fb6a-529f-ae17-86fc25ddfaed,12,12,የሁለተኛውም ኪሩብ አንዱ ክንፍ አምስት ክንድ ነበረ፤ የቤቱንም ግንብ ይነካ ነበር፤ ሁለተኛውም ክንፍ አምስት ክንድ ነበረ፤ የሌላውንም ኪሩብ ክንፍ ይነካ ነበር።
48d4797c-c8ca-5c80-a9e3-4d0848afa45c,fff7f699-49f3-5d4a-adc0-5538f388f234,f897b8ad-fb6a-529f-ae17-86fc25ddfaed,13,13,የእነዚህም ኪሩቤል ክንፎች ሃያ ክንድ ሙሉ ተዘርግተው ነበር፤ በእግራቸውም ቆመው ነበር፤ ፊቶቻቸውም ወደ እግዚአብሔር ቤት ይመለከቱ ነበር።
1b7ee779-2890-5494-a427-f686974ad723,fff7f699-49f3-5d4a-adc0-5538f388f234,f897b8ad-fb6a-529f-ae17-86fc25ddfaed,14,14,ከሰማያዊውም፥ ከሐምራዊውም፥ ከቀዩም ሐር፥ ከጥሩም በፍታ መጋረጃውን ሠራ፤ ኪሩቤልንም ጠለፈበት።
ad111de2-cfe4-5097-ae86-7f341a5943a7,fff7f699-49f3-5d4a-adc0-5538f388f234,f897b8ad-fb6a-529f-ae17-86fc25ddfaed,15,15,በቤቱም ፊት ቁመታቸው ሠላሳ አምስት ክንድ የነበረውን ሁለቱን ዐምዶች ሠራ፤ በእያንዳንዳቸውም ላይ የነበረው ጕልላት አምስት ክንድ ነበረ።
03f8bc43-dd72-54ab-aca6-d5e8fc0f4139,fff7f699-49f3-5d4a-adc0-5538f388f234,f897b8ad-fb6a-529f-ae17-86fc25ddfaed,16,16,እንደ ድሪ ያሉ ሰንሰለቶችንም ሠርቶ በአዕማዱ ራስ ላይ አደረጋቸው፤ መቶም ሮማኖች ሠርቶ በሰንሰለቱ ላይ አደረጋቸው።
8e1ac740-8a98-5f28-a1df-a1672b2ef97c,fff7f699-49f3-5d4a-adc0-5538f388f234,f897b8ad-fb6a-529f-ae17-86fc25ddfaed,17,17,አዕማዶቹንም አንደኛውን በቀኝ፥ ሁለተኛውንም በግራ በመቅደሱ ፊት አቆማቸው፤ በቀኝም የነበረውን ስም ርትዕ በግራም የነበረውን ስም ጽንዕ ብሎ ጠራቸው።
3b578a2c-2f44-5c58-a48b-1c2f7be7bf61,355c9f50-4d14-53ea-a5ec-8d6cace02538,ba338a10-67e6-5089-a5db-031d6cb9e0ce,1,1,ርዝመቱም ሃያ ክንድ፥ ወርዱም ሃያ ክንድ፥ ቁመቱም ዐሥር ክንድ የነበረውን የናሱን መሠዊያ ሠራ።
4cf7b968-3528-5e06-a777-43e7957315ce,355c9f50-4d14-53ea-a5ec-8d6cace02538,ba338a10-67e6-5089-a5db-031d6cb9e0ce,2,2,ዳግመኛም ከቀለጠ ናስ ከዳር እስከ ዳር ዐሥር ክንድ፥ ቁመትዋም አምስት ክንድ፥ ዙሪያዋም ሠላሳ ክንድ የሆነ ኵሬ ሠራ።
4d12909a-1746-5762-a2ea-35fd0b709365,355c9f50-4d14-53ea-a5ec-8d6cace02538,ba338a10-67e6-5089-a5db-031d6cb9e0ce,3,3,በበታችዋም፥ በዙሪያዋ በዐሥሩ ክንድ የበሬዎች ምስሎች ነበሩ። ኵሬዋንም ይከብቡአት ነበር። በሬዎቹም በሁለት ተራ ሁነው ከኵሬው ጋር በአንድነት ቀልጠው የተሠሩ ነበሩ።
1544990f-42a3-551c-a2d4-697133a76e3b,355c9f50-4d14-53ea-a5ec-8d6cace02538,ba338a10-67e6-5089-a5db-031d6cb9e0ce,4,4,ዐሥራ ሁለት በሬዎችን ሠሩላቸው። ከእነርሱም ሦስቱ ወደ ሰሜን፥ ሦስቱ ወደ ምዕራብ፥ ሦስቱም ወደ ደቡብ፥ ሦስቱም ወደ ምሥራቅ ይመለከቱ ነበር፤ ቀልጣ የተሠራች ኵሬም በላያቸው ነበረች፤ የሁሉም ጀርባቸው በስተውስጥ ነበረ።
d8d1b1e4-37b7-5b5c-adde-f20996b02a71,355c9f50-4d14-53ea-a5ec-8d6cace02538,ba338a10-67e6-5089-a5db-031d6cb9e0ce,5,5,ውፍረትዋም አንድ ጋት ያህል ነበረ፤ ከንፈሯም እንደ ጽዋ ከንፈር፥ እንደ ሱፍ አበባ ሆኖ ተሠርቶ ነበር፤ ሦስት ሺህም ማድጋ ትይዝ ነበር ሠርቶም ፈጸማት፤
5d6bf99a-8eb3-5415-a071-7032bcb58cd7,355c9f50-4d14-53ea-a5ec-8d6cace02538,ba338a10-67e6-5089-a5db-031d6cb9e0ce,6,6,ደግሞም ዐሥር የመታጠቢያ ሰኖችን ሠራ፤ ለሚቃጠለውም መሥዋዕት የሚቀርበው ነገር ሁሉ ይታጠብባቸው ዘንድ አምስቱን በቀኝ፥ አምስቱንም በግራ አኖራቸው፤ ባሕሩ ግን ካህናት ይታጠቡበት ነበር።
d1e7bd15-bafb-5692-a7d3-3be33d0b6965,355c9f50-4d14-53ea-a5ec-8d6cace02538,ba338a10-67e6-5089-a5db-031d6cb9e0ce,7,7,ዐሥሩንም የወርቅ መቅረዞች እንደ ሥርዐታቸው ሠራ፤ አምስቱን በቀኝ፥ አምስቱንም በግራ በመቅደሱ ውስጥ አኖራቸው።
355566ed-eda6-56e4-a798-15e4af57aefe,355c9f50-4d14-53ea-a5ec-8d6cace02538,ba338a10-67e6-5089-a5db-031d6cb9e0ce,8,8,ዐሥሩንም የወርቅ ገበታዎች ሠርቶ አምስቱን በቀኝ፥ አምስቱንም በግራ በመቅደሱ ውስጥ አኖራቸው። አንድ መቶም የወርቅ ጽዋዎችን ሠራ።
491456ce-4fe6-5794-aa83-754de92ce9ca,355c9f50-4d14-53ea-a5ec-8d6cace02538,ba338a10-67e6-5089-a5db-031d6cb9e0ce,9,9,ደግሞም የካህናቱን አደባባይ ፥ ታላቁንም አደባባይ፥ የአደባባዩንም ደጆች ሠራ፤ ደጆቻቸውንም በናስ ለበጠ።
4923a98f-2be4-5d00-a32e-1e9a09f0adee,355c9f50-4d14-53ea-a5ec-8d6cace02538,ba338a10-67e6-5089-a5db-031d6cb9e0ce,10,10,ኵሬውንም በቤተ መቅደሱ መዓዝን በስተቀኝ በኩል በምሥራቅ አቅጣጫ አኖረው።
d838ccea-aa22-5530-a0ff-814c85c41a4c,355c9f50-4d14-53ea-a5ec-8d6cace02538,ba338a10-67e6-5089-a5db-031d6cb9e0ce,11,11,ኪራምም ምንቸቶቹንና መጫሪያዎቹን፥ በመሠዊያው ቤት ያሉ ማንኪያዎችንና የመገልገያውን ዕቃ ሁሉ ሠራ። ኪራምም ለንጉሡ ለሰሎሞን በእግዚአብሔር ቤት የሠራውን ሥራ ሁሉ ጨረሰ።
de1f077b-f1ba-59c9-aa5a-6c8244eb0708,355c9f50-4d14-53ea-a5ec-8d6cace02538,ba338a10-67e6-5089-a5db-031d6cb9e0ce,12,12,ሁለት ዐምዶችንና በሁለቱ ዐምዶች ላይ ጕልላቶችን፥ በዐምዶቹም ራሶች ላይ ያሉትን ጕልላቶች የሚሸፍኑ ሁለት መርበቦችን ሠራ።
a8501a55-7386-531f-a777-7ee72d5a0859,355c9f50-4d14-53ea-a5ec-8d6cace02538,ba338a10-67e6-5089-a5db-031d6cb9e0ce,13,13,በሁለቱም መርበቦች አራት መቶ የወርቅ ሻኵራዎችንና በዐምዶቹ ላይ ያሉትን ሁለት ጕልላቶች በሁለት ጎኖች የሚሸፍኑትን ሮማኖች ሠራ።
42c57d80-5ca7-51f5-ae9f-a0bfdab56960,355c9f50-4d14-53ea-a5ec-8d6cace02538,ba338a10-67e6-5089-a5db-031d6cb9e0ce,14,14,ዐሥር መቀመጫዎችንና በመቀመጫዎቹም ላይ መታጠቢያዎችን ሠራ፤
33c4dd31-520c-5d75-ae14-6c07617372d0,355c9f50-4d14-53ea-a5ec-8d6cace02538,ba338a10-67e6-5089-a5db-031d6cb9e0ce,15,15,አንድዋንም ኵሬ፥ በበታችዋም ያሉትን ዐሥራ ሁለት በሬዎች ሠራ።
14648c18-f623-5962-a5e9-fbf8dc7ec690,355c9f50-4d14-53ea-a5ec-8d6cace02538,ba338a10-67e6-5089-a5db-031d6cb9e0ce,16,16,የእግር መታጠቢያዎችን፥ የእጅ መታጠቢያዎችን፥ ጋኖችን፥ የሥጋ ማውጫ ሜንጦዎችንና ኪራም የሠራውን ሥራ ሁሉ ከንጹሕ ናስ ሠርቶ ለንጉሡ ለሰሎሞን ለእግዚአብሔር ቤት አቀረበለት።
ccd1deff-a23c-5888-a745-b9aa001b2e29,355c9f50-4d14-53ea-a5ec-8d6cace02538,ba338a10-67e6-5089-a5db-031d6cb9e0ce,17,17,ንጉሡም በዮርዳኖስ ሜዳ በሱኮትና በሴድራ መካከል ባለው በወፍራሙ መሬት ውስጥ አቀለጣቸው።
c0a44ff6-0a51-5974-a108-64cf9599ef81,355c9f50-4d14-53ea-a5ec-8d6cace02538,ba338a10-67e6-5089-a5db-031d6cb9e0ce,18,18,ሰሎሞንም እነዚህን ዕቃዎች ሁሉ እጅግ አብዝቶ ሠራ፤ የናሱም ብዛት አይቈጠርም ነበር።
43dd067d-3706-55f4-adc0-ab506ead02bb,355c9f50-4d14-53ea-a5ec-8d6cace02538,ba338a10-67e6-5089-a5db-031d6cb9e0ce,19,19,ሰሎሞንም በእግዚአብሔር ቤት የነበረውን ዕቃ ሁሉ፥ የወርቁንም መሠዊያ፥ ኅብስተ ገጽ የነበረባቸውን ገበታዎች ሠራ።
0726a664-8623-54b0-a61f-5db630770850,355c9f50-4d14-53ea-a5ec-8d6cace02538,ba338a10-67e6-5089-a5db-031d6cb9e0ce,20,20,በመቅደሱ ፊት እንደ ሥርዐታቸው የሚያበሩ መቅረዞችንና ቀንዲሎችንም ከጥሩ ወርቅ ሠራ።
06f4dbbd-7d5c-511c-a867-68a0e9267c5c,355c9f50-4d14-53ea-a5ec-8d6cace02538,ba338a10-67e6-5089-a5db-031d6cb9e0ce,21,21,የመብራቶች መቅረዞችንና በላያቸው ያሉ መብራቶችን፥ ጽዋዎቹን፥ ማንኪያዎቹን፥ ሥራ የሚሠሩባቸው ጻሕሎችንም ከጥሩ ወርቅ ሠራ።
fdaafb67-c229-5f72-a4fb-bd882ade5920,355c9f50-4d14-53ea-a5ec-8d6cace02538,ba338a10-67e6-5089-a5db-031d6cb9e0ce,22,22,ውስጠኛው የእግዚአብሔር ቤት ደጅና ወደ ቅድስተ ቅዱሳኑ መግቢያ የሚወስደው የውስጠኛውም የቤተ መቅደሱ ደጆች የወርቅ ነበሩ። እንዲሁም ሰሎሞን ስለ እግዚአብሔር ቤት የሠራው ሥራ ሁሉ ተፈጸመ።
a277dc60-9cd7-5458-a95c-1b727873c37e,88751140-c36a-56fd-ab30-f473a866895a,48e627ba-74b4-5997-ad4d-8450628ad3c9,1,1,ሰሎሞንም አባቱ ዳዊት የቀደሰውን ብሩንና ወርቁን፥ የመገልገያ ዕቃውንም ሁሉ አምጥቶ በእግዚአብሔር ቤት ውስጥ በነበረው ግምጃ ቤት አገባ።
b8a91776-3e92-5569-a719-3f4f9f15a819,88751140-c36a-56fd-ab30-f473a866895a,48e627ba-74b4-5997-ad4d-8450628ad3c9,2,2,በዚያ ጊዜም ሰሎሞን የእግዚአብሔርን ቃል ኪዳን ታቦት ከዳዊት ከተማ ከጽዮን ያወጡ ዘንድ የእስራኤልን ሽማግሌዎችና የነገድ አለቆችን ሁሉ፥ የእስራኤልንም ልጆች አባቶች ቤቶች መሳፍንት ወደ ኢየሩሳሌም ሰበሰበ።
d3057b77-ab27-5485-ad00-a024255ec5e6,88751140-c36a-56fd-ab30-f473a866895a,48e627ba-74b4-5997-ad4d-8450628ad3c9,3,3,የእስራኤልም ሰዎች ሁሉ በሰባተኛው ወር በበዓሉ ጊዜ ወደ ንጉሡ ወደ ሰሎሞን ተሰበሰቡ።
3b9c6e78-1f54-58ad-ac1b-36baa9fea67c,88751140-c36a-56fd-ab30-f473a866895a,48e627ba-74b4-5997-ad4d-8450628ad3c9,4,4,የእስራኤልም ሽማግሌዎች ሁሉ መጡ፤ ሌዋውያንም ሁሉ ታቦቷን አነሡ።
a3356ff5-88b5-54bb-a70e-cdb89bfbe56f,88751140-c36a-56fd-ab30-f473a866895a,48e627ba-74b4-5997-ad4d-8450628ad3c9,5,5,የምስክሩንም ድንኳን፥ በድንኳኑም ውስጥ የነበረውን የተቀደሰውን ዕቃ ሁሉ አወጡ፤ ታቦቷንም ካህናቱና ሌዋውያኑ አወጡ።
ea714102-826f-5b91-a4ce-418719a86d1d,88751140-c36a-56fd-ab30-f473a866895a,48e627ba-74b4-5997-ad4d-8450628ad3c9,6,6,ንጉሡም ሰሎሞንና የእስራኤል ማኅበር ሁሉ፥ እግዚአብሔርን የሚፈሩ ሁሉ በአንድነት በታቦቷ ፊት ሆነው ከብዛት የተነሣ የማይቈጠሩትንና የማይመጠኑትን በጎችና በሬዎች ይሠዉ ነበር።
304ea2f7-3e61-5038-af8c-506efbd39e84,88751140-c36a-56fd-ab30-f473a866895a,48e627ba-74b4-5997-ad4d-8450628ad3c9,7,7,ካህናቱም የእግዚአብሔርን የቃል ኪዳን ታቦት ወደ ቤትዋ አምጥተው በቅድስተ ቅዱሳን ውስጥ ከኪሩቤል ክንፍ በታች በነበረው መቅደስ አኖሯት።
9d66dbb7-800c-5f1d-a483-b11ac9777092,88751140-c36a-56fd-ab30-f473a866895a,48e627ba-74b4-5997-ad4d-8450628ad3c9,8,8,ኪሩቤልም በታቦቷ ስፍራ ላይ ክንፎቻቸውን ዘርግተው ነበር፤ ኪሩቤልም ታቦቷንና መሎጊያዎቹን በስተላዩ በኩል ይሸፍኑ ነበር።
a4d5f70c-dd91-55e2-a1a0-26edeaafa433,88751140-c36a-56fd-ab30-f473a866895a,48e627ba-74b4-5997-ad4d-8450628ad3c9,9,9,መሎጊያዎቹም ረጃጅሞች ነበሩና በቅድስተ ቅዱሳኑ ፊት ከመቅደሱ ውስጥ ጫፎቻቸው ይታዩ ነበር፤ ነገር ግን ከውጭ አይታዩም ነበር፤ እስከ ዛሬም ድረስ እዚያ አሉ።
ca7ede90-a8d9-5fea-a9b3-712b2071bf23,88751140-c36a-56fd-ab30-f473a866895a,48e627ba-74b4-5997-ad4d-8450628ad3c9,10,10,በታቦቷም ውስጥ የእስራኤል ልጆች ከግብፅ ምድር በወጡ ጊዜ፥ እግዚአብሔርም ከእነርሱ ጋር ቃል ኪዳን ባደረገ ጊዜ ሙሴ በኮሬብ ካስቀመጣቸው ከሁለቱ ጽላት በቀር ምንም አልነበረባትም።
d7a467a0-710f-5885-a5ea-6dd16bd5f605,88751140-c36a-56fd-ab30-f473a866895a,48e627ba-74b4-5997-ad4d-8450628ad3c9,11,11,ከመቅደስም ከወጡ በኋላ በዚያ የነበሩት ካህናት ሁሉ ተቀድሰው ነበር፤ በሰሞናቸውም አልተከፈሉም ነበር።
48814cd3-e53f-5e0b-a44d-9e48832306ab,88751140-c36a-56fd-ab30-f473a866895a,48e627ba-74b4-5997-ad4d-8450628ad3c9,12,12,መዘምራንም የነበሩት ሌዋውያን ሁሉ፥ ከአሳፍና ከኤማን፥ ከኤዶትምም ልጆች ጋር ወንድሞቻቸውም፥ ጥሩ በፍታ ለብሰው ጸናጽልና ከበሮ፥ መሰንቆም እየመቱ በመሠዊያው አጠገብ በምሥራቅ በኩል ቆመው ነበር፤ ከእነርሱም ጋር መቶ ሃያ ካህናት መለከት ይነፉ ነበር።
8be28673-9a8e-5ef7-ab3f-ed0b83235c6f,88751140-c36a-56fd-ab30-f473a866895a,48e627ba-74b4-5997-ad4d-8450628ad3c9,13,13,መለከቱንም የሚነፉ መዘምራኑ በአንድነት ሆነው እግዚአብሔርን እያመሰገኑና እያከበሩ፥ “እግዚአብሔር ቸር ነውና፥ ምሕረቱም ለዘለዓለም ነውና እግዚአብሔርን አመስግኑ” እያሉ በአንድ ቃል ድምፃቸውን ወደ ላይ ከፍ አድርገው በመለከትና በጸናጽል፥ በዜማም ዕቃ ሁሉ እግዚአብሔርን ባመሰገኑ ጊዜ፥ የእግዚአብሔር የክብሩ ደመና የእግዚአብሔርን ቤት ሞላው።
c3619f2f-9d27-5fa8-a2a8-bc55c7588689,88751140-c36a-56fd-ab30-f473a866895a,48e627ba-74b4-5997-ad4d-8450628ad3c9,14,14,የእግዚአብሔርም ክብር የእግዚአብሔርን ቤት ሞልቶት ነበርና ካህናቱ ከደመናው የተነሣ መቆምና ማገልገል አልተቻላቸውም።
617dd29e-82a8-5d6f-a290-190d1f4df26a,fed15ebe-5ed0-5457-a5eb-8a3ccf1e4a4a,83a04368-379e-5b81-aaf3-ff2b7f72884a,1,1,ያንጊዜም ሰሎሞን፥ “እግዚአብሔር፦ በጨለማ ውስጥ እኖራለሁ ብሎአል።
2fe91691-37ab-5fd7-adf6-cf64ea9aa83a,fed15ebe-5ed0-5457-a5eb-8a3ccf1e4a4a,83a04368-379e-5b81-aaf3-ff2b7f72884a,2,2,እኔም ለዘለዓለም የሚኖርበት ዝግጁና ቅዱስ ቤት ለስሙ ሠራሁ” አለ።
ec8bcb8d-1ed6-5b30-ab9a-4f8faf20ac94,fed15ebe-5ed0-5457-a5eb-8a3ccf1e4a4a,83a04368-379e-5b81-aaf3-ff2b7f72884a,3,3,ንጉሡ ሰሎሞንም ፊቱን መልሶ የእስራኤልን ጉባኤ ሁሉ መረቀ፤ የእስራኤልም ጉባኤ ሁሉ ቆመው ነበር።
a99d0217-31f9-5a42-a776-f5a8af6e1ad6,fed15ebe-5ed0-5457-a5eb-8a3ccf1e4a4a,83a04368-379e-5b81-aaf3-ff2b7f72884a,4,4,እርሱም አለ፥ “ለአባቴ ለዳዊት በአፉ የተናገረ፥ በእጁም የፈጸመ የእስራኤል አምላክ እግዚአብሔር ይመስገን።
d612600b-1881-52ee-a382-33ebc95797c1,fed15ebe-5ed0-5457-a5eb-8a3ccf1e4a4a,83a04368-379e-5b81-aaf3-ff2b7f72884a,5,5,እርሱ፦ ሕዝቤን ከግብፅ ምድር ካወጣሁበት ጊዜ ጀምሮ ከእስራኤል ነገድ በዚያ ለስሜ ቤት ይሠራበት ዘንድ ከተማን አልመረጥሁም። በሕዝቤ እስራኤል ላይም ይነግሥ ዘንድ ሰውን አልመረጥሁም።
a8f4e54d-83a8-53e1-a576-202829b74042,fed15ebe-5ed0-5457-a5eb-8a3ccf1e4a4a,83a04368-379e-5b81-aaf3-ff2b7f72884a,6,6,ነገር ግን ስሜ በዚያ እንዲጠራባት ኢየሩሳሌምን መርጫለሁ። በሕዝቤም በእስራኤል ላይ ንጉሥ እንዲሆን ዳዊትን መርጫለሁ ብሎአል።
b70ace30-6f58-5f64-a69e-1a11f1be4273,fed15ebe-5ed0-5457-a5eb-8a3ccf1e4a4a,83a04368-379e-5b81-aaf3-ff2b7f72884a,7,7,አባቴም ዳዊት ለእስራኤል አምላክ ለእግዚአብሔር ቤት ይሠራ ዘንድ በልቡ አስቦ ነበር።
7f4a9260-10a5-515d-afb3-0e23901d2157,fed15ebe-5ed0-5457-a5eb-8a3ccf1e4a4a,83a04368-379e-5b81-aaf3-ff2b7f72884a,8,8,እግዚአብሔርም አባቴን ዳዊትን፦ ለስሜ ቤት ትሠራ ዘንድ በልብህ አስበሃልና ይህን በልብህ ማሰብህ መልካም አደረግህ።
29d3e88b-6492-5289-a7a3-487fd0818b9b,fed15ebe-5ed0-5457-a5eb-8a3ccf1e4a4a,83a04368-379e-5b81-aaf3-ff2b7f72884a,9,9,ነገር ግን ከወገብህ የሚወጣው ልጅህ እርሱ ለስሜ ቤትን ይሠራል እንጂ አንተ አትሠራልኝም አለው።
730243b1-0479-5da6-a5f6-1446837689a1,fed15ebe-5ed0-5457-a5eb-8a3ccf1e4a4a,83a04368-379e-5b81-aaf3-ff2b7f72884a,10,10,እግዚአብሔርም የተናገረውን ቃል ፈጸመ፤ እግዚአብሔርም እንደ ተናገረ በአባቴ በዳዊት ፋንታ ተተካሁ፤ በእስራኤልም ዙፋን ላይ ተቀመጥሁ፤ ለእስራኤልም አምላክ ለእግዚአብሔር ስም ቤት ሠራሁ።
36c67bfb-fcb6-5c94-a792-2e7e4a6276e4,fed15ebe-5ed0-5457-a5eb-8a3ccf1e4a4a,83a04368-379e-5b81-aaf3-ff2b7f72884a,11,11,ከሕዝቡም ከእስራኤል ጋር ያደረገው የእግዚአብሔር ቃል ኪዳን ያለባትን ታቦት በዚያው ውስጥ አኖርሁ።”
199055e7-8218-55af-a4d3-caeda0c1bb5f,fed15ebe-5ed0-5457-a5eb-8a3ccf1e4a4a,7ef9eb58-bb4b-565d-ad21-b51aaa6d7d1a,1,12,ሰሎሞንም በእስራኤል ጉባኤ ሁሉ ፊት በእግዚአብሔር መሠዊያ አንጻር ቆሞ እጆቹን ዘረጋ።
4077ac82-3e46-5493-a122-52afec3839c2,fed15ebe-5ed0-5457-a5eb-8a3ccf1e4a4a,7ef9eb58-bb4b-565d-ad21-b51aaa6d7d1a,2,13,ሰሎሞንም ርዝመቱ አምስት ክንድ፥ ወርዱም አምስት ክንድ፥ ቁመቱም ሦስት ክንድ የሆነ የናስ መድረክ ሠርቶ በእግዚአብሔር ቤት አደባባይ መካከል ተክሎት ነበር፤ በላዩም ቆመ፤ በእስራኤልም ጉባኤ ሁሉ ፊት በጕልበቱ ተንበርክኮ እጁን ወደ ሰማይ ዘረጋ፤
9676669d-f9da-5e37-ac87-9516924fd9a4,fed15ebe-5ed0-5457-a5eb-8a3ccf1e4a4a,7ef9eb58-bb4b-565d-ad21-b51aaa6d7d1a,3,14,እንዲህም አለ፥ “አቤቱ የእስራኤል አምላክ ሆይ፥ በሰማይም በምድርም አንተን የሚመስል አምላክ የለም፤ በፍጹም ልባቸው በፊትህ ለሚሄዱ ባሪያዎችህ ቃል ኪዳንንና ምሕረትን የምታጸናና የምትጠብቅ አንተ ነህ።
0c3bc82b-68aa-558f-a3aa-767bfe441b54,fed15ebe-5ed0-5457-a5eb-8a3ccf1e4a4a,7ef9eb58-bb4b-565d-ad21-b51aaa6d7d1a,4,15,ለባሪያህ ለአባቴ ለዳዊት እንዲህ ብለህ የተናገርኸውን የጠበቅህ፥ በአፍህ ተናገርህ፤ ዛሬም እንደ ሆነው በእጆችህ ፈጸምኸው።
26884b15-5456-5d8c-a8d7-16242a0aa860,fed15ebe-5ed0-5457-a5eb-8a3ccf1e4a4a,7ef9eb58-bb4b-565d-ad21-b51aaa6d7d1a,5,16,አሁንም አቤቱ የእስራኤል አምላክ ሆይ፥ አንተ በፊቴ እንደ ሄድህ ልጆችህ በሕጌ ይሄዱ ዘንድ መንገዳቸውን ቢጠብቁ በእስራኤል ዙፋን የሚቀመጥ ሰው በፊቴ አይታጣም ብለህ የተናገርኸውን ለባሪያህ ለአባቴ ለዳዊት ጠብቅ፤ አጽናም።
11458fe5-e8c3-5309-a05e-4a234401060f,fed15ebe-5ed0-5457-a5eb-8a3ccf1e4a4a,7ef9eb58-bb4b-565d-ad21-b51aaa6d7d1a,6,17,አሁንም፥ አቤቱ፥ የእስራኤል አምላክ ሆይ፥ ለባሪያህ ለዳዊት የተናገርኸው ቃል ይጽና።
0dd0c9d2-8cc3-5728-a83b-af47bd46d90f,fed15ebe-5ed0-5457-a5eb-8a3ccf1e4a4a,7ef9eb58-bb4b-565d-ad21-b51aaa6d7d1a,7,18,“በውኑ እግዚአብሔር ከሰው ጋር በምድር ላይ ይኖራልን? እነሆ፥ ሰማይ ሰማየ ሰማያትም ይወስንህ ዘንድ አይችልም፤ እንግዲያስ እኔ የሠራሁት ይህ ቤት ምንድን ነው?
d66b2bf5-a90d-542c-a7d7-269c2b90bc42,fed15ebe-5ed0-5457-a5eb-8a3ccf1e4a4a,7ef9eb58-bb4b-565d-ad21-b51aaa6d7d1a,8,19,ነገር ግን አቤቱ አምላኬ ሆይ፥ ወደ ባሪያህ ጸሎትና ልመና ተመልከት፤ ባሪያህ በዚች ዕለት በፊትህ የሚጸልየውን ጸሎትና ልመናውን ስማ።
6208697a-d547-5c8c-ae41-6d2569ba2ef0,fed15ebe-5ed0-5457-a5eb-8a3ccf1e4a4a,7ef9eb58-bb4b-565d-ad21-b51aaa6d7d1a,9,20,ባሪያህ በዚህ ቤት የሚጸልየውን ጸሎት ትሰማ ዘንድ፦ በዚያ ስሜ ይሆናል ወዳልኸው ስፍራ፥ ወደዚህ ቤት ዐይኖችህ ቀንና ሌሊት የተገለጡ ይሁኑ።
9189dbe0-51b5-5946-af5b-b7fd02f76de5,fed15ebe-5ed0-5457-a5eb-8a3ccf1e4a4a,7ef9eb58-bb4b-565d-ad21-b51aaa6d7d1a,10,21,ባሪያህና ሕዝብህ እስራኤል በዚህ ስፍራ የሚጸልዩትን ልመና ስማ፤ በተዘጋጀው በማደሪያህ በሰማይ ስማ፤ ሰምተህም ይቅር በል።
42fa7fa3-be43-5a9b-acf9-9d6ff800b025,fed15ebe-5ed0-5457-a5eb-8a3ccf1e4a4a,7ef9eb58-bb4b-565d-ad21-b51aaa6d7d1a,11,22,“ሰው ባልንጀራውን ቢበድል፥ ይምልም ዘንድ በላዩ መሐላ ቢጭንበት፥ እርሱም መጥቶ በዚህ ቤት በመሠዊያህ ፊት ቢናዘዝ፥
c72a85be-e1e0-5184-a907-6cc49b19f9ac,fed15ebe-5ed0-5457-a5eb-8a3ccf1e4a4a,7ef9eb58-bb4b-565d-ad21-b51aaa6d7d1a,12,23,በሰማይ ስማ፤ አድርግም፤ በባሪያዎችህም ላይ ዳኛ ሁን፤ በበደለኛውም ላይ ፍረድ፤ መንገዱንም በራሱ ላይ መልስበት፤ ንጹሑንም አጽድቀው፤ እንደ ጽድቁም ክፈለው።
45e70879-9ff2-521f-afff-cf995a1bfd95,fed15ebe-5ed0-5457-a5eb-8a3ccf1e4a4a,7ef9eb58-bb4b-565d-ad21-b51aaa6d7d1a,13,24,“ሕዝብህ እስራኤል አንተን ስለ በደሉ በጠላት ፊት ድል ተመትተው ወደ አንተ ቢመለሱ፥ ስምህንም ቢያከብሩ፥ በዚህም ቤት በፊትህ ቢጸልዩና ቢለምኑህ፥
4572490a-0c7b-57c4-a2e3-7337c653f25d,fed15ebe-5ed0-5457-a5eb-8a3ccf1e4a4a,7ef9eb58-bb4b-565d-ad21-b51aaa6d7d1a,14,25,አንተ በሰማይ ስማ፤ የሕዝብህንም የእስራኤልን ኀጢአት ይቅር በል፤ ለእነርሱም፥ ለአባቶቻቸውም ወደ ሰጠሃት ምድር መልሳቸው።
e2b64fb2-eb04-556b-ae75-713d0ce0548e,fed15ebe-5ed0-5457-a5eb-8a3ccf1e4a4a,7ef9eb58-bb4b-565d-ad21-b51aaa6d7d1a,15,26,“አንተን ስለ በደሉ ሰማያት በተዘጉ ጊዜ፥ ዝናብም ባልዘነበ ጊዜ፥ በዚህ ስፍራ ቢጸልዩ፥ ስምህንም ቢያከብሩ፥ ባዋረድሃቸውም ጊዜ ከኀጢአታቸው ቢመለሱ፥
3dfb6910-51a7-543a-acf2-236757dc63c6,fed15ebe-5ed0-5457-a5eb-8a3ccf1e4a4a,7ef9eb58-bb4b-565d-ad21-b51aaa6d7d1a,16,27,አንተ በሰማይ ስማ፤ የባሪያዎችህንና የሕዝብህን የእስራኤልን ኀጢአት ይቅር በል፥ የሚሄዱበትንም መልካም መንገድ አሳያቸው፤ ለሕዝብህም ርስት አድርገህ ለሰጠሃት ምድር ዝናብን ስጥ።
cc77cca9-cba7-5244-aafc-c7f66533e149,fed15ebe-5ed0-5457-a5eb-8a3ccf1e4a4a,7ef9eb58-bb4b-565d-ad21-b51aaa6d7d1a,17,28,“በምድር ላይ ራብ፥ ወይም ቸነፈር፥ ወይም ዋግ፥ ወይም አረማሞ፥ ወይም አንበጣ፥ ወይም ኩብኩባ ቢሆን፥ ጠላቶቻቸውም የሀገሩን ከተሞች ከብበው ቢያስጨንቁአቸው፥ ማናቸውም መቅሠፍትና ደዌ ቢሆን፥
4411e317-3267-5fd0-a169-bffb40dfbe11,fed15ebe-5ed0-5457-a5eb-8a3ccf1e4a4a,7ef9eb58-bb4b-565d-ad21-b51aaa6d7d1a,18,29,ማንም ሰው ወይም ሕዝብህ እስራኤል ሁሉ፥ ማናቸውም ሰው ሕማሙንና ኀዘኑን ዐውቆ ጸሎትና ልመና ቢያደርግ፥ እጆቹንም ወደዚህ ቤት ቢዘረጋ፥
2b61121e-4369-5eee-aa40-5e7b0a68eb41,fed15ebe-5ed0-5457-a5eb-8a3ccf1e4a4a,7ef9eb58-bb4b-565d-ad21-b51aaa6d7d1a,19,30,አንተ በተዘጋጀው በማደሪያህ በሰማይ ስማው፤ ይቅርም በለው፤ ልቡን ለምታውቀው ሰው ሁሉ እንደ መንገዱ ሁሉ መጠን ክፈለው፤ አንተ ብቻ የሰውን ልጆች ልብ ታውቃለህና።
1e8e1c1e-19c7-5973-aad1-3b184b6ac54d,fed15ebe-5ed0-5457-a5eb-8a3ccf1e4a4a,7ef9eb58-bb4b-565d-ad21-b51aaa6d7d1a,20,31,ለአባቶቻችን በሰጠኸው ምድር ላይ በሚኖሩበት ዘመን ሁሉ ይፈሩህ ዘንድ በመንገዶችህም ይሄዱ ዘንድ።
66c03355-d23e-5c51-aa7d-458a713a8ae8,fed15ebe-5ed0-5457-a5eb-8a3ccf1e4a4a,7ef9eb58-bb4b-565d-ad21-b51aaa6d7d1a,21,32,“ከሕዝብህ ከእስራኤል ያልሆነ እንግዳ ስለ ታላቁ ስምህ፥ ስለ ብርቱውም እጅህ፥ ስለ ተዘረጋውም ክንድህ፥ ከሩቅ ሀገር መጥቶ በዚህ ቤት በጸለየ ጊዜ፥
466cd5ec-cff0-52a0-a6b2-4fe8a8e13e73,fed15ebe-5ed0-5457-a5eb-8a3ccf1e4a4a,7ef9eb58-bb4b-565d-ad21-b51aaa6d7d1a,22,33,አንተ በማደሪያህ በሰማይ ስማ፤ የምድርም አሕዛብ ሁሉ ስምህን ያውቁ ዘንድ፥ እንደ ሕዝብህም እንደ እስራኤል ይፈሩህ ዘንድ፥ በዚህም በሠራሁት ቤት ስምህ እንደ ተጠራ ያውቁ ዘንድ፥ እንግዳው የሚለምንህን ሁሉ አድርግ።
f1d9ab55-8f93-5e4a-abe9-20eab40ac2eb,fed15ebe-5ed0-5457-a5eb-8a3ccf1e4a4a,7ef9eb58-bb4b-565d-ad21-b51aaa6d7d1a,23,34,“ሕዝብህም ጠላቶቻቸውን ለመውጋት አንተ በምትልካቸው መንገድ ቢወጡ፥ አንተም ወደ መረጥሃት ወደዚህች ከተማ፥ እኔም ለስምህ ወደ ሠራሁት ቤት ለአንተ ቢጸልዩ፥
cc69ef7b-d43b-546b-ae7b-9c5e2e471dd2,fed15ebe-5ed0-5457-a5eb-8a3ccf1e4a4a,7ef9eb58-bb4b-565d-ad21-b51aaa6d7d1a,24,35,ጸሎታቸውንና ልመናቸውን በሰማይ ስማ፤ ፍርድንም ፍረድላቸው።
0cbdfca8-f16a-595d-a30f-27d49cecbc24,fed15ebe-5ed0-5457-a5eb-8a3ccf1e4a4a,7ef9eb58-bb4b-565d-ad21-b51aaa6d7d1a,25,36,“የማይበድል ሰው የለምና አንተን ቢበድሉ፥ ብትቈጣቸውም፥ ለጠላቶቻቸውም አሳልፈህ ብትሰጣቸው፥ ሩቅም ወይም ቅርብ ወደ ሆነ ሀገር ጠላቶቻቸው ቢማርኩአቸው፥
8fdb4204-15ea-576d-afba-fc3d7ef9d078,fed15ebe-5ed0-5457-a5eb-8a3ccf1e4a4a,7ef9eb58-bb4b-565d-ad21-b51aaa6d7d1a,26,37,በተማረኩባትም ሀገር ሆነው በልባቸው ንስሓ ቢገቡ፥ በምርኮአቸውም ሀገር ሳሉ ተመልሰው፦ ኀጢአት ሠርተናል፥ በድለንማል፥ ክፉም አድርገናል ብለው ቢለምኑህ፤
d534a7d0-c76a-5abb-a83c-46901b609b5b,fed15ebe-5ed0-5457-a5eb-8a3ccf1e4a4a,7ef9eb58-bb4b-565d-ad21-b51aaa6d7d1a,27,38,በተማረኩበትም ሀገር ሳሉ በፍጹም ልባቸውና በፍጹም ነፍሳቸው ወደ አንተ ቢመለሱ፥ ለአባቶቻቸውም ወደ ሰጠሃት ወደ ምድራቸው፥ ወደ መረጥሃትም ከተማ፥ ለስምህም ወደ ሠራሁት ቤት ቢጸልዩ፥
29b6cf98-79ef-519e-a897-02877aca76c6,fed15ebe-5ed0-5457-a5eb-8a3ccf1e4a4a,7ef9eb58-bb4b-565d-ad21-b51aaa6d7d1a,28,39,ጸሎታቸውንና ልመናቸውን በተዘጋጀ በማደሪያህ በሰማይ ስማ፤ ፍርድንም አድርግላቸው፤ አንተንም የበደሉህን ሕዝብህን ይቅር በል።
ed372e61-c8f1-52b7-ac03-243d006ac065,fed15ebe-5ed0-5457-a5eb-8a3ccf1e4a4a,7ef9eb58-bb4b-565d-ad21-b51aaa6d7d1a,29,40,“አሁንም አምላኬ ሆይ፥ በዚህ ስፍራ ወደሚሆነው ጸሎት ዐይኖችህ የተገለጡ፥ ጆሮዎችህም የሚያደምጡ ይሁኑ።
6f3bfb80-2558-57e4-a3be-701e1c459817,fed15ebe-5ed0-5457-a5eb-8a3ccf1e4a4a,7ef9eb58-bb4b-565d-ad21-b51aaa6d7d1a,30,41,አሁንም አቤቱ አምላክ ሆይ፥ ከኀይልህ ታቦት ጋር ወደ ዕረፍትህ ተነሣ፤ አቤቱ አምላክ ሆይ፥ ካህናትህ ደኅንነትን ይልበሱ፤ ቅዱሳንህም በደስታ ደስ ይበላቸው።
9e09131a-174d-550d-add3-8a6ae9cbbdeb,fed15ebe-5ed0-5457-a5eb-8a3ccf1e4a4a,7ef9eb58-bb4b-565d-ad21-b51aaa6d7d1a,31,42,አቤቱ አምላክ ሆይ፥ ከቀባኸው ሰው ፊትህን አትመልስ፤ ለባሪያህም ለዳዊት ምሕረትን አስብ።”
d69210af-a457-57ff-a396-79cf671b7dc7,a8afe303-d047-5683-af79-8863a15077ef,e9374bb3-eda3-5821-a525-e22ba45cb24d,1,1,ሰሎሞንም ይህን ጸሎት በፈጸመ ጊዜ እሳት ከሰማይ ወርዶ የሚቃጠለውን ቍርባንና መሥዋዕቱን ሁሉ በላ፤ የእግዚአብሔርም ክብር ቤቱን ሞላ።
89ea38d1-2558-59ef-ad84-3e62bf02ef2a,a8afe303-d047-5683-af79-8863a15077ef,e9374bb3-eda3-5821-a525-e22ba45cb24d,2,2,የእግዚአብሔርም ክብር የእግዚአብሔርን ቤት ሞልቶት ነበርና ካህናቱ በዚያች ዕለት ወደ እግዚአብሔር ቤት መግባት አልቻሉም።
7bd3d9bb-e326-552c-adf3-87d4cbb3c186,a8afe303-d047-5683-af79-8863a15077ef,e9374bb3-eda3-5821-a525-e22ba45cb24d,3,3,የእስራኤልም ልጆች ሁሉ እሳቱ ሲወርድ የእግዚአብሔርም ክብር በቤቱ ላይ ሲሆን ያዩ ነበር፤ ድንጋይ በተነጠፈበትም ምድር በግንባራቸው ተደፍተው ሰገዱ፥ “እርሱ ቸር ነውና፥ ምሕረቱም ለዘለዓለም ነውና” እያሉ እግዚአብሔርን አመሰገኑ።
1c823b8a-8f78-502d-a1f2-2515d154afa1,a8afe303-d047-5683-af79-8863a15077ef,e9374bb3-eda3-5821-a525-e22ba45cb24d,4,4,ንጉሡም ሰሎሞን፥ የእስራኤልም ሕዝብ ሁሉ በእግዚአብሔር ፊት መሥዋዕት ያቀርቡ ነበር።
a838ea1a-f1fa-56f8-ab36-d3e01e42a830,a8afe303-d047-5683-af79-8863a15077ef,e9374bb3-eda3-5821-a525-e22ba45cb24d,5,5,በዚያችም ዕለት ንጉሡ ሰሎሞን ሃያ ሁለት ሺህ በሬዎችንና መቶ ሃያ ሺህ በጎችን ሠዋ። እንዲሁ ንጉሡና ሕዝቡ ሁሉ የእግዚአብሔርን ቤት ቅዳሴ አከበሩ።
0e1fb1a5-53b8-58d2-a392-5db3d04344bf,a8afe303-d047-5683-af79-8863a15077ef,e9374bb3-eda3-5821-a525-e22ba45cb24d,6,6,ካህናቱም በየሥርዐታቸው ሌዋውያኑም ደግሞ፥ “ምሕረቱ ለዘለዓለም ነውና እግዚአብሔርን አመስግኑ” የሚለውን የዳዊትን መዝሙር እየዘመሩ፥ ንጉሡ ዳዊት እግዚአብሔርን ለማመስገን የሠራውን የእግዚአብሔርን የዜማ ዕቃ ይዘው ቆመው ነበር፤ ካህናቱም በፊታቸው መለከት ይነፉ ነበር፤ እስራኤልም ሁሉ ቆመው ነበር።
03ebb759-cd2d-50e4-acdc-d7fecaacfa24,a8afe303-d047-5683-af79-8863a15077ef,e9374bb3-eda3-5821-a525-e22ba45cb24d,7,7,ሰሎሞንም በእግዚአብሔር ቤት ፊት የነበረውን የአደባባዩን ውስጥ ቀደሰ፤ ሰሎሞንም የሠራው የናስ መሠዊያ የሚቃጠለውን መሥዋዕትና የእህሉን ቍርባን፥ ስቡንም መያዝ አልቻለምና የሚቃጠለውን መሥዋዕትና የደኅንነቱንም መሥዋዕት፥ ስብ በዚያ አቀረበ።
0fec927a-ae50-5c7c-a6c1-8a18e1544028,a8afe303-d047-5683-af79-8863a15077ef,e9374bb3-eda3-5821-a525-e22ba45cb24d,8,8,ሰሎሞንም፥ ከእርሱም ጋር እጅግ ታላቅ ጉባኤ የሆኑ ከኤማት መግቢያ ጀምሮ እስከ ግብፅ ወንዝ ድረስ ያሉ እስራኤል ሁሉ፥ በዚያ ጊዜ ሰባት ቀን በዓል አደረጉ።
61e297f9-4528-58ab-a95c-312653e10e64,a8afe303-d047-5683-af79-8863a15077ef,e9374bb3-eda3-5821-a525-e22ba45cb24d,9,9,መሠዊያውንም ቀድሶ፥ ሰባት ቀን በዓል አድርጎ ነበርና በስምንተኛው ቀን የፍጻሜ በዓል አደረገ።
220c79f6-36b9-5b17-a4e1-c10ce18075f6,a8afe303-d047-5683-af79-8863a15077ef,e9374bb3-eda3-5821-a525-e22ba45cb24d,10,10,በሰባተኛውም ወር በሃያ ሦስተኛው ቀን ሕዝቡን ወደ ድንኳናቸው አሰናበተ፤ እግዚአብሔር ለዳዊትና ለሰሎሞን፥ ለሕዝቡም ለእስራኤል ስላደረገው ቸርነት በልባቸው ደስ ብሎአቸው ሄዱ።
d9a92f2d-1694-5c09-afe8-fc1efe17d6cf,a8afe303-d047-5683-af79-8863a15077ef,e9374bb3-eda3-5821-a525-e22ba45cb24d,11,11,ሰሎሞንም የእግዚአብሔርን ቤትና የንጉሡን ቤት፥ በእግዚአብሔር ቤትና በራሱ ቤት ይሠራው ዘንድ በልቡ ያሰበውን ሁሉ ጨረሰ፤ አከናወነም።
057615e7-7321-5044-a1c5-f230bd4ff4dd,a8afe303-d047-5683-af79-8863a15077ef,e9374bb3-eda3-5821-a525-e22ba45cb24d,12,12,እግዚአብሔርም ለሰሎሞን በሌሊት ተገልጦ እንዲህ አለው፥ “ ጸሎትህን ሰምቻለሁ፤ ይህንም ስፍራ ለራሴ ለመሥዋዕት ቤት መርጫለሁ።
31b6d8fb-dc05-50bb-a9ca-3884b426f6e2,a8afe303-d047-5683-af79-8863a15077ef,e9374bb3-eda3-5821-a525-e22ba45cb24d,13,13,ዝናብ እንዳይወርድ ሰማያቱን ብዘጋ፥ ወይም የሚያፈራውን እንጨት ሁሉ ይበላ ዘንድ አንበጣን ባዝዘው፥ ወይም በሕዝቤ ላይ ቸነፈር ብሰድድ፥
0af2489b-172b-50fa-ace4-c2ab6e77a96d,a8afe303-d047-5683-af79-8863a15077ef,e9374bb3-eda3-5821-a525-e22ba45cb24d,14,14,በስሜ የተጠሩት ሕዝቤ ሰውነታቸውን አዋርደው ቢጸልዩ፥ ፊቴንም ቢፈልጉ፥ ከክፉ መንገዳቸውም ቢመለሱ፥ በሰማይ ሆኜ እሰማለሁ፥ ኀጢአታቸውንም ይቅር እላለሁ፤ ምድራቸውንም እፈውሳለሁ።
b3d47ad9-b1a3-5540-a9e3-dcda18ef1dbf,a8afe303-d047-5683-af79-8863a15077ef,e9374bb3-eda3-5821-a525-e22ba45cb24d,15,15,አሁንም በዚህ ስፍራ ለሚጸለይ ጸሎት ዐይኖች ይገለጣሉ፤ ጆሮዎችም ያዳምጣሉ።
fefedddc-2e80-5bf0-aa2f-eacf8ed4fb22,a8afe303-d047-5683-af79-8863a15077ef,e9374bb3-eda3-5821-a525-e22ba45cb24d,16,16,አሁንም ስሜ ለዘለዓለም በዚያ ይኖር ዘንድ ይህን ቤት መርጫለሁ፤ ቀድሻለሁም፤ ዐይኖችና ልቤም ዘወትር በዚያ ይሆናሉ።
2ffca34c-5358-52a6-a6e2-1faed4b7760a,a8afe303-d047-5683-af79-8863a15077ef,e9374bb3-eda3-5821-a525-e22ba45cb24d,17,17,አንተም ደግሞ አባትህ ዳዊት እንደ ሄደ በፊቴ ብትሄድ፥ እንዳዘዝሁም ሁሉ ብታደርግ፥ ሥርዐቴንና ፍርዴንም ብትጠብቅ፥
2dfb45d0-78f4-547e-aea0-d5560d2528d3,a8afe303-d047-5683-af79-8863a15077ef,e9374bb3-eda3-5821-a525-e22ba45cb24d,18,18,ከአባትህ ከዳዊት ጋር፦ ‘በእስራኤል ላይ አለቃ የሚሆን ከዘርህ አይታጣም’ ብዬ ቃል ኪዳን እንዳደረግሁ የመንግሥትህን ዙፋን አጸናለሁ።
9e93eaa2-3dbc-5d4c-aec7-6ed0199cd8f2,a8afe303-d047-5683-af79-8863a15077ef,e9374bb3-eda3-5821-a525-e22ba45cb24d,19,19,“እናንተ ግን ብትመለሱ፥ የሰጠኋችሁን ሥርዐቴንና ትእዛዜን ብትተዉ፥ ሄዳችሁም ሌሎችን አማልክት ብታመልኩ፥ ብትሰግዱላቸውም፥
045cbfdc-e478-5814-a459-bf198beadbe3,a8afe303-d047-5683-af79-8863a15077ef,e9374bb3-eda3-5821-a525-e22ba45cb24d,20,20,እኔም ለአባቶቻችሁ ከሰጠኋቸው ምድር እነቅላችኋለሁ፤ ለስሜም የቀደስሁትን ይህን ቤት ከፊቴ እጥለዋለሁ፤ በአሕዛብም ሁሉ መካከል ምሳሌና ተረት አደርገዋለሁ።
5f6d2588-72e3-5ef6-a337-797c0a371afa,a8afe303-d047-5683-af79-8863a15077ef,e9374bb3-eda3-5821-a525-e22ba45cb24d,21,21,ከፍ ከፍ ብሎ የነበረውንም ይህን ቤት እያየ በዚያ የሚያልፍ መንገደኛ ሁሉ፦ ‘እግዚአብሔር በዚህ ሀገርና በዚህ ቤት ስለ ምን እንዲህ አደረገ?’ ብሎ ይደነቃል።
2f744114-ed06-5339-ab04-b3055c415df7,a8afe303-d047-5683-af79-8863a15077ef,e9374bb3-eda3-5821-a525-e22ba45cb24d,22,22,መልሰውም፦ ከግብፅ ምድር ያወጣቸውን ያባቶቻቸውን አምላክ እግዚአብሔርን ትተው ሌሎችን አማልክት ስለ ተከተሉ፥ ስለ ሰገዱላቸውም፥ ስለ አመለኩአቸውም፥ ስለ አገለገሏቸውም፥ ስለዚህ ይህን ክፉ ነገር ሁሉ አመጣባቸው” ይላሉ።
30f9bb9d-8c85-59c5-ad5c-2b97ddfb9959,2ef8bd07-b75f-5aa7-a531-2688a15e341a,d710998c-9374-50c4-ae21-a5b3d9f3bf5a,1,1,እንዲህም ሆነ፤ ሰሎሞን የእግዚአብሔርን ቤትና የራሱን ቤት የሠራበት ሃያ ዓመት በተፈጸመ ጊዜ፥
05c14617-1220-5bef-a408-acd730470079,2ef8bd07-b75f-5aa7-a531-2688a15e341a,d710998c-9374-50c4-ae21-a5b3d9f3bf5a,2,2,ኪራም ለሰሎሞን የሰጠውን ከተሞች ሰሎሞን ሠራቸው፤ የእስራኤልንም ልጆች አኖረባቸው።
5dd29660-a52f-5cb2-aaf4-036a963d137d,2ef8bd07-b75f-5aa7-a531-2688a15e341a,d710998c-9374-50c4-ae21-a5b3d9f3bf5a,3,3,ሰሎሞንም ወደ ኤማትሱባ ሄደ፤ በረታባትም።
d51c3d45-da50-5c1b-a8b7-ee67cca1a4d7,2ef8bd07-b75f-5aa7-a531-2688a15e341a,d710998c-9374-50c4-ae21-a5b3d9f3bf5a,4,4,በምድረ በዳም ያለውን ተድሞርን፥ በኤማትም የጸኑ ከተሞችን ሁሉ ሠራ።
b352cb8c-969d-5010-a4d5-281ec6c6292e,2ef8bd07-b75f-5aa7-a531-2688a15e341a,d710998c-9374-50c4-ae21-a5b3d9f3bf5a,5,5,ደግሞም ቅጥርና መዝጊያ፥ መወርወሪያም የነበራቸውን የተመሸጉትን ከተሞች ላይኛውን ቤትሖርን፥ ታችኛውንም ቤትሖርን ሠራ።
2e253752-48ad-5144-a057-855532cb4474,2ef8bd07-b75f-5aa7-a531-2688a15e341a,d710998c-9374-50c4-ae21-a5b3d9f3bf5a,6,6,ባዕላትንም፥ ለሰሎሞንም የነበሩትን የዕቃ ቤት ከተሞች ሁሉ፥ የሰረገላውንም ከተሞች ሁሉ፥ የፈረሰኞችንም ከተሞች፥ በኢየሩሳሌምም፥ በሊባኖስም፥ በመንግሥቱም ምድር ሁሉ ሰሎሞን ይሠራ ዘንድ የወደደውን ሁሉ ሠራ።
23c7452c-13d6-5646-a8e4-cfb6d7161aff,2ef8bd07-b75f-5aa7-a531-2688a15e341a,d710998c-9374-50c4-ae21-a5b3d9f3bf5a,7,7,ከኬጤዎናውያን፥ ከአሞሬዎናውያን፥ ከፌርዜዎናውያንም፥ ከኤዎናውያንም፥ ከኢያቡሴዎናውያንም የቀሩትን፥ ከእስራኤል ወገን ያልሆኑትን ሕዝብ ሁሉ፥
592977d8-9641-52a7-aca4-4c738950b2fa,2ef8bd07-b75f-5aa7-a531-2688a15e341a,d710998c-9374-50c4-ae21-a5b3d9f3bf5a,8,8,የእስራኤልም ልጆች ያላጠፉአቸውን፥ በኋላቸውም በምድር ላይ የቀሩትን ልጆቻቸውን ሰሎሞን እስከ ዛሬ ድረስ ገባሮች አደረጋቸው።
54f15818-cf81-5efe-ab0f-6509e67e164b,2ef8bd07-b75f-5aa7-a531-2688a15e341a,d710998c-9374-50c4-ae21-a5b3d9f3bf5a,9,9,ሰሎሞንም በመንግሥቱ ከእስራኤል ልጆች ማንንም አገልጋይ አላደረገም፤ እነርሱ ሰልፈኞች፥ የሹሞችም አለቆች፥ የሰረገሎችና የፈረሰኞች ባልደራሶች ነበሩና።
a3228625-e538-5b62-af1f-bcb89d7245e3,2ef8bd07-b75f-5aa7-a531-2688a15e341a,d710998c-9374-50c4-ae21-a5b3d9f3bf5a,10,10,እነዚህም በሕዝቡ ላይ ያለውን ሥራ የሚቈጣጠሩ የንጉሡ የሰሎሞን ዓይነተኞች አለቆች ሁለት መቶ አምሳ ነበሩ።
257ae071-6a14-5c4c-a3ae-4c92a50f2606,2ef8bd07-b75f-5aa7-a531-2688a15e341a,d710998c-9374-50c4-ae21-a5b3d9f3bf5a,11,11,ሰሎሞንም፥ “የእግዚአብሔር ታቦት የገባችበት ስፍራ ቅዱስ ነውና ሚስቴ በእስራኤል ንጉሥ በዳዊት ቤት አትቀመጥም” ሲል የፈርዖንን ልጅ ከዳዊት ከተማ ወደ ሠራላት ቤት አወጣት።
aee61151-1df8-5664-aea8-9e1dc4d0893e,2ef8bd07-b75f-5aa7-a531-2688a15e341a,d710998c-9374-50c4-ae21-a5b3d9f3bf5a,12,12,በዚያ ጊዜም ሰሎሞን በእግዚአብሔር ቤት ፊት በሠራው በእግዚአብሔር መሠዊያ ላይ ለእግዚአብሔር የሚቃጠለውን መሥዋዕት አቀረበ።
0b949eb3-7442-5a21-aeec-f00e4f2abcbd,2ef8bd07-b75f-5aa7-a531-2688a15e341a,d710998c-9374-50c4-ae21-a5b3d9f3bf5a,13,13,ሙሴም እንዳዘዘ እንደ ሥርዐታቸው በየቀኑ ሁሉ፥ በየሰንበታቱም፥ በየመባቻዎቹም፥ በየበዓላቱም፥ በየዓመቱ ሦስት ጊዜ በየቂጣው በዓልና በየሰባቱ ሱባዔ በዓል፥ በየዳሱም በዓል ቍርባን ያቀርቡ ነበር።
61381c1d-73c1-5ddb-a07e-856c0a3d2fd7,2ef8bd07-b75f-5aa7-a531-2688a15e341a,d710998c-9374-50c4-ae21-a5b3d9f3bf5a,14,14,የእግዚአብሔርም ሰው ዳዊት እንዲህ አዝዞ ነበርና ካህናቱን እንደ አባቱ እንደ ዳዊት ሥርዐት በየአገልግሎታቸው ሰሞን ከፈላቸው፤ ሌዋውያንም እንደ ሥርዐታቸው ያመሰግኑ ዘንድ፥ በካህናቱም ፊት ያገለግሉ ዘንድ በየሰሞናቸው ከፈላቸው፤ በረኞቹንም ደግሞ በየበሩ ሁሉ በየሰሞናቸው ከፈላቸው።
4a194c43-b02c-5499-af74-d4492ceee3f1,2ef8bd07-b75f-5aa7-a531-2688a15e341a,d710998c-9374-50c4-ae21-a5b3d9f3bf5a,15,15,እነርሱም ንጉሡ ስለ ነገሩ ሁሉና ስለ መዝገቡ ካህናቱንና ሌዋውያኑን ያዘዘውን ነገር ሁሉ አልተላለፉም።
e53f183f-2c57-50b2-ae0a-6d879535b6b3,2ef8bd07-b75f-5aa7-a531-2688a15e341a,d710998c-9374-50c4-ae21-a5b3d9f3bf5a,16,16,እነሆ፥ መሠረቱ ከተጣለ ጀምሮ ሰሎሞን የእግዚአብሔርን ቤት እስከ ፈጸመ ድረስ ሥራው ሁሉ የተዘጋጀ ነበረ። የእግዚአብሔርም ቤት ተፈጸመ።
020793e9-0fd7-56d0-a48b-fd20ee04bfce,2ef8bd07-b75f-5aa7-a531-2688a15e341a,d710998c-9374-50c4-ae21-a5b3d9f3bf5a,17,17,ሰሎሞንም የዚያን ጊዜ በኤዶምያስ ምድር በባሕር ዳር ወዳሉ ወደ ጋሴዎንጋብርና ወደ ኤላት ሄደ።
405335e6-6f6f-5ff4-a3c0-d08284805fed,2ef8bd07-b75f-5aa7-a531-2688a15e341a,d710998c-9374-50c4-ae21-a5b3d9f3bf5a,18,18,ኪራምም መርከቦችንና የባሕርን ነገር የሚያውቁትን መርከበኞች በአገልጋዮቹ እጅ ላከለት፤ እነርሱም ከሰሎሞን አገልጋዮች ጋር ወደ ሴፌር መጡ፤ ከዚያም አራት መቶ አምሳ መክሊት ወርቅ ወስደው ወደ ንጉሡ ወደ ሰሎሞን አመጡ።
fc07136b-6368-59d7-af52-c05e72aa575b,7a503c9e-b175-532b-a032-157b37428a68,9ee0f766-8ff3-5174-a83f-7d029344c825,1,1,የሳባም ንግሥት የሰሎሞንን ዝና በሰማች ጊዜ በግመሎች ላይ ሽቱና ብዙ ወርቅ፥ የከበረም ዕንቍ አስጭና ከታላቅ ጓዝ ጋር ሰሎሞንን በኢየሩሳሌም በእንቆቅልሽ ትፈትነው ዘንድ መጣች፤ ወደ ሰሎሞንም በገባች ጊዜ በልብዋ ያለውን ሁሉ አጫወተችው።
11946862-a3f3-5f04-a73d-152d45e70c9b,7a503c9e-b175-532b-a032-157b37428a68,9ee0f766-8ff3-5174-a83f-7d029344c825,2,2,ሰሎሞንም የጠየቀችውን ሁሉ ፈታላት፤ ሰሎሞንም ያልፈታው ነገር አልነበረም።
3eed8d20-73ff-58b9-a6ee-62da449503dd,7a503c9e-b175-532b-a032-157b37428a68,9ee0f766-8ff3-5174-a83f-7d029344c825,3,3,የሳባም ንግሥት የሰሎሞንን ጥበብ፥ ሠርቶትም የነበረውን ቤት፤
b54af586-4ede-518d-afda-fca12dfe4d9a,7a503c9e-b175-532b-a032-157b37428a68,9ee0f766-8ff3-5174-a83f-7d029344c825,4,4,የማዕዱንም መብል፥ የብላቴኖቹንም አቀማመጥ፥ የሎሌዎቹንም ሥርዐት፥ አለባበሳቸውንም፥ ጠጅ አሳላፊዎቹንም፥ አለባበሳቸውንም፥ በእግዚአብሔርም ቤት የሚያሳርገውን መሥዋዕት ባየች ጊዜ ተደነቀች።
d2b4626e-9ce0-5f6b-a680-8c85f6fee388,7a503c9e-b175-532b-a032-157b37428a68,9ee0f766-8ff3-5174-a83f-7d029344c825,5,5,ንጉሡንም አለችው፥ “ስለ ነገርህና ስለ ጥበብህ በሀገሬ ሳለሁ የሰማሁት ዝና እውነት ነው።
fac5a610-d862-5287-a58a-3f96cb11a6c4,7a503c9e-b175-532b-a032-157b37428a68,9ee0f766-8ff3-5174-a83f-7d029344c825,6,6,እኔ ግን መጥቼ በዐይኔ እስካየሁ ድረስ የነገሩኝን አላመንሁም፤ እነሆ፥ የጥበብህን ታላቅነት እኩሌታ አልነገሩኝም፤ በሀገሬ ከሰማሁትም ዝና ይልቅ ጨመርህልኝ።
4cc867f8-5a76-58ef-a780-54a13a6ea864,7a503c9e-b175-532b-a032-157b37428a68,9ee0f766-8ff3-5174-a83f-7d029344c825,7,7,እነዚህ ሰዎችህ ምስጉኖች ናቸው፤ በፊትህ ሁልጊዜ የሚቆሙና ጥበብህን የሚሰሙ እነዚህ አገልጋዮችህም ምስጉኖች ናቸው።
06d93a9b-7e32-5333-aa2a-3fb18070c672,7a503c9e-b175-532b-a032-157b37428a68,9ee0f766-8ff3-5174-a83f-7d029344c825,8,8,በአምላክህ በእግዚአብሔር ፊት ንጉሥ እንድትሆን በዙፋኑ ላይ ያስቀምጥህ ዘንድ የወደደህ አምላክህ እግዚአብሔር ቡሩክ ይሁን፤ አምላክህ እግዚአብሔር እስራኤልን ለዘለዓለም ያጸናቸው ዘንድ ወድዶአቸዋልና ስለዚህ ፍርድንና ጽድቅን ታደርግ ዘንድ በላያቸው አነገሠህ።”
677dad04-ca35-5ad1-aff4-6e7b61bc152a,7a503c9e-b175-532b-a032-157b37428a68,9ee0f766-8ff3-5174-a83f-7d029344c825,9,9,ለንጉሡም መቶ ሃያ መክሊት ወርቅ፥ እጅግም ብዙ ሽቱ፥ የከበረም ዕንቍ ሰጠችው፤ የሳባም ንግሥት ለንጉሡ ለሰሎሞን እንደ ሰጠችው ያለ ሽቱ ከቶ አልነበረም።
ebe509e9-a8a9-52c1-a93d-d660e992e733,7a503c9e-b175-532b-a032-157b37428a68,9ee0f766-8ff3-5174-a83f-7d029344c825,10,10,የኪራም አገልጋዮችና የሰሎሞን አገልጋዮችም ከሴፌር ለሰሎሞን ወርቅ አመጡ፤ የሰንደል እንጨትና የከበረ ዕንቍም ደግሞ አመጡ።
c18de826-1621-51dd-ae75-9a214b0aaebe,7a503c9e-b175-532b-a032-157b37428a68,9ee0f766-8ff3-5174-a83f-7d029344c825,11,11,ንጉሡም ከሰንደሉ እንጨት ለእግዚአብሔር ቤትና ለንጉሡ ቤት ደርብ፥ ለመዘምራኑም መሰንቆና በገና አደረገ፤ እንደዚህም ያለ በይሁዳ ምድር ከቶ አልታየም ነበር።
90f8a20e-581c-5226-a0d3-cdc0151e5ae6,7a503c9e-b175-532b-a032-157b37428a68,9ee0f766-8ff3-5174-a83f-7d029344c825,12,12,እርስዋም ለንጉሡ ለሰሎሞን ካመጣችው የበለጠ፥ ንጉሡ ሰሎሞን የወደደችውን ሁሉ፥ ከእርሱም የለመነችውን ሁሉ ለሳባ ንግሥት ሰጣት፤ እርስዋም ተመልሳ ከአገልጋዮችዋ ጋር ወደ ሀገርዋ ሄደች።
6de03389-a766-57f6-a97c-a207c4eec634,7a503c9e-b175-532b-a032-157b37428a68,a0100ce4-a61a-5ddf-a2e3-d2dd1f14df65,1,13,በየዓመቱም ወደ ሰሎሞን የሚመጣ የወርቅ ሚዛን ስድስት መቶ ስድሳ ስድስት መክሊት ወርቅ ነበረ።
53595689-6c06-5010-a3d9-0ee72ce27594,7a503c9e-b175-532b-a032-157b37428a68,a0100ce4-a61a-5ddf-a2e3-d2dd1f14df65,2,14,ነጋድራሶችና ነጋዴዎች ከሚያመጡት ሌላ የዓረብ ነገሥታት ሁሉ፥ የምድሩም ሹሞች ወደ ንጉሡ ሰሎሞን ወርቅና ብር ያመጡ ነበር
c1eb8425-aafd-522b-a4cd-f4c25b92efe4,7a503c9e-b175-532b-a032-157b37428a68,a0100ce4-a61a-5ddf-a2e3-d2dd1f14df65,3,15,ንጉሡም ሰሎሞን በጥፍጥፍ ወርቅ ሁለት መቶ አላባሽ አግሬ ጋሻ አሠራ፤ በየአንዳንዱም አላባሽ አግሬ ጋሻ ውስጥ የገባው የጠራ ወርቅ ስድስት መቶ ሰቅል ነበረ።
cc0528a4-0cdf-51e7-a6d2-905e5ce34c90,7a503c9e-b175-532b-a032-157b37428a68,a0100ce4-a61a-5ddf-a2e3-d2dd1f14df65,4,16,ከጥፍጥፍም ወርቅ ሦስት መቶ ጋሻ አሠራ፤ በየአንዳንዱም ጋሻ የገባው ወርቅ ሦስት መቶ ሰቅል ነበረ፤ ንጉሡም የሊባኖስ ዱር በተባለው ቤት ውስጥ አኖራቸው።
298be4a4-4350-5216-ae72-5a9ea7eeea01,7a503c9e-b175-532b-a032-157b37428a68,a0100ce4-a61a-5ddf-a2e3-d2dd1f14df65,5,17,ንጉሡም ደግሞ ከዝሆን ጥርስ ታላቅ ዙፋን አሠራ፤ በጥሩ ወርቅም ለበጠው።
9c2ac7d4-af90-537b-ac12-ee7d146ffdca,7a503c9e-b175-532b-a032-157b37428a68,a0100ce4-a61a-5ddf-a2e3-d2dd1f14df65,6,18,ወደ ዙፋኑም የሚያስሄዱ፥ በወርቅ የተለበጡ ስድስት እርከኖች ነበሩ፤ በዚህና በዚያ በመቀመጫው አጠገብ ሁለት የክንድ መደገፊያዎች ነበሩበት፤ በመደገፊያዎቹም አጠገብ ሁለት አንበሶች ቆመው ነበር።
7c1f4e3e-1eb4-542c-a947-a71c4808a2b2,7a503c9e-b175-532b-a032-157b37428a68,a0100ce4-a61a-5ddf-a2e3-d2dd1f14df65,7,19,በስድስቱም እርከኖች ላይ በዚህና በዚያ ዐሥራ ሁለት አንበሶች ቆመው ነበር፤ በመንግሥታት ሁሉ እንዲህ ያለ ሥራ አልተሠራም።
8edf5a5b-5d5e-525a-a356-3edb0705c333,7a503c9e-b175-532b-a032-157b37428a68,a0100ce4-a61a-5ddf-a2e3-d2dd1f14df65,8,20,ንጉሡም ሰሎሞን የሚጠጣበት ዕቃ ሁሉ የወርቅ ነበረ፤ የሊባኖስ ዱር በተባለውም ቤቱ የሚገለገልበት ዕቃ ሁሉ ጥሩ ወርቅ ነበረ፤ በሰሎሞንም ዘመን ብር ከቶ አይቈጠርም ነበር።
10e7d6b2-2ff8-561c-a29a-02d74fd64899,7a503c9e-b175-532b-a032-157b37428a68,a0100ce4-a61a-5ddf-a2e3-d2dd1f14df65,9,21,ለንጉሡም ከኪራም አገልጋዮች ጋር ወደ ተርሴስ የሚሄዱ መርከቦች ነበሩት፤ በሦስት በሦስት ዓመትም አንድ ጊዜ የተርሴስ መርከቦች ወርቅና ብር፥ የዝሆንም ጥርስና ዝንጀሮ ይዘው ይመጡ ነበር።
6cd2d452-9a17-5275-a5a2-f2827048739f,7a503c9e-b175-532b-a032-157b37428a68,a0100ce4-a61a-5ddf-a2e3-d2dd1f14df65,10,22,ንጉሡም ሰሎሞን ከምድር ነገሥታት ሁሉ በባለጠግነትና በጥበብ በለጠ።
fcd733c8-d491-5678-a8ae-5883096a7479,7a503c9e-b175-532b-a032-157b37428a68,a0100ce4-a61a-5ddf-a2e3-d2dd1f14df65,11,23,የምድርም ነገሥታት ሁሉ እግዚአብሔር በልቡ ያኖረውን ጥበቡን ይሰሙ ዘንድ የሰሎሞንን ፊት ሊያዩ ይመኙ ነበር።
804b72dd-7194-5da1-aef5-9cbed17bc46a,7a503c9e-b175-532b-a032-157b37428a68,a0100ce4-a61a-5ddf-a2e3-d2dd1f14df65,12,24,ከእነርሱም እያንዳንዱ ገጸ በረከቱን፥ የወርቅንና የብርን ዕቃ፥ ልብስንና የጦር መሣሪያን፥ ሽቱውንም፥ ፈረሶችንና በቅሎዎችን እየያዘ በየዓመቱ ያመጣ ነበር።
44610849-8db7-5a60-a5f2-943fe693f538,7a503c9e-b175-532b-a032-157b37428a68,a0100ce4-a61a-5ddf-a2e3-d2dd1f14df65,13,25,ሰሎሞንም ለሰረገሎች አራት ሺህ እንስት ፈረሶችና ዐሥራ ሁለት ሺህ ፈረሰኞች ነበሩት፤ በሰረገሎችም ከተሞች፥ ከንጉሡ ጋር በኢየሩሳሌም አኖራቸው።
40b14bd2-fd34-5cf8-a074-a67e58cdb977,7a503c9e-b175-532b-a032-157b37428a68,a0100ce4-a61a-5ddf-a2e3-d2dd1f14df65,14,26,ከኤፍራጥስም ወንዝ ጀምሮ እስከ ፍልስጥኤም ምድርና እስከ ግብፅ ዳርቻ ድረስ ባሉ ነገሥታት ሁሉ ላይ ነገሠ።
9188882f-a429-57b2-a5ba-94b03486e636,7a503c9e-b175-532b-a032-157b37428a68,a0100ce4-a61a-5ddf-a2e3-d2dd1f14df65,15,27,ንጉሡም ወርቁንና ብሩን በኢየሩሳሌም እንደ ድንጋይ፥ የዝግባውንም እንጨት በቆላ እንደሚበቅል ሾላ ብዛት አደረገው።
c867a5de-5292-5c95-a2a9-12f036dbeb82,7a503c9e-b175-532b-a032-157b37428a68,a0100ce4-a61a-5ddf-a2e3-d2dd1f14df65,16,28,ለሰሎሞንም ፈረሶች ከግብፅና ከየሀገሩ ሁሉ ይመጡለት ነበር።
7c63ef36-b323-5e8f-a693-9c2046e91d0f,7a503c9e-b175-532b-a032-157b37428a68,a0100ce4-a61a-5ddf-a2e3-d2dd1f14df65,17,29,የቀረውም ፊተኛውና ኋለኛው የሰሎሞን ነገር በነቢዩ በናታን ታሪክ፥ በሴሎናዊውም በአኪያ ትንቢት፥ ስለ ናባጥም ልጅ ስለ ኢዮርብዓም ባየው በባለ ራእዩ በኢዩሔል ራእይ የተጻፈ አይደለምን?
14063af0-2bc3-587f-a0bc-4dee9b01375d,7a503c9e-b175-532b-a032-157b37428a68,a0100ce4-a61a-5ddf-a2e3-d2dd1f14df65,18,30,ሰሎሞንም በኢየሩሳሌም በእስራኤል ሁሉ ላይ አርባ ዓመት ነገሠ።
35f6da5f-7026-5c0b-a526-dc12240bcadd,7a503c9e-b175-532b-a032-157b37428a68,a0100ce4-a61a-5ddf-a2e3-d2dd1f14df65,19,31,ሰሎሞንም ከአባቶቹ ጋር አንቀላፋ፤ በአባቱም በዳዊት ከተማ ቀበሩት፤ ልጁም ሮብዓም በእርሱ ፋንታ ነገሠ።
3900f85e-62b7-58f2-ae31-b839ec5c4743,eb8433d3-d7f7-5cae-a2c4-c8d43c9a57c2,e00b5595-30fe-5969-a0d3-d9f4606e12d0,1,1,እስራኤልም ሁሉ ያነግሡት ዘንድ ወደ ሴኬም መጥተው ነበርና ሮብዓም ወደ ሴኬም ሄደ።
e4ad29f8-5935-5f3c-a504-2df18bcd94a9,eb8433d3-d7f7-5cae-a2c4-c8d43c9a57c2,e00b5595-30fe-5969-a0d3-d9f4606e12d0,2,2,የናባጥ ልጅ ኢዮርብዓምም ከንጉሡ ከሰሎሞን ፊት ሸሽቶ በግብፅ ይኖር ነበርና ይህን በሰማ ጊዜ ኢዮርብዓም ከግብፅ ተመለሰ።
d57adede-cf8e-58ce-a54c-ad84ec3af4dd,eb8433d3-d7f7-5cae-a2c4-c8d43c9a57c2,e00b5595-30fe-5969-a0d3-d9f4606e12d0,3,3,ልከውም ጠሩት፤ ኢዮርብዓምና እስራኤልም ሁሉ ወደ ሮብዓም መጥተው እንዲህ አሉት፦
7dcf1e4b-69d8-5672-a298-a3d6dddc8eb1,eb8433d3-d7f7-5cae-a2c4-c8d43c9a57c2,e00b5595-30fe-5969-a0d3-d9f4606e12d0,4,4,“አባትህ ቀንበር አክብዶብን ነበር፤ አሁንም አንተ ጽኑውን የአባትህን አገዛዝ፥ በላያችንም የጫነውን የከበደውን ቀንበር አቅልልልን፥ እኛም እንገዛልሃለን።”
9ebb0221-e1eb-5a76-a115-3f34ce8f4aba,eb8433d3-d7f7-5cae-a2c4-c8d43c9a57c2,e00b5595-30fe-5969-a0d3-d9f4606e12d0,5,5,እርሱም፥ “ሂዱ ከሦስት ቀን በኋላ ወደ እኔ ተመለሱ” አላቸው። ሕዝቡም ሄዱ።
05bce85f-0fc9-523f-a7b5-6ccc8e62f0df,eb8433d3-d7f7-5cae-a2c4-c8d43c9a57c2,e00b5595-30fe-5969-a0d3-d9f4606e12d0,6,6,ንጉሡም ሮብዓም፥ “ለዚህ ሕዝብ እመልስለት ዘንድ የምትመክሩኝ ምንድን ነው?” ብሎ አባቱ ሰሎሞን በሕይወት ሳለ በፊቱ ይቆሙ የነበሩትን ሽማግሌዎች ሰበሰበ።
e2eba737-7025-5dc7-a5e8-c093666dff62,eb8433d3-d7f7-5cae-a2c4-c8d43c9a57c2,e00b5595-30fe-5969-a0d3-d9f4606e12d0,7,7,እነርሱም፥ “በዚች ዕለት ለዚህ ሕዝብ ቸርነት ብታደርግላቸው፥ ደስም ብታሰኛቸው፥ መልካም ነገርንም ብትናገራቸው፥ ሁልጊዜ አገልጋዮች ይሆኑልሃል” ብለው ተናገሩት።
4829faa5-a960-5a74-ab6e-8f807cadf65e,eb8433d3-d7f7-5cae-a2c4-c8d43c9a57c2,e00b5595-30fe-5969-a0d3-d9f4606e12d0,8,8,እርሱ ግን ሽማግሌዎች የመከሩትን ነገር ትቶ ከእርሱ ጋር ካደጉትና በፊቱ ይቆሙ ከነበሩት ብላቴኖች ጋር ተማከረ።
dab12b8d-98a7-5e86-a294-b94cb8e1c43f,eb8433d3-d7f7-5cae-a2c4-c8d43c9a57c2,e00b5595-30fe-5969-a0d3-d9f4606e12d0,9,9,እርሱም፥ “አባትህ የጫነብንን ቀንበር አቅልልልን ለሚሉኝ ሕዝብ እመልስላቸው ዘንድ የምትመክሩኝ ምንድን ነው?” አላቸው።
9e8d9036-8425-59e9-a841-baa770b55b79,eb8433d3-d7f7-5cae-a2c4-c8d43c9a57c2,e00b5595-30fe-5969-a0d3-d9f4606e12d0,10,10,ከእርሱም ጋር ያደጉት ብላቴኖች፥ “አባትህ ቀንበር አክብዶብን ነበር፤ አንተ ግን አቅልልልን ለሚሉህ ሕዝብ፦ ታናሺቱ ጣቴ ከአባቴ ወገብ ትወፍራለች፤
dbdde19c-004e-57f1-ab06-02c794eb8b32,eb8433d3-d7f7-5cae-a2c4-c8d43c9a57c2,e00b5595-30fe-5969-a0d3-d9f4606e12d0,11,11,አሁንም አባቴ ከባድ ቀንበር ጭኖባችሁ ነበር፤ እኔ ግን በቀንበራችሁ ላይ እጨምራለሁ፤ አባቴ በአለንጋ ገርፎአችሁ ነበር፤ እኔ ግን በጊንጥ እገርፋችኋለሁ በላቸው” ብለው ነገሩት።
5067da39-26f5-5b21-aaa9-c3db2a1de650,eb8433d3-d7f7-5cae-a2c4-c8d43c9a57c2,e00b5595-30fe-5969-a0d3-d9f4606e12d0,12,12,ንጉሡም፥ “በሦስተኛው ቀን ወደ እኔ ተመለሱ” ብሎ እንደ ተናገረ ኢዮርብዓምና ሕዝቡ ሁሉ በሦስተኛው ቀን ወደ ሮብዓም መጡ።
e4b6d617-6306-5bb5-a20e-566e4b22f0e2,eb8433d3-d7f7-5cae-a2c4-c8d43c9a57c2,e00b5595-30fe-5969-a0d3-d9f4606e12d0,13,13,ንጉሡም ጽኑ ምላሽ መለሰላቸው፤ ንጉሡም ሮብዓም የሽማግሌዎቹን ምክር ትቶ፦
fd74b091-c41c-57fc-a0e8-4260933f5674,eb8433d3-d7f7-5cae-a2c4-c8d43c9a57c2,e00b5595-30fe-5969-a0d3-d9f4606e12d0,14,14,“አባቴ ቀንበር አክብዶባችሁ ነበር፤ እኔ ግን እጨምርበታለሁ፤ አባቴ በአለንጋ ገርፎአችሁ ነበር፤ እኔ ግን በጊንጥ እገርፋችኋለሁ” ብሎ እንደ ብላቴኖቹ ምክር ተናገራቸው።
9e493ee3-b91f-5158-a2a6-0fef5b774179,eb8433d3-d7f7-5cae-a2c4-c8d43c9a57c2,e00b5595-30fe-5969-a0d3-d9f4606e12d0,15,15,እግዚአብሔርም በሴሎናዊው በአኪያ ቃል ስለ ናባጥ ልጅ ስለ ኢዮርብዓም የተናገረውን ቃሉን እንዲያጸና ለውጡ ከእግዚአብሔር ዘንድ ነበርና ንጉሡ ሕዝቡን አልሰማም።
5bcfef83-ee32-533b-ad97-c43c2c6ca178,eb8433d3-d7f7-5cae-a2c4-c8d43c9a57c2,e00b5595-30fe-5969-a0d3-d9f4606e12d0,16,16,ንጉሡ ስላልሰማቸው ሕዝቡ፥ “በዳዊት ዘንድ ምን ክፍል አለን? በእሴይም ልጅ ዘንድ ምን ርስት አለን? እስራኤል ሆይ፥ ወደ እየድንኳኖቻችሁ ተመለሱ፤ ዳዊት ሆይ፥ አሁን ቤትህን ተመልከት” ብለው ለንጉሡ መለሱለት። እስራኤልም ሁሉ ወደ እየድንኳኖቻቸው ሄዱ።
742bcd74-241c-5f0d-a229-0933eacc4907,eb8433d3-d7f7-5cae-a2c4-c8d43c9a57c2,e00b5595-30fe-5969-a0d3-d9f4606e12d0,17,17,በይሁዳ ከተሞች የተቀመጡት የእስራኤል ሰዎች ግን ሮብዓምን በላያቸው አነገሡ።
6242f308-f439-51de-a758-cfd1dda8a5d3,eb8433d3-d7f7-5cae-a2c4-c8d43c9a57c2,e00b5595-30fe-5969-a0d3-d9f4606e12d0,18,18,ንጉሡም ሮብዓም አስገባሪውን አዶራምን ወደ እነርሱ ላከው፤ የእስራኤልም ልጆች በድንጋይ ወገሩት፤ ሞተም፤ ንጉሡም ሮብዓም ፈጥኖ ወደ ሰረገላው ወጣ፤ ወደ ኢየሩሳሌምም ሸሸ።
25d77c6f-6c26-5601-ab64-7da2d0c705ee,eb8433d3-d7f7-5cae-a2c4-c8d43c9a57c2,e00b5595-30fe-5969-a0d3-d9f4606e12d0,19,19,እስራኤልም እስከ ዛሬ ድረስ ከዳዊት ቤት ሸፈተ።
52d07380-b4c3-5a3d-a01e-79183b1680c1,30df5980-9a31-5b31-a1b5-f11685ef11de,61d5a372-51e7-5b86-aa5c-0410dbb4d95f,1,1,ሮብዓምም ወደ ኢየሩሳሌም በመጣ ጊዜ እስራኤልን ወግተው መንግሥቱን ወደ ሮብዓም ይመልሱ ዘንድ ከይሁዳና ከብንያም ቤት የተመረጡትን አንድ መቶ ሰማንያ ሺህ ሰልፈኞች ጐልማሶችን ሰበሰበ።
8ac379d1-1a05-5821-a6d5-83759808e501,30df5980-9a31-5b31-a1b5-f11685ef11de,61d5a372-51e7-5b86-aa5c-0410dbb4d95f,2,2,የእግዚአብሔርም ቃል ወደ እግዚአብሔር ሰው ወደ ሰማያ እንዲህ ሲል መጣ፦
e81d5a4a-ae9b-5086-aaec-be44feac6e0d,30df5980-9a31-5b31-a1b5-f11685ef11de,61d5a372-51e7-5b86-aa5c-0410dbb4d95f,3,3,“ለይሁዳ ንጉሥ ለሰሎሞን ልጅ ለሮብዓም፥ በይሁዳና በብንያምም ላሉት ለእስራኤል ሁሉ፦
6718b45f-ad7e-5f36-a9bb-d2eb2df60153,30df5980-9a31-5b31-a1b5-f11685ef11de,61d5a372-51e7-5b86-aa5c-0410dbb4d95f,4,4,‘እግዚአብሔር እንዲህ ይላል፦ ይህ ነገር ከእኔ ዘንድ ነውና አትውጡ፤ ወንድሞቻችሁንም አትውጉ፤ እያንዳንዱም ወደ ቤቱ ይመለስ’ ብለህ ንገራቸው።” የእግዚአብሔርንም ቃል ሰሙ፤ በኢዮርብዓምም ላይ ከመሄድ ተመለሱ።
70fe16f4-0cee-58d4-ad31-f5a045b4a6fb,30df5980-9a31-5b31-a1b5-f11685ef11de,61d5a372-51e7-5b86-aa5c-0410dbb4d95f,5,5,ሮብዓምም በኢየሩሳሌም ተቀመጠ፤ በይሁዳም የተመሸጉትን ከተሞች ሠራ።
bb20636d-d91b-5506-ac31-f398a5f80185,30df5980-9a31-5b31-a1b5-f11685ef11de,61d5a372-51e7-5b86-aa5c-0410dbb4d95f,6,6,በይሁዳና በብንያም ያሉትንም የተመሸጉትን ከተሞች፥ ቤተ ልሔምን፥ ኤጣምን፥ ቴቁሔን፤
6926c794-fc5c-56dd-a1b7-ed2c9f0e6e16,30df5980-9a31-5b31-a1b5-f11685ef11de,61d5a372-51e7-5b86-aa5c-0410dbb4d95f,7,7,ቤተሱራን፥ ሱላኮን፥ ዓዶላምን፥
36679051-2e01-5940-a7a4-57b504354693,30df5980-9a31-5b31-a1b5-f11685ef11de,61d5a372-51e7-5b86-aa5c-0410dbb4d95f,8,8,ጌትን፥ መሪሳን፥ ዚፍን፥
cf81fd8b-5577-599b-a858-a02ec28a35ff,30df5980-9a31-5b31-a1b5-f11685ef11de,61d5a372-51e7-5b86-aa5c-0410dbb4d95f,9,9,አዶራይምን፥ ለኪስን፥ ዓዚቃን፤
bb250388-f6c3-5647-ab0e-44585e04e2ad,30df5980-9a31-5b31-a1b5-f11685ef11de,61d5a372-51e7-5b86-aa5c-0410dbb4d95f,10,10,ሶርዓን፥ ኤሎንን፥ ኬብሮንን ሠራ።
e8eed82e-159e-58c6-ad09-cdf75458607c,30df5980-9a31-5b31-a1b5-f11685ef11de,61d5a372-51e7-5b86-aa5c-0410dbb4d95f,11,11,ምሽጎቹንም አጠነከረ፤ አለቆችንም አኖረባቸው፤ ምግቡንም፥ ዘይቱንም፥ የወይን ጠጁንም አከማቸባቸው።
f4bcb13e-3390-51c9-adf7-80dd45259398,30df5980-9a31-5b31-a1b5-f11685ef11de,61d5a372-51e7-5b86-aa5c-0410dbb4d95f,12,12,በከተሞቹ ሁሉ አላባሽ አግሬ ጋሻና ጦርን አኖረ፤ ከተሞቹንም እጅግ አጠነከራቸው፤ ይሁዳና ብንያምም የእርሱ ወገን ነበሩ።
638f59e8-dbd8-5bc8-a04a-b23e58e7e2eb,30df5980-9a31-5b31-a1b5-f11685ef11de,61d5a372-51e7-5b86-aa5c-0410dbb4d95f,13,13,በእስራኤልም ሁሉ ዘንድ የነበሩ ካህናትና ሌዋውያን ከየሀገራቸው ሁሉ ወደ እርሱ መጡ።
03ba5aaa-595a-5184-a956-ba7d28d7fdd7,30df5980-9a31-5b31-a1b5-f11685ef11de,61d5a372-51e7-5b86-aa5c-0410dbb4d95f,14,14,የእግዚአብሔርም ካህናት እንዳይሆኑ ኢዮርብዓምና ልጆቹ አስለቅቀዋቸው ነበርና ሌዋውያን መሰምሪያቸውን ትተው ወደ ይሁዳና ወደ ኢየሩሳሌም መጡ።
f739e3a1-b193-52bb-a4c8-0492f7dbf84d,30df5980-9a31-5b31-a1b5-f11685ef11de,61d5a372-51e7-5b86-aa5c-0410dbb4d95f,15,15,እርሱ ግን ለኮረብታው መስገጃዎች፥ ከንቱ ለሆኑ ጣዖታቱም፥ ኢዮርብዓም ለሠራቸው እንቦሶችም ካህናትን አቆመ።
f632735e-cb7a-5708-a2f7-ab7a87af3834,30df5980-9a31-5b31-a1b5-f11685ef11de,61d5a372-51e7-5b86-aa5c-0410dbb4d95f,16,16,ደግሞም ለአባቶቻቸው አምላክ ለእግዚአብሔር ይሠዉ ዘንድ ከእስራኤል ነገድ ሁሉ የእስራኤልን አምላክ እግዚአብሔርን ለመፈለግ ልባቸውን የሰጡ ሁሉ እነርሱን ተከትለው ወደ ኢየሩሳሌም መጡ።
20163c03-8af4-549f-a2c8-ae5914ca0d62,30df5980-9a31-5b31-a1b5-f11685ef11de,61d5a372-51e7-5b86-aa5c-0410dbb4d95f,17,17,ሦስት ዓመትም በዳዊትና በሰሎሞን መንገድ ይሄድ ነበርና ሦስት ዓመት የይሁዳን መንግሥት አበረቱ፤ የሰሎሞንንም ልጅ ሮብዓምን አጸኑ።
c68aff12-89de-554f-a110-16ec414c075f,30df5980-9a31-5b31-a1b5-f11685ef11de,61d5a372-51e7-5b86-aa5c-0410dbb4d95f,18,18,ሮብዓምም የዳዊትን ልጅ የኢያሪሙትን ሴት ልጅ ሞላትን አገባ፤ እናቷም የእሴይ ልጅ የኤልያብ ልጅ አቢካኤል ነበረች።
6cbe3e3b-c92e-54cc-ae55-05f0c402f996,30df5980-9a31-5b31-a1b5-f11685ef11de,61d5a372-51e7-5b86-aa5c-0410dbb4d95f,19,19,እርስዋም የዑስን፥ ሰማርያንና፥ ዘሃምን ወንዶች ልጆች ወለደችለት።
e3de8256-e1a0-52af-a9c8-bf9c4e995aeb,30df5980-9a31-5b31-a1b5-f11685ef11de,61d5a372-51e7-5b86-aa5c-0410dbb4d95f,20,20,ከእርስዋም በኋላ የአቤሴሎምን ልጅ መዓካን አገባ፤ እርስዋም አብያን፥ ኢያቲን፥ ዚዛን፥ ሰሎሚትን ወለደችለት።
dfa8c040-9ec3-56ab-a6f6-7701bdfea6ed,30df5980-9a31-5b31-a1b5-f11685ef11de,61d5a372-51e7-5b86-aa5c-0410dbb4d95f,21,21,ሮብዓምም ከሚስቶቹና ከቁባቶቹ ሁሉ ይልቅ የአቤሴሎምን ልጅ መዓካን ወደደ፤ ዐሥራ ስምንትም ሚስቶችና ስድሳ ቁባቶች ነበሩት፤ ሃያ ስምንት ወንዶችና ስድሳ ሴቶች ልጆችንም ወለደ።
247ed949-d9b3-57c1-a114-75ce71a125da,30df5980-9a31-5b31-a1b5-f11685ef11de,61d5a372-51e7-5b86-aa5c-0410dbb4d95f,22,22,ሮብዓምም ያነግሠው ዘንድ አስቦአልና የመዓካን ልጅ አብያን በወንድሞቹ ላይ አለቃ አድርጎ ሾመው።
c6f66062-e78c-5226-ae1b-430e3899c3bd,30df5980-9a31-5b31-a1b5-f11685ef11de,61d5a372-51e7-5b86-aa5c-0410dbb4d95f,23,23,ብልሃተኛም ሆነ፤ ልጆቹንም ሁሉ በይሁዳና በብንያም ሀገር ሁሉ በምሽጉ ከተሞች ሁሉ ከፋፈላቸው፤ ብዙም ምግብ ሰጣቸው፤ ብዙም ሚስቶች ፈለገላቸው።
108973af-18bd-5dd0-aed7-d3572839c11c,100fc456-993c-53d9-a3bd-fb10486c94fd,02ca76ad-e95f-5abb-a348-d9988c869371,1,1,እንዲህም ሆነ፤ የሮብዓም መንግሥት በጸናች ጊዜ፥ እርሱም በበረታ ጊዜ፥ የእግዚአብሔርን ሕግ ረሳ፤ እስራኤልም ሁሉ ከእርሱ ጋር ረሱ።
6c0046f6-47cc-5c7c-abcf-332445ec31b6,100fc456-993c-53d9-a3bd-fb10486c94fd,02ca76ad-e95f-5abb-a348-d9988c869371,2,2,ሮብዓም በነገሠ በአምስተኛው ዓመት የግብፅ ንጉሥ ሱስቀም ወደ ኢየሩሳሌም መጣ። እግዚአብሔርን በድለዋልና፤
0fc2bc3f-5086-5fdd-a3f6-5aa6e58d7117,100fc456-993c-53d9-a3bd-fb10486c94fd,02ca76ad-e95f-5abb-a348-d9988c869371,3,3,ሺህ ሁለት መቶ ሰረገሎችንና ስድሳ ሺህ ፈረሰኞችን ይዞ መጣ፤ ከእርሱም ጋር ከግብፅ ለመጣው ሕዝብ ቍጥር አልነበረውም፤ እነርሱም የልብያ ሰዎች፥ ሞጠግሊያናውያን፥ የኢትዮጵያም ሰዎች ነበሩ።
cca31e2c-5f03-5235-a11f-ee1eac00dfb3,100fc456-993c-53d9-a3bd-fb10486c94fd,02ca76ad-e95f-5abb-a348-d9988c869371,4,4,በይሁዳም የነበሩትን ምሽጎች ከተሞች ያዙ። እስከ ኢየሩሳሌምም ደረሱ።
71813beb-9ad2-5f70-a173-8a5fd25e8ca8,100fc456-993c-53d9-a3bd-fb10486c94fd,02ca76ad-e95f-5abb-a348-d9988c869371,5,5,ነቢዩም ሰማያ ወደ ሮብዓምና ከሱስቀም ሸሽተው በኢየሩሳሌም ወደ ተሰበሰቡት ወደ ይሁዳ መሳፍንት መጥቶ እንዲህ አላቸው፥ “እግዚአብሔር እንዲህ ይላል፦ እናንተ ተዋችሁኝ፤ ስለዚህ እኔ ደግሞ በግብፅ ንጉሥ በሱስቀም እጅ ተውኋችሁ።”
5c0aa2bc-90f0-54c2-a03d-6ac91e7addfb,100fc456-993c-53d9-a3bd-fb10486c94fd,02ca76ad-e95f-5abb-a348-d9988c869371,6,6,የእስራኤልም መሳፍንትና ንጉሡ አፈሩ፥ “እግዚአብሔር ጻድቅ ነው” አሉ።
9a7077f9-949e-52a8-aa62-da62740b67f3,100fc456-993c-53d9-a3bd-fb10486c94fd,02ca76ad-e95f-5abb-a348-d9988c869371,7,7,እግዚአብሔርም እንደ ተመለሱና እንደ ተፀፀቱ ባየ ጊዜ የእግዚአብሔር ቃል፥ “ከተመለሱ አላጠፋቸውም፤ ከጥቂት ቀንም በኋላ አድናቸዋለሁ፤ ቍጣዬም በኢየሩሳሌም ላይ አይፈስስም” ሲል ወደ ሰማያ መጣ።
fa9988ee-9ae8-5774-a5ef-d43068372bff,100fc456-993c-53d9-a3bd-fb10486c94fd,02ca76ad-e95f-5abb-a348-d9988c869371,8,8,ለእኔ መገዛትንና ለምድር ነገሥታት መገዛትን ያውቃሉና አገልጋዮች ይሆናሉ።
5070dfe7-b523-5a0c-a5f6-1b1282757eb0,100fc456-993c-53d9-a3bd-fb10486c94fd,02ca76ad-e95f-5abb-a348-d9988c869371,9,9,የግብፅ ንጉሥ ሱስቀምም ወደ ኢየሩሳሌም መጣ፤ የእግዚአብሔርንም ቤተ መዛግብትና የንጉሡን ቤተ መዛግብት ወሰደ፤ ሁሉንም ወሰደ፤ ደግሞም ሰሎሞን የሠራቸውን የወርቁን አላባሽ አግሬ ጋሻዎችን ወሰደ።
4dfeed6d-aff4-5d64-a94d-b7340053ec5d,100fc456-993c-53d9-a3bd-fb10486c94fd,02ca76ad-e95f-5abb-a348-d9988c869371,10,10,ንጉሡም ሮብዓም በእነርሱ ፋንታ የናስ አላባሽ አግሬ ጋሻዎችን ሠራ፤ ሮብዓምም የንጉሡን ቤት ደጅ በሚጠብቁ በዘበኞች አለቃ እጅ አኖራቸው።
76d40e3a-e6f1-5553-af9b-355cd8b4b669,100fc456-993c-53d9-a3bd-fb10486c94fd,02ca76ad-e95f-5abb-a348-d9988c869371,11,11,ንጉሡም ወደ እግዚአብሔር ቤት በገባ ቍጥር ዘበኞች መጥተው ይሸከሙአቸው ነበር፤ መልሰውም በዘበኞች ቤት ውስጥ ያኖሩአቸው ነበር።
375bf22a-fad3-5d68-ad71-1e574786cc44,100fc456-993c-53d9-a3bd-fb10486c94fd,02ca76ad-e95f-5abb-a348-d9988c869371,12,12,በተፀፀተም ጊዜ የእግዚአብሔር ቍጣ ከእርሱ ዘንድ ራቀ፤ ፈጽሞም አላጠፋውም፤ በይሁዳ መልካም ነገር ተገኝቶአልና።
e47a03df-7a8c-5e23-a007-93ae4fac849a,100fc456-993c-53d9-a3bd-fb10486c94fd,02ca76ad-e95f-5abb-a348-d9988c869371,13,13,ንጉሡም ሮብዓም በኢየሩሳሌም ጸና፤ ንጉሥም ሆነ፤ ሮብዓምም በነገሠ ጊዜ የአርባ አንድ ዓመት ጐልማሳ ነበረ፤ እግዚአብሔርም ስሙን ያኖርባት ዘንድ ከእስራኤል ሀገር ሁሉ በመረጣት ከተማ በኢየሩሳሌም ዐሥራ ሰባት ዓመት ነገሠ፤ እናቱም የአሞን ሴት ንዑማ ነበረች።
0f741da4-996e-5c8f-ac39-26d096fd6d47,100fc456-993c-53d9-a3bd-fb10486c94fd,02ca76ad-e95f-5abb-a348-d9988c869371,14,14,እግዚአብሔርንም ይሻ ዘንድ ልቡን አላቀናም ነበርና ክፉ ነገርን አደረገ።
17c069b5-f4d7-5643-ab8d-3f4b2cf703bb,100fc456-993c-53d9-a3bd-fb10486c94fd,02ca76ad-e95f-5abb-a348-d9988c869371,15,15,የሮብዓምም የፊተኛውና የኋለኛው ነገር እነሆ፥ በነቢዩ ሰማያና በባለ ራእዩ በአዶ መጽሐፍ የተጻፈ አይደለምን? ሮብዓምም ከኢዮርብዓም ጋር በዘመኑ ሁሉ ይዋጋ ነበር።
cb73e4c1-8461-56ed-a9e3-3c950d2afad9,100fc456-993c-53d9-a3bd-fb10486c94fd,02ca76ad-e95f-5abb-a348-d9988c869371,16,16,ሮብዓምም ከአባቶቹ ጋር አንቀላፋ፤ በዳዊትም ከተማ ተቀበረ፤ ልጁም አብያ በእርሱ ፋንታ ነገሠ።
a63350d1-c2b5-5189-a4d9-b8ca0d5513cf,c6e40171-6dfb-530e-a84d-bb3c68911746,9dadd4cc-5974-55a0-a302-4fcc3657bf27,1,1,ንጉሡም ኢዮርብዓም በነገሠ በዐሥራ ስምንተኛው ዓመት አብያ በይሁዳ ላይ ንጉሥ ሆነ።
862fd929-b3ec-5c94-a616-c265620d0501,c6e40171-6dfb-530e-a84d-bb3c68911746,9dadd4cc-5974-55a0-a302-4fcc3657bf27,2,2,ሦስት ዓመትም በኢየሩሳሌም ነገሠ፤ የእናቱም ስም መዓካ ነበረ፤ የገባዖን ሰው የኡርኤል ልጅ ነበረች። በአብያና በኢዮርብዓም መካከልም ሰልፍ ነበረ።
7c5fd80e-62b4-5201-a6b2-b720ec4b5aef,c6e40171-6dfb-530e-a84d-bb3c68911746,9dadd4cc-5974-55a0-a302-4fcc3657bf27,3,3,አብያም የተመረጡትን አራት መቶ ሺህ ኀያላን ሰልፈኞች ይዞ ወደ ሰልፍ ወጣ፤ ኢዮርብዓምም የተመረጡትን ስምንት መቶ ሺህ ጽኑዓን ኀያላን ሰዎች ይዞ በእርሱ ላይ ተሰለፈ።
13ecc176-8398-52af-ab6d-5495aae7a2d4,c6e40171-6dfb-530e-a84d-bb3c68911746,9dadd4cc-5974-55a0-a302-4fcc3657bf27,4,4,አብያም በኤፍሬም ተራራ ባለው በሳምሮን ተራራ ላይ ቆሞ እንዲህ አለ፥ “ኢዮርብዓምና እስራኤል ሁሉ ሆይ፥ ስሙኝ፤
bcc5ffde-79e7-5998-a15e-7435e6d86d0a,c6e40171-6dfb-530e-a84d-bb3c68911746,9dadd4cc-5974-55a0-a302-4fcc3657bf27,5,5,የእስራኤል አምላክ እግዚአብሔር በእስራኤል ላይ መንግሥትን ለዳዊትና ለልጆቹ በጨው ቃል ኪዳን ለዘለዓለም እንደ ሰጠ በውኑ አታውቁምን?
bd3bfc40-0855-5ed2-ad63-69487e302a66,c6e40171-6dfb-530e-a84d-bb3c68911746,9dadd4cc-5974-55a0-a302-4fcc3657bf27,6,6,የዳዊት ልጅ የሰሎሞን አገልጋይ የናባጥ ልጅ ኢዮርብዓም ግን ተነሥቶ በጌታው ላይ ዐመፀ።
a3422a2f-ba4e-5756-a898-8ce8aff52931,c6e40171-6dfb-530e-a84d-bb3c68911746,9dadd4cc-5974-55a0-a302-4fcc3657bf27,7,7,ክፉዎች ሰዎችና የሕግ ተላላፊዎች ልጆችም ወደ እርሱ ተሰበሰቡ፤ ሮብዓም ሕፃን በነበረና በልቡ ድፍረት ባልነበረው ጊዜ፥ ሊቋቋመውም ባልቻለበት ጊዜ፥ በሰሎሞን ልጅ በሮብዓም ላይ በረታበት።
6b0dacfb-29f2-5a58-a97e-b8c09d2300b7,c6e40171-6dfb-530e-a84d-bb3c68911746,9dadd4cc-5974-55a0-a302-4fcc3657bf27,8,8,አሁንም በዳዊት ልጆች እጅ የሚሆነውን የእግዚአብሔርን መንግሥት ልትቋቋሙ እንዲህ ትላላችሁ። እናንተም እጅግ ታላቅ ሕዝብ ናችሁ፥ ኢዮርብዓምም አማልክት አድርጎ የሠራላችሁ የወርቅ እንቦሶች ከእናንተ ጋር ናቸው።
59a0791b-9590-51f4-ae60-feaea2f722c2,c6e40171-6dfb-530e-a84d-bb3c68911746,9dadd4cc-5974-55a0-a302-4fcc3657bf27,9,9,የአሮንን ልጆች የእግዚአብሔርን ካህናትና ሌዋውያን አላሳደዳችሁምን? ከምድርም አሕዛብ ሁሉ ለራሳችሁ ካህናትን አላደረጋችሁምን? አንድ ወይፈንና ሰባት አውራ በጎችን ይዞ ራሱን ይቀድስ ዘንድ የሚመጣ ሁሉ አማልክት ላልሆኑት ለእነዚያ ካህን ይሆናል።
0d5ad302-d8af-5201-a338-2d3fdc6ecf51,c6e40171-6dfb-530e-a84d-bb3c68911746,9dadd4cc-5974-55a0-a302-4fcc3657bf27,10,10,እኛ ግን አምላካችን እግዚአብሔርን አልተውነውም፤ የእግዚአብሔርም አገልጋዮች የአሮን ልጆች ካህናቱና ሌዋውያኑ በየሰሞናቸው ያገለግሉታል።
e40249a5-1cd1-5d07-abc7-1962d0e771ce,c6e40171-6dfb-530e-a84d-bb3c68911746,9dadd4cc-5974-55a0-a302-4fcc3657bf27,11,11,በየጥዋቱና በየማታውም ለእግዚአብሔር የሚቃጠለውን መሥዋዕትና ጣፋጩን ዕጣን ያሳርጋሉ፤ የገጹንም ኅብስት በንጹሕ ገበታ ላይ፥ የወርቁን መቅረዝና ቀንዲሎቹንም ማታ ማታ እንዲያበሩ ያዘጋጃሉ፤ እኛም የአምላካችንን የእግዚአብሔርን ትእዛዝ እንጠብቃለን፤ እናንተ ግን ትታችሁታል።
fc64422c-0bb6-565b-ad08-eb9acd840a88,c6e40171-6dfb-530e-a84d-bb3c68911746,9dadd4cc-5974-55a0-a302-4fcc3657bf27,12,12,እነሆም፥ እግዚአብሔር በእኛ ላይ አለቃ ነው፤ መለከቱንም የሚነፉ ካህናቱ ከእኛ ጋር ናቸው፤ በእናንተም ላይ ይጮኻሉ። የእስራኤል ልጆች ሆይ፥ አይበጃችሁምና ከአባቶቻችሁ አምላክ ከእግዚአብሔር ጋር አቷጉ።”
9ae44781-fef1-5442-ae47-8b0e7f9a8905,c6e40171-6dfb-530e-a84d-bb3c68911746,9dadd4cc-5974-55a0-a302-4fcc3657bf27,13,13,ኢዮርብዓም ግን በስተኋላቸው ይመጣባቸው ዘንድ ድብቅ ጦር አዞረባቸው፤ እነርሱ በይሁዳ ሰፈር ፊት ሳሉ ድብቅ ጦሩ በስተኋላቸው ከበባቸው።
3b421710-a8b3-52f3-a547-9f9aea37276d,c6e40171-6dfb-530e-a84d-bb3c68911746,9dadd4cc-5974-55a0-a302-4fcc3657bf27,14,14,የይሁዳም ሰዎች ወደ ኋላቸው በተመለከቱ ጊዜ፥ እነሆ፥ ሰልፉ በፊታቸውና በኋላቸው ነበረ፤ ወደ እግዚአብሔርም ጮኹ፤ ካህናቱም መለከቱን ነፉ።
6aafe948-10e8-5678-a00c-d2f3b0a09b74,c6e40171-6dfb-530e-a84d-bb3c68911746,9dadd4cc-5974-55a0-a302-4fcc3657bf27,15,15,የይሁዳም ሰዎች ጮኹ፤ የይሁዳም ሰዎች በጮኹ ጊዜ እግዚአብሔር ኢዮርብዓምንና እስራኤልን ሁሉ በይሁዳ ንጉሥ በአብያና በሕዝቡ ፊት መታቸው።
84f109a1-759e-5172-a548-5cbe818109b5,c6e40171-6dfb-530e-a84d-bb3c68911746,9dadd4cc-5974-55a0-a302-4fcc3657bf27,16,16,የእስራኤልም ልጆች ከይሁዳ ሰዎች ፊት ሸሹ፤ እግዚአብሔርም በእጃቸው አሳልፎ ሰጣቸው።
c8864c8a-c76e-56d0-a244-5d894f1ada31,c6e40171-6dfb-530e-a84d-bb3c68911746,9dadd4cc-5974-55a0-a302-4fcc3657bf27,17,17,አብያና ሕዝቡም ታላቅ አመታት መቱአቸው፤ ከእስራኤልም አምስት መቶ ሺህ የተመረጡ ሰዎች ተገድለው ወደቁ።
33c70307-24f9-5dd7-a046-ae136fa3b5c7,c6e40171-6dfb-530e-a84d-bb3c68911746,9dadd4cc-5974-55a0-a302-4fcc3657bf27,18,18,በዚያም ጊዜ የእስራኤል ልጆች ተዋረዱ፤ የይሁዳም ልጆች በአባቶቻቸው አምላክ በእግዚአብሔር ታምነው ነበርና አሸነፉ።
f84db6a3-6bcd-5834-a651-bf56c1acc352,c6e40171-6dfb-530e-a84d-bb3c68911746,9dadd4cc-5974-55a0-a302-4fcc3657bf27,19,19,አብያም ኢዮርብዓምን ተከትሎ አሳደደው፤ ከእርሱም ከተሞቹን ቤቴልንና መንደሮችዋን፥ ይሳናንና መንደሮችዋን፥ ዔፍሮንንና መንደሮችዋን ወሰደ።
a7d9b12f-f9b4-508f-a3db-4fff303e0837,c6e40171-6dfb-530e-a84d-bb3c68911746,9dadd4cc-5974-55a0-a302-4fcc3657bf27,20,20,ኢዮርብዓምም ከዚያ በኋላ በአብያ ዘመን አልበረታም፤ እግዚአብሔርም ቀሠፈው፤ ሞተም።
5f56f847-26ac-58e1-a5d6-96d665153243,c6e40171-6dfb-530e-a84d-bb3c68911746,9dadd4cc-5974-55a0-a302-4fcc3657bf27,21,21,አብያም ጸና፤ ዐሥራ አራት ሚስቶችንም አገባ፤ ሃያ ሁለትም ወንዶች ልጆችንና ዐሥራ ስድስት ሴቶች ልጆችን ወለደ።
582f9092-035e-5fdf-af67-faea5a8aad85,c6e40171-6dfb-530e-a84d-bb3c68911746,9dadd4cc-5974-55a0-a302-4fcc3657bf27,22,22,የአብያም የቀረው ነገርና አካሄዱ የተናገራቸውም ቃሎች በነቢዩ በአዶ መጽሐፍ ተጽፈዋል።
08dac06f-c4c2-5354-ad60-7450f911f491,2b7891bf-0d24-5d7c-a310-3ff0e4a2d893,873cec63-7295-55e2-adea-2a88a80a0a62,1,1,አብያም ከአባቶቹ ጋር አንቀላፋ፤ በዳዊትም ከተማ ቀበሩት፤ ልጁም አሳ በእርሱ ፋንታ ነገሠ። በእርሱም ዘመን ምድሪቱ ዐሥር ዓመት ያህል ዐረፈች።
450a4f2d-6d5a-5d3f-a80c-da68860d8fff,2b7891bf-0d24-5d7c-a310-3ff0e4a2d893,873cec63-7295-55e2-adea-2a88a80a0a62,2,2,አሳም በአምላኩ በእግዚአብሔር ፊት መልካምና ቅን ነገር አደረገ፤
1741f195-1d40-5a98-a42b-21114f780ce6,2b7891bf-0d24-5d7c-a310-3ff0e4a2d893,873cec63-7295-55e2-adea-2a88a80a0a62,3,3,የእንግዶቹንም አማልክት መሠዊያ፥ የኮረብታውንም መስገጃዎች አፈረሰ፤ ሐውልቶቹንም ሰበረ፤ የማምለኪያ አፀዶቹንም ቈረጠ፤
3a66644c-51d2-523a-a097-53525128c1c2,2b7891bf-0d24-5d7c-a310-3ff0e4a2d893,873cec63-7295-55e2-adea-2a88a80a0a62,4,4,የአባቶቻቸውንም አምላክ እግዚአብሔርን ይሹ ዘንድ፥ ሕጉንና ትእዛዙንም ያደርጉ ዘንድ የይሁዳን ሕዝብ አዘዘ።
e956b3be-8559-547f-a3ce-1af9a15e9627,2b7891bf-0d24-5d7c-a310-3ff0e4a2d893,873cec63-7295-55e2-adea-2a88a80a0a62,5,5,ከይሁዳም ከተሞች ሁሉ የጣዖት መሠዊያዎችንና ምስሎችን አስወገደ፤ መንግሥቱም በእርሱ ሥር በሰላም ተቀመጠች።
78aae0da-ccc3-5451-aa35-2863b633ac9e,2b7891bf-0d24-5d7c-a310-3ff0e4a2d893,873cec63-7295-55e2-adea-2a88a80a0a62,6,6,በይሁዳም ምሽጎች ከተሞችን ሠራ፤ እግዚአብሔርም ዕረፍት ስለ ሰጠው ምድሪቱ ጸጥ ብላ ነበር፤ በዚያም ዘመን ጦርነት አልነበረም።
7723631f-6347-5604-aae6-b42d10c797cc,2b7891bf-0d24-5d7c-a310-3ff0e4a2d893,873cec63-7295-55e2-adea-2a88a80a0a62,7,7,እርሱም የይሁዳን ሰዎች፥ “እነዚህን ከተሞች እንሥራ፤ ቅጥርም፥ ግንብም፥ መዝጊያም፥ መወርወሪያም እናድርግባቸው፤ ምድሪቱንም እንገዛታለን፤ አምላካችንን እግዚአብሔርን እንደ ፈለግነው እርሱም ይፈልገናልና፤ እርሱም በዙሪያችን ዕረፍት ሰጥቶናል፤ ሁሉንም አከናወነልን” አለ።
9cb9af40-b9f6-55d2-accb-7491c613bba4,2b7891bf-0d24-5d7c-a310-3ff0e4a2d893,873cec63-7295-55e2-adea-2a88a80a0a62,8,8,ለአሳም አላባሽ አግሬ ጋሻና ጦር የሚሸከሙ ሦስት መቶ ሺህ የይሁዳ ሠራዊት፥ ወንጭፍ የሚወነጭፉ፥ ቀስትም የሚገትሩ ሁለት መቶ ሰማንያ ሺህ የብንያም ሰዎች ነበሩት፤ እነዚህም ሁሉ ጽኑዓን ኀያላን ሰዎች ነበሩ።
35db523d-1000-5b68-a222-df0b703f85be,2b7891bf-0d24-5d7c-a310-3ff0e4a2d893,873cec63-7295-55e2-adea-2a88a80a0a62,9,9,የኢትዮጵያም ንጉሥ ዝሪ አንድ ሚሊዮን ሰዎችና ሦስት መቶ ሰረገሎች ይዞ ወጣባቸው፤ ወደ መሪሳም መጣ።
9bf7d874-ac64-5500-ae9d-a110715bb9aa,2b7891bf-0d24-5d7c-a310-3ff0e4a2d893,873cec63-7295-55e2-adea-2a88a80a0a62,10,10,የይሁዳ ንጉሥ አሳም ሊጋጠመው ወጣ፤ በመሪሳም ደቡብ አጠገብ ባለው ሸለቆ ውስጥ ተሰለፉ።
4e9ccab9-ebfc-549a-af1c-e9807b136ae7,2b7891bf-0d24-5d7c-a310-3ff0e4a2d893,873cec63-7295-55e2-adea-2a88a80a0a62,11,11,አሳም፥ “አቤቱ፥ በብዙም ሆነ በጥቂቱ ማዳን አይሳንህም፤ አቤቱ፥ አምላካችን ሆይ፥ በአንተ ታምነናልና፥ በስምህም በዚህ ታላቅ ወገን ላይ መጥተናልና ርዳን፤ አቤቱ፥ አምላካችን አንተ ነህ፤ ሰውም አያሸንፍህም” ብሎ ወደ አምላኩ ወደ እግዚአብሔር ጮኸ።
a7e674c1-571f-57e2-a301-fba42fce93ef,2b7891bf-0d24-5d7c-a310-3ff0e4a2d893,873cec63-7295-55e2-adea-2a88a80a0a62,12,12,እግዚአብሔርም በአሳና በይሁዳ ሕዝብ ፊት ኢትዮጵያውያንን መታ፤ ኢትዮጵያውያንም ሸሹ።
3dedbfe3-c285-5e58-a2af-e935de98da97,2b7891bf-0d24-5d7c-a310-3ff0e4a2d893,873cec63-7295-55e2-adea-2a88a80a0a62,13,13,አሳም፥ ከእርሱም ጋር ያለው ሕዝብ እስከ ጌዶር ሀገር ድረስ አሳደዱአቸው፤ ኢትዮጵያውያንም ፈጽመው እስኪጠፉ ድረስ ወደቁ፤ በእግዚአብሔርና በሠራዊቱ ፊት ተሰባብረዋልና፤ እጅግም ብዙ ምርኮ ወሰዱ።
88c7f55d-baef-5f36-a380-d2a828457e13,2b7891bf-0d24-5d7c-a310-3ff0e4a2d893,873cec63-7295-55e2-adea-2a88a80a0a62,14,14,ከእግዚአብሔርም ዘንድ ታላቅ ድንጋጤ ስለ ወደቀባቸው በጌዶር ዙሪያ የነበሩትን ከተሞች ሁሉ መቱ፤ በከተሞቹም ውስጥ እጅግ ብዙ ምርኮና ብዝበዛ ነበርና ከተሞቹን ሁሉ ማረኩ።
9f0a31e2-ef06-5d8b-ae98-284de39b701d,2b7891bf-0d24-5d7c-a310-3ff0e4a2d893,873cec63-7295-55e2-adea-2a88a80a0a62,15,15,የከብቶቹንም በረት አፈረሱ፤ እጅግ ብዙ በጎችንና ግመሎችንም ወሰዱ፤ ወደ ኢየሩሳሌምም ተመለሱ።
2305142a-a287-5744-ad78-4ac7a3f925ca,32f49dad-af47-5a29-a9cb-417ea51f6f8d,6cd9390e-679c-5c78-a2db-2655df891c5f,1,1,የእግዚአብሔርም መንፈስ በአዳድ ልጅ በአዛርያስ ላይ መላ፤
1315f9ac-f046-50e4-ae41-74ef898d8de7,32f49dad-af47-5a29-a9cb-417ea51f6f8d,6cd9390e-679c-5c78-a2db-2655df891c5f,2,2,እርሱም ንጉሡን አሳን፥ የይሁዳንና የብንያምን ሕዝብ ሁሉ ሊገናኝ ወጣ፤ እንዲህም አለ፥ “አሳ ይሁዳና ብንያም ሁሉ ሆይ፥ ስሙኝ፤ እናንተ ከእግዚአብሔር ጋር ብትሆኑ እርሱ ከእናንተ ጋር ይሆናል፤ ብትፈልጉትም ይገኝላችኋል፤ ብትተዉት ግን ይተዋችኋል።
8ab0e9cd-417b-52f7-a53f-0e7448cc15e2,32f49dad-af47-5a29-a9cb-417ea51f6f8d,6cd9390e-679c-5c78-a2db-2655df891c5f,3,3,እስራኤልም ብዙ ዘመን እውነተኛውን አምላክ ሳያመልኩ፥ ያለ አስተማሪም ካህን፥ ያለ ሕግም ይኖራሉ።
48edbb0a-f382-5dbd-a9ef-decc660ff642,32f49dad-af47-5a29-a9cb-417ea51f6f8d,6cd9390e-679c-5c78-a2db-2655df891c5f,4,4,በመከራቸውም ጊዜ ወደ እስራኤል አምላክ ወደ እግዚአብሔር ተመልሰው ይፈልጉታል፤ እርሱም ይገኝላቸዋል።
283275bf-448b-5311-aa59-3f4bf238489f,32f49dad-af47-5a29-a9cb-417ea51f6f8d,6cd9390e-679c-5c78-a2db-2655df891c5f,5,5,በዚያም ዘመን ለሚወጣውና ለሚገባው ሰላም አይሆንለትም፤ በሀገሮችም በሚኖሩት ሁሉ ላይ ታላቅ የእግዚአብሔር ቍጣ ይሆናል።
29c2ea66-e1bc-5ad1-a598-6dcef3d9f592,32f49dad-af47-5a29-a9cb-417ea51f6f8d,6cd9390e-679c-5c78-a2db-2655df891c5f,6,6,እግዚአብሔር በመከራው ሁሉ ያስጨንቃቸዋልና ሕዝብ ከሕዝብ ጋር፥ ከተማም ከከተማ ጋር ይዋጋል። ።
eea8fb9b-bcb1-5464-a56a-e20770943520,32f49dad-af47-5a29-a9cb-417ea51f6f8d,6cd9390e-679c-5c78-a2db-2655df891c5f,7,7,እናንተ ግን ለሥራችሁ ዋጋ ይሆንላችኋልና በርቱ፤ እጆቻችሁም አይላሉ።”
79ae69f1-dc6a-5aef-abfe-cd820007bf9b,32f49dad-af47-5a29-a9cb-417ea51f6f8d,6cd9390e-679c-5c78-a2db-2655df891c5f,8,8,አሳም ይህን ቃልና የነቢዩን የአዳድን ልጅ የአዛርያስን ትንቢት በሰማ ጊዜ ጸና፤ ከይሁዳና ከብንያምም ሀገር ሁሉ በተራራማው በኤፍሬም ሀገር ከያዛቸው ከተሞች ርኵሰትን ሁሉ አስወገደ፤ በእግዚአብሔርም ቤት ፊት የነበረውን የእግዚአብሔርን መሠዊያ አደሰ።
98cb6157-4059-52cc-a257-71ffdbdd38dc,32f49dad-af47-5a29-a9cb-417ea51f6f8d,6cd9390e-679c-5c78-a2db-2655df891c5f,9,9,አምላኩም እግዚአብሔር ከእርሱ ጋር እንደ ሆነ ባዩ ጊዜ ከእስራኤል ዘንድ ብዙ ሰዎች ወደ እርሱ ተጠግተው ነበርና እርሱ ይሁዳንና ብንያምን ሁሉ፥ ከኤፍሬምና ከምናሴም፥ ከስምዖንም ፈልሰው ከእነርሱ ጋር የተቀመጡትን ሰበሰበ።
ebb20cd3-3286-5334-a324-9472b04f188b,32f49dad-af47-5a29-a9cb-417ea51f6f8d,6cd9390e-679c-5c78-a2db-2655df891c5f,10,10,አሳም በነገሠ በዐሥራ አምስተኛው ዓመት በሦስተኛው ወር በኢየሩሳሌም ተሰበሰቡ።
3fe9253f-5560-52ce-aaf8-cc6d55013dfb,32f49dad-af47-5a29-a9cb-417ea51f6f8d,6cd9390e-679c-5c78-a2db-2655df891c5f,11,11,በዚያም ቀን ካመጡት ምርኮ ሰባት መቶ በሬዎችንና ሰባት ሺህ በጎችን ለእግዚአብሔር ሠዋ።
55fab5ce-5ce4-554b-ac12-fb5ef916daee,32f49dad-af47-5a29-a9cb-417ea51f6f8d,6cd9390e-679c-5c78-a2db-2655df891c5f,12,12,በፍጹም ልባቸውና በፍጹም ነፍሳቸው የአባቶቻቸውን አምላክ እግዚአብሔርን ይሹ ዘንድ ቃል ኪዳን አደረገ፤
45fbff61-03da-51b6-a992-3123633f3d9d,32f49dad-af47-5a29-a9cb-417ea51f6f8d,6cd9390e-679c-5c78-a2db-2655df891c5f,13,13,የእስራኤልንም አምላክ እግዚአብሔርን የማይፈልግ፥ ታናሽ ወይም ታላቅ፥ ወንድ ወይም ሴት ቢሆን፥ ይገደል ዘንድ ማሉ።
31cf38fa-bd8c-53d8-aa4a-37e366bc94a1,32f49dad-af47-5a29-a9cb-417ea51f6f8d,6cd9390e-679c-5c78-a2db-2655df891c5f,14,14,ለእግዚአብሔርም በታላቅ ድምፅና በእልልታ፥ በእንቢልታና በቀንደ መለከት ማሉ።
04bc4209-1bb2-5575-aa22-1dae1fc50beb,32f49dad-af47-5a29-a9cb-417ea51f6f8d,6cd9390e-679c-5c78-a2db-2655df891c5f,15,15,በፍጹምም ልባቸው ምለዋልና፥ በፍጹምም ሕሊናቸው ፈልገውታልና፥ እርሱም ተገኝቶላቸዋልና ይሁዳ ሁሉ በመሐላው ደስ አላቸው፤ እግዚአብሔርም በዙሪያቸው ዕረፍትን ሰጣቸው።
6b680cfc-faf8-52e0-aae1-4bbead070104,32f49dad-af47-5a29-a9cb-417ea51f6f8d,6cd9390e-679c-5c78-a2db-2655df891c5f,16,16,ንጉሡም አሳ እናቱን መዓካን ለአስጣርቴስ ስለ ሰገደች ከእቴጌነቷ አወረዳት፤ አሳም ምስሉን ቈርጦ ቀጠቀጠው፤ በቄድሮንም ወንዝ አጠገብ አቃጠለው።
37399b8e-5dba-565a-aa33-42644316b9d6,32f49dad-af47-5a29-a9cb-417ea51f6f8d,6cd9390e-679c-5c78-a2db-2655df891c5f,17,17,በኮረብታ ላይ የነበሩትን መስገጃዎች ግን ከእስራኤል አላራቀም። ገና በእስራኤል ዘንድ እስከ አሁን ነበሩ፤ ይሁን እንጂ የአሳ ልብ በዘመኑ ሁሉ ፍጹም ነበረ።
d674fa35-dac0-59a3-ae7f-59c820d32956,32f49dad-af47-5a29-a9cb-417ea51f6f8d,6cd9390e-679c-5c78-a2db-2655df891c5f,18,18,አባቱም ዳዊት የቀደሰውን፥ እርሱም የቀደሰውን ወርቁንና ብሩን፥ ልዩ ልዩውንም ዕቃ ወደ እግዚአብሔር ቤትአገባ።
2ca6d993-77fd-57fa-a0c1-fb48b0e7efae,32f49dad-af47-5a29-a9cb-417ea51f6f8d,6cd9390e-679c-5c78-a2db-2655df891c5f,19,19,አሳም በነገሠበት ዘመን እስከ ሠላሳ አምስተኛው ዓመት ድረስ ጦርነት አልነበረም።
a973b035-d2ae-50cc-a045-1d2f7b50dce6,f565d76e-2f67-503b-a15d-4789cb2fa9cf,b17350b0-ba77-5a06-ad6a-61c1c9551687,1,1,አሳ በነገሠ በሠላሳ ስድስተኛው ዓመት የእስራኤል ንጉሥ ባኦስ በይሁዳ ላይ ዘመተ፥ ወደ ይሁዳም ንጉሥ ወደ አሳ ማንም መውጣትና መግባት እንዳይችል ራማን ሠራት።
95527376-9c5b-5b50-a669-ec3d2d9979ed,f565d76e-2f67-503b-a15d-4789cb2fa9cf,b17350b0-ba77-5a06-ad6a-61c1c9551687,2,2,አሳም ከእግዚአብሔር ቤትና ከንጉሥ ቤት መዝገብ ብርና ወርቅ ወስዶ፦ በደማስቆ ወደ ተቀመጠው ወደ ሶርያ ንጉሥ ወደ ወልደ አዴር ላከ። እንዲህም አለው፦
af237029-55cd-54f4-af56-c8bc366db704,f565d76e-2f67-503b-a15d-4789cb2fa9cf,b17350b0-ba77-5a06-ad6a-61c1c9551687,3,3,“በአባቴና በአባትህ መካከል እንደ ነበረው ቃል ኪዳን በእኔና በአንተ መካከል አድርግ፤ የእስራኤል ንጉሥ ባኦስ ከእኔ ዘንድ እንዲርቅ መጥተህ ትወጋው ዘንድ እነሆ፥ ወርቅና ብር ልኬልሃለሁ።”
5c8a072b-489f-58c6-afd0-05527e1ed36b,f565d76e-2f67-503b-a15d-4789cb2fa9cf,b17350b0-ba77-5a06-ad6a-61c1c9551687,4,4,ወልደ አዴርም ንጉሡን አሳን ሰማው፤ የሠራዊቱንም አለቆች በእስራኤል ከተሞች ላይ ሰደደ፤ እነርሱም አእዮንንና ዳንን፥ አቤልማይምንና የንፍታሌምንም አውራጃ ከተሞች ሁሉ መቱ።
eac78621-88f3-5284-aa78-721c59e2a2dd,f565d76e-2f67-503b-a15d-4789cb2fa9cf,b17350b0-ba77-5a06-ad6a-61c1c9551687,5,5,ባኦስም በሰማ ጊዜ ራማን መሥራት ተወ፤ ሥራውንም አቋረጠ።
e2f7a002-8357-540d-a886-0b3ffa823fb9,f565d76e-2f67-503b-a15d-4789cb2fa9cf,b17350b0-ba77-5a06-ad6a-61c1c9551687,6,6,የይሁዳ ንጉሥ አሳም የይሁዳን ሰዎች ሁሉ ሰበሰበ፤ ባኦስ ይሠራበት የነበረውን የራማን ድንጋይና እንጨት ወሰደ፤ እርሱም ገባዖንንና መሴፋን ሠራበት።
2d5acf11-b49f-5c48-a859-2b2088d3231d,f565d76e-2f67-503b-a15d-4789cb2fa9cf,b17350b0-ba77-5a06-ad6a-61c1c9551687,7,7,በዚያን ጊዜም ነቢዩ አናኒ ወደ ይሁዳ ንጉሥ ወደ አሳ መጥቶ እንዲህ አለው፥ “በሶርያ ንጉሥ ታምነሃልና፥ በአምላክህም በእግዚአብሔር አልታመንህምና ስለዚህ የሶርያ ንጉሥ ጭፍራ ከእጆችህ አምልጠዋል።
2d29e787-0e57-50fb-a9d7-82ba7d9f8ad3,f565d76e-2f67-503b-a15d-4789cb2fa9cf,b17350b0-ba77-5a06-ad6a-61c1c9551687,8,8,ኢትዮጵያውያንና የልብያ ሰዎች እጅግ ብዙ ሰረገሎችና ፈረሰኞች የነበሩአቸው እጅግ ታላቅ ጭፍራ አልነበሩምን? በእግዚአብሔር ስለ ታመንህ በእጅህ አሳልፎ ሰጣቸው።
ea942715-96ba-584e-a22f-bff78c15a7cf,f565d76e-2f67-503b-a15d-4789cb2fa9cf,b17350b0-ba77-5a06-ad6a-61c1c9551687,9,9,እግዚአብሔር ልቡ በእርሱ ዘንድ ፍጹም የሆነውን ያጸና ዘንድ ዐይኖቹ በምድር ሁሉ ይመለከታሉና። አሁንም ባለማወቅህ በድለሃል፤ ስለዚህም ከዛሬ ጀምሮ ጦርነት ይሆንብሃል።”
13154118-09ca-5be3-a767-180a73ae74a5,f565d76e-2f67-503b-a15d-4789cb2fa9cf,b17350b0-ba77-5a06-ad6a-61c1c9551687,10,10,አሳም በነቢዩ በአናኒ ላይ ተቈጣ፤ ስለዚህም ነገር ተቈጥቶአልና በግዞት አኖረው፤ በዚያን ጊዜም አሳ ከሕዝቡ አያሌ ሰዎችን አስጨነቀ።
3ff292b9-a0d7-5c1f-a336-6949c5d95833,f565d76e-2f67-503b-a15d-4789cb2fa9cf,b17350b0-ba77-5a06-ad6a-61c1c9551687,11,11,የአሳም የፊተኛውና የኋለኛው ነገር፥ እነሆ፥ በይሁዳና በእስራኤል ነገሥታት የታሪክ መጽሐፍ ተጽፎአል።
52b9b03b-b0db-551d-a1fe-25e3aea161f6,f565d76e-2f67-503b-a15d-4789cb2fa9cf,b17350b0-ba77-5a06-ad6a-61c1c9551687,12,12,አሳም በነገሠ በሠላሳ ዘጠነኛው ዓመት እግሩን ታመመ፤ ደዌውም ጸናበት፤ ነገር ግን በሕማሙ ጊዜ ባለ መድኀኒቶችን እንጂ እግዚአብሔርን አልፈለገም።
d53a1f56-07af-53d3-a391-513dee28b413,f565d76e-2f67-503b-a15d-4789cb2fa9cf,b17350b0-ba77-5a06-ad6a-61c1c9551687,13,13,አሳም ከአባቶቹ ጋር አንቀላፋ፤ በነገሠም በአርባ አንደኛው ዓመት ሞተ።
c4753760-30d8-598f-a48e-e2d1098b7cf3,f565d76e-2f67-503b-a15d-4789cb2fa9cf,b17350b0-ba77-5a06-ad6a-61c1c9551687,14,14,ለእርሱም ለራሱ በሠራው መቃብር በዳዊት ከተማ ቀበሩት፤ በቀማሚ ብልሃት የተሰናዳ ልዩ ልዩ መልካም ሽቱ በተሞላ አልጋ ላይም አኖሩት፤ እጅግም ታላቅ የሆነ የቀብር ሥርዐት አደረጉለት።
60a90242-e61b-5d24-a110-cf8e583efd61,92b34cd8-1781-5eb7-a56b-0215f4c17233,85a0ff7c-daff-58ec-aa7c-82f73d25c7f2,1,1,ከአሳም በኋላ ልጁ ኢዮሳፍጥ ነገሠ፤ ኢዮሳፍጥም በእስራኤል ላይ ጠነከረ።
a843e2a0-c2b7-56b8-ada6-cc3c8350885b,92b34cd8-1781-5eb7-a56b-0215f4c17233,85a0ff7c-daff-58ec-aa7c-82f73d25c7f2,2,2,በተመሸጉትም በይሁዳ ከተሞች ሁሉ ሠራዊቱን አኖረ፤ በይሁዳም ሀገር፥ አባቱም አሳ በወሰዳቸው በኤፍሬም ከተሞች መሳፍንቱን አስቀመጠ።
48b3c739-7992-5440-aac4-af07d7aedc96,92b34cd8-1781-5eb7-a56b-0215f4c17233,85a0ff7c-daff-58ec-aa7c-82f73d25c7f2,3,3,እግዚአብሔርም ከኢዮሳፍጥ ጋር ነበረ፤ በፊተኛዪቱም በአባቱ በዳዊት መንገድ ሄዶአልና፥ ጣዖትንም አልፈለገምና፤
8e9d6fe3-0e43-54a7-aee8-f27c33eed12b,92b34cd8-1781-5eb7-a56b-0215f4c17233,85a0ff7c-daff-58ec-aa7c-82f73d25c7f2,4,4,ነገር ግን የአባቱን አምላክ ፈለገ፤ በአባቱም ትእዛዝ ሄደ፤ በእስራኤልም ሥራ አይደለም።
70b9b500-60b1-55c2-a408-b471b8a767e9,92b34cd8-1781-5eb7-a56b-0215f4c17233,85a0ff7c-daff-58ec-aa7c-82f73d25c7f2,5,5,እግዚአብሔርም መንግሥቱን በእጁ አጸና፤ ይሁዳም ሁሉ እጅ መንሻ ለኢዮሳፍጥ አመጣ፤ እጅግም ብዙ ብልጥግናና ክብር ሆነለት።
4f7890e0-9d76-53a8-afe4-3c7eb8ef187c,92b34cd8-1781-5eb7-a56b-0215f4c17233,85a0ff7c-daff-58ec-aa7c-82f73d25c7f2,6,6,ልቡም በእግዚአብሔር መንገድ ከፍ ከፍ አለ፤ የኮረብታውን መስገጃዎችና የማምለኪያ አፀዱንም ከይሁዳ አስወገደ።
fdfcd2a2-4ff6-59ef-aa34-1d15b24979a5,92b34cd8-1781-5eb7-a56b-0215f4c17233,85a0ff7c-daff-58ec-aa7c-82f73d25c7f2,7,7,በነገሠም በሦስተኛው ዓመት በይሁዳ ከተሞች ያስተምሩ ዘንድ መሳፍንቱንና ኀያላኑን ሰዎች አብድያስን፥ ዘካርያስን፥ ናትናኤልን፥ ሚኪያስን ላከ።
f6b77044-1335-5f53-a782-7743c8de7f55,92b34cd8-1781-5eb7-a56b-0215f4c17233,85a0ff7c-daff-58ec-aa7c-82f73d25c7f2,8,8,ከእነርሱም ጋር ሌዋውያንን ሸማያን፥ ነታንያን፥ ዛባድያን፥ አሣሄልን፥ ሰሚራሞትን፥ ዮናታንን፥ አዶንያስን፥ ጦብያን፥ ጦባዶንያስን ከእነርሱም ጋር ካህናቱን ኤሊሳማንና ኢዮራምን ላከ።
780aa58d-c2a4-5c08-a3b6-61fc75b31703,92b34cd8-1781-5eb7-a56b-0215f4c17233,85a0ff7c-daff-58ec-aa7c-82f73d25c7f2,9,9,እነርሱም የእግዚአብሔርን የሕጉን መጽሐፍ ይዘው በይሁዳ ያስተምሩ ነበር፤ ወደ ይሁዳም ከተሞች ሁሉ ተመላልሰው ሕዝቡን አስተማሩ።
b6001fef-0db0-55f8-ab3b-1a0cc2771e05,92b34cd8-1781-5eb7-a56b-0215f4c17233,85a0ff7c-daff-58ec-aa7c-82f73d25c7f2,10,10,በይሁዳም ዙሪያ በነበሩ የምድር መንግሥታት ሁሉ ላይ ከእግዚአብሔር ዘንድ ድንጋጤ ሆነ፤ ከኢዮሳፍጥም ጋር አልተዋጉም።
8727d897-b824-5f95-afe6-050f151db1bd,92b34cd8-1781-5eb7-a56b-0215f4c17233,85a0ff7c-daff-58ec-aa7c-82f73d25c7f2,11,11,ከፍልስጥኤማውያንም ለኢዮሳፍጥ እጅ መንሻና የብር ግብር ያመጡ ነበር፤ ዐረባውያንም ደግሞ ከመንጎቻቸው ሰባት ሺህ ሰባት መቶ አውራ በጎችንና ሰባት ሺህ ሰባት መቶ አውራ ፍየሎችን ያመጡለት ነበር።
bfd7a2b1-06c3-59f9-a176-6d4e39890a8f,92b34cd8-1781-5eb7-a56b-0215f4c17233,85a0ff7c-daff-58ec-aa7c-82f73d25c7f2,12,12,ኢዮሳፍጥም እየበረታና እጅግም እየከበረ ሄደ፤ በይሁዳም ግንቦችንና የተመሸጉ ከተሞችን ሠራ።
a72bd28a-66c4-54a5-a193-efad871fdd4b,92b34cd8-1781-5eb7-a56b-0215f4c17233,85a0ff7c-daff-58ec-aa7c-82f73d25c7f2,13,13,በይሁዳም ከተሞች ብዙ ሥራ ሠራ፤ በኢየሩሳሌምም ጽኑዓን ኀያላን ሰልፈኞች ነበሩት።
a0ce62dc-eacd-531b-a416-09c1349031b6,92b34cd8-1781-5eb7-a56b-0215f4c17233,85a0ff7c-daff-58ec-aa7c-82f73d25c7f2,14,14,ቍጥራቸውም እንደ አባቶቻቸው ቤት ይህ ነበረ፤ ከይሁዳ ሻለቆች አለቃው ዓድናስ፥ ከእርሱም ጋር ሦስት መቶ ሺህ ጽኑዓን ኀያላን ሰዎች ነበሩ፤
3bb3c078-12a4-5a5b-a1a1-9432b3a4ff5e,92b34cd8-1781-5eb7-a56b-0215f4c17233,85a0ff7c-daff-58ec-aa7c-82f73d25c7f2,15,15,ከእርሱም በኋላ አለቃው ኢዮአናን፥ ከእርሱም ጋር ሁለት መቶ ሰማንያ ሺህ ሰዎች ነበሩ፤
156249c8-d642-532f-affc-c51a5185c24c,92b34cd8-1781-5eb7-a56b-0215f4c17233,85a0ff7c-daff-58ec-aa7c-82f73d25c7f2,16,16,ከእርሱም በኋላ እግዚአብሔርን የሚያገለግል የዝክሪ ልጅ ማስያስ፥ ከእርሱም ጋር ሁለት መቶ ሺህ ጽኑዓን ኀያላን ሰዎች ነበሩ።
487546d0-acc7-5b7a-a454-6425c145006d,92b34cd8-1781-5eb7-a56b-0215f4c17233,85a0ff7c-daff-58ec-aa7c-82f73d25c7f2,17,17,ከብንያምም ጽኑዕ ኀያል የነበረው ኤሊያዳ፥ ከእርሱም ጋር ቀስት የሚገትሩ፥ ወንጭፍ የሚወነጭፉ ሁለት መቶ ሺህ ሰዎች ነበሩ፤
4e8d8669-2f22-5a59-ab99-2236a32e5d80,92b34cd8-1781-5eb7-a56b-0215f4c17233,85a0ff7c-daff-58ec-aa7c-82f73d25c7f2,18,18,ከእርሱም በኋላ ዮዛባድ፥ ከእርሱም ጋር ለሰልፍ የተዘጋጁ መቶ ሰማንያ ሺህ ሰዎች ነበሩ።
ccda8d03-5237-58b0-affc-8f80b69bb3d4,92b34cd8-1781-5eb7-a56b-0215f4c17233,85a0ff7c-daff-58ec-aa7c-82f73d25c7f2,19,19,ንጉሡ በተመሸጉ በይሁዳ ከተሞች ሁሉ ካኖራቸውም ሌላ እነዚህ ንጉሡን ያገለግሉ ነበር።
7b5a24e4-96ad-5cac-a8b3-41bda548b0d4,fa51beb2-5cf3-5488-a43f-be1b165dfde8,0d20665f-cbe7-577b-ab58-a0566a26be88,1,1,ለኢዮሣፍጥም ብዙ ብልጥግናና ክብር ነበረው፤ ከአክዓብም ወገን ሚስት አገባ።
a2d8323b-fc9f-535a-a52b-96b8a1431c25,fa51beb2-5cf3-5488-a43f-be1b165dfde8,0d20665f-cbe7-577b-ab58-a0566a26be88,2,2,ከጥቂት ዓመታት በኋላም ወደ አክዓብ ወደ ሰማርያ ወረደ። አክዓብም ለእርሱና ከእርሱ ጋር ለነበሩት ሕዝብ ብዙ በጎችንና በሬዎችን አረደ፤ ወደደውም፤ ከእርሱም ጋር ወደ ሬማት ዘገለዓድ ይሄድ ዘንድ አባበለው።
0bbb5744-c445-59a8-ae7c-902c8b986cde,fa51beb2-5cf3-5488-a43f-be1b165dfde8,0d20665f-cbe7-577b-ab58-a0566a26be88,3,3,የእስራኤልም ንጉሥ አክዓብ የይሁዳን ንጉሥ ኢዮሣፍጥን፥ “ከእኔ ጋር ወደ ሬማት ዘገለዓድ ትሄዳለህን?” አለው። እርሱም፥ “እኔ እንደ አንተ ነኝ፤ ሕዝቤም ለሰልፍ እንደ ሕዝብህ ናቸው፤” ብሎ መለሰለት።
053d6e24-18b0-5ef8-a1b6-7b2a302c9f0b,fa51beb2-5cf3-5488-a43f-be1b165dfde8,0d20665f-cbe7-577b-ab58-a0566a26be88,4,4,ኢዮሣፍጥም የእስራኤልን ንጉሥ፥ “ዛሬ እግዚአብሔርን ጠይቅ” አለው።
c6c51fd7-c0d6-5c08-a332-845c3de2f105,fa51beb2-5cf3-5488-a43f-be1b165dfde8,0d20665f-cbe7-577b-ab58-a0566a26be88,5,5,የእስራኤልም ንጉሥ ከነቢያቱ አራት መቶ ሰዎችን ሰብስቦ፥ “ወደ ሬማት ዘገለዓድ ለሰልፍ ልሂድን? ወይስ ልቅር?” አላቸው። እነርሱም፥ “እግዚአብሔር በንጉሥ እጅ አሳልፎ ይሰጣታልና ውጣ” አሉት።
f3bf65b0-cf3e-59c3-a43d-d90afe839238,fa51beb2-5cf3-5488-a43f-be1b165dfde8,0d20665f-cbe7-577b-ab58-a0566a26be88,6,6,ኢዮሣፍጥ ግን፥ “እንጠይቀው ዘንድ የእግዚአብሔር ነቢይ የሆነ ሌላ ሰው በዚህ አይገኝምን?” አለ።
4fa2535c-e1dd-51bf-aec7-09efdf32a041,fa51beb2-5cf3-5488-a43f-be1b165dfde8,0d20665f-cbe7-577b-ab58-a0566a26be88,7,7,የእስራኤልም ንጉሥ ኢዮሣፍጥን፥ “እግዚአብሔርን የምንጠይቅበት አንድ ሰው አለ፤ ነገር ግን ሁልጊዜ ክፉ እንጂ ከቶ መልካም ትንቢት አይናገርልኝምና እጠላዋለሁ፤ እርሱም የይምላ ልጅ ሚክያስ ነው” አለው። ኢዮሣፍጥም፥ “ንጉሡ እንዲህ አይበል” አለው።
06da795d-e745-5ad9-a369-0ccc5414a3d4,fa51beb2-5cf3-5488-a43f-be1b165dfde8,0d20665f-cbe7-577b-ab58-a0566a26be88,8,8,የእስራኤልም ንጉሥ አንድ ጃንደረባ ጠርቶ፥ “የይምላን ልጅ ሚክያስን ፈጥነህ አምጣው” አለው።
22f9ac27-816e-5ade-ae72-d326dd3aa6d5,fa51beb2-5cf3-5488-a43f-be1b165dfde8,0d20665f-cbe7-577b-ab58-a0566a26be88,9,9,የእስራኤል ንጉሥና የይሁዳ ንጉሥ ኢዮሣፍጥ ልብሰ መንግሥት ለብሰው በሰማርያ በር መግቢያ አጠገብ በአደባባይ በዙፋኖቻቸው ላይ ተቀምጠው ነበር፤ ነቢያትም ሁሉ በፊታቸው ትንቢት ይናገሩ ነበር።
e4d1129b-78d8-5ca3-a873-3aee47fa4867,fa51beb2-5cf3-5488-a43f-be1b165dfde8,0d20665f-cbe7-577b-ab58-a0566a26be88,10,10,የካህናን ልጅ ሴዴቅያስም የብረት ቀንዶች ሠርቶ፦ እግዚአብሔር እንዲህ ይላል፥ “ሶርያውያንን እስክታጠፋቸው ድረስ በእነዚህ ትወጋለህ” አለ።
318150ed-7a88-5b26-ad99-3f27618107d1,fa51beb2-5cf3-5488-a43f-be1b165dfde8,0d20665f-cbe7-577b-ab58-a0566a26be88,11,11,ነቢያትም ሁሉ፥ “እግዚአብሔር በንጉሡ እጅ አሳልፎ ይሰጣታልና ወደ ሬማት ዘገለዓድ ውጣና ተከናወን” እያሉ እንዲሁ ትንቢት ይናገሩ ነበር።
03b3deb8-7b07-5bb2-abe7-e1bfe5b6b782,fa51beb2-5cf3-5488-a43f-be1b165dfde8,0d20665f-cbe7-577b-ab58-a0566a26be88,12,12,ሚክያስንም ሊጠራ የሄደ መልእክተኛ፥ “እነሆ፥ ነቢያት በአንድ አፍ ሆነው ለንጉሡ መልካም ይናገራሉ፤ ቃልህም እንደ ቃላቸው እንዲሆን መልካም እንድትናገር እለምንሃለሁ” አለው።
bacb49e2-5fea-51dd-afc4-f5e6023f3556,fa51beb2-5cf3-5488-a43f-be1b165dfde8,0d20665f-cbe7-577b-ab58-a0566a26be88,13,13,ሚክያስም፥ “ሕያው እግዚአብሔርን! አምላኬ የሚለውን እርሱን እናገራለሁ” አለ።
7e90113c-16d3-5ef5-a369-dd029a2c1622,fa51beb2-5cf3-5488-a43f-be1b165dfde8,0d20665f-cbe7-577b-ab58-a0566a26be88,14,14,ወደ ንጉሡም በመጣ ጊዜ ንጉሡ፥ “ሚክያስ ሆይ፥ ወደ ሬማት ዘገለዓድ ለሰልፍ ልሂድን? ወይስ ልቅር?” አለው።
e47043af-33a5-5959-a55d-eaad187dcb87,fa51beb2-5cf3-5488-a43f-be1b165dfde8,0d20665f-cbe7-577b-ab58-a0566a26be88,15,15,ነቢዩ ሚክያስም፥ “ውጣ፤ ተከናወን፤ በእጅህም አልፈው ይሰጣሉ” አለ። ንጉሡም፥ “በእግዚአብሔር ስም ከእውነት በቀር እንዳትነግረኝ ስንት ጊዜ አምልሃለሁ?” አለው።
d40042bf-4e70-5bd7-ad73-9b2115044c46,fa51beb2-5cf3-5488-a43f-be1b165dfde8,0d20665f-cbe7-577b-ab58-a0566a26be88,16,16,እርሱም፥ “እስራኤል ሁሉ ጠባቂ እንደሌላቸው በጎች በተራሮች ላይ ተበትነው አየሁ፤ እግዚአብሔርም፦ ለእነዚህ ጌታ የላቸውም፥ እያንዳንዱም በሰላም ወደ ቤቱ ይመለስ አለ” ብሎ ተናገረ።
a2d770e8-b6a6-5172-aec1-c0f3b4ff9bd3,fa51beb2-5cf3-5488-a43f-be1b165dfde8,0d20665f-cbe7-577b-ab58-a0566a26be88,17,17,የእስራኤልም ንጉሥ ኢዮሣፍጥን፥ “ክፉ እንጂ መልካም ትንቢት አይናገርልኝም አላልሁህምን?” አለው።
ca9d758e-2e62-5304-adec-d7159db5fb0d,fa51beb2-5cf3-5488-a43f-be1b165dfde8,0d20665f-cbe7-577b-ab58-a0566a26be88,18,18,ሚክያስም አለ፥ “እንዲህ አይደለም፤ እንግዲህ የእግዚአብሔርን ቃል ስሙ፤ እግዚአብሔር በዙፋኑ ተቀምጦ፥ የሰማይ ሠራዊት ሁሉ በቀኙና በግራው፤ ቆመው አየሁ።”
2602c3cf-c76f-5574-a416-64a69da9202c,fa51beb2-5cf3-5488-a43f-be1b165dfde8,0d20665f-cbe7-577b-ab58-a0566a26be88,19,19,እግዚአብሔርም፥ “ወጥቶ በሬማት ዘገለዓድ ይወድቅ ዘንድ የእስራኤልን ንጉሥ አክዓብን የሚያታልል ማን ነው?” አለ። አንዱም እንደዚህ፥ ሌላውም እንደዚያ ያለ ነገር ተናገረ።
ede550e0-a458-5d4a-a35b-dc06cc93bf8d,fa51beb2-5cf3-5488-a43f-be1b165dfde8,0d20665f-cbe7-577b-ab58-a0566a26be88,20,20,መንፈስም መጣ፤ በእግዚአብሔርም ፊት ቆሞ፥ “እኔ አታልለዋለሁ” አለ። እግዚአብሔርም፥ “በምን ታታልለዋለህ?” አለው።
0918a607-b386-5a5d-ac18-1214cbdc8e5c,fa51beb2-5cf3-5488-a43f-be1b165dfde8,0d20665f-cbe7-577b-ab58-a0566a26be88,21,21,እርሱም፥ “ወጥቼ በነቢያት ሁሉ አፍ የሐሰት መንፈስ እሆናለሁ” አለ። እግዚአብሔርም፥ “ታታልለዋለህ፤ ይቀናሃል፥ ውጣ፤ እንዲህም አድርግ” አለው።
3d559bdd-8e62-5d31-a1b5-20ddd76c80c4,fa51beb2-5cf3-5488-a43f-be1b165dfde8,0d20665f-cbe7-577b-ab58-a0566a26be88,22,22,“አሁንም እነሆ፥ እግዚአብሔር በእነዚህ በነቢያትህ አፍ የሐሰት መንፈስን አድርጎአል፤ እግዚአብሔርም በአንተ ላይ ክፉ ተናግሮብሃል።”
91e71e29-fa9f-5db2-a72b-d79e694c3080,fa51beb2-5cf3-5488-a43f-be1b165dfde8,0d20665f-cbe7-577b-ab58-a0566a26be88,23,23,የካህናንም ልጅ ሴዴቅያስ ቀረበ፤ ሚክያስንም በጥፊ መታውና፥ “የእግዚአብሔር መንፈስ ከአንተ ጋር ይናገር ዘንድ በምን መንገድ ከእኔ አለፈ?” አለው።
884134f2-e38d-5b2c-a9e2-c8823285a708,fa51beb2-5cf3-5488-a43f-be1b165dfde8,0d20665f-cbe7-577b-ab58-a0566a26be88,24,24,ሚክያስም፥ “እነሆ፥ በዚያ ቀን ልትሸሸግ ከእልፍኝ ወደ እልፍኝ ስትሄድ ታያለህ” አለ።
fe19b9fb-4cb0-5eac-a032-c1506d8d28bb,fa51beb2-5cf3-5488-a43f-be1b165dfde8,0d20665f-cbe7-577b-ab58-a0566a26be88,25,25,የእስራኤልም ንጉሥ እንዲህ አለ፥ “ሚክያስን ውሰዱ፤ ወደ ከተማዪቱም አለቃ ወደ ኤሜር፥ ወደ ንጉሡም ልጆች አለቃ ወደ ኢዮአስ መልሱት
4f8d8597-6dfc-53f3-a302-5dfa60d9f510,fa51beb2-5cf3-5488-a43f-be1b165dfde8,0d20665f-cbe7-577b-ab58-a0566a26be88,26,26,እንዲህም በሉአቸው፦ ንጉሡ እንዲህ ይላል፦ በደኅና እስክመለስ ድረስ ይህን ሰው በግዞት አኑሩት፤ የመከራም እንጀራ መግቡት፤ የመከራም ውኃ አጠጡት።”
327d1c3e-31cf-502e-a1b2-30ce4c2a7c41,fa51beb2-5cf3-5488-a43f-be1b165dfde8,0d20665f-cbe7-577b-ab58-a0566a26be88,27,27,ሚክያስም፥ “በደኅና ብትመለስ እግዚአብሔር በእኔ አልተናገረም” አለ። “ደግሞም እናንተ ሕዝቡ ሁሉ ስሙኝ” አለ።
eb19325d-7327-5ebf-a0c7-0e3d08c2150f,fa51beb2-5cf3-5488-a43f-be1b165dfde8,0d20665f-cbe7-577b-ab58-a0566a26be88,28,28,የእስራኤል ንጉሥና የይሁዳ ንጉሥ ኢዮሣፍጥ ወደ ሬማት ዘገለዓድ ወጡ።
a6ffd5e6-8300-5b36-a52c-c4ebc9c78b58,fa51beb2-5cf3-5488-a43f-be1b165dfde8,0d20665f-cbe7-577b-ab58-a0566a26be88,29,29,የእስራኤል ንጉሥም ኢዮሣፍጥን፥ “ልብሴን ለውጬ ወደ ጦርነት እገባለሁ፤ አንተ ግን የእኔን ልብስ ልበስ” አለው። የእስራኤልም ንጉሥ ልብሱን ለወጠ፤ ወደ ሰልፍም ገባ።
cc760c88-3965-53c4-ad8c-e36c396fd3c8,fa51beb2-5cf3-5488-a43f-be1b165dfde8,0d20665f-cbe7-577b-ab58-a0566a26be88,30,30,የሶርያም ንጉሥ ከእርሱ ጋር የነበሩትን የሰረገሎቹን አለቆች፦ ከእስራኤልም ንጉሥ በቀር ትንሽ ቢሆን ወይም ትልቅ ከማናቸውም ጋር አትጋጠሙ ብሎ አዝዞ ነበር።
8b9bc0a3-cc9e-5609-a186-bb064d4ca86f,fa51beb2-5cf3-5488-a43f-be1b165dfde8,0d20665f-cbe7-577b-ab58-a0566a26be88,31,31,የሰረገሎችም አለቆች ኢዮሣፍጥን ባዩ ጊዜ፥ “የእስራኤል ንጉሥ ነው” አሉ፤ ሊጋጠሙትም ከበቡት፤ ኢዮሣፍጥ ግን ጮኸ፤ እግዚአብሔርም አዳነው፤ አምላኩም ከእርሱ መለሳቸው።
92b0bb74-b924-5197-a19a-5bf317912615,fa51beb2-5cf3-5488-a43f-be1b165dfde8,0d20665f-cbe7-577b-ab58-a0566a26be88,32,32,የሰረገሎቹም አለቆች የእስራኤል ንጉሥ እንዳልሆነ ባዩ ጊዜ ከእርሱ ተመለሱ።
15a67433-9e40-533e-a5f1-8db77ce58015,fa51beb2-5cf3-5488-a43f-be1b165dfde8,0d20665f-cbe7-577b-ab58-a0566a26be88,33,33,አንድ ሰውም ቀስቱን በድንገት ገትሮ የእስራኤልን ንጉሥ በጥሩሩ መጋጠሚያ በኩል ሳንባውን ወጋው። ሰረገለኛውንም፥ “ተወግቻለሁና እጅህን ግታ፤ ከጦርነት ውስጥ አውጣኝ” አለው።
31451b56-7e9f-5275-aefd-9e03f309ea01,fa51beb2-5cf3-5488-a43f-be1b165dfde8,0d20665f-cbe7-577b-ab58-a0566a26be88,34,34,በዚያም ቀን ጦርነት በረታ፤ የእስራኤልም ንጉሥ በሶርያውያን ፊት እስከ ማታ ድረስ በሰረገላው ላይ ራሱን ይደግፍ ነበር፤ ፀሐይም በገባ ጊዜ ሞተ።
b3a38e72-b8c5-5310-ad3e-23779298701b,0619e1aa-9531-511e-abb1-cb3d2c6a0062,2326b719-4a1a-59cd-aae0-1763bc71cd3d,1,1,የይሁዳም ንጉሥ ኢዮሣፍጥ ወደ ቤቱ ወደ ኢየሩሳሌም በሰላም ተመለሰ።
3079275b-0b99-56b7-a13e-2cc49ecafa43,0619e1aa-9531-511e-abb1-cb3d2c6a0062,2326b719-4a1a-59cd-aae0-1763bc71cd3d,2,2,ነቢዩ የአናኒ ልጅ ኢዩ ሊገናኘው ወጣ፤ ንጉሡንም ኢዮሣፍጥን፥ “ኀጢአተኛውን ታግዛለህን? ወይስ እግዚአብሔር የሚጠላውን ትወድዳለህን? ስለዚህም ነገር ከእግዚአብሔር ዘንድ ቍጣ መጥቶብሃል።
96d09bcc-07ea-556e-a23f-6fbb2afb6f97,0619e1aa-9531-511e-abb1-cb3d2c6a0062,2326b719-4a1a-59cd-aae0-1763bc71cd3d,3,3,ነገር ግን የማምለኪያ ዐፀዶችን ከምድረ ይሁዳ አስወግደሃልና፥ እግዚአብሔርንም ትፈልግ ዘንድ ልብህን አዘጋጅተሃልና መልካም ነገር ተገኝቶብሃል” አለው።
c90cc428-3fb7-5176-a705-795390d45187,0619e1aa-9531-511e-abb1-cb3d2c6a0062,2326b719-4a1a-59cd-aae0-1763bc71cd3d,4,4,ኢዮሣፍጥም በኢየሩሳሌም ተቀመጠ፤ ደግሞም ከቤርሳቤህ ጀምሮ እስከ ተራራማው እስከ ኤፍሬም ሀገር ድረስ ወደ ሕዝቡ ወጥቶ ወደ አባቶቻቸው አምላክ ወደ እግዚአብሔር መለሳቸው።
dbc6ceab-e1ba-5901-a819-734f12dd19de,0619e1aa-9531-511e-abb1-cb3d2c6a0062,2326b719-4a1a-59cd-aae0-1763bc71cd3d,5,5,በተመሸጉት በይሁዳ ከተሞች ሁሉ በእያንዳንዱ ከተማ ውስጥ ፈራጆችን ሾመ።
94136d40-a8ad-57cb-a251-2152d9be956d,0619e1aa-9531-511e-abb1-cb3d2c6a0062,2326b719-4a1a-59cd-aae0-1763bc71cd3d,6,6,ፈራጆቹንም፥ “ለእግዚአብሔር እንጂ ለሰው አትፈርዱምና፥ የፍርድም ነገር ከእናንተ ጋር ነውና የምታደርጉትን ተመልከቱ።
5f96cb35-45e8-5b4b-a1b5-3e977139a7f4,0619e1aa-9531-511e-abb1-cb3d2c6a0062,2326b719-4a1a-59cd-aae0-1763bc71cd3d,7,7,አሁንም እግዚአብሔርን መፍራት በእናንተ ላይ ይሁን፤ በአምላካችንም በእግዚአብሔር ዘንድ በደልና ለሰው ፊት ማድላት፥ መማለጃም መውሰድ የለምና ሁሉን ተጠንቅቃችሁ አድርጉ” አላቸው።
04e07d35-4a7f-5abc-afa3-1ab06cb6541a,0619e1aa-9531-511e-abb1-cb3d2c6a0062,2326b719-4a1a-59cd-aae0-1763bc71cd3d,8,8,ኢዮሣፍጥም ከሌዋውያንና ከካህናት፥ ከእስራኤልም የአባቶች ቤቶች አለቆች በእግዚአብሔር ፍርድ በኢየሩሳሌም በሚኖሩ ላይ ፍርድን እንዲፈርዱ በኢየሩሳሌም ሾመ።
2c7a7b87-2189-58c7-a956-8c347391b85c,0619e1aa-9531-511e-abb1-cb3d2c6a0062,2326b719-4a1a-59cd-aae0-1763bc71cd3d,9,9,እንዲህም ብሎ አዘዛቸው፥ “እንዲሁ እግዚአብሔርን በመፍራት፥ በቅንነትም፥ በፍጹምም ልብ አድርጉ።”
6edc1714-eb8a-55e9-a912-0d78f55826ef,0619e1aa-9531-511e-abb1-cb3d2c6a0062,2326b719-4a1a-59cd-aae0-1763bc71cd3d,10,10,በከተሞቻቸውም ከተቀመጡት ከወንድሞቻችሁ በደምና በደም መካከል፥ በሕግና በትእዛዝ፥ በሥርዐትና በፍርድም መካከል ያለ ማናቸውም ሰው ለፍርድ ወደ እናንተ ቢመጣ እግዚአብሔርን እንዳይበድሉ፥ ቍጣም በእናንተና በወንድሞቻችሁ ላይ እንዳይመጣ አስጠንቅቁአቸው፤ እንዲህም ብታደርጉ በደለኞች አትሆኑም።
1b036b7f-7e20-5824-a7e1-68e2f896d361,0619e1aa-9531-511e-abb1-cb3d2c6a0062,2326b719-4a1a-59cd-aae0-1763bc71cd3d,11,11,እነሆም፥ ለእግዚአብሔር በሚሆነው ነገር ሁሉ የካህናቱ አለቃ አማርያ፥ በንጉሡም ነገር ሁሉ የይሁዳ ቤት አለቃ የይስማኤል ልጅ ዝባድያስ በላያችሁ ተሾመዋል፤ ጸሐፍቱና ሌዋውያኑ ደግሞ በፊታችሁ አሉ፤ በርትታችሁም አድርጉ፤ እግዚአብሔር መልካም ከሚያደርግ ጋር ይሁን።
b63b3728-5180-548b-a3b7-632de0378f53,cd2dc998-5dfa-53dc-ae52-272edd7b3dbd,78c73a10-b1f5-523a-a6cb-0d1ee7530eed,1,1,እንዲህም ሆነ፤ ከዚህ በኋላ የሞዓብና የአሞን ልጆች ከእነርሱም ጋር ምዑናውያን ኢዮሣፍጥን ሊወጉ መጡ።
953fd6b1-7c03-58f9-ac59-fc3ffda60575,cd2dc998-5dfa-53dc-ae52-272edd7b3dbd,78c73a10-b1f5-523a-a6cb-0d1ee7530eed,2,2,ሰዎችም መጥተው፥ “ከባሕሩ ማዶ ከሶርያ ታላቅ ሠራዊት መጥቶብሃል፤ እነሆም፥ ዓይንጋዲ በተባለች በሐሴሶን ታማር ናቸው” ብለው ለኢዮሣፍጥ ነገሩት።
767f5386-e032-5497-a430-e11321c92488,cd2dc998-5dfa-53dc-ae52-272edd7b3dbd,78c73a10-b1f5-523a-a6cb-0d1ee7530eed,3,3,ኢዮሣፍጥም ፈራ፤ እግዚአብሔርንም ሊፈልግ ፊቱን አቀና፤ በይሁዳም ሁሉ ጾም አወጀ።
7d9ca905-6270-55e0-adf3-6d7de5d6ddf4,cd2dc998-5dfa-53dc-ae52-272edd7b3dbd,78c73a10-b1f5-523a-a6cb-0d1ee7530eed,4,4,ይሁዳም እግዚአብሔርን ይፈልግ ዘንድ ተሰበሰበ፤ ከይሁዳ ከተሞችም ሁሉ እግዚአብሔርን ይፈልጉ ዘንድ መጡ።
02ab04f8-d7e1-5b09-ae7a-ec03c8183e5b,cd2dc998-5dfa-53dc-ae52-272edd7b3dbd,78c73a10-b1f5-523a-a6cb-0d1ee7530eed,5,5,ኢዮሣፍጥም በይሁዳና በኢየሩሳሌም ጉባኤ መካከል በእግዚአብሔር ቤት ውስጥ በአዲሱ አደባባይ ፊት ቆመ፤
94b32b10-094d-57bb-a0a9-5b45b501856c,cd2dc998-5dfa-53dc-ae52-272edd7b3dbd,78c73a10-b1f5-523a-a6cb-0d1ee7530eed,6,6,እንዲህም አለ፥ “አቤቱ፥ የአባቶቻችን አምላክ ሆይ፥ በሰማይ ያለህ አምላክ አንተ አይደለህምን? የአሕዛብንስ መንግሥታት ሁሉ የምትገዛ አንተ አይደለህምን? ኀይልና ችሎታ በእጅህ ነው፤ ሊቋቋምህም የሚችል የለም።
1c281de4-ac58-5774-a07b-0d2c4b5b9ea9,cd2dc998-5dfa-53dc-ae52-272edd7b3dbd,78c73a10-b1f5-523a-a6cb-0d1ee7530eed,7,7,አምላካችን ሆይ፥ በዚህ ምድር የነበሩትን አሕዛብ ከሕዝብህ ከእስራኤል ፊት ያሳደድህ፥ ለወዳጅህም ለአብርሃም ዘር ለዘለዓለም የሰጠሃት አንተ አይደለህምን?
eab16854-2f0d-5df5-ae7d-2cf9792a1f38,cd2dc998-5dfa-53dc-ae52-272edd7b3dbd,78c73a10-b1f5-523a-a6cb-0d1ee7530eed,8,8,እነርሱ ተቀመጡባት፤ ለስምህም መቅደስን ሠሩባት።
f94f8908-1795-5db8-a94c-be690de518e5,cd2dc998-5dfa-53dc-ae52-272edd7b3dbd,78c73a10-b1f5-523a-a6cb-0d1ee7530eed,9,9,እንዲህም አሉ፦ ክፉ ነገር፥ የፍርድ ሰይፍ ወይም ቸነፈር ወይም ራብ፥ ቢመጣብን በዚህ ቤት ፊትና በፊትህ እንቆማለን፤ ስምህ በዚህ ቤት ላይ ነውና፤ በመከራችንም ወደ አንተ እንጮኻለን፥ አንተም ሰምተህ ታድነናለህ።
65f5f2b5-3966-5ad6-a0d8-b512831e80f4,cd2dc998-5dfa-53dc-ae52-272edd7b3dbd,78c73a10-b1f5-523a-a6cb-0d1ee7530eed,10,10,አሁንም እነሆ፥ እስራኤል ከግብዕ ምድር በወጡ ጊዜ ያልፉባቸው ዘንድ ያልፈቀድህላቸው የአሞንና የሞዓብ ልጆች፥ የሴይርም ተራራ ሰዎች እንዳያጠፉአቸው ከእነርሱ ፈቀቅ ብለው ነበር።
1db7cc0b-a40a-52f9-aac9-97a2ca3b8ef4,cd2dc998-5dfa-53dc-ae52-272edd7b3dbd,78c73a10-b1f5-523a-a6cb-0d1ee7530eed,11,11,እነሆ፥ አሁን ለወሮታችን ክፋት ይመልሱልናል፤ ከሰጠኸንም ርስት ያወጡን ዘንድ መጥተዋል።
5f560ad5-a910-52a8-a1b4-0fbe8b4cd559,cd2dc998-5dfa-53dc-ae52-272edd7b3dbd,78c73a10-b1f5-523a-a6cb-0d1ee7530eed,12,12,አምላካችን ሆይ፥ አንተ አትፈርድባቸውምን? ይህን የመጣብንን ታላቅ ወገን መቃወም እንችል ዘንድ ኀይል የለንም፤ የምናደርግባቸውንም አናውቅም፤ ነገር ግን ዐይኖቻችን ወደ አንተ ናቸው።”
4661007f-12d2-560e-a0cd-b8527511a678,cd2dc998-5dfa-53dc-ae52-272edd7b3dbd,78c73a10-b1f5-523a-a6cb-0d1ee7530eed,13,13,የይሁዳም ሰዎች ሁሉ ከሚስቶቻቸው፥ ከልጆቻቸውም ጋር በእግዚአብሔር ፊት ቆመው ነበር።
cf2d80e4-ec7f-5ceb-aba6-e394a62074eb,cd2dc998-5dfa-53dc-ae52-272edd7b3dbd,78c73a10-b1f5-523a-a6cb-0d1ee7530eed,14,14,የእግዚአብሔርም መንፈስ ከአሳፍ ወገን በነበረው በሌዋዊው በምታንያስ ልጅ በኢያሔል ልጅ በብልአንያ ልጅ በዘካርያስ ልጅ በኡዝሔል ላይ በጉባኤው መካከል መጣ፤
48ef313a-7ab2-59e9-ae4b-0fca859b5ecd,cd2dc998-5dfa-53dc-ae52-272edd7b3dbd,78c73a10-b1f5-523a-a6cb-0d1ee7530eed,15,15,እንዲህም አለ፥ “ይሁዳ ሁሉ፥ በኢየሩሳሌምም የምትኖሩ፥ አንተም ንጉሡ ኢዮሣፍጥ! ስሙ፤ እግዚአብሔር እንዲህ ይላችኋል፦ ሰልፉ የእግዚአብሔር ነው እንጂ የእናንተ አይደለምና ከዚህ ታላቅ ወገን የተነሣ አትፍሩ፤ አትደንግጡም።
96149f40-f892-5b95-a15d-711b287b4509,cd2dc998-5dfa-53dc-ae52-272edd7b3dbd,78c73a10-b1f5-523a-a6cb-0d1ee7530eed,16,16,ነገ በእነርሱ ላይ ውረዱ፤ እነሆ፥ በአሲስ ዐቀበት ይወጣሉ፤ በሸለቆውም መጨረሻ በኢያርሔል ምድረ በዳ ፊት ለፊት ታገኙአቸዋላችሁ።
a2eff907-11b5-5a37-a43f-ef644020d7a8,cd2dc998-5dfa-53dc-ae52-272edd7b3dbd,78c73a10-b1f5-523a-a6cb-0d1ee7530eed,17,17,እናንተ የምቷጉ አይደላችሁም፤ ይሁዳና ኢየሩሳሌም ሆይ፥ ተሰለፉ፤ ዝም ብላችሁ ቁሙ፤ የሚሆነውንም የእግዚአብሔርን ማዳን እዩ፤ እግዚአብሔርም ከእናንተ ጋር ነውና አትፍሩ፤ አትደንግጡም፤ ነገም ውጡባቸው።”
c8a39731-af5c-53bf-a318-8c53efc5c1bb,cd2dc998-5dfa-53dc-ae52-272edd7b3dbd,78c73a10-b1f5-523a-a6cb-0d1ee7530eed,18,18,ኢዮሣፍጥም በምድር ላይ ሰገደ፤ ይሁዳም ሁሉ፥ በኢየሩሳሌምም የሚኖሩ በእግዚአብሔር ፊት ወደቁ፤ ለእግዚአብሔርም ሰገዱ።
96a24b79-15e9-54b0-a8b5-49ae3a25f5fe,cd2dc998-5dfa-53dc-ae52-272edd7b3dbd,78c73a10-b1f5-523a-a6cb-0d1ee7530eed,19,19,ሌዋውያንም፥ ከቀዓት ልጆችና ከቆሬ ልጆች የእስራኤልን አምላክ እግዚአብሔርን ከፍ ባለ ታላቅ ድምፅ ያመሰግኑ ዘንድ ቆሙ።
3ce88919-6608-512c-a969-7351fcf0d1a5,cd2dc998-5dfa-53dc-ae52-272edd7b3dbd,78c73a10-b1f5-523a-a6cb-0d1ee7530eed,20,20,ማልደውም ተነሡ፤ ወደ ቴቁሔም ምድረ በዳ ወጡ፤ ሲወጡም ኢዮሣፍጥ ቆመና፥ “ይሁዳና በኢየሩሳሌም የምትኖሩ ሆይ፥ ስሙኝ፤ በአምላካችሁ በእግዚአብሔር እመኑ፥ ትጸኑማላችሁ፤ በነቢዩም እመኑ፤ ነገሩም ይቀናላችኋል” አለ።
f255b467-bdd3-56ad-a2b4-569a9d30e5a5,cd2dc998-5dfa-53dc-ae52-272edd7b3dbd,78c73a10-b1f5-523a-a6cb-0d1ee7530eed,21,21,ከሕዝቡም ጋር ተማክሮ በሠራዊቱ ፊት የሚሄዱትን፥ “ምሕረቱ ለዘለዓለም ነውና እግዚአብሔርን አመስግኑ” የሚሉትንም፥ በቅድስና የሚያመሰግኑትን፥ ለእግዚአብሔርም የሚዘምሩትን መዘምራን አቆመ።
8eee8096-e084-5787-a079-ab795a47e191,cd2dc998-5dfa-53dc-ae52-272edd7b3dbd,78c73a10-b1f5-523a-a6cb-0d1ee7530eed,22,22,ዝማሬውንና ምስጋናውንም በጀመሩ ጊዜ ይሁዳን ሊወጉ በመጡት በአሞንና በሞዓብ ልጆች በሴይርም ተራራ ሰዎች ላይ እግዚአብሔር ኀይልን ሰጣቸው፤ እነርሱም ተመቱ።
0a204d7a-5111-5fda-a333-891fdc4d84a7,cd2dc998-5dfa-53dc-ae52-272edd7b3dbd,78c73a10-b1f5-523a-a6cb-0d1ee7530eed,23,23,የአሞንና የሞዓብ ልጆችም በሴይር ተራራ በሚኖሩት ላይ ፈጽመው ይገድሉአቸው ዘንድ፥ ያጠፉአቸውም ዘንድ ተነሥተውባቸው ነበር፤ በሴይርም የሚኖሩትን ካጠፉ በኋላ እርስ በርሳቸው ሊጠፋፉ ተነሡ።
3529661a-bba3-5ce1-a156-c87f3d981263,cd2dc998-5dfa-53dc-ae52-272edd7b3dbd,78c73a10-b1f5-523a-a6cb-0d1ee7530eed,24,24,የይሁዳም ሰዎች ወደ ምድረ በዳው መጠበቂያ ግንብ በመጡ ጊዜ ሕዝቡን አዩ፤ እነሆም፥ በምድሩ ሁሉ ሬሳ ሞልቶ ነበር፤ ያመለጠም ሰው አልነበረም።
7297a2eb-6d0a-5a48-aefe-5088e94f3cca,cd2dc998-5dfa-53dc-ae52-272edd7b3dbd,78c73a10-b1f5-523a-a6cb-0d1ee7530eed,25,25,ኢዮሳፍጥና ሕዝቡም ምርኮ ይወስዱ ዘንድ መጡ፤ ብዙ ከብትና ልዩ ልዩ ዕቃም፥ ልብስም፥ እጅግም ያማረ ዕቃ አገኙ፤ ማረኩትም፤ ምርኮውም ብዙ ነበርና ምርኮውን እየሰበሰቡ እስከ ሦስት ቀን ድረስ ቈዩ።
6296b885-deed-5114-ab21-d1c1cfb1a5f4,cd2dc998-5dfa-53dc-ae52-272edd7b3dbd,78c73a10-b1f5-523a-a6cb-0d1ee7530eed,26,26,በአራተኛውም ቀን በበረከት ሸለቆ ውስጥ ተሰበሰቡ፤ በዚያም እግዚአብሔርን አመሰገኑ፤ ስለዚህም ያ ስፍራ እስከ ዛሬ ድረስ የበረከት ሸለቆ ተባለ።
8f52ac46-0d14-52b5-ab2f-7b344d4a3582,cd2dc998-5dfa-53dc-ae52-272edd7b3dbd,78c73a10-b1f5-523a-a6cb-0d1ee7530eed,27,27,የይሁዳ ሰዎች ሁሉ፥ ንጉሣቸውም ኢዮሣፍጥ፥ እግዚአብሔር በጠላቶቻቸው ላይ ደስ አሰኝቶአቸዋልና በደስታ ወደ ኢየሩሳሌም ተመለሱ።
45753c33-8136-5cf7-a2db-1a59caa60055,cd2dc998-5dfa-53dc-ae52-272edd7b3dbd,78c73a10-b1f5-523a-a6cb-0d1ee7530eed,28,28,በበገናና በመሰንቆ፥ በመለከትም ወደ ኢየሩሳሌም ወደ እግዚአብሔር ቤት ገቡ።
b350e770-ab18-5d49-a2d4-958905652d9d,cd2dc998-5dfa-53dc-ae52-272edd7b3dbd,78c73a10-b1f5-523a-a6cb-0d1ee7530eed,29,29,እግዚአብሔር የእስራኤልን ጠላቶች እንደ ወጋ በሰሙ ጊዜ በምድር ነገሥታት ሁሉ ላይ የእግዚአብሔር ፍርሀት ሆነ።
3018b642-e084-5bb7-a3c6-293f0cd748ef,cd2dc998-5dfa-53dc-ae52-272edd7b3dbd,78c73a10-b1f5-523a-a6cb-0d1ee7530eed,30,30,የኢዮሣፍጥም መንግሥት ሰላም ሆነች፤ አምላኩም እግዚአብሔር በዙሪያው ካሉ አሳረፈው።
4ba86f9d-39d0-5c8f-affd-7f2617506a71,cd2dc998-5dfa-53dc-ae52-272edd7b3dbd,78c73a10-b1f5-523a-a6cb-0d1ee7530eed,31,31,ኢዮሣፍጥም በይሁዳ ላይ ነገሠ፤ መንገሥ በጀመረ ጊዜም የሠላሳ አምስት ዓመት ጐልማሳ ነበረ፤ በኢየሩሳሌምም ሃያ አምስት ዓመት ነገሠ፤ እናቱም የሳሊ ልጅ አዙባ ነበረች።
296cb2ca-8d4c-531d-a171-7fdd70ba5cdb,cd2dc998-5dfa-53dc-ae52-272edd7b3dbd,78c73a10-b1f5-523a-a6cb-0d1ee7530eed,32,32,በአባቱም በአሳ መንገድ ሄደ፤ በእግዚአብሔርም ፊት ቅን የሆነውን ነገር ከማድረግ ፈቀቅ አላለም።
dea2a04a-c4c6-5391-a40a-3435eb389128,cd2dc998-5dfa-53dc-ae52-272edd7b3dbd,78c73a10-b1f5-523a-a6cb-0d1ee7530eed,33,33,ነገር ግን ኮረብታዎች ገና በዚያ ነበሩ፤ ሕዝቡም ገና ልባቸውን ወደ አባቶቻቸው አምላክ ወደ እግዚአብሔር አላቀኑም ነበር።
19073e2e-294e-54cb-a6bb-5c3e73bf44e3,cd2dc998-5dfa-53dc-ae52-272edd7b3dbd,78c73a10-b1f5-523a-a6cb-0d1ee7530eed,34,34,የቀረውም የፊተኞቹና የኋለኞቹ የኢዮሣፍጥ ነገሮች፥ እነሆ የእስራኤልን ነገሥታት ታሪክ በጻፈው በአናኒ ልጅ በነቢዩ በኢዩ ታሪክ ተጽፈዋል።
d34b4a92-51c5-5b8c-a84e-ab1c4b5d691b,cd2dc998-5dfa-53dc-ae52-272edd7b3dbd,78c73a10-b1f5-523a-a6cb-0d1ee7530eed,35,35,ከዚህም በኋላ የይሁዳ ንጉሥ ኢዮሣፍጥ ከእስራኤል ንጉሥ ከአካዝያስ ጋር ተባበረ፤ ይህም በደልን የሠራ ነበር፦
ee04dc4b-a396-5e63-a6c6-92c848f51532,cd2dc998-5dfa-53dc-ae52-272edd7b3dbd,78c73a10-b1f5-523a-a6cb-0d1ee7530eed,36,36,ወደ ተርሴስም የሚሄዱትን መርከቦች ያሠራ ዘንድ ከእርሱ ጋር አንድ ሆነ፤ መርከቦቹንም በጋሲዮንጋብር አሠሩ።
50382643-a79a-5c0c-a263-94b85d4cda85,cd2dc998-5dfa-53dc-ae52-272edd7b3dbd,78c73a10-b1f5-523a-a6cb-0d1ee7530eed,37,37,የማርሶስ ሰው የኢያድያ ልጅ አልዓዛር፥ “ከአካዝያስ ጋር ተባብረሃልና እግዚአብሔር ሥራህን አፍርሶታል” ብሎ በኢዮሣፍጥ ላይ ትንቢት ተናገረ። መርከቦቹም ተሰበሩ፤ ወደ ተርሴስም ይሄዱ ዘንድ አልቻሉም።
c34aca71-aa10-553f-ac9d-b062ff7e066e,d4cd65e4-a4a2-5cd2-a341-9ad9a3d27412,89e11555-dd53-53bb-aec3-0e62eb4225ab,1,1,ኢዮሣፍጥም ከአባቶቹ ጋር አንቀላፋ፤ በዳዊትም ከተማ ተቀበረ፤ ልጁም ኢዮራም በእርሱ ፋንታ ነገሠ።
fde3154b-ac70-5591-a9c3-cdce141d8e96,d4cd65e4-a4a2-5cd2-a341-9ad9a3d27412,89e11555-dd53-53bb-aec3-0e62eb4225ab,2,2,ለእርሱም የኢዮሣፍጥ ልጆች አዛርያስ፥ ኢይሔል፥ ዘካርያስ፥ ዔዛርያስ፥ ሚካኤል፥ ሰፋጥያስ የሚባሉ ስድስት ወንድሞች ነበሩት፤ እነዚህ ሁሉ የይሁዳ ንጉሥ የኢዮሣፍጥ ልጆች ነበሩ።
8cf69a60-7ebe-5a3c-a93d-79f0d2bc052e,d4cd65e4-a4a2-5cd2-a341-9ad9a3d27412,89e11555-dd53-53bb-aec3-0e62eb4225ab,3,3,አባታቸውም ብዙ ስጦታ፥ ብርና ወርቅ፥ የከበረም ዕቃ፥ በይሁዳም የተመሸጉትን ከተሞች ሰጣቸው፤ መንግሥቱን ግን የበኵር ልጁ ስለሆነ ለኢዮራም ሰጠው።
9108d4a8-70f5-5d3c-a063-7e5b77b0b27f,d4cd65e4-a4a2-5cd2-a341-9ad9a3d27412,89e11555-dd53-53bb-aec3-0e62eb4225ab,4,4,ኢዮራምም በአባቱ መንግሥት ላይ ተነሥቶ በጸና ጊዜ ወንድሞቹን ሁሉ፥ ሌሎችንም የእስራኤልን መሳፍንት በሰይፍ ገደለ።
e82fead5-45ef-50f7-af02-1d7cfda04bf3,d4cd65e4-a4a2-5cd2-a341-9ad9a3d27412,89e11555-dd53-53bb-aec3-0e62eb4225ab,5,5,ኢዮራምም መንገሥ በጀመረ ጊዜ የሠላሳ ሁለት ዓመት ጐልማሳ ነበረ፤ በኢየሩሳሌምም ስምንት ዓመት ነገሠ።
0974b095-f601-5530-a251-3f172d09000d,d4cd65e4-a4a2-5cd2-a341-9ad9a3d27412,89e11555-dd53-53bb-aec3-0e62eb4225ab,6,6,የአክዓብንም ልጅ አግብቶ ነበርና የአክዓብ ቤት እንዳደረገ በእስራኤል ነገሥታት መንገድ ሄደ፤ በእግዚአብሔርም ፊት ክፉ አደረገ።
35f9d69b-1748-5921-adbb-773d37ebe976,d4cd65e4-a4a2-5cd2-a341-9ad9a3d27412,89e11555-dd53-53bb-aec3-0e62eb4225ab,7,7,ነገር ግን ከዳዊት ጋር ስላደረገው ቃል ኪዳን፥ ለእርሱና ለልጆቹም በዘመናት ሁሉ መብራትን ይሰጠው ዘንድ ስለ ሰጠው ተስፋ እግዚአብሔር የዳዊትን ቤት ያጠፋ ዘንድ አልወደደም።
3b4fe019-4489-5916-a7b1-9a80633eb406,d4cd65e4-a4a2-5cd2-a341-9ad9a3d27412,89e11555-dd53-53bb-aec3-0e62eb4225ab,8,8,በእነዚያም ዘመናት የኤዶምያስ ሰዎች በይሁዳ ላይ ዐመፁ፤ ለራሳቸውም ንጉሥ አነገሡ።
35ee2cd2-5adb-595c-a0a6-70826216b648,d4cd65e4-a4a2-5cd2-a341-9ad9a3d27412,89e11555-dd53-53bb-aec3-0e62eb4225ab,9,9,ኢዮራምም ከአለቆቹና ከሰረገሎቹ ሁሉ ጋር ተሻገረ፤ በሌሊትም ተነሥቶ እርሱንና የሰረገሎቹን አለቆች ከብበው የነበሩትን የኤዶምያስ ሰዎችን መታ፤ ሕዝቡም ወደ ድንኳናቸው ሸሹ።
663dbea4-86b8-5392-ae39-f2c08ee2c7e2,d4cd65e4-a4a2-5cd2-a341-9ad9a3d27412,89e11555-dd53-53bb-aec3-0e62eb4225ab,10,10,ኤዶምያስ ግን በይሁዳ ላይ እስከ ዛሬ ድረስ ዐመፀ፤ በዚያም ዘመን ልብና ደግሞ በእርሱ ላይ ዐመፀ፤ የአባቶቹን አምላክ እግዚአብሔርን ትቶ ነበርና።
9bf5b6b5-fa3b-527f-a330-061fab728f9a,d4cd65e4-a4a2-5cd2-a341-9ad9a3d27412,89e11555-dd53-53bb-aec3-0e62eb4225ab,11,11,ደግሞም በይሁዳ ተራሮች ላይ መስገጃዎችን ሠራ፤ በኢየሩሳሌምም የተቀመጡትን እንዲያመነዝሩ አደረጋቸው፤ የይሁዳንም ሰዎች አሳታቸው።
0b878305-ec8d-5ddc-ae61-2580f0f3accf,d4cd65e4-a4a2-5cd2-a341-9ad9a3d27412,89e11555-dd53-53bb-aec3-0e62eb4225ab,12,12,ከነቢዩም ከኤልያስ እንዲህ የሚል ጽሕፈት መጣበት፥ “የአባትህ የዳዊት አምላክ እግዚአብሔር እንዲህ ይላል፦ በአባትህ በኢዮሣፍጥ መንገድ፥ በይሁዳም ንጉሥ በአሳ መንገድ አልሄድህምና፥
3a3782c4-653b-5f2b-a6a8-c57dfc96ea08,d4cd65e4-a4a2-5cd2-a341-9ad9a3d27412,89e11555-dd53-53bb-aec3-0e62eb4225ab,13,13,በእስራኤል ነገሥታት መንገድ ግን ሄደሃልና፥ የአክዓብም ቤት እንዳደረገ ይሁዳንና በኢየሩሳሌም የሚኖሩትን እንዲያመነዝሩ አድርገሃልና፥ ከአንተም የሚሻሉትን የአባትህን ቤት ወንድሞችህን ገድለሃልና፥
81d8c653-b910-561c-af85-22735b22dfdc,d4cd65e4-a4a2-5cd2-a341-9ad9a3d27412,89e11555-dd53-53bb-aec3-0e62eb4225ab,14,14,እነሆ፥ እግዚአብሔር ሕዝብህንና ልጆችህን፥ ሚስቶችህንም፥ ያለህንም ንብረት ሁሉ በታላቅ መቅሠፍት ይቀሥፋል።
159d5b58-26fb-50ad-ab37-94b71f3894cf,d4cd65e4-a4a2-5cd2-a341-9ad9a3d27412,89e11555-dd53-53bb-aec3-0e62eb4225ab,15,15,አንተም ከደዌው ጽናት የተነሣ አንጀትህ በየዕለቱ እስኪወጣ ድረስ በክፉ የአንጀት ደዌ ትታመማለህ።”
ae2c5ab2-6ae6-5926-a299-437390f8dfbd,d4cd65e4-a4a2-5cd2-a341-9ad9a3d27412,89e11555-dd53-53bb-aec3-0e62eb4225ab,16,16,እግዚአብሔርም ፍልስጥኤማውያንንና በኢትዮጵያውያን አጠገብ የሚኖሩትን የዓረብያን ሰዎች በኢዮራም ላይ አስነሣ።
3c067d07-01e6-5746-ac6a-8d6b37b1a6e9,d4cd65e4-a4a2-5cd2-a341-9ad9a3d27412,89e11555-dd53-53bb-aec3-0e62eb4225ab,17,17,ወደ ይሁዳም ወጡ፤ በረቱባቸውም፤ የንጉሡንም ቤት ዕቃ ሁሉ፥ ወንዶች ልጆቹንም፥ ሴቶች ልጆቹንም ወሰዱ፤ ከታናሹም ልጅ ከአካዝያስ በቀር ልጅ አልቀረለትም።
41cac552-3a9a-5e80-a146-5161af2ec580,d4cd65e4-a4a2-5cd2-a341-9ad9a3d27412,89e11555-dd53-53bb-aec3-0e62eb4225ab,18,18,ከዚህም ሁሉ በኋላ እግዚአብሔር መድኀኒት በማይገኝለት ደዌ አንጀቱን ቀሠፈው።
6a09eed4-5620-5dcc-a6cb-8a730e14d999,d4cd65e4-a4a2-5cd2-a341-9ad9a3d27412,89e11555-dd53-53bb-aec3-0e62eb4225ab,19,19,ከቀንም ወደ ቀን እንዲህ ሆነ፤ ከሁለት ዓመት በኋላ ከደዌው ጽናት የተነሣ አንጀቱ ወጣ፤ በክፉም ደዌ ሞተ። ሕዝቡም ለአባቶቹ ያደርገው እንደ ነበረ ለእርሱ የመቃብር ወግ አላደረገም።
9d1c9860-63df-57a3-a56f-e852d1ac0da7,d4cd65e4-a4a2-5cd2-a341-9ad9a3d27412,89e11555-dd53-53bb-aec3-0e62eb4225ab,20,20,መንገሥም በጀመረ ጊዜ የሠላሳ ሁለት ዓመት ጐልማሳ ነበረ፤ በኢየሩሳሌምም ስምንት ዓመት ነገሠ፤ ማንም ሳያዝንለት ሄደ፤ በዳዊትም ከተማ እንጂ በነገሥታት መቃብር አልቀበሩትም።
c40e178d-bd33-5511-ae83-d4bfe86a17c8,4282104a-1ab5-5a57-abd8-488f204bcb8f,ce93d565-ab7d-5fb7-ac0c-629b954d4447,1,1,በኢየሩሳሌምም የነበሩት ታናሹን ልጁን አካዝያስን በእርሱ ፋንታ አነገሡት። የመጣባቸው የዓረብና የአሊማዞን የሽፍቶች ጭፍራ የእርሱን ታላቆች ወንድሞች ገድለዋቸው ነበርና የይሁዳ ንጉሥ የኢዮራም ልጅ አካዝያስ ነገሠ።
c953a29b-2b83-5a5a-abaa-bab43bae2e8f,4282104a-1ab5-5a57-abd8-488f204bcb8f,ce93d565-ab7d-5fb7-ac0c-629b954d4447,2,2,አካዝያስም መንገሥ በጀመረ ጊዜ ዕድሜው ሃያ ሁለት ዓመት ነበረ፥ በኢየሩሳሌምም አንድ ዓመት ነገሠ፤ እናቱም ጎቶልያ የተባለች የዘንበሪ ልጅ ነበረች።
82646f9e-3c8a-5f69-a779-6ab25558967e,4282104a-1ab5-5a57-abd8-488f204bcb8f,ce93d565-ab7d-5fb7-ac0c-629b954d4447,3,3,እናቱም ክፉ እንዲያደርግ ትመክረው ነበርና እርሱ ደግሞ በአክዓብ ቤት መንገድ ሄደ።
431764af-1a2f-561f-a6a8-818722ef5e18,4282104a-1ab5-5a57-abd8-488f204bcb8f,ce93d565-ab7d-5fb7-ac0c-629b954d4447,4,4,ከአባቱም ሞት በኋላ የአክዓብ ቤት እንዳደረገ በእግዚአብሔር ፊት ክፉ አደረገ፤ ያጠፉት ዘንድ መካሪዎች ነበሩትና።
7c26d179-fd75-5939-a2eb-c47ba02bf81b,4282104a-1ab5-5a57-abd8-488f204bcb8f,ce93d565-ab7d-5fb7-ac0c-629b954d4447,5,5,በምክራቸውም ሄደ፤ ከእስራኤልም ንጉሥ ከአክዓብ ልጅ ከኢዮራም ጋር የሶርያን ንጉሥ አዛሄልን በሬማት ዘገለዓድ ሊዋጋ ሄደ፤ ሶርያውያንም ኢዮራምን አቈሰሉት።
b69060aa-882e-57a3-aad9-fb82fa2def17,4282104a-1ab5-5a57-abd8-488f204bcb8f,ce93d565-ab7d-5fb7-ac0c-629b954d4447,6,6,ከሶርያም ንጉሥ ከአዛሄል ጋር በተዋጋ ጊዜ ሶርያውያን በሬማት ያቈሰሉትን ቍስል ይታከም ዘንድ ወደ ኢይዝራኤል ተመለሰ፤ ታምሞም ነበርና የይሁዳ ንጉሥ የኢዮራም ልጅ አካዝያስ የአክዓብን ልጅ ኢዮራምን ያይ ዘንድ ወደ ኢይዝራኤል ወረደ።
edc9282a-accc-5eef-a1fa-6197bdbe424b,4282104a-1ab5-5a57-abd8-488f204bcb8f,ce93d565-ab7d-5fb7-ac0c-629b954d4447,7,7,ወደ ኢዮራም በመምጣቱም የአካዝያስ ጥፋት ከእግዚአብሔር ሆነ፤ በመጣም ጊዜ ከኢዮራም ጋር እግዚአብሔር የአክዓብን ቤት ያጠፋ ዘንድ ወደ ቀባው ወደ ናሚሲ ልጅ ወደ ኢዩ ወጣ።
c73c9322-bac4-534f-a174-5b0c72d31150,4282104a-1ab5-5a57-abd8-488f204bcb8f,ce93d565-ab7d-5fb7-ac0c-629b954d4447,8,8,ኢዩም የአክዓብን ቤት ይበቀል ዘንድ የይሁዳን መሳፍንትና አካዝያስን ያገለግሉ የነበሩትን የአካዝያስን ወንድሞች አግኝቶ ገደላቸው።
ed7789a4-6773-5a0d-a9b6-b932f4e0cc95,4282104a-1ab5-5a57-abd8-488f204bcb8f,ce93d565-ab7d-5fb7-ac0c-629b954d4447,9,9,አካዝያስንም ፈለገው፤ በሰማርያም እየታከመ ሳለ አገኙት፤ ወደ ኢዩም አመጡት፤ እርሱም ገደለው፦ እነርሱም፥ “በፍጹም ልብ እግዚአብሔርን የፈለገው የኢዮሣፍጥ ልጅ ነው” ብለው ቀበሩት። ከአካዝያስም ቤት ማንም መንግሥትን ይይዝ ዘንድ የሚችል አልነበረም።
d76a9ed8-f563-5d96-aa7e-422f93b459d6,4282104a-1ab5-5a57-abd8-488f204bcb8f,e449a9d3-e740-530d-a0aa-316764d69c9a,1,10,የአካዝያስም እናት ጎቶልያ ልጅዋ እንደ ሞተ ባየች ጊዜ ተነሥታ የይሁዳን ቤተ መንግሥት ዘር ሁሉ አጠፋች።
6068bfff-2e2f-5e22-a041-347e2b6b297c,4282104a-1ab5-5a57-abd8-488f204bcb8f,e449a9d3-e740-530d-a0aa-316764d69c9a,2,11,የንጉሡ ልጅ ዮሳቤት ግን ከተገደሉት ከንጉሡ ልጆች መካከል የአካዝያስን ልጅ ኢዮአስን ሰርቃ ወሰደች፤ እርሱንና ሞግዚቱን በእልፍኝ ውስጥ አኖረቻቸው፤ የንጉሡ የኢዮራም ልጅ የአካዝያስ እኅት የካህኑ የዮዳሄ ሚስት ዮሳቤት ከጎቶልያ ፊት ሸሸገችው፤ እርስዋም አልገደለችውም።
ecd7a35c-dba1-5b27-a342-c39546509d7d,4282104a-1ab5-5a57-abd8-488f204bcb8f,e449a9d3-e740-530d-a0aa-316764d69c9a,3,12,ከእርስዋም ጋር በእግዚአብሔር ቤት ተሸሽጎ ስድስት ዓመት ያህል ተቀመጠ፤ ጎቶልያም በምድር ላይ ነገሠች።
cc72a34e-a2e0-543e-ac1d-0335474fbe53,95ffa885-0381-5cb6-acee-30cc209b9d15,3e12cc80-7f81-58a3-a1aa-6de101096b44,1,1,በሰባተኛውም ዓመት ኢዮአዳ በረታ፤ የመቶ አለቆቹንም፥ የኢዮራምን ልጅ አዛርያስን፥ የኢዮአናንም ልጅ እስማኤልን፥ የዖቤድንም ልጅ አዛርያን፥ የኢዳኢንም ልጅ መዓስያን፥ የዘካርያስንም ልጅ ኤሊሳፋጥን ወደ እግዚአብሔር ቤት ከእርሱ ጋር ወሰደ።
91642b1e-ab33-5e4d-a26d-64472bd8fe1b,95ffa885-0381-5cb6-acee-30cc209b9d15,3e12cc80-7f81-58a3-a1aa-6de101096b44,2,2,ይሁዳንም ዞሩ፤ በይሁዳም ከተሞች ሁሉ ሌዋውያንንና የእስራኤልን አባቶች ቤቶች አለቆች ሰብስበው ወደ ኢየሩሳሌም መጡ።
7590df8e-b90a-507b-ad46-64758fc9ade1,95ffa885-0381-5cb6-acee-30cc209b9d15,3e12cc80-7f81-58a3-a1aa-6de101096b44,3,3,የይሁዳም ጉባኤ ሁሉ በእግዚአብሔር ቤት ውስጥ ከንጉሥ ጋር ቃል ኪዳን አደረገ። የንጉሥንም ልጅ አሳያቸው፤ አላቸውም፥ “እነሆ፥ እግዚአብሔር ስለ ዳዊት ቤት እንደ ተናገረ የንጉሡ ልጅ ይነግሣል።
51d8bc41-dd1d-5ba0-a888-f21da902675b,95ffa885-0381-5cb6-acee-30cc209b9d15,3e12cc80-7f81-58a3-a1aa-6de101096b44,4,4,እነሆ፥ የምታደርጉት ይህ ነው፤ በሰንበት ቀን ከምትገቡት ከእናንተ ከካህናትና ከሌዋውያን ከሦስት አንድ እጅ በመግቢያ በሮች በረኞች ሁኑ፤
1089ee2d-07c3-5196-a393-7fdaf0f469d4,95ffa885-0381-5cb6-acee-30cc209b9d15,3e12cc80-7f81-58a3-a1aa-6de101096b44,5,5,ከሦስት አንድ እጅም በንጉሡ ቤት ሁኑ፤ ሌላውም ከሦስት አንድ እጅ በመካከለኛው በር ሁኑ፤ ሕዝቡም ሁሉ በእግዚአብሔር ቤት አደባባይ ይሁኑ።
770a0332-8c15-53c2-add3-e4c51119841e,95ffa885-0381-5cb6-acee-30cc209b9d15,3e12cc80-7f81-58a3-a1aa-6de101096b44,6,6,ወደ እግዚአብሔር ቤት ግን ከካህናትና ከሌዋውያን ከሌዋውያኑም አገልጋዮች በቀር ማንም አይግባ፤ እነርሱ ቅዱሳን ናቸውና ይግቡ፤ ሕዝቡም ሁሉ የእግዚአብሔርን ትእዛዝ ይጠብቅ።
08e3099a-937d-58dd-aa3e-0c21a4aa3648,95ffa885-0381-5cb6-acee-30cc209b9d15,3e12cc80-7f81-58a3-a1aa-6de101096b44,7,7,ሌዋውያንም የጦር መሣሪያቸውን በእጃቸው ይዘው ንጉሡን በዙሪያው ይክበቡት፤ ወደ ቤቱም የሚገባ ይገደል፤ ንጉሡም ሲገባና ሲወጣ ከእርሱ ጋር ሁኑ።”
1dbca6e1-dbb2-5b38-ae60-b8b867555540,95ffa885-0381-5cb6-acee-30cc209b9d15,3e12cc80-7f81-58a3-a1aa-6de101096b44,8,8,ሌዋውያንና ይሁዳም ሁሉ ካህኑ ኢዮአዳ ያዘዘውን ሁሉ አደረጉ፤ ካህኑም ኢዮአዳ ሰሞነኞቹን አላሰናበተም ነበርና እያንዳንዱ ከሰንበት መጀመሪያ እስከ ሰንበት መጨረሻ ሰዎችን ወሰደ።
a75642c4-df66-5159-a30e-1ae893ffe873,95ffa885-0381-5cb6-acee-30cc209b9d15,3e12cc80-7f81-58a3-a1aa-6de101096b44,9,9,ካህኑም ኢዮአዳ በእግዚአብሔር ቤት የነበረውን የንጉሡን የዳዊትን ሰይፍና ጦር፥ አላባሽ አግሬውንም ጋሻ ለመቶ አለቆች ሰጣቸው።
e6a14daa-2e2c-5dbe-a783-360a0237cec4,95ffa885-0381-5cb6-acee-30cc209b9d15,3e12cc80-7f81-58a3-a1aa-6de101096b44,10,10,ሕዝቡም ሁሉ እያንዳንዱ የጦር መሣሪያውን በእጁ እየያዘ በንጉሡ ዙሪያ ከቤተ መቅደሱ ቀኝ እስከ ቤተ መቅደሱ ግራ ድረስ በመሠዊያውና በመቅደሱ አጠገብ እንዲቆም አደረገ።
5cf6846f-55f6-59fa-a2fb-5f9250af36af,95ffa885-0381-5cb6-acee-30cc209b9d15,3e12cc80-7f81-58a3-a1aa-6de101096b44,11,11,የንጉሡንም ልጅ አውጥቶ ዘውዱን ጫነበት፤ ምስክሩንም ሰጠው፤ አነገሡትም፤ ኢዮአዳና ልጆቹም አነገሡት፥ “ንጉሡ በሕይወት ይኑር” እያሉም ቀቡት።
4db1e27f-c7f4-533d-af40-11c932010b31,95ffa885-0381-5cb6-acee-30cc209b9d15,3e12cc80-7f81-58a3-a1aa-6de101096b44,12,12,ጎቶልያም የሚሮጡትንና ንጉሡን የሚያመሰግኑትን የሕዝቡን ድምፅ በሰማች ጊዜ ወደ ሕዝቡ ወደ እግዚአብሔር ቤት መጣች።
dee95ebf-e385-533f-aa8d-f1b264db58b9,95ffa885-0381-5cb6-acee-30cc209b9d15,3e12cc80-7f81-58a3-a1aa-6de101096b44,13,13,እነሆም፥ ንጉሡ በመግቢያው በዓምዱ አጠገብ ሆኖ በንጉሡም ዙሪያ አለቆችና መለከተኞች፥ መኳንንትም ቆመው አየች። ሕዝቡም ሁሉ ደስ ብሎአቸው መለከቱን ይነፉ ነበር፤ መዘምራንም በዜማ ዕቃ እያዜሙ የምስጋና መዝሙር ይዘምሩ ነበር። ጎቶልያም ልብስዋን ቀድዳ፥ “ዐመፅ ነው! ዐመፅ ነው!” ብላ ጮኸች።
29d58db2-0337-5b95-a113-9df0b9a194e4,95ffa885-0381-5cb6-acee-30cc209b9d15,3e12cc80-7f81-58a3-a1aa-6de101096b44,14,14,ካህኑም ኢዮአዳ ወጥቶ በጭፍራው ላይ የተሾሙትን አለቆችና የመቶ አለቆች፥ “ከቤተ እግዚአብሔር ወደ ውጭ አውጡአት፤ የሚከተላትም በሰይፍ ይገደል” ብሎ አዘዛቸው። ካህኑ፥ “በእግዚአብሔር ቤት ውስጥ አትገደል” ብሎአልና።
94f99e8b-628f-5d4a-ad10-aacca5578cf1,95ffa885-0381-5cb6-acee-30cc209b9d15,3e12cc80-7f81-58a3-a1aa-6de101096b44,15,15,ገለልም ብለው አሳለፉአት፤ እርስዋም ወደ ፈረሱ በር መግቢያ ወደ ንጉሡ ቤት ሄደች፤ በዚያም ገደሉአት።
6ee134ff-aef9-5043-ae49-82beb31c3a36,95ffa885-0381-5cb6-acee-30cc209b9d15,3e12cc80-7f81-58a3-a1aa-6de101096b44,16,16,ካህኑ ኢዮአዳም በእርሱና በሕዝቡ ሁሉ፥ በንጉሡም መካከል የእግዚአብሔር ሕዝብ ይሆኑ ዘንድ ቃል ኪዳን አደረገ።
351503de-7a76-553a-a2fe-57894227fef5,95ffa885-0381-5cb6-acee-30cc209b9d15,3e12cc80-7f81-58a3-a1aa-6de101096b44,17,17,የሀገሩም ሕዝብ ሁሉ ወደ በዓል ቤት ሄደው አፈረሱት፤ መሠዊያዎቹንና ምስሎቹንም አደቀቁ፤ የበዓልንም ካህን ማታንን በመሠዊያው ፊት ገደሉት።
5b389fde-fa0d-5421-ac9f-846d347ea480,95ffa885-0381-5cb6-acee-30cc209b9d15,3e12cc80-7f81-58a3-a1aa-6de101096b44,18,18,ካህኑ ኢዮአዳም በሙሴ ሕግ እንደ ተጻፈው እንደ ዳዊት ትእዛዝ በደስታና በመዝሙር ለእግዚአብሔር የሚቃጠለውን መሥዋዕት ያቀርቡ ዘንድ ዳዊት በእግዚአብሔር ቤት የከፈላቸውን ካህናትና ሌዋውያን በእግዚአብሔር ቤት አገልግሎት ላይ ሾመ።
8e484b51-b783-5db2-a0b1-22be0caa8e93,95ffa885-0381-5cb6-acee-30cc209b9d15,3e12cc80-7f81-58a3-a1aa-6de101096b44,19,19,በማናቸውም ነገር ሁሉ ርኩስ የሆነ ሰው እንዳይገባ በእግዚአብሔር ቤት በር በረኞችን አኖረ።
26c28102-5d52-5f41-a194-912d8baeaf1b,95ffa885-0381-5cb6-acee-30cc209b9d15,3e12cc80-7f81-58a3-a1aa-6de101096b44,20,20,የመቶ አለቆችንም፥ ከበርቴዎችንም፥ የሕዝቡንም አለቆች፥ የሀገሩንም ሕዝብ ሁሉ ወሰደ፤ ንጉሡንም ከእግዚአብሔር ቤት አወረዱት፤ በእግዚአብሔርም ቤት በውስጠኛው በር በኩል ወደ ንጉሡ ቤት አመጡት፤ ንጉሡንም በመንግሥቱ ዙፋን ላይ አስቀመጡት።
626d8f29-155e-5d50-a0a5-8f1753ed24a4,95ffa885-0381-5cb6-acee-30cc209b9d15,3e12cc80-7f81-58a3-a1aa-6de101096b44,21,21,የሀገሩም ሕዝብ ሁሉ ደስ አላቸው፤ ከተማዪቱም ጸጥ አለች፤ ጎቶልያንም በሰይፍ ገደሉአት።
d33161ae-bc75-57fc-ad51-d11ec6517876,4cb218d1-e067-51fd-ab96-fa7e1ba3b7cf,78aae39c-484d-5d20-ae43-cdd9778c6fb1,1,1,ኢዮአስም መንገሥ በጀመረ ጊዜ የሰባት ዓመት ልጅ ነበረ፤ በኢየሩሳሌምም አርባ ዓመት ነገሠ፤ እናቱ ሳብያ የተባለች የቤርሳቤህ ሴት ነበረች።
0759606e-53e9-5870-a454-1d6118fe28e9,4cb218d1-e067-51fd-ab96-fa7e1ba3b7cf,78aae39c-484d-5d20-ae43-cdd9778c6fb1,2,2,ኢዮአስም በካህኑ በኢዮአዳ ዘመን ሁሉ በእግዚአብሔር ፊት ቅን ነገርን አደረገ።
18d50f8e-bd50-5c92-afe5-9c12957c69e0,4cb218d1-e067-51fd-ab96-fa7e1ba3b7cf,78aae39c-484d-5d20-ae43-cdd9778c6fb1,3,3,ኢዮአዳም ሁለት ሚስቶችን አጋባው፤ ወንዶችና ሴቶች ልጆችንም ወለደ።
4fc134c6-f5e0-56d9-a766-73402a6e438e,4cb218d1-e067-51fd-ab96-fa7e1ba3b7cf,78aae39c-484d-5d20-ae43-cdd9778c6fb1,4,4,ከዚህም በኋላ ኢዮአስ የእግዚአብሔርን ቤት ይጠግን ዘንድ አሰበ።
ab6fe486-96f7-5482-a9a8-ce99989b5eac,4cb218d1-e067-51fd-ab96-fa7e1ba3b7cf,78aae39c-484d-5d20-ae43-cdd9778c6fb1,5,5,ካህናትንና ሌዋውያንንም ሰብስቦ፥ “ወደ ይሁዳ ከተሞች ውጡ፤ የአምላካችሁንም ቤት በየዓመቱ ለማደስ የሚበቃ ከእስራኤል ሁሉ ገንዘብን ሰብስቡ፤ ነገሩንም ፈጥናችሁ አድርጉ” አላቸው። ሌዋውያን ግን አላፋጠኑም።
771644dc-b53f-5858-abe9-8a07652d0bbf,4cb218d1-e067-51fd-ab96-fa7e1ba3b7cf,78aae39c-484d-5d20-ae43-cdd9778c6fb1,6,6,ንጉሡ ኢዮአስም አለቃውን ኢዮአዳን ጠርቶ፥ “የእግዚአብሔር ባሪያ ሙሴ እስራኤልን በምስክሩ ድንኳን በሰበሰበ ጊዜ እንዲያዋጣ ያዘዘውን ግብር ከይሁዳና ከኢየሩሳሌም ያመጡ ዘንድ ስለ ምን ሌዋውያንን አልተከታተልህም?” አለው።
1b4d76bc-ac93-52d4-a098-d6d737317cb1,4cb218d1-e067-51fd-ab96-fa7e1ba3b7cf,78aae39c-484d-5d20-ae43-cdd9778c6fb1,7,7,ጎቶልያ ከሐዲት ነበረችና ልጆችዋም የእግዚአብሔርን ቤት አፍርሰዋልና፤ በእግዚአብሔርም ቤት ተቀድሶ የነበረውን ሁሉ ለበኣሊም ሰጥተዋልና።
e1c713ef-8230-57c1-a0cd-87953cbff46d,4cb218d1-e067-51fd-ab96-fa7e1ba3b7cf,78aae39c-484d-5d20-ae43-cdd9778c6fb1,8,8,ንጉሡም ሣጥን ሠርተው በእግዚአብሔር ቤት በር አጠገብ በስተውጭ ያኖሩት ዘንድ አዘዘ።
8055b94a-9bad-5cb0-ac1e-4bd5f5b962ce,4cb218d1-e067-51fd-ab96-fa7e1ba3b7cf,78aae39c-484d-5d20-ae43-cdd9778c6fb1,9,9,የእግዚአብሔርም ባሪያ ሙሴ በምድረ በዳ በእስራኤል ላይ ያዘዘውን ግብር ለእግዚአብሔር ያመጡ ዘንድ፥ በይሁዳና በኢየሩሳሌም ያስተምሩ ዘንድ አዘዘ።
0b84c019-7531-5673-af14-a7695f642287,4cb218d1-e067-51fd-ab96-fa7e1ba3b7cf,78aae39c-484d-5d20-ae43-cdd9778c6fb1,10,10,አለቆቹና ሕዝቡም ሁሉ ሰጡ፤ እስኪሞላም ድረስ በሣጥኑ ውስጥ አስገቡት።
0ff3c460-4036-5412-a5b5-e6f0b9dc81f7,4cb218d1-e067-51fd-ab96-fa7e1ba3b7cf,78aae39c-484d-5d20-ae43-cdd9778c6fb1,11,11,ሣጥኑም በሌዋውያን እጅ ወደ ንጉሡ ሹሞች በደረሰ ጊዜ፥ ብዙ ገንዘብም እንዳለበት ባዩ ጊዜ፥ የንጉሡ ጸሓፊና የሊቀ ካህናቱ ሹም እየመጡ ብሩን ከሣጥን ያወጡ ነበር፤ ሣጥኑንም ደግሞ ወደ ስፍራው ይመልሱት ነበር። እንዲሁም በየቀኑ ያደርጉ ነበር፤ ብዙም ገንዘብ ሰበሰቡ።
683b9676-9c86-57a5-ac8e-c374f00d4a51,4cb218d1-e067-51fd-ab96-fa7e1ba3b7cf,78aae39c-484d-5d20-ae43-cdd9778c6fb1,12,12,ንጉሡና ኢዮአዳም በእግዚአብሔር ቤት ሥራ ላይ ለተሾሙት ሰጡአቸው፤ እነርሱም የእግዚአብሔርን ቤት የሚጠግኑትን ጠራቢዎችንና አናጢዎችን፥ የእግዚአብሔርንም ቤት የሚያድሱትን የብረትና የናስ ሠራተኞችን ይቀጥሩበት ነበር።
8d327458-4677-56e3-ad32-6bec47d2cf7a,4cb218d1-e067-51fd-ab96-fa7e1ba3b7cf,78aae39c-484d-5d20-ae43-cdd9778c6fb1,13,13,ሠራተኞችም ሠሩ፤ ሥራውም ሁሉ በእጃቸው ተፈጸመ፤ የእግዚአብሔርንም ቤት እንደ ቀድሞው ሥራ መለሱ፤ አጽንተውም አቆሙት።
94c22b10-3b32-5f8a-a3bc-499fdb8c02eb,4cb218d1-e067-51fd-ab96-fa7e1ba3b7cf,78aae39c-484d-5d20-ae43-cdd9778c6fb1,14,14,በጨረሱም ጊዜ የተረፈውን ገንዘብ ወደ ንጉሡና ወደ ካህኑ ኢዮአዳ ፊት አመጡ፤ እነርሱም ለእግዚአብሔር ቤት ዕቃ፥ ለአገልግሎትና ለቍርባን ዕቃ፥ ለጭልፋዎችም፥ ለወርቅና ለብርም ዕቃ አደረጉት። በኢዮአዳም ዘመን ሁሉ ለእግዚአብሔር ቤት የሚቃጠል መሥዋዕት ሁልጊዜ ያቀርቡ ነበር።
785b1b24-a6ee-5b52-a5aa-03b8def9a110,4cb218d1-e067-51fd-ab96-fa7e1ba3b7cf,78aae39c-484d-5d20-ae43-cdd9778c6fb1,15,15,ኢዮአዳም ሸመገለ፤ ዕድሜም ጠግቦ ሞተ፤ በሞተም ጊዜ ዕድሜው መቶ ሠላሳ ዓመት ነበረ።
c4aa4deb-50c7-54fb-a9c3-7f1e100a8ecf,4cb218d1-e067-51fd-ab96-fa7e1ba3b7cf,78aae39c-484d-5d20-ae43-cdd9778c6fb1,16,16,ከእስራኤልም ጋር፥ ከእግዚአብሔርና ከቤቱም ጋር መልካም ሠርቶአልና በዳዊት ከተማ ከነገሥታቱ ጋር ቀበሩት።
57fa658d-d4b8-5d63-a0c4-f6f2cdcdd0ce,4cb218d1-e067-51fd-ab96-fa7e1ba3b7cf,78aae39c-484d-5d20-ae43-cdd9778c6fb1,17,17,ካህኑ ኢዮአዳም ከሞተ በኋላ የይሁዳ አለቆች ገብተው ለንጉሡ ሰገዱ፤ ንጉሡም ሰማቸው።
1059955f-1574-5f5f-aa8e-2e1f4af7def8,4cb218d1-e067-51fd-ab96-fa7e1ba3b7cf,78aae39c-484d-5d20-ae43-cdd9778c6fb1,18,18,የአባቶቻቸውንም አምላክ የእግዚአብሔርን ቤት ትተው ባዕድ አምላክንና ጣዖታትን አመለኩ፤ በዚያም ወራት በይሁዳና በኢየሩሳሌም ላይ ቍጣ ወረደ።
3332b071-5b74-5465-aea1-d99676590aa3,4cb218d1-e067-51fd-ab96-fa7e1ba3b7cf,78aae39c-484d-5d20-ae43-cdd9778c6fb1,19,19,ወደ እግዚአብሔርም ይመልሱአቸው ዘንድ ነቢያትን ይሰድድላቸው ነበር፤ መሰከሩባቸውም፤ እነርሱ ግን አላደመጡም።
662c75b3-528b-5ce4-a35c-37d6b2fe9e84,4cb218d1-e067-51fd-ab96-fa7e1ba3b7cf,78aae39c-484d-5d20-ae43-cdd9778c6fb1,20,20,የእግዚአብሔርም መንፈስ በካህኑ በኢዮአዳ ልጅ በአዛርያስ ላይ መጣ፤ እርሱም በሕዝቡ ፊት ቆመና፥ “እግዚአብሔር እንዲህ ይላል፦ የእግዚአብሔርን ትእዛዝ ለምን ትተላለፋላችሁ? መልካምም አይሆንላችሁም፤ እግዚአብሔርን ስለ ተዋችሁ እርሱ ትቶአችኋል” አላቸው።
6dea7f4d-4d48-5809-a449-1e681abf3134,4cb218d1-e067-51fd-ab96-fa7e1ba3b7cf,78aae39c-484d-5d20-ae43-cdd9778c6fb1,21,21,ወደ እርሱም ሮጡ በንጉሡም ትእዛዝ በእግዚአብሔር ቤት አደባባይ ውስጥ በድንጋይ ደበደቡት።
256d67f7-5c34-56eb-a1eb-7d027f934740,4cb218d1-e067-51fd-ab96-fa7e1ba3b7cf,78aae39c-484d-5d20-ae43-cdd9778c6fb1,22,22,እንዲሁም ንጉሡ ኢዮአስ አባቱ ኢዮአዳ ያደረገለትን ቸርነት አላሰበም፤ ልጁንም አዛርያስን አስገደለው፤ እርሱም ሲሞት፥ “እግዚአብሔር ይየው፤ ይፍረደውም” አለ።
6fd7a5c4-7363-5bf4-ab23-3ec7b4cae58c,4cb218d1-e067-51fd-ab96-fa7e1ba3b7cf,78aae39c-484d-5d20-ae43-cdd9778c6fb1,23,23,ዓመቱም ካለፈ በኋላ የሶርያውያን ሠራዊት መጡበት፤ ወደ ይሁዳና ወደ ኢየሩሳሌምም መጥተው ከሕዝቡ መካከል የሕዝቡን አለቆች ሁሉ አጠፉ፤ ምርኮአቸውንም ሁሉ ለደማስቆ ንጉሥ ላኩ።
fd5cd5d4-dc71-5e67-a12a-6565a3b7782c,4cb218d1-e067-51fd-ab96-fa7e1ba3b7cf,78aae39c-484d-5d20-ae43-cdd9778c6fb1,24,24,የሶርያውያንም ሠራዊት ቍጥር ጥቂት ነበር፤ እግዚአብሔር ግን ብዙውንና ጠንካራውን ሠራዊት አሳልፎ በእጃቸው ሰጣቸው፤ የአባቶቻቸውን አምላክ እግዚአብሔርን ዘንግተዋልና። በኢዮአስም ላይ ፈረደበት።
743e63fa-8760-5d9b-a3a9-709c8726b4c3,4cb218d1-e067-51fd-ab96-fa7e1ba3b7cf,78aae39c-484d-5d20-ae43-cdd9778c6fb1,25,25,ከእርሱም ዘንድ አልፈው ከሄዱ በኋላ እጅግ ታሞ ሳለ ተዉት፤ የገዛ ባሪያዎቹም ስለ ካህኑ ስለ ኢዮአዳ ልጅ ደም ተበቅለው በአልጋው ላይ ገደሉት፤ ሞተም፤ በዳዊትም ከተማ ቀበሩት፤ ነገር ግን በነገሥታት መቃብር አልቀበሩትም።
574995c0-2681-5b00-ae9d-94d1b083bb1c,4cb218d1-e067-51fd-ab96-fa7e1ba3b7cf,78aae39c-484d-5d20-ae43-cdd9778c6fb1,26,26,የገደሉትም የአሞናዊቱ የሰማት ልጅ ዘቡድ፥ የሞዓባዊቱም የሰማሪት ልጅ ኢዮዛብድ ነበሩ።
c3c17aed-1932-5b76-a2f5-2aff0aa5a2be,4cb218d1-e067-51fd-ab96-fa7e1ba3b7cf,78aae39c-484d-5d20-ae43-cdd9778c6fb1,27,27,የልጆቹና በእርሱ ላይ የተደረገው ነገር፥ የእግዚአብሔርንም ቤት ማደሱ፥ እነሆ በነገሥታቱ የታሪክ መጽሐፍ ተጽፎአል። ልጁም አሜስያስ በእርሱ ፋንታ ነገሠ።
f8317060-d892-57ec-a9f6-ebbc7b2ec199,b168be31-a696-59c9-a0d0-c82357c1775c,ff405513-08d6-5212-ad98-85856cc3b2f5,1,1,አሜስያስም መንገሥ በጀመረ ጊዜ የሃያ አምስት ዓመት ጐልማሳ ነበረ፥ በኢየሩሳሌምም ሃያ ዘጠኝ ዓመት ነገሠ፤ እናቱ ኢዮዓዲን የተባለች የኢየሩሳሌም ሴት ነበረች።
8e41ac29-d603-5d53-ab61-af455a094fc9,b168be31-a696-59c9-a0d0-c82357c1775c,ff405513-08d6-5212-ad98-85856cc3b2f5,2,2,በእግዚአብሔርም ፊት ቅን ነገርን አደረገ፤ ነገር ግን በፍጹም ልብ አይደለም።
ccd0b1a1-a948-5574-a47f-df591ceb9dbf,b168be31-a696-59c9-a0d0-c82357c1775c,ff405513-08d6-5212-ad98-85856cc3b2f5,3,3,መንግሥትም በእጁ በጸናለት ጊዜ ንጉሡን አባቱን የገደሉትን ባሪያዎች ገደለ።
db5c9fbf-8052-5df1-a02c-7c8cf61f1beb,b168be31-a696-59c9-a0d0-c82357c1775c,ff405513-08d6-5212-ad98-85856cc3b2f5,4,4,እንደ እግዚአብሔር ሕግ ቃል ኪዳን እንደ ተጻፈ፥ እግዚአብሔርም፥ “ሰው ሁሉ በገዛ ኀጢአቱ ይሙት እንጂ አባቶች በልጆቻቸው፥ ልጆችም በአባቶቻቸው ፋንታ አይሙቱ” ብሎ እንዳዘዘ ልጆቻቸውን ግን አልገደለም።
41fcc254-8998-5fcf-ad4f-f4c7d3ae5505,b168be31-a696-59c9-a0d0-c82357c1775c,ba07cbaa-b0bb-5f02-af3d-6cc2762bd2ca,1,5,ንጉሡ አሜስያስም የይሁዳን ሕዝብ ሰበሰበ፤ እንደ እየአባቶቻቸውም ቤቶች አቆማቸው፤ በይሁዳና በኢየሩሳሌም ሁሉ የሽህ አለቆችንና የመቶ አለቆችን አደረገ፤ ከሃያ ዓመት ጀምሮ ከዚያም በላይ ያሉትን ሁሉ ቈጠረ፤ ለሰልፍም የሚወጡ፥ ጋሻና ጦርም የሚይዙ ሦስት መቶ ሺህ የተመረጡ ሰዎችን አገኘ።
9a031597-f6f8-55f5-af9d-93f0abfff6cf,b168be31-a696-59c9-a0d0-c82357c1775c,ba07cbaa-b0bb-5f02-af3d-6cc2762bd2ca,2,6,ደግሞም ከእስራኤል ዘንድ መቶ ሺህ ጽኑዓን ኀያላን ሰዎችን በመቶ መክሊት ብር ቀጠረ።
e61d25a8-2203-5e19-af58-5365e86664d5,b168be31-a696-59c9-a0d0-c82357c1775c,ba07cbaa-b0bb-5f02-af3d-6cc2762bd2ca,3,7,አንድ የእግዚአብሔር ሰው ግን ወደ እርሱ መጥቶ፥ “ንጉሥ ሆይ፥ እግዚአብሔር ከእስራኤልና ከኤፍሬም ልጆች ሁሉ ጋር አይደለምና የእስራኤል ጭፍራ ከአንተ ጋር አይውጣ።
c9d08513-1178-5ae4-a603-8d296ee8fc65,b168be31-a696-59c9-a0d0-c82357c1775c,ba07cbaa-b0bb-5f02-af3d-6cc2762bd2ca,4,8,ብትሄድ ግን፥ በእነርሱም ማሸነፍን ብታስብ፥ የማጽናትና የመጣል ኀይል ከእግዚአብሔር ዘንድ ነውና እግዚአብሔር በጠላቶችህ ፊት ይጥልሃል” አለው።
1e83f48a-c567-5076-a1a9-4eb22ab30a34,b168be31-a696-59c9-a0d0-c82357c1775c,ba07cbaa-b0bb-5f02-af3d-6cc2762bd2ca,5,9,አሜስያስም የእግዚአብሔርን ሰው፥ “ለእስራኤል ጭፍራ የሰጠሁት መቶ መክሊት ምን ይሁን?” አለው። የእግዚአብሔርም ሰው፥ “ከዚህ አብልጦ ይሰጥህ ዘንድ ለእግዚአብሔር አይሳነውም” ብሎ መለሰለት።
7fb52d76-0ad5-5f32-a14a-9c5b920f0f8b,b168be31-a696-59c9-a0d0-c82357c1775c,ba07cbaa-b0bb-5f02-af3d-6cc2762bd2ca,6,10,ንጉሡ አሜስያስም ከኤፍሬም ከተሞች የመጡ ጭፍሮች ወደ ስፍራቸው ይመለሱ ዘንድ ለይቶ አሰናበታቸው፤ ስለዚህም ቍጣቸው በይሁዳ ላይ ጸና፤ ወደ ስፍራቸውም በጽኑ ቍጣ ተመለሱ።
ebdf0ddc-61f6-58a5-a602-b7c408a28867,b168be31-a696-59c9-a0d0-c82357c1775c,ba07cbaa-b0bb-5f02-af3d-6cc2762bd2ca,7,11,አሜስያስም በረታ፤ ሕዝቡንም ሰብስቦ ወደ ጨው ሸለቆ ሄደ፤ ከሴይርም ልጆች ዐሥር ሺህ ገደለ።
8a958a89-0666-5ef5-a7bf-eaaa32b89d9f,b168be31-a696-59c9-a0d0-c82357c1775c,ba07cbaa-b0bb-5f02-af3d-6cc2762bd2ca,8,12,የይሁዳም ልጆች ደግሞ ዐሥር ሺህ ሰዎችን ማረኩ። ወደ ዐለቱም ራስ ላይ አመጡአቸው፤ ከዐለቱም ራስ ላይ ጣሉአቸው፤ ሁሉም ተፈጠፈጡ።
ab6ef1b8-d46c-5f13-ade3-f51c260b338a,b168be31-a696-59c9-a0d0-c82357c1775c,ba07cbaa-b0bb-5f02-af3d-6cc2762bd2ca,9,13,አሜስያስ ግን ከእርሱ ጋር ወደ ሰልፍ እንዳይሄዱ ያሰናበታቸው ጭፍሮችም ከሰማርያ ጀምረው እስከ ቤትሮን ድረስ በይሁዳ ከተሞች ላይ አደጋ ጣሉ፤ ከእነርሱም ሦስት ሺህ ገደሉ፤ ብዙም ምርኮ ማረኩ።
f63b6fcc-6e7a-5211-a5d6-5fc073e9fbf8,b168be31-a696-59c9-a0d0-c82357c1775c,ba07cbaa-b0bb-5f02-af3d-6cc2762bd2ca,10,14,አሜስያስም የኤዶምያስን ሰዎች ከገደለ በኋላ የሴይርን ልጆች አማልክት አመጣ፤ የእርሱም አማልክት ይሆኑ ዘንድ አቆማቸው፤ በፊታቸውም ይሰግድላቸውና ይሠዋላቸው ነበር።
416f8015-300d-551b-a1b3-9d933358aea1,b168be31-a696-59c9-a0d0-c82357c1775c,ba07cbaa-b0bb-5f02-af3d-6cc2762bd2ca,11,15,ስለዚህም የእግዚአብሔር ቍጣ በንጉሡ በአሜስያስ ላይ መጣ፤ እንዲህም ሲል ነቢይን ላከበት፥ “ሕዝባቸውን ከአንተ እጅ ያላዳኑትን የአሕዛብን አማልክት ስለምን ፈለግሃቸው?”
bb216d5e-9156-583e-ab57-4dbbaf0a4c2d,b168be31-a696-59c9-a0d0-c82357c1775c,ba07cbaa-b0bb-5f02-af3d-6cc2762bd2ca,12,16,እርሱም ይህን ሲናገር ንጉሡ አሜስያስ፥ “በውኑ የንጉሡ አማካሪ ልትሆን ሹሜሃለሁን? ቅጣት እንዳያገኝህ ተጠንቀቅ” አለው። ነቢዩም፥ “ይህን አድርገሃልና፥ ምክሬንም አልሰማህምና እግዚአብሔር ሊያጠፋህ እንዳሰበ አወቅሁ” ብሎ ዝም አለ።
d74d0a51-cc57-573e-aae5-904c218f7539,b168be31-a696-59c9-a0d0-c82357c1775c,571e8926-e9bd-5635-ae86-a6899bdb6913,1,17,የይሁዳም ንጉሥ አሜስያስ ምክር አደረገና፥ “ና፥ እርስ በርሳችን ፊት ለፊት እንተያይ” ብሎ ወደ እስራኤል ንጉሥ ወደ ኢዩ ልጅ ወደ ኢዮአካዝ ልጅ ወደ ኢዮአስ ላከ።
3194af2c-5eb6-5d61-ab61-806f60104fc2,b168be31-a696-59c9-a0d0-c82357c1775c,571e8926-e9bd-5635-ae86-a6899bdb6913,2,18,የእስራኤልም ንጉሥ ኢዮአስ፦ ወደ ይሁዳ ንጉሥ ወደ አሜስያስ እንዲህ ሲል ላከ፥ “የሊባኖስ ኵርንችት ልጅህን ለልጄ ሚስት አድርገህ ስጠው” ብሎ ወደ ሊባኖስ ዝግባ ላከ፤ የሊባኖስም ዱር አውሬዎች መጥተው ኵርንችቱን ረገጡት።
25a43edf-702e-51d5-af4b-ecb4a9e7bb19,b168be31-a696-59c9-a0d0-c82357c1775c,571e8926-e9bd-5635-ae86-a6899bdb6913,3,19,አንተም፦ እነሆ፥ ኤዶምያስን መትቻለሁ ብለህ በልብህ ኰርተሃል፤ በቤትህ ተቀመጥ፤ አንተ ከይሁዳ ጋር ትወድቅ ዘንድ ስለምን መከራን በራስህ ትሻለህ?”
7d1e55c0-d0a5-5858-a9b7-33a586d0c7c6,b168be31-a696-59c9-a0d0-c82357c1775c,571e8926-e9bd-5635-ae86-a6899bdb6913,4,20,የኤዶምያስንም አማልክት ስለ ፈለጉ በጠላቶቻቸው እጅ አሳልፎ ይሰጣቸው ዘንድ ይህ ከእግዚአብሔር ዘንድ ነበረና አሜስያስ አልሰማም።
a8364780-cebc-5acc-aa5f-d3d547cba68e,b168be31-a696-59c9-a0d0-c82357c1775c,571e8926-e9bd-5635-ae86-a6899bdb6913,5,21,የእስራኤልም ንጉሥ ኢዮአስ ወጣ፤ እርሱና የይሁዳ ንጉሥ አሜስያስም በይሁዳ ባለች በቤትሳሚስ ላይ እርስ በርሳቸው ተያዩ።
666e8e8c-6f87-5a56-abb8-71805b95a2b6,b168be31-a696-59c9-a0d0-c82357c1775c,571e8926-e9bd-5635-ae86-a6899bdb6913,6,22,ይሁዳም በእስራኤል ፊት ድል ሆኑ፥ እያንዳንዳቸውም ወደ ድንኳናቸው ሸሹ።
f0012d6d-12ae-5722-aa94-70a403cc876b,b168be31-a696-59c9-a0d0-c82357c1775c,571e8926-e9bd-5635-ae86-a6899bdb6913,7,23,የእስራኤልም ንጉሥ ኢዮአስ የይሁዳን ንጉሥ የአካዝያስን ልጅ የኢዮአስን ልጅ አሜስያስን በቤትሳሚስ ይዞ ወደ ኢየሩሳሌም አመጣው፤ የኢየሩሳሌምንም ቅጥር ከኤፍሬም በር ጀምሮ እስከ ማዕዘኑ በር ድረስ አራት መቶ ክንድ አፈረሰ።
4f858df9-748b-5d25-ae89-bf7489403705,b168be31-a696-59c9-a0d0-c82357c1775c,571e8926-e9bd-5635-ae86-a6899bdb6913,8,24,ወርቁንና ብሩን ሁሉ፥ በእግዚአብሔርም ቤት በአብዲዶም እጅ የነበሩትን ዕቃዎች ሁሉ፥ በንጉሡም ቤተ መዛግብት የተገኘውን፥ በመያዣ የተያዙትንም ልጆች ወስዶ ወደ ሰማርያ ተመለሰ።
26e1862d-6bb5-5360-ab9e-4f1d664dae6e,b168be31-a696-59c9-a0d0-c82357c1775c,571e8926-e9bd-5635-ae86-a6899bdb6913,9,25,የይሁዳ ንጉሥ የኢዮአስ ልጅ አሜስያስ ከእስራኤል ንጉሥ ከኢዮአካዝ ልጅ ከኢዮአስ ሞት በኋላ ዐሥራ አምስት ዓመት ኖረ።
10143621-689f-50fb-af4c-02a03c7f3526,b168be31-a696-59c9-a0d0-c82357c1775c,571e8926-e9bd-5635-ae86-a6899bdb6913,10,26,የቀሩትም የፊተኞቹና የኋለኞቹ የአሜስያስ ነገሮች፥ እነሆ፥ በይሁዳና በእስራኤል ነገሥታት መጽሐፍ የተጻፈ አይደለምን?
1c27ec5d-17ff-54c7-a861-2c8da2347ad2,b168be31-a696-59c9-a0d0-c82357c1775c,571e8926-e9bd-5635-ae86-a6899bdb6913,11,27,አሜስያስም እግዚአብሔርን ከመከተል በራቀ ጊዜ በኢየሩሳሌም የዐመፅ መሐላ አደረጉበት፤ ወደ ለኪሶም ኮበለለ፤ በስተኋላውም ወደ ለኪሶ ላኩ፤ በዚያም ገደሉት።
36348eaf-50d3-50c7-a45a-15171e039599,b168be31-a696-59c9-a0d0-c82357c1775c,571e8926-e9bd-5635-ae86-a6899bdb6913,12,28,በፈረስም ጭነው አመጡት፤ በዳዊትም ከተማ ከአባቶቹ ጋር ቀበሩት።
f652d141-78aa-57cd-aca0-bc9a327e5aff,d8d3f5ef-e3a9-5357-acfe-3aea5dfa7125,f1ef1dd3-2926-5405-ab29-c03911ef9c40,1,1,የይሁዳም ሕዝብ ሁሉ የዐሥራ ስድስት ዓመት ጐልማሳ የነበረውን ዖዝያንን ወስደው በአባቱ በአሜስያስ ፋንታ አነገሡት።
1fd1404c-3bfb-50ec-abed-a257b2065ad9,d8d3f5ef-e3a9-5357-acfe-3aea5dfa7125,f1ef1dd3-2926-5405-ab29-c03911ef9c40,2,2,ንጉሥ አባቱም ከአባቶቹ ጋር ከአንቀላፋ በኋላ ዖዝያን ኤላትን ሠራ፤ ወደ ይሁዳም መለሳት።
633f1164-ce37-5acc-a538-d4ca444035a0,d8d3f5ef-e3a9-5357-acfe-3aea5dfa7125,f1ef1dd3-2926-5405-ab29-c03911ef9c40,3,3,ዖዝያንም መንገሥ በጀመረ ጊዜ የዐሥራ ስድስት ዓመት ጐልማሳ ነበረ፤ በኢየሩሳሌምም አምሳ ሁለት ዓመት ነገሠ፤ እናቱም ኢዮኮልያስ የተባለች የኢየሩሳሌም ሴት ነበረች።
8124b137-e5dd-5b6f-a698-9b055ee7d68e,d8d3f5ef-e3a9-5357-acfe-3aea5dfa7125,f1ef1dd3-2926-5405-ab29-c03911ef9c40,4,4,አባቱም አሜስያስ እንዳደረገው ሁሉ በእግዚአብሔር ፊት ቅን ነገርን አደረገ።
2b704fa8-7f1b-5887-a9b9-b757c1ce7959,d8d3f5ef-e3a9-5357-acfe-3aea5dfa7125,f1ef1dd3-2926-5405-ab29-c03911ef9c40,5,5,እግዚአብሔርንም መፍራት ባስተማረ በዘካርያስ ዘመን እግዚአብሔርን ይፈልግ ዘንድ ልብ አደረገ፤ በዘመኑም እግዚአብሔርን ፈለገ፤ እግዚአብሔርም ነገሩን አከናወነለት።
720d3b31-3d70-5cdb-a177-c013e7fd6f1d,d8d3f5ef-e3a9-5357-acfe-3aea5dfa7125,f1ef1dd3-2926-5405-ab29-c03911ef9c40,6,6,ወጥቶም ከፍልስጥኤማውያን ጋር ተዋጋ፤ የጌትን ቅጥር፥ የኢያቢስንም ቅጥር፥ የአዛጦንንም ቅጥር አፈረሰ፤ በአዛጦንና በፍልስጥኤማውያንም ሀገር ከተሞችን ሠራ።
3879b779-c248-53b1-af06-bdd876ae02a9,d8d3f5ef-e3a9-5357-acfe-3aea5dfa7125,f1ef1dd3-2926-5405-ab29-c03911ef9c40,7,7,እግዚአብሔርም በፍልስጥኤማውያንና በዓለት ላይ በሚኖሩ ዓረባውያን፥ በምዕዑናውያንም ላይ አጸናው።
d41cb573-bd50-575b-a405-3c6a105a38e1,d8d3f5ef-e3a9-5357-acfe-3aea5dfa7125,f1ef1dd3-2926-5405-ab29-c03911ef9c40,8,8,አሞናውያንም ለዖዝያን ገበሩ፤ እጅግም በርትቶ ነበርና ዝናው እስከ ግብፅ መግቢያ ድረስ ተሰማ።
35cdd957-9338-5965-a0a5-2e6c65fead12,d8d3f5ef-e3a9-5357-acfe-3aea5dfa7125,f1ef1dd3-2926-5405-ab29-c03911ef9c40,9,9,ዖዝያንም በኢየሩሳሌም በማዕዘኑ በርና በሸለቆው በር፥ ቅጥሩም በዞረበት ማዕዘን አጠገብ ግንቦችን ሠርቶ መሸጋቸው።
9941029b-c540-52f9-a88b-537f3e2b4457,d8d3f5ef-e3a9-5357-acfe-3aea5dfa7125,f1ef1dd3-2926-5405-ab29-c03911ef9c40,10,10,በምድረ በዳውም ግንቦችን ሠራ፤ ብዙ ጕድጓድም ማሰ፤ በቆላውና በደጋው ብዙ እንስሶች ነበሩትና፤ ደግሞም እርሻ ይወድድ ነበርና በተራራማውና በፍሬያማው ስፍራ አራሾችና የወይን አትክልተኞች ነበሩት።
5be05c45-db72-5024-a1d5-4ec3c7742e4f,d8d3f5ef-e3a9-5357-acfe-3aea5dfa7125,f1ef1dd3-2926-5405-ab29-c03911ef9c40,11,11,ደግሞም ለዖዝያን የሰልፍ ሠራዊት ነበሩት፤ በንጉሡ አለቃ በሐናንያ ትእዛዝ፥ በአለቃው በመዕሤያና በጸሓፊው በኢዮሔል እጅ እንደ ተቈጠሩ ወደ ሰልፍ በየቍጥራቸው ይወጡ ነበር።
78b3f814-c603-5cb7-a415-ed82d918a180,d8d3f5ef-e3a9-5357-acfe-3aea5dfa7125,f1ef1dd3-2926-5405-ab29-c03911ef9c40,12,12,የአባቶቻቸውም ቤቶች አለቆች በሰልፍ ጽኑዓንና ኀያላን የሆኑ ሁሉ ቍጥራቸው ሁለት ሺህ ስድስት መቶ ነበረ።
737d888d-5ef7-54b2-a399-4e98a2fbc591,d8d3f5ef-e3a9-5357-acfe-3aea5dfa7125,f1ef1dd3-2926-5405-ab29-c03911ef9c40,13,13,ከእነርሱም ጋር ወደ ሰልፍ የሚወጡ ሦስት መቶ ሰባት ሺህ አምስት መቶ ሠራዊት ነበሩ፤ እነዚህም ንጉሡን በጠላቱ ላይ የሚያግዙ፥ በታላቅ ኀይል ወደ ሰልፍ የሚወጡ ጽኑዓን ነበሩ።
51fa2a0c-e337-5136-a101-830e3f3c0fd8,d8d3f5ef-e3a9-5357-acfe-3aea5dfa7125,f1ef1dd3-2926-5405-ab29-c03911ef9c40,14,14,ዖዝያንም ለጭፍራው ሁሉ ጋሻና ጦር፥ ራስ ቍርና ጥሩር፥ ቀስትና የሚወነጭፉትን ድንጋይ አዘጋጀላቸው።
cb575db5-3a88-5fb2-acdf-4f985a099d4a,d8d3f5ef-e3a9-5357-acfe-3aea5dfa7125,f1ef1dd3-2926-5405-ab29-c03911ef9c40,15,15,በኢየሩሳሌምም በብልሃተኞች እጅ የተሠሩትን ፥ በግንብና በቅጥር ላይ የሚኖሩትን፥ ፍላጻና መርግ የሚወረወርባቸውን መሣሪያዎች አደረገ፤ እስኪበረታም ድረስ እግዚአብሔር በድንቅ ረድቶታልና የመሣሪያዎቹ ዝና እስከ ሩቅ ድረስ ተሰማ።
f2b51a2c-2b40-54fb-a143-f0b13b226ff9,d8d3f5ef-e3a9-5357-acfe-3aea5dfa7125,f1ef1dd3-2926-5405-ab29-c03911ef9c40,16,16,ነገር ግን በበረታ ጊዜ ለጥፋት ልቡ ታበየ፤ አምላኩንም እግዚአብሔርን በደለ፤ በዕጣን መሠዊያውም ላይ ያጥን ዘንድ ወደ መቅደስ ገባ።
d6589c7e-9d6b-5675-a7d2-63f965bfb531,d8d3f5ef-e3a9-5357-acfe-3aea5dfa7125,f1ef1dd3-2926-5405-ab29-c03911ef9c40,17,17,ካህኑም ዓዛርያስ፥ ከእርሱም ጋር ጽኑዓን የነበሩ ሰማንያ የእግዚአብሔር ካህናት ተከትለው ገቡ።
4f7985c3-4cbc-5f2f-a1a2-4c89ef129f42,d8d3f5ef-e3a9-5357-acfe-3aea5dfa7125,f1ef1dd3-2926-5405-ab29-c03911ef9c40,18,18,ንጉሡንም ዖዝያንን እየተቃወሙ፥ “ዖዝያን ሆይ፥ ዕጣን ማጠን ለተቀደሱት ለአሮን ልጆች ለካህናቱ ነው እንጂ ለእግዚአብሔር ታጥን ዘንድ ለአንተ አይገባህም፤ ከእግዚአብሔር ርቀሃልና ከመቅደሱ ውጣ፤ ይህም በአምላክ በእግዚአብሔርም ዘንድ ለአንተ ክብር አይሆንህም” አሉት።
54d19f7c-b750-5085-a43e-c634c5cc7760,d8d3f5ef-e3a9-5357-acfe-3aea5dfa7125,f1ef1dd3-2926-5405-ab29-c03911ef9c40,19,19,ዖዝያንም ተቈጣ፤ በመቅደስም የሚያጥንበት ጥና በእጁ ነበረ፤ ካህናቱንም በተቈጣ ጊዜ በካህናቱ ፊት በእግዚአብሔር ቤት ውስጥ በዕጣኑ መሠዊያ አጠገብ ሳለ በግንባሩ ላይ ለምጽ ታየ።
9eb017f8-77a7-5aa0-a522-b8ce220bb581,d8d3f5ef-e3a9-5357-acfe-3aea5dfa7125,f1ef1dd3-2926-5405-ab29-c03911ef9c40,20,20,ታላቁ ካህን ዓዛርያስ፥ ካህናቱም ሁሉ ተመለከቱት፤ እነሆም፥ በግንባሩ ላይ ለምጽ ነበረ፤ ፈጥነውም አባረሩት፤ እርሱም ደግሞ እግዝአብሔር ቀሥፎት ነበርና ይወጣ ዘንድ ቸኰለ።
ac73058e-635a-5892-a053-9e86a0445e83,d8d3f5ef-e3a9-5357-acfe-3aea5dfa7125,f1ef1dd3-2926-5405-ab29-c03911ef9c40,21,21,ንጉሡም ዖዝያን እስኪሞት ድረስ ለምጻም ነበረ፤ ለምጻምም ሆኖ ከእግዚአብሔር ቤት ርቆአልና በተለየ ቤት ይቀመጥ ነበር፤ ልጁም ኢዮአታም በቤተ መንግሥቱ ሆኖ በምድሩ ሕዝብ ላይ ይፈርድ ነበር።
6eb3e366-4df2-57c9-a554-2740052cd508,d8d3f5ef-e3a9-5357-acfe-3aea5dfa7125,f1ef1dd3-2926-5405-ab29-c03911ef9c40,22,22,የቀሩትም የፊተኞቹና የኋለኞቹ የዖዝያን ነገሮች በነቢዩ በኢሳይያስ መጽሐፍ ተጽፈዋል።
aedd2799-c088-5a60-a40e-2b8cd210d763,d8d3f5ef-e3a9-5357-acfe-3aea5dfa7125,f1ef1dd3-2926-5405-ab29-c03911ef9c40,23,23,ዖዝያንም ከአባቶቹ ጋር አንቀላፋ፤ ለምጻም ነው ብለዋልና የነገሥታቱ መቃብር ባልሆነ እርሻ ውስጥ ቀበሩት፤ ልጁም ኢዮአታም በእርሱ ፋንታ ነገሠ።
a4cec89d-a620-52f5-af69-2b89800cb2aa,6265abe5-827b-5055-a29d-3e53d1688646,a41a6796-eda6-50ce-ab77-0e025f9945ab,1,1,ኢዮአታምም መንገሥ በጀመረ ጊዜ የሃያ አምስት ዓመት ጐልማሳ ነበረ፤ በኢየሩሳሌምም ዐሥራ ስድስት ዓመት ነገሠ፤ እናቱም የሳዶቅ ልጅ ኢየሩሳ ትባል ነበር።
eed2f4b8-4185-5a40-a5c4-85286b5353da,6265abe5-827b-5055-a29d-3e53d1688646,a41a6796-eda6-50ce-ab77-0e025f9945ab,2,2,አባቱም ዖዝያን እንዳደረገ ሁሉ በእግዚአብሔር ፊት ቅን ነገር አደረገ፤ ነገር ግን ወደ እግዚአብሔር መቅደስ አልገባም፤ ሕዝቡም ገና ይበድል ነበር።
cc778b0f-309c-50af-aba7-c25f8ba4954e,6265abe5-827b-5055-a29d-3e53d1688646,a41a6796-eda6-50ce-ab77-0e025f9945ab,3,3,የእግዚአብሔርን ቤት የላይኛውን በር ሠራ፤ በዖፌልም ቅጥር ላይ ብዙ ሠራ።
8b1c9f26-5021-5af0-a1f5-d72708fff6b5,6265abe5-827b-5055-a29d-3e53d1688646,a41a6796-eda6-50ce-ab77-0e025f9945ab,4,4,በተራራማውም በይሁዳ ሀገር ላይ ከተሞችን ሠራ፤ በዱር ስፍራዎችም አምባዎችንና ግንቦችን ሠራ።
09d032b1-b2d1-59f9-acb8-d1a16ba1ead9,6265abe5-827b-5055-a29d-3e53d1688646,a41a6796-eda6-50ce-ab77-0e025f9945ab,5,5,ከአሞንም ልጆች ንጉሥ ጋር ተዋጋ፤ አሸነፋቸውም። በዚያም ዓመት የአሞን ልጆች መቶ መክሊት ብር፥ ዐሥር ሺህም የቆሮስ መስፈሪያ ስንዴ፥ ዐሥር ሺህም የቆሮስ መስፈሪያ ገብስ ግብር ሰጡት። እንዲሁም ደግሞ የአሞን ልጆችና ንጉሣቸው በመጀመሪያው፥ በሁለተኛውና በሦስተኛው ዓመት ሰጡት።
b9a53e50-3997-5e9d-aaf7-3b3507751f61,6265abe5-827b-5055-a29d-3e53d1688646,a41a6796-eda6-50ce-ab77-0e025f9945ab,6,6,ኢዮአታምም በአምላኩ በእግዚአብሔር ፊት መንገዱን አቅንቶአልና በረታ።
a5311c31-37eb-52e3-a59d-8ad34c79ad57,6265abe5-827b-5055-a29d-3e53d1688646,a41a6796-eda6-50ce-ab77-0e025f9945ab,7,7,የቀሩትም የኢዮአታም ነገሮች፥ ሰልፉም ሁሉ፥ ሥራውም፥ እነሆ፥ በእስራኤልና በይሁዳ ነገሥታት መጽሐፍ ተጽፎአል።
dd6ca53b-6175-563f-a051-7a3bb60f62d5,6265abe5-827b-5055-a29d-3e53d1688646,a41a6796-eda6-50ce-ab77-0e025f9945ab,8,8,መንገሥም በጀመረ ጊዜ የሃያ አምስት ዓመት ጐልማሳ ነበረ፤ በኢየሩሳሌምም ዐሥራ ስድስት ዓመት ነገሠ።
b97a6ee1-0ee7-50a2-a29c-a0983dc06895,6265abe5-827b-5055-a29d-3e53d1688646,a41a6796-eda6-50ce-ab77-0e025f9945ab,9,9,ኢዮአታምም ከአባቶቹ ጋር አንቀላፋ፤ በዳዊትም ከተማ ቀበሩት፤ ልጁም አካዝ በእርሱ ፋንታ ነገሠ።
d5a6495a-f18c-567d-a019-474ec70ff954,722f49e5-b9d0-5a4e-ae02-87d16a961cf0,a437ad22-42e5-50ae-abfb-d438e4613830,1,1,አካዝም መንገሥ በጀመረ ጊዜ የሃያ ዓመት ጐልማሳ ነበረ፤ በኢየሩሳሌምም ዐሥራ ስድስት ዓመት ነገሠ፤ እንደ አባቱም እንደ ዳዊት በእግዚአብሔር ፊት ቅን ነገር አላደረገም።
7b16b03b-b1d8-5d6b-a312-6a4b0310fdc6,722f49e5-b9d0-5a4e-ae02-87d16a961cf0,a437ad22-42e5-50ae-abfb-d438e4613830,2,2,ነገር ግን በእስራኤል ነገሥታት መንገድ ሄደ፤ ደግሞም ቀልጠው የተሠሩትን ምስሎች ሠራ።
beb2acda-c17a-5197-af22-24e7624059ed,722f49e5-b9d0-5a4e-ae02-87d16a961cf0,a437ad22-42e5-50ae-abfb-d438e4613830,3,3,ደግሞም በሄኖም ልጅ ሸለቆ ውስጥ ለምስሉ ሠዋ፤ እግዚአብሔር ከእስራኤል ልጆች ፊት እንዳሳደዳቸው እንደ አሕዛብም ክፉ ልማድ ልጆቹን በእሳት አቃጠለ።
dc0f9853-274a-5c63-a2b8-b903344f9900,722f49e5-b9d0-5a4e-ae02-87d16a961cf0,a437ad22-42e5-50ae-abfb-d438e4613830,4,4,በኮረብታው መስገጃዎችና በተራሮች ላይ በለመለመውም ዛፍ ሁሉ በታች ያጥን ነበር።
f548eb3f-6a12-5804-a072-6689d4ae9e42,722f49e5-b9d0-5a4e-ae02-87d16a961cf0,a437ad22-42e5-50ae-abfb-d438e4613830,5,5,ስለዚህ አምላኩ እግዚአብሔር በሶርያ ንጉሥ እጅ አሳልፎ ሰጠው፤ እርሱም መታው፤ ከእርሱም ብዙ ምርኮኞችን ወሰደ፤ ወደ ደማስቆም አመጣው። ደግሞም በእስራኤል ንጉሥ እጅ አሳልፎ ሰጠው፤ እርሱም በታላቅ አመታት መታው።
3cbc0c83-aa10-5025-a9c9-32dce15b3978,722f49e5-b9d0-5a4e-ae02-87d16a961cf0,a437ad22-42e5-50ae-abfb-d438e4613830,6,6,የአባቶቻቸውንም አምላክ እግዚአብሔርን ትተው ነበርና የእስራኤል ንጉሥ የሮሜልዩ ልጅ ፋቁሔ በአንድ ቀን ከይሁዳ ጽኑዓን የነበሩ መቶ ሃያ ሺህ ሰልፈኞችን ገደለ፤
619f7a87-b1d9-54bf-ae70-139ea5769124,722f49e5-b9d0-5a4e-ae02-87d16a961cf0,a437ad22-42e5-50ae-abfb-d438e4613830,7,7,ከኤፍሬም ወገን የነበረው ኀያል ሰው ዝክሪም የንጉሡን ልጅ ማዓሥያንና የቤቱን አዛዥ ዓዝሪቃምን፥ ለንጉሡም በማዕርግ ሁለተኛ የሆነውን ሕልቃናን ገደለ።
444177cf-b627-5da5-a7ed-f4ab8c0e4f11,722f49e5-b9d0-5a4e-ae02-87d16a961cf0,a437ad22-42e5-50ae-abfb-d438e4613830,8,8,የእስራኤል ልጆች ከወንድሞቻቸው ሦስት መቶ ሺህ ሴቶችን፥ ወንዶችና ሴቶች ልጆችንም ማረኩ፤ እጅግም ምርኮ ከእነርሱ ወስደው ወደ ሰማርያ አገቡ።
e4c34d3f-5cf9-58be-a91e-3818da99494c,722f49e5-b9d0-5a4e-ae02-87d16a961cf0,a437ad22-42e5-50ae-abfb-d438e4613830,9,9,በዚያም ዖዴድ የተባለ የእግዚአብሔር ነቢይ ነበረ፤ ወደ ሰማርያም የሚመጣውን ጭፍራ ሊገናኘው ወጣ፤ እንዲህም አላቸው፤ “እነሆ፥ የአባቶቻችሁ አምላክ እግዚአብሔር ይሁዳን ስለ ተቈጣ በእጃችሁ አሳልፎ ሰጣቸው፤ እናንተም ወደ ሰማይ በሚደርስ ቍጣ ገደላችኋቸው።
9cd65de0-8673-567e-a0af-60f4ace3bbff,722f49e5-b9d0-5a4e-ae02-87d16a961cf0,a437ad22-42e5-50ae-abfb-d438e4613830,10,10,አሁንም የይሁዳንና የኢየሩሳሌምን ልጆች ባሪያዎች አድርገን እንግዛ ትላላችሁ፤ የፈጣሪያችሁ የእግዚአብሔር ምስክር የምሆን እኔም ከእናንተ ጋር ያለሁ አይደለምን?
569e50b2-808c-5bf9-a580-b1d9280d348d,722f49e5-b9d0-5a4e-ae02-87d16a961cf0,a437ad22-42e5-50ae-abfb-d438e4613830,11,11,አሁንም ስሙ፤ የእግዚአብሔር ቍጣ በላያችሁ ነድዶአልና ከወንድሞቻችሁ የወሰዳችኋቸውን ምርኮኞች መልሱ።”
ddd3e9e4-6d5b-5d08-a83e-eb9861211869,722f49e5-b9d0-5a4e-ae02-87d16a961cf0,a437ad22-42e5-50ae-abfb-d438e4613830,12,12,ደግሞም ከኤፍሬም ልጆች አለቆች የአናን ልጅ ዓዛርያስ፥ የመስለሞት ልጅ በራክያ፥ የሳሎም ልጅ ሕዝቅያስ፥ የአዳሊ ልጅ አማስያ ከሰልፍ የተመለሱትን ተቃወሙአቸው።
f64d8c82-205e-590b-ab0d-3c0d9a1cad17,722f49e5-b9d0-5a4e-ae02-87d16a961cf0,a437ad22-42e5-50ae-abfb-d438e4613830,13,13,“ደግሞም በእግዚአብሔር ፊት በእኛ ላይ በደል ታመጡብናላችሁና፥ ኀጢአታችንንና በደላችንን ታበዙብናላችሁና የተማረኩትን ወደዚህ አታግቡ፤ በደላችን ታላቅ ነውና፥ የእግዚአብሔርም የመቅሠፍቱ ቍጣ በእስራኤል ላይ ነውና” አሉአቸው።
bc344d28-fc0e-5940-ad25-f528902628c5,722f49e5-b9d0-5a4e-ae02-87d16a961cf0,a437ad22-42e5-50ae-abfb-d438e4613830,14,14,ሰልፈኞቹም ምርኮኞቹንና ምርኮውን በአለቆችና በጉባኤ ሁሉ ፊት ተዉ።
7ec27d5a-2708-5641-aef7-db10558e8c79,722f49e5-b9d0-5a4e-ae02-87d16a961cf0,a437ad22-42e5-50ae-abfb-d438e4613830,15,15,በስማቸውም የተጻፉ ሰዎች ተነሥተው ምርኮኞቹን ወሰዱ፤ በመካከላቸውም ራቁታቸውን ለነበሩት ሁሉ ከምርኮው አለበሱአቸው፤ አጐናጸፉአቸውም፤ ጫማም በእግራቸው አደረጉላቸው፤ መገቡአቸውም፤ አጠጡአቸውም፤ ቀቡአቸውም፤ ደካሞቹንም ሁሉ በአህዮች ላይ አስቀመጡአቸው፤ ዘንባባም ወዳለበት ከተማ ወደ ኢያሪኮ ወደ ወንድሞቻቸው አመጡአቸው፤ ወደ ሰማርያም ተመለሱ።
dfeadd77-8f60-561c-ade5-51bab3954911,722f49e5-b9d0-5a4e-ae02-87d16a961cf0,40682240-a8d8-5dca-a5c4-0989133fe861,1,16,በዚያም ጊዜ ንጉሡ አካዝ ርዳታ ፈልጎ ወደ አሦር ንጉሥ ላከ፤
d60eb354-5ae9-5894-ade6-2f06e0779c65,722f49e5-b9d0-5a4e-ae02-87d16a961cf0,40682240-a8d8-5dca-a5c4-0989133fe861,2,17,የኤዶምያስ ሰዎች ዳግመኛ መጥተው፥ ይሁዳንም መትተው ብዙ ምርኮኛ ወስደው ነበርና።
b97c2da0-c3df-5b1f-a0dd-6dce5c79bdc3,722f49e5-b9d0-5a4e-ae02-87d16a961cf0,40682240-a8d8-5dca-a5c4-0989133fe861,3,18,ደግሞም ፍልስጥኤማውያን በቆላውና በደቡብ በኩል ባሉት በይሁዳ ከተሞች አደጋ ጥለው ነበር፤ ቤትሳሚስንና ኤሎንን፥ ጋቤሮትንም፥ ሠካዕንና መንደሮችዋን፥ ቴምናንና መንደሮችዋንም፥ ጋማዚእንና መንደሮችዋን ወስደው በዚያ ተቀምጠው ነበር።
42db0d66-5ff6-5221-a069-e475e22e86e7,722f49e5-b9d0-5a4e-ae02-87d16a961cf0,40682240-a8d8-5dca-a5c4-0989133fe861,4,19,በይሁዳም ንጉሥ በአካዝ ምክንያት እግዚአብሔር ይሁዳን አዋረደው፤ እርሱ ከእግዚአብሔር እጅግ ርቆአልና።
9b1a916a-274a-59be-ac25-45b2b431a882,722f49e5-b9d0-5a4e-ae02-87d16a961cf0,40682240-a8d8-5dca-a5c4-0989133fe861,5,20,የአሦርም ንጉሥ ቴልጌልቴልፌልሶር መጥቶ አስጨነቀው።
6ed7148c-97f0-5bf6-a6f0-30f2b955a025,722f49e5-b9d0-5a4e-ae02-87d16a961cf0,40682240-a8d8-5dca-a5c4-0989133fe861,6,21,አካዝም ከእግዚአብሔር ቤት ከንጉሡና ከአለቆቹም ቤት የነበረውን ሁሉ ወሰደ፤ ለአሦርም ንጉሥ ሰጠ፥ ነገር ግን አስጨነቀው እንጂ አልረዳውም።
8ecd93fc-df1f-5a92-af66-24ca2ce3bb9a,722f49e5-b9d0-5a4e-ae02-87d16a961cf0,40682240-a8d8-5dca-a5c4-0989133fe861,7,22,ዳግመኛም ንጉሡ አካዝ ፈጽሞ ከእግዚአብሔር ራቀ።
79b5b2a6-607a-5f10-a27b-ce13ae30a306,722f49e5-b9d0-5a4e-ae02-87d16a961cf0,40682240-a8d8-5dca-a5c4-0989133fe861,8,23,ንጉሡም፥ “የመቱኝን የደማስቆን አማልክት እፈልጋቸዋለሁ፤ የሶርያን ንጉሥ እርሱን ረድተውታልና እኔንም ይረዱኝ ዘንድ እሠዋላቸዋለሁ” አለ። ነገር ግን ለእርሱና ለእስራኤል ሁሉ ዕንቅፋት ሆኑ።
233078a1-0c29-5777-aab5-4203dedbb5ac,722f49e5-b9d0-5a4e-ae02-87d16a961cf0,40682240-a8d8-5dca-a5c4-0989133fe861,9,24,አካዝም የእግዚአብሔርን ቤት ዕቃዎች ሁሉ ወስዶ ሰባበራቸው፤ የእግዚአብሔርንም ቤት ደጆች ዘጋ፤ በኢየሩሳሌምም ማዕዘን ሁሉ ለራሱ መሠዊያ ሠራ።
2d7d1147-d986-5e19-af5c-ce8cbc4a320a,722f49e5-b9d0-5a4e-ae02-87d16a961cf0,40682240-a8d8-5dca-a5c4-0989133fe861,10,25,በይሁዳም ከተሞች ሁሉ ለሌሎች አማልክት ያጥን ዘንድ የኮረብታ መስገጃዎችን አሠራ፤ የአባቶቻቸውንም አምላክ እግዚአብሔርን አስቈጣ።
a6c6c79b-b614-5377-abae-acf83f481bcf,722f49e5-b9d0-5a4e-ae02-87d16a961cf0,40682240-a8d8-5dca-a5c4-0989133fe861,11,26,የቀሩትም ነገሮቹና ሥራው ሁሉ፥ የፊተኞቹና የኋለኞቹ እነሆ፥ በይሁዳና በእስራኤል ነገሥታት መጽሐፍ ተጽፈዋል።
bf7becb7-16c7-5a76-a1ef-3283603ffb72,722f49e5-b9d0-5a4e-ae02-87d16a961cf0,40682240-a8d8-5dca-a5c4-0989133fe861,12,27,አካዝም ከአባቶቹ ጋር አንቀላፋ፤ በዳዊትም ከተማ ቀበሩት፤ ነገር ግን ወደ እስራኤል ነገሥታት መቃብር አላገቡትም፤ ልጁም ሕዝቅያስ በእርሱ ፋንታ ነገሠ።
eb84cf5b-2d9c-58ef-a1c2-f0a252e2d818,36320144-c18a-529f-a816-cc971ef7ad67,93200853-e0b1-52c9-a89d-7907f096a7b3,1,1,ሕዝቅያስም የሃያ አምስት ዓመት ጐልማሳ በነበረ ጊዜ መንገሥ ጀመረ፤ በኢየሩሳሌምም ሃያ ዘጠኝ ዓመት ነገሠ፤ እናቱም የዘካርያስ ልጅ አብያ ትባል ነበር።
01773977-b8db-5a74-a1dd-abaf7b9b66f4,36320144-c18a-529f-a816-cc971ef7ad67,93200853-e0b1-52c9-a89d-7907f096a7b3,2,2,አባቱም ዳዊት እንዳደረገ ሁሉ በእግዚአብሔር ፊት ቅን ነገርን አደረገ።
3685ffd6-5140-576a-aefb-7bea6ce5490e,36320144-c18a-529f-a816-cc971ef7ad67,e061e8a7-9bcb-58cf-af33-75d1bd185110,1,3,በመንግሥቱም በጸና ጊዜ በመጀመሪያው ወር የእግዚአብሔርን ቤት ደጆች ከፈተ፤ አደሳቸውም።
e42573b8-ac63-510c-aee0-d438820b4f3e,36320144-c18a-529f-a816-cc971ef7ad67,e061e8a7-9bcb-58cf-af33-75d1bd185110,2,4,ካህናቱንና ሌዋውያኑንም አስመጣ፤ በምሥራቅ በኩል ባለው አደባባይም ሰበሰባቸው፤
eeb864ae-2af0-5be6-a802-3395468b305c,36320144-c18a-529f-a816-cc971ef7ad67,e061e8a7-9bcb-58cf-af33-75d1bd185110,3,5,እንዲህም አላቸው፥ “ሌዋውያን ሆይ፥ ስሙኝ፤ ራሳችሁን አንጹ፤ የአባቶቻችሁንም አምላክ የእግዚአብሔርን ቤት ቀድሱ፤ ርኩስን ነገር ሁሉ ከመቅደሱ አስወግዱ።
9a0359df-726a-56d5-a880-aefd5c759ec8,36320144-c18a-529f-a816-cc971ef7ad67,e061e8a7-9bcb-58cf-af33-75d1bd185110,4,6,አባቶቻችን ከእግዚአብሔር ርቀዋል፤ በአምላካችንም በእግዚአብሔር ፊት ክፉ አድርገዋል፤ እርሱንም ረስተዋል፤ ፊታቸውንም ከእግዚአብሔር ቤት መልሰዋል፤ ጀርባቸውንም አዙረዋል፤
a7603953-7ddc-575e-ae91-1dd744ce7bd3,36320144-c18a-529f-a816-cc971ef7ad67,e061e8a7-9bcb-58cf-af33-75d1bd185110,5,7,ደግሞም የእግዚአብሔርን ቤት ደጆች ዘግተዋል፤ መብራቶቹንም አጥፍተዋል፤ በመቅደሱም ውስጥ ለእስራኤል አምላክ አላጠኑም፤ የሚቃጠለውንም መሥዋዕት አላቀረቡም።
cb9afa99-7c06-537f-a167-94b96474832c,36320144-c18a-529f-a816-cc971ef7ad67,e061e8a7-9bcb-58cf-af33-75d1bd185110,6,8,“ስለዚህም የእግዚአብሔር ቍጣ በይሁዳና በኢየሩሳሌም ላይ ሆነ፤ በዐይናችሁም እንደምታዩ ለድንጋጤና ለመደነቂያ፥ ለመዘበቻም አሳልፎ ሰጣቸው።
d08b00f2-a616-5513-a3f6-853cb3fd6549,36320144-c18a-529f-a816-cc971ef7ad67,e061e8a7-9bcb-58cf-af33-75d1bd185110,7,9,እነሆም፥ ስለዚህ አባቶቻችሁ በሰይፍ ወደቁ፤ ወንዶችና ሴቶች ልጆቻችሁም፥ ሚስቶቻችሁም የእነርሱ ሀገር ወዳልሆነ ተማረኩ፤ እስከ ዛሬም በዚያ ይኖራሉ።
42c583e6-bd29-5785-ac47-90aeae07aa8d,36320144-c18a-529f-a816-cc971ef7ad67,e061e8a7-9bcb-58cf-af33-75d1bd185110,8,10,አሁንም የቍጣውን መቅሠፍት ከእኛ እንዲመልስ ከእስራኤል አምላክ ከእግዚአብሔር ጋር ቃል ኪዳን አደርግ ዘንድ በልቤ አስቤአለሁ።
1d4262ee-40db-50c8-a5e5-f01649f90f1e,36320144-c18a-529f-a816-cc971ef7ad67,e061e8a7-9bcb-58cf-af33-75d1bd185110,9,11,አሁንም በፊቱ ትቆሙና ታገለግሉት ዘንድ፥ አገልጋዮቹም ትሆኑ ዘንድ፥ ታጥኑለትም ዘንድ እግዚአብሔር መርጦአችኋልና ቸል አትበሉ።”
fdd884a8-04b5-5b4f-a4ff-c142fcc8fda0,36320144-c18a-529f-a816-cc971ef7ad67,e061e8a7-9bcb-58cf-af33-75d1bd185110,10,12,ሌዋውያኑም፥ ከቀዓት ልጆች የአሜሳእ ልጅ መኤትና የዓዛርያስ ልጅ ኢዮሔል፥ ከሜራሪም ልጆች የአብዲ ልጅ ቂስና የያሃሌልኤል ልጅ ዓዛርያስ፥ ከጌድሶንም ልጆች የዛማት ልጅ ዮአክና የዮአክ ልጅ ኢዮአድ፤
a1f20f17-0243-582e-a9da-7ec1054390b4,36320144-c18a-529f-a816-cc971ef7ad67,e061e8a7-9bcb-58cf-af33-75d1bd185110,11,13,ከኤልሳፋንም ልጆች ሳምሪና ኢዮሔል፥ ከአሳፍም ልጆች ዘካርያስና ማታንያስ፤
9393829c-2c41-566e-ae67-27f951e37c23,36320144-c18a-529f-a816-cc971ef7ad67,e061e8a7-9bcb-58cf-af33-75d1bd185110,12,14,ከኤማንም ልጆች ኢዮሔልና ሰሜኢ፥ ከኢዱቱንም ልጆች ሰማዕያና ኡዝሔል ተነሡ።
d29f18a5-1a47-5ca6-a735-2effb82eb872,36320144-c18a-529f-a816-cc971ef7ad67,e061e8a7-9bcb-58cf-af33-75d1bd185110,13,15,ወንድሞቻቸውንም ሰብስበው በእግዚአብሔር ቃል እንደ ንጉሡ ትእዛዝ የእግዚአብሔርን ቤት ያነጹ ዘንድ ራሳቸውን አነጹ።
2a7b69a5-17ed-5d6c-ab62-773cfb40f552,36320144-c18a-529f-a816-cc971ef7ad67,e061e8a7-9bcb-58cf-af33-75d1bd185110,14,16,ካህናቱም ያነጹት ዘንድ ወደ እግዚአብሔር ቤት ወደ ውስጥ ገቡ፤ በእግዚአብሔርም መቅደስ ያገኙትን ርኩስ ነገር ሁሉ ወደ እግዚአብሔር ቤት አደባባይ አወጡት። ሌዋውያንም ወስደው ወደ ሜዳ ወደ ቄድሮን ወንዝ ጣሉት።
4f0fa5df-6578-5596-ad84-ea7a1873caae,36320144-c18a-529f-a816-cc971ef7ad67,e061e8a7-9bcb-58cf-af33-75d1bd185110,15,17,በመጀመሪያውም ወር በመጀመሪያው ቀን ያነጹ ጀመር፤ በዚያውም ወር በስምንተኛው ቀን ወደ እግዚአብሔር ቤት ወለል ደረሱ፤ የእግዚአብሔርንም ቤት በስምንት ቀን አነጹ፤ በመጀመሪያውም ወር በዐሥራ ስድስተኛው ቀን ፈጸሙ።
3a9cfef5-f7e1-556e-ad60-d08a96a574ab,36320144-c18a-529f-a816-cc971ef7ad67,e061e8a7-9bcb-58cf-af33-75d1bd185110,16,18,ወደ ውስጡም ወደ ንጉሡ ወደ ሕዝቅያስ ገብተው፥ “የእግዚአብሔርን ቤት ሁሉ፥ ለሚቃጠል መሥዋዕት የሚሆነውን መሠዊያና ዕቃውንም ሁሉ፥ የኅብስተ ገጹንም ገበታና ዕቃውን ሁሉ አንጽተናል፤
f15fceb7-a897-5e46-af51-e8cf7788f9b5,36320144-c18a-529f-a816-cc971ef7ad67,e061e8a7-9bcb-58cf-af33-75d1bd185110,17,19,ንጉሡም አካዝ ነግሦ ሳለ በመተላለፉ ያረከሰውን ዕቃ ሁሉ አዘጋጅተናል፤ ቀድሰናልም፤ እነሆም፥ በእግዚአብሔር መሠዊያ ፊት ሆነዋል” አሉት።
41f71852-0741-5871-a1d0-c2777e9deb3e,36320144-c18a-529f-a816-cc971ef7ad67,e061e8a7-9bcb-58cf-af33-75d1bd185110,18,20,ንጉሡም ሕዝቅያስ ማልዶ ተነሣ፤ የእስራኤልንም ቤት አለቆች ሰበሰበ፤ ወደ እግዚአብሔርም ቤት ወጣ።
571964c2-526c-54d6-aefd-565c0bc5f128,36320144-c18a-529f-a816-cc971ef7ad67,e061e8a7-9bcb-58cf-af33-75d1bd185110,19,21,ስለ መንግሥቱና ስለ መቅደሱም፥ ስለ ሕዝቡም ስለ እስራኤል ለኀጢአት መሥዋዕት ሰባት ወይፈኖች፥ ሰባትም አውራ በጎች፥ ሰባትም የበግ ጠቦቶች፥ ሰባትም አውራ ፍየሎች አመጡ። የአሮንንም ልጆች ካህናቱን፥ “ወደ እግዚአብሔር መሠዊያ ውጡ” አላቸው።
e8f9d37f-1bc6-5155-a7f8-b659de5b1ea6,36320144-c18a-529f-a816-cc971ef7ad67,e061e8a7-9bcb-58cf-af33-75d1bd185110,20,22,ወይፈኖቹንም አረዱ፤ ካህናቱም ደሙን ተቀብለው በመሠዊያው ላይ ረጩት፤ አውራ በጎቹንም አረዱ፤ ደሙንም በመሠዊያው ላይ ረጩት፤ ጠቦቶቹንም አረዱ፤ ደሙንም በመሠዊያው ላይ ረጩት።
88bd0c2a-c0ec-5a5b-a3ef-00f3137c0545,36320144-c18a-529f-a816-cc971ef7ad67,e061e8a7-9bcb-58cf-af33-75d1bd185110,21,23,የኀጢአት መሥዋዕት የሚሆኑትንም አውራ ፍየሎች በንጉሡና በጉባኤው ፊት አቀረቡ፤ እጃቸውንም ጫኑባቸው፤
fd56312b-7030-5e04-aa4b-16a8b0177e3b,36320144-c18a-529f-a816-cc971ef7ad67,e061e8a7-9bcb-58cf-af33-75d1bd185110,22,24,ካህናቱም አረዱአቸው፤ ንጉሡም የሚቃጠል መሥዋዕትና የኀጢአት መሥዋዕት ለእስራኤል ሁሉ እንዲደረግ አዝዞ ነበርና ለእስራኤል ሁሉ ማስተስረያ ያደርጉ ዘንድ ደማቸውን በመሠዊያው ላይ አቀረቡ።
9ac18753-5156-5948-a068-23595cb767b1,36320144-c18a-529f-a816-cc971ef7ad67,e061e8a7-9bcb-58cf-af33-75d1bd185110,23,25,ይህንም ትእዛዝ እግዚአብሔር በነቢያቱ እጅ አዝዞአልና እንደ ዳዊትና እንደ ንጉሡ ባለ ራእይ እንደ ጋድ፥ እንደ ነቢዩም እንደ ናታን ትእዛዝ፥ ጸናጽልና በገና፥ መሰንቆም አስይዞ ሌዋውያንን በእግዚአብሔር ፊት አቆመ።
2aca16d4-0b30-579c-ae0d-c20946020fc2,36320144-c18a-529f-a816-cc971ef7ad67,e061e8a7-9bcb-58cf-af33-75d1bd185110,24,26,ሌዋውያንም የዳዊትን የዜማ ዕቃ ይዘው፥ ካህናቱም መለከቱን ይዘው ቆመው ነበር።
98af187f-58c4-5eab-a252-149fd56d9929,36320144-c18a-529f-a816-cc971ef7ad67,e061e8a7-9bcb-58cf-af33-75d1bd185110,25,27,ሕዝቅያስም፥ “የሚቃጠለውን መሥዋዕት በመሠዊያው ላይ አሳርጉ” አለ፤ የሚቃጠለውንም መሥዋዕት ማሳረግ በተጀመረ ጊዜ የእግዚአብሔር መዝሙር ደግሞ ተጀመረ፤ መለከቱም ተነፋ፤ የእስራኤልም ንጉሥ የዳዊት ዜማ ዕቃ ተመታ።
8f09d1d2-b2b0-5981-a00a-262b33063086,36320144-c18a-529f-a816-cc971ef7ad67,e061e8a7-9bcb-58cf-af33-75d1bd185110,26,28,የሚቃጠለውም መሥዋዕት እስኪፈጸም ድረስ ጉባኤው ሁሉ ይሰግዱ ነበር፤ መዘምራኑም ይዘምሩ ነበር፤ መለከተኞችም ይነፉ ነበር።
37d4be24-2149-5fc6-ac7d-1718eae97de9,36320144-c18a-529f-a816-cc971ef7ad67,e061e8a7-9bcb-58cf-af33-75d1bd185110,27,29,ማቅረቡንም በፈጸሙ ጊዜ ንጉሡ፥ ከእርሱም ጋር የነበሩ ሁሉ አጐነበሱ፤ ሰገዱም።
4f33726e-0129-526a-a0cb-f3aa3c582906,36320144-c18a-529f-a816-cc971ef7ad67,e061e8a7-9bcb-58cf-af33-75d1bd185110,28,30,ንጉሡ ሕዝቅያስና አለቆቹም በዳዊትና በነቢዩ በአሳፍ ቃል እግዚአብሔርን ያመሰግኑ ዘንድ ሌዋውያንን አዘዙ። በደስታም አመሰገኑ፤ አጐነበሱም፤ ሰገዱም።
8cbbad54-2431-5d39-abf8-8795c6650e2d,36320144-c18a-529f-a816-cc971ef7ad67,e061e8a7-9bcb-58cf-af33-75d1bd185110,29,31,ሕዝቅያስም፥ “አሁን እጃችሁን ለእግዚአብሔር አንጽታችሁ ቅረቡ፤ መሥዋዕቱንና የምስጋናውን መሥዋዕት ወደ እግዚአብሔር ቤት አምጡ” ብሎ ተናገረ። ጉባኤውም መሥዋዕቱንና የምስጋናውን መሥዋዕት ወደ እግዚአብሔር ቤት አመጡ፤ ልባቸውም የፈቀደ ሁሉ የሚቃጠለውን መሥዋዕት አመጡ።
9a2f8dfb-fb3f-545f-af14-7245d12a5849,36320144-c18a-529f-a816-cc971ef7ad67,e061e8a7-9bcb-58cf-af33-75d1bd185110,30,32,ጉባኤውም ያመጡት የሚቃጠል መሥዋዕት ቍጥር ሰባ ወይፈን፥ መቶም አውራ በጎች፥ ሁለት መቶም የበግ ጠቦቶች ነበረ፤ ይህ ሁሉ ለእግዚአብሔር የሚቃጠል መሥዋዕት ነበረ።
1409e198-4f5d-57d7-a896-cee920bf8457,36320144-c18a-529f-a816-cc971ef7ad67,e061e8a7-9bcb-58cf-af33-75d1bd185110,31,33,የተቀደሱትም ቍጥር ስድስት መቶ በሬዎች፥ ሦስት ሺህም በጎች ነበረ።
7c24b5c8-748d-5ae1-adc8-b120e0935f51,36320144-c18a-529f-a816-cc971ef7ad67,e061e8a7-9bcb-58cf-af33-75d1bd185110,32,34,ነገር ግን ካህናቱ ጥቂቶች ነበሩና የሚቃጠለውን መሥዋዕት ለመግፈፍ አይችሉም ነበር፤ ስለዚህም ሌዋውያን በቅን ልብ ከካህናት ይልቅ ይቀደሱ ነበርና ሥራው እስኪፈጸም ድረስ፥ ካህናቱም እስኪቀደሱ ድረስ ወንድሞቻቸው ሌዋውያን ያግዙአቸው ነበር።
06abdbb7-e6eb-5eec-a54b-4067638422f4,36320144-c18a-529f-a816-cc971ef7ad67,e061e8a7-9bcb-58cf-af33-75d1bd185110,33,35,የሚቃጠለውም መሥዋዕት ከደኅንነቱ መሥዋዕት ስብና ለሚቃጠለውም መሥዋዕት ከሚቀርበው የመጠጥ ቍርባን ጋር ብዙ ነበረ። እንዲሁም የእግዚአብሔር ቤት አገልግሎት ተዘጋጀ።
a8bc25e2-80d4-5b4d-a0ac-61bbb56996b1,36320144-c18a-529f-a816-cc971ef7ad67,e061e8a7-9bcb-58cf-af33-75d1bd185110,34,36,ሕዝቅያስና ሕዝቡም ሁሉ እግዚአብሔር ለሕዝቡ ስላዘጋጀው ነገር ደስ አላቸው። ይህ ነገር በድንገት ተደርጎአልና።
be468d4f-6bd9-56c4-a838-ba4c278e8355,ca3dd8a1-b61c-5e6b-a57d-d7577d058216,1d5c2490-ea38-5dec-ac1b-824580d9754f,1,1,ለእስራኤልም አምላክ ለእግዚአብሔር ፋሲካ ያደርጉ ዘንድ ወደ እግዚአብሔር ቤት ወደ ኢየሩሳሌም እንዲመጡ ሕዝቅያስ ወደ እስራኤልና ወደ ይሁዳ ሁሉ ላከ፤ ደግሞም ወደ ኤፍሬምና ወደ ምናሴ ደብዳቤዎችን ጻፈ።
f48ed717-0b63-5ba1-a132-b6f74936504c,ca3dd8a1-b61c-5e6b-a57d-d7577d058216,1d5c2490-ea38-5dec-ac1b-824580d9754f,2,2,ንጉሡና አለቆቹ በኢየሩሳሌምም ያለ የእስራኤል ጉባኤ ሁሉ በሁለተኛው ወር ፋሲካውን ያደርጉ ዘንድ ተማከሩ።
36948cb0-2dc8-5077-a905-49504b9a2c6e,ca3dd8a1-b61c-5e6b-a57d-d7577d058216,1d5c2490-ea38-5dec-ac1b-824580d9754f,3,3,ካህናቱ በሚበቃ ቍጥር ስላልተቀደሱ፥ ሕዝቡም ገና በኢየሩሳሌም ስላልተሰበሰቡ በጊዜው ያደርጉት ዘንድ አልቻሉም ነበርና።
0d2e1777-e42d-5619-a1a7-8d4a29adc143,ca3dd8a1-b61c-5e6b-a57d-d7577d058216,1d5c2490-ea38-5dec-ac1b-824580d9754f,4,4,ነገሩም ንጉሡንና ጉባኤውን ሁሉ ደስ የሚያሰኝ ሆነ።
ed8f47bf-fc34-52c1-a355-edce5f2798ea,ca3dd8a1-b61c-5e6b-a57d-d7577d058216,1d5c2490-ea38-5dec-ac1b-824580d9754f,5,5,እንደ ተጻፈም ብዙዎቹ አላደረጉትም ነበርና የእስራኤልን አምላክ የእግዚአብሔርን ፋሲካ በኢየሩሳሌም ያደርጉ ዘንድ እንዲመጡ ከቤርሳቤህ ጀምሮ እስከ ዳን ድረስ ለእስራኤል ሁሉ አዋጅ እንዲነገር ወሰኑ።
889e2c35-6b55-5fa8-a706-8425d9c24ee2,ca3dd8a1-b61c-5e6b-a57d-d7577d058216,1d5c2490-ea38-5dec-ac1b-824580d9754f,6,6,እንደ ንጉሡም ትእዛዝ መልእክተኞቹ እንዲህ የሚለውን የንጉሡንና የአለቆቹን ደብዳቤ ይዘው ወደ እስራኤልና ወደ ይሁዳ ሁሉ ፈጥነው ሄዱ፥ “የእስራኤል ልጆች ሆይ፥ እግዚአብሔር ከአሦር ንጉሥ እጅ ወዳመለጠ ቅሬታችሁ እንዲመለስ ወደ አብርሃምና ወደ ይስሐቅ ወደ ያዕቆብም አምላክ ወደ እግዚአብሔር ተመለሱ።
c3c23762-6848-5cf3-a90a-09a3a68ff166,ca3dd8a1-b61c-5e6b-a57d-d7577d058216,1d5c2490-ea38-5dec-ac1b-824580d9754f,7,7,እናንተም እንደምታዩ የአባቶቻቸውን አምላክ እግዚአብሔርን እንደ በደሉ፥ ለጥፋትም እንደ ሰጣቸው እንደ አባቶቻችሁና እንደ ወንድሞቻችሁ አትሁኑ።
f20ba969-e2c5-53d8-a2a4-660e0fd5915e,ca3dd8a1-b61c-5e6b-a57d-d7577d058216,1d5c2490-ea38-5dec-ac1b-824580d9754f,8,8,አሁንም እንደ አባቶቻችሁ አንገታችሁን አታደንድኑ፤ ለአምላካችሁ ለእግዚአብሔር ምስጋና ስጡ፤ ለዘለዓለምም ወደ ተቀደሰው ወደ መቅደሱ ግቡ፤ ጽኑ ቍጣውንም ከእናንተ እንዲመልስ ለአምላካችሁ ለእግዚአብሔር ተገዙ።
2efe9586-b0b1-59ae-a084-1c6a89c65687,ca3dd8a1-b61c-5e6b-a57d-d7577d058216,1d5c2490-ea38-5dec-ac1b-824580d9754f,9,9,አምላካችሁ እግዚአብሔር ቸርና መሓሪ ነውና፥ ወደ እርሱም ብንመለስ ፊቱን ከእኛ አያዞርምና ወደ እግዚአብሔር ብትመለሱ ወንድሞቻችሁና ልጆቻችሁ በማረኩአቸው ፊት ምሕረትን ያገኛሉ፤ ደግሞም ወደዚህች ምድር ይመልሳቸዋል።”
d3a4d09a-f663-5d65-acb4-9d7256d7f143,ca3dd8a1-b61c-5e6b-a57d-d7577d058216,1d5c2490-ea38-5dec-ac1b-824580d9754f,10,10,መልእክተኞቹም ከከተማ ወደ ከተማ በኤፍሬምና በምናሴ ሀገር እስከ ዛብሎን ሄዱ፤ እነዚያ ግን በንቀት ሳቁባቸው፤ አፌዙባቸውም።
994a6105-31f3-5551-aeda-f6f5f9de7fc8,ca3dd8a1-b61c-5e6b-a57d-d7577d058216,1d5c2490-ea38-5dec-ac1b-824580d9754f,11,11,ነገር ግን ከአሴርና ከምናሴ፥ ከዛብሎንም አያሌ ሰዎች ሰውነታቸውን አዋረዱ፤ ወደ ኢየሩሳሌምም መጡ።
ddc9a035-3e10-5fba-a7dd-18e924053f67,ca3dd8a1-b61c-5e6b-a57d-d7577d058216,1d5c2490-ea38-5dec-ac1b-824580d9754f,12,12,ደግሞም አንድ ልብ ይሰጣቸው ዘንድ፥ በእግዚአብሔርም ቃል የሆነውን የንጉሡንና የአለቆቹን ትእዛዝ ያደርጉ ዘንድ የእግዚአብሔር እጅ በእነርሱ ላይ ሆነ።
465c9f7e-0adc-5075-a442-3cdbf5e9ca50,ca3dd8a1-b61c-5e6b-a57d-d7577d058216,1d5c2490-ea38-5dec-ac1b-824580d9754f,13,13,በሁለተኛውም ወር የቂጣውን በዓል ያደርጉ ዘንድ በኢየሩሳሌም ብዙ ሕዝብ ተሰበሰቡ፤ እጅግም ታላቅ ጉባኤ ነበረ።
34152c80-596a-589d-ab0a-ff97256c0c50,ca3dd8a1-b61c-5e6b-a57d-d7577d058216,1d5c2490-ea38-5dec-ac1b-824580d9754f,14,14,ተነሥተውም በኢየሩሳሌም የነበሩትን መሠዊያዎችና ለጣዖታት የሚያጥኑበትን ዕቃ ሁሉ አስወገዱ፤ በቄድሮንም ወንዝ ጣሉት።
28383116-d753-5d95-a07e-95b9448777ec,ca3dd8a1-b61c-5e6b-a57d-d7577d058216,1d5c2490-ea38-5dec-ac1b-824580d9754f,15,15,በሁለተኛውም ወር በዐሥራ አራተኛው ቀን የፋሲካውን በግ አረዱ፤ ካህናቱና ሌዋውያኑም ተዘጋጁ ነጹም። ወደ እግዚአብሔርም ቤት የሚቃጠል መሥዋዕት አመጡ።
18a848bb-71f8-5149-a2ab-cd936732ff7c,ca3dd8a1-b61c-5e6b-a57d-d7577d058216,1d5c2490-ea38-5dec-ac1b-824580d9754f,16,16,እንደ እግዚአብሔርም ሰው እንደ ሙሴ ሕግ በቦታቸውና በሥርዐታቸው ቆሙ፤ ካህናቱም ከሌዋውያን እጅ የተቀበሉትን ደም ይረጩ ነበር።
06fd1b95-58eb-5842-a3e8-7b98e516da29,ca3dd8a1-b61c-5e6b-a57d-d7577d058216,1d5c2490-ea38-5dec-ac1b-824580d9754f,17,17,በጉባኤውም ያልነጹ ብዙ ሰዎች ነበሩ፤ ስለዚህም ሌዋውያን ለእግዚአብሔር ራሳቸውን ላላነጹት ሁሉ የፋሲካውን በግ ያርዱላቸው ነበር።
0bcda006-3bf0-5eaa-abdb-648791c15e71,ca3dd8a1-b61c-5e6b-a57d-d7577d058216,1d5c2490-ea38-5dec-ac1b-824580d9754f,18,18,እንደ ትእዛዙም ሳይሆን ከኤፍሬምና ከምናሴ፥ ከይሳኮርና ከዛብሎንም ወገን እጅግ ሰዎች ሳይነጹ ፋሲካውን በሉ።
44e90853-f36f-52d5-a4bb-ef79d311eeed,ca3dd8a1-b61c-5e6b-a57d-d7577d058216,1d5c2490-ea38-5dec-ac1b-824580d9754f,19,19,ሕዝቅያስም ስለ እነርሱ እንዲህ ሲል ጸለየ፥ “ምንም እንደ መቅደሱ ማንጻት ባይነጻ የአባቶቻቸውን አምላክ እግዚአብሔርን ለመፈለግ ልቡን የሚያቀናውን ሁሉ ቸሩ እግዚአብሔር ይቅር ይበለው።”
89ae452c-0e71-506c-a358-f8f6b340008e,ca3dd8a1-b61c-5e6b-a57d-d7577d058216,1d5c2490-ea38-5dec-ac1b-824580d9754f,20,20,እግዚአብሔርም ሕዝቅያስን ሰማው፤ ሕዝቡንም አዳናቸው።
5471e5c7-1fec-5b53-aa21-7b780731da61,ca3dd8a1-b61c-5e6b-a57d-d7577d058216,1d5c2490-ea38-5dec-ac1b-824580d9754f,21,21,በኢየሩሳሌምም ተገኝተው የነበሩ የእስራኤል ልጆች በየቀኑ እግዚአብሔርን እያመሰገኑ የቂጣውን በዓል በታላቅ ደስታ ሰባት ቀን አደረጉ፤ ሌዋውያኑና ካህናቱም በዜማ ዕቃ እግዚአብሔርን ያመሰግኑ ነበር።
0d2fb9b8-3021-5f29-af69-f540aca1b9c6,ca3dd8a1-b61c-5e6b-a57d-d7577d058216,1d5c2490-ea38-5dec-ac1b-824580d9754f,22,22,ሕዝቅያስም በእግዚአብሔር አገልግሎት አስተዋዮች የነበሩትን ሌዋውያንን ሁሉ ያጽናና ነበር። የደኅንነትም መሥዋዕት እያቀረቡ፥ የአባቶቻቸውንም አምላክ እያመሰገኑ ሰባት ቀን በዓል አደረጉ።
03bb12d5-ab30-52d7-a0f6-5c4b10f8d92a,ca3dd8a1-b61c-5e6b-a57d-d7577d058216,1d5c2490-ea38-5dec-ac1b-824580d9754f,23,23,ጉባኤው ሁሉ እንደ ገና ሰባት ቀን በዓል ያደርጉ ዘንድ ተማከሩ፤ በደስታም እንደ ገና ሰባት ቀን በዓል አደረጉ።
db747878-f32d-5eb9-ae01-c90d71a5d2a6,ca3dd8a1-b61c-5e6b-a57d-d7577d058216,1d5c2490-ea38-5dec-ac1b-824580d9754f,24,24,ንጉሡ ሕዝቅያስም ስለ ቍርባን ሺህ ወይፈኖችንና ሰባት ሺህ በጎችን ለይሁዳና ለጉባኤው ሰጥቶ ነበር፤ አለቆቹም ሺህ ወይፈኖችንና ዐሥር ሺህ በጎችን ለጉባኤው ሰጥተው ነበር፤ ከካህናቱ እጅግ ብዙ ተቀድሰው ነበርና።
4ac97383-4134-59fc-a17c-15b096f3c88f,ca3dd8a1-b61c-5e6b-a57d-d7577d058216,1d5c2490-ea38-5dec-ac1b-824580d9754f,25,25,የይሁዳም ጉባኤ ሁሉ ፥ ካህናቱና ሌዋውያኑ፥ ከእስራኤልም የመጡ ጉባኤ ሁሉ፥ ከእስራኤልም ሀገር የመጡትና በይሁዳ የኖሩት እንግዶች ደስ አላቸው።
7a5f4711-6e6c-5c9f-af7a-ce8be38a225c,ca3dd8a1-b61c-5e6b-a57d-d7577d058216,1d5c2490-ea38-5dec-ac1b-824580d9754f,26,26,በኢየሩሳሌምም ታላቅ ደስታ ሆነ፤ ከእስራኤል ንጉሥ ከዳዊት ልጅ ከንጉሥ ሰሎሞን ዘመን ጀምሮ እንደዚህ ያለ በዓል በኢየሩሳሌም አልተደረገም ነበር።
a5c03421-2ed6-5e7e-a0a7-2199c8a5e8d4,ca3dd8a1-b61c-5e6b-a57d-d7577d058216,1d5c2490-ea38-5dec-ac1b-824580d9754f,27,27,ካህናቱና ሌዋውያኑም ተነሥተው ሕዝቡን ባረኩ፤ ድምፃቸውም ተሰማ፥ ጸሎታቸውም ወደ ቅዱስ ማደሪያው ወደ ሰማይ ዐረገ።
1a394559-894f-59a6-a052-d96a1de04e23,32496554-42ee-54a8-a117-118cfabcdec1,10a4842a-b1cb-58e6-a390-40725f217c7c,1,1,ይህም ሁሉ በተፈጸመ ጊዜ በይሁዳ ከተሞች የተገኙ እስራኤል ሁሉ ወጥተው ዐምዶቹን ሰበሩ፤ ዐፀዶችንም ኮረብታዎችንም አፈረሱ፤ መሠዊያውንም አጠፉ። በይሁዳና በብንያምም ሁሉ ደግሞም በኤፍሬምና በምናሴ የነበሩትን ፈጽመው እስከ ዘለዓለሙ አጠፉአቸው። የእስራኤልም ልጆች ሁሉ ወደ ርስታቸውና ወደ ከተሞቻቸው ተመለሱ።
30644c1c-4af1-515a-a320-1d147af2f453,32496554-42ee-54a8-a117-118cfabcdec1,10a4842a-b1cb-58e6-a390-40725f217c7c,2,2,ሕዝቅያስም የካህናትንና የሌዋውያንን ሰሞን በየክፍላቸውና በየአገልግሎታቸው፥ በእግዚአብሔር ቤት አደባባይ በሮች የሚቃጠለውን መሥዋዕትና የደኅንነቱን መሥዋዕት ያቀርቡና ያገለግሉ ዘንድ፥ ያመሰግኑም፥ ያከብሩም ዘንድ ካህናቱንና ሌዋውያኑን መደበ።
fc023582-a6d9-537a-ae6d-f5d002f8321e,32496554-42ee-54a8-a117-118cfabcdec1,10a4842a-b1cb-58e6-a390-40725f217c7c,3,3,በእግዚአብሔርም ሕግ እንደ ተጻፈ በጥዋትና በማታ በሰንበታቱም፥ በመባቻዎቹም፥ በበዓላትም ለሚቀርበው ለሚቃጠለው መሥዋዕት ንጉሡ ከገንዘቡ የሚከፍለውን ወሰነ።
4cdd9e52-3ac7-5470-a477-844bd24c90e0,32496554-42ee-54a8-a117-118cfabcdec1,10a4842a-b1cb-58e6-a390-40725f217c7c,4,4,በእግዚአብሔርም ቤት ለአገልግሎት እንዲጸኑ ለካህናቱና ለሌዋውያን ድርሻቸውን ይሰጡ ዘንድ በኢየሩሳሌም የሚኖሩትን ሕዝብ አዘዘ።
0c1c85da-07a4-5146-a366-1b31ec5a31e1,32496554-42ee-54a8-a117-118cfabcdec1,10a4842a-b1cb-58e6-a390-40725f217c7c,5,5,ይህንም ነገር እንዳዘዘ የእስራኤል ልጆች የእህሉንና የወይኑን፥ የዘይቱንና የማሩንም፥ የእርሻውንም ፍሬ መጀመሪያ ሁሉ ሰጡ፤ የሁሉንም ዐሥራት አብዝተው አቀረቡ።
e5d74f5a-d675-5253-a44e-a11518904980,32496554-42ee-54a8-a117-118cfabcdec1,10a4842a-b1cb-58e6-a390-40725f217c7c,6,6,በይሁዳም ከተሞች የሚኖሩ የእስራኤልና የይሁዳ ልጆች የበሬዉንና የበጉን፥ የፍየሉንም ዐሥራት አመጡ፤ ለአምላካቸው ለእግዚአብሔርም ቀደሱት፤ ከምረውም አኖሩት።
c104fed3-0c9e-50c5-a7ec-dad9011295a6,32496554-42ee-54a8-a117-118cfabcdec1,10a4842a-b1cb-58e6-a390-40725f217c7c,7,7,በሦስተኛውም ወር መከመር ጀመሩ፤ በሰባተኛውም ወር ጨረሱ።
c9982051-fc49-5891-a842-e7081178f7c1,32496554-42ee-54a8-a117-118cfabcdec1,10a4842a-b1cb-58e6-a390-40725f217c7c,8,8,ሕዝቅያስና አለቆቹም መጥተው ክምሩን ባዩ ጊዜ እግዚአብሔርን አመሰገኑ። ሕዝቡን እስራኤልንም ባረኩ።
29d48552-4e69-5cbd-a170-b36c5d2dd3f8,32496554-42ee-54a8-a117-118cfabcdec1,10a4842a-b1cb-58e6-a390-40725f217c7c,9,9,ሕዝቅያስም ካህናቱንና ሌዋውያኑን ስለ ክምሩ ጠየቀ።
65572166-27af-5464-a0f6-a51d75c9232d,32496554-42ee-54a8-a117-118cfabcdec1,10a4842a-b1cb-58e6-a390-40725f217c7c,10,10,ከሳዶቅም ወገን የሆነ ታላቁ ካህን ዓዛርያስ፥ “ሕዝቡ መባውን ወደ እግዚአብሔር ፊት ማቅረብ ከጀመረ ወዲህ በልተናል፤ ጠጥተናልም፤ ጠግበናልም፤ እግዚአብሔርም ሕዝቡን ባርኮአልና ብዙ ተርፎአል፤ ከዚህም ገና ብዙ ተረፈ” ብሎ ተናገረ።
c4f53a8d-5225-5f48-abba-b6885a675cf9,32496554-42ee-54a8-a117-118cfabcdec1,10a4842a-b1cb-58e6-a390-40725f217c7c,11,11,ሕዝቅያስም ለእግዚአብሔር ቤት ጎተራ ያዘጋጁ ዘንድ አዘዘ፤ እነርሱም አዘጋጁ።
634d5e15-adb1-57e9-ab3f-5a370e464c3c,32496554-42ee-54a8-a117-118cfabcdec1,10a4842a-b1cb-58e6-a390-40725f217c7c,12,12,መባኡንና ዐሥራቱን፥ የተቀደሱትንም በእምነት ወደዚያ አገቡ። ሌዋዊውም ኮክንያስ ተሾመባቸው፥ ወንድሙም ሰሜኢ በማዕርግ ሁለተኛ ነበረ፤
dedeab2c-cf54-5069-a191-fc81de8dbd5c,32496554-42ee-54a8-a117-118cfabcdec1,10a4842a-b1cb-58e6-a390-40725f217c7c,13,13,ንጉሡም ሕዝቅያስና የእግዚአብሔር ቤት አለቃ ዓዛርያስ እንደ አዘዙ ኢዮኤል፥ ዓዛዝያ፥ አናኤት፥ ኡሳሄል፥ ኢያሪሞት፥ ኢዮዛብድ፥ ኤልሄል፥ ሰማኪያ፥ መሐት፥ በናያስና ልጆቹ፥ ከኮክንያስና ከወንድሙ ከሰሜኢ እጅ በታች ተቈጣጣሪዎች ነበሩ።
c4e689cf-d6c7-5f2e-a036-f9fce4fee6bc,32496554-42ee-54a8-a117-118cfabcdec1,10a4842a-b1cb-58e6-a390-40725f217c7c,14,14,የሌዋዊውም የይምላእ ልጅ የምሥራቁ ደጅ በረኛ ቆሬ የእግዚአብሔርን መባና የተቀደሱትን ነገሮች እንዲያካፍል ሕዝቡ በፈቃዳቸው ለእግዚአብሔር በአቀረቡት ላይ ተሾመ።
e7c8c34d-8339-57f1-acea-2b04deed70fe,32496554-42ee-54a8-a117-118cfabcdec1,10a4842a-b1cb-58e6-a390-40725f217c7c,15,15,በካህናቱም ከተሞች ለታላላቆችና ለታናናሾች ወንድሞቻቸው በየሰሞናቸው ክፍላቸውን በእምነት ይሰጡ ዘንድ ኤዶም፥ ብንያስ፥ ኢያሱ፥ ሴሚ፥ አማርያ፥ ኮክንያስ ከእጁ በታች ነበሩ።
ceedfa0e-6aab-5bd6-a026-3049f42e7504,32496554-42ee-54a8-a117-118cfabcdec1,10a4842a-b1cb-58e6-a390-40725f217c7c,16,16,ከሦስትም ዓመት ወደ ላይ ላሉ በየሰሞናቸው ለሥራቸውና ለአገልግሎታቸው ዕለት ዕለት ወደ እግዚአብሔር ቤት ለሚገቡ ወንዶች ሁሉ፥
3560fedc-f4c4-53c1-a71d-5b7bab2b62e6,32496554-42ee-54a8-a117-118cfabcdec1,10a4842a-b1cb-58e6-a390-40725f217c7c,17,17,በየአባቶቻቸውም ቤት ለተቈጠሩ ካህናት፥ ከሃያ ዓመትም ወደ ላይ ላሉ በየሥርዐታቸውና በየሰሞናቸው ለተቈጠሩ ሌዋውያን፥
c00e41ce-49ff-5493-adf0-4926ff44d969,32496554-42ee-54a8-a117-118cfabcdec1,10a4842a-b1cb-58e6-a390-40725f217c7c,18,18,በማኅበራቸውም ሁሉ በየትውልዳቸው ለተቈጠሩ ለሚስቶቻቸው፥ ለወንዶችና ለሴቶች ልጆቻቸውም ይሰጡ ነበር፤ በእምነት ፈጽመው ተቀድሰዋልና።
c27fb393-0401-5c19-a76f-36133a2ea1c7,32496554-42ee-54a8-a117-118cfabcdec1,10a4842a-b1cb-58e6-a390-40725f217c7c,19,19,ክህነት ለሚገባቸው ለአሮን ልጆች ለካህናቱ፥ በከተሞቻቸውም ዙሪያ ባሉ መሰማሪያዎችና በሌሎችም ከተሞች ላሉ ለወንዶች ሁሉ፥ ከሌዋውያን ጋራ ለተቈጠሩ ሰዎችም ሁሉ ከፍለው ይሰጡ ዘንድ በስም የተጠሩ ሰዎች ነበሩ።
b55f6c53-7831-53f9-a993-9139ff874f74,32496554-42ee-54a8-a117-118cfabcdec1,10a4842a-b1cb-58e6-a390-40725f217c7c,20,20,ሕዝቅያስም በይሁዳ ሁሉ እንዲህ አደረገ፤ በአምላኩም በእግዚአብሔር ፊት መልካምንና ቅን ነገርን እውነትንም አደረገ።
b8aa5c13-6ff8-5ebc-a4ca-5bff8f0dc466,32496554-42ee-54a8-a117-118cfabcdec1,10a4842a-b1cb-58e6-a390-40725f217c7c,21,21,ስለ እግዚአብሔርም ቤት አገልግሎት በጀመረው ሥራ ሁሉ፥ በሕጉና በትእዛዙም አምላኩን እግዚአብሔርን በፍጹም ልቡ ፈለገው፤ ሥራውም ሁሉ ተከናወነለት።
77aca90c-4318-5595-abe3-3498497c7044,0f1c82eb-cd5b-5507-ad7a-fa9ffe642640,7cbddba0-5aab-5af4-a3ef-ac9af3c623e5,1,1,ከእነዚህም ነገሮችና ከዚህ እውነት በኋላ የአሦር ንጉሥ ሰናክሬም መጥቶ ወደ ይሁዳ ገባ፤ በተመሸጉትም ከተሞች ፊት ሰፈረ፤ ሊወስዳቸውም አሰበ።
d899b35f-81dc-54ed-a455-14391ad2fdf1,0f1c82eb-cd5b-5507-ad7a-fa9ffe642640,7cbddba0-5aab-5af4-a3ef-ac9af3c623e5,2,2,ሕዝቅያስም ሰናክሬም እንደ መጣ፥ ኢየሩሳሌምንም ሊወጋ ፊቱን እንዳቀና አየ፤
2741b16d-c35b-585a-a9f8-4ea8b750bf0c,0f1c82eb-cd5b-5507-ad7a-fa9ffe642640,7cbddba0-5aab-5af4-a3ef-ac9af3c623e5,3,3,ከከተማዪቱ በስተውጭ ያለውን የውኃውን ምንጭ ይደፍኑ ዘንድ ከአለቆቹና ከኀያላኑ ጋር ተማከረ፤ እነርሱም ምክሩን ወደዱ።
d03987ee-a338-5c01-ab3a-ee31b0a13104,0f1c82eb-cd5b-5507-ad7a-fa9ffe642640,7cbddba0-5aab-5af4-a3ef-ac9af3c623e5,4,4,ብዙ ሰዎችንም ሰበሰበ፥ “የአሦርም ንጉሥ እንዳይመጣና ብዙ ውኃ አግኝቶ እንዳይጠነክር” ብሎ የውኃ ምንጮችንና በከተማዪቱ የሚፈስሱትን ወንዞች ደፈነ።
20e53604-01e8-53df-ab65-1261cf3bfad9,0f1c82eb-cd5b-5507-ad7a-fa9ffe642640,7cbddba0-5aab-5af4-a3ef-ac9af3c623e5,5,5,ሕዝቅያስም ሰውነቱን አጽናና፤ የፈረሰውንም ቅጥር ሁሉ ጠገነ፤ በላዩም ግንብ ሠራበት፤ ከእርሱም በስተውጭ ሌላ ቅጥር ሠራ፤ ወደ ዳዊትም ከተማ የሚያወጣውን በር አጠነከረ፤ ብዙም መሣሪያና ጋሻ አዘጋጀ።
0b7be6ec-1b93-5bbb-a7b9-c912ddc48fd2,0f1c82eb-cd5b-5507-ad7a-fa9ffe642640,7cbddba0-5aab-5af4-a3ef-ac9af3c623e5,6,6,የጦር አለቆቹንም በሕዝቡ ላይ ሾመ፤ ሁሉንም በሸለቆው በኩል ባለው በከተማዪቱ በር አደባባይ ወደ እርሱ ሰበሰበ፤ እንዲህም ብሎ ልባቸውን አጸና፦
f1ef5316-3e88-5725-acee-1d34d5baf6f2,0f1c82eb-cd5b-5507-ad7a-fa9ffe642640,7cbddba0-5aab-5af4-a3ef-ac9af3c623e5,7,7,“ጽኑ፥ አይዞአችሁ፤ ከእኛ ጋር ያለው ከእርሱ ጋር ካለው ይበልጣልና ከአሦር ንጉሥና ከእርሱ ጋር ካለው ጭፍራ ሁሉ የተነሣ አትፍሩ፤ አትደንግጡም።
41fad03c-8e4b-5b1a-a901-d9ba58435db2,0f1c82eb-cd5b-5507-ad7a-fa9ffe642640,7cbddba0-5aab-5af4-a3ef-ac9af3c623e5,8,8,ከእርሱ ጋር የሥጋ ክንድ ነው፤ ከእኛ ጋር ያለው ግን የሚረዳን የሚዋጋልንም አምላካችን እግዚአብሔር ነው።” ሕዝቡም በይሁዳ ንጉሥ በሕዝቅያስ ቃል ተጽናና።
4d7a968f-9532-59a1-ad68-275b543ceadc,0f1c82eb-cd5b-5507-ad7a-fa9ffe642640,7cbddba0-5aab-5af4-a3ef-ac9af3c623e5,9,9,ከዚህም በኋላ የአሦር ንጉሥ ሰናክሬም ከሠራዊቱ ሁሉ ጋር በለኪሶ ፊት ሳለ ባሪያዎቹን ወደ ኢየሩሳሌም ወደ ይሁዳ ንጉሥ ወደ ሕዝቅያስና በኢየሩሳሌም ወደ ነበሩ ወደ ይሁዳ ሕዝብ ሁሉ እንዲህ ሲል ላከ፦
53dd3b04-2706-5c60-acb1-8753556a9d34,0f1c82eb-cd5b-5507-ad7a-fa9ffe642640,7cbddba0-5aab-5af4-a3ef-ac9af3c623e5,10,10,“የአሦር ንጉሥ ሰናክሬም እንዲህ ይላል፦ እናንተ በማን ተማምናችሁ በኢየሩሳሌም ምሽግ ትቀመጣላችሁ?
ad9e8e96-b937-5379-ac07-b2926ba27c5d,0f1c82eb-cd5b-5507-ad7a-fa9ffe642640,7cbddba0-5aab-5af4-a3ef-ac9af3c623e5,11,11,አምላካችን እግዚአብሔር ከአሦር ንጉሥ እጅ ያድነናል እያለ ለራብ፥ ለጥምና ለሞት አሳልፎ ይሰጣችሁ ዘንድ የሚያሳስታችሁ ሕዝቅያስ አይደለምን?
eca9fbf3-6fac-5d94-a82e-50740d60fd58,0f1c82eb-cd5b-5507-ad7a-fa9ffe642640,7cbddba0-5aab-5af4-a3ef-ac9af3c623e5,12,12,በዚህ መሠዊያ ፊት ስገዱ፤ በእርሱም ላይ ዕጠኑ፤ እያለ የይሁዳን ሕዝብና የኢየሩሳሌምን ነዋሪዎች አዝዞ፥ የኮረብታውን መስገጃዎችና መሠዊያዎቹን ያፈረሰ ይህ ሕዝቅያስ አይደለምን?
e4f2d17d-7636-5e17-a11b-ed6d8dd59535,0f1c82eb-cd5b-5507-ad7a-fa9ffe642640,7cbddba0-5aab-5af4-a3ef-ac9af3c623e5,13,13,እኔና አባቶች በምድር አሕዛብ ሁሉ ያደረግነውን አላወቃችሁምን? የምድርስ ሁሉ አሕዛብ አማልክት ሀገራቸውን ከእጄ ያድኑ ዘንድ በውኑ ተቻላቸውን?
58df5696-9bf1-5c6f-a66d-487f487dcdf9,0f1c82eb-cd5b-5507-ad7a-fa9ffe642640,7cbddba0-5aab-5af4-a3ef-ac9af3c623e5,14,14,አምላካችሁስ ከእጄ እናንተን ለማዳን ይችል ዘንድ አባቶች ካጠፉአቸው ከአሕዛብ አማልክት ሁሉ ሕዝቡን ከእጄ ያድን ዘንድ የቻለ ማን ነው?
4cf60c61-6b36-56b9-a3e9-5d2309e34bb7,0f1c82eb-cd5b-5507-ad7a-fa9ffe642640,7cbddba0-5aab-5af4-a3ef-ac9af3c623e5,15,15,አሁንም ሕዝቅያስ አያስታችሁ፤ በእነዚህም ቃላት እንድትተማመኑ አያድርጋችሁ፤ አትመኑትም፤ ከአሕዛብና ከመንግሥታት አማልክት ሁሉ ሕዝቡን ከእጄና ከአባቶች እጅ ያድን ዘንድ ማንም አልቻለም፤ ስለዚህም አምላካችሁ ከእጄ ያድናችሁ ዘንድ አይችልም።”
0975781f-94ec-5880-a099-089e602d59fb,0f1c82eb-cd5b-5507-ad7a-fa9ffe642640,7cbddba0-5aab-5af4-a3ef-ac9af3c623e5,16,16,ባሪያዎቹም ደግሞ በአምላክ በእግዚአብሔርና በባሪያው በሕዝቅያስ ላይ ሌላ ብዙ ነገር ተናገሩ።
912d3a4a-5df4-5977-ab23-2fb1dcf372ce,0f1c82eb-cd5b-5507-ad7a-fa9ffe642640,7cbddba0-5aab-5af4-a3ef-ac9af3c623e5,17,17,ደግሞም የእስራኤልን አምላክ እግዚአብሔርን እየተገዳደረ በእርሱም ላይ እየተናገረ፥ “የምድር አሕዛብ አማልክት ሕዝባቸውን ከእጄ ያድኑ ዘንድ እንዳልቻሉ፥ እንዲሁ የሕዝቅያስ አምላክ ሕዝቡን ከእጄ ያድን ዘንድ አይችልም” የሚል ደብዳቤ ጻፈ።
1d934670-2ce9-5a44-a94e-738d40edbbae,0f1c82eb-cd5b-5507-ad7a-fa9ffe642640,7cbddba0-5aab-5af4-a3ef-ac9af3c623e5,18,18,ቅጥሩን እንዲያፈርሱ ከተማዪቱንም እንዲወስዱ፥ በቅጥር ላይ የተቀመጡትን የኢየሩሳሌምን ሕዝብ ያስፈራቸውና ያስደነግጣቸው ዘንድ በታላቅ ድምፅ በዕብራይስጥ ቋንቋ ይጮኽባቸው ነበር።
ccb36c25-9b2e-5811-a778-f16a1660c695,0f1c82eb-cd5b-5507-ad7a-fa9ffe642640,7cbddba0-5aab-5af4-a3ef-ac9af3c623e5,19,19,በሰውም እጅ በተሠሩ በምድር አሕዛብ አማልክት ላይ እንደሚናገር መጠን በኢየሩሳሌም አምላክ ላይ ተናገረ።
c9907453-5305-5182-a1ad-3125a3cd01a0,0f1c82eb-cd5b-5507-ad7a-fa9ffe642640,7cbddba0-5aab-5af4-a3ef-ac9af3c623e5,20,20,ንጉሡ ሕዝቅያስና የአሞጽ ልጅ ነቢዩ ኢሳይያስ ስለዚህ ተግዳሮት ጸለዩ፤ ወደ ሰማይም ጮኹ።
3debc2b6-ae62-5b92-a2f9-4bc623b3d56e,0f1c82eb-cd5b-5507-ad7a-fa9ffe642640,7cbddba0-5aab-5af4-a3ef-ac9af3c623e5,21,21,እግዚአብሔርም መልአኩን ላከ፤ እርሱም ጽኑዓን ኀያላኑንና መሳፍንቱን አለቆቹንም ከአሦር ንጉሥ ሰፈር አጠፋ። የአሦርም ንጉሥ አፍሮ ወደ ሀገሩ ተመለሰ። ወደ አምላኩም ቤት በገባ ጊዜ ከወገቡ የወጡት ልጆቹ በዚያ በሰይፍ ገደሉት።
090e3ac8-9ec5-57bd-a1cf-d7bd36414a9d,0f1c82eb-cd5b-5507-ad7a-fa9ffe642640,7cbddba0-5aab-5af4-a3ef-ac9af3c623e5,22,22,እግዚአብሔርም ሕዝቅያስንና በኢየሩሳሌም የሚኖሩትን ከአሦር ንጉሥ ከስናክሬም እጅና ከሁሉም እጅ አዳናቸው፤ በዙሪያቸውም ካለው ሁሉ አሳረፋቸው።
4cb96aac-c950-572e-a6e9-f246638fac83,0f1c82eb-cd5b-5507-ad7a-fa9ffe642640,7cbddba0-5aab-5af4-a3ef-ac9af3c623e5,23,23,ብዙዎቹም ለእግዚአብሔር መባ ይዘው ወደ ኢየሩሳሌም ይመጡ ነበር፤ ለይሁዳም ንጉሥ ለሕዝቅያስ እጅ መንሻ ይሰጡ ነበር፤ እርሱም ከዚህ ነገር በኋላ በሕዝብ ሁሉ ፊት ከፍ ከፍ አለ።
eb463766-e5b1-5885-a021-01b315826117,0f1c82eb-cd5b-5507-ad7a-fa9ffe642640,7cbddba0-5aab-5af4-a3ef-ac9af3c623e5,24,24,በዚያም ወራት ሕዝቅያስ እስከ ሞት ድረስ ታመመ፤ ወደ እግዚአብሔርም ጸለየ፤ እርሱም ሰማው፤ ምልክትም ሰጠው።
a67ff8d1-1d92-550c-a164-00071f952bb5,0f1c82eb-cd5b-5507-ad7a-fa9ffe642640,7cbddba0-5aab-5af4-a3ef-ac9af3c623e5,25,25,ሕዝቅያስ ግን እግዚአብሔር እንደ ሰጠው ቸርነት መጠን አላደረገም፤ ልቡም ኮራ፤ ስለዚህም በእርሱና በይሁዳ፥ በኢየሩሳሌምም ላይ ቍጣ ሆነ።
27e4d2b2-9511-50d0-af80-de85dcc71d7a,0f1c82eb-cd5b-5507-ad7a-fa9ffe642640,7cbddba0-5aab-5af4-a3ef-ac9af3c623e5,26,26,ሕዝቅያስም በኢየሩሳሌም ከሚኖሩ ሰዎች ጋር ስለ ልቡ ኵራት ሰውነቱን አዋረደ፤ እግዚአብሔርም በሕዝቅያስ ዘመን ቍጣውን አላመጣባቸውም።
40471e23-ac4c-5b08-af0e-804cb5825474,0f1c82eb-cd5b-5507-ad7a-fa9ffe642640,7cbddba0-5aab-5af4-a3ef-ac9af3c623e5,27,27,ለሕዝቅያስም እጅግ ብዙ ሀብትና ክብር ነበረው፤ ለብርና ለወርቅም፥ ለከበረው ዕንቍና ለሽቱው፥ ለጋሻውና ውድ ለሆነው ዕቃ ሁሉ ግምጃ ቤቶችን ሠራ።
794ca0f9-ef4e-5e97-acaa-1ba4bcdbfe02,0f1c82eb-cd5b-5507-ad7a-fa9ffe642640,7cbddba0-5aab-5af4-a3ef-ac9af3c623e5,28,28,ለእህልና ለወይን ጠጅም ለዘይትም ዕቃ ቤቶች፥ ለልዩ ልዩም እንስሳ ጋጥ፥ ለመንጎችም በረት ሠራ።
2fa4f529-c0d9-5c4b-a7b3-f37723aa2e94,0f1c82eb-cd5b-5507-ad7a-fa9ffe642640,7cbddba0-5aab-5af4-a3ef-ac9af3c623e5,29,29,እግዚአብሔርም እጅግ ብዙ ጥሪት ሰጥቶት ነበርና ከተሞችን ለራሱ ሠራ፤ ብዙም የበግና የላም መንጋ ሰበሰበ።
1d924892-9fc8-5c53-a421-ca5e0a9187f7,0f1c82eb-cd5b-5507-ad7a-fa9ffe642640,7cbddba0-5aab-5af4-a3ef-ac9af3c623e5,30,30,ይህም ሕዝቅያስ የላይኛውን የግዮንን ውኃ ምንጭ ደፈነ፤ በዳዊትም ከተማ በምዕራብ በኩል አቅንቶ አወረደው። ሕዝቅያስም በሥራው ሁሉ ተከናወነ።
daa23693-ddba-5cc1-a6f1-a6bc075d71d9,0f1c82eb-cd5b-5507-ad7a-fa9ffe642640,7cbddba0-5aab-5af4-a3ef-ac9af3c623e5,31,31,ነገር ግን የባቢሎን መሳፍንት መልእክተኞች በሀገሩ ላይ ስለ ተደረገው ተአምራት ይጠይቁት ዘንድ ወደ እርሱ በተላኩ ጊዜ እግዚአብሔር ይፈትነውና በልቡ ያለውን ሁሉ ያውቅ ዘንድ ተወው።
6ca041a1-13ac-5d95-a49d-fc6faccc3e6a,0f1c82eb-cd5b-5507-ad7a-fa9ffe642640,7cbddba0-5aab-5af4-a3ef-ac9af3c623e5,32,32,የሕዝቅያስም የቀሩት ነገሮች፥ ቸርነቱም፥ እነሆ፥ በአሞጽ ልጅ በነቢዩ በኢሳይያስ ራእይ በይሁዳና በእስራኤልም ነገሥታት መጽሐፍ ተጽፈዋል።
d6e0700f-21da-58f1-a6db-3e0e0527b7b5,0f1c82eb-cd5b-5507-ad7a-fa9ffe642640,7cbddba0-5aab-5af4-a3ef-ac9af3c623e5,33,33,ሕዝቅያስም ከአባቶቹ ጋር አንቀላፋ፤ በዳዊትም ልጆች መቃብር በላይኛው ክፍል ቀበሩት፤ በይሁዳና በኢየሩሳሌም የሚኖሩትም ሁሉ በሞቱ አከበሩት። ልጁም ምናሴ በእርሱ ፋንታ ነገሠ።
ca38ddf2-4843-5802-a168-5476b003a4c2,c6d79554-6160-50dd-a700-e002a09bfb77,d057c5d7-6c8c-5bfe-aada-45e959d93bb1,1,1,ምናሴም መንገሥ በጀመረ ጊዜ የዐሥራ ሁለት ዓመት ልጅ ነበረ፤ በኢየሩሳሌምም አምሳ አምስት ዓመት ነገሠ።
13d4888c-0b9a-551e-a19a-d6555b51eb71,c6d79554-6160-50dd-a700-e002a09bfb77,d057c5d7-6c8c-5bfe-aada-45e959d93bb1,2,2,እግዚአብሔርም ከእስራኤል ልጆች ፊት እንዳወጣቸው እንደ አሕዛብ ያለ ርኵሰት በእግዚአብሔር ፊት ክፉ ነገርን አደረገ።
6255da8c-322c-568d-a942-6b49af15074e,c6d79554-6160-50dd-a700-e002a09bfb77,d057c5d7-6c8c-5bfe-aada-45e959d93bb1,3,3,አባቱም ሕዝቅያስ ያፈረሳቸውን የኮረብታ መስገጃዎች መልሶ ሠራ፤ ለበዓሊምም መሠዊያ ሠራ፤ የማምለኪያ ዐፀዶችንም ተከለ፤ ለሰማይም ሠራዊት ሁሉ ሰገደ፤ አመለካቸውም።
016b1e42-b790-5325-aae4-4291f5ba147f,c6d79554-6160-50dd-a700-e002a09bfb77,d057c5d7-6c8c-5bfe-aada-45e959d93bb1,4,4,እግዚአብሔርም፥ “ስሜ በኢየሩሳሌም ለዘለዓለም ይኖራል” ባለው በእግዚአብሔር ቤት የጣዖት መሠዊያዎችን ሠራ።
d3f416af-8d31-5958-a2ff-fbe84e67dc8e,c6d79554-6160-50dd-a700-e002a09bfb77,d057c5d7-6c8c-5bfe-aada-45e959d93bb1,5,5,በእግዚአብሔርም ቤት በሁለቱ አደባባዮች ላይ ለሰማይ ሠራዊት ሁሉ መሠዊያዎችን ሠራ።
f1e90568-7e0b-5fd1-ae8c-46f82dec1ba9,c6d79554-6160-50dd-a700-e002a09bfb77,d057c5d7-6c8c-5bfe-aada-45e959d93bb1,6,6,በሄኖምም ልጅ ሸለቆ ውስጥ ልጆቹን በእሳት አቃጠለ፤ ሞራ ገላጭም ሆነ፤ አስማትም አደረገ። መተተኛም ነበረ፤ መናፍስት ጠሪዎችንና ጠንቋዮችንም ሰበሰበ፤ ያስቈጣውም ዘንድ በእግዚአብሔር ፊት እጅግ ክፉ ነገርን አደረገ።
d4e7e5bd-5568-57a8-a405-2a9e6167f057,c6d79554-6160-50dd-a700-e002a09bfb77,d057c5d7-6c8c-5bfe-aada-45e959d93bb1,7,7,እግዚአብሔርም ለዳዊትና ለልጁ ለሰሎሞን፥ “በዚህ ቤትና ከእስራኤል ነገድ ሁሉ በመረጥኋት በኢየሩሳሌም ስሜን ለዘለዓለም አኖራለሁ፤
aebf889b-2c4c-5241-a5c5-3212b969b974,c6d79554-6160-50dd-a700-e002a09bfb77,d057c5d7-6c8c-5bfe-aada-45e959d93bb1,8,8,ያዘዝኋቸውንም ሁሉ፥ በሙሴ የተሰጠውን ሕግና ሥርዐት ፍርድንም ሁሉ ቢያደርጉ ቢጠብቁም፥ ለአባቶቻችሁ ከሰጠኋት ምድር የእስራኤልን እግር እንደ ገና አላርቅም” ባለበት በእግዚአብሔር ቤት ውስጥ የሠራውን ጣዖትና የተቀረጸውን ምስል አቆመ።
55176a2d-630e-5bcf-a759-4b6515b99024,c6d79554-6160-50dd-a700-e002a09bfb77,d057c5d7-6c8c-5bfe-aada-45e959d93bb1,9,9,ምናሴም እግዚአብሔር ከእስራኤል ልጆች ፊት ካጠፋቸው ከአሕዛብ ይልቅ ክፉ ይሠሩ ዘንድ በይሁዳና በኢየሩሳሌም የሚኖሩትን አሳተ።
0bc64812-5039-528e-aefd-4dbad25bbbcb,c6d79554-6160-50dd-a700-e002a09bfb77,d057c5d7-6c8c-5bfe-aada-45e959d93bb1,10,10,እግዚአብሔርም ምናሴንና ሕዝቡን ተናገራቸው፤ ግን አልሰሙትም።
e278e59b-b98f-5816-a22a-04256453cc32,c6d79554-6160-50dd-a700-e002a09bfb77,d057c5d7-6c8c-5bfe-aada-45e959d93bb1,11,11,ስለዚህም እግዚአብሔር የአሦርን ንጉሥ ሠራዊት አለቆች አመጣባቸው፤ ምናሴንም በዛንጅር ያዙት፤ በሰንሰለትም አስረው ወደ ባቢሎን ወሰዱት።
e25df863-3d75-591b-a4d4-860868c6723c,c6d79554-6160-50dd-a700-e002a09bfb77,d057c5d7-6c8c-5bfe-aada-45e959d93bb1,12,12,በተጨነቀም ጊዜ አምላኩን እግዚአብሔርን ፈለገ፤ በአባቶቹም አምላክ ፊት ሰውነቱን እጅግ አዋረደ።
583c6949-5026-51e1-aefc-1974279c5a75,c6d79554-6160-50dd-a700-e002a09bfb77,d057c5d7-6c8c-5bfe-aada-45e959d93bb1,13,13,የንጉሡ የሕዝቅያስ ልጅ ምናሴም ጸለየ እንዲህም አለ፦
87e2ed74-edef-5fe8-aa5a-96d92fc8ad54,c6d79554-6160-50dd-a700-e002a09bfb77,ffe99909-14a8-5833-a6b2-fa375e940e1e,1,14,“ዓለምን ሁሉ የምትገዛ፥
d8243bad-3c9f-5799-af33-ace189024325,c6d79554-6160-50dd-a700-e002a09bfb77,ffe99909-14a8-5833-a6b2-fa375e940e1e,2,15,በቃልህ ትእዛዝ ባሕርን የገሠጽሃት፥
b2973b0d-973f-5abb-a2bb-1e8d05e8d1b3,c6d79554-6160-50dd-a700-e002a09bfb77,ffe99909-14a8-5833-a6b2-fa375e940e1e,3,16,ይኸውም በተመሰገነው ስምህ ነው፤
e6380f91-42c8-5765-a9e4-0d8d42dedbfb,c6d79554-6160-50dd-a700-e002a09bfb77,ffe99909-14a8-5833-a6b2-fa375e940e1e,4,17,ለክብርህ ከፍተኛነት ፍጻሜ የለውምና፥
9921ec1c-e4d8-5231-a65a-d317b47d48a1,c6d79554-6160-50dd-a700-e002a09bfb77,ffe99909-14a8-5833-a6b2-fa375e940e1e,5,18,በትእዛዝህ ለሚሆነው ይቅርታ ስፍር ቍጥር የለውም፤
f0eda522-ef09-5878-a593-f0799b3eacb8,c6d79554-6160-50dd-a700-e002a09bfb77,ffe99909-14a8-5833-a6b2-fa375e940e1e,6,19,አሁንም አቤቱ፥ የጻድቃን አምላካቸው አንተ ነህ።
eaa9d4a8-8fbe-54ef-a3d2-11935b941a21,c6d79554-6160-50dd-a700-e002a09bfb77,ffe99909-14a8-5833-a6b2-fa375e940e1e,7,20,ቍጥሩ ከባሕር አሸዋ የሚበልጥ በደልን በድያለሁና፥
9427ba7c-cbaa-5405-ad19-ffe072bf410a,c6d79554-6160-50dd-a700-e002a09bfb77,ffe99909-14a8-5833-a6b2-fa375e940e1e,8,21,ከንቱውን ስመለከት የማይጠቅመኝንም ነገር ሳበዛ
61a83612-a242-56b9-adb1-28ff7b21a74f,c6d79554-6160-50dd-a700-e002a09bfb77,ffe99909-14a8-5833-a6b2-fa375e940e1e,9,22,አሁንም ቸርነትህን እየለመንሁ በልቤ ጕልበት እሰግዳለሁ።
99e6d9a8-6f45-54d5-aa92-a3200b536499,c6d79554-6160-50dd-a700-e002a09bfb77,ffe99909-14a8-5833-a6b2-fa375e940e1e,10,23,አቤቱ፥ ጌታዬ፥ ፈጽሜ በደልሁ፤
21c0286b-ed38-5d03-a8fa-c034654f6bf8,c6d79554-6160-50dd-a700-e002a09bfb77,ffe99909-14a8-5833-a6b2-fa375e940e1e,11,24,አንተንም እማልዳለሁ፤ እለምንህማለሁ፤
6bcddb00-4d04-5b03-a440-92814e328db8,c6d79554-6160-50dd-a700-e002a09bfb77,ffe99909-14a8-5833-a6b2-fa375e940e1e,12,25,ለዘለዓለም ክፋቴን አትመልከትብኝ፤
c5c0b3e4-69a1-53ec-a126-214cecd0936b,c6d79554-6160-50dd-a700-e002a09bfb77,ffe99909-14a8-5833-a6b2-fa375e940e1e,13,26,በየጊዜውና በሕይወቴ ዘመን ሁሉ አመሰግንሃለሁ።
608ed7bb-bc78-58b8-aece-e05a4b3ac37f,c6d79554-6160-50dd-a700-e002a09bfb77,ffe99909-14a8-5833-a6b2-fa375e940e1e,14,27,ከዚህ በኋላ በዳዊት ከተማ በስተውጭው ከግዮን ሰሜናዊ ምዕራብ በሸለቆው ውስጥ እስከ ዓሣ በር መግቢያ ድረስ ቅጥር ሠራ። እስከ ዖፌልም አዞረበት፤ እጅግም ከፍ አደረገው፤ በተመሸጉትም በይሁዳ ከተሞች ሁሉ የጭፍራ አለቆችን አኖረ።
879ce149-c5c8-583a-a98c-b4d3623034e8,c6d79554-6160-50dd-a700-e002a09bfb77,ffe99909-14a8-5833-a6b2-fa375e940e1e,15,28,እንግዶችንም አማልክትና ጣዖታቱንም ከእግዚአብሔር ቤት አራቀ፤ የእግዚአብሔርም ቤት ባለበት ተራራ ላይና በኢየሩሳሌም የሠራቸውን መሠዊያዎች ሁሉ ወስዶ ከከተማዪቱ በስተውጭ ጣላቸው።
04f5de32-ea05-552a-aa90-0d228bd59d23,c6d79554-6160-50dd-a700-e002a09bfb77,ffe99909-14a8-5833-a6b2-fa375e940e1e,16,29,የእግዚአብሔርንም መሠዊያ ደግሞ አደሰ፤ የደኅነትንና የምስጋናንም መሥዋዕት ሠዋበት፤ የይሁዳም ሕዝብ የእስራኤልን አምላክ እግዚአብሔርን እንዲያመልኩ አዘዘ።
4eee6e60-2ff1-54cb-ab4d-a732df4321df,c6d79554-6160-50dd-a700-e002a09bfb77,ffe99909-14a8-5833-a6b2-fa375e940e1e,17,30,ሕዝቡ ግን ከአምላካቸው ከእግዚአብሔር ፈጽመው ርቀው ገና በኮረብታዎች ላይ ይሠዉ ነበር፥
b59569e4-00a3-522a-a0da-a9daf9901110,c6d79554-6160-50dd-a700-e002a09bfb77,ffe99909-14a8-5833-a6b2-fa375e940e1e,18,31,የምናሴም የቀሩት ነገሮች፥ ወደ አምላኩም የጸለየው ጸሎት፥ በእስራኤልም አምላክ በእግዚአብሔር ስም የነገሩት የነቢያት ቃል፥ እነሆ፥ በእስራኤል ነገሥታት መጽሐፍ ተጽፈዋል።
abdbf400-9aa5-54d5-a763-93c6ca19c662,c6d79554-6160-50dd-a700-e002a09bfb77,ffe99909-14a8-5833-a6b2-fa375e940e1e,19,32,ደግሞም ጸሎቱን፥ እግዚአብሔር እንደ ሰማው፥ ኀጢአቱና መተላለፉ ሁሉ፥ ወደ እግዚአብሔር ሳይመለስ ኮረብታውን የሠራበት ዐፀዱንና የተቀረጹትንም ምስሎች የተከለበት ስፍራ፥ እነሆ፥ በባለ ራእዩ የታሪክ መጽሐፍ ተጽፈዋል።
c67d9a73-f0b4-5573-a5d8-90f984ceeb52,c6d79554-6160-50dd-a700-e002a09bfb77,ffe99909-14a8-5833-a6b2-fa375e940e1e,20,33,ምናሴም ከአባቶቹ ጋር አንቀላፋ፤ በቤቱም አትክልት ቦታ ቀበሩት፤ ልጁም አሞጽ በእርሱ ፋንታ ነገሠ።
5ffa52c7-7ac0-5bcf-aaff-61347279565c,c6d79554-6160-50dd-a700-e002a09bfb77,ffe99909-14a8-5833-a6b2-fa375e940e1e,21,34,አሞጽ መንገሥ በጀመረ ጊዜ የሃያ ሁለት ዓመት ጐልማሳ ነበረ፤ በኢየሩሳሌምም ሁለት ዓመት ነገሠ።
be4448e4-1d98-5a72-aa56-be193d7280de,c6d79554-6160-50dd-a700-e002a09bfb77,ffe99909-14a8-5833-a6b2-fa375e940e1e,22,35,አባቱም ምናሴ እንዳደረገ በእግዚአብሔር ፊት ክፉ አደረገ፤ አሞጽም አባቱ ምናሴ ለሠራቸው ለተቀረጹት ምስሎች ሁሉ ሠዋ፤ አመለካቸውም።
d187e309-c169-55d3-a140-d35337330337,c6d79554-6160-50dd-a700-e002a09bfb77,ffe99909-14a8-5833-a6b2-fa375e940e1e,23,36,አባቱም ምናሴ ሰውነቱን እንዳዋረደ በእግዚአብሔር ፊት ሰውነቱን አላዋረደም፤ ነገር ግን አሞጽ መተላለፉን እጅግ አበዛ።
246a53d6-b10d-5686-ab10-cb624f118668,c6d79554-6160-50dd-a700-e002a09bfb77,ffe99909-14a8-5833-a6b2-fa375e940e1e,24,37,አገልጋዮቹም ተነሡበት፤ በቤቱም ገደሉት።
8c1f5865-7c53-5f34-a9f3-ea305a8977a1,c6d79554-6160-50dd-a700-e002a09bfb77,ffe99909-14a8-5833-a6b2-fa375e940e1e,25,38,የሀገሩ ሕዝብ ግን በንጉሡ በአሞጽ ላይ የተነሡትን ሁሉ ገደሉ፤ የሀገሩም ሕዝብ ልጁን ኢዮስያስን በእርሱ ፋንታ አነገሡ።
56620c89-488b-502e-a71d-62e3f7a265e4,8d320f20-ed00-5ac5-a392-bfdfb641935c,5aa88dba-d405-5d8e-a071-1dc0f6450c1d,1,1,ኢዮስያስም መንገሥ በጀመረ ጊዜ የስምንት ዓመት ልጅ ነበረ፤ በኢየሩሳሌምም ሠላሳ አንድ ዓመት ነገሠ።
f110e18e-b932-576b-a841-cc6237b619fe,8d320f20-ed00-5ac5-a392-bfdfb641935c,5aa88dba-d405-5d8e-a071-1dc0f6450c1d,2,2,በእግዚአብሔርም ፊት ቅን ነገር አደረገ፤ በአባቱም በዳዊት መንገድ ሄደ፤ ወደ ቀኝም ወደ ግራም አላለም።
7e9fdc29-449b-5e65-a169-3ba482ce8b1e,8d320f20-ed00-5ac5-a392-bfdfb641935c,5aa88dba-d405-5d8e-a071-1dc0f6450c1d,3,3,በነገሠም በስምንተኛው ዓመት ገና ብላቴና ሳለ የአባቱን የዳዊትን አምላክ ይፈልግ ጀመረ፤ በዐሥራ ሁለተኛውም ዓመት ይሁዳንና ኢየሩሳሌምን ከኮረብታውና ከዐፀዶቹ፥ ከተቀረጹትና ቀልጠው ከተሠሩት ምስሎች ያነጻ ጀመር።
58ac088f-1cf5-533b-a3ab-94ad77c6bca9,8d320f20-ed00-5ac5-a392-bfdfb641935c,5aa88dba-d405-5d8e-a071-1dc0f6450c1d,4,4,የበዓሊምንም መሠዊያዎች በፊቱ አፈረሰ፤ በላዩም የነበሩትን ኮረብታዎችን ዐፀዶቹንም ቈረጠ፤ የተቀረጹትንና ቀልጠው የተሠሩትንም ምስሎች ሰባበረ፤ አደቀቃቸውም፤ ይሠዉላቸው በነበሩት ሰዎች መቃብርም ላይ በተናቸው።
a477c568-329c-5730-a778-5e2a2dcd2fea,8d320f20-ed00-5ac5-a392-bfdfb641935c,5aa88dba-d405-5d8e-a071-1dc0f6450c1d,5,5,የካህኖቻቸውንም አጥንት በመሠዊያቸው ላይ አቃጠለ። ይሁዳንና ኢየሩሳሌምንም አነጻ።
f24a1039-13cf-53d0-a278-f3f7a8691b17,8d320f20-ed00-5ac5-a392-bfdfb641935c,5aa88dba-d405-5d8e-a071-1dc0f6450c1d,6,6,የምናሴንና የኤፍሬምንም፥ የስምዖንና የንፍታሌምንም ከተሞች፥ በዙሪያቸውም ያለውን ቦታ እንዲሁ አነጻ።
c82ae0f3-ffb3-5e9f-ae52-23a03405cb13,8d320f20-ed00-5ac5-a392-bfdfb641935c,5aa88dba-d405-5d8e-a071-1dc0f6450c1d,7,7,መሠዊያዎቹንም አፈረሰ፤ የማምለኪያ ዐፀዶቹንና የተቀረጹትን ምስሎችም አደቀቀ፤ በእስራኤልም ሀገር ሁሉ የኮረብታዎችን መስገጃዎችአጠፋ። ወደ ኢየሩሳሌምም ተመለሰ።
46519eff-bf78-52e8-af9a-35f02509a4ad,8d320f20-ed00-5ac5-a392-bfdfb641935c,5aa88dba-d405-5d8e-a071-1dc0f6450c1d,8,8,በነገሠም በዐሥራ ስምንተኛው ዓመት ምድሪቱንና የእግዚአብሔርን ቤት ካነጻ በኋላ፥ የሴልያ ልጅ ሳፋን፥ የከተማዪቱም አለቃ መዕሴያ፥ ታሪክ ጸሓፊውም የኢዮአካዝ ልጅ ኢዮአክ የእግዚአብሔርን የአምላኩን ቤት ይጠግኑ ዘንድ ሰደዳቸው።
2141d6a3-29bf-5214-a03d-f9c306fc856e,8d320f20-ed00-5ac5-a392-bfdfb641935c,5aa88dba-d405-5d8e-a071-1dc0f6450c1d,9,9,ወደ ታላቁም ካህን ወደ ኬልቅያስ መጡ፤ ሌዋውያኑም በረኞች ከምናሴና ከኤፍሬም፥ ከአለቆችም፥ ከቀረውም ከእስራኤል ሁሉ፥ ከይሁዳና ከብንያም ሁሉ በኢየሩሳሌምም ከሚኖሩት የሰበሰቡትን፥ ወደ እግዚአብሔር ቤት የቀረበውን ገንዘብ ሰጡት።
c636f71f-00f8-55b1-a5a0-ff238976b802,8d320f20-ed00-5ac5-a392-bfdfb641935c,5aa88dba-d405-5d8e-a071-1dc0f6450c1d,10,10,የእግዚአብሔርንም ቤት በሚሠሩት ላይ ለተሾሙት ሰጡ፤ እነርሱም ይጠግኑና ያድሱ ዘንድ የእግዚአብሔርን ቤት ለሚሠሩ ሠራተኞች ሰጡአቸው።
2a9a7548-c77f-5891-af71-eac5f4782837,8d320f20-ed00-5ac5-a392-bfdfb641935c,5aa88dba-d405-5d8e-a071-1dc0f6450c1d,11,11,የይሁዳ ነገሥታት ላፈረሱት ቤት ሰረገሎች ያደርጉ ዘንድ፥ ለማጋጠሚያም እንጨት፥ የተጠረበውንም ድንጋይ ይገዙ ዘንድ ለአናጢዎችና ለጠራቢዎች ሰጡ።
c298a1ec-f1b3-50d0-afb8-3e2b37c0e7c3,8d320f20-ed00-5ac5-a392-bfdfb641935c,5aa88dba-d405-5d8e-a071-1dc0f6450c1d,12,12,ሰዎቹም ሥራውን በመታመን አደረጉ፤ በእነርሱም ላይ የተሾሙት፥ ሥራውንም የሚያሠሩት ሌዋውያን ከሜራሪ ልጆች ይኤትና አብድያስ፥ ከቀዓትም ልጆች ዘካርያስና ሜሱላም ነበሩ። ከሌዋውያንም ወገን በዜማ ዕቃ ዐዋቂዎች፥ የነበሩ ሁሉ፥
a589fcea-35cc-5385-ab0d-60374428f2f0,8d320f20-ed00-5ac5-a392-bfdfb641935c,5aa88dba-d405-5d8e-a071-1dc0f6450c1d,13,13,በተሸካሚዎችና ልዩ ልዩ ሥራ በሚሠሩ ላይ ተሾመው ነበር፤ ጸሓፊዎቹና አለቆቹም በረኞቹም ከሌዋውያን ወገን ነበሩ።
f6e94a1f-7d1c-5f9c-a162-2b766e55cdd8,8d320f20-ed00-5ac5-a392-bfdfb641935c,5cf740e9-e265-51fe-aadb-8ecdfa1682dc,1,14,ወደ እግዚአብሔርም ቤት የቀረበውን ገንዘብ ባመጡ ጊዜ ካህኑ ኬልቅያስ በሙሴ እጅ የተሰጠውን የእግዚአብሔርን ሕግ መጽሐፍ አገኘ።
bbfd5a3b-7aa5-57d5-a934-648142326058,8d320f20-ed00-5ac5-a392-bfdfb641935c,5cf740e9-e265-51fe-aadb-8ecdfa1682dc,2,15,ኬልቅያስም ጸሓፊውን ሳፋንን፥ “የሕጉን መጽሐፍ በእግዚአብሔር ቤት አግኝቼአለሁ” ብሎ ነገረው። ኬልቅያስም መጽሐፉን ለሳፋን ሰጠው።
0834598e-d311-58a0-a35b-14e1ef5258e7,8d320f20-ed00-5ac5-a392-bfdfb641935c,5cf740e9-e265-51fe-aadb-8ecdfa1682dc,3,16,ሳፋንም መጽሐፉን ወደ ንጉሡ አመጣ፤ ለንጉሡም ዳግመኛ እንዲህ አለው፥ “ወርቁንና ብሩን፥ መባውንም ሁሉ የቤተ እግዚአብሔርን ሥራ ለሚሠሩ ለአገልጋዮችህ በእጃቸው ሰጧቸው።
c3203f31-7485-5212-ad8c-d87b0e09b976,8d320f20-ed00-5ac5-a392-bfdfb641935c,5cf740e9-e265-51fe-aadb-8ecdfa1682dc,4,17,በእግዚአብሔርም ቤት የተገኘውን ገንዘብ አፈሰሱ፤ በሥራው ላይ ለተሾሙትና ለሠራተኞቹም በእጃቸው ሰጡ።”
5ebe063f-068f-529c-aeb2-333b1a58c19c,8d320f20-ed00-5ac5-a392-bfdfb641935c,5cf740e9-e265-51fe-aadb-8ecdfa1682dc,5,18,ጸሓፊውም ሳፋን ለንጉሡ፥ “ካህኑ ኬልቅያስ መጽሐፍ ሰጠኝ” ብሎ ነገረው። ሳፋንም በንጉሡ ፊት አነበበው።
35a45516-a20f-59e4-ad4f-e3c9042f0197,8d320f20-ed00-5ac5-a392-bfdfb641935c,5cf740e9-e265-51fe-aadb-8ecdfa1682dc,6,19,ንጉሡም የሕጉን ቃል በሰማ ጊዜ ልብሱን ቀደደ።
8925dfc9-4f32-53dc-a686-3da42072d3ff,8d320f20-ed00-5ac5-a392-bfdfb641935c,5cf740e9-e265-51fe-aadb-8ecdfa1682dc,7,20,ንጉሡም ኬልቅያስን፥ የሳፋንንም ልጅ አኪቃምን፥ የሚክያስንም ልጅ አብዶንን፥ ጸሓፊውንም ሳፋንን፥ የንጉሡንም ብላቴና ዔሴኢያን፦
acc4684c-e62b-589b-a32c-563397c99256,8d320f20-ed00-5ac5-a392-bfdfb641935c,5cf740e9-e265-51fe-aadb-8ecdfa1682dc,8,21,“በዚህ መጽሐፍ የተጻፈውን ሁሉ ያደርጉ ዘንድ አባቶቻችን የእግዚአብሔርን ቃል ስላልጠበቁ፥ በላያችን የነደደ የእግዚአብሔር ቍጣ እጅግ ነውና ሄዳችሁ ስለ ተገኘው የመጽሐፍ ቃል ስለእኔ፥ በእስራኤልና በይሁዳ ስለቀሩትም እግዚአብሔርን ጠይቁ” ብሎ አዘዛቸው።
0c85e293-ffa5-5f21-a5e6-a47828375c10,8d320f20-ed00-5ac5-a392-bfdfb641935c,5cf740e9-e265-51fe-aadb-8ecdfa1682dc,9,22,ኬልቅያስና እነዚያ ንጉሡ ያዘዛቸው ወደ ልብስ ጠባቂው ወደ ሐስራ ልጅ ወደ ቴቁዋ ልጅ ወደ ሴሌም ሚስት ወደ ነቢይቱ ወደ ሕልዳና ሄዱ፤ እርስዋም በኢየሩሳሌም በከተማዪቱ በሁለተኛው ክፍል ተቀምጣ ነበር፤ ይህንም ነገር ነገሩአት።
06bce9ab-5d3d-53f3-a74f-7d1e4b2e1c24,8d320f20-ed00-5ac5-a392-bfdfb641935c,5cf740e9-e265-51fe-aadb-8ecdfa1682dc,10,23,እርስዋም አለቻቸው፥ “የእስራኤል አምላክ እግዚአብሔር እንዲህ ይላል፦ ወደ እኔ ለላካችሁ ሰው እንዲህ ብላችሁ ንገሩት፦
59864967-0a24-5f0b-a4d4-d4cf8b437a12,8d320f20-ed00-5ac5-a392-bfdfb641935c,5cf740e9-e265-51fe-aadb-8ecdfa1682dc,11,24,እግዚአብሔር እንዲህ ይላል፦ እነሆ፥ በዚህ ስፍራና በሚኖሩበት ላይ በይሁዳ ንጉሥ ፊት በተነበበው መጽሐፍ የተጻፉትን ቃላት ሁሉ፥ ማለት ክፉ ነገርን አመጣለሁ፥
d15799a6-e5af-5b70-ab63-77d6a2b1993a,8d320f20-ed00-5ac5-a392-bfdfb641935c,5cf740e9-e265-51fe-aadb-8ecdfa1682dc,12,25,በእጃቸው ሥራ ሁሉ ሊያስቈጡኝ ትተውኛልና፥ ለሌሎችም አማልክት አጥነዋልና ቍጣዬ በዚህ ስፍራ ላይ ይነድዳል፤ አይጠፋምም።
5b6693b2-6553-597d-aae6-63da1b388220,8d320f20-ed00-5ac5-a392-bfdfb641935c,5cf740e9-e265-51fe-aadb-8ecdfa1682dc,13,26,እግዚአብሔርን ለመጠየቅ ለላካችሁ ለይሁዳ ንጉሥ እንዲህ በሉት፦ የእስራኤል አምላክ እግዚአብሔር እንዲህ ይላል፦ ስለ ሰማኸው ቃል ልብህ ደንግጦአልና፥
a7ec2e62-0de2-5990-a47c-dfeced457e54,8d320f20-ed00-5ac5-a392-bfdfb641935c,5cf740e9-e265-51fe-aadb-8ecdfa1682dc,14,27,በፊቴም ራስህን አዋርደሃልና፥ በዚህም ስፍራ በሚኖሩበት ላይ ቃሌን በሰማህ ጊዜ ራስህን አዋርደሃልና፥ ልብስህንም ቀድደህ በፊቴ አልቅሰሃልና እኔ ደግሞ ሰምቼሃለሁ፥ ይላል እግዚአብሔር።
6076d297-cdd2-5ef4-aa8f-47c8e520fcb3,8d320f20-ed00-5ac5-a392-bfdfb641935c,5cf740e9-e265-51fe-aadb-8ecdfa1682dc,15,28,እነሆ፥ ወደ አባቶችህ እሰበስብሃለሁ፤ በሰላምም ወደ መቃብርህ ትሰበሰባለህ፤ በዚህም ስፍራና በሚኖሩበት ላይ የማመጣውን ክፉ ነገር ሁሉ ዐይኖችህ አያዩም” ያለቻቸውንም ነገር ለንጉሡ አስረዱት።
6fe86577-d29d-5769-a2a7-99f82311f955,8d320f20-ed00-5ac5-a392-bfdfb641935c,5cf740e9-e265-51fe-aadb-8ecdfa1682dc,16,29,ንጉሡም ላከ፤ የይሁዳንና የኢየሩሳሌምን ሽማግሌዎች ሁሉ ሰበሰበ።
c968d9ea-b503-542c-a050-724e980efae4,8d320f20-ed00-5ac5-a392-bfdfb641935c,5cf740e9-e265-51fe-aadb-8ecdfa1682dc,17,30,ንጉሡም፥ የይሁዳም ሰዎች ሁሉ፥ በኢየሩሳሌምም የሚኖሩና ካህናቱ፥ ሌዋውያኑም፥ ሕዝቡም ሁሉ ከታናሹ ጀምሮ እስከ ታላቁ ድረስ ወደ እግዚአብሔር ቤት ወጡ፤ በእግዚአብሔርም ቤት የተገኘውን የቃል ኪዳኑን መጽሐፍ ቃል ሁሉ በጆሮአቸው አነበበ።
be147b46-658f-5d8b-a33b-a84a12920950,8d320f20-ed00-5ac5-a392-bfdfb641935c,5cf740e9-e265-51fe-aadb-8ecdfa1682dc,18,31,ንጉሡም በዐምዱ ቆሞ እግዚአብሔርን ተከትሎ እንዲሄድ፥ ትእዛዙንና ምስክሩን፥ ሥርዐቱንም በፍጹም ልቡና በፍጹም ነፍሱ እንዲጠብቅ፥ በዚህም መጽሐፍ የተጻፈውን የቃል ኪዳን ቃል እንዲያደርግ በእግዚአብሔር ፊት ቃል ኪዳን አደረገ።
be720535-f730-51af-a038-f34b5e4144a9,8d320f20-ed00-5ac5-a392-bfdfb641935c,5cf740e9-e265-51fe-aadb-8ecdfa1682dc,19,32,በኢየሩሳሌምና በብንያምም ሀገር የተገኙትን ሁሉ በዚህ ነገር አማለ። በኢየሩሳሌምም የሚኖሩ እንደ አባቶቻቸው አምላክ እንደ እግዚአብሔር ቤት ቃል ኪዳን አደረጉ።
4859669d-0a27-5474-a7cc-04663572b8a4,8d320f20-ed00-5ac5-a392-bfdfb641935c,5cf740e9-e265-51fe-aadb-8ecdfa1682dc,20,33,ኢዮስያስም ከእስራኤል ልጆች ምድር ሁሉ ርኩሱን ሁሉ አስወገደ፤ በእስራኤልም የተገኙትን ሁሉ አምላካቸውን እግዚአብሔርን እንዲያመልኩ አደረገ። በዘመኑ ሁሉ የአባቶቻቸውን አምላክ እግዚአብሔርን ከመከተል አልራቁም።
77fafe9b-c05d-5107-a599-b574b6d57d2b,c39c903b-f1e1-500d-adb2-e4ca31f0884d,ab0beb6f-78de-5991-a4cc-65ed2ed494b3,1,1,ኢዮስያስም ለአምላኩ ለእግዚአብሔር በኢየሩሳሌም ፋሲካ አደረገ፤ በመጀመሪያውም ወር በዐሥራ አራተኛው ቀን የፋሲካውን በግ አረዱ።
08044dd5-373e-555e-aee9-50d4932ca910,c39c903b-f1e1-500d-adb2-e4ca31f0884d,ab0beb6f-78de-5991-a4cc-65ed2ed494b3,2,2,ካህናቱንም በየሥርዐታቸው አቆመ፤ በእግዚአብሔርም ቤት ያገለግሉ ዘንድ አጸናቸው።
264cd659-e17b-58bd-a9fe-d474470d1e6e,c39c903b-f1e1-500d-adb2-e4ca31f0884d,ab0beb6f-78de-5991-a4cc-65ed2ed494b3,3,3,በእስራኤልም ሁሉ መሥራት የሚችሉትን ሌዋውያን ራሳቸውን ለእግዚአብሔር እንዲያነጹና ቅድስቲቱንም ታቦት የእስራኤል ንጉሥ የዳዊት ልጅ ሰሎሞን በሠራው ቤት ውስጥ እንዲያኖሩ አዘዛቸው። ንጉሡም ኢዮስያስ አለ፥ “በትከሻችሁ የምትሸከሙት አንዳች ነገር አይኑር፤ አሁንም አምላካችሁን እግዚአብሔርንና ሕዝቡን እስራኤልን አገልግሉ፤
308224ab-9cb4-5ae9-ad89-a71efb31f559,c39c903b-f1e1-500d-adb2-e4ca31f0884d,ab0beb6f-78de-5991-a4cc-65ed2ed494b3,4,4,የእስራኤልም ንጉሥ ዳዊት እንደ አዘዘ፥ ልጁም ሰሎሞን እንደ አዘዘ በየሰሞናችሁና በየአባቶቻችሁ ቤቶች ተዘጋጁ፤
f2b5f72b-401a-555e-abea-a22e72c8f84e,c39c903b-f1e1-500d-adb2-e4ca31f0884d,ab0beb6f-78de-5991-a4cc-65ed2ed494b3,5,5,እንደ ሕዝቡም ልጆች እንደ ወንድሞቻችሁ በየአባቶች ቤቶች አከፋፈል በመቅደሱ ቁሙ፤ እንዲሁም ለሌዋውያን በየአባቶቻቸው ቤት አከፋፈል ይሁን፤
6b4fb118-c656-5a62-aff8-ea571c4c651b,c39c903b-f1e1-500d-adb2-e4ca31f0884d,ab0beb6f-78de-5991-a4cc-65ed2ed494b3,6,6,የፋሲካውንም በግ እረዱ፤ እናንተም ተቀደሱ፥ እግዚአብሔርም በሙሴ እጅ የተናገረውን ቃል ታደርጉ ዘንድ ለወንድሞቻችሁ አዘጋጁ።”
1d67c919-2e62-51d4-a3fd-bc170f1c07e2,c39c903b-f1e1-500d-adb2-e4ca31f0884d,ab0beb6f-78de-5991-a4cc-65ed2ed494b3,7,7,ኢዮስያስም ለፋሲካው መሥዋዕት እንዲሆን በዚያ ለነበሩት ለሕዝቡ ልጆች ከመንጋው ሠላሳ ሺህ የበግና የፍየል ጠቦቶች፥ ሦስት ሺህም ወይፈኖች ሰጣቸው፤ እነዚህም ከንጉሡ ሀብት ነበሩ።
c7562c7b-cdd0-536f-ab55-f9e3c9a73f62,c39c903b-f1e1-500d-adb2-e4ca31f0884d,ab0beb6f-78de-5991-a4cc-65ed2ed494b3,8,8,አለቆቹም ለሕዝቡና ለካህናቱ፥ ለሌዋውያኑም በፈቃዳቸው ሰጡ፤ የእግዚአብሔርም ቤት አለቆች፥ ኬልቅያስ፥ ዘካርያስ፥ ኢዮሔል፥ ለፋሲካው መሥዋዕት እንዲሆን ሁለት ሺህ ስድስት መቶ በጎችንና ፍየሎችን፥ ሦስት መቶም በሬዎችን ለካህናቱ ሰጡ።
d5cb0310-61ba-5bfe-a866-0f1bfd741791,c39c903b-f1e1-500d-adb2-e4ca31f0884d,ab0beb6f-78de-5991-a4cc-65ed2ed494b3,9,9,የሌዋውያኑም አለቆች ኮኒንያስ በንያስም፥ ወንድሞቹም ሰማዕያስና ናትናኤል፥ ሰብንያስ፥ ኢዮሄል፥ ኢዮዛብድ ለፋሲካው መሥዋዕት እንዲሆን አምስት ሺህ በጎችን፥ አምስት መቶም በሬዎችን ለሌዋውያን ሰጡ።
7157b65b-37f0-5a78-a729-b625810e07ec,c39c903b-f1e1-500d-adb2-e4ca31f0884d,ab0beb6f-78de-5991-a4cc-65ed2ed494b3,10,10,አገልግሎቱም ተዘጋጀ፤ ካህናቱም በየስፍራቸው፥ ሌዋውያኑም በየክፍላቸው እንደ ንጉሡ ትእዛዝ ቆሙ።
2bd17af3-c6a7-5b85-ae7a-8a57328dbc15,c39c903b-f1e1-500d-adb2-e4ca31f0884d,ab0beb6f-78de-5991-a4cc-65ed2ed494b3,11,11,የፋሲካውንም በግ አረዱ፤ ካህናቱም ከእጃቸው የተቀበሉትን ደም ረጩ፤ ሌዋውያኑም ቍርበቱን ገፈፉ።
c4ef16dc-131e-5f80-acbe-8620b38cab09,c39c903b-f1e1-500d-adb2-e4ca31f0884d,ab0beb6f-78de-5991-a4cc-65ed2ed494b3,12,12,በሙሴም መጽሐፍ እንደ ተጻፈ ለእግዚአብሔር ያቀርቡ ዘንድ በየአባቶቻቸው ቤቶች እንደ ክፍላቸው ለሕዝቡ ልጆች እንዲሰጡ የሚቃጠለውን መሥዋዕት ለዩ። እንዲሁም በበሬዎቹ አደረጉ።
8c09c87b-3c25-5980-af6c-3b9bc9efdf1d,c39c903b-f1e1-500d-adb2-e4ca31f0884d,ab0beb6f-78de-5991-a4cc-65ed2ed494b3,13,13,የፋሲካውንም በግ እንደ ሙሴ ሥርዐት በእሳት ጠበሱ፤ የተቀደሰውንም ቍርባን በምንቸትና በሰታቴ፥ በድስትም ቀቀሉ፤ ተከናወነላቸውም፤ ለሕዝቡም ልጆች ሁሉ በፍጥነት አደረሱ።
e2fe16fb-85b3-5b0b-ac45-722af599f725,c39c903b-f1e1-500d-adb2-e4ca31f0884d,ab0beb6f-78de-5991-a4cc-65ed2ed494b3,14,14,ከዚያም በኋላ ለራሳቸውና ከእነርሱ ጋር ላሉ ለካህናቱ አዘጋጁ፤ የአሮንም ልጆች ካህናቱ የሚቃጠለውን መሥዋዕትና ስቡን ለማቅረብ እስከ ሌሊት ድረስ ይሠሩ ነበርና ስለዚህ ሌዋውያን ለራሳቸውና ለወንድሞቻቸው ለአሮን ልጆች ለካህናቱ አዘጋጁ።
ed0e434b-51ea-53a2-a445-975682e64a2e,c39c903b-f1e1-500d-adb2-e4ca31f0884d,ab0beb6f-78de-5991-a4cc-65ed2ed494b3,15,15,የአሳፍም ልጆች መዘምራን እንደ ዳዊት፥ እንደ አሳፍም፥ እንደ ኤማንም የንጉሡም ባለ ራእይ እንደ ነበረው እንደ ኤዶትም ትእዛዝ በየስፍራቸው ነበሩ፤ በረኞቹም በሮቹን ሁሉ ይጠብቁ ነበር፤ ወንድሞቻቸውም ሌዋውያን ያዘጋጁላቸው ነበርና ከአገልግሎታቸው ይርቁ ዘንድ አያስፈልጋቸውም ነበር።
bf463b83-2a09-5285-a93b-c85afff4523e,c39c903b-f1e1-500d-adb2-e4ca31f0884d,ab0beb6f-78de-5991-a4cc-65ed2ed494b3,16,16,እንደ ንጉሡም እንደ ኢዮስያስ ትእዛዝ በእግዚአብሔር መሠዊያ ላይ የሚቃጠለውን መሥዋዕት ያቀርቡ ዘንድ፥ ፋሲካውንም ያደርጉ ዘንድ፥ የእግዚአብሔር አገልግሎት ሁሉ በዚያ ቀን ተዘጋጀ።
f6655a41-2515-5747-a947-c6d8e6611f3f,c39c903b-f1e1-500d-adb2-e4ca31f0884d,ab0beb6f-78de-5991-a4cc-65ed2ed494b3,17,17,የተገኙትም የእስራኤል ልጆች በዚያ ቀን ፋሲካውን፥ ሰባት ቀንም የቂጣውን በዓል አደረጉ።
ee61990f-5517-5fd9-a553-a6444cdaf4c0,c39c903b-f1e1-500d-adb2-e4ca31f0884d,ab0beb6f-78de-5991-a4cc-65ed2ed494b3,18,18,ከነቢዩም ከሳሙኤል ዘመን ጀምሮ እንደዚህ ያለ ፋሲካ በእስራኤል ዘንድ ከቶ አልተደረገም፤ ከእስራኤልም ነገሥታት ሁሉ ኢዮስያስና ካህናቱ፥ ሌዋውያኑም፥ በዚያም የተገኙ የይሁዳና የእስራኤል ሰዎች ሁሉ፥ በኢየሩሳሌምም የሚኖሩት እንዳደረጉት ያለ ፋሲካ ያደረገ የለም።
6a31cb12-283b-573a-af31-95021bc43344,c39c903b-f1e1-500d-adb2-e4ca31f0884d,ab0beb6f-78de-5991-a4cc-65ed2ed494b3,19,19,ይህም ፋሲካ ኢዮስያስ በነገሠ በዐሥራ ስምንተኛው ዓመት ተደረገ።
e1c634c3-6e0f-5a05-a2db-a9a414cbaa8b,c39c903b-f1e1-500d-adb2-e4ca31f0884d,ab0beb6f-78de-5991-a4cc-65ed2ed494b3,20,20,ከዚህም ሁሉ በኋላ፥ ኢዮስያስም ቤተ መቅደሱን ካሰናዳ በኋላ፥ የግብጽ ንጉሥ ፈርዖን ኒካዑ በኤፍራጥስ ወንዝ አጠገብ የአሦርን ንጉሥ ይዋጋ ዘንድ ወጣ፤ ኢዮስያስም ሊጋጠመው ወጣ።
98dc7ed7-3039-5840-a983-e97d929c280f,c39c903b-f1e1-500d-adb2-e4ca31f0884d,ab0beb6f-78de-5991-a4cc-65ed2ed494b3,21,21,እርሱም፥ “የይሁዳ ንጉሥ ሆይ፥ ከአንተ ጋር ምን አለኝ? በምዋጋበት በሌላ ቤት ላይ ነው እንጂ በአንተ ላይ ዛሬ አልመጣሁም፤ እግዚአብሔርም እንድቸኩል አዝዞኛል፤ ከእኔ ጋር ያለው እግዚአብሔር እንዳያጠፋህ ተጠንቀቅ” ብሎ መልእክተኞችን ላከበት።
8e5e22af-466e-5e48-abd9-2113c4872d12,c39c903b-f1e1-500d-adb2-e4ca31f0884d,ab0beb6f-78de-5991-a4cc-65ed2ed494b3,22,22,ኢዮስያስ ግን ይዋጋው ዘንድ ተጽናና እንጂ ፊቱን ከእርሱ አልመለሰም፤ በእግዚአብሔርም አፍ የተነገረውን የኒካዑን ቃል አልሰማም፤ በመጊዶንም ሸለቆ ይዋጋ ዘንድ መጣ።
1fefce7d-e248-54e4-a2c0-dbaaea491915,c39c903b-f1e1-500d-adb2-e4ca31f0884d,ab0beb6f-78de-5991-a4cc-65ed2ed494b3,23,23,ቀስተኞቹም ንጉሡን ኢዮስያስን ወጉት፤ ንጉሡም ብላቴኖቹን፥ “እጅግ ቈስያለሁና ከሰልፉ ውስጥ አውጡኝ” አላቸው።
98e762dd-20fd-585d-aafa-bc3f6194755e,c39c903b-f1e1-500d-adb2-e4ca31f0884d,ab0beb6f-78de-5991-a4cc-65ed2ed494b3,24,24,ብላቴኖቹም ከሰረገላው አውርደው ለእርሱ በነበረው በሁለተኛው ሰረገላ ውስጥ አስቀመጡት፤ ወደ ኢየሩሳሌምም አመጡት፤ እርሱም በዚያ ሞተ፤ በአባቶቹም መቃብር ተቀበረ፤ ይሁዳና ኢየሩሳሌምም ሁሉ ለኢዮስያስ አለቀሱ።
182d8fc3-fa1c-5f30-a8df-357c4b3401fe,c39c903b-f1e1-500d-adb2-e4ca31f0884d,ab0beb6f-78de-5991-a4cc-65ed2ed494b3,25,25,ኤርምያስም ለንጉሡ ለኢዮስያስ የልቅሶ ግጥም ገጠመለት፤ እስከ ዛሬም ድረስ ወንዶችና ሴቶች መዘምራን ሁሉ በልቅሶ ግጥማቸው ስለ ኢዮስያስ ይናገሩ ነበር፤ ይህም በእስራኤል ሁሉ ዘንድ ወግ ሆኖ በልቅሶ ግጥም ተጽፎአል።
96358d8b-d204-5537-ace0-c3f3d6ed0136,c39c903b-f1e1-500d-adb2-e4ca31f0884d,ab0beb6f-78de-5991-a4cc-65ed2ed494b3,26,26,የቀሩትም የኢዮስያስ ነገሮች፥ በእግዚአብሔርም ሕግ እንደ ተጻፈ ያደረገው ቸርነት፥
e85cf6ec-4915-5b78-a38d-16fb23ae8ed7,c39c903b-f1e1-500d-adb2-e4ca31f0884d,ab0beb6f-78de-5991-a4cc-65ed2ed494b3,27,27,የፊተኛውና የኋለኛውም ነገሩ፥ እነሆ፥ በእስራኤልና በይሁዳ ነገሥታት መጽሐፍ ተጽፈዋል።
82ceda5d-c58b-5816-a5a7-4c58024c6c97,ac77930a-d600-58cd-ab37-182d44515b2a,19a790e9-1827-5098-a7cc-49dd327fdeae,1,1,የሀገሩም ሰዎች የኢዮስያስን ልጅ ኢዮአክስን ወስደው በአባቱ ፋንታ በኢየሩሳሌም አነገሡት።
642870c5-1693-5191-acc5-069ff7767c5f,ac77930a-d600-58cd-ab37-182d44515b2a,19a790e9-1827-5098-a7cc-49dd327fdeae,2,2,ኢዮአክስም መንገሥ በጀመረ ጊዜ የሃያ ሦስት ዓመት ጐልማሳ ነበረ፤ በኢየሩሳሌምም ሦስት ወር ነገሠ። 2 ‘ሀ’ የእናቱም ስም ከሎቤና የኤርምያስ ልጅ አሚጣል ነበረች። 2 ‘ለ’ አባቶቹ እንደ ሠሩት ሁሉ በእግዚአብሔር ፊት ክፉ ሥራን ሠራ። በኢየሩሳሌምም እንዳይነግሥ በኤማት ምድር በዴብላታ ፈርዖን ኒካዑ ማርኮ አሰረው።
b6103fab-a8bb-514e-ac20-0367d02abd01,ac77930a-d600-58cd-ab37-182d44515b2a,19a790e9-1827-5098-a7cc-49dd327fdeae,3,3,ንጉሡም ወደ ግብፅ ወሰደው፤ በሀገሩም ላይ መቶ መክሊት ብርና አንድ መክሊት ወርቅ ግብር ጣለበት።
03ae960f-ba27-59f7-ab7c-052384eff505,ac77930a-d600-58cd-ab37-182d44515b2a,19a790e9-1827-5098-a7cc-49dd327fdeae,4,4,የግብፅም ንጉሥ ፈርዖን ኒካዑ የይሁዳን ንጉሥ የኢዮስያስን ልጅ ኤልያቄምን በአባቱ ፋንታ በይሁዳና በኢየሩሳሌም ላይ አነገሠ፤ ስሙንም ኢዮአቄም ብሎ ለወጠ፤ ፈርዖን ኒካዑም ወንድሙን ኢዮአክስን ይዞ ወደ ግብፅ ወሰደው። በዚያም ሞተ። 4 ‘ሀ’ ወርቅንና ብርን ለፈርዖን ሰጠ። በዚያን ጊዜም ምድር በፈርዖን ትእዛዝ ብር መገበሯን ጀመረች። 4 ‘ለ’ እያንዳንዱም እንደሚችለው ለፈርዖን ኒካዑ እንዲገብር ከሀገሪቱ ሕዝብ ወርቅንና ብርን ጠየቀ።
f5516903-c1b2-5dde-a658-ecd532f3f6b7,ac77930a-d600-58cd-ab37-182d44515b2a,19a790e9-1827-5098-a7cc-49dd327fdeae,5,5,ኢዮአቄምም መንገሥ በጀመረ ጊዜ የሃያ አምስት ዓመት ጐልማሳ ነበረ፤ በኢየሩሳሌምም ዐሥራ አንድ ዓመት ነገሠ፤ እናቱም ዘካራ የምትባል የኔሬያሳ ልጅ የራማ ሴት ነበረች፤ አባቶቹም እንዳደረጉ በአምላኩ በእግዚአብሔር ፊት ክፉ አደረገ። 5 ‘ሀ’ በእነዚያም ወራት የባቢሎን ንጉሥ ናቡከደነፆር ወደዚያ ሀገር መጣና ሦስት ዓመት ተገዛለት። ከእርሱም ከዳ።
3490a51c-d41e-5dac-aa48-fd1d296ed90e,ac77930a-d600-58cd-ab37-182d44515b2a,19a790e9-1827-5098-a7cc-49dd327fdeae,6,6,የባቢሎንም ንጉሥ ናቡከደነፆር በእርሱ ላይ ወጥቶ ወደ ባቢሎን ይወስደው ዘንድ በሰንሰለት አሰረው።
a82a40ba-32ad-5b48-aeae-312d494d996c,ac77930a-d600-58cd-ab37-182d44515b2a,19a790e9-1827-5098-a7cc-49dd327fdeae,7,7,ናቡከደነፆርም ከእግዚአብሔር ቤት ዕቃ አያሌውን አውጥቶ ወደ ባቢሎን ወሰደ፤ በባቢሎንም በጣዖቱ ቤት ውስጥ አኖረው።
1513ce8f-d5b0-5f06-a82f-5c3170d2541d,ac77930a-d600-58cd-ab37-182d44515b2a,19a790e9-1827-5098-a7cc-49dd327fdeae,8,8,የቀሩትም የኢዮአቄም ነገሮች፥ ያደረገውም ርኵሰት፥ በእርሱም የተገኘው ሁሉ፥ እነሆ፥ በእስራኤልና በይሁዳ ነገሥታት መጽሐፍ ተጽፈዋል፤ ኢዮአቄምም እንደ አባቶቹ አንቀላፋ፤ ከአባቶቹም ጋር በጋኖዛን ከተማ ተቀበረ። ልጁም ኢኮንያን ከእርሱ ቀጥሎ ነገሠ።
1b6d450b-82eb-573b-a460-d5c5eb0f5ed3,ac77930a-d600-58cd-ab37-182d44515b2a,19a790e9-1827-5098-a7cc-49dd327fdeae,9,9,ኢኮንያንም መንገሥ በጀመረ ጊዜ የዐሥራ ስምንት ዓመት ጐልማሳ ነበረ፤ በኢየሩሳሌምም ሦስት ወር ከዐሥር ቀን ነገሠ፤ በእግዚአብሔርም ፊት ክፉ አደረገ።
939cea90-00c2-51d4-a0c1-b35b1cd85a62,ac77930a-d600-58cd-ab37-182d44515b2a,19a790e9-1827-5098-a7cc-49dd327fdeae,10,10,ዓመቱም ባለፈ ጊዜ ንጉሡ ናቡከደነፆር ልኮ ወደ ባቢሎን ወሰደው፤ የከበረውንም የእግዚአብሔርን ቤት ዕቃ ከእርሱ ጋር አስወሰደ፤ የአባቱን የኢዮአቄምን ወንድም ሴዴቅያስን በይሁዳና በኢየሩሳሌም ላይ አነገሠ።
75acc583-986e-5023-a7a7-18b4f6294cbd,ac77930a-d600-58cd-ab37-182d44515b2a,19a790e9-1827-5098-a7cc-49dd327fdeae,11,11,ሴዴቅያስም መንገሥ በጀመረ ጊዜ የሃያ አንድ ዓመት ጐልማሳ ነበረ፤ በኢየሩሳሌምም ዐሥራ አንድ ዓመት ነገሠ።
496ff35f-eb1c-5ad4-a8cb-24000688a906,ac77930a-d600-58cd-ab37-182d44515b2a,19a790e9-1827-5098-a7cc-49dd327fdeae,12,12,በአምላኩም በእግዚአብሔር ፊት ክፉ አደረገ፤ ከነቢዩ ከኤርምያስ ፊት፥ ከእግዚአብሔርም ቃል የተነሣ አላፈረም።
223ada58-7d8a-5835-ad24-7dadc76e36af,ac77930a-d600-58cd-ab37-182d44515b2a,19a790e9-1827-5098-a7cc-49dd327fdeae,13,13,ደግሞም በእግዚአብሔር ስም አምሎት በነበረው በንጉሡ በናቡከደነፆር ላይ ዐመፀ፤ ወደ እስራኤልም አምላክ ወደ እግዚአብሔር እንዳይመለስ አንገቱን አደነደነ፤ ልቡንም አጠነከረ።
1b0bdc8a-70e6-52c8-ac85-740c4afce7e5,ac77930a-d600-58cd-ab37-182d44515b2a,19a790e9-1827-5098-a7cc-49dd327fdeae,14,14,የይሁዳም ታላላቅ ሰዎች ካህናቱና የሀገሩም ሕዝብ በአሕዛብ ርኵሰት ሁሉ መተላለፍን አበዙ፤ በኢየሩሳሌምም ያለውን የእግዚአብሔርን ቤት አረከሱ።
c1079d52-bd54-5803-a09f-a3052f867f64,ac77930a-d600-58cd-ab37-182d44515b2a,19a790e9-1827-5098-a7cc-49dd327fdeae,15,15,የአባቶቻቸውም አምላክ እግዚአብሔር ለሕዝቡና ለማደሪያው ስላዘነ ማለዳ ተነሥቶ በነቢያቱ እጅ ወደ እነርሱ ይልክ ነበር።
434bb2a3-f71f-5a48-a4f3-c03b0513302f,ac77930a-d600-58cd-ab37-182d44515b2a,19a790e9-1827-5098-a7cc-49dd327fdeae,16,16,እነርሱ ግን የእግዚአብሔር ቍጣ በሕዝቡ ላይ እስኪወጣ ድረስ፥ ፈውስም እስከማይገኝላቸው ድረስ፥ በእግዚአብሔር መልእክተኞች ይሳለቁ፥ ቃሉንም ያቃልሉ፥ በነቢያቱም ላይ ያፌዙ ነበር።
ae114253-754c-59e1-adc1-abed7a847d80,ac77930a-d600-58cd-ab37-182d44515b2a,19a790e9-1827-5098-a7cc-49dd327fdeae,17,17,ስለዚህም የከለዳውያንን ንጉሥ አመጣባቸው፤ እርሱም ጐልማሶቻቸውን በቤተ መቅደሱ ውስጥ በሰይፍ ገደላቸው፤ለንጉሣቸው ለሴዴቅያስም አልራራለትም፤ ደናግሉንም አልማረም፤ ሽማግሌዎቻቸውንም ወሰዳቸው፤ ሁሉንም እግዚአብሔር በእጁ አሳልፎ ሰጠው።
da036d20-8a63-53d9-a765-508c7f88d3ea,ac77930a-d600-58cd-ab37-182d44515b2a,19a790e9-1827-5098-a7cc-49dd327fdeae,18,18,የእግዚአብሔርንም ቤት ዕቃ ሁሉ፥ ታላቁንና ታናሹን፥ የእግዚአብሔርንም ቤት መዝገብ፥ የንጉሡንም ቤት መዝገብ፥ የአለቆቹንም ቤት መዝገብ፥ እነዚህን ሁሉ ወደ ባቢሎን ወሰደ።
14a6b6be-5a86-5d08-a3de-2545d3168d3a,ac77930a-d600-58cd-ab37-182d44515b2a,19a790e9-1827-5098-a7cc-49dd327fdeae,19,19,የእግዚአብሔርንም ቤተ መቅደስ አቃጠለ፤ የኢየሩሳሌምንም ቅጥር አፈረሰ፤ አዳራሾችዋንም በእሳት አቃጠለ፤ መልካሙንም ዕቃዋን ሁሉ አጠፋ።
027b0143-aa4f-5439-a4e3-d8c2614ae8ad,ac77930a-d600-58cd-ab37-182d44515b2a,19a790e9-1827-5098-a7cc-49dd327fdeae,20,20,የተረፉትንም ወደ ባቢሎን ማረካቸው፤ የሜዶንም ንጉሥ እስኪነግሥ ድረስ ለንጉሡና ለልጆቹ ባሪያዎች ሆኑ፤
4ba22ef3-9c50-55e7-a491-26ecd1dcde35,ac77930a-d600-58cd-ab37-182d44515b2a,19a790e9-1827-5098-a7cc-49dd327fdeae,21,21,በኤርምያስ አፍ የተነገረው የእግዚአብሔር ቃል እንዲፈጸም፥ ምድሪቱ ሰንበትን በማድረግዋ እስክታርፍ ድረስ፥ በተፈታችበትም ዘመን ሁሉ፥ ሰባ ዓመት እስኪፈጸም ድረስ፥ ሰንበትን አገኘች።
9274a372-6ed2-50c8-a9d9-f4f0bd1a6eca,ac77930a-d600-58cd-ab37-182d44515b2a,19a790e9-1827-5098-a7cc-49dd327fdeae,22,22,በኤርምያስም አፍ የተናገረው የእግዚአብሔር ቃል ከተፈጸመ በኋላ በፋርስ ንጉሥ በቂሮስ በመጀመሪያው ዓመት እግዚአብሔር የፋርስን ንጉሥ የቂሮስን መንፈስ አስነሣ፤ በመንግሥቱም ሁሉ አዋጅ ይነገር ዘንድ በጽሕፈት እንዲህ ሲል አዘዘ፤
883d3234-06a7-5799-adab-645fefa798e5,ac77930a-d600-58cd-ab37-182d44515b2a,19a790e9-1827-5098-a7cc-49dd327fdeae,23,23,“የፋርስ ንጉሥ ቂሮስ እንዲህ ይላል፦ የሰማይ አምላክ እግዚአብሔር የምድርን መንግሥታት ሁሉ ሰጥቶኛል፤ እርሱም በይሁዳ ባለችው በኢየሩሳሌም ቤትን እሠራለት ዘንድ አዝዞኛል፤ ከሕዝቡም ሁሉ በእናንተ ዘንድ ማንም ቢሆን አምላኩ እግዚአብሔር ከእርሱ ጋር ይሁን፤ እርሱም ይውጣ።”
551f5817-a6c3-50c4-ac5e-62ed4529238b,338674e8-7c9f-500b-a803-e95d09f9457f,4d7cfa62-5216-5974-a454-df374a73a674,1,1,የእስራኤል ልጆች ከግብፅ በወጡበት በመጀመሪያው ዘመን እንዲህ ሆነ። በሦስተኛው ወር፥ ያ ወር በባተ በዐሥራ ስድስተኛው ቀን፥ እግዚአብሔር፥ “ከእኔ ዘንድ ወደዚህ ተራራ ውጣ፤ በጻፍኸውም መጠን ልብ ታስደርጋቸው ዘንድ ሕጉና ሥርዐቱ የተጻፉባቸውን ሁለቱን የዕንቍ ጽላት እሰጥሀለሁ” ብሎ ለሙሴ ተናገረ።
31d28e80-2c1f-5240-a271-c0a648d87a1c,338674e8-7c9f-500b-a803-e95d09f9457f,4d7cfa62-5216-5974-a454-df374a73a674,2,2,ሙሴም ወደ እግዚአብሔር ተራራ ወጣ። የእግዚአብሔርም ብርሃን በደብረ ሲና ተገለጠ። ስድስት ቀንም ደመና ጋረደው።
d1122d73-5911-5d00-a28f-00e81ad24997,338674e8-7c9f-500b-a803-e95d09f9457f,4d7cfa62-5216-5974-a454-df374a73a674,3,3,በሰባተኛዪቱም ቀን በደመና መካከል ሆኖ ሙሴን ጠራው፤ የእግዚአብሔርም ብርሃን በተራራው ራስ ላይ እንደ እሳት ሲነድድ አየ።
88a91a4d-20a8-5a85-a2b5-311de91a52a8,338674e8-7c9f-500b-a803-e95d09f9457f,4d7cfa62-5216-5974-a454-df374a73a674,4,4,ሙሴም በተራራው ላይ አርባ ቀንና አርባ ሌሊት ተቀመጠ። እግዚአብሔርም ያለፈውንና የሚመጣውን፥ ሕጉ የሚጠበቅበትንና አምልኮቱ የሚነገርበትን፥ የዘመኑን ሁሉ አከፋፈል ነገር አመለከተው።
2ef0e8d1-f615-52ab-a667-bdb025214baa,338674e8-7c9f-500b-a803-e95d09f9457f,4d7cfa62-5216-5974-a454-df374a73a674,5,5,እንዲህም አለው፥ “በዚህ ተራራ ላይ እኔ በምነግርህ ነገር ሁሉ ልብህን አኑር። በአንተና በእኔ መካከል በደብረ ሲና ዛሬ ለልጆቻቸው የሚደረገውን፥ እኔ የምሠራውን ሥርዐት ለማስፈረስ ስለ ሠሩት ኀጢአት ሁሉ እንደ ተለየሁአቸው ልጆቻቸው ይሰሙ ዘንድ በመጽሐፍ ጻፈው።”
58bec477-60fe-5794-a2cb-42d4824ba9c8,338674e8-7c9f-500b-a803-e95d09f9457f,4d7cfa62-5216-5974-a454-df374a73a674,6,6,ይህ ሁሉ ነገር በእነርሱ ላይ በመጣባቸው ጊዜ እንዲህ ይናገራል። በፈረድሁባቸው ሁሉ፥ በሥራቸውም ሁሉ ከእነርሱ ይልቅ እኔ እውነተኛ እንደ ሆንሁ ያውቃሉ፤ ከእነርሱም ጋር ያለሁ እንደ ሆንሁ ያውቃሉ።
b829db78-8bc3-52af-a507-b65a042a1587,338674e8-7c9f-500b-a803-e95d09f9457f,4d7cfa62-5216-5974-a454-df374a73a674,7,7,አንተም እኔ ዛሬ የነገርሁህን ይህን ሁሉ ነገር ጻፍ። እኔ ቍጣቸውን አውቃለሁና፥ ማርና ወተትን የምታስገኝ ሀገርን ለልጆቻችሁ እሰጣለሁ ብዬ ለአብርሃምና ለይስሐቅ ለያዕቆብም ወደማልሁላቸው ሀገር ሳላገባቸው አንገታቸው ደንዳና እንደ ሆነ አውቃለሁና፥ በልተውና ጠግበው ከመከራቸው ሁሉ ወደማያድናቸው ወደ ልዩ ጣዖት ይመለሳሉና።
b3c86426-de07-5ecb-a1c3-c03ac784460a,338674e8-7c9f-500b-a803-e95d09f9457f,4d7cfa62-5216-5974-a454-df374a73a674,8,8,ይህች መጽሐፍ በእነርሱ ላይ ሥርዐት ትሁንባቸው። እኔ የማዝዛቸውን ትእዛዜን ሁሉ ይዘነጋሉና፥ አሕዛብንም ተከትለው ወደ ኀጢአታቸው ይሄዳሉና፥ ለጣዖቶቻቸውም ይገዛሉና፤ በእነርሱም መከራንና ጭንቅን፥ ጦርንም ለማምጣት መሰናክል ይሆንባቸዋል።
941fdf64-121b-5e12-a295-5d3623164894,338674e8-7c9f-500b-a803-e95d09f9457f,4d7cfa62-5216-5974-a454-df374a73a674,9,9,“ብዙ ሰዎች ይጠፋሉ፥ ተይዘውም በጠላቶቻቸው እጅ ይወድቃሉ። ሥርዐቴንና ትእዛዜን፥ የቃል ኪዳኔንም በዓላት፥ ሰንበታትንም፥ በመካከላቸውም የለየሁትን ቅድሳቴን፤ ስሜ በእርሱ ይጠራ ዘንድ፥ ያድርበትም ዘንድ በምድር መካከል ያከበርሁትን ድንኳኔንና መቅደሴን ትተዋልና።
a4d94a91-cab9-5a4d-afc6-88e1c8a8b2c8,338674e8-7c9f-500b-a803-e95d09f9457f,4d7cfa62-5216-5974-a454-df374a73a674,10,10,በዓላትን፥ መስገጃ ዛፍንና ጣዖትን ሠርተው ለመሳት እየራሳቸው ይሰግዳሉ። ልጆቻቸውንም ለአጋንንት፥ በልቡናቸው ስተው ለሠሩትም ጣዖት ሁሉ ይሠዋሉ፤ አዳኝባቸውም ዘንድ ወደ እነርሱ ምስክሮችን እልካለሁ። ነገር ግን አይሰሙም፤ ምስክሮችንም ይገድላሉ።
9d977a35-380e-50ea-a3f8-c59a8bd4ea2b,338674e8-7c9f-500b-a803-e95d09f9457f,4d7cfa62-5216-5974-a454-df374a73a674,11,11,ሕግን የሚሹ ሰዎችንም ይገድሉአቸዋል፤ ከሀገርም አስወጥተው ይሰድዱአቸዋል፤ ሁሉንም ያቦዝናሉ፤ በዐይኖችም ፊት ክፉ ሥራ መሥራትን ይጀምራሉ።
8efe23f5-2ae0-5ccb-ad8a-1b065814250b,338674e8-7c9f-500b-a803-e95d09f9457f,4d7cfa62-5216-5974-a454-df374a73a674,12,12,ከእነርሱም ፊቴን እመልሳለሁ፤ ለመበዝበዝና ለመማረክ፥ ለመዘረፍም ይሆኑ ዘንድ በአሕዛብ እጅ አሳልፌ እሰጣቸዋለሁ፤ ከኢየሩሳሌምም መካከል አርቃቸዋለሁ፤ በአሕዛብም መካከል እበትናቸዋለሁ።
5c49fd17-3754-5e11-a593-8104a70b2021,338674e8-7c9f-500b-a803-e95d09f9457f,4d7cfa62-5216-5974-a454-df374a73a674,13,13,“ሕጌን ሁሉ፥ ትእዛዜንም ሁሉ፥ ፍርዴንም ሁሉ፥ ሥርዐቴንም ሁሉ ይዘነጋሉ። የወሩን መባቻና ሰንበትን፥ በዓሉንና ኢዮቤልዩን፥ ሥርዐቱንም፥ ይዘነጋሉ።
ec4ad966-f969-5cd4-aa46-6f9fb3b2762d,338674e8-7c9f-500b-a803-e95d09f9457f,4d7cfa62-5216-5974-a454-df374a73a674,14,14,ከዚህም በኋላ በፍጹም ልባቸው፥ በፍጹም ነፍሳቸው፥ በፍጹም ኀይላቸውም ከአሕዛብ መካከል ወደ እኔ ይመለሳሉ። እኔም ከአሕዛብ ሁሉ መካከል እሰበስባቸዋለሁ።
a5bb8cbd-ca33-5768-a0bd-69856ac0a5a3,338674e8-7c9f-500b-a803-e95d09f9457f,4d7cfa62-5216-5974-a454-df374a73a674,15,15,እገለጥላቸው ዘንድ ይፈልጉኛል። በፍጹም ልባቸውና በፍጹም ነፍሳቸውም በፈለጉኝ ጊዜ፥ እኔ በእውነት ብዙ ሰላምን እገልጥላቸዋለሁ፤ በፍጹም ልቤና በፍጹም ነፍሴ ወደ ቀና ሕግ እመልሳቸዋለሁ።
e3085ea2-65ee-5238-ad88-f7b273484999,338674e8-7c9f-500b-a803-e95d09f9457f,4d7cfa62-5216-5974-a454-df374a73a674,16,16,ለበረከት ይሆናሉ፤ ለመርገምም አይደለም፤ ራስ ይሆናሉ፤ ጅራትንም አይደለም፤ በመካከላቸውም መቅደሴን እሠራለሁ፤ ከእነርሱም ጋር እኖራለሁ፤ አምላካቸውም እሆናቸዋለሁ፤ እነርሱም በሚገባ በእውነት ሕዝቤ ይሆናሉ፤ እኔም እግዚአብሔር አምላካቸው ነኝና አልተዋቸውም፤ አልለያቸውምም።”
f6c1d68d-3133-52de-afbf-47c3eddc74bc,338674e8-7c9f-500b-a803-e95d09f9457f,4d7cfa62-5216-5974-a454-df374a73a674,17,17,ሙሴም በግንባሩ ተደፍቶ ጸለየ፤ እንዲህም አለ፥ “አቤቱ፥ አምላኬ፥ በልቡናቸው ስሕተት ይሄዱ ዘንድ ርስትህ የሆኑ ወገኖችህን አትተው። ይገዙአቸውም ዘንድ፥ አንተንም እንዲበድሉ ያደርጓቸው ዘንድ በጠላቶቻቸው በአሕዛብ እጅ አትጣላቸው።
3d36d518-c48e-5304-a205-03d714965165,338674e8-7c9f-500b-a803-e95d09f9457f,4d7cfa62-5216-5974-a454-df374a73a674,18,18,አቤቱ፥ ይቅርታህ በወገኖችህ ላይ ከፍ ከፍ ይበል፤ የቀና ልቡናንም ፍጠርላቸው። በፊትህ ለማጣላት ፥ ከባለምዋልነትህም ይጠፉ ዘንድ ከእውነተኛ ሥራ ሁሉ ለማሰነካከል የዲያብሎስ መንፈስ አይሠልጥንባቸው።
d1553244-59cb-5eda-aada-7ec26756b5de,338674e8-7c9f-500b-a803-e95d09f9457f,4d7cfa62-5216-5974-a454-df374a73a674,19,19,እነርሱስ በታላቅ ኀይልህ ከግብፅ ሰዎች እጅ ያዳንኻቸው ወገኖችህና ማደሪያዎችህ ናቸው። ንጹሕ ልቡናን ፍጠርላቸው። የተቀደሰ መንፈስንም አሳድርባቸው፤ ከዛሬ ጀምሮ እስከ ዘለዓለም ድረስ በኀጢአታቸው አይሰነካከሉ።”
14fe3352-46fb-5fe7-afb7-b984b8fb1dc3,338674e8-7c9f-500b-a803-e95d09f9457f,4d7cfa62-5216-5974-a454-df374a73a674,20,20,እግዚአብሔርም ሙሴን እንዲህ አለው፥ “እኔ ክርክራቸውንና አሳባቸውን አውቃለሁ፤ አንገታቸው ደንዳና ነው። ኀጢአታቸውንና የአባቶቻቸውን ኀጢአት እስኪያውቁ ድረስ አይሰሙም።
e5f89336-8148-5350-a391-c856bed3a595,338674e8-7c9f-500b-a803-e95d09f9457f,4d7cfa62-5216-5974-a454-df374a73a674,21,21,ከዚህም በኋላ በፍጹም ቅንነት፥ በፍጹም ልቡናና በፍጹም ሰውነት ወደ እኔ ይመለሳሉ። የልቡናቸውን ቈላፍነትና የዘራቸውን ልቡና ቈላፍነት እቈርጣለሁ። ንጹሕ ልቡናንም እፈጥርላቸዋለሁ።
9a7e1cbd-56d1-56c5-a9b3-7093b7498943,338674e8-7c9f-500b-a803-e95d09f9457f,4d7cfa62-5216-5974-a454-df374a73a674,22,22,ከዚያች ቀን ጀምሮ እስከ ዘለዓለም ድረስ እኔን ከመከተል ወደ ኋላ እንዳይመለሱ አነጻቸዋለሁ፤ ልቡናቸውም እኔን ትከተላለች፤ ትእዛዜንም ሁሉ ይፈጽማሉ።
4d197e61-ab64-51de-a1cc-46c043dc6157,338674e8-7c9f-500b-a803-e95d09f9457f,4d7cfa62-5216-5974-a454-df374a73a674,23,23,አባት እሆናቸዋለሁ፤ እነርሱም ልጆች ይሆኑኛል፤ ሁሉም የሕያው አምላክ ልጆች ይባላሉ። መልአክ ሁሉ፥ ሰውም ሁሉ ያውቃቸዋል። እነርሱ ልጆች እንደ ሆኑ፥ እኔም በሚገባና በእውነት አባታቸው እንደ ሆንሁ፥ እንደምወድዳቸውም ያውቋቸዋል።
86ac5532-c3ce-5acf-a872-94fe4064aa31,338674e8-7c9f-500b-a803-e95d09f9457f,4d7cfa62-5216-5974-a454-df374a73a674,24,24,አንተም በዚህ ተራራ ላይ እኔ የምነግርህን ይህን ነገር ሁሉ፥ የፊቱንና የኋላውን፥ ይመጣ ዘንድ ያለውንም፥ ሕጉና አምልኮቱም በሚነገሩበት በዓመቱ ቍጥር እስከ ዘለዓለም ድረስ የሚሆነውን የዘመኑን አከፋፈል ሁሉ፥ እኔም ወርጄ በዘመኑ ሁሉ ከእነርሱ ጋር እስክኖር ድረስ የሚደረገውን ሁሉ ጻፍ።”
be9b40c1-4a07-591a-ac8e-72fd2ae4c67c,338674e8-7c9f-500b-a803-e95d09f9457f,4d7cfa62-5216-5974-a454-df374a73a674,25,25,መልአከ ገጹንም እንዲህ አለው፥ “ዓለም ከተፈጠረ ጀምሮ ለዘለዓለም የምመሰገንበት ቤተ መቅደስ በመካከላቸው እስኪሠራ ድረስ እግዚአብሔርም ለሁሉ እስኪታይ ድረስ የሚሆነውን ለሙሴ ጻፍለት።
c5c4a912-6c1b-50d5-a2c2-5ee054326df8,338674e8-7c9f-500b-a803-e95d09f9457f,4d7cfa62-5216-5974-a454-df374a73a674,26,26,እኔ የእስራኤል አምላክ እንደ ሆንሁ፥ ለያዕቆብ ልጆች ሁሉ አባት እንደ ሆንሁ፤ በደብረ ጽዮንም ለዘለዓለም ንጉሥ እንደ ሆንሁ ሁሉ ያውቃል፤ ጽዮን ኢየሩሳሌምም የከበረች ትሆናለች።”
555a73e8-a761-5877-a22a-c838f0aa104b,8a139fb8-ff8d-597b-af78-d4cd967eff55,c368a166-0f59-526e-a0bb-2743bc0b4264,1,1,በእስራኤል ሠራዊት ፊት የሚሄድ መልአከ ገጹም የዘመኖች አከፋፈል የተጻፈበትን ጽላት ያዘ።
69308de6-24dc-57bb-ad28-d807d8fc2f8f,8a139fb8-ff8d-597b-af78-d4cd967eff55,c368a166-0f59-526e-a0bb-2743bc0b4264,2,2,ይኸውም ለሕግና ለምስክርነት በሱባዔ የሚቈጠረው የዘመኑ አከፋፈል ከዓለም ፍጥረትና አዲስ ፍጥረት ከተፈጠረበት ቀን ጀምሮ፥ ሰማያትና ምድር፥ ፍጥረታቸውም ሁሉ የሰማይ ሠራዊት እንደ መሆናቸው እስኪታደሱ ድረስ ያለው የተጻፈበት ነው።
404e7816-5d45-5c1c-a08d-7cc6767abc1b,8a139fb8-ff8d-597b-af78-d4cd967eff55,c368a166-0f59-526e-a0bb-2743bc0b4264,3,3,የምድር ፍጥረት ሁሉ እንደ መሆናቸውም የእግዚአብሔር መቅደስ በኢየሩሳሌምና በደብረ ጽዮን እስኪሠራ ድረስ፥ ብርሃናትም ሁሉ ከእስራኤል ለተመረጡ ሰዎች ሁሉ ለደኅንነት፥ ለሰላምና ለበረከት ሊሆኑ እስኪታደሱ ድረስ፥ ከዚህች ቀን ጀምሮ እስከ ምድር ዘመን ሁሉ እንደዚሁ ይሆን ዘንድ የሚደረገው ሁሉ የተጻፈበት ነው።
8f39273f-cbeb-561b-a580-fc769b3f582a,8a139fb8-ff8d-597b-af78-d4cd967eff55,c368a166-0f59-526e-a0bb-2743bc0b4264,4,4,መልአከ ገጹም በእግዚአብሔር ቃል ሙሴን እንዲህ አለው፥ “እግዚአብሔር አምላክ በስድስተኛው ቀን ፍጥረቱን ሁሉ ፈጥሮ እንደ ጨረሰ፥ የፍጥረትን ነገር ሁሉ ጻፍ፤
df54c031-b252-5627-a3cf-a8a69dff7e8f,8a139fb8-ff8d-597b-af78-d4cd967eff55,c368a166-0f59-526e-a0bb-2743bc0b4264,5,5,በሰባተኛዪቱም ቀን እንዳረፈ፥ ከዕለታቱም ሁሉ እንደ ለያት፥ ለሥራውም ሁሉ ምልክት አድርጎ እንዳኖራት ጻፍ። በመጀመሪያዪቱ ቀን በላይ ያሉ ሰማዮችን ፈጥሮአልና፤ ምድርንና ውኃዎችንም፥ በፊቱ የሚያገለግል ፍጥረትንም ሁሉ ፈጥሮአልና።
7c1a211f-0edb-5280-a7b0-60d9c1c7ee14,8a139fb8-ff8d-597b-af78-d4cd967eff55,c368a166-0f59-526e-a0bb-2743bc0b4264,6,6,መላእክተ ገጽንም፥ የሚያመሰግኑ መላእክትንም፥ በእሳት አካል ላይ የተሾሙ መላእክትንም፥ በነፋስ አካል ላይ የተሾሙ መላእክትን፥ በብርሃንና በጨለማ አካል ላይ የተሾሙ መላእክትንም፥ በበረድና በውርጭ አካል ላይ የተሾሙ መላእክትንም፥
492be62e-782e-555c-ae45-bc0c5ae78580,8a139fb8-ff8d-597b-af78-d4cd967eff55,c368a166-0f59-526e-a0bb-2743bc0b4264,7,7,በውኃ ላይ የተሾሙ መላእክትን፥ በነጐድጓድና በመብረቅ ላይ የተሾሙ መላእክትን፥ በቍርና በውርጭ፥ በክረምትና በመጸው፥ በጸደይና በበጋ፥ በሰማይና በምድር ባሉ ነፋሳት ሁሉ የተሾሙ መላእክትን፥ በወንዙ ሁሉ፥ በጨለማና በብርሃን፥ በንጋትና በምሽት በባሕርይ ዕውቀቱ ባዘጋጃቸው ላይ የተሾሙ መለእክትን ፈጥሮአልና።”
cc943b0a-cf2e-5a72-a43d-d7d4a42cadbf,8a139fb8-ff8d-597b-af78-d4cd967eff55,c368a166-0f59-526e-a0bb-2743bc0b4264,8,8,ያንጊዜም ሥራውን አይተን ስለ ሠራው ሥራ ሁሉ በፊቱ ፈጽመን አመሰገንነው፤ በመጀመሪያዪቱ ቀን ሰባት ታላላቅ ሥራዎችን ሠርቶአልና።
f1998d81-98b0-56ef-a8e4-af9c80de92a3,8a139fb8-ff8d-597b-af78-d4cd967eff55,c368a166-0f59-526e-a0bb-2743bc0b4264,9,9,በሁለተኛዪቱም ቀን በሐኖስና በውቅያኖስ መካከል ጠፈርን አድርጎአልና፤ በዚያችም ቀን ውኃዎች ተከፍለው እኩሌቶቹ ወደ ላይ ወጥተዋልና፤ እኵሌቶቹ ከጠፈር በታች ወዳለው ወደ ምድር መካከል ወርደዋልና፤ በሁለተኛው ቀን ይህን ሥራ ብቻ ሠራ።
bcae62ac-76a8-56ff-a0cc-1b5b41038c38,8a139fb8-ff8d-597b-af78-d4cd967eff55,c368a166-0f59-526e-a0bb-2743bc0b4264,10,10,በሦስተኛዪቱም ቀን፥ “ውኃዎች ከምድር ላይ ወደ አንዱ ቦታ ሄደው ይወሰኑ፥ ምድርም ትገለጥ” ብሎ እንደ ተናገረው አድርጎአልና።
7e98841b-9806-54a6-a26f-a6ab0f15e098,8a139fb8-ff8d-597b-af78-d4cd967eff55,c368a166-0f59-526e-a0bb-2743bc0b4264,11,11,ውኃዎችም እንዳዘዛቸው እንደዚሁ ተዘጋጁ። ከምድር ፊት ወደ አንድ ቦታ ሄደው ከዚህ ከጠፈር በታች በውቅያኖስ ተወሰኑ፤ ምድርም ተገለጠች።
e1fc4dd2-22ae-50bb-aed1-aad044c95876,8a139fb8-ff8d-597b-af78-d4cd967eff55,c368a166-0f59-526e-a0bb-2743bc0b4264,12,12,በዚያችም ቀን በየመወሰኛቸው የባሕር ጥልቆችን ፈጠረላት፤ ፈሳሾችንም ሁሉ፥ የውኃዎችንም መወሰኛዎች፥ በተራራዎች ሥር በምድር ውስጥ ምንጮች ሁሉና በተራራዎች ሥር ያሉ የውኃዎችን መወሰኛዎች ሁሉ፥ በምድር ያሉ የውኃዎችንም ጕድጓድ ሁሉ ፈጠረላት። በየዘሩም የሚዘራውን ዘር፥ የሚበላውንም ዘር ሁሉ፥ የሚያፈሩ እንጨቶችንና ዛፎችንም፥ በገነትም ለተድላ የተፈጠሩ ተክሎችን፥ በሦስተኛዪቱ ቀን እነዚህን አራቱን ታላላቆች ፍጥረቶች ፈጠረ።
29c79ba9-f19b-5b9b-acf1-94fb91de3d4e,8a139fb8-ff8d-597b-af78-d4cd967eff55,c368a166-0f59-526e-a0bb-2743bc0b4264,13,13,በአራተኛዪቱም ቀን ጨረቃንና ፀሓይን፥ ከዋክብትንም ፈጥሮ በዓለሙ ሁሉ ያበሩ ዘንድ በጠፈር አኖራቸው። ሌሊትንና ቀንንም አስገዛቸው፤ በብርሃንና በጨለማ መካከልም ለመለየት ድንበር አደረጋቸው።
fa842310-9bd8-5782-a5b6-f63ae773a32d,8a139fb8-ff8d-597b-af78-d4cd967eff55,c368a166-0f59-526e-a0bb-2743bc0b4264,14,14,እግዚአብሔርም በምድር ላይ ለቀኖችና ለሱባዔዎች፥ ለወሮችና ለበዓሎች፥ ለዓመታትና ለኢዮቤላት፥ በዓመት ለሚመላለሱ ሰዓቶችም ሁሉ ታላቅ ምልክት እንዲሆን፥ በብርሃንና በጨለማ መካከልም ድንበርን እንዲለይ፥ በምድርም ላይ የሚበቅለውና የሚያድገው ሁሉ ይድን ዘንድ፥ ለማዳን ፀሐይን ፈጠረ፤ በአራተኛዪቱ ቀን እነዚህን ሦስቱን ፍጥረቶች ፈጥረ።
e09c33ec-7407-5638-a09e-a8919cba0dbf,8a139fb8-ff8d-597b-af78-d4cd967eff55,c368a166-0f59-526e-a0bb-2743bc0b4264,15,15,በአምስተኛዪቱም ቀን በጥልቅ ውኃዎች መካከል ያሉትን ታላላቅ ዓሣ አንበሪዎች ፈጠረ። ይህ ሁሉ መጀመሪያ በእጁ ተፈጥሮአልና፤ ሥጋዊ ደማዊ ሁሉ፥ በውኃዎችም ውስጥ የሚመላለስ ፍጥረት ሁሉ፥ ዓሣዎችና የሚበሩ ወፎች ሁሉ፥ ወገኖቻቸውም ሁሉ ተፈጥረዋልና፤
8ec33a98-0a0b-5b47-a3d1-09d573ef9ae5,8a139fb8-ff8d-597b-af78-d4cd967eff55,c368a166-0f59-526e-a0bb-2743bc0b4264,16,16,ፀሓይም ሕይወት ሊሆናቸው በእነርሱ ላይ ወጥቶአልና፥ በዚህ ዓለም በሚኖር ፍጥረትና በምድር በሚበቅለው ሁሉ ላይ፥ በሚያፈራውም እንጨት ሁሉ ላይ፥ በሥጋዊ ደማዊ ሁሉ ላይ ወጥቶአልና፤ በአምስተኛዪቱ ቀን እነዚህን ሦስቱን ፍጥረታት ሁሉ ፈጠረ።
6a7546af-b144-5cb6-a56e-4ab149dd3258,8a139fb8-ff8d-597b-af78-d4cd967eff55,c368a166-0f59-526e-a0bb-2743bc0b4264,17,17,በስድስተኛዪቱም ቀን እንስሳትንና አራዊትን ሁሉ በምድር ላይ የሚመላለሰውንም ፍጥረት ሁሉ ፈጠረ።
cfd696ce-1ea4-5f93-aa83-00a2da825fe9,a4642125-5210-5537-a3a2-47e394d146c1,83f91160-6c53-56c5-a677-b977b320bb8c,1,1,ከዚህም ሁሉ በኋላ ሰውን ፈጠረ፤ ወንድና ሴት አድርጎ ፈጠራቸው፤ በምድር ላይና በባሕር ውስጥ ባለውም ሁሉ ላይ አሠለጠነው። በሚበርሩ አዕዋፍ ላይና በአራዊት ላይ፥ በእንስሳት ላይና በምድር ላይ በሚንቀሳቀሰው ላይ፥ በምድርም ሁሉ ላይ፥ በዚህም ሁሉ ላይ አሠለጠነው፤ በስድስተኛዪቱ ቀን እነዚህን አራት ዓይነት ፍጥረታት ፈጠረ።
21e04da3-13e1-5358-a7bb-220ca56d57ec,a4642125-5210-5537-a3a2-47e394d146c1,83f91160-6c53-56c5-a677-b977b320bb8c,2,2,ሁሉም ሃያ ሁለት ዓይነት ፍጥረት ሆነ፤ በስድስተኛዪቱም ቀን በሰማይና በምድር፥ በባሕሩና በጥልቁ ውስጥ፥ በብርሃንና በጨለማ መካከል፥ በሁሉም ላይ ያለውን ፍጥረት ሁሉ ፈጥሮ ፈጸመ።
645cb8c4-96cc-5fb3-afb7-675c1507e037,a4642125-5210-5537-a3a2-47e394d146c1,83f91160-6c53-56c5-a677-b977b320bb8c,3,3,ስድስት ቀን ሥራ ሠርተን በሰባተኛዪቱ ቀን ከሥራ ሁሉ እናርፍ ዘንድ ታላቅ ምልክት ሰባተኛዪቱን ቀን ሰጠን።
685a105f-2ce7-590a-a378-ff47de4d6191,a4642125-5210-5537-a3a2-47e394d146c1,83f91160-6c53-56c5-a677-b977b320bb8c,4,4,መላእክተ ገጽ ሁሉና የምስጋና መላእክት ሁሉ እነዚህ ሁለቱ ታላላቅ ወገኖች ናቸው። ከእርሱም ጋር በሰማይና በምድር ይህን እናከብር ዘንድ አዘዘን።
f3939c2b-730f-5eb3-a6b4-d623c8a4df29,a4642125-5210-5537-a3a2-47e394d146c1,83f91160-6c53-56c5-a677-b977b320bb8c,5,5,እንዲህም አለን፥ “እነሆ፥ እኔ ከአሕዛብ መካከል ሕዝብን እለያለሁ፤ እነርሱም ሰንበትን ያከብራሉ። ለእኔም ሕዝብ አድርጌ እለያቸዋለሁ፤ የሰንበትንም ቀን እንደ ቀደስኋት እባርካቸዋለሁ። ለእኔም እለያቸዋለሁ።
da4ec950-0511-5222-ab13-3b62ae1e3862,a4642125-5210-5537-a3a2-47e394d146c1,83f91160-6c53-56c5-a677-b977b320bb8c,6,6,እንዲህም እባርካቸዋለሁ። ሕዝቤም ይሆናሉ፤ እኔም አምላክ እሆናቸዋለሁ፤ በሁሉም ካየሁት የያዕቆብን ዘር መረጥሁ፥ ለእኔም የበኵር ልጅ አድርጌ ጻፍሁት፤ ለዘለዓለምም ቀደስሁት።
85e68909-631c-5de4-a25e-544c1908caf8,a4642125-5210-5537-a3a2-47e394d146c1,83f91160-6c53-56c5-a677-b977b320bb8c,7,7,“ከሥራ ሁሉ ያርፉባት ዘንድ የሰንበታትን ቀን አመለክታቸዋለሁ። እንደዚሁም በዓል ያከብሩባት ዘንድ ምልክት አደረግሁባት።
b9cf6d69-90cc-510b-a158-6b8c5236f35d,a4642125-5210-5537-a3a2-47e394d146c1,83f91160-6c53-56c5-a677-b977b320bb8c,8,8,እነርሱም በሰባተኛዪቱ ቀን ለመብላትና ለመጠጣት፥ ሁሉን የፈጠረ እግዚአብሔርንም ለማመስገን ከእኛ ጋር ነበሩ። ከእኛ ጋርም በአንድነት ያርፉ ዘንድ ከአሕዛብ ሁሉ ተለይቶ የሚታይ ሕዝብን ባረከ፥ ቀደሰም።
18698abf-be97-545f-a138-b663a18a20c2,a4642125-5210-5537-a3a2-47e394d146c1,83f91160-6c53-56c5-a677-b977b320bb8c,9,9,በዘመኑ ሁሉ በፊቱ የሚቀበለው በጎ መዓዛ ያርግ ዘንድ በፊቱ መሥዋዕትን ሠዋ፥ ከአዳም ጀምሮ እስከ ያዕቆብ ድረስ ያሉ አበው ሃያ ሁለት ናቸው። እስከ ሰባተኛዪቱም ቀን ድረስ ሃያ ሁለት ዓይነት ፍጥረት ተፈጠረ። ይህም የተባረከና የተቀደሰ ሰንበቱ ነው። እርሱም ቡሩክና ቅዱስ ነው።
ece8af0c-0158-5856-a30e-e81cf6308855,a4642125-5210-5537-a3a2-47e394d146c1,83f91160-6c53-56c5-a677-b977b320bb8c,10,10,ይህም ከዚህ ጋር ለምስጋናና ለበረከት ሆነ። ቀድሞ ሰባተኛው ቀን እንደ ተቀደሰና እንደ ተባረከ በዘመኑ ሁሉ ለምስክሩና ለሕጉ የተባረኩና የተቀደሱ ይሆኑ ዘንድ ይህ ለእርሱ ተሰጠው።
db86deee-5c9f-55c3-a147-878d8a59bad3,a4642125-5210-5537-a3a2-47e394d146c1,83f91160-6c53-56c5-a677-b977b320bb8c,11,11,“በመጀመሪያዪቱ ሱባዔ ሰማይንና ምድርን፥ በስድስት ቀን የተፈጠረውንም ፍጥረት ሁሉ ፈጠረ። እግዚአብሔርም ለፍጥረቱ ሁሉ የተቀደሰች የበዓል ቀንን ሰጠ። ስለዚህም ሥራን ሁሉ የሚሠራባት ሁሉ ይሞት ዘንድ፥ የሚሽራትም ሞትን ይሞት ዘንድ አዘዘ።
a4284e99-647c-5959-aaa5-bb3990346710,a4642125-5210-5537-a3a2-47e394d146c1,83f91160-6c53-56c5-a677-b977b320bb8c,12,12,አንተም የእስራኤልን ልጆች እዘዛቸው፥ እነርሱም እንዲያከብሯት፥ ሥራንም ሁሉ እንዳይሠሩባት፥ እንዳይሽሩአትም፥ ያችን ዕለት ይጠብቁ፤ ከዕለታት ሁሉ እርስዋ የተቀደሰች ናትና።
3e688693-780c-5620-a64c-99033bf4085c,a4642125-5210-5537-a3a2-47e394d146c1,83f91160-6c53-56c5-a677-b977b320bb8c,13,13,የሚያረክሳትም ሁሉ ሞትን ይሙት፤ ሥራንም የሚሠራባት ሁሉ ለዘለዓለሙ ሞትን ይሙት። የእስራኤልም ልጆች ከምድር እንዳይጠፉ በትውልዳቸው ይህችን ቀን ይጠብቁ። የተባረከችና የተቀደሰች ናትና።
f6387a9c-1fd6-50f6-aa1f-2dea92c15ddc,a4642125-5210-5537-a3a2-47e394d146c1,83f91160-6c53-56c5-a677-b977b320bb8c,14,14,የሚጠብቃት ሰው ሁሉ፥ ከሥራውም ሁሉ የሚያርፍባት ሰው በዘመኑ ሁሉ እንደ እኛ የተቀደሰና የተባረከ ይሆናል።
2492aa19-a458-5109-a5b5-eee108bf544a,a4642125-5210-5537-a3a2-47e394d146c1,83f91160-6c53-56c5-a677-b977b320bb8c,15,15,“ለእስራኤል ልጆች፦ የዚህችን ቀን ፍርድ አስረድተህ ንገር፤ ያክብሯትም፤ የማይገባ ሥራን ለመሥራትም የተዘጋጁ እንዳይሆኑ በልቡናቸው ስሕተት አይተዉአት፤ የሚታየውን ፈቃዳቸውንም በእርስዋ ለማድረግ የሚበላውንና የሚጠጣውን ሁሉ ያዘጋጁባት ዘንድ፥
8753c854-eb34-581e-a037-b22d162fc08b,a4642125-5210-5537-a3a2-47e394d146c1,83f91160-6c53-56c5-a677-b977b320bb8c,16,16,ውኃንም ለመቅዳት፥ በአደባባያቸውም ሸክሙን ሁሉ ለማግባትና ለማውጣት፥ እነርሱ በስድስት ቀን በቤታቸው ያላዘጋጁትን ሥራ አይሥሩ።
7055958f-7c47-5e72-aea9-18e2a9d8ceb2,a4642125-5210-5537-a3a2-47e394d146c1,83f91160-6c53-56c5-a677-b977b320bb8c,17,17,በኢዮቤልዩ ከሚቈጠር ቀን ሁሉ ተለይታ የከበረች ናትና በዚህች ቀን ከቤት ወደ ቤት አያውጡባት፥ አያግቡባትም። በምድር ዕረፍት ያደርጉባት ዘንድ ለሥጋዊ ሁሉ ሳይታወቅ እኛ በሰማያት ዕረፍትን አደረግንባት።”
a0a5d73c-332c-56c6-a255-6203289a52e1,a4642125-5210-5537-a3a2-47e394d146c1,83f91160-6c53-56c5-a677-b977b320bb8c,18,18,የሁሉ ፈጣሪም ባረካት፤ ከእስራኤልም ብቻ በቀር በእርስዋ ዕረፍት ለማድረግ አሕዛብን ሁሉ አልመረጠም፤ ነገር ግን በልቶና ጠጥቶ በምድር ዕረፍትን ሊያደርግባት ለእርሱ ብቻ ሰጠው።
b177ee54-b5df-524e-a7a1-6e4b1584d414,a4642125-5210-5537-a3a2-47e394d146c1,83f91160-6c53-56c5-a677-b977b320bb8c,19,19,ከቀኑ ሁሉ ተለይታ ለበረከትና ለቅድስና ለማመስገኛም ልትሆን ይህችን ቀን የፈጠረ የሁሉ ፈጣሪ ባረካት፤ ይህ ሕግ፥ ይህም ምስክር ለእስራኤል ልጆችና ለትውልዳቸውም ለዘለዓለም ሥርዐት ሆኖ ተሰጠ።
d7936624-796d-5190-a97e-b40fba41c551,abd0e24b-d83c-5b0e-a2f0-7450e1e81e68,24036f38-c2a4-5d16-a89c-c507104677b0,1,1,በሁለተኛዉ ሱባዔ በስድስቱ ቀናት በእግዚአብሔር ቃል አራዊትን ሁሉ፥ እንስሳትን ሁሉ፥ አዕዋፍን ሁሉና በምድር የሚንቀሳቀሰውን ፍጥረት ሁሉ፥ በውኃውም ውስጥ የሚንቀሳቀሰውን ፍጥረት ሁሉ በየወገናቸውና በየመልካቸው ወደ አዳም አመጣን።
0cf8c02f-d7c0-5197-a362-cc1518c35cc2,abd0e24b-d83c-5b0e-a2f0-7450e1e81e68,24036f38-c2a4-5d16-a89c-c507104677b0,2,2,በመጀመሪያዪቱ ቀን አራዊትን፥ በሁለተኛዪቱ ቀን እንስሳትን፥ በሦስተኛዪቱ ቀን አዕዋፍን፥ በአራተኛዪቱ ቀን በምድር ላይ የሚንቀሳቀሰውን ሁሉ፥ በአምስተኛዪቱም ቀን በውኃ ውስጥ የሚንቀሳቀሰውን ሁሉ። አዳምም ሁሉን በየስማቸው ጠራቸው፤ ስማቸውም አዳም እንደ ጠራቸው እንዲሁ ሆነ።
41e2f3e6-fa76-5b9e-afe2-5dbce829bea7,abd0e24b-d83c-5b0e-a2f0-7450e1e81e68,24036f38-c2a4-5d16-a89c-c507104677b0,3,3,በእነዚህም በአምስቱ ቀኖች አዳም እነዚህን ሁሉ፥ በምድር ያለውንም ፍጥረት ሁሉ ሴትና ወንድ ሆነው ያይ ነበር። እርሱ ግን ብቻውን ነበረ። እንደ እርሱ ያለ ረዳትንም ለራሱ አላገኘም ነበር።
86b64d66-3ed5-5076-a83f-a4c4b733768c,abd0e24b-d83c-5b0e-a2f0-7450e1e81e68,24036f38-c2a4-5d16-a89c-c507104677b0,4,4,እግዚአብሔርም ለእኛ እንዲህ አለን፥ “አዳም ብቻውን ይኖር ዘንድ መልካም አይደለም፤ ነገር ግን እንደ እርሱ ያለ ረዳትን እንፍጠርለት።” አምላካችን እግዚአብሔርም በእርሱ ላይ እንቅልፍን አመጣበት፤ እርሱም ተኛ።
7f7e2437-efa7-5258-ab6b-9add4d9becaf,abd0e24b-d83c-5b0e-a2f0-7450e1e81e68,24036f38-c2a4-5d16-a89c-c507104677b0,5,5,ከአጥንቶቹም መካከል አንድ አጥንት ወስዶ ሴትን ፈጠራት። ይህችም ጎን ከአጥንቶች መካከል የሴት መገኛ ናት፤ ስለ እርስዋም ፋንታ ሥጋን ሞላ። ሴትም አድርጎ ፈጠራት። አዳምንም ከእንቅልፉ አነቃው።
a0217f05-2fbf-5398-a5dd-04c1e7be279b,abd0e24b-d83c-5b0e-a2f0-7450e1e81e68,24036f38-c2a4-5d16-a89c-c507104677b0,6,6,አዳምም በስድስተኛዪቱ ቀን ከእንቅልፉ ነቅቶ በተነሣ ጊዜ ወደ እርሱ አመጣት፥ ዐወቃትም። እርሱም፥ “ከእኔ ከባልዋ ተገኝታለችና ይህች አጥንት ከአጥንቴ፥ ሥጋም ከሥጋዬ ናት፤ እርስዋም ሚስት ትሁነኝ” አላት። ስለዚህ ባልና ሚስት አንድ አካል ይሆናሉ።
433e58e8-decf-5efb-ac9e-6a7c7b3bd1c3,abd0e24b-d83c-5b0e-a2f0-7450e1e81e68,24036f38-c2a4-5d16-a89c-c507104677b0,7,7,ስለዚህም ሰው አባቱንና እናቱን ይተዋል፤ ከሚስቱም ጋር አንድ ይሆናል፥ አንድ አካልም ይሆናሉ።
1fb744fe-ff80-53b4-a3ef-0bb195da0f77,abd0e24b-d83c-5b0e-a2f0-7450e1e81e68,24036f38-c2a4-5d16-a89c-c507104677b0,8,8,በመጀመሪያዪቱ ሱባዔ አዳም ተፈጠረ፤ ሚስቱም የተገኘችበት ጎኑ ተፈጠረ፤ በሁለተኛዪቱም ሱባዔ እርስዋን አሳየው፤ ስለዚህም በሕርስ ጊዜ ለወንድ ልጅ አንድ ሱባዔ፥ ለሴት ልጅ ሁለት ሱባዔ የመጠበቅ ትእዛዝ ተሰጠ።
f493e8b5-cdd2-51db-ac17-34ce8633a086,abd0e24b-d83c-5b0e-a2f0-7450e1e81e68,24036f38-c2a4-5d16-a89c-c507104677b0,9,9,በተፈጠረባትም ምድር ለአዳም አርባ ቀን ከተፈጸመለት በኋላ ያበጃትና ይጠብቃት ዘንድ ወደ ኤዶም ገነት አስገባነው። ሚስቱንም በሰማንያኛው ቀን አስገባናት።
3f4b7953-5ef6-53de-abbd-622dd3e9df44,abd0e24b-d83c-5b0e-a2f0-7450e1e81e68,24036f38-c2a4-5d16-a89c-c507104677b0,10,10,ከዚህም በኋላ ወደ ኤዶም ገነት ገባች፤ ስለዚህ ለምትወልድ ሴት በጽላተ ሰማይ ሥርዐት ተጻፈ። ወንድ ልጅ ብትወልድ እንደ መጀመሪያው ሰባት ቀን በአራስነቷ ሰባት ቀን ትቈያለች፥ ሠላሳ ሦስት ቀንም በመንጻቷ ደም ትቈያለች።
bd4c370d-c96f-5535-a89d-3a5f324920be,abd0e24b-d83c-5b0e-a2f0-7450e1e81e68,24036f38-c2a4-5d16-a89c-c507104677b0,11,11,የተቀደሰውን ሁሉ አትንካ፤ ለወንድ ልጅ የታዘዘውን ይህን ቀን እስክትፈጽም ድረስ ወደ ቤተ መቅደስ አትግባ። ሴት ልጅ ብትወልድ እንደ መጀመሪያዎቹ ሁለት ሱባዔያት በአራስነቷ ሁለት ሱባዔያት ትቈያለች። ስድሳ ስድስት ቀንም በመንጻቷ ደም ትቈያለች። ሁሉም ሰማንያ ቀኖች ይሆናሉ።
52f21caa-0350-5d94-ae9e-5dab86caf973,abd0e24b-d83c-5b0e-a2f0-7450e1e81e68,24036f38-c2a4-5d16-a89c-c507104677b0,12,12,እነዚህንም ሰማንያ ቀኖች ከፈጸመች በኋላ ገነት ከምድር ሁሉ የተቀደሰች ናትና፥ በውስጥዋም የበቀለው እንጨት ሁሉ የተቀደሰ ነውና ወደ ኤዶም ገነት አገባናት።
99011772-5111-54f4-ac37-c035df38c564,abd0e24b-d83c-5b0e-a2f0-7450e1e81e68,24036f38-c2a4-5d16-a89c-c507104677b0,13,13,ስለዚህም ወንድ ልጅና ሴት ልጅ ለምትወልድ ሴት የእነዚህ ቀኖች ሥርዐት ተሠራ፤ ለወንድ ልጅና ለሴት ልጅ የታዘዙ እነዚህ ቀኖች እስኪፈጸሙ የተቀደሰውን ሁሉ አትንካ፤ ወደ መቅደስም ሁሉ አትግባ። እስራኤልም በዘመኑ ሁሉ ይጠብቁት ዘንድ የተጻፈው ሕግና ሥርዐት ይህ ነው።
3292730c-e1d2-5deb-af72-b91bea355a53,abd0e24b-d83c-5b0e-a2f0-7450e1e81e68,24036f38-c2a4-5d16-a89c-c507104677b0,14,14,በመጀመሪያው ኢዮቤልዩ በመጀመሪያ ሱባዔ አዳምና ሚስቱ በኤዶም ገነት ሰባት ዓመት ሲሠሩና ሕጉን ሲጠብቁ ኖሩ። ሥራንም ሰጠነው፤ ለማገልገልም ተገልጦ የሚታየውን ሥራ ሁሉ እያስተማርነው ኖርን፤ እርሱም እየሠራ ኖረ።
784f0456-59ac-5fad-a55f-c4bac0b179e8,abd0e24b-d83c-5b0e-a2f0-7450e1e81e68,24036f38-c2a4-5d16-a89c-c507104677b0,15,15,እርሱ ግን ዕራቁቱን ነበረ፤ ዕራቁቱንም እንደ ሆነ አያውቅም ነበር፥ አያርፍምም ነበር። ተክልንም ከወፎችና ከአራዊት፥ ከእንስሳትም ይጠብቅ ነበር።
fca5ff13-b474-5687-ae30-41c9f47b6890,abd0e24b-d83c-5b0e-a2f0-7450e1e81e68,24036f38-c2a4-5d16-a89c-c507104677b0,16,16,ፍሬውንም ለቅሞ ይበላ ነበር፥ የተረፈውንም ለእርሱና ለሚስቱ ያኖር ነበር፤ የሚጠብቀውንም ያኖር ነበር፤ ሰባቱን ዓመት ጠንቅቆ ቈጥሮ በዚያ የፈጸማቸው የሰባቱ ዓመት ፍጻሜ ባለቀ ጊዜ፥
cc56d6a2-89d3-53a9-abf2-1f757ba8fcd0,abd0e24b-d83c-5b0e-a2f0-7450e1e81e68,24036f38-c2a4-5d16-a89c-c507104677b0,17,17,በሁለተኛው ወር በዐሥራ ሰባተኛው ቀን እባብ መጥቶ ወደ ሔዋን ቀረበ። እባቡም ሔዋንን፥ “በገነት ካሉ ዛፎች ፍሬ ሁሉ እግዚአብሔር፦ ከእርሱ አትብሉ ብሎ አዝዞአችኋልን?” አላት።
f801df39-066a-52f6-ad13-fa68168900a5,abd0e24b-d83c-5b0e-a2f0-7450e1e81e68,24036f38-c2a4-5d16-a89c-c507104677b0,18,18,እርስዋም እንዲህ አለችው፥ “እግዚአብሔር፦ በገነት ካለ ዛፍ ፍሬ ሁሉ ብሉ፥ በገነት መካከል ካለ ዛፍ ፍሬ ግን አትብሉ፥ እንዳትሞቱም አትንኩ” አለን።
e67e49af-8d13-5179-aa33-138f8e8da4aa,abd0e24b-d83c-5b0e-a2f0-7450e1e81e68,24036f38-c2a4-5d16-a89c-c507104677b0,19,19,እባብም ሔዋንን፥ “ከእርሱ በምትበሉበት ቀን ዐይኖቻችሁ እንደሚበሩ፥ አማልክትም እንደምትሆኑ፥ ክፉውንና በጎውንም እንደምታውቁ እግዚአብሔር ያውቃልና ነው እንጂ ሞትን የምትሞቱ አይደለም” አላት።
f9870b02-3e45-5c3b-a787-41cf74bf3436,abd0e24b-d83c-5b0e-a2f0-7450e1e81e68,24036f38-c2a4-5d16-a89c-c507104677b0,20,20,ሔዋንም ዛፉ ያማረ እንደ ሆነ፥ ለማየትም ደስ የሚያሰኝ፥ ፍሬውም ለመብላት የሚያስጐመጅ እንደ ሆነ ባየች ጊዜ ከእርሱ ወስዳ በላች። ኀፍረቷንም በቀደመው በበለሱ ቅጠል ሸፈነች። ለአዳምም ሰጠችውና በላ። ዐይኖቹም አዩ፤ ዕራቁቱንም እንደ ሆነ ባየ ጊዜ የበለስ ቅጠል ወስዶ ሰፋ፤ ግልድም አድርጎም ኀፍረቱን ሸፈነ።
196d42b3-9ba3-5467-a9b0-941e1e4f85b9,abd0e24b-d83c-5b0e-a2f0-7450e1e81e68,24036f38-c2a4-5d16-a89c-c507104677b0,21,21,እግዚአብሔርም እባቡን ረገመው፤ ለዘለዓለምም ፈረደበት።
ecc80b69-9830-5f38-a03b-4e34cc555049,abd0e24b-d83c-5b0e-a2f0-7450e1e81e68,24036f38-c2a4-5d16-a89c-c507104677b0,22,22,ሔዋንንም የእባቡን ቃል ሰምታ በልታለችና ፈረደባት፤ “ኀዘንሽንና ጣርሽን ፈጽሜ አበዛዋለሁ፤ በኀዘን ልጆችን ውለጂ፥ መመለሻሽም ወደ ባልሽ ይሁን፤ እርሱም ይግዛሽ” አላት።
299c810e-cf3b-5104-a7a6-29eafc1bde46,abd0e24b-d83c-5b0e-a2f0-7450e1e81e68,24036f38-c2a4-5d16-a89c-c507104677b0,23,23,አዳምንም፥ “የሚስትህን ቃል ሰምተህ ከእርሱ እንዳትበላ ካዘዝሁህ ከዚያ ዛፍ በልተሃልና በአንተ ምክንያት ምድር የተረገመች ትሁን፤ እሾህና አሜከላ ይብቀልብህ፤ አንተ ከምድር ተገኝተሃልና ወደ ምድርም ትመለሳለህና ከእርስዋ ወደ ተገኘህባት ወደ ምድር እስክትመለስ ድረስ በፊትህ ወዝ እንጀራህን ብላ” አለው።
482a8b5a-1484-5f79-aa61-38d8630b3144,abd0e24b-d83c-5b0e-a2f0-7450e1e81e68,24036f38-c2a4-5d16-a89c-c507104677b0,24,24,የቍርበት ልብስንም አደረገላቸው፤ አለበሳቸውም ከኤዶም ገነትም አሰናበታቸው።
e29d9d99-1319-5292-a130-7203624fd8df,02ca4088-0dc8-5ade-a2b5-297d8b74ca42,dc11eaed-75f3-5327-afab-3618d4db9187,1,1,በዚያችም ቀን አዳም ከኤዶም ገነት ሲወጣ ለበጎ መዓዛ ነጭ ዕጣን፥ ቀንዓትና ልባንጃ፥ ስንቡልም ኀፍረቱን በሸፈነበት ቀን በጥዋት ፀሓይ ሲወጣ ዐጠነ።
de161f52-5a9f-53f2-a00c-1fbc81855f05,02ca4088-0dc8-5ade-a2b5-297d8b74ca42,dc11eaed-75f3-5327-afab-3618d4db9187,2,2,በዚያችም ቀን የአራዊትና የእንስሳት ሁሉ፥ የሚመላለሰውና የሚንቀሳቀሰው፥ የወፎችም ሁሉ አፍ ከመናገር ተከለከለ። ከዚያ አስቀድሞ አንዱ ከአንዱ ጋር በአንድ አነጋገርና በአንድ ቋንቋ ይናገሩ ነበርና።
0465bede-6cf5-567c-ab59-cbb1a3c3ffe4,02ca4088-0dc8-5ade-a2b5-297d8b74ca42,dc11eaed-75f3-5327-afab-3618d4db9187,3,3,በኤዶም ገነት የነበረውንም ሥጋዊ ሁሉ ከኤዶም ገነት አሰናበተ።
12eeefde-854c-5015-a47a-f3f3aaaaf59a,02ca4088-0dc8-5ade-a2b5-297d8b74ca42,dc11eaed-75f3-5327-afab-3618d4db9187,4,4,ሥጋ ለባሹ ሁሉም በየወገናቸውና በየተፈጥሮአቸው ወደ ተፈጠረላቸው ቦታ ተበተኑ።
d5264185-cc94-54ea-a2a4-c2bfc7b5f9a7,02ca4088-0dc8-5ade-a2b5-297d8b74ca42,dc11eaed-75f3-5327-afab-3618d4db9187,5,5,ለአዳም ብቻ ከአራዊትና ከእንስሳት ሁሉ ተለይቶ፥ ኀፍረቱን ይሸፍን ዘንድ ልብስን ሰጠው። ስለዚህ የሕግን ፍርድ በሚያውቁ ሰዎች ሁሉ ላይ ኀፍረታቸውን እንዲሰውሩ እንጂ፥ አሕዛብም እንደሚገለጡ እንዳይገለጡ በሰማይ ጽላት ታዘዘ።
979f79da-2e14-5849-a5ad-26bcf2768c1a,02ca4088-0dc8-5ade-a2b5-297d8b74ca42,dc11eaed-75f3-5327-afab-3618d4db9187,6,6,በአራተኛው ወር መባቻ አዳምና ሚስቱ ከኤዶም ገነት ወጥተው በተፈጠሩባት ምድር በኤልዳ ምድር ኖሩ። አዳምም የሚስቱን ስም ሔዋን አላት፤ እስከ መጀመሪያው ኢዮቤልዩም ድረስ ልጅ አልነበራቸውም።
a42cd3d3-a5d2-5034-a041-39d5001a04d6,02ca4088-0dc8-5ade-a2b5-297d8b74ca42,dc11eaed-75f3-5327-afab-3618d4db9187,7,7,ከዚህም በኋላ በግብር ዐወቃት፤ እርሱ ግን በኤዶም ገነት እንደ ተማረ ምድርን ያርሳት ነበር።
98005365-d287-527b-a9fc-d0bf027a2ed5,02ca4088-0dc8-5ade-a2b5-297d8b74ca42,dc11eaed-75f3-5327-afab-3618d4db9187,8,8,በሦስተኛው ሱባዔ በሁለተኛው ኢዮቤልዩ ቃየንን ወለደች፤ በአራተኛውም ሱባዔ አቤልን ወለደችው፤ በአምስተኛውም ሱባዔ ልጅዋን አዋንን ወለደቻት።
7422d5fb-3dbd-5ca0-a011-7ba9737c08f5,02ca4088-0dc8-5ade-a2b5-297d8b74ca42,dc11eaed-75f3-5327-afab-3618d4db9187,9,9,እግዚአብሔር ከአቤል እጅ መሥዋዕትን ተቀብሎአልና፥ ከቃየን እጅ ግን መሥዋትን አልተቀበለምና በሦስተኛው ኢዮቤልዩ መጀመሪያ ቃየን አቤልን ገደለው፤ በምድረ በዳም ገደለው፤ ስለ ተገደለም እየተካሰሰ ደሙ ከምድር እስከ ሰማይ ጮኸ።
1179c58f-27b5-57b7-a41c-d6794750d31d,02ca4088-0dc8-5ade-a2b5-297d8b74ca42,dc11eaed-75f3-5327-afab-3618d4db9187,10,10,እግዚአብሔርም ስለ ገደለው ስለ አቤል ቃየንን ዘለፈው፤ ስለ ወንድሙ ስለ አቤል ደም በምድር ላይ ተቅበዝባዥ አደረገው፥ በምድርም ረገመው።
237aac8f-bf4f-5770-a30c-1839a7d0b9ff,02ca4088-0dc8-5ade-a2b5-297d8b74ca42,dc11eaed-75f3-5327-afab-3618d4db9187,11,11,ስለዚህ ወንድሙን በተንኰል የሚገድል ሰው የተረገመ እንደ ሆነ በሰማይ ጽላት ተጻፈ። ያዩም ሁሉ ይሁን አሉ። አይቶም ያልተናገረ ሰው እንደ እርሱ የተረገመ ይሁን።
c24ae8e3-6181-5137-afae-0f11afd59b37,02ca4088-0dc8-5ade-a2b5-297d8b74ca42,dc11eaed-75f3-5327-afab-3618d4db9187,12,12,ስለዚህም እኛ በሰማይና በምድር፥ በብርሃንና በጨለማ በሁሉም የሚደረገውን ኀጢአት ሁሉ በአምላካችን በእግዚአብሔር ፊት እንናገር ዘንድ መጣን አሉ፤ አዳምና ሚስቱም ስለ አቤል አራት የዘመን ሱባዔ እያለቀሱ ኖሩ።
2c90d0d6-43ea-5b63-a502-24743777d49c,02ca4088-0dc8-5ade-a2b5-297d8b74ca42,dc11eaed-75f3-5327-afab-3618d4db9187,13,13,አዳምም በአምስተኛው ሱባዔ በአራተኛው ዓመት ደስ አለው። ዳግመኛ ሚስቱን በግብር ዐወቃት፤ ወንድ ልጅም ወለደችለት። “ቃየን ስለ ገደለው ስለ አቤልም እግዚአብሔር በምድር ሌላ ዘር አስነሥቶልናል” ብሎአልና ስሙን ሴት አለው።
49758b35-741b-5722-a522-c091b2addf5e,02ca4088-0dc8-5ade-a2b5-297d8b74ca42,dc11eaed-75f3-5327-afab-3618d4db9187,14,14,በስድስተኛው ሱባዔ ልጁን አዙራን ወለዳት፥ ቃየንም እኅቱ አዋንን ሚስት ትሆነው ዘንድ አገባት፤ በአራተኛውም ኢዮቤልዩ መጨረሻ ኤኖሕን ወለደችለት።
a3466e7a-ec4d-58a9-a549-58e5d7e1dae0,02ca4088-0dc8-5ade-a2b5-297d8b74ca42,dc11eaed-75f3-5327-afab-3618d4db9187,15,15,በአምስተኛው ኢዮቤልዩ በመጀመሪያው ሱባዔ በአንደኛው ዓመት በምድር ቤቶች ተሠሩ። ቃየንም ከተማ ሠራ፤ ስምዋንም በልጁ በኤኖሕ ስም ጠራት።
b8315313-c3f2-55a9-a2ea-65a5c7f1759c,02ca4088-0dc8-5ade-a2b5-297d8b74ca42,dc11eaed-75f3-5327-afab-3618d4db9187,16,16,አዳምም ሚስቱ ሔዋንን በግብር ዐወቃት። ዳግመኛም ዘጠኝ ልጆችን ወለደችለት።
9788c1d1-3f1f-5caf-af4a-458a4da24fd7,02ca4088-0dc8-5ade-a2b5-297d8b74ca42,dc11eaed-75f3-5327-afab-3618d4db9187,17,17,ሴትም በአምስተኛው ኢዮቤልዩ በአምስተኛው ሱባዔ እኅቱን አዙራን ሚስት አድርጎ አገባት።
77996838-cc26-531b-a6b1-98b7fbe60f35,02ca4088-0dc8-5ade-a2b5-297d8b74ca42,dc11eaed-75f3-5327-afab-3618d4db9187,18,18,በአራተኛውም ዓመት ሄኖስን ወለደችለት። እርሱም በምድር ላይ የእግዚአብሔርን ስም መጥራት የጀመረ ነው።
e033d9bf-faa3-5586-a4f6-3108caae3fa9,02ca4088-0dc8-5ade-a2b5-297d8b74ca42,dc11eaed-75f3-5327-afab-3618d4db9187,19,19,በሰባተኛው ኢዮቤልዩ በሦስተኛው ሱባዔ ሄኖስ ሚስት ትሆነው ዘንድ እኅቱ ኖአምን አገባ፤ በአምስተኛውም ሱባዔ በሦስተኛው ዓመት ወንድ ልጅ ወለደችለት፤ ስሙንም ቃይናን አለው።
805525d9-b5be-50a7-a1c6-30413ddc8ed2,02ca4088-0dc8-5ade-a2b5-297d8b74ca42,dc11eaed-75f3-5327-afab-3618d4db9187,20,20,በስምንተኛው ኢዮቤልዩ መጨረሻ ቃይናን እኅቱን ሙአሊሊትን ሚስት አድርጎ አገባት፤ በዘጠነኛው ኢዮቤልዩ በመጀመሪያው ሱባዔ በዚህም ሱባዔ በሦስተኛው ዓመት ወንድ ልጅን ወለደችለት፤ ስሙንም መላልኤል አለው።
26d4088a-7172-5154-a384-dcf8e6d7a900,02ca4088-0dc8-5ade-a2b5-297d8b74ca42,dc11eaed-75f3-5327-afab-3618d4db9187,21,21,በዐሥረኛው ኢዮቤልዩ በሁለተኛው ሱባዔ መላልኤል ሚስት ትሆነው ዘንድ የአባቱን ወንድም የበራኪሄልን ልጅ ዲናን አገባ። በሦስተኛውም ሱባዔ በስድስተኛው ዓመት ወንድ ልጅን ወለደችለት፥ ስሙንም ያሮድ አለው። በዘመኑ ትጉሃን የተባሉ የእግዚአብሔር መላእክት በምድር የሰው ልጆችን ያስተምሩ ዘንድ፥ በምድርም ፍርድንና ቅንነትን ያደርጉ ዘንድ ወደ ምድር ወርደዋልና።
5416dc6d-1f50-5ada-a767-b6ecab7a9b15,02ca4088-0dc8-5ade-a2b5-297d8b74ca42,dc11eaed-75f3-5327-afab-3618d4db9187,22,22,ያሮድም በዐሥራ አንደኛው ኢዮቤልዩ ሚስት አገባ፤ ስምዋም ባረካ ይባላል፤ ይህችውም የአባቱ
55d86503-5dd0-5099-a9c0-1bc04ae8785a,02ca4088-0dc8-5ade-a2b5-297d8b74ca42,dc11eaed-75f3-5327-afab-3618d4db9187,23,23,ሰዎች በየወራቸው እንደ ሥርዐታቸው የዘመናትን ጊዜ ያውቁ ዘንድ እንደ ወራቸው ሥርዐት የሰማይን ምልክት በመጽሐፍ ጻፈ።
2751584b-07f6-59d2-a78f-38de973fa600,02ca4088-0dc8-5ade-a2b5-297d8b74ca42,dc11eaed-75f3-5327-afab-3618d4db9187,24,24,እርሱም አስቀድሞ ምስክርን ጻፈ። ለሰው ልጆችም በየወገናቸው አሰማባቸው፤ እርሱም በሱባዔ የሚቈጠሩ ቍጥሮችን ተናገረ፤ የዘመኖችንም ቀኖች እርሱ ተናገረ፤ ወሮችንም ሠራ፤ እኛም እንደ ነገርነው ዘመኖችን የሚቈጥሩባቸው ሱባዔዎችን ተናገረ። የተደረገውንና ገና የሚደረገውንም ቍርጥ ፍርድ እስከሚደረግበት ቀን ድረስ በዘመናቸው በሰው ልጆች ላይ የሆነውንና የሚሆነውን ሌሊት በራእይ አየ፤ ዐወቀም።
2d449b8f-cb5f-534b-aac2-134cd42ba90a,02ca4088-0dc8-5ade-a2b5-297d8b74ca42,dc11eaed-75f3-5327-afab-3618d4db9187,25,25,ለምስክርነትም ጻፈው። በሰው ልጆችም ሁሉ ላይ በየትውልዳቸው በምድር ምስክር ሊሆን አኖረው።
e37ea1b8-af54-54c7-a7f1-320700c8df36,02ca4088-0dc8-5ade-a2b5-297d8b74ca42,dc11eaed-75f3-5327-afab-3618d4db9187,26,26,በዐሥራ ሁለተኛውም ኢዮቤልዩ በሰባተኛው ሱባዔ ሚስት አገባ። ስምዋም አድኒ ይባላል፥ ይህችውም የዳንኤል ልጅ የአባቱ እኅት ልጅ ናት፤ ለእርሱም ሚስት ልትሆነው አገባት።
19497a78-1e4c-59ba-a0eb-7d82f3d93561,02ca4088-0dc8-5ade-a2b5-297d8b74ca42,dc11eaed-75f3-5327-afab-3618d4db9187,27,27,በዚህም ሱባዔ በስድስተኛው ዓመት ወንድ ልጅን ወለደችለት። ስሙንም ማቱሳላ ብሎ ጠራው።
cb5633b3-6540-54e1-a72b-b6404666cd5a,02ca4088-0dc8-5ade-a2b5-297d8b74ca42,dc11eaed-75f3-5327-afab-3618d4db9187,28,28,ከዚህም በኋላ ከአምላክ መላእክት ጋር ስድስት የኢዮቤላት ዘመኖችን ኖረ። በምድርም ያለውን ሁሉ፥ በሰማይም ያለውን የፀሓይን ሥልጣን አሳዩት።
57912a03-f74f-5f9a-a397-74b0b3435e8b,02ca4088-0dc8-5ade-a2b5-297d8b74ca42,dc11eaed-75f3-5327-afab-3618d4db9187,29,29,ሁሉንም ጻፈ። ከሰው ልጆች ጋር በኀጢአት አንድ ሆነው በደል በሠሩት በትጉሃንም አዳኘባቸው። እነዚህ ከሰው ልጆች ጋር ይረክሱ ዘንድ፥ በግብርም አንድ ይሆኑ ዘንድ ጀምረዋልና፤ ሄኖክም በሁሉ ላይ አዳኘባቸው።
3e4f5f1b-b093-5273-a1df-88c453a93ebb,02ca4088-0dc8-5ade-a2b5-297d8b74ca42,dc11eaed-75f3-5327-afab-3618d4db9187,30,30,ከሰው ልጆችም መካከል ተወሰደ። ለጌትነትና ለክብርም ወደ ኤዶም ገነት ወሰድነው፤ እነሆ፥ እርሱ በዚያ የዘለዓለም ቅጣትንና ቍርጥ ፍርድን፥ የአዳምንም ልጆች ኀጢአት ሁሉ ይጽፋል።
5bac4b84-0368-5246-a42c-26658baa60c1,02ca4088-0dc8-5ade-a2b5-297d8b74ca42,dc11eaed-75f3-5327-afab-3618d4db9187,31,31,ለሰው ሁሉ ልጅ ያሰማ ዘንድ፥ ቍርጥ ፍርድም እስከሚደረግባት ቀን ድረስ የሰውን ሁሉ ሥራ ይናገር ዘንድ እርሱ ለምልክት ተሰጥቶአልና ስለ እርሱ በኤዶም ምድር ላይ ሁሉ የጥፋት ውኃን አመጣ።
f240f74f-43ed-59d4-a29a-09cf3a95a6c5,02ca4088-0dc8-5ade-a2b5-297d8b74ca42,dc11eaed-75f3-5327-afab-3618d4db9187,32,32,እርሱም እግዚአብሔር የሚቀበለውን ዕጣን በሠርክ አስቀድሞ ዕጣን በሚቃጠልበት በተቀደሰው ተራራ ላይ ዐጠነ፤ ለእግዚአብሔር በምድር አራት ቦታዎች አሉትና፥ እነዚህም የኤዶም ገነትና ደብረ ዘይት፥ ይህም ዛሬ አንተ በውስጡ ያለህበት ደብረ ሲናና ምድርን ለማንጻት በሚደረግ በአዲስ ፍጥረት የሚነጻ ደብረጽዮን ናቸው።
6e8736ba-2624-5bfc-ac32-ab03903af46d,02ca4088-0dc8-5ade-a2b5-297d8b74ca42,dc11eaed-75f3-5327-afab-3618d4db9187,33,33,ስለዚህም ምድር ከበደልና ከርኵሰት ሁሉ ለልጅ ልጅ ዘመን ትነጻለች።
f6a2d020-03eb-5f73-ab4b-f575d73bdb5d,02ca4088-0dc8-5ade-a2b5-297d8b74ca42,dc11eaed-75f3-5327-afab-3618d4db9187,34,34,በዐሥራ አራተኛው ኢዮቤልዩ ማቱሳላ ሚስቱን አድናን አገባ፤ ይህችውም የአባቱ እኅት ልጅ የአዝራኤል ልጅ ናት።
7b561150-d3c0-598a-af3c-d43ceb43d3e4,02ca4088-0dc8-5ade-a2b5-297d8b74ca42,dc11eaed-75f3-5327-afab-3618d4db9187,35,35,በስድስተኛው ሱባዔ በአንደኛው ዘመን ልጅን ወለደ። ስሙንም ላሜህ አለው።
dbfe6982-bf8e-54cc-af76-c99a2c9b9b85,02ca4088-0dc8-5ade-a2b5-297d8b74ca42,dc11eaed-75f3-5327-afab-3618d4db9187,36,36,በዐሥራ አምስተኛው ኢዮቤልዩ በሦስተኛው ሱባዔ ላሜህ ሚስት አገባ፤ ስምዋም ቤቴናስ ይባላል፥ ይህችውም የአባቱ የእኅት ልጅ የበራኪኤም ልጅ ናት፤ ሚስት ትሆነው ዘንድም አገባት።
ca6e9665-85c3-56e7-a389-ffa9d0c6ed06,8c6632e9-c18d-5bd1-ae76-ad0eadde4e0e,9fe2969b-7ec2-5fd6-a719-543f3808eae0,1,1,በዚህም ሱባዔ ወንድ ልጅን ወለደችለት፥ ከሥራዬ ሁሉና ከኀዘኔ ሁሉ እግዚአብሔርም ከረገማት ምድር የሚያረጋጋኝ ነው ሲል ስሙን ኖኅ አለው።
d3441218-7c18-50bb-ab03-11ea309da6d1,8c6632e9-c18d-5bd1-ae76-ad0eadde4e0e,9fe2969b-7ec2-5fd6-a719-543f3808eae0,2,2,በዐሥራ ዘጠነኛው ኢዮቤልዩ መጨረሻ በሰባተኛው ሱባዔ በስድስተኛው ዓመት አዳም ሞተ። ልጆቹም ሁሉ በተፈጠረበት ምድር ቀበሩት።
a043aaa8-85b6-58b0-aacd-23f8a964a88c,8c6632e9-c18d-5bd1-ae76-ad0eadde4e0e,9fe2969b-7ec2-5fd6-a719-543f3808eae0,3,3,እርሱም አስቀድሞ በምድር ተቀበረ፤ ከሺህ ዓመትም ሰባ ዓመትን አጐደለ። ይህችውም በሰማይ ምስክር እንደ አንዲት ቀን ነበረች።
bb990950-fd3f-5b6a-a023-d178ee2466dd,8c6632e9-c18d-5bd1-ae76-ad0eadde4e0e,9fe2969b-7ec2-5fd6-a719-543f3808eae0,4,4,“ከእርሱ በምትበሉበት ቀን ትሞታላችሁ” ተብሎአልና ስለዚህ ዕውቀትን የሚያሳውቅ ዕፅን ስለ በላ ተጻፈ፤ በእርስዋ ሞቶአልና ስለዚህ ነገር የአንዲቱን ቀን ዓመቶች አልጨረሰም።
1b20cec6-a030-5979-afa3-10bee1b7300d,8c6632e9-c18d-5bd1-ae76-ad0eadde4e0e,9fe2969b-7ec2-5fd6-a719-543f3808eae0,5,5,በዚህ ኢዮቤልዩ መጨረሻ ከአንድ ዓመት በኋላ ቃየን ሞተ፤ ቤቱ በላዩ ተናደ፤ በቤቱም ውስጥ በድንጋዮች ሞተ። አቤልን በድንጋይ ገድሎታልና በእውነት ፍርድ በድንጋይ ሞተ።
5fd38259-ffde-5be3-a48c-a13092b96c9c,8c6632e9-c18d-5bd1-ae76-ad0eadde4e0e,9fe2969b-7ec2-5fd6-a719-543f3808eae0,6,6,ስለዚህ ሰው ባልንጀራውን በሚገድልበት መሣሪያ ይሞት ዘንድ እንዳቈሰለውም ያቈስሉት ዘንድ በሰማይ ጽላት ተጻፈ።
61cde81a-f3a0-53c7-ab9d-b9fdf9eea3ff,8c6632e9-c18d-5bd1-ae76-ad0eadde4e0e,9fe2969b-7ec2-5fd6-a719-543f3808eae0,7,7,በሃያ አምስተኛው ኢዮቤልዩ ኖኅ ሚስት አገባ። ስምዋም አምዛራ ይባላል። ይህችውም
28a73914-0961-5b79-ab34-3deadae6abf2,8c6632e9-c18d-5bd1-ae76-ad0eadde4e0e,9fe2969b-7ec2-5fd6-a719-543f3808eae0,8,8,በመጀመሪያው ዓመት በስድስተኛው ሱባዔ ያፌትን ወለደችለት።
2dd6f3ea-e0a7-583b-aaf9-4d222ccae3d1,8c6632e9-c18d-5bd1-ae76-ad0eadde4e0e,9fe2969b-7ec2-5fd6-a719-543f3808eae0,9,9,የአዳም ልጆች በምድር ላይ ይበዙ ዘንድ በጀመሩ ጊዜ እንዲህ ሆነ፤ ሴቶች ልጆች ተወለዱላቸው። የእግዚአብሔር መላእክትም በዚህ ኢዮቤልዩ በአንዲቱ ዓመት እነዚህን አዩአቸው። እነዚያ ላዩአቸው መልከ መልካሞች ነበሩና ከመረጡአቸው ሁሉ ሚስቶች ሊሆኑአቸው ወሰዱአቸው፤ ወንዶች ልጆችንም ወለዱላቸው፤ እነዚህም ረዓይት ናቸው።
9fde3b5c-a494-5718-ae42-0f896e420ba1,8c6632e9-c18d-5bd1-ae76-ad0eadde4e0e,9fe2969b-7ec2-5fd6-a719-543f3808eae0,10,10,ኀጢአትም በምድር ላይ በዛች፤ ሥጋ ለባሹም ሁሉ ከሰው ጀምሮ እስከ እንስሳና እስከ አራዊት እስከ ወፎችም፥ በምድር ላይ እስከሚኖረውም ሁሉ ድረስ መንገዱን አጠፋ። ሁሉም መንገዳቸውንና ሥርዐታቸውን አጠፉ። እርስ በርሳቸውም ይበላሉ ጀመር። ኀጢአትም በምድር ላይ በዛች። የሰዎችም ሁሉ ዐሳብ፥ በዘመኑ ሁሉ እንዲህ ክፉ ሆነ።
cfb88465-702a-5547-a6fe-330cbb30e46d,8c6632e9-c18d-5bd1-ae76-ad0eadde4e0e,9fe2969b-7ec2-5fd6-a719-543f3808eae0,11,11,እግዚአብሔርም ምድርን ተመለከታት፤ እነሆም፥ ጠፍታ ነበር፤ ሰውም ሁሉ ሥርዐቱን አጠፋ፥ ሁላቸውም በምድር ላይ ያለውን ሁሉ በእግዚአብሔር ፊት አከፉት፤ እርሱም ሰውንና በምድር ላይ የፈጠረውን የሥጋ ወገንን ሁሉ አጠፋዋለሁ አለ።
1f78cf2f-dabe-5796-a6de-edba4d8ee35d,8c6632e9-c18d-5bd1-ae76-ad0eadde4e0e,9fe2969b-7ec2-5fd6-a719-543f3808eae0,12,12,ኖኅ ብቻ በእግዚአብሔር ፊት ባለምዋልነትን አገኘ። ወደ ምድር በሰደዳቸው መላእክቱ ግን ተቈጣ፤ ከሥልጣናቸውም ለይቶ ፈጽሞ ያጠፋቸው ዘንድ አዘዘ። በምድር ጥልቅ ውስጥም አስረን እናግዛቸው ዘንድ አዘዘን።
947e0775-03cb-51e7-a6f0-e8de6521f751,8c6632e9-c18d-5bd1-ae76-ad0eadde4e0e,9fe2969b-7ec2-5fd6-a719-543f3808eae0,13,13,እነርሱም እነሆ፥ በመካከላቸው ተግዘዋል፤ ብቻቸውንም ነበሩ። ከፊቱም በሰይፍ ያጠፋቸው ዘንድ፥ ከሰማይ በታችም ያርቃቸው ዘንድ በልጆቻቸው ላይ ቃል ወጣ።
5af43cb6-1527-574c-aab5-abc0417fe424,8c6632e9-c18d-5bd1-ae76-ad0eadde4e0e,9fe2969b-7ec2-5fd6-a719-543f3808eae0,14,14,“እነርሱ ሥጋውያን ናቸውና መንፈሴ በሰው ላይ ለዘለዓለም አያድርም። ዕድሜያቸውም መቶ ሃያ ዓመት ይሁን” አለ።
b1c6c7b9-02c8-5a26-a4ec-31ccec435629,8c6632e9-c18d-5bd1-ae76-ad0eadde4e0e,9fe2969b-7ec2-5fd6-a719-543f3808eae0,15,15,እያንዳንዳቸው ባልንጀሮቻቸውን ይገድሉ ዘንድ በመካከላቸው ሰይፍን ሰደደ። ሁሉም በሰይፍ እስኪጠፉ ድረስ አንዱ ሌላውን ይገድል ዘንድ ጀመሩ፤ ከምድርም ጠፉ፤ አባቶቻቸው ግን ይመለከቱ ነበር።
6144c894-7b7f-5a28-a87f-8d811a93f9f4,8c6632e9-c18d-5bd1-ae76-ad0eadde4e0e,9fe2969b-7ec2-5fd6-a719-543f3808eae0,16,16,ከዚህ በኋላ መንገዳቸውን ባፋለሱ ሁሉ ላይ ፍርድ ሊሆን እስከ ታላቋ የፍርድ ቀን ድረስ በምድር ጥልቅ ውስጥ ተጋዙ። ሥራቸውም በእግዚአብሔር ፊት ነው፤ ከቦታቸውም ሁሉን አጠፋ፥ በኀጢአታቸውም ሁሉ ያልተፈረደበት ከእነርሱ አንድ ስንኳ አልቀረም።
cc7bd78c-0ef3-5f3c-ab9e-53f9548ea847,8c6632e9-c18d-5bd1-ae76-ad0eadde4e0e,9fe2969b-7ec2-5fd6-a719-543f3808eae0,17,17,በፍጥረታቸው ሁሉ እስከ ዘለዓለም ድረስ እንዳይበድሉ፥ ሁሉም በየወገኑ በዘመኑ ሁሉ የጽድቅ ሥራን እንዲሠራ ለፍጥረቱ ሁሉ አዲስና እውነተኛ ፍጥረትን ፈጠረላቸው።
ca66a213-721a-5e42-ac54-1316e57827d6,8c6632e9-c18d-5bd1-ae76-ad0eadde4e0e,9fe2969b-7ec2-5fd6-a719-543f3808eae0,18,18,የሁሉም ቅጣት ተዘጋጀ፥ በሰማይም ጽላት ያለ ዐመፃ ተጻፈ። ሁሉም ጸንተው ይኖሩባት ዘንድ ከተሠራችላቸው ሥርዐታቸው የወጡ ናቸው።
22e22679-2702-58c2-a1a2-f44b3f5baa40,8c6632e9-c18d-5bd1-ae76-ad0eadde4e0e,9fe2969b-7ec2-5fd6-a719-543f3808eae0,19,19,ጸንተው ባይኖሩባትም ለፍጥረቱ ሁሉ ለየወገኑም ሁሉ ፍርድ ተጻፈ። በሰማይና በምድር፥ በብርሃንና በጨለማ፥ በሲኦልና በጥልቅም፥ በጨለማም ምንም የለም።
fa655ef0-14fb-5bf9-aa05-9a36b3a463f7,8c6632e9-c18d-5bd1-ae76-ad0eadde4e0e,9fe2969b-7ec2-5fd6-a719-543f3808eae0,20,20,ፍርዳቸውም ሁሉ ተዘጋጀ፥ የተቀረፀና የተጻፈም ነው። ስለዚህም ታላቁን እንደ ታላቅነቱ፥ ታናሹንም እንደ ታናሽነቱ እያንዳንዱን እንደ ኀጢአቱ ይፈርድበታል።
32178164-a649-509d-aa66-5c7501041c7c,8c6632e9-c18d-5bd1-ae76-ad0eadde4e0e,9fe2969b-7ec2-5fd6-a719-543f3808eae0,21,21,እርሱ ፊት አይቶ የሚያደላ አይደለም። ለእያንዳንዱም ፍርድ አደርጋለሁ ባለ ጊዜ እርሱ መማለጃን የሚቀበል አይደለም፤ እያንዳንዱም በምድር ያለ ሰው ያለውን ሁሉ ቢሰጥ ፊትን አይቶ አያደላም፤ የእውነት ዳኛ ነውና ከእርሱ መማለጃ አይቀበልም።
37cdb359-0066-59c1-a4d5-272fba6e2497,8c6632e9-c18d-5bd1-ae76-ad0eadde4e0e,9fe2969b-7ec2-5fd6-a719-543f3808eae0,22,22,ይህ በእስራኤል ልጆች ላይ ተጽፎ ተሠራ። በእውነትም ወደ እርሱ ከተመለሱ በደላቸውን ሁሉ ይቅር ይላቸዋል። ኀጢአታቸውንም ሁሉ ያስተሰርይላቸዋል።
8f7d8f0b-f88f-5c14-a4cd-26e6f9910cf0,8c6632e9-c18d-5bd1-ae76-ad0eadde4e0e,9fe2969b-7ec2-5fd6-a719-543f3808eae0,23,23,ከኀጢአታቸውም ሁሉ የተመለሱ ሰዎች ሁሉ በየዓመቱ አንድ ጊዜ ይቅር ይባሉ ዘንድ ተጽፎ ተሠራ። ከጥፋት ውኃም አስቀድሞ ሥርዐታቸውንና ምክራችውን ባጠፉ ሰዎች ሁሉ ላይ ተጻፈ።
d06c8ec9-5743-51eb-a26c-630f1dcce698,8c6632e9-c18d-5bd1-ae76-ad0eadde4e0e,9fe2969b-7ec2-5fd6-a719-543f3808eae0,24,24,በእርሱ ምክንያት ከጥፋት ውኃ ስላዳናቸው ልጆቹ እርሱ ባለምዋልነትን አግኝቶአልና ከኖኅ ብቻ በቀር እነርሱ ባለምዋልነትን አላገኙም። ስለ እርሱም እንደ ታዘዘ በመንገዱ ሁሉ ልቡ እውነተኛ ናትና ከተሠራለት ሕግ ሁሉ አልወጣም።
0ed394a2-d522-535e-ac8b-b73692e0f5e6,8c6632e9-c18d-5bd1-ae76-ad0eadde4e0e,9fe2969b-7ec2-5fd6-a719-543f3808eae0,25,25,እግዚአብሔርም፥ “በምድር ላይ ያለው ሁሉ ከሰው ጀምሮ እስከ እንስሳና አራዊት፥ እስከ አዕዋፍና በምድር ላይ እስከሚንቀሳቀሰው ድረስ ይጥፉ” አለ።
9c0fc966-3715-528b-a1a6-6b87e22de630,8c6632e9-c18d-5bd1-ae76-ad0eadde4e0e,9fe2969b-7ec2-5fd6-a719-543f3808eae0,26,26,ከጥፋት ውኃም ያድነው ዘንድ ኖኅን ለእርሱ መርከብን እንዲሠራ አዘዘው።
86ca8a16-64d4-59fe-a58a-f815356afc6d,8c6632e9-c18d-5bd1-ae76-ad0eadde4e0e,9fe2969b-7ec2-5fd6-a719-543f3808eae0,27,27,ኖኅም ዓመታት በሚቈጠሩበት በሁለተኛው ኢዮቤልዩ በአምስተኛው ሱባዔ በአምስተኛው ዓመት እንዳዘዘው ሁሉ መርከብን ሠራ።
06407779-94c8-5514-ad36-eed80df7991b,8c6632e9-c18d-5bd1-ae76-ad0eadde4e0e,9fe2969b-7ec2-5fd6-a719-543f3808eae0,28,28,በስድስተኛውም ዓመት በሁለተኛው ወር እስከ ዐሥራ ስድስተኛው ቀን ድረስ እርሱ ገባ። ያገባንለትም ሁሉ ወደ መርከብ ገባ።
19a7951a-eb19-5db2-a57d-0c01a13ca6da,8c6632e9-c18d-5bd1-ae76-ad0eadde4e0e,9fe2969b-7ec2-5fd6-a719-543f3808eae0,29,29,እግዚአብሔርም በዐሥራ ሰባተኛው ቀን ማታ መርከቡን በውጭ ዘጋው፤ እግዚአብሔርም ሰባቱን የሰማይ ሻሻቴና ሰፊ የሆነ የጥልቁን ምንጮች አፍ በሰባት ስቍረት ከፈተ።
93685df7-c943-5143-abf6-09208eac6809,8c6632e9-c18d-5bd1-ae76-ad0eadde4e0e,9fe2969b-7ec2-5fd6-a719-543f3808eae0,30,30,ሻሻቴዎችም ከሰማይ አርባ ቀንና አርባ ሌሊት ዝናብን ያወርዱ ዘንድ ጀመሩ።
66713dde-7f23-5d89-a409-7f428de9af0a,8c6632e9-c18d-5bd1-ae76-ad0eadde4e0e,9fe2969b-7ec2-5fd6-a719-543f3808eae0,31,31,የጥልቁም ምንጮች ዓለሙ ሁሉ ውኃን እስኪሞላ ድረስ ውኃዎችን ያወጡ ነበር፤ ውኃዎችም በምድር ላይ በዙ፤ ውኃውም በረጅሙ ተራራ ሁሉ ላይ ዐሥራ አምስት ክንድ ከፍ ከፍ አለ።
45b2edfd-2362-525c-a810-5118d672813b,8c6632e9-c18d-5bd1-ae76-ad0eadde4e0e,9fe2969b-7ec2-5fd6-a719-543f3808eae0,32,32,ውኃዎችም ከፍ ከፍ አሉ። መርከቢቱም በምድር ላይ ከፍ ከፍ አለች። በውኃውም ላይ ትመላለስ ነበር፤ ውኃዎችም በምድር ላይ አምስት ወር ማለት መቶ አምሳ ቀን ቈዩ። መርከቢቱም ሄደች፥ ከአራራት ተራራዎችም በአንዱ ሉባር በሚባል ተራራ ራስ ላይ ዐረፈች።
ca5be7d1-53b6-5e1b-a477-78dc8af9f8ae,8c6632e9-c18d-5bd1-ae76-ad0eadde4e0e,9fe2969b-7ec2-5fd6-a719-543f3808eae0,33,33,በአራተኛውም ወር ሰፊ የሆነ የጥልቁ ምንጮች ተገቱ። የሰማዩም ሻሻቴ ተገታ።
4b93ee71-c2b0-5b3a-a582-99b5836227d3,8c6632e9-c18d-5bd1-ae76-ad0eadde4e0e,9fe2969b-7ec2-5fd6-a719-543f3808eae0,34,34,በሰባተኛውም ወር መባቻ የምድሩ ጥልቅ አፍ ሁሉ ተከፈተ። ውኃዎችም ወደ ታችኛዪቱ ጥልቅ ይወርዱ ጀመር።
48e19bc0-383c-58e1-a7c1-cf18c5164cfd,5aa2fb1c-00a3-5f5f-a962-634cabdafd14,11b75956-c410-5eef-ad20-9e0d9d8e7560,1,1,በዐሥረኛው ወር መባቻም የተራሮች ራሶች ታዩ፤ በመጀመሪያው ወር መባቻም ምድር ታየች፤ ውኃዎችም በአምስተኛው ሱባዔ በሰባተኛው ዓመት ከምድር ላይ ደረቁ። በዐሥራ ሰባተኛውም ቀን በሁለተኛው ወር ምድር ደረቀች።
cdcd322f-ad38-502d-ad6e-fe1b329bb0d6,5aa2fb1c-00a3-5f5f-a962-634cabdafd14,11b75956-c410-5eef-ad20-9e0d9d8e7560,2,2,በሃያ ሰባተኛውም ቀን መርከቢቱን ከፈታት፤ ከውስጥዋም አራዊትንና ወፎችን፥ የሚንቀሳቀሰውንም ሁሉ ሰደደ። በሦስተኛውም ወር መባቻ ኖኅ ከመርከብ ወጣ። በዚህም ተራራ ላይ መሠዊያን ሠራ፤ ለምድርም አስተሰረየ። ከኖኅ ጋር በመርከብ ካሉት በቀር በእርስዋ ያለው ሁሉ ጠፍቶአልና የፍየል ጠቦት ሠውቶ በደሙ የምድርን ኀጢአት ሁሉ አስተሰረየ።
944f9f48-d7b9-5276-ad1d-6396ece396b3,5aa2fb1c-00a3-5f5f-a962-634cabdafd14,11b75956-c410-5eef-ad20-9e0d9d8e7560,3,3,ስቡንም በመሠዊያው ላይ አጤሰ። ላምን ፍየልንና የበግ አውራን፥ ጨውን፥ ርግብንና ዋኖስንም ሠውቶ በመሠዊያው ላይ ስቡን አሻተተ። በዘይት የታሸ መሥዋዕትንም በእነርሱ ላይ ጨመረ።
43bc9177-a0ad-5a11-affd-821d89e5ed28,5aa2fb1c-00a3-5f5f-a962-634cabdafd14,11b75956-c410-5eef-ad20-9e0d9d8e7560,4,4,ደሙንና ወይኑንም አምጥቶ በሁሉ ላይ ዕጣን ጨመረበት። እግዚአብሔርም የሚወደውን በጎ መዓዛ አድርጎ አቀረበ።
d5f4cf34-04aa-5daa-a005-d327a3143546,5aa2fb1c-00a3-5f5f-a962-634cabdafd14,11b75956-c410-5eef-ad20-9e0d9d8e7560,5,5,እግዚአብሔርም በጎ መዓዛውን ተቀበለው፤ የጥፋትም ውኃ ምድርን እንዳያጠፋ ከእርሱ ጋር ቃል ኪዳን አደረገ። እንዲህም አለ፥ “በምድርም ዘመን ሁሉ ዘርና አዝመራ አይቋረጥም፤ ብርድና ሙቀት፥ በጋና ክረምት፥ ቀንና ሌሊት ሥርዐታቸውን አይለውጡም። ለዘለዓለሙም አይቋረጡም።
2d3d987f-53ca-5a4b-ab86-f4f03eba9ba9,5aa2fb1c-00a3-5f5f-a962-634cabdafd14,11b75956-c410-5eef-ad20-9e0d9d8e7560,6,6,“እናንተም ብዙ፥ በምድርም የብዙ ብዙ ሁኑ፥ በላይዋም ብዙ፥ ለበረከትም ሁኑ፤ ከእናንተም የተነሣ መፍራትንና መንቀጥቀጥን በምድርና በባሕር ውስጥ ባሉ ሁሉ ላይ አመጣለሁ።
c8024f1a-9ec6-5785-ae47-f3f8c07c306a,5aa2fb1c-00a3-5f5f-a962-634cabdafd14,11b75956-c410-5eef-ad20-9e0d9d8e7560,7,7,እነሆ፥ አውሬዎችንና ከብቶችን ሁሉ፥ በክንፍ የሚበሩትንና በምድርና በባሕር ውስጥ የሚንቀሳቀሱትን ዓሣዎችን ሰጠኋችሁ፥ ሁሉንም ትበሉ ዘንድ ልምላሜውን ለምግብነት ሰጠኋችሁ።
905a2da4-ebd8-5cea-a663-e79da15ba703,5aa2fb1c-00a3-5f5f-a962-634cabdafd14,11b75956-c410-5eef-ad20-9e0d9d8e7560,8,8,ነገር ግን ደም የነፍስ ማደሪያ ነውና ከሰውነታችሁ መካከል ደማችሁን እንዳልፈልግ ደመ ነፍስ ያለችበትን ሥጋ አትብሉ። ከሰውም ሁሉ እጅ፥ ከአራዊትም ሁሉ እጅ የሰውን ደም እመራመራለሁ፤ የሰውንም ደም ያፈሰሰ ደሙ ይፈስሳል፥ እግዚአብሔርም አዳምና ሔዋንን በእርሱ መልክ ፈጥሮአቸዋልና እናንተ ብዙ፤ በምድርም ላይ የብዙ ብዙ ሁኑ” አላቸው።
5249107e-cbd9-515d-ac85-e36cffb9e2c3,5aa2fb1c-00a3-5f5f-a962-634cabdafd14,11b75956-c410-5eef-ad20-9e0d9d8e7560,9,9,ኖኅና ልጆቹም በሥጋው ሁሉ ያለ ብርንዶውን ሁሉ እንዳይበሉ ማሉ። በምድር ዘመን ሁሉ በዚህ ወራት በዘለዓለማዊ አምላክ በእግዚአብሔር ፊት ቃል ኪዳን ገባ።
db2ce2f7-c015-53ec-a0f8-0887f48bb9be,5aa2fb1c-00a3-5f5f-a962-634cabdafd14,11b75956-c410-5eef-ad20-9e0d9d8e7560,10,10,ስለዚህም፥ “አንተ
54421592-1523-553c-ab58-8eaaafce4f70,5aa2fb1c-00a3-5f5f-a962-634cabdafd14,11b75956-c410-5eef-ad20-9e0d9d8e7560,11,11,በምድርም ዘመን ሁሉ የወፎችንና የአውሬዎችን ሥጋ ሁሉ እንዳትበሉ በዘመኑ ሁሉ ትጠብቁአት ዘንድ ይህች ምስክር በእናንተ ላይ የተጻፈች ናት።
f9f8407c-98ef-596f-ad72-8b1bde7f545e,5aa2fb1c-00a3-5f5f-a962-634cabdafd14,11b75956-c410-5eef-ad20-9e0d9d8e7560,12,12,በምድርም ዘመን ሁሉ የአውሬውን፥ የከብቶችንና የወፎችን ሥጋ ብርንዶውን የበላ ሰው እርሱና ዘሩ ከምድር ይጠፋሉ።
2097e3ed-d33b-52d1-a90b-77f6818a4405,5aa2fb1c-00a3-5f5f-a962-634cabdafd14,11b75956-c410-5eef-ad20-9e0d9d8e7560,13,13,አንተም በዘመኑ ሁሉ በአምላካችን በእግዚአብሔር ፊት ስማቸውና ዘራቸው ጸንቶ ይኖር ዘንድ ብርንዶውን ሁሉ እንዳይበሉ የእስራኤልን ልጆች እዘዛቸው።
296c6f01-334b-51de-a128-fccd797c0075,5aa2fb1c-00a3-5f5f-a962-634cabdafd14,11b75956-c410-5eef-ad20-9e0d9d8e7560,14,14,በቀኑ ሁሉ በመሠዊያው አንጻር በደም ስለ እናንተ እየለመኑ እንዲኖሩ ለልጅ ልጅ ይጠብቁት ዘንድ የዘለዓለም ሕግ ነውና ለዚህ ሕግ የዘመን ፍጻሜ የለውም። ይጠብቁትም ዘንድ እንዳይጠፉ ማታና ጥዋት ስለ እነርሱ ሁልጊዜ በእግዚአብሔር ፊት ኀጢአታቸውን ያስተሰርያሉ።
00c91537-abf1-5cc9-ae6f-c02b9912e9ac,5aa2fb1c-00a3-5f5f-a962-634cabdafd14,11b75956-c410-5eef-ad20-9e0d9d8e7560,15,15,“ዳግመኛም በምድር ላይ ጥፋት እንዳይሆን ለኖኅና ለልጆቹ የቃል ኪዳኑን ምልክት ሰጣቸው፤ እርስዋንም ዳግመኛ ለማጥፋት በዘመኑ ሁሉ በምድር ላይ የጥፋት ውኃ እንዳይሆን ለዘለዓለም ለቃል ኪዳኑ ምልክት ቀስቱን በደመና ውስጥ ሰጠ።
b9ad41b9-caa3-5a2c-a9b3-2f9a8ee6501b,5aa2fb1c-00a3-5f5f-a962-634cabdafd14,11b75956-c410-5eef-ad20-9e0d9d8e7560,16,16,“ስለዚህም በዘመኑ ሁሉ ለአዲስ ኪዳን በየዓመቱ አንድ ጊዜ በዚህ ወር የሱባዔያትን በዓል የሚያደርጉ ይሆኑ ዘንድ ተሠራ፤ በሰማይ ጽላትም ተጻፈ።
e627b509-150f-51ff-aa9a-f6d4357fdb3c,5aa2fb1c-00a3-5f5f-a962-634cabdafd14,11b75956-c410-5eef-ad20-9e0d9d8e7560,17,17,ይህችም በዓል ከፍጥረት ቀን ጀምሮ እስከ ኖኅ ዘመን ድረስ በሰማይ ስትሠራ ኖረች፤ ይኸውም ሃያ ሰባት ኢዮቤልዩና አምስት የዓመት ሱባዔ ነው። ኖኅና ልጆቹም፥ ኖኅ እስከሚሞትባት ቀን ድረስ ሰባት ኢዮቤልዩና አንድ የዓመት ሱባዔ ጠበቁት።
e274437e-8b86-5fd6-a7e1-8fdaad6bd8dc,5aa2fb1c-00a3-5f5f-a962-634cabdafd14,11b75956-c410-5eef-ad20-9e0d9d8e7560,18,18,ኖኅ ከሞተ በኋላም እስከ አብርሃም ዘመን ድረስ ልጆቹ ሕግን አፈረሱ፤ ብርንዶውንም በሉ። ነገር ግን አብርሃም ብቻ ሕግን ጠበቀ፤ ይስሐቅና ያዕቆብም እስከ አንተ ዘመን ድረስ ጠበቁት። በዘመንህም በዚህ ተራራ እስካድሳቸው ድረስ የእስራኤል ልጆች ሕግን ዘነጉ።
7ccc2dbb-24ca-5d54-ab89-0e966000035b,5aa2fb1c-00a3-5f5f-a962-634cabdafd14,11b75956-c410-5eef-ad20-9e0d9d8e7560,19,19,አንተም የእስራኤልን ልጆች እዘዛቸው፤ ይህችንም በዓል በትውልዳቸው ሁሉ ለእነርሱ እንደ ታዘዘ ይጠብቁአት። በሱባዔ የምትደረግ በዓል ናትና በዓመት አንድ ቀን በዚህ ወር ይህችን በዓል ያድርጉ።
30d73541-2e58-55d6-a368-d7f685d80233,5aa2fb1c-00a3-5f5f-a962-634cabdafd14,11b75956-c410-5eef-ad20-9e0d9d8e7560,20,20,የመጀመሪያውም አዝመራ የሚሰበሰብባት በዓል ናትና። ይህችውም ሁለት ቀን በዓል የሚያደርጉባት ሁለት አይነት በዓል ናት። በየጊዜዋም ታደርጋት ዘንድ በጻፍሁልህ በዚህ በመጀመሪያው የሕግ መጽሐፍ ጽፌልሃለሁና ስለ እርስዋ ሥራዋ እንደ ተጻፈና እንደ ተቀረፀ ከዓመት አንድ ቀን ጠብቃት።
f1ad18af-e221-528a-a744-fb19c3f373bc,5aa2fb1c-00a3-5f5f-a962-634cabdafd14,11b75956-c410-5eef-ad20-9e0d9d8e7560,21,21,የታሰቡም ይሆኑ ዘንድ፥ የእስራኤልም ልጆች በየወገናቸው ለእያንዳንዱ ዓመት በዚህ ወር አንድ ቀን ያደርጉአት ዘንድ ቍርባኑን ነገርሁህ።
7dc9e4b0-f187-5a8e-ac4b-02999805ed1f,5aa2fb1c-00a3-5f5f-a962-634cabdafd14,11b75956-c410-5eef-ad20-9e0d9d8e7560,22,22,“በመጀመሪያው ወር መባቻ፥ በአራተኛውም ወር መባቻ፥ በሰባተኛውም ወር መባቻ፥ በዐሥረኛውም ወር መባቻ እነዚህ የመታሰቢያ ቀኖች ናቸው። በአራቱም ክፍለ ዓመት፥ ጊዜ ያላቸው ቀኖች ናቸው፤ እነዚህም
2146367e-8392-5723-a905-4a9e118b3a75,5aa2fb1c-00a3-5f5f-a962-634cabdafd14,11b75956-c410-5eef-ad20-9e0d9d8e7560,23,23,ኖኅም እነርሱ ለእርሱ መታሰቢያ እስኪሆኑለት ድረስ በዓላትን ለልጅ ልጅ ለዘለዓለም ሠራቸው።
1051c1ea-8eb6-57c0-a539-4b04f8e910be,5aa2fb1c-00a3-5f5f-a962-634cabdafd14,11b75956-c410-5eef-ad20-9e0d9d8e7560,24,24,በመጀመሪያው ወር መባቻ ለራሱ መርከብን ይሠራ ዘንድ ተነገረው፤ በእርስዋም ምድር ደረቀች፤ መስኮቱንም ከፍቶ ምድርን አየ።
9a30b9a0-d0af-5ce4-a54f-50b473cbc031,5aa2fb1c-00a3-5f5f-a962-634cabdafd14,11b75956-c410-5eef-ad20-9e0d9d8e7560,25,25,በአራተኛው ወር መባቻ የታችኛው የጥልቁ ምንጭ አፍ ተዘጋ። የሰማዩም ሻሻቴ ተገታ።
641cf263-9353-5a94-a056-63572307a38e,5aa2fb1c-00a3-5f5f-a962-634cabdafd14,11b75956-c410-5eef-ad20-9e0d9d8e7560,26,26,በሰባተኛው ወር መባቻ በምድር ያለ የምንጭ ውኃ ጕድጓድ ሁሉ ተከፈተ፤ ውኃዎችም ወደ ታችኛው ጥልቅ ይወርዱ ጀመር።
a9a2f711-070d-585a-ade5-0e7c8d2975b3,5aa2fb1c-00a3-5f5f-a962-634cabdafd14,11b75956-c410-5eef-ad20-9e0d9d8e7560,27,27,በዐሥረኛውም ወር መባቻ የተራሮች ራሶች ታዩ፥ ኖኅም ደስ አለው፤ ስለዚህም እነርሱን እስከ ዘለዓለም ድረስ ለመታሰቢያ በዓላት አደረጋቸው። እነዚህ እንዲህ የተሠሩ ናቸው፤ ወደ ሰማይ ጽላትም ያወጡአቸዋል።
950d20c6-7a74-5f59-afee-562b978c170f,5aa2fb1c-00a3-5f5f-a962-634cabdafd14,11b75956-c410-5eef-ad20-9e0d9d8e7560,28,28,ከእነርሱም እያንዳንድዋ ከዚችኛዪቱ እስከዚያችኛዪቱ መታሰቢያ፥ ከመጀመሪያዪቱ እስከ ሁለተኛዪቱ፥ ከሁለተኛዪቱ እስከ ሦስተኛዪቱ፥ ከሦስተኛዪቱ እስከ አራተኛዪቱ ድረስ ዐሥራ ሦስት ሱባዔ ናቸው።
b9c0b2ae-8971-5b29-a165-c525141f4402,5aa2fb1c-00a3-5f5f-a962-634cabdafd14,11b75956-c410-5eef-ad20-9e0d9d8e7560,29,29,የትእዛዛት ቀኖች ሁሉ ቀን የሚቈጠርባቸው አምሳ ሁለት ሱባዔ ይሆናሉ። ፍጹም የሆነ ዓመቱ ሁሉ እንዲህ ተቀርፆና ተቈጥሮ በሰማይ ጽላት ተጻፈ። አንድ ዓመትና ሁለት ዓመት፥ ሦስት ዓመትም መተላለፍ የለውም።
8c291e46-11ac-5ad8-a2c7-74a99147da1a,5aa2fb1c-00a3-5f5f-a962-634cabdafd14,11b75956-c410-5eef-ad20-9e0d9d8e7560,30,30,አንተም የእስራኤልን ልጆች በዓመቱ በዚህ ቍጥር ሦስት መቶ ስድሳ አራት ቀንን ይጠብቁ ዘንድ እዘዛቸው፤ ፍጹም ዓመትም ይሆናል። ጊዜውንም ከቀኑና ከበዓሉ አሳልፈው አያጥፉ። ሁሉ እንደ ምስክርነታቸው ይደርስባቸዋልና ቀኑን አያስቀሩ፤ በዓሉንም አያጥፉ።
62fb5354-a991-50c9-a332-117562cc6479,5aa2fb1c-00a3-5f5f-a962-634cabdafd14,11b75956-c410-5eef-ad20-9e0d9d8e7560,31,31,ቢተላለፉአቸውም፥ እንደ እርሱ ትእዛዝም ባያደርጉአቸው ያን ጊዜ ሁሉም ጊዜዎቻቸውን ያጠፋሉ።
d4714e04-f4fc-5f8f-a5c7-bb64893d5cea,5aa2fb1c-00a3-5f5f-a962-634cabdafd14,11b75956-c410-5eef-ad20-9e0d9d8e7560,32,32,ዓመታትም ከዚህ ወደዚያ ይለዋወጣሉ፤ ጊዜያትም ይጠፋሉ፤ ዓመታቱም ይለዋወጣሉ፤ ሥርዐታቸውንም ያፈርሳሉ፤ የእስራኤልም ልጆች ሁሉ ይዘነጋሉ። የዓመታትንም መንገድ አያገኙም፤ መባቻውን ይረሳሉ፤ ጊዜውንና ሱባዔውን፥ የዘመኑንም ሥርዐት ሁሉ ያፈርሳሉ።
faa978b3-0371-5e35-adb2-95fc321e07b2,5aa2fb1c-00a3-5f5f-a962-634cabdafd14,11b75956-c410-5eef-ad20-9e0d9d8e7560,33,33,እኔ አውቃለሁና፥ እንግዲህ ወዲህ እኔ እነግርሃለሁ፤ እንዲህ ያለ መጽሐፍ በፊቴ ተጽፎአልና፥ የምነግርህ ከልቤ አይደለም፤ ከሳቱ በኋላ አእምሮአቸውንም ካጡ በኋላ የቃል ኪዳኑን በዓል እንዳይረሱ፥ በአሕዛብ በዓላትም እንዳይሄዱ የዘመኑ አከፋፈል በሰማይ ጽላት ተጻፈ።
862799b8-9e94-57df-a597-25e83ef1c774,5aa2fb1c-00a3-5f5f-a962-634cabdafd14,11b75956-c410-5eef-ad20-9e0d9d8e7560,34,34,“እርስዋ ጊዜያትን ትለውጣለችና፥ ከዓመታትም ለዓመት ዐሥር ቀን ትቀድማለችና፥ በጨረቃ አጐዳደል ጨረቃን የሚመለከቱ ይሆናሉ።
77c9b56a-b314-5270-a3a4-3cb814994a27,5aa2fb1c-00a3-5f5f-a962-634cabdafd14,11b75956-c410-5eef-ad20-9e0d9d8e7560,35,35,ስለዚህ ሥርዐትን ከለወጡ በኋላ ዓመታት ይመጡላቸዋል፤ ምስክር የምትሆን ቀንንም የተናቀች ያደርጋሉ። የረከሰችውምን ቀን በዓል ያደርጋሉ፤ ሁሉንም ይቀላቅላሉ፤ የተቀደሱትን ቀናት የረከሱ፥ የረከሱትንም ቀናት ለቅድስና ያደርጋሉ፤ ወራቶችንና ሱባዔዎችን፥ በዓላቱንና ኢዮቤላቱን ይስታሉና።
2d8a0642-a3d1-5d04-a683-e2524edc5d1e,5aa2fb1c-00a3-5f5f-a962-634cabdafd14,11b75956-c410-5eef-ad20-9e0d9d8e7560,36,36,ስለዚህም እኔ አዝዝሃለሁ፤ ልጆችህ አንተ ከሞትህ በኋላ ሦስት መቶ ስድሳ አራቱን ቀን ብቻ ዓመትን እንዳያደርጉ ሥርዐትን ይለውጣሉና ታዳኝባቸው ዘንድ አዳኝብሃለሁ።
ac2103c3-8cf7-5db6-af18-839f4ca7a73a,5aa2fb1c-00a3-5f5f-a962-634cabdafd14,11b75956-c410-5eef-ad20-9e0d9d8e7560,37,37,ስለዚህም የወሩን መባቻና ሱባዔውን፥ ጊዜውንና በዓላቱን ይስታሉ፤ ከሰው ሁሉ ጋር ብርንዶውን ሁሉ ይበላሉ።”
394a5b1b-6983-5780-a98e-9fec4e243145,8e9ea004-b535-5aa4-a695-7959bbc4d428,5b3e5f43-8fed-5340-ac20-9e02e61c7319,1,1,በዚህ ኢዮቤልዩ በሰባተኛው ሱባዔ በመጀመሪያው ዓመት መርከቢቱ ባረፈችበት ስሙ ሉባር በሚባል ከአራራት ተራሮች በአንዱ ተራራ ላይ ኖኅ ወይንን ተከለ።
2cce422a-2f1e-5b47-a9e8-ac30e7e980c1,8e9ea004-b535-5aa4-a695-7959bbc4d428,5b3e5f43-8fed-5340-ac20-9e02e61c7319,2,2,በአራተኛውም ዓመት አፈራ፤ ፍሬውንም ጠበቀ፤ በዚያውም ዓመት በሰባተኛው ወር ፍሬውን ለቀመ። ከእርሱም ጠጅ ጥሎ በዕቃ አኖረው፥ እስከ አምስተኛውም ዓመት እስከ መጀመሪያው ወር መጀመሪያዪቱ ቀን ድረስ ጠበቀው።
df4706c1-fc85-575c-a31e-aaca0183739d,8e9ea004-b535-5aa4-a695-7959bbc4d428,5b3e5f43-8fed-5340-ac20-9e02e61c7319,3,3,ይህችንም ቀን በደስታ በዓል አደረገ፥ ለእግዚአብሔርም የሚቃጠል መሥዋዕትን ሠዋ። የራሱንም ኀጢአት ያስተሰርይበት ዘንድ ከላሞች አንድ ወይፈንን፥ አንድ የበግ አውራን፥ ዓመት የሆናቸው ሰባት በጎችን፥ አንዲት የፍየል ጠቦትንም ሠዋ።
aafed223-b363-55b2-a26f-10be6a6a3dff,8e9ea004-b535-5aa4-a695-7959bbc4d428,5b3e5f43-8fed-5340-ac20-9e02e61c7319,4,4,ስለ ልጆቹም አስቀድሞ ጠቦትን ሠዋ፤ ከደሙም በሠራው መሠዊያ ላይ ባለው ሥጋ ላይ አኖረ። የሚቃጠል መሥዋዕትንም በሠዋበት መሠዊያ ላይ ስቡን ሁሉ አጤሰ። ላሙንና የበጉን አውራ፥ በጎቹንም ሠውቶ ሥጋቸውን ሁሉ በመሠዊያው ላይ አኖረ። በዘይት የተለወሰ መሥዋዕታቸውንም ሁሉ በላያቸው አኖረ።
a4576495-cb4d-53a9-aa06-21e6997cf911,8e9ea004-b535-5aa4-a695-7959bbc4d428,5b3e5f43-8fed-5340-ac20-9e02e61c7319,5,5,ከዚህም በኋላ በመሠዊያው ላይ ባለው እሳት ላይ ወይኑን ረጨ። አስቀድሞ ዕጣኑን በመሠዊያው ላይ አኖረ፤ እግአብሔር የሚወደውንም በጎ መሥዋዕት ሠዋ። መሥዋዕቱም ወደ አምላኩ ወደ እግዚአብሔር ዐረገ፤ ከዚህም ወይን ጠጥቶ ደስ አለው። ልጆቹንም ደስ አላቸው።
d148f579-f569-5baa-a340-40c7ab2722f2,8e9ea004-b535-5aa4-a695-7959bbc4d428,5b3e5f43-8fed-5340-ac20-9e02e61c7319,6,6,በመሸም ጊዜ ወደ ድንኳኑ ገብቶ ሰክሮ ተኛ፤ በድንኳኑም ተኝቶ ዕርቃኑን ጣለ።
bd72133b-fe33-5d78-a0d5-bed1c89ad12c,8e9ea004-b535-5aa4-a695-7959bbc4d428,5b3e5f43-8fed-5340-ac20-9e02e61c7319,7,7,ካምም አባቱ ኖኅን ዕራቁቱን እንደ ሆነ አየ፤ ወጥቶም በውጭ ለነበሩ ለሁለቱ ወንድሞቹ ነገራቸው።
42d17b9d-9762-5ef6-a2e1-e3a72521c6f4,8e9ea004-b535-5aa4-a695-7959bbc4d428,5b3e5f43-8fed-5340-ac20-9e02e61c7319,8,8,ሴምም ልብሱን ይዞ ተነሣ፤ እርሱና ያፌትም ልብሳቸውን ከጫንቃቸው አውርደው አለበሱት፥ ፊታቸውንም ወደ ኋላ መልሰው የአባታቸውን ኀፍረት ሸፈኑ።
96c1a643-f5f0-5833-ac7c-4ea4c7ca4972,8e9ea004-b535-5aa4-a695-7959bbc4d428,5b3e5f43-8fed-5340-ac20-9e02e61c7319,9,9,ኖኅም ከእንቅልፉ በነቃ ጊዜ ታናሹ ልጁ በእርሱ ላይ ያደረገበትን ሁሉ ዐወቀ፥ ልጁንም ረገመው፥ “የተረገመ ከነዓን ለወንድሞቹ ተገዥ ባሪያ ይሁን” አለ።
8deb5f81-9540-5ebc-afe0-c4bada8bc2a7,8e9ea004-b535-5aa4-a695-7959bbc4d428,5b3e5f43-8fed-5340-ac20-9e02e61c7319,10,10,ሴምንም መረቀው፤ እንዲህም አለ፥ “የሴም አምላክ እግዚአብሔር ይመስገን፤ ከነዓንም ባሪያው ይሁን፤ እግዚአብሔርም የያፌትን ሀገር ያስፋለት፥ እግዚአብሔርም በሴም ድንኳን ይደር፤ ከነዓንም ባሪያው ይሁን።”
f58b11a6-b89e-5bf4-a00b-5aa561f53f4e,8e9ea004-b535-5aa4-a695-7959bbc4d428,5b3e5f43-8fed-5340-ac20-9e02e61c7319,11,11,ካምም አባቱ ታናሹን ልጁን እንደ ረገመው ዐወቀ። ልጁንም ረግሞታልና ለእርሱ ክፉ ነገር ሆነበት፤ እርሱም ከአባቱ ተለየ፤ ልጆቹም ከእርሱ ጋር ነበሩ። እነዚህም ኩሽና ሜስራይም፥ ፉጥና ከነዓን ናቸው። እርሱም ከተማን አቀና፤ የከተማዪቱንም ስም በሚስቱ ስም አኤልታማክ ብሎ ጠራት።
0f168cba-68ff-5f0d-a816-c0191a4c980f,8e9ea004-b535-5aa4-a695-7959bbc4d428,5b3e5f43-8fed-5340-ac20-9e02e61c7319,12,12,ያፌትም አይቶ በወንድሙ ቀና፤ እርሱም ከተማን አቀና፤ ስምዋንም በሚስቱ ስም አዶታኔስስ ብሎ ጠራት።
23f75623-d241-548d-a708-2b494c76690a,8e9ea004-b535-5aa4-a695-7959bbc4d428,5b3e5f43-8fed-5340-ac20-9e02e61c7319,13,13,ሴም ግን ከአባቱ ከኖኅ ጋር ተቀመጠ፤ በአባቱም እጅ በተራራው ላይ ከተማን አቀና፤ እርሱም ስምዋን በሚስቱ በሴዴቄተልባብ ስም ጠራ።
36d18a4c-15d1-5b62-a5ff-335856972955,8e9ea004-b535-5aa4-a695-7959bbc4d428,5b3e5f43-8fed-5340-ac20-9e02e61c7319,14,14,እነዚህም ሦስቱ ከተሞች፥ እነሆ፥ በሉባር ተራራ አቅራቢያ ናቸው። ሴዴቄተልባብም በተራራው አንጻር በምሥራቅ ናት፥ አኤልታማክም በሰሜን አንጻር ናት፤ አዶታኒስስም በምዕራብ ናት።
153e87ab-1903-5c01-a2ba-1773de6801b6,8e9ea004-b535-5aa4-a695-7959bbc4d428,5b3e5f43-8fed-5340-ac20-9e02e61c7319,15,15,የሴምም ልጆች እነዚህ ናቸው፥ ኤላምና አሱር፥ አርፋክስድም ሉድና አራምም፥ እነዚህ የጥፋት ውኃ ከሆነበት ከአራተኛው ዓመት በኋላ የተወለዱ ናቸው። ያፌትም ጎሜርንና ማጎግን፥ ያዋንንና ቶቤልን፥ ሞሳክንና ቴራስን ወለደ። እነዚህ ሁሉ የኖኅ ልጆች ናቸው።
5b5c9480-91b4-5cfd-a446-cfd0a6281ea6,8e9ea004-b535-5aa4-a695-7959bbc4d428,5b3e5f43-8fed-5340-ac20-9e02e61c7319,16,16,ኖኅም በሃያ ስምንተኛው ኢዮቤልዩ ለልጅ ልጆቹ ሥርዐትንና ትእዛዝን፥ የሚያውቀውንም ፍርድ ሁሉ ያዝዝ ጀመረ። እውነትንም ያደርጉ ዘንድ፥ የሰውነታቸውንም ኀፍረት ይሸፍኑ ዘንድ፥ የፈጠራቸው እግዚአብሔርንም ያመሰግኑ ዘንድ፥ አባትና እናታቸውንም ያከብሩ ዘንድ፥ እያንዳንዳቸውም ባልንጀራቸውን ይወድዱ ዘንድ፥ ሰውነታቸውንም ከዝሙትና ከርኵሰት፥ ከበደልም ይጠብቁ ዘንድ ያዝዛቸው ጀመር።
fedffe38-4317-5ed9-ad3b-bdce2d223324,8e9ea004-b535-5aa4-a695-7959bbc4d428,5b3e5f43-8fed-5340-ac20-9e02e61c7319,17,17,ትጉሃን ከታዘዘላቸው ሕግ ወጥተው ከሰው ልጆች ጋር ስላደረጉት ዝሙት በእነዚህ በሦስቱ ኀጢአቶች በምድር ላይ የጥፋት ውኃ ተደርጎአልና።
7bc30f9a-eced-50e2-aea4-7feda0f7fbc2,8e9ea004-b535-5aa4-a695-7959bbc4d428,5b3e5f43-8fed-5340-ac20-9e02e61c7319,18,18,ከመረጡአቸው ሴቶችም ሁሉ ሚስቶችን አገቡ፥ አስቀድመውም ርኵሰትን ሠሩ። ኀይለኞች ልጆችንም ወለዱ፤ ሁሉም አይመሳሰሉም ነበሩ።
0a424b28-d3d5-57d8-a25c-0e1eb5580786,8e9ea004-b535-5aa4-a695-7959bbc4d428,5b3e5f43-8fed-5340-ac20-9e02e61c7319,19,19,እያንዳንዱም ባልንጀራውን ይበላው ነበር። አርበኛውም ናፊልን ገደለው፤ ናፊልም ኢልዮንን ገደለው፥ ኢልዮንም የሰውን ልጅ ገደለው። ሰውም ባልንጀራውን ገደለው፤ ሁሉም ዐመፅን ያደርግ ዘንድ፥ ንጹሕ ደምንም ያፈስስ ዘንድ ተመለሰ። ምድርም ዐመፅን ተሞላች፥ ከእነዚህም ሁሉ በኋላ በአውሬዎችና በወፎች፥ በምድር ላይም በሚንቀሳቀሰውና በሚመላለሰው ሁሉ ላይ በደሉ።
eb1b9f4a-b189-5abc-adac-06e1dde81524,8e9ea004-b535-5aa4-a695-7959bbc4d428,5b3e5f43-8fed-5340-ac20-9e02e61c7319,20,20,በምድርም ላይ ብዙ ደም ፈሰሰ፤ የሰውም ልቡናውና ፈቃዱ በዘመኑ ሁሉ ከንቱና ክፉ ነገርን ያስቡ ጀመር።
413b23b8-6e24-5f54-a3a4-f5a38d02b522,8e9ea004-b535-5aa4-a695-7959bbc4d428,5b3e5f43-8fed-5340-ac20-9e02e61c7319,21,21,እግዚአብሔርም ስለ ክፉ ሥራቸው በምድር ሁሉ ፊት ሁሉን አጠፋ። በምድርም ስላፈሰሱት ደም ሁሉን ደመሰሰ፤ “እኔና እናንተ ልጆች፥ ከእኛም ጋር ወደ መርከብ የገባው ሁሉ ቀረን።
d3bdfe6a-2958-5b25-a86f-eacc4d973ad2,8e9ea004-b535-5aa4-a695-7959bbc4d428,5b3e5f43-8fed-5340-ac20-9e02e61c7319,22,22,በጥፋት ሥራ ጸንታችሁ ትኖሩ ዘንድ ጀምራችኋልና እናንተ በእውነት ሥራ ጸንታችሁ የምትኖሩ እንዳልሆናችሁ እነሆ፥ እኔ የቀደመ ሥራችሁን አየሁ። እያንዳንዳችሁ ከባልንጀራችሁ ትለያላችሁ፤ እርስ በርሳችሁም ትቀናናላችሁ።
a3926f83-f81b-5292-aa75-237b34364fec,8e9ea004-b535-5aa4-a695-7959bbc4d428,5b3e5f43-8fed-5340-ac20-9e02e61c7319,23,23,ልጆች፥ አንዱ ከአንዱ ጋር በአንድነት እንደማትኖሩ እኔ አያለሁ፤ አጋንንትም በእናንተና በልጆቻችሁ ላይ እነሆ፥ ማሳት ጀመሩ።
7444a794-6d1b-57a5-ad89-e7e10270c569,8e9ea004-b535-5aa4-a695-7959bbc4d428,5b3e5f43-8fed-5340-ac20-9e02e61c7319,24,24,አሁንም እኔ ከሞትሁ በኋላ በምድር ላይ የሰውን ደም ታፈስሳላችሁ፤ እናንተም ከገጸ ምድር ትጠፋላችሁ ብዬ እኔ ስለ እናንተ እፈራለሁ። የሰውን ደም የሚያፈስስ ሁሉና ብርንዶ የሚበላ ሁሉ፥ ሁሉም ከዚህ ዓለም ይጠፋሉና፤ ብርንዶንም የሚበላ ደምንም የሚያፈስስ ሁሉ በዚህ ዓለም አይቀርምና።
d87a6a0f-027a-5875-a6e0-979b9ba214f5,8e9ea004-b535-5aa4-a695-7959bbc4d428,5b3e5f43-8fed-5340-ac20-9e02e61c7319,25,25,ወደ መቃብር ይሄዳሉና፥ ቍርጥ ፍርድ ወዳለበት ወደ ሲኦልም ይወርዳሉና፥ ሁሉም በክፉ ሞት ተይዘው ወደ ጨለማው ጥልቅ ይጣላሉና፥ ከሰማይ በታች ልጅ፥ የልጅ ልጅም በሕይወት አይቀርለትም።
9b64c459-79fe-5764-a5cf-f32c4856c2d8,8e9ea004-b535-5aa4-a695-7959bbc4d428,5b3e5f43-8fed-5340-ac20-9e02e61c7319,26,26,“ማንኛውንም አውሬና እንስሳ፥ በምድር ላይ የሚበርረውንም ባረዳችሁ ጊዜ በዘመናችሁ ሁሉ ከማንኛውም ደም፦ ደም ሁሉ በእናንተ ላይ አይታይ።
f9186b53-a334-5bba-afab-91f875812917,8e9ea004-b535-5aa4-a695-7959bbc4d428,5b3e5f43-8fed-5340-ac20-9e02e61c7319,27,27,በምድር ላይ የሚፈስሰውን ደም በመቅበር ስለ ሰውነታችሁ ምጽዋት መጽውቱ፤ ከደም ጋር የሚበላም አትሁኑ። ሌሎችም በፊታችሁ ደም እንዳይበሉ ተጠንቀቁ። እኔ እንደዚህ ታዝዣለሁና ደሙን ቅበሩ።
e06c4bae-c50b-53a4-a536-406929637149,8e9ea004-b535-5aa4-a695-7959bbc4d428,5b3e5f43-8fed-5340-ac20-9e02e61c7319,28,28,በእናንተና በልጆቻችሁ ከሰው ሁሉ ጋር እመሰክርባችኋለሁ። በምድር ላይ ደምን ከሚያፈስስ ሰው ሁሉ ጋር በሰውነታችሁ ደማችሁን የሚመረምሩአችሁ እንዳይሆኑ ነፍስን ከሥጋ ጋር አትብሉአት፤ ምድር በትውልዱ ሁሉ ደምን ባፈሰሰ ሰው ደም የምትነጻ ስለሆነ ምድር በላይዋ ከፈሰሰ ደም አትነጻምና።
60e91d3d-6543-5cb0-af8c-5e834254e40f,8e9ea004-b535-5aa4-a695-7959bbc4d428,5b3e5f43-8fed-5340-ac20-9e02e61c7319,29,29,“አሁንም ልጆች፥ ስሙኝ፥ በምድር ሁሉ በእውነት ፊት ጸንታችሁ ትኖሩ ዘንድ፥ ክብራችሁም ከጥፋት ውኃ ባዳነኝ በአምላኬ በእግዚአብሔር ፊት ይገለጥ ዘንድ ፍርድንና ጽድቅን ፍረዱ።
a76b4369-988a-52c6-af0a-d5c49051e3d5,8e9ea004-b535-5aa4-a695-7959bbc4d428,5b3e5f43-8fed-5340-ac20-9e02e61c7319,30,30,እነሆ፥ እናንተም ሄዳችሁ ከተሞችን ታቀናላችሁ፤ በውስጣቸውም በምድር ላይ ያለውን ተክል ሁሉ ትተክላላችሁ። ተክሉም ሁሉ በሦስተኛው ዓመት የሚያፈራውን ፍሬ ሁሉ ለመብላት የማይለቀም ይሆናል።
58292c14-9298-5189-a593-93e66421c4a4,8e9ea004-b535-5aa4-a695-7959bbc4d428,5b3e5f43-8fed-5340-ac20-9e02e61c7319,31,31,በአራተኛውም ዓመት ፍሬው ይቀደሳል፤ ሰማይንና ምድርን በፈጠረ በልዑል እግዚአብሔር ፊት ተቀባይነት ያለውንም የፍሬውን መጀመሪያ ይሠዋሉ፥ የወይኑንና የዘይቱን መጀመሪያ፥ እንደ አዝመራው መጀመሪያ በሚቀበለው በእግዚአብሔር መሠዊያ በፈሳሽነት ያቀርባሉ፤ የቀረውንም የቤተ እግዚአብሔር አገልጋዮች መሥዋዕቱን በሚቀበልበት በመሠዊያው ፊት ይብሉት።
1c7be388-5f13-5d65-a310-d3e45a43c0ef,8e9ea004-b535-5aa4-a695-7959bbc4d428,5b3e5f43-8fed-5340-ac20-9e02e61c7319,32,32,እናንተ በእውነትና በሚገባ ትተዉት ዘንድ በአምስተኛው ዓመት ዕረፍትን አድርጉ፤ እናንተም ትከብራላችሁ፤ ተክላችሁም ሁሉ የበጀ ይሆናል። የአባታችሁ አባት ሄኖክ ልጁ ማቱሳላን እንዲሁ አዝዞታልና፤ ማቱሳላም ልጁ ላሜህን አዝዞታልና፤ ላሜህም አባቶቹ ያዘዙትን ሁሉ ለእኔ አዝዞኛልና።
77cbf6a4-ca73-5260-a153-2609c45de23b,8e9ea004-b535-5aa4-a695-7959bbc4d428,5b3e5f43-8fed-5340-ac20-9e02e61c7319,33,33,እኔም፥ ልጆች ሆይ፥ ሄኖክ ልጁን እንዳዘዘው አዝዛችኋለሁ፤ በመጀመሪያው ኢዮቤልዩ በሕይወት ሳለ በሰባተኛው ትውልድ ማቱሳላ እስከሚሞትባት ቀን ድረስ ልጆቹንና የልጆቹን ልጆች አዝዞ አዳኘ።”
5bef901f-cc3d-5a24-a4bb-189a4509c941,8e9ea004-b535-5aa4-a695-7959bbc4d428,5b3e5f43-8fed-5340-ac20-9e02e61c7319,34,34,በሃያ ዘጠነኛው ኢዮቤልዩ በመጀመሪያው ሱባዔ በመጀመሪያው ዓመት አርፋክስድ ሚስት አገባ፤ ስምዋም ራሱእያ ይባላል፤ ይህችውም የኤላም ልጅ የሱሳን ልጅ ናት። በሦስተኛው ዓመት በዚህ ሱባዔ ወንድ ልጅን ወለደችለት፤ ስሙንም ቃይናም አለው፤ ልጁም አደገ፤ አባቱም መጽሐፍን አስተማረው።
6907f306-7932-5f1c-a9d2-1fcc59373b3d,8e9ea004-b535-5aa4-a695-7959bbc4d428,5b3e5f43-8fed-5340-ac20-9e02e61c7319,35,35,ከተማንም የሚይዝበት ቦታን ይፈልግ ዘንድ ሄደ፤ የቀደሙ ሰዎችም በድንጋይ የቀረፁትን መጽሐፍ አገኘ። በእርስዋም ያለውን አንብቦ ተረጐመ። የፀሓይንና የጨረቃን፥ የከዋክብትንም ሰገል ከሰማይ ምልክቶች ጋር የሚመለከቱበት የትጉሃን ትምህርት ሁሉ በእርስዋ ስለ ነበር በእርስዋ በተጻፈው በደለ።
eb2f031c-08e4-534c-aa84-0d3754e4a9d0,8e9ea004-b535-5aa4-a695-7959bbc4d428,5b3e5f43-8fed-5340-ac20-9e02e61c7319,36,36,እርሱም ጻፋት፥ የእርስዋንም ነገር አልተናገረም። ስለ እርስዋ በእርሱ እንዳይቈጣ የእርስዋን ነገር ለመናገር ኖኅን ይፈራዋልና።
07b0201c-e406-5492-a3f9-98be39090d29,8e9ea004-b535-5aa4-a695-7959bbc4d428,5b3e5f43-8fed-5340-ac20-9e02e61c7319,37,37,በሠላሳኛው ኢዮቤልዩ በሁለተኛው ሱባዔ በመጀመሪያው ዓመት ሚስትን አገባ፤ ስምዋም ሜልካ ይባላል፤ ይህችውም የያፌት ልጅ የአበዳይ ልጅ ናት።
fed87870-aebb-5d93-a831-02057c34a1cc,8e9ea004-b535-5aa4-a695-7959bbc4d428,5b3e5f43-8fed-5340-ac20-9e02e61c7319,38,38,በአራተኛውም ዓመት ወንድ ልጅን ወለደችለት፦ ስሙንም ሳላ አለው፤ መልእክትን ተልኬአለሁ ብሎአልና፤ ሳላም አደገ፤ በሠላሳ አንደኛውም ኢዮቤልዩ በአምስተኛው ሱባዔ በመጀመሪያው ዓመት ሚስትን አገባ ስምዋም ሙአክ ይባላል፤ ይህችውም የአባቱ ወንድም የኬሴድ ልጅ ናት።
530d5517-5a6d-506d-ad00-8bcf6bf8d044,8e9ea004-b535-5aa4-a695-7959bbc4d428,5b3e5f43-8fed-5340-ac20-9e02e61c7319,39,39,በአምስተኛውም ዓመት ወንድ ልጅን ወለደችለት፤ ስሙንም ኤቦር አለው። እርሱም በሠላሳ ሁለተኛው ኢዮቤልዩ በሰባተኛው ሱባዔ በሦስተኛው ዓመት ሚስትን አገባ፤ ስምዋም አዙራድ ይባላል፥ ይህችውም የአብሮድ ልጅ ናት።
c0db889d-b8d3-555f-a585-776e04789368,8e9ea004-b535-5aa4-a695-7959bbc4d428,5b3e5f43-8fed-5340-ac20-9e02e61c7319,40,40,በስድስተኛውም ዓመት ወንድ ልጅን ወለደችለት፤ ስሙንም ፋሌክ አለው፤ በተወለደበት ዘመን የኖኅ ልጆች ምድርን ሊካፈሉ ጀምረዋልና፤ ስለዚህም ስሙን ፋሌክ ብሎ ጠራው፤ እርስ በርሳቸውም አስተካክለው ተካፈሉ፥ ለኖኅም ነገሩት።
d2426042-aa7c-5e5d-ad4b-b5f36c159a90,8cceb20f-0fec-5427-a917-179537ee8ff8,46452f1f-32c1-547f-a38c-fcc84068892a,1,1,በሠላሳ ሦስተኛውም ኢዮቤልዩ መጀመሪያ እንዲህ ሆነ፤ ለካምና ለሴም ለያፌትም ርስት ልትሆናቸው ከአንደኛው ሱባዔ በመጀመሪያው ዓመት ወደ እነርሱ ከተላክን ከእኛ አንዱ ባለበት ምድርን ሦስት አድርገው ከፈሉአት፤ ልጆቹንም ጠራ፤ እነርሱና ልጆቻቸውም ወደ እርሱ ቀረቡ፤ ሦስቱ ልጆቹም የሚይዙትን ምድር በዕጣ ከፈለ።
50eb8244-81dd-5f08-aa87-501486623af1,8cceb20f-0fec-5427-a917-179537ee8ff8,46452f1f-32c1-547f-a38c-fcc84068892a,2,2,እጃቸውንም ዘርግተው ከአባታቸው ከኖኅ እጅ መጽሐፉን ተቀበሉ። ርስት አድርጎ የሚይዘው የሴም ዕጣም ለልጆቹና ለልጅ ልጆቹ ለዘለዓለም በመጽሐፍ የምድር መካከል ወጣ። ከአርበኞች ተራራ መካከል ከውኃውም መውጫ ጀምሮ እስከ ጢና ወንዝ ድረስ ወጣ።
eb441ea4-e106-5079-a8a7-334c0b05c93c,8cceb20f-0fec-5427-a917-179537ee8ff8,46452f1f-32c1-547f-a38c-fcc84068892a,3,3,ክፍሉም በዚህ ወንዝ መካከል ወዳለ ወደ ምዕራብ ይደርሳል፤ ይህም ወንዝ ከእርስዋ እስከሚወጣበት እስከ ጥልቁ ውኃ እስኪቀርብ ድረስ ወደዚያ ይሄዳል። ውኃውም ወደ ሚኦት ባሕር ይፈስሳል፤ ይህም ወንዝ እስከ ታላቁ ባሕር ድረስ ይሄዳል፤ በደቡብም በኩል ያለው ሀገር ሁሉ ለያፌት ደረሰ፤ በሰሜን በኩል ያለውም ሀገር ሁሉ ለሴም ደረሰ።
9e58a8ef-10f7-5f8e-a37c-b8eef62316c9,8cceb20f-0fec-5427-a917-179537ee8ff8,46452f1f-32c1-547f-a38c-fcc84068892a,4,4,ወደ ኮራሶ እስኪቀርብ ድረስ ይሄዳል። ይኸውም ወደ ሰሜን የሚመለከት ሕፅነ ልሳን ነው። ክፍሉም ወደ ታላቁ ባሕር ይደርሳል። ይህች ባሕር ልሳነ ባሕረ ግብፅ ትባላለችና ወደ ሰሜን ወደምታሳይ ወደ ልሳን መግቢያ እስኪቀርብ ድረስ አቅንቶ ይሄዳል።
265e86e9-7cb1-5aa0-ac21-a75048b85635,8cceb20f-0fec-5427-a917-179537ee8ff8,46452f1f-32c1-547f-a38c-fcc84068892a,5,5,ከዚያም ወደ ሰሜን ታዘነብላለች፤ ወደ ታላቁ ባሕር መግቢያ ወደ ውኃውም ዳርቻ ትደርሳለች፤ ወደ አፍራም ግራ ትደርሳለች፤ ግዮን ወደሚባል ፈሳሽ ውኃም እስክትቀርብ ድረስ ትደርሳለች፤ ወደ ግዮንም ውኃ ቀርባ ወደዚህ ፈሳሽ ዳርቻ ትደርሳለች።
75bcb534-c4c4-512c-adc7-60352aa56ac0,8cceb20f-0fec-5427-a917-179537ee8ff8,46452f1f-32c1-547f-a38c-fcc84068892a,6,6,ወደ ኤደን ገነት ወደ ሰሜንም ቀኝ እስክትቀርብ ድረስ ወደ ምሥራቅ ትሄዳለች፤ ከኤዶም ምድር ሁሉ ምሥራቅ፥ ከሀገሩም ሁሉ ምሥራቅ ወደ ምሥራቅ ይመለሳል። ስሙ ራፋ ወደሚባል ተራራ ምሥራቅ እስኪቀርብ ድረስ ይመጣል፤ ወደ ጢና ወንዝ መውጫ ዳርቻም ይወርዳል።
92884368-c10b-56fe-ad88-8c9868808a11,8cceb20f-0fec-5427-a917-179537ee8ff8,46452f1f-32c1-547f-a38c-fcc84068892a,7,7,ይህችም ክፍል ለዘለዓለም ሊይዙአት ለሴምና ለልጆቹ፥ ለልጅ ልጆቹም እስከ ዘለዓለም ድረስ በዕጣ ወጣች።
0be960e7-3d0b-550c-aae6-4c40cf521a6c,8cceb20f-0fec-5427-a917-179537ee8ff8,46452f1f-32c1-547f-a38c-fcc84068892a,8,8,ኖኅም ይህ ክፍል የሴምና የልጆቹ ዕጣ ነውና ደስ አለው። “የሴም አምላክ እግዚአብሔር ይመስገን፥ እግዚአብሔርም በሴም ማደሪያ ይደር” ብሎአልና በአፉ በትንቢት የተናገረውን ነገር ሁሉ ዐሰበ። የኤዶም ገነት ከከበሩ የከበረች፥ የእግዚአብሔርም ማደሪያ እንደ ሆነች ዐውቆአልና። ደብረ ሲና በምድረ በዳ መካከል ናት፥ ደብረ ጽዮንም በምድር ዕንብርት መካከል ናት፥ እነዚህ ሦስቱ ሁሉ አንዱ በአንዱ አንጻር ለቅድስና ተፈጠሩ።
3922c587-2432-57f7-add5-1be712495eff,8cceb20f-0fec-5427-a917-179537ee8ff8,46452f1f-32c1-547f-a38c-fcc84068892a,9,9,በአፉ ቃለ እግዚአብሔርን እንዲናገር ያደረገውን የአማልክት አምላክ እግዚአብሔርን እስከ ዘለዓለም ድረስ አመሰገነው፤ የተባረከ ክፍልና በረከት ለሴምና ለልጆቹ፥ ለልጅ ልጆቹም እስከ ዘለዓለም ድረስ እንደ ደረሳቸው ዐወቀ።
4d3cc142-8c8e-51fe-a734-561ea621d63e,8cceb20f-0fec-5427-a917-179537ee8ff8,46452f1f-32c1-547f-a38c-fcc84068892a,10,10,የኤዶም ምድር ሁሉ፥ የኤርትራ ባሕር ዳርም ሁሉ፥ የምሥራቅ ምድር ሁሉ በኤርትራና በተራሮቹ በኩል ያለው ሕንድ፥ የባሳን ሀገር ሁሉና የሊባኖስም ሀገር ሁሉ፥ የካፍቱር ደሴቶችና የሳኔር ተራራ ሁሉ፥ አማናና የደቡባዊው አሱር ተራራ፥ የኤላም ሀገር ሁሉ፥ አሱርና ባቢል፥ ሱሳንም ማእዳይና የአራራት ሀገር ሁሉ፥ በደቡብ በኩል ከአለው ከአሱር ተራራ ማዶ የባሕሩ ወደብ እንደ ደረሱት ዐወቀ። የተባረከችና ሰፊ የሆነች፥ በውስጥዋም ያለ ሁሉ እጅግ ያማረ ምድር፤
04cefeef-4c58-56bc-a22f-bf3f3b8d953e,8cceb20f-0fec-5427-a917-179537ee8ff8,46452f1f-32c1-547f-a38c-fcc84068892a,11,11,ሁለተኛውም ዕጣ ወደ ግዮን ማዶ በገነት ቀኝ በሰሜን በኩል ለካም ወጣ፥ ወደ ሰሜንም ይደርሳል። ዋዕይ ወደ ጸናበት ተራራም ሁሉ ይደርሳል፤ በአጤል አንጻር ወዳለ ወደ ምዕራብ ይደርሳል። ወደ ማዕከክ ባሕር እስኪቀርብ ድረስም ወደ ምዕራብ ይደርሳል። ይህችውም የሚጠፋው ሁሉ ወደ እርስዋ የሚወርድባት ሀገር ናት። ወደ ደቡብ ወደ ጋዴት ዳርቻ ይወጣል። ወደ ግዮን ወንዝም እስኪቀርብ ድረስ ወደ ባሕሩ ዳርቻ ወደ ታላቁ ባሕር ይመጣል።
1a70bd32-3639-56e3-a958-3116b6c33121,8cceb20f-0fec-5427-a917-179537ee8ff8,46452f1f-32c1-547f-a38c-fcc84068892a,12,12,ግዮን የተባለው ወንዝም በኤዶም ገነት ቀኝ እስኪቀርብ ድረስ ይሄዳል። ለዘለዓለም ለሚይዛት ለካምና ለልጆቹ፥ ለወገናቸውም እስከ ዘለዓለም ድረስ በዕጣ የወጣች ሀገር ይህች ናት።
a5fc7a65-5d81-532b-a2ad-982bfbb59cac,8cceb20f-0fec-5427-a917-179537ee8ff8,46452f1f-32c1-547f-a38c-fcc84068892a,13,13,ለያፌትም ሦስተኛው ዕጣ ወጣ። ጢና ወደሚባል ወንዝ ማዶ ወደ ፈሳሾች መውጫ ወደ ደቡብ ወጣ። ወደ ደቡብ ምሥራቅ፥ ወደ ጎግ አውራጃም ሁሉና ወደ ምሥራቃቸው ሁሉ ይደርሳል፥ ከደቡብም ወደ ደቡብ ይደርሳል። ወደ ቄልጥ ተራራና ወደ ደቡብ፥ ወደ ማሉቅም ባሕር ይደርሳል። እስከ ባሕሩ መውጫ ዳርቻ ድረስ ወደ ጋዴት ምሥራቅም ይመጣል። ወደ ፋራ መግቢያም እስኪቀርብ ድረስ ይሄዳል። ወደ ምሥራቅ ወደ ማኡታ ባሕር ወደሚሄደው ወደ አፌራግም ይመለሳል፤ ወደ ውኃው ዳርቻ ወደ ራፋ ተራራ እስኪቀርብም ድረስ ጢና ወደተባለው ወንዝ ወደ ደቡብ ምሥራቅ ይሄዳል። ደቡብንም ይዞራል።
2e8d0e65-777c-5702-a50f-ee74df48a245,8cceb20f-0fec-5427-a917-179537ee8ff8,46452f1f-32c1-547f-a38c-fcc84068892a,14,14,ለዘለዓለሙ በርስትነት ዕጣ የሚይዛት፥ ለያፌትና ለልጆቹ፥ ለወገኖቹም የወጣችለት ምድር ይህች ናት። ታላላቅ ደሴቶችዋም አምስት ናቸው። በደቡብ በኩል ያለችውም ሀገር ሰፊ ናት። ነገር ግን የያፌት ሀገር ቀዝቃዛ ናት፤ የካምም ሀገር በረሃ ናት፤ የሴም ሀገር ግን ከውርጭና ከዋዕይ ጋር የተቀላቀለች ናትና ቆላም ደጋም አይደለችም።
4a4cb067-0144-5081-ae61-99ad9f112319,8cceb20f-0fec-5427-a917-179537ee8ff8,46452f1f-32c1-547f-a38c-fcc84068892a,15,15,ካም በልጆቹ መካከል አካፈለ። የመጀመሪያው ዕጣም ለኩሽ ወደ ምሥራቅ ወጣ፥ ምዕራቡ ለምጽራይም ወጣ፥ ምዕራቡም ለፉጥ ወጣ፤ ምዕራቡም ለከነዓን ወጣ፤ በምዕራቡም በኩል ባሕር ነበር።
522c37fc-f926-59ca-a23a-4f9d8db8eba3,8cceb20f-0fec-5427-a917-179537ee8ff8,46452f1f-32c1-547f-a38c-fcc84068892a,16,16,ሴምም በልጆቹ መካከል አካፈለ። መጀመሪያው ዕጣ ለኤላምና ለልጆቹ እስከ ሕንደኬ ምድር ሁሉ ምሥራቅ እስኪቀርብ ድረስ ወደ ጤግሮስ ወንዝ ምሥራቅ ወጣ፤ ኤርትራም በእጁ ነበር። የዲዳን ውኃ፥ የሞብሪ ተራሮች፥ የኤላ ሀገር ሁሉ፥ የሱሳም ሀገር ሁሉ፥ በፊርኖክ በኩል ያለው ሁሉ፥ እስከ ኤርትራ ባሕርና እስከ ጢና ወንዝ።
5ac0d1c9-401e-5de8-ac83-ed574ab0be57,8cceb20f-0fec-5427-a917-179537ee8ff8,46452f1f-32c1-547f-a38c-fcc84068892a,17,17,ለአሶርም ሁለተኛው ዕጣ ወጣ፤ የአሱርና ነነዌ ሀገር ሁሉ፥ ሰናዖርም፥ ሳድም እስከ ሕንደኬ አቅራቢያ ድረስ። ወደ ወድፋ ፈሳሽም ይደርሳል።
c50b0175-de17-5a1c-aea7-ef311ed33a81,8cceb20f-0fec-5427-a917-179537ee8ff8,46452f1f-32c1-547f-a38c-fcc84068892a,18,18,ለአርፋክስድም ሦስተኛው ዕጣ ወጣ። የከላውዴዎን አውራጃ ሀገር ሁሉ፥ ለኤርትራ ባሕር የቀረበው የኤፍራጥስ ምሥራቅም፥ ወደ ግብፅ እስከምትመለከተው እስከ ልሳነ ባሕር አቅራቢያ ድረስ የምድረ በዳው ውኃ ሁሉ፥ የሊባኖስና የሳኔር ሀገር፥ አማናም፥ እስከ ኤፍራጥስ ድረስ።
ef279395-9a8d-5180-abe9-90578ec382c5,8cceb20f-0fec-5427-a917-179537ee8ff8,46452f1f-32c1-547f-a38c-fcc84068892a,19,19,ለአራምም አራተኛው ዕጣ ወጣ፤ በጤግሮስና በኤፍራጥስ መካከል የመስጴጦምያ ሀገር ሁሉ በከላውዴዎን ደቡብ ወዳለ እስከ አሱር አቅራቢያ ድረስ፥ የአራራትም ሀገር ሁሉ የእርሱ ነው።
26047af7-3e71-588b-add3-1e76be2d1d3c,8cceb20f-0fec-5427-a917-179537ee8ff8,46452f1f-32c1-547f-a38c-fcc84068892a,20,20,ለሉድም አምስተኛው ዕጣ ወጣ፤ የአሱር ተራራ ሁሉ፥ ወደ ታላቁ ባሕር እስኪቀርብ ድረስ የእርሱ ዕጣ ነው። ወደ ወንድሙ ወደ አሶር ምሥራቅም ይደርሳል።
e9bfced7-e259-5e9a-add4-131fa55c1794,8cceb20f-0fec-5427-a917-179537ee8ff8,46452f1f-32c1-547f-a38c-fcc84068892a,21,21,ያፌትም ምድረ ርስትን በልጆቹ መካከል ከፈለ። መጀመሪያውም ዕጣ ከደቡብ አንጻር ጀምሮ እስከ ጢና ወንዝ ድረስ በምሥራቅ በኩል ለሴሜር ወጣ። በደቡብም በኩል የደቡብ ዙሪያ ሁሉ ለሚአት ባሕር እስኪቀርብ ድረስ ለማጎግ ወጣ።
e21c6b47-4d4c-5200-a1e5-01ca726eaf58,8cceb20f-0fec-5427-a917-179537ee8ff8,46452f1f-32c1-547f-a38c-fcc84068892a,22,22,ከምዕራቡ ጀምሮ እስከ ደሴቶችና እስከ ደሴቶችም ዳርቻ ድረስ ለሁለቱ ወንድሞቹ ሁሉ ይይዝ ዘንድ ለማዳይ ደረሰ።
4416b93f-c06d-51b0-a767-95fee83fc166,8cceb20f-0fec-5427-a917-179537ee8ff8,46452f1f-32c1-547f-a38c-fcc84068892a,23,23,ለኢዮእያንም አራተኛው ዕጣ ወጣ፥ ደሴቱ ሁሉ፥ በሉድም አንጻር ያሉ ደሴቶች ሁሉ።
76d062b9-8f76-515a-aea2-736a628016a4,8cceb20f-0fec-5427-a917-179537ee8ff8,46452f1f-32c1-547f-a38c-fcc84068892a,24,24,ለቶቤልም እስከ ሁለተኛዪቱ ልሳን ድረስ ወደ ሉድ ዕጣ በምትቀርብ በልሳን መካከል አምስተኛው ዕጣ ወጣ። የሁለተኛዪቱም ልሳን አውራጃ እስከ ሦስተኛዪቱ ልሳን ድረስ ነው።
631b4ba2-49a5-5d79-a3cf-503de997be73,8cceb20f-0fec-5427-a917-179537ee8ff8,46452f1f-32c1-547f-a38c-fcc84068892a,25,25,ለሞሳክም ስድስተኛው ዕጣ ወጣ። እስከ ጋዴር ምሥራቅም እስኪቀርብ ድረስ የሦስተኛዪቱ ልሳን አውራጃ ሁሉ።
433bf013-469e-53fb-a1b9-639555fde014,8cceb20f-0fec-5427-a917-179537ee8ff8,46452f1f-32c1-547f-a38c-fcc84068892a,26,26,ለቲራስም ሰባተኛው ዕጣ ወጣ። በባሕር መካከል ያሉ፥ ለካም ዕጣ የሚቀርቡ ታላላቁ አራቱ ደሴቶች፤ የክማቱሪ ደሴቶችም በርስትነት ዕጣ ለአርፋክስድ ልጆች ወጡ፤ የኖኅም ልጆች ለልጆቻቸው በአባታቸው በኖኅ ፊት እንዲህ አድርገው ከፈሉ። በዕጣው ያልወጣለትን ክፍል ይይዝ ዘንድ የሚፈልገውን እያንዳንዱን አምሎ ረገመ።
e36eca4f-9f06-59f5-ae66-8558e807592a,8cceb20f-0fec-5427-a917-179537ee8ff8,46452f1f-32c1-547f-a38c-fcc84068892a,27,27,ሁሉም ይሁን አሉ። ስለሚያጸይፍ ክፉ ኀጢአታቸው ሁሉ፥ ምድርንም በበደልና በርኵሰት፥ በዝሙትና በኀጢአትም ስለ ሞሉአት እግዚአብሔር አምላክ በሰይፍና በእሳት ይፈርድባቸው ዘንድ እስከ ፍርድ ቀን ድረስ በራሳቸውና በልጆቻቸው፥ በዘራቸውም እስከ ዘለዓለም ይሁን አሉ።
d2a4ece2-ec48-5854-a082-7a6c79c7ff6f,cc4ddfd5-e2f0-5f3c-af70-630386238a5c,883e2dd1-d5bb-5044-a7df-f6cac51f4faa,1,1,በዚህ ኢዮቤልዩ በሦስተኛው ሱባዔ ርኩሳን አጋንንት የኖኅን የልጅ ልጆች ያስቱአቸውና አእምሮአቸውን እያሳጡ ያጠፉአቸው ጀመሩ።
141cb728-9413-518d-aa1d-84dc5de6325d,cc4ddfd5-e2f0-5f3c-af70-630386238a5c,883e2dd1-d5bb-5044-a7df-f6cac51f4faa,2,2,የኖኅም ልጆች ወደ አባታቸው ወደ ኖኅ መጡ። የልጅ ልጆቹንም የሚያስቱና የሚያደነቁሩ፥ የሚገድሉም የአጋንንትን ነገር ነገሩት።
468639ea-5b40-5da8-a78c-aa1cc594c6d7,cc4ddfd5-e2f0-5f3c-af70-630386238a5c,883e2dd1-d5bb-5044-a7df-f6cac51f4faa,3,3,ኖኅም ወደ ፈጣሪው ወደ እግዚአብሔር እንዲህ ሲል ጸለየ፥ “ምሕረትህን አድርገህ ያዳንኸኝ፥ ልጆችንም ከጥፋት ውኃ ያዳንኻቸው፥ የጥፋትን ልጅ እንዳጠፋኸው እንድጠፋ ያላደረግኸኝ፥ በእኔ ላይ ያለ ይቅርታህ ብዙ ነውና፥ ቸርነትህም በሰውነቴ በዝታለችና፥ በሥጋ ውስጥ ሁሉ ያሉ የነፍሳት ፈጣሪ ሆይ፥ ይቅርታህ በልጆች ላይ ከፍ ከፍ ይበል፤ ክፉዎች አጋንንትም ከዚህ ዓለም እንዳያጠፉአቸው በላያቸው አይሠልጥኑ።
352b069d-f2de-5605-a4d5-f6794b38c33e,cc4ddfd5-e2f0-5f3c-af70-630386238a5c,883e2dd1-d5bb-5044-a7df-f6cac51f4faa,4,4,አንተም እኔን ባርከኝ። የብዙ ብዙ እንሆን ዘንድ፥ ምድርንም እንሞላት ዘንድ፥ ልጆችን ባርካቸው። አንተም በሕይወት ያሉ የእነዚህ ረቂቃን አጋንንት አባቶቻቸው ትጉሃን ያደረጉትን ታውቃለህ። ይዘህ በፍርድ ቦታ አግዛቸው፤ እነርሱ ክፉዎች ናቸውና፥ ለማጥፋትም ተፈጥረዋልና አምላኬ ሆይ፥ የእኔን የባሪያህን ልጆች አያጥፉ፤ በሕይወት በሚኖሩ ሰዎች ነፍስም አይሠልጥኑ፥ አንተ ብቻ ፍርዳቸውን ታውቃለህና ከዛሬ ጀምሮ እስከ ዘለዓለም ድረስ በጻድቃን ልጆች ላይ አይሠልጥኑ።”
892206e5-a764-5820-a516-47abc875116a,cc4ddfd5-e2f0-5f3c-af70-630386238a5c,883e2dd1-d5bb-5044-a7df-f6cac51f4faa,5,5,አምላካችንም ሁሉን አስረን እናግዝ ዘንድ አዘዘን። የአጋንንትም አለቃ መስቴማ መጥቶ፥ “አቤቱ ፈጣሪዬ፥ ከእነርሱ በፊቴ ጥቂት አስቀርልኝ፤ ቃሌንም ይስሙ፤ እኔ የማዝዛቸውንም ሁሉ ያድርጉ፤ ከእነርሱ ካልቀሩልኝ በሰው ልጆች ላይ የፈቃዴን ሥልጣን ማድረግ አልችልምና። የሰው ልጆች ክፋታቸው ብዙ ስለ ሆነ ከፍርዴ አስቀድሞ እነርሱ ለማጥፋትና ለማሳት ናቸውና።”
80dc2bcb-9163-5a2d-a775-3229c6cb6c04,cc4ddfd5-e2f0-5f3c-af70-630386238a5c,883e2dd1-d5bb-5044-a7df-f6cac51f4faa,6,6,“በፊቱ ዐሥረኛው ነገድ ይቅሩ፤ ዘጠኙን ነገድ ግን ወደ ፍርድ ቦታ ያውርዱአቸው” አለ። እርሱም በቀና ሥራ ጸንተው የሚኖሩ እንዳይደሉ፥ በእውነትም የሚጣሉ እንዳይደሉ ያውቃልና የሚድኑበትን ሁሉ ለኖኅ እናስተምረው ዘንድ ከእኛ አንዱን አዘዘው።
b90f4b87-5bf4-58e5-a564-371e16780520,cc4ddfd5-e2f0-5f3c-af70-630386238a5c,883e2dd1-d5bb-5044-a7df-f6cac51f4faa,7,7,እኛም እንደ ቃሉ አደረግን፤ ፈጽመው የከፉ አጋንንትን በፍርድ ቦታ አስረን አጋዝን። ዐሥረኛውን ነገድ ግን በሰይጣን ፊት በምድር ይገዙ ዘንድ አስቀረን። በምድር እንጨቶችም ያድን ዘንድ የደዌያቸውን መድኀኒት ከማሳታቸው ጋር ለኖኅ ነገርነው።
88f5015d-1555-525f-a706-815362fc5879,cc4ddfd5-e2f0-5f3c-af70-630386238a5c,883e2dd1-d5bb-5044-a7df-f6cac51f4faa,8,8,ኖኅም በየመድኀኒቱ ዓይነት ሁሉ እንዳስተማርነው በመጽሐፍ ሁሉን ጻፈ። ክፉዎች አጋንንትም የኖኅን ልጆች እንዳይከታተሉ ተጋዙ።
58339c0a-cec1-5d2a-a850-c6a04ff097d3,cc4ddfd5-e2f0-5f3c-af70-630386238a5c,883e2dd1-d5bb-5044-a7df-f6cac51f4faa,9,9,ከልጆቹ ሁሉ ይልቅ ፈጽሞ እርሱን ይወደው ነበርና የጻፋቸውን መጻሕፍት ሁሉ ለታላቁ ልጁ ለሴም ሰጠው። ኖኅም እንደ አባቶቹ ሞተ፤ አራራት በሚባልም ሀገር በሉባር ተቀበረ፤ ኖኅም በሕይወቱ ዘጠኝ መቶ አምሳ ዓመት ጨረሰ። ይህም ዐሥራ ዘጠኝ ኢዮቤልዩ ሁለት ሱባዔና አምስት ዓመት ነው። ፍጹም በሆነባት ሥራው በምድር የኖረው ሕይወቱ ከሄኖክ በቀር ከሰው ልጆች ይልቅ የከበረ ነበር። የሄኖክ ሥራ በፍርድ ቀን የትውልዱን ሁሉ ሥራ ይነግር ዘንድ ለዘለዓለም ትውልድ ምስክር ሊሆን ተፈጥሮአልና።
ee60fee8-80b0-5a6d-a328-c7a5f6f5f13c,cc4ddfd5-e2f0-5f3c-af70-630386238a5c,883e2dd1-d5bb-5044-a7df-f6cac51f4faa,10,10,በሠላሳ ሦስተኛው ኢዮቤልዩ ከሁለተኛው ሱባዔ በመጀመሪያው ዓመት ፋሌክ ስምዋ ሎምና የሚባል ሚስትን አገባ፤ ይህችውም የሴናዖር ልጅ ናት። በዚሁም ሱባዔ በአራተኛው ዓመት ወንድ ልጅን ወለደችለት። ከአራራት ምድር ወደ ምሥራቅ ወደ ሰናዖር ሀገር ስለ ተሰደዱ በሰናዖር ሀገር ከተማንና አምባን ይሠሩ ዘንድ የሰው ልጆች በጽኑ ምክር እነሆ፥ ክፉዎችን ሆኑ ብሎአልና ስሙን ራግው አለው። ወደ ሰማይ እንወጣበታለን ሲሉ በዘመኑ ከተማንና ግንብን ሠርተዋልና፤ መሥራትም ጀምረዋልና።
6e71a76c-75d5-52f8-a7e4-093885ad619f,cc4ddfd5-e2f0-5f3c-af70-630386238a5c,883e2dd1-d5bb-5044-a7df-f6cac51f4faa,11,11,በአራተኛውም ሱባዔ ጡቡን ሠርተው በእሳት ተኰሱ። ጡቡም እንደ ድንጋይ ሆነላቸው፤ የሚመርጉበት ጭቃውም ከባሕርና በሰናዖር ሀገር ከውኃዎች ምንጭ የሚወጣ የባሕርን አረፋ ሆነላቸው።
50759529-a568-5773-a7b4-e30b91ab8331,cc4ddfd5-e2f0-5f3c-af70-630386238a5c,883e2dd1-d5bb-5044-a7df-f6cac51f4faa,12,12,በአርባ ሦስት ዓመትም ሠሩት። እየሠሩም ነበሩ። ወርዱም ሁለት መቶ ሦስት ጡብ ነበር፤ የጡቡም ከፍታ የርዝመቱ አንድ ሦስተኛ ነበር። ቁመቱ አምስት ሺህ አራት መቶ ሠላሳ ሦስት ክንድ ከሁለት ስንዝር ወደ ላይ ወጣ። አቆልቋዩም ዐሥራ ሦስት ምዕራፍ ነበር።
d3712754-a531-547e-a8b5-583418f117f6,cc4ddfd5-e2f0-5f3c-af70-630386238a5c,883e2dd1-d5bb-5044-a7df-f6cac51f4faa,13,13,አምላካችን እግዚአብሔርም እኛን እንዲህ አለን፥ “እነሆ፥ አንድ ቋንቋ የሆነ ሕዝብ ግንብ ይሠራ ጀመር፤ አሁንም ከእነርሱ ፈጽመን እንዳናጠፋ ኑ እንውረድ፤ የአንዱንም ቋንቋ አንዱ እንዳይሰማ፥ ቋንቋቸውን እንደባልቀው፤ በየከተማውና በየአሕዛቡ ይበተኑ፤ ከዚህ በኋላም እስከ ፍርድ ቀን ድረስ አንዲት ምክር በላያቸው አትኑር።”
15c49ef3-53cc-5650-aa9c-633709d3c54b,cc4ddfd5-e2f0-5f3c-af70-630386238a5c,883e2dd1-d5bb-5044-a7df-f6cac51f4faa,14,14,እግዚአብሔርም ወረደ፤ እኛም የሰው ልጆች የሠሩትን ከተማውንና ግንቡን እናይ ዘንድ ከእርሱ ጋር ወረድን፤ ቋንቋቸውንም ደባለቀ፤ አንዱም የአንዱን ነገር አልሰማም። ከዚያም በኋላ ከተማውንና ግንቡን መሥራት ተዉ።
295e3461-05c4-5f61-a444-4b9858db52c5,cc4ddfd5-e2f0-5f3c-af70-630386238a5c,883e2dd1-d5bb-5044-a7df-f6cac51f4faa,15,15,ስለዚህም አምላክ በዚያ የሰው ልጆችን ቋንቋ ሁሉ ደባልቆአልና የሰናዖር ሀገር ሁሉ ባቢል ተባለች፤ ከዚያም በየከተማቸውና በየቋንቋቸው፥ በየወገናቸውም ተበተኑ።
f76c20b6-edee-5d9e-a99b-92102e143e2b,cc4ddfd5-e2f0-5f3c-af70-630386238a5c,883e2dd1-d5bb-5044-a7df-f6cac51f4faa,16,16,እግዚአብሔርም ታላቅ ነፋስን አምጥቶ ግንባቸውን በምድር ላይ ገለበጠ፤ እነሆ፥ እርሱም በሰናዖር ሀገር በአሦርና በባቢሎን መካከል ነው። ስምዋንም ድቀት አላት። በሠላሳ አራተኛውም ኢዮቤልዩ በአራተኛው ሱባዔ በአንደኛው ዓመት መጀመሪያ ከሰናዖር ሀገር ተበተኑ።
efccecae-1de3-5ac6-ac42-d6faa2150bd4,cc4ddfd5-e2f0-5f3c-af70-630386238a5c,883e2dd1-d5bb-5044-a7df-f6cac51f4faa,17,17,ካምና ልጆቹም ለእርሱ ወደ ተያዘች በደቡብ ሀገር በዕጣ ወዳገኛት ሀገር ሄዱ። ከነዓንም እስከ ግብፅ ውኃ መፍሰሻ ድረስ ያለችውን የሊባኖስን ሀገር እጅግ ያማረች እንደ ሆነች አየ። ወደ ርስቱም ሀገር ወደ ባሕሩ መግቢያ አልሄደም፤ እርሱም ከምሥራቅ ጀምሮ እስከ ምዕራብ በሊባኖስና በባህሩ
bb66b62b-0da1-5cb0-a140-0d78235b1351,cc4ddfd5-e2f0-5f3c-af70-630386238a5c,883e2dd1-d5bb-5044-a7df-f6cac51f4faa,18,18,አባቱ ካምና ወንድሞቹ ኩሳ፥ ሚጽራይምም፥ “የአንተ ዕጣ ባልሆነች ሀገር ኖረሃልና፥ በዕጣም አልወጣችልንምና እንዲህ አታድርግ አሉት። እንደዚህ ብታደርግ አንተና ልጆችህ በዚህ ምድር ትጠፋላችሁ፤ በክርክርም ኖራችኋልና በክርክር የተረገማችሁ ትሆናላችሁ፤ ልጆችህም በጠብ ይጠፋሉ፤ አንተም ለዘለዓለም ትጠፋለህ።
6c066728-698f-5d6b-a5a1-9be0c5639ef1,cc4ddfd5-e2f0-5f3c-af70-630386238a5c,883e2dd1-d5bb-5044-a7df-f6cac51f4faa,19,19,ለሴምና ለልጆቹ በዕጣቸው ወጥቶአልና በሴም ሀገር አትኑር፤ አንተም የተረገምህ ነህ። በአባታችን በኖኅና በቅዱሱ ፈራጅ ፊት ለመርገም በመሐላ ከተዘጋጀን ከኖኅ ልጆች ሁሉ ተለይተህ አንተ የተረገምህ ትሆናለህ” አሉት። እርሱ ግን አልሰማቸውም፤ ከኤማት ጀምሮ እስከ ግብፅ መግቢያ ድረስ በሊባኖስ ሀገር ኖረ፤ ልጆቹም እስከዚህ ቀን ድረስ በዚያ ኖሩ። ስለዚህ ያች ሀገር የከነዓን ሀገር ተባለች።
126fe861-e5c4-5ab7-a6fd-48d3e9edcfbf,cc4ddfd5-e2f0-5f3c-af70-630386238a5c,883e2dd1-d5bb-5044-a7df-f6cac51f4faa,20,20,ያፌትና ልጆቹ ግን ወደ ባሕር ሄዱ፤ ድርሻቸው በሆነ ሀገርም ኖሩ።
14a0c082-1b56-51d0-ae33-34475a1a3117,cc4ddfd5-e2f0-5f3c-af70-630386238a5c,883e2dd1-d5bb-5044-a7df-f6cac51f4faa,21,21,ማዳይም ባሕር ያለባትን ሀገር አየ፤ ነገር ግን በፊቱ ደስ አላሰኘችውም፤ የሚስቱ ወንድሞች ከሆኑ ከኤላምና ከአሱር፥ ከአርፋክስድም ለምኖ እስከዚህች ቀን ድረስ የሚስቱ ወንድሞች አቅራቢያ በሚሆን በሜቄዶን ሀገር ኖረ። የእርሱን ቦታና የልጆቹን ቦታ ሜቄዶንንም በአባታቸው በማዳይ ስም ጠራው።
ca08101e-6fd4-5bba-ae14-d391bfd4fccf,cc4ddfd5-e2f0-5f3c-af70-630386238a5c,883e2dd1-d5bb-5044-a7df-f6cac51f4faa,22,22,በሠላሳ አምስተኛውም ኢዮቤልዩ በሦስተኛው ሱባዔ በመጀመሪያው ዓመት ራግው ስምዋ ዑራ የምትባል ሚስትን አገባ፤ ይህችውም የኬሴድ ልጅ የዑር ልጅ ናት። ወንድ ልጅንም ወለደችለት፤ ስሙንም ሴሩግ ብሎ ጠራው።
1bc55888-0326-52e4-a332-41e6570c368b,cc4ddfd5-e2f0-5f3c-af70-630386238a5c,883e2dd1-d5bb-5044-a7df-f6cac51f4faa,23,23,በዚህ ኢዮቤልዩ በሰባተኛው ሱባዔ የኖኅ ልጆች ሰውን ለመማረክና ለመግደል፥ እያንዳንዱም ወንድሙን ለመግደል፥ የሰውንም ደም በምድር ላይ ለማፍሰስ፥ ደምንም ለመብላት፥ የጸኑ ከተማዎችንና አንባዎችን፥ ግንቦችንም ለመሥራት ሕዝብ በሕዝብ ላይ ለመነሣት፥ በመንግሥትም ላይ አስቀድሞ ለመሾም፥ ሕዝቡ በሕዝቡ ፊት፥ አሕዛቡም በአሕዛቡ ፊት ወደ ሰልፍ ለመሄድ፥ ከተማም ከከተማ ጋር ለመጣላት፥ ሁሉም ክፉ ሥራ ለመሥራት፥ የጦር መሣሪያንም ለመግዛት፥ ለልጆቻቸውም ሰልፍን ለማስተማር መዋጋት ጀመሩ። አንዱ አገር ሌላውን አገር ይማርክ፥ ሴት ባሪያንና ወንድ ባሪያንም ይገዙ ጀመር።
5b7d5bbd-06a1-58bc-a558-25e012cdcc57,cc4ddfd5-e2f0-5f3c-af70-630386238a5c,883e2dd1-d5bb-5044-a7df-f6cac51f4faa,24,24,የኬሴድ ልጅ ዑርም በከላውዴዎን ያለች የዑርን ከተማ ሠራ፤ ስምዋንም በእርሱ ስምና በአባቱ ስም ጠራ። ጣዖቶችንም ሠሩ፤ እያንዳንዱም ለራሱ ቀርፆ ለሠራው ጣዖት ይሰግድ ነበር፤ ጣዖትንና ምስልን፥ ርኵሰትንም ይሠሩ ጀመር፤ ክፉዎች አጋንንትም ኀጢአትንና ርኵሰትን ይሠሩ ዘንድ ይረዱና ያስቱ ነበር።
c450eaa4-345b-57b3-aec3-760c52341c5e,cc4ddfd5-e2f0-5f3c-af70-630386238a5c,883e2dd1-d5bb-5044-a7df-f6cac51f4faa,25,25,አለቃው መስቴማም ይህን ሁሉ ለመሥራት ይበረታ ነበር፤ ኀጢአትንና በደልን ሁሉ፥ ፈጽሞም ለማጥፋትና ክህደትን ሁሉ ለማሠራት፥ በምድርም ደምን ለማፍሰስ ከእጁ በታች ያሉ የአጋንንትን እጅ ይልክ ነበር።
21c24a1d-e830-51f9-a698-98e9ebf0503a,cc4ddfd5-e2f0-5f3c-af70-630386238a5c,883e2dd1-d5bb-5044-a7df-f6cac51f4faa,26,26,ስለዚህም ሰው ሁሉ በደልንና ኀጢአትን ሁሉ ወደ መሥራት ተመልሶአልና፥ የሴሩሕ ስም ሴሩግ ተባለ። እርሱም አደገ፤ ለሚስቱም እናት አባት አቅራቢያ በሆነ በከላውዴዎን ዕጣ በዑር ኖረ። ጣዖትንም ያመልክ ነበር፤ እርሱም በሠላሳ ሰባተኛው ኢዮቤልዩ በአምስተኛው ሱባዔ በመጀመሪያው ዓመት ሚስትን አገባ፤ ስምዋም ሜልካ ይባላል፤ ይህችውም የአባቱ የእኅት ልጅ የካቤር ልጅ ናት፥ በዚህ ሱባዔ በመጀመሪያው ዓመት ናኮርን ወለደችለት።
8d4a839e-dc1b-59b1-a5fa-dd0518c79f52,cc4ddfd5-e2f0-5f3c-af70-630386238a5c,883e2dd1-d5bb-5044-a7df-f6cac51f4faa,27,27,እርሱም አደገ፤ በከላውዴዎን ዕጣ በዑርም ኖረ። አባቱም በሰማይ ምልክት ለማምዋረትና ለመጠንቆል የከዋክብትን ምርምር አስተማረው።
006e282e-19eb-5722-a071-2841fcc75c55,cc4ddfd5-e2f0-5f3c-af70-630386238a5c,883e2dd1-d5bb-5044-a7df-f6cac51f4faa,28,28,በሠላሳ ሰባተኛው ኢዮቤልዩ በስድስተኛው ሱባዔ በመጀመሪያው ዓመት ሚስትን አገባ፤ ስምዋም ኢዮስካ ይባላል። ይህችም የከለዳውያን ወገን የኔስቴግ ልጅ ናት። በዚህ ሱባዔ በሰባተኛው ዓመት ታራ የሚባል ወንድ ልጅን ወለደችለት።
9c3b273e-79b7-5bb9-aa7c-e270388ba85f,cc4ddfd5-e2f0-5f3c-af70-630386238a5c,883e2dd1-d5bb-5044-a7df-f6cac51f4faa,29,29,አለቃው መስቴማም ምድርን ለማጥፋት፥ በምድር ላይ የተዘራውን ዘር ይበሉ ዘንድ ወፎችንና ቁራዎችን ሰደደ። ቁራዎችም ሳያርሱ የሰው ልጆች አዝመራን ይቀሙ ዘንድ ከምድር ላይ ዘሩን ይለቅሙ ጀመር። ስለዚህም አሞራዎችና ወፎች ያስቸግሩአቸው ነበርና፥ ዘራቸውንም ይበሉባቸው ነበርና ስሙን ታራ አለው።
b7bc80df-ac76-55c1-a324-54ac983062bf,cc4ddfd5-e2f0-5f3c-af70-630386238a5c,883e2dd1-d5bb-5044-a7df-f6cac51f4faa,30,30,ከወፎቹም ፊት የተነሣ ዓመቶች ድርቅ ይሆኑ ጀመር፤ የእንጨቱንም ፍሬ ሁሉ ከዛፎቹ ላይ እየለቀሙ ይበሉ ነበር፥ በዘመናቸው ከምድር ፍሬ ሁሉ ጥቂት ማዳን ቢችሉም በታላቅ ኀይል ነበር። በሠላሳ ዘጠነኛውም ኢዮቤልዩ በሁለተኛው ሱባዔ በመጀመሪያው ዓመት ታራ ሚስት አገባ፤ ስምዋም ኤድና ይባላል፤ ይህችውም የአባቱ የእኅት ልጅ የምትሆን የአብራም ልጅ ናት። በዚህም ሱባዔ በሰባተኛው ዓመት ወንድ ልጅን ወለደችለት። የልጁ ልጅ ሳይፀነስ ሙቶአልና ስሙን በእናቱ አባት ስም አብራም አለው።
923499f1-42a6-5bd6-a198-90c966908901,cc4ddfd5-e2f0-5f3c-af70-630386238a5c,883e2dd1-d5bb-5044-a7df-f6cac51f4faa,31,31,ያም ልጅ ሰው ሁሉ ጣዖታቱን በመከተልና ኀጢአትን በመሥራት እንደሚስት የምድርን ስሕተት ያውቅ ጀመር።
9bfdfec9-63ae-5bf3-a5a6-7132006cc278,cc4ddfd5-e2f0-5f3c-af70-630386238a5c,883e2dd1-d5bb-5044-a7df-f6cac51f4faa,32,32,አባቱም መጽሐፍን አስተማረው፤ የሁለት ሱባዔ ዓመት ልጅም ነበረ። ከእርሱም ጋር ለጣዖት እንዳይሰግድ አባቱን ከመከተል ተለየ።
151bb354-eec1-54b0-a027-1e3d4498582c,cc4ddfd5-e2f0-5f3c-af70-630386238a5c,883e2dd1-d5bb-5044-a7df-f6cac51f4faa,33,33,ከሰዎች ልጆች ስሕተትም ያድነው ዘንድ፥ ዕጣውም ርኵሰትንና ፌዝን በመከተል ወደ ስሕተት እንዳይሆን ሁሉን ወደ ፈጠረ ወደ እግዚአብሔር ይጸልይ ጀመር።
3a4574b3-fe97-5963-ab56-ce9185d062b4,cc4ddfd5-e2f0-5f3c-af70-630386238a5c,883e2dd1-d5bb-5044-a7df-f6cac51f4faa,34,34,በምድርም ዘርን ለመዝራት ጊዜው ደረሰ፤ ዘራቸውንም ከአሞራዎች ይጠብቁ ዘንድ ሁሉም በአንድነት ወጡ።
a2f2b53b-bab1-57f6-acca-a62c6a2ee182,cc4ddfd5-e2f0-5f3c-af70-630386238a5c,883e2dd1-d5bb-5044-a7df-f6cac51f4faa,35,35,አብራምም ከወጡ ልጆች ጋር ወጣ። እርሱም የዐሥራ አራት ዓመት ልጅ ነበረ፤ ብዙዎች ቁራዎችም ዘርን ይለቅሙ ዘንድ መጡ። አብራምም በምድር ላይ ሳያርፉ በፊታቸው ይሮጥ ነበር፤ ዘርንም ለመልቀም በምድር ላይ ሳያርፉ፥ “ወደ መጣችሁበት ቦታ ተመለሱ እንጂ ወደ ምድር አትውረዱ” እያለ ይጮኽ ነበር፤ እነርሱም ተመለሱ።
71a5c229-59be-58d4-afa9-a52db33681a7,cc4ddfd5-e2f0-5f3c-af70-630386238a5c,883e2dd1-d5bb-5044-a7df-f6cac51f4faa,36,36,በዚያችም ቀን ብዙዎች ቁራዎችን ለመከላከል ሰው አስቀመጡ። አብራምም ባለበት በዚያ እርሻ ሁሉ ከቁራዎች ሁሉ አንድም ቁራ አላረፈም።
69e2f060-d95a-5d87-a857-9d8bf25e7f33,cc4ddfd5-e2f0-5f3c-af70-630386238a5c,883e2dd1-d5bb-5044-a7df-f6cac51f4faa,37,37,በእርሻዎቹ ውስጥ ከእርሱ ጋር ያሉት ሰዎች ሁሉ ሲጮኽና አሞራዎችን ሁሉ፦ ተመለሱ ሲላቸው ይሰሙት ነበር፤ ስሙም በከላውዴዎን ምድር ሁሉ ከፍ ከፍ አለ።
f8f75c00-39d3-5f7b-aa95-2176096cb356,cc4ddfd5-e2f0-5f3c-af70-630386238a5c,883e2dd1-d5bb-5044-a7df-f6cac51f4faa,38,38,የሚዘሩም ሰዎች ሁሉ በዚህ ዓመት ወደ እርሱ ይመጡ ነበር። የዘሩ ወራትም እስኪፈጸም ድረስ ከእነርሱ ጋር ይሄድ ነበር። ምድራቸውንም ዘሩ፤ በዚያም ዓመት የሚበቃ እህልን አገቡ፤ በልተውም ጠገቡ።
62016601-8b31-5fec-ad30-d4560b61b83d,cc4ddfd5-e2f0-5f3c-af70-630386238a5c,883e2dd1-d5bb-5044-a7df-f6cac51f4faa,39,39,አብራምም በአምስተኛው ሱባዔ በአንደኛው ዓመት የበሬ ዕቃ ለሚሠሩት ሰዎች እንጨት መጥረብን አስተማረ።
6d958df8-663c-5298-a7d1-ad20753bb52b,cc4ddfd5-e2f0-5f3c-af70-630386238a5c,883e2dd1-d5bb-5044-a7df-f6cac51f4faa,40,40,በምድርም ላይ የበሬ ዕቃ ሠሩ፤ በላዩም ዘርን ያኖር ዘንድ በድግሩ አንጻር እርፍን ሠራ፤ ዘሩም በእርፉ ጫፍ ወርዶ በምድር ይሸፈን ነበር። ከዚህም በኋላ ከአሞራዎቹ ፊት የተነሣ አልፈሩም ነበር፤ በእርፉም ድግር ሁሉ ላይ እንዲህ አደረጉ፤ በምድርም ላይ የእርፉን ድግር አኖሩ።
1107555a-c725-5649-af5d-e8b3ef5df33a,cc4ddfd5-e2f0-5f3c-af70-630386238a5c,883e2dd1-d5bb-5044-a7df-f6cac51f4faa,41,41,ዘርንም ዘሩ፤ ሰዎችም ሁሉ አብራም እንዳዘዛቸው ሁሉን አደረጉ። ከዚያ በኋላ ከአሞራዎቹ የተነሣ አልፈሩም።
952454a3-5262-5667-ab5d-5094538e6eb9,cc4ddfd5-e2f0-5f3c-af70-630386238a5c,883e2dd1-d5bb-5044-a7df-f6cac51f4faa,42,42,በስድስተኛው ሱባዔ በሰባተኛው ዓመት አብራም አባቱ ታራን፥ “አባ አባቴ፥” ብሎ ጠራው። እርሱም፥ “ልጄ ሆይ፥ እነሆኝ፥” አለው። እርሱም፥ “ምንም እስትንፋስ የላቸውምና አንተ ከምታመልካቸውና በፊታቸው ከምትሰግድላቸው ከእነዚህ ከጣዖታቱ ለእኛ ምን ረድኤትና ደስታ አለን? ድዳዎች ናቸውና፥ ልቡናንም የሚያስቱ ናቸውና አታምልኩአቸው።
27507399-99ac-51cb-adb1-43c4ba44b071,cc4ddfd5-e2f0-5f3c-af70-630386238a5c,883e2dd1-d5bb-5044-a7df-f6cac51f4faa,43,43,ሰማይን የፈጠረ፥ በምድርም ላይ ዝናብንና ጠልን የሚያወርደውን፥ በምድር ላይ ሁሉን የሚያደርገውን፥ ሁሉንም በቃሉ የፈጠረውን፥ ሕይወትም ሁሉ ከእርሱ የሚገኘውን የሰማይን አምላክ አምልኩ።
e8ca5122-a8dc-5877-ae21-6c00ae94a84c,cc4ddfd5-e2f0-5f3c-af70-630386238a5c,883e2dd1-d5bb-5044-a7df-f6cac51f4faa,44,44,እስትንፋስ የሌላቸው ጣዖታቱን እናንተ ለምን ታመልካላችሁ? እነርሱ የሰው ሥራ ናቸውና፥ እናንተ በጫንቃችሁ ትሸከሙአቸዋላችሁና፥ ለሚሠሩአቸው ሰዎች ታላቅ ተዋርዶ ናቸው እንጂ ከእነርሱ ረድኤት አይገኝምና፥ ለሚያመልኩአቸውም ሰዎች የልቡና ስሕተት ናቸውና አታምልኩአቸው።”
13083546-0d6a-569a-aef8-a997195ed7be,cc4ddfd5-e2f0-5f3c-af70-630386238a5c,883e2dd1-d5bb-5044-a7df-f6cac51f4faa,45,45,አባቱም፥ “ልጄ ሆይ፤ እኔም አውቃለሁ፤ ነገር ግን በፊታቸው እንዳገለግል ላደረጉኝ ለሕዝቡ ምን አደርጋለሁ? እውነት ነገርንም ብነግራቸው፥ ያመልኩአቸውና ያመሰግኑአቸው ዘንድ ልቡናቸው እነርሱን ተከትላለችና ይገድሉኛል፤ ልጄ ሆይ፥ እንዳይገድሉህ ዝም በል” አለው።
85364e81-e30b-5fe0-aa84-1c6b9a5919be,cc4ddfd5-e2f0-5f3c-af70-630386238a5c,883e2dd1-d5bb-5044-a7df-f6cac51f4faa,46,46,ለሁለቱ ወንድሞቹም ይህን ነገር ነገራቸው፤ እነርሱም ተቈጡት፤ እርሱም ዝም አለ።
13e1d491-4717-5db4-abfb-0b526ad6c76b,cc4ddfd5-e2f0-5f3c-af70-630386238a5c,883e2dd1-d5bb-5044-a7df-f6cac51f4faa,47,47,በአርባው ኢዮቤልዩ በሁለተኛው ሱባዔ በሰባተኛው ዓመት አብራም ሚስት አገባ፤ ስምዋም ሶራ ይባላል፤ ይህችውም የአባቱ ልጅ ናት፤ ሚስትም ሆነችው።
bb0102ea-9f2c-5498-a486-83db1e53b8ef,cc4ddfd5-e2f0-5f3c-af70-630386238a5c,883e2dd1-d5bb-5044-a7df-f6cac51f4faa,48,48,ወንድሙ አራንም በሦስተኛው ሱባዔ በሦስተኛው ዓመት ሚስት አገባ። በዚህም ሱባዔ በሰባተኛው ዓመት ልጅ ወለደችለት፤ ስሙንም ሎጥ አለው። ወንድሙ ናኮርም ሚስትን አገባ።
38c8bb43-af97-5eb9-a355-84c795319e18,e9cff146-bfa3-5a03-a6f3-0e273c8f9328,194928c0-37aa-5a01-ac2b-ff2789a0fd81,1,1,አብራም በሕይወት በኖረበት በስድሳኛው ዓመት፥ ይኸውም በአራተኛው ሱባኤ በአራተኛው ዓመት፥ አብራም ሌሊት ተነሥቶ የጣዖታቱን ቤት አቃጠለ። በቤት ያለውንም ዕቃ ሁሉ አቃጠለ። ያወቀ ሰው ግን አልነበረም።
26754722-0a5e-5cbd-a625-f1ec16d66497,e9cff146-bfa3-5a03-a6f3-0e273c8f9328,194928c0-37aa-5a01-ac2b-ff2789a0fd81,2,2,በሌሊትም ተነሥተው ጣዖቶቻቸውን ከእሳት ውስጥ ያወጡ ዘንድ ወደዱ።
fc61313d-67ef-564f-a227-e011c866efa8,e9cff146-bfa3-5a03-a6f3-0e273c8f9328,194928c0-37aa-5a01-ac2b-ff2789a0fd81,3,3,አራንም ያድናቸው ዘንድ ተወረወረ፤ በላዩም እሳት ነደደበት፤ በእሳትም ተቃጥሎ የከላውዴዎን ዕጣ በምትሆን በዑር በአባቱ በታራ ፊት ሞተ። የከላውዴዎን ዕጣ በምትሆን በዑርም ቀበሩት።
a4b295c1-baee-53cb-a4c8-024e44e177b0,e9cff146-bfa3-5a03-a6f3-0e273c8f9328,194928c0-37aa-5a01-ac2b-ff2789a0fd81,4,4,ታራም የከላውዴዎን ዕጣ ከምትሆን ከዑር ወጣ። እርሱና ልጆቹ ወደ ሊባኖስ ምድርና ወደ ከነዓን ምድር፥ ወደ ካራንም ምድር ይመጡ ዘንድ ወጣ።
c6256181-9ce7-585a-a59d-a6db09a7f54f,e9cff146-bfa3-5a03-a6f3-0e273c8f9328,194928c0-37aa-5a01-ac2b-ff2789a0fd81,5,5,አብራምም ከአባቱ ጋር በካራን ሁለት የዓመቶች ሱባዔ ተቀመጠ።
38dbedf2-f453-5a8f-aa29-cc5234698eb9,e9cff146-bfa3-5a03-a6f3-0e273c8f9328,194928c0-37aa-5a01-ac2b-ff2789a0fd81,6,6,በስድስተኛው ሱባዔ በአምስተኛው ዓመት አብራም ተነሣ፤ በሰባተኛው ወር መባቻ ከማታ እስከ ጥዋት ድረስ ከዋክብትን ይቈጥር ዘንድና ስለ ዝናም የዓመቱ ጠባይ ምን እንደሚሆን ያይ ዘንድ በሌሊት ወጥቶ ተቀመጠ።
3274ba65-5ae8-533f-ad97-cbedbe9c9f46,e9cff146-bfa3-5a03-a6f3-0e273c8f9328,194928c0-37aa-5a01-ac2b-ff2789a0fd81,7,7,ብቻውንም ተቀምጦ ይቈጥር ነበር፥ ቃልም ወደ ልቡ መጣ፤ “የከዋክብት ምልክት ሁሉ፥ የፀሐይና የጨረቃም ምልክት ሁሉ በእግዚአብሔር እጅ ነው። ጥዋትም ማታም ያዘንብ ዘንድ ቢወድ፥ እንዳያዘንብም ቢወድ እኔ ለምን እመራመራለሁ? ሁሉም በእጁ ነው” አለ።
eb3b42e5-3d7b-515f-a0b3-bd79d51f4133,e9cff146-bfa3-5a03-a6f3-0e273c8f9328,194928c0-37aa-5a01-ac2b-ff2789a0fd81,8,8,በዚህችም ሌሊት ጸለየ፥ እንዲህም አለ፥ “አምላኬ አምላኬ ሆይ፥ ልዑል አምላክ፥ አንተ ብቻ ለእኔ አምላክ ነህ፤ አንተ ሁሉን ፈጠርህ፤ የእጅህ ፍጥረት ሁሉ ጸንቶ ይኖራል፤ እኔ አንተንና መንግሥትህን ወደድሁ፤ ከክፉዎች በሰው ልቡና ከሚሠለጥኑ ከመናፍስት እጅ አድነኝ፤ አምላኬ ሆይ፥ አንተን ከመከተል አያስቱኝ፤ እኔንም ዘሬንም ከዛሬ ጀምሮ እስከ ዘለዓለም ድረስ ለዘለዓለም እንዳንስት አድርገን።
8cdfb83e-b6cb-5727-a10d-5c5e9b8c68fa,e9cff146-bfa3-5a03-a6f3-0e273c8f9328,194928c0-37aa-5a01-ac2b-ff2789a0fd81,9,9,ወደ እነርሱም እመለስ ዘንድ ፊቴን ወደሚሹ ወደ ከላውዴዎን ዑር ልመለስን? ወይስ በዚህ ቦታ ልቀመጥ? ያገለግል ዘንድ በባሪያህ እጅ የቀናውን መንገድ በፊትህ አቅና። አምላኬ ሆይ፥ በልቡናዬ ስሕተት አልሂድ።”
213327fc-03e8-55d0-aa88-802488a814cc,e9cff146-bfa3-5a03-a6f3-0e273c8f9328,194928c0-37aa-5a01-ac2b-ff2789a0fd81,10,10,እርሱም ይህን ተናግሮና ጸልዮ በጨረሰ ጊዜ፥ እነሆ፥ የእግዚአብሔር ቃል በእኔ እጅ እንዲህ ሲል ወደ እርሱ ተላከ፥ “አንተ ከሀገርህ፥ ከዘመዶችህና ከአባትህ ቤት ወጥተህ እኔ ወደማሳይህ ሀገር ሂድ፤ እጅግም ብዙ ወገን አደርግሃለሁ፤ እባርክህማለሁ፤ ስምህንም ከፍ ከፍ አደርጋለሁ፤ በምድሩም ሁሉ የተባረክህ ትሆናለህ።
6a1f61ff-d3d7-5d8d-a5c7-56150f81ab42,e9cff146-bfa3-5a03-a6f3-0e273c8f9328,194928c0-37aa-5a01-ac2b-ff2789a0fd81,11,11,የምድር አሕዛብም ሁሉ በአንተ ይባረካሉ፤ የሚመርቁህን እመርቃቸዋለሁ፤ የሚረግሙህንም እረግማቸዋለሁ። ለአንተና ለልጆችህ፥ ለልጅ ልጆችህም፥ ለዘርህም ሁሉ አምላክ እሆናቸዋለሁ፤ ከአንተም በኋላ ከዛሬ ጀምሮ እስከ ልጅ ልጅ ዘመን ድረስ አምላክህ እኔ ነኝና አትፍራ።”
fe35f909-8dd6-52b2-a77a-c722f7ab5064,e9cff146-bfa3-5a03-a6f3-0e273c8f9328,194928c0-37aa-5a01-ac2b-ff2789a0fd81,12,12,እግዚአብሔር አምላክም እንዲህ አለኝ፥ “ከውድቀት ቀን ጀምሮ ከሰው ልጅ ሁሉ ቋንቋ ተለይቶአልና የተገለጠች ቋንቋን ይሰማና ይናገር ዘንድ አፉንና ጆሮውን ክፈት።”
1fcf80ae-09a9-51ce-ad62-2b46e79009e8,e9cff146-bfa3-5a03-a6f3-0e273c8f9328,194928c0-37aa-5a01-ac2b-ff2789a0fd81,13,13,እኔም አፉንና ጆሮውን፥ ከንፈሩንም ከፈትሁ፤ በትውልድ ቋንቋው በዕብራይስጥ ቋንቋም ከእርሱ ጋር እናገር ጀመርሁ፤ የአባቶቹንም መጽሐፍ ወሰደ፤ እነዚያም በዕብራይስጥ ቋንቋ የተጻፉ ነበሩ። ደግሞም ጻፋቸው፤ ከዚያም ቀን ጀምሮ ይማራቸው ጀመር። የጸነነውንም ሁሉ እኔ እነግረው ነበር፤ ዝናብም በሚዘንብባቸው በስድስቱ ወሮች ተማራቸው።
1199b9ae-9337-5721-aff0-ea243f4eedd9,e9cff146-bfa3-5a03-a6f3-0e273c8f9328,194928c0-37aa-5a01-ac2b-ff2789a0fd81,14,14,በስድስተኛው ሱባዔ በሰባተኛው ዓመት እንዲህ ሆነ፤ ከአባቱ ጋር ተነጋገረ፤ ከካራን ወደ ከነዓን ሄዶ አይቶአት ወደ እርሱ ይመለስ ዘንድ እንደሚሄድ ነገረው።
22967721-25c5-511d-af9c-65ef416e1405,e9cff146-bfa3-5a03-a6f3-0e273c8f9328,194928c0-37aa-5a01-ac2b-ff2789a0fd81,15,15,አባቱ ታራም እንዲህ አለው፥ “በሰላም ሂድ፤ የሰላም አምላክም ጎዳናህን ያቅናልህ፤ እግዚአብሔርም ከአንተ ጋር ይሁን፤ ከክፉ ሁሉ ይጠብቅህ፤ በሚያዩህ ሰዎች ፊት ቸርነትንና ይቅርታን፥ መወደድንም ይስጥህ፤ በአንተም ላይ ክፉ ነገርን ለማድረግ የሰው ልጆች ሁሉ አይሠልጥኑብህ፤ በሰላም ሂድ።
952e6ed7-fb69-514c-a321-26f535ef81a5,e9cff146-bfa3-5a03-a6f3-0e273c8f9328,194928c0-37aa-5a01-ac2b-ff2789a0fd81,16,16,በእርስዋም ለመኖር ለዐይኖችህ ያማረች ምድርን ብታይ፥ መጥተህ ወደ አንተ ውሰደኝ፤ ለአንተ ልጅ ይሆንህ ዘንድ የወንድምህን የአራን ልጅ ሎጥንም ከአንተ ጋር ውሰደው፤ እግዚአብሔርም ከአንተ ጋር ይሁን፤ በሰላም እስክትመለስም ድረስ ወንድምህ ናኮርን በእኔ ዘንድ ተወው፤ ሁላችንም በአንድነት ከአንተ ጋር እንሄዳለን።”
7a40a23c-9756-5418-a1e5-b43f56e0be63,e9cff146-bfa3-5a03-a6f3-0e273c8f9328,194928c0-37aa-5a01-ac2b-ff2789a0fd81,17,17,አብራምም ሚስቱን ሶራንና የወንድሙን የአራን ልጅ ሎጥን ይዞ ከካራን ወደ ከነዓን ሄደ። ወደ ሱርም መጣ፤ እስከ ሰቂሞንም ድረስ ተመላለሰ፤ በረጅም ግራር ሥር አደረ፤ ከኢማት መግቢያ ጀምሮ ረጅም ግራር እስካለበት ድረስ ሀገሪቱ እጅግ ያማረች እንደ ሆነች እነሆ፥ አየ።
6f4a85c3-5a41-5ca7-a5ab-eeffe926b4db,e9cff146-bfa3-5a03-a6f3-0e273c8f9328,194928c0-37aa-5a01-ac2b-ff2789a0fd81,18,18,እግዚአብሔርም፥ “ለአንተና ለልጆችህ ይህችን ሀገር እሰጣችኋለሁ” አለው። በዚያም መሠዊያን ሠራ፤ ለተገለጠለት ለእግዚአብሔርም በመሠዊያው ላይ የሚቃጠል መሥዋዕትን አቀረበ።
8c12a943-b2ce-5f00-ac4a-29b0405067d7,e9cff146-bfa3-5a03-a6f3-0e273c8f9328,194928c0-37aa-5a01-ac2b-ff2789a0fd81,19,19,ከዚያም ተነሥቶ በምዕራብ አንጻር ወዳለች ወደ ቤቴል ተራራና በምሥራቅ አንጻር ወዳለች ወደ ጋይ ሄደ፤ በዚያም ድንኳኑን ተከለ፤ ባያትም ጊዜ፥ እነሆ፥ ሀገሪቱ ሰፊ ነበረች፤ እጅግም ያማረች ነበረች፤ ሁሉም በእርስዋ ላይ ይበቅላል፤ ወይን፥ በለስ፥ ሮማን፥ ወይራ፥ ግራር፥ ቡጥን፥ ዘይት፥ ዋንዛ፥ ሰኖባር፥ የሊባኖስም ዛፍ፥ የዱርም ዛፍ ሁሉ የሚበቅልባት ናት፤ ውኃውም በተራራው ላይ ነበር።
b4050bd5-86ac-5439-ab6f-cd55a05caf0e,e9cff146-bfa3-5a03-a6f3-0e273c8f9328,194928c0-37aa-5a01-ac2b-ff2789a0fd81,20,20,የከላውዴዎናውያን ዕጣ ከምትሆን ከዑር አውጥቶ ወደዚህ ተራራ ያመጣውን እግዚአብሔርንም አመሰገነው።
22a5dcf7-8dcd-5760-a02c-dd77f5dbbbbe,e9cff146-bfa3-5a03-a6f3-0e273c8f9328,194928c0-37aa-5a01-ac2b-ff2789a0fd81,21,21,በሰባተኛው ሱባዔ በመጀመሪያው ዓመት በመጀመሪያው ወር መባቻ እንዲህ ሆነ። በዚያ ተራራ መሠዊያን ሠራ፤ የእግዚአብሔርንም ስም ጠራ፥ “አንተ አምላኬ ሆይ፥ የዘለዓለም አምላክ አንተ ነህ” አለ። እግዚአብሔር ከእርሱ ጋር ይኖር ዘንድ በሕይወቱም ዘመን ሁሉ እንዳይለየው በመሠዊያው ላይ ለእግዚአብሔር የሚቃጠል መሥዋዕትን አቀረበ።
211a5beb-d0d9-59a6-ac5e-229c3b2ba62b,e9cff146-bfa3-5a03-a6f3-0e273c8f9328,194928c0-37aa-5a01-ac2b-ff2789a0fd81,22,22,ከዚያም ተነሥቶ ወደ ደቡብ ሄደ፤ እስከ ኬብሮንም ደረሰ። ኬብሮንም ያንጊዜ ተሠርታ ነበር። በዚያም ሁለት ዓመት ተቀመጠ። ሎጥም እስኪገባ ድረስ ወደ ደቡብ ሀገር ሄደ።
db6944bc-f777-5682-a3ff-d68216536b78,e9cff146-bfa3-5a03-a6f3-0e273c8f9328,194928c0-37aa-5a01-ac2b-ff2789a0fd81,23,23,በምድርም ድርቅ ሆነ፤ አብራምም በዚህ ሱባዔ በሦስተኛው ዓመት ወደ ግብፅ ሄደ፤ ሚስቱ ከእርሱ ሳትወሰድ በግብፅ አምስት ዓመት ኖረ። የግብፅ ክፍል የምትሆን ጠናይስም ያንጊዜ ከኬብሮን በኋላ በሰባት ዓመት ተሠርታ ነበር።
45cc2dc6-930b-57c9-a5fc-abf34d5dbb95,e9cff146-bfa3-5a03-a6f3-0e273c8f9328,194928c0-37aa-5a01-ac2b-ff2789a0fd81,24,24,ፈርዖንም የአብራምን ሚስት ሶራን በወሰዳት ጊዜ እንዲህ ሆነ፤ ስለ አብራም ሚስት ስለ ሶራ እግዚአብሔር ፈርዖንን በደዌ ገረፈ፤ ቤተ ሰቡንም ሁሉ በጽኑ መቅሠፍት ገረፈ።
28d03d9e-d5bd-56b6-a94d-4216eaa6d6b3,e9cff146-bfa3-5a03-a6f3-0e273c8f9328,194928c0-37aa-5a01-ac2b-ff2789a0fd81,25,25,አብራምም በገንዘብ፥ በበጎችና በላሞች፥ በአህዮችና በፈረሶች፥ በግመሎችም፥ በወንዶች ባሪያዎችና በሴቶች ባሪያዎች፥ በብርና በወርቅ እጅግ የከበረ ነበረ። የወንድሙ ልጅ ሎጥም በገንዘብ እንደ እርሱ የከበረ ነበረ።
85e7453f-201b-5502-ad62-882759df52a8,e9cff146-bfa3-5a03-a6f3-0e273c8f9328,194928c0-37aa-5a01-ac2b-ff2789a0fd81,26,26,ፈርዖንም የአብራምን ሚስት ሶራን መለሰ። ከግብፅም ተነሥቶ በቤቴል ምሥራቅና በምዕራብ መካከል ወደ አለው ቀድሞ ድንኳኑን ተክሎበት ወደ ነበረው ወደ ጋይ የመሠዊያ ቦታ ሄደ።
912cc6c5-99b3-50d8-aa28-b241c88c375b,e9cff146-bfa3-5a03-a6f3-0e273c8f9328,194928c0-37aa-5a01-ac2b-ff2789a0fd81,27,27,በሰላም የመለሰው አምላኩ እግዚአብሔርንም አመሰገነው።
26b03664-229e-5266-a6be-7edb914e12fa,e9cff146-bfa3-5a03-a6f3-0e273c8f9328,194928c0-37aa-5a01-ac2b-ff2789a0fd81,28,28,በአርባ አንድ ኢዮቤልዩ፥ በመጀመሪያው ሱባዔ በሦስተኛው ዓመት እንዲህ ሆነ፤ ወደዚህ ቦታ ተመለሰ፤ በመሠዊያውም ላይ የሚቃጠል መሥዋዕትን አቀረበ፤ የእግዚአብሔርንም ስም ጠራ፥ “ልዑል አምላክ የምትሆን አንተ እግዚአብሔር ሆይ፥ ለዘለዓለም አምላኬ ነህ” አለ።
fbce1130-3e77-532f-a8a0-a1f43caaf8f6,e9cff146-bfa3-5a03-a6f3-0e273c8f9328,194928c0-37aa-5a01-ac2b-ff2789a0fd81,29,29,በዚህ ሱባዔ በአራተኛው ዓመት ሎጥ ከእርሱ ተለየ፤ በሰዶምም ኖረ። የሰዶም ሰዎች ግን እጅግ ኀጢአተኞች ነበሩ። የወንድሙም ልጅ ከእርሱ ስለ ተለየ በልቡ አዘነ። ሎጥ በተማረከበት በዚያ ዓመት ልጅ አልነበረውምና።
87f7df25-c32e-5eb6-a36b-bc24a071708a,e9cff146-bfa3-5a03-a6f3-0e273c8f9328,194928c0-37aa-5a01-ac2b-ff2789a0fd81,30,30,ሎጥም ከእርሱ ከተለየ በኋላ በዚህ ሱባዔ በአራተኛው ዓመት እግዚአብሔር አብራምን አለው፥ “በዚያ ትኖር ዘንድ ካለህበት ከዚያ ቦታ ሁነህ ዐይኖችህን ወደ ሰሜንና ሊባ፥ ወደ ባሕርና ምሥራቅ አቅና፤ ይህችን የምታያትን ሀገር ሁሉ ለአንተና ለልጆችህ እስከ ዘለዓለም ድረስ እሰጣችኋለሁና።
d57b3db5-f036-5bbb-a00d-80ea051c2040,e9cff146-bfa3-5a03-a6f3-0e273c8f9328,194928c0-37aa-5a01-ac2b-ff2789a0fd81,31,31,ልጆችህንም እንደ ባሕር አሸዋ አደርጋለሁ፤ ሰው የባሕር አሸዋን መቍጠር ይችል እንደ ሆነ ልጆችህም ይቈጠራሉ፤ ተነሥተህ ቁመቷንና ወርድዋን ዙራት፤ ሁሉንም ተመልከት፤ ለልጆችህ እሰጣታለሁና።”
eeb32101-1bad-53d4-a782-e602225ba0e8,e9cff146-bfa3-5a03-a6f3-0e273c8f9328,194928c0-37aa-5a01-ac2b-ff2789a0fd81,32,32,አብራምም ወደ ኬብሮን ሄደ፤ በዚያም ተቀመጠ።
5d0a07dd-e595-5ab2-aaeb-c5b2fe2b16ce,e9cff146-bfa3-5a03-a6f3-0e273c8f9328,194928c0-37aa-5a01-ac2b-ff2789a0fd81,33,33,በዚያም ዓመት የኤላም ንጉሥ ኮሎዶጎሞር መጣ፤ የሰናዖርም ንጉሥ አምራፌል፥ የሲላሳር ንጉሥ አሪኦክ፥ የአሕዛብ ንጉሥም ቲርጋል መጡ፤ የገሞራንም ንጉሥ ወጉት።
2ac958e7-ac48-5823-a446-1138cf497687,e9cff146-bfa3-5a03-a6f3-0e273c8f9328,194928c0-37aa-5a01-ac2b-ff2789a0fd81,34,34,የሰዶም ንጉሥ ግን ሸሸ፤ በጨው ባሕር በኩል በሲዲም ሸለቆ ብዙ ሰዎች በጦር ቈስለው ወደቁ፤ ሰዶምንና አዳማን ሴቦኢምንም ማረኩ፤ የአብራምን የወንድሙን ልጅ ሎጥንም ማረኩ፤ ገንዘቡንም ሁሉ ዘረፉ፤ እስከ ዳንም ድረስ ሄደ። ከጦር ያመለጠ አንድ ሰውም መጥቶ የወንድሙ ልጅ ሎጥ እንደ ተማረከ ለአብራም ነገረው። አሽከሮቹንም አስታጠቀ።
058cbe79-6461-5755-aa36-5bd4238c998b,e9cff146-bfa3-5a03-a6f3-0e273c8f9328,194928c0-37aa-5a01-ac2b-ff2789a0fd81,35,35,ከቀዳምያት ሁሉ ለእግዚአብሔር ዐሥራትን እንዲሰጡ በአብርሃምና በልጆቹ ሥርዐት ተሠራ። እግዚአብሔርም ለዘለዓለም ይይዙት ዘንድ በፊቱ ለሚያገለግሉ ለካህናቱ እንዲሰጡአቸው የዘለዓለም ሥርዐትን ሠራ።
e0d3e8b3-5564-5f85-aac7-37d76ce699ae,e9cff146-bfa3-5a03-a6f3-0e273c8f9328,194928c0-37aa-5a01-ac2b-ff2789a0fd81,36,36,ከሁሉም ከእህሉም፥ ከወይኑም፥ ከዘይቱም፥ ከላሞችም፥ ከበጎችም፥ ከፍየሎችም ለእግዚአብሔር ዐሥራት ይሰጡ ዘንድ ለልጅ ልጅ ለዘለዓለም ሠርቶታልና ለዚህ ሕግ የተወሰነ ዘመን የለውም።
912d0a5b-d0d5-50ea-afba-324c1a3528a0,e9cff146-bfa3-5a03-a6f3-0e273c8f9328,194928c0-37aa-5a01-ac2b-ff2789a0fd81,37,37,እርሱም በፊት ደስ ብሎአቸው ሊበሉትና ሊጠጡት ለካህናት ሰጠ።
374d1d3e-c1cd-5b81-a06b-6ca14063defd,e9cff146-bfa3-5a03-a6f3-0e273c8f9328,194928c0-37aa-5a01-ac2b-ff2789a0fd81,38,38,የሰዶምም ንጉሥ ወደ እርሱ ደረሰ፤ በፊቱም ሰገደ፥ “ጌታችን አብራም ሆይ ፥ ያዳንኸውን ሰው ስጠን፤ ምርኮው ግን ለአንተ ይሁንልህ” አለው።
1caaa429-f9f1-500c-a428-156c1834e91b,e9cff146-bfa3-5a03-a6f3-0e273c8f9328,194928c0-37aa-5a01-ac2b-ff2789a0fd81,39,39,አብራምም፥ “እኔ አብራምን አበለጸግሁት የምትል እንዳትሆን፥ ጐልማሶች ከበሉት በቀር ከአንተ ገንዘብ ሁሉ የክር ፈትልና የጫማ ጠፍር እንዳልወስድ ገናና ወደ ሆነ አምላኬ እኔ እጆችን አነሣለሁ፤ ነገር ግን ከእኔ ጋር የሄዱ ሰዎች አውናንና ኤሴኬል፥ መምሬም እነርሱ ፈንታቸውን ይውሰዱ” አለው።
9d1997fd-f7e7-5ea1-abec-3723c9bb9846,5fa74936-ce60-5af8-a1ff-14ff9100544e,4c122b94-001c-5706-a519-9ad91e2f9a48,1,1,ከዚህ ነገር በኋላ በዚህ ሱባዔ በአራተኛው ዓመት በሦስተኛው ወር መባቻ፥ “አብራም፥ አትፍራ፤ ጠበቃህ እኔ ነኝ፤ ዋጋህም እጅግ ይበዛል፥” ሲል የእግዚአብሔር ቃል በሕልም ወደ አብራም መጣ።
0487ef05-b13e-5b73-ab4b-09be50b4fc39,5fa74936-ce60-5af8-a1ff-14ff9100544e,4c122b94-001c-5706-a519-9ad91e2f9a48,2,2,እርሱም እንዲህ አለ፥ “አቤቱ፥ ምን ትሰጠኛለህ? እኔ ልጅ ሳልወልድ እሄዳለሁ፤ የደማስቆ ሰው የሚሆን የአማቲየል
a07ca3af-0ef0-5df2-ac2d-752587346b36,5fa74936-ce60-5af8-a1ff-14ff9100544e,4c122b94-001c-5706-a519-9ad91e2f9a48,3,3,እርሱም፥ “ከአብራክህ የሚወለድ ልጅ እርሱ ይወርስሃል እንጂ ይህ አይወርስህም” አለው።
e34fed2b-9405-5236-af7b-987c4fa600aa,5fa74936-ce60-5af8-a1ff-14ff9100544e,4c122b94-001c-5706-a519-9ad91e2f9a48,4,4,ወደ ውጭም አውጥቶ፥ “ወደ ሰማይ ተመልከት፤ መቍጠር ይቻልህ እንደ ሆነ ከዋክብትን ቍጠር” አለው። ሰማይን አየ፤ ከዋክብትንም ተመለከተ፤ እርሱም፥ “ዘርህ እንደዚህ ይሆናል” አለው። እግዚአብሔርንም አመነው፤ ጽድቅ ሆኖም ተቈጠረለት።
6b7cabfb-9104-5755-a144-705f2f29e9fa,5fa74936-ce60-5af8-a1ff-14ff9100544e,4c122b94-001c-5706-a519-9ad91e2f9a48,5,5,“ለዘለዓለም ይዘሃት ልትኖር
d6708c60-9322-5d46-a0d4-e0bfbfc98afa,5fa74936-ce60-5af8-a1ff-14ff9100544e,4c122b94-001c-5706-a519-9ad91e2f9a48,6,6,እርሱም፥ “አቤቱ አቤቱ፥ እንደምወርሳት በምን አውቃለሁ?” አለ።
b8147506-eb92-5abf-a7ef-aecc18680c87,5fa74936-ce60-5af8-a1ff-14ff9100544e,4c122b94-001c-5706-a519-9ad91e2f9a48,7,7,እርሱም፥ “የሦስት ዓመት ወይፈን፥ የሦስት ዓመት ፍየል፥ የሦስት ዓመት በግ፥ ዋኖስና ርግብንም አምጣልኝ” አለው።
503bd2cf-af73-50dd-a3b0-9bb50464e77b,5fa74936-ce60-5af8-a1ff-14ff9100544e,4c122b94-001c-5706-a519-9ad91e2f9a48,8,8,ይህንም ሁሉ በወር እኩሌታ አመጣ። እርሱ ግን የኬብሮን አቅራቢያ በምትሆን በመምሬ ባለ ግራር ሥር ተቀምጦ ነበር።
9c3f2951-7021-5db2-a2f3-cac6ff0015cc,5fa74936-ce60-5af8-a1ff-14ff9100544e,4c122b94-001c-5706-a519-9ad91e2f9a48,9,9,በዚያም መሠዊያን ሠራ፥ ይህንም ሁሉ ሠዋ፤ በመሠዊያውም ላይ ደማቸውን አፈሰሰ፤ ከሁለት ከሁለትም አደረጋቸው፤ በየመልካቸውም በአንጻራቸው አኖራቸው፤ አዕዋፍን ግን ጨርሶ አልቈረጣቸውም። ወፎችም ወደ መሥዋዕቱ ይወርዱ ነበር።
4fb466d2-6db1-5a48-a3ed-aa8feb310eb7,5fa74936-ce60-5af8-a1ff-14ff9100544e,4c122b94-001c-5706-a519-9ad91e2f9a48,10,10,አብራም ግን ይከለክላቸው ነበር፤ ወፎችም ይበሉአቸው ዘንድ አልተወም ነበር።
2aa584b1-2953-50ac-a21a-9c7c861e784f,5fa74936-ce60-5af8-a1ff-14ff9100544e,4c122b94-001c-5706-a519-9ad91e2f9a48,11,11,ፀሐይም በገባ ጊዜ እንዲህ ሆነ፥ በአብራም እንቅልፍ መጣበት ፤ እነሆም፥ የሚያስፈራ ጽኑ ጨለማ በላዩ ወደቀበት።
8f96cce9-568a-5dbc-ac46-84d152975f56,5fa74936-ce60-5af8-a1ff-14ff9100544e,4c122b94-001c-5706-a519-9ad91e2f9a48,12,12,ለአብራምም እንዲህ ተብሎ ተነገረ፥ “ዘርህ በአሕዛብ ሀገር ስደተኞች እንደሚሆኑ፥ አራት መቶ ዓመትም እንደሚገዙአቸውና መከራ እንደሚያጸኑባቸው ፈጽመህ ዕወቅ፤ የሚገዙአቸውንም ወገኖች እኔ እፈርድባቸዋለሁ።
3870fd7a-2b23-5616-a934-7849ddc1c997,5fa74936-ce60-5af8-a1ff-14ff9100544e,4c122b94-001c-5706-a519-9ad91e2f9a48,13,13,ከዚህ በኋላ ከብዙ ገንዘብ ጋር ከዚያ ይወጣሉ። አንተም ወደ አባቶችህ በሰላም ትሄዳለህ፤ በበጎ እርግናም ትቀበራለህ።
0f2ef90e-2689-5723-a6cc-3df87bd7454c,5fa74936-ce60-5af8-a1ff-14ff9100544e,4c122b94-001c-5706-a519-9ad91e2f9a48,14,14,በአራተኛው ትውልድ ወደዚህ ይመለሳሉ፤ እስከ ዛሬ ድረስ የአሞራውያን ኀጢአት አልተፈጸመምና።”
86c8c871-f051-5b59-ad26-48bdb6c41d84,5fa74936-ce60-5af8-a1ff-14ff9100544e,4c122b94-001c-5706-a519-9ad91e2f9a48,15,15,ከእንቅልፉም ነቅቶ ተነሣ፤ ፀሐይም ገባ፤ እሳትም ይነድ ጀመር፤ እነሆ፥ ምድጃው እየጤሰ የእሳቱ ነበልባል በመሠዊያው መካከል አለፈ።
bde305e1-4859-5e91-ae10-dadc2a9ee1bc,5fa74936-ce60-5af8-a1ff-14ff9100544e,4c122b94-001c-5706-a519-9ad91e2f9a48,16,16,በዚያችም ሌሊት እግዚአብሔር ከአብራም ጋር እንዲህ ሲል ቃል ኪዳን አደረገ፥ “ከግብፅ ወንዝ ጀምሮ እስከ ታላቁ ወንዝ፤ እስከ ኤፍራጥስ ወንዝ ድረስ፥ ይህችን ሀገር ለልጆችህ እሰጣለሁ፤ የቄኔዎስንና የቄኔዜዎስን፥ የቀድሞኔዎስን፥ የፌርዜዎስንና የራፋይምን፥ የፌኮሬዎስን፥ የኤዌዎስንና የአሞሬዎስን፥ የከናኔዎስንና የጌርጌሴዎስን፥ የኢያቡሴዎስንም ሀገር እሰጥሀለሁ።”
2e98ed03-0e1c-565b-a24a-013a0e9ef0bf,5fa74936-ce60-5af8-a1ff-14ff9100544e,4c122b94-001c-5706-a519-9ad91e2f9a48,17,17,አብራምም ሄዶ መሠዊያውን አዘጋጀ፤ አዕዋፍንና መሥዋዕታቸውን፥ ወይናቸውንም አቀረበ፤ እሳትም በላው።
9c8b9992-dc39-5008-a193-2ae9bd0f91ae,5fa74936-ce60-5af8-a1ff-14ff9100544e,4c122b94-001c-5706-a519-9ad91e2f9a48,18,18,በዚያችም ወር ከኖኅ ጋር ቃል ኪዳን እንደ አደረግን በዚችም ዕለት ከአብራም ጋር ቃል ኪዳን አደረግን።
06c7f08d-4584-51b7-ae3d-b3cb03fba61e,5fa74936-ce60-5af8-a1ff-14ff9100544e,4c122b94-001c-5706-a519-9ad91e2f9a48,19,19,አብራምም ይህችን በዓልና ሥርዐቷንም እስከ ዘለዓለም ድረስ ለራሱ አጸናት፤ አብራምም ደስ አለው፤ ይህንም ነገር ሁሉ ለሚስቱ ለሶራ ነገራት፤ ልጅ እንደሚወለድለትም አመነ። እርስዋ ግን ልጅ አትወልድም ነበር፤ ሶራም ባልዋን አብራምን መከረችው፦
147d94cc-971f-5ca8-a508-483c57ce996f,5fa74936-ce60-5af8-a1ff-14ff9100544e,4c122b94-001c-5706-a519-9ad91e2f9a48,20,20,አብራምም የሚስቱ የሶራን ቃል ሰማ፥ “እንዳልሽ አድርጊ” አላት። ሶራም ግብፃዊት አገልጋይዋን አጋርን አምጥታ ሚስት ትሆነው ዘንድ ለባልዋ ለአብርሃም ሰጠቻት።
4b9846e1-69f0-589b-aa5e-bae6b224ef1e,5fa74936-ce60-5af8-a1ff-14ff9100544e,4c122b94-001c-5706-a519-9ad91e2f9a48,21,21,ወደ እርስዋም ገባ፥ ፀነሰች፥ ወንድ ልጅንም ወለደች። በዚህ ሱባዔ በአምስተኛው ዓመት ስሙን ይስማኤል ብሎ ጠራው። በዚያም ዓመት የአብራም ዕድሜ ሰማንያ ስድስት ዓመት ነበር።
440b1b32-9acf-5f14-a48b-cd414f93a461,5fa74936-ce60-5af8-a1ff-14ff9100544e,4c122b94-001c-5706-a519-9ad91e2f9a48,22,22,በዚህ ኢዮቤልዩ በአራተኛው ሱባዔ በአምስተኛው ዓመት በሦስተኛው ወር በወሩ እኩሌታ መጀመሪያ ስለ ደረሰው የስንዴ አዝመራ አብራም በዓልን አደረገ።
30f47f0b-0201-5f25-a306-614bd3ab34f0,5fa74936-ce60-5af8-a1ff-14ff9100544e,4c122b94-001c-5706-a519-9ad91e2f9a48,23,23,በመሠዊያውም ላይ የእህሉን መጀመሪያ አዲስ መሥዋዕት አድርጎ ለእግዚአብሔር አቀረበ፤ ወይፈኑንና የበጉን ሙክት፥ በጉንም በመሠዊያው ላይ የሚቃጠል መሥዋዕት አድርጎ ለእግዚአብሔር አቀረበ። መሥዋዕታቸውንና ወይናቸውንም ከነጭ ዕጣን ጋር አቀረበ።
3018c4a7-f53a-5433-a013-2e45f05eeeb2,5fa74936-ce60-5af8-a1ff-14ff9100544e,4c122b94-001c-5706-a519-9ad91e2f9a48,24,24,እግዚአብሔርም ለአብራም ተገለጠለት፤ እንዲህም አለው፥ “ሁሉን ቻይ አምላክ እኔ ነኝ። በፊቴ የምትወደድ ሁን፤ ፍጹምም ሁን፤ በእኔና በአንተ መካከልም ቃል ኪዳን እሰጣለሁ፤ እጅግም አከብርሃለሁ።”
bbf78a0e-d29f-5e87-aa0b-9af30fc48d85,5fa74936-ce60-5af8-a1ff-14ff9100544e,4c122b94-001c-5706-a519-9ad91e2f9a48,25,25,አብራምም በግንባሩ ወደቀ፤ እግዚአብሔርም እንዲህ ብሎ ተናገረው፥ “እነሆ፥ ሥርዐቴ ከአንተ ጋር ነው፤ ለብዙ አሕዛብም አባት አደርግሃለሁ።
6fc537cc-7aef-54de-aae8-f70db003c9fd,5fa74936-ce60-5af8-a1ff-14ff9100544e,4c122b94-001c-5706-a519-9ad91e2f9a48,26,26,እንግዲህ ወዲህ ስምህ አብራም አይባል፤ የብዙ ሕዝብ አባት አድርጌሃለሁና ከዛሬ ጀምሮ እስከ ዘለዓለም ድረስ ስምህ አብርሃም ይባል። አንተንም በአሕዛብ መካከል ፈጽሜ አከብርሃለሁ፤ ነገሥታቱም ከአንተ ይወለዳሉ።
17ffbbee-abee-5c6c-a156-7ebd9b0587cf,5fa74936-ce60-5af8-a1ff-14ff9100544e,4c122b94-001c-5706-a519-9ad91e2f9a48,27,27,በእኔና በአንተ መካከል፥ ከአንተም በኋላ በልጆችህ መካከል በወገናቸው የዘለዓለም ሥርዐት ልትሆን፥ ቃል ኪዳኔን አጸናለሁ፤ ለአንተና ከአንተም በኋላ ለዘርህ አምላክ እሆን ዘንድ ለዘለዓለም በምትገዛት፥ ተሰደህ በሄድህባት በከነዓን ቃል ኪዳኔን አጸናለሁ፤ አምላካቸውም እሆናቸዋለሁ።”
ec3f52c3-6233-5d68-a727-1987cd1e3efa,5fa74936-ce60-5af8-a1ff-14ff9100544e,4c122b94-001c-5706-a519-9ad91e2f9a48,28,28,እግዚአብሔርም አብርሃምን እንዲህ አለው፥ “አንተ ቃል ኪዳኔን ጠብቅ፤ ከአንተም በኋላ ልጆችህ ይጠብቁ፤ ወንዶች ልጆቻችሁን ሁሉ ትገዝራላችሁ፤ የሰውነታችሁንም ሸንኮፍ ሁሉ ትገዝራላችሁ፤ በእኔና በእናንተ መካከልም ለልጅ ልጅ ለዘለዓለም የኪዳኔ ምልክት ይሆናል።
57fce27f-def4-51bc-ae08-0e4208b2d14d,5fa74936-ce60-5af8-a1ff-14ff9100544e,4c122b94-001c-5706-a519-9ad91e2f9a48,29,29,በስምንተኛውም ቀን ወንድ ልጅን ሁሉ በየወገናችሁ ትገዝራላችሁ። በቤት የተወለደው፥ ከአሕዛብም ልጆች ሁሉ በወርቅ የገዛችሁት፥ ከዘርህም ያይደለ ቢሆን ይገዘሩ፤ በቤትህ የተወለደም፥ በወርቅህም የገዛኸው ቢሆን ይገዘሩ።
a98bed38-4163-503f-a952-1ac56bdaf6fb,5fa74936-ce60-5af8-a1ff-14ff9100544e,4c122b94-001c-5706-a519-9ad91e2f9a48,30,30,ለዘለዓለም ሥርዐቴ ሊሆን ቃል ኪዳኔ በሰውነታችሁ ጸንቶ ይኖራል። ግዙር ያልሆነ ወንድ ልጃችሁ ሁሉ፥ በስምንተኛዪቱም ቀን የሰውነቱን ሰንኮፍ ያልተገዘረ ሁሉ ቃል ኪዳኔን አፍርሶአልና ያ ሰው ከወገኑ ተለይቶ ይጥፋ።”
d15c9699-83f4-5f09-a9ca-47528d686a8f,5fa74936-ce60-5af8-a1ff-14ff9100544e,4c122b94-001c-5706-a519-9ad91e2f9a48,31,31,እግዚአብሔርም አብርሃምን እንዲህ አለው፥ “ሚስትህ ሶራ ስምዋ ሳራ ነውና ከእንግዲህ ወዲያ ስምዋ ሶራ ተብሎ አይጠራ፤ እባርካታለሁ፤ ከእርስዋም ልጅ እሰጥሃለሁ፤ እርሱንም እባርከዋለሁ፤ ታላቅ ወገንም ይሆናል፤ የአሕዛብ ነገሥታትም ከእርሱ ይወለዳሉ።”
a4055c09-2442-529d-afe0-bc560914d499,5fa74936-ce60-5af8-a1ff-14ff9100544e,4c122b94-001c-5706-a519-9ad91e2f9a48,32,32,አብርሃምም በግንባሩ ወደቀ። ደስ ብሎትም በልቡ እንዲህ አለ፥ “በመቶ ዘመኔ ልጅ እወልዳለሁን? ዘጠና ዓመት የሆናት ሳራስ ልጅ ትወልዳለችን?”
247b13a5-9939-519f-a982-daf7e19583f7,5fa74936-ce60-5af8-a1ff-14ff9100544e,4c122b94-001c-5706-a519-9ad91e2f9a48,33,33,አብርሃምም እግዚአብሔርን እንዲህ አለው፥ “ይስማኤል በፊትህ ቢኖር በወደድሁ ነበር።”
f300f145-0759-5613-a59c-93c1ecec2c9a,5fa74936-ce60-5af8-a1ff-14ff9100544e,4c122b94-001c-5706-a519-9ad91e2f9a48,34,34,እግዚአብሔርም አለው፥ “ይሁን፥ ሳራም ወንድ ልጅን ትወልድልሃለች፤ ስሙንም ይስሐቅ ብለህ ትጠራዋለህ፤ ቃል ኪዳኔንም የዘለዓለም ቃል ኪዳን ሊሆን ከእርሱ ጋር አጸናለሁ፤ ከእርሱም በኋላ ለልጆቹ አጸናለሁ።
98411cfe-7e33-5ebf-a1bb-93ecfb0ecaaf,5fa74936-ce60-5af8-a1ff-14ff9100544e,4c122b94-001c-5706-a519-9ad91e2f9a48,35,35,ስለ ይስማኤልም ሰማሁህ፤ እነሆ፥ እባርከዋለሁ፥ አገነዋለሁ፤ እጅግም አበዛዋለሁ፤ ዐሥራ ሁለት መሳፍንትንም ይወልዳል፤ በታላቅም ሕዝብ ላይ እሾመዋለሁ።
bdaf303d-ed49-5ca8-a212-0141ae731ce6,5fa74936-ce60-5af8-a1ff-14ff9100544e,4c122b94-001c-5706-a519-9ad91e2f9a48,36,36,ቃል ኪዳኔን ግን በዚህ ወራት በሁለተኛው ዓመት ሳራ ከምትወልድልህ ከይስሐቅ ጋር አጸናለሁ።” ከእርሱም ጋር ይህን ተናግሮ ከጨረሰ በኋላ እግዚአብሔር አብርሃም ካለበት ወጣ።
d2ba7a4e-05e5-5994-a7ac-4ecf653424c4,5fa74936-ce60-5af8-a1ff-14ff9100544e,4c122b94-001c-5706-a519-9ad91e2f9a48,37,37,አብርሃምም እግዚአብሔር እንዳለው አደረገ፤ ልጁ ይስማኤልንና በቤት የተወለደውን ሁሉ፥ በወርቁ የገዛውንም፥ በቤቱም ያለ ወንድ ልጅን ሁሉ ወስዶ የሰውነታቸውን ሰንኮፍ ገረዘ።
c708ef8f-a604-5f6f-a5cb-e07739007a28,5fa74936-ce60-5af8-a1ff-14ff9100544e,4c122b94-001c-5706-a519-9ad91e2f9a48,38,38,በዚህችም ቀን አብርሃም ተገረዘ፤ ቤተ ሰቦቹም፥ በወርቅ የገዛቸውም ሁሉ፥ ከአሕዛብም የተወለዱ ሁሉ ከእርሱ ጋር ተገረዙ። ይህም ሕግ ለልጅ ልጅ ሁሉ የዘለዓለም ነው።
d0d25dd2-5621-5d93-a218-a64ea7c92b43,5fa74936-ce60-5af8-a1ff-14ff9100544e,4c122b94-001c-5706-a519-9ad91e2f9a48,39,39,ይህ የዘለዓለም ሥርዐት ነውና፥ በሰማይ ጽላትም ተጽፎአልና ቀን ማሳጠር የለም፤ ከስምንቱ ቀንም አንዲት ቀን መተላለፍ የለም።
77fe4504-6d3d-53a0-a22b-48df573b2bb1,5fa74936-ce60-5af8-a1ff-14ff9100544e,4c122b94-001c-5706-a519-9ad91e2f9a48,40,40,እስከ ስምንት ቀንም ድረስ የሰውነቱን ሰንኮፍ ያልተገረዘ ሰው ሁሉ ከጥፋት ልጆች ወገን ነውና እግዚአብሔር ለአብርሃም ከገባው ቃል ኪዳን ልጆች ወገን አይደለም።
fe3ba21a-f27f-5ab3-a62f-e639c0bfb0a6,5fa74936-ce60-5af8-a1ff-14ff9100544e,4c122b94-001c-5706-a519-9ad91e2f9a48,41,41,ለእግዚአብሔር ይሆን ዘንድ ምልክት የለውም፤ የአምላካችን የእግዚአብሔርን ቃል ኪዳን ስላፈረሰ ከምድር ለመጥፋትና ለመደምሰስ፥ ከምድርም ለመነቀል የተገባ ነውና። መላእክተ ገጽ ሁሉና የምስጋና መላእክት ሁሉ ከተፈጠሩበት ቀን ጀምሮ ተፈጥሮአቸው እንዲህ ነውና።
dc313ec1-d744-5cc6-a77e-b94f30be374d,5fa74936-ce60-5af8-a1ff-14ff9100544e,4c122b94-001c-5706-a519-9ad91e2f9a48,42,42,በመላእክተ ገጽና በምስጋና መላእክት አንጻር ከእርሱ ጋርና ከቅዱሳን መላእክት ጋር ይሆኑ ዘንድ እስራኤልን ቀደሰው።
2efc777e-baa1-5519-a053-03c7db670453,5fa74936-ce60-5af8-a1ff-14ff9100544e,4c122b94-001c-5706-a519-9ad91e2f9a48,43,43,አንተም የእስራኤልን ልጆች እዘዝ፤ የዚህን ቃል ኪዳኔንም ምልክት ይጠብቁ፤ ለልጆቻቸውም የዘለዓለም ሥርዐት ይሁን፤ ለዘለዓለም በእስራኤል ልጆች ሁሉ ላይ ይጠብቁት ዘንድ ለቃል ኪዳን ሥርዐት ሠርቶአልና ከምድር እንዳይጠፉ ይሁኑ። ይስማኤልንና ልጆቹን፥ ወንድሞቹንና ዔሳውንም እግዚአብሔር ወደ እርሱ አላቀረባቸውም፤ ምንም የአብርሃም ልጆች ቢሆኑና ቢወድዳቸውም እነርሱን አልመረጠም።
7345f70d-c9fd-529d-aaf3-9e6f1a8745f9,5fa74936-ce60-5af8-a1ff-14ff9100544e,4c122b94-001c-5706-a519-9ad91e2f9a48,44,44,ሕዝብ ይሆኑት ዘንድ እስራኤልን ለይቶ መረጠ። ብዙ አሕዛብና፥ ብዙ ሕዝብ ሁሉ የእርሱ ናቸውና፥ ሁሉም ለእርሱ ይገባልና ከሰው ልጆች ሁሉ ለይቶ ሰበሰበው። ነገር ግን ከእርሱ በኋላ ያስቱአቸው ዘንድ መናፍስትን በሁሉ ላይ አሠለጠነ።
cf1c279c-7b34-5ec3-ac62-07e2cc0ed6f1,5fa74936-ce60-5af8-a1ff-14ff9100544e,4c122b94-001c-5706-a519-9ad91e2f9a48,45,45,በእስራኤል ላይ ግን ገዢአቸው እርሱ ብቻ ነውና፥ መልአክም ቢሆን መንፈስም ቢሆን ማንንም አላሠለጠነም። እርሱም ይጠብቃቸዋል። ከመላእክትና ከመናፍስት እጅ፥ ከሥልጣናትም ሁሉ እጅ ይጠብቃቸው ዘንድ ይመራመራቸዋል። እነርሱ ልጆቹ ይሆኑት ዘንድ እርሱም ከዛሬ ጀምሮ እስከ ዘለዓለም ድረስ አምላክ ይሆናቸው ዘንድ ይባርካቸዋል።
8d310a80-ff76-54f1-a21e-370fdc6ba6aa,5fa74936-ce60-5af8-a1ff-14ff9100544e,4c122b94-001c-5706-a519-9ad91e2f9a48,46,46,አሁንም የእስራኤል ልጆች ይህችን ሥርዐት ሐሰት እንደሚያደርጉ እኔ እነግርሃለሁ። በሰውነታቸው ከመገረዛቸው የተነሣ ልጆቻቸውን ሳይገርዙ ይቀራሉና፤ የቤልሆርም ልጆች ሁሉ ልጆቻቸውን እንደ ተወለዱ ሳይገርዙ ይተዋሉ።
559c12db-0c71-5f9b-a60f-6fc109b4399e,5fa74936-ce60-5af8-a1ff-14ff9100544e,4c122b94-001c-5706-a519-9ad91e2f9a48,47,47,ቃል ኪዳኑን አፍርሰዋልና፥ ከቃሉም ወጥተዋልና ያች ጽኑ መዓት ከእግዚአብሔር ታዝዛ በእስራኤል ልጆች ትደረጋለች። የዚህንም ምልክት ሥርዐቱን እንዳልፈጸሙ ከምድር ፈጽሞ ለመጥፋት ሰውነታቸውን እንደ አሕዛብ አድርገዋልና ተበሳጭተው ተሳደቡ።
f7ed7a54-bc37-5105-aaf5-5654ce601c29,5fa74936-ce60-5af8-a1ff-14ff9100544e,4c122b94-001c-5706-a519-9ad91e2f9a48,48,48,በዚችም ምድር ለሚሠራው ስሕተት፥ ኀጢአትም ሁሉ ፈጽሞ ይሰረይ ዘንድ እንግዲህ ወዲህ የኀጢአት ስርየትና ይቅርታ የላቸውም።
14069a98-3fec-5232-afee-ab2539917b4c,5fa74936-ce60-5af8-a1ff-14ff9100544e,4c122b94-001c-5706-a519-9ad91e2f9a48,49,49,በአራተኛው ወር መባቻ በመምሬ ባለው በግራሩ ሥር ለአብርሃም ተገለጥንለት፤ ከእርሱም ጋር ተነጋገርን። ከሚስቱ ከሳራም ልጅ እንደሚሰጠው ነገርነው፤ ሳራም ይህን ነገር ከአብርሃም ጋር እንደ ተነጋገርን ሰምታለችና ሳቀች። እኛም ዘለፍናት፤ እርስዋም ፈርታ ስለ ተነገረው ነገር እንደ ሳቀች አስተባበለች።
9ed50352-93a5-5363-aed5-bcaa6f219e8e,5fa74936-ce60-5af8-a1ff-14ff9100544e,4c122b94-001c-5706-a519-9ad91e2f9a48,50,50,የልጅዋንም ስም ስሙ ይስሐቅ ተብሎ በሰማይ ጽላት እንደ ተሠራና እንደ ተጻፈ ነገርናት። ያንጊዜም ወደ እርስዋ በተመለስን ጊዜ እርስዋ ወንድ ልጅን ፀነሰች።
607c9e6b-96c0-56dd-a18f-9afbd4743c99,5fa74936-ce60-5af8-a1ff-14ff9100544e,4c122b94-001c-5706-a519-9ad91e2f9a48,51,51,በዚያም ወር እግዚአብሔር በገሞራና በሰዶም፥ በሰቡኢምና በዮርዳኖስ አውራጃ ሁሉ ፍርዱን አደረገ። በእሳትና በድኝ አቃጠላቸው፤ እጅግ ክፉዎችና ኀጢአተኞች እንደ ሆኑ በሰውነታቸውም እየሴሰኑ እንደሚረክሱ፥ በምድር ላይም ርኵሰትን እንደሚሠሩ፥ እነሆ፥ ሥራቸውን ሁሉ እንደ ነገርሁህ እስከዚህች ቀን ድረስ አጠፋቸው።
1dd2c303-5df2-5b1d-abf2-9a912cdf5738,5fa74936-ce60-5af8-a1ff-14ff9100544e,4c122b94-001c-5706-a519-9ad91e2f9a48,52,52,እንደዚሁም እግዚአብሔር እንደ ሰዶም ርኵሰት በሠሩባቸው ቦታዎች ሁሉ እንደ ሰዶም ፍርድ ያደርጋል።
9c683e90-a70c-586d-aa0f-6fa0ed91b93c,5fa74936-ce60-5af8-a1ff-14ff9100544e,4c122b94-001c-5706-a519-9ad91e2f9a48,53,53,እግዚአብሔርም አብርሃምን አስቦታልና ሎጥን አዳነው፤ ከጥፋትም መካከል አወጣው። ከአዳም ዘመን ጀምሮ እስከዚያ ቀን ድረስ በምድር ላይ ያልተደረገ ኀጢአትን እርሱ ከልጆቹ ጋር በምድር አደረገ፤ አባት ከልጁ ጋር ተኝቶአልና።
68afa75a-7e88-5a84-a54a-278dd52ec691,5fa74936-ce60-5af8-a1ff-14ff9100544e,4c122b94-001c-5706-a519-9ad91e2f9a48,54,54,ያጠፋቸውና ይነቅላቸው፥ ቅጣታቸውንም እንደ ሰዶም ቅጣት ያደርግ ዘንድ፥ በፍርድ ቀንም በምድር የሰውን ዘር ሁሉ እንዳያስቀርለት፥ እነሆ፥ ታዘዘ። በልጆቹም ሁሉ ላይ በሰማይ ጽላት ተቀረፀ።
4d139ec1-d49e-5568-aae1-ec23d69ac01d,5fa74936-ce60-5af8-a1ff-14ff9100544e,4c122b94-001c-5706-a519-9ad91e2f9a48,55,55,በዚህም ወር አብርሃም ከኬብሮን ተጕዞ ሄዶ በጌራሮን ተራሮች ባሉ በቃዴስና በሱር መካከል ተቀመጠ።
e8e26667-e525-5e7e-a1b2-f9938fbca224,5fa74936-ce60-5af8-a1ff-14ff9100544e,4c122b94-001c-5706-a519-9ad91e2f9a48,56,56,በአምስተኛው ወር እኩሌታም ከዚያ ተጕዞ በመሐላ ጕድጓድ አጠገብ ተቀመጠ።
3a6870cd-4ade-5d6f-a006-7c4d3251dbc7,dc7a81b7-ec62-557b-a37c-c01f842c9513,cd7fac4e-9e5a-59a5-a842-77ffae84257c,1,1,በስድስተኛው ወር እኩሌታም እግዚአብሔር ሳራን ጐበኛት፤ እንዳለውም አደረገላት። ፀንሳም ወንድ ልጅን ወለደች። በሦስተኛውም ወር፥ በወሩ እኩሌታ እግዚአብሔር ለአብርሃም በነገረው ቀን በመጀመሪያው መኸር በዓል ይስሐቅ ተወለደ።
6af8863c-57e7-5e05-a948-08058e75fb7a,dc7a81b7-ec62-557b-a37c-c01f842c9513,cd7fac4e-9e5a-59a5-a842-77ffae84257c,2,2,አብርሃምም ልጁን በስምንተኛዪቱ ቀን ገረዘው፤ እርሱም ለዘለዓለም ሥርዐት ሊሆን እንደ ተሠራ በገባው ቃል ኪዳን አስቀድሞ ተገረዘ።
11ef0d8b-449f-5a51-aad3-e2ae86e805e4,dc7a81b7-ec62-557b-a37c-c01f842c9513,cd7fac4e-9e5a-59a5-a842-77ffae84257c,3,3,በአራተኛው ሱባዔ በስድስተኛው ዓመት ወደ አብርሃም ወደ መሐላ ጕድጓድ መጣን። ወደ እርስዋም እንመለስ ዘንድ ለሳራ እንደ ነገርናት ተገለጥንለት፤ እርስዋም ወንድ ልጅን ፀነሰች።
b06d41d8-9d04-593e-a738-855bbd75f4d8,dc7a81b7-ec62-557b-a37c-c01f842c9513,cd7fac4e-9e5a-59a5-a842-77ffae84257c,4,4,በሰባተኛው ወር ተመለስን፤ ሳራንም በፊታችን ፀንሳ አገኘናት፤ ሳራንም ባረክናት። ዳግመኛም ሰባት ልጅ እስኪወልድና ሳይሞት እስኪያይ ድረስ እንደማይሞት የታዘዘለትን ሁሉ ነገርናት።
b41d663b-0185-5eba-ab29-a90f88fd4a1e,dc7a81b7-ec62-557b-a37c-c01f842c9513,cd7fac4e-9e5a-59a5-a842-77ffae84257c,5,5,በይስሐቅም ስምና ልጅ ይጠራለታል። የልጅ ልጆቹም ሁሉ ሕዝብ ይሆናሉ፤ ከአሕዛብም ጋር ይቈጠራሉ።
c81bfdb3-1ec4-5f4f-af9b-65d9265ce1d7,dc7a81b7-ec62-557b-a37c-c01f842c9513,cd7fac4e-9e5a-59a5-a842-77ffae84257c,6,6,ከይስሐቅም ልጆች አንዱ ለቅዱስ ዘርዕ ይሆናል፤ የልዑል ዕድል ፋንታም ይሆናልና ከአሕዛብ ጋር አይቈጠርም።
00bbc02b-dd78-5a6c-adfa-b411595c3247,dc7a81b7-ec62-557b-a37c-c01f842c9513,cd7fac4e-9e5a-59a5-a842-77ffae84257c,7,7,ዘሩም ሁሉ ከሕዝቡ ሁሉ ተለይቶ ለእግዚአብሔር የክብር ሕዝብ ይሆን ዘንድ፥ ለመንግሥትና ለክህነት፥ ለቅዱስ ሕዝብም ይሆን ዘንድ እርሱ ወደሚያመልከው አምላክ
9865bcc0-f3b9-52c1-a2b7-e26135a61270,dc7a81b7-ec62-557b-a37c-c01f842c9513,cd7fac4e-9e5a-59a5-a842-77ffae84257c,8,8,መንገዳችንንም ሄድን፤ የነገርነውንም ሁሉ ለሳራ ነገርናት፤ ሁለቱም ሁሉ በአንድነት እጅግ ብዙ ደስ አላቸው።
270dc6e9-124d-52d3-abb5-6640e37237e8,dc7a81b7-ec62-557b-a37c-c01f842c9513,cd7fac4e-9e5a-59a5-a842-77ffae84257c,9,9,ላዳነውና በተሰደደበት ምድር ደስ ላሰኘው ለእግዚአብሔር በዚያ መሠዊያን ሠራ።
bca0c834-c103-5718-af51-814952384415,dc7a81b7-ec62-557b-a37c-c01f842c9513,cd7fac4e-9e5a-59a5-a842-77ffae84257c,10,10,በዚህም ወር በመሐላው ጕድጓድ መሠዊያ አቅራቢያ ሰባት ቀን የደስታ በዓል አደረገ።
5593ef5c-3e6d-5154-a777-32ab26100b7c,dc7a81b7-ec62-557b-a37c-c01f842c9513,cd7fac4e-9e5a-59a5-a842-77ffae84257c,11,11,በዚህችም በዓል ለእርሱና ለአገልጋዮቹ ዳስ ሠራ፤ እርሱም አስቀድሞ በምድር የዳስ በዓልን አደረገ።
d1624921-a8c5-56a9-a9e6-ba72b0426391,dc7a81b7-ec62-557b-a37c-c01f842c9513,cd7fac4e-9e5a-59a5-a842-77ffae84257c,12,12,በዚህም በሰባቱ ቀን ሁልቀን በየዕለቱ ሁለት ላሞች፥ ሁለት የበግ ሙክቶችና ሰባት በጎች፥ ስለ ኀጢአትም አንድ የፍየል ጠቦት፥ ስለ ልጆቹና ስለ እርሱ ያስተሰርይበት ዘንድ ለእግዚአብሔር የሚቃጠል መሥዋዕት በመሠዊያው ላይ ያቀርብ ነበር።
f070c750-e88f-574e-aa3f-5fd7c963577f,dc7a81b7-ec62-557b-a37c-c01f842c9513,cd7fac4e-9e5a-59a5-a842-77ffae84257c,13,13,ለድኅነት መሥዋዕትም ሰባት የበግ ሙክት፥ ሰባት የፍየል ጠቦት፥ ሰባት በጎች፥ ሰባት የፍየል ሙክት አቀረበ። መሥዋዕታቸውንና ወይናቸውንም በስባቸው ሁሉ ላይ አቀረበ። ለበጎ መዓዛም የተመረጠ ዕጣንን በመሠዊያው ላይ ጥዋት ጥዋት ያጥን ነበር።
220123d9-83d4-52f1-abd2-3b9058a0162b,dc7a81b7-ec62-557b-a37c-c01f842c9513,cd7fac4e-9e5a-59a5-a842-77ffae84257c,14,14,በሰርክም ሽቱን ያጥን ነበር። ነጭ ዕጣንን፥ ቀንዓትን፥ ልባንጃን፥ ናርዶስን፥ ከርቤና ሰንቡልን፥ ቀበርቾንም እነዚህን ሰባቱን ሁሉ ያጥን ነበር፤ የተወቀጠውንና የተመረጠውን፥ የተስተካከለውንና የተቀላቀለውን፥ ንጹሑንም ያቀርብ ነበር።
d0db5f1d-9272-58d4-a174-a4afba947030,dc7a81b7-ec62-557b-a37c-c01f842c9513,cd7fac4e-9e5a-59a5-a842-77ffae84257c,15,15,እርሱም በፍጹም ልቡ፥ በፍጹም ነፍሱም ደስ እያለው በቤቱ ካሉት ሁሉ ጋር ሰባት ቀን ይህን በዓል አደረገ፤ ከእርሱም ጋር ባዕድ ወይም ያልተገረዘ ሰው ማንም አልነበረም።
a7f144b4-2f15-5386-aacb-9e3de1473ffc,dc7a81b7-ec62-557b-a37c-c01f842c9513,cd7fac4e-9e5a-59a5-a842-77ffae84257c,16,16,ለዘለዓለም ትውልድ የጽድቅ ተክል ከእርሱ እንደሚሆን ስላወቀና ስለ ተረዳ ለፈቃዱ ፈጥሮታልና የፈጠረውን አምላኩን አመሰገነው። ሁሉን እንዳደረገ እንደ እርሱም ይሆን ዘንድ ከእርሱ ቅዱስ ዘር ይሆናል።
1afa3d93-455c-50df-a78b-9e4f4fd4ced2,dc7a81b7-ec62-557b-a37c-c01f842c9513,cd7fac4e-9e5a-59a5-a842-77ffae84257c,17,17,ይህችንም በዐል ባረካት፥ ደስም አለው፤ ስምዋንም የእግዚአብሔር በዓል ብሎ ጠራት። ልዑል አምላክም ደስ ብሎት የሚቀበላት የእግዚአብሔር በዓል አላት።
0bc141a4-dafa-5f38-a364-acc7c12e52d9,dc7a81b7-ec62-557b-a37c-c01f842c9513,cd7fac4e-9e5a-59a5-a842-77ffae84257c,18,18,ለዘለዓለም ባረክነው፤ ከእርሱ በኋላም ዘሩን ሁሉ እንደ ሰማይ ጽላት ምስክር ያቺን በዓል በጊዜዋ አድርጎአልና በምድር ትውልድ ሁሉ ባረክነው።
1bfd0146-e914-55f3-a450-b4c3dfcc5c07,dc7a81b7-ec62-557b-a37c-c01f842c9513,cd7fac4e-9e5a-59a5-a842-77ffae84257c,19,19,ስለዚህም በዘመናትና በዓመታት ሁሉ በትውልዳቸው የዘለዓለም ሕግ ሊሆን በእግዚአብሔር ፊት ተቀባይነት ያለው የዳስ በዓልን በደስታ ሰባት ቀን የሚያደርጉ ይሆኑ ዘንድ ለእስራኤል በሰማይ ጽላት ተጻፈ።
7e8b50b4-b6cc-51d8-a33b-b8ded1b4e169,dc7a81b7-ec62-557b-a37c-c01f842c9513,cd7fac4e-9e5a-59a5-a842-77ffae84257c,20,20,በዓሉን ያደርጉት ዘንድ፥ በጥላም ይቀመጡ ዘንድ፥ በራሳቸውም አክሊል ይደፉ ዘንድ፥ ከወንዙም የአኻያውን ቅጠል ቅርንጫፍ ይይዙ ዘንድ፥ በእስራኤል የዘለዓለም ሥርዐት ሆኖ ተጽፎአልና ለዚህ ሥርዐት የተወሰነ ዘመን የለውም።
8aa1c67b-b4ba-5d99-a45d-e1f94dcaa990,dc7a81b7-ec62-557b-a37c-c01f842c9513,cd7fac4e-9e5a-59a5-a842-77ffae84257c,21,21,አብርሃምም ለጋውን የሰሌን ጫፍ፥ ያማረ የእንጨቱንም ፍሬ ይዞ በየቀኑ በዘንባባው ሰባት ጊዜ መሠዊያውን ይዞር ነበር።
88258ed9-705c-5e3c-a8a5-c269fb683db1,dc7a81b7-ec62-557b-a37c-c01f842c9513,cd7fac4e-9e5a-59a5-a842-77ffae84257c,22,22,ጥዋት ጥዋትም ሁሉን የፈጠረ አምላኩን በደስታ ያመሰግን ነበር።
a1fcaafa-4f4d-5ec1-a8d0-79d33e0b164b,dc7a81b7-ec62-557b-a37c-c01f842c9513,cd7fac4e-9e5a-59a5-a842-77ffae84257c,23,23,በዚህ ኢዮቤልዩ በአምስተኛው ሱባዔ በአንደኛው ዓመት ይስሐቅ ጡት ጣለ።
20645614-bffd-5535-a576-ef54f4f2ca2b,dc7a81b7-ec62-557b-a37c-c01f842c9513,cd7fac4e-9e5a-59a5-a842-77ffae84257c,24,24,አብርሃምም ልጁ ይስሐቅ ጡት በጣለባት ቀን በሦስተኛው ወር ታላቅ በዓል አደረገ። የግብፃዊቷ የአጋር ልጅ ይስማኤልም በአባቱ በአብርሃም ፊት በቦታው ተቀምጦ ነበር።
a1d306f3-7b8a-579e-a162-62d593facb5c,dc7a81b7-ec62-557b-a37c-c01f842c9513,cd7fac4e-9e5a-59a5-a842-77ffae84257c,25,25,አብርሃምም ደስ አለው። ሁለቱን ልጆቹን አይቶአልና፥ ልጅንም ሳይወልድ አልሞተምና።
93ae5849-cff7-5482-a99e-3056137df14f,dc7a81b7-ec62-557b-a37c-c01f842c9513,cd7fac4e-9e5a-59a5-a842-77ffae84257c,26,26,ሎጥ ከእርሱ በተለየባት ቀን የተናገረውንም ነገር አሰበ። ምድርን ይወርሳት ዘንድ በምድር እግዚአብሔር ዘርን ሰጥቶታልና ደስ አለው። የሁሉን ፈጣሪም በአፉ አመሰገነው።
dbbca1bb-aede-56a5-a4e5-887972dbdf04,dc7a81b7-ec62-557b-a37c-c01f842c9513,cd7fac4e-9e5a-59a5-a842-77ffae84257c,27,27,ሳራም ይስማኤልን ሲጫወትና ሲዘፍን አየችው፤ አብርሃምንም እጅግ ደስ ብሎት አየች። ይስማኤልንም ባየችው ጊዜ ቀንታ አብርሃምን፥ “የዚህች የባሪያ ልጅ ከልጄ ከይስሐቅ ጋር ርስት አይወርስምና ይህችን ባሪያ ከልጅዋ ጋር አስወጥተህ ስደዳት” አለችው።
2264cb31-f297-5bc0-a5ad-c2ccf2ea2a7b,dc7a81b7-ec62-557b-a37c-c01f842c9513,cd7fac4e-9e5a-59a5-a842-77ffae84257c,28,28,ከእርሱ ለይቶ ይሰዳቸው ዘንድ ስለ ባሪያውና ስለ ልጁ በአብርሃም ፊት ኀዘን ሆነ።
2f45d523-a157-5996-ae4e-77afbf7f4aa3,dc7a81b7-ec62-557b-a37c-c01f842c9513,cd7fac4e-9e5a-59a5-a842-77ffae84257c,29,29,እግዚአብሔርም አብርሃምን፥ “ስለ ሕፃኑና ስለ ብላቴናዪቱ በፊትህ ኀዘን አይሁን፥ በይስሐቅ ስምና ዘር ይጠራልሃልና፥ ሳራ የነገረችህን ነገር ሁሉ ስማና አድርግ። ስለዚያች ባሪያ ልጅ ግን አትዘን፤ ከልጆችህ ወገን ነውና ታላቅ ወገን አደርገዋለሁ” አለው።
1bfa7e1e-d626-5835-a8c5-bcb18de216a3,dc7a81b7-ec62-557b-a37c-c01f842c9513,cd7fac4e-9e5a-59a5-a842-77ffae84257c,30,30,አብርሃምም በጥዋት ገሥግሦ ሄዶ ውኃ ያለበትን ረዋትና ዳቦውን አምጥቶ ለአጋር አሸከማት፤ ልጁንም አሳዝሎ ሸኛት፤ በቤርሳቤህ ምድረ በዳም እየተቅበዘበዘች ሄደች።
1c388a87-3d8b-5581-a4c1-d2e642ab79e0,dc7a81b7-ec62-557b-a37c-c01f842c9513,cd7fac4e-9e5a-59a5-a842-77ffae84257c,31,31,ውኃውም ከረዋቷ አለቀ፤ ልጁም ተጠማ፤ መሄድም ተሳነው፤ ሕፃኑም ወደቀ፤ እናቱም አነሣችው፤ ሄዳም በአንዲት የዘይት እንጨት ሥር አኖረችው፥ “የልጄንም ሞት አላይም” ብላለችና ጦር ወርውረው የሚያደርሱበት አንድ ምዕራፍ ያህል ርቃ ሄዳ ፊት ለፊት ተቀመጠች፤ በዚያም ተቀምጣ አለቀሰች።
e4a1c538-6ed8-5b08-a28a-c187c10d835c,dc7a81b7-ec62-557b-a37c-c01f842c9513,cd7fac4e-9e5a-59a5-a842-77ffae84257c,32,32,ከቅዱሳን መላእክት አንዱ መልአክ፥ “አንቺ አጋር፥ ለምን ታለቅሻለሽ? እግዚአብሔር ቃልሽን ሰምቶአልና፥ ሕፃኑንም አይቶታልና ተነሥተሽ ሕፃኑን አንሥተሽ በእጅሽ ያዢው” አላት።
ba6f9617-c19b-52c6-a09d-c63499c6498a,dc7a81b7-ec62-557b-a37c-c01f842c9513,cd7fac4e-9e5a-59a5-a842-77ffae84257c,33,33,ዐይኖችዋንም ገልጣ የውኃ ጕድጓድ አየች፤ ሄዳም ረዋቷን ውኃ ሞላች፤ ልጅዋንም አጠጣች፤ ተነሥታም ወደ ፋራን ምድረ በዳ ሄደች።
7769ffc5-09fc-5cbb-a268-b6dfdb0d1ac7,dc7a81b7-ec62-557b-a37c-c01f842c9513,cd7fac4e-9e5a-59a5-a842-77ffae84257c,34,34,ሕፃኑም አድጎ አዳኝ ሆነ፤ እግዚአብሔርም ከእርሱ ጋር ነበረ። እናቱም ከግብፅ ሴቶች ሚስት አጋባችው፤ ወንድ ልጅንም ወለደችለት። “በለመንሁት ጊዜ እግዚአብሔር ለእኔ ቅርቤ ነው” ብላለችና ስሙን ናቢኦት አለችው።
f63ea7a1-75d0-5ff8-aa4f-eed69f80519d,0b02bffd-6477-55f0-a83f-b4c274911b36,7a56e8ea-fc71-5b3f-a539-eb3506da63b9,1,1,በዚህ ኢዮቤልዩ በሰባተኛው ሱባዔ በመጀመሪያው ዓመት በመጀመሪያው ወር እንዲህ ሆነ። በዚህ ወር በዐሥራ ሁለተኛው ቀን እግዚአብሔር እንደሚወደው ስለ አብርሃም በሰማይ ቃሎች ተሰሙ፤ በሚናገረው ነገር ሁሉ የታመነ እንደ ሆነ በመከራውም ሁሉ የታመነ ነውና።
547b8742-410c-5c60-ae6e-0ac806fd9e1c,0b02bffd-6477-55f0-a83f-b4c274911b36,7a56e8ea-fc71-5b3f-a539-eb3506da63b9,2,2,መኰንን መስቴማ መጥቶ በአምላክ ፊት ቆሞ እንዲህ አለ፥ “እነሆ፥ አብርሃም ልጁ ይስሐቅን ይወደዋል፥ ከሁሉም ይልቅ እርሱ ደስ ያሰኘዋል፤ በመሠዊያው ላይ መሥዋዕት አድርጎ ያቀርበው ዘንድ ንገረው።
f1e1d3c1-7332-52d1-a64d-1857489db1bb,0b02bffd-6477-55f0-a83f-b4c274911b36,7a56e8ea-fc71-5b3f-a539-eb3506da63b9,3,3,ይህን ነገር ቢያደርግ አንተ ታያለህ፤ በምትፈትነው ሁሉ እርሱ የታመነ እንደ ሆነ ታውቃለህ።” እግዚአብሔር ግን አብርሃም በነገረው መከራ ሁሉ የታመነ እንደ ሆነ ያውቃል፤ በሀገሩ በድርቅ ፈትኖታልና፤ በነገሥታቱም ገንዘብ ፈትኖታልና፤ ዳግመኛም በሚስቱ መቀማት ፈትኖታልና፤ በመገረዝም ፈትኖታልና፤ በሰደዳቸው ጊዜ በልጁ በይስማኤልና በባሪያው በአጋር ፈትኖታልና፥ በፈተነው መከራ ሁሉ የታመነ ሆኖ ተገኝቶአልና፥ ሰውነቱም ቸል አላለችምና።
985dc0aa-d6c1-5f12-aad2-47a976e37f36,0b02bffd-6477-55f0-a83f-b4c274911b36,7a56e8ea-fc71-5b3f-a539-eb3506da63b9,4,4,የታመነ ነውና፥ እግዚአብሔርንም ይወዳልና፥ ሥራውን አላቈየም።
b208a0e5-81b8-511f-ac59-1d1957be2fbf,0b02bffd-6477-55f0-a83f-b4c274911b36,7a56e8ea-fc71-5b3f-a539-eb3506da63b9,5,5,እግዚአብሔርም አብርሃምን፥ “አብርሃም፥ አብርሃም፥ አብርሃም” ብሎ ጠራው፥ አብርሃምም፥ “አቤት፥ አለሁ” አለ። እርሱም፥ “የምትወደውን ልጅህን ይስሐቅን ይዘህ ከፍ ወዳለች ተራራ ሂድ፤ እኔ ከምነግርህ ከተራሮች ወደ አንዲቱ ተራራ አውጣው” አለው።
75723449-a061-5921-a684-0e75726ae078,0b02bffd-6477-55f0-a83f-b4c274911b36,7a56e8ea-fc71-5b3f-a539-eb3506da63b9,6,6,ከዚያም በነግህ ገሠገሠ፤ አህያውንም ጭኖ፥ ሁለቱንም ብላቴኖቹን፥ ልጁ ይስሐቅንም፥ ከእርሱ ጋር ይዞ፥ ለመሥዋዕት የሚሆን እንጨትንም ፈልጦ አሸክሞ ሦስት ቀን እግዚአብሔር ወዳዘዘው ቦታ ሄደ።
b41fd81c-d96c-5e32-aea2-30007bace42b,0b02bffd-6477-55f0-a83f-b4c274911b36,7a56e8ea-fc71-5b3f-a539-eb3506da63b9,7,7,ቦታውንም በሩቁ ሆኖ አየ፤ ውኃ ወዳለበት ጕድጓድም ደረሰ፤ ብላቴኖቹን፥ “አህያውን ይዛችሁ ከዚህ ቈዩኝ፤ ልጄና እኔ ሄደን፥ ሰግደን ወደ እናንተ እንመለሳለን” አላቸው።
60a1bbc3-ef0f-5bbc-a652-1f04c32673b9,0b02bffd-6477-55f0-a83f-b4c274911b36,7a56e8ea-fc71-5b3f-a539-eb3506da63b9,8,8,የመሥዋዕቱንም እንጨት ለልጁ ለይስሐቅ አሸክሞ፥ ወቅለምቱንና እሳቱን በእጁ ይዞ፥ እስከዚያ ቦታ ድረስ ሁለቱ ሁሉ በአንድነት ሄዱ።
dc9c9325-3b00-590c-aca8-2347a3e1dca7,0b02bffd-6477-55f0-a83f-b4c274911b36,7a56e8ea-fc71-5b3f-a539-eb3506da63b9,9,9,ይስሐቅም አባቱን፥ “አባቴ” አለው፥ እርሱም፥ “ልጄ፥ እነሆኝ፥ አለሁ” አለው። “እነሆ፥ እሳቱና ወቅለምቱ፥ እንጨቱም አለ፤ አባቴ፥ ለሚቃጠል መሥዋዕት የሚሆነው በግ ወዴት ነው?” አለው።
20d59e16-d5ab-5c71-a116-dd0fd69a69ba,0b02bffd-6477-55f0-a83f-b4c274911b36,7a56e8ea-fc71-5b3f-a539-eb3506da63b9,10,10,እርሱም፥ “ልጄ ሆይ፥ ለሚቃጠል መሥዋዕት የሚሆነውን በግ እግዚአብሔር ያውቃል” አለው። ወደ እግዚአብሔርም ተራራ ቦታ ቀረበ፤ መሠዊያም ሠራ፤ እንጨቱንም በመሠዊያው ላይ አደረገ፤ ልጁን ይስሐቅንም አስሮ በመሠዊያው ላይ ባለ እንጨት ላይ አስተኛው። ልጁን ይስሐቅንም ይሠዋው ዘንድ ወቅለምቱን ለማንሣት እጁን ዘረጋ።
f00ab599-021b-5c7e-af07-8d06e5718aaf,0b02bffd-6477-55f0-a83f-b4c274911b36,7a56e8ea-fc71-5b3f-a539-eb3506da63b9,11,11,እኔም በፊቱ ቆምሁ ፤ በመኰንን መስቴማም ፊት ቆምሁ።
dc693c53-0211-52e4-a8a1-95a2238547cd,0b02bffd-6477-55f0-a83f-b4c274911b36,7a56e8ea-fc71-5b3f-a539-eb3506da63b9,12,12,እግዚአብሔርም፥ “እርሱ እግዚአብሔርን የሚፈራ እንደ ሆነ ዐውቄአለሁና በይስሐቅ ላይ እጁን እንዳያወርድ፥ በእርሱም ምንም ክፉ ነገር እንዳያደርግ ንገረው” አለ።
2882b3f5-8610-5a4c-a599-aaa158e310a2,0b02bffd-6477-55f0-a83f-b4c274911b36,7a56e8ea-fc71-5b3f-a539-eb3506da63b9,13,13,በሰማይም ሆኜ፥ “አብርሃም፥ አብርሃም” ብዬ ጠራሁት። እርሱም ደንግጦ፥ “እነሆ፥ እኔ አለሁ” አለኝ። “በሕፃኑ ላይ እጅህን አታውርድ፤ አንተ እግዚአብሔርን የምትፈራ እንደ ሆንህ ዛሬ ዐውቄአለሁና፤ ከእኔም ለበኵር ልጅህ አልራራህምና በእርሱ ላይ ምንም አታድርግ” አልሁት፤ መኰንን መስቴማም አፈረ።
f4b5afe0-677b-526d-a12e-609f9135962a,0b02bffd-6477-55f0-a83f-b4c274911b36,7a56e8ea-fc71-5b3f-a539-eb3506da63b9,14,14,አብርሃምም ዐይኖቹን አቅንቶ አየ። እነሆ፥ ቀንዱን በዕፀ ሳቤቅ የተያዘ አንድ በግ ሲወርድለት አየ። አብርሃምም ሄዶ ያን የበግ አውራ አምጥቶ ስለ ልጁ ፋንታ ለሚቃጠል መሥዋዕት አቀረበው።
6011a889-6241-5996-af37-70d09f6178f7,0b02bffd-6477-55f0-a83f-b4c274911b36,7a56e8ea-fc71-5b3f-a539-eb3506da63b9,15,15,አብርሃምም ያን ቦታ፥ “እግዚአብሔርን ያየሁበት” ይባል ዘንድ፥ “እግዚአብሔር የታየበት ቦታ” አለው፤ ተራራውም ደብረ ጽዮን ነው።
26da86a2-151c-5d01-ac7d-2c0fe49cfa1c,0b02bffd-6477-55f0-a83f-b4c274911b36,7a56e8ea-fc71-5b3f-a539-eb3506da63b9,16,16,እግዚአብሔርም አብርሃምን በሰማይ ሆኖ ዳግመኛ በስሙ ጠራው፤ በእግዚአብሔር ስም እንነግረው ዘንድ እንደ ታየነው፤ እግዚአብሔር “በራሴ ማልሁ አለ” አልነው።
c7882f1c-f5d6-536e-ac3f-093a5ffe1711,0b02bffd-6477-55f0-a83f-b4c274911b36,7a56e8ea-fc71-5b3f-a539-eb3506da63b9,17,17,“ይህን ነገር አድርገሃልና፥ ለምትወድደው ለበኵር ልጅህ ከእኔ አልራራህለትምና ፈጽሜ እንድባርክህ፥ በባሕር ዳር እንዳለ አሸዋና እንደ ሰማይ ኮከብ ዘርህን ፈጽሜ እንዳበዛው፥
79fda8eb-5fe4-5451-a9c9-5d936273c867,0b02bffd-6477-55f0-a83f-b4c274911b36,7a56e8ea-fc71-5b3f-a539-eb3506da63b9,18,18,ልጆችህም የጠላቶቻቸውን ሀገር እንዲወርሱ፥ ቃሌን ስለ ሰማህ ፋንታ በዚህ ዓለም ያሉ አሕዛብንም ሁሉ እንዲወርሱ እኔ ባዘዝሁህ ሁሉ አንተ ለእኔ የታመንህ እንደ ሆንህ ለሁሉ ነገርሁ፤ በሰላም ሂድ” አለው።
b8659d93-1c1e-5800-a7d3-08cd2c478dad,0b02bffd-6477-55f0-a83f-b4c274911b36,7a56e8ea-fc71-5b3f-a539-eb3506da63b9,19,19,አብርሃምም ወደ ብላቴኖቹ ሄደ። ከዚያም ተነሥተው በአንድነት ወደ ቤርሳቤህ ሄዱ። አብርሃምም በመሐላ የውኃ ጕድጓድ አደረ። ያችንም በዓል በሄደባቸውና በሰላም በተመላለሰባቸው በሰባቱ ቀኖች መጠን በዘመኑ ሁሉ ሰባት ቀን የደስታ በዓል አደረጋት። የእግዚአብሔርም በዓል አላት።
9a766d77-14df-5c67-a8d9-a3bcceef68fa,0b02bffd-6477-55f0-a83f-b4c274911b36,7a56e8ea-fc71-5b3f-a539-eb3506da63b9,20,20,ሰባት ቀን በደስታ ይህችን በዓል ለማድረግ በልጆቹና በእስራኤል ላይ እንደ ታዘዘ በሰማይ ጽላት እንዲህ ተሠርቶአል፤ ተጽፎአልም።
85b19d7e-3e4f-556f-af3c-32e03687b9a3,0b02bffd-6477-55f0-a83f-b4c274911b36,7a56e8ea-fc71-5b3f-a539-eb3506da63b9,21,21,በአርባ ሁለተኛው ኢዮቤልዩ በመጀመሪያው ሱባዔ በአንደኛው ዓመት አብርሃም ተመልሶ በኬብሮን አንጻር ሁለት የዓመት ሱባዔ ኖረ። ይህችውም ቃርያታርባቅ ናት።
d207bb30-f1d8-5bd1-a21b-edd42d1f957c,0b02bffd-6477-55f0-a83f-b4c274911b36,7a56e8ea-fc71-5b3f-a539-eb3506da63b9,22,22,በዚህ ኢዮቤልዩ በሦስተኛው ሱባዔ በመጀመሪያው ዓመት የሳራ የሕይወት ዘመን ተፈጸመ፤ በኬብሮንም ሞተች።
879c0b0b-3c74-5c1b-a4da-28af1608baa8,0b02bffd-6477-55f0-a83f-b4c274911b36,7a56e8ea-fc71-5b3f-a539-eb3506da63b9,23,23,አብርሃምም አልቅሶ ይቀብራት ዘንድ ሄደ። ልቡናው ይታገሥ እንደ ሆነ እንዲሁም በአፉ በተናገረው ነገር ቸል አይል እንደ ሆነ ፈተንነው። በዚህም የታገሠ ሆኖ ተገኘ፤ በውስጡ ሬሳውን ሊቀብር የመቃብር ቦታ ይሰጡት ዘንድ ከኬጢ ልጆች ጋር በልቡና ትዕግሥት ተናግሮአልና አልተበሳጨም።
e140a94b-e0be-541a-a711-83df753faf91,0b02bffd-6477-55f0-a83f-b4c274911b36,7a56e8ea-fc71-5b3f-a539-eb3506da63b9,24,24,እግዚአብሔርም በሚያዩት ሰዎች ሁሉ ፊት ባለምዋልነትን ሰጠው፤ ከኬጢ ልጆችም በየዋሃት ለመነ፤ በግራሩ አንጻር ያለች ባለ ደርብ ዋሻን ሰጡት። ይህችውም ኬብሮን ናት። በአርባ ብርም ሸጡለት።
0c225142-f544-576a-a38d-db3628ed74b7,0b02bffd-6477-55f0-a83f-b4c274911b36,7a56e8ea-fc71-5b3f-a539-eb3506da63b9,25,25,እነርሱም፥ “ያለ ዋጋ እንስጥህ” ብለው ለመኑት፥ እርሱ ግን የቦታውን ዋጋ ብሩን ፈጽሞ ሰጥቶአልና ከእነርሱ ያለ ዋጋ አልወሰደም፤ ዳግመኛም ሰገደላቸው።
b4319333-d5d7-5a15-a807-2bcbcf85ad90,0b02bffd-6477-55f0-a83f-b4c274911b36,7a56e8ea-fc71-5b3f-a539-eb3506da63b9,26,26,ከዚህ በኋላ ደርብ ባላት ዋሻ ሬሳዋን ቀበረ። ሳራም በሕይወት የኖረችበት መላ ዘመንዋ መቶ ሃያ ሰባት ዓመት ሆነ፤ እነዚህም ሁለት ኢዮቤልዩ አራት ሱባዔና አንድ ዓመት ናቸው። ሳራም በሕይወት የኖረችባቸው የዘመኖችዋ ቀን ይህ ነው።
ea3b21af-216c-56c0-a643-ac2808b30ae7,0b02bffd-6477-55f0-a83f-b4c274911b36,7a56e8ea-fc71-5b3f-a539-eb3506da63b9,27,27,አብርሃምም በተፈተነበት የታመነና ልቡናው የታገሠ ሆኖ የተገኘበት ይህ መከራ ዐሥር ነው፤ ለእርሱ ይሰጣት ዘንድ፥ ከእርሱም በኋላ ለልጁ ይሰጣት ዘንድ እግዚአብሔር ስለ ከነዓን የነገረውን ነገር እንቢ አላለም፤ በዚያም ሬሳውን ይቀብር ዘንድ ቦታን ለመነ። የታመነና የሚታገሥ ሆኖ ተገኝቶአልና በሰማይ ጽላት የእግዚአብሔር ወዳጅ ተብሎ ተጻፈ።
c8c3122a-39e0-5d2c-a20c-e76f6620ccd1,0b02bffd-6477-55f0-a83f-b4c274911b36,7a56e8ea-fc71-5b3f-a539-eb3506da63b9,28,28,በአራተኛው ዓመት ለልጁ ለይስሐቅ ሚስትን አጋባው፥ ስምዋም ርብቃ ይባላል፤ ይህችውም የአብርሃም ወንድም የናኮር ልጅ የባቱኤል ልጅና የላባ እኅት ናት። የአብርሃም ወንድም የናኮር ሚስት የሚልካ ልጅ ባቱኤልም ርብቃንና ላባን ወለዳቸው።
0cdf86e4-cc74-5b7f-a60a-4cbbdadae7cb,0b02bffd-6477-55f0-a83f-b4c274911b36,7a56e8ea-fc71-5b3f-a539-eb3506da63b9,29,29,አብርሃምም ከሳራ አስቀድሞ አጋር በሞተች ጊዜ በቤቱ ከተወለዱ ልጆች ወገን የምትሆን ሦስተኛ ሚስትን አገባ፤ ስምዋም ኬጡራ ይባላል፤ እርስዋም ዘንበሬንና ዮከሳንን፥ ማዳይንና ምድያንን፥ ኢያዝቦቅንና ስሂያን እነዚህን ስድስቱን ወለደችለት።
88024c53-aeca-542a-a1dd-a5372d34df1d,0b02bffd-6477-55f0-a83f-b4c274911b36,7a56e8ea-fc71-5b3f-a539-eb3506da63b9,30,30,በሁለተኛው ሱባዔ ዘመን በስድስተኛው ሱባዔ በሁለተኛው ዓመት ርብቃ ለይስሐቅ ሁለት ልጆች፥ ያዕቆብንና ዔሳውን ወለደችለት።
7c1bddb8-3116-5f78-a764-1c51632906fd,0b02bffd-6477-55f0-a83f-b4c274911b36,7a56e8ea-fc71-5b3f-a539-eb3506da63b9,31,31,ያዕቆብም ፍጹም ቅን ነበረ፥ ዔሳው ግን ጨካኝ አርበኛና ጠጕራም ነበረ፤ ያዕቆብም በቤት ይውል ነበር። እነዚህም ጐልማሶች አደጉ።
39b326de-bb48-55e5-a5ca-e4ead2870b1e,0b02bffd-6477-55f0-a83f-b4c274911b36,7a56e8ea-fc71-5b3f-a539-eb3506da63b9,32,32,ያዕቆብ መጻፍን ተማረ፤ ዔሳው ግን አርበኛና አዳኝ ነበረና አልተማረም። ሰልፍንና ክፉ ሥራንም ሁሉ ተማረ፤ አብርሃምም ያዕቆብን ይወድ ነበር፤ ይስሐቅ ግን ዔሳውን ይወድ ነበር።
c4457153-d96e-52d1-a7d3-b2eb5f9dd2fe,0b02bffd-6477-55f0-a83f-b4c274911b36,7a56e8ea-fc71-5b3f-a539-eb3506da63b9,33,33,አብርሃም የዔሳውን ሥራ አየ፤ ነገር ግን በያዕቆብ ስምና ልጅ እንዲጠራለት ዐወቀ።
34c8dcc6-955d-5175-a82b-d63e47e15f4d,0b02bffd-6477-55f0-a83f-b4c274911b36,7a56e8ea-fc71-5b3f-a539-eb3506da63b9,34,34,ርብቃንም ጠርቶ እርስዋ ከዔሳው ይልቅ ያዕቆብን ፈጽማ እንድትወደው አይቶአልና የያዕቆብን ነገር አዘዛት።
1fe3a9e5-3009-5a58-a162-8d0e31234b9e,0b02bffd-6477-55f0-a83f-b4c274911b36,7a56e8ea-fc71-5b3f-a539-eb3506da63b9,35,35,“ልጄ ሆይ፥ ያዕቆብን ልጄን ጠብቂ፤ እርሱ ስለ እኔ ፋንታ በሰዎች ልጆች መካከል ለበረከት ይሆናልና፤ ለሴምም ዘር መመኪያ ይሆናልና፤ በምድር ገጽ ከሚኖሩ ሰዎች ሁሉ ለሕዝቡ ጠበቃ ሊሆንለት እግዚአብሔር እርሱን እንዲመርጥ አውቃለሁና።
5c0d39db-303b-5193-af42-2e7bf935d546,0b02bffd-6477-55f0-a83f-b4c274911b36,7a56e8ea-fc71-5b3f-a539-eb3506da63b9,36,36,እነሆ፥ ልጄ ይስሐቅ ከያዕቆብ ይልቅ ዔሳውን ይወድዳል፤ አንቺ ደግ ሰው ያዕቆብን ስትወጂው እኔ አይቻለሁ፤ ዳግመኛም ለእርሱ ደግ ነገር ማድረግን ጨምሪለት።
aa819ef4-35dc-5d20-a95e-90f002d55699,0b02bffd-6477-55f0-a83f-b4c274911b36,7a56e8ea-fc71-5b3f-a539-eb3506da63b9,37,37,ከዛሬ ጀምሮ ለዘለዓለም እስከሚነሣ ትውልድ ሁሉ ድረስ በምድር ላይ እርሱ ለበረከት ይሆነኛልና ዓይኖችሽ ወደ ተወዳጁ ይሁኑ። ከልጆች ሁሉ ይልቅ እርሱን ፈጽሜ ወድጃለሁና፥ ለዘለዓለም ይከብራልና ዘሩም ምድርን ሁሉ የሚሞላ ይሆናልና እጆችሽ ይጽኑ። ልብሽም በልጅሽ በያዕቆብ ደስ ይበለው፤ ሰው የባሕር አሸዋ መቍጠር ይችል እንደ ሆነ እንደዚሁም የእርሱ ዘር ይቈጠራል።
2c6df844-d97d-599a-a455-c8d0a50620ed,0b02bffd-6477-55f0-a83f-b4c274911b36,7a56e8ea-fc71-5b3f-a539-eb3506da63b9,38,38,እግዚአብሔር እኔንና ዘሬን የባረካቸው በረከቶች ሁሉ በዘመኑ ሁሉ ለያዕቆብና ለዘሩ ይሁኑ፤ በዘሩም ስሜ ይከብራል፤ የአባቶች የሴምና የኖኅ፥ የሄኖክና የመላልኤል፥ የሄኖስና የሴት የአዳምም ስም ይባረካል፤ እነርሱም ሰማይን ለመመሥረት፥ ምድርንም ለማጽናት፥ በጠፈር ላይ ያሉ ብርሃናትንም ለማደስ ይሆናሉ” አላት።
840d7699-042e-5912-a622-684b50b3ff53,0b02bffd-6477-55f0-a83f-b4c274911b36,7a56e8ea-fc71-5b3f-a539-eb3506da63b9,39,39,ያዕቆብንም ጠርቶ በእናቱ በርብቃ ፊት ሳመው፤ መረቀውም፤ እንዲህም አለው፥ “ልቡናዬ የወደደችህ ልጄ ተወዳጁ ያዕቆብ ሆይ፥ ከጠፈር በላይ ያለ አምላክ ይባርክህ።
203b10b9-1fb9-5152-a6c7-80b44aace53d,0b02bffd-6477-55f0-a83f-b4c274911b36,7a56e8ea-fc71-5b3f-a539-eb3506da63b9,40,40,አዳምንና ሄኖክን፥ ኖኅንና ሴምን የባረከባቸውን በረከቶችን ሁሉ ይስጥህ። የነገረኝን ሁሉና እሰጥሃለሁ ያለኝንም ሁሉ፥ በምድር ላይ እንደ ሰማይ ዘመን በአንተና በዘርህ ላይ እስከ ዘለዓለም ድረስ ያጽናልህ።
874b8aee-2cb9-50c5-aeac-c7160d39b6a5,0b02bffd-6477-55f0-a83f-b4c274911b36,7a56e8ea-fc71-5b3f-a539-eb3506da63b9,41,41,ከዛሬ ጀምሮ እስከ ዘለዓለም ድረስ አምላክህ እግዚአብሔርን ከመከተል ያርቁህ ዘንድ የሰይጣን መናፍስት በአንተና በዘርህ ላይ አይሠልጥኑብህ።
330b15cb-324c-50f1-a1d0-a128174d3ff2,0b02bffd-6477-55f0-a83f-b4c274911b36,7a56e8ea-fc71-5b3f-a539-eb3506da63b9,42,42,እግዚአብሔር አምላክ አባት ይሁንህ፥ አንተም ልጅ ሁነው። ለሕዝቡም በዘመኑ ሁሉ አለቃ ሁን፥ ልጄ በሰላም ሂድ።”
c41d8991-f662-5527-ae3a-88511544b720,0b02bffd-6477-55f0-a83f-b4c274911b36,7a56e8ea-fc71-5b3f-a539-eb3506da63b9,43,43,ሁለቱም በአንድነት ከአብርሃም ዘንድ ወጡ፤ ርብቃም ያዕቆብን በፍጹም ልቡናዋ፥ በፍጹም ነፍስዋም ከዔሳው ይልቅ እጅግ ወደደችው፤ ይስሐቅም ከያዕቆብ ይልቅ ዔሳውን ይወድደው ነበር።
632ecb5b-a05b-53bb-ab4c-aecbf0989ceb,0b02bffd-6477-55f0-a83f-b4c274911b36,7a56e8ea-fc71-5b3f-a539-eb3506da63b9,44,44,በአርባ ሁለተኛው ኢዮቤልዩ፥ በሰባተኛው ሱባዔ በመጀመሪያው ዓመት አብርሃም ይስማኤልንና ዐሥራ ሁለቱን ልጆቹን፥ ይስሐቅንና ሁለቱን ልጆቹን፥ ስድስቱን የኬጡራ ልጆችንና ልጆቻቸውንም ጠራ።
d071f059-73cf-5bf7-ac4d-464e73085bcf,0b02bffd-6477-55f0-a83f-b4c274911b36,7a56e8ea-fc71-5b3f-a539-eb3506da63b9,45,45,የእግዚአብሔርን ሕግ ይጠብቁ ዘንድ፥ ጽድቅንም ይሠሩ ዘንድ፥ በሰልፉም ሁሉ እንደ እርሱ ሊሆኑ እያንዳንዱ ባልንጀራውን ይወድ ዘንድ፥ እያንዳንዳቸውም በእያንዳንዳቸው ላይ ጸንተው ይኖሩ ዘንድ አዘዛቸው።
c8948326-5fb0-5b39-a4e9-681a2385c7f7,0b02bffd-6477-55f0-a83f-b4c274911b36,7a56e8ea-fc71-5b3f-a539-eb3506da63b9,46,46,በምድርም ላይ ፍርድንና ጽድቅን ለማድረግ ከእነርሱ ጋር በገባው ቃል ኪዳን ልጆቻቸውን ይገርዙ ዘንድ፥ ከዝሙትና ከርኵሰት ሁሉ እንጠበቅ ዘንድ፥ ከመካከላችንም ርኵሰትንና ዝሙትን እናርቅ ዘንድ፥ እግዚአብሔር ካዘዘን ሥርዐት ሁሉ ወደ ቀኝም ወደ ግራም እንዳይተላለፉ አዘዛቸው።
e376ef7e-a9ac-5201-a0e8-4b01ffe54473,0b02bffd-6477-55f0-a83f-b4c274911b36,7a56e8ea-fc71-5b3f-a539-eb3506da63b9,47,47,ሴት ሁላ፥ ወይም ድንግልና ያላት ልጅ ብትሰስንባችሁ በእሳት አቃጥሉአት፤ ዐይናቸው ባየውና ልባቸው ባሰበውም አይሰስኑ። የከነዓን ዘሮች ከምድር ይጠፋሉና ከከነዓን ሴቶች ልጆች ሚስትን አያግቡ።
04cc324c-4906-5ae3-ac67-ccadaea6a831,0b02bffd-6477-55f0-a83f-b4c274911b36,7a56e8ea-fc71-5b3f-a539-eb3506da63b9,48,48,የረዓይትን ፍርድና የሰዶምን ፍርድ፥ ስለ ክፋታቸው ስለ ዝሙትና ርኵሰት እንደ ተፈረደባቸው፥ በዝሙትም እርስ በርሳቸው በሠሩት ጥፋት እንደ ሞቱ ነገራቸው።
17d8dae7-933b-5654-adab-d3fb25e892c8,0b02bffd-6477-55f0-a83f-b4c274911b36,7a56e8ea-fc71-5b3f-a539-eb3506da63b9,49,49,እናንተም ከዝሙትና ከርኵሰት ሁሉ፥ በኀጢአትም ከመተዳደፍ ሁሉ ተጠበቁ። ስማችንን ለመርገም እንዳትሰጡ፥ ኑሮአችሁንም ሁሉ ለትምክሕት እንዳታደርጉ፥ ልጆቻችሁንም ሁሉ በሰይፍ ለመጥፋት እንዳታደርጉ ተጠበቁ። እንደ ሰዶምም የተረገማችሁ ትሆናላችሁ። ልጆቻችሁም ሁሉ እንደ ገሞራ ልጆች ይሆናሉ።
718fd80e-3565-513b-a0e2-5693395c9a4b,0b02bffd-6477-55f0-a83f-b4c274911b36,7a56e8ea-fc71-5b3f-a539-eb3506da63b9,50,50,ልጆች፥ እኔ አዳኝባችኋለሁ፤ የሰማይን አምላክ ውደዱት፥ ትእዛዙንም ሁሉ ጠብቁ፤ ጣዖታቸውንና ኀጢአታቸውን ተከትላችሁ አትሂዱ። ተመትተው የተሠሩ ጣዖታትንና ቅርፆችን ለእናንተ አትሥሩ፤ ከንቱ ናቸውና፤ ምንም ምን እስትንፋስ የላቸውም፤ የሰው እጅ ሥራ ናቸውና። የሚታመኑባቸውም ሁሉ ከንቱ ናቸውና አታምልኩአቸው፤ አትስገዱላቸውም።
eab2bed1-6ce8-51df-a7cc-78bd32ebbbbe,0b02bffd-6477-55f0-a83f-b4c274911b36,7a56e8ea-fc71-5b3f-a539-eb3506da63b9,51,51,እናንተ ግን ልዑል አምላክን አምልኩ፥ ሁልጊዜ ስገዱለት፥ ሁልጊዜም የእርሱን ፊት ተስፋ አድርጉ፤ በእናንተ ደስ ይለው ዘንድ፤ ምሕረቱንም ይሰጣችሁ ዘንድ፥ የበልጉንና የመከሩንም ዝናም ያወርድላችሁ ዘንድ፥ ሥራችሁንም ሁሉ፥ በምድርም የሠራችሁትን ሁሉ ይባርክላችሁ ዘንድ፥ ፍርድንና ጽድቅንም፥ ቅንነትንም በፊቱ አድርጉ።
e3b931eb-9ca3-5954-a1d1-8e8b4e9ff8ad,0b02bffd-6477-55f0-a83f-b4c274911b36,7a56e8ea-fc71-5b3f-a539-eb3506da63b9,52,52,እህልህንና ውኃህን ይባርክልሃል፤ የአብራክህን ዘር፥ የምድርህንም ዘር፥ የላሞችህን መንጋና የበጎችህን መንጋ ይባርክልሃል። በምድርም ለበረከት ትሆናለህ።
fe2ffb58-e260-5967-a984-d94ab445233b,0b02bffd-6477-55f0-a83f-b4c274911b36,7a56e8ea-fc71-5b3f-a539-eb3506da63b9,53,53,የምድርም አሕዛብ ሁሉ ይወዱአችኋል። እኔ እንደ ተናገርሁት የተባረኩ ይሆኑ ዘንድ ልጆቻቸሁን በስሜ ይባርካሉ።
a198f7a2-3686-5518-a2ff-8fca57318abf,0b02bffd-6477-55f0-a83f-b4c274911b36,7a56e8ea-fc71-5b3f-a539-eb3506da63b9,54,54,ለልጁ ለይስማኤልና ለኬጡራ ልጆችም ስጦታን ሰጥቶ ከልጁ ከይስሐቅ ለይቶ አሰናበታቸው። ሁሉን ግን ለልጁ ለይስሐቅ ሰጠው።
426034ac-b9d5-56c7-a280-713b4f102266,0b02bffd-6477-55f0-a83f-b4c274911b36,7a56e8ea-fc71-5b3f-a539-eb3506da63b9,55,55,ይስማኤልና ልጆቹም፥ የኬጡራ ልጆችም የልጅ ልጆቻቸውም በአንድነት ሄዱ። ከፋራን ጀምሮ በምድረ በዳ አንጻር በምሥራቅ በኩል እስከ ባቢሎን መግቢያ ድረስ በሀገሩ ሁሉ ኖሩ፤ እነዚህም ከእነዚህ ጋር አንድ ሆኑ። ስማቸውም ዓረብና ይስማኤላውያን ተብሎ ተጠራ።
7080ad80-e170-56d4-a923-72da2efe084b,abf09448-8cd3-5858-a60f-d5c88ffad7ac,2baf9f3f-45a7-5419-a7fe-982f02a7fffe,1,1,በዚህ ኢዮቤልዩ በሰባተኛው ሱባዔ በስድስተኛው ዓመት አብርሃም ልጁ ይስሐቅን ጠርቶ እንዲህ ብሎ አዘዘው፥ “እኔ አረጀሁ፥ ዘመኔን ጠግቤአለሁና የምሞትበትን ቀን አላውቅም።
d64064c2-eab8-531d-a52d-a97dc7d43cba,abf09448-8cd3-5858-a60f-d5c88ffad7ac,2baf9f3f-45a7-5419-a7fe-982f02a7fffe,2,2,እነሆ፥ እኔ የመቶ ሰባ አምስት ዓመት ሰው ነኝ፤ በሕይወቴ ዘመን ሁሉ እግዚአብሔርን ሳስበው፥ በፍጹም ልቤም የአምላኬን ፈቃድ አደርግ ዘንድ፥ በመንገዱም ሁሉ መሄድን አቀና ዘንድ ስፈልግ ኖርሁ። ሕያውና ቅዱስ፥ ከሁሉም ይልቅ የታመነና ጻድቅ አምላክ ነውና የፈጣሪዬን ፈቃድ ለማድረግ እጠብቅ ዘንድ ነፍሴ ጣዖትን ጠላች።
856026f9-01aa-5385-ab63-ea936404a307,abf09448-8cd3-5858-a60f-d5c88ffad7ac,2baf9f3f-45a7-5419-a7fe-982f02a7fffe,3,3,የጽድቅ አምላክ ነውና፥ ሕጉን በሚያፈርሱ ሰዎች ሁሉ፥ ቃል ኪዳኑንም በሚንቁ ሰዎች ፍርድን የሚያደርግ ነውና በእርሱ ዘንድ ዐመፅ፥ ለሰው ፊትም ማድላትና መማለጃ መቀበል የለም።
73489a9c-a20f-527c-a9db-bee65dbbba32,abf09448-8cd3-5858-a60f-d5c88ffad7ac,2baf9f3f-45a7-5419-a7fe-982f02a7fffe,4,4,“ልጄ ሆይ፥ አንተም ትእዛዙንና ሥርዐቱን፥ ፍርዱንም ጠብቅ። ርኵሳንን፥ የተቀረጹ ጣዖታቱንና፥ ተመትተው የተሠሩትንም ጣዖታት ተከትለህ አትሂድ። የአውሬውንና የእንስሳውን፥ በሰማይ የሚበሩ የወፎችንም ሁሉ ደም አትብላ።
ed9799c5-50ba-53d0-a008-088a9b0e15bd,abf09448-8cd3-5858-a60f-d5c88ffad7ac,2baf9f3f-45a7-5419-a7fe-982f02a7fffe,5,5,ብታርድም ተቀባይነት ያለው የሚቃጠል የሰላም መሥዋዕትን ሠዋ፤ ደማቸውንም በመሠዊያው ላይ አፍስስ፤ የሚቃጠለውንም መሥዋዕት ስብ ከስንዴው ጋር ወደ መሠዊያው አቅርብ፤ በዘይት የተለወሰውንም መሥዋዕት ከመጠጡ ቍርባን ጋር ሁሉንም በአንድነት በእግዚአብሔር ፊት ለበጎ መዓዛ የሚቃጠል መሥዋዕት አድርገህ፥ እንደ ድኅነቱ መሥዋዕት ስብ በሆዱ ውስጥ እንዳለው ስብ በመሠዊያው ላይ ባለው እሳት ታኖረዋለህ።
595d2c14-9c39-5e04-a2b7-915f38e82099,abf09448-8cd3-5858-a60f-d5c88ffad7ac,2baf9f3f-45a7-5419-a7fe-982f02a7fffe,6,6,በሆድ ዕቃውም ውስጥ ያለውን ስብ ሁሉ፥ ሁለቱን ኵላሊቱንም፥ በእነርሱ ላይ ያለውንም ስብ ሁሉ፥ በወርቹ ላይ ያለውንም ስብ፥ ግልገል ጉበቱንም፥ ከኵላሊቱ ጋር እንደ ተጠቀለለ፥
19d7270d-0399-5a02-ad6b-314cbdc93b4b,abf09448-8cd3-5858-a60f-d5c88ffad7ac,2baf9f3f-45a7-5419-a7fe-982f02a7fffe,7,7,ይህንም ሁሉ በእግዚአብሔር ፊት ተቀባይነት ያለው በጎ መዓዛ አድርገህ ለእግዚአብሔር ለበጎ መዓዛ ለሚቀርበው ከሚቃጠለው የእህል መሥዋዕትና ከመጠጡ ቍርባን ጋር ታቀርባለህ። ሥጋውንም በዚያች ሌሊትና በማግሥቱ ብላ።
dfefba59-c6f5-5004-afc2-35978839f6af,abf09448-8cd3-5858-a60f-d5c88ffad7ac,2baf9f3f-45a7-5419-a7fe-982f02a7fffe,8,8,በማግሥቱም እስኪበላ ድረስ ፀሓይ አይግባ፤ እግዚአብሔር አይቀበለውምና ለሦስተኛው ቀን አይትረፍ፤ የተመረጠም አይደለምና፥ ከዚያ በኋላ አይበላም። የሚበሉትም ሁሉ ኀጢአታቸውን ይሸከማሉ።
da6f5002-0da5-50d9-a981-b2374b763132,abf09448-8cd3-5858-a60f-d5c88ffad7ac,2baf9f3f-45a7-5419-a7fe-982f02a7fffe,9,9,በቀደሙ አባቶች መጽሐፍ ውስጥ በሄኖክና በኖኅ ቃል ውስጥ እንዲህ የሚል ጽሕፈት አግኝቻለሁና፥ በመሥዋዕትህም ሁሉ ጨው ትጨምራለህ፤ በእግዚአብሔር ፊት በሚሠዋው መሥዋዕት ሁሉ የጨው ቃል ኪዳን አይቋረጥም።
1872c435-06f1-56d1-a189-2db09b59404b,abf09448-8cd3-5858-a60f-d5c88ffad7ac,2baf9f3f-45a7-5419-a7fe-982f02a7fffe,10,10,“ወደ መሠዊያው እነዚህን እንጨቶች ብቻ ታገባ ዘንድ መሥዋዕት ስለሚሠዋባቸው እንጨቶች ተጠንቀቅ፥ እነዚህም፦ ሰኖባር፥ ቀረጥ፥ ሰገድ፥ ሽነት፥ ወይራ፥ ዋንዛ፥ ዶቅማ፥ ጠዶ፥ ዘይት፥ ባርሰነት፥ ጥድ፥ አርቦቅ፥ ቀጋ፥ ሾላ ናቸው።
304a7829-0b02-52db-a834-6966403d8926,abf09448-8cd3-5858-a60f-d5c88ffad7ac,2baf9f3f-45a7-5419-a7fe-982f02a7fffe,11,11,ከእነዚህ እንጨቶች አይነታቸውን መርምረህ በመሠዊያው ላይ ከሚቃጠለው መሥዋዕት በታች አኑር፥ የነቀዘውንና የበሰበሰውን እንጨት ሁሉ አታኑር። ነገር ግን ፈጽሞ ምንም ነውር የሌለባቸውን የጸኑትንና ያማሩትን እንጨቶች፤ የአዲሱንም ተክል እንጨት አኑር።
43306236-22d9-564a-a71a-04b20287164c,abf09448-8cd3-5858-a60f-d5c88ffad7ac,2baf9f3f-45a7-5419-a7fe-982f02a7fffe,12,12,መዓዛው ተለይቶታልና፥ እንደ ቀደመው በእርሱ መዓዛ የለምና አሮጌውን እንጨት አታኑር። ነገር ግን መዓዛው ልዩ ነውና፥ መዓዛውም ወደ ሰማይ ያርጋልና ከእነዚህ እንጨቶች በቀር ሌላ አይኑር።
afc2abe2-ec73-586c-a944-db4c1860d2b0,abf09448-8cd3-5858-a60f-d5c88ffad7ac,2baf9f3f-45a7-5419-a7fe-982f02a7fffe,13,13,ይህን ትእዛዝ ጠብቅ፤ ልጄ ሆይ፥ ሥራህን ሁሉ ታቀና ዘንድ ያዘዝሁህን አድርግ። በየጊዜውም ሰውነትህን ንጹሕ አድርግ፤ መሥዋዕት ለመሠዋት ወደ መሠዊያው ሳትወጣ በውኃ ታጠብ፤ ወደ መሥዋዕቱም ሳትቀርብ እጅህንና እግርህን ታጠብ።
6271daab-682a-5d25-a5d2-fe47efc74f3a,abf09448-8cd3-5858-a60f-d5c88ffad7ac,2baf9f3f-45a7-5419-a7fe-982f02a7fffe,14,14,መሥዋዕቱንም ማቅረብ በጨረስህ ጊዜ ተመልሰህ እጅህንና እግርህን ታጠብ። በሰውነታችሁና በልብሳችሁም ላይ ደም ሁሉ አይታይ።
587448da-1c02-59e0-ab6f-df8779fee268,abf09448-8cd3-5858-a60f-d5c88ffad7ac,2baf9f3f-45a7-5419-a7fe-982f02a7fffe,15,15,ልጄ ሆይ፥ ከደም ፈጽመህ ተጠበቅ፤ አፈር አልብሰው፤ ደም ነፍስ ናትና እንግዲህ ወዲህ ደም አትብሉ። ምንም ደም አትብላ፤ ያለ ፍርድ በከንቱ እንዳይፈስስ በሰው ደም ሁሉ ላይ መማለጃ አትቀበል፤ የሚፈስስ ደም ምድርን ያጠፋታልና፤ በደም አፍሳሹ ደም ካልሆነም በቀር ደም ያለ ሰው ደም አትነጻምና።
bdf80afd-2334-5151-a429-ec80b13d2955,abf09448-8cd3-5858-a60f-d5c88ffad7ac,2baf9f3f-45a7-5419-a7fe-982f02a7fffe,16,16,በሰው ደም መማለጃንና እጅ መንሻን አትቀበል። በልዑል አምላክ በእግዚአብሔር ፊት ደም በደም ይመለሳል። ከክፉ ነገርም ሁሉ ትጠበቅ ዘንድ፥ ከሞትም ሁሉ ያድንህ ዘንድ ጥበቃው ለበጎ ነገር ይሆናል።
8888d833-d007-5ac9-ad04-e75a9cd20791,abf09448-8cd3-5858-a60f-d5c88ffad7ac,2baf9f3f-45a7-5419-a7fe-982f02a7fffe,17,17,“ልጄ ሆይ፥ የሰው ሁሉ ሥራ ኀጢአትና ክፋት እንደ ሆነ፥ ሥራቸውም ሁሉ የረከሰና የተናቀ፥ የተጠላም እንደ ሆነ፥ ከእነርሱም ጋር ጽድቅ እንደሌለ አያለሁ።
5bf196e0-2079-5c71-a90d-01badeba8dac,abf09448-8cd3-5858-a60f-d5c88ffad7ac,2baf9f3f-45a7-5419-a7fe-982f02a7fffe,18,18,በመንገዳቸው እንዳትሄድ፥ ፍለጋቸውንም እንዳትከተል ተጠበቅ። በልዑል አምላክ ፊትም እስከ ሞት የሚያደርስ ስሕተትን አትሳት። ከአንተም ፊቱን ይሰውራል፥ ወደ ኀጢአትህም ኀይል ይመልስሃል። ከምድር ይነቅልሃል። ዘርህንም ከሰማይ በታች ያጠፋል፤ ስምህና ዘርህም ከምድር ሁሉ ይጠፋሉ።
3277a44c-a9c9-583c-afad-2d21173d1a49,abf09448-8cd3-5858-a60f-d5c88ffad7ac,2baf9f3f-45a7-5419-a7fe-982f02a7fffe,19,19,ከሥራቸው ሁሉና ከርኵሰታቸው ሁሉ ራቅ፤ የልዑል አምላክን ሕግም ጠብቅ፤ ፈቃዱንም ፈጽም። ሥራህን ሁሉ አቅና፤ በሥራህ ሁሉ ይባርክሃል። በምድር ሁሉ፥ በምድር ትውልድም ሁሉ የጽድቅ ተክልን ከአንተ ያስነሣል። ከሰማይ በታች በዘመኑ ሁሉ የእኔ ስም፥ የአንተም ስም ይታወቃል።
e0fcaf21-519a-58a7-a143-ca2a97ee74cf,abf09448-8cd3-5858-a60f-d5c88ffad7ac,2baf9f3f-45a7-5419-a7fe-982f02a7fffe,20,20,“ልጄ ሆይ፥ በሰላም ሂድ፤ የእኔ አምላክ፥ የአንተም አምላክ ልዑል እግዚአብሔር ፈቃዱን ለመፈጸም ያጽናህ። ልጅህን ሁሉ፥ የልጅ ልጅህንም ለዘለዓለም ትውልድ በምድር ሁሉ ለበረከት ትሆን ዘንድ በጽድቅ በረከት ሁሉ ይባርክ፤” ከእርሱም ዘንድ ደስ እያለው ወጣ።
235260ca-250c-5cb9-a3c7-2a9124218e16,e8840ebe-202e-5cec-a30a-36024e9f1fbb,f9d1fba3-e116-5c16-abf0-9abaf40e9b53,1,1,በአርባ አራተኛው ኢዮቤልዩ፥ በመጀመሪያው ሱባዔ አብርሃም በሞተበት በሁለተኛው ዓመት እንዲህ ሆነ፤ በመጀመሪያው የአዝመራ በዓል የዚችን ሱባዔ በዓል ያደርጉ ዘንድ ይስሐቅና ይስማኤል ከቤርሳቤህ ወደ አባታቸው ወደ አብርሃም መጡ።
d08a0a74-cdea-5dc4-ac4d-4cff055b2858,e8840ebe-202e-5cec-a30a-36024e9f1fbb,f9d1fba3-e116-5c16-abf0-9abaf40e9b53,2,2,አብርሃምም ሁለቱ ልጆቹ መጥተዋልና ደስ አለው። በቤርሳቤህ ያለ የይስሐቅ ገንዘቡ ብዙ ነበረና፤ ይስሐቅም ገንዘቡን ጐብኝቶ ወደ አባቱ ይመለስ ነበር።
4b04281b-66db-5b45-aa00-e47868845d14,e8840ebe-202e-5cec-a30a-36024e9f1fbb,f9d1fba3-e116-5c16-abf0-9abaf40e9b53,3,3,በዚህም ወራት ይስማኤል አባቱን ያይ ዘንድ መጣ። ሁሉም በአንድነት መጡ።
c720d4f8-bf27-5ec6-ad76-0f8af194504d,e8840ebe-202e-5cec-a30a-36024e9f1fbb,f9d1fba3-e116-5c16-abf0-9abaf40e9b53,4,4,ይስሐቅም የሚቃጠል መሥዋዕትን ሠዋ፤ አባቱ በኬብሮን በሠራው መሠዊያም ላይ አቀረበ። የድኅነት መሥዋዕትንም ሠዋ፤ በወንድሙ በይስማኤል ፊትም የደስታ ፍሪዳን አረደ።
b1c44844-0520-568d-a2e1-2b0077b7c2ad,e8840ebe-202e-5cec-a30a-36024e9f1fbb,f9d1fba3-e116-5c16-abf0-9abaf40e9b53,5,5,ርብቃም ከአዲሱ ስንዴ ትኩስ ዳቦ ጋገረች፤ በልቶም ሳይሞት የሁሉን ፈጣሪ እንዲያመሰግን ከመጀመሪያው የምድር ፍሬ ለአባቱ ለአብርሃም ያገባ ዘንድ ለልጅዋ ለያዕቆብ ሰጠችው።
578a1650-ae2d-52b3-ae9f-f921989d799d,e8840ebe-202e-5cec-a30a-36024e9f1fbb,f9d1fba3-e116-5c16-abf0-9abaf40e9b53,6,6,ይስሐቅም አብርሃም ይበላና ይጠጣ ዘንድ ያማረውን የድኅነት መሥዋዕት በያዕቆብ እጅ ሰደደለት። በልቶና ጠጥቶም ምድርንና ሰማይን፥ የምድርን ስፋትም ሁሉ የፈጠረ ልዑል አምላክን አመሰገነው። ይበሉና ይጠጡ ዘንድ፥ ፈጣሪያቸውንም ያመሰግኑ ዘንድ ለሰው ልጆች ሰጣቸው።
4358fbbd-d6b6-50d5-ac0d-a732df14750d,e8840ebe-202e-5cec-a30a-36024e9f1fbb,f9d1fba3-e116-5c16-abf0-9abaf40e9b53,7,7,አብርሃምም እንዲህ አለ፥ “ይህችን ቀን አሳይተኸኛልና እነሆ፥ እኔ ለአንተ እገዛለሁ። እነሆም፥ እኔ የመቶ ሰባ አምስት ዓመት ሰው ነኝ፤ አርጅቻለሁም፤ ዘመኔም ተፈጽሞአል፤ ዘመኖችም ሁሉ ሰላም ሆኑልኝ፤ የጠላት ሰይፍም ድል አልነሣኝም።
001d522b-6705-5c96-a28c-94e1b5f534f0,e8840ebe-202e-5cec-a30a-36024e9f1fbb,f9d1fba3-e116-5c16-abf0-9abaf40e9b53,8,8,በሰጠኸኝም ሁሉና፥ በልጆች በሕይወት በኖርሁበት ዘመን ሁሉ እስከዚች ቀን ድረስ፥ አምላኬ ሆይ፥ በዚህ ዓለም ከአሕዛብ ሁሉ ተለይቶ ከዛሬ ጀምሮ ለዘለዓለም በምድር ላይ እስከሚነሣው ትውልድ ዘመን ሁሉ ድረስ የተመረጠ ሕዝብና ርስት ይሆንህ ዘንድ፥ ይቅርታህ ለባሪያህና ለልጆቹ ይሁን።”
de0b8e14-280f-5253-a067-a39b70fe567b,e8840ebe-202e-5cec-a30a-36024e9f1fbb,f9d1fba3-e116-5c16-abf0-9abaf40e9b53,9,9,ያዕቆብንም ጠርቶ እንዲህ አለው፥ “ልጄ ያዕቆብ ሆይ፥ ሁሉን የፈጠረ አምላክ ይባርክህ፤ በፊቱም ጽድቅንና ፈቃዱን ለማድረግ ያበርታህ። እንደ ፈቃዱም በዘመኑ ሁሉ የርስቱ ሕዝብ ትሆኑት ዘንድ አንተንና ዘርህን ይምረጥ።
fe0e2415-7262-51b7-aed2-157fe0bafa78,e8840ebe-202e-5cec-a30a-36024e9f1fbb,f9d1fba3-e116-5c16-abf0-9abaf40e9b53,10,10,አንተም ልጄ ያዕቆብ፥ ቀርበህ ሳመኝ፤” ቀርቦም ሳመው።
1432cda2-836f-5fe9-a2f2-11aab00e1029,e8840ebe-202e-5cec-a30a-36024e9f1fbb,f9d1fba3-e116-5c16-abf0-9abaf40e9b53,11,11,እንዲህም አለ፥ “አንተም ልጄ ያዕቆብ፥ የተባረክህ ነህ። ልጆችህም ሁሉ ለልዑል እግዚአብሔር ለዘለዓለም የተባረኩ ናቸው። ጻድቅ ዘርንም ይስጥህ፤ ከልጆችህም በምድር ሁሉ መካከል ይቀድስ። አሕዛብ ይገዙልህ፤ አሕዛብም ሁሉ በዘርህ ፊት ይስገዱ፤ በሰውም ፊት አርበኛ ሁን፤ በሴት ልጆችም ሁሉ መካከል ሠልጥነህ ኑር።
e7b80eb4-7030-529a-a07e-4f4879e1ba78,e8840ebe-202e-5cec-a30a-36024e9f1fbb,f9d1fba3-e116-5c16-abf0-9abaf40e9b53,12,12,ያንጊዜ ቅዱስ ሕዝብ ለመሆን መንገዶችህና የልጆችህ መንገዶች እውነተኛ ይሆናሉ። ልዑል አምላክ እኔን የባረከባቸውን፥ ኖኅንና አዳምንም የባረከባቸውን በረከቶች ሁሉ ይስጥህ። በልጅ ልጅ ዘመን ሁሉ እስከ ዘለዓለም ድረስ ዘርህን ለመቀደስ በአንተ ላይ ይረፉ።
6e3374c1-a1f5-591b-a9c4-10579492152a,e8840ebe-202e-5cec-a30a-36024e9f1fbb,f9d1fba3-e116-5c16-abf0-9abaf40e9b53,13,13,ባለማወቅ ከሠራኸው ኀጢአትህ ሁሉ ስርየትን ታገኝ ዘንድ ከኀጢአትና ከርኵሰት ሁሉ ያንጻህ፤ ያበርታህም፤ ሀገሩን ሁሉ ትወርስ ዘንድ ይባርክህ። ለዘለዓለም ለርስቱ ሕዝብ ትሆነው ዘንድ ቃል ኪዳኑን ከአንተ ጋር ያጽና።
0d22f336-f17a-52dc-a565-ee0d73bcb026,e8840ebe-202e-5cec-a30a-36024e9f1fbb,f9d1fba3-e116-5c16-abf0-9abaf40e9b53,14,14,በምድር ዘመን ሁሉ ለአንተም ለዘርህም በእውነትና በጽድቅ አምላክ ይሁንህ።
0b389b21-c2cd-5708-a9b4-8e6ec0fb69e0,e8840ebe-202e-5cec-a30a-36024e9f1fbb,f9d1fba3-e116-5c16-abf0-9abaf40e9b53,15,15,“አንተም ልጄ ያዕቆብ፥ ቃሌን አስብ፤ የአባትህን የአብርሃምንም ትእዛዝ ጠብቅ፤ ከአሕዛብም ተለይ፤ ከእነርሱም ጋር አትብላ፥ እንደ ሥራቸውም አትሥራ። ሥራቸው የረከሰ ነውና፥ አካሄዳቸውም ሁሉ የረከሰና የተናቀ ነውና፤ መሥዋዕታቸውም የሚያጸይፍ ነውና ባልንጀራ አትሁናቸው።
3f6e9423-e56a-5af0-a644-17ab95650665,e8840ebe-202e-5cec-a30a-36024e9f1fbb,f9d1fba3-e116-5c16-abf0-9abaf40e9b53,16,16,ለሬሳዎች ፍሪዳ ያርዳሉ፤ ለአጋንንትም ይሰግዳሉ፤ በመቃብርም ይበላሉ፥ ሥራቸውም ሁሉ ከንቱና ብላሽ ነው። ለማሰብም ልብ የላቸውም። ዐይናቸውም የሚያይ አይደለም። ሥራቸው ምንድን ነው?
7a2ba644-972b-50cf-a709-448f2848b180,e8840ebe-202e-5cec-a30a-36024e9f1fbb,f9d1fba3-e116-5c16-abf0-9abaf40e9b53,17,17,እንጨቱን፦ ፈጣሪዬ አንተ ነህ፥ ድንጋዩንም፦ ጌታዬ አንተ ነህ፥ የምታድነኝም አንተ ነህ እያሉ እነርሱ እንዴት ይስታሉ? ልብም የላቸውም።
e0ca8c5d-6916-5669-a942-80f279adbe29,e8840ebe-202e-5cec-a30a-36024e9f1fbb,f9d1fba3-e116-5c16-abf0-9abaf40e9b53,18,18,“አንተ ልጄ ያዕቆብ፥ ልዑል አምላክ ይርዳህ፤ የሰማይ አምላክም ይባርክህ፤ ከርኵሰታቸውና ከስሕተታቸው ሁሉ ያርቅህ።
1762d27b-347e-5f60-a8fb-ab21ae1081c4,e8840ebe-202e-5cec-a30a-36024e9f1fbb,f9d1fba3-e116-5c16-abf0-9abaf40e9b53,19,19,ልጄ ያዕቆብ፥ ከከነዓን ሴቶች ልጆች ዘር ሚስት እንዳታገባ ተጠበቅ። ዘሩ ሁሉ ከምድር ለጥፋት ነውና፥ በካም በደል ከነዓን ስትዋልና። ልጁና የልጅ ልጁ ሁሉ ከምድር ይደመሰሳልና፤ በፍርድ ቀንም ከእነርሱ የሚድን የለምና።
8038a285-8871-5a6a-ab65-8c3e673460cc,e8840ebe-202e-5cec-a30a-36024e9f1fbb,f9d1fba3-e116-5c16-abf0-9abaf40e9b53,20,20,ጣዖት ለሚያመልኩና ለተጠሉ ሰዎች ሁሉ በሕያዋን ምድር ምንም ተስፋ የላቸውምና፥ ወደ ሲኦልም ይወርዳሉና፥ ወደ ፍርድ ቦታም ይሄዳሉና፥ በምድርም ላይ ምንም መታሰቢያ የላቸውምና የሰዶም ልጆች ከምድር እንደ ተወሰዱ እንዲሁ ጣዖት የሚያመልኩ ሁሉ ይወሰዳሉ።
19692417-1365-525d-af1a-12e0931fab37,e8840ebe-202e-5cec-a30a-36024e9f1fbb,f9d1fba3-e116-5c16-abf0-9abaf40e9b53,21,21,“ልጄ ያዕቆብ ሆይ፥ አትፍራ፤ የአብርሃም ልጅ ሆይ፥ አትደንግጥ፤ ልዑል አምላክ ከጥፋት ይጠብቅህ፤ ከስሕተትም ሥራ ሁሉ እርሱ ያድንህ።
5e383d79-0a36-58b2-a01e-fce9d4329aa7,e8840ebe-202e-5cec-a30a-36024e9f1fbb,f9d1fba3-e116-5c16-abf0-9abaf40e9b53,22,22,ይህንም ቤት በምድር ላይ ስሜን በእርሱ አኖር ዘንድ ለእኔ ሠራሁ፤ ለአንተና ለዘርህም ለዘለዓለም ተሰጠች። የአብርሃምም ቤት ትባላለች።
53e8b95b-a5f3-5ea8-ac2f-1127a151c9b5,e8840ebe-202e-5cec-a30a-36024e9f1fbb,f9d1fba3-e116-5c16-abf0-9abaf40e9b53,23,23,ቤቴን ትሠራለህና፥ ስሜንም በአምላክ ፊት እስከ ዘለዓለም ታጸናለህ፥ ዘርህም፥ ስምህም በምድር ትውልድ ሁሉ ጸንቶ ይኖራል፤” ይህንም አዝዞና መርቆ ጨረሰ።
bca106ab-66f6-5ac9-aea0-90a13d71c7c1,e8840ebe-202e-5cec-a30a-36024e9f1fbb,f9d1fba3-e116-5c16-abf0-9abaf40e9b53,24,24,ሁለቱም ሁሉ በአንድ አልጋ በአንድነት ተኙ። ያዕቆብም በአባቱ አባት በአብርሃም አጠገብ ተኛ። ሰባት ጊዜም ሳመው፤ ሩኅሩኅ ልቡናውም በእርሱ ደስ አለው። በፍጹም ልቡናውም ባረከው።
bd7c6db7-0040-5463-a874-05c44661eb3e,e8840ebe-202e-5cec-a30a-36024e9f1fbb,f9d1fba3-e116-5c16-abf0-9abaf40e9b53,25,25,እንዲህም አለ፥ “ለዘለዓለም ልወርሳትና ለዘለዓለም ይባረክ ዘንድ ቅዱስ ልጅን ልወልድ ያችን ሀገር ትሰጠኝ ዘንድ ከከለዳውያን ዑር ያወጣኸኝ የሁሉ አምላክና የሁሉ ፈጣሪ ልዑል አምላክ ሆይ፥
5d6fb77f-7cc8-5cbd-adb0-e34ec38d61da,e8840ebe-202e-5cec-a30a-36024e9f1fbb,f9d1fba3-e116-5c16-abf0-9abaf40e9b53,26,26,በፍጹም ልቤና በይቅርታዬ በእርሱ ደስ የሚለኝ ልጄ ያዕቆብን ባርከው። ይቅርታህና ብዙ ቸርነትህ በዘመኑ ሁሉ በእርሱና በዘሩ ይሁን። ከዛሬ ጀምሮ እስከ ዘለዓለም ድረስ አትለየው፤ ቸልም አትበለው።
d8eb13b5-7b2f-5672-a8a5-a0556e451451,e8840ebe-202e-5cec-a30a-36024e9f1fbb,f9d1fba3-e116-5c16-abf0-9abaf40e9b53,27,27,ይጠብቁት ዘንድ፥ ትባርከውም ዘንድ፥ ለርስትህ የሚሆን ሕዝብን ትቀድሰው ዘንድ፥ በእርሱና በዘሩ ላይ ዐይኖችህ የተገለጡ ይሁኑ። ከዛሬም ጀምሮ እስከ ዘለዓለም ድረስ በበረከትህ ሁሉ ባርከው።
1c3b7fde-7d74-5ef0-aef4-aa4d8bb2571e,e8840ebe-202e-5cec-a30a-36024e9f1fbb,f9d1fba3-e116-5c16-abf0-9abaf40e9b53,28,28,ቃል ኪዳንህንና ይቅርታህን ከእርሱ ጋር፥ ከዘሩም ጋር፥ በምድር ትውልድ ሁሉ በፍጹም ፈቃድህ አድስ።” ሁለቱንም ሁሉ የያዕቆብን ጣቶች በዐይኖቹ ላይ አኖረ፤ የአማልክት አምላክን አመሰገነው፥ ፊቱንም ሸፈነ።
627a9c9c-ae45-5953-abd9-f87e7ac2b1a3,811a8f69-d682-5677-a4c0-dc4d24774e64,1dc7410e-d8f4-5489-a8b5-d57eec2f19c9,1,1,እግሩን ዘርግቶ የዘለዓለም እንቅልፍ አንቀላፋ፤ በሞትም ወደ አባቶቹ ተስበሰበ። በዚህም ሁሉ ያዕቆብ በአጠገቡ ተኝቶ ነበር፤ የአባቱ አባት አብርሃምም እንደ ሞተ አላወቀም ነበር።
fde59f72-5d0b-54f9-a3a7-dc609b94f8ca,811a8f69-d682-5677-a4c0-dc4d24774e64,1dc7410e-d8f4-5489-a8b5-d57eec2f19c9,2,2,ያዕቆብም ከእንቅልፉ ነቃ። እነሆ፥ አብርሃም ቀዘቀዘ፤ እንደ በረድም ሆነ። እርሱም፥ “አባ፥ አባ፥” አለ። የመለሰለትም ቃል አልነበረም፤ አብርሃምም እንደ ሞተ ዐወቀ።
1f696ae2-6b99-5b37-a255-b588375be3a2,811a8f69-d682-5677-a4c0-dc4d24774e64,1dc7410e-d8f4-5489-a8b5-d57eec2f19c9,3,3,ከአጠገቡም ተነሥቶ ፈጥኖ ሄደ። ለእናቱ ለርብቃም ነገራት። ርብቃም በሌሊት ወደ ይስሐቅ ሄዳ ነገረችው፤ በአንድነትም ሄዱ። ያዕቆብም ከእነርሱ ጋር ነበረ። በእጁም መብራት ይዞ ነበር። በሄዱም ጊዜ አብርሃምን ሬሳው ተጋድሞ አገኙት። ይስሐቅም በአባቱ ፊት ወድቆ አለቀሰ፤ ሳመውም።
a1d172f6-f675-5082-a937-1c2926241d49,811a8f69-d682-5677-a4c0-dc4d24774e64,1dc7410e-d8f4-5489-a8b5-d57eec2f19c9,4,4,በአብርሃምም ቤት ጩኸት ተሰማ። ልጁ ይስማኤልም ተነሥቶ ወደ አባቱ ወደ አብርሃም ሄደ፥ ለአባቱ ለአብርሃምም አለቀሰለት። እርሱና የአብርሃም ቤተ ሰብ ሁሉ ትልቅ ልቅሶን አለቀሱ። ልጆቹ ይስሐቅና ይስማኤልም ደርብ ባላት ዋሻ በሚስቱ በሳራ አጠገብ ቀበሩት። ቤተ ሰቦቹም ሁሉ አርባ ቀን አለቀሱለት።
0a2734bc-b5b5-547e-a2fc-f0e0daf6cba4,811a8f69-d682-5677-a4c0-dc4d24774e64,1dc7410e-d8f4-5489-a8b5-d57eec2f19c9,5,5,ይስሐቅና ይስማኤል፥ ልጆቻቸውም ሁሉ የኬጡራም ልጆች በቦታቸው አለቀሱለት። የአብርሃም ልቅሶ ኀዘንም ተፈጸመ።
89af15e6-27b9-5f56-a58f-c4e56d4eeb97,811a8f69-d682-5677-a4c0-dc4d24774e64,1dc7410e-d8f4-5489-a8b5-d57eec2f19c9,6,6,እርሱም ሦስት ኢዮቤልዩና አራት ሱባዔ ኖረ፤ ይኸውም መቶ ሰባ አምስት ዓመት ነው፥ በሕይወት የኖረበትም ዘመን ተፈጸመ። አረጀ፤ ዘመኑንም ፈጸመ። የቀደሙ ሰዎች በሕይወት የሚኖሩበት ዘመናቸው ዐሥራ ዘጠኝ ኢዮቤልዮች ነበሩ።
6f5f3fe5-6229-5b5d-ab0c-f66555f983c0,811a8f69-d682-5677-a4c0-dc4d24774e64,1dc7410e-d8f4-5489-a8b5-d57eec2f19c9,7,7,ከጥፋት ውኃ በኋላ ግን ከኢዮቤልዮች ለማጕደልና ፈጥኖ ለማርጀት፥ ከአብርሃም በቀር በሥራቸው ክፋት ከብዙ መከራ የተነሣ ዘመናቸውን በመሰልቸት ከዐሥራ ዘጠኝ ኢዮቤልዮች ያጐድሉ ጀመር።
806cc5b8-f601-5ef5-ab7a-dbaa2eeeb1c1,811a8f69-d682-5677-a4c0-dc4d24774e64,1dc7410e-d8f4-5489-a8b5-d57eec2f19c9,8,8,አብርሃም ግን ከእግዚአብሔር ጋር በሥራው ፍጹም ነበረና ዘመኑ ሁሉ በእውነት ደስ ያሰኘው ነበረ።
349aa707-4b40-5e46-a2d1-ddc3a360e743,811a8f69-d682-5677-a4c0-dc4d24774e64,1dc7410e-d8f4-5489-a8b5-d57eec2f19c9,9,9,እነሆም፥ ከመከራ ብዛት የተነሣ ፈጥኖ እስኪያረጅ ድረስ፥ አራቱን ኢዮቤልዮች በሕይወት አልጨረሰም። ዕድሜንም ጠገበ፥ ከዛሬ ጀምሮ እስከ ፍርድ ቀን ድረስ የሚነሡ ልጆች ሁሉ ሁለት ኢዮቤልዩ ሳይጨርሱ ፈጥነው ያረጃሉ።
35a84f67-996f-5fd3-a55c-af03b128ad98,811a8f69-d682-5677-a4c0-dc4d24774e64,1dc7410e-d8f4-5489-a8b5-d57eec2f19c9,10,10,ከእርጅናቸውም የተነሣ ዕውቀታቸው የምትለያቸው ትሆናለች፤ ፍጹም ዕውቀታቸውም ትለያቸዋለች።
2c433204-61f7-5752-a920-453f31e6432c,811a8f69-d682-5677-a4c0-dc4d24774e64,1dc7410e-d8f4-5489-a8b5-d57eec2f19c9,11,11,በዚያም ወራት ሰው አንድ ኢዮቤልዩና የኢዮቤልዩ እኩሌታ ቢኖር ስለ እርሱ፥ “ብዙ ዘመን ኖረ” ይባላል።
6d5c4fa2-411c-5afd-a74f-62493c01efcb,811a8f69-d682-5677-a4c0-dc4d24774e64,1dc7410e-d8f4-5489-a8b5-d57eec2f19c9,12,12,ነገር ግን የዘመኑ አብዛኛው በሽታ፥ ድካምና መከራ ነው፤ ሰላምም አይኖረውም፤ በመቅሠፍት ላይ መቅሠፍት፥ በቁስል ላይ ቁስል፥ በመከራ ላይ መከራ፥ በክፉ ምስክርነት ላይ ክፉ ምስክርነት፥ በበሽታ ላይ በሽታ ይሆናል።
7ef1ff1a-8b0c-5805-a3cf-b2593d3ebee5,811a8f69-d682-5677-a4c0-dc4d24774e64,1dc7410e-d8f4-5489-a8b5-d57eec2f19c9,13,13,እንደዚሁም ክፉ ፍርድ ሁሉ ይሆናል፥ ይህም ከዚህ ደዌ ጋር ነው፥ ጓታ፥ ውርጭ፥ በረድ፥ ዋግ፥ እንቅልፍ፥ ግዳጅ፥ የሆድ በሽታ፥ ድርቅ፥ ሞት፥ ሾተል፥ መማረክ፥ መቅሠፍት ሁሉ፥ መከራውም፥ ይህም ሁሉ በዝሙት ርኵሰትና በመተዳደፍ፥ በሚያስጸይፍ ሥራቸውም ምድርን በምታረክስ በዚህች ክፉ ትውልድ ላይ ይመጣል።
3713e9f0-2b79-53d1-a13a-2780f6341685,811a8f69-d682-5677-a4c0-dc4d24774e64,1dc7410e-d8f4-5489-a8b5-d57eec2f19c9,14,14,ያን ጊዜም እንዲህ ይላሉ፥ “የቀደሙ አባቶቻችን ዘመናቸው ብዙ ነበረ፤ እስከ ሺህ ዓመት ድረስ ብዙ ነበር፤ መልካምም ነበር፤።
f388f10f-a5b4-5229-a2c0-0f56ea36782e,811a8f69-d682-5677-a4c0-dc4d24774e64,1dc7410e-d8f4-5489-a8b5-d57eec2f19c9,15,15,እነሆ፥ የእኛ የሕይወታችን ዘመን ግን ሰው ብዙ ዘመን ኖረ ቢባል ሰባ ዓመት ነው፤ እጅግም ቢበዛ ሰማንያ ዓመት ነው። ሁሉም ክፉ ነው፤ በዚያችም ክፉ ትውልድ ዘመን ምንም ሰላም አይኖርም።
d13c36c0-5bc3-538c-a5f6-0dd77c6a896f,811a8f69-d682-5677-a4c0-dc4d24774e64,1dc7410e-d8f4-5489-a8b5-d57eec2f19c9,16,16,በዚያችም ትውልድ ልጆች አባቶቻቸውን፥ ሽማግሌዎቻቸውንም የሚሳደቡ ይሆናሉ። ስለ ኀጢአትና ስለ ዐመፅ፥ ስለ አንደበታቸውም አነጋገር እነርሱ ስለሚሠሩአቸው ታላላቅ ክፋቶች፥ ትእዛዙንና ሥርዐቱን፥ ሕጉንም ሁሉ ይጠብቁና ያደርጉ ዘንድ፥ በእነርሱና በእርሱ መካከል እግዚአብሔር ያደረገውን ቃል ኪዳን ስለ መተዋቸው ይሳደባሉ።
ce270acf-c135-51e2-a903-5f874f6bb54c,811a8f69-d682-5677-a4c0-dc4d24774e64,1dc7410e-d8f4-5489-a8b5-d57eec2f19c9,17,17,ሁሉም ክፉ ሥራን እስከ መሥራት ደርሰው ወደ ቀኝም ወደ ግራም ፈቀቅ አይሉም። አንደበትም ሁሉ በደልን ይናገራል። ሥራቸውም ሁሉ ርኩስ ነው፥ የሚያጸይፍም ነው። መንገዳቸውም ነውር ነው፤ የረከሰም ነው፤ ጥፋትም ነው።
44988b9e-56bd-5dd0-a663-a856a6b23d1c,811a8f69-d682-5677-a4c0-dc4d24774e64,1dc7410e-d8f4-5489-a8b5-d57eec2f19c9,18,18,“እነሆ፥ ምድር ስለ ሥራቸው ሁሉ ትጠፋለች። የወይን ዘር የላቸውም፤ ዘይትም የላቸውም፤ ሥራቸው ሁሉ ክህደት ነውና፥ አራዊትና እንስሳት፥ ወፎችና የባሕር ዓሣዎች ሁሉ ከሰው ልጆች አስቀድመው ሁሉም በአንድነት ይጠፋሉ።
e4751fee-b684-5f11-a3b5-dd79bed03ef0,811a8f69-d682-5677-a4c0-dc4d24774e64,1dc7410e-d8f4-5489-a8b5-d57eec2f19c9,19,19,እነዚህ ከእነዚህ ጋር፥ ወጣቶች ከሽማግሌዎች ጋር፥ ሽማግሌዎችም ከወጣቶች ጋር፥ ድሃ ከባለጸጋ ጋር፥ ታናሹ ከታላቁ ጋር፥ ጦም አዳሪው ከዳኛው ጋር፥ ስለ ሕግና ስለ ቃል ኪዳን ይጣላሉ።
e22d4c35-565b-5d86-a56d-5dc70a801ffc,811a8f69-d682-5677-a4c0-dc4d24774e64,1dc7410e-d8f4-5489-a8b5-d57eec2f19c9,20,20,ትእዛዙንና ቃል ኪዳኑን፥ በዓሉንና የወር መባቻውን፥ ሱባዔውንና ኢዮቤልዩን፥ ፍርዱንም ሁሉ ዘንግተዋልና፤ ከሰንከልካላ መንገዳቸው ይመልሱአቸው ዘንድ ለሰልፍ ሰይፍ ይዘው ይነሣሉ። ሕግን የሚጠብቁ ግን ብዙ ደም በምድር ላይ እስኪፈስስ ድረስ አይመለሱም። እነዚህ በእነዚህ ላይ ይነሣሉ። በጽድቅ መንገድ ያልዳኑ ሰዎች ግን ከክፋታቸው አይመለሱም።
d766a234-8177-5f92-ae99-9cc2ce23d943,811a8f69-d682-5677-a4c0-dc4d24774e64,1dc7410e-d8f4-5489-a8b5-d57eec2f19c9,21,21,እያንዳንዱ በቅሚያ ለመበልጸግ የባልንጀራውን ገንዘብ ሁሉ ይወስድ ዘንድ ይነሣሉና፤ በታላቅ ስምም ይጠራሉ። ነገር ግን በእውነት አይደለም፥ በጽድቅም አይደለም፤ በርኵሰታቸውና በጥፋታቸው በነውራቸውም ቅድስተ ቅዱሳኑን ያረክሳሉ።
ee99f97e-34f8-5b2a-a423-2956f11abfa3,811a8f69-d682-5677-a4c0-dc4d24774e64,1dc7410e-d8f4-5489-a8b5-d57eec2f19c9,22,22,“በዚያችም ትውልድ ሥራ ከእግዚአብሔር ጽኑ መቅሠፍት ይሆናል። ለሰይፍና ለቅጣት፥ ለመማረክና ለመቀማት፥ ለጥፋትም ይሰጣቸዋል፤ በእነርሱ ላይ ምሕረትና ይቅርታ የሌላቸውን የአሕዛብ ወገኖች ያስነሣባቸዋል።
8c8added-82d6-581a-a2ac-5f51beb0bb48,811a8f69-d682-5677-a4c0-dc4d24774e64,1dc7410e-d8f4-5489-a8b5-d57eec2f19c9,23,23,ከሰው ልጆች ሁሉ ይከፉ ዘንድ፥ ክፉዎችና ኀይለኞች ናቸውና ለሽማግሌም ቢሆን፥ ለሕፃንም ቢሆን፥ ለማንም ለማን ፊት አያደሉም፤ በእስራኤልም ላይ ክርክርን፥ በያዕቆብም ላይ በደልን ያደርጋሉ፤ ብዙ ደምም በምድር ላይ ይፈስሳል፤ የሚሰበስብም የለም፤ የሚቀብርም የለም።
1c900874-cd60-59f1-a9e4-b1430c4eff6e,811a8f69-d682-5677-a4c0-dc4d24774e64,1dc7410e-d8f4-5489-a8b5-d57eec2f19c9,24,24,“በዚያም ወራት ጮኸው ይጣራሉ፤ ከኀጢአተኞች ከአሕዛብ እጅ ይድኑ ዘንድ ይጸልያሉ። ነገር ግን የሚያድን የለም። የሕፃናቱም ራስ በሽበት ይነጣል። የሦስቱ ሱባዔ ሕፃንም መቶ ዘመን እንደ ሆነው ሽማግሌ ሆኖ ይታያል። ቁመታቸውም በመከራና በጭንቀት ይጐብጣል።
4a995c18-5fa3-539b-a9aa-41693d90ce80,811a8f69-d682-5677-a4c0-dc4d24774e64,1dc7410e-d8f4-5489-a8b5-d57eec2f19c9,25,25,በእነዚያም ወራቶች ልጆች ሕጉን ለመመርመር፥ ሥርዐቱንም ለመፈለግ፥ ወደ እውነት መንገድም ለመመለስ ይጀምራሉ። ቀኖችም ይበዙና ይረዝሙ ጀመር፤ የሰው ልጆችም ከትውልድ ወደ ትውልድ ይበዙ ጀመር፤ ቀናቸውም ወደ ሺህ ዓመት እስኪቀርብ ድረስ ከብዙ ቀናትም እስከ ብዙ ዓመታት እስኪቀርብ ቀን ከቀን ይበዛ ጀመር።
21d49fec-ce6d-535f-a370-d86d3d630585,811a8f69-d682-5677-a4c0-dc4d24774e64,1dc7410e-d8f4-5489-a8b5-d57eec2f19c9,26,26,ሽማግሌ የለም፤ ዕድሜንም የሚጠግብ የለም፤ ሁሉም ሕፃናትና ልጆች ይሆናሉና። ሁሉም ዘመናቸውን ይፈጽማሉ፥ በሰላምና በደስታም ይኖራሉ።
136265e1-1981-5598-a403-327c64126243,811a8f69-d682-5677-a4c0-dc4d24774e64,1dc7410e-d8f4-5489-a8b5-d57eec2f19c9,27,27,ባላጋራ አይኖርም፤ ዘመኖቻቸው ሁሉ የበረከትና የፈውስ ዘመኖች ይሆናሉና የሚያጠፋ ክፉ አይኖርም።
43db3235-aa8b-5ec9-a41d-86e5b6f53510,811a8f69-d682-5677-a4c0-dc4d24774e64,1dc7410e-d8f4-5489-a8b5-d57eec2f19c9,28,28,“ያንጊዜም እግዚአብሔር ባሪያዎቹን ያድናል፤ ይነሣሉም፥ በዓለምም ብዙ ሰላምን ያያሉ፤ ጠላቶቻቸውንም አስወጥተው ይሰዳሉ። ጻድቃንም አይተው ያመሰግናሉ። እስከ ዘለዓለም ድረስ ፈጽሞ ደስ ይላቸዋል። በጠላቶቻቸውም የተደረገውን ፍርድ ሁሉና መርገማቸውን ሁሉ ያያሉ። አጥንቶቻቸውም በምድር ያርፋሉ፤ ነፍሶቻቸውም ደስታን ያበዛሉ።
a19aed23-e919-59f3-a6d9-b5f9548946e9,811a8f69-d682-5677-a4c0-dc4d24774e64,1dc7410e-d8f4-5489-a8b5-d57eec2f19c9,29,29,ፍርድን የሚያደርግ እግዚአብሔርም እንዳለ ያውቃሉ ለሚወዱትም ሁሉ በመቶዎችና በሺሆች ለሚቈጠር ዘመን ይቅርታን ያደርጋል።
1c894f72-d104-5ac2-a1e1-f1b0d5c49bff,811a8f69-d682-5677-a4c0-dc4d24774e64,1dc7410e-d8f4-5489-a8b5-d57eec2f19c9,30,30,ሙሴ ሆይ፥ አንተም ይህን ነገር ጻፍ፤ እንዲህ ተብሎ የተጻፈ ነውና፤ ለዘለዓለም ትውልድም ሥርዐት ሊሆን በሰማይ ጽላት ይጽፋሉ።
e65b01f7-7574-511e-a66e-ba0fa210a4ac,99ad0a5b-5b57-5b22-a1df-8c32d29e00c3,cdededf6-d8c0-5250-a03e-0519f63ede30,1,1,አብርሃም ከሞተ በኋላ እንዲህ ሆነ፤ እግዚአብሔር ልጁን ይስሐቅን ባረከው፤ ከኬብሮንም ተነሥቶ ሄዶ በዚህ ኢዮቤልዩ በሦስተኛው ሱባዔ በአንደኛው ዓመት በዐዘቅተ ራእይ አጠገብ ሰባት ዓመት ኖረ።
a7fee050-e4c8-59e3-acf4-d5a53e4a09e8,99ad0a5b-5b57-5b22-a1df-8c32d29e00c3,cdededf6-d8c0-5250-a03e-0519f63ede30,2,2,በአራተኛው ሱባዔ በመጀመሪያው ዓመት በአብርሃም ዘመን ከሆነው ከቀደመው ድርቅ ሌላ በሀገሩ ሁሉ ድርቅ ሆነ። ያዕቆብ የምስር ንፍሮ ቀቀለ፥ ዔሳውም ከምድረ በዳ ርቦት መጣ።
e8647e0c-492d-542e-a8d7-2f8795f2dfcd,99ad0a5b-5b57-5b22-a1df-8c32d29e00c3,cdededf6-d8c0-5250-a03e-0519f63ede30,3,3,ወንድሙ ያዕቆብን፥ “ከዚህ ከዳቦውና ከምስሩ ወጥ ስጠኝ” አለው።
b1fe8c64-328f-524d-a7fc-3496cfcf494d,99ad0a5b-5b57-5b22-a1df-8c32d29e00c3,cdededf6-d8c0-5250-a03e-0519f63ede30,4,4,“ብኵርናህን ስጠኝ፤ እኔም ዳቦውን፥ ከዚህም ምስር ወጥ እሰጥሃለሁ” አለው።
9544fcf3-5e02-503d-adc9-156498077660,99ad0a5b-5b57-5b22-a1df-8c32d29e00c3,cdededf6-d8c0-5250-a03e-0519f63ede30,5,5,ዔሳውም በልቡ፥ “እኔ በራብ እሞታለሁ፤ ይህ ብኵርና ምን ያደርግልኛል?” አለ፥ ለያዕቆብም፥ “ብኵርናውን ሰጠሁህ” አለው።
4b22c747-5571-5590-a3dd-a71a125bfc29,99ad0a5b-5b57-5b22-a1df-8c32d29e00c3,cdededf6-d8c0-5250-a03e-0519f63ede30,6,6,ያዕቆብም፥ “አሁን ማልልኝ” አለው። እርሱም ማለለት። ያዕቆብም ለወንድሙ ለዔሳው ዳቦውንና የምስሩን ወጥ ሰጠው፤ እስኪጠግብ ድረስ በላ፤ ዔሳውም ብኵርናውን አቃለለ።
5b51c956-5f30-525a-a3df-3ce65c697b00,99ad0a5b-5b57-5b22-a1df-8c32d29e00c3,cdededf6-d8c0-5250-a03e-0519f63ede30,7,7,ስለዚህም ለበኵርናው ያዕቆብ ዳቦውንና የምስር ወጡን ስለ ሰጠው የዔሳው ስም ኤዶም ተባለ።
0241c6d5-aadf-521c-a57b-df6d06cf421c,99ad0a5b-5b57-5b22-a1df-8c32d29e00c3,cdededf6-d8c0-5250-a03e-0519f63ede30,8,8,ያዕቆብ ከበረ፤ ዔሳው ግን ከቅድምናው ተዋረደ።
c2188caa-b899-541c-abdb-365fdf3183c9,99ad0a5b-5b57-5b22-a1df-8c32d29e00c3,cdededf6-d8c0-5250-a03e-0519f63ede30,9,9,በሀገርም ድርቅ ሆነ፥ በዚህ ሱባዔ በሁለተኛው ዓመት ይስሐቅ ወደ ግብፅ ይወርድ ዘንድ መጣ፤ ወደ ፍልስጥኤሙ ንጉሥ ወደ አቤሜሌክ ወደ ጌራሮ ሄደ።
d34eaae4-483b-5b96-a804-5cf4e3f7afaf,99ad0a5b-5b57-5b22-a1df-8c32d29e00c3,cdededf6-d8c0-5250-a03e-0519f63ede30,10,10,እግዚአብሔርም ተገለጠለት እንዲህም አለው፥ “ወደ ግብፅ አትውረድ፥ እኔ ባልሁህ ሀገር ኑር፥ ወደዚያች ሀገር ሂድ፤ እኔም ከአንተ ጋር እኖራለሁ፥ ለአንተና ለዘርህ ይህችን ሀገር መላዋን እሰጥሃለሁና እባርክሃለሁ፤ ለአባትህ ለአብርሃም የማልሁለትንም መሓላ አጸናለሁ፥ ዘርህንም እንደ ሰማይ ኮከብ አበዛልሃለሁ፤ ይህችን ሀገር ሁሉ ለዘርህ እሰጣለሁ።
c36cd2cd-8d4b-5b3d-a3e8-73699cb15245,99ad0a5b-5b57-5b22-a1df-8c32d29e00c3,cdededf6-d8c0-5250-a03e-0519f63ede30,11,11,አባትህ የእኔን ነገር ስለ ሰማ ቃሌንና ትእዛዜን ሕጌንና ሥርዐቴን፥ ቃል ኪዳኔንም ስለ ጠበቀ የምድር አሕዛብ ሁሉ በዘርህ ይባረካሉ።
5c69c180-ead9-5464-ac55-6c7ac89064bf,99ad0a5b-5b57-5b22-a1df-8c32d29e00c3,cdededf6-d8c0-5250-a03e-0519f63ede30,12,12,አሁንም ቃሌንና ትእዛዜን ስማ፤ በዚችም ሀገር ኑር።” ሦስት የዓመት ሱባዔ በጌራሮ ኖረ። አቤሜሌክም ስለ እርሱና ስለ ገንዘቡ ሁሉ፥ “እርሱን፥ ገንዘቡንም የነካ ሁሉ ሞትን ይሙት” ብሎ አዘዘ።
77d257e4-2253-5f07-aa02-ba93b7f4e6fc,99ad0a5b-5b57-5b22-a1df-8c32d29e00c3,cdededf6-d8c0-5250-a03e-0519f63ede30,13,13,ይስሐቅም በፍልስጥኤም ከበረ፤ ገንዘብም በዛለት፤ ላሞችና በጎች፥ ግመሎችና አህዮችም በዙለት። ብዙ ጥሪትም ነበረው። በፍልስጥኤም ሀገርም ዘር ዘራ።
9676c2d7-9d47-5f5b-a643-5574cd355179,99ad0a5b-5b57-5b22-a1df-8c32d29e00c3,cdededf6-d8c0-5250-a03e-0519f63ede30,14,14,መቶ ዳውላ እህልም አገባ። ይስሐቅም ፈጽሞ ከበረ። የፍልስጥኤም ሰዎችም ቀኑበት። አብርሃም በሕይወት ሳለ የአብርሃም አሽከሮች የቈፈሩትን ጕድጓድ፥ አብርሃም ከሞተ በኋላ የፍልስጥኤም ሰዎች አፈር ሞልተው ደፍነውት ነበር።
3e4e612e-cca1-5e9b-a45b-54aab1f0ec6a,99ad0a5b-5b57-5b22-a1df-8c32d29e00c3,cdededf6-d8c0-5250-a03e-0519f63ede30,15,15,አቤሜሌክም ይስሐቅን፥ “ከእኛ ፈጽመህ ከብረሃልና ከእኛ ዘንድ ሂድ” አለው።
c1d23427-4beb-513a-a149-cc76a1f3d1c2,99ad0a5b-5b57-5b22-a1df-8c32d29e00c3,cdededf6-d8c0-5250-a03e-0519f63ede30,16,16,ይስሐቅም በሰባተኛው ሱባዔ በአንደኛው ዓመት ከዚያ ተነሥቶ ወደ ጌራሮ ቆላ ሄደ።
58c22d1a-dfc7-5b16-a378-9a56345ce417,99ad0a5b-5b57-5b22-a1df-8c32d29e00c3,cdededf6-d8c0-5250-a03e-0519f63ede30,17,17,የአባቱም የአብርሃም አሽከሮች የቈፈሩአቸውን፥ አባቱ አብርሃም ከሞተ በኋላ የፍልስጥኤም ሰዎች ደፍነዋቸው የነበሩትን የውኃ ምንጮች ተመልሰው ቈፈሩ። ስማቸውንም አባቱ አብርሃም ባወጣላቸው ስም ጠራቸው። የይስሐቅም አሽከሮች በፋንጋ ጕድጓዶችን ቈፈሩ፤ በዚያም የጠራ ውኃ አገኙ።
75e23b33-58e0-5035-a15e-5551ea684d08,99ad0a5b-5b57-5b22-a1df-8c32d29e00c3,cdededf6-d8c0-5250-a03e-0519f63ede30,18,18,የጌራሮ እረኞች ከይስሐቅ እረኞች ጋር፥ “ይህ ውኃ የእኛ ነው” እየተባባሉ ተጣሉ። ይስሐቅም፥ “ከእኛ ጋር ተጣልተዋልና፤” ሲል የዚያን ጕድጓድ ስም “ዕፁብ” አለው። ሌላም ጕድጓድ ቈፈሩ፤ በእርሱም ተጣሉ፤ ስሙንም “ጸብእ” አለው።
05176a92-20c5-5f92-aee8-e797ecd4eb7d,99ad0a5b-5b57-5b22-a1df-8c32d29e00c3,cdededf6-d8c0-5250-a03e-0519f63ede30,19,19,ከዚያም ተነሥተው ሄደው ሌላ ጕድጓድ ቈፈሩ፥ በእርሱ ግን አልተጣሉም፤ ስሙንም “ስፉሕ” አለው።
935f5ab6-5e7a-5e76-aecf-eeeb5eac6d27,99ad0a5b-5b57-5b22-a1df-8c32d29e00c3,cdededf6-d8c0-5250-a03e-0519f63ede30,20,20,ይስሐቅም፥ “ዛሬ እግዚአብሔር አሰፋልን፤ በምድርም ከበርን” አለ። ከዚያም በአርባ አራተኛው ኢዮቤልዩ በመጀመሪያው ሱባዔ በመጀመሪያው ዓመት ወደ ቤርሳቤህ ወጣ።
074dac67-02f0-5ab2-a662-2ac71b4a67cf,99ad0a5b-5b57-5b22-a1df-8c32d29e00c3,cdededf6-d8c0-5250-a03e-0519f63ede30,21,21,በዚያችም ሌሊት በመጀመሪያው ወር መባቻ እግዚአብሔር ተገለጠለት፤ እንዲህም አለው፥ “የአባትህ የአብርሃም አምላክ እኔ ነኝ፤ እኔ ከአንተ ጋር እኖራለሁና አትፍራ፤ አከብርሃለሁ፤ ስለ ወዳጄ ስለ አብርሃም ዘርህን እንደ ባሕር አሸዋ ፈጽሜ አበዛዋለሁ።”
426604bb-63b8-5536-ad5e-0543c48dc35c,99ad0a5b-5b57-5b22-a1df-8c32d29e00c3,cdededf6-d8c0-5250-a03e-0519f63ede30,22,22,እርሱም አባቱ አብርሃም ቀድሞ መሠዊያ በሠራበት በዚያ ቦታ መሠዊያ ሠርቶ የእግዚአብሔርን ስም ጠራ። ለአባቱ ለአብርሃም አምላክም መሥዋዕትን ሠዋ፤ ጕድጓድንም ቈፈረ፤ ጥሩ ውኃንም አገኘ።
14ae4c0b-2f16-5903-a7af-629dffbc214d,99ad0a5b-5b57-5b22-a1df-8c32d29e00c3,cdededf6-d8c0-5250-a03e-0519f63ede30,23,23,የይስሐቅም ብላቴኖች ሌላ ጕድጓድ ቈoፈሩ፤ ውኃ ግን አላገኙም። ሄደውም ውኃ እንዳላገኙ ለይስሐቅ ነገሩት።
f6642f7f-2cf4-5f2a-a046-c42b96908945,99ad0a5b-5b57-5b22-a1df-8c32d29e00c3,cdededf6-d8c0-5250-a03e-0519f63ede30,24,24,ይስሐቅም፥ “በዚች ቀን ለፍልስጥኤም ሰዎች ማልሁ፤ ይህም ነገር ለእኛ ሆነ” አለ። ለአቤሜሌክና ለሁለተኛው ለአኮዘት፥ ለጠባቂው ለፋኮልም በዚያ ምሎአልና የዚያን ቦታ ስም “ዐዘቅተ መሐላ” ብሎ ጠራው።
916218a2-6c96-5c9b-a8a1-dbdeb9b89d45,99ad0a5b-5b57-5b22-a1df-8c32d29e00c3,cdededf6-d8c0-5250-a03e-0519f63ede30,25,25,ይስሐቅም ከእነርሱ ጋር ሰላምን ለማድረግ በዚያች ቀን በግፍ እንደ ማለላቸው ዐወቀ፤ ይስሐቅም በዚያች ቀን የፍልስጥኤምን ሰዎች ረገማቸው። እንዲህም አለ፥ “በመቅሠፍትና በቍጣ ቀን የፍልስጥኤም ሰው ርጉም ነው፤ እግዚአብሔር ከአሕዛብ ሁሉ መካከል ለይቶ ለሽሙጥና ለመርገም፥ ለመቅሠፍትና ለቍጣ ይስጣቸው፤ ያጠፋቸውም ዘንድ በኀጢአተኞች አሕዛብና በኬጤኤም እጅ ይጣላቸው።
99165dfc-2fb7-5f31-aef5-981d7e7c067f,99ad0a5b-5b57-5b22-a1df-8c32d29e00c3,cdededf6-d8c0-5250-a03e-0519f63ede30,26,26,ለልጆች በዘመናቸው በምድር ላይ የዕለት ጠላትና የቈየ ጠላት ይሆኑባቸዋልና ከጠላት ሰይፍና ከኬጤኤም ያመለጡትን ጻድቃን ወገኖች ከሰማይ በታች በፍርድ ያጥፉአቸው።
2048cbb3-31c7-5692-a166-961b4cfb4f3f,99ad0a5b-5b57-5b22-a1df-8c32d29e00c3,cdededf6-d8c0-5250-a03e-0519f63ede30,27,27,የፍልስጥኤም ዘር ሁሉ ከምድር ተነቃቅሎ ለመጥፋትና ለመራቅ የተዘጋጀ ነውና ለእነርሱ የሚቀርላቸው የለም። በቍጣ ፍርድ ቀንም የሚድን የለም።
4158c355-17cb-5ef0-a622-9fb6269919e3,99ad0a5b-5b57-5b22-a1df-8c32d29e00c3,cdededf6-d8c0-5250-a03e-0519f63ede30,28,28,ላልተገረዘ ሁሉ በምድር ላይ የሚቀርለት ምንም ስምና ዘር አይኖረውም፤ እስከ ሰማይም ቢወጣ ከዚያ ይወርዳልና፥ በምድርም ቢጸና፥ ከዚያ ይነቀላልና፤ በአሕዛብም መካከል ቢሰወር ከዚያ ይጠፋልና፤
05240a69-bd09-5f80-a31d-e5fb324f7aa5,99ad0a5b-5b57-5b22-a1df-8c32d29e00c3,cdededf6-d8c0-5250-a03e-0519f63ede30,29,29,ወደ ሲኦልም ቢወርድ በዚያ ቅጣቱ ይበዛልና፤ በዚያ ምንም ሰላም የለውምና።
f4cb4405-06b7-509f-ac2b-ae689a565684,99ad0a5b-5b57-5b22-a1df-8c32d29e00c3,cdededf6-d8c0-5250-a03e-0519f63ede30,30,30,ሰውነቱን ለማጥፋት በሚፈልጉአት ሰዎች እጅ ተማርኮም ቢሄድ በጎዳና መካከል ይገድሉታልና፥ በምድር ሁሉ የሚቀርለት ስምና ዘር የለውም። ወደ ዘለዓለም መርገም ይሄዳልና።
c6f5b5c9-278a-5f34-a50c-27ee32dc9388,99ad0a5b-5b57-5b22-a1df-8c32d29e00c3,cdededf6-d8c0-5250-a03e-0519f63ede30,31,31,ከምድር ይጠፋ ዘንድ በፍርድ ቀን ለእርሱ ለማድረግ ስለ እርሱ በሰማይ ጽላት እንደዚህ ተጽፎአል፤ ተቀርጾአልም።”
c9466fa2-28ea-59bc-a02d-2e3c79130680,b277ba61-f624-54f0-adf9-c83bd23ca6eb,8d8c88f3-39d7-5108-a60e-06f32ed0db41,1,1,በዚህ ኢዮቤልዩ፥ በዚህ ሱባዔ በሁለተኛው ዓመት ርብቃ ልጅዋን ያዕቆብን ጠርታ ተናገረችው፤ እንዲህም አለችው፥ “ልጄ ሆይ፥ ከከነዓን ሴቶች ሁለት ሚስቶችን እንዳገባ እንደ ወንድምህ እንደ ዔሳው ከከነዓን ልጆች ሚስት አታግባ። ሥራቸው ሁሉ ዝሙትና መዳራት ነውና በሚያጸይፍ ሥራቸው ሁሉ ሰውነቴን አሳዘኗት፤ ሥራቸው ክፉ ነውና በእነርሱ ምንም እውነት የለም።
3303de4c-0f79-5f60-a325-aa6bf0fc5648,b277ba61-f624-54f0-adf9-c83bd23ca6eb,8d8c88f3-39d7-5108-a60e-06f32ed0db41,2,2,ልጄ ሆይ፥ እኔ እጅግ እወድሃለሁ። ልቡናዬና ቸርነቴ በቀኑ ጊዜና በሌሊቱ ጥበቃ ይመርቁሃል።
45894b91-c474-5879-abfe-6a858a2605a0,b277ba61-f624-54f0-adf9-c83bd23ca6eb,8d8c88f3-39d7-5108-a60e-06f32ed0db41,3,3,አሁንም፥ ልጄ ሆይ፥ ቃሌን ስማ፤ የእኔን የእናትህንም ፈቃድ አድርግ። ከአባትህ ቤት በቀር፥ ከአባትህም ወገን በቀር ከዚህ ሀገር ሴቶች ልጆች ሚስትን አታግባ። የምታገባትንም ከአባቴ ወገን አግባ። ልዑል አምላክም ይባርክሃል፤ ልጆችህም የእውነት ልጆች ይሆናሉ፤ ዘርህም ቅዱስ ይሆናል።”
f9acf603-5bf0-5976-a312-9a252150ebc3,b277ba61-f624-54f0-adf9-c83bd23ca6eb,8d8c88f3-39d7-5108-a60e-06f32ed0db41,4,4,ከዚህ በኋላ ያዕቆብ ከእናቱ ከርብቃ ጋራ ተነጋገረ፤ እንዲህም አላት፥ “እናቴ፥ እነሆ፥ እኔ የዘጠኝ ሱባዔ ዓመት ሰው ነኝ፤ ምንም ምን ሴት አላውቅም፤ አልዳሰስሁም፤ አላጨሁምም። ከከነዓን ወገን ልጆች ምንም ምን ሴት እንዳላገባ እንደ አዘዘኝ ከአባታችን ከአብርሃም ነገር የተነሣ አስባለሁና፥ ከከነዓን ልጆች ወገን ሁሉ ሚስት አገባ ዘንድ አላስብም። ከአባቴ ወገን ልጆች ከዘመዶች ሚስት አገባለሁና።
5797f644-be6d-5333-ad06-3c505155568f,b277ba61-f624-54f0-adf9-c83bd23ca6eb,8d8c88f3-39d7-5108-a60e-06f32ed0db41,5,5,ለወንድምሽ ለላባ ሴቶች ልጆች እንደ ተወለዱለት አስቀድሜ ሰማሁ። ከእነርሱም ሚስት አገባ ዘንድ ልቡናዬን በእነርሱ ላይ አሳረፍኩ።
208266b6-1c92-58de-a90c-8ba217d008ea,b277ba61-f624-54f0-adf9-c83bd23ca6eb,8d8c88f3-39d7-5108-a60e-06f32ed0db41,6,6,ስለዚህም እንዳልበድል፥ በመንገዴም ሁሉ በሕይወቴ ዘመን እንዳልጠፋ በሰውነቴ ተጠበቅሁ፤ ስለ መዳራትና ስለ ዝሙት አባቴ አብርሃም አብዝቶ አዝዞኛልና፥ ከዚህም ሁሉ ጋር ይህን አዝዞኛልና። ወንድሜ የሁለቱን ሚስቶቹን እኅት አንዲቱን አግባ እያለ ሲከራከረኝና ሲናገረኝ ሃያ ሁለት ዓመቱ ነው።
b12c9048-9283-5cdb-af58-388d77127a37,b277ba61-f624-54f0-adf9-c83bd23ca6eb,8d8c88f3-39d7-5108-a60e-06f32ed0db41,7,7,“እኔም ወንድሜ እንዳደረገው አደርግ ዘንድ አልወድም፤ ባለ ዘመኔ ሁሉ ከከነዓን ሴቶች ልጆች ሁሉ ሚስት እንዳላገባ፥ ወንድሜ ክፉ ሥራ እንደ ሠራ እኔም ክፉ ሥራ እንዳልሠራ በፊትሽ እምላለሁ። እናቴ፥ አትፍሪ፤ ፈቃድሽን እንደማደርግ፥ በቅንነትም እንደምሄድ፥ መንገዴንም ለዘለዓለም እንደማላጠፋ እመኚ።”
38c61441-ab0e-5169-a328-c6ce49f1c420,b277ba61-f624-54f0-adf9-c83bd23ca6eb,8d8c88f3-39d7-5108-a60e-06f32ed0db41,8,8,ከዚህም በኋላ አንገቷን ወደ ሰማይ አቀናች፤ እጆችዋንም ዘረጋች፤ አፍዋንም ከፍታ ሰማይንና ምድርን የፈጠረ ልዑል አምላክን አመሰገነችው፤ ፍጹም ምስጋናንም አቀረበችለት።
b6ef6e3b-7a89-5fed-a0ca-a7ac45b1a227,b277ba61-f624-54f0-adf9-c83bd23ca6eb,8d8c88f3-39d7-5108-a60e-06f32ed0db41,9,9,እንዲህም አለች፥ “ንጹሕ ልጅና ቅዱስ ዘርን ያዕቆብን የሰጠኝ አምላኬ እግዚአብሔር ይመስገን፤ ስሙም ለዘለዓለም ይባረክ። የአንተ ነውና በዘለዓለም ትውልድ ሁሉ እስከ ብዙ ዘመን ድረስ ልጁ ለአንተ ይሁን።
8bc4cef4-7f92-565e-ae74-1d2e309bb654,b277ba61-f624-54f0-adf9-c83bd23ca6eb,8d8c88f3-39d7-5108-a60e-06f32ed0db41,10,10,አቤቱ፥ ባርከው። እመርቀውም ዘንድ በአንደበቴ የጽድቅ በረከትን አኑር።”
75bee19a-39a2-51d0-aefb-7a354a70d7ad,b277ba61-f624-54f0-adf9-c83bd23ca6eb,8d8c88f3-39d7-5108-a60e-06f32ed0db41,11,11,ያንጊዜም መንፈስ ቅዱስ ወርዶ በአንደበቷ አናገራት፤ ሁለቱን እጆችዋንም በያዕቆብ ራስ ላይ አኖረች። እንዲህም አለች፥ “የጽድቅ ጌታ፥ የዓለማት አምላክ አንተ የተመሰገንህ ነህ።
8b54e4ba-e3bf-508c-a2b9-ace6a81c4f13,b277ba61-f624-54f0-adf9-c83bd23ca6eb,8d8c88f3-39d7-5108-a60e-06f32ed0db41,12,12,ልጄ ሆይ ከሰው ልጅ ሁሉ ለይቶ አንተን ይባርክ። የጽድቅን መንገድ ይስጥህ፤ ለዘርህም ጽድቅን ይግለጥለት፤ በሕይወትህ ሳለህም ልጆችህን ያብዛልህ፤ በዓመቱም ወሮች ቍጥር ዐሥራ ሁለት ይሁኑ። ልጆቻቸውም ይብዙ፤ ከሰማይ ከዋክብት ይልቅ ይብዙ፤ ቍጥራቸውም ከባሕር አሸዋ ይብዛ። ለአብርሃም ይሰጣት ዘንድ፥ ከእርሱም በኋላ በዘመኑ ሁሉ ለዘሩ ይሰጣቸው ዘንድ እንደ ተናገረ ያችን የተወደደች ምድር ይስጣቸው።
648137b4-825b-55e8-afc4-6b7da7508308,b277ba61-f624-54f0-adf9-c83bd23ca6eb,8d8c88f3-39d7-5108-a60e-06f32ed0db41,13,13,ለዘለዓለም እጅ አድርገው ይዘዋት ይኑሩ። ልጄ ሆይ፥ በሕይወት ሳለሁ የተባረከ ልጅን ልይ፤ ዘርህ ሁሉ የተባረከና፥ የተቀደሰ ዘር ይሁን፤ በሕይወቷ ሳለች የእናትህን ልቡና እንዳሳረፍህ የእናትህ ማኅፀን እንዲህ ትመርቅህ፤ ማኅፀኔና ጡቴ አንተን ይመርቁ፤ አፌና አንደበቴም ፈጽመው አንተን ያመስግኑ፤ ፈጽመህ ብዛ፤ በዓለሙም ሁሉ ምላ። ዘርህም በሰማይና በምድር ስፋት በዓለሙ ሁሉ ፍጹም ይሁን፤ ዘርህንም ደስ ይበለው።
72f02bb1-f027-5719-a637-4473ec3115de,b277ba61-f624-54f0-adf9-c83bd23ca6eb,8d8c88f3-39d7-5108-a60e-06f32ed0db41,14,14,በታላቅ ሰላም ቀንም ሰላም ይሁንለት። ስምህና ዘርህ እስከ ብዙ ዘመን ድረስ ይኑር፤ ልዑል አምላክም አምላካቸው ይሁን፤ የጽድቅ አምላክም ከእነርሱ ጋር ይኑር። መቅደሱም በዓለሙ ሁሉ በእነርሱ ይሠራ። የሚመርቅህ የተመረቀ ይሁን፤ በሐሰት የምትረግምህ ሰውነት ሁሉ የተረገመች ትሁን፤”
8acdd2b0-7372-5b2f-ab25-4cea8e35a604,b277ba61-f624-54f0-adf9-c83bd23ca6eb,8d8c88f3-39d7-5108-a60e-06f32ed0db41,15,15,እርሷም ሳመችው፤ እንዲህም አለችው፥ “የእናትህ ልቡና እንደሚወድህ፥ ማኅፀንዋም በአንተ ደስ እንደሚለው፥ እንደሚመርቅህም የዓለሙ ሁሉ ጌታ አንተን ይውደድህ።” ከዚያ በኋላ ከመመረቅ ዝም አለች።
3a87a996-6bad-5d7d-a456-4d5cdd4a821a,b277ba61-f624-54f0-adf9-c83bd23ca6eb,8d8c88f3-39d7-5108-a60e-06f32ed0db41,16,16,በዚህ ሱባዔ በሰባተኛው ዓመት ይስሐቅ ታላቁን ልጁን ዔሳውን ጠርቶ እንዲህ አለው፥ “ልጄ ሆይ፥ እኔ አረጀሁ፤ እነሆ፥ ዐይኖች ለማየት ፈዝዘዋል፤ የምሞትባትን ቀን አላውቅም።
e2c842c9-e92c-5e3f-a914-bcb0190f674e,b277ba61-f624-54f0-adf9-c83bd23ca6eb,8d8c88f3-39d7-5108-a60e-06f32ed0db41,17,17,አሁንም የምታድንበትን ጦርህንና ጎራንጎሬህን፥ ቀስትህንም ይዘህ ወደ ምድረ በዳ ውጣ። አደንም አድነህና አጥምደህ አምጣልኝ፤ ልጄ! ሰውነቴ የምትወድደውን መብል አዘጋጅተህ እበላ ዘንድ አምጣልኝ፤ ሳልሞትም ሰውነቴ ትመርቅህ” አለው። ርብቃም ይስሐቅ ለዔሳው ሲነግረው ነገሩን ትሰማ ነበር።
898afb89-d01f-56ae-add8-fbc2f4d39774,b277ba61-f624-54f0-adf9-c83bd23ca6eb,8d8c88f3-39d7-5108-a60e-06f32ed0db41,18,18,ዔሳውም አጥምዶ ይይዝና ለአባቱ ያመጣ ዘንድ ወደ ምድረ በዳ ገሥግሦ ሄደ።
3a3b280e-5151-5c62-a1c2-a7ebc3e62e4b,b277ba61-f624-54f0-adf9-c83bd23ca6eb,8d8c88f3-39d7-5108-a60e-06f32ed0db41,19,19,ርብቃም ልጅዋን ያዕቆብን ጠርታ እንዲህ አለችው፥ “አባትህ ይስሐቅ፦ አደን አድነህ አምጥተህ የምበላውን አዘጋጅልኝ፤ በልች ሳልሞት በእግዚአብሔር ፊት ልመርቅህ ብሎ ከወንድምህ ከዔሳው ጋር ሲነጋገር ሰማሁት።
d7920382-5d07-5c91-aeac-6cafbcb369a7,b277ba61-f624-54f0-adf9-c83bd23ca6eb,8d8c88f3-39d7-5108-a60e-06f32ed0db41,20,20,አሁንም፥ ልጄ ሆይ፥ እኔ የማዝዝህን ነገር ስማ፤ ወደ መንጋህ ሄደህ የአማሩ ሁለት የፍየል ጠቦቶችን አምጣልኝ፤ እንደሚወድደውም አድርጌ ለአባትህ ምግብ ላዘጋጃቸው፤ ሳይሞትም በእግዚአብሔር ፊት ይመርቅህ ዘንድ፥ ለአባትህ አቅርበህለት ይብላ፤ የተመረቅህም ትሆናለህ።”
0145d819-c064-50fa-a958-2cf80f8f22f9,b277ba61-f624-54f0-adf9-c83bd23ca6eb,8d8c88f3-39d7-5108-a60e-06f32ed0db41,21,21,ያዕቆብም እናቱ ርብቃን እንዲህ አላት፥ “አባቴ ስለሚበላውና ደስ ስለሚያሰኘው ሁሉ አልሸልግም። ነገር ግን እናቴ! ቃሌን እንዳያስተውለው እፈራለሁ። ይዳስሰኝም ዘንድ ይወድ ይሆናል። እኔ ጠጕር እንደሌለኝ፥ ወንድሜ ዔሳውም ጠጕራም እንደ ሆነ አንቺ ታውቂያለሽ፤ በፊቱ የምንቀውና ያላዘዘኝን የምሠራ ይመስለዋል፤ ይቈጣኛል፤ በረከትን ያይደለ ርግማንን በእኔ ላይ አመጣለሁ።”
9cd4eba8-45a0-5620-a96c-8bbf976a9191,b277ba61-f624-54f0-adf9-c83bd23ca6eb,8d8c88f3-39d7-5108-a60e-06f32ed0db41,22,22,እናቱ ርብቃም፥ “ልጄ ሆይ፥ ነገሬን ስማ እንጂ መርገምህ በእኔ ይሁን” አለችው፤ ያዕቆብም የእናቱን የርብቃን ቃል ሰማ፤ ሄዶም ያማሩና የሰቡ ሁለት የፍየል ጠቦቶችን አመጣ፤ ወደ እናቱም አቀረባቸው፤ እናቱም ይስሐቅ እንደሚወደው አድርጋ አዘጋጀቻቸው።
ccf94b61-22ba-561a-a78a-aa22ae767a61,b277ba61-f624-54f0-adf9-c83bd23ca6eb,8d8c88f3-39d7-5108-a60e-06f32ed0db41,23,23,ርብቃም የሚወደድ ከእርስዋ ዘንድ በቤቷ ያለውን የታላቁን ልጅዋን የዔሳውን ልብስ አምጥታ ለታናሹ ልጅዋ ለያዕቆብ አለበሰችው፤ የፍየሉን ጠቦት፤ ቍርበቶችንም በእጁ ላይ አኖረች፤ በሰውነቱና በአንገቱ ላይ አለበሰችው። ያዘጋጀቻቸውን ዳቦውንና ወጡንም ለልጅዋ ለያዕቆብ ሰጠችው።
35f934f9-0816-51a0-a687-7b6bf37ed1fc,b277ba61-f624-54f0-adf9-c83bd23ca6eb,8d8c88f3-39d7-5108-a60e-06f32ed0db41,24,24,ያዕቆብም ወደ አባቱ ወደ ይስሐቅ ገብቶ፥ “እኔ ልጅህ እንዳልኸኝ አደረግሁልህ፥ ተነሥተህ ተቀመጥ፤ አባቴ ሆይ፥ ሰውነትህ ትመርቀኝ ዘንድ አጥምጄ ከአመጣሁልህ ብላ” አለው።
35cdaa67-412c-59e0-a791-8502d1637dcd,b277ba61-f624-54f0-adf9-c83bd23ca6eb,8d8c88f3-39d7-5108-a60e-06f32ed0db41,25,25,ይስሐቅም ልጁን፥ “ልጄ ሆይ! እንዲህ ፈጥነህ ያመጣህበት ምክንያት ምንድን ነው?” አለው። ያዕቆብም፥ “አምላክህ በፊቴ ያስገኘልኝን አመጣሁ” አለው።
478447fd-492b-5361-ad18-ecb5ce85bb37,b277ba61-f624-54f0-adf9-c83bd23ca6eb,8d8c88f3-39d7-5108-a60e-06f32ed0db41,26,26,ይስሐቅም፥ “አንተ ልጄ ዔሳው እንደ ሆንህ፥ እንዳይደለህም ቅረበኝ፤ ልዳስህ” አለው።
d7137344-eacd-5c17-a47e-e913282f0c84,b277ba61-f624-54f0-adf9-c83bd23ca6eb,8d8c88f3-39d7-5108-a60e-06f32ed0db41,27,27,ያዕቆብም ወደ አባቱ ወደ ይስሐቅ ቀረበ፤ ዳሰሰውም። “ቃልህስ የያዕቆብን ቃል ይመስላል፤ እጆችህ ግን የዔሳውን እጆች ይመስላሉ” አለው፤
f4eedd0d-dd2a-5eaf-af34-847e1a5d1f3b,b277ba61-f624-54f0-adf9-c83bd23ca6eb,8d8c88f3-39d7-5108-a60e-06f32ed0db41,28,28,ከእግዚአብሔር ታዝዞ ልቡናው ወደ ያዕቆብ የሚመለስበት ጊዜ ነውና አላወቀውም።
926dc6f3-b3b6-5de7-aad4-61273822257d,b277ba61-f624-54f0-adf9-c83bd23ca6eb,8d8c88f3-39d7-5108-a60e-06f32ed0db41,29,29,ይመርቀውም ዘንድ እጆቹ እንደ ዔሳው እጆች ጠጕራም ናቸውና ይስሐቅ አላወቀም።
03d82cb1-e554-59ba-a4ab-83074ca36c83,b277ba61-f624-54f0-adf9-c83bd23ca6eb,8d8c88f3-39d7-5108-a60e-06f32ed0db41,30,30,“አንተ ልጄ ዔሳው ነህን?” አለው፤ እሱም፥ “አዎ፥ እኔ ልጅህ ዔሳው ነኝ” አለው። “ሰውነቴ ትመርቅህ ዘንድ ልጄ አድነህ ካመጣኸው አቅርብልኝ ልብላ” አለው።
3bb09ac6-8d76-5034-a0ab-9045cbb4c9b0,b277ba61-f624-54f0-adf9-c83bd23ca6eb,8d8c88f3-39d7-5108-a60e-06f32ed0db41,31,31,መብሉንም አቀረበለትና በላ። ወይንንም አቀረበለትና ጠጣ።
63af8507-a623-5945-a184-1774a531468b,b277ba61-f624-54f0-adf9-c83bd23ca6eb,8d8c88f3-39d7-5108-a60e-06f32ed0db41,32,32,አባቱ ይስሐቅም፥ “ልጄ ሆይ! ቀርበህ ሳመኝ” አለው።
7a722fc2-ab85-5c77-a1ac-d11a9a8eda90,b277ba61-f624-54f0-adf9-c83bd23ca6eb,8d8c88f3-39d7-5108-a60e-06f32ed0db41,33,33,ቀርቦም ሳመው። ደስ የሚያሰኝ የልብሱን መዓዛ አሸተተ። መረቀውም። እንዲህም አለ፥ “እነሆ፥ የልጄ የልብሱ መዓዛ እግዚአብሔር እንደ ባረከው እንደ መስክ መዓዛ ነው። እግዚአብሔር ይስጥህ፤ ከሰማይ ጠልና ከምድር ጠል ያብዛህ፤ ስንዴውንና ዘይቱን ያብዛልህ።
2ccf0502-0337-5741-a6d1-4f3b30d4be0a,b277ba61-f624-54f0-adf9-c83bd23ca6eb,8d8c88f3-39d7-5108-a60e-06f32ed0db41,34,34,አሕዛብ ይገዙልህ፤ ሕዝቡም ይስገዱልህ፤ ለወንድምህም ጌታ ሁነው፤ የእናትህም ልጆች ይስገዱልህ። እግዚአብሔር እኔን የባረከባቸው፥ አባቴ አብርሃምንም የባረከባቸው በረከቶች ሁሉ ለአንተ ይሁኑህ፤ እስከ ዘለዓለምም ድረስ ለልጆችህ ይሁኑ። የሚረግምህ የተረገመ ነው፥ የሚመርቅህም የተመረቀ ነው” አለው።
0007e1d2-d0f1-55f0-aab0-c41a0ffb0987,b277ba61-f624-54f0-adf9-c83bd23ca6eb,8d8c88f3-39d7-5108-a60e-06f32ed0db41,35,35,ይስሐቅ ልጁን ያዕቆብን መርቆት ከጨረሰ በኋላ እንዲህ ሆነ።
ab3a358e-a0f5-5ba8-a06b-db3fc48543af,b277ba61-f624-54f0-adf9-c83bd23ca6eb,8d8c88f3-39d7-5108-a60e-06f32ed0db41,36,36,ከወጣም በኋላ እንዲህ ሆነ፤ ያዕቆብም ከአባቱ ከይስሐቅ ዘንድ ወጥቶ ተሸሸገ። ወንድሙ ዔሳው ግን ከአደኑ ደረሰ፤ እርሱም መብልን አዘጋጅቶ ለአባቱ አቀረበ፤ አባቱንም፥ “አባቴ ሆይ፥ ሰውነትህ ትመርቀኝ ዘንድ አደን አድኜ ከአመጣሁልህ ተነሥ ብላ” አለው።
1f24e39b-ef7f-5f7a-a451-db3f050452d6,b277ba61-f624-54f0-adf9-c83bd23ca6eb,8d8c88f3-39d7-5108-a60e-06f32ed0db41,37,37,አባቱ ይስሐቅም፥ “አንተ ማን ነህ?” አለው። “እኔ የበኵር ልጅህ ዔሳው ነኝ፤ እንዳዘዝኸኝ አደረግሁ” አለው።
b789d848-24c3-541c-a938-b5c1aa676354,b277ba61-f624-54f0-adf9-c83bd23ca6eb,8d8c88f3-39d7-5108-a60e-06f32ed0db41,38,38,ይስሐቅም እጅግ ፈጽሞ ተደነቀ፥ “አደን አድኖ አምጥቶልኝ አንተ ሳትመጣ ከሁሉ በልች የመረቅሁት ይህ ማን ነው? የተመረቀ ይሁን፤ ዘሩም እስከ ዘለዓለም ድረስ የተመረቀ ይሁን” አለው።
353956e6-d9ea-58be-ae7e-b8486cac6cc4,b277ba61-f624-54f0-adf9-c83bd23ca6eb,8d8c88f3-39d7-5108-a60e-06f32ed0db41,39,39,ዔሳውም የአባቱን የይስሐቅን ነገር በሰማ ጊዜ እንዲህ ሆነ። በታላቅ ቃል እጅግ ምርር ብሎ ጮኸ፤ አባቱን፥ “አባቴ ሆይ፥ እኔንም መርቀኝ” አለው።
5d300d56-02ab-505e-a6b8-73cb7f6d4714,b277ba61-f624-54f0-adf9-c83bd23ca6eb,8d8c88f3-39d7-5108-a60e-06f32ed0db41,40,40,“ወንድምህ በተንኰል መጥቶ በረከትህን ወሰደብህ፤” አለው።
ab101c9a-c896-5f48-a6b4-5b196276479c,b277ba61-f624-54f0-adf9-c83bd23ca6eb,8d8c88f3-39d7-5108-a60e-06f32ed0db41,41,41,“ያዕቆብ ተብሎ በተጠራበት ስሙ እንዳሰነካከለኝ ዛሬ ዐወቅሁ። እነሆ፥ ይህ ሁለተኛው ነው። ቀድሞ ብኵርናዬን ወሰደብኝ፤ ዛሬም በረከቴን ወሰደብኝ፤ አባቴ፥ ምርቃትን አላስቀረህልኝምን?” አለ።
e1bde305-bb90-589f-aee7-a58be9dbab09,b277ba61-f624-54f0-adf9-c83bd23ca6eb,8d8c88f3-39d7-5108-a60e-06f32ed0db41,42,42,ይስሐቅም ለዔሳው እንዲህ ብሎ መለሰለት፥ “እነሆ፥ ለአንተ ጌታ አድርጌ ሾምሁት፤ ወንድሞቹንም ሁሉ ተገዢ ይሆኑት ዘንድ ሰጠሁት። ወይኑንና ስንዴውን፥ ዘይቱንም በማብዛት አፀናሁት። ልጄ ሆይ፥ ዛሬ ለአንተ ምን ላድርግልህ?”
f98db6b3-938a-55dc-afc8-9155ab9429b9,b277ba61-f624-54f0-adf9-c83bd23ca6eb,8d8c88f3-39d7-5108-a60e-06f32ed0db41,43,43,ዔሳውም አባቱ ይስሐቅን፥ “አባቴ፥ በረከትህ አንዲት ብቻ ናትን? አባቴ ሆይ፥ እኔንም ባርከኝ” አለው። ዔሳውም ቃሉን አሰምቶ አለቀሰ።
5c67d08b-00e0-54af-a6fc-d545834f466e,b277ba61-f624-54f0-adf9-c83bd23ca6eb,8d8c88f3-39d7-5108-a60e-06f32ed0db41,44,44,ይስሐቅም መለሰለት እንዲህም አለው፥ “እነሆ፥ ኑሮህ ከምድር ጠል፥ በላይም ከሰማይ ጠል ይሁን፥ በሰይፍህም ኑር፤ ለወንድምህ ተገዛ።
9593d27c-b087-52c6-ab81-240c564e903c,b277ba61-f624-54f0-adf9-c83bd23ca6eb,8d8c88f3-39d7-5108-a60e-06f32ed0db41,45,45,እምቢ ብትል ግን፥ ቀንበሩንም ከአንገትህ ብታርቅ ያንጊዜ ለሞት የሚያበቃ በደልን ሁሉ ትበድላለህ። ዘርህም ሁሉ ከሰማይ በታች ይጠፋል።”
d30a3879-4e77-57a5-af48-84f64a27b6d6,b277ba61-f624-54f0-adf9-c83bd23ca6eb,8d8c88f3-39d7-5108-a60e-06f32ed0db41,46,46,ዔሳውም አባቱ ስለ መረቀው ምርቃት ያዕቆብን ይጣላው ነበር። በልቡም እንዲህ አለ፥ “የአባቴ የልቅሶው ቀን አሁን ይደርሳል፤ ወንድሜ ያዕቆብን እገድለዋለሁ።” የታላቁ ልጅዋ የዔሳውም ነገር ለርብቃ በሕልም ተነገራት።
7db6df18-8b75-57f7-abb8-1e25320f7d82,b277ba61-f624-54f0-adf9-c83bd23ca6eb,8d8c88f3-39d7-5108-a60e-06f32ed0db41,47,47,ርብቃም ልካ ታናሹን ልጅዋን ያዕቆብን ጠራችው፤ እንዲህም አለችው፥ “እነሆ፥ ወንድምህ ዔሳው ይገድልህ ዘንድ ቂም ይዞአል፤ አሁንም፥ ልጄ ሆይ፥ ቃሌን ስማ፤ ተነሥተህ ወደ ወንድሜ ወደ ላባ ወደ ካራን ሽሽ፤ የወንድምህ ቍጣ እስኪመለስ ድረስ ጥቂት ቀን ከእርሱ ጋር ተቀመጥ። ከአንተ ቍጣውን ይተዋል፤ ያደረግኸውንም ይረሳዋል፤ እኔም ልኬ በዚያ እቀበልሃለሁ።”
e7044b0e-d623-5ab3-a1dd-a5b6e9909096,b277ba61-f624-54f0-adf9-c83bd23ca6eb,8d8c88f3-39d7-5108-a60e-06f32ed0db41,48,48,ያዕቆብም፥ “አልፈራም፤ ይገድለኝ ዘንድ ቢወድድም እገድለዋለሁ” አለ።
2b24b386-77b5-556e-a28e-da8887ed204a,b277ba61-f624-54f0-adf9-c83bd23ca6eb,8d8c88f3-39d7-5108-a60e-06f32ed0db41,49,49,“ሁለታችሁን ልጆችን ሁሉ በአንዲት ቀን አጥቼ የወላድ መካን እንዳልሆን ሂድ” አለችው።
1aa47121-aaa8-5d05-ae03-2f95cc432844,b277ba61-f624-54f0-adf9-c83bd23ca6eb,8d8c88f3-39d7-5108-a60e-06f32ed0db41,50,50,ያዕቆብም እናቱን ርብቃን እንዲህ አላት፥ “አባቴ እንደ አረጀ እነሆ፥ አንቺ ታውቂያለሽ፤ ዐይኖቹም ፈዝዘዋልና አያይም።
eb8322ef-d73d-50da-ad8c-23d1166b230a,b277ba61-f624-54f0-adf9-c83bd23ca6eb,8d8c88f3-39d7-5108-a60e-06f32ed0db41,51,51,ከእናንተ ተለይቼ ትቼው ብሄድ በፊቱ ክፉ ይሆናል፤ አባቴም ተቈጥቶ ይረግመኛልና አልሄድም፤ ቢያሰናብተኝ ግን ያንጊዜ እሄዳለሁ፤” አላት።
b5f3105e-fc78-593a-ad9f-84c2429f9e17,b277ba61-f624-54f0-adf9-c83bd23ca6eb,8d8c88f3-39d7-5108-a60e-06f32ed0db41,52,52,ርብቃም ያዕቆብን፥ “እኔ ገብች እነግረዋለሁ፤ ያሰናብትሃልም” አለችው።
a2bae680-3356-54fd-a84e-03b2f27d0cc2,b277ba61-f624-54f0-adf9-c83bd23ca6eb,8d8c88f3-39d7-5108-a60e-06f32ed0db41,53,53,ርብቃም ወደ ይስሐቅ ገብታ ይስሐቅን እንዲህ አለችው፥ “ዔሳው ለእርሱ ሚስት አድርጎ ከአገባቸው ከሁለቱ ከኬጢ ልጆች የተነሣ ኑሮዬን ጠላሁ፤ ያዕቆብ እንደነዚህ ከአሉ ከሀገሪቱ ሴቶች ልጆች ለእርሱ ሚስት ከአገባ የከነዓን ሴቶች ልጆች ክፉዎች ናቸውና እንደ ምን እኖራለሁ?”
a6eed647-b9b9-54fc-a725-75b61dda032e,b277ba61-f624-54f0-adf9-c83bd23ca6eb,8d8c88f3-39d7-5108-a60e-06f32ed0db41,54,54,ይስሐቅም ልጁን ያዕቆብን ጠርቶ መረቀው፤ መከረውም፥ “ከከነዓን ሴቶች ልጆች ሁሉ ሚስት አታግባ፥ ተነሥተህ ወደ መስጴጦምያ ወደ እናትህ አባት ወደ ባቱኤል ቤት ሂድ፤
c13f8ff5-f3a7-5c6e-a01f-6837bd90ff7e,b277ba61-f624-54f0-adf9-c83bd23ca6eb,8d8c88f3-39d7-5108-a60e-06f32ed0db41,55,55,ከዚያም ከእናትህ ወንድም ከላባ ሴቶች ልጆች ሚስት አግባ። የሰማይ አምላክ ይባርክህ። ፈጽሞም ያብዛህ። የአሕዛብ ጌታ ሁን። ተሰድደህ ትኖርባት የነበረች ሀገርን፥ እግዚአብሔርም ለአብርሃም የሰጣትን ምድር ሁላ ትወርሳት ዘንድ የአባቴን የአብርሃምን በረከት ለአንተና ከአንተም በኋላ ለዘርህ ይስጥህ። ልጄ ሆይ፥ በሰላም ሂድ” አለው፥
9cb907e4-38eb-5e2f-a17a-dc879c6a8e1e,b277ba61-f624-54f0-adf9-c83bd23ca6eb,8d8c88f3-39d7-5108-a60e-06f32ed0db41,56,56,ይስሐቅም ያዕቆብን አሰናበተው። ወደ ያዕቆብ እናት ወደ ርብቃ ወንድም ወደ ሶርያዊው ሰው ወደ ባቱኤል ልጅ ወደ ላባ ዘንድ ወደ መስጴጦምያ ሄደ።
9779c367-cff9-57e2-a211-9ef87874e453,b277ba61-f624-54f0-adf9-c83bd23ca6eb,8d8c88f3-39d7-5108-a60e-06f32ed0db41,57,57,ያዕቆብ ወደ መስጴጦምያ ለመሄድ ከተነሣ በኋላ እንዲህ ሆነ። ልጅዋ ከሄደ በኋላ የርብቃ ልብዋ አዝኖ ታለቅስ ነበር።
8a41f1ef-6209-599c-a79c-19f6b0e09fc9,b277ba61-f624-54f0-adf9-c83bd23ca6eb,8d8c88f3-39d7-5108-a60e-06f32ed0db41,58,58,ይስሐቅም ርብቃን፥ “እኅቴ ሆይ ስለ ልጂሽ ስለ ያዕቆብ አታልቅሺ። በሰላም ሄዶ በሰላም ይመለሳልና፤ ልዑል አምላክም ከክፉ ሁሉ ይጠብቀዋልና፤ ከእርሱም ጋር ይኖራል፤ በዘመኑም ሁሉ አይለየውም፤ ወደ እኛ በሰላም እስኪመለስ ድረስ በሄደበት ሁሉ ጎዳናው እንዲቀናለት አውቃለሁና።
7fda2f57-6396-5f01-af82-ee57f2fa3ad8,b277ba61-f624-54f0-adf9-c83bd23ca6eb,8d8c88f3-39d7-5108-a60e-06f32ed0db41,59,59,በሰላም እናየዋለን፤ እኅቴ ሆይ፥ ስለ እርሱ አትፍሪ። እርሱ በመንገዱ የቀና ነውና፥ ፍጹምም ነውና፤ የታመነ ሰውም ነውና፤ አይወድቅምና አታልቅሺ” አላት። ይስሐቅም ስለ ልጅዋ ስለ ያዕቆብ ርብቃን ያረጋጋት ነበር። እርሱንም መረቀው።
31384bf0-f5e0-50bc-ac05-db10f06d7de9,331ac20c-40a5-521d-ae96-0a8ec09f1bc3,bc5674c4-9288-50f7-a7d3-263108c4c8da,1,1,ያዕቆብ በአርባ አራተኛው ኢዮቤልዩ በሁለተኛው ሱባዔ በመጀመሪያው ዓመት ወደ ካራን ይሄድ ዘንድ ከዐዘቅተ መሐላ ወጣ። በተራራ ወዳለች ወደ ሎዛም ደረሰ። ይህችውም ቤቴል ናት።
9d731aca-0ccb-58ad-af5d-34db9dd5e52b,331ac20c-40a5-521d-ae96-0a8ec09f1bc3,bc5674c4-9288-50f7-a7d3-263108c4c8da,2,2,በዚህ ሱባዔ በመጀመሪያው ወር መባቻ በመሸ ጊዜ ወደ ቦታው ደረሰ። በዚያችም ሌሊት ከመንገዱ ወደ ምዕራብ አለፍ አለ። ፀሐይ ገብቶ ነበርና በዚያ ተኛ። ከዚያ ቦታ ድንጋዮችም አንድ ድንጋይ አምጥቶ በዚያ ዛፍ ሥር አኖረው። እርሱም ብቻውን ይሄድ ነበር።
275f5713-810d-5e23-af58-0a01fcf43c1a,331ac20c-40a5-521d-ae96-0a8ec09f1bc3,bc5674c4-9288-50f7-a7d3-263108c4c8da,3,3,በዚያችም ሌሊት ተኝቶ ሳለ ሕልምን አየ። እነሆ፥ መሰላል በምድር ላይ ተተክላ ጫፍዋ እስከ ሰማይ ደርሶ፥ እነሆ፥ የእግዚአብሔር መላእክት ሲወጡባትና ሲወርዱባት፥ እነሆም፥ እግዚአብሔር በውስጥዋ ተቀምጦ አየ።
f21a69d0-2311-5315-a380-8c112aa8f69d,331ac20c-40a5-521d-ae96-0a8ec09f1bc3,bc5674c4-9288-50f7-a7d3-263108c4c8da,4,4,ከያዕቆብም ጋር ተነጋገረ። እንዲህም አለ፥ “የአባትህ የአብርሃም አምላክ የይስሐቅም አምላክ እኔ ነኝ። ይህችን አንተ የተኛህባትን ምድር ለአንተ፥ ከአንተም በኋላ ለዘርህ እሰጣታለሁ። ዘርህም እንደ ባሕር አሸዋ ይሆናል። በምዕራብና በምሥራቅ፤ በሰሜንና በደቡብ ትበዛለህ። የአሕዛብም ሀገሮች ሁሉ በአንተና በዘርህ ይባረካሉ፥
2e609187-ccbe-53b5-a348-b9ba9d782db1,331ac20c-40a5-521d-ae96-0a8ec09f1bc3,bc5674c4-9288-50f7-a7d3-263108c4c8da,5,5,እነሆ፥ እኔም ከአንተ ጋር እኖራለሁ፤ ሁልጊዜም እጠብቅሃለሁ። ያልሁህን ሁሉ እስካደርግልህ ድረስ አልለይህምና ከሄድህበት ወደዚህች ሀገር በሰላም እመልስሃለሁ።”
ba4a141f-363e-5cbc-a29a-a25300167ad7,331ac20c-40a5-521d-ae96-0a8ec09f1bc3,bc5674c4-9288-50f7-a7d3-263108c4c8da,6,6,ያዕቆብም ተኝቶ ነበር። እንዲህም አለ፥ “ይህ ቦታ በእውነት የእግዚአብሔር ቤት ነው፤ እኔ ግን አላወቅሁም ነበር” አለ
2600e08e-b0fd-52d5-a202-e0cee649f80e,331ac20c-40a5-521d-ae96-0a8ec09f1bc3,bc5674c4-9288-50f7-a7d3-263108c4c8da,7,7,እርሱም ፈራ እንዲህም አለ፥ “ይህ ቦታ ግሩም ነው፥ የእግዚአብሔር ቤት ነው እንጂ ምንም ተራ ቦታ አይደለም። ይህችም የሰማይ ደጃፍ ናት” አለ።
ba8888b2-9b98-5fb9-a5b9-c4b136dee441,331ac20c-40a5-521d-ae96-0a8ec09f1bc3,bc5674c4-9288-50f7-a7d3-263108c4c8da,8,8,ያዕቆብም ሲነጋ ገሥግሦ ተነሥቶ፥ በራስጌው ትራስ አድርጎ ያኖረውን ድንጋይ ወሰደ፤ ለምልክትም ሐውልት አድርጎ አቆመው፥ በራሱም ላይ ዘይትን አፈሰሰበት።
819fced4-6bbe-51ff-af18-2aef3e71cdc8,331ac20c-40a5-521d-ae96-0a8ec09f1bc3,bc5674c4-9288-50f7-a7d3-263108c4c8da,9,9,የዚያንም ቦታ ስም ቤቴል አለው። ቀድሞ ግን የሀገሩ ስም ሎዛ ነበረ።
5c77931d-d6ca-5d7e-a6fb-0ee94be0ccda,331ac20c-40a5-521d-ae96-0a8ec09f1bc3,bc5674c4-9288-50f7-a7d3-263108c4c8da,10,10,ያዕቆብም ለእግዚአብሔር እንዲህ ብሎ ስእለት ተሳለ፤ “እግዚአብሔር ከእኔ ጋር ቢኖር፥ እኔ በምሄድባትም በዚህች መንገድ ቢጠብቀኝ፥ እበላ ዘንድ እንጀራን ቢሰጠኝ፥ እለብስም ዘንድ ልብስን ቢሰጠኝ፥ ወደ አባቴም ቤት በሰላም ብመለስ፥ እግዚአብሔር አምላኬ ይሆነኛል።
b7c1ba43-1603-5f40-ad0b-22808265253c,331ac20c-40a5-521d-ae96-0a8ec09f1bc3,bc5674c4-9288-50f7-a7d3-263108c4c8da,11,11,ይህም በዚህ ቦታ ለምልክት ሐውልት አድርጌ ያቆምሁት ድንጋይ የእግዚአብሔር ቤት ይሆናል፤ ከዚህም ከሰጠኸኝ ሁሉ እኔ ለአንተ ለአምላኬ ዐሥራት እሰጣለሁ።”
c0850b74-ff9c-577c-a7e1-855bdc073ef1,331ac20c-40a5-521d-ae96-0a8ec09f1bc3,bc5674c4-9288-50f7-a7d3-263108c4c8da,12,12,እግሩንም አንሥቶ ወደ መስጴጦምያ ወደ ምሥራቅ ወደ ርብቃ ወንድም ወደ ላባ ተጓዘ።
3fe45929-0e0a-522c-a6ab-f54e1ae99edf,331ac20c-40a5-521d-ae96-0a8ec09f1bc3,bc5674c4-9288-50f7-a7d3-263108c4c8da,13,13,ከእርሱም ጋር ኖረ፤ ስለ ልጁ ስለ ራሔልም አንድ ሱባዔ ተገዛለት፤ በሦስተኛው ሱባዔ በመጀመሪያው ዓመት፥ “ስለ እርስዋ ለአንተ ሰባት ዓመት የተገዛሁላትን ሚስቴን ስጠኝ” አለው።
0a94fb38-97d3-57a3-a6c3-862e9e8e58a7,331ac20c-40a5-521d-ae96-0a8ec09f1bc3,bc5674c4-9288-50f7-a7d3-263108c4c8da,14,14,ላባም ያዕቆብን፥ “እኔ ሚስትህን እሰጥሃለሁ” አለው። ላባም ሰርግ አደረገ፤ ትልቂቱን ልጁን ልያን ወስዶ ለያዕቆብ ሚስት ትሆነው ዘንድ ሰጠው፤ የምታገለግላት ባሪያውን ዘለፋንም ሰጣት።
3b7d34a2-a84c-513c-a2f0-8b1c62586f94,331ac20c-40a5-521d-ae96-0a8ec09f1bc3,bc5674c4-9288-50f7-a7d3-263108c4c8da,15,15,ያዕቆብ ግን ራሔል መስላዋለችና አላወቀም ነበር፤ ወደ እርስዋም ገባ፤ እርስዋ ግን እነሆ ልያ ነበረች።
7a1809f9-9fa2-545c-a466-c46b256badf8,331ac20c-40a5-521d-ae96-0a8ec09f1bc3,bc5674c4-9288-50f7-a7d3-263108c4c8da,16,16,ያዕቆብም በላባ ተቈጣ። “የተገዛሁልህ ስለ ልያ ያይደለ፤ ስለ ራሔል አይደለምን? ለምን እንዲህ አደረግኸኝ? ለምንስ በደልኽኝ? ልጅህን ውሰድ፤ በእኔ ክፉ አድርገሃልና እኔ እሄዳለሁ” አለው።
0b975df7-60fe-5dc4-a995-a9abce706030,331ac20c-40a5-521d-ae96-0a8ec09f1bc3,bc5674c4-9288-50f7-a7d3-263108c4c8da,17,17,የልያ ዐይንዋ ልም ነበረና ያዕቆብ ከልያ ይልቅ ራሔልን ይወድ ነበር፤ ነገር ግን መልክዋ እጅግ መልካም ነበረ። ራሔል ግን ዐይነ መልካም ነበረች፤ መልክዋም ያማረ እጅግ ደመ ግቡ ነበረች።
a90a6560-f505-5ff7-a0d5-4072401d70c7,331ac20c-40a5-521d-ae96-0a8ec09f1bc3,bc5674c4-9288-50f7-a7d3-263108c4c8da,18,18,ላባም ያዕቆብን እንዲህ አለው፥ “እንዲህ አይደለም፤ በሀገራችን ታላቂቱ ሳለች ታናሽቱን መስጠት የለም። ይህንም ማድረግ አግባብ አይደለም። ታላቂቱ ሳለች ታናሽቱን ልጁን የሚሰጥ እንደሌለ በሰማይ ጽላት እንዲህ ታውቆአል፤ ተጽፎአልም፤ ታላቂቱን ልጅ አስቀድሞ ይሰጣል። ከእርስዋም በኋላ ታናሽቱን ይሰጣልና።
5332cb45-bd49-5608-ab89-4a470a3fb174,331ac20c-40a5-521d-ae96-0a8ec09f1bc3,bc5674c4-9288-50f7-a7d3-263108c4c8da,19,19,እንዲህ በሚያደርግም ሰው ስለ እርሱ በደልን በሰማይ ጽላት ይጽፉበታል።
3f661d23-c721-5dc6-a50c-9693d7fc430c,331ac20c-40a5-521d-ae96-0a8ec09f1bc3,bc5674c4-9288-50f7-a7d3-263108c4c8da,20,20,ይህ ሥራ በእግዚአብሔር ፊት ክፉ ነውና ይህን ሥራ የሚሠራ ሰው የሚጸድቅ አይደለም።
18091229-1725-5438-a7d5-e545fc85db69,331ac20c-40a5-521d-ae96-0a8ec09f1bc3,bc5674c4-9288-50f7-a7d3-263108c4c8da,21,21,አንተም ለእስራኤል ልጆች፦ እጅግ ክፉ ነውና ይህን ነገር እንዳያደርጉ፤ አስቀድመው ታላቂቱን ሳይሰጡ ታናሽቱን እንዳይሰጡ እዘዝ።
f23a9d0f-c89d-5f32-ad3d-484ab5e8eb9b,331ac20c-40a5-521d-ae96-0a8ec09f1bc3,bc5674c4-9288-50f7-a7d3-263108c4c8da,22,22,ላባም ያዕቆብን፥ “የዚህች የሰርግዋ በዓል ሰባቱ ቀን ይለፍ። ዳግመኛም ሰባት ዓመት ትገዛልኝ ዘንድ፥ በመጀመሪያው ሱባዔ እንዳደረግህ በጎችን ትጠብቅልኝ ዘንድ ራሔልን እሰጥሀለሁ” አለው።
8290985d-3b4f-577c-a952-264cafe41e17,331ac20c-40a5-521d-ae96-0a8ec09f1bc3,bc5674c4-9288-50f7-a7d3-263108c4c8da,23,23,የልያ ሰርግ በዓል ሰባቱ ቀን በአለፈ ጊዜ ሁለተኛ ሰባት ዓመት ይገዛለት ዘንድ ላባ ለያዕቆብ ራሔልን ሰጠው። ለራሔልም የዘለፋን እኅት ባላን አገልጋይ ትሆናት ዘንድ ሰጣት። ልያ በብላሽ ተሰጥታለችና ስለ ራሔል ዳግመኛ ሰባት ዓመት ተገዛ።
9593cdcf-ba62-52ca-a879-91289eda0399,331ac20c-40a5-521d-ae96-0a8ec09f1bc3,bc5674c4-9288-50f7-a7d3-263108c4c8da,24,24,እግዚአብሔርም የልያን ማኅፀን ከፈተ፤ ፀነሰች፤ ለያዕቆብም ወንድ ልጅን ወለደች፤ በሦስተኛው ሱባዔ በመጀመሪያው ዓመት በዘጠነኛው ወር በዐሥራ አራተኛው ቀን ስሙን ሮቤል አለው።
7f71a8eb-6ce4-5589-a457-524e30f882d4,331ac20c-40a5-521d-ae96-0a8ec09f1bc3,bc5674c4-9288-50f7-a7d3-263108c4c8da,25,25,እግዚአብሔርም ልያ እንደምትጠላ፥ ራሔል ግን እንደምትወደድ አይቶአልና የራሔል ማኅፀን ተዘጋ።
f2d22b4a-768f-56e2-a78f-a1e3a27ae4a2,331ac20c-40a5-521d-ae96-0a8ec09f1bc3,bc5674c4-9288-50f7-a7d3-263108c4c8da,26,26,ያዕቆብም ዳግመኛ ወደ ልያ ገባ፤ ፀነሰች፤ ሁለተኛም ወንድ ልጅን ወለደችለት፤ ስሙንም በዐሥረኛው ወር በሃያ አንደኛው ቀን ስምዖን አለው።
8b047c54-efeb-5176-a091-d8a62b6e3014,331ac20c-40a5-521d-ae96-0a8ec09f1bc3,bc5674c4-9288-50f7-a7d3-263108c4c8da,27,27,በዚህ ሱባዔ በሦስተኛው ዓመት ያዕቆብ ዳግመኛ ወደ ልያ ገባ፤ ፀነሰች፥ ሦስተኛ ወንድ ልጅንም ወለደችለት፤ በመጀመሪያው ወር መባቻ ስሙን ሌዊ አለው።
907aba55-a8e6-532a-a41c-608a7276d09f,331ac20c-40a5-521d-ae96-0a8ec09f1bc3,bc5674c4-9288-50f7-a7d3-263108c4c8da,28,28,በዚህ ሱባዔ በስድስተኛው ዓመት ያዕቆብ ዳግመኛ ወደ ልያ ገባ፤ ፀነሰች፤ አራተኛ ወንድ ልጅንም ወለደችለት፤ በአራተኛው ሱባዔ በሦስተኛው ወር በዐሥራ አምስተኛው ቀን በመጀመሪያው ዓመት ስሙን ይሁዳ አለው።
b135dd61-4493-53ff-a184-b788e39137bd,331ac20c-40a5-521d-ae96-0a8ec09f1bc3,bc5674c4-9288-50f7-a7d3-263108c4c8da,29,29,እርስዋ አትወልድም ነበርና በዚህ ሁሉ ራሔል በልያ ትቀና ነበር። ያዕቆብንም፥ “ልጅ ስጠኝ” አለችው።
c5b31b83-9fbe-5dcb-ab7e-a3a8f1068b7e,331ac20c-40a5-521d-ae96-0a8ec09f1bc3,bc5674c4-9288-50f7-a7d3-263108c4c8da,30,30,ያዕቆብም፥ “የማኅፀንሽን ፍሬ የከለከልሁሽ እኔ ነኝን? እኔ አስተውሁሽን?” አላት።
68bd5c4d-7857-52c1-a69a-26f8d1092614,331ac20c-40a5-521d-ae96-0a8ec09f1bc3,bc5674c4-9288-50f7-a7d3-263108c4c8da,31,31,ራሔልም ልያ ለያዕቆብ አራት ልጆች ሮቤልንና ስምዖንን፥ ሌዊንና ይሁዳን እንደ ወለደች ባየች ጊዜ፥ “ወደ ባሪያዬ ወደ ባላን ግባ፤ ትፀንሳለች፤ ወንድ ልጅንም ትወልድልኛለች” አለችው።
b0dff9f1-b0f2-5b17-a3b4-95504f600ec3,331ac20c-40a5-521d-ae96-0a8ec09f1bc3,bc5674c4-9288-50f7-a7d3-263108c4c8da,32,32,ያዕቆብም ወደ ባላን ገባ፤ እርስዋም ፀነሰች፤ ወንድ ልጅንም ወለደችለት፤ በሦስተኛው ሱባዔ በስድስተኛው ዓመት በስድስተኛው ወር በዘጠነኛው ቀን ስሙን ዳን አለው።
57cf09a5-faae-585a-a94d-147d237b5559,331ac20c-40a5-521d-ae96-0a8ec09f1bc3,bc5674c4-9288-50f7-a7d3-263108c4c8da,33,33,ያዕቆብም ዳግመኛ ወደ ባላን ገባ፤ እርስዋም ፀነሰች፤ ለያዕቆብም ዳግመኛ ወንድ ልጅን ወለደችለት። በአራተኛው ሱባዔ በሁለተኛው ዓመት በሰባተኛው ወር በአምስተኛው ቀን ራሔል ስሙን ንፍታሌም አለችው።
0e57790a-9822-5d00-afa1-6d2d9696161e,331ac20c-40a5-521d-ae96-0a8ec09f1bc3,bc5674c4-9288-50f7-a7d3-263108c4c8da,34,34,ልያም እንደ መከነች፥ ልጅም እንደማትወልድ በአየች ጊዜ እርስዋ በራሔል ቀናች፤ እርስዋም አገልጋይዋን ዘለፋን ለያዕቆብ ሚስት ትሆነው ዘንድ ሰጠችው። እርስዋም ጸነሰች፤ ወንድ ልጅንም ወለደችለት። በአራተኛው ሱባዔ በሦስተኛው ዓመት በስምንተኛው ወር በዐሥራ ሁለተኛው ቀን ስሙን ጋድ አለችው።
7664620a-4f16-5c80-af30-ad659ba92a71,331ac20c-40a5-521d-ae96-0a8ec09f1bc3,bc5674c4-9288-50f7-a7d3-263108c4c8da,35,35,ዳግመኛም ወደ እርስዋ ገባ፤ እርስዋም ፀነሰች፤ ሁለተኛ ወንድ ልጅንም ወለደችለት፤ በአራተኛው ሱባዔ በአምስተኛው ዓመት በዐሥራ አንደኛው ወር በሁለተኛው ቀን ልያ ስሙን አሴር አለችው።
fa7833a6-aad4-5fc9-a95c-89aa596b041e,331ac20c-40a5-521d-ae96-0a8ec09f1bc3,bc5674c4-9288-50f7-a7d3-263108c4c8da,36,36,ያዕቆብም ወደ ልያ ገባ፤ እርስዋም ፀነሰች፤ ለያዕቆብም ወንድ ልጅን ወለደችለት፤ በአራተኛው ሱባዔ በአራተኛው ዓመት በአምስተኛው ወር በአራተኛው ቀን ስሙን ይሳኮር አለችው፤ ለሞግዚትም ሰጠችው።
cb5193e2-0906-5097-a679-aea6b4bd2912,331ac20c-40a5-521d-ae96-0a8ec09f1bc3,bc5674c4-9288-50f7-a7d3-263108c4c8da,37,37,ያዕቆብም ዳግመኛ ወደ እርስዋ ገባ፤ ፀነሰች፤ ወንድና ሴት ሁለት ልጆችን ወለደችለት። በአርባ አራተኛው ኢዮቤልዩ በስድስተኛው ሱባዔ በሰባተኛው ዓመት በሰባተኛው ወር የወንዱን ስም ዛብሎን አለችው፤ የሴቲቱን ስም ዲና አለቻት።
706e4090-680c-5b46-a98d-7ea8fcf41506,331ac20c-40a5-521d-ae96-0a8ec09f1bc3,bc5674c4-9288-50f7-a7d3-263108c4c8da,38,38,እግዚአብሔርም ራሔልን ይቅር አላት፤ ማኅፀንዋም ተከፈተ፤ ፀነሰችም ወንድ ልጅንም ወለደች፤ በአራተኛው ሱባዔ በስድስተኛው ዓመት በአራተኛው ወር መባቻ ስሙን ዮሴፍ አለችው።
9be4896e-886e-5f12-a0de-9de20c34585b,331ac20c-40a5-521d-ae96-0a8ec09f1bc3,bc5674c4-9288-50f7-a7d3-263108c4c8da,39,39,ዮሴፍም በተወለደ ጊዜ ያዕቆብ ላባን፥ “ሚስቶችንና ልጆችን ስጠኝ፤ ወደ አባቴ ወደ ይስሐቅ ልሂድ፤ ስለ ሁለቱ ልጆችህ ለአንተ የተገዛሁላቸውን ዘመኖች ፈጽሜአለሁና ቤት እሠራለሁ፤ ወደ አባቴም ቤት እሄዳለሁ” አለው።
f93c62d5-553e-5006-aad5-d848621a2657,331ac20c-40a5-521d-ae96-0a8ec09f1bc3,bc5674c4-9288-50f7-a7d3-263108c4c8da,40,40,ላባም ያዕቆብን፥ “በደመወዝህ ከእኔ ጋር ተቀመጥ፤ ዳግመኛም መንጋዎችን ጠብቅልኝ፤ ደመወዝህንም ውሰድ፤” አለው።
b34306e6-f597-50f8-af14-a3aeec1a19d1,331ac20c-40a5-521d-ae96-0a8ec09f1bc3,bc5674c4-9288-50f7-a7d3-263108c4c8da,41,41,አመድማ፥ ዥንጕርጕር፥ ነጭ ሆኖ የተወለደው ደመወዝ ሊሆነው ከፍየሉ ጠቦትና ከበጉ ጠቦት፥ በጉን ሁሉ ደመወዝ ይሰጠው ዘንድ እርስ በርሳቸው ተዋዋሉ።
f773d414-26e5-5c8c-aa31-d74ffea12df0,331ac20c-40a5-521d-ae96-0a8ec09f1bc3,bc5674c4-9288-50f7-a7d3-263108c4c8da,42,42,በጎቹም ሁሉ ምልክት ያለውን ሁሉ አመድማውን፥ ዥንጕርጕሩን ይወልዱ ጀመር። ዳግመኛም በጎቹ በእነዚያ አምሳል ይወልዱ ጀመር። ምልክት ያለው ሁሉ ለያዕቆብ፥ ምልክት የሌለውም ለላባ ሆነ።
0bd14539-de7f-5015-a4ba-f434207ed28c,331ac20c-40a5-521d-ae96-0a8ec09f1bc3,bc5674c4-9288-50f7-a7d3-263108c4c8da,43,43,የያዕቆብም ገንዘቡ እጅግ በዛ፤ ላሙንና በጉን፥ አህያውንና ግመሉን ገዛ። ወንድ ልጅንና ሴት ልጅን ወለደ።
b970099e-bc18-5d54-a095-f1e71e824dd4,331ac20c-40a5-521d-ae96-0a8ec09f1bc3,bc5674c4-9288-50f7-a7d3-263108c4c8da,44,44,ላባና ልጆቹም በያዕቆብ ቀኑበት። ላባም በጎቹን ከእርሱ ሰበሰበ፤ በክፉ አስተያየትም ይመለከተው ጀመር።
cacddc49-46fa-53aa-adbd-6326cd4754c6,331ac20c-40a5-521d-ae96-0a8ec09f1bc3,bc5674c4-9288-50f7-a7d3-263108c4c8da,45,45,ራሔልም ዮሴፍን ከወለደች በኋላ እንዲህ ሆነ፤ ላባ በጎቹን ይሸልት ዘንድ ሄደ። የሦስት ቀን ጎዳና ያህል ከእርሱ ርቀው ነበሩ።
3fb1f5d9-f388-5735-a9ef-fc25370b314b,331ac20c-40a5-521d-ae96-0a8ec09f1bc3,bc5674c4-9288-50f7-a7d3-263108c4c8da,46,46,ያዕቆብም ላባ በጎቹን ይሸልት ዘንድ እንደሚሄድ አይቶ ልያንና ራሔልን ጠርቶ ከእርሱ ጋር ወደ ከነዓን ይመጡ ዘንድ ከልባቸው የሚገባ ነገር ነገራቸው። በሕልም ያየውን ሁሉ፥ ወደ አባቱም ቤት ይመለስ ዘንድ የነገረውን ሁሉ ነግሮአቸዋልና።
6de55c58-2ecd-507d-aa61-87b53e643b97,331ac20c-40a5-521d-ae96-0a8ec09f1bc3,bc5674c4-9288-50f7-a7d3-263108c4c8da,47,47,እነርሱም፥ “ወደምትሄድበት ቦታ ሁሉ ከአንተ ጋር እንሄዳለን” አሉት።
5e645b20-496a-5c78-ac53-9033afbf6b5d,331ac20c-40a5-521d-ae96-0a8ec09f1bc3,bc5674c4-9288-50f7-a7d3-263108c4c8da,48,48,ያዕቆብም የአባቱን የይስሐቅን አምላክ የአያቱን የአብርሃምን አምላክ አመሰገነው።
6fdec52f-f2a9-5fa3-ae2a-f0a45fbc063d,331ac20c-40a5-521d-ae96-0a8ec09f1bc3,bc5674c4-9288-50f7-a7d3-263108c4c8da,49,49,ተነሥቶም ሚስቶቹንና ልጆቹን በበቅሎ አስቀመጠ፤ ገንዘቡንም ሁሉ ያዘ። ወንዙንም ተሻግሮ ወደ ገለዓድ ምድር ደረሰ።
e1b5af01-0f76-5f75-aa1f-0f3bd422a47e,331ac20c-40a5-521d-ae96-0a8ec09f1bc3,bc5674c4-9288-50f7-a7d3-263108c4c8da,50,50,ያዕቆብም ለላባ አሳቡን ሰወረው፤ አልነገረውም። በአራተኛው ሱባዔ በሰባተኛው ዓመት በመጀመሪያው ወር በሃያ አንደኛው ቀን ያዕቆብ ወደ ገለዓድ ተመለሰ። ላባም በኋላው ተከተለው።
d2edc44d-a4b6-5cfd-a27f-19024111b462,331ac20c-40a5-521d-ae96-0a8ec09f1bc3,bc5674c4-9288-50f7-a7d3-263108c4c8da,51,51,በሦስተኛው ወር በዐሥራ ሦስተኛው ቀን ያዕቆብን በገለዓድ ተራራ አገኘው። በሕልም ሌሊት ተናግሮታልና ላባ በያዕቆብ ላይ ክፉ ነገርን ያደርግ ዘንድ እግዚአብሔር አላሰናበተውም፤ ላባም ለያዕቆብ ነገረው።
31b77772-7cfe-5f86-a652-48ff0b34ff68,331ac20c-40a5-521d-ae96-0a8ec09f1bc3,bc5674c4-9288-50f7-a7d3-263108c4c8da,52,52,በዚያም ወር በዐሥራ አምስተኛው ቀን ያዕቆብ ለላባ፥ ከእርሱም ጋር ለመጡ ሰዎች ሁሉ ፍሪዳ አረደ።
3268b92f-c87f-5665-afd3-b22942d4a68a,331ac20c-40a5-521d-ae96-0a8ec09f1bc3,bc5674c4-9288-50f7-a7d3-263108c4c8da,53,53,አንዱም አንዱን በተንኰል እንዳይፈልገው በዚያች ቀን በገለዓድ ተራራ ያዕቆብ ለላባ ማለለት፤ ላባም ለያዕቆብ ማለለት። በዚያም ምስክር ይሆን ዘንድ ኮረብታን ሠራ፤ ስለዚህም የዚያ ቦታ ስም “ፍስሐተ ስምዕ” ተባለ፤
9fe10b71-0449-502e-a472-2c1cd2ea7e31,331ac20c-40a5-521d-ae96-0a8ec09f1bc3,bc5674c4-9288-50f7-a7d3-263108c4c8da,54,54,ቀድሞ የገለዓድ ምድር የራፋኢም ምድር ተብሎ ይጠራ ነበር፤ የራፋኢም ምድር ነበረና። ቁመታቸው ዐሥር ክንድ፥ ዘጠኝ ክንድም፥ ሰባት ክንድም፥ ስምንት ክንድም የሚሆኑ የራፋኢም ልጆች ተወለዱ። መኖሪያቸውም ከአሞን ልጆች ሀገር ጀምሮ እስከ ኤርሞን ተራራ ድረስ ነበር።
7e660b9b-fdcc-5970-a2eb-35755e4f6488,331ac20c-40a5-521d-ae96-0a8ec09f1bc3,bc5674c4-9288-50f7-a7d3-263108c4c8da,55,55,የመንግሥታቸውም ከተማ ቆሬናኤምና አስጣሮስ፥ አድራኦና ሜሱር፥ ቢዖንም ነበሩ። እነርሱ እጅግ ክፉዎች ነበሩና ከክፉ ሥራቸው የተነሣ እግዚአብሔር አጠፋቸው።
eb5d01cb-98db-51fc-a94f-a239bfbde9fb,331ac20c-40a5-521d-ae96-0a8ec09f1bc3,bc5674c4-9288-50f7-a7d3-263108c4c8da,56,56,ስለ እነርሱ ፋንታ ክፉ ኀጢአተኛ የሚሆን አሞሬዎን በሀገራቸው ኖረ። ዛሬ የእነርሱን ኀጢአት ሁሉ የፈጸመ ሰው የለም። ከዚህም በኋላ በምድር የዘመን ብዛት የላቸውም።
0e78a266-8bea-56d3-aea3-d8ff9cf42a37,331ac20c-40a5-521d-ae96-0a8ec09f1bc3,bc5674c4-9288-50f7-a7d3-263108c4c8da,57,57,ያዕቆብም ላባን አሰናበተው፤ ወደ ምሥራቅ ምድር መስጴጦምያ ሄደ። ያዕቆብም ወደ ገለዓድ ምድር ተመለሰ። በዘጠነኛው ወር ከወሩም በዐሥራ አንደኛው ቀን ኢያቦቅን ተሻገረ። በዚያም ቀን ወንድሙ ዔሳው ወደ እርሱ ደረሰና ተወቃቀሱ።
0b0359c8-6076-5aa3-a4ae-dd65d3346ae0,331ac20c-40a5-521d-ae96-0a8ec09f1bc3,bc5674c4-9288-50f7-a7d3-263108c4c8da,58,58,ከእርሱም ተለይቶ ወደ ሰዒር ምድር ሄደ። ያዕቆብ ግን በድንኳን አደረ።
dd92f7fa-2529-5ae0-a924-16341653126c,331ac20c-40a5-521d-ae96-0a8ec09f1bc3,bc5674c4-9288-50f7-a7d3-263108c4c8da,59,59,በዚህ ኢዮቤልዩ በአምስተኛው ሱባዔ በመጀመሪያው ዓመት ዮርዳኖስን ተሻግሮ በዮርዳኖስ ማዶ አደረ። በኮረብታው አጠገብ ከአለ ባሕር ጀምሮ እስከ ዶታንና እስከ ቤተ ሶን ድረስ፥ እስከ ዖመ አቅራቢትም ድረስ በጎቹን ያሰማራ ነበር። ለአባቱ ለይስሐቅም ከገንዘቡ ልብሱንና ምግቡን፥ ሥጋውንና መጠጡን፥ ወተቱንና ቅቤውን፥ ዳቦውንም፥ ከቆላውም ተምር ሁሉ ይሰድ ነበር።
3fac5769-6d89-593f-a7d2-11c92073638c,331ac20c-40a5-521d-ae96-0a8ec09f1bc3,bc5674c4-9288-50f7-a7d3-263108c4c8da,60,60,ለእናቱ ለርብቃም በዐሥራ ሁለቱ ወር ጊዜዎች መካከል፥ በዘርና በአዝመራ መካከል፥ በበልግና በመከር፥ በክረምትና በበጋ መካከል በዓመት አራት ጊዜ ወደ አብርሃም ድንኳን ይልክላት ነበር።
53d1ef7f-2cc2-51fa-abc0-5eab4577f17a,331ac20c-40a5-521d-ae96-0a8ec09f1bc3,bc5674c4-9288-50f7-a7d3-263108c4c8da,61,61,ይስሐቅም ከዐዘቅተ መሐላ ተመልሶ ወደ አባቱ ወደ አብርሃም ድንኳን ወጥቶ ነበረና፤ ከልጁ ከዔሳው ተለይቶ በዚያ ኖረ።
9a79b96e-08d2-5a44-a2e5-baf78a4dd536,331ac20c-40a5-521d-ae96-0a8ec09f1bc3,bc5674c4-9288-50f7-a7d3-263108c4c8da,62,62,ያዕቆብም ወደ መስጴጦምያ በሄደ ጊዜ ዔሳው ማአሊትን ሚስት አድርጎ አገባ። ይህችውም የይስማኤል ልጅ ናት። የአባቱን መንጋዎች ሁሉና ሚስቶቹንም ሰበሰበ።
bd5c8ef5-22e5-510a-a0ac-2bb5568c863c,331ac20c-40a5-521d-ae96-0a8ec09f1bc3,bc5674c4-9288-50f7-a7d3-263108c4c8da,63,63,ወጥቶም በሴይር ተራራ ኖረ። አባቱን ይስሐቅንም በዐዘቅተ መሐላ ብቻውን ተወው።
ce0c11bd-7c2f-531d-a222-90b7deaa23dc,331ac20c-40a5-521d-ae96-0a8ec09f1bc3,bc5674c4-9288-50f7-a7d3-263108c4c8da,64,64,ይስሐቅም ከዐዘቅተ መሐላ ወጥቶ በኬብሮን ተራራ በአባቱ በአብርሃም ግንብ ኖረ።
3e7e8f47-a1ca-5d88-a93f-6e485f941518,331ac20c-40a5-521d-ae96-0a8ec09f1bc3,bc5674c4-9288-50f7-a7d3-263108c4c8da,65,65,ከዚያም ያዕቆብ ለእናቱና ለአባቱ ሁሉን ይሰድ የነበረውን በየጊዜውም የፈለጉትን ሁሉ ይልክ ነበር።
eff9e7fa-3bfb-533e-a36a-0841fc8b4bea,331ac20c-40a5-521d-ae96-0a8ec09f1bc3,bc5674c4-9288-50f7-a7d3-263108c4c8da,66,66,ያዕቆብንም በፍጹም ልቡናቸው፥ በፍጹም ነፍሳቸውም ይመርቁት ነበር። በስድስተኛው ሱባዔ በመጀመሪያው ዓመት ወደ ሰቂማ ምሥራቅ ወደ ሳሌም በአራተኛው ወር በሰላም ወጣ።
d0c21f03-d0a3-5bfb-a980-0b444a072f6d,54bb72d4-d103-5d1a-a655-19aa4212ce4e,b5d32c98-fab7-560d-a986-328a981b53c0,1,1,በዚያም የያዕቆብን ልጅ ዲናን ወደ ሀገሩ ገዥ ወደ ኤውያዊው ሰው ወደ ኤሞር ልጅ ወደ ሴኬም ቤት ነጥቀው ወሰዱአት። ከእርስዋም ጋር ተኛ፤ አስነወራትም፤ እርስዋም የዐሥራ ሁለት ዓመት ትንሽ ልጅ ነበረች። ሚስትም ሆና ትሰጠው ዘንድ ከአባቷና ከወንድሞችዋ ማለደ።
af71ff88-e5b0-50ff-acef-87ef0d703ea1,54bb72d4-d103-5d1a-a655-19aa4212ce4e,b5d32c98-fab7-560d-a986-328a981b53c0,2,2,ያዕቆብም ተቈጣ። እኅታቸውንም ዲናን አስነውረዋታልና ልጆቹ በሰቂማ ሰዎች ተቈጡ፤ ከእነርሱም ጋር በተንኰል ተናገሩ፤ አታልለውም በዘበዙአቸው።
db9be231-e5ee-5516-af50-7255f62b86aa,54bb72d4-d103-5d1a-a655-19aa4212ce4e,b5d32c98-fab7-560d-a986-328a981b53c0,3,3,ስምዖንና ሌዊ ድንገት ወደ ሰቂማ ገብተው በሰቂማ ሰዎች ሁሉ ቅጣትን አደረጉ።
d93b0107-c35e-5c21-a97f-624fbdf969d9,54bb72d4-d103-5d1a-a655-19aa4212ce4e,b5d32c98-fab7-560d-a986-328a981b53c0,4,4,በውስጥዋም ያገኙትን ሰው ሁሉ ገደሉ። አንድ ሰው ስንኳን አላስቀሩም። ቈስለውም ሳሉ ሁሉን ገደሉ፤ እኅታቸውን ዲናን አስነውረዋልና።
d969b65b-acb7-56aa-a1ed-3b3f8f36b139,54bb72d4-d103-5d1a-a655-19aa4212ce4e,b5d32c98-fab7-560d-a986-328a981b53c0,5,5,ከእንግዲህ ወዲህ ከዛሬ ጀምሮ የእስራኤልን ልጅ ለማስነወር እንዲህ አታድርጉ። በእስራኤል ኀፍረትን ስለአደረጉ የሰቂማን ሰዎች ሁሉ በሰይፍ ያጠፏቸው ዘንድ በሰማይ ጽላት በእነርሱ ቅጣት ተጽፎአልና።
c15e30f6-07c7-5567-ac39-6b4e91f11883,54bb72d4-d103-5d1a-a655-19aa4212ce4e,b5d32c98-fab7-560d-a986-328a981b53c0,6,6,በሰይፍ ያጠፉአቸው ዘንድ፥ በእነርሱም ላይ ቅጣትን ያደርጉ ዘንድ፥ የእስራኤልን ድንግል ማስነወር በእስራኤል ዘንድ ከእንግዲህ ወዲህ እንዲህ እንዳይደረግ እግዚአብሔር በያዕቆብ ልጆች እጅ ጣላቸው።
f5eac7aa-782c-5341-ae11-9851f5fd2539,54bb72d4-d103-5d1a-a655-19aa4212ce4e,b5d32c98-fab7-560d-a986-328a981b53c0,7,7,በእስራኤል ዘንድ ልጁንም ቢሆን፥ እኅቱንም ቢሆን ከአሕዛብ ልጆች ለተወለደ ሰው ሁሉ ይሰጥ ዘንድ የወደደ ሰው ቢኖር፥ ሞትን ይሙት። ኀጢአትን ሠርቶአልና፥ በእስራኤልም ዘንድ ኀፍረትን አድርጎአልና በድንጋይ ደብድበው ይግደሉት።
570e5e50-5232-5b72-a961-ead483b0b0e3,54bb72d4-d103-5d1a-a655-19aa4212ce4e,b5d32c98-fab7-560d-a986-328a981b53c0,8,8,ሴቲቱንም የአባቷን ወገን ስም አስነቅፋለችና በእሳት ያቃጥሏት፤ ከእስራኤልም ተለይታ ትጥፋ። እስራኤል ለእግዚአብሔር የተቀደሰ ነውና በምድር ትውልድ ዘመን ሁሉ በእስራኤል ዘንድ ሴሰኛ ኀጢአተኛም አይገኝ።
bbfce58b-117c-5464-a755-951fe0b1771d,54bb72d4-d103-5d1a-a655-19aa4212ce4e,b5d32c98-fab7-560d-a986-328a981b53c0,9,9,ነውር የሠራ ሰው ሁሉ ሞትን ይሙት፤ በድንጋይም ይደብድቡት። ስለ እስራኤልም ልጆች ሁሉ በሰማይ ጽላት እንዲህ ተሠርቶአል፤ ተጽፎአልምና የእስራኤልን ልጅ የሚያስነውር ሁሉ ሞትን ይሙት፤ በድንጋይም ይደብድቡት።
c4a68793-c990-59aa-a5c0-6eaf09951b5c,54bb72d4-d103-5d1a-a655-19aa4212ce4e,b5d32c98-fab7-560d-a986-328a981b53c0,10,10,ለዚህም ሕግ የተወሰነ ዘመን የለውም፤ የሚተውበትም የለም። ልጁን ለጣዖት ሰጥቶአልና፥ ራሱንም ለማሳደፍ እግዚአብሔርን በድሎአልና በእስራኤል ሁሉ ዘንድ ልጁን ያስነወረ ሰው ይጠፋል እንጂ ይቅር የሚባልበት የለም።
4c1bbc80-1d3f-5d7b-a8d5-ae542daf63fe,54bb72d4-d103-5d1a-a655-19aa4212ce4e,b5d32c98-fab7-560d-a986-328a981b53c0,11,11,አንተም ሙሴ! የእስራኤልን ልጆች እዘዛቸው። ከልጆቻቸውም ለአሕዛብ እንዳያጋቡ፥ ከአሕዛብም ልጆች እንዳያገቡ በእነርሱ ላይ አዳኝባቸው፤ በእግዚአብሔር ፊት የተናቀ ነውና።
8c49ecf6-16ef-5c2d-af61-a5da5cfd4416,54bb72d4-d103-5d1a-a655-19aa4212ce4e,b5d32c98-fab7-560d-a986-328a981b53c0,12,12,ስለዚህ ነገር የሕጉን ነገር፥ በዲና ላይ ያደረጉትን የሰቂማን ሰዎች ሥራ ሁሉ፥ የያዕቆብም ልጆች፥ “ለእኛ ስድባችን ነውና እኅታችንን ላልተገረዘ ሰው አንሰጥም” ብለው እንደ ተናገሩ ጻፍሁልህ።
4382e5b1-a443-5aab-a149-7a424681259b,54bb72d4-d103-5d1a-a655-19aa4212ce4e,b5d32c98-fab7-560d-a986-328a981b53c0,13,13,ልጃቸውን ለአሕዛብ ልጆች ለሚሰጡ፥ ከአሕዛብም ልጆች ሚስትን ለሚያገቡ ለእስራኤል ስድብ ነውና፥ ርኩስም ነውና፥ ለእስራኤልም የተናቀ ነውና።
0bdeacde-8b61-5f5f-af07-4ee53a87d4fa,54bb72d4-d103-5d1a-a655-19aa4212ce4e,b5d32c98-fab7-560d-a986-328a981b53c0,14,14,ከአሕዛብም ልጆች ሚስት ያለው፥ ከልጆቹም ከአሕዛብ ወገን ለተወለደ ሰው የሰጠ እስራኤል ከዚህ ኀጢአት አይነጻም። በመቅሠፍት ላይ መቅሠፍት፥ በመርገም ላይ መርገም፥ ቅጣትም፥ መቅሠፍትም፥ መርገምም ሁሉ ይመጣባታልና።
c730ac6b-bf17-5806-af97-2cd1ee1a7aa6,54bb72d4-d103-5d1a-a655-19aa4212ce4e,b5d32c98-fab7-560d-a986-328a981b53c0,15,15,ይህንም ነገር ቢያደርግ ኀጢአት ከሚሠሩ ከእነዚህ ወገኖች በዐይኖቹ አይቶ ቸል ቢል፥ የእግዚአብሔርንም ማደሪያ ከሚያጐሳቍሉ፥ የከበረ ስሙንም ከሚያሳድፉ ወገን አይቶ ቸል ቢል፥ ስለዚች ኀጢአትና ስለዚች ሁሉ በደል ሕዝቡ ሁሉ በአንድነት ይጠፋሉ።
4d10ddd0-9b0e-5659-a8b1-11e015620d25,54bb72d4-d103-5d1a-a655-19aa4212ce4e,b5d32c98-fab7-560d-a986-328a981b53c0,16,16,ፊት መመለስ የለም። ፊት አይቶ ማድላት የለም። በጎ መዓዛ አድርጎ ይቀበለው ዘንድ መሥዋዕቱንና ቀዳምያቱን፥ ስቡንና የሚጤሰውን ከእጁ መቀበል የለም።
e85fa340-850f-5877-a4e7-18ac729e808d,54bb72d4-d103-5d1a-a655-19aa4212ce4e,b5d32c98-fab7-560d-a986-328a981b53c0,17,17,ወንድም ቢሆን፥ ሴትም ብትሆን፥ በእስራኤል ዘንድ ሰውነቱን በኀጢአት የሚያሳድፍ አይሁን። ስለዚህ ነገር ይህችን ምስክር በእስራኤል አሰማባቸው ብዬ አዘዝሁህ።
3454767c-ddf0-594d-afcd-a00048f31ed7,54bb72d4-d103-5d1a-a655-19aa4212ce4e,b5d32c98-fab7-560d-a986-328a981b53c0,18,18,በሰቂማና በልጆችዋ የተደረገውን፥ በሁለቱ በያዕቆብ ልጆች ለጥፋት እንደ ተሰጠች፥ ታመው ሳሉ እንዳጠፉአቸው፥ ጽድቅ ሆኖ እንደ ተቈጠረላቸው እይ።
52acebc0-0567-5e33-aca0-678e221ed53a,54bb72d4-d103-5d1a-a655-19aa4212ce4e,b5d32c98-fab7-560d-a986-328a981b53c0,19,19,እነርሱም ለጽድቅ እንደ ተቈጠሩ የሌዊም ልጅ ለክህነት እንደ ተመረጠ፥ እኛ በዘመኑ ሁሉ እንዳገለገልን፥ ሌዋውያንም በእግዚአብሔር ፊት ያገለግሉ ዘንድ እንደ ተመረጡ እይ። እውነት ነገርን ይሠራ ዘንድ፥ ፍርድንም ይፈርድ ዘንድ፥ በእስራኤል ላይ በጠላትነት ከሚነሡ ብድራትን ይመልስ ዘንድ ቀንቶአልና ሌዊ ይባረክ፤ ልጆቹ ለዘለዓለም ይባረኩ።
de42b0eb-d57f-52d3-aaa8-e4f83c6a3c23,54bb72d4-d103-5d1a-a655-19aa4212ce4e,b5d32c98-fab7-560d-a986-328a981b53c0,20,20,በሰማይ ጽላት ምስክር ሊሆን ወደ ሁሉ አምላክ ጽድቅንና በረከትን እንዲህ ያቀርቡለታል። ሰው በሕይወት ሳለ የሠራውን ጽድቅ እናስባለን። በዓመት በዓመት በሚመላለሱ ጊዜያት ሁሉ እስከ ሺህ ትውልድ ድረስ ያቀርባሉ። በረከት ይመጣለታል፥ ከእርሱም በኋላ ለልጆቹ።
09b92b26-6db8-546e-ae15-de9519879755,54bb72d4-d103-5d1a-a655-19aa4212ce4e,b5d32c98-fab7-560d-a986-328a981b53c0,21,21,በሰማይ ጽላት የእግዚአብሔር ወዳጅ ደግ ሰውም ተብሎ ተጻፈ። ይህን ሁሉ ነገር ጻፍሁልህ። ኀጢአት እንዳይሠሩ፥ ከሥርዐትም እንዳይተላለፉ፥ ይሠሩአት ዘንድ፥ ይጽፉአትም ዘንድ፥ የእግዚአብሔር ወዳጆችን ሁነው ይጽፉ ዘንድ፥ የተሠራላቸውን ቃል ኪዳን እንዳያፈርሱ ለእስራኤል ልጆች ትነግር ዘንድ አዘዝሁህ።
2f0523db-a0b7-5062-abbf-d6a4fe13fc6f,54bb72d4-d103-5d1a-a655-19aa4212ce4e,b5d32c98-fab7-560d-a986-328a981b53c0,22,22,ቃል ኪዳኑንም ቢያፈርሱ፥ ከኀጢአት ሥራ ወገንም ሁሉ ቢሠሩ ግን ጠላቶች ሆነው በሰማይ ጽላት ይጻፋሉ፤ ከሕያዋንም መጽሐፍ ይደመሰሳሉ፤ የሚጠፉ ሰዎች በሚጻፉበትም መጽሐፍ ይጻፋሉ። ከምድር ላይ ከሚጠፉ ሰዎችም ጋር ይቈጠራሉ።
f39f7a4f-9970-50b8-a069-07d13cfbe808,54bb72d4-d103-5d1a-a655-19aa4212ce4e,b5d32c98-fab7-560d-a986-328a981b53c0,23,23,የያዕቆብም ልጆች ሰቂማን ባጠፉበት ቀን ጽድቅንና የቀና ሥራን እንደ ሠሩ፥ በኀጢአተኞችም ብድርን እንደ መለሱ በሰማይ ጽላት ተጻፈላቸው። ለበረከትም ተጻፉ።
d3c9e0ad-c5f7-5cad-a7dd-e8ce13f8999e,54bb72d4-d103-5d1a-a655-19aa4212ce4e,b5d32c98-fab7-560d-a986-328a981b53c0,24,24,እኅታቸውን ዲናንም ከሴኬም ቤት አወጡ። በሰቂማ ያለውንም ሁሉ፥ በጎቻቸውንም፥ ላሞቻቸውንም፥ አህዮቻቸውንም፥ ገንዘባቸውንም ሁሉ፥ መንጋቸውንም ሁሉ ማረኩ። ሁሉንም ወደ አባታቸው ወደ ያዕቆብ አመጡ።
b0a45632-685a-5572-a477-3c2aca19d5c5,54bb72d4-d103-5d1a-a655-19aa4212ce4e,b5d32c98-fab7-560d-a986-328a981b53c0,25,25,በዚያ ከሚኖሩ ከከነዓናውያንና ከፍሪዛውያን የተነሣ ፈርቶአልና ሀገሩን ስላጠፉ ከእነርሱ ጋር ተነጋገረ።
341f1db1-b288-5c8c-aa1a-be177aa3dc50,54bb72d4-d103-5d1a-a655-19aa4212ce4e,b5d32c98-fab7-560d-a986-328a981b53c0,26,26,በሰቂማ ዙሪያ ባሉ ሀገሮች ሁሉ የእግዚአብሔር መፈራት ሆነ። በእነርሱ ድንጋጤ ወድቆባቸዋልና የያዕቆብን ልጆች ለማሳደድ አልተነሡም።
505c80fe-4901-5ad1-a4b9-0c1a4099f0d8,54bb72d4-d103-5d1a-a655-19aa4212ce4e,b5d32c98-fab7-560d-a986-328a981b53c0,27,27,በወሩ መባቻ ያዕቆብ ለቤተ ሰቡ ሁሉ፥ “ከኀጢአት ንጹሓን ሁኑ፤ ልብሳችሁንም ለውጡ” ብሎ ተናገረ።
b06af994-6a82-5fd5-a804-fc771693c269,54bb72d4-d103-5d1a-a655-19aa4212ce4e,b5d32c98-fab7-560d-a986-328a981b53c0,28,28,“ከወንድሜ ከዔሳው ፊት በሸሸሁ ጊዜ ከእኔ ጋር ላለ፥ ወደዚህችም ሀገር በሰላም ለመለሰኝ ለእግዚአብሔር ወደ ጸለይሁበት ወደ ቤቴል ተነሥተን እንውጣ።
9ac4803a-8e48-503c-ad56-37786710815c,54bb72d4-d103-5d1a-a655-19aa4212ce4e,b5d32c98-fab7-560d-a986-328a981b53c0,29,29,በመካከላችሁም ያሉትን እንግዶች አማልክት አርቁ። ልዩ የሆኑ አማልክትንም አጥፉአቸው፤ በጆሮአችሁ ያለውንም፥ በአንገታችሁም ያለውን ጌጥ አስወግዱ።”
745035b4-0caf-5648-a3ad-46d29b9abe0c,54bb72d4-d103-5d1a-a655-19aa4212ce4e,b5d32c98-fab7-560d-a986-328a981b53c0,30,30,ራሔል ከአባቷ ከላባ የሰረቀችውን ጣዖት፥ ገንዘብዋንም ሁሉ ለያዕቆብ ሰጠች። እርሱም አቃጠለው፤ ሰበረውም፤ አጠፋውም፤ በሰቂሞን ሀገር ባለ በዮርዳኖስም በታች ቀበረው።
96f87132-6fb0-5e97-a7d1-62570e2afaab,49fed3c2-b331-5178-a875-20092da36178,c3f62abb-4aec-5363-a45f-d15b038eb3b7,1,1,በሰባተኛውም ወር መባቻ ወደ ቤቴል ወጣ። በዚያ በተኛበትም ቦታ መሠዊያ ሠራ። በዚያም ሐውልት አቆመ።
cb199da0-37bf-5042-a7b4-17f1213d8f89,49fed3c2-b331-5178-a875-20092da36178,c3f62abb-4aec-5363-a45f-d15b038eb3b7,2,2,ወደ እርሱ፥ ወደ መሥዋዕቱም ይመጣ ዘንድ ያዕቆብ ወደ አባቱ ወደ ይስሐቅ ላከ፤ ወደ እናቱ ወደ ርብቃም ላከ።
9cafd876-8758-5800-a23e-a6adb7ba9d6a,49fed3c2-b331-5178-a875-20092da36178,c3f62abb-4aec-5363-a45f-d15b038eb3b7,3,3,ይስሐቅም፥ “ልጄ ያዕቆብ ወደ እኔ ይምጣ፤ ሳልሞትም ልየው” አለ።
72e81b28-f634-5706-ad06-c7de156ca2f3,49fed3c2-b331-5178-a875-20092da36178,c3f62abb-4aec-5363-a45f-d15b038eb3b7,4,4,ያዕቆብም ወደ አባቱ ይስሐቅና ወደ እናቱ ወደ ርብቃ ወደ አባቱ ወደ አብርሃም ቤት ሄደ።
c705d473-4de7-5aa2-a7b8-1a8b37b85c33,49fed3c2-b331-5178-a875-20092da36178,c3f62abb-4aec-5363-a45f-d15b038eb3b7,5,5,ከልጆቹም ሁለቱን ልጆች ይሁዳንና ሌዊን ከእርሱ ጋር ይዞ ወደ አባቱ ወደ ይስሐቅና ወደ እናቱ ወደ ርብቃ መጣ።
18c7c56e-4029-5244-ae95-f76efc940545,49fed3c2-b331-5178-a875-20092da36178,c3f62abb-4aec-5363-a45f-d15b038eb3b7,6,6,ርብቃም፥ “እነሆ፥ ልጅሽ ያዕቆብ ደረሰ” እንደ አሉአት በሰማች ጊዜ ልቡናዋን ደስ ብሎአታልና ያዕቆብን አቅፋ ትስመው ዘንድ ከአንዱ ግንብ ወደ ሌላው ግንብ በር ወጣች።
c693e43e-fe83-5eaf-a2e9-df2dc4508967,49fed3c2-b331-5178-a875-20092da36178,c3f62abb-4aec-5363-a45f-d15b038eb3b7,7,7,ሳመችው፤ ሁለቱንም ልጆቹን ባየች ጊዜ ዐወቀቻቸው። “ልጄ ሆይ፥ እነዚህስ ልጆችህ ናቸውን?” አለችው፤ አቅፋም ሳመቻቸው። እንዲህም ብላ መረቀቻቸው፥ “የአብርሃም ዘር በእናንተ ይክበር፤ እናንተም በምድር ላይ ለበረከት ትሆናላችሁ።”
1d71b864-1183-5e9c-ab85-de965f8099dc,49fed3c2-b331-5178-a875-20092da36178,c3f62abb-4aec-5363-a45f-d15b038eb3b7,8,8,ያዕቆብም አባቱ ይስሐቅ ወደ ተኛበት እልፍኝ ገባ። ሁለቱም ልጆቹ ከእርሱ ጋር ገቡ።
681cc7b9-d9ba-595a-ac2d-c69cc049dd4c,49fed3c2-b331-5178-a875-20092da36178,c3f62abb-4aec-5363-a45f-d15b038eb3b7,9,9,የአባቱን እጅ ይዞ ዘንበል ብሎ ሳመው። ይስሐቅም በልጁ በያዕቆብ አንገት ላይ ተጠምጥሞ አንገቱን እቅፍ አድርጎ አለቀሰ። የይስሐቅንም ዐይኖች ሸፍኖአቸው የነበረው ተገፈፈ።
e01b7179-bc1b-5f12-a0c9-f6eadc6e0848,49fed3c2-b331-5178-a875-20092da36178,c3f62abb-4aec-5363-a45f-d15b038eb3b7,10,10,የያዕቆብን ሁለቱን ልጆቹን ይሁዳንና ሌዊን አይቶ፦ እንዲህ አለ፥ “ልጄ ሆይ፥ ይመስሉሃልና እነዚህ ልጆችህ ናቸውን?” እርሱም በእውነት ልጆቹ እንደ ሆኑ ነገረው፤ “በእውነት ልጆች እንደ ሆኑ በእውነት አየህ” አለው።
b5568955-e343-5738-a83b-fcffde20f359,49fed3c2-b331-5178-a875-20092da36178,c3f62abb-4aec-5363-a45f-d15b038eb3b7,11,11,ወደ እርሱም ቀረቡ፤ መለስ ብሎም ሁሉን በአንድነት አቅፎ ሳማቸው፤ ትንቢት የሚያናግር መንፈስ ቅዱስ በአፉ አናገረው። ሌዊንም በቀኝ እጁ ያዘው፤ ይሁዳንም በግራ እጁ ያዘ።
e1afed7f-9574-5f92-a15b-b711b8dda35c,49fed3c2-b331-5178-a875-20092da36178,c3f62abb-4aec-5363-a45f-d15b038eb3b7,12,12,በመጀመሪያ ወደ ሌዊ ተመልሶ አስቀድሞ ይመርቀው ጀመር። እንዲህም አለው፥ “እርሱ እግዚአብሔር ይባርክህ፥ የዓለማት ሁሉ ጌታ አንተንና ልጆችህን በዓለሙ ሁሉ ያክብር፤ ክብር ሊሆንህ እግዚአብሔር ለአንተ ገናናነትን ይስጥህ፤ ለልጆችህም ይስጣቸው።
d8d9bc08-db65-5b90-a46d-f70fa0fb4851,49fed3c2-b331-5178-a875-20092da36178,c3f62abb-4aec-5363-a45f-d15b038eb3b7,13,13,አንተን ወደ እርሱ ያቅርብህ፤ በቤተ መቅደስም ያገለግሉት ዘንድ ከሰው ሁሉ ለይቶ ልጆችህን ወደ እርሱ ያቅርባቸው፤ እንደ መላእክተ ገጽና እንደ ቅዱሳንም እንደ እነርሱ ልጆችህ ለክብር፥ ለጌትነትና ለምስጋና ይሁኑ፤ በዓለሙ ሁሉ ከፍ ከፍ ያድርጋቸው፤ ለያዕቆብም ልጆች ወገኖች ሁሉ መሳፍንትና መኳንንት፥ አለቆችም ይሆናሉ።
8a4961e5-439a-50c2-ace7-f4c848d00504,49fed3c2-b331-5178-a875-20092da36178,c3f62abb-4aec-5363-a45f-d15b038eb3b7,14,14,የእግዚአብሔርንም ቃል በእውነት ይናገራሉ፤ ፍርዱንም ሁሉ በእውነት ይፈርዳሉ፤ ለያዕቆብ መንገዶችን፥ ለእስራኤልም ፍለጋዬን ይናገራሉ፤ የተወዳጁን ዘር ሁሉ ይመርቁ ዘንድ የእግዚአብሔር በረከት በአፋቸው ይነገራል።
4ff6957b-ae3d-51e3-ade6-285b62ebda7e,49fed3c2-b331-5178-a875-20092da36178,c3f62abb-4aec-5363-a45f-d15b038eb3b7,15,15,“አንተንም እናትህ ስምህን ሌዊ ብላ ጠራች። ስምህንም በእውነት ጠራች፤ ከእግዚአብሔር ጋር አንድ ትሆናለህ፤ ከያዕቆብ ልጆች ሁሉ ጋር አንድ ትሆናለህ፤ ማዕዱ ለአንተ ትሁን።
27167cec-895d-5e3a-ab07-be7228cd7ae1,49fed3c2-b331-5178-a875-20092da36178,c3f62abb-4aec-5363-a45f-d15b038eb3b7,16,16,አንተና ልጆችህ ብሉአት፤ ማዕድህም ለልጅ ልጅ ሁሉ የመላች ትሁን፤ በዓለሙ ሁሉ እህልህ አይጕደል፤ የሚጠሉህም ሰዎች ሁሉ በፊትህ ይውደቁ፤ ጠላቶችህ ሁሉ ፈጽመው ይጥፉ፤ የሚባርክህ የተባረከ ይሁን፤ የሚረግሙህም ሕዝብ ሁሉ የተረገሙ ይሁኑ።”
5c489aef-65a9-5aeb-ad03-36a07d3613dc,49fed3c2-b331-5178-a875-20092da36178,c3f62abb-4aec-5363-a45f-d15b038eb3b7,17,17,ይሁዳንም እንዲህ አለው፥ “የሚጠሉህን ሰዎች ሁሉ ታጠፋቸው ዘንድ እግዚአብሔር ኀይልንና ጽናትን ይስጥህ፤ አንተ ገዥ ሁን፤ ከልጆችህም አንዱ ለያዕቆብ ልጆች ገዥ ይሁን፤ ስምህና የልጆችህ ስም በሀገሩና በከተማው ሁሉ ሲጠራ የሚኖር ይሁን።
364df04a-253c-5747-a335-f0faba5a7545,49fed3c2-b331-5178-a875-20092da36178,c3f62abb-4aec-5363-a45f-d15b038eb3b7,18,18,ያንጊዜ አሕዛብ ከፊትህ የተነሣ ይፈራሉ፤ አሕዛብም ሁሉ ይታወካሉ፤ ሕዝቡም ሁሉ ይሸበራሉ፤ የያዕቆብ ረድኤት በአንተ ይደር፤ የእስራኤልም ድኅነት በአንተ ትገኛለች።
3606d37a-3459-5d16-a624-339bbdd7644d,49fed3c2-b331-5178-a875-20092da36178,c3f62abb-4aec-5363-a45f-d15b038eb3b7,19,19,እውነተኛ ክብር በአለው ዙፋንም በተቀመጥህ ጊዜ ለተወዳጁ ልጆች ዘር ታላቅ ሰላም ይሆናል፤ የሚመርቅህ ሰው የተመረቀ ነው፤ የሚጠሉህና መከራንም የሚያጸኑብህ፥ የሚረግሙህም ሁሉ ከምድር ፈጽመው ይጥፉ፤ የተረገሙም ይሁኑ።”
064da46c-cdc1-5360-a3bd-e0508324e765,49fed3c2-b331-5178-a875-20092da36178,c3f62abb-4aec-5363-a45f-d15b038eb3b7,20,20,ዳግመኛ ተመልሶ እቅፍ አድርጎ ሳመው፤ በእውነት የወለዳቸውን የልጁ የያዕቆብን ልጆች አይቶአልና ፈጽሞ ደስ አለው።
466746f2-8ac9-5e0a-a228-4f026532e7ae,49fed3c2-b331-5178-a875-20092da36178,c3f62abb-4aec-5363-a45f-d15b038eb3b7,21,21,ከእግሮቹ መካከል ወጥቶ በግንባሩ ወድቆ ሰገደለት፥ ባረካቸው፤ በአባቱ በይስሐቅም አጠገብ ተቀመጠ፤ በዚያችም ሌሊት ደስ ብሎአቸው በሉ፥ ጠጡም።
37b09b39-e158-5337-aa44-43ebe6555feb,49fed3c2-b331-5178-a875-20092da36178,c3f62abb-4aec-5363-a45f-d15b038eb3b7,22,22,ሁለቱንም የያዕቆብን ልጆች አንዱን በቀኙ፥ አንዱንም በግራው አቆመ፤ ይህም ጽድቅ ሆኖ ተቈጠረለት።
157e4a6a-9fa1-57da-aca6-c13be4c3228c,49fed3c2-b331-5178-a875-20092da36178,c3f62abb-4aec-5363-a45f-d15b038eb3b7,23,23,ያዕቆብም እግዚአብሔር ለእርሱ ብዙ ይቅርታ እንደ አደረገ፥ ጎዳናውን ሁሉ እንዳቀናለት፥ ከክፉም ነገር ሁሉ እንደ ጠበቀው ሌሊት ለአባቱ ሁሉን ነገረው።
6aff3fb7-6d5e-56b0-a1a7-192de65af34d,49fed3c2-b331-5178-a875-20092da36178,c3f62abb-4aec-5363-a45f-d15b038eb3b7,24,24,ይስሐቅም ከባሪያው ከይስሐቅ ልጅ ቸርነቱንና ይቅርታውን ያላራቀ የአባቱን የአብርሃምን አምላክ አመሰገነው።
9f634443-4171-5bf4-a414-cef04fe9c564,49fed3c2-b331-5178-a875-20092da36178,c3f62abb-4aec-5363-a45f-d15b038eb3b7,25,25,ያዕቆብም ሲነጋ ለአባቱ ለይስሐቅ ለእግዚአብሔር የተሳለውን ስእለት፥ ያየውንም ራእይ፥ መሠዊያውንም እንደ ሠራ፥ በእግዚአብሔርም ፊት እንደ ለመነው ለማድረግ፥ ለመሥዋዕት የሚሆነውም ሁሉ እንደ ተዘጋጀ፥ በበቅሎውም አስቀምጦ ይወስደው ዘንድ እንደ መጣ ነገረው።
a4b67d89-040c-5507-a7e7-44cf5a6386ae,49fed3c2-b331-5178-a875-20092da36178,c3f62abb-4aec-5363-a45f-d15b038eb3b7,26,26,ይስሐቅም ልጁን ያዕቆብን እንዲህ አለው፥ “አርጅቻለሁና ከአንተ ጋር መምጣት አልችልም፤ ጎዳናውንም መታገሥ አልችልም፤ ልጄ ሆይ፥ በሰላም ሂድ፥ እኔ አሁን የመቶ ስድሳ አምስት ዓመት ሰው ነኝና እንግዲህ ወዲህ መሄድ አልችልም።
e3803906-cd4f-5814-a743-4f3707523d07,49fed3c2-b331-5178-a875-20092da36178,c3f62abb-4aec-5363-a45f-d15b038eb3b7,27,27,እናትህን በበቅሎ አስቀምጠህ ከአንተ ጋር ይዘሃት ሂድ፤ ልጄ ሆይ፥ ስለ እኔ እንደ መጣህ አውቃለሁ፤ በሕይወትህ ሳለህ እኔን ያየህባት፥ እኔም በሕይወት ሳለሁ አንተን ያየሁባት ይህች ቀን የተባረከች ትሁን።
d6f14257-ab36-508e-ae9d-8089802d1eaf,49fed3c2-b331-5178-a875-20092da36178,c3f62abb-4aec-5363-a45f-d15b038eb3b7,28,28,ልጄ ሆይ፥ ተዘጋጅተህ የተሳልኸውን ስእለትህን ስጥ፤ ስእለት ቢያስቀሩት በፍዳ ይመረምራልና ስእለትህን አታዘግይ።
07c445e4-3f50-5a10-adef-4c9456490c6b,49fed3c2-b331-5178-a875-20092da36178,c3f62abb-4aec-5363-a45f-d15b038eb3b7,29,29,አሁንም ታደርጋት ዘንድ ቸኩል፤ ሁሉን የፈጠረ እግዚአብሔር የተሳልኸውን ስእለት ወድዶ ይቀበልህ።”
581b69f2-5b50-527b-ad9d-efe171568bf1,49fed3c2-b331-5178-a875-20092da36178,c3f62abb-4aec-5363-a45f-d15b038eb3b7,30,30,ርብቃንም፥ “ከልጅሽ ከያዕቆብ ጋር ሂጂ” አላት። ርብቃም ከልጅዋ ከያዕቆብ ጋር ሄደች፤ ዲቦራም ከእርስዋ ጋር ሄደች፤ ወደ ቤቴልም ደረሱ።
e7d15202-a86d-53c5-a416-8f2381b49721,49fed3c2-b331-5178-a875-20092da36178,c3f62abb-4aec-5363-a45f-d15b038eb3b7,31,31,ያዕቆብም ስእለቱን፥ አባቱ ይስሐቅም ከሁለቱ ልጆቹ ከይሁዳና ከሌዊ ጋር የመረቀውን ምርቃት አስቦ ደስ ብሎት የአባቶቹን የይስሐቅንና የአብርሃምን አምላክ አመሰገነው።
0c700a72-c363-5ca9-abe6-b34e43f595da,49fed3c2-b331-5178-a875-20092da36178,c3f62abb-4aec-5363-a45f-d15b038eb3b7,32,32,“አሁንም በሁሉ አምላክ ፊት ለዘለዓለም ተስፋ እንዳለኝ፥ ለልጆችም ተስፋ እንዳላቸው ዐወቅሁ” አለ።
635223a6-4f55-5f39-abc6-dce8a070c3a4,49fed3c2-b331-5178-a875-20092da36178,c3f62abb-4aec-5363-a45f-d15b038eb3b7,33,33,ስለ ሁለቱ ሁሉ እንደዚህ ሠርቶአል። ይስሐቅ እንደ መረቃቸው ለዘለዓለም ምስክር ሊሆን በሰማይ ጽላት ይጽፉላቸዋል፤ በዚያችም ሌሊት በቤቴል አደረ።
8902353c-05fc-554e-a134-b0d3cd47c90c,49fed3c2-b331-5178-a875-20092da36178,c3f62abb-4aec-5363-a45f-d15b038eb3b7,34,34,ሌዊም እንደ ሾሙት፥ ለልዑል አምላክም እርሱን አገልጋይ እንደ አደረጉት፥ ልጆቹንም እስከ ዘለዓለም ድረስ አገልጋዮች እንደ አደረጉአቸው ሕልም አየ።
4b340b93-ada7-579e-a6e1-494bb9238bcc,49fed3c2-b331-5178-a875-20092da36178,c3f62abb-4aec-5363-a45f-d15b038eb3b7,35,35,ከእንቅልፉም ተነሥቶ እግዚአብሔርን አመሰገነ። ይህ ወር በባተ በዐሥራ አራተኛው ቀን ያዕቆብ በጥዋት ገሠገሠ።
8d273f3a-c011-5162-a090-f29fa96cf4cb,49fed3c2-b331-5178-a875-20092da36178,c3f62abb-4aec-5363-a45f-d15b038eb3b7,36,36,ከእርሱም ጋር ከመጣው ሁሉ ዐሥራት አወጣ፥ ከሰው ጀምሮ እስከ ከብት ድረስ፥ ከወርቅም ጀምሮ እስከ ሌላው ገንዘብ ሁሉ፥ እስከ ልብስም ድረስ፥ ከሁሉም ዐሥራት አወጣ።
20057b5d-ce16-5f7e-a86a-6bc0bfb699a5,49fed3c2-b331-5178-a875-20092da36178,c3f62abb-4aec-5363-a45f-d15b038eb3b7,37,37,በዚያም ወራት ራሔል ልጅዋን ብንያምን ፀነሰች፤ ያዕቆብም ከእርሱ ጀምሮ ልጆቹን ቈጠረ።
cd588744-3d29-5b78-a6d3-9fbf875cff98,49fed3c2-b331-5178-a875-20092da36178,c3f62abb-4aec-5363-a45f-d15b038eb3b7,38,38,ዕጣም ጣለ፤ የእግዚአብሔርም ዕጣ በሌዊ ወጣ፤ አባቱም የክህነት ልብስን አለበሰው፤ እጁንም ቀባው።
0f53a548-0a78-5d86-a666-3a206edd7eb5,840a8ad4-860b-5f8c-a680-13d8cbb035b6,89b1d7ba-c9f4-564e-abab-949b42e2b6d1,1,1,ይህ ወር በባተ በዐሥራ አምስተኛው ቀን፥ ከላሞች ወገን ዐሥራ አራት ፍሪዳዎችን፥ ሃያ ስምንት የበግ ሙክቶችን፥ አርባ ዘጠኝ በጎችን፥ ዘጠና ስድስት የበግ ጠቦቶችን፥ ሃያ ዘጠኝ የፍየል ጠቦቶችን ለሚቃጠልመሥዋዕት አቀረበ፤ የተወደደ ቍርባንም አድርጎ በእግዚአብሔር ፊት ለበጎ መዓዛ ወደ መሠዊያው አገባ።
f95b34ec-f571-5857-aa45-3844d9dc8709,840a8ad4-860b-5f8c-a680-13d8cbb035b6,89b1d7ba-c9f4-564e-abab-949b42e2b6d1,2,2,ዐሥራትም ያወጣ ዘንድ ከተሳለው ስእለት ከመሥዋዕታቸው ጋር ያቀረበው መባ ይህ ነው። የመጠጡም ቍርባን ከዚህ ጋር አንድ ነው።
a61ddefa-383c-53d7-a2f3-17bc87d58e85,840a8ad4-860b-5f8c-a680-13d8cbb035b6,89b1d7ba-c9f4-564e-abab-949b42e2b6d1,3,3,እሳት በበላው ጊዜም በእሳቱ ላይ ነጭ ዕጣንን ያጥን ነበር። ስለ ድኅነት መሥዋዕትም አራት ፍሪዳዎችን፥ አራት የበግ ሙክትቶችን፥ አራት በጎችን፥ አራት የፍየል ሙክቶችን፥ ዓመት የሆናቸውን ሁለት የበግ ጠቦቶችን፥ ሁለት የፍየል ጠቦቶችንም ያቀርብ ነበር። በየዕለቱ ሰባት ቀን እንዲህ ያደርግ ነበር።
3d299034-47d4-5849-a1cd-fbab120ddf6a,840a8ad4-860b-5f8c-a680-13d8cbb035b6,89b1d7ba-c9f4-564e-abab-949b42e2b6d1,4,4,እርሱም ከቤተ ሰቦቹና ከልጆቹ ሁሉ ጋር ደስ ብሎት ሰባት ቀን በዚያ ይበላ ነበር። ከክፉ ሁሉ ያዳነውን፥ የለመነውንም የሰጠውን እግዚአብሔርን ፈጽሞ ያመሰግነው ነበር። ንጹሕ ከሆነውም ከብት ሁሉ ዐሥራት አወጣ።
0459accf-b121-5be0-a748-29575120ca11,840a8ad4-860b-5f8c-a680-13d8cbb035b6,89b1d7ba-c9f4-564e-abab-949b42e2b6d1,5,5,የሚቃጠል መሥዋዕትም አደረገ፤ ንጹሕ ያልሆነውን እንስሳም ለልጁ ለሌዊ ሰጠው። የሰውንም ወገን ሁሉ ሰጠው።
e3ef2fcf-56b1-5b24-a54a-0490e922206e,840a8ad4-860b-5f8c-a680-13d8cbb035b6,89b1d7ba-c9f4-564e-abab-949b42e2b6d1,6,6,ሌዊም ከዐሥሩ ወንድሞቹ ተለይቶ በአባቱ በያዕቆብ ፊት በቤቴል አገለገለ።
fbce9acf-b844-5267-a0ec-a2f76ca6513a,840a8ad4-860b-5f8c-a680-13d8cbb035b6,89b1d7ba-c9f4-564e-abab-949b42e2b6d1,7,7,በዚያም ካህን ሆኖ ኖረ፤ ያዕቆብም ስእለቱን ሰጠው፥ ዳግመኛም ለእግዚአብሔር እንደዚሁ ዐሥራትን ሰጠ። ይህንም ቀደሰው፤ ለእርሱም የተቀደሰ ሆነ።
00f46b3b-dbb2-516c-a01a-a8cebf3c075d,840a8ad4-860b-5f8c-a680-13d8cbb035b6,89b1d7ba-c9f4-564e-abab-949b42e2b6d1,8,8,ስለዚህ ነገር ዐሥራትን ለማውጣት፤ ከዓመት እስከ ዓመት ስሙ ይጠራበት ዘንድ በተመረጠ በቅዱስ ቦታ ዳግመኛ በእግዚአብሔር ፊት ለመብላት ሥርዐት ሆኖ በሰማይ ጽላት ተወስኖአል።
24144894-6c4f-56e3-ae26-36682c99cf5e,840a8ad4-860b-5f8c-a680-13d8cbb035b6,89b1d7ba-c9f4-564e-abab-949b42e2b6d1,9,9,ለዚህም ሕግ ለዘለዓለሙ የተወሰነ ዘመን የለውም፤ ይኸውም ሥርዐት ከዓመት እስከ ዓመት ሊያደርጉት፥ ዳግመኛ በእግዚአብሔር ፊት በተመረጠ ቦታ ሊበሉት በሰማይ ጽላት የተጻፈ ነው።
cb77dcaf-f026-5e57-aaf8-f729f834413a,840a8ad4-860b-5f8c-a680-13d8cbb035b6,89b1d7ba-c9f4-564e-abab-949b42e2b6d1,10,10,የዓመቱ አዝመራ እስከሚደርስበት ወራት ድረስ ዘሩ እሰከ ዓመት ድረስ ይበላልና፤ ከዚህም ዓመት ለሚመጣው ዓመት ከእርሱ ማትረፍ የለም፤ ወይኑም ወይን እስከሚደርስበት ወራት፥ ዘይቱም ዘይት እስከሚደርስበት ወራት ይበላልና ማትረፍ የለም።
74014da0-4b5b-55ee-a28c-d3795a669674,840a8ad4-860b-5f8c-a680-13d8cbb035b6,89b1d7ba-c9f4-564e-abab-949b42e2b6d1,11,11,ከእርሱም የሚተርፈውና የደለበው ሁሉ የረከሰ ይሁን፤ የረከሰም ሆኖአልና በእሳት ይቃጠል። እንደዚሁ በቤተ መቅደስ ሆነው በአንድነት ይብሉት፤ አያድልቡት።
4f46d7c5-c59f-5bbd-a859-99f2182db446,840a8ad4-860b-5f8c-a680-13d8cbb035b6,89b1d7ba-c9f4-564e-abab-949b42e2b6d1,12,12,የበጉና የላሙ ዐሥራት ሁሉ ለእግዚአብሔር የተቀደሰ ነው። ስለ ዐሥራቱም የሚሆነው እንደዚሁ በሰማይ ጽላት ተወስኖአልና፥ ተጽፎአልምና ካህናቱ ከዓመት እስከ ዓመት በፊቱ የሚበሉት ይሁን።
f155c28a-9d81-5355-abc8-0794bbea78b5,840a8ad4-860b-5f8c-a680-13d8cbb035b6,89b1d7ba-c9f4-564e-abab-949b42e2b6d1,13,13,በሁለተኛዪቱ ሌሊት፥ ይህም ወር በባተ በሃያ ሁለተኛው ቀን ያዕቆብ ያን ቦታ ይሠራ ዘንድ፥ ቅጥሩንም ሠርቶ ይቀድሰው ዘንድ፥ ለእርሱም እስከ ዘለዓለሙ ድረስ፥ ከእርሱም በኋላ ለልጆቹ እስከ ዘለዓለም ድረስ የተቀደሰ ያደርገው ዘንድ መከረ።
da2c3207-e635-5eec-aa36-6a876e9e43b9,840a8ad4-860b-5f8c-a680-13d8cbb035b6,89b1d7ba-c9f4-564e-abab-949b42e2b6d1,14,14,እግዚአብሔርም በሌሊት ተገለጠለት ባረከውም፦ እንዲህም አለው፥ “ስምህ እስራኤል ይባል እንጂ ያዕቆብ አይባል።”
5eb4e93d-52a3-59c8-a3be-bce735cd21be,840a8ad4-860b-5f8c-a680-13d8cbb035b6,89b1d7ba-c9f4-564e-abab-949b42e2b6d1,15,15,ዳግመኛም አለው፥ “ሰማይንና ምድርን የፈጠርሁ አምላክህ እግዚአብሔር እኔ ነኝ፤ አከብርሃለሁ፥ እጅግ በጣምም አበዛሃለሁ።
50f0d123-bf5e-504f-a28d-99288e3691e1,840a8ad4-860b-5f8c-a680-13d8cbb035b6,89b1d7ba-c9f4-564e-abab-949b42e2b6d1,16,16,ነገሥታቱም ከአንተ ይወለዳሉ፤ በቦታውም ሁሉ ይገዛሉ፤ የሰው ልጅም የረገጠውን ቦታ ሁሉ ይገዛሉ፥ ከሰማይ በታች ያለ ሀገርን ሁሉ ለዘርህ እሰጣለሁ፤ እንደ ወደዱም አሕዛብን ሁሉ ይገዛሉ።
dc43e58b-54ab-58b3-ab44-d5f13f221cbf,840a8ad4-860b-5f8c-a680-13d8cbb035b6,89b1d7ba-c9f4-564e-abab-949b42e2b6d1,17,17,ከዚህም በኋላ ሀገሪቱን ሁሉ እጅ ያደርጋሉ፤ ለዘለዓለምም ይወርሱአታል።” ከእርሱም ጋር ተነጋግሮ ከጨረሰ በኋላ ከእርሱ ዘንድ ወጣ። ወደ ሰማይም እስኪወጣ ድረስ ያዕቆብ ያይ ነበር።
1a508486-d7ef-5641-ab2d-ce814b588549,840a8ad4-860b-5f8c-a680-13d8cbb035b6,89b1d7ba-c9f4-564e-abab-949b42e2b6d1,18,18,እርሱም በሌሊት ራእይ አየ፤ እነሆ፥ መልአክ ከሰማይ ሲወርድ አየ፤ እነሆ፥ ሰባት ሰሌዳዎች በእጁ ነበሩ።
3744ff13-fb0e-55fa-a433-52bb1a70248b,840a8ad4-860b-5f8c-a680-13d8cbb035b6,89b1d7ba-c9f4-564e-abab-949b42e2b6d1,19,19,ለያዕቆብም ሰጠውና አነበባቸው፤ በዓለሙ ሁሉ ለልጆቹና ለእርሱ የሚሆን በውስጣቸው የተጻፈውን ሁሉ አነበበ። በሰሌዳዎቹም የተጻፈውን ሁሉ አሳየው።
408b1fca-58af-5bf3-a192-24091393dca4,840a8ad4-860b-5f8c-a680-13d8cbb035b6,89b1d7ba-c9f4-564e-abab-949b42e2b6d1,20,20,እንዲህም አለው፥ “ይህን ቦታ አትሥራ፥ የዘለዓለም መቅደስንም አታድርገው፤ ይህ ቦታ አይደለምና በዚህ ቦታ አትደር። ወደ አባትህ ወደ አብርሃም ቤት ሂድ፤ አባትህ እስከሚሞትባት ቀን ድረስ በዚያ በአባትህ በይስሐቅ ቤት ኑር፤ በግብፅ ሳለህ በሰላም ትሞታለህና።
0efa5247-d06f-54ea-aa38-82a1ce0db62c,840a8ad4-860b-5f8c-a680-13d8cbb035b6,89b1d7ba-c9f4-564e-abab-949b42e2b6d1,21,21,በዚህች ምድር ከአባቶችህ መቃብር ከአብርሃምና ከይስሐቅ ጋር በክብር ትቀበራለህና አትፍራ፤ ሁሉ እንዳየኸውና እንዳነበብኸው እንደዚሁ ይደረጋልና።
05268733-3914-54cc-a21a-661e62abb50e,840a8ad4-860b-5f8c-a680-13d8cbb035b6,89b1d7ba-c9f4-564e-abab-949b42e2b6d1,22,22,አንተም ያየኸውንና ያነበብኸውን ሁሉ ጻፍ።” ያዕቆብም፥ “ያነበብሁትንና ያየሁትን ሁሉ እንዴት አስታውሳለሁ?” አለ። ጌታም፥ “እኔ ሁሉን አሳስብሃለሁ” አለው።
9ac291aa-6448-5562-af29-6d28e1eab437,840a8ad4-860b-5f8c-a680-13d8cbb035b6,89b1d7ba-c9f4-564e-abab-949b42e2b6d1,23,23,ከእርሱም ወጣ፥ ያዕቆብም ከእንቅልፉ ነቃ፤ ያነበበውንና ያየውንም ሁሉ ዐሰበ። ያየውንና ያነበበውንም ነገር ሁሉ ጻፈ።
e33d2ad8-ce1b-5750-ac96-6f5e5fc22553,840a8ad4-860b-5f8c-a680-13d8cbb035b6,89b1d7ba-c9f4-564e-abab-949b42e2b6d1,24,24,ዳግመኛም በዚያ አንድ ቀን በዓል አደረገ፥ በቀደሙት ዕለታት እንደሚሠዋው ሁሉ አድርጎ ሠዋባት። ያች ቀን ተጨምራለችና ስምዋን ተውሳክ አላት።
5e2e3a35-2b7b-5bd8-adc5-e27b84793b82,840a8ad4-860b-5f8c-a680-13d8cbb035b6,89b1d7ba-c9f4-564e-abab-949b42e2b6d1,25,25,የቀደሙትንም ቀኖች በዓል ብሎ ጠራቸው። እንዲህም ትሆን ዘንድ እንዲህ ይታይ ነበር፥ ይህም በሰማይ ጽላት ተጽፎአል።
f97214f4-bac8-530b-ac60-a8449fc17c15,840a8ad4-860b-5f8c-a680-13d8cbb035b6,89b1d7ba-c9f4-564e-abab-949b42e2b6d1,26,26,ስለዚህም ነገር በዓል ያደርጋት ዘንድ፥ በዓል በሚደረግባቸው በሰባቱ ቀኖች ላይ እርስዋን ይጨምር ዘንድ ተገለጠለት። በዓመት እንደሚመላለሱ ቀኖች ቍጥር በሰላም መሥዋዕት የሚሠዋባትና በዓል የሚደረግባት ቀን ናትና ስምዋ ተውሳክ ተባለ።
df9ab75f-8a16-5d50-ad35-7294be40cd0a,840a8ad4-860b-5f8c-a680-13d8cbb035b6,89b1d7ba-c9f4-564e-abab-949b42e2b6d1,27,27,ይህ ወር በባተ በሃያ ሦስት ቀን በዚያ ሌሊት የርብቃ ሞግዚት ዲቦራ ሞተች። ከከተማውም በታች በወንዙ አጠገብ በግራር ሥር ቀበሩአት።
79c66b11-6f61-532a-a175-a76f8f01baa1,840a8ad4-860b-5f8c-a680-13d8cbb035b6,89b1d7ba-c9f4-564e-abab-949b42e2b6d1,28,28,የዚያንም ወንዝ ስም “ፈለገ ዲቦራ” አለው። ግራሩንም “የዲቦራ ልቅሶ ግራር” አለው።
28764d32-8c77-5c37-a870-72d672f97909,840a8ad4-860b-5f8c-a680-13d8cbb035b6,89b1d7ba-c9f4-564e-abab-949b42e2b6d1,29,29,ርብቃም ተመልሳ ወደ አባቱ ወደ ይስሐቅ ቤት ሄደች። ያዕቆብም አባቱ እንደሚወድደው አድርጋ ለአባቱ ምግብ ታዘጋጅ ዘንድ የፍየሎችን ሙክቶችና የበጎችንም ሙክቶች፥ በጎችንም በእጅዋ ላከ።
a95aa168-93e3-5fe1-a9f8-3d70b6358dd4,840a8ad4-860b-5f8c-a680-13d8cbb035b6,89b1d7ba-c9f4-564e-abab-949b42e2b6d1,30,30,ክብራታን ወደምትባል ሀገር እስኪቀርብ ድረስ ከእናቱ ኋላ ሄደ። በዚያም አደረ።
3b238fe3-a01f-5161-a400-20f9784bdb8b,840a8ad4-860b-5f8c-a680-13d8cbb035b6,89b1d7ba-c9f4-564e-abab-949b42e2b6d1,31,31,ራሔልም ሌሊት ወንድ ልጅ ወለደች። በወለደችውም ጊዜ ተጨንቃ ነበርና ስሙን የኀዘኔ ልጅ አለችው።
b5667cd2-dcb5-5185-a0a6-cdcbb5099b28,840a8ad4-860b-5f8c-a680-13d8cbb035b6,89b1d7ba-c9f4-564e-abab-949b42e2b6d1,32,32,አባቱ ግን ስሙን ብንያም አለው። በዚህ ኢዮቤልዩ በስድስተኛው ሱባዔ በአንደኛው ዓመት ስምንተኛው ወር በባተ በዐሥረኛው ቀን ራሔል ሞተች። ኤፍራታ በምትባል ምድርም በዚያ ተቀበረች፤ ይህችውም ቤተ ልሔም ናት።
99297345-fa2a-5ec4-ae02-b3446f298c3a,840a8ad4-860b-5f8c-a680-13d8cbb035b6,89b1d7ba-c9f4-564e-abab-949b42e2b6d1,33,33,ያዕቆብም በጎዳና ዳር ባለ በራሔል መቃብር ላይ ሐውልትን አቆመ።
83a666be-e766-5817-ad8a-a44e63f6198f,840a8ad4-860b-5f8c-a680-13d8cbb035b6,89b1d7ba-c9f4-564e-abab-949b42e2b6d1,34,34,ያዕቆብም ሄዶ በመግደላ ድራኤፍ ደቡብ አደረ ከሚስቱ ከልያም ጋር ወደ አባቱ ወደ ይስሐቅ ሄዱ።
8c7a656e-209d-53b8-abc5-2002dfd983f0,840a8ad4-860b-5f8c-a680-13d8cbb035b6,89b1d7ba-c9f4-564e-abab-949b42e2b6d1,35,35,በዐሥረኛው ወር መባቻ ሮቤል የአባቱ ዕቅብት የምትሆን የራሔልን አገልጋይ ባላንን ተሰውራ በውኃ ስትታጠብ አይቶ ወደዳት።
f323f5ad-543f-56fe-a8c5-7ce8cae97c23,840a8ad4-860b-5f8c-a680-13d8cbb035b6,89b1d7ba-c9f4-564e-abab-949b42e2b6d1,36,36,በሌሊትም ተሰውሮ ወደ ባላን ቤት ገባ፤ እርስዋም በቤቷ ብቻዋን በአልጋዋ ላይ ተኝታ አገኛት። ከእርስዋም ጋር ተኛ፥ በነቃችም ጊዜ እነሆ፥ ሮቤል ከእርስዋ ጋር በመኝታዋ ተኝቶ አየች።
d02608cd-a261-57ff-aa8f-f349d876c4fa,840a8ad4-860b-5f8c-a680-13d8cbb035b6,89b1d7ba-c9f4-564e-abab-949b42e2b6d1,37,37,እጅዋንም ዘርግታ ያዘችውና ጮኸች፤ ሮቤል እንደ ሆነም ዐወቀች። ከእርሱም የተነሣ አፈረች። ከእርሱም ላይ እጅዋን አነሣች። እርሱም ሸሸ። በዚህም ነገር ፈጽማ ታለቅስ ነበር፤ ለማንም ሰው አልተናገረችም።
e08a0c68-fa4a-5031-a6fe-ebeffe346eac,840a8ad4-860b-5f8c-a680-13d8cbb035b6,89b1d7ba-c9f4-564e-abab-949b42e2b6d1,38,38,ያዕቆብም መጥቶ በፈለጋት ጊዜ፥ “ሮቤል ስላሳደፈኝ ሌሊትም ስለደረሰብኝ ከአንተ ተለይቻለሁና ለአንተ የምገባ አይደለሁም፤ እኔ ግን እንቅልፍ ይዞኝ ነበር፤ ልብሴን ገልጦ ከእኔ ጋር እስኪተኛ ድረስ አላወቅሁትም ነበር” አለችው።
733aa6f3-da72-526d-abe2-a4aa2f738b82,840a8ad4-860b-5f8c-a680-13d8cbb035b6,89b1d7ba-c9f4-564e-abab-949b42e2b6d1,39,39,ከባላን ጋር ተኝቶአልና፥ የአባቱንም ኀፍረት ገልጦአልና ያዕቆብ በሮቤል ፈጽሞ ተቈጣ።
f6134774-6c2b-50a3-afd9-b89a5cdb9574,840a8ad4-860b-5f8c-a680-13d8cbb035b6,89b1d7ba-c9f4-564e-abab-949b42e2b6d1,40,40,ሮቤል አሳድፎአታልና ከዚህ በኋላ ያዕቆብ ወደ እርስዋ አልቀረበም። የአባቱን ኀፍረት የገለጠ ሰው ሁሉ ርኩስ ነው፤ ነገሩ እጅግ ክፉ ነውና፥ በእግዚአብሔርም ፊት የተናቀ ነውና።
c85fdf05-81bf-5050-a977-eae2b2ead7f1,840a8ad4-860b-5f8c-a680-13d8cbb035b6,89b1d7ba-c9f4-564e-abab-949b42e2b6d1,41,41,ስለዚህ ነገር ሰው ከአባቱ ሚስት ጋር እንዳይተኛ፥ የአባቱንም ኀፍረት እንዳይገልጥ በሰማይ ጽላት ተጽፎአል፤ ርኩስም ስለ ሆነ ሞትን ይሙት።
485ed670-f1f0-52bd-a15c-1f8dd426cfc0,840a8ad4-860b-5f8c-a680-13d8cbb035b6,89b1d7ba-c9f4-564e-abab-949b42e2b6d1,42,42,ከአባቱ ሚስት ጋር የሚተኛ ሰው ጐስቋላ ነው። ሴትም ብትሆን ጐስቋላ ናት። በምድር ርኩስ ሥራን ሠርተዋልና። እርሱም እርስዋም ይሙቱ። በአምላካችን ፊት ለአገዛዝ በመረጠው ወገን መካከል ርኵሰት አይሁን።
f0d1786c-431b-537d-a8b2-9a67a8cce186,840a8ad4-860b-5f8c-a680-13d8cbb035b6,89b1d7ba-c9f4-564e-abab-949b42e2b6d1,43,43,ከአባቱ ሚስት ጋር የሚተኛ ሰው የአባቱን ኀፍረት ገልጦአልና የተረገመ ይሆን ዘንድ ዳግመኛ ተጽፎአል።
63715b1f-cd03-59f0-a823-38feb5b50fb3,840a8ad4-860b-5f8c-a680-13d8cbb035b6,89b1d7ba-c9f4-564e-abab-949b42e2b6d1,44,44,የእግዚአብሔር ወዳጆች ሁሉ፥ “ይሁን፥ ይሁን” አሉ።
3b75b8f3-074a-5af1-af1e-5852fb48b859,840a8ad4-860b-5f8c-a680-13d8cbb035b6,89b1d7ba-c9f4-564e-abab-949b42e2b6d1,45,45,አንተም ሙሴ ይህን ነገር ይጠብቁ ዘንድ የእስራኤልን ልጆች እዘዛቸው፥ ለሞት የሚያበቃ ፍርድ ነውና፥ የረከሰም ነውና።
58430bf0-3f58-50ef-af4b-79a3628062df,840a8ad4-860b-5f8c-a680-13d8cbb035b6,89b1d7ba-c9f4-564e-abab-949b42e2b6d1,46,46,ይህን ክፉ ሥራ ለሠራ ሰው ከመገደልና በድንጋይ ከመደብደብ፥ ከእግዚአብሔርም ሕዝብ መካከል ተለይቶ ከመጥፋት በቀር በኀጢአቱ ይቅርታና ስርየት የለውም፤ በእስራኤልም መካከል ይህን ሥራ የሚሠራ ማንኛውም ሰው የተናቀና የተጠላ ስለ ሆነ በምድር አንድ ቀን እንኳ መኖር አይገባውም።
f7c216cc-456d-5569-a2e1-e1e971d88c65,840a8ad4-860b-5f8c-a680-13d8cbb035b6,89b1d7ba-c9f4-564e-abab-949b42e2b6d1,47,47,ለእርስዋ ባልዋ አባቱ ያዕቆብ በሕይወት ሳለ ከአባቱ ዕቅብት ጋር ከተኛ በኋላ ለሮቤል ሕይወትና ስርየት ነበረው አይበሉ።
8fb5bfef-cc89-55a2-a119-7c621f57f77a,840a8ad4-860b-5f8c-a680-13d8cbb035b6,89b1d7ba-c9f4-564e-abab-949b42e2b6d1,48,48,በዚያን ጊዜ ለሁሉ ሥርዐትና ሕግ፥ ፍርድም አልተሠራምና፤ ነገር ግን በዘመናችሁ የዘመናትና የቀናት ሕግ እንደ ዘለዓለም ሆኖ ለዘለዓለም ትውልድ ተሠርቶአል።
4784e394-1c24-56bc-a584-ba786588a08e,840a8ad4-860b-5f8c-a680-13d8cbb035b6,89b1d7ba-c9f4-564e-abab-949b42e2b6d1,49,49,ለዚህም ሕግ የዘመን ፍጻሜ የለውም። በሕዝቡ መካከል ሁለቱ ሁሉ በአንድነት ይጠፉ ዘንድ፥ ይህችን ኀጢአት በሠሩባት ቀን ይገድሉአቸው ዘንድ ነው እንጂ ለኀጢአታቸው ምንም ስርየት የለውም።
7c7f4a71-665d-518e-afa4-211ee9c682a6,840a8ad4-860b-5f8c-a680-13d8cbb035b6,89b1d7ba-c9f4-564e-abab-949b42e2b6d1,50,50,አንተም ሙሴ ለእስራኤል ጻፍላቸው፤ ይጠብቁአት፤ እንደዚህ ያለ ሥራም አይሥሩ፤ ለሞት የሚያበቃ በደልንም አይበድሉ። ፊት አይቶ የማያዳላ፥ መማለጃን የማይቀበል እርሱ አምላካችን እግዚአብሔር እውነተኛ ፈራጅ ነውና።
75438a3d-b70d-5160-a997-d64d3684851a,840a8ad4-860b-5f8c-a680-13d8cbb035b6,89b1d7ba-c9f4-564e-abab-949b42e2b6d1,51,51,ይሰሙ ዘንድ፥ ይጠብቁም ዘንድ፥ ከእነርሱም ይለዩ ዘንድ ከምድር ፈጽመው እንዳይጠፉ ይህን የሥርዐት ነገር ንገራቸው። ዓለም በፈጣሪያችን ፊት ይህችን ኀጢአት ለሚሠሩአት ሰዎች ሁሉ የተጠላ፥ የተናቀና የተነቀፈ ነውና፥ በምድር ላይ ከሚሠሩት ከዝሙት የበለጠ ታላቅ ኀጢአት የለምና።
6941d8f1-8688-5ba6-a9bd-d2f396a44099,840a8ad4-860b-5f8c-a680-13d8cbb035b6,89b1d7ba-c9f4-564e-abab-949b42e2b6d1,52,52,እስራኤል ለእግዚአብሔር የተለየ ወገን ነውና፥ ለአምላኩም የተለየ ወገን ነውና፥ የክህነትና የመንግሥት ወገን ነውና፥ ገንዘብም ነውና። በቅዱስ ሕዝብ መካከል እንዲህ ያለ ኀጢአት ሊታይ አይገባም።
ac864611-c10e-565d-a459-018f6250e893,840a8ad4-860b-5f8c-a680-13d8cbb035b6,89b1d7ba-c9f4-564e-abab-949b42e2b6d1,53,53,በዚህ በስድስተኛው ሱባዔ በሦስተኛው ዓመት ያዕቆብና ልጆቹ ሄደው በአባቱ በይስሐቅና በእናቱ በርብቃ አቅራቢያ በአብርሃም ቤት አደሩ።
0d83778b-84a6-58f0-a8b3-48343318e35f,840a8ad4-860b-5f8c-a680-13d8cbb035b6,89b1d7ba-c9f4-564e-abab-949b42e2b6d1,54,54,የያዕቆብም ልጆች ስማቸው ይህ ነው፤ መጀመሪያው ሮቤል ይባላል፤ ሁለተኛው ስምዖን ይባላል፤ ሦስተኛው ሌዊ ይባላል፤ አራተኛው ይሁዳ ይባላል፤ አምስተኛው ይሳኮር ይባላል፤ ስድስተኛው ዛብሎን ይባላል፤ እነዚህ የልያ ልጆች ናቸው።
80aac709-c8c3-54f9-a475-c4298feac1d8,840a8ad4-860b-5f8c-a680-13d8cbb035b6,89b1d7ba-c9f4-564e-abab-949b42e2b6d1,55,55,የራሔልም ልጆች ዮሴፍና ብንያም ናቸው።
b089bc15-cb67-5f58-af5b-7a4ef4f42f74,840a8ad4-860b-5f8c-a680-13d8cbb035b6,89b1d7ba-c9f4-564e-abab-949b42e2b6d1,56,56,የባላንም ልጆች ዳንና ንፍታሌም ናቸው።
99de02b1-6432-5541-a5fb-932b281a4e5c,840a8ad4-860b-5f8c-a680-13d8cbb035b6,89b1d7ba-c9f4-564e-abab-949b42e2b6d1,57,57,የዘለፋም ልጆች ጋድና አሴር ናቸው።
b7bbc84c-e34e-53fc-ae8e-05a44dd73b04,840a8ad4-860b-5f8c-a680-13d8cbb035b6,89b1d7ba-c9f4-564e-abab-949b42e2b6d1,58,58,ልያ ለያዕቆብ የወለደቻት ሴት ልጅ ዲና ብቻ ናት። ሄደውም ለያዕቆብና ለርብቃ ሰገዱ።
17cba981-7dad-5550-ae60-e24299a75ae9,840a8ad4-860b-5f8c-a680-13d8cbb035b6,89b1d7ba-c9f4-564e-abab-949b42e2b6d1,59,59,ባዩአቸውም ጊዜ ያዕቆብንና ልጆቹን ሁሉ መረቁአቸው። የትንሹን ልጁን የያዕቆብን ልጆች አይቶአልና ይስሐቅ ፈጽሞ ደስ ብሎት መረቃቸው።
db525846-4ef4-566d-ae8f-0cc9ef708449,0c0d9031-a088-5bb6-aa29-feb638cbeb3a,82303966-6de1-5f25-a94e-9b85a576ad0a,1,1,ከዚህ ከአርባ አራተኛው ኢዮቤልዩ በዚህ ሱባዔ በስድስተኛው ዓመት በጎችን ይጠብቁ ዘንድ ያዕቆብ ልጆቹን ላካቸው። አገልጋዮቹንም ከእነርሱ ጋር ወደ ሰቂሞን መስክ ላካቸው።
d903ab13-0fd6-5121-ac7a-af5a96b24716,0c0d9031-a088-5bb6-aa29-feb638cbeb3a,82303966-6de1-5f25-a94e-9b85a576ad0a,2,2,በዛፍ ሥር ተሰውረው ያጠፉአቸው ዘንድ፥ ሚስቶቻቸውንና ከብቶቻቸውንም ይማርኩ ዘንድ ሰባቱ የአሞሬዎን ነገሥታት በእነርሱ ላይ ተሰበሰቡ።
b2997a8f-a7b2-5aae-a3f7-b96f21bf8933,0c0d9031-a088-5bb6-aa29-feb638cbeb3a,82303966-6de1-5f25-a94e-9b85a576ad0a,3,3,የያዕቆብም ልጆች፥ ሌዊ፥ ይሁዳና ዮሴፍ ከአባታቸው ከያዕቆብ ጋር በቤት ነበሩ። ልቡናው ያዝንበት ነበርና፥ እርሱንም መተው አልተቻላቸውምና፤ ስለዚህም ታናሹ ልጁ ብንያም በእርሱ ዘንድ ነበረ።
91648f0d-0d5a-5e48-a274-c72196b335df,0c0d9031-a088-5bb6-aa29-feb638cbeb3a,82303966-6de1-5f25-a94e-9b85a576ad0a,4,4,የታፋ ነገሥታት፥ የአሬሳ ነገሥታት፥ የሳራጋን ነገሥታትና የሴሎን ነገሥታት፥ የጋዒዝ ንጉሥ፥ የቤቴሮን ንጉሥና የማአኒሲኪሮስ ንጉሥ በተራራ የሚኖሩ ሁሉ።
a7054808-55b8-5206-aac3-6c798d8f39c7,0c0d9031-a088-5bb6-aa29-feb638cbeb3a,82303966-6de1-5f25-a94e-9b85a576ad0a,5,5,በከነዓን ባለ ዛፍ ሥር የሚኖሩ ሁሉ መጡ። ለያዕቆብም፥ “እነሆ፥ የአሞሬዎን ነገሥታት ልጆችህን ከበቡአቸው፤ መንጋቸውንም ተነጠቁ” ብለው ነገሩት።
bf29bd41-b689-5f38-a740-f8c832149132,0c0d9031-a088-5bb6-aa29-feb638cbeb3a,82303966-6de1-5f25-a94e-9b85a576ad0a,6,6,እርሱም ከቤቱ ተነሣ፤ ሦስቱም ልጆቹ፥ የአባቱም ብላቴኖች ሁሉ፥ የእርሱም ብላቴኖች ተነሡ።
d7883ac5-f6d3-536a-a608-6f80baf2a6a5,0c0d9031-a088-5bb6-aa29-feb638cbeb3a,82303966-6de1-5f25-a94e-9b85a576ad0a,7,7,መሣሪያ የያዙ ዘጠኝ ሺህ ሰዎች ይዞ ሄዶ በሰቂሞን መስክ ወጉአቸው።
fe23f444-55ee-5b21-ab0f-42f16fd128b5,0c0d9031-a088-5bb6-aa29-feb638cbeb3a,82303966-6de1-5f25-a94e-9b85a576ad0a,8,8,የሸሹትንም ተከትለው በሰይፍ አጠፉአቸው፤ ታፋና አሬሳን፥ ሴሎንና ሰራጋን፥ ማአኒሲኪሮስን፥ ጋኤዝንም አጠፋቸው፤ መንጋውንም ሰበሰበ።
8a9b96c8-7fce-50df-a804-0158bc867b65,0c0d9031-a088-5bb6-aa29-feb638cbeb3a,82303966-6de1-5f25-a94e-9b85a576ad0a,9,9,በእነርሱ ላይ ከፍ ከፍ አለ። እነዚህ አምስት እጅ የምድራቸውን ፍሬ ግብር ይሰጡት ዘንድ በእነርሱ ላይ ግብር ሠራ።
cb18e791-b260-5f2b-a03f-c511017d2154,0c0d9031-a088-5bb6-aa29-feb638cbeb3a,82303966-6de1-5f25-a94e-9b85a576ad0a,10,10,ታምናን ታሬስንና ሮቤልን ቀጸረ፤ በሰላምም ተመለሰ።
b5f36d8f-6a0e-569c-a09c-be44b513536a,0c0d9031-a088-5bb6-aa29-feb638cbeb3a,82303966-6de1-5f25-a94e-9b85a576ad0a,11,11,ከእነርሱ ጋር ሰላምን አደረገ። እርሱና ልጆቹ ወደ ግብፅ እስከወረዱበት ቀን ድረስ አገልጋዮች ሆኑት።
8d6e092d-968b-526b-a08f-b600fdde464b,0c0d9031-a088-5bb6-aa29-feb638cbeb3a,82303966-6de1-5f25-a94e-9b85a576ad0a,12,12,በዚህ ሱባዔ በሰባተኛው ዓመት የወንድሞቹን ደኅንነት ያውቅ ዘንድ ዮሴፍን ከቤቱ ወደ ሰቂሞን ምድር ላከው።
53f883c1-af85-57c1-a97c-45258d0bf8b2,0c0d9031-a088-5bb6-aa29-feb638cbeb3a,82303966-6de1-5f25-a94e-9b85a576ad0a,13,13,በዶታኤም ምድርም አገኛቸው፤ በዘበዙት፥ ይገድሉትም ዘንድ፦ መከሩበት።
199a1382-9dbe-5332-a5d1-3322a66ad291,0c0d9031-a088-5bb6-aa29-feb638cbeb3a,82303966-6de1-5f25-a94e-9b85a576ad0a,14,14,ተመልሰውም ለእስማኤላውያን ነጋዴዎች ሸጡት። እነሱም ወደ ግብፅ አውርደው የኤሌው ሀገር ካህን ለሚሆን፥ ለእንጀራ አሳላፊዎች አለቃ፥ ለፈርዖን ባለምዋል ለፋጢፋራን ሸጡት።
5bdbe1b6-cdb1-5147-a81c-a77d9ed50f77,0c0d9031-a088-5bb6-aa29-feb638cbeb3a,82303966-6de1-5f25-a94e-9b85a576ad0a,15,15,የያዕቆብም ልጆች አውራ ፍየል አርደው የዮሴፍን ልብስ በደም ነከሩ።
1d5a8995-d4a2-5b48-a62c-6cff0a180882,0c0d9031-a088-5bb6-aa29-feb638cbeb3a,82303966-6de1-5f25-a94e-9b85a576ad0a,16,16,ሰባተኛው ወርም በባተ በዐሥረኛው ቀን ወደ አባታቸው ወደ ያዕቆብ ላኩ። በዚያች ቀን ከጥዋት እስከ ማታ ድረስ አለቀሰ።
a9a546c6-9b5d-542b-ae00-1de47ad52e34,0c0d9031-a088-5bb6-aa29-feb638cbeb3a,82303966-6de1-5f25-a94e-9b85a576ad0a,17,17,ልብሱንም አመጡለት፤ በሞቱ ኀዘን ተንቀጠቀጠ። ዮሴፍን ክፉ አውሬ እንደ በላው ነገሩት፤ የቤቱም ሰዎች ሁሉ በዚያች ቀን አለቀሱ፤ ቀኑን ሁሉ ከእርሱ ጋር ያዝኑና ያለቅሱ ነበር።
f006b3f5-ceb1-5a5c-aa42-fdf245964b65,0c0d9031-a088-5bb6-aa29-feb638cbeb3a,82303966-6de1-5f25-a94e-9b85a576ad0a,18,18,ወንዶቹ ልጆቹና ሴቲቱ ልጁ ያረጋጉት ዘንድ ተነሡ። ነገር ግን ስለ ልጁ ስለ ዮሴፍ አልተረጋጋም።
4c5e70eb-baf8-5cc3-a14c-71dee6401e2a,0c0d9031-a088-5bb6-aa29-feb638cbeb3a,82303966-6de1-5f25-a94e-9b85a576ad0a,19,19,በዚያም ቀን ባላን ዮሴፍ እንደ ሞተ ሰማች። ለእርሱም ስታለቅስ ሞተች። እርስዋም በቅፍራቲፋ ትኖር ነበር።
16f38596-fa78-57ad-aa08-7858bb0c4dee,0c0d9031-a088-5bb6-aa29-feb638cbeb3a,82303966-6de1-5f25-a94e-9b85a576ad0a,20,20,ልጁ ዲናም ዮሴፍ ከጠፋ በኋላ ሞተች። በያዕቆብ ላይ በአንድ ወር ይህ ሦስቱ ኀዘን ደረሰበት። ባላንም በራሔል መቃብር አንጻር ቀበሩአት፤ ልጁን ዲናንም በዚያ ቀበሩዋት።
38ca3153-af6e-56b2-a79e-f944a0148121,0c0d9031-a088-5bb6-aa29-feb638cbeb3a,82303966-6de1-5f25-a94e-9b85a576ad0a,21,21,ከዮሴፍ መጥፋት በኋላ አንድ ዓመት ሲያለቅስ ኖረ። “ስለ ልጄ ስለ ዮሴፍ እያለቀስሁ ወደ መቃብር እወርዳለሁ” ብሎአልና ልቅሶውን አልተወም።
efd4e6dd-636a-5eb6-a219-b4d252d170bd,0c0d9031-a088-5bb6-aa29-feb638cbeb3a,82303966-6de1-5f25-a94e-9b85a576ad0a,22,22,ስለዚህ ነገር የዮሴፍን መርዶ ወደ አባቱ ወደ ያዕቆብ ባደረሱበት ቀን በፍየል ጠቦት ለእርሱ ያስተሰርይለት ዘንድ፥ ሰባተኛው ወር በባተ በዐሥረኛው ቀን ያዝኑ ዘንድ፥ በእስራኤል ልጆች ላይ ሥርዐት ተሠራ።
a2ec0cac-11d4-50d2-a8b8-e4134b7a842a,0c0d9031-a088-5bb6-aa29-feb638cbeb3a,82303966-6de1-5f25-a94e-9b85a576ad0a,23,23,ሰባተኛው ወር በባተ በዐሥረኛው ቀን ከዓመት አንድ ጊዜ ስለ ኀጢአታቸው ተሠራች፤ ስለ ልጁ ስለ ዮሴፍ የአባታቸውን ልቡና አሳዝነዋልና።
a0674661-9d01-560e-a6fb-f933a1573692,0c0d9031-a088-5bb6-aa29-feb638cbeb3a,82303966-6de1-5f25-a94e-9b85a576ad0a,24,24,ይህቺም ቀን ስለ ኀጢአታቸውና ስለ በደላቸው ሁሉ፥ ስለ ስሕተታቸውም በዚህች ቀን በዓመት አንድ ጊዜ በዚያች ቀን ራሳቸውን ሊያነጹ ያዝኑባት ዘንድ ተሠራች።
914c261e-3bfa-5a1b-ade9-edfc038a0c1f,0c0d9031-a088-5bb6-aa29-feb638cbeb3a,82303966-6de1-5f25-a94e-9b85a576ad0a,25,25,ዮሴፍም ከጠፋ በኋላ የያዕቆብ ልጆች ለራሳቸው ሚስት አገቡ፤ የአንደኛው የሮቤል ሚስት ስምዋ አዳ ይባላል።
49038900-f4a9-5550-acfd-c49c4f16a49f,0c0d9031-a088-5bb6-aa29-feb638cbeb3a,82303966-6de1-5f25-a94e-9b85a576ad0a,26,26,የሁለተኛውም የስምዖን ሚስት ስምዋ አንዲባአ ትባላለች፤ ይህችውም የከነዓን ሴት ናት። የሦስተኛው የሌዊ ሚስት ስምዋ ሚልካ ይባላል፤ እርስዋም ከታራ ልጆች ወገን ከአራም ልጆች የተወለደች ናት።
f68d1a0b-1d8e-53be-ada9-4a40a9ce4544,0c0d9031-a088-5bb6-aa29-feb638cbeb3a,82303966-6de1-5f25-a94e-9b85a576ad0a,27,27,የአራተኛው የይሁዳ ሚስት ስምዋ ቤተ ሱኤል ይባላል፤ እርስዋም የከነዓን ሴት ናት። የአምስተኛው የይሳኮር ሚስትም ስምዋ ሒዛቃ ይባላል።
0c53db43-b54b-5844-ab2c-8103c96ccb91,0c0d9031-a088-5bb6-aa29-feb638cbeb3a,82303966-6de1-5f25-a94e-9b85a576ad0a,28,28,የስድስተኛው የዛብሎን ሚስትም ስምዋ ኒኤሚን ይባላል። የሰባተኛው የዳን ሚስትም ስምዋ ኤግላ ይባላል። የስምንተኛው የንፍታሌም ሚስት ስምዋ የመስጴጦምያ ሴት የምትሆን ራሱኡ ናት።
66aeee5b-b6d6-5892-a1ae-f7298729c4ff,0c0d9031-a088-5bb6-aa29-feb638cbeb3a,82303966-6de1-5f25-a94e-9b85a576ad0a,29,29,የዘጠነኛው የጋድ ሚስትም ስምዋ ሚካ ይባላል። የዐሥረኛው የአሴር ሚስትም ስምዋ ኢዮና ይባላል። የዐሥራ አንደኛው የዮሴፍ ሚስትም ስምዋ አስኔት ይባላል። ይህችውም የግብፅ ሴት ናት።
00077f5d-23eb-57c2-a867-6b17fa53c117,0c0d9031-a088-5bb6-aa29-feb638cbeb3a,82303966-6de1-5f25-a94e-9b85a576ad0a,30,30,የዐሥራ ሁለተኛው የብንያምም ሚስት ስምዋ ኢዮሳካ ይባላል። ስምዖንም ተመልሶ ከመስጴጦምያ እንደ ወንድሞቹ ሁለተኛ ሚስት አገባ።
54019393-6b8f-50b5-a5e8-142d436dcf88,6e8d9c47-0585-5342-afc7-1444600fd010,c6aaac37-37d5-5a81-a3ce-ab7e16ad6ca6,1,1,በአርባ አምስተኛው ኢዮቤልዩ በመጀመሪያው ሱባዔ በመጀመሪያው ዓመት ርብቃ ልጅዋን ያዕቆብን ጠርታ በያዕቆብ በዘመኑ ሁሉ ያከብራቸው ዘንድ፥ ስለ ወንድሙና ስለ አባቱ አዘዘችው።
78b070e8-19f4-516f-a8ef-f23851f485f7,6e8d9c47-0585-5342-afc7-1444600fd010,c6aaac37-37d5-5a81-a3ce-ab7e16ad6ca6,2,2,ያዕቆብም እንዲህ አለ፥ “ይህ ነገር ለእኔ ክብር፥ ጌትነትም ነውና፥ አከብራቸውም ዘንድ በእግዚአብሔር ፊት በጎ ነገር ነውና እኔ ያዘዝሽኝን ሁሉ አደርጋለሁ።
643ccf7f-bdbd-5390-ad56-9fc0b35d6540,6e8d9c47-0585-5342-afc7-1444600fd010,c6aaac37-37d5-5a81-a3ce-ab7e16ad6ca6,3,3,እናቴ ሆይ፥ ከተወለድሁባት ቀን ጀምሮ እስከዚህች ቀን ድረስ በዘመኔ ሁሉ ለሁሉ በጎ ነገር እንደማስብ ሥራዬን ሁሉና በልቤ ያለውን ሁሉ ታውቂያለሽ።
c0a7e05c-d44e-5717-ad9f-19118adcbcec,6e8d9c47-0585-5342-afc7-1444600fd010,c6aaac37-37d5-5a81-a3ce-ab7e16ad6ca6,4,4,ወንድሜንና አባቴን አከብር ዘንድ ያዘዝሽኝን ነገር እንዴት አላደርግም? በእኔ ምን ጥመት አየሽብኝ? እናቴ፥ እስኪ ንገሪኝ፤ እኔም ከእርሱ ፈጽሜ እርቃለሁ፤ ይቅርታም ይደረግልኛል” አላት።
3dbde888-f14a-5a35-af4d-3e4268505906,6e8d9c47-0585-5342-afc7-1444600fd010,c6aaac37-37d5-5a81-a3ce-ab7e16ad6ca6,5,5,እርሱዋም አለችው፥ “ልጄ ባለ በዘመኔ ሁሉ የቀና ሥራን ነው እንጂ በአንተ ያየሁት ምንም ጠማማ ሥራ የለም።
03fc956f-731d-5b13-a3c6-97857c8d2eef,6e8d9c47-0585-5342-afc7-1444600fd010,c6aaac37-37d5-5a81-a3ce-ab7e16ad6ca6,6,6,ነገር ግን ልጄ! እውነት ነገርን እነግርሃለሁ። እኔ በዚህች ዓመት እሞታለሁ። ከመቶ አምሳ አምስት ዓመት በላይ እንዳልኖር፥ የምሞትባትን ቀን በሕልሜ አይቻለሁና ይህችን ዓመት በሕይወት አላልፋትም።
670c0011-44b6-5b19-a343-1806bb570ab6,6e8d9c47-0585-5342-afc7-1444600fd010,c6aaac37-37d5-5a81-a3ce-ab7e16ad6ca6,7,7,እኖርበት ዘንድ ያለኝን ዘመኔን ሁሉ እነሆ፥ እኔ ፈጽሜአለሁ።” ያዕቆብ እናቱ፥ “እሞታለሁ” ብላዋለችና ስለ እናቱ ነገር ሳቀ።
14cb7db7-2451-540a-a63e-08df35820680,6e8d9c47-0585-5342-afc7-1444600fd010,c6aaac37-37d5-5a81-a3ce-ab7e16ad6ca6,8,8,እርስዋ ግን በአንጻሩ ተቀምጣ ነበር፤ ኀይልም ነበራት፤ ትወጣና ትገባ ነበርና፥ ታይም ነበርና። ጕልበቷም አልደከመም ነበር፤ ጥርስዋም ጽኑ ነበር፤ በሕይወት በኖረችበት ዘመን ሁሉ ምንም በሽታ አላገኛትም ነበር።
f1db338f-94e5-5791-ada5-19f2a535b64f,6e8d9c47-0585-5342-afc7-1444600fd010,c6aaac37-37d5-5a81-a3ce-ab7e16ad6ca6,9,9,ያዕቆብም አላት፥ “እናቴ ሆይ! ዘመኔ በሕይወት ወደ ኖርሽበት ዘመን ከቀረበ እኔ እድለኛ ነኝ፤ ኀይሌም እንደ አንቺ ኀይል እንዲህ በእኔ ጸንቶ ይኖራል፤ ስለ ሞትሽም ከእኔ ጋር በዋዛ ከንቱ ነገርን ትናገሪያለሽና አትሞቺም።”
57be5445-0316-5f3d-a5c4-2d26abfa7bd3,6e8d9c47-0585-5342-afc7-1444600fd010,c6aaac37-37d5-5a81-a3ce-ab7e16ad6ca6,10,10,ወደ ይስሐቅም ገብታ እንዲህ አለችው፥ “አንድ ልመናን እለምንሃለሁ፤ የዔሳው ልቡ ከሕፃንነቱ ጀምሮ ክፉ እንደ ሆነ ታውቃለህና፥ በእርሱም ቸርነት የለምና፤ ከሞትህ በኋላ እርሱ ይገድለው ዘንድ ይወድዳልና፥ በያዕቆብም ላይ ክፉ ነገርን እንዳያደርግ፥ በጠብም አስወጥቶ እንዳይሰድደው ዔሳውን አምለው።
8cfb3d28-15ef-5c0f-a92d-0473ceb0a0d2,6e8d9c47-0585-5342-afc7-1444600fd010,c6aaac37-37d5-5a81-a3ce-ab7e16ad6ca6,11,11,ወንድሙ ያዕቆብ ወደ ካራን ከሄደ ጀምሮ እስከዚህች ቀን ድረስ በዘመኑ ሁሉ ያደረገውን አንተ ታውቃለህ፤ በፍጹም እንደ ተወን፥ በእኛም ክፉ ነገርን እንዳደረገ አንተ ታውቃለህ፤ መንጋህን ሰበሰበ፤ ገንዘብህንም ሁሉ ከፊትህ ቀማህ።
4f6692c6-6d81-5b65-a301-3437fbc97624,6e8d9c47-0585-5342-afc7-1444600fd010,c6aaac37-37d5-5a81-a3ce-ab7e16ad6ca6,12,12,ገንዘባችንን ይሰጠን ዘንድ ስንለምነው እርሱ እንደሚመጸውተን ሰው ያደርገዋል፤ ፍጹምና ቅን የሚሆን ልጅህ ያዕቆብንም ስለ መረቅኸው አንተን ይጠላሃል።
aedf8847-7fdf-5c12-a18e-9f83ae18db44,6e8d9c47-0585-5342-afc7-1444600fd010,c6aaac37-37d5-5a81-a3ce-ab7e16ad6ca6,13,13,ከደግነት በቀር ክፋት የለውምና ከካራን ከመጣ ጀምሮ እስከዚህ ቀን ድረስ ምንም ያጐደለብን የለም፤ ሁሉን በየጊዜው ዕለት ዕለት ያመጣልን ነበርና ያመጣልንንም ከእጁ በተቀበልን ጊዜ በፍጹም ልቡናው ደስ ይለው ነበር፤ ያከብረንም ነበር፤ ከካራንም ከመጣ ጀምሮ እስከዚህች ቀን ድረስ ከእኛ አልተለየም።
e034bc41-6e70-5865-a1be-943becd67ce6,6e8d9c47-0585-5342-afc7-1444600fd010,c6aaac37-37d5-5a81-a3ce-ab7e16ad6ca6,14,14,እርሱም እያከበረን ከእኛ ጋር ሁልጊዜ በቤት ይኖራል።”
a4f1353e-113c-5b95-a78d-b5c83bd8a6bf,6e8d9c47-0585-5342-afc7-1444600fd010,c6aaac37-37d5-5a81-a3ce-ab7e16ad6ca6,15,15,ይስሐቅም እንዲህ አላት፥ “እርሱ በፍጹም ልቡናው እንደሚያከብረን፥ ከእኛ ጋር ያለ የያዕቆብን ሥራ ዐውቃለሁ፤ አያለሁም። ቀድሞ ከተወለደበት ቀን ጀምሮ ከያዕቆብ ይልቅ ዔሳውን እወደው ነበር፤
d877affe-ac76-5818-ad04-6e365c1ccffb,6e8d9c47-0585-5342-afc7-1444600fd010,c6aaac37-37d5-5a81-a3ce-ab7e16ad6ca6,16,16,ዛሬ ግን ከዔሳው ይልቅ ያዕቆብን እወድዳለሁ። ክፉ ሥራውን አብዝቶአልና፥ ለእርሱም በጎ ሥራ የለውምና፥ ሥራው ሁሉ ዐመፅና ግፍ ነውና፥ በዙሪያውም እውነት ነገር የለውምና።
c435522f-2cda-5d68-a3df-727276be6d43,6e8d9c47-0585-5342-afc7-1444600fd010,c6aaac37-37d5-5a81-a3ce-ab7e16ad6ca6,17,17,አሁንም ስለ ክፉ ሥራው ሁሉ ልቡናዬ ይታወካል። የአብርሃምንም ፈጣሪ ትቶ ሚስቶቹን ስለ ተከተለ፥ ጣዖታቸውንም ስላመለከ፥ እርሱም ከልጆቹ ጋር ስሕተታቸውን ስለ ተከተለ ለእርሱና ለዘሩ ድኅነት የለውም። እነርሱ ከሰማይ በታች ካለ ከዚህ ዓለም የሚጠፉ ናቸውና።
c074c4c2-d7ca-56d8-a71a-a7ed87cc100a,6e8d9c47-0585-5342-afc7-1444600fd010,c6aaac37-37d5-5a81-a3ce-ab7e16ad6ca6,18,18,አንቺ ግን ወንድሙን ያዕቆብን እንዳይገድል አምለው ዘንድ አምለው ትያለሽ፤ ቢምልም በመሐላው ጸንቶ አይኖርም፤ ከክፉ ነገርም በቀር በጎ ሥራን አይሠራም።
aac99daa-0763-51df-ac18-2f9a32c15bc7,6e8d9c47-0585-5342-afc7-1444600fd010,c6aaac37-37d5-5a81-a3ce-ab7e16ad6ca6,19,19,ወንድሙን ያዕቆብንም ይገድል ዘንድ ቢወድ በያዕቆብ እጅ ይወድቃል። በእጁም ይወድቃልና ከእጁ አያመልጥም።
08a92acf-f22e-5ead-ab23-84317bdc3535,6e8d9c47-0585-5342-afc7-1444600fd010,c6aaac37-37d5-5a81-a3ce-ab7e16ad6ca6,20,20,ዔሳውን ከሚጠብቀው ይልቅ ያዕቆብን የሚጠብቀው ገናናና ኀያል፥ የከበረና የተመሰገነም ነውና አንቺ ስለ ያዕቆብ አትፍሪ” አላት።
5fb1cbcf-a27e-5f2f-a966-96b03d4cf73e,6e8d9c47-0585-5342-afc7-1444600fd010,c6aaac37-37d5-5a81-a3ce-ab7e16ad6ca6,21,21,ርብቃም ልካ ዔሳውን ጠራችው፤ ወደ እርስዋም መጣ፤ እርስዋም፥ “ልጄ ሆይ፥ ከአንተ የምለምነው ልመና አለኝ፤ ልጄ ሆይ፥ የምለምንህን ታደርግልኝ ዘንድ እሺ በለኝ” አለችው።
e8e08809-2585-5830-a8ac-dc56319c4006,6e8d9c47-0585-5342-afc7-1444600fd010,c6aaac37-37d5-5a81-a3ce-ab7e16ad6ca6,22,22,እርሱም፥ “ያልሽኝን ሁሉ አደርጋለሁ፤ ልመናሽንም እንቢ አልልም” አላት። እርሱዋም እንዲህ አለችው፥ “በሞትሁ ጊዜ በአባትህ እናት በሳራ መቃብር አቅራቢያ ትቀብረኝ ዘንድ፥ ወንድምህ ያዕቆብና አንተም እርስ በርሳችሁ ትፋቀሩ ዘንድ፥
0af42566-2765-54ea-ad85-e66270905d97,6e8d9c47-0585-5342-afc7-1444600fd010,c6aaac37-37d5-5a81-a3ce-ab7e16ad6ca6,23,23,ከፍቅርም በቀር አንዱም አንዱ በወንድሙ ላይ ክፉ ነገርን እንዳያደርግ፥ ልጆች በሥራችሁ ትከናወኑ ዘንድ፥ በዚህ ዓለምም ትከብሩ ዘንድ፥ ጠላትም በእናንተ ደስ እንዳይለው እኔ ከአንተ እለምናለሁ።
79a4711b-f918-5db4-a8ea-2eae927657dd,6e8d9c47-0585-5342-afc7-1444600fd010,c6aaac37-37d5-5a81-a3ce-ab7e16ad6ca6,24,24,በሚወዱአችሁም ሰዎች ሁሉ ፊት ለይቅርታና ለበረከት ትሆናላችሁ።”
777517c1-1b83-54c5-a399-744b1ac9981a,6e8d9c47-0585-5342-afc7-1444600fd010,c6aaac37-37d5-5a81-a3ce-ab7e16ad6ca6,25,25,እርሱም እንዲህ አለ፥ “እኔ ያልሽኝን ሁሉ አደርጋለሁ፤ በሞትሽም ጊዜ አጥንቶችሽ በአጥንቶችዋ አቅራቢያ ይኖሩ ዘንድ አጥንቶችዋን እንደ ወደድሽ በአባቴ እናት በሳራ አቅራቢያ እቀብርሻለሁ፤ ወንድሜ ያዕቆብንም ከሰው ሁሉ ይልቅ እኔ እወድደዋለሁ።
5780a933-ab15-5c57-ac0d-b54333aded2b,6e8d9c47-0585-5342-afc7-1444600fd010,c6aaac37-37d5-5a81-a3ce-ab7e16ad6ca6,26,26,ከእርሱ ብቻ በቀር በምድር ሁሉ ለእኔ ሌላ ወንድም የለኝም፤ ወንድሜ ነውና እርሱን ብወድደው ይህ ለእኔ ታላቅ አይደለም፤ በማኅፀንሽም መካከል በአንድነት ተዘርተናል፤
998dec32-aa24-5544-a333-e617d19cadd9,6e8d9c47-0585-5342-afc7-1444600fd010,c6aaac37-37d5-5a81-a3ce-ab7e16ad6ca6,27,27,ከማኅፀንሽም በአንድነት ወጥተናል፤ ወንድሜንስ ያልወደድሁ ማንን እወዳለሁ?
287bfce9-4dba-52cb-a88e-d1de5943e9e1,6e8d9c47-0585-5342-afc7-1444600fd010,c6aaac37-37d5-5a81-a3ce-ab7e16ad6ca6,28,28,ስለ ልጆችና ስለ እኔ ያዕቆብን ትመክሪው ዘንድ እኔ እንዲህ እለምንሻለሁ፤ አባቴ ከመረቀው ቀን ጀምሮ እርሱን ታላቅ፥ እኔንም ታናሽ አድርጎአልና በልጆች ላይና በእኔ ላይ እንዲነግሥ አውቃለሁ።
44bd09c0-25ef-5316-ae59-6775fe996d79,6e8d9c47-0585-5342-afc7-1444600fd010,c6aaac37-37d5-5a81-a3ce-ab7e16ad6ca6,29,29,እኔም በሕይወት በምኖርበት ዘመን ሁሉ እንደምወድደውና መቼም መች ከበጎ ነገር በቀር በእርሱ ላይ ክፉ ነገርን እንደማልፈልግ እምልልሻለሁ።”
2b9de59e-7018-539d-a7cf-272fbda2dc40,6e8d9c47-0585-5342-afc7-1444600fd010,c6aaac37-37d5-5a81-a3ce-ab7e16ad6ca6,30,30,ስለዚህ ሁሉ ነገር ማለላት፤ ያዕቆብንም በዔሳው ፊት ጠርታ ከዔሳው ጋር እንደ ተነጋገረችው ነገር አዘዘችው።
4ed24f8a-89e0-53ee-aef3-7d6070586a82,6e8d9c47-0585-5342-afc7-1444600fd010,c6aaac37-37d5-5a81-a3ce-ab7e16ad6ca6,31,31,እርሱም አላት፥ “እኔ ፈቃድሽን እፈጽማለሁ፤ በወንድሜም በዔሳው ላይ ከእኔና ከልጆች ክፉ ነገር እንደማይወጣ፥ ከፍቅርም በቀር መቼም መች አስቀድሜ እንደማልጣላ ተዋሽኝ።” እርስዋና ልጆችዋም በሉ፤ ጠጡም።
94253812-737a-5b49-a4df-4011ed5a42e9,6e8d9c47-0585-5342-afc7-1444600fd010,c6aaac37-37d5-5a81-a3ce-ab7e16ad6ca6,32,32,በዚያችም ሌሊት የሦስት ኢዮቤልዩ፥ የአንድ ሱባዔና የአንድ ዓመት ሰው የነበረችው ርብቃ ሞተች። በዚያችም ሌሊት ሁለቱ ልጆችዋ ዔሳውና ያዕቆብ ደርብነት ባላት ዋሻ በአባታቸው እናት በሳራ መቃብር አጠገብ ቀበሩአት።
53836377-c077-5950-a654-42665a26f320,6e8d9c47-0585-5342-afc7-1444600fd010,c6aaac37-37d5-5a81-a3ce-ab7e16ad6ca6,33,33,በዚህ ሱባዔ በስድስተኛው ዓመት ይስሐቅ ሁለቱን ልጆቹን ዔሳውንና ያዕቆብን ጠራቸው፤ ወደ እርሱም መጡ።
f6b01e4b-6ecd-5dbb-a77c-1070fe4a3749,6e8d9c47-0585-5342-afc7-1444600fd010,c6aaac37-37d5-5a81-a3ce-ab7e16ad6ca6,34,34,እንዲህም አላቸው፥ “ልጆች ሆይ! እኔ አባቶች በሄዱበት ጎዳና አባቶች በዚያ ለዘለዓለም ወደሚኖሩበት ቤት እሄዳለሁ፤ አብርሃም ለመቃብር በገዛው፥ እኔ ለራሴ ባስቈፈርሁት፥ በኬጢ ሰው በኤፍሮን እርሻ ውስጥ ባለች ደርብነት ባላት ዋሻ በአባቴ በአብርሃም አጠገብ ቅበሩኝ።”
0d6d1375-76ab-5541-a6f5-73f08a3fc382,6e8d9c47-0585-5342-afc7-1444600fd010,c6aaac37-37d5-5a81-a3ce-ab7e16ad6ca6,35,35,ልጆች ሆይ! እግዚአብሔር ለአብርሃምና ለዘሩ ያደርግ ዘንድ የነገረውን ሁሉ ለእናንተ እንዲያደርግላችሁ በዚህ ዓለም እውነትንና ቅንነትን ትሠሩ ዘንድ ይህን አዘዝኋችሁ።
1a3094c4-b4fd-5619-a85d-4973d03f2f4f,6e8d9c47-0585-5342-afc7-1444600fd010,c6aaac37-37d5-5a81-a3ce-ab7e16ad6ca6,36,36,ልጆች ሆይ! ሰው ራሱን እንደሚወድድ እርስ በርሳችሁ ወንድሞቻችሁን እየወደዳችሁ ኑሩ።
9fac95ae-9fca-5d97-ab87-76955a2cea58,6e8d9c47-0585-5342-afc7-1444600fd010,c6aaac37-37d5-5a81-a3ce-ab7e16ad6ca6,37,37,ሰው ለወንድሙ በጎ ነገርን ያደርግለት ዘንድ ፈልጎ፥ ይህንም በምድር ላይ በልቡናው በአንድነት አድርጎ፥ እርስ በርሳቸው እንደ ራሳቸው እንደሚፋቀሩ፥ እርስ በርሳችሁ የምትፋቀሩ ሁኑ።
35899705-2b1e-507e-a282-1849d0190f7a,6e8d9c47-0585-5342-afc7-1444600fd010,c6aaac37-37d5-5a81-a3ce-ab7e16ad6ca6,38,38,ስለ ጣዖቱም ነገር ትንቁአቸውና ትጠሉአቸው ዘንድ፥ እንዳትወዱአቸውም እኔ አዝዛችኋለሁ። ለሚያመልኳቸውና ለሚሰግዱላቸው ሰዎች ስሕተትን የተመሉ ናቸውና፤
49b4c4f8-9ebe-5a39-ac98-d09be4270dd1,6e8d9c47-0585-5342-afc7-1444600fd010,c6aaac37-37d5-5a81-a3ce-ab7e16ad6ca6,39,39,ልጆች ሆይ፥ የአባታችሁን የአብርሃምን አምላክ እግዚአብሔርን ዐስቡት።
9524b02e-0ee3-5e7c-ac30-9b9fec817ed3,6e8d9c47-0585-5342-afc7-1444600fd010,c6aaac37-37d5-5a81-a3ce-ab7e16ad6ca6,40,40,ከዚህም በኋላ እኔ አመለክሁት። በእውነትና በሰፊ ልቡና ተገዛሁለት። በደስታ ያበዛችሁ ዘንድ፥ ልጆቻችሁንም እንደ ሰማይ ኮከብ ለማብዛት ያሳድግላችሁ ዘንድ፥ ለዘለዓለም ትውልድም ሁሉ የማይነቀል የእውነተኛ ተክል አድርጎ በምድር ይተክላችሁ ዘንድ ዐስቡት።
1569150f-7331-50f7-aae4-7e8fc0a35d93,6e8d9c47-0585-5342-afc7-1444600fd010,c6aaac37-37d5-5a81-a3ce-ab7e16ad6ca6,41,41,“አሁንም እኔ በታላቅ መሐላ አምላችኋለሁ። ከእርሱ የሚበልጥ በሌላ፥ በተመሰገነና፥ በከበረ፥ ገናናና ድንቅ በሆነ፥ ኀያል ጽኑ በሆነ፥ ሰማይንና ምድርን በፈጠረ፥ ሁሉንም አንድ አድርጎ በያዘ በእግዚአብሔር ስም ከመማል የሚበልጥ መሐላ የለምና፥ እያንዳንዱም በይቅርታና በቸርነት ወንድሙን እየወደደ የምትፈሩትና የምታመልኩት ትሆኑ ዘንድ አምላችኋለሁ።
f85b80b3-17d8-5699-a9a1-102fd9cd0374,6e8d9c47-0585-5342-afc7-1444600fd010,c6aaac37-37d5-5a81-a3ce-ab7e16ad6ca6,42,42,ከዛሬ ጀምሮ እስከ ዘለዓለም ድረስ በሕይወት ዘመናችሁ ሁሉ፥ በሥራችሁ ሁሉ ትከናወኑ ዘንድ፥ እንዳትጠፉም ሰው በወንድሙ ክፉ ነገር ማድረግን አይውደድ።
800ecb5d-67a7-5dfc-a29f-03d620ec9321,6e8d9c47-0585-5342-afc7-1444600fd010,c6aaac37-37d5-5a81-a3ce-ab7e16ad6ca6,43,43,ከእናንተ በወንድሙ ክፉ ነገርን ያደርግ ዘንድ የሚፈልግ ሰው ቢኖር በእጁ እንደሚወድቅ፥ ከሕያዋን ምድርም ከዛሬ ጀምሮ እንደሚጠፋ ዕወቁ።
e413aa7c-46c2-594e-a7e5-84254f563dfd,6e8d9c47-0585-5342-afc7-1444600fd010,c6aaac37-37d5-5a81-a3ce-ab7e16ad6ca6,44,44,ዘርዑም ክርክር፥ መዓትና ቍጣ በሚደረግባት ቀን ከሰማይ በታች ካለ ከዚህ ዓለም ይጠፋል፤ እግዚአብሔርም በሚነድና በሚያቃጥል እሳት ሰዶምን እንዳቃጠለ እንደዚሁ ሀገሩንና ከተማውን ያቃጥላል። የእርሱ ገንዘብ የሆነውንም ሁሉ ያጠፋል፤ የሰው ልጅ ተግሣጽ ከተጻፈበትም መጽሐፍ ይጠፋል።
aa71c77f-1e2e-589c-af5f-d78232d449cf,6e8d9c47-0585-5342-afc7-1444600fd010,c6aaac37-37d5-5a81-a3ce-ab7e16ad6ca6,45,45,እርሱ የሚጠፋ ነውና፥ ለዘለዓለም ርግማንም የሚያልፍ ነውና፥ በዘመኑ ሁሉ ቍርጥ ፍርዳቸው በመርገምና በስድብ፥ በጭንቅና በቍጣ፥ በዘለዓለም ደዌና መቅሠፍትም የታደሰ ይሆን ዘንድ በሕይወት መጽሐፍ አይጻፍም።
56bb30ae-063a-5fe1-a223-6ad42f361804,6e8d9c47-0585-5342-afc7-1444600fd010,c6aaac37-37d5-5a81-a3ce-ab7e16ad6ca6,46,46,ልጆች ሆይ፥ በወንድሙ ክፉ ነገርን ያደርግ ዘንድ በሚወድ ሰው ላይ ቅጣት እንደሚመጣ፥ እንደሚጠፋም እነግራችኋለሁ፥ አዳኝባችኋለሁም።”
7601ccd2-bbb3-5e86-a38c-4063a1dee783,6e8d9c47-0585-5342-afc7-1444600fd010,c6aaac37-37d5-5a81-a3ce-ab7e16ad6ca6,47,47,ያለውንም ገንዘብ ሁሉ በዚያች ቀን ለሁለቱ አደለ፤ ክብርንም አስቀድሞ ለተወለደው ልጁ ሰጠ። ግንቡንና በዙሪያው ያለውንም ሁሉ ሰጠ።
2fd91cbd-986c-51d7-ac8d-903ff0c757c0,6e8d9c47-0585-5342-afc7-1444600fd010,c6aaac37-37d5-5a81-a3ce-ab7e16ad6ca6,48,48,አብርሃም በዐዘቅተ መሐላ ያጠራቀመውንገንዘብ ሁሉ ሰጠው። እንዲህም አለ፥ “ይህን ታላቅ ክብር አስቀድሞ ለተወለደው ልጅ ሰጠሁ።”
0ed76ad4-8663-5554-a916-4191175974a6,6e8d9c47-0585-5342-afc7-1444600fd010,c6aaac37-37d5-5a81-a3ce-ab7e16ad6ca6,49,49,ዔሳውም አለ፥ “ለያዕቆብ ብኵርናዬን ሸጥሁለት፤ ክብርም ይሰጠው ዘንድ ብኵርናዬን ለያዕቆብ ሰጠሁ፤ በእርሱ ዘንድ አለችና ስለ እርስዋ ምንም የምናገረው ነገር የለኝም።”
fa496202-052f-5aca-a69f-44b306748c33,6e8d9c47-0585-5342-afc7-1444600fd010,c6aaac37-37d5-5a81-a3ce-ab7e16ad6ca6,50,50,ይስሐቅም እንዲህ አለ፥ “ልጆች ሆይ፥ አሳርፋችሁኛልና፥ በእርስዋም ምክንያት ክፉ ሥራን እንዳትሠሩ ስለ ብኵርና ልቡናዬ አላዘነችምና በዚህች ቀን በእናንተና በልጆቻችሁ ላይ በረከት ትደር፤ በጎ ሥራ የሚሠራ ሰውን ልዑል እግዚአብሔር ያክብረው፤ እርሱንና ዘሩንም ለዘለዓለም ይባርክ።”
abe595bd-5862-5d78-a2c8-1f7ca10b033e,93fc2424-0d4f-5d90-aec0-bb680913cff6,01ee4d80-cf6e-5b16-a481-30d55916a697,1,1,ይህን አዝዞአቸውና መርቆአቸው ከጨረሰ በኋላ በፊቱ በአንድነት በሉ፤ ጠጡም።
7d01993d-a693-512c-abf9-914caf228dee,93fc2424-0d4f-5d90-aec0-bb680913cff6,01ee4d80-cf6e-5b16-a481-30d55916a697,2,2,በመካከላቸውም መተካከል ሆኖአልና ደስ አላቸው። ከእርሱም ዘንድ ወጡ፤ በዚያችም ቀን ዐርፈው ተኙ።
afde3da6-a137-5597-aa3a-6bdcc8df26ae,93fc2424-0d4f-5d90-aec0-bb680913cff6,01ee4d80-cf6e-5b16-a481-30d55916a697,3,3,ይስሐቅም ደስ ብሎት በዚያች ቀን በአልጋው ላይ ተኛ፤ የዘለዓለምንም እንቅልፍ አንቀላፋ።
db36272f-e2f6-5dd4-ab55-599f4309aa46,93fc2424-0d4f-5d90-aec0-bb680913cff6,01ee4d80-cf6e-5b16-a481-30d55916a697,4,4,የመቶ ሰማንያ ዐመት ሰው ሆኖ ሞተ። ሃያ አምስት ሱባዔንና አምስት ዓመትን ጨረሰ። ሁለቱ ልጆቹ ዔሳውና ያዕቆብም ቀበሩት።
fe8169a1-46b9-512c-a699-eab08fe396a9,93fc2424-0d4f-5d90-aec0-bb680913cff6,01ee4d80-cf6e-5b16-a481-30d55916a697,5,5,ዔሳውም በኤዶምያስ አውራጃ ወደ አለች ወደ ሴይር ተራራ ሄደ፤ በዚያም ኖረ።
9f4d8a6c-53a2-50a5-aa46-2cf41c3dfd58,93fc2424-0d4f-5d90-aec0-bb680913cff6,01ee4d80-cf6e-5b16-a481-30d55916a697,6,6,ያዕቆብም አባቱ አብርሃም ተሰዶ ይኖርበት በነበረ በኬብሮን ምድር ባለ ግንብ ኖረ።
d6dfc858-6099-5381-a624-eba7c75a5acd,93fc2424-0d4f-5d90-aec0-bb680913cff6,01ee4d80-cf6e-5b16-a481-30d55916a697,7,7,እንደ ተወለደበት ወራት እንደሚታየው ትእዛዝ አድርጎ በፍጹም ልቡናው እግዚአብሔርን አመለከው።
dae7005c-116c-5ec6-a297-6c9d162145a2,93fc2424-0d4f-5d90-aec0-bb680913cff6,01ee4d80-cf6e-5b16-a481-30d55916a697,8,8,በአርባ አምስተኛው ኢዮቤልዩ በሁለተኛው ሱባዔ በአራተኛው ዓመት ሚስቱ ልያ ሞተች። በአባቱ እናት በሳራ መቃብር በስተግራ በእናቱ በርብቃ መቃብር አጠገብ ደርብነት በአላት ዋሻ ቀበራት።
71e2624e-4129-58e5-a541-ebab17c1beba,93fc2424-0d4f-5d90-aec0-bb680913cff6,01ee4d80-cf6e-5b16-a481-30d55916a697,9,9,ልጆቹና ልጆችዋ ሁሉ ለሚስቱ ለልያ ከእርሱ ጋር ያለቅሱላት ዘንድ፥ ስለ እርስዋም ያረጋጉት ዘንድ መጡ፤ ያለቅስላት ነበርና። በሥራዋም ሁሉ ፈጽማ ቅን ስለሆነች እኅቷ ራሔል ከሞተች ጀምሮ ፈጽሞ ይወድዳት ነበርና።
aed6f7a4-fe2d-517a-ab0f-606ba4c9ca22,93fc2424-0d4f-5d90-aec0-bb680913cff6,01ee4d80-cf6e-5b16-a481-30d55916a697,10,10,ያዕቆብንም ታከብረው ነበር፤ ከእርሱም ጋር በኖረችበት ዘመን ሁሉ ክፉ ነገር ከአፍዋ አልሰማም፤ የዋህና ሰላማዊት ነበረችና፥ ሰላም፥ ቅንነት፥ ክብርም ያላት ነበረችና።
90075de1-7e56-535f-aac8-5eb6211a8940,93fc2424-0d4f-5d90-aec0-bb680913cff6,01ee4d80-cf6e-5b16-a481-30d55916a697,11,11,በሕይወት ሳለች የሠራችውን ሥራ ሁሉ ያስብ ነበር፤ ያለቅስላትም ነበር። በፍጹም ሰውነቱና በፍጹም ልቡናው ፈጽሞ ይወድዳት ነበርና።
be3bb671-e1a4-5c3f-a00c-9eb68b1926de,93fc2424-0d4f-5d90-aec0-bb680913cff6,01ee4d80-cf6e-5b16-a481-30d55916a697,12,12,የዔሳውና የያዕቆብ አባት ይስሐቅ በሞተባት ቀን የዔሳው ልጆች ይስሐቅ ለታናሹ ልጁ ለያዕቆብ ብኵርናውን እንደ ሰጠው ሰሙ።
b189bf7d-c68a-546d-a196-73f54f54f70b,93fc2424-0d4f-5d90-aec0-bb680913cff6,01ee4d80-cf6e-5b16-a481-30d55916a697,13,13,ፈጽመውም ተቈጡ፤ “አንተ ታላቅ ሳለህ፥ ያዕቆብ ያንተ ታናሽ ሲሆን፥ አባትህ አንተን ትቶ ለያዕቆብ ብኵርናን ለምን ሰጠው?” ብለው ከአባታቸው ጋር ተከራከሩ።
aa22cef6-79e3-5abc-a91b-c8792ace4899,93fc2424-0d4f-5d90-aec0-bb680913cff6,01ee4d80-cf6e-5b16-a481-30d55916a697,14,14,እርሱም አላቸው፥ “እኔ ብኵርናዬን በትንሽ ምስር ንፍሮ ሸጫለሁና ስለዚህ ነው።
186ce21e-a11f-5ea6-ac2c-4f39c4a8c125,93fc2424-0d4f-5d90-aec0-bb680913cff6,01ee4d80-cf6e-5b16-a481-30d55916a697,15,15,በልቶ ሊመርቀኝ አድኜ አመጣለት ዘንድ አባቴ በላከኝ ቀን በተንኰል መጥቶ የሚበላውንና የሚጠጣውን ለአባቴ አቀረበ። አባቴም መረቀው፤ እኔንም ከእርሱ በታች አደረገኝ።
d90d3914-9029-59f2-a2a9-0862563fb202,93fc2424-0d4f-5d90-aec0-bb680913cff6,01ee4d80-cf6e-5b16-a481-30d55916a697,16,16,አሁንም ወንድም ከወንድሙ ጋር በክፉ ነገር እንዳንፈላለግ፤ ነገር ግን ወንድም ከወንድሙ ጋር በፍቅርና በሰላም ጸንተን እንድንኖር፥ መንገዳችንንም እንዳናጠፋ፥ አባታችን እኔንና እርሱን አማማለን።”
6a48e53c-c99e-5730-af09-013121411a49,93fc2424-0d4f-5d90-aec0-bb680913cff6,01ee4d80-cf6e-5b16-a481-30d55916a697,17,17,እነርሱም አሉት፥ “ከእርሱ ጋር ፍቅር ለማድረግ አንሰማህም፤ ከእርሱ ኀይል የእኛ ኀይል ይጸናልና፥ እኛም ከእርሱ እንበረታለንና ወደ እርሱ ሄደን እንገድለዋለን፤ ልጆቹንም እንገድላለን፤ ከእኛ ጋር ካልሄድህም በአንተ ላይ ክፉ ነገር እናደርግብሃለን።
ec7f25fc-82c7-5d82-a4e4-e5ee24e48785,93fc2424-0d4f-5d90-aec0-bb680913cff6,01ee4d80-cf6e-5b16-a481-30d55916a697,18,18,አሁንም ስማን፤ ወደ አራም፥ ወደ ፍልስጥኤም፥ ወደ አሞንና ወደ ሞዓብ ልከን በሰልፍ የሚመክቱ የተመረጡ ሰዎችን ለራሳችን እንምረጥ፤
64a53a9a-4823-5c3a-a3c0-417400d43d8e,93fc2424-0d4f-5d90-aec0-bb680913cff6,01ee4d80-cf6e-5b16-a481-30d55916a697,19,19,ወደ እርሱም ሄደን ከእርሱ ጋር እንዋጋ፤ ኀይልም ሳይዝ ከምድር እናጥፋው።”
03654b0e-fc95-594d-acc9-1d649dfdd20c,93fc2424-0d4f-5d90-aec0-bb680913cff6,01ee4d80-cf6e-5b16-a481-30d55916a697,20,20,አባታቸውም፥ “አትሂዱ፤ በፊቱም እንዳትጠፉ፥ ከእርሱ ጋር ጠብን አታድርጉ” አላቸው።
4985cd1f-d798-5aef-aa2d-7f2492feccca,93fc2424-0d4f-5d90-aec0-bb680913cff6,01ee4d80-cf6e-5b16-a481-30d55916a697,21,21,እነርሱም አሉት፥ “ከልጅነትህ ጀምሮ እስከዚህች ቀን ድረስ ሥራህ ይህ ብቻ ነውን? አንተ አንገትህን ወደ ቀንበሩ ታገባለህ፤ እኛስ ይህን ነገር አንሰማም።”
8a5c2085-dcbd-588d-a143-1d7e9bbcad38,93fc2424-0d4f-5d90-aec0-bb680913cff6,01ee4d80-cf6e-5b16-a481-30d55916a697,22,22,ወደ አራምና ወደ አባታቸው ወዳጅ ወደ አዱራም ልከው የተመረጡ አርበኞችና ጦረኞች የሚሆኑ ሺህ ሰዎችን ለመቅጠር ከእነርሱ ጋር ተስማሙ።
d4575c5e-62b2-5cfa-ac8f-35050f96e163,93fc2424-0d4f-5d90-aec0-bb680913cff6,01ee4d80-cf6e-5b16-a481-30d55916a697,23,23,ከተወዳጁአቸው ከአሞንና ከሞዓብ ልጆች የተመረጡ ሺህ አርበኞች፥
c28e2a47-63bb-5ec4-a4c1-5ce7163c034c,93fc2424-0d4f-5d90-aec0-bb680913cff6,01ee4d80-cf6e-5b16-a481-30d55916a697,24,24,ከፍልስጥኤም የተመረጡ ሺህ አርበኞች፥
358c1d86-b287-576e-ae4a-8bc53c0d6b21,93fc2424-0d4f-5d90-aec0-bb680913cff6,01ee4d80-cf6e-5b16-a481-30d55916a697,25,25,ከኤዶምና ከኮራውስ የተመረጡ ሺህ አርበኞች፥
edfe9795-a5de-567e-ae9b-83c21ee5c9b2,93fc2424-0d4f-5d90-aec0-bb680913cff6,01ee4d80-cf6e-5b16-a481-30d55916a697,26,26,ከኬጤዎንም ጽኑዓን የሆኑ አርበኞች ወደ እነርሱ መጡ።
6e821965-7b63-547a-abd2-881bd9c43059,93fc2424-0d4f-5d90-aec0-bb680913cff6,01ee4d80-cf6e-5b16-a481-30d55916a697,27,27,አባታቸውንም፥ “ወጥተህ ምራቸው፤ ይህ ካልሆነ እንገድልሃለን” አሉት። እርሱም ወደ ወንድሙ ወደ ያዕቆብ ሊመራቸው ይሄድ ዘንድ ልጆቹ እንደ ተበራቱበት በአየ ጊዜ ፈጽሞ ቍጣን ተመላ።
5cc26429-5161-5f5e-a5e0-d419a8c4388a,93fc2424-0d4f-5d90-aec0-bb680913cff6,01ee4d80-cf6e-5b16-a481-30d55916a697,28,28,ከዚህም በኋላ በልቡ የተሰወረ ክፋትን ሁሉ በወንድሙ በያዕቆብ ላይ አሰበ። ነገር ግን በዘመኑ ሁሉ በወንድሙ በያዕቆብ ላይ ክፉ ነገርን እንዳይፈልግ ለእናቱና ለአባቱ የማለውን መሐላ አላሰበም።
0b8d13ea-a52b-5fe5-a714-b30f0149dd94,93fc2424-0d4f-5d90-aec0-bb680913cff6,01ee4d80-cf6e-5b16-a481-30d55916a697,29,29,ያዕቆብ ግን እነርሱ ለመዋጋት ወደ እርሱ እንደሚመጡ ይህን ሁሉ አላወቀም። እርሱም ከተመረጡ ከአራት ሺህ አርበኞችና ጦረኞች ጋር በግንቡ አጠገብ ወደ እርሱ እስኪቀርቡ ድረስ ለሚስቱ ለልያ ያለቅስ ነበር።
99eae3c6-e04f-55c1-ad3b-8d40fbedb047,93fc2424-0d4f-5d90-aec0-bb680913cff6,01ee4d80-cf6e-5b16-a481-30d55916a697,30,30,የኬብሮን ሰዎችም፥ “እነሆ፥ ወንድምህ ይዋጋህ ዘንድ ሰይፍ ከታጠቁ፥ ጋሻቸውንና ጦራቸውንም ከያዙ ከአራት ሺህ ሰዎች ጋር መጣ” ብለው ወደ እርሱ ላኩ።
97e82322-4bed-5f1f-a253-974acca01681,93fc2424-0d4f-5d90-aec0-bb680913cff6,01ee4d80-cf6e-5b16-a481-30d55916a697,31,31,ከዔሳው ይልቅ ያዕቆብን ይወዱት ነበርና ነገሩት፤ ያዕቆብ ለጋስ ሰው ነበረና፥ ከዔሳውም ይልቅ ቸር ነበረና። ያዕቆብም ወደ ግንቡ አጠገብ እስኪቀርቡ ድረስ የነገሩትን አላመነም። የግንቡንም በር ዘጋ።
57717aae-bc7b-547d-a68a-226f18a3e8a2,93fc2424-0d4f-5d90-aec0-bb680913cff6,01ee4d80-cf6e-5b16-a481-30d55916a697,32,32,በግንቡም ላይ ቆሞ ከወንድሙ ከዔሳው ጋር ተነጋገረ፤ እንዲህም አለ፥ “ሚስቴ ስለ ሞተች በበጎ ማረጋጋት ታረጋጋኝ ዘንድ መጣህን?
ee2bd0ae-40a7-52c0-a33c-6d4813a22526,93fc2424-0d4f-5d90-aec0-bb680913cff6,01ee4d80-cf6e-5b16-a481-30d55916a697,33,33,እናትህና አባትህ ሳይሞቱ ዳግመኛ ፈጥነህ የማልኸው መሐላ ይህ ነውን?
95cd3322-491c-581e-acd2-a1f1779982be,93fc2424-0d4f-5d90-aec0-bb680913cff6,01ee4d80-cf6e-5b16-a481-30d55916a697,34,34,ከማልኸው መሐላ ወጥተህ በደልህ፤ ለአባትህም በማልህበት ጊዜ ተፈረደብህ።” ዔሳውም ያንጊዜ መለሰ።
2cc2946d-95a8-53f4-a503-456fdf39d355,93fc2424-0d4f-5d90-aec0-bb680913cff6,01ee4d80-cf6e-5b16-a481-30d55916a697,35,35,እንዲህም አለው፥ “ለምድር አራዊትና ለሰው ልጆች በእውነት የተማማሉት መሐላ እስከ ዘለዓለም ድረስ የለም።
bd5088a1-5ada-5496-aea8-e70c0741d2e1,93fc2424-0d4f-5d90-aec0-bb680913cff6,01ee4d80-cf6e-5b16-a481-30d55916a697,36,36,በየቀኑ ይህ ለዚህ ክፋትን ይፈልጋል። እያንዳንዱም ጠላት ጠላቱን ይገድለው ዘንድ ይፈልጋል።
2b615e69-0624-553e-a65a-7db8492e8785,93fc2424-0d4f-5d90-aec0-bb680913cff6,01ee4d80-cf6e-5b16-a481-30d55916a697,37,37,አንተም እኔን ከልጆች ጋር እስከ ዘለዓለም ድረስ ትጠላኛለህ፤ ከአንተ ጋርም ወንድማማችነት ማድረግ የለም። እኔ የምነግርህን ይህን ነገሬን ስማ። እሪያ ጠጕሩንና ቁርበቱን እንደ ባዘቶ ቢለውጥ፥
384fda5d-e952-57fb-a31f-e9db53a465f1,93fc2424-0d4f-5d90-aec0-bb680913cff6,01ee4d80-cf6e-5b16-a481-30d55916a697,38,38,እንደ በግና እንደ ዋልያም በራሱ ላይ ቀንድ ቢወጣ፥ ያንጊዜ ከአንተ ጋር ወንድማማችነትን አደርጋለሁ።
942b7833-739c-5430-acbf-55c84b00b28f,93fc2424-0d4f-5d90-aec0-bb680913cff6,01ee4d80-cf6e-5b16-a481-30d55916a697,39,39,ጡቶች ከእናቶች ቢለዩ ወንድም በሆንኸኝ ነበር። ተኵላዎችም እንዳይበሉአቸውና እንዳይነጣጠቁአቸው ከበጎች ጋር ሰላምን ቢያደርጉ፥ ልቡናቸውም ለእነርሱ በጎ ነገርን ለማድረግ ቢያስብ፥
2c312dc7-ceee-5aed-ab1b-cdef1673854a,93fc2424-0d4f-5d90-aec0-bb680913cff6,01ee4d80-cf6e-5b16-a481-30d55916a697,40,40,ያንጊዜ በልቡናዬ ለአንተ ሰላም ይሆናል። አንበሳ ለላም ወዳጁ ቢሆን፥ ከእርሱም ጋር በአንድ ቀንበር ቢጠመድ፥ ከእርሱም ጋር ቢያርስ፥ ከእርሱም ጋር ሰላምን ቢያደርግ፥ ያንጊዜ ከአንተ ጋር ሰላምን አደርጋለሁ።
a60dcd82-dce0-59fc-a7d2-495f11d70526,93fc2424-0d4f-5d90-aec0-bb680913cff6,01ee4d80-cf6e-5b16-a481-30d55916a697,41,41,ቁራዎች እንደ ሳቢሳ ቢነጡ፥ ያንጊዜ እንደ ወደድሁህ፥ ከአንተም ጋር ሰላምን እንዳደረግሁ አውቃለሁ፤ አንተም ትጠፋለህ፥ ልጆችህም ይጠፋሉ። ለአንተም ሰላም አይደረግልህም።”
4a3088df-0d33-5c17-ab25-7d8640c6699d,93fc2424-0d4f-5d90-aec0-bb680913cff6,01ee4d80-cf6e-5b16-a481-30d55916a697,42,42,ያንጊዜም ያዕቆብ በእርሱ ልቡናውን እንዳስጨከነ፥ ይገድለውም ዘንድ በፍጹም ልቡናው እንዳሰበ ዐወቀ።
42b67eb1-62a8-56a1-a1f2-8a36fb89d8d1,93fc2424-0d4f-5d90-aec0-bb680913cff6,01ee4d80-cf6e-5b16-a481-30d55916a697,43,43,እርያ በጦር ወግቶ ወደሚገድለው ሰው ፈጥኖ እንደሚወጣ፥ ከእርሱም እንደማይሸሽ ዔሳው ፈጥኖ መጣ።
95488058-6cd0-52f3-a367-f6a9589e6b9d,93fc2424-0d4f-5d90-aec0-bb680913cff6,01ee4d80-cf6e-5b16-a481-30d55916a697,44,44,ያንጊዜም ባሪያዎቹንና ወገኖቹን፥ ወዳጆቹንም ሁሉ ይከቡት ዘንድ አዘዘ።
5e1c770f-30fc-5497-affd-5ff79065f5a2,93fc2424-0d4f-5d90-aec0-bb680913cff6,01ee4d80-cf6e-5b16-a481-30d55916a697,45,45,ከዚህም በኋላ ይሁዳ አባቱን ያዕቆብን ተናገረው፤ እንዲህም አለው፥ “አባቴ ሆይ፥ ቀስትህን ሳብ፥ ፍላጻህንም ወርውረህ ጠላትህን ውጋ፤ ጠላትህንም ግደል። ኀይልም ይሁንልህ።
737ca42a-795b-51c5-a9c0-152052cb5be3,93fc2424-0d4f-5d90-aec0-bb680913cff6,01ee4d80-cf6e-5b16-a481-30d55916a697,46,46,እኛ ወንድምህን አንገድልምና፤ እርሱም በአንተ ዘንድ አለና፥ በእኛም ዘንድ ለመከበር እንደ አንተ ነውና።”
cd448dae-e844-52dd-aaee-0eff7a111bdb,93fc2424-0d4f-5d90-aec0-bb680913cff6,01ee4d80-cf6e-5b16-a481-30d55916a697,47,47,ያንጊዜም ያዕቆብ ቀስቱን ስቦ ፍላጻውን ወርውሮ ወንድሙን ዔሳውን ወግቶ ገደለው።
7ab84611-e4d2-5cea-a5f4-eb47882bfafd,93fc2424-0d4f-5d90-aec0-bb680913cff6,01ee4d80-cf6e-5b16-a481-30d55916a697,48,48,ዳግመኛም ፍላጻውን ወርውሮ የአሕዛብ ወገን የሚሆን አዱራንን የግራ ጡት ሥሩን ወጋው፤ አሳድዶም ገደለው።
d9570c3c-e08d-5c19-a9d3-541e96174ff4,17526af0-3ca5-568e-a67a-0074cdc3e610,d11bd1f2-4895-56eb-ab63-3ec5441e01e5,1,1,ከዚህም በኋላ እነዚያ የያዕቆብ ልጆች፥ ባሪያዎቻቸውም ተከፍለው በግንቡ በአራቱ ማዕዘን ወጡ።
81aad433-888a-50ce-ab16-76e19dfb49e7,17526af0-3ca5-568e-a67a-0074cdc3e610,d11bd1f2-4895-56eb-ab63-3ec5441e01e5,2,2,ይሁዳ በፊት ወጣ፤ ንፍታሌምና ጋድ፥ አምሳ ብላቴኖችም በግንቡ ደቡብ ከእርሱ ጋር ነበሩ። በፊታቸው ያገኙትን ሁሉ ገደሉ። ከእነርሱም አንድ ሰው ስንኳ ያመለጠ የለም።
b13aa510-e15f-5072-a146-e572d89e85fa,17526af0-3ca5-568e-a67a-0074cdc3e610,d11bd1f2-4895-56eb-ab63-3ec5441e01e5,3,3,ሌዊ፥ ዳንና አሴር በግንቡ ምሥራቅ ወጡ፤ አምሳ ብላቴኖችም ከእነርሱ ጋር ነበሩ። የሞዓብንና የአሞንንም ተዋጊዎች ገደሉ።
829f0a80-12bc-53f7-aafd-f2a5be97227d,17526af0-3ca5-568e-a67a-0074cdc3e610,d11bd1f2-4895-56eb-ab63-3ec5441e01e5,4,4,ሮቤል፥ ይሳኮርና ዛብሎንም በግንቡ ሰሜን ወጡ፥ አምሳ ብላቴኖችም ከእነርሱ ጋር ነበሩ፤ የፍልስጥኤምንም አርበኞች ገደሉ።
2cd65c07-a363-5516-a863-015be7972992,17526af0-3ca5-568e-a67a-0074cdc3e610,d11bd1f2-4895-56eb-ab63-3ec5441e01e5,5,5,ስምዖን፥ ብንያምና የሮቤል ልጅ ኤናክ በግንቡ ምዕራብ ወጡ፥ አምሳ ብላቴኖችም ከእነርሱ ጋር ነበሩ። ከኤዶምና ከኮራውስ አራት መቶ ጠንካሮች ተዋጊዎች ሰዎችን ገደሉ። ስድስት መቶዎቹ ግን ሸሹ፤ አራቱ የዔሳው ልጆችም።
6f159fe2-a84d-55cb-a8ab-cc0d997ec19c,17526af0-3ca5-568e-a67a-0074cdc3e610,d11bd1f2-4895-56eb-ab63-3ec5441e01e5,6,6,አባታቸው በኮረብታው ላይ ሞቶ እንደ ወደቀ ትተውት ከእነርሱ ጋር ሸሹ። ይህችውም በአዱራም ያለች ኮረብታ ናት፤ የያዕቆብም ልጆች በኋላቸው ተከትለው እስከ ሴይር ተራራ ድረስ አሳደዱአቸው።
e144bdd6-e32f-51f8-aaa8-c72dab9648be,17526af0-3ca5-568e-a67a-0074cdc3e610,d11bd1f2-4895-56eb-ab63-3ec5441e01e5,7,7,ያዕቆብ ግን በአዱራም ኮረብታ ወንድሙን ቀብሮ ወደ ቤቱ ተመለሰ። የያዕቆብ ልጆች የዔሳውን ልጆች በሴይር ተራራ አስጨነቁአቸው። ለያዕቆብ ልጆችም ተገዢዎች ይሆኑ ዘንድ አንገታቸውን ዝቅ አደረጉ።
e881a136-b7ec-56ac-ae07-999619a17a9c,17526af0-3ca5-568e-a67a-0074cdc3e610,d11bd1f2-4895-56eb-ab63-3ec5441e01e5,8,8,ከአነርሱም ጋር ሰላምን ያደርጉ እንደ ሆነ ይወጉአቸውም እንደ ሆነ፥ ወደ አባታቸው ላኩ።
f1bfc085-33e2-5725-a375-d0adc9655b39,17526af0-3ca5-568e-a67a-0074cdc3e610,d11bd1f2-4895-56eb-ab63-3ec5441e01e5,9,9,ያዕቆብም ሰላምን ያደርጉ ዘንድ ወደ ልጆቹ ላከ፤ ከእነርሱም ጋር ሰላምን አደረጉ።
fa11d347-035d-5ba7-ad66-8a5277ebf563,17526af0-3ca5-568e-a67a-0074cdc3e610,d11bd1f2-4895-56eb-ab63-3ec5441e01e5,10,10,በዘመኑ ሁሉ ለያዕቆብና ለልጆቹ ይገብሩ ዘንድ የመገዛት ቀንበርን በእነርሱ ላይ አኖሩ።
fc11cc6c-8622-53b4-a19e-7257225279da,17526af0-3ca5-568e-a67a-0074cdc3e610,d11bd1f2-4895-56eb-ab63-3ec5441e01e5,11,11,ያዕቆብ ወደ ግብፅ እስከሚወርድበት ቀን ድረስ ለያዕቆብ ሲገብሩ ኖሩ፤ የኤዶም ልጆችም፥ ዐሥራ ሁለቱ የያዕቆብ ልጆች በእነርሱ ላይ ከሠሩት ከመገዛት ግብር እስከዚያች ቀን ድረስ አላጐደሉም።
312af2f2-8c54-55e7-ab9a-60248f581622,17526af0-3ca5-568e-a67a-0074cdc3e610,d11bd1f2-4895-56eb-ab63-3ec5441e01e5,12,12,እስከዚያች ቀን ድረስ ለእስራኤል ልጆች ንጉሥ ሳይነግሥ በኤዶምያስ የነገሡ ነገሥታት እነዚህ ናቸው።
f8602978-2b1d-5bce-a385-146b763ae19d,17526af0-3ca5-568e-a67a-0074cdc3e610,d11bd1f2-4895-56eb-ab63-3ec5441e01e5,13,13,በኤዶምያስ የቢዖር ልጅ ባላቅ ነገሠ፤ የከተማውም ስም ዲናባ ነበር፤ ባላቅም ሞተ።
879c9ca1-eadc-537d-addd-075361e676cc,17526af0-3ca5-568e-a67a-0074cdc3e610,d11bd1f2-4895-56eb-ab63-3ec5441e01e5,14,14,በእርሱም ፋንታ ከቦሶር ወገን የዛራ ልጅ ዮባብ ነገሠ። የዛራ ልጅ ዮባብም ሞተ። በእርሱም ፋንታ ከቴማን ሀገር አሳም ነገሠ፤ አሳምም ሞተ።
77231652-00d9-549b-a14d-043ca5116f85,17526af0-3ca5-568e-a67a-0074cdc3e610,d11bd1f2-4895-56eb-ab63-3ec5441e01e5,15,15,በእርሱም ፋንታ በሞዓብ ምድረ በዳ የምድያምን ሰዎች የገደለ የባሬድ ልጅ አዶታ ነገሠ፤ የከተማውም ስም አውት ነበር። አዶታም ሞተ።
4cae1793-0277-585a-a330-4f729861b6e7,17526af0-3ca5-568e-a67a-0074cdc3e610,d11bd1f2-4895-56eb-ab63-3ec5441e01e5,16,16,በእርሱም ፋንታ ከአሜሴቅ ወገን ሰልማን ነገሠ። ሰልማንም ሞተ። በእርሱም ፋንታ ከሮባኦት ወንዝ የመጣ ሳኦል ነገሠ፤ ሳኦልም ሞተ። በእርሱም ፋንታ የአክቡር ልጅ ብዑሉናን ነገሠ፤ የአክቡር ልጅ ብዑሉናንም ሞተ።
5975de72-47e8-5ca1-acf7-a888c75e75e4,17526af0-3ca5-568e-a67a-0074cdc3e610,d11bd1f2-4895-56eb-ab63-3ec5441e01e5,17,17,በእርሱም ፋንታ አዳት ነገሠ፤ የሚስቱ ስም ማየጦቢት ነበር፤ ይህችውም የሜትቤድዘብ ልጅ የመጥሪት ልጅ ናት። በኤዶምያስ ሀገር የነገሡ ነገሥታት እነዚህ ናቸው።
6a4da67b-3cf3-510e-a822-94946a569835,17526af0-3ca5-568e-a67a-0074cdc3e610,d11bd1f2-4895-56eb-ab63-3ec5441e01e5,18,18,ያዕቆብም አባቱ ተሰዶ በኖረበት ያዕቆብ በተዛመዳቸው ሀገር በከነዓን ኖረ።
56320973-0574-5922-a72e-49cf1aec5d43,17526af0-3ca5-568e-a67a-0074cdc3e610,d11bd1f2-4895-56eb-ab63-3ec5441e01e5,19,19,ዮሴፍም የዐሥራ ሰባት ዓመት ልጅ ሳለ ወንድሞቹ ከሸጡት በኋላ ወደ ግብፅ አወረዱት። የፈርዖን ባለሙዋል የአዛዦች አለቃ ፋጢፋራን ገዛው። ዮሴፍንም በቤቱ ሁሉ ላይ ሾመው።
ba408db9-6194-566c-a54d-d9d64407f718,17526af0-3ca5-568e-a67a-0074cdc3e610,d11bd1f2-4895-56eb-ab63-3ec5441e01e5,20,20,በዮሴፍ ምክንያት የእግዚአብሔር በረከት በግብፃዊው ሰው ቤት ሆነ። እግዚአብሔርም የሚሠራውን ሁሉ ያቀናለት ነበር።
9ebf1355-dedc-5f3b-a429-97d154e94e83,17526af0-3ca5-568e-a67a-0074cdc3e610,d11bd1f2-4895-56eb-ab63-3ec5441e01e5,21,21,ግብፃዊውም ሰው እግዚአብሔር ከዮሴፍ ጋር እንደ አለ፥ የሚሠራውንም ሥራ ሁሉ እግዚአብሔር እንዲያቀናለት አይቶአልና ሁሉን በዮሴፍ ፊት ተወ።
82e16e3a-2dd7-5d31-a90c-ba4e7fd25654,17526af0-3ca5-568e-a67a-0074cdc3e610,d11bd1f2-4895-56eb-ab63-3ec5441e01e5,22,22,ዮሴፍም መልከ መልካም፥ እጅግም የተዋበ ነበረ።
da6ba941-4292-5688-a060-dfd755b39c4a,17526af0-3ca5-568e-a67a-0074cdc3e610,d11bd1f2-4895-56eb-ab63-3ec5441e01e5,23,23,የጌታውም ሚስት ዐይኖችዋን አንሥታ ዮሴፍን አየችው። ወደደችውም፤ ከእርስዋም ጋር ይተኛ ዘንድ ለመነችው፤ እርሱ ግን ልቡን አልሰጣትም።
a3a3a9b9-861b-58ab-ac2a-4cb59eeea456,17526af0-3ca5-568e-a67a-0074cdc3e610,d11bd1f2-4895-56eb-ab63-3ec5441e01e5,24,24,እግዚአብሔርንም አሰበው፤ ባል በአላት ሴት ማንም ሰው እንዳያመነዝር ከአብርሃም ቃላት አባቱ ያዕቆብ ያነበበላቸውን ነገሮች አሰበ። በሰማይ በልዑል እግዚአብሔር ፊት የተሠራለት የሞት ቅጣት እንደ አለ አሰበ። በዘመኑ ሁሉ ኀጢአት ስለ እርሱ በእግዚአብሔር ፊት በዘለዓለም መጽሐፍ እንደምትጻፍ አሰበ።
f5dc661c-e469-5a66-a703-d6976c43d81a,17526af0-3ca5-568e-a67a-0074cdc3e610,d11bd1f2-4895-56eb-ab63-3ec5441e01e5,25,25,ዮሴፍም ይህን ነገር አሰበ፤ ከእርስዋም ጋር ይተኛ ዘንድ አልወደደም፤ አንድ ዓመት አባበለችው፤ ከለከላትም፤ መስማትንም እንቢ አላት።
0cf8a22f-2c5d-5f90-a337-e8549372fca1,17526af0-3ca5-568e-a67a-0074cdc3e610,d11bd1f2-4895-56eb-ab63-3ec5441e01e5,26,26,እርስዋ ግን ከእርስዋ ጋር ይተኛ ዘንድ ልትጣላው በቤት አስጨንቃ ያዘችው፤ የቤቷንም ደጃፍ ዘጋች፤ በገሃድም ያዘችው፤ እርሱ ግን ከእጅዋ አመለጠ፤ ልብሱንም በእጅዋ ትቶ፥ ሳንቃውንም ሰብሮ ከፊቷ ወደ ውጭ ሸሸ።
9a94067e-8176-5ca6-abf0-bd0bd9352d06,17526af0-3ca5-568e-a67a-0074cdc3e610,d11bd1f2-4895-56eb-ab63-3ec5441e01e5,27,27,ያቺም ሴት ከእርስዋ ጋር እንደማይተኛ በአየች ጊዜ እንዲህ ብላ በጌታው ፊት አጣላችው፥ “የምትወድደው ይህ ዕብራዊ ባሪያህ ይደፍረኝ ዘንድ ወደደ።
214fffa4-f288-52fc-a305-2fa1a309bafc,17526af0-3ca5-568e-a67a-0074cdc3e610,d11bd1f2-4895-56eb-ab63-3ec5441e01e5,28,28,እንዲህም ሆነ፥ ቃሌን ከፍ አድርጌ በጮኽሁ ጊዜ ልብሱን በእጄ ትቶ፥ በያዝሁትም ጊዜ ሳንቃውን ሰብሮ ሸሸ።”
02c11a48-1eef-523d-a31e-a2b8bf1298c5,17526af0-3ca5-568e-a67a-0074cdc3e610,d11bd1f2-4895-56eb-ab63-3ec5441e01e5,29,29,ግብፃዊውም የዮሴፍን ልብስና የተሰበረውን መዝጊያ አየ፤
a799eff9-0c5e-532d-a625-83dff3fbbe79,17526af0-3ca5-568e-a67a-0074cdc3e610,d11bd1f2-4895-56eb-ab63-3ec5441e01e5,30,30,የሚስቱንም ነገር ሰምቶ ዮሴፍን ንጉሥ ያሰራቸው እስረኞች ወደ አሉበት እስር ቤት አገባው።
271df9e7-71e4-57d8-aea3-108a08d9edc3,17526af0-3ca5-568e-a67a-0074cdc3e610,d11bd1f2-4895-56eb-ab63-3ec5441e01e5,31,31,በዚያም በእስር ቤት ኖረ። እግዚአብሔርም ለዮሴፍ በእስር ቤት ጠባቂዎች አለቃ ፊት ሞገስን፥ ምሕረትንም በፊቱ ሰጠው። እግዚአብሔር ከእርሱ ጋር እንደ አለ፥ የሚሠራውንም ሥራ ሁሉ እግዚአብሔር እንዲያቀናለት አይቶአልና ሁሉን በፊቱ ተወ።
f6429afd-8f48-599d-a506-86c2867031d8,17526af0-3ca5-568e-a67a-0074cdc3e610,d11bd1f2-4895-56eb-ab63-3ec5441e01e5,32,32,ዮሴፍ ሁሉን ያደርግ ነበርና፥ እግዚአብሔርም ይፈጽምለት ነበርና የእስር ቤት ጠባቂዎች አለቃ ያለ እርሱ ምንም የሚያውቀው አልነበረም። በዚያም ሦስትዓመት
23abc207-9496-5707-a7c3-5a0dcfd9b300,17526af0-3ca5-568e-a67a-0074cdc3e610,d11bd1f2-4895-56eb-ab63-3ec5441e01e5,33,33,በዚያም ወራት የግብፅ ንጉሥ ፈርዖን በሁለቱ ባለምዋሎቹ በጠጅ አሳላፊዎች አለቃና በእንጀራ አሳላፊዎች አለቃ ላይ ተቈጣ። ዮሴፍ ተይዞ በዚያ በታሠረበት በእሥር ቤቱ አለቃ ቤትም በእስራት አኖራቸው።
0f7431e3-b6bf-5216-a415-aff55609e4b8,17526af0-3ca5-568e-a67a-0074cdc3e610,d11bd1f2-4895-56eb-ab63-3ec5441e01e5,34,34,የእስረኞች አለቃም በፊታቸው ይላላካቸው ዘንድ፥ በፊቱም ይላላከው ዘንድ ዮሴፍን ሾመው።
743ded31-b11a-5deb-a88d-00aa1df2e4e3,17526af0-3ca5-568e-a67a-0074cdc3e610,d11bd1f2-4895-56eb-ab63-3ec5441e01e5,35,35,ሁለቱም የጠጅ አሳላፊዎች አለቃና የእንጀራ አሳላፊዎች አለቃ ሕልም አለሙ። ለዮሴፍም ነገሩት፤ ዮሴፍም እንደ ተረጐመላቸው እንዲሁ ሆነላቸው።
44e16c59-790f-55d0-a902-ff1b33db270e,17526af0-3ca5-568e-a67a-0074cdc3e610,d11bd1f2-4895-56eb-ab63-3ec5441e01e5,36,36,ፈርዖንም ዮሴፍ እንደ ተረጐመላቸው የጠጅ አሳላፊዎችን አለቃ ወደ ሥራው መለሰው፤ የእንጀራ አሳላፊዎችን አለቃ ግን ገደለው፤
0af06ae4-53f9-5fc4-a569-a988e25f3e33,17526af0-3ca5-568e-a67a-0074cdc3e610,d11bd1f2-4895-56eb-ab63-3ec5441e01e5,37,37,የጠጅ አሳላፊዎች አለቃ ግን ዮሴፍን በእስር ቤት ረሳው። ዮሴፍ የሚሆንለትን ነግሮት ነበርና እንደ ነገረው ለፈርዖን ይነግረው ዘንድ አላሰበም። ረስቶታልና።
509e72fb-702c-56b1-a6ae-4f961f25f4bf,bc2da0c1-8aef-5b8d-a7c2-715b8a1e0262,6ccff3c0-b3cf-5ca6-acd0-1c1a1e4fa44f,1,1,በዚያም ወራት ፈርዖን በምድር ሁሉ ስለሚሆነው ጥጋብና ራብ በአንዲት ሌሊት ሁለት ሕልሞችን አየ።
873abc6d-fbeb-59e7-adb2-61216751fa82,bc2da0c1-8aef-5b8d-a7c2-715b8a1e0262,6ccff3c0-b3cf-5ca6-acd0-1c1a1e4fa44f,2,2,ከእንቅልፉም ነቃ፤ በግብፅ ያሉ ሕልም የሚተረጕሙትንና ጠንቋዮችን ሁሉ ጠርቶ ሁለቱን ሕልሞቹን ነገራቸው። ነገር ግን ሊተረጕሙ አልቻሉም።
33519256-20ae-545e-a5c8-49cbff414142,bc2da0c1-8aef-5b8d-a7c2-715b8a1e0262,6ccff3c0-b3cf-5ca6-acd0-1c1a1e4fa44f,3,3,ከዚህም በኋላ የጠጅ አሳላፊዎች አለቃ ዮሴፍን አሰበው፤ የእርሱንም ነገር በንጉሡ ዘንድ ተናገረ።
5ec11baf-8a25-5135-a768-e7fa41c197fe,bc2da0c1-8aef-5b8d-a7c2-715b8a1e0262,6ccff3c0-b3cf-5ca6-acd0-1c1a1e4fa44f,4,4,ከእስር ቤትም አወጡት። ሁለቱን ሕልምቹንም በፊቱ ተናገረ።
d206e298-dfc3-504a-a955-f4c6535aefce,bc2da0c1-8aef-5b8d-a7c2-715b8a1e0262,6ccff3c0-b3cf-5ca6-acd0-1c1a1e4fa44f,5,5,እርሱም ሁለቱ ሕልሞቹ አንድ እንደ ሆኑ፥ በፈርዖን ፊት ተናገረ።
3111cb00-d9d8-5e5a-ae00-13bb4ef45490,bc2da0c1-8aef-5b8d-a7c2-715b8a1e0262,6ccff3c0-b3cf-5ca6-acd0-1c1a1e4fa44f,6,6,እንዲህም አለው፥ “በግብፅ ሀገር ሁሉ ጥጋብ የሚሆንበት ሰባት ዓመት ይመጣል፤ ከዚህ በኋላ በሀገሩ ሁሉ ተመሳሳይ የሌለው ሰባት የራብ ዓመት ይመጣል፤
022eb62c-29b5-5bf0-abaa-e97f026fa689,bc2da0c1-8aef-5b8d-a7c2-715b8a1e0262,6ccff3c0-b3cf-5ca6-acd0-1c1a1e4fa44f,7,7,አሁንም የግብፅ ሰዎች ሁሉ ለፈርዖን ጎተራ ይሥሩ፤ ጥጋብ በሆነበት ዘመንም በሀገር የተገኘውን እህል ለሀገር ምግብ ሊሆን ያኑሩት፤ ሰባት ዓመት ራብ ለሚሆንበትም ዘመን ምግብ ይሆናል፤ ራቡም እጅግ የጸና ይሆናልና ከራብ ጽናት የተነሣ ሀገር አትጠፋም።”
96d98e38-617f-5149-a836-f92e6ad3fa31,bc2da0c1-8aef-5b8d-a7c2-715b8a1e0262,6ccff3c0-b3cf-5ca6-acd0-1c1a1e4fa44f,8,8,እግዚአብሔርም በፈርዖን ፊት ለዮሴፍ ባለምዋልነትንና ምሕረትን ሰጠው።
d79838b1-fd1b-5bbf-aeb3-efcc470b70db,bc2da0c1-8aef-5b8d-a7c2-715b8a1e0262,6ccff3c0-b3cf-5ca6-acd0-1c1a1e4fa44f,9,9,ፈርዖንም ሹሞቹን፥ “የእግዚአብሔር መንፈስ አድሮበታልና እንደዚህ ሰው ያለ ብልህና ዐዋቂ ሰው አናገኝም” አላቸው።
6e964b88-b736-536d-af52-98ad179d82c7,bc2da0c1-8aef-5b8d-a7c2-715b8a1e0262,6ccff3c0-b3cf-5ca6-acd0-1c1a1e4fa44f,10,10,በመንግሥቱም ሁለተኛ ሰው አድርጎ ሾመው፤ የግብፅንም ሀገር ሁሉ አስገዛው፤ በፈርዖንም ሁለተኛ ሰረገላ ላይ አስቀመጠው፤ የነጭ ሐር ቀሚስም አለበሰው፤ በአንገቱም ዝርግፍ ወርቅ አሰረለት።
fa39bc16-446d-545c-a633-944dc7a347e5,bc2da0c1-8aef-5b8d-a7c2-715b8a1e0262,6ccff3c0-b3cf-5ca6-acd0-1c1a1e4fa44f,11,11,“ኤል ኤል አብሪር” ብሎ በፊቱ ዐዋጅ ነገረለት፤ በእጁም የወርቅ ቀለበት አደረገለት፤ በቤቱ ሁሉ ላይ አሠለጠነው፤ ከፍ ከፍም አደረገው። እንዲህም አለው፥ “ከዙፋኔ ብቻ በቀር ከአንተ አልበልጥም።”
7a41a51e-4bec-55b4-a143-b73b369a31bc,bc2da0c1-8aef-5b8d-a7c2-715b8a1e0262,6ccff3c0-b3cf-5ca6-acd0-1c1a1e4fa44f,12,12,ዮሴፍም በግብፅ ሀገር ሁሉ ሠለጠነ፤ የፈርዖንም መኳንንት ሁሉ ሹሞቹም ሁሉ፥ የንጉሡንም ሥራ የሚሠሩ ሁሉ ወደዱት፤ በቅንነት ይሔዳልና፥ ትዕቢትም የለውምና፥ ኵራት፥ ፊት አይቶም ማድላት የለውምና፥ መማለጃንም መቀበል የለውም ነበርና። በግብፅ ላሉ አሕዛብ ሁሉ በሚገባ ይፈርድላቸው ነበርና።
3d264ce6-ed00-5344-ac0a-78fd3de5808a,bc2da0c1-8aef-5b8d-a7c2-715b8a1e0262,6ccff3c0-b3cf-5ca6-acd0-1c1a1e4fa44f,13,13,የግብፅም ሀገር በዮሴፍ ምክንያት በፈርዖን ፊት ሰላም ሆነች። እግዚአብሔር ከእርሱ ጋር አለና። በፈርዖን ዘመዶች ሁሉ፥ በሚያውቁት ሰዎችም ሁሉ ፊት፥ ለእርሱም ምስክርነትን በሚሰጡ ሰዎች ፊት ባለምዋልነትንና ምሕረትን ሰጠው። የፈርዖንም መንግሥት ቀናች። ባለጋራ አልነበረም። ክፉም አልነበረም።
aad25feb-a7e3-548c-a1a6-21356fb06766,bc2da0c1-8aef-5b8d-a7c2-715b8a1e0262,6ccff3c0-b3cf-5ca6-acd0-1c1a1e4fa44f,14,14,ንጉሡም ዮሴፍን “ሰፋንጢፋንስ” ብሎ ጠራው። ለዮሴፍ ሚስት ትሆነው ዘንድ የእንጀራ አሳላፊዎች አለቃ የሚሆን የኤሌዮጲስ ካህን ልጅ የፋጢፋራንን ልጅ ሰጠው።
37d5634c-2c3d-5a20-a48e-fea209ef59db,bc2da0c1-8aef-5b8d-a7c2-715b8a1e0262,6ccff3c0-b3cf-5ca6-acd0-1c1a1e4fa44f,15,15,ዮሴፍም በፈርዖን ፊት በቆመ ጊዜ የሠላሳ ዓመት ሰው ነበር።
99c4d9eb-cdb4-5aaf-a0e5-04aafb0d0cb6,bc2da0c1-8aef-5b8d-a7c2-715b8a1e0262,6ccff3c0-b3cf-5ca6-acd0-1c1a1e4fa44f,16,16,በዚያም ዓመት ይስሐቅ ሞተ። ስለ ሁለቱ ሕልሞች ትርጓሜ ዮሴፍ እንደ ተናገረው ደረሰ።
a686f602-b1d9-5547-ad19-5d0f16883149,bc2da0c1-8aef-5b8d-a7c2-715b8a1e0262,6ccff3c0-b3cf-5ca6-acd0-1c1a1e4fa44f,17,17,በግብፅ ሀገር ሁሉ ሰባት ዓመት ጥጋብ ሆነ፤ የግብፅ ምድርም ብዙ ፍሬን አፈራች፤ አንዲቱ መስፈሪያ ሺህ ስምንት መቶ መስፈሪያ ሆነች።
46d7abe9-6e10-5420-a69c-3c2d4fa8b028,bc2da0c1-8aef-5b8d-a7c2-715b8a1e0262,6ccff3c0-b3cf-5ca6-acd0-1c1a1e4fa44f,18,18,ዮሴፍም ስንዴው እስኪመላ ድረስ፥ ከብዛቱም የተነሣ መቍጠርና መስፈር እስኪሳናቸው ድረስ፥ የከተማውን ምግብ በየሀገሩ ሰበሰበ።
6e9c657c-e4fb-5f33-acee-0a4799848f94,bc2da0c1-8aef-5b8d-a7c2-715b8a1e0262,6ccff3c0-b3cf-5ca6-acd0-1c1a1e4fa44f,19,19,በአርባ አምስተኛው ኢዮቤልዩ፥ በሁለተኛውም ሱባዔ፥ በሁለተኛው ዓመት፥ ይሁዳ ለበኵር ልጁ ለኤር ከአራም ልጆች ወገን ሚስትን አጋባው፤ ስምዋም ትእማር ይባላል።
1120cec4-525b-5850-ae49-9789ba24cf85,bc2da0c1-8aef-5b8d-a7c2-715b8a1e0262,6ccff3c0-b3cf-5ca6-acd0-1c1a1e4fa44f,20,20,ጠላትም፥ ከእርስዋም ጋር አልተኛም፤ እናቱ ከከነዓን ልጆች ነበረችና፤ ከእናቱም ወገን ሚስትን ያገባ ዘንድ ወደደ፥ አባቱ ይሁዳ ግን አልፈቀደለትም።
c2a38771-6c35-533f-a812-eae4a8421967,bc2da0c1-8aef-5b8d-a7c2-715b8a1e0262,6ccff3c0-b3cf-5ca6-acd0-1c1a1e4fa44f,21,21,ያም የይሁዳ የበኵር ልጅ ኤር ክፉ ነበረ፤ እግዚአብሔርም ቀሠፈው።
5aa6b4b3-d4a8-5fe3-ad7f-7020c5d6458c,bc2da0c1-8aef-5b8d-a7c2-715b8a1e0262,6ccff3c0-b3cf-5ca6-acd0-1c1a1e4fa44f,22,22,ይሁዳም ልጁን አውናንን አለው፥ “ወደ ወንድምህ ሚስት ግባ፤ ዋርሳም አድርጋት። ለወንድምህም ዘር ተካለት።”
b493e78c-e3c5-59d2-a028-a82fff623721,bc2da0c1-8aef-5b8d-a7c2-715b8a1e0262,6ccff3c0-b3cf-5ca6-acd0-1c1a1e4fa44f,23,23,አውናንም የእርሱ ልጅ እንደማይሆንና የወንድሙ ልጅ እንደሚሆን ዐወቀ፤ ወደ ወንድሙ ሚስትም ገባ። ነገር ግን ዘሩን በምድር ላይ ያፈስስ ነበር። ይህም በእግዚአብሔር ፊት ክፉ ሆነ፥ ቀሠፈውም።
0194269c-d2cd-569e-ad55-8a79750e8db0,bc2da0c1-8aef-5b8d-a7c2-715b8a1e0262,6ccff3c0-b3cf-5ca6-acd0-1c1a1e4fa44f,24,24,ይሁዳም ምራቱን ትእማርን፥ “ልጄ ሴሎም እስኪያድግ ድረስ መበለት ሆነሽ በአባትሽ ቤት ተቀመጪ፤ ለእርሱም ሚስት ትሆኚው ዘንድ እሰጥሻለሁ” አላት።
23fce183-2cb7-50c7-a6e3-6451e1cb09ff,bc2da0c1-8aef-5b8d-a7c2-715b8a1e0262,6ccff3c0-b3cf-5ca6-acd0-1c1a1e4fa44f,25,25,እርሱም አደገ፥ የይሁዳ ሚስት ቢድሱኤል ግን ያገባ ዘንድ ለልጅዋ ሴሎም አልፈቀደችም፤ የይሁዳ ሚስት ቢድሱኤልም በዚህ ሱባዔ በአምስተኛው ዓመት ሞተች።
6a286a74-ca00-5a37-a7f4-d82c065deee8,bc2da0c1-8aef-5b8d-a7c2-715b8a1e0262,6ccff3c0-b3cf-5ca6-acd0-1c1a1e4fa44f,26,26,በስድስተኛው ዓመት ይሁዳ በጎቹን ይሸልት ዘንድ ወደ ቴምናታ ወጣ፤ ለትእማርም “እነሆ፥ አማትሽ በጎቹን ይሸልት ዘንድ ወደ ቴምናታ ይወጣል” ብለው ነገሩአት።
41981a1e-8594-5468-a911-4472c1123c71,bc2da0c1-8aef-5b8d-a7c2-715b8a1e0262,6ccff3c0-b3cf-5ca6-acd0-1c1a1e4fa44f,27,27,የመበለትነቷንም ልብስ ትታ መጐናጸፊያዋን ለበሰች። አጊጣም በቴምናታ ጎዳና በር ተቀመጠች።
8cecb2fc-dcd1-54cd-a116-6474b92a905a,bc2da0c1-8aef-5b8d-a7c2-715b8a1e0262,6ccff3c0-b3cf-5ca6-acd0-1c1a1e4fa44f,28,28,ይሁዳም ሲሄድ አገኛት፥ ጋለሞታም እንደ ሆነች ተጠራጥሮ፥ “ወደ አንቺ ልግባ” አላት፤ እርሷም፥ “ግባ” አለችው፥ ገባም፥ እርስዋም፥ “ዋጋዬን ስጠኝ” አለችው። “በጣቴ ካለ ቀለበቴ፥ ከኵፍየቴና በእጄ ካለ ዘንጌ በቀር በእጄ የለኝም” አላት።
4c0f709d-f921-5f28-ac0a-1fa7187079e0,bc2da0c1-8aef-5b8d-a7c2-715b8a1e0262,6ccff3c0-b3cf-5ca6-acd0-1c1a1e4fa44f,29,29,እርስዋም፥ “ዋጋዬን እስክትሰድልኝ ድረስ እነርሱን ስጠኝ” አለችው፤ እርሱም፥ “አንድ የፍየል ጠቦት እልክልሻለሁ” አላት። ለእርስዋም እነርሱን ሰጣት።
13fd9f37-822a-5f08-abfb-06ce774ce7a8,bc2da0c1-8aef-5b8d-a7c2-715b8a1e0262,6ccff3c0-b3cf-5ca6-acd0-1c1a1e4fa44f,30,30,እርስዋም ፀነሰችለት፤ ይሁዳም ወደ በጎቹ ሄደ፥ እርስዋም ወደ አባቷ ቤት ሄደች።
a186b54a-8fcd-5f0f-aefa-06b1ea5a2cfc,bc2da0c1-8aef-5b8d-a7c2-715b8a1e0262,6ccff3c0-b3cf-5ca6-acd0-1c1a1e4fa44f,31,31,ይሁዳም በበግ ጠባቂው በአዶላማዊው እጅ የፍየሉን ጠቦት ሰደደላት፤ እርሱም አጣትና፥ “በዚያ የነበረችው ጋለሞታ ወዴት አለች?” ብሎ የሀገሩን ሰዎች ጠየቃቸው፤ እነርሱም፥ “በዚህ ጋለሞታ የለችም፥ በእኛ ዘንድም ጋለሞታ የለችም” አሉት።
431e5b7f-a4a3-519b-a9b9-3d2bb30ff07b,bc2da0c1-8aef-5b8d-a7c2-715b8a1e0262,6ccff3c0-b3cf-5ca6-acd0-1c1a1e4fa44f,32,32,ተመልሶም፥ “አጣኋት፥ የሀገሩንም ሰዎች ጠየቅኋቸው እነርሱም፦ በዚህስ ጋለሞታ የለችም አሉኝ” ብሎ ነገረው።
f1ca875f-f7a4-5bbc-a91d-2014df9356e3,bc2da0c1-8aef-5b8d-a7c2-715b8a1e0262,6ccff3c0-b3cf-5ca6-acd0-1c1a1e4fa44f,33,33,እርሱም፥ “መዘባበቻ እንዳንሆን ተነሥ እንሂድ” አለው። ከዚህም በኋላ ሦስት ወር በሆናት ጊዜ እርስዋ እንደ ፀነሰች ታወቀች፤ ለይሁዳም፥ “እነሆ፥ ምራትህ ትእማር በዝሙት ፀነሰች” ብለው ነገሩት።
1e0c8959-bd62-5d84-a263-7e1d0c7538e3,bc2da0c1-8aef-5b8d-a7c2-715b8a1e0262,6ccff3c0-b3cf-5ca6-acd0-1c1a1e4fa44f,34,34,ይሁዳም ወደ አባቷ ቤት ሄደ፥ እናቷንና አባቷን፥ ወንድሞችዋንም፥ “በእስራኤል ዘንድ ኀጢአት ሠርታለችና በእሳት ያቃጥሉአት ዘንድ አውጡአት” አላቸው።
08384a45-68b3-55b2-afd6-4102833cc396,bc2da0c1-8aef-5b8d-a7c2-715b8a1e0262,6ccff3c0-b3cf-5ca6-acd0-1c1a1e4fa44f,35,35,እንዲህም ሆነ፥ ያቃጥሉአት ዘንድ ባወጡአት ጊዜ፥ “ለእርሱ ፀንሻለሁና ይህ የማን እንደ ሆነ ዕወቅ ብላ ቀለበቱን፥ ኵፍየቱንና ዘንጉን ለአማቷ ላከች።
1ec5cdf8-03cf-5c56-a665-6dbb1796de16,bc2da0c1-8aef-5b8d-a7c2-715b8a1e0262,6ccff3c0-b3cf-5ca6-acd0-1c1a1e4fa44f,36,36,ይሁዳም፥ “ትእማር ከእኔ ይልቅ እውነተኛ ሆነች፤ ከእንግዲህም አያቃጥሉአት” አለ። ስለዚህም ነገር ለሴሎም አልተሰጠችም። ከዚያም በኋላ ዳግመኛ አልቀረባትም።
73b8f8d2-3c42-56bf-a8dd-d52137c5f1ce,bc2da0c1-8aef-5b8d-a7c2-715b8a1e0262,6ccff3c0-b3cf-5ca6-acd0-1c1a1e4fa44f,37,37,ከፀነሰችም በኋላ በዚህ በሁለተኛው ሱባዔ በሰባተኛው ዓመት ሁለቱን ልጆች ፋሬስንና ዛራን ወለደች።
5a0c86dc-0d70-5852-a87c-aa412b9bfd91,bc2da0c1-8aef-5b8d-a7c2-715b8a1e0262,6ccff3c0-b3cf-5ca6-acd0-1c1a1e4fa44f,38,38,ከዚህ በኋላ ዮሴፍ ለፈርዖን የነገረው ሰባቱ የጥጋብ ዐመት ተፈጸመ።
aab17d07-bb33-528c-aa96-9d7e7606a524,4525012b-53a7-5ca4-acb2-c106729cbcdd,cf05cec2-4280-5a69-ac83-cb68f1e46914,1,1,ይሁዳም ከምራቱ ጋር ተኝቶአልና የሠራው ሥራ ክፉ እንደ ሆነ ዐወቀ። በዐይኖቹ ፊት ራሱን አዋረደ። የልጁንም ኀፍረት ገልጦአልና እንደ በደለና እንደ ሳተ ዐወቀ።
8f08cae1-5525-5d39-a317-84efccc8d383,4525012b-53a7-5ca4-acb2-c106729cbcdd,cf05cec2-4280-5a69-ac83-cb68f1e46914,2,2,ስለ በደሉም በእግዚአብሔር ፊት ያዝንና ይለምን ጀመር።
b5a115ac-b50f-54fd-a3e0-7312bcb65253,4525012b-53a7-5ca4-acb2-c106729cbcdd,cf05cec2-4280-5a69-ac83-cb68f1e46914,3,3,ፈጽሞም ስለ ለመነና ስለ አለቀሰ እንዲሰረይለት በሕልም ነገርነው። ከዚህም በኋላ ኀጢአት አልሠራም። ከኀጢአቱና ከአለማወቁ ተመልሶአልና ስርየት ሆነለት።
e1916c2c-34fd-518e-a31f-b48b3367cf59,4525012b-53a7-5ca4-acb2-c106729cbcdd,cf05cec2-4280-5a69-ac83-cb68f1e46914,4,4,በአምላካችን ፊት በድሎአልና፥ እንዲህ የሚያደርግን ሰው ሁሉ፥ ከምራቱም ጋር የሚተኛን ሰው ሁሉ ይቃጠልበት ዘንድ በእሳት ያቃጥሉት። በእነርሱ ኀጢአትና በደል ሆኖአልና ስለዚህ ነገር በእሳት ያቃጥሉአቸው።
5ac8ec32-83f0-5fb9-a2bb-fef18de5b452,4525012b-53a7-5ca4-acb2-c106729cbcdd,cf05cec2-4280-5a69-ac83-cb68f1e46914,5,5,አንተም፥ “በመካከላቸው ርኵሰትና ኀጢአት እንዳይሆን የእስራኤልን ልጆች እዘዛቸው፤ ከምራቱና ከአማቱ ጋር የሚተኛ ሁሉ ርኵሰትን አድርጎአልና ከእርስዋ ጋር የተኛውን ሰው ሴቲቱንም በእሳት ያቃጥሉ።”
5f6eb695-874b-5353-ad01-573695e1b2d6,4525012b-53a7-5ca4-acb2-c106729cbcdd,cf05cec2-4280-5a69-ac83-cb68f1e46914,6,6,ቍጣውና መቅሠፍቱም ከእስራኤል ይርቃል።
b5ce709d-0ffa-5ba5-ad10-0780a3f2418c,4525012b-53a7-5ca4-acb2-c106729cbcdd,cf05cec2-4280-5a69-ac83-cb68f1e46914,7,7,ለይሁዳም ሁለቱ ልጆቹ ከእርስዋ ጋር እንዳልተኙ ነገርነው፤ ስለዚህም ዘሩ ለሌላ ነገድ ሆነ።
1adaf47c-c8be-5c50-aa37-be2c47a53d03,4525012b-53a7-5ca4-acb2-c106729cbcdd,cf05cec2-4280-5a69-ac83-cb68f1e46914,8,8,ለልጆቹ ከአዘዛቸው ከአብርሃም ፍርድ የተነሣ ይሁዳ በእሳት ያቃጥሉአት ዘንድ ወድዶአልና፥ በልበ ቅንነትም ሄዶአልና፥ ፍርድንም መርምሮአልና አልጠፉም።
08ba1f24-1df9-5812-a7c3-8a9dce055933,4525012b-53a7-5ca4-acb2-c106729cbcdd,cf05cec2-4280-5a69-ac83-cb68f1e46914,9,9,በአርባ አምስተኛው ኢዮቤልዩ በሦስተኛው ሱባዔ በመጀመሪያው ዓመት በምድሩ ላይ ድርቅ ይመጣ ጀመር።
30ca63d6-608b-5c88-a0cf-f5f05b51a039,4525012b-53a7-5ca4-acb2-c106729cbcdd,cf05cec2-4280-5a69-ac83-cb68f1e46914,10,10,ዝናብም በምድር መዝነቡን ተወ። ምንም የሚወርድ አልነበረምና። ምድርም ድርቅ ሆነች። በግብፅ ምድር ግን ምግብ ነበር፤ አዝመራ በሆነበት በሰባቱ ዓመት ዮሴፍ የግብፅን እህል ሰብስቦ ጠብቆት ነበርና።
5563baf7-5933-5b85-ac4b-1245f13199a0,4525012b-53a7-5ca4-acb2-c106729cbcdd,cf05cec2-4280-5a69-ac83-cb68f1e46914,11,11,የግብፅ ሰዎችም ምግባቸውን ይሰጣቸው ዘንድ ወደ ዮሴፍ መጡ። እርሱም የመጀመሪያው ዓመት ስንዴ ያለበትን ጎተራ ከፍቶ ለሀገሩ ሕዝብ በወርቅ ሸጠ።
8ea95481-331a-5d78-a7b6-344e3fee2a17,4525012b-53a7-5ca4-acb2-c106729cbcdd,cf05cec2-4280-5a69-ac83-cb68f1e46914,12,12,ያዕቆብም በግብፅ እህል እንዳለ ሰማ። ከግብፅም እህል ሸምተው ያመጡለት ዘንድ ዐሥሩን ልጆቹን ላከ።
2714b08f-b57a-5aab-afc2-87b39dee5a60,4525012b-53a7-5ca4-acb2-c106729cbcdd,cf05cec2-4280-5a69-ac83-cb68f1e46914,13,13,ብንያምን ግን አልላከውም። ወደ ግብፅ ከሚሄድ ነጋዴ ጋር ደረሱ። ዮሴፍም ዐወቃቸው፤ እነርሱ ግን አላወቁትም፤ ከእነርሱም ጋር ተነጋገረ። እንዲህም ብሎ ጠየቃቸው፥ “እናንተ ሰላዮች አይደላችሁምን? የሀገሩንም መግቢያ ትሰልሉ ዘንድ መጥታችኋል።” አሰራቸውም።
d30be40f-3d00-5c43-a842-f13f55b5362b,4525012b-53a7-5ca4-acb2-c106729cbcdd,cf05cec2-4280-5a69-ac83-cb68f1e46914,14,14,ከዚህ በኋላ ፈታቸው፤ ስምዖንንም ብቻ አስቀረ። ዘጠኙ ወንድሞቹንም በአቅማዳቸው ስንዴውን ሞልቶ ሰደዳቸው። ወርቃቸውንም በአቅማዳቸው ጨመረላቸው፤ እነርሱ ግን አላወቁም።
cfd28429-3cef-59d8-ab07-929963ae24bc,4525012b-53a7-5ca4-acb2-c106729cbcdd,cf05cec2-4280-5a69-ac83-cb68f1e46914,15,15,አባታቸው በሕይወት እንደ አለ፥ ታናሽ ወንድማቸውም እንደ አለ ነግረውታልና ታናሽ ወንድማቸውን ያመጡ ዘንድ አዘዛቸው።
20bc894b-749b-5ef9-a886-9cc7134e9f70,4525012b-53a7-5ca4-acb2-c106729cbcdd,cf05cec2-4280-5a69-ac83-cb68f1e46914,16,16,ከግብፅ ሀገርም ወጥተው ወደ ከነዓን ምድር ደረሱ፤ ያገኛቸውንም ነገር ሁሉ ፥ የሀገሩ ገዢ ከእነርሱ ጋር ጭንቅ ነገርን እንደ ተናገረ፥ ብንያምንም እስኪያመጡ ድረስ ስምዖንን መያዣ አድርጎ እንደ አስቀረው ለአባታቸው ነገሩት።
36927093-a0ff-52e4-a023-dd70608be083,4525012b-53a7-5ca4-acb2-c106729cbcdd,cf05cec2-4280-5a69-ac83-cb68f1e46914,17,17,ያዕቆብም አላቸው፥ “የወላድ መካን አደረጋችሁኝ፥ ዮሴፍ የለ፥ ስምዖን የለ፥ ብንያምንም ትወስዱብኝ ነውን? ክፋታችሁ በእኔ ደረሰ፤ ልጄ ከእናንተ ጋር አይሄድም።
99b715a5-6b07-592b-a548-afa2a80f6a74,4525012b-53a7-5ca4-acb2-c106729cbcdd,cf05cec2-4280-5a69-ac83-cb68f1e46914,18,18,እናታቸው ሁለት ልጆች ወልዳ ነበርና አንዱ ሞተ፤ ይህንም ትወስዱብኝ ነውን? በመንገድ ታሞ ቢሞት ያረጀ ሰውነቴን በኀዘን ወደ መቃብር ታወርዳላችሁን?” አላቸው። ወርቃቸው ሁሉ ተቋጥሮ እንደ ተመለሰ አይቶአልና ስለዚህ ነገር እርሱን መላክ ፈራ።
d080f87e-19d8-597b-abbc-23d1b7abc677,4525012b-53a7-5ca4-acb2-c106729cbcdd,cf05cec2-4280-5a69-ac83-cb68f1e46914,19,19,ከግብፅ ሰዎች ብዙዎች ዮሴፍ ብዙ እህልን እንደሚሰበስብ፥ ለረኃቡም ዓመት በጎተራ እንደሚያስቀምጥና እንደሚጠብቅ ካዩት ጀምሮ ለምግብ እህላቸውን ሰብስበዋልና ከግብፅ በቀር በከነዓንና በምድር ሁሉ ራቡ ፈጽሞ ጸና።
8d13ac75-ef47-5a75-ada6-83a6db968b6e,4525012b-53a7-5ca4-acb2-c106729cbcdd,cf05cec2-4280-5a69-ac83-cb68f1e46914,20,20,የግብፅ ሰዎችም በመጀመሪያው የራብ ዓመት ተመገቡት።
1d720b75-66ac-51d5-a912-63210a087543,4525012b-53a7-5ca4-acb2-c106729cbcdd,cf05cec2-4280-5a69-ac83-cb68f1e46914,21,21,ያዕቆብም በምድር ረኃብ እጅግ እንደ ጸና፥ መዳንም እንደ ሌለ ባየ ጊዜ ልጆቹን፥ “እንዳንሞት ወደ ግብፅ ሄዳችሁ እህል ሸምታችሁ አምጡልን” አላቸው። እነርሱም፥ “ታናሹ ወንድማችን ከእኛ ጋር ካልሄደ አንሄድም” አሉት።
73587556-52f3-525f-a592-dd2147e301bb,4525012b-53a7-5ca4-acb2-c106729cbcdd,cf05cec2-4280-5a69-ac83-cb68f1e46914,22,22,ያዕቆብም ብንያምን ከእነርሱ ጋር ካልሰደደው ከራቡ የተነሣ ሁሉም እንደሚጠፉ ዐሰበ፥ ሮቤልም፥ “እርሱን በእጄ ስጠኝ፤ መልሼ ባላመጣልህ ስለ እርሱ ፋንታ ሁለቱን ልጆችን ግደላቸው” አለው።
82c2310d-7c0d-58e3-a89b-4b99b79c7f80,4525012b-53a7-5ca4-acb2-c106729cbcdd,cf05cec2-4280-5a69-ac83-cb68f1e46914,23,23,እርሱም፥ “ከአንተ ጋር አይሄድም” አለው። ይሁዳም ቀርቦ፥ “ከእኔ ጋር ስደደው፤ መልሼ ባላመጣልህም በሕይወት ዘመኔ ሁሉ በፊትህ በደለኛ ልሁን” አለ።
2f2a45ee-dab0-56bf-a98d-77a4ba54f2fb,4525012b-53a7-5ca4-acb2-c106729cbcdd,cf05cec2-4280-5a69-ac83-cb68f1e46914,24,24,በዚህ ሱባዔ በሁለተኛው ዓመት በዐሥረኛው ወር መባቻ ከእነርሱ ጋር ሰደደው፤ ከሚሄዱትም ሁሉ ጋር ወደ ግብፅ ደረሱ። ከእነርሱም ጋር እጅ መንሻቸው ልባንጃ፥ ለውዝ፥ ጠርቤንቶስና የማር ወለላ በእጃቸው ነበር።
227b4b79-cae9-5004-a44d-afb126f73200,4525012b-53a7-5ca4-acb2-c106729cbcdd,cf05cec2-4280-5a69-ac83-cb68f1e46914,25,25,ደርሰውም በዮሴፍ ፊት ቆሙ። ወንድሙን ብንያምንም ባየው ጊዜ ዐወቀው።
3f060570-524d-5232-a3af-090de742c2cc,4525012b-53a7-5ca4-acb2-c106729cbcdd,cf05cec2-4280-5a69-ac83-cb68f1e46914,26,26,“ትንሽ ወንድማችሁ ይህ ነውን?” አላቸው። እነርሱም፥ “አዎን፥ ነው” አሉት። እርሱም፥ “ልጄ ሆይ፥ እግዚአብሔር ይጠብቅህ” አለው፥ ወደ ቤቱም ሰደዳቸው፤ ስምዖንንም አወጣላቸው።
ba9e2d37-fc18-590f-a942-902a4b9b73fe,4525012b-53a7-5ca4-acb2-c106729cbcdd,cf05cec2-4280-5a69-ac83-cb68f1e46914,27,27,ግብርም አገባላቸው፥ በእጃቸውም ያመጡትን እጅ መንሻቸውን አቀረቡለት። በፊቱም በሉ፤ ለሁሉም ፋንታ ፋንታቸውን ሰጣቸው። ከሁሉም ፋንታ ይልቅ የብንያም ፋንታ ሰባት እጅ በለጠ። በሉ፥ ጠጡም፥ ሄደውም አህዮቻቸው ባሉበት ዐደሩ።
ef1d3466-d639-5a96-a0d0-6b80a28e5a2e,b8ba72b1-5cfe-5116-a89c-812051662054,4b320102-a44f-58bf-a822-9137c1121883,1,1,ዮሴፍም እርስ በርሳቸው የደኅንነትና የሰላም ዐሳብ እንዳላቸው፥ ያም ባይሆን የጠብ ዐሳብ እንዳላቸው፥ ዐሳባቸውን ያውቅ ዘንድ ዐሰበ።
b16bfafb-10a7-5ac5-a5da-45a45f0213b9,b8ba72b1-5cfe-5116-a89c-812051662054,4b320102-a44f-58bf-a822-9137c1121883,2,2,በቤቱ ላይ የተሾመውንም ሹም፥ “በአቅማዳቸው ሁሉ እህልን ምላላቸው፥ ወርቃቸውንም በየአቅማዳቸው አድርግላቸው፤ የምጠጣበትንም የብሩን ጽዋ በታናሹ ልጅ አቅማዳ አድርገህ ስደዳቸው” አለው።
88547c8f-bf22-5a53-a96d-36b5488b0e27,b8ba72b1-5cfe-5116-a89c-812051662054,4b320102-a44f-58bf-a822-9137c1121883,3,3,እርሱም ዮሴፍ እንዳዘዘው አደረገ። በየአቅማዳውም እህሉን ሁሉ መላ፥ ወርቃቸውንም በየአቅማዳቸው ጨመረላቸው። የብሩንም ጽዋ በብንያም አቅማዳ ጨመረ፤ በነጋም ጊዜ ፈጥነው ሄዱ።
8ad79b48-e1cb-5f6d-a6c1-da3456904abb,b8ba72b1-5cfe-5116-a89c-812051662054,4b320102-a44f-58bf-a822-9137c1121883,4,4,ከዚያም በወጡ ጊዜ እንዲህ ሆነ። ዮሴፍ በቤቱ የተሾመውን ሹም፥ “ፈጥነህ ተከተላቸው፦ በጎ ነገርን ስላደረግሁላችሁ ፋንታ ክፉ ነገር ከፈላችሁኝ፤ ጌታዬም የሚጠጣበትን የብር ጽዋ ሰረቃችሁኝ ብለህ ተከራክረህ ታናሽ ወንድማቸውን መልስልኝ፥ ወደ አደባባይ ሳልወጣ ፈጥነህ አምጣው” አለው።
b5ae8ec5-d1cc-5137-a62d-cf8ea7516e4f,b8ba72b1-5cfe-5116-a89c-812051662054,4b320102-a44f-58bf-a822-9137c1121883,5,5,በኋላቸውም ፈጥኖ ተከትሎ እንዲህ ባለ ነገር ተናገራቸው። እነርሱም አሉት፥ “ለእኛ ለባሪያዎችህ እንዲህ ያለ ነገር አግባባቸው አይደለም። ይህን ነገር አያደርጉም፤ ከጌታህም ቤት ምንም ገንዘብ አይሰርቁም።
f6420baa-cf53-5bca-a2b8-09237d169b73,b8ba72b1-5cfe-5116-a89c-812051662054,4b320102-a44f-58bf-a822-9137c1121883,6,6,እኛ ባሪያዎችህ ቀድሞ በአቅማዳችን ያገኘነውን ወርቃችንን ስንኳ ከከነዓን መልሰናል፥ እንዴት ገንዘብ እንሰርቃለን? እነሆ፥ እኛም አለን፤ አቅማዳችንም አለ፤ በርብር።
a4b5ad21-1f89-5d03-a92f-431d9638048f,b8ba72b1-5cfe-5116-a89c-812051662054,4b320102-a44f-58bf-a822-9137c1121883,7,7,ከእኛም ጽዋውን ያገኘህበት አንዱ ሰው ይገደል፤ እኛም አህዮቻችንም ለጌታህ እንገዛ።”
f1ae88c1-6b05-5534-a454-c00d8ea99821,b8ba72b1-5cfe-5116-a89c-812051662054,4b320102-a44f-58bf-a822-9137c1121883,8,8,እርሱም አላቸው፥ “ነገሩ እንዲህ አይደለም፤ ጽዋውን ያገኘሁበትን ሰው እርሱን ብቻ ይዤ አገልጋይ አደርገዋለሁ፤
1d0bb097-6860-54ee-abd6-24a0c7faa934,b8ba72b1-5cfe-5116-a89c-812051662054,4b320102-a44f-58bf-a822-9137c1121883,9,9,እናንተ ግን በሰላም ወደ ቤታችሁ ተመለሱ።”
f690f5ff-21b5-5c33-af92-f9e2a3d9b5b0,b8ba72b1-5cfe-5116-a89c-812051662054,4b320102-a44f-58bf-a822-9137c1121883,10,10,ገንዘባቸውንም ሲበረብር ከትልቁ ጀምሮ በታናሹ ጨረሰ፤ በታናሹም በብንያም አቅማዳ ተገኘ። ደንግጠውም ልብሶቻቸውን ቀደዱ። አህዮቻቸውንም ጭነው ወደ ከተማ ተመለሱ። ወደ ዮሴፍም ቤት ደረሱ። ሁሉም በግንባራቸው በምድር ላይ ተደፍተው ሰገዱለት።
71101c93-7f22-579f-ac17-ee1ad7102bdb,b8ba72b1-5cfe-5116-a89c-812051662054,4b320102-a44f-58bf-a822-9137c1121883,11,11,ዮሴፍም፥ “ክፉ አደረጋችሁ” አላቸው። እነርሱም አሉ፥ “ምን እንናገራለን? ምንስ እንመልሳለን? አንተ ጌታችን የእኛን የአገልጋዮችህን በደል አገኘህብን፤
412fa488-936d-52e4-a1d0-7f48adb8785d,b8ba72b1-5cfe-5116-a89c-812051662054,4b320102-a44f-58bf-a822-9137c1121883,12,12,እነሆ፥ እኛ ለጌታችን ባሪያዎች ነን፤ አህዮቻችንም ለአንተ ናቸው።”
93e19327-fb7f-59bb-aeb4-7c7c8552ca48,b8ba72b1-5cfe-5116-a89c-812051662054,4b320102-a44f-58bf-a822-9137c1121883,13,13,ዮሴፍም አላቸው፥ “እኔስ እግዚአብሔርን እፈራለሁ፤ እናንተም ወደ ሀገራችሁ ሂዱ፥ ክፉ ሥራ ሠርቶአልና ወንድማችሁ ብቻ ተገዢ ይሁን፤ ሰው ጽዋውን እንደሚወድ፥ እኔም በዚህ ጽዋ እንደምጠጣ አታውቁምን? እርሱንም ሰረቃችሁኝ።”
e77607bf-dc61-549d-adf5-f8734636e2f6,b8ba72b1-5cfe-5116-a89c-812051662054,4b320102-a44f-58bf-a822-9137c1121883,14,14,ይሁዳም አለ፥ “ጌታዬ፥ አንተ በጆሮህ እየሰማህ አንድ ቃል ልናገር። የዚህ የአገልጋይህ እናት ለአባታችን ሁለት ልጆች ወለደች፤ አንዱ ወጥቶ ጠፋ፤ ያገኘውም የለም፤ ይህ ግን ለእናቱ እርሱ ብቻ ቀርቶአል።
bfc10f8c-eaf6-5704-a511-a8abf3ae7926,b8ba72b1-5cfe-5116-a89c-812051662054,4b320102-a44f-58bf-a822-9137c1121883,15,15,አገልጋይህ አባታችንም ይወደዋል። ልቡናውም ከዚህ ከልጁ ልቡና ጋር የታሰረች ናት። ወደ ባሪያህ ወደ አባታችን ብንሄድ፥ ይህም ሕፃን ከእኛ ጋር ካልሄደ ይሞታል።
51ef862e-242c-5be3-aca1-52477f73be75,b8ba72b1-5cfe-5116-a89c-812051662054,4b320102-a44f-58bf-a822-9137c1121883,16,16,ለሞት እስኪደርስ ድረስ አባታችንን በኀዘን እንገድላለን። ነገር ግን እኔ አገልጋይህ ስለዚህ ልጅ ፋንታ ለጌታዬ ተገዥ ሆኜ ልኑር፤ ልጁም ከወንድሞቹ ጋር ይሂድ። ከአገልጋይህ አባታችን እጅ ዋስ ሆኜ አምጥቼዋለሁና እኔ አገልጋይህ መልሼ ባልወስደው በዘመኑ ሁሉ አባታችንን እበድላለሁ።”
22b242a0-33f4-543d-af5f-8b46b1946e1d,b8ba72b1-5cfe-5116-a89c-812051662054,4b320102-a44f-58bf-a822-9137c1121883,17,17,ዮሴፍም የሁሉ ልቡና አንዱ ከአንዱ ጋር በበጎ ነገር እኩል እንደ ሆነ ባየ ጊዜ መታገሥ ተሳነው።
7098e501-cdb3-503e-a280-672acc2fe4da,b8ba72b1-5cfe-5116-a89c-812051662054,4b320102-a44f-58bf-a822-9137c1121883,18,18,እርሱም ዮሴፍ እንደ ሆነ ነገራቸው፥ በዕብራይስጥም ቋንቋ ከእነርሱ ጋር ተነጋገረ። አንገታቸውንም አቅፎ አለቀሰ። እነርሱ ግን አላወቁትም ነበር፤ እነርሱም ያለቅሱ ጀመር።
4aff10d5-276a-5609-abca-39070702663b,b8ba72b1-5cfe-5116-a89c-812051662054,4b320102-a44f-58bf-a822-9137c1121883,19,19,እርሱም አላቸው “በእኔ አታልቅሱ፥ አባቴን ፈጥናችሁ ወደ እኔ አምጡት፤ ሳልሞትም አባቴን ልየው፥ የወንድሜ የብንያምም ዐይኖች እያዩ ልየው። ይህ የራቡ ዘመን እነሆ፥ ሁለተኛ ዓመት ነው። ገናም አምስት ዓመት አለ፤ አዝመራ የለም፥ የእንጨት ፍሬም የለም፥ እርሻም የለም። እናንተም ከጓዛችሁ ጋር ፈጥናችሁ ኑ፤ በራብም አትሙቱ። ስለ ጓዛችሁም አትጨነቁ።
b0cd87bf-f36f-5b82-a9de-8e3cc08364b9,b8ba72b1-5cfe-5116-a89c-812051662054,4b320102-a44f-58bf-a822-9137c1121883,20,20,ብዙ ወገኖች ይድኑ ዘንድ እግዚአብሔር እኔን አስቀድሞ ለማዘጋጀት ልኮኛልና። እኔም ገና በሕይወት እንዳለሁ ለአባቴ ንገሩት።
f1aef787-6ddb-554b-a945-e8ce820eb0b1,b8ba72b1-5cfe-5116-a89c-812051662054,4b320102-a44f-58bf-a822-9137c1121883,21,21,ለፈርዖን እንደ አባቱ እሆን ዘንድ፥ በቤቱና በግብፅ ሀገርም ሁሉ እሠለጥን ዘንድ እግዚአብሔር እንደ ሾመኝ እነሆ፥ እናንተ ታያላችሁ።
b2d75b11-fc51-549d-afa6-d463e20cfdd6,b8ba72b1-5cfe-5116-a89c-812051662054,4b320102-a44f-58bf-a822-9137c1121883,22,22,ለአባቴም፦ ጌትነቴን ሁሉ፥ እግዚአብሔርም የሰጠኝን ብልጽግናና ክብርን ሁሉ ንገሩት።”
a5b88210-eaa9-5ca7-a60b-45375187ac6e,b8ba72b1-5cfe-5116-a89c-812051662054,4b320102-a44f-58bf-a822-9137c1121883,23,23,በፈርዖንም ትእዛዝ ለመንገድ ሰረገላዎችንና ስንቅን ሰጣቸው። ለሁሉም አራት ኅብር ያለው ልብስና ብርን ሰጣቸው። ለአባታቸውም ልብስና ብርን፥ ስንዴ የሚወስዱባቸውንም ዐሥር አህዮች ላከ። አሰናበታቸውም።
30b436b2-851b-5da8-a29e-0f13afe62f87,b8ba72b1-5cfe-5116-a89c-812051662054,4b320102-a44f-58bf-a822-9137c1121883,24,24,ወጥተውም ለአባታቸው፥ ዮሴፍ በሕይወት እንደ አለ፥ በምድር ላሉ አሕዛብ ሁሉ ስንዴን እንደሚሰፍር፥ በግብፅ ሀገር ሁሉም ላይ እንደ ሠለጠነ ነገሩት።
b80f2b48-283a-516a-ac80-7505ba00325a,b8ba72b1-5cfe-5116-a89c-812051662054,4b320102-a44f-58bf-a822-9137c1121883,25,25,አባታቸው ግን ልቡናው ደንግጦአልና አላመናቸውም።
96c58b42-0b4c-54cd-af4b-d96cc5853b5e,b8ba72b1-5cfe-5116-a89c-812051662054,4b320102-a44f-58bf-a822-9137c1121883,26,26,ከዚህ በኋላ ዮሴፍ የላከለትን ሰረገላዎች አይቶ ሰውነቱ እንደ ገና ታደሰ።
db287bde-dacc-5e3a-ae12-98406e7d66c8,b8ba72b1-5cfe-5116-a89c-812051662054,4b320102-a44f-58bf-a822-9137c1121883,27,27,እርሱም አለ፥ “ይህ ለእኔ ታላቅ ነው። ዮሴፍ ሕያው ነውና ሳልሞት ወርጄ ልየው” አለ።
044f20c3-be66-5cae-a40e-6e172b3c6621,b8ba72b1-5cfe-5116-a89c-812051662054,4b320102-a44f-58bf-a822-9137c1121883,28,28,ያዕቆብም በሦስተኛው ወር መባቻ ከከንዓን ከቤቱ ተነሥቶ በቤርሳቤህ ጎዳና ሄደ። በዚህም ወር በሰባተኛው ቀን ለአባቱ ለይስሐቅ አምላክ መሥዋዕትን ሠዋ።
7614749d-2d81-52d0-ad01-9efef0c34e85,b8ba72b1-5cfe-5116-a89c-812051662054,4b320102-a44f-58bf-a822-9137c1121883,29,29,ያዕቆብም በቤቴል ያየውን ሕልም ዐሰበ፥ ወደ ግብፅ መውረድንም ፈራ። ዮሴፍ ወደ እርሱ እንዲመጣ እርሱም ወደ ግበፅ እንዳይወርድ ይልክበት ዘንድ ሲያስብ ሰነበተ።
25b5cb67-515c-5e58-af31-a2fe578ce499,34c55332-de69-5fe3-a3d3-78d37f253011,f70c5481-0256-520a-ae3e-e6e9e24aabfa,1,1,ይቀር ዘንድ፥ ወይም ይወርድ ዘንድ ራእይ ያይ እንደ ሆነ በዚያ ሰባት ቀን ተቀመጠ። ከከረመውም ስንዴ የመጀመሪያውን ፍሬ በዓል አደረገ።
7c490a6a-ca97-58b7-af5f-273ec0bc2732,34c55332-de69-5fe3-a3d3-78d37f253011,f70c5481-0256-520a-ae3e-e6e9e24aabfa,2,2,በአውሬዎችና በከብቶች፥ በወፎችና በሰዎች ሁሉ ድርቅ ስለ ሆነ ከከነዓን ሀገር ሁሉ በምድር የሚዘሩት ምንም እፍኝ ሙሉ ዘር አልነበረምና።
bd556081-2d32-5f8c-a0d9-bbc0fff49ec9,34c55332-de69-5fe3-a3d3-78d37f253011,f70c5481-0256-520a-ae3e-e6e9e24aabfa,3,3,በዐሥራ ስድስተኛውም ቀን እግዚአብሔር ተገለጠለት፥ “ያዕቆብ፥ ያዕቆብ” ብሎ ጠራው። ያዕቆብም፥ “እነሆ፥ አለሁ” አለ። እርሱም አለው፥ “የአባቶችህ የአብርሃምና የይስሐቅ አምላክ እኔ ነኝ። በዚያ ብዙ ወገን አደርግሃለሁና ወደ ግብፅ መውረድን አትፍራ፤ እኔ ከአንተ ጋር እወርዳለሁ። እኔም እወስድሃለሁ፥ በዚያችም ምድር ትቀበራለህ።
072a5797-f529-5ee2-ac99-a2fd3e22a493,34c55332-de69-5fe3-a3d3-78d37f253011,f70c5481-0256-520a-ae3e-e6e9e24aabfa,4,4,ዮሴፍም እጁን በዐይኖችህ ላይ ያኖራል፤ አትፍራ፤ ወደ ግብፅም ውረድ።”
4228dbe3-696a-5f9c-a81d-933061cbd5df,34c55332-de69-5fe3-a3d3-78d37f253011,f70c5481-0256-520a-ae3e-e6e9e24aabfa,5,5,ያዕቆብም ተነሣ፤ ልጆቹና የልጅ ልጆቹም ተነሡ፤ አባታቸውንና ጓዛቸውንም በሰረገላ ጫኑ።
21403eed-72ef-5f10-a26a-b193595c63b0,34c55332-de69-5fe3-a3d3-78d37f253011,f70c5481-0256-520a-ae3e-e6e9e24aabfa,6,6,በዚህ በሦስተኛው ወር በዐሥራ ስድስተኛው ቀን ያዕቆብ ከዐዘቅተ መሐላ ተነሥቶ ወደ ግብፅ ሄደ።
44c5a749-5182-56c2-ae4d-fe40eb9997ca,34c55332-de69-5fe3-a3d3-78d37f253011,f70c5481-0256-520a-ae3e-e6e9e24aabfa,7,7,ያዕቆብም ከእርሱ አስቀድሞ የጌሼምን ምድር ይጐበኝ ዘንድ ልጁን ይሁዳን ወደ ልጁ ዮሴፍላከ። ለእርሱ አቅራቢያ ይሆኑ ዘንድ፥ በዚያ ሊኖሩ እንዲመጡ ዮሴፍ ነግሮአቸዋልና።
c6b0ce73-1152-5870-aeb8-1b1b613a7083,34c55332-de69-5fe3-a3d3-78d37f253011,f70c5481-0256-520a-ae3e-e6e9e24aabfa,8,8,ይህችውም በግብፅ ምድር መልካም ነበረች። ለእርሱም ቅርብ ነበረች፥ ለእስራኤልና ለከብቶቻቸውም የተመቸች ነበረች።
59912d17-116e-52f8-a9ae-6baf4f7f734b,34c55332-de69-5fe3-a3d3-78d37f253011,f70c5481-0256-520a-ae3e-e6e9e24aabfa,9,9,ከአባታቸው ከያዕቆብ ጋር ወደ ግብፅ የወረዱ የያዕቆብ ልጆች ስማቸው ይህ ነው። የያዕቆብ የበኵር ልጅ ሮቤል ነው። የልጆቹም ስማቸው ኤኖክ፥ ፋሉስ፥ ኤስሮም፥ ከርሚ፥ ከእርሱ ጋር እነዚህ አምስቱ ናቸው።
e7c21be0-30f5-5b3e-a7d9-c1965ac89575,34c55332-de69-5fe3-a3d3-78d37f253011,f70c5481-0256-520a-ae3e-e6e9e24aabfa,10,10,ስምዖንና ልጆቹ፥ የልጆቹም ስማቸው ይህ ነው። ኢሙኤል፥ ኢያሚን፥ አዕዎት፥ ኢያኪም፥ ሳዖር፥ የስፍንስዋቅ ልጅ ሳውል፥ ከእርሱ ጋር እነዚህ ሰባቱ ናቸው።
3642990d-e6b8-5c0d-a3d3-c2a5c73b87cb,34c55332-de69-5fe3-a3d3-78d37f253011,f70c5481-0256-520a-ae3e-e6e9e24aabfa,11,11,ሌዊና ልጆቹ፥ የልጆቹም ስም ይህ ነው። ጌድሶር፥ ቀዓት፥ ሜራሪ፥ እኒህ አራቱ ናቸው።
ee689451-9b34-52df-ab34-d9eabbb91f64,34c55332-de69-5fe3-a3d3-78d37f253011,f70c5481-0256-520a-ae3e-e6e9e24aabfa,12,12,ይሁዳና ልጆቹ፥ የልጆቹም ስም ሴሎም፥ ፋሬስ፥ ዛራ፥ እሊህ አራቱ ናቸው።
58693ab5-37c4-56dd-ae04-ac6307f6b81c,34c55332-de69-5fe3-a3d3-78d37f253011,f70c5481-0256-520a-ae3e-e6e9e24aabfa,13,13,ይሳኮርና ልጆቹ፥ የልጆቹም ስም ይህ ነው። ቶላ፥ ፉኣ፥ ኢያስብ፥ ሳምሮን፥ እኒህ አምስቱ ናቸው።
b0f0f579-a0da-5b5d-a283-a97452c24289,34c55332-de69-5fe3-a3d3-78d37f253011,f70c5481-0256-520a-ae3e-e6e9e24aabfa,14,14,ዛብሎንና ልጆቹ፥ የልጆቹም ስም ይህ ነው። ሳኦር፥
53a4c06f-8c1a-5714-ab79-cdc04bf93c6c,34c55332-de69-5fe3-a3d3-78d37f253011,f70c5481-0256-520a-ae3e-e6e9e24aabfa,15,15,የያዕቆብ ልጆች፥ ልጆቻቸውም እነዚህ ናቸው፤ በመስጴጦምያ ልያ ለያዕቆብ የወለደችለት ስድስት ናቸው። አንዲቱ እኅታቸው ዲና ናት። ከልያ የተወለዱ ልጆች ሁሉ ከአባታቸው ከያዕቆብ ጋር ወደ ግብፅ የወረዱ ልጆቻቸውም ሃያ ዘጠኝ ናቸው። አባታቸው ያዕቆብም ከእነርሱ ጋር ተቈጥሮ ሠላሳ ሆኑ።
bcf23cf9-0260-5ff4-aea8-5bd833882895,34c55332-de69-5fe3-a3d3-78d37f253011,f70c5481-0256-520a-ae3e-e6e9e24aabfa,16,16,የያዕቆብ ሚስት የልያ አገልጋይ ዘለፋ ለያዕቆብ የወለደችለት ልጆች ጋድና አሴር ናቸው። ከእነርሱ ጋር ወደ ግብፅ የወረዱት የልጆቻቸውም ስም ይህ ነው።
fb0d9c32-991a-54f2-af3c-23cdc91d6908,34c55332-de69-5fe3-a3d3-78d37f253011,f70c5481-0256-520a-ae3e-e6e9e24aabfa,17,17,የጋድ ልጆች ሳፍዮን፥ አሐዲ፥
8299d964-78a0-5b70-ac4f-17ac4137decc,34c55332-de69-5fe3-a3d3-78d37f253011,f70c5481-0256-520a-ae3e-e6e9e24aabfa,18,18,የአሴርም ልጆች፥ ኢያምና፥ ይሱአ፥ በርያ አንዲት እኅታቸውም ሣራ ናቸው። እነዚህ አምስቱ ናቸው።
b1e93487-fc71-5e09-a70b-38c958ffb62e,34c55332-de69-5fe3-a3d3-78d37f253011,f70c5481-0256-520a-ae3e-e6e9e24aabfa,19,19,የዘለፋም ልጆች ዐሥራ አራት ናቸው። የልያም ሁሉ አርባ አራት ሆኑ።
7faf24d6-944b-5aa3-ad5f-982098a1ef17,34c55332-de69-5fe3-a3d3-78d37f253011,f70c5481-0256-520a-ae3e-e6e9e24aabfa,20,20,የያዕቆብ ሚስት የራሔል ልጆች ዮሴፍና ብንያም ናቸው። አባቱ ወደ ግብፅ ሳይወርድ ለዮሴፍ በግብፅ ልጆች ተወለዱለት። የኤልዮጶሊስ ካህን የሚሆን የፋጢፋራ ልጅ አስኔት የወለደችለት ምናሴና ኤፍሬም ናቸው።፥ እነዚህ ሦስቱ ናቸው።
c9253af9-b4a5-57f9-afc5-f057f28790c8,34c55332-de69-5fe3-a3d3-78d37f253011,f70c5481-0256-520a-ae3e-e6e9e24aabfa,21,21,የብንያምም ልጆች ላውባኤል፥ አስቤል፥ ጎአው፥ ንዕማን፥ አብሮድዮ፥ ራኤፍስ፥ ያኒማ፥ አፊም፥ የአም፥ ጋዐም፥
35f63b51-de1d-5fd8-a359-363507801282,34c55332-de69-5fe3-a3d3-78d37f253011,f70c5481-0256-520a-ae3e-e6e9e24aabfa,22,22,ዳንና ንፍታሌምን የወለደችለት የያዕቆብ ሚስት የራሔል አገልጋይ የባላ ልጆች እነዚህ ናቸው። ከእነርሱ ጋር ወደ ግብፅ የወረዱት የልጆቻቸውም ስም ይህ ነው።
e8185dbf-6639-566a-a9ec-e10cf7c7c053,34c55332-de69-5fe3-a3d3-78d37f253011,f70c5481-0256-520a-ae3e-e6e9e24aabfa,23,23,የዳን ልጆች ኩሲም፥ ሰሞን፥ አሱድ፥ ኢያሳክ፥ ሰሎሞን ናቸው፥ እኒህ ስድስቱ ናቸው። በገቡበት ዓመት በግብፅ ሞቱ። ለዳንም ኩሲም ብቻ ተረፈለት።
3a719f9e-20c3-5c8f-a513-b250ba29182a,34c55332-de69-5fe3-a3d3-78d37f253011,f70c5481-0256-520a-ae3e-e6e9e24aabfa,24,24,የንፍታሌምም ልጆች ስማቸው ይህ ነው። ኢያስኤል፥ ገሀን፥ አስዓር፥ ያኩም፥ አው ናቸው፤ ከረሃቡ ዘመን በኋላ የተወለደ አው በግብፅ ሞተ። የራሔል ሰዎች ሁሉ ሃያ ሰባት ሆኑ፥ ወደ ግብፅ የወረዱ የያዕቆብ ልጆች ሁሉ ሰባ ሰዎች ናቸው።
56e6a181-7a99-5507-adc3-9cd0fa893672,34c55332-de69-5fe3-a3d3-78d37f253011,f70c5481-0256-520a-ae3e-e6e9e24aabfa,25,25,እንግዲህ እነዚህ ልጆቹና የልጅ ልጆቹ ሁሉ ሰባ ናቸው። ሚስትም ሳያገቡ በግብፅ የሞቱት አምስት ናቸው፤ ልጅም አልነበራቸውም።
1c443125-7ab9-5d6e-a745-26fa6735f0c9,34c55332-de69-5fe3-a3d3-78d37f253011,f70c5481-0256-520a-ae3e-e6e9e24aabfa,26,26,የይሁዳ ሁለቱ ልጆቹ ኤርና አውናን በከነዓን ሀገር ሞቱበት፥ ልጅም አልነበራቸውም፤ የሞቱትንም የእስራኤል ልጆች ቀበሩአቸው። እነዚህም ወገኖች ከሰባው ሰዎች ጋር ተቈጠሩ።
e62dfca4-883c-55ad-a99d-a81b0732a5a0,34c55332-de69-5fe3-a3d3-78d37f253011,f70c5481-0256-520a-ae3e-e6e9e24aabfa,27,27,ያዕቆብም በአርባ አምስተኛው ኢዮቤልዩ በሦስተኛው ሱባዔ በሁለተኛው ዓመት በአራተኛው ወር መባቻ ወደ ግብፅ ወደ ጌሴም ምድር ገባ።
64e44ba7-b030-549b-a282-4b6351eeca7b,34c55332-de69-5fe3-a3d3-78d37f253011,f70c5481-0256-520a-ae3e-e6e9e24aabfa,28,28,ዮሴፍም አባቱን ያዕቆብን ይቀበል ዘንድ ወደ ጌሴም ምድር መጣ። የአባቱንም አንገት አቅፎ አለቀሰ። ያዕቆብም ዮሴፍን፥ “አይችሃለሁና እንግዲህ ወዲህ ልሙት” አለው።
d1373119-8b03-53d5-a726-4ebda340f125,34c55332-de69-5fe3-a3d3-78d37f253011,f70c5481-0256-520a-ae3e-e6e9e24aabfa,29,29,“አሁንም ከአገልጋዩ ከያዕቆብ ምሕረቱንና ይቅርታውን ያላራቀ የእስራኤል አምላክ የአብርሃም አምላክ፥ የይስሐቅም አምላክ ይመስገን፤ በቤቴል ያየሁት ራእይ እውነተኛ ሕልም ነውና እኔ በሕይወት ፊትህን ማየቴ ለእኔ ታላቅ ነው፤ አምላኬ እግዚአብሔር ለዘለዓለሙ ይመስገን፤ ስሙም የተመሰገነ ነው” አለ።
d76996e6-d6a7-55fb-ab8b-90497842a7b3,34c55332-de69-5fe3-a3d3-78d37f253011,f70c5481-0256-520a-ae3e-e6e9e24aabfa,30,30,ዮሴፍና ወንድሞቹ በአባታቸው ፊት እንጀራን በሉ፤ ወይንንም ጠጡ፤ ያዕቆብም ዮሴፍን ከወንድሞቹ ጋር በፊቱ ሲበላና ሲጠጣ አይቶታልና ፈጽሞ ደስ አለው። እርሱን የጠበቀውን፥ ዐሥራ ሁለቱን ልጆቹንም የጠበቀለትን፥ የሁሉን ፈጣሪ አመሰገነው።
01d965cf-1c29-5a99-a4e2-7f3d0a50a79c,34c55332-de69-5fe3-a3d3-78d37f253011,f70c5481-0256-520a-ae3e-e6e9e24aabfa,31,31,ዮሴፍም በጌሴም ምድርና በራምሴ በፈርዖን ፊት እነርሱ በሚገዙት በአውራጃዋም ሁሉ ይኖሩ ዘንድ ለአባቱ ገንዘብ ሰጠው፤ ለወንድሞቹም ሰጣቸው።
59871108-56fc-5984-a14e-09f3d27df99c,810f6e9f-2ad0-5f05-abc0-c067c1eb1a80,3517a3fe-965d-5012-a205-fe0431e12486,1,1,ያዕቆብ ከልጆቹ ጋር ከግብፅ ምድር በምትሻለው በጌሴም ምድር ኖረ። ያዕቆብም ወደ ግብፅ በገባ ጊዜ የመቶ ሠላሳ ዓመት ሰው ነበረ።
09acc229-0e14-5355-a126-d8ebd03f389a,810f6e9f-2ad0-5f05-abc0-c067c1eb1a80,3517a3fe-965d-5012-a205-fe0431e12486,2,2,ዮሴፍም ለአባቱና ለወንድሞቹ ለቤተሰቦቻቸውም ለሰባቱ የራብ ዓመት የሚበቃ ምግብን ሰጣቸው። ከራቡ ጽናት የተነሣም የግብፅ ምድር ተጨነቀች።
78286b59-912a-5cdf-acaa-5503adc9b4a5,810f6e9f-2ad0-5f05-abc0-c067c1eb1a80,3517a3fe-965d-5012-a205-fe0431e12486,3,3,ዮሴፍም መላዋን የግብፅ ምድርን በእህል ምክንያት ለፈርዖን እጅ አደረጋት። ሰውንና ከብቱን፥ ሁሉንም ለፈርዖን ገንዘብ አደረገ። የራቡም ዘመን ተፈጸመ።
de6293aa-6de0-57dd-a70d-fb664e6aa898,810f6e9f-2ad0-5f05-abc0-c067c1eb1a80,3517a3fe-965d-5012-a205-fe0431e12486,4,4,ዮሴፍ በስምንተኛው ዓመት ዘር ይዘሩ ዘንድ በግብፅ ላሉ ሰዎች ዘርንና ምግብን ሰጠ። ፈሳሹ በግብፅ ሀገር ሁሉ መልቶአልና፥ በሰባቱ የራብ ዐመታት በወንዝ አጠገብ ካሉ ከጥቂቶች ቦታዎች በቀር አያጠጣም ነበርና።
922b1ff2-4855-5604-a4ae-c0321b9f98cf,810f6e9f-2ad0-5f05-abc0-c067c1eb1a80,3517a3fe-965d-5012-a205-fe0431e12486,5,5,ዛሬ ግን ወንዙ መልቶአል፤ የግብፅ ሰዎችም ምድሩን ዘሩ፤ ምድርም በዚያ ዓመት ብዙ ስንዴን አፈራች። ያም ዓመት የአርባ አምስተኛው ኢዮቤልዩ የአራተኛው ሱባዔ መጀመሪያ ነው።
f13c03c2-2c87-5a48-a4b4-43e7705d6c8a,810f6e9f-2ad0-5f05-abc0-c067c1eb1a80,3517a3fe-965d-5012-a205-fe0431e12486,6,6,ዮሴፍም ከዘሩት እህል አምስተኛውን እጅ ወስዶ ለንጉሥ አገባ። አራቱንም እጅ ለዘርና ለምግብ ሊሆናቸው ተወላቸው። ዮሴፍም እስከዚህ ቀን ድረስ ለግብፅ ሀገር ሰዎች ይህን ሥርዐት አደረገላቸው።
6c76d279-18fa-532e-a15f-fabb64211abc,810f6e9f-2ad0-5f05-abc0-c067c1eb1a80,3517a3fe-965d-5012-a205-fe0431e12486,7,7,ያዕቆብም በግብፅ ሀገር ዐሥራ ሰባት ዓመት ኖረ። የኖረባቸውም ዓመታት ሁሉ ሦስት ኢዮቤልዩ ሆኑ፥ ሦስት ኢዮቤልዩም መቶ አርባ ሰባት ዓመት ነው። በአርባ አምስተኛው ኢዮቤልዩ በአምስተኛው ሱባዔ በአራተኛው ዓመት ሞተ።
fb360638-0aee-5f67-a079-4c4d59c24cd2,810f6e9f-2ad0-5f05-abc0-c067c1eb1a80,3517a3fe-965d-5012-a205-fe0431e12486,8,8,ያዕቆብም ሳይሞት ልጆቹን መረቃቸው። በግብፅ ሀገር የሚያገኛቸውን ሁሉ፥ በኋለኛውም ዘመን በእነርሱ ላይ የሚመጣባቸውን ሁሉ ነገራቸው፤ መረቃቸውም።
2c9cd074-b4e0-54b9-acd5-b9b5e90ae5cb,810f6e9f-2ad0-5f05-abc0-c067c1eb1a80,3517a3fe-965d-5012-a205-fe0431e12486,9,9,ለዮሴፍም በምድር ላይ ሁለት ዕጣ ሰጠው። እንደ አባቶቹም አንቀላፋ። በከነዓንም ሀገር ደርብነት ባላት ዋሻ በአባቱ በአብርሃም አጠገብ ተቀበረ። ይኸውም በከነዓን ሀገር ደርብነት ባላት ዋሻ ለራሱ በቈፈራት መቃብር ነው። የእርሱን መጽሐፎችና የአባቶቹን መጽሐፎች ሁሉ እስከዚህ ቀን ድረስ ለልጆቹ ይጠብቃቸውና ያድሳቸው ዘንድ ለልጁ ለሌዊ ሰጠው።
5292b1d1-3273-5b97-aa0b-ef8fdd2c0d9d,810f6e9f-2ad0-5f05-abc0-c067c1eb1a80,3517a3fe-965d-5012-a205-fe0431e12486,10,10,ያዕቆብም ከሞተ በኋላ እንዲህ ሆነ፤ የእስራኤል ልጆች በግብፅ ሀገር በዙ፤ ብዙ ወገንም ሆኑ። ወንድም ወንድሙን ይወድ ዘንድ፥ ባልንጀራም ከባልንጀራው ጋር ይረዳዳ ዘንድ ሁሉም በልቡናቸው የተካከሉ ሆኑ።
a6839fd5-465f-5378-aa97-a3c78bae865f,810f6e9f-2ad0-5f05-abc0-c067c1eb1a80,3517a3fe-965d-5012-a205-fe0431e12486,11,11,ዮሴፍም በኖረበት ዘመን ሁሉ በዐሥሩ የሱባዔ ዓመታት እጅግ በጣም በዙ። ዮሴፍም በኖረበት ዘመን ሁሉ የእስራኤልን ልጆች የግብፅ ሰዎች ሁሉ ያከብሩአቸው ነበረና አባቱ ያዕቆብ ከሞተ በኋላ ዮሴፍ በኖረበት በሕይወቱ ዘመን ሁሉ ባላጋራ አልነበረም፤ ምንም ክፉ አልነበረም።
f9eaffea-424b-5766-ae1a-b803f16d0891,810f6e9f-2ad0-5f05-abc0-c067c1eb1a80,3517a3fe-965d-5012-a205-fe0431e12486,12,12,ዮሴፍም የመቶ ዐሥር ዓመት ሰው ሲሆን ሞተ፤ በከነዓን ምድር ዐሥራ ሰባት ዓመት ኖረ፥ ዐሥር ዓመት ሲያገለግል ኖረ፥ ሦስት ዓመት በግዞት ቤት ኖረ፤ ሰማንያ ዓመት ከንጉሥ በታች ሆኖ የግብፅን ሀገር ሁሉ እየገዛ ኖረ። ሞተም፤ ወንድሞቹም ሁሉ ሞቱ። ያችም ትውልድ ሁላ ሞተች።
162dcd73-a754-5428-a8bb-7382f2332fa8,810f6e9f-2ad0-5f05-abc0-c067c1eb1a80,3517a3fe-965d-5012-a205-fe0431e12486,13,13,ከግብፅም በሚወጡበት ወራት ዓፅሙን ይወስዱ ዘንድ ሳይሞት የእስራኤልን ልጆች አዘዛቸው። የግብፅ ሰዎች ዕለቱን አውጥተው ዳግመኛ በከነዓን ሀገር እንደማይቀብሩት ዐውቆአልና ስለ ዓፅሙ አማላቸው። የከነዓን ንጉሥ መምከሮን አሱር በሚባል ሀገር ሲኖር ከግብፅ ንጉሥ ጋር በቆላ ተዋግቶአልና፥ በዚያም ገድሎታልና።
8ef3f9aa-665b-5ce3-a893-976006cc07e7,810f6e9f-2ad0-5f05-abc0-c067c1eb1a80,3517a3fe-965d-5012-a205-fe0431e12486,14,14,እስከ ኤርሞንም በር ድረስ ግብፃውያንን አሳደደ፤ በግብፅም ሁለተኛ ሌላ ንጉሥ ነግሦአልና መግባት ተሳነው፤ ከእርሱም ይልቅ በርትቶአልና ወደ ከነዓን ሀገር ተመለሰ፤ የግብፅ በሮችም ተዘጉ፤ ወደ ግብፅም የሚወጣና የሚገባ አልነበረም።
c2d6557c-7383-59cf-a58e-422bad5ce720,810f6e9f-2ad0-5f05-abc0-c067c1eb1a80,3517a3fe-965d-5012-a205-fe0431e12486,15,15,ዮሴፍም በአርባ ሰባት ኢዮቤልዩ በሦስተኛው ሱባዔ በሁለተኛው ዓመት ሞተ። በግብፅም ሀገር ቀበሩት፤ ከእርሱም በኋላ ወንድሞቹ ሁሉ ሞቱ።
dda5f586-cca8-5cd5-a029-b2fcf3889d66,810f6e9f-2ad0-5f05-abc0-c067c1eb1a80,3517a3fe-965d-5012-a205-fe0431e12486,16,16,በአርባ ሰባተኛው ኢዮቤልዩ በሁለተኛው ሱባዔ በሁለተኛው ዓመት የግብፅ ንጉሥ ከከነዓን ንጉሥ ጋር ይዋጋ ዘንድ ወጣ።
d4ff8d74-0e7b-5d8b-aa90-2006c6841010,810f6e9f-2ad0-5f05-abc0-c067c1eb1a80,3517a3fe-965d-5012-a205-fe0431e12486,17,17,የእስራኤልም ልጆች ከዮሴፍ ዓፅም በቀር የያዕቆብን ልጆች ዓፅሞች ሁሉ በምድረ በዳ በተራራ ላይ ባለች ደርብነት ባላት ዋሻ ቀበሩ።
e7ae14a8-0965-5e62-a520-fc9d93bb059b,810f6e9f-2ad0-5f05-abc0-c067c1eb1a80,3517a3fe-965d-5012-a205-fe0431e12486,18,18,ብዙ ሰዎችም ወደ ግብፅ ተመለሱ፤ ከእነርሱም ጥቂት ሰዎች በኬብሮን ቀሩ፤ አባትህ አብራንም ከእነርሱ ጋር ቀረ።
0b49ec90-2805-5e2d-ab3f-3e125cd19c4f,810f6e9f-2ad0-5f05-abc0-c067c1eb1a80,3517a3fe-965d-5012-a205-fe0431e12486,19,19,የከነዓን ንጉሥ የግብፅን ንጉሥ ድል ነሣው።
534f685e-4db5-5e94-a498-1225c56fb718,810f6e9f-2ad0-5f05-abc0-c067c1eb1a80,3517a3fe-965d-5012-a205-fe0431e12486,20,20,የግብፅንም ሰዎች እንዲህ አላቸው፥ “የእስራኤል ልጆች ከእኛ እነሆ፥ ፈጽመው በዙ፤ ሳይበዙም እንጠበብባቸው፤ ጦርነትም ሳይመጣብን፥ እነርሱም ሳይወጉን በአገዛዝ መከራ እናጽናባቸው፤ ይህ ካልሆነ ግን እነርሱ ከጠላቶቻችን ጋር አንድ ሆነው ይወጉናል፤ ልቡናቸውና ፊታቸውም ወደ ከነዓን ነውና ከምድራችን ይወጣሉ።”
004c80af-0d53-59bb-a6ec-ad8b4e34689b,810f6e9f-2ad0-5f05-abc0-c067c1eb1a80,3517a3fe-965d-5012-a205-fe0431e12486,21,21,በሥራም መከራ ያጸኑባቸው ዘንድ፥ የሠራተኛ አለቆችን ሾመባቸው፤ አዘዙአቸውም። ለፈርዖንም ፊጦምና ራሚስ የሚባሉ ጽኑ አንባዎችን ሠሩ። በግብፅም ሀገር ቅጥሩንና የፈረሰውን ግንብ ሁሉ ሠሩ። በግፍም ይገዙአቸው ነበር። ነገር ግን ክፉ ነገር የሚያደርጉባቸውን ያህል እንደዚሁ ፈጽመው ይበዙ ነበር። የግብፅም ሰዎች የእስራኤልን ልጆች ይጸየፉአቸው ነበር።
dd18981b-4f60-5e02-adf3-72c89df485b4,810f6e9f-2ad0-5f05-abc0-c067c1eb1a80,3517a3fe-965d-5012-a205-fe0431e12486,22,22,በአርባ ሰባተኛው ኢዮቤልዩ በሰባተኛው ሱባዔ በሰባተኛው ዓመት አባትህ ከከነዓን መጣ፤ በአርባ ስምንተኛው ኢዮቤልዩ በአራተኛው ሱባዔ በስድስተኛው ዓመት ተወለድህ፤ ይኸውም በእስራኤል ልጆች ላይ መከራ የጸናበት ዘመን ነው።
c7aefd66-5523-573d-a73f-f614758bccdc,810f6e9f-2ad0-5f05-abc0-c067c1eb1a80,3517a3fe-965d-5012-a205-fe0431e12486,23,23,የግብፅ ንጉሥ ፈርዖንም የተወለደውን ወንድ ልጃቸውን ሁሉ ወደ ባሕር ይጥሉ ዘንድ በእነርሱ ላይ ትእዛዝን አዘዘ።
0a7252a8-721d-521b-a8cd-42e5e1bcf489,810f6e9f-2ad0-5f05-abc0-c067c1eb1a80,3517a3fe-965d-5012-a205-fe0431e12486,24,24,አንተም እስክትወለድ ድረስ ሰባት ወር ልጆቻቸውን ሲጥሉ ኖሩ። እናትህም ሦስት ወር ሸሸገችህ። ለእርስዋም ነገሩአት። ሣጥንም አሠራችልህ፥ በሙጫና አደሮ ማርም ለበጠችው፥ በወንዙም ዳር በፊላ ሣር ውስጥ አኖረችው። በውስጡም ሰባት ቀን አኖረችህ፥ እናትህም በሌሊት እየመጣች ታጠባህ ነበር፥ እኅትህ ማርያምም በቀን ከአሞራዎች ትጠብቅህ ነበር።
067be616-837a-53e4-ac04-e432a57964bd,44c770a8-7e05-5b1e-ae01-8ff8dd10b8e3,f67eed97-1e32-509c-ae2b-9fb198a96ff0,1,1,በዚያም ወራት የፈርዖን ልጅ ተርሙት በወንዝ ትታጠብ ዘንድ ወጣች። ስታለቅስም ቃልህን ሰምታ ያመጡህ ዘንድ ደንገጥሮችዋን አዘዘች። ወደ እርስዋም አመጡህ፤ ከሣጥንም አወጣችህ፤ ራራችልህም።
3500c997-0097-54ec-a4d4-4922eea374b1,44c770a8-7e05-5b1e-ae01-8ff8dd10b8e3,f67eed97-1e32-509c-ae2b-9fb198a96ff0,2,2,እኅትህም፥ “ከዕብራውያት ወገን ይህን ሕፃን አጥብታ የምታሳድገው ሞግዚት ሄጄ ልጥራልሽ?” አለቻት። ሄዳም እናትህን ኢዮካብድን ጠራቻት፤ ደመወዝዋንም ሰጠቻት፤ አሳደገችህም።
b570b4d8-40fe-52e3-a1f6-7bfe69ee98fc,44c770a8-7e05-5b1e-ae01-8ff8dd10b8e3,f67eed97-1e32-509c-ae2b-9fb198a96ff0,3,3,ከዚህም በኋላ ባደግህ ጊዜ ወደ ፈርዖን ቤት ወሰዱህ። ልጁም ሆንኸው። አባትህም አብራን መጽሐፍን አስተማረህ።
fcf5a60e-90cd-5942-a8dc-dff864821a82,44c770a8-7e05-5b1e-ae01-8ff8dd10b8e3,f67eed97-1e32-509c-ae2b-9fb198a96ff0,4,4,ሦስቱንም ሱባዔ ከፈጸምህ በኋላ ወደ ቤተ መንግሥት አገባህ፥ ከቤተ መንግሥትም እስከምትወጣበት ወራት ድረስ ሦስት የዓመት ሱባዔ በቤተ መንግሥት ኖርህ። ከእስራኤል ልጆች ወገን የሚሆን ጓደኛህን ዕብራዊውንም ሲደበድበው ግብፃዊውን አየኸው፤ ገድለህም በአሸዋ ውስጥ ቀበርኸው።
7269f0fc-96b6-5a37-ab5d-dbd67ca49067,44c770a8-7e05-5b1e-ae01-8ff8dd10b8e3,f67eed97-1e32-509c-ae2b-9fb198a96ff0,5,5,በሁለተኛውም ቀን ከእስራኤል ልጆች ወገን ሁለት ሰዎች ሲጣሉ አገኘህ። በደለኛውንም፥ “ወንድምህን ለምን ትመታዋለህ?” አልኸው። ፈጽሞም ተቈጣ፥ “በእኛ ላይ አለቃና ፈራጅ አድርጎ የሾመህ ማን ነው? ወይስ ግብፃዊውን እንደ ገደልኸው ትገድለኝ ዘንድ ትወዳለህን?” አለህ።
b9286400-ff54-55c3-a063-cfe1115af3c0,44c770a8-7e05-5b1e-ae01-8ff8dd10b8e3,f67eed97-1e32-509c-ae2b-9fb198a96ff0,6,6,ከዚህም ነገር መገለጥ የተነሣ ፈርተህ ሸሸህ።
8e219e3e-47a8-52d1-a6e7-00ac45e938a6,44c770a8-7e05-5b1e-ae01-8ff8dd10b8e3,f67eed97-1e32-509c-ae2b-9fb198a96ff0,7,7,በአርባ ዘጠነኛው ኢዮቤልዩ በሦስተኛው ሱባዔ በስድሰተኛው ዓመት ወደዚያ ሄድህ፤ ስድስት ሱባዔ ከአንድ ዓመትም ተቀመጥህ። በዳግመኛው ሱባዔም በሁለተኛው ዓመት ወደ ግብፅ ተመለስህ፤ ይኸውም ኀምሳ ኢዮቤልዩ ነው።
7ee3a2ba-0277-57a6-ae6e-f7d4fd80bc15,44c770a8-7e05-5b1e-ae01-8ff8dd10b8e3,f67eed97-1e32-509c-ae2b-9fb198a96ff0,8,8,በደብረ ሲና የተናገረህን አንተ ታውቃለህ፤ ወደ ግብፅ በተመለስህ ጊዜ በጎዳና በዳስ በዓል ቀን ገዢው መስቴማ ከአንተ ጋር ምን ሊያደርግ ወደደ? በፍጹም ኀይሉ ይገድልህ ዘንድ አይደለምን?
bb11a33f-df6a-5113-a463-a3f28d7fa042,44c770a8-7e05-5b1e-ae01-8ff8dd10b8e3,f67eed97-1e32-509c-ae2b-9fb198a96ff0,9,9,በግብፃውያንም በቀልንና ፍርድን ታደርግ ዘንድ እንደ ተላክህ ባየህ ጊዜ ግብፃውያንን ከእጅህ ያድናቸው ዘንድ የወደደ አይደለምን? ከእጁም አዳንሁህ፤ በግብፅም በፈርዖንና በቤተ ሰቡ ሁሉ ላይ፥ በባሪያዎቹና በሕዝቡም ላይ በእውነት ታደርግ ዘንድ በተላክህበት ተአምራትንና ድንቅን አደረግህ።
7e66dfbb-4fcf-5f00-ad9a-b70598ce800c,44c770a8-7e05-5b1e-ae01-8ff8dd10b8e3,f67eed97-1e32-509c-ae2b-9fb198a96ff0,10,10,እግዚአብሔርም ስለ እስራኤል በእነርሱ ጽኑ በቀልን አደረገ። በደምና በጓጉንቸር፥ በትንኝና በውሻ ዝንብ፥ በክፉ ቍስልና በሚፈላ ደዌ ሥጋ ፈጽሞ አጠፋቸው።
b3e43948-8cdd-5078-a940-e38f3fdbe9c2,44c770a8-7e05-5b1e-ae01-8ff8dd10b8e3,f67eed97-1e32-509c-ae2b-9fb198a96ff0,11,11,ከብቶቻቸውንም በሞትና በበረድ ድንጋይ አጠፋ፤ አዝመራቸውንም በዚህ ሁሉ አጠፋ። ከበረድ የቀረውንም ቀሪውን በሚበላ አንበጣ አጠፋ። በጨለማ፥ በሰውና በከብት በኵር፥ በጣዖቶቻቸውም ሁሉ እግዚአብሔር በቀልን አደረገ። በእሳትም አቃጠላቸው፤ ሳይደረግም ታደርግ ዘንድ ሁሉ በአንተ እጅ ተላከ።
6c70417f-7fa0-58e0-a901-535bbafa1e53,44c770a8-7e05-5b1e-ae01-8ff8dd10b8e3,f67eed97-1e32-509c-ae2b-9fb198a96ff0,12,12,የግብፅንም ንጉሥ በአገልጋዮቹ ሁሉ ፊትና በሕዝቡ ፊት ትናገረው ነበርህ። ሁሉም በቃልህ ተደረገ። ታላላቆችና ክፉዎች ዐሥሩ መቅሠፍቶች ለእስራኤል በቀልን ትመልስለት ዘንድ በግብፅ ሀገር መጡ። እግዚአብሔርም ስለ እስራኤል ሁሉን አደረገ። በግፍ እንደ ገዙአቸው በእነዚያ ላይ በቀልን ይመልስ ዘንድ ከአብርሃም ጋር መሐላን እንደ ተማማለበት ፈቃዱ አደረገ።
356bad00-f57b-5866-ab67-c8e205945fdb,44c770a8-7e05-5b1e-ae01-8ff8dd10b8e3,f67eed97-1e32-509c-ae2b-9fb198a96ff0,13,13,ገዢው መስቴማ በፊትህ ይከራከርህ ነበር፥ በፈርዖንም እጅ ይጥልህ ዘንድ ይወድ ነበር፥ የግብፅንም ሰዎች በምዋርታቸው ይረዳቸው ነበር። ይቃወምላቸውም ነበር። በፊትህም ክፉ ሥራ ይሠሩ ነበር። በፊትህም ክፉ ሥራን ይሠሩ ዘንድ ተውናቸው። ድኅነት ግን በእጃቸው ይደረግ ዘንድ አልፈቀድንላቸውም። እግዚአብሔርም በክፉ ቍስል አጠፋቸው፤ አንድ ተአምራትን ስንኳ ምንም ከማድረግ አሳጥተናቸዋልና መቃወም ተሳናቸው።
92324ba3-4927-5e81-a759-aac1536b1307,44c770a8-7e05-5b1e-ae01-8ff8dd10b8e3,f67eed97-1e32-509c-ae2b-9fb198a96ff0,14,14,ግብፃውያንም በሠራዊቶቻቸው ሁሉ፥ በፈረሶቻቸውና በሰረገላዎቻቸው፥ በግብፅም ሠራዊት ሁሉ ብዛት ከአንተ በኋላ ይከተሉ ዘንድ እስኪበረታና ለግብፃውያን እስኪያሰማቸው ድረስ ደርሶ፥ ገዥ መስቴማ በተአምራትና በድንቅ ሁሉ አላፈረም።
fc7cf7e3-cae5-5d34-a10f-4e4b5807275e,44c770a8-7e05-5b1e-ae01-8ff8dd10b8e3,f67eed97-1e32-509c-ae2b-9fb198a96ff0,15,15,እኔም በአንተና በግብፃውያን መካከል በእስራኤልም መካከል ቆምሁ። እስራኤልንም ከእጁና ከሠራዊቱ እጅ አዳንናቸው።
44b864d1-70a7-5d3f-a67b-78fcf60e1290,44c770a8-7e05-5b1e-ae01-8ff8dd10b8e3,f67eed97-1e32-509c-ae2b-9fb198a96ff0,16,16,እግዚአብሔርም እንደ ደረቅ ምድር በባሕር መካከል አሻገራቸው። እስራኤልንም ይከተሉ ዘንድ ያወጣቸውን ወገኖች ሁሉ የግብፅ ሰዎች የእስራኤልን ልጆች በባሕር እንደ ጣሉ፥ አምላካችን እግዚአብሔር በባሕር መካከል ከእስራኤል ልጆች በታች በወንዙ ጥልቅ ጣላቸው። ዐሥር እልፍ ጊዜ በቀልን ተበቀላቸው። ከእስራኤል ልጆች ወገን በፈሳሽ መካከል ስለ ጣሉት ስለሚጠባ አንድ ሕፃን ፋንታም በሦስት ወገን የሚመክቱ ሺህ አርበኞችን ተበቀላቸው።
3b974d3f-160f-5797-a5a2-8799a44d435c,44c770a8-7e05-5b1e-ae01-8ff8dd10b8e3,f67eed97-1e32-509c-ae2b-9fb198a96ff0,17,17,በዐሥራ አራተኛውና በዐሥራ አምስተኛው፥ በዐሥራ ስድስተኛውና በዐሥራ ሰባተኛው፥ በዐሥራ ስምንተኛውም ቀን ገዢው መስቴማ እንዳይጣላቸው ከእስራኤል ልጆች በኋላ ታስሮ ተግዞ ነበር።
7863a1d6-0749-5155-a042-246c53177b3d,44c770a8-7e05-5b1e-ae01-8ff8dd10b8e3,f67eed97-1e32-509c-ae2b-9fb198a96ff0,18,18,በዐሥራ ዘጠነኛው ቀን ግን የግብጽን ሰዎች ይረዱአቸው ዘንድ፥ የእስራኤልንም ልጆች ይከተሉ ዘንድ አሰናበትናቸው። ልቡናቸውንም አጸና፥ አበረታቸውም፤ ግብፃውያንንም ያጠፋቸው ዘንድ፥ በባሕርም መካከል ይጥላቸው ዘንድ በአምላካችን በእግዚአብሔር ዘንድ ታሰበ።
03929079-3baa-5326-ac7f-fcb1c12f18b3,44c770a8-7e05-5b1e-ae01-8ff8dd10b8e3,f67eed97-1e32-509c-ae2b-9fb198a96ff0,19,19,ከግብፅ ሰዎች ልብስንና ገንዘብን፥ የብሩን ዕቃና፥ የወርቁን ዕቃ፥ የናሱንም ዕቃ በሚጠይቁበት ቀን የእስራኤልን ልጆች እንዳይጣላቸው፥ በግፍም ስለ ገዙአቸው ፋንታ ይማርኩአቸው ዘንድ በዐሥራ አራተኛው ቀን አሰርነው። የእስራኤልንም ልጆች ከግብፅ ባዶአቸውን አላወጣናቸውም።
daffc78e-677f-594d-a84d-9a01cace8505,44c770a8-7e05-5b1e-ae01-8ff8dd10b8e3,f67eed97-1e32-509c-ae2b-9fb198a96ff0,20,20,መጀመሪያው ወር በባተ በዐሥራ አራተኛው ቀን ገና ሳይመሽ ትሠዋው ዘንድ፥ በዐሥራ አምስተኛውም ቀን ማታ ፀሐይ ከሚገባበት ጊዜ ጀምሮ በሌሊት ይበሉት ዘንድ እግዚአብሔር ስለ ፋሲካው ያዘዘህን ትእዛዝ ዐስብ፤ ይህችም ሌሊት የበዓል መጀመሪያ ናት፤ የፋሲካም መጀመሪያ ናት።
a6dfc2ea-4100-5f29-a57a-ce67b2c7046f,44c770a8-7e05-5b1e-ae01-8ff8dd10b8e3,f67eed97-1e32-509c-ae2b-9fb198a96ff0,21,21,እናንተም በግብፅ የፋሲካ በዓል አድርጋችሁ ትበሉ ዘንድ ትቀመጣላችሁ፤ የመስቴማ ሠራዊትም ሁሉ በግብፅ ሀገር ከፈርዖን በኵር ጀምሮ ተማርካ በወፍጮ ሥር እሰከምታገለግል ባሪያ በኵር ድረስ የበኵር ልጁን ይገድል ዘንድ፤ ከብቱንም ሁሉ ያጠፋ ዘንድ ተላከ።
1c34f251-a587-5934-a66c-955bae729f47,44c770a8-7e05-5b1e-ae01-8ff8dd10b8e3,f67eed97-1e32-509c-ae2b-9fb198a96ff0,22,22,በበሩ የደም ምልክት አለና በቤት ያሉ ሰዎች ሁሉ ይድኑ ዘንድ ሠራዊቱ አልፈው ይሄዳሉ እንጂ ዓመት የሆነውን የበግ ደም በበሩ ወዳዩበት ቤት ለመግደል እንዳይገቡ እግዚአብሔር የሰጣቸው ምልክት ይህች ናት።
96aefa55-4387-5ac4-a18c-c7b289008bb1,44c770a8-7e05-5b1e-ae01-8ff8dd10b8e3,f67eed97-1e32-509c-ae2b-9fb198a96ff0,23,23,የእግዚአብሔርም ሠራዊት ሁሉ እግዚአብሔር እንዳዘዛቸው መጠን ሁሉን አደረጉ። ከእስራኤልም ልጆች ሁሉ አልፈው ሄዱ። ከከብት ጀምሮ እስከ ሰው ድረስ፥ እስከ ውሻም ድረስ ከእነርሱ ሰውን ሁሉ ለማጥፋት መቅሠፍት ወደ እስራኤል አልገባም።
9a5232cb-df40-5a70-a740-0851e6ccb774,44c770a8-7e05-5b1e-ae01-8ff8dd10b8e3,f67eed97-1e32-509c-ae2b-9fb198a96ff0,24,24,መቅሠፍቱም በግብፅ እጅግ ጽኑ ሆነ፤ በግብፅም በድን፥ ልቅሶና ጩኸት በውስጡ የሌለበት ቤት አልነበረም፤ እስራኤል ሁሉ ግን ተቀምጦ የፋሲካውን ሥጋ እየበላና ወይኑን እየጠጣ የአባቶቹን አምላክ እግዚአብሔርን ያመሰግንና ይባርክ ነበር። ከጽኑ አገዛዝና ክፉ ከምትሆን ከግብፅም ለመውጣት ተዘጋጅቶ ነበር።
3ea72c0d-a3e7-5712-a930-f1e7e9172269,44c770a8-7e05-5b1e-ae01-8ff8dd10b8e3,f67eed97-1e32-509c-ae2b-9fb198a96ff0,25,25,አንተም ባለ በዘመንህ ሁሉ ይህችን ቀን ዐስብ፤ ከአንዱ ዘመን እስከ አንዱ ዘመን በሕይወት በኖርህበት ዘመን ሁሉ እንደ ሥርዐቱ ሁሉ በዕለቱ በዓመት አንድ ጊዜ አድርጋት።
a03fde19-a31b-5858-a3d6-6960fd9c54a3,44c770a8-7e05-5b1e-ae01-8ff8dd10b8e3,f67eed97-1e32-509c-ae2b-9fb198a96ff0,26,26,የዘለዓለም ሥርዐት ነውና ከቀን ቀንን፥ ከወርም ወርን አታስተላልፍ። በየዓመቱ ሁሉ ከዓመት አንድ ቀን በየትውልዳቸው ሁሉ ዕለቱን በዓል ያደርጉት ዘንድ በእስራኤል ልጆች ላይ ሥርዐት እንደ ሆነ በሰማይ ጽላት ተጽፏል። የዘለዓለም ሥርዐት ነውና የተወሰነ ዘመንም የለውም።
839fa019-f689-58b5-a1b5-26498041f7bb,44c770a8-7e05-5b1e-ae01-8ff8dd10b8e3,f67eed97-1e32-509c-ae2b-9fb198a96ff0,27,27,ሰው ንጹሕ ሆኖ ሳለ በጊዜው በዕለቱ ያደርገው ዘንድ በዓሉ በሚከበርባት ቀን እግዚአብሔር ወድዶ የሚቀበለውን ቍርባን ለማቅረብ፥ በእግዚአብሔርም ፊት ለመብላትና ለመጠጣት ባይመጣ የእግዚአብሔርን ቍርባን በጊዜው አላቀረበምና ንጹሕ የሆነው፥ ሀገሩም ቅርብ የሆነው ያ ሰው ይጥፋ። ያም ሰው ለራሱ የኀጢአቱን ፍዳ ይቀበላል። ቀኑ ሁለቱ እጅ ለብርሃን፥ ሦስቱ እጅ ለጨለማ ተሰጥቶአልና፥ መጀመሪያው ወር በባተ በዐሥራ አራተኛው ቀን በምሽቱ መካከል ከቀኑ ሦስተኛ ክፍል ጀምሮ እስከ ሌሊቱ ሦስተኛ ክፍል ድረስ የእስራኤል ልጆች መጥተው ከቀኑ በጊዜው በዓል ያድርጉ።
4ec57431-c330-582f-a21e-2d6708f11a39,44c770a8-7e05-5b1e-ae01-8ff8dd10b8e3,f67eed97-1e32-509c-ae2b-9fb198a96ff0,28,28,በምሽቶች መካከል በዓል ታደርግ ዘንድ እግዚአብሔር ያዘዘው ሥርዐት ይህ ነው። የሚሠዋበትም በምሽቱ ወሰን ጊዜ ይሁን እንጂ በብርሃኑ ጊዜ ሁሉ አይሁን። እስከ ሌሊቱ ማግሥት ድረስ ማታ ጊዜ ይብሉት። ከሌሊቱ ማግሥት፥ ከዚያም በኋላ የተረፈውን ሥጋ ሁሉ በእሳት ያቃጥሉት።
507d64f7-5faa-505f-a770-b08acddf5514,44c770a8-7e05-5b1e-ae01-8ff8dd10b8e3,f67eed97-1e32-509c-ae2b-9fb198a96ff0,29,29,በእሳት ጠብሰው አብስለው ይብሉት እንጂ ቅቅሉንና ብርንዶውን አይብሉት። ከእግሩና ከሆድ ዕቃውም ጋር ራሱን በማስተንተን በእሳት ይጥበሱት። ከእስራኤልም ልጆች ምንም የሚሰበር ሰውነት የለምና ከእርሱ የሚሰበር አጥንት አይኑር።
b0a70b6e-56b9-56d7-a6ad-d02e799a0a11,44c770a8-7e05-5b1e-ae01-8ff8dd10b8e3,f67eed97-1e32-509c-ae2b-9fb198a96ff0,30,30,ስለዚህ ነገር በጊዜው ጊዜ ፋሲካን ያደርጉ ዘንድ እግዚአብሔር የእስራኤልን ልጆች አዘዛቸው። ከእርሱም ምንም አጥንትን መስበር አይኑር። የበዓል ቀን ናትና፥ የታዘዘችም ቀን ናትና፥ በዓል የሚደረግባትም ቀን ስለ ሆነች ከእርስዋ ከቀን ወደ ቀን፥ ከወርም ወደ ወር መተላለፍ የለምና።
d1f94931-80e2-5067-ac30-2a30531dc480,c3823266-913b-5063-a13c-04972172b409,30f63548-a952-5dbc-a684-769f0936b84a,1,1,አንተም የእስራኤልን ልጆች በዘመናቸው፥ በየዓመቱ ሁሉ በዓመት አንድ ቀን በጊዜው ፋሲካን ያደርጉ ዘንድ እዘዛቸው።
0aa94ef2-ec9f-5a6d-acb2-ce33fdf5aa34,c3823266-913b-5063-a13c-04972172b409,30f63548-a952-5dbc-a684-769f0936b84a,2,2,የሚወደደው መታሰቢያ ከእግዚአብሔር ፊት ይመጣል። በሁሉ እንደ ታዘዘ በጊዜው በዓልን ባደረጉ ጊዜ በዚያ ዘመን ፈጽሞ ለማጥፋት መቅሠፍት አይመጣባቸውም።
3b120514-70e0-5e79-ac89-39f265b3c435,c3823266-913b-5063-a13c-04972172b409,30f63548-a952-5dbc-a684-769f0936b84a,3,3,ከእንግዲህም ወዲህ መበላቱ ከእግዚአብሔር ቤተ መቅደስ ውጭ አይሁን፥ ነገር ግን በእግዚአብሔር ቤተ መቅደስ ትይዩና በእስራኤል ወገኖች ሁሉ ፊት በጊዜው ያድርጉት። የመጣዉ ሰው ሁሉ ከሃያ ዐመት ጀምሮ ከዚያም በላይ ያለ በአምላካችሁ ቤተ መቅደስ በእግዚአብሔር ፊት በዕለቱ ይብላው፥ በእግዚአብሔር ቤተ መቅደስ ይበሉት ዘንድ እንደዚህ ተጽፎአልና፥ ተሠርቶአልምና፤
e2a6a442-ac7a-505f-acfd-cf7fceab3bb2,c3823266-913b-5063-a13c-04972172b409,30f63548-a952-5dbc-a684-769f0936b84a,4,4,የእስራኤል ልጆች ይዘዋት ወደሚኖሩ ወደ ከነዓን ከገቡ በኋላ፥ እግዚአብሔር የሚመሰገንበት ቤተ መቅደስ በኢየሩሳሌም እስኪሠራ ድረስ ሠራዊቶቻቸው ከያዙአቸው ሀገሮች በአንዱ ቦታ በምድር መካከል የእግዚአብሔርን ድንኳን ይተክላሉ።
afb7893c-a34d-5626-ad33-e83cca86117c,c3823266-913b-5063-a13c-04972172b409,30f63548-a952-5dbc-a684-769f0936b84a,5,5,መጥተውም በእግዚአብሔር ድንኳን መካከል የፋሲካን በዓል የሚያደርጉ ይሁኑ። በዓመት በዓመትም በእግዚአብሔር ፊት ይረዱት።
a9ba317d-640b-5866-aace-b34bec1ec405,c3823266-913b-5063-a13c-04972172b409,30f63548-a952-5dbc-a684-769f0936b84a,6,6,በወረሱአት ሀገር ላይ በእግዚአብሔር ስም ቤተ መቅደስ በተሠራባት ቀን ወደዚያ ሄደው ፀሐይ ሲገባ ከቀኑ በሦስተኛው ክፍል በማታ ጊዜ የፋሲካውን በግ ይረዱ፤ ደሙን በመሠዊያው ዙሪያ ይርጩት፤ ስቡንም በመሠዊያው ላይ ባለ በእሳቱ ላይ ያኑሩት። ሥጋውንም በእግዚአብሔር ፊት በቤተ መቅደስ ዐደባባይ በእሳት ጠብሰው ይብሉት።
b594b639-591c-53c9-a8d6-5152fc5b6086,c3823266-913b-5063-a13c-04972172b409,30f63548-a952-5dbc-a684-769f0936b84a,7,7,በእግዚአብሔር ድንኳን ነው እንጂ፥ ያም ባይሆን ስሙ በሚጠራበት በቤቱ ፊት ነው እንጂ በከተማቸውና በአውራጃቸው ሁሉ ፋሲካን ማድረግ አይችሉም፤ እግዚአብሔርንም ከመከተል ወጥተው አይሳቱ።
7bb3c856-b6bc-57a5-a2f8-8bf40d7b492b,c3823266-913b-5063-a13c-04972172b409,30f63548-a952-5dbc-a684-769f0936b84a,8,8,አንተም ሙሴ፥ ዓመቱን በዓመት፥ ቀኑንም በቀን ታደርገው ዘንድ እንደ ታዘዘልህ የፋሲካውን ሥርዐት ይጠብቁ ዘንድ፥ በዐሉን ሊያደርጉ ሰባት ቀን ቂጣ ይበሉ ዘንድ፥ ከግብፅ በወጣችሁ ጊዜ ባሕሩን ተሻግራችሁ ወደ ሱር ምድረ በዳ እስክትደርሱ ድረስ ይህችን በዓል በመቸኮል አድርጋችኋታልና በባሕርም ዳርቻ ላይ ፈጽማችኋታልና መሥዋዕት በሚሠዋባቸው በእነዚህ በሰባቱ ቀኖች በአምላካችሁ መሠዊያ ላይ ዕለት ዕለት ቍርባኑን ወደ እግዚአብሔር ያቀርቡ ዘንድ የእስራኤልን ልጆች እዘዛቸው።
929e5f88-0d85-5a12-ab13-fb6fb79589c8,c3823266-913b-5063-a13c-04972172b409,30f63548-a952-5dbc-a684-769f0936b84a,9,9,ከዚህም ሥርዐት በኋላ በሱባዔ የሚቈጠረውን ቀን በሲና ምድረ በዳ ነገርሁህ። ይህችውም ምድረ በዳ በሲናና በኤሎም መካከል ያለች ናት። የምድር ሰንበታትንም በደብረ ሲና ነገርሁህ። በዓመቶች ሱባዔ ውስጥ በኢዮቤልዩ የሚቈጠሩ ዓመቶችንም ነገርሁህ። ዓመቱን ግን ወደምትይዙአት ምድር እስክትገቡ ድረስ አልነገርንህም። በእርስዋም ላይ በመኖራቸው ምድር ዕረፍትን ታድርጋለች። የኢዮቤልዩንም ዓመት ያውቃሉ።
722d1ee4-a942-554b-a72a-3aabd9394920,c3823266-913b-5063-a13c-04972172b409,30f63548-a952-5dbc-a684-769f0936b84a,10,10,ስለዚህ ነገር በዓመቶች የሚቈጠረውን ሱባዔ ሠራሁልህ። አዳም ከተፈጠረ ጀምሮ እስከዚህች ቀን ድረስ ያለው ዘመን አርባ ዘጠኝ ኢዮቤልዮታትና አንድ ሱባዔ ከሁለት ዓመት ነው። በምዕራብ በኩል ዮርዳኖስን ተሻግረው ወደ ምድረ ርስት ማዶ እስኪገቡ ድረስ የእግዚአብሔርን ትእዛዝ ለማወቅ ገና አርባ ዘመን ቀርቶአል። እስራኤል ከዝሙት፥ ከበደል፥ ከርኵሰት፥ ከመተዳደፍ፥ ከኀጢአት፥ ከስሕተትም ሁሉ እስኪነጻ ድረስ ብዙ ኢዮቤልዮታት ያልፋሉ።
eb203d76-e495-5087-a2c4-fd7a8f552a06,c3823266-913b-5063-a13c-04972172b409,30f63548-a952-5dbc-a684-769f0936b84a,11,11,በምድርዋም ሁሉ ተዘልሎ ይኖራል፤ ከእንግዲህም ለእርሱ ማንም ባላጋራ አይኖርም። ምንም ክፉ ነገር አይኖርም። ምድርም ከዚያች ቀን ጀምሮ እስከ ዘመኑ ፍጻሜ ድረስ ትነጻለች።
1978b2af-41d4-5c24-aeae-fa224e54c39e,c3823266-913b-5063-a13c-04972172b409,30f63548-a952-5dbc-a684-769f0936b84a,12,12,የሰንበታትንም ሥርዐት እነሆ፥ ጻፍሁልህ። የሥርዐቱንም ፍርድ ጻፍሁልህ። በስድስቱም ቀኖች ሥራህን ሥራ።
5721268d-4a15-552d-ac20-ea7f1850e253,c3823266-913b-5063-a13c-04972172b409,30f63548-a952-5dbc-a684-769f0936b84a,13,13,ሰባተኛዪቱ ቀን ግን አምላካችሁ እግዚአብሔር ከመፍጠር ያረፈባት ቀን ናትና፥ እናንተና ልጆቻችሁ፥ ወንዶች ባሪያዎቻችሁና ሴቶች ባሪያዎቻችሁም፥ ከብቶቻችሁም ሁሉ፥ በአንተ ዘንድ የሚኖር መጻተኛም ቢሆን ሥራውን ሁሉ አትሥሩባት። በዚያችም ቀን ማንኛውንም ሥራ የሚሠራባት ሰው ይሙት። ይህችን ቀን የሚሽራት ሰው ሁሉ፥ ከሚስቱም ጋር የሚገናኝባት ሰው፥ ገሥግሦም ሄዶ ሥራን ይሠራ ዘንድ ነገርን የሚነጋገርባት ሰው ሞትን ይሙት።
80576226-3560-593a-a2c9-9c51bfdd4eea,c3823266-913b-5063-a13c-04972172b409,30f63548-a952-5dbc-a684-769f0936b84a,14,14,የሚሸጥባትና የሚለውጥባትም ሰው ሁሉ፥ ውኃንም የሚቀዳ ሰው፥ በስድስተኛዪቱም ቀን ያላዘጋጀ፥ ከድንኳኑ፥ ወይም ከቤቱ ያወጣ ዘንድ የሚሸከመውን ሸክም ሁሉ የሚያነሣ ሰው ይሙት።
48c6d578-308a-5372-ae5b-b03fecf03746,c3823266-913b-5063-a13c-04972172b409,30f63548-a952-5dbc-a684-769f0936b84a,15,15,በስድስተኛው ቀን ያዘጋጃችሁትን በልታችሁና ጠጥታችሁ ለማክበር በዚህች ቀን ከሥራው ሁሉ ዕረፉባት እንጂ፥ በዓል የምታደርጉባትን ቀን የሰጣችሁን አምላካችሁን እግዚአብሔርንም አመስግኑባት እንጂ በሰንበት ቀን ምንም ሥራን አትሥሩ። የተቀደሰች ቀን ናት፤ በዘመናቸው በቀኑ ሁሉ ይህች ቀን ለእስራኤል ሁሉ የተቀደሰች የመንግሥት ቀን ናት።
2622a781-ee87-5795-abac-12543ac11a48,c3823266-913b-5063-a13c-04972172b409,30f63548-a952-5dbc-a684-769f0936b84a,16,16,በዚህች የበዓል ቀን በልተውና ጠጥተው ሊጠግቡባት፥ በእግዚአብሔር ፊት በየቀኑና በየሱባዔው ዕጣንን ከማጠን፥ ቍርባንንም ከማቅረብ፥ መሥዋዕትንም ከመሠዋት በቀር ሰው ከሚሠራው ሥራ ሁሉ ሊያርፍባት እግዚአብሔር ለእስራኤል የሰጠው ታላቅ ክብር ናትና አክብሩአት።
e429ef6d-92c5-5ece-ab3e-bfa7b382638e,c3823266-913b-5063-a13c-04972172b409,30f63548-a952-5dbc-a684-769f0936b84a,17,17,በአምላካችሁ በእግዚአብሔር ቤተ መቅደስ በሰንበት ቀን ይህ ሥራ ብቻ ይሠራ። የእስራኤልን ልጆች ኀጢአት ያስተሰርዩ ዘንድ፥ በእግዚአብሔር ፊት ተቀባይነት ያለው መባን ለመታሰቢያ ዕለት ዕለት ያቅርቡ። እንደ ታዘዘም ለዘለዓለሙ ዕለት ዕለት ይቀበላቸዋል።
6a2a22e4-02d6-5922-ae44-cd049c10516f,c3823266-913b-5063-a13c-04972172b409,30f63548-a952-5dbc-a684-769f0936b84a,18,18,ሥራን የሚሠራባት ሰው ሁሉ፥ መንገድንም የሚሄድባት ሰው፥ የሚያርስባትና የሚቈፍርባትም ሰው፥ በቤቱም ቢሆን፥ በሁሉም ቦታ ቢሆን፥ እሳት የሚያነድባት ሰው፥ በእንስሳውም ላይ የሚጭን ሰው፥ በመርከብም በባሕር የሚሄድ ሰው፥
5e8e624d-27b2-5ffe-a9ff-312e78a02eb2,c3823266-913b-5063-a13c-04972172b409,30f63548-a952-5dbc-a684-769f0936b84a,19,19,ማናቸውንም መትቶ የሚገድል ሰው ሁሉ፥ እንስሳንና ወፍንም የሚያርድባት ሰው፥ አውሬም ቢሆን ወፍም ቢሆን ዓሣም ቢሆን የሚያጠምድ ሰው፥ የሚጾምባትም ሰው፥ በሰንበት ቀን ጠብ የሚያነሣ፥ ከዚህ ሥርዐትም ወጥቶ ይህን ሁሉ ሥራ በሰንበት ቀን የሚሠራ ሰው ይሙት።
daa7e823-15e7-52a1-a733-0b96c2957cc7,c3823266-913b-5063-a13c-04972172b409,30f63548-a952-5dbc-a684-769f0936b84a,20,20,የበዓሉንና የቀኑን ሥርዐት በየዘመኑ አከፋፈል እጽፍልህ ዘንድ በእጄ በሰጠኝ በሰማይ ጽላት እንደ ተጻፈ፥ ምድር ዕረፍት እንድታደርግ እንደ ታዘዘ፥ የእስራኤል ልጆች በዓልን የሚያደርጉ ይሆኑ ዘንድ ሥራን የሚሠራባት ሰው ሁሉ ይሙት።
128acf58-7514-5518-a171-989a39b8c01d,db1666bb-93f0-5072-a071-72404e30aa17,14245e2f-6115-5ebb-a28e-0000ac0b8f4f,1,1,ክፉዎችንና ዝንጉዎችን ለማራቅ፥ በመከራ ቀን ይገኙ ዘንድ ያላቸውን ምርጦችንና ጻድቃንን እንደ ባረከ የሚናገረው የሄኖክ ቃለ በረከት፤
56897538-f487-509f-af54-c1cca5902068,db1666bb-93f0-5072-a071-72404e30aa17,14245e2f-6115-5ebb-a28e-0000ac0b8f4f,2,2,ሄኖክም ተናገረ፤ እንዲህም አለ- “ከእግዚአብሔር ዘንድ የሆነ ጻድቅ ሰው ዐይኖቹ ተገልጠው ሳለ- መላእክት ያሳዩኝን በሰማያት ያለ ቅዱስ ራእይ ያይ ነበር። ከእነርሱም ሁሉን ሰማሁ። እኔም የማየውን ዐወቅሁ።
2487cc33-c0cd-5e05-a731-baf9341fd0ef,db1666bb-93f0-5072-a071-72404e30aa17,14245e2f-6115-5ebb-a28e-0000ac0b8f4f,3,3,ለዚህም ትውልድ አይደለም። ነገር ግን ለሚመጣው ለሩቁ ትውልድ ነው።
38433964-a7b6-5c57-a977-651c51583f81,db1666bb-93f0-5072-a071-72404e30aa17,14245e2f-6115-5ebb-a28e-0000ac0b8f4f,4,4,ስለ ተመረጡት ተናገርሁ። ስለ እነርሱም በምሳሌ እንዲህ አልሁ። ቅዱሱና ገናናው የዓለም ፈጣሪ ከማደሪያው ይወጣል።
272628b2-ca10-5801-ac5d-f1650eccebe5,db1666bb-93f0-5072-a071-72404e30aa17,14245e2f-6115-5ebb-a28e-0000ac0b8f4f,5,5,ከዚያም በደብረ ሲና ተራራ ላይ ይቆማል፤ በሰፈሩ ይታያል፤ በኀይሉም ጽናት ከሰማይ ይገለጣል፤ ሁሉም ይፈራል፤ መላእክትም ይነዋወጣሉ፤ እስከ ምድር ዳርቻም ድረስ ፍርሀትና ታላቅ እንቅጥቅጥ ይይዛቸዋል። ረጃጅሞች ተራሮች ይደነግጣሉ። ረጃጅም ኮረብታዎችም ዝቅ ይላሉ። ከትኩሳቱም የተነሣ እንደ አደሮ ማር ይቀልጣሉ። ምድርም ትሰጥማለች። በምድርም ላይ ያለ ሁሉ ይጠፋል።
b857d158-3d4d-529d-ae85-130fa75b53e6,db1666bb-93f0-5072-a071-72404e30aa17,14245e2f-6115-5ebb-a28e-0000ac0b8f4f,6,6,ፍርድ በሁሉም ላይ በጻድቃንም ሁሉ ላይ ይሆናል።
3a21604d-fac1-5456-aee5-4312b716f786,db1666bb-93f0-5072-a071-72404e30aa17,14245e2f-6115-5ebb-a28e-0000ac0b8f4f,7,7,ለጻድቃን ግን ሰላምን ያደርግላቸዋል፤ የተመረጡትንም ይጠብቃቸዋል፤ ለእነርሱም ይቅርታ ይደረግላቸዋል።
43905c47-e75c-5232-af45-0da82b02a1ed,db1666bb-93f0-5072-a071-72404e30aa17,14245e2f-6115-5ebb-a28e-0000ac0b8f4f,8,8,ሁሉም የአምላክ ገንዘቦች ይሆናሉ። ይከናወናሉ፤ ይባረካሉ፤ የአምላክም ብርሃን ይበራላቸዋል።
29320f29-9c0b-54d3-a6d8-a8fc6f818654,db1666bb-93f0-5072-a071-72404e30aa17,14245e2f-6115-5ebb-a28e-0000ac0b8f4f,9,9,ፍርድን ያደርግላቸው ዘንድ እነሆ፥ ከብዙ ቅዱሳን ጋር ይመጣል፤ ዝንጉዎችንም ያጠፋቸዋል፤ ኃጥኣንና ዝንጉዎች ፈጽመው በእርሱ ላይ ስለ አደረጉት ሁሉ ሥጋዊዉን ሁሉ ይወቅሳል።
428dfeda-c646-534b-a203-28676d7b95ae,db1666bb-93f0-5072-a071-72404e30aa17,14245e2f-6115-5ebb-a28e-0000ac0b8f4f,10,10,በሰማይ የሚኖሩ ብርሃናት መንገዳቸውን እንዴት እንደማይለውጡ፥ ሁሉም እንደሚወጣና እንደሚገባ፥ ሁሉም በየዘመኑ እንደ ተሠራ፥ ከሥርዐታቸውም እንደማይተላለፉ በሰማይ ያለውን ሥራ ሁሉ ተረዱ።
8a1eb5b3-293d-5eeb-a26f-c2c05fa54c1c,db1666bb-93f0-5072-a071-72404e30aa17,14245e2f-6115-5ebb-a28e-0000ac0b8f4f,11,11,ምድርን እይዋት፥ ከመጀመሪያው ጀምሮ እስከ መጨረሻው ድረስ በእርሷ ላይ ከሚሠራው ሥራ የተነሣ የሚታይ የአምላክ ሥራው ሁሉ እንደማይለወጥ አስተውሉ።
333ce326-51a3-5f21-a8ff-fec695881183,db1666bb-93f0-5072-a071-72404e30aa17,14245e2f-6115-5ebb-a28e-0000ac0b8f4f,12,12,በጋውን፥ ክረምቱንም እዩት፤ ምድር ሁሉ ውኃን እንደ ተመላች፥ ደመናውና ጤዛውም፥ ዝናቡም በእርሷ ላይ እንደሚያርፉባት ተመልከቱ።
056a455b-4a00-5c36-ad7b-e875a770b2e7,db1666bb-93f0-5072-a071-72404e30aa17,14245e2f-6115-5ebb-a28e-0000ac0b8f4f,13,13,ከአረጀው ጀምሮ አዲሱ እስከሚመጣ ድረስ ለሁለትና ለሦስት ዓመት ከሚቈዩትና ከማይረግፉት ከዐሥራ አራት ዛፎች በቀር ዛፎች ሁሉ ደርቀው፥ ቅጠሎቻቸውም ሁሉ ረግፈው እንዴት እንደሚታዩ ተረዱ፤ እዩም።
76a239fb-0356-55a2-a782-df8610b4ce20,db1666bb-93f0-5072-a071-72404e30aa17,14245e2f-6115-5ebb-a28e-0000ac0b8f4f,14,14,ዳግመኛም ፀሐይ በምድር ላይ አስቀድሞ እንደሚጸና የበጋውን ወራት ተረዱ።
e63f23fc-8b9b-5a97-aba5-d35e237b5931,db1666bb-93f0-5072-a071-72404e30aa17,14245e2f-6115-5ebb-a28e-0000ac0b8f4f,15,15,እናንተ ግን ስለ ፀሐይ ዋዕይ ጥላና መጠለያ ትፈልጋላችሁ፤ ምድርም ከሐሩሩ ትኩሳት የተነሣ ትቃጠላለች።
66648450-0c61-5689-a6a9-fa2620320e8f,db1666bb-93f0-5072-a071-72404e30aa17,14245e2f-6115-5ebb-a28e-0000ac0b8f4f,16,16,እናንተ ግን ስለ ዋዕይዋ ምድርንና ድንጋይዋን መርገጥ አትችሉም።
cc1afa72-d90a-5e77-acfa-9ae49a0d778a,db1666bb-93f0-5072-a071-72404e30aa17,14245e2f-6115-5ebb-a28e-0000ac0b8f4f,17,17,ዛፎች በቅጠል ልምላሜ እንዴት እንደሚሸፈኑና እንደሚያፈሩ ተረዱ።
82a9fb29-b8d4-5fed-af16-fe59a4277d1e,db1666bb-93f0-5072-a071-72404e30aa17,14245e2f-6115-5ebb-a28e-0000ac0b8f4f,18,18,ስለ ሁሉም አስተውሉ፤ ለዘለዓለሙ ሕያው ሆኖ የሚኖር እርሱ እነዚህን ሁሉ እንደ ፈጠረላችሁም ዕወቁ።
ab25e6fc-fccf-5c98-aae0-69835d04a3d8,db1666bb-93f0-5072-a071-72404e30aa17,14245e2f-6115-5ebb-a28e-0000ac0b8f4f,19,19,በየዓመቱ የሚሆነው ሥራውም በፊቱ ነው፥ ፍጥረቱም ሁሉ ለእርሱ ይገዛሉ። አይለወጡምም፥ ነገር ግን አምላክ እንደ ሠራው ሁሉ እንዲህ ይደረጋል።
6d0662df-6e35-543e-a442-003e47b92c38,db1666bb-93f0-5072-a071-72404e30aa17,14245e2f-6115-5ebb-a28e-0000ac0b8f4f,20,20,ባሕሮችና ፈሳሾችም አንድ ሆነው ሥራቸውን እንዴት እንደሚፈጽሙ እዩ።
6d10fcf8-e16d-52d7-aa9d-4fabf3a62393,db1666bb-93f0-5072-a071-72404e30aa17,14245e2f-6115-5ebb-a28e-0000ac0b8f4f,21,21,እናንተ ግን አልታገሣችሁም፤ የጌታንም ትእዛዝ አላደረጋችሁም። ነገር ግን ተላልፋችሁ በረከሰች አፋችሁ በገናናነቱ ላይ ታላላቅና የጸኑ ቃላትን አማችሁት። እናንተ ልበ ድንጋዮች ሰላም አትሆንላችሁም።
c090e6e8-7b2b-54d6-a77c-b6cb49001753,db1666bb-93f0-5072-a071-72404e30aa17,14245e2f-6115-5ebb-a28e-0000ac0b8f4f,22,22,ስለዚህም እናንተ ዘመናችሁን ትረግማላችሁ፤ የሕይወት ዘመናችሁንም ታጣላችሁ፤ የዘለዓለም መርገምም ይበዛል። ይቅርታም አይሆንላችሁም።
4e7e6f13-6594-519a-a4b7-da2cafee62e4,db1666bb-93f0-5072-a071-72404e30aa17,14245e2f-6115-5ebb-a28e-0000ac0b8f4f,23,23,በዚያም ወራት በዘለዓለም ርግማን ለጻድቃን ሁሉ ሰላማችሁን
b4faeddf-32a6-5e72-aeb9-84f93aa84b68,db1666bb-93f0-5072-a071-72404e30aa17,14245e2f-6115-5ebb-a28e-0000ac0b8f4f,24,24,ለተመረጡ ግን ብርሃን፥ ፍቅር፥
a1f985c7-8d21-5cb6-adb9-ca9a22f68b3b,db1666bb-93f0-5072-a071-72404e30aa17,14245e2f-6115-5ebb-a28e-0000ac0b8f4f,25,25,እነርሱም ምድርን ይወርሷታል። ለእናንተ ለዝንጉዎች ግን ርግማን ይሆንባችኋል።
a0ef89bc-a587-5d54-ab88-d66c514b55d5,db1666bb-93f0-5072-a071-72404e30aa17,14245e2f-6115-5ebb-a28e-0000ac0b8f4f,26,26,ያንጊዜም ለተመረጡት ሰዎች ጥበብ ይሰጣቸዋል፤ እነርሱም ሁሉ በሕይወት ይኖራሉ፤ በመዘንጋትም ቢሆን ወይም በትዕቢት ዳግመኛ አይበድሉም፤ ነገር ግን ጥበብ ያላቸው ለእርሱ ይገዛሉ።
905ecb96-a0fc-565c-a1cb-72e20fffa36a,db1666bb-93f0-5072-a071-72404e30aa17,14245e2f-6115-5ebb-a28e-0000ac0b8f4f,27,27,ዳግመኛም አይበድሉም፤ በሕይወት ዘመናቸውም ሁሉ አይፈረድባቸውም። የሕይወት ዘመናቸውን ቍጥር ይፈጽማሉ እንጂ በመቅሠፍትና በመዓት አይሞቱም።
08cf136d-cdbe-5fee-a803-caa5884bef12,db1666bb-93f0-5072-a071-72404e30aa17,14245e2f-6115-5ebb-a28e-0000ac0b8f4f,28,28,ሕይወታቸውም በሰላም ይበዛል። የደስታቸው ዓመታትም በሐሤትና በዘለዓለም ሰላም፥ በሕይወታቸው ዘመን ሁሉ ይበዛሉ።
818862b7-0b13-5434-adfc-a8bc241ef18f,d15aacb1-8f77-598c-ad3c-b5928d6b68e7,98c70f2e-30e8-59f2-a747-4f81103bb046,1,1,የሰው ልጆች ከበዙ በኋላ እንዲህ ሆነ።
23eff96c-ca71-5d0e-a470-54f5b8649c5e,d15aacb1-8f77-598c-ad3c-b5928d6b68e7,98c70f2e-30e8-59f2-a747-4f81103bb046,2,2,በእነዚያ ወራት መልከ መልካሞችና ደመ ግቡዎች ሴቶች ልጆች ተወለዱላቸው። የሰማይ ልጆች መላእክትም
a973d662-e937-5cb0-ad1d-88e4bee75885,d15aacb1-8f77-598c-ad3c-b5928d6b68e7,98c70f2e-30e8-59f2-a747-4f81103bb046,3,3,እርስ በርሳቸውም- “ኑ ለእኛ ከሰው
d3f0a596-e80d-57ce-af30-e1dad6f1a85a,d15aacb1-8f77-598c-ad3c-b5928d6b68e7,98c70f2e-30e8-59f2-a747-4f81103bb046,4,4,አለቃቸው ስማዝያ- “እኔስ ይህ ሥራ ይሠራ ዘንድ ምናልባት አትወድዱ እንደ ሆነ እፈራለሁ። የዚህችም ታላቅ ኀጢኣት ፍዳ ተቀባይ እኔ ብቻ እሆናለሁ” አላቸው።
c48b6f71-0652-5782-acc4-b01df2ab82e7,d15aacb1-8f77-598c-ad3c-b5928d6b68e7,98c70f2e-30e8-59f2-a747-4f81103bb046,5,5,“ይችን ምክር እንዳንለውጣት፥ ይችንም ምክር ቁም ነገር እንድናደርጋት ሁላችን መሐላ እንማማል፤ እርስ በርሳችንም እንወጋገዝ” ብለው ሁሉም መለሱለት።
7f52d7b4-8971-552b-a5b1-ae3a9e0d85e8,d15aacb1-8f77-598c-ad3c-b5928d6b68e7,98c70f2e-30e8-59f2-a747-4f81103bb046,6,6,ያንጊዜም ሁሉም አንድ ሆነው ማሉ፤ እርስ በርሳቸውም በነገሩ ተወጋገዙ፤ ሁሉም ሁለት መቶ ሆኑ።
93867aff-dcf1-563c-a8fc-a139d25ffaeb,d15aacb1-8f77-598c-ad3c-b5928d6b68e7,98c70f2e-30e8-59f2-a747-4f81103bb046,7,7,አርዲስ ወደሚባል ቦታም ወረዱ፤ ይኸውም የኤርሞን ተራራ ራስ ነው። እርስ በርሳቸው ተወጋግዘው ምለውበታልና የኤርሞን ተራራ ብለው ጠሩት።
29b36410-3fa5-587d-aa4f-3f8bee2c2e53,d15aacb1-8f77-598c-ad3c-b5928d6b68e7,98c70f2e-30e8-59f2-a747-4f81103bb046,8,8,የአለቆቻቸውም ስሞች ይህ ነው፤ አለቃቸው ስማዝያ፥ ዑራኪ፥ በራምኤል፥ ኮከቢኤል፥ ጣምኤል፥ ራሙኤል፥ ዳንኤል፥ ኢዜቂኤል፥ ሱሩቃያል፥ አሣኤል፥ አርማሮስ፥ በጥርኤል፥ አናንኤል፥ ዘቄቤ፥ ሳምሳፒኤል፥ ሰርትኤል፥ ጡሩኤል፥ ዮምያኤል፥ አራዝያል፤ የሁለቱ መቶ መላእክት አለቆች እኒህ ናቸው፤ ሌሎቹም ሁሉ ከእነሱ ጋር ነበሩ።
1b6c31e6-0f04-59e0-a1ab-16e43e5eaebb,d15aacb1-8f77-598c-ad3c-b5928d6b68e7,98c70f2e-30e8-59f2-a747-4f81103bb046,9,9,ለራሳቸውም ሚስቶችን አገቡ፤ ሁሉም ለየራሱ አንድ አንድዋን መረጠ።
a0548ba2-d0bc-578d-a9a3-c46b4311ee78,d15aacb1-8f77-598c-ad3c-b5928d6b68e7,98c70f2e-30e8-59f2-a747-4f81103bb046,10,10,ወደ እነርሱም ይገቡ ዘንድ ጀመሩ፤ ከእነርሱም ጋር አንድ ሆኑ።
c9365ae8-713d-5a42-a544-25da15f7b0da,d15aacb1-8f77-598c-ad3c-b5928d6b68e7,98c70f2e-30e8-59f2-a747-4f81103bb046,11,11,ሟርትንና ምታት ማሳየትን አስተማሯቸው። ሥር መማስንና ቅጠል መበጠስንም አመለከትWaቸው።
65c726ea-a711-514a-ae1f-0c146f3e6df0,d15aacb1-8f77-598c-ad3c-b5928d6b68e7,98c70f2e-30e8-59f2-a747-4f81103bb046,12,12,እነርሱም ፀንሰው ረጃጅሞች ረዓይትን ወለዱ። ቁመታቸው ሦስት ሦስት ሺህ ክንድ ነበር።
47c2f030-6eb9-532b-a503-3d34bfc77e46,d15aacb1-8f77-598c-ad3c-b5928d6b68e7,98c70f2e-30e8-59f2-a747-4f81103bb046,13,13,እነዚህም ሰዎች እነርሱን መመገብ እስኪሳናቸው ድረስ ሰው የደከመበትን ሁሉ በሉ።
acd28933-04b0-570f-a03e-d3bbe6e6a64f,d15aacb1-8f77-598c-ad3c-b5928d6b68e7,98c70f2e-30e8-59f2-a747-4f81103bb046,14,14,ረዓይትም ሰዎችን ይበሏቸው ዘንድ ተመለሱባቸው።
120d251b-ffeb-54d4-a964-1abd0706e66b,d15aacb1-8f77-598c-ad3c-b5928d6b68e7,98c70f2e-30e8-59f2-a747-4f81103bb046,15,15,በወፎችና በአራዊት፥ በሚንቀሳቀሱና በዓሣዎችም ይበድሉ ዘንድ ጀመሩ።
0a3be3d8-349e-59fd-ae2a-e7832e728c8d,d15aacb1-8f77-598c-ad3c-b5928d6b68e7,98c70f2e-30e8-59f2-a747-4f81103bb046,16,16,እርስ በርሳቸውም ሥጋቸውን ተባሉ፤ ከእርሷም ደምን ጠጡ።
e734967f-ade8-513a-a2a1-b7ed160e0768,d15aacb1-8f77-598c-ad3c-b5928d6b68e7,98c70f2e-30e8-59f2-a747-4f81103bb046,17,17,ያንጊዜም ምድር ዐመፀኞችን ከሰሰቻቸው።
22f89d9f-8968-5683-aa90-9ce2b4c27e72,d15aacb1-8f77-598c-ad3c-b5928d6b68e7,98c70f2e-30e8-59f2-a747-4f81103bb046,18,18,አዛዝዔልም ለሰዎች ሰይፍና ሾተል፥ ጋሻና ጥሩር መሥራትን አስተማራቸው።
0354b395-4c0c-546a-a04c-71b0e506a019,d15aacb1-8f77-598c-ad3c-b5928d6b68e7,98c70f2e-30e8-59f2-a747-4f81103bb046,19,19,ከእነርሱም በታች ላሉት አምባሮችን፥ ጌጥን፥ ዐይን መኳልንና ቅንድብ መሸለልን፥ ከተመረጠና ከከበረ ከዕንቍም ሁሉ በከበረውና በተመረጠው ዕንቍ ማጌጥን፥ እንሶስላ መሞቅን ሁሉና የዓለሙን ለውጥ አሳያቸው።
b82a1ead-2fc2-59d4-ab7a-414533d55a62,d15aacb1-8f77-598c-ad3c-b5928d6b68e7,98c70f2e-30e8-59f2-a747-4f81103bb046,20,20,ታላቅ ዝንጋዔና ብዙ ዝሙትም ተደረገ። ሳቱ፤ አመነዘሩም፤ መንገዳቸውም ሁሉ ጠፋ።
702845f0-81f4-5f83-a950-ed4b055bfbb9,d15aacb1-8f77-598c-ad3c-b5928d6b68e7,98c70f2e-30e8-59f2-a747-4f81103bb046,21,21,አሚዛራክ ምታት ማሳየትን፥ ሥር መማስን ሁሉ አስተማረ። አርማሮስም ጋኔን መሳብን አስተማረ።
ab2acc9d-59ad-5b74-a259-a2d190f901d9,d15aacb1-8f77-598c-ad3c-b5928d6b68e7,98c70f2e-30e8-59f2-a747-4f81103bb046,22,22,በራቅኤልም ኮከብ መቍጠርን አስተማረ።
0cdcad45-a856-535a-abda-fcaa4daacbd7,d15aacb1-8f77-598c-ad3c-b5928d6b68e7,98c70f2e-30e8-59f2-a747-4f81103bb046,23,23,ኮከብኤልም ምልክት ማሳየትን አስተማረ።
03902ffb-45c5-50cd-a8f3-db41a0874aa1,d15aacb1-8f77-598c-ad3c-b5928d6b68e7,98c70f2e-30e8-59f2-a747-4f81103bb046,24,24,ጥሞኤልም ኮከብ መቍጠርን አስተማረ።
a29e45ac-a04a-5eef-aa5e-5eef94eb345c,d15aacb1-8f77-598c-ad3c-b5928d6b68e7,98c70f2e-30e8-59f2-a747-4f81103bb046,25,25,አስራድኤልም የጨረቃን አካሄድ አስተማረ።
bea956d5-1f3d-5dfa-a2c1-ecf6e4dd9621,d15aacb1-8f77-598c-ad3c-b5928d6b68e7,98c70f2e-30e8-59f2-a747-4f81103bb046,26,26,በሰዎችም ጥፋት ሰዎች ጮኹ፤ ቃላቸውም ወደ ሰማይ ደረሰ።
fef1de02-cde3-5605-a83b-884b167e0c69,d15aacb1-8f77-598c-ad3c-b5928d6b68e7,98c70f2e-30e8-59f2-a747-4f81103bb046,27,27,ያንጊዜም ሚካኤልና ገብርኤል፥ ሱርያልና ዑራኤል በሰማይ ሆነው ጐበኙ።
f4c86e7f-61ce-5b1d-a472-a098a7ab0088,d15aacb1-8f77-598c-ad3c-b5928d6b68e7,98c70f2e-30e8-59f2-a747-4f81103bb046,28,28,በምድር ላይ የሚፈስሰውን ብዙ ደምና በምድር ላይ የሚደረገውን ግፍ ሁሉ አዩ።
b3e5493c-ea9f-5eb0-a2e1-a9168423275a,d15aacb1-8f77-598c-ad3c-b5928d6b68e7,98c70f2e-30e8-59f2-a747-4f81103bb046,29,29,እርስ በርሳቸውም በጩኸታቸው ድምፅ እንዲህ አሉ- “ምድር ብቻዋን እስከ ሰማይ በር ጮኸች።
059089a3-51b1-5997-aa6a-1d7cad24e604,d15aacb1-8f77-598c-ad3c-b5928d6b68e7,98c70f2e-30e8-59f2-a747-4f81103bb046,30,30,አሁንም የሰማይ ቅዱሳን ሆይ፥ የሰዎች ነፍሳት ፍርድን ወደ እግዚአብሔር አግቡልን እያሉ እናንተን ይማጠናሉ።
a20e655a-51b4-54fb-abf5-a098829156f3,d15aacb1-8f77-598c-ad3c-b5928d6b68e7,98c70f2e-30e8-59f2-a747-4f81103bb046,31,31,ለጌታቸው ለንጉሡም እንዲህ አሉት- የጌቶች ጌታ፥ የአማልክት አምላክ፥ የነገሥታትም ንጉሥ አንተ ነህና።
91289ebf-9dc5-5ec0-af0a-cb2d8a00826d,d15aacb1-8f77-598c-ad3c-b5928d6b68e7,98c70f2e-30e8-59f2-a747-4f81103bb046,32,32,የጌትነትህም ዙፋን ለልጅ ልጅ ዘመን ለዘለዓለም ነው። ስምህም ለልጅ ልጅ ዘመን ቅዱስና ክቡር የተመሰገነም ነው። አንተም ክቡር ምስጉን ነህ።
a8aa54f1-0120-5986-ae0a-cda6f5cc8402,d15aacb1-8f77-598c-ad3c-b5928d6b68e7,98c70f2e-30e8-59f2-a747-4f81103bb046,33,33,ሁሉንም አንተ ፈጠርህ፤ የሁሉም ሥልጣን ከአንተ ጋር ነው፤ ሁሉም በፊትህ ፈጽሞ የተገለጠ ነው።
ac9de6e5-fa5e-590b-ab24-98e398b9a21f,d15aacb1-8f77-598c-ad3c-b5928d6b68e7,98c70f2e-30e8-59f2-a747-4f81103bb046,34,34,አንተም ሁሉን ታያለህ፤ ከአንተም ሊሰወር የሚቻለው የለም።
6be6d090-aea2-570f-a5df-c63a7a196131,d15aacb1-8f77-598c-ad3c-b5928d6b68e7,98c70f2e-30e8-59f2-a747-4f81103bb046,35,35,“አዛዝኤል በምድር ላይ ግፍን ሁሉ እንደ አስተማረ፥ በሰማያት የሚሠሩትን፥ በዓለም የተሰወሩትን ሁሉ እንደ ገለጠ፥ ያደረገውን እይ።
5919b1e6-b855-52f1-a4e2-7795ae96f3c9,d15aacb1-8f77-598c-ad3c-b5928d6b68e7,98c70f2e-30e8-59f2-a747-4f81103bb046,36,36,“ከእርሱ ጋር በአንድነት ያሉትን ይገዛ ዘንድ አንተ ሥልጣን የሰጠኸው ስማዝያም ምታት ማሳየትን እንደ አመለከተ፥
6200bde4-df59-51de-a077-a07572a6ce25,d15aacb1-8f77-598c-ad3c-b5928d6b68e7,98c70f2e-30e8-59f2-a747-4f81103bb046,37,37,በአንድነትም ወደ ሰው ሴቶች ልጆች እንደ ሄዱ፥ ከእነዚያም ሴቶች ጋር እንደ ተኙ፥ እንደ ረከሱ፥ እኒህንም ኀጢአቶች እንደ ገለጡላቸው፥
14247be5-3141-5fbc-ad14-9d2706d9246d,d15aacb1-8f77-598c-ad3c-b5928d6b68e7,98c70f2e-30e8-59f2-a747-4f81103bb046,38,38,ሴቶችም ረዓይትን እንደ ወለዱ፥ በዚህም ምድር ሁላ ደምንና ግፍን እንደ ተመላች እይ።
df422a6f-2013-5e41-a2d0-e4ada03ea9ee,d15aacb1-8f77-598c-ad3c-b5928d6b68e7,98c70f2e-30e8-59f2-a747-4f81103bb046,39,39,አሁንም እነሆ፥ የሞቱት ሰዎች ነፍሳት ይጮኻሉ፤ እስከ ሰማይ ደጅም ድረስ ይከስሳሉ።
4609c29e-040b-5c3f-acc1-006c34f54d76,d15aacb1-8f77-598c-ad3c-b5928d6b68e7,98c70f2e-30e8-59f2-a747-4f81103bb046,40,40,ጩኸታቸውም ወጣ። በምድር ላይ ከሚሠራው ዐመፅ ፊትም መውጣት አይችሉም።
78bb916a-8e84-5176-af3d-d924fda08701,d15aacb1-8f77-598c-ad3c-b5928d6b68e7,98c70f2e-30e8-59f2-a747-4f81103bb046,41,41,አንተም ሳይሆን ሁሉን ታውቀዋለህ፤ ይህንና የእነርሱንም አንተ ታውቀዋለህ።
8fa3c437-3ccf-5572-a0c5-cd5189331f89,d15aacb1-8f77-598c-ad3c-b5928d6b68e7,98c70f2e-30e8-59f2-a747-4f81103bb046,42,42,የምትነግረንም ነገር የለም። ስለዚህም ምን እናደርጋቸው ዘንድ ይገባል?”
c17f946a-6e79-556c-ae5b-59d866bbefce,f5fd451a-2840-5e0c-a245-3a7eac0802de,0090908b-c250-59c3-a132-c661ed4d7f62,1,1,ያንጊዜም ልዑሉና ገናናው፥ ቅዱሱም ተናገረ፥ ወደ ላሜህ ልጅ ወደ ኖኅም አርሰየላልዩርን ላከው።
6d4c050d-5797-55fe-a8f0-606cb25a5f5e,f5fd451a-2840-5e0c-a245-3a7eac0802de,0090908b-c250-59c3-a132-c661ed4d7f62,2,2,እንዲህም በለው አለው- በእኔ ስም ራስህን ሰውር፤ ምድር ሁሉ ትጠፋለችና የሚመጣውን ፍጻሜ ግለጽለት።
adcc0380-60fa-54a1-ab50-c1a2a291d7ce,f5fd451a-2840-5e0c-a245-3a7eac0802de,0090908b-c250-59c3-a132-c661ed4d7f62,3,3,በምድር ሁሉ ላይ የጥፋት ውኃ ይመጣል፤ በውስጥዋም ያለው ሁሉ ይጠፋል።
51d39416-8886-581a-aa77-6144f3bbefdc,f5fd451a-2840-5e0c-a245-3a7eac0802de,0090908b-c250-59c3-a132-c661ed4d7f62,4,4,አሁንም እርሱ ይሸሽ ዘንድ፥ ዘሩም በምድር ሁሉ ይኖር ዘንድ አስተምረው።”
6e70fa01-fbe8-5734-af4a-5c90cdbd6b96,f5fd451a-2840-5e0c-a245-3a7eac0802de,0090908b-c250-59c3-a132-c661ed4d7f62,5,5,ዳግመኛም እግዚአብሔር ሩፋኤልን እንዲህ አለው- “አዛዝኤልን እጁንና እግሩን አስረህ በጨለማ ውስጥ አግዘው።
8c25dfab-0b68-5d38-aa15-f9406f861a33,f5fd451a-2840-5e0c-a245-3a7eac0802de,0090908b-c250-59c3-a132-c661ed4d7f62,6,6,በዱዳኤል ያለች ምድረ በዳዋንም ክፈታት፤ እርሱንም በዚያ በጨለማው ውስጥ ጣለው፤ በላዩም ጠማማና ሻፎ ድንጋዮችን ግጠምበት።
5025f701-7245-55e3-a041-0b995bf47eaa,f5fd451a-2840-5e0c-a245-3a7eac0802de,0090908b-c250-59c3-a132-c661ed4d7f62,7,7,ጨለማንም አልብሰው፤ በዚያም ለዘለዓለሙ ይኑር፤ ብርሃንንም እንዳያይ፥ በታላቅዋም የፍርድ ቀን ወደ ገሃነም እንዲላክ ፊቱን ሸፍነው።
713c3eb4-1ae5-504b-a9d4-1642e3cd471e,f5fd451a-2840-5e0c-a245-3a7eac0802de,0090908b-c250-59c3-a132-c661ed4d7f62,8,8,መላእክት
494d6c44-3b65-5239-a107-aab1da0f3133,f5fd451a-2840-5e0c-a245-3a7eac0802de,0090908b-c250-59c3-a132-c661ed4d7f62,9,9,ትጉሃን
682166b9-00db-5575-a005-0fb575305f8e,f5fd451a-2840-5e0c-a245-3a7eac0802de,0090908b-c250-59c3-a132-c661ed4d7f62,10,10,ምድርም ሁላ በአዛዝኤል ሥራ ትምህርት ጠፋች፤ ኀጢአትን ሁሉ በእርሱ ጻፍበት።”
a77dc569-c3c2-5674-a208-de65efa10291,f5fd451a-2840-5e0c-a245-3a7eac0802de,0090908b-c250-59c3-a132-c661ed4d7f62,11,11,ገብርኤልንም እግዚአብሔር አለው- “በዘፋኞችና በተናቁ ሰዎች ላይ፥ በአመንዝራ ልጆች ላይም ሂድ፥ የአመንዝራዪቱን ልጆችና የትጉሃንን
5e07913b-685e-54d0-ac06-42ee6051a5bd,f5fd451a-2840-5e0c-a245-3a7eac0802de,0090908b-c250-59c3-a132-c661ed4d7f62,12,12,እርስ በርሳቸውም አስወጥተህ ስደዳቸው፤ የዘመን ርዝመት የላቸውምና እነርሱ ራሳቸው በጦርነት ይጠፋፋሉ።
0756aa2d-1b86-51d7-af8d-aefc62cca4f8,f5fd451a-2840-5e0c-a245-3a7eac0802de,0090908b-c250-59c3-a132-c661ed4d7f62,13,13,የዘለዓለም ሕይወትን ሊኖሩ ተስፋ ያደርጋሉና፤ ከእነርሱ እያንዳንዱ አምስት መቶ ዘመንን ሊኖር ተስፋ ያደርጋልና ሁሉም ይለምኑሃል፤ ስለ እነርሱም ለአባቶቻቸው አይሆንላቸውም።”
d8bad8c9-368b-5d5b-ad5e-590a6aeb5688,f5fd451a-2840-5e0c-a245-3a7eac0802de,0090908b-c250-59c3-a132-c661ed4d7f62,14,14,ሚካኤልንም እግዚአብሔር አለው- “ሄደህ ለስምያዛ ንገረው፤ በርኵሰታቸው ሁሉ ከእነርሱ ጋር ይጠፉ ዘንድ ከሴቶች ጋር ለተባበሩ ከእርሱ ጋራ ላሉ ለሌሎችም ንገራቸው።
05b90b5e-eeee-5736-ae74-66741970c5cd,f5fd451a-2840-5e0c-a245-3a7eac0802de,0090908b-c250-59c3-a132-c661ed4d7f62,15,15,ልጆቻቸውም ሁሉ በሚዋጉበት ጊዜ፥ የወዳጆቻቸውንም ጥፋት በሚያዩበት ጊዜ እስከ ፍርዳቸው ዕለትና እስከ ፍጻሜያቸው ድረስ፥ የዘለዓለም ፍርድ እስኪፈጸም ድረስ ሰባውን ትውልድ በምድር ኮረብታ በታች እሰራቸው።
3c6fdee5-ddc4-564c-aeb5-14ab6f2234f4,f5fd451a-2840-5e0c-a245-3a7eac0802de,0090908b-c250-59c3-a132-c661ed4d7f62,16,16,“በዚያም ወራት ከእሳቱ በታች ወደ አለው ቦታ በጭንቅ ይወስዷቸዋል፤ በግዞት ቤትም ለዘለዓለም ይዘጋባቸዋል።
54970af3-145a-54a8-a3e8-52060af29778,f5fd451a-2840-5e0c-a245-3a7eac0802de,0090908b-c250-59c3-a132-c661ed4d7f62,17,17,ያንጊዜም ከእነርሱ ጋር የተባበረ ከዛሬ ጀምሮ እስከ ዘለዓለም ድረስ ይቃጠላል፤ ይጠፋልም፤ እስከ ልጅ ልጅ ዘመን መጨረሻ ድረስም ይጋዛሉ።
4851fb42-71c1-5693-a271-02a39c8bc40e,f5fd451a-2840-5e0c-a245-3a7eac0802de,0090908b-c250-59c3-a132-c661ed4d7f62,18,18,ሰዎችን በድለዋቸዋልና የዋዛ ሰዎችን ሁሉና የትጉሃን ልጆችን አጥፋቸው፤ ግፉንም ሁሉ ከገጸ ምድር አጥፋ፤ ክፉ ሥራም ሁሉ ይጥፋ፤ የጽድቅና የርትዕ ተክልም ለዘለዓለም ይገለጣል።
7dba81a4-cd92-5eac-a6dc-cbe9d51b55d2,f5fd451a-2840-5e0c-a245-3a7eac0802de,0090908b-c250-59c3-a132-c661ed4d7f62,19,19,ሥራውም ሁሉ ለበረከት ይሆናል፤ ጽድቅና ርትዕም ለዘለዓለም በደስታ ይተከላሉ።
af1b7970-c3f7-5c18-af8d-7c0330592060,f5fd451a-2840-5e0c-a245-3a7eac0802de,0090908b-c250-59c3-a132-c661ed4d7f62,20,20,አሁንም ጻድቃን ሁሉ ያመልጣሉ፤ ሺህ ልጆችንም እስኪወልዱ ድረስ ሕያዋን ይሆናሉ።
0722ff37-5fe9-5c24-a238-d313d93cd5ad,f5fd451a-2840-5e0c-a245-3a7eac0802de,0090908b-c250-59c3-a132-c661ed4d7f62,21,21,የሕፃንነታቸውንና የሽምግልናቸውን ዘመን ሁሉ በሰላም ይፈጽማሉ።
5304b39b-69ec-5067-acfc-d9b402d3770b,f5fd451a-2840-5e0c-a245-3a7eac0802de,0090908b-c250-59c3-a132-c661ed4d7f62,22,22,በእነዚያም ወራቶች ምድር ሁሉ በእውነት ትታረሳለች፤ በመላዋም ዛፎች ይተከሉባታል፤ በረከትንም ትሞላለች።
192df62d-214e-5e86-a1ea-6b7f8e8b63d1,f5fd451a-2840-5e0c-a245-3a7eac0802de,0090908b-c250-59c3-a132-c661ed4d7f62,23,23,የደስታ ዛፎችም ሁሉ በእርሷ ላይ ይተከላሉ፤ ወይኖችም በእርስዋ ላይ ይተከላሉ፤ በእርስዋም ላይ የሚተከለው ወይን፥ በእርስዋም ላይ የሚዘራው ዘር ለጥጋብ ፍሬን ያደርጋል።
68a1feff-1401-5620-a3a4-a442581332ce,f5fd451a-2840-5e0c-a245-3a7eac0802de,0090908b-c250-59c3-a132-c661ed4d7f62,24,24,አንዲቱ መስፈሪያ ሺህ መስፈሪያ ታፈራለች፤ አንዲቱ የዘይት መስፈሪያም ዐሥር የዘይት ዐውድማን ትመላለች።
95afca5a-037d-52d2-a32b-6562c606a3b6,f5fd451a-2840-5e0c-a245-3a7eac0802de,0090908b-c250-59c3-a132-c661ed4d7f62,25,25,አንተ ግን ከግፉ ሁሉ፥ ከዐመፅም ሁሉ፥ ከኀጢአትም ሁሉ፥ ከበደልም ሁሉ፥ በምድር ላይም ከሚሠራው ርኵሰት ሁሉ ምድርን አንጻት።
4b492b99-818b-54ba-a1fb-d7c62a121392,f5fd451a-2840-5e0c-a245-3a7eac0802de,0090908b-c250-59c3-a132-c661ed4d7f62,26,26,በምድር ላይም አጥፋቸው፤ የሰው ልጆችም ሁሉ ጻድቃን ይሁኑ፤ አሕዛብም ሁሉ እኔን የሚያመልኩና የሚያመሰግኑ ይሁኑ።
e06b5717-7970-56d4-a613-e8c64cc84005,f5fd451a-2840-5e0c-a245-3a7eac0802de,0090908b-c250-59c3-a132-c661ed4d7f62,27,27,ሁሉም ለእኔ ይሰግዳሉ፤ ምድርም ከጥፋት ሁሉ፥ ከኀጢአትም ሁሉ፥ ከመቅሠፍትም ሁሉ፥ ከጭንቅም ሁሉ ትነጻለች።
bf929c5f-5fda-52de-ab00-f6655bd1c7eb,f5fd451a-2840-5e0c-a245-3a7eac0802de,0090908b-c250-59c3-a132-c661ed4d7f62,28,28,ለልጅ ልጅ ዘመንና እስከ ዘለዓለም ድረስ በእርሷ የጥፋትን ውኃ አልደግምም።
8a816b9f-3eb0-5873-a2e0-fde4f428cadc,f5fd451a-2840-5e0c-a245-3a7eac0802de,0090908b-c250-59c3-a132-c661ed4d7f62,29,29,“በእነዚያም ወራቶች በሰዎች ልጆች ሥራና ድካም ላይ ወደ ምድር አወርዳቸው ዘንድ በሰማያት ያሉ የበረከት መዛግብትን እከፍታለሁ።
fcbb2759-330b-5a36-a9cd-fa96c306b580,f5fd451a-2840-5e0c-a245-3a7eac0802de,0090908b-c250-59c3-a132-c661ed4d7f62,30,30,ሰላምና ርትዕ በአንድነት በዚህ ዓለም ዘመን ሁሉና በልጅ ልጅ ዘመን ሁሉ አንድ ይሆናሉ።”
bec236d6-35d3-5393-ae26-709622e63b71,2914ad82-6df8-5920-afb6-88e457abefc0,d4d5927e-d87b-5ffa-ace7-ca37a6934e2c,1,1,ከነገር ሁሉ አስቀድሞ ሄኖክ ተሰወረ።
72ef73e7-b9a7-574e-adbe-f357d0089fc3,2914ad82-6df8-5920-afb6-88e457abefc0,d4d5927e-d87b-5ffa-ace7-ca37a6934e2c,2,2,ከሰው ልጆችም የተሰወረበትንና ያለበትን ቦታ፥ ምን እንደሆነም የሚያውቅ አልነበረም።
ebd946c4-add6-53c4-ab35-6b5f8b072526,2914ad82-6df8-5920-afb6-88e457abefc0,d4d5927e-d87b-5ffa-ace7-ca37a6934e2c,3,3,በዘመኑ ሥራው ሁሉ፥ ከቅዱሳንና ከትጉሃን ጋር ነበር።
f7eadded-868a-53ad-a0bb-7a64149579a8,2914ad82-6df8-5920-afb6-88e457abefc0,d4d5927e-d87b-5ffa-ace7-ca37a6934e2c,4,4,እኔም ሄኖክ ታላቁን ጌታ የዓለምን ንጉሥ አመሰግን ጀመር።
3ad87f3c-0963-5b77-a80c-3010289b8b88,2914ad82-6df8-5920-afb6-88e457abefc0,d4d5927e-d87b-5ffa-ace7-ca37a6934e2c,5,5,እነሆም ትጉሃን- እኔን ጸሓፊውን ሄኖክን ጠሩኝ።
339714d1-d2cd-5e24-aedd-ca98b5dfe26e,2914ad82-6df8-5920-afb6-88e457abefc0,d4d5927e-d87b-5ffa-ace7-ca37a6934e2c,6,6,እንዲህም አሉኝ- “የጽድቅ ጸሓፊ ሄኖክ፥ ከፍተኛውን ሰማይና ዘለዓለማዊዉን ቅዱስ ቦታ ለተዉ ለሰማይ ትጉሃን ሂድና ንገር፥
127b62b6-5711-5044-a178-bf6e19dcf305,2914ad82-6df8-5920-afb6-88e457abefc0,d4d5927e-d87b-5ffa-ace7-ca37a6934e2c,7,7,ከሴቶችም ጋር ጠፉ፤ የሰው ልጆችም እንደሚያደርጉ አደረጉ።
41236491-3fee-5193-aa55-90cb7032f96b,2914ad82-6df8-5920-afb6-88e457abefc0,d4d5927e-d87b-5ffa-ace7-ca37a6934e2c,8,8,ለራሳቸውም ሚስቶችን አገቡ፥ በምድርም ላይ ታላቅ ጥፋትን ጠፉ።
b5fc9d5c-9a48-5be3-ab6d-6b1b5857b014,2914ad82-6df8-5920-afb6-88e457abefc0,d4d5927e-d87b-5ffa-ace7-ca37a6934e2c,9,9,በምድርም ላይ ሰላምና የኀጢአት ስርየት አይሆንላቸውም።
83f19ae1-6efb-53c4-a6ff-127e16f13456,2914ad82-6df8-5920-afb6-88e457abefc0,d4d5927e-d87b-5ffa-ace7-ca37a6934e2c,10,10,በልጆቻቸውም ደስ አይላቸውምና፥ የወዳጆቻቸውን ሞት ያያሉ፤ በልጆቻቸውም ጥፋት ጮኸው ያለቅሳሉ።
11da02c6-d565-58f9-a2c3-c3490025a4f7,2914ad82-6df8-5920-afb6-88e457abefc0,d4d5927e-d87b-5ffa-ace7-ca37a6934e2c,11,11,ለዘለዓለም ይለምናሉ፥ ምሕረትም፥ ሰላምም አይደረግላቸውም።”
81684a91-2b69-517b-a213-9284baa6421a,2914ad82-6df8-5920-afb6-88e457abefc0,d4d5927e-d87b-5ffa-ace7-ca37a6934e2c,12,12,ሄኖክም ሄዶ አዛዝኤልን አለው- “ሰላም አይደረግልህም።
6bf3f5c2-b342-5b5d-a23a-1d0553755e3b,2914ad82-6df8-5920-afb6-88e457abefc0,d4d5927e-d87b-5ffa-ace7-ca37a6934e2c,13,13,ሊያጠፋህ ታላቅ ፍርድ በአንተ ላይ ወጣ።
ef129fc7-9c7c-5943-acf9-f64e6812c0ea,2914ad82-6df8-5920-afb6-88e457abefc0,d4d5927e-d87b-5ffa-ace7-ca37a6934e2c,14,14,ግፍን ስለ አስተማርህ፥ ለሰው ልጆችም ስላሳየኸው የፅርፈት፥ የግፍና የኀጢአት ሥራ ሁሉ ዕረፍትና ልመና፥ ይቅርታም አይደረግልህም።”
d12d2de2-2ba2-5878-a148-dc1f4dda8d60,2914ad82-6df8-5920-afb6-88e457abefc0,d4d5927e-d87b-5ffa-ace7-ca37a6934e2c,15,15,ያንጊዜ ሄጄ ለሁሉም በአንድነት ነገርኋቸው።
49e5e722-0ac5-5ee1-a3a3-fac18752eb7f,2914ad82-6df8-5920-afb6-88e457abefc0,d4d5927e-d87b-5ffa-ace7-ca37a6934e2c,16,16,እነርሱም ሁሉ ፈሩ፤ ፍራት፥ መንቀጥቀጥም ያዛቸው።
21dc0152-e1b5-5290-a025-6ee040392bf3,2914ad82-6df8-5920-afb6-88e457abefc0,d4d5927e-d87b-5ffa-ace7-ca37a6934e2c,17,17,የኀጢአት ማስተስረያ እንዲሆናቸው ወደ ሰማይ ወደ እግዚአብሔር የልመናቸውን መታሰቢያ እንዳሳርግላቸው የልመናቸውን መታሰቢያ እጽፍላቸው ዘንድ ለመኑኝ።
e65ea437-6d58-5531-a275-adddf649b715,2914ad82-6df8-5920-afb6-88e457abefc0,d4d5927e-d87b-5ffa-ace7-ca37a6934e2c,18,18,እነርሱ ከዛሬ ጀምረው መነጋገር አይችሉምና፥ ከተፈረደባቸው የበደል ኀፍረት የተነሣም ዐይኖቻቸውን ወደ ሰማይ አቅንተው ለማየት አይችሉምና።
7d3dd0ae-4736-5b21-acb0-91e96a00dcd6,2914ad82-6df8-5920-afb6-88e457abefc0,d4d5927e-d87b-5ffa-ace7-ca37a6934e2c,19,19,ያንጊዜም ስለ ሰውነታቸውና ስለ እያንዳንዳቸው ሥራ፥ የኀጢአት ማስተስረያና የዘመን ርዝመት ይሆንላቸው ዘንድ ስለሚለምኑ የልመናቸውንና የምልጃቸውን መታሰቢያ ጻፍሁ።
67143533-cd1e-5875-afa6-b927aed4697c,2914ad82-6df8-5920-afb6-88e457abefc0,d4d5927e-d87b-5ffa-ace7-ca37a6934e2c,20,20,ሄጄም በዳን ውኃዎች አጠገብ በዳን ተቀመጥሁ፤ ይህቺውም ከአርሞን ምዕራብ በቀኝ ያለች ናት።
26b05f42-7e32-5f86-a7b3-71306290a973,2914ad82-6df8-5920-afb6-88e457abefc0,d4d5927e-d87b-5ffa-ace7-ca37a6934e2c,21,21,እስካንጎላችም ድረስ የልመናቸውን መታሰቢያ ተናገርሁ።
8bab2167-09e8-569a-a88d-d59936c56855,2914ad82-6df8-5920-afb6-88e457abefc0,d4d5927e-d87b-5ffa-ace7-ca37a6934e2c,22,22,እነሆም፥ ሕልም መጣብኝ፤ ራእዮችም ተገለጡልኝ።
e2c675f1-fdf6-5dfa-a0b9-57b4f1bc74ec,2914ad82-6df8-5920-afb6-88e457abefc0,d4d5927e-d87b-5ffa-ace7-ca37a6934e2c,23,23,ለሰማይ ልጆች እነግር ዘንድ፥ እዘልፋቸውም ዘንድ የመቅሠፍት ራእይን አየሁ።
80d47fd2-777c-5e72-a21b-b2d96db9b6dd,2914ad82-6df8-5920-afb6-88e457abefc0,d4d5927e-d87b-5ffa-ace7-ca37a6934e2c,24,24,ነቅቼም ወደ እነርሱ መጣሁ፤ ሁሉም በሊባኖስና በሴንሴር መካከል ባለች በኡብልስያኢል ፊታቸውን ተሸፋፍነው እያለቀሱ ተሰብሰበው ነበር።
2b51140e-ac72-59ea-a74c-a4f270dfb6d8,2914ad82-6df8-5920-afb6-88e457abefc0,d4d5927e-d87b-5ffa-ace7-ca37a6934e2c,25,25,እኔም ተኝቼ ያየሁትን ራእይ ሁሉ በፊታቸው ተናገርሁ።
1fd6d715-5953-5e26-afaf-36704ae64c8a,2914ad82-6df8-5920-afb6-88e457abefc0,d4d5927e-d87b-5ffa-ace7-ca37a6934e2c,26,26,እነዚያንም የጽድቅ ቃላት እናገር ዘንድ፥ ለሰማይ ትጉሃንም አስተምር ዘንድ ጀመርሁ።
7e3fcf9e-ff2b-5ea3-a4e3-8aa1ee388253,2914ad82-6df8-5920-afb6-88e457abefc0,d4d5927e-d87b-5ffa-ace7-ca37a6934e2c,27,27,ቅዱሱና ገናናው በዚች ራእይ እንዳዘዘ የጽድቅና ከጥንት ጀምሮ የነበሩ የትጉሃን የዘለፋ መጽሐፍ ይህ ነው።
79663dca-5c4e-59d8-a58b-d48e2016379b,2914ad82-6df8-5920-afb6-88e457abefc0,d4d5927e-d87b-5ffa-ace7-ca37a6934e2c,28,28,በሥጋ አንደበትና በመንፈሴ እኔ ዛሬ የምናገረውን ነገር ተኝቼ አየሁ፤ ገናናው አምላክ ይናገሩበት ዘንድ፥ እንደ ፈጠረም በልብ ያስተውሉ ዘንድ ለሰዎች አፍን ሰጠ፤ ያስተውሉም ዘንድ ለሰዎች የዕውቀት ቃልን ሰጠ።
a3c84b85-305f-5985-ac18-b385cde70425,2914ad82-6df8-5920-afb6-88e457abefc0,d4d5927e-d87b-5ffa-ace7-ca37a6934e2c,29,29,ለእኔም ፈጠረልኝ፥ ለትጉሃን የሰማይ ልጆችም አስተምራቸው ዘንድ ሰጠኝ።
4202b885-7e23-5bd5-ac5b-c636af0e48f5,2914ad82-6df8-5920-afb6-88e457abefc0,d4d5927e-d87b-5ffa-ace7-ca37a6934e2c,30,30,እኔ ልመናችሁን ጻፍሁ።
d36db590-8063-568b-a930-28cd7b304660,2914ad82-6df8-5920-afb6-88e457abefc0,d4d5927e-d87b-5ffa-ace7-ca37a6934e2c,31,31,በራእዬም እንዲህ አሳየኝ፥ በዓለም ዘመን ሁሉ ልመናችሁ አትደረግላችሁምና።
9c4f7567-100f-5365-a7db-256894504fd4,2914ad82-6df8-5920-afb6-88e457abefc0,d4d5927e-d87b-5ffa-ace7-ca37a6934e2c,32,32,ፍጽምት ፍርድም በእናንተ ላይ ወጣች፤ አይሆንላችሁምም።
4be26d85-a365-59ed-ad1c-bd101c01aeb8,2914ad82-6df8-5920-afb6-88e457abefc0,d4d5927e-d87b-5ffa-ace7-ca37a6934e2c,33,33,ከዛሬ ጀምሮ ዓለም ሁሉ እስኪያልፍ ድረስ ወደ ሰማይ አትወጡም።
c832b93f-d74a-54e9-aafd-ff5f0d28437d,2914ad82-6df8-5920-afb6-88e457abefc0,d4d5927e-d87b-5ffa-ace7-ca37a6934e2c,34,34,በዓለም ዘመን ሁሉ ያስራችሁ ዘንድ በምድር ተነገረ።
367a298f-5619-590c-afe4-805493f031b8,2914ad82-6df8-5920-afb6-88e457abefc0,d4d5927e-d87b-5ffa-ace7-ca37a6934e2c,35,35,ከዚህም አስቀድሞ የምትወዷቸው የልጆቻችሁን ጥፋት አያችሁ።
56c24d14-9068-55a9-a2fe-45519b750f92,2914ad82-6df8-5920-afb6-88e457abefc0,d4d5927e-d87b-5ffa-ace7-ca37a6934e2c,36,36,በፊታችሁ በሰይፍ ያልቃሉ እንጂ ጥሪትነታቸው አይኖራችሁም።
a27412ec-d921-52ad-a66a-f37b3731e67d,2914ad82-6df8-5920-afb6-88e457abefc0,d4d5927e-d87b-5ffa-ace7-ca37a6934e2c,37,37,ስለ እናንተና ስለ እነርሱም የለመናችሁት ልመና አይደረግላችሁም።
68bd16b2-4647-5be7-a7cc-f99b043a2959,2914ad82-6df8-5920-afb6-88e457abefc0,d4d5927e-d87b-5ffa-ace7-ca37a6934e2c,38,38,እናንተም እያዘናችሁና እያለቀሳችሁ ከጻፍሁላችሁ መጽሐፍ ምንም ቃል አትናገሩም።
b69b4844-3134-5eb4-a279-de1e1ee9b966,2914ad82-6df8-5920-afb6-88e457abefc0,d4d5927e-d87b-5ffa-ace7-ca37a6934e2c,39,39,ለእኔም እንዲህ ያለ ራእይ ታየኝ።
86fe989a-4a43-58dd-abac-4035c92e7398,2914ad82-6df8-5920-afb6-88e457abefc0,d4d5927e-d87b-5ffa-ace7-ca37a6934e2c,40,40,እነሆ፥ ደመናዎች በራእይ ይጠሩኛል፥ ጉምም ይጠራኛል።
40c49976-06b9-5699-a7e1-aca9f366bd74,2914ad82-6df8-5920-afb6-88e457abefc0,d4d5927e-d87b-5ffa-ace7-ca37a6934e2c,41,41,ኮከቦችና መብረቆችም በሩጫ ያስቸኩሉኛል፥ ያስጨንቁኛልም።
0f3e8be7-8bbc-592d-a0cb-d150a4c9dfe8,2914ad82-6df8-5920-afb6-88e457abefc0,d4d5927e-d87b-5ffa-ace7-ca37a6934e2c,42,42,ነፋሶችም በራእይ ያበርሩኛል፥ ያስቸኩሉኛልም። ወደ ላይ ወደ ሰማይም ወሰዱኝ።
98af319d-bfff-531e-a813-d6b4d09b77d1,2914ad82-6df8-5920-afb6-88e457abefc0,d4d5927e-d87b-5ffa-ace7-ca37a6934e2c,43,43,በእብነ በረድ ወደ ተሠራች ግንብ እስክቀርብ ድረስ ገባሁ።
ca783fb2-6ed1-5535-a263-193839be3881,2914ad82-6df8-5920-afb6-88e457abefc0,d4d5927e-d87b-5ffa-ace7-ca37a6934e2c,44,44,የእሳትም ላንቃ ይከብባታል፥ እኔንም ያስፈራኝ ጀመረ።
0676c3fd-30c7-59c6-a8db-fda92adf18b5,2914ad82-6df8-5920-afb6-88e457abefc0,d4d5927e-d87b-5ffa-ace7-ca37a6934e2c,45,45,ወደ እሳቱም ላንቃ ገባሁ፥ በእብነ በረድም ወደ ተሠራው ታላቅ ቤት ቀረብሁ።
b8d1baf9-0413-5033-ac62-c4fa70f91562,2914ad82-6df8-5920-afb6-88e457abefc0,d4d5927e-d87b-5ffa-ace7-ca37a6934e2c,46,46,የዚያም ቤት ግድግዳ ከእብነ በረድ እንደ ተሠራ ወለል ነው።
40b6f2ab-b552-5d85-ab34-bacd0bc28ce9,2914ad82-6df8-5920-afb6-88e457abefc0,d4d5927e-d87b-5ffa-ace7-ca37a6934e2c,47,47,ምድሩም በረድ ነው፥ ጠፈሩም እንደ ኮከብና መብረቅ ሩጫ ነው።
da9b9778-0f22-596a-a23c-b19ae6487e22,2914ad82-6df8-5920-afb6-88e457abefc0,d4d5927e-d87b-5ffa-ace7-ca37a6934e2c,48,48,በመካከላቸውም እሳታውያን ኪሩቤል አሉ። ሰማያቸውም ውኃ ነው።
0e1245fa-0332-5d89-a4be-db09ea902eed,2914ad82-6df8-5920-afb6-88e457abefc0,d4d5927e-d87b-5ffa-ace7-ca37a6934e2c,49,49,በቅጥሩም ዙሪያ የሚነድ እሳት አለ፥ ደጃፉም በእሳት ይቃጠላል።
f3394f3f-46d8-51e7-a20e-5b74584d4bf2,2914ad82-6df8-5920-afb6-88e457abefc0,d4d5927e-d87b-5ffa-ace7-ca37a6934e2c,50,50,ወደዚያም ቤት ውስጥ ገባሁ፥ እንደ እሳትም ይሞቃል፤ እንደ በረድም ይቀዘቅዛል።
7c6e0a4c-b729-58df-a09b-6c1f0b70ebb6,2914ad82-6df8-5920-afb6-88e457abefc0,d4d5927e-d87b-5ffa-ace7-ca37a6934e2c,51,51,ምንም ደስታና ሕይወት በውስጡ የለም፤ ፍርሀት ሸፈነኝ፥ እንቅጥቅጥም ያዘኝ፤ እየታወክሁና እየተንቀጠቀጥሁም በግንባሬ ወደቅሁ፥ በራእይም አየሁ።
126df6a7-dd89-5eac-ae36-5cc634e9e380,2914ad82-6df8-5920-afb6-88e457abefc0,d4d5927e-d87b-5ffa-ace7-ca37a6934e2c,52,52,እነሆም፥ ከዚህ ቤት የሚበልጥ ሌላ ቤት አለ።
c168e913-0b37-576f-a4fd-75aca5e15ebf,2914ad82-6df8-5920-afb6-88e457abefc0,d4d5927e-d87b-5ffa-ace7-ca37a6934e2c,53,53,በፊቴም ደጃፉ ሁሉ የተከፈተ ነው፥ በእሳት ላንቃም የተሠራ ነው።
5c008817-12c1-5e08-a4eb-f55e2194f88d,2914ad82-6df8-5920-afb6-88e457abefc0,d4d5927e-d87b-5ffa-ace7-ca37a6934e2c,54,54,ስለ ክብሩና ስለ ገናናነቱ ልነግራችሁ እስከማልችል ድረስ በሁሉም በብርሃንና በክብር፥ በገናናነትም ይበልጣል።
8556157d-1ff2-5ecd-a30a-a1990d81deef,2914ad82-6df8-5920-afb6-88e457abefc0,d4d5927e-d87b-5ffa-ace7-ca37a6934e2c,55,55,ወለሉም እሳት ነው፥ በላዩም መብረቅና የኮከቦች መሮጫ አለበት፤ ጠፈሩም የሚነድ እሳት ነው።
b99557c3-6a5b-5698-ab4c-9ab2e9d3fc17,2914ad82-6df8-5920-afb6-88e457abefc0,d4d5927e-d87b-5ffa-ace7-ca37a6934e2c,56,56,በውስጡም ከፍ ያለ ዙፋንን ፈጽሜ አየሁ።
6dd02b48-12ad-5a13-a937-35d06257d3fa,2914ad82-6df8-5920-afb6-88e457abefc0,d4d5927e-d87b-5ffa-ace7-ca37a6934e2c,57,57,መልኩም እንደ ውርጭ ነው፥ ክበቡም እንደሚያበራ ፀሐይ ነው፥ የኪሩቤልም ቃል ይሰማል።
bce3f593-c03a-5ee5-a396-a3ec145d7de2,2914ad82-6df8-5920-afb6-88e457abefc0,d4d5927e-d87b-5ffa-ace7-ca37a6934e2c,58,58,ከታላቁ ዙፋንም በታች የሚነድ የእሳት ፈሳሾች ይወጣሉ፤ ማየትም አይቻላቸውም።
adba5700-a066-54f5-a3c4-5ccc91183961,2914ad82-6df8-5920-afb6-88e457abefc0,d4d5927e-d87b-5ffa-ace7-ca37a6934e2c,59,59,የክብር ጌታም በእርሱ ላይ ተቀምጧል፤ መጐናጸፊያውም ከፀሐይ ይልቅ ያበራል፥ ከበረድም ሁሉ ይልቅ ይነጣል።
eca62ef9-a533-5676-a2c6-e8319c4815cb,2914ad82-6df8-5920-afb6-88e457abefc0,d4d5927e-d87b-5ffa-ace7-ca37a6934e2c,60,60,ከመላእክትም ማንም ወደ እርሱ መግባት፥ የክቡሩንና የምስጉኑንም ፊት ማየት አይችልም፤ ማንም ሥጋዊ ሰውም ያን እሳት ያይ ዘንድ አይችልም።
1474980b-8173-5013-a78d-cfbd07c0d2d0,2914ad82-6df8-5920-afb6-88e457abefc0,d4d5927e-d87b-5ffa-ace7-ca37a6934e2c,61,61,በዙሪያውም የሚነድ እሳት አለ፥ በፊቱም ታላቅ እሳት ይቆማል።
80de792b-bc88-5e22-af24-7168961e9ed8,2914ad82-6df8-5920-afb6-88e457abefc0,d4d5927e-d87b-5ffa-ace7-ca37a6934e2c,62,62,በዙሪያው ካሉም ወደ እርሱ የሚቀርብ የለም፥ የብዙ ብዙ መላእክትም በፊቱ አሉ።
efd55cc3-e79d-5eab-ab54-091fb166c0fc,2914ad82-6df8-5920-afb6-88e457abefc0,d4d5927e-d87b-5ffa-ace7-ca37a6934e2c,63,63,እርሱ ግን ልዩ ምክርን አይሻም።
79406b12-1da7-54cd-a9c9-46f102552315,2914ad82-6df8-5920-afb6-88e457abefc0,d4d5927e-d87b-5ffa-ace7-ca37a6934e2c,64,64,ወደ እርሱ የሚቀርቡ ቅዱሳንም በቀንና በሌሊት አይርቁም፥ ከእርሱም አይወገዱም።
b07fefdd-1060-5b7c-acdc-1faef9dedca9,2914ad82-6df8-5920-afb6-88e457abefc0,d4d5927e-d87b-5ffa-ace7-ca37a6934e2c,65,65,እኔም እስከዚህ ድረስ እየተንቀጠቀጥሁ ፊቴን ተከናንቤ ነበርሁ።
baba2b3b-7bfb-5289-acba-8e360371f93b,2914ad82-6df8-5920-afb6-88e457abefc0,d4d5927e-d87b-5ffa-ace7-ca37a6934e2c,66,66,ጌታም በአንደበቱ ጠርቶ “ሄኖክ! ወደዚህ ወደ ቅዱስ ቃሌ ቅረብ” አለኝ።
37ae043d-1110-5780-a900-aa1c94ed2f3d,2914ad82-6df8-5920-afb6-88e457abefc0,d4d5927e-d87b-5ffa-ace7-ca37a6934e2c,67,67,አንሥቶም እስከ ደጃፉ ድረስ አቀረበኝ፥ እኔ ግን ፊቴን ደፍቼ ወደታች እመለከት ነበር።
f52fc515-f0fc-53f7-a5e2-36b0a15261f8,2914ad82-6df8-5920-afb6-88e457abefc0,d4d5927e-d87b-5ffa-ace7-ca37a6934e2c,68,68,መለሰልኝ፥ በቃሉም እንዲህ አለኝ- “ጽድቅን የምትጽፍ ጻድቅ ሰው ሄኖክ፥ ስማ፥ አትፍራም።
5daeb8da-e86c-531e-a884-a226bb7a8aa8,2914ad82-6df8-5920-afb6-88e457abefc0,d4d5927e-d87b-5ffa-ace7-ca37a6934e2c,69,69,ወደዚህ ቅረብ፥ ቃሌንም ስማ፤ ስለ እነርሱ ልትለምንላቸው ለላኩህ ለሰማይ ትጉሃንም ሄደህ እንዲህ በላቸው-
c9641ef5-0f96-548b-aa15-336f3a67337f,2914ad82-6df8-5920-afb6-88e457abefc0,d4d5927e-d87b-5ffa-ace7-ca37a6934e2c,70,70,እናንተ ስለ ሰው ልትለምኑ ይገባችሁ ነበር፤ ሰዎች ግን ስለ እናንተ አይደለም።
a13241a9-dc49-5f47-ae1f-bc09798471b1,2914ad82-6df8-5920-afb6-88e457abefc0,d4d5927e-d87b-5ffa-ace7-ca37a6934e2c,71,71,ከፍ ያለውን ሰማይና ለዘለዓለም ቅዱስ የሆነውን ቦታ ስለምን ተዋችሁት?
90858327-adaa-5fa8-a09e-a18d72f42c31,2914ad82-6df8-5920-afb6-88e457abefc0,d4d5927e-d87b-5ffa-ace7-ca37a6934e2c,72,72,ከሴቶችም ጋር ተኛችሁ፥ ከሰው ሴቶች ልጆች ጋርም ረከሳችሁ።
7d798ff8-9291-5b8e-a37f-55cd50910dc4,2914ad82-6df8-5920-afb6-88e457abefc0,d4d5927e-d87b-5ffa-ace7-ca37a6934e2c,73,73,ለራሳችሁም ሚስቶችን አገባችሁ፤ እንደ ምድር ልጆችም አደረጋችሁ፥ ረዓይት ልጆችንም ወለዳችሁ።
718e9f43-16d9-58ce-ab57-c5ccc96d22cd,2914ad82-6df8-5920-afb6-88e457abefc0,d4d5927e-d87b-5ffa-ace7-ca37a6934e2c,74,74,ለዘለዓለም በሕይወት የምትኖሩ ቅዱሳን መንፈሳውያን እናንተ ግን በሴቶች ረከሳችሁ።
612199b3-003e-5439-a4f5-7167ecc6df44,2914ad82-6df8-5920-afb6-88e457abefc0,d4d5927e-d87b-5ffa-ace7-ca37a6934e2c,75,75,በሥጋዊ ደም አስወለዳችሁ፥ የሰውን ደምግባትም ተመኛችሁ፥ እነርሱም ሥጋዊና ደማዊ ሥራን እንደሚሠሩ ሠራችሁ።
2f1fe2dc-6504-589a-a893-9a0fce00fe80,2914ad82-6df8-5920-afb6-88e457abefc0,d4d5927e-d87b-5ffa-ace7-ca37a6934e2c,76,76,እነዚህም የሚሞቱና የሚጠፉ ናቸው፥ ስለዚህም ዘራቸውን በእነርሱ ላይ ይዘሩ ዘንድ፥ ልጆችም ከእነርሱ ይወለዱ ዘንድ ሴቶችን ሰጠኋቸው።
632917bd-7106-569f-a6f6-2b6cc3c0b342,2914ad82-6df8-5920-afb6-88e457abefc0,d4d5927e-d87b-5ffa-ace7-ca37a6934e2c,77,77,በምድርም ላይ እንደዚህ ያለ ሥራ ሲሠራ ይኖራል።
45eb7566-f56d-55c6-ace3-953cfc27892a,2914ad82-6df8-5920-afb6-88e457abefc0,d4d5927e-d87b-5ffa-ace7-ca37a6934e2c,78,78,እናንተ ግን ከዚህ አስቀድሞ በልጅ ልጅ ዘመን በማይጠፋ፥ በዘለዓለማዊ ሕይወት ሕያዋን የሆናችሁ መንፈሳውያን ነበራችሁ።
fcbca8ae-9040-543d-a96e-a32dfbb033bd,2914ad82-6df8-5920-afb6-88e457abefc0,d4d5927e-d87b-5ffa-ace7-ca37a6934e2c,79,79,ስለዚህም ለእናንተ ሴቶችን አላደረግሁላችሁም፥ የመንፈሳውያን ማደሪያቸው በሰማይ ነውና።
0724de0c-f024-5cf2-af3a-d17ddf86b18a,2914ad82-6df8-5920-afb6-88e457abefc0,d4d5927e-d87b-5ffa-ace7-ca37a6934e2c,80,80,አሁንም ከመንፈስና ከሥጋ
8c416137-3f1e-5e5f-aa27-fff1e36c8b15,2914ad82-6df8-5920-afb6-88e457abefc0,d4d5927e-d87b-5ffa-ace7-ca37a6934e2c,81,81,ማደሪያቸውም በምድር ይሆናል።
9cf4ee0d-de49-5bd8-a75d-ab1edecb0804,2914ad82-6df8-5920-afb6-88e457abefc0,d4d5927e-d87b-5ffa-ace7-ca37a6934e2c,82,82,ክፉዎች ነፍሳትም ከሥጋቸው ወጡ፤ መሠረታቸው ከሚሆኑ ከቅዱሳን ትጉሃን ከላይ ተፈጥረዋልና።
bd8a963b-d92d-50e5-a01a-1f613fb2dbf8,2914ad82-6df8-5920-afb6-88e457abefc0,d4d5927e-d87b-5ffa-ace7-ca37a6934e2c,83,83,መጀመሪያ መሠረት የነበሩ በምድር ላይ ክፉ መንፈስ ይሆናሉ፤ ክፉ መንፈስም ተብለው ይጠራሉ።
eff9f1f3-991f-52a1-a48a-720eb27a46a7,2914ad82-6df8-5920-afb6-88e457abefc0,d4d5927e-d87b-5ffa-ace7-ca37a6934e2c,84,84,ለሰማይ መናፍስትም ማደሪያቸው በሰማይ ይሆናል፤ በምድር ለተወለዱ መናፍስትም ማደሪያቸው በምድር ይሆናል።
e6f51348-4f1d-5067-aeab-ba879dee50dd,2914ad82-6df8-5920-afb6-88e457abefc0,d4d5927e-d87b-5ffa-ace7-ca37a6934e2c,85,85,ደመናትን የሚገፉ የረዓይት መናፍስትም ይጠፋሉ፤ ይወድቃሉም፥ እርስ በርሳቸውም ይጣላሉ፤ በምድርም ያደቅቃሉ።
0da53b69-a160-5c5e-a7ed-b2aa8824e6e3,2914ad82-6df8-5920-afb6-88e457abefc0,d4d5927e-d87b-5ffa-ace7-ca37a6934e2c,86,86,ኀዘንንም ያደርጋሉ፥ የሚበሉትንም እህል ምንም አያገኙም።
2cd131b5-524d-5f74-a171-d9582faa1925,2914ad82-6df8-5920-afb6-88e457abefc0,d4d5927e-d87b-5ffa-ace7-ca37a6934e2c,87,87,አይጠሙም፥ አይታወቁምም።
cc2218ff-53ed-5fbc-afbe-eb04c37239bf,2914ad82-6df8-5920-afb6-88e457abefc0,d4d5927e-d87b-5ffa-ace7-ca37a6934e2c,88,88,በሰልፍና በጥፋት ወራት ተወልደዋልና እነዚህ ሰዎች በሰዎች ወንዶች ልጆችና በሴቶች ላይ አይነሡም።”
c9fc33e9-e7ef-550b-a81c-ab840966cae1,470cddf1-15b8-514c-a4a8-c7b395c6bede,41cf1969-201b-5c4e-a4fe-c68b3a6b6150,1,1,የረዓይትም ሞት መናፍስት ከሥጋቸው በወጡበት ይሆናል።
f8ee8437-9f4e-52a2-a043-ef7854292f78,470cddf1-15b8-514c-a4a8-c7b395c6bede,41cf1969-201b-5c4e-a4fe-c68b3a6b6150,2,2,የሚጠፋም ይሁን።
e8228c3e-f4ea-59a6-a7e7-0bcc6d80bc5f,470cddf1-15b8-514c-a4a8-c7b395c6bede,41cf1969-201b-5c4e-a4fe-c68b3a6b6150,3,3,ፍርድም ሳይደረግ እንዲሁ ይጠፋሉ፤ እስከ ታላቋ የፍጻሜ ዕለት ድረስ ከታላቋ ዓለም ከትጉሃንና ከዝንጉዎች የተነሣ ፍርድ ይፈጸማል።
fd50b149-132d-5b07-a7a9-bce6460338db,470cddf1-15b8-514c-a4a8-c7b395c6bede,41cf1969-201b-5c4e-a4fe-c68b3a6b6150,4,4,አሁንም ስለ እነርሱ ልትለምንላቸው የላኩህን አስቀድሞ በሰማይ የነበሩ ትጉሃንን እንዲህ በላቸው።
02854670-c430-585d-a24d-7bcd88fd1d7d,470cddf1-15b8-514c-a4a8-c7b395c6bede,41cf1969-201b-5c4e-a4fe-c68b3a6b6150,5,5,“ዛሬም እናንተ በሰማይ አላችሁ፥ ምሥጢራትም ገና አልተገለጡላችሁም።
4eb2f66f-7952-547e-a8f1-caf69264a98f,470cddf1-15b8-514c-a4a8-c7b395c6bede,41cf1969-201b-5c4e-a4fe-c68b3a6b6150,6,6,የተናቀ ምሥጢርንም ዐወቃችሁ፥ በልቡናችሁም ጽናት ይህን ለሴቶች ነገራችሁ።
89b71a1a-3b77-5dc4-a2ce-c87d0eab3205,470cddf1-15b8-514c-a4a8-c7b395c6bede,41cf1969-201b-5c4e-a4fe-c68b3a6b6150,7,7,በዚህም ምሥጢር ሴቶችና ወንዶች በምድር ላይ ክፋትን ያበዛሉ፤ እንግዲህስ ሰላም የላችሁም።”
2fd4a821-9b79-5abb-a470-d5d64ff40afe,470cddf1-15b8-514c-a4a8-c7b395c6bede,41cf1969-201b-5c4e-a4fe-c68b3a6b6150,8,8,እንደ ቋያ የሚቃጠሉ ሰዎች ወዳሉበት አንድ ቦታ ወሰዱኝ፤ በወደዱም ጊዜ እንደ ሰው ይታያሉ።
ccbfca54-e8e3-5ee6-a390-392212866080,470cddf1-15b8-514c-a4a8-c7b395c6bede,41cf1969-201b-5c4e-a4fe-c68b3a6b6150,9,9,ጥቅል ነፋስ ወዳለበት ቦታ፥ ራሱም እስከ ሰማይ ወደሚደርስ ተራራ ወሰዱኝ።
3941c2c4-5d79-5eb0-ad18-ef877de15ef9,470cddf1-15b8-514c-a4a8-c7b395c6bede,41cf1969-201b-5c4e-a4fe-c68b3a6b6150,10,10,የሚያበሩ አራት ቦታዎችንም አየሁ፤ በጥልቁም ዳርቻ ነጐድጓድ አለ፤ የእሳት ቀስትና ጐራንጕሪያቸውም፥ የእሳት ሰይፍና መብረቆችም ሁሉ አሉ።
2ca1d966-b55d-5cf7-a906-a157de2636d4,470cddf1-15b8-514c-a4a8-c7b395c6bede,41cf1969-201b-5c4e-a4fe-c68b3a6b6150,11,11,የሚናገር የሕይወት ውኃና የምዕራብ እሳት እስካለበት ድረስ ወሰዱኝ፤ ይኸውም የፀሐይን መግቢያ ሁሉ የሚይዝ ነው።
e6737692-bba4-5420-a0c3-99fcab338a1e,470cddf1-15b8-514c-a4a8-c7b395c6bede,41cf1969-201b-5c4e-a4fe-c68b3a6b6150,12,12,እሳቱ እንደ ውኃ እስከሚፈስስ እስከ እሳት ፈሳሽ ድረስ መጣሁ፤ በምዕራብ ወዳለው ወደ ታላቁም ባሕር ይፈስሳል።
f1f5307c-35ec-5eb7-ae54-52ca299789b1,470cddf1-15b8-514c-a4a8-c7b395c6bede,41cf1969-201b-5c4e-a4fe-c68b3a6b6150,13,13,ታላላቅ ወንዞችንም ሁሉ አየሁ፤ እስከ ታላቁ ጨለማም ድረስ ደረስሁ፥ ሥጋዊ ሁሉ ወደሚመላለስበትም ሄድሁ።
1601b103-6085-5cde-ae3c-717867378254,470cddf1-15b8-514c-a4a8-c7b395c6bede,41cf1969-201b-5c4e-a4fe-c68b3a6b6150,14,14,የክረምት ጭጋጎች ያሉባቸው ተራሮችንም፥ የወንዙም ሁሉ ውኃ የሚፈስበትን አየሁ።
1c369e4b-df6e-5e1e-a6cb-cbab130ef7be,470cddf1-15b8-514c-a4a8-c7b395c6bede,41cf1969-201b-5c4e-a4fe-c68b3a6b6150,15,15,የምድር ወንዞችን ሁሉ አፋቸውን፥ የጥልቁንም አፍ አየሁ።
934ab412-55b9-5889-a8b4-fa9fdea6f3b4,470cddf1-15b8-514c-a4a8-c7b395c6bede,41cf1969-201b-5c4e-a4fe-c68b3a6b6150,16,16,የነፋሶችንም ሁሉ ቦታዎች አየሁ፤ ፍጥረቱንና የምድሩን ሁሉ መሠረቶች በእነርሱ እንዳስጌጠ አየሁ።
551adf25-e5ae-5066-af4d-05d2ad3355bf,470cddf1-15b8-514c-a4a8-c7b395c6bede,41cf1969-201b-5c4e-a4fe-c68b3a6b6150,17,17,የምድርንም የማዕዘን ድንጋይ አየሁ፤ ምድርንና ጠፈርንም የሚሸከሙ አራቱን ነፋሳት አየሁ።
ed1886d6-9dfc-5cac-a2bd-502451d10587,470cddf1-15b8-514c-a4a8-c7b395c6bede,41cf1969-201b-5c4e-a4fe-c68b3a6b6150,18,18,የሰማይንም ከፍታ ነፋሳት እንደ ዘረጓት አየሁ።
ff27d4f4-4292-50ec-a466-765215fd8789,470cddf1-15b8-514c-a4a8-c7b395c6bede,41cf1969-201b-5c4e-a4fe-c68b3a6b6150,19,19,እነርሱም በሰማይና በምድር መካከል ይቆማሉ፤ እነርሱም የሰማይ ምሰሶዎች ናቸው።
1ee4ded6-348c-5892-a365-829dee5c7f63,470cddf1-15b8-514c-a4a8-c7b395c6bede,41cf1969-201b-5c4e-a4fe-c68b3a6b6150,20,20,ሰማይን የሚመልሷት፥ የፀሐይን ክበብና ከዋክብትን ሁሉ የሚያገቡ ነፋሳትንም አየሁ።
9591b867-321b-5d86-aafe-7d08e3afcdce,470cddf1-15b8-514c-a4a8-c7b395c6bede,41cf1969-201b-5c4e-a4fe-c68b3a6b6150,21,21,በምድር ላይ ደመናትን የሚሸከሙ ነፋሳትንም አየሁ።
76e73e71-ed88-5ca3-a385-848d815003fd,470cddf1-15b8-514c-a4a8-c7b395c6bede,41cf1969-201b-5c4e-a4fe-c68b3a6b6150,22,22,የመላእክትንም መንገድ አየሁ፤ በምድር ዳርቻም በላይ ያለ ጠፈርን የሚያጸና አድማስን አየሁ።
d038cfa0-ebc9-530d-ae12-24e242f15bb4,470cddf1-15b8-514c-a4a8-c7b395c6bede,41cf1969-201b-5c4e-a4fe-c68b3a6b6150,23,23,ወደ አዜብ፥ ከከበረ ድንጋይም ይልቅ ወደሚያበሩ ወደ ሰባት ተራሮች ሄድሁ።
ec9d2464-51c4-5b21-a543-42f196317dd6,470cddf1-15b8-514c-a4a8-c7b395c6bede,41cf1969-201b-5c4e-a4fe-c68b3a6b6150,24,24,ሦስቱ በምሥራቅ በኩል፥ ሦስቱም በአዜብ በኩል ናቸው። በምሥራቅ በኩል ያለው ግን አንዱ ከቅጥልጣል ዕንቍ ነው፤ አንዱ ከባሕርይ ዕንቍ ነው፤ አንዱም ደምርፅ ከሚባል ዕንቍ ነው፤ በአዜብ በኩል ያለውም ከቀይ ዕንቍ ነው።
ad75d48a-90e6-5b64-a15d-42dc687a2657,470cddf1-15b8-514c-a4a8-c7b395c6bede,41cf1969-201b-5c4e-a4fe-c68b3a6b6150,25,25,መካከለኛው ግን ፔካ ከሚባል ዕንቍ እንደ ተሠራ እንደ እግዚአብሔር ዙፋን እስከ ሰማይ ይደርሳል።
c0ebf307-cbea-5d66-a1a2-2970609db7b7,470cddf1-15b8-514c-a4a8-c7b395c6bede,41cf1969-201b-5c4e-a4fe-c68b3a6b6150,26,26,አጎበሩም ሰንፔር ከሚባል ዕንቍ ነው፤ በተራራው ሁሉ ያለ የሚነድድ እሳትንም አየሁ።
5d53cea5-2cf8-57a7-a395-e2bb7856ba57,470cddf1-15b8-514c-a4a8-c7b395c6bede,41cf1969-201b-5c4e-a4fe-c68b3a6b6150,27,27,በዚያም በታላቅ ምድር መጨረሻ የሚሆን ቦታን አየሁ፤ በዚያም ውኃዎች ይሰበሰባሉ።
9297885d-1b27-597e-a1d6-83f104ab17c0,470cddf1-15b8-514c-a4a8-c7b395c6bede,41cf1969-201b-5c4e-a4fe-c68b3a6b6150,28,28,በሰማይ እሳት ምሰሶዎችም ጥልቅ የሆነ የምድር ጕድጓድን አየሁ።
4fcffb16-85df-56ff-a0af-d6952cc9d673,470cddf1-15b8-514c-a4a8-c7b395c6bede,41cf1969-201b-5c4e-a4fe-c68b3a6b6150,29,29,በውስጣቸውም የሚቃጠሉና የሚወርዱ፥ በላይ በኩልና በታች በኩልም የማይቈጠሩ የሰማይ አዕማድን አየሁ።
ea49199a-e1d1-57be-a1be-3fb80898ca39,470cddf1-15b8-514c-a4a8-c7b395c6bede,41cf1969-201b-5c4e-a4fe-c68b3a6b6150,30,30,በጕድጓዱም ላይ ቦታን አየሁ፥ ለዚያም ቦታ በላይ ጠፈር በታችም የምድር መሠረት የለውም።
82880cf5-e11b-55d5-a0e6-64511fda5537,470cddf1-15b8-514c-a4a8-c7b395c6bede,41cf1969-201b-5c4e-a4fe-c68b3a6b6150,31,31,በላዩም ውኃ የለም፤ ወፎችም የሉበትም፤ ነገር ግን ምድረ በዳ ነው።
8d2d499b-8781-5e0f-a8ef-a2a78cb6e5e9,470cddf1-15b8-514c-a4a8-c7b395c6bede,41cf1969-201b-5c4e-a4fe-c68b3a6b6150,32,32,በዚያም እንደሚቃጠሉ ታላላቅ ተራሮች ሰባት ከዋክብትን በሚያስፈራ ሁኔታ አየሁ።
5a9c7ba1-c050-5164-abca-094e7a6ba1bd,470cddf1-15b8-514c-a4a8-c7b395c6bede,41cf1969-201b-5c4e-a4fe-c68b3a6b6150,33,33,መልአኩም የሚጠይቀኝ መንፈስ እንደ መሆኑ እንዲህ አለኝ- “ይህ ቦታ የሰማይና የምድር መጨረሻ ነው።
f9cf8b54-4677-505e-a2b6-52457e6e67da,470cddf1-15b8-514c-a4a8-c7b395c6bede,41cf1969-201b-5c4e-a4fe-c68b3a6b6150,34,34,ይህም- ለሰማይ ከዋክብትና ለሰማይ ሠራዊት፥ በእሳት ላይ ለሚገለባበጡ ከዋክብትም የግዞት ቤት ሆናቸው።
43963e24-e949-5b6d-a3dc-33db7347eee7,470cddf1-15b8-514c-a4a8-c7b395c6bede,41cf1969-201b-5c4e-a4fe-c68b3a6b6150,35,35,እነዚህም በጊዜያቸው አልመጡምና ከመውጣታቸው አስቀድሞ የእግዚአብሔርን ትእዛዝ የተላለፉ ናቸው።
6329b682-cf3e-5d82-a655-7c533a151342,470cddf1-15b8-514c-a4a8-c7b395c6bede,41cf1969-201b-5c4e-a4fe-c68b3a6b6150,36,36,በምሥጢር ዘመንም እስከ ኀጢአታቸው መጨረሻ ድረስ ተቈጥቶ አጋዛቸው።”
cb0ad067-5b96-5284-a6e6-9b96beda6cac,470cddf1-15b8-514c-a4a8-c7b395c6bede,41cf1969-201b-5c4e-a4fe-c68b3a6b6150,37,37,ዑርኤልም እንዲህ አለኝ- “መላእክት
3067f995-09b5-52a9-a942-65143c7a47d5,470cddf1-15b8-514c-a4a8-c7b395c6bede,41cf1969-201b-5c4e-a4fe-c68b3a6b6150,38,38,መንፈሶቻቸውም ብዙ መልክ ሆነው ሰዎችን ያረክሷቸዋል፤ እስከሚፈጸሙባት እስከ ታላቅዋ የፍርድ ቀን ድረስም እንደ አማልክት ለአጋንንት ይሠዉ ዘንድ ሰዎችን ያስትWaቸዋል።
8467a0a4-0bc0-55b9-a2f1-2a61ad6defe4,470cddf1-15b8-514c-a4a8-c7b395c6bede,41cf1969-201b-5c4e-a4fe-c68b3a6b6150,39,39,ሴቶቻቸውም የሰማይ መላእክትን አስተው እንደ ሰላማውያት ሴቶች ይሆናሉ።”
75017b6a-7ae5-56a0-a506-a96876cb2ffe,470cddf1-15b8-514c-a4a8-c7b395c6bede,41cf1969-201b-5c4e-a4fe-c68b3a6b6150,40,40,እኔ ሄኖክ የሁሉን ፍጻሜ ራእይ ብቻዬን አየሁ፤ እኔም እንዳየሁ ከሰዎች ወገን ያየ የለም።
0d0fb534-0e84-51f7-a5bf-161428421ac8,39cf8dda-1c26-5850-a0f5-6527b3588529,ae1897d1-41f8-5c9b-a6a6-0c4dbd0de30f,1,1,የትጉሃን ቅዱሳን መላእክት ስማቸው ይህ ነው።
5bab3dd3-2029-5169-a667-cc6c50c697a3,39cf8dda-1c26-5850-a0f5-6527b3588529,ae1897d1-41f8-5c9b-a6a6-0c4dbd0de30f,2,2,ከቅዱሳን መላእክት አንዱ ዑርኤል በመብረቅና በነጐድጓድ የተሾመ ነው።
0ed53a83-c897-569d-a04d-16ae634893e8,39cf8dda-1c26-5850-a0f5-6527b3588529,ae1897d1-41f8-5c9b-a6a6-0c4dbd0de30f,3,3,ከቅዱሳን መላእክት አንዱ ሩፋኤል በሰዎች ነፍሳት ላይ የተሾመ ነው።
193bdb80-4137-55f5-a58f-7b943a27ec35,39cf8dda-1c26-5850-a0f5-6527b3588529,ae1897d1-41f8-5c9b-a6a6-0c4dbd0de30f,4,4,ከቅዱሳን መላእክት አንዱ ራጉኤል ስለ ዓለምና ስለ ብርሃናት የሚበቀል ነው።
ff6f835a-d13d-55d7-ad6a-d7ab321e03d8,39cf8dda-1c26-5850-a0f5-6527b3588529,ae1897d1-41f8-5c9b-a6a6-0c4dbd0de30f,5,5,ለሰው በሚያደርገው በጎነት ላይ ለሕዝቡ ታዛዥ ነውና ከቅዱሳን መላእክት አንዱ ሚካኤል ነው።
c3d877ff-7aac-58be-ad40-41d638cc33eb,39cf8dda-1c26-5850-a0f5-6527b3588529,ae1897d1-41f8-5c9b-a6a6-0c4dbd0de30f,6,6,ከቅዱሳን መላእክት አንዱ ሠረቃኤል በሰውነታቸው ኀጢአት በሚሠሩ በሰዎች መናፍስት ላይ የተሾመ ነው።
a65134d9-9e11-56ec-a2a0-ef678cebcdba,39cf8dda-1c26-5850-a0f5-6527b3588529,ae1897d1-41f8-5c9b-a6a6-0c4dbd0de30f,7,7,ከቅዱሳን መላእክት አንዱ ገብርኤል በእባቦች ላይ፥ በገነትና በኪሩቤልም ላይ የተሾመ ነው።
90a56cb1-5593-5f36-af84-669b8591f627,39cf8dda-1c26-5850-a0f5-6527b3588529,ae1897d1-41f8-5c9b-a6a6-0c4dbd0de30f,8,8,የሚሠራ ሥራ እስከሌለበት ቦታ ድረስ ዞርሁ፥ በዚያም የሚያስፈራ ሥራን አየሁ። የተዘጋጀና የሚያስፈራ ምድረ በዳ ነው እንጂ በላይ ጠፈር፥ በታችም መሠረት የለውም።
c338d1fb-7a27-5365-ac48-a75ddcc859a2,39cf8dda-1c26-5850-a0f5-6527b3588529,ae1897d1-41f8-5c9b-a6a6-0c4dbd0de30f,9,9,በዚያም እንደ ታላላቆችና በእሳት እንደሚቃጠሉ ተራሮች በአንድነት በእርሱ ላይ የተጋዙ ሰባት የሰማይ ከዋክብትን አየሁ።
3773b51b-7d7f-595e-acd5-9642f6643046,39cf8dda-1c26-5850-a0f5-6527b3588529,ae1897d1-41f8-5c9b-a6a6-0c4dbd0de30f,10,10,ያንጊዜም “በምን ኀጢአታቸው ታስረው ተግዘዋል? በምንስ ኀጢአታቸው በዚህ ወድቀዋል?” አልሁ።
2954ce3a-f0d8-5b44-a380-efe7e82e2aaf,39cf8dda-1c26-5850-a0f5-6527b3588529,ae1897d1-41f8-5c9b-a6a6-0c4dbd0de30f,11,11,ከእኔም ጋር ያለውና የሚመራኝ ከቅዱሳን መላእክት አንዱ ዑርኤል፥ እንዲህ አለኝ- “ሄኖክ፥ ስለምን ትጠይቃለህ? ስለማንስ ልትረዳ ትፈልጋለህ?
9dcd12b1-487c-53ea-a6df-500ca584fd3f,39cf8dda-1c26-5850-a0f5-6527b3588529,ae1897d1-41f8-5c9b-a6a6-0c4dbd0de30f,12,12,እኒህ የልዑል እግዚአብሔርን ትእዛዝ የተላለፉ መላእክት
cd473372-ca80-5d34-ad3f-56e271b92808,39cf8dda-1c26-5850-a0f5-6527b3588529,ae1897d1-41f8-5c9b-a6a6-0c4dbd0de30f,13,13,ከዚያም ከዚህ ይልቅ ወደሚያስፈራ ወደ ሌላ ቦታ ሄድሁ።
afb5b100-008b-5054-a085-89fe6a672faa,39cf8dda-1c26-5850-a0f5-6527b3588529,ae1897d1-41f8-5c9b-a6a6-0c4dbd0de30f,14,14,በዚያም የሚያስፈራ ሥራን አየሁ፤ በዚያም የሚነድድና የሚንበለበል ታላቅ ቋያ አለ፤ መጋዝም አለበት፥ ወሰኑም እስከ መጨረሻው ውቅያኖስ ነው።
cb234755-7731-5d28-ad21-b53aafba3592,39cf8dda-1c26-5850-a0f5-6527b3588529,ae1897d1-41f8-5c9b-a6a6-0c4dbd0de30f,15,15,ወደዚያው የሚያወርዷቸው ታላላቅ የእሳት አዕማድም አሉ፥ መጠኑንና ከፍታውንም ለማየት አልቻልሁም፤ ዐይኑንም ማየት ተሳነኝ።
9152f9a0-948b-52fe-a579-c460950bbfd5,39cf8dda-1c26-5850-a0f5-6527b3588529,ae1897d1-41f8-5c9b-a6a6-0c4dbd0de30f,16,16,ያንጊዜም “ይህ ቦታ እንዴት የሚያስፈራ ነው? ለማየትም ደዌ ነው” አልሁ።
43399e6c-cb02-5fca-ad9b-2717daba3777,39cf8dda-1c26-5850-a0f5-6527b3588529,ae1897d1-41f8-5c9b-a6a6-0c4dbd0de30f,17,17,ያንጊዜም ከእኔ ጋር ያለው ከቅዱሳን መላእክት አንዱ ዑርኤል መለሰልኝ እንዲህም አለኝ-
947c7af7-74e1-5dc2-a9da-2c0a55eab337,39cf8dda-1c26-5850-a0f5-6527b3588529,ae1897d1-41f8-5c9b-a6a6-0c4dbd0de30f,18,18,“ሄኖክ፥ እንደዚህ መፍራትህ ምንድን ነው? ስለዚህ ስለሚያሰፈራው ቦታስ፥ በዚህ መከራ ፊት መደንገጥህ ምንድን ነው?
876389eb-acd3-5609-adb1-8ce6fd26a56f,39cf8dda-1c26-5850-a0f5-6527b3588529,ae1897d1-41f8-5c9b-a6a6-0c4dbd0de30f,19,19,እንዲህም አለኝ- ይህ ቦታ ለመላእክት የግዞት ቤታቸው ነው፤ በዚያም እስከ ዘለዓለም ድረስ ይጋዛሉ።”
778c1b53-6e0a-5187-a95c-e815054f8e89,39cf8dda-1c26-5850-a0f5-6527b3588529,ae1897d1-41f8-5c9b-a6a6-0c4dbd0de30f,20,20,ከዝያም ወደ ሌላ ቦታ ሄድሁ፤ በምዕራብ ረጅምና ታላቅ ተራራን፥ የጸና ዓለትንም አሳየኝ።
677e8d1a-af34-5de7-a235-8219e485b7af,39cf8dda-1c26-5850-a0f5-6527b3588529,ae1897d1-41f8-5c9b-a6a6-0c4dbd0de30f,21,21,ባጠገቡም ያማሩ አራት ቦታዎች አሉ፤ በውስጡም ጥልቅና ሰፊ፥ እንደሚያድጥ ልሙጥ ነገርም ፈጽሞ ልሙጥ አለ፤ ለማየትም ጥልቅና ጨለማ ነው።
f5e11ba2-7df2-5cf1-a417-d12aac189ddd,39cf8dda-1c26-5850-a0f5-6527b3588529,ae1897d1-41f8-5c9b-a6a6-0c4dbd0de30f,22,22,ያንጊዜም ከቅዱሳን መላእክት አንዱ ከእኔ ጋር ያለው ሩፋኤል መለሰልኝ።
acbd5fc9-da99-5572-a3d4-9ba69d38c7df,39cf8dda-1c26-5850-a0f5-6527b3588529,ae1897d1-41f8-5c9b-a6a6-0c4dbd0de30f,23,23,እንዲህም አለኝ- “እኒህ ያማሩ ቦታዎች የሞቱ ሰዎች ነፍሳት ሊሰበሰቡባቸው እነዚህ ለእነርሱ ተፈጠሩላቸው፤ የሰው ልጆች ነፍሳትንም ሁሉ በዚያ ይሰበስባሉ።
d7df5286-2791-53a9-adf9-85c38809731d,39cf8dda-1c26-5850-a0f5-6527b3588529,ae1897d1-41f8-5c9b-a6a6-0c4dbd0de30f,24,24,እስከ ፍርዳቸው ቀንና እስከ ቀጠሮአቸው ጊዜ ድረስ እነርሱን የሚያኖሩባቸውን እነዚህን ቦታዎች ሠሩ።
5e5d8d9f-9497-5a7a-a1e4-7106c36790c3,39cf8dda-1c26-5850-a0f5-6527b3588529,ae1897d1-41f8-5c9b-a6a6-0c4dbd0de30f,25,25,ይኸውም በእነርሱ ላይ እስከሚሆነው ታላቅ መከራ ድረስ ብዙ ዘመን ነው።”
a595ed26-1723-53c3-ae52-61463122b6ed,39cf8dda-1c26-5850-a0f5-6527b3588529,ae1897d1-41f8-5c9b-a6a6-0c4dbd0de30f,26,26,የሰዎች ልጆች ነፍሳትንም አየሁ፤ እነርሱም ሙተው ሳሉ ቃላቸው እስከ ሰማይ ይደርሳል፤ ይከስሳልም።
992839aa-3921-5fde-af4a-a2cf8ca0d892,39cf8dda-1c26-5850-a0f5-6527b3588529,ae1897d1-41f8-5c9b-a6a6-0c4dbd0de30f,27,27,ያንጊዜም ከእኔ ጋር ያለውን ሩፋኤልን ጠየቅሁት፤ እንዲህም አልሁት- “ቃሉ እስከ ሰማይ የሚደርስና የሚከስ ይኸ ነፍስ የማን ነው?”
c145c4b9-8fdd-56de-a9ef-a1fd180e3817,39cf8dda-1c26-5850-a0f5-6527b3588529,ae1897d1-41f8-5c9b-a6a6-0c4dbd0de30f,28,28,እርሱም መለሰልኝ እንዲህም አለኝ- “ይህ ነፍስ ወንድሙ ቃየል በግፍ ከገደለው ከአቤል የወጣ ነው፤ ዘሩ ከምድር ፊት እስኪጠፋ ድረስ፥ የልጅ ልጁም ከሰው ዘር ተለይቶ እስኪጠፋ ድረስ እርሱን ይከስሳል።”
4e702b55-2676-5be1-a0a6-37612f053d84,39cf8dda-1c26-5850-a0f5-6527b3588529,ae1897d1-41f8-5c9b-a6a6-0c4dbd0de30f,29,29,ያንጊዜም ስለ እርሱና ስለ ሁሉም ፍርድ ጠየቅሁ፤ “ለምንስ አንዱ ካንዱ ተለየ?” አልሁ።
ac1f0766-71ef-553f-aad9-cf82fadfdbaf,39cf8dda-1c26-5850-a0f5-6527b3588529,ae1897d1-41f8-5c9b-a6a6-0c4dbd0de30f,30,30,እርሱም መለሰልኝ እንዲህም አለኝ- “እነዚህ ሦስቱ የሞቱ ሰዎች ነፍሳትን ይለዩ ዘንድ ተፈጠሩ፥ የጻድቃንም ነፍስ እንደዚህ ተለየ፤ ይህም በላዩ ብርሃን ያለበት የውኃ ምንጭ ነው።
06707e84-8327-5702-a42e-7c3c4066e500,39cf8dda-1c26-5850-a0f5-6527b3588529,ae1897d1-41f8-5c9b-a6a6-0c4dbd0de30f,31,31,እንደዚሁም ለኃጥአን በሚሞቱበትና በምድር በሚቀበሩበት ጊዜ ሊኖሩበት ቦታ ተፈጠረላቸው።
71cc6bf2-fa4b-5ed4-a2d9-946ec2b11f26,39cf8dda-1c26-5850-a0f5-6527b3588529,ae1897d1-41f8-5c9b-a6a6-0c4dbd0de30f,32,32,በሕይወተ ሥጋ ሳሉ በእነርሱ ላይ ፍርድ አልተደረገባቸውም።
5c807038-e774-5967-a995-b5dda05a5866,39cf8dda-1c26-5850-a0f5-6527b3588529,ae1897d1-41f8-5c9b-a6a6-0c4dbd0de30f,33,33,እስከ ታላቅዋም የፍርድ ቀን ድረስ በዚች ታላቅ ጭንቅ ላይ በዚያ ቦታ ነፍሶቻቸው ይለያሉ፤ ለሚራገሙም ሰዎች እስከ ዘለዓለም መቅሠፍትና ጭንቅ አለባቸው፤ ለነፍሳቸውም በቀል አለባት።
d6a497e2-b412-5551-abda-1b4a8536f502,39cf8dda-1c26-5850-a0f5-6527b3588529,ae1897d1-41f8-5c9b-a6a6-0c4dbd0de30f,34,34,በዚያም ምንም እንኳ ከዓለም ጀምሮ ቢሆንም እስከ ዘለዓለሙ አስሮ ያግዛቸዋል፤
2233f4ec-ec69-5f26-a338-c99e668a1c26,39cf8dda-1c26-5850-a0f5-6527b3588529,ae1897d1-41f8-5c9b-a6a6-0c4dbd0de30f,35,35,እንደዚሁም ለሚከስሱና በኃጥኣን ዘመን በተገደሉ ጊዜ ስለ ጥፋት ለሚያመለክቱ ሰዎች ነፍስ ቦታ ተለየ።
702050f7-6d9c-5367-ac79-9fe1ced07904,39cf8dda-1c26-5850-a0f5-6527b3588529,ae1897d1-41f8-5c9b-a6a6-0c4dbd0de30f,36,36,እንደዚሁም ፍጹማን በደለኞች ኃጥአንን እንጂ ጻድቃንን ላልሆኑ ለክፉዎች ሰዎች ነፍስም ቦታ ተፈጠረ፤ ከበደለኞችም ጋር እንደ እነርሱ ይሆናሉ።
afcfccc1-1379-521e-ac87-fd40ab3560d1,39cf8dda-1c26-5850-a0f5-6527b3588529,ae1897d1-41f8-5c9b-a6a6-0c4dbd0de30f,37,37,ነፍሳቸው ግን በፍርድ ቀን አትገደልም፤ ከዚህም አይነሡም።”
5b9ffdc9-c6d0-58d0-afa8-567a73b3ff44,39cf8dda-1c26-5850-a0f5-6527b3588529,ae1897d1-41f8-5c9b-a6a6-0c4dbd0de30f,38,38,ያንጊዜም የክብር ጌታን አመሰገንሁት፤ እስከ ዘለዓለሙ ድረስ ሁሉን የሚችል የክብርና የጽድቅ ጌታዬም የተመሰገነ ነው አልሁ።
2836fafd-9fd0-5cfb-a801-a9a20c2b496a,39cf8dda-1c26-5850-a0f5-6527b3588529,ae1897d1-41f8-5c9b-a6a6-0c4dbd0de30f,39,39,ከዚያም እስከ ምድር ዳርቻ ድረስ በምዕራብ በኩል ወደ ሌላ ቦታ ሄድሁ።
cd00136c-931b-5e67-a81c-80e6fdd9500a,39cf8dda-1c26-5850-a0f5-6527b3588529,ae1897d1-41f8-5c9b-a6a6-0c4dbd0de30f,40,40,ሳያርፍ የሚነድና የሚሮጥ እሳትንም አየሁ፤ መቸም መች እንዲሁ ነው እንጂ በሌትና በቀን ከሩጫው አይገታም።
67ee6047-a54b-5bdd-a112-74476554e8d6,39cf8dda-1c26-5850-a0f5-6527b3588529,ae1897d1-41f8-5c9b-a6a6-0c4dbd0de30f,41,41,“ይህ ዕረፍት የሌለው ምንድን ነው?” ብዬ ጠየቅሁ።
d0d509ba-3f8c-5e20-a989-ee7b61dcdccc,39cf8dda-1c26-5850-a0f5-6527b3588529,ae1897d1-41f8-5c9b-a6a6-0c4dbd0de30f,42,42,ያንጊዜም ከእኔ ጋር ያለው ከቅዱሳን መላእክት አንዱ ራጉኤል መለሰልኝ፥ እንዲህም አለኝ- “ወደ ምዕራብ ሲሮጥ ሩጫውን ያየኸው ይህ የሚነድ እሳት የሰማይ ብርሃን ሁሉ ነው።”
318b35bc-0c78-5a1e-a041-52f12a020a4d,b968ec6d-af49-5627-ab61-5182119fd807,f5183d08-2225-582a-a255-edbcfb3ef783,1,1,ከዚያም ወደ ሌላ ምድራዊ ቦታ ሄድሁ፤ በቀንና በሌሊት የሚቃጠል የእሳት ተራራንም አሳየኝ።
cfbcd718-9995-5a52-a96b-2034d56adf68,b968ec6d-af49-5627-ab61-5182119fd807,f5183d08-2225-582a-a255-edbcfb3ef783,2,2,በዚያም በኩል ሄድሁ፥ የከበሩ ሰባት ተራሮችንም አየሁ።
a65b67e4-cf69-55c3-a119-a35addada2bf,b968ec6d-af49-5627-ab61-5182119fd807,f5183d08-2225-582a-a255-edbcfb3ef783,3,3,ሁሉም አንዱ ካንዱ ልውጥ ነው፤ የከበሩና ያማሩ ድንጋዮችንም አየሁ፥ ሁሉም የከበረ ነው።
8e8e43e2-af42-5e2b-ac94-25ea0a17190e,b968ec6d-af49-5627-ab61-5182119fd807,f5183d08-2225-582a-a255-edbcfb3ef783,4,4,መልካቸውም የበራ ነው፥ ፊታቸውም ያማረ ነው፥ ሦስቱም በምሥራቅ በኩል ናቸው፥ አንዱም ባንዱ ላይ የጸኑ ናቸው።
c3912a4c-7f08-517c-a1cf-9080c542967f,b968ec6d-af49-5627-ab61-5182119fd807,f5183d08-2225-582a-a255-edbcfb3ef783,5,5,ሦስቱም በሰሜን በኩል ናቸው፤ አንዱም ባንዱ ላይ የጸኑ ናቸው፤ ጥልቆች ቆላዎችም አሉ፥ ጠማሞችም ናቸው፥ አንዲቱም አንዲቱን አትቀርባትም።
01c330f2-343a-51a3-a8a7-a84dc03eb921,b968ec6d-af49-5627-ab61-5182119fd807,f5183d08-2225-582a-a255-edbcfb3ef783,6,6,ሰባተኛውም ተራራ በእነዚህ መካከል ነው፥ ቁመታቸው ግን እንደ አትሮንስ ወንበር ሁሉም ይመሳሰላሉ።
59d361f8-de00-54eb-a00d-cb26b8e197f6,b968ec6d-af49-5627-ab61-5182119fd807,f5183d08-2225-582a-a255-edbcfb3ef783,7,7,መዓዛ ያላቸው ዛፎችም ይከቡታል፤ በመካከላቸውም አንድ ዛፍ አለ፥ ከእነርሱ አንዱ ስንኳ ለእኔ የሸተተበት ጊዜ ከቶ የለም።
09df83b8-2397-54ef-ad1e-fd2eb543ef34,b968ec6d-af49-5627-ab61-5182119fd807,f5183d08-2225-582a-a255-edbcfb3ef783,8,8,እንደ እርሱም ያሉ ሌሎች አይሸቱም፤ ከሸቱውም ሁሉ ይልቅ ይሸታል።
cc388523-dfcf-5381-a046-dd1aeb4f32a9,b968ec6d-af49-5627-ab61-5182119fd807,f5183d08-2225-582a-a255-edbcfb3ef783,9,9,ቅጠሉና አበባው፥ እንጨቱም ለዘለዓለም አይጠወልግም።
068fa1f4-b209-5073-aa40-07d647b4b4e2,b968ec6d-af49-5627-ab61-5182119fd807,f5183d08-2225-582a-a255-edbcfb3ef783,10,10,ፍሬውም ያማረ ነው፤ ፍሬው ግን እንደ ዘንባባ ፍሬ ነው።
14f9149d-60d7-5cdf-aba6-b83655822bfa,b968ec6d-af49-5627-ab61-5182119fd807,f5183d08-2225-582a-a255-edbcfb3ef783,11,11,ያንጊዜም “ይህ ዛፍ እነሆ፥ ያማረ ነው፥ ለማየትም ያማረ ነው፥ ቅጠሉም መልካም ነው፥ ፍሬውም ለማየት ፈጽሞ የተወደደ ነው” አልሁ።
8ce8e194-2344-5602-acdb-8d5cc64e6f73,b968ec6d-af49-5627-ab61-5182119fd807,f5183d08-2225-582a-a255-edbcfb3ef783,12,12,ያንጊዜም ከእኔ ጋር ያለው፥ በላያቸውም የተሾመው ከቅዱሳንና ከክቡራን መላእክት አንዱ ሚካኤል መለሰልኝ።
c4f941d1-6815-54a2-a13a-2532449f32d6,b968ec6d-af49-5627-ab61-5182119fd807,f5183d08-2225-582a-a255-edbcfb3ef783,13,13,እንዲህም አለኝ- “ሄኖክ፥ ስለዚህ ዛፍ ሽታ ለምን ትጠይቃለህ? ልታውቅስ ስለምን ትመራመራለህ?”
1dd9429f-2ff8-5eec-a85d-58ba4a476cba,b968ec6d-af49-5627-ab61-5182119fd807,f5183d08-2225-582a-a255-edbcfb3ef783,14,14,ያንጊዜም እኔ ሄኖክ እንዲህ ብዬ መለስሁለት- “ስለ ሁሉ ላውቅ እወዳለሁ፥ ይልቁንም ስለዚህ ዛፍ ላውቅ እወዳለሁ።”
7ff8d4d2-094f-5cdc-aaa2-c7b38dac5a54,b968ec6d-af49-5627-ab61-5182119fd807,f5183d08-2225-582a-a255-edbcfb3ef783,15,15,እርሱም እንዲህ ብሎ መለሰልኝ- “ይህ ያየኸው፥ ራሱ የጌታን ዙፋን የሚመስለው ረጅም ተራራ፥ ቅዱሱና ታላቁ የዘለዓለም ንጉሥ የክብር ጌታ ምድርን በበጎ ሊጐበኛት በወረደ ጊዜ የሚቀመጥበት ዙፋኑ ነው።
2c1c5ae8-99b0-5f9a-adae-3ee0e9ba8054,b968ec6d-af49-5627-ab61-5182119fd807,f5183d08-2225-582a-a255-edbcfb3ef783,16,16,ይህንም የመልካም መዓዛ ዛፍ ጌታ ሁሉን እስከሚበቀልበት እስከ ታላቁ የፍርድ ጊዜና ለዘለዓለም እስከሚፈጸምበት ጊዜ ድረስ አንድ ሰው እንኳ ሊነካው ሥልጣን የለውም።
5459bcf9-9c83-5beb-a889-7472a4cb9241,b968ec6d-af49-5627-ab61-5182119fd807,f5183d08-2225-582a-a255-edbcfb3ef783,17,17,ይህም ለጻድቃንና ለትሑታን ይሰጣል፤ ከፍሬውም ለተመረጡ ሰዎች ሕይወት ይሰጣል።
09c3f6da-4498-550e-adff-009eb2ead0da,b968ec6d-af49-5627-ab61-5182119fd807,f5183d08-2225-582a-a255-edbcfb3ef783,18,18,በዘለዓለማዊው ንጉሥ በጌታ ቤት አንጻር በመስዕ በኩል በቅዱስ ቦታ ይተከላል።
26d2c2b3-b68d-519f-af18-1dee634d88f9,b968ec6d-af49-5627-ab61-5182119fd807,f5183d08-2225-582a-a255-edbcfb3ef783,19,19,ያንጊዜም ደስ ይላቸዋል፥ ሐሤትንም ያደርጋሉ።
dc993123-f034-5f1d-ad65-f9531c3dc82d,b968ec6d-af49-5627-ab61-5182119fd807,f5183d08-2225-582a-a255-edbcfb3ef783,20,20,በየወገናቸውም በቅዱስ ቦታ ሽቱን ያቀርቡለታል፥ አባቶችህ ብዙ ዘመን እንደ ኖሩ እነርሱም በምድር ላይ ብዙ ዘመን ይኖራሉ።
9030f334-b2ed-5c19-af09-945498e578e5,b968ec6d-af49-5627-ab61-5182119fd807,f5183d08-2225-582a-a255-edbcfb3ef783,21,21,በዘመናቸውም ኀዘንና መከራ፥ ድካምና መቅሠፍት አይዳስሳቸውም።”
69666c3f-6949-59f3-a614-71c95a0f1698,b968ec6d-af49-5627-ab61-5182119fd807,f5183d08-2225-582a-a255-edbcfb3ef783,22,22,ለጻድቃን ሰዎች እንደዚህ አዘጋጅትWaልና፥ እንደዚህም ፈጥሮ ይስጧቸው ብሏልና የዘለዓለም ንጉሥ የክብር ጌታን አመሰገንሁት።
54572710-d5df-53ba-a1df-2f4f39ad5df8,b968ec6d-af49-5627-ab61-5182119fd807,f5183d08-2225-582a-a255-edbcfb3ef783,23,23,ከዚያም ወደ ምድር መካከል ሄድሁ፥ የተባረከና የለመለመ፥ ከተቈረጠ ዛፍም አቈጥቍጠው የሚኖሩ ቅርንጫፎች የጋረዱት ቦታን አየሁ።
6497cb38-f412-52c9-a501-227b16023260,b968ec6d-af49-5627-ab61-5182119fd807,f5183d08-2225-582a-a255-edbcfb3ef783,24,24,በዚያም ቅዱስ ተራራን አየሁ፥ ከተራራውም በታች በምሥራቁ በኩል ውኃ አለ፤ የሚፈስሰውም ወደ ሰሜን ነው።
00a316ca-7764-5439-a2c8-2bf2dc645c39,b968ec6d-af49-5627-ab61-5182119fd807,f5183d08-2225-582a-a255-edbcfb3ef783,25,25,በምሥራቅም በኩል ከዚህ የሚረዝም ሌላ ተራራን አየሁ።
1ef6f9dd-14d6-5963-a5bd-69afa76ea16c,b968ec6d-af49-5627-ab61-5182119fd807,f5183d08-2225-582a-a255-edbcfb3ef783,26,26,በመካከላቸውም ጥልቅ ሸለቆ አለ። ስፋትም የለውም፤ በእርስዋም ውኃ ወደ ተራራው ይፈስሳል።
c4388445-1ab9-516b-a129-0a08fd141548,b968ec6d-af49-5627-ab61-5182119fd807,f5183d08-2225-582a-a255-edbcfb3ef783,27,27,በዚህም በሁለተኛው ተራራ ምዕራብ በኩል ከእርሱ የሚያንስ ተራራ አለ። ርዝመትም የለውም፥ በመካከላቸውም በበታቹ ሸለቆ አለ።
306b5d2a-2d86-5843-aa33-c761974af961,b968ec6d-af49-5627-ab61-5182119fd807,f5183d08-2225-582a-a255-edbcfb3ef783,28,28,በሦስቱ ተራሮች ዳርቻ በኩልም ጥልቅ የሆኑና የደረቁ ሌሎች ሸለቆዎች አሉ።
c9faafda-3cdb-59b8-acc0-05be0c3442c3,b968ec6d-af49-5627-ab61-5182119fd807,f5183d08-2225-582a-a255-edbcfb3ef783,29,29,ሸለቆዎች ሁሉ ጥልቆች ናቸው፥ ከጽኑ ዓለት ድንጋይ የተነሣም ስፋት የላቸውም።
f288a69b-36d6-5793-ad80-b23d034acb53,b968ec6d-af49-5627-ab61-5182119fd807,f5183d08-2225-582a-a255-edbcfb3ef783,30,30,በእነርሱ ላይም ዛፍ ይተከላል፥ ስለ ዓለቱም አደነቅሁ፥ ስለ ሸለቆውም አደነቅሁ፤ እጅግም አደነቅሁ።
024f0b52-3595-593a-a507-07502d2f459a,b968ec6d-af49-5627-ab61-5182119fd807,f5183d08-2225-582a-a255-edbcfb3ef783,31,31,ያንጊዜም እንዲህ አልሁ- “የተባረከችና ሁለመናዋ ዛፎችን የተመላች ይህች ምድር ስለምን ናት?
874e21d8-1c1b-5fe0-a959-e50aa3a03e0d,b968ec6d-af49-5627-ab61-5182119fd807,f5183d08-2225-582a-a255-edbcfb3ef783,32,32,ይህችስ በመካከላቸው የተረገመች ሸለቆ ስለምን ናት?”
69de53a0-2741-5fb2-a255-389b62c523b8,b968ec6d-af49-5627-ab61-5182119fd807,f5183d08-2225-582a-a255-edbcfb3ef783,33,33,ያንጊዜም ከእኔ ጋራ ያለው ከቅዱሳን መላእክት አንዱ ዑራኤል መለሰልኝ እንዲህም አለኝ- “ይህች የተረገመች ሸለቆ እስከ ዘለዓለሙ ለተረገሙ ናት።
2d13f1ea-7c94-5ea6-a7d5-cfc4f98c34b2,b968ec6d-af49-5627-ab61-5182119fd807,f5183d08-2225-582a-a255-edbcfb3ef783,34,34,በአንደበታቸውም በእግዚአብሔር ላይ የማይገባ ነገርን የሚናገሩ ሁሉ በዚያ ቦታ ይሰበሰባሉ።
75d3f973-9480-540b-a8b7-3ec98d75585b,b968ec6d-af49-5627-ab61-5182119fd807,f5183d08-2225-582a-a255-edbcfb3ef783,35,35,ስለ ክብሩም ጭንቅ ነገርን ስለ ተናገሩ በዚያ ይሰበሰባሉ፤ በኋለኛውም ዘመን ፍርዳቸው በዚያ ይሆናል።
a90fec47-aa43-5869-a979-d3411ab161ab,b968ec6d-af49-5627-ab61-5182119fd807,f5183d08-2225-582a-a255-edbcfb3ef783,36,36,በእውነት የሚሆን የፍርድ ዐይነትም በጻድቃን ፊት ለዘለዓለም በእነርሱ ላይ ይሆናል።
04071646-53a4-50fa-a53d-5cd8818ddf4f,b968ec6d-af49-5627-ab61-5182119fd807,f5183d08-2225-582a-a255-edbcfb3ef783,37,37,ምሕረትን የሚያደርጉም- የዘለዓለም ንጉሥ የክብር ጌታን በዘመኑ ሁሉ በዚያ ያመሰግኑታል።
278f6c73-c553-5647-a3bb-aad3bf8a5cc1,b968ec6d-af49-5627-ab61-5182119fd807,f5183d08-2225-582a-a255-edbcfb3ef783,38,38,በተፈረደባቸውም ወራት እንዳደላቸው በቸርነቱ ያመሰግኑታል።”
318628a1-2843-5c2f-ae7f-b2f54a78de24,b968ec6d-af49-5627-ab61-5182119fd807,f5183d08-2225-582a-a255-edbcfb3ef783,39,39,እኔም ያንጊዜ የክብር ጌታን አመሰገንሁት፥ ለገናናነቱም እንደሚገባ ተናገርሁለት፥ ስሙንም ጠራሁ።
43568da5-7d6b-59f0-a67e-5a75b7c2979b,3c679a4b-42dd-5c98-a059-47c5b1d2d335,efd76f3d-d2f8-5e80-a523-7c45a5c73641,1,1,ከዚያም በመድበራ ተራራ መካከል ወደ ምሥራቅ ሄድሁ።
309a3bbb-76e2-5ac4-a605-3084bb2751fe,3c679a4b-42dd-5c98-a059-47c5b1d2d335,efd76f3d-d2f8-5e80-a523-7c45a5c73641,2,2,ምድረ በዳውንም ብቻ አየሁ።
8d24e3b5-ff9c-51a4-abd7-bf9f0da8af63,3c679a4b-42dd-5c98-a059-47c5b1d2d335,efd76f3d-d2f8-5e80-a523-7c45a5c73641,3,3,ነገር ግን ከዚህ ዘር ዛፎችን የተመላ ነው።
35781b11-97cf-54d7-a7b0-5dead2bfcaff,3c679a4b-42dd-5c98-a059-47c5b1d2d335,efd76f3d-d2f8-5e80-a523-7c45a5c73641,4,4,ውኃም ከወደ ላይ ይመነጫል፤ ሻሻቴውም በዝቶ እንደሚንሻሽ በላዩ ይታያል።
82e5a8ce-07bd-5794-a424-727b0f82b1bc,3c679a4b-42dd-5c98-a059-47c5b1d2d335,efd76f3d-d2f8-5e80-a523-7c45a5c73641,5,5,በመስዕ በኩል እንደሚፈስስ ወደ ምዕራብ ይፈስሳል፤ ከአራቱም ማዕዘን ይወጣል፥ ከዚያም ውኃና ጠል አለ።
53cfe525-80ff-52c2-acfd-d6d0ec95b286,3c679a4b-42dd-5c98-a059-47c5b1d2d335,efd76f3d-d2f8-5e80-a523-7c45a5c73641,6,6,ከመድበራም ወደ ሌላ ቦታ ሄጄ ወደዚህ ተራራ ምሥራቅ ቀረብሁ።
28ff640c-864c-58cd-ac51-2de3326c2190,3c679a4b-42dd-5c98-a059-47c5b1d2d335,efd76f3d-d2f8-5e80-a523-7c45a5c73641,7,7,በዚያም የፍርድ እንጨቶችን አየሁ፤ ይልቁንም የነጭ ዕጣንና የከርቤ መዓዛ ያላቸውን ዛፎች አየሁ፥ ዛፎቹም አይመሳሰሉም።
334ebd5e-5e38-5e4e-a6bb-2561e58c208a,3c679a4b-42dd-5c98-a059-47c5b1d2d335,efd76f3d-d2f8-5e80-a523-7c45a5c73641,8,8,በእርሱ ላይ፥ በእነርሱም ላይ፥ ሩቅም ባይደለ በምሥራቅ ተራራ ላይ፥
2d23c465-33fa-5188-abd3-5222ea4fe3af,3c679a4b-42dd-5c98-a059-47c5b1d2d335,efd76f3d-d2f8-5e80-a523-7c45a5c73641,9,9,የማይገታ ውኃ ያለባቸው የሸለቆዎችን ሌላ ቦታ አየሁ።
178f07ba-91c8-5dc2-aa7e-1dfd2587ed3f,3c679a4b-42dd-5c98-a059-47c5b1d2d335,efd76f3d-d2f8-5e80-a523-7c45a5c73641,10,10,ያማረ ዛፍንም አየሁ፤ ሽታውም እንደ ለውዝ ሽታ ነው።
c8f8f44a-aebd-55df-ab61-0193d1b06002,3c679a4b-42dd-5c98-a059-47c5b1d2d335,efd76f3d-d2f8-5e80-a523-7c45a5c73641,11,11,በእነዚህ ሸለቆዎች አጠገብም መዓዛ ያለው ሽቱን አየሁ።
edda9058-3c60-55ed-a4e5-ae1ee8c0b60e,3c679a4b-42dd-5c98-a059-47c5b1d2d335,efd76f3d-d2f8-5e80-a523-7c45a5c73641,12,12,ከእነዚህም በላይ ወደ ምሥራቅ ቀረብሁ፥ በውስጡ ዛፎች ያሉበት ሌላ ተራራንም አየሁ።
2c989cab-d26a-5561-a905-9c21ac7cd0af,3c679a4b-42dd-5c98-a059-47c5b1d2d335,efd76f3d-d2f8-5e80-a523-7c45a5c73641,13,13,ከእርሱም ስሙ ሰሪራ፥ ከልበኔም እንደሚባል እንደ ነቄጥሮ ያለ ውኃ ይፈስሳል።
0a0062ca-5bc9-5b33-ac1f-72f2222c6308,3c679a4b-42dd-5c98-a059-47c5b1d2d335,efd76f3d-d2f8-5e80-a523-7c45a5c73641,14,14,በዚያም ተራራ ላይ ሌላ ተራራን አየሁ፤ በውስጡም ዋግራ የሚባሉ ዛፎች አሉበት።
9f20f7b5-dff5-5937-a7f4-6714517b137d,3c679a4b-42dd-5c98-a059-47c5b1d2d335,efd76f3d-d2f8-5e80-a523-7c45a5c73641,15,15,እነዚያም ዛፎች እንደ ከርካዕ ምሉኣንና ጽኑዓን ናቸው፤ ይህንም ፍሬ በያዙት ጊዜ ከሽቱ ሁሉ ይበልጣል።
98446338-2278-5ddc-a142-235d9ff8d168,3c679a4b-42dd-5c98-a059-47c5b1d2d335,efd76f3d-d2f8-5e80-a523-7c45a5c73641,16,16,ከእነዚህም ሽቱዎች በኋላ በተራሮች ላይ ወደ መስዕ ስመለከት፥
f95ce365-b743-5e3b-a14b-4e54ec53b5b9,3c679a4b-42dd-5c98-a059-47c5b1d2d335,efd76f3d-d2f8-5e80-a523-7c45a5c73641,17,17,ያማረ ሽቱን፥ ቀናንሞስና ፕፕሬ የሚባል መዓዛ ያላቸው ዛፎችንም የተመሉ ሰባት ተራራዎችን አየሁ።
bfb0d678-af57-5aac-a246-3817064ff7cd,3c679a4b-42dd-5c98-a059-47c5b1d2d335,efd76f3d-d2f8-5e80-a523-7c45a5c73641,18,18,ከዚያም በእነዚያ ተራሮች ራስ ላይ ርቄ ወደ ምሥራቅ ሄድሁ።
4d2d4cb1-e411-5f29-aa27-6d0f6a49930a,3c679a4b-42dd-5c98-a059-47c5b1d2d335,efd76f3d-d2f8-5e80-a523-7c45a5c73641,19,19,በኤርትራ ባሕርም ሄድሁ፤ ከዚያም የራቅሁ ሆንሁ።
48b5d7ae-522e-56e3-a563-08eb04e3cf26,3c679a4b-42dd-5c98-a059-47c5b1d2d335,efd76f3d-d2f8-5e80-a523-7c45a5c73641,20,20,ዙጡኤል በሚባል መልአክ ላይም አልፌ ሄድሁ፤ ወደ ጽድቅ ገነትም መጣሁ።
3d3cccbe-1920-55ac-ac7f-0ccac7545eb5,3c679a4b-42dd-5c98-a059-47c5b1d2d335,efd76f3d-d2f8-5e80-a523-7c45a5c73641,21,21,ከእነዚህ ዛፎችም ወዲያ ብዙዎችንና ታላላቆች ዛፎችን በዚያ በቅለው አየሁ።
84935ed4-4771-512e-ad59-adf0bdf186af,3c679a4b-42dd-5c98-a059-47c5b1d2d335,efd76f3d-d2f8-5e80-a523-7c45a5c73641,22,22,ሽታቸውም ያማረ ሲሆን ታላላቆች ነበሩ። ብርሃናቸውም ብዙ ነው፤ እነርሱም ያበራሉ።
9fe28f16-73d2-534b-a9ad-6e3b0051d579,3c679a4b-42dd-5c98-a059-47c5b1d2d335,efd76f3d-d2f8-5e80-a523-7c45a5c73641,23,23,ከእርሱም በልተው ታላቅዋን ጥበብ የሚያውቁበት የጥበብ ዛፍን አየሁ፤ እርሱም ተረርቃሞ ይመስላል።
5c40d1c6-93bf-50ae-a134-68801f76c6c1,3c679a4b-42dd-5c98-a059-47c5b1d2d335,efd76f3d-d2f8-5e80-a523-7c45a5c73641,24,24,ፍሬውም እንደ ወይን ዘለላ እጅግ ያማረ ነው፤ የዚያም ዛፍ ሽታው ሄዶ ከሩቅ ይደርሳል።
feb9c162-7247-593b-a5c4-7be7c3602daa,3c679a4b-42dd-5c98-a059-47c5b1d2d335,efd76f3d-d2f8-5e80-a523-7c45a5c73641,25,25,እንዲህም አልሁ- “ይህ ዛፍ መልካም ነው፤ መልኩም ያማረና ደስ የሚያሰኝ ነው።”
b6162d10-7422-571c-a5a6-6c9387631a94,3c679a4b-42dd-5c98-a059-47c5b1d2d335,efd76f3d-d2f8-5e80-a523-7c45a5c73641,26,26,ከእኔ ጋራ ያለው መልአክ ቅዱስ ሩፋኤልም መለሰልኝ፥ እንዲህም አለኝ-
5be57c6d-61c6-590a-ae3b-fbcd406834d1,3c679a4b-42dd-5c98-a059-47c5b1d2d335,efd76f3d-d2f8-5e80-a523-7c45a5c73641,27,27,“የቀደሙህ ሽማግሌው አባትህና ባልቴቷ እናትህ ከእርሱ የበሉ የጥበብ ዛፍ ይህ ነው።
2bba1722-db5b-5752-ac7f-1213cbd96172,3c679a4b-42dd-5c98-a059-47c5b1d2d335,efd76f3d-d2f8-5e80-a523-7c45a5c73641,28,28,ጥብብንም ዐወቋት፤ ዐይኖቻቸውም ተገለጡ፤ ዕራቁታቸውንም እንዳሉ ዐወቁ፤ ከገነትም ተሰደዱ።”
6925b252-b0cd-5e86-af4f-a315b58e2615,3c679a4b-42dd-5c98-a059-47c5b1d2d335,efd76f3d-d2f8-5e80-a523-7c45a5c73641,29,29,ከዚያም እስከ ምድር ዳርቻ ድረስ ሄድሁ፤ በዚያም ታላላቅ አውሬዎችን አየሁ።
62937813-70fe-567b-a314-b245cb00a920,3c679a4b-42dd-5c98-a059-47c5b1d2d335,efd76f3d-d2f8-5e80-a523-7c45a5c73641,30,30,አንዱ ከሌላው ልዩ ነው፤ የወፎችም ፊታቸው ይለያያል፥ መልካቸውም፥ ቃላቸውም አንዱ ከሌላው ይለዋወጣል።
d4349a53-b242-527f-a0bb-b8ca001e2bd5,3c679a4b-42dd-5c98-a059-47c5b1d2d335,efd76f3d-d2f8-5e80-a523-7c45a5c73641,31,31,ከእነዚህ አውሬዎችም በስተምሥራቅ ሰማዩ በላዩ ያረፈበትን የምድር ዳርቻንና የተከፈቱ ደጆችን አየሁ።
d9bacd4e-85f2-53bf-a8cf-a20047bcd577,3c679a4b-42dd-5c98-a059-47c5b1d2d335,efd76f3d-d2f8-5e80-a523-7c45a5c73641,32,32,የሰማይ ከዋክብትም እንዴት እንደሚወጡ አየሁ፤ ከእርሱ የሚወጡባቸው ደጃፎችንም ቈጠርሁ።
b390e3d8-67aa-5bad-ac4b-048acba3108f,3c679a4b-42dd-5c98-a059-47c5b1d2d335,efd76f3d-d2f8-5e80-a523-7c45a5c73641,33,33,የእያንዳንዱን መውጫ ሁሉ በየቍጥራቸው፥ በየስማቸውና በየደረጃቸው፥ በየመኖሪያቸው፥ በየጊዜያቸውና በየወራታቸው ከእኔ ጋር ያለው መልአኩ ዑርኤል እንዳሳየኝ ጻፍሁ።
282ba277-eae6-5a8f-ac0c-9558a9fc3464,3c679a4b-42dd-5c98-a059-47c5b1d2d335,efd76f3d-d2f8-5e80-a523-7c45a5c73641,34,34,ሁሉንም ለእኔ አሳየኝ፥ እርሱም ጻፈው፤ ዳግመኛም ስማቸውን፥ ሥርዐታቸውንና ሥራቸውን ጻፈልኝ።
97d83e54-5feb-5c64-a2d9-2e0201b442bf,3c679a4b-42dd-5c98-a059-47c5b1d2d335,efd76f3d-d2f8-5e80-a523-7c45a5c73641,35,35,ከዚያም በምድር ዳርቻ ወደ መስዕ ሄድሁ፤ በዚያም በምድር ሁሉ ዳርቻ ታላቅና የከበረ ተአምራትን አየሁ።
b39e18fd-6815-5e52-ac35-ecc472c5a077,3c679a4b-42dd-5c98-a059-47c5b1d2d335,efd76f3d-d2f8-5e80-a523-7c45a5c73641,36,36,በዚያም የተከፈቱ ሦስት የሰማይ ደጃፎችን በሰማይ አየሁ፤ ከእነዚያም በየአንዳንዱ ነፋሳት ይወጣሉ።
73a0dcc6-12a3-5872-a28e-cc53ad7f469f,3c679a4b-42dd-5c98-a059-47c5b1d2d335,efd76f3d-d2f8-5e80-a523-7c45a5c73641,37,37,በመስዕ በኩል ነፋስ በነፈሰ ጊዜ ቀቅና በረዶ፥ ውርጭና አመዳይ፥ ጤዛና ዝናምም ይፈስሳል፤ ካንዲቱም መስኮት በበጎ ይነፍሳል።
49cf15fb-ef8c-55e8-ae28-664b98b1db21,3c679a4b-42dd-5c98-a059-47c5b1d2d335,efd76f3d-d2f8-5e80-a523-7c45a5c73641,38,38,በሁለቱ መስኮቶችም በኀይል በነፈሱ ጊዜ በምድር ላይ ጭንቅ ይሆናል። በኀይልም ይነፍሳሉ።
152d0ff1-e41f-567a-ae05-ab4b91a0be82,3c679a4b-42dd-5c98-a059-47c5b1d2d335,efd76f3d-d2f8-5e80-a523-7c45a5c73641,39,39,ከዚያም በምድር ዳርቻ ወደ ምዕራብ ሄድሁ፤ በዚያም በመስኮቶቹ ልክና በመውጫው ልክ በምሥራቅ እንዳየሁ የተከፈቱ ሦስት መስኮቶችን አየሁ።
01abcca8-d56d-5ad5-a900-685cc32a3e42,3c679a4b-42dd-5c98-a059-47c5b1d2d335,efd76f3d-d2f8-5e80-a523-7c45a5c73641,40,40,ከዚያም በምድር ዳርቻ ወደ አዜብ ሄድሁ።
3511a546-aed3-58b3-a36f-af536a284266,3c679a4b-42dd-5c98-a059-47c5b1d2d335,efd76f3d-d2f8-5e80-a523-7c45a5c73641,41,41,በዚያም የተከፈቱ ሦስት የሰማይ መስኮቶችን አየሁ፤ ከዚያም ከአዜብ ዋዕይ ጤዛና ዝናም፥ ነፋስም ይወጣል።
03a7d3c2-5360-54fd-adb2-cc04e94f59ec,3c679a4b-42dd-5c98-a059-47c5b1d2d335,efd76f3d-d2f8-5e80-a523-7c45a5c73641,42,42,ከዚያም በሰማይ ዳርቻ ወደ ምሥራቅ ሄድሁ።
1d465115-6321-5018-a8aa-2b33702c565d,3c679a4b-42dd-5c98-a059-47c5b1d2d335,efd76f3d-d2f8-5e80-a523-7c45a5c73641,43,43,በዚያም በምሥራቅ በኩል የተከፈቱ ሦስት የሰማይ ደጃፎችን አየሁ።
9a7060b1-b729-5bc6-a005-94cdbbc980ed,3c679a4b-42dd-5c98-a059-47c5b1d2d335,efd76f3d-d2f8-5e80-a523-7c45a5c73641,44,44,በእነዚህ በትናንሽ ደጃፎችም በእያንዳንዱ በኩል ታናናሾች የሰማይ ከዋክብት ያልፋሉ።
fff667ba-013a-52a1-abbb-fdab6a86f8ea,3c679a4b-42dd-5c98-a059-47c5b1d2d335,efd76f3d-d2f8-5e80-a523-7c45a5c73641,45,45,በታየችላቸውም ጎዳና ወደ ምዕራብ ይሄዳሉ።
de47a2b0-ce0f-5066-aaa1-a0764fe7e72c,3c679a4b-42dd-5c98-a059-47c5b1d2d335,efd76f3d-d2f8-5e80-a523-7c45a5c73641,46,46,ይህንም ባየሁ ጊዜ አመሰገንሁ፤ የፍጥረቱንም ገናናነት ለመላእክቱና ለሰዎች ነፍሳት ይገልጥ ዘንድ፥ ሥራውንም ያመሰግኑ ዘንድ፥ ፍጥረቱም ሁሉ የኀይሉን ሥራ ያዩ ዘንድ፥ ታላቅ የሆነ የእጁንም ሥራ ያከብሩ ዘንድ፥ እርሱንም ለዘለዓለሙ ያመሰግኑት ዘንድ ታላላቅና የከበሩ ተአምራትን ያደረገ የክብር ጌታን ሁልጊዜ አመሰግነዋለሁ።
42af095a-48d8-5260-a6fe-8b9e6b3576ed,f0e3261e-1efb-5a3f-a517-0541d71f0f70,cdd3a0ea-2e2d-5119-a981-a61821d9870c,1,1,ሁለተኛ ጊዜ ሄኖክ ያየው ራእይ፤ የአዳም ልጅ፥ የሴት ልጅ፥ የሄኖስ ልጅ፥ የቃይናን ልጅ፥ የመላልኤል ልጅ፥ የያሬድ ልጅ ሄኖክ ያየው የጥበብ ራእይ ይህ ነው።
818a393f-ac5c-5300-a66e-3e44c12d1838,f0e3261e-1efb-5a3f-a517-0541d71f0f70,cdd3a0ea-2e2d-5119-a981-a61821d9870c,2,2,በምድር ላይ ለሚኖሩ ሰዎች እናገረው ዘንድ የጀመርሁት የጥበብ ነገር መጀመሪያ ይህ ነው።
882ef89c-1983-51f6-afb8-f2f2d1f30d41,f0e3261e-1efb-5a3f-a517-0541d71f0f70,cdd3a0ea-2e2d-5119-a981-a61821d9870c,3,3,የቀድሞ ሰዎች፥ ስሙ፤ በኋላም የተነሣችሁ ሰዎች፥ በመናፍስት ጌታ ፊት የምናገረው የቅዱሱን ነገር አስተውሉ።
f10c9435-ed69-51a1-a264-110be09c0c7c,f0e3261e-1efb-5a3f-a517-0541d71f0f70,cdd3a0ea-2e2d-5119-a981-a61821d9870c,4,4,እነዚህ “መጀመሪያው ይሻላል” ይላሉ፤ እኛም በኋላ የተነሣን ሰዎች የጥበብ መጀመሪያን አንከለክልም።
6ce17dd7-a8c0-57ba-a01f-1e0d0066e3a6,f0e3261e-1efb-5a3f-a517-0541d71f0f70,cdd3a0ea-2e2d-5119-a981-a61821d9870c,5,5,እኔ እንዳሰብሁት የዘለዓለም የሕይወት እድል ከእርሱ የተሰጠኝ የመናፍስት ጌታ እንደ ወደደ የያዝሁት ጥበብ ከመናፍስት ጌታ ፊት እስከ ዛሬ ድረስ አልተሰጠኝም ነበር።
f7d9a7b0-bede-5bb6-a1ae-544aeb6a9d3a,f0e3261e-1efb-5a3f-a517-0541d71f0f70,cdd3a0ea-2e2d-5119-a981-a61821d9870c,6,6,ሦስት ምሳሌዎችም ተገለጡልኝ።
f10da25e-caa2-52d4-a269-5d74251519d9,f0e3261e-1efb-5a3f-a517-0541d71f0f70,cdd3a0ea-2e2d-5119-a981-a61821d9870c,7,7,እኔም በምድር ለሚኖሩ ሰዎች እነግራቸው ጀመር።
02689268-6425-57e2-aeff-f75a3c32cedd,f0e3261e-1efb-5a3f-a517-0541d71f0f70,cdd3a0ea-2e2d-5119-a981-a61821d9870c,8,8,መጀመሪያው ምሳሌ ይህ ነው፥ የጻድቃን ማኅበር በተገለጠ ጊዜ፥ ኃጥኣንም በኀጢአታቸው በተፈረደባቸው ጊዜ፥ ከምድር ፊትም በታወኩ ጊዜ፥
8bcaaa4f-d684-5eb7-a754-95c53753e6cc,f0e3261e-1efb-5a3f-a517-0541d71f0f70,cdd3a0ea-2e2d-5119-a981-a61821d9870c,9,9,በመናፍስት ጌታ ዘንድ ሥራቸው በጸናላቸው በተመረጡ ጻድቃን ፊት ጻድቁ በተገለጠ ጊዜ፥
73a23387-2b8a-58d5-a7b9-7985f8df59cc,f0e3261e-1efb-5a3f-a517-0541d71f0f70,cdd3a0ea-2e2d-5119-a981-a61821d9870c,10,10,በምድር ላይ ለሚኖሩ ለጻድቃንና ለተመረጡ በተገለጠ ጊዜ፥
e42164ff-dcc3-5a6f-af14-6e945ad6e84b,f0e3261e-1efb-5a3f-a517-0541d71f0f70,cdd3a0ea-2e2d-5119-a981-a61821d9870c,11,11,የኀጢአተኞች ማደሪያ ወዴት ነው? የመናፍስት ጌታን የካዱት ሰዎችስ ማረፊያቸው የት ነው?
35958931-5614-5c3b-a27b-b4ca0b65fdd6,f0e3261e-1efb-5a3f-a517-0541d71f0f70,cdd3a0ea-2e2d-5119-a981-a61821d9870c,12,12,ጥንቱን ባልተወለዱ በተሻላቸው ነበር፤ የጻድቃንም የተሰወሩ ክብሮቻቸው በተገለጡ ጊዜ በኃጥአን ይፈረድባቸዋል፤ ከጻድቃንና ከተመረጡት ሰዎች ፊትም የተነሣ ዝንጉዎች ይታወካሉ።
7dc2fda3-fada-5365-a478-21f3e2175f76,f0e3261e-1efb-5a3f-a517-0541d71f0f70,cdd3a0ea-2e2d-5119-a981-a61821d9870c,13,13,ከዛሬም ጀምሮ ምድርን የሚገዟት ሰዎች አዛዦችና ልዑላን አይሆኑም።
d82348f2-9938-5912-adbf-fba243a532db,f0e3261e-1efb-5a3f-a517-0541d71f0f70,cdd3a0ea-2e2d-5119-a981-a61821d9870c,14,14,የቅዱሳንንም ፊት ማየት አይችሉም። ለቅዱሳን ጻድቃንና ለተመረጡ ሰዎች ፊት የመናፍስት ጌታ ክብሩ ተገልጧልና።
c2f7df0a-84f5-516b-a914-c3cd029daf2b,f0e3261e-1efb-5a3f-a517-0541d71f0f70,cdd3a0ea-2e2d-5119-a981-a61821d9870c,15,15,ያንጊዜም አዛዦች ነገሥታቱ ይጠፋሉ፥ በጻድቃንና በቅዱሳን እጅም ይሰጣሉ።
3d58c0d5-2c9c-5295-aa1c-51c2530fbb97,f0e3261e-1efb-5a3f-a517-0541d71f0f70,cdd3a0ea-2e2d-5119-a981-a61821d9870c,16,16,ከዚያ ወዲያ የእነርሱ ሕይወት ተፈጽሞአልና በመናፍስት ጌታ ዘንድ ለእነርሱ የሚያማልድ የለም።
62adafb3-9d8e-5543-a101-5736a5e781f3,f0e3261e-1efb-5a3f-a517-0541d71f0f70,cdd3a0ea-2e2d-5119-a981-a61821d9870c,17,17,በዚያም ወራት እንዲህ ይሆናል፥ የተመረጡና ቅዱሳን ልጆች
ec62127b-7414-5c51-a0af-9e02a9c3a2d4,f0e3261e-1efb-5a3f-a517-0541d71f0f70,cdd3a0ea-2e2d-5119-a981-a61821d9870c,18,18,በዚያም ወራት ሄኖክ የቅንዐትና የቍጣ መጻሕፍትን፥ የችኮላና የሁከት መጻሕፍትንም ያዘ።
2732fcd2-8e03-5a3d-a39f-36fff15e6474,f0e3261e-1efb-5a3f-a517-0541d71f0f70,cdd3a0ea-2e2d-5119-a981-a61821d9870c,19,19,የመናፍስት ጌታም ምሕረት አይደረግላቸውም አለ።
48e73740-9cdb-5d1a-a9d6-619f2c79a1b9,f0e3261e-1efb-5a3f-a517-0541d71f0f70,cdd3a0ea-2e2d-5119-a981-a61821d9870c,20,20,በዚያም ጊዜ ደመናና ጥቅል ነፋስ ከምድር ፊት ነጥቆ በሰማያት ዳርቻ አኖረኝ።
ec6444a4-7a04-5623-a536-95af7bc1a69f,f0e3261e-1efb-5a3f-a517-0541d71f0f70,cdd3a0ea-2e2d-5119-a981-a61821d9870c,21,21,በዚያም ሌላ ራእይ አየሁ፤ የጻድቃንን ማደሪያቸውንና የቅዱሳንን ማረፊያቸውን አየሁ።
9c13b026-0091-589c-aaba-69976cd57c44,f0e3261e-1efb-5a3f-a517-0541d71f0f70,cdd3a0ea-2e2d-5119-a981-a61821d9870c,22,22,በዚያም ዐይኖቼ ከመላእክት ጋራ ማደሪያቸውን፥ ከቅዱሳንም ጋር ማረፊያቸውን አዩ።
c354a4ba-6991-5df6-a4b0-d3e3a9637145,f0e3261e-1efb-5a3f-a517-0541d71f0f70,cdd3a0ea-2e2d-5119-a981-a61821d9870c,23,23,ስለ ሰው ልጆች ይለምናሉ፥ ይማልዳሉ፥ ይጸልያሉም።
51fb0c9d-a264-5de9-a697-c12e5675bea0,f0e3261e-1efb-5a3f-a517-0541d71f0f70,cdd3a0ea-2e2d-5119-a981-a61821d9870c,24,24,ጽድቅም በፊታቸው እንደ ውኃ ይፈስሳል፤ ምሕረትም በምድር እንደ ጠል ይሆናል፤ በመካከላቸውም ለዘለዓለሙ እንዲህ ይሆናል።
172840ab-42d8-59e5-ae7a-b0cc521baf2a,f0e3261e-1efb-5a3f-a517-0541d71f0f70,cdd3a0ea-2e2d-5119-a981-a61821d9870c,25,25,በዚያም ወራት ዐይኖቼ በጽድቅና በሃይማኖት የተመረጡ ሰዎችን ቦታ አዩ።
48fdc3c8-ae42-5d57-ad6f-0f40d9c99c8d,f0e3261e-1efb-5a3f-a517-0541d71f0f70,cdd3a0ea-2e2d-5119-a981-a61821d9870c,26,26,በዘመናቸውም ጽድቅ ይሆናል፥ ለጻድቃንና ለተመረጡትም ለዘለዓለሙ በእርሱ ፊት ቍጥር የላቸውም።
d4e773b2-09e7-5f96-a786-8658414f3607,f0e3261e-1efb-5a3f-a517-0541d71f0f70,cdd3a0ea-2e2d-5119-a981-a61821d9870c,27,27,ከመናፍስት ጌታ ክንፍ በታችም ማደሪያቸውን አየሁ።
05698253-dd59-5402-a4d5-db19bc105d1f,f0e3261e-1efb-5a3f-a517-0541d71f0f70,cdd3a0ea-2e2d-5119-a981-a61821d9870c,28,28,ጻድቃንና የተመረጡትም ሁሉ በፊቱ እንደ እሳት ብርሃን ያበራሉ።
29243fad-58b1-5837-a08b-141386f25c73,f0e3261e-1efb-5a3f-a517-0541d71f0f70,cdd3a0ea-2e2d-5119-a981-a61821d9870c,29,29,አፋቸውም በረከትን ይሞላል፥ ከንፈሮቻቸውም የመናፍስት ጌታን ስም ያመሰግናሉ።
9cb4f298-9ed7-5b30-a68a-8a8d044a7dc0,f0e3261e-1efb-5a3f-a517-0541d71f0f70,cdd3a0ea-2e2d-5119-a981-a61821d9870c,30,30,ጽድቅም በፊቱ አያልቅም፥ ርትዕም በፊቱ አይፈጸምም።
fe1b0366-d57e-51a0-abcb-2a4dcddddc1c,f0e3261e-1efb-5a3f-a517-0541d71f0f70,cdd3a0ea-2e2d-5119-a981-a61821d9870c,31,31,በዚያም እኖር ዘንድ ወደድሁ፥ ነፍሴም ያን ቦታ ወደደችው።
a33af0f8-eae8-5a7c-a574-938021a30d04,f0e3261e-1efb-5a3f-a517-0541d71f0f70,cdd3a0ea-2e2d-5119-a981-a61821d9870c,32,32,በመናፍስት ጌታ ፊት ስለ እኔ እንዲህ ጸንቶአልና ጥንቱን እድል ፋንታዬ በዚያ ሆነ።
4d4d6333-9a9f-5ba1-a625-6373d562b8fd,f0e3261e-1efb-5a3f-a517-0541d71f0f70,cdd3a0ea-2e2d-5119-a981-a61821d9870c,33,33,በዚያም ወራት የመናፍስት ጌታን ስም አመሰገንሁ፥ ከፍ ከፍም አደረግሁ፤ የመናፍስት ጌታም በበረከትና በክብር እንደ ወደደ እርሱ አጽንቶኛልና በረከትንና ክብርን ሰጠሁ።
fdcfef1e-390f-550e-aa80-55827aede137,f0e3261e-1efb-5a3f-a517-0541d71f0f70,cdd3a0ea-2e2d-5119-a981-a61821d9870c,34,34,ቈይቶም ዐይኖቼ ያን ቦታ አዩ።
5817dfab-0568-50ba-a0bc-89fe0756fae0,f0e3261e-1efb-5a3f-a517-0541d71f0f70,cdd3a0ea-2e2d-5119-a981-a61821d9870c,35,35,እንዲህም እያልሁ አከበርሁት፥ አመሰገንሁትም- “ቡሩክ ነው፥ ከጥንትም ጀምሮ እስከ ዘለዓለሙ ይመስገን።
b42e673b-83d2-5267-a014-183305a5adbd,f0e3261e-1efb-5a3f-a517-0541d71f0f70,cdd3a0ea-2e2d-5119-a981-a61821d9870c,36,36,በፊቱም ፍጻሜ የለም።
e6234468-2ce7-51fa-a03b-4532d6470f6b,f0e3261e-1efb-5a3f-a517-0541d71f0f70,cdd3a0ea-2e2d-5119-a981-a61821d9870c,37,37,ዓለም ሳይፈጠር ይህ ዓለም ምን እንደ ሆነ እርሱ ያውቃል፤ ለልጅ ልጅ ዘመን የሚሆነውንም ነገር ያውቃል።
91a7bfaa-da08-53e0-a799-895aa6c0bb97,f0e3261e-1efb-5a3f-a517-0541d71f0f70,cdd3a0ea-2e2d-5119-a981-a61821d9870c,38,38,የማያንቀላፉ ያመሰግኑሃል፥ በጌትነትህም ፊት ይቆማሉ።
98a22219-4cd5-57f8-a547-2fe609e64e87,f0e3261e-1efb-5a3f-a517-0541d71f0f70,cdd3a0ea-2e2d-5119-a981-a61821d9870c,39,39,የመናፍስት ጌታ ቅዱስ፥ ቅዱስ፥ ቅዱስ ነህ፥ ፍጥረትህም
494aec56-58cd-5ea1-a16f-66b4bcbab9ce,f0e3261e-1efb-5a3f-a517-0541d71f0f70,cdd3a0ea-2e2d-5119-a981-a61821d9870c,40,40,በዚያም የማያንቀላፉትን ሁሉ በፊቱ ቁመው ሲያመሰግኑ ዐይኖቼ አዩ።
dae983db-0130-570c-acd9-083d2ff312e4,f0e3261e-1efb-5a3f-a517-0541d71f0f70,cdd3a0ea-2e2d-5119-a981-a61821d9870c,41,41,“አንተ ቡሩክ ነህ፥ የመናፍስት ጌታም ስም ለዘለዓለም ቡሩክ ነው” ይላሉ።
c6dfdb0e-bfc0-5d33-a756-01cb498ec752,f0e3261e-1efb-5a3f-a517-0541d71f0f70,cdd3a0ea-2e2d-5119-a981-a61821d9870c,42,42,ማየት እስኪሳነኝም ድረስ ፊቴ ተለወጠ።
58f588db-14f8-5f0f-a779-836a8ac54c91,8206777e-19f3-5f2e-a8cb-f2e203cc308f,f7eb49b9-f2ce-595a-a42b-a755b8692cf7,1,1,ከዚህም በኋላ ፈጽመው የበዙ፥ የብዙ ብዙ የሚሆኑ መላእክትን አየሁ፤ በመናፍስት ጌታ ፊት የሚቆሙ መላእክትም ቍጥርና ግምት የላቸውም።
e60b1d0d-4f1a-5a94-ad61-34e73ea54547,8206777e-19f3-5f2e-a8cb-f2e203cc308f,f7eb49b9-f2ce-595a-a42b-a755b8692cf7,2,2,በመናፍስት ጌታ አራት ክንፎችም ከሚቆሙት የተለዩ ሌሎች አራት ገጻትን አየሁ።
81537350-90e9-5cea-ad8c-0629e2642182,8206777e-19f3-5f2e-a8cb-f2e203cc308f,f7eb49b9-f2ce-595a-a42b-a755b8692cf7,3,3,ስማቸውንም ዐወቅሁ፤ ስማቸውንም የነገረኝ ከእኔ ጋራ የመጣው መልአክ ነው።
1f9db657-11a7-51af-adc6-8f7fdb634997,8206777e-19f3-5f2e-a8cb-f2e203cc308f,f7eb49b9-f2ce-595a-a42b-a755b8692cf7,4,4,የተሰወረውንም ሁሉ ገለጠልኝ፥ የእነዚያን የአራቱን ገጻት ቃላትም በክብር ጌታ ፊት ሲያመሰግኑ ሰማሁ።
faf66ac3-f375-5c62-acce-8ed7833f1bc8,8206777e-19f3-5f2e-a8cb-f2e203cc308f,f7eb49b9-f2ce-595a-a42b-a755b8692cf7,5,5,መጀመሪያውም ቃል የመናፍስት ጌታን ለዘለዓለሙ ያመሰግነዋል።
187f0d91-cf69-5bc8-a1ed-341ec9cb834e,8206777e-19f3-5f2e-a8cb-f2e203cc308f,f7eb49b9-f2ce-595a-a42b-a755b8692cf7,6,6,ሁለተኛውንም ቃል የተመረጠውንና በመናፍስት ጌታ የታመኑ ምርጦችን ሲያመሰግናቸው ሰማሁ።
929ec1d1-e220-528d-ae6d-535737214138,8206777e-19f3-5f2e-a8cb-f2e203cc308f,f7eb49b9-f2ce-595a-a42b-a755b8692cf7,7,7,ሦስተኛውንም ቃል በምድር ስለሚኖሩ፥ በመናፍስት ጌታ ስምም ስለሚማልዱ ሰዎች ሲለምንና ሲጸልይ ሰማሁ።
6832649f-2920-5b96-a9b5-fa8fc5385ff2,8206777e-19f3-5f2e-a8cb-f2e203cc308f,f7eb49b9-f2ce-595a-a42b-a755b8692cf7,8,8,አራተኛውንም ቃል ሰይጣናትን አስወጥቶ ሲሰዳቸው ሰማሁ።
33fc9ef1-e186-550f-a7e1-1343d62399bf,8206777e-19f3-5f2e-a8cb-f2e203cc308f,f7eb49b9-f2ce-595a-a42b-a755b8692cf7,9,9,በምድር የሚኖሩ ሰዎችንም ያጣሏቸው ዘንድ ወደ መናፍስት ጌታ እንዲገቡ አይተዋቸውም።
0fd6427b-b765-560a-afc8-4a66a5061314,8206777e-19f3-5f2e-a8cb-f2e203cc308f,f7eb49b9-f2ce-595a-a42b-a755b8692cf7,10,10,ከዚህም በኋላ ከእኔ ጋራ የሚሄደውን፥ የተሰወረውንም ሁሉ የገለጠልኝን የሰላም መልአክ፥
bcb2bc13-ec82-526b-ab61-6544c4a49dd9,8206777e-19f3-5f2e-a8cb-f2e203cc308f,f7eb49b9-f2ce-595a-a42b-a755b8692cf7,11,11,ያየኋቸውና ቃላቸውን የሰማኋቸው፥ የቈጠርኋቸውም እነዚህ አራቱ ገጻት እነማን እንደ ሆኑ ጠየቅሁት።
231bae7c-d6b5-5e89-a54b-31b28946eef3,8206777e-19f3-5f2e-a8cb-f2e203cc308f,f7eb49b9-f2ce-595a-a42b-a755b8692cf7,12,12,እንዲህም አለኝ- “ይህ መጀመሪያው ቃል ይቅር የሚልና ከመዓት የራቀ ቅዱስ ሚካኤል ነው።
5225f0e1-9f85-55e9-adff-0c3eb72716c9,8206777e-19f3-5f2e-a8cb-f2e203cc308f,f7eb49b9-f2ce-595a-a42b-a755b8692cf7,13,13,ሁለተኛውም በበሽታው ሁሉ ላይና በሰው ልጆች ቍስል ላይ የተሾመ ቅዱስ ሩፋኤል ነው።
3adda24b-d3ed-56a2-a2ab-5ae52f0f8a19,8206777e-19f3-5f2e-a8cb-f2e203cc308f,f7eb49b9-f2ce-595a-a42b-a755b8692cf7,14,14,ሦስተኛውም በሠራዊት ሁሉ ላይ የተሾመ ቅዱስ ገብርኤል ነው።
8a7a52a7-09db-5ae1-a038-7074a83e645a,8206777e-19f3-5f2e-a8cb-f2e203cc308f,f7eb49b9-f2ce-595a-a42b-a755b8692cf7,15,15,አራተኛውም የዘለዓለም ሕይወትን ለሚወርሱ ሰዎች ተስፋ በንስሓ ላይ የተሾመ ፋኑኤል ነው።
5b079a9e-6719-59a5-ae00-dee5775c391d,8206777e-19f3-5f2e-a8cb-f2e203cc308f,f7eb49b9-f2ce-595a-a42b-a755b8692cf7,16,16,እኒህም አራቱ የልዑል እግዚአብሔር መላእክት ናቸው፤ በዚያም ወራት አራቱን ቃላት ሰማሁ።
38324c00-c7a5-55e4-a5d7-27cf16842ffb,177adde2-f841-5729-a334-86745c0094d8,b4a3e831-b930-563a-a231-617a4f2364a3,1,1,ከዚህም በኋላ የሰማያትን ምሥጢሮች ሁሉ አየሁ።
5efe5466-b05a-57a8-a8c3-908bab4cd029,177adde2-f841-5729-a334-86745c0094d8,b4a3e831-b930-563a-a231-617a4f2364a3,2,2,መንግሥት እንዴት እንደምትከፈል፥ የሰዎች ሥራም በሚዛን እንደሚመዘን አየሁ።
6d0147ca-48bb-5838-a72d-04c213c78a7c,177adde2-f841-5729-a334-86745c0094d8,b4a3e831-b930-563a-a231-617a4f2364a3,3,3,በዚያም የተመረጡትን ሰዎች ማደሪያቸውን፥ የጻድቃንንም ማደሪያቸውን አየሁ።
9cd608a6-41f4-570e-af46-59851f26348e,177adde2-f841-5729-a334-86745c0094d8,b4a3e831-b930-563a-a231-617a4f2364a3,4,4,ዐይኖቼም የመናፍስት ጌታን ስም የካዱ ኃጥአን ሁሉ ከዚያ ሲሰደዱ አዩ።
14bb1f58-6a71-58db-a196-73d76a751f5d,177adde2-f841-5729-a334-86745c0094d8,b4a3e831-b930-563a-a231-617a4f2364a3,5,5,ስበውም ያወጧቸዋል፥ ከመናፍስት ጌታ በምትወጣ መቅሠፍትም መቆም የላቸውም።
a88c97f9-8bb3-58b5-ac80-e2f52ed42e6e,177adde2-f841-5729-a334-86745c0094d8,b4a3e831-b930-563a-a231-617a4f2364a3,6,6,በዚያም የመብረቆችንና የነጐድጓድን ምሥጢራት፥ በምድርም ላይ ይነፍሱ ዘንድ እንዴት እንደሚከፈሉ የነፋሳትን ምሥጢራት፥ የደመናና የጠል ምሥጢራትንም አየሁ።
ab207010-56d5-56d3-aeed-a88d68bdb3d8,177adde2-f841-5729-a334-86745c0094d8,b4a3e831-b930-563a-a231-617a4f2364a3,7,7,በዚያም ቦታ የሚወጡበትን አየሁ፥ ከዚያም የምድር ትቢያን ይጠግባሉ።
d11d2290-8169-55d7-a4e8-7327851eb8af,177adde2-f841-5729-a334-86745c0094d8,b4a3e831-b930-563a-a231-617a4f2364a3,8,8,በዚያም የተዘጉ መዛግብትን አየሁ፤ ከእነዚያም ነፋሳት ይከፈላሉ።
49b5e6cd-c64a-5946-a94a-d67282b49f51,177adde2-f841-5729-a334-86745c0094d8,b4a3e831-b930-563a-a231-617a4f2364a3,9,9,የበረድን መዝገብና የጉምን መዝገብ፥ የደመናዎችንም መዝገብ አየሁ፤ ደመናውም ከጥንት ጀምሮ ከምድር በላይ ይኖራል።
31fb6244-406a-5300-a426-ee4616287c7d,177adde2-f841-5729-a334-86745c0094d8,b4a3e831-b930-563a-a231-617a4f2364a3,10,10,የፀሐይና የጨረቃ መዛግብትንም ከየት እንደሚወጡና ወዴት እንደሚገቡ አየሁ፤ አመላለሳቸውም ብሩህ ነው።
85a4f59d-1f4e-5eed-ad10-8ebd79d20454,177adde2-f841-5729-a334-86745c0094d8,b4a3e831-b930-563a-a231-617a4f2364a3,11,11,አንዱም ከሌላው እንደሚከብር አየሁ፥ አካሄዳቸውም የከበረ ነው። ቀን አያሳልፉም፥ ከመሄዳቸውም አይጨምሩም፥ አያጐድሉምም።
6f1b5cda-a5ea-5cb6-a794-eaad199d350d,177adde2-f841-5729-a334-86745c0094d8,b4a3e831-b930-563a-a231-617a4f2364a3,12,12,ጸንተው በሚኖሩበት ሥርዐትም አንዱ ከሌላው ጋር ሃይማኖታቸውን ይጠብቃሉ።
5b21e824-d302-5ed1-a42c-c33e1f1480c0,177adde2-f841-5729-a334-86745c0094d8,b4a3e831-b930-563a-a231-617a4f2364a3,13,13,ፀሐይ ከሁሉ አስቀድሞ ይወጣል፤ በመናፍስት ጌታ ትእዛዝም ጎዳናውን ያደርጋል፤ ስሙም ለዘለዓለም ጸንቶ ይኖራል።
dfb95b62-1078-50b2-afa9-a084d502daa6,177adde2-f841-5729-a334-86745c0094d8,b4a3e831-b930-563a-a231-617a4f2364a3,14,14,ከዚህም በኋላ የተሰወረና የተገለጠ የጨረቃን ጎዳና አየሁ፥ የጎዳናውንም መሄጃ በዚያ ቦታ በሌሊትና በቀን ይጨርሳል።
29b8c25d-81c8-5f0c-ad93-037689bcb319,177adde2-f841-5729-a334-86745c0094d8,b4a3e831-b930-563a-a231-617a4f2364a3,15,15,በመናፍስት ጌታ ፊትም አንዱ ሁለተኛውን ያየዋል።
943ba970-d192-5072-ab67-88caa2a86e58,177adde2-f841-5729-a334-86745c0094d8,b4a3e831-b930-563a-a231-617a4f2364a3,16,16,ለእነርሱ ዕረፍታቸው ምስጋናቸው ነውና ያመሰግናሉ፥ ያከብራሉም፤ አያርፉምም፥ ለሚያበራ ፀሐይ ለበረከትና ለመርገም ብዙ መለዋወጥ አለውና።
bb0ce3e0-2710-5e8d-a17f-69ac0b097f88,177adde2-f841-5729-a334-86745c0094d8,b4a3e831-b930-563a-a231-617a4f2364a3,17,17,የጨረቃ ጎዳና መመላለሻም የብርሃንና የጨለማ ማእከልን በፈጠረ በመናፍስት ጌታ ስም ለጻድቃን ብርሃን ነው፤ ለኃጥአን ግን ጨለማ ነው።
747b77e8-ed28-506e-a15b-4e7bf2aa970d,177adde2-f841-5729-a334-86745c0094d8,b4a3e831-b930-563a-a231-617a4f2364a3,18,18,ለሰውም ዕውቀትን አደለ፥ በጽድቁም ስም የጻድቃንን ዕውቀት አጸና።
0ce194c8-0f0a-5fc3-a797-33fc60556a57,177adde2-f841-5729-a334-86745c0094d8,b4a3e831-b930-563a-a231-617a4f2364a3,19,19,አለቃው አይከለክልም፥ ንጉሡም መከልከል አይችልም፥ ሁሉን የሚመረምር ፈራጅ አለና፤ እነዚህንም ሁሉ እርሱ በፊቱ ይገዛል።
2d6cf5de-6436-508b-a754-283e4deea6de,6d6e97ea-fc4c-5cef-a230-27224a2955bd,a0dea25e-0e8e-5bdc-aaaf-463ec76f8ad3,1,1,ጥበብ የምታድርበትን ቦታ አላገኘችም፤ ማደሪያዋም በሰማያት አለ።
13ed0b16-b24e-59da-af5b-f47ee440b50e,6d6e97ea-fc4c-5cef-a230-27224a2955bd,a0dea25e-0e8e-5bdc-aaaf-463ec76f8ad3,2,2,ጥበብ በሰው ልጆች ታድር ዘንድ ወጣች፤ ማደሪያንም አላገኘችም፤ ጥበብም ወደ ቦታዋ ተመለሰች፤ በመላእክትም መካከል አደረች።
104a0afe-812a-5a97-a83f-cc3aa8c75f0f,6d6e97ea-fc4c-5cef-a230-27224a2955bd,a0dea25e-0e8e-5bdc-aaaf-463ec76f8ad3,3,3,ዐመፃ ከመዛግብትWa ወጣች፤ ያልወደደችውን አገኘች፤ ዝናም በምድረ በዳ፥ ጠልም በተጠማች ምድር እንደሚያድር በእነርሱ አደረች።
822aed8f-0073-560d-a4c2-83f51b37df13,6d6e97ea-fc4c-5cef-a230-27224a2955bd,a0dea25e-0e8e-5bdc-aaaf-463ec76f8ad3,4,4,ሌሎች መብረቆችንና የሰማይ ከዋክብትንም አየሁ።
e13887d8-5878-5188-a796-528c25e67115,6d6e97ea-fc4c-5cef-a230-27224a2955bd,a0dea25e-0e8e-5bdc-aaaf-463ec76f8ad3,5,5,ሁሉንም በየስማቸው እንደሚጠራቸው፥ እነርሱም እንደሚሰሙት አየሁ።
95b80dde-b805-5cea-a87f-9a619b897205,6d6e97ea-fc4c-5cef-a230-27224a2955bd,a0dea25e-0e8e-5bdc-aaaf-463ec76f8ad3,6,6,በብርሃናቸውና በቦታቸው ስፋት ይመዘኑ ዘንድ የጽድቅ ሚዛኖችንም አየሁ።
b081e408-e934-53a4-a57c-d1cadd9a451b,6d6e97ea-fc4c-5cef-a230-27224a2955bd,a0dea25e-0e8e-5bdc-aaaf-463ec76f8ad3,7,7,የፍጥረታቸውንና የመመለሻቸውንም ቀን አየሁ፤ መብረቅ መብረቅን ይወልዳል። አመላለሳቸውም በመልአኮቻቸው ቍጥር ነው፤ ሃይማኖታቸውንም እርስ በርሳቸው ይጠብቃሉ።
6fa813a0-4eae-596e-acf8-cee1275e7307,6d6e97ea-fc4c-5cef-a230-27224a2955bd,a0dea25e-0e8e-5bdc-aaaf-463ec76f8ad3,8,8,ከእኔ ጋራ የሚሄደውንና የተሰወረውን የገለጠልኝን መልአክ ጠየቅሁት። እንዲህም አልሁት- “እነዚያ ምንድን ናቸው?”
ab0d44b4-2b28-54f8-a3b3-c27bbc74444e,6d6e97ea-fc4c-5cef-a230-27224a2955bd,a0dea25e-0e8e-5bdc-aaaf-463ec76f8ad3,9,9,እርሱም እንዲህ አለኝ- “የመናፍስት ጌታ የእነርሱን ምሳሌ አሳየህ። እነዚህም በምድር ላይ የሚኖሩ፥ በመናፍስት ጌታም ስም ለዘለዓለሙ የሚያምኑ የጻድቃን ስሞች ናቸው።
892763ac-1615-5f44-a6c8-a0b1c42c5b40,6d6e97ea-fc4c-5cef-a230-27224a2955bd,a0dea25e-0e8e-5bdc-aaaf-463ec76f8ad3,10,10,ስለ መብረቅም ሌሎችን አየሁ፤ ከከዋክብት እንዴት እንደሚጸኑና መብረቅን እንደሚሆኑ አየሁ። ከእነርሱም ጋር
04b53211-808b-59f7-a1a2-ec47e65c9dd7,6d6e97ea-fc4c-5cef-a230-27224a2955bd,a0dea25e-0e8e-5bdc-aaaf-463ec76f8ad3,11,11,ይህም ሁለተኛው ምሳሌ የቅዱሳን ማደሪያንና የመናፍስት ጌታን ስም በሚክዱ ላይ ነው።
a413a1a9-3666-55e8-ada4-08acca759d4c,6d6e97ea-fc4c-5cef-a230-27224a2955bd,a0dea25e-0e8e-5bdc-aaaf-463ec76f8ad3,12,12,ወደ ሰማይም አይወጡም፤ ወደ ምድርም አይወርዱም፤ የመናፍስትን ጌታ ስም የሚክዱ፥ ለድካምና ለመከራ ቀንም እንደዚህ የሚጠበቁ የኃጥኣን ዕድል እንዲህ ይሆናል፤ በዚያችም ቀን የተመረጠው በጌትነቱ ዙፋን ይቀመጣል።
f09427e9-99b5-5354-a822-ed2d14c96485,6d6e97ea-fc4c-5cef-a230-27224a2955bd,a0dea25e-0e8e-5bdc-aaaf-463ec76f8ad3,13,13,ሥራቸውንና ቦታቸውንም ይመርጣል፤ ቍጥርም የላቸውም።
db5d2864-734b-5fdd-a3c6-95b448ad32f0,6d6e97ea-fc4c-5cef-a230-27224a2955bd,a0dea25e-0e8e-5bdc-aaaf-463ec76f8ad3,14,14,እኔ የመረጥሁትን፥ ቅዱስና ክቡር ስሙን የሚማጠኑትንም
da6c157c-6867-57e6-ae02-7a921908d68b,6d6e97ea-fc4c-5cef-a230-27224a2955bd,a0dea25e-0e8e-5bdc-aaaf-463ec76f8ad3,15,15,በዚያችም ቀን እኔ የመረጥሁትን በመካከላቸው አኖረዋለሁ።
59b4ac26-2324-5f3d-a1fa-bf0c099b0a0a,6d6e97ea-fc4c-5cef-a230-27224a2955bd,a0dea25e-0e8e-5bdc-aaaf-463ec76f8ad3,16,16,ሰማይን እለውጣታለሁ፥ ለዘለዓለምም ለበረከትና ለብርሃን አደርጋታለሁ። ምድርንም እለውጣታለሁ፤ ለበረከትም አደርጋታለሁ።
647e4ab4-8f1e-5111-a800-885e97922217,6d6e97ea-fc4c-5cef-a230-27224a2955bd,a0dea25e-0e8e-5bdc-aaaf-463ec76f8ad3,17,17,የመረጥኋቸውንም በውስጧ አኖራቸዋለሁ። ኀጢአትንና በደልን የሚሠሩ ግን አይረግጧትም፤ እኔ ጻድቃንን አይቻቸዋለሁና፤ ሰላምንም አጥግቤአቸዋለሁና፥ በፊቴም አኖርኋቸው።
b622b94e-e80f-5cdb-a9d4-a1e764b51f4c,6d6e97ea-fc4c-5cef-a230-27224a2955bd,a0dea25e-0e8e-5bdc-aaaf-463ec76f8ad3,18,18,ከገጸ ምድር አጠፋቸው ዘንድ የኃጥኣን ፍርድ ወደ እኔ ቀረበች።
c457d1dc-b64e-5b6e-a2ea-3868a318c828,6d6e97ea-fc4c-5cef-a230-27224a2955bd,a0dea25e-0e8e-5bdc-aaaf-463ec76f8ad3,19,19,በዚያም ብሉየ መዋዕልነት ያለውን አየሁ፥ ራሱም እንደ ባዘቶ ነጭ ነው።
04e3068d-17a5-5a40-a850-cf80dc221fde,6d6e97ea-fc4c-5cef-a230-27224a2955bd,a0dea25e-0e8e-5bdc-aaaf-463ec76f8ad3,20,20,መልኩ እንደ ሰው መልክ የሆነ ሌላም ከእርሱ ጋር አለ። ጸጋንም የተመላ ነው፤ ፊቱም ከቅዱሳን መላእክት እንደ አንዱ ነው።
5dc7ea95-3761-5d70-a829-df9becd84d74,6d6e97ea-fc4c-5cef-a230-27224a2955bd,a0dea25e-0e8e-5bdc-aaaf-463ec76f8ad3,21,21,ከእኔ ጋራ የሚሄደውንና የተሰወረውን ሁሉ የገለጠልኝ ከቅዱሳን መላእክት አንዱን ስለዚሁ የሰው ልጅ ጠየቅሁት።
af06603b-fc08-5bac-a647-5c7c7b90fb35,6d6e97ea-fc4c-5cef-a230-27224a2955bd,a0dea25e-0e8e-5bdc-aaaf-463ec76f8ad3,22,22,እንዲህም አልሁት- “ያ ማን ነው? እርሱስ ከወዴት ይሆን? ከብሉየ መዋዕልስ ጋር ስለምን ይኖራል?”
c9b1013f-aa14-5796-a61c-580ea7412c0c,6d6e97ea-fc4c-5cef-a230-27224a2955bd,a0dea25e-0e8e-5bdc-aaaf-463ec76f8ad3,23,23,እርሱም መለሰልኝ እንዲህም አለኝ- “ጽድቅ የሆነለት፥ ጽድቅም ከእርሱ ጋር የኖረ የሰው ልጅ ነው። ጌታ እርሱን መርጧልና እርሱ የተሰወሩ መዛግብትን ሁሉ ይከፍታል።
8a9344c7-c110-58f5-a50d-0cd1903c142a,6d6e97ea-fc4c-5cef-a230-27224a2955bd,a0dea25e-0e8e-5bdc-aaaf-463ec76f8ad3,24,24,ዕድሉ በመናፍስት ጌታ ፊት ለዘለዓለም በርትዕ ሁሉን ድል ያደረገ ነው።
4124ff5d-8f73-5842-a67e-27c2e08787e4,6d6e97ea-fc4c-5cef-a230-27224a2955bd,a0dea25e-0e8e-5bdc-aaaf-463ec76f8ad3,25,25,“ይህም ያየኸው የሰው ልጅ ነገሥታቱንና ኀያላኑን ከአልጋዎቻቸው፥ ጽኑዓኑንም ከዙፋኖቻቸው ያስነሣቸዋል።
62b73a38-ee6f-5c03-a5fe-af9413b8fda5,6d6e97ea-fc4c-5cef-a230-27224a2955bd,a0dea25e-0e8e-5bdc-aaaf-463ec76f8ad3,26,26,የጽኑዓኑንም ልጓሞች ይፈታል፥ የኃጥአንንም ጥርሶች ይሰብራል፤ ከፍ ከፍ አያደርጉትምና፥ አያመሰግኑትምምና፥ መንግሥትም ከየት እንደ ተሰጠቻቸው አያምኑምና ነገሥታትን ከዙፋናቸውና ከመንግሥታቸው ይገለብጣቸዋል።
b3c3eb51-c3bb-50b2-a156-c0fc15c83760,6d6e97ea-fc4c-5cef-a230-27224a2955bd,a0dea25e-0e8e-5bdc-aaaf-463ec76f8ad3,27,27,የጽኑዓኑንም ፊት ይገለብጣል፤ ኀፍረትንም ይመላባቸዋል፥ ማደርያቸውም ጨለማን ይሆንባቸዋል።
13108fef-0790-5ab6-adb7-1bee86d99e1f,6d6e97ea-fc4c-5cef-a230-27224a2955bd,a0dea25e-0e8e-5bdc-aaaf-463ec76f8ad3,28,28,ትሎችም ምንጣፍ ይሆኗቸዋል፤ የመናፍስትን ጌታ ስም ከፍ ከፍ አያደርጉምና ከመኝታቸው ይነሡ ዘንድ ተስፋ አያደርጉም።
389e5e82-19f3-5f2a-a5d9-1ae05ba7d239,6d6e97ea-fc4c-5cef-a230-27224a2955bd,a0dea25e-0e8e-5bdc-aaaf-463ec76f8ad3,29,29,እነርሱም የሰማይ ከዋክብትን የሚገዙ ሆነዋል፤ እጆቻቸውንም ወደ ልዑል ይዘረጋሉ፥ በምድር ይሄዳሉ፥ በውስጧም ይኖራሉ።
30e80931-25ec-5be4-acb2-a476d8eea733,6d6e97ea-fc4c-5cef-a230-27224a2955bd,a0dea25e-0e8e-5bdc-aaaf-463ec76f8ad3,30,30,ዐመፅ ሥራቸውንም ሁሉ ይገልጣሉ፤ ሥራቸውም ሁሉ ዐመፅ ነው፥ ኀይላቸውም በባለጸግነታቸው ላይ ነው።
553b44e3-ea42-5479-a1f3-ad2ff8ef7d31,6d6e97ea-fc4c-5cef-a230-27224a2955bd,a0dea25e-0e8e-5bdc-aaaf-463ec76f8ad3,31,31,ሃይማኖታቸውም በእጃቸው ለሠሯቸው ጣዖታት ሆኗል፥ የመናፍስትን ጌታ ስምም ክደዋል።
62a7778a-9a52-5d75-aa57-46fae86fa100,6d6e97ea-fc4c-5cef-a230-27224a2955bd,a0dea25e-0e8e-5bdc-aaaf-463ec76f8ad3,32,32,ከእርሱና በመናፍስት ጌታ ስም ከሚያምኑ ምእመናን ማደሪያዎችም ይሰደዳሉ።
0941d68d-d257-5612-ae80-6013bb114401,6d6e97ea-fc4c-5cef-a230-27224a2955bd,a0dea25e-0e8e-5bdc-aaaf-463ec76f8ad3,33,33,“በዚያም ወራት የጻድቃን ጸሎት ከምድር ዐረገች፥ የጻድቁም ደም በመናፍስት ጌታ ፊት ተወደደ።
b0085521-47d7-50c1-a83c-467fa40e7684,6d6e97ea-fc4c-5cef-a230-27224a2955bd,a0dea25e-0e8e-5bdc-aaaf-463ec76f8ad3,34,34,በእነዚህም ወራቶች በሰማያት የሚኖሩ ቅዱሳን አንድ ይሆናሉ፤ በአንድ ቃልም ይማልዳሉ፥ ይጸልያሉም፥ ያመሰግናሉም።
f1e89d27-31e7-5875-a1bf-2f322d63edfd,6d6e97ea-fc4c-5cef-a230-27224a2955bd,a0dea25e-0e8e-5bdc-aaaf-463ec76f8ad3,35,35,ስለ ፈሰሰውም የጻድቃን ደም በመናፍስት ጌታ ስም ያመስግናሉ፥ ይባርካሉም።
6ab99560-8a44-56aa-a367-10ed4881ac79,6d6e97ea-fc4c-5cef-a230-27224a2955bd,a0dea25e-0e8e-5bdc-aaaf-463ec76f8ad3,36,36,የጻድቃንም ጸሎታቸው ለዘለዓለም ፍርድ ይደረግላቸው ዘንድ፥ መዘግየትም ለዘለዓለም እንዳይሆንባቸው በመናፍስት ጌታ ፊት አትቋረጥም።”
5bff16be-b417-5a19-ae6a-d28d4d9b8bb5,6d6e97ea-fc4c-5cef-a230-27224a2955bd,a0dea25e-0e8e-5bdc-aaaf-463ec76f8ad3,37,37,በእነዚያም ወራቶች ብሉየ መዋዕልን በጌትነቱ ዙፋን ተቀምጦ አየሁት፤ የሕያዋን መጻፎቻቸውም በፊቱ ተገለጡ።
54b91221-b688-546d-ada5-ad8285f3b2c9,6d6e97ea-fc4c-5cef-a230-27224a2955bd,a0dea25e-0e8e-5bdc-aaaf-463ec76f8ad3,38,38,በሰማያት የሚኖሩ ሠራዊትም ሁሉ በዙሪያው ሆነው በፊቱ ይቆማሉ።
d757ab3c-6af1-5017-afef-0495b77cb7ff,6d6e97ea-fc4c-5cef-a230-27224a2955bd,a0dea25e-0e8e-5bdc-aaaf-463ec76f8ad3,39,39,የቅዱሳን ልብ ደስታን ትሞላለች፤ የጽድቅ ቍጥሯ ሞልትWaልና፥ የጻድቃንም ጸሎት ተሰምትWaልና።
c19cacbe-b40e-5f8a-aacc-988374264728,6d6e97ea-fc4c-5cef-a230-27224a2955bd,a0dea25e-0e8e-5bdc-aaaf-463ec76f8ad3,40,40,የጻድቁም ደም በመናፍስት ጌት ፊት ተወደደ።
2e9d5c6f-e4c4-517d-a3d1-97e41891e934,2f4a1073-8fb9-59ab-a90e-908568880e69,29481190-7907-5ba5-a3d2-311b854949d2,1,1,በዚያ ቦታ የማይቈጠር የጽድቅ ምንጭን አየሁ።
5b61368e-7dd1-50b8-a508-117a712d1ea2,2f4a1073-8fb9-59ab-a90e-908568880e69,29481190-7907-5ba5-a3d2-311b854949d2,2,2,በዙሪያውም ብዙ የጥበብ ምንጮች ይከቡታል። የተጠሙ ሰዎችም ሁሉ ከእርሱ ይጠጣሉ፥ ጥበብንም ይሞላሉ።
fb163047-e17c-5024-a27f-d7a683408250,2f4a1073-8fb9-59ab-a90e-908568880e69,29481190-7907-5ba5-a3d2-311b854949d2,3,3,ማደሪያቸውም ከጻድቃን፥ ከተመረጡትና ከቅዱሳን ጋር ነው።
06d18989-1321-51ed-a1eb-da2304983805,2f4a1073-8fb9-59ab-a90e-908568880e69,29481190-7907-5ba5-a3d2-311b854949d2,4,4,በዚያችም ሰዓት ያ የሰው ልጅ በመናፍስት ጌታ ፊት ተጠራ።
c92a2716-9da1-5423-aff6-62f90c150316,2f4a1073-8fb9-59ab-a90e-908568880e69,29481190-7907-5ba5-a3d2-311b854949d2,5,5,ስሙም ከዕለታት መጀመሪያ የቀደመ ነው።
93215112-b661-5b5b-a4c8-4c34e406089a,2f4a1073-8fb9-59ab-a90e-908568880e69,29481190-7907-5ba5-a3d2-311b854949d2,6,6,ፀሐይ፥ ምልክትም
4a46259d-c7d5-542b-ad98-1473d62cf83c,2f4a1073-8fb9-59ab-a90e-908568880e69,29481190-7907-5ba5-a3d2-311b854949d2,7,7,እንዳይወድቁም እርሱን ይመረጐዙ ዘንድ ለጻድቃንና ለቅዱሳን በትር ይሆናል። እርሱም የአሕዛብ ብርሃን ነው፤ በልቡናቸው ላዘኑም እርሱ ተስፋ ይሆናል።
c5c092a3-d524-5075-ac13-20392528e827,2f4a1073-8fb9-59ab-a90e-908568880e69,29481190-7907-5ba5-a3d2-311b854949d2,8,8,በምድር ላይ የሚኖሩ ሁሉ በፊቱ ወድቀው ይሰግዳሉ፤ ያመሰግኑታል፥ ያከብሩታልም፥ ለመናፍስት ጌታ ስምም ያዘምራሉ።
6d8b95f0-e7f5-5d30-ac1f-2d1dc8063297,2f4a1073-8fb9-59ab-a90e-908568880e69,29481190-7907-5ba5-a3d2-311b854949d2,9,9,ስለዚህም አስታራቂ ሆነን፤ ይህም በመናፍስት ጌታ ፊት ከጥንት ጀምሮ እስከ ዘለዓለም ድረስ የተሰወረ ሆነ።
2b0b0921-065e-515d-aee7-2dbd1b4ab738,2f4a1073-8fb9-59ab-a90e-908568880e69,29481190-7907-5ba5-a3d2-311b854949d2,10,10,እርሱንም የመናፍስት ጌታ ጥበቡ ለጻድቃንና ለተመረጡት ገለጠው። የጻድቃንን ዕድል ፋንታ ጠብቋልና፤
338a782f-c7cb-5ef4-ab01-cae11bcce16e,2f4a1073-8fb9-59ab-a90e-908568880e69,29481190-7907-5ba5-a3d2-311b854949d2,11,11,ይህን የዐመፅ ዓለም ጠልተው ንቀውታልና፤ ሥራውንና መንገዱንም በመናፍስት ጌታ ስም ጠልተውታልና።
908bfc3a-aaef-51cc-a8f1-2610f712b024,2f4a1073-8fb9-59ab-a90e-908568880e69,29481190-7907-5ba5-a3d2-311b854949d2,12,12,በስሙ ይድናሉና፤ ድኅነታቸውንም ወደደ።
342bf002-8e6c-50b9-af5e-dbfb1ce781ce,2f4a1073-8fb9-59ab-a90e-908568880e69,29481190-7907-5ba5-a3d2-311b854949d2,13,13,በዚያም ወራት በጭንቀታቸውና በመከራቸው ቀን የምድርን ነገሥታትና ምድርን የያዙ ኀያላን ሰውነታቸውን አላዳኑምና ስለ እጃቸው ሥራ አንገታቸውን የደፉ ሆኑ።
1349d259-13a8-5c8b-a25b-36c2963d2158,2f4a1073-8fb9-59ab-a90e-908568880e69,29481190-7907-5ba5-a3d2-311b854949d2,14,14,በመረጥኋቸውም ሰዎች እጅ ይጥሏቸዋል።
eb0ed7fe-da38-5115-a429-8fd83580e28e,2f4a1073-8fb9-59ab-a90e-908568880e69,29481190-7907-5ba5-a3d2-311b854949d2,15,15,ሣር በእሳት እንደሚቃጠል፥ እርሳስም በውኃ ውስጥ እንደሚሰጥም እንዲሁ ከጻድቃን ፊት የተነሣ ይቃጠላሉ፤ ከቅዱሳንም የተነሣ ይሰጥማሉ።
bd7e8d3e-1d0d-533c-a705-12af8cf675f4,2f4a1073-8fb9-59ab-a90e-908568880e69,29481190-7907-5ba5-a3d2-311b854949d2,16,16,ፍለጋቸውም አይገኝም፥ በተጨነቁባትም ቀን በምድር ላይ ፍርሀት ትደረጋለች።
d885ba36-a352-5090-a8be-565fe6784086,2f4a1073-8fb9-59ab-a90e-908568880e69,29481190-7907-5ba5-a3d2-311b854949d2,17,17,በፊቱም ይወድቃሉ፥ አይነሡምም፤ እጁንም ሰጥቶ የሚያነሣቸው የለም፤ የመናፍስት ጌታን፥ መሲሑንም ክደውታልና፥ የመናፍስት ጌታም ስሙ ይመሰገናል።
3b051ca3-0112-51d5-ab6f-2898336d248e,2f4a1073-8fb9-59ab-a90e-908568880e69,29481190-7907-5ba5-a3d2-311b854949d2,18,18,ጥበብ እንደ ውኃ ፈስሶአልና፤ ክብርም በፊቱ ለዘለዓለም አትፈጸምም፤ በጽድቅ ምሥጢር ሁሉ ኀያል ነውና።
87ea9c75-fe88-5597-a658-c8347f73822f,2f4a1073-8fb9-59ab-a90e-908568880e69,29481190-7907-5ba5-a3d2-311b854949d2,19,19,አስታራቂው በመናፍስት ጌታ ፊት ቁሟልና፥ ዐመፅ እንደ ጥላ ያልፋል፥ መቆምያም ቦታ የለም።
3436b399-2836-5d17-a062-ec5e2b4ce4fe,2f4a1073-8fb9-59ab-a90e-908568880e69,29481190-7907-5ba5-a3d2-311b854949d2,20,20,ጌትነቱ ለዘለዓለም ነው፥ ኀይሉም ለልጅ ልጅ ዘመን ነው።
322f37c6-3457-5a93-a301-b192616a917f,2f4a1073-8fb9-59ab-a90e-908568880e69,29481190-7907-5ba5-a3d2-311b854949d2,21,21,የጥበብ መንፈስ፥ የማስተዋል መንፈስ፥ የትምህርትና የኀይል መንፈስ፥ በጽድቅ የሞቱትን ሰዎች በእውነት የሚያስነሣቸው መንፈስም በእርሱ ይኖራል።
c8208f38-5ad8-5ca4-a362-783b3e6858b9,2f4a1073-8fb9-59ab-a90e-908568880e69,29481190-7907-5ba5-a3d2-311b854949d2,22,22,እርሱም የተሰወሩትን ይፈርዳል፥ ከንቱ ነገርንም በፊቱ መናገር የሚችል የለም፤ እርሱ እንደ ወደደ በመናፍስት ጌታ ፊት አስታራቂ ነውና።
7bfe7fdf-cbed-548c-a12a-a18bad5aeeb1,2f4a1073-8fb9-59ab-a90e-908568880e69,29481190-7907-5ba5-a3d2-311b854949d2,23,23,በእነዚያም ወራቶች ለቅዱሳንና ለተመረጡት መመለስ ትደረግላቸዋለች፤ የዘመን ብርሃንም በእነርሱ ያድራል፥ ፍጹም ክብርም ለቅዱሳን ይመለስላቸዋል።
003a4cf7-2439-53b8-afa2-d733d770deb4,2f4a1073-8fb9-59ab-a90e-908568880e69,29481190-7907-5ba5-a3d2-311b854949d2,24,24,በጭንቅ ቀንም ለኃጥአን መከራ ትደልብላቸዋለች፤ ጻድቃንም በመናፍስት ጌታ ስም ድል ይነሣሉ።
f1645865-3c0c-5375-a480-d822d2790f9a,2f4a1073-8fb9-59ab-a90e-908568880e69,29481190-7907-5ba5-a3d2-311b854949d2,25,25,ንስሓ ይገቡ ዘንድ፥ የእጃቸውንም ሥራ ይተዉ ዘንድ ለሌሎች ይገልጣል።
27526b45-8a94-5e99-ae45-3f592338c631,2f4a1073-8fb9-59ab-a90e-908568880e69,29481190-7907-5ba5-a3d2-311b854949d2,26,26,በመናፍስት ጌታ ፊትም ክብር ይደረግላቸዋል፥ በስሙም ይድናሉ።
08ed00f3-8149-5d0a-a6c0-2acb4fa542a6,2f4a1073-8fb9-59ab-a90e-908568880e69,29481190-7907-5ba5-a3d2-311b854949d2,27,27,ቸርነቱ ብዙ ነውና፥ በፍርዱና በጌትነቱም ፊት ጻድቅ ነውና የመናፍስት ጌታ ይቅር ይላቸዋል።
ae03d2d4-8acb-5a32-a019-cd84df8a879d,2f4a1073-8fb9-59ab-a90e-908568880e69,29481190-7907-5ba5-a3d2-311b854949d2,28,28,ዐመፅም በፍርዱ ጊዜ አትጸናም፥ ንስሓ የማይገባም በፊቱ ይጠፋል፥ “ከእንግዲህ ወዲያም የመናፍስት ጌታ ይቅር አልላቸውም” አለ።
7775373c-f904-54b4-a2d2-35fac314d5a3,2f4a1073-8fb9-59ab-a90e-908568880e69,29481190-7907-5ba5-a3d2-311b854949d2,29,29,በእነዚያም ወራቶች ምድር አደራዋን ትመልሳለች፤ መቃብርም የተቀበለችውን አደራ ትመልሳለች።
db8093cd-66b7-5fdd-aa0e-434b87dfe5cb,2f4a1073-8fb9-59ab-a90e-908568880e69,29481190-7907-5ba5-a3d2-311b854949d2,30,30,ሞትም የሚከፍለውን ይመልሳል፥ እነርሱም ይድኑ ዘንድ ቀንዋ ቀርባለችና ጻድቃንንና ቅዱሳንን ከእነርሱ ይመርጣል።
d4d7106b-d9bd-5842-a55a-27d115a5eee2,2f4a1073-8fb9-59ab-a90e-908568880e69,29481190-7907-5ba5-a3d2-311b854949d2,31,31,አስታራቂውም በእነዚያ ወራቶች በዙፋኑ ይቀመጣል፤ የጥበብንም ምሥጢር ሁሉ ከአንደበቱ ያወጣል፤ የመናፍስት ጌታ ሰጥቶ አክብሮታልና።
b7b5c21a-a027-5a0a-a9c6-df5629ca0c51,2f4a1073-8fb9-59ab-a90e-908568880e69,29481190-7907-5ba5-a3d2-311b854949d2,32,32,በእነዚያም ወራቶች ተራሮች እንደ ጊደሮች ይዘፍናሉ፤ ኮረብቶችም ወተት እንደ ጠገቡ ጠቦቶች ይዘላሉ።
4b665857-253f-57cf-ac48-f8575cdec7dd,2f4a1073-8fb9-59ab-a90e-908568880e69,29481190-7907-5ba5-a3d2-311b854949d2,33,33,በእነዚያም ወራቶች አስታራቂው ተነሥትWaልና ሁሉም በሰማይ እንደ መላእክት ይሆናሉ። ፊታቸውም በደስታ ይበራል።
1eb0c1f8-6c5b-5e46-a48c-d93ef12d0ff4,2f4a1073-8fb9-59ab-a90e-908568880e69,29481190-7907-5ba5-a3d2-311b854949d2,34,34,ምድርም ደስ ይላታል፥ ጻድቃንም በእርሷ ይኖራሉ፥ የተመረጡትም በእርሷ እየተመላለሱ ይኖራሉ።
ea478ac9-21ec-50d0-a3ad-fc2ebc56e4b2,20e26371-c8a6-59d9-a7f7-a5c1b19f96e0,5cd6ad15-2cff-5acd-ac72-7a11ae77de03,1,1,ከእነዚያም ወራቶች በኋላ የተሰወሩትን ራእዮች ሁሉ ባየሁበት በዚያ ቦታ በነፋስ ሠረገላ ተነጥቄ ነበርና፥ ወደ ምዕራብም ወስደውኝ ነበርና፥
b48baf5d-745d-5952-aca1-46101710035c,20e26371-c8a6-59d9-a7f7-a5c1b19f96e0,5cd6ad15-2cff-5acd-ac72-7a11ae77de03,2,2,በዚያ በምድር ላይ ይደረግ ዘንድ ያለውን የሰማይ ምሥጢር ሁሉ ዐይኖቼ አዩ።
fa3a05f6-02a7-5512-a3c0-a8287331f457,20e26371-c8a6-59d9-a7f7-a5c1b19f96e0,5cd6ad15-2cff-5acd-ac72-7a11ae77de03,3,3,የብረት ተራራንና የናስ ተራራን፥ የብር ተራራንና የወርቅ ተራራን፥ የዕይር ተራራንና የርሳስ ተራራን አዩ።
291f5eee-bc33-5a6c-a94d-ce95d35627a9,20e26371-c8a6-59d9-a7f7-a5c1b19f96e0,5cd6ad15-2cff-5acd-ac72-7a11ae77de03,4,4,ከእኔም ጋር የሚሄደውን መልአክ “በስውር የማያቸው እኒህ ምንድን ናቸው?” ብዬ ጠየቅሁት።
d492a15d-1dc5-5d41-ab66-de66f9ce3693,20e26371-c8a6-59d9-a7f7-a5c1b19f96e0,5cd6ad15-2cff-5acd-ac72-7a11ae77de03,5,5,እርሱም እንዲህ አለኝ- “እኒህ ያየሃቸው ሁሉ ያዝዝ ዘንድ፥ በምድርም ላይ ኀያል ይሆን ዘንድ ለመሲሑ ሥልጣን ይሆናሉ።”
5f1e1c66-1a93-56e1-aec2-3b44c71b7a61,20e26371-c8a6-59d9-a7f7-a5c1b19f96e0,5cd6ad15-2cff-5acd-ac72-7a11ae77de03,6,6,ያም የሰላም መልአክ እንዲህ ሲል መለሰልኝ- “ጥቂት ቈይ፥ ታያለህም፥ የመናፍስት ጌታ ያጸናው፥ የተሰወረውም ሁሉ ይገለጥልሃል።
3825d440-6e89-5371-a642-4b733196fae9,20e26371-c8a6-59d9-a7f7-a5c1b19f96e0,5cd6ad15-2cff-5acd-ac72-7a11ae77de03,7,7,ያየሃቸው እነዚህ ተራሮችም የብረቱ ተራራና የናሱ ተራራ፥ የብሩ ተራራና የወርቁ ተራራ፥ የዕይሩ ተራራና የርሳሱም ተራራ፥ እነዚህ ሁሉ በአስታራቂው ፊት በእሳት ፊት እንዳለ አደሮማር ይሆናሉ።
75543542-da64-5029-a31b-d8c188129142,20e26371-c8a6-59d9-a7f7-a5c1b19f96e0,5cd6ad15-2cff-5acd-ac72-7a11ae77de03,8,8,ከላይ በእነዚያ ተራሮች ላይ እንደሚወርድ ውኃም ይሆናሉ። ከእግሩም በታች ደካሞች ይሆናሉ።
afa3deab-9817-53d5-aee5-8627a59185c7,20e26371-c8a6-59d9-a7f7-a5c1b19f96e0,5cd6ad15-2cff-5acd-ac72-7a11ae77de03,9,9,“በእነዚያም ወራቶች እንደዚህ ይሆናል፥ በወርቅም ቢሆን በብርም ቢሆን አይድኑም፥ ማምለጥና መሸሽም አይቻላቸውም።
ac90f552-49c3-5e9a-a5e4-50b9c08b95f3,20e26371-c8a6-59d9-a7f7-a5c1b19f96e0,5cd6ad15-2cff-5acd-ac72-7a11ae77de03,10,10,ብረትም ለጠብ አይሆንም፥ ልብስም ለደረት ጥሩር አይሆንም፥ ብረትም አይረባም፥ ቅልቅልም አይጠቅምም፥ አይቈጠርምም፥ ርሳስም አይወደድም፥ ነገር ግን እኒህ ሁሉ ይካዳሉ።
72ef47cc-76fb-53f2-aec7-b7629c0d1ecc,20e26371-c8a6-59d9-a7f7-a5c1b19f96e0,5cd6ad15-2cff-5acd-ac72-7a11ae77de03,11,11,አስታራቂውም በመናፍስት ጌታ ፊት በተገለጠ ጊዜ ከምድር ፊት ይጠፉ ዘንድ አላቸው።”
d612ce4f-4f04-5160-ae97-276640e34e1c,20e26371-c8a6-59d9-a7f7-a5c1b19f96e0,5cd6ad15-2cff-5acd-ac72-7a11ae77de03,12,12,በዚያም ዐይኖቼ ጥልቅ ሸለቆን አዩ፥ አፉም የተከፈተ ነው።
405b7114-a83b-5e97-a652-37e2c99dfa24,20e26371-c8a6-59d9-a7f7-a5c1b19f96e0,5cd6ad15-2cff-5acd-ac72-7a11ae77de03,13,13,በየብስና በባሕር፥ በደሴቶችም የሚኖሩ ሁሉ እጅ መንሻ፥ ገጸ በረከትና ግብርን ያመጡለታል፤ ይህም ጥልቅ ሸለቆ አይመላም።
f9d5841e-dd88-5c31-aece-7b057e45379b,20e26371-c8a6-59d9-a7f7-a5c1b19f96e0,5cd6ad15-2cff-5acd-ac72-7a11ae77de03,14,14,እጆቻቸውም በደልን ያደርጋሉ፥ ኃጥአንም ለበደል የሚደክሙበትን ሁሉ ይበላሉ፤
486bc05c-d95e-5850-ad45-590531305505,20e26371-c8a6-59d9-a7f7-a5c1b19f96e0,5cd6ad15-2cff-5acd-ac72-7a11ae77de03,15,15,ከመናፍስት ጌታ ፊትም የተነሣ ኃጥአን ይጠፋሉ፤ ኃጥአንም በምድሩ ፊት ይቆማሉ።
aaa3b581-11fc-5d70-a3b6-6ac497827166,20e26371-c8a6-59d9-a7f7-a5c1b19f96e0,5cd6ad15-2cff-5acd-ac72-7a11ae77de03,16,16,ለዘለዓለሙ አያልቁም፥ የመቅሠፍት መላእክትን ሄደው ለሰይጣን ዙሃውን ሁሉ ሲያዘጋጁ አይቻቸዋለሁና።
ad960446-49d4-5c45-ad8e-1dab9e0519d9,20e26371-c8a6-59d9-a7f7-a5c1b19f96e0,5cd6ad15-2cff-5acd-ac72-7a11ae77de03,17,17,ከእኔም ጋር የሚሄደውን የሰላም መልአክ ጠየቅሁት፥ እንዲህም አልሁት- “እነዚህን ዙሃዎችን ለማን ያዘጋጃሉ?”
49add620-9af8-573f-abdf-b542a54a8a9b,20e26371-c8a6-59d9-a7f7-a5c1b19f96e0,5cd6ad15-2cff-5acd-ac72-7a11ae77de03,18,18,እርሱም አለኝ- “በእነርሱ ይጠፉ ዘንድ፥ ለዚህ ዓለም ነገሥታትና ኀያላን እነዚህን ያዘጋጃሉ።
a889e2ff-c97d-5623-a578-57ea16c76f10,20e26371-c8a6-59d9-a7f7-a5c1b19f96e0,5cd6ad15-2cff-5acd-ac72-7a11ae77de03,19,19,ከዚህም በኋላ እውነተኛው አስታራቂ በመሰብሰቢያው ቤት ይገለጣል።
2a2888cb-550c-53cf-af87-a8f5b702b6ad,20e26371-c8a6-59d9-a7f7-a5c1b19f96e0,5cd6ad15-2cff-5acd-ac72-7a11ae77de03,20,20,ከእንግዲህ ወዲያም በመናፍስት ጌታ ስም አይከለከሉም።
af7f5273-4a46-54a2-a8cf-e887dce4e6de,20e26371-c8a6-59d9-a7f7-a5c1b19f96e0,5cd6ad15-2cff-5acd-ac72-7a11ae77de03,21,21,ተራሮች ሁሉ በፊቱ እንደ ምድር ይሆናሉ፤ ኮረብቶችም እንደ ውኃ ምንጭ ይሆናሉ፤ ጻድቃንም ከኃጥአን ድካም ያርፋሉ።”
7a60cb35-50ea-5189-a826-750af4dfc156,20e26371-c8a6-59d9-a7f7-a5c1b19f96e0,5cd6ad15-2cff-5acd-ac72-7a11ae77de03,22,22,ተመልሼም ሌላ ገጸ ምድር አየሁ፥ በዚያም እሳት ሲነድ ጥልቅ ሸለቆን አየሁ።
eeca7f0e-ad19-5145-af6b-ccb025917f6f,20e26371-c8a6-59d9-a7f7-a5c1b19f96e0,5cd6ad15-2cff-5acd-ac72-7a11ae77de03,23,23,ነገሥታቱንና ኀያላኑንም አምጥተው በዚያ ጥልቅ ሸለቆ ውስጥ ጣሏቸው።
1b102384-c0e2-5c84-a8e5-d7b96abea746,20e26371-c8a6-59d9-a7f7-a5c1b19f96e0,5cd6ad15-2cff-5acd-ac72-7a11ae77de03,24,24,በዚያም ዐይኖቼ ዙሃዎችን ሚዛን የሌላቸው የብረት ማሠሪያዎችን አድርገው ሲሠሯቸው አዩ።
cea4b439-5e26-549c-a271-7f9a4c316312,20e26371-c8a6-59d9-a7f7-a5c1b19f96e0,5cd6ad15-2cff-5acd-ac72-7a11ae77de03,25,25,ከእኔም ጋር የሚሄደውን የሰላም መልአክ “እነዚህ የዙሃዎች ማሠሪያዎች ለማን ይዘጋጃሉ?” ብዬ ጠየቅሁት።
63f99b2b-3e0f-5747-a1f1-9076b630846e,20e26371-c8a6-59d9-a7f7-a5c1b19f96e0,5cd6ad15-2cff-5acd-ac72-7a11ae77de03,26,26,እርሱም እንዲህ አለኝ- “ተቀብለው ከገሃነም በታች ይጥሏቸው ዘንድ እነዚህ ለአዛዝኤል ሠራዊት ይዘጋጃሉ።
80f79e9e-4d25-50d3-aa07-750361084ee6,20e26371-c8a6-59d9-a7f7-a5c1b19f96e0,5cd6ad15-2cff-5acd-ac72-7a11ae77de03,27,27,የመናፍስት ጌታም እንዳዘዘ በፊታቸው ጠማማ ድንጋዮችን ይገጥሙባቸዋል።
83e07510-5163-5227-afc8-edeff77c6e89,20e26371-c8a6-59d9-a7f7-a5c1b19f96e0,5cd6ad15-2cff-5acd-ac72-7a11ae77de03,28,28,ሚካኤልና ገብርኤል፥ ሩፋኤልና ፋኑኤል እነርሱ በዚያች በታላቅዋ ቀን ያጠኑባቸዋል።
3b870826-a06d-5819-a21a-d1f118f74436,20e26371-c8a6-59d9-a7f7-a5c1b19f96e0,5cd6ad15-2cff-5acd-ac72-7a11ae77de03,29,29,በዚያም ቀን የሰይጣን መልእክተኞች ስለሆኑ፥ በምድር ላይ የሚኖሩትንም ስላሳትWaቸው በዐመፃቸው የመናፍስት ጌታ ከእነርሱ በቀልን ይመልስ ዘንድ እሳት ወደሚነድድበት ምድጃ ይጥሏቸዋል።
f7403989-a039-5d1c-a81f-db3aaf5bbf6e,20e26371-c8a6-59d9-a7f7-a5c1b19f96e0,5cd6ad15-2cff-5acd-ac72-7a11ae77de03,30,30,“በዚያም ወራት የመናፍስት ጌታ መቅሠፍት ይወጣል።
eee18d6a-bf41-5245-aab6-162e731dabee,20e26371-c8a6-59d9-a7f7-a5c1b19f96e0,5cd6ad15-2cff-5acd-ac72-7a11ae77de03,31,31,ከሰማያት በላይ ያሉ የውኃዎች መዛግብት ሁሉ፥ ከሰማያት በታችና፥ ከምድር በላይ ያሉ ምንጮችም ይከፈታሉ።
c6bb0dd3-7637-54a4-a91f-19bc56130f6c,20e26371-c8a6-59d9-a7f7-a5c1b19f96e0,5cd6ad15-2cff-5acd-ac72-7a11ae77de03,32,32,ውኆችም ሁሉ ከሰማያት በላይ ካሉ ውኃዎች ጋር ይጨመራሉ።
f2fdce2e-6af1-5e84-a822-c6575e79af3c,20e26371-c8a6-59d9-a7f7-a5c1b19f96e0,5cd6ad15-2cff-5acd-ac72-7a11ae77de03,33,33,ከሰማያት በላይ ያለ ውኃ ግን ተባዕታይ ነው፥ ከምድር በታች ያለችው ውኃም አንስታይ ናት።
1a1e91a5-92f8-5847-adf9-3d804d0045a9,20e26371-c8a6-59d9-a7f7-a5c1b19f96e0,5cd6ad15-2cff-5acd-ac72-7a11ae77de03,34,34,በምድር ላይ የሚኖሩና ከሰማይ ዳርቻ በታች የሚኖሩ ሁሉ ይደመሰሳሉ።
649f0869-af7a-561e-a862-7f6833fe0fb0,20e26371-c8a6-59d9-a7f7-a5c1b19f96e0,5cd6ad15-2cff-5acd-ac72-7a11ae77de03,35,35,ስለዚህም በምድር ላይ የሠሯትን ኀጢአታቸውን ዐወቋት፤ ስለዚህም ይጠፋሉ።”
939cc756-5621-542b-a613-18f0e3fd40b1,d0647ed3-6b0b-5887-a630-24aa26c18b27,1c43f3ff-a360-5685-a3f5-4f61cd78184e,1,1,ከዚህም በኋላ ብሉየ መዋዕል አዘነ፥ እንዲህም አለ- “በምድር ላይ የሚኖሩትን ሰዎች ሁሉ በከንቱ አጠፋኋቸው፤”
9ac10969-0697-5a25-a8c0-399be95fa881,d0647ed3-6b0b-5887-a630-24aa26c18b27,1c43f3ff-a360-5685-a3f5-4f61cd78184e,2,2,ከእንግዲህም ወዲያ በምድር ላይ በሚኖሩ ሰዎች ሁሉ እንዲህ እንደማያደርግ በገናና ስሙ ማለ።
ee3d4e43-a1aa-57fa-a9e7-22272d69e6fc,d0647ed3-6b0b-5887-a630-24aa26c18b27,1c43f3ff-a360-5685-a3f5-4f61cd78184e,3,3,እንዲህም አለ- “በሰማይ ምልክት አደርጋለሁ፥ ይህም በእነርሱና በእኔ መካከል በምድር ላይ የሰማይን ዘመን ያህል እስከ ዘለዓለም መተማመኛ ይሆናል።
6957c4b5-b63e-5110-aff6-69f9baabbb05,d0647ed3-6b0b-5887-a630-24aa26c18b27,1c43f3ff-a360-5685-a3f5-4f61cd78184e,4,4,ከዚህም በኋላ በመላእክት እጅ አጸናባቸው ዘንድ ብወድ በትእዛዜ ነው።
9df33ff2-c412-50f2-abca-f846542bdc75,d0647ed3-6b0b-5887-a630-24aa26c18b27,1c43f3ff-a360-5685-a3f5-4f61cd78184e,5,5,በችግርና በመከራ ቀን ከዚህ አስቀድሞ መዓቴም፥ መቅሠፍቴም ያድርባቸዋል።
567add40-7b38-59ff-adae-ab7a6f047bef,d0647ed3-6b0b-5887-a630-24aa26c18b27,1c43f3ff-a360-5685-a3f5-4f61cd78184e,6,6,የመናፍስት ጌታ እግዚአብሔርም በምድር የምትኖሩ ኀይለኞች ነገሥታት! እኔ የመረጥሁትን በጌትነቱ ዙፋን በሚቀመጥበት ጊዜ ታዩት ዘንድ አላችሁ አለ።
fd46b5ca-3c82-5129-afa2-977adf29f0cb,d0647ed3-6b0b-5887-a630-24aa26c18b27,1c43f3ff-a360-5685-a3f5-4f61cd78184e,7,7,እርሱም በአዛዝኤልና በማኅበሩ ሁሉ፥ በሠራዊቱም ሁሉ ላይ በመናፍስት ጌታ ስም ይፈርዳል።”
868f7c74-a2b3-5b49-abbd-f8a6c9c1a4dd,d0647ed3-6b0b-5887-a630-24aa26c18b27,1c43f3ff-a360-5685-a3f5-4f61cd78184e,8,8,በዚያም የመቅሠፍት መላእክትን ሠራዊት ሲሄዱ አየሁ፤ የብረትና የብርት ወጥመዶችንም ይዘዋል።
9067f96f-a378-5cca-ac65-40416dc87598,d0647ed3-6b0b-5887-a630-24aa26c18b27,1c43f3ff-a360-5685-a3f5-4f61cd78184e,9,9,ከእኔም ጋር የሚሄደውን የሰላም መልአክ “ወጥመዶችን የያዙ እነዚህ ማንን ሊያሥሩ ይሄዳሉ?” ብዬ ጠየቅሁት።
5b1b5a08-844f-5a54-a07a-450159800dfc,d0647ed3-6b0b-5887-a630-24aa26c18b27,1c43f3ff-a360-5685-a3f5-4f61cd78184e,10,10,እርሱም እንዲህ አለኝ- “በሸለቆው ጥልቅ ዋሻ ውስጥ ይወድቁ ዘንድ እያንዳንዳቸው ለመረጡአቸውና ለወደዱአቸው ናቸው።
0ee8b8fa-b025-5899-aa48-74477cd2e1b3,d0647ed3-6b0b-5887-a630-24aa26c18b27,1c43f3ff-a360-5685-a3f5-4f61cd78184e,11,11,ያንጊዜም ያ ሸለቆ ከመረጧቸውና ከወደዷቸው የተነሣ ይሞላል።
bf96c6b5-13e1-5304-a16b-7580769fd24e,d0647ed3-6b0b-5887-a630-24aa26c18b27,1c43f3ff-a360-5685-a3f5-4f61cd78184e,12,12,የሕይወትም ቀናቸው ያልቃል፥ የስሕተታቸውም ቀን ከዛሬ በኋላ አይቈጠርም።
96201865-9739-539d-ac84-477da7d9cf81,d0647ed3-6b0b-5887-a630-24aa26c18b27,1c43f3ff-a360-5685-a3f5-4f61cd78184e,13,13,“በእነዚያም ወራቶች አለቆች ተሰብስበው ወደ ጳርቴና ወደ ሜድ ሰዎች ወደ ምሥራቅ ራሳቸውን ይመልሳሉ።
0ef796f3-9b1c-5213-a483-d104bb21356b,d0647ed3-6b0b-5887-a630-24aa26c18b27,1c43f3ff-a360-5685-a3f5-4f61cd78184e,14,14,ነገሥታቱንም ያነቃንቋቸዋል፥ የሁከት መንፈስም ያድርባቸዋል፥ ከዙፋናቸውም ይገለብጧቸዋል።
a42b5162-12a5-527a-a332-cd293819fb79,d0647ed3-6b0b-5887-a630-24aa26c18b27,1c43f3ff-a360-5685-a3f5-4f61cd78184e,15,15,እንደ አንበሶች ከመደባቸው፥ እንደ ተራቡ ጅቦችም ከመንጋዎቻቸው መካከል ይወጣሉ።
5708e6ad-3d5a-5059-ad1a-697ddf87e557,d0647ed3-6b0b-5887-a630-24aa26c18b27,1c43f3ff-a360-5685-a3f5-4f61cd78184e,16,16,“ይዘምታሉ፥ የምርጦቻቸውንም ሀገር ይረግጣሉ፤ የእርሱ ምርጦች ሀገርም በፊታቸው መመላለሻና መገሥገሻ ትሆናለች።
c9a1d8f6-ef58-5ef9-a84f-4086d6a15334,d0647ed3-6b0b-5887-a630-24aa26c18b27,1c43f3ff-a360-5685-a3f5-4f61cd78184e,17,17,የጻድቃኔ ከተማ ግን ለፈረሶቻቸው መሰናክል ትሆናለች።
7ed69bbf-d1ed-5c5e-a601-276752c6c96f,d0647ed3-6b0b-5887-a630-24aa26c18b27,1c43f3ff-a360-5685-a3f5-4f61cd78184e,18,18,እርስ በርሳቸውም ጦርነትን ያነሣሉ፤ ቀኝ እጃቸውም በእነርሱ ላይ ትጸናለች፥ ሰውም ባልንጀራውን፥ ወንድሙንም አያውቀውም።
a67da858-b23d-5c97-a56e-be1027a31e32,d0647ed3-6b0b-5887-a630-24aa26c18b27,1c43f3ff-a360-5685-a3f5-4f61cd78184e,19,19,ልጅም ከሞታቸው የተነሣ ሬሣቸው እስኪቈጠር ድረስ አባቱንና እናቱን አያውቅም። መቅሠፍታቸውም ከንቱ አይሆንም።
52fa7ce0-5180-5051-ab9c-1ebffd8fadeb,d0647ed3-6b0b-5887-a630-24aa26c18b27,1c43f3ff-a360-5685-a3f5-4f61cd78184e,20,20,በእነዚያም ወራቶች መቃብር አፏን ትከፍታለች።
05baaa9f-b29d-5c5b-a35f-9cf22a0f7a3d,d0647ed3-6b0b-5887-a630-24aa26c18b27,1c43f3ff-a360-5685-a3f5-4f61cd78184e,21,21,በውስጧም ይቀበራሉ፤ ታጠፋቸዋለችም፥ ከተመረጡት ፊት የተነሣም ሲኦል ትውጣቸዋለች።”
70821e33-0a3e-5522-a667-74f46a82478a,d0647ed3-6b0b-5887-a630-24aa26c18b27,1c43f3ff-a360-5685-a3f5-4f61cd78184e,22,22,ከዚህም በኋላ እንዲህ ሆነ፥ ሰዎች ተቀምጠውባቸው ሌሎች ብዙዎች ሠረገላዎችን አየሁ።
3904436a-58ed-587d-a09b-6447644699ec,d0647ed3-6b0b-5887-a630-24aa26c18b27,1c43f3ff-a360-5685-a3f5-4f61cd78184e,23,23,በነፋሳትም ላይ ሆነው ከምሥራቅና ከምዕራብ እስከ ቀን እኩሌታ ይመጣሉ።
524b4b3a-72f6-5a91-aaae-0e54d9b36265,d0647ed3-6b0b-5887-a630-24aa26c18b27,1c43f3ff-a360-5685-a3f5-4f61cd78184e,24,24,የሠረገሎቻቸው ድምፅ ቃልም ተሰማ፥ ይህም ሁከት በተደረገ ጊዜ ቅዱሳን በሰማይ ሁነው ዐወቁ።
b1c8d692-f667-5263-ab59-e57a36ed9092,d0647ed3-6b0b-5887-a630-24aa26c18b27,1c43f3ff-a360-5685-a3f5-4f61cd78184e,25,25,የምድር ምሰሶም ከቦታው ተናወጠ።
37ec6b9d-7cbf-5b92-a2a9-cb7d58c26126,d0647ed3-6b0b-5887-a630-24aa26c18b27,1c43f3ff-a360-5685-a3f5-4f61cd78184e,26,26,ከሰማይ ዳርቻ ጀምሮ እስከ ምድር ዳርቻ ድረስም ባንዲት ቀን ተሰማ።
6e2f3f3d-be21-5653-a756-0c61169936a2,d0647ed3-6b0b-5887-a630-24aa26c18b27,1c43f3ff-a360-5685-a3f5-4f61cd78184e,27,27,ሁሉም ወድቀው ለመናፍስት ጌታ ይሰግዳሉ።
73654751-f106-5287-adb1-9048fb9dcab1,d0647ed3-6b0b-5887-a630-24aa26c18b27,1c43f3ff-a360-5685-a3f5-4f61cd78184e,28,28,የሁለተኛውም ምሳሌ መጨረሻ ይህ ነው።
9b738b9e-2bd1-5701-a895-f892d97418b8,d0647ed3-6b0b-5887-a630-24aa26c18b27,1c43f3ff-a360-5685-a3f5-4f61cd78184e,29,29,ስለ ጻድቃንና ስለ ተመረጡት ሦስተኛውን ምሳሌ እናገር ዘንድ ጀመርሁ።
823f727b-9c66-5209-a214-b8d0797c1469,d0647ed3-6b0b-5887-a630-24aa26c18b27,1c43f3ff-a360-5685-a3f5-4f61cd78184e,30,30,እናንተ ጻድቃንና የተመረጣችሁ ብፁዓን ናችሁ፤ ዕድላችሁ ክቡር ነውና።
145ae2da-439c-5ce5-a36f-fc0d9fd61e96,d0647ed3-6b0b-5887-a630-24aa26c18b27,1c43f3ff-a360-5685-a3f5-4f61cd78184e,31,31,ጻድቃን በፀሐይ ብርሃን፥ የተመረጡትም በዘለዓለማዊ የሕይወት ብርሃን ይሆናሉ።
c3c3e3a0-6c47-5647-abfc-3e24967e3d35,d0647ed3-6b0b-5887-a630-24aa26c18b27,1c43f3ff-a360-5685-a3f5-4f61cd78184e,32,32,ለሕይወታቸው ዘመንም ፍጻሜ የለውም፥ ለቅዱሳንም የዘመን ቍጥር የላቸውም።
37c11ac7-f548-52cc-ab7f-dfcce9a0f758,d0647ed3-6b0b-5887-a630-24aa26c18b27,1c43f3ff-a360-5685-a3f5-4f61cd78184e,33,33,ብርሃንንም ይፈልጉታል፥ በመናፍስት ጌታም ዘንድ ጽድቅን ያገኛሉ።
aad1396f-6bb7-5cd2-a866-e7dfc298f5cf,d0647ed3-6b0b-5887-a630-24aa26c18b27,1c43f3ff-a360-5685-a3f5-4f61cd78184e,34,34,በመናፍስት ጌታም ዘንድ ለጻድቃን ሰላም ይሆናል።
401f1514-fdd6-54f4-a392-779160ebf9c0,d0647ed3-6b0b-5887-a630-24aa26c18b27,1c43f3ff-a360-5685-a3f5-4f61cd78184e,35,35,ከዚህም በኋላ የሃይማኖት ዕድል ፋንታ የሆነውን የጽድቅ ምሥጢር በሰማይ ይፈልጉ ዘንድ ለጻድቃን ይነገራል።
4578505c-3528-5f6c-a22f-7f3f8a2424b3,d0647ed3-6b0b-5887-a630-24aa26c18b27,1c43f3ff-a360-5685-a3f5-4f61cd78184e,36,36,እንደ ፀሐይ በምድር ላይ ወጥትWaልና፥ ጨለማም አልፎአልና፤ የማይቈጠር ብርሃንም ይሆናል።
71163ea6-b9f7-56ac-a8ce-0be08af1cbd6,d0647ed3-6b0b-5887-a630-24aa26c18b27,1c43f3ff-a360-5685-a3f5-4f61cd78184e,37,37,አስቀድሞ ጨለማ አልፎአልና በዘመን ቍጥር አይገቡም።
ef54a535-0359-580b-a754-c309eb26d9db,d0647ed3-6b0b-5887-a630-24aa26c18b27,1c43f3ff-a360-5685-a3f5-4f61cd78184e,38,38,ብርሃንም በመናፍስት ጌታ ፊት ይጸናል፤ የእውነተኛ ፍርድ ብርሃንም በመናፍስት ጌታ ፊት ለዘለዓለም ትጸናለች።
5a5fcdb3-3caa-5284-a671-367ca3765272,d0647ed3-6b0b-5887-a630-24aa26c18b27,1c43f3ff-a360-5685-a3f5-4f61cd78184e,39,39,በእነዚያም ወራቶች ዐይኖቼ የመባርቅትንና የብርሃናትን ምሥጢራት፥ ፍርዳቸውንም አዩ።
0651639c-9aae-5485-a909-410c21d20a77,d0647ed3-6b0b-5887-a630-24aa26c18b27,1c43f3ff-a360-5685-a3f5-4f61cd78184e,40,40,የመናፍስት ጌታም እንደ ወደደ ለበረከትና ለመርገም ያበራሉ።
022906ce-c22d-535b-a036-becd1730940f,d0647ed3-6b0b-5887-a630-24aa26c18b27,1c43f3ff-a360-5685-a3f5-4f61cd78184e,41,41,በዚያም የነጐድጓድ ምሥጢርን አየሁ፤ በሰማይ ላይም ብልጭ ባለ ጊዜ ቃላቸው ይሰማል።
6da425a5-7105-5708-ac93-9a8990b3f61c,d0647ed3-6b0b-5887-a630-24aa26c18b27,1c43f3ff-a360-5685-a3f5-4f61cd78184e,42,42,የየብሱንም ቦታዎች አሳየኝ።
a6215872-a262-5974-af9f-589bd98efa0d,d0647ed3-6b0b-5887-a630-24aa26c18b27,1c43f3ff-a360-5685-a3f5-4f61cd78184e,43,43,የነጐድጓዱም ቃል ለሰላምና ለበረከት ነው፤ ለመርገም ቢሆንም በመናፍስት ጌታ ቃል ነው።
2cdefac9-7bac-51d4-adc0-4b12473cbca5,d0647ed3-6b0b-5887-a630-24aa26c18b27,1c43f3ff-a360-5685-a3f5-4f61cd78184e,44,44,ከዚህም በኋላ የብርሃናትና የመባርቅት ምሥጢሮች ሁሉ ተገለጡልኝ።
e7217add-00c0-5f2c-aa63-437c34e2d85c,d0647ed3-6b0b-5887-a630-24aa26c18b27,1c43f3ff-a360-5685-a3f5-4f61cd78184e,45,45,ለበረከትና ለጥጋብም ያበራሉ።
61e3f76b-86cf-507e-a632-8c94d932c154,175dee34-cab7-5521-a08d-8484e64df9b3,817bdd93-3759-55f4-a9a6-a2f4ef7927bd,1,1,ሄኖክ ከተሰወረ በኋላ በአምስት መቶ ዓመት፥ በሰባተኛውም ወር በዐሥራ አራተኛው ቀን ከሰማያት በላይ ያለች ሰማይ ታላቅ ንውጥውጥታን እንደምትነዋወጥ፥ የልዑልም ሠራዊት እንደሚነዋወጡ በዚያ ምሳሌ አየሁ።
49dd06f3-8603-5cda-adc7-baee7d27644f,175dee34-cab7-5521-a08d-8484e64df9b3,817bdd93-3759-55f4-a9a6-a2f4ef7927bd,2,2,ብዙ፥ የብዙ ብዙ መላእክትም ታላቅ ሁከትን ታወኩ።
47cae4df-a40e-5f6a-a2dc-e172added406,175dee34-cab7-5521-a08d-8484e64df9b3,817bdd93-3759-55f4-a9a6-a2f4ef7927bd,3,3,ያንጊዜም ብሉየ መዋዕልን በጌትነቱ ዙፋን ተቀምጦ አየሁ።
6798feaf-301f-5463-aab7-69d5e6692fa3,175dee34-cab7-5521-a08d-8484e64df9b3,817bdd93-3759-55f4-a9a6-a2f4ef7927bd,4,4,መላእክትና ጻድቃንም በዙሪያው ቆመው አየሁ፤ እኔንም ጽኑ እንቅጥቅጥ ፈጽሞ ያዘኝ።
16121fb6-4f67-5d78-a63a-873a38b5aa8b,175dee34-cab7-5521-a08d-8484e64df9b3,817bdd93-3759-55f4-a9a6-a2f4ef7927bd,5,5,ፍርሀትም ያዘኝ፥ ወገቤም ጐበጠ፤ ተለያየም፤ ሁለመናዬም እንደ ሰም ቀለጠ፤ በግንባሬም ወደቅሁ።
cc5cf938-e333-506c-ab46-11c6c15638ae,175dee34-cab7-5521-a08d-8484e64df9b3,817bdd93-3759-55f4-a9a6-a2f4ef7927bd,6,6,ቅዱስ ሚካኤልም ከቅዱሳን መላእክት አንዱን ሌላ መልአክ ልኮ አነሣኝ።
bc5a9af3-dc51-59bd-a17e-eedde1b90e45,175dee34-cab7-5521-a08d-8484e64df9b3,817bdd93-3759-55f4-a9a6-a2f4ef7927bd,7,7,ባነሣኝም ጊዜ ነፍሴ ተመለሰች፤ ያን ተአምራትና ያንም ሁከት፥ የሰማይንም መነዋወጥ ከማየት የተነሣ መታገሥን አልቻልሁምና።
f4d6a521-9218-5bed-a558-c97f5538857a,175dee34-cab7-5521-a08d-8484e64df9b3,817bdd93-3759-55f4-a9a6-a2f4ef7927bd,8,8,ቅዱስ ሚካኤልም እንዲህ አለኝ- “ምን ራእይ ስላየህ እንደዚህ ታወክህ?”
45ebf3e3-5d8f-5feb-aeed-ceb9e2d7651c,175dee34-cab7-5521-a08d-8484e64df9b3,817bdd93-3759-55f4-a9a6-a2f4ef7927bd,9,9,የምሕረቱ ቀንም እስከ ዛሬ አለች፤ መሓሪውም አለ፤ በምድር በሚኖሩ ላይም መዓቱ የራቀ ነው።
c28a152f-b898-597b-a44c-fab0aa5faea9,175dee34-cab7-5521-a08d-8484e64df9b3,817bdd93-3759-55f4-a9a6-a2f4ef7927bd,10,10,የመናፍስት ጌታ ለእውነተኛ ፍርዱ ለሚሰግዱ፥ እውነተኛ ፍርዱንም ለሚክዱ፥ ስሙንም በከንቱ ለሚያነሡ ያዘጋጃት፥ የኀይል፥ የመቅሠፍትና የፍርድ ቀን በምትመጣበት ጊዜ፥
33a40951-3f12-53c5-aa9a-6b6ab32570f0,175dee34-cab7-5521-a08d-8484e64df9b3,817bdd93-3759-55f4-a9a6-a2f4ef7927bd,11,11,ያች ቀን ለተመረጡት የቃል ኪዳን፥ ለኃጥኣንም የምርመራ ቀን ሆና ተዘጋጅታለች።”
77dc625e-5f69-5004-a9d8-3f6f7830262c,175dee34-cab7-5521-a08d-8484e64df9b3,817bdd93-3759-55f4-a9a6-a2f4ef7927bd,12,12,በዚያችም ቀን ሁለቱ አንበሬዎች ይለያያሉ፤ ሌዋታን የምትባለው አንስታይ አንበሪ ከውኃዎች ምንጮች በላይ በባሕሩ ጥልቅ ትኖር ዘንድ ትለያለች።
12f6dfc1-d04a-56da-a960-6d92b93ff44b,175dee34-cab7-5521-a08d-8484e64df9b3,817bdd93-3759-55f4-a9a6-a2f4ef7927bd,13,13,የማይታየውን ምድረ በዳ በደረቱ የሚይዝ፥ ስሙ ብሔሞት የሚባለው ተባዕት አንበሪም ይለያል።
6dc299ea-be4a-5407-a2f9-9815e234d56f,175dee34-cab7-5521-a08d-8484e64df9b3,817bdd93-3759-55f4-a9a6-a2f4ef7927bd,14,14,የቦታውም ስም ጻድቃንና የተመረጡት በሚኖሩበት፥ የመናፍስት ጌታ ለፈጠራቸው ሰዎች መጀመሪያቸው ከሆነው ከአዳም ሰባተኛ የሆነ አያቴ በተወሰደበት በገነት ምሥራቅ ያለ ዴንዳይን ይባላል።
d217cd8f-6e11-5a2e-a932-aa7d47ca143f,175dee34-cab7-5521-a08d-8484e64df9b3,817bdd93-3759-55f4-a9a6-a2f4ef7927bd,15,15,እኔም ባንዲት ቀን እንዴት እንደ ተለዩ፥ አንዱ በባሕሩ ጥልቅ፥ አንዱም በምድረ በዳ እንዴት እንደሚኖሩ የእነዚያን አንበሬዎች ኀይላቸውን ይገልጥልኝ ዘንድ ያን ሁለተኛውን መልአክ ጠየቅሁት።
950cb2b8-9e89-59cb-a7f2-2c4be7a38d05,175dee34-cab7-5521-a08d-8484e64df9b3,817bdd93-3759-55f4-a9a6-a2f4ef7927bd,16,16,እርሱም አለኝ- “አንተ የሰው ልጅ፥ የተሰወረን ነገር በዚህ ልታውቅ ትወዳለህ?”
98731a5a-fb73-5326-af22-a898b7ce2568,175dee34-cab7-5521-a08d-8484e64df9b3,817bdd93-3759-55f4-a9a6-a2f4ef7927bd,17,17,ከእኔ ጋር የሚሄደው፥ የተሰወረውን የፊተኛውንና የኋለኛውን፥ በላይ በሰማይ፥ በምድርም በጥልቁ፥ በሰማይ ዳርቻና በሰማይ መሠረትም፥ በነፋሳትም መዛግብት ያለውን የገለጠልኝ ሁለተኛው መልአክ፥
a789c70a-7b7c-54fd-a109-2bfdb689faab,175dee34-cab7-5521-a08d-8484e64df9b3,817bdd93-3759-55f4-a9a6-a2f4ef7927bd,18,18,ነፋሳት እንዴት እንደሚከፈሉና እንደሚመዘኑ፥ ምንጮችና ነፋሳትም በመንፈስ ኀይል እንደሚከፈሉ፥ የጨረቃም የብርሃኑ ኀይል፥ የእውነት ሥራ እንደ መሆኑ፥ የከዋክብትም ክፍሎች በየስማቸው እንደሚከፈሉ ንገረኝ።
9744b210-3e83-53ba-a062-8612d0abef54,175dee34-cab7-5521-a08d-8484e64df9b3,817bdd93-3759-55f4-a9a6-a2f4ef7927bd,19,19,ክፍሉም ሁሉ ይከፈላል፤ ነጐድጐዶችም በመውደቂያቸው ይሰማሉ፤ ለሚከፈለው ክፍል ሁሉ መጠን አለው።
cefa249a-1025-528f-ab17-c4652e59b083,175dee34-cab7-5521-a08d-8484e64df9b3,817bdd93-3759-55f4-a9a6-a2f4ef7927bd,20,20,መብረቁ ይበራ ዘንድ፥ ሠራዊታቸውም ፈጥነው ይሰሙ ዘንድ ለነጐድጓድ ማረፊያ አለውና በትዕግሥት ለቃሉ ተሰጠው።
1722085e-1f6f-5727-a222-a17d57374a02,175dee34-cab7-5521-a08d-8484e64df9b3,817bdd93-3759-55f4-a9a6-a2f4ef7927bd,21,21,ነጐድጓድና መብረቅ አይለያዩም፤ እያንዳንዳቸውም ሁለቱ በነፋስ ይሄዳሉ።
95cd256d-7ecb-533e-abbf-8df58c1a5265,175dee34-cab7-5521-a08d-8484e64df9b3,817bdd93-3759-55f4-a9a6-a2f4ef7927bd,22,22,መብረቅ ብልጭ ባለ ጊዜ ነጐድጓድ ቃሉን ይሰጣልና አይለያዩም፤ ነፋሱም ወዲያውኑ ያርፋል።
9cac9c95-93c4-55ce-aee4-da9e39277084,175dee34-cab7-5521-a08d-8484e64df9b3,817bdd93-3759-55f4-a9a6-a2f4ef7927bd,23,23,በመካከላቸውም እኩል ይከፍላል፤ የሚወጡበት ቅፅበት እንደ አሸዋ ነውና።
927f444b-c05a-522c-a4cf-b9f79e1118e8,175dee34-cab7-5521-a08d-8484e64df9b3,817bdd93-3759-55f4-a9a6-a2f4ef7927bd,24,24,ከእነርሱም እያንዳንዳቸው ወዲያውኑ በልጓም ይገታሉ።
5b2d653f-0c29-56c5-a610-eaef8461af23,175dee34-cab7-5521-a08d-8484e64df9b3,817bdd93-3759-55f4-a9a6-a2f4ef7927bd,25,25,በነፋስም ኀይል ይመላለሳሉ፤ እንደ ምድር ዳርቻዎች ብዛትም እንዲሁ ይነዳሉ።
880d50d2-6130-5b6a-a378-cc105808b47f,175dee34-cab7-5521-a08d-8484e64df9b3,817bdd93-3759-55f4-a9a6-a2f4ef7927bd,26,26,የባሕሩም መንፈስ
267927e4-1199-526a-ae44-143c429f1871,175dee34-cab7-5521-a08d-8484e64df9b3,817bdd93-3759-55f4-a9a6-a2f4ef7927bd,27,27,እንዲህም ትነዳለች፤ በምድር ተራሮችም ሁሉ ትበተናለች።
a0669e12-3a57-55b9-a257-310f76915058,175dee34-cab7-5521-a08d-8484e64df9b3,817bdd93-3759-55f4-a9a6-a2f4ef7927bd,28,28,የውርጩም ነፋስ የእርሱ መልአክ ነው፤ የበረዱም ነፋስ ቸር መልአክ ነው።
e2609635-5799-5eb9-a9d3-045c144ef7cf,175dee34-cab7-5521-a08d-8484e64df9b3,817bdd93-3759-55f4-a9a6-a2f4ef7927bd,29,29,የአመዳዩ ነፋስም ስለ ብርታቱ ቆመ፤ ለብቻውም መልአክ አለው።
51e06ef9-8007-5e86-aba4-a860fe2d5b90,175dee34-cab7-5521-a08d-8484e64df9b3,817bdd93-3759-55f4-a9a6-a2f4ef7927bd,30,30,ከእርሱም የሚወጣው እንደ ጢስ ያለ ነው፥ ስሙም ደደክ ይባላል።
8a4e3814-c6db-5c6e-a4c9-82f4afc9fb24,175dee34-cab7-5521-a08d-8484e64df9b3,817bdd93-3759-55f4-a9a6-a2f4ef7927bd,31,31,የጉም ነፋስም ከእነርሱ ጋር በመዛግብታቸው አይተባበርም፤ ነገር ግን አካሄዱ በጌትነት፥ በብርሃንና በጨለማ፥ በክረምትና በበጋ ነውና ለብቻው መዝገብ አለው።
5fef192b-f03c-55d2-a6c3-7c9552506efb,175dee34-cab7-5521-a08d-8484e64df9b3,817bdd93-3759-55f4-a9a6-a2f4ef7927bd,32,32,የእርሷም ቦታ
eda4c207-7273-55d5-abef-b9d291602b75,175dee34-cab7-5521-a08d-8484e64df9b3,817bdd93-3759-55f4-a9a6-a2f4ef7927bd,33,33,ከዝናም መዛግብትም ጋር አንድ ነው፤ መሄጃውም በክረምትና በበጋ ነው።
192d68b2-92ea-50ee-ac8d-495abfd14a4d,175dee34-cab7-5521-a08d-8484e64df9b3,817bdd93-3759-55f4-a9a6-a2f4ef7927bd,34,34,ደመናውም ከጉም ደመና ጋር አንድ ነው፤ አንዱ መግቦ ለሌላዉ ይሰጣል።
12285395-5035-5ede-a818-e4500731f2f1,175dee34-cab7-5521-a08d-8484e64df9b3,817bdd93-3759-55f4-a9a6-a2f4ef7927bd,35,35,የዝናሙ ነፋስ ከመዝገቡ በሚናወጥ ጊዜ መላእክት ይወጣሉ፤ መዝገቡንም ከፍተው ያወጡታል።
b14199f9-4e2f-578a-a925-92afbc5c3b0e,175dee34-cab7-5521-a08d-8484e64df9b3,817bdd93-3759-55f4-a9a6-a2f4ef7927bd,36,36,በምድር ሁሉ ላይ ዝናሙ በሚበተን ጊዜ በምድር ላይ ካለው ውኃ ሁሉ ጋር አንድ ይሆናል።
b1f0dea7-8a92-56c6-a4b8-3c46b22e84f5,175dee34-cab7-5521-a08d-8484e64df9b3,817bdd93-3759-55f4-a9a6-a2f4ef7927bd,37,37,ዝናሙም በየጊዜው ሁሉ በምድር ላይ ካለው ውኃ ጋራ በሚተባበርበት ጊዜ ውኃዎች በምድር ለሚኖሩ ሰዎች ለጥቅም ናቸው፤ ከሰማይ ከልዑል ዘንድ ለምድር ምግቧ ናቸውና። ስለዚህም ለዝናሙ መጠን አለው፤ መላእክትም ይቀበሉታል።
ae995901-c2fb-512d-a53b-c9f858ff7099,175dee34-cab7-5521-a08d-8484e64df9b3,817bdd93-3759-55f4-a9a6-a2f4ef7927bd,38,38,እነዚህንም ሁሉ እስከ ጻድቃን ገነት ድረስ አየሁ።
7cca002c-8960-553c-a870-09257b829c0e,175dee34-cab7-5521-a08d-8484e64df9b3,817bdd93-3759-55f4-a9a6-a2f4ef7927bd,39,39,ከእኔም ጋር የሚኖረው የሰላም መልአክ እንዲህ አለኝ- “እነዚህ ሁለቱ አንበሬዎች በታላቋ የእግዚአብሔር ቀን
cf367c0f-a441-50fb-a2ea-e10c4504257e,175dee34-cab7-5521-a08d-8484e64df9b3,817bdd93-3759-55f4-a9a6-a2f4ef7927bd,40,40,የመናፍስት ጌታ መቅሠፍት በእነርሱ ላይ ባረፈች ጊዜ ልጆች ከእናቶቻቸውና ከአባቶቻቸው ጋር ይገደላሉ።
a88048b1-9df6-5dd9-ae5d-b7a407b05396,175dee34-cab7-5521-a08d-8484e64df9b3,817bdd93-3759-55f4-a9a6-a2f4ef7927bd,41,41,የመናፍስት ጌታ መቅሠፍቱም በከንቱ እንዳትመጣ በቸርነቱና በትዕግሥቱ ኋላ በእነርሱ ላይ ፍርድ ትሆናለች።
72647080-1cef-5a5b-a46c-a66efc2ff9f3,c7031434-b2b8-5b52-a81e-b9a0066f0a1c,7abb382c-bb4f-5119-ad07-b2fc3cfdb978,1,1,በእነዚያም ወራት ለእነዚያ መላእክት ረጃጅሞች ገመዶች ሲሰጡ አየሁ፤
839844ba-c181-557a-a490-9246e41ee76e,c7031434-b2b8-5b52-a81e-b9a0066f0a1c,7abb382c-bb4f-5119-ad07-b2fc3cfdb978,2,2,ለእነርሱም ክንፍን ተቀብለው ፈጥነው ወደ መስዕ ሄዱ።
42410f5c-a4bd-59d6-a795-3d33b12a3015,c7031434-b2b8-5b52-a81e-b9a0066f0a1c,7abb382c-bb4f-5119-ad07-b2fc3cfdb978,3,3,“እኔም እነዚህን ረጃጅሞች ገመዶችን ይዘው ለምን ሄዱ?” ብዬ መልአኩን ጠየቅሁት።
21892eff-6bae-56d0-a9b1-fe5958761ca2,c7031434-b2b8-5b52-a81e-b9a0066f0a1c,7abb382c-bb4f-5119-ad07-b2fc3cfdb978,4,4,እርሱም- “ይለኩ ዘንድ ሄዱ” አለኝ።
a35262e5-b9cb-5053-ab3c-052f1c93f7a8,c7031434-b2b8-5b52-a81e-b9a0066f0a1c,7abb382c-bb4f-5119-ad07-b2fc3cfdb978,5,5,ከእኔ ጋር የሚኖረውም መልአክ- “እኒህ ለዘለዓለሙ በመናፍስት ጌታ ስም ይጸኑ ዘንድ የጻድቃንን መለኪያና ማሰሪያ ገመድ ያመጣሉ።
f9e76143-330b-52b6-a785-0ab7f1c1c50f,c7031434-b2b8-5b52-a81e-b9a0066f0a1c,7abb382c-bb4f-5119-ad07-b2fc3cfdb978,6,6,የተመረጡት ከተመረጡት ጋር ለመኖር ይጀምራሉ።
852cc0c0-95f2-5418-aec2-cf1b3dce5bcf,c7031434-b2b8-5b52-a81e-b9a0066f0a1c,7abb382c-bb4f-5119-ad07-b2fc3cfdb978,7,7,እነዚህም መለኪያዎች በሃይማኖት የሚሰጡና የጽድቅ ቃልን የሚያጸኑ ናቸው።
e5c8ec05-7137-5179-a4bf-03915a9333e2,c7031434-b2b8-5b52-a81e-b9a0066f0a1c,7abb382c-bb4f-5119-ad07-b2fc3cfdb978,8,8,እነዚህም መለኪያዎች በምድረ በዳ የጠፉት፥ በባሕር ዓሣና በአራዊት የተበሉት በአስታራቂው ቀን ተመልሰው ይጸኑ ዘንድ የምድር ጥልቀት ምሥጢርን ሁሉ ይገልጣሉ።
1d79687c-d7f3-5200-a55d-cee086e74634,c7031434-b2b8-5b52-a81e-b9a0066f0a1c,7abb382c-bb4f-5119-ad07-b2fc3cfdb978,9,9,በመናፍስት ጌታ ፊት የሚጠፋ የለምና። መጥፋትም የሚችል የለምና።
2480ba97-8ed3-5a5a-afec-e288971a8897,c7031434-b2b8-5b52-a81e-b9a0066f0a1c,7abb382c-bb4f-5119-ad07-b2fc3cfdb978,10,10,በሰማይ ያሉና ሠራዊትም ሁሉ ትእዛዝን ተቀበሉ፤ ቃላቸው አንድ ነው፤ ብርሃናቸውም እንደ እሳት አንድ ነው።
a31a9b60-0417-58ef-ab9b-ca6cd7eb6184,c7031434-b2b8-5b52-a81e-b9a0066f0a1c,7abb382c-bb4f-5119-ad07-b2fc3cfdb978,11,11,ያንም ቀዳማዊ ቃል ያመሰግኑታል፤ ከፍ ከፍም ያደርጉታል፤ በጥበብም ያከብሩታል።
6f11d551-95bb-5d8c-a036-e8810954acaa,c7031434-b2b8-5b52-a81e-b9a0066f0a1c,7abb382c-bb4f-5119-ad07-b2fc3cfdb978,12,12,በነገርና በሕይወት መንፈስ ይራቀቃሉ፤ የመናፍስት ጌታም አስታራቂውን በጌትነቱ ዙፋን አስቀመጠው።
95bc450b-9622-58da-a326-a2769679f10a,c7031434-b2b8-5b52-a81e-b9a0066f0a1c,7abb382c-bb4f-5119-ad07-b2fc3cfdb978,13,13,በሰማያት ላይም የቅዱሳንን ሥራ ይመረምራል፤ የሁሉም ሥራቸው በሚዛን ይመዘናል።
77daefef-978b-5258-a5a7-3978b64e02c7,c7031434-b2b8-5b52-a81e-b9a0066f0a1c,7abb382c-bb4f-5119-ad07-b2fc3cfdb978,14,14,በመናፍስት ጌታ ስም ቃል የተሰወረች መንገዳቸውንና በልዑል እግዚአብሔር እውነተኛ ፍርድ መንገድ ላይ ያለች ፍለጋቸውን ይመረምር ዘንድ ፊቱን በአቀና ጊዜ፥
930ea119-356d-563c-a363-7cba9a5b4bd1,c7031434-b2b8-5b52-a81e-b9a0066f0a1c,7abb382c-bb4f-5119-ad07-b2fc3cfdb978,15,15,ሁሉም በአንድ ቃል ይናገራሉ፤ የመናፍስት ጌታ ስምንም ያመሰግናሉ፤ ያከብራሉም፤ ከፍ ከፍም ያደርጋሉ፤ ይቀድሳሉም።
76919584-eef3-5c43-ac8e-d879c021228f,c7031434-b2b8-5b52-a81e-b9a0066f0a1c,7abb382c-bb4f-5119-ad07-b2fc3cfdb978,16,16,እርሱም የሰማያት ሠራዊትን ሁሉ፥ በልዕልና ያሉ ቅዱሳንንም ሁሉ ይጠራል።
c4d136a8-1431-5b20-aa20-e9467f73e694,c7031434-b2b8-5b52-a81e-b9a0066f0a1c,7abb382c-bb4f-5119-ad07-b2fc3cfdb978,17,17,የእግዚአብሔር ሠራዊት ኪሩቤልና ሱራፌል፥ አፍኒን፥ የኀይላት መላእክት ሁሉ፥ የአጋእዝት መላእክትም ሁሉ፥ የተመረጠውም፥
ed554759-da74-5b65-aaab-866006a4b5f9,c7031434-b2b8-5b52-a81e-b9a0066f0a1c,7abb382c-bb4f-5119-ad07-b2fc3cfdb978,18,18,በየብስና በደሴት የሚኖረው ሌላው ኀይልም በዚያች ቀን አንድ ቃል ተቀብለው በሃይማኖት መንፈስ፥ በጥበብና በትዕግሥት መንፈስ፥
cedea767-4110-5e53-adf3-04ba1a1bf57a,c7031434-b2b8-5b52-a81e-b9a0066f0a1c,7abb382c-bb4f-5119-ad07-b2fc3cfdb978,19,19,በምሕረት መንፈስ፥ በፍርድና በሰላም መንፈስ፥ በቸርነት መንፈስ ይባርካሉ፤ ያከብራሉ፤ ያመሰግናሉም፤ ከፍ ከፍም ያደርጋሉ።
6114c056-aa3d-5da0-a426-2d8671ddb474,c7031434-b2b8-5b52-a81e-b9a0066f0a1c,7abb382c-bb4f-5119-ad07-b2fc3cfdb978,20,20,ሁሉም በአንድ ቃል “ቡሩክ ነው፥ የመናፍስት ጌታ ስምም ለዘለዓለም ይክበር ይመስገን” ይላሉ።
8e7a3b90-01c8-533c-a905-66329867eba9,c7031434-b2b8-5b52-a81e-b9a0066f0a1c,7abb382c-bb4f-5119-ad07-b2fc3cfdb978,21,21,የማያንቀላፉ ሁሉ እስከ ዘለዓለም ድረስ በሰማያት ያመስግኑታል። በሰማያት ያሉ ቅዱሳኑ ሁሉ ያመሰግኑታል፤ በሕይወት ገነት የሚኖሩ የተመረጡት ሁሉ ያመሰግኑታል።
526d87d2-fc59-5c7d-a090-5447b19ee0c9,c7031434-b2b8-5b52-a81e-b9a0066f0a1c,7abb382c-bb4f-5119-ad07-b2fc3cfdb978,22,22,ቅዱስ ስምህን ማመስገን፥ ማክበር፥ ከፍ ከፍ ማድረግና መቀደስ የምትችል የብርሃን መንፈስ ሁላ ታመሰግነዋለች።
e3acd772-e010-5741-a11c-603246c26762,c7031434-b2b8-5b52-a81e-b9a0066f0a1c,7abb382c-bb4f-5119-ad07-b2fc3cfdb978,23,23,ሥጋም ሁሉ- በብዙ ኀይል ስምህን ለዘለዓለም ታከብራለች፤ ታመሰግናለች። የመናፍስት ጌታ ምሕረቱ ብዙ ነውና፤ ከመዓትም የራቀ ነውና።
74bf652a-2949-59ea-af75-0f10a0eb7df6,c7031434-b2b8-5b52-a81e-b9a0066f0a1c,7abb382c-bb4f-5119-ad07-b2fc3cfdb978,24,24,ሥራውን ሁሉና ኀይሉን ሁሉ፥ የሥራውንም መጠን በመናፍስት ጌታ ስም ለጻድቃንና ለተመረጡት ገለጠ።
1dcd34ce-c88d-5d6c-adf9-549317d78c9f,c7031434-b2b8-5b52-a81e-b9a0066f0a1c,7abb382c-bb4f-5119-ad07-b2fc3cfdb978,25,25,ጌታም ለነገሥታትና ለአዛዦች፥ ለልዑላንና በምድር ለሚኖሩ እንዲህ አዘዘ።
8bc495b0-36b9-53a1-aff0-efafa0d6ec33,c7031434-b2b8-5b52-a81e-b9a0066f0a1c,7abb382c-bb4f-5119-ad07-b2fc3cfdb978,26,26,“አስታራቂውን ማወቅ ትችሉ እንደ ሆነ ዓይኖቻችሁን ግለጡ፤ ሥልጣናችሁንም አንሡ” አለ።
1927814b-9e5d-5dee-aeb0-24e4de5f3b19,c7031434-b2b8-5b52-a81e-b9a0066f0a1c,7abb382c-bb4f-5119-ad07-b2fc3cfdb978,27,27,የመናፍስት ጌታም በጌትነቱ ዙፋን ተቀመጠ፤ የጽድቅ መንፈስም በእርሱ ተገለጠ።
71ea15c6-79b9-546e-a1ac-7270b80e1fce,c7031434-b2b8-5b52-a81e-b9a0066f0a1c,7abb382c-bb4f-5119-ad07-b2fc3cfdb978,28,28,የአንደበቱም ነገር ኃጥኣንን ሁሉና ዐመፀኞችን ሁሉ ይገድላል። እነርሱም ከፊቱ ይጠፋሉ።
464e4180-2e2e-5d56-a0ea-d39e67bd7a2c,c7031434-b2b8-5b52-a81e-b9a0066f0a1c,7abb382c-bb4f-5119-ad07-b2fc3cfdb978,29,29,በዚያችም ቀን ነገሥታትና አዛዦች ሁሉ፥ ልዑላንና ምድርን የሚገዟት ሁሉ ይቆማሉ።
f5667f44-865c-5a8c-acb5-1e0709a8dc27,c7031434-b2b8-5b52-a81e-b9a0066f0a1c,7abb382c-bb4f-5119-ad07-b2fc3cfdb978,30,30,በጌትነቱም ዙፋን እንደ ተቀመጠ ያዩታል፤ ያውቁታልም፤ ጽድቅም በፊቱ ይፈረዳል።
15044511-5a74-585a-a131-58649b69dce8,c7031434-b2b8-5b52-a81e-b9a0066f0a1c,7abb382c-bb4f-5119-ad07-b2fc3cfdb978,31,31,በፊቱም የሚነገር ዋዛ ፈዛዛ የለም።
7a405a05-c7f8-5d17-a930-b223965300d4,c7031434-b2b8-5b52-a81e-b9a0066f0a1c,7abb382c-bb4f-5119-ad07-b2fc3cfdb978,32,32,በምጥ እንደ ተያዘች፥ ልጅዋም በአፈ ማኅፀኗ በመጣ ጊዜ መውለዱ እንደሚያስጨንቃት፥ ለመውለድም እንደምትጨነቅ ሴት መከራው ይመጣባቸዋል።
7debc976-5b9e-57f4-a92b-f7716617cb89,c7031434-b2b8-5b52-a81e-b9a0066f0a1c,7abb382c-bb4f-5119-ad07-b2fc3cfdb978,33,33,እኩሌቶቹ እኩሌቶቹን አይተው ይደነግጣሉ፤ አንገታቸውንም ይደፋሉ።
117d913b-b37e-5e6f-ab5e-9b166ef32b01,c7031434-b2b8-5b52-a81e-b9a0066f0a1c,7abb382c-bb4f-5119-ad07-b2fc3cfdb978,34,34,ያንም የሰው ልጅ በጌትነቱ ዙፋን ተቀምጦ በአዩት ጊዜ መከራው ይይዛቸዋል።
9988c595-f24b-56d3-a3b9-c14e66803c9d,c7031434-b2b8-5b52-a81e-b9a0066f0a1c,7abb382c-bb4f-5119-ad07-b2fc3cfdb978,35,35,ነገሥታትና አዛዦች፥ ምድርን የሚገዙአትም ሁሉ የተሰወረውን ሁሉ የሚገዛውን ያከብሩታል፤ ያመሰግኑታል፤ ከፍ ከፍም ያደርጉታል።
43f3849e-0caa-5159-af50-fb8234707898,c7031434-b2b8-5b52-a81e-b9a0066f0a1c,7abb382c-bb4f-5119-ad07-b2fc3cfdb978,36,36,የሰው ልጅ ከጥንት ጀምሮ የተሰወረ ሆኖ ነበርና፥ ልዑልም በሠራዊቱ ፊት ጠበቀው፤ ለተመረጡትም ገለጠው፤ የቅዱሳንና የተመረጡት ማኅበራቸው ይሰፋል።
78882141-60a4-54f3-a79b-e31104f1970a,c7031434-b2b8-5b52-a81e-b9a0066f0a1c,7abb382c-bb4f-5119-ad07-b2fc3cfdb978,37,37,በዚያች ቀንም የተመረጡት ሁሉ በፊቱ ይቆማሉ።
bc4b9dd7-6dc5-5a01-a610-1ecf01165e31,c7031434-b2b8-5b52-a81e-b9a0066f0a1c,7abb382c-bb4f-5119-ad07-b2fc3cfdb978,38,38,ነገሥታትና አዛዦች፥ ልዑላንና ምድርን የሚገዟትም ሁሉ በፊቱ በግንባራቸው ወድቀው ይሰግዳሉ።
7f48f790-7ac4-5027-a227-4078467dae4d,c7031434-b2b8-5b52-a81e-b9a0066f0a1c,7abb382c-bb4f-5119-ad07-b2fc3cfdb978,39,39,ያንም የሰው ልጅ ተስፋ ያደርጉታል፤ ይማልዱታልም፤ ከእርሱም ዘንድ ምሕረትን ይለምናሉ።
258c62f0-932d-5f98-a0dc-3b829207105e,c7031434-b2b8-5b52-a81e-b9a0066f0a1c,7abb382c-bb4f-5119-ad07-b2fc3cfdb978,40,40,ከዚያ በኋላም ያ የመናፍስት ጌታ ከፊቱ ፈጥነው ይወጡ ዘንድ ያስቸኵላቸዋል።
da08154f-692f-584f-ab99-68b548f5f82e,c7031434-b2b8-5b52-a81e-b9a0066f0a1c,7abb382c-bb4f-5119-ad07-b2fc3cfdb978,41,41,ፊታቸውም ኀፍረትን ይሞላል፤ ፊታቸውም ጥቍረትን ይጨምራል።
b9b5384c-31ec-5948-a733-350d427f90ab,c7031434-b2b8-5b52-a81e-b9a0066f0a1c,7abb382c-bb4f-5119-ad07-b2fc3cfdb978,42,42,ልጆቹንና የመረጣቸውን በበደሏቸው ሰዎች ፍዳን ያመጡባቸው ዘንድ የመቅሠፍት መላእክት ይቀበሏቸዋል።
6c2979a4-2e58-55c8-ad39-f39629eab5b8,c7031434-b2b8-5b52-a81e-b9a0066f0a1c,7abb382c-bb4f-5119-ad07-b2fc3cfdb978,43,43,ለመረጣቸውና ለጻድቃኑም አርአያ ይሆናሉ።
6aa38512-89b3-5a18-acaf-d8c3ac830930,c7031434-b2b8-5b52-a81e-b9a0066f0a1c,7abb382c-bb4f-5119-ad07-b2fc3cfdb978,44,44,በእነርሱም ደስ ይላቸዋል፤ የመናፍስት ጌታ ቍጣው በእነርሱ ላይ ታርፋለችና፥ የመናፍስት ጌታ ሾተልም ከእነርሱ የተነሣ ትሰክራለችና።
913bdf60-6efe-5bc9-a293-caf760a05cfe,c7031434-b2b8-5b52-a81e-b9a0066f0a1c,7abb382c-bb4f-5119-ad07-b2fc3cfdb978,45,45,ጻድቃንና የተመረጡትም በዚያች ቀን ይድናሉ።
ac34c058-783c-5a17-aa31-8cf0bbead59e,c7031434-b2b8-5b52-a81e-b9a0066f0a1c,7abb382c-bb4f-5119-ad07-b2fc3cfdb978,46,46,ከእንግዲህም ወዲህ የኃጥኣንና የዐመፀኞችን ፊት አያዩም፤ የመናፍስት ጌታም በእነርሱ ያድራል።
a0d60629-5462-5257-a646-58f390f5e3dc,c7031434-b2b8-5b52-a81e-b9a0066f0a1c,7abb382c-bb4f-5119-ad07-b2fc3cfdb978,47,47,ከዚያም ከሰው ልጅ ጋር ይኖራሉ፤ ይበላሉ፤ ይጠጣሉም፤ ያርፋሉም፤ ለዘለዓለሙም ይነሣሉ።
ea5a1127-90de-5019-a79a-9f9e76f18d2d,c7031434-b2b8-5b52-a81e-b9a0066f0a1c,7abb382c-bb4f-5119-ad07-b2fc3cfdb978,48,48,ጻድቃንና የተመረጡትም ከምድር ተነሡ፤ አንገታቸውንም መድፋት ተዉ።
c86a4996-c94d-5a9d-aeff-1b3969600817,c7031434-b2b8-5b52-a81e-b9a0066f0a1c,7abb382c-bb4f-5119-ad07-b2fc3cfdb978,49,49,የክብር ልብስንም ለበሱ፤ እርሱም በመናፍስት ጌታ ዘንድ የሕይወት ልብስ ይሆናችኋል።
58e59ee3-f20c-5040-a8d2-c5ce5dd4a353,c7031434-b2b8-5b52-a81e-b9a0066f0a1c,7abb382c-bb4f-5119-ad07-b2fc3cfdb978,50,50,ልብሶቻችሁም አያረጁም፤ ክብራችሁም በመናፍስት ጌታ ፊት አይፈጸምም።
02f73aaa-2776-5477-af42-498f64ae3e4b,c7031434-b2b8-5b52-a81e-b9a0066f0a1c,7abb382c-bb4f-5119-ad07-b2fc3cfdb978,51,51,በእነዚያም ወራቶች ምድርን የሚገዟት ነገሥታትና አዛዦች ተላልፈው በተሰጡበት ቦታ ጥቂት ዕረፍትን ይሰጧቸው ዘንድ፥ በመናፍስት ጌታ ፊትም ወድቀው ይሰግዱ ዘንድ ለመቅሠፍት ከታዘዙ መላእክት ይለምናሉ።
3407326f-a0a8-565a-afd9-74fae22003f9,c7031434-b2b8-5b52-a81e-b9a0066f0a1c,7abb382c-bb4f-5119-ad07-b2fc3cfdb978,52,52,ኀጢአታቸውን በፊቱ ያምናሉ ፤ የመናፍስት ጌታንም ያመሰግኑታል፤ ያከብሩታልም።
f5259581-a84a-5d18-a4ce-b6ccdd87684f,c7031434-b2b8-5b52-a81e-b9a0066f0a1c,7abb382c-bb4f-5119-ad07-b2fc3cfdb978,53,53,እንዲህም ይላሉ- “የመናፍስት ጌታ፥ የነገሥታት ጌታ፥ የአዛዦች ጌታ፥ የባለጸጋውም ጌታ፥ የክብር ጌታ፥ የጥበብም ጌታ እግዚአብሔር፥ ቡሩክ ነህ። የተሰወረም ሁሉ በአንተ ይገለጣል።
d8b33464-427e-5985-a759-60785e62892a,c7031434-b2b8-5b52-a81e-b9a0066f0a1c,7abb382c-bb4f-5119-ad07-b2fc3cfdb978,54,54,ኀይልህም ለልጅ ልጅ ዘመን ነው፤ ጌትነትህም ለዘለዓለም ነው።
cbe68cb3-254f-5550-adb6-7b6d90b861ba,c7031434-b2b8-5b52-a81e-b9a0066f0a1c,7abb382c-bb4f-5119-ad07-b2fc3cfdb978,55,55,ምሥጢርህም ሁሉ ጥልቅ ነው፤ ቍጥርም የለውም። ለቸርነትህም ቍጥር የለውም።
fe2116bf-41f2-58e8-ab12-e6c2b2a80801,c7031434-b2b8-5b52-a81e-b9a0066f0a1c,7abb382c-bb4f-5119-ad07-b2fc3cfdb978,56,56,አሁንም የነገሥታቱን ጌታ፥ በነገሥታቱም ሁሉ ላይ የሚነግሥውን እናከብርና እናመሰግን ዘንድ ዐወቅን” አሉ።
d3d86064-bffc-5ad8-acae-5664358c78c5,c7031434-b2b8-5b52-a81e-b9a0066f0a1c,7abb382c-bb4f-5119-ad07-b2fc3cfdb978,57,57,እንዲህም አሉ- “እናከብረው፥ ፈጽመንም እናመሰግነው ዘንድ፥ ጌትነቱንም እናምን ዘንድ ዕረፍትን ማን በሰጠን?
74a9f8f9-298d-5109-a396-e4ffdc887621,c7031434-b2b8-5b52-a81e-b9a0066f0a1c,7abb382c-bb4f-5119-ad07-b2fc3cfdb978,58,58,አሁንም ጥቂት ዕረፍትን እንመኛለን፤ ነገር ግን አናገኘውም፤ እንከተለዋለን፤ ግን አንይዘውም።
782c080d-b379-54bf-af38-25f460a8f6f5,c7031434-b2b8-5b52-a81e-b9a0066f0a1c,7abb382c-bb4f-5119-ad07-b2fc3cfdb978,59,59,ብርሃን ከእኛ አለፈ። ጨለማም ለዘለዓለሙ መኖሪያችን ነው። በፊቱ አላመንምና፥ የመናፍስት ጌታ ስሙንም አላመሰገንምና።
c1b08ef1-4b15-5062-a94c-fe629c1327ea,c7031434-b2b8-5b52-a81e-b9a0066f0a1c,7abb382c-bb4f-5119-ad07-b2fc3cfdb978,60,60,ጌታንም በሥራው ሁሉ አላመሰገንነውም፤ አለኝታችንም በመንግሥታችንና በጌትነታችን ዙፋን ሥልጣን ላይ ሆነ።
1b84649b-d295-50c7-a80c-7c73060b28d4,c7031434-b2b8-5b52-a81e-b9a0066f0a1c,7abb382c-bb4f-5119-ad07-b2fc3cfdb978,61,61,በድካማችንና በመከራችን ቀንም አላዳነንም።
4040e063-4ea9-540c-a722-1afbbc5797d0,c7031434-b2b8-5b52-a81e-b9a0066f0a1c,7abb382c-bb4f-5119-ad07-b2fc3cfdb978,62,62,እናምንም ዘንድ ዕረፍትን አናገኝም፤ ጌታችን በሥራው ሁሉ፥ በፍርዱና በቸርነቱም ሁሉ የታመነ ነውና።
7bf42187-6df8-51f6-a776-2c5605a8beb9,c7031434-b2b8-5b52-a81e-b9a0066f0a1c,7abb382c-bb4f-5119-ad07-b2fc3cfdb978,63,63,የፍርዱንም ፊት አያገኙም፤ ስለ ሥራችንም ከፊቱ እንሄዳለን፤ ኀጢአታችንም ሁሉ በጽድቅ ተቈጠረ፤”
a29dfa64-3b3d-5797-a2e2-352d32afab10,c7031434-b2b8-5b52-a81e-b9a0066f0a1c,7abb382c-bb4f-5119-ad07-b2fc3cfdb978,64,64,አሁንም እንዲህ ይሏቸዋል- “ሰውነታችን ከዐመፅ ገንዘብ ትጠግባለች፤ ወደ ሲኦል መከራ ትኩሳት ከመውረድም አታድነንም።”
7610c261-26d0-50c6-ad23-d91053cc2b2c,c7031434-b2b8-5b52-a81e-b9a0066f0a1c,7abb382c-bb4f-5119-ad07-b2fc3cfdb978,65,65,ከዚህም በኋላ በዚያ በሰው ልጅ ፊት ፊታቸው ጨለማንና ኀፍረትን ይሞላል።
fc3ad44a-6580-5b64-aca7-28811f11770b,c7031434-b2b8-5b52-a81e-b9a0066f0a1c,7abb382c-bb4f-5119-ad07-b2fc3cfdb978,66,66,ከፊቱም ተሰድደው ይሄዳሉ፤ በመካከላቸውም በፊቱ ሰይፍ ያድራል።
e0f534ab-d85d-5023-aed6-f42aae95774b,c7031434-b2b8-5b52-a81e-b9a0066f0a1c,7abb382c-bb4f-5119-ad07-b2fc3cfdb978,67,67,የመናፍስትም ጌታ እንዲህ አለ- “የአዛዦችና የነገሥታት፥ የልዑላንና ምድርን የሚገዟት ሰዎች ሥርዐታቸው፥ ፍርዳቸውም በመናፍስት ጌታ ፊት ይህ ነው።”
00330d1e-ba6b-5e81-a1df-7a559cf971f7,c7031434-b2b8-5b52-a81e-b9a0066f0a1c,7abb382c-bb4f-5119-ad07-b2fc3cfdb978,68,68,በዚያም ቦታ የተሰወሩ ሌሎች ፊቶችን አየሁ።
ac46f20c-1b9c-5aa3-a3cc-24b045997ce7,c7031434-b2b8-5b52-a81e-b9a0066f0a1c,7abb382c-bb4f-5119-ad07-b2fc3cfdb978,69,69,የመልአኩንም ቃል እንዲህ ሲል ሰማሁ- “ከሰማይ ወደ ምድር የወረዱ፥ በስውር ያለውንም ለሰው ልጆች የገለጡ፥ ኀጢአትንም ይሠሩ ዘንድ የሰው ልጆችን ያሳትWaቸው መላእክት እኒህ ናቸው።”
497e7bb9-e168-55fb-a32e-a2b0515843fa,259c295b-8680-58c8-a5bc-32150fd69bbe,3eb4fac9-639f-5cf5-a8f5-f5a36b8d76c6,1,1,በእነዚያም ወራቶች ኖኅ ምድር እንደ አዘነበለች፥ ጥፋትWaም እንደ ቀረበ አየ።
2ee8e1ce-0269-51fa-a79e-401c84ad0f28,259c295b-8680-58c8-a5bc-32150fd69bbe,3eb4fac9-639f-5cf5-a8f5-f5a36b8d76c6,2,2,ከዚያም እግሩን አንሥቶ እስከ ምድር ዳርቻ ድረስ ሄደ።
3890724c-134b-5381-ad22-59027a502daf,259c295b-8680-58c8-a5bc-32150fd69bbe,3eb4fac9-639f-5cf5-a8f5-f5a36b8d76c6,3,3,ለአያቱ ለሄኖክም ጮኸ፤ ኖኅም በመረረ ቃል ሦስት ጊዜ “ስማኝ፤ ስማኝ፤ ስማኝ” አለ።
f99f209e-d216-53e2-a9b7-85216a337e2c,259c295b-8680-58c8-a5bc-32150fd69bbe,3eb4fac9-639f-5cf5-a8f5-f5a36b8d76c6,4,4,እንዲህም አለው- “በምድር ላይ የሚሠራው ሥራ ምንድን ነው? ንገረኝ!
e31b659e-bf60-58d1-a028-6a86789aa56b,259c295b-8680-58c8-a5bc-32150fd69bbe,3eb4fac9-639f-5cf5-a8f5-f5a36b8d76c6,5,5,ምድር ደክማለችና፥ እንዲህ ተነዋውጣለችና፥ ምንአልባት እነሆ፥ እኔ ከእርስዋ ጋር እጠፋ ይሆን?”
ef9d3fe3-bea0-5ecf-a34d-b51fddb7e29b,259c295b-8680-58c8-a5bc-32150fd69bbe,3eb4fac9-639f-5cf5-a8f5-f5a36b8d76c6,6,6,በዚያም ጊዜ በምድር ላይ ታላቅ ሁከት ሆነ፤ ከሰማይም ቃል ተሰማ።
ed278356-8c00-511c-af6b-a708a141678a,259c295b-8680-58c8-a5bc-32150fd69bbe,3eb4fac9-639f-5cf5-a8f5-f5a36b8d76c6,7,7,በግንባሬ ወደቅሁ፤ አያቴ ሄኖክም ወደ እኔ መጣ፤ በአጠገቤም ቆመ፤ እንዲህም አለኝ- “ወደ እኔ መራራ ጩኸትንና ልቅሶን ለምን ትጮኻለህ?
4f27530f-c5d0-573b-a0f9-80e1e8a1390a,259c295b-8680-58c8-a5bc-32150fd69bbe,3eb4fac9-639f-5cf5-a8f5-f5a36b8d76c6,8,8,እርሱም- ጥፋታቸው ይሆን ዘንድ በምድር በሚኖሩ ሰዎች ላይ ከመናፍስት ጌታ ፊት ትእዛዝ ወጣ።
3c85b8c3-86cb-51fe-a740-5e984f24d490,259c295b-8680-58c8-a5bc-32150fd69bbe,3eb4fac9-639f-5cf5-a8f5-f5a36b8d76c6,9,9,የመላእክትን ምሥጢር ሁሉ፥ የሰይጣናትን ግፍ ሁሉ፥ የተሰወረ ሥራቸውንም ሁሉ፥ ሟርት የሚያሟርቱ ሰዎችን ኀይል ሁሉ፥ የቀለማትንም ኀይል፥ የምድርን ሁሉ ጣዖት የሚሠሩ ሰዎችን ኀይል አሳውቀዋልና።
b48491d1-b67b-5e05-ac26-cc669c4cd828,259c295b-8680-58c8-a5bc-32150fd69bbe,3eb4fac9-639f-5cf5-a8f5-f5a36b8d76c6,10,10,ብር ከመሬት ትቢያ እንዴት ይገኝ ነበር? ቅልቅል ብረትስ በምድር ላይ እንዴት ይገኝ ነበር?
72b82b20-f7b9-5fa5-ae28-47a3574e2e4d,259c295b-8680-58c8-a5bc-32150fd69bbe,3eb4fac9-639f-5cf5-a8f5-f5a36b8d76c6,11,11,እነርሱን የሚያስገኛቸው መሬትና በውስጥዋ የሚቆመው መልአክ መጀመሪያ ምንጭ እንደ ሆኑ እርሳስና ቆርቆሮ ከምድር አይገኙም ነበርና፤
bb9b8df5-ae82-5bcd-aa1e-cbb85c76aea9,259c295b-8680-58c8-a5bc-32150fd69bbe,3eb4fac9-639f-5cf5-a8f5-f5a36b8d76c6,12,12,ከዚያም በኋላ አያቴ ሄኖክ በእጁ ይዞ አነሣኝ።
9f448484-3ccd-52db-a2bb-9481391dfbca,259c295b-8680-58c8-a5bc-32150fd69bbe,3eb4fac9-639f-5cf5-a8f5-f5a36b8d76c6,13,13,እንዲህም አለኝ- “በምድር ላይ ስላለው ሁከት የመናፍስትን ጌታ ጠይቄዋለሁና ሂድ።”
d237d26e-14ad-5d39-aaa5-74be91d5547b,259c295b-8680-58c8-a5bc-32150fd69bbe,3eb4fac9-639f-5cf5-a8f5-f5a36b8d76c6,14,14,እንዲህም አለኝ- “ስለ በደላቸው ፍርዳቸው ተፈጸመችባቸው፤ ስለ ፈለጓቸውም ወራቶች በፊቴ አይቈጠሩም።
88f0190e-823b-5a82-ae7b-2cd06a9ed8f9,259c295b-8680-58c8-a5bc-32150fd69bbe,3eb4fac9-639f-5cf5-a8f5-f5a36b8d76c6,15,15,ምድርም እንደምትጠፋ፥ በእርሷም የሚኖሩ ሰዎች እንደሚጠፉ ዐወቁ፤ እኒህም የተሰወረውን ለሰዎች አስተምረዋልና፥ እነርሱም የተፈረደባቸው ናቸውና ለዘለዓለም መመለሻ የላቸውም።
f4e43e03-50a4-5547-a944-8723e14ed46d,259c295b-8680-58c8-a5bc-32150fd69bbe,3eb4fac9-639f-5cf5-a8f5-f5a36b8d76c6,16,16,ነገር ግን አንተ ልጄ! ከዚህ ከተሰወረው ነቀፋ አንተ ንጹሕና ቸር እንደ ሆንህ የመናፍስት ጌታ ዐውቋልና ይህ ለአንተ አይደለም።
dad2baec-709e-5271-a9db-af9708093a4c,259c295b-8680-58c8-a5bc-32150fd69bbe,3eb4fac9-639f-5cf5-a8f5-f5a36b8d76c6,17,17,በቅዱሳን መካከልም ስምህን አጸናው፤ በምድርም ላይ ከሚኖሩት ለይቶ ይጠብቅሃል።
2e923fc7-04db-5eef-a80a-9e7120c4a552,259c295b-8680-58c8-a5bc-32150fd69bbe,3eb4fac9-639f-5cf5-a8f5-f5a36b8d76c6,18,18,ለመንግሥትና ለብዙ ምስጋናም ሊሆን ዘርህን በእውነት አጸናው፤ ከዘርህም የጻድቃንና የቅዱሳን መገኛ ይወለዳል፤ ለዘለዓለሙም ቍጥር የላቸውም።”
5f42edfa-26cf-5495-a86c-5dd203b6e46d,259c295b-8680-58c8-a5bc-32150fd69bbe,3eb4fac9-639f-5cf5-a8f5-f5a36b8d76c6,19,19,ከዚህም በኋላ እንዲመጡ በምድር ላይ በሚኖሩ ሰዎች ሁሉ ለፍርድና ለጥፋት ሊሆን ከምድር በታች ያለ የውኃውን ኀይል ሁሉ መጥተው ይከፍቱ ዘንድ የተዘጋጁ የመቅሠፍት መላእክትን አሳየኝ።
6427f340-6b2b-549b-ae73-59d0e62cf9a6,259c295b-8680-58c8-a5bc-32150fd69bbe,3eb4fac9-639f-5cf5-a8f5-f5a36b8d76c6,20,20,የመናፍስት ጌታም እነዚያ መላእክት በውኃው ኀይል ላይ ተሾመዋልና የወጡትን መላእክት እጃቸውን እንዳያነሡ፥ እንዲጠብቁም አዘዘ።
d0f07d4e-b9bd-54d4-a510-890c2f792b76,259c295b-8680-58c8-a5bc-32150fd69bbe,3eb4fac9-639f-5cf5-a8f5-f5a36b8d76c6,21,21,ከሄኖክም ፊት ወጣሁ።
882b9663-6042-57f9-ad1d-d49c02f1a13a,259c295b-8680-58c8-a5bc-32150fd69bbe,3eb4fac9-639f-5cf5-a8f5-f5a36b8d76c6,22,22,በእነዚያም ወራቶች የእግዚአብሔር ቃል ወደ እኔ መጣ።
52ee3e4d-6a84-56f0-aad4-7441061e2ef8,259c295b-8680-58c8-a5bc-32150fd69bbe,3eb4fac9-639f-5cf5-a8f5-f5a36b8d76c6,23,23,እንዲህም አለኝ- “ኖኅ! እነሆ፥ ዕድል ፋንታህ ወደ እኔ ደረሰ፤ “ነቀፋ የሌለበት ዕድል የፍቅርና የቅንነት ዕድል ነው።”
c685f195-dcc2-5df1-afdb-f6e0d90bc725,259c295b-8680-58c8-a5bc-32150fd69bbe,3eb4fac9-639f-5cf5-a8f5-f5a36b8d76c6,24,24,አሁንም መላእክት እንጨቶችን ያዘጋጃሉ፤ እነርሱም ለዚያ መልእክት በወጡ ጊዜ እጄን በላይዋ ጭኜ እጠብቃታለሁ።
caa52fe1-480f-5286-ab27-f87eafdc85e6,259c295b-8680-58c8-a5bc-32150fd69bbe,3eb4fac9-639f-5cf5-a8f5-f5a36b8d76c6,25,25,ከእርስዋም ወጥተህ የሕይወት ዘር ትሆናለህ፤ ምድርም ባዶውን እንዳይቀር ለውጡ ይግባ።
e6b73828-0f43-58cb-ae76-5155450a4275,259c295b-8680-58c8-a5bc-32150fd69bbe,3eb4fac9-639f-5cf5-a8f5-f5a36b8d76c6,26,26,ዘርህንም ለዘለዓለም በፊቴ አጸናዋለሁ፤ ከአንተ ጋራም የሚኖሩ ዘሮችህን በምድር ፊት አበዛቸዋለሁ።
6bd01a31-6b1b-5774-a652-a5163563da03,259c295b-8680-58c8-a5bc-32150fd69bbe,3eb4fac9-639f-5cf5-a8f5-f5a36b8d76c6,27,27,በመናፍስትም ጌታ ስም በምድር ላይ ይበዛል፤ ይባረካልም።
a1a5fd74-70ed-5c1f-a270-3a7f8f48929b,259c295b-8680-58c8-a5bc-32150fd69bbe,3eb4fac9-639f-5cf5-a8f5-f5a36b8d76c6,28,28,ዐመፅን የአሳዩ እነዚያን መላእክትም
a033c0f1-ba6d-56f3-a113-50eae743054f,259c295b-8680-58c8-a5bc-32150fd69bbe,3eb4fac9-639f-5cf5-a8f5-f5a36b8d76c6,29,29,ታላቅ ሁከትና የውኃዎች መታወክ ያለባትንም ያችን ሸለቆ አየኋት።
aaec0029-7672-5060-a788-6e012554d8f2,259c295b-8680-58c8-a5bc-32150fd69bbe,3eb4fac9-639f-5cf5-a8f5-f5a36b8d76c6,30,30,ይህ ሁሉ ከተደረገ በኋላ፥ ከዚህ ከእሳቱ ነጠብጣብ የተነሣ ከሚያውካቸውም ሁከት የተነሣ በዚያ ቦታ የድኝ ሽታ ተገኘ፤ ከእነዚያም ውኃዎች ጋር አንድ ሆነ።
f9dbe615-afce-5645-a046-b8c8633371f4,259c295b-8680-58c8-a5bc-32150fd69bbe,3eb4fac9-639f-5cf5-a8f5-f5a36b8d76c6,31,31,ያችም ሰውን የአሳቱ የመላእክት
58fc4343-1059-539e-a581-99f2cb22bc93,259c295b-8680-58c8-a5bc-32150fd69bbe,3eb4fac9-639f-5cf5-a8f5-f5a36b8d76c6,32,32,የእሳት ፈሳሾችም በምድር ላይ የሚኖሩትን ያሳትWaቸው መላእክት በሚኰነኑበት ቦታ ወደ ሸለቆዎችዋ ይፈስሳሉ።
09e9f945-fd9e-545b-a62f-4bfe38541bb4,259c295b-8680-58c8-a5bc-32150fd69bbe,3eb4fac9-639f-5cf5-a8f5-f5a36b8d76c6,33,33,በእነዚያም ወራት እነዚህ ውኃዎች ለነገሥታቱና ለአዛዦች፥ ለልዑላንና በምድር ለሚኖሩ ሰዎች፥ ለነፍስና ለሥጋ ፈውስ፥ ለመንፈስም ፍርድ ይሆናሉ።
72ba9c96-29e8-5c63-a3ef-e20efe3bff57,259c295b-8680-58c8-a5bc-32150fd69bbe,3eb4fac9-639f-5cf5-a8f5-f5a36b8d76c6,34,34,የመናፍስት ጌታን ክደውታልና በሥጋቸው ይፈረድባቸው ዘንድ ልቡናቸው ዋዛ ነገርን ይመላል።
7b49ef04-f206-588d-a1e5-290e3c5da9ab,259c295b-8680-58c8-a5bc-32150fd69bbe,3eb4fac9-639f-5cf5-a8f5-f5a36b8d76c6,35,35,የየቀኑን ሁሉ ፍርዳቸውንም ያያሉ፤ በስሙም አያምኑም።
fa37f37c-dca3-5011-ab9a-3ae9fc225d07,259c295b-8680-58c8-a5bc-32150fd69bbe,3eb4fac9-639f-5cf5-a8f5-f5a36b8d76c6,36,36,በመናፍስት ጌታ ፊት ዋዛ ፈዛዛ የሚናገር የለምና፥ ሥጋቸው ብዙ ጊዜ እንደ ተቃጠለ እንደዚሁ በነፍሳቸው ለዘለዓለሙ ለውጥ ይኖርባቸዋል።
47389721-070b-58f0-aa35-166b64beaabf,259c295b-8680-58c8-a5bc-32150fd69bbe,3eb4fac9-639f-5cf5-a8f5-f5a36b8d76c6,37,37,በእነርሱ ላይ ፍርድ ትመጣለችና፥ በሥጋቸውም ዋዛ ነገር ያምናሉና፥ የጌታንም መንፈስ ይክዳሉና።
3a245ba5-d4e9-57fa-a134-65be11cb89ce,259c295b-8680-58c8-a5bc-32150fd69bbe,3eb4fac9-639f-5cf5-a8f5-f5a36b8d76c6,38,38,በዚያም ወራት እነዚያ ውኃዎች ለውጥ ይኖራቸዋል፤ እነዚያ መላእክት በሚፈረድባቸው ጊዜ በዚያ ወራት የእነዚያ የውኃዎች ምንጮች መቃጠል ይለወጣልና።
e8637f69-4fb2-57d6-a3fa-744502ff3a9b,259c295b-8680-58c8-a5bc-32150fd69bbe,3eb4fac9-639f-5cf5-a8f5-f5a36b8d76c6,39,39,መላእክትም በወጡ ጊዜ የምንጮች ውኃ ተለውጦ ይቀዘቅዛል።
85851532-c5f6-586b-a8ee-148dd14192a6,259c295b-8680-58c8-a5bc-32150fd69bbe,3eb4fac9-639f-5cf5-a8f5-f5a36b8d76c6,40,40,ቅዱስ ሚካኤልንም እንዲህ ብሎ ሲመልስ ሰማሁት- “አለቆች የሚቀጡባት ይህች ፍርድ ለነገሥታትና ምድርን ለሚቈጣጠሩ አዛዦች ምስክር ናት፤ እኒህ የቅጣት ውኃዎች ለአለቆች ሥጋ ፈውስ፥ ለሥጋቸውም ለሞት ናቸውና።”
70ed787d-0ea0-557d-a206-5f1859ec17a6,259c295b-8680-58c8-a5bc-32150fd69bbe,3eb4fac9-639f-5cf5-a8f5-f5a36b8d76c6,41,41,እነዚያ ውኃዎች ተለውጠው ለዘለዓለም የሚነድድ እሳት እንደሚሆኑባቸው አያዩም፤ አያምኑምም።
1c82f5fb-73a8-519d-a650-5d43bb5f41b3,259c295b-8680-58c8-a5bc-32150fd69bbe,3eb4fac9-639f-5cf5-a8f5-f5a36b8d76c6,42,42,ከዚህም በኋላ አያቴ ሄኖክ የተሰጡትን የምሥጢሮችን ሁሉና የምሳሌዎችን ምልክት በመጽሐፍ ሰጠኝ፤ በእኔ ዘንድ ከአለው የመጽሐፍ ቃል ጋርም ጨመራቸው።
838b0b30-9921-5098-ab1b-e81326ea1ab4,2c3489b1-3d6a-5024-a175-bb0868f1eda3,630bf0ae-dc4f-5e34-a3fc-920034eaddeb,1,1,በዚያችም ቀን ቅዱስ ሚካኤል ለቅዱስ ሩፋኤል እንዲህ ብሎ መለሰለት- “የመንፈስ ኀይሉ ነጥቆ ይወስደኛል።
36078219-4885-5460-a428-4a181ac90260,2c3489b1-3d6a-5024-a175-bb0868f1eda3,630bf0ae-dc4f-5e34-a3fc-920034eaddeb,2,2,ለአለቆች ቅጣት ስለ ተሰወረችው ስለ ፍርድ ጭንቀትም ያበሳጨኛል።
30a0dc03-af20-5217-a600-4557cbdb6740,2c3489b1-3d6a-5024-a175-bb0868f1eda3,630bf0ae-dc4f-5e34-a3fc-920034eaddeb,3,3,ስትሠራ የኖረችውን፥ እነርሱም በፊትWa የቀለጡባትን ጭንቀት መታገሥ የሚቻለው ማንነው?”
a68cbcca-8734-58de-a66a-4508c99b4f60,2c3489b1-3d6a-5024-a175-bb0868f1eda3,630bf0ae-dc4f-5e34-a3fc-920034eaddeb,4,4,ዳግመኛም ቅዱስ ሚካኤል ለሩፋኤል እንዲህ ብሎ መለሰለት- “በእርስዋ ላይ ልቡናውን የማያራራ ማን ነው?
604baf31-43e1-5d03-a593-5f61291a4551,2c3489b1-3d6a-5024-a175-bb0868f1eda3,630bf0ae-dc4f-5e34-a3fc-920034eaddeb,5,5,እንደዚህም ካወጧቸው ከእነዚያ በእነርሱ ላይ ከወጣች ከዚች የፍርድ ቃል የተነሣ ኵላሊቱ የማይታወክ ማን ነው?
2efec0ab-a117-5d4d-a776-44bb8aa3b3f3,2c3489b1-3d6a-5024-a175-bb0868f1eda3,630bf0ae-dc4f-5e34-a3fc-920034eaddeb,6,6,በመናፍስት ጌታ ፊት በቆመ ጊዜም እንዲህ ሆነ፤ ቅዱስ ሚካኤል ሩፋኤልን እንዲህ አለው- “የመናፍስት ጌታ ተቈጥትWaቸዋልና በጌታ ዐይን ምሕረት አይደረግላቸውም።
3724e4df-90bb-5abe-ac52-1b92371331c2,2c3489b1-3d6a-5024-a175-bb0868f1eda3,630bf0ae-dc4f-5e34-a3fc-920034eaddeb,7,7,በጌታ አምሳል ይሠራሉና፥ ስለዚህ ለዘለዓለሙ የተሰወረ ፍርድ ይመጣባቸዋል።
4d95ee97-cbfd-5d35-a082-54e25cc891d9,2c3489b1-3d6a-5024-a175-bb0868f1eda3,630bf0ae-dc4f-5e34-a3fc-920034eaddeb,8,8,እነርሱ ብቻ ፍርዳቸውን ለዘለዓለሙ ይቀበላሉ እንጂ መልአክም ቢሆን ሰውም ቢሆን የሌላውን ድርሻ አይቀበልምና።”
d270abf9-b0a1-5a73-aea3-6656df4fc253,2c3489b1-3d6a-5024-a175-bb0868f1eda3,630bf0ae-dc4f-5e34-a3fc-920034eaddeb,9,9,ከዚህም ፍርድ በኋላ ያስደነግጧቸዋል፤ ያሳዝኗቸዋልም። በምድር ላይ ለሚኖሩ ሰዎች ይችን አሳይተዋልና።
25cd5e87-1152-57ce-afd7-e321d0c013fa,2c3489b1-3d6a-5024-a175-bb0868f1eda3,630bf0ae-dc4f-5e34-a3fc-920034eaddeb,10,10,የእነዚያም መላእክት ስማቸው እነሆ፤ ስማቸውም ይህ ነው።
ddf54a22-ad3a-5bd2-ae0a-3bd874db6562,2c3489b1-3d6a-5024-a175-bb0868f1eda3,630bf0ae-dc4f-5e34-a3fc-920034eaddeb,11,11,አለቃቸው ስማዝያ ነው፤ ሁለተኛውም አርስጢኪፋ ነው፤ ሦስተኛውም አርሚን ነው፤ አራተኛውም ኮከብኤል ነው።
199572e4-4211-5630-a13c-bee00a7cc41d,2c3489b1-3d6a-5024-a175-bb0868f1eda3,630bf0ae-dc4f-5e34-a3fc-920034eaddeb,12,12,አምስተኛውም ጡርኤል ነው፤ ስድስተኛውም ሩምያል ነው፤ ሰባተኛውም ዳንኤል ነው፤ ስምንተኛውም ምቃኤል ነው፤ ዘጠነኛውም በረቃኤል ነው፤ ዐሥረኛውም አዛዝኤል ነው፤ ዐሥራ አንደኛውም አርማሮስ ነው፤ ዐሥራ ሁለተኛውም በጠርያል ነው።
3a14edb3-c9d3-5a91-a1d9-7a1a023dbb04,2c3489b1-3d6a-5024-a175-bb0868f1eda3,630bf0ae-dc4f-5e34-a3fc-920034eaddeb,13,13,ዐሥራ ሦስተኛውም በሰሳኤል ነው፤ ዐሥራ አራተኛውም አናንያል ነው፤ ዐሥራ አምስተኛውም ጡርያል ነው፤ ዐሥራ ስድስተኛውም ሲምሳፓኤል ነው።
7611a6f2-26b7-562a-abcf-0a615e31010e,2c3489b1-3d6a-5024-a175-bb0868f1eda3,630bf0ae-dc4f-5e34-a3fc-920034eaddeb,14,14,ዐሥራ ሰባተኛውም ይትርኤል ነው፤ ዐሥራ ስምንተኛውም ቱማኤል ነው፤ ዐሥራ ዘጠነኛውም ጥራኤል ነው፤ ሃያኛውም ራሙኤል ነው፤ ሃያ አንደኛውም አዛዝኤል ነው።
8651fb74-a3b9-5ffd-ada8-6cabd0a0d2e6,2c3489b1-3d6a-5024-a175-bb0868f1eda3,630bf0ae-dc4f-5e34-a3fc-920034eaddeb,15,15,ያለቆቻቸው አለቆችም እኒህ ናቸው።
4b2d6e87-b1e3-5e17-afa8-30c2ae8aab5d,2c3489b1-3d6a-5024-a175-bb0868f1eda3,630bf0ae-dc4f-5e34-a3fc-920034eaddeb,16,16,የመቶ አለቃቸውና የአምሳ አለቃቸው፥ የዐሥር አለቃቸውም ስማቸው ይህ ነው- የመጀመሪያው ስሙ ይቆን ነው።
1c39a253-4896-5e77-aca6-ecf7a8907670,2c3489b1-3d6a-5024-a175-bb0868f1eda3,630bf0ae-dc4f-5e34-a3fc-920034eaddeb,17,17,የመላእክትን
64945072-3821-583b-a12c-9fc8a1445ace,2c3489b1-3d6a-5024-a175-bb0868f1eda3,630bf0ae-dc4f-5e34-a3fc-920034eaddeb,18,18,ሁለተኛው ስሙ አስብኤል ነው፤ ይህም ለቅዱሳን መላእክት
ae8a0790-2343-53ad-afe2-84b3d0547188,2c3489b1-3d6a-5024-a175-bb0868f1eda3,630bf0ae-dc4f-5e34-a3fc-920034eaddeb,19,19,ሦስተኛውም ስሙ ጋድርኤል ነው፤ በመምታት መግደልን ሁሉ ለሰው ልጆች ያስተማረ ይህ ነው።
40252a64-fa7b-59a5-ad94-671c8234b1cd,2c3489b1-3d6a-5024-a175-bb0868f1eda3,630bf0ae-dc4f-5e34-a3fc-920034eaddeb,20,20,ሔዋንንም ያሳታት እርሱ ነው፤ ለሰው ልጆችም የሞት መሣሪያን ጋሻንና ጥሩርን፥ ለግድያም ሰይፍን ያስተማረ እርሱ ነው።
7f311431-b009-54e7-aa6a-fd4829ceb884,2c3489b1-3d6a-5024-a175-bb0868f1eda3,630bf0ae-dc4f-5e34-a3fc-920034eaddeb,21,21,ለሰው ልጆችም የግድያ መሣሪያዎችን ሁሉ አስተማረ፤ ከዚያች ቀንም ጀምሮ እስከ ዘለዓለሙ ድረስ በምድር በሚኖሩ ሰዎች ላይ ይህ ሁሉ ከእርሱ ወጣ።
37228841-879c-5e5a-a7af-3e0d4007f3b0,2c3489b1-3d6a-5024-a175-bb0868f1eda3,630bf0ae-dc4f-5e34-a3fc-920034eaddeb,22,22,አራተኛውም ስሙ ፔንሙዕ ነው፤ ለሰው ልጆችም የመረረውንና የጣፈጠውን ያሳየ ይህ ነው።
569603a1-7b7d-59d6-a603-f2c640b69703,2c3489b1-3d6a-5024-a175-bb0868f1eda3,630bf0ae-dc4f-5e34-a3fc-920034eaddeb,23,23,የተሰወረ ጥበባቸውን ሁሉ አሳያቸው፤ ለሰዎችም በጥቁር ቀለምና በወረቀት መጽሐፍ መጻፍን አስተማራቸው።
1c75c7b0-9a94-5605-a9a4-113ec9482b22,2c3489b1-3d6a-5024-a175-bb0868f1eda3,630bf0ae-dc4f-5e34-a3fc-920034eaddeb,24,24,ስለዚህም ነገር ከጥንት ጀምሮ እስከ ዘለዓለም፥ እስከዚችም ቀን ድረስ ብዙ ሰዎች ይስታሉ። እንደ መላእክት ጻድቃንና ንጹሓን ሆነው ይኖሩ ዘንድ ነው እንጂ ሰው ለእንደዚህ ያለ ሥራ አልተፈጠረም ነበርና፥ በቀይ ቀለምና በጥቁር ቀለምም ሃይማኖታቸውን ሊያጸኑ ሰው ለእንዲህ ያለ ሥራ አልተወለደም ነበርና።
41929204-3845-5dc2-a272-3faa0bd04766,2c3489b1-3d6a-5024-a175-bb0868f1eda3,630bf0ae-dc4f-5e34-a3fc-920034eaddeb,25,25,ይህን በማወቃቸው ይጠፋሉ እንጂ ሁሉን የሚያጠፋ ሞት ባልዳሰሳቸውም ነበር።
d6403936-12de-542d-afa8-3360119a1a0a,2c3489b1-3d6a-5024-a175-bb0868f1eda3,630bf0ae-dc4f-5e34-a3fc-920034eaddeb,26,26,ስለዚህም ኀይል ይበላኛል።
e2cca422-6e35-58d1-aba5-0d06a6823938,2c3489b1-3d6a-5024-a175-bb0868f1eda3,630bf0ae-dc4f-5e34-a3fc-920034eaddeb,27,27,አምስተኛውም ስሙ ካሳድያዕ ነው፤ የነፍሳትንና የአጋንንትን ክፉ መማታትን ሁሉ ለሰው ልጆች ያሳየ እርሱ ነው።
307bf09a-5c4c-532b-a200-4ca273771be9,2c3489b1-3d6a-5024-a175-bb0868f1eda3,630bf0ae-dc4f-5e34-a3fc-920034eaddeb,28,28,ከማኅፀን ወጥቶ ይወድቅ ዘንድ ፅንስ ማስወረድንና ነፍስ መግደልን የአስተማረ እርሱ ነው።
ea3c7eef-2e5a-5b92-a3e3-7561609fe869,2c3489b1-3d6a-5024-a175-bb0868f1eda3,630bf0ae-dc4f-5e34-a3fc-920034eaddeb,29,29,በእባብ መነደፍንና በቀትር የሚሆን ምችን ተባዕ የሚባለው የእባብ ልጅ አስተማረ።
69f343a3-402e-5775-a157-99314fbefb3c,f804038e-9995-5717-a80e-e60393def827,4792b152-477c-52e9-aa62-b364c356bb51,1,1,ልዑል በጌትነት በኖረ ጊዜ ለቅዱሳን የገለጠው የመሐላ ራስ የክስብኤል የስሙ ቍጥር ይህ ነው።
6d7fc8ec-9b45-571d-ae4f-7c0a0ee49e71,f804038e-9995-5717-a80e-e60393def827,4792b152-477c-52e9-aa62-b364c356bb51,2,2,ስሙም ቤቃ ይባላል፤ ይኸውም ቅዱስ ሚካኤልን እንዲህ አለው- “ያን የተሰወረ ስሙን ያውቁት ዘንድ የተሰወረውን ስም ግለጥላቸው።
448ff7fa-9f51-5e62-a2f4-a7639054b045,f804038e-9995-5717-a80e-e60393def827,4792b152-477c-52e9-aa62-b364c356bb51,3,3,የተሰወረውንም ሁሉ ለሰው ልጆች ያሳዩ ከዚህ ስምና መሐላ የተነሣ እንዲንቀጠቀጡ በመሐላ ጊዜ ይጠሩት ዘንድ ግለጥላቸው።
f9391a40-2e26-59e0-a4d2-ef364f1d3d83,f804038e-9995-5717-a80e-e60393def827,4792b152-477c-52e9-aa62-b364c356bb51,4,4,ኀይለኛ ነውና፥ የጸናም ነውና የዚህ መሐላ ኀይሉ ይህ ነው።
3958bbdb-21a3-5d37-a70a-b62a19b0b067,f804038e-9995-5717-a80e-e60393def827,4792b152-477c-52e9-aa62-b364c356bb51,5,5,ይህን አካዕ የተባለውንም ስም በቅዱስ ሚካኤል እጅ አኖረው። የዚህ ስም የተሰወሩ ምሥጢሮቹም እነዚህ ናቸው። በስሙም ጸኑ።
0ca367c7-8349-50b6-a915-26b89a056204,f804038e-9995-5717-a80e-e60393def827,4792b152-477c-52e9-aa62-b364c356bb51,6,6,በዚያም ስም ሰማይ ጸና፤ ያም ስም ዓለም ሳይፈጠር ነበር፤ እስከ ዘለዓለምም ይኖራል፥ ምድርም በእርሱ በውኃው ላይ ተመሠረተች።
fd3f74f4-24ba-58b5-aa20-7430cf5a7f4b,f804038e-9995-5717-a80e-e60393def827,4792b152-477c-52e9-aa62-b364c356bb51,7,7,ከተራሮች ስውር ቦታዎች ውስጥ ከጥንት ጀምሮ እስከ ዘለዓለም ድረስ የጣፈጡ ውኃዎች ይመነጫሉ።
7aaf4347-a8b8-5ca2-ab48-e33d13c5a40c,f804038e-9995-5717-a80e-e60393def827,4792b152-477c-52e9-aa62-b364c356bb51,8,8,በዚያም ስም ባሕር ተፈጠረች፤ በተቈጣችም ጊዜ- ከዓለም ፍጥረት ጀምሮ እስከ ዘለዓለም ድረስ ከወሰንዋ እንዳታልፍ የአሸዋ መሠረት አኖረላት።
a4acf82a-1d34-5952-a253-16711ea20d1b,f804038e-9995-5717-a80e-e60393def827,4792b152-477c-52e9-aa62-b364c356bb51,9,9,በዚያም ስም ጥልቆች ሁሉ ጸንተው ቆሙ፤ ከጥንትም ጀምሮ እስከ ዘለዓለም ድረስ ከቦታቸው አይናወጡም።
1f8e897d-bf7b-523f-aaf4-12f434a93fe5,f804038e-9995-5717-a80e-e60393def827,4792b152-477c-52e9-aa62-b364c356bb51,10,10,በዚያም ስም ፀሐይና ጨረቃ ጎዳናቸውን ይጨርሳሉ፤ ከጥንት ጀምሮ እስከ ዘለዓለሙ ድረስ ከታዘዙት ትእዛዝ አያልፉም።
951fa327-14a6-55c1-ad8d-73c280dd8210,f804038e-9995-5717-a80e-e60393def827,4792b152-477c-52e9-aa62-b364c356bb51,11,11,በዚያም ስም ከዋክብት ጎዳናቸውን ይጨርሳሉ፤ ስማቸውንም ይጠራል፤ እነርሱም ከጥንት ጀምሮ እስከ ዘለዓለሙ ድረስ ይመልሱለታል።
6a840a61-125d-52b3-a59d-adc017981349,f804038e-9995-5717-a80e-e60393def827,4792b152-477c-52e9-aa62-b364c356bb51,12,12,እንደዚሁም ለውኃዎች አካላት ሕይወታቸው ነፋሳት ናቸው፤ የሁሉም አካሎቻቸውና መተላለፊያዎቻቸው ከነፋሳት ኅብር ሁሉ ነው።
ab606874-6f54-52ff-aabd-ea09c45818e6,f804038e-9995-5717-a80e-e60393def827,4792b152-477c-52e9-aa62-b364c356bb51,13,13,በዚያም የነጐድጓድ የቃሉ መዛግብትና የመብረቅ ብርሃን ይጠበቃሉ።
6f72e2a1-25d6-593d-a6a1-a8964f1e5c79,f804038e-9995-5717-a80e-e60393def827,4792b152-477c-52e9-aa62-b364c356bb51,14,14,በዚያም የበረድና የውርጭ መዛግብት፥ የጉም መዛግብትና የዝናምና የጠል መዛግብትም ይጠበቃሉ።
e8a29a0f-afa2-589c-a0ed-9a02f3447a78,f804038e-9995-5717-a80e-e60393def827,4792b152-477c-52e9-aa62-b364c356bb51,15,15,እነዚያም ሁሉ በመናፍስት ጌታ ፊት አምነው ያመሰግናሉ፤ በፍጹም ኀይላቸውም ያመሰግናሉ።
27cbf5d9-d650-52bd-a742-7b884e46b804,f804038e-9995-5717-a80e-e60393def827,4792b152-477c-52e9-aa62-b364c356bb51,16,16,ሁልጊዜም ምግባቸው ምስጋና ናት፤ ለዘለዓለም የሚኖር የመናፍስት ጌታ ስሙንም ያመሰግናሉ፤ ያከብራሉም፤ ከፍ ከፍም ያደርጋሉ።
fab91bab-e5b8-5699-a4e5-232b34115600,f804038e-9995-5717-a80e-e60393def827,4792b152-477c-52e9-aa62-b364c356bb51,17,17,ይህም ስም በእነርሱ ላይ ጸና፤ በእርሱም ይጠበቃሉ፤ መንገዶቻቸውም ይጠበቃሉ፤ መተላለፊያዎቻቸውም አይጠፉም።
0bb2ca84-c02c-5bcd-af64-f23a7d93b42f,f804038e-9995-5717-a80e-e60393def827,4792b152-477c-52e9-aa62-b364c356bb51,18,18,ታላቅ ደስታም ሆነላቸው፤ የሰው ልጅ ስሙ ስለ ተገለጠላቸውም አመሰገኑ፤ አከበሩም፤ ከፍ ከፍም አደረጉ።
7e74c4ce-4bc5-5e90-a085-b4193971e197,f804038e-9995-5717-a80e-e60393def827,4792b152-477c-52e9-aa62-b364c356bb51,19,19,በጌትነቱ ዙፋን ላይም ተቀመጠ፤ ለሰው ልጅም የፍርድ ሥልጣን ተሰጠው።
2235620c-3252-5938-ae8b-ba618e9a9f2c,f804038e-9995-5717-a80e-e60393def827,4792b152-477c-52e9-aa62-b364c356bb51,20,20,ከገጸ ምድርም ኃጥኣንን ያሳልፋል፤ ያጠፋልም፤ ዓለምን ያሳቱም በሰንሰለት ይታሰራሉ።
57469da1-3e45-54a6-acc3-59c27b7de495,f804038e-9995-5717-a80e-e60393def827,4792b152-477c-52e9-aa62-b364c356bb51,21,21,በጥፋት ማኅበራቸውም ይጋዛሉ፥ ሥራቸውም ሁሉ ከገጸ ምድር ያልፋል።
9fba661f-4208-5ba2-a9f3-dc432fe99a67,f804038e-9995-5717-a80e-e60393def827,4792b152-477c-52e9-aa62-b364c356bb51,22,22,ከእንግዲህ ወዲህም ፈርሶ በስብሶ የሚቀር የለም፤ ያ የሰው ልጅ ተገልጦ በጌትነቱ ዙፋን ተቀምጦአልና። ክፉ ነገርም ሁሉ ከፊቱ ይጠፋልና።
8d2a8945-33e7-5372-a3c1-02286dab09ac,f804038e-9995-5717-a80e-e60393def827,4792b152-477c-52e9-aa62-b364c356bb51,23,23,ሄደውም ለዚያ ለሰው ልጅ ይነግሩታል፤ በመናፍስት ጌታ ፊትም ይጸናል፤ ሦስተኛው የሄኖክ ምሳሌ ይህ ነው።
6374aaae-95df-5f01-a66e-cbf477a07318,f804038e-9995-5717-a80e-e60393def827,4792b152-477c-52e9-aa62-b364c356bb51,24,24,ከዚህ በኋላም እንዲህ ሆነ፤ በመናፍስት ጌታ ዘንድ የሰው ልጅ ሕያው ስሙ በምድር ላይ ከሚኖሩ ሰዎች ይልቅ ከፍ ከፍ አለ።
b3188713-5038-5880-ab45-2e5c58cbde01,f804038e-9995-5717-a80e-e60393def827,4792b152-477c-52e9-aa62-b364c356bb51,25,25,በመንፈስ ሠረገላዎችም ከፍ ከፍ አለ፤ ስሙም በመካከላቸው ወጣ።
2125852e-72ca-5a04-a501-d618c06c80ab,f804038e-9995-5717-a80e-e60393def827,4792b152-477c-52e9-aa62-b364c356bb51,26,26,ከዚያችም ቀን በኋላ በመካከላቸው አልተቈጠርሁም።
8e5c7c4b-9bb6-59f9-ad9f-f5931b44ea2a,f804038e-9995-5717-a80e-e60393def827,4792b152-477c-52e9-aa62-b364c356bb51,27,27,ለተመረጡና ለጻድቃን ቦታን ይሰፍሩልኝ ዘንድ መላእክት ገመዶችን በተቀበሉበት በሁለቱ ማዕዘናት በመስዕና በምዕራብ መካከል አኖሩኝ።
cadfe831-bc8a-5729-a59b-f45a3cf13274,f804038e-9995-5717-a80e-e60393def827,4792b152-477c-52e9-aa62-b364c356bb51,28,28,በዚያም ከጥንት ጀምሮ በዚያ ቦታ የሚኖሩ የቀደሙ አባቶችንና ጻድቃንን አየሁ።
ce24051d-9f28-5c2c-a6b2-49c2dac06be4,f804038e-9995-5717-a80e-e60393def827,4792b152-477c-52e9-aa62-b364c356bb51,29,29,ከዚህም በኋላ እንዲህ ሆነ፤ ልቡናዬ ትራቀቅ ጀመረች፤ ከሰማያት በላይ ወዳለች ወደ ሰማይም ትወጣ ጀመረች።
5b08d89c-a3cf-5777-a874-3e07a3163fb2,f804038e-9995-5717-a80e-e60393def827,4792b152-477c-52e9-aa62-b364c356bb51,30,30,የቅዱሳን መላእክት ልጆችንም በእሳት ወላፈን ላይ ቁመው አየኋቸው። ቀሚሳቸውና መጐናጸፊያቸውም ነጭ ነው፤ የፊታቸውም ብርሃን እንደ በረዶ ነው።
8c257dcb-b72b-5b74-ae74-e78aa3d77bb3,f804038e-9995-5717-a80e-e60393def827,4792b152-477c-52e9-aa62-b364c356bb51,31,31,ሁለት የእሳት ፈሳሾችንም አየሁ፤ የዚያም እሳት ብርሃን እንደ ዕንቍ ያበራል፤ በመናፍስት ጌታ ፊትም በግንባሬ ወደቅሁ።
9472617b-9233-5529-a4c5-7f36d3ae378f,f804038e-9995-5717-a80e-e60393def827,4792b152-477c-52e9-aa62-b364c356bb51,32,32,ከመላእክት አለቆች አንዱ መልአክ ሚካኤል ቀኝ እጄን ይዞ አነሣኝ፤ ምሕረት ወደ አለበት፥ ጽድቅም ወደ አለበት የተሰወረ ቦታ አወጣኝ።
e5b564ff-c658-5a64-a2da-3ece1ea0d11d,f804038e-9995-5717-a80e-e60393def827,4792b152-477c-52e9-aa62-b364c356bb51,33,33,በሰማይ ዳርቻ የተሰወሩትንም ሁሉ፥ የከዋክብትንና የብርሃናትንም መዛግብት ሁሉ በቅዱሳን ፊት ከሚወጡበት አሳየኝ።
369a741a-7503-5744-aa09-53e41ef33158,f804038e-9995-5717-a80e-e60393def827,4792b152-477c-52e9-aa62-b364c356bb51,34,34,መንፈስም ሄኖክን ከሰማያት በላይ ባለ ሰማይ ሰወረው።
4345b221-8dd7-51f1-af8c-d9708821aebd,f804038e-9995-5717-a80e-e60393def827,4792b152-477c-52e9-aa62-b364c356bb51,35,35,በዚያም በብርሃን መካከል በዕንቍ የተሠራ ቤት እንዳለ አየሁ።
e25adb0b-520d-5227-aa32-9b72bce89f28,f804038e-9995-5717-a80e-e60393def827,4792b152-477c-52e9-aa62-b364c356bb51,36,36,በእነዚያም ድንጋዮች መካከል የሕያው እሳት ላንቃዎች አሉ።
d082dca9-72f3-56dd-a514-62705306f851,f804038e-9995-5717-a80e-e60393def827,4792b152-477c-52e9-aa62-b364c356bb51,37,37,መንፈሴም እሳት የሚከበው የዚያን ቤት ዙሪያ አየች፤ በዚያም በአራቱ ማዕዘን ሕያው እሳትን የተመሉ ወንዞች አሉ። ያንም ቤት ይዞሩታል።
081bf80a-e145-518c-ac63-388e88d8e75a,f804038e-9995-5717-a80e-e60393def827,4792b152-477c-52e9-aa62-b364c356bb51,38,38,ሱራፌልና ኪሩቤል፥ አፍኒንም በዙሪያው አሉ። እነዚህም የማያንቀላፉ ናቸው፥ የጌትነቱንም ዙፋን ይጠብቃሉ።
be769b53-60d5-56b7-afb2-d94e4bb0efaa,f804038e-9995-5717-a80e-e60393def827,4792b152-477c-52e9-aa62-b364c356bb51,39,39,የማይቈጠሩ ብዙ፥ የብዙ ብዙ የሚሆኑ መላእክትን አየሁ፥ ያንም ቤት ይከብቡታል።
04c30ade-b3e1-5fec-a81a-941290116494,f804038e-9995-5717-a80e-e60393def827,4792b152-477c-52e9-aa62-b364c356bb51,40,40,ሚካኤልና ገብርኤል፥ ሩፋኤልና ፋኑኤል፥ በሰማያት ያሉ ቅዱሳን መላእክትም በዚያ ቤት ይገቡና ይወጡ ነበር።
dbd3b7fe-5827-5412-af93-56ce279cf7e8,f804038e-9995-5717-a80e-e60393def827,4792b152-477c-52e9-aa62-b364c356bb51,41,41,ከዚያም ቤት ሚካኤልና ገብርኤል፥ ሩፋኤልና ፋኑኤል፥ ቍጥር የሌላቸው ብዙዎች ቅዱሳን መላእክትም ይወጡ ነበር።
b4747851-b6ee-5c32-a40b-adcc3696c601,f804038e-9995-5717-a80e-e60393def827,4792b152-477c-52e9-aa62-b364c356bb51,42,42,ብሉየ መዋዕልም ከእነርሱ ጋር አለ፤ ራሱም እንደ ባዘቶ ነጭ ነው፥ ንጹሕም ነው፤ ልብሱም የማይተረጐም ነው።
4a58c111-46b7-565b-a5bd-13d985c8ee6d,f804038e-9995-5717-a80e-e60393def827,4792b152-477c-52e9-aa62-b364c356bb51,43,43,እኔም በግንባሬ ወደቅሁ፥ ሥጋዬም ሁሉ ቀለጠ፥ አእምሮዬም ተለወጠ።
78577f5b-46ce-5104-a5d1-6689cbe694b1,f804038e-9995-5717-a80e-e60393def827,4792b152-477c-52e9-aa62-b364c356bb51,44,44,በታላቅ ቃልና በኀይል መንፈስም ጮህሁ፥ አመሰገንሁ፥ አከበርሁ፥ ከፍ ከፍም አደረግሁ።
b0990701-fdff-54df-a6a4-d14225d670ac,f804038e-9995-5717-a80e-e60393def827,4792b152-477c-52e9-aa62-b364c356bb51,45,45,ከአፌ የወጡ እኒህ ምስጋናዎችም በዚያ ብሉየ መዋዕል ፊት የተወደዱ ሆኑ።
a0841e9e-ea58-5e80-ae54-19dfcd713f8d,f804038e-9995-5717-a80e-e60393def827,4792b152-477c-52e9-aa62-b364c356bb51,46,46,ያም ብሉየ መዋዕል ከሚካኤልና ከገብርኤል፥ ከሩፋኤልና ከፋኑኤል፥ ቍጥር ከሌላቸው ብዙ፥ የብዙ ብዙ ከሚሆኑ መላእክትም ጋር መጣ።
3a35eae5-2152-5f28-ad35-4f93bb8df393,f804038e-9995-5717-a80e-e60393def827,4792b152-477c-52e9-aa62-b364c356bb51,47,47,ያም መልአክ ወደ እኔ መጣ፥ በቃሉም ሰላም አለኝ።
b0634d95-ec39-51c2-a114-7f13abb97648,f804038e-9995-5717-a80e-e60393def827,4792b152-477c-52e9-aa62-b364c356bb51,48,48,እንዲህም አለኝ- “ለእውነት የተወለድህ የሰው ልጅ አንተ ነህ፤ ጽድቅም በአንተ አደረ፤ የብሉየ መዋዕል ቸርነትም አይለይህም።”
68c2189d-754a-5da5-a431-e75ff2690e34,f804038e-9995-5717-a80e-e60393def827,4792b152-477c-52e9-aa62-b364c356bb51,49,49,እንዲህም አለኝ- “ከጥንት ጀምሮ ሰላም በዚያ ተገኝትWaልና፥ ለዘለዓለም የሚሆን ሰላምን በስሙ ይጠራልሃል።
23707dd3-923d-5e15-a558-b0748be1eb08,f804038e-9995-5717-a80e-e60393def827,4792b152-477c-52e9-aa62-b364c356bb51,50,50,እንደዚሁም ለዓለም፥ ለዘለዓለም ይሆንልሃል፥ ሁሉም ይደረግልሃል፤ ጽድቅም ለዘለዓለም ሳይለይህ ሁሉ በመንገድህ ይሄዳል።
a0276e71-df95-5363-a0bf-ecea6b276dd5,f804038e-9995-5717-a80e-e60393def827,4792b152-477c-52e9-aa62-b364c356bb51,51,51,ማደሪያቸውም ከአንተ ጋር ይሆናል፥ ዕድል ፋንታቸውም ከአንተ ጋር ነው፤ ከአንተም ለዓለም ለዘለዓለም አይለዩም።
4437ecea-204d-5b00-a540-cbcb105381ea,f804038e-9995-5717-a80e-e60393def827,4792b152-477c-52e9-aa62-b364c356bb51,52,52,እንደዚህም ከዚያ የሰው ልጅ ጋር ብዙ ዘመን ይሆናል።
7d794c1c-37fa-5be2-a12e-a317210563ec,f804038e-9995-5717-a80e-e60393def827,4792b152-477c-52e9-aa62-b364c356bb51,53,53,ለጻድቃንም ሰላም ይሆናል፤ መንገዱም በመናፍስት ጌታ ስም ለጻድቃን ለዘለዓለም የቀና ነው።”
1a0b0f9f-e846-50c3-a5ad-27206b64e283,46622db3-b2e2-5502-adc0-d16861e6e0b2,efbe8321-293d-5514-a1d0-79add0bd3157,1,1,የሰማይ ብርሃናትን መመላለስ የሚናገር መጽሐፍ።
a0018a29-ad42-5d59-a3ef-05c92fab5294,46622db3-b2e2-5502-adc0-d16861e6e0b2,efbe8321-293d-5514-a1d0-79add0bd3157,2,2,እየአንዳንዳቸው በየወገናቸው እንደ አሉ፥ እየአንዳንዳቸውም በየሥልጣናቸውና በየዘመናቸው፥ እየአንዳንዳቸውም በየስማቸውና በየመውጫቸው፥ በየወራታቸውም ከእኔ ጋር ያለው መሪያቸው መልአክ ቅዱስ ዑርኤል እንደ አሳየኝ።
b2deca6f-9d18-5bf7-af3c-374de89562ad,46622db3-b2e2-5502-adc0-d16861e6e0b2,efbe8321-293d-5514-a1d0-79add0bd3157,3,3,ሰሌዳቸውንም ሁሉ፥ ዓመተ ዓለምን እስከ ዘለዓለም ድረስ፥ እስከ ዘለዓለም የሚኖር ሐዲስ ሥራም እስኪሠራ ድረስ እርሱ እንዳሳየኝ።
9d7e035f-709b-5bb4-a1ae-e47977dfa55b,46622db3-b2e2-5502-adc0-d16861e6e0b2,efbe8321-293d-5514-a1d0-79add0bd3157,4,4,የብርሃናት መጀመሪያ ትእዛዝ ይህ ነው።
3d502176-a5a9-531e-aa2f-508b68c7074b,46622db3-b2e2-5502-adc0-d16861e6e0b2,efbe8321-293d-5514-a1d0-79add0bd3157,5,5,ፀሐይ ብርሃን ነው፤ መውጫውም በምሥራቅ በኩል በሰማይ መስኮቶች ነው፤ መግቢያውም በምዕራብ በኩል በሰማይ መስኮቶች ነው።
f8939edf-0353-5093-a97d-1b28e8971d52,46622db3-b2e2-5502-adc0-d16861e6e0b2,efbe8321-293d-5514-a1d0-79add0bd3157,6,6,ፀሐይ የሚወጣባቸው ስድስት መስኮቶችን አየሁ፤ ፀሐይ የሚገባባቸውን ስድስት መስኮቶችንም አየሁ።
c83d5255-0748-54cf-a395-5b49e08b5d6d,46622db3-b2e2-5502-adc0-d16861e6e0b2,efbe8321-293d-5514-a1d0-79add0bd3157,7,7,ጨረቃም በእነዚያ መስኮቶች ይወጣል፤ ይገባልም።
a57fb112-56ad-5730-a6e2-2165dcd6a367,46622db3-b2e2-5502-adc0-d16861e6e0b2,efbe8321-293d-5514-a1d0-79add0bd3157,8,8,የሰማይ ከዋክብትን የሚመሩም ከሚመሯቸው ጋር፥ ስድስቱ በምሥራቅ፥ ስድስቱም በፀሐይ መግቢያ ናቸው።
919dd59f-d28d-57bd-a929-53e447c26c1e,46622db3-b2e2-5502-adc0-d16861e6e0b2,efbe8321-293d-5514-a1d0-79add0bd3157,9,9,ሁሉም እየአንዳንዱ ከሌላው በኋላ የቀና ነው፤ በዚያም መስኮት በቀኙና በግራው ብዙ መስኮቶች አሉ።
9c4671b9-36e0-5c3f-ae26-34d789ec85bf,46622db3-b2e2-5502-adc0-d16861e6e0b2,efbe8321-293d-5514-a1d0-79add0bd3157,10,10,መጀመሪያ ስሙ ፀሐይ የሚባል ታላቁ ብርሃን ይወጣል፤ ዙሪያውም እንደ ሰማይ ዙሪያ ነው፤ ሁለመናውም የሚያበራና የሚያቃጥል እሳትን የተመላ ነው።
326cde63-1e71-58e1-aaa4-ea6d3430af2a,46622db3-b2e2-5502-adc0-d16861e6e0b2,efbe8321-293d-5514-a1d0-79add0bd3157,11,11,የሚሄድባቸውንም ሠረገላዎች ነፋስ ይነዳቸዋል።
d79c6028-2d52-5b13-ab1a-b1c5142c3ed5,46622db3-b2e2-5502-adc0-d16861e6e0b2,efbe8321-293d-5514-a1d0-79add0bd3157,12,12,ፀሐይም ከሰማይ ይጠልቃል፤ ወደ ምሥራቅም ይሄድ ዘንድ ወደ መስዕ ይመለሳል፥ ወደዚያ መስኮት ይገባ ዘንድ ይመራል፤ በሰማይም ሆኖ ያበራል።
3e8898cf-ddb9-57b6-abf7-410697ebcacd,46622db3-b2e2-5502-adc0-d16861e6e0b2,efbe8321-293d-5514-a1d0-79add0bd3157,13,13,እንደዚህ በመጀመሪያው ወር በታላቁ መስኮት ይወጣል፤ ፀሐይ በምሥራቅ ከሚወጣባቸው ከስድስቱ መስኮቶች በአራተኛዪቱ ይወጣል።
eb56bf31-8196-5a55-a88d-8b0fafdebb53,46622db3-b2e2-5502-adc0-d16861e6e0b2,efbe8321-293d-5514-a1d0-79add0bd3157,14,14,በመጀመሪያው ወር ፀሐይ ከእርሷ በሚወጣባት በዚያች በአራተኛዪቱ ደጃፍም በዘመናቸው በሚከፈቱበት ጊዜ ከእነርሱ ዋዕይ የሚወጣባቸው ዐሥራ ሁለት ደጃፎች አሉባት።
fdf73942-9f25-5c96-a2af-d29d1e2aac92,46622db3-b2e2-5502-adc0-d16861e6e0b2,efbe8321-293d-5514-a1d0-79add0bd3157,15,15,ፀሐይ ከምሥራቅ በወጣ ጊዜ በዚች በአራተኛዪቱ ደጃፍ ሠላሳ ቀን ይወጣል።
c1a6514c-3984-53c5-ab55-7e9b316e67b5,46622db3-b2e2-5502-adc0-d16861e6e0b2,efbe8321-293d-5514-a1d0-79add0bd3157,16,16,በሰማይ በአለው መግቢያም በአራተኛዪቱ ደጃፍ አቅንቶ ይወርዳል።
5ef3d8d4-7199-5ae8-a4bb-f33a3ace70ab,46622db3-b2e2-5502-adc0-d16861e6e0b2,efbe8321-293d-5514-a1d0-79add0bd3157,17,17,በእነዚያም ወራት እስከ ሠላሳ ቀን ድረስ ቀኒቱ ከቀን ትረዝማለች፤ ሌሊቲቱም ከሌሊት ታጥራለች።
a00fbfcb-49e3-5a4c-a021-e2cdd55ec36b,46622db3-b2e2-5502-adc0-d16861e6e0b2,efbe8321-293d-5514-a1d0-79add0bd3157,18,18,በዚችም ቀን ቀኒቱ ከሌሊቱ ሁለት እጅ ትረዝማለች።
5d70bb4c-c99a-5b06-afae-d12e1bb76259,46622db3-b2e2-5502-adc0-d16861e6e0b2,efbe8321-293d-5514-a1d0-79add0bd3157,19,19,ጠንቅቀውም ቢቈጥሯት ቀኒቱ ዐሥር ክፍል ትሆናለች፤ ሌሊቲቱም ስምንት ክፍል ትሆናለች።
bccb7393-c5fd-5e4a-ad9f-312a060d1cb8,46622db3-b2e2-5502-adc0-d16861e6e0b2,efbe8321-293d-5514-a1d0-79add0bd3157,20,20,ፀሐይም ከዚች ከአራተኛዪቱ ደጃፍ ይወጣል፤ በአራተኛዪቱም ደጃፍ ይገባል።
8259d2d6-8619-5f1e-a0ce-6d47e9e3fd33,46622db3-b2e2-5502-adc0-d16861e6e0b2,efbe8321-293d-5514-a1d0-79add0bd3157,21,21,ሠላሳ ቀንም በምሥራቅ ወዳለችው ወደ አምስተኛዪቱ ደጃፍ ይመለሳል፤ ከእርሷም ይወጣል፤ በአምስተኛዪቱም ደጃፍ ይገባል።
df9256b8-6772-57ef-a24b-702e9350cd21,46622db3-b2e2-5502-adc0-d16861e6e0b2,efbe8321-293d-5514-a1d0-79add0bd3157,22,22,ያንጊዜም ቀኒቱ ሁለት እጅ ትረዝማለች፤ ቀኒቱም ዐሥራ አንድ ክፍልን ትሆናለች፤ ሌሊቲቱም ታጥራለች፤ ሰባት ክፍልንም ትሆናለች።
935b40d2-4e92-5953-a90d-b020ca83d7c8,46622db3-b2e2-5502-adc0-d16861e6e0b2,efbe8321-293d-5514-a1d0-79add0bd3157,23,23,ፀሐይም ወደ ምሥራቅ ይመለሳል፤ ወደ ስድስተኛዪቱም ደጃፍ ይገባል፤ ስለ እርስዋም ምልክት
7f467333-9ff4-57d9-a168-6902625c72aa,46622db3-b2e2-5502-adc0-d16861e6e0b2,efbe8321-293d-5514-a1d0-79add0bd3157,24,24,በዚያችም ቀን ቀኒቱ ከሌሊቲቱ ትረዝማለች፤ ቀኒቱም የሌሊቲቱን እጥፍ ትሆናለች፤ ቀኒቱም ዐሥራ ሁለት ክፍልን ትሆናለች። ሌሊቲቱም ታጥራለች፤ ስድስት ክፍልንም ትሆናለች።
83890d3f-0779-5da7-a2df-145c6cc9f49c,46622db3-b2e2-5502-adc0-d16861e6e0b2,efbe8321-293d-5514-a1d0-79add0bd3157,25,25,ቀኒቱም ታጥር ዘንድ፥ ሌሊቲቱም ትረዝም ዘንድ ፀሐይ ይነሣል።
b302c053-c6d5-5f62-a566-13e077e9848e,46622db3-b2e2-5502-adc0-d16861e6e0b2,efbe8321-293d-5514-a1d0-79add0bd3157,26,26,ፀሐይም ወደ ምሥራቅ ይመለሳል፤ ወደ ስድስተኛውም መስኮት ይገባል፤ ከእርስዋም ሠላሳ ቀን ይወጣል፤ ይገባልም።
fea077da-aebf-5a49-aa03-e246099a2496,46622db3-b2e2-5502-adc0-d16861e6e0b2,efbe8321-293d-5514-a1d0-79add0bd3157,27,27,ሠላሳውም ቀን ከተፈጸመ በኋላ በጥንቃቄ ቢቈጠር ቀኒቱ አንድ ክፍል ትጐድላለች፤ ቀኒቱም ዐሥራ አንድ ክፍል ትሆናለች፤ ሌሊቲቱም ሰባት ክፍል።
e81f157f-db4c-5d84-a12a-8efadc0b65f4,46622db3-b2e2-5502-adc0-d16861e6e0b2,efbe8321-293d-5514-a1d0-79add0bd3157,28,28,ፀሐይም ከስድስተኛዪቱ መስኮት ከምዕራብ ወጥቶ ወደ ምሥራቅ ይሄዳል፤ ሠላሳ ቀንም በአምስተኛዪቱ መስኮት ይወጣል፤ ዳግመኛም በምዕራብ በኩል በአለችው በአምስተኛዪቱ መስኮት በምዕራብ ይገባል።
bd3673a9-4c8e-5dcb-ab47-6b6260c1f93e,46622db3-b2e2-5502-adc0-d16861e6e0b2,efbe8321-293d-5514-a1d0-79add0bd3157,29,29,በዚያችም ቀን ቀኒቱ ሁለት ክፍል ታንሳለች፤ ቀኒቱም ዐሥር ክፍል ትሆናለች፤ ሌሊቲቱም ስምንት ክፍል ትሆናለች።
38002020-206e-5045-af7e-11d2ed808b30,46622db3-b2e2-5502-adc0-d16861e6e0b2,efbe8321-293d-5514-a1d0-79add0bd3157,30,30,ፀሐይም ከዚያች ከአምስተኛዪቱ መስኮት ይወጣል፤ በምዕራብ በኩል በአምስተኛዪቱ መስኮት ይገባል።
11041229-fd44-580c-ad27-5477affc0b36,46622db3-b2e2-5502-adc0-d16861e6e0b2,efbe8321-293d-5514-a1d0-79add0bd3157,31,31,ስለ እርስዋ ምልክትም
7952177f-d759-5d7f-a161-138151301a18,46622db3-b2e2-5502-adc0-d16861e6e0b2,efbe8321-293d-5514-a1d0-79add0bd3157,32,32,በዚያችም ቀን መዐልቱ ከሌሊቱ ጋር ይስተካከላል፤ የተካከለም ይሆናል፤ ሌሊቲቱም ዘጠኝ ክፍል ትሆናለች። መዐልቱም ዘጠኝ ክፍል ይሆናል።
08a1d676-7a62-5804-a0eb-2f51611b7004,46622db3-b2e2-5502-adc0-d16861e6e0b2,efbe8321-293d-5514-a1d0-79add0bd3157,33,33,ፀሐይም ከዚያች መስኮት
d23648d9-df97-53fe-a4f9-24d9c732b74a,46622db3-b2e2-5502-adc0-d16861e6e0b2,efbe8321-293d-5514-a1d0-79add0bd3157,34,34,በሦስተኛውም መስኮት ሠላሳ ቀን ይወጣል፤ በምዕራብም በሦስተኛዪቱ መስኮት ይገባል።
8420397f-b52b-5878-a630-d86abf30de66,46622db3-b2e2-5502-adc0-d16861e6e0b2,efbe8321-293d-5514-a1d0-79add0bd3157,35,35,በዚችም ቀን ሌሊቲቱ ከሌሊቲቱ እስከ ሠላሳ ቀን ትረዝማለች፤ ቀኒቱም ከቀኒቱ እስከ ሠላሳ ቀን ታጥራለች፥ በጥንቃቄ ቢቈጠርም ሌሊቱ ዐሥር ክፍል ይሆናል፤ ቀኑም ስምንት ክፍል ይሆናል።
14634e42-9cd1-5c93-a85c-ef270ea50262,46622db3-b2e2-5502-adc0-d16861e6e0b2,efbe8321-293d-5514-a1d0-79add0bd3157,36,36,ፀሐይም ከዚያች ከሦስተኛዪቱ መስኮት ወጥቶ በምዕራብ በሦስተኛዪቱ መስኮት ይገባል፥ ወደ ምሥራቅም ይመለሳል።
7f886f79-bf46-5c13-a354-e6741b5e9c9f,46622db3-b2e2-5502-adc0-d16861e6e0b2,efbe8321-293d-5514-a1d0-79add0bd3157,37,37,ፀሐይም በምሥራቅ በሁለተኛው መስኮት ሠላሳ ቀን ይወጣል።
cfa0831a-0401-59a6-a30f-ce2fc3191c5b,46622db3-b2e2-5502-adc0-d16861e6e0b2,efbe8321-293d-5514-a1d0-79add0bd3157,38,38,እንደዚሁም በምዕራባዊው ሰማይ በሁለተኛው መስኮት ይገባል፤ በዚያችም ቀን ሌሊቲቱ ዐሥራ አንድ ክፍልን ትሆናለች፤ ቀኒቱም ሰባት ክፍልን ትሆናለች።
32fd47ce-cc34-55bc-a8d6-c84641fd75c4,46622db3-b2e2-5502-adc0-d16861e6e0b2,efbe8321-293d-5514-a1d0-79add0bd3157,39,39,ፀሐይም በዚያች ቀን ከዚያች ከሁለተኛዪቱ መስኮት ወጥቶ በምዕራብ በሁለተኛዪቱ መስኮት ይገባል፤ ወደ ምሥራቅም ይመለሳል።
e6401b09-fa8e-5f43-af58-444e9c7113bc,46622db3-b2e2-5502-adc0-d16861e6e0b2,efbe8321-293d-5514-a1d0-79add0bd3157,40,40,ፀሐይም በምሥራቅ በአንደኛዪቱ መስኮት ስለ ምልክትWa
657fbc59-dec7-5b5f-aa88-5625641806ee,46622db3-b2e2-5502-adc0-d16861e6e0b2,efbe8321-293d-5514-a1d0-79add0bd3157,41,41,በዚያችም ቀን ሌሊቲቱ ከቀኒቱ ትረዝማለች፤ ሌሊቲቱም የቀኒቱን ዕጥፍ ትሆናለች፤ በጥንቃቄም ቢቈጠር ሌሊቲቱ ዐሥራ ሁለት ክፍል ትሆናለች፤ ቀኒቱም ስድስት ክፍልን ትሆናለች።
3f6eb605-2941-5f5f-aade-eea11f6a11ef,46622db3-b2e2-5502-adc0-d16861e6e0b2,efbe8321-293d-5514-a1d0-79add0bd3157,42,42,ፀሐይም መስኮቶቹን ጨረሰ፤ ዳግመኛም በእነዚህ መስኮቶቹ ላይ ዙሮ ሠላሳ ቀን በዚያው መስኮት ይገባል፤ በአንጻሩም በምዕራብ ይገባል።
e4d5c410-3746-583f-a1d0-1e39b3f8749c,46622db3-b2e2-5502-adc0-d16861e6e0b2,efbe8321-293d-5514-a1d0-79add0bd3157,43,43,በዚያችም ቀን ሌሊቲቱ ከርዝመትWa አንድ እጅ ታጥራለች፤ ይኸውም አንድ ክፍል ነው፤ ሌሊቲቱ ዐሥራ አንድ ክፍል ትሆናለች፤ ቀኒቱም ሰባት ክፍል ትሆናለች።
02ed0bdf-41f6-5b82-ac17-cd1f4705c941,46622db3-b2e2-5502-adc0-d16861e6e0b2,efbe8321-293d-5514-a1d0-79add0bd3157,44,44,ፀሐይም ተመልሶ በምሥራቅ ወደሚወጣበት ወደ ሁለተኛው መስኮት ይገባል፤ በዚያም መስኮቱ ተመልሶ ሠላሳ ቀን ይወጣል፤ ይገባልም።
01987158-8eec-5be8-ac8a-6ebd3fef723c,46622db3-b2e2-5502-adc0-d16861e6e0b2,efbe8321-293d-5514-a1d0-79add0bd3157,45,45,በዚያችም ቀን ሌሊቲቱ ከርዝመትWa ታጥራለች፤ ሌሊቲቱ ዐሥር ክፍል ትሆናለች፥ ቀኒቱም ስምንት ክፍል ትሆናለች።
e1c673b9-3fda-54e1-af6d-05e2f0d9f11a,46622db3-b2e2-5502-adc0-d16861e6e0b2,efbe8321-293d-5514-a1d0-79add0bd3157,46,46,በዚያችም ቀን ፀሐይ ከዚያች ከሁለተኛዪቱ መስኮት ይወጣል፤ በምዕራብም ገብቶ ወደ ምሥራቅ ይመለሳል።
b7ce9990-0135-5dac-a9b4-fd374a1b1507,46622db3-b2e2-5502-adc0-d16861e6e0b2,efbe8321-293d-5514-a1d0-79add0bd3157,47,47,ፀሐይም በሦስተኛዪቱ መስኮት ስለ ምልክትWa
c78f366a-c0c0-5f20-a6cb-59607a4a1d27,46622db3-b2e2-5502-adc0-d16861e6e0b2,efbe8321-293d-5514-a1d0-79add0bd3157,48,48,በዚያችም ቀን ሌሊቲቱ ታንሳለች፤ ዘጠኝ ክፍልም ትሆናለች፤ ቀኒቱም ዘጠኝ ክፍል ትሆናለች።
62565ef2-bbc5-532a-a70c-5aec296cbe99,46622db3-b2e2-5502-adc0-d16861e6e0b2,efbe8321-293d-5514-a1d0-79add0bd3157,49,49,ሌሊቱም ከቀኑ ጋር ይስተካከላል፤ ዓመቱም በጥንቃቄ ቢቈጠር ሦስት መቶ ስድሳ አራት ቀን ይሆናል።
529be69f-bcf1-568b-aea5-7a2d51b2e0c1,46622db3-b2e2-5502-adc0-d16861e6e0b2,efbe8321-293d-5514-a1d0-79add0bd3157,50,50,የቀንና የሌሊት ርዝመት፥ የቀንና የሌሊትም ማጠር በፀሐይ መንገድ ይለያል።
1c7b9aed-9d7d-5748-a8da-0d15df743a88,46622db3-b2e2-5502-adc0-d16861e6e0b2,efbe8321-293d-5514-a1d0-79add0bd3157,51,51,ስለዚህም መንገዱ ይረዝማል፤ ቀን ከቀን፥ ሌሊትም ከሌሊት ያጥራል።
e20c558e-3d5a-5e29-aaad-de05e3141c96,46622db3-b2e2-5502-adc0-d16861e6e0b2,efbe8321-293d-5514-a1d0-79add0bd3157,52,52,የፀሐይ ሥርዐቱ፥ መንገዱም፥ መመላለሻውም ይህ ነው።
b1967783-f2f4-5e9a-a5a0-344d462c09bd,46622db3-b2e2-5502-adc0-d16861e6e0b2,efbe8321-293d-5514-a1d0-79add0bd3157,53,53,በተመለሰም ጊዜ ስድሳውን ከንትሮስ ሊፈጽም ይመለሳል፤ ተመልሶም ይወጣል፤ ለዘለዓለም የሚኖር ታላቅ ብርሃንም ይህ ነው።
9b1a9365-bfd3-5204-aa79-45dc120e6523,46622db3-b2e2-5502-adc0-d16861e6e0b2,efbe8321-293d-5514-a1d0-79add0bd3157,54,54,ጌታ እንዳዘዘም በእርሱ አምሳል የሚጠራ፥ ከምሥራቅ የሚወጣ ታላቅ ብርሃን ይህ ነው።
14a34088-3ade-5ba3-a584-bf6c6c3bd184,46622db3-b2e2-5502-adc0-d16861e6e0b2,efbe8321-293d-5514-a1d0-79add0bd3157,55,55,እንደዚህም ይወጣል፤ ይገባልም፤ አይጐድልም፤ አያርፍምም፤ ነገር ግን በመዓልትና በሌሊት በሠረገላ ይሮጣል።
e2fc51a5-230d-5607-a0db-2e4660aac4f2,46622db3-b2e2-5502-adc0-d16861e6e0b2,efbe8321-293d-5514-a1d0-79add0bd3157,56,56,ብርሃኑም ከጨረቃ ይልቅ ሰባት እጅ ያበራል።
7f4961d2-6f1f-57fb-ac60-5e57af5182e3,46622db3-b2e2-5502-adc0-d16861e6e0b2,efbe8321-293d-5514-a1d0-79add0bd3157,57,57,የሁለቱም መጠናቸው እኩል ነው።
e4368581-6500-55d8-a97e-6d6966c66243,def6a0d8-b275-5247-ae7a-eaf5a24b5f54,9c516188-a65b-5842-a202-47bc436bf1ea,1,1,ከዚህ ሥርዐትም በኋላ ስሙ ጨረቃ የሚባል የታናሹን ብርሃን ሌላ ሥርዐት አየሁ።
9672f54a-e22a-591e-aecf-0d374e4515c6,def6a0d8-b275-5247-ae7a-eaf5a24b5f54,9c516188-a65b-5842-a202-47bc436bf1ea,2,2,ክበቡም እንደ ሰማይ ክበብ ነው፤ የሚሔድበትንም ሠረገላ ነፋስ ይነዳዋል።
5db50f16-acda-59a4-a58b-a9a4ad2adb77,def6a0d8-b275-5247-ae7a-eaf5a24b5f54,9c516188-a65b-5842-a202-47bc436bf1ea,3,3,ብርሃንም በመጠን ይሰጠዋል።
b429505f-3ab3-5529-a3a1-ad3fa41e5a3d,def6a0d8-b275-5247-ae7a-eaf5a24b5f54,9c516188-a65b-5842-a202-47bc436bf1ea,4,4,በወሩም ሁሉ መውጫውና መግቢያው ይለወጣል፤ ቀኑም እንደ ፀሐይ ቀን ነው።
84fdd4b9-a89c-50ec-ae90-214787b3ffd3,def6a0d8-b275-5247-ae7a-eaf5a24b5f54,9c516188-a65b-5842-a202-47bc436bf1ea,5,5,የብርሃኑ ሁኔታ በተስተካከለም ጊዜ የብርሃኑ መጠን ከፀሐይ ብርሃን ሰባተኛ እጅ ይሆናል።
3556382b-44c6-5a26-afeb-62ecd3fc70b2,def6a0d8-b275-5247-ae7a-eaf5a24b5f54,9c516188-a65b-5842-a202-47bc436bf1ea,6,6,እንደዚህም ይወጣል፤ ማጭድነቱም በሠላሳኛው ቀን ወደ ምሥራቅ ሆኖ ይወጣል።
6addb471-65aa-5d4d-a21b-408c5a641948,def6a0d8-b275-5247-ae7a-eaf5a24b5f54,9c516188-a65b-5842-a202-47bc436bf1ea,7,7,በዚያችም ቀን ይታያል፤ ለእናንተም ሠርቀ ወርኅ ይሆናል።
c3262aee-19cd-5e29-a34c-efd5f489e151,def6a0d8-b275-5247-ae7a-eaf5a24b5f54,9c516188-a65b-5842-a202-47bc436bf1ea,8,8,በሠላሳኛው ቀን ሠርቅ ሊያደርግ በሃያ ዘጠነኛው ቀን ፀሐይ በሚወጣበት ደጃፍ ከፀሐይ ጋር ያድራል።
81ea5c70-896b-5ece-ab99-444913944ebd,def6a0d8-b275-5247-ae7a-eaf5a24b5f54,9c516188-a65b-5842-a202-47bc436bf1ea,9,9,ሰባተኛ ክፍለ ብርሃን የሚሣልበት እኩሌታው አንዱ ወገን ከብርሃን የራቀ ነው፤ ከዐሥራ አራት እጅ ብርሃን ተለይታ ሰባት ክፍለ ብርሃን ከሚሣልባት ከሰባተኛዪቱ እጅ በቀር ሰሌዳው ሁሉ ብርሃን የሌለበት ባዶ ነው።
e74b9dcc-ed8a-505d-a398-1b332c252bcd,def6a0d8-b275-5247-ae7a-eaf5a24b5f54,9c516188-a65b-5842-a202-47bc436bf1ea,10,10,ከብርሃኑ እኩሌታ አንድ ሰባተኛ በሚቀበልበት ቀን ብርሃኑ የእኩሌታው አንድ ሰባተኛ ይሆናል።
764ab099-93c4-55d2-abb9-e85b1d95be81,def6a0d8-b275-5247-ae7a-eaf5a24b5f54,9c516188-a65b-5842-a202-47bc436bf1ea,11,11,ከፀሐይም ጋር ይገባል፤ ፀሐይም በሚወጣ ጊዜ ጨረቃ ከእርሱ ጋር ይወጣል፤ የብርሃኑንም እጅ ዕኩሌታ ይቀበላል።
66251bf6-6f6b-5e07-aa80-a082e1a8bdbb,def6a0d8-b275-5247-ae7a-eaf5a24b5f54,9c516188-a65b-5842-a202-47bc436bf1ea,12,12,ጨረቃ ሠርቅ ከሚያደርግበት ቀን አስቀድሞ በዚያች ሌሊት ጨረቃ ከፀሐይ ጋር ያድራል።
2113b3c9-d015-53f9-a1aa-a9531bc546b8,def6a0d8-b275-5247-ae7a-eaf5a24b5f54,9c516188-a65b-5842-a202-47bc436bf1ea,13,13,በዚያችም ሌሊት ሰባተኛውና ስድስተኛው እጅ፥ እኩሌታዋም እጅ ጨለማ ይሆናል፤ በዚያችም ቀን ሰባተኛውን እጅ ፈጽሞ ተቀብሎ ይወጣል።
00099de1-2cfa-5dbf-a755-3513c1b39e6a,def6a0d8-b275-5247-ae7a-eaf5a24b5f54,9c516188-a65b-5842-a202-47bc436bf1ea,14,14,ወጥቶም ከፀሐይ መውጫ ይርቃል፥ በቀረውም ቀኑ ሰባት ሰባት እጅ እየተቀበለ ያበራል።
6f3cc80a-e203-5f9f-a3d9-648f714c4119,3f49f3bf-894c-5b2b-a828-9aa4a539863e,030838ce-31ef-5e2e-acf6-197c71c3ac62,1,1,የወሮቹን መንገድ በሚያደርግበት በዚያ ትእዛዝ ሁለተኛ መሄጃውንና ትእዛዙን አየሁለት።
13f03f30-9843-593d-aa50-afc1f07b40fb,3f49f3bf-894c-5b2b-a828-9aa4a539863e,030838ce-31ef-5e2e-acf6-197c71c3ac62,2,2,የሁሉም መሪያቸው የሆነው ቅዱስ መልአክ ዑርኤል ሁሉን አሳየኝ፤
981adbf1-b3e2-5de1-a9b1-b2ba902f1fff,3f49f3bf-894c-5b2b-a828-9aa4a539863e,030838ce-31ef-5e2e-acf6-197c71c3ac62,3,3,እንዳሳየኝም ቦታቸውን ጻፍሁ።
2cd955bb-7da1-5195-afd7-34e2c37fd3d2,3f49f3bf-894c-5b2b-a828-9aa4a539863e,030838ce-31ef-5e2e-acf6-197c71c3ac62,4,4,ጸንተው እንደሚኖሩም ወራታቸውን ጻፍሁ፤ የብርሃናቸውንም መልክ ጻፍሁ።
bb86e0d2-db14-5283-af02-b5c1c8fb23d5,3f49f3bf-894c-5b2b-a828-9aa4a539863e,030838ce-31ef-5e2e-acf6-197c71c3ac62,5,5,ዐሥራ አምስቱ ቀን እስኪፈጸም ድረስ በአንድ ቀን አንድ ሰባተኛ ክፍለ ብርሃን እየተቀበለ ብርሃኑን ሁሉ በምሥራቅ ፈጽሞ ያገኛል፤ አንድ ሰባተኛ ክፍለ ብርሃንም እየተነሣው ጨለማውን ሁሉ በምዕራብ ፈጽሞ ያገኛል።
a9af2dcf-8947-5f4e-a26c-55162afe929c,3f49f3bf-894c-5b2b-a828-9aa4a539863e,030838ce-31ef-5e2e-acf6-197c71c3ac62,6,6,በታወቁም ወራቶች መግቢያዎቹን ይለውጣል፤ በታወቁም ወራቶች አንድ አንድ ክፍለ ብርሃን እየተሰጠው መንገዱን ይሄዳል።
f762906e-1706-5b2d-a1dc-0539ef46d9f6,3f49f3bf-894c-5b2b-a828-9aa4a539863e,030838ce-31ef-5e2e-acf6-197c71c3ac62,7,7,ጨረቃም በሕፀፁ በሁለቱ ከፀሐይ ጋር ይገባል፤ በመካከል ባሉ በእነዚያ በሁለቱ መስኮቶች በአራተኛዪቱና በሦስተኛዪቱ መስኮት ሰባት ቀን ይወጣል።
6f187792-d28f-5e54-a154-1fca6ef8eee4,3f49f3bf-894c-5b2b-a828-9aa4a539863e,030838ce-31ef-5e2e-acf6-197c71c3ac62,8,8,ዳግመኛም ዙሮ ተመልሶ ፀሐይ በሚወጣበት መስኮት ይወጣል፤ በዚያም መስኮት ብርሃኑን ሁሉ ፈጽሞ ያገኛል።
859a796f-6d3d-53ee-a9cf-c064856a3be7,3f49f3bf-894c-5b2b-a828-9aa4a539863e,030838ce-31ef-5e2e-acf6-197c71c3ac62,9,9,ከፀሐይም ይርቃል፤ ፀሐይ ከእርሷ በሚወጣባት በስድስተኛዪቱም መስኮት ስምንት ቀን ይገባል።
2f95f03c-58a7-569c-a402-29550ccf3f6e,3f49f3bf-894c-5b2b-a828-9aa4a539863e,030838ce-31ef-5e2e-acf6-197c71c3ac62,10,10,ፀሐይም ከአራተኛዪቱ መስኮት በሚወጣ ጊዜ ከአምስተኛዪቱ መስኮት እስኪወጣ ድረስ በአራተኛዪቱ መስኮት ሰባት ቀን ይወጣል።
64711766-1860-5623-a04e-b96968371d06,3f49f3bf-894c-5b2b-a828-9aa4a539863e,030838ce-31ef-5e2e-acf6-197c71c3ac62,11,11,ዳግመኛም ተመልሶ በአራተኛዪቱ መስኮት ሰባት ቀን ይወጣል፤ ብርሃኑንም ሁሉ ፈጽሞ ያገኛል።
1baa36c3-edd8-5b41-a5c3-469f9c38b780,3f49f3bf-894c-5b2b-a828-9aa4a539863e,030838ce-31ef-5e2e-acf6-197c71c3ac62,12,12,ይርቃል፥ በመጀመሪያዪቱም መስኮት ስምንት ቀን ይገባል፤ ዳግመኛም ተመልሶ ፀሐይ ከእርሷ በሚወጣባት በአራተኛዪቱ መስኮት ሰባት ቀን ይወጣል።
0d868f81-dc4a-56fe-a6b1-35e5ad5c0f3e,3f49f3bf-894c-5b2b-a828-9aa4a539863e,030838ce-31ef-5e2e-acf6-197c71c3ac62,13,13,በየወራታቸው ሥርዐት ፀሐይ እንደሚወጣና እንደሚገባ አኗኗራቸውን እንዲህ አየሁ።
f0faf2c0-b4c3-56b7-ac9f-7386976bc9da,3f49f3bf-894c-5b2b-a828-9aa4a539863e,030838ce-31ef-5e2e-acf6-197c71c3ac62,14,14,በእነዚያም ወራቶች አምስት ዓመት ይጨመራል፤ ለፀሐይም ሠላሳ ቀን ይደርሰዋል።
dfdc51a4-3e83-5060-aff7-f41a3535e794,3f49f3bf-894c-5b2b-a828-9aa4a539863e,030838ce-31ef-5e2e-acf6-197c71c3ac62,15,15,ለአንዱ ዓመትም ቀኖች ሁሉ ይደርሱታል፤ ከእነዚህም ከአምስቱ ዓመታት ተውጣጥተው ቀኖቹ ሦስት መቶ ስሳ አራት ቀን ይሆናሉ።
810c0369-9216-5e9b-ab21-9626e5d65eb0,3f49f3bf-894c-5b2b-a828-9aa4a539863e,030838ce-31ef-5e2e-acf6-197c71c3ac62,16,16,ለፀሐይና ለከዋክብትም ስድስት ቀን ይደርሳቸዋል፤ ከአምስቱ ዓመትም ስድስት ስድስት ቀን ወጥቶ ሠላሳ ቀን ይደርሳቸዋል።
4f74e9af-c1f5-55dc-a2a0-67f7ae532288,3f49f3bf-894c-5b2b-a828-9aa4a539863e,030838ce-31ef-5e2e-acf6-197c71c3ac62,17,17,ጨረቃም ከፀሐይና ከከዋክብት ሠላሳ ቀን ይጐድላል።
525a95a9-0c78-539d-a13b-3ba4903376c6,3f49f3bf-894c-5b2b-a828-9aa4a539863e,030838ce-31ef-5e2e-acf6-197c71c3ac62,18,18,ጨረቃም ዓመታትን ጠንቅቆ ያስቈጥራቸዋል።
0ae4f2ef-56a6-58ce-a3c4-bdb7da38803c,3f49f3bf-894c-5b2b-a828-9aa4a539863e,030838ce-31ef-5e2e-acf6-197c71c3ac62,19,19,ሁሉም ለዘለዓለም እንደሚኖሩ አንዲት ቀን አያተርፉም፤ አያጐድሉምም። ነገር ግን ሦስት መቶ ስድሳ አራት ቀን እየሆነ በጥንቃቄ በእውነት ዓመቱን ይለውጣሉ።
a972485e-f5c5-50b1-acb5-976f55e8cca4,3f49f3bf-894c-5b2b-a828-9aa4a539863e,030838ce-31ef-5e2e-acf6-197c71c3ac62,20,20,የሦስቱ ዓመት ቀን ሺህ ዘጠና ሁለት ነው፤ የስምንቱ ዓመት ቀን ሁለት ሺህ ዘጠኝ መቶ ዐሥራ ሁለት ቀን ይሆን ዘንድ የአምስቱ ዓመት ቀን ሺህ ስምንት መቶ ሃያ ቀን ነው።
5a9d5064-b8c9-502f-ad95-7c0e188a0a83,3f49f3bf-894c-5b2b-a828-9aa4a539863e,030838ce-31ef-5e2e-acf6-197c71c3ac62,21,21,ለጨረቃም ለብቻው ይደርሰዋል፤ የሦስቱም ዓመት ቀኑ ሺህ ስድሳ ሁለት ቀን ነው።
1f8ad282-c87a-51f8-a0fe-6751d5bb05d8,3f49f3bf-894c-5b2b-a828-9aa4a539863e,030838ce-31ef-5e2e-acf6-197c71c3ac62,22,22,በስድሳ ሁለቱ ቀን ላይ ወደ ላይ በመውጣቱ ለፀሐይ ቀን ይጨመርለታልና ጨረቃ ለአምስቱ ዓመት አምሳ ቀን ይጐድላል።
1a24e251-02bf-502f-aa6a-36635b04f051,3f49f3bf-894c-5b2b-a828-9aa4a539863e,030838ce-31ef-5e2e-acf6-197c71c3ac62,23,23,ለጨረቃ የስምንቱ ዓመት ቀኑ ሁለት ሺህ ስምንት መቶ ሠላሳ ሁለት ቀን ይሆን ዘንድ የአምስቱ ዓመት ቀኑ ሺህ ሰባት መቶ ሰባ ቀን ይሆናል።
2df8d104-37f7-5a22-aeca-81b6c96988eb,3f49f3bf-894c-5b2b-a828-9aa4a539863e,030838ce-31ef-5e2e-acf6-197c71c3ac62,24,24,በስምንቱ ዓመት የሚያንሰው ቀኑ ሰማንያ ቀን ነውና ከስምንቱም ዓመት የጐደለባቸው ቀኖች ሰማንያ ቀኖች ናቸው።
ab9e1d3a-b287-5119-aba3-4b6db1c18514,3f49f3bf-894c-5b2b-a828-9aa4a539863e,030838ce-31ef-5e2e-acf6-197c71c3ac62,25,25,እነርሱ እንደሚኖሩበት፥ ፀሐይም እንደሚኖርበት መጠን ዘመኑ እንዲህ በእውነት ይፈጸማል።
450d4e35-91ce-5d8a-afab-969775da7ee2,3f49f3bf-894c-5b2b-a828-9aa4a539863e,030838ce-31ef-5e2e-acf6-197c71c3ac62,26,26,ከዋክብት ከሚወጡባቸው መስኮቶች ፀሐይ ሠላሳ ቀን ይወጣል፥ ይገባልም።
0807f8d9-8057-54ad-a246-543155a5eafb,27c412e6-1416-573c-aa23-c1befa75d173,a1af806a-dd6a-5020-a4c9-b1fc46fd3b23,1,1,በፍጥረታት ሁሉ ላይና በከዋክብት ሁሉ ላይ የተሾሙ የሻለቆችን የሚመሩ፥ እንደ ዘመኑ ቍጥር ሁሉ ከሚጨመርባቸውና ከመኖሪያቸው ጋር ከማይለዩት ከአራቱ ከዋክብት ጋር
1a777a1c-b3b9-50e4-ad16-f2211dc9c2ea,27c412e6-1416-573c-aa23-c1befa75d173,a1af806a-dd6a-5020-a4c9-b1fc46fd3b23,2,2,እነዚህም፥ በዓመቱ ቍጥር የማይቈጠሩ አራቱን ቀኖች
175836b1-f2d3-5d3a-a869-ebb3a2dd7cdb,27c412e6-1416-573c-aa23-c1befa75d173,a1af806a-dd6a-5020-a4c9-b1fc46fd3b23,3,3,እነዚያ ከዋክብት ዓለም ጸንቶበት በሚኖረው ዘመን በእውነት ይገዛሉና ሰዎች በእነርሱ ይበድላሉ።
3656b052-cf7c-5b53-a6a7-96499299b3c8,27c412e6-1416-573c-aa23-c1befa75d173,a1af806a-dd6a-5020-a4c9-b1fc46fd3b23,4,4,አንዱ በመጀመሪያው መስኮት
b52c1a8f-6ffa-5cb5-abaa-3b474d641865,27c412e6-1416-573c-aa23-c1befa75d173,a1af806a-dd6a-5020-a4c9-b1fc46fd3b23,5,5,ለምልክት
c803dd39-5729-5138-a816-9cecac2e4063,27c412e6-1416-573c-aa23-c1befa75d173,a1af806a-dd6a-5020-a4c9-b1fc46fd3b23,6,6,በዚህ ዓለም በሰማይ ያበሩ ዘንድ፥ በምድርም ላይ ይታዩ ዘንድ፥
dc2d6288-1e39-5922-ac0b-444a2a6c2806,27c412e6-1416-573c-aa23-c1befa75d173,a1af806a-dd6a-5020-a4c9-b1fc46fd3b23,7,7,ፀሐይና ጨረቃ፥ ከዋክብትም፥ በሰማይ ሠረገላዎች ሁሉ የሚዞሩ ቅንየታት የሚባሉ ኮከቦችም ሁሉ ለመዓልትና ለሌሊት መሪዎች ይሆኑ ዘንድ፥
3fcef5ce-9a89-5568-aee2-47e1c929547a,27c412e6-1416-573c-aa23-c1befa75d173,a1af806a-dd6a-5020-a4c9-b1fc46fd3b23,8,8,ዑርኤል በሰማይ ፀሐይ በሚመላለስባቸው በሠረገላዎች ዙሪያ የፀሐይ እግሮች ከእነርሱ የሚወጡባቸው የተከፈቱ ዐሥራ ሁለት መስኮቶችን እንዲህ አሳየኝ።
27732803-b367-5f0d-ab3c-48a83f362c06,27c412e6-1416-573c-aa23-c1befa75d173,a1af806a-dd6a-5020-a4c9-b1fc46fd3b23,9,9,በታወቁባቸው ዘመኖችም በተከፈቱ ጊዜ ከእነርሱ በምድር ላይ ድርቅ ይወጣል።
f1369eaf-2a17-57d8-a1af-0616f16dc344,27c412e6-1416-573c-aa23-c1befa75d173,a1af806a-dd6a-5020-a4c9-b1fc46fd3b23,10,10,ለነፋሳትና ጠልን ለሚያመጣ ነፋስ በዘመኖች በተከፈቱ ጊዜ በምድር ዳርቻ በሰማይ ሆኜ ፀሐይና ጨረቃ፥ ከዋክብትም፥ የሰማይ ፍጥረቶችም ሁሉ በምሥራቅና በምዕራብ ከእነርሱ የሚወጡባቸው የተከፈቱ ዐሥራ ሁለት መስኮቶችን በምድር ዳርቻ ባለ በሰማይ አየሁ።
5902b254-4b7c-5543-a279-c5ec7e89172e,27c412e6-1416-573c-aa23-c1befa75d173,a1af806a-dd6a-5020-a4c9-b1fc46fd3b23,11,11,ብዙ የተከፈቱ መስኮቶችም ከቀኙና ከግራው አሉ።
0bbc227a-b3ca-599d-ae54-f0e3c9f16a19,27c412e6-1416-573c-aa23-c1befa75d173,a1af806a-dd6a-5020-a4c9-b1fc46fd3b23,12,12,ጌታ እንዳዘዛቸው ከዋክብት ከእነርሱ እንደሚወጡባቸው፥ እንደ ቍጥራቸው መጠን፥ እንደሚገቡባቸውም እንደ እነዚያ መስኮቶች አንዲቱ መስኮት በዘመኗ ሙቀትን ታስገኛለች።
6a4774ff-e5c7-54ac-a8c1-1c4c179e4e8b,27c412e6-1416-573c-aa23-c1befa75d173,a1af806a-dd6a-5020-a4c9-b1fc46fd3b23,13,13,የማይገቡ ከዋክብት በሚመላለሱባቸው በእነዚያ መስኮቶች በበላያቸውና በበታቻቸው ሠረገላዎችን ለዘለዓለም በሰማይ ሲሮጡ አየሁ።
3d4443d3-66d9-5793-a8ae-f95259131154,27c412e6-1416-573c-aa23-c1befa75d173,a1af806a-dd6a-5020-a4c9-b1fc46fd3b23,14,14,ሁሉንም አንዱ
2af3537b-ce83-5cc4-a55e-48d3b30a01b6,593cc9e0-7a69-5546-aac4-a6f92acd194e,5bd15d42-0f02-5e9e-abb3-b99190eaf8dc,1,1,ነፋሳት ከእነርሱ የሚወጡባቸውና በምድር ላይ የሚነፍሱባቸው፥ ለነፋስት ሁሉ የተከፈቱ ዐሥራ ሁለት መስኮቶችን በምድር ዳርቻ አየሁ።
cf40f740-dbb9-5151-a2d2-2335612da6de,593cc9e0-7a69-5546-aac4-a6f92acd194e,5bd15d42-0f02-5e9e-abb3-b99190eaf8dc,2,2,ከእነርሱም ሦስቱ በምሥራቅ፥ ሦስቱም በምዕራብ፥ ሦስቱም በሰሜን፥ ሦስቱም በደቡብ የተከፈቱ ናቸው።
2b302607-0ec4-537f-aaaf-08351791dbfd,593cc9e0-7a69-5546-aac4-a6f92acd194e,5bd15d42-0f02-5e9e-abb3-b99190eaf8dc,3,3,መጀመሪያዎቹ ሦስቱ በምሥራቅ፥ ሦስቱም በመስዕ፥ በኋላ በግራ በኩል ያየኋቸው ሦስቱ በአዜብ፥ ሦስቱም በምዕራብ ናቸው።
326d54c5-e49f-56c9-a354-e0c619569a2e,593cc9e0-7a69-5546-aac4-a6f92acd194e,5bd15d42-0f02-5e9e-abb3-b99190eaf8dc,4,4,ከእነርሱም በአራቱ የበረከትና የሰላም ነፋሶች ይወጣሉ፤ ከእነዚያም ከስምንቱ የመቅሠፍት ነፋሶች ይወጣሉ።
77de8fc0-ccdf-5cce-af59-131047ab5d3b,593cc9e0-7a69-5546-aac4-a6f92acd194e,5bd15d42-0f02-5e9e-abb3-b99190eaf8dc,5,5,እነዚህም በተላኩ ጊዜ ምድርን ሁላ ያጠፏታል፤ በእርሷም ላይ ያለውን ውኃ፥ በእርሷም ላይ የሚኖሩትን ሁሉ፥ በውኃና በየብስ ላይ ያለውንም ሁሉ ይደመስሳሉ።
35bd3508-dfe5-5ecb-aeb3-df7bf4c8a5a2,593cc9e0-7a69-5546-aac4-a6f92acd194e,5bd15d42-0f02-5e9e-abb3-b99190eaf8dc,6,6,ከእነዚህም መስኮቶች ለአዜብ በምትቀርብ በምሥራቅ በኩል ባለች በመጀመሪያዋ መስኮት ስሙ ጽባሓይ የሚባል መጀመሪያው ነፋስ ይወጣል፤ ከእርስዋም የምድር ድምሳሴ፥ ድርቅና ጥፋት ይወጣል።
e58184cc-6608-5dac-a7ec-060cda1a26cc,593cc9e0-7a69-5546-aac4-a6f92acd194e,5bd15d42-0f02-5e9e-abb3-b99190eaf8dc,7,7,በመካከል ባለች በሁለተኛዪቱ መስኮትም ቅንነት ይወጣል፤ ከእርሷም ዝናብ፥ ፍሬም፥ ሰላምና ጠልም ይወጣል።
9d8d78a5-8773-57b1-a03c-047b5b024584,593cc9e0-7a69-5546-aac4-a6f92acd194e,5bd15d42-0f02-5e9e-abb3-b99190eaf8dc,8,8,በመስዕ በኩል ባለች በሦስተኛዪቱ መስኮትም ውርጭ፥ ድርቅም ይወጣል።
5f5c4f81-819f-5328-a542-08ed480ccc5c,593cc9e0-7a69-5546-aac4-a6f92acd194e,5bd15d42-0f02-5e9e-abb3-b99190eaf8dc,9,9,ከእነዚህም ነፋሳት በኋላ በደቡብ በኩል ያሉ ነፋሳት በመጀመሪያዎቹ በሦስቱ መስኮቶች ይወጣሉ።
34f73fc9-c1d9-5230-a33f-20badadf974c,593cc9e0-7a69-5546-aac4-a6f92acd194e,5bd15d42-0f02-5e9e-abb3-b99190eaf8dc,10,10,ከእነርሱም ለምሥራቅ በምትቀርብ በመጀመሪያዪቱ መስኮት የድርቅ ነፋስ ይወጣል።
da8a3734-6b01-5379-a7b9-9af8501528da,593cc9e0-7a69-5546-aac4-a6f92acd194e,5bd15d42-0f02-5e9e-abb3-b99190eaf8dc,11,11,በእርስዋ አጠገብ ባለች በመካከለኛዪቱ መስኮትም ከእርስዋ መልካም ሽቱ፥ ጠልና ዝናም፥ ሰላምና ሕይወት ይወጣል።
7fe4b344-c5da-58a1-af17-9227105a663b,593cc9e0-7a69-5546-aac4-a6f92acd194e,5bd15d42-0f02-5e9e-abb3-b99190eaf8dc,12,12,በምዕራብ በኩል ባለች በሦስተኛዪቱ መስኮትም ከእርስዋ ጠልና ዝናም፥ ኩብኩባና ድምሳሴም ይወጣል።
81fe78f5-f5ed-5e9e-a8cc-6624f995f7b2,593cc9e0-7a69-5546-aac4-a6f92acd194e,5bd15d42-0f02-5e9e-abb3-b99190eaf8dc,13,13,ስሙ ባሕር በሚባል በመስዕ በኩል ካሉ ነፋሶች በኋላ ከሦስቱ መስኮቶች ለአዜብ በምትቀርብ በምሥራቅ በኩል ባለች በሰባተኛዪቱ መስኮት ከእርስዋ ጠልና ዝናም፥ ኩብኩባና ድምሳሴም ይወጣል።
5e79f7c4-7dab-54e8-a7ef-fb9cd72c1869,593cc9e0-7a69-5546-aac4-a6f92acd194e,5bd15d42-0f02-5e9e-abb3-b99190eaf8dc,14,14,በቀጥተኛዪቱ በመካከለኛዋ መስኮትም ከእርስዋ ዝናምና ጠል፥ ሕይወትና ሰላም ይወጣል።
f56634d6-ab47-5b55-a518-729f0f1a0d7e,593cc9e0-7a69-5546-aac4-a6f92acd194e,5bd15d42-0f02-5e9e-abb3-b99190eaf8dc,15,15,ለመስዕ በምትቀርብ በምዕራብ በኩል ባለች በሦስተኛዪቱ መስኮትም ከእርስዋ ጉምና ውርጭ፥ ዋግና ጠል፥ ዝናምና ኩብኩባም ይወጣል።
1e83f3fc-890f-5265-a04a-b8f360997255,593cc9e0-7a69-5546-aac4-a6f92acd194e,5bd15d42-0f02-5e9e-abb3-b99190eaf8dc,16,16,በምዕራብ በኩል ካሉ ከእነዚህ ከአራቱ ነፋሳት በኋላ ለመስዕ በቀረበች በመጀመሪያዪቱ መስኮት ከእርስዋ ጠልና ዝናም፥ የረጋውና የተበተነው ውርጭ፥ ዋግና ቀቅም ይወጣል።
6bd78d95-bd83-5d50-a8a6-fb59d9a672a3,593cc9e0-7a69-5546-aac4-a6f92acd194e,5bd15d42-0f02-5e9e-abb3-b99190eaf8dc,17,17,ከመካከለኛዪቱ መስኮትም ጠልና ዝናም፥ ሰላምና በረከትም ይወጣል።
58cda06d-ca23-5d75-a7de-1d3eb07f4839,593cc9e0-7a69-5546-aac4-a6f92acd194e,5bd15d42-0f02-5e9e-abb3-b99190eaf8dc,18,18,በአዜብ በኩል ባለች በሁለተኛዪቱ መስኮትም ከእርስዋ ድርቅና ድምሳሴ፥ ዋዕይና ጥፋት ይወጣል።
9a7e9622-8e32-5450-affe-d0974ea7a084,593cc9e0-7a69-5546-aac4-a6f92acd194e,5bd15d42-0f02-5e9e-abb3-b99190eaf8dc,19,19,በአራቱ የሰማይ ማዕዘን ያሉ ዐሥራ ሁለቱ መስኮቶች ተፈጸሙ። ልጄ ማቱሳላ! ትእዛዛቸውን ሁሉና መቅሠፍታቸውን ሁሉ፥ ሰላማቸውንም ሁሉ አሳየሁህ።
28540c20-ec31-5d57-a895-ebdeac5a9210,593cc9e0-7a69-5546-aac4-a6f92acd194e,5bd15d42-0f02-5e9e-abb3-b99190eaf8dc,20,20,መጀመሪያ ነውና መጀመሪያውን ነፋስ ስሙን ጽባሓዊ ብለው ይጠሩታል።
d0a767e7-483e-54ef-acc9-06efda53a3d2,593cc9e0-7a69-5546-aac4-a6f92acd194e,5bd15d42-0f02-5e9e-abb3-b99190eaf8dc,21,21,በዚያ ልዑል
0cdf070c-77a8-59a9-a1db-97b7d5a61467,593cc9e0-7a69-5546-aac4-a6f92acd194e,5bd15d42-0f02-5e9e-abb3-b99190eaf8dc,22,22,የሰማይ ብርሃናት ሁሉ በዚያ ይጐድላሉና፥ ወደዚያም ይወርዳሉና ከምዕራብ የሚነፍሰውንም ነፋስ ጐደሎ ብለው ይጠሩታል።
6dbbb00f-4b3e-59d6-aa4f-98d3f83d35c4,593cc9e0-7a69-5546-aac4-a6f92acd194e,5bd15d42-0f02-5e9e-abb3-b99190eaf8dc,23,23,ስሙ መስዕ የሚባል አራተኛው ነፋስ ከሦስት ይከፈላል፤ ከእነርሱም አንዱ ለሰው ማደሪያ ነው፤ ሁለተኛውም በውኃ ባሕሮችና በጥልቆች፥ በዛፍና በወንዞችም፥ በጨለማና በጉምም የተሾመ ነው። ሦስተኛውም ክፍል በጽድቅ ገነት የተሾመ ነው።
06e7d16c-6fef-51c9-aff6-87e112a541b0,593cc9e0-7a69-5546-aac4-a6f92acd194e,5bd15d42-0f02-5e9e-abb3-b99190eaf8dc,24,24,በምድር ካሉ ተራሮች ሁሉ የሚረዝሙ ሰባት ረጃጅሞች ተራሮችንም አየሁ።
62361a58-34db-5564-a3e3-da19c0cbd5ec,593cc9e0-7a69-5546-aac4-a6f92acd194e,5bd15d42-0f02-5e9e-abb3-b99190eaf8dc,25,25,ከእነርሱም ውርጭ ይወጣል፤ ቀኑም፥ ዘመኑም፥ ዓመቱም ያልፋል፥ ይሄዳልም።
520fb091-d07b-59b7-a8fc-e64158e06169,593cc9e0-7a69-5546-aac4-a6f92acd194e,5bd15d42-0f02-5e9e-abb3-b99190eaf8dc,26,26,ከፈሳሾች ሁሉ የሚበልጡ ሰባት ፈሳሾችን በምድር ላይ አየሁ፤ ከእነርሱም አንዱ ከምዕራብ መጥቶ ሰፊ ወደ ሆነው ውቅያኖስ ውኃውን ያፈስሳል።
0d377a52-6207-593a-aec4-67baf3b11ace,593cc9e0-7a69-5546-aac4-a6f92acd194e,5bd15d42-0f02-5e9e-abb3-b99190eaf8dc,27,27,እነዚያም ሁለቱ ከመስዕ እስከ ባሕር ድረስ መጥተው ውኃቸውን ከወደ ምሥራቅ በኤርትራ ባሕር ያፈስሳሉ።
e548ce8d-0532-5fbb-aee5-d598ae4a9bbe,593cc9e0-7a69-5546-aac4-a6f92acd194e,5bd15d42-0f02-5e9e-abb3-b99190eaf8dc,28,28,የቀሩትም አራቱ የእነርሱ ባሕር እስከሚሆነው እስከ ኤርትራ ባሕር ድረስ በመስዕ አጠገብ ይፈስሳሉ።
0742c721-e279-5122-a860-49ad24b6c702,593cc9e0-7a69-5546-aac4-a6f92acd194e,5bd15d42-0f02-5e9e-abb3-b99190eaf8dc,29,29,ሁለቱ ፈሳሾችም ወደ ታላቁ ባሕር ይጨመራሉ፤ በዚያም ይከማቻሉ።
10d0d17e-139d-5cac-adfe-bec9e062ff25,593cc9e0-7a69-5546-aac4-a6f92acd194e,5bd15d42-0f02-5e9e-abb3-b99190eaf8dc,30,30,በባሕርና በየብስ ሰባት ታላላቅ ደሴቶችን አየሁ፤ ከእነዚያም ሁለቱ በየብስ፥ አምስቱም በታላቁ ባሕር ናቸው።
5ebcc2e2-0b03-5234-a120-5ca615d61254,6bc686b9-cb94-5b85-a120-591454167cfa,de47a733-e63f-5874-ad17-6512e572a85c,1,1,የፀሐይ ስሙ እንደዚህ ነው፤ አንዱ ኦርያሬስ፥ ሁለተኛውም ቶማስስ ይባላል።
2b198495-3238-564d-a1b5-b498d65d03ed,6bc686b9-cb94-5b85-a120-591454167cfa,de47a733-e63f-5874-ad17-6512e572a85c,2,2,ለጨረቃም አራት ስሞች አሉት፤ አንዱ ስሙ አሶንያ ይባላል፥ ሁለተኛውም ዕብላ ይባላል፥ ሦስተኛው ብናሴ ይባላል፥ አራተኛውም ኤራዕ ይባላል።
5a065580-3fe7-50e8-ae4f-d4c1135370df,6bc686b9-cb94-5b85-a120-591454167cfa,de47a733-e63f-5874-ad17-6512e572a85c,3,3,ታላላቅ ብርሃናት እነዚህ ሁለቱ ናቸው፤ ክበባቸውም እንደ ሰማይ ክበብ ነው፤ የሁለቱም መጠኖቻቸው እኩል ናቸው።
c1135f8a-288e-555f-a603-8359efe596ee,6bc686b9-cb94-5b85-a120-591454167cfa,de47a733-e63f-5874-ad17-6512e572a85c,4,4,በፀሐይ ሰሌዳም ከጨረቃ ሰባት ክፍለ ብርሃን ይጨመርበታል፥ የፀሐይ ሰባተኛው ክፍል እስኪጨረስ ድረስ በልክ ትቀበላለች።
d0e9a6f8-7308-5559-a645-6e7b836f7b28,6bc686b9-cb94-5b85-a120-591454167cfa,de47a733-e63f-5874-ad17-6512e572a85c,5,5,በምዕራብ መስኮት ይገባሉ፥ ወደ መስዕም ይዞራሉ፥ በምሥራቅም መስኮት በሰማይ ፊት ይወጣሉ።
a4d02465-a276-5fc9-a278-ec2e4788702a,6bc686b9-cb94-5b85-a120-591454167cfa,de47a733-e63f-5874-ad17-6512e572a85c,6,6,ጨረቃም በወጣ ጊዜ በሰማይ ይታያል፤ የሰባተኛውን ክፍለ ብርሃን እኩሌታም ይቀበላል።
e84b75c3-5c60-5268-a0a2-83c14b56e993,6bc686b9-cb94-5b85-a120-591454167cfa,de47a733-e63f-5874-ad17-6512e572a85c,7,7,በዐሥራ አራተኛው ቀንም ብርሃኑን ፈጽሞ ያገኛል፤ ሦስት አምስተኛ ክፍለ ብርሃንም ይጨመርለታል።
e50bc1d2-f2de-577a-a356-6d005f39fc4b,6bc686b9-cb94-5b85-a120-591454167cfa,de47a733-e63f-5874-ad17-6512e572a85c,8,8,ለዘመን ምልክት ሊሆን እስከ ዐሥራ አምስት ቀን ብርሃኑን ፈጽሞ ያገኛል፤ ሦስት አምስተኛም ይሆናል፤ ጨረቃም በአንድ ሰባተኛ እጅ እኩሌታ ይሆናል።
98f86e6e-5ef3-5083-a5c1-16c05ea91847,6bc686b9-cb94-5b85-a120-591454167cfa,de47a733-e63f-5874-ad17-6512e572a85c,9,9,በሕፀፁም ጊዜ በመጀመሪያዪቱ ቀን ዐሥራ አራተኛውን እጅ ክፍለ ብርሃን ያጣል፤ በሁለተኛዪቱም ቀን ዐሥራ ሦስተኛዪቱን እጅ ያጣል።
cb496ede-23b1-58c9-a5e6-7b87d67f8c7e,6bc686b9-cb94-5b85-a120-591454167cfa,de47a733-e63f-5874-ad17-6512e572a85c,10,10,በሦስተኛውም ቀን ዐሥራ ሁለተኛውን እጅ ያጣል፤ በአራተኛውም ቀን ዐሥራ አንደኛውን እጅ ያጣል።
3ea16102-2273-552e-ae1c-588db9387e68,6bc686b9-cb94-5b85-a120-591454167cfa,de47a733-e63f-5874-ad17-6512e572a85c,11,11,በአምስተኛውም ቀን ዐሥረኛውን ክፍል ያጣል፤ በስድስተኛውም ቀን ዘጠነኛውን ክፍል ያጣል።
f07dde69-8bbb-5cbf-a538-733859f2297f,6bc686b9-cb94-5b85-a120-591454167cfa,de47a733-e63f-5874-ad17-6512e572a85c,12,12,በሰባተኛውም ቀን ስምንተኛውን ክፍል ያጣል፥ በስምንተኛውም ቀን ሰባተኛውን ክፍል ያጣል።
8b993972-f2eb-5198-ac0c-a7e94d59e40d,6bc686b9-cb94-5b85-a120-591454167cfa,de47a733-e63f-5874-ad17-6512e572a85c,13,13,በዘጠነኛውም ቀን ስድስተኛውን ክፍል ያጣል፤ በዐሥረኛውም ቀን አምስተኛውን ክፍል ያጣል።
e7b947ab-fd64-5791-aeb7-2f76d93ed85f,6bc686b9-cb94-5b85-a120-591454167cfa,de47a733-e63f-5874-ad17-6512e572a85c,14,14,በዐሥራ አንደኛውም ቀን አራተኛውን ክፍል ያጣል፤ በዐሥራ ሁለተኛውም ቀን ሦስተኛውን ክፍል ያጣል።
7b2b3976-a927-57fb-a8a3-700212b48fb0,6bc686b9-cb94-5b85-a120-591454167cfa,de47a733-e63f-5874-ad17-6512e572a85c,15,15,በዐሥራ ሦስተኛውም ቀን ሁለተኛውን ክፍል ያጣል፤ በዐሥራ አራተኛውም ቀን የሰባተኛውን እጅ እኩሌታ ያጣል።
e362859f-9c99-575b-a02b-967882c2bc61,6bc686b9-cb94-5b85-a120-591454167cfa,de47a733-e63f-5874-ad17-6512e572a85c,16,16,በዐሥራ አምስተኛው ቀንም ከብርሃን የቀረ ብርሃኑ ሁሉ ይጨረሳል።
aafc91c2-4077-5938-a68e-a7464a22787d,6bc686b9-cb94-5b85-a120-591454167cfa,de47a733-e63f-5874-ad17-6512e572a85c,17,17,በታወቁም ወራቶች በእየሃያ ዘጠነኛው ቀን ለጨረቃ ምላት ይሆናል፤ በእየሃያ ስምንተኛው ቀንም ምላት የሚደረግበት ጊዜ አለ።
24c31367-1f7e-59af-a045-0c7897617675,6bc686b9-cb94-5b85-a120-591454167cfa,de47a733-e63f-5874-ad17-6512e572a85c,18,18,መልአኩ ዑርኤልም ብርሃን በጨረቃ በተሣለ ጊዜ ሌላ ሥርዐትን አሳየኝ።
3b2d3382-2535-5085-a21e-3c442ec55b0b,6bc686b9-cb94-5b85-a120-591454167cfa,de47a733-e63f-5874-ad17-6512e572a85c,19,19,ጨረቃም ከፀሐይ ብርሃን ከሚጨመርላት ቀን ጀምሮ በምትሄድበት ዘመን ሁሉ ብርሃኗን በፀሐይ ፊት ታገኛለች፤ እስከ ዐሥራ አራተኛው ቀን ድረስም ብርሃኗ በሰማይ ይፈጸማል።
bd1b4d85-4729-5e39-ac69-ab8a903f2654,6bc686b9-cb94-5b85-a120-591454167cfa,de47a733-e63f-5874-ad17-6512e572a85c,20,20,ሁሉም
24695726-4e94-5886-ae0a-b93bfdfdccf9,6bc686b9-cb94-5b85-a120-591454167cfa,de47a733-e63f-5874-ad17-6512e572a85c,21,21,ፀሐይ ወደ ምዕራብ በሚገባበትም ቀን ብርሃኑ በጥንቃቄ ይጨረሳል፥ በሌሊትም ከምሥራቅ ይወጣል።
bcce2517-2745-570e-a9fe-2c19c8f351e3,6bc686b9-cb94-5b85-a120-591454167cfa,de47a733-e63f-5874-ad17-6512e572a85c,22,22,ፀሐይም በፊቱ እስኪወጣ ድረስ ጨረቃ መላ ሌሊቱን ያበራል፤ ጨረቃም በፀሐይ ፊት ይተያያል።
18f33dcc-6d02-572a-a55b-c6c07ed452ff,6bc686b9-cb94-5b85-a120-591454167cfa,de47a733-e63f-5874-ad17-6512e572a85c,23,23,የጨረቃ ብርሃን ከወጣበት ጀምሮ ብርሃኑ ሁሉ እስኪጨረስ ድረስ ዳግመኛ ከዚያ ይጐድላል።
48584746-4564-57d1-ac77-50a6363265ef,6bc686b9-cb94-5b85-a120-591454167cfa,de47a733-e63f-5874-ad17-6512e572a85c,24,24,ጨረቃም የሚያበራበት ወር ያልፋል፥ ሰሌዳውም ብርሃን የሌለበት ባዶ ይሆናል።
140985d4-6cbf-5b6f-ae89-7f19163e732f,6bc686b9-cb94-5b85-a120-591454167cfa,de47a733-e63f-5874-ad17-6512e572a85c,25,25,ሦስት ወር ምላት በሚያደርግበት ዘመኑ በሠላሳኛው ቀን ሕፀፅ ያደርጋል። ሦስቱንም ወር ሕፀፅ በሚያደርግባቸው ቀኖች በእየሃያ ዘጠነኛው ቀን ሕፀፅ ያደርጋል።
72fad340-56d5-5f57-ae9d-6c71b517da9e,6bc686b9-cb94-5b85-a120-591454167cfa,de47a733-e63f-5874-ad17-6512e572a85c,26,26,በመጀመሪያው ዘመን፥ በመጀመሪያው መስኮት በመቶ ሰባ ሰባት ቀን፥ በመወለጃውም ዘመን ሦስቱን ወር በየሠላሳኛው ቀን ይታያል። ሦስቱንም ወር በእየሃያ ዘጠነኛው ቀን ይታያል።
737a2ae5-db3f-5b71-a6b9-29c2da728182,6bc686b9-cb94-5b85-a120-591454167cfa,de47a733-e63f-5874-ad17-6512e572a85c,27,27,ያለ ፀሐይ ብርሃን ሌላ ብርሃን ምንም የላትምና በእየሃያኛው ቀን በሌሊት ሰው መስሎ፥ በቀንም ሰማይ መስሎ ይታያል።
ff292efb-e5c3-5844-a472-60b2c81f1fa7,6bc686b9-cb94-5b85-a120-591454167cfa,de47a733-e63f-5874-ad17-6512e572a85c,28,28,አሁንም ልጄ ማቱሳላ ሆይ፥ ሁሉን አሳየሁህ፤ የሰማይ ከዋክብት ሥርዐት ሁሉ ተፈጸመ።
e7b578cb-e98b-5033-a7a0-e6fed00a9eaf,6bc686b9-cb94-5b85-a120-591454167cfa,de47a733-e63f-5874-ad17-6512e572a85c,29,29,በእየቀኑ ሁሉና በእየዘመኑ ሁሉ፥ በእየሹመታቸውም ሁሉ፥ በእየዓመቱም ሁሉ፥ በመውጫውና በታዘዘበት ሁሉ፥ በወሩ ሁሉና በሱባዔው ሁሉ የሚሆነውን የእነዚህን ሥርዐት አሳየኝ።
119206c3-36ca-501d-a153-ee81ae4ce9a4,6bc686b9-cb94-5b85-a120-591454167cfa,de47a733-e63f-5874-ad17-6512e572a85c,30,30,በዚች በስድስተኛዪቱ መስኮት ብርሃኑ ጨርሶ ይጠፋልና በስድስተኛዪቱ መስኮት የሚደረግ የጨረቃንም ሕፀፅ አሳየኝ።
e6bfcac0-f769-588b-a347-7d6eef3af026,6bc686b9-cb94-5b85-a120-591454167cfa,de47a733-e63f-5874-ad17-6512e572a85c,31,31,ከዚያም በኋላ የወር መባቻ ይሆናል፤ ሕፀፅ በሚያደርግበትም ዘመን በመጀመሪያዪቱ መስኮት የሚደረገውን ሕፀፅ አሳየኝ።
9f236c1d-0caf-5ec5-aec5-d1e804bd6b63,6bc686b9-cb94-5b85-a120-591454167cfa,de47a733-e63f-5874-ad17-6512e572a85c,32,32,መቶ ሰባ ሰባት ቀን እስኪፈጸም ድረስ በሱባዔው ሥርዐት ቢቈጥሩት ሃያ አምስት ሱባዔ ከሁለት ቀን ይሆናል።
5ad35c47-206f-5162-a920-0f850ab43184,6bc686b9-cb94-5b85-a120-591454167cfa,de47a733-e63f-5874-ad17-6512e572a85c,33,33,ጨረቃ በአንዱ ዓመት ከፀሐይና ከከዋክብት ሥርዐት የሚያንሰው በጥንቃቄ ቢቈጠር አምስት ቀን ይሆናል።
162218c6-41fe-5c66-a7e1-2905205b5040,6bc686b9-cb94-5b85-a120-591454167cfa,de47a733-e63f-5874-ad17-6512e572a85c,34,34,ይህም የምታየው አንቀጽ በተፈጸመ ጊዜ መሪያቸው ታላቁ መልአክ ዑርኤል ካሳየኝ ከብርሃን ሁሉ የሚበልጥ እንደዚህ ያለ አርኣያና ምሳሌን ታያለህ።
1a3526ef-61f6-52bb-ad7a-be4e83c2ed55,6bc686b9-cb94-5b85-a120-591454167cfa,de47a733-e63f-5874-ad17-6512e572a85c,35,35,በዚያም ወራት መልአኩ ዑርኤል ሄኖክ ሆይ፥ “እነሆ፥ ሁሉን አሳየሁህ” ብሎ መለሰልኝ።
7f43a879-7aa4-5128-aca9-ce87b1195153,6bc686b9-cb94-5b85-a120-591454167cfa,de47a733-e63f-5874-ad17-6512e572a85c,36,36,ይህን ፀሐይ፥ ይህንም ጨረቃ ታየው ዘንድ፥ የሰማይ ከዋክብትን የሚመሯቸውን፥
5b55f67d-2205-5dfc-ad13-c032727c64e2,6bc686b9-cb94-5b85-a120-591454167cfa,de47a733-e63f-5874-ad17-6512e572a85c,37,37,ሥራቸውንና ዘመናቸውንም፥ መውጫቸውንም የሚለውጡትን ሁሉ ታያቸው ዘንድ ገለጥሁልህ።
30452c73-f64b-5cd2-a611-feddb8fc4133,0773f202-fe3c-512f-aa1e-4da0e853ace3,5d247fc5-a671-5348-a449-8229b43bf4a2,1,1,በኃጥኣንም ወራት ክረምቶች ያጥራሉ፤ በእርሻቸውና በመሰምሪያቸው ያለ አዝመራቸውም በኋላ ይደርሳል።
03ac87cf-0115-5654-a9fd-a703c8be81c5,0773f202-fe3c-512f-aa1e-4da0e853ace3,5d247fc5-a671-5348-a449-8229b43bf4a2,2,2,በምድር ላይ ያለ ሥራ ሁሉ ይለወጣል፥ በዘመኑም አይታይም፤ ዝናምም ይከለከላል፥ ሰማይም ዝናምን ታቆማለች።
fddcb3f1-5b79-538b-a974-dd84e3c83bc7,0773f202-fe3c-512f-aa1e-4da0e853ace3,5d247fc5-a671-5348-a449-8229b43bf4a2,3,3,በእነዚያም ዘመኖች የምድሩ ፍሬ ኋለኛ ይሆናል፥ በዘመኑም አይበቅልም፤ የዛፉም ፍሬ በዘመኑ ከማፍራት ይከለከላል።
c3c7e7a7-b343-54db-a7e1-fe139f1d84cc,0773f202-fe3c-512f-aa1e-4da0e853ace3,5d247fc5-a671-5348-a449-8229b43bf4a2,4,4,ጨረቃም ሥርዐቱን ይለውጣል፥ በዘመኑም ሲያበራ አይታይም።
2c53482c-3266-5852-a768-e09e7f0ad3b6,0773f202-fe3c-512f-aa1e-4da0e853ace3,5d247fc5-a671-5348-a449-8229b43bf4a2,5,5,በእነዚያም ወራቶች ሰማይ ጠርቶ ይታያል፤ ድርቅም በምዕራብ በኩል በታላቅ ሠረገላ ዳርቻ ሁኖ ይደርሳል፥ ሰማይም ከብርሃን ሥርዐት ይልቅ ፈጽሞ ያበራል።
803f6b28-bd23-521f-abd0-9aa96aa4a48f,0773f202-fe3c-512f-aa1e-4da0e853ace3,5d247fc5-a671-5348-a449-8229b43bf4a2,6,6,ብዙዎች የትእዛዝ ከዋክብት አለቆችን ይስታሉ፤ እኒህም መንገዳቸውንና ግብራቸውን ይለውጣሉ፥ በታዘዙላቸው ዘመኖቻቸውም አይታዩም።
aa52c6df-61c7-51dc-a0ba-5a64fba3b424,0773f202-fe3c-512f-aa1e-4da0e853ace3,5d247fc5-a671-5348-a449-8229b43bf4a2,7,7,የከዋክብት ሥርዐትም ሁሉ በኀጢአተኞች ላይ ይለወጥባቸዋል፥ በምድር ላይም የሚኖሩ ሰዎች በእነርሱ ላይ አእምሮአቸውን ይለውጣሉ።
c50a34c7-7801-58cf-a993-3b5a2a54f6a9,0773f202-fe3c-512f-aa1e-4da0e853ace3,5d247fc5-a671-5348-a449-8229b43bf4a2,8,8,ከመንገዳቸውም ሁሉ ይለወጣሉ፥ ይስታሉ፥ አማልክትንም ያስመስሏቸዋል።
b8935127-f118-50e4-aef2-60ed4628a529,0773f202-fe3c-512f-aa1e-4da0e853ace3,5d247fc5-a671-5348-a449-8229b43bf4a2,9,9,መከራም ይበዛባቸዋል፥ መቅሠፍትም ሁሉን ያጠፋቸው ዘንድ ይመጣባቸዋል።
d3e646e5-f029-526d-aba1-6b856ba6ea62,0773f202-fe3c-512f-aa1e-4da0e853ace3,5d247fc5-a671-5348-a449-8229b43bf4a2,10,10,እንዲህም አለኝ- “ሄኖክ ሆይ! በሰማይ ሰሌዳ የተጻፈውን መጽሐፍ ተመልከት፥ በእነርሱም የተጻፈውን አንብብ። እያንዳንዱንም ሁሉ መርምረህ ዕወቅ።” በሰማይ ሰሌዳ የተጻፈውንም ተመለከትሁ፤ የተጻፈውንም ሁሉ አነበብሁ፥ ሁሉንም ዐወቅሁ።
0be5c7ea-958b-5134-a1cd-a26b0e55379f,0773f202-fe3c-512f-aa1e-4da0e853ace3,5d247fc5-a671-5348-a449-8229b43bf4a2,11,11,መጽሐፊቱንም አነበብኋት፥ በእርሷም የተጻፈውን የሰዎችን ሥራ ሁሉ ተመለከትሁ፤ እስከ ዓለም ትውልድ ድረስ በምድር ላይ ያለ ከሥጋ የተወለደውንም ሁሉ አየሁ።
81a7c37b-3665-5823-a1b7-ccac89077d31,0773f202-fe3c-512f-aa1e-4da0e853ace3,5d247fc5-a671-5348-a449-8229b43bf4a2,12,12,ከዚህም በኋላ ያንጊዜ የዓለሙን ሥራ ሁሉ እንደ ሠራ ታላቁን የዘለዓለማዊ ክብር ንጉሥ ጌታን አመሰገንሁት።
c0e36207-5de5-5e15-a120-323f236ece0d,0773f202-fe3c-512f-aa1e-4da0e853ace3,5d247fc5-a671-5348-a449-8229b43bf4a2,13,13,ስለ ትዕግሥቱም ጌታን አከበርሁ፤ አመሰገንሁም፥ በአዳም ልጆችም ላይ አለቀስሁ።
ba34333f-54cb-5a41-ad1b-f3911df5ad80,0773f202-fe3c-512f-aa1e-4da0e853ace3,5d247fc5-a671-5348-a449-8229b43bf4a2,14,14,ያንጊዜም እንዲህ አልሁ- “ጻድቅና ቸር ሳለ የሚሞት፥ የበደልም ደብዳቤ ሁሉ ያልተጻፈበት፥ በፍርድ ቀንም በእርሱ ላይ በደል ያልተገኘበት ሰው ብፁዕ ነው።”
42db1356-af88-5a82-ae08-447bf1f098b5,0773f202-fe3c-512f-aa1e-4da0e853ace3,5d247fc5-a671-5348-a449-8229b43bf4a2,15,15,እነዚያም ሦስቱ ቅዱሳን
2c6c22d7-d298-5ee8-ae21-e7e57a2a7e17,0773f202-fe3c-512f-aa1e-4da0e853ace3,5d247fc5-a671-5348-a449-8229b43bf4a2,16,16,እንዲህም አሉኝ- “ለልጅህ ለማቱሳላ ይኽን ሁሉ ንገር፤ በጌታ ፊትም ሥጋዊ ሰው ሁሉ እንደማይጸድቅ ለልጆችህ ሁሉ ይህን ገልጠህ አስተምር፥ እርሱ ፈጥሮአቸዋልና።
90571221-541e-5008-a28f-cfba2d7190a6,0773f202-fe3c-512f-aa1e-4da0e853ace3,5d247fc5-a671-5348-a449-8229b43bf4a2,17,17,ልጆችህን ታስተምራቸው ዘንድ፥ ትጽፍላቸውም ዘንድ፥ ለልጆችህም ሁሉ ታዳኝባቸው ዘንድ ዳግመኛ እስክታዝዛቸው ድረስ በልጆችህ ዘንድ አንድ ዓመት እንተውሃለን።
c799fbd3-817e-5c19-a114-d19c6af85cf9,0773f202-fe3c-512f-aa1e-4da0e853ace3,5d247fc5-a671-5348-a449-8229b43bf4a2,18,18,በሁለተኛው ዓመት ግን ከእነርሱ መካከል ይወስዱሃል፤ ደጎች ለደጎች እውነትን ያስተምራሉና ልቡናህ ይጽና።
ecdef0fe-03cc-56e6-aa58-9612b2d05175,0773f202-fe3c-512f-aa1e-4da0e853ace3,5d247fc5-a671-5348-a449-8229b43bf4a2,19,19,ጻድቅ ከጻድቅ ጋር ደስ ይለዋል፥ እርስ በርሳቸውም ሰላምታ ይሰጣጣሉ፤ ኃጥእም ከኃጥእ ጋር ይሞታል፥ ወደ ኀጢአትም የተመለሰ ወደ ኀጢአት ከተመለሰው ጋራ ይሰጥማል።
457b0305-5b84-5a73-ab47-d6c1b4d920ac,0773f202-fe3c-512f-aa1e-4da0e853ace3,5d247fc5-a671-5348-a449-8229b43bf4a2,20,20,ጽድቅንም የሚሠሩ ሰዎች በክፉ ሰዎች ሥራ ይሞታሉ፥ ስለ ክፉ ሰዎች ሥራም ይሰበሰባሉ።
cade2d6d-db05-5fab-a84b-89b3bf43fb30,0773f202-fe3c-512f-aa1e-4da0e853ace3,5d247fc5-a671-5348-a449-8229b43bf4a2,21,21,በእነዚያም ወራቶች ከእኔ ጋር መነጋገራቸውን ጨረሱ፥ የዓለማትንም ጌታ እያመሰገንሁ ወደ ዘመዶቼ ተመለስሁ።
3f62a4cb-9e10-5690-a00d-0f9fa9aae36c,f674c8d9-807c-5c82-a2af-e665bf912921,c30d4f97-3853-5e96-adc1-075eb18be396,1,1,አሁንም ልጄ ማቱሳላ፥ እነዚህን ሁሉ ለአንተ እናገራለሁ፤ ለአንተም እጽፍልሃለሁ፥ ሁሉንም ገለጥሁልህ፤ የእነዚህንም ሁሉ መጻፎቻቸውን ሰጠሁህ።
86e88a10-e263-5abe-a3fe-37d84404a14c,f674c8d9-807c-5c82-a2af-e665bf912921,c30d4f97-3853-5e96-adc1-075eb18be396,2,2,ልጄ ማቱሳላ፥ ለዓለም ትውልድ ታስተላልፍ ዘንድ የአባትህን የእጅ መጻፎች ጠብቅ።
1ad6d021-f660-557b-a5ff-34e5e1d61dbd,f674c8d9-807c-5c82-a2af-e665bf912921,c30d4f97-3853-5e96-adc1-075eb18be396,3,3,ለአንተና ለልጆችህ፥ ለአንተም ልጆች ለሚሆኑት ጥበብን ሰጠሁህ። ይህችም ጥበብ ለልጆቻቸውና ለልጅ ልጆቻቸው እስከ ዘለዓለም ያስተላልፉ ዘንድ በሕሊናቸው ትኖራለች።
b89a1949-d0e1-5ed2-aed9-e0ed00c54d32,f674c8d9-807c-5c82-a2af-e665bf912921,c30d4f97-3853-5e96-adc1-075eb18be396,4,4,ይህችን ጥበብ ይማሯት ዘንድ የሚያስተውሉና በጆሯቸው የሚያደምጡ ሰዎች አያንቀላፉም፥ ለሚበሏትም ካማሩ ምግቦች ይልቅ ትስማማቸዋለች።
e531af35-e395-5c67-af41-4319eeb80278,f674c8d9-807c-5c82-a2af-e665bf912921,c30d4f97-3853-5e96-adc1-075eb18be396,5,5,ጻድቃንም ሁሉ ብፁዓን ናቸው፤ በጽድቅ መንገድ የሚሄዱና በዘመናቸው ሁሉ ቍጥር እንደ ኃጥኣን ኀጢአት የሌለባቸውም ብፁዓን ናቸው።
f20e21a1-af1c-5f41-a035-1777a50aabaa,f674c8d9-807c-5c82-a2af-e665bf912921,c30d4f97-3853-5e96-adc1-075eb18be396,6,6,በሰማይ የሚሄድ ፀሓይ፥ ከሻለቆች ጋር በመስኮቶች ሠላሳ ቀን ይገባል፥ ይወጣልም።
a046dc3e-cafb-55c8-abb0-b7ff8b90e8e5,f674c8d9-807c-5c82-a2af-e665bf912921,c30d4f97-3853-5e96-adc1-075eb18be396,7,7,ከሚጨመሩላቸውና አራቱን ክፍለ ዘመን ከሚለዩ ከሚመሯቸው አራት ከዋክብት ጋራ የከዋክብት ሥርዐታቸው ይህ ነው።
fd3f361c-1e72-5852-a6e8-6e5e0e6a28ae,f674c8d9-807c-5c82-a2af-e665bf912921,c30d4f97-3853-5e96-adc1-075eb18be396,8,8,ከእነርሱም ጋር አራት ቀን ይገባሉ፥ ስለ እነርሱም ሰዎች ይሳሳታሉ፤ በዓለሙ ሁሉ ቍጥርም አይቈጥሯቸውም፥ ይስትWaቸዋልና።
a685680b-17b2-5105-a032-b8bc9db7f308,f674c8d9-807c-5c82-a2af-e665bf912921,c30d4f97-3853-5e96-adc1-075eb18be396,9,9,ሰዎችም ጠንቅቀው አያውቋቸውም፤ በዘመኑ ቍጥር አሉና፥ ለዘለዓለምም በእውነት የተጻፉ ናቸው።
948b8ac8-dc89-5a09-ab7c-9ad7320feeee,f674c8d9-807c-5c82-a2af-e665bf912921,c30d4f97-3853-5e96-adc1-075eb18be396,10,10,አንዱ በመጀመሪያዪቱ መስኮት፥ አንዱም በሦስተኛዪቱ መስኮት፥ አንዱም በአራተኛዪቱ መስኮት፥ አንዱም በስድስተኛዪቱ መስኮት ይገባል።
bd03385a-accc-59da-a608-2ce040e8ed7a,f674c8d9-807c-5c82-a2af-e665bf912921,c30d4f97-3853-5e96-adc1-075eb18be396,11,11,ዓመቱም በሦስት መቶ ስድሳ አራት ቀን ይፈጸማል፤ ነገሩም እውነት ነው፥ የተጻፈውም ቍጥሩ የተጠነቀቀ ነው።
467fac8d-c456-54c7-aa03-16793ecc5757,f674c8d9-807c-5c82-a2af-e665bf912921,c30d4f97-3853-5e96-adc1-075eb18be396,12,12,የዓለም ፍጥረት ሁሉ ጌታ ስለ ሰማይ ሠራዊት ለእኔ ያዘዘልኝ መልአኩ ዑርኤል ስለ ብርሃናትና ወሮች፥ ስለ በዓላት፥ ስለ አራቱ ክፍለ ዘመኖችና ዓመታት፥ ስለቀኖችም አሳየኝ፤ ዕውቀትንም አሳደረብኝ።
632f72b5-658b-5398-a037-9993e3eb9c80,f674c8d9-807c-5c82-a2af-e665bf912921,c30d4f97-3853-5e96-adc1-075eb18be396,13,13,እርሱም በሰዎች ላይ በሰማይ የፀሐይንና የጨረቃን፥ የከዋክብትንም፥ በክበባቸው የሚመላለሱ የሰማይ ሠራዊትንም ሁሉ ብርሃን ያሳይ ዘንድ በመዓልትና በሌሊት ሥልጣን አለው።
9145a0af-9525-54fa-a302-d2ef2e5cb174,f674c8d9-807c-5c82-a2af-e665bf912921,c30d4f97-3853-5e96-adc1-075eb18be396,14,14,በቦታዎቻቸውና በዘመኖቻቸው፥ በሱባዔዎቻቸውና በወሮቻቸውም የሚወጡና የሚገቡ የከዋክብት ሥርዐት ይህቺ ናት።
a5b3154a-4b2f-5236-a918-b1fd3387ab1d,f674c8d9-807c-5c82-a2af-e665bf912921,c30d4f97-3853-5e96-adc1-075eb18be396,15,15,ምግብናቸውን የሚጠብቁ ከዋክብትን የሚመሩ የከዋክብት ስማቸው ይህ ነው፤ በዘመኖቻቸውና በሥርዐቶቻቸው፥ በጊዜዎቻቸውና በወሮቻቸው፥ በሥልጣኖቻቸውም በመቋሚያዎቻቸውም ይገባሉ።
24038e2e-780d-56cf-a5ec-a7acee65086c,f674c8d9-807c-5c82-a2af-e665bf912921,c30d4f97-3853-5e96-adc1-075eb18be396,16,16,አራቱን ክፍለ ዓመት የሚለዩ አራቱ መሪዎቻቸው አስቀድመው ይገባሉ።
87e19919-c476-5b26-a9d8-d48a9d098d14,f674c8d9-807c-5c82-a2af-e665bf912921,c30d4f97-3853-5e96-adc1-075eb18be396,17,17,ከእነርሱም ቀጥሎ ሠላሳውን ቀንና ሦስት መቶ ስድሳ አራት ቀን የሚሆን ዓመቱን የሚለዩ ሥርዐታት የሚባሉ ኮከቦችን የሚመሩ ዐሥራ ሁለት የወር መጋቢዎች፥ ሰባቱን ዕለታትና አራቱን ክፍለ ዘመን በሚለዩ በዘጠና አንድ መጋቢዎች ላይ የሚጨመሩ አራቱንም ጳጉሜን ከሚለዩ ከሺ አለቆች ጋር ይገባሉ።
b1d413ba-e036-563e-ade8-ea5c9ed350b8,f674c8d9-807c-5c82-a2af-e665bf912921,c30d4f97-3853-5e96-adc1-075eb18be396,18,18,እነዚያም የሺህ አለቆቹ በመሪና በተመሪ መካከል ናቸው፥ አንዱም በአንዱ መቋሚያ በኋላ ይጨመራል፤ መሪዎቻቸውም ሠላሳውን ቀን ይለያሉ።
43961b50-d258-5877-a8e0-6436d0d6242f,f674c8d9-807c-5c82-a2af-e665bf912921,c30d4f97-3853-5e96-adc1-075eb18be396,19,19,የተሠሩ አራቱን ክፍለ ዘመን የሚለዩ የእነዚህ መጋቢዎች
f3268003-2d3a-5047-a1f1-0b010f16ecc0,f674c8d9-807c-5c82-a2af-e665bf912921,c30d4f97-3853-5e96-adc1-075eb18be396,20,20,የሺህ አለቆችን የሚመሯቸው የወር መጋቢዎች ስማቸው አንድርናኤል፥ ኢየሱሳኤል፥ ኢይሉማኤልም ናቸው።
a1dd5430-8072-5fa9-a7db-9a6a057078ce,f674c8d9-807c-5c82-a2af-e665bf912921,c30d4f97-3853-5e96-adc1-075eb18be396,21,21,ሥርዐታት የሚባሉ የሻለቆችን የሚመሩ መጋቢዎችን
9c92e23d-c158-5084-adfc-0e5fa0a60e72,f674c8d9-807c-5c82-a2af-e665bf912921,c30d4f97-3853-5e96-adc1-075eb18be396,22,22,አንዱም- አራቱን ክፍለ ዘመን የሚለዩ ምቅዋማትን
cfad7081-d8fa-5d52-aade-69f6f05373dd,f674c8d9-807c-5c82-a2af-e665bf912921,c30d4f97-3853-5e96-adc1-075eb18be396,23,23,ስሙ ተመዓኒና
c155298b-f5c4-5828-a3f5-62d5cb4cb126,f674c8d9-807c-5c82-a2af-e665bf912921,c30d4f97-3853-5e96-adc1-075eb18be396,24,24,በምግብናው የሚመግባቸው ቀኖችም ሁሉ ዘጠና አንድ ቀኖች ናቸው።
54dccf18-a34e-5513-a1c5-0a272a01a9ab,f674c8d9-807c-5c82-a2af-e665bf912921,c30d4f97-3853-5e96-adc1-075eb18be396,25,25,በእርሱ ምግብና ወራትም በምድር ላይ ይታዩ ዘንድ ያላቸው እነዚህ የቀኖቹ ምልክቶች ላብ፥ ዋዕይና ኀዘን ናቸው።
82512140-ba43-57b5-a844-35e2ded911cd,f674c8d9-807c-5c82-a2af-e665bf912921,c30d4f97-3853-5e96-adc1-075eb18be396,26,26,ዛፎችም ሁሉ ያፈራሉ፤ ቅጠልም በዛፎች ሁሉ ላይ ይወጣል፤ የስንዴውም መከርና ጽጌረዳውም፥ ሌሎች አበባዎችም ሁሉ በሜዳው ያብባሉ፤ በክረምት የሚለመልሙ ዛፎችም ይደርቃሉ።
3a122c78-c263-5292-a0e4-8df4d47a6867,f674c8d9-807c-5c82-a2af-e665bf912921,c30d4f97-3853-5e96-adc1-075eb18be396,27,27,በበታቾቻቸው ያሉ የመሪዎቻቸው ስሞች ብርክኤልና ዘሓብሳኤል ናቸው፤
d4bef59f-1104-52b7-a51b-e59f4ec5f51c,f674c8d9-807c-5c82-a2af-e665bf912921,c30d4f97-3853-5e96-adc1-075eb18be396,28,28,ከእነርሱ ጋር የሚጨመር ሌላው የሻለቃ ስሙ ሄሉያሴፍ ነው።
601315b9-6617-52fd-a1ac-f420cfef3814,f674c8d9-807c-5c82-a2af-e665bf912921,c30d4f97-3853-5e96-adc1-075eb18be396,29,29,የዚህ የምልክኤል የምግብናው ወራት ተፈጸመ፤ ከእርሱም ቀጥሎ ሁለተኛው መጋቢ ስሙን ብሩህ ፀሐይ ብለው የሚጠሩት ሕልመልመሌክ ነው።
dd87dd81-fb19-5ce8-a42b-94242b834529,f674c8d9-807c-5c82-a2af-e665bf912921,c30d4f97-3853-5e96-adc1-075eb18be396,30,30,የሚያበራበትም ቀን ሁሉ ዘጠና አንድ ቀን ነው፤ በምድር ላይ የሚመግብባቸው ወራቶች ምልክቶች ሙቀትና ድርቅ ናቸው።
27536cc4-36c6-53ef-a098-426351ae0092,f674c8d9-807c-5c82-a2af-e665bf912921,c30d4f97-3853-5e96-adc1-075eb18be396,31,31,ዛፎችም ፈጽሞ የበሰለ ፍሬያቸውን ያወጣሉ፥ የደረቀ ፍሬያቸውንም ይሰጣሉ፤ በጎችም ይንጠላጠላሉ፥ ይፀንሳሉም።
5507ab2e-63bd-5b2f-a57f-a1fa27fe292c,f674c8d9-807c-5c82-a2af-e665bf912921,c30d4f97-3853-5e96-adc1-075eb18be396,32,32,ሰዎችም የምድር ፍሬን ሁሉ፥ በእርሻውም ያለውን ፍሬ ሁሉ፥ በወይኑ ዐውድማ ያለውን ፍሬ ሁሉ ይሰበስባሉ፥ በምግብናውም ወራት ይህ ሁሉ ይደረጋል።
a1e7c6b6-c889-5845-afae-da10f86c73d8,f674c8d9-807c-5c82-a2af-e665bf912921,c30d4f97-3853-5e96-adc1-075eb18be396,33,33,ስማቸውና ሥርዐቶቻቸውም እነዚህ ናቸው፤ በበታቻቸው ያሉ የዕለት መጋቢዎችን የሚመሩ የሻለቆችም ስማቸው ጊዳኤልና ኪኤል፥ ሄኤልም ናቸው።
b65907f4-9ca8-52bc-a030-4e147844211f,f674c8d9-807c-5c82-a2af-e665bf912921,c30d4f97-3853-5e96-adc1-075eb18be396,34,34,ከእነርሱም ጋር የሚጨመር የሺህ አለቃ ስሙ አስፋኤል ነው፥ የምግብናውም ወራት ተፈጸመ።
97d898a4-0de7-5f26-a1d1-8e3c7e7a5660,8be9daf7-4e84-5e90-a8c4-48f74f94ccf9,2f90bcd2-d7a7-5628-a959-64026a0b4d68,1,1,ልጄ ማቱሳላ፥ ዛሬ ያየሁትን ራእይ ሁሉ ገለጥሁልህ፥ ይህንም በፊትህ እናገራለሁ።
80b4f551-18f4-5427-a19e-ac0c0b36c2b3,8be9daf7-4e84-5e90-a8c4-48f74f94ccf9,2f90bcd2-d7a7-5628-a959-64026a0b4d68,2,2,ሚስት ሳላገባ ሁለት ራእዮችን አየሁ፤ ከእነርሱም አንዱ ከሌላው ጋር አይመሳሰልም።
e9de106c-74d4-52be-a5c3-aeb34b3c0d14,8be9daf7-4e84-5e90-a8c4-48f74f94ccf9,2f90bcd2-d7a7-5628-a959-64026a0b4d68,3,3,መጀመሪያውን ራእይ መጽሐፍን በምማርበት ጊዜ አየሁ፤ ሁለተኛም እናትህን ሳላገባት ጽኑዕ ራእይን አየሁ።
473ecbb0-f1af-5347-a351-0f70add9f010,8be9daf7-4e84-5e90-a8c4-48f74f94ccf9,2f90bcd2-d7a7-5628-a959-64026a0b4d68,4,4,ስለ እነዚህም ነገሮች ጌታን ለመንሁት፤ በአያቴ በመላልኤልም ቤት ተኝቼ ሳለሁ በራእይ ሰማይ ሲወድቅና ሲነጠቅ፥ በምድርም ላይ ሲወድቅ አየሁ።
ce8bb329-9fb0-53a6-a0bc-4615f0d2b2ba,8be9daf7-4e84-5e90-a8c4-48f74f94ccf9,2f90bcd2-d7a7-5628-a959-64026a0b4d68,5,5,በምድርም ላይ በወደቀ ጊዜ ምድርን በታላቅ ጥልቅ እንደምትሰጥም አየኋት።
19334caf-af9a-5db8-a9cd-abf285447835,8be9daf7-4e84-5e90-a8c4-48f74f94ccf9,2f90bcd2-d7a7-5628-a959-64026a0b4d68,6,6,ተራሮች በተራሮች ላይ ሲሰቀሉ፥ ኮረብታዎችም በኮረብታዎች ላይ ሲሰጥሙ፥ ረዣዥም ዛፎችም ከግንዶቻቸው እየተነቀሉ ሲወድቁ፥ በጥልቅ ወንዝም ሲሰጥሙ አየኋቸው።
efe8d8bf-4981-58c8-a8e1-f7d89eb01798,8be9daf7-4e84-5e90-a8c4-48f74f94ccf9,2f90bcd2-d7a7-5628-a959-64026a0b4d68,7,7,ከእርሱም የተነሣ በአንደበቴ ነገር ተነገረ፥ “ምድር ጠፋች” ብዬ እጮህ ጀመር።
fd05eb17-5efc-54bf-a1e5-16dbe2f16c2f,8be9daf7-4e84-5e90-a8c4-48f74f94ccf9,2f90bcd2-d7a7-5628-a959-64026a0b4d68,8,8,አያቴ መላልኤልም እኔ በእርሱ ዘንድ ተኝቼ ሳለሁ አስነሣኝ፤ “ልጄ፥ እንደዚህ ለምን ትጮሃለህ? እንደዚህስ ለምን ታለቅሳለህ?” አለኝ።
1e296a7e-ec75-5266-a6ae-ede00e8f4e54,8be9daf7-4e84-5e90-a8c4-48f74f94ccf9,2f90bcd2-d7a7-5628-a959-64026a0b4d68,9,9,እኔም ያየሁትን ራእይ ሁሉ ነገርሁት።
25691790-6e15-5c66-a70f-3221a88f3ba9,8be9daf7-4e84-5e90-a8c4-48f74f94ccf9,2f90bcd2-d7a7-5628-a959-64026a0b4d68,10,10,እርሱም አለኝ- “ልጄ፥ በአእምሮ የጸናህ እንደ መሆንህ አየህ፥ በምድር የተሰወረውን ሁሉ ኀጢአት በሕልም ማየትህ በረታ፤ ምድርም በጥልቁ ትሰጥም ዘንድ አላት፥ ታላቅ ጥፋትንም ትጠፋለች።
26195a31-17b5-5b34-a768-674298b464a4,8be9daf7-4e84-5e90-a8c4-48f74f94ccf9,2f90bcd2-d7a7-5628-a959-64026a0b4d68,11,11,አሁንም ልጄ፥ አንተ የታመንህ ነህና በምድር ላይ ቅሬት እንዲተርፍ፥ ምድርንም እንዳያጠፋት ተነሥተህ የክብር ባለቤት ጌታን ለምነው።
a8620a5c-bacb-52a1-ae58-efa94c83a24d,8be9daf7-4e84-5e90-a8c4-48f74f94ccf9,2f90bcd2-d7a7-5628-a959-64026a0b4d68,12,12,ልጄ፥ ይህ ሁሉ ከሰማይ ወርዶ በምድር ይሆናል፥ በምድርም ላይ ጽኑዕ ጥፋት ይሆናል።”
d9c6606c-d685-58bf-a1b1-e1a35b24459e,8be9daf7-4e84-5e90-a8c4-48f74f94ccf9,2f90bcd2-d7a7-5628-a959-64026a0b4d68,13,13,ከዚህም በኋላ ተነሥቼ ጸለይሁ፥ ማለድሁ፤ ለመንሁም፥ ጸሎቴንም ለልጅ ልጅ ዘመን ሊሆን ጻፍሁት።
3e72ddc8-df09-5620-a128-d496e4a97b06,8be9daf7-4e84-5e90-a8c4-48f74f94ccf9,2f90bcd2-d7a7-5628-a959-64026a0b4d68,14,14,ልጄ ማቱሳላ! ሁሉን አሳየሁህ፤ አንገቴን ደፍቼ በወጣሁ ጌዜ ሰማይን አየሁት፥ ፀሐይንም በምሥራቅ ሲወጣ አየሁ።
a9254214-c3c3-5a44-a17b-10064ea37f64,8be9daf7-4e84-5e90-a8c4-48f74f94ccf9,2f90bcd2-d7a7-5628-a959-64026a0b4d68,15,15,ጨረቃም በምዕራብ ሲገባ አየሁ፤ የጥቂቶችን ከዋክብትና የምድርን ሁሉ ማነስ አየሁ፤ ሁሉንም ዐወቅሁ፥ በመጀመሪያም የፍርድ ባለቤት ጌታን አመሰገንሁት።
1e6cfb86-cdaa-53ae-a6a8-ef0b65cb643d,8be9daf7-4e84-5e90-a8c4-48f74f94ccf9,2f90bcd2-d7a7-5628-a959-64026a0b4d68,16,16,ከምሥራቅ መስኮትም ፀሐይን አውጥትWaልና ምስጋና አቀረብሁለት፤ ፀሐይም ወጥቶ በሰማይ ላይ አበራ፥ ተነሥቶም በታየችለት ጎዳና ይሄዳል።
c40114d3-6ed5-5e50-a3a0-07d06b38ae92,8be9daf7-4e84-5e90-a8c4-48f74f94ccf9,2f90bcd2-d7a7-5628-a959-64026a0b4d68,17,17,በእውነትም እጆቼን ከፍ ከፍ አደረግሁ፥ ቅዱሱንና ገናናውንም አመሰገንሁት፤
d76c3b5c-c5f0-5e4a-aa8b-1ff67bc258bf,8be9daf7-4e84-5e90-a8c4-48f74f94ccf9,2f90bcd2-d7a7-5628-a959-64026a0b4d68,18,18,አምላክ ይናገሩበት ዘንድ ለሰው ልጆች በፈጠረው በአፌ እስትንፋስና በሥጋዊ አንደበቴ ተናገርሁ፥ ይናገሩበትም ዘንድ እስትንፋስን፥ አንደበትንና አፍን ሰጣቸው።
5db1fcca-4388-537e-a1da-37fa69cee294,8be9daf7-4e84-5e90-a8c4-48f74f94ccf9,2f90bcd2-d7a7-5628-a959-64026a0b4d68,19,19,ጌታ ሆይ፥ አንተ ቡሩክ ነህ፤ ንጉሥ፥ ገናና፥ ኀያል፥ በገናናነትህም የሰማይ ፍጥረት ሁሉ ጌታ ነህ፥ የነገሥታት ንጉሥና የዓለሙ ሁሉ አምላክ ነህ።
f6837a06-8c3a-533b-a6e1-e6bb22078822,8be9daf7-4e84-5e90-a8c4-48f74f94ccf9,2f90bcd2-d7a7-5628-a959-64026a0b4d68,20,20,አገዛዝህና መንግሥትህ፥ ገናናነትህም ለዘለዓለም ይኖራል፤ ሥልጣንህም ለልጅ ልጅ ሁሉ ነው።
442e48eb-b1c0-58af-a73f-ba738fe4c55c,8be9daf7-4e84-5e90-a8c4-48f74f94ccf9,2f90bcd2-d7a7-5628-a959-64026a0b4d68,21,21,ሰማዮችም ሁሉ ለዘለዓለሙ መኖሪያህ ናቸው፤ ምድርም ሁላ ለዘለዓለም የእግሮችህ መረገጫ ናት።
d31c506d-6d6c-563b-adb6-3ac2b0e7e511,8be9daf7-4e84-5e90-a8c4-48f74f94ccf9,2f90bcd2-d7a7-5628-a959-64026a0b4d68,22,22,አንተ ሁሉን ፈጥረሃልና፥ አንተም ሁሉን ትገዛለህና አንዱ ስንኳ ሥራ አይሳንህም፤ አንዲት ጥበብም አትሰወርህም፤ ዙፋንህም ከአኗኗርዋ አትለወጥም፥ አንተም ከባሕርይህ አትለወጥም።
389d7836-4cb5-5f0c-af46-652712c0a596,8be9daf7-4e84-5e90-a8c4-48f74f94ccf9,2f90bcd2-d7a7-5628-a959-64026a0b4d68,23,23,አንተም ሁሉን ታውቃለህ፥ ታያለህም፥ ትሰማለህም፥ ሁሉንም ታያለህና ከአንተ የሚሰወር የለም።
18260adf-8c54-54ac-a59b-89d4d7ca558e,8be9daf7-4e84-5e90-a8c4-48f74f94ccf9,2f90bcd2-d7a7-5628-a959-64026a0b4d68,24,24,አሁንም የሰማያትህ መላእክት
1f4e3e18-75a7-5e94-a184-29b14b5f7e6c,8be9daf7-4e84-5e90-a8c4-48f74f94ccf9,2f90bcd2-d7a7-5628-a959-64026a0b4d68,25,25,አሁንም አምላክ፥ ጌታና ገናና ንጉሥ ሆይ፥ በምድር የልጅ ልጅ ታስቀርልኝ ዘንድ ልመናዬን እንድትሰማኝ ፈጽሜ እለምናለሁ።
7b50a1e4-1382-5d88-a996-407ec6bd93cc,8be9daf7-4e84-5e90-a8c4-48f74f94ccf9,2f90bcd2-d7a7-5628-a959-64026a0b4d68,26,26,ሰውን ሁሉ አታጥፋ፥ ምድርንም ባዶዋን አታስቀራት፥ ለዘለዓለምም ጥፋት አይሁን።
4763bd59-de2e-5e6c-a806-9f379159b010,8be9daf7-4e84-5e90-a8c4-48f74f94ccf9,2f90bcd2-d7a7-5628-a959-64026a0b4d68,27,27,አሁንም ጌታዬ ሆይ፥ አንተን ያሳዘነችህ ሰውነትን ከምድር አጥፋ።
95e7b7ca-762b-5829-aa8d-f652c94f0a3e,8be9daf7-4e84-5e90-a8c4-48f74f94ccf9,2f90bcd2-d7a7-5628-a959-64026a0b4d68,28,28,የጽድቅና የቅንነት ሰውነትንም ለዘለዓለም ዘር ተክል አጽና። አቤቱ ከእኔ ከባሪያህም ልመና ፊትህን አትመልስ።
faeeef8a-bae6-5dbe-a434-ccaaa9e9477d,c5a175a5-215d-51c6-aa2d-58d9064e73e0,f07eb99d-c0d5-5db4-affc-21e8f67fa88a,1,1,ከዚህ በኋላም ሌላ ሕልምን አየሁ፥ ልጄ፥ ሁሉን አሳየሁህ።
9ff7c4c7-29fb-5298-ac4a-30302c0f382d,c5a175a5-215d-51c6-aa2d-58d9064e73e0,f07eb99d-c0d5-5db4-affc-21e8f67fa88a,2,2,ሄኖክም ለልጁ ማቱሳላ መለሰለት፥ እንዲህም አለ- “ልጄ፥ ነገሬን ስማኝ እልሃለሁ፤
58897326-1e60-5e7f-a2d2-fa6aaf676f71,c5a175a5-215d-51c6-aa2d-58d9064e73e0,f07eb99d-c0d5-5db4-affc-21e8f67fa88a,3,3,የእኔን የአባትህን ሕልም ለመስማት ጆሮህን አዘንብል፥ እናትህ እድናንም ሳላገባት በመኝታዬ ራእይ አየሁ።
aa0963d1-677f-5c28-a149-fa3de9be21ac,c5a175a5-215d-51c6-aa2d-58d9064e73e0,f07eb99d-c0d5-5db4-affc-21e8f67fa88a,4,4,እነሆ፥ ላም ከምድር ወጣ፥ ያም ላም ነጭ ሆነ፤ ከእርሱም በኋላ አንዲት ሴት ጥጃ ወጣች።
be2f7226-70bb-5f2d-aaf2-9a2a5dce6e2e,c5a175a5-215d-51c6-aa2d-58d9064e73e0,f07eb99d-c0d5-5db4-affc-21e8f67fa88a,5,5,ከእርስዋም ሁለት ጥጆች ወጡ፤ ከሁለቱም አንዱ ጥቁር ሆነ፥ አንዱም ቀይ ሆነ፤ ያም ጥቁሩ ጥጃ ያን ቀይ ጥጃ ወጋው፥ በምድርም ተከታተለው።
ff187591-569c-54eb-ab02-34b1e8388e44,c5a175a5-215d-51c6-aa2d-58d9064e73e0,f07eb99d-c0d5-5db4-affc-21e8f67fa88a,6,6,ከዚያም ጊዜ ጀምሮ ያን ቀይ ጥጃ ማየት አልተቻለኝም፥ ያም ጥቁሩ ጥጃ አደገ።
db1ec243-17f6-54ed-ae47-e5603dcbbb7d,c5a175a5-215d-51c6-aa2d-58d9064e73e0,f07eb99d-c0d5-5db4-affc-21e8f67fa88a,7,7,ከእርሱም ጋር ያቺ ሴት ጥጃ መጣች። እርሱን መስለው ከእርሱ የሚወጡ ብዙ ላሞችንም አየሁ፥ እርሱንም ይከተላሉ።
dd765873-5438-59f3-aa5a-c4885c20eac3,c5a175a5-215d-51c6-aa2d-58d9064e73e0,f07eb99d-c0d5-5db4-affc-21e8f67fa88a,8,8,ያችም መጀመሪያዋ ሴቲቱ ጊደር ከዚያ ከመጀመሪያው ላም ፊት ወጣች።
59c8469f-423a-5c45-a8ad-a66c7ece5e2c,c5a175a5-215d-51c6-aa2d-58d9064e73e0,f07eb99d-c0d5-5db4-affc-21e8f67fa88a,9,9,ያንም ቀይ ጥጃ ፈለገችው፥ አላገኘችውምም፥ ያንጊዜም ታላቅ ጩኸትን ጮኸችና ፈለገችው።
0f9c4ca9-35e1-56a0-a6d7-d892b978bd07,c5a175a5-215d-51c6-aa2d-58d9064e73e0,f07eb99d-c0d5-5db4-affc-21e8f67fa88a,10,10,ያም መጀመሪያው ላም ወደ እርሷ እስኪመጣ ድረስ አየሁ፥ ዝምም አሰኛት፥ ከዚያችም ጊዜ በኋላ አልጮኸችም።
7ed62819-1c45-57dd-a9c4-14a6214bca42,c5a175a5-215d-51c6-aa2d-58d9064e73e0,f07eb99d-c0d5-5db4-affc-21e8f67fa88a,11,11,ከዚህም በኋላ ሌላ ነጭ ላምን ወለደች፥ ከእርሱም ቀጥሎ ብዙ ላሞችንና ጥቋቁር ጊደሮችን ወለደች።
dd738890-7082-57d4-a999-845b2990e635,c5a175a5-215d-51c6-aa2d-58d9064e73e0,f07eb99d-c0d5-5db4-affc-21e8f67fa88a,12,12,በመኝታዬም ነጭ በሬን አየሁ፥ እንደዚህም አደገ፥ ታላቅ ነጭ በሬም ሆነ፥ ከእርሱም ብዙ ነጫጭ ላሞች ተወለዱ፥ በመልክም ይመስሉታል።
98e6d449-f027-5e22-a660-a3e2287667c2,c5a175a5-215d-51c6-aa2d-58d9064e73e0,f07eb99d-c0d5-5db4-affc-21e8f67fa88a,13,13,ብዙ ነጫጭና የሚመስሏቸውን ላሞችንም ይወልዱ ጀመር፥ አንዱም ሌላውን ተከተለው።
0727a682-518c-58e2-ac50-8dd946c374b8,c5a175a5-215d-51c6-aa2d-58d9064e73e0,f07eb99d-c0d5-5db4-affc-21e8f67fa88a,14,14,ዳግመኛም ተኝቼ በዐይኖቼ አየሁ፥ ወደ ላይም ሰማይን ተመለከትሁ።
c157ffae-bb47-5c5d-a328-8068b4e3ea7e,c5a175a5-215d-51c6-aa2d-58d9064e73e0,f07eb99d-c0d5-5db4-affc-21e8f67fa88a,15,15,እነሆ፥ ከሰማይ አንድ ኮከብ ወደቀ፤ ከፍ ከፍም ይላል፥ ይበላልም፥ በእነዚያም ላሞች መካከል ይሰማራል።
6bde73ae-db78-534b-a2e1-3fd3f8e0cc83,c5a175a5-215d-51c6-aa2d-58d9064e73e0,f07eb99d-c0d5-5db4-affc-21e8f67fa88a,16,16,ከዚያም በኋላ ታላላቆችንና ጥቋቁር ላሞችን አየሁ፥ እነሆ፥ ሁሉም መመሰጊያቸውንና መሰምሪያቸውን፥ ጥጆቻቸውንም ለወጡ፤ አያንዳንዳቸውም ከሌላው ጋር ይጮሁ ጀመሩ፥
5dbf9f43-8c04-5f08-a963-7dfad3d13041,c5a175a5-215d-51c6-aa2d-58d9064e73e0,f07eb99d-c0d5-5db4-affc-21e8f67fa88a,17,17,ዳግመኛም ራእይ አየሁ፥ ሰማይንም ተመለከትሁ።
d294f3a6-8c78-59c5-aa59-516546133443,c5a175a5-215d-51c6-aa2d-58d9064e73e0,f07eb99d-c0d5-5db4-affc-21e8f67fa88a,18,18,እነሆ፥ ብዙ ከዋክብትንም አየሁ፥ ከሰማይም ወደዚያ ወደ መጀመሪያው ኮከብ ወርደው ወደቁ፥ በእነዚያም ጥጆች መካከል ላሞች ሆኑ።
d9728525-8bdb-5ff9-a6ad-52436305134c,c5a175a5-215d-51c6-aa2d-58d9064e73e0,f07eb99d-c0d5-5db4-affc-21e8f67fa88a,19,19,ከእነርሱም ጋር በመካከላቸው የሚሰማሩ ሆኑ፥ እነርሱንም ፈጽሜ አየኋቸው።
0eef47b6-d82b-5d47-a1ad-0ef0f67197b6,c5a175a5-215d-51c6-aa2d-58d9064e73e0,f07eb99d-c0d5-5db4-affc-21e8f67fa88a,20,20,እነሆ፥ ሁሉም እንደ ፈረሶች ኀፍረታቸውን አውጥተው በላሞች ጊደሮች ላይ ይንጠላጠሉ ጀመሩ።
45afe7e8-c8a1-555f-a315-5dee7ff8e581,c5a175a5-215d-51c6-aa2d-58d9064e73e0,f07eb99d-c0d5-5db4-affc-21e8f67fa88a,21,21,ሁሉም ፀንሰው ዝሆኖችንና ግመሎችን፥ አህዮችንም ወለዱ፤ ላሞችም ሁሉ እነርሱን ፈሩአቸው፥ ከእነርሱም የተነሣ ደነገጡ።
b8dbf7a3-9c50-5a0c-a82d-44458259d121,c5a175a5-215d-51c6-aa2d-58d9064e73e0,f07eb99d-c0d5-5db4-affc-21e8f67fa88a,22,22,በጥርሳቸውም እየበታተኑ ይጥሏቸውና ይውጧቸው፥ በቀንዶቻቸውም ይወጓቸው ጀመሩ፤ ከዚያም በኋላ እነዚያን ላሞች ይበሏቸው ጀመሩ።
3043715a-3504-59f0-a2a8-5af02307fd7f,c5a175a5-215d-51c6-aa2d-58d9064e73e0,f07eb99d-c0d5-5db4-affc-21e8f67fa88a,23,23,እነሆም፥ የምድር ልጆች ሁሉ ከእነርሱ የተነሣ ይንቀጠቀጡና ይነዋወጡ፥ ከእነርሱም ይሸሹ ጀመሩ።
af364952-9e5f-5148-ad80-f032b79254fe,1d79106e-f4b9-53a0-ad50-b8bdc8a0806d,b1b9543d-a04c-502a-af58-e3cc156d7994,1,1,ዳግመኛም፥ አንዱ ሌላውን ሲወጋው፥ አንዱም ሌላውን ሲውጠው አየሁ።
ecb3881f-b729-5db1-a34f-6d541f5c2b45,1d79106e-f4b9-53a0-ad50-b8bdc8a0806d,b1b9543d-a04c-502a-af58-e3cc156d7994,2,2,ምድርም ትጮህ ጀመረች፥ ዳግመኛም ዐይኖቼን ወደ ሰማይ አቅንቼ በራእይ አየሁ።
6b2e8425-5d2a-5f69-aba2-13789b556134,1d79106e-f4b9-53a0-ad50-b8bdc8a0806d,b1b9543d-a04c-502a-af58-e3cc156d7994,3,3,እነሆም፥ የሸበተ ሰውን የመሰሉ ከሰማይ ወጡ፥ አንዱም ከዚያ ቦታ ወጣ፤ ሦስቱም ከእርሱ ጋር ወጡ።
57f40969-2f66-53a5-a0c5-69df9f5d3613,1d79106e-f4b9-53a0-ad50-b8bdc8a0806d,b1b9543d-a04c-502a-af58-e3cc156d7994,4,4,ኋላም ከእርሱ ጋር የወጡ እነዚያ ሦስቱ እጄን ያዙኝ፥ በምድር ካሉ ሰዎችም ለይተው አነሡኝ።
42d1d4e3-85d9-5fd3-a9d0-6488c768a772,1d79106e-f4b9-53a0-ad50-b8bdc8a0806d,b1b9543d-a04c-502a-af58-e3cc156d7994,5,5,በረጅም ተራራ ላይም ከፍ አድርገው ከምድር የራቀች ግንብን አሳዩኝ፥ ኮረብታውም ሁሉ ከእርሱ ያነሰ ሆነ።
209ef65d-d637-5ea1-a905-26bfb720ff54,1d79106e-f4b9-53a0-ad50-b8bdc8a0806d,b1b9543d-a04c-502a-af58-e3cc156d7994,6,6,እንዲህም አሉኝ- “በእነዚያ ዝሆኖችና ግመሎች ላይ፥ በአህዮችም ላይ፥ በከዋክብትም ላይ፥ በላሞቹም ሁሉ ላይ፥ የሚመጣውን ሁሉ እስክታይ ድረስ በዚህ ተቀመጥ።”
e4427242-2cc2-528f-ad9f-0427af5456b0,1d79106e-f4b9-53a0-ad50-b8bdc8a0806d,b1b9543d-a04c-502a-af58-e3cc156d7994,7,7,ቀድመው ከወጡት ከእነዚያ ከአራቱ አንዱን አየሁት፥ ከሰማይም የወደቀ ያን መጀመሪያውን ኮከብ ያዘው።
d1e61193-ed14-5512-a9f8-c21e804d4e6c,1d79106e-f4b9-53a0-ad50-b8bdc8a0806d,b1b9543d-a04c-502a-af58-e3cc156d7994,8,8,እጅና እግሩንም አስሮ በጥልቁ ጣለው፥ ያም ጕድጓድ ጠባብና ጥልቅ፥ ጭንቅና ጨለማም ነው።
df89688b-82c0-5338-a32e-8cd162b9c69b,1d79106e-f4b9-53a0-ad50-b8bdc8a0806d,b1b9543d-a04c-502a-af58-e3cc156d7994,9,9,ከእነዚያም አንዱ ሰይፉን መዝዞ ለእነዚያ ዝሆኖች፥ ለእነዚያም ግመሎችና አህዮች ሰጣቸው።
037ebc6e-6d2f-5b65-a099-4d532fa65348,1d79106e-f4b9-53a0-ad50-b8bdc8a0806d,b1b9543d-a04c-502a-af58-e3cc156d7994,10,10,አንዱም ሌላውን ይወጋው ጀመረ፥ ምድርም ሁላ በእነርሱ ላይ ተነዋወጠች።
384a236c-fd0d-515d-aacb-da9c267a89c8,1d79106e-f4b9-53a0-ad50-b8bdc8a0806d,b1b9543d-a04c-502a-af58-e3cc156d7994,11,11,በራእይም ባየሁ ጊዜ ከእነዚያ ከወጡት ከአራቱ አንዱ እነሆ፥ ከሰማይ መረቡን ጣለ።
750502be-a134-5176-ad00-5ed508a994b6,1d79106e-f4b9-53a0-ad50-b8bdc8a0806d,b1b9543d-a04c-502a-af58-e3cc156d7994,12,12,ኀፍረታቸው እንደ ፈረሶች ኀፍረት የሆነ ታላላቅ ከዋክብትንም ሁሉ ሰብስቦ ያዘ።
5810a2ff-94a1-5c4a-a9df-606fc315f948,1d79106e-f4b9-53a0-ad50-b8bdc8a0806d,b1b9543d-a04c-502a-af58-e3cc156d7994,13,13,ሁሉንም እጃቸውንና እግራቸውን አስሮ በምድር ጕድጓድ ጣላቸው።
c1712866-103d-5aaf-a326-c8b25a6583ec,1d79106e-f4b9-53a0-ad50-b8bdc8a0806d,b1b9543d-a04c-502a-af58-e3cc156d7994,14,14,ከእነዚያም ከአራቱ አንዱ ወደ ነጩ ላም ሄደ፥ እየራደም ምሥጢርን አስተማረው።
7d1fde7f-2862-574f-aae3-41f5679ed38d,1d79106e-f4b9-53a0-ad50-b8bdc8a0806d,b1b9543d-a04c-502a-af58-e3cc156d7994,15,15,ያ ላምም ተወለደ፤ ሰውም ሆነ፥ መርከብንም ሠርቶ በእርሷ ተቀመጠ።
5d610294-cd12-59dd-abda-1a067c3dd122,1d79106e-f4b9-53a0-ad50-b8bdc8a0806d,b1b9543d-a04c-502a-af58-e3cc156d7994,16,16,ሦስቱ ላሞችም በዚያች መርከብ ከእርሱ ጋር ተቀመጡ፥ በእነርሱም ላይ መርከቡ ተዘጋ።
ab80f3bc-2a25-5fbd-a9d7-719e2eed5689,1d79106e-f4b9-53a0-ad50-b8bdc8a0806d,b1b9543d-a04c-502a-af58-e3cc156d7994,17,17,ዳግመኛም ዐይኖቼን ወደ ሰማይ አቅንቼ ከፍ ያለ ጠፈርን አየሁ፥ በእርሱም ሰባት የውኃ ሻሻቴዎች አሉ፤ እነዚህም ሻሻቴዎች በአንድ ቦታ ብዙ ውኃን ያፈስሳሉ።
bdf4b6bf-cd49-5485-aae3-896aefea6690,1d79106e-f4b9-53a0-ad50-b8bdc8a0806d,b1b9543d-a04c-502a-af58-e3cc156d7994,18,18,ዳግመኛም አየሁ፥ እነሆም፥ በምድር ላይ በዚያ በታላቁ ቦታ ምንጮች ተከፈቱ።
9968daff-6a3b-5d26-a5fc-8a3caabce486,1d79106e-f4b9-53a0-ad50-b8bdc8a0806d,b1b9543d-a04c-502a-af58-e3cc156d7994,19,19,ያም ውኃ ይፈላና በምድር ላይ ይነሣ ጀመር፥ ምድሩም ሁሉ በውኃ እስኪሸፈን ድረስ ያን ቦታ አያሳየውም ነበር።
0779e35a-37f7-5082-ac4a-2379f6148a2f,1d79106e-f4b9-53a0-ad50-b8bdc8a0806d,b1b9543d-a04c-502a-af58-e3cc156d7994,20,20,በሁሉም ላይ ውኃው በዛ፤ ጨለማና ጉምም ሆነ፤ የዚያንም ውኃ ከፍታውን አየሁ፥ ውኃውም በዚያ ቦታ ላይ ከፍ ከፍ አለ።
38c72310-fa98-5c3d-a14f-36b4600b2e4b,1d79106e-f4b9-53a0-ad50-b8bdc8a0806d,b1b9543d-a04c-502a-af58-e3cc156d7994,21,21,በቦታውም ላይ ውኃውን ያፈስስ ነበር፥ በምድር ላይም ጸና።
8e2eec8a-5f61-5c03-a137-e44b02ad48d4,1d79106e-f4b9-53a0-ad50-b8bdc8a0806d,b1b9543d-a04c-502a-af58-e3cc156d7994,22,22,በዚያም ቦታ ላሞች ሁሉ በውኃው ሲሰጥሙ፥ ሲዋጡና ሲጠፉም እስከማያቸው ድረስ ተሰበሰቡ።
deb630df-edfe-5368-a069-5551c3a9ff6e,1d79106e-f4b9-53a0-ad50-b8bdc8a0806d,b1b9543d-a04c-502a-af58-e3cc156d7994,23,23,ያም መርከብ በውኃው ላይ ይንሳፈፍ ነበር፥ ላሞችና ዝሆኖች፥ አህዮችና ግመሎች፥ ከብቶችም ሁሉ በምድር ተሰጠሙ።
d98c2acc-478e-5a49-aaa6-6f5e3d44a329,1d79106e-f4b9-53a0-ad50-b8bdc8a0806d,b1b9543d-a04c-502a-af58-e3cc156d7994,24,24,እኔም እነርሱን ማየት አልተቻለኝም፤ እነርሱም መውጣት ተሳናቸው፥ በጥልቁም ባሕር ተሰጥመው ጠፉ።
e2985db4-2540-5cb8-afbf-32b049149b75,1d79106e-f4b9-53a0-ad50-b8bdc8a0806d,b1b9543d-a04c-502a-af58-e3cc156d7994,25,25,ዳግመኛም ከዚህ ከታላቁ ጠፈር እነዚህ ሻሻቴዎች እስኪጠፉ ድረስ በራእይ አየሁ፥ የምድሩም ምንጭ ተደፈነ።
1e76df2d-034b-5b2d-ad9b-8bdd02883886,1d79106e-f4b9-53a0-ad50-b8bdc8a0806d,b1b9543d-a04c-502a-af58-e3cc156d7994,26,26,ሌሎች ጕድጓዶችም ተከፈቱ፥ ምድር እስኪገለጥ ድረስም ውኃው ወደ እነርሱ ይወርድ ጀመር።
9ef7cad7-b08c-56e6-a649-4e048ab1b070,1d79106e-f4b9-53a0-ad50-b8bdc8a0806d,b1b9543d-a04c-502a-af58-e3cc156d7994,27,27,ያ መርከብም በምድር ላይ ተቀመጠ። ጨለማዪቱ ራቀች፥ ብርሃንም ሆነ።
64d9089d-7376-5b71-acc3-d8d1418a5ece,1d79106e-f4b9-53a0-ad50-b8bdc8a0806d,b1b9543d-a04c-502a-af58-e3cc156d7994,28,28,ሰው የሆነ ያም ነጭ ላም ከመርከቡ ወጣ፥ ሦስቱም ላሞች ከእርሱ ጋር ወጡ።
c7a0854c-210a-5287-ac17-dba529bd5575,1d79106e-f4b9-53a0-ad50-b8bdc8a0806d,b1b9543d-a04c-502a-af58-e3cc156d7994,29,29,ከእነዚህም ከሦስቱ ላሞች አንዱ ነጭ ላም ያን ላም ይመስለዋል፥ ከእነርሱም አንዱ እንደ ደም ቀይ ነው፤ አንዱም ጥቁር ነው፥ ያም ነጩ ላም ከእነርሱ ተለይቶ ሞተ።
cb0d0d06-1b9a-5caa-a970-71eed281596d,245fd5ce-1f1b-5959-a0e5-ca39d0c7733e,e7c0513c-29b7-5b37-a0ad-0504d69d83ba,1,1,የምድረ በዳ አውሬዎችንና ወፎችንም ይወልዱ ጀመሩ- ከእነርሱም የአሕዛብ ሁሉ ዓይነት ተገኘ።
19d55161-f9a2-538f-af72-2a7914467922,245fd5ce-1f1b-5959-a0e5-ca39d0c7733e,e7c0513c-29b7-5b37-a0ad-0504d69d83ba,2,2,አንበሶችና ነብሮች፥ ዥቦችና ውሾች፥ አውጮችና የዱር እሪያ፥ ቀበሮዎችና ሽኮኮዎች፥
f175bf18-95da-59fc-a8e5-8ce1f32d918d,245fd5ce-1f1b-5959-a0e5-ca39d0c7733e,e7c0513c-29b7-5b37-a0ad-0504d69d83ba,3,3,አነርና ዘማች አሞራ፥ ጥንብ አሞራና አንጭት አሞራ፥ ጉሬዛና ቍራዎች።
dbea9cd6-b1fc-5edd-ace5-f14277cff13e,245fd5ce-1f1b-5959-a0e5-ca39d0c7733e,e7c0513c-29b7-5b37-a0ad-0504d69d83ba,4,4,በመካከላቸውም ነጭ ላም ተወለደ፤ አንዱም ከሌላው ጋር እርስ በርሳቸው ይነካከሱ ጀመሩ።
790d3ed8-a0bd-505a-a7f0-f737fe31d87d,245fd5ce-1f1b-5959-a0e5-ca39d0c7733e,e7c0513c-29b7-5b37-a0ad-0504d69d83ba,5,5,በመካከላቸው የተወለደው ያ ነጭ ላምም የሜዳ አህያን፥ ከእርሱም ጋር ነጭ ላምን ወለደ።
056877c9-3500-5b01-a855-45e699ba04cf,245fd5ce-1f1b-5959-a0e5-ca39d0c7733e,e7c0513c-29b7-5b37-a0ad-0504d69d83ba,6,6,የሜዳ አህዮችም በዙ፤ ከእርሱም የተወለደው ያ ላም- ጥቁር የዱር እሪያንና ነጭ በግን ወለደ።
d8d422db-88c1-513f-a5f5-deb4249f81d3,245fd5ce-1f1b-5959-a0e5-ca39d0c7733e,e7c0513c-29b7-5b37-a0ad-0504d69d83ba,7,7,ያም የዱር እሪያ ብዙ እሪያዎችን ወለደ፤ በጉም ዐሥራ ሁለት በጎችን ወለደ።
3b4585ad-82bd-56a4-a35d-425b1cbbd1fc,245fd5ce-1f1b-5959-a0e5-ca39d0c7733e,e7c0513c-29b7-5b37-a0ad-0504d69d83ba,8,8,ዐሥራ ሁለቱ በጎችም ባደጉ ጊዜ ከእነርሱ አንዱን ለሜዳ አህዮች አሳልፈው ሰጡት።
38daf41a-ef74-5a82-a05b-81fa3a97a865,245fd5ce-1f1b-5959-a0e5-ca39d0c7733e,e7c0513c-29b7-5b37-a0ad-0504d69d83ba,9,9,እነዚያ የሜዳ አህዮችም ያን በግ ለዥቦች ሁለተኛ አሳልፈው ሰጡት። በጉም በዥቦች መካከል አደገ።
19271e41-bf79-510a-a64e-564b74d61d66,245fd5ce-1f1b-5959-a0e5-ca39d0c7733e,e7c0513c-29b7-5b37-a0ad-0504d69d83ba,10,10,ጌታም ዐሥራ አንዱን በጎች ከእርሱ ጋር ይኖሩ ዘንድ፥ ከእርሱም ጋር በዥቦች መካከል ይሰማሩ ዘንድ አመጣቸው።
df1d75c9-a733-55bd-acc2-c31dbbc4f180,245fd5ce-1f1b-5959-a0e5-ca39d0c7733e,e7c0513c-29b7-5b37-a0ad-0504d69d83ba,11,11,እነዚህም በዙ፤ ብዙ የበጎች መንጋዎችንም ሆኑ፤ ዥቦችም ልጆቻቸውን እስኪጨርሱባቸው ድረስ ያስፈሯቸውና ያስጨንቋቸው ጀመሩ።
2ae39342-9e18-579d-ad0f-1dd9c6546b48,245fd5ce-1f1b-5959-a0e5-ca39d0c7733e,e7c0513c-29b7-5b37-a0ad-0504d69d83ba,12,12,ልጆቻቸውንም በብዙ ውኃ ፈሳሽ ጣሏቸው፤ እነዚያም በጎች ስለ ልጆቻቸው ይጮሁ፥ ወደ ጌታቸውም ይከሱ ጀመሩ።
fe843179-1c6e-5cd5-a652-64662cc85077,245fd5ce-1f1b-5959-a0e5-ca39d0c7733e,e7c0513c-29b7-5b37-a0ad-0504d69d83ba,13,13,ከዥቦች የዳነውም በግ ሸሽቶ ወደ ሜዳ አህዮች ሄደ።
3f0dee85-a301-5cd7-ac62-fd4fd25d7820,245fd5ce-1f1b-5959-a0e5-ca39d0c7733e,e7c0513c-29b7-5b37-a0ad-0504d69d83ba,14,14,የበጎች ጌታም የበጎችን ድምፅ ሰምቶ ከፍ ካለው ከጽርሐ አርያም እስኪወርድ ድረስ በጎችን እየጮሁ ሲያለቅሱ፥ በፍጹም ኀይላቸውም ጌታቸውን ሲለምኑት አየኋቸው።
8a33620a-36e2-54fa-af88-d1ccb0b58f5e,245fd5ce-1f1b-5959-a0e5-ca39d0c7733e,e7c0513c-29b7-5b37-a0ad-0504d69d83ba,15,15,ወደ እነርሱም መጥቶ አያቸው፤ ከዥቦች ያመለጠውን ያን በግ ጠራው፤ በጎችንም እንዳይነኳቸው ያዳኝባቸው ዘንድ ስለ ዥቦች ነገረው።
dd7b8f4f-b0b9-5141-a5dd-5729e21483f2,245fd5ce-1f1b-5959-a0e5-ca39d0c7733e,e7c0513c-29b7-5b37-a0ad-0504d69d83ba,16,16,በጉም በጌታ ቃል ወደ ዥቦች ሄደ፤ ሌላው በግም ያን በግ ተገናኘው፤ ከእርሱም ጋር ሄደ።
5ff0a847-17af-59df-ae5e-ce20bfb11bcb,245fd5ce-1f1b-5959-a0e5-ca39d0c7733e,e7c0513c-29b7-5b37-a0ad-0504d69d83ba,17,17,ሁለቱም በአንድነት ወደ ዥቦቹ ማኅበር ገቡ፤ ተናገሯቸውም።
26fe70e4-f599-554c-a9d5-edc3f90ce608,245fd5ce-1f1b-5959-a0e5-ca39d0c7733e,e7c0513c-29b7-5b37-a0ad-0504d69d83ba,18,18,እንግዲህም ወዲህ በጎቹን እንዳይነኳቸው አዳኙባቸው።
591f47bd-1906-541d-a02a-55e7530a1e04,245fd5ce-1f1b-5959-a0e5-ca39d0c7733e,e7c0513c-29b7-5b37-a0ad-0504d69d83ba,19,19,ከዚህም በኋላ በፍጹም ኀይላቸው እጅግ እንደ ጸኑባቸው ዥቦችን አየኋቸው።
3ba2b3f4-51e1-5d3e-a619-cf1a40fd7a57,245fd5ce-1f1b-5959-a0e5-ca39d0c7733e,e7c0513c-29b7-5b37-a0ad-0504d69d83ba,20,20,በጎችም ጮሁ፤ ጌታቸውም ወደ በጎች መጥቶ ዥቦቹን ይመታቸው ጀመረ።
60865971-c2a5-5063-a3a4-cbfca8ab2dd0,245fd5ce-1f1b-5959-a0e5-ca39d0c7733e,e7c0513c-29b7-5b37-a0ad-0504d69d83ba,21,21,ዥቦችም ይጮሁ ጀመሩ፤ በጎቹም ዝም አሉ፤ ከዚያም ጊዜ ጀምሮ አልጮሁም፤ በጎችንም ከዥቦች ተለይተው እስኪወጡ ድረስ አየኋቸው።
2e90bcce-74f8-5139-ac26-c05a2c10de8e,245fd5ce-1f1b-5959-a0e5-ca39d0c7733e,e7c0513c-29b7-5b37-a0ad-0504d69d83ba,22,22,የዥቦችም ዐይኖቻቸው ተጋረዱ። እነዚያም ዥቦች በፍጹም ኀይላቸው በጎችን እየተከተሉ ወጡ።
0cabee45-3a30-581d-a637-a38c82a1c1be,245fd5ce-1f1b-5959-a0e5-ca39d0c7733e,e7c0513c-29b7-5b37-a0ad-0504d69d83ba,23,23,የበጎችም ጌታ እየመራቸው ከእነርሱ ጋር ሄደ፤ በጎችም ሁሉ እርሱን ተከተሉት፤ ፊቱም የበራና የከበረ ነው፤ መልኩም የሚያስፈራ ነው።
b0ac11b5-a8e5-567c-af3f-20285914dde1,245fd5ce-1f1b-5959-a0e5-ca39d0c7733e,e7c0513c-29b7-5b37-a0ad-0504d69d83ba,24,24,ዥቦች ግን በአንዲት የውኃ መጠራቀሚያ እስኪገናኙአቸው ድረስ በጎቹን ይከተሏቸው ጀመሩ።
9bd4ca22-045c-5fc1-aaae-99fa39c6fc88,245fd5ce-1f1b-5959-a0e5-ca39d0c7733e,e7c0513c-29b7-5b37-a0ad-0504d69d83ba,25,25,ያም የውኃ መጠራቀሚያ ተከፈለ፤ ውኃውም በዚህና በዚያ በፊታቸው ቆመ፤ የበጎቹም ጌታ ይመራቸው ነበር፤ በመካከላቸውና በዥቦቹም መካከል ቆመ።
18e728d3-28ac-5e98-a4e0-fa0a79e63db6,245fd5ce-1f1b-5959-a0e5-ca39d0c7733e,e7c0513c-29b7-5b37-a0ad-0504d69d83ba,26,26,ዥቦቹም በጎቹን ገና አላዩአቸውም ነበር፤ በውኃው ማጠራቀሚያ መካከልም ሄዱ።
608cc04d-e147-52cf-ad85-9b6d5ee65fe6,245fd5ce-1f1b-5959-a0e5-ca39d0c7733e,e7c0513c-29b7-5b37-a0ad-0504d69d83ba,27,27,ዥቦችም በጎችን ተከተሏቸው፤ ዥቦቹም በውኃው መጠራቀሚያ ላይ ተከትለዋቸው ሮጡ።
ada91078-4cd5-5eb9-ad05-0306dbe8d96c,245fd5ce-1f1b-5959-a0e5-ca39d0c7733e,e7c0513c-29b7-5b37-a0ad-0504d69d83ba,28,28,የበጎቹንም ጌታ ባዩት ጊዜ ከፊቱ ይሸሹ ዘንድ ተመለሱ።
4d4beb49-5303-5f20-a77f-40e2342dd0b0,245fd5ce-1f1b-5959-a0e5-ca39d0c7733e,e7c0513c-29b7-5b37-a0ad-0504d69d83ba,29,29,ያም የውኃው መጠራቀሚያ ተሰበሰበ፤ ፈጥኖም እንደ ቀድሞ ፍጥረቱ ሆነ፤ ውኃውም- እኒህን ዥቦች እስኪአሰጥማቸው ድረስ መልቶ ከፍ ከፍ አለ።
0678d7d6-9fbb-5a4a-a0a5-c15de55140bc,245fd5ce-1f1b-5959-a0e5-ca39d0c7733e,e7c0513c-29b7-5b37-a0ad-0504d69d83ba,30,30,በጎቹንም የተከተሏቸው ዥቦች ሁሉ እስኪጠፉና እስኪሰጥሙ ድረስ አየሁ።
3d665061-d445-522e-a098-c2aff22b5416,245fd5ce-1f1b-5959-a0e5-ca39d0c7733e,e7c0513c-29b7-5b37-a0ad-0504d69d83ba,31,31,በጎች ግን ከውኃው ዐለፉ፤ ሣርና ውኃ ወደሌለበትም ምድረ በዳ ወጡ።
5bf6c69f-cee3-5842-a015-415c07e75b05,245fd5ce-1f1b-5959-a0e5-ca39d0c7733e,e7c0513c-29b7-5b37-a0ad-0504d69d83ba,32,32,ዐይኖቻቸውንም ገልጠው ያዩ ጀመሩ፤ ጌታቸውም ሲጠብቃቸውና ሣርና ውኃ ሲሰጣቸው አየሁ።
69632773-8cac-5ae2-a5a8-5a60a2196b42,245fd5ce-1f1b-5959-a0e5-ca39d0c7733e,e7c0513c-29b7-5b37-a0ad-0504d69d83ba,33,33,ያም በግ በፊት በፊት እየሄደ ይመራቸው ነበር፤ በጉም ወደ ረዥሙ ዐለት ራስ ላይ ወጣ።
56219315-4e15-5a7c-afd9-9af7589e557c,245fd5ce-1f1b-5959-a0e5-ca39d0c7733e,e7c0513c-29b7-5b37-a0ad-0504d69d83ba,34,34,የበጎቹም ጌታ ወደ እነርሱ ላከው፤ ከዚህ በላይ በፊታቸው የቆመውን የበጎችን ጌታ አየሁት።
4707a39f-b2a4-51e5-a632-164038ff6a16,245fd5ce-1f1b-5959-a0e5-ca39d0c7733e,e7c0513c-29b7-5b37-a0ad-0504d69d83ba,35,35,መልኩም ያማረ የሚያስፈራና፥ ኀይለኛ ነው፤ በጎቹም ሁሉ እርሱን አይተው ከፊቱ የተነሣ ፈሩ።
bcdaa5b0-31a4-5a8d-a3e7-e6d6c3f4a1f4,245fd5ce-1f1b-5959-a0e5-ca39d0c7733e,e7c0513c-29b7-5b37-a0ad-0504d69d83ba,36,36,እነዚያም ሁሉ ከእርሱ የተነሣ ይፈሩና ይንቀጠቀጡ ነበር፤ በመካከላቸውም ከነበረው ከሁለተኛው በግ ጋር ያለ ያን በግ ተከትለው ጮሁ።
928617be-6067-5199-a68c-2f055bd85ad9,245fd5ce-1f1b-5959-a0e5-ca39d0c7733e,e7c0513c-29b7-5b37-a0ad-0504d69d83ba,37,37,በጌታችን ፊት መቆም እርሱንም ማየት አይቻለንም አሉ፤ የሚመራቸውም ያ በግ ተመልሶ ወደ ዐለቱ ራስ ወጣ።
765c950e-a756-5ab8-a3de-a717b0559b2e,245fd5ce-1f1b-5959-a0e5-ca39d0c7733e,e7c0513c-29b7-5b37-a0ad-0504d69d83ba,38,38,በጎቹም ዐይኖቻቸውን ይጋረዱ፥ ካሳያቸውም መንገድ ይስቱ ጀመሩ።
81036c3d-86d6-5669-a087-67ff82d50084,245fd5ce-1f1b-5959-a0e5-ca39d0c7733e,e7c0513c-29b7-5b37-a0ad-0504d69d83ba,39,39,ያም በግ አላወቀም ነበር፤ የበጎችም ጌታ በእነርሱ ላይ ታላቅ ቍጣን ተቈጣባቸው።
18fa5439-2f7f-5184-a243-337a69ba8aa4,245fd5ce-1f1b-5959-a0e5-ca39d0c7733e,e7c0513c-29b7-5b37-a0ad-0504d69d83ba,40,40,በጉም ዐውቆ ከዐለቱ ራስ ወረደ።
f74918ba-ba57-57f0-abed-f318a0e7e2dd,245fd5ce-1f1b-5959-a0e5-ca39d0c7733e,e7c0513c-29b7-5b37-a0ad-0504d69d83ba,41,41,ወደ በጎችም መጣ፤ ዐይኖቻቸው የተጋረዱባቸውንና ከመንገዱ የወጡትን አብዛኛዎቹን አገኘ።
09744b1c-2f80-5e3f-abb7-38484a52b45b,245fd5ce-1f1b-5959-a0e5-ca39d0c7733e,e7c0513c-29b7-5b37-a0ad-0504d69d83ba,42,42,ባዩትም ጊዜ ፈሩ፤ ከፊቱም የተነሣ ተንቀጠቀጡ፤ ወደ ቦታቸውም ይመለሱ ዘንድ ወደዱ።
0c8cc0a4-621b-5636-af2f-42bd9d398696,245fd5ce-1f1b-5959-a0e5-ca39d0c7733e,e7c0513c-29b7-5b37-a0ad-0504d69d83ba,43,43,ያም በግ ሌሎች በጎችን ከእርሱ ጋር ወሰደ፤ ወደ እነዚያ ወደ በደሉ በጎችም ገባ።
0b5b3486-0606-579b-a55e-95c0c21d5785,245fd5ce-1f1b-5959-a0e5-ca39d0c7733e,e7c0513c-29b7-5b37-a0ad-0504d69d83ba,44,44,ከዚህም በኋላ ይገድላቸው ጀመረ፤ በጎችም ከፊቱ የተነሣ ፈሩ፤ በጉም የበደሉ እነዚያን በጎች መለሳቸው፤ ወደ ቦታዎቻቸውም ተመለሱ።
5823e8a0-6f91-5517-a8de-668a26d8a75b,245fd5ce-1f1b-5959-a0e5-ca39d0c7733e,e7c0513c-29b7-5b37-a0ad-0504d69d83ba,45,45,በዚያም በጉ ሰው እስኪሆን ድረስ፥ ለበጎቹም ጌታ ቤትን እስኪሠራ ድረስ፥ በጎቹንም ሁሉ በዚያ ቤት እስኪያቆማቸው ድረስ ራእይን አየሁ።
8ee53904-70e7-56ae-add4-43d1832732d8,245fd5ce-1f1b-5959-a0e5-ca39d0c7733e,e7c0513c-29b7-5b37-a0ad-0504d69d83ba,46,46,በጎችንም የመራቸውን ያን በግ የተገናኘው በግ እስኪተኛ ድረስ አየሁ።
47f7e1f7-a965-5ac7-aeb5-4c1b60e68934,245fd5ce-1f1b-5959-a0e5-ca39d0c7733e,e7c0513c-29b7-5b37-a0ad-0504d69d83ba,47,47,ታላላቁ በጎችም ሁሉ እስኪጠፉ ድረስ አየሁ፤ በእነርሱም ፋንታ ታናናሾቹ ተነሥተው ወደ መንጋው ገቡ።
1fc8fe3e-02fc-5376-a8a9-548d40e7d423,245fd5ce-1f1b-5959-a0e5-ca39d0c7733e,e7c0513c-29b7-5b37-a0ad-0504d69d83ba,48,48,ወደ ውኃው ፈሳሽም ቀረቡ፤ ይመራቸው የነበረው፥ ሰው የሆነው ያም በግ ከእነርሱ ተለይቶ ተኛ።
fbb9a45f-0911-56bf-ad6c-8b4589bee919,245fd5ce-1f1b-5959-a0e5-ca39d0c7733e,e7c0513c-29b7-5b37-a0ad-0504d69d83ba,49,49,በጎችም ሁሉ ፈለጉት፤ በእርሱም ላይ ታላቅ ጩኸትን ጮሁ፤ ለዚያም በግ ከሚጮሁት ጩኸት ዝም እስኪሉ ድረስ አየሁ።
2391e3a7-054c-51a6-a3b3-1af6a096f552,245fd5ce-1f1b-5959-a0e5-ca39d0c7733e,e7c0513c-29b7-5b37-a0ad-0504d69d83ba,50,50,ያንም የውኃ ፈሳሽ አልፈውት ሄዱ፤ ስለ አንቀላፉትም ምትክ የሚመሯቸው በጎች ተተክተው መሯቸው።
bf678092-c2b4-589b-a569-0e06bdd9c2d2,245fd5ce-1f1b-5959-a0e5-ca39d0c7733e,e7c0513c-29b7-5b37-a0ad-0504d69d83ba,51,51,በጎችም ወደ አማረ ቦታ፥ ወደ ተወደደችና ወደ ሰባች ምድርም እስኪገቡ ድረስ አየሁ።
560b7e39-9ea6-5122-a723-571c92940793,245fd5ce-1f1b-5959-a0e5-ca39d0c7733e,e7c0513c-29b7-5b37-a0ad-0504d69d83ba,52,52,እነዚያም በጎች እስኪጠግቡ ድረስ አየሁ፤ ያም ቤት ባማረች ምድር በመካከላቸው ይኖር ነበር።
8d9673ab-84b9-52e8-a455-89cf43240c1e,245fd5ce-1f1b-5959-a0e5-ca39d0c7733e,e7c0513c-29b7-5b37-a0ad-0504d69d83ba,53,53,ሌላ በግ ተነሥቶ እስኪመራቸው ድረስ ዐይኖቻቸው የሚገለጡበትና የሚጋረዱበት ጊዜ ነበረ።
2dade035-41cd-54a5-a28a-305485673ef3,245fd5ce-1f1b-5959-a0e5-ca39d0c7733e,e7c0513c-29b7-5b37-a0ad-0504d69d83ba,54,54,ሁሉንም መለሳቸው፤ ዐይኖቻቸውም ተገለጡ።
02690b83-798d-5744-a38d-2a0941fa7a52,245fd5ce-1f1b-5959-a0e5-ca39d0c7733e,e7c0513c-29b7-5b37-a0ad-0504d69d83ba,55,55,የበጎች አውራ ሌላ በግ እስኪነሣ ድረስም- እነዚያን በጎች ውሾችና ቀበሮች፥ የዱር እሪያም ይበሏቸው ጀመሩ። የሚመራቸውም አውራ ከእነርሱ አንዱ ነበር።
cdba1a7f-30fc-5d9f-ac4e-f276b8fe1dce,245fd5ce-1f1b-5959-a0e5-ca39d0c7733e,e7c0513c-29b7-5b37-a0ad-0504d69d83ba,56,56,ያም አውራ ሁሉን እስኪያጠፋቸው ድረስ እነዚያን ውሾችና ቀበሮች፥ የዱር እሪያውንም ወዲህና ወዲያ ይወጋ ጀመር።
5b53003a-63b9-55a4-a3b2-eff28b009c8b,245fd5ce-1f1b-5959-a0e5-ca39d0c7733e,e7c0513c-29b7-5b37-a0ad-0504d69d83ba,57,57,የዚያም በግ ዐይኖቹ ተገለጡ፤ በበጎች መካከል ያለ ክብሩን የተወ ያን አውራም አየው።
9dd56344-fff6-520c-a284-49c0cea411a9,245fd5ce-1f1b-5959-a0e5-ca39d0c7733e,e7c0513c-29b7-5b37-a0ad-0504d69d83ba,58,58,እነዚያንም በጎች ይወጋቸውና ይረግጣቸው ጀመረ፤ እርሱም ያለ ደስታ ኖረ።
1f8960d9-6b44-52ba-a935-7be0dbaf6794,245fd5ce-1f1b-5959-a0e5-ca39d0c7733e,e7c0513c-29b7-5b37-a0ad-0504d69d83ba,59,59,የበጎችም ጌታ በጉን ወደ ሌላው በግ ላከው፤ ክብሩንም በተወው በዚያ በግ ፋንታ አውራ ይሆንና በጎችን ይመራቸው ዘንድ አስነሣው።
c33b6ad7-c56c-58f7-ae47-d4e70186ea2b,245fd5ce-1f1b-5959-a0e5-ca39d0c7733e,e7c0513c-29b7-5b37-a0ad-0504d69d83ba,60,60,ወደ እርሱም ሄዶ ለብቻው አነጋገረው፤ ያንም አውራ አስነሥቶ ለበጎቹ ገዥና መሪ አደረገው።
df42644d-2fa4-542d-a291-8ff345290e61,245fd5ce-1f1b-5959-a0e5-ca39d0c7733e,e7c0513c-29b7-5b37-a0ad-0504d69d83ba,61,61,በዚህም ሁሉ እነዚያ ውሾች በጎቹን ያስጨንቋቸው ነበር።
3de0fe58-1e64-5924-ab53-6c77c8479520,245fd5ce-1f1b-5959-a0e5-ca39d0c7733e,e7c0513c-29b7-5b37-a0ad-0504d69d83ba,62,62,መጀመሪያው አውራ ያን ኋለኛውን አውራ አሳደደው፤ ያም ኋለኛው አውራ ተነሥቶ ከፊቱ ሸሸ።
ec1dcb35-a8ce-52f1-a930-24becf29f088,245fd5ce-1f1b-5959-a0e5-ca39d0c7733e,e7c0513c-29b7-5b37-a0ad-0504d69d83ba,63,63,መጀመሪያውንም አውራ ውሾቹ እስኪያጠፉት ድረስ አየሁ።
0eac8a36-4c4c-58c7-a647-e503e93cd3c6,245fd5ce-1f1b-5959-a0e5-ca39d0c7733e,e7c0513c-29b7-5b37-a0ad-0504d69d83ba,64,64,እንዲህም ሆነ- ኋለኛው አውራ ተነሥቶ ታናናሽ በጎችን መራቸው።
33ab831e-f01c-587b-a77f-70791cb9c425,245fd5ce-1f1b-5959-a0e5-ca39d0c7733e,e7c0513c-29b7-5b37-a0ad-0504d69d83ba,65,65,ይህም ኋለኛው አውራ ብዙ በጎችን ወልዶ ሞተ።
b0bdbe57-0ed8-5977-a244-5d34a58b0e76,245fd5ce-1f1b-5959-a0e5-ca39d0c7733e,e7c0513c-29b7-5b37-a0ad-0504d69d83ba,66,66,ትንሹም በግ በእርሱ ፋንታ አውራ ሆነ፤ ለእነዚያም በጎች ገዥና መሪ ሆነ።
d02da833-09b8-5d13-acb6-80d99bdaffdc,245fd5ce-1f1b-5959-a0e5-ca39d0c7733e,e7c0513c-29b7-5b37-a0ad-0504d69d83ba,67,67,እነዚያም በጎች አደጉ፤ በዙም። እነዚያም ውሾችና ቀበሮች፥ የዱር እሪያም ፈሩ፤ ከእርሱም ሸሹ።
8eb3516f-c965-5efd-a80b-b99933713486,245fd5ce-1f1b-5959-a0e5-ca39d0c7733e,e7c0513c-29b7-5b37-a0ad-0504d69d83ba,68,68,ያም አውራ አራዊትን ሁሉ ወጋ፤ አራዊትም ዳግመኛ በበጎች መካከል መግባት አልቻሉም። ከእነርሱም ምንም አልነጠቁም።
adf043ee-723d-5721-a35b-44cdcc6cf44a,245fd5ce-1f1b-5959-a0e5-ca39d0c7733e,e7c0513c-29b7-5b37-a0ad-0504d69d83ba,69,69,ቤቱም ታላቅና ሰፊ ሆነ፤ ለእነዚያም በጎች በዚያ ቤት ላይ ግንብ ተሠራ። ለበጎችም ጌታ በዚያ ቤት ላይ ረዥምና ታላቅ ግንብ ተሠራ።
a07fdc57-a4e6-5d08-abb6-fb8b8d3fcb8b,245fd5ce-1f1b-5959-a0e5-ca39d0c7733e,e7c0513c-29b7-5b37-a0ad-0504d69d83ba,70,70,ያም ቤት ተዋረደ፤ ግንቡ ግን ከፍ ከፍ አለ፤ ረዥምም ሆነ፤ የበጎችም ጌታ በዚያ ግንብ ላይ ቆመ፤ ሙሉ የሆነች ማዕድንም በፊቱ አቀረቡ።
7fdb7700-3ad7-5439-a5e9-5c51ba314e6f,245fd5ce-1f1b-5959-a0e5-ca39d0c7733e,e7c0513c-29b7-5b37-a0ad-0504d69d83ba,71,71,ዳግመኛም እነዚያን በጎች እንደ ሳቱና በብዙ ጎዳና እንደሄዱ አየኋቸው፤ ያንም ቤታቸውን ተዉ።
12ba88d7-bd36-59a6-a29d-020fef05abf8,245fd5ce-1f1b-5959-a0e5-ca39d0c7733e,e7c0513c-29b7-5b37-a0ad-0504d69d83ba,72,72,የበጎችም ጌታ ከበጎች ውስጥ ጠርቶ ወደ በጎች ላካቸው፤ በጎችም ይገድሏቸው ጀመሩ።
f69b4320-4075-5cba-a08c-00821dd32189,245fd5ce-1f1b-5959-a0e5-ca39d0c7733e,e7c0513c-29b7-5b37-a0ad-0504d69d83ba,73,73,ከእነርሱም አንዱ ከሞት አመለጠ፤ አልተገደለምም፤ ፈጥኖም ሄዶ በበጎች ላይ ጮኸ።
2c93aae7-6c48-574e-a438-e8e1a15b08ca,245fd5ce-1f1b-5959-a0e5-ca39d0c7733e,e7c0513c-29b7-5b37-a0ad-0504d69d83ba,74,74,ሊገድሉትም ወደዱ፤ የበጎችም ጌታ ከበጎች እጅ አዳነው፤ ወደ እኔም አውጥቶ አኖረው።
8df521e5-0ebd-56e9-abb3-20d81592158a,245fd5ce-1f1b-5959-a0e5-ca39d0c7733e,e7c0513c-29b7-5b37-a0ad-0504d69d83ba,75,75,ጩኸውም ያዳኙባቸው ዘንድ ሌሎች ብዙ በጎችን ወደ እነዚያ በጎች ላከ።
6f0013ca-b51c-5a58-ae02-e458f4a04ee2,245fd5ce-1f1b-5959-a0e5-ca39d0c7733e,e7c0513c-29b7-5b37-a0ad-0504d69d83ba,76,76,ከእነርሱም የተነሣ የበጎችን ጌታ ቤቱንና ግንቡን ሲተዉ አየሁ፤ ከዚህም ሁሉ ስተው ዐይኖቻቸው ተጋረዱ።
51f5c30a-00cc-52b2-abb3-7cabf362f9ea,245fd5ce-1f1b-5959-a0e5-ca39d0c7733e,e7c0513c-29b7-5b37-a0ad-0504d69d83ba,77,77,የበጎችም ጌታ ብዙ ሰልፍን በእነርሱ ላይ እንዳደረገ፥ እነዚያም በጎች ያን ሰልፍ እስኪጠሩት ድረስ አየሁ።
52a7e23f-8b91-5c49-af22-35beab68c4ff,245fd5ce-1f1b-5959-a0e5-ca39d0c7733e,e7c0513c-29b7-5b37-a0ad-0504d69d83ba,78,78,ቦታቸውንም አሳልፈው ሰጡ፤ እርሱም በአንበሶችና በነብሮች፥ በዥቦችና በአውጮች፥ በቀበሮችና በአውሬዎች ሁሉ እጅ ጣላቸው፤ እነዚያ የዱር አራዊትም በጎቹን ይነጥቋቸው ጀመሩ።
3d8ed2aa-d891-5b43-ac40-ce67e99316ad,245fd5ce-1f1b-5959-a0e5-ca39d0c7733e,e7c0513c-29b7-5b37-a0ad-0504d69d83ba,79,79,እርሱም ቤታቸውንና ግንባቸውን እንደ ተወው አየሁ።
2e6d7217-15c1-5a43-afdf-535a7d1a033a,245fd5ce-1f1b-5959-a0e5-ca39d0c7733e,e7c0513c-29b7-5b37-a0ad-0504d69d83ba,80,80,ይነጥቋቸውም ዘንድ በአንበሶች እጅ፥ ይበሏቸውም ዘንድ በአራዊት ሁሉ እጅ ሁሉንም ጣላቸው።
c15a448d-3469-5d50-a6be-8cdb8bdfe12f,245fd5ce-1f1b-5959-a0e5-ca39d0c7733e,e7c0513c-29b7-5b37-a0ad-0504d69d83ba,81,81,እኔም በፍጹም ኀይሌ እጮህ፥ የበጎችንም ጌታ እጠራውና ስለ በጎቹም አመለክተው ዘንድ ጀመርሁ፤ በዱር አራዊት ሁሉ ተበልተዋልና።
f0273014-b762-539f-a339-220bfb5acb82,245fd5ce-1f1b-5959-a0e5-ca39d0c7733e,e7c0513c-29b7-5b37-a0ad-0504d69d83ba,82,82,እርሱም እያየ ዝም አለ፤ ደስም አለው፤ እነርሱ ተበልተው ተውጠዋልና፥ ንብረታቸውንም ተነጥቀዋልና፤ መብል እንዲሆኗቸውም በአራዊት ሁሉ እጅ ጣላቸው።
0795537d-54fd-5dd9-ae39-a4236fa1a560,1bd4a8c2-b1ba-5aa4-a486-cc6759bbe9c7,4f909aa1-cbea-5cd4-a403-5e7a4f46381e,1,1,ሰባውን እረኞች ጠራ፤ ይጠብቋቸውም ዘንድ እነዚያን በጎች ሰጣቸው።
d404b0fd-4e42-590d-a966-a2bcfccb249a,1bd4a8c2-b1ba-5aa4-a486-cc6759bbe9c7,4f909aa1-cbea-5cd4-a403-5e7a4f46381e,2,2,ለእረኞችና ለአገልጋዮቻቸውም እንዲህ አላቸው- “ከእናንተ እያንዳንዱ ሁሉ ከዛሬ ጀምሮ በጎችን ይጠብቋቸው፤ እኔም የማዝዛችሁን ሁሉ አድርጉ።
9bbc977c-081e-5c55-a532-49fc4ee8b1b1,1bd4a8c2-b1ba-5aa4-a486-cc6759bbe9c7,4f909aa1-cbea-5cd4-a403-5e7a4f46381e,3,3,እኔም በቍጥር እሰጣችኋለሁ፤ ከእነርሱም የሚጠፋውን እኔ እነግራችኋለሁ፤ እነርሱንም አጥፉ፥” እነዚያንም በጎች ሰጣቸው።
02583e52-4639-5393-a013-52c3a16d30c5,1bd4a8c2-b1ba-5aa4-a486-cc6759bbe9c7,4f909aa1-cbea-5cd4-a403-5e7a4f46381e,4,4,ሌላውንም ጠርቶ እንዲህ አለው- “ካዘዝኋቸው ወጥተው ከእነርሱ ውስጥ ያጠፋሉና በእነዚህ በጎች ላይ እረኞች የሚያደርጉትን ሁሉ አስተውል፤ ተመልከትም።
77e79ec7-4db5-59c1-afcd-901ebcd02de4,1bd4a8c2-b1ba-5aa4-a486-cc6759bbe9c7,4f909aa1-cbea-5cd4-a403-5e7a4f46381e,5,5,በእኔ ትእዛዝ ምን ያህል እንደሚያጠፉ፥ በራሳቸውም ምን ያህል እንደሚያጠፉ በእረኞች የሚደረገውን ጥጋብና ጥፋት ሁሉ ጻፍ።
04516f7c-94ad-53b5-a55e-0126f8b6e61a,1bd4a8c2-b1ba-5aa4-a486-cc6759bbe9c7,4f909aa1-cbea-5cd4-a403-5e7a4f46381e,6,6,የእያንዳንዳቸውንም እረኞች ጥፋት ሁሉ በእነርሱ ላይ ጻፍ። በፊቴም በቍጥር አንብብ፤ ምን ያህልም ያጠፏቸው እንደ ሆነ፥ ምን ያህልም ለጥፋት ይሰጧቸው እንደ ሆነ፥
090dfdaf-e6a1-57a3-ae08-539e7f4154fe,1bd4a8c2-b1ba-5aa4-a486-cc6759bbe9c7,4f909aa1-cbea-5cd4-a403-5e7a4f46381e,7,7,የእረኞችን ሥራ ሁሉ እንዳውቅ ይህ ምስክር ይሆነኝ ዘንድ፥
63877c15-8e2f-55a4-aa9c-1c657354b68d,1bd4a8c2-b1ba-5aa4-a486-cc6759bbe9c7,4f909aa1-cbea-5cd4-a403-5e7a4f46381e,8,8,ባዘዝኋቸውም ትእዛዝ ጸንተው ይኖሩ፥ ወይም አይኖሩ እንደ ሆነ የሚያደርጉትን አይቼ እሰጣቸው ዘንድ፥
3853f37b-974c-5e06-a1b6-d2f7ee21811c,1bd4a8c2-b1ba-5aa4-a486-cc6759bbe9c7,4f909aa1-cbea-5cd4-a403-5e7a4f46381e,9,9,እነርሱ አይወቁ፤ አንተም አታሳያቸው፤ አትዝለፋቸውም፤ ነገር ግን በየጊዜው እያንዳንዳቸው የሚያጠፉትን የእረኞችን ጥፋት ጻፍ። ሁሉንም ወደ እኔ አምጣ።
bb43d0ca-ef19-5cf1-a779-ae733e72afae,1bd4a8c2-b1ba-5aa4-a486-cc6759bbe9c7,4f909aa1-cbea-5cd4-a403-5e7a4f46381e,10,10,እነዚያም እረኞች በየጊዜው እስኪጠብቋቸው ድረስ አየሁ፤ ከታዘዙትም ወጥተው ብዙ ይገድሉና ያጠፉ ጀመሩ።
33aa7a1e-00e3-5335-abcc-4713a80babf6,1bd4a8c2-b1ba-5aa4-a486-cc6759bbe9c7,4f909aa1-cbea-5cd4-a403-5e7a4f46381e,11,11,እነዚያንም በጎች በአንበሶች እጅ ጣሏቸው፤ አንበሶችና ነብሮችም ከእነዚያ በጎች አብዛኛዎችን በልተው ዋጧቸው።
4fb04af4-07c3-59ff-af77-13d6a585b4db,1bd4a8c2-b1ba-5aa4-a486-cc6759bbe9c7,4f909aa1-cbea-5cd4-a403-5e7a4f46381e,12,12,የዱር እሪያዎችም ከእነርሱ ጋር በሉ፤ ያን ግንብም አቃጠሉት፤ ያንም የበጎች ቤት ቈፈሩት።
9a74749b-9338-5c5f-af0c-a2e1decac914,1bd4a8c2-b1ba-5aa4-a486-cc6759bbe9c7,4f909aa1-cbea-5cd4-a403-5e7a4f46381e,13,13,እኔም ያ የበጎች ቤት ተቈፍሯልና ስለ ግንቡ እጅግ ብዙ አዘንሁ።
b64eebf7-35be-56df-a265-ec790fed638d,1bd4a8c2-b1ba-5aa4-a486-cc6759bbe9c7,4f909aa1-cbea-5cd4-a403-5e7a4f46381e,14,14,ከዚያም በኋላ ወደዚያ ቤት ይገቡ እንደ ሆነ፥ ወይም አይገቡ እንደ ሆነ እነዚያን በጎች ማየት አልተቻለኝም።
07675dff-ad63-51cf-a796-f8e54ae337a8,1bd4a8c2-b1ba-5aa4-a486-cc6759bbe9c7,4f909aa1-cbea-5cd4-a403-5e7a4f46381e,15,15,እረኞቻቸውና አገልጋዮቻቸውም በጎቹን ይበሏቸው ዘንድ ለዱር አራዊት ሁሉ አሳልፈው ሰጧቸው።
7d6003d2-92d2-58d6-ad84-a3a4fdfbbe8c,1bd4a8c2-b1ba-5aa4-a486-cc6759bbe9c7,4f909aa1-cbea-5cd4-a403-5e7a4f46381e,16,16,ከእነርሱም እያንዳንዱ ሁሉ በየጊዜው በቍጥር ይቀበላል፤ ከእነርሱም እያንዳንዱ የሚያጠፋው ምን ያህል እንደ ሆነ ለሁለተኛው በመጽሐፍ ይጽፍለታል፤ ይልቁንም ከሥርዐታቸው ወጥተው እያንዳንዱ ይገድላል፤ ያጠፋልም።
30cba0f0-4135-563c-a87d-840e13f7abbe,1bd4a8c2-b1ba-5aa4-a486-cc6759bbe9c7,4f909aa1-cbea-5cd4-a403-5e7a4f46381e,17,17,እኔም ስለ እነዚያ በጎች ብዙ ጊዜ አለቅስና እጮህ ጀመርሁ።
cca37423-aab7-57a1-a48d-5eba5ee138e7,1bd4a8c2-b1ba-5aa4-a486-cc6759bbe9c7,4f909aa1-cbea-5cd4-a403-5e7a4f46381e,18,18,እንደዚህም በየቀኑ ከእነዚያ እረኞች ለሚያጠፋው ለአንዱ እንዴት እንደሚጽፍለት ያን የሚጽፍለትን በራእይ አየሁ።
7d6a9fcc-5459-5118-a4ac-202452dc4c15,1bd4a8c2-b1ba-5aa4-a486-cc6759bbe9c7,4f909aa1-cbea-5cd4-a403-5e7a4f46381e,19,19,አውጥቶም ያሳርፈዋል፤ ለበጎችም ጌታ መጽሐፉን ሁሉና የሚሠሩትን ሥራ ሁሉ፥ ከእነርሱም እያንዳንዳቸው ያሰወገዱትንና ለጥፋት አሳልፈው የሰጡትን ሁሉ ያሳያል።
b74a383c-ce0b-5586-ad04-faf8f94876c8,1bd4a8c2-b1ba-5aa4-a486-cc6759bbe9c7,4f909aa1-cbea-5cd4-a403-5e7a4f46381e,20,20,መጽሐፉም በበጎች ጌታ ፊት ተነበበ፤ እርሱም መጽሐፊቱን በእጁ አነሣ፤ አነበባት፤ አጥፎም አኖራት።
58a2dc13-a350-51a1-ac23-12af77dd10bb,1bd4a8c2-b1ba-5aa4-a486-cc6759bbe9c7,4f909aa1-cbea-5cd4-a403-5e7a4f46381e,21,21,ከዚያም በኋላ እረኞች ዐሥራ ሁለት ሰዓት ሲጠብቁ አየሁ፤ ከእነዚያም በጎች ሦስቱ ተመልሰው መጥተው ገቡ።
c491a7b2-e37b-567c-a5a1-b5cbf96ae7ff,1bd4a8c2-b1ba-5aa4-a486-cc6759bbe9c7,4f909aa1-cbea-5cd4-a403-5e7a4f46381e,22,22,ከዚያም ቤት የፈረሰውን ሁሉ ይሠሩ ጀመሩ፤ የዱር እሪያዎችም ከለከሏቸው፤ ነገር ግን አልተቻላቸውም።
9b3554d3-e510-511a-a485-a2f5928866bf,1bd4a8c2-b1ba-5aa4-a486-cc6759bbe9c7,4f909aa1-cbea-5cd4-a403-5e7a4f46381e,23,23,ዳግመኛም እንደ ቀድሞው ይሠሩ ጀመሩ፤ ግንቡንም አነሡት፤ ግንቡም ረዥም ይባላል።
e326d2e5-536f-5ddc-aee5-6d0977188a9d,1bd4a8c2-b1ba-5aa4-a486-cc6759bbe9c7,4f909aa1-cbea-5cd4-a403-5e7a4f46381e,24,24,ዳግመኛም በግንቡ ፊት ማዕዷን ሲያኖሩ፥ የረከሰውንና ንጹሕ ያይደለውን ኅብስት ሁሉ በእርሱ ላይ ሲሠሩ አየሁ።
2eec2cc0-8c92-5b81-ad7a-7a1c7d47b71d,1bd4a8c2-b1ba-5aa4-a486-cc6759bbe9c7,4f909aa1-cbea-5cd4-a403-5e7a4f46381e,25,25,በዚህ ሁሉ ላይም በጎች ዐይኖቻቸውን ተጋርደዋል፤ አያዩምም፤ እረኞቻቸውም እንደዚሁ ናቸው።
d1bea8df-95c3-55dd-aeb9-156ccb364b6e,1bd4a8c2-b1ba-5aa4-a486-cc6759bbe9c7,4f909aa1-cbea-5cd4-a403-5e7a4f46381e,26,26,ለጥፋትም አሳልፈው ይሰጧቸዋል፤ በጎቹንም በእግራቸው ይረግጧቸዋል፤ ይበሏቸዋልም።
4fcfeb8c-c2e6-564c-a92b-d995b02e91a1,1bd4a8c2-b1ba-5aa4-a486-cc6759bbe9c7,4f909aa1-cbea-5cd4-a403-5e7a4f46381e,27,27,የበጎቹም ጌታ በጎች ሁሉ ዳግመኛ እስኪበተኑ ድረስ ዝም አለ፤ ከእነርሱም ጋር አንድ ሆኑ፤ ከአራዊትም እጅ አላዳኗቸውም።
999c672f-ec6f-5425-ad8d-24ca64486142,1bd4a8c2-b1ba-5aa4-a486-cc6759bbe9c7,4f909aa1-cbea-5cd4-a403-5e7a4f46381e,28,28,ያም መጽሐፉን የሚጽፍ አውጥቶ አሳየው፤ በበጎች ጌታ ማደሪያም አነበበው፤ ስለ እነርሱም ይማልደዋል።
c5a44d17-9ee0-5487-a557-f2823891fcdb,1bd4a8c2-b1ba-5aa4-a486-cc6759bbe9c7,4f909aa1-cbea-5cd4-a403-5e7a4f46381e,29,29,የእረኞችንም ሥራ ሁሉ እያሳየው፤ ይለምነዋል፤ በእረኞችም ሁሉ ላይ በፊቱ ያዳኛል፤ ያንም መጽሐፍ አንሥቶ በእርሱ ዘንድ አኑሮ ወጣ።
56ccd02b-0e9d-5369-a9d9-3f022bc0540f,1bd4a8c2-b1ba-5aa4-a486-cc6759bbe9c7,4f909aa1-cbea-5cd4-a403-5e7a4f46381e,30,30,ሠላሳ ሰባቱም እረኞች እንደዚህ እስከሚጠብቁበት ዘመን ድረስ አየሁ።
957ed066-9310-5f9a-afa7-93214d355897,1bd4a8c2-b1ba-5aa4-a486-cc6759bbe9c7,4f909aa1-cbea-5cd4-a403-5e7a4f46381e,31,31,ሁሉም በየጊዜያቸው እንደ ቀድሞዎቹ ፈጸሙ።
3d87f651-3f4e-5aee-a8ae-1f68b3d308ec,1bd4a8c2-b1ba-5aa4-a486-cc6759bbe9c7,4f909aa1-cbea-5cd4-a403-5e7a4f46381e,32,32,ሌሎችም በየጊዜያቸው ይጠብቋቸው ዘንድ ከእጃቸው ተቀበሏቸው፤ እያንዳንዱም እረኛ ሁሉ በየጊዜው ነው።
ce0a4b78-1e1f-53fe-a819-c3d90d0e1ac5,1bd4a8c2-b1ba-5aa4-a486-cc6759bbe9c7,4f909aa1-cbea-5cd4-a403-5e7a4f46381e,33,33,ከዚህም በኋላ የሰማይ ወፎችን ሁሉ በራእይ አየሁ፥ ንስሮችና ጥንብ አሞራ፥ አንጭት አሞራና ቍራዎች መጡ። ንስሮችም ወፎችን ሁሉ ይመሯቸው ነበሩ።
680a4778-ad3b-5d7d-a73a-f25f49936cf2,1bd4a8c2-b1ba-5aa4-a486-cc6759bbe9c7,4f909aa1-cbea-5cd4-a403-5e7a4f46381e,34,34,እነዚያንም በጎች ይበሏቸው ጀመሩ፤ ዐይኖቻቸውንም ይጐጠጕጧቸው ጀመሩ፤ ሥጋቸውንም ይበሉአቸው ጀመሩ።
247f748c-1293-5c1b-ad31-5636c16b3c00,1bd4a8c2-b1ba-5aa4-a486-cc6759bbe9c7,4f909aa1-cbea-5cd4-a403-5e7a4f46381e,35,35,በጎችም ሥጋቸው በወፎች ተበልቶአልና ጮኹ።
90c700ea-e151-55a7-a171-d116386569b7,1bd4a8c2-b1ba-5aa4-a486-cc6759bbe9c7,4f909aa1-cbea-5cd4-a403-5e7a4f46381e,36,36,እኔም ተኝቼ ሳለሁ ጮኽሁ፤ በጎችንም በሚጠብቃቸው በእረኛው ላይ አለቀስሁ።
9afb459a-bd80-5bd1-a0db-49faac7d31c9,1bd4a8c2-b1ba-5aa4-a486-cc6759bbe9c7,4f909aa1-cbea-5cd4-a403-5e7a4f46381e,37,37,በጎችም በውሾችና በንስሮች፥ በአንጭት አሞራዎችም እስከ ተበሉ ድረስ አየሁ።
8bbe4b33-8afc-524d-a1f5-21ceb340c8fe,1bd4a8c2-b1ba-5aa4-a486-cc6759bbe9c7,4f909aa1-cbea-5cd4-a403-5e7a4f46381e,38,38,አጥንቶቻቸው ብቻቸውን እስከ ቆሙ ድረስ ሥጋንና ቍርበትን፥ ጅማትንም ፈጽሞ አልተዉላቸውም፤ አጥንቶቻቸውም በምድር ላይ ወደቁ፤ በጎችም አነሱ።
84c921da-c3ee-535e-a690-5a81329b16f8,1bd4a8c2-b1ba-5aa4-a486-cc6759bbe9c7,4f909aa1-cbea-5cd4-a403-5e7a4f46381e,39,39,ሃያ ሦስቱም እረኞች እስከሚጠብቁበት ዘመን ድረስ አየሁ፤ አምሳ ስምንት ሱባኤንም በየዘመናቸው ፈጸሙ።
2dfc5ebd-459e-51f1-a346-46a92c2ff3b5,1bd4a8c2-b1ba-5aa4-a486-cc6759bbe9c7,4f909aa1-cbea-5cd4-a403-5e7a4f46381e,40,40,ታናናሾች ጠቦቶችም ከእነዚያ ነጫጭ በጎች ተወለዱ፤ ዐይኖቻቸውንም ይገልጡና ያዩ፥ ወደ በጎችም ይጮኹ ጀመሩ።
bdb42de6-9b34-5d7e-a7f6-f23216a3cea4,1bd4a8c2-b1ba-5aa4-a486-cc6759bbe9c7,4f909aa1-cbea-5cd4-a403-5e7a4f46381e,41,41,በጎችም አልጮሁላቸውም፤ የነገሯቸውንም ነገር አላዳመጧቸውም፤ ነገር ግን ፈጽመው ቸል አሉ፤ ዐይኖቻቸውንም ተሸፈኑ፤ በረታባቸውም።
946ffaa2-2c64-52b7-a58d-b8d49f2bd0ce,1bd4a8c2-b1ba-5aa4-a486-cc6759bbe9c7,4f909aa1-cbea-5cd4-a403-5e7a4f46381e,42,42,በራእይም በጠቦቶቹ ላይ ሲበርሩባቸው ቍራዎችን አየሁ፤ ከእነዚያም ጠቦቶች አንዱን ያዙት።
e5efc08a-f2de-5849-aab9-e7b13e522ab4,1bd4a8c2-b1ba-5aa4-a486-cc6759bbe9c7,4f909aa1-cbea-5cd4-a403-5e7a4f46381e,43,43,በጎችንም ቀጥቅጠው በሏቸው፤ ለእነዚያ ጠቦቶችም ቀንዶች እስኪወጡላቸው ድረስ አየሁ። ቍራዎችም ቀንዶቻቸውን ይሰብሩባቸው ነበር።
d34f315b-89f0-5e4b-a178-5897dc9db464,1bd4a8c2-b1ba-5aa4-a486-cc6759bbe9c7,4f909aa1-cbea-5cd4-a403-5e7a4f46381e,44,44,ከእነዚያም በጎች በአንዱ ላይ አንድ ትልቅ ቀንድ እስኪበቅል አየሁ። ዐይኖቻቸውም ተገለጡ።
3112a58a-a04b-55b1-a1e3-32dd5423b0d5,1bd4a8c2-b1ba-5aa4-a486-cc6759bbe9c7,4f909aa1-cbea-5cd4-a403-5e7a4f46381e,45,45,በእነርሱም አየባቸው፤ ዐይኖቻቸውም ተከፈቱ፤ ለበጎችም ጮኸላቸው፤ አውራዎችም አዩት፤ ሁሉም ወደ እርሱ ሮጡ።
d019d335-0f3c-5f24-afaa-b85ef6a5aae9,1bd4a8c2-b1ba-5aa4-a486-cc6759bbe9c7,4f909aa1-cbea-5cd4-a403-5e7a4f46381e,46,46,ንስሮችና ጥንብ አሞራዎች፥ ቍራዎችና አንጭት አሞራዎች እስከ ዛሬ ድረስ ይነጥቋቸው ነበር። በላያቸውም እያንዣበቡ ይበሏቸው ነበር።
1824af43-6fd9-55b0-a629-f7d35b7185d7,1bd4a8c2-b1ba-5aa4-a486-cc6759bbe9c7,4f909aa1-cbea-5cd4-a403-5e7a4f46381e,47,47,በጎች ግን ዝም ብለው ነበር፤ አውራዎችም ፈጽመው ይጮኹ ነበር፤ እነዚያም ቍራዎች ከእነርሱ ጋር ይጋደሉና ይጣሉ ነበር። ቀንዱንም ሊያስወግዱ ወደዱ፤ ነገር ግን አልቻሉትም።
ed623a9f-b450-5f4f-a3f3-415588bd6401,1bd4a8c2-b1ba-5aa4-a486-cc6759bbe9c7,4f909aa1-cbea-5cd4-a403-5e7a4f46381e,48,48,እረኞች፥ ንስሮችና እነዚያ ጥንብ አሞራዎች፥ አንጭት አሞራም እስኪመጡ ድረስ አየኋቸው።
580da0bf-d122-5705-aefc-fd8673edbfbc,1bd4a8c2-b1ba-5aa4-a486-cc6759bbe9c7,4f909aa1-cbea-5cd4-a403-5e7a4f46381e,49,49,የዚያንም አውራ ቀንዱን ይሰብሩ ዘንድ ለቍራዎች ጮኹ።
4e02d132-24a1-50bf-ab41-233a8b501287,1bd4a8c2-b1ba-5aa4-a486-cc6759bbe9c7,4f909aa1-cbea-5cd4-a403-5e7a4f46381e,50,50,እነርሱም ከእርሱ ጋር ተጣልተው ተጋደሉ፤ እርሱም ከእነርሱ ጋር ተጣላ፤ ረድኤቱም ትመጣለት ዘንድ ጮኸ።
eb3db0cf-9293-5225-a696-0e0abda515da,1bd4a8c2-b1ba-5aa4-a486-cc6759bbe9c7,4f909aa1-cbea-5cd4-a403-5e7a4f46381e,51,51,የእረኞችን ስሞች የሚጽፍና በበጎች ጌታ ፊት የሚያቀርብ ያ ሰውም እስኪመጣ ድረስ አየሁ።
adebe1cd-db13-5711-a90c-1764248daa59,1bd4a8c2-b1ba-5aa4-a486-cc6759bbe9c7,4f909aa1-cbea-5cd4-a403-5e7a4f46381e,52,52,እርሱም ረዳው፤ ሁሉንም አሳየው፤ የዚያም አውራ ረዳቱ ወረደ፤ ያም የበጎች ጌታ ወደ እነርሱ በመዓት እስኪመጣባቸው ድረስ አየሁ።
2071542b-e8c8-587a-a7f1-71e6125e4fc5,1bd4a8c2-b1ba-5aa4-a486-cc6759bbe9c7,4f909aa1-cbea-5cd4-a403-5e7a4f46381e,53,53,ያዩትም ሁሉ ሸሹ፤ ሁሉም ከፊቱ የተነሣ በጥላው ወደቁ። ንስሮች፥ ጥንብ አሞራዎችና ቍራዎች፥ አንጭት አሞራም ተሰበሰቡ።
8d5b8439-f78a-5b11-adee-b1b4bef1e8f1,1bd4a8c2-b1ba-5aa4-a486-cc6759bbe9c7,4f909aa1-cbea-5cd4-a403-5e7a4f46381e,54,54,ከእነርሱም ጋር የሜዳ በጎችን አመጡ፤ ሁሉም በአንድነት የዚያን አውራ ቀንድ ሊሰብሩ ተረዳዱ።
fc9aba40-57cb-5bba-af45-50ae1f264885,1bd4a8c2-b1ba-5aa4-a486-cc6759bbe9c7,4f909aa1-cbea-5cd4-a403-5e7a4f46381e,55,55,በጌታ ቃል መጽሐፉን የሚጽፍ ያን ሰውም በኋላ የተነሡ እነዚያ ዐሥራ ሁለቱ እረኞች ያጠፉትን ያን የጥፋት መጽሐፍ እስኪገልጠው ድረስ አየሁት።
a60f9d85-d6f0-5df4-a854-b777e20fc9f6,1bd4a8c2-b1ba-5aa4-a486-cc6759bbe9c7,4f909aa1-cbea-5cd4-a403-5e7a4f46381e,56,56,ከእነርሱም አስቀድመው ከነበሩት እነርሱ አብልጠው እንዳጠፉ በበጎች ጌታ ፊት አሳየ፤ የበጎችም ጌታ ወደ እነርሱ እስኪመጣ ድረስ አየሁ።
82220291-c34c-5182-a75d-089451a34491,1bd4a8c2-b1ba-5aa4-a486-cc6759bbe9c7,4f909aa1-cbea-5cd4-a403-5e7a4f46381e,57,57,የቍጣውንም በትር በእጁ አንሥቶ ምድርን መታት፤ ምድርም ተሰነጠቀች፤ አራዊትም ሁሉ፥ የሰማይ ወፎችም ሁሉ ከእነዚያ ከበጎች የተነሣ ወደቁ፤ በምድርም ሰጠሙ፤ ምድርም ተጫነቻቸው።
7b9837ce-7333-5f30-a0c3-4f1fe969b479,1bd4a8c2-b1ba-5aa4-a486-cc6759bbe9c7,4f909aa1-cbea-5cd4-a403-5e7a4f46381e,58,58,ለበጎችም ታላቅ ሰይፍ እስኪሰጣቸው ድረስ አየሁ፤ በጎችም ይገድሏቸው ዘንድ በዱር አራዊት ሁሉ ላይ ወጡ።
306ce2d4-3f96-5d84-ab76-310d01f6da86,1bd4a8c2-b1ba-5aa4-a486-cc6759bbe9c7,4f909aa1-cbea-5cd4-a403-5e7a4f46381e,59,59,አራዊትና የሰማይ ወፎችም ሁሉ ከፊታቸው ሸሹ።
c7bc5018-5e76-5e75-abbf-6f4fa380a3d7,c17944a0-b1f5-5473-ab48-5b970261aa52,bfb8f009-ee2f-51ad-a3e8-dcdaecb7b7cd,1,1,ባማረችው ምድር ዙፋን እስኪሠራ ድረስ አየሁ፤ የበጎችም ጌታ በእርሱ ላይ ተቀመጠ።
b2e4c8c9-ea4d-57b0-ab59-3a4bd49824bc,c17944a0-b1f5-5473-ab48-5b970261aa52,bfb8f009-ee2f-51ad-a3e8-dcdaecb7b7cd,2,2,የታጠፉትንም መጣፎች ሁሉ አነሣ፤ እነዚያንም መጣፎች በበጎች ጌታ ፊት ገለጣቸው።
65229720-38a9-5767-a424-189b04105e14,c17944a0-b1f5-5473-ab48-5b970261aa52,bfb8f009-ee2f-51ad-a3e8-dcdaecb7b7cd,3,3,እነዚያንም የቀደሙትን ሰባቱን ነጮች ጠራቸው፤ ኀፍረታቸው እንደ ፈረስ ኀፍረት ከሆነ ከእነዚያ ከዋክብት ከሚቀድም ከመጀመሪያው ኮከብ ወደ እርሱ ያመጡ ዘንድ አዘዘ።
4c2582cf-0e77-5d0d-a30f-26fe51586131,c17944a0-b1f5-5473-ab48-5b970261aa52,bfb8f009-ee2f-51ad-a3e8-dcdaecb7b7cd,4,4,አስቀድሞ የወደቀውን መጀመሪያውንም ኮከብ፥ ሁሉ ወደ እርሱ አመጧቸው።
6c4ae612-fc05-589c-a5f9-f2387ccb6386,c17944a0-b1f5-5473-ab48-5b970261aa52,bfb8f009-ee2f-51ad-a3e8-dcdaecb7b7cd,5,5,ከሰባቱ ነጮች አንዱ የሆነውን በፊቱ የሚጽፈውንም ያን ሰው እንዲህ አለው-
d50a844e-3964-58bc-a3eb-e5c2aae30d93,c17944a0-b1f5-5473-ab48-5b970261aa52,bfb8f009-ee2f-51ad-a3e8-dcdaecb7b7cd,6,6,“በጎችን የሰጠኋቸውን፥ ተቀብለውም ካዘዝኋቸው ወጥተው ብዙዎችን ያጠፉትን እነዚህን ሰባውን እረኞች አግዛቸው።”
1687b24b-b6ad-503f-abf9-b7c4a5de8726,c17944a0-b1f5-5473-ab48-5b970261aa52,bfb8f009-ee2f-51ad-a3e8-dcdaecb7b7cd,7,7,እነሆ ሁሉንም ታስረው አየኋቸው፤ ሁሉም በፊቱ ቆመው ነበር፤ ፍርድም አስቀድሞ ከከዋክብት ተጀመረ፤ ተወቀሱ፤ ኀጢአተኞችም ሆነው ተገኙ፤ ወደ ቅጣት ቦታም ሄዱ።
91d0cf05-fdad-5ae1-a905-1bcdb61dfbd4,c17944a0-b1f5-5473-ab48-5b970261aa52,bfb8f009-ee2f-51ad-a3e8-dcdaecb7b7cd,8,8,ወደ ጥልቁም ጣሏቸው፤ ያም ቦታ የሚያላልብ፥ እሳትንና የእሳት ምሰሶን የተመላ ነው።
8aba9fc4-57c4-56cc-a8f1-ff9b89fb1ad2,c17944a0-b1f5-5473-ab48-5b970261aa52,bfb8f009-ee2f-51ad-a3e8-dcdaecb7b7cd,9,9,እነዚያም ሰባው እረኞች ለፍርድ ቀረቡ፤ ኀጢአተኞችም ሆኑ፤ እነርሱም ወደዚያ የእሳት ጕድጓድ ተጣሉ።
db69ec48-711b-5417-a538-2decc861f4ca,c17944a0-b1f5-5473-ab48-5b970261aa52,bfb8f009-ee2f-51ad-a3e8-dcdaecb7b7cd,10,10,ያንጊዜም እንደዚሁ እሳትን የተመላ አንድ ጕድጓድ በምድር መካከል እንደ ተከፈተ አየሁ።
8600ed40-b996-5d21-a980-6bae7cb23ef5,c17944a0-b1f5-5473-ab48-5b970261aa52,bfb8f009-ee2f-51ad-a3e8-dcdaecb7b7cd,11,11,የታወሩ እነዚያን በጎችም አመጧቸው። ለፍርድ ቀረቡ፤ ኀጢአተኞችም ሆነው ተገኙ፤ ወደዚያ ወደ እሳቱ ጕድጓድም ተጣሉ፤ ተቃጠሉም።
8ca7ef56-7f1e-5780-a182-2c5f315eefab,c17944a0-b1f5-5473-ab48-5b970261aa52,bfb8f009-ee2f-51ad-a3e8-dcdaecb7b7cd,12,12,ያም ጕድጓድ በዚያ ቤት በስተቀኝ ነበር፤ እነዚያንም በጎች ሲቃጠሉ፥ አጥንቶቻቸውም ሲቃጠሉ አየሁ።
1fd5a843-c2b7-5cda-a5f2-279331df783e,c17944a0-b1f5-5473-ab48-5b970261aa52,bfb8f009-ee2f-51ad-a3e8-dcdaecb7b7cd,13,13,ያን ያረጀውንም ቤት እስኪጠቀልለው አይ ዘንድ ቆምኹ፤ ምሰሶዎችንም ሁሉ አወጧቸው።
c22d9ae2-e93b-5390-aea8-cfc329be9f85,c17944a0-b1f5-5473-ab48-5b970261aa52,bfb8f009-ee2f-51ad-a3e8-dcdaecb7b7cd,14,14,የዚያም ቤት ተክሉና ጌጡ ሁሉ ከእርሱ ጋር ተጠቀለለ፤ አውጥተውም በምድር ቀኝ ባለ በአንድ ቦታ ጣሉት።
f4d31958-e908-5d5d-a4f0-c48578451e32,c17944a0-b1f5-5473-ab48-5b970261aa52,bfb8f009-ee2f-51ad-a3e8-dcdaecb7b7cd,15,15,የበጎች ጌታም ከዚያ ከቀደመው ቤት ታላቅና ከፍ ያለ አዲስ ቤትን እስኪያመጣ ድረስ አየሁ፤ ያንም አስቀድማ በተጠቀለለችው ቤት ቦታ አቆመው።
d23af095-3027-5d36-a22d-154600702554,c17944a0-b1f5-5473-ab48-5b970261aa52,bfb8f009-ee2f-51ad-a3e8-dcdaecb7b7cd,16,16,ምሰሶዎችዋም ሁሉ አዲሶች ናቸው፤ ጌጧም ሁሉ አዲስ ነው፤ ካፈረሳት ካረጀችው ከመጀመሪያዪቱም ቤት ይልቅ ታላቅ ነው፤ በጎችም ሁሉ በመካከሏ ናቸው።
f3b9fa90-2180-5db4-ac40-585ba08f1115,c17944a0-b1f5-5473-ab48-5b970261aa52,bfb8f009-ee2f-51ad-a3e8-dcdaecb7b7cd,17,17,የቀሩትንም በጎች ሁሉና በምድር ላይ ያሉ እንስሳትን ሁሉ፥ የሰማይ ወፎችንም ሁሉ፥
dcfbea92-ca30-5a4f-ada1-bbf4d7dac1bb,c17944a0-b1f5-5473-ab48-5b970261aa52,bfb8f009-ee2f-51ad-a3e8-dcdaecb7b7cd,18,18,ለእነዚያ በጎች ሲወድቁና ሲሰግዱ፥ ሲማልዷቸውና ቃላቸውንም ሁሉ ሲሰሟቸው አየኋቸው።
7b8c6ff3-9dd5-542a-ab55-3b8ada500c02,c17944a0-b1f5-5473-ab48-5b970261aa52,bfb8f009-ee2f-51ad-a3e8-dcdaecb7b7cd,19,19,ከዚያም በኋላ ነጫጭ ልብስ የለበሱና አስቀድመው ወደ ሰማይ ያወጡኝ እነዚያ ሦስቱ እጄን ያዙኝ።
ee94237c-a183-56cc-aadb-711994bdba69,c17944a0-b1f5-5473-ab48-5b970261aa52,bfb8f009-ee2f-51ad-a3e8-dcdaecb7b7cd,20,20,የዚያም አውራ እጅ ይዛኝ ሳለች አወጡኝ፤ ፍርድም ሳትደረግ በእነዚያ በጎች መካከል አኖሩኝ።
1cee50a9-0cf5-5490-af76-b841e6409f61,c17944a0-b1f5-5473-ab48-5b970261aa52,bfb8f009-ee2f-51ad-a3e8-dcdaecb7b7cd,21,21,እነዚያም በጎች ሁሉ ነጫጭ ሆኑ፤ ፀጕራቸውም ታላቅና ንጹሕ ነበር።
e9ca87e3-089d-500b-ab5f-a63de75b4b66,c17944a0-b1f5-5473-ab48-5b970261aa52,bfb8f009-ee2f-51ad-a3e8-dcdaecb7b7cd,22,22,የጠፉና የተበተኑ ሁሉ፥ የዱር አራዊት ሁሉና የሰማይ ወፎችም ሁሉ በዚያ ቤት ተሰበሰቡ።
0ae4b523-4fd7-52a1-a4d6-9b1282018dfb,c17944a0-b1f5-5473-ab48-5b970261aa52,bfb8f009-ee2f-51ad-a3e8-dcdaecb7b7cd,23,23,ሁሉም ደጋግ ሁነዋልና፥ ወደ ማደሪያውም ተመልሰዋልና የበጎች ጌታ እጅግ ደስ አለው።
a251ad23-c5bc-5d00-afc9-72d5e8ebbeec,c17944a0-b1f5-5473-ab48-5b970261aa52,bfb8f009-ee2f-51ad-a3e8-dcdaecb7b7cd,24,24,ለበጎችም የተሰጣቸውን ያን ሰይፍ እስኪያጋድሙት ድረስ አየሁ፤ ወደ ቤቱም መለሱት፤ በጌታም ፊት አተሙት።
209806e6-a805-5566-ac77-f4a89a461ed6,c17944a0-b1f5-5473-ab48-5b970261aa52,bfb8f009-ee2f-51ad-a3e8-dcdaecb7b7cd,25,25,በጎችም ሁሉ በዚያ ቤት ተዘጋባቸው፤ ነገር ግን አልቻላቸውም፤ የሁሉም ዐይኖቻቸው ተገልጠው በጎውን ይመለከቱ ነበር፤ ከእነርሱም በመካከላቸው የማያይ አንድ እንኳ አልነበረም።
2d5f5cb2-7995-5b82-a429-e5be8de046db,c17944a0-b1f5-5473-ab48-5b970261aa52,bfb8f009-ee2f-51ad-a3e8-dcdaecb7b7cd,26,26,ያም ቤት ታላቅና ሰፊ እንደ ሆነ አየሁ፤ ፈጽሞም ሙሉ ነበር። አንድ ነጭ ላምም ተወልዶ አየሁ፤ ቀንዶቹም ታላላቆች ነበሩ።
e7528c66-006b-5eb2-a3c7-d645429dba7a,c17944a0-b1f5-5473-ab48-5b970261aa52,bfb8f009-ee2f-51ad-a3e8-dcdaecb7b7cd,27,27,የዱር አራዊትና የሰማይ ወፎችም ሁሉ ፈርተው በየጊዜው ይማልዱታል።
4f355177-46e0-5776-a1ed-402e713c5cd4,c17944a0-b1f5-5473-ab48-5b970261aa52,bfb8f009-ee2f-51ad-a3e8-dcdaecb7b7cd,28,28,ዘመዶቻቸውም ሁሉ እስኪለወጡ ድረስ አየሁ፤ ላሞችም ሁሉ ነጫጭ ሆኑ።
1ada59d5-d1df-5e9a-ac83-3cf58624bfd0,c17944a0-b1f5-5473-ab48-5b970261aa52,bfb8f009-ee2f-51ad-a3e8-dcdaecb7b7cd,29,29,በመጀመሪያም ነገር በመካከላቸው ሆነ፤ ያም ነገር ታላቅ አውሬ ሆነ፤ በራሱም ላይ ታላላቅና ጥቋቍር ቀንዶች አሉ።
e8c72389-9c68-55f2-a19a-ff0770d00430,c17944a0-b1f5-5473-ab48-5b970261aa52,bfb8f009-ee2f-51ad-a3e8-dcdaecb7b7cd,30,30,የበጎችም ጌታ በእነርሱና በላሞች ሁሉ ደስ አለው።
8425ad62-2ed4-5ac0-af60-cbc453967501,c17944a0-b1f5-5473-ab48-5b970261aa52,bfb8f009-ee2f-51ad-a3e8-dcdaecb7b7cd,31,31,እኔም በመካከላቸው ተኝቼ ነቃሁ፤ ሁሉንም አየሁ፤ ተኝቼም ያየሁት ራእይ ይህ ነው፤ ነቅቼም የጽድቅ ጌታን አመሰገንሁት፤ ለእርሱም ምስጋናን አቀረብሁለት።
361c7838-a668-527d-a5cc-c7b86d50ffef,c17944a0-b1f5-5473-ab48-5b970261aa52,bfb8f009-ee2f-51ad-a3e8-dcdaecb7b7cd,32,32,ከእርሱም የተነሣ ታላቅ ልቅሶን አለቀስኹ፤ ወደዚያም ወደ አየሁት ሲወርዱ ባየሁ ጊዜ መታገሥን አልቻልሁምና እንባዬ አልተገታም።
1d3a1ff9-3eff-5ea9-ae56-e2243ad97365,c17944a0-b1f5-5473-ab48-5b970261aa52,bfb8f009-ee2f-51ad-a3e8-dcdaecb7b7cd,33,33,ሁሉ መጥቶ ይጨረሳልና፥ የሰውም ሁሉ ሥራ በየወገኑ ተገለጠልኝ።
55e8c306-cc88-5a35-af1b-abdf63eb0934,c17944a0-b1f5-5473-ab48-5b970261aa52,bfb8f009-ee2f-51ad-a3e8-dcdaecb7b7cd,34,34,በዚያችም ሌሊት የቀደመውን ሕልሜን አሰብሁት፤ ያን ራእይ አይቻለሁና ስለ እርሱ ነገር አለቀስሁ፤ ታወክሁም።
fa721bfb-5694-5858-a9b5-8a58903877d6,c17944a0-b1f5-5473-ab48-5b970261aa52,bfb8f009-ee2f-51ad-a3e8-dcdaecb7b7cd,35,35,አሁንም ልጄ፥ ማቱሳላ! ወንድሞችህን ሁሉ ጥራልኝ፤ የእናትህንም ልጆች ሁሉ ሰብስብልኝ፤ ቃል ጠርቶኛልና።
81c8a875-f1e8-57a7-aaa3-0b512d73eba3,c17944a0-b1f5-5473-ab48-5b970261aa52,bfb8f009-ee2f-51ad-a3e8-dcdaecb7b7cd,36,36,እስከ ዘለዓለምም የሚደርስባችሁን እገልጥላችሁ ዘንድ መንፈስ በእኔ ላይ አድሮአልና።
2727b33a-715c-5699-a092-1a4fb4d4d993,c17944a0-b1f5-5473-ab48-5b970261aa52,bfb8f009-ee2f-51ad-a3e8-dcdaecb7b7cd,37,37,ከዚያም በኋላ ማቱሳላ ሄዶ ወንድሞቹን ሁሉ ወደ እርሱ ጠራቸው፤ ዘመዶቹንም ሰበሰባቸው፤ ለልጆቹም ሁሉ እውነት ነገርን ነገራቸው።
9c1847df-d31c-5453-a3be-510555b59240,c17944a0-b1f5-5473-ab48-5b970261aa52,bfb8f009-ee2f-51ad-a3e8-dcdaecb7b7cd,38,38,እንዲህም አለ- “ልጆቼ፥ የአባታችሁን ነገር ሁሉ ስሙ፤ ወዳጆቼ፥ በእናንተ አዳኝባችኋለሁና፥ እነግራችኋለሁምና የአፌን ቃል በቅንነት አድምጡ።
6ed55638-fe1d-5630-abfe-33c95e16e890,c17944a0-b1f5-5473-ab48-5b970261aa52,bfb8f009-ee2f-51ad-a3e8-dcdaecb7b7cd,39,39,ሕግንም ውደዷት፤ በእርሷም ሂዱ፤ ሁለት ልብም ሆናችሁ ወደ ሕግ አትቅረቡ፤ ልጆቼ፥ በእውነት ኑሩ እንጂ ሁለት ልብ ሆነው ከሚኖሩ ሰዎች ጋር አትተባበሩ።
9a5cac3e-fb88-521b-ad81-95518d9e2abf,c17944a0-b1f5-5473-ab48-5b970261aa52,bfb8f009-ee2f-51ad-a3e8-dcdaecb7b7cd,40,40,እርስዋም በመልካም ጐዳና ትመራችኋለች፤ በምድር ላይ የግፍ አካል እንዲጸና አውቃለሁና ጽድቅ ለእናንተ ኅብረት ይሆናል።
b9eac3f0-e8f6-5c5f-ac11-aaf1c91eb133,c17944a0-b1f5-5473-ab48-5b970261aa52,bfb8f009-ee2f-51ad-a3e8-dcdaecb7b7cd,41,41,በምድርም ላይ ታላቅ መቅሠፍት ይፈጸማል፤ ዐመፅም ሁላ ትጨረሳለች፤ ከሥርዋም ትቈረጣለች።
86cec493-fd01-5d73-a150-00eb61cc16f2,c17944a0-b1f5-5473-ab48-5b970261aa52,bfb8f009-ee2f-51ad-a3e8-dcdaecb7b7cd,42,42,ሕንጻውም ሁሉ ያልፋል፤ ዐመፅም ትደገማለች፤ በምድርም ላይ ትፈጸማለች፤ የዐመፅና የግፍ፥ የበደልም ሥራ ሁሉ እጥፍ ሆና ትሠራለች።
294aa727-b284-50d1-aa02-7ffc24f8a4d9,c17944a0-b1f5-5473-ab48-5b970261aa52,bfb8f009-ee2f-51ad-a3e8-dcdaecb7b7cd,43,43,ዐመፅና ኀጢአት፥ ስድብና ግፍ፥ ክፉውም ሥራ ሁሉ በበዛ ጊዜ፥ በደልና ወንጀል፥ ርኵሰትም በበዛ ጊዜ ታላቅ መቅሠፍት ከሰማይ በእነዚህ ሁሉ ላይ ይደረጋል።
d2e915cb-2d42-55c1-a3bc-631c547d1d51,c17944a0-b1f5-5473-ab48-5b970261aa52,bfb8f009-ee2f-51ad-a3e8-dcdaecb7b7cd,44,44,ቅዱስ እግዚአብሔርም በምድር ላይ ፍርድን ያደርግ ዘንድ በመቅሠፍትና በመዓት ይመጣል።
416ec1be-a7b8-5310-adc7-de30b1dac921,c17944a0-b1f5-5473-ab48-5b970261aa52,bfb8f009-ee2f-51ad-a3e8-dcdaecb7b7cd,45,45,በእነዚያም ወራቶች ግፍ ከሥርዋ ትቈረጣለች፤ የዐመፅም ሥሮች ከሽንገላ ጋር ይቈረጣሉ፤ ከሰማይም በታች ይጠፋሉ።
4bbac590-3fca-54b8-a1d7-6655f206341b,c17944a0-b1f5-5473-ab48-5b970261aa52,bfb8f009-ee2f-51ad-a3e8-dcdaecb7b7cd,46,46,ሁሉም ከአሕዛብ ጋር ይሰጣል፤ አዳራሾችም በእሳት ይቃጠላሉ፤ ከምድርም ሁሉ ያወጧቸዋል፤ በገሃነመ እሳትም ይጣላሉ። በመዓትና በዘለዓለማዊ ኀይለኛ ፍርድ ይጠፋሉ።
7d065f01-2d22-52f7-a685-508f58d32f2d,c17944a0-b1f5-5473-ab48-5b970261aa52,bfb8f009-ee2f-51ad-a3e8-dcdaecb7b7cd,47,47,ጻድቁ ከእንቅልፉ ይነሣል፤ ጥበብም ይነሣል፤ ለእነርሱም ይሰጣል፤ ከእርሱም የተነሣ የዐመፅ ሥሮች ይቈረጣሉ።
3a55ad9a-8e90-5657-af8d-b81670891108,c17944a0-b1f5-5473-ab48-5b970261aa52,bfb8f009-ee2f-51ad-a3e8-dcdaecb7b7cd,48,48,ኃጥኣንም በሰይፍ ይጠፋሉ፤ ተሳዳቢዎችም በቦታው ሁሉ ይቈረጣሉ።
ac072674-6783-57bd-ab55-15bd3bc9ce92,c17944a0-b1f5-5473-ab48-5b970261aa52,bfb8f009-ee2f-51ad-a3e8-dcdaecb7b7cd,49,49,ግፍን የሚያስቧትና ስድብንም የሚሠሯት በሰይፍ ይጠፋሉ።
f167a095-d042-54d9-a9e7-4533f6108340,92bdebf3-66d8-5316-a986-4ee8163b8b50,e886359f-7630-572d-accf-057156edeaba,1,1,“ከዚህም በኋላ ሁለተኛዋ ጽድቅ የሚደረግባት ስምንተኛዪቱ ሱባዔ ትደረጋለች፤ ከግፈኞች የተነሣም የእውነት ፍርድ ይደረግባት ዘንድ ለእርስዋ ሰይፍ ይሰጣል፤ ኃጥኣንም በጻድቃን እጅ ይሰጣሉ።
0cec0517-3830-5148-a87a-65c8689dd51c,92bdebf3-66d8-5316-a986-4ee8163b8b50,e886359f-7630-572d-accf-057156edeaba,2,2,በመጨረሻዋም ከጽድቃቸው የተነሣ ንብረት ያደርጋሉ፥ ለገናናው ንጉሥም እስከ ዘለዓለም ሊመሰገንበት ቤት ይሠራል።
1b796af3-6a47-561a-a53f-6f3ce96ca5e2,92bdebf3-66d8-5316-a986-4ee8163b8b50,e886359f-7630-572d-accf-057156edeaba,3,3,“ከዚህም በኋላ በዘጠነኛዪቱ ሱባዔ ለዓለም ሁሉ የእውነት ፍርድ ትገለጣለች።
13a13ef5-32c2-5db8-a430-4230086c10cb,92bdebf3-66d8-5316-a986-4ee8163b8b50,e886359f-7630-572d-accf-057156edeaba,4,4,የዝንጉዎችም ሥራ ሁሉ ከምድር ይጠፋል፤ ዓለምም ለጥፋት ይቈጠራል፤ ሰዎችም ሁሉ የቀናች መንገድን ይመለከታሉ።
7aef5b74-71cb-55da-aa3a-59eb912652f6,92bdebf3-66d8-5316-a986-4ee8163b8b50,e886359f-7630-572d-accf-057156edeaba,5,5,“ከዚህም በኋላ በዐሥረኛዪቱ ሱባዔ በሰባተኛው ክፍል የዘለዓለም ፍርድ ትደረግባታለች።
92002767-beaa-51d4-adcf-ed2019eab05a,92bdebf3-66d8-5316-a986-4ee8163b8b50,e886359f-7630-572d-accf-057156edeaba,6,6,ከመላእክት ሁሉ መካከል የሚወጣ ታላቅ ፍርድም በዘለዓለማዊው ሰማይ ከትጉሃን መላእክት ይደረጋል።
db1ce536-0aa1-5cfa-ad86-df3ca333cee2,92bdebf3-66d8-5316-a986-4ee8163b8b50,e886359f-7630-572d-accf-057156edeaba,7,7,የቀደመውም ሰማይ ፈጽሞ ያልፋል፤ አዲሱ ሰማይም ይገለጣል። የሰማይ ሠራዊትም ሁሉ ሰባት እጥፍ ለዘለዓለም ያበራሉ።
99e166d5-0429-508c-ad65-b675a4bcf1b9,92bdebf3-66d8-5316-a986-4ee8163b8b50,e886359f-7630-572d-accf-057156edeaba,8,8,ከዚህም በኋላ ቍጥር የሌላቸው ብዙ ሱባዔዎች በቸርነቱና በይቅርታው ለዘለዓለም ይሆናሉ፤ ከዚያም በኋላ ኀጢአት እስከ ዘለዓለም ትሠራለች አትባልም።
3630745a-9093-5fb0-aabe-dd1439911611,92bdebf3-66d8-5316-a986-4ee8163b8b50,e886359f-7630-572d-accf-057156edeaba,9,9,“አሁንም ልጆቼ፥ እነግራችኋለሁ፤ የጽድቅ መንገዶችንና የግፍ መንገዶችንም አሳያችኋለሁ።
d43b89a7-7db8-58bf-ae09-7e52ef01e1f1,92bdebf3-66d8-5316-a986-4ee8163b8b50,e886359f-7630-572d-accf-057156edeaba,10,10,ዳግመኛም የሚመጣውን ታውቁ ዘንድ አሳያችኋለሁ፤ አሁንም ልጆቼ፥ ስሙኝ፤ በጽድቅ መንገዶችም ሂዱ።
910cad71-1758-5629-a5ba-cdf5efcf2f32,92bdebf3-66d8-5316-a986-4ee8163b8b50,e886359f-7630-572d-accf-057156edeaba,11,11,በዐመፅ መንገድ የሚሄዱ ሁሉ ለዘለዓለም ይጠፋሉና በግፍ መንገዶች አትሂዱ።”
ecf08870-76dd-5a24-a154-da39af114c5c,92bdebf3-66d8-5316-a986-4ee8163b8b50,e886359f-7630-572d-accf-057156edeaba,12,12,ከሰው ሁሉ ክቡር፥ የምድርም ሁሉ መምህር ከሆነው፥ የጥበብን ትምህርት ሁሉ ከጻፈው ከሄኖክ የተጻፈ መጽሐፍ፥
392dc8c7-e4c5-5617-ae22-6cec40cea113,92bdebf3-66d8-5316-a986-4ee8163b8b50,e886359f-7630-572d-accf-057156edeaba,13,13,በምድር ለሚኖሩ ለልጆቼ ሁሉ፥ ፍርድንና ሰላምን ለሚያደርጉ ለኋላ ልጆችም፥
7739e845-617d-5eb7-a268-ea82c8370899,92bdebf3-66d8-5316-a986-4ee8163b8b50,e886359f-7630-572d-accf-057156edeaba,14,14,ቅዱሱና ገናናው ለሁሉ ቀኖችን ሰጥትWaልና መንፈሳችሁ በዘመናት አትዘን።
773d3d63-840e-5ce7-a00d-22bd7d05a656,92bdebf3-66d8-5316-a986-4ee8163b8b50,e886359f-7630-572d-accf-057156edeaba,15,15,ጻድቅ ሰው ከእንቅልፉ ይነሣል፤ በጽድቅ መንገዶችም ይሄዳል።
f8cfe102-2445-5ba4-aee6-f3bae0585bc0,92bdebf3-66d8-5316-a986-4ee8163b8b50,e886359f-7630-572d-accf-057156edeaba,16,16,መንገዱም፥ አኗኗሩም ሁሉ በቸርነትና በዘለዓለማዊ ይቅርታ ነው፤ ጻድቁን ይቅር ይለዋል፤ ለእርሱም ለዘለዓለሙ ቅንነትን ይሰጠዋል፤ ሥልጣንንም ይሰጠዋል።
3ec3c053-643b-5fd8-a5c3-5f8f2fb55446,92bdebf3-66d8-5316-a986-4ee8163b8b50,e886359f-7630-572d-accf-057156edeaba,17,17,በቸርነትና በጽድቅ ጸንቶ ይኖራል፤ ብርሃንም ለዘለዓለም ይኖራል፤ ኀጢአትም በጨለማ እስከ ዘለዓለም ትጠፋለች፤ ከእንግዲህ ወዲያም ከዚያች ቀን ጀምሮ እስከ ዘለዓለም አትታይም።
29a48b5d-7be8-5ba5-aac3-6e751275a39b,92bdebf3-66d8-5316-a986-4ee8163b8b50,e886359f-7630-572d-accf-057156edeaba,18,18,ከዚህም በኋላ እንዲህ ሆነ፥ ሄኖክ ከመጻሕፍት ይናገር ጀመረ።
ebe3b97a-f063-5b1e-adc0-1b3e00bcbbb1,92bdebf3-66d8-5316-a986-4ee8163b8b50,e886359f-7630-572d-accf-057156edeaba,19,19,ሄኖክ ስለ ልጆችና ስለ ዓለም ምርጦች፥ ስለ ጽድቅና ስለ ቅን ፍርድ ተክልም እንዲህ አለ- “ልጆቼ፥ እነዚህን ነገሮች እነግራችኋለሁ፤ አስረዳችኋለሁም።
f0e6d97d-1c6e-5d82-a5a9-a49249cf3b65,92bdebf3-66d8-5316-a986-4ee8163b8b50,e886359f-7630-572d-accf-057156edeaba,20,20,ከሰማይ የታየኝን ራእይ፥ ከቅዱሳን መላእክት ቃልም ያወቅሁትንና በሰማይ ሰሌዳ ላይ ያስተዋልሁትን እነግራችኋለሁ።
c1636f83-f7f8-51ca-ab74-f28471bcc1a5,92bdebf3-66d8-5316-a986-4ee8163b8b50,e886359f-7630-572d-accf-057156edeaba,21,21,ሄኖክም ከመጻሕፍት ይናገር ጀመረ፥ እኔ ሰባተኛው ትውልድ በመጀመሪያቱ ሱባዔ ተወለድሁ።
b54e344d-1039-53bf-ae80-74b86d02c063,92bdebf3-66d8-5316-a986-4ee8163b8b50,e886359f-7630-572d-accf-057156edeaba,22,22,ፍርድና እውነት እስኪደረጉ ድረስ ጌታ ታገሠ፤ ከእኔም በኋላ በሁለተኛዪቱ ሱባዔ ታላቅ ኀጢአት ትሠራለች።
151d7434-64b1-52f8-a14d-2b0f9ecb35be,92bdebf3-66d8-5316-a986-4ee8163b8b50,e886359f-7630-572d-accf-057156edeaba,23,23,ተንኰልም ጸናች፤ በእርሷም የመጀመሪያዪቱ መጨረሻ ትደረጋለች።
e0bdb1e6-848d-5ab5-a246-3e2d648acb38,92bdebf3-66d8-5316-a986-4ee8163b8b50,e886359f-7630-572d-accf-057156edeaba,24,24,ሰውም በእርስዋ ይድናል፤ እርሱም ከተጨረሰ በኋላ ዐመፅ ታድጋለች፤ እርሱም ለኀጥኣን ሥርዐትን ያደርጋል።
00ea37cf-faf3-5e52-a1d5-d1213111aa05,92bdebf3-66d8-5316-a986-4ee8163b8b50,e886359f-7630-572d-accf-057156edeaba,25,25,ከዚህም በኋላ በሦስተኛዪቱ ሱባዔ በመጨረሻዋ ሰው ለእውነተኛ ፍርድ ተክል ይመረጣል፤ ከእርሱም በኋላ የዘለዓለም ጽድቅና ርትዕ ተክል ይወጣል።
6e6dce81-7076-5216-af38-83f505b5708e,92bdebf3-66d8-5316-a986-4ee8163b8b50,e886359f-7630-572d-accf-057156edeaba,26,26,ከዚህም በኋላ በአራተኛዪቱ ሱባዔ በመጨረሻዋ የቅዱሳንና የጻድቃን ራእያት ይገለጣሉ። ሥርዐትና ቅጥርም ለልጅ ልጅ ዘመን ይሠራላቸዋል።
a5ae83e2-a434-52fd-a7af-f4601e9d1f0a,92bdebf3-66d8-5316-a986-4ee8163b8b50,e886359f-7630-572d-accf-057156edeaba,27,27,ከዚህም በኋላ በአምስተኛዪቱ ሱባዔ በመጨረሻዋ የምስጋናና የመንግሥት ቤት እስከ ዘለዓለም ይሠራል።
1e32aacb-9ee8-5ac3-a9d5-d175167daafb,92bdebf3-66d8-5316-a986-4ee8163b8b50,e886359f-7630-572d-accf-057156edeaba,28,28,ከዚህም በኋላ በስድስተኛዪቱ ሱባዔ በእርሷ የሚኖሩ ሰዎች ሁሉ ደንቆሮዎች ናቸው፤ የሁሉም ልቡናቸው ከጥበብ ይለያል፤ በእርሷም ሰው ያርጋል።
1b12156a-8aed-57a2-a140-b6717ee02ef1,92bdebf3-66d8-5316-a986-4ee8163b8b50,e886359f-7630-572d-accf-057156edeaba,29,29,በመጨረሻዋም ቤተ መንግሥቱ በእሳት ይቃጠላል፤ የተመረጠው የመንግሥት ወገን ሁሉም በእርሷ ይበተናሉ።
3e3703f6-3c4a-51f9-a151-be0f93d55c6e,92bdebf3-66d8-5316-a986-4ee8163b8b50,e886359f-7630-572d-accf-057156edeaba,30,30,ከዚህም በኋላ በሰባተኛዪቱ ሱባዔ ወንጀለኛዋና ሥራዋ ብዙ የሆነ ትውልድ ትነሣለች፤ ሥራዋም ሁሉ ወንጀል ነው።
fe3246be-e4d4-5c39-ae3f-c0880dfd8582,92bdebf3-66d8-5316-a986-4ee8163b8b50,e886359f-7630-572d-accf-057156edeaba,31,31,በመጨረሻዋም ለፍጥረቱ ሁሉ ሰባት ዕጥፍ ትምህርት የሚሰጣቸው የተመረጡ ጻድቃን ከዘለዓለም የጽድቅ ተክል ይመረጣሉ።
41a3a721-fd28-5732-a3c1-bc3c42eebaa6,92bdebf3-66d8-5316-a986-4ee8163b8b50,e886359f-7630-572d-accf-057156edeaba,32,32,ከሰው ልጆች ሁሉ የቅዱሱን ቃል መስማት የሚችልና የማይታወክ ማን ነው? አሳቡንስ ያስብ ዘንድ የሚችል ማን ነው?
d2c42c03-4a2b-5be5-abca-3477ba8f7706,92bdebf3-66d8-5316-a986-4ee8163b8b50,e886359f-7630-572d-accf-057156edeaba,33,33,ሰማይንና ሥራዋንም ሁሉ ቀና ብሎ ማየት የሚችል ማን ነው?
b1cc75e4-721b-5ba0-a587-9dc45047b1c1,92bdebf3-66d8-5316-a986-4ee8163b8b50,e886359f-7630-572d-accf-057156edeaba,34,34,የሰማይንስ ሥራ ማወቅ የሚቻለው ማን ነው? ነፍሱን ያይ ዘንድ፥ ያም ባይሆን መንፈሱ ያይና ይናገር ዘንድ፥ ያም ባይሆን ወደ ላይ ይወጣና ክንፎቻቸውን ሁሉ ያይና ያስባቸው ዘንድ፥ ያም ባይሆን እንደ እነርሱ ያደርግ ዘንድ የሚቻለው ማን ነው?
12764ba1-4506-5029-a884-995de6d380dd,92bdebf3-66d8-5316-a986-4ee8163b8b50,e886359f-7630-572d-accf-057156edeaba,35,35,የምድር ወርዷና ርዝመትWa ምን እንደ ሆነ ማወቅ የሚችል ሰው ሁሉ ማን ነው?
85ec9d37-a72d-514a-a8f4-4666faf46e0f,92bdebf3-66d8-5316-a986-4ee8163b8b50,e886359f-7630-572d-accf-057156edeaba,36,36,የእነዚህ ሁሉ ልካቸው ለማን ተገለጠ? የሰማይም ምጥቀትWaና ርዝመትWa ምን እንደ ሆነ፥ የጸናችም በምን ላይ እንደ ሆነ ማወቅ የሚችል፥ የኮከቦችም ቍጥራቸው ምን ያህል እንደ ሆነ፥ ብርሃናትም ሁሉ በየት እንደሚያርፉ ማወቅ የሚቻለው ሰው ሁሉ ቢኖር በእርሱ ነው።
29cbe8a9-9f71-59d7-a719-12c778e16bf3,c6cae1da-fb1a-529f-a8b0-96d628fec7ce,c2e7b310-02f0-5c2b-ac47-7b8a407f8f8c,1,1,አሁንም ልጆቼ፥ እላችኋለሁ፤ ጽድቅን ውደዱአት፤ በእርሷም ሂዱ፤ የጽድቅ መንገዶችን ይቀበሏቸው ዘንድ ይገባልና፤
c4de008d-2563-5541-a45f-1e9a38875510,c6cae1da-fb1a-529f-a8b0-96d628fec7ce,c2e7b310-02f0-5c2b-ac47-7b8a407f8f8c,2,2,የዐመፅ መንገዶችም ፈጥነው ይጠፋሉ፤ ያንሳሉም፤ ለታወቁ ሰዎችም ከልጅ ልጅ ጀምሮ የዐመፅና የሞት መንገዶች ይገለጣሉ፤ ከእነርሱም ይርቃሉ፤ አይከተሏቸውምም።
83289297-9b2c-5cba-a8b4-038aa14a2073,c6cae1da-fb1a-529f-a8b0-96d628fec7ce,c2e7b310-02f0-5c2b-ac47-7b8a407f8f8c,3,3,አሁንም ለእናንተ ለጻድቃን እላችኋለሁ፤ በክፉ መንገዶች አትሂዱ፤ በግፍዕና በሞት መንገድም አትሂዱ፤ እንዳትጠፉም ወደ እነርሱ አትቅረቡ፤ ነገር ግን የተመረጠች ጽድቅንና ሕይወትን ለእናንተ ፈልጉ፤ ምረጡም።
80bb730a-9085-5ffc-af3f-fcf2db98af90,c6cae1da-fb1a-529f-a8b0-96d628fec7ce,c2e7b310-02f0-5c2b-ac47-7b8a407f8f8c,4,4,በሰላም መንገዶችም ሂዱ፤ ትድናላችሁ፤ በተድላም ትኖራላችሁ፤ በልቡናችሁም ዐሳብ ትይዛላችሁ።
1dbfba9c-11bc-5a76-a6cd-91f0f6a32d6d,c6cae1da-fb1a-529f-a8b0-96d628fec7ce,c2e7b310-02f0-5c2b-ac47-7b8a407f8f8c,5,5,ክፉ ጥበብን ይሠሩ ዘንድ ኃጥኣን ሰዎችን እንደሚፈትኗቸው አውቃለሁና ነገሬ ከልቡናቸሁ አይጥፋ፤ ቦታም ሁሉ አይገኝላትም፤ መከራም ሁሉ አይጐድልም።
232330be-73f1-50f4-a8bb-5ec6a0e3dd0c,c6cae1da-fb1a-529f-a8b0-96d628fec7ce,c2e7b310-02f0-5c2b-ac47-7b8a407f8f8c,6,6,ዐመፅንና ግፍን ለሚያንጹ፥ ተንኰልንም ለሚሠሯት ሰዎች ወዮላቸው! እነርሱ ፈጥነው ይጠፋሉና፥ ሰላምም የላቸውምና።
351d2fa2-5ded-53d0-a496-2be25903aece,c6cae1da-fb1a-529f-a8b0-96d628fec7ce,c2e7b310-02f0-5c2b-ac47-7b8a407f8f8c,7,7,ቤታቸውን በኀጢአት ለሚሠሩ ሰዎች ወዮላቸው! ከመሠረታቸው ሁሉ ይጠፋሉና፥ በሰይፍም ይወድቃሉና፥ ወርቅንና ብርንም የሚሰበስቧት በፍርድ ፈጥነው ይጠፋሉና።
a497371f-36af-5803-a19d-12b5c8335b6f,c6cae1da-fb1a-529f-a8b0-96d628fec7ce,c2e7b310-02f0-5c2b-ac47-7b8a407f8f8c,8,8,እናንተ ባለጠጎች ወዮላችሁ! በባለጠግነታችሁ ላይ ታምናችኋልና፥ ከባለጠግነታችሁም ትለያላችሁና።
6c48d772-a14c-520b-ad40-16e76c3305cc,c6cae1da-fb1a-529f-a8b0-96d628fec7ce,c2e7b310-02f0-5c2b-ac47-7b8a407f8f8c,9,9,በባለጠግነታችሁ ወራት ልዑልን አላሰባችሁትምና፥ እናንተስ ስድብን፥ በደልንም ሠራችኋት፤ ደም ለሚፈስባት ቀንና ለጨለማዋ ቀን፥ ለታላቅዋ ፍርድ ቀንም የተዘጋጃችሁ ሆናችኋል።
464191f5-e84a-5c27-a88b-5feb873d1982,c6cae1da-fb1a-529f-a8b0-96d628fec7ce,c2e7b310-02f0-5c2b-ac47-7b8a407f8f8c,10,10,የፈጠራችሁ እንደሚያጠፋችሁ፥ በውድቀታችሁም ላይ ይቅርታው እንደማይደረግላችሁ እኔ እንደዚህ ብዬ እነግራችኋለሁ።
f49f3cb7-7371-5978-ae6e-73fd4178c13f,c6cae1da-fb1a-529f-a8b0-96d628fec7ce,c2e7b310-02f0-5c2b-ac47-7b8a407f8f8c,11,11,ፈጣሪያችሁም በጥፋታችሁ ደስ ይለዋል፤ የእናንተም ጻድቃን በእነዚያ ወራት ለዝንጉዎችና ለኃጥኣን መዘባበቻ ይሆናሉ።
8ed9f467-ab01-52c3-aaae-7941bdfb4e88,c6cae1da-fb1a-529f-a8b0-96d628fec7ce,c2e7b310-02f0-5c2b-ac47-7b8a407f8f8c,12,12,ዐይኖቼ ውኃን የቋጠሩ ደመናዎችን ይሆኑ ዘንድ፥ በእናንተም ላይ አለቅስ ዘንድ፥ ውኃንም እንደ ቋጠረ ደመና እንባዬን አፈስ ዘንድ፥ ከልቡናዬ ኀዘንም አርፍ ዘንድ ማን በሰጠኝ ነበር።
d34f8cc5-ab49-5ad6-a7ec-e5e7a46db187,c6cae1da-fb1a-529f-a8b0-96d628fec7ce,c2e7b310-02f0-5c2b-ac47-7b8a407f8f8c,13,13,ስድብንና ክፋትን ታደርጉ ዘንድ ማን ሰጣችሁ? እናንተን ኃጥኣንን ቍርጥ ፍርድ ያገኛችኋል።
00a28ad3-a8e9-5d21-acdb-6e8c06307e20,c6cae1da-fb1a-529f-a8b0-96d628fec7ce,c2e7b310-02f0-5c2b-ac47-7b8a407f8f8c,14,14,ጻድቃን ከኃጥኣን የተነሣ አትፍሩ፤ እንደ ወደዳችሁ በእነርሱ ላይ ፍርድን ታደርጉባቸው ዘንድ እግዚአብሔር ዳግመኛ በእጃችሁ ይጥላቸዋልና።
2a4261ff-e596-5b17-a05a-5313af3e8297,c6cae1da-fb1a-529f-a8b0-96d628fec7ce,c2e7b310-02f0-5c2b-ac47-7b8a407f8f8c,15,15,እንዳትፈቱ ሆናችሁ ግዝትን ለምትገዝቱ ለእናንተ ወዮላችሁ! ስለ ኀጢአታችሁም ድኅነት ከእናንተ ራቀ።
c8f153ad-da7c-58d7-a1e5-99246abdb278,c6cae1da-fb1a-529f-a8b0-96d628fec7ce,c2e7b310-02f0-5c2b-ac47-7b8a407f8f8c,16,16,ለባልንጀራችሁ ክፉ ምላሽ ለምትመልሱ ለእናንተ ወዮላችሁ! እንደ ሥራችሁ መጠን ፍዳውን ትቀበላላችሁና።
4a750edd-cc37-5a83-a30b-06e3eb52e835,c6cae1da-fb1a-529f-a8b0-96d628fec7ce,c2e7b310-02f0-5c2b-ac47-7b8a407f8f8c,17,17,ሐሰት ለምትመሰክሩ፥ ለበደልም ለምትገቧት ለእናንተ ወዮላችሁ! ፈጥናችሁ ትጠፋላችሁና።
83ead9d2-7c3b-595f-aa16-819f9599b782,c6cae1da-fb1a-529f-a8b0-96d628fec7ce,c2e7b310-02f0-5c2b-ac47-7b8a407f8f8c,18,18,እናንተ ኃጥኣን፥ ወዮላችሁ! ጻድቃንን ታሳድዱአቸዋላችሁና፥ እናንተም በእነርሱ እጅ ትወድቃላችሁና፥ ከዐመፅም የተነሣ ትሰደዳላችሁና፥ የእነርሱም ቀንበር በእናንተ ይጸናልና።
b0ecd46e-97b8-5209-ac27-0cf1f666f92d,c6cae1da-fb1a-529f-a8b0-96d628fec7ce,c2e7b310-02f0-5c2b-ac47-7b8a407f8f8c,19,19,ጻድቃን፥ ይህን ተስፋ አድርጉ፤ ኃጥኣን ከፊታችሁ ፈጥነው ይጠፋሉና፥ እንደ ወደዳችሁም ሥልጣን በእነርሱ ላይ ይሆንላችኋልና።
6a83b9d9-ce83-5c48-a940-c959d3c80d96,c6cae1da-fb1a-529f-a8b0-96d628fec7ce,c2e7b310-02f0-5c2b-ac47-7b8a407f8f8c,20,20,ኃጥኣንም መከራ በሚቀበሉበት ቀን የእናንተ ልጆች እንደ አሞሮች ከፍ ከፍ ይላሉ፤ ይነሣሉ።
7b9d395e-e24e-524a-abd3-f0e180f8934c,c6cae1da-fb1a-529f-a8b0-96d628fec7ce,c2e7b310-02f0-5c2b-ac47-7b8a407f8f8c,21,21,ማረፊያችሁም ከጥንብ አሞራ ቦታ ይልቅ ይርቃል፤ ወጥታችሁም ከዐመፀኞች ፊት የተነሣ ወደ ጕድጓድና ወደ ዐለቱ ንቃቃት እንደ ሽኮኮ ለዘለዓለም ትገባላችሁ።
9ba60b5a-0531-5cf8-a1cc-4a7aab07bdf4,c6cae1da-fb1a-529f-a8b0-96d628fec7ce,c2e7b310-02f0-5c2b-ac47-7b8a407f8f8c,22,22,በእናንተም ላይ ይጮኻሉ፤ ይህ ኀጢአታችሁ በእናንተ ምስክር ይሆንባችኋል እንጂ እናንተ እንደ እነርሱ አትሆኑም፤ ከኃጥኣንም ጋር አንድ ሆናችሁ፤ እንደ ሄለይም ያለቅሳሉ።
99a001e2-8fdd-5ca4-a6d4-fd9476b3926d,c6cae1da-fb1a-529f-a8b0-96d628fec7ce,c2e7b310-02f0-5c2b-ac47-7b8a407f8f8c,23,23,መከራን የምትቀበሉ እናንተ ግን አትፍሩ፤ ድኅነት ይሆንላችኋልና፥ የበራ ብርሃንም ለእናንተ ያበራላችኋልና፥ ከሰማይም የዕረፍት ቃልን ትሰማላችሁና።
8907b107-d17d-582f-ab6b-ba7a398bd9bb,c6cae1da-fb1a-529f-a8b0-96d628fec7ce,c2e7b310-02f0-5c2b-ac47-7b8a407f8f8c,24,24,ኃጥኣን ወዮላችሁ! ባለጸግነታችሁ ጻድቃንን ያስመስላችኋልና፥ ልቡናችሁም ኃጥኣን እንደ ሆናችሁ ይዘልፋችኋልና።
4c1f705f-c0f0-5e5d-a27b-1a8c92179c0e,c6cae1da-fb1a-529f-a8b0-96d628fec7ce,c2e7b310-02f0-5c2b-ac47-7b8a407f8f8c,25,25,ይህም ነገር ለክፋታችሁ መታሰቢያ በእናንተ ላይ ምስክር ይሆናል።
ce8b42b5-e321-585a-abcb-878adebd7428,c6cae1da-fb1a-529f-a8b0-96d628fec7ce,c2e7b310-02f0-5c2b-ac47-7b8a407f8f8c,26,26,የስንዴውን ፍሬ የምትበሉ፥ ከምንጩም መነሻ ኀይልን የምትጠጡ፥ የተዋረዱትንም በኀይላችሁ የምትረጋግጧቸው ወዮላችሁ!
836355a6-a082-5912-afc4-e68af78570a8,c6cae1da-fb1a-529f-a8b0-96d628fec7ce,c2e7b310-02f0-5c2b-ac47-7b8a407f8f8c,27,27,ሁልጊዜ ውኃን የምትጠጡ ወዮላችሁ! ፍዳን ፈጥናችሁ ትቀበላላችሁና፥ የሕይወትንም ምንጭ ትታችኋልና ፈጽማችሁ ትጠፋላቸሁ።
2824cb4c-f8c9-5b56-ad6f-3f44fa133329,c6cae1da-fb1a-529f-a8b0-96d628fec7ce,c2e7b310-02f0-5c2b-ac47-7b8a407f8f8c,28,28,ዐመፅንና ሽንገላን፥ ፅርፈትንም የምትሠሩ ወዮላችሁ! ይህም በእናንተ ላይ ለክፋት መታሰቢያ ይሆናል።
d3cff715-0bc3-526c-a1d5-9fb2987e78be,c6cae1da-fb1a-529f-a8b0-96d628fec7ce,c2e7b310-02f0-5c2b-ac47-7b8a407f8f8c,29,29,ጻድቁን በኀይል የምትቀጠቅጡት ኀያላን ወዮላችሁ! የጥፋታችሁ ቀን ትመጣለችና።
893dc79b-8a12-5dbb-a2d9-1b9a5ce7d731,c6cae1da-fb1a-529f-a8b0-96d628fec7ce,c2e7b310-02f0-5c2b-ac47-7b8a407f8f8c,30,30,በእነዚያም ወራቶች በፍርዳችሁ ቀን ብዙዎችና ደጎች ወራቶች ለጻድቃን ይመጣሉ።
ec7ba67a-af1b-545d-a789-183b0c62bb69,48e95239-113d-52e1-a8e6-7e15fe015235,66c5ca1d-a017-5625-afec-fb908606b4d9,1,1,ጻድቃን፥ እመኑ፤ ኃጥኣን ለስድብ ይሆናሉና፥ በዐመፅም ቀን ይጠፋሉና።
aefff7cc-7a54-5930-a475-519d6f29f875,48e95239-113d-52e1-a8e6-7e15fe015235,66c5ca1d-a017-5625-afec-fb908606b4d9,2,2,ልዑል የእናንተን ጥፋት ያስባልና፥ መላእክትም በሰማይ በእናንተ ጥፋት ላይ ደስ ይላቸዋልና ይህ የታወቀ ይሆንላችኋል።
d2221608-2d48-51f6-a120-46c701b5c960,48e95239-113d-52e1-a8e6-7e15fe015235,66c5ca1d-a017-5625-afec-fb908606b4d9,3,3,ኃጥኣን፥ ምን ታደርጉ ዘንድ አላችሁ? የጻድቃን የጸሎታቸውን ቃል በምትሰሙበት ጊዜ በዚያች የፍርድ ቀን ወዴት ትሸሻላችሁ?
dc400255-8dff-5c32-a34c-35f259801e50,48e95239-113d-52e1-a8e6-7e15fe015235,66c5ca1d-a017-5625-afec-fb908606b4d9,4,4,በእነዚያም ወራቶች የቅዱሳን ጸሎት ወደ እግዚአብሔር ትደርሳለች፥ በእናንተ ግን የቅጣታችሁ ወራት ይደርስባችኋል።
b9bbdbd2-6cd1-5812-aed0-7f726243e34a,48e95239-113d-52e1-a8e6-7e15fe015235,66c5ca1d-a017-5625-afec-fb908606b4d9,5,5,የዐመፃችሁም ነገር ሁሉ በገናናውና በቅዱሱ ፊት ይነበባል፤ ፊታችሁም ያፍራል፤ በዐመፅ የጸና ሥራ ሁሉ ይጣላል።
22a02d02-4731-56a6-a574-c64512803459,48e95239-113d-52e1-a8e6-7e15fe015235,66c5ca1d-a017-5625-afec-fb908606b4d9,6,6,በባሕርና በየብስ መካከል ያላችሁ፥ ክፉ መታሰቢያችሁም በላያችሁ ያለባችሁ ኃጥኣን ወዮላችሁ!
f6414ebf-0a22-5084-ad66-8b7df4191679,48e95239-113d-52e1-a8e6-7e15fe015235,66c5ca1d-a017-5625-afec-fb908606b4d9,7,7,በእውነት ያይደለ ብርንና ወርቅን የምትሰበስቡ፥ ባለጸግነትን በለጸግን፤ ገንዘብም በዛልን፤ የወደድነውንም ሁሉ ገንዘብ አደረግን የምትሉ እናንተ፥ ወዮላችሁ!
724b7cac-c01d-5b22-aa3a-a60eef5c593e,48e95239-113d-52e1-a8e6-7e15fe015235,66c5ca1d-a017-5625-afec-fb908606b4d9,8,8,ብሩን ሰብስበን በሳጥኖቻችን መልተናልና፥ በቤታችንም ያሉ አራሾች እንደ ውኃ በዝተውልናልና አሁን ያሰብነውን እናድርግ የምትሉ እናንተ ወዮላችሁ!
4e658b97-41f5-5987-a515-b4c7c36da985,48e95239-113d-52e1-a8e6-7e15fe015235,66c5ca1d-a017-5625-afec-fb908606b4d9,9,9,ሐሰታችሁ እንደ ውኃ ይፈስሳል፤ ባለጠግነታችሁ አይኖርላችሁምና፤ ነገር ግን ከእናንተ ፈጥኖ ይጠፋል። ሁሉን በዐመፅ ሰብስባችሁታልና።
90754d6b-bcee-5e0a-aad2-cc82f64ed87a,48e95239-113d-52e1-a8e6-7e15fe015235,66c5ca1d-a017-5625-afec-fb908606b4d9,10,10,እናንተም ለታላቅ ርግማን ትሰጣላችሁ።
ab2a89fd-3cce-54da-a13d-89773d299fa2,48e95239-113d-52e1-a8e6-7e15fe015235,66c5ca1d-a017-5625-afec-fb908606b4d9,11,11,ዛሬም እኔ ለብልሆችና ለሰነፎች እምልላችኋለሁ፤ በምድር ላይ ብዙ ነገርን ታያላችሁና።
42728f0c-a6db-50bd-ac10-75fb47d726fe,48e95239-113d-52e1-a8e6-7e15fe015235,66c5ca1d-a017-5625-afec-fb908606b4d9,12,12,እናንተ ወንዶቹ ከሴቶች ይልቅ ጌጥን ታጌጣላችሁና፥ ይልቁንም ከድንግሊቱ ይልቅ ብዙ መልክ ያለውን ጌጥ ታደርጋላችሁና።
88982a9a-598e-5031-ade7-5c817289d2fc,48e95239-113d-52e1-a8e6-7e15fe015235,66c5ca1d-a017-5625-afec-fb908606b4d9,13,13,በመንግሥትና በገናናነት፥ በሥልጣንም፥ በብርና በወርቅ፥ በነጭ ሐርም፥ በክብርም ታጌጣላችሁ።
bc7957b5-7b12-5280-a667-4fe0915d0e23,48e95239-113d-52e1-a8e6-7e15fe015235,66c5ca1d-a017-5625-afec-fb908606b4d9,14,14,መብሎችም እንደ ውኃ ይፈስሳሉ፤ ስለዚህም ትምህርትና ጥበብ የላቸውም።
70297efb-4a8b-569b-a316-d2bce36065ad,48e95239-113d-52e1-a8e6-7e15fe015235,66c5ca1d-a017-5625-afec-fb908606b4d9,15,15,በዚያም ከገንዘባቸውና ከጌትነታቸው፥ ከክብራቸውም ሁሉ ጋር አንድ ሆነው ይጠፋሉ።
3d7a335a-0ba3-5d85-a553-e7efb2d2fc8f,48e95239-113d-52e1-a8e6-7e15fe015235,66c5ca1d-a017-5625-afec-fb908606b4d9,16,16,በስድብና በችጋር፥ በታላቅ በቀልም ነፍሳቸው ወደ እሳት ጕድጓድ ትወድቃለች።
9f3429bb-3c04-5f28-acaa-227990adca17,48e95239-113d-52e1-a8e6-7e15fe015235,66c5ca1d-a017-5625-afec-fb908606b4d9,17,17,ኃጥኣን፥ ተራራው ወንድ ባሪያ እንዳልነበረ፥ እንግዲህም ወዲህ እንደማይሆን፥ ኮረብታም ለሴት ሴት ባሪያ እንዳይደለች ለእናንተ ማልሁላችሁ።
5d09072b-7443-55ec-a9ba-7e34b47aa27f,48e95239-113d-52e1-a8e6-7e15fe015235,66c5ca1d-a017-5625-afec-fb908606b4d9,18,18,እንደዚሁም ኀጢአት በምድር ላይ አልተላከችም፤ ነገር ግን ሰዎች ከራሳቸው ፈጠሩአት፤ እርሷንም የሠሯት ሰዎች ለታላቅ መርገም ይሆናሉ።
e74cd0c0-e6ec-50af-a3be-48d92bdb5a13,48e95239-113d-52e1-a8e6-7e15fe015235,66c5ca1d-a017-5625-afec-fb908606b4d9,19,19,ለሴትም ምክነት አልተሰጣትም፤ ነገር ግን በእጅዋ በሠራችው ሥራ ልጅ ሳትወልድ ትሞታለች።
c62025ce-f30f-593c-a391-8d0dd9280fad,48e95239-113d-52e1-a8e6-7e15fe015235,66c5ca1d-a017-5625-afec-fb908606b4d9,20,20,ኃጥኣን፥ በቅዱሱና በገናናው ማልሁላችሁ፤ ክፉ ሥራችሁ ሁሉ በሰማያት የተገለጠ ነውና፥ የተከደነና የተሰወረ የግፍ ሥራም የላችሁምና።
3895a080-161a-58dc-aef5-26ec9be5d6eb,48e95239-113d-52e1-a8e6-7e15fe015235,66c5ca1d-a017-5625-afec-fb908606b4d9,21,21,በመንፈሳችሁ አታስመስሉ፤ በሰማይም በልዑል ፊት በየቀኑ ይጻፍ ዘንድ ያለውን ኀጢአታችሁን ሁሉ እንደማታውቁና እንደማታዩ በልቡናችሁ አትናገሩ።
187f798f-66e1-5208-a652-24d8813a654c,48e95239-113d-52e1-a8e6-7e15fe015235,66c5ca1d-a017-5625-afec-fb908606b4d9,22,22,የምትሠሩትም ግፍ ሁሉ በየቀኑ እስከ ፍርዳችሁ ቀን ይጻፋልና ከዛሬ ጀምሮ ታውቃላችሁ።
b9060543-7111-5b7d-a8a1-37fb2cd81b16,48e95239-113d-52e1-a8e6-7e15fe015235,66c5ca1d-a017-5625-afec-fb908606b4d9,23,23,ሰነፎች፥ ወዮላችሁ! በስንፍናችሁ ትጠፋላችሁና፥ ጠቢባንንም አትሰሟቸውምና፥ በጎ ነገርም አታገኛችሁምና።
9a3ca38d-592e-5763-a47e-30e1208447c4,48e95239-113d-52e1-a8e6-7e15fe015235,66c5ca1d-a017-5625-afec-fb908606b4d9,24,24,አሁንም ለጥፋት ቀን የተዘጋጃችሁ እንደ ሆናችሁ ዕወቁ፥ ኃጥኣን ተፈርዶባችሁ ትሄዳላችሁ እንጂ እንድናለን ብላችሁ ተስፋ አታድርጉ።
1a94c61c-19b2-504a-a21c-4dffc371fa52,48e95239-113d-52e1-a8e6-7e15fe015235,66c5ca1d-a017-5625-afec-fb908606b4d9,25,25,መድንን አታውቁምና ትሞታላችሁ። በነፍሳችሁ ለታላቅዋ የፍርድ ቀን፥ ለታላቅዋ የመከራና የጕስቍልና ቀንም ተዘጋጅታችኋልና።
b314a1b5-d465-5b17-aeb9-290223ecd9c5,48e95239-113d-52e1-a8e6-7e15fe015235,66c5ca1d-a017-5625-afec-fb908606b4d9,26,26,ክፉ ሥራን የምትሠሩ፥ ብርንዶንም የምትበሉ ልበ ደንዳኖች ወዮላችሁ! በልታችሁና ጠጥታችሁ የምትጠግቡትን መልካሙን ነገር ከየት አገኛችሁ? ልዑል እግዚአብሔር በምድር ላይ ካበዛው መልካም ሁሉ አይደለምን? ነገር ግን ሰላም የላችሁም።
9e00ba23-7440-5fe9-a37d-3f17286e6961,48e95239-113d-52e1-a8e6-7e15fe015235,66c5ca1d-a017-5625-afec-fb908606b4d9,27,27,የዐመፅን ሥራ የምትወዷት ወዮላችሁ! በጎዋን ነገር ለእናንተ ለምን ተስፋ ታደርጋላችሁ?
824dca12-1397-5a10-a432-58e79ed5bf2b,48e95239-113d-52e1-a8e6-7e15fe015235,66c5ca1d-a017-5625-afec-fb908606b4d9,28,28,በጻድቃንም እጆች ተላልፋችሁ ትሰጡ ዘንድ እንዳላችሁ ዕወቁ፤ አንገቶቻችሁንም ቈርጠው ይገድሏችኋል፤ አይራሩላችሁምም።
687b95bc-4b08-56a4-a5e8-cbe0cf6a8f39,48e95239-113d-52e1-a8e6-7e15fe015235,66c5ca1d-a017-5625-afec-fb908606b4d9,29,29,በጻድቃን መከራ ደስ የሚላችሁ ወዮላችሁ! ለእናንተ መቃብር አይቈፈርላችሁምና።
bc234d49-76b2-52ee-a2f0-11a42fb65edc,48e95239-113d-52e1-a8e6-7e15fe015235,66c5ca1d-a017-5625-afec-fb908606b4d9,30,30,የጻድቃንን ነገር የምትንቁ ወዮላችሁ! የሕይወት ተስፋ አይሆንላችሁምና።
dfcf1f78-03c1-5c76-ac88-e46ded156d45,48e95239-113d-52e1-a8e6-7e15fe015235,66c5ca1d-a017-5625-afec-fb908606b4d9,31,31,ሐሰት ነገርንና የዝንጉዎችን ነገር የምትጽፉ ወዮላችሁ! እነርሱ ስንፍናን እንዲሰሟትና እንዳይዘነጓት ሐሰታቸውን ይጽፋሉና።
c76f403b-9348-5cb3-afa3-3711c899755d,48e95239-113d-52e1-a8e6-7e15fe015235,66c5ca1d-a017-5625-afec-fb908606b4d9,32,32,ሰላምም አይሆንላቸውም፤ ነገር ግን ሳይዘገዩ ፈጥነው ሞትን ይሞታሉ።
4b3942f2-4513-50b8-ae5f-d0a7bd95395f,48e95239-113d-52e1-a8e6-7e15fe015235,66c5ca1d-a017-5625-afec-fb908606b4d9,33,33,ኀጢአትን የምትሠሩ፥ የሐሰትን ነገር የምታመሰግኑና የምታከብሩም ወዮላችሁ! በዚሁም ጠፋችሁ፤ ሕይወትና በጎ ነገርም የላችሁም።
35f24b27-9625-5b1b-a4c9-ff473c4e436b,48e95239-113d-52e1-a8e6-7e15fe015235,66c5ca1d-a017-5625-afec-fb908606b4d9,34,34,የቅን ፍርድ ነገሮችን የሚለዋውጡ ወዮላቸው! የዘለዓለም ሥርዐትንም ይለውጣሉ፤ ራሳቸውንም ኀጢአተኞች እንዳልሆኑ የሚያደርጉ በምድር ላይ ይረገጡ ዘንድ አላቸው።
7443a1aa-d76a-583a-a1fa-067bafcbfd1e,5f19f4fe-e150-50ff-af26-9633d88c512e,75ec6a26-ce78-553b-a0e2-d0666ccc5cc5,1,1,ጻድቃን፥ በእነዚያ ወራቶች ለመታሰቢያ ጸሎታችሁን ትቀበሉ ዘንድ ተዘጋጁ።
0b034c0a-0b54-503a-a9c4-340dfe8946db,5f19f4fe-e150-50ff-af26-9633d88c512e,75ec6a26-ce78-553b-a0e2-d0666ccc5cc5,2,2,ኃጥኣን በልዑል ፊት ኀጢአትን ለመታሰቢያ እንደሚያኖሩት እናንተም በመላእክት ፊት ምስክሮች አድርጋችሁ አኑሯቸው።
aa73cdfc-b1fc-5577-a994-eb93f0dd813f,5f19f4fe-e150-50ff-af26-9633d88c512e,75ec6a26-ce78-553b-a0e2-d0666ccc5cc5,3,3,በእነዚያም ወራቶች አሕዛብ ይታወካሉ ፥ በጥፋትም ቀን የአሕዛብ ዘመዶች ይነሣሉ።
7f76d89b-461b-5aca-a44c-18814eef9d74,5f19f4fe-e150-50ff-af26-9633d88c512e,75ec6a26-ce78-553b-a0e2-d0666ccc5cc5,4,4,በእነዚያም ወራቶች የተቸገሩ ይወጣሉ፤ ልጆቻቸውንም ይነጥቃሉ፥ ልጆቻቸውንም ይጥሏቸዋል።
101df353-8311-5015-ad2e-adcf4ee55324,5f19f4fe-e150-50ff-af26-9633d88c512e,75ec6a26-ce78-553b-a0e2-d0666ccc5cc5,5,5,ከእነርሱም ልጆቻቸውን ያስወርዳሉ፤ እየጠቡም ሳሉ ልጆቻቸውን ይጥሏቸዋል።
2ba258f6-4a73-5370-a672-ca5d81ffe171,5f19f4fe-e150-50ff-af26-9633d88c512e,75ec6a26-ce78-553b-a0e2-d0666ccc5cc5,6,6,ወደ እነርሱም አይመለሱም፥ ለሚወዷቸውም አይራሩላቸውም።
0eb2569a-b691-5bda-a6c6-b0669f0ac431,5f19f4fe-e150-50ff-af26-9633d88c512e,75ec6a26-ce78-553b-a0e2-d0666ccc5cc5,7,7,ዳግመኛም ለእናንተ ለኃጥኣን እኔ እምልላችኋለሁ፥ የማይገታ ደም ለሚፈስባት ቀን ኀጢአት ተዘጋጅታለችና።
230c1462-6d5a-51a8-a464-c45f0525f267,5f19f4fe-e150-50ff-af26-9633d88c512e,75ec6a26-ce78-553b-a0e2-d0666ccc5cc5,8,8,ለድንጋይም ይሰግዳሉ፥ የወርቁንና የብሩን፥ የእንጨቱንና የሸክላውን ምስልም ይሠራሉ።
0fbe6922-bae5-5d32-a18c-76232edbc8a2,5f19f4fe-e150-50ff-af26-9633d88c512e,75ec6a26-ce78-553b-a0e2-d0666ccc5cc5,9,9,ለረከሱ መናፍስትና ለክፉዎች አጋንንት፥ ለጣዖቱም ሁሉ፥ ለመስገጃውም ሁሉ ይሰግዳሉ።
9641343b-7fb3-5d2b-a7fd-66f4484d69ca,5f19f4fe-e150-50ff-af26-9633d88c512e,75ec6a26-ce78-553b-a0e2-d0666ccc5cc5,10,10,ከእነርሱም ረድኤት ሁሉ አይገኝም፤ ስለ ልቡናቸውም ድንቍርና ይዘነጋሉ፥ በልቡናቸው ፍርሀትም ዐይኖቻቸው ይጋረዳሉ።
db1dc96a-4ae7-5a3c-acd4-959ac4284506,5f19f4fe-e150-50ff-af26-9633d88c512e,75ec6a26-ce78-553b-a0e2-d0666ccc5cc5,11,11,ሕልማቸውንም በማየት ይረሳሉ፥ ይፈራሉም፤ ሥራቸውን ሁሉ በሐሰት ሠርተዋልና፥ ለድንጋዩም ሰግደዋልና፥ ፈጥነውም ይጠፋሉና።
e756b236-c5ef-5e35-afd9-c763d73551df,5f19f4fe-e150-50ff-af26-9633d88c512e,75ec6a26-ce78-553b-a0e2-d0666ccc5cc5,12,12,በእነዚያም ወራቶች የጥበብን ነገር የሚቀበሉና የሚያውቋት ሁሉ ብፁዓን ናቸው።
f2ede3cf-cf4b-5f2d-a4db-2fb53e71c27e,5f19f4fe-e150-50ff-af26-9633d88c512e,75ec6a26-ce78-553b-a0e2-d0666ccc5cc5,13,13,የልዑልንም ሥራዎች ይሠሯቸዋል፥ በጽድቅም መንገድ ይሄዳሉ። እነርሱ ይድናሉና ከሚዘነጉ ሰዎች ጋር አይዘነጉም።
aaeeee22-1efc-5131-aa67-0e2873eddf77,5f19f4fe-e150-50ff-af26-9633d88c512e,75ec6a26-ce78-553b-a0e2-d0666ccc5cc5,14,14,ለወንድማችሁ ክፉውን የምትዘረጉ ወዮላችሁ! በሲኦል ትጠፋላችሁና።
a566fa36-5f4b-502c-a21e-b35eb28926f2,5f19f4fe-e150-50ff-af26-9633d88c512e,75ec6a26-ce78-553b-a0e2-d0666ccc5cc5,15,15,የኀጢአትንና የተንኰልን መሠረት የምትሠሩ፥ በምድርም ላይ የምታሳዝኑ ወዮላችሁ! በእርሱ ትጠፋላችሁና።
f3a844d3-1ce0-5226-af2f-0bc8bd380d34,5f19f4fe-e150-50ff-af26-9633d88c512e,75ec6a26-ce78-553b-a0e2-d0666ccc5cc5,16,16,በባዕድ ገንዘብ ቤታችሁን የምትሠሩ ወዮላችሁ! ሥራቸውም ሁሉ ጡብ ነው፥ የኀጢአትም ድንጋይ ነው፤ ሰላም እንደሌላችሁም እኔ እነግራችኋለሁ።
a2407bec-7c05-5435-a270-04916cba3e90,5f19f4fe-e150-50ff-af26-9633d88c512e,75ec6a26-ce78-553b-a0e2-d0666ccc5cc5,17,17,ለዘለዓለም የሚኖር የአባቶቻቸውን ድንበርና ርስት ለሚያፈርሱ ወዮላቸው! ለእነርሱም ዕረፍት አይደረግላቸውምና ልቡናቸውን ወደ ጣዖቱ ይወስዱታል።
4558d848-accc-55af-adb1-fb6a3c9be72e,5f19f4fe-e150-50ff-af26-9633d88c512e,75ec6a26-ce78-553b-a0e2-d0666ccc5cc5,18,18,ዐመፅን የምትሠሯትና ግፍን የምትረዷት፥ እስከ ታላቋ የፍርድ ቀንም ድረስ ባልንጀሮቻችሁን የምትገድሉ፥ ወዮላችሁ! ክብራችሁን ይጥላልና፤ በልቡናችሁም ክፋትን ይጨምራልና።
e0b88b46-ff56-550e-abc2-8429bf3b6ada,5f19f4fe-e150-50ff-af26-9633d88c512e,75ec6a26-ce78-553b-a0e2-d0666ccc5cc5,19,19,ሁላችሁንም በሰይፍ ያጠፋችሁ ዘንድ የቍጣውን መንፈስ ያስነሣል፥ ቅዱሳንና ጻድቃን ሁሉም ኀጢአታችሁን ያስባሉ።
f56e6f44-efbb-5cbb-a238-05524baca874,5f19f4fe-e150-50ff-af26-9633d88c512e,75ec6a26-ce78-553b-a0e2-d0666ccc5cc5,20,20,በእነዚያም ወራቶች አባቶች ከልጆቻቸው ጋር በአንድ ቦታ ይገደላሉ፤
f29a71a9-dd6d-562d-a79d-f2057b59635d,5f19f4fe-e150-50ff-af26-9633d88c512e,75ec6a26-ce78-553b-a0e2-d0666ccc5cc5,21,21,ወንድሞች ከወንድሞቻቸው ጋር ደማቸው እንደ ፈሳሽ ውኃ እስኪፈስስ ድረስ በሞት ይወድቃሉ። ሰው ከልጁና ከልጅ ልጁ ይገድለው ዘንድ በመራራት እጁን አይከለክልምና።
70dbb501-9e5e-5f8b-afba-43b841ae47ab,5f19f4fe-e150-50ff-af26-9633d88c512e,75ec6a26-ce78-553b-a0e2-d0666ccc5cc5,22,22,ኀጢአተኛውም ከከበረ ወንድሙ እጁን አይከለክልም፥ ከንጋትም ጀምሮ ፀሐይ እስኪገባ ድረስ ይዋጋሉ።
f7725094-4f1b-5e60-ae70-5c09c9c280d8,5f19f4fe-e150-50ff-af26-9633d88c512e,75ec6a26-ce78-553b-a0e2-d0666ccc5cc5,23,23,ፈረስም በኃጥኣን ደም ውስጥ እስከ እምቢያጕሱ ድረስ ይሄዳል፥ ሠረገላም እስከ ራሷ ድረስ ትሰጥማለች።
7bd0c787-39b5-5997-ad3c-3b179291412e,5f19f4fe-e150-50ff-af26-9633d88c512e,75ec6a26-ce78-553b-a0e2-d0666ccc5cc5,24,24,በእነዚያም ወራቶች መላእክት ወደሚሰወሩበት ቦታ ይወርዳሉ።
8880ad5f-0cb0-5234-a801-620a2634092a,5f19f4fe-e150-50ff-af26-9633d88c512e,75ec6a26-ce78-553b-a0e2-d0666ccc5cc5,25,25,ኀጢአትን የሚረዷትንም ሁሉ ወደ አንድ ቦታ ይመልሷቸዋል።
90662d38-ee84-5a7e-a46e-93351a9a5c8a,5f19f4fe-e150-50ff-af26-9633d88c512e,75ec6a26-ce78-553b-a0e2-d0666ccc5cc5,26,26,ልዑልም በኃጥኣን ሁሉ ታላቅ ፍርድ ይፈርድ ዘንድ በዚያች ቀን ይነሣል።
bb0e59e4-f48b-57d6-a373-ba3abe580d46,5f19f4fe-e150-50ff-af26-9633d88c512e,75ec6a26-ce78-553b-a0e2-d0666ccc5cc5,27,27,ከቅዱሳን መላእክትም በቅዱሳንና በጻድቃን ላይ ጠባቂዎችን ይሰጣል፥ እነርሱም ክፋት ሁሉ፥ ኀጢአትም ሁሉ ጨርሶ እስኪጠፋ ድረስ እንደ ዐይን ብሌን ይጠብቋቸዋል።
3206c182-ca7a-558a-aa34-4bd7db099878,5f19f4fe-e150-50ff-af26-9633d88c512e,75ec6a26-ce78-553b-a0e2-d0666ccc5cc5,28,28,ጻድቃን ረዥም እንቅልፍን ቢተኙም የሚፈሩት ነገር የላቸውም።
4067bcab-32ea-5ed4-aa48-2fbeeb1678b3,5f19f4fe-e150-50ff-af26-9633d88c512e,75ec6a26-ce78-553b-a0e2-d0666ccc5cc5,29,29,ጠቢባን እውነተኛ ነገርን ያያሉ፤ የዚህ ዓለም ልጆችም የዚችን መጽሐፍ ነገር ሁሉ ያስተውላሉ፥ ባለጸግነታቸውም በኀጢአታቸው በሚወድቁበት ጊዜ ሊያድናቸው እንደማይችል ያውቃሉ።
82cb1a68-3fc1-5034-a851-fc6de89d001f,5f19f4fe-e150-50ff-af26-9633d88c512e,75ec6a26-ce78-553b-a0e2-d0666ccc5cc5,30,30,ኃጥኣን፥ በጽኑ መከራ ቀን ጻድቃንን በምታስጨንቋቸው ጊዜ ወዮላችሁ! በእሳትም ታቃጥሏቸዋላችሁ፥ እናንተም እንደ ሥራችሁ ፍዳውን ትቀበላላችሁ።
b746b296-4110-54d7-ae96-4d34912faea8,5f19f4fe-e150-50ff-af26-9633d88c512e,75ec6a26-ce78-553b-a0e2-d0666ccc5cc5,31,31,ክፉውን ነገር ልብ ታደርጉ ዘንድ የምትተጉ ልበ ግልብጦች ወዮላችሁ! ፍራትም ያገኛችሁ ዘንድ አላችሁ፥ የሚረዳችሁም የለም።
98d8775c-122a-5d4f-a278-0eae7c8cb975,5f19f4fe-e150-50ff-af26-9633d88c512e,75ec6a26-ce78-553b-a0e2-d0666ccc5cc5,32,32,ኃጥኣን፥ ወዮላችሁ! በአፋችሁ ነገር ላይና ሥራን በዘነጋችሁባቸው በእጆቻችሁ ሥራ ላይ በእሳት ወላፈን ትቃጠላላችሁና።
0ece1db0-764a-5e13-a557-72f6e85d1cc4,5f19f4fe-e150-50ff-af26-9633d88c512e,75ec6a26-ce78-553b-a0e2-d0666ccc5cc5,33,33,አሁንም ዕወቁ፥ መላእክት በሰማይ ከፀሐይና ከጨረቃ፥ ከከዋክብትም የተነሣ ስለ ኀጢአታችሁ ሥራችሁን ይመራመራሉና።
48086255-bdd3-51d2-a67e-d706c043aed0,5f19f4fe-e150-50ff-af26-9633d88c512e,75ec6a26-ce78-553b-a0e2-d0666ccc5cc5,34,34,በምድር ላይ በጻድቃን ዘንድ ፍርድን ታደርጉባቸዋላችሁና ደመናውንና ጉሙን ሁሉ፥ ጠሉንና ዝናቡንም በእናንተ ያዳኝባችኋል፤ ወደ እናንተ እንዳይወርዱ ሁሉ ከእናንተ ይከለከላሉና፥ በኀጢአታችሁም አያስቡምና።
2654fa74-dec3-50b9-a99b-715cf44968de,5f19f4fe-e150-50ff-af26-9633d88c512e,75ec6a26-ce78-553b-a0e2-d0666ccc5cc5,35,35,አሁንም ዝናብ ወደ እናንተ መውረድን እንዳይከለከል፥ ጠልም ከእናንተ ወርቅንና ብርን ተቀብሎ እንዲወርድ ለዝናም እጅ መንሻን ስጡ።
f62652a4-8343-5ec0-ae3a-d779e2700f13,5f19f4fe-e150-50ff-af26-9633d88c512e,75ec6a26-ce78-553b-a0e2-d0666ccc5cc5,36,36,ውርጭና ዐመዳይ፥ የእነርሱም ቅዝቃዜ፥ የዐመዳይ ነፋሳትም ሁሉ፥ የእነርሱም ጭንቅ ሁሉ ቢወድቁባችሁ በእነዚያ ወራቶች በፊታቸው መቆም አይቻላችሁም።
7e8fcd6d-e47d-58d0-a1b0-ac3272fa9011,7ae07aba-8e92-59a7-a623-36b2105471e9,6051322e-5536-5b3f-a700-b2e1841a4312,1,1,የሰማይ ልጆች ሁሉ፥ ሰማይን ተረዷት፥ የልዑልንም ሥራ ሁሉ ተረዱ፤ ከእርሱም የተነሣ ፍሩ፤ በፊቱም ክፉ ነገርን አትሥሩ፤ ከእነርሱ የተነሣ ፍሩ።
7b8c595f-50d4-59e7-aa1d-91eafbfcaf73,7ae07aba-8e92-59a7-a623-36b2105471e9,6051322e-5536-5b3f-a700-b2e1841a4312,2,2,የሰማይ ደጃፍን ቢዘጋ፥ ዝናቡንና ጠሉንም በምድር ላይ እንዳይወርድ በእናንተ ምክንያት ቢከለክል ምን ታደርጉ ዘንድ አላችሁ?
7f6d0faf-db1f-5914-ac48-13f809ef569a,7ae07aba-8e92-59a7-a623-36b2105471e9,6051322e-5536-5b3f-a700-b2e1841a4312,3,3,መዓቱንም በእናንተ ላይና በሥራችሁ ሁሉ ላይ ቢልክ እርሱን እናንተ የምትማልዱት አይደላችሁምን?
45777a9e-fc18-5e1f-a4f4-e07a35f9148b,7ae07aba-8e92-59a7-a623-36b2105471e9,6051322e-5536-5b3f-a700-b2e1841a4312,4,4,በቸርነቱ ላይ ታላላቅና የጸኑ ነገሮችን ትናገራላችሁና ሰላም የላችሁም።
f81cd24a-8811-5e1b-adcf-dda1e9126043,7ae07aba-8e92-59a7-a623-36b2105471e9,6051322e-5536-5b3f-a700-b2e1841a4312,5,5,ከማዕበሉ የተነሣ እንደሚታወኩ፥ መርከቦቻቸውም ከነፋሳት የተነሣ እንደሚነዋወጡና እንደሚጨነቁ በመርከብ የሚሄዱ ነገሥታትን አታይዋቸውምን?
27a70eb8-37d2-5291-ab35-51b035fc5ca8,7ae07aba-8e92-59a7-a623-36b2105471e9,6051322e-5536-5b3f-a700-b2e1841a4312,6,6,መልካሙ ገንዘባቸውም ሁሉ ከእነርሱ ጋር ወደ ባሕር ይወጣልና ስለዚህ ይፈራሉ።
5ea83b6b-2e0b-5221-a3c0-39c548a18dd3,7ae07aba-8e92-59a7-a623-36b2105471e9,6051322e-5536-5b3f-a700-b2e1841a4312,7,7,ባሕር ትውጣቸዋለችና፥ በውስጧም ይጠፋሉና በልቡናቸው በጎ ነገርን አያስቡም፤ ባሕሯ ሁሉ፥ ውኃዎችዋም ሁሉ፥ መነዋወጧም ሁሉ የልዑል ሥራ አይደለምን?።
a81c3651-a81b-5ad5-a836-4e22e65dba72,7ae07aba-8e92-59a7-a623-36b2105471e9,6051322e-5536-5b3f-a700-b2e1841a4312,8,8,እርሱ ሥራዋንና ውኃዎችዋን ሁሉ ወሰነ፥ ሁለመናዋንም በአሸዋ ገደበ።
9eeaa796-e4ca-5e7b-a430-0afeb90512f5,7ae07aba-8e92-59a7-a623-36b2105471e9,6051322e-5536-5b3f-a700-b2e1841a4312,9,9,በተግሣጹም ፈርታ ትደርቃለች፥ ዓሣዎችዋም ሁሉ ይሞታሉ፥ በውስጧም ያለ ሁሉ ይሞታል።
e5c53615-d3d0-51b1-a2b1-92221cf77b9e,7ae07aba-8e92-59a7-a623-36b2105471e9,6051322e-5536-5b3f-a700-b2e1841a4312,10,10,በምድር ያላችሁ እናንተ ኃጥኣን ግን አትፈሩትም፤ ሰማይንና ምድርን፥ በውስጣቸው ያለውንም ሁሉ የፈጠረ እርሱ አይደለምን?
67f8bc4d-5fad-5bee-ab50-590ccbe225be,7ae07aba-8e92-59a7-a623-36b2105471e9,6051322e-5536-5b3f-a700-b2e1841a4312,11,11,በየብስና በባሕር ለሚንቀሳቀሱ ሁሉ ትምህርትንና ጥበብን የሰጠ ማን ነው? በመርከብ የሚሄዱ እነዚያ ባሕርን የሚፈሩ አይደለምን? ኃጥኣን ግን ልዑልን አይፈሩትም።
7dba974b-bd5a-51f3-a23e-0a76ec9fd0a3,7ae07aba-8e92-59a7-a623-36b2105471e9,6051322e-5536-5b3f-a700-b2e1841a4312,12,12,በእነዚያ ወራቶች አስጨናቂ እሳትን በላያችሁ ቢጨምር ወዴት ትሸሻላችሁ? በየትስ ትድናላችሁ?
8ec86b81-c318-5372-a7dd-1a2accf83fd8,7ae07aba-8e92-59a7-a623-36b2105471e9,6051322e-5536-5b3f-a700-b2e1841a4312,13,13,ቃሉንም በእናንተ ላይ በሚያኖር ጊዜ የምትደነግጡና የምትፈሩ አይደለምን? ብርሃናትስ ሁሉ በታላቅ ፍርሀት የሚደነግጡና የሚታወኩ አይደለምን?
3306bcff-b376-5ce7-a379-630551f2dbde,7ae07aba-8e92-59a7-a623-36b2105471e9,6051322e-5536-5b3f-a700-b2e1841a4312,14,14,ምድርስ ሁላ በታላቅ ፍራት የምትደነግጥ፥ የምትንቀጠቀጥና የምትቸኩል አይደለምን?
c0bdfe49-a4b9-5aaa-a4b8-d9aa247e3aef,7ae07aba-8e92-59a7-a623-36b2105471e9,6051322e-5536-5b3f-a700-b2e1841a4312,15,15,መላእክትም ሁሉ የታዘዙትን ይፈጽማሉ፥ ከክብር ጌታም ፊት ሊሰወሩ ይወዳሉ።
590da566-390f-5d58-af61-f3448c68c939,7ae07aba-8e92-59a7-a623-36b2105471e9,6051322e-5536-5b3f-a700-b2e1841a4312,16,16,የዓለም ልጆች ይርዳሉ፤ ይታወካሉም፤ እናንተም ኃጥኣን ለዘለዓለም የተረገማችሁ ናችሁ፥ ሰላምም የላችሁም።
87c858b9-1d65-5c26-af14-bbd8abd0701c,7ae07aba-8e92-59a7-a623-36b2105471e9,6051322e-5536-5b3f-a700-b2e1841a4312,17,17,እናንተ የጻድቃን ነፍሳት፥ አትፍሩ፤ እናንተም በእውነት የሞታችሁ፥ ተስፋ አድርጉ።
269b16d6-e7a7-55f2-a6d1-8cfdab57bf46,7ae07aba-8e92-59a7-a623-36b2105471e9,6051322e-5536-5b3f-a700-b2e1841a4312,18,18,ነፍሳችሁ በታላቅ መከራና ጩኸት፥ በልቅሶና ኀዘን ወደ ሲኦል ስለ ወረደች አትዘኑ።
a044580f-f5e2-5d04-a0c6-b39804a0289b,7ae07aba-8e92-59a7-a623-36b2105471e9,6051322e-5536-5b3f-a700-b2e1841a4312,19,19,ሥጋችሁም በሕይወታችሁ እንደ ቸርነታችሁ አላገኘም፤ ነገር ግን ጊዜው ኃጥኣን የተባላችሁበት ነበር፥ የመርገምና የመከራም ጊዜ ነበር።
61072777-80f8-59a0-ad34-42f083113f94,7ae07aba-8e92-59a7-a623-36b2105471e9,6051322e-5536-5b3f-a700-b2e1841a4312,20,20,በምትሞቱበትም ጊዜ ኃጥኣን በእናንተ ላይ እንዲህ ይላሉ- “ጻድቃን እኛ እንደ ሞትን ሞቱ፥ በሥራቸውስ ጥቅማቸው ምንድን ነው?
e52978ff-c7a7-57a5-a181-a714096293a1,7ae07aba-8e92-59a7-a623-36b2105471e9,6051322e-5536-5b3f-a700-b2e1841a4312,21,21,እነሆ፥ በኀዘንና በመከራ እንደ እኛ ሞቱ፥ ከእኛስ ብልጫቸው ምንድን ነው? ከዛሬም ጀምሮ ተካከልን፥ ምንስ ያገኛሉ? ለዘለዓለምስ ምን ያያሉ? እነሆ፥ እነርሱ ሞተዋልና፥ ከዛሬም ጀምሮ ለዘለዓለም ብርሃንን አያዩምና።”
bbe3ab60-0bde-5f2c-aa1e-3961ff065f24,7ae07aba-8e92-59a7-a623-36b2105471e9,6051322e-5536-5b3f-a700-b2e1841a4312,22,22,እናንተ ኃጥኣን፥ እንዲህ እላችኋለሁ- “መብልና መጠጥ ቅሚያና ኀጢአት፥ ሰውን መግፈፍና ገንዘብ ማጠራቀም፥ ደግ ዘመን ማየትም በቃችሁ።
0bc64485-1171-5a39-ae65-079a2a7961bf,7ae07aba-8e92-59a7-a623-36b2105471e9,6051322e-5536-5b3f-a700-b2e1841a4312,23,23,ፍጻሜያቸው እንዴት ሰላም እንደ ሆነ ጻድቃንን አያችኋቸውን? እስከ ዕለተ ሞታቸው ድረስ ግፍ ሁሉ በእነርሱ ላይ አልተገኘምና።
b46255fe-837d-5d8f-a042-bb123617d57d,7ae07aba-8e92-59a7-a623-36b2105471e9,6051322e-5536-5b3f-a700-b2e1841a4312,24,24,ጠፉ፤ ተፈጥረውም እንዳልተፈጠሩ ሆኑ፥ ሰውነቶቻቸውም በመከራ ወደ መቃብር ወረዱ።”
61a09857-ec7d-5e92-a323-803097937b15,45bc7009-d878-51af-a7cc-86faa1ec7b72,2d899106-8c89-52ad-a717-4c8c1d34617c,1,1,ዛሬም እኔ በታላቅ ጌትነቱና ክብሩ፥ በከበረ መንግሥቱና በገናናነቱ ለእናንተ ለጻድቃን እምላለሁ።
129f229a-f1ee-5cae-a059-569b4f4ce57c,45bc7009-d878-51af-a7cc-86faa1ec7b72,2d899106-8c89-52ad-a717-4c8c1d34617c,2,2,ይህንም ምሥጢር እኔ አውቃለሁና፥ በሰማይ ሰሌዳ ያለውን አንብቤአለሁና፥ ቅዱሳን የጻፉትንም አይቻለሁና እምልላችኋለሁ።
8248a6f2-52ec-5e1e-ad7e-9f2bcb3a4ccc,45bc7009-d878-51af-a7cc-86faa1ec7b72,2d899106-8c89-52ad-a717-4c8c1d34617c,3,3,በጎው ነገር ሁሉ፥ ደስታውና ክብሩም ተዘጋጅቶላቸዋልና ስለ እነርሱ በውስጣቸው ተጽፎና ተቀርፆ አገኘሁ።
5baca547-e9c8-59e9-a049-782a93843fcd,45bc7009-d878-51af-a7cc-86faa1ec7b72,2d899106-8c89-52ad-a717-4c8c1d34617c,4,4,በእውነትና በቀና ነገር፥ በብዙም በጎነት ለሞቱ ሰዎች ነፍሳት ተጻፈላቸው፤ የድካማችሁም ዋጋ ይሰጣችኋል፤ እድላችሁም ከሕያዋን እድል ይበልጣል።
0dd838c5-e36b-5b46-a345-5889de903cf2,45bc7009-d878-51af-a7cc-86faa1ec7b72,2d899106-8c89-52ad-a717-4c8c1d34617c,5,5,ስለ ጽድቅ የሞታችሁ የእናንተ ነፍስ ትድናለች፤ ነፍሶቻቸውም ደስ ይላቸዋል፤ ሐሤትም ያደርጋሉ።
fcd96cd2-d407-5b46-a801-47fd2731f67d,45bc7009-d878-51af-a7cc-86faa1ec7b72,2d899106-8c89-52ad-a717-4c8c1d34617c,6,6,መታሰቢያቸውም በእግዚአብሔር ፊት ለልጅ ልጅ ዘመን ይኖራል፤ አሁንም መከራቸውን አትፍሩት።
85c29946-07d2-56c2-a5db-cfbd9744d8bf,45bc7009-d878-51af-a7cc-86faa1ec7b72,2d899106-8c89-52ad-a717-4c8c1d34617c,7,7,የሞታችሁ ኃጥኣን፥ በኀጢአታችሁ በምትሞቱበት ጊዜ ወዮላችሁ!
45d66626-7686-5283-a2c0-c433809bda13,45bc7009-d878-51af-a7cc-86faa1ec7b72,2d899106-8c89-52ad-a717-4c8c1d34617c,8,8,እንደ እናንተም ያሉ በእናንተ ላይ እንዲህ ይላሉ፤ ኃጥኣን ብፁዓን ናቸው፤ ዘመናቸውን ሁሉ አይተዋልና።
776f4409-e3d1-5ef4-afa2-b39e777fe879,45bc7009-d878-51af-a7cc-86faa1ec7b72,2d899106-8c89-52ad-a717-4c8c1d34617c,9,9,ዛሬም በበጎነትና በባለጠግነት ሞቱ፤ መከራውንና ሰልፉንም በሕይወታቸው አላዩም፤ በጌትነትም ሞቱ፤ በሕይወታቸውም ፍርድ አልተደረገባቸውም።
39221621-3631-5a4d-af08-d7f91d55321b,45bc7009-d878-51af-a7cc-86faa1ec7b72,2d899106-8c89-52ad-a717-4c8c1d34617c,10,10,ነፍሶቻቸው ወደ ሲኦል እንደሚወርዱ፥ ክፋታቸውም ጽኑ መከራ እንደሚሆንባቸው አታውቋቸውምን?
02aae9c6-e3f5-5e2b-a8a3-937c7cb3c425,45bc7009-d878-51af-a7cc-86faa1ec7b72,2d899106-8c89-52ad-a717-4c8c1d34617c,11,11,ሰውነታችሁም በጨለማና በወጥመድ፥ በሚነድ ወላፈንም ወደ ጽኑ ፍርድ ትገባለች፤ ጽኑ ፍርድም በዓለም ትውልድ ሁሉ ትሆናለች።
5c0b289c-3a9b-56fd-a190-19a4fdb12c08,45bc7009-d878-51af-a7cc-86faa1ec7b72,2d899106-8c89-52ad-a717-4c8c1d34617c,12,12,ሰላም የላችሁምና ወዮላችሁ! በሕይወት ላሉ ለጻድቃንና ለደጋጎች እንዲህ አትበሉአቸው- “በደከምንበት ወራት ድካምን ደከምን።
77e2403a-0398-51a6-af28-c71acca59f5d,45bc7009-d878-51af-a7cc-86faa1ec7b72,2d899106-8c89-52ad-a717-4c8c1d34617c,13,13,መከራውን ሁሉ አየን፤ ብዙ መከራዎችንም ተቀበልን፤ ጨርሰን ጠፋን፤ አነስን፤ ሰውነታችንም አነሰች፤ ጠፋንም።
911fd0c8-c95f-5041-a0cd-e00126a8e147,45bc7009-d878-51af-a7cc-86faa1ec7b72,2d899106-8c89-52ad-a717-4c8c1d34617c,14,14,በነገርም የሚረዳን የለም፤ በሥራም ደከምን፤ ምንም አላገኘንም፥ ተጨነቅን፤ ጠፋንም፤
f46dd782-0d6c-560b-a71e-f17416ba32fb,45bc7009-d878-51af-a7cc-86faa1ec7b72,2d899106-8c89-52ad-a717-4c8c1d34617c,15,15,ከዛሬ ነገ ሕይወትን እናይ ዘንድ ተስፋ አደረግን፥ ራስ ልንሆን ተስፋ አደረግን፤ ነገር ግን ጅራት ሆን፤ ስንሠራም ደከምን።
1140c9df-93ea-56a4-a33a-de21ffd79891,45bc7009-d878-51af-a7cc-86faa1ec7b72,2d899106-8c89-52ad-a717-4c8c1d34617c,16,16,ነገር ግን በድካማችን ላይ ግዳጃችንን አልፈጸምንም፤ ለኃጥኣንም መብሎችን ሆን፤ ዐመፀኞችም ቀንበራቸውን አከበዱብን።
cec9f5c1-675c-59ab-a0b6-0e62211ff386,45bc7009-d878-51af-a7cc-86faa1ec7b72,2d899106-8c89-52ad-a717-4c8c1d34617c,17,17,እኛን የሚጠሉንና የሚወጉን በእኛ ሠለጠኑብን፤ ለሚጠሉንም አንገታችንን ዝቅ አደረግን፤ እነርሱ ግን አልራሩልንም።
d23a5a5f-0c9a-5d51-a618-feefce32b9a9,45bc7009-d878-51af-a7cc-86faa1ec7b72,2d899106-8c89-52ad-a717-4c8c1d34617c,18,18,ከእነርሱ እንሸሽና እናርፍ ዘንድ እንድንሄድ ወደድን፤ ከእነርሱም ሸሽተን የምንድንበትን አላገኘንም።
bcefd9b6-b63f-598a-afac-c39f1a612493,45bc7009-d878-51af-a7cc-86faa1ec7b72,2d899106-8c89-52ad-a717-4c8c1d34617c,19,19,በመከራችን ጊዜ በአለቆች ዘንድ ከሰስናቸው፤ በሚጠሉንም ላይ ጮህን፤ ጩኸታችንን ግን አልሰሙንም፤ ቃላችንንም ሊሰሙን አይወዱም።
1d5d6ce9-5bed-5ee8-a158-38299376ebaa,45bc7009-d878-51af-a7cc-86faa1ec7b72,2d899106-8c89-52ad-a717-4c8c1d34617c,20,20,የሚቀሙንን፥ የሚበሉብንን፥ ያጐደሉብንንም ይረዷቸዋል፤ ግፋቸውንም ይሰውሩላቸዋል፤ ቀንበራቸውን ከእኛ አያወጡም፤ ነገር ግን ይበሉናል።
ce09691d-a864-56ea-a029-0f01b7804722,45bc7009-d878-51af-a7cc-86faa1ec7b72,2d899106-8c89-52ad-a717-4c8c1d34617c,21,21,ይበትኑናል፤ ይገድሉናል፤ ሞታችንንም ይሰውራሉ፤ እጃቸውንም ከእኛ ላይ ያነሡ ዘንድ አላሰቡም።”
ca59f2a1-63f3-5590-acc7-c3bea9d0e7a1,45bc7009-d878-51af-a7cc-86faa1ec7b72,2d899106-8c89-52ad-a717-4c8c1d34617c,22,22,ጻድቃን! እምልላችኋለሁ፤ መላእክት በገናናው ጌትነት ፊት በሰማይ ስለ እናንተ በጎ ያስባሉና።
287a3630-6ff9-54b3-a3f4-43359303f57a,45bc7009-d878-51af-a7cc-86faa1ec7b72,2d899106-8c89-52ad-a717-4c8c1d34617c,23,23,ስሞቻችሁም በገናናው ጌትነት ፊት ይጻፋሉ። አስቀድሞ በክፋትና በድካም ጐስቍላችኋልና ተስፋ አድርጉ።
5e3bec26-25dd-5a0c-aa5a-f76d521f6c48,45bc7009-d878-51af-a7cc-86faa1ec7b72,2d899106-8c89-52ad-a717-4c8c1d34617c,24,24,አሁንም እንደ ሰማይ ብርሃን አብርታችሁ ትታያላችሁ፤ የሰማይ ደጃፍም ይከፈትላችኋል።
8f814df8-36a2-5a0f-a6b7-ec46e1de4f58,45bc7009-d878-51af-a7cc-86faa1ec7b72,2d899106-8c89-52ad-a717-4c8c1d34617c,25,25,ጩኸታችሁ ይሰማል፤ ለፍርድ ጩኹ፤ ይገለጥላችሁማል፤ ችግራችሁም ሁሉ ከመላእክትና የሚነጥቋችሁን ከሚረዷቸው ሁሉ ይመረመራልና።
0a978889-3f0e-5f8f-a1db-da4e79392cd3,45bc7009-d878-51af-a7cc-86faa1ec7b72,2d899106-8c89-52ad-a717-4c8c1d34617c,26,26,እንደ መላእክት በሰማይ ታደርጓት ዘንድ ታላቅ ደስታ ትሆንላችኋለችና ተስፋ አድርጉ፤ ተስፋችሁንም አትተዉ፥ በታላቋ የፍርድ ቀንም ትሰወሩ ዘንድ ያላችሁ አይደለም።
05066703-a419-510b-a70b-57d6606b40ef,45bc7009-d878-51af-a7cc-86faa1ec7b72,2d899106-8c89-52ad-a717-4c8c1d34617c,27,27,እንደ ኃጥኣንም ሁናችሁ አትገኙም፤ ከእናንተ ወዲያ የዘለዓለም ፍርድ ለዓለም ትውልድ ሁሉ ትሆናለች።
152955e0-e0f1-5e27-aefb-54b626c7424b,45bc7009-d878-51af-a7cc-86faa1ec7b72,2d899106-8c89-52ad-a717-4c8c1d34617c,28,28,አሁንም ጻድቃን! ኃጥኣንን በፈቃዳቸው ጸንተውና ተዘጋጅተው በምታይዋቸው ጊዜ አትፍሩ።
e2e525ef-1480-5c65-ae8f-b93c620897a9,45bc7009-d878-51af-a7cc-86faa1ec7b72,2d899106-8c89-52ad-a717-4c8c1d34617c,29,29,ከሰማይ ሠራዊት ጋር አንድ ትሆኑ ዘንድ አላችሁና ከእነርሱ ግፍ ራቁ እንጂ ከእነርሱ ጋራ አትተባበሩ።
995cca18-b7a5-5093-a2c1-e7d31ac4778a,45bc7009-d878-51af-a7cc-86faa1ec7b72,2d899106-8c89-52ad-a717-4c8c1d34617c,30,30,እናንተ ኃጥኣን! ኀጢአታችን ሁሉ አይመረመርም፤ አይጻፍብንም፥ ትላላችሁ፥ ነገር ግን ኃጢአቶቻችሁ ሁሉ በየቀኑ ይጻፉ ዘንድ አላቸው።
2abe037c-4121-5c2d-a14f-fe9173906ba6,45bc7009-d878-51af-a7cc-86faa1ec7b72,2d899106-8c89-52ad-a717-4c8c1d34617c,31,31,አሁንም ብርሃንና ጨለማ፥ ቀንና ሌሊት ኀጢአታችሁን ሁሉ ይገልጡባችኋልና እኔ አሳያችኋለሁ፤ በልቡናችሁም አትዘንጉ፤ አቷሹም።
5eac2e35-c22a-5adb-a74e-dd39e49a1354,45bc7009-d878-51af-a7cc-86faa1ec7b72,2d899106-8c89-52ad-a717-4c8c1d34617c,32,32,የፍርድንም ነገር አትመልሱት፤ የቅዱሱንና የገናናውንም ነገር ሐሰት አታድርጉት፤ ጣዖታችሁንም አታክብሩት፥ ሐሰታችሁ ሁሉ፥ ዝንጋታችሁም ሁሉ ለታላቅ ኀጢኣት እንጂ ለጽድቅ አይደለችምና።
4aeaa896-0e34-53ca-a93c-44b999e1246f,45bc7009-d878-51af-a7cc-86faa1ec7b72,2d899106-8c89-52ad-a717-4c8c1d34617c,33,33,ዛሬም እኔ ይህን ምሥጢር ዐውቀዋለሁ፤ ብዙዎች ኃጥኣን የፍርድን ነገር ይመልሳሉና፥ ይገለብጡማልና።
447dede8-035b-5b2a-ade2-64a73539878e,45bc7009-d878-51af-a7cc-86faa1ec7b72,2d899106-8c89-52ad-a717-4c8c1d34617c,34,34,ክፉዎችንም ነገሮች ይናገራሉ፤ ታላላቅ ልብ ወለድንም በሐሰት ፈጥረው ይናገራሉ፤ በነገራቸውም ላይ መጻፎችን ይጽፋሉ።
baa90c1e-20b0-50ad-a253-e01d0f68d371,45bc7009-d878-51af-a7cc-86faa1ec7b72,2d899106-8c89-52ad-a717-4c8c1d34617c,35,35,ነገር ግን ነገሮቼን ሁሉ በቅንነት በአንደበቶቻቸው ቢጽፉ ኖሮ፥ ከነገሮቼም በአይለውጡና በአያጐድሉም ስለ እነርሱ አስቀድሜ ያዳኘሁባቸውን ሁሉ በቅንነት በጻፉ ነበር።
dd3d64e2-ad08-5017-a119-fd03e589ca08,45bc7009-d878-51af-a7cc-86faa1ec7b72,2d899106-8c89-52ad-a717-4c8c1d34617c,36,36,ሌላ ምሥጢርንም ዐውቃለሁ፤ ለጻድቃንና ለጠቢባን ስለ ደስታና ስለ ቅን ፍርድ፥ ስለ ብዙ ጥበብም መጻሕፍት ይሰጧቸዋልና፤
6a0360b3-a264-538c-a86f-013c6e7081de,45bc7009-d878-51af-a7cc-86faa1ec7b72,2d899106-8c89-52ad-a717-4c8c1d34617c,37,37,ለእነርሱም መጻሕፍት ይሰጣሉ፤ እነርሱም ያምኑባቸዋል፤ በእነርሱም ደስ ይላቸዋል፤ ሐሤትም ያደርጋሉ፤ ከእነርሱም የእውነት መንገዶችን ሁሉ ያወቁ ጻድቃን ሁሉ ዋጋቸውን ያገኛሉ።
5dbffbf3-4e73-5d8f-a958-fbd198d927f2,45bc7009-d878-51af-a7cc-86faa1ec7b72,2d899106-8c89-52ad-a717-4c8c1d34617c,38,38,በእነዚያም ወራቶች ጌታ እንዲጠሯቸውና ጥበባቸውን ለምድር ልጆች እንዲያሰሙ እንዲህ አለ-
862d4a36-cdb5-5e6c-ad9c-61fac6e52bad,45bc7009-d878-51af-a7cc-86faa1ec7b72,2d899106-8c89-52ad-a717-4c8c1d34617c,39,39,“እናንተ መሪዎቻቸው ናችሁና፥ በምድርም ሁሉ ላይ ስጦታዎች ናችሁና አሳዩአቸው።
593082c2-bd22-5cb1-a0c6-daa89b5630e1,45bc7009-d878-51af-a7cc-86faa1ec7b72,2d899106-8c89-52ad-a717-4c8c1d34617c,40,40,እኔና ልጄ በእውነት መንገዶች በሕይወታቸው ከእነርሱ ጋር ለዘለዓለም አንድ እንሆናለን፤ ሰላምም ይሆንላችኋል፤ የእውነት ልጆች! በእውነት ደስ ይበላችሁ።”
8fd41230-9062-56de-ab1c-39f08f4912d6,72e254a2-f841-524d-ac86-9d8bd554fd2b,021deca2-d3f4-5882-ae7c-b3ee5515e058,1,1,ከብዙ ቀንም በኋላ ልጄ ማቱሳላ ለልጁ ላሜህ ሚስት አጋባው፤ ከእርሱም ፀንሳ ወንድ ልጅን ወለደች።
ee377ded-ad14-56fb-a63b-6a844baad41a,72e254a2-f841-524d-ac86-9d8bd554fd2b,021deca2-d3f4-5882-ae7c-b3ee5515e058,2,2,ሰውነቱም እንደ በረዶ ነጭ ሆነ፥ እንደ ጽጌረዳም ቀይ ነው፤ የራሱም ጠጕር እንደ ባዘቶ ነጭ ነው፤ የተሸራሸም ነው፤ ዐይኖቹም ያማሩ ናቸው።
1d41085c-8e8c-56cb-a35d-fcd858bd9a3a,72e254a2-f841-524d-ac86-9d8bd554fd2b,021deca2-d3f4-5882-ae7c-b3ee5515e058,3,3,ዐይኖቹንም በገለጠ ጊዜ ቤቱን ሁሉ እንደ ፀሐይ አበራ፤ ቤቱም ሁሉ ፈጽሞ በራ፤ ከአዋላጂቱም እጅ በተነሣ ጊዜ አፉን ከፈተ፤ የጽድቅ ጌታንም ክብር ተናገረ።
9bf8fbb4-f97c-560f-aae1-b149bdcaf266,72e254a2-f841-524d-ac86-9d8bd554fd2b,021deca2-d3f4-5882-ae7c-b3ee5515e058,4,4,አባቱ ላሜህም ከእርሱ የተነሣ ፈርቶ ሸሸ፥ ወደ አባቱም ወደ ማቱሳላ መጣ፤ እንዲህም አለ- “እኔ ልውጥ ልጅ ወለድሁ፤ እንደ ሰውም አይደለም።
adb4ff02-046a-567d-aac7-972bc7b88b4e,72e254a2-f841-524d-ac86-9d8bd554fd2b,021deca2-d3f4-5882-ae7c-b3ee5515e058,5,5,የሰማይ መላእክት ልጆችንም ይመስላል፤ ፍጥረቱም ልዩ ናት፤ እንደ እኛም አይደለም፤ ዐይኖቹም እንደ ፀሐይ ጨረር ናቸው፤ ፊቱም የበራ ነው።
7395b828-d88f-51d0-a74a-0bcb45e41ecf,72e254a2-f841-524d-ac86-9d8bd554fd2b,021deca2-d3f4-5882-ae7c-b3ee5515e058,6,6,ከመላእክት ነው እንጂ ከእኔ ያልተወለደ ይመስለኛል፥ እኔስ በምድር ላይ በዘመኑ ድንቅ ሥራ እንዳይሠራ ብዬ እፈራለሁ።
3914695a-722a-5e9d-ad1a-fcf9d59ed3ee,72e254a2-f841-524d-ac86-9d8bd554fd2b,021deca2-d3f4-5882-ae7c-b3ee5515e058,7,7,“አሁንም አባቴ ወደ አባታችን ወደ ሄኖክ ትሄድና እውነቱን ከእርሱ ትሰማ ዘንድ እማልድሃለሁ፤ እለምንሃለሁም። መኖሪያው ከመላእክት ጋር ነውና።”
5c11a270-f2a4-5b23-a3ac-bf648b4afae5,72e254a2-f841-524d-ac86-9d8bd554fd2b,021deca2-d3f4-5882-ae7c-b3ee5515e058,8,8,ማቱሳላም የልጁን ነገር በሰማ ጊዜ እኔ በዚያ እንደ አለሁ ሰምትWaልና ወደ ምድር ዳርቻ ወደ እኔ መጣ።
75ddd9cf-3b22-5c5d-a7fb-0de4abdc65c2,72e254a2-f841-524d-ac86-9d8bd554fd2b,021deca2-d3f4-5882-ae7c-b3ee5515e058,9,9,ጮኸ፤ እኔም ቃሉን ሰማሁት። ወደ እርሱም መጣሁ፤ “ወደ እኔ መጥተሃልና ልጄ፥ እነሆ፥ አለሁ” አልሁት።
5edc1873-5073-5d7f-ae38-3f96ed0fe88e,72e254a2-f841-524d-ac86-9d8bd554fd2b,021deca2-d3f4-5882-ae7c-b3ee5515e058,10,10,እርሱም መለሰልኝ፥ እንዲህም አለኝ- “ስለ ታላቁ ነገርና ስለ ቀረብሁበት አስጨናቂ ራእይ ወደ አንተ መጣሁ።
fa21283e-30e8-53e8-ae64-c5a0582b013e,72e254a2-f841-524d-ac86-9d8bd554fd2b,021deca2-d3f4-5882-ae7c-b3ee5515e058,11,11,አሁንም አባቴ ሆይ! ስማኝ፤ መልኩና ፍጥረቱ እንደ ሰው ፍጥረት ያልሆነ፥ መልኩም ከበረዶ ይልቅ የሚነጣ፥ ከጽጌረዳም የሚቀላ፥ የራሱም ጠጕር ከነጭ ባዘቶ ይልቅ የሚነጣ፥ ዐይኖቹም እንደ ፀሐይ ጨረር የሚያበሩ ልጅ ለልጄ ለላሜህ ተወልዷልና።
9bef8515-5cac-5abd-a335-e00c0d1b1afd,72e254a2-f841-524d-ac86-9d8bd554fd2b,021deca2-d3f4-5882-ae7c-b3ee5515e058,12,12,ዐይኖቹንም በገለጠ ጊዜ ቤቱን ሁሉ አበራ፤ ከአዋላጂቱም እጅ ተነሣ፤ አፉንም ፈትቶ የሰማይን ጌታ አመሰገነው።
26b00f02-265e-59ab-a2db-5673e98f4cea,72e254a2-f841-524d-ac86-9d8bd554fd2b,021deca2-d3f4-5882-ae7c-b3ee5515e058,13,13,አባቱ ልጄ ላሜህም ፈርቶ ወደ እኔ ሸሸ፤ ከሰማይ መላእክት የተወለደ አስመሰለው እንጂ ከእርሱ እንደ ተወለደ አላመነም።
9743368e-529e-58c9-ae69-0e9d95873837,72e254a2-f841-524d-ac86-9d8bd554fd2b,021deca2-d3f4-5882-ae7c-b3ee5515e058,14,14,እነሆም፥ እውነቱን ትነግረኝ ዘንድ እኔ ወደ አንተ መጣሁ።”
96af6b01-a3a2-5d93-abe4-ac793ed5348f,72e254a2-f841-524d-ac86-9d8bd554fd2b,021deca2-d3f4-5882-ae7c-b3ee5515e058,15,15,እኔም ሄኖክ ስለ እርሱ መለስሁ፥ እንዲህም አልሁት- “እግዚአብሔር በምድር ላይ አዲስ ነገርን ያደርጋል፤ የአባቴ የያሬድ የልጁ ወገኖች ከሰማይ በላይ ያለ የጌታን ቃል ተላልፈዋልና ይህን በራእይ ፈጽሜ አይቼ ነገርሁህ።
7adc4ec6-872d-55c6-a52a-d37836f9e1f8,72e254a2-f841-524d-ac86-9d8bd554fd2b,021deca2-d3f4-5882-ae7c-b3ee5515e058,16,16,እነኋቸው፥ ኀጢአትን ይሠራሉ፤ ሥርዐቱንም ይተላለፋሉ፤ ከሴቶችም ጋር አንድ ሆኑ፤ ከእነርሱም ጋር ኀጢአትን ይሠራሉ፤ ከእነርሱም ሚስቶችን አገቡ፤ ከእነርሱም ልጆችን ወለዱ፤ በምድርም ሁሉ ላይ ታላቅ ጥፋት ይደረጋል።
24bce74c-53fd-5cf3-a1a2-fa8e5cbdeb3c,72e254a2-f841-524d-ac86-9d8bd554fd2b,021deca2-d3f4-5882-ae7c-b3ee5515e058,17,17,የጥፋት ውኃም ይወርዳል፤ ታላቁም ጥፋት በአንዱ ዓመት ይደረጋል፤ ለእናንተም የተወለደው ልጅ ይህ ነው፤ እርሱ በምድር ላይ ይቀራል፤ ሦስቱ ልጆቹም ከእርሱ ጋራ ይድናሉ።
d05739d6-0e54-5ed2-a5cb-d0310f53d5f1,72e254a2-f841-524d-ac86-9d8bd554fd2b,021deca2-d3f4-5882-ae7c-b3ee5515e058,18,18,በምድር ላይ ሰው ሁሉ በሚሞትበት ጊዜ እርሱ ይድናል፤ ልጆቹም አርበኞችን ይወልዳሉ፥ እነዚህም ሥጋውያን እንጂ መንፈሳውያን አይደሉም።
81797a50-2a96-542f-a2b6-f4fe72c237ba,72e254a2-f841-524d-ac86-9d8bd554fd2b,021deca2-d3f4-5882-ae7c-b3ee5515e058,19,19,ታላቅ መቅሠፍትም በምድር ላይ ይደረጋል፤ ምድርም ከጥፋት ሁሉ ትነጻለች።
dd9ef1cb-f5bc-5155-ad4b-c1eae467e27a,72e254a2-f841-524d-ac86-9d8bd554fd2b,021deca2-d3f4-5882-ae7c-b3ee5515e058,20,20,“አሁንም ይህ የተወለደ ልጅ በእውነት የእርሱ ልጅ እንደ ሆነ ለልጅህ ለላሜህ ንገረው፤ እርሱም ቀሪ ይሆንላችኋልና ስሙን ኖኅ ብለህ ጥራው፤ በእርሱ ዘመን በምድር ላይ ትፈጸም ዘንድ ካላት ከኀጢአት ሁሉና ከዐመፅ ሁሉ የተነሣ ወደ ምድር ከምትመጣ ጥፋት እርሱና ልጆቹ ይድናሉ። ከዚህም በኋላ በምድር ላይ አስቀድማ ከተፈጸመችው ይልቅ ፈጽማ የምትበልጥ ዐመፅ ትደረጋለች፤ የቅዱሳንን ምሥጢራት ዐውቃለሁና። እርሱ እግዚአብሔር ገልጦልኛልና፥ አስረድቶኛልምና፤ በሰማይ ሰሌዳም አነበብሁ፤ አስተዋልሁም።
24dedd60-0ed0-591d-a06b-1681cc72f0c7,72e254a2-f841-524d-ac86-9d8bd554fd2b,021deca2-d3f4-5882-ae7c-b3ee5515e058,21,21,“እውነተኛ ትውልድ እስክትነሣ ድረስ ትውልድ ከትውልድ ይልቅ አብልጣ ትበድላለችና በእነርሱ ላይ የተጻፈውን አየሁ፤ በደልም ትጠፋለች፤ ኀጢአትም ከምድር ላይ ትርቃለች፤ በጎውም ነገር ሁሉ በእርሷ ላይ ይመጣል፤ አሁንም ይህ የተወለደው ልጅ በእውነት የእርሱ ልጅ ነውና፥ ሐሰትም አይደለምና ሄደህ ለልጅህ ለላሜህ ንገረው፤” ማቱሳላም የአባቱ የሄኖክን ነገር በሰማ ጊዜ ሥራውን ሁሉ በስውር አሳይቶታልና ነገሩን ሰምቶ ተመለሰ።
ea4ec60c-fa0d-578f-a8dd-3299866cae8e,72e254a2-f841-524d-ac86-9d8bd554fd2b,021deca2-d3f4-5882-ae7c-b3ee5515e058,22,22,እርሱም ምድርን ከጥፋቷ ሁሉ ያሳርፋታልና የዚያን ልጅ ስም ኖኅ አለው።
f595a26f-a060-5fb1-a5b4-f58202511caf,ce8d8e4e-b079-5cc8-a858-d0e2a4d357bd,d02c4642-ffb4-5126-a0d9-952b190c7c76,1,1,ለልጁ ለማቱሳላ፥ ከእርሱም በኋላ ለሚመጡና በኋላ ዘመን ሥርዐቱን ለሚጠብቁ ሰዎች ሄኖክ የጻፈው ሁለተኛ መጽሐፍ ይህ ነው።
d79c4ee5-9764-560c-a292-3b9d640f1dc3,ce8d8e4e-b079-5cc8-a858-d0e2a4d357bd,d02c4642-ffb4-5126-a0d9-952b190c7c76,2,2,ክፉውን ሥራ የሚሠሩ ሰዎች እስኪጨረሱ ድረስ፥ የበደለኞችም ሠራዊት እስኪፈጸም ድረስ መልካም የሠራችሁ እናንተ፥ በእነዚያ ወራቶች ትቈያላችሁ።
ee4ebcdb-8c27-5ebb-a577-04ca564a2559,ce8d8e4e-b079-5cc8-a858-d0e2a4d357bd,d02c4642-ffb4-5126-a0d9-952b190c7c76,3,3,እናንተ ግን ኀጢአት እስክታልፍ ድረስ ደጅ ጥኑ። ስማቸው ቅዱሳን ከተጻፉበት መጽሐፍ ይፋቅ ዘንድ አለውና፥ ዘራቸውም ለዘላለም ይጠፋልና። ልጆቻቸውም ይሞታሉ፥ በማይታይም ምድረ በዳ ጮኸው ያለቅሳሉ፤ በእሳትም ይቃጠላሉ፥ በዚያ ምድር የለምና።
df991ea1-d69e-5628-a8f3-98f08fbc8c37,ce8d8e4e-b079-5cc8-a858-d0e2a4d357bd,d02c4642-ffb4-5126-a0d9-952b190c7c76,4,4,የእሳቱም ወላፈን ሲነድ አየሁት፥ የሚበራም ነበር፤ እንደሚያበሩ ተራሮችም የተከበቡ ነገሮች ነበሩ፥ ወዲያና ወዲህም ይታወካሉ።
d33e7e0a-9f54-5a08-afdb-6c03ebfec135,ce8d8e4e-b079-5cc8-a858-d0e2a4d357bd,d02c4642-ffb4-5126-a0d9-952b190c7c76,5,5,ከእኔ ጋር ካሉ ከቅዱሳን መላእክት አንዱን ጠየቅሁት፥ እንዲህም አልሁት- “ይህ የሚያበራው ምንድን ነው? ሰማይ አይደለምና፥ ነገር ግን ብቻውን የሚነድድ የእሳት ወላፈን፥ የጩኸትና የልቅሶ፥ የዋይታና የብርቱ ሕማም ቃል ነው።”
56ede424-7128-50d4-a848-204e5df4ca5d,ce8d8e4e-b079-5cc8-a858-d0e2a4d357bd,d02c4642-ffb4-5126-a0d9-952b190c7c76,6,6,እርሱም እንዲህ አለኝ- “ይህ የምታየው ቦታ የኃጥኣንና የተሳዳቢዎች፥ ኀጢኣትን የሚሠሩ፥
2dbf661a-a9f5-5994-aee0-c8f60f89defe,ce8d8e4e-b079-5cc8-a858-d0e2a4d357bd,d02c4642-ffb4-5126-a0d9-952b190c7c76,7,7,እግዚአብሔር በነቢያት አንደበት ያናገራቸውን በምድር ላይ ይደረጉ ዘንድ ያላቸውን ሁሉ የሚለውጡ ሰዎች ነፍሳት የሚጣሉበት ቦታ ነው።
db2b441e-23d0-5875-a356-59a40fca423a,ce8d8e4e-b079-5cc8-a858-d0e2a4d357bd,d02c4642-ffb4-5126-a0d9-952b190c7c76,8,8,መላእክት ያነብቧቸው ዘንድ፥ በኃጥኣንና በተዋረዱትም ሰዎች መናፍስት ይደርስባቸው ዘንድ ያለውን ያውቁ ዘንድ ከእነርሱ ወገን በላይ በሰማይ የተጻፉና የተቀረጹ አሉና።
b92feb68-4d75-59ea-ad71-81da2903aba5,ce8d8e4e-b079-5cc8-a858-d0e2a4d357bd,d02c4642-ffb4-5126-a0d9-952b190c7c76,9,9,ነገር ግን ሥጋቸውን መከራ ያስቻሉ፥ ከፈጣሪም ዘንድ ዋጋ የተቀበሉ፥ ከክፉ ሰዎችም የተነሣ የተዋረዱ፥ ፈጣሪያቸውንም የወደዱ ወርቅና ብርን፥ በዚህም ዓለም ያለውን በጎ ነገር ሁሉ አይወዱም፤ ነገር ግን ሥጋቸውን ለመከራ ሰጡ፤ ከተፈጠሩም ጀምሮ በዚህ ዓለም ያሉ መብሎችን ያልተመኙ ራሳቸውን እንደ ሞተች ሰውነት አደረጉ። ይህንም ጠበቁ፥ ጌታም ብዙ ጊዜ ፈተናቸው፤ ስሙንም ያመሰግኑ ዘንድ ሰውነቶቻቸው በንጽሕና ተገኙ።
1a2a7da0-d4a6-5388-adf0-da758e131ceb,ce8d8e4e-b079-5cc8-a858-d0e2a4d357bd,d02c4642-ffb4-5126-a0d9-952b190c7c76,10,10,በረከታቸውንም ሁሉ በመጻሕፍት ተናገርሁ፤ እኒህ ከዘለዓለማዊ ሕይወታቸው ጀምሮ ሰማያዊውን ሲወዱት፥
b73d1d83-1f9b-5d8c-a666-6f482c42510f,ce8d8e4e-b079-5cc8-a858-d0e2a4d357bd,d02c4642-ffb4-5126-a0d9-952b190c7c76,11,11,ከክፉ ሰዎችም መከራን ሲቀበሉ፥ ከእነርሱም ተግዳሮትንና ስድብን ሲሰሙ፥ እያመሰገኑኝም ሲጐሳቈሉ ተገኝተዋልና ለእየራሳቸው ዋጋቸውን ሰጣቸው።
fdc3c434-1409-5d35-ab54-3dc33535c0b9,ce8d8e4e-b079-5cc8-a858-d0e2a4d357bd,d02c4642-ffb4-5126-a0d9-952b190c7c76,12,12,አሁንም ከብርሃን ልጆች የተወለዱ የደጎችን ነፍሳት እጠራለሁ፥ ለሃይማኖታቸው እንደሚገባ በሥጋቸው ክብርን ላልተቀበሉና በጨለማ ለተወለዱ እለውጣለሁ።
99b9e12f-f3fa-5eb2-a923-f69f0b1ffbbf,ce8d8e4e-b079-5cc8-a858-d0e2a4d357bd,d02c4642-ffb4-5126-a0d9-952b190c7c76,13,13,ቅዱስ ስሜንም የወደዱትን በብሩህ ብርሃን አወጣቸዋለሁ፤ እያንዳንዱንም እንደ ክብሩ በክብር ዙፋን አስቀምጠዋለሁ፥ የአምላክም ፍርድ እውነት ነውና ቍጥር በሌላቸው ዘመኖች ያበራሉ።
54204814-ef5c-5604-aa65-a552bbfcf8c6,ce8d8e4e-b079-5cc8-a858-d0e2a4d357bd,d02c4642-ffb4-5126-a0d9-952b190c7c76,14,14,በቅን መንገዶች ማደሪያ ለምእመናን ሃይማኖትን ይሰጣቸዋልና።
67695d05-49d5-5868-a196-304d2d1d83ce,ce8d8e4e-b079-5cc8-a858-d0e2a4d357bd,d02c4642-ffb4-5126-a0d9-952b190c7c76,15,15,ጻድቃን እያበሩ በጨለማ የተወለዱትን በጨለማ ሲጣሉ ያዩአቸዋል፤ ኃጥኣንም እየጮኹ ጻድቃንን ሲያበሩ ያዩአቸዋል።
3def85ab-0034-53f3-a7b4-08be7b1e87a1,ce8d8e4e-b079-5cc8-a858-d0e2a4d357bd,d02c4642-ffb4-5126-a0d9-952b190c7c76,16,16,እነርሱም በተጻፉላቸው ቀኖችና ዘመኖች ይኖራሉ።
b3bbe7e8-70dd-591f-a950-1e748b622a74,e16a93e3-d8e9-53cb-a86d-22f33ac90a57,c9873348-813e-5574-ae8c-40fc70e8599f,1,1,በኤርምያስ አፍ የተናገረው የእግዚአብሔር ቃል ከተፈጸመ በኋላ በፋርስ ንጉሥ በቂሮስ በመጀመሪያው ዓመት እግዚአብሔር የፋርስን ንጉሥ የቂሮስን መንፈስ አስነሣ፤ እርሱም በመንግሥቱ ሁሉ አዋጅ አስነገረ፤ ደግሞም በጽሕፈት እንዲህ አለ፦
c20d93dc-8e24-5f9e-a88e-5ad031f36fe2,e16a93e3-d8e9-53cb-a86d-22f33ac90a57,c9873348-813e-5574-ae8c-40fc70e8599f,2,2,“የፋርስ ንጉሥ ቂሮስ እንዲህ ይላል፦ የሰማይ አምላክ እግዚአብሔር የምድርን መንግሥታት ሁሉ ሰጥቶኛል፤ በይሁዳም ባለችው በኢየሩሳሌም ቤትን እሠራለት ዘንድ እንዳስብ አደረገኝ፤
671a3e9d-09c4-5a8e-a020-3056c8e58b84,e16a93e3-d8e9-53cb-a86d-22f33ac90a57,c9873348-813e-5574-ae8c-40fc70e8599f,3,3,ከሕዝቡ ሁሉ በእናንተ ዘንድ ማንም ቢሆን አምላኩ ከእርሱ ጋር ይሁን፤ እርሱም በይሁዳ ወዳለችው ወደ ኢየሩሳሌም ይውጣ፤ በኢየሩሳሌምም ለሚኖረው አምላክ፥ ለእስራኤል አምላክ ለእግዚአብሔር ቤትን ይሥራ፤
6596ce65-7870-512d-ae88-8d85617744b2,e16a93e3-d8e9-53cb-a86d-22f33ac90a57,c9873348-813e-5574-ae8c-40fc70e8599f,4,4,በስደት በሚኖርባቸው ከተሞች ሁሉ ለቀረው ሰው ሁሉ የሀገሩ ሰዎች በብርና በወርቅ፥ በዕቃም፥ በእንስሳም ይርዱት፤ ይህም በኢየሩሳሌም ላለው ለእግዚአብሔር ቤት በፈቃዳቸው ከሚያቀርቡት ሌላ ይሁን።”
b12e5c74-61d1-518b-a99e-7c2af30b684f,e16a93e3-d8e9-53cb-a86d-22f33ac90a57,c9873348-813e-5574-ae8c-40fc70e8599f,5,5,የይሁዳና የብንያም የአባቶች ቤቶች አለቆችም፥ ካህናቱም፥ ሌዋውያኑም፥ በኢየሩሳሌም ያለውን የእግዚአብሔርን ቤት ለመሥራት ይወጡ ዘንድ እግዚአብሔር መንፈሳቸውን ያነሣሣው ሁሉ ተነሡ።
30903e28-5963-5f35-a3d7-fc61751caf03,e16a93e3-d8e9-53cb-a86d-22f33ac90a57,c9873348-813e-5574-ae8c-40fc70e8599f,6,6,በዙሪያቸውም ያሉ ሁሉ በፈቃዳቸው ካቀረቡት ሁሉ ሌላ በብር ዕቃና በወርቅ፥ በገንዘቦችና በእንስሶች፥ በሌላም ስጦታ ይረዷቸው ነበር።
ae316c08-8bbd-51c5-a1be-f5a256fb4fe0,e16a93e3-d8e9-53cb-a86d-22f33ac90a57,c9873348-813e-5574-ae8c-40fc70e8599f,7,7,ንጉሡ ቂሮስም ናቡከደነፆር ከኢየሩሳሌም ወስዶ በአምላኩ ቤት ያኖራቸውን የእግዚአብሔርን ቤተ መቅደስ ዕቃዎች አወጣ።
82fd5cb5-0977-500e-a491-fe00687a9656,e16a93e3-d8e9-53cb-a86d-22f33ac90a57,c9873348-813e-5574-ae8c-40fc70e8599f,8,8,የፋርስ ንጉሥ ቂሮስም የመዝገብ ሐላፊ በነበረው በሚትሪዳጡ እጅ አወጣቸው፤ ለይሁዳም መስፍን ለሲሳብሳር ቈጠራቸው።
20deb15b-be25-5d19-a163-d74483831415,e16a93e3-d8e9-53cb-a86d-22f33ac90a57,c9873348-813e-5574-ae8c-40fc70e8599f,9,9,ቍጥራቸውም ይህ ነው፤ ሠላሳ የወርቅ ሳሕኖች፥ አንድ ሺህም የብር ሳሕኖች፥ ሃያ ዘጠኝም ቢላዋዎች፥ ሠላሳ የወርቅ ዳካዎች፥
df04e1c4-7b20-5845-a60e-febd6d84c76f,e16a93e3-d8e9-53cb-a86d-22f33ac90a57,c9873348-813e-5574-ae8c-40fc70e8599f,10,10,አራት መቶ ዐሥርም ሌላ ዓይነት የብር ዳካዎች፥ አንድ ሺህም ሌላ ዕቃ ነበረ።
90490515-e6e5-54d9-af56-86c73d93c152,e16a93e3-d8e9-53cb-a86d-22f33ac90a57,c9873348-813e-5574-ae8c-40fc70e8599f,11,11,የወርቁና የብሩ ዕቃዎች ሁሉ አምስት ሺህ አራት መቶ ነበሩ፤ እነዚህንም ሁሉ ሲሳብሳር ከባቢሎን ወደ ኢየሩሳሌም ከተመለሱ ምርኮኞች ጋር ወሰደ።
aca7fd01-e764-52b3-aa88-42d3b1c0cfe2,87a3a6ff-084a-5889-ac64-e84a7ea57169,019348b4-caee-5400-a1d8-e5bb2d5b99a0,1,1,የባቢሎንም ንጉሥ ናቡከደነፆር ወደ ባቢሎን ከማረካቸው ምርኮኞች ወደ ኢየሩሳሌምና ወደ ይሁዳ፥ ወደ እየከተማቸው የተመለሱት የሀገር ልጆች እነዚህ ናቸው።
d70249cf-ffc1-5ae2-a0d0-9387239d9a91,87a3a6ff-084a-5889-ac64-e84a7ea57169,019348b4-caee-5400-a1d8-e5bb2d5b99a0,2,2,ከዘሩባቤል፥ ከኢያሱ፥ ከነህምያ፥ ከሠራያ፥ ከሮሃልያ፥ ከመርዶክዮስ፥ ከበላሳን፥ ከመሴፋር፥ ከበጎዋይ፥ ከሬሁም፥ ከበዓና ጋር መጡ። የእስራኤልም ሕዝብ ሰዎች ቍጥር ይህ ነው፤
61efc104-481a-5d3c-af0b-4ceadfe9a630,87a3a6ff-084a-5889-ac64-e84a7ea57169,019348b4-caee-5400-a1d8-e5bb2d5b99a0,3,3,የፋሮስ ልጆች ሁለት ሺህ መቶ ሰባ ሁለት።
093e20dd-6e82-583e-a2b8-201a0a2c9044,87a3a6ff-084a-5889-ac64-e84a7ea57169,019348b4-caee-5400-a1d8-e5bb2d5b99a0,4,4,የሰፋጥያስ ልጆች ሦስት መቶ ሰባ ሁለት።
ef9dcafb-acef-569a-a1c7-e19f404672fc,87a3a6ff-084a-5889-ac64-e84a7ea57169,019348b4-caee-5400-a1d8-e5bb2d5b99a0,5,5,የኤራስ ልጆች ሰባት መቶ ሰባ አምስት።
739dfab5-7489-5aad-a0c2-928a389b5220,87a3a6ff-084a-5889-ac64-e84a7ea57169,019348b4-caee-5400-a1d8-e5bb2d5b99a0,6,6,ከያሱኤና ከዮአብ ልጆች የሆኑት የፈሐት ሞዓብ ልጆች ሁለት ሺህ ስምንት መቶ ዐሥራ ሁለት።
26c87ba0-6eec-59bc-acd4-f421f929a97f,87a3a6ff-084a-5889-ac64-e84a7ea57169,019348b4-caee-5400-a1d8-e5bb2d5b99a0,7,7,የኤላም ልጆች ሺህ ሁለት መቶ አምሳ አራት።
ed517bb2-1d71-5fa9-a330-2436546773f5,87a3a6ff-084a-5889-ac64-e84a7ea57169,019348b4-caee-5400-a1d8-e5bb2d5b99a0,8,8,የዛቱዕ ልጆች ዘጠኝ መቶ አርባ አምስት።
efe4e9c0-a4cd-52e2-a7d3-5d02ea59ec2b,87a3a6ff-084a-5889-ac64-e84a7ea57169,019348b4-caee-5400-a1d8-e5bb2d5b99a0,9,9,የዘካይ ልጆች ሰባት መቶ ስድሳ።
cfeba637-60e4-54b2-a2c9-fd939ce63489,87a3a6ff-084a-5889-ac64-e84a7ea57169,019348b4-caee-5400-a1d8-e5bb2d5b99a0,10,10,የባኒ ልጆች ስድስት መቶ አርባ ሁለት።
641af3f7-3064-5219-a026-07ca43e680fa,87a3a6ff-084a-5889-ac64-e84a7ea57169,019348b4-caee-5400-a1d8-e5bb2d5b99a0,11,11,የቢባይ ልጆች ስድስት መቶ ሃያ ሦስት።
dd050983-4d1b-5966-a36d-e24b362c2ca8,87a3a6ff-084a-5889-ac64-e84a7ea57169,019348b4-caee-5400-a1d8-e5bb2d5b99a0,12,12,የዓዝጋድ ልጆች ሺህ ሁለት መቶ ሃያ ሁለት።
7a2796f6-cb2e-5e30-a61c-d49728c61b3b,87a3a6ff-084a-5889-ac64-e84a7ea57169,019348b4-caee-5400-a1d8-e5bb2d5b99a0,13,13,የአዶኒቃም ልጆች ስድስት መቶ ስድሳ ስድስት።
204576c7-a8fc-56ad-aa2e-d7184ac27505,87a3a6ff-084a-5889-ac64-e84a7ea57169,019348b4-caee-5400-a1d8-e5bb2d5b99a0,14,14,የበጕዋይ ልጆች ሁለት ሺህ አምሳ ስድስት።
ede28ac1-f62f-5448-a7e6-a86dd95f8b83,87a3a6ff-084a-5889-ac64-e84a7ea57169,019348b4-caee-5400-a1d8-e5bb2d5b99a0,15,15,የዓዲን ልጆች አራት መቶ አምሳ አራት።
ee14b156-7714-5212-aa68-bed5be17d5e1,87a3a6ff-084a-5889-ac64-e84a7ea57169,019348b4-caee-5400-a1d8-e5bb2d5b99a0,16,16,ከሕዝቅያስ ወገን የአጤር ልጆች ዘጠና ስምንት።
5c6d7c46-4121-53f2-a651-75acab42bb43,87a3a6ff-084a-5889-ac64-e84a7ea57169,019348b4-caee-5400-a1d8-e5bb2d5b99a0,17,17,የቤሳይ ልጆች ሦስት መቶ ሃያ ሦስት።
cd8d4a1e-6a65-58e4-ae5a-4ecb0fb4707e,87a3a6ff-084a-5889-ac64-e84a7ea57169,019348b4-caee-5400-a1d8-e5bb2d5b99a0,18,18,የዮራ ልጆች መቶ ዐሥራ ሁለት።
7218016e-0805-559a-a655-8977dee9643a,87a3a6ff-084a-5889-ac64-e84a7ea57169,019348b4-caee-5400-a1d8-e5bb2d5b99a0,19,19,የሐሱም ልጆች ሁለት መቶ ሃያ ሦስት።
d4d75102-a951-5681-a629-6b54c9df4329,87a3a6ff-084a-5889-ac64-e84a7ea57169,019348b4-caee-5400-a1d8-e5bb2d5b99a0,20,20,የጋቤር ልጆች ዘጠና አምስት።
1348d2ad-eabc-507a-a426-5f67034ec340,87a3a6ff-084a-5889-ac64-e84a7ea57169,019348b4-caee-5400-a1d8-e5bb2d5b99a0,21,21,የቤተ ልሔም ልጆች መቶ ሃያ ሦስት።
0ec271f3-8e6f-5406-ae87-83c14c2bc56b,87a3a6ff-084a-5889-ac64-e84a7ea57169,019348b4-caee-5400-a1d8-e5bb2d5b99a0,22,22,የነጦፋ ልጆች አምሳ ስድስት።
cab320f4-c280-53e9-a952-4fd76093d475,87a3a6ff-084a-5889-ac64-e84a7ea57169,019348b4-caee-5400-a1d8-e5bb2d5b99a0,23,23,የዓናቶት ልጆች መቶ ሃያ ስምንት።
eebe319a-5cd6-564d-ad6a-75a6a48498c4,87a3a6ff-084a-5889-ac64-e84a7ea57169,019348b4-caee-5400-a1d8-e5bb2d5b99a0,24,24,የዓዝሞት ልጆች አርባ ሁለት።
2cf93f7c-fb83-5eb1-aa50-4099821142cf,87a3a6ff-084a-5889-ac64-e84a7ea57169,019348b4-caee-5400-a1d8-e5bb2d5b99a0,25,25,የቂርያትይዓሪምና የቃፌር፥ የብኤሮትም ልጆች ሰባት መቶ አርባ ሦስት።
46a4f7b9-c1f9-5ffb-ace6-07169523fcd9,87a3a6ff-084a-5889-ac64-e84a7ea57169,019348b4-caee-5400-a1d8-e5bb2d5b99a0,26,26,የራማና የጋባዕ ልጆች ስድስት መቶ ሃያ አንድ።
0fe65c29-ace6-5b6f-a2e0-6ff14422c9cf,87a3a6ff-084a-5889-ac64-e84a7ea57169,019348b4-caee-5400-a1d8-e5bb2d5b99a0,27,27,የመኪማስ ሰዎች መቶ ሃያ ሁለት።
3b08dd71-d1c3-58e3-a1e3-117c0c92a91b,87a3a6ff-084a-5889-ac64-e84a7ea57169,019348b4-caee-5400-a1d8-e5bb2d5b99a0,28,28,የቤቴልና የጋይ ሰዎች ሁለት መቶ ሃያ ሦስት።
3b05d3c1-6fcf-59dc-a93e-70ca87cc5e3f,87a3a6ff-084a-5889-ac64-e84a7ea57169,019348b4-caee-5400-a1d8-e5bb2d5b99a0,29,29,የናባው ልጆች አምሳ ሁለት።
edd10ac0-fca7-584c-a6ef-28086424fc5e,87a3a6ff-084a-5889-ac64-e84a7ea57169,019348b4-caee-5400-a1d8-e5bb2d5b99a0,30,30,የመጌባስ ልጆች መቶ አምሳ ስድስት።
076144f5-9ee1-52be-acd3-10f99780241f,87a3a6ff-084a-5889-ac64-e84a7ea57169,019348b4-caee-5400-a1d8-e5bb2d5b99a0,31,31,የኤላማር ልጆች ሺህ ሁለት መቶ አምሳ አራት።
8e06345c-9b9c-5a50-a980-96746b4e530a,87a3a6ff-084a-5889-ac64-e84a7ea57169,019348b4-caee-5400-a1d8-e5bb2d5b99a0,32,32,የኤላም ልጆች ሦስት መቶ ሃያ።
a4f19803-5ba7-57d5-a101-2e84eafc4c47,87a3a6ff-084a-5889-ac64-e84a7ea57169,019348b4-caee-5400-a1d8-e5bb2d5b99a0,33,33,የሎድ፥ የሐዲድና የኦኖም ልጆች ሰባት መቶ ሃያ አምስት።
d849a83f-1568-57e6-a05e-d2e7ee5e4e7a,87a3a6ff-084a-5889-ac64-e84a7ea57169,019348b4-caee-5400-a1d8-e5bb2d5b99a0,34,34,የኢያሪኮ ልጆች ሦስት መቶ አርባ አምስት።
de0a3a6d-2fbe-5913-a2ff-223374631d7c,87a3a6ff-084a-5889-ac64-e84a7ea57169,019348b4-caee-5400-a1d8-e5bb2d5b99a0,35,35,የሴዓናህ ልጆች ሦስት ሺህ ስድስት መቶ ሠላሳ።
673d3344-2c51-5708-ae88-76b85f26d96f,87a3a6ff-084a-5889-ac64-e84a7ea57169,019348b4-caee-5400-a1d8-e5bb2d5b99a0,36,36,ካህናቱ ከኢያሱ ወገን የዮዳኤ ልጆች ዘጠኝ መቶ ሰባ ሦስት።
a1e45fa5-c32b-5a06-a10c-69a9a3e4cd32,87a3a6ff-084a-5889-ac64-e84a7ea57169,019348b4-caee-5400-a1d8-e5bb2d5b99a0,37,37,የኢሜር ልጆች ሺህ አምሳ ሁለት።
103bed6e-9cd5-5842-aaef-4a716d6993ea,87a3a6ff-084a-5889-ac64-e84a7ea57169,019348b4-caee-5400-a1d8-e5bb2d5b99a0,38,38,የፋስኮር ልጆች ሺህ ሁለት መቶ አርባ ሰባት።
99c62c2f-c217-5a4a-a55b-085b0fdd7dc5,87a3a6ff-084a-5889-ac64-e84a7ea57169,019348b4-caee-5400-a1d8-e5bb2d5b99a0,39,39,የኤረም ልጆች ሺህ ዐሥራ ሰባት።
3800c717-6829-527e-a9d8-c07aaca961e9,87a3a6ff-084a-5889-ac64-e84a7ea57169,019348b4-caee-5400-a1d8-e5bb2d5b99a0,40,40,ሌዋውያኑ፤ ከሁድያ ልጆች ወገን የኢዮስስና የቀዳምሔል ልጆች ሰባ አራት።
9a748ab8-3721-521f-abbc-129feb25bb2c,87a3a6ff-084a-5889-ac64-e84a7ea57169,019348b4-caee-5400-a1d8-e5bb2d5b99a0,41,41,መዘምራኑ የአሳፍ ልጆች መቶ ሃያ ስምንት።
4439f50b-7f02-5565-a7e6-556da5777853,87a3a6ff-084a-5889-ac64-e84a7ea57169,019348b4-caee-5400-a1d8-e5bb2d5b99a0,42,42,የበረኞች ልጆች፥ የሰሎም ልጆች፥ የአጤር ልጆች፥ የጤልሞን ልጆች፥ የዓቁብ ልጆች፥ የሐጢጣ ልጆች፥ የሰበዋይ ልጆች ሁሉ መቶ ሠላሳ ዘጠኝ።
943c9496-b3bc-5c59-aff0-117759d2158d,87a3a6ff-084a-5889-ac64-e84a7ea57169,019348b4-caee-5400-a1d8-e5bb2d5b99a0,43,43,ናታኒም፤ የሲሓ ልጆች፥ የሐሡፊ ልጆች፥ የጠብዖት ልጆች፤
9aab2ce1-3330-5fe0-a5ed-3ff4ae9a7e07,87a3a6ff-084a-5889-ac64-e84a7ea57169,019348b4-caee-5400-a1d8-e5bb2d5b99a0,44,44,የቃዴስ ልጆች፥ የሲሔል ልጆች፥ የፋዶን ልጆች፤
f8e80fe6-3dfa-5703-aeb7-478e2db52c43,87a3a6ff-084a-5889-ac64-e84a7ea57169,019348b4-caee-5400-a1d8-e5bb2d5b99a0,45,45,የልባና ልጆች፥ የአጋባ ልጆች፥ የዓቁብ ልጆች፥
c3c7f052-02d8-5028-a685-11a8b63765b1,87a3a6ff-084a-5889-ac64-e84a7ea57169,019348b4-caee-5400-a1d8-e5bb2d5b99a0,46,46,የአጋብ ልጆች፥ የሰላሚ ልጆች፥ የሐናን ልጆች፤
db8208a8-7736-5812-abc8-b3b0eb02caf5,87a3a6ff-084a-5889-ac64-e84a7ea57169,019348b4-caee-5400-a1d8-e5bb2d5b99a0,47,47,የጋዱል ልጆች፥ የጋሐር ልጆች፥ የራእያ ልጆች፤
dab28de2-4ce2-564a-a357-988ee8250695,87a3a6ff-084a-5889-ac64-e84a7ea57169,019348b4-caee-5400-a1d8-e5bb2d5b99a0,48,48,የረአሶን ልጆች፥ የኒቆዳ ልጆች፥ የጋሴም ልጆች፤
473a3ad7-5e3f-58ff-a915-591a61cf077a,87a3a6ff-084a-5889-ac64-e84a7ea57169,019348b4-caee-5400-a1d8-e5bb2d5b99a0,49,49,የዓዝያት ልጆች፥ የፋሒስ ልጆች፥ የባሲ ልጆች፤
e0a652fc-d8b1-5d98-a526-40750e0dfa19,87a3a6ff-084a-5889-ac64-e84a7ea57169,019348b4-caee-5400-a1d8-e5bb2d5b99a0,50,50,የአሲና ልጆች፥ የምዑናውያን ልጆች፥ የናፌሶን ልጆች፤
beee75f3-b6be-50d7-aac5-b27908a9c742,87a3a6ff-084a-5889-ac64-e84a7ea57169,019348b4-caee-5400-a1d8-e5bb2d5b99a0,51,51,የበቅቡቅ ልጆች፥ የሐቁፋ ልጆች፥ የሐርሑር ልጆች፤
08709f31-2be9-5a65-ae7f-676f7979759d,87a3a6ff-084a-5889-ac64-e84a7ea57169,019348b4-caee-5400-a1d8-e5bb2d5b99a0,52,52,የበስሎት ልጆች፥ የማሁድ ልጆች፥ የአሪስ ልጆች፤
68a02bc4-cb2a-5e8b-a4d6-6f35f95d3b73,87a3a6ff-084a-5889-ac64-e84a7ea57169,019348b4-caee-5400-a1d8-e5bb2d5b99a0,53,53,የበርቆስ ልጆች፥ የሲሣራ ልጆች፥ የቴማ ልጆች፥
cec0eb47-45b6-5371-ac6a-838e5ec80239,87a3a6ff-084a-5889-ac64-e84a7ea57169,019348b4-caee-5400-a1d8-e5bb2d5b99a0,54,54,የንስያ ልጆች፥ የአጡፋ ልጆች።
afbeeb50-218a-5867-a4ff-b6aaac9c393f,87a3a6ff-084a-5889-ac64-e84a7ea57169,019348b4-caee-5400-a1d8-e5bb2d5b99a0,55,55,የሰሎሞን አገልጋዮች ልጆች፤ የሳጢ ልጆች፥ የሰፌርታ ልጆች፥ የፋዱርሓ ልጆች፤
f378769e-6ba4-5463-a8fc-decbc3bd3cfe,87a3a6ff-084a-5889-ac64-e84a7ea57169,019348b4-caee-5400-a1d8-e5bb2d5b99a0,56,56,የኢያሔል ልጆች፥ የደርቆን ልጆች፥ የጌዴል ልጆች፤
e7b07bac-ac04-511d-a58e-63e715163033,87a3a6ff-084a-5889-ac64-e84a7ea57169,019348b4-caee-5400-a1d8-e5bb2d5b99a0,57,57,የሰፋጥያስ ልጆች፥ የአጤል ልጆች፥ የፎኬርት ልጆች፥ የሐፂባይም ልጆች፥ የአሚ ልጆች።
2b4d7bef-7f43-5238-a40a-f975b7ce0152,87a3a6ff-084a-5889-ac64-e84a7ea57169,019348b4-caee-5400-a1d8-e5bb2d5b99a0,58,58,እነዚህ ናታኒም ሁሉና የሰሎሞን አገልጋዮች ልጆች ሦስት መቶ ዘጠና ሁለት ነበሩ።
35bbc062-2807-5897-a07e-03b05352feff,87a3a6ff-084a-5889-ac64-e84a7ea57169,019348b4-caee-5400-a1d8-e5bb2d5b99a0,59,59,ከቲልሜላ፥ ከቴላርሳ፥ ከክሩብ፥ ከሐዳን፥ ከኤሜር የወጡ እነዚህ ነበሩ፤ ነገር ግን የአባቶቻቸውን ቤቶችና ዘራቸውን ወይም ከእስራኤል ወገን መሆናቸውን ያስታውቁ ዘንድ አልቻሉም፤
d8cdb6e7-2494-5f9a-aeed-4da242ddbadd,87a3a6ff-084a-5889-ac64-e84a7ea57169,019348b4-caee-5400-a1d8-e5bb2d5b99a0,60,60,የዳላያ ልጆች፥ የጦብያ ልጆች፥ የኒቆዳ ልጆች፥ ስድስት መቶ አምሳ ሁለት ነበሩ።
7e00cb9b-f324-5c93-adab-0c9dadb26676,87a3a6ff-084a-5889-ac64-e84a7ea57169,019348b4-caee-5400-a1d8-e5bb2d5b99a0,61,61,ከካህናቱም ልጆች፤ የአብያ ልጆች፥ የአቆስ ልጆች፥ ከገለዓዳዊው ከቤርዜሊ ልጆች ሚስት ያገባ፥ በስማቸውም የተጠራ የቤርዜሊ ልጆች።
7a10fd6f-33e6-5e6b-a263-b600a24eb8c8,87a3a6ff-084a-5889-ac64-e84a7ea57169,019348b4-caee-5400-a1d8-e5bb2d5b99a0,62,62,እነዚህ በትውልድ መጽሐፍ ትውልዳቸውን ፈለጉ፤ ነገር ግን አልተገኘም፤ ከክህነትም ተከለከሉ።
ee6d1383-ee46-5fc5-a3a1-c47c3304c8e1,87a3a6ff-084a-5889-ac64-e84a7ea57169,019348b4-caee-5400-a1d8-e5bb2d5b99a0,63,63,ሐቲርሰስታም፥ “በኡሪምና በቱሚም የሚፈርድ ካህን እስኪነሣ ድረስ ከቅዱሰ ቅዱሳኑ አትበሉም” አላቸው።
766b8032-6df6-56c2-affb-ac165c92d38e,87a3a6ff-084a-5889-ac64-e84a7ea57169,019348b4-caee-5400-a1d8-e5bb2d5b99a0,64,64,ጉባኤው ሁሉ አርባ ሁለት ሺህ ሦስት መቶ ስድሳ ነበሩ።
9d59ddbc-7b4a-59e6-a225-bfda63019291,87a3a6ff-084a-5889-ac64-e84a7ea57169,019348b4-caee-5400-a1d8-e5bb2d5b99a0,65,65,ይኸውም ሰባት ሺህ ሦስት መቶ ሠላሳ ሰባት ከነበሩ ከሎሌዎቻቸውና ከገረዶቻቸው ሌላ ሁለት መቶ ወንዶች መዘምራንና ሴቶች መዘምራትም ነበሩአቸው።
c00c7100-7073-5b28-a608-3b3f684e1222,87a3a6ff-084a-5889-ac64-e84a7ea57169,019348b4-caee-5400-a1d8-e5bb2d5b99a0,66,66,ፈረሶቻቸውም ሰባት መቶ ሠላሳ ስድስት፥ በቅሎዎቻቸውም ሁለት መቶ አርባ አምስት፥
ac39c2b9-4528-5907-a15c-a95d8677df46,87a3a6ff-084a-5889-ac64-e84a7ea57169,019348b4-caee-5400-a1d8-e5bb2d5b99a0,67,67,ግመሎቻቸውም አራት መቶ ሠላሳ አምስት፥ አህዮቻቸውም ስድስት ሺህ ሰባት መቶ ሃያ ነበሩ።
37ac27c8-4b23-55b2-ae59-3cf9fcbf3339,87a3a6ff-084a-5889-ac64-e84a7ea57169,019348b4-caee-5400-a1d8-e5bb2d5b99a0,68,68,በኢየሩሳሌምም ወዳለው ወደ እግዚአብሔር ቤት በመጡ ጊዜ ከአባቶች ቤቶች አለቆች አያሌዎች ለእግዚአብሔር ቤት በስፍራው ይሠሩት ዘንድ በፈቃዳቸው ሰጡ።
ad28b201-0fed-51ea-a740-79e6d3681d22,87a3a6ff-084a-5889-ac64-e84a7ea57169,019348b4-caee-5400-a1d8-e5bb2d5b99a0,69,69,ስድሳ አንድ ሺህም የወርቅ ዳሪክ፥ አምስት ሺህም ምናን ብር፥ አንድ መቶም የካህናት ልብስ እንደ ችሎታቸው ወደ ሥራው ቤተ መዛግብት አቀረቡ።
ebe16220-9dca-55b2-af3d-297c96666c36,87a3a6ff-084a-5889-ac64-e84a7ea57169,019348b4-caee-5400-a1d8-e5bb2d5b99a0,70,70,ካህናቱና ሌዋውያኑም፥ ከሕዝቡም አያሌዎች፥ መዘምራኑና በረኞቹም፥ ናታኒምም በከተሞቻቸው፥ እስራኤልም ሁሉ በከተሞቻቸው ተቀመጡ።
4994bbd0-7606-5d77-a17e-fc7065a03aa2,dec335a8-516b-52cb-a6d5-9af352b4e8b1,cd0ab53d-0701-53d5-ab9a-1b626a9e9705,1,1,ሰባተኛውም ወር በደረሰ ጊዜ፥ የእስራኤልም ልጆች በከተሞቻቸው ሳሉ፥ ሕዝቡ እንደ አንድ ሰው ሆነው ወደ ኢየሩሳሌም ተሰበሰቡ።
68500e6d-43c6-566f-acb7-09797effb353,dec335a8-516b-52cb-a6d5-9af352b4e8b1,cd0ab53d-0701-53d5-ab9a-1b626a9e9705,2,2,የኢዮሴዴቅም ልጅ ኢያሱ፥ ወንድሞቹም ካህናቱ፥ የሰላትያልም ልጅ ዘሩባቤል፥ ወንድሞቹም ተነሥተው በእግዚአብሔር ሰው በሙሴ ሕግ እንደ ተጻፈ የሚቃጠለውን መሥዋዕት ያቀርቡበት ዘንድ የእስራኤልን አምላክ መሠዊያ ሠሩ።
3e62b5a7-173e-5279-a0e1-ced86185c013,dec335a8-516b-52cb-a6d5-9af352b4e8b1,cd0ab53d-0701-53d5-ab9a-1b626a9e9705,3,3,በሀገሩም ካሉት አሕዛብ ፈርተው ነበርና መሠዊያውን በስፍራው ላይ አስቀመጡት፤ በጥዋትና በማታም የሚቃጠለውን መሥዋዕት ለእግዚአብሔር አቀረቡበት።
d0f8a53a-74dd-5883-a5a0-b764892194d9,dec335a8-516b-52cb-a6d5-9af352b4e8b1,cd0ab53d-0701-53d5-ab9a-1b626a9e9705,4,4,እንደ ተጻፈውም የዳስ በዓል አደረጉ፤ እንደ ሥርዐቱም ለየዕለቱ የተገባውን የየዕለቱን የሚቃጠል መሥዋዕት በቍጥር አቀረቡ።
b8833d4e-dfd0-516c-af82-f85b4e118c32,dec335a8-516b-52cb-a6d5-9af352b4e8b1,cd0ab53d-0701-53d5-ab9a-1b626a9e9705,5,5,ከዚያም በኋላ ዘወትር የሚቃጠለውን መሥዋዕት፥ የመባቻውንም መሥዋዕት፥ የተቀደሱትንም የእግዚአብሔር በዓላት ሁሉ መሥዋዕት፥ ሰውም ሁሉ ለእግዚአብሔር በፈቃድ የሰጠውን ቍርባን አቀረቡ።
77386db4-9348-5465-ab63-01148d8d084e,dec335a8-516b-52cb-a6d5-9af352b4e8b1,cd0ab53d-0701-53d5-ab9a-1b626a9e9705,6,6,በሰባተኛውም ወር በመጀመሪያው ቀን ለእግዚአብሔር የሚቃጠል መሥዋዕት ማቅረብ ጀመሩ፤ የእግዚአብሔር መቅደስ ግን ገና አልተመሠረተም ነበር።
ead62c76-d2ac-5898-a5bc-b6203413a4d5,dec335a8-516b-52cb-a6d5-9af352b4e8b1,cd0ab53d-0701-53d5-ab9a-1b626a9e9705,7,7,ለጠራቢዎችና ለአናጢዎችም ብር ሰጡ፤ የፋርስም ንጉሥ ቂሮስ እንደ ፈቀደላቸው የዝግባ ዛፍ ከሊባኖስ በባሕር ወደ ኢዮጴ ያመጡ ዘንድ ለሲዶናና ለጢሮስ ሰዎች መብልና መጠጥ፥ ዘይትም ሰጡ።
d8b8f1b1-6267-5d36-adbb-e5963babfa6e,dec335a8-516b-52cb-a6d5-9af352b4e8b1,cd0ab53d-0701-53d5-ab9a-1b626a9e9705,8,8,በኢየሩሳሌምም ወዳለው ወደ እግዚአብሔር ቤት በመጡ በሁለተኛው ዓመት በሁለተኛውም ወር የሰላትያል ልጅ ዘሩባቤል፥ የኢዮሴዴቅም ልጅ ኢያሱ፥ የቀሩትም ወንድሞቻቸው ካህናትና ሌዋውያን፥ ከምርኮ ወደ ኢየሩሳሌምም የተመለሱት ሁሉ ጀመሩ፤ ሌዋውያንንም ከሃያ ዓመት ጀምሮ ከዚያም በላይ የእግዚአብሔርን ቤት ሥራ እንዲያሠሩት ሾሙአቸው።
a5f1782a-4077-5763-a153-1cca056bb440,dec335a8-516b-52cb-a6d5-9af352b4e8b1,cd0ab53d-0701-53d5-ab9a-1b626a9e9705,9,9,ኢያሱም፥ ልጆቹም ተሾሙ፤ ወንድሞቹም፥ የይሁዳም ልጆች ቀደምያልና ልጆቹ፥ የኢንሐዳድም ልጆች፥ ልጆቻቸውና ወንድሞቻቸው ሌዋውያንም የእግዚአብሔርን ቤት የሚሠሩትን ያሠሩ ዘንድ በአንድነት ቆሙ።
0429589d-00a4-5fea-abda-41b3c4d7da82,dec335a8-516b-52cb-a6d5-9af352b4e8b1,cd0ab53d-0701-53d5-ab9a-1b626a9e9705,10,10,አናጢዎቹም የእግዚአብሔርን መቅደስ ይሠሩ ዘንድ መሠረት በጣሉ ጊዜ ካህናቱ ልብሳቸውን ለብሰው መለከቱን ይዘው፥ የአሳፍም ልጆች ሌዋውያን ጸናጽል ይዘው እንደ እስራኤል ንጉሥ እንደ ዳዊት ሥርዐት እግዚአብሔርን ያመሰግኑ ዘንድ ቆሙ።
79dabc78-f176-51f8-a398-489dbb19143e,dec335a8-516b-52cb-a6d5-9af352b4e8b1,cd0ab53d-0701-53d5-ab9a-1b626a9e9705,11,11,ደግሞ፥ “ቸር ነውና፥ ለእስራኤልም ምሕረቱ ለዘለዓለም ነውና” እያሉ እግዚአብሔርን እያመሰገኑና እያከበሩ እርስ በርሳቸው ያስተዛዝሉ ነበር፤ የእግዚአብሔርም ቤት በተመሠረተ ጊዜ ሕዝቡ ሁሉ እግዚአብሔርን እያከበሩ በታላቅ ድምፅ ዘመሩ።
34e836b7-6c08-567f-abbd-ef6562c4c9b2,dec335a8-516b-52cb-a6d5-9af352b4e8b1,cd0ab53d-0701-53d5-ab9a-1b626a9e9705,12,12,የፊተኛውን ቤት ያዩ ሽማግሌዎች የሆኑ ብዙ ካህናትና ሌዋውያን፥ የአባቶችም ቤቶች አለቆች ግን ይህ መቅደስ በፊታቸው በተመሠረተ ጊዜ በታላቅ ድምፅ ያለቅሱ ነበር፤ ብዙ ሰዎችም እየዘመሩ በደስታ ይጮኹ ነበር፤
3659ea9b-368c-5185-a44c-242df8943a05,dec335a8-516b-52cb-a6d5-9af352b4e8b1,cd0ab53d-0701-53d5-ab9a-1b626a9e9705,13,13,ደስ ብሎአቸው የሚጮኹትን ድምፅ ከሕዝቡ ልቅሶ ድምፅ መለየት የሚችል አልነበረም፥ ሕዝቡ በታላቅ ድምፅ ይጮኽ ነበርና ድምፁም ከሩቅ ይሰማ ነበርና።
44342a94-8bc0-5f9f-ac80-b532121ec37d,530b84e1-df45-501c-a299-694f7cbd8195,1359cc0b-369e-5119-a46f-9e1e21fd1dea,1,1,የይሁዳና የብንያምም ጠላቶች፥ የምርኮኞቹ ልጆች ለእስራኤል አምላክ ለእግዚአብሔር መቅደስ እንደሚሠሩ ሰሙ።
f78bcc2d-6889-58ea-afb7-ed423525a9c2,530b84e1-df45-501c-a299-694f7cbd8195,1359cc0b-369e-5119-a46f-9e1e21fd1dea,2,2,ወደ ዘሩባቤልና ወደ አባቶች ቤቶች አለቆችም ቀርበው፥ “የአሦር ንጉሥ አስራዶን ወደዚህ ካመጣን ቀን ጀምሮ ለአምላካችሁ እንሠዋለንና፥ እንደ እናንተም እንፈልገዋለንና ከእናንተ ጋር እንሥራ” አሉአቸው።
113bf2df-36fa-546d-ad05-9121e6977483,530b84e1-df45-501c-a299-694f7cbd8195,1359cc0b-369e-5119-a46f-9e1e21fd1dea,3,3,ዘሩባቤልና ኢያሱም፥ የቀሩትም የእስራኤል አባቶች ቤቶች አለቆች፥ “የአምላካችንን ቤት መሥራት ለእኛና ለእናንተ አይደለም፤ እኛ ራሳችን ግን የፋርስ ንጉሥ ቂሮስ እንዳዘዘን ለአምላካችን ለእግዚአብሔር ቤት እንሠራለን” አሉአቸው።
1d10a292-7f37-5edf-a583-fc2c86132d1b,530b84e1-df45-501c-a299-694f7cbd8195,1359cc0b-369e-5119-a46f-9e1e21fd1dea,4,4,የሀገሩም ሕዝብ የይሁዳን ሕዝብ እጅግ ያዳክሙ ነበር፤ እንዳይሠሩም ከለከሉአቸው፤
34003a48-61a4-5ba5-af5f-544ae7e11d37,530b84e1-df45-501c-a299-694f7cbd8195,1359cc0b-369e-5119-a46f-9e1e21fd1dea,5,5,ምክራቸውንም ያፈርሱ ዘንድ በፋርሱ ንጉሥ በቂሮስ ዘመን ሁሉ እስከ ፋርስ ንጉሥ እስከ ዳርዮስ መንግሥት ድረስ መካሪዎችን ገዙባቸው።
20f9294e-2632-5207-a2fe-60ee9b4cc2e5,530b84e1-df45-501c-a299-694f7cbd8195,1359cc0b-369e-5119-a46f-9e1e21fd1dea,6,6,በአሕሳዊሮስም መንግሥት፥ በመንግሥቱም በመጀመሪያ ዘመን፥ በይሁዳና በኢየሩሳሌም በሚኖሩት ላይ ደብዳቤ ጻፉ።
324c1283-f173-51d7-ae50-6677997ba365,530b84e1-df45-501c-a299-694f7cbd8195,1359cc0b-369e-5119-a46f-9e1e21fd1dea,7,7,በአርተሰስታ ዘመን በሴሌም፥ ሜትሪዳጡ፥ ጣብሄል፥ የቀሩት ተባባሪውቻቸውም ለፋርስ ንጉሥ ለአርተሰስታ ጻፉ፤ ደብዳቤውም በሶርያ ፊደልና በሶርያ ቋንቋ ተጽፎ ነበር።
1b53bde7-8fc6-58f0-a197-65905486e552,530b84e1-df45-501c-a299-694f7cbd8195,1359cc0b-369e-5119-a46f-9e1e21fd1dea,8,8,አዛዡ ሬሁም፥ ጸሓፊውም ሲምሳይ በኢየሩሳሌም ላይ ለንጉሡ ለአርተሰስታ አንድ የክስ ደብዳቤ ጻፉ።
99e80d1f-25d1-59ae-a3bb-4fdc36900000,530b84e1-df45-501c-a299-694f7cbd8195,1359cc0b-369e-5119-a46f-9e1e21fd1dea,9,9,አዛዡ ሬሁም፥ ጸሓፊውም ሲምሳይ፥ የቀሩትም ተባባሪዎቻቸው፥ ዲናውያን፥ አፈርሳትካዋያን፥ ጠርፈላውያን፥ አፈርሳውያን፥ አርካውያን፥ ባቢሎናውያን፥ ሱስናካውያን፥ ዴሐውያን፥ ኤላማውያን፥
14e0ce42-a4dc-50ae-a7b6-67f1a733b0d4,530b84e1-df45-501c-a299-694f7cbd8195,1359cc0b-369e-5119-a46f-9e1e21fd1dea,10,10,ታላቁና ኀይለኛው አስናፍር ያፈለሳቸው፥ በሰማርያና በወንዝ ማዶ ያኖራቸው፥ የቀሩትም አሕዛብ ደብዳቤውን ጻፉ።
717cc03d-1bf0-567b-a183-b1bc122ce510,530b84e1-df45-501c-a299-694f7cbd8195,1359cc0b-369e-5119-a46f-9e1e21fd1dea,11,11,ለንጉሡ ለአርተሰስታ የላኩት የደብዳቤ ቃልም ይህ ነው፥ “በወንዝ ማዶ ያሉት ሰዎች ባሪያዎችህ፤
cb131f40-1f3d-578e-a85f-8a05ff5f9ed7,530b84e1-df45-501c-a299-694f7cbd8195,1359cc0b-369e-5119-a46f-9e1e21fd1dea,12,12,አሁንም ከአንተ ዘንድ የወጡ አይሁድ ወደ እኛ ወደ ኢየሩሳሌም እንደ መጡ ጌታቸው ንጉሡ ይወቅ፤ ዐመፀኛዪቱንና እጅግም የከፋችቱን ከተማ ይሠራሉ፤ ቅጥርዋንም ያድሳሉ፤ መሠረቷንም ጠገኑ።
cd33c5be-03a1-5634-a538-eba6e6283f1f,530b84e1-df45-501c-a299-694f7cbd8195,1359cc0b-369e-5119-a46f-9e1e21fd1dea,13,13,አሁንም ይህች ከተማ የተሠራች እንደ ሆነ፥ ቅጥርዋም የታደሰ እንደ ሆነ፥ ግብርና ቀረጥ መጥንም እንደማይሰጡ፥ ንጉሡ ይወቅ፤ ይህም መንግሥትን ይጐዳል።
d9f5fa3e-caed-57ef-a8be-03ceb221672e,530b84e1-df45-501c-a299-694f7cbd8195,1359cc0b-369e-5119-a46f-9e1e21fd1dea,14,14,ንጉሡንም ሲያቃልሉት ማየት አይገባንምና ስለዚህ ልከን ለንጉሡ አስታውቀናል፤
1196623c-0802-54bf-a521-6445ac0be1c2,530b84e1-df45-501c-a299-694f7cbd8195,1359cc0b-369e-5119-a46f-9e1e21fd1dea,15,15,በአባቶችህ ታሪክ መጽሐፍ ምርመራ ይደረግ፤ በዚያም በታሪክ መጽሐፍ ይህች ከተማ ዐመፀኛ እንደ ሆነች፥ ነገሥታትንና አውራጃዎችንም እንደ ጎዳች፥ ከጥንቱም የገባሮች ሽፍትነት በእርስዋ እንደ ተጀመረ ታገኛለህ፤ ታውቃለህም፤ ስለዚህም ይህች ከተማ ፈርሳ ነበር።
d458e957-ce20-5184-ae38-244fad28be19,530b84e1-df45-501c-a299-694f7cbd8195,1359cc0b-369e-5119-a46f-9e1e21fd1dea,16,16,ይህችም ከተማ የተሠራች እንደ ሆነ፥ ቅጥርዋም የታደሰ እንደ ሆነ፥ ሰላም እንደማይኖርህ ለንጉሡ እናስታውቃለን።”
8fb62703-5695-5e95-a226-a4c4e963c788,530b84e1-df45-501c-a299-694f7cbd8195,1359cc0b-369e-5119-a46f-9e1e21fd1dea,17,17,ንጉሡም ለአዛዡ ለሬሁም፥ ለጸሓፊውም ለሲምሳይ፥ በሰማርያና በወንዝ ማዶም ለተቀመጡትና ለቀሩት ተባባሪዎቻቸው እንዲህ የሚለውን መልስ ላከ፥ “ሰላም ለእናንተ ይሁን።
a10ef0b5-8bcd-5e7e-a224-24be39280b5f,530b84e1-df45-501c-a299-694f7cbd8195,1359cc0b-369e-5119-a46f-9e1e21fd1dea,18,18,አሁንም ወደ እኛ የላካችሁት መልእክተኛ ወደ እኔ ደረሰ
4c249ebf-b416-586d-aea2-0d6f3e98edd5,530b84e1-df45-501c-a299-694f7cbd8195,1359cc0b-369e-5119-a46f-9e1e21fd1dea,19,19,እኔም አዝዣለሁ፤ ተመረመረም፤ ይህችም ከተማ ከጥንት ጀምራ በነገሥታት ላይ ዐመፀኛ እንደ ነበረች፥ በእርስዋም ዐመፅና ሽፍትነት እንደ ተደረገ ተገኘ።
f12a872e-ba9e-533a-a0a7-199e21c023bf,530b84e1-df45-501c-a299-694f7cbd8195,1359cc0b-369e-5119-a46f-9e1e21fd1dea,20,20,በኢየሩሳሌምም እጅግ ኀያላን ነገሥታት ነበሩ፤ በወንዝም ማዶ ያለውን ሀገር ሁሉ ይገዙ ነበር፤ ግብርንና እጅ መንሻንም ይቀበሉ ነበር።
3c92a54d-0a7b-50a3-ac66-5474677f334b,530b84e1-df45-501c-a299-694f7cbd8195,1359cc0b-369e-5119-a46f-9e1e21fd1dea,21,21,አሁንም እነዚህ ሰዎች ሥራውን እንዲተዉ፥ ይህችም ከተማ እንዳትሠራ ትእዛዝ ስጡ።
a9d3ae08-6190-5643-aae1-99837baecad1,530b84e1-df45-501c-a299-694f7cbd8195,1359cc0b-369e-5119-a46f-9e1e21fd1dea,22,22,በዚህም ነገር እንዳትሳሳቱ፥ በነገሥታቱም ጕዳትና ጥፋት እንዳይበዛ ተጠንቀቁ።”
2410f914-3afb-5a85-a2f4-a5d315f62c45,530b84e1-df45-501c-a299-694f7cbd8195,1359cc0b-369e-5119-a46f-9e1e21fd1dea,23,23,የንጉሡም የአርተሰስታ መልእክተኛ በደረሰ ጊዜ በአዛዡ በሬሁምና በጸሓፊው በሲምሳይ፥ በተባባሪዎቻቸውም ፊት መልእክቱን ባነበበ ጊዜ ፈጥነው ወደ ኢየሩሳሌም ወደ አይሁድ በፈረስ ሄዱ፤ በኀይልም አስተዉአቸው።
afde668a-d625-5de9-a74f-67552c1af285,530b84e1-df45-501c-a299-694f7cbd8195,1359cc0b-369e-5119-a46f-9e1e21fd1dea,24,24,በዚያን ጊዜም በኢየሩሳሌም ያለው የእግዚአብሔር ቤት ሥራ ተቋረጠ፤ እስከ ፋርስም ንጉሥ እስከ ዳርዮስ መንግሥት እስከ ሁለተኛው ዓመት ድረስ ተጓጐለ።
855a90bb-2bd9-5209-a175-046712062da1,eb946fae-a950-5b88-a0d4-f0d5cd970f79,4577cf8f-67a0-5a1a-a42d-be26be8f06a6,1,1,ነቢያቱ ሐጌና የአዶ ልጅ ዘካርያስ በይሁዳና በኢየሩሳሌም ለነበሩ አይሁድ በእስራኤል አምላክ ስም ትንቢት ተናገሩላቸው።
9a8e2a32-4301-574d-a740-4825a585b904,eb946fae-a950-5b88-a0d4-f0d5cd970f79,4577cf8f-67a0-5a1a-a42d-be26be8f06a6,2,2,በዚያን ጊዜም የሰላትያል ልጅ ዘሩባቤል የኢዮሴዴቅም ልጅ ኢያሱ ተነሥተው በኢየሩሳሌም ያለውን የእግዚአብሔርን ቤት መሥራት ጀመሩ፤ የሚያግዙአቸውም የእግዚአብሔር ነቢያት ከእነርሱ ጋር ነበሩ።
85b5ec80-86d9-57cf-a00f-57c47e41bf53,eb946fae-a950-5b88-a0d4-f0d5cd970f79,4577cf8f-67a0-5a1a-a42d-be26be8f06a6,3,3,በዚያም ጊዜ በወንዝ ማዶ የነበረው ገዥ ተንትናይ፥ ደግሞ አስተርቡዝናይ ተባባሪዎቻቸውም ወደ እነርሱ መጥተው፥ “ይህን ቤት ትሠሩ ዘንድ ማን አዘዛችሁ? የምትሠሩበትንስ ሥልጣን ማን ሰጣችሁ?” አሉአቸው።
72f14f8a-c3f9-5c38-ac26-143bc54f3826,eb946fae-a950-5b88-a0d4-f0d5cd970f79,4577cf8f-67a0-5a1a-a42d-be26be8f06a6,4,4,ደግሞም፥ “ይህችን ከተማስ የሚሠሩ ሰዎች ስም ማን ማን ነው?” ብለው ጠየቁአቸው።
f1f74747-c0ed-53d4-a1c2-903570842d4b,eb946fae-a950-5b88-a0d4-f0d5cd970f79,4577cf8f-67a0-5a1a-a42d-be26be8f06a6,5,5,የእግዚአብሔር ዐይን ግን በይሁዳ ምርኮኞች ላይ ነበረ፤ ይህም ነገር ወደ ዳርዮስ እስኪደርስ ድረስ፥ መልሱም በመልእክተኛ እስኪመጣ ድረስ አልከለከሉአቸውም።
2ed3d933-d8dd-5dbe-a5f8-d3aa386ffc89,eb946fae-a950-5b88-a0d4-f0d5cd970f79,4577cf8f-67a0-5a1a-a42d-be26be8f06a6,6,6,በወንዙ ማዶ የነበረው ገዥ ተንትናይ፥ ደግሞ አስተርቡዝናይ፥ ተባባሪዎቻቸውም፥ በወንዙ ማዶ የነበሩት አፈርስካውያንም ወደ ንጉሡ ወደ ዳርዮስ የላኩት የደብዳቤው ቃል ይህ ነበረ።
8dfad1fd-2854-569c-aafe-bbde5a90a98c,eb946fae-a950-5b88-a0d4-f0d5cd970f79,4577cf8f-67a0-5a1a-a42d-be26be8f06a6,7,7,እንዲህም የሚል ደብዳቤ ላኩለት፥ “ለንጉሡ ለዳርዮስ ሙሉ ሰላም ይሁን፤
761b157e-3e57-5013-abb9-8db064586831,eb946fae-a950-5b88-a0d4-f0d5cd970f79,4577cf8f-67a0-5a1a-a42d-be26be8f06a6,8,8,ወደ ይሁዳ ሀገር ወደ ታላቁም አምላክ ቤት እንደ ሄድን ንጉሡ ይወቅ፤ እርሱም በጥሩ ድንጋይ ይሠራል፤ በቅጥሩም ውስጥ ልዩ እንጨት ይደረጋል፤ ያም ሥራ በትጋት ይሠራል፤ በእጃቸውም ይከናወናል።
666157d3-26b6-5c38-aa33-912b75d8ab72,eb946fae-a950-5b88-a0d4-f0d5cd970f79,4577cf8f-67a0-5a1a-a42d-be26be8f06a6,9,9,እነዚያንም ሽማግሌዎች፦ ‘ይህን ቤት ትሠሩ ዘንድ ማን አዘዛችሁ? የምትሠሩበትንስ ሥልጣን ማን ሰጣችሁ?’ ብለን ጠየቅናቸው።
fad22f5c-cd8e-5871-ab1a-e45c17aa7355,eb946fae-a950-5b88-a0d4-f0d5cd970f79,4577cf8f-67a0-5a1a-a42d-be26be8f06a6,10,10,ደግሞም እናስታውቅህ ዘንድ፥ በእነርሱም ያሉትን ሹሞች ስም እንጽፍልህ ዘንድ ስማቸውን ጠየቅን።
86622e96-fdf1-5f05-ae66-218f87991285,eb946fae-a950-5b88-a0d4-f0d5cd970f79,4577cf8f-67a0-5a1a-a42d-be26be8f06a6,11,11,እንደዚህም ብለው መለሱልን፦ እኛ የሰማይና የምድር አምላክ ባሪያዎች ነን፥ ከብዙም ዘመን ጀምሮ ተሠርቶ የነበረውን፥ ታላቁም የእስራኤል ንጉሥ ሠርቶ ፈጽሞላቸው የነበረውን ቤት እንሠራለን።
8f13dd8c-7de4-5451-ab2d-424330b496d4,eb946fae-a950-5b88-a0d4-f0d5cd970f79,4577cf8f-67a0-5a1a-a42d-be26be8f06a6,12,12,አባቶቻችንም የሰማይን አምላክ ከአስቈጡ በኋላ በከለዳዊው በባቢሎን ንጉሥ በናቡከደነፆር እጅ አሳልፎ ሰጣቸው፤ እርሱም ይህን ቤት አፈረሰ፤ ሕዝቡንም ወደ ባቢሎን አፈለሰ።
6416bd52-5e9f-5e5e-a355-910387f8539c,eb946fae-a950-5b88-a0d4-f0d5cd970f79,4577cf8f-67a0-5a1a-a42d-be26be8f06a6,13,13,ነገር ግን በባቢሎን ንጉሥ በቂሮስ በመጀመሪያው ዓመት ንጉሡ ቂሮስ ይህን የእግዚአብሔርን ቤት ይሠሩ ዘንድ አዘዘ።
04513705-bdc2-57e3-a91b-cdf0f290fec3,eb946fae-a950-5b88-a0d4-f0d5cd970f79,4577cf8f-67a0-5a1a-a42d-be26be8f06a6,14,14,ናቡከደነፆርም በኢየሩሳሌም ከነበረው መቅደስ የወሰደውን፥ ወደ ባቢሎንም መቅደስ ያፈለሰውን የእግዚአብሔርን ቤት የወርቁንና የብሩን ዕቃ ንጉሡ ቂሮስ ከባቢሎን መቅደስ አውጥቶ ለቤተ መዛግብቱ ሹም ለሲሳብሳር ሰጠውና፦
929b1ffa-bc0a-5c40-a59c-6fc518c40949,eb946fae-a950-5b88-a0d4-f0d5cd970f79,4577cf8f-67a0-5a1a-a42d-be26be8f06a6,15,15,‘ይህን ዕቃ ይዘህ ሂድ፤ በኢየሩሳሌምም ባለው መቅደስ በቦታው አኑረው፤ የእግዚአብሔርም ቤት በስፍራው ይሠራ’ አለው።
db15998b-7a10-5789-a922-81af50f9b0c8,eb946fae-a950-5b88-a0d4-f0d5cd970f79,4577cf8f-67a0-5a1a-a42d-be26be8f06a6,16,16,በዚያ ጊዜም ይህ ሲሳብሳር መጣ፤ በኢየሩሳሌምም ያለውን የእግዚአብሔርን ቤት መሠረተ፤ ከዚያም ጊዜ ጀምሮ እስከ ዛሬ ድረስ እየተሠራ አልተጨረሰም።
308626cd-d81a-5f01-a2ca-c1b6194b5aba,eb946fae-a950-5b88-a0d4-f0d5cd970f79,4577cf8f-67a0-5a1a-a42d-be26be8f06a6,17,17,አሁንም ይህ ነገር በንጉሡ ዐይን መልካም ቢሆን ይህ የእግዚአብሔር ቤት በኢየሩሳሌም ይሠራ ዘንድ ከንጉሡ ከቂሮስ ታዝዞ እንደ ሆነ በባቢሎን ባለው በንጉሡ ቤተ መዛግብት ይመርመር፤ ስለዚህም ነገር ንጉሡ ፈቃዱን ይላክልን።”
246551eb-4503-571c-af23-dac6ee64f8d2,82b3f425-4a06-58f0-a0f8-6809273d10ef,27f0fb96-9433-5959-a5bd-dcd551745ff2,1,1,በዚያ ጊዜም ንጉሡ ዳርዮስ በባቢሎን ቤተ መዛግብት ያሉ የታሪክ መጻሕፍት እንዲመረመሩ አዘዘ።
ab568447-cb47-506b-a9a5-6c5b8b8958af,82b3f425-4a06-58f0-a0f8-6809273d10ef,27f0fb96-9433-5959-a5bd-dcd551745ff2,2,2,በሜዶን አውራጃ ባለው ባሪ በሚባል ከተማ በንጉሡ ቤት ውስጥ አንድ ጥቅልል ተገኘ፤ በውስጡም ይህ ነገር ለመታሰቢያ ተጽፎ ነበር።
11a47521-a7f2-5c6f-a0c2-afee21284e65,82b3f425-4a06-58f0-a0f8-6809273d10ef,27f0fb96-9433-5959-a5bd-dcd551745ff2,3,3,በንጉሡ በቂሮስ በመጀመሪያው ዓመት ንጉሡ ቂሮስ በኢየሩሳሌም ስላለው የእግዚአብሔር ቤተ መቅደስ እንዲህ ብሎ አዘዘ፥ “ይህ ቤት ይሠራ መሥዋዕት የሚቀርብበትም ቦታ ይሠራ፤ ቁመቱም ስድሳ ክንድ፥ ወርዱም ስድሳ ክንድ ይሁን።
aed87d4c-18bd-5fad-a8c3-11a413621d6f,82b3f425-4a06-58f0-a0f8-6809273d10ef,27f0fb96-9433-5959-a5bd-dcd551745ff2,4,4,በሦስት ተራ ታላላቅ ድንጋይ፥ በአንድ ተራ እንጨት ይደረግ፤ ወጭውም ከንጉሡ ቤት ይሰጥ።
74450563-0d56-5295-a0d1-e54d1573d2be,82b3f425-4a06-58f0-a0f8-6809273d10ef,27f0fb96-9433-5959-a5bd-dcd551745ff2,5,5,ናቡከደነዖርም በኢየሩሳሌም ካለው መቅደስ ወስዶ ወደ ባቢሎን ያመጣው የእግዚአብሔር ቤት የወርቅና የብር ዕቃ ይሰጥ፤ በኢየሩሳሌምም ወዳለው መቅደስ ወደ ስፍራው ይወሰድ፤ በእግዚአብሔርም ቤት ይኑር።
7a44ae4f-3d95-5e8b-a2f8-ab0825771c7b,82b3f425-4a06-58f0-a0f8-6809273d10ef,1fb2a86b-5499-5330-a642-b5264bd5b0d5,1,6,“አሁንም አንተ በወንዝ ማዶ ያለኸው የሀገሩ ገዥ ተንትናይ ደግሞ አሰተርቡዝናይ በወንዝ ማዶም ያሉ ተባባሪዎቻችሁ አፈርስካውያን ከዚያ ራቁ፤
9a45ee6d-b2b9-54ff-a6b8-e8f5e3319358,82b3f425-4a06-58f0-a0f8-6809273d10ef,1fb2a86b-5499-5330-a642-b5264bd5b0d5,2,7,ይህም የእግዚአብሔር ቤት ይሠራ ዘንድ ተዉ፤ የአይሁድም አለቆችና የአይሁድ ሽማግሌዎች ይህን የእግዚአብሔርን ቤት በስፍራው ይሥሩ።
ce3f6b9c-aeec-53a5-ac1d-f37a97f01f91,82b3f425-4a06-58f0-a0f8-6809273d10ef,1fb2a86b-5499-5330-a642-b5264bd5b0d5,3,8,ይህን የእግዚአብሔርን ቤት ይሠሩ ዘንድ ለአይሁድ ሽማግሌዎች የምታደርጉትን፥ በወንዝ ማዶ ካለው ሀገር ከሚመጣው ግብር ከንጉሡ ገንዘብ ለእነዚህ ሰዎች ወጭውን በትጋት እንድትሰጡአቸው፥ ሥራም እንዳታስፈቱአቸው አዝዣለሁ።
59ba940e-8ae9-567e-a816-4bf270523806,82b3f425-4a06-58f0-a0f8-6809273d10ef,1fb2a86b-5499-5330-a642-b5264bd5b0d5,4,9,ለሰማይ አምላክ ለሚቃጠል መሥዋዕት የሚያስፈልገውን ወይፈኖችና አውራ በጎች፥ ጠቦቶችም፥ በኢየሩሳሌምም እንዳሉ እንደ ካህናቱ ቃል ስንዴና ጨው፥ የወይን ጠጅና ዘይት የሚጠይቋችሁን ዕለት ዕለት ስጡአቸው።
8f395d39-b8b5-5145-a808-fd85e82d22fd,82b3f425-4a06-58f0-a0f8-6809273d10ef,1fb2a86b-5499-5330-a642-b5264bd5b0d5,5,10,ይኸውም ለሰማይ አምላክ በጎ መዓዛ የሆነውን መሥዋዕት ያቀርቡ ዘንድ፥ ለንጉሡና ለልጆቹም ዕድሜ ይጸልዩ ዘንድ ነው።
34923a42-3b3a-5167-aa8f-cee0eb59c5a7,82b3f425-4a06-58f0-a0f8-6809273d10ef,1fb2a86b-5499-5330-a642-b5264bd5b0d5,6,11,ይህንም ትእዛዝ የሚለውጥ ሁሉ ምሰሶው ከቤቱ ተነቅሎ እርሱ ይሰቀልበት፤ በላዩም ይገደል፤ ቤቱም የጕድፍ መጣያ ይደረግ ብዬ አዝዣለሁ።
36e64a60-ddb7-5a4a-a13a-740d83e99d65,82b3f425-4a06-58f0-a0f8-6809273d10ef,1fb2a86b-5499-5330-a642-b5264bd5b0d5,7,12,ስሙ በዚያ የሚኖር አምላክ ይህን ይለውጡ ዘንድ፥ በኢየሩሳሌም ያለውንም የእግዚአብሔርን ቤት ያፈርሱት ዘንድ እጃቸውን የሚዘረጉትን ነገሥታትና አሕዛብ ሁሉ ያጥፋ። እኔ ዳርዮስ ይህን አዝዣለሁ፤ በትጋት ይፈጸም።”
bdbb0d5f-6e65-56fa-a934-479f59345a90,82b3f425-4a06-58f0-a0f8-6809273d10ef,e98a90e9-e26f-5317-a9de-4e7e8e757892,1,13,ንጉሡም ዳርዮስ እንደ ላከው ቃል፥ በዚያን ጊዜ በወንዝ ማዶ ያለ ገዥ ተንትናይ ደግሞ አስተርቡዝናይ ተባባሪዎቻቸውም እንዲሁ ተግተው አደረጉ።
54877e83-9323-532a-a7fb-8204df5499f1,82b3f425-4a06-58f0-a0f8-6809273d10ef,e98a90e9-e26f-5317-a9de-4e7e8e757892,2,14,የአይሁድ ሽማግሌዎችና ሌዋውያንም በነቢዩ በሐጌና በአዶ ልጅ በዘካርያስ ትንቢት መሠረት ሠሩ፤ ተከናወነላቸውም። እንደ እስራኤልም አምላክ ትእዛዝ፥ እንደ ፋርስም ነገሥታት እንደ ቂሮስና እንደ ዳርዮስ፥ እንደ አርተሰስታም ትእዛዝ ሠርተው ፈጸሙ።
fad46d61-e21a-5585-a5b2-c933c7fb1105,82b3f425-4a06-58f0-a0f8-6809273d10ef,e98a90e9-e26f-5317-a9de-4e7e8e757892,3,15,ይህም ቤት በንጉሡ በዳርዮስ መንግሥት በስድስተኛው ዓመት አዳር በሚባል ወር በሦስተኛው ቀን ተፈጸመ።
9419d421-5191-5e75-a9eb-39b81f774c01,82b3f425-4a06-58f0-a0f8-6809273d10ef,e98a90e9-e26f-5317-a9de-4e7e8e757892,4,16,የእስራኤልም ልጆች ካህናቱና ሌዋውያኑ፥ የቀሩትም የምርኮኞች ልጆች የዚህን የእግዚአብሔርን ቤት ቅዳሴ በደስታ አደረጉ።
2f738e85-ce82-5a90-aee4-b2d7bf74758a,82b3f425-4a06-58f0-a0f8-6809273d10ef,e98a90e9-e26f-5317-a9de-4e7e8e757892,5,17,በዚህም በእግዚአብሔር ቤት ቅዳሴ መቶ ወይፈኖችና ሁለት መቶ አውራ በጎች፥ አራት መቶም የበግ ጠቦቶች አቀረቡ፤ ስለ ኀጢአትም መሥዋዕት እንደ እስራኤል ነገዶች ቍጥር ለእስራኤል ሁሉ ዐሥራ ሁለት አውራ ፍየሎች አቀረቡ።
93e3614e-3189-5f02-a31d-fdf70e2a6f28,82b3f425-4a06-58f0-a0f8-6809273d10ef,e98a90e9-e26f-5317-a9de-4e7e8e757892,6,18,በሙሴም መጽሐፍ እንደ ተጻፈው በኢየሩሳሌም ባለው በእግዚአብሔር አገልግሎት ላይ ካህናቱን በየማዕርጋቸው፥ ሌዋውያኑንም በየክፍላቸው አቆሙ።
40794c57-544c-5f14-a02d-cabda28626b7,82b3f425-4a06-58f0-a0f8-6809273d10ef,e98a90e9-e26f-5317-a9de-4e7e8e757892,7,19,የምርኮኞቹም ልጆች በመጀመሪያው ወር በዐሥራ አራተኛው ቀን ፋሲካውን አደረጉ።
76fa00f7-ac9e-58cd-a8cc-c1ad9e2bebd2,82b3f425-4a06-58f0-a0f8-6809273d10ef,e98a90e9-e26f-5317-a9de-4e7e8e757892,8,20,ካህናቱና ሌዋውያኑም አንድ ሆነው ነጽተው ነበር፤ ሁሉም ንጹሓን ነበሩ፤ ለምርኮኞቹም ልጆች ሁሉ፥ ለወንድሞቻቸው ለካህናቱ፥ ለራሳቸውም የፋሲካውን በግ ዐረዱ።
c1c55df6-604e-56e0-aaf2-204506e07138,82b3f425-4a06-58f0-a0f8-6809273d10ef,e98a90e9-e26f-5317-a9de-4e7e8e757892,9,21,ከምርኮም ተመልሰው የመጡት የእስራኤል ልጆች፥ የእስራኤልን አምላክ እግዚአብሔርን ይፈልጉ ዘንድ ራሳቸውን ከምድር አሕዛብ ርኵሰት ለይተው ወደ እነርሱ መጥተው የነበሩት ሁሉ ፋሲካውን በሉ፤
eae03859-7f1f-56e5-a292-ab7c98a61081,82b3f425-4a06-58f0-a0f8-6809273d10ef,e98a90e9-e26f-5317-a9de-4e7e8e757892,10,22,እግዚአብሔርም ደስ አሰኝቶአቸዋልና፥ የእስራኤልንም አምላክ የእግዚአብሔርን ቤት ለመሥራት እጃቸውን ያጸና ዘንድ የአሦርን ንጉሥ ልብ ወደ እነርሱ መልሶአልና የቂጣውን በዓል ሰባት ቀን በደስታ አደረጉ።
6aa02338-0a7a-5007-a2c5-6e7affc19c32,cd156dd5-b01a-5a65-a561-88f0e1e4fba4,35916e00-cbdd-5caf-a349-9f4362593383,1,1,ከዚህም ነገር በኋላ በፋርስ ንጉሥ በአርተሰስታ መንግሥት ዕዝራ የሠራያ ልጅ፥ የዓዛርያስ ልጅ፥ የኬልቅያስ ልጅ፥
9740611f-77f5-525a-a037-707510d08a4f,cd156dd5-b01a-5a65-a561-88f0e1e4fba4,35916e00-cbdd-5caf-a349-9f4362593383,2,2,የሰሎም ልጅ፥ የሳዶቅ ልጅ፥ የአኪጦብ ልጅ፥
af5c62ee-f726-567e-a2b8-781a138e8a84,cd156dd5-b01a-5a65-a561-88f0e1e4fba4,35916e00-cbdd-5caf-a349-9f4362593383,3,3,የአማርያ ልጅ፥ የዓዛርያስ ልጅ፥ የመራዮት ልጅ፥
4de85dcf-01fa-51d7-a8a8-2fc246241c70,cd156dd5-b01a-5a65-a561-88f0e1e4fba4,35916e00-cbdd-5caf-a349-9f4362593383,4,4,የዘራእያ ልጅ፥ የኡዚ ልጅ፥ የቡቂ ልጅ፥
07668565-8c4d-5cf0-ab36-a5f1fee94390,cd156dd5-b01a-5a65-a561-88f0e1e4fba4,35916e00-cbdd-5caf-a349-9f4362593383,5,5,የአቢሱ ልጅ፥ የፊንሐስ ልጅ፥ የአልዓዛር ልጅ፥ የመጀመሪያው ካህን የአሮን ልጅ፥
600d8fe9-204c-5dbc-af9f-d4b624db3a7e,cd156dd5-b01a-5a65-a561-88f0e1e4fba4,35916e00-cbdd-5caf-a349-9f4362593383,6,6,ይህም ዕዝራ ከባቢሎን ወጣ፤ እርሱም የእስራኤል አምላክ እግዚአብሔር ለሙሴ የሰጠውን ሕግ ዐዋቂ ነበረ፤ የአምላኩም የእግዚአብሔር እጅ በእርሱ ላይ ነበረችና ንጉሡ ያሻውን ሁሉ ሰጠው።
fe6a463f-6ea1-504a-a487-e72b37385293,cd156dd5-b01a-5a65-a561-88f0e1e4fba4,35916e00-cbdd-5caf-a349-9f4362593383,7,7,ከእስራኤልም ልጆች ከካህናቱም፥ ከሌዋውያኑም፥ ከመዘምራኑም፥ ከበረኞቹም፥ ከናታኒምም በንጉሡ በአርተሰስታ በሰባተኛው ዓመት ዐያሌዎች ወደ ኢየሩሳሌም ወጡ።
05892ed3-666c-5d90-aac8-8a6751186cfa,cd156dd5-b01a-5a65-a561-88f0e1e4fba4,35916e00-cbdd-5caf-a349-9f4362593383,8,8,በንጉሡም በሰባተኛው ዓመት በአምስተኛው ወር ወደ ኢየሩሳሌም ደረሱ።
b83fc9e8-7003-5f1e-a7af-f7e55fcccb77,cd156dd5-b01a-5a65-a561-88f0e1e4fba4,35916e00-cbdd-5caf-a349-9f4362593383,9,9,በመጀመሪያውም ወር በአንደኛው ቀን ከባቢሎን ሊወጡ ጀመሩ፤ መልካሚቱም የአምላኩ እጅ በእርሱ ላይ ነበረችና በአምስተኛው ወር በመጀመሪያው ቀን ወደ ኢየሩሳሌም ደረሱ።
1d1dc8b1-8e32-5c89-adb5-1ec94c41f1e6,cd156dd5-b01a-5a65-a561-88f0e1e4fba4,35916e00-cbdd-5caf-a349-9f4362593383,10,10,ዕዝራም የእግዚአብሔርን ሕግ ይፈልግና ያደርግ ዘንድ፥ ለእስራኤልም ሥርዐትንና ፍርድን ያስተምር ዘንድ ልቡን አዘጋጅቶ ነበር።
989db896-6ba5-5f3b-af6d-ac6aea11b1fa,cd156dd5-b01a-5a65-a561-88f0e1e4fba4,117458a9-6097-554c-a496-2880ad2e9dc9,1,11,ንጉሡም አርተሰስታ የእግዚአብሔርን ትእዛዝ ቃልና ለእስራኤል የሆነውን ሥርዐት ይጽፍ ለነበረው ለጸሓፊው ለካህኑ ለዕዝራ የሰጠው የደብዳቤው ቃል ይህ ነው፦
90da0b2d-4a3f-581f-ade3-94b23de33e0b,cd156dd5-b01a-5a65-a561-88f0e1e4fba4,117458a9-6097-554c-a496-2880ad2e9dc9,2,12,“ከንጉሠ ነገሥት ከአርተሰስታ ለሰማይ አምላክ ሕግ ጸሓፊ ለካህኑ ለዕዝራ፥ ሰላም ይሁን፤
4b57eef3-f9d1-5c5b-a2c6-18ac87fb8b38,cd156dd5-b01a-5a65-a561-88f0e1e4fba4,117458a9-6097-554c-a496-2880ad2e9dc9,3,13,በመንግሥቴም ውስጥ ካሉ ከእስራኤል ሕዝብ ከካህናቱና ከሌዋውያኑ ወደ ኢየሩሳሌም ይሄድ ዘንድ የሚወድድ ሁሉ ከአንተ ጋር እንዲሄድ አዝዣለሁ።
7fed928f-71fe-56ee-abdc-fd0df9c2d6c5,cd156dd5-b01a-5a65-a561-88f0e1e4fba4,117458a9-6097-554c-a496-2880ad2e9dc9,4,14,ንጉሡና ሰባቱ አማካሪዎቹ በእጅህ እንዳለችው እንደ አምላክህ ሕግ ይሁዳንና ኢየሩሳሌምን ትጐበኝ ዘንድ አዝዘዋል፤
cbfe2da8-3b9d-59a9-af55-86827d434e34,cd156dd5-b01a-5a65-a561-88f0e1e4fba4,117458a9-6097-554c-a496-2880ad2e9dc9,5,15,ንጉሡና አማካሪዎቹም መኖሪያው በኢየሩሳሌም ለሆነው ለእስራኤል አምላክ በፈቃዳቸው ያቀረቡትን ብርና ወርቅ፥
3f08b2eb-aea4-500e-a50a-c646bf4a1920,cd156dd5-b01a-5a65-a561-88f0e1e4fba4,117458a9-6097-554c-a496-2880ad2e9dc9,6,16,በባቢሎንም አውራጃ ሁሉ የምታገኘውን ብርና ወርቅ ሁሉ፥ ሕዝቡና ካህናቱም በኢየሩሳሌም ላለው ለአምላካቸው ቤት በፈቃዳቸው የሚያቀርቡትን ትወስድ ዘንድ አዝዘዋል፤
352f07d7-6069-5cf1-af47-95d1a888b43a,cd156dd5-b01a-5a65-a561-88f0e1e4fba4,117458a9-6097-554c-a496-2880ad2e9dc9,7,17,ስለዚህ በዚህ መጽሐፍ ያዘዝሁህ ትእዛዝ ይህ ነው። በዚህ ገንዘብ ወይፈኖችንና አውራ በጎችን፥ ጠቦቶችንም፥ የእህላቸውንና የመጠጣቸውን ቍርባን ተግተህ ግዛ፤ በኢየሩሳሌምም ባለው በአምላካችሁ ቤት መሠዊያ ላይ አቅርባቸው።
024111ba-09d6-5cc9-a4a5-7b499f5aa178,cd156dd5-b01a-5a65-a561-88f0e1e4fba4,117458a9-6097-554c-a496-2880ad2e9dc9,8,18,ከቀረውም ብርና ወርቅ አንተና ወንድሞችህ ለማድረግ ደስ የሚያሰኛችሁን ነገር እንደ አምላካችሁ ፈቃድ አድርጉ።
a2312c51-f027-57b5-aec6-c90923e19b6c,cd156dd5-b01a-5a65-a561-88f0e1e4fba4,117458a9-6097-554c-a496-2880ad2e9dc9,9,19,ስለ አምላክህም ቤት አገልግሎት የተሰጠህን ዕቃ በኢየሩሳሌም አምላክ ፊት አሳልፈህ ስጥ።
f997c973-db48-52dc-a50b-2d712d0c03f0,cd156dd5-b01a-5a65-a561-88f0e1e4fba4,117458a9-6097-554c-a496-2880ad2e9dc9,10,20,ከዚህም በላይ ለማውጣት የሚያስፈልግህን ለአምላክህ ቤት የሚያሻውን ነገር ከንጉሡ ቤተ መዛግብት ስጥ።
e0ba1b3c-7165-5c70-afff-ca559e1f08ee,cd156dd5-b01a-5a65-a561-88f0e1e4fba4,117458a9-6097-554c-a496-2880ad2e9dc9,11,21,እኔም ንጉሡ አርተሰስታ በወንዝ ማዶ ላሉት ግምጃ ቤቶች ሁሉ ይህን ትእዛዝ ሰጥቻለሁ፦ የሰማይ አምላክ ሕግ ጸሓፊ ካህኑ ዕዝራ ከእናንተ የሚፈልገውን ሁሉ አዘጋጁለት፤
5dfc55e9-ffe8-5b51-ab49-a214e17e710b,cd156dd5-b01a-5a65-a561-88f0e1e4fba4,117458a9-6097-554c-a496-2880ad2e9dc9,12,22,እስከ መቶ መክሊት ብርም ቢሆን፥ እስከ መቶም የቆሮስ መስፈሪያ ስንዴ፥ እስከ መቶም የባዶስ መስፈሪያ የወይን ጠጅ፥ እስከ መቶም የባዶስ መስፈሪያ ዘይት ቢሆን፥ ጨውም ያለ ልክ ቢሆን፤
3d4c307c-9654-5ea1-acfc-cb6f9f927635,cd156dd5-b01a-5a65-a561-88f0e1e4fba4,117458a9-6097-554c-a496-2880ad2e9dc9,13,23,በንጉሡ መንግሥትና በልጆቹ ላይ ቍጣ እንዳይሆን፥ የሰማይ አምላክ ያዘዘው ሁሉ ይደረግ፤ ለሰማይ አምላክ ቤት የታዘዘውንም እንዳታቋርጡ ተጠንቀቁ።
6c360eee-b295-5306-a3a9-cc6c28a20123,cd156dd5-b01a-5a65-a561-88f0e1e4fba4,117458a9-6097-554c-a496-2880ad2e9dc9,14,24,ደግሞም በካህናቱና በሌዋውያኑ፥ በመዘምራኑም፥ በበረኞቹም፥ በናታኒምም በዚህም በእግዚአብሔር ቤት በሚሠሩ አገልጋዮች ላይ ግብርና ቀረጥ እንዳይጣል፥ የምትገዙአቸውም አገዛዝ እንዳይኖር ብለን እናስታውቃችኋለን።
46bfd85d-0fa6-505c-aead-8a886278bf8b,cd156dd5-b01a-5a65-a561-88f0e1e4fba4,117458a9-6097-554c-a496-2880ad2e9dc9,15,25,አንተም ዕዝራ፥ በእጅህ እንዳለው እንደ አምላክህ ጥበብ መጠን በወንዝ ማዶ ባሉ ሕዝብ ሁሉ፥ የአምላክህን ሕግ በሚያውቁ ሁሉ ላይ ይፈርዱ ዘንድ ጻፎችንና ፈራጆችን ሹም፤ የማያውቁትንም አስተምሩአቸው።
f694eead-e8bf-5159-a135-825dcb07397c,cd156dd5-b01a-5a65-a561-88f0e1e4fba4,117458a9-6097-554c-a496-2880ad2e9dc9,16,26,የአምላክህንም ሕግ፥ የንጉሡንም ሕግ በማያደርግ ሁሉ ላይ ሞት፥ ወይም ስደት፥ ወይም ገንዘብ መወረስ፥ ወይም ግዞት በፍጥነት ይፈረድበት።”
f21cec96-9134-5302-a72d-0afa2f787e56,cd156dd5-b01a-5a65-a561-88f0e1e4fba4,117458a9-6097-554c-a496-2880ad2e9dc9,17,27,ያባቶቻችን አምላክ እግዚአብሔር ይመስገን፤ በኢየሩሳሌም ያለውን የእግዚአብሔርን ቤት ያከብር ዘንድ ይህን ነገር በንጉሡ ልብ ያኖረ፥
262ad2d5-e35a-5719-af83-9f681d595070,cd156dd5-b01a-5a65-a561-88f0e1e4fba4,117458a9-6097-554c-a496-2880ad2e9dc9,18,28,በንጉሡ ፊት በሚመክሩትም፥ በኀያላኑም፥ በንጉሡ አለቆች ሁሉ ፊት በእኔ ላይ ምሕረቱን ላከ። እኔም በእኔ ላይ ባለችው በአምላኬ በእግዚአብሔር እጅ በረታሁ፤ ከእኔም ጋራ ይወጡ ዘንድ ከእስራኤል አለቆቹን ሰበሰብሁ።
57ceb9cb-5001-5d7f-a18f-d0f995027281,8468b0e0-61d9-55b1-a061-2ae1862e9dc8,72ba464b-1765-58b3-a921-c4d00c9df179,1,1,በንጉሡ በአርተሰስታ መንግሥት ከእኔ ጋር ከባቢሎን የወጡ የአባቶች ቤቶች አለቆች እነዚህ ናቸው፤ ትውልዳቸውም ይህ ነው፤
8a109061-9149-5f47-a2d0-0c97fa0dfa19,8468b0e0-61d9-55b1-a061-2ae1862e9dc8,72ba464b-1765-58b3-a921-c4d00c9df179,2,2,ከፊንሐስ ልጆች ጌርሶም፥ ከኢታምር ልጆች ዳንኤል፥ ከዳዊት ልጆች ሐጡስ፥
bd7fd53c-ba72-5246-a427-4333a72dd7ff,8468b0e0-61d9-55b1-a061-2ae1862e9dc8,72ba464b-1765-58b3-a921-c4d00c9df179,3,3,ከሴኬንያ ልጆች፥ ከፋሮስ ልጆች ዘካርያስ፥ ከእርሱም ጋር የተቈጠሩ መቶ አምሳ ወንዶች ናቸው።
943cee78-cc9d-5d8c-aad5-4ce89d9b6375,8468b0e0-61d9-55b1-a061-2ae1862e9dc8,72ba464b-1765-58b3-a921-c4d00c9df179,4,4,ከፋሐት ሞዓብ ልጆች የዘርህያ ልጅ ኤሊሆዔናይ፥ ከእርሱም ጋር ሁለት መቶ ወንዶች።
ff667703-45a3-5459-ace3-e5d8e55f8df6,8468b0e0-61d9-55b1-a061-2ae1862e9dc8,72ba464b-1765-58b3-a921-c4d00c9df179,5,5,ከዘቱኤስ ልጆች የአዚኤል ልጅ ሴኬንያ፥ ከእርሱም ጋር ሦስት መቶ ወንዶች።
6693e9e8-5d92-543d-a045-592afa3b99ae,8468b0e0-61d9-55b1-a061-2ae1862e9dc8,72ba464b-1765-58b3-a921-c4d00c9df179,6,6,ከዓዴን ልጆች የዮናታን ልጅ ዔቤድ፥ ከእርሱም ጋራ አምሳ ወንዶች።
278fe75a-6a2e-5600-aef3-6013409627b1,8468b0e0-61d9-55b1-a061-2ae1862e9dc8,72ba464b-1765-58b3-a921-c4d00c9df179,7,7,ከኤሌም ልጆች የጎቶልያ ልጅ የሻያ፥ ከእርሱም ጋር ሰባ ወንዶች።
736b7af7-914a-5d09-a641-7c245616646d,8468b0e0-61d9-55b1-a061-2ae1862e9dc8,72ba464b-1765-58b3-a921-c4d00c9df179,8,8,ከሰፋጥያስ ልጆች የሚካኤል ልጅ ዘብድያ፥ ከእርሱም ጋር ሰማንያ ወንዶች።
a30a024b-521a-5499-aef1-2a8be0c8e424,8468b0e0-61d9-55b1-a061-2ae1862e9dc8,72ba464b-1765-58b3-a921-c4d00c9df179,9,9,ከኢዮአብ ልጆች የያሔኤል ልጅ አብድያ፥ ከእርሱም ጋር ሁለት መቶ ዐሥራ ስምንት ወንዶች።
ca47d1e9-0840-5a25-adab-438623c56901,8468b0e0-61d9-55b1-a061-2ae1862e9dc8,72ba464b-1765-58b3-a921-c4d00c9df179,10,10,ከበዐኛ ልጆች የዮሴፍያ ልጅ ሰሎሚት፥ ከእርሱም ጋር መቶ ስድሳ ወንዶች።
5f40f9d2-4ed5-5a04-aa72-9acb71fbbdfe,8468b0e0-61d9-55b1-a061-2ae1862e9dc8,72ba464b-1765-58b3-a921-c4d00c9df179,11,11,ከቤባይ ልጆች የቤባይ ልጅ ዘካርያስ፥ ከእርሱም ጋር ሃያ ስምንት ወንዶች።
e1d437c2-1f65-5162-a86e-ff9b5ea850ee,8468b0e0-61d9-55b1-a061-2ae1862e9dc8,72ba464b-1765-58b3-a921-c4d00c9df179,12,12,ከዓዝጋድ ልጆች የአቃጦን ልጅ፤ ዮሓናን፥ ከእርሱም ጋር መቶ ዐሥር ወንዶች።
e8d355b8-bb72-542d-a0ed-4a714189cd62,8468b0e0-61d9-55b1-a061-2ae1862e9dc8,72ba464b-1765-58b3-a921-c4d00c9df179,13,13,ከኋለኞቹ ከአዶኒቃም ልጆች ስማቸው ይህ ነው፤ ኤሊፋልጥ፥ ይኢኤል፥ ሰማአያ፥ ከእነርሱም ጋር ስድሳ ወንዶች።
891fec36-46b1-5261-a409-3b42716d11ac,8468b0e0-61d9-55b1-a061-2ae1862e9dc8,72ba464b-1765-58b3-a921-c4d00c9df179,14,14,ከባጎዊ ልጆች ውታይና ዘቡድ፥ ከእነርሱም ጋር ሰባ ወንዶች።
1702c910-5981-5501-a6e1-3a6198e05261,8468b0e0-61d9-55b1-a061-2ae1862e9dc8,72ba464b-1765-58b3-a921-c4d00c9df179,15,15,ወደ አኅዋም ወደሚፈስስ ወንዝ ሰበሰብኋቸው፤ በዚያም ሦስት ቀን ሰፈርን፤ ሕዝቡንና ካህናቱንም ስቈጥራቸው በዚያ ከሌዊ ልጆች ማንንም አላገኘሁም።
6c53635e-f19d-51f4-ad5a-69da8fa2530e,8468b0e0-61d9-55b1-a061-2ae1862e9dc8,72ba464b-1765-58b3-a921-c4d00c9df179,16,16,ወደ አለቆቹም ወደ አልዓዛር፥ ወደ አርኤል፥ ወደ ሰማአያ፥ ወደ ሀሎናም፥ ወደ ያሪብ፥ ወደ ሄልናታን፥ ወደ ናታን፥ ወደ ዘካርያስ፥ ወደ ሜሱላም፥ ደግሞም ወደ ዐዋቂዎቹ ወደ ዮያሪብና ወደ ሄልናታን ላክሁ።
b86e73f3-75ce-5871-a7fe-044e494cddfd,8468b0e0-61d9-55b1-a061-2ae1862e9dc8,72ba464b-1765-58b3-a921-c4d00c9df179,17,17,በካሲፍያ ስፍራ ወደ ነበረው ወደ አለቃው ወደ አዶ ላክኋቸው፤ ለአምላካችን ቤትም አገልጋዮችን ያመጡልን ዘንድ በካሲፍያ ስፍራ ለሚኖሩት ለአዶና ለወንድሞቹ ለናታኒም የሚነግሩአቸውን በአፋቸው አደረግሁ።
3565a7e9-995a-5930-a5f6-ab8dcd7c3539,8468b0e0-61d9-55b1-a061-2ae1862e9dc8,72ba464b-1765-58b3-a921-c4d00c9df179,18,18,በላያችንም መልካም በሆነው በአምላካችን እጅ ከእስራኤል ልጅ ከሌዊ ልጅ ከሞሐሊ ልጆች ወገን የነበረውን አስተዋይ ሰው ሰራብያን፥ ከእርሱም ጋር ዐሥራ ስምንቱን ልጆቹንና ወንድሞቹን አመጡልን።
40dbd0b1-3de7-5b80-a0ef-3ed29c6e29b0,8468b0e0-61d9-55b1-a061-2ae1862e9dc8,72ba464b-1765-58b3-a921-c4d00c9df179,19,19,ደግሞም አሴብያስን፥ ከእርሱም ጋር ከሜራሪ ልጆች ወገን የነበረውን ኢሳይያስን፥ ሃያውን ወንድሞቹንና ልጆቻቸውን።
87481caa-fd8e-5462-a42b-c1585781379f,8468b0e0-61d9-55b1-a061-2ae1862e9dc8,72ba464b-1765-58b3-a921-c4d00c9df179,20,20,ሌዋውያንንም እንዲያገለግሉ ዳዊትና አለቆቹ ከሰጡአቸው ናታኒም ውስጥ ሁለት መቶ ሃያ ናታኒምን አመጡ፤ እነዚህም ሁሉ በስም በስማቸው ተሰበሰቡ።
844676cf-2352-5e3e-abee-ecbe551901aa,8468b0e0-61d9-55b1-a061-2ae1862e9dc8,72ba464b-1765-58b3-a921-c4d00c9df179,21,21,በአምላካችን ፊት ራሳችንን እናዋርድ ዘንድ፥ ከእርሱም የቀናውን መንገድ ለእኛና ለልጆቻችን፥ ለንብረታችንም ሁሉ እንለምን ዘንድ በዚያ በአኅዋ ወንዝ አጠገብ ጾምን አወጅሁ።
4877e818-3a6d-543c-ae3e-54059c5de8b0,8468b0e0-61d9-55b1-a061-2ae1862e9dc8,72ba464b-1765-58b3-a921-c4d00c9df179,22,22,ንጉሡንም፥ “የአምላካችን እጅ በሚሹት ሁሉ ላይ ለመልካም ነው፤ ኀይሉና ቍጣው ግን እርሱን በሚተዉ ሁሉ ላይ ነው” ብለን ተናግረን ነበርና፤ በመንገድ ካለው ጠላት ያድኑን ዘንድ ጭፍራና ፈረሰኞች ከንጉሡ እለምን ዘንድ አፍሬ ነበርና።
94dbdf26-0846-541d-a1ea-50a43e990c3f,8468b0e0-61d9-55b1-a061-2ae1862e9dc8,72ba464b-1765-58b3-a921-c4d00c9df179,23,23,ስለዚህም ነገር ጾምን፤ ወደ እግዚአብሔርም ለመንን፤ እርሱምሰማን።
5c9cad24-755b-5fe7-a335-2b2d1a11b3d1,8468b0e0-61d9-55b1-a061-2ae1862e9dc8,72ba464b-1765-58b3-a921-c4d00c9df179,24,24,ከካህናቱም አለቆች ዐሥራ ሁለት ሰዎችን፥ ሰራብያንና ሐሳብያን፥ ከእነርሱም ጋር ዐሥር ወንድሞቻቸውን ለየሁ፤
ef06d67c-3734-52f4-a242-5d56e29541e0,8468b0e0-61d9-55b1-a061-2ae1862e9dc8,72ba464b-1765-58b3-a921-c4d00c9df179,25,25,ንጉሡና አማካሪዎቹ፥ አለቆቹም፥ በዚያም የተገኙት እስራኤል ሁሉ ያቀረቡትን፥ ለአምላካችን ቤት የቀረበውን ብሩንና ወርቁን፥ ዕቃውንም መዝኜ ሰጠኋቸው።
3066871f-bc34-56ce-aff9-f8eece1a6a6c,8468b0e0-61d9-55b1-a061-2ae1862e9dc8,72ba464b-1765-58b3-a921-c4d00c9df179,26,26,ስድስት መቶ አምሳ መክሊት ብር፥ አንድ መቶም መክሊት የብር ዕቃዎች፥ አንድ መቶም መክሊት ወርቅ፥
2f9cbc6d-52e6-5629-af7c-dc61e4310644,8468b0e0-61d9-55b1-a061-2ae1862e9dc8,72ba464b-1765-58b3-a921-c4d00c9df179,27,27,ሃያም ባለ ሺህ ዳሪክ የወርቅ ጽዋዎች፥ ሁለትም እንደ ወርቅ የከበሩ ከጥሩና ከሚያንጸበርቅ ናስ የተሠሩ ዕቃዎችን መዝኜ በእጃቸው ሰጠሁ።
1ae8a212-57d9-551f-aa54-e40dee3692cc,8468b0e0-61d9-55b1-a061-2ae1862e9dc8,72ba464b-1765-58b3-a921-c4d00c9df179,28,28,እኔም “እናንተ ለእግዚአብሔር ተቀድሳችኋል፤ ዕቃዎቹም ቅዱሳን ናቸው፤ ብሩና ወርቁም ለአባቶቻችን አምላክ ለእግዚአብሔር በፈቃድ የቀረበ ነው፤
15b0b98f-c3e4-532e-ab05-019c5ecde125,8468b0e0-61d9-55b1-a061-2ae1862e9dc8,72ba464b-1765-58b3-a921-c4d00c9df179,29,29,በካህናትና በሌዋውያን አለቆች፥ በእስራኤልም አባቶች ቤቶች አለቆች ፊት በኢየሩሳሌም በእግዚአብሔር ቤት ጓዳዎች ውስጥ እስክትመዝኑ ድረስ ተግታችሁ ጠብቁ” አልኋቸው።
de07bfed-3287-5754-a8f4-5285fdddc909,8468b0e0-61d9-55b1-a061-2ae1862e9dc8,72ba464b-1765-58b3-a921-c4d00c9df179,30,30,ካህናቱና ሌዋውያኑም ወደ ኢየሩሳሌም ወደ አምላካችን ቤት ይወስዱት ዘንድ ብሩንና ወርቁን፥ ዕቃዎቹንም በሚዛን ተቀበሉ።
ed148580-0c14-51f6-af22-3c0814269284,8468b0e0-61d9-55b1-a061-2ae1862e9dc8,72ba464b-1765-58b3-a921-c4d00c9df179,31,31,በመጀመሪያውም ወር በዐሥራ ሁለተኛው ቀን ወደ ኢየሩሳሌም እንሄድ ዘንድ ከአኅዋ ወንዝ ተነሣን፤ የአምላካችንም እጅ በላያችን ነበረ፤ በመንገድም ከጠላትና ከሚሸምቅ ሰው እጅ አዳነን።
6a398b8b-a255-5c67-ab38-b58998421d53,8468b0e0-61d9-55b1-a061-2ae1862e9dc8,72ba464b-1765-58b3-a921-c4d00c9df179,32,32,ወደ ኢየሩሳሌምም ደረስን፤ በዚያም ሦስት ቀን ተቀመጥን።
d0ee5c07-13a3-58b6-a1da-d39ca1bc89fa,8468b0e0-61d9-55b1-a061-2ae1862e9dc8,72ba464b-1765-58b3-a921-c4d00c9df179,33,33,በአራተኛውም ቀን ብሩና ወርቁ፥ ዕቃዎቹም በአምላካችን ቤት በካህኑ በኦርያ ልጅ በሜሪሞት እጅ ተመዘኑ፤ ከእርሱም ጋር የፊንሐስ ልጅ አልዓዛር ነበረ፤ ከእነርሱም ጋር ሌዋውያን የኢያሱ ልጅ ኢዮዛብድና የቤንዊ ልጅ ናሕድያ ነበሩ።
bfbdbda6-bd45-58b8-ac28-5ac7c41c0dcf,8468b0e0-61d9-55b1-a061-2ae1862e9dc8,72ba464b-1765-58b3-a921-c4d00c9df179,34,34,ሁሉም በቍጥርና በሚዛን ተመዘነ፤ ሚዛኑም ሁሉ በዚያ ጊዜ ተጻፈ።
b2c59f11-ae0e-5c40-a306-86c013c66ee4,8468b0e0-61d9-55b1-a061-2ae1862e9dc8,72ba464b-1765-58b3-a921-c4d00c9df179,35,35,ከምርኮም የወጡት የምርኮኞች ልጆች ለእስራኤል አምላክ ለሚቃጠል መሥዋዕት ስለ እስራኤል ሁሉ ዐሥራ ሁለት ወይፈኖች፥ ዘጠና ስድስትም አውራ በጎች፥ ሰባ ሰባትም ጠቦቶች፥ ለኀጢአት መሥዋዕት ዐሥራ ሁለት አውራ ፍየሎችን አቀረቡ። ይህ ሁሉ ለእግዚአብሔር የሚቃጠል መሥዋዕት ነበረ።
1e0c81bb-6857-52e0-a5fb-79f5cf11a98b,8468b0e0-61d9-55b1-a061-2ae1862e9dc8,72ba464b-1765-58b3-a921-c4d00c9df179,36,36,የንጉሡንም ትእዛዝ በወንዙ ማዶ ላሉት ለንጉሡ ሹሞችና ገዢዎች ሰጡ፤ እነርሱም ሕዝቡንና የእግዚአብሔርን ቤት አከበሩ።
06092b95-c83c-5153-a272-8a1404f580fb,e8cbf603-8836-527f-a938-c033f36ab145,1df4e505-b686-53ca-af3c-eea655cd1654,1,1,ይህም ከተፈጸመ በኋላ የሕዝቡ አለቆች ወደ እኔ ቀርበው፥ “የእስራኤል ሕዝብ ካህናቱም፥ ሌዋውያኑም፥ እንደ ከነዓናውያን፥ እንደ ኬጤዎናውያን፥ እንደ ፌርዜዎናውያን፦ እንደ ኢያቡሴዎናውያን፥ እንደ አሞናውያን፥ እንደ ሞዓባውያን፥ እንደ ግብፃውያንና እንደ አሞራውያን ርኵሰት ያደርጋሉ እንጂ ከምድር አሕዛብ አልተለዩም፤
15da7503-425c-528d-a933-9354e4cfead2,e8cbf603-8836-527f-a938-c033f36ab145,1df4e505-b686-53ca-af3c-eea655cd1654,2,2,ለራሳቸውና ለልጆቻቸውም ሴቶች ልጆቻቸውን ወስደዋል፤ የተቀደሰውንም ዘር ከምድር አሕዛብ ጋር ደባልቀዋል፤ አስቀድሞም አለቆቹና ሹሞቹ በዚህ መተላለፍ መጀመሪያ ሆነዋል” አሉኝ።
65b9ffc5-ade9-5f83-a9e2-307c65d2fa29,e8cbf603-8836-527f-a938-c033f36ab145,1df4e505-b686-53ca-af3c-eea655cd1654,3,3,ይህንም ነገር በሰማሁ ጊዜ ልብሴንና መጐናጸፊያዬን ቀደድሁ፤ አዘንሁም፤ የራሴንና የጢሜንም ጠጕር ነጨሁ፤ ደንግጬም ተቀመጥሁ።
21b70890-01ed-5005-a0fb-45a32e729117,e8cbf603-8836-527f-a938-c033f36ab145,1df4e505-b686-53ca-af3c-eea655cd1654,4,4,ስለ ምርኮኞቹም መተላለፍ የእስራኤልን አምላክ ቃል የሚፈሩ ሁሉ ወደ እኔ ተሰበሰቡ፤ እኔም እስከ ሠርክ መሥዋዕት ድረስ ዐዝኜ ተቀመጥሁ።
edd32406-ef70-5665-a78e-cfcc55f2c8d4,e8cbf603-8836-527f-a938-c033f36ab145,1df4e505-b686-53ca-af3c-eea655cd1654,5,5,በሠርክም መሥዋዕት ጊዜ ልብሴና መጐናጸፊያዬ እንደ ተቀደደ ሆኖ ከመዋረዴ ተነሣሁ፤ በጕልበቴም ተንበርክኬ ወደ አምላኬ ወደ እግዚአብሔር እጄን ዘረጋሁ።
6f1848dd-05b8-59c8-a2f4-6f46e1f02bab,e8cbf603-8836-527f-a938-c033f36ab145,1df4e505-b686-53ca-af3c-eea655cd1654,6,6,እንዲህም አልሁ፥ “አምላኬ ሆይ፥ ኀጢአታችን በራሳችን ላይ በዝቶአልና፥ በደላችንም ወደ ሰማይ ከፍ ብሎአልና አምላኬ ሆይ፥ ፊቴን ወደ አንተ አነሣ ዘንድ አፍራለሁ፤ እፈራማለሁ።
e69a0eb7-8d47-52d7-af36-9b7ae9f85171,e8cbf603-8836-527f-a938-c033f36ab145,1df4e505-b686-53ca-af3c-eea655cd1654,7,7,ከአባቶቻችን ዘመን ጀምረን እስከ ዛሬ ድረስ እጅግ በድለናል፤ ስለ ኀጢአታችን እኛና ልጆቻችን ንጉሦቻችን፥ ካህናቶቻችንም ለሰይፍና ለምርኮ፥ ለብዝበዛና ለዕፍረት በአሕዛብ ነገሥታት እጅ ተጣልን፤ እስከ ዛሬም ድረስ በፊታችን እፍረት እንኖራለን።
3d190be3-257f-5e58-adeb-d11ed6f63330,e8cbf603-8836-527f-a938-c033f36ab145,1df4e505-b686-53ca-af3c-eea655cd1654,8,8,አሁንም ቅሬታ ይተዉልን ዘንድ፥ በተቀደሰውም ስፍራው ኀይልን ይሰጠን ዘንድ፥ አምላካችንም ዐይናችንን ያበራ ዘንድ፥ በባርነትም ሳለን ጥቂት የሕይወት መታደስን ይሰጠን ዘንድ ለጥቂት ጊዜ ከአምላካችን ከእግዚአብሔር ጥቂት ዕረፍትን አገኘን።
fa8bd797-40d8-58b0-ab9c-0bb8badbac8e,e8cbf603-8836-527f-a938-c033f36ab145,1df4e505-b686-53ca-af3c-eea655cd1654,9,9,ባሪያዎቹ ነንና፥ አምላካችን ግን በባርነታችን አልተወንም፤ ቀለባችንን ይሰጡን ዘንድ፥ የአምላካችንንም ቤት ከፍ ከፍ ያደርጉ ዘንድ፥ የተፈታውንም ይጠግኑ ዘንድ፥ በይሁዳና በኢየሩሳሌምም ቅጥር ያደርጉልን ዘንድ በፋርስ ነገሥታት ፊት ሞገስን ሰጠን።
317ed085-f9ee-5b1b-aefd-53e21ecd7e5f,e8cbf603-8836-527f-a938-c033f36ab145,1df4e505-b686-53ca-af3c-eea655cd1654,10,10,አሁንስ ከዚህ በኋላ ምን እንላለን? አምላካችን ሆይ፥ ትእዛዝህን ትተናልና።
b69be38e-8a9e-5d11-a45f-23bb014bd1a1,e8cbf603-8836-527f-a938-c033f36ab145,1df4e505-b686-53ca-af3c-eea655cd1654,11,11,በባሮችህ በነቢያት እጅ ያዘዝሃትን እንዲህ ስትል፦ ትወርሱአት ዘንድ የምትገቡባት ምድር በምድር አሕዛብ ርኵሰት የረከሰች ናት፤ በርኵሰታቸውም ከዳር እስከ ዳርቻዋ ድረስ መልተዋታል።
49e00c95-0636-5688-a2ef-ecc57ef73a66,e8cbf603-8836-527f-a938-c033f36ab145,1df4e505-b686-53ca-af3c-eea655cd1654,12,12,አሁንም ትበረቱ ዘንድ፥ የምድሩንም ፍሬ ትበሉ ዘንድ፥ ልጆቻችሁም ለዘለዓለም ይወርሱአት ዘንድ፥ ሴቶችን ልጆቻችሁን ለወንዶች ልጆቻቸው አትስጡ፤ ሴቶች ልጆቻቸውንም ለወንዶች ልጆቻችሁ አትውሰዱ፤ ሰላማቸውንና ደኅንነታቸውንም ለዘለዓለም አትሹ።
cb8ada2f-9054-5dd6-a46f-fc739d56edca,e8cbf603-8836-527f-a938-c033f36ab145,1df4e505-b686-53ca-af3c-eea655cd1654,13,13,ስለ ክፉ ሥራችንና ስለ ታላቁ በደላችን ካገኘን ነገር ሁሉ በኋላ፥ አንተ አምላካችን እንደ ኀጢአታችን ብዛት አልቀሠፍኸንም፤ ነገር ግን ድኅነትን ሰጠኸን።
a830fbba-3854-5e77-a192-a27f601bb9ec,e8cbf603-8836-527f-a938-c033f36ab145,1df4e505-b686-53ca-af3c-eea655cd1654,14,14,ትእዛዝህን እናፈርስ ዘንድ ተመልሰናልና፥ ርኵስ ሥራ ከሚሠሩ ከእነዚህ አሕዛብ ጋርም ተጋብተናልና ከእኛ ከሞት የሚያመልጥ እስከማይኖር ድረስ ፈጽመህ አትቈጣን።
7f43471a-6030-5808-afdf-c0d61f48fd10,e8cbf603-8836-527f-a938-c033f36ab145,1df4e505-b686-53ca-af3c-eea655cd1654,15,15,አቤቱ የእስራኤል አምላክ ሆይ፥ አንተ ጻድቅ ነህ፤ ዛሬም እንደ ሆነው እኛ አምልጠን ቀርተናል፤ እነሆ በፊትህ በበደላችን አለን፤ ስለዚህ በፊትህ ሊቆም የሚችል የለም።”
a1a14af2-1381-51a8-a815-2b3afb3fbeb3,8fde9cce-05d9-5ad0-a4ed-9d451e173afc,929959c2-84c2-5ebe-ac19-c5979fdb6141,1,1,ዕዝራም እያለቀሰና በእግዚአብሔር ፊት እየወደቀ በጸለየና በተናዘዘ ጊዜ ከእስራኤል ዘንድ የወንድና የሴት፥ የሕፃናትም እጅግ ታላቅ ጉባኤ ወደ እርሱ ተሰበሰበ፤ ሕዝቡም እጅግ አለቀሱ።
1e9d0715-bef1-5d5b-acb1-8646d23e656b,8fde9cce-05d9-5ad0-a4ed-9d451e173afc,929959c2-84c2-5ebe-ac19-c5979fdb6141,2,2,ከኤላም ልጆች ወገን የነበረውም የኢያሔል ልጅ ሴኬንያ ዕዝራን እንዲህ ብሎ ተናገረው፥ “አምላካችንን በድለናል፤ የምድርንም አሕዛብ እንግዶች ሴቶችን አግብተናል፤ አሁን ግን ስለዚህ ነገር ገና ለእስራኤል ተስፋ አለ።
3fc851dd-c8c0-550f-a1b4-6e7c249a11c2,8fde9cce-05d9-5ad0-a4ed-9d451e173afc,929959c2-84c2-5ebe-ac19-c5979fdb6141,3,3,አሁንም እንደ ጌታዬና የአምላካችንን ትእዛዝ እንደሚፈሩት ምክር፥ ሴቶችን ሁሉ፥ ከእነርሱም የተወለዱትን እንሰድድ ዘንድ ከአምላካችን ጋር ቃል ኪዳን እናድርግ። ተነሥ እንደ አምላካችንም ትእዛዝ ገሥፃቸው፤ እንደ ሕጉም ያድርጉ፤
34b561a5-32ec-57ee-abc1-49905f5e6057,8fde9cce-05d9-5ad0-a4ed-9d451e173afc,929959c2-84c2-5ebe-ac19-c5979fdb6141,4,4,ይህም ነገር ለአንተ ይገባልና፥ እኛም ከአንተ ጋር ነንና ተነሣ፤ በርታ፤ አድርገውም።”
d0c14b33-d9b3-5d05-a034-fb0e4ccae0ae,8fde9cce-05d9-5ad0-a4ed-9d451e173afc,929959c2-84c2-5ebe-ac19-c5979fdb6141,5,5,ዕዝራም ተነሣ፤ አለቆቹንና ካህናቱንም፥ ሌዋውያኑንም፥ እስራኤልን ሁሉ እንደዚህ ቃል ያደርጉ ዘንድ አማላቸው፤ እነርሱም ማሉ።
6d2a47d0-63c5-5df1-a2c8-c4f8d919449b,8fde9cce-05d9-5ad0-a4ed-9d451e173afc,929959c2-84c2-5ebe-ac19-c5979fdb6141,6,6,ዕዝራም ከእግዚአብሔር ቤት ፊት ተነሥቶ ወደ ኤሊያሴብ ልጅ ወደ ዮሐናን ጓዳ ገባ፤ ስለ ምርኮኞቹም ኀጢአት ያለቅስ ነበርና ገብቶ እንጀራ አልበላም፤ ውኃም አልጠጣም።
5ac1c30a-ecb6-5559-a8cb-d2449c4e65a2,8fde9cce-05d9-5ad0-a4ed-9d451e173afc,929959c2-84c2-5ebe-ac19-c5979fdb6141,7,7,የምርኮ ልጆች ሁሉም ወደ ኢየሩሳሌም ይሰበሰቡ ዘንድ ወደ ይሁዳና ወደ ኢየሩሳሌም ዐዋጅ ነገረ
59378b26-7cb4-5f55-a693-86e2a5009fe9,8fde9cce-05d9-5ad0-a4ed-9d451e173afc,929959c2-84c2-5ebe-ac19-c5979fdb6141,8,8,“እስከ ሦስት ቀን ድረስ የማይመጣ ሁሉ እንደ ሽማግሎችና እንዳለቆች ምክር ከብቱ ሁሉ ይበዝበዝ፤ እርሱም ከምርኮው ጉባኤ ይለይ” ብሎ ዐዋጅ አስነገረ።
313e8162-9f20-50f3-ae1a-59b5de7d836d,8fde9cce-05d9-5ad0-a4ed-9d451e173afc,929959c2-84c2-5ebe-ac19-c5979fdb6141,9,9,ሦስት ቀንም ሳያልፍ በዘጠነኛው ወር ከወሩም በሃያኛው ቀን የይሁዳና የብንያም ሰዎች ሁሉ በኢየሩሳሌም ተሰበሰቡ። ሕዝቡም ሁሉ ስለዚህ ነገርና ስለ ታላቁ ዝናብ እየተንቀጠቀጡ በእግዚአብሔር ቤት ፊት ባለው አደባባይ ተቀመጡ።
a863c6bd-7b79-5d23-aa6e-e9bd87ceab9f,8fde9cce-05d9-5ad0-a4ed-9d451e173afc,929959c2-84c2-5ebe-ac19-c5979fdb6141,10,10,ካህኑም ዕዝራ ተነሥቶ፥ “ተላልፋችኋል፤ የእስራኤልን በደል ታበዙ ዘንድ እንግዶችን ሴቶች አግብታችኋል።
f46ce8f2-f9ae-565c-a8b4-08f4c39968f8,8fde9cce-05d9-5ad0-a4ed-9d451e173afc,929959c2-84c2-5ebe-ac19-c5979fdb6141,11,11,አሁንም የአባቶቻችንን አምላክ እግዚአብሔርን አመስግኑ፤ ደስ የሚያሰኘውንም አድርጉ፤ ከምድርም አሕዛብና ከእንግዶች ሴቶች ተለዩ” አላቸው።
1517d423-d6eb-551c-a7db-25a6e5599137,8fde9cce-05d9-5ad0-a4ed-9d451e173afc,929959c2-84c2-5ebe-ac19-c5979fdb6141,12,12,ጉባኤውም ሁሉ በታላቅ ድምፅ መልሰው እንዲህ አሉ፥ “እንደ ተናገርኸን እናደርግ ዘንድ ይገባናል።
