id,chapter_id,section_id,source_order,verse_number,text
411d08ae-aa8b-50cf-a9b6-b77c585258fd,e4a2323f-b8c7-5123-a96d-0c54e3590c22,5c48898e-c58b-5d44-a325-002a7ec4f4e1,1,1,በመጀመሪያ እግዚአብሔር ሰማይንና ምድርን ፈጠረ።
86d8457f-063c-503c-a8e8-022f880ae04c,e4a2323f-b8c7-5123-a96d-0c54e3590c22,5c48898e-c58b-5d44-a325-002a7ec4f4e1,2,2,ምድር ግን ባዶ ነበረች፤ አትታይምም ነበር፤ የተዘጋጀችም አልነበረችም፤ ጨለማም በውኃው ላይ ነበረ፤ የእግዚአብሔርም መንፈስ በውኃው ላይ ይሰፍፍ ነበር።
876d307f-6f7b-54f7-acf8-df2172d11514,e4a2323f-b8c7-5123-a96d-0c54e3590c22,5c48898e-c58b-5d44-a325-002a7ec4f4e1,3,3,እግዚአብሔርም፥ “ብርሃን ይሁን” አለ፤ ብርሃንም ሆነ።
ebe579d5-7538-5186-a227-30e74399bd6c,e4a2323f-b8c7-5123-a96d-0c54e3590c22,5c48898e-c58b-5d44-a325-002a7ec4f4e1,4,4,እግዚአብሔርም ብርሃኑ መልካም እንደሆነ አየ፤ እግዚአብሔርም በብርሃኑና በጨለማው መካከል ለየ።
b0bc107c-85e2-58e6-a603-433e5b6e277b,e4a2323f-b8c7-5123-a96d-0c54e3590c22,5c48898e-c58b-5d44-a325-002a7ec4f4e1,5,5,እግዚአብሔርም ብርሃኑን “ቀን፥” ጨለማውንም “ሌሊት” ብሎ ጠራው። ማታም ሆነ፤ ጥዋትም ሆነ፤ አንደኛ ቀንም ሆነ።
9e2ab315-d62b-5d17-aa15-da8617a8825e,e4a2323f-b8c7-5123-a96d-0c54e3590c22,5c48898e-c58b-5d44-a325-002a7ec4f4e1,6,6,እግዚአብሔርም፥ “በውኃው መካከል ጠፈር ይሁን፤ በውኃና በውኃ መካከልም ይለይ” አለ፤ እንዲሁም ሆነ።
4df5bac6-4009-5985-a0d2-e8a2554190fe,e4a2323f-b8c7-5123-a96d-0c54e3590c22,5c48898e-c58b-5d44-a325-002a7ec4f4e1,7,7,እግዚአብሔርም ጠፈርን አደረገ፤ ከጠፈር በላይና ከጠፈር በታች ያሉትንም ውኆች ለየ።
e0f46b15-e71f-5ee3-a0dc-8e694ca6f9d8,e4a2323f-b8c7-5123-a96d-0c54e3590c22,5c48898e-c58b-5d44-a325-002a7ec4f4e1,8,8,እግዚአብሔር ያን ጠፈር “ሰማይ” ብሎ ጠራው። እግዚአብሔርም ያ መልካም እንደሆነ አየ። ማታም ሆነ፤ ጥዋትም ሆነ፤ ሁለተኛም ቀን ሆነ።
be74045d-5a27-5ae0-ab34-189c5e016f99,e4a2323f-b8c7-5123-a96d-0c54e3590c22,5c48898e-c58b-5d44-a325-002a7ec4f4e1,9,9,እግዚአብሔርም ከሰማይ በታች ያለው ውኃ በአንድ ስፍራ ይሰብሰብ፥ የብሱም ይገለጥ አለ፤ እንዲሁም ሆነ። ከሰማይ በታች ያለው ውኃም በመጠራቀሚያው ተሰበሰበ፤ የብሱም ተገለጠ።
374f2b8f-764c-56f3-a2be-c7014a18ee22,e4a2323f-b8c7-5123-a96d-0c54e3590c22,5c48898e-c58b-5d44-a325-002a7ec4f4e1,10,10,እግዚአብሔርም የብሱን “ምድር” ብሎ ጠራው፤ የውኃ መጠራቀሚያውንም “ባሕር” ብሎ ጠራው። እግዚአብሔርም ያ መልካም እንደሆነ አየ።
dcc21340-0471-512a-afb5-9c951bc175e1,e4a2323f-b8c7-5123-a96d-0c54e3590c22,5c48898e-c58b-5d44-a325-002a7ec4f4e1,11,11,እግዚአብሔርም “ምድር በየዘሩ፥ በየወገኑና በየመልኩ ዘር የሚሰጥ ቡቃያን፥ በምድርም ላይ በየወገኑ ዘሩ በውስጡ የሚገኘውንና ፍሬ የሚያፈራውን ዛፍ ታብቅል” አለ፤ እንዲሁም ሆነ።
7d1a8f60-c9ba-5e62-a763-69cf6c8f8878,e4a2323f-b8c7-5123-a96d-0c54e3590c22,5c48898e-c58b-5d44-a325-002a7ec4f4e1,12,12,ምድርም በየዘሩ፥ በየወገኑና በየመልኩ የሚዘራ ቡቃያን፥ በምድር ላይ በየወገኑ ዘሩ በውስጡ የሚገኘውንና ፍሬ የሚያፈራውን ዛፍ አበቀለች። እግዚአብሔርም ያ መልካም እንደሆነ አየ።
f55accf8-f40b-5096-aeaa-d5f8c5c744e3,e4a2323f-b8c7-5123-a96d-0c54e3590c22,5c48898e-c58b-5d44-a325-002a7ec4f4e1,13,13,ማታም ሆነ፤ ጥዋትም ሆነ። ሦስተኛም ቀን ሆነ።
165fe528-85fa-54f2-a647-2846e05a5437,e4a2323f-b8c7-5123-a96d-0c54e3590c22,5c48898e-c58b-5d44-a325-002a7ec4f4e1,14,14,እግዚአብሔርም አለ፥ “በምድር ላይ ያበሩ ዘንድ፥ በቀንና በሌሊትም ይለዩ ዘንድ ብርሃናት በሰማይ ጠፈር ይሁኑ፤ ለምልክቶች፥ ለዘመናት፥ ለዕለታት፥ ለዓመታትም ይሁኑ።
86bc30b8-3370-58bc-aff6-eea3905a2418,e4a2323f-b8c7-5123-a96d-0c54e3590c22,5c48898e-c58b-5d44-a325-002a7ec4f4e1,15,15,በምድር ላይ ያበሩ ዘንድ፥ በሰማይ ጠፈር ለማብራት ይሁኑ፤” እንዲሁም ሆነ።
4fced064-6531-546f-a796-ff8cfe765e6f,e4a2323f-b8c7-5123-a96d-0c54e3590c22,5c48898e-c58b-5d44-a325-002a7ec4f4e1,16,16,እግዚአብሔርም ሁለት ታላላቅ ብርሃናትን አደረገ፤ ትልቁ ብርሃን ቀንን እንዲመግብ፥ ትንሹ ብርሃንም ከከዋክብት ጋር ሌሊትን እንዲመግብ አደረገ።
672c8585-a3d7-5634-aa8f-83f4e2aa175f,e4a2323f-b8c7-5123-a96d-0c54e3590c22,5c48898e-c58b-5d44-a325-002a7ec4f4e1,17,17,እግዚአብሔርም በምድር ላይ ያበሩ ዘንድ በሰማይ ጠፈር አኖራቸው፤
b9c0f13d-0f8d-560f-a849-00191b169400,e4a2323f-b8c7-5123-a96d-0c54e3590c22,5c48898e-c58b-5d44-a325-002a7ec4f4e1,18,18,መዓልትንና ሌሊትንም እንዲመግቡ፥ በመዓልትና በሌሊትም መካከል እንዲለዩ፤ እግዚአብሔርም ያ መልካም እንደሆነ አየ።
4e33c57a-86ed-5b9a-ad0d-b46977368eba,e4a2323f-b8c7-5123-a96d-0c54e3590c22,5c48898e-c58b-5d44-a325-002a7ec4f4e1,19,19,ማታም ሆነ፤ ጥዋትም ሆነ፤ አራተኛም ቀን ሆነ።
8c1bc8cc-e003-5d66-aea9-0068946fa482,e4a2323f-b8c7-5123-a96d-0c54e3590c22,5c48898e-c58b-5d44-a325-002a7ec4f4e1,20,20,እግዚአብሔርም አለ፥ “ውኃ የሕይወት እስትንፋስ ያላቸውን ተንቀሳቃሾችና በምድር ላይ ከሰማይ በታች የሚበርሩ አዕዋፍን ታስገኝ፥” እንዲሁም ሆነ።
2e4b7c25-52a5-5285-a54b-81d58707a637,e4a2323f-b8c7-5123-a96d-0c54e3590c22,5c48898e-c58b-5d44-a325-002a7ec4f4e1,21,21,እግዚአብሔርም ታላላቅ አንበሪዎችን፥ ውኃ ያስገኘውን ተንቀሳቃሽ ሕያው ፍጥረትን ሁሉ በየወገኑ፥ የሚበርሩ አዕዋፍንም ሁሉ በየወገናቸው ፈጠረ። እግዚአብሔርም ያ መልካም እንደሆነ አየ።
f8115141-891b-5b78-a89b-9f246bce9045,e4a2323f-b8c7-5123-a96d-0c54e3590c22,5c48898e-c58b-5d44-a325-002a7ec4f4e1,22,22,እግዚአብሔርም እንዲህ ብሎ ባረካቸው፥ “ብዙ፤ ተባዙም፤ የባሕርንም ውኃ ሙሉአት፤ ወፎችም በምድር ላይ ይብዙ።”
839d79a9-2955-5f24-a0bf-1266ff550e0a,e4a2323f-b8c7-5123-a96d-0c54e3590c22,5c48898e-c58b-5d44-a325-002a7ec4f4e1,23,23,ማታም ሆነ፤ ጥዋትም ሆነ፤ አምስተኛም ቀን ሆነ።
39919169-8a0c-57f4-af5d-97f22286c4b8,e4a2323f-b8c7-5123-a96d-0c54e3590c22,5c48898e-c58b-5d44-a325-002a7ec4f4e1,24,24,እግዚአብሔርም አለ፥ “ምድር ሕያዋን ፍጥረታትን እንደ ወገኑ፥ እንስሳትንና ተንቀሳቃሾችን፥ የምድር አራዊትንም እንደየወገኑ ታውጣ፥” እንዲሁም ሆነ።
14e75da8-5cdf-53ee-a851-28e21c3b0f26,e4a2323f-b8c7-5123-a96d-0c54e3590c22,5c48898e-c58b-5d44-a325-002a7ec4f4e1,25,25,እግዚአብሔርም የምድር አራዊትን እንደየወገኑ፥ እንስሳትንም እንደየወገኑ፥ በምድር የሚንቀሳቀሰውንም ሁሉ እንደየወገኑ አደረገ፤ እግዚአብሔርም ያ መልካም እንደሆነ አየ።
4e0856ee-5d7c-50eb-a708-d25f4bb305d5,e4a2323f-b8c7-5123-a96d-0c54e3590c22,5c48898e-c58b-5d44-a325-002a7ec4f4e1,26,26,እግዚአብሔርም አለ፥ “ሰውን በአርኣያችንና በአምሳላችን እንፍጠር፤ የባሕር ዓሣዎችንና የምድር አራዊትን፥ የሰማይ ወፎችን፥ እንስሳትንና ምድርን ሁሉ፥ በምድርም ላይ የሚንቀሳቀሱትን ሁሉ ይግዛ።”
50c3a860-8ea9-5e10-af0c-138b0e82f69f,e4a2323f-b8c7-5123-a96d-0c54e3590c22,5c48898e-c58b-5d44-a325-002a7ec4f4e1,27,27,እግዚአብሔርም ሰውን በእግዚአብሔር አምሳል ፈጠረው። ወንድና ሴት አድርጎ ፈጠራቸው።
2d24543d-56d5-5a45-a0af-4eb5557df64f,e4a2323f-b8c7-5123-a96d-0c54e3590c22,5c48898e-c58b-5d44-a325-002a7ec4f4e1,28,28,እግዚአብሔርም ባረካቸው፤ እንዲህም አላቸው፥ “ብዙ፤ ተባዙ፤ ምድርንም ሙሉአት፤ ግዙአትም፤ የባሕርን ዓሣዎችንና የምድር አራዊትን፥ የሰማይ ወፎችንና እንስሳትንም ሁሉ፥ በምድር ላይ የሚንቀሳቀሱትንም ሁሉ ግዙአቸው።”
900b0160-7853-5cc9-ab25-26452f99c525,e4a2323f-b8c7-5123-a96d-0c54e3590c22,5c48898e-c58b-5d44-a325-002a7ec4f4e1,29,29,እግዚአብሔርም አለ፥ “እነሆ፥ መብል ይሆናችሁ ዘንድ በየዘሩ የሚዘራውንና የሚበቅለውን፥ በምድር ሁሉ ላይ የምትዘሩትን የእህል ፍሬ፥ ዘሩ በውስጡ ያለውን ቡቃያ፥ በየፍሬውም የሚዘራውን ዛፍ ሁሉ ሰጠኋችሁ።
7a37030c-cce1-5d39-a526-fd12b0a4c695,e4a2323f-b8c7-5123-a96d-0c54e3590c22,5c48898e-c58b-5d44-a325-002a7ec4f4e1,30,30,ለምድር አራዊት ሁሉ፥ ለሰማይም ወፎች ሁሉ፥ ሕያው ነፍስ ላላቸው ለምድር ተንቀሳቃሾችም ሁሉ ሐመልማሉ ሁሉ መብል ይሁንላችሁ።” እንዲሁም ሆነ።
0166f994-fb5f-59cd-aeb1-7b3e3e2e8dc3,e4a2323f-b8c7-5123-a96d-0c54e3590c22,5c48898e-c58b-5d44-a325-002a7ec4f4e1,31,31,እግዚአብሔርም የፈጠረውን ሁሉ እጅግ መልካም እንደሆነ አየ። ማታም ሆነ፤ ጥዋትም ሆነ፤ ስድስተኛም ቀን ሆነ።
ddfea9b0-5608-558a-a840-8dde70d0402c,f4f196fe-7af5-584b-a2ff-043b52ec4cf0,0e120803-87df-538d-a80d-e300779693d9,1,1,ሰማይና ምድር ዓለማቸውም ሁሉ ተፈጸሙ።
27d2b6a5-af2c-58e8-a31a-4e529c45f912,f4f196fe-7af5-584b-a2ff-043b52ec4cf0,0e120803-87df-538d-a80d-e300779693d9,2,2,እግዚአብሔርም የሠራውን ሥራ በስድስተኛው ቀን ፈጸመ፤ እግዚአብሔርም በሰባተኛው ቀን ከሠራው ሥራ ሁሉ ዐረፈ።
a1d57d70-0d7b-5700-a44f-4bb37b8353aa,f4f196fe-7af5-584b-a2ff-043b52ec4cf0,0e120803-87df-538d-a80d-e300779693d9,3,3,እግዚአብሔር ሰባተኛዋን ቀን ባረካት፤ ቀደሳትም፤ ሊፈጥረው ከጀመረው ሥራ ሁሉ በእርስዋ ዐርፎአልና።
ab52b33f-5ffb-579d-a93a-6b185d449529,f4f196fe-7af5-584b-a2ff-043b52ec4cf0,0e120803-87df-538d-a80d-e300779693d9,4,4,እግዚአብሔር አምላክ ሰማይንና ምድርን በፈጠረበት ቀን፥ በተፈጠሩ ጊዜ የሰማይና የምድር ፍጥረት ይህ ነው።
473655d5-8979-5b83-a8f5-2a1a5a8fe196,f4f196fe-7af5-584b-a2ff-043b52ec4cf0,0e120803-87df-538d-a80d-e300779693d9,5,5,የሜዳ ቍጥቋጦ ሁሉ በምድር ላይ ከመኖሩ በፊት፥ የሜዳውም ቡቃያ ሁሉ ከመብቀሉ በፊት፥ አዳምም ከመፈጠሩ በፊት፥ እግዚአብሔር አምላክ በምድር ላይ አላዘነበም ነበር፤ ምድርንም የሚሠራባት ሰው አልነበረም።
274da9ce-9cae-541c-a872-8cb6bca6a417,f4f196fe-7af5-584b-a2ff-043b52ec4cf0,0e120803-87df-538d-a80d-e300779693d9,6,6,ነገር ግን የውኃ ምንጭ ከምድር ይወጣ ነበር፤ የምድርንም ፊት ሁሉ ያጠጣ ነበር።
90fa2856-f02c-502f-ab78-d375a7dc13b8,f4f196fe-7af5-584b-a2ff-043b52ec4cf0,0e120803-87df-538d-a80d-e300779693d9,7,7,እግዚአብሔር አምላክም ሰውን ከምድር አፈር ፈጠረው፤ በፊቱም የሕይወት እስትንፋስን እፍ አለበት፤ ሰውም ሕያው ነፍስ ያለው ሆነ።
7477bf99-ff69-54c3-a916-2876801ee92e,f4f196fe-7af5-584b-a2ff-043b52ec4cf0,9cc1bf86-b653-5d16-a82a-d5478d9f3d8a,1,8,እግዚአብሔር አምላክም በኤዶም በስተምሥራቅ ገነትን ተከለ፤ የፈጠረውንም ሰው በዚያ አኖረው።
3e0ee11e-bd36-567c-a0c9-cb7c5fb094e8,f4f196fe-7af5-584b-a2ff-043b52ec4cf0,9cc1bf86-b653-5d16-a82a-d5478d9f3d8a,2,9,እግዚአብሔር አምላክም ለማየት ደስ የሚያሰኘውን፥ ለመብላትም መልካም የሆነውን ዛፍ ሁሉ ደግሞ ከምድር አበቀለ፤ በገነትም መካከል የሕይወትን ዛፍ፥ መልካምንና ክፉን የሚያሳየውንና የሚያስታውቀውንም ዛፍ አበቀለ።
e3c6fd35-5b49-502c-adfc-33988bc2c329,f4f196fe-7af5-584b-a2ff-043b52ec4cf0,9cc1bf86-b653-5d16-a82a-d5478d9f3d8a,3,10,ወንዝም ገነትን ያጠጣ ዘንድ ከኤዶም ይወጣ ነበር፤ ከዚያም ለዐራት መዓዝን ይከፈል ነበር።
ba280627-cba0-5af7-aff4-ea23e6e84e29,f4f196fe-7af5-584b-a2ff-043b52ec4cf0,9cc1bf86-b653-5d16-a82a-d5478d9f3d8a,4,11,የአንደኛው ወንዝ ስም ኤፌሶን ነው፤ እርሱም ወርቅ የሚገኝበትን የኤውላጥ ምድርን ይከብባል።
8fc4d0eb-54ab-51be-a4d0-ca9f054d3ac4,f4f196fe-7af5-584b-a2ff-043b52ec4cf0,9cc1bf86-b653-5d16-a82a-d5478d9f3d8a,5,12,የዚያችም ምድር ወርቅ ጥሩ ነው።
fb262297-a6c3-589f-a9c2-151aef40df3b,f4f196fe-7af5-584b-a2ff-043b52ec4cf0,9cc1bf86-b653-5d16-a82a-d5478d9f3d8a,6,13,በዚያም የሚያበራ ዕንቍና የሚያብረቀርቅ ዕንቍ አለ። የሁለተኛውም ወንዝ ስም ግዮን ነው፤ እርሱም የኢትዮጵያን ምድር ሁሉ ይከብባል፤
6e4f53d3-b7bb-5d02-a876-8c77dc862570,f4f196fe-7af5-584b-a2ff-043b52ec4cf0,9cc1bf86-b653-5d16-a82a-d5478d9f3d8a,7,14,የሦስተኛውም ወንዝ ስም ጤግሮስ ነው፤ እርሱም በአሶር ላይ የሚሄድ ነው። አራተኛውም ወንዝ ኤፍራጥስ ነው።
2210b652-0f1f-5efc-a213-20090aa61d24,f4f196fe-7af5-584b-a2ff-043b52ec4cf0,9cc1bf86-b653-5d16-a82a-d5478d9f3d8a,8,15,እግዚአብሔር አምላክም ሰውን ወስዶ ያበጃትም፥ ይጠብቃትም ዘንድ በኤዶም ገነት አኖረው።
8d42c9a8-8dec-58f0-a414-6b38bd5210cc,f4f196fe-7af5-584b-a2ff-043b52ec4cf0,9cc1bf86-b653-5d16-a82a-d5478d9f3d8a,9,16,እግዚአብሔር አምላክም አዳምን እንዲህ ብሎ አዘዘው፥ “በገነት ካለው ዛፍ ሁሉ ብላ፤
d17e00f9-89b1-588c-a361-7fdb7dfceec3,f4f196fe-7af5-584b-a2ff-043b52ec4cf0,9cc1bf86-b653-5d16-a82a-d5478d9f3d8a,10,17,ነገር ግን መልካምንና ክፉን ከሚያሳየውና ከሚያስታውቀው ዛፍ አትብላ፤ ከእርሱ በበላህ ቀን ሞትን ትሞታለህና።”
bafed9b2-5957-514a-a9d0-8e3ab8ee31a1,f4f196fe-7af5-584b-a2ff-043b52ec4cf0,9cc1bf86-b653-5d16-a82a-d5478d9f3d8a,11,18,እግዚአብሔር አምላክም አለ፥ “ሰው ብቻውን ይኖር ዘንድ መልካም አይደለም፤ የሚረዳውን ጓደኛ እንፍጠርለት እንጂ።”
d474eb1c-b9a8-5e40-afea-3c2fea6b8dd5,f4f196fe-7af5-584b-a2ff-043b52ec4cf0,9cc1bf86-b653-5d16-a82a-d5478d9f3d8a,12,19,እግዚአብሔር አምላክም የምድር አራዊትንና የሰማይ ወፎችን ሁሉ ደግሞ ከምድር ፈጠረ፤ በምን ስም እንደሚጠራቸውም ያይ ዘንድ ወደ አዳም አመጣቸው፤ አዳምም ሕያው ነፍስ ላለው ሁሉ በስሙ እንደጠራው ስሙ ያው ሆነ።
9b2ef8fd-0a06-5447-a8ff-f1e05a961223,f4f196fe-7af5-584b-a2ff-043b52ec4cf0,9cc1bf86-b653-5d16-a82a-d5478d9f3d8a,13,20,አዳምም ለእንስሳት ሁሉ፥ ለሰማይ ወፎችም ሁሉ፥ ለምድር አራዊትም ሁሉ ስም አወጣላቸው። ነገር ግን ለአዳም እንደ እርሱ ያለ ረዳት አልተገኘለትም ነበር።
5fb0fb9b-3b36-58aa-a267-13dc58c13cb6,f4f196fe-7af5-584b-a2ff-043b52ec4cf0,9cc1bf86-b653-5d16-a82a-d5478d9f3d8a,14,21,እግዚአብሔር አምላክም በአዳም ላይ እንቅልፍን አመጣ፤ አንቀላፋም ፤ ከጎኑም አጥንቶች አንድ አጥንትን ወስዶ ስፍራውን በሥጋ መላው።
b87e7895-4dec-556b-afd5-409ac9578805,f4f196fe-7af5-584b-a2ff-043b52ec4cf0,9cc1bf86-b653-5d16-a82a-d5478d9f3d8a,15,22,እግዚአብሔር አምላክም ከአዳም የወሰዳትን አጥንት ሴት አድርጎ ሠራት፤ ወደ አዳምም አመጣት።
249d233b-3ad7-5515-ab61-7762dbd4e62d,f4f196fe-7af5-584b-a2ff-043b52ec4cf0,9cc1bf86-b653-5d16-a82a-d5478d9f3d8a,16,23,ያን ጊዜም አዳም አለ፥ “ይህች አጥንት ከአጥንቴ ናት፤ ሥጋዋም ከሥጋዬ ናት፤ እርስዋ ከባልዋ ተገኝታለችና ሚስት ትሁነኝ።”
03a74855-81c2-5996-a910-75b5ec2436f6,f4f196fe-7af5-584b-a2ff-043b52ec4cf0,9cc1bf86-b653-5d16-a82a-d5478d9f3d8a,17,24,ስለዚህ ሰው አባቱንና እናቱን ይተዋል፤ ሚስቱንም ይከተላል ፤ ሁለቱም አንድ ሥጋ ይሆናሉ።
0095ca22-a31c-53cb-ae1c-a866d4c42296,f4f196fe-7af5-584b-a2ff-043b52ec4cf0,9cc1bf86-b653-5d16-a82a-d5478d9f3d8a,18,25,አዳምና ሚስቱም ዕራቁታቸውን ነበሩ፤ አይተፋፈሩም ነበር።
1b3d8b1b-bedc-5ca9-a21b-1054016ba1ee,3ca65f92-2679-55c3-a21d-d4822af34dd7,66744c33-f68a-5c68-abce-3a53c901eda0,1,1,እባብም እግዚአብሔር አምላክ ከፈጠራቸው ከምድር አራዊት ሁሉ ይልቅ ተንኰለኛ ነበር። እባብም ሴቲቱን “እግዚአብሔር በገነት ካለው ዛፍ ሁሉ አትብሉ ያላችሁ ለምንድን ነው?” አላት።
cc1c582f-f236-5e69-a0da-0b76ae91b50d,3ca65f92-2679-55c3-a21d-d4822af34dd7,66744c33-f68a-5c68-abce-3a53c901eda0,2,2,ሴቲቱም ለእባቡ አለችው፥ “በገነት መካከል ካለው ከሚያፈራው ዛፍ ፍሬ እንበላለን፤
ece09501-5a40-537f-a44c-fdf5468828ef,3ca65f92-2679-55c3-a21d-d4822af34dd7,66744c33-f68a-5c68-abce-3a53c901eda0,3,3,ነገር ግን በገነት መካከል ካለው ከዛፉ ፍሬ፥ እግዚአብሔር አለ፦ እንዳትሞቱ ከእርሱ አትብሉ፤ አትንኩትም።”
fa8cc3d0-cfb6-55b8-aa7c-6dd0864f0a27,3ca65f92-2679-55c3-a21d-d4822af34dd7,66744c33-f68a-5c68-abce-3a53c901eda0,4,4,እባብም ለሴቲቱ አላት፥ “ሞትን አትሞቱም፤
7c52fd23-3d0a-5fd8-a5a4-d6babd689a90,3ca65f92-2679-55c3-a21d-d4822af34dd7,66744c33-f68a-5c68-abce-3a53c901eda0,5,5,ከእርስዋ በበላችሁ ቀን፥ ዐይኖቻችሁ እንዲከፈቱ፥ እንደ እግዚአብሔርም እንደምትሆኑ፥ መልካምንና ክፉን እንደምታውቁ እግዚአብሔር ስለሚያውቅ ነው እንጂ።”
d5490c49-4ad3-5687-ac37-1a62edd9b33c,3ca65f92-2679-55c3-a21d-d4822af34dd7,66744c33-f68a-5c68-abce-3a53c901eda0,6,6,ሴቲቱም ዛፉ ለመብላት ያማረ እንደሆነ፥ ለዐይንም ለማየት እንደሚያስጐመጅ፥ መልካምንም እንደሚያሳውቅ ባየች ጊዜ፥ ከፍሬው ወሰደችና በላች፤ ለባልዋም ደግሞ ሰጠችው፤ እርሱም ከእርስዋ ጋር በላ።
7ecfe29a-9660-5367-acd3-63f1f2c78e10,3ca65f92-2679-55c3-a21d-d4822af34dd7,66744c33-f68a-5c68-abce-3a53c901eda0,7,7,የሁለቱም ዐይኖች ተከፈቱ፤ እነርሱም ዕራቁታቸውን እንደ ሆኑ ዐወቁ፤ አፈሩም፤ የበለስንም ቅጠሎች ሰፍተው ለእነርሱ ለራሳቸው ግልድም አደረጉ።
77c6a0ec-fca2-5df6-ac6c-ac0c2e5f426f,3ca65f92-2679-55c3-a21d-d4822af34dd7,66744c33-f68a-5c68-abce-3a53c901eda0,8,8,እነርሱም ቀኑ በመሸ ጊዜ የእግዚአብሔርን የአምላክን ድምፅ በገነት ውስጥ ሲመላለስ ሰሙ፤ አዳምና ሚስቱም ከእግዚአብሔር ከአምላክ ፊት በገነት ዛፎች መካከል ተሸሸጉ።
8fa7b8bb-e3fe-573c-af4f-316e51b2a3c4,3ca65f92-2679-55c3-a21d-d4822af34dd7,66744c33-f68a-5c68-abce-3a53c901eda0,9,9,እግዚአብሔር አምላክም አዳምን ጠርቶ፥ “አዳም፥ ወዴት አለህ?” አለው።
ddb42299-4b6b-5530-a30a-960a9404d9c5,3ca65f92-2679-55c3-a21d-d4822af34dd7,66744c33-f68a-5c68-abce-3a53c901eda0,10,10,አዳምም አለ፥ “በገነት ስትመላለስ ድምፅህን ሰማሁ፤ ዕራቁቴንም ስለሆንሁ ፈራሁ፤ ተሸሸግሁም።”
0cdf49da-1511-5172-a48b-a7900cc3c09f,3ca65f92-2679-55c3-a21d-d4822af34dd7,66744c33-f68a-5c68-abce-3a53c901eda0,11,11,እግዚአብሔርም አለው፥ “ዕራቁትህን እንደሆንህ ማን ነገረህ? ከእርሱ እንዳትበላ ካዘዝሁህ ዛፍ በውኑ በላህን?”
11b343d1-653e-506b-af53-455b29db52e5,3ca65f92-2679-55c3-a21d-d4822af34dd7,66744c33-f68a-5c68-abce-3a53c901eda0,12,12,አዳምም አለ፥ “ከእኔ ጋር እንድትሆን የሰጠኸኝ ሴት እርስዋ ከዛፉ ሰጠችኝና በላሁ።”
6404044c-370e-5f95-afee-b085e9c20ed2,3ca65f92-2679-55c3-a21d-d4822af34dd7,66744c33-f68a-5c68-abce-3a53c901eda0,13,13,እግዚአብሔር አምላክም ሴቲቱን፥ “ይህን ለምን አደረግሽ?” አላት። ሴቲቱም አለች፥ “እባብ አሳተኝና በላሁ።”
00f08868-fde2-585e-a9d2-f37381dd926a,3ca65f92-2679-55c3-a21d-d4822af34dd7,f93bfcf0-cbc9-5f34-a1f0-3076ee88f2b9,1,14,እግዚአብሔር አምላክም እባቡን አለው፥ “ይህን ስላደረግህ ከእንስሳት ሁሉ፥ ከምድር አራዊትም ሁሉ ተለይተህ አንተ የተረገምህ ሁን ፤ በደረትህና በሆድህም ትሄዳለህ፤ በሕይወትህም ዘመን ሁሉ አፈርን ትበላለህ።
d1933cb8-52d5-5fb1-ae97-46b1fb5f70f1,3ca65f92-2679-55c3-a21d-d4822af34dd7,f93bfcf0-cbc9-5f34-a1f0-3076ee88f2b9,2,15,በአንተና በሴቲቱ መካከል፥ በዘርህና በዘርዋም መካከል ጠላትነትን አደርጋለሁ፤ እርሱ ራስህን ይቀጠቅጣል፤ አንተም ሰኰናውን ትነድፋለህ።”
2b980bfe-6750-5f9f-a2a6-f994f4c28c0a,3ca65f92-2679-55c3-a21d-d4822af34dd7,f93bfcf0-cbc9-5f34-a1f0-3076ee88f2b9,3,16,ለሴቲቱም እግዚአብሔር አላት፥ “ጭንቅሽን እጅግ አበዛለሁ፤ በጭንቅ ትወልጃለሽ፤ ከወለድሽም በኋላ ፈቃድሽ ወደ ባልሽ ይሆናል፤ እርሱም ይገዛሻል።”
115dc3a2-03c6-5dad-a9d5-f82f40fb9c99,3ca65f92-2679-55c3-a21d-d4822af34dd7,f93bfcf0-cbc9-5f34-a1f0-3076ee88f2b9,4,17,እግዚአብሔርም አዳምን አለው፥ “የሚስትህን ቃል ሰምተሃልና፥ ከእርሱ እንዳትበላ ከአዘዝሁህ ከዚያ ዛፍም በልተሃልና ምድር በሥራህ የተረገመች ትሁን፤ በሕይወት ዘመንህም ሁሉ በድካም ከእርስዋ ትበላለህ፤
1bd815d8-f8e4-5194-a08b-9aaaa8068939,3ca65f92-2679-55c3-a21d-d4822af34dd7,f93bfcf0-cbc9-5f34-a1f0-3076ee88f2b9,5,18,እሾህንና አሜከላን ታበቅልብሃለች፤ የምድርንም ቡቃያ ትበላለህ።
54ed383e-f3bb-5fb7-a8d0-a05392f95605,3ca65f92-2679-55c3-a21d-d4822af34dd7,f93bfcf0-cbc9-5f34-a1f0-3076ee88f2b9,6,19,ወደ ወጣህበት መሬት እስክትመለስ ድረስ በፊትህ ወዝ እንጀራህን ትበላለህ፤ አፈር ነህና ወደ አፈርም ትመለሳለህና።”
6fbcd1af-a14d-5194-a7e2-7540ffe6235e,3ca65f92-2679-55c3-a21d-d4822af34dd7,f93bfcf0-cbc9-5f34-a1f0-3076ee88f2b9,7,20,አዳምም ለሚስቱ “ሔዋን” ብሎ ስም አወጣ፤ የሕያዋን ሁሉ እናት ናትና።
6852930e-b7ce-570a-a310-3e64b7c8f4d1,3ca65f92-2679-55c3-a21d-d4822af34dd7,f93bfcf0-cbc9-5f34-a1f0-3076ee88f2b9,8,21,እግዚአብሔር አምላክም ለአዳምና ለሚስቱ የቁርበትን ልብስ አደረገላቸው፥ አለበሳቸውም።
2ab09c85-75dd-5794-a391-c6465aa2b36a,3ca65f92-2679-55c3-a21d-d4822af34dd7,e8f10b88-ddcb-522c-a360-433a85d9d44d,1,22,እግዚአብሔር አምላክም አለ፥ “እነሆ፥ አዳም መልካምንና ክፉን ለማወቅ ከእኛ እንደ አንዱ ሆነ፤ አሁንም እጁን እንዳይዘረጋ፥ ደግሞም ከሕይወት ዛፍ ወስዶ እንዳይበላ፥ ለዘለዓለምም ሕያው ሆኖ እንዳይኖር፥”
2a398aca-f18e-5b9d-a515-be7f4042d394,3ca65f92-2679-55c3-a21d-d4822af34dd7,e8f10b88-ddcb-522c-a360-433a85d9d44d,2,23,ስለዚህ የተገኘባትን መሬት ያርስ ዘንድ እግዚአብሔር አምላክ ደስታ ከሚገኝባት ገነት አስወጣው።
15c5a4a7-01fa-5908-af02-fd5c7692ec7f,3ca65f92-2679-55c3-a21d-d4822af34dd7,e8f10b88-ddcb-522c-a360-433a85d9d44d,3,24,አዳምንም አስወጣው፤ ደስታ በሚገኝባት በገነት አንጻርም አኖረው፤ ወደ ሕይወት ዛፍ የሚወስደውንም መንገድ ለመጠበቅ የምትገለባበጥ የነበልባል ሰይፍን በእጃቸው የያዙ ኪሩቤልን አዘዛቸው።
390146e9-4c15-50f8-a0f0-7558c8d1954b,a316a3e6-70db-5c64-a808-c32c207f4fd3,1356cd78-aa88-54ac-ad14-8124e8edffd1,1,1,አዳምም ሚስቱን ሔዋንን ዐወቃት፤ ፀነሰችም፤ ቃየልንም ወለደችው።
66ac4f53-dee6-57ab-ae3e-9e3834e4d86b,a316a3e6-70db-5c64-a808-c32c207f4fd3,1356cd78-aa88-54ac-ad14-8124e8edffd1,2,2,እርስዋም “ወንድ ልጅ ከእግዚአብሔር አገኘሁ” አለች። ደግሞም ወንድሙን አቤልን ወለደችው። አቤልም በግ ጠባቂ ሆነ፤ ቃየልም ምድርን የሚያርስ ሆነ።
cd49c3da-618c-55f4-a283-3894da795228,a316a3e6-70db-5c64-a808-c32c207f4fd3,1356cd78-aa88-54ac-ad14-8124e8edffd1,3,3,ከብዙ ቀን በኋላም እንዲህ ሆነ፤ ቃየል ከምድር ፍሬ ለእግዚአብሔር መሥዋዕትን አቀረበ፤
fd70b222-935f-54cf-a123-95b1b7992859,a316a3e6-70db-5c64-a808-c32c207f4fd3,1356cd78-aa88-54ac-ad14-8124e8edffd1,4,4,አቤልም ደግሞ ከበጎቹ መጀመሪያ የተወለደውንና ከሰቡት አቀረበ። እግዚአብሔርም ወደ አቤልና ወደ መሥዋዕቱ ተመለከተ፤
baa47a38-6ad7-5dde-ac1f-2bdc2b76ae43,a316a3e6-70db-5c64-a808-c32c207f4fd3,1356cd78-aa88-54ac-ad14-8124e8edffd1,5,5,ወደ ቃየልና ወደ መሥዋዕቱ ግን አልተመለከተም። ቃየልንም እጅግ አሳዘነው፤ ፊቱም ጠቈረ።
322afc44-9f94-5ae6-a0de-63a8d60ad0e8,a316a3e6-70db-5c64-a808-c32c207f4fd3,1356cd78-aa88-54ac-ad14-8124e8edffd1,6,6,እግዚአብሔር አምላክም ቃየልን አለው፥ “ለምን ታዝናለህ? ለምንስ ፊትህ ጠቈረ?
cab2fe43-c160-5fbb-abc1-36666eda0b65,a316a3e6-70db-5c64-a808-c32c207f4fd3,1356cd78-aa88-54ac-ad14-8124e8edffd1,7,7,በእውነት ያመጣህልኝ አይደለም፤ አግባብስ በእውነት ታመጣልኝ ዘንድ ነበር። በደልህ፤ እንግዲህ ዝም በል፤ የወንድምህ መመለሻው ወደ አንተ ነው፤ አንተም ትሰለጥንበታለህ።”
e5871937-ddad-5ed2-ad49-b3c69940247a,a316a3e6-70db-5c64-a808-c32c207f4fd3,1356cd78-aa88-54ac-ad14-8124e8edffd1,8,8,ቃየልም ወንድሙን አቤልን፥ “ና ወደ ሜዳ እንሂድ” አለው። በሜዳም ሳሉ ቃየል በወንድሙ በአቤል ላይ ተነሣበት፤ ገደለውም።
8f38d529-5f5b-5ae4-a9af-d2bd4a11c858,a316a3e6-70db-5c64-a808-c32c207f4fd3,1356cd78-aa88-54ac-ad14-8124e8edffd1,9,9,እግዚአብሔርም ቃየልን አለው፥ “ወንድምህ አቤል ወዴት ነው?” ቃየልም አለ፥ “አላውቅም፤ በውኑ የወንድሜ ጠባቂው እኔ ነኝን?”
2455337b-9ff1-5679-a17c-dcae1c46a3f0,a316a3e6-70db-5c64-a808-c32c207f4fd3,1356cd78-aa88-54ac-ad14-8124e8edffd1,10,10,እግዚአብሔርም አለው፥ “ቃየል! ምን አደረግህ? የወንድምህ የአቤል የደሙ ድምፅ ከምድር ወደ እኔ ይጮሃል።
0b803498-f664-5af3-ae29-14d636350bc6,a316a3e6-70db-5c64-a808-c32c207f4fd3,1356cd78-aa88-54ac-ad14-8124e8edffd1,11,11,አሁንም የወንድምህን ደም ከእጅህ ለመቀበል አፍዋን በከፈተች በምድር ላይ አንተ የተረገምህ ነህ።
cf2bf764-03a8-5902-aa83-d514e369bed6,a316a3e6-70db-5c64-a808-c32c207f4fd3,1356cd78-aa88-54ac-ad14-8124e8edffd1,12,12,ምድርንም ባረስህ ጊዜ እንግዲህ ኀይልዋን አትሰጥህም፤ በምድር ላይ ኮብላይና ተቅበዝባዥ ትሆናለህ።”
bf8faee2-c82f-5b18-a58d-3966c1b32b23,a316a3e6-70db-5c64-a808-c32c207f4fd3,1356cd78-aa88-54ac-ad14-8124e8edffd1,13,13,ቃየልም እግዚአብሔርን አለው፥ “ኀጢአቴ ይቅር የማትባል ታላቅ ናትን?
92bec8b5-80b6-5211-abbe-3db65b4b00f0,a316a3e6-70db-5c64-a808-c32c207f4fd3,1356cd78-aa88-54ac-ad14-8124e8edffd1,14,14,እነሆ፥ ዛሬ ከምድር ፊት ከአሳደድኸኝ፥ ከፊትህ እሰወራለሁ፤ በምድርም ላይ ኮብላይና ተቅበዝባዥ እሆናለሁ፤ የሚያገኘኝም ሁሉ ይገድለኛል።”
a9a30f15-3a4a-58ce-a656-7474275a9afa,a316a3e6-70db-5c64-a808-c32c207f4fd3,1356cd78-aa88-54ac-ad14-8124e8edffd1,15,15,እግዚአብሔርም አለው፥ “እንዲህ አይደለም፤ እንግዲህ ቃየልን የገደለ ሁሉ ሰባት እጥፍ ይበቀልበታል።” እግዚአብሔርም ቃየልን ያገኘው ሁሉ እንዳይገድለው ምልክት አደረገለት።
5e875e63-3c72-5888-a8d7-aac96d4bd96d,a316a3e6-70db-5c64-a808-c32c207f4fd3,379202e4-1096-5d52-ab38-91da740dc9bf,1,16,ቃየልም ከእግዚአብሔር ፊት ወጣ፤ በኤዶም አንጻር ባለችው ኖድ በምትባለው ምድርም ኖረ።
3b337f3b-e6f8-5863-a550-c247bac332e8,a316a3e6-70db-5c64-a808-c32c207f4fd3,379202e4-1096-5d52-ab38-91da740dc9bf,2,17,ቃየልም ሚስቱን ዐወቃት፤ ፀነስችም፤ ሄኖሕንም ወለደች። ከተማም ሠራ፤ የከተማይቱንም ስም በልጁ ስም “ሄኖሕ” አላት።
1aeaa20c-6f00-5202-ab64-dcaaeaa08ab3,a316a3e6-70db-5c64-a808-c32c207f4fd3,379202e4-1096-5d52-ab38-91da740dc9bf,3,18,ሄኖሕም ጋይዳድን ወለደ፤ ጋይዳድም ሜኤልን ወለደ፤ ሜኤልም ማቱሳኤልን ወለደ፤ ማቱሳኤልም ላሜሕን ወለደ።
5917d4ba-5186-5aaf-aa4a-481463c6d0ac,a316a3e6-70db-5c64-a808-c32c207f4fd3,379202e4-1096-5d52-ab38-91da740dc9bf,4,19,ላሜሕም ለራሱ ሁለት ሚስቶችን አገባ፤ የአንዲቱ ስም ዓዳ፥ የሁለተኛይቱ ስም ሴላ ነበር።
1bf9f330-7fde-5c50-a8eb-631e0729dde2,a316a3e6-70db-5c64-a808-c32c207f4fd3,379202e4-1096-5d52-ab38-91da740dc9bf,5,20,ዓዳም ዮቤልን ወለደች፤ እርሱም በድንኳን የሚቀመጡት የዘላኖች አባት ነበረ።
8478eb15-af34-5951-aad4-244fce76cf93,a316a3e6-70db-5c64-a808-c32c207f4fd3,379202e4-1096-5d52-ab38-91da740dc9bf,6,21,የወንድሙም ስም ኢዮቤል ነበር፤ እርሱም በገናንና መሰንቆን አስተማረ።
8d7d6cb1-b9ca-53c4-a34e-7d5ddd925a96,a316a3e6-70db-5c64-a808-c32c207f4fd3,379202e4-1096-5d52-ab38-91da740dc9bf,7,22,ሴላም ደግሞ ቶቤልን ወለደች። እርሱም ናስና ብረትን የሚሠራ ሆነ። የእኅቱም ስም ኖሄም ነበረ።
b47f2d94-ac9d-5498-a6e5-1a6075995599,a316a3e6-70db-5c64-a808-c32c207f4fd3,379202e4-1096-5d52-ab38-91da740dc9bf,8,23,ላሜሕም ለሚስቶቹ ለዓዳና ለሴላ አላቸው፥ “እናንት የላሜሕ ሚስቶች ቃሌን ስሙ፤ ነገሬንም አድምጡ፤ እኔ ጐልማሳውን ስለ መቍሰሌ፤ ብላቴናውንም ስለ መወጋቴ ገድየዋለሁና፤
8c933759-208f-55c1-a778-8b96c26ae153,a316a3e6-70db-5c64-a808-c32c207f4fd3,379202e4-1096-5d52-ab38-91da740dc9bf,9,24,ቃየልን ሰባት እጥፍ ይበቀሉታል፤ ላሜሕን ግን ሰባ ጊዜ ሰባት።”
f387f1be-c68f-59b3-a505-dc3fe39704bb,a316a3e6-70db-5c64-a808-c32c207f4fd3,35e27cb2-b016-5f38-a44f-a8610fe42b91,1,25,አዳምም ዳግመኛ ሚስቱን ዐወቃት፤ ፀነሰችም፤ ወንድ ልጅንም ወለደች። ስሙንም ቃየል በገደለው በአቤል ፈንታ እግዚአብሔር ሌላ ዘር ተክቶልኛል ስትል ሴት አለችው።
9fb5e560-050e-5fd9-abc0-c2c5cd81c3ca,a316a3e6-70db-5c64-a808-c32c207f4fd3,35e27cb2-b016-5f38-a44f-a8610fe42b91,2,26,ሴትም ወንድ ልጅ ወለደ። ስሙንም ሄኖስ አለው፤ እርሱም የእግዚአብሔርን ስም መጥራት የጀመረ ነው።
cd31f5ed-1fdf-5721-a8c6-d6fa55e8c63d,22f22b76-2bf2-5b03-af8e-d5f536c1e24d,ee5eb77f-27be-514e-ac27-659a0b12e07b,1,1,የሰዎች የትውልድ መጽሐፍ ይህ ነው። እግዚአብሔር አዳምን በፈጠረ ቀን በእግዚአብሔር ምሳሌ አደረገው፤
aff0727d-04a5-5245-ae7e-aa2eff9c9265,22f22b76-2bf2-5b03-af8e-d5f536c1e24d,ee5eb77f-27be-514e-ac27-659a0b12e07b,2,2,ወንድና ሴት አድርጎ ፈጠራቸው፤ ባረካቸውም። እነርሱንም በፈጠረበት ቀን ስሙን አዳም ብሎ ጠራው።
0e2232f5-2e5d-59ad-a23e-b4fe6c26e625,22f22b76-2bf2-5b03-af8e-d5f536c1e24d,ee5eb77f-27be-514e-ac27-659a0b12e07b,3,3,አዳምም ሁለት መቶ ሠላሳ ዓመት ኖረ፤ ልጅንም እንደ ምሳሌው እንደ መልኩ ወለደ፤ ስሙንም ሴት ብሎ ጠራው።
c1cd73ea-4b3f-558c-a561-89a778b4334d,22f22b76-2bf2-5b03-af8e-d5f536c1e24d,ee5eb77f-27be-514e-ac27-659a0b12e07b,4,4,አዳምም ሴትን ከወለደ በኋላ የኖረው ሰባት መቶ ዓመት ሆነ፤ ወንዶችንም፥ ሴቶችንም ወለደ።
89c29c43-1146-518e-a3db-bbe0d8a56af3,22f22b76-2bf2-5b03-af8e-d5f536c1e24d,ee5eb77f-27be-514e-ac27-659a0b12e07b,5,5,አዳምም የኖረበት ዘመን ሁሉ ዘጠኝ መቶ ሠላሳ ዓመት ሆነ፤ ሞተም።
924278c0-c764-5cfe-a2b1-acbc891e0cd2,22f22b76-2bf2-5b03-af8e-d5f536c1e24d,ee5eb77f-27be-514e-ac27-659a0b12e07b,6,6,ሴትም ሁለት መቶ አምስት ዓመት ኖረ፤ ሄኖስንም ወለደ፤
f66024f2-c453-5fdf-a075-8b27f0d3a4b6,22f22b76-2bf2-5b03-af8e-d5f536c1e24d,ee5eb77f-27be-514e-ac27-659a0b12e07b,7,7,ሴትም ሄኖስን ከወለደ በኋላ ሰባት መቶ ሰባት ዓመት ኖረ፤ ወንዶችንም፥ ሴቶችንም ወለደ።
7010cd06-a4ff-5396-ae99-4995418fb24f,22f22b76-2bf2-5b03-af8e-d5f536c1e24d,ee5eb77f-27be-514e-ac27-659a0b12e07b,8,8,ሴትም የኖረበት ዘመን ሁሉ ዘጠኝ መቶ ዐሥራ ሁለት ዓመት ሆነ፤ ሞተም።
343f3ff5-59df-583b-a4e9-f0cb7c3fce20,22f22b76-2bf2-5b03-af8e-d5f536c1e24d,ee5eb77f-27be-514e-ac27-659a0b12e07b,9,9,ሄኖስም መቶ ዘጠና ዓመት ኖረ፤ ቃይናንንም ወለደ፤
1029bb6f-8099-597c-acfd-3212e5a04a99,22f22b76-2bf2-5b03-af8e-d5f536c1e24d,ee5eb77f-27be-514e-ac27-659a0b12e07b,10,10,ሄኖስም ቃይናንን ከወለደ በኋላ ሰባት መቶ ዐሥራ አምስት ዓመት ኖረ። ወንዶችንም፥ ሴቶችንም ወለደ።
5b5bfcd1-ce6c-5d1d-a1e0-6fb9c7af3db7,22f22b76-2bf2-5b03-af8e-d5f536c1e24d,ee5eb77f-27be-514e-ac27-659a0b12e07b,11,11,ሄኖስም የኖረበት ዘመን ሁሉ ዘጠኝ መቶ አምስት ዓመት ሆነ፤ ሞተም።
ea784859-3e3c-51a2-a4cc-2786126ce98d,22f22b76-2bf2-5b03-af8e-d5f536c1e24d,ee5eb77f-27be-514e-ac27-659a0b12e07b,12,12,ቃይናንም መቶ ሰባ ዓመት ኖረ፤ መላልኤልንም ወለደ፤
46302311-07f9-5f19-a9e6-682786463007,22f22b76-2bf2-5b03-af8e-d5f536c1e24d,ee5eb77f-27be-514e-ac27-659a0b12e07b,13,13,ቃይናንም መላልኤልን ከወለደ በኋላ ሰባት መቶ አርባ ዓመት ኖረ፤ ወንዶችንም፥ ሴቶችንም ወለደ።
f9c1e3cc-f5f5-5e4d-af16-bb49b570a0a5,22f22b76-2bf2-5b03-af8e-d5f536c1e24d,ee5eb77f-27be-514e-ac27-659a0b12e07b,14,14,ቃይናንም የኖረበት ዘመን ሁሉ ዘጠኝ መቶ ዐሥር ዓመት ሆነ፤ ሞተም።
0d1aa174-05da-5260-a531-2a2fa150848f,22f22b76-2bf2-5b03-af8e-d5f536c1e24d,ee5eb77f-27be-514e-ac27-659a0b12e07b,15,15,መላልኤልም መቶ ስድሳ አምስት ዓመት ኖረ፤ ያሬድንም ወለደ፤
3aaff5c3-ef5b-5f0f-a0e8-c597ef3027f7,22f22b76-2bf2-5b03-af8e-d5f536c1e24d,ee5eb77f-27be-514e-ac27-659a0b12e07b,16,16,መላልኤልም ያሬድን ከወለደ በኋላ ሰባት መቶ ሠላሳ ዓመት ኖረ፤ ወንዶችንም፥ ሴቶችንም ወለደ።
76e49967-c6bb-5412-a4c0-b93cc2913ddf,22f22b76-2bf2-5b03-af8e-d5f536c1e24d,ee5eb77f-27be-514e-ac27-659a0b12e07b,17,17,መላልኤልም የኖረበት ዘመን ሁሉ ስምንት መቶ ዘጠና አምስት ዓመት ሆነ፤ ሞተም።
5c3bc9a0-4b5c-51a9-a57a-d0b2b409f933,22f22b76-2bf2-5b03-af8e-d5f536c1e24d,ee5eb77f-27be-514e-ac27-659a0b12e07b,18,18,ያሬድም መቶ ስድሳ ሁለት ዓመት ኖረ፤ ሄኖክንም ወለደ፤
175ea464-6075-5670-a5e2-6d23d39a7a27,22f22b76-2bf2-5b03-af8e-d5f536c1e24d,ee5eb77f-27be-514e-ac27-659a0b12e07b,19,19,ያሬድም ሄኖክን ከወለደ በኋላ ስምንት መቶ ዓመት ኖረ፤ ወንዶችንም፥ ሴቶችንም ወለደ።
d649fd66-a0ea-5303-a70f-c02acb28a276,22f22b76-2bf2-5b03-af8e-d5f536c1e24d,ee5eb77f-27be-514e-ac27-659a0b12e07b,20,20,ያሬድም የኖረበት ዘመን ሁሉ ዘጠኝ መቶ ስድሳ ሁለት ዓመት ሆነ፤ ሞተም።
4589cb58-375c-5709-a9df-8062a0b44a6d,22f22b76-2bf2-5b03-af8e-d5f536c1e24d,ee5eb77f-27be-514e-ac27-659a0b12e07b,21,21,ሄኖክም መቶ ስድሳ አምስት ዓመት ኖረ፤ ማቱሳላንም ወለደ፤
1877b0b9-dfd2-5c2d-a9b8-cd7744723c67,22f22b76-2bf2-5b03-af8e-d5f536c1e24d,ee5eb77f-27be-514e-ac27-659a0b12e07b,22,22,ሄኖክም እግዚአብሔርን ደስ አሰኘው፤ ሄኖክም ማቱሳላን ከወለደ በኋላ ሁለት መቶ ዓመት ኖረ፤ ወንዶችንም፥ ሴቶችንም ወለደ።
2a2142ec-da1e-5957-a31a-3972591982c8,22f22b76-2bf2-5b03-af8e-d5f536c1e24d,ee5eb77f-27be-514e-ac27-659a0b12e07b,23,23,ሄኖክም የኖረበት ዘመን ሁሉ ሦስት መቶ ስድሳ አምስት ዓመት ሆነ።
873688be-8b3a-5714-a206-49832bee8884,22f22b76-2bf2-5b03-af8e-d5f536c1e24d,ee5eb77f-27be-514e-ac27-659a0b12e07b,24,24,ሄኖክም እግዚአብሔርን ደስ ስላሰኘው አልተገኘም፤ እግዚአብሔር ሰውሮታልና።
0da0a60e-a3a0-5a67-a1d9-8727a361f6c4,22f22b76-2bf2-5b03-af8e-d5f536c1e24d,ee5eb77f-27be-514e-ac27-659a0b12e07b,25,25,ማቱሳላም መቶ ሰማንያ ሰባት ዓመት ኖረ፤ ላሜሕንም ወለደ፤
51cefe3a-f1a4-568c-ada6-6bbf8087baff,22f22b76-2bf2-5b03-af8e-d5f536c1e24d,ee5eb77f-27be-514e-ac27-659a0b12e07b,26,26,ማቱሳላም ላሜሕን ከወለደ በኋላ ሰባት መቶ ሰማንያ ሁለት ዓመት ኖረ፤ ወንዶችንም፥ ሴቶችንም ወለደ።
a28aad7b-a909-5024-a2ed-5f5446957eb3,22f22b76-2bf2-5b03-af8e-d5f536c1e24d,ee5eb77f-27be-514e-ac27-659a0b12e07b,27,27,ማቱሳላም የኖረበት ዘመን ሁሉ ዘጠኝ መቶ ስድሳ ዘጠኝ ዓመት ሆነ፤ ሞተም።
65eca6cb-9677-5792-a378-7a360484aa0b,22f22b76-2bf2-5b03-af8e-d5f536c1e24d,ee5eb77f-27be-514e-ac27-659a0b12e07b,28,28,ላሜሕም መቶ ሰማንያ ሁለት ዓመት ኖረ፤ ልጅንም ወለደ።
f2d97382-c49b-5b0f-a1ca-cd0936d94ff6,22f22b76-2bf2-5b03-af8e-d5f536c1e24d,ee5eb77f-27be-514e-ac27-659a0b12e07b,29,29,ስሙንም ከሥራዬ፥ ከእጄ ድካምና እግዚአብሔር ከረገማት ምድር ይህ ያሳርፈኝ ዘንድ አለው ሲል “ኖኅ” ብሎ ጠራው።
1f055616-fd99-5d9c-aaa6-ce6d17046745,22f22b76-2bf2-5b03-af8e-d5f536c1e24d,ee5eb77f-27be-514e-ac27-659a0b12e07b,30,30,ላሜሕም ኖኅን ከወለደ በኋላ አምስት መቶ ስድሳ አምስት ዓመት ኖረ፤ ወንዶችንም ሴቶችንም ወለደ።
caa83487-698f-5660-ac0c-68f2f6abca6f,22f22b76-2bf2-5b03-af8e-d5f536c1e24d,ee5eb77f-27be-514e-ac27-659a0b12e07b,31,31,ላሜሕም የኖረበት ዘመን ሁሉ ሰባት መቶ አርባ ሰባት ዓመት ሆነ፤ ሞተም።
c28ea089-43a5-5748-a1be-93b21a37ea5a,22f22b76-2bf2-5b03-af8e-d5f536c1e24d,ee5eb77f-27be-514e-ac27-659a0b12e07b,32,32,ለኖኅም አምስት መቶ ዓመት ሆነው፤ ኖህም ሦስት ልጆችን ወለደ፤ እነርሱም ሴም፥ ካምና ያፌት ናቸው።
07d2916e-49c7-5051-a7e0-8b624b2336f9,5ab91124-bbc8-53db-aa46-0688b93472be,308b0d46-0b94-596a-ab25-98bf0a9d1bcb,1,1,እንዲህም ሆነ፤ ሰዎች በምድር ላይ መብዛት በጀመሩ ጊዜ መልከ መልካሞች ሴቶች ልጆች ተወለዱላቸው፤
8efbd8cb-d647-5c0c-a664-766301fe5c7f,5ab91124-bbc8-53db-aa46-0688b93472be,308b0d46-0b94-596a-ab25-98bf0a9d1bcb,2,2,የእግዚአብሔር ልጆችም የሰውን ሴቶች ልጆች መልካሞች እንደሆኑ አዩ፤ ከመረጡአቸውም ሁሉ ሚስቶችን ለራሳቸው ወሰዱ።
371fc345-ef80-511b-a264-368e3b48a7e5,5ab91124-bbc8-53db-aa46-0688b93472be,308b0d46-0b94-596a-ab25-98bf0a9d1bcb,3,3,እግዚአብሔርም፥ “መንፈሴ በሰው ላይ ለዘለዓለም አይኖርም፤ እነርሱ ሥጋ ናቸውና፤ ዘመናቸውም መቶ ሃያ ዓመት ይሆናል” አለ።
9d7a25c6-0655-5c16-a345-c04aaebf7519,5ab91124-bbc8-53db-aa46-0688b93472be,308b0d46-0b94-596a-ab25-98bf0a9d1bcb,4,4,በእነዚያም ወራት ረዓይት በምድር ላይ ነበሩ። ከዚያም በኋላ የእግዚአብሔር ልጆች ወደ ሰው ሴቶች ልጆች በገቡ ጊዜ ልጆችን ወለዱላቸው፤ እነርሱም በዱሮ ዘመን ስማቸውን ያስጠሩ ኀያላን ሰዎች ሆኑ።
526236d8-89e7-5973-aacf-a8a62fdbcc2f,5ab91124-bbc8-53db-aa46-0688b93472be,308b0d46-0b94-596a-ab25-98bf0a9d1bcb,5,5,እግዚአብሔርም የሰዎች ክፉ ሥራ በምድር ላይ እንደበዛ፥ የልባቸው ዐሳብ ምኞትም ሁል ጊዜ ፈጽሞ ክፉ እንደሆነ አየ።
f54b2d50-1a9d-51d6-a522-80ddd70a66ff,5ab91124-bbc8-53db-aa46-0688b93472be,308b0d46-0b94-596a-ab25-98bf0a9d1bcb,6,6,እግዚአብሔርም ሰውን በምድር ላይ በመፍጠሩ ተጸጸተ፤ በልቡም አዘነ።
3bc6ae87-78c3-5e4c-a81a-987faf57843e,5ab91124-bbc8-53db-aa46-0688b93472be,308b0d46-0b94-596a-ab25-98bf0a9d1bcb,7,7,እግዚአብሔርም፥ “የፈጠርሁትን ሰው ከምድር ላይ አጠፋለሁ፤ ከሰው እስከ እንስሳና አራዊት፥ እስከ ተንቀሳቃሽም፥ እስከ ሰማይ ወፍም ድረስ፤ ስለ ፈጠርኋቸው ተጸጽቻለሁና” አለ።
987ce2d6-b821-5d99-a887-5f2cd7c94806,5ab91124-bbc8-53db-aa46-0688b93472be,308b0d46-0b94-596a-ab25-98bf0a9d1bcb,8,8,ኖኅ ግን በእግዚአብሔር ፊት ሞገስን አገኘ።
e36ddfd4-16bd-51cd-a246-831529b317eb,5ab91124-bbc8-53db-aa46-0688b93472be,73fade1a-0d6a-5f15-a543-33f63041c53b,1,9,የኖኅ ትውልድ እንዲህ ነው። ኖኅም በትውልዱ ጻድቅ፥ ፍጹምም ሰው ነበረ፤ ኖኅም እግዚአብሔርን ደስ አሰኘው።
a473d69c-42a5-557e-a62b-4c745aed1d0c,5ab91124-bbc8-53db-aa46-0688b93472be,73fade1a-0d6a-5f15-a543-33f63041c53b,2,10,ኖኅም ሦስት ልጆችን ሴምን፥ ካምን ያፌትንም ወለደ።
13f30a4c-ff1b-57e9-a122-6fbe467f45d7,5ab91124-bbc8-53db-aa46-0688b93472be,73fade1a-0d6a-5f15-a543-33f63041c53b,3,11,ምድርም በእግዚአብሔር ፊት ተበላሸች፤ ምድርም ግፍን ተመላች።
f5115464-6073-5250-a6b8-961d3948c9ae,5ab91124-bbc8-53db-aa46-0688b93472be,73fade1a-0d6a-5f15-a543-33f63041c53b,4,12,እግዚአብሔርም ምድርን እንደ ተበላሸች፥ ሥጋን የለበሱ ሁሉም በምድር ላይ መንገዳቸውን እንደ አበላሹ አየ።
b58941b6-19f1-5b5d-a4aa-912db138e1af,5ab91124-bbc8-53db-aa46-0688b93472be,73fade1a-0d6a-5f15-a543-33f63041c53b,5,13,እግዚአብሔር አምላክም ኖኅን አለው፥ “የሰው ሁሉ ጊዜው በፊቴ ደርሶአል፤ ከእነርሱ የተነሣ ምድር በግፍ ተመልታለችና፤ እኔም እነሆ፥ ከምድር ጋር አጠፋቸዋለሁ።
0c276d00-f896-59fd-ad72-e7005b42f207,5ab91124-bbc8-53db-aa46-0688b93472be,73fade1a-0d6a-5f15-a543-33f63041c53b,6,14,ባለ አራት መዓዝን የዕንጨት መርከብን ለአንተ ሥራ፤ በመርከቢቱም ክፍሎችን አድርግ፤ በውስጥም፥ በውጭም በቅጥራን ለቅልቃት።
e42447c8-58a2-5cf4-a97a-b2e069cada26,5ab91124-bbc8-53db-aa46-0688b93472be,73fade1a-0d6a-5f15-a543-33f63041c53b,7,15,መርከብዋንም እንዲህ ታደርጋታለህ፤ የመርከቢቱ ርዝመት ሦስት መቶ ክንድ፥ ወርድዋ አምሳ ክንድ፥ ከፍታዋ ሠላሳ ክንድ ይሁን።
d809e1b9-8ee4-542c-a7cc-c4724f18b24d,5ab91124-bbc8-53db-aa46-0688b93472be,73fade1a-0d6a-5f15-a543-33f63041c53b,8,16,ለመርከቢቱም መስኮትን ታደርጋለህ፤ ከቁመቷም ክንድ ሙሉ ትተህ ጨርሳት፤ የመርከቢቱንም በር በጎንዋ አድርግ፤ ታችኛውንም፥ ሁለተኛውንም፥ ሦስተኛውንም ደርብ ታደርግላታለህ።
18ff9b47-f455-55ee-ac2b-9af67f4442bf,5ab91124-bbc8-53db-aa46-0688b93472be,73fade1a-0d6a-5f15-a543-33f63041c53b,9,17,እኔም እነሆ፥ ከሰማይ በታች የሕይወት ነፍስ ያለውን ሥጋ ሁሉ ለማጥፋት በምድር ላይ የጥፋት ውኃን አመጣለሁ፤ በምድር ያለው ሁሉ ይጠፋል።
2574f13c-461e-5b26-a7e3-14fcad82627a,5ab91124-bbc8-53db-aa46-0688b93472be,73fade1a-0d6a-5f15-a543-33f63041c53b,10,18,ቃል ኪዳኔንም ከአንተ ጋር አጸናለሁ፤ ወደ መርከብም አንተ ልጆችህንና ሚስትህን፥ የልጆችህንም ሚስቶች ይዘህ ትገባለህ።
c2a747d2-a7fa-55c9-a71b-9e99fb6982c0,5ab91124-bbc8-53db-aa46-0688b93472be,73fade1a-0d6a-5f15-a543-33f63041c53b,11,19,ከእንስሳ ሁሉ፥ ከተንቀሳቃሽ አራዊትም ሁሉ፥ ሥጋ ካለው ሁሉ ከአንተ ጋር ትመግባቸው ዘንድ ከሁሉም ሁለት ሁለት ወደ መርከብ ታገባለህ፤ ተባትና እንስት ይሁን።
590f10a9-6b18-5e53-a13f-7a8b7874b95a,5ab91124-bbc8-53db-aa46-0688b93472be,73fade1a-0d6a-5f15-a543-33f63041c53b,12,20,ከወፎች ሁሉ በየወገናቸው፥ ከእንስሳም ሁሉ በየወገናቸው፥ በምድር ላይ ከሚሳቡ ተንቀሳቃሾች ሁሉ በየወገናቸው ከአንተ ጋር ይመገቡ ዘንድ ከሁሉም ሁለት ሁለት ወንድና ሴት እየሆኑ ወደ አንተ ይግቡ።
80a43e0b-cda8-5faf-a915-476fb1ad01d4,5ab91124-bbc8-53db-aa46-0688b93472be,73fade1a-0d6a-5f15-a543-33f63041c53b,13,21,ከሚበላውም የመብል ዓይነት ሁሉ ለአንተ ውሰድ፤ ወደ አንተ ትሰበስባለህ፤ እርሱም ለአንተ፥ ለእነርሱም መብል ይሆናል።”
38829d73-b72b-5c32-a3ee-901b08dc7fad,5ab91124-bbc8-53db-aa46-0688b93472be,73fade1a-0d6a-5f15-a543-33f63041c53b,14,22,ኖኅም እግዚአብሔር አምላክ ያዘዘውን ሁሉ አደረገ፤ እንዲሁ አደረገ።
c59c234f-4c22-5f46-a513-606a68f90104,e706c1d6-5757-5dfb-a63c-c7d14f88cca6,73cb65ce-f3ba-515b-a18f-ed85dc84a0dd,1,1,እግዚአብሔር አምላክም ኖኅን አለው፥ “አንተ ቤተሰቦችህን ሁሉ ይዘህ ወደ መርከብ ግባ፤ በዚህ ትውልድ በፊቴ ጻድቅ ሆነህ አይችሃለሁና።
dae25b76-8693-573b-acfa-2042cfc2cb0e,e706c1d6-5757-5dfb-a63c-c7d14f88cca6,73cb65ce-f3ba-515b-a18f-ed85dc84a0dd,2,2,ከንጹሕ እንስሳ ሁሉ ሰባት ስባት ተባትና እንስት፥ ንጹሕ ካልሆነም እንስሳ ሁለት ሁለት ተባትና እንስት፤
59a29360-e7e6-54a0-a5bd-629b9fd92b34,e706c1d6-5757-5dfb-a63c-c7d14f88cca6,73cb65ce-f3ba-515b-a18f-ed85dc84a0dd,3,3,ከንጹሕ የሰማይ ወፍ ደግሞ ሰባት ሰባት ተባትና እንስት፥ ንጹሕ ካልሆነ የሰማይ ወፍም ሁለት ሁለት ተባትና እንስት እያደረግህ በምድር ላይ ለምግብና ለዘር ይቀር ዘንድ ለአንተ ትወስዳለህ።
a8969c41-60ef-52f2-aac3-55e4a04733ef,e706c1d6-5757-5dfb-a63c-c7d14f88cca6,73cb65ce-f3ba-515b-a18f-ed85dc84a0dd,4,4,ከሰባት ቀን በኋላ አርባ ቀንና አርባ ሌሊት በምድር ላይ ዝናብ አዘንባለሁና፤ የፈጠርሁትንም ፍጥረት ሁሉ ከምድር ሁሉ ላይ አጠፋለሁና።”
b4e2caac-88cb-5b8e-a1e5-fb97069e6b74,e706c1d6-5757-5dfb-a63c-c7d14f88cca6,73cb65ce-f3ba-515b-a18f-ed85dc84a0dd,5,5,ኖኅም እግዚአብሔር አምላክ ያዘዘውን ሁሉ አደረገ።
7f4dd482-d1de-582f-a242-c97080c292e9,e706c1d6-5757-5dfb-a63c-c7d14f88cca6,73cb65ce-f3ba-515b-a18f-ed85dc84a0dd,6,6,ኖኅም የጥፋት ውኃ በምድር ላይ በሆነ ጊዜ የስድስት መቶ ዓመት ዕድሜ ነበረ።
a5135236-6107-5563-ae9a-068d4c4c9112,e706c1d6-5757-5dfb-a63c-c7d14f88cca6,73cb65ce-f3ba-515b-a18f-ed85dc84a0dd,7,7,ኖኅም ስለ ጥፋት ውኃ ልጆቹንና ሚስቱን፥ የልጆቹንም ሚስቶች ይዞ ወደ መርከብ ገባ።
7f6e7f55-c341-58f5-af42-4109493f456d,e706c1d6-5757-5dfb-a63c-c7d14f88cca6,73cb65ce-f3ba-515b-a18f-ed85dc84a0dd,8,8,ከንጹሓን ወፎችና ንጹሓን ካልሆኑ ወፎች፥ ከንጹሕ እንስሳ፥ ንጹሕም ካልሆነው እንስሳ፥ በምድር ላይ ከሚንቀሳቀሰው ሁሉ፥
628dd9c0-57eb-5419-ad65-43c31b7fe393,e706c1d6-5757-5dfb-a63c-c7d14f88cca6,73cb65ce-f3ba-515b-a18f-ed85dc84a0dd,9,9,እግዚአብሔር ኖኅን እንዳዘዘው፥ ሁለት ሁለት ተባትና እንስት እየሆኑ ወደ ኖኅ ወደ መርከብ ውስጥ ገቡ።
639d0387-1644-5123-a87b-3650a6b77c31,e706c1d6-5757-5dfb-a63c-c7d14f88cca6,73cb65ce-f3ba-515b-a18f-ed85dc84a0dd,10,10,ከሰባት ቀን በኋላም የጥፋት ውኃ በምድር ላይ ሆነ።
e1838d31-b5d6-56ab-a352-1b9f1a57cd16,e706c1d6-5757-5dfb-a63c-c7d14f88cca6,73cb65ce-f3ba-515b-a18f-ed85dc84a0dd,11,11,በኖኅ ዕድሜ በስድስተኛው መቶ ዓመት በሁለተኛው ወር ከወሩም በዐሥራ ሰባተኛው ዕለት፥ በዚያው ቀን የታላቁ ቀላይ ምንጮች ሁሉ ተነደሉ፤ የሰማይ መስኮቶችም ተከፈቱ፤
f1a88b82-7f35-5e53-a7aa-408356a73259,e706c1d6-5757-5dfb-a63c-c7d14f88cca6,73cb65ce-f3ba-515b-a18f-ed85dc84a0dd,12,12,ዝናቡም አርባ ቀንና አርባ ሌሊት በምድር ላይ ሆነ።
0ceb8dec-d338-53fb-a48c-664ce42daead,e706c1d6-5757-5dfb-a63c-c7d14f88cca6,73cb65ce-f3ba-515b-a18f-ed85dc84a0dd,13,13,በዚያውም ቀን ኖኅ ወደ መርከብ ገባ፤ የኖኅ ልጆችም ሴም፥ ካም፥ ያፌትና የኖኅ ሚስት፥ ሦስቱም የልጆቹ ሚስቶች ከእርሱ ጋር ገቡ።
4ac6cdc2-0028-58ac-a3ca-46641da586c7,e706c1d6-5757-5dfb-a63c-c7d14f88cca6,73cb65ce-f3ba-515b-a18f-ed85dc84a0dd,14,14,አራዊትም ሁሉ በየወገናቸው፥ እንስሳትም ሁሉ በየወገናቸው፥ በምድር ላይ የሚንቀሳቀሱ ተንቀሳቃሾችም ሁሉ በየወገናቸው፥ ወፎችም ሁሉ በየወገናቸው፥ የሚበሩ ወፎችም ሁሉ፥
514840d9-e4e5-5694-ad2d-e7d86a17a4ee,e706c1d6-5757-5dfb-a63c-c7d14f88cca6,73cb65ce-f3ba-515b-a18f-ed85dc84a0dd,15,15,ሥጋ ያላቸው ሕያዋን ሁሉ ሁለት ሁለት እየሆኑ ወደ ኖኅ መርከብ ውስጥ ገቡ።
40401810-49e4-5131-a08c-5e53fec77413,e706c1d6-5757-5dfb-a63c-c7d14f88cca6,73cb65ce-f3ba-515b-a18f-ed85dc84a0dd,16,16,ሥጋ ካለው ሁሉ የገቡትም ተባትና እንስት እግዚአብሔር ኖኅን እንዳዘዘው ገቡ፤ እግዚአብሔር አምላክም መርከብዋን በስተውጭ ዘጋት።
732c80ef-cb9d-5333-a825-f6b95e0f8e26,e706c1d6-5757-5dfb-a63c-c7d14f88cca6,73cb65ce-f3ba-515b-a18f-ed85dc84a0dd,17,17,የጥፋት ውኃ በምድር ላይ አርባ ቀንና አርባ ሌሊት ነበረ፤ ውኃውም በዛ፤ መርከቢቱንም አነሣ፤ ከምድርም ወደ ላይ ከፍ ከፍ አለች።
1d0a90bb-09d6-5f60-a181-a1fd73000fd9,e706c1d6-5757-5dfb-a63c-c7d14f88cca6,73cb65ce-f3ba-515b-a18f-ed85dc84a0dd,18,18,ውኃውም አሸነፈ፤ በምድር ላይም እጅግ በዛ፤ መርከቢቱም በውኃ ላይ ተንሳፈፈች።
5de98b84-6149-55d3-ae09-6ff2d1cbca3e,e706c1d6-5757-5dfb-a63c-c7d14f88cca6,73cb65ce-f3ba-515b-a18f-ed85dc84a0dd,19,19,ውኃውም በምድር ላይ እጅግ በጣም አሸነፈ፤ ከሰማይ በታች ያሉ ረዣዥም ተራሮችን ሁሉ ሸፈነ።
c3e38ee5-9bde-5667-abf6-e2c8d13002c6,e706c1d6-5757-5dfb-a63c-c7d14f88cca6,73cb65ce-f3ba-515b-a18f-ed85dc84a0dd,20,20,ውኃው ወደ ላይ ዐሥራ አምስት ክንድ ከፍ ከፍ አለ፤ ረዣዥም ተራሮችንም ሸፈነ።
54d448a2-4954-56c2-aa01-ddabc21056ea,e706c1d6-5757-5dfb-a63c-c7d14f88cca6,73cb65ce-f3ba-515b-a18f-ed85dc84a0dd,21,21,በምድር ላይ ሥጋ ያለው የሚንቀሳቀሰው ሁሉ ወፉም፥ እንስሳውም፥ አራዊቱም፥ በምድር ላይ የሚርመሰመሰው ተንቀሳቃሹምሁሉ፥ ሰውም ሁሉ ጠፋ።
a7a98205-d323-5c3f-a3b2-b1ccd5c2f485,e706c1d6-5757-5dfb-a63c-c7d14f88cca6,73cb65ce-f3ba-515b-a18f-ed85dc84a0dd,22,22,የሕይወት እስትንፋስ ያለው ሁሉ፥ በየብስም ያለው ሁሉ ሞተ።
29184243-38f4-5423-ae2f-7850c56e2d3f,e706c1d6-5757-5dfb-a63c-c7d14f88cca6,73cb65ce-f3ba-515b-a18f-ed85dc84a0dd,23,23,በምድር ላይ የነበረውም ሁሉ ከሰው ጀምሮ እስከ እንስሳ፥ እስከሚርመሰመሰውም ሁሉ ድረስ፥ እስከ ሰማይ ወፍም ድረስ ተደመሰሰ፤ ከምድርም ተደመሰሱ። ኖኅም አብረውት በመርከብ ከነበሩት ጋር ብቻውን ቀረ።
e76dd6ae-60aa-58a9-afe9-cda35561f379,e706c1d6-5757-5dfb-a63c-c7d14f88cca6,73cb65ce-f3ba-515b-a18f-ed85dc84a0dd,24,24,ውኃውም መቶ አምሳ ቀን በምድር ላይ ሞላ።
0824f485-0e5c-5d2e-a181-fbb104e04487,b97eac3f-4057-558e-a075-fc36bac273d9,596a487a-4100-5611-a6bb-ba5b7a961261,1,1,እግዚአብሔርም ኖኅን፥ በመርከብም ከእርሱ ጋር የነበረውን አራዊቱን ሁሉ፥ እንስሳውንም ሁሉ፥ አዕዋፍንም ሁሉ፥ የሚንቀሳቀሰውንም ሁሉ ዐሰበ፤ እግዚአብሔርም በምድር ላይ ነፋስን አመጣ፤ ውኃውም ጐደለ፤
62148371-2eae-52c4-a59f-7614b5936c59,b97eac3f-4057-558e-a075-fc36bac273d9,596a487a-4100-5611-a6bb-ba5b7a961261,2,2,የቀላዩም ምንጮች፥ የሰማይም መስኮቶች ተደፈኑ፤ ዝናብም ከሰማይ ተከለከለ፤
41b3e5e2-3ff2-521b-a155-9a08ac79735d,b97eac3f-4057-558e-a075-fc36bac273d9,596a487a-4100-5611-a6bb-ba5b7a961261,3,3,ውኃውም ከምድር ላይ እያደር እየቀለለ ይሄድ ጀመረ፤ ከመቶ አምሳ ቀንም በኋላ ውኃው ጐደለ።
b04a5b86-ce20-53ec-a6bd-82c5005dde26,b97eac3f-4057-558e-a075-fc36bac273d9,596a487a-4100-5611-a6bb-ba5b7a961261,4,4,መርከቢቱም በሰባተኛው ወር ከወሩም በሃያ ሰባተኛው ቀን በአራራት ተራሮች ላይ ተቀመጠች።
6efa4ff6-b819-5eab-aefa-4a5d5a555c52,b97eac3f-4057-558e-a075-fc36bac273d9,596a487a-4100-5611-a6bb-ba5b7a961261,5,5,ውኃውም እስከ ዐሥረኛው ወር ድረስ ይጐድል ነበር፤ በዐሥራ አንደኛው ወር ከወሩም በመጀመሪያው ቀን የተራሮቹ ራሶች ተገለጡ።
f60348c0-c627-5ff9-a365-3d8b8f630fe6,b97eac3f-4057-558e-a075-fc36bac273d9,596a487a-4100-5611-a6bb-ba5b7a961261,6,6,ከአርባ ቀን በኋላም ኖኅ የሠራውን የመርከቢቱን መስኮት ከፈተ፤
87d38d21-1f25-5a5a-aaa8-531e966448f7,b97eac3f-4057-558e-a075-fc36bac273d9,596a487a-4100-5611-a6bb-ba5b7a961261,7,7,ከምድርም ላይ ውኃዉ ጐድሎ እንደሆነ ያይ ዘንድ ቁራውን ላከው፤ እርሱም ሄደ፤ ነገር ግን ውኃው ከምድር ላይ እስኪደርቅ ድረስ አልተመለሰም።
e958abcb-0c87-5636-a38a-f76d23113bea,b97eac3f-4057-558e-a075-fc36bac273d9,596a487a-4100-5611-a6bb-ba5b7a961261,8,8,ርግብንም ውኃው ከምድር ፊት ጐድሎ እንደ ሆነ እንድታይ ከእርሱ በኋላ ላካት።
93aea7cf-cbb9-58d3-a71c-ac6b98fb92c2,b97eac3f-4057-558e-a075-fc36bac273d9,596a487a-4100-5611-a6bb-ba5b7a961261,9,9,ነገር ግን ርግብ እግርዋን የምታሳርፍበት ስፍራ አላገኘችም፤ ወደ እርሱም ወደ መርከብ ተመለሰች፤ ውኃው በምድር ላይ ሁሉ ነበረና፤ እጁን ዘረጋና ተቀበላት፤ ወደ እርሱም ወደ መርከብ ውስጥ አገባት።
d2ef46c0-1aed-56bb-a97a-0a935bf71254,b97eac3f-4057-558e-a075-fc36bac273d9,596a487a-4100-5611-a6bb-ba5b7a961261,10,10,ከዚያም በኋላ ደግሞ ሰባት ቀን ቆይቶ፥ ርግብን እንደገና ከመርከብ ላካት።
b3680c0b-695b-57ba-a58b-d957c32f92b8,b97eac3f-4057-558e-a075-fc36bac273d9,596a487a-4100-5611-a6bb-ba5b7a961261,11,11,ርግብም በማታ ጊዜ ወደ እርሱ ተመለሰች፤ በአፍዋም እነሆ፥ የለመለመ የወይራ ቅጠል ይዛ ነበር። ኖኅም ከምድር ላይ ውኃው እንደ ጐደለ ዐወቀ።
80b0a47b-26a9-5099-ab3c-38b4ba1053d7,b97eac3f-4057-558e-a075-fc36bac273d9,596a487a-4100-5611-a6bb-ba5b7a961261,12,12,ደግሞ ሰባት ቀን ቆይቶ፥ ርግብን ላካት፤ ዳግመኛም ወደ እርሱ አልተመለሰችም።
2eb6f2ef-5e69-520a-a7ce-ffd569e6c873,b97eac3f-4057-558e-a075-fc36bac273d9,596a487a-4100-5611-a6bb-ba5b7a961261,13,13,በኖኅ ዕድሜ በስድስት መቶ አንድ ዓመት በመጀመሪያው ወር ከወሩም በመጀመሪያው ቀን ውኃው ከምድር ላይ ደረቀ፤ ኖኅም የሠራትን የመርከቢቱን ክዳን አነሣ፤ እነሆም፥ ውኃው ከምድር ፊት እንደ ደረቀ አየ።
38b57370-7dc6-5bf6-a712-b9be25317b7a,b97eac3f-4057-558e-a075-fc36bac273d9,596a487a-4100-5611-a6bb-ba5b7a961261,14,14,በሁለተኛውም ወር ከወሩም በሃያ ሰባተኛው ቀን ምድር ደረቀች።
dbbb2030-a110-5907-a22d-5983ecb6c8c0,b97eac3f-4057-558e-a075-fc36bac273d9,596a487a-4100-5611-a6bb-ba5b7a961261,15,15,እግዚአብሔርም ለኖኅ እንዲህ ብሎ ነገረው፤
a9244588-32c7-55c4-aa6c-ed2ca6649c19,b97eac3f-4057-558e-a075-fc36bac273d9,596a487a-4100-5611-a6bb-ba5b7a961261,16,16,“አንተ ሚስትህንና ልጆችህን፥ የልጆችህንም ሚስቶች ይዘህ ከመርከብ ውጣ።
0893f0d7-830e-5b6d-a59f-d90bf3ec5a87,b97eac3f-4057-558e-a075-fc36bac273d9,596a487a-4100-5611-a6bb-ba5b7a961261,17,17,ከአንተ ጋር ያሉትን አራዊት ሁሉ፥ ሥጋ ያላቸውን ሁሉ፥ ወፎችንና እንስሶችን ሁሉ፥ በምድር ላይ የሚንቀሳቀሱትንም ሁሉ ከአንተ ጋር አውጣቸው፤ በምድርም ላይ ብዙ፤ ተባዙ። ምድርንም ሙሉአት።”
375b0595-bb79-52e7-a284-6f99867682ed,b97eac3f-4057-558e-a075-fc36bac273d9,596a487a-4100-5611-a6bb-ba5b7a961261,18,18,ኖኅም ሚስቱን፥ ልጆቹንና የልጆቹንም ሚስቶች ከእርሱ ጋር ይዞ ወጣ፤
3e4d9629-bd50-5c42-a4dd-8e4f165b4f02,b97eac3f-4057-558e-a075-fc36bac273d9,596a487a-4100-5611-a6bb-ba5b7a961261,19,19,አራዊት ሁሉ፥ እንስሳም ሁሉ፥ ወፎችም ሁሉ፥ በምድር ላይ የሚርመሰመሰው ሁሉ በየወገናቸው ከመርከብ ወጡ።
b1d0e603-1df7-5094-a996-c32087850f69,b97eac3f-4057-558e-a075-fc36bac273d9,5d37a7ff-f07f-56e2-ab6b-92419a74633d,1,20,ኖኅም ለእግዚአብሔር መሠውያዉን ሠራ፥ ከንጹሕም እንስሳ ሁሉ፥ ከንጹሓን ወፎችም ሁሉ ወሰደ፤ በመሠውያውም ላይ መሥዋዕትን አቀረበ።
5a5be23f-a6a6-5d83-ab9b-8e4c9c3c4652,b97eac3f-4057-558e-a075-fc36bac273d9,5d37a7ff-f07f-56e2-ab6b-92419a74633d,2,21,እግዚአብሔር አምላክም መልካሙን መዓዛ አሸተተ፤ እግዚአብሔርም በልቡ አለ፥ “ምድርን ዳግመኛ ስለ ሰዎች ሥራ አልረግምም፤ በሰው ልብ ከታናሽነቱ ጀምሮ ክፋት ሁል ጊዜ ይኖራል፤ ደግሞም ከዚህ ቀደም እንዳደረግሁት ሕያዋንን ሁሉ እንደገና አልመታም።
f5eae0cd-bdf0-519f-a1fe-e898e45b110d,b97eac3f-4057-558e-a075-fc36bac273d9,5d37a7ff-f07f-56e2-ab6b-92419a74633d,3,22,በምድር ዘመን ሁሉ መዝራትና ማጨድ፥ ብርድና ሙቀት፥ በጋና ክረምት፥ ቀንና ሌሊት አያቋርጡም።”
1739fc40-690d-5a7f-aad9-faab53292294,4fb41a0a-a558-55e5-a6e5-4342fae6d87f,d538de99-3543-5b88-a25b-12d2d5dde441,1,1,እግዚአብሔርም ኖኅንና ልጆቹን ባረካቸው፤ እንዲህም አላቸው፥ “ብዙ፤ ተባዙ፤ ምድርንም ሙሉአት፤ ግዙአትም።
36897d6a-993a-58a9-a754-212b389c2480,4fb41a0a-a558-55e5-a6e5-4342fae6d87f,d538de99-3543-5b88-a25b-12d2d5dde441,2,2,አስፈሪነታችሁና አስደንጋጭነታችሁ በምድር አራዊት፥ በሰማይ ወፎች፥ በምድር ላይ በሚንቀሳቀሱትም፥ በባሕር ዓሦችም ሁሉ ላይ ይሁን፤ እነርሱንም በእጃችሁ ሰጠኋችሁ።
116195ff-cffd-5813-a428-c1ed42891b2a,4fb41a0a-a558-55e5-a6e5-4342fae6d87f,d538de99-3543-5b88-a25b-12d2d5dde441,3,3,ሕይወት ያለው ተንቀሳቃሽ ሁሉ መብል ይሁናችሁ፤ ሁሉንም እንደ ለመለመ ቡቃያ ሰጠኋችሁ።
facf02df-9e50-54a1-aa92-0ca32e980e76,4fb41a0a-a558-55e5-a6e5-4342fae6d87f,d538de99-3543-5b88-a25b-12d2d5dde441,4,4,ነገር ግን ደመ ነፍስ ያለበትን ሥጋ አትብሉ፤
d3bec479-7fab-5c46-a955-47840a3cf5ad,4fb41a0a-a558-55e5-a6e5-4342fae6d87f,d538de99-3543-5b88-a25b-12d2d5dde441,5,5,ነፍሳችሁ ያለችበትን ደማችሁን ከአራዊት ሁሉ እጅ እሻዋለሁ፤ ከሰውም እጅ፥ ከሰው ወንድም እጅ፥ የሰውን ነፍስ እሻለሁ።
7d365d6c-1b22-50ee-a912-e879cd7f3fd5,4fb41a0a-a558-55e5-a6e5-4342fae6d87f,d538de99-3543-5b88-a25b-12d2d5dde441,6,6,የሰውን ደም የሚያፈስስ ሁሉ ስለዚያ ደም ፈንታ ደሙ ይፈስሳል፤ ሰውን በእግዚአብሔር መልክ ፈጥሬዋለሁና።
01079e30-eb21-5a7e-a5c4-e6d48814e6bd,4fb41a0a-a558-55e5-a6e5-4342fae6d87f,d538de99-3543-5b88-a25b-12d2d5dde441,7,7,እናንተም ብዙ፤ ተባዙ፤ ምድርንም ሙሉአት፤ ግዙአትም።”
ba4310dd-e1d7-52ae-aa27-c8175af535c9,4fb41a0a-a558-55e5-a6e5-4342fae6d87f,d538de99-3543-5b88-a25b-12d2d5dde441,8,8,እግዚአብሔርም ለኖኅ፥ ከእርሱም ጋር ለልጆቹ እንዲህ ብሎ ተናገረ፦
aad84cfb-cc3e-5d4d-acd5-7f523ebab592,4fb41a0a-a558-55e5-a6e5-4342fae6d87f,d538de99-3543-5b88-a25b-12d2d5dde441,9,9,“እኔም እነሆ፥ ቃል ኪዳኔን ከእናንተ ጋር፥ ከእናንተም በኋላ ከዘራችሁ ጋር አጸናለሁ፤
8811c9d2-57f6-571f-a1ca-84722f7dc43b,4fb41a0a-a558-55e5-a6e5-4342fae6d87f,d538de99-3543-5b88-a25b-12d2d5dde441,10,10,ከእናንተ ጋር ላሉትም፥ ሕያው ነፍስ ላላቸው ሁሉ፥ ከእናንተ ጋር ከመርከብ ለወጡት ለወፎች፥ ለእንስሳትም፥ ለምድር አራዊትም ሁሉ፥ ለማንኛውም ለምድር አራዊት ሁሉ ይሆናል።
d8954c45-9e1b-5e65-aa97-7cb6e9f22634,4fb41a0a-a558-55e5-a6e5-4342fae6d87f,d538de99-3543-5b88-a25b-12d2d5dde441,11,11,ቃል ኪዳኔንም ከእናንተ ጋር አጸናለሁ፤ ሥጋ ያለውም ሁሉ ዳግመኛ በጥፋት ውኃ አይጠፋም፤ ምድርንም ለማጥፋት ዳግመኛ የጥፋት ውኃ አይሆንም።”
86fb9ee2-c1b9-5293-a5b7-e83b75245274,4fb41a0a-a558-55e5-a6e5-4342fae6d87f,d538de99-3543-5b88-a25b-12d2d5dde441,12,12,እግዚአብሔር አምላክም ለኖኅ አለው፥ “በእኔና በእናንተ መካከል፥ ከእናንተም ጋር ባለው በሕያው ነፍስ ሁሉ መካከል፥ ለዘለዓለም ትውልድ የማደርገው የቃል ኪዳኔ ምልክት ይህ ነው፤
9ad1d548-8dd4-524b-a1ee-555b26baefe5,4fb41a0a-a558-55e5-a6e5-4342fae6d87f,d538de99-3543-5b88-a25b-12d2d5dde441,13,13,ቀስቴን በደመና አኖራለሁ፤ የቃል ኪዳኔም ምልክት በእኔና በምድር መካከል ይሆናል።
90dd73bb-942b-550f-ab2d-108e7ce7974f,4fb41a0a-a558-55e5-a6e5-4342fae6d87f,d538de99-3543-5b88-a25b-12d2d5dde441,14,14,በምድር ላይ ደመናን በጋረድሁ ጊዜ ቀስቴ በደመናው ትታያለች፤
80ad4f3e-2422-52aa-aaa3-ea304d74f176,4fb41a0a-a558-55e5-a6e5-4342fae6d87f,d538de99-3543-5b88-a25b-12d2d5dde441,15,15,በእኔና በእናንተ መካከል፥ ሕያው ነፍስ ባለውም ሥጋ ሁሉ መካከል ያለውን ቃል ኪዳኔን አስባለሁ፤ ሥጋ ያለውንም ሁሉ ያጠፋ ዘንድ ዳግመኛ የጥፋት ውኃን አላመጣም።
636e53cd-b140-5c8e-a72e-6ba7e2aba902,4fb41a0a-a558-55e5-a6e5-4342fae6d87f,d538de99-3543-5b88-a25b-12d2d5dde441,16,16,ቀስቴም በደመና ትሆናለች፤ በእኔና በምድር መካከል፥ በምድር ላይ በሚኖር ሥጋ ባለው በሕያው ነፍስ ሁሉ መካከል ያለውን የዘለዓለም ቃል ኪዳን ለማሰብ አያታለሁ።”
79fbcc95-2dd1-51e1-a4a2-eff824ca23b2,4fb41a0a-a558-55e5-a6e5-4342fae6d87f,d538de99-3543-5b88-a25b-12d2d5dde441,17,17,እግዚአብሔርም ኖኅን፥ “በእኔና በምድር ላይ በሚኖር፥ ሥጋ ባለው ሁሉ መካከል ያጸናሁት የቃል ኪዳን ምልክት ይህ ነው” አለው።
4dc448b5-5d1d-5595-a28e-e3b787b6f54c,4fb41a0a-a558-55e5-a6e5-4342fae6d87f,649eb97f-78ac-546f-accd-07d91a9e3db1,1,18,ከመርከብ የወጡት የኖኅ ልጆችም እነዚህ ናቸው፤ ሴም፥ ካም፥ ያፌት፤ ካምም የከነዓን አባት ነው።
65b73be8-6f8c-5b06-a387-ecb462bcb4f6,4fb41a0a-a558-55e5-a6e5-4342fae6d87f,649eb97f-78ac-546f-accd-07d91a9e3db1,2,19,በምድር ሁሉ ላይ የተበተኑ የኖኅ ልጆች እነዚህ ሦስቱ ናቸው።
8983b9b5-0333-56ab-a471-4381165a61fb,4fb41a0a-a558-55e5-a6e5-4342fae6d87f,649eb97f-78ac-546f-accd-07d91a9e3db1,3,20,ኖኅም ገበሬ መሆን ጀመረ፤ ወይንም ተከለ።
80fe38d0-0ee6-5af4-a660-056bc6c2bb87,4fb41a0a-a558-55e5-a6e5-4342fae6d87f,649eb97f-78ac-546f-accd-07d91a9e3db1,4,21,ከወይን ጠጁም ጠጣና ሰከረ፤ በድንኳኑም ውስጥ ዕራቁቱን ሆነ።
665c2e62-2425-584c-a728-f6b5c7a1c9c2,4fb41a0a-a558-55e5-a6e5-4342fae6d87f,649eb97f-78ac-546f-accd-07d91a9e3db1,5,22,የከነዓን አባት ካምም የአባቱን ዕራቁትነት አየ፤ ወደ ውጭም ወጥቶ ለሁለቱ ወንድሞቹ ነገራቸው።
dfa8a9d1-9809-5810-a07f-0fd4168d856d,4fb41a0a-a558-55e5-a6e5-4342fae6d87f,649eb97f-78ac-546f-accd-07d91a9e3db1,6,23,ሴምና ያፌትም ልብስ ወስደው በጫንቃቸው ላይ አደረጉ፤ የኋሊትም ሄደው የአባታቸውን ዕራቁትነት አለበሱ፤ ፊታቸውም ወደ ኋላ ነበር፤ የአባታቸውንም ዕራቁትነት አላዩም።
63e3b927-58a4-504b-a688-122c897c96b5,4fb41a0a-a558-55e5-a6e5-4342fae6d87f,649eb97f-78ac-546f-accd-07d91a9e3db1,7,24,ኖኅም ከወይኑ ስካር በነቃ ጊዜ፥ ታናሹ ልጁ ያደረገበትን ዐወቀ።
6a153308-98f7-51ae-aac5-8af37e0b3497,4fb41a0a-a558-55e5-a6e5-4342fae6d87f,649eb97f-78ac-546f-accd-07d91a9e3db1,8,25,ኖኅም እንዲህ አለ፥ “ከነዓን ርጉም ይሁን፤ ለወንድሞቹም የባሪያዎች ባሪያ ይሁን።”
466ca3df-2986-5615-aa5f-136a26386fdf,4fb41a0a-a558-55e5-a6e5-4342fae6d87f,649eb97f-78ac-546f-accd-07d91a9e3db1,9,26,እንዲህም አለ፥ “የሴም አምላክ እግዚአብሔር ይባረክ፤ ከነዓንም ለእርሱ ባሪያ ይሁን።
1c861cd3-ec3f-5baa-ac15-ee0ab5fdd87a,4fb41a0a-a558-55e5-a6e5-4342fae6d87f,649eb97f-78ac-546f-accd-07d91a9e3db1,10,27,እግዚአብሔር የያፌትን ሀገር ያስፋ፤ በሴምም ድንኳን ይደር፤ ከነዓንም ለእርሱ ባሪያ ይሁን።”
043c62ce-29e1-5289-a40e-036a9e839f74,4fb41a0a-a558-55e5-a6e5-4342fae6d87f,649eb97f-78ac-546f-accd-07d91a9e3db1,11,28,ኖኅም ከጥፋት ውኃ በኋላ ሦስት መቶ አምሳ ዓመት ኖረ።
77f1935e-610f-5264-a55a-191b4d93ef5b,4fb41a0a-a558-55e5-a6e5-4342fae6d87f,649eb97f-78ac-546f-accd-07d91a9e3db1,12,29,ኖኅም የኖረበት ዘመን ሁሉ ዘጠኝ መቶ አምሳ ዓመት ሆነ፤ ሞተም።
7292cbb6-65fe-5e9e-a784-86d88e0bed3c,5322c977-de0b-592a-ab43-062873c135f2,9af5cd8f-39cd-5265-a431-62349912e2ca,1,1,የኖኅ ልጆች የሴም፥ የካምና፥ የያፌት ትውልድ ይህ ነው፤ ከጥፋት ውኃም በኋላ ልጆች ተወለዱላቸው።
d08205e0-e9ed-5379-a246-e45593516491,5322c977-de0b-592a-ab43-062873c135f2,7dba81cc-cb0c-52e9-aa63-f416a2b145dd,1,2,የያፌት ልጆች ጋሜር፥ ማጎግ፥ ማዴ፥ ይህያን፥ ይልሳ፥ ቶቤል፥ሞሳሕ፥ ቴራስ ናቸው።
d4bb0c2c-c0c9-59f1-a78b-f8568fc0993a,5322c977-de0b-592a-ab43-062873c135f2,7dba81cc-cb0c-52e9-aa63-f416a2b145dd,2,3,የጋሜርም ልጆች አስከናዝ፥ ሪፋት፥ ቴርጋማ ናቸው።
f04f7ebb-a27a-56bd-a562-baa52f073c01,5322c977-de0b-592a-ab43-062873c135f2,7dba81cc-cb0c-52e9-aa63-f416a2b145dd,3,4,የይህያንም ልጆች ኤልሳ፥ ተርሴስ፥ ኬቲም፥ ሮድኢ ናቸው።
a75f4e26-a370-5a48-a1bf-b72fc22a6ae8,5322c977-de0b-592a-ab43-062873c135f2,7dba81cc-cb0c-52e9-aa63-f416a2b145dd,4,5,ከእነዚህም የአሕዛብ ደሴቶች ሁሉ በየምድራቸው፥ በየቋንቋቸው፥ በየነገዳቸው፥ በየሕዝባቸው ተከፋፈሉ።
41216cf9-16e6-517f-ae7d-166f75aaa452,5322c977-de0b-592a-ab43-062873c135f2,41695203-15a0-5b00-ab86-aeb464d68988,1,6,የካምም ልጆች ኩሽ፥ ምስራይም፥ ፉጥ፥ ከነዓን ናቸው።
aae594a4-2c93-531b-ab19-ced9f7fb2360,5322c977-de0b-592a-ab43-062873c135f2,41695203-15a0-5b00-ab86-aeb464d68988,2,7,የኩሽም ልጆች ሳባ፥ ኤውላጥ፥ ሰብታ፥ ሬጌም፥ ሰበቅታ ናቸው። የሬጌም ልጆችም ሳባ፥ ዮድዳን ናቸው።
ce322dbc-06bb-5d7a-a8e7-c53fe8e3fb46,5322c977-de0b-592a-ab43-062873c135f2,41695203-15a0-5b00-ab86-aeb464d68988,3,8,ኩሽም ናምሩድን ወለደ፤ እርሱም በምድር ላይ ኀያል መሆን ጀመረ።
77112d62-e9e4-51af-ae03-8fcb2d9e9377,5322c977-de0b-592a-ab43-062873c135f2,41695203-15a0-5b00-ab86-aeb464d68988,4,9,እርሱም በእግዚአብሔር ፊት ኀያል አዳኝ ነበረ፤ ስለዚህም በእግዚአብሔር ፊት ኀያል አዳኝ እንደ ናምሩድ ተባለ።
1b98424a-44ea-59af-adaa-7bf05623e9ca,5322c977-de0b-592a-ab43-062873c135f2,41695203-15a0-5b00-ab86-aeb464d68988,5,10,የግዛቱም መጀመሪያ በሰናዖር ሀገር ባቢሎን፥ ኦሬክ፥ አርካድ፥ ካሌድን ናቸው።
68eea909-b152-5f3e-ada6-540456fefe20,5322c977-de0b-592a-ab43-062873c135f2,41695203-15a0-5b00-ab86-aeb464d68988,6,11,አሦርም ከዚያች ሀገር ወጣ፤ ነነዌን፥ ረሆቦት የተባለችውን ከተማ ካለህን፥
5fee06b3-36d5-5dfc-aefb-48f4151016a3,5322c977-de0b-592a-ab43-062873c135f2,41695203-15a0-5b00-ab86-aeb464d68988,7,12,በነነዌና በካለህ መካከልም ዳስን ሠራ፤ እርስዋም ታላቂቱ ከተማ ናት።
1864d6f6-e402-5c8d-ab52-cbb5bf17d4e2,5322c977-de0b-592a-ab43-062873c135f2,41695203-15a0-5b00-ab86-aeb464d68988,8,13,ምስራይምም ሉዲምን፥ ኢኒሜቲምን፥ ላህቢምን፥ ንፍታሌምን፥ ጳጥሮሶኒምን፥
327a1c77-9082-50a1-aa32-52f2cd529ea5,5322c977-de0b-592a-ab43-062873c135f2,41695203-15a0-5b00-ab86-aeb464d68988,9,14,ከእነርሱ የፍልስጥኤም ሰዎች የወጡባቸውን ከስሎሂምንና ቀፍቶሪምንም ወለደ።
63562cba-05c6-5360-aef7-1c936089e0f9,5322c977-de0b-592a-ab43-062873c135f2,41695203-15a0-5b00-ab86-aeb464d68988,10,15,ከነዓንም የበኵር ልጁን ሲዶንን፥ ኬጤዎንን፥
dcea13a6-9310-5208-a817-332bf08b5b1d,5322c977-de0b-592a-ab43-062873c135f2,41695203-15a0-5b00-ab86-aeb464d68988,11,16,ኢያቡሴዎንን፥ አሞሬዎንን፥ ጌርጌሴዎንን፥
a5b08197-90df-57a7-aae2-3859d66c2ebb,5322c977-de0b-592a-ab43-062873c135f2,41695203-15a0-5b00-ab86-aeb464d68988,12,17,ኤዌዎንን፥ አሩቄዎንን፥ ኤሴኒዎንን፥
b8693488-1634-5f78-ae29-89b4d85405a9,5322c977-de0b-592a-ab43-062873c135f2,41695203-15a0-5b00-ab86-aeb464d68988,13,18,አራዲዎንን፥ ሰማርዮንን፥ አማቲንን ወለደ። ከዚህም በኋላ የከነዓናውያን ነገድ ተበተኑ።
2ae2cb49-3d8e-5e6a-addd-64bcda4453bb,5322c977-de0b-592a-ab43-062873c135f2,41695203-15a0-5b00-ab86-aeb464d68988,14,19,የከነዓናውያንም ወሰን ከሲዶን እስከ ጌራራና ጋዛ ድረስ ነው፤ ወደ ሰዶምና ወደ ገሞራ፥ ወደ አዳማና ወደ ሴባዮም እስከ ላሳ ይደርሳል።
8aa26087-3344-52e2-abb1-9ad99780a631,5322c977-de0b-592a-ab43-062873c135f2,41695203-15a0-5b00-ab86-aeb464d68988,15,20,የካም ልጆች በየነገዳቸውና በየቋንቋቸው፥ በየምድራቸውና በየሕዝባቸው እነዚህ ናቸው።
ce1e0b28-0254-5f2e-ae22-2b9dbed7eed7,5322c977-de0b-592a-ab43-062873c135f2,97798ec7-835e-5f8e-a8cf-04796479b3b3,1,21,ለሴምም ደግሞ ልጆች ተወለዱለት፤ እርሱም የያፌት ታላቅ ወንድምና የዔቦር ልጆች ሁሉ አባት የሆነው ነው።
59ccc26d-0ab8-5475-a24d-eab9647f828e,5322c977-de0b-592a-ab43-062873c135f2,97798ec7-835e-5f8e-a8cf-04796479b3b3,2,22,የሴምም ልጆች ኤላም፥ አሦር፥ አርፋክስድ፥ ሉድ፥ አራም፥ ቃይናን።
781a869e-2c08-5f03-affa-341f6ff5ab82,5322c977-de0b-592a-ab43-062873c135f2,97798ec7-835e-5f8e-a8cf-04796479b3b3,3,23,የአራምም ልጆች ዑፅ፥ ሁል፥ ጋቴር፥ ሞሳሕ ናቸው።
cf1fbdbf-6fd8-502d-ad2f-750d3ae94ddd,5322c977-de0b-592a-ab43-062873c135f2,97798ec7-835e-5f8e-a8cf-04796479b3b3,4,24,አርፋክስድም ቃይናንን ወለደ፤ ቃይናንም ሳላን፥ ሳላም ዔቦርን ወለደ።
94de16f4-2cb0-564e-a694-cff05d0ea333,5322c977-de0b-592a-ab43-062873c135f2,97798ec7-835e-5f8e-a8cf-04796479b3b3,5,25,ለዔቦርም ሁለት ልጆች ተወለዱለት፤ የአንደኛው ስሙ ፋሌቅ ነው፤ ምድር በዘመኑ ተከፍላለችና፤ የወንድሙም ስም ዮቅጣን ነው።
87535e66-ad09-5304-a7ea-eb24a17fd653,5322c977-de0b-592a-ab43-062873c135f2,97798ec7-835e-5f8e-a8cf-04796479b3b3,6,26,ዮቅጣንም ኤልሞዳድን፥ ሳሌፍንም፥ ሐሰረሞትንም፥ ያራሕንም፥
1dd013f4-060c-5825-a794-d0bc78b8483b,5322c977-de0b-592a-ab43-062873c135f2,97798ec7-835e-5f8e-a8cf-04796479b3b3,7,27,ሀዶራምንም፥ አዚላንም፥ ደቅላንም፥
0694bff0-1c04-5b30-ad07-98ea267a18ec,5322c977-de0b-592a-ab43-062873c135f2,97798ec7-835e-5f8e-a8cf-04796479b3b3,8,28,ዖባልንም፥ አቤማኤልንም፥ ሳባንም፥
3cc8b077-f762-57b8-abf2-2d4a5e786fb9,5322c977-de0b-592a-ab43-062873c135f2,97798ec7-835e-5f8e-a8cf-04796479b3b3,9,29,አፌርንም፥ ኤውላጥንም፥ ዮባብንም ወለደ፤ እነዚህ ሁሉ የዮቅጣን ልጆች ናቸው።
5a1ec3af-ff2e-58f5-a6a8-1e07e1a53557,5322c977-de0b-592a-ab43-062873c135f2,97798ec7-835e-5f8e-a8cf-04796479b3b3,10,30,ስፍራቸውም ከማሲ አንስቶ ወደ ስፋር ሲል እስከ ምሥራቅ ተራራ ድረስ ነው።
13c0d555-f1bc-523b-a2fd-2bf7d9659f65,5322c977-de0b-592a-ab43-062873c135f2,97798ec7-835e-5f8e-a8cf-04796479b3b3,11,31,የሴም ልጆች በየነገዳቸውና በየቋንቋቸው፥ በየምድራቸውና በየሕዝባቸው እነዚህ ናቸው።
595e3fd3-f3eb-54cd-a43b-8c7cc7e5f83e,5322c977-de0b-592a-ab43-062873c135f2,97798ec7-835e-5f8e-a8cf-04796479b3b3,12,32,የኖኅ የልጆቹ ነገዶች እንደ ትውልዳቸው በየሕዝባቸው እነዚህ ናቸው። ከእነዚህም ከጥፋት ውኃ በኋላ ሕዝቦች በምድር ላይ ተዘሩ።
33ca8239-813b-586d-a7ea-4c6972601ae1,d27621ea-2c75-5e98-a2b4-c42348e3e780,fbce5586-8833-5c29-a15b-347bec20f131,1,1,የዓለም ሁሉ ቋንቋ አንድ፥ ንግግሩም አንድ ነበረ።
5bb2838e-89bf-5d08-a22d-184847df4d12,d27621ea-2c75-5e98-a2b4-c42348e3e780,fbce5586-8833-5c29-a15b-347bec20f131,2,2,እንዲህም ሆነ፤ ከምሥራቅም ተነሥተው በሄዱ ጊዜ በሰናዖር ምድር አንድ ሜዳ አገኙ፤ በዚያም ተቀመጡ።
e507eb34-b062-5e33-a3dc-c67d098d7402,d27621ea-2c75-5e98-a2b4-c42348e3e780,fbce5586-8833-5c29-a15b-347bec20f131,3,3,እርስ በርሳቸውም፥ “ኑ ጡብ እንሥራ፤ በእሳትም እንተኵሰው” ተባባሉ። ጡባቸውም እንደ ድንጋይ፥ ጭቃቸውም እንደ ዝፍት ሆነላቸው።
31baa22b-fadb-55cf-affb-c40517e97e89,d27621ea-2c75-5e98-a2b4-c42348e3e780,fbce5586-8833-5c29-a15b-347bec20f131,4,4,እርስ በርሳቸውም፥ “ኑ ለእኛ ከተማና ራሱ ወደ ሰማይ የሚደርስ ግንብ እንሥራ፤ በምድር ፊት ሁሉ ላይ ሳንበተን ስማችንን እናስጠራው” ተባባሉ።
092f3795-d1fe-5ab3-a0b6-72c8e694577f,d27621ea-2c75-5e98-a2b4-c42348e3e780,fbce5586-8833-5c29-a15b-347bec20f131,5,5,እግዚአብሔርም የሰዎች ልጆች የሠሩትን ከተማና ግንብ ለማየት ወረደ።
d3fc5aee-8b2c-57d3-a0a2-37b5b7ac5b20,d27621ea-2c75-5e98-a2b4-c42348e3e780,fbce5586-8833-5c29-a15b-347bec20f131,6,6,እግዚአብሔርም አለ፥ “እነሆ፥ እነርሱ አንድ ወገን ናቸው፤ ለሁሉም አንድ ቋንቋ አላቸው፤ ይህንም ለማድረግ ጀመሩ፤ አሁንም ያሰቡትን ሁሉ መሥራትን አይተዉም።
da7f3c51-e702-56c6-a20d-79c2bd16ae30,d27621ea-2c75-5e98-a2b4-c42348e3e780,fbce5586-8833-5c29-a15b-347bec20f131,7,7,ኑ እንውረድ፤ አንዱ የሌላውን ነገር እንዳይሰማው ቋንቋቸውን በዚያ እንደባልቀው።”
50976491-50c2-5958-ab82-eba39da91e98,d27621ea-2c75-5e98-a2b4-c42348e3e780,fbce5586-8833-5c29-a15b-347bec20f131,8,8,እግዚአብሔርም ቋንቋቸውን ለያየ፤ ከዚያም በምድር ፊት ሁሉ ላይ በተናቸው፤ ከዚያም በኋላ ከተማዪቱንና ግንቡን መሥራትን ተዉ።
910de81b-68f4-5246-aa6f-1e8e32fe7c1d,d27621ea-2c75-5e98-a2b4-c42348e3e780,fbce5586-8833-5c29-a15b-347bec20f131,9,9,ስለዚህም ስምዋ ባቢሎን ተባለ፤ እግዚአብሔር በዚያ የምድርን ቋንቋ ሁሉ ደባልቆአልና፤ ከዚያም እግዚአብሔር በምድር ሁሉ ፊት ላይ እነርሱን በትኖአቸዋል።
152f283f-1936-5fdb-a17c-be6d1dae7b5e,d27621ea-2c75-5e98-a2b4-c42348e3e780,0be85c41-07ea-5a59-a49b-b25f839526b0,1,10,የሴም ትውልድ ይህ ነው። ሴም ከጥፋት ውኃ በኋላ በሁለተኛው ዓመት አርፋክስድን በወለደ ጊዜ የመቶ ዓመት ሰው ነበረ።
0f739fbd-cb38-5e9b-a3ec-43df9b17c64e,d27621ea-2c75-5e98-a2b4-c42348e3e780,0be85c41-07ea-5a59-a49b-b25f839526b0,2,11,ሴምም አርፋክስድን ከወለደ በኋላ አምስት መቶ ዓመት ኖረ፤ ወንዶችንም፥ ሴቶችንም ወለደ፤ ሞተም።
25f2520f-e4b6-5afe-a6c7-a42a378ee332,d27621ea-2c75-5e98-a2b4-c42348e3e780,0be85c41-07ea-5a59-a49b-b25f839526b0,3,12,አርፋክስድም መቶ ሠላሳ አምስት ዓመት ኖረ፤ ቃይናንንም ወለደ፤
9745717b-855a-571b-a554-83d31a7a2cf1,d27621ea-2c75-5e98-a2b4-c42348e3e780,0be85c41-07ea-5a59-a49b-b25f839526b0,4,13,አርፋክስድም ቃይናንን ከወለደ በኋላ አራት መቶ አርባ ዓመት ኖረ፤ ወንዶችንም፥ ሴቶችንም ወለደ፤ ሞተም። ቃይናንም መቶ ሠላሳ ዓመት ኖረ፤ ሳላንም ወለደ፤ ቃይናንም ሳላን ከወለደ በኋላ አራት መቶ ሠላሳ ዓመት ኖረ፤ ወንዶችንም፥ ሴቶችንም ልጆች ወለደ፤ ሞተም።
3b00326a-17a9-52d4-af91-4b9826ee8f67,d27621ea-2c75-5e98-a2b4-c42348e3e780,0be85c41-07ea-5a59-a49b-b25f839526b0,5,14,ሳላም መቶ ሠላሳ ዓመት ኖረ፤ ዔቦርንም ወለደ፤
96fe1927-8734-50e8-ab1a-f4a11fc70f25,d27621ea-2c75-5e98-a2b4-c42348e3e780,0be85c41-07ea-5a59-a49b-b25f839526b0,6,15,ሳላም ዔቦርን ከወለደ በኋላ አራት መቶ ሠላሳ ዓመት ኖረ፤ ወንዶችንም ሴቶችንም ወለደ፤ ሞተም።
fc46c701-d318-51bd-ad4c-b33b5baefae3,d27621ea-2c75-5e98-a2b4-c42348e3e780,0be85c41-07ea-5a59-a49b-b25f839526b0,7,16,ዔቦርም መቶ ሠላሳ አራት ዓመት ኖረ፤ ፋሌቅንም ወለደ፤
10da20ac-1769-5921-a81f-fc4ef653f204,d27621ea-2c75-5e98-a2b4-c42348e3e780,0be85c41-07ea-5a59-a49b-b25f839526b0,8,17,ዔቦርም ፋሌቅን ከወለደ በኋላ አራት መቶ ሠላሳ ዓመት ኖረ፤ ወንዶችንም፥ ሴቶችንም ወለደ፤ ሞተም።
798c82f5-782b-589d-a2b2-6113e7ad08dc,d27621ea-2c75-5e98-a2b4-c42348e3e780,0be85c41-07ea-5a59-a49b-b25f839526b0,9,18,ፋሌቅም መቶ ሠላሳ ዓመት ኖረ፤ ራግውንም ወለደ፤
d6350735-fcd6-5b3e-aeee-77df932a76e7,d27621ea-2c75-5e98-a2b4-c42348e3e780,0be85c41-07ea-5a59-a49b-b25f839526b0,10,19,ፋሌቅም ራግውን ከወለደ በኋላ ሁለት መቶ ዘጠኝ ዓመት ኖረ፤ ወንዶችንም፥ ሴቶችንም ወለደ፤ ሞተም።
c4b6fb8d-ead8-5e71-a1a2-8df3ffcd37d0,d27621ea-2c75-5e98-a2b4-c42348e3e780,0be85c41-07ea-5a59-a49b-b25f839526b0,11,20,ራግውም መቶ ሠላሳ ሁለት ዓመት ኖረ፤ ሴሮሕንም ወለደ፤
18a3a087-0b7b-562a-a4d5-00562778f7c8,d27621ea-2c75-5e98-a2b4-c42348e3e780,0be85c41-07ea-5a59-a49b-b25f839526b0,12,21,ራግውም ሴሮሕን ከወለደ በኋላ ሁለት መቶ ሰባት ዓመት ኖረ፤ ወንዶችንም ሴቶችንም ወለደ፤ ሞተም።
7abf54b7-3aa2-516e-a8eb-faee1621a002,d27621ea-2c75-5e98-a2b4-c42348e3e780,0be85c41-07ea-5a59-a49b-b25f839526b0,13,22,ሴሮሕም መቶ ሠላሳ ዓመት ኖረ፤ ናኮርንም ወለደ፤
f9076144-ed22-5951-a533-319da251727f,d27621ea-2c75-5e98-a2b4-c42348e3e780,0be85c41-07ea-5a59-a49b-b25f839526b0,14,23,ሴሮሕም ናኮርን ከወለደ በኋላ ሁለት መቶ ዓመት ኖረ፤ ወንዶችንም፥ ሴቶችንም ወለደ፤ ሞተም።
dfb29134-9135-572a-a257-ec37e3aeb7bd,d27621ea-2c75-5e98-a2b4-c42348e3e780,0be85c41-07ea-5a59-a49b-b25f839526b0,15,24,ናኮርም መቶ ዘጠኝ ዓመት ኖረ፤ ታራንም ወለደ፤
cf9b4af9-c83b-5600-aa7d-6a03f13be5e6,d27621ea-2c75-5e98-a2b4-c42348e3e780,0be85c41-07ea-5a59-a49b-b25f839526b0,16,25,ታራንም ከወለደ በኋላ ናኮር መቶ ሀያ ዘጠኝ ዓመት ኖረ፤ ወንዶችንም፥ ሴቶችንም ወለደ፤ ሞተም።
9568a25e-2cd5-5574-a2ce-69bb26de4882,d27621ea-2c75-5e98-a2b4-c42348e3e780,730dc5bb-5190-53de-af87-243be3d4f6a3,1,26,ታራም መቶ ዓመት ኖረ፥ አብራምንና ናኮርን፥ አራንንም ወለደ።
7e6cdc7e-bfa9-5a6f-a844-a2070f5cbbfc,d27621ea-2c75-5e98-a2b4-c42348e3e780,730dc5bb-5190-53de-af87-243be3d4f6a3,2,27,አራንም ሎጥን ወለደ።
55a4e01c-c9f7-516f-ae31-7ea8f6ff0be8,d27621ea-2c75-5e98-a2b4-c42348e3e780,730dc5bb-5190-53de-af87-243be3d4f6a3,3,28,አራንም በተወለደባት ሀገር በከለዳውያን ምድር በአባቱ በታራ ፊት ሞተ።
b811025c-4570-5822-a3ee-903a299b911f,d27621ea-2c75-5e98-a2b4-c42348e3e780,730dc5bb-5190-53de-af87-243be3d4f6a3,4,29,አብራምና ናኮርም ሚስቶችን አገቡ፤ የአብራም ሚስት ስምዋ ሦራ ነው፤ የናኮርም ሚስት የአራን ልጅ ሚልካ ናት፤ አራንም የሚልካና የዮስካ አባት ነው።
8a4f7bea-b1e0-524f-a612-98de95472777,d27621ea-2c75-5e98-a2b4-c42348e3e780,730dc5bb-5190-53de-af87-243be3d4f6a3,5,30,ሦራም መካን ነበረች፤ ልጆችም አልነበሩአትም።
c374de09-7328-5e90-a351-95f5e054883f,d27621ea-2c75-5e98-a2b4-c42348e3e780,730dc5bb-5190-53de-af87-243be3d4f6a3,6,31,ታራም ልጁን አብራምንና የልጅ ልጁን የአራንን ልጅ ሎጥን፥ የልጁንም የአብራምን ሚስት ምራቱን ሦራን ወሰደ፤ ከእርሱም ጋር ወደ ከነዓን ምድር ይሄዱ ዘንድ ከከለዳውያን ምድር አወጣቸው። ወደ ካራንም መጡ፤ በዚያም ተቀመጡ።
dd62c378-8482-560c-a507-a0594eec864a,d27621ea-2c75-5e98-a2b4-c42348e3e780,730dc5bb-5190-53de-af87-243be3d4f6a3,7,32,ታራም በካራን ምድር የኖረበት ዘመን ሁለት መቶ አምስት ዓመት ሆነ፤ ታራም በካራን ሞተ።
613cac52-979a-51f7-ae98-dc780f79ce32,bb4049b6-05c3-5c7f-a2ca-af38dad22941,d6b74b17-df57-5b7f-ad23-e760589f00c0,1,1,እግዚአብሔርም አብራምን አለው፥ “ከሀገርህ፥ ከዘመዶችህም፥ ከአባትህም ቤት ተለይተህ ውጣ፤ እኔ ወደማሳይህም ምድር ሂድ።
73d8863e-6452-5c9c-a1b2-bb52b7449166,bb4049b6-05c3-5c7f-a2ca-af38dad22941,d6b74b17-df57-5b7f-ad23-e760589f00c0,2,2,ታላቅ ሕዝብም አደርግሃለሁ፤ እባርክሃለሁ፤ ስምህንም ከፍ ከፍ አደርጋለሁ፤ ቡሩክም ትሆናለህ፤ የሚባርኩህንም እባርካለሁ፤
fb9ef6d4-7262-59b0-af45-095762f10301,bb4049b6-05c3-5c7f-a2ca-af38dad22941,d6b74b17-df57-5b7f-ad23-e760589f00c0,3,3,የሚረግሙህንም እረግማለሁ፤ የምድር ነገዶችም ሁሉ በአንተ ይባረካሉ።”
3bd96459-75ce-58c5-ab6f-d2b15bc44920,bb4049b6-05c3-5c7f-a2ca-af38dad22941,d6b74b17-df57-5b7f-ad23-e760589f00c0,4,4,አብራምም እግዚአብሔር እንደ ነገረው ሄደ፤ ሎጥም ከእርሱ ጋር ሄደ፤ አብራምም ከካራን በወጣ ጊዜ ሰባ አምስት ዓመት ሆኖት ነበረ።
0ccd98b4-36f8-5d1d-a05d-66757b5e221a,bb4049b6-05c3-5c7f-a2ca-af38dad22941,d6b74b17-df57-5b7f-ad23-e760589f00c0,5,5,አብራምም ሚስቱን ሦራንና የወንድሙን ልጅ ሎጥን፥ ያገኙትን ከብት ሁሉና በካራን ያገኙአቸውን ሰዎች ይዞ ወደ ከነዓን ምድር ለመሄድ ወጣ፤ ወደ ከነዓንም ምድር ገቡ።
7e8f9aa6-b826-5dc4-adf2-a17acad2638a,bb4049b6-05c3-5c7f-a2ca-af38dad22941,d6b74b17-df57-5b7f-ad23-e760589f00c0,6,6,አብራምም እስከ ሴኬም ስፍራ እስከ ታላቁ ዛፍ ድረስ በዚያች ምድር አለፈ፤ የከነዓን ሰዎችም በዚያን ጊዜ በዚያች ምድር ነበሩ።
42a2654a-117e-5015-a0c8-d19341c4e32b,bb4049b6-05c3-5c7f-a2ca-af38dad22941,d6b74b17-df57-5b7f-ad23-e760589f00c0,7,7,እግዚአብሔርም ለአብራም ተገለጠለትና፥ “ይህችን ምድር ለዘርህ እሰጣለሁ” አለው። አብራምም ለእርሱ ለተገለጠለት ለእግዚአብሔር በዚያ መሠውያን ሠራ።
e11383e6-f49b-50c9-a504-46f562d051c8,bb4049b6-05c3-5c7f-a2ca-af38dad22941,d6b74b17-df57-5b7f-ad23-e760589f00c0,8,8,ከዚያም በቤቴል ምሥራቅ ወዳለው ተራራ ወጣ፤ በዚያም ቤቴልን ወደ ምዕራብ፥ ጋይን ወደ ምሥራቅ አድርጎ ድንኳኑን ተከለ፤ በዚያም ለእግዚአብሔር መሠውያን ሠራ፤ የእግዚአብሔርንም ስም ጠራ።
425db93f-d741-5e9c-a1bd-9c41b43992f1,bb4049b6-05c3-5c7f-a2ca-af38dad22941,d6b74b17-df57-5b7f-ad23-e760589f00c0,9,9,አብራምም ከዚያ ተነሣ፤ እየተጓዘም ወደ አዜብ ሄደ፤ በዚያም ኖረ።
a8720673-52c3-5a3f-afd8-7a3e7357d4c2,bb4049b6-05c3-5c7f-a2ca-af38dad22941,de5a2431-a228-5218-afdb-42f5e7e3abcf,1,10,በምድርም ራብ ሆነ፤ አብራምም በዚያ በእንግድነት ይቀመጥ ዘንድ ወደ ግብፅ ወረደ፤ በምድር ራብ ጠንቶ ነበረና።
064c0a4c-10dc-5a50-a6be-6422c457fb25,bb4049b6-05c3-5c7f-a2ca-af38dad22941,de5a2431-a228-5218-afdb-42f5e7e3abcf,2,11,እንዲህም ሆነ፤ አብራም ወደ ግብፅ ለመግባት በቀረበ ጊዜ ሚስቱን ሦራን እንዲህ አላት፥ “አንቺ መልከ መልካም ሴት እንደ ሆንሽ እነሆ እኔ አውቃለሁ፤
22cd1ef8-ee38-574f-a98b-3e10429814fd,bb4049b6-05c3-5c7f-a2ca-af38dad22941,de5a2431-a228-5218-afdb-42f5e7e3abcf,3,12,የግብፅ ሰዎች ያዩሽ እንደ ሆነ ሚስቱ ናት ይላሉ፤ እኔንም ይገድሉኛል፤ አንቺንም በሕይወት ይተዉሻል።
d23e4317-ee1f-54e3-a8ed-691a19fa9533,bb4049b6-05c3-5c7f-a2ca-af38dad22941,de5a2431-a228-5218-afdb-42f5e7e3abcf,4,13,እንግዲህ በአንቺ ምክንያት መልካም ይሆንልኝ ዘንድ፥ ስለ አንቺም ነፍሴ ትድን ዘንድ እኅቱ ነኝ በዪ።”
76cffda9-ab81-575b-a088-fc12ac4a608a,bb4049b6-05c3-5c7f-a2ca-af38dad22941,de5a2431-a228-5218-afdb-42f5e7e3abcf,5,14,እንዲህም ሆነ፤ አብራም ወደ ግብፅ በገባ ጊዜ የግብፅ ሰዎች ሴቲቱን እጅግ ውብ እንደ ሆነች አዩ፤
4ffd4ffb-2472-5993-a180-b55bd49c7f32,bb4049b6-05c3-5c7f-a2ca-af38dad22941,de5a2431-a228-5218-afdb-42f5e7e3abcf,6,15,የፈርዖንም አለቆች አዩአት፤ በፈርዖንም ፊት አደነቁአት፤ ወደ ፈርዖን ቤትም ወሰዱአት።
73c8af8c-723c-51f4-a5d4-62529c228de3,bb4049b6-05c3-5c7f-a2ca-af38dad22941,de5a2431-a228-5218-afdb-42f5e7e3abcf,7,16,ለአብራምም ስለ እርስዋ መልካም አደረጉለት፤ ለእርሱ በጎችም፥ በሬዎችም፥ አህዮችም፥ በቅሎዎችም፥ ወንዶችና ሴቶች ባሪያዎችም፥ ግመሎችም ነበሩት።
49669207-dd94-5932-a515-c748ba02da8e,bb4049b6-05c3-5c7f-a2ca-af38dad22941,de5a2431-a228-5218-afdb-42f5e7e3abcf,8,17,እግዚአብሔርም በአብራም ሚስት በሦራ ምክንያት ፈርዖንንና የቤቱን ሰዎች በታላቅ መቅሠፍት መታ።
40a5642d-a707-530f-a0ae-af794989b97f,bb4049b6-05c3-5c7f-a2ca-af38dad22941,de5a2431-a228-5218-afdb-42f5e7e3abcf,9,18,ፈርዖንም አብራምን ጠርቶ አለው፥ “ይህ ያደረግህብኝ ምንድን ነው? እርስዋ ሚስትህ እንደ ሆነች ለምን አልገለጥህልኝም?
497d4910-ed89-55d0-add3-b6e751d2a5eb,bb4049b6-05c3-5c7f-a2ca-af38dad22941,de5a2431-a228-5218-afdb-42f5e7e3abcf,10,19,ለምንስ ‘እኅቴ ናት’ አልህ? ለእኔ ሚስት ትሆነኝ ዘንድ ወስጃት ነበር። አሁንም እነኋት፥ ሚስትህ በፊትህ ናት፤ ይዘሃትም ሂድ።”
c4612029-09ea-5a2e-af80-e262004ee3d9,bb4049b6-05c3-5c7f-a2ca-af38dad22941,de5a2431-a228-5218-afdb-42f5e7e3abcf,11,20,ፈርዖንም ሰዎቹን ስለ አብራም አዘዘ፤ እርሱንም፥ ሚስቱንም፥ የነበረውንም ሁሉ ሸኙአቸው።
b23faf93-4efa-54c4-a14f-f07de1a4206f,71e89936-80ef-5f05-af44-c373713fca90,6f4a095a-a1f5-5e42-a9b7-a6c290ae3f8f,1,1,አብራምም ከግብፅ ወጣ፤ እርሱና ሚስቱ፥ ለእርሱ የነበረውም ሁሉ፥ ሎጥም ከእርሱ ጋር ወደ አዜብ ወጡ።
c84c8815-77de-59e4-acb5-456f9e6c07bd,71e89936-80ef-5f05-af44-c373713fca90,6f4a095a-a1f5-5e42-a9b7-a6c290ae3f8f,2,2,አብራምም በከብት፥ በብርና በወርቅ እጅግ በለጸገ።
3e215440-67ed-527f-ae05-344a986f27b6,71e89936-80ef-5f05-af44-c373713fca90,6f4a095a-a1f5-5e42-a9b7-a6c290ae3f8f,3,3,ከአዜብ ባደረገው በጕዞውም ወደ ቤቴል ሄደ፤ ያም ስፍራ አስቀድሞ በቤቴልና በጋይ መካከል ድንኳን ተክሎበት የነበረው ነው፤
b0ffcc31-98f4-5b8c-a530-cdd640712a4c,71e89936-80ef-5f05-af44-c373713fca90,6f4a095a-a1f5-5e42-a9b7-a6c290ae3f8f,4,4,ስፍራውም አስቀድሞ መሠውያ የሠራበት ነው፤ በዚያም አብራም የእግዚአብሔርን ስም ጠራ።
c78ceec3-9c32-5be7-ac3f-6ecbf2321378,71e89936-80ef-5f05-af44-c373713fca90,6f4a095a-a1f5-5e42-a9b7-a6c290ae3f8f,5,5,ከአብራም ጋር የሄደው ሎጥ ደግሞ የላምና የበግ መንጋ ድንኳኖችም ነበሩት።
a9f0f1b5-1233-51e4-a6ed-d73944fd4f7f,71e89936-80ef-5f05-af44-c373713fca90,6f4a095a-a1f5-5e42-a9b7-a6c290ae3f8f,6,6,በአንድነትም ይቀመጡ ዘንድ ምድር አልበቃቸውም፤ ንብረታቸው ብዙ ነበርና፤ ስለዚህም ባንድነት ይቀመጡ ዘንድ ምድር አልበቃቻቸውም።
0ac36a0c-cdb0-5a2f-ac38-588ac8a7b2c7,71e89936-80ef-5f05-af44-c373713fca90,6f4a095a-a1f5-5e42-a9b7-a6c290ae3f8f,7,7,በአብራምና በሎጥ መንጎች ጠባቆች መካከልም ጠብ ሆነ፤ በዚያ ዘመን ከነዓናውያንና ፌርዛውያን በዚያች ምድር ተቀምጠው ነበር።
a83cbd5b-16de-588e-a426-233ecbd7800c,71e89936-80ef-5f05-af44-c373713fca90,6f4a095a-a1f5-5e42-a9b7-a6c290ae3f8f,8,8,አብራምም ሎጥን አለው፥ “እኛ ወንድማማች ነንና በእኔና በአንተ፥ በእረኞቼና በእረኞችህ መካከል ጠብ አይሁን።
c15f6b3f-1069-5ef6-ace9-0b0f29380698,71e89936-80ef-5f05-af44-c373713fca90,6f4a095a-a1f5-5e42-a9b7-a6c290ae3f8f,9,9,እነሆ፥ ምድር ሁሉ በፊትህ አይደለችምን? ከእኔ ትለይ ዘንድ እለምንሃለሁ፤ አንተ ወደ ግራው ብትሄድ እኔ ወደ ቀኝ እሄዳለሁ፤ አንተም ወደ ቀኙ ብትሄድ እኔ ወደ ግራ እሄዳለሁ።”
44dfa901-dd7b-5469-a84a-9a7d226bef20,71e89936-80ef-5f05-af44-c373713fca90,6f4a095a-a1f5-5e42-a9b7-a6c290ae3f8f,10,10,ሎጥም ዓይኖቹን አነሣ፤ በዮርዳኖስ ዙሪያ ያለውንም ሀገር ሁሉ ውኃ የሞላበት መሆኑን አየ፤ እግዚአብሔር ሰዶምንና ገሞራን ከማጥፋቱ አስቀድሞ እስከ ሴጎር ድረስ እንደ እግዚአብሔር ገነትና እንደ ግብፅ ምድር እንደ ነበረ አየ።
03863f9c-0094-5c13-ae2c-46f416b90acf,71e89936-80ef-5f05-af44-c373713fca90,6f4a095a-a1f5-5e42-a9b7-a6c290ae3f8f,11,11,ሎጥም ለራሱ በዮርዳኖስ ዙሪያ ያለውን ሀገር ሁሉ መረጠ፤ ሎጥም ወደ ምሥራቅ ተጓዘ፤ አንዱም ከሌላው እርስ በርሳቸው ተለያዩ።
c092b813-8b4c-5401-a76a-c67fbce2f70f,71e89936-80ef-5f05-af44-c373713fca90,6f4a095a-a1f5-5e42-a9b7-a6c290ae3f8f,12,12,አብራም በከነዓን ምድር ተቀመጠ፤ ሎጥም በጎረቤት ሕዝቦች ከተማ ተቀመጠ፤ ድንኳኑንም በሰዶም ተከለ፤
764d8b61-c69a-555f-a195-047374833fd6,71e89936-80ef-5f05-af44-c373713fca90,6f4a095a-a1f5-5e42-a9b7-a6c290ae3f8f,13,13,የሰዶም ሰዎች ግን ክፉዎችና በእግዚአብሔር ፊት እጅግ ኀጢአተኞች ነበሩ።
e2ae5c8d-4557-58ab-a855-5001efbf6434,71e89936-80ef-5f05-af44-c373713fca90,f2f59160-da93-58ed-a26a-83e17a296aee,1,14,ሎጥ ከተለየው በኋላም እግዚአብሔር አብራምን አለው፥ “ዐይንህን አንሣና አንተ ካለህበት ስፍራ ወደ መስዕና ወደ አዜብ፥ ወደ ምሥራቅና ወደ ምዕራብ እይ፤
833b28aa-a2fd-51f6-a8c9-45b4f80a3c73,71e89936-80ef-5f05-af44-c373713fca90,f2f59160-da93-58ed-a26a-83e17a296aee,2,15,የምታያትን ምድር ሁሉ ለአንተና ለዘርህ ለዘለዓለም እሰጣለሁና።
edd4009a-7b4a-57fe-a484-f388e55211a9,71e89936-80ef-5f05-af44-c373713fca90,f2f59160-da93-58ed-a26a-83e17a296aee,3,16,ዘርህንም እንደ ባሕር አሸዋ አደርጋለሁ፤ የባሕር አሸዋን ይቈጥር ዘንድ የሚችል ሰው ቢኖር ዘርህ ደግሞ ይቈጠራል።
8898031d-a539-5468-a6bc-073073c99ca9,71e89936-80ef-5f05-af44-c373713fca90,f2f59160-da93-58ed-a26a-83e17a296aee,4,17,ተነሣ፤ በምድር በርዝመቷም፥ በስፋቷም ዙር፤ እርስዋን ለአንተና ለዘርህ ለዘለዓለም እሰጣለሁና።”
2633af7b-0992-5455-a47c-b705d42fe5ab,71e89936-80ef-5f05-af44-c373713fca90,f2f59160-da93-58ed-a26a-83e17a296aee,5,18,አብራምም ድንኳኑን ነቀለ፤ መጥቶም በኬብሮን ባለው የመምሬ ዛፍ ተቀመጠ፤ በዚያም ለእግዚአብሔር መሠውያን ሠራ።
8760376f-d53e-5f54-adda-6385690d0435,97b3adbb-3a22-594c-a444-8aa220e4f38b,72fd31b8-32d5-504f-ac20-6cd208053b38,1,1,በሰናዖር ንጉሥ በአሚሮፌል፥ በእላሳር ንጉሥ በአርዮክ፥ በኤላም ንጉሥ በኮሎዶጎሞር፥ በአሕዛብ ንጉሥ በቴሮጋል ዘመን እንዲህ ሆነ፤
4e5544c5-ce29-5009-ad09-ab66e8edb418,97b3adbb-3a22-594c-a444-8aa220e4f38b,72fd31b8-32d5-504f-ac20-6cd208053b38,2,2,ከሰዶም ንጉሥ ከባላ፥ ከገሞራ ንጉሥ ከበርሳ፥ ከአዳማ ንጉሥ ከሰናአር፥ ከሲባዮ ንጉሥ ከሲምቦር፤ ሴጎር ከተባለች ከባላ ንጉሥም ጋር ጦርነት አደረጉ።
6bf3ca0a-1ff2-5e22-a9de-0f030a1170f2,97b3adbb-3a22-594c-a444-8aa220e4f38b,72fd31b8-32d5-504f-ac20-6cd208053b38,3,3,እነዚህ ሁሉ በኤሌቄን ሸለቆ ተሰብስበው ተባበሩ፤ ይኸውም የጨው ባሕር ነው።
5c41b9dd-8ebb-5bc5-ac36-5ef447b415b1,97b3adbb-3a22-594c-a444-8aa220e4f38b,72fd31b8-32d5-504f-ac20-6cd208053b38,4,4,ዐሥራ ሁለት ዓመት ለኮሎዶጎሞር ተገዙ፤ በዐሥራ ሦስተኛውም ዓመት ዐመፁ።
86ef633f-7788-5400-a233-ebfe225a7b72,97b3adbb-3a22-594c-a444-8aa220e4f38b,72fd31b8-32d5-504f-ac20-6cd208053b38,5,5,በዐሥራ አራተኛውም ዓመት ኮሎዶጎሞርና ከእርሱ ጋር የነበሩት ነገሥታት መጡ፤ ረዐይትን በአስጣሮት ቃርናይም፥ ከእነርሱም ጋር ጽኑዓን ሰዎችንና ኦሚዎስን በሴዊ ከተማ ገደሉአቸው፤
f34d7d2f-3a28-5922-adfb-6057703479bb,97b3adbb-3a22-594c-a444-8aa220e4f38b,72fd31b8-32d5-504f-ac20-6cd208053b38,6,6,በሴይር ተራራዎች ያሉ የኬሬዎስ ሰዎችንም በበረሃ አጠገብ እስከ አለችው እስከ ፋራን ዛፍ ድረስ መቱአቸው።
3a7193da-89b8-5ee3-a2df-c731876ed36f,97b3adbb-3a22-594c-a444-8aa220e4f38b,72fd31b8-32d5-504f-ac20-6cd208053b38,7,7,ተመልሰውም ቃዴስ ወደ ተባለች ወደ ፍርድ ምንጭ መጡ፤ የአማሌቅን አለቆች ሁሉና በአሳሶን ታማር የሚኖሩ አሞራውያንንም ገደሉአቸው።
f5a7cd20-5721-57a5-ab98-c775a2b7137c,97b3adbb-3a22-594c-a444-8aa220e4f38b,72fd31b8-32d5-504f-ac20-6cd208053b38,8,8,የሰዶም ንጉሥና የገሞራ ንጉሥ፥ የአዳማ ንጉሥና የሲባዮን ንጉሥ፥ ሴጎር የተባለች የባላቅ ንጉሥም ወጡ፤ እነዚህ ሁሉ በጨው ሸለቆ በእነርሱ ላይ ለሰልፍ ወጡ፤
1b911467-7042-5a5f-a35a-c356d8ee72e7,97b3adbb-3a22-594c-a444-8aa220e4f38b,72fd31b8-32d5-504f-ac20-6cd208053b38,9,9,ከኤላም ንጉሥ ከኮሎዶጎሞር፥ ከአሕዛብ ንጉሥ ከቴሮጋል፥ ከሰናዖር ንጉሥ ከአሜሮፌል፥ ከእላሳር ንጉሥ ከአርዮክ ጋር ተጋጠሙ። እነዚህ አራቱ ነገሥታት ከአምስቱ ነገሥታት ጋር ተዋጉ።
aaabfc13-d67e-52cc-a9ed-44b97307f036,97b3adbb-3a22-594c-a444-8aa220e4f38b,72fd31b8-32d5-504f-ac20-6cd208053b38,10,10,ያም የጨው ሸለቆ የዝፍት ጕድጓዶች ነበሩበት። የሰዶም ንጉሥና የገሞራ ንጉሥም ሸሹና በዚያ ወደቁ፤ የቀሩትም ወደ ተራራማው ሀገር ሸሹ።
a433c3b7-5110-51a4-a5a4-8c3f2a0c560b,97b3adbb-3a22-594c-a444-8aa220e4f38b,72fd31b8-32d5-504f-ac20-6cd208053b38,11,11,የሰዶምንና የገሞራን ፈረሶች ሁሉ፥ ስንቃቸውንም ሁሉ ይዘው ሄዱ።
1e99e7b4-9e81-5b86-afbc-4d1ace55f126,97b3adbb-3a22-594c-a444-8aa220e4f38b,72fd31b8-32d5-504f-ac20-6cd208053b38,12,12,እነርሱም የአብራምን የወንድም ልጅ ሎጥንና ገንዘቡን ይዘው ሄዱ። እርሱ በሰዶም ይኖር ነበርና።
dc762f4d-63c1-52b7-a913-f5c2793ce93c,97b3adbb-3a22-594c-a444-8aa220e4f38b,72fd31b8-32d5-504f-ac20-6cd208053b38,13,13,ከአመለጡትም አንድ ሰው መጣ፤ ለዕብራዊው ለአብራምም ነገረው፤ እርሱም የኤስኮል ወንድምና የአውናን ወንድም በሆነ በአሞራዊው የመምሬ ዛፍ ይኖር ነበር፤ እነዚያም ከአብራም ጋር ቃል ኪዳን ገብተው ነበር።
e5a91f20-f3fd-5c36-a95f-b28f4438741e,97b3adbb-3a22-594c-a444-8aa220e4f38b,72fd31b8-32d5-504f-ac20-6cd208053b38,14,14,አብራምም የወንድሙ ልጅ ሎጥ እንደ ተማረከ በሰማ ጊዜ ወገኖቹንና ቤተሰቦቹን ሁሉ ቈጠራቸው፤ እነርሱም ሦስት መቶ ዐሥራ ስምንት ሆኑ፤ እስከ ዳን ድረስ ተከትሎ አሳደዳቸው።
e41f3744-69ee-5a8d-a398-2952cd09ad15,97b3adbb-3a22-594c-a444-8aa220e4f38b,72fd31b8-32d5-504f-ac20-6cd208053b38,15,15,እርሱም ከብላቴኖቹ ጋር በሌሊት ደረሰባቸው፤ መታቸውም፤ በደማስቆ ግራ እስካለችውም እስከ ሖባ ድረስ አሳደዳቸው።
a4b81a3f-2a5d-52b9-af15-83dd0ba9d632,97b3adbb-3a22-594c-a444-8aa220e4f38b,72fd31b8-32d5-504f-ac20-6cd208053b38,16,16,የሰዶምን ፈረሶች ሁሉ አስመለሰ፤ ደግሞም የወንድሙን ልጅ ሎጥንና ንብረቱን፥ ሴቶችንና ሕዝቡንም አስመለሰ።
efa20249-8402-5efc-a121-9ce5b4799f59,97b3adbb-3a22-594c-a444-8aa220e4f38b,39522bfb-6b93-589c-a844-6cae71429823,1,17,ኮሎዶጎሞርንና ከእርሱ ጋር የነበሩትን ነገሥታት ወግቶ ከተመለሰም በኋላ የሰዶም ንጉሥ የንጉሥ ሜዳ በሆነ በሴዊ ሸለቆ ሊቀበለው ወጣ።
52cdec65-2bb1-5f26-aca1-231bcd46c21f,97b3adbb-3a22-594c-a444-8aa220e4f38b,39522bfb-6b93-589c-a844-6cae71429823,2,18,የሳሌም ንጉሥ መልከ ጼዴቅም እንጀራንና የወይን ጠጅን አወጣ፤ እርሱም የልዑል እግዚአብሔር ካህን ነበረ።
7664d9e4-2170-5da1-a8ff-4b1980b450bf,97b3adbb-3a22-594c-a444-8aa220e4f38b,39522bfb-6b93-589c-a844-6cae71429823,3,19,አብራምንም ባረከው፤ “አብራም ሰማይንና ምድርን ለፈጠረ ለልዑል እግዚአብሔር የተባረከ ነው፤
c91a0b9a-17f6-5aaa-a63e-413173f9b59b,97b3adbb-3a22-594c-a444-8aa220e4f38b,39522bfb-6b93-589c-a844-6cae71429823,4,20,ጠላቶችህን በእጅህ የጣለልህ ልዑል እግዚአብሔርም ቡሩክ ነው” አለው። አብራምም ከሁሉ ዐሥራትን ሰጠው።
f95d3982-954c-5675-a37e-46d1fc874428,97b3adbb-3a22-594c-a444-8aa220e4f38b,39522bfb-6b93-589c-a844-6cae71429823,5,21,የሰዶም ንጉሥም አብራምን፥ “ሰዎቹን ስጠኝ፤ ፈረሶቹን ግን ለአንተ ውሰድ” አለው።
cb9c9a67-0450-5813-a23a-edb019ead8fc,97b3adbb-3a22-594c-a444-8aa220e4f38b,39522bfb-6b93-589c-a844-6cae71429823,6,22,አብራምም የሰዶምን ንጉሥ አለው፥ “ሰማይንና ምድርን ወደ ፈጠረ ወደ ልዑል እግዚአብሔር እጄን ከፍ አደርጋለሁ፤
3bfee484-38fc-5872-a65a-396c4a8a3575,97b3adbb-3a22-594c-a444-8aa220e4f38b,39522bfb-6b93-589c-a844-6cae71429823,7,23,አንተ፦ አብራምን ባለጠጋ አደረግሁት እንዳትል፥ ከአንተ ገንዘብ ሁሉ ፈትልም ቢሆን፥ የጫማ ማዘቢያም ቢሆን እንዳልወስድ፥
43db0441-c6c8-57dd-a1cf-da6ccb0b852d,97b3adbb-3a22-594c-a444-8aa220e4f38b,39522bfb-6b93-589c-a844-6cae71429823,8,24,ብላቴኖች ከበሉት እህልና ከእኔ ጋር ከመጡት ድርሻ በቀር፥ አውናን፥ ኤስኮልም፥ መምሬም እነርሱ ድርሻቸውን ይውሰዱ።”
da9fa3ba-6639-5a89-a2a3-d020320d8a34,0940489c-46af-5d94-af62-f40c50eeb9f8,a04ce7b5-8ec6-539b-a4e8-9e668ac249f1,1,1,ከዚህም ነገር በኋላ የእግዚአብሔር ቃል በራእይ ወደ አብራም መጣ፤ እንዲህ ሲል፥ “አብራም ሆይ፥ አትፍራ፤ እኔ ጋሻ እሆንሃለሁ፤ ዋጋህም በእኔ ዘንድ እጅግ ብዙ ነው።”
39d8e937-0e71-5559-a7cf-563e6368f176,0940489c-46af-5d94-af62-f40c50eeb9f8,a04ce7b5-8ec6-539b-a4e8-9e668ac249f1,2,2,አብራምም፥ “አቤቱ እግዚአብሔር ሆይ፥ ምን ትሰጠኛለህ? እነሆ፥ ልጅ ሳልወልድ እሞታለሁ፤ የቤቴም ወራሽ ከዘመዴ ወገን የሚሆን የደማስቆ ሰው የማሴቅ ልጅ ይህ ኢያውብር ነው” አለ።
d735dbb0-4fa4-5b4c-ad35-015b9f2986a8,0940489c-46af-5d94-af62-f40c50eeb9f8,a04ce7b5-8ec6-539b-a4e8-9e668ac249f1,3,3,አብራምም፥ “ለእኔ ዘር አልሰጠኸኝም፤ የዘመዴ ልጅ እርሱ ይወርሰኛል” አለ።
bdb3889c-a669-51fe-ad0d-f5ae76432909,0940489c-46af-5d94-af62-f40c50eeb9f8,a04ce7b5-8ec6-539b-a4e8-9e668ac249f1,4,4,ያን ጊዜም የአግዚአብሔር ቃል ወደ አብራም እንዲህ ሲል መጣ፤ “እርሱ አይወርስህም፤ ነገር ግን ከአብራክህ የሚወጣው እርሱ ይወርስሃል።”
3f9ee2f4-a206-50e9-ae01-cd767b6c751c,0940489c-46af-5d94-af62-f40c50eeb9f8,a04ce7b5-8ec6-539b-a4e8-9e668ac249f1,5,5,ወደ ሜዳም አወጣውና “ወደ ላይ ወደ ሰማይ ተመልከት፤ ልትቈጥራቸው ትችል እንደሆነ ከዋክብትን ቍጠራቸው። ዘርህም እንደዚሁ ነው” አለው።
8e4c9d61-7fed-5da9-a018-cfd2518e50eb,0940489c-46af-5d94-af62-f40c50eeb9f8,a04ce7b5-8ec6-539b-a4e8-9e668ac249f1,6,6,አብራምም በእግዚአብሔር አመነ፤ ጽድቅም ሆኖ ተቈጠረለት።
2c537e73-81e8-551b-aa3c-d1998a04bf52,0940489c-46af-5d94-af62-f40c50eeb9f8,a04ce7b5-8ec6-539b-a4e8-9e668ac249f1,7,7,“ይህችን ምድር ትወርሳት ዘንድ እንድሰጥህ ከከለዳውያን ምድር ያወጣሁህ አምላክህ እግዚአብሔር እኔ ነኝ” አለው።
85f7f993-bf2a-5531-a060-4cbac2bb6df1,0940489c-46af-5d94-af62-f40c50eeb9f8,a04ce7b5-8ec6-539b-a4e8-9e668ac249f1,8,8,“አቤቱ እግዚአብሔር ሆይ፥ እንደምወርሳት በምን አውቃለሁ?” አለው።
98b2cc64-02c4-5137-ab2a-e43cfe8dcc60,0940489c-46af-5d94-af62-f40c50eeb9f8,a04ce7b5-8ec6-539b-a4e8-9e668ac249f1,9,9,እርሱም አለው፥ “የሦስት ዓመት ላም፥ የሦስት ዓመት ፍየልም፥ የሦስት ዓመት በግም፥ ዋኖስም፥ ርግብም አምጣ፤ እኒህንም ሁሉ አምጥተህ ከሁለት ከሁለት ቍረጣቸው፤ ወፎችን ግን አትቍረጣቸው።”
a0f4c096-2fb1-5092-a53b-a120795c17d2,0940489c-46af-5d94-af62-f40c50eeb9f8,a04ce7b5-8ec6-539b-a4e8-9e668ac249f1,10,10,እንዲሁም እነዚህን ሁሉ ወሰደለት፤ በየሁለትም ከፈላቸው፤ የተከፈሉትንም በየወገኑ ትይዩ አደረጋቸው፤ ወፎችን ግን አልቈረጣቸውም።
50fcce17-001a-5866-a791-f741044c0452,0940489c-46af-5d94-af62-f40c50eeb9f8,a04ce7b5-8ec6-539b-a4e8-9e668ac249f1,11,11,አሞራዎችም በተቈረጠው ሥጋቸው ላይ ወረዱ፤ አብራምም በእነርሱ ዘንድ ተቀምጦ አባረራቸው።
316f4e08-d28d-5e76-a7fb-e70f7947d6f7,0940489c-46af-5d94-af62-f40c50eeb9f8,a04ce7b5-8ec6-539b-a4e8-9e668ac249f1,12,12,ፀሐይም በገባ ጊዜ በአብራም ድንጋጤ መጣበት፤ እነሆም፥ የሚያስፈራ ጽኑዕ ጨለማ መጣበት፤
2ad7c64c-b49b-5013-aeb4-bff3990456e7,0940489c-46af-5d94-af62-f40c50eeb9f8,a04ce7b5-8ec6-539b-a4e8-9e668ac249f1,13,13,እግዚአብሔርም አብራምን አለው፥ “ዘርህ ለእነርሱ ባልሆነች ምድር ስደተኞች እንዲሆኑ በእርግጥ ዕወቅ፤ አራት መቶ ዓመታትም ባሪያዎች አድርገው ይገዙአቸዋል፤ ያሠቃዩአቸዋል፤ ያስጨንቋቸዋልም።
166edf89-c95a-55fb-a7d6-9a095865dda1,0940489c-46af-5d94-af62-f40c50eeb9f8,a04ce7b5-8ec6-539b-a4e8-9e668ac249f1,14,14,ደግሞም የሚያሠቃዩአቸውን እኔ እፈርድባቸዋለሁ። ከዚህም በኋላ ከብዙ ገንዘብ ጋር ወደዚህ ይወጣሉ።
cc7edc67-82fe-55bd-a07b-d42fc1c08aa0,0940489c-46af-5d94-af62-f40c50eeb9f8,a04ce7b5-8ec6-539b-a4e8-9e668ac249f1,15,15,አንተ ግን ወደ አባቶችህ በሰላም ትሄዳለህ፤ በመልካም ሽምግልናም ትቀበራለህ።
9280ea37-c148-5637-a901-996dc4180fdc,0940489c-46af-5d94-af62-f40c50eeb9f8,a04ce7b5-8ec6-539b-a4e8-9e668ac249f1,16,16,በአራተኛው ትውልድ ግን ወደዚህ ይመለሳሉ፤ እስከ ዛሬ ድረስ የአሞራውያን ኀጢአት አልተፈጸመምና።”
1ee31804-5a16-5563-ac86-474a962efa53,0940489c-46af-5d94-af62-f40c50eeb9f8,a04ce7b5-8ec6-539b-a4e8-9e668ac249f1,17,17,እንዲህም ሆነ፤ ፀሐይም በገባ ጊዜ ነበልባል መጣ፤ የእሳት መብራትና የሚጤስ ምድጃም መጣ፤ በዚያም በተከፈለው መካከል አለፈ።
a771f1f3-b9c8-5cbe-a09c-0dfca0479ac0,0940489c-46af-5d94-af62-f40c50eeb9f8,a04ce7b5-8ec6-539b-a4e8-9e668ac249f1,18,18,በዚያችም ቀን እግዚአብሔር ለአብራም ተስፋ ያደረገለትን ቃል ኪዳን አጸና፤ እንዲህም አለው፥ “ከግብፅ ወንዝ ጀምሮ እስከ ትልቁ ወንዝ እስከ ኤፍራጥስ ወንዝ ድረስ ይህችን ምድር ለዘርህ እሰጣታለሁ፤
1cbe9fd7-bc60-5dfd-a1aa-fd717813b883,0940489c-46af-5d94-af62-f40c50eeb9f8,a04ce7b5-8ec6-539b-a4e8-9e668ac249f1,19,19,ቀኔዎሳውያንን፥ ቄኔዜዎሳውያንን፥ ቄኔሚሎሳውያንን፥
d82c55a7-605a-5831-a833-95d641a02b2e,0940489c-46af-5d94-af62-f40c50eeb9f8,a04ce7b5-8ec6-539b-a4e8-9e668ac249f1,20,20,ኬጤዎናውያንንም፥ ፌርዜዎናውያንንም፥ ፈራዮናውያንንም፤
b0e4f47a-556e-52df-a370-7cb87eeec7bb,0940489c-46af-5d94-af62-f40c50eeb9f8,a04ce7b5-8ec6-539b-a4e8-9e668ac249f1,21,21,አሞሬዎናውያንንም፥ ከናኔዎናውያንንም፥ ጌርጌሴዎናውያንንም፥ ኢያቡሴዎናውያንንም።”
a42aa7c4-c2f1-539c-a263-3aba29e3994b,a4c1ceec-3d89-5970-aca0-561ea0ad23ed,e37d3ae9-826b-54e5-a909-3c513f74b8ab,1,1,የአብራም ሚስት ሦራ ግን ልጅ አልወለደችለትም ነበር፤ ስምዋ አጋር የተባለ ግብፃዊት አገልጋይም ነበረቻት።
6b187c48-839a-50a6-ab5c-d8c2b3800d64,a4c1ceec-3d89-5970-aca0-561ea0ad23ed,e37d3ae9-826b-54e5-a909-3c513f74b8ab,2,2,ሦራም አብራምን፥ “እነሆ፥ እንዳልወልድ እግዚአብሔር ዘጋኝ፤ ከእርስዋ ትወልድ ዘንድ ወደ አገልጋዬ ሂድ” አለችው። አብራምም የሚስቱን የሦራን ቃል ሰማ።
67286c74-4eac-5e81-af09-37eb560bed8a,a4c1ceec-3d89-5970-aca0-561ea0ad23ed,e37d3ae9-826b-54e5-a909-3c513f74b8ab,3,3,አብራምም በከነዓን ምድር ዐሥር ዓመት ከተቀመጠ በኋላ፥ የአብራም ሚስት ሦራ ግብፃዊት አገልጋይዋን አጋርን ወስዳ ለአብራም ሚስት ትሆነው ዘንድ ሰጠችው።
3a3f8e85-97e5-521a-aaed-66be0b4044b5,a4c1ceec-3d89-5970-aca0-561ea0ad23ed,e37d3ae9-826b-54e5-a909-3c513f74b8ab,4,4,አብራምም ወደ አጋር ገባ፤ ፀነሰችም፤ እንደ ፀነሰችም ባየች ጊዜ እመቤቷን ማክበርዋን ተወች።
02409b85-101f-5996-ad80-2c2f7e0b8887,a4c1ceec-3d89-5970-aca0-561ea0ad23ed,e37d3ae9-826b-54e5-a909-3c513f74b8ab,5,5,ሦራም አብራምን፥ “ከአንተ የተነሣ እገፋለሁ፤ እኔ አገልጋዬን በብብትህ ሰጠሁህ፤ እንደ ፀነሰችም ባየች ጊዜ እኔን ማክበርን ተወች፤ እግዚአብሔር በእኔና በአንተ መካከል ይፍረድ” አለችው።
ac737ece-b987-5446-a18e-f64e2dda9e54,a4c1ceec-3d89-5970-aca0-561ea0ad23ed,e37d3ae9-826b-54e5-a909-3c513f74b8ab,6,6,አብራምም ሚስቱን ሦራን፥ “እነሆ፥ አገልጋይሽ በእጅሽ ናት፤ እንደ ወደድሽ አድርጊባት” አላት። ሦራም አጋርን አሠቃየቻት፤ ከእርስዋም ኰበለለች።
0d69f844-cd6f-5554-ade9-207e0e08ad1b,a4c1ceec-3d89-5970-aca0-561ea0ad23ed,e37d3ae9-826b-54e5-a909-3c513f74b8ab,7,7,የእግዚአብሔር መልአክም በውኃ ምንጭ አጠገብ በሱር በረሃ በመንገድ አገኛት።
92dcd85c-e608-558a-a3af-d5e3ca8141a7,a4c1ceec-3d89-5970-aca0-561ea0ad23ed,e37d3ae9-826b-54e5-a909-3c513f74b8ab,8,8,የእግዚአብሔርም መልአክ፥ “የሦራ አገልጋይ አጋር ሆይ፥ ከወዴት መጣሽ? ወዴትስ ትሄጂያለሽ?” አላት። እርስዋም፥ “እኔ ከእመቤቴ ከሦራ ፊት እኰበልላለሁ” አለች።
bf7f9e27-e162-5745-a84b-806729e5a434,a4c1ceec-3d89-5970-aca0-561ea0ad23ed,e37d3ae9-826b-54e5-a909-3c513f74b8ab,9,9,የእግዚአብሔር መልአክም፥ “ወደ እመቤትሽ ተመለሺ፤ ከእጅዋም በታች ራስሽን ዝቅ አድርጊ” አላት።
b3f77e6b-c40c-5ce1-a225-5b1ee1cdb97c,a4c1ceec-3d89-5970-aca0-561ea0ad23ed,e37d3ae9-826b-54e5-a909-3c513f74b8ab,10,10,እግዚአብሔርም “ከብዛቱ የተነሣ እስከማይቈጠር ድረስ ዘርሽን እጅግ አበዛለሁ፥” አላት።
24538801-615b-5032-af30-4297ae03e676,a4c1ceec-3d89-5970-aca0-561ea0ad23ed,e37d3ae9-826b-54e5-a909-3c513f74b8ab,11,11,የእግዚአብሔር መልአክም አላት፥ “እነሆ፥ አንቺ ፀንሰሻል፤ ወንድ ልጅንም ትወልጃለሽ፤ ስሙንም ይስማኤል ብለሽ ትጠሪዋለሽ፤ እግዚአብሔር ሥቃይሽን ሰምቶአልና።
42060073-09e1-5966-ae2b-f42761bed302,a4c1ceec-3d89-5970-aca0-561ea0ad23ed,e37d3ae9-826b-54e5-a909-3c513f74b8ab,12,12,እርሱም የበረሃ ሰው ይሆናል፤ እጁ በሁሉ ላይ ይሆናል፤ የሁሉም እጅ ደግሞ በእርሱ ላይ ይሆናል፤ እርሱም በወንድሞቹ ሁሉ ፊት ይኖራል።”
8dfd1417-ea51-513e-a11a-46c3510f6abf,a4c1ceec-3d89-5970-aca0-561ea0ad23ed,e37d3ae9-826b-54e5-a909-3c513f74b8ab,13,13,አጋርም ይናገራት የነበረውን የእግዚአብሔርን ስም ጠራች፤ “አቤቱ የራራህልኝ አንተ ነህ፤ የተገለጠልኝን በፊቴ አይችዋለሁና።”
8fa1ed93-9969-5736-afb4-2fb0b549c038,a4c1ceec-3d89-5970-aca0-561ea0ad23ed,e37d3ae9-826b-54e5-a909-3c513f74b8ab,14,14,ስለዚህም የዚያን ጕድጓድ ስም “በፊቴ የተገለጠልኝ የእርሱ ጕድጓድ” ብላ ጠራችው፤ እርሱም በቃዴስና በባሬድ መካከል ነው። አጋርም ተመለሰች።
1e519fdf-00fa-54ad-a996-97b2a2e94315,a4c1ceec-3d89-5970-aca0-561ea0ad23ed,e37d3ae9-826b-54e5-a909-3c513f74b8ab,15,15,ከዚህም በኋላ አጋር ለአብራም ወንድ ልጅን ወለደችለት፤ አብራምም አጋር የወለደችለትን የሕፃኑን ስም ይስማኤል ብሎ ጠራው።
4bcc275c-da83-59ed-a528-829819c9fda0,a4c1ceec-3d89-5970-aca0-561ea0ad23ed,e37d3ae9-826b-54e5-a909-3c513f74b8ab,16,16,አጋር ይስማኤልን በወለደችለት ጊዜ አብራም የሰማንያ አምስት ዓመት ሰው ነበረ።
a3994aa2-6bc7-57e3-a8d9-425d344050ec,b1f39a7c-6c74-5df8-a775-cfe4b98df10e,455026e4-87f2-5f6a-a502-243be6d141ce,1,1,ከዚህም በኋላ አብራም የዘጠና ዘጠኝ ዓመት ሰው በሆነ ጊዜ እግዚአብሔር ለአብራም ተገለጠለት፤ እንዲህም አለው “በፊትህ የሄድሁ ፈጣሪህ እግዚአብሔር እኔ ነኝ፤ በፊቴ መልካም አድርግ፤ ንጹሕም ሁን፤
be5e10ed-8c43-58b9-a5a4-6c3a04368452,b1f39a7c-6c74-5df8-a775-cfe4b98df10e,455026e4-87f2-5f6a-a502-243be6d141ce,2,2,ቃል ኪዳኔንም በእኔና በአንተ መካከል አጸናለሁ፤ እጅግም አበዛሃለሁ።”
5c2df8ae-4d8f-524f-a776-85b60964ef13,b1f39a7c-6c74-5df8-a775-cfe4b98df10e,455026e4-87f2-5f6a-a502-243be6d141ce,3,3,አብራምም በግንባሩ ወደቀ፤ እግዚአብሔርም አብራምን እንዲህ አለው፦
9419cb53-7e93-5f23-adfb-380b41b995f8,b1f39a7c-6c74-5df8-a775-cfe4b98df10e,455026e4-87f2-5f6a-a502-243be6d141ce,4,4,“እነሆ፥ ቃል ኪዳኔን በእኔና በአንተ መካከል አጸናለሁ፤ ለብዙ አሕዛብም አባት ትሆናለህ።
9dcc9f0b-2ced-5473-aa26-f61155d11579,b1f39a7c-6c74-5df8-a775-cfe4b98df10e,455026e4-87f2-5f6a-a502-243be6d141ce,5,5,እንግዲህ ስምህ አብራም አይባልም ‘አብርሃም’ ይባላል እንጂ፤ ለብዙ አሕዛብ አባት አድርጌሃለሁና።
d5264a13-f918-55cb-a12f-c63ee56b11e0,b1f39a7c-6c74-5df8-a775-cfe4b98df10e,455026e4-87f2-5f6a-a502-243be6d141ce,6,6,እጅግም በጣም አበዛሃለሁ፤ ሕዝብም፥ ነገሥታትም ከአንተ እንዲወጡ አደርግሃለሁ።
0b49d82e-8336-58c8-a63d-38dc7282a025,b1f39a7c-6c74-5df8-a775-cfe4b98df10e,455026e4-87f2-5f6a-a502-243be6d141ce,7,7,ቃል ኪዳኔንም በእኔና በአንተ መካከል፥ ከአንተም በኋላ በዘርህ መካከል በትውልዳቸው ለዘለዓለም ኪዳን አቆማለሁ፤ ለአንተና ከአንተም በኋላ ለዘርህ አምላክ እሆን ዘንድ።
98d3f36b-ff6a-5338-a9f6-e7334438b1fc,b1f39a7c-6c74-5df8-a775-cfe4b98df10e,455026e4-87f2-5f6a-a502-243be6d141ce,8,8,በውስጥዋ የምትኖርባትን ይህችን ምድር፥ የከነዓንን ምድር ሁሉ፥ ለዘለዓለም ይገዙአት ዘንድ ለዘርህ እሰጣለሁ፤ አምላክም እሆናቸዋለሁ።”
22dded90-f52e-5866-a70d-02464598c0fe,b1f39a7c-6c74-5df8-a775-cfe4b98df10e,455026e4-87f2-5f6a-a502-243be6d141ce,9,9,እግዚአብሔርም አብርሃምን አለው፥ “አንተ ደግሞ ቃል ኪዳኔን ትጠብቃለህ፤ አንተ፥ ከአንተም በኋላ ዘርህ በትውልዳቸው።
4d4aeff5-6372-5155-a8bb-7627d43a101f,b1f39a7c-6c74-5df8-a775-cfe4b98df10e,455026e4-87f2-5f6a-a502-243be6d141ce,10,10,በእኔና በአንተ መካከል፥ ከአንተም በኋላ በዘርህ መካከል የምትጠብቋት ቃል ኪዳኔ ይህች ናት፤ ከእናንተ ወንድ ሁሉ ይገረዝ።
bf7403cd-39c5-5ca2-a9d8-5e07c2a1a49a,b1f39a7c-6c74-5df8-a775-cfe4b98df10e,455026e4-87f2-5f6a-a502-243be6d141ce,11,11,የሰውነታችሁን ቍልፈት ትገረዛላችሁ፤ በእኔና በእናንተ መካከል ላለውም ቃል ኪዳን ምልክት ይሆናል።
dcbc9320-4a69-5f2e-aa44-8054be0b711e,b1f39a7c-6c74-5df8-a775-cfe4b98df10e,455026e4-87f2-5f6a-a502-243be6d141ce,12,12,ሕፃኑንም በስምንተኛው ቀን ትገርዙታላችሁ፤ በቤት የተወለደ ወይም ከዘራችሁ ያይደለ፥ በብርም ከእንግዳ ሰው የተገዛ ወንድ ሁሉ በትውልዳችሁ ይገረዝ።
4dbe3260-5ddd-55e4-afd4-3111e998ecdf,b1f39a7c-6c74-5df8-a775-cfe4b98df10e,455026e4-87f2-5f6a-a502-243be6d141ce,13,13,በቤትህም የተወለደ፥ በብርም የተገዛ ፈጽሞ ይገረዝ። ቃል ኪዳኔም በሥጋችሁ የዘለዓለም ቃል ኪዳን ይሆናል።
33849b61-630d-5940-a77a-929ab5dd008d,b1f39a7c-6c74-5df8-a775-cfe4b98df10e,455026e4-87f2-5f6a-a502-243be6d141ce,14,14,በስምንተኛው ቀን የሥጋውን ቍልፈት ያልተገረዘ፥ ያች ነፍስ ከወገንዋ ተለይታ ትጥፋ፤ ቃል ኪዳኔን አፍርሳለችና።”
6e697907-e64d-5ba4-a839-3f501561e53d,b1f39a7c-6c74-5df8-a775-cfe4b98df10e,455026e4-87f2-5f6a-a502-243be6d141ce,15,15,እግዚአብሔርም አብርሃምን አለው፥ “ሚስትህ ሦራ እንግዲህ ሦራ ተብላ አትጠራም፤ ስምዋ ‘ሣራ’ ይሆናል እንጂ።
4e69e56a-8d9a-5dc0-a60c-7dcd17e504cc,b1f39a7c-6c74-5df8-a775-cfe4b98df10e,455026e4-87f2-5f6a-a502-243be6d141ce,16,16,እባርካታለሁና፥ ከአንተም ልጆችን እሰጣታለሁና፤ አሕዛብና የአሕዛብ ነገሥታት ከእርስዋ ይወጣሉ።”
0d732e43-7559-54ff-abef-40f0aad246fc,b1f39a7c-6c74-5df8-a775-cfe4b98df10e,455026e4-87f2-5f6a-a502-243be6d141ce,17,17,አብርሃምም በግንባሩ ወደቀ፤ ሳቀም፤ በልቡም እንዲህ ብሎ አሰበ፥ “የመቶ ዓመት ሰው ስሆን በውኑ እኔ ልጅ እወልዳለሁን? ዘጠና ዓመት የሆናትም ሣራ ትወልዳለችን?”
81ae8595-f339-53a6-a4d0-0eeddcc0fef5,b1f39a7c-6c74-5df8-a775-cfe4b98df10e,455026e4-87f2-5f6a-a502-243be6d141ce,18,18,አብርሃምም እግዚአብሔርን አለው፥ “ይህ ይስማኤል ብቻ በፊትህ ይኖርልኝ ዘንድ አቤቱ፥ እማልድሃለሁ።”
069e331d-9cda-58cf-a9cc-1861cf7990f5,b1f39a7c-6c74-5df8-a775-cfe4b98df10e,455026e4-87f2-5f6a-a502-243be6d141ce,19,19,እግዚአብሔርም አብርሃምን አለው፥ “እሺ እነሆ፥ ሚስትህ ሣራ ወንድ ልጅን ትወልድልሃለች፤ ስሙንም ይስሐቅ ብለህ ትጠራዋለህ፤ ለእርሱና ከእርሱ በኋላ ለዘሩ አምላክ እሆን ዘንድ ቃል ኪዳኔን ለዘለዓለም ቃል ኪዳን ከእርሱ ጋር አቆማለሁ።
26434273-53fd-5997-ad2d-c87fc9b04d03,b1f39a7c-6c74-5df8-a775-cfe4b98df10e,455026e4-87f2-5f6a-a502-243be6d141ce,20,20,ስለ ይስማኤልም እነሆ፥ ሰምቼሃለሁ፤ እባርከዋለሁ፤ አበዛዋለሁ፤ እጅግም አበዛዋለሁ፤ ዐሥራ ሁለት አለቆችንም ይወልዳል፤ ታላቅ ሕዝብም አደርገዋለሁ።
9b2bc7d7-6210-5890-a889-0f28b0c4ef84,b1f39a7c-6c74-5df8-a775-cfe4b98df10e,455026e4-87f2-5f6a-a502-243be6d141ce,21,21,ቃል ኪዳኔን ግን በሚመጣው ዓመት በዚሁ ጊዜ ሣራ ከምትወልድልህ ከይስሐቅ ጋር አቆማለሁ።”
5fbcf11e-3388-5fef-ae82-1da31d0e52b7,b1f39a7c-6c74-5df8-a775-cfe4b98df10e,455026e4-87f2-5f6a-a502-243be6d141ce,22,22,እግዚአብሔርም ንግግሩን ከእርሱ ጋር በፈጸመ ጊዜ ከአብርሃም ተለይቶ ወጣ።
b39d9c6b-4bb5-5e5c-ad5d-68cd9a9c5267,b1f39a7c-6c74-5df8-a775-cfe4b98df10e,455026e4-87f2-5f6a-a502-243be6d141ce,23,23,አብርሃምም ልጁን ይስማኤልን፥ በቤቱም የተወለዱትን ሁሉ፥ በወርቅም የገዛውን ወንድ ሁሉ፥ ከቤተ ሰቡም ወንዶቹን ሁሉ ወሰደ። የሥጋቸውንም ቍልፈት እግዚአብሔር እንዳለው በዚያው ቀን ገረዘ።
e7453b8e-2e9e-5c1f-a590-c65db2d17695,b1f39a7c-6c74-5df8-a775-cfe4b98df10e,455026e4-87f2-5f6a-a502-243be6d141ce,24,24,አብርሃምም የሥጋውን ቍልፈት በተገረዘ ጊዜ ዘጠና ዘጠኝ ዓመት ሆኖት ነበረ፤
1adfd635-fde5-53db-ae06-79b2d38ba97a,b1f39a7c-6c74-5df8-a775-cfe4b98df10e,455026e4-87f2-5f6a-a502-243be6d141ce,25,25,ልጁ ይስማኤልም የሥጋውን ቍልፈት በተገረዘ ጊዜ ዐሥራ ሦስት ዓመት ሆኖት ነበረ።
1d50b3a7-3347-598b-a277-6438a947d7a4,b1f39a7c-6c74-5df8-a775-cfe4b98df10e,455026e4-87f2-5f6a-a502-243be6d141ce,26,26,በዚያም ቀን አብርሃም ተገረዘ፤ ልጁ ይስማኤልም።
90fa4ab0-3d5b-5111-a09b-65092d6fdb9f,b1f39a7c-6c74-5df8-a775-cfe4b98df10e,455026e4-87f2-5f6a-a502-243be6d141ce,27,27,በቤት የተወለዱትና በብር ከእንግዶች የተገዙት፥ የቤቱ ወንዶች ሁሉ ከእርሱ ጋር ተገረዙ።
9422d30c-6934-5dbc-ad44-87b64a3c4ef7,988f9fb2-8082-5f0a-a73b-ed8639dc0b25,11050ebb-98a3-5c54-a40e-22815bb532b6,1,1,በቀትርም ጊዜ አብርሃም በድንኳኑ ደጃፍ ተቀምጦ ሳለ እግዚአብሔር በመምሬ ዛፍ ሥር ተገለጠለት።
1adb5468-312e-576d-a831-29aa3b9a476c,988f9fb2-8082-5f0a-a73b-ed8639dc0b25,11050ebb-98a3-5c54-a40e-22815bb532b6,2,2,ዐይኑንም በአነሣ ጊዜ እነሆ፥ ሦስት ሰዎች በፊቱ ቆመው አየ፤ ባያቸውም ጊዜ ሊቀበላቸው ከድንኳኑ ደጃፍ ተነሥቶ ሮጠ፤ ወደ ምድርም ሰገደ፤
fe865a95-ee01-512e-a2c3-20ce128ba6ae,988f9fb2-8082-5f0a-a73b-ed8639dc0b25,11050ebb-98a3-5c54-a40e-22815bb532b6,3,3,እንዲህም አለ፥ “አቤቱ በፊትህስ ባለሟልነትን አግኝቼ እንደ ሆነ ባሪያህን አትለፈው፤
71cf1e88-159f-5b08-aa0c-67e98430a154,988f9fb2-8082-5f0a-a73b-ed8639dc0b25,11050ebb-98a3-5c54-a40e-22815bb532b6,4,4,ውኃ እናምጣላችሁ፤ እግራችሁንም እንጠባችሁ።
c0058c91-4a84-5866-a8b3-58880013187d,988f9fb2-8082-5f0a-a73b-ed8639dc0b25,11050ebb-98a3-5c54-a40e-22815bb532b6,5,5,ከዛፉም ሥር ዕረፉ፤ እንጀራም እናምጣላችሁና ብሉ፤ ከዚያም በባሪያችሁ ዘንድ ከአረፋችሁ በኋላ፥ ወደ ዐሰባችሁት ትሄዳላችሁ።” እነርሱም፥ “እንዳልህ እንዲሁ አድርግ” አሉት።
10dd8a6a-f8ed-54c8-a4cc-59ec07e20c4b,988f9fb2-8082-5f0a-a73b-ed8639dc0b25,11050ebb-98a3-5c54-a40e-22815bb532b6,6,6,አብርሃምም ወደ ድንኳን ወደ ሚስቱ ወደ ሣራ ፈጥኖ ገባና፥ “ሦስት መስፈሪያ የተሰለቀ ዱቄት ፈጥነሽ ለውሺ፤ እንጎቻም አድርጊ” አላት።
fbd9b224-19ba-5b47-a313-046b2438a95b,988f9fb2-8082-5f0a-a73b-ed8639dc0b25,11050ebb-98a3-5c54-a40e-22815bb532b6,7,7,አብርሃምም ወደ ላሞቹ ሮጠ፤ እጅግ የሰባም ታናሽ ጥጃ ያዘና ለብላቴናው ሰጠው፤ ያዘጋጅም ዘንድ ተቻኮለ።
2a9903a7-84eb-56bd-a6a7-17f4bce649cf,988f9fb2-8082-5f0a-a73b-ed8639dc0b25,11050ebb-98a3-5c54-a40e-22815bb532b6,8,8,እርጎና መዓር፥ ያን ያዘጋጀውንም ጥጃ አመጣ፤ በፊታቸውም አቀረበው፤ እርሱም ከዛፉ በታች በፊታቸው ቆሞ ያሳልፍላቸው ነበር፤ እነርሱም በሉ።
9bce6921-47f1-5cdb-a718-7dfd21723a5f,988f9fb2-8082-5f0a-a73b-ed8639dc0b25,0d578278-c6dc-549f-afc8-8c4dd0339a08,1,9,እርሱም፥ “ሚስትህ ሣራ ወዴት ናት?” አለው። እርሱም፥ “በድንኳኑ ውስጥ ናት” አለው።
ec2b89a2-94c0-55b5-a96c-d93c838b9e39,988f9fb2-8082-5f0a-a73b-ed8639dc0b25,0d578278-c6dc-549f-afc8-8c4dd0339a08,2,10,እርሱም፥ “የዛሬ ዓመት እንደ ዛሬው ወደ አንተ ተመልሼ እመጣለሁ፤ ሚስትህ ሣራም ልጅን ታገኛለች” አለ።
6ba06a40-8220-5fbf-abf3-b63870246dbd,988f9fb2-8082-5f0a-a73b-ed8639dc0b25,0d578278-c6dc-549f-afc8-8c4dd0339a08,3,11,ሣራም በድንኳኑ ደጃፍ በስተኋላው ቆማ ሳለች ይህን ሰማች። አብርሃምና ሣራም በዕድሜያቸው ሸምግለው ፈጽመው አርጅተው ነበር፤ በሴቶች የሚሆነውም ልማድ ከሣራ ተቋርጦ ነበር።
6da5319a-23b2-5935-a057-d2760115c5bf,988f9fb2-8082-5f0a-a73b-ed8639dc0b25,0d578278-c6dc-549f-afc8-8c4dd0339a08,4,12,ሣራም ለብቻዋ በልብዋ እንዲህ ስትል ሳቀች፥ “እስከ ዛሬ ገና ነኝን? ጌታዬም ፈጽሞ ሽምግሎአል።”
4971f3c8-3176-57ea-adbe-9e5eef0cfb1d,988f9fb2-8082-5f0a-a73b-ed8639dc0b25,0d578278-c6dc-549f-afc8-8c4dd0339a08,5,13,እግዚአብሔርም አብርሃምን አለው፥ “ሣራን ለብቻዋ በልብዋ ምን አሳቃት? እስከ ዛሬ ገና ነኝን? በእውነትስ እወልዳለሁን? ጌታዬም አርጅትዋል እነሆ፥ እኔም አርጅቻለሁ ብላለችና።
d2e2ace2-8986-5388-ab15-316cdb655497,988f9fb2-8082-5f0a-a73b-ed8639dc0b25,0d578278-c6dc-549f-afc8-8c4dd0339a08,6,14,በውኑ ለእግዚአብሔር የሚሳነው ነገር አለን? የዛሬ ዓመት እንደ ዛሬው ጊዜ ወደ አንተ እመለሳለሁ፤ ሣራም ልጅን ታገኛለች።”
1926b5c4-6719-5e11-a237-78e79f7ab684,988f9fb2-8082-5f0a-a73b-ed8639dc0b25,0d578278-c6dc-549f-afc8-8c4dd0339a08,7,15,ሣራም ስለ ፈራች “አልሳቅሁም” ብላ ካደች። እርሱም፥ “አይደለም፥ ሳቅሽ እንጂ” አላት።
dcc56bb1-6652-5be4-acec-a8ad8a18121c,988f9fb2-8082-5f0a-a73b-ed8639dc0b25,2ceeb04d-cca4-5cd4-aa6a-f3b5c17be311,1,16,እነዚያም ሰዎች ከዚያ ተነሥተው ወደ ሰዶምና ወደ ገሞራ አቀኑ፤ አብርሃምም ሊሸኛቸው አብሮአቸው ሄደ፤ አብርሃምም ተመልሶ በእግዚአብሔር ፊት ቆመ።
147c6bf5-0fb0-5f1f-aff9-2ab858db7e74,988f9fb2-8082-5f0a-a73b-ed8639dc0b25,2ceeb04d-cca4-5cd4-aa6a-f3b5c17be311,2,17,እግዚአብሔርም አለ፥ “እኔ የማደርገውን ከወዳጄ አብርሃም አልሰውርም፤
3ac7ee7b-e991-5b6f-a4ab-7533ad7eb1b9,988f9fb2-8082-5f0a-a73b-ed8639dc0b25,2ceeb04d-cca4-5cd4-aa6a-f3b5c17be311,3,18,አብርሃም በእውነት ታላቅና ብርቱ ሕዝብ ይሆናልና፤ የምድር ሕዝቦችም ሁሉ በእርሱ ይባረካሉና።
d1c73073-7abd-58db-a812-0e8fd67c1735,988f9fb2-8082-5f0a-a73b-ed8639dc0b25,2ceeb04d-cca4-5cd4-aa6a-f3b5c17be311,4,19,ጽድቅንና ፍርድን በማድረግ የእግዚአብሔርን መንገድ ይጠብቁ ዘንድ፥ ልጆቹንና ቤቱን ያዝዛቸው ዘንድ እንዳለው አውቃለሁና፤ ይህም እግዚአብሔር ለአብርሃም የተናገረውን ሁሉ ያደርግላቸው ዘንድ ነው።”
5e3cb92c-a3d1-5b23-ab7c-d5d9c48e276c,988f9fb2-8082-5f0a-a73b-ed8639dc0b25,2ceeb04d-cca4-5cd4-aa6a-f3b5c17be311,5,20,እግዚአብሔርም ለአብርሃም አለው፥ “የሰዶምና የገሞራ ጩኸት በእኔ ዘንድ በዛ፤ ኀጢአታቸውም እጅግ ከበደች፤
6deed7cf-6057-55de-a866-3ebfa0d0f4fc,988f9fb2-8082-5f0a-a73b-ed8639dc0b25,2ceeb04d-cca4-5cd4-aa6a-f3b5c17be311,6,21,እንግዲህስ ወደ እኔ እንደ መጣች እንደ ጩኸቷ ይፈጽሙአት እንደ ሆነ አይ ዘንድ እወርዳለሁ፤ እንዲሁም ባይሆን አውቃለሁ።”
2e6b12d3-4d83-508b-a449-4ed1a1dd7ca8,988f9fb2-8082-5f0a-a73b-ed8639dc0b25,2ceeb04d-cca4-5cd4-aa6a-f3b5c17be311,7,22,ሰዎቹም ከዚያ በተመለሱ ጊዜ ወደ ሰዶም መጡ፤ አብርሃም ግን በእግዚአብሔር ፊት ገና ቆሞ ነበር።
162d715b-1e61-508d-aca7-56f8826a9a6a,988f9fb2-8082-5f0a-a73b-ed8639dc0b25,2ceeb04d-cca4-5cd4-aa6a-f3b5c17be311,8,23,አብርሃምም ቀረበ፤ አለም፥ “አቤቱ፥ ጻድቃንን ከኃጥኣን ጋር አታጥፋ፤ ጻድቁ እንደ ኃጥኡ አይሁን።
1bf88f6e-3dd2-54cb-ae2c-3996ebe0ab05,988f9fb2-8082-5f0a-a73b-ed8639dc0b25,2ceeb04d-cca4-5cd4-aa6a-f3b5c17be311,9,24,አምሳ ጻድቃን በከተማዪቱ ውስጥ ቢገኙ በውኑ ሁሉን ታጠፋለህን? ከተማዪቱንስ በእርስዋ ስለሚገኙ አምሳ ጻድቃን አትምርምን?
ed8e3d71-f7e6-5969-a053-f0838504d88f,988f9fb2-8082-5f0a-a73b-ed8639dc0b25,2ceeb04d-cca4-5cd4-aa6a-f3b5c17be311,10,25,አቤቱ ይህ ለአንተ አግባብ አይደለም፤ ይህን ነገር አታድርግ፤ ጻድቃንን ከኃጥኣን ጋር አታጥፋ፤ ምድርን ሁሉ የምትገዛ ይህን ፍርድ ታደርግ ዘንድ ለአንተ አግባብ አይደለም።”
681c1921-57d6-5601-a041-9e59df571262,988f9fb2-8082-5f0a-a73b-ed8639dc0b25,2ceeb04d-cca4-5cd4-aa6a-f3b5c17be311,11,26,እግዚአብሔርም አብርሃምን አለው፥ “በሰዶም ከተማ ውስጥ አምሳ ጻድቃን ባገኝ ከተማውን ሁሉ ስለ እነርሱ አድናለሁ።”
53186bca-4f42-5866-afec-38b5499310a2,988f9fb2-8082-5f0a-a73b-ed8639dc0b25,2ceeb04d-cca4-5cd4-aa6a-f3b5c17be311,12,27,አብርሃምም መለሰ፤ አለም፥ “እኔ አፈርና አመድ ስሆን ከጌታዬ ከእግዚአብሔር ጋር እናገር ዘንድ አሁን ጀመርሁ፤
de929ead-c23c-519b-aaa2-d164e4c16498,988f9fb2-8082-5f0a-a73b-ed8639dc0b25,2ceeb04d-cca4-5cd4-aa6a-f3b5c17be311,13,28,ከእነዚያ አምሳ ጻድቃን አምስት ቢጐድሉ ከተማዪቱን ሁሉ በጐደሉት በአምስቱ ምክንያት ታጠፋለህን?” እግዚአብሔርም፥ “ከዚያ አርባ አምስት ባገኝ ስለ እነርሱ አላጠፋትም” አለው።
a8eb33ec-e405-5636-a294-009aa09dbb20,988f9fb2-8082-5f0a-a73b-ed8639dc0b25,2ceeb04d-cca4-5cd4-aa6a-f3b5c17be311,14,29,አብርሃምም አለው፥ “ከዚያ አርባ ቢገኙሳ?” እግዚአብሔርም፥ “ለአርባው ስል አላጠፋትም” አለው።
72563dfc-bece-59ee-ae04-b220b60e2728,988f9fb2-8082-5f0a-a73b-ed8639dc0b25,2ceeb04d-cca4-5cd4-aa6a-f3b5c17be311,15,30,አብርሃምም እንደገና ነገሩን ደገመ፤ እንዲህም አለው፥ “ከዚያ ሠላሳ ቢገኙሳ?” እርሱም፥ “ስለ ሠላሳው አላጠፋትም” አለው።
2a0be539-67b8-54fe-a117-63ccd49ad157,988f9fb2-8082-5f0a-a73b-ed8639dc0b25,2ceeb04d-cca4-5cd4-aa6a-f3b5c17be311,16,31,ደግሞም፥ “እነሆ፥ ከጌታዬ ከእግዚአብሔር ጋር እነጋገር ዘንድ ባለሟልነትን ካገኘሁ ከዚያ ሃያ ቢገኙሳ?” አለው። እርሱም፥ “ስለ ሃያው አላጠፋትም” አለው።
4e8bf10d-9d2b-5ae9-a5f8-aafa497899d0,988f9fb2-8082-5f0a-a73b-ed8639dc0b25,2ceeb04d-cca4-5cd4-aa6a-f3b5c17be311,17,32,አብርሃምም አለው፥ “አቤቱ እንደገና እናገር ዘንድ ፍቀድልኝ፤ ከዚያ ዐሥር ቢገኙሳ?” እርሱም፥ “ስለ ዐሥሩ አላጠፋትም” አለው።
13f400c6-14c3-53c6-a06d-4a539eff68f1,988f9fb2-8082-5f0a-a73b-ed8639dc0b25,2ceeb04d-cca4-5cd4-aa6a-f3b5c17be311,18,33,እግዚአብሔርም ከአብርሃም ጋር ንግግሩን በጨረሰ ጊዜ ሄደ፤ አብርሃምም ወደ ስፍራው ተመለሰ።
ed9e058e-e8a3-5f87-ace4-6de82ae8fcd4,c7e21055-ce73-554a-adaf-d88db32408a3,dfd6b19b-bd30-52c0-af68-8e4db7f81ce6,1,1,ሁለቱም መላእክት በመሸ ጊዜ ወደ ሰዶም ደረሱ፤ ሎጥም በሰዶም ከተማ በር ተቀምጦ ነበር። ሎጥም ባያቸው ጊዜ ሊቀበላቸው ተነሣ፤ ፊቱንም ወደ ምድር ደፍቶ ሰገደላቸው፤
d99b4dab-3cfd-54a0-a819-e45394d80438,c7e21055-ce73-554a-adaf-d88db32408a3,dfd6b19b-bd30-52c0-af68-8e4db7f81ce6,2,2,አላቸውም፥ “ጌቶች ሆይ፥ ወደ ባሪያችሁ ቤት ገብታችሁ እደሩ፤ እግራችሁንም ታጠቡ፤ ነገም ማልዳችሁ መንገዳችሁን ትሄዳላችሁ።” እነርሱም፥ “በአደባባዩ እናድራለን እንጂ፥ አይሆንም” አሉት።
079aea55-408a-5532-af9c-0d3daeb63dee,c7e21055-ce73-554a-adaf-d88db32408a3,dfd6b19b-bd30-52c0-af68-8e4db7f81ce6,3,3,እርሱም ግድ አላቸው፤ ወደ እርሱም አቀኑ፤ ወደ ቤቱም ገቡ፤ ቂጣንም አስጋገረላቸው፤ እነርሱም በሉ።
4de61a65-a5e6-588a-a68e-62925217884e,c7e21055-ce73-554a-adaf-d88db32408a3,dfd6b19b-bd30-52c0-af68-8e4db7f81ce6,4,4,ገና ሳይተኙም የዚያች ከተማ ሰዎች፥ ታናሹም፥ ታላቁም ቤቱን በአንድነት ከበቡት።
ebc0e74f-487d-5caa-a8a5-37910399a41d,c7e21055-ce73-554a-adaf-d88db32408a3,dfd6b19b-bd30-52c0-af68-8e4db7f81ce6,5,5,ሎጥንም ጠርተው እንዲህ አሉት፥ “በሌሊት ወደ አንተ የገቡት ሰዎች ወዴት ናቸው? እናውቃቸው ዘንድ ወደ እኛ አውጣቸው።”
e9d47778-bff5-560c-a1df-0bb7d07eb57b,c7e21055-ce73-554a-adaf-d88db32408a3,dfd6b19b-bd30-52c0-af68-8e4db7f81ce6,6,6,ሎጥም ወደ እነርሱ ወደ ደጅ ፊት ለፊት ወጣ፤ መዝጊያውንም በስተኋላው ዘጋው፤
810ee370-afdd-5ac3-a2d7-2a37048cee87,c7e21055-ce73-554a-adaf-d88db32408a3,dfd6b19b-bd30-52c0-af68-8e4db7f81ce6,7,7,እንዲህም አላቸው፥ “ወንድሞች ሆይ፥ ለእናንተ አግባባችሁ አይደለም፤ በእነዚህ ላይ ክፉ አታድርጉ፤
fed6c8de-160c-506b-a918-545d0558858c,c7e21055-ce73-554a-adaf-d88db32408a3,dfd6b19b-bd30-52c0-af68-8e4db7f81ce6,8,8,እነሆ፥ ወንድን ያላወቁ ሁለት ሴቶች ልጆች አሉኝ፤ እነርሱን ላውጣላችሁ፤ እንደ ወደዳችሁም አድርጉአቸው፤ በእነዚህ ሰዎች ብቻ ምንም በደል አታድርጉ፤ እነርሱ በቤቴ ጥላ ሥር ገብተዋልና።”
5cf7bcc3-6b80-5d99-a9b0-fdcf757c9cd8,c7e21055-ce73-554a-adaf-d88db32408a3,dfd6b19b-bd30-52c0-af68-8e4db7f81ce6,9,9,እነርሱም፥ “ወዲያ ሂድ፤ ከእኛ ጋር ልትኖር መጣህ እንጂ ልትገዛን አይደለም፤ አሁንም ከእነርሱ ይልቅ አንተን እናሠቃይሃለን” አሉት።
77bb2e08-addb-5105-a93b-307250a19acc,c7e21055-ce73-554a-adaf-d88db32408a3,dfd6b19b-bd30-52c0-af68-8e4db7f81ce6,10,10,እጅግም ተጋፉት፤ የደጁንም መዝጊያ ለመስበር ቀረቡ። እነዚያም ሰዎች እጃቸውን ዘርግተው ሎጥን ወደ እነርሱ ዘንድ ወደ ቤት ስበው አገቡት፤ መዝጊያውንም ዘጉት።
45396615-31b9-56bd-a5e6-9cab471697f1,c7e21055-ce73-554a-adaf-d88db32408a3,dfd6b19b-bd30-52c0-af68-8e4db7f81ce6,11,11,በቤቱ ደጃፍ የነበሩትንም ሰዎች ከታናሻቸው ጀምሮ እስክ ታላቃቸው ድረስ ዐይናቸውን አሳወሩአቸው፤ ደጃፉንም ሲፈልጉ ደከሙ፤ አጡትም።
1bc2b60f-7e86-5042-ae61-87d7b71d7467,c7e21055-ce73-554a-adaf-d88db32408a3,15247f40-b23f-5494-a238-7b6a60f829a7,1,12,እነዚያም መላእክት ሎጥን አሉት፥ “ከዚህ ሌላ ማን አለህ? አማችም ቢሆን፥ ወንድ ልጅም ቢሆን፥ ሴት ልጅም ብትሆን፥ በዚህ ከተማ የምታውቀው ወዳጅ ቢኖርህ ያለህን ሁሉ ከዚህ ስፍራ አስወጣቸው፤
94b2784e-33b3-51c1-a482-263398cb3f95,c7e21055-ce73-554a-adaf-d88db32408a3,15247f40-b23f-5494-a238-7b6a60f829a7,2,13,እኛ ይህችን ስፍራ እናጠፋታለንና፥ ጩኸታቸው በእግዚአብሔር ፊት ትልቅ ሆኖአልና፤ እናጠፋትም ዘንድ እግዚአብሔር ልኮናል።”
15f337de-f1ff-50fa-ad7f-5f1f97284f06,c7e21055-ce73-554a-adaf-d88db32408a3,15247f40-b23f-5494-a238-7b6a60f829a7,3,14,ሎጥም ወጣ፤ ልጆቹን ለሚያገቡት ለአማቾቹም አላቸው፥ “ተነሡ፤ ከዚች ስፍራ ውጡ፤ እግዚአብሔር ይህችን ከተማ ያጠፋታልና።” ለአማቾቹ ግን የሚያፌዝባቸው መሰላቸው።
0528da40-1961-53bc-af67-10eb1f33859c,c7e21055-ce73-554a-adaf-d88db32408a3,15247f40-b23f-5494-a238-7b6a60f829a7,4,15,ጎህም በቀደደ ጊዜ መላእክት ሎጥን፥ “ተነሣ፤ ሚስትህንና ከዚህ ያሉትን ሁለቱን ሴቶች ልጆችህን ውሰድ፤ አንተም በከተማዪቱ ሰዎች ኀጢአት እንዳትጠፋ” እያሉ ያስቸኩሉት ነበር።
e3518523-82a1-5100-af18-3820fba339e4,c7e21055-ce73-554a-adaf-d88db32408a3,15247f40-b23f-5494-a238-7b6a60f829a7,5,16,እርሱም በዘገየ ጊዜ እነዚያ መላእክት የእርሱን እጅ፥ የሚስቱንም እጅ፥ የሁለቱን ሴቶች ልጆቹንም እጅ ይዘው አወጡአቸው፤ እግዚአብሔር ራርቶላቸዋልና።
acc4db8b-c4c9-5838-a430-8cc2af60779c,c7e21055-ce73-554a-adaf-d88db32408a3,15247f40-b23f-5494-a238-7b6a60f829a7,6,17,ወደ ሜዳም በወጡ ጊዜ እንዲህ አሉት፥ “ራስህን አድን፤ ወደ ኋላም አትመልከት፤ አንተንም መከራ እንዳታገኝህ በዚች ሀገር በዳርቻዋና በተራራዋ አትቁም።”
560cbd12-74dd-5766-aef3-9ddbe930059c,c7e21055-ce73-554a-adaf-d88db32408a3,15247f40-b23f-5494-a238-7b6a60f829a7,7,18,ሎጥም አላቸው፥ “ጌቶች ሆይ፥ በጀ በሉኝ፤
9fdffdc4-7293-5e04-a37e-e9ad4a725a78,c7e21055-ce73-554a-adaf-d88db32408a3,15247f40-b23f-5494-a238-7b6a60f829a7,8,19,እነሆ፥ ባሪያህ በፊትህ ምሕረትን አግኝቼ እንደሆነ፥ ሰውነቴንም ታድናት ዘንድ፥ ቸርነትህን አብዝተህልኝ እንደ ሆነ፥ መከራ አግኝቶኝ እንዳልጠፋ ወደ ተራራ ሸሽቼ ራሴን ማዳን አልችልም።
aa0ea83f-3295-50b4-a9fe-ff73ca869b68,c7e21055-ce73-554a-adaf-d88db32408a3,15247f40-b23f-5494-a238-7b6a60f829a7,9,20,እነሆ፥ ይህች ከተማ ወደ እርስዋ ሸሽቶ ለማምለጥ ቅርብ ናት፤ እርስዋም ትንሽ ናት፤ ነፍሴን ለማዳን ወደ እርስዋ ሸሽቼ ራሴን ላድን፤ ሰውነቴም ከዳነች ትንሽ አይደለችም፤”
15caeea2-be10-56f6-ac32-2d6d9cb40ba5,c7e21055-ce73-554a-adaf-d88db32408a3,15247f40-b23f-5494-a238-7b6a60f829a7,10,21,እርሱም አለው፥ “ስለ እርስዋ የነገርኸኝን ያችን ከተማ እንዳላጠፋት እነሆ፥ እንዳልኸው ልመናህን ተቀብዬሃለሁ፤
d2288581-744c-524f-a29b-5786f8d944a5,c7e21055-ce73-554a-adaf-d88db32408a3,15247f40-b23f-5494-a238-7b6a60f829a7,11,22,እንግዲህ ፍጠንና በዚያ ራስህን አድን፤ ወደዚያ እስክትደርስ ድረስ ምንም አደርግ ዘንድ አልችልምና።” ስለዚህም የዚያች ከተማ ስም ሴጎር ተባለ።
35fcf959-7d44-554f-abd6-23805dd591ca,c7e21055-ce73-554a-adaf-d88db32408a3,3c8e1a93-5070-57c1-a409-bee67a94fc85,1,23,ፀሐይ በምድር ላይ ወጣች፤ ሎጥም ወደ ሴጎር ገባ።
6b0bbbfe-c15e-5bcb-a0af-501e28157ee9,c7e21055-ce73-554a-adaf-d88db32408a3,3c8e1a93-5070-57c1-a409-bee67a94fc85,2,24,እግዚአብሔርም በሰዶምና በገሞራ ላይ ከእግዚአብሔር ዘንድ ከሰማይ እሳትና ዲን አዘነበ፤
6804e1bd-5400-53b1-af5a-f70ed27e7921,c7e21055-ce73-554a-adaf-d88db32408a3,3c8e1a93-5070-57c1-a409-bee67a94fc85,3,25,እነዚያንም ከተሞች፥ በዙሪያቸው ያለውንም ሁሉ፥ በከተሞችም የሚኖሩትን ሁሉ፥ የምድሩንም ቡቃያ ሁሉ ገለበጠ።
02d05fd8-833d-548b-a3fd-ce92d6353629,c7e21055-ce73-554a-adaf-d88db32408a3,3c8e1a93-5070-57c1-a409-bee67a94fc85,4,26,የሎጥም ሚስት ወደ ኋላዋ ተመለከተች፤ የጨው ሐውልትም ሆነች።
13e170c8-cbdf-5bfb-ad8a-f0a81de8db07,c7e21055-ce73-554a-adaf-d88db32408a3,3c8e1a93-5070-57c1-a409-bee67a94fc85,5,27,አብርሃምም በእግዚአብሔር ፊት ቆሞ ወደ ነበረበት ስፍራ ለመሄድ ማልዶ ተነሣ፤
8d645fa1-02cd-5854-acfb-1cb2c24b7b07,c7e21055-ce73-554a-adaf-d88db32408a3,3c8e1a93-5070-57c1-a409-bee67a94fc85,6,28,ወደ ሰዶምና ገሞራ፥ ወደ አውራጃዎችዋም ሁሉ ተመለከተ፤ እነሆም፥ ነበልባል ከምድር እንደ ምድጃ ጢስ ሲወጣ አየ።
9f2fc6d5-bca0-57b0-af0d-4b92ce7105d3,c7e21055-ce73-554a-adaf-d88db32408a3,3c8e1a93-5070-57c1-a409-bee67a94fc85,7,29,እግዚአብሔርም እነዚያን ከተሞችና ሎጥ የሚኖርባቸውን አውራጃዎችዋን ሁሉ ባጠፋ ጊዜ አብርሃምን ዐሰበው፤ ሎጥንም ከጥፋት መካከል አወጣው።
59175231-08bf-582b-a1cf-d303697b6282,c7e21055-ce73-554a-adaf-d88db32408a3,dc288cd5-21d3-5adc-aa11-8593ff437e1e,1,30,ሎጥም ከሴጎር ወጣ፤ ከሁለቱም ሴቶች ልጆቹ ጋር በተራራ ተቀመጠ፤ በሴጎር መቀመጥን ፈርቶአልና እርሱና ሁለቱ ሴቶች ልጆቹ በዋሻ ተቀመጡ።
9ab0c35f-c46f-5ed3-a63c-3ee39af3ccd1,c7e21055-ce73-554a-adaf-d88db32408a3,dc288cd5-21d3-5adc-aa11-8593ff437e1e,2,31,ታላቂቱም ታናሺቱን አለቻት፥ “አባታችን ሽማግሌ ነው፤ በምድርም ሁሉ እንዳለው ልማድ ሊገናኘን የሚችል ሰው በምድር ላይ የለም።
48e06712-ae69-5ec8-ab7e-1317c8a598c7,c7e21055-ce73-554a-adaf-d88db32408a3,dc288cd5-21d3-5adc-aa11-8593ff437e1e,3,32,ነዪ፥ አባታችንን ወይን እናጠጣውና ከእርሱ ጋር እንተኛ፤ ከአባታችንም ዘር እናስቀር።”
858eaed6-736c-51ec-a750-78158ebd60f6,c7e21055-ce73-554a-adaf-d88db32408a3,dc288cd5-21d3-5adc-aa11-8593ff437e1e,4,33,በዚያችም ሌሊት አባታቸውን ወይን አጠጡት፤ ታላቂቱም ገባች፤ በዚያችም ሌሊት ከአባቷ ጋር ተኛች፤ እርሱም ስትተኛም፥ ስትነሣም አላወቀም።
85d32ddc-0ecd-5129-ad9c-8ef299add644,c7e21055-ce73-554a-adaf-d88db32408a3,dc288cd5-21d3-5adc-aa11-8593ff437e1e,5,34,በነጋውም ታላቂቱ ታናሺቱን አለቻት፥ “እነሆ፥ ትናንት ከአባቴ ጋር ተኛሁ፤ ዛሬ ሌሊት ደግሞ ወይን እናጠጣው፤ አንቺም ግቢና ከእርሱ ጋር ተኚ፤ ከአባታችንም ዘር እናስቀር።”
367a2bd0-a109-5c2a-a635-ae07e01ff9d5,c7e21055-ce73-554a-adaf-d88db32408a3,dc288cd5-21d3-5adc-aa11-8593ff437e1e,6,35,አባታቸውንም በዚያች ሌሊት ደግሞ ወይን አጠጡት፤ ታናሺቱም ገብታ ከአባቷ ጋር ተኛች፤ እርሱም ስትተኛም ስትነሣም አላወቀም።
44fa8a22-044e-59cd-af4d-91eafc1ed041,c7e21055-ce73-554a-adaf-d88db32408a3,dc288cd5-21d3-5adc-aa11-8593ff437e1e,7,36,የሎጥም ሁለቱ ሴቶች ልጆች ከአባታቸው ፀነሱ።
9d1cefa4-3a59-597a-aeb7-c3042d49a815,c7e21055-ce73-554a-adaf-d88db32408a3,dc288cd5-21d3-5adc-aa11-8593ff437e1e,8,37,ታላቂቱም ወንድ ልጅ ወለደች፤ ስሙንም ሞዓብ ብላ ጠራችው፤ ይህም ከአባቴ የወለድሁት ማለት ነው። እርሱም እስከ ዛሬ የሞዓባውያን አባት ነው።
3d0edd9d-86ae-5e37-add0-63d20473ec8d,c7e21055-ce73-554a-adaf-d88db32408a3,dc288cd5-21d3-5adc-aa11-8593ff437e1e,9,38,ታናሺቱም ደግሞ ወንድ ልጅ ወለደች፤ ስሙንም የወገኔ ልጅ ስትል አሞን ብላ ጠራችው፤ እርሱም እስከ ዛሬ የአሞናውያን አባት ነው።
ef54db41-a116-5c63-a569-9f095be46158,68684ecb-c7ce-5dc4-a902-a9e27e658e8d,04103e13-15eb-56f6-ac6f-65b34e973cbf,1,1,አብርሃምም ከዚያ ተነሥቶ ወደ አዜብ ምድር አቅጣጫ ሄደ፤ በቃዴስና በሱር መካከልም ኖረ፤ በጌራራም በእንግድነት ተቀመጠ።
c668d46c-d6af-5425-aac7-e24544f089d9,68684ecb-c7ce-5dc4-a902-a9e27e658e8d,04103e13-15eb-56f6-ac6f-65b34e973cbf,2,2,አብርሃምም ሚስቱን ሣራን “እኅቴ ናት” አላቸው፤ የከተማዪቱ ሰዎች ስለ እርስዋ እንዳይገድሉት “ሚስቴ” ናት ማለትን ፈርቶአልና፤ የጌራራ ንጉሥ አቤሜሌክም ላከና ሣራን ወሰዳት።
05ccf7ff-42b0-5db6-a66e-6844981f8c25,68684ecb-c7ce-5dc4-a902-a9e27e658e8d,04103e13-15eb-56f6-ac6f-65b34e973cbf,3,3,በዚያች ሌሊትም አቤሜሌክ ተኝቶ ሳለ እግዚአብሔር በሕልም ወደ እርሱ መጣ፤ እንዲህም አለው፥ “እነሆ፥ አንተ ስለ ወሰድሃት ሴት ትሞታለህ፤ እርስዋ ባለ ባል ናትና።”
a417e810-ce65-539b-a604-84aec7fa89f4,68684ecb-c7ce-5dc4-a902-a9e27e658e8d,04103e13-15eb-56f6-ac6f-65b34e973cbf,4,4,አቤሜሌክ ግን አልቀረባትም ነበር፤ አቤሜሌክም እንዲህ አለ፥ “አቤቱ ያላወቀውን ሕዝብ በእውነት ታጠፋለህን?
6c7e84b5-e2f7-5f0e-a11d-9a28891ad5b6,68684ecb-c7ce-5dc4-a902-a9e27e658e8d,04103e13-15eb-56f6-ac6f-65b34e973cbf,5,5,እኅቴ ናት ያለኝ እርሱ አይደለምን? እርስዋ ደግሞ ራስዋ ወንድሜ ነው አለች፤ በልቤ ቅንነትና በእጄ ንጹሕነት ይህን አደረግሁት።”
bc705a02-aa9c-56a5-ab22-921f0c6ebfb2,68684ecb-c7ce-5dc4-a902-a9e27e658e8d,04103e13-15eb-56f6-ac6f-65b34e973cbf,6,6,እግዚአብሔርም በሕልም አለው፥ “ይህን በልብህ ቅንነት እንዳደረግህ እኔ ዐወቅሁ፤ እኔም ደግሞ በፊቴ ኀጢአትን እንዳትሠራ ጠበቅሁህ፤ ስለዚህም ትቀርባት ዘንድ አልተውሁህም።
99df889f-4744-55bb-a00f-c49270478c81,68684ecb-c7ce-5dc4-a902-a9e27e658e8d,04103e13-15eb-56f6-ac6f-65b34e973cbf,7,7,አሁንም የሰውየውን ሚስት መልስ፤ ነቢይ ነውና፥ ስለ አንተም ይጸልያል፤ ትድናለህም። ባትመልሳት ግን አንተ እንድትሞት፥ ለአንተ የሆነውም ሁሉ እንዲሞት በርግጥ ዕወቅ።”
dfdf105c-c673-5083-a34f-1cb53f439707,68684ecb-c7ce-5dc4-a902-a9e27e658e8d,04103e13-15eb-56f6-ac6f-65b34e973cbf,8,8,አቤሜሌክም በጥዋት ተነሣ፤ ብላቴኖቹንም ሁሉ ጠራ፤ ይህንም ነገር ሁሉ በጆሮአቸው ተናገረ፤ ቤተ ሰዎቹም ሁሉ እግዚአብሔርን እጅግ ፈሩ።
f6131d52-564d-518c-a0d7-2d7d50823e3e,68684ecb-c7ce-5dc4-a902-a9e27e658e8d,04103e13-15eb-56f6-ac6f-65b34e973cbf,9,9,አቤሜሌክም አብርሃምን ጠርቶ አለው፥ “ይህ ያደረግህብን ምንድን ነው? ምንስ ክፉ ሠራሁብህ? በእኔና በመንግሥቴ ላይ ትልቅ ኀጢአት አውርደሃልና፤ ማንም የማያደርገው የማይገባ ሥራ በእኔ ሠራህብኝ።”
a1fd3c6d-37ea-5383-a01d-30a6384f6ecd,68684ecb-c7ce-5dc4-a902-a9e27e658e8d,04103e13-15eb-56f6-ac6f-65b34e973cbf,10,10,አቤሜሌክም አብርሃምን አለው፥ “ይህን ነገር ማድረግህ ምን አይተህ ነው?”
6c59f677-36f3-5e58-ada2-7bae58d076d5,68684ecb-c7ce-5dc4-a902-a9e27e658e8d,04103e13-15eb-56f6-ac6f-65b34e973cbf,11,11,አብርሃምም አለ፥ “ምንአልባት በዚህ ስፍራ እግዚአብሔርን መፍራት ስለሌለ በሚስቴ ምክንያት ይገድሉኛል ብዬ ነው።
a1d104ad-2931-5eb6-ae7e-77455faf8da3,68684ecb-c7ce-5dc4-a902-a9e27e658e8d,04103e13-15eb-56f6-ac6f-65b34e973cbf,12,12,እርስዋም ደግሞ በእናቴ ወገን አይደለችም እንጂ በእውነት በአባቴ ወገን እኅቴ ናት፤ ለእኔም ሚስት ሆነች።
87085576-0648-566c-a182-c89a0537697c,68684ecb-c7ce-5dc4-a902-a9e27e658e8d,04103e13-15eb-56f6-ac6f-65b34e973cbf,13,13,እግዚአብሔርም ከአባቴ ቤት ባወጣኝ ጊዜ አልኋት፥ ‘ይህን ጽድቅ አድርጊልኝ፤ በገባንበት ሀገር ሁሉ ወንድሜ ነው በዪ።’ ”
d9783ca9-6606-5357-acaa-75240b9561d7,68684ecb-c7ce-5dc4-a902-a9e27e658e8d,04103e13-15eb-56f6-ac6f-65b34e973cbf,14,14,አቤሜሌክም አንድ ሺህ ምዝምዝ ብርን በጎችንና ላሞችን፥ ወንዶችና ሴቶች ባሪያዎችን አመጣ፤ ለአብርሃምም ሰጠው፤ ሚስቱን ሣራንም መለሰለት።
4d1d8a09-2cab-5a8e-a6e6-8b815adf4fa4,68684ecb-c7ce-5dc4-a902-a9e27e658e8d,04103e13-15eb-56f6-ac6f-65b34e973cbf,15,15,አቤሜሌክም አብርሃምን አለው፥ “እነሆ፥ ምድሬ በፊትህ ናት፤ በወደድኸው ተቀመጥ።”
92b3b18a-be38-5d67-a120-fd6bda207377,68684ecb-c7ce-5dc4-a902-a9e27e658e8d,04103e13-15eb-56f6-ac6f-65b34e973cbf,16,16,ሣራንም አላት “እነሆ፥ ለወንድምሽ አንድ ሺህ ምዝምዝ ብር ሰጠሁት፤ ይህም ለፊትሽ ክብር ይሁንሽ፤ በሁሉም እውነትን ተናገራት።”
f9b9e056-9fd3-50a7-a34c-da8b5b598427,68684ecb-c7ce-5dc4-a902-a9e27e658e8d,04103e13-15eb-56f6-ac6f-65b34e973cbf,17,17,አብርሃምም ወደ እግዚዘብሔር ጸለየ፤ እግዚአብሔርም አቤሜሌክን፥ ሚስቱንም፥ ሴቶች ልጆቹንም፥ በቤቱ ውስጥ ያሉ ሴቶች አገልጋዮቹንም ፈወሳቸው፤ እነርሱም ወለዱ፤
a7d8247c-cfe4-5daf-ad36-3fb9a7823f61,68684ecb-c7ce-5dc4-a902-a9e27e658e8d,04103e13-15eb-56f6-ac6f-65b34e973cbf,18,18,እግዚአብሔር በአብርሃም ሚስት በሣራ ምክንያት በአቤሜሌክ ቤት ማኅፀኖችን ሁሉ በፍጹም ዘግቶ ነበርና።
f8b2b8b9-db1b-50b5-ab7d-8a1158dbda22,7ba9f22d-160e-5b8e-a551-575972887b84,b517b9ca-3107-55d3-ac8a-9488bf31f349,1,1,እግዚአብሔርም እንደ ተናገረው ሣራን ጐበኛት፤ እግዚአብሔርም እንደ ተናገረው ለሣራ አደረገላት።
d4753efe-ddb4-540c-ac0c-87f8429d8607,7ba9f22d-160e-5b8e-a551-575972887b84,b517b9ca-3107-55d3-ac8a-9488bf31f349,2,2,ሣራም ፀነሰች፤ እግዚአብሔርም በተናገረው ወራት ለአብርሃም በእርጅናዋ ወንድ ልጅን ወለደችለት።
c4f87431-72d1-51be-a855-6b1e42f2a6bd,7ba9f22d-160e-5b8e-a551-575972887b84,b517b9ca-3107-55d3-ac8a-9488bf31f349,3,3,አብርሃምም ሣራ የወለደችለትን የልጁን ስም ይስሐቅ ብሎ ጠራው።
e0e66d3d-787e-570b-a023-90484c799d91,7ba9f22d-160e-5b8e-a551-575972887b84,b517b9ca-3107-55d3-ac8a-9488bf31f349,4,4,አብርሃምም ልጁን ይስሐቅን እግዚአብሔር እንዳዘዘው በስምንተኛው ቀን ገረዘው።
40876531-f2bb-5e4f-a9ad-6587f52a0a27,7ba9f22d-160e-5b8e-a551-575972887b84,b517b9ca-3107-55d3-ac8a-9488bf31f349,5,5,አብርሃምም ልጁ ይስሕቅ በተወለደለት ጊዜ መቶ ዓመቱ ነበረ።
57c1d6ab-9630-58e6-a18a-09e5c1fb5742,7ba9f22d-160e-5b8e-a551-575972887b84,b517b9ca-3107-55d3-ac8a-9488bf31f349,6,6,ሣራም፥ “እግዚአብሔር ደስ አሰኘኝ፤ ይህን የሚሰማ ሁሉ በእኔ ምክንያት ደስ ይሰኛልና” አለች።
f6cdd2f1-2bab-5b14-a908-70f289212477,7ba9f22d-160e-5b8e-a551-575972887b84,b517b9ca-3107-55d3-ac8a-9488bf31f349,7,7,ደግሞም ሣራ “በእርጅናዋ የወለደችውን ሕፃን እንድታጠባ ለአብርሃም ማን በነገረው?” አለች።
a9295edd-d684-511a-a00a-02f7d960259c,7ba9f22d-160e-5b8e-a551-575972887b84,b517b9ca-3107-55d3-ac8a-9488bf31f349,8,8,ሕፃኑም አደገ፤ ጡትንም አስጣሉት፤ አብርሃምም ይስሐቅን ጡት ባስጣለበት ቀን ትልቅ ግብዣን አደረገ።
8c0a11d6-0cc8-51a2-a62a-6ce03825c1c7,7ba9f22d-160e-5b8e-a551-575972887b84,5210a11c-1bdb-56e2-aa22-766c38132c26,1,9,ሣራም ግብፃዊቱ አጋር ለአብርሃም የወለደችለትን ልጅ ይስማኤልን ከልጅዋ ከይስሐቅ ጋር ሲጫወት አየችው።
4e908b41-7b89-51c1-aa68-4f8c49ffa6b6,7ba9f22d-160e-5b8e-a551-575972887b84,5210a11c-1bdb-56e2-aa22-766c38132c26,2,10,ሣራም አብርሃምን አለችው፥ “ይህችን ባሪያ ከነልጅዋ አባርራት፤ የዚህች ባሪያ ልጅ ከልጄ ከይስሐቅ ጋር አይወርስምና።”
58db7a13-ee2e-5b73-a251-419066789eb1,7ba9f22d-160e-5b8e-a551-575972887b84,5210a11c-1bdb-56e2-aa22-766c38132c26,3,11,ይህም ነገር በአብርሃም ዘንድ ስለ ልጁ እጅግ ችግር ሆነበት።
09f7bf29-3de6-50df-aff4-081532eef908,7ba9f22d-160e-5b8e-a551-575972887b84,5210a11c-1bdb-56e2-aa22-766c38132c26,4,12,እግዚአብሔርም አብርሃምን አለው፥ “ስለዚች አገልጋይህና ስለ ሕፃኑ አትዘን፤ ሣራም የምትነግርህን ቃል ሁሉ ስማ፤ በይስሐቅ ዘር ይጠራልሃልና።
6fb39f1b-2502-5508-a04f-97708ca8047b,7ba9f22d-160e-5b8e-a551-575972887b84,5210a11c-1bdb-56e2-aa22-766c38132c26,5,13,የባሪያዪቱን ልጅ ደግሞ ታላቅ ሕዝብ አደርገዋለሁ፤ ዘርህ ነውና።”
0897a471-fa8b-5106-af5f-e7564b8d8212,7ba9f22d-160e-5b8e-a551-575972887b84,5210a11c-1bdb-56e2-aa22-766c38132c26,6,14,አብርሃምም ማልዶ ተነሣ፤ እንጀራንም ወሰደ፤ የውኃ አቍማዳንም ለአጋር በትከሻዋ አሸከማት፤ ሕፃኑንም ሰጥቶ አስወጣት፤ እርስዋም ሄደች፤ በዐዘቅተ መሐላም በኩል ባለው ምድረ በዳ ተቅበዘበዘች።
bc506c30-cbb3-5de4-a638-6d031d06c23c,7ba9f22d-160e-5b8e-a551-575972887b84,5210a11c-1bdb-56e2-aa22-766c38132c26,7,15,ውኃውም ከአቍማዳው አለቀ፤ ሕፃኑንም ከአንድ ቍጥቋጦ ሥር ጥላው ሄደች፤
6791d314-7d2b-5449-abaa-d3185b96b7f7,7ba9f22d-160e-5b8e-a551-575972887b84,5210a11c-1bdb-56e2-aa22-766c38132c26,8,16,ልጄ ሲሞት አላየውም ብላ ቀስት ተወርውሮ የሚደርስበትን ያህል ርቃ በአንጻሩ እየተመለከተች፥ ፊት ለፊት ተቀመጠች፤ ቃልዋንም አሰምታ አለቀሰች።
d5314a51-3c0c-505a-a45d-ee4866e94da1,7ba9f22d-160e-5b8e-a551-575972887b84,5210a11c-1bdb-56e2-aa22-766c38132c26,9,17,እግዚአብሔርም የሕፃኑን ጩኸት ሰማ፤ የእግዚአብሔርም መልአክ ከሰማይ አጋርን እንዲህ ሲል ጠራት፥ “አጋር ሆይ፥ ምን ሆንሽ? እግዚአብሔር የልጅሽን ድምፅ ባለበት ስፍራ ሰምቶአልና አትፍሪ።
8bd2a260-d352-5d24-aeba-6a1aa29bebc0,7ba9f22d-160e-5b8e-a551-575972887b84,5210a11c-1bdb-56e2-aa22-766c38132c26,10,18,ተነሺ፤ ልጅሽንም አንሺ፤ በእጅሽም አጽኚው፤ ትልቅ ሕዝብ አደርገዋለሁና።”
6b49a219-98c6-5ee8-ab4f-70ff8b6d041e,7ba9f22d-160e-5b8e-a551-575972887b84,5210a11c-1bdb-56e2-aa22-766c38132c26,11,19,እግዚአብሔርም ለአጋር ዐይንዋን ከፈተላት፤ የውኃ ጕድጓድንም አየች፤ ሄዳም አቍማዳውን በውኃ ሞላች፤ ልጅዋንም አጠጣችው።
39cd434b-7fae-5342-a80d-b3d9e6a153a5,7ba9f22d-160e-5b8e-a551-575972887b84,5210a11c-1bdb-56e2-aa22-766c38132c26,12,20,እግዚአብሔርም ከዚያ ሕፃን ጋር ነበረ፤ አደገም፤ በምድረ በዳም ተቀመጠ፤ ቀስተኛም ሆነ።
a16d73a2-f4ef-5bab-ad4d-ac9ecf6704fd,7ba9f22d-160e-5b8e-a551-575972887b84,5210a11c-1bdb-56e2-aa22-766c38132c26,13,21,በፋራን ምድረ በዳም ተቀመጠ፤ እናቱም ከምድረ ግብፅ ሚስት ወሰደችለት።
73c67cc4-7e8b-5d9c-a099-ed10e5fdb562,7ba9f22d-160e-5b8e-a551-575972887b84,f2e8d990-4766-5aeb-aff7-47e82aba5501,1,22,በዚያ ዘመን አቤሜሌክ፥ ሚዜው አኮዘትና የሠራዊቱ አለቃ ፋኮል ወደ አብርሃም ሄደው አሉት፥ “በምታደርገው ሁሉ እግዚአብሔር ከአንተ ጋር ነው፤
8e622f73-55ed-55c9-a2ae-3ffa923a09af,7ba9f22d-160e-5b8e-a551-575972887b84,f2e8d990-4766-5aeb-aff7-47e82aba5501,2,23,አሁንም በእኔም፥ በልጄም፥ በወገኔም፥ ከእኔም ጋር ባለ ክፉ እንዳታደርግብኝ በእግዚአብሔር ማልልኝ፤ ነገር ግን በእንግድነት መጥተህ ለአንተ ቸርነት እንዳደረግሁ አንተም ለእኔ፥ ለተቀምጥህባትም ምድር ቸርነትን ታደርጋለህ።”
04769a79-e102-5b1d-a2f6-cc33e1ccf8a5,7ba9f22d-160e-5b8e-a551-575972887b84,f2e8d990-4766-5aeb-aff7-47e82aba5501,3,24,አብርሃምም፥ “እሺ እኔ እምላለሁ” አለ።
ec6b81cf-8e16-5dfc-a18c-236a00eee803,7ba9f22d-160e-5b8e-a551-575972887b84,f2e8d990-4766-5aeb-aff7-47e82aba5501,4,25,አብርሃምም አቤሜሌክን ብላቴኖቹ በቀሙት በውኃ ጕድጓድ ምክንያት ወቀሰው።
8ab58f7a-7b52-57b2-a989-e2500afa2625,7ba9f22d-160e-5b8e-a551-575972887b84,f2e8d990-4766-5aeb-aff7-47e82aba5501,5,26,አቤሜሌክም አለ፥ “ይህን ነገር ማን እንዳደረገው አላወቅሁም፤ አንተም ደግሞ ምንም አልነገርኸኝም፤ እኔም ከዛሬ በቀር አልሰማሁም።”
55d6c462-5f2b-5c1e-a925-354568d3aaa9,7ba9f22d-160e-5b8e-a551-575972887b84,f2e8d990-4766-5aeb-aff7-47e82aba5501,6,27,አብርሃምም በጎችንና ላሞችን አምጥቶ ለአቤሜሌክ ሰጠው፤ ሁለቱም ቃል ኪዳን አደረጉ።
c1e84070-051a-5380-ad65-1ae19f1019ec,7ba9f22d-160e-5b8e-a551-575972887b84,f2e8d990-4766-5aeb-aff7-47e82aba5501,7,28,አብርሃምም ሰባ ቄቦች በጎችን ለብቻቸው አቆመ።
56e4475f-a578-56eb-aead-cba25b5e85fd,7ba9f22d-160e-5b8e-a551-575972887b84,f2e8d990-4766-5aeb-aff7-47e82aba5501,8,29,አቤሜሌክም አብርሃምን፥ “ለብቻቸው ያቆምሃቸው እነዚያ ሰባ ቄቦች በጎች ምንድን ናቸው?” አለው።
1fdec1c9-83c7-5519-ad4b-b9f62313cf18,7ba9f22d-160e-5b8e-a551-575972887b84,f2e8d990-4766-5aeb-aff7-47e82aba5501,9,30,እርሱም፥ “እኔ ይህችን የውኃ ጕድጓድ እንደቈፈርሁ ምስክር ይሆኑልኝ ዘንድ እነዚህን ሰባ ቄቦች በጎች ከእጄ ትወስዳለህ” አለው።
0126ab7e-e7c4-5779-a72b-2eaaf090dbd1,7ba9f22d-160e-5b8e-a551-575972887b84,f2e8d990-4766-5aeb-aff7-47e82aba5501,10,31,ስለዚህም ያን ጕድጓድ ዐዘቅተ መሐላ ብሎ ጠራው፤ በዚያ እርስ በርሳቸው ተማምለዋልና።
fac088ed-eff3-5da0-a8a8-660014c26c45,7ba9f22d-160e-5b8e-a551-575972887b84,f2e8d990-4766-5aeb-aff7-47e82aba5501,11,32,በዐዘቅተ መሐላ አጠገብም ቃል ኪዳንን አደረጉ። አቤሜሌክና ሚዜው አኮዞት፥ የሠራዊቱ አለቃ ፋኮልም ተነሥተው ወደ ፍልስጥኤም ምድር ተመለሱ።
264aa7a7-8f1b-507d-a8c6-bf88e55c66c1,7ba9f22d-160e-5b8e-a551-575972887b84,f2e8d990-4766-5aeb-aff7-47e82aba5501,12,33,አብርሃምም በዐዘቅተ መሐላ አጠገብ የተምር ዛፍን ተከለ፤ በዚያም የዘለዓለሙን አምላክ የእግዚአብሔርን ስም ጠራ።
964c04e6-181f-593a-aa95-ea80b55c5e8b,7ba9f22d-160e-5b8e-a551-575972887b84,f2e8d990-4766-5aeb-aff7-47e82aba5501,13,34,አብርሃምም በፍልስጥኤም ምድር ብዙ ቀን እንግዳ ሆኖ ተቀመጠ።
d444e9c9-c34f-597f-a213-329eb7dd1583,af72bca7-c42b-5275-a557-07e5cbe33a75,48dc4bf9-28bf-5aaf-afc0-13f90e9c345d,1,1,ከእነዚህም ነገሮች በኋላ እንዲህ ሆነ። እግዚአብሔር አብርሃምን ፈተነው፤ እንዲህም አለው፥ “አብርሃም! አብርሃም ሆይ፥” እርሱም፥ “እነሆ፥ አለሁ” አለ።
7c4c3a72-28bb-5644-ae41-6cc5689042be,af72bca7-c42b-5275-a557-07e5cbe33a75,48dc4bf9-28bf-5aaf-afc0-13f90e9c345d,2,2,“የምትወድደውን አንድ ልጅህን ይስሐቅን ይዘህ ወደ ከፍተኛው ተራራ ሂድ፤ እኔም በምነግርህ በአንድ ተራራ ላይ በዚያ መሥዋዕት አድርገህ ሠዋው” አለው።
48f63cd7-5519-58ef-acf3-62e04fc6d626,af72bca7-c42b-5275-a557-07e5cbe33a75,48dc4bf9-28bf-5aaf-afc0-13f90e9c345d,3,3,አብርሃምም በማለዳ ተነሥቶ አህያውን ጫነ፤ ሁለቱንም ሎሌዎቹንና ልጁን ይስሐቅን ከእርሱ ጋር ወሰደ፤ ዕንጨትንም ለመሥዋዕት ሰነጠቀ፤ ተነሥቶም እግዚአብሔር ወዳለው ቦታ ሄደ፤ በሦስተኛውም ቀን ደረሰ።
0f437aa1-a371-5b7b-a94b-f2c057d0e621,af72bca7-c42b-5275-a557-07e5cbe33a75,48dc4bf9-28bf-5aaf-afc0-13f90e9c345d,4,4,አብርሃምም ዐይኑን አነሣና ቦታውን ከሩቅ አየ።
34c0b81e-7037-50d2-a8ef-6d3e0ff668d0,af72bca7-c42b-5275-a557-07e5cbe33a75,48dc4bf9-28bf-5aaf-afc0-13f90e9c345d,5,5,አብርሃምም ሎሌዎቹን አላቸው፥ “አህያውን ይዛችሁ በዚህ ቈዩ፤ እኔና ልጄ ወደዚያ ተራራ ሄደን እንሰግዳለን፤ ሰግደንም ወደ እናንተ እንመለሳለን።”
d9d8e445-bed3-5441-a447-358ff885aac5,af72bca7-c42b-5275-a557-07e5cbe33a75,48dc4bf9-28bf-5aaf-afc0-13f90e9c345d,6,6,አብርሃምም የመሥዋዕቱን ዕንጨት አንሥቶ ለልጁ ለይስሐቅ አሸከመው፤ እርሱም እሳቱንና ቢላዋዉን በእጁ ያዘ፤ ሁለቱም አብረው ሄዱ።
25e4bba4-b3b9-5f0e-adb0-3c81899ed77d,af72bca7-c42b-5275-a557-07e5cbe33a75,48dc4bf9-28bf-5aaf-afc0-13f90e9c345d,7,7,ይስሐቅም አባቱን አብርሃምን ተናገረው፥ “አባቴ ሆይ፥” አለ፤ እርሱም፥ “ልጄ፥ ምንድን ነው?” አለው። “እሳቱና ዕንጨቱ ይኸው አለ፤ የመሥዋዕቱ በግ ግን ወዴት አለ?” አለው።
bf3fc77a-4e79-5fe9-ae1a-7175e9d5f140,af72bca7-c42b-5275-a557-07e5cbe33a75,48dc4bf9-28bf-5aaf-afc0-13f90e9c345d,8,8,አብርሃምም፥ “ልጄ ሆይ፥ የመሥዋዕቱን በግ እግዚአብሔር ያዘጋጃል” አለው፤ ሁለቱም አብረው ሄዱ።
bb2e647e-d1b5-5858-a127-3c4fda88d7f7,af72bca7-c42b-5275-a557-07e5cbe33a75,48dc4bf9-28bf-5aaf-afc0-13f90e9c345d,9,9,እግዚአብሔር ወዳለውም ወደዚያ ቦታ ደረሱ፤ አብርሃምም በዚያ መሠዊያዉን ሠራ፤ ዕንጨትንም ረበረበ፤ ልጁን ይስሐቅንም አስሮ በመሠዊያዉ በዕንጨቱ ላይ በልቡ አስተኛው።
5be9fc91-8481-5ce5-a4f7-012d3cdb8709,af72bca7-c42b-5275-a557-07e5cbe33a75,48dc4bf9-28bf-5aaf-afc0-13f90e9c345d,10,10,አብርሃምም እጁን ዘረጋ፤ ልጁንም ያርድ ዘንድ ቢላዋ አነሣ።
38c983f5-4a4f-5d6e-a6ea-fd9a7d906858,af72bca7-c42b-5275-a557-07e5cbe33a75,48dc4bf9-28bf-5aaf-afc0-13f90e9c345d,11,11,የእግዚአብሔር መልአክም ከሰማይ ጠራና፥ “አብርሃም! አብርሃም” አለው፤ እርሱም፥ “እነሆኝ” አለ።
a84e4e90-ca9b-5281-a9eb-ec7ac2834d05,af72bca7-c42b-5275-a557-07e5cbe33a75,48dc4bf9-28bf-5aaf-afc0-13f90e9c345d,12,12,እርሱም፥ “በብላቴናው ላይ እጅህን አትዘርጋ፤ አንዳችም አታድርግበት፤ ለምትውድደው ልጅህ ከእኔ አልራራህለትምና አንተ እግዚአብሔርን የምትፈራ እንደሆንህ አሁን ዐውቄአለሁ” አለው።
d9afa55f-5612-58f3-a0fa-489a38a6739b,af72bca7-c42b-5275-a557-07e5cbe33a75,48dc4bf9-28bf-5aaf-afc0-13f90e9c345d,13,13,አብርሃምም ዐይኖቹን አቅንቶ በተመለከተ ጊዜ፥ በኋላው እነሆ፥ አንድ በግ ቀንዶቹ በዕፀ ሳቤቅ ተይዞ አየ፤ አብርሃምም ሄዶ በጉን ወሰደው፤ በልጁ በይስሐቅ ፈንታም ሠዋው።
ff22b899-9a85-5542-a23c-b75ba81df1c5,af72bca7-c42b-5275-a557-07e5cbe33a75,48dc4bf9-28bf-5aaf-afc0-13f90e9c345d,14,14,አብርሃምም ዛሬ በዚህ ተራራ እግዚአብሔር ፈጽሞ ታየኝ ሲል ያን ቦታ “ራእየ እግዚአብሔር” ብሎ ጠራው።
57b49ce1-dff7-5d7a-a9d9-fb264f93fdc4,af72bca7-c42b-5275-a557-07e5cbe33a75,48dc4bf9-28bf-5aaf-afc0-13f90e9c345d,15,15,የእግዚአብሔር መልአክም አብርሃምን ከሰማይ ሁለተኛ ጊዜ ጠራው፤ እንዲህም አለው፦
01a90fff-fcd2-5152-ab3d-617cee6f3fcd,af72bca7-c42b-5275-a557-07e5cbe33a75,48dc4bf9-28bf-5aaf-afc0-13f90e9c345d,16,16,“እግዚአብሔር በራሴ ማልሁ ይላል፤ ይህን ነገር አድርገሃልና፥ ለምትወድደው ልጅህም ከእኔ አልራራህምና መባረክን እባርክሃለሁ፤
25a11473-ae1f-50da-a410-c4821b31f6bb,af72bca7-c42b-5275-a557-07e5cbe33a75,48dc4bf9-28bf-5aaf-afc0-13f90e9c345d,17,17,ዘርህንም እንደ ሰማይ ከዋክብትና በባሕር ዳር እንዳለ አሸዋ ፈጽሞ አበዛዋለሁ፤ ዘርህም የጠላት ሀገሮችን ይወርሳሉ፤
842b8d78-5752-5354-af2d-aa8f8f4ab8cc,af72bca7-c42b-5275-a557-07e5cbe33a75,48dc4bf9-28bf-5aaf-afc0-13f90e9c345d,18,18,የምድር አሕዛብ ሁሉም በዘርህ ይባረካሉ፤ ቃሌን ሰምተሃልና።”
7fb50087-caab-5b12-a720-fc87e98cae75,af72bca7-c42b-5275-a557-07e5cbe33a75,48dc4bf9-28bf-5aaf-afc0-13f90e9c345d,19,19,አብርሃምም ወደ ብላቴኖቹ ተመለሰ፤ ተነሥተውም ወደ ዐዘቅተ መሐላ አብረው ሄዱ፤ አብርሃምም በዐዘቅተ መሐላ ተቀመጠ።
9ea0387c-1979-53b1-a0df-ccbb6aa8a242,af72bca7-c42b-5275-a557-07e5cbe33a75,c28db88e-f75c-542c-a8f2-84b9c4835137,1,20,እንዲህም ሆነ፤ ከዚህ ነገር በኋላ ለአብርሃም እንዲህ ተብሎ ተነገረ፥ “እነሆ፥ ሚልካ ደግሞ ለወንድምህ ለናኮር ልጆችን ወለደች፤
25528ecd-079f-5241-a030-60ca959fbf08,af72bca7-c42b-5275-a557-07e5cbe33a75,c28db88e-f75c-542c-a8f2-84b9c4835137,2,21,እነርሱም በኵሩ ዑፅ፥ ወንድሙ በዋክሲ፤ የአራም አባት ቀማኤል፥
fb465c42-fc56-53c2-a0f4-a99cfd4c1590,af72bca7-c42b-5275-a557-07e5cbe33a75,c28db88e-f75c-542c-a8f2-84b9c4835137,3,22,አኮዛት፥ ኤዝራው፥ ፌልዳስ፥ ዮፋትና ባቱኤል” ናቸው።
aeb8f26f-38f1-5b65-a130-2a35dce62d68,af72bca7-c42b-5275-a557-07e5cbe33a75,c28db88e-f75c-542c-a8f2-84b9c4835137,4,23,ባቱኤልም ርብቃን ወለደ፤ ሚልካ ለአብርሃም ወንድም ለናኮር የወለደችለት ስምንቱ ልጆች እነዚህ ናቸው።
32fd66b0-8e7d-5d0f-a13c-fcc65a1acbae,af72bca7-c42b-5275-a557-07e5cbe33a75,c28db88e-f75c-542c-a8f2-84b9c4835137,5,24,ሬሕማ የሚሉአት ዕቅብቱ ደግሞ ጥባህን፥ ቤካን፥ ጠኮንና ሜካን ወለደች።
6fc8862d-b178-522a-a519-580416ff5c26,6fcd8b9b-9d4a-5841-ab61-dd62147f75eb,7a87dc04-8220-5075-a21d-07aada9356c6,1,1,የሣራም ዕድሜ መቶ ሃያ ሰባት ዓመት ሆነ።
ff68b5fb-21ec-57f3-a613-7755964073fd,6fcd8b9b-9d4a-5841-ab61-dd62147f75eb,7a87dc04-8220-5075-a21d-07aada9356c6,2,2,ሣራም በቈላ ውስጥ ባለች አርባቅ በምትባል ከተማ ሞተች፤ እርስዋም በከነዓን ምድር ያለች ኬብሮን ናት፤ አብርሃምም ለሣራ ሊያዝንላትና ሊያለቅስላት ተነሣ።
14842dd2-9140-5632-a7f3-3014ca233a0a,6fcd8b9b-9d4a-5841-ab61-dd62147f75eb,7a87dc04-8220-5075-a21d-07aada9356c6,3,3,አብርሃምም ከሬሳው አጠገብ ተነሣ፤ ለኬጢ ልጆችም እንዲህ ሲል ተናገረ፦
1c0536ad-c764-5aea-a5b6-2697a9307d1b,6fcd8b9b-9d4a-5841-ab61-dd62147f75eb,7a87dc04-8220-5075-a21d-07aada9356c6,4,4,“እኔ በእናንተ ዘንድ ስደተኛና መጻተኛ ነኝ፤ በእናንተ ዘንድ እንድገዛ የመቃብር ርስት ስጡኝ፤ ሬሳዬንም እንደ እናንተ ልቅበር።”
0da48731-08e3-5c43-a190-a9eae844a4b1,6fcd8b9b-9d4a-5841-ab61-dd62147f75eb,7a87dc04-8220-5075-a21d-07aada9356c6,5,5,የኬጢ ልጆችም ለአብርሃም መለሱ፤ አሉትም፦
ddda9fa6-446b-504c-a9fb-2266461c97ed,6fcd8b9b-9d4a-5841-ab61-dd62147f75eb,7a87dc04-8220-5075-a21d-07aada9356c6,6,6,“አይሆንም፥ ጌታ ሆይ፥ ስማን፤ አንተ ከእግዚአብሔር ዘንድ ለእኛ ንጉሥ ነህና ከመቃብር ስፍራችን በመረጥኸው ቦታ ሬሳህን ቅበር፤ ሬሳህን በዚያ ትቀብር ዘንድ ከእኛ መቃብሩን የሚከለክልህ የለም።”
0408134a-1015-59c5-aeec-5e2e1f22a4d7,6fcd8b9b-9d4a-5841-ab61-dd62147f75eb,7a87dc04-8220-5075-a21d-07aada9356c6,7,7,አብርሃምም ተነሣ፤ በሀገሩ ሕዝብ ፊትም ለኬጢ ልጆች ሰገደ።
40ee2630-6324-58ab-a95d-a447c78651c8,6fcd8b9b-9d4a-5841-ab61-dd62147f75eb,7a87dc04-8220-5075-a21d-07aada9356c6,8,8,እንዲህም አላቸው፥ “ሬሳዬን ከፊቴ አርቄ እንድቀብር ከወደዳችሁስ ስሙኝ፤ ለሰዓር ልጅ ለኤፍሮንም ስለ እኔ ንገሩት፤
293a70bb-4281-5747-a626-9ae1d6cf37dd,6fcd8b9b-9d4a-5841-ab61-dd62147f75eb,7a87dc04-8220-5075-a21d-07aada9356c6,9,9,በእርሻው ዳር ያለችውን ድርብ ክፍል ያላትን ዋሻውን ይስጠኝ፤ መቃብሩ የእኔ ርስት እንዲሆን በሚገባው ዋጋ በመካከላችሁ ይስጠኝ፤ ከእርሱም እገዛለሁ።”
d38557d2-c36d-5170-aa8d-bd52aaffbeae,6fcd8b9b-9d4a-5841-ab61-dd62147f75eb,7a87dc04-8220-5075-a21d-07aada9356c6,10,10,ኤፍሮንም በኬጢ ልጆች መካከል ተቀምጦ ነበር፤ የኬጢ ሰው ኤፍሮንም የኬጢ ልጆችና ወደ ከተማ የሚገቡ ሁሉ ሲሰሙ ለአብርሃም እንዲህ ሲል መለሰለት፦
34d7c8bf-7afc-5fdc-a183-f29a596351fc,6fcd8b9b-9d4a-5841-ab61-dd62147f75eb,7a87dc04-8220-5075-a21d-07aada9356c6,11,11,“አይደለም፥ ጌታዬ፥ ቀርበህ ስማኝ፤ እርሻውን፥ በውስጡም ያለውን ዋሻውን ሰጥቼሃለሁ፤ በወገኔ ልጆች ፊት ሰጥቼሃለሁ፤ ሬሳህን ቅበር።”
c4428d2d-3523-538a-a8bc-7502fb5b1f2a,6fcd8b9b-9d4a-5841-ab61-dd62147f75eb,7a87dc04-8220-5075-a21d-07aada9356c6,12,12,አብርሃምም በሀገሩ ሕዝብ ሁሉ ፊት ሰገደ፤
21209a2e-ecdd-55f5-a0de-4e7fab421ba4,6fcd8b9b-9d4a-5841-ab61-dd62147f75eb,7a87dc04-8220-5075-a21d-07aada9356c6,13,13,የሀገሩ ሕዝብም ሲሰሙ ለኤፍሮን እንዲህ ሲል ተናገረ፥ “ከእኔ ቅርብ ነህና ስማኝ፤ የእርሻህንም ዋጋ ከእኔ ውሰድ፤ ሬሳዬንም በዚያ እቀብራለሁ።”
c0eea6c2-53a4-58d1-a93d-606c3ee70440,6fcd8b9b-9d4a-5841-ab61-dd62147f75eb,7a87dc04-8220-5075-a21d-07aada9356c6,14,14,ኤፍሮንም ለአብርሃም እንዲህ ሲል መለሰለት፥ “አይሆንም፤ ጌታዬ ሆይ፥ እኔን ስማኝ፤
d438b734-174f-5313-ae3e-e5e0737b5ca8,6fcd8b9b-9d4a-5841-ab61-dd62147f75eb,7a87dc04-8220-5075-a21d-07aada9356c6,15,15,የአራት መቶ ምዝምዝ ብር ዋጋ ምድር በእኔና በአንተ መካከል ምንድን ነው? እንግዲህ ሬሳህን በዚያ ቅበር።”
23d2f68c-0c1a-5ee6-aad1-74aa77b5a93f,6fcd8b9b-9d4a-5841-ab61-dd62147f75eb,7a87dc04-8220-5075-a21d-07aada9356c6,16,16,አብርሃምም የኤፍሮንን ነገር ሰማ፤ አብርሃምም በኬጢ ልጆች ፊት የነገረውንና ተቀባይነት ያለውን ግብዝ ያይደለ አራት መቶ ምዝምዝ ብር መዝኖ ለኤፍሮን ሰጠው።
797a3805-0f0a-5c78-af6e-1b84cb0dacb4,6fcd8b9b-9d4a-5841-ab61-dd62147f75eb,7a87dc04-8220-5075-a21d-07aada9356c6,17,17,በመምሬ ፊት ያለው ባለ ድርብ ክፍል የሆነው የኤፍሮን እርሻም ለአብርሃም ጸና፤ እርሻው፥ በእርሱም ያለ ዋሻው፥ በእርሻውም ውስጥ በዙሪያውም ያለው ዕንጨት ሁሉ፤
6720da56-c2d1-5076-ac5f-65a45c46cefc,6fcd8b9b-9d4a-5841-ab61-dd62147f75eb,7a87dc04-8220-5075-a21d-07aada9356c6,18,18,በኬጢ ልጆችና በከተማዪቱ በር በሚገቡ ሁሉ ፊት ለአብርሃም ርስቱ ሆነ።
5bb6d2a5-b63c-5cd0-a5af-9ce206614b05,6fcd8b9b-9d4a-5841-ab61-dd62147f75eb,7a87dc04-8220-5075-a21d-07aada9356c6,19,19,ከዚህም በኋላ አብርሃም ኬብሮን በምትባል በመምሬ ፊት በከነዓን ምድር ባለው እርሻ ባለ ድርብ ክፍል በሆነው ዋሻ ውስጥ ሚስቱን ሣራን ቀበረ።
782aac88-3d60-5d12-a220-edfffb440fd9,6fcd8b9b-9d4a-5841-ab61-dd62147f75eb,7a87dc04-8220-5075-a21d-07aada9356c6,20,20,እርሻውና በእርሱ ያለው ዋሻም በኬጢ ልጆች ዘንድ ለአብርሃም የመቃብር ርስት ሆኖ ጸና።
80109bef-242b-5765-acab-3d5655e73d54,626ff7e6-4384-565d-ade0-2f74c066e9db,528954be-0797-5cc5-a952-8abfc9779a3b,1,1,አብርሃምም ሸመገለ፤ ዘመኑም አለፈ፤ እግዚአብሔርም አብርሃምን በሁሉ ባረከው።
716aadc9-75d1-5c45-a254-e75d9eec00b3,626ff7e6-4384-565d-ade0-2f74c066e9db,528954be-0797-5cc5-a952-8abfc9779a3b,2,2,አብርሃምም ሎሌውን፥ የቤቱን ሽማግሌ፥ የከብቱን ሁሉ አዛዥ አለው፦
5e011d42-57c8-53d3-abaf-00275fe530a8,626ff7e6-4384-565d-ade0-2f74c066e9db,528954be-0797-5cc5-a952-8abfc9779a3b,3,3,“እጅህን በእጄ ላይ አድርግ፤ እኔም አብሬ ከምኖራቸው ከከነዓን ሴቶች ልጆች ለልጄ ለይስሐቅ ሚስት እንዳትወስድለት በሰማይና በምድር አምላክ በእግዚአብሔር አምልሃለሁ፤
4e81779b-5541-5fa3-af6a-14b20f209ecd,626ff7e6-4384-565d-ade0-2f74c066e9db,528954be-0797-5cc5-a952-8abfc9779a3b,4,4,ነገር ግን ወደ ተወለድሁበት ወደ ሀገሬና ወደ ተወላጆች ሂድ፤ ለልጄ ለይስሐቅም ከዚያ ሚስትን አምጣለት።”
72c6f4f2-eaab-50e4-a631-319d228597cc,626ff7e6-4384-565d-ade0-2f74c066e9db,528954be-0797-5cc5-a952-8abfc9779a3b,5,5,ሎሌውም፥ “ሴቲቱ ምናልባት ወደዚህ ሀገር ከእኔ ጋር ለመምጣት ባትወድድስ ልጅህን ወደ መጣህበት ሀገር ልመልሰውን?” አለው።
57b7c409-fae6-598f-ae9b-2a2fe0d27e38,626ff7e6-4384-565d-ade0-2f74c066e9db,528954be-0797-5cc5-a952-8abfc9779a3b,6,6,አብርሃምም አለው፥ “ልጄን ወደዚያ እንዳትመልስ ተጠንቀቅ፤
dcfbbc23-46e2-54ff-adfe-3ec3c7b955cd,626ff7e6-4384-565d-ade0-2f74c066e9db,528954be-0797-5cc5-a952-8abfc9779a3b,7,7,ከአባቴ ቤት፥ ከተወለድሁባት ምድር ያወጣኝ፦ ‘ይህችንም ምድር ለአንተና ለዘርህ እሰጥሃለሁ’ ብሎ የነገረኝና የማለልኝ የሰማይና የምድር አምላክ እግዚአብሔር፥ እርሱ መልአኩን በፊትህ ይሰድዳል፤ ከዚያም ለልጄ ሚስትን ትወስዳለህ።
04ec90a4-c077-5ac6-a7c3-f47bec89015a,626ff7e6-4384-565d-ade0-2f74c066e9db,528954be-0797-5cc5-a952-8abfc9779a3b,8,8,ሴቲቱም ከአንተ ጋር ወደዚች ምድር ለመምጣት ባትፈቅድ አንተ ከዚህ መሐላ ንጹሕ ነህ፤ ልጄን ግን ወደዚያ እንዳትመልሰው ተጠንቀቅ።”
91cbbe56-3052-5fb8-a71f-6763e80a8af5,626ff7e6-4384-565d-ade0-2f74c066e9db,528954be-0797-5cc5-a952-8abfc9779a3b,9,9,ሎሌውም በጌታው በአብርሃም እጅ ላይ እጁን አደረገ፤ ስለዚሁም ነገር ማለለት።
6a03b1b6-29a2-51d6-a09e-5d32468b2eb3,626ff7e6-4384-565d-ade0-2f74c066e9db,528954be-0797-5cc5-a952-8abfc9779a3b,10,10,ሎሌውም ከጌታው ግመሎች መካከል ዐሥር ግመሎችን ወስዶ፥ ከጌታውም ዕቃ መልካም መልካሙን ይዞ ተነሣ፤ ተነሥቶም ወደ ሦርያ ወንዞች መካከል ወደ ናኮር ከተማ ሄደ።
e4cd3694-6729-5d38-aa5f-37bc4867ef25,626ff7e6-4384-565d-ade0-2f74c066e9db,528954be-0797-5cc5-a952-8abfc9779a3b,11,11,ሲመሽም ውኃ ቀጂዎች ውኃ ሊቀዱ በሚመጡበት ጊዜ ከከተማዪቱ ውጪ በውኃ ጕድጓድ አጠገብ ግመሎቹን አሳረፈ።
1db299be-810f-50c7-a13d-b730fb051835,626ff7e6-4384-565d-ade0-2f74c066e9db,528954be-0797-5cc5-a952-8abfc9779a3b,12,12,እንዲህም አለ፥ “የጌታዬ የአብርሃም አምላክ እግዚአብሔር ሆይ፥ እማልድሃለሁ፤ መንገዴን ዛሬ በፊቴ አቅናልኝ፤ ለጌታዬም ለአብርሃም ምሕረትን አድርግ።
cfd97267-f44e-525b-a026-c631baddddfb,626ff7e6-4384-565d-ade0-2f74c066e9db,528954be-0797-5cc5-a952-8abfc9779a3b,13,13,እነሆ፥ በውኃው ጕድጓድ አጠገብ ቆሜአለሁ፤ የከተማዋ ሰዎች ሴቶች ልጆችም ውኃውን ሊቀዱ ይወጣሉ፤
fd71013d-0a5e-5a3f-ae42-4ef3dbee45e5,626ff7e6-4384-565d-ade0-2f74c066e9db,528954be-0797-5cc5-a952-8abfc9779a3b,14,14,እንስራሽን አዘንብለሽ ውኃ አጠጭኝ የምላት እርስዋም፦ ‘አንተ ጠጣ፥ ግመሎችህን ደግሞ እስኪረኩ አጠጣለሁ’ የምትለኝ ድንግል፥ እርስዋ ለባሪያህ ለይስሐቅ ያዘጋጀሃት ትሁን፤ በዚህም ለጌታዬ ለአብርሃም ምሕረትን እንዳደረግህ አውቃለሁ።”
081971d1-64ed-500e-aa1e-e1dda9a9c207,626ff7e6-4384-565d-ade0-2f74c066e9db,528954be-0797-5cc5-a952-8abfc9779a3b,15,15,እንደዚህ በልቡ ያሰበውን መናገሩን ሳይፈጽም እንዲህ ሆነ፦ የአብርሃም ወንድም የናኮር ሚስት የሚልካ ልጅ የባቱኤል ሴት ልጅ ርብቃ እነሆ፥ መጣች፥ እንስራዋንም በጫንቃዋ ተሸክማ ነበር።
678d60a3-25e6-55ae-ac7a-d07fab2d3c95,626ff7e6-4384-565d-ade0-2f74c066e9db,528954be-0797-5cc5-a952-8abfc9779a3b,16,16,ብላቴናይቱም መልክዋ እጅግ ያማረ፥ ወንድ የማታውቅ ድንግል ነበረች። ወደ ውኃው ጕድጓድም ወረደች፤ ውኃም ቀዳች፤ እንስራዋንም ሞልታ ወጣች።
7a2c91f8-c9ef-5d59-a083-c9682dee4109,626ff7e6-4384-565d-ade0-2f74c066e9db,528954be-0797-5cc5-a952-8abfc9779a3b,17,17,ያም ሰው ሊገናኛት ሮጠና፥ “ከእንስራሽ ጥቂት ውኃ አጠጪኝ” አላት።
6e48eef3-936e-5d9f-ae3e-f6b5d76c78a3,626ff7e6-4384-565d-ade0-2f74c066e9db,528954be-0797-5cc5-a952-8abfc9779a3b,18,18,እርስዋም፥ “ጌታዬ ሆይ፥ ጠጣ” አለችው፤ ፈጥናም እንስራዋን ከጫንቃዋ በእጅዋ አውርዳ እስኪረካ አጠጣችው።
49bd2207-c279-54e9-ae8c-2c501ff33000,626ff7e6-4384-565d-ade0-2f74c066e9db,528954be-0797-5cc5-a952-8abfc9779a3b,19,19,እርሱንም ከአጠጣች በኋላ፦ “ለግመሎችህ ደግሞ ሁሉም እስኪረኩ ድረስ ውኃ እቀዳለሁ” አለችው።
0d475aa5-dad6-503f-a593-b7f759c4ee69,626ff7e6-4384-565d-ade0-2f74c066e9db,528954be-0797-5cc5-a952-8abfc9779a3b,20,20,ፈጥናም ውኃውን ከእንስራዋ በማጠጫው ውስጥ ገለበጠችው፤ ደግሞም ልትቀዳ ወደ ጕድጓዱ ሮጠች፤ ለግመሎቹም ሁሉ ውኃ ቀዳች።
a5b6e18a-4b14-5804-abad-db49442315dc,626ff7e6-4384-565d-ade0-2f74c066e9db,528954be-0797-5cc5-a952-8abfc9779a3b,21,21,ሰውየውም ትክ ብሎ ይመለከታት ነበር፤ እግዚአብሔር መንገዱን አቅንቶለት እንደ ሆነ ወይም እንዳልሆነ ለማወቅም ዝም አለ።
30e23150-a2e9-560a-abdb-cb13a8257c07,626ff7e6-4384-565d-ade0-2f74c066e9db,528954be-0797-5cc5-a952-8abfc9779a3b,22,22,ግመሎቹም ከጠጡ በኋላ እንዲህ ሆነ፤ ሰውዬው አንድ አንድ ወቄት የሚመዝን የወርቅ ጉትቻ፥ ለእጆችዋም ዐሥር ወቄት የሚመዝን ጥንድ የወርቅ አምባር አወጣ፤
5a4ccb63-1dcc-532e-aebb-7d69c1e16d9f,626ff7e6-4384-565d-ade0-2f74c066e9db,528954be-0797-5cc5-a952-8abfc9779a3b,23,23,ጠርቶም እንዲህ አላት፥ “አንቺ የማን ልጅ ነሽ? በአባትሽ ቤት የምናድርበት ስፍራ እንዳለ እስኪ ንገሪኝ፤”
863d59a0-49f4-5f70-a445-ce50221b57ad,626ff7e6-4384-565d-ade0-2f74c066e9db,528954be-0797-5cc5-a952-8abfc9779a3b,24,24,አለችውም፥ “እኔ ሚልካ ለናኮር የወለደችለት የባቱኤል ልጅ ነኝ።
61641988-d22e-526f-a6ba-26d360130e6b,626ff7e6-4384-565d-ade0-2f74c066e9db,528954be-0797-5cc5-a952-8abfc9779a3b,25,25,በእኛ ዘንድ ለግመሎችህ ሣርና ገለባ የሚበቃ ያህል አለ፤ ማደሪያም አለን።”
8463c1da-b5b4-53b4-a5fb-b4370169815f,626ff7e6-4384-565d-ade0-2f74c066e9db,528954be-0797-5cc5-a952-8abfc9779a3b,26,26,ሰውየውም ደስ አለው፤ ለእግዚአብሔርም ሰገደ።
61be2f69-04ad-54cb-a46d-a58eabd5cfa8,626ff7e6-4384-565d-ade0-2f74c066e9db,528954be-0797-5cc5-a952-8abfc9779a3b,27,27,እንዲህም አለ፥ “ቸርነቱንና እውነቱን ከጌታዬ ያላራቀ የጌታዬ የአብርሃም አምላክ እግዚአብሔር ይመስገን፤ ለእኔም ወደ ጌታዬ ወደ አብርሃም ወንድም ቤት መንገዴን አቀናልኝ።”
c2db4d61-3fa1-5c8e-aecf-5be209a14daa,626ff7e6-4384-565d-ade0-2f74c066e9db,528954be-0797-5cc5-a952-8abfc9779a3b,28,28,ብላቴናዪቱም ሮጠች፥ ለእናቷም ቤት ይህን ሁሉ ነገር ተናገረች።
3bdb2775-8854-5785-a601-d4e1c6689789,626ff7e6-4384-565d-ade0-2f74c066e9db,528954be-0797-5cc5-a952-8abfc9779a3b,29,29,ለርብቃም ስሙ ላባ የተባለ ወንድም ነበራት፤ ላባም ወደ ውጪ ወደ ውኃው ጕድጓድ ወደ ሰውዬው ሮጠ።
c9300929-e8eb-5776-ad74-5dba9e93eb69,626ff7e6-4384-565d-ade0-2f74c066e9db,528954be-0797-5cc5-a952-8abfc9779a3b,30,30,ጉትቻውንና አምባሮቹን በእኅቱ እጅ ባየ ጊዜ፥ የእኅቱንም የርብቃን ነገር፦ ያ ሰው እንዲህ አለኝ ያለችውን በሰማ ጊዜ፥ እርሱ ወደዚያ ሰው መጣ፤ እነሆም በውኃው ጕድጓድ አጠገብ ከግመሎቹ ዘንድ ቆሞ ነበር።
48fd82f5-bffe-5164-aeb9-738c97ec259f,626ff7e6-4384-565d-ade0-2f74c066e9db,528954be-0797-5cc5-a952-8abfc9779a3b,31,31,እርሱም አለው፥ “አንተ የእግዚአብሔር ቡሩክ፥ ግባ ስለምን አንተ በውጪ ቆመሃል? እኛም ቤትን፥ ለግመሎችህም ማደሪያን አዘጋጅተናል።”
27130dfa-b872-57df-a87d-b1271321c940,626ff7e6-4384-565d-ade0-2f74c066e9db,528954be-0797-5cc5-a952-8abfc9779a3b,32,32,ሰውዬውም ወደ ቤት ገባ፤ ግመሎቹንም አራገፈ፤ ለግመሎቹም ሣርና ገለባ አቀረቡላቸው፤ እግሩን ይታጠብ ዘንድ ውኃ አመጡለት፤ ከእርሱ ጋር ላሉ ሰዎችም አመጡላቸው።
85d5011b-7c17-5775-a18d-8ddcf4224d2e,626ff7e6-4384-565d-ade0-2f74c066e9db,528954be-0797-5cc5-a952-8abfc9779a3b,33,33,ይበላም ዘንድ እንጀራን አቀረቡለት፤ እርሱ ግን “ነገሬን እስክናገር ደረስ አልበላም” አለ። እነርሱም “ተናገር” አሉት።
a29b46bc-b2c5-5a70-aca2-b7eb227e0e03,626ff7e6-4384-565d-ade0-2f74c066e9db,528954be-0797-5cc5-a952-8abfc9779a3b,34,34,እርሱም አለ፥ “እኔ የአብርሃም ሎሌ ነኝ።
158b9cad-03df-5e34-ac54-34b099341ec9,626ff7e6-4384-565d-ade0-2f74c066e9db,528954be-0797-5cc5-a952-8abfc9779a3b,35,35,እግዚአብሔርም ጌታዬን እጅግ ባረከው፤ አገነነውም፤ ላሞችንና በጎችን፥ ወርቅንና ብርን፥ ወንዶች ባሪያዎችንና ሴቶች ባሪያዎችን፥ ግመሎችንና አህዮችንም ሰጠው።
b8795883-f0e4-5cc5-a02c-657636915127,626ff7e6-4384-565d-ade0-2f74c066e9db,528954be-0797-5cc5-a952-8abfc9779a3b,36,36,የጌታዬ የአብርሃም ሚስት ሣራም በእርጅናዋ ለጌታዬ ወንድ ልጅን ወለደች፤ የነበረውንም ሁሉ ሰጠው።”
34cf7cd5-5b0c-5d46-a653-b6af8d549db4,626ff7e6-4384-565d-ade0-2f74c066e9db,528954be-0797-5cc5-a952-8abfc9779a3b,37,37,ጌታዬ እንዲህ ሲል አማለኝ፥ “እኔ ካለሁበት ሀገር ከከነዓናውያን ሴቶች ልጆች ለልጄ ሚስትን አትውሰድ፤
cf31ef57-3145-506b-a1bf-dcf5b72b3de4,626ff7e6-4384-565d-ade0-2f74c066e9db,528954be-0797-5cc5-a952-8abfc9779a3b,38,38,ነገር ግን ወደ አባቴ ቤት ወደ ወገኔም ሂድ፤ ለልጄም ከዚያ ሚስትን ውሰድለት።
7c0b2d57-0db3-58ab-a05f-1842bb86e1f1,626ff7e6-4384-565d-ade0-2f74c066e9db,528954be-0797-5cc5-a952-8abfc9779a3b,39,39,ጌታዬንም ሴቲቱ ምናልባት ከእኔ ጋር መምጣትን ባትፈቅድስ አልሁት።
fae4283e-66fe-55f6-ad8e-276199c827d7,626ff7e6-4384-565d-ade0-2f74c066e9db,528954be-0797-5cc5-a952-8abfc9779a3b,40,40,እርሱም አለኝ፦ አካሄዴን በፊቱ ያደረግሁለት እግዚአብሔር መልአኩን ከአንተ ጋር ይልካል። መንገድህንም ያቀናል፤ ለልጄም ከወገኖች ከአባቴም ቤት ሚስትን ትወስዳለህ፤
ec6399ef-7636-534b-ad78-211fe206d1b9,626ff7e6-4384-565d-ade0-2f74c066e9db,528954be-0797-5cc5-a952-8abfc9779a3b,41,41,የዚያን ጊዜ ከመሐላዬ ንጹሕ ትሆናለህ፤ ወደ ዘመዶች ሄደህ እነርሱ ባይሰጡህ ካማልሁህ መሐላ ንጹሕ ትሆናለህ።”
5339b458-a825-5d5d-ad4d-64e6fcae09e3,626ff7e6-4384-565d-ade0-2f74c066e9db,528954be-0797-5cc5-a952-8abfc9779a3b,42,42,ዛሬም ወደ ውኃው ጕድጓድ መጣሁ፤ እንዲህም አልሁ፥ “የጌታዬ የአብርሃም አምላክ እግዚአብሔር ሆይ፥ ዛሬ የምሄድበትን መንገዴን ብታቀናልኝ፥
608bc0f4-97d9-5ac0-a0a8-645c7490702d,626ff7e6-4384-565d-ade0-2f74c066e9db,528954be-0797-5cc5-a952-8abfc9779a3b,43,43,እነሆ፥ እኔ በውኃው ጕድጓድ አጠገብ ቆሜአለሁ፤ የከተማዋ ሰዎች ሴቶች ልጆችም ውኃን ሊቀዱ ይወጣሉ፤ ጥቂት ውኃ ከእንስራሽ አጠጪኝ ስላት፥
063432b2-3884-5a1d-ac91-f3e6716d8dc3,626ff7e6-4384-565d-ade0-2f74c066e9db,528954be-0797-5cc5-a952-8abfc9779a3b,44,44,እርስዋም ፦ ‘አንተ ጠጣ፤ ደግሞም ለግመሎችህ እቀዳለሁ’ የምትለኝ ድንግል፥ እግዚአብሔር ለጌታዬ ልጅ ለባሪያዉ ለይስሐቅ ያዘጋጃት ሚስት እርስዋ ትሁን። በዚህም ለጌታዬ ምሕረትን እንዳደረግህ አውቃለሁ።”
362a86fb-64b1-580c-ab32-2c9509dc7244,626ff7e6-4384-565d-ade0-2f74c066e9db,528954be-0797-5cc5-a952-8abfc9779a3b,45,45,እኔም በልቤ ያሰብሁትን ሳልፈጽም እንዲህ ሆነ፤ ያን ጊዜ ርብቃ እንስራዋን በትከሻዋ ተሸክማ ወጣች፥ ወደ ምንጭም ወርዳ ውኃ ቀዳች፤ እኔም “እስቲ ውኃ አጠጪኝ” አልኋት።
d109056b-f7bf-537d-a902-8353c259a691,626ff7e6-4384-565d-ade0-2f74c066e9db,528954be-0797-5cc5-a952-8abfc9779a3b,46,46,ፈጥናም እንስራዋን ከትከሻዋ አወረደችና፥ “አንተ ጠጣ፤ ግመሎችህን ደግሞ አጠጣለሁ” አለችኝ፤ እኔም ጠጣሁ፤ ግመሎችንም ደግሞ አጠጣች።
46574cae-85f9-59f2-a4a0-00f84a0f701a,626ff7e6-4384-565d-ade0-2f74c066e9db,528954be-0797-5cc5-a952-8abfc9779a3b,47,47,እኔም “አንቺ የማን ልጅ ነሽ? ንገሪኝ” ብዬ ጠየቅኋት። እርስዋም፥ “ሚልካ የወለደችለት የናኮር ልጅ የባቱኤል ልጅ ነኝ” አለችኝ፤
466ac8ee-2c52-50fb-ae65-b966d3abee58,626ff7e6-4384-565d-ade0-2f74c066e9db,528954be-0797-5cc5-a952-8abfc9779a3b,48,48,ይህንም ነገር ከአንደበቷ በሰማሁ ጊዜ እጅግ ደስ አሰኘችኝ። ለጆሮዎችዋም ጉትቻዎችን ለእጆችዋም አምባሮችን አድርጌ አስጌጥኋት። ደስ ባሰኘችኝም ጊዜ፥ ለእግዚአብሔር ሰገድሁ፤ የጌታዬን የወንድሙን ልጅ ለልጁ እወስድ ዘንድ በቀና መንገድ የመራኝን የጌታዬን የአብርሃምን አምላክ እግዚአብሔርን አመሰገንሁ።
24cee8b9-ecf4-5cf6-a2a3-388d01ca5609,626ff7e6-4384-565d-ade0-2f74c066e9db,528954be-0797-5cc5-a952-8abfc9779a3b,49,49,አሁንም ቸርነትንና እውነትን ለጌታዬ ትሠሩ እንደ ሆነ ንገሩኝ፤ ይህም ባይሆን ንገሩኝ፤ ወደ ቀኝ ወይም ወደ ግራ እመለስ ዘንድ።
37a34d33-ae65-58fa-ac97-5327195a1944,626ff7e6-4384-565d-ade0-2f74c066e9db,528954be-0797-5cc5-a952-8abfc9779a3b,50,50,ባቱኤልና ላባም መለሱ፤ እንዲህም አሉ፥ “ነገሩ ከእግዚአብሔር ዘንድ መጥቶአል፤ ክፉ ወይም በጎ ልንመልስልህ አንችልም።
604449fd-f60e-582b-adc0-9ec78b35530e,626ff7e6-4384-565d-ade0-2f74c066e9db,528954be-0797-5cc5-a952-8abfc9779a3b,51,51,ርብቃ እንኋት፤ በፊትህ ናት፤ ይዘሃት ሂድ፥ እግዚአብሔር እንደ ተናገረ ለጌታህ ልጅ ሚስት ትሁን።”
4c30f2f8-e186-5cc1-a1e9-845731a5f1f5,626ff7e6-4384-565d-ade0-2f74c066e9db,528954be-0797-5cc5-a952-8abfc9779a3b,52,52,የአብርሃምም ሎሌ ነገራቸውን በሰማ ጊዜ ወደ ምድር ወድቆ ለእግዚአብሔር ሰገደ።
c507bfba-89bf-5a96-a4b1-657c7cceaac2,626ff7e6-4384-565d-ade0-2f74c066e9db,528954be-0797-5cc5-a952-8abfc9779a3b,53,53,ሎሌውም የብርና የወርቅ ጌጥ፥ ልብስም አወጣ፤ ለርብቃም ሰጣት፤ ዳግመኛም ለአባቷና ለእናቷ እጅ መንሻ ሰጣቸው።
beda2d15-5c9c-58c3-ace2-d3189de14938,626ff7e6-4384-565d-ade0-2f74c066e9db,528954be-0797-5cc5-a952-8abfc9779a3b,54,54,ከዚህም ሁሉ በኋላ እርሱ፥ ከእርሱ ጋር ያሉትም በሉ፤ ጠጡም፤ በዚያም አደሩ፤ በማለዳም ተነሥቶ፥ “ወደ ጌታዬ እሄድ ዘንድ አሰናብቱኝ” አላቸው።
77c4644e-8ecf-5b11-aa72-2cc5f8dcd188,626ff7e6-4384-565d-ade0-2f74c066e9db,528954be-0797-5cc5-a952-8abfc9779a3b,55,55,አባቷ እናቷና ወንድምዋ፦ “ብላቴናዪቱ ዐሥር ቀን ያህል እንኳ በእኛ ዘንድ ትቀመጥ፤ ከዚያም በኋላ ትሄዳለች” አሉ።
1ad4e468-b3db-50e3-acac-fbac8ac65359,626ff7e6-4384-565d-ade0-2f74c066e9db,528954be-0797-5cc5-a952-8abfc9779a3b,56,56,እርሱም፥ “እግዚአብሔር መንገዴን አቅንቶልኝ ሳለ አታዘግዩኝ፤ ወደ ጌታዬ እሄድ ዘንድ አሰናብቱኝ” አላቸው።
9673220e-1073-5758-a3c7-d3ffd008f530,626ff7e6-4384-565d-ade0-2f74c066e9db,528954be-0797-5cc5-a952-8abfc9779a3b,57,57,እነርሱም፥ “ብላቴናዪቱን እንጥራና ከአፍዋ እንጠይቅ” አሉ።
7b5a7f83-a1b2-56a8-a1aa-a6dc7f787d3c,626ff7e6-4384-565d-ade0-2f74c066e9db,528954be-0797-5cc5-a952-8abfc9779a3b,58,58,ርብቃንም ጠርተው፥ “ከዚህ ሰው ጋር ትሄጃለሽን?” አሉአት። እርስዋም፥ “አዎን እሄዳለሁ” አለች።
b17df33a-4e2a-502f-a5f7-c4e291f65a62,626ff7e6-4384-565d-ade0-2f74c066e9db,528954be-0797-5cc5-a952-8abfc9779a3b,59,59,እኅታቸውንም ርብቃን ሞግዚቷንም ከገንዘብ ጋር፥ የአብርሃምን ሎሌና ሰዎቹንም አሰናበቱአቸው።
11402bdd-70fb-582a-a702-12a62d583399,626ff7e6-4384-565d-ade0-2f74c066e9db,528954be-0797-5cc5-a952-8abfc9779a3b,60,60,እኅታቸው ርብቃንም መረቁአትና፥ “አንቺ እኅታችን፥ እልፍ አእላፋት ሁኚ፤ ዘርሽም የጠላት ሀገሮችን ይውረስ” አሉአት።
54402e73-c4b1-5839-a562-bd3c7321495e,626ff7e6-4384-565d-ade0-2f74c066e9db,528954be-0797-5cc5-a952-8abfc9779a3b,61,61,ርብቃም ተነሣች፤ ደንገጥሮችዋም፥ በግመሎችዋ ላይ ተቀምጠው ከሰውዬው ጋር አብረው ሄዱ፤ ሎሌውም ርብቃን ተቀብሎ ሄደ።
87676c9f-da1d-5e67-add9-eba3f4ffba1d,626ff7e6-4384-565d-ade0-2f74c066e9db,528954be-0797-5cc5-a952-8abfc9779a3b,62,62,ይስሐቅም በዐዘቅተ ራእይ በኩል ወደ ምድረ በዳ ይመለከት ነበር፤ በአዜብ በኩል ባለው ምድር ተቀምጦ ነበርና።
1e47a003-f54e-5dd4-abea-b0e1cd2baa19,626ff7e6-4384-565d-ade0-2f74c066e9db,528954be-0797-5cc5-a952-8abfc9779a3b,63,63,ይስሐቅም በመሸ ጊዜ በልቡ እያሰላሰለ ወደ ሜዳ ወጥቶ ነበር፤ ዓይኖቹንም አቀና፤ እነሆም ግመሎች ሲመጡ አየ።
2a14fa74-b1f0-5c3c-afa2-b08da2918e03,626ff7e6-4384-565d-ade0-2f74c066e9db,528954be-0797-5cc5-a952-8abfc9779a3b,64,64,ርብቃም ዓይኖችዋን አቀናች፤ ይስሐቅንም አየች፤ ከግመልም ወረደች።
ceca3df0-7b5d-5599-afc5-1fe2f03c5a0b,626ff7e6-4384-565d-ade0-2f74c066e9db,528954be-0797-5cc5-a952-8abfc9779a3b,65,65,ሎሌውንም፥ “ሊቀበለን በሜዳ የሚመጣ ይህ ሰው ማነው?” አለችው። ሎሌውም፥ “እርሱ ጌታዬ ነው” አላት፤ እርስዋም ቀጸላዋን ወስዳ ተከናነበች።
eb8d35c2-57b2-5a92-a530-b2942c13f902,626ff7e6-4384-565d-ade0-2f74c066e9db,528954be-0797-5cc5-a952-8abfc9779a3b,66,66,ሎሌውም ያደረገውን ነገር ሁሉ ለይስሐቅ ነገረው።
41796b5c-2be9-55a4-aaf1-60dd79c39397,626ff7e6-4384-565d-ade0-2f74c066e9db,528954be-0797-5cc5-a952-8abfc9779a3b,67,67,ይስሐቅም ወደ እናቱ ቤት ገባ፤ ርብቃንም ወሰዳት፤ ሚስትም ሆነችው፤ ወደዳት፤ ይስሐቅም ስለ እናቱ ስለ ሣራ ተጽናና።
0f6c4ad5-07cf-5d32-a4e3-2c007bffe899,b723d577-ed7a-52b0-a7b2-52b9fdef15a2,edd148a2-1d82-5d5f-ac47-1da1c989de81,1,1,አብርሃምም ደግሞ ስምዋ ኬጡራ የተባለች ሚስት አገባ።
e28705ad-aa99-5703-a995-983ebdd17085,b723d577-ed7a-52b0-a7b2-52b9fdef15a2,edd148a2-1d82-5d5f-ac47-1da1c989de81,2,2,እርስዋም ዘንበሪን፥ ዮቃጤንን፥ ሜዳንን፥ ዮብቅን፥ ምድያምንና ሴሂን ወለደችለት።
4659363b-c8f3-5d00-a26e-2c14e75de8ff,b723d577-ed7a-52b0-a7b2-52b9fdef15a2,edd148a2-1d82-5d5f-ac47-1da1c989de81,3,3,ዮቃጤንም ሶቤቅን፥ ቲማንንና ድዳንን ወለደ። የድዳንም ልጆች ራጉኤል፥ ንበከዝ፥ እስራኦምና ሎአም ናቸው።
8b6958c4-e2e6-5176-a3c4-354df37b8b12,b723d577-ed7a-52b0-a7b2-52b9fdef15a2,edd148a2-1d82-5d5f-ac47-1da1c989de81,4,4,የምድያምም ልጆች ጌፌር፥ ዔፋር፥ ሄኖኅ፥ አቢሮንና ቲያሮስ ናቸው። እነዚህም ሁሉ የኬጡራ ልጆች ናቸው።
ed60e614-0e4d-5d56-ae4d-396780714062,b723d577-ed7a-52b0-a7b2-52b9fdef15a2,edd148a2-1d82-5d5f-ac47-1da1c989de81,5,5,አብርሃምም በሕይወቱ ሳለ ገንዘቡን ሁሉ ለልጁ ለይስሐቅ ሰጠው፤
e8659045-52e8-5e52-a7ca-3eb5b9c41d0d,b723d577-ed7a-52b0-a7b2-52b9fdef15a2,edd148a2-1d82-5d5f-ac47-1da1c989de81,6,6,አብርሃምም ለቁባቶቹ ልጆች ሀብትን ሰጣቸው፤ እርሱም ገና በሕይወቱ ሳለ ከልጁ ከይስሐቅ ለይቶ ወደ ምሥራቅ ሀገር ሰደዳቸው።
33490d9e-ecf3-5e6d-a663-7556184b8026,b723d577-ed7a-52b0-a7b2-52b9fdef15a2,3ea3d985-96ca-5c02-ae89-25dc20071fc9,1,7,አብርሃምም የኖረበት የዕድሜው ዓመታት እነዚህ ናቸው፤ መቶ ሰባ አምስት ዓመት ኖረ።
3a55737d-2f28-5e1f-af0f-8c19e32465f4,b723d577-ed7a-52b0-a7b2-52b9fdef15a2,3ea3d985-96ca-5c02-ae89-25dc20071fc9,2,8,አብርሃምም መልካም ሽምግልናን ሸምግሎ፥ ዘመኑንም ፈጽሞ ሞተ፤ ወደ ወገኖቹም ተጨመረ።
d42786fa-0f6b-569d-aa6b-e0d393c67a7b,b723d577-ed7a-52b0-a7b2-52b9fdef15a2,3ea3d985-96ca-5c02-ae89-25dc20071fc9,3,9,ልጆቹ ይስሐቅና ይስማኤልም በመምሬ ፊት ለፊት ባለው በኬጢያዊው በሰዓር ልጅ በኤፍሮን እርሻ ላይ ባለ ድርብ ክፍል በሆነው ዋሻ ውስጥ ቀበሩት።
7839c263-d2e4-57ac-a4b3-2229de6e0581,b723d577-ed7a-52b0-a7b2-52b9fdef15a2,3ea3d985-96ca-5c02-ae89-25dc20071fc9,4,10,ይህም አብርሃም ከኬጢ ልጆች የገዛው እርሻ ነው፤ አብርሃምንና ሚስቱን ሣራን በዚያ ቀበሩአቸው።
1a1c5567-048f-5176-a1a2-c7958bfcbb61,b723d577-ed7a-52b0-a7b2-52b9fdef15a2,3ea3d985-96ca-5c02-ae89-25dc20071fc9,5,11,እንዲህም ሆነ፥ አብርሃምም ከሞተ በኋላ እግዚአብሔር ልጁን ይስሐቅን ባረከው፤ ይስሐቅም ዐዘቅተ ራእይ ተብሎ በሚጠራው ምንጭ አጠገብ ኖረ።
65c3b82d-8265-5028-a8c6-fb5208183fa1,b723d577-ed7a-52b0-a7b2-52b9fdef15a2,3989ee95-8ba6-50b5-abb4-fa21243a47ec,1,12,የሣራ ባሪያ ግብፃዊቱ አጋር ለአብርሃም የወለደችለት የአብርሃም ልጅ የይስማኤል ትውልድ ይህ ነው፤
0a3b7049-a5ac-5512-a998-ca09c417c7f0,b723d577-ed7a-52b0-a7b2-52b9fdef15a2,3989ee95-8ba6-50b5-abb4-fa21243a47ec,2,13,የይስማኤልም የልጆቹ ስም በየስማቸውና በየትውልዳቸው እንዲህ ነው።
576679a5-5476-56c8-aacf-f3d043b96f16,b723d577-ed7a-52b0-a7b2-52b9fdef15a2,3989ee95-8ba6-50b5-abb4-fa21243a47ec,3,14,የይስማኤል የበኵር ልጁ ናቡአት፥ ቄዳር፥ ነብዳኤል፥ መብሳን፥
664d0128-0524-544a-acb5-4ccd688c14fb,b723d577-ed7a-52b0-a7b2-52b9fdef15a2,3989ee95-8ba6-50b5-abb4-fa21243a47ec,4,15,ማሴሜ፥ ዱማ፥ ማሤን፥ ኩዳን፥ ቴማን፥ ኤያጤር፥ ናፌስ፥ ቄድን።
20c1dbb2-516f-5b1b-a73f-40e09ee52763,b723d577-ed7a-52b0-a7b2-52b9fdef15a2,3989ee95-8ba6-50b5-abb4-fa21243a47ec,5,16,የይስማኤል ልጆች እነዚህ ናቸው፤ ስማቸውም በየመንደራቸውና በየሰፈራቸው ይህ ነው፤ በየወገናቸውም ዐሥራ ሁለት አለቆች ናቸው።
0e87f4ce-377e-5c45-ab1e-9e48586aad14,b723d577-ed7a-52b0-a7b2-52b9fdef15a2,3989ee95-8ba6-50b5-abb4-fa21243a47ec,6,17,እርሱም ከኤውላጥ አንሥቶ በግብፅ ፊት ለፊት እስከምትገኝ እስከ ሴይር ባለው ሀገር ኖረ፤ ወደ አሦርዮንም ደረሰ፤ እንዲህም ከወንድሞቹ ሁሉ ፊት ተቀመጠ።
747e590e-bd57-5bf4-a7e7-5a321d9c1f5a,b723d577-ed7a-52b0-a7b2-52b9fdef15a2,3989ee95-8ba6-50b5-abb4-fa21243a47ec,7,18,ይስማኤልም የኖረበት የዕድሜው ዘመን መቶ ሠላሳ ሰባት ዓመት ነው ፤ ሸምግሎ ሞተ፤ ወደ ወገኖቹም ተጨመረ።
efe4ce15-df2a-5fa5-af9d-be6c194f7d9c,b723d577-ed7a-52b0-a7b2-52b9fdef15a2,03c29a3d-e02a-5c89-a47f-4a962df088ea,1,19,የአብርሃም ልጅ የይስሐቅ ትውልድም ይህ ነው፤ አብርሃም ይስሐቅን ወለደ፥
5da030c4-83c0-5258-a8d9-0f3c171f2520,b723d577-ed7a-52b0-a7b2-52b9fdef15a2,03c29a3d-e02a-5c89-a47f-4a962df088ea,2,20,ይስሐቅም ሚስት ትሆነው ዘንድ የሶርያዊውን የላባን እኅት፥ የሶርያዊውን የባቱኤልን ልጅ ርብቃን ከሁለቱ ከሶርያ ወንዞች መካከል በወሰዳት ጊዜ አርባ ዓመት ሆኖት ነበር።
f16108f8-0aa3-5911-a2ae-ae0d0346e8b6,b723d577-ed7a-52b0-a7b2-52b9fdef15a2,03c29a3d-e02a-5c89-a47f-4a962df088ea,3,21,ይስሐቅም ስለ ሚስቱ ርብቃ ወደ እግዚአብሔር ለመነ፤ መካን ነበረችና፤ እግዚአብሔርም ሰማው፤ ሚስቱ ርብቃም ፀነሰች።
47c3ccb3-512b-5fd9-a890-75a208cd90d2,b723d577-ed7a-52b0-a7b2-52b9fdef15a2,03c29a3d-e02a-5c89-a47f-4a962df088ea,4,22,ልጆችዋም በሆድዋ ውስጥ ይንቀሳቀሱ ነበር ፤ እርስዋም፥ “እንዲህ እሆን ዘንድ ካለኝ ይህ ለእኔ ምኔ ነው?” አለች። ወደ እግዚአብሔርም ትለምን ዘንድ ሄደች።
0ca72af0-6103-5eb3-ac3d-a4d124c071ca,b723d577-ed7a-52b0-a7b2-52b9fdef15a2,03c29a3d-e02a-5c89-a47f-4a962df088ea,5,23,እግዚአብሔርም አላት፥ “ሁለት ሕዝቦች በማኅፀንሽ አሉ፤ ሁለቱም ሕዝብ ከሆድሽ ይወለዳሉ፤ ሕዝብም ከሕዝብ ይበረታል፤ ታላቁም ለታናሹ ይገዛል።”
a47fbac6-5b83-5452-a952-c1973d50a5eb,b723d577-ed7a-52b0-a7b2-52b9fdef15a2,03c29a3d-e02a-5c89-a47f-4a962df088ea,6,24,የምትወልድበትም ወራት ተፈጸመ፤ በማኅፀንዋም መንታ ነበሩ።
78e91fd6-ab20-566a-a75f-c6149ca7bab5,b723d577-ed7a-52b0-a7b2-52b9fdef15a2,03c29a3d-e02a-5c89-a47f-4a962df088ea,7,25,የበኵር ልጅዋም ወጣ፤ እንደ ጽጌረዳም ቀይ ነበረ፤ ሁለንተናውም ጠጕራም ነበር፤ ስሙንም ዔሳው ብላ ጠራችው።
1980d31f-193f-58e8-ae69-fe7b6503a549,b723d577-ed7a-52b0-a7b2-52b9fdef15a2,03c29a3d-e02a-5c89-a47f-4a962df088ea,8,26,ከዚያም በኋላ ወንድሙ ወጣ፤ በእጁም የዔሳውን ተረከዝ ይዞ ነበር፤ ስሙንም ያዕቆብ ብላ ጠራችው። ርብቃ ዔሳውንና ያዕቆብን በወለደቻቸው ጊዜ ይስሐቅ ስድሳ ዓመት ሆኖት ነበር።
27ecc320-5040-5780-a630-3893544d61a0,b723d577-ed7a-52b0-a7b2-52b9fdef15a2,f3b7ee67-9afd-5884-af00-a3373b6b787a,1,27,ብላቴኖቹም አደጉ፤ ጐለመሱም፤ ዔሳውም አደን የሚያውቅ የበረሃ ሰው ሆነ፤ ያዕቆብ ግን ጭምት ሰው ነበረ፤ በቤትም ይቀመጥ ነበር።
ebcd0653-e0a9-559a-aca6-8eda183e30e1,b723d577-ed7a-52b0-a7b2-52b9fdef15a2,f3b7ee67-9afd-5884-af00-a3373b6b787a,2,28,ይስሐቅም ዔሳውን ይወድ ነበር፤ እርሱ ከአደነው ይበላ ነበርና። ርብቃ ግን ያዕቆብን ትወድ ነበረች።
323005d8-ce3e-5ec9-a154-6917bf932e9f,b723d577-ed7a-52b0-a7b2-52b9fdef15a2,f3b7ee67-9afd-5884-af00-a3373b6b787a,3,29,ለያዕቆብም የምስር ንፍሮ ቀቀለችለት፤ ዔሳውም ደክሞ ከበረሃ ገባ፤
429e9900-eb6b-5f2d-a2fa-587a8c24237a,b723d577-ed7a-52b0-a7b2-52b9fdef15a2,f3b7ee67-9afd-5884-af00-a3373b6b787a,4,30,ዔሳውም ያዕቆብን፥ “ከምስር ንፍሮህ አብላኝ፤ እኔ እጅግ ደክሜአለሁና” አለው፤ ስለዚህም ስሙ ኤዶም ተባለ።
3f3efd6e-2b28-52d9-a9a2-3356b50b03e6,b723d577-ed7a-52b0-a7b2-52b9fdef15a2,f3b7ee67-9afd-5884-af00-a3373b6b787a,5,31,ያዕቆብም ዔሳውን፥ “ዛሬ ብኵርናህን ስጠኝ” አለው።
3e581943-32ce-50b5-a258-e502dd417200,b723d577-ed7a-52b0-a7b2-52b9fdef15a2,f3b7ee67-9afd-5884-af00-a3373b6b787a,6,32,ዔሳውም፥ “እነሆ፥ እኔ ልሞት ነኝ፤ ይህች ብኵርና ለምኔ ናት?” አለ።
d908d604-49a5-51b5-a6f8-1ef4a61b8c1d,b723d577-ed7a-52b0-a7b2-52b9fdef15a2,f3b7ee67-9afd-5884-af00-a3373b6b787a,7,33,ያዕቆብም፥ “ብኵርናህን ትሰጠኝ ዘንድ እስኪ ዛሬ ማልልኝ” አለው። ዔሳውም ማለለት፤ ብኵርናውንም ለያዕቆብ ሸጠ።
65bde1ab-25c8-54b5-a125-a42dd123d9f3,b723d577-ed7a-52b0-a7b2-52b9fdef15a2,f3b7ee67-9afd-5884-af00-a3373b6b787a,8,34,ያዕቆብም ለዔሳው እንጀራና የምስር ንፍሮ ሰጠው፤ በላ፥ ጠጣ፥ ተነሥቶም ሄደ፤ ዔሳውም ብኵርናውን አቃለላት።
8f70c090-5082-5e5f-a553-c98a43e6405c,dd5cb3d2-1ea0-5064-a918-4317e7bc7918,f66fdf51-df78-565e-a899-ca90565587f8,1,1,በምድርም ቀድሞ በአብርሃም ዘመን ከሆነው ራብ ሌላ ራብ ሆነ፤ ይስሐቅም ወደ ፍልስጥኤም ንጉሥ ወደ አቤሜሌክ ወደ ጌራራ ሄደ።
19d97610-7521-5f0a-a877-01d4aad4603c,dd5cb3d2-1ea0-5064-a918-4317e7bc7918,f66fdf51-df78-565e-a899-ca90565587f8,2,2,እግዚአብሔርም ተገለጠለት፤ እንዲህም አለው፥ “ወደ ግብፅ አትውረድ፤ እኔ በምልህ ምድር ተቀመጥ።
6512c7ea-168b-5a2d-a1fb-1cf640335ff7,dd5cb3d2-1ea0-5064-a918-4317e7bc7918,f66fdf51-df78-565e-a899-ca90565587f8,3,3,በዚህች ምድር ተቀመጥ፤ ከአንተ ጋርም እሆናለሁ፤ እባርክሃለሁም፤ ይህችን ምድር ሁሉ ለአንተም፥ ለዘርህም እሰጣለሁና፥ ለአባትህም ለአብርሃም የማልሁለትን መሐላ ከአንተ ጋር አጸናለሁ።
19365ef8-086a-56f8-aa0f-4bd328e8bf49,dd5cb3d2-1ea0-5064-a918-4317e7bc7918,f66fdf51-df78-565e-a899-ca90565587f8,4,4,ዘርህንም እንደ ሰማይ ከዋክብት አበዛዋለሁ፤ ይህችንም ምድር ሁሉ ለዘርህ እሰጣለሁ፤ የምድርም ሕዝቦች ሁሉ በዘርህ ይባረካሉ፤
b40dd8c0-7de2-5ae9-aad4-42ec218d628c,dd5cb3d2-1ea0-5064-a918-4317e7bc7918,f66fdf51-df78-565e-a899-ca90565587f8,5,5,አባትህ አብርሃም ቃሌን ሰምቶአልና፤ ትእዛዜንና ፍርዴን፥ ሥርዐቴንና ሕጌንም ጠብቆአልና።”
874cba79-5386-5573-a5e2-c64e90bfe680,dd5cb3d2-1ea0-5064-a918-4317e7bc7918,f66fdf51-df78-565e-a899-ca90565587f8,6,6,ይስሐቅም በጌራራ ተቀመጠ። የዚያም ስፍራ ሰዎች ስለ ሚስቱ ስለ ርብቃ ጠየቁት፤ እርሱም፥ “እኅቴ ናት” አላቸው፤
ebc389b0-0705-5678-a9e0-fcca4808ec77,dd5cb3d2-1ea0-5064-a918-4317e7bc7918,f66fdf51-df78-565e-a899-ca90565587f8,7,7,የዚህ ስፍራ ሰዎች ለርብቃ ሲሉ እንዳይገድሉኝ ብሎ ሚስቴ ናት ማለትን ፈርቶአልና፤ እርስዋም ውብ ነበረችና።
998bb292-3363-57ce-a4ae-6969ca0bef41,dd5cb3d2-1ea0-5064-a918-4317e7bc7918,f66fdf51-df78-565e-a899-ca90565587f8,8,8,በዚያም ብዙ ቀን ተቀመጠ። የፍልስጥኤም ንጉሥ አቤሜሌክም በመስኮት ሆኖ በተመለከተ ጊዜ ይስሐቅን ከሚስቱ ከርብቃ ጋር ሲጫወት አየው።
ec12afd7-7747-59d7-adae-9ad5c4d449d1,dd5cb3d2-1ea0-5064-a918-4317e7bc7918,f66fdf51-df78-565e-a899-ca90565587f8,9,9,አቤሜሌክም ይስሐቅን ጠራ፤ እንዲህም አለው፥ “እነሆ፥ ሚስትህ ናት፤ እንዴትስ እርስዋን፦ ‘እኅቴ ናት’ አልህ?” ይስሐቅም፥ “በእርስዋ ምክንያት እንዳልሞት ብዬ ነው” አለው።
c51161d1-7ed3-5c50-aa51-445bd3b712f6,dd5cb3d2-1ea0-5064-a918-4317e7bc7918,f66fdf51-df78-565e-a899-ca90565587f8,10,10,አቤሜሌክም አለ፥ “ይህ ያደረግህብን ምንድን ነው? ከሕዝቡ አንዱ ባለማወቅ ከሚስትህ ጋር ሊተኛ ጥቂት በቀረው ነበር፤ ኀጢአትንም ልታመጣብን ነበር።”
678b32ae-c2c2-5fb0-af44-8044c4b2d39f,dd5cb3d2-1ea0-5064-a918-4317e7bc7918,f66fdf51-df78-565e-a899-ca90565587f8,11,11,አቤሜሌክም ሕዝቡን ሁሉ፥ “ይህን ሰው፥ ሚስቱንም የሚነካ ፍርዱ ክፉ ሞት ነው” ብሎ አዘዘ።
6b2ec3b5-cbc4-525f-a130-a298970dc838,dd5cb3d2-1ea0-5064-a918-4317e7bc7918,f66fdf51-df78-565e-a899-ca90565587f8,12,12,ይስሐቅም በዚያች ምድር ዘርን ዘራ፤ በዚያች ዓመትም መቶ እጥፍ ገብስ አገኘ፤ እግዚአብሔርም ባረከው።
a4f5d26b-7f22-5943-a31e-e0b6b366f43e,dd5cb3d2-1ea0-5064-a918-4317e7bc7918,f66fdf51-df78-565e-a899-ca90565587f8,13,13,ከፍ ከፍም አለ፤ እጅግም ታላቅ እስኪሆን ድረስ እየጨመረ ይበዛ ነበር፤
72dd6e8f-dbdc-54e4-a601-669a0af87b4d,dd5cb3d2-1ea0-5064-a918-4317e7bc7918,f66fdf51-df78-565e-a899-ca90565587f8,14,14,ወንዶችና ሴቶች አገልጋዮችን፥ ብዙ በጎችንና ላሞችን፥ የእርሻ መሬትንም ገዛ፤ የፍልስጥኤም ሰዎችም ቀኑበት።
b445ba02-3fb6-527a-a486-0eb84b1255b8,dd5cb3d2-1ea0-5064-a918-4317e7bc7918,f66fdf51-df78-565e-a899-ca90565587f8,15,15,በአባቱ በአብርሃም ዘመን የአባቱ ሎሌዎች የማሱአቸውን ጕድጓዶች ሁሉ የፍልስጥኤም ሰዎች ደፈኑአቸው፤ አፈርንም ሞሉባቸው።
db19d0c8-272f-538c-ac05-3fd0f64054cb,dd5cb3d2-1ea0-5064-a918-4317e7bc7918,f66fdf51-df78-565e-a899-ca90565587f8,16,16,አቤሜሌክም ይስሐቅን፥ “ከእኛ ተለይተህ ሂድ፤ ከእኛ ይልቅ እጅግ በርትተሃልና” አለው።
b732a2e7-cf32-5462-ac98-669d8df54347,dd5cb3d2-1ea0-5064-a918-4317e7bc7918,f66fdf51-df78-565e-a899-ca90565587f8,17,17,ይስሐቅም ከዚያ ሄደ፤ በጌራራም ሸለቆ ሰፈረ፤ በዚያም ተቀመጠ።
a4384a6e-6fb9-54a1-acb3-84dcaa1f108b,dd5cb3d2-1ea0-5064-a918-4317e7bc7918,f66fdf51-df78-565e-a899-ca90565587f8,18,18,ይስሐቅም የአባቱ የአብርሃም አገልጋዮች ቈፍረዋቸው የነበሩትን የውኃ ጕድጓዶች ደግሞ አስቈፈረ፤ አባቱ አብርሃም ከሞተ በኋላ የፍልስጥኤም ሰዎች ደፍነዋቸው ነበርና፤ አባቱም አብርሃም ይጠራቸው በነበረው ስም ጠራቸው።
6097aef1-2f5d-5b7e-a8ef-2c8aa4882511,dd5cb3d2-1ea0-5064-a918-4317e7bc7918,f66fdf51-df78-565e-a899-ca90565587f8,19,19,የይስሐቅ ሎሌዎችም በጌራራ ሸለቆ ውስጥ ጕድጓድ ቈፈሩ፤ በዚያም ጣፋጭ የውኃ ምንጭ አገኙ።
d548c95d-4a5b-53ff-a41d-f6f3af08e24e,dd5cb3d2-1ea0-5064-a918-4317e7bc7918,f66fdf51-df78-565e-a899-ca90565587f8,20,20,የጌራራ እረኞች ከይስሐቅ እረኞች ጋር፥ “ውኃው የእኛ ነው” ሲሉ ተጣሉ፤ የዚያችንም ጕድጓድ ስም “ዐዘቅተ ዐመፃ” ብሎ ጠራት፤ እነርሱ በድለውታልና።
97a6e369-9bde-5192-a1be-b9e0534a5dd5,dd5cb3d2-1ea0-5064-a918-4317e7bc7918,f66fdf51-df78-565e-a899-ca90565587f8,21,21,ይስሐቅም ከዚያ ሄደ በዚያም ሌላ ጕድጓድ ማሰ፥ ስለ እርስዋም ደግሞ ተጣሉት፤ ስምዋንም “ጽልእ” ብሎ ጠራት።
a04679b5-0de9-5306-aba7-f8cde613946f,dd5cb3d2-1ea0-5064-a918-4317e7bc7918,f66fdf51-df78-565e-a899-ca90565587f8,22,22,ከዚያም እልፍ ብሎ ሌላ ጕድጓድ ቈፈረ፤ ስለ እርስዋም አልተጣሉትም፤ ስምዋንም “መርኅብ” ብሎ ጠራት፤ እንዲህ ሲል፥ “አሁን እግዚአብሔር አሰፋልን፤ በምድርም አበዛን።”
55e8fa98-5932-5b1a-a65f-ec1283f93e07,dd5cb3d2-1ea0-5064-a918-4317e7bc7918,f66fdf51-df78-565e-a899-ca90565587f8,23,23,ከዚያም ወደ ዐዘቅተ መሐላ ሄደ።
7564a8ec-eb1b-5275-a97d-d74f829e3315,dd5cb3d2-1ea0-5064-a918-4317e7bc7918,f66fdf51-df78-565e-a899-ca90565587f8,24,24,በዚያችም ሌሊት እግዚአብሔር ተገለጠለት፤ እንዲህም አለው፥ “እኔ የአባትህ የአብርሃም አምላክ ነኝ፤ አትፍራ፤ እኔ ከአንተ ጋር ነኝና፤ እባርክሃለሁ፤ ስለ አባትህ ስለ አብርሃም ዘርህን አበዛዋለሁ።”
354d48a9-7e1c-5d66-a834-1cb41dba4ffe,dd5cb3d2-1ea0-5064-a918-4317e7bc7918,f66fdf51-df78-565e-a899-ca90565587f8,25,25,በዚያም ለአምላኩ ለእግዚአብሔር መሠውያን ሠራ፤ የእግዚአብሔርንም ስም ጠራ፤ በዚያም ድንኳን ተከለ፤ የይስሐቅም ሎሌዎች በዚያ ጕድጓድ ማሱ።
44e15451-e47c-558a-abbe-98b9fd04d268,dd5cb3d2-1ea0-5064-a918-4317e7bc7918,fff4593d-d1d6-508c-ac73-9af443cceb05,1,26,አቤሜሌክና ሚዜው አኮዘት፥ የሠራዊቱም አለቃ ፋኮል ከጌራራ ወደ እርሱ ሄዱ።
88e7bbfa-bf6d-5565-a9e5-d41c565588b1,dd5cb3d2-1ea0-5064-a918-4317e7bc7918,fff4593d-d1d6-508c-ac73-9af443cceb05,2,27,ይስሐቅም፥ “ለምን ወደ እኔ መጣችሁ? እናንተ ጠልታችሁኛል፤ ከእናንተም ለይታችሁ አሳድዳችሁኛልና” አላቸው።
48cb8544-41e2-5b20-a237-b7065d592d01,dd5cb3d2-1ea0-5064-a918-4317e7bc7918,fff4593d-d1d6-508c-ac73-9af443cceb05,3,28,እነርሱም አሉት፥ “እኛ የጠላንህ አይደለም፤ በመልካም አኑረን፥ በመልካም አሰናበትንህ እንጂ፥ አሁንም አንተ ለአምላክህ ለእግዚአብሔር ቡሩክ ነህ።
7eb7cfe3-107f-5607-a424-ceff91f16546,dd5cb3d2-1ea0-5064-a918-4317e7bc7918,fff4593d-d1d6-508c-ac73-9af443cceb05,4,29,አምላክህ እግዚአብሔርም ከአንተ ጋር እንደ አለ በአየን ጊዜ በአንተና በእኛ መካከል መሐላ ይሁን፤ አንተ በእኛ ላይ ክፉ እንዳታደርግ፤ እኛም በአንተ ላይ ክፉ እንዳናደርግ እንማማላለን።”
574a582b-56a9-5f75-a5e2-9aa5762b8dc4,dd5cb3d2-1ea0-5064-a918-4317e7bc7918,fff4593d-d1d6-508c-ac73-9af443cceb05,5,30,ይስሐቅም ማዕድ አቀረበላቸው፤ በሉም፤ ጠጡም።
d95dd920-ca40-5acf-af2e-4f6516d9c704,dd5cb3d2-1ea0-5064-a918-4317e7bc7918,fff4593d-d1d6-508c-ac73-9af443cceb05,6,31,ማልደውም ተነሡ፤ እርስ በርሳቸውም ተማማሉ፤ ይስሐቅም አሰናበታቸው፤ ከእርሱም በደኅና ሄዱ።
ca3c6945-7fb7-54cd-af41-9878e576e371,dd5cb3d2-1ea0-5064-a918-4317e7bc7918,fff4593d-d1d6-508c-ac73-9af443cceb05,7,32,በዚያም ቀን የይስሐቅ ሎሌዎች መጡ፤ ስለ ቈፈሩአትም ጕድጓድ፥ ውኃ አገኘን ብለው ነገሩት።
bc69a396-edd5-58dd-a495-bab3e250c57a,dd5cb3d2-1ea0-5064-a918-4317e7bc7918,fff4593d-d1d6-508c-ac73-9af443cceb05,8,33,ስምዋንም “መሐላ” ብሎ ጠራት፤ ስለዚህም የከተማዪቱ ስም እስከ ዛሬ ድረስ “ዐዘቅተ መሐላ” ይባላል።
005e1a49-54df-57ad-a273-67f30aa8ef04,dd5cb3d2-1ea0-5064-a918-4317e7bc7918,1cfe2314-3daa-5f46-a94b-42acc16d9d22,1,34,ዔሳውም አርባ ዓመት ሲሆነው የኬጢያዊው የብኤልን ልጅ ዮዲትን፥ የኬጢያዊው የኤሎንን ልጅ ቤሴሞትንም ሚስቶች አድርጎ አገባ፤
eb6d0d67-1efd-5429-a899-d51b5df43025,dd5cb3d2-1ea0-5064-a918-4317e7bc7918,1cfe2314-3daa-5f46-a94b-42acc16d9d22,2,35,እነርሱም ይስሐቅንና ርብቃን ያሳዝኑ ነበር።
82948939-bf98-5c10-aa7f-c761c58f2d24,15dd107e-c14f-5752-ae60-46eb9c3e6453,c116f4f9-19a4-5dbe-acf1-efe5252ac349,1,1,እንዲህም ሆነ፦ ይስሐቅ ፈጽሞ ከአረጀ በኋላ ዐይኖቹ ፈዝዘው አያይም ነበር። ታላቁን ልጁን ዔሳውንም ጠርቶ፥ “ልጄ ሆይ፥” አለው፤ እርሱም፥ “እነሆ አለሁ” አለው።
fd20f1b4-d712-5c44-a583-d21820defe5e,15dd107e-c14f-5752-ae60-46eb9c3e6453,c116f4f9-19a4-5dbe-acf1-efe5252ac349,2,2,እርሱም አለው፥ “እነሆ እኔ አረጀሁ፤ የምሞትበትን ቀን አላውቅም።
0e9d3eb1-50af-5291-ad8b-554231893f55,15dd107e-c14f-5752-ae60-46eb9c3e6453,c116f4f9-19a4-5dbe-acf1-efe5252ac349,3,3,አሁንም ማደኛህን የፍላጻህን አፎትና ቀስትህን ውሰድ፤ ወደ ምድረ በዳም ውጣ፤ አደንም አድንልኝ፤
2a2ffad5-b8ee-5161-a862-d3787e72797b,15dd107e-c14f-5752-ae60-46eb9c3e6453,c116f4f9-19a4-5dbe-acf1-efe5252ac349,4,4,ሳልሞትም ነፍሴ እንድትባርክህ እኔ እንደምወደው መብል አዘጋጅተህ እበላ ዘንድ አምጣልኝ።”
d923a728-f2dc-5c2b-a8c0-26b781891883,15dd107e-c14f-5752-ae60-46eb9c3e6453,c116f4f9-19a4-5dbe-acf1-efe5252ac349,5,5,ርብቃም ይስሐቅ ለልጁ ለዔሳው እንደዚህ ሲነግር ትሰማ ነበር። ዔሳውም ለአባቱ አደን ሊያድን ወደ ምድረ በዳ ሄደ።
4063434a-84fe-51ba-aab2-fab9b0166123,15dd107e-c14f-5752-ae60-46eb9c3e6453,c116f4f9-19a4-5dbe-acf1-efe5252ac349,6,6,ርብቃም ታናሹ ልጅዋን ያዕቆብን እንዲህ አለችው፦
cb421d09-5153-5774-a93e-e7e241fec14f,15dd107e-c14f-5752-ae60-46eb9c3e6453,c116f4f9-19a4-5dbe-acf1-efe5252ac349,7,7,“እነሆ፥ አባትህ ለወንድምህ ለዔሳው፦ እንዲህ ሲለው ሰማሁ፤ ‘ሂድና ከአደንኸው መብል አዘጋጅተህ አምጣልኝ፤ ሳልሞትም በልች በእግዚአብሔር ፊት ልባርክህ።’
bb9344da-dc37-5247-a437-9157aeae7dfc,15dd107e-c14f-5752-ae60-46eb9c3e6453,c116f4f9-19a4-5dbe-acf1-efe5252ac349,8,8,አሁንም ልጄ ሆይ፥ እኔ እንደማዝዝህ ስማኝ፤
26f89d6d-9ca1-5864-a515-b2c06314e4a5,15dd107e-c14f-5752-ae60-46eb9c3e6453,c116f4f9-19a4-5dbe-acf1-efe5252ac349,9,9,ወደ በጎቻችን ሄደህ ሁለት መልካም ጠቦቶች አምጣልኝ፤ እነርሱንም ለአባትህ እንደሚወደው መብል አደርጋቸዋለሁ፤
7d31b872-95f7-5a49-ae65-abddad092724,15dd107e-c14f-5752-ae60-46eb9c3e6453,c116f4f9-19a4-5dbe-acf1-efe5252ac349,10,10,ለአባትህም ሳይሞት እንዲባርክህ፥ ይበላ ዘንድ ትወስድለታለህ።”
3e8d0301-e451-5589-a745-cc3e7253fcee,15dd107e-c14f-5752-ae60-46eb9c3e6453,c116f4f9-19a4-5dbe-acf1-efe5252ac349,11,11,ያዕቆብም እናቱን ርብቃን፥ “እነሆ ዔሳው ወንድሜ ጠጕራም ሰው ነው፥ እኔ ግን ለስላሳ ነኝ፤
57fb593b-a8f4-5708-ad25-8035f9adaf1f,15dd107e-c14f-5752-ae60-46eb9c3e6453,c116f4f9-19a4-5dbe-acf1-efe5252ac349,12,12,ምናልባት አባቴ ቢዳስሰኝ በፊቱ እንደምንቀው እሆናለሁ፤ መርገምን በላዬ አመጣለሁ፤ በረከትንም አይደለም።”
dfb72132-cf1d-579d-afc9-d9964abcda44,15dd107e-c14f-5752-ae60-46eb9c3e6453,c116f4f9-19a4-5dbe-acf1-efe5252ac349,13,13,እናቱም አለችው፥ “ልጄ ሆይ፥ መርገምህ በእኔ ላይ ይሁን፥ ቃሌን ብቻ ስማኝ፤ ሂድና ያልሁህን አምጣልኝ።”
056dc185-75e8-5b4c-a0c5-16616ec2b9e7,15dd107e-c14f-5752-ae60-46eb9c3e6453,c116f4f9-19a4-5dbe-acf1-efe5252ac349,14,14,ሄዶም አመጣ፤ ለእናቱም ሰጣት፤ እናቱም መብልን አባቱ እንደሚወድደው አደረገች።
105e52c4-307e-5121-a356-376f024e5d01,15dd107e-c14f-5752-ae60-46eb9c3e6453,c116f4f9-19a4-5dbe-acf1-efe5252ac349,15,15,ርብቃም ከእርስዋ ዘንድ በቤት የነበረውን የታላቁን ልጅዋን የዔሳውን መልካሙን ልብስ አመጣች፤ ለታናሹ ልጅዋ ለያዕቆብም አለበሰችው፤
50a11457-ec15-53d2-a349-0d96b2510df1,15dd107e-c14f-5752-ae60-46eb9c3e6453,c116f4f9-19a4-5dbe-acf1-efe5252ac349,16,16,የጠቦቶችንም ለምድ በእጆቹና በለስላሳው አንገቱ ላይ አደረገች፤
2ba47b2a-fb65-54a3-a057-63f3a477308d,15dd107e-c14f-5752-ae60-46eb9c3e6453,c116f4f9-19a4-5dbe-acf1-efe5252ac349,17,17,ያን የሠራችውን መብልና እንጀራውን ለልጅዋ ለያዕቆብ በእጁ ሰጠችው።
ea1fd75e-c06a-508e-aa54-c04f120d7a0d,15dd107e-c14f-5752-ae60-46eb9c3e6453,c116f4f9-19a4-5dbe-acf1-efe5252ac349,18,18,ወደ አባቱም አግብቶ፥ “አባቴ ሆይ፥” አለው፦ እርሱም፥ “እነሆኝ፤ ልጄ ሆይ፥ አንተ ማን ነህ?” አለ።
875b51d2-b05b-57c9-ae02-2102b61190f9,15dd107e-c14f-5752-ae60-46eb9c3e6453,c116f4f9-19a4-5dbe-acf1-efe5252ac349,19,19,ያዕቆብም አባቱን አለው፥ “የበኵር ልጅህ እኔ ዔሳው ነኝ፤ እንዳዘዝኸኝ አደረግሁ፤ ነፍስህ ትባርከኝ ዘንድ ቀና ብለህ ተቀመጥ፤ ካደንሁትም ብላ።”
0fd91222-2dbd-5b02-af34-0edbdd8bf686,15dd107e-c14f-5752-ae60-46eb9c3e6453,c116f4f9-19a4-5dbe-acf1-efe5252ac349,20,20,ይስሐቅም ልጁን፥ “ልጄ ሆይ፥ ፈጥነህ ያገኘኸው ይህ ምንድን ነው?” አለው። እርሱም፥ “አምላክህ እግዚአብሔር በፊቴ የሰጠኝ ነው” አለ።
6d7bbbed-ed25-5bcc-aaa8-eebf953bcdee,15dd107e-c14f-5752-ae60-46eb9c3e6453,c116f4f9-19a4-5dbe-acf1-efe5252ac349,21,21,ይስሐቅም ያዕቆብን፥ “ልጄ ሆይ፥ አንተ ልጄ ዔሳው እንደ ሆንህ ወይም እንዳልሆንህ ቅረበኝና ልዳስስህ” አለው።
b1cf0dd5-c9f9-5cfb-a759-142b53a91640,15dd107e-c14f-5752-ae60-46eb9c3e6453,c116f4f9-19a4-5dbe-acf1-efe5252ac349,22,22,ያዕቆብም ወደ አባቱ ወደ ይስሐቅ ቀረበ፤ ዳሰሰውም፤ እንዲህም አለው፥ “ይህ ድምፅ የያዕቆብ ድምፅ ነው፥ እጆች ግን የዔሳው እጆች ናቸው” አለው።
ec85fce0-a82f-554a-ad06-ca5ec6f84015,15dd107e-c14f-5752-ae60-46eb9c3e6453,c116f4f9-19a4-5dbe-acf1-efe5252ac349,23,23,እርሱም አላወቀውም ነበር፤ እጆቹ እንደ ወንድሙ እንደ ዔሳው እጆች ጠጕራም ነበሩና፤ ይስሐቅም ባረከው ።
9ac5503c-0a28-5ede-a8e7-850b2e9813a5,15dd107e-c14f-5752-ae60-46eb9c3e6453,c116f4f9-19a4-5dbe-acf1-efe5252ac349,24,24,አለውም፥ “አንተ ልጄ ዔሳው ነህን?” እርሱም፥ “እኔ ነኝ” አለ።
16978661-4acb-53e0-a801-3cafdc873567,15dd107e-c14f-5752-ae60-46eb9c3e6453,c116f4f9-19a4-5dbe-acf1-efe5252ac349,25,25,እርሱም፥ “ልጄ ሆይ፥ ከአደንኸው እንድበላና ነፍሴ እንድትባርክህ አምጣልኝ” አለው። አቀረበለትም፤ በላም፤ ወይንም አመጣለት፤ እርሱም ጠጣ።
7d18e581-86d9-5e49-abf2-9f659bb08dd7,15dd107e-c14f-5752-ae60-46eb9c3e6453,c116f4f9-19a4-5dbe-acf1-efe5252ac349,26,26,አባቱ ይስሐቅም፥ “ልጄ ሆይ፥ ወደ እኔ ቅረብ፤ ሳመኝም” አለው።
81bd675c-12cd-5477-a0c3-900806f11556,15dd107e-c14f-5752-ae60-46eb9c3e6453,c116f4f9-19a4-5dbe-acf1-efe5252ac349,27,27,ወደ እርሱም ቀረበ፤ ሳመውም፤ የልብሱንም ሽታ አሸተተ፤ ባረከውም፤ እንዲህም አለ፥ “የልጄ ሽታ እግዚአብሔር እንደ ባረከው የእርሻ ሽታ ነው፤
538aeb92-6f76-5479-aba3-2e0958ea06e4,15dd107e-c14f-5752-ae60-46eb9c3e6453,c116f4f9-19a4-5dbe-acf1-efe5252ac349,28,28,እግዚአብሔርም ከሰማይ ጠል፥ ከምድርም ስብ፥ የእህልንም፥ የወይንንም፥ የዘይትንም ብዛት ይስጥህ፤
5b5162cf-53c8-5e5c-a6a9-89cf1f7dce17,15dd107e-c14f-5752-ae60-46eb9c3e6453,c116f4f9-19a4-5dbe-acf1-efe5252ac349,29,29,አሕዛብ ይገዙልህ፤ አለቆችም ይስገዱልህ፤ ለወንድምህ ጌታ ሁን፤ የአባትህም ልጆች ይስገዱልህ፤ የሚረግምህ እርሱ ርጉም ይሁን፤ የሚባርክህም ቡሩክ ይሁን።”
bd936db1-989e-5948-a0da-ae1624eb5286,15dd107e-c14f-5752-ae60-46eb9c3e6453,4884c9ba-39db-5b4f-ab96-9abe893bcbbb,1,30,ይስሐቅም ያዕቆብን ባርኮ ከፈጸመ በኋላ፥ ያዕቆብ ከአባቱ ከይስሐቅ ፊት ወጣ፥ ወንድሙ ዔሳውም ከአደኑ መጣ፤
fd108cde-aa90-555b-ab65-85ad2a332d83,15dd107e-c14f-5752-ae60-46eb9c3e6453,4884c9ba-39db-5b4f-ab96-9abe893bcbbb,2,31,እርሱም ደግሞ መብል አዘጋጀ፥ ለአባቱም አመጣ፤ አባቱንም፥ “አባቴ ተነሥ፤ ነፍስህም ትባርከኝ ዘንድ ልጅህ ከአደነው ብላ” አለው።
82ab02c8-a638-59be-a44d-a314784fda95,15dd107e-c14f-5752-ae60-46eb9c3e6453,4884c9ba-39db-5b4f-ab96-9abe893bcbbb,3,32,አባቱ ይስሐቅም፥ “አንተ ማን ነህ?” አለው። እርሱም፥ “እኔ የበኵር ልጅህ ዔሳው ነኝ” አለው።
79851eca-00ec-5200-ac17-c69f6ab5df47,15dd107e-c14f-5752-ae60-46eb9c3e6453,4884c9ba-39db-5b4f-ab96-9abe893bcbbb,4,33,ይስሐቅም እጅግ ደነገጠ፤ እንዲህም አለ፥ “ያደነውን አደን ወደ እኔ ያመጣው ማን ነው? አንተ ሳትመጣም ከሁሉ በላሁ፤ ባረክሁትም፤ እርሱም የተባረከ ነው።”
51a224e1-4652-50bf-a10c-ac3f2e6c7ce6,15dd107e-c14f-5752-ae60-46eb9c3e6453,4884c9ba-39db-5b4f-ab96-9abe893bcbbb,5,34,ዔሳውም የአባቱን ቃል በሰማ ጊዜ ታላቅ፥ እጅግም መራራ ጩኸት ጮኸ፤ አባቱንም፥ “አባቴ ሆይ፥ እኔንም ደግሞ ባርከኝ” አለው።
e88fbf58-7893-50f1-a62c-645522f8a20c,15dd107e-c14f-5752-ae60-46eb9c3e6453,4884c9ba-39db-5b4f-ab96-9abe893bcbbb,6,35,ይስሐቅም ዔሳውን አለው፥ “ወንድምህ በተንኰል መጥቶ በረከትህን ወሰደብህ።”
15ca7759-0262-5ab1-abc2-86323728a09a,15dd107e-c14f-5752-ae60-46eb9c3e6453,4884c9ba-39db-5b4f-ab96-9abe893bcbbb,7,36,ዔሳውም አለ፥ “በእውነት ስሙ ያዕቆብ ተባለ፤ ሁለት ጊዜ አሰናክሎኛልና፤ መጀመሪያ ብኵርናዬን ወሰደ፤ አሁንም እነሆ በረከቴን ወሰደ።” ዔሳውም አባቱን አለው፥ “ደግሞም አባቴ ሆይ፥ ለእኔ በረከትን አላስቀረህልኝምን?”
60649fc1-e93a-5868-ab60-3abf0e6a68a0,15dd107e-c14f-5752-ae60-46eb9c3e6453,4884c9ba-39db-5b4f-ab96-9abe893bcbbb,8,37,ይስሐቅም መለሰ ዔሳውንም አለው፥ “እነሆ ጌታህ አደረግሁት፤ ወንድሞቹንም ሁሉ ለእርሱ ተገዦች አደረግኋቸው፤ እህሉን፥ ወይኑንና ዘይቱንም አበዛሁለት፤ ለአንተ ግን፥ ልጄ ሆይ፥ ምን ላድርግልህ?”
e2904e5c-050c-5128-a916-620bb2b0bf0a,15dd107e-c14f-5752-ae60-46eb9c3e6453,4884c9ba-39db-5b4f-ab96-9abe893bcbbb,9,38,ዔሳውም አባቱን ይስሐቅን አለው፥ “አባቴ ሆይ፥ በረከትህ አንዲት ብቻ ናትን? አባቴ ሆይ፥ እኔንም ደግሞ ባርከኝ።” ዔሳውም ጮሆ አለቀሰ።
e3374d5b-95e1-5dd7-a050-17d2e53d8959,15dd107e-c14f-5752-ae60-46eb9c3e6453,4884c9ba-39db-5b4f-ab96-9abe893bcbbb,10,39,አባቱ ይስሐቅም መለሰ፤ አለውም፥ “እነሆ መኖሪያህ ከላይ ከሰማይ ጠል፥ ከምድርም ስብ ይሁን፤
6adf2882-766c-5e0e-ac26-6466bfdd121b,15dd107e-c14f-5752-ae60-46eb9c3e6453,4884c9ba-39db-5b4f-ab96-9abe893bcbbb,11,40,በሰይፍህም ትኖራለህ፤ ለወንድምህም ትገዛለህ፤ ነገር ግን ቀንበሩን ከአንገትህ ልትጥል ብትወድድ ከእርሱ ጋር ተስማማ።”
b927932d-3a16-56e5-a912-75e00d4912b3,15dd107e-c14f-5752-ae60-46eb9c3e6453,4884c9ba-39db-5b4f-ab96-9abe893bcbbb,12,41,ዔሳውም አባቱ ስለ ባረከው በያዕቆብ ቂም ያዘበት፤ ዔሳውም በልቡ አለ፥ “ለአባቴ የልቅሶ ቀን ትቅረብ፤ ወንድሜን ያዕቆብን እገድለዋለሁ።”
0f2c6aa2-48fa-5de6-a6bf-003e08934d86,15dd107e-c14f-5752-ae60-46eb9c3e6453,4884c9ba-39db-5b4f-ab96-9abe893bcbbb,13,42,ለርብቃም ታላቁ ልጅዋ ዔሳው ያለው ተነገራት፤ ታናሹን ልጅዋን ያዕቆብንም ልካ ጠራችው፤ አለችውም፥ “እነሆ ወንድምህ ዔሳው ያድድንሃል፤ ሊገድልህም ይፈልጋል።
2d32565e-8c18-5fa2-afbd-ffa4385eed21,15dd107e-c14f-5752-ae60-46eb9c3e6453,4884c9ba-39db-5b4f-ab96-9abe893bcbbb,14,43,አሁንም ልጄ ሆይ፥ ቃሌን ስማ፤ ተነሣና በሶርያ ወንዞች መካከል ወደ ካራን ምድር ወደ ወንድሜ ወደ ላባ ሂድ፤
b192eeb9-7fde-5238-a1c2-cd9f3462e80a,15dd107e-c14f-5752-ae60-46eb9c3e6453,4884c9ba-39db-5b4f-ab96-9abe893bcbbb,15,44,በእርሱም ዘንድ ጥቂት ቀን ተቀመጥ። የወንድምህ ቍጣ ከአንተ እስኪበርድ ድረስ፥
17b300f9-fc2f-586c-a87d-af9623c329c5,15dd107e-c14f-5752-ae60-46eb9c3e6453,4884c9ba-39db-5b4f-ab96-9abe893bcbbb,16,45,ያደረግህበትንም እስኪረሳው ድረስ፤ በአንድ ቀን ሁለታችሁን እንዳላጣ፥ ከዚያም ልኬ አመጣሃለሁ።”
3c79d9d2-dfb3-5d04-a29f-4eee5403f835,15dd107e-c14f-5752-ae60-46eb9c3e6453,2f2abe8d-a5ec-5c14-af67-b9d124ca0c1a,1,46,ርብቃም ይስሐቅን አለችው፥ “ከኬጢ ሴቶች ልጆች የተነሣ ሕይወቴን ጠላሁት፤ ያዕቆብ ከዚህ ሀገር ሴቶች ልጆች ሚስትን የሚያገባ ከሆነ በሕይወት መኖር ለእኔ ምኔ ነው?”
b1b09c1d-468a-5a01-ad13-451f684af9ee,964d2d6a-fa95-55d4-a71d-ceb9beeb37ce,261b200e-b483-5119-a9bd-3c835d6abfb1,1,1,ይስሐቅም ያዕቆብን ጠራው፤ ባረከውም፥ እንዲህም ብሎ አዘዘው፥ “ከከነዓናውያን ሴቶች ልጆች ሚስትን አታግባ፤
50fa9961-4552-50d7-a127-c15cdc896137,964d2d6a-fa95-55d4-a71d-ceb9beeb37ce,261b200e-b483-5119-a9bd-3c835d6abfb1,2,2,ተነሣና ወደ እናትህ አባት ወደ ባቱኤል ቤት ወደ ሁለቱ ወንዞች መካከል ሂድ፤ ከዚያም ከእናትህ ከርብቃ ወንድም ከላባ ሴቶች ልጆች ሚስትን አግባ።
570516e4-8572-5d37-a49d-e1edfeba7c6c,964d2d6a-fa95-55d4-a71d-ceb9beeb37ce,261b200e-b483-5119-a9bd-3c835d6abfb1,3,3,አምላኬ ከአንተ ጋር ይሂድ፤ ከፍ ከፍም ያድርግህ፤ ይባርክህ፤ ያብዛህ፤ ብዙ ሕዝብም ሁን ፤
19c5aea5-24d7-5d9c-ad69-8dfa360c89a8,964d2d6a-fa95-55d4-a71d-ceb9beeb37ce,261b200e-b483-5119-a9bd-3c835d6abfb1,4,4,ስደተኛ ሆነህ የተቀመጥህባትን፥ እግዚአብሔር ለአብርሃም የሰጣትን ምድር ትወርስ ዘንድ የአባቴን የአብርሃምን በረከት ለአንተ ይስጥህ፤ ከአንተም በኋላ ለዘርህ።”
0947337d-157d-59eb-a88f-4a3758409f51,964d2d6a-fa95-55d4-a71d-ceb9beeb37ce,261b200e-b483-5119-a9bd-3c835d6abfb1,5,5,ይስሐቅም ልጁ ያዕቆብን ላከው፤ እርሱም የያዕቆብና የዔሳው እናት የርብቃ ወንድም የሚሆን የሶርያዊው ባቱኤል ልጅ ላባ ወዳለበት ወደ ሁለቱ ወንዞች መካከል ሄደ።
fbfac41e-7141-577b-a7aa-b6b845c80a11,964d2d6a-fa95-55d4-a71d-ceb9beeb37ce,fc00c069-f213-506c-a300-e1273b2695b1,1,6,ዔሳውም ይስሐቅ ያዕቆብን እንደ ባረከው በአየ ጊዜ ከዚያም ሚስትን ያገባ ዘንድ ወደ ሁለቱ የሶርያ ወንዞች መካከል እንደ ላከው፥ በባረከውም ጊዜ፥ “ከከነዓን ሴቶች ልጆች ሚስትን አታግባ” ብሎ እንዳዘዘው፥
16508794-9157-5c22-a21f-f051007aa5ae,964d2d6a-fa95-55d4-a71d-ceb9beeb37ce,fc00c069-f213-506c-a300-e1273b2695b1,2,7,ያዕቆብም የአባቱንና የእናቱን ቃል ሰምቶ ወደ ሁለቱ ወንዞች መካከል እንደ ሄደ፥
1350ab56-5a44-5fd2-aa0c-bdf1ad4462e4,964d2d6a-fa95-55d4-a71d-ceb9beeb37ce,fc00c069-f213-506c-a300-e1273b2695b1,3,8,የከነዓናውያንም ሴቶች ልጆች በአባቱ በይስሐቅ ፊት የተጠሉ እንደ ሆኑ ዔሳው በአየ ጊዜ፥
a770b692-12b7-5192-a97f-a558fe766cb2,964d2d6a-fa95-55d4-a71d-ceb9beeb37ce,fc00c069-f213-506c-a300-e1273b2695b1,4,9,ዔሳው ወደ ይስማኤል ሄደ፤ ቤሴሞትንም በፊት ካሉ ሚስቶቹ ጋር ሚስት ትሆነው ዘንድ ወሰዳት፤ እርስዋም የናኮር ወንድም የአብርሃም ልጅ የሆነው የይስማኤል ልጅና የናቡዓት እኅት ናት።
9bf3ae46-56fb-5b4c-af2c-0d8d0484f4fe,964d2d6a-fa95-55d4-a71d-ceb9beeb37ce,3bf5bc33-6d43-5a9f-a8e2-45cd6bd1686f,1,10,ያዕቆብም ከአዘቅተ መሐላ ወጥቶ ወደ ካራን ሄደ።
758c936a-906f-538c-ab50-be199e66dffa,964d2d6a-fa95-55d4-a71d-ceb9beeb37ce,3bf5bc33-6d43-5a9f-a8e2-45cd6bd1686f,2,11,ወደ አንድ ስፍራም ደረሰ፤ ፀሐይም ጠልቃ ነበርና በዚያ አደረ፤ ከዚያም ስፍራ ድንጋዮች አንድ ድንጋይ አነሣ፤ ከራሱም በታች ተንተርሶ በዚያ ስፍራ ተኛ።
ac801598-68b8-5518-aa1a-0e9805ead7a1,964d2d6a-fa95-55d4-a71d-ceb9beeb37ce,3bf5bc33-6d43-5a9f-a8e2-45cd6bd1686f,3,12,ሕልምም አለመ፤ እነሆም መሰላል በምድር ላይ ተተክሎ፥ ራሱም ወደ ሰማይ ደርሶ፥ እነሆም የእግዚአብሔር መላእክት ይወጡበትና ይወርዱበት ነበር።
45bef4a3-66b4-5509-ad05-96734fac15d8,964d2d6a-fa95-55d4-a71d-ceb9beeb37ce,3bf5bc33-6d43-5a9f-a8e2-45cd6bd1686f,4,13,እነሆም፥ እግዚአብሔር በላዩ ቆሞበት ነበር፥ እንዲህም አለ፥ “የአባትህ የአብርሃም አምላክ የይስሐቅም አምላክ እኔ እግዚአብሔር ነኝ፤ አትፍራ፥ ይህችን አንተ የተኛህባትን ምድር ለአንተም ለዘርህም እሰጣለሁ፤
3f487f54-9359-5833-a44f-38e71f7788f3,964d2d6a-fa95-55d4-a71d-ceb9beeb37ce,3bf5bc33-6d43-5a9f-a8e2-45cd6bd1686f,5,14,ዘርህም እንደ ባሕር አሸዋ ይሆናል፤ እስከ ባሕርና እስከ አዜብ እስከ መስዕና እስከ ምሥራቅ ይበዛል፤ ይሞላልም፤ የምድርም ሕዝቦች ሁሉ በአንተ፥ በዘርህም ይባረካሉ።
564bf298-0c35-5313-af81-ec332087ee78,964d2d6a-fa95-55d4-a71d-ceb9beeb37ce,3bf5bc33-6d43-5a9f-a8e2-45cd6bd1686f,6,15,እነሆም፥ እኔ ከአንተ ጋር እሄዳለሁ፤ በምትሄድበትም መንገድ ሁሉ እጠብቅሃለሁ፤ ወደዚያችም ምድር እመልስሃለሁ፤ የነገርሁህን ሁሉ እስካደርግልህ ድረስ አልተውህምና።”
cd062a53-f7a0-5329-a977-add0176daf77,964d2d6a-fa95-55d4-a71d-ceb9beeb37ce,3bf5bc33-6d43-5a9f-a8e2-45cd6bd1686f,7,16,ያዕቆብም ከእንቅልፉ ተነሥቶ፥ “በእውነት እግዚአብሔር በዚህ ስፍራ አለ፤ እኔ አላወቅሁም ነበር” አለ።
19d8f4a8-a88b-596e-ad55-6acc7ff235b0,964d2d6a-fa95-55d4-a71d-ceb9beeb37ce,3bf5bc33-6d43-5a9f-a8e2-45cd6bd1686f,8,17,ፈራ፤ እንዲህም አለ፥ “ይህ ስፍራ እንዴት ያስፈራ፤ ይህ ስፍራ የእግዚአብሔር ቤት ነው እንጂ ሌላ አይደለም፤ ይህችም የሰማይ ደጅ ናት።”
f4f356fc-7fad-56e0-a420-27351e181bbb,964d2d6a-fa95-55d4-a71d-ceb9beeb37ce,3bf5bc33-6d43-5a9f-a8e2-45cd6bd1686f,9,18,ያዕቆብም ማልዶ ተነሣ፤ ተንተርሷት የነበረችውንም ድንጋይ ወስዶ ሐውልት አድርጎ አቆማት፥ በላይዋም ዘይትን አፈሰሰባት።
3cd384f1-5933-5a6a-abf6-dc4f94d72380,964d2d6a-fa95-55d4-a71d-ceb9beeb37ce,3bf5bc33-6d43-5a9f-a8e2-45cd6bd1686f,10,19,ያዕቆብም ያን ስፍራ ቤቴል ብሎ ጠራው፤ አስቀድሞ ግን የዚያ ከተማ ስም ሎዛ ነበረ።
554fdecb-a135-5654-ae51-959ed88a39e0,964d2d6a-fa95-55d4-a71d-ceb9beeb37ce,3bf5bc33-6d43-5a9f-a8e2-45cd6bd1686f,11,20,ያዕቆብም እንዲህ ብሎ ስእለት ተሳለ፥ “እግዚአብሔር ከእኔ ጋር ቢሆን፥ በምሄድባትም በዚች መንገድ ቢጠብቀኝ፥ የምበላውንም እንጀራ፥ የምለብሰውንም ልብስ ቢሰጠኝ፥
232eaf30-8005-5691-af5f-ee6db010e83b,964d2d6a-fa95-55d4-a71d-ceb9beeb37ce,3bf5bc33-6d43-5a9f-a8e2-45cd6bd1686f,12,21,ወደ አባቴም ቤት በጤና ቢመልሰኝ፥ እግዚአብሔር አምላኬ ይሆንልኛል፤
ceddb742-b489-5880-a3de-a7b7bfbd205a,964d2d6a-fa95-55d4-a71d-ceb9beeb37ce,3bf5bc33-6d43-5a9f-a8e2-45cd6bd1686f,13,22,ለሐውልት ያቆምኋት ይህችም ድንጋይ የእግዚአብሔር ቤት ትሆንልኛለች፤ ከሰጠኸኝም ሁሉ ለአንተ ከዐሥር እጅ አንዱን እሰጥሃለሁ።”
98b0709b-7b67-5ba2-a8c0-ad51385dba3f,21ef10c8-e722-5ded-ae70-412ae45f638b,d3fa5f2c-1781-5db9-ae9b-4c7ed3be6797,1,1,ያዕቆብም በማለዳ ተነሥቶ የያዕቆብና የዔሳው እናት የርብቃ ወንድም የሶርያ ሰው የባቱኤል ልጅ ወደሚሆን ወደ ላባ ሄደ።
3d839b33-1add-5284-a806-efb4c614b755,21ef10c8-e722-5ded-ae70-412ae45f638b,d3fa5f2c-1781-5db9-ae9b-4c7ed3be6797,2,2,በተመለከተም ጊዜ በሜዳው እነሆ ጕድጓድን አየ፤ በዚያም ሦስት የበጎች መንጎች በላዩ ተመስገው ነበር፤ ከዚያች ጕድጓድ በጎቹን ያጠጡ ነበርና፤ በጕድጓድዋም አፍ ታላቅ ድንጋይ ነበረች።
1c6ecaf3-ed7d-5920-a7d8-8c50706c872c,21ef10c8-e722-5ded-ae70-412ae45f638b,d3fa5f2c-1781-5db9-ae9b-4c7ed3be6797,3,3,መንጎችም ሁሉ ከዚያ በተሰበሰቡ ጊዜ እረኞች ድንጋይዋን ከጕድጓዱ አፍ ገለል አድርገው በጎቹን ያጠጡ ነበር፤ ድንጋይዋንም ወደ ስፍራው መልሰው በጕድጓዱ አፍ እንደገና ይገጥሙት ነበር።
e5a1df35-a618-5948-ac36-7e84745f7895,21ef10c8-e722-5ded-ae70-412ae45f638b,d3fa5f2c-1781-5db9-ae9b-4c7ed3be6797,4,4,ያዕቆብም፥ “ወንድሞች ሆይ፥ እናንት ከወዴት ናችሁ?” አላቸው።
dec16477-cded-52e4-a9cd-4652c4835054,21ef10c8-e722-5ded-ae70-412ae45f638b,d3fa5f2c-1781-5db9-ae9b-4c7ed3be6797,5,5,እነርሱም፥ “እኛ ከካራን ነን” አሉት። “የናኮርን ልጅ ላባን ታውቁታላችሁን?” አላቸው። እነርሱም፥ “እናውቀዋለን” አሉት።
a79f5e0c-2625-57aa-a6ac-5b831ec19446,21ef10c8-e722-5ded-ae70-412ae45f638b,d3fa5f2c-1781-5db9-ae9b-4c7ed3be6797,6,6,“እርሱ ደኅና ነውን?” አላቸው። እነርሱም፥ “አዎ ደኅና ነው፤ አሁንም ልጁ ራሔል የአባቷን በጎች ይዛ ትመጣለች” አሉት።
4cfe4e3b-b862-5655-af71-c4b9f440fb85,21ef10c8-e722-5ded-ae70-412ae45f638b,d3fa5f2c-1781-5db9-ae9b-4c7ed3be6797,7,7,እርሱም፥ “ቀኑ ገና ቀትር ነው፥ ከብቶቹ የሚሰበሰቡበት ሰዓቱም ገና አልደረሰም፤ አሁንም በጎቹን አጠጡና ሄዳችሁ አሰማሩአቸው” አላቸው።
596752f0-6faa-5d38-a23c-afef5128dc5a,21ef10c8-e722-5ded-ae70-412ae45f638b,d3fa5f2c-1781-5db9-ae9b-4c7ed3be6797,8,8,እነርሱም አሉ፥ “እረኞች ሁሉ ካልተሰበሰቡና ድንጋዪቱን ከጕድጓዱ አፍ ካላነሡአት በቀር አንችልም፤ ከዚያም በኋላ በጎቹን እናጠጣለን።”
f851d3ac-0e7c-5da8-aab3-687995dd4f19,21ef10c8-e722-5ded-ae70-412ae45f638b,d3fa5f2c-1781-5db9-ae9b-4c7ed3be6797,9,9,እርሱም ገና ከእነርሱ ጋር ሲነጋገር እነሆ፥ የላባ ልጅ ራሔል የአባትዋን በጎች ይዛ ደረሰች፤ እርስዋ የአባቷን በጎች ትጠብቅ ነበርና።
700fbe76-c20d-5999-a6dc-ba11a770eedb,21ef10c8-e722-5ded-ae70-412ae45f638b,d3fa5f2c-1781-5db9-ae9b-4c7ed3be6797,10,10,ያዕቆብም የእናቱን ወንድም የላባን ልጅ ራሔልንና የአጎቱን የላባን በጎች በአየ ጊዜ ቀረበ፤ ከጕድጓዱም አፍ ድንጋዩን አነሣ፤ የአጎቱን የላባን በጎችም አጠጣ።
86380b42-6591-52a5-a8d2-3e017b33b055,21ef10c8-e722-5ded-ae70-412ae45f638b,d3fa5f2c-1781-5db9-ae9b-4c7ed3be6797,11,11,ያዕቆብም ራሔልን ሳማት፤ ቃሉንም ከፍ አድርጎ አለቀሰ።
c3ff5d80-313a-5197-a7a7-be41a28f41ed,21ef10c8-e722-5ded-ae70-412ae45f638b,d3fa5f2c-1781-5db9-ae9b-4c7ed3be6797,12,12,ያዕቆብም የአባቷ ዘመድና የርብቃ ልጅ መሆኑን ለራሔል አስታወቃት፤ እርስዋም ሮጣ ሄዳ ለአባቷ ይህን ነገር ነገረችው።
16e1fc9a-33d8-553e-ae50-3476d516722b,21ef10c8-e722-5ded-ae70-412ae45f638b,d3fa5f2c-1781-5db9-ae9b-4c7ed3be6797,13,13,ላባም የእኅቱን የርብቃን ልጅ የያዕቆብን ስም በሰማ ጊዜ ሊቀበለው ሮጠ፥ አቅፎም ሳመው፥ ወደ ቤቱም አገባው። ነገሩንም ሁሉ ለላባ ነገረው።
fe28197b-5084-5b5d-ae74-61942aa5fbfc,21ef10c8-e722-5ded-ae70-412ae45f638b,d3fa5f2c-1781-5db9-ae9b-4c7ed3be6797,14,14,ላባም ያዕቆብን፥ “በእውነት አንተ አጥንቴ ሥጋዬም ነህ፤ ከእኔ ጋር ተቀመጥ” አለው። አንድ ወር የሚያህልም ከእርሱ ጋር ተቀመጠ።
834a6ef3-4e0d-593a-aa30-fe7181902c0b,21ef10c8-e722-5ded-ae70-412ae45f638b,2cf1fb11-23b7-5187-aa65-f5f28d683c88,1,15,ላባም ያዕቆብን፥ “ወንድሜ ስለሆንህ በከንቱ አታገለግለኝም ደመወዝህ ምንድን ነው? ንገረኝ” አለው
19c65715-2ff9-5f33-a0b3-8cacf258fc9a,21ef10c8-e722-5ded-ae70-412ae45f638b,2cf1fb11-23b7-5187-aa65-f5f28d683c88,2,16,ለላባም ሁለት ሴቶች ልጆች ነበሩት፤ የታላቂቱ ስም ልያ የታናሺቱም ስም ራሔል ነበረ።
d1870189-4bb4-5942-abdb-66e343495835,21ef10c8-e722-5ded-ae70-412ae45f638b,2cf1fb11-23b7-5187-aa65-f5f28d683c88,3,17,ልያም ዓይነ ልም ነበረች፤ ራሔል ግን መልከ መልካም ነበረች፥ ፊቷም ውብ ነበረ።
2f598c7d-f932-5a42-a7bc-2d6a988ca8c4,21ef10c8-e722-5ded-ae70-412ae45f638b,2cf1fb11-23b7-5187-aa65-f5f28d683c88,4,18,ያዕቆብም ራሔልን ወደዳት፤ ያዕቆብም ላባን እንዲህ አለው፥ “ስለ ታናሺቱ ልጅህ ስለ ራሔል ሰባት ዓመት እገዛልሃለሁ። ሚስት ትሆነኝ ዘንድ እርስዋን ስጠኝ” አለው።
9ad103ce-7023-58be-a824-351ae659bae6,21ef10c8-e722-5ded-ae70-412ae45f638b,2cf1fb11-23b7-5187-aa65-f5f28d683c88,5,19,ላባም፥ “ለሌላ ሰው ከምሰጣት ይልቅ ለማውቅህ ለዘመዴ ለአንተ ብሰጣት ይሻላል፤ ከእኔ ጋር ተቀመጥ” አለው።
202437ce-14fd-54ad-a00f-5fb191af9b82,21ef10c8-e722-5ded-ae70-412ae45f638b,2cf1fb11-23b7-5187-aa65-f5f28d683c88,6,20,ያዕቆብም ስለ ራሔል ሰባት ዓመት ተገዛ፤ እርስዋንም ይወድዳት ስለነበረ በእርሱ ዘንድ ጥቂት ቀን ሆነለት።
fb8919c9-4c66-5c5a-a982-a267d4b1452b,21ef10c8-e722-5ded-ae70-412ae45f638b,2cf1fb11-23b7-5187-aa65-f5f28d683c88,7,21,ያዕቆብም ላባን፥ “እንግዲህ ወደ እርስዋ እገባ ዘንድ ሚስቴን ስጠኝ፥ ቀኔ ተፈጽሞአልና አለው።”
6173e68e-2b68-5301-aca0-a2775d73e1b7,21ef10c8-e722-5ded-ae70-412ae45f638b,2cf1fb11-23b7-5187-aa65-f5f28d683c88,8,22,ላባም የዚያን ስፍራ ሰዎች ሁሉ ሰበሰበ፥ ሰርግም አደረገ።
306d66c9-37fe-503a-ac5e-1cb860eeafb2,21ef10c8-e722-5ded-ae70-412ae45f638b,2cf1fb11-23b7-5187-aa65-f5f28d683c88,9,23,በመሸም ጊዜ ልጁን ልያን ወስዶ ወደ ያዕቆብ አስገባት፤ ያዕቆብም ወደ እርስዋ ገባ።
8891e0c0-ca83-55f3-a0a3-5bfc7dd43136,21ef10c8-e722-5ded-ae70-412ae45f638b,2cf1fb11-23b7-5187-aa65-f5f28d683c88,10,24,ላባም ለልጁ ልያ አገልጋዪቱን ዘለፋን አገልጋይ ትሆናት ዘንድ ሰጣት።
a7f156ec-3eff-5a46-a73c-e4b83bf7fb38,21ef10c8-e722-5ded-ae70-412ae45f638b,2cf1fb11-23b7-5187-aa65-f5f28d683c88,11,25,በነጋም ጊዜ እነሆ ልያ ነበረች፤ ያዕቆብም ላባን፥ “ምነው እንደዚህ አደረግህብኝ? ያገለገልሁህ ስለ ራሔል አልነበረምን? ለምን አታለልኸኝ?” አለው።
fe0bf961-0ebf-5ded-a2ff-32e13974a750,21ef10c8-e722-5ded-ae70-412ae45f638b,2cf1fb11-23b7-5187-aa65-f5f28d683c88,12,26,ላባም እንዲህ አለ፥ “በሀገራችን ታላቂቱ ሳለች፥ ታናሺቱን እንሰጥ ዘንድ ወግ አይደለም፤
ab061708-184f-5524-a119-3d6bd167494e,21ef10c8-e722-5ded-ae70-412ae45f638b,2cf1fb11-23b7-5187-aa65-f5f28d683c88,13,27,ለዚችም ሰባት ዓመት ፈጽም፤ ሌላ ሰባት ዓመት ደግሞ እኔን ስለምታገለግለኝ አገልግሎት እርስዋን ደግሞ እሰጥሃለሁ።”
6ee73f7b-692e-5acb-aaed-64d4e5cc2dc1,21ef10c8-e722-5ded-ae70-412ae45f638b,2cf1fb11-23b7-5187-aa65-f5f28d683c88,14,28,ያዕቆብም እንዲህ አደረገ፤ ለዚችም ሰባት ዓመት ፈጸመ፤ ልጁን ራሔልንም ለእርሱ ሚስት ትሆነው ዘንድ ሰጠው።
d155e954-8e3f-5b41-a7e4-f6a6eef4825e,21ef10c8-e722-5ded-ae70-412ae45f638b,2cf1fb11-23b7-5187-aa65-f5f28d683c88,15,29,ላባም ለልጁ ለራሔል አገልጋዪቱን ባላን አገልጋይ ትሆናት ዘንድ ሰጣት።
02b5160b-e319-54dc-ac43-1a63c0d94d3e,21ef10c8-e722-5ded-ae70-412ae45f638b,2cf1fb11-23b7-5187-aa65-f5f28d683c88,16,30,ያዕቆብም ወደ ራሔል ደግሞ ገባ። ራሔልንም ከልያ ይልቅ ወደዳት፤ ሌላ ሰባት ዓመትም ተገዛለት።
39689e0c-938f-5be5-a84c-8d29a113e287,21ef10c8-e722-5ded-ae70-412ae45f638b,60c6c0a5-a9f2-5ffd-ac03-e124c67dc188,1,31,እግዚአብሔርም ልያ የተጠላች መሆንዋን በአየ ጊዜ ማኅፀንዋን ከፈተላት፤ ራሔል ግን መካን ነበረች።
3a610a4d-69eb-5eed-a7e6-d9973ccd0d8e,21ef10c8-e722-5ded-ae70-412ae45f638b,60c6c0a5-a9f2-5ffd-ac03-e124c67dc188,2,32,ልያም ፀነሰች፤ ወንድ ልጅንም ወለደች፥ ስሙንም ሮቤል ብላ ጠራችው፥ “እግዚአብሔር መዋረዴን አይቶአልና፥ እንግዲህስ ወዲህ ባሌ ይወድደኛል” ስትል።
5a7a9226-2b92-5320-a282-d687017f3504,21ef10c8-e722-5ded-ae70-412ae45f638b,60c6c0a5-a9f2-5ffd-ac03-e124c67dc188,3,33,ልያም ዳግመኛ ፀነሰች፤ ሁለተኛ ወንድ ልጅንም ለያዕቆብ ወለደችለት፤ “እኔ እንደ ተጠላሁ እግዚአብሔር ስለ ሰማ ይህን ጨመረልኝ” አለች፤ ስሙንም ስምዖን ብላ ጠራችው ።
502849f3-4713-5742-a72a-edb7f2d86ad6,21ef10c8-e722-5ded-ae70-412ae45f638b,60c6c0a5-a9f2-5ffd-ac03-e124c67dc188,4,34,ደግሞም ፀነሰች፤ ወንድ ልጅንም ወለደች፤ “ከእንግዲህ ወዲህስ ባሌ ወደ እኔ ይጠጋል፤ ሦስት ወንዶች ልጆችን ወልጄለታለሁና” አለች፤ ስለዚህም ስሙን ሌዊ ብላ ጠራችው።
07b5b909-d53a-5fd7-a5b5-b45574ebb072,21ef10c8-e722-5ded-ae70-412ae45f638b,60c6c0a5-a9f2-5ffd-ac03-e124c67dc188,5,35,ደግሞም ፀነሰች፤ ወንድ ልጅንም ወለደች፤ በዚህም ጊዜ “እግዚአብሔርን አመሰግናለሁ” አለች፤ ስለዚህም ስሙን ይሁዳ ብላ ጠራችው። መውለድንም አቆመች።
6cbe4113-cc82-51ef-a14d-d2ce8f4b3ef3,16cefb1f-f767-5d65-a12c-77c072311e34,bde51cac-278c-5c47-aeef-a76786633569,1,1,ራሔልም ለያዕቆብ ልጅ እንዳልወለደች በአየች ጊዜ በእኅቷ ላይ ቀናችባት፤ ያዕቆብንም “ልጅ ስጠኝ፤ ይህስ ከአልሆነ እሞታለሁ” አለችው።
54d7ca1a-61b7-516f-ad3d-a756ba7dbe01,16cefb1f-f767-5d65-a12c-77c072311e34,bde51cac-278c-5c47-aeef-a76786633569,2,2,ያዕቆብም፥ “የማኅፀንሽን ፍሬ የምከለክልሽ እኔ እንደ እግዚአብሔር ነኝን?” ብሎ ራሔልን ተቈጣት።
fc01bba8-9838-5b20-ab32-e7cfa788c614,16cefb1f-f767-5d65-a12c-77c072311e34,bde51cac-278c-5c47-aeef-a76786633569,3,3,እርስዋም፥ “ባሪያዬ ባላ እነሆ አለች፤ ወደ እርስዋ ግባ፤ በእኔም ጭን ላይ ትውለድ፤ የእርስዋም ልጆች ለእኔ ደግሞ ይሁኑልኝ” አለች።
26f09311-3e23-5c34-a7a1-e2c0a6c61e5f,16cefb1f-f767-5d65-a12c-77c072311e34,bde51cac-278c-5c47-aeef-a76786633569,4,4,አገልጋይዋን ባላንም ሚስት ትሆነው ዘንድ ለእርሱ ሰጠችው፤ ያዕቆብም ወደ እርስዋ ገባ።
ba573681-067c-5cde-a6a7-83505d8104fe,16cefb1f-f767-5d65-a12c-77c072311e34,bde51cac-278c-5c47-aeef-a76786633569,5,5,የራሔል አገልጋይ ባላም ፀነስች፤ ወንድ ልጅንም ለያዕቆብ ወለደችለት።
5b9b0bab-20bf-588b-adc6-19cd846d8f6b,16cefb1f-f767-5d65-a12c-77c072311e34,bde51cac-278c-5c47-aeef-a76786633569,6,6,ራሔልም፥ “እግዚአብሔር ፈረደልኝ፤ ቃሌንም ደግሞ ሰማ፤ ወንድ ልጅንም ሰጠኝ” አለች፤ ስለዚህ ስሙን ዳን ብላ ጠራችው።
bb8c31c7-8639-54bc-aa05-94d36716f4f6,16cefb1f-f767-5d65-a12c-77c072311e34,bde51cac-278c-5c47-aeef-a76786633569,7,7,የራሔልም አገልጋይ ባላ ደግማ ፀነስች፤ ለያዕቆብም ሁለተኛ ወንድ ልጅን ወለደች።
e97ac36d-f57f-5a09-a534-800b3da27f91,16cefb1f-f767-5d65-a12c-77c072311e34,bde51cac-278c-5c47-aeef-a76786633569,8,8,ራሔልም፥ “እግዚአብሔር ከፍ ከፍ አደረገኝ፤ ብርቱ ትግልንም ከእኅቴ ጋር ታገልሁ፤ አሸነፍሁም፤ እኅቴንም መሰልኋት” አለች፤ ስሙንም ንፍታሌም ብላ ጠራችው።
4bd407eb-4703-5a4b-a827-5cbe7bfd3015,16cefb1f-f767-5d65-a12c-77c072311e34,bde51cac-278c-5c47-aeef-a76786633569,9,9,ልያም መውለድን እንዳቆመች በአየች ጊዜ አገልጋይዋን ዘለፋን ወሰደች፤ ሚስት ትሆነውም ዘንድ ለያዕቆብ ሰጠችው፤ ያዕቆብም ወደ እርስዋ ገባ።
a045ddfc-3aa5-57ac-a9db-1a5690feb55f,16cefb1f-f767-5d65-a12c-77c072311e34,bde51cac-278c-5c47-aeef-a76786633569,10,10,የልያ አገልጋይ ዘለፋም ፀነሰች፤ ወንድ ልጅንም ለያዕቆብ ወለደች።
c1590974-f667-5a63-ad42-fc461bcc2348,16cefb1f-f767-5d65-a12c-77c072311e34,bde51cac-278c-5c47-aeef-a76786633569,11,11,ልያም፥ “እኔም ራሴን ብፅዕት አሰኘሁ” ስትል ስሙን ጋድ ብላ ጠራችው።
4666f72a-e0c3-5a0d-afbc-9794e21ecab8,16cefb1f-f767-5d65-a12c-77c072311e34,bde51cac-278c-5c47-aeef-a76786633569,12,12,የልያ አገልጋይ ዘለፋም ዳግመኛ ለያዕቆብ ወንድ ልጅን ወለደች።
69acad3c-47c5-5550-a0b0-9d4df39f2431,16cefb1f-f767-5d65-a12c-77c072311e34,bde51cac-278c-5c47-aeef-a76786633569,13,13,ልያም፥ “እኔ ብፅዕት ነኝ፤ ሴቶች ያመሰግኑኛልና” አለች፤ ስሙንም አሴር ብላ ጠራችው።
823c05d0-6c6a-5e88-aa23-47782360dc7a,16cefb1f-f767-5d65-a12c-77c072311e34,bde51cac-278c-5c47-aeef-a76786633569,14,14,ሮቤል ስንዴ በሚታጨድበት ወራት ወጣ፤ በእርሻም እንኮይ አገኘ፥ ለእናቱ ለልያም አመጣላት። ራሔልም ልያን፥ “የልጅሽን እንኮይ ስጪኝ” አለቻት።
79bb4720-d3ac-5fb5-a1fa-4a0d58589f26,16cefb1f-f767-5d65-a12c-77c072311e34,bde51cac-278c-5c47-aeef-a76786633569,15,15,ልያም፥ “ባሌን መውሰድሽ አይበቃሽምን? አሁን ደግሞ የልጄን እንኮይ ልትወስጂ ትፈልጊያለሽን?” አለቻት። ራሔልም “እንኪያስ ስለ ልጅሽ እንኮይ በዚህች ሌሊት ከአንቺ ጋር ይደር” አለች፤ ሰጠቻትም።
5f9fcb22-030c-532c-a5a0-61306dc5d59a,16cefb1f-f767-5d65-a12c-77c072311e34,bde51cac-278c-5c47-aeef-a76786633569,16,16,ያዕቆብም ሲመሽ ከዱር ገባ፤ ልያም ልትቀበለው ወጣች፤ እንዲህም አለችው፥ “እኔ ዘንድ ታድራለህ፤ በልጄ እንኮይ በእርግጥ ተስማምቼሃለሁና።”
ae8647c0-8563-5285-a1ba-945dc80e19b5,16cefb1f-f767-5d65-a12c-77c072311e34,bde51cac-278c-5c47-aeef-a76786633569,17,17,በዚያችም ሌሊት ከእርስዋ ጋር አደረ። እግዚአብሔርም የልያን ጸሎት ሰማ፤ ፀነሰችም፤ አምስተኛ ወንድ ልጅንም ለያዕቆብ ወለደች።
fda5f82e-af8e-583a-a83c-752f37be8ebf,16cefb1f-f767-5d65-a12c-77c072311e34,bde51cac-278c-5c47-aeef-a76786633569,18,18,ልያም፥ “የልጄን እንኮይ ስለ ሰጠሁ እግዚአብሔር ዋጋዬን ሰጠኝ” አለች፤ ስሙንም ይሳኮር ብላ ጠራችው።
9ffed619-16fa-505c-a9d5-2e489169e225,16cefb1f-f767-5d65-a12c-77c072311e34,bde51cac-278c-5c47-aeef-a76786633569,19,19,ልያም ደግማ ፀነስች፤ ስድስተኛ ወንድ ልጅንም ለያዕቆብ ወለደች።
9cdc4865-9e0d-5c99-af6b-6ab58f778f66,16cefb1f-f767-5d65-a12c-77c072311e34,bde51cac-278c-5c47-aeef-a76786633569,20,20,ልያም፥ “እግዚአብሔር መልካም ስጦታን ሰጠኝ፤ እንግዲህስ ከዛሬ ጀምሮ ባሌ ይወደድኛል ስድስት ልጆችን ወልጄለታለሁና” አለች፤ ስሙንም ዛብሎን ብላ ጠራችው።
580425bd-18c7-59a0-a17b-59e52307a585,16cefb1f-f767-5d65-a12c-77c072311e34,bde51cac-278c-5c47-aeef-a76786633569,21,21,ከዚያም በኋላ ሴት ልጅን ወለደች፤ ስምዋንም ዲና አለቻት።
49483699-417c-5512-a499-1816af9c7630,16cefb1f-f767-5d65-a12c-77c072311e34,bde51cac-278c-5c47-aeef-a76786633569,22,22,እግዚአብሔርም ራሔልን አሰባት፤ እግዚአብሔርም ተለመናት፤ ማኅፀንዋንም ከፈተላት፤ ፀነሰችም፤
5f8b2fe1-c34b-5cfc-ac4a-e6eb4d37dab0,16cefb1f-f767-5d65-a12c-77c072311e34,bde51cac-278c-5c47-aeef-a76786633569,23,23,ወንድ ልጅንም ለያዕቆብ ወለደችና፥ “እግዚአብሔር ሽሙጤን ከእኔ አስወገደ” አለች፤
143c2d11-de64-5353-ae84-deef6e470bc0,16cefb1f-f767-5d65-a12c-77c072311e34,bde51cac-278c-5c47-aeef-a76786633569,24,24,ስሙንም፥ “እግዚአብሔር ሁለተኛ ወንድ ልጅን ይጨምርልኝ” ስትል ዮሴፍ ብላ ጠራችው።
6e099975-4125-55b3-a39b-3fd797712a21,16cefb1f-f767-5d65-a12c-77c072311e34,ca9d0890-4f5d-5ff7-a27c-e6bf8e3f446e,1,25,ራሔልም ዮሴፍን ከወለደች በኋላ ያዕቆብ ላባን እንዲህ አለው፥ “ወደ ስፍራዬ፥ ወደ ሀገሬም እመለስ ዘንድ አሰናብተኝ።
686e265c-8d3f-53a0-a330-7b4b3abe26e9,16cefb1f-f767-5d65-a12c-77c072311e34,ca9d0890-4f5d-5ff7-a27c-e6bf8e3f446e,2,26,ስለ እነርሱ የተገዛሁላቸውን ሚስቶቼንና ልጆችን ስጠኝና ልሂድ፤ የተገዛሁልህን መገዛት ታውቃለህና።”
73f1e251-21ca-5b43-a463-2fd621ff8700,16cefb1f-f767-5d65-a12c-77c072311e34,ca9d0890-4f5d-5ff7-a27c-e6bf8e3f446e,3,27,ላባም፥ “በዐይንህ ፊት ሞገስን የማገኝ ብሆንስ ከዚሁ ተቀመጥ፤ እግዚአብሔር በአንተ ምክንያት እንደ ባረከኝ ተመልክቼአለሁና።
7830bcee-d184-53cd-aee8-116c53664943,16cefb1f-f767-5d65-a12c-77c072311e34,ca9d0890-4f5d-5ff7-a27c-e6bf8e3f446e,4,28,ደመወዝህን ንገረኝ፤ እርሱንም እሰጥሃለሁ” አለው።
883b2063-16c3-55f1-a622-e1502ad4a155,16cefb1f-f767-5d65-a12c-77c072311e34,ca9d0890-4f5d-5ff7-a27c-e6bf8e3f446e,5,29,ያዕቆብም አለው፥ “እንዴት እንዳገለገልሁህ፥ በእኔ ዘንድ ያሉ ከብቶችህ ምን ያህል እንደ ሆኑ አታውቅምን? ጥቂት ሆነው አግኝቻቸዋለሁና፤
c4799e3e-6d7b-5d4a-a3c8-0c10e28e370e,16cefb1f-f767-5d65-a12c-77c072311e34,ca9d0890-4f5d-5ff7-a27c-e6bf8e3f446e,6,30,አሁን ግን ፈጽመው በዝተዋል፤ እግዚአብሔርም በእኔ መምጣት ባርኮአቸዋል፤ አሁን ደግሞ ለቤቴ የምሠራው መቼ ነው?”
491b9a60-de10-50bd-a8e4-aea0f3015160,16cefb1f-f767-5d65-a12c-77c072311e34,ca9d0890-4f5d-5ff7-a27c-e6bf8e3f446e,7,31,ላባም፥ “የምሰጥህ ምንድን ነው?” አለው። ያዕቆብም አለው፥ “ምንም አትስጠኝ፤ ይህንም ነገር ብታደርግልኝ እንደገና በጎችህን አሰማራለሁ፤ እጠብቃለሁም።
4b3a8662-4f42-5d9e-a4d8-ffd10214fff0,16cefb1f-f767-5d65-a12c-77c072311e34,ca9d0890-4f5d-5ff7-a27c-e6bf8e3f446e,8,32,ዛሬ በጎችህ ሁሉ ይለፉ፤ በዚያም ከበጎችህ መካከል ዝንጕርጕርና ነቍጣ ያለበትን ጥቁሩንም በግ ሁሉ፥ ከፍየሎቹም ነቍጣና ዝንጕርጕር ያለበትን ለይልኝ፤ እነርሱም ደመወዜ ይሆናሉ።
2172476c-27ae-58fb-a6b5-7e93db49d503,16cefb1f-f767-5d65-a12c-77c072311e34,ca9d0890-4f5d-5ff7-a27c-e6bf8e3f446e,9,33,ስለዚህም በፊትህ ያለውን ደመወዜን ለመመልከት በመጣህ ጊዜ ወደፊት ጻድቅነቴን ይመሰክርልኛል፤ ከፍየሎች ዝንጕርጕርና ነቍጣ የሌለበት፥ ከበግ ጠቦቶችም ጥቁር ያልሆኑ ሁሉ፥ እርሱ በእኔ ዘንድ ቢገኝ እንደ ተሰረቀ ይቈጠርብኝ።”
584b7b5d-b858-5770-a978-dfb98ebd66ea,16cefb1f-f767-5d65-a12c-77c072311e34,ca9d0890-4f5d-5ff7-a27c-e6bf8e3f446e,10,34,ላባም፥ “እነሆ እንደ ቃልህ ይሁን” አለ።
417de12f-be9f-51fb-a1a0-44e8495cc768,16cefb1f-f767-5d65-a12c-77c072311e34,ca9d0890-4f5d-5ff7-a27c-e6bf8e3f446e,11,35,በዚያም ቀን ከተባቶቹ ፍየሎች ሽመልመሌ መሳይና ነቍጣ ያለባቸውን፥ ከእንስቶቹ ፍየሎች ዝንጕርጕርና ነቍጣ ያለባቸውን፥ ነጭ ያለበትን ማንኛውንም ሁሉ፥ ከበጎቹም መካከል ጥቁሩን በግ ሁሉ ለይቶ ለልጆቹ ሰጣቸው።
26bfdaad-3f9b-5952-a6f2-e07d48714a78,16cefb1f-f767-5d65-a12c-77c072311e34,ca9d0890-4f5d-5ff7-a27c-e6bf8e3f446e,12,36,በእርሱና በያዕቆብ መካከልም የሦስት ቀን መንገድ ያህል አራቃቸው፤ ያዕቆብም የቀሩትን የላባን በጎች ይጠብቅ ነበር።
32c62125-ae8b-53a4-ad3f-7805c1ed03e1,16cefb1f-f767-5d65-a12c-77c072311e34,ca9d0890-4f5d-5ff7-a27c-e6bf8e3f446e,13,37,ያዕቆብም ልብን፥ ለውዝ፥ ኤርሞን ከሚባሉ ዕንጨቶች ርጥብ በትርን ወስዶ በበትሮቹ ውስጥ ያለው ነጭ እንዲታይ ነጭ ሽመልመሌ አድርጎ ላጣቸው።
ce65db02-e63d-5055-a67b-20ee8ffcfe27,16cefb1f-f767-5d65-a12c-77c072311e34,ca9d0890-4f5d-5ff7-a27c-e6bf8e3f446e,14,38,በጎቹም ውኃ ሊጠጡ በመጡ ጊዜ በትሮቹ በፊታቸው ይሆኑ ዘንድ የላጣቸውን በትሮች በውኃ ማጠጫ ገንዳው ውስጥ አኖራቸው፤
8b6ec069-0867-5243-a141-e4737f62f9ac,16cefb1f-f767-5d65-a12c-77c072311e34,ca9d0890-4f5d-5ff7-a27c-e6bf8e3f446e,15,39,በጎቹም መጥተው በጠጡ ጊዜ ሽመልመሌ መሳይና ዝንጕርጕር፥ ነቍጣም ያለበትን በበትሮቹ አምሳል ፀነሱ።
2d21faf8-fe34-514b-a21c-63f16053405c,16cefb1f-f767-5d65-a12c-77c072311e34,ca9d0890-4f5d-5ff7-a27c-e6bf8e3f446e,16,40,ያዕቆብም ተባት በጎችንና እንስት በጎችን ለይቶ ነጭና ሐመደ ክቦ በሆኑ አውራዎች ፊት አቆማቸው፤ መንጎቹንም ለብቻቸው አቆማቸው። ከላባ በጎች ጋርም አልጨመራቸውም።
427f586b-f6a4-599f-a509-964e436f2c88,16cefb1f-f767-5d65-a12c-77c072311e34,ca9d0890-4f5d-5ff7-a27c-e6bf8e3f446e,17,41,እንዲህም ሆነ፦ በጎቹ በሚፀንሱበት ወራት በበትሮቹ አምሳል ይፀንሱ ዘንድ ያዕቆብ በትሮቹን በበጎቹ ፊት በውኃ ማጠጫ ገንዳው ውስጥ ያኖራቸው ነበር።
4d1771b9-04d7-5246-abc5-2b8fe4197de5,16cefb1f-f767-5d65-a12c-77c072311e34,ca9d0890-4f5d-5ff7-a27c-e6bf8e3f446e,18,42,በጎችም ከወለዱ በኋላ በፊታቸው በትሩን አያደርገውም ነበር፤ ምልክት ያላቸው ለያዕቆብ፥ ምልክት የሌላቸውም ለላባ ሆኑ።
d8208601-3e85-500f-a697-965748e5a670,16cefb1f-f767-5d65-a12c-77c072311e34,ca9d0890-4f5d-5ff7-a27c-e6bf8e3f446e,19,43,ያዕቆብም እጅግ ባለጠጋ ሆነ፤ ሴቶችም ወንዶችም አገልጋዮች፥ ብዙ ከብትም፤ ላሞችም፥ በጎችም፥ ግመሎችና አህዮችም ሆኑለት።
758612d2-7ec4-5a67-a8b5-e68efa52fa4a,9bcf337f-99b0-5340-ad5a-1a6429d37bd7,c5a8aca3-0f5d-5447-a04c-70cc5d272bda,1,1,ያዕቆብም የላባ ልጆች ያሉትን ነገር፥ “ያዕቆብ ለአባታችን የሆነውን ሁሉ ወሰደ፤ ይህንም ሁሉ ክብር ከአባታችን ከብት አገኘ” ሲሉ ሰማ።
c5f9ebb5-4225-5613-aaf2-d7baf46af5cf,9bcf337f-99b0-5340-ad5a-1a6429d37bd7,c5a8aca3-0f5d-5447-a04c-70cc5d272bda,2,2,ያዕቆብም የላባን ፊት አየ፤ እነሆም፥ ከእርሱ ጋር እንደ ዱሮው አልሆነም።
238b4a2c-0343-5436-a41f-193ad4266631,9bcf337f-99b0-5340-ad5a-1a6429d37bd7,c5a8aca3-0f5d-5447-a04c-70cc5d272bda,3,3,እግዚአብሔርም ያዕቆብን፥ “ወደ አባትህና ወደ ዘመዶችህ ሀገር ተመለስ፤ እኔም ከአንተ ጋር እሆናለሁ” አለው።
c56beda7-7165-5ef1-ab29-3af9f693deb4,9bcf337f-99b0-5340-ad5a-1a6429d37bd7,c5a8aca3-0f5d-5447-a04c-70cc5d272bda,4,4,ያዕቆብም ልኮ ራሔልንና ልያን ወደ በጎቹ መሰማሪያ ወደ ሜዳ ጠራቸው፤
d10361b9-e307-5b4c-ab5c-bfaff862e33d,9bcf337f-99b0-5340-ad5a-1a6429d37bd7,c5a8aca3-0f5d-5447-a04c-70cc5d272bda,5,5,እንዲህም አላቸው፥ “እነሆ፥ የአባታችሁ ፊት እንደ ዱሮ ከእኔ ጋር እንዳልሆነ አያለሁ፤ ነገር ግን የአባቴ አምላክ ከእኔ ጋር ነው።
60082788-7060-59c2-a4b1-9ff6d0ed0ae2,9bcf337f-99b0-5340-ad5a-1a6429d37bd7,c5a8aca3-0f5d-5447-a04c-70cc5d272bda,6,6,እኔ ባለኝ ጕልበቴ ሁሉ አባታችሁን እንዳገለገልሁ ታውቃላችሁ።
8992e630-60de-59ab-a95e-b7c51bdbe68f,9bcf337f-99b0-5340-ad5a-1a6429d37bd7,c5a8aca3-0f5d-5447-a04c-70cc5d272bda,7,7,አባታችሁ ግን አሳዘነኝ፥ ደመወዜንም ዐሥር ጊዜ ለወጠ፤ እግዚአብሔር ግን ክፉን ያደርግብኝ ዘንድ አልፈቀደለትም።
8230fb98-f241-5090-acc8-cd2b33752a4d,9bcf337f-99b0-5340-ad5a-1a6429d37bd7,c5a8aca3-0f5d-5447-a04c-70cc5d272bda,8,8,ደመወዝህ ዝንጕርጕሮቹ ይሁኑ ቢለኝ በጎቹ ሁሉ ዝንጕርጕሮችን ወለዱ፤ ነጫጮቹ ደመወዝህ ይሁኑ ቢለኝ በጎቹ ሁሉ ነጫጮችን ወለዱ።
cfb0bc72-3129-5d58-ac24-7c37023691b9,9bcf337f-99b0-5340-ad5a-1a6429d37bd7,c5a8aca3-0f5d-5447-a04c-70cc5d272bda,9,9,እግዚአብሔርም የአባታችሁን በጎች ሁሉ ነሥቶ ለእኔ ሰጠኝ።
28ddf198-f48b-523f-ad8a-9e3b4e7a6329,9bcf337f-99b0-5340-ad5a-1a6429d37bd7,c5a8aca3-0f5d-5447-a04c-70cc5d272bda,10,10,እንዲህም ሆነ፤ በጎቹ በሚፀንሱ ጊዜ ዐይኔን አንሥቼ በሕልም አየሁ፤ እነሆም፥ በበጎችና በፍየሎች ላይ የሚንጠላጠሉት የበጎችና የፍየሎች አውራዎች ነጭ፥ ዝንጕርጕሮችና ሐመደ ክቦ ነበሩ።
19700d5e-fcb1-5d04-a49f-8076b7cb488a,9bcf337f-99b0-5340-ad5a-1a6429d37bd7,c5a8aca3-0f5d-5447-a04c-70cc5d272bda,11,11,እግዚአብሔርም በሕልም፦ ‘ያዕቆብ ያዕቆብ’ አለኝ፤ እኔም፦ ‘እነሆኝ ምንድን ነው?’ አልሁት።
310c550a-0ebf-5b05-a807-86c931693c1c,9bcf337f-99b0-5340-ad5a-1a6429d37bd7,c5a8aca3-0f5d-5447-a04c-70cc5d272bda,12,12,እንዲህም አለኝ፦ ዐይንህን አቅንተህ እይ፤ በበጎችና በፍየሎች ላይ የሚንጠላጠሉት የበጎችና የፍየሎች አውራዎች ነጭ፥ ሐመደ ክቦና ዝንጕርጕሮች ናቸው፤ ላባ በአንተ ላይ የሚያደርገውን አይቻለሁና።
eca7255d-1b88-56bb-a853-b0cdf6b68196,9bcf337f-99b0-5340-ad5a-1a6429d37bd7,c5a8aca3-0f5d-5447-a04c-70cc5d272bda,13,13,ሐውልቱን ዘይት በቀባህባት፥ በዚያች ለእኔ ስእለት በተሳልህባት ሀገር የተገለጥሁልህ ፈጣሪህ እግዚአብሔር እኔ ነኝ። አሁንም ተነሥተህ ከዚህ ሀገር ውጣ፤ ወደ ተወለድህባትም ምድር ተመለስ፤ እኔም ከአንተ ጋር እኖራለሁ።”
0c66a3b4-288f-5668-afda-f0a889d54224,9bcf337f-99b0-5340-ad5a-1a6429d37bd7,c5a8aca3-0f5d-5447-a04c-70cc5d272bda,14,14,ራሔልና ልያም መልሰው እንዲህ አሉት፥ “በአባታችን ቤት ለእኛ ድርሻ ወይም ርስት በውኑ አለን?
23b4b693-2121-5b5f-adc5-d9b7434d2b9c,9bcf337f-99b0-5340-ad5a-1a6429d37bd7,c5a8aca3-0f5d-5447-a04c-70cc5d272bda,15,15,እኛ በእርሱ ዘንድ እንደ ባዕድ የተቈጠርን አይደለምን? እርሱ እኛን ሽጦ ዋጋችንን በልቶአልና።
77493f82-fcca-5c1b-a870-8fc94c5098ee,9bcf337f-99b0-5340-ad5a-1a6429d37bd7,c5a8aca3-0f5d-5447-a04c-70cc5d272bda,16,16,ስለዚህም እግዚአብሔር ከአባታችን የነሣው ይህ ሁሉ ሀብትና ክብር ለእኛና ለልጆቻችን ነው፤ አሁንም እግዚአብሔር ያለህን ሁሉ አድርግ።”
f78fc270-3c94-5066-a827-a6d803d14118,9bcf337f-99b0-5340-ad5a-1a6429d37bd7,c5a8aca3-0f5d-5447-a04c-70cc5d272bda,17,17,ያዕቆብም ተነሣ፤ ልጆቹንና ሚስቶቹንም በግመሎች ላይ አስቀመጠ።
0518bac9-50e2-5d8b-a3a6-b80ccfb63b2c,9bcf337f-99b0-5340-ad5a-1a6429d37bd7,c5a8aca3-0f5d-5447-a04c-70cc5d272bda,18,18,መንጎቹንም ሁሉ፥ የቤቱንም ዕቃ ሁሉ፥ በሁለቱ ወንዞች መካከል ሳለ ያገኛቸውን ከብቶች ሁሉ ይዞ ወደ አባቱ ወደ ይስሐቅ ወደ ከነዓን ምድር ሄደ።
c9d0b66b-41fd-5336-a5de-c50bad80622d,9bcf337f-99b0-5340-ad5a-1a6429d37bd7,c5a8aca3-0f5d-5447-a04c-70cc5d272bda,19,19,ላባ ግን በጎቹን ለመሸለት ሄዶ ነበር፤ ራሔልም የአባቷን ጣዖቶች ሰረቀች።
9b570aad-dc66-594f-a841-569cd80f1b3c,9bcf337f-99b0-5340-ad5a-1a6429d37bd7,c5a8aca3-0f5d-5447-a04c-70cc5d272bda,20,20,ያዕቆብም ነገሩን ከሶርያዊው ከላባ ሰወረ፤ እንደሚሄድም አልነገረውም።
0ed75162-e81e-5f08-a70e-7b669d601306,9bcf337f-99b0-5340-ad5a-1a6429d37bd7,c5a8aca3-0f5d-5447-a04c-70cc5d272bda,21,21,እርሱም ያለውን ሁሉ ይዞ ኰበለለ፤ ተነሥቶም ወንዙን ተሻገረ፤ በገለዓድ ተራራም አደረ።
9ec39fd8-9d56-59ca-a18a-8c31c9baa35c,9bcf337f-99b0-5340-ad5a-1a6429d37bd7,509531bb-a9d3-5ce5-ab77-088b7b77c3fa,1,22,ለሶርያዊው ላባም ያዕቆብ እንደ ኰበለለ ነገሩት።
dd0f64ac-3b40-5bfa-a604-684fbe298673,9bcf337f-99b0-5340-ad5a-1a6429d37bd7,509531bb-a9d3-5ce5-ab77-088b7b77c3fa,2,23,ላባም ወንድሞቹን ሁሉ ይዞ የሦስት ቀን መንገድ ተከተላቸው፤ በገለዓድ ተራራም ላይ አገኛቸው።
605067d7-4c74-540b-a7b1-1254f50329f9,9bcf337f-99b0-5340-ad5a-1a6429d37bd7,509531bb-a9d3-5ce5-ab77-088b7b77c3fa,3,24,እግዚአብሔርም ወደ ሶርያዊው ወደ ላባ በሌሊት በሕልም መጥቶ፥ “በባሪያዬ በያዕቆብ ላይ ክፉ ነገር እንዳትናገር ተጠንቀቅ” አለው።
be61eb85-b1e7-5981-a093-71a9e4a23a08,9bcf337f-99b0-5340-ad5a-1a6429d37bd7,509531bb-a9d3-5ce5-ab77-088b7b77c3fa,4,25,ላባም ያዕቆብን አገኘው፤ ያዕቆብም ድንኳኑን በተራራው ላይ ተክሎ ነበር፤ ላባም ወንድሞቹን በገለዓድ ተራራ አስቀመጣቸው።
9233ffdc-0de0-5364-aefa-eddad0627876,9bcf337f-99b0-5340-ad5a-1a6429d37bd7,509531bb-a9d3-5ce5-ab77-088b7b77c3fa,5,26,ላባም ያዕቆብን አለው፥ “ለምን እንዲህ አደረግህ? ከእኔ በስውር የኰበለልህ? ልጆችንስ ሰርቀህ በሰይፍ እንደማረከ የወሰድኻቸው?
b7daf24d-edec-50a7-a614-7f5a2222d5ef,9bcf337f-99b0-5340-ad5a-1a6429d37bd7,509531bb-a9d3-5ce5-ab77-088b7b77c3fa,6,27,ብትነግረኝ ኑሮ በደስታና በሐሴት፥ በዘፈን፥ በከበሮና በበገና በሸኘሁህ ነበር።
1fa7a457-b65b-52c4-ad6e-cbd69ea8cb00,9bcf337f-99b0-5340-ad5a-1a6429d37bd7,509531bb-a9d3-5ce5-ab77-088b7b77c3fa,7,28,ወይስ ወንዶቹንና ሴቶቹን ልጆችን እስም ዘንድ አይገባኝምን? አሁንም ይህን እንደ አላዋቂ አደረግህ።
a7d665cb-475e-501a-af5b-227cf35b713f,9bcf337f-99b0-5340-ad5a-1a6429d37bd7,509531bb-a9d3-5ce5-ab77-088b7b77c3fa,8,29,አሁንም በአንተ ላይ ክፉ ማድረግ በቻልሁ ነበር፤ ነገር ግን የአባትህ አምላክ ትናንት፦ በያዕቆብ ላይ ክፉ እንዳታደርግ ተጠንቀቅ ብሎ ነገረኝ።
1389711e-202f-5b3c-a1ec-5f03bb72fbe6,9bcf337f-99b0-5340-ad5a-1a6429d37bd7,509531bb-a9d3-5ce5-ab77-088b7b77c3fa,9,30,አሁንም የአባትህን ቤት ከናፈቅህ ሂድ፤ ነገር ግን አምላኮቼን ለምን ሰረቅህ?”
b57e9c79-b6fd-5338-a466-a28129543a26,9bcf337f-99b0-5340-ad5a-1a6429d37bd7,509531bb-a9d3-5ce5-ab77-088b7b77c3fa,10,31,ያዕቆብም መለሰ፤ ላባንም እንዲህ አለው፥ “ልጆችህንና ገንዘቤን ሁሉ ከእኔ የምትቀማኝ ስለመሰለኝና ስለፈራሁ ይህን አደረግሁ።”
ae1ccb22-117e-54b4-a3ed-b718ae887710,9bcf337f-99b0-5340-ad5a-1a6429d37bd7,509531bb-a9d3-5ce5-ab77-088b7b77c3fa,11,32,ያዕቆብም አለ፥ “አምላኮችህን የምታገኝበት ሰው ግን እርሱ ይሙት፤ ገንዘብህም በእኔ ዘንድ ካለ በወንድሞቻችን ፊት እይ፤ ለአንተም ውሰደው” አለ። ያዕቆብ ሚስቱ ራሔል እንደ ሰረቀቻቸው አያውቅም ነበርና።
33f6121a-f530-5403-a139-8468ccae67da,9bcf337f-99b0-5340-ad5a-1a6429d37bd7,509531bb-a9d3-5ce5-ab77-088b7b77c3fa,12,33,ላባም ወደ ያዕቆብ ድንኳንና ወደ ልያም ድንኳን ገባና በረበረ፤ አላገኘምም፤ ከዚያም ወጣና ወደ ሁለቱ ዕቁባቶቹ ድንኳን ገባ፤ ነገር ግን አላገኘም። ወደ ራሔልም ድንኳን ገባ።
56940f84-d0ac-52f2-af93-46eede15c5b8,9bcf337f-99b0-5340-ad5a-1a6429d37bd7,509531bb-a9d3-5ce5-ab77-088b7b77c3fa,13,34,ራሔልም የአባቷን ጣዖቶች ወስዳ ከግመል ኮርቻ በታች ሸሸገች፤ በላዩም ተቀመጠችበት። ላባም ድንኳኑን ሁሉ ፈለገ፤ አንዳችም አላገኘም።
912ba4f4-8f3f-5fd8-a808-fc21dccab20f,9bcf337f-99b0-5340-ad5a-1a6429d37bd7,509531bb-a9d3-5ce5-ab77-088b7b77c3fa,14,35,እርስዋም አባቷን፥ “ጌታዬ በፊትህ ለመቆም ስላልቻልሁ የአቀለልሁህ አይምሰልህ፤ በሴቶች የሚደርስ ግዳጅ ደርሶብኛልና” አለችው። ላባም የራሔልን ድንኳን በረበረ፤ ነገር ግን ጣዖቶቹን አላገኘም።
d19f6947-bf8e-5173-a0a8-d7527c50095a,9bcf337f-99b0-5340-ad5a-1a6429d37bd7,509531bb-a9d3-5ce5-ab77-088b7b77c3fa,15,36,ያዕቆብም ተቈጣ፤ ላባንም ወቀሰው፤ ያዕቆብም መለሰ፤ ላባንም እንዲህ አለው፥ “የበደልሁህ በደል ምንድን ነው? ኀጢአቴስ ምንድን ነው? ይህን ያህል ያሳደድኸኝ?
ad6112aa-f40a-59cd-aa66-77b75c0d2b14,9bcf337f-99b0-5340-ad5a-1a6429d37bd7,509531bb-a9d3-5ce5-ab77-088b7b77c3fa,16,37,አሁንም ዕቃዬን ሁሉ በረበርህ፤ ከቤትህስ ዕቃ ሁሉ ምን አገኘህ? እነርሱ በእኛ በሁለታችን መካከል ይፈርዱ ዘንድ በወንድሞችና በወንድሞችህ ፊት አቅርበው።
5bdc010d-fdb0-5df8-aca3-c6a598cfbade,9bcf337f-99b0-5340-ad5a-1a6429d37bd7,509531bb-a9d3-5ce5-ab77-088b7b77c3fa,17,38,ሃያ አንድ ዓመት በጎችህንና ፍየሎችህን ስጠብቅ ኖርሁ፥ ከበጎችህም ጠቦቶችን አልበላሁም፤
62633ecd-12c7-5a47-ae5a-691ab4d5bd52,9bcf337f-99b0-5340-ad5a-1a6429d37bd7,509531bb-a9d3-5ce5-ab77-088b7b77c3fa,18,39,አውሬ የሰበረውንም አላመጣሁልህም ነበር፤ በቀንም ሆነ በሌሊት የተሰረቀ ቢኖር ከእኔ እከፍልህ ነበር።
0ead6991-97d4-584d-a367-f7fd77887f84,9bcf337f-99b0-5340-ad5a-1a6429d37bd7,509531bb-a9d3-5ce5-ab77-088b7b77c3fa,19,40,የቀን ሐሩር፥ የሌሊት ቍር ይበላኝ ነበር፤ ዕንቅልፍም ከዐይኔ ጠፋ።
b7c73bf5-d11e-53d2-a241-a97613910186,9bcf337f-99b0-5340-ad5a-1a6429d37bd7,509531bb-a9d3-5ce5-ab77-088b7b77c3fa,20,41,ለአንተ ቤት የተገዛሁልህ ዛሬ ሃያ አንድ ዓመት ነው፤ ዐሥራ አራት ዓመት ስለ ሁለቱ ሴቶች ልጆችህ፥ ሰባት ዓመት ስለ በጎችህ ተገዛሁልህ፤ ደመወዜንም ዐሥር ጊዜ ለዋወጥኸው።
0343dee8-1008-5392-af9c-789c9329adb9,9bcf337f-99b0-5340-ad5a-1a6429d37bd7,509531bb-a9d3-5ce5-ab77-088b7b77c3fa,21,42,የአባቴ የአብርሃም አምላክ የይስሐቅም ፍርሀት ከእኔ ጋር ባይሆንስ ዛሬ ባዶ እጄን በሰደድኸኝ ነበር፤ እግዚአብሔር መዋረዴንና የእጆችን ድካም አየ፤ ትናንትም ገሠጸህ።”
045fa2d4-08e3-51c4-aa0e-85424edc22e7,9bcf337f-99b0-5340-ad5a-1a6429d37bd7,699ebe0e-88de-5387-addc-08238b39c42f,1,43,ላባም ለያዕቆብ እንዲህ ብሎ መለሰለት፥ “ሴቶቹ ልጆች ልጆች ናቸው፤ ወንዶቹም ልጆች ልጆች ናቸው፤ መንጎቹም ከብቶች ናቸው፤ ይህ የምታየው ሁሉ የእኔ ነው፤ የልጆችም ሀብት ነው፤ ዛሬም በእነዚህ በሴቶች ልጆችና በወለዱአቸው ልጆቻቸው ላይ ምን አደርጋለሁ?
8db614ca-cd17-52ed-aa16-f8f5d78e9499,9bcf337f-99b0-5340-ad5a-1a6429d37bd7,699ebe0e-88de-5387-addc-08238b39c42f,2,44,አሁንም ና፤ አንተና እኔ ቃል ኪዳን እንጋባ፤ በእኔና በአንተ መካከል ምስክር ይሁን።”
a4d2257b-2aa1-54ba-ae91-adfcaabbb6aa,9bcf337f-99b0-5340-ad5a-1a6429d37bd7,699ebe0e-88de-5387-addc-08238b39c42f,3,45,ያዕቆብም ድንጋይ ወስዶ ሐውልት አቆመ።
51103d44-4871-5e52-af3b-3a231e125320,9bcf337f-99b0-5340-ad5a-1a6429d37bd7,699ebe0e-88de-5387-addc-08238b39c42f,4,46,ያዕቆብም ወንድሞቹን፥ “ድንጋይ ሰብስቡ” አላቸው፤ እነርሱም ድንጋይ ሰብስበው ከመሩ፤ በድንጋዩም ክምር ላይ በሉ።
dfa91027-1d69-5235-a2b8-fcfb9c1ab9c9,9bcf337f-99b0-5340-ad5a-1a6429d37bd7,699ebe0e-88de-5387-addc-08238b39c42f,5,47,ላባም፥ “ይህች የድንጋይ ክምር በእኔና በአንተ መካከል ምስክር ትሁን” አለው። ላባም “ወግረ ስምዕ” ብሎ ጠራት፤ ያዕቆብም እንዲሁ አላት።
5a9e2a76-2a8b-5745-a140-b43d69bcad0e,9bcf337f-99b0-5340-ad5a-1a6429d37bd7,699ebe0e-88de-5387-addc-08238b39c42f,6,48,ላባም፥ “ይህች ያቆምኋት የድንጋይ ክምር በእኔና በአንተ መካከል ዛሬ ምስክር ናት” አለ። ስለዚህም ስምዋ ወግረ ስምዕ ተባለ።
46116606-4bef-5aa4-a661-8fe398ef961f,9bcf337f-99b0-5340-ad5a-1a6429d37bd7,699ebe0e-88de-5387-addc-08238b39c42f,7,49,ላባም አለው፥ “እኛ አንዳችን ከሌላው እንለያያለንና ራእይን የገለጠልኝ እግዚአብሔር በእኔና በአንተ መካከል ሆኖ ይመልከት።
3cdfa570-da40-59fb-ae03-35dc6db01c58,9bcf337f-99b0-5340-ad5a-1a6429d37bd7,699ebe0e-88de-5387-addc-08238b39c42f,8,50,ልጆችን ብትበድላቸው ወይም በላያቸው ላይ ሚስቶችን ብታገባባቸው እነሆ፥ ከእኛ ጋር ያለ ሰው እንደሌለ አስተውል፤ እግዚአብሔር በእኔና በአንተ መካከል ምስክር ነው።”
db7e9f53-3458-5189-ab99-380659265aad,9bcf337f-99b0-5340-ad5a-1a6429d37bd7,699ebe0e-88de-5387-addc-08238b39c42f,9,51,ላባም ያዕቆብን አለው፥ “እነሆ፥ ይህች የድንጋይ ክምርና ይህችም ሐውልት ምስክሮች ናቸው።
08f2ee50-da50-5079-ae82-d68738d95fd7,9bcf337f-99b0-5340-ad5a-1a6429d37bd7,699ebe0e-88de-5387-addc-08238b39c42f,10,52,እኔ ወደ አንተ በክፋት ባልፍ ይህች የድንጋይ ክምር፥ ይህችም ሐውልት በክፉ ነገር ትከተለኝ።
5bb06812-2ef9-520d-ab1b-ba5dd8217228,9bcf337f-99b0-5340-ad5a-1a6429d37bd7,699ebe0e-88de-5387-addc-08238b39c42f,11,53,አንተም ወደ እኔ ብታልፍ የአብርሃም አምላክ የናኮርም አምላክ በእኛ መካከል ይፍረድ።” ያዕቆብም በአባቱ በይስሐቅ አምላክ ማለ።
18ec6e31-5327-5d65-a7c1-d802a9cde5d6,9bcf337f-99b0-5340-ad5a-1a6429d37bd7,699ebe0e-88de-5387-addc-08238b39c42f,12,54,ያዕቆብም በተራራው ላይ መሥዋዕትን ሠዋ፤ ወንድሞቹንም ጠራ፤ እነርሱም በሉ፤ ጠጡም፤ በዚያም በተራራው አደሩ።
f140de9d-1836-57b0-a7cb-e1237fab05a6,9bcf337f-99b0-5340-ad5a-1a6429d37bd7,699ebe0e-88de-5387-addc-08238b39c42f,13,55,ላባም ማልዶ ተነሥቶ ወንዶችንና ሴቶችን ልጆቹን ሳመ፤ ባረካቸውም፤ ላባም ተመልሶ ወደ ስፍራው ሄደ።
26b3f9d2-4e53-516e-a424-a9fb25ab5885,9fd13f7f-fe96-5e09-af34-ca76f014bf3d,6108a9f1-3619-521e-a805-118d17bfd132,1,1,ያዕቆብም መንገዱን ሄደ፤ በዐይኖቹም የእግዚአብሔርን ሠራዊት ከትመው አየ፤ የእግዚአብሔር መላእክትም ተገናኙት።
dcc34259-480a-5bbc-aa12-8634e3caf3f5,9fd13f7f-fe96-5e09-af34-ca76f014bf3d,6108a9f1-3619-521e-a805-118d17bfd132,2,2,ያዕቆብም በአያቸው ጊዜ፥ “እነዚህ የእግዚአብሔር ሠራዊት ናቸው” አለ፤ የዚያንም ስፍራ ስም “ተዓይን” ብሎ ጠራው።
33062fbc-711b-5a07-a67c-849721fcbc8e,9fd13f7f-fe96-5e09-af34-ca76f014bf3d,6108a9f1-3619-521e-a805-118d17bfd132,3,3,ያዕቆብም ወደ ወንድሙ ወደ ዔሳው ወደ ሴይር ምድር ወደ ኤዶም ሀገር በፊቱ መልእክተኞችን ላከ፤
66b75aee-71ef-552a-aa44-02f1e0c3e4d7,9fd13f7f-fe96-5e09-af34-ca76f014bf3d,6108a9f1-3619-521e-a805-118d17bfd132,4,4,እንዲህም ብሎ አዘዛቸው፥ “ለጌታዬ ለዔሳው፦ ባሪያህ ያዕቆብ እንዲህ አለ ብላችሁ ንገሩት፦ በላባ ዘንድ በስደት ተቀመጥሁ፤ እስከ ዛሬ ድረስ ቈየሁ፤
f57a9204-7495-5e17-a083-0577d3d5db3e,9fd13f7f-fe96-5e09-af34-ca76f014bf3d,6108a9f1-3619-521e-a805-118d17bfd132,5,5,ላሞችንም፥ ግመሎችንም፥ አህዮችንም፥ በጎችንም፥ ወንዶች አገልጋዮችንም፥ ሴቶች አገልጋዮችንም አገኘሁ፤ አሁንም በፊትህ ሞገስን አገኝ ዘንድ ለጌታዬ ለዔሳው ለመንገር ላክሁ።”
4615322d-83de-532a-af6c-c9a1c24fed42,9fd13f7f-fe96-5e09-af34-ca76f014bf3d,6108a9f1-3619-521e-a805-118d17bfd132,6,6,የላካቸው መልእክተኞችም ወደ ያዕቆብ ተመልሰው እንዲህ አሉት፥ “ወደ ወንድምህ ወደ ዔሳው ሄደን ነበር፤ እርሱም ደግሞ ሊቀበልህ ይመጣል፤ ከእርሱም ጋር አራት መቶ ሰዎች አሉ።”
64a1381d-5762-5b4a-a1e1-cd2f72d2a0e6,9fd13f7f-fe96-5e09-af34-ca76f014bf3d,6108a9f1-3619-521e-a805-118d17bfd132,7,7,ያዕቆብም እጅግ ፈራ፤ የሚያደርገውንም አጣ። ከእርሱም ጋር ያሉትን ሰዎች ላሞችንም፥ ግመሎችንም፥ በጎችንም ሁለት ወገን አድርጎ ከፈላቸው፤
d10bf23b-2e8e-555c-a131-bf36e7487e1d,9fd13f7f-fe96-5e09-af34-ca76f014bf3d,6108a9f1-3619-521e-a805-118d17bfd132,8,8,ያዕቆብም እንዲህ አለ፥ “ዔሳው መጥቶ አንዱን ወገን የመታ እንደ ሆነ የቀረው ወገን ይድናል።”
9cb6527c-1664-5278-aef6-f50b984eb9d7,9fd13f7f-fe96-5e09-af34-ca76f014bf3d,6108a9f1-3619-521e-a805-118d17bfd132,9,9,ያዕቆብም አለ፥ “የአባቴ የአብርሃም አምላክ ሆይ፥ የአባቴ የይስሐቅ አምላክ ሆይ፥ ‘ወደ ምድርህ ወደ ተወለድህበትም ስፍራ ተመለስ፤ በጎነትንም አደርግልሃለሁ’ ያልኸኝ እግዚአብሔር ሆይ፥
f355a103-a8b6-543d-a7da-a405879c39ba,9fd13f7f-fe96-5e09-af34-ca76f014bf3d,6108a9f1-3619-521e-a805-118d17bfd132,10,10,ለባሪያህ በአደረግኸው በምሕረትህና በእውነትህም ሁሉ በጎውን አድርግልኝ፤ በትሬን ብቻ ይዤ ይህን ዮርዳኖስን ተሻግሬ ነበርና፥ አሁን ግን የሁለት ክፍል ሠራዊት ሆንሁ።
da7d2c9c-117d-56ce-abd5-535c02a0ac83,9fd13f7f-fe96-5e09-af34-ca76f014bf3d,6108a9f1-3619-521e-a805-118d17bfd132,11,11,አቤቱ ከወንድሜ ከዔሳው እጅ አድነኝ፤ መጥቶ እንዳያጠፋኝ፥ እናትን ከልጆችዋ ጋር እንዳያጠፋ እኔ እፈራዋለሁና።
fdaa52df-ce24-5960-abfd-81696840a454,9fd13f7f-fe96-5e09-af34-ca76f014bf3d,6108a9f1-3619-521e-a805-118d17bfd132,12,12,አንተም፦ ‘በርግጥ መልካም አደርግልሃለሁ፥ ዘርህንም ከብዛቱ የተነሣ እንደማይቈጠር እንደ ባሕር አሸዋ አደርጋለሁ ብለህ ነበር።’ ”
e75eeae1-79a8-5c3e-a083-2b4108c4c5ea,9fd13f7f-fe96-5e09-af34-ca76f014bf3d,6108a9f1-3619-521e-a805-118d17bfd132,13,13,በዚያችም ሌሊት በዚያው አደረ። ለወንድሙ ለዔሳውም የሚወስደውን እጅ መንሻ አወጣ፤
906540c2-acc1-5708-a9d0-9171db4b2733,9fd13f7f-fe96-5e09-af34-ca76f014bf3d,6108a9f1-3619-521e-a805-118d17bfd132,14,14,ሁለት መቶ እንስት ፍየሎችንና ሃያ የፍየል አውራዎችን፥ ሁለት መቶ እንስት በጎችንና ሃያ የበግ አውራዎችን፥
4ad044d6-aba6-59e0-aed9-8e447a340111,9fd13f7f-fe96-5e09-af34-ca76f014bf3d,6108a9f1-3619-521e-a805-118d17bfd132,15,15,ሃምሳ የሚያጠቡ ግመሎችን ከግልገሎቻቸው ጋር፥ አርባ ላም፥ ዐሥር በሬ፥ ሃያ እንስት አህያ፥ ዐሥርም የአህያ ውርንጫዎች፤
b68d079b-32f8-5e71-a5f7-8f9efe6b85da,9fd13f7f-fe96-5e09-af34-ca76f014bf3d,6108a9f1-3619-521e-a805-118d17bfd132,16,16,መንጎቹንም ለየብቻ ከፍሎ ለብላቴኖቹ ሰጣቸው፤ ብላቴኖቹንም፥ “በፊቴ እለፉ፤ መንጋውን ከመንጋው አርቁ” አላቸው።
45bb2d5e-2d03-5490-af45-ea29748f5aa7,9fd13f7f-fe96-5e09-af34-ca76f014bf3d,6108a9f1-3619-521e-a805-118d17bfd132,17,17,የፊተኛውንም እንዲህ ብሎ አዘዘው፥ “ወንድሜ ዔሳው ያገኘህ እንደ ሆነ፦ ‘አንተ የማን ነህ? ወዴትስ ትሄዳለሀ? በፊትህ ያለው ይህስ መንጋ የማን ነው?’ ብሎ የጠየቀህም እንደሆነ፥
d195266f-73c9-5d8d-a400-3d178d2bf0fd,9fd13f7f-fe96-5e09-af34-ca76f014bf3d,6108a9f1-3619-521e-a805-118d17bfd132,18,18,በዚያ ጊዜ አንተ፦ ‘ለጌታዬ ለዔሳው እጅ መንሻ የላከው የአገልጋይህ የያዕቆብ ነው፤ እርሱም ደግሞ እነሆ ከኋላችን ተከትሎናል’ በለው።”
8c31d097-49ff-5255-a910-9ef7f1d41f80,9fd13f7f-fe96-5e09-af34-ca76f014bf3d,6108a9f1-3619-521e-a805-118d17bfd132,19,19,እንዲሁም ሁለተኛውንና ሦስተኛውን፥ በፊቱ የሚሄዱትንና መንጋውን የሚነዱትን ሁሉ እንዲሁ ብሎ አዘዘ፦“ ወንድሜ ዔሳውን ባገኛችሁት ጊዜ ይህንኑ ነገር ንገሩት፤
18c357b7-2e6a-52ec-aaba-8d3dc1af5079,9fd13f7f-fe96-5e09-af34-ca76f014bf3d,6108a9f1-3619-521e-a805-118d17bfd132,20,20,እንዲህም በሉ፦ እነሆ አገልጋይህ ያዕቆብ ከኋላችን ነው። በፊቴ በሚሄደው እጅ መንሻ እታረቀዋለሁ፤ ከዚያም በኋላ ምናልባት ይራራልኛል፤ ፊቱንም አያለሁ ብሎአልና።”
7148b5f1-a2f9-50d0-a80b-64bf8ffe0f9e,9fd13f7f-fe96-5e09-af34-ca76f014bf3d,6108a9f1-3619-521e-a805-118d17bfd132,21,21,እጅ መንሻውን ከእርሱ አስቀድሞ ላከ፤ እርሱ ግን በዚያች ሌሊት በሰፈር አደረ።
3ca20597-4927-5023-adf7-fd6d57420378,9fd13f7f-fe96-5e09-af34-ca76f014bf3d,d698ba74-7ec1-52f3-a325-353806831c8b,1,22,በዚያችም ሌሊት ተነሣ፥ ሁለቱን ሚስቶቹንና ሁለቱን ዕቁባቶቹን ዐሥራ አንዱንም ልጆቹን ይዞ የያቦቅን ወንዝ ተሻገረ።
52d19807-5680-562e-a51a-83a20643cbae,9fd13f7f-fe96-5e09-af34-ca76f014bf3d,d698ba74-7ec1-52f3-a325-353806831c8b,2,23,ወሰዳቸውም፤ ወንዙንም አሻገራቸው፤ ገንዘቡንም ሁሉ አሻገረ።
8405d0f6-ff3e-558e-a142-2beaf60b26f7,9fd13f7f-fe96-5e09-af34-ca76f014bf3d,d698ba74-7ec1-52f3-a325-353806831c8b,3,24,ያዕቆብ ግን ለብቻው ቀረ፤ አንድ ሰውም እስከ ንጋት ድረስ ይታገለው ነበር።
ae5c1b08-0fca-5d4e-af30-207114087b74,9fd13f7f-fe96-5e09-af34-ca76f014bf3d,d698ba74-7ec1-52f3-a325-353806831c8b,4,25,እንዳላሸነፈውም ባየ ጊዜ የጭኑን ሹልዳ ያዘው፤ የያዕቆብም የጭኑ ሹልዳ ሲታገለው ደነዘዘ።
5e95cb42-90ca-5ff9-a4fe-5f9ab9caf232,9fd13f7f-fe96-5e09-af34-ca76f014bf3d,d698ba74-7ec1-52f3-a325-353806831c8b,5,26,እንዲህም አለው፥ “ሊነጋ ጎሕ ቀድዶአልና ልቀቀኝ።” እርሱም “ከአልባረክኸኝ አልለቅህም” አለው።
ffe10f41-86b5-5e99-a7a5-d48cb5228698,9fd13f7f-fe96-5e09-af34-ca76f014bf3d,d698ba74-7ec1-52f3-a325-353806831c8b,6,27,እንዲህም አለው፥ “ስምህ ማን ነው?” እርሱም፥ “ያዕቆብ ነኝ” አለው።
6320483d-2932-59fd-a707-3e0c64309633,9fd13f7f-fe96-5e09-af34-ca76f014bf3d,d698ba74-7ec1-52f3-a325-353806831c8b,7,28,አለውም፥ “ከእንግዲህ ወዲህ ስምህ እስራኤል ይባል እንጂ ያዕቆብ አይባል፤ ከእግዚአብሔርና ከሰው ጋር ታግለህ በርትተሃልና።”
56cf147f-5271-5354-a29d-8c632791fec2,9fd13f7f-fe96-5e09-af34-ca76f014bf3d,d698ba74-7ec1-52f3-a325-353806831c8b,8,29,ያዕቆብም፥ “ስምህን ንገረኝ” ብሎ ጠየቀው። እርሱም፥ “ስሜን ለምን ትጠይቃለህ? ድንቅ ነውና” አለው።
1ad16c9a-e541-520e-a12d-821b8e648582,9fd13f7f-fe96-5e09-af34-ca76f014bf3d,d698ba74-7ec1-52f3-a325-353806831c8b,9,30,በዚያም ስፍራ ባረከው። ያዕቆብም፥ “እግዚአብሔርን ፊት ለፊት አየሁ፤ ሰውነቴም ዳነች” ሲል የዚያን ቦታ ስም “ራእየ እግዚአብሔር” ብሎ ጠራው።
1f562ea8-a763-5929-a9e0-413cd492affa,9fd13f7f-fe96-5e09-af34-ca76f014bf3d,d698ba74-7ec1-52f3-a325-353806831c8b,10,31,ራእየ እግዚአብሔርንም በተወ ጊዜ ፀሐይ ወጣችበት። እርሱም በጭኑ ምክንያት ያነክስ ነበር።
cb4443ae-d24e-5ded-a4b2-dd3df211195c,9fd13f7f-fe96-5e09-af34-ca76f014bf3d,d698ba74-7ec1-52f3-a325-353806831c8b,11,32,ስለዚህም የእስራኤል ልጆች እስከ ዛሬ ድረስ የወርችን ሹልዳ አይበሉም፤ የያዕቆብን ጭን ይዞ የወርቹን ሹልዳ አደንዝዞአልና።
8ef8d7f7-a740-57db-a62e-16439d50bde5,2869276e-5c02-55b1-a9ca-5b9200962a57,b8d8cb01-409e-5638-a6a4-3ab2a206d7a0,1,1,ያዕቆብም ዐይኑን አነሣ፤ እነሆም፥ ዔሳውን ሲመጣ አየው፤ ከእርሱም ጋር አራት መቶ ሰዎች ነበሩ፤ ልጆቹንም ከፍሎ ወደ ልያና ወደ ራሔል ወደ ሁለቱም ዕቁባቶቹ አደረጋቸው፤
025f71c1-03d9-5c3c-a6f2-422b3fa5f603,2869276e-5c02-55b1-a9ca-5b9200962a57,b8d8cb01-409e-5638-a6a4-3ab2a206d7a0,2,2,ዕቁባቶቹንና ልጆቻቸውንም በፊት አደረገ፤ ልያንና ልጆችዋን በኋላ፥ ራሔልንና ዮሴፍንም ከሁሉ በኋላ አደረገ።
f4261ee8-d693-54e9-ae5d-ac64a450cd7c,2869276e-5c02-55b1-a9ca-5b9200962a57,b8d8cb01-409e-5638-a6a4-3ab2a206d7a0,3,3,እርሱም በፊታቸው አለፈ፤ ወደ ወንድሙ ወደ ዔሳውም እስኪደርስ ድረስ ወደ ምድር ሰባት ጊዜ ሰገደ።
d5f9044c-9fcc-5bf0-ac32-cae1f7a78be0,2869276e-5c02-55b1-a9ca-5b9200962a57,b8d8cb01-409e-5638-a6a4-3ab2a206d7a0,4,4,ዔሳውም ሊገናኘው ሮጠ፤ አንገቱንም አቅፎ ሳመው፤ ሁለቱም በአንድነት አለቀሱ።
fc9dfe16-214a-5e82-a612-39898f3aa7cf,2869276e-5c02-55b1-a9ca-5b9200962a57,b8d8cb01-409e-5638-a6a4-3ab2a206d7a0,5,5,ዔሳውም ዐይኑን አነሣና ሴቶችንና ልጆችን አየ፤ እንዲህም አለ፥ “እነዚህ ምኖችህ ናቸው?” እርሱም፥ “እግዚአብሔር ለእኔ ለአገልጋይህ የሰጠኝ ልጆች ናቸው” አለ።
3b24691a-5968-5966-a7cb-b2994beb5614,2869276e-5c02-55b1-a9ca-5b9200962a57,b8d8cb01-409e-5638-a6a4-3ab2a206d7a0,6,6,ዕቁባቶቹም ከልጆቻቸው ጋር ቀርበው ሰገዱ፤
df5ccc8a-1296-5fba-ac27-e5582736a03a,2869276e-5c02-55b1-a9ca-5b9200962a57,b8d8cb01-409e-5638-a6a4-3ab2a206d7a0,7,7,ደግሞም ልያና ልጆችዋ ቀርበው ሰገዱለት፤ ከዚያም በኋላ ዮሴፍና ራሔል ቀርበው ሰገዱ።
3adb59d1-8c9d-5aa6-a62c-1b1180eb87a9,2869276e-5c02-55b1-a9ca-5b9200962a57,b8d8cb01-409e-5638-a6a4-3ab2a206d7a0,8,8,ዔሳውም፥ “ያገኘሁት ይህ ሠራዊት ሁሉ ምንህ ነው?” አለ። እርሱም፥ “በጌታዬ ፊት ሞገስን አገኝ ዘንድ ያደረግሁልህ ነው” አለ።
a4a6747d-6205-5633-ace9-a8260ecf7cd0,2869276e-5c02-55b1-a9ca-5b9200962a57,b8d8cb01-409e-5638-a6a4-3ab2a206d7a0,9,9,ዔሳውም፥ “ለእኔ ብዙ አለኝ፤ ወንድሜ ሆይ፥ የአንተ ለአንተ ይሁን” አለ።
4a1a5073-0612-5780-a3bd-7a815e51b37f,2869276e-5c02-55b1-a9ca-5b9200962a57,b8d8cb01-409e-5638-a6a4-3ab2a206d7a0,10,10,ያዕቆብም አለ፥ “እንደዚህ አይደለም፤ ነገር ግን በፊትህ ሞገስን አግኝቼ እንደ ሆንሁ እጅ መንሻዬን ከእጄ ተቀበለኝ፤ የእግዚአብሔርን ፊት እንደሚያይ ፊትህን አይቻለሁና፥ በቸርነትም ተቀብለኸኛልና።
fe67ef36-f0b5-57dd-acaf-7911bc5fca96,2869276e-5c02-55b1-a9ca-5b9200962a57,b8d8cb01-409e-5638-a6a4-3ab2a206d7a0,11,11,ከወደድኸኝስ ይህችን ያመጣሁልህን በረከቴን ተቀበል፤ እግዚአብሔር ራርቶልኛልና፥ ለእኔም ብዙ አለኝና።” እስኪቀበለውም ድረስ ግድ አለው፤ ተቀበለውም።
a9062d22-abf4-5f6f-a899-4f89a81412de,2869276e-5c02-55b1-a9ca-5b9200962a57,b8d8cb01-409e-5638-a6a4-3ab2a206d7a0,12,12,እርሱም፥ “ተነሣና ወደ ፊት እንሂድ” አለው።
71ce3a96-9328-5c58-a9f3-58b7d6d27ad2,2869276e-5c02-55b1-a9ca-5b9200962a57,b8d8cb01-409e-5638-a6a4-3ab2a206d7a0,13,13,እርሱም አለው፥ “ጌታዬ ሆይ፥ ልጆቹ ደካሞች እንደ ሆኑ ታውቃለህ፤ በጎችና ላሞችም ግልገሎቻቸውን ያጠባሉ፤ ሰዎችም በአንድ ወይም በሁለት ቀን በችኮላ የነዱአቸው እንደ ሆነ ከብቶቹ ሁሉ ይሞታሉ።
0477f87f-05cd-5325-a506-a0472ea3fca0,2869276e-5c02-55b1-a9ca-5b9200962a57,b8d8cb01-409e-5638-a6a4-3ab2a206d7a0,14,14,ጌታዬ ከአገልጋዩ ፊት ቀድሞ ይለፍ፤ እኛም እንደ ቻልን እንሄዳለን፤ በጎዳናም እንውላለን፤ ወደ ጌታችን ወደ ሴይር እስክንደርስም በሕፃናቱ ርምጃ መጠን እንሄዳለን” አለው።
cc105fa1-8e16-559a-a8ca-66b68397aa9d,2869276e-5c02-55b1-a9ca-5b9200962a57,b8d8cb01-409e-5638-a6a4-3ab2a206d7a0,15,15,ዔሳውም፥ “ከእኔ ጋር ካሉ ሰዎች ከፍዬ ልተውልህን?” አለ። እርሱም፥ “ይህ ለምንድን ነው? በጌታዬ ዘንድ ሞገስን ማግኘቴ ይበቃኛል” አለ።
e517f91d-6118-59ac-a70f-3c41311be6eb,2869276e-5c02-55b1-a9ca-5b9200962a57,b8d8cb01-409e-5638-a6a4-3ab2a206d7a0,16,16,ዔሳውም በዚያ ቀን ወደ ሴይር ተመለሰ።
31c41b77-66bc-5e1f-ae88-e035b66fd7f4,2869276e-5c02-55b1-a9ca-5b9200962a57,b8d8cb01-409e-5638-a6a4-3ab2a206d7a0,17,17,ያዕቆብ ግን በሰፈሩ አደረ፤ በዚያም ለእርሱ ቤትን ሠራ፤ ለከብቶቹም ዳሶችን አደረገ፤ ስለዚህም የዚያን ቦታ ስም ማኅደር ብሎ ጠራው።
e187d35d-f1ff-5f4e-ad1b-056dd3bf20bc,2869276e-5c02-55b1-a9ca-5b9200962a57,b8d8cb01-409e-5638-a6a4-3ab2a206d7a0,18,18,ያዕቆብም ከሁለቱ ወንዞች መካከል በተመለሰ ጊዜ በከነዓን ምድር ወዳለችው ወደ ሰቂሞን ከተማ ወደ ሴሎም መጣ፤ በከተማዪቱም ፊት ለፊት ሰፈረ።
e84affd6-06f3-5414-ae92-9369b8127dab,2869276e-5c02-55b1-a9ca-5b9200962a57,b8d8cb01-409e-5638-a6a4-3ab2a206d7a0,19,19,ድንኳኑን ተክሎበት የነበረውንም የእርሻ ክፍል ከሴኬም አባት ከኤሞር ልጆች በመቶ በጎች ገዛው።
b6f30e52-d7cb-51ac-aae6-7e6d500d6eaf,2869276e-5c02-55b1-a9ca-5b9200962a57,b8d8cb01-409e-5638-a6a4-3ab2a206d7a0,20,20,በዚያም መሠውያዉን አቆመ፤ የእስራኤልንም አምላክ ጠራ።
52f1a1b1-3cb9-5228-adc9-0a4a839b66e0,90925ae1-848c-562e-a257-9dd6d175f9a6,c932bdb5-080f-573b-a163-3eca4818e562,1,1,ለያዕቆብ የተወለደች የልያ ልጅ ዲናም የዚያን ሀገር ሴቶች ልጆችን ለማየት ወጣች።
c808dba7-25b5-5c7b-a9a2-eb68611b2271,90925ae1-848c-562e-a257-9dd6d175f9a6,c932bdb5-080f-573b-a163-3eca4818e562,2,2,የሀገሩ አለቃ የኤዊያዊው ሰው የኤሞር ልጅ ሴኬም አያት፤ ወሰዳትም፤ ከእርስዋም ጋር ተኛ፤ አስነወራትም።
c3fa37f3-dbcb-5e5e-a261-fbfcdbe162d7,90925ae1-848c-562e-a257-9dd6d175f9a6,c932bdb5-080f-573b-a163-3eca4818e562,3,3,ልቡናውም በያዕቆብ ልጅ በዲና ፍቅር ተነደፈ፤ ብላቴናዪቱንም ወደዳት፤ ልብዋንም ደስ በሚያሰኛት ነገር ተናገራት።
1bfb1347-d2e9-5db6-af09-f89190674a67,90925ae1-848c-562e-a257-9dd6d175f9a6,c932bdb5-080f-573b-a163-3eca4818e562,4,4,ሴኬምም አባቱን ኤሞርን፥ “ይህችን ብላቴና አጋባኝ” ብሎ ነገረው።
f68a2ce5-ec83-513a-a067-ee304e8d7460,90925ae1-848c-562e-a257-9dd6d175f9a6,c932bdb5-080f-573b-a163-3eca4818e562,5,5,ያዕቆብም ልጁን ዲናን የኤሞር ልጅ እንዳስነወራት ሰማ፤ ልጆቹም ከከብቶቻቸው ጋር በምድረ በዳ ነበሩ፤ ያዕቆብም ልጆቹ እስኪመጡ ድረስ ዝም አለ።
4e8377ed-2a43-5f61-acbf-b3a00e3da726,90925ae1-848c-562e-a257-9dd6d175f9a6,c932bdb5-080f-573b-a163-3eca4818e562,6,6,የሴኬም አባት ኤሞርም ይነግረው ዘንድ ወደ ያዕቆብ መጣ።
6a710fbb-ac56-5fd4-ac15-a6c18bd267cf,90925ae1-848c-562e-a257-9dd6d175f9a6,c932bdb5-080f-573b-a163-3eca4818e562,7,7,የያዕቆብም ልጆች ከምድረ በዳ መጡ፤ ይህንም በሰሙ ጊዜ ፈጽመው ደነገጡ፤ የያዕቆብን ልጅ በመተኛቱ በእስራኤል ላይ ኀፍረትን ስላደረገ አዘኑ፤ እጅግም ተቈጡ፤ እንዲህ አይደረግምና።
68a712e1-236c-56a8-a2e3-ba84ce21b76b,90925ae1-848c-562e-a257-9dd6d175f9a6,c932bdb5-080f-573b-a163-3eca4818e562,8,8,ኤሞርም እንዲህ ብሎ ነገራቸው፥ “ልጄ ሴኬም ልጃችሁን ወዶአታልና ሚስት እንድትሆነው እርስዋን ስጡት።
40b2ddf6-c9e5-5203-a03b-9261bc466a5b,90925ae1-848c-562e-a257-9dd6d175f9a6,c932bdb5-080f-573b-a163-3eca4818e562,9,9,ጋብቾችም ሁኑን፤ ሴቶች ልጆቻችሁን ስጡን፤ እናንተም የእኛን ሴቶች ልጆች ለልጆቻችሁ ውሰዱ።
7477fbaa-6be4-5a48-a088-f2511ebc5e30,90925ae1-848c-562e-a257-9dd6d175f9a6,c932bdb5-080f-573b-a163-3eca4818e562,10,10,ከእኛም ጋር ተቀመጡ፤ ምድራችንም በፊታችሁ ሰፊ ናት፤ ኑሩባት፤ ነግዱም፤ ግዙአትም።”
055d4f7a-f868-5553-a0e7-46194df9e0c0,90925ae1-848c-562e-a257-9dd6d175f9a6,c932bdb5-080f-573b-a163-3eca4818e562,11,11,ሴኬምም አባቷንና ወንድሞችዋን እንዲህ አለ፥ “በፊታችሁ ሞገስን በአገኝ የምትሉትን ሁሉ እሰጣለሁ።
9c774f9b-66cd-5ad1-a46e-6c7c8757bbc0,90925ae1-848c-562e-a257-9dd6d175f9a6,c932bdb5-080f-573b-a163-3eca4818e562,12,12,ብዙ ማጫ አምጣ በሉኝ፤ በምትጠይቁኝም መጠን እሰጣለሁ፤ ይህችን ብላቴና ግን ሚስት ትሆነኝ ዘንድ ስጡኝ።”
615eb500-76ea-5d3b-ab37-2cf1938953f7,90925ae1-848c-562e-a257-9dd6d175f9a6,c932bdb5-080f-573b-a163-3eca4818e562,13,13,የያዕቆብም ልጆች ለሴኬምና ለአባቱ ለኤሞር በተንኰል መለሱ፤ እኅታቸውን ዲናን አስነውሮአታልና፤
e3f9fcd2-a957-5f78-abf9-7458b522bacd,90925ae1-848c-562e-a257-9dd6d175f9a6,c932bdb5-080f-573b-a163-3eca4818e562,14,14,የዲና ወንድሞች ስምዖንና ሌዊም እንዲህ አሉአቸው፥ “እኅታችንን ላልተገረዘ ሰው ለመስጠት ይህን ነገር እናደርግ ዘንድ አይቻለንም፤ ይህ ነውር ይሆንብናልና።
05c998a6-22e8-53a1-a839-a3f0875eef78,90925ae1-848c-562e-a257-9dd6d175f9a6,c932bdb5-080f-573b-a163-3eca4818e562,15,15,እናንተም እንደ እኛ ወንዶቻችሁን ሁሉ ብትገርዙ በዚህ ብቻ እንመስላችኋለን፤ ከእናንተም ጋር እንኖራለን፤
dae2afa1-27af-53ee-a313-1a613e2578e1,90925ae1-848c-562e-a257-9dd6d175f9a6,c932bdb5-080f-573b-a163-3eca4818e562,16,16,ሴቶች ልጆቻችንንም እንሰጣችኋለን፤ የእናንተንም ሴቶች ልጆች ለሚስትነት እንወስዳለን፤ አንድ ሕዝብም ሆነን ከእናንተ ጋር እንኖራለን።
f8907e2c-ca81-570d-ad89-e6750a47c1df,90925ae1-848c-562e-a257-9dd6d175f9a6,c932bdb5-080f-573b-a163-3eca4818e562,17,17,ትገረዙ ዘንድ እኛን ባትሰሙ ግን ልጃችንን ይዘን እንሄዳለን።”
7f91f6d2-0b3a-5dcb-ac7b-4ff1fb9d7fb0,90925ae1-848c-562e-a257-9dd6d175f9a6,c932bdb5-080f-573b-a163-3eca4818e562,18,18,ነገራቸውም ኤሞርንና የኤሞርን ልጅ ሴኬምን ደስ አሰኛቸው።
8c2764d5-ab3d-59d5-a472-4df5c6f981bf,90925ae1-848c-562e-a257-9dd6d175f9a6,c932bdb5-080f-573b-a163-3eca4818e562,19,19,ብላቴናውም ይህን ነገር ያደርግ ዘንድ አልዘገየም፤ የያዕቆብን ልጅ ወድዶአልና፤ እርሱም ከአባቱ ቤተ ሰብእ ሁሉ የከበረ ነበረ።
d7843ba9-a7eb-597c-a545-42a6d0aa7cfa,90925ae1-848c-562e-a257-9dd6d175f9a6,c932bdb5-080f-573b-a163-3eca4818e562,20,20,ኤሞርና ልጁ ሴኬምም ሄዱና ወደ ከተማቸው በር ደረሱ፤ ለከተማቸውም ሰዎች ሁሉ እንዲህ ብለው ነገሩ፦
6401b86c-e283-5c16-a0ef-445153e9323b,90925ae1-848c-562e-a257-9dd6d175f9a6,c932bdb5-080f-573b-a163-3eca4818e562,21,21,“እነዚህ ሰዎች በእኛ ዘንድ የሰላም ሰዎች ናቸው፤ በምድራችን ይቀመጡ፤ ይነግዱባትም፤ እነሆም፥ ምድሪቱ ሰፊ ናት፤ ሴቶች ልጆቻቸውን ለሚስትነት እንውሰድ፤ ለእነርሱም ሴቶች ልጆቻችንን እንስጥ።
0975cee8-1f62-5c55-a59c-9b7dec6c2aca,90925ae1-848c-562e-a257-9dd6d175f9a6,c932bdb5-080f-573b-a163-3eca4818e562,22,22,እነርሱ እንደ እኛ ይሆኑ ዘንድ በዚህ ብቻ እንምሰላቸው። አንድ ወገንም እንሁን፤ እነርሱ እንደሚገርዙ ወንዶቻችንን ሁሉ እንገርዛለን።
4058f70d-5c8f-5621-a270-51a2d47c3dc6,90925ae1-848c-562e-a257-9dd6d175f9a6,c932bdb5-080f-573b-a163-3eca4818e562,23,23,መንጋቸውም፥ የጋማ ከብቶቻቸውም፥ ገንዘባቸውም ሁሉ ለእኛ አይደሉምን? ነገር ግን በዚህ ብቻ ከመሰልናቸው ከእኛ ጋር ይቀመጣሉ።”
595bd1cd-89dd-50b0-a28b-cdddf1be64a5,90925ae1-848c-562e-a257-9dd6d175f9a6,c932bdb5-080f-573b-a163-3eca4818e562,24,24,በከተማዪቱም በር የሚገቡ ሁሉ ኤሞርንና ልጁን ሴኬምን እሺ አሉ፤ ወንዶችም ሁሉ የሰውነታቸውን ሸለፈት ተገረዙ።
54589c88-7bd5-5df0-a0e6-649dfab47995,90925ae1-848c-562e-a257-9dd6d175f9a6,551397bb-7e9c-511c-a6c4-1917a9356880,1,25,እንዲህም ሆነ፤ በሦስተኛው ቀን እጅግ ቈስለው ሳሉ ሁለቱ የያዕቆብ ልጆች የዲና ወንድሞች ስምዖንና ሌዊ እየራሳቸው ሰይፋቸውን ይዘው ተደፋፍረው ወደ ከተማ ገቡ፤ ወንዱንም ሁሉ ገደሉ፤
e05f8e20-fa82-522d-a118-b2dbec136a15,90925ae1-848c-562e-a257-9dd6d175f9a6,551397bb-7e9c-511c-a6c4-1917a9356880,2,26,ኤሞርንና ልጁን ሴኬምንም በሰይፍ ገደሉ፤ እኅታቸው ዲናንም ከሴኬም ቤት ይዘው ወጡ።
71c5927a-3bfd-54e9-a1ee-5745adb7798f,90925ae1-848c-562e-a257-9dd6d175f9a6,551397bb-7e9c-511c-a6c4-1917a9356880,3,27,የያዕቆብ ልጆችም ወደ ሞቱት ገብተው እኅታቸው ዲናን ያስነወሩባትን ከተማዪቱን ዘረፉ፤
1d49a0a3-1f33-55b6-a710-a95c57e3fe20,90925ae1-848c-562e-a257-9dd6d175f9a6,551397bb-7e9c-511c-a6c4-1917a9356880,4,28,ላሞቻቸውንም፥ በጎቻቸውንም፥ አህዮቻቸውንም በሜዳም፥ በከተማም ያለውን ወሰዱ ።
13d9eebf-30ec-56f3-a305-33745ba6de92,90925ae1-848c-562e-a257-9dd6d175f9a6,551397bb-7e9c-511c-a6c4-1917a9356880,5,29,ሎሌዎቻቸውንና ሚስቶቻቸውን፥ የቤታቸውንም ቈሳቍስ ሁሉ ማረኩ፤ በቤትና በከተማ ያለውንም ሁሉ ዘረፉ።
03510e50-d9b4-5ff8-af4c-fedcf20868f3,90925ae1-848c-562e-a257-9dd6d175f9a6,551397bb-7e9c-511c-a6c4-1917a9356880,6,30,ያዕቆብም ስምዖንንና ሌዊን እንዲህ አላቸው፥ “ክፉ አደረጋችሁብኝ፤ በዚች ሀገር በሚኖሩ በከነዓናውያንና በፌርዜዎናውያን ሰዎች ዘንድ አስጠላችሁኝ። እኔ በቍጥር ጥቂት ነኝ፤ እነርሱ በእኔ ላይ ይሰበሰቡና ይወጉኛል፤ እኔና ቤቴም እንጠፋለን።”
6b8a3bf9-d44a-5d61-a746-a9fa04a54e10,90925ae1-848c-562e-a257-9dd6d175f9a6,551397bb-7e9c-511c-a6c4-1917a9356880,7,31,እነርሱም፥ “እኅታችንን እንደ አመንዝራ አድርገው ለምን አዋረዷት?” አሉት።
de30472b-43a1-5d8c-a4dc-432ffade9b4f,876cccf0-7a0a-544a-a3d2-008684634a88,c070b892-b9bf-57ed-ac52-8faa733ef18a,1,1,እግዚአብሔርም ያዕቆብን አለው፥ “ተነሥተህ ወደ ቤቴል ውጣ፤ በዚያም ኑር፤ ከወንድምህ ከዔሳው ፊት በሸሸህ ጊዜ ለተገለጥሁልህ ለእኔ መሥውያን ሥራ።”
16c1cb7a-470a-55fb-a093-e4eb1c15a18d,876cccf0-7a0a-544a-a3d2-008684634a88,c070b892-b9bf-57ed-ac52-8faa733ef18a,2,2,ያዕቆብም ለቤተ ሰቡና ከእርሱ ጋር ላሉት ሁሉ እንዲህ አለ፥ “ከእናንተ ጋር ያሉ እንግዶች አማልክትን ከመካከላችሁ አስወግዱ፤ ንጹሓንም ሁኑ፤ ልብሳችሁንም እጠቡ፤
37a9ac04-d5e2-59fc-a18d-bd45ca027623,876cccf0-7a0a-544a-a3d2-008684634a88,c070b892-b9bf-57ed-ac52-8faa733ef18a,3,3,ተነሡና ወደ ቤቴል እንውጣ፤ በዚያም በመከራዬ ቀን ለሰማኝ፥ በሄድሁበትም መንገድ ከእኔ ጋር ለነበረው፥ ከመከራም አድኖ ላሻገረኝ ለእግዚአብሔር መሠውያን እንሥራ።”
97044d2c-d025-51b9-a9c0-c42bf78dcf2a,876cccf0-7a0a-544a-a3d2-008684634a88,c070b892-b9bf-57ed-ac52-8faa733ef18a,4,4,በእጃቸው ያሉትንም እንግዶች አማልክት ሁሉ፥ በጆሮአቸውም ያሉትን ጉትቾች ለያዕቆብ ሰጡት፤ ያዕቆብም በሴቄም አጠገብ ካለችው ዛፍ በታች ቀበራቸው። እስከ ዛሬም ድረስ አጠፋቸው።
9387c257-af1c-555a-a084-043d4cb6aea3,876cccf0-7a0a-544a-a3d2-008684634a88,c070b892-b9bf-57ed-ac52-8faa733ef18a,5,5,እስራኤልም ከሴቄም ሄደ፤ እግዚአብሔርንም መፍራት በዙሪያቸው ባሉት ከተሞች ሁሉ ወደቀ፤ የእስራኤልንም ልጆች ለማሳደድ አልተከተሉአቸውም።
adc6e84a-ddcb-5253-a91e-8eee47c049ef,876cccf0-7a0a-544a-a3d2-008684634a88,c070b892-b9bf-57ed-ac52-8faa733ef18a,6,6,ያዕቆብም እርሱ፥ ከእርሱ ጋርም የነበሩት ሰዎች ሁሉ በከነዓን ምድር ወዳለችው ወደ ሎዛ መጡ፤ እርስዋም ቤቴል ናት።
3de9be54-5d98-5cd5-ab83-fdc61e5c7969,876cccf0-7a0a-544a-a3d2-008684634a88,c070b892-b9bf-57ed-ac52-8faa733ef18a,7,7,በዚያም መሠውያዉን ሠራ፤ የዚያንም ቦታ ስም ቤቴል ብሎ ጠራው፤ እርሱ ከወንድሙ ከዔሳው ፊት በሸሸበት ጊዜ እግዚአብሔር በዚያ ተገልጦለት ነበርና።
fd0aa158-1c7b-5127-a2af-ea2e7002d239,876cccf0-7a0a-544a-a3d2-008684634a88,c070b892-b9bf-57ed-ac52-8faa733ef18a,8,8,የርብቃ ሞግዚት ዲቦራም ሞተች፤ ከቤቴል በታች ባላን በሚባል ዛፍ ሥርም ተቀበረች፤ ያዕቆብም ስሙን “የልቅሶ ዛፍ” ብሎ ጠራው።
5b13bfc4-5406-5450-a530-e5064bdc745c,876cccf0-7a0a-544a-a3d2-008684634a88,c070b892-b9bf-57ed-ac52-8faa733ef18a,9,9,እግዚአብሔርም ለያዕቆብ ከሁለት ወንዞች መካከል ከሶርያ ከተመለሰ በኋላ እንደገና በሎዛ ተገለጠለት፤ እግዚአብሔርም ባረከው።
26bf7ab5-98b0-5ca4-a507-90c3a9a8b04c,876cccf0-7a0a-544a-a3d2-008684634a88,c070b892-b9bf-57ed-ac52-8faa733ef18a,10,10,እግዚአብሔርም አለው፥ “ስምህ ያዕቆብ አይባል፤ ስምህ እስራኤል ይባል እንጂ” ስሙንም እስራኤል ብሎ ጠራው።
3aa3c32d-06c2-5886-a060-c55ecb6cddf5,876cccf0-7a0a-544a-a3d2-008684634a88,c070b892-b9bf-57ed-ac52-8faa733ef18a,11,11,እግዚአብሔርም አለው፥ “አምላክህ እኔ ነኝ፤ ብዛ፤ ተባዛም፤ ሕዝብና የአሕዛብ ማኅበር ከአንተ ይሆናል፤ ነገሥታትም ከጕልበትህ ይወጣሉ።
0c91ea0c-62da-5560-a955-1931af71ad91,876cccf0-7a0a-544a-a3d2-008684634a88,c070b892-b9bf-57ed-ac52-8faa733ef18a,12,12,ለአብርሃምና ለይስሐቅም የሰጠኋትን ምድር ለአንተ፥ ከአንተም በኋላ ለዘርህ እሰጣለሁ።”
dba5a833-cbe9-5250-a6b6-193aa2e4dd9f,876cccf0-7a0a-544a-a3d2-008684634a88,c070b892-b9bf-57ed-ac52-8faa733ef18a,13,13,እግዚአብሔርም ከእርሱ ጋር ከተነጋገረበት ስፍራ ወደ ላይ ወጣ።
9eadc423-4b28-5e47-add2-346876ba9443,876cccf0-7a0a-544a-a3d2-008684634a88,c070b892-b9bf-57ed-ac52-8faa733ef18a,14,14,ያዕቆብም እግዚአብሔር ከእርሱ ጋር በተነጋገረበት ቦታ የድንጋይ ሐውልት ተከለ፤ የመጠጥ መሥዋዕትንም በእርሱ ላይ አፈሰሰ፤ ዘይትንም አፈሰሰበት።
cda29747-70d8-5fb6-a121-0d205b9758d7,876cccf0-7a0a-544a-a3d2-008684634a88,c070b892-b9bf-57ed-ac52-8faa733ef18a,15,15,ያዕቆብም እግዚአብሔር ከእርሱ ጋር የተነጋገረበትን ያን ቦታ “ቤቴል” ብሎ ጠራው።
871f64b9-75d9-5563-abbd-68962822ac56,876cccf0-7a0a-544a-a3d2-008684634a88,da78492c-83ea-5452-a654-9e33979fc929,1,16,ያዕቆብም ከቤቴል ተጓዘ፤ በጋዲር ግንብ አጠገብ ድንኳን ተከለ፤ ወደ ኤፍራታም ለመድረስ በቀረበ ጊዜ ራሔልን ምጥ ያዛት፤ በምጡም ተጨነቀች።
6d2274af-ff4e-5cce-a42d-6b24e4396611,876cccf0-7a0a-544a-a3d2-008684634a88,da78492c-83ea-5452-a654-9e33979fc929,2,17,በምጥ ሳለችም አዋላጂቱ፥ “አትፍሪ ይህኛው ደግሞ ወንድ ልጅ ይሆንልሻልና” አለቻት።
5c9e17e1-6f4c-5076-aca0-436341c6055f,876cccf0-7a0a-544a-a3d2-008684634a88,da78492c-83ea-5452-a654-9e33979fc929,3,18,ከዚያም በኋላ ነፍስዋ ልትወጣ ደረሰች፤ ሞትዋ በእርሱ ሆኖአልና ስሙን የጭንቀቴ ልጅ ብላ ጠራችው ፤ አባቱ ግን ብንያም አለው።
139ee38f-61e7-5d50-acd3-1c7ad97bf2a9,876cccf0-7a0a-544a-a3d2-008684634a88,da78492c-83ea-5452-a654-9e33979fc929,4,19,ራሔልም ሞተች፤ ወደ ኤፍራታም በምትወስድ መንገድ ተቀበረች፤ እርስዋም ቤተ ልሔም ናት።
1c48ceee-dbf1-5fda-ac03-96ae5cc262e3,876cccf0-7a0a-544a-a3d2-008684634a88,da78492c-83ea-5452-a654-9e33979fc929,5,20,ያዕቆብም በመቃብርዋ ላይ ሐውልት አቆመ፤ እርስዋም እስከ ዛሬ የራሔል የመቃብርዋ ሐውልት ትባላለች።
55dcb087-d031-5bb7-aeb4-becd1ab5ca03,876cccf0-7a0a-544a-a3d2-008684634a88,da78492c-83ea-5452-a654-9e33979fc929,6,21,ከዚህም በኋላ እስራኤል በዚያች ምድር ሳለ ሮቤል ሄደ፤ ከአባቱ ከያዕቆብ ዕቅብት ከባላ ጋርም ተኛ፤ እስራኤልም ሰማ። በፊቱም ክፉ ነገር ሆነ።
0862b25e-04d9-52d1-a7ef-a83cae6ad6e0,876cccf0-7a0a-544a-a3d2-008684634a88,0c96a465-3075-5ffe-a755-0b938120ccd1,1,22,የያዕቆብም ልጆች ዐሥራ ሁለት ናቸው፤
00a8082a-0c5d-539e-a7fb-b609bace964a,876cccf0-7a0a-544a-a3d2-008684634a88,0c96a465-3075-5ffe-a755-0b938120ccd1,2,23,የልያ ልጆች፤ የያዕቆብ በኵር ልጅ ሮቤል፥ ስምዖን፥ ሌዊ፥ ይሁዳ፥ ይሳኮር፥ ዛብሎን፤
0334572a-4acc-5396-a852-25f7e82dda65,876cccf0-7a0a-544a-a3d2-008684634a88,0c96a465-3075-5ffe-a755-0b938120ccd1,3,24,የራሔል ልጆች፤ ዮሴፍ፥ ብንያም፤
4b113b5f-1059-5565-a86b-abbf9b91132b,876cccf0-7a0a-544a-a3d2-008684634a88,0c96a465-3075-5ffe-a755-0b938120ccd1,4,25,የራሔል አገልጋይ የባላ ልጆችም፤ ዳን፥ ንፍታሌም፤
548ab347-78b9-5e38-ae33-1c938b7d47dd,876cccf0-7a0a-544a-a3d2-008684634a88,0c96a465-3075-5ffe-a755-0b938120ccd1,5,26,የልያ አገልጋይ የዘለፋ ልጆችም፤ ጋድ፥ አሴር፤ እነዚህ በሁለቱ ወንዞች መካከል በሶርያ የተወለዱለት የያዕቆብ ልጆች ናቸው።
3d8e9e6a-bc8b-5ef7-a93e-97b0a45e3377,876cccf0-7a0a-544a-a3d2-008684634a88,c6417e32-a45c-5808-a096-62b398fc7176,1,27,ያዕቆብም ወደ አባቱ ወደ ይስሐቅ፥ አብርሃምና ይስሐቅ እንግዶች ሆነው ወደ ተቀመጡባት በአርባቅ ከተማ ወደምትገኘው ወደ መምሬ እርስዋም ኬብሮን ወደምትባለው መጣ።
b13c4711-37b0-5030-a6e6-483c4941dfeb,876cccf0-7a0a-544a-a3d2-008684634a88,c6417e32-a45c-5808-a096-62b398fc7176,2,28,የይስሐቅም ዕድሜ መቶ ሰማንያ ዓመት ሆነ።
920ddffc-ebb3-50ba-af97-6d16de890bf7,876cccf0-7a0a-544a-a3d2-008684634a88,c6417e32-a45c-5808-a096-62b398fc7176,3,29,ይስሐቅም ሸምግሎ ዕድሜንም ጠግቦ ሞተ፤ ወደ ወገኖቹም ተጨመረ፤ ልጆቹም ዔሳውና ያዕቆብ ቀበሩት።
e227ca59-5510-56fb-a7b7-87ad93975637,5eec3048-70de-5fd1-a55b-65213d3bdf81,65280453-c4ed-5422-a44a-4cecfe3209e9,1,1,ኤዶም የተባለው የዔሳው ትውልድ እንዲህ ነው።
34f0c847-b1f2-516c-a85b-66a4c78df78d,5eec3048-70de-5fd1-a55b-65213d3bdf81,65280453-c4ed-5422-a44a-4cecfe3209e9,2,2,ዔሳው ከከነዓን ልጆች ሚስቶችን አገባ፤ የኬጤያዊውን የዔሎን ልጅ ሐዳሶን፥ የኤውያዊው የሴቤሶ ልጅ ሐና የወለዳትን ኤሌባማን፥
113571dc-ad4b-56e5-ae57-cf36cb5e431b,5eec3048-70de-5fd1-a55b-65213d3bdf81,65280453-c4ed-5422-a44a-4cecfe3209e9,3,3,የይስማኤልን ልጅ የናቡአት እኅት ቤሴሞትን።
03a94905-ffce-5325-adef-321367b4eb61,5eec3048-70de-5fd1-a55b-65213d3bdf81,65280453-c4ed-5422-a44a-4cecfe3209e9,4,4,ሐዳሶ ለእርሱ ኤልፋዝን ወለደች፤ ቤሴሞትም ራጉኤልን ወለደች፤
ef4ff609-ac06-592f-a519-e7aa0848fcdb,5eec3048-70de-5fd1-a55b-65213d3bdf81,65280453-c4ed-5422-a44a-4cecfe3209e9,5,5,ኤሌባማም ዮሔልን፥ ይጉሜልን፥ ቆሬንም ወለደች። በከነዓን ምድር የተወለዱለት የዔሳው ልጆች እነዚህ ናቸው።
8bebf76c-6545-5f1e-af16-f9754d2a938f,5eec3048-70de-5fd1-a55b-65213d3bdf81,65280453-c4ed-5422-a44a-4cecfe3209e9,6,6,ዔሳውም ሚስቶቹን፥ ወንዶች ልጆቹንና ሴቶች ልጆቹን፥ ቤተ ሰቡንም ሁሉ፥ እንስሶቹንም ሁሉ፥ በከነዓንም ሀገር ያገኘውን ገንዘቡን ሁሉ ይዞ ከወንድሙ ከያዕቆብ ፊት ከከነዓን ሀገር ሄደ።
0f45ae4e-2256-50d7-a628-48da56d952b3,5eec3048-70de-5fd1-a55b-65213d3bdf81,65280453-c4ed-5422-a44a-4cecfe3209e9,7,7,ከብታቸው ስለበዛ በአንድነት ይቀመጡ ዘንድ አልቻሉም፤ በእንግድነት የተቀመጡባትም ምድር ከከብታቸው ብዛት የተነሣ ልትበቃቸው አልቻለችም።
483a8ab1-0432-5ae7-a1de-e05e724395ec,5eec3048-70de-5fd1-a55b-65213d3bdf81,65280453-c4ed-5422-a44a-4cecfe3209e9,8,8,ዔሳውም በሴይር ተራራ ተቀመጠ፤ ዔሳውም ኤዶም ነው።
9bc390dd-c11b-55dc-a7f4-79c69efb57c2,5eec3048-70de-5fd1-a55b-65213d3bdf81,65280453-c4ed-5422-a44a-4cecfe3209e9,9,9,በሴይር ተራራ የሚኖሩ የኤዶማውያን አባት የዔሳው ትውልድም እንዲህ ነው።
c1d87d6f-1114-5225-a8d1-92d7f76bf581,5eec3048-70de-5fd1-a55b-65213d3bdf81,65280453-c4ed-5422-a44a-4cecfe3209e9,10,10,የዔሳው ልጆች ስም ይህ ነው፤ የዔሳው ሚስት የሐዳሶ ልጅ ኤልፋዝ፤ የዔሳው ሚስት የቤሴሞት ልጅ ራጉኤል።
fe95d41e-1d7a-54ab-a149-fd6913f27dd5,5eec3048-70de-5fd1-a55b-65213d3bdf81,65280453-c4ed-5422-a44a-4cecfe3209e9,11,11,የዔሳው ልጅ የኤልፋዝ ልጆችም እነዚህ ናቸው፤ ቴማን፥ ኤሞር፥ ሳፍር፥ ጎቶን፥ ቄኔዝ።
81a59c83-30c3-5dab-a5b7-2b13de96e662,5eec3048-70de-5fd1-a55b-65213d3bdf81,65280453-c4ed-5422-a44a-4cecfe3209e9,12,12,ቴምናሕም ለዔሳው ልጅ ለኤልፋዝ ዕቅብት ነበረች፤ አማሌቅንም ለኤልፋዝ ወለደችለት፤ የዔሳውም ሚስት የሐዳሶ ልጆች እነዚህ ናቸው።
9dbd2d8d-9cc5-56ad-a7ac-0d529e9d89f9,5eec3048-70de-5fd1-a55b-65213d3bdf81,65280453-c4ed-5422-a44a-4cecfe3209e9,13,13,የዔሳው ልጅ የራጉኤል ልጆችም እነዚህ ናቸው፤ ናሖት፥ ዛራ፥ ሲም፥ ሞዛህ፤ እነዚህም የዔሳው ሚስት የቤሴሞት ልጆች ናቸው።
82ed5a66-f03a-56c0-a460-b63f8abaa093,5eec3048-70de-5fd1-a55b-65213d3bdf81,65280453-c4ed-5422-a44a-4cecfe3209e9,14,14,የሴቤጎን ልጅ የሐና ልጅ የዔሳው ሚስት የኤሌባማ ልጆች እነዚህ ናቸው፤ ለዔሳውም ዮሔልን፥ ዩጉሜልን፥ ቆሬን ወለደች።
5cb8b6f4-9a15-5e97-a2a9-11fc45d9fd84,5eec3048-70de-5fd1-a55b-65213d3bdf81,65280453-c4ed-5422-a44a-4cecfe3209e9,15,15,የዔሳው ልጆች መሳፍንት እነዚህ ናቸው፤ የዔሳው የበኵር ልጅ የኤልፋዝ ልጆች፤ ቴማን መስፍን፥ ኦሜር መስፍን፥ ሳፍር መስፍን፥ ቄኔዝ መስፍን፥
17cc87b4-eb16-59f6-a419-b94b269061da,5eec3048-70de-5fd1-a55b-65213d3bdf81,65280453-c4ed-5422-a44a-4cecfe3209e9,16,16,ቆሬ መስፍን፥ ጎቶን መስፍን፥ አማሌቅ መስፍን፤ በኤዶም ምድር የኤልፋዝ መሳፍንት እነዚህ ናቸው፤ እነዚህ የሓዳሶ ልጆች ናቸው ።
6c290fd9-aaa0-5a7a-ab0d-7535c2d79fda,5eec3048-70de-5fd1-a55b-65213d3bdf81,65280453-c4ed-5422-a44a-4cecfe3209e9,17,17,የዔሳው ልጅ የራጉኤል ልጆች መሳፍንት እነዚህ ናቸው፤ ናሖት መስፍን፥ ዛራ መስፍን፥ ሲን መስፍን፥ ሞዛህ መስፍን፤ በኤዶም ምድር የራጉኤል ልጆች መሳፍንት እነዚህ ናቸው፤ እነዚህም የዔሳው ሚስት የቤሴሞት ልጆች ናቸው።
acdca042-6417-581a-a7bb-016038bcd47c,5eec3048-70de-5fd1-a55b-65213d3bdf81,65280453-c4ed-5422-a44a-4cecfe3209e9,18,18,የዔሳው ሚስት የኤሌባማ ልጆች መሳፍንት እነዚህ ናቸው፤ ዮሔል መስፍን፥ ይጉሜል መስፍን፥ ቆሬ መስፍን፤ የዔሳው ሚስት የሐና ልጅ የኤሌባማ ልጆች መሳፍንት እነዚህ ናቸው።
70c9891c-30fb-56ba-abb0-27fe74163d62,5eec3048-70de-5fd1-a55b-65213d3bdf81,65280453-c4ed-5422-a44a-4cecfe3209e9,19,19,የዔሳው ልጆችና መስፍኖቻቸው እነዚህ ናቸው፤ እነርሱም የኤዶም ልጆች ናቸው።
761f2175-74d5-57c6-a231-39f1c65d4d97,5eec3048-70de-5fd1-a55b-65213d3bdf81,ae44b9e0-e449-5046-a52e-2d893e51093d,1,20,በዚያች ሀገር የተቀመጡ የሖሪያዊው የሴይር ልጆች እነዚህ ናቸው፤ ሉጣን፥ ሦባን፥ ሳባቅ፥ አናም፥
c7c3875f-d280-53e7-a932-b40b1e4c81c1,5eec3048-70de-5fd1-a55b-65213d3bdf81,ae44b9e0-e449-5046-a52e-2d893e51093d,2,21,ዲሶን፥ ኤሶር፥ ዲሳን፤ እነዚህ በኤዶም ምድር የሖሪያዊው የሴይር ልጆች መሳፍንት ናቸው።
9fa8e37e-d8dc-5b96-a2ca-41cb07fc65cb,5eec3048-70de-5fd1-a55b-65213d3bdf81,ae44b9e0-e449-5046-a52e-2d893e51093d,3,22,የሉጣን ልጆችም እነዚህ ናቸው፤ ሖሪ፥ ሃማን ናቸው፤ የሉጣንም እኅት ትምናዕ ናት።
15ecc52b-9e6b-57b6-aa95-0bc23140b4c9,5eec3048-70de-5fd1-a55b-65213d3bdf81,ae44b9e0-e449-5046-a52e-2d893e51093d,4,23,የሦባን ልጆችም እነዚህ ናቸው፤ ዓልዋን፥ ማኔሐት፥ ኤቤል፥ ሳፋር፥ አውናም።
9aa77d7a-15e4-57fd-a15a-edc6947d1c0b,5eec3048-70de-5fd1-a55b-65213d3bdf81,ae44b9e0-e449-5046-a52e-2d893e51093d,5,24,የሳባቅ ልጆችም እነዚህ ናቸው፤ ኢኣ፥ ዓናን፤ ይህም ዓናን በምድረ በዳ የአባቱን የሳባቅን አህዮች ሲጠብቅ ፍል ውኃዎችን ያገኘ ነው።
cf0fba44-9b86-5931-a54f-354abee0607c,5eec3048-70de-5fd1-a55b-65213d3bdf81,ae44b9e0-e449-5046-a52e-2d893e51093d,6,25,የዓናን ልጆችም እነዚህ ናቸው፤ ዲሶን፤ የዓናን ሴት ልጅ ኤሌባማ።
5c50b758-47be-572e-a13f-722b6658b1ed,5eec3048-70de-5fd1-a55b-65213d3bdf81,ae44b9e0-e449-5046-a52e-2d893e51093d,7,26,የዲሶንም ልጆች እነዚህ ናቸው፤ ሕምዳን፥ አስባን፥ ቤዖር፥ ይትራን፥ ክራን።
e2d77734-02d8-5c43-a4e7-c786e13bd207,5eec3048-70de-5fd1-a55b-65213d3bdf81,ae44b9e0-e449-5046-a52e-2d893e51093d,8,27,የኤሶር ልጆችም እነዚህ ናቸው፤ ከልሐን፥ ዛኦን፥ ዓቃን።
c03a7ec3-e9c1-51c0-ad7a-68c10f73d59e,5eec3048-70de-5fd1-a55b-65213d3bdf81,ae44b9e0-e449-5046-a52e-2d893e51093d,9,28,የሪሶን ልጆችም እነዚህ ናቸው፤ ዑሳ፥ አራን።
9f572c51-e2d9-5320-a97e-62d8bff91512,5eec3048-70de-5fd1-a55b-65213d3bdf81,ae44b9e0-e449-5046-a52e-2d893e51093d,10,29,የሖሪ መሳፍንት እነዚህ ናቸው፤ ሉጣን መስፍን፥ ሦባን መስፍን፥ ሳባቅ መስፍን፥ ዓናን መስፍን፥
601d7a05-d7fb-539c-a7f8-bce51abdec95,5eec3048-70de-5fd1-a55b-65213d3bdf81,ae44b9e0-e449-5046-a52e-2d893e51093d,11,30,ዲሶን መስፍን፥ ኤሶር መስፍን፥ ሪሶን መስፍን፤ በሴይር ምድር በየሹመታቸው መሳፍንት የሆኑ የሖሪ መሳፍንት እነዚህ ናቸው።
dfa1a667-4a51-5d25-ad7b-deff50f1ae5b,5eec3048-70de-5fd1-a55b-65213d3bdf81,bc20037b-9a69-5866-a1ff-b3d6dd02cdee,1,31,በእስራኤል ልጆች ላይ ንጉሥ ከመንገሡ በፊት በኤዶም ሀገር የነገሡ ነገሥታት እነዚህ ናቸው።
904270da-1175-5b17-a7b7-785f0c71dbf9,5eec3048-70de-5fd1-a55b-65213d3bdf81,bc20037b-9a69-5866-a1ff-b3d6dd02cdee,2,32,በኤዶምም የቤዖር ልጅ ባላቅ ነገሠ፤ የከተማዋም ስም ዴናባ ናት።
5e889e3a-da6c-583a-a176-1372c1ba5114,5eec3048-70de-5fd1-a55b-65213d3bdf81,bc20037b-9a69-5866-a1ff-b3d6dd02cdee,3,33,ባላቅም ሞተ፤ በእርሱ ፈንታም የባሶራው የዛራ ልጅ ኢዮባብ ነገሠ።
3b408205-0f8f-58a1-a516-4e5df31dd17f,5eec3048-70de-5fd1-a55b-65213d3bdf81,bc20037b-9a69-5866-a1ff-b3d6dd02cdee,4,34,ኢዮባብም ሞተ፤ በእርሱም ፈንታ የቴማኒው ሀገር ሑሳም ነገሠ።
c0ab6dbb-326c-5730-a7bb-0be26c7137a2,5eec3048-70de-5fd1-a55b-65213d3bdf81,bc20037b-9a69-5866-a1ff-b3d6dd02cdee,5,35,ሑሳምም ሞተ፤ በእርሱም ፈንታ የምድያምን ሰዎች በሞዓብ ሜዳ የገደለ የቤዳድ ልጅ አዳድ ነገሠ፤ የከተማዋም ስም ዓዊት ተባለ።
b48ee090-ca53-5556-acd9-1b7a5c5d858f,5eec3048-70de-5fd1-a55b-65213d3bdf81,bc20037b-9a69-5866-a1ff-b3d6dd02cdee,6,36,ዓዳድም ሞተ፤ በእርሱም ፈንታ የምስሬቃው ሠምላ ነገሠ።
4e5ddade-0185-5f25-ad5e-13391aab95c2,5eec3048-70de-5fd1-a55b-65213d3bdf81,bc20037b-9a69-5866-a1ff-b3d6dd02cdee,7,37,ሠምላም ሞተ፤ በእርሱም ፈንታ በወንዝ አጠገብ ካለችው ከርኆቦት ሳኦል ነገሠ።
919fc50f-f52f-5cae-aeb3-2c60aeec269d,5eec3048-70de-5fd1-a55b-65213d3bdf81,bc20037b-9a69-5866-a1ff-b3d6dd02cdee,8,38,ሳኦልም ሞተ፤ በእርሱም ፈንታ የዓክቦር ልጅ በአልሐናን ነገሠ።
96e6961b-e7e3-531f-a08e-1cfd045e982a,5eec3048-70de-5fd1-a55b-65213d3bdf81,bc20037b-9a69-5866-a1ff-b3d6dd02cdee,9,39,የአክቦር ልጅ በአልሐናንም ሞተ፤ በእርሱም ፈንታ አዳር ነገሠ፤ የከተማውም ስም ፎጎር ነው፤ ሚስቱም የሜዛአብ ልጅ መጥሬድ የወለደቻት ምኤጠብኤል ትባላለች።
60e59732-11e3-55d8-ab18-1d9b723d36c2,5eec3048-70de-5fd1-a55b-65213d3bdf81,bc20037b-9a69-5866-a1ff-b3d6dd02cdee,10,40,የዔሳውም የመሳፍንቱ ስም በየነገዳቸው፥ በየስፍራቸው፥ በያገራቸውና በየሕዝባቸው ይህ ነው፤ ትምናዕ መስፍን፥ ዓልዋ መስፍን፥ ኤቴት መስፍን፥
4b65c470-bf99-511f-a7e9-f7e5ef293229,5eec3048-70de-5fd1-a55b-65213d3bdf81,bc20037b-9a69-5866-a1ff-b3d6dd02cdee,11,41,ኤሌባማ መስፍን፥ ኤላ መስፍን፥ ፊኖን መስፍን፥
87049270-8b9c-5189-ad0b-ca50c25cc468,5eec3048-70de-5fd1-a55b-65213d3bdf81,bc20037b-9a69-5866-a1ff-b3d6dd02cdee,12,42,ቄኔዝ መስፍን፥ ቴማን መስፍን፥ ሜብሳር መስፍን፥
430e6870-cd68-5458-ab9d-803c8de98f73,5eec3048-70de-5fd1-a55b-65213d3bdf81,bc20037b-9a69-5866-a1ff-b3d6dd02cdee,13,43,መግዴኤል መስፍን፥ ኤራም መስፍን፤ እነዚህ በግዛታቸው ምድር በየመኖሪያቸው የኤዶም መሳፍንት ናቸው። የኤዶማውያንም አባት ይህ ዔሳው ነው።
966ba12a-2ecd-5c16-ad4f-2bfaace6939f,9bce2b3b-dc73-57b6-ae6e-a6a7bc1d2257,2c242f0c-26e0-5c37-a923-b64b8e3f1fe1,1,1,ያዕቆብም አባቱ በስደት በኖረበት ሀገር በከነዓን ምድር ተቀመጠ።
38d37c6c-38bf-56e4-a689-ba2ca4aaef89,9bce2b3b-dc73-57b6-ae6e-a6a7bc1d2257,2c242f0c-26e0-5c37-a923-b64b8e3f1fe1,2,2,የያዕቆብም ትውልድ እንዲህ ነው። ዮሴፍ ዐሥራ ሰባት ዓመት በሆነው ጊዜ ከወንድሞቹ ጋር የአባቱን በጎች ይጠብቅ ነበር፤ እርሱም ከአባቱ ሚስቶች ከባላና ከዘለፋ ልጆች ጋር ሳለ ብላቴና ነበረ፤ ዮሴፍም የክፋታቸውን ወሬ ወደ አባታቸው ወደ እስራኤል ያመጣ ነበር።
5218465f-f1ea-5ba5-a921-a81657bead57,9bce2b3b-dc73-57b6-ae6e-a6a7bc1d2257,2c242f0c-26e0-5c37-a923-b64b8e3f1fe1,3,3,ያዕቆብም ዮሴፍን ከልጆቹ ሁሉ ይልቅ ይወድደው ነበር፤ እርሱ በሽምግልናው የወለደው ነበርና። በብዙ ኅብር ያጌጠችም ቀሚስ አደረገለት።
272c7909-3081-5989-a853-c4a83e6e21b3,9bce2b3b-dc73-57b6-ae6e-a6a7bc1d2257,2c242f0c-26e0-5c37-a923-b64b8e3f1fe1,4,4,ወንድሞቹም አባታቸው ከልጆቹ ሁሉ ይልቅ እንደሚወድደው በአዩ ጊዜ ጠሉት፤ በሰላም ይናገሩትም ዘንድ አልቻሉም።
f60339fe-8ad4-50e3-a711-1904db687ed5,9bce2b3b-dc73-57b6-ae6e-a6a7bc1d2257,2c242f0c-26e0-5c37-a923-b64b8e3f1fe1,5,5,ዮሴፍም ሕልምን አለመ፤ ለወንድሞቹም ነገራቸው።
64a9d1e0-62f7-5c6d-a429-b6fbc0690343,9bce2b3b-dc73-57b6-ae6e-a6a7bc1d2257,2c242f0c-26e0-5c37-a923-b64b8e3f1fe1,6,6,እርሱም አላቸው፥ “እኔ ያለምሁትን ሕልም ስሙ፤
eb61f290-8ff9-5e14-ad38-f58b4a9ec483,9bce2b3b-dc73-57b6-ae6e-a6a7bc1d2257,2c242f0c-26e0-5c37-a923-b64b8e3f1fe1,7,7,እነሆ፥ እኛ በእርሻ መካከል ነዶ ስናስር ነበርና፥ እነሆ፥ የእኔ ነዶ ቀጥ ብላ ቆመች፤ የእናንተም ነዶዎች በዙርያ ከብበው እነሆ፥ ለእኔ ነዶ ሰገዱ።”
31a6a833-1102-5ee6-a1e1-d73dc16b9ec0,9bce2b3b-dc73-57b6-ae6e-a6a7bc1d2257,2c242f0c-26e0-5c37-a923-b64b8e3f1fe1,8,8,ወንድሞቹም፥ “በእኛ ላይ ልትነግሥብን ይሆን? ወይስ ገዢ ትሆነን ይሆን?” አሉት። እንደገናም ስለ ሕልሙና ስለ ነገሩ የበለጠ ጠሉት።
3abb994d-8f84-5d00-ab0f-9f2fd72a81c2,9bce2b3b-dc73-57b6-ae6e-a6a7bc1d2257,2c242f0c-26e0-5c37-a923-b64b8e3f1fe1,9,9,ደግሞም ሌላ ሕልምን አየ፤ ለአባቱና ለወንድሞቹም ነገራቸው፤ እንዲህም አለ፥ “እነሆ፥ ደግሞ ሌላ ሕልም አለምሁ፤ ሕልሙም እንዲህ ነው፦ ፀሐይና ጨረቃ ዐሥራ አንድ ከዋክብትም ይሰግዱልኝ ነበር።”
72fe7e60-d19f-5fe0-a33a-979b61704710,9bce2b3b-dc73-57b6-ae6e-a6a7bc1d2257,2c242f0c-26e0-5c37-a923-b64b8e3f1fe1,10,10,አባቱም ገሠጸው፤ እንዲህም አለው፥ “ይህ ያለምኸው ሕልም ምንድን ነው? በውኑ እኔና እናትህ፥ ወንድሞችህም መጥተን በምድር ላይ እንሰግድልህ ይሆን?”
203b5b32-8db9-5956-a103-13780d6ae08d,9bce2b3b-dc73-57b6-ae6e-a6a7bc1d2257,2c242f0c-26e0-5c37-a923-b64b8e3f1fe1,11,11,ወንድሞቹም ቀኑበት፤ አባቱ ግን ይህን ነገር በልቡ ይጠብቀው ነበር።
fca2c005-c36a-57c6-ad79-61704a8b5f35,9bce2b3b-dc73-57b6-ae6e-a6a7bc1d2257,2fa8b99b-c3d3-5bbc-a605-135615babc7d,1,12,ወንድሞቹም በሴኬም የአባታቸውን በጎች ይጠብቁ ዘንድ ሄዱ።
c0878f7b-62eb-5adf-af2d-6c595a46f914,9bce2b3b-dc73-57b6-ae6e-a6a7bc1d2257,2fa8b99b-c3d3-5bbc-a605-135615babc7d,2,13,እስራኤልም ዮሴፍን፥ “ወንድሞችህ በሴኬም በጎችን የሚጠብቁ አይደሉምን? ወደ እነርሱ እልክህ ዘንድ ና” አለው። እርሱም፥ “እሺ” አለው።
14370bf3-6268-5d31-ab6e-85138591b6cb,9bce2b3b-dc73-57b6-ae6e-a6a7bc1d2257,2fa8b99b-c3d3-5bbc-a605-135615babc7d,3,14,እርሱም፥ “ሄደህ ወንድሞችህና በጎቹ ደኅና እንደ ሆኑ እይ፤ ወሬአቸውንም አምጣልኝ” አለው። ወደ ኬብሮንም ቆላ ላከው፤ ወደ ሴኬምም መጣ።
dc1858a6-9d73-541f-af73-c2e421759ffb,9bce2b3b-dc73-57b6-ae6e-a6a7bc1d2257,2fa8b99b-c3d3-5bbc-a605-135615babc7d,4,15,እነሆም፥ በምድረ በዳ ሲቅበዘበዝ ሳለ አንድ ሰው አገኘው፤ ሰውየውም፥ “ምን ትፈልጋለህ?” ብሎ ጠየቀው።
6b7d2c5b-a8af-50d0-a369-e4ce5a1b13d0,9bce2b3b-dc73-57b6-ae6e-a6a7bc1d2257,2fa8b99b-c3d3-5bbc-a605-135615babc7d,5,16,እርሱም፥ “ወንድሞችን እፈልጋለሁ፤ በጎቹን የሚጠብቁበት ወዴት እንደ ሆነ እባክህ ንገረኝ?” አለ።
c46075bd-e29c-5d4e-ac8e-0783b4630821,9bce2b3b-dc73-57b6-ae6e-a6a7bc1d2257,2fa8b99b-c3d3-5bbc-a605-135615babc7d,6,17,ሰውየውም፥ “ከዚህ ተነሥተዋል፤ ወደ ዶታይን እንሂድ ሲሉም ሰምቼአቸዋለሁ” አለው። ዮሴፍም ወንድሞቹን ተከታትሎ ሄደ፤ በዶታይንም አገኛቸው።
11c585c1-de4d-5faa-a05a-297788cf253f,9bce2b3b-dc73-57b6-ae6e-a6a7bc1d2257,2fa8b99b-c3d3-5bbc-a605-135615babc7d,7,18,እነርሱም ወደ እነርሱ ሳይቀርብ ከሩቅ አስቀድመው አዩት፥ ይገድሉትም ዘንድ በእርሱ ላይ ተማከሩ።
6342f076-0e7b-5a47-ad34-d22943c27952,9bce2b3b-dc73-57b6-ae6e-a6a7bc1d2257,2fa8b99b-c3d3-5bbc-a605-135615babc7d,8,19,አንዱም ለአንዱ እንዲህ አለው፥ “ያ ባለ ሕልም ይኸው መጣ።
bc2077fb-7b71-543e-ab1d-c81f5326de51,9bce2b3b-dc73-57b6-ae6e-a6a7bc1d2257,2fa8b99b-c3d3-5bbc-a605-135615babc7d,9,20,ኑ፥ እንግደለውና በአንድ ጕድጓድ ውስጥ እንጣለው፤ ክፉ አውሬም በላው እንላለን፤ ሕልሞቹም ምን እንደሚሆኑ እናያለን።”
220e1e9a-53b2-53d3-a50f-43b612f00994,9bce2b3b-dc73-57b6-ae6e-a6a7bc1d2257,2fa8b99b-c3d3-5bbc-a605-135615babc7d,10,21,ሮቤልም ይህን ሰማ፤ ከእጃቸውም አዳነው፤ እንዲህም አለ፥ “ሕይወቱን አናጥፋ።”
6902060b-b97f-5421-ac41-484fb3e6c9bf,9bce2b3b-dc73-57b6-ae6e-a6a7bc1d2257,2fa8b99b-c3d3-5bbc-a605-135615babc7d,11,22,ሮቤልም፥ “ደም አታፍስሱ፤ በዚች ምድረ በዳ ባለችው ጕድጓድ ጣሉት፤ ነገር ግን እጃችሁን አትጣሉበት” አላቸው። ሮቤልም እንዲህ ማለቱ ከእጃቸው ሊያድነውና ወደ አባቱ ሊመልሰው ነው።
22b96f8c-0f27-58d8-ae30-71664e583f71,9bce2b3b-dc73-57b6-ae6e-a6a7bc1d2257,2fa8b99b-c3d3-5bbc-a605-135615babc7d,12,23,እንዲህም ሆነ፤ ዮሴፍ ወደ ወንድሞቹ በቀረበ ጊዜ የለበሳትን በብዙ ኅብር ያጌጠቺውን ቀሚሱን ገፈፉት፤
0a89a03f-6f15-5424-aea3-b5f851d6d34c,9bce2b3b-dc73-57b6-ae6e-a6a7bc1d2257,2fa8b99b-c3d3-5bbc-a605-135615babc7d,13,24,ወስደውም ወደ ጕድጓድ ጣሉት፤ ጕድጓዱም ውኃ የሌለበት ባዶ ነበረ።
80e86bd7-306c-5975-a84e-84d32f458e57,9bce2b3b-dc73-57b6-ae6e-a6a7bc1d2257,2fa8b99b-c3d3-5bbc-a605-135615babc7d,14,25,እንጀራም ሊበሉ ተቀመጡ፤ ዐይኖቻቸውንም በአነሡ ጊዜ እነሆ፥ ይስማኤላውያን ነጋድያን ከገለዓድ ሲመጡ አዩ፤ ግመሎቻቸውም ሽቱና በለሳን፥ ከርቤም ተጭነው ነበር። ወደ ግብፅ ሀገርም ሊያራግፉ ይሄዱ ነበር።
674da1e4-b52f-56f0-a6d9-6a2938753a2a,9bce2b3b-dc73-57b6-ae6e-a6a7bc1d2257,2fa8b99b-c3d3-5bbc-a605-135615babc7d,15,26,ይሁዳም ወንድሞቹን እንዲህ አላቸው፥ “ወንድማችንን ገድለን ደሙን ብንሸሽግ ጥቅማችን ምንድን ነው?
640cdbac-1e71-5cb1-acf6-152dc388b71a,9bce2b3b-dc73-57b6-ae6e-a6a7bc1d2257,2fa8b99b-c3d3-5bbc-a605-135615babc7d,16,27,ኑ፥ ለእነዚህ ይስማኤላውያን እንሽጠው፤ እጃችንን ግን በእርሱ ላይ አንጣል፤ ወንድማችን ሥጋችን ነውና።” ወንድሞቹም የነገራቸውን ሰሙት።
bfd992cf-da44-536f-acb4-c67a9d8451e6,9bce2b3b-dc73-57b6-ae6e-a6a7bc1d2257,2fa8b99b-c3d3-5bbc-a605-135615babc7d,17,28,እነዚያ ይስማኤላውያን ነጋዴዎችም ሲያልፉ ወንድሞቹ ዮሴፍን ከጕድጓድ ጐትተው አወጡት፤ ለይስማኤላውያንም ዮሴፍን በሃያ ብር ሸጡት፤ እነርሱም ዮሴፍን ወደ ግብፅ ወሰዱት።
60241779-f8d7-5f83-a36a-1fbe5e7812fc,9bce2b3b-dc73-57b6-ae6e-a6a7bc1d2257,2fa8b99b-c3d3-5bbc-a605-135615babc7d,18,29,ሮቤልም ወደ ጕድጓዱ ተመለሰ፤ እነሆም፥ ዮሴፍን ከጕድጓድ በአጣው ጊዜ ልብሱን ቀደደ።
cc4dea48-a706-5de2-acef-bfec912036d0,9bce2b3b-dc73-57b6-ae6e-a6a7bc1d2257,2fa8b99b-c3d3-5bbc-a605-135615babc7d,19,30,ሮቤልም ወደ ወንድሞቹ ተመልሶ፥ “ብላቴናው በጕድጓድ የለም፤ እንግዲህ እኔ ወዴት እሄዳለሁ?” አለ።
1a7ac70c-d81c-5980-a31e-3ac6a0698d47,9bce2b3b-dc73-57b6-ae6e-a6a7bc1d2257,2fa8b99b-c3d3-5bbc-a605-135615babc7d,20,31,የዮሴፍንም ቀሚስ ወሰዱ፤ የፍየልም ጠቦት አርደው ቀሚሱን በደም ነከሩት።
32aed9af-8ba3-5a78-aaa0-90fa3cd47b2a,9bce2b3b-dc73-57b6-ae6e-a6a7bc1d2257,2fa8b99b-c3d3-5bbc-a605-135615babc7d,21,32,ብዙ ኅብር ያለበትን ቀሚሱንም ላኩ፤ ወደ አባታቸውም አገቡት፤ እንዲህም አሉት፥ “ይህን ልብስ አገኘን፤ ይህ የልጅህ ልብስ እንደ ሆነ ወይም እንዳልሆነ እስኪ እየው?”
dc688d12-15fc-52e2-a1cf-af854c26e824,9bce2b3b-dc73-57b6-ae6e-a6a7bc1d2257,2fa8b99b-c3d3-5bbc-a605-135615babc7d,22,33,እርሱም ዐውቆ፥ “የልጄ ቀሚስ ነው፤ ክፉ አውሬ በልቶታል፤ ዮሴፍን ቦጫጭቆታል” አለ።
9bad37d5-da3e-5b79-ab1e-508bfcc59049,9bce2b3b-dc73-57b6-ae6e-a6a7bc1d2257,2fa8b99b-c3d3-5bbc-a605-135615babc7d,23,34,ያዕቆብም ልብሱን ቀደደ፤ በወገቡም ማቅ ታጥቆ ለልጁ ብዙ ቀን አለቀሰ።
95beda43-9075-5ea3-a6b4-89114651e3e2,9bce2b3b-dc73-57b6-ae6e-a6a7bc1d2257,2fa8b99b-c3d3-5bbc-a605-135615babc7d,24,35,ወንዶች ልጆቹና ሴቶች ልጆቹ ሁሉ ተሰብስበው መጡ። ኀዘኑንም ያስተዉት ዘንድ አባታቸውን ማለዱት። ኀዘኑንም መተውን እንቢ አለ፥ እንዲህም አላቸው፥ “ወደ ልጄ ወደ መቃብር እያዘንሁ እወርዳለሁ።” አባቱም ስለ እርሱ አለቀሰ።
8f8b0921-2db5-5ced-a155-9adc3231f4ad,9bce2b3b-dc73-57b6-ae6e-a6a7bc1d2257,2fa8b99b-c3d3-5bbc-a605-135615babc7d,25,36,እነዚያ ይስማኤላውያን ሰዎች ግን ዮሴፍን በግብፅ ለፈርዖን ጃንደረባ ለዘበኞቹ አለቃ ለጲጥፋራ ሸጡት።
222ee3aa-8636-57ef-a69d-13c1cf52d74f,5f1cf3e1-01c8-5ab6-ad81-f8d3476f16d4,038dcabf-588a-5411-a4a0-3105f94a1bd0,1,1,በዚያም ወራት እንዲህ ሆነ፤ ይሁዳ ከወንድሞቹ ተለይቶ ወረደ፤ ስሙ ኤራስ በሚባል በዓዶሎማዊውም ሰው ዘንድ አደረ።
5c91958d-f077-5c8c-a427-ea9b3b6e3672,5f1cf3e1-01c8-5ab6-ad81-f8d3476f16d4,038dcabf-588a-5411-a4a0-3105f94a1bd0,2,2,ከዚያም ይሁዳ ያንድ ከነዓናዊ ሰው ሴት ልጅን አየ፤ ስምዋም ሴዋ ይባላል። ወሰዳትም፤ ወደ እርስዋም ገባ።
9a5292c7-8636-51be-a9c7-96867537697b,5f1cf3e1-01c8-5ab6-ad81-f8d3476f16d4,038dcabf-588a-5411-a4a0-3105f94a1bd0,3,3,ፀነሰችም፤ ወንድ ልጅንም ወለደች፤ ስሙንም ዔር ብላ ጠራችው።
1cda2c50-c201-5a0a-ac9e-51faa68a877f,5f1cf3e1-01c8-5ab6-ad81-f8d3476f16d4,038dcabf-588a-5411-a4a0-3105f94a1bd0,4,4,ደግሞም ፀነሰች፤ ወንድ ልጅንም ወለደች፤ ስሙንም አውናን ብላ ጠራችው።
070ed26d-239c-5935-a8ed-a0e48015f923,5f1cf3e1-01c8-5ab6-ad81-f8d3476f16d4,038dcabf-588a-5411-a4a0-3105f94a1bd0,5,5,እንደገና ደግሞ ወንድ ልጅን ወለደች፤ ስሙንም ሴሎም ብላ ጠራችው፤ እነርሱንም በወለደች ጊዜ ኬሴቢ በሚባል ሀገር ነበረች።
37f96686-5a9b-5d2e-aa12-c6a556e0aa20,5f1cf3e1-01c8-5ab6-ad81-f8d3476f16d4,038dcabf-588a-5411-a4a0-3105f94a1bd0,6,6,ይሁዳም ለበኵር ልጁ ለዔር ትዕማር የምትባል ሚስት አጋባው።
4b7f1c37-202b-57b1-a8a8-1b709a1f8686,5f1cf3e1-01c8-5ab6-ad81-f8d3476f16d4,038dcabf-588a-5411-a4a0-3105f94a1bd0,7,7,የይሁዳም የበኵር ልጅ ዔር በእግዚአብሔር ፊት ክፉ ነበረ፤ እግዚአብሔርም ቀሠፈው።
c3b72ed3-61ad-57e1-a649-158ca690c933,5f1cf3e1-01c8-5ab6-ad81-f8d3476f16d4,038dcabf-588a-5411-a4a0-3105f94a1bd0,8,8,ይሁዳም አውናንን፥ “ወደ ወንድምህ ሚስት ግባ፤ አግባትም፤ ለወንድምህም ዘርን አቁምለት” አለው።
3cdbbde6-1421-52f7-acf5-439f6f1e8641,5f1cf3e1-01c8-5ab6-ad81-f8d3476f16d4,038dcabf-588a-5411-a4a0-3105f94a1bd0,9,9,አውናንም ዘሩ ለእርሱ እንዳይሆን ዐወቀ፤ ወደ ወንድሙ ሚስትም በገባ ጊዜ ለወንድሙ ዘር እንዳይተካ ዘሩን በምድር ያፈስሰው ነበር።
a4d2a7e6-8aac-580c-aac8-068372edbb0d,5f1cf3e1-01c8-5ab6-ad81-f8d3476f16d4,038dcabf-588a-5411-a4a0-3105f94a1bd0,10,10,ይህም ሥራው በእግዚአብሔር ዘንድ ክፉ ሆነበት፤ እንዲህ አድርጎአልና እርሱንም ደግሞ ቀሠፈው።
2d5eaff2-3205-5992-a7ca-95a0365ec261,5f1cf3e1-01c8-5ab6-ad81-f8d3476f16d4,038dcabf-588a-5411-a4a0-3105f94a1bd0,11,11,ይሁዳም ምራቱን ትዕማርን፥ “ልጄ ሴሎም እስኪያድግ ድረስ በአባትሽ ቤት መበለት ሆነሽ ተቀመጪ” አላት፤ እርሱ ደግሞ እንደ ወንድሞቹ እንዳይሞትብኝ ብሎአልና። ትዕማርም ሄዳ በአባቷ ቤት ተቀመጠች።
697f8c6d-8c7d-57f2-a61c-acccbdb9321f,5f1cf3e1-01c8-5ab6-ad81-f8d3476f16d4,038dcabf-588a-5411-a4a0-3105f94a1bd0,12,12,ዘመንዋም በተፈጸመ ጊዜ የይሁዳ ሚስት ሴዋ ሞተች፤ ይሁዳም ተጽናና፤ የበጎቹን ጠጕር ወደሚሸልቱት ሰዎችም ወደ ተምና ወጣ፤ እርሱም ዓዶሎማዊው በግ ጠባቂው ኤራስም።
10db9e37-58e6-52c2-a8be-64c1e49a733f,5f1cf3e1-01c8-5ab6-ad81-f8d3476f16d4,038dcabf-588a-5411-a4a0-3105f94a1bd0,13,13,ለምራቱ ትዕማርም፥ “እነሆ፥ አማትሽ ይሁዳ የበጎቹን ጠጕር ይሸልት ዘንድ ወደ ተምና ይወጣል” ብለው ነገሩአት።
734f5795-14f1-56c1-a0ce-b00a04319fbb,5f1cf3e1-01c8-5ab6-ad81-f8d3476f16d4,038dcabf-588a-5411-a4a0-3105f94a1bd0,14,14,እርስዋም የመበለትነቷን ልብስ አወለቀች፤ መጐናጸፊያዋንም ለበሰች፤ ተሸፈነችም፤ ወደ ተምናም በሚወስደው መንገድ ዳር በኤናይም ደጅ ተቀመጠች፤ ሴሎም እንደ አደገ፥ ሚስትም ትሆነው ዘንድ እርስዋን ሊሰጠው እንዳልፈለገ አይታለችና።
c1b3d685-bb5d-5740-ae5c-75e35fe10915,5f1cf3e1-01c8-5ab6-ad81-f8d3476f16d4,038dcabf-588a-5411-a4a0-3105f94a1bd0,15,15,ይሁዳም በአያት ጊዜ ዘማ መሰለችው፤ ፊቷን ተሸፍና ነበርና አላወቃትም።
467c51ad-344e-5f5f-a03b-579e2c5c1a5b,5f1cf3e1-01c8-5ab6-ad81-f8d3476f16d4,038dcabf-588a-5411-a4a0-3105f94a1bd0,16,16,ወደ እርስዋም አዘነበለ፥ “እባክሽ ወደ አንቺ ልግባ አላት፤” እርስዋ ምራቱ እንደ ሆነች አላወቀም ነበርና። እርስዋም፥ “ወደ እኔ ብትገባ ምን ትሰጠኛለህ?” አለችው።
7116b8ea-a4d9-5fed-a4ef-e7af7ad9aed8,5f1cf3e1-01c8-5ab6-ad81-f8d3476f16d4,038dcabf-588a-5411-a4a0-3105f94a1bd0,17,17,“የፍየል ጠቦት ከመንጋዬ እልክልሻለሁ” አላት። እርስዋም፥ “እስክትልክልኝ ድረስ መያዣ ስጠኝ” አለችው።
249b6f7d-1006-5fcc-a03b-966840c6377f,5f1cf3e1-01c8-5ab6-ad81-f8d3476f16d4,038dcabf-588a-5411-a4a0-3105f94a1bd0,18,18,እርሱም፥ “ምን መያዣ ልስጥሽ?” አላት። እርስዋም፥ “ቀለበትህን፥ ኩፌትህን፥ በእጅህ ያለውን በትር” አለች። እርሱም ሰጣትና ከእርስዋ ደረሰ፤ እርስዋም ፀነሰችለት።
631f450b-d941-5e30-ab8a-01ae2ff25465,5f1cf3e1-01c8-5ab6-ad81-f8d3476f16d4,038dcabf-588a-5411-a4a0-3105f94a1bd0,19,19,እርስዋም ተነሥታ ሄደች፤ መጐናጸፊያዋንም አውልቃ የመበለትነቷን ልብስ ለበሰች።
e5eb6274-79ca-5f76-af3d-0ed266c1d0f3,5f1cf3e1-01c8-5ab6-ad81-f8d3476f16d4,038dcabf-588a-5411-a4a0-3105f94a1bd0,20,20,ይሁዳም መያዣውን ከሴቲቱ እጅ ይቀበል ዘንድ በበግ ጠባቂው በዓዶሎማዊው እጅ የፍየሉን ጠቦት ላከላት፤ እርስዋንም አላገኛትም።
f6123746-d950-5925-a150-eae48f1ea275,5f1cf3e1-01c8-5ab6-ad81-f8d3476f16d4,038dcabf-588a-5411-a4a0-3105f94a1bd0,21,21,እርሱም የሀገሩን ሰዎች፥ “በኤናይም በመንገድ ዳር ተቀምጣ የነበረች ዘማ ወዴት ናት?” ብሎ ጠየቃቸው። እነርሱም፥ “በዚህ ዘማ አልነበረችም” አሉት።
0ebc6dde-aaab-597d-a827-ab4f14d47d17,5f1cf3e1-01c8-5ab6-ad81-f8d3476f16d4,038dcabf-588a-5411-a4a0-3105f94a1bd0,22,22,ወደ ይሁዳም ተመልሶ እንዲህ አለው፥ “አላገኘኋትም፤ የሀገሩ ሰዎች ደግሞ፦ ከዚህ ዘማ የለችም” አሉኝ።
0dffcce6-fd7b-5ae7-a476-bb3c9daba9c1,5f1cf3e1-01c8-5ab6-ad81-f8d3476f16d4,038dcabf-588a-5411-a4a0-3105f94a1bd0,23,23,ይሁዳም፥ “እኛ መዘበቻ እንዳንሆን ትውሰደው፤ እነሆ፥ የፍየሉን ጠቦት ላክሁላት፤ አንተም አላገኘሃትም” አለ።
93d4cee5-5d3d-58f9-a915-5b8145981ef5,5f1cf3e1-01c8-5ab6-ad81-f8d3476f16d4,038dcabf-588a-5411-a4a0-3105f94a1bd0,24,24,እንዲህም ሆነ፤ ከሦስት ወር በኋላ ለይሁዳ፥ “ምራትህ ትዕማር ሴሰነች፤ እነሆ፥ በዝሙት ፀነሰች” ብለው ነገሩት። ይሁዳም፥ “አውጡአትና በእሳት ትቃጠል” አለ።
008a3269-468a-5544-af99-f2d4e217821c,5f1cf3e1-01c8-5ab6-ad81-f8d3476f16d4,038dcabf-588a-5411-a4a0-3105f94a1bd0,25,25,እርስዋም ሲወስዱአት ወደ አማቷ እንዲህ ብላ ላከች፤ “ተመልከት፦ ይህ ቀለበት፥ ይህ ኩፌት፥ ይህ በትር የማን ነው? ይህስ ፅንስ የማን ነው?”
ac796a11-1bd4-5a92-a8d6-fda49460f948,5f1cf3e1-01c8-5ab6-ad81-f8d3476f16d4,038dcabf-588a-5411-a4a0-3105f94a1bd0,26,26,ይሁዳም አይቶ “ከእኔ ይልቅ ትዕማር እውነተኛ ሆነች፤ ልጄን ሴሎምን አልሰጠኋትምና” አለ። ትገደል ማለትንም ተወ፤ ደግሞም አላወቃትም።
ba2791e9-ba9f-5c7b-a8cf-db05e5b06833,5f1cf3e1-01c8-5ab6-ad81-f8d3476f16d4,038dcabf-588a-5411-a4a0-3105f94a1bd0,27,27,መውለጃዋም በደረሰ ጊዜ እነሆ፥ መንታ ልጆች በሆድዋ ነበሩ።
0a194259-7c5d-53b4-a7c5-6c244cd17af7,5f1cf3e1-01c8-5ab6-ad81-f8d3476f16d4,038dcabf-588a-5411-a4a0-3105f94a1bd0,28,28,ስትወልድም አንዱ እጁን አወጣ፤ አዋላጂቱም ቀይ ፈትል ወስዳ በእጁ አሰረች፥ “ይህ መጀመሪያ ይወጣል” አለች።
d76ef462-231b-574b-a23b-8fed40c27bff,5f1cf3e1-01c8-5ab6-ad81-f8d3476f16d4,038dcabf-588a-5411-a4a0-3105f94a1bd0,29,29,እንዲህም ሆነ፤ እጁን በመለሰ ጊዜ እነሆ፥ ወንድሙ ወጣ፤ እርስዋም፥ “ለምን ጥሰህ ወጣህ? ስትል ስሙን ፋሬስ” ብላ ጠራችው።
739dd707-e5fa-5bc1-a74f-b493bf95aacf,5f1cf3e1-01c8-5ab6-ad81-f8d3476f16d4,038dcabf-588a-5411-a4a0-3105f94a1bd0,30,30,ከእርሱም በኋላ ቀይ ፈትል በእጁ ያለበት ወንድሙ ወጣ፤ ስሙም ዛራ ተባለ።
1a3fe50b-b6c1-5fde-a2cb-639685efabdd,671a7c2c-7ae7-53ef-adec-ec637f557578,b64f0b12-18c3-5246-abe2-2755d7137ddc,1,1,ዮሴፍ ግን ወደ ግብፅ ወረደ፤ የፈርዖን ጃንደረባ የመጋቢዎቹም አለቃ የሚሆን የግብፅ ሰው ጲጥፋራ ወደ ግብፅ ከአወረዱት ከይስማኤላውያን እጅ ገዛው።
13c0f0d8-108e-585c-a794-a25621507b1c,671a7c2c-7ae7-53ef-adec-ec637f557578,b64f0b12-18c3-5246-abe2-2755d7137ddc,2,2,እግዚአብሔርም ከዮሴፍ ጋር ነበር፤ ሥራውም የተከናወነለት ሰው ሆነ፤ በግብፃዊው ጌታውም ቤት ተሾመ።
e624ebab-0ee6-59d0-a72b-31dd16c4f2a8,671a7c2c-7ae7-53ef-adec-ec637f557578,b64f0b12-18c3-5246-abe2-2755d7137ddc,3,3,ጌታውም እግዚአብሔር ከዮሴፍ ጋር እንዳለ፥ እርሱ የሚሠራውንም ሁሉ እግዚአብሔር በእጁ እንዲያከናውንለት አየ።
229de87c-49e4-5771-ae4c-0304671ab343,671a7c2c-7ae7-53ef-adec-ec637f557578,b64f0b12-18c3-5246-abe2-2755d7137ddc,4,4,ዮሴፍም በጌታው ፊት ሞገስን አገኘ፤ እርሱንም ደስ ያሰኘው ነበር፤ በቤቱም ላይ ሾመው፤ ያለውንም ሁሉ በእጁ ሰጠው።
e0d24436-90ba-5fad-a089-e94446302242,671a7c2c-7ae7-53ef-adec-ec637f557578,b64f0b12-18c3-5246-abe2-2755d7137ddc,5,5,እንዲህም ሆነ፤ በቤቱ ባለውም ሁሉ ላይ ከሾመው በኋላ እግዚአብሔር የግብፃዊውን ቤት በዮሴፍ ምክንያት ባረከው። የእግዚአብሔርም በረከት በቤቱም፥ በእርሻውም ባለው ሁሉ ላይ ሆነ።
0841072a-ff30-5a3d-a525-8933b23ede88,671a7c2c-7ae7-53ef-adec-ec637f557578,b64f0b12-18c3-5246-abe2-2755d7137ddc,6,6,ያለውንም ሁሉ ለዮሴፍ በእጁ አስረከበው፤ ከሚበላውም እንጀራ በቀር ምንም የሚያውቀው አልነበረም። ዮሴፍም መልኩ ያማረ፥ ፊቱም እጅግ የተዋበ ነበር።
e9d31107-9ca8-5dab-ab3d-23fdcc45ade4,671a7c2c-7ae7-53ef-adec-ec637f557578,b64f0b12-18c3-5246-abe2-2755d7137ddc,7,7,ከዚህም በኋላ እንዲህ ሆነ፤ የጌታው ሚስት በዮሴፍ ላይ ዐይንዋን ጣለችበት፤ “ከእኔም ጋር ተኛ” አለችው።
2fff0ec0-e9e9-5df3-ab45-405a925c03e3,671a7c2c-7ae7-53ef-adec-ec637f557578,b64f0b12-18c3-5246-abe2-2755d7137ddc,8,8,እርሱም እንቢ አለ፤ ለጌታውም ሚስት እንዲህ አላት፥ “እነሆ፥ ጌታዬ በቤቱ ያለውን ሁሉ ለእኔ በእጄ አስረክቦኛል፤ በቤቱ ያለውንም ምንም የሚያውቀው የለም፤
5d206829-f572-5d12-a430-9cd4d1cc8cae,671a7c2c-7ae7-53ef-adec-ec637f557578,b64f0b12-18c3-5246-abe2-2755d7137ddc,9,9,በዚህ ቤት ከእኔ የሚበልጥ ሰው የለም፤ ሚስቱ ስለሆንሽ ከአንቺ በቀር ያልሰጠኝ ነገር የለም፤ እንዴት ይህን ትልቅ ክፉ ነገር አደርጋለሁ? በእግዚአብሔር ፊት እንዴት ኀጢአትን እሠራለሁ?”
0aa68760-f35c-50ca-a455-3682030580f5,671a7c2c-7ae7-53ef-adec-ec637f557578,b64f0b12-18c3-5246-abe2-2755d7137ddc,10,10,ይህንም ነገር በየዕለቱ ለዮሴፍ ትነግረው ነበር፤ እርሱም ከእርስዋ ጋር ይተኛ ዘንድ፥ ከእርስዋም ጋር ይሆን ዘንድ አልሰማትም።
d63bce75-c0f8-57ca-a932-c3e1a4dbde67,671a7c2c-7ae7-53ef-adec-ec637f557578,b64f0b12-18c3-5246-abe2-2755d7137ddc,11,11,በአንዲትም ቀን እንዲህ ሆነ፤ በዚያ ቀን ሥራውን እንዲሠራ ዮሴፍ ወደ ቤቱ ገባ፤ በቤትም ውስጥ ከቤተ ሰዎች ማንም አልነበረም።
9c20be86-6222-5431-a7ae-461554dd3ca6,671a7c2c-7ae7-53ef-adec-ec637f557578,b64f0b12-18c3-5246-abe2-2755d7137ddc,12,12,ልብሱን ይዛ፥ “ና ከእኔ ጋር ተኛ” አለችው፤ እርሱም ልብሱን በእጅዋ ትቶላት ሸሸ፤ ወደ ውጭም ወጣ።
e8fa0748-e198-587f-aa14-3bac821b9042,671a7c2c-7ae7-53ef-adec-ec637f557578,b64f0b12-18c3-5246-abe2-2755d7137ddc,13,13,እንዲህም ሆነ፤ ልብሱን ትቶ ወደ ውጭ እንደ ሸሸ በአየች ጊዜ፥
eaef7464-8498-5b26-ab27-fa91e4a85d1b,671a7c2c-7ae7-53ef-adec-ec637f557578,b64f0b12-18c3-5246-abe2-2755d7137ddc,14,14,የቤቷን ሰዎች ወደ እርስዋ ጠርታ እንዲህ ብላ ነገረቻቸው፥ “እዩ፤ ይህ ዕብራዊ ባርያ በእኛ እንዲሣለቅ አመጣብን፤ እርሱ ወደ እኔ ገብቶ ከእኔ ጋር ተኚ አለኝ፤ እኔም ድምፄን ከፍ አድርጌ ጮኽሁ፤
59b4271d-fc4c-5eee-a415-34844b3c5cca,671a7c2c-7ae7-53ef-adec-ec637f557578,b64f0b12-18c3-5246-abe2-2755d7137ddc,15,15,ድምፄንም ከፍ አድርጌ እንደ ጮኽሁ ቢሰማ፥ ልብሱን በእኔ ዘንድ ጥሎ ሸሸ፤ ወደ ውጭም ወጣ።”
ed6802b0-2cc8-5225-ab7c-f680abe8cee6,671a7c2c-7ae7-53ef-adec-ec637f557578,b64f0b12-18c3-5246-abe2-2755d7137ddc,16,16,ጌታው ወደ ቤቱ እስኪገባ ድረስም ልብሱን ከእርስዋ ዘንድ አኖረች።
35201670-c530-5758-aa99-24c44b49a26e,671a7c2c-7ae7-53ef-adec-ec637f557578,b64f0b12-18c3-5246-abe2-2755d7137ddc,17,17,ይህንም ነገር እንዲህ ብላ ነገረችው፥ “ያመጣኸው ዕብራዊው ባሪያ ሊሣለቅብኝ ወደ እኔ ገባ፤ ከአንቺም ጋር ልተኛ አለኝ።
d4b17a93-7508-5c95-ac41-1da2fe651521,671a7c2c-7ae7-53ef-adec-ec637f557578,b64f0b12-18c3-5246-abe2-2755d7137ddc,18,18,እኔም ድምፄን ከፍ አድርጌ ስጮኽ ልብሱን በእጄ ተወና ወደ ውጭ ሸሸ።”
beac1f41-f17b-5a1d-a079-708154b20ee3,671a7c2c-7ae7-53ef-adec-ec637f557578,b64f0b12-18c3-5246-abe2-2755d7137ddc,19,19,ጌታውም፥ “ባሪያህ እንዲህ አደረገኝ” ብላ የነገረችውን የሚስቱን ቃል በሰማ ጊዜ እጅግ ተቈጣ።
7ec96c43-ed1f-5420-ac9c-af0bde594be6,671a7c2c-7ae7-53ef-adec-ec637f557578,b64f0b12-18c3-5246-abe2-2755d7137ddc,20,20,ዮሴፍንም ወሰደው፤ የንጉሡ እስረኞች ወደሚታሰሩበት ስፍራ ወደ ግዞት ቤትም አገባው፤ ከዚያም በግዞት ነበረ።
669d9b06-e523-5e30-a49e-6be807c1eb9e,671a7c2c-7ae7-53ef-adec-ec637f557578,b64f0b12-18c3-5246-abe2-2755d7137ddc,21,21,እግዚአብሔርም ከዮሴፍ ጋር ነበረ፤ ምሕረትንም አበዛለት፤ በግዞት ቤቱም አለቃ ፊት ሞገስን ሰጠው።
19c1bee3-87d4-58c3-ac1e-a56a8d5b5287,671a7c2c-7ae7-53ef-adec-ec637f557578,b64f0b12-18c3-5246-abe2-2755d7137ddc,22,22,የግዞት ቤቱም አለቃ በግዞት ያሉትን እስረኞች ሁሉ በዮሴፍ እጅ አሳልፎ ሰጣቸው፤ በዚያም የሚደረገው ነገር ሁሉ እርሱ የሚያደርገው ነበረ።
9c4b78a3-cb33-5c01-ada7-837d5bc8f880,671a7c2c-7ae7-53ef-adec-ec637f557578,b64f0b12-18c3-5246-abe2-2755d7137ddc,23,23,የግዞት ቤቱ ጠባቂዎች አለቃም በግዞት ቤት የሚደረገውን ሁሉ ምንም አያውቅም ነበር፤ ሁሉን ለዮሴፍ ትቶለት ነበር፤ እግዚአብሔርም ከእርሱ ጋር ነበረና፤ የሚያደርገውንም ሁሉ እግዚአብሔር በእጁ ያቀናለት ነበር።
0e436689-3a51-527b-ace6-1ea2e6840584,4af2812e-ef07-511d-a34e-0b9b3a9b2e60,bd652047-78bf-56b3-a52f-2a34c8f5969f,1,1,ከዚህ ነገር በኋላም እንዲህ ሆነ፤ የግብፅ ንጉሥ የጠጅ አሳላፊዎች አለቃና የእንጀራ አበዛዎች አለቃ ጌታቸውን የግብፅ ንጉሥን በደሉ።
56bb67de-9a64-5331-a05b-03588213aaca,4af2812e-ef07-511d-a34e-0b9b3a9b2e60,bd652047-78bf-56b3-a52f-2a34c8f5969f,2,2,ፈርዖንም በሁለቱ ሹሞች በጠጅ አሳላፊዎቹ አለቃና በእንጀራ አበዛዎቹ አለቃ ላይ ተቈጣ፤
c0c11083-d74c-5a0a-a0d0-c48cfd69106b,4af2812e-ef07-511d-a34e-0b9b3a9b2e60,bd652047-78bf-56b3-a52f-2a34c8f5969f,3,3,በእስር ቤት ውስጥም ዮሴፍ ታስሮ በነበረበት የግዞት ስፍራ አጋዛቸው።
f8982c56-b5b8-5105-ac30-2ff88c56380e,4af2812e-ef07-511d-a34e-0b9b3a9b2e60,bd652047-78bf-56b3-a52f-2a34c8f5969f,4,4,የእስር ቤቱ ዘበኞች አለቃም ለዮሴፍ አሳልፎ ሰጣቸው፤ እርሱም ያገለግላቸው ነበር፤ በግዞት ቤትም አንድ ዓመት ተቀመጡ።
7796f37b-201a-5c7a-a992-689d801e1edc,4af2812e-ef07-511d-a34e-0b9b3a9b2e60,bd652047-78bf-56b3-a52f-2a34c8f5969f,5,5,ሁለቱም በአንዲት ሌሊት ሕልምን አለሙ። በግዞት ቤት የነበሩት የግብፅ ንጉሥ ጠጅ አሳላፊዎች አለቃና የእንጀራ አበዛዎች አለቃ ሁለቱም እየራሳቸው ሕልምን አለሙ።
5a9f4bad-62c0-5f0c-afe4-b77ece07a321,4af2812e-ef07-511d-a34e-0b9b3a9b2e60,bd652047-78bf-56b3-a52f-2a34c8f5969f,6,6,ዮሴፍም ማልዶ ወደ እነርሱ ገባ፤ እነሆም፥ አዝነው አያቸው።
cabbb93f-adae-5f98-a4e6-a8e2cc2e1b66,4af2812e-ef07-511d-a34e-0b9b3a9b2e60,bd652047-78bf-56b3-a52f-2a34c8f5969f,7,7,በጌታው ቤት ከእርሱ ጋር በግዞት የነበሩትንም የፈርዖን ሹሞች እንዲህ ብሎ ጠየቃቸው፥ “እናንት ዛሬ ስለምን አዝናችኋል?”
8730cb48-69ee-51b7-a97e-eed826c9d02d,4af2812e-ef07-511d-a34e-0b9b3a9b2e60,bd652047-78bf-56b3-a52f-2a34c8f5969f,8,8,እነርሱም፥ “ሕልምን አልመን የሚተረጕምልን አጣን” አሉት። ዮሴፍም አላቸው፥ “ሕልምን የሚተረጕም እግዚአብሔር የሰጠው አይደለምን? እስቲ ንገሩኝ፤ ሕልማችሁ ምንድን ነው?”
db5a6a6b-c16a-555b-a5ee-253e4e2a66ba,4af2812e-ef07-511d-a34e-0b9b3a9b2e60,bd652047-78bf-56b3-a52f-2a34c8f5969f,9,9,የጠጅ አሳላፊዎች አለቃም ለዮሴፍ ሕልሙን እንዲህ ብሎ ነገረው፥ “በሕልሜ የወይን ሐረግ በፊቴ ሆና አየሁ፥
70dfd63e-7583-534e-a960-199cebec54e1,4af2812e-ef07-511d-a34e-0b9b3a9b2e60,bd652047-78bf-56b3-a52f-2a34c8f5969f,10,10,በሐረጉም ሦስት ቅርንጫፎች ወጡ፤ እርስዋም ቅጠልና አበባ አወጣች፤ ዘለላም አንጠለጠለች፤ የዘለላዋም ፍሬ በሰለ፤
1869067f-1b03-5298-a54c-ebce79b9bd84,4af2812e-ef07-511d-a34e-0b9b3a9b2e60,bd652047-78bf-56b3-a52f-2a34c8f5969f,11,11,የፈርዖንም ጽዋ በእጄ ነበር፤ ፍሬውንም ወስጄ በፈርዖን ጽዋ ጨመቅሁት፤ ጽዋዉንም ለፈርዖን በእጁ ሰጠሁት።”
7ce10245-d8ef-57a2-a008-299e86fc8a1b,4af2812e-ef07-511d-a34e-0b9b3a9b2e60,bd652047-78bf-56b3-a52f-2a34c8f5969f,12,12,ዮሴፍም አለው፥ “የሕልምህ ትርጓሜው ይህ ነው፤ ሦስት ቅርንጫፎች ሦስት ቀኖች ናቸው።
7e38ef4f-f6b5-5618-aa59-12a72daabc51,4af2812e-ef07-511d-a34e-0b9b3a9b2e60,bd652047-78bf-56b3-a52f-2a34c8f5969f,13,13,እስከ ሦስት ቀንም ድረስ ፈርዖን ሹመትህን ያስባል፤ ወደ ጠጅ አሳላፊዎች አለቃነትህም ይመልስሃል፤ ጠጅ አሳላፊ በነበርህበት ጊዜ ስታደርገው እንደ ነበረው እንደ ቀድሞው ሹመትህም የፈርዖንን ጽዋ በእጁ ትሰጣለህ።
48ed8865-0747-5708-a736-9849af08d06a,4af2812e-ef07-511d-a34e-0b9b3a9b2e60,bd652047-78bf-56b3-a52f-2a34c8f5969f,14,14,ነገር ግን በጎ ነገር በተደረገልህ ጊዜ እኔን ዐስበኝ፤ ምሕረትንም አድርግልኝ፤ ስለ እኔም ለፈርዖን አሳስበህ ከዚህ እስር ቤት አውጣኝ፤
a8a4606d-9fe8-5d4e-aa05-9a1e82902eaa,4af2812e-ef07-511d-a34e-0b9b3a9b2e60,bd652047-78bf-56b3-a52f-2a34c8f5969f,15,15,ሌቦች በስውር ከዕብራውያን ሀገር ሰርቀውኛልና፤ በዚህም ደግሞ ምንም ያደረግሁት ሳይኖር በግዞት ቤት አኑረውኛልና።”
f85bc242-402d-57fe-a83f-6d10588f4e6a,4af2812e-ef07-511d-a34e-0b9b3a9b2e60,bd652047-78bf-56b3-a52f-2a34c8f5969f,16,16,የእንጀራ አበዛዎቹ አለቃም ሕልሙን በመልካም እንደ ተረጐመለት በአየ ጊዜ ዮሴፍን እንዲህ አለው፥ “እኔም ደግሞ ሕልም አይች ነበር፤ እነሆም፥ ሦስት መሶብ ነጭ እንጀራ በራሴ ላይ ነበረ፤
19cf3efb-b465-5a82-a7a8-9666b8971e1c,4af2812e-ef07-511d-a34e-0b9b3a9b2e60,bd652047-78bf-56b3-a52f-2a34c8f5969f,17,17,በላይኛውም መሶብ ፈርዖን የሚበላው ጋጋሪው በያይነቱ የሠራው መብል ነበረበት፤ ወፎችም በራሴ ላይ ከመሶቡ ይበሉ ነበር።”
bcaac1f8-d5bf-5368-ac7a-59455e08c219,4af2812e-ef07-511d-a34e-0b9b3a9b2e60,bd652047-78bf-56b3-a52f-2a34c8f5969f,18,18,ዮሴፍም መልሶ እንዲህ አለው፥ “የሕልምህ ትርጓሜው ይህ ነው፤ ሦስቱ መሶብ ሦስት ቀን ነው፤
49bf75cb-a83a-5ee3-ad2b-97aea5679c7f,4af2812e-ef07-511d-a34e-0b9b3a9b2e60,bd652047-78bf-56b3-a52f-2a34c8f5969f,19,19,እስከ ሦስት ቀን ድረስ ፈርዖን ራስህን ይቈርጥሃል፤ በዕንጨትም ላይ ይሰቅልሃል፤ የሰማይ ወፎችም ሥጋህን ይበሉታል።”
d6cf0db1-e869-589f-a004-12699ca83a94,4af2812e-ef07-511d-a34e-0b9b3a9b2e60,bd652047-78bf-56b3-a52f-2a34c8f5969f,20,20,እንዲህም ሆነ፤ በሦስተኛው ቀን ፈርዖን የተወለደበት ዕለት ነበር፤ ለሠራዊቱም ሁሉ ግብር አደረገ፤ የጠጅ አሳላፊዎቹን አለቃና የእንጀራ አበዛዎቹን አለቃ በአሽከሮቹ መካከል ዐሰበ።
34cd339a-cdd3-5c26-a14b-a4cb46fe45e2,4af2812e-ef07-511d-a34e-0b9b3a9b2e60,bd652047-78bf-56b3-a52f-2a34c8f5969f,21,21,የጠጅ አሳላፊዎቹንም አለቃ ወደ ሹመቱ መለሰው፤ ጽዋውንም በፈርዖን እጅ ሰጠ፤
a42c398b-f353-578d-a853-9803c3ba5cec,4af2812e-ef07-511d-a34e-0b9b3a9b2e60,bd652047-78bf-56b3-a52f-2a34c8f5969f,22,22,የእንጀራ አበዛዎቹንም አለቃ በዕንጨት ላይ ሰቀለው፤ ዮሴፍ እንደ ተረጐመላቸው።
713c0c58-2886-594e-a992-93bfb280adc0,4af2812e-ef07-511d-a34e-0b9b3a9b2e60,bd652047-78bf-56b3-a52f-2a34c8f5969f,23,23,የጠጅ አሳላፊዎች አለቃ ግን ዮሴፍን አላሰበውም፤ ረሳው እንጂ።
d3e3a898-f045-5e31-a3b2-d4166529fe71,5e3d341b-413e-545a-a939-6d4437e2a613,e00f9e4b-6dc0-56f7-a41a-68e67e10898a,1,1,ከሁለት ዓመት በኋላም ፈርዖን ሕልምን አየ፤ እነሆም፥ በወንዙ ዳር ቆሞ ነበር።
503b8482-784e-57ba-aa82-eb3b17b3b2f6,5e3d341b-413e-545a-a939-6d4437e2a613,e00f9e4b-6dc0-56f7-a41a-68e67e10898a,2,2,እነሆም፥ መልካቸው ያማረ፥ ሥጋቸውም የወፈረ ሰባት ላሞች ከወንዙ ወጡ፤ በወንዙም ዳር በመስኩ ይሰማሩ ነበር።
67b278af-1eb4-5672-a5d2-3c320d97c28e,5e3d341b-413e-545a-a939-6d4437e2a613,e00f9e4b-6dc0-56f7-a41a-68e67e10898a,3,3,ከእነርሱም በኋላ እነሆ፥ መልካቸው የከፋ፥ ሥጋቸውም የከሳ ሌሎች ሰባት ላሞች ከወንዙ ወጡ፤ በእነዚያም ላሞች አጠገብ በወንዙ ዳር ተሰማርተው ነበር።
228b04a0-2529-5d4d-a71f-8229c81faf1e,5e3d341b-413e-545a-a939-6d4437e2a613,e00f9e4b-6dc0-56f7-a41a-68e67e10898a,4,4,መልካቸው የከፋ፥ ሥጋቸውም የከሳ እነዚያ ሰባት ላሞች መልካቸው ያማረውን፥ ሥጋቸውም የወፈረውን ሰባቱን ላሞች ዋጡአቸው። ፈርዖንም ነቃ፤
066b1804-7578-5e9b-a0a3-1263e8ea8d18,5e3d341b-413e-545a-a939-6d4437e2a613,e00f9e4b-6dc0-56f7-a41a-68e67e10898a,5,5,ደግሞም ተኛ፤ ሁለተኛ ሕልምንም አየ፤ እነሆም፥ በአንድ አገዳ ላይ የነበሩ፥ ያማሩና ምርጥ የሆኑ ሰባት እሸቶች ወጡ፤
5735c20f-7a97-52e9-a442-6e40a04b4276,5e3d341b-413e-545a-a939-6d4437e2a613,e00f9e4b-6dc0-56f7-a41a-68e67e10898a,6,6,እነሆም፥ ከእነርሱ በኋላ የሰለቱና በነፋስ የተመቱ ሰባት እሸቶች ወጡ፤
7c5a1219-72a6-52ac-a024-ba506705bc73,5e3d341b-413e-545a-a939-6d4437e2a613,e00f9e4b-6dc0-56f7-a41a-68e67e10898a,7,7,እነዚያም የሰለቱና ነፋስ የመታቸው እሸቶች ሰባቱን ያማሩና የጐመሩ እሸቶች ዋጡአቸው። ፈርዖንም ነቃ፤ እነሆም ሕልም ነበር።
75c7e3d0-7c92-58dd-ab25-a2f77bb47253,5e3d341b-413e-545a-a939-6d4437e2a613,e00f9e4b-6dc0-56f7-a41a-68e67e10898a,8,8,በነጋም ጊዜ መንፈሱ ታወከችበት፤ የግብፅ ሕልም ተርጓሚዎችንና ጠቢባንን ሁሉ ልኮ አስጠራቸው፤ ፈርዖንም ሕልሙን ነገራቸው፤ ነገር ግን ከእነርሱ ለፈርዖን ሕልሙን የሚተረጕምለት አልተገኘም።
9e665f33-2fb0-5796-a5c9-93dd0a5cc835,5e3d341b-413e-545a-a939-6d4437e2a613,e00f9e4b-6dc0-56f7-a41a-68e67e10898a,9,9,የዚያን ጊዜ የጠጅ አሳላፊዎቹ አለቃ እንዲህ ብሎ ለፈርዖን ተናገረ፥ “እኔ ኀጢአቴን ዛሬ አስባለሁ፤
f91e7b7a-79eb-5e9f-a644-7444a0749dc8,5e3d341b-413e-545a-a939-6d4437e2a613,e00f9e4b-6dc0-56f7-a41a-68e67e10898a,10,10,ፈርዖን በአገልጋዮቹ ላይ ተቈጣ፤ እኔንም የእንጀራ አበዛዎቹንም አለቃ በግዞት ቤት አኖረን፤
fbb9cfaf-dd8f-5f15-ad13-dc2d57977d75,5e3d341b-413e-545a-a939-6d4437e2a613,e00f9e4b-6dc0-56f7-a41a-68e67e10898a,11,11,እኛም በአንዲት ሌሊት ሕልምን አለምን፤ እኔና እርሱ እያንዳንዳችን እንደ ሕልማችን ትርጓሜ አለምን።
de14b3da-c2df-598c-abeb-b829b93f9635,5e3d341b-413e-545a-a939-6d4437e2a613,e00f9e4b-6dc0-56f7-a41a-68e67e10898a,12,12,በዚያም የእንጀራ አበዛዎች አለቃ አገልጋይ የሆነ አንድ ዕብራዊ ጐልማሳ ከእኛ ጋር ነበር፤ ለእርሱም ነገርነው፤ ሕልማችንንም ተረጐመልን።
6d8cfe9e-bc68-56dd-ac34-2c6f673a6999,5e3d341b-413e-545a-a939-6d4437e2a613,e00f9e4b-6dc0-56f7-a41a-68e67e10898a,13,13,እንዲህም ሆነ፤ እንደ ተረጐመልን እንደዚያው ሆነ፤ እኔ ወደ ሹመቴ ተመለስሁ፤ እርሱም ተሰቀለ።”
c9e9d6bb-a2f4-5590-a12e-0e16a80ec826,5e3d341b-413e-545a-a939-6d4437e2a613,e00f9e4b-6dc0-56f7-a41a-68e67e10898a,14,14,ፈርዖንም ልኮ ዮሴፍን አስጠራው፤ ከግዞት ቤትም አወጡት፤ ራሱንም ላጩት፤ ልብሱንም ለወጡ፤ ወደ ፈርዖንም ገባ።
7b1b82b8-e50f-503a-a302-ef21f12704b7,5e3d341b-413e-545a-a939-6d4437e2a613,e00f9e4b-6dc0-56f7-a41a-68e67e10898a,15,15,ፈርዖንም ዮሴፍን አለው፥ “ሕልምን አየሁ፤ የሚተረጕምልኝም አጣሁ፤ ሕልምን እንደ ሰማህ፥ እንደ ተረጐምህም ስለ አንተ ሰማሁ።”
a8167802-2651-5ba7-a926-a1975a8dee4f,5e3d341b-413e-545a-a939-6d4437e2a613,e00f9e4b-6dc0-56f7-a41a-68e67e10898a,16,16,ዮሴፍም፥ “እግዚአብሔር ከገለጸለት ሰው በቀር መተርጐም የሚችል የለም” ብሎ ለፈርዖን መለሰለት።
c66f6596-9af5-5dc7-a8cf-c7c45be142ed,5e3d341b-413e-545a-a939-6d4437e2a613,e00f9e4b-6dc0-56f7-a41a-68e67e10898a,17,17,ፈርዖንም ለዮሴፍ እንዲህ አለው፥ “እነሆ፥ በሕልሜ በወንዝ ዳር ቆሜ ነበር፤
4408188b-c1ae-5b67-a1f7-6f4df1c10b37,5e3d341b-413e-545a-a939-6d4437e2a613,e00f9e4b-6dc0-56f7-a41a-68e67e10898a,18,18,እነሆም፥ ሥጋቸው የወፈረ፥ መልካቸውም ያማረ ሰባት ላሞች ወጡ፤ በወንዙ ዳር በመስኩም ይሰማሩ ነበር፤
fdca2099-18d3-51d5-a445-dedf3fd18436,5e3d341b-413e-545a-a939-6d4437e2a613,e00f9e4b-6dc0-56f7-a41a-68e67e10898a,19,19,ከእነርሱም በኋላ እነሆ፥ የደከሙ፥ መልካቸውም እጅግ የከፋ፥ ሥጋቸውም የከሳ ሌሎች ሰባት ላሞች ከወንዙ ወጡ፤ በግብፅም ምድር ሁሉ እንደ እነርሱ መልከ ክፉ ከቶ አላየሁም፤
39068f53-61a6-5c2a-a23f-bcbbe8ba9d0f,5e3d341b-413e-545a-a939-6d4437e2a613,e00f9e4b-6dc0-56f7-a41a-68e67e10898a,20,20,እነዚያ የከሱትና መልከ ክፉዎቹ ላሞች እነዚያን የመጀመሪያዎቹን ያማሩና የወፈሩ ሰባት ላሞች ዋጡአቸው፤ በሆዳቸውም ተዋጡ፤
7c50eb34-1b65-58b9-aaa6-f9a4c69395e0,5e3d341b-413e-545a-a939-6d4437e2a613,e00f9e4b-6dc0-56f7-a41a-68e67e10898a,21,21,በሆዳቸውም ውስጥ የገባ እንደሌለ ሆኑ፤ መልካቸውም በመጀመሪያ እንደ ነበረው የከፋ ነበረ፤ ነቃሁም። ዳግመኛም ተኛሁ፤
5c799711-9cdc-5192-a28e-49d1b7647c60,5e3d341b-413e-545a-a939-6d4437e2a613,e00f9e4b-6dc0-56f7-a41a-68e67e10898a,22,22,በሕልሜም እነሆ፥ የጐመሩና መልካም የሆኑ ሰባት እሸቶች ከአንድ አገዳ ሲወጡ አየሁ፤
f583dc29-51e8-5e38-a43c-91addada1097,5e3d341b-413e-545a-a939-6d4437e2a613,e00f9e4b-6dc0-56f7-a41a-68e67e10898a,23,23,ከእነርሱም በኋላ እነሆ የሰለቱና በነፋስ የተመቱ ሌሎች ሰባት እሸቶች ወጡ፤
9ccdd168-4a20-5cac-afa3-461e3557bdaa,5e3d341b-413e-545a-a939-6d4437e2a613,e00f9e4b-6dc0-56f7-a41a-68e67e10898a,24,24,እነዚያ የሰለቱትና በነፋስ የተመቱት እሸቶች እነዚያን ያማሩትንና የጐመሩትን ሰባቱን እሸቶች ዋጡአቸው። ለሕልም ተርጓሚዎችም ሕልሜን ነገርሁ፤ የተረጐመልኝም የለም።”
a70c80b5-e1de-5d78-a6af-9de44335b760,5e3d341b-413e-545a-a939-6d4437e2a613,e00f9e4b-6dc0-56f7-a41a-68e67e10898a,25,25,ዮሴፍም ፈርዖንን አለው፥ “የፈርዖን ሕልሙ አንድ ነው፤ እግዚአብሔር ሊያደርገው ያለውን ለፈርዖን አሳይቶታል።
78e5eb43-117a-5f94-a224-7717a9badde7,5e3d341b-413e-545a-a939-6d4437e2a613,e00f9e4b-6dc0-56f7-a41a-68e67e10898a,26,26,እነዚያ ሰባቱ መልካካሞች ላሞች ሰባት ዓመታት ናቸው፤ እነዚያም ሰባቱ መልካካሞች እሸቶች ሰባት ዓመታት ናቸው፤ የፈርዖን ሕልሙ አንድ ነው።
723477e1-873c-58d4-aff2-531e1b4cf567,5e3d341b-413e-545a-a939-6d4437e2a613,e00f9e4b-6dc0-56f7-a41a-68e67e10898a,27,27,ከእነርሱም በኋላ የወጡት እነዚያ የከሱና መልከ ክፉዎቹ ሰባት ላሞች ሰባት ዓመታት ናቸው፤ እነዚያም የሰለቱትና ነፋስ የመታቸው ሰባቱ እሸቶች እነርሱ ራብ የሚሆንባቸው ሰባት ዓመታት ናቸው።
78aa2652-5671-51f5-a7f4-b26acc399a32,5e3d341b-413e-545a-a939-6d4437e2a613,e00f9e4b-6dc0-56f7-a41a-68e67e10898a,28,28,ለፈርዖን የነገርሁት ነገር ይህ ነው፤ እግዚአብሔር ሊያደርገው ያለውን ለፈርዖን አሳየው።
6c5fa1ef-ade6-5500-ada6-97f9002cce80,5e3d341b-413e-545a-a939-6d4437e2a613,e00f9e4b-6dc0-56f7-a41a-68e67e10898a,29,29,እነሆ፥ በግብፅ ምድር ሁሉ እጅግ ጥጋብ የሚሆንባቸው ሰባት ዓመታት ይመጣሉ፤
5f1a3cf2-f76c-582b-a841-6acbf9e87e1e,5e3d341b-413e-545a-a939-6d4437e2a613,e00f9e4b-6dc0-56f7-a41a-68e67e10898a,30,30,ደግሞም ከዚህ በኋላ ሰባት የራብ ዓመት ይመጣል፤ በግብፅ ሀገር ሁሉ የነበረውንም ጥጋብ ሁሉ ይረሱታል፤ ራብም ምድርን ሁሉ ያጠፋል፤
b6fae89f-90ff-51af-adff-804d01445f14,5e3d341b-413e-545a-a939-6d4437e2a613,e00f9e4b-6dc0-56f7-a41a-68e67e10898a,31,31,በኋላም ከሚሆነው ከዚያ ራብ የተነሣ በምድር የሆነው ጥጋብ አይታወቅም፤ እጅግ ጽኑ ይሆናልና።
79833941-1bcf-5cf1-a8fa-3f6e5e092214,5e3d341b-413e-545a-a939-6d4437e2a613,e00f9e4b-6dc0-56f7-a41a-68e67e10898a,32,32,ሕልሙም ለፈርዖን ደጋግሞ መታየቱ ነገሩ ከእግዚአብሔር ዘንድ የተቈረጠ ስለሆነ ነው፤ እግዚአብሔርም ፈጥኖ ያደርገዋል።
b1cf6cf2-cfa1-5c02-a8d1-b9c684f8d957,5e3d341b-413e-545a-a939-6d4437e2a613,e00f9e4b-6dc0-56f7-a41a-68e67e10898a,33,33,አሁንም ብልህና ዐዋቂ ሰውን ለአንተ ፈልግ፤ በግብፅ ምድር ላይም ሹመው።
d635ef7b-2e78-5205-a3af-0a0ad7028719,5e3d341b-413e-545a-a939-6d4437e2a613,e00f9e4b-6dc0-56f7-a41a-68e67e10898a,34,34,ፈርዖን በግብፅ ምድር ላይ ሹሞችን ይሹም፤ በሰባቱም የጥጋብ ዓመታት ከሚገኘው ፍሬ በግብፅ ምድር ሁሉ ከአምስት እጅ አንደኛውን ይውሰድ።
d9fbf4a9-5ece-533e-af79-e8ef69dae969,5e3d341b-413e-545a-a939-6d4437e2a613,e00f9e4b-6dc0-56f7-a41a-68e67e10898a,35,35,የሚመጡትን የመልካሞቹን ሰባት ዓመታት እህላቸውን ያከማቹ፤ ስንዴውንም ከፈርዖን እጅ በታች ያኑሩ፤ እህሎችም በከተሞች ይጠበቁ።
c431ab06-90bd-55f5-a742-24d47a968048,5e3d341b-413e-545a-a939-6d4437e2a613,e00f9e4b-6dc0-56f7-a41a-68e67e10898a,36,36,በግብፅ ምድር ስለሚሆነው ስለ ሰባቱ ዓመታት ራብ እህሉ ለሀገሩ ሁሉ ተጠብቆ ይኑር፥ ምድሪቱም በራብ አትጠፋም።”
86a5e7f3-3364-5a02-a27e-ba1523163f2b,5e3d341b-413e-545a-a939-6d4437e2a613,6e4ccb4a-51af-5d9b-a156-198020fda20c,1,37,ነገሩም ፈርዖንንና ሰዎቹን ሁሉ ደስ አሰኛቸው፤
6942746a-84af-5d57-a138-da4bb34dc38b,5e3d341b-413e-545a-a939-6d4437e2a613,6e4ccb4a-51af-5d9b-a156-198020fda20c,2,38,ፈርዖንም ሎሌዎቹን እንዲህ አላቸው፥ “በውኑ የእግዚአብሔር መንፈስ ያለበትን እንደዚህ ያለ ሰውን እናገኛለን?”
7a3ceea2-14b8-598f-a925-7fa8643c9ddb,5e3d341b-413e-545a-a939-6d4437e2a613,6e4ccb4a-51af-5d9b-a156-198020fda20c,3,39,ፈርዖንም ዮሴፍን አለው፥ “እግዚአብሔር ይህን ሁሉ ገልጦልሃልና ከአንተ ይልቅ ብልህና ዐዋቂ ሰው የለም።
55846f28-9a31-5110-a89e-ad1eaa4e9e6d,5e3d341b-413e-545a-a939-6d4437e2a613,6e4ccb4a-51af-5d9b-a156-198020fda20c,4,40,አንተ በቤቴ ላይ ተሾም፤ ሕዝቤም ሁሉ ለቃልህ ይታዘዝ፤ እኔም ከዙፋኔ በቀር ከአንተ የምበልጥበት የለም።”
6ac2bda7-bc53-568b-a49d-12bdfb2c5665,5e3d341b-413e-545a-a939-6d4437e2a613,6e4ccb4a-51af-5d9b-a156-198020fda20c,5,41,ፈርዖንም ዮሴፍን፥ “በግብፅ ምድር ሁሉ ላይ ሾምሁህ” አለው።
5b552a15-456a-5704-a3a3-75230272dbee,5e3d341b-413e-545a-a939-6d4437e2a613,6e4ccb4a-51af-5d9b-a156-198020fda20c,6,42,ፈርዖን ቀለበቱን ከእጁ አወለቀ፤ በዮሴፍም እጅ አደረገው፤ የነጭ ሐር ልብስንም አለበሰው፤ በአንገቱም የወርቅ ዝርግፍን አደረገለት፤
ddc20382-94ca-5ae9-aaa8-e7e8f0c678c8,5e3d341b-413e-545a-a939-6d4437e2a613,6e4ccb4a-51af-5d9b-a156-198020fda20c,7,43,የእርሱም በምትሆን በሁለተኛይቱ ሰረገላ አስቀመጠው፤ ስገዱ እያለም በፊት በፊቱ አዋጅ ነጋሪ እንዲሄድ አደረገ፤ በግብፅ ምድር ሁሉ ላይም ሾመው።
2b8ccad8-3d93-5f0f-ae4d-e9cb4abd5e8d,5e3d341b-413e-545a-a939-6d4437e2a613,6e4ccb4a-51af-5d9b-a156-198020fda20c,8,44,ፈርዖንም ዮሴፍን አለው፥ “እኔ ራሴ ፈርዖን ነኝ፤ በግብፅ ሀገር ሁሉ ያለ አንተ ማንም እጁን አያንሣ።”
f469fe0b-00ac-54a2-a17b-86cb57cbd7e8,5e3d341b-413e-545a-a939-6d4437e2a613,6e4ccb4a-51af-5d9b-a156-198020fda20c,9,45,ፈርዖንም የዮሴፍን ስም “እስፍንቶፎኔህ” ብሎ ጠራው፤ የሄልዮቱ ከተማ ካህን የጴጤፌራ ልጅ የምትሆን አስኔትንም ሚስት ትሆነው ዘንድ ሰጠው።
75c1ece2-c17a-509e-a9d8-0015da3dc323,5e3d341b-413e-545a-a939-6d4437e2a613,6e4ccb4a-51af-5d9b-a156-198020fda20c,10,46,ዮሴፍም በግብፅ ንጉሥ በፈርዖን ፊት በቆመ ጊዜ ዕድሜው ሠላሳ ዓመት ነበረ። ዮሴፍም ከፈርዖን ፊት ወጣ፤ የግብፅ ምድርንም ሁሉ ዞረ።
aa2437a8-f372-5ad4-affd-c734060ef8fe,5e3d341b-413e-545a-a939-6d4437e2a613,6e4ccb4a-51af-5d9b-a156-198020fda20c,11,47,በሰባቱም የጥጋብ ዓመታት ግብፅ ያስገኘችው እህል ሁሉ ክምር ሆነ።
87b7b813-2e83-510a-a22a-1c8bede4cf17,5e3d341b-413e-545a-a939-6d4437e2a613,6e4ccb4a-51af-5d9b-a156-198020fda20c,12,48,በግብፅ ምድር ሁሉ ያለውን የሰባቱን የጥጋብ ዓመታት እህል ሁሉ ሰበሰበ፤ እህልንም በከተሞቹ አደለበ፤ በየከተማይቱም ዙሪያ ያለውን የእርሻውን እህል ሁሉ በዚያው ከተተ።
63a95163-26d9-5f08-ab0a-9d327804c3e0,5e3d341b-413e-545a-a939-6d4437e2a613,6e4ccb4a-51af-5d9b-a156-198020fda20c,13,49,ዮሴፍም እንደ ባሕር አሸዋ እጅግ ብዙ የሆነ ስንዴን አከማቸ፤ መስፈር እስኪሳናቸው ድረስ፤ ሊሰፈር አልተቻለምና።
1e0c3647-396d-5ce7-a805-41327c390fd9,5e3d341b-413e-545a-a939-6d4437e2a613,6e4ccb4a-51af-5d9b-a156-198020fda20c,14,50,ለዮሴፍም የሄልዮቱ ከተማ ካህን የጴጤፌራ ልጅ አስኔት የወለደችለት ሁለት ልጆች የራብ ዘመን ገና ሳይመጣ ተወለዱለት።
83cf5e47-a21b-515c-a561-c7287d565325,5e3d341b-413e-545a-a939-6d4437e2a613,6e4ccb4a-51af-5d9b-a156-198020fda20c,15,51,ዮሴፍም የበኵር ልጁን ስም ምናሴ ብሎ ጠራው፤ እንዲህ ሲል፥ “እግዚአብሔር መከራዬን ሁሉ የአባቴንም ቤት እንድረሳ አደረገኝ፤”
c2187c5b-5d08-5929-a5be-ae6443d991e2,5e3d341b-413e-545a-a939-6d4437e2a613,6e4ccb4a-51af-5d9b-a156-198020fda20c,16,52,የሁለተኛውንም ስም ኤፍሬም ብሎ ጠራው፤ እንዲህ ሲል፥ “እግዚአብሔር በመከራዬ ሀገር አብዝቶኛልና።”
81483c4a-addc-5f41-a206-f700fb1189a4,5e3d341b-413e-545a-a939-6d4437e2a613,6e4ccb4a-51af-5d9b-a156-198020fda20c,17,53,በግብፅ ምድር የነበረውም ሰባቱ የጥጋብ ዓመት አለፈ፤
36b3623d-20b2-50be-a175-3b3797239eef,5e3d341b-413e-545a-a939-6d4437e2a613,6e4ccb4a-51af-5d9b-a156-198020fda20c,18,54,ዮሴፍም እንደ ተናገረ ሰባቱ የራብ ዓመት መምጣት ጀመረ። በየሀገሩም ሁሉ ራብ ሆነ፤ በግብፅ ምድር ሁሉ ግን እህል ነበረ።
dda9180c-3da1-508b-a96d-3969a92fcf05,5e3d341b-413e-545a-a939-6d4437e2a613,6e4ccb4a-51af-5d9b-a156-198020fda20c,19,55,የግብፅ ምድርም ሁሉ ተራበ፤ ሕዝቡም ስለ እህል ወደ ፈርዖን ጮኸ፤ ፈርዖንም የግብፅ ሰዎችን ሁሉ፥ “ወደ ዮሴፍ ሂዱ፤ እርሱ ያላችሁንም ሁሉ አድርጉ” አላቸው።
ba107c22-ba23-5aba-a3ba-c26f9b32b8fe,5e3d341b-413e-545a-a939-6d4437e2a613,6e4ccb4a-51af-5d9b-a156-198020fda20c,20,56,በምድርም ሁሉ ላይ ራብ ሆነ፤ ዮሴፍም እህል ያለበትን ጎተራ ሁሉ ከፍቶ ለግብፅ ሰዎች ሁሉ ይሸጥ ነበር።
e137f31e-2ce8-5384-a285-08008346772e,5e3d341b-413e-545a-a939-6d4437e2a613,6e4ccb4a-51af-5d9b-a156-198020fda20c,21,57,ሀገሮችም ሁሉ ከዮሴፍ እህል ይገዙ ዘንድ ወደ ግብፅ ወጡ፤ በምድር ሁሉ ራብ እጅግ ጸንቶ ነበርና።
c71d6c18-08a7-5483-a543-118d99b5e1ef,ae51fe87-e163-5aee-aaa1-24ce208d9e6c,f71d01c1-7680-50e8-ac46-4da3f3b57813,1,1,ያዕቆብም በግብፅ የሚሸመት እህል እንዳለ ሰማ፤ ልጆቹንም፥ “ለምን ትተክዛላችሁ?” አላቸው።
f361f87f-a8a5-5a3a-a871-50f1f6e81e76,ae51fe87-e163-5aee-aaa1-24ce208d9e6c,f71d01c1-7680-50e8-ac46-4da3f3b57813,2,2,እንዲህም አለ፥ “እነሆ፥ እህል በግብፅ እንዳለ ሰምቼአለሁ፤ ወደዚያ ውረዱ፤ እንድንድንና በራብ እንዳንሞትም ከዚያ ሸምቱልን።”
6ac3bf85-4f25-5e10-a976-c1d9a98530b5,ae51fe87-e163-5aee-aaa1-24ce208d9e6c,f71d01c1-7680-50e8-ac46-4da3f3b57813,3,3,የዮሴፍም ዐሥሩ ወንድሞቹ እህልን ከግብፅ ይሸምቱ ዘንድ ወረዱ፤
61fdd762-0d71-59b7-ae3e-92662b65379a,ae51fe87-e163-5aee-aaa1-24ce208d9e6c,f71d01c1-7680-50e8-ac46-4da3f3b57813,4,4,የዮሴፍን ወንድም ብንያምን ግን ያዕቆብ ከወንድሞቹ ጋር አልሰደደውም፥ “ምናልባት ክፉ እንዳያገኘው” ብሎአልና።
d60ea1f7-5922-574d-a431-f40a2750d854,ae51fe87-e163-5aee-aaa1-24ce208d9e6c,f71d01c1-7680-50e8-ac46-4da3f3b57813,5,5,የእስራኤልም ልጆች ለእህል ሸመታ ከመጡት ጋር ገቡ፤ በከነዓን ሀገር ራብ ነበርና።
b84041e8-32af-5d6b-a643-98b410aee413,ae51fe87-e163-5aee-aaa1-24ce208d9e6c,f71d01c1-7680-50e8-ac46-4da3f3b57813,6,6,ዮሴፍም በግብፅ ምድር ላይ ገዥ ነበረ፤ እርሱም ለምድር ሕዝብ ሁሉ እህል ይሸጥ ነበር፤ የዮሴፍም ወንድሞች በመጡ ጊዜ በምድር ላይ በግንባራቸው ሰገዱለት።
349c741a-b403-50cf-aa17-49231316e219,ae51fe87-e163-5aee-aaa1-24ce208d9e6c,f71d01c1-7680-50e8-ac46-4da3f3b57813,7,7,ዮሴፍም ወንድሞቹን በአያቸው ጊዜ ዐወቃቸው፤ እንደማያውቃቸውም ሆነ፤ ክፉ ቃልንም ተናገራቸው፥ “እናንተ ከወዴት መጣችሁ?” አላቸው። እነርሱም፥ “ከከነዓን ምድር እህል ልንሸምት የመጣን ነን” አሉት።
3817ce5d-0e56-53c4-a866-de9c899bafa2,ae51fe87-e163-5aee-aaa1-24ce208d9e6c,f71d01c1-7680-50e8-ac46-4da3f3b57813,8,8,ዮሴፍም ወንድሞቹን ዐወቃቸው፤ እነርሱ ግን አላወቁትም፤ ዮሴፍም አይቶት የነበረውን ሕልም ዐሰበ።
2f11d0ed-2c58-5de5-a4f2-9fa584ed6e67,ae51fe87-e163-5aee-aaa1-24ce208d9e6c,f71d01c1-7680-50e8-ac46-4da3f3b57813,9,9,እንዲህም አላቸው፥ “እናንተ ሰላዮች ናችሁ ፤ የሀገሩን ሁኔታ ልታዩ መጥታችኋል።”
afd3d051-763a-55fd-a9e3-b9c3091b0f43,ae51fe87-e163-5aee-aaa1-24ce208d9e6c,f71d01c1-7680-50e8-ac46-4da3f3b57813,10,10,እነርሱም አሉት፥ “ጌታ ሆይ፥ አይደለም፤ ባሪያዎችህስ ስንዴ ሊገዙ መጥተዋል፤
45a7197a-f0da-544d-af92-cb36042bc2bf,ae51fe87-e163-5aee-aaa1-24ce208d9e6c,f71d01c1-7680-50e8-ac46-4da3f3b57813,11,11,እኛ ሁላችን የአንድ ሰው ልጆች ነን፤ እኛ የሰላም ሰዎች ነን፤ ባሪያዎችህስ ሰላዮች አይደሉም።”
b7deba91-f4c5-57f6-af04-e31ec9575248,ae51fe87-e163-5aee-aaa1-24ce208d9e6c,f71d01c1-7680-50e8-ac46-4da3f3b57813,12,12,እርሱም አላቸው፥ “አይደለም፤ ነገር ግን እናንተ ሰላዮች ናችሁ፤ የሀገሩንም ሁኔታ ልታዩ መጥታችኋል።”
07b55147-00b2-5b41-a2ad-625dd651fe90,ae51fe87-e163-5aee-aaa1-24ce208d9e6c,f71d01c1-7680-50e8-ac46-4da3f3b57813,13,13,እነርሱም አሉ፥ “ባሪያዎችህ በከነዓን ምድር የምንኖር ዐሥራ ሁለት ወንድማማቾች ነን፤ ታናሹም እነሆ ዛሬ ከአባታችን ጋር ነው፤ ሌላውም ሞቶአል።”
62f0fd17-b51a-5efe-a5b3-ffd3f67d8ecb,ae51fe87-e163-5aee-aaa1-24ce208d9e6c,f71d01c1-7680-50e8-ac46-4da3f3b57813,14,14,ዮሴፍም አላቸው፥ “እናንተ ሰላዮች ናችሁ ብዬ የተናገርሁአችሁም ይህ ነው፤ በዚህ ትታወቃላችሁ፤
567507e6-d75c-57dd-a4a2-a208973a2af5,ae51fe87-e163-5aee-aaa1-24ce208d9e6c,f71d01c1-7680-50e8-ac46-4da3f3b57813,15,15,ታናሽ ወንድማችሁን ከአላመጣችሁ በቀር ‘የፈርዖንን ሕይወት!’ ከዚህ አትወጡም።
f63dd796-5ede-5d84-ae3a-4e2eaa8879a3,ae51fe87-e163-5aee-aaa1-24ce208d9e6c,f71d01c1-7680-50e8-ac46-4da3f3b57813,16,16,ወንድማችሁን ያመጣ ዘንድ ከእናንተ አንዱን ላኩ፤ እናንተ ግን እውነትን የምትናገሩ ከሆነ ወይም ከአልሆነ ነገራችሁ እስኪታወቅ ድረስ ከዚህ ተቀመጡ፤ ይህ ከአልሆነ ‘የፈርዖንን ሕይወት!’ ሰላዮች ናችሁ።”
b9517d6d-65ae-527f-aa22-76138cd05aff,ae51fe87-e163-5aee-aaa1-24ce208d9e6c,f71d01c1-7680-50e8-ac46-4da3f3b57813,17,17,ሦስት ቀን ያህልም በግዞት ቤት ጨመራቸው።
d1b49860-a22b-5954-aee9-92656efedef9,ae51fe87-e163-5aee-aaa1-24ce208d9e6c,f71d01c1-7680-50e8-ac46-4da3f3b57813,18,18,በሦስተኛው ቀን ዮሴፍ እንዲህ አላቸው፥ “ትድኑ ዘንድ ይህን አድርጉ፤ እኔ እግዚአብሔርን እፈራለሁና።
7cf4c680-1c09-5dc1-a77f-f351be7debf9,ae51fe87-e163-5aee-aaa1-24ce208d9e6c,f71d01c1-7680-50e8-ac46-4da3f3b57813,19,19,እናንተ ሰላማውያን ከሆናችሁ ከእናንተ አንዱ ወንድማችሁ በግዞት ቤት ይታሰር፤ እናንተ ግን ሂዱ፤ የሸመታችሁትን እህልም ውሰዱ፤
71b6b848-af9b-54b9-a995-663902f5ce6b,ae51fe87-e163-5aee-aaa1-24ce208d9e6c,f71d01c1-7680-50e8-ac46-4da3f3b57813,20,20,ታናሹንም ወንድማችሁን ወደ እኔ አምጡ፤ ነገራችሁ የታመነ ይሆናልና፤ ይህ ከአልሆነ ግን ትሞታላችሁ።” እንዲህም አደረጉ።
d553c17e-e830-56de-af3c-33e0f43b1ef5,ae51fe87-e163-5aee-aaa1-24ce208d9e6c,f71d01c1-7680-50e8-ac46-4da3f3b57813,21,21,እነርሱም እርስ በርሳቸው እንዲህ ተባባሉ፥ “በእውነት ወንድማችንን በድለናል፤ እኛን በመማጠን ነፍሱ ስትጨነቅ አይተን አልሰማነውምና፤ ስለዚህ ይህ መከራ መጣብን።”
ba720639-51b6-5aad-aa71-f8ecd2f22e66,ae51fe87-e163-5aee-aaa1-24ce208d9e6c,f71d01c1-7680-50e8-ac46-4da3f3b57813,22,22,ሮቤልም መልሶ እንዲህ አላቸው፥ “ብላቴናውን አትበድሉ ብዬአችሁ አልነበረምን? እኔንም አልሰማችሁኝም፤ ስለዚህ እነሆ፥ አሁን ደሙ ይፈላለጋችኋል።”
62ca3b65-588d-5d1a-a602-6f12be1c98f3,ae51fe87-e163-5aee-aaa1-24ce208d9e6c,f71d01c1-7680-50e8-ac46-4da3f3b57813,23,23,እነርሱም ዮሴፍ ነገራቸውን እንደሚሰማባቸው አላወቁም፤ በመካከላቸው አስተርጓሚ ነበርና።
f850c521-96e7-5050-add6-eee6433d3165,ae51fe87-e163-5aee-aaa1-24ce208d9e6c,f71d01c1-7680-50e8-ac46-4da3f3b57813,24,24,ዮሴፍም ከእነርሱ ዘወር ብሎ አለቀሰ፤ ደግሞም ወደ እነርሱ ተመልሶ ተናገራቸው፤ ስምዖንንም ከእነርሱ ለይቶ ወስዶ በፊታቸው አሰረው።
3efde1a0-523a-5950-a515-b975fd621863,ae51fe87-e163-5aee-aaa1-24ce208d9e6c,f71d01c1-7680-50e8-ac46-4da3f3b57813,25,25,ዮሴፍም ዓይበታቸውን እህል ይሞሉት ዘንድ አዘዘ፤ የየራሳቸውንም ብር በየዓይበታቸው ይመልሱት ዘንድ፥ ደግሞም የመንገድ ስንቅ ይሰጡአቸው ዘንድ አዘዘ። እንዲህም አደረጉ።
42ca20b8-6c53-5ded-a84d-00a339d5bd8d,ae51fe87-e163-5aee-aaa1-24ce208d9e6c,440d5768-8682-5aaf-a1b1-fd98c44c46fd,1,26,እነርሱም እህሉን በአህዮቻቸው ላይ ጫኑ፤ ከዚያም ተነሥተው ሄዱ።
da84df85-0f00-54f7-ac11-0d38cdc099ab,ae51fe87-e163-5aee-aaa1-24ce208d9e6c,440d5768-8682-5aaf-a1b1-fd98c44c46fd,2,27,ከእነርሱም አንዱ በአደሩበት ስፍራ ለአህዮቹ ገፈራን ይሰጥ ዘንድ ዓይበቱን ፈታ፤ ብሩንም በዓይበቱ አፍ ተቋጥሮ አገኘ።
255a9803-7a23-5437-accb-a8e7388427d2,ae51fe87-e163-5aee-aaa1-24ce208d9e6c,440d5768-8682-5aaf-a1b1-fd98c44c46fd,3,28,ለወንድሞቹም፥ “ብሬ ተመለሰችልኝ፤ እርስዋም በዓይበቴ አፍ እነኋት” አላቸው። ልባቸውም ደነገጠ፤ እየታወኩም እርስ በርሳቸው ተባባሉ፥ “እግዚአብሔር ያደረገብን ይህ ምንድን ነው?”
ff682d61-4738-59fa-a30e-49c053e53818,ae51fe87-e163-5aee-aaa1-24ce208d9e6c,440d5768-8682-5aaf-a1b1-fd98c44c46fd,4,29,ወደ አባታቸውም ወደ ያዕቆብ ወደ ከነዓን ምድር መጡ፤ የደረሰባቸውንም ነገር ሁሉ እንዲህ ብለው አወሩ፦
f7c6fd07-dc63-5543-a7d6-7c797ab3b398,ae51fe87-e163-5aee-aaa1-24ce208d9e6c,440d5768-8682-5aaf-a1b1-fd98c44c46fd,5,30,“የሀገሩ ጌታ የሆነው ሰው በክፉ ንግግር ተናገረን፤ የምድሪቱም ሰላዮች እንደሆን አድርጎ ወደ እስር ቤት አስገባን።”
037d5bb5-7c2e-5df5-adda-5ae1156a4d98,ae51fe87-e163-5aee-aaa1-24ce208d9e6c,440d5768-8682-5aaf-a1b1-fd98c44c46fd,6,31,እኛም እንዲህ አልነው፥ “ሰላማውያን ሰዎች ነን እንጂ ሰላዮች አይደለንም፤
33778b7f-383c-5a18-addf-394271eaf4e8,ae51fe87-e163-5aee-aaa1-24ce208d9e6c,440d5768-8682-5aaf-a1b1-fd98c44c46fd,7,32,እኛ የአባታችን ልጆች ዐሥራ ሁለት ወንድማማቾች ነን፤ አንዱ ሞቶአል፤ ታናሹም በከነዓን ምድር ዛሬ ከአባታችን ጋር አለ።
b7b3112d-bb93-53a8-aaf2-8f80a7355f31,ae51fe87-e163-5aee-aaa1-24ce208d9e6c,440d5768-8682-5aaf-a1b1-fd98c44c46fd,8,33,የሀገሩም ጌታ ያ ሰው እንዲህ አለን፦ ‘ሰላማውያን ሰዎች ከሆናችሁ በዚህ ዐውቃለሁ፤ አንደኛውን ወንድማችሁን ከእኔ ጋር ተዉት፤ ለቤታችሁም የሸመታችሁትን እህል ይዛችሁ ሂዱ፤
580bcefe-e703-51f6-abc1-c6580c95a5f6,ae51fe87-e163-5aee-aaa1-24ce208d9e6c,440d5768-8682-5aaf-a1b1-fd98c44c46fd,9,34,ታናሹንም ወንድማችሁን አምጡልኝ፤ ሰላማውያን እንጂ ሰላዮች አለመሆናችሁንም በዚህ ዐውቀዋለሁ፤ ወንድማችሁንም እሰጣችኋለሁ፤ እናንተም በሀገራችን ትነግዳላችሁ።’ ”
130258b7-a422-53d1-ad77-bdd68a34a425,ae51fe87-e163-5aee-aaa1-24ce208d9e6c,440d5768-8682-5aaf-a1b1-fd98c44c46fd,10,35,እንዲህም ሆነ፤ ዓይበታቸውን በፈቱ ጊዜ እነሆ፥ ከእነርሱ እያንዳንዳቸው ብራቸውን በዓይበታቸው ተቋጥሮ አገኙት፤ እነርሱም አባታቸውም የተቋጠረ ብራቸውን አይተው ፈሩ።
8c23b46f-335d-55dc-af67-47b8a68dae58,ae51fe87-e163-5aee-aaa1-24ce208d9e6c,440d5768-8682-5aaf-a1b1-fd98c44c46fd,11,36,አባታቸው ያዕቆብም እንዲህ አላቸው፥ “ልጅ አልባ አስቀራችሁኝ፤ ዮሴፍ የለም፤ ስምዖንም የለም፤ ብንያምንም ትወስዱብኛላችሁ፤ ይህ ሁሉ በእኔ ላይ ደረሰ።”
ad1bfceb-1fad-5f4b-a677-b43235d3c585,ae51fe87-e163-5aee-aaa1-24ce208d9e6c,440d5768-8682-5aaf-a1b1-fd98c44c46fd,12,37,ሮቤልም አባቱን አለው፥ “ወደ አንተ መልሼ ያላመጣሁት እንደሆነ ሁለቱን ልጆችን ግደል፤ ልጅህን በእጄ ስጠኝ፤ እኔም ወደ አንተ እመልሰዋለሁ።”
ab1c10df-31d3-5f2f-a150-95b7917f7a69,ae51fe87-e163-5aee-aaa1-24ce208d9e6c,440d5768-8682-5aaf-a1b1-fd98c44c46fd,13,38,እርሱም አለ፥ “ልጄ ከእናንተ ጋር አይወርድም፤ ወንድሙ ሞቶ እርሱ ብቻ ቀርቶአልና፤ በምትሄዱበት መንገድ ምናልባት ክፉ ነገር ቢያገኘው ሽምግልናዬን በኀዘን ወደ መቃብር ታወርዱታላችሁ።”
f1118e15-8d7f-5f3d-a6de-1d796813052e,0aa40910-76fd-553b-af87-6634c608bcbe,16ac84e4-476a-5d44-a6c1-cb8c3bf05c2f,1,1,ከዚህም በኋላ ራብ በሀገር ላይ ጸና።
1ed476e5-bf3f-5bc7-a4e7-c7be605b1fa9,0aa40910-76fd-553b-af87-6634c608bcbe,16ac84e4-476a-5d44-a6c1-cb8c3bf05c2f,2,2,ከግብፅም ያመጡትን እህል በልተው ከፈጸሙ በኋላ አባታቸው፥ “እንደገና ሂዱ፤ ጥቂት እህል ሸምታችሁ አምጡልን” አላቸው።
2a1763d0-7ae6-56b7-a663-968d48d2fe4e,0aa40910-76fd-553b-af87-6634c608bcbe,16ac84e4-476a-5d44-a6c1-cb8c3bf05c2f,3,3,ይሁዳም እንዲህ አለው፥ “የሀገሩ ጌታ ያ ሰው፦ ‘ወንድማችሁ ከእናንተ ጋር ከአልመጣ ፊቴን አታዩም’ ብሎ በምስክር ፊት አዳኝቶብናል።
697b7b77-a8e4-5046-a29e-5cc86cfbf662,0aa40910-76fd-553b-af87-6634c608bcbe,16ac84e4-476a-5d44-a6c1-cb8c3bf05c2f,4,4,ወንድማችንን ከእኛ ጋር ብትልከው እንወርዳለን፤ እህልም እንሸምትልሃልን፤
3643018a-05d3-5c48-aa1a-b9be2d4b9b20,0aa40910-76fd-553b-af87-6634c608bcbe,16ac84e4-476a-5d44-a6c1-cb8c3bf05c2f,5,5,ወንድማችንን ከእኛ ጋር ባትልከው ግን አንሄድም፤ ያ ሰው ‘ታናሽ ወንድማችሁን ከእናንተ ጋር ካላመጣችሁ ፊቴን አታዩም’ ብሎናልና።”
06d01838-6907-5a4e-ab8e-3f4b920db7db,0aa40910-76fd-553b-af87-6634c608bcbe,16ac84e4-476a-5d44-a6c1-cb8c3bf05c2f,6,6,እስራኤልም አላቸው፥ “በእኔ ላይ ያደረጋችኋት ይህች ክፋት ምንድን ናት? በዚያውስ ላይ ሌላ ወንድም አለን ብላችሁ ለምን ነገራችሁት?”
461ba155-cc9d-52ec-a010-bb2d5200a37a,0aa40910-76fd-553b-af87-6634c608bcbe,16ac84e4-476a-5d44-a6c1-cb8c3bf05c2f,7,7,እነርሱም አሉ፥ “ያ ሰው ስለ እኛና ስለ ትውልዳችን ፈጽሞ ጠየቀን፤ እንዲህም አለን፦ ‘ሽማግሌው አባታችሁ ገና በሕይወት ነው? ወንድምስ አላችሁን?’ እኛም እንደዚሁ እንደ ጠየቀን መለስንለት፤ በውኑ፦ ‘ወንድማችሁን አምጡ’ እንዲለን እናውቅ ነበርን?”
f4b6fd6b-dce4-58c3-a4e6-35fa0d217ef1,0aa40910-76fd-553b-af87-6634c608bcbe,16ac84e4-476a-5d44-a6c1-cb8c3bf05c2f,8,8,ይሁዳም አባቱን እስራኤልን አለው፥ “እኛና አንተ ልጆቻችንም ደግሞ እንድንድን፥ እንዳንሞትም ብላቴናውን ከእኔ ጋር ላከው፤ እኛም ተነሥተን እንሄዳለን።
3a6ea51f-8270-5ed0-aa84-1bcd0d0384e6,0aa40910-76fd-553b-af87-6634c608bcbe,16ac84e4-476a-5d44-a6c1-cb8c3bf05c2f,9,9,እኔ እዋሳለሁ፤ ከእጄ ትሻዋለህ፤ ወደ አንተ ባላመጣው፥ በፊትህም ባላቆመው፥ በዘመናት ሁሉ አንተን የበደልሁህ ልሁን።
8dee8ccb-ce93-5418-af1c-ea29405a349a,0aa40910-76fd-553b-af87-6634c608bcbe,16ac84e4-476a-5d44-a6c1-cb8c3bf05c2f,10,10,ባንዘገይስ ኖሮ አሁን ሁለተኛ ጊዜ በተመለስን ነበር።”
4bc8b5bf-180e-58da-a8cc-aed2f58946f8,0aa40910-76fd-553b-af87-6634c608bcbe,16ac84e4-476a-5d44-a6c1-cb8c3bf05c2f,11,11,አባታቸው እስራኤልም እንዲህ አላቸው፥ “ነገሩ እንዲህ ከሆነስ ይህን አድርጉ ፤ ከምድሩ ፍሬ በዓይበታችሁ ይዛችሁ ሂዱ፤ ለዚያም ሰው እጅ መንሻ፥ ጥቂት በለሳን፥ ጥቂት ማር፥ ሽቱ፥ ዕጣን፥ ተምር፥ ለውዝ ውሰዱ።
a1af37af-6a65-58b8-aa17-1bafb38c0ac1,0aa40910-76fd-553b-af87-6634c608bcbe,16ac84e4-476a-5d44-a6c1-cb8c3bf05c2f,12,12,ብሩን በአጠፌታ አድርጋችሁ በእጃችሁ ውሰዱ፤ በዓይበታችሁም አፍ የተመለሰውን ብር መልሳችሁ ውሰዱ፤ ምናልባት ባለማወቅ ይሆናል።
1f83c247-3d49-5590-a1cf-2b79a4f0021a,0aa40910-76fd-553b-af87-6634c608bcbe,16ac84e4-476a-5d44-a6c1-cb8c3bf05c2f,13,13,ወንድማችሁንም ከእናንተ ጋር ውሰዱ፤ ተነሥታችሁም ወደዚያ ሰው ውረዱ።
d17245e4-f265-5bd2-a3d2-a674528a43e0,0aa40910-76fd-553b-af87-6634c608bcbe,16ac84e4-476a-5d44-a6c1-cb8c3bf05c2f,14,14,አምላኬም በዚያ ሰው ፊት ሞገስን ይስጣችሁ፤ ያን ወንድማችሁንና ብንያምንም ይመልስላችሁ፤ እኔም ልጆችን እንዳጣሁ አጣሁ።”
ccd7b4f8-2e78-5cf8-ad27-c301d5693e93,0aa40910-76fd-553b-af87-6634c608bcbe,16ac84e4-476a-5d44-a6c1-cb8c3bf05c2f,15,15,ሰዎቹም በእጃቸው ያችን እጅ መንሻና ብራቸውን በእጥፍ፥ ብንያምንም ከእነርሱ ጋር ወሰዱ፤ ተነሥተውም ወደ ግብፅ ወረዱ፤ በዮሴፍም ፊት ቆሙ፤ ሰገዱለትም።
5f25a6bf-416f-5f96-a9d2-92f5e4058a2d,0aa40910-76fd-553b-af87-6634c608bcbe,16ac84e4-476a-5d44-a6c1-cb8c3bf05c2f,16,16,ዮሴፍም ብንያምን ከእነርሱ ጋር በአየው ጊዜ የቤቱን አዛዥ እንዲህ ብሎ አዘዘው፥ “እነዚያን ሰዎች ወደ ቤት አስገባቸው፤ እርድም እረድ፤ አዘጋጅም፤ እነዚያ ሰዎች በእኩለ ቀን ከእኔ ጋር ይበላሉና።”
9a3bb056-66b5-51b4-a08b-fa095cf97a56,0aa40910-76fd-553b-af87-6634c608bcbe,16ac84e4-476a-5d44-a6c1-cb8c3bf05c2f,17,17,ያም ሰው ዮሴፍ እንዳለው አደረገ፤ ሰዎቹንም ወደ ዮሴፍ ቤት አስገባ።
c6d9305c-2a6c-5371-a753-8529ce452f3c,0aa40910-76fd-553b-af87-6634c608bcbe,16ac84e4-476a-5d44-a6c1-cb8c3bf05c2f,18,18,እነዚያም ሰዎች ወደ ዮሴፍ ቤት እንደ ገቡ በአዩ ጊዜ እንዲህ አሉ፥ “በዓይበታችን ቀድሞ ስለ ተመለሰው ብር ሊተነኰሉብን፥ ሊወድቁብንም፥ እኛንም በባርነት ሊገዙን፥ አህዮቻችንንም ሊወስዱ ወደዚህ አስገቡን።”
873b77ac-b648-51bb-a58c-079aa1b6a028,0aa40910-76fd-553b-af87-6634c608bcbe,16ac84e4-476a-5d44-a6c1-cb8c3bf05c2f,19,19,ወደ ዮሴፍ ቤት አዛዥም ቀረቡ፤ በቤቱም ደጅ ተናገሩት፤
42e125b2-62de-510c-a2a5-bc110c1541f3,0aa40910-76fd-553b-af87-6634c608bcbe,16ac84e4-476a-5d44-a6c1-cb8c3bf05c2f,20,20,እንዲህም አሉ፥ “ጌታ ሆይ፥ እንማልድሃለን፤ ቀድሞ እህልን ልንሸምት ወርደን ነበር፤
afb99541-e530-5935-accd-4e3bf33a09d0,0aa40910-76fd-553b-af87-6634c608bcbe,16ac84e4-476a-5d44-a6c1-cb8c3bf05c2f,21,21,እንዲህም ሆነ፥ ወደምናድርበትም ስፍራ በደረስን ጊዜ ዓይበታችንን ከፈትን፤ እነሆም፥ የየአንዳንዱ ሰው ብር በየዓይበቱ አፍ ነበር፤ አሁንም ብራችንን በእጃችን እንደ ሚዛኑ መለስነው።
da5d76ab-1811-5a6d-a2fe-c9945cad55a0,0aa40910-76fd-553b-af87-6634c608bcbe,16ac84e4-476a-5d44-a6c1-cb8c3bf05c2f,22,22,እህል እንሸምትበት ዘንድ ሌላም ብር በእጃችን አመጣን፤ ብራችንንም በዓይበታችን ማን እንደ ጨመረው አናውቅም።”
2f182793-fa08-51df-a151-2245b3047c75,0aa40910-76fd-553b-af87-6634c608bcbe,16ac84e4-476a-5d44-a6c1-cb8c3bf05c2f,23,23,እርሱም አላቸው፥ “ሰላም ለእናንተ ይሁን፥ አትፍሩ፤ አምላካችሁ የአባቶቻችሁ አምላክ በዓይበታችሁ የተሰወረ ገንዘብ ሰጣችሁ፤ ብራችሁንስ መዝኜ ተቀብያለሁ።”
45c35978-7f51-52f0-ad78-431b4cba45ae,0aa40910-76fd-553b-af87-6634c608bcbe,16ac84e4-476a-5d44-a6c1-cb8c3bf05c2f,24,24,ስምዖንንም ወደ እነርሱ አወጣላቸው። እግራቸውንም ሊታጠቡ ውኃ አመጣላቸው፤ ለአህዮቻቸውም ገፈራ ሰጣቸው።
adf74a98-2776-51c6-ad88-81d41295676f,0aa40910-76fd-553b-af87-6634c608bcbe,16ac84e4-476a-5d44-a6c1-cb8c3bf05c2f,25,25,ዮሴፍም በእኩለ ቀን እስኪገባ ድረስ እነርሱ እጅ መንሻቸውን አዘጋጁ፤ ከዚያ ምሳ እንደሚበሉ ሰምተዋልና።
bc49e1b3-9ea6-5966-ac0b-f48a1ece0160,0aa40910-76fd-553b-af87-6634c608bcbe,16ac84e4-476a-5d44-a6c1-cb8c3bf05c2f,26,26,ዮሴፍም ወደ ቤቱ በገባ ጊዜ በእጃቸው ያለውን እጅ መንሻ በቤት ውስጥ አቀረቡለት፤ ወደ ምድርም በግንባራቸው ወድቀው ሰገዱለት።
5c446f8b-c409-590f-ad76-5bebc4156afe,0aa40910-76fd-553b-af87-6634c608bcbe,16ac84e4-476a-5d44-a6c1-cb8c3bf05c2f,27,27,እርሱም ደኅንነታቸውን ጠየቃቸው፤ እንዲህም አለ፥ “የነገራችሁኝ ሽማግሌ አባታችሁ ደኅና ነውን? ገና በሕይወት አለን?”
1869869b-1608-5467-ac6c-3081161222d3,0aa40910-76fd-553b-af87-6634c608bcbe,16ac84e4-476a-5d44-a6c1-cb8c3bf05c2f,28,28,እነርሱም አሉት፥ “ባሪያህ ሽማግሌው አባታችን ደኅና ነው፤ ገና በሕይወት አለ።” ዮሴፍም አለ፥ “ሰውየው እግዚአብሔር የባረከው ነው።” ራሳቸውንም ዝቅ አድርገው ሰገዱለት።
cbee62b1-c361-52d4-af90-d18fe80cf57c,0aa40910-76fd-553b-af87-6634c608bcbe,16ac84e4-476a-5d44-a6c1-cb8c3bf05c2f,29,29,ዮሴፍም ዐይኑን አንሥቶ የእናቱን ልጅ ወንድሙ ብንያምን አየው፤ እርሱም አለ፥ “ወደ አንተ እናመጣዋለን ብላችሁ የነገራችሁኝ ታናሽ ወንድማችሁ ይህ ነውን?” እነርሱም፥ “አዎን” አሉት። እንዲህም አለው፥ “ልጄ ሆይ፥ እግዚአብሔር ይቅር ይበልህ።”
1a50cb26-7c94-547a-a14c-88cb6facae3a,0aa40910-76fd-553b-af87-6634c608bcbe,16ac84e4-476a-5d44-a6c1-cb8c3bf05c2f,30,30,ዮሴፍም ታወከ፤ አንጀቱ ወንድሙን ናፍቆታልና፤ ሊያለቅስም ወደደ፤ ወደ እልፍኙም ገብቶ በዚያ አለቀሰ።
5eacd4fe-515f-5f31-afa7-87214c953091,0aa40910-76fd-553b-af87-6634c608bcbe,16ac84e4-476a-5d44-a6c1-cb8c3bf05c2f,31,31,ፊቱንም ታጥቦ ተጽናንቶም ወጣ። “እንጀራ አቅርቡልን” አለ።
049ffeb6-c705-5e87-a9a2-635ccfe43791,0aa40910-76fd-553b-af87-6634c608bcbe,16ac84e4-476a-5d44-a6c1-cb8c3bf05c2f,32,32,ለእርሱም ለብቻው አቀረቡ፤ ለእነርሱም ለብቻቸው፤ ከእርሱ ጋር ለሚበሉት ለግብፅ ሰዎችም ለብቻቸው፤ የግብፅ ሰዎች ከዕብራውያን ጋር መብላት አይችሉምና፥ ይህ ለግብፅ ሰዎች እንደ መርከስ ነውና።
67b67211-882f-5993-a282-874d9eb65042,0aa40910-76fd-553b-af87-6634c608bcbe,16ac84e4-476a-5d44-a6c1-cb8c3bf05c2f,33,33,በፊቱም በኵሩ እንደ ታላቅነቱ፥ ታናሹም እንደ ታናሽነቱ ተቀመጡ፤ እነርሱም እርስ በርሳቸው በመደነቅ ተያዩ።
a9148b2e-817d-531c-af05-2e3511d7a1b1,0aa40910-76fd-553b-af87-6634c608bcbe,16ac84e4-476a-5d44-a6c1-cb8c3bf05c2f,34,34,በፊቱም ከአለው መብል ፈንታቸውን አቀረበላቸው፤ የብንያምም ፈንታ ከሁሉ አምስት እጅ የሚበልጥ ነበረ። እነርሱም በሉ፤ ጠጡም፤ ከእርሱም ጋር ደስ አላቸው።
5144551e-b4a3-5257-ab72-cabe3d60aa51,cf190beb-ef08-5a81-aaaa-b52da0f38ee0,f7946e9b-0f6d-5780-a466-08e5f7605ca5,1,1,ዮሴፍም የቤቱን አዛዥ እንዲህ ብሎ አዘዘው፥ “የእነዚህ ሰዎች ዓይበቶቻቸው መያዝ የሚችሉትን ያህል እህል ሙላላቸው፤ የሁሉንም ብር በየዓይበታቸው አፍ ጨምረው፤
6c2a58c5-4931-51b4-a63f-0ca060d0c3f6,cf190beb-ef08-5a81-aaaa-b52da0f38ee0,f7946e9b-0f6d-5780-a466-08e5f7605ca5,2,2,በታናሹም ዓይበት አፍ የብሩን ጽዋዬንና የእህሉን ዋጋ ጨምረው።” እርሱም ዮሴፍ እንዳለው አደረገ።
72c5dd50-2aa7-5d92-ab3a-ad1c589382d9,cf190beb-ef08-5a81-aaaa-b52da0f38ee0,f7946e9b-0f6d-5780-a466-08e5f7605ca5,3,3,ነግህ በሆነ ጊዜም ሰዎቹ አህዮቻቸውን ይዘው ይሄዱ ዘንድ አሰናበታቸው።
cc51e9b8-5f7c-5520-a06e-dcdca65584fe,cf190beb-ef08-5a81-aaaa-b52da0f38ee0,f7946e9b-0f6d-5780-a466-08e5f7605ca5,4,4,ከከተማዪቱም ወጥተው ገና ሳይርቁ ዮሴፍ ለቤቱ አዛዥ እንዲህ አለ፥ “ተነሥተህ ሰዎቹን ተከትለህ ያዛቸው፤ እንዲህም በላቸው፦ በመልካሙ ፈንታ ስለምን ክፉን መለሳችሁ?
8446aa46-fef0-53d8-a705-a9dcb3c15e87,cf190beb-ef08-5a81-aaaa-b52da0f38ee0,f7946e9b-0f6d-5780-a466-08e5f7605ca5,5,5,ጌታዬ የሚጠጣበትን፥ ምስጢርንም የሚያውቅበትን የብር ጽዋ ለምን ሰረቃችሁ? ባደረጋችሁት ነገር በደላችሁ።”
1f5dfbb4-5268-580c-aad0-d205617d1181,cf190beb-ef08-5a81-aaaa-b52da0f38ee0,f7946e9b-0f6d-5780-a466-08e5f7605ca5,6,6,እርሱም ሂዶ አገኛቸው፤ “ለምን እንዲህ አደረጋችሁ? ስለ አደረግሁላችሁ መልካም ነገር ለምን ክፉ ትከፍሉኛላችሁ? የጌታዬንስ የብር ጽዋ ለምን ሰረቃችሁኝ?” አላቸው።
aa406558-62de-5ce8-aed6-2118428b795d,cf190beb-ef08-5a81-aaaa-b52da0f38ee0,f7946e9b-0f6d-5780-a466-08e5f7605ca5,7,7,እነርሱም አሉት፥ “ጌታችን እንደዚህ ለምን ክፉ ትናገራለህ? ይህን ነገር ያደርጉት ዘንድ ለባሪያዎችህ አግባባቸው አይደለም።
14e64b16-4957-590a-a224-5f419ae4f035,cf190beb-ef08-5a81-aaaa-b52da0f38ee0,f7946e9b-0f6d-5780-a466-08e5f7605ca5,8,8,በየዓይበታችን አፍ ያገኘነውን ብር እንኳን ይዘን ከከነዓን ሀገር ወደ አንተ ተመልሰናል፤ ከጌታህስ ቤት ወርቅ ወይስ ብር እንዴት እንሰርቃለን?
426ecdd5-427a-5b35-a4fb-9b1f89ae8556,cf190beb-ef08-5a81-aaaa-b52da0f38ee0,f7946e9b-0f6d-5780-a466-08e5f7605ca5,9,9,አሁንም ከባሪያዎችህ ጽዋው የተገኘበት እርሱ ይሙት፤ እኛም ደግሞ ለጌታችን አገልጋዮች እንሁን።”
56356891-3a45-575d-aad1-02a7486c9361,cf190beb-ef08-5a81-aaaa-b52da0f38ee0,f7946e9b-0f6d-5780-a466-08e5f7605ca5,10,10,እርሱም አለ፥ “አሁንም እንዲሁ እንደ ነገራችሁ ይሁን፤ ጽዋው የተገኘበት እርሱ ለእኔ አገልጋይ ይሁነኝ፤ እናንተም ንጹሓን ትሆናላችሁ።”
54432828-430e-599f-a4c0-0920f72a7435,cf190beb-ef08-5a81-aaaa-b52da0f38ee0,f7946e9b-0f6d-5780-a466-08e5f7605ca5,11,11,እየራሳቸውም ፈጥነው ዓይበታቸውን ወደ ምድር አወረዱ፤ እየራሳቸውም ዓይበታቸውን ፈቱ።
6ea40b31-5632-5e8d-a5bd-b82577252874,cf190beb-ef08-5a81-aaaa-b52da0f38ee0,f7946e9b-0f6d-5780-a466-08e5f7605ca5,12,12,እርሱም ከታላቁ ጀምሮ እስከ ታናሹ ድረስ በረበራቸው፤ ጽዋውንም በብንያም ዓይበት ውስጥ አገኘው።
17c27fd5-e6c3-5226-ad70-14bf901f2a0a,cf190beb-ef08-5a81-aaaa-b52da0f38ee0,f7946e9b-0f6d-5780-a466-08e5f7605ca5,13,13,ልብሳቸውንም ቀደዱ፤ ዓይበታቸውንም በየአህዮቻቸው ጭነው ወደ ከተማዪቱ ተመለሱ።
a1c3f1e6-a2f7-5d18-aa39-b7b0a4a891e9,cf190beb-ef08-5a81-aaaa-b52da0f38ee0,f7946e9b-0f6d-5780-a466-08e5f7605ca5,14,14,ይሁዳም ከወንድሞቹ ጋር ወደ ዮሴፍ ገባ፤ እርሱም ገና ከዚያው ነበረ፤ በፊቱም በምድር ላይ ወደቁ።
e34477cb-5f7e-5a68-af27-9c3a20132596,cf190beb-ef08-5a81-aaaa-b52da0f38ee0,f7946e9b-0f6d-5780-a466-08e5f7605ca5,15,15,ዮሴፍም፥ “ይህ ያደረጋችሁት ነገር ምንድን ነው? እንደ እኔ ያለ ሰው ምሥጢርን እንዲያውቅ አታውቁምን?” አላቸው።
70355746-0ac5-51a7-a896-df5789bd26a7,cf190beb-ef08-5a81-aaaa-b52da0f38ee0,f7946e9b-0f6d-5780-a466-08e5f7605ca5,16,16,ይሁዳም አለ፦ “ለጌታችን ምን እንመልሳለን? ምንስ እንናገራለን? ወይስ በምን እንነጻለን? እግዚአብሔር የአገልጋዮችህን ኀጢአት ገለጠ። እነሆ፥ እኛም ጽዋው ከእርሱ ዘንድ የተገኘበትም ደግሞ ለጌታችን አገልጋዮቹ ነን።”
534cd127-0a1b-5d62-ad6a-7056f3570b8b,cf190beb-ef08-5a81-aaaa-b52da0f38ee0,f7946e9b-0f6d-5780-a466-08e5f7605ca5,17,17,ዮሴፍም አላቸው፥ “ይህን አደርግ ዘንድ አይገባኝም፤ ጽዋው የተገኘበት ሰው እርሱ አገልጋይ ይሁነኝ እንጂ፤ እናንተ ግን ወደ አባታችሁ በደኅና ሂዱ።”
b2f5293c-6eac-51f8-a758-bec84d9b6bfc,cf190beb-ef08-5a81-aaaa-b52da0f38ee0,b2bd8e4d-50c1-51c3-a1e3-a83c5c18ec2f,1,18,ይሁዳም ወደ እርሱ ቀረበ፤ እንዲህም አለ፥ “ጌታዬ ሆይ፥ እኔ አገልጋይህ በፊትህ አንዲት ቃልን እንድናገር እለምናለሁ፤ እኔን አገልጋይህን አትቈጣኝ፤ አንተ ከፈርዖን ቀጥለህ ነህና።
a4c5da6c-2e4c-51c2-a572-9853fa6fa223,cf190beb-ef08-5a81-aaaa-b52da0f38ee0,b2bd8e4d-50c1-51c3-a1e3-a83c5c18ec2f,2,19,ጌታዬ አገልጋዮችህን፦ አባት አላችሁን? ወይስ ወንድም? ብለህ ጠየቅሃቸው።
771e6ab2-729e-5436-a57d-b90c606996d0,cf190beb-ef08-5a81-aaaa-b52da0f38ee0,b2bd8e4d-50c1-51c3-a1e3-a83c5c18ec2f,3,20,እኛም ለጌታዬ እንዲህ አልን፦ ሽማግሌ አባት አለን፤ በሽምግልናው የወለደውም ታናሽ ብላቴና አለ፤ ወንድሙ ግን ሞተ፤ ለእናቱም እርሱ ብቻውን ቀረ፤ አባቱም ይወድደዋል።
e9c363fa-32a7-53bb-a64e-3792b2e979ef,cf190beb-ef08-5a81-aaaa-b52da0f38ee0,b2bd8e4d-50c1-51c3-a1e3-a83c5c18ec2f,4,21,አንተም ለአገልጋዮችህ፦ ወደ እኔ አምጡት፤ እኔም እጠብቀዋለሁ አልህ።
6d28e235-10bd-5316-a85a-8cc8316a0ec6,cf190beb-ef08-5a81-aaaa-b52da0f38ee0,b2bd8e4d-50c1-51c3-a1e3-a83c5c18ec2f,5,22,ጌታዬንም፦ ብላቴናው አባቱን መተው አይሆንለትም፤ የተወው እንደ ሆነ አባቱ ይሞታልና አልንህ።
36117f88-337c-5afe-a9b5-eead9c115043,cf190beb-ef08-5a81-aaaa-b52da0f38ee0,b2bd8e4d-50c1-51c3-a1e3-a83c5c18ec2f,6,23,አንተ ጌታችንም አገልጋዮችህን፦ ታናሽ ወንድማችሁን ከእናንተ ጋር ከአላመጣችሁት ዳግመኛ ፊቴን አታዩም አልኸን።
4a86159f-9d61-5260-a2e1-0e5dfabc5419,cf190beb-ef08-5a81-aaaa-b52da0f38ee0,b2bd8e4d-50c1-51c3-a1e3-a83c5c18ec2f,7,24,ወደ ባሪያህ ወደ አባታችን በተመለስን ጊዜም የጌታችንን ቃል ነገርነው።
fc56bbbb-4917-5ae8-a0b4-8c0153dd2aea,cf190beb-ef08-5a81-aaaa-b52da0f38ee0,b2bd8e4d-50c1-51c3-a1e3-a83c5c18ec2f,8,25,አባታችንም፦ ዳግመኛ ሄዳችሁ ጥቂት እህል ሸምቱልን አለን።
e62c0ebf-6338-5eed-a6e4-0cf5e70ca6af,cf190beb-ef08-5a81-aaaa-b52da0f38ee0,b2bd8e4d-50c1-51c3-a1e3-a83c5c18ec2f,9,26,እኛም አልነው፦ ታናሹ ወንድማችን ከእኛ ጋር ካልሄደ መሄድ አንችልም፤ ታናሹ ወንድማችን ከእኛ ጋር ከሌለ የዚያን ሰው ፊት ማየት አይቻለንምና።
3ac564e2-0e3c-5d1f-af9d-a113c5528677,cf190beb-ef08-5a81-aaaa-b52da0f38ee0,b2bd8e4d-50c1-51c3-a1e3-a83c5c18ec2f,10,27,አገልጋይህ አባታችንም እንዲህ አለን፦ ሚስቴ ሁለት ወንዶች ልጆችን እንደ ወለደችልኝ እናንተ ታውቃላችሁ፤
d5f9b627-2327-5719-a546-4fdeedaac1ad,cf190beb-ef08-5a81-aaaa-b52da0f38ee0,b2bd8e4d-50c1-51c3-a1e3-a83c5c18ec2f,11,28,አንዱም ከእኔ ወጣ፤ አውሬ በላው አላችሁኝ፤ እስከ ዛሬም ገና አላየሁትም፤
2deb7cc2-8cfe-5c0e-a834-2228588773d3,cf190beb-ef08-5a81-aaaa-b52da0f38ee0,b2bd8e4d-50c1-51c3-a1e3-a83c5c18ec2f,12,29,ይህንም ከእኔ ለይታችሁ ደግሞ ብትወስዱት በመንገድም ክፉ ቢያገኘው፥ እርጅናዬን በኀዘን ወደ መቃብር ታወርዱታላችሁ።
a8a35c84-4d97-5c26-ad06-8d2e866b74f3,cf190beb-ef08-5a81-aaaa-b52da0f38ee0,b2bd8e4d-50c1-51c3-a1e3-a83c5c18ec2f,13,30,አሁንም እኛ ወደ አባታችን ወደ አገልጋይህ ብንሄድ፥ ብላቴናውም ከእኛ ጋር ከሌለ፥ ነፍሱ በብላቴናው ነፍስ ታስራለችና
0cdd84f4-696b-55e0-a248-2a1528a0ccc9,cf190beb-ef08-5a81-aaaa-b52da0f38ee0,b2bd8e4d-50c1-51c3-a1e3-a83c5c18ec2f,14,31,ብላቴናው ከእኛ ጋር እንደሌለ በአየ ጊዜ ይሞታል፤ አገልጋዮችህም የአገልጋይህን የአባታችንን እርጅና በኀዘን ወደ መቃብር እናወርዳለን።
483bcaf4-2784-5eee-a7d9-84722bdec8ca,cf190beb-ef08-5a81-aaaa-b52da0f38ee0,b2bd8e4d-50c1-51c3-a1e3-a83c5c18ec2f,15,32,እኔ አገልጋይህ በአባቴ ዘንድ ስለ ብላቴናው እንዲህ ብዬ ተውሼአለሁና፦ እርሱንስ ወደ አንተ መልሼ በፊትህ ባላቆመው በአባቴ ዘንድ በዘመናት ሁሉ ኀጢአተኛ እሆናለሁ።
d99eea4d-3793-58bf-a340-c69999bdecf3,cf190beb-ef08-5a81-aaaa-b52da0f38ee0,b2bd8e4d-50c1-51c3-a1e3-a83c5c18ec2f,16,33,አሁንም እኔ በብላቴናው ፈንታ የጌታዬ አገልጋይ ሆኜ ልቀመጥ፤ ብላቴናው ግን ከወንድሞቹ ጋር ይሂድ።
f1b5d396-69be-53ee-a274-d2098fd55435,cf190beb-ef08-5a81-aaaa-b52da0f38ee0,b2bd8e4d-50c1-51c3-a1e3-a83c5c18ec2f,17,34,አለዚያም ብላቴናው ከእኛ ጋር ከሌለ እኔ ወደ አባታችን እንዴት እሄዳለሁ? አባታችንን የሚያገኘውን መከራ እንዳላይ።”
033a826e-418c-5f98-af7b-3fc11700716c,1aa5d404-92c1-5b44-a06f-d1f65edde0a2,79c604d5-35ae-5f7f-af26-1b183d6e672e,1,1,ዮሴፍም በፊቱ ሰዎች ሁሉ ቆመው ሳሉ ሊታገሥ አልተቻለውም፥ “ሰዎቹንም ሁሉ ከፊቴ አስወጡልኝ” ብሎ ተናገረ፤ ዮሴፍ ለወንድሞቹ ራሱን በገለጠ ጊዜ በእርሱ ዘንድ የቆመ ማንም አልነበረም።
993ac786-3cca-5543-a460-a293cc1a7474,1aa5d404-92c1-5b44-a06f-d1f65edde0a2,79c604d5-35ae-5f7f-af26-1b183d6e672e,2,2,ቃሉንም ከፍ አድርጎ አለቀሰ፤ የግብፅ ሰዎችም ሰሙ፤ በፈርዖን ቤትም ተሰማ።
5e17679c-b34d-5e8c-a58a-797827d53872,1aa5d404-92c1-5b44-a06f-d1f65edde0a2,79c604d5-35ae-5f7f-af26-1b183d6e672e,3,3,ዮሴፍም ለወንድሞቹ፥ “እኔ ወንድማችሁ ዮሴፍ ነኝ፤ አባቴ እስከ አሁን በሕይወቱ ነውን?” አላቸው። ወንድሞቹም ይመልሱለት ዘንድ አልቻሉም፤ ደንግጠው ነበርና።
1e9b5c58-51eb-5431-a9ef-0d5c8ece3eb2,1aa5d404-92c1-5b44-a06f-d1f65edde0a2,79c604d5-35ae-5f7f-af26-1b183d6e672e,4,4,ዮሴፍም ወንድሞቹን፥ “ወደ እኔ ቅረቡ” አላቸው። ወደ እርሱም ቀረቡ። እንዲህም አላቸው፥ “ወደ ግብፅ የሸጣችሁኝ እኔ ወንድማችሁ ዮሴፍ ነኝ።
6a5f3481-172e-5171-acd0-9e2691ec180f,1aa5d404-92c1-5b44-a06f-d1f65edde0a2,79c604d5-35ae-5f7f-af26-1b183d6e672e,5,5,አሁንም ወደዚህ ስለሸጣችሁኝ አትፍሩ፤ አትቈርቈሩም፤ እግዚአብሔር ለሕይወት ከእናንተ በፊት ልኮኛልና።
d22197b6-e7ba-55d8-aa84-15b56845288a,1aa5d404-92c1-5b44-a06f-d1f65edde0a2,79c604d5-35ae-5f7f-af26-1b183d6e672e,6,6,እነሆ፥ ይህ ሁለቱ ዓመት በምድር ላይ ራብ የሆነበት ነውና፤ የማይታረስበትና የማይታጨድበት አምስት ዓመት ገና አለ።
bb9ed1cb-1251-5017-a00d-0f5f52daffdb,1aa5d404-92c1-5b44-a06f-d1f65edde0a2,79c604d5-35ae-5f7f-af26-1b183d6e672e,7,7,እግዚአብሔርም በምድር ላይ እንድትድኑና እንድትተርፉ እመግባችሁ ዘንድ ከእናንተ በፊት ላከኝ።
c4af4fdc-aaf0-5cdd-a497-d65c482715e0,1aa5d404-92c1-5b44-a06f-d1f65edde0a2,79c604d5-35ae-5f7f-af26-1b183d6e672e,8,8,አሁንም እናንተ ወደዚህ የላካችሁኝ አይደላችሁም፤ እግዚአብሔር ላከኝ እንጂ፤ ለፈርዖንም እንደ አባት አደረገኝ፤ በቤቱም ሁሉ ላይ ጌታ፥ በግብፅ ምድርም ሁሉ ላይ አለቃ አደረገኝ።
ff7e108b-7a75-5c0e-a00e-b31725b80d48,1aa5d404-92c1-5b44-a06f-d1f65edde0a2,79c604d5-35ae-5f7f-af26-1b183d6e672e,9,9,አሁንም ፈጥናችሁ ወደ አባቴ ሂዱ፤ እንዲህም በሉት፦ ልጅህ ዮሴፍ የሚለው ነገር ይህ ነው፦ እግዚአብሔር በግብፅ ምድር ሁሉ ላይ ጌታ አደረገኝ፤ ወደ እኔ ና፤ በዚያም አትዘግይ፤
e5ac1203-b5ad-565e-a87a-9ea18eb9377c,1aa5d404-92c1-5b44-a06f-d1f65edde0a2,79c604d5-35ae-5f7f-af26-1b183d6e672e,10,10,በዐረብ በኩል በጌሤም ምድርም ትቀመጣለህ፤ ወደ እኔም ትቀርባለህ። አንተና ልጆችህ የልጆችህም ልጆች፥ በጎችህና ላሞችህ፥ የአንተ የሆነው ሁሉ፥
1c1bad1b-d886-5af3-a3d6-7b6e8a0114d9,1aa5d404-92c1-5b44-a06f-d1f65edde0a2,79c604d5-35ae-5f7f-af26-1b183d6e672e,11,11,በዚያም አንተና የቤትህ ሰዎች የአንተ የሆነው ሁሉ እንዳትቸገሩ እመግብሃለሁ፤ የራቡ ዘመን ገና አምስት ዓመት ቀርቶአልና፤
75008f06-b9cc-5025-a359-5d0efab7c3d4,1aa5d404-92c1-5b44-a06f-d1f65edde0a2,79c604d5-35ae-5f7f-af26-1b183d6e672e,12,12,እነሆም፥ ለእናንተ እኔ ራሴ በአፌ እንደ ተናገርሁአችሁ እናንተ በዐይኖቻችሁ አይታችኋል፤ ወንድሜ ብንያም በዐዓይኖቹ አይቶአል።
b81577c1-0cce-5af9-a8d7-6568767de16a,1aa5d404-92c1-5b44-a06f-d1f65edde0a2,79c604d5-35ae-5f7f-af26-1b183d6e672e,13,13,ለአባቴ በግብፅ ምድር ያለኝን ክብሬን ሁሉ፥ በዐይኖቻችሁ ያያችሁትንም ሁሉ ንገሩት፤ አባቴንም ወደዚህ ፈጥናችሁ አምጡት።”
d5d32bef-c66b-5abb-aa02-6a2a3a9d33ba,1aa5d404-92c1-5b44-a06f-d1f65edde0a2,79c604d5-35ae-5f7f-af26-1b183d6e672e,14,14,የወንድሙን የብንያምንም አንገት አቅፎ አለቀሰ፤ ብንያምም በአንገቱ ላይ አለቀሰ።
2a71f451-6cbd-57fc-a516-cf002fcc953f,1aa5d404-92c1-5b44-a06f-d1f65edde0a2,79c604d5-35ae-5f7f-af26-1b183d6e672e,15,15,ወንድሞቹን ሁሉ ሳማቸው፤ በእነርሱም ላይ አለቀሰ፤ ከዚያም በኋላ ወንድሞቹ ከእርሱ ጋር ተጨዋወቱ።
b65bf560-4205-5fc6-ad98-1f95c661d752,1aa5d404-92c1-5b44-a06f-d1f65edde0a2,79c604d5-35ae-5f7f-af26-1b183d6e672e,16,16,በፈርዖንም ቤት፥ “የዮሴፍ ወንድሞች መጡ” ተብሎ ወሬ ተሰማ፤ ፈርዖንና ቤተ ሰቡም ሁሉ ደስ አላቸው።
5a0e86ea-da31-5c4a-a91f-ccdb9cf81897,1aa5d404-92c1-5b44-a06f-d1f65edde0a2,79c604d5-35ae-5f7f-af26-1b183d6e672e,17,17,ፈርዖንም ዮሴፍን አለው፥ “ለወንድሞችህ እንዲህ ብለህ ንገራቸው፦ ይህን አድርጉ፤ ዕቃችሁን ጭናችሁ ወደ ከነዓን ምድር ሂዱ፤
b5b651ae-7101-58b2-a1e4-4daf754990e2,1aa5d404-92c1-5b44-a06f-d1f65edde0a2,79c604d5-35ae-5f7f-af26-1b183d6e672e,18,18,አባታችሁንና ንብረታችሁን ሁሉ ይዛችሁ ወደ እኔ ኑ፤ እኔም የግብፅን ምድር በረከት ሁሉ እሰጣችሁአለሁ፤ የምድሪቱንም ድልብ ትበላላችሁ።
90d9925c-85d9-5dd5-a199-ee6da35432a3,1aa5d404-92c1-5b44-a06f-d1f65edde0a2,79c604d5-35ae-5f7f-af26-1b183d6e672e,19,19,አንተም ወንድሞችህን፦ እንዲህ አድርጉ በላቸው፤ ከግብፅ ምድር ለሕፃኖቻችሁ፥ ለሴቶቻችሁም ሰረገሎችን ውሰዱ፤ አባታችሁንም ይዛችሁ ኑ፤
cff98996-1171-5751-af9a-7a5b18695b43,1aa5d404-92c1-5b44-a06f-d1f65edde0a2,79c604d5-35ae-5f7f-af26-1b183d6e672e,20,20,ለዕቃችሁም ዐይናችሁ ለአየውም ሁሉ አታስቡ፤ የግብፅ በረከት ሁሉ ለእናንተ ነውና።”
363514d0-7e8f-5870-a8fe-2e7e5f273c1d,1aa5d404-92c1-5b44-a06f-d1f65edde0a2,79c604d5-35ae-5f7f-af26-1b183d6e672e,21,21,የእስራኤል ልጆችም እንደ አዘዛቸው አደረጉ፤ ዮሴፍም የግብፅ ንጉሥ ፈርዖን እንደ ነገረው ሰረገሎችንና ለመንገድ ስንቅን ሰጣቸው፤
f077ab60-798f-5b51-a944-2c1b96e9febd,1aa5d404-92c1-5b44-a06f-d1f65edde0a2,79c604d5-35ae-5f7f-af26-1b183d6e672e,22,22,ለሁሉም ሁለት ሁለት መለወጫ ልብስ ሰጣቸው፤ ለብንያም ግን ሦስት መቶ ብርና አምስት መለወጫ ልብስ ሰጠው።
66658c92-cc22-5457-a35b-dad2cba19fc3,1aa5d404-92c1-5b44-a06f-d1f65edde0a2,79c604d5-35ae-5f7f-af26-1b183d6e672e,23,23,ለአባቱም እንደዚሁ ላከ፤ ከግብፅ በረከት ሁሉ የተጫኑ ዐሥር አህዮችን፥ ደግሞም በመንገድ ለአባቱ ስንቅ የተጫኑ ዐሥር በቅሎዎችን።
5449d057-6171-528e-a94e-943d214a01f4,1aa5d404-92c1-5b44-a06f-d1f65edde0a2,79c604d5-35ae-5f7f-af26-1b183d6e672e,24,24,ዮሴፍም ወንድሞቹን አሰናበታቸው፤ እንዲህም አላቸው፥ “በመንገድ እርስ በርሳችሁ አትጣሉ።”
10057f64-9993-5d34-ad67-43362e4b11cc,1aa5d404-92c1-5b44-a06f-d1f65edde0a2,79c604d5-35ae-5f7f-af26-1b183d6e672e,25,25,እነርሱም ከግብፅ ሀገር ወጥተው ሄዱ፤ ወደ ከነዓንም ምድር ወደ አባታቸው ወደ ያዕቆብ ደረሱ።
a7d261f9-c28a-5ecf-a793-5aa6e155a98f,1aa5d404-92c1-5b44-a06f-d1f65edde0a2,79c604d5-35ae-5f7f-af26-1b183d6e672e,26,26,እንዲህም ብለው ነገሩት፥ “ልጅህ ዮሴፍ በሕይወቱ ነው፤ እርሱም በግብፅ ምድር ሁሉ ላይ ገዥ ሆኖአል።” ያዕቆብም ልቡ ደነገጠ፤ አላመናቸውምም፤
0337b2dc-a835-5b20-ad87-99397aa3d54b,1aa5d404-92c1-5b44-a06f-d1f65edde0a2,79c604d5-35ae-5f7f-af26-1b183d6e672e,27,27,እነርሱም ዮሴፍ ያላቸውን፥ የተናገራቸውንም ነገር ሁሉ ነገሩት፤ ይወስዱት ዘንድ ዮሴፍ የላካቸውን ሰረገሎች በአየ ጊዜ የአባታቸው የያዕቆብ ልቡ፥ መንፈሱም ታደሰ።
876eee47-455b-587e-add8-30ee7602b7db,1aa5d404-92c1-5b44-a06f-d1f65edde0a2,79c604d5-35ae-5f7f-af26-1b183d6e672e,28,28,እስራኤልም፥ “ልጄ ዮሴፍ ገና በሕይወት ከሆነ ይህ ለእኔ ታላቅ ነገር ነው፤ ሳልሞት እንዳየው እሄዳለሁ” አለ።
ec955b45-0f21-5b2e-a8a7-2af994254b81,95e0023a-1119-53db-a60d-0ce7309d72b6,c2012b30-98af-5326-a3cb-e2f6cb46face,1,1,እስራኤልም ለእርሱ ያለውን ሁሉ ይዞ ተነሣ፤ ወደ ዐዘቅተ መሐላም መጣ፤ መሥዋዕትንም ለአባቱ ለይስሐቅ አምላክ ሠዋ።
759decef-1192-5339-a4d4-9c0fa1389e15,95e0023a-1119-53db-a60d-0ce7309d72b6,c2012b30-98af-5326-a3cb-e2f6cb46face,2,2,እግዚአብሔርም በሌሊት ራእይ፥ “ያዕቆብ ያዕቆብ” ብሎ ለእስራኤል ተናገረው። እርሱም “ምንድን ነው?” አለ።
dd03521d-ebe7-53ac-a18b-0f2a761b4acf,95e0023a-1119-53db-a60d-0ce7309d72b6,c2012b30-98af-5326-a3cb-e2f6cb46face,3,3,አለውም፥ “የአባቶችህ አምላክ እግዚአብሔር እኔ ነኝ፤ ወደ ግብፅ መውረድን አትፍራ፤ በዚያ ትልቅ ሕዝብ አደርግሃለሁና።
fb4f06f9-e2e7-5d9c-a279-fb40333a10ba,95e0023a-1119-53db-a60d-0ce7309d72b6,c2012b30-98af-5326-a3cb-e2f6cb46face,4,4,እኔ ወደ ግብፅ አብሬህ እወርዳለሁ፤ ከዚያም ደግሞ እኔ አወጣሃለሁ፤ ልጅህ ዮሴፍም እጁን በዐይንህ ላይ ያኖራል።”
ad3c3a03-49a8-56ca-a554-8704c57213ab,95e0023a-1119-53db-a60d-0ce7309d72b6,c2012b30-98af-5326-a3cb-e2f6cb46face,5,5,ያዕቆብም ከዐዘቅተ መሐላ ተነሣ፤ የእስራኤልም ልጆች አባታቸውን፥ ገንዘባቸውን፥ ሚስቶቻቸውንም እነርሱን ያመጡባቸው ዘንድ ዮሴፍ በላካቸው ሰረገሎች ጭነው ወሰዱ።
ca4b1328-a6df-55b2-a799-fcfce8536fcd,95e0023a-1119-53db-a60d-0ce7309d72b6,c2012b30-98af-5326-a3cb-e2f6cb46face,6,6,ጓዛቸውን፥ በከነዓን ሀገርም ያገኙትን ጥሪታቸውን ሁሉ ይዘው ያዕቆብና ዘሩ ሁሉ ከእርሱ ጋር ወደ ግብፅ መጡ፤
aa450d3b-9d57-5405-a98e-a3fc22cae11b,95e0023a-1119-53db-a60d-0ce7309d72b6,c2012b30-98af-5326-a3cb-e2f6cb46face,7,7,ወንዶች ልጆቹንና የወንዶች ልጆቹን ወንዶች ልጆች፥ ሴቶች ልጆቹንና የሴቶች ልጆቹን ሴቶች ልጆች፥ ዘሩንም ሁሉ ከእርሱ ጋር ወደ ግብፅ አስገባቸው።
0130cef0-c49e-5429-a68d-54e0f9e01698,95e0023a-1119-53db-a60d-0ce7309d72b6,c2012b30-98af-5326-a3cb-e2f6cb46face,8,8,ከአባታቸው ከያዕቆብ ጋር ወደ ግብፅ የገቡት የእስራኤል ልጆች ስም ይህ ነው፤ ያዕቆብና ልጆቹ፤ የያዕቆብ በኵር ሮቤል።
62f1dfb6-b1ff-5145-a0ea-a24048b458af,95e0023a-1119-53db-a60d-0ce7309d72b6,c2012b30-98af-5326-a3cb-e2f6cb46face,9,9,የሮቤልም ልጆች፤ ሄኖኅ፥ ፍሉስ፥ አስሮን፥ ከርሜ።
463b8ec1-5ac5-5d67-a700-8366bb6147ad,95e0023a-1119-53db-a60d-0ce7309d72b6,c2012b30-98af-5326-a3cb-e2f6cb46face,10,10,የስምዖን ልጆች፤ ይሙኤል፥ ያሚን፥ አኡድ፥ ያኪን፥ ሱሐር፥ የከነዓናዊት ልጅ ሳዑል።
aa414b9a-3254-588d-a378-148e95538727,95e0023a-1119-53db-a60d-0ce7309d72b6,c2012b30-98af-5326-a3cb-e2f6cb46face,11,11,የሌዊም ልጆች፤ ጌድሶን፥ ቀዓት፥ ሜራሪ።
b8ec6e19-31e7-5ef3-af92-8e001890c71c,95e0023a-1119-53db-a60d-0ce7309d72b6,c2012b30-98af-5326-a3cb-e2f6cb46face,12,12,የይሁዳም ልጆች፤ ዔር፥ አውናን፥ ሴሎም፥ ፋሬስ፥ ዛራ፤ ዔርና አውናን በከነዓን ምድር ሞቱ። የፋሬስም ልጆች እኒህ ናቸው፤ ኤስሮም፥ ይሞሔል፤
d345faa7-5baf-519c-a731-c0ed620c53cd,95e0023a-1119-53db-a60d-0ce7309d72b6,c2012b30-98af-5326-a3cb-e2f6cb46face,13,13,የይሳኮርም ልጆች፤ ቶላዕ፥ ፎሓ፥ ያሱብ፥ ስምራ።
41c3c084-64c2-5ca1-a038-f96e8dacd9fe,95e0023a-1119-53db-a60d-0ce7309d72b6,c2012b30-98af-5326-a3cb-e2f6cb46face,14,14,የዛብሎንም ልጆች፤ ሳሬድ፥ አሎን፥ አሌል።
1aa3eeb1-a84b-5266-a8bc-4d0bfeb7989d,95e0023a-1119-53db-a60d-0ce7309d72b6,c2012b30-98af-5326-a3cb-e2f6cb46face,15,15,ልያ በመስጴጦምያ በሶርያ ለያዕቆብ የወለደቻቸው ልጆችና ሴቲቱ ልጅዋ ዲና እነዚህ ናቸው፤ ወንዶችም ሴቶችም ልጆችዋ ሁሉ ሠላሳ አራት ነፍስ ናቸው።
82e50226-1296-5b97-a40a-3b53677a18f0,95e0023a-1119-53db-a60d-0ce7309d72b6,c2012b30-98af-5326-a3cb-e2f6cb46face,16,16,የጋድም ልጆች፤ ስፎን፥ ሐጊ፥ ሱኒ፥ አዜን፥ አድ፥ አሮሐድ፥ አርሔል።
3f048e6f-9044-5262-a308-cfc2a1633f28,95e0023a-1119-53db-a60d-0ce7309d72b6,c2012b30-98af-5326-a3cb-e2f6cb46face,17,17,የአሴርም ልጆች፤ ኢያምን፥ ኢያሱ፥ኢዩል፥ በሪዓ፥ እኅታቸው ሳራ፤ የበሪዓ ልጆችም፤ ኮቦር፥ መልኪኤል።
09a3adf6-663a-54f6-a795-447e22200cb9,95e0023a-1119-53db-a60d-0ce7309d72b6,c2012b30-98af-5326-a3cb-e2f6cb46face,18,18,ላባ ለልጁ ለልያ የሰጣት የዘለፋ ልጆች እነዚህ ናቸው፤ እርስዋም እነዚህን ዐሥራ ስድስቱን ነፍስ ለያዕቆብ ወለደች።
5104cfec-f92e-50c6-a555-e22ae19c6114,95e0023a-1119-53db-a60d-0ce7309d72b6,c2012b30-98af-5326-a3cb-e2f6cb46face,19,19,የያዕቆብ ሚስት የራሔል ልጆች ዮሴፍና ብንያም ናቸው።
81a67d55-1b91-5334-a44a-58c363186b2c,95e0023a-1119-53db-a60d-0ce7309d72b6,c2012b30-98af-5326-a3cb-e2f6cb46face,20,20,ለዮሴፍም በግብፅ ምድር ልጆች ተወለዱለት፤ እነርሱም የሄልዮቱ ከተማ ካህን የጴጤፌራ ልጅ አስኔት የወለደችለት ምናሴና ኤፍሬም ናቸው። ሶርያዊት ዕቅብቱ የወለደችለት የምናሴም ልጅ ማኪር ነው። ማኪርም ገለዓድን ወለደ፤ የምናሴም ወንድም የኤፍሬም ልጆች ሱታላና ጠኀን ናቸው። የሱታላ ልጅም ኤዴን ነው።
3941ed14-e06a-5fa4-ae1a-4f6df8ed9a3b,95e0023a-1119-53db-a60d-0ce7309d72b6,c2012b30-98af-5326-a3cb-e2f6cb46face,21,21,የብንያምም ልጆች፤ ቤላ፥ ቦኮር፥ አስቤር፤ የቤላ ልጆችም፤ ጌራ፥ ኖሔማን፥ አሒ፥ ሮስ፥ ማንፌን፥ ሑፈም፤ ጌራም አራድን ወለደ።
1a525b98-9f19-53c9-adc6-0b9d7be076c7,95e0023a-1119-53db-a60d-0ce7309d72b6,c2012b30-98af-5326-a3cb-e2f6cb46face,22,22,ለያዕቆብ የተወለዱለት የራሔል ልጆችም እነዚህ ናቸው፤ ሁሉም ዐሥራ አራት ነፍስ ናቸው።
3dab2e0d-041d-5ddd-a4ba-075acf7142fc,95e0023a-1119-53db-a60d-0ce7309d72b6,c2012b30-98af-5326-a3cb-e2f6cb46face,23,23,የዳንም ልጅ አሳ ነው።
51e166ca-9ebd-5a7b-af57-76b5ecf616e3,95e0023a-1119-53db-a60d-0ce7309d72b6,c2012b30-98af-5326-a3cb-e2f6cb46face,24,24,የንፍታሌምም ልጆች፤ አሴሔል፥ ጎሂን፥ ዮሴር ሴሌም።
cdb70909-3feb-5475-ae75-f9cacd305a6c,95e0023a-1119-53db-a60d-0ce7309d72b6,c2012b30-98af-5326-a3cb-e2f6cb46face,25,25,ላባ ለልጁ ለራሔል የሰጣት የባላ ልጆች እነዚህ ናቸው፤ እነዚህንም ለያዕቆብ ወለደችለት፤ ባላ የወለደቻቸው ሁሉም ሰባት ነፍስ ናቸው።
6066b6f6-3027-5e5b-aea5-d50ded128bbe,95e0023a-1119-53db-a60d-0ce7309d72b6,c2012b30-98af-5326-a3cb-e2f6cb46face,26,26,ከያዕቆብ ጋር ወደ ግብፅ የገቡት ሰዎች ሁሉ ከጕልበቱ የወጡት፥ ከልጆቹ ሚስቶች ሌላ፥ ሁላቸው ስድሳ ሰባት ናቸው።
68c9e7f7-6582-5a9a-aab0-8a3f8db2dabb,95e0023a-1119-53db-a60d-0ce7309d72b6,c2012b30-98af-5326-a3cb-e2f6cb46face,27,27,በግብፅ ምድር የተወለዱለት የዮሴፍም ልጆች ሁለት ናቸው፤ ወደ ግብፅ የገቡት የያዕቆብ ቤተ ሰዎች ሁሉ ሰባ ናቸው።
222fd0cf-b522-5c40-adfe-54934354d233,95e0023a-1119-53db-a60d-0ce7309d72b6,0e8c8d54-134f-55c4-a2f0-55f75f94d1d1,1,28,ይሁዳንም ኤሮስ በምትባል በራምሴ ከተማ እንዲቀበለው በፊቱ ወደ ዮሴፍ ላከው፤
ee92d094-bc3f-5d56-adb2-2db915b39db3,95e0023a-1119-53db-a60d-0ce7309d72b6,0e8c8d54-134f-55c4-a2f0-55f75f94d1d1,2,29,ዮሴፍም ሰረገላውን አዘጋጀ፤ አባቱንም እስራኤልን ሊገናኘው ወደ ኤሮስ ከተማ ወጣ፤ በአየውም ጊዜ አንገቱን አቀፈው፤ ረዥም ጊዜም አለቀሰ።
9b7f3461-04da-53da-a47e-faf96b8f2cfd,95e0023a-1119-53db-a60d-0ce7309d72b6,0e8c8d54-134f-55c4-a2f0-55f75f94d1d1,3,30,እስራኤልም ዮሴፍን፥ “አንተ ገና በሕይወት ሳለህ ፊትህን አይችአለሁና አሁን ልሙት” አለው።
9662dfc7-6f4c-51b3-a5fa-b777f8976556,95e0023a-1119-53db-a60d-0ce7309d72b6,0e8c8d54-134f-55c4-a2f0-55f75f94d1d1,4,31,ዮሴፍም ወንድሞቹን እንዲህ አላቸው፥ “እኔ ሄጄ ለፈርዖን እንዲህ ብዬ እነግረዋለሁ፦ በከነዓን ምድር የነበሩት ወንድሞችና የአባቴ ቤተ ሰዎች ወደ እኔ መጥተዋል፤
2c91daa9-38f5-5eff-a916-b85a21db34d6,95e0023a-1119-53db-a60d-0ce7309d72b6,0e8c8d54-134f-55c4-a2f0-55f75f94d1d1,5,32,እነርሱም ከብት ጠባቂዎች፥ መንጋ አርቢዎች ናቸው፤ በጎቻቸውንና ላሞቻቸውን፥ ያላቸውንም ሁሉ አመጡ።
76e52933-b749-5b72-ab7c-10384d17586d,95e0023a-1119-53db-a60d-0ce7309d72b6,0e8c8d54-134f-55c4-a2f0-55f75f94d1d1,6,33,ፈርዖንም ቢጠራችሁ ተግባራችሁስ ምንድን ነው? ቢላችሁ፥
1ad6e8e1-864d-5159-ad06-e1d92b0a17bd,95e0023a-1119-53db-a60d-0ce7309d72b6,0e8c8d54-134f-55c4-a2f0-55f75f94d1d1,7,34,በግ ጠባቂ ሁሉ ለግብፅ ሰዎች ርኩስ ነውና በዐረብ በኩል በጌሤም እንድትቀመጡ እኛ አገልጋዮችህ ከብላቴንነታችን ጀምረን እስከ አሁን ድረስ እኛም አባቶቻችንም እንስሳ አርቢዎች ነን” በሉት።
338312a5-e804-5491-a416-f8072854c29a,aea1c7d5-ed2e-50b6-ab79-ba4140420682,69da92be-dbd6-5eab-aca4-1d3671bbe703,1,1,ዮሴፍም ገባ፤ ለፈርዖንም እንዲህ ብሎ ነገረው፥ “አባቴና ወንድሞች በጎቻቸውም፥ ላሞቻቸውም፥ ያላቸውም ሁሉ ከከነዓን ምድር መጡ፤ እነርሱም እነሆ፥ ወደ ጌሤም ምድር ደረሱ።”
a6ceaf60-28d3-5468-aefb-b3fb455ce42e,aea1c7d5-ed2e-50b6-ab79-ba4140420682,69da92be-dbd6-5eab-aca4-1d3671bbe703,2,2,ከወንድሞቹም አምስት ሰዎችን ወስዶ በፈርዖን ፊት አቆማቸው።
088ea9f7-1a6e-5d18-a7d3-43212456190c,aea1c7d5-ed2e-50b6-ab79-ba4140420682,69da92be-dbd6-5eab-aca4-1d3671bbe703,3,3,ፈርዖንም የዮሴፍን ወንድሞች፥ “ሥራችሁ ምንድን ነው?” አላቸው። እነርሱም ፈርዖንን፥ “እኛ አገልጋዮችህ፥ አባታችንም ከብት ጠባቂዎች ነን” አሉት።
15cdc5ce-e61e-5aaa-af67-85f0072b7732,aea1c7d5-ed2e-50b6-ab79-ba4140420682,69da92be-dbd6-5eab-aca4-1d3671bbe703,4,4,ፈርዖንንም እንዲህ አሉት፥ “በምድር ልንቀመጥ በእንግድነት መጣን፤ የአገልጋዮችህ በጎች የሚሰማሩበት ስፍራ የለምና፤ ራብም በከነዓን ምድር እጅግ ጸንቶአልና፤ አሁንም አገልጋዮችህ በጌሤም ምድር እንቀመጥ።”
8a3f89b1-de70-5289-a2b4-d40f64cbfab8,aea1c7d5-ed2e-50b6-ab79-ba4140420682,69da92be-dbd6-5eab-aca4-1d3671bbe703,5,5,ፈርዖንም ዮሴፍን እንዲህ ብሎ ተናገረው፥ “አባትህና ወንድሞችህ መጥተውልሃል፤ እነሆ፥ የግብፅ ምድር በፊትህ ናት፤
df737ee8-6033-519c-a32b-dd43db019ad1,aea1c7d5-ed2e-50b6-ab79-ba4140420682,69da92be-dbd6-5eab-aca4-1d3671bbe703,6,6,በመልካሙ ምድር አባትህንና ወንድሞችህን አኑራቸው፤ ከእነርሱም ውስጥ ዕውቀት ያላቸውን ሰዎች ታውቅ እንደሆነ በእንስሶች ጠባቂዎች ላይ አለቆች አድርጋቸው።”
c43d9560-8efb-575b-aa79-b160e2eccfb1,aea1c7d5-ed2e-50b6-ab79-ba4140420682,69da92be-dbd6-5eab-aca4-1d3671bbe703,7,7,ዮሴፍም ያዕቆብን አባቱን አስገብቶ በፈርዖን ፊት አቆመው፤ ያዕቆብም ፈርዖንን ባረከው።
c402ed48-8d47-5156-ab94-a701e165e77b,aea1c7d5-ed2e-50b6-ab79-ba4140420682,69da92be-dbd6-5eab-aca4-1d3671bbe703,8,8,ፈርዖንም ያዕቆብን፥ “የኖርኸው ዘመን ስንት ነው?” አለው።
e6569f9a-1640-599a-a2f2-6079a737ef5f,aea1c7d5-ed2e-50b6-ab79-ba4140420682,69da92be-dbd6-5eab-aca4-1d3671bbe703,9,9,ያዕቆብም ለፈርዖን አለው፥ “በእንግድነት የኖርሁት የሕይወቴ ዘመንስ መቶ ሠላሳ ዓመት ነው፤ የሕይወቴም ዘመኖች ጥቂትም ክፉም ሆኑብኝ፤ አባቶች በእንግድነት የተቀመጡበትንም ዘመን አያህሉም።”
c20ef1e6-253a-5929-a4cf-3c568ae2cbf7,aea1c7d5-ed2e-50b6-ab79-ba4140420682,69da92be-dbd6-5eab-aca4-1d3671bbe703,10,10,ያዕቆብም ፈርዖንን ባረከው፤ ከፈርዖንም ፊት ወጣ።
c70e7a76-7cec-5ab0-aaf5-4baee732a7db,aea1c7d5-ed2e-50b6-ab79-ba4140420682,69da92be-dbd6-5eab-aca4-1d3671bbe703,11,11,ዮሴፍም አባቱንና ወንድሞቹን አኖረ፤ ፈርዖን እንዳዘዘላቸውም በግብፅ ምድር በተሻለችው በራምሴ ምድር ርስትን ሰጣቸው።
18060732-5579-5238-ae34-8e3b083dba1b,aea1c7d5-ed2e-50b6-ab79-ba4140420682,69da92be-dbd6-5eab-aca4-1d3671bbe703,12,12,ዮሴፍም ለአባቱና ለወንድሞቹ፥ ለአባቱም ቤተ ሰዎች ሁሉ ለእያንዳንዱ ሰው እየሰፈረ እህልን ለምግብ ይሰጣቸው ነበር።
615f5b07-f79c-58f2-ad0f-1ab8f7ffa13b,aea1c7d5-ed2e-50b6-ab79-ba4140420682,6bdce766-4e35-57de-a606-e599149be8fa,1,13,በምድርም ሁሉ እህል አልነበረም፤ ራብ እጅግ ጸንቶአልና፤ ከራብም የተነሣ የግብፅ ምድርና የከነዓን ምድር ተጐዳ።
2289dc70-ff61-5199-a956-1075bd2efab7,aea1c7d5-ed2e-50b6-ab79-ba4140420682,6bdce766-4e35-57de-a606-e599149be8fa,2,14,ዮሴፍም ከግብፅ ምድርና ከከነዓን ምድር በእህል ሸመታ የተገኘውን ብሩን ሁሉ አከማቸ፤ ዮሴፍም ብሩን ወደ ፈርዖን ቤት አስገባው።
32a9252a-fb72-5978-aa56-1cbd44ae45e8,aea1c7d5-ed2e-50b6-ab79-ba4140420682,6bdce766-4e35-57de-a606-e599149be8fa,3,15,ብሩም በግብፅ ምድርና በከነዓን ምድር አለቀ፤ የግብፅ ሰዎችም ሁሉ ወደ ዮሴፍ መጡ፤ እንዲህ ሲሉ፥ “በፊትህ እንዳንሞት እህል ስጠን፤ ብሩ አልቆብናልና።”
fdc81b23-083d-520a-a2fa-9388983082fd,aea1c7d5-ed2e-50b6-ab79-ba4140420682,6bdce766-4e35-57de-a606-e599149be8fa,4,16,ዮሴፍም፥ “ከብቶቻችሁን አምጡልኝ፤ ብር ከአለቀባችሁ በከብቶቻችሁ ፈንታ እህል እሰጣችኋለሁ” አለ።
fd12555e-2a21-5fef-afda-2528e53f7eaf,aea1c7d5-ed2e-50b6-ab79-ba4140420682,6bdce766-4e35-57de-a606-e599149be8fa,5,17,ከብቶቻቸውንም ወደ ዮሴፍ አመጡ፤ ዮሴፍም በፈረሶቻቸው፥ በበጎቻቸውም፥ በላሞቻቸውም፥ በአህዮቻቸውም ፈንታ እህልን ሰጣቸው፤ በዚያች ዓመትም ስለ ከብቶቻቸው ሁሉ ፈንታ እህልን መገባቸው።
b9465bc9-1170-5cb3-ab97-b13e41adaef6,aea1c7d5-ed2e-50b6-ab79-ba4140420682,6bdce766-4e35-57de-a606-e599149be8fa,6,18,ያችም ዓመት ተፈጸመች፤ በሁለተኛዋም ዓመት ወደ እርሱ መጥተው እንዲህ አሉት፥ “እኛ ለጌታችን ሞተን እንዳናልቅበት እህል ስጠን፤ ብሩ በፍጹም አለቀ፤ ንብረታችንና ከብታችንም በጌታችን ዘንድ ነው፤ ከሰውነታችንና ከምድራችን በቀር በጌታችን ፊት አንዳች የቀረን የለም፤
5367b251-ff2f-5018-af05-dae1a206b73e,aea1c7d5-ed2e-50b6-ab79-ba4140420682,6bdce766-4e35-57de-a606-e599149be8fa,7,19,እንግዲህ እኛ በፊትህ እንዳንሞት፥ ምድራችንም እንዳትጠፋ፥ እኛንም፥ ምድራችንንም በእህል ግዛን፤ እኛም ለፈርዖን አገልጋዮች እንሁን፤ ምድራችንም ለእርሱ ትሁን፤ እኛ እንድንድን፥ እንዳንሞትም፥ ምድራችንም እንዳትጠፋ እንዘራ ዘንድ ዘር ስጠን።”
0f3f4711-3c52-5a02-a117-03b297d170e1,aea1c7d5-ed2e-50b6-ab79-ba4140420682,6bdce766-4e35-57de-a606-e599149be8fa,8,20,ዮሴፍም የግብፅን ምድር ሁሉ ለፈርዖን ገዛ፤ የግብፅ ሰዎች ሁሉ ራብ ስለጸናባቸው ርስታቸውን ሸጠዋልና፤ ምድሪቱ ለፈርዖን ሆነች።
96951aa6-2cb5-5d86-a83b-14d2325c3099,aea1c7d5-ed2e-50b6-ab79-ba4140420682,6bdce766-4e35-57de-a606-e599149be8fa,9,21,ሕዝቡንም ሁሉ ከግብፅ ዳርቻ አንሥቶ እስከ ሌላው ዳርቻዋ ድረስ አገልጋዮች አደረጋቸው።
48ee0a76-110d-5c49-a29a-79296bade4d4,aea1c7d5-ed2e-50b6-ab79-ba4140420682,6bdce766-4e35-57de-a606-e599149be8fa,10,22,ዮሴፍ የካህናትን ምድር ብቻ አልገዛም፤ ፈርዖን ለካህናቱ ድርጎ ይሰጣቸው ነበርና፥ ፈርዖንም የሰጣቸውን ድርጎ ይበሉ ነበር፤ ስለዚህም ምድራቸውን አልሸጡም።
3c83ab04-6f5c-54a9-a76c-40c369d48443,aea1c7d5-ed2e-50b6-ab79-ba4140420682,6bdce766-4e35-57de-a606-e599149be8fa,11,23,ዮሴፍም የግብፅን ሰዎች ሁሉ እንዲህ አላቸው፥ “እነሆ ዛሬ እናንተንና ምድራችሁን ለፈርዖን ገዝቻችኋለሁ፤ ለእናንተ ዘር ውሰዱና ምድሪቱን ዝሩ፤
41b1fb90-7d3c-5bb6-a001-755830914d3c,aea1c7d5-ed2e-50b6-ab79-ba4140420682,6bdce766-4e35-57de-a606-e599149be8fa,12,24,በመከርም ጊዜ ፍሬውን ከአምስት እጅ አንዱን እጅ ለፈርዖን ስጡ፤ አራቱም እጅ ለእናንተ ለራሳችሁ፥ ለእርሻው ዘርና ለእናንተ ምግብ፥ ለቤተ ሰባችሁም ሁሉ ሲሳይ ይሁን።”
1fd50e91-13ad-5b66-a3e6-28694b6e1c11,aea1c7d5-ed2e-50b6-ab79-ba4140420682,6bdce766-4e35-57de-a606-e599149be8fa,13,25,እነርሱም፥ “አንተ አዳንኸን፤ በጌታችንም ፊት ሞገስን አገኘን፤ ለፈርዖንም አገልጋዮች እንሆናለን” አሉት።
453d9178-b986-5693-ae59-a86a2472e64e,aea1c7d5-ed2e-50b6-ab79-ba4140420682,6bdce766-4e35-57de-a606-e599149be8fa,14,26,ዮሴፍም ለፈርዖን ካልሆነችው ከካህናቱ ምድር በቀር አምስተኛው እጅ ለፈርዖን እንዲሆን በግብፅ ምድር እስከ ዛሬ ሕግ አደረጋት።
e0a38a8a-6d24-564c-ac03-cddbb6892351,aea1c7d5-ed2e-50b6-ab79-ba4140420682,dc7e928c-265d-56bb-ab34-14b8a1313bfd,1,27,እስራኤልም በግብፅ ምድር በጌሤም ሀገር ተቀመጠ፤ እርስዋም ርስታቸው ሆነች፤ በዙ፤ እጅግም ተባዙ።
cfc9bea6-bc86-58bb-aaa5-5fdbb4071091,aea1c7d5-ed2e-50b6-ab79-ba4140420682,dc7e928c-265d-56bb-ab34-14b8a1313bfd,2,28,ያዕቆብም በግብፅ ምድር ዐሥራ ሰባት ዓመት ተቀመጠ፤ የያዕቆብም መላው የሕይወቱ ዘመን መቶ አርባ ሰባት ዓመት ሆነ።
5eed9f63-fa54-5979-add9-ef0f64daeaae,aea1c7d5-ed2e-50b6-ab79-ba4140420682,dc7e928c-265d-56bb-ab34-14b8a1313bfd,3,29,የእስራኤልም የሞቱ ቀን ቀረበ፤ ልጁን ዮሴፍንም ጠርቶ እንዲህ አለው፥ “በፊትህ ሞገስን አግኝቼ እንደ ሆንሁ እጅህን በጕልበቴ ላይ አድርግ፤ በግብፅ ምድርም እንዳትቀብረኝ ምሕረትንና እውነትን አድርግልኝ፤
47cd8bc2-53fd-5f17-a29d-377bb06cf769,aea1c7d5-ed2e-50b6-ab79-ba4140420682,dc7e928c-265d-56bb-ab34-14b8a1313bfd,4,30,ከአባቶችም ጋር በአንቀላፋሁ ጊዜ ከግብፅ ምድር አውጥተህ ትወስደኛለህ፤ በአባቶችም መቃብር ትቀብረኛለህ።” እርሱም፥ “እንደ ቃልህ አደርጋለሁ” አለ። እርሱም፥ “ማልልኝ” አለው።
efc20deb-01f1-5ac8-a809-fe282c3f9f41,aea1c7d5-ed2e-50b6-ab79-ba4140420682,dc7e928c-265d-56bb-ab34-14b8a1313bfd,5,31,ዮሴፍም ማለለት፤ እስራኤልም በአልጋው ራስ ላይ ሰገደ።
ac0f6fc2-2a33-54e5-a871-18024cc5e73d,4fe5a6c7-b59d-5245-ad06-3de656c1c4c7,796d1714-9834-5bcb-afeb-edf504f9c8c2,1,1,ከዚህም ነገር በኋላ እንዲህ ሆነ፤ “እነሆ፥ አባታችን ደከመ” ብለው ለዮሴፍ ነገሩት፤ እርሱም ሁለቱን ልጆቹን ምናሴንና ኤፍሬምን ይዞ ሄደ።
0614ff4f-b325-5d3a-a8cf-82ab8ee3c214,4fe5a6c7-b59d-5245-ad06-3de656c1c4c7,796d1714-9834-5bcb-afeb-edf504f9c8c2,2,2,ለያዕቆብም፥ “እነሆ፥ ልጅህ ዮሴፍ መጥቶልሃል” ብለው ነገሩት፤ እስራኤልም ተጠነካከረ፤ በአልጋውም ላይ ተቀመጠ።
39c444c6-ee2a-5423-a7c6-0c92098d0884,4fe5a6c7-b59d-5245-ad06-3de656c1c4c7,796d1714-9834-5bcb-afeb-edf504f9c8c2,3,3,ያዕቆብ ዮሴፍን አለው፥ “አምላኬ በከነዓን ምድር በሎዛ ተገለጠልኝ፤ ባረከኝም።
bc380a53-da81-580d-a81c-88755f6d8986,4fe5a6c7-b59d-5245-ad06-3de656c1c4c7,796d1714-9834-5bcb-afeb-edf504f9c8c2,4,4,እንዲህም አለኝ፦ እነሆ፥ አበዛሃለሁ፤ አባዛሃለሁም፤ ለብዙም ሕዝብ ጉባኤ አደርግሃለሁ፤ ይህችንም ምድር ለአንተ፥ ከአንተም በኋላ ለዘለዓለም ርስት ለዘርህ እሰጣታለሁ።
ca66790a-fa8c-5796-a7ae-8425a8942e28,4fe5a6c7-b59d-5245-ad06-3de656c1c4c7,796d1714-9834-5bcb-afeb-edf504f9c8c2,5,5,አሁንም እኔ ወደ አንተ ከመምጣቴ በፊት በግብፅ ምድር የተወለዱልህ ሁለቱ ልጆችህ ለእኔ ይሁኑ፤ ኤፍሬምና ምናሴ ለእኔ እንደ ሮቤልና እንደ ስምዖን ናቸው።
02465d7f-f78d-5ed1-acba-0351bbb321ff,4fe5a6c7-b59d-5245-ad06-3de656c1c4c7,796d1714-9834-5bcb-afeb-edf504f9c8c2,6,6,ከእነርሱም በኋላ የምትወልዳቸው ልጆች ለአንተ ይሁኑ፤ በርስታቸው በወንድሞቻቸው ስም ይጠሩ።
ec94dac0-b254-5188-aaea-af51955f77af,4fe5a6c7-b59d-5245-ad06-3de656c1c4c7,796d1714-9834-5bcb-afeb-edf504f9c8c2,7,7,እኔም ከሶርያ መስጴጦምያ በመጣሁ ጊዜ፥ ወደ ኤፍራታ ለመግባት ጥቂት ቀርቶኝ በፈረስ መጋለቢያው መንገድ ሳለሁ፥ ራሔል በከነዓን ምድር ሞተችብኝ፤ በዚያም በኤፍራታ ወደ ፈረስ መጋለቢያ በሚወስደው መንገድ ላይ ቀበርኋት፤ እርስዋም ቤተ ልሔም ናት።”
33d3856b-a266-5d7d-ae6b-5551081a1b17,4fe5a6c7-b59d-5245-ad06-3de656c1c4c7,796d1714-9834-5bcb-afeb-edf504f9c8c2,8,8,እስራኤልም የዮሴፍን ልጆች ለይቶ፥ “እነዚህ ምኖችህ ናቸው?” አለው።
e4a40a17-ce2b-5806-a29f-76659d443525,4fe5a6c7-b59d-5245-ad06-3de656c1c4c7,796d1714-9834-5bcb-afeb-edf504f9c8c2,9,9,ዮሴፍም ለአባቱ ፥ “እግዚአብሔር በዚህ የሰጠኝ ልጆች ናቸው” አለው። ያዕቆብም፥ “እባርካቸው ዘንድ ወደ እኔ አቅርብልኝ” አለው።
544f112f-0d19-54b9-adf7-2917ff18de41,4fe5a6c7-b59d-5245-ad06-3de656c1c4c7,796d1714-9834-5bcb-afeb-edf504f9c8c2,10,10,የእስራኤልም ዐይኖች ከሽምግልና የተነሣ ከብደው ነበር፤ ማየትም አይችልም ነበር፤ ወደ እርሱም አቀረባቸው፤ ሳማቸውም፤ አቀፋቸውም።
41a8e889-ff30-5f5e-ac46-fc387ae7b20b,4fe5a6c7-b59d-5245-ad06-3de656c1c4c7,796d1714-9834-5bcb-afeb-edf504f9c8c2,11,11,እስራኤልም ዮሴፍን፥ “ከፊትህ አልተለየሁም፤ እነሆም፥ እግዚአብሔር ዘርህን ደግሞ አሳየኝ” አለው።
61a16f72-fdee-5416-a942-0e037d097e35,4fe5a6c7-b59d-5245-ad06-3de656c1c4c7,796d1714-9834-5bcb-afeb-edf504f9c8c2,12,12,ዮሴፍም ከጕልበቱ ፈቀቅ አደረጋቸው፤ ወደ ምድርም በግንባሩ ሰገደ።
f2abac31-dcbb-5fdb-aba1-ddbd73421e54,4fe5a6c7-b59d-5245-ad06-3de656c1c4c7,796d1714-9834-5bcb-afeb-edf504f9c8c2,13,13,ዮሴፍም ሁለቱን ልጆቹን ወሰደ፤ ኤፍሬምንም በቀኙ በእስራኤል ግራ፥ ምናሴንም በግራው በእስራኤል ቀኝ አቆማቸው፤ ወደ አባቱም አቀረባቸው።
3174357b-aebc-5029-a134-aae3f3e332ef,4fe5a6c7-b59d-5245-ad06-3de656c1c4c7,796d1714-9834-5bcb-afeb-edf504f9c8c2,14,14,እስራኤልም ቀኝ እጁን ዘርግቶ በኤፍሬም ራስ ላይ አኖረው፤ እርሱም ታናሽ ነበረ፤ ግራውንም በምናሴ ራስ ላይ አኖረ፤ እጆቹንም አስተላለፈ።
879eee33-ca7a-5dfd-a2cd-f04a8cf7f863,4fe5a6c7-b59d-5245-ad06-3de656c1c4c7,796d1714-9834-5bcb-afeb-edf504f9c8c2,15,15,ያዕቆብም ባረካቸው፤ እንዲህም አለ፥ “አባቶች አብርሃምና ይስሐቅ በፊቱ ደስ ያሰኙት እርሱ እግዚአብሔር፥ ከታናሽነቴ ጀምሮ እስከ ዛሬ ድረስ እኔን የመገበኝ እግዚአብሔር፥
243b97a4-d383-52cc-a8e6-22ca811c3c57,4fe5a6c7-b59d-5245-ad06-3de656c1c4c7,796d1714-9834-5bcb-afeb-edf504f9c8c2,16,16,ከከፉ ነገር ሁሉ የአዳነኝ መልአክ እርሱ እነዚህን ብላቴኖች ይባርክ፤ ስሜም፥ የአባቶች የአብርሃምና የይስሐቅም ስም በእነርሱ ይጠራ፤ በምድር ላይ ይብዙ፤ የብዙ ብዙም ይሁኑ፤”
39e78d1a-0f56-5a00-a802-3d87c809582d,4fe5a6c7-b59d-5245-ad06-3de656c1c4c7,796d1714-9834-5bcb-afeb-edf504f9c8c2,17,17,ዮሴፍም አባቱ ቀኝ እጁን በኤፍሬም ራስ ላይ ጭኖ በአየ ጊዜ ከባድ ነገር ሆነበት፤ ዮሴፍም የአባቱን እጅ በምናሴ ራስ ላይ ይጭነው ዘንድ ከኤፍሬም ራስ ላይ አነሣው።
3f95ab0e-ffd5-575c-acee-d91bbfa0911b,4fe5a6c7-b59d-5245-ad06-3de656c1c4c7,796d1714-9834-5bcb-afeb-edf504f9c8c2,18,18,ዮሴፍም አባቱን፥ “አባቴ ሆይ፥ እንዲህ አይደለም፤ በኵሩ ይህ ነውና ቀኝህን በራሱ ላይ አድርግ” አለው።
be771a07-02e5-5cd6-a242-71146b3c0658,4fe5a6c7-b59d-5245-ad06-3de656c1c4c7,796d1714-9834-5bcb-afeb-edf504f9c8c2,19,19,አባቱም እንቢ አለ፤ እንዲህ ሲል፥ “አውቃለሁ ልጄ ሆይ፥ አውቃለሁ፤ ይህም ደግሞ ሕዝብ ይሆናል፤ ታላቅም ይሆናል፤ ነገር ግን ታናሽ ወንድሙ ከእርሱ ይበልጣል፤ ዘሩም ብዙ ሕዝብ ይሆናል።”
22c0a11a-0789-504d-ab9a-f3961d05d7ce,4fe5a6c7-b59d-5245-ad06-3de656c1c4c7,796d1714-9834-5bcb-afeb-edf504f9c8c2,20,20,በዚያም ቀን እንዲህ ብሎ ባረካቸው፥ “በእናንተ እስራኤል እንዲህ ተብሎ ይባረካል፦ እግዚአብሔር እንደ ኤፍሬምና እንደ ምናሴ ይባርክህ።” ኤፍሬምንም ከምናሴ ፊት አደረገው።
7f6272e2-3cf6-5e8c-ab9a-bc0132fab869,4fe5a6c7-b59d-5245-ad06-3de656c1c4c7,796d1714-9834-5bcb-afeb-edf504f9c8c2,21,21,እስራኤልም ዮሴፍን፥ “እነሆ፥ እኔ እሞታለሁ፤ እግዚአብሔርም ከእናንተ ጋር ይሆናል፤ ወደ አባቶቻችሁም ምድር ይመልሳችኋል፤
f89ee0d1-a15e-5b3f-ae6b-74fd51f78d8a,4fe5a6c7-b59d-5245-ad06-3de656c1c4c7,796d1714-9834-5bcb-afeb-edf504f9c8c2,22,22,እኔም ከአሞራውያን እጅ በሰይፌና በቀስቴ የወሰድሁትን ምርኮ ለአንተ ከወንድሞችህ የተሻለውን እሰጥሃለሁ” አለው።
ed4239ec-9cc5-5dc1-a1ad-1c60e59f683b,211aae01-c0e6-5a1e-a745-f08fbc68d92d,82ee8394-4e3a-5afd-aa59-7daed9e63f51,1,1,ያዕቆብም ልጆቹን ጠርቶ እንዲህ አላቸው፥ “በኋለኛው ዘመን የሚያገኛችሁን እንድነግራችሁ ተሰብሰቡ።
b2828d32-d327-56e0-a309-585acdef80e6,211aae01-c0e6-5a1e-a745-f08fbc68d92d,82ee8394-4e3a-5afd-aa59-7daed9e63f51,2,2,እናንት የያዕቆብ ልጆች ኑ፥ ተሰብሰቡ፤ ስሙም፤ አባታችሁ እስራኤልንም አድምጡ።
9ad63db4-000a-5248-a387-19e5d221d2db,211aae01-c0e6-5a1e-a745-f08fbc68d92d,82ee8394-4e3a-5afd-aa59-7daed9e63f51,3,3,“ሮቤል እርሱ የበኵር ልጄና ኀይሌ፥ የልጆችም መጀመሪያ ነው፤ ክፉ ሆነ፤ አንገቱንም አደነደነ። ጭንቅ ነገርንም አደረገ።
2356d0c0-1b74-505c-a372-57345122f7c2,211aae01-c0e6-5a1e-a745-f08fbc68d92d,82ee8394-4e3a-5afd-aa59-7daed9e63f51,4,4,እንደ ውኃ የሚዋልል ነው፤ ኀይል የለውም፤ ወደ አባቱ መኝታ ወጥቶአልና፤ ያን ጊዜ የወጣበትን አልጋ አርክሶአልና።
7e466eb2-b6ee-5e40-a6ee-420503365d98,211aae01-c0e6-5a1e-a745-f08fbc68d92d,82ee8394-4e3a-5afd-aa59-7daed9e63f51,5,5,“ስምዖንና ሌዊ ወንድማማቾች ናቸው፤ በጭቅጭቃቸውና በጦራቸው ዐመፅን ፈጸሙአት።
f636382b-3fd9-5330-ae97-a442aa017e1e,211aae01-c0e6-5a1e-a745-f08fbc68d92d,82ee8394-4e3a-5afd-aa59-7daed9e63f51,6,6,በምክራቸው ሰውነቴ አትገናኛቸው፤ ዐሳቤም በአመፃቸው አትተባበርም፤ በቍጣቸው ሰውን ገድለዋልና፤ በገዛ ፈቃዳቸውም የሀገርን ሥር ቈርጠዋልና።
5a737e05-2ee1-5ba9-acbf-48e634678901,211aae01-c0e6-5a1e-a745-f08fbc68d92d,82ee8394-4e3a-5afd-aa59-7daed9e63f51,7,7,ቍጣቸው ርጉም ይሁን፤ ጽኑ ነበርና፤ ኵርፍታቸውም ብርቱ ነበርና፤ በያዕቆብ እከፋፍላቸዋለሁ፤ በእስራኤልም እበታትናቸዋለሁ።
888652df-64b0-556f-aeca-b19454a64b86,211aae01-c0e6-5a1e-a745-f08fbc68d92d,82ee8394-4e3a-5afd-aa59-7daed9e63f51,8,8,“ይሁዳ፥ ወንድሞችህ አንተን ያመሰግኑሃል፤ እጅህ በጠላቶችህ ደንደስ ላይ ነው፤ የአባትህ ልጆች በፊትህ ይሰግዳሉ።
33008ca9-2ec5-5561-a593-4a5ea394bba4,211aae01-c0e6-5a1e-a745-f08fbc68d92d,82ee8394-4e3a-5afd-aa59-7daed9e63f51,9,9,ይሁዳ የአንበሳ ደቦል ነው፤ ልጄ ሆይ፥ ከመሰማሪያህ ወጣህ፤ እንደ አንበሳ ተኛህ፤ አንቀላፋህም፤ እንደ አንበሳም ደቦል የሚቀሰቅስህ የለም።
62b253a4-5e8f-5592-a52b-bc0813eb9734,211aae01-c0e6-5a1e-a745-f08fbc68d92d,82ee8394-4e3a-5afd-aa59-7daed9e63f51,10,10,መንግሥት ከይሁዳ አይጠፋም፤ ምስፍናም ከአብራኩ፥ ለእርሱ የሚጠብቀውን እስኪያገኝ ድረስ፤ የአሕዛብ ተስፋቸው እርሱ ነውና፤
55c13bad-28c2-5508-a6b2-4e55ca6bab5b,211aae01-c0e6-5a1e-a745-f08fbc68d92d,82ee8394-4e3a-5afd-aa59-7daed9e63f51,11,11,አህያይቱን በወይን ግንድ ያስራል፤ የአህያይቱንም ግልገል በወይን ሐረግ፤ ልብሱን በወይን ያጥባል፤ መጐናጸፊያውንም በዘለላው ደም።
d0b71983-60ec-5af2-ad93-5b077f4e8015,211aae01-c0e6-5a1e-a745-f08fbc68d92d,82ee8394-4e3a-5afd-aa59-7daed9e63f51,12,12,ዐይኖቹ ከወይን ይልቅ ደስ ያሰኛሉ፤ ጥርሱም ከወተት ይልቅ ነጭ ነው።
f4f5417b-77d1-5697-a90b-d5a592c9b821,211aae01-c0e6-5a1e-a745-f08fbc68d92d,82ee8394-4e3a-5afd-aa59-7daed9e63f51,13,13,“ዛብሎን ጫማውን አዝቦ ይኖራል፤ እርሱም እንደ መርከቦች ወደብ ይሆናል፤ ዳርቻውም እስከ ሲዶና ይሰፋል።
12ebc42d-f080-5ee3-ae46-65d37b6b2dff,211aae01-c0e6-5a1e-a745-f08fbc68d92d,82ee8394-4e3a-5afd-aa59-7daed9e63f51,14,14,“ይሳኮር መልካም ነገርን ወደደ፤ በተወራራሾቹም መካከል ያርፋል።
f83396a1-061c-5599-a7ad-e5aa95f95c35,211aae01-c0e6-5a1e-a745-f08fbc68d92d,82ee8394-4e3a-5afd-aa59-7daed9e63f51,15,15,ዕረፍትም መልካም መሆንዋን፥ ምድሪቱም የለማች መሆንዋን በአየ ጊዜ ምድርን ያርሳት ዘንድ ትከሻውን ዝቅ አደረገ፤ በሥራም ገበሬ ሆነ።
49036d08-e8d6-52a7-a0e4-fa3f1a79b0c7,211aae01-c0e6-5a1e-a745-f08fbc68d92d,82ee8394-4e3a-5afd-aa59-7daed9e63f51,16,16,“ዳን ከእስራኤል ነገድ እንደ አንዱ በወገኑ ይፈርዳል፤
7740d3ff-aeaf-57d7-a628-d109c0028114,211aae01-c0e6-5a1e-a745-f08fbc68d92d,82ee8394-4e3a-5afd-aa59-7daed9e63f51,17,17,ዳን በጎዳና ላይ እንደሚያደባ እባብ ይሆናል፤ በመንገዱም የፈረሱን ሰኰና እንደሚናደፍ እንደ ቀንዳም እባብ ነው፤ ፈረሰኛውም ወደኋላው ይወድቃል።
2ea28ff7-7730-57ae-af1d-64942fe97911,211aae01-c0e6-5a1e-a745-f08fbc68d92d,82ee8394-4e3a-5afd-aa59-7daed9e63f51,18,18,እግዚአብሔርም ያድነው ዘንድ ይጠብቃል።
b8148a42-807a-5bb2-acef-d08072e53eac,211aae01-c0e6-5a1e-a745-f08fbc68d92d,82ee8394-4e3a-5afd-aa59-7daed9e63f51,19,19,“ጋድን ሽፍቶች ቀሙት፤ እርሱም ፍለጋቸውን ተከታትሎ ቀማቸው።
d5e17925-8222-55ea-a895-141c1e4d2f29,211aae01-c0e6-5a1e-a745-f08fbc68d92d,82ee8394-4e3a-5afd-aa59-7daed9e63f51,20,20,“የአሴር እንጀራ ወፍራም ነው፤ እርሱም ለአለቆች ደስ የሚያሰኝ መብልን ይሰጣል።
bfc51abc-c42f-5ebf-a345-85c7a59a465b,211aae01-c0e6-5a1e-a745-f08fbc68d92d,82ee8394-4e3a-5afd-aa59-7daed9e63f51,21,21,“ንፍታሌም በፍሬው ላይ ውበትን የሚሰጥ ሰፊ ዘንባባ ነው።
5e37fade-6598-56fa-a5d9-ab19ec17d918,211aae01-c0e6-5a1e-a745-f08fbc68d92d,82ee8394-4e3a-5afd-aa59-7daed9e63f51,22,22,“ዮሴፍ የሚያድግ ልጅ ነው፤ ለእኔ በጣም የተወደደ የሚቀናልኝና የሚያድግልኝ ልጅ ነው፤ ወደ እኔ የሚመለስም ጐልማሳ ነው።
dc456647-b19c-5eae-ae5e-263a4c98a97c,211aae01-c0e6-5a1e-a745-f08fbc68d92d,82ee8394-4e3a-5afd-aa59-7daed9e63f51,23,23,በምክራቸው የሰደቡት ጌቶች ሆኑበት፤ ቀስተኞችም ወጉት፤
177a86dc-aab9-52ed-af45-557a47bdfaa9,211aae01-c0e6-5a1e-a745-f08fbc68d92d,82ee8394-4e3a-5afd-aa59-7daed9e63f51,24,24,ነገር ግን ቀስቶቻቸው በኀይል ተቀጠቀጡ፤ የእጆቻቸው ክንድ ሥርም በያዕቆብ ኀያል እጅ ዛለ፤ በዚያም በአባትህ አምላክ ዘንድ እስራኤልን አጸናው።
dfa817cb-bbc9-5761-a4ec-cf80eb129292,211aae01-c0e6-5a1e-a745-f08fbc68d92d,82ee8394-4e3a-5afd-aa59-7daed9e63f51,25,25,“የእኔ አምላክ ረዳህ፤ ከላይ በሰማይ በረከት፥ ሁሉ በሚገኝባት፥ በምድር በረከት፥ በጡትና በማኅፀን በረከት ባረከህ፤
7c7a2dfc-670a-5499-a527-219e196e46ea,211aae01-c0e6-5a1e-a745-f08fbc68d92d,82ee8394-4e3a-5afd-aa59-7daed9e63f51,26,26,የአባትህና የእናትህ በረከቶች ጽኑዓን ከሆኑ ከተራሮች በረከቶች ይልቅ ይበልጣሉ፤ ዘለዓለማውያን ከሆኑ ከኮረብቶችም በረከቶች ይልቅ ኀያላን ናቸው፤ እነርሱም በዮሴፍ ራስ ላይ ይሆናሉ፤ በወንድሞቹ መካከል አለቃ በሆነውም ራስ አናት ላይ ይሆናሉ።
1f983e9e-1893-5594-ae22-d204ed932fba,211aae01-c0e6-5a1e-a745-f08fbc68d92d,82ee8394-4e3a-5afd-aa59-7daed9e63f51,27,27,“ብንያም ነጣቂ ተኵላ ነው፤ በጥዋት ይበላል፤ የማረከውንም ምግቡን በማታ ለሕዝብ ይሰጣል።”
2edb0425-0dd0-5fb1-a0d1-820d238553a4,211aae01-c0e6-5a1e-a745-f08fbc68d92d,82ee8394-4e3a-5afd-aa59-7daed9e63f51,28,28,እነዚህም ሁሉ ዐሥራ ሁለቱ የያዕቆብ ልጆች ናቸው፤ አባታቸውም ይህን ነገር ነገራቸው፤ ባረካቸውም፤ እያንዳንዳቸውንም እንደ በረከታቸው ባረካቸው።
2b519926-4b3c-52f9-ab27-154bf48b57ac,211aae01-c0e6-5a1e-a745-f08fbc68d92d,cb670792-3c3d-546e-a579-d7c0edc055ff,1,29,እንዲህም ብሎ አዘዛቸው፥ “እኔ ወደ ወገኖች እሰበሰባለሁ፤ በኬጢያዊው በኤፍሮን እርሻ ላይ ባለችው ዋሻ ከአባቶች ጋር ቅበሩኝ፤ እርስዋም በከነዓን ምድር በመምሬ ፊት ያለች፥
b106d625-e5d1-5414-a2de-50906e549d7b,211aae01-c0e6-5a1e-a745-f08fbc68d92d,cb670792-3c3d-546e-a579-d7c0edc055ff,2,30,አብርሃም ለመቃብር ርስት ከኬጢያዊው ከኤፍሮን ከእርሻው ጋር የገዛት፥ ባለ ድርብ ክፍል ዋሻ ናት።
b402f0a6-1c83-530c-a4fd-fc6f03ff61b9,211aae01-c0e6-5a1e-a745-f08fbc68d92d,cb670792-3c3d-546e-a579-d7c0edc055ff,3,31,አብርሃምንና ሚስቱ ሣራንም በዚያ ቀበሩአቸው፤ ይስሐቅንና ሚስቱ ርብቃንም በዚያ ቀበሩአቸው፤ ከዚያም እኔ ልያን ቀበርኋት
7aae0ac2-3197-5c36-a856-aa86912da01b,211aae01-c0e6-5a1e-a745-f08fbc68d92d,cb670792-3c3d-546e-a579-d7c0edc055ff,4,32,እርሻውና በእርስዋ ላይ ያለችው ዋሻ ከኬጢ ልጆች የተገዙ ናቸው።”
f4538d3c-05e7-5346-ad65-1f3db8d12b04,211aae01-c0e6-5a1e-a745-f08fbc68d92d,cb670792-3c3d-546e-a579-d7c0edc055ff,5,33,ያዕቆብም ትእዛዙን ለልጆቹ ተናግሮ በፈጸመ ጊዜ እግሮቹን በአልጋው ላይ ዘርግቶ ሞተ፤ ወደ ወገኖቹም ተጨመረ።
bf2d04cc-5346-508d-a9be-07df0e0cf671,6a562f42-f422-53d1-a99a-b31b8abc2a3a,85e793a9-bd6b-5cc8-ad15-969f12b470f1,1,1,ዮሴፍም በአባቱ ፊት ወደቀ፤ በእርሱም ላይ አለቀሰ፤ ሳመውም።
d3259adf-a051-5e9b-a9d3-8ec924e0832d,6a562f42-f422-53d1-a99a-b31b8abc2a3a,85e793a9-bd6b-5cc8-ad15-969f12b470f1,2,2,ዮሴፍም ባለ መድኀኒቶች አገልጋዮቹ አባቱን በሽቱ ያሹት ዘንድ አዘዘ፤ ባለ መድኀኒቶችም እስራኤልን በሽቱ አሹት።
b10e727c-59d0-56ff-a4e1-1d01c443836b,6a562f42-f422-53d1-a99a-b31b8abc2a3a,85e793a9-bd6b-5cc8-ad15-969f12b470f1,3,3,አርባ ቀንም ፈጸሙለት፤ ሽቱ የሚቀቡበትን ቀን እንዲሁ ይቈጥራሉና፤ የግብፅም ሰዎች ሰባ ቀን አለቀሱለት።
878e04f4-4caa-5cbb-a29f-5eaf22417e3b,6a562f42-f422-53d1-a99a-b31b8abc2a3a,85e793a9-bd6b-5cc8-ad15-969f12b470f1,4,4,የልቅሶውም ወራት ከተፈጸመ በኋላ ዮሴፍ ለፈርዖን መኳንንት እንዲህ ብሎ ተናገረ፥ “እኔ በፊታችሁ ሞገስን አግኝቼ እንደ ሆንሁ ለፈርዖን እንዲህ ብላችሁ ስለ እኔ ንገሩት፦
482b772b-7bdf-5614-ab52-a8cecb30ba52,6a562f42-f422-53d1-a99a-b31b8abc2a3a,85e793a9-bd6b-5cc8-ad15-969f12b470f1,5,5,አባቴ ሳይሞት አምሎኛል፤ እንዲህ ሲል፦ ‘እነሆ እኔ እሞታለሁ፤ በቈፈርሁት መቃብር በከነዓን ምድር በዚያ ቅበረኝ።’ አሁንም ወጥቼ አባቴን ልቅበርና ልመለስ።”
188f1ccf-3983-55ee-ad78-7ba05329eca9,6a562f42-f422-53d1-a99a-b31b8abc2a3a,85e793a9-bd6b-5cc8-ad15-969f12b470f1,6,6,ፈርዖንም ዮሴፍን አለው፥ “ውጣ፤ አባትህንም እንዳማለህ ቅበረው።”
0e7841c9-ed2b-5489-a4a5-98f15a936eb2,6a562f42-f422-53d1-a99a-b31b8abc2a3a,85e793a9-bd6b-5cc8-ad15-969f12b470f1,7,7,ዮሴፍም አባቱን ሊቀብር ወጣ፤ የፈርዖን ሎሌዎችም ሁሉ፥ የቤቱ ሽማግሌዎችም ሁሉ፥ የግብፅ ምድር ሽማግሌዎችም ሁሉ ከእርሱ ጋር ወጡ፤
d0dfdfb1-c730-5f94-af76-3e796ab2aae2,6a562f42-f422-53d1-a99a-b31b8abc2a3a,85e793a9-bd6b-5cc8-ad15-969f12b470f1,8,8,የዮሴፍም ቤተ ሰቦች ሁሉ፥ ወንድሞቹም፥ የአባቱም ቤተ ሰቦች ወጡ፤ ልጆቻቸውንና በጎቻቸውን፥ ከብቶቻቸውንም ብቻ በጌሤም ተዉ።
2df892cd-b06f-510c-a9d2-204c6bd8f81f,6a562f42-f422-53d1-a99a-b31b8abc2a3a,85e793a9-bd6b-5cc8-ad15-969f12b470f1,9,9,ሰረገሎችም፥ ፈረሰኞችም ከእርሱ ጋር ወጡ፤ ሠራዊቱም ብዙ ነበር።
d5867680-1f48-5eef-a9cd-243f46c9e7b2,6a562f42-f422-53d1-a99a-b31b8abc2a3a,85e793a9-bd6b-5cc8-ad15-969f12b470f1,10,10,በዮርዳኖስ ማዶ ወዳለችው ወደ አጣድ አውድማ ደረሱ፤ እጅግ ታላቅ በሆነ በጽኑ ልቅሶም አለቀሱለት፤ ለአባቱም ሰባት ቀን ልቅሶ አደረገለት።
6f6173f0-31f0-5977-adfa-db633ebbf49c,6a562f42-f422-53d1-a99a-b31b8abc2a3a,85e793a9-bd6b-5cc8-ad15-969f12b470f1,11,11,በዚያች ምድር የሚኖሩ የከነዓን ሰዎችም በአጣድ አውድማ የሆነውን ልቅሶ በአዩ ጊዜ፥ “የግብፅ ልቅሶ እንዲህ ታላቅ ነውን?” አሉ፤ ስለዚህም የዚያን ቦታ ስም “ላሐ ግብፅ” ብለው ጠሩት፤ እርሱም በዮርዳኖስ ማዶ ነው።
4395eb38-5107-5193-a7a9-5b0940381609,6a562f42-f422-53d1-a99a-b31b8abc2a3a,85e793a9-bd6b-5cc8-ad15-969f12b470f1,12,12,ልጆቹም እንዳዘዛቸው እንደዚያው አደረጉለት፤
01949e9a-01c6-5beb-ad0e-d1370d9202ac,6a562f42-f422-53d1-a99a-b31b8abc2a3a,85e793a9-bd6b-5cc8-ad15-969f12b470f1,13,13,ልጆቹም ወደ ከነዓን ምድር መለሱት፤ ባለ ሁለት ክፍል በሆነች ዋሻም ቀበሩት፤ እርስዋም በመምሬ ፊት ያለች፥ አብርሃም ለመቃብር ርስት ከኬጢያዊው ከኤፍሮን ከእርሻው ጋር የገዛት ዋሻ ናት።
ca740ba3-168a-5970-af2d-99fe79228114,6a562f42-f422-53d1-a99a-b31b8abc2a3a,85e793a9-bd6b-5cc8-ad15-969f12b470f1,14,14,ዮሴፍና ወንድሞቹ፥ አባቱንም ሊቀብሩ ከእርሱ ጋር የወጡት ሰዎች ሁሉ አባቱን ከቀበረ በኋላ ወደ ግብፅ ተመለሱ።
c82c9445-bea8-5461-a65d-aeb192000ad5,6a562f42-f422-53d1-a99a-b31b8abc2a3a,f7a8170b-b39d-517a-a5b2-08c375853dd1,1,15,የዮሴፍም ወንድሞች አባታቸው እንደ ሞተ በአዩ ጊዜ እንዲህ አሉ፥ “ምናልባት ዮሴፍ ያደረግንበትን ክፋት ያስብብን ይሆናል፤ ባደረግንበትም ክፋት ሁሉ ብድራት ይመልስብን ይሆናል።”
ba04c692-4753-515a-aaf8-11cea3b97ece,6a562f42-f422-53d1-a99a-b31b8abc2a3a,f7a8170b-b39d-517a-a5b2-08c375853dd1,2,16,ወደ ዮሴፍም መጡ፤ እንዲህም አሉት፥ “አባትህ ገና ሳይሞት እንዲህ ብሎ አዝዟል፦
3d6ea0e0-f70a-5187-a39a-0deb66f61b2f,6a562f42-f422-53d1-a99a-b31b8abc2a3a,f7a8170b-b39d-517a-a5b2-08c375853dd1,3,17,‘ዮሴፍን እንዲህ በሉት፦ እባክህ የወንድሞችህን በደል ኀጢአታቸውንም ይቅር በል፤ እነርሱ በአንተ ክፉ አድርገውብሃልና፤’ አሁንም እባክህ የአባትህ አምላክ ባሪያዎች የበደሉህን ይቅር በል።”
f82d1833-cc89-5853-ac48-7d10a7629700,6a562f42-f422-53d1-a99a-b31b8abc2a3a,f7a8170b-b39d-517a-a5b2-08c375853dd1,4,18,ዮሴፍም ይህን ሲሉት አለቀሰ። ወንድሞቹ ደግሞ መጡ፤ “እነሆ፥ እኛ ለአንተ አገልጋዮችህ ነን” አሉት።
c92bab17-6d85-5446-abe6-0049bc2c709d,6a562f42-f422-53d1-a99a-b31b8abc2a3a,f7a8170b-b39d-517a-a5b2-08c375853dd1,5,19,ዮሴፍም አላቸው፥ “አትፍሩ፤ ይህ ከእግዚአብሔር ዘንድ ሆኖአልና።
7237af0e-9117-5f85-a63d-713d6d83ef17,6a562f42-f422-53d1-a99a-b31b8abc2a3a,f7a8170b-b39d-517a-a5b2-08c375853dd1,6,20,እናንተ በእኔ ላይ ክፉ መከራችሁ፤ እግዚአብሔር ግን ዛሬ እንደ ሆነው ብዙ ሕዝብ እንዲመገብ ለማድረግ ለእኔ መልካም መከረ።
8ec6d2fe-8433-526a-af52-f4215b2b46d6,6a562f42-f422-53d1-a99a-b31b8abc2a3a,f7a8170b-b39d-517a-a5b2-08c375853dd1,7,21,አሁንም አትፍሩ፤ እኔ እናንተንና ቤተ ሰቦቻችሁን እመግባችኋለሁ።” አጽናናቸውም፤ በልባቸው የሚገባ ነገርም ነገራቸው።
13495164-d5ff-50a0-a5dd-68d2cf08311a,6a562f42-f422-53d1-a99a-b31b8abc2a3a,e3f520a0-5cf6-581c-a1c3-b6cdfe913385,1,22,ዮሴፍም በግብፅ ሀገር ተቀመጠ፤ እርሱና ወንድሞቹ የአባቱም ቤተ ሰብ፤ ዮሴፍም መቶ ዐሥር ዓመት ኖረ።
11d7b2f2-171b-5cdf-a2cc-f3f85491fa42,6a562f42-f422-53d1-a99a-b31b8abc2a3a,e3f520a0-5cf6-581c-a1c3-b6cdfe913385,2,23,ዮሴፍም የኤፍሬምን ልጆች እስከ ሦስት ትውልድ አየ። የምናሴ ልጅ የማኪር ልጆችም በዮሴፍ ጭን ላይ ተወለዱ።
4f785c1e-73f3-5f5f-a9ed-213216df7139,6a562f42-f422-53d1-a99a-b31b8abc2a3a,e3f520a0-5cf6-581c-a1c3-b6cdfe913385,3,24,ዮሴፍም ወንድሞቹን አላቸው፥ “እኔ እሞታለሁ፤ እግዚአብሔርም መጐብኘትን ይጐበኛችኋል፤ ከዚህችም ምድር ያወጣችኋል። ለአባቶቻችን ለአብርሃምና ለይስሐቅ ለያዕቆብም ወደ ማለላቸው ምድር ያገባችኋል።”
df8cd1c8-ab06-5f74-a89e-f2be82b729b9,6a562f42-f422-53d1-a99a-b31b8abc2a3a,e3f520a0-5cf6-581c-a1c3-b6cdfe913385,4,25,ዮሴፍም የእስራኤልን ልጆች፥ “እግዚአብሔር በጐበኛችሁ ጊዜ አጥንቴን ከዚህ አንሥታችሁ ከእናንተ ጋር አውጡ” ብሎ አማላቸው።
31b97056-4439-536a-a92e-36581c359215,6a562f42-f422-53d1-a99a-b31b8abc2a3a,e3f520a0-5cf6-581c-a1c3-b6cdfe913385,5,26,ዮሴፍም በመቶ ዐሥር ዓመት ዕድሜው ሞተ፤ በሽቱም አሹት፤ በግብፅ ምድርም በሣጥን ውስጥ አኖሩት።
9e8e16c6-4dae-5024-ad50-8dcca0ca2a7c,2e4dda2c-ecf1-5cf7-a75a-cc37675eb71e,a25e4a76-4943-5a3d-aa16-719363e45c0e,1,1,ከአባታቸው ከያዕቆብ ጋር ወደ ግብፅ የገቡት የእስራኤል ልጆች ስሞች እነዚህ ናቸው፤ ሰው ሁሉ ከቤተ ሰቡ ጋር ገባ፤
99ec52a9-21f0-58af-adb9-82fb9dd746ef,2e4dda2c-ecf1-5cf7-a75a-cc37675eb71e,a25e4a76-4943-5a3d-aa16-719363e45c0e,2,2,ሮቤል፥ ስምዖን፥ ሌዊ፥ ይሁዳ፥
4c06c7d9-7b18-54c3-acb2-8d7f5ad017e1,2e4dda2c-ecf1-5cf7-a75a-cc37675eb71e,a25e4a76-4943-5a3d-aa16-719363e45c0e,3,3,ይሳኮር፥ ዛብሎን፥ ብንያም።
ab7b46d9-1713-507d-a420-5ab634d9d3a2,2e4dda2c-ecf1-5cf7-a75a-cc37675eb71e,a25e4a76-4943-5a3d-aa16-719363e45c0e,4,4,ዳን፥ ንፍታሌም፥ ጋድ፥ አሴር።
58c207a7-eb60-57a7-aaa8-65e2a1b29570,2e4dda2c-ecf1-5cf7-a75a-cc37675eb71e,a25e4a76-4943-5a3d-aa16-719363e45c0e,5,5,ዮሴፍም አስቀድሞ በግብፅ ነበረ። ከያዕቆብ ጕልበት የወጡት ሰዎች ሁሉ ሰባ ነፍሶች ነበሩ፤
31cb8033-7904-52e4-ab21-27aa165c5001,2e4dda2c-ecf1-5cf7-a75a-cc37675eb71e,a25e4a76-4943-5a3d-aa16-719363e45c0e,6,6,ዮሴፍም ሞተ፤ ወንድሞቹም፥ ያም ትውልድ ሁሉ።
c29967aa-bfd9-5a48-aa2f-4a592cbc0e82,2e4dda2c-ecf1-5cf7-a75a-cc37675eb71e,a25e4a76-4943-5a3d-aa16-719363e45c0e,7,7,የእስራኤልም ልጆች በዙ፤ ተባዙም፤ የተጠሉም ሆኑ። እጅግም ጸኑ፤ ምድሪቱም በእነርሱ ሞላች።
3d4be661-bbd2-594d-aad5-307259383cb1,2e4dda2c-ecf1-5cf7-a75a-cc37675eb71e,a25e4a76-4943-5a3d-aa16-719363e45c0e,8,8,በግብፅ ዮሴፍን ያላወቀ ሌላ ንጉሥ ተነሣ።
af86a466-30e6-5b17-ae7d-b07895015a09,2e4dda2c-ecf1-5cf7-a75a-cc37675eb71e,a25e4a76-4943-5a3d-aa16-719363e45c0e,9,9,እርሱም ሕዝቡን፥ “እነሆ፥ የእስራኤል ልጆች ሕዝብ ታላቅና ብዙ ሆነዋል፤ ከእኛም ይልቅ በርትተዋል፤
ea831702-da92-5bd1-aa38-f8409ea0d3ee,2e4dda2c-ecf1-5cf7-a75a-cc37675eb71e,a25e4a76-4943-5a3d-aa16-719363e45c0e,10,10,ኑ፤ እንጠበብባቸው፤ የበዙ እንደሆነ ጦርነት በመጣብን ጊዜ በጠላቶቻችን ላይ ተደርበው በኋላችን ይወጉናልና፥ ከምድራችንም ያስወጡናልና።”
636aee60-9b5a-5c9f-accc-c43352facfd1,2e4dda2c-ecf1-5cf7-a75a-cc37675eb71e,a25e4a76-4943-5a3d-aa16-719363e45c0e,11,11,በብርቱ ሥራም ያስጨንቋቸው ዘንድ የሠራተኞች አለቆችን ሾመባቸው፤ ለፈርዖንም ፌቶምን፥ ራምሴንና የፀሐይ ከተማ የምትባል ዖንን ጽኑ ከተሞች አድርገው ሠሩ።
b225391f-c628-5a5c-aff4-31b9461f13df,2e4dda2c-ecf1-5cf7-a75a-cc37675eb71e,a25e4a76-4943-5a3d-aa16-719363e45c0e,12,12,ነገር ግን እንዳስጨነቁአቸው መጠን እንዲሁ በዙ፤ እጅግም ጸኑ ፤ ግብፃውያንም የእስራኤልን ልጆች ይጸየፉአቸው ነበር።
0f39afdd-4303-58f6-ac48-202cf7490d53,2e4dda2c-ecf1-5cf7-a75a-cc37675eb71e,a25e4a76-4943-5a3d-aa16-719363e45c0e,13,13,ግብፃውያንም የእስራኤልን ልጆች በግፍዕ ገዙአቸው።
f06362c7-bfb3-5a69-a348-466a0e5e00e6,2e4dda2c-ecf1-5cf7-a75a-cc37675eb71e,a25e4a76-4943-5a3d-aa16-719363e45c0e,14,14,በጽኑ ሥራ፥ በጭቃ፥ በጡብም፥ በእርሻም ሥራ ሁሉ፥ በመከራም በሚያሠሩአቸው ሥራ ሁሉ፤ ሕይወታቸውን ያስመርሩአቸው ነበር።
f2d346b8-f252-5ecb-a0c3-080991612170,2e4dda2c-ecf1-5cf7-a75a-cc37675eb71e,a25e4a76-4943-5a3d-aa16-719363e45c0e,15,15,የግብፅም ንጉሥ አንዲቱ ሲፓራ፥ ሁለተኛዪቱም ፎሓ የሚባሉትን የዕብራውያትን አዋላጆች እንዲህ ብሎ ተናገረ፦
0e3ce389-1e63-5bc1-afb1-ec141c79243c,2e4dda2c-ecf1-5cf7-a75a-cc37675eb71e,a25e4a76-4943-5a3d-aa16-719363e45c0e,16,16,“እናንተ ዕብራውያትን ሴቶች ስታዋልዱ ለመውለድ እንደ ደረሱ በአያችሁ ጊዜ፥ ወንድ ቢሆን ግደሉት፤ ሴት ብትሆን ግን አትግደሏት።”
95683aa5-a2d1-5c77-a763-7ac1e3c8da46,2e4dda2c-ecf1-5cf7-a75a-cc37675eb71e,a25e4a76-4943-5a3d-aa16-719363e45c0e,17,17,አዋላጆች ግን እግዚአብሔርን ፈሩ፤ የግብፅ ንጉሥም እንደ አዘዛቸው አላደረጉም፤ ወንዶቹን ሕፃናትንም አዳኑአቸው።
1e1481aa-f44b-5fd9-ad2a-83646136be0d,2e4dda2c-ecf1-5cf7-a75a-cc37675eb71e,a25e4a76-4943-5a3d-aa16-719363e45c0e,18,18,የግብፅም ንጉሥ አዋላጆችን ጠርቶ፥ “ለምን እንዲህ አደረጋችሁ? ወንዶቹን ሕፃናትንስ ለምን አዳናችሁ?” አላቸው።
e7928f07-2097-56df-ae9a-6a97f2daff9a,2e4dda2c-ecf1-5cf7-a75a-cc37675eb71e,a25e4a76-4943-5a3d-aa16-719363e45c0e,19,19,አዋላጆችም ፈርዖንን፥ “የዕብራውያን ሴቶች እንደ ግብፅ ሴቶች ስላልሆኑ አዋላጆች ሳይገቡ ይወልዳሉ” አሉት።
7e555131-78fb-5c74-ab04-d381b5e7e6d4,2e4dda2c-ecf1-5cf7-a75a-cc37675eb71e,a25e4a76-4943-5a3d-aa16-719363e45c0e,20,20,እግዚአብሔርም ለአዋላጆች መልካም አደረገላቸው፤ ሕዝቡም በዙ፤ እጅግም ጸኑ።
bc7ec727-d9c8-596a-a2d2-508b4dcf5d12,2e4dda2c-ecf1-5cf7-a75a-cc37675eb71e,a25e4a76-4943-5a3d-aa16-719363e45c0e,21,21,እንዲህም ሆነ፤ አዋላጆች እግዚአብሔርን ስለፈሩ ቤቶችን አደረገላቸው።
3feecf11-3fd4-59e5-a698-2866f629421e,2e4dda2c-ecf1-5cf7-a75a-cc37675eb71e,a25e4a76-4943-5a3d-aa16-719363e45c0e,22,22,ፈርዖንም፥ “የሚወለደውን ወንድ ልጅ ሁሉ ወደ ወንዝ ጣሉት፤ ሴትን ልጅ ሁሉ ግን በሕይወት አድኑአት” ብሎ ሕዝቡን ሁሉ አዘዘ።
4b481bcc-ad8a-50a6-a3db-31d31138fb9e,6d4e5cfe-d1e1-5941-ab71-fdb5fbefdb6e,c0de33d9-212b-5266-a6b5-7af5aea00f6d,1,1,ከሌዊ ወገን እንበረም የሚባል አንድ ሰው ነበረ፤ እርሱም ከሌዊ ሴቶች ልጆች ሚስትን አገባ።
39f59e2f-ae40-5a1b-a749-34d50699bb4a,6d4e5cfe-d1e1-5941-ab71-fdb5fbefdb6e,c0de33d9-212b-5266-a6b5-7af5aea00f6d,2,2,ሴቲቱም ፀነሰች፤ ወንድ ልጅም ወለደች፤ መልካምም እንደሆነ በአዩ ጊዜ ሦስት ወር ሸሸጉት።
4570f1f1-058f-52f4-a6ad-3ecc24a862f2,6d4e5cfe-d1e1-5941-ab71-fdb5fbefdb6e,c0de33d9-212b-5266-a6b5-7af5aea00f6d,3,3,ደግሞም ሊሸሽጉት በአልቻሉ ጊዜ እናቱ የደንገል ሣጥን ለእርሱ ወስዳ ዝፍትና ቅጥራን ለቀለቀችው፤ ሕፃኑንም አኖረችበት፤ በወንዝም ዳር ባለ በቄጠማ ውስጥ አስቀመጠችው።
d290a84d-bffc-55f5-abf3-e44b5be929c1,6d4e5cfe-d1e1-5941-ab71-fdb5fbefdb6e,c0de33d9-212b-5266-a6b5-7af5aea00f6d,4,4,እኅቱም ምን እንደሚደርስበት ታውቅ ዘንድ በሩቅ ቆማ ትጐበኘው ነበር።
7fdc3e1f-7eea-58b0-a3d1-9a1f615e7798,6d4e5cfe-d1e1-5941-ab71-fdb5fbefdb6e,c0de33d9-212b-5266-a6b5-7af5aea00f6d,5,5,የፈርዖንም ሴት ልጅ ልትታጠብ ወደ ወንዝ ወረደች፤ ደንገጥሮችዋም በወንዝ ዳር ይሄዱ ነበር፤ ሣጥኑንም በቄጠማ ውስጥ አየች፤ ደንገጥርዋንም ልካ አስመጣችው።
0fe1dcbd-c02f-583c-acde-1075b297a9ad,6d4e5cfe-d1e1-5941-ab71-fdb5fbefdb6e,c0de33d9-212b-5266-a6b5-7af5aea00f6d,6,6,ሣጥኑን በከፈተችም ጊዜ ሕፃኑን አየች፤ እነሆም፥ ሕፃኑ በሣጥኑ ውስጥ ያለቅስ ነበር፤ የፈርዖንም ልጅ አዘነችለት፥ “ይህ ሕፃን ከዕብራውያን ልጆች አንዱ ነው” አለች።
ede2ad6c-91f6-5ee3-a38f-99251ae0ff07,6d4e5cfe-d1e1-5941-ab71-fdb5fbefdb6e,c0de33d9-212b-5266-a6b5-7af5aea00f6d,7,7,የዚያም ሕፃን እኅት ለፈርዖን ልጅ፥ “ሕፃኑን ታጠባልሽ ዘንድ ሄጄ የምታጠባ ሴት ከዕብራውያን ሴቶች ልጥራልሽን?” አለቻት።
42bbeb55-cefb-5f42-aacf-1fbcb19c6289,6d4e5cfe-d1e1-5941-ab71-fdb5fbefdb6e,c0de33d9-212b-5266-a6b5-7af5aea00f6d,8,8,የፈርዖንም ልጅ፥ “ሂጂና ጥሪልኝ” አለቻት፤ ብላቴናዪቱም ሄዳ የሕፃኑን እናት ጠራች።
9b38d41a-bc62-559b-ac6e-0fb69d270f53,6d4e5cfe-d1e1-5941-ab71-fdb5fbefdb6e,c0de33d9-212b-5266-a6b5-7af5aea00f6d,9,9,የፈርዖንም ልጅ፥ “ይህን ሕፃን ተንከባክበሽ አጥቢልኝ፤ ዋጋሽንም እሰጥሻለሁ” አለቻት። ሴቲቱም ሕፃኑን ወስዳ አጠባችው።
e956ea67-baa0-51da-aa2a-115ea3be5630,6d4e5cfe-d1e1-5941-ab71-fdb5fbefdb6e,c0de33d9-212b-5266-a6b5-7af5aea00f6d,10,10,ሕፃኑም በአደገ ጊዜ ወደ ፈርዖን ልጅ ወሰደችው፤ ለእርስዋም ልጅ ሆነላት። እኔ ከውኃ አውጥቼዋለሁና ስትልም ስሙን ሙሴ ብላ ጠራችው ።
b0637b20-3abe-560a-ab82-bb48a41aa58f,6d4e5cfe-d1e1-5941-ab71-fdb5fbefdb6e,134032c2-f559-582e-abbb-cbadcec5848b,1,11,ከብዙ ቀን በኋላ እንዲህ ሆነ፤ ሙሴ አደገ፤ ወደ ወንድሞቹም ወጣ፤ መከራቸውንም ተመለከተ፤ የግብፅም ሰው ከወንድሞቹ ከእስራኤል ልጆች አንዱን ዕብራዊ ሰው ሲመታ አየ።
e188cf92-fd36-5c14-abaf-c3f269dc6ddc,6d4e5cfe-d1e1-5941-ab71-fdb5fbefdb6e,134032c2-f559-582e-abbb-cbadcec5848b,2,12,ወዲህና ወዲያ ተመለከተ፤ ማንንም አላየም፤ ግብፃዊውንም ገደለው፤ በአሸዋ ውስጥም ቀበረው።
6a8b3c33-3baa-5ba3-a1cf-8c3937c96d98,6d4e5cfe-d1e1-5941-ab71-fdb5fbefdb6e,134032c2-f559-582e-abbb-cbadcec5848b,3,13,በሁለተኛውም ቀን ወጣ፤ ሁለቱም የዕብራውያን ሰዎች ሲጣሉ አየ፤ ሙሴም በዳዩን፥ “ለምን ባልንጀራህን ትመታዋለህ?” አለው።
c3f8be96-84fc-5cd9-abb9-1ccb7e034743,6d4e5cfe-d1e1-5941-ab71-fdb5fbefdb6e,134032c2-f559-582e-abbb-cbadcec5848b,4,14,ወንድሙን የሚበድለው ያም ሰው፥ “በእኛ ላይ አንተን አለቃ ወይስ ዳኛ ማን አደረገህ? ወይስ ግብፃዊውን ትናንት እንደ ገደልኸው ልትገድለኝ ትሻለህን?” አለው። ሙሴም፥ “በእውነት ይህ ነገር ታውቆአልን?” ብሎ ፈራ።
1e2d08ac-77b0-5fd5-a0da-71e0f15f8971,6d4e5cfe-d1e1-5941-ab71-fdb5fbefdb6e,134032c2-f559-582e-abbb-cbadcec5848b,5,15,ፈርዖንም ይህን ነገር ሰማ፤ ሙሴንም ሊገድለው ፈለገ። ሙሴ ግን ከፈርዖን ፊት ኰበለለ፤ በምድያምም ምድር ተቀመጠ፤ ወደ ምድያም ምድር በደረሰ ጊዜም በውኃው ጕድጓድ አጠገብ ዐረፈ።
c844dcdb-aa46-54bc-abf4-b24829f77458,6d4e5cfe-d1e1-5941-ab71-fdb5fbefdb6e,134032c2-f559-582e-abbb-cbadcec5848b,6,16,ለምድያምም ካህን ሰባት ሴቶች ልጆች ነበሩት፤ የአባታቸውንም የዮቶርን በጎች ይጠብቁ ነበር፤ እነርሱም መጥተው ውኃ ቀዱ፤ የአባታቸውንም የዮቶርን በጎች ሊያጠጡ የውኃዉን ገንዳ ሞሉ።
3cc79aea-8f36-5bf3-a240-2b6356bde04d,6d4e5cfe-d1e1-5941-ab71-fdb5fbefdb6e,134032c2-f559-582e-abbb-cbadcec5848b,7,17,እረኞችም መጥተው ገፉአቸው፤ ሙሴ ግን ተነሥቶ አዳናቸው፤ እየቀዳም በጎቻቸዉን አጠጣላቸው።
75dca90b-6450-5fa9-acc3-35797a5eea49,6d4e5cfe-d1e1-5941-ab71-fdb5fbefdb6e,134032c2-f559-582e-abbb-cbadcec5848b,8,18,ወደ አባታቸውም ወደ ራጉኤል መጡ እርሱም፥ “ዛሬስ እንዴት ፈጥናችሁ መጣችሁ?” አላቸው።
8911bd39-cf76-5c7a-adcd-5e6dd9309d72,6d4e5cfe-d1e1-5941-ab71-fdb5fbefdb6e,134032c2-f559-582e-abbb-cbadcec5848b,9,19,እነርሱም፥ “አንድ የግብፅ ሰው ከእረኞች እጅ አዳነን፤ ደግሞም ቀዳልን፤ በጎቻችንንም አጠጣልን” አሉት።
0d0f1b48-9214-5054-ac05-bbdca84e4600,6d4e5cfe-d1e1-5941-ab71-fdb5fbefdb6e,134032c2-f559-582e-abbb-cbadcec5848b,10,20,ልጆቹንም፥ “ሰውዬው ወዴት ነው? ለምንስ ያን ሰው ተዋችሁት? ጥሩት፤ እንጀራም ይብላ” አላቸው።
37f57fc9-0ee9-5528-a20f-c0809068d9da,6d4e5cfe-d1e1-5941-ab71-fdb5fbefdb6e,134032c2-f559-582e-abbb-cbadcec5848b,11,21,ሙሴም ከዚያ ሰው ጋር ሊቀመጥ ወደደ፤ ልጁንም ሲፓራን ለሙሴ ሚስት ትሆነው ዘንድ ሰጠው።
ddef88eb-20b9-56c4-a308-c67dc3141c54,6d4e5cfe-d1e1-5941-ab71-fdb5fbefdb6e,134032c2-f559-582e-abbb-cbadcec5848b,12,22,ያችም ሴት ፀነሰች፤ ወንድ ልጅም ወለደች፤ ሙሴም፥ “በሌላ ምድር መጻተኛ ነኝ” ሲል ስሙን ጌርሳም ብሎ ጠራው። ዳግመኛም ፀነሰች፤ ወንድ ልጅም ወለደች፤ ስሙንም ኤልኤዜር አለው፤ የአባቴ ፈጣሪ ረዳቴ ነው ሲል።
d7e99810-5747-54bb-a873-185c41f78540,6d4e5cfe-d1e1-5941-ab71-fdb5fbefdb6e,134032c2-f559-582e-abbb-cbadcec5848b,13,23,ከዚያም ከብዙ ቀን በኋላ እንዲህ ሆነ፤ የግብፅ ንጉሥ ሞተ፤ የእስራኤልም ልጆች ከባርነት የተነሣ አለቀሱ፤ ጮኹም፤ ስለ ባርነታቸውም ጩኸታቸው ወደ እግዚአብሔር ወጣ።
591b2032-d508-59ed-a8b9-998f50784603,6d4e5cfe-d1e1-5941-ab71-fdb5fbefdb6e,134032c2-f559-582e-abbb-cbadcec5848b,14,24,እግዚአብሔርም ጩኸታቸውን ሰማ፤ እግዚአብሔርም ከአብርሃምና ከይስሐቅ፥ ከያዕቆብም ጋር ያደረገውን ቃል ኪዳን ዐሰበ።
f8cb2bb8-a3ef-5475-a380-16314053192f,6d4e5cfe-d1e1-5941-ab71-fdb5fbefdb6e,134032c2-f559-582e-abbb-cbadcec5848b,15,25,እግዚአብሔርም የእስራኤልን ልጆች ጐበኛቸው፤ ታወቀላቸውም።
102cf93e-b13d-59db-a2ba-9ae1b48aa087,a622e409-6ffa-5364-ae97-f44b82479e54,26d26a0e-5d3c-5105-a641-83b6a75ef154,1,1,ሙሴም የአማቱን የምድያምን ካህን የዮቶርን በጎች ይጠብቅ ነበር፤ በጎቹንም ወደ ምድረ በዳ ዳርቻ ነዳ፤ ወደ እግዚአብሔርም ተራራ ወደ ኮሬብ መጣ።
194a3184-c99c-5dc5-ad3c-b4d710288ec2,a622e409-6ffa-5364-ae97-f44b82479e54,26d26a0e-5d3c-5105-a641-83b6a75ef154,2,2,የእግዚአብሔርም መልአክ ለሙሴ በእሳት ነበልባል በቍጥቋጦ መካከል ታየው፤ እነሆም፥ ቍጥቋጦው በእሳት ሲነድድ፥ ቍጥቋጦውም ሳይቃጠል አየ።
a0572f4b-0f3e-59f5-a320-7d9a65f7a2fd,a622e409-6ffa-5364-ae97-f44b82479e54,26d26a0e-5d3c-5105-a641-83b6a75ef154,3,3,ሙሴም፥ “ልሂድና ቍጥቋጦው ስለምን አልተቃጠለም? ይህን ታላቅ ራእይ ልይ” አለ።
6259f022-c1c6-5dee-ab40-5fe5ab0c9df1,a622e409-6ffa-5364-ae97-f44b82479e54,26d26a0e-5d3c-5105-a641-83b6a75ef154,4,4,እግዚአብሔር እርሱ ይመለከት ዘንድ እንደ መጣ በአየ ጊዜ እግዚአብሔር ከቍጥቋጦው ውስጥ እርሱን ጠርቶ፥ “ሙሴ! ሙሴ!” አለው እርሱም፥ “ይህ ምንድን ነው?” አለ።
0f342240-c02f-5a33-a966-26a5e903a997,a622e409-6ffa-5364-ae97-f44b82479e54,26d26a0e-5d3c-5105-a641-83b6a75ef154,5,5,“ወደዚህ አትቅረብ፤ አንተ የቆምህባት ስፍራ የተቀደሰች መሬት ናትና፥ ጫማህን ከእግርህ አውጣ” አለው።
c28ada79-bd48-5031-ad04-9e5e671e9bf7,a622e409-6ffa-5364-ae97-f44b82479e54,26d26a0e-5d3c-5105-a641-83b6a75ef154,6,6,ደግሞም፥ “እኔ የአባቶችህ አምላክ፥ የአብርሃም አምላክ፥ የይስሐቅም አምላክ፥ የያዕቆብም አምላክ ነኝ” አለው። ሙሴም ወደ እግዚአብሔር ያይ ዘንድ ፈርቶአልና ፊቱን መለሰ።
5cb0d7d3-78f0-5384-a8dc-fed527c2db2d,a622e409-6ffa-5364-ae97-f44b82479e54,26d26a0e-5d3c-5105-a641-83b6a75ef154,7,7,እግዚአብሔርም ሙሴን አለው፥ “በግብፅ ያለውን የሕዝቤን መከራ በእውነት አየሁ፦ ከአሠሪዎቻቸውም የተነሣ ጩኸታቸውን ሰማሁ፤ ሥቃያቸውንም ዐውቄአለሁ፤
18bffc5e-39f3-5e0c-a5f6-e74080d3519a,a622e409-6ffa-5364-ae97-f44b82479e54,26d26a0e-5d3c-5105-a641-83b6a75ef154,8,8,ከግብፃውያንም እጅ አድናቸው ዘንድ፥ ከዚያችም ሀገር ወተትና ማር ወደምታፈስሰው ሀገር፥ ወደ ሰፊዪቱና ወደ መልካሚቱ ሀገር፥ ወደ ከነዓናውያንም፥ ወደ ኬጤዎናውያንም፥ ወደ አሞሬዎናውያንም፥ ወደ ፌርዜዎናውያንም፥ ወደ ጌርጌሴዎናውያንም፥ ወደ ኤዌዎናውያንም፥ ወደ ኢያቡሴዎናውያንም ስፍራ አወጣቸው ዘንድ ወረድሁ።
5b11e5cd-b345-5c51-a432-a6507124243b,a622e409-6ffa-5364-ae97-f44b82479e54,26d26a0e-5d3c-5105-a641-83b6a75ef154,9,9,አሁንም እነሆ፥ የእስራኤል ልጆች ጩኸት ወደ እኔ ደረሰ፤ ግብፃውያንም የሚያደርጉባቸውን ግፍ ደግሞ አየሁ።
d7fed027-5d57-5648-a5e6-8add233032b6,a622e409-6ffa-5364-ae97-f44b82479e54,26d26a0e-5d3c-5105-a641-83b6a75ef154,10,10,አሁንም ና፤ ወደ ግብፅ ንጉሥ ወደ ፈርዖን እልክሃለሁ። ሕዝቤን የእስራኤልን ልጆች ከግብፅ ምድር ታወጣቸዋለህ።”
82fd85aa-27ef-5a15-a11a-aa7d0c585bcc,a622e409-6ffa-5364-ae97-f44b82479e54,26d26a0e-5d3c-5105-a641-83b6a75ef154,11,11,ሙሴም እግዚአብሔርን፥ “ወደ ግብፅ ንጉሥ ወደ ፈርዖን እሄድ ዘንድ፥ የእስራኤልንም ልጆች ከግብፅ ምድር አወጣ ዘንድ እኔ ማን ነኝ?” አለው።
6dce281a-1822-57c9-aa8b-2b2885ed91ac,a622e409-6ffa-5364-ae97-f44b82479e54,26d26a0e-5d3c-5105-a641-83b6a75ef154,12,12,እግዚአብሔርም ሙሴን ተናገረው፤ እንዲህ ሲል፥ “በእውነት እኔ ከአንተ ጋር እሆናለሁ፤ እኔም እንደ ላክሁህ ይህ ለአንተ ምልክት ይሆንሃል፤ ሕዝቡን ከግብፅ በአወጣህ ጊዜ በዚህ ተራራ ላይ እግዚአብሔርን ታመልካላችሁ” አለው።
925dd44e-25a8-58e6-a37d-375ee9dff581,a622e409-6ffa-5364-ae97-f44b82479e54,26d26a0e-5d3c-5105-a641-83b6a75ef154,13,13,ሙሴም እግዚአብሔርን፥ “እነሆ፥ እኔ ወደ እስራኤል ልጆች እሄዳለሁ፤ የአባቶቻችሁ አምላክ ወደ እናንተ ላከኝ እላቸዋለሁ፤ ‘ስሙስ ማን ነው?’ ብለው በጠየቁኝ ጊዜ ምን እላቸዋለሁ?” አለው።
f1dd0843-7dce-54dc-a8f7-f4c850de0083,a622e409-6ffa-5364-ae97-f44b82479e54,26d26a0e-5d3c-5105-a641-83b6a75ef154,14,14,እግዚአብሔርም ለሙሴ ነገረው፤ እንዲህ ሲል፥ “ያለና የሚኖር እኔ ነኝ፤ እንዲህ ለእስራኤል ‘ያለና የሚኖር’ ወደ እናንተ ላከኝ ትላቸዋለህ” አለው።
562574dd-8bfc-523d-a4e3-c91467bb63b1,a622e409-6ffa-5364-ae97-f44b82479e54,26d26a0e-5d3c-5105-a641-83b6a75ef154,15,15,ዳግመኛም እግዚአብሔር ሙሴን አለው፥ “ለእስራኤል ልጆች እንዲህ ትላለህ፦ የአባቶቻችሁ አምላክ፥ የአብርሃም አምላክ፥ የይስሐቅም አምላክ፥ የያዕቆብም አምላክ እግዚአብሔር ወደ እናንተ ላከኝ፤ ይህ ለዘለዓለም ስሜ ነው፤ እስከ ልጅ ልጅ ድረስም መታሰቢያዬ ይህ ነው።
0fcef21d-ead0-5655-a32f-d7b7a4d16f48,a622e409-6ffa-5364-ae97-f44b82479e54,26d26a0e-5d3c-5105-a641-83b6a75ef154,16,16,ሂድ የእስራኤልንም ሽማግሌዎች ሰብስብ፤ እንዲህም በላቸው፦ የአባቶቻችሁ አምላክ፥ የአብርሃም አምላክ፥ የይስሐቅም አምላክ፥ የያዕቆብም አምላክ እግዚአብሔር እንዲህ ሲል ተገለጠልኝ፦ መጐብኘትን ጐበኘኋችሁ፤ በግብፅም የሚደረግባችሁን አየሁ፤
c036936e-32e0-5d46-ae9b-55eb9b1588d4,a622e409-6ffa-5364-ae97-f44b82479e54,26d26a0e-5d3c-5105-a641-83b6a75ef154,17,17,እንዲህም አልሁ፦ ከግብፅ መከራ ወደ ከነዓናውያን፥ ወደ ኬጤዎናውያን፥ ወደ አሞሬዎናውያን፥ ወደ ፌርዜዎናውያን፥ ወደ ጌርጌሴዎናውያን፥ ወደ ኤዌዎናውያን፥ ወደ ኢያቡሴዎናውያን ሀገር፥ ወተትና ማር ወደምታፈስስ ሀገር አወጣችኋለሁ፤
abbaef3b-d881-5921-ae22-82e06e9bd69b,a622e409-6ffa-5364-ae97-f44b82479e54,26d26a0e-5d3c-5105-a641-83b6a75ef154,18,18,እነርሱም ቃልህን ይሰማሉ፤ አንተና የእስራኤል ሽማግሌዎች ወደ ግብፅ ንጉሥ ትገባላችሁ፦ የዕብራውያን አምላክ እግዚአብሔር ጠርቶናል፤ አሁንም ለአምላካችን ለእግዚአብሔር እንሠዋ ዘንድ የሦስት ቀን መንገድ ወደ ምድረ በዳ እንሄዳለን ትሉታላችሁ።
7c7f3020-f15c-5620-aaa8-b1f5f3bc7a8a,a622e409-6ffa-5364-ae97-f44b82479e54,26d26a0e-5d3c-5105-a641-83b6a75ef154,19,19,ነገር ግን በጽኑ እጅ ካልሆነ በቀር ትሄዱ ዘንድ የግብፅ ንጉሥ እንደማይፈቅድላችሁ እኔ አውቃለሁ።
e3ed7b0b-dc13-5d0c-aef7-1f6fd7d44a40,a622e409-6ffa-5364-ae97-f44b82479e54,26d26a0e-5d3c-5105-a641-83b6a75ef154,20,20,እኔም እጄን እዘረጋለሁ፤ በማደርግባቸውም ተአምራቴ ሁሉ ግብፅን እመታለሁ፤ ከዚያም በኋላ ይለቅቋችኋል።
2910b69d-eb07-516f-a34a-16f697153f46,a622e409-6ffa-5364-ae97-f44b82479e54,26d26a0e-5d3c-5105-a641-83b6a75ef154,21,21,በግብፃውያንም ፊት ለዚህ ሕዝብ ሞገስን እሰጣለሁ፤ በምትሄዱም ጊዜ ባዶ እጃችሁን አትሄዱም፤
f4aea9d0-9af6-51ca-aee7-c26d8355d464,a622e409-6ffa-5364-ae97-f44b82479e54,26d26a0e-5d3c-5105-a641-83b6a75ef154,22,22,ነገር ግን እያንዳንዲቱ ሴት ከጎረቤቷ፥ በቤቷም ካለችው ሴት የብር ዕቃ፥ የወርቅ ዕቃ፥ ልብስም ትዋሳለች፤ በወንዶችና በሴቶች ልጆቻችሁ ላይም ታደርጉታላችሁ፤ ግብፃውያንንም ትበዘብዛላችሁ።”
887825ee-b4a8-51c0-a208-9726e055ffcb,4be3b2f1-fdb7-53e3-ac71-0195f6adaf8d,8c714b01-8c50-5497-ab47-d4d1c166a798,1,1,ሙሴም መለሰ፥ “እነሆ፥ ባያምኑኝ፥ ቃሌንም ባይሰሙ፦ ‘እግዚአብሔርም አልተገለጠልህም’ ቢሉኝ ምን እላቸዋለሁ?” አለ።
ab333828-d15d-579c-a417-63804fc6b271,4be3b2f1-fdb7-53e3-ac71-0195f6adaf8d,8c714b01-8c50-5497-ab47-d4d1c166a798,2,2,እግዚአብሔርም፥ “ይህ በእጅህ ያለው ምንድን ነው?” አለው። እርሱም፥ “በትር ነው” አለ።
66eaa093-3105-55a3-a09d-a4e57c480c42,4be3b2f1-fdb7-53e3-ac71-0195f6adaf8d,8c714b01-8c50-5497-ab47-d4d1c166a798,3,3,“ወደ መሬት ጣለው” አለው፤ እርሱም በመሬት ጣለው፤ እባብም ሆነ፤ ሙሴም ከእርሱ ሸሸ።
316a8ad3-5e6f-527d-a0fd-3b28fd871def,4be3b2f1-fdb7-53e3-ac71-0195f6adaf8d,8c714b01-8c50-5497-ab47-d4d1c166a798,4,4,እግዚአብሔርም ሙሴን፥ “እጅህን ዘርግተህ ጅራቱን ያዝ” አለው፤ ሙሴም እጁን ዘርግቶ፥ ጅራቱን ይዞ፥ አነሣው በእጁም በትር ሆነ።
0dc8771f-3ca7-5903-a4ef-6c2518399de1,4be3b2f1-fdb7-53e3-ac71-0195f6adaf8d,8c714b01-8c50-5497-ab47-d4d1c166a798,5,5,እግዚአብሔርም፥ “የአባቶቻቸው አምላክ፥ የአብርሃም አምላክ፥ የይስሐቅም አምላክ፥ የያዕቆብም አምላክ እንደ ታየህ ያምኑሃል” አለው።
89c8b216-342c-59e0-a4ad-110a15671aaa,4be3b2f1-fdb7-53e3-ac71-0195f6adaf8d,8c714b01-8c50-5497-ab47-d4d1c166a798,6,6,ዳግመኛም እግዚአብሔር፥ “እጅህን ወደ ብብትህ አግባ አለው።” እጁንም ወደ ብብቱ አገባት፤ “እጅህንም ከብብትህ አውጣ” አለው፤ እጁንም ከብብቱ አወጣ፤ እጁም ለምጽ ሆነች።
6c282854-0765-517b-ac27-6eff767854ec,4be3b2f1-fdb7-53e3-ac71-0195f6adaf8d,8c714b01-8c50-5497-ab47-d4d1c166a798,7,7,ዳግመኛም፥ “እጅህን ወደ ብብትህ መልስ” አለው። እጁንም ወደ ብብቱ መለሳት፤ “እጅህን ከብብትህ አውጣ” አለው፤ እጁንም ከብብቱ አወጣ፤ ተመልሳም ገላውን መሰለች።
91b95a9b-f07b-5e0f-abb6-b99f10a2b24f,4be3b2f1-fdb7-53e3-ac71-0195f6adaf8d,8c714b01-8c50-5497-ab47-d4d1c166a798,8,8,ደግሞም አለው፥ “እንዲህም ይሆናል፤ ባያምኑህ፥ በፊተኛዪቱም ምልክት ቃልህን ባይሰሙ፥ በሁለተኛዪቱ ምልክት ቃልህን ያምናሉ።
c3ab4b1a-acd3-5579-a6ee-8fccb1d801c6,4be3b2f1-fdb7-53e3-ac71-0195f6adaf8d,8c714b01-8c50-5497-ab47-d4d1c166a798,9,9,እንዲህም ይሆናል፤ እነዚህን ሁለት ምልክቶች ባያምኑ፥ ቃልህንም ባይሰሙ፥ ከወንዙ ውኃን ውሰድ፤ በደረቁም መሬት ላይ አፍስሰው፤ ከወንዙም የወሰድኸው ውኃ በደረቁ መሬት ላይ ደም ይሆናል።”
dcbbab62-4601-5121-ab51-2295787a2048,4be3b2f1-fdb7-53e3-ac71-0195f6adaf8d,8c714b01-8c50-5497-ab47-d4d1c166a798,10,10,ሙሴም እግዚአብሔርን አለው፥ “ጌታ ሆይ፥ እማልድሃለሁ፤ ትናንት፥ ከትናንት ወዲያ ባሪያህን ከተናገርኸኝ ጀምሮ አፈ ትብ ሰው አይደለሁም። እኔ አፌ ኰልታፋ፥ ምላሴም ተብታባ የሆነ ሰው ነኝ።”
560be41b-127d-5cfb-a556-d3c4b0f3c42e,4be3b2f1-fdb7-53e3-ac71-0195f6adaf8d,8c714b01-8c50-5497-ab47-d4d1c166a798,11,11,እግዚአብሔርም ሙሴን አለው፥ “ለሰው አፍን የሰጠ ማን ነው? ዲዳስ፥ ደንቆሮስ፥ የሚያይስ፥ ዕውርስ የሚያደርግ ማን ነው? እኔ እግዚአብሔር አይደለሁምን?
798a0753-bb20-5467-a973-1982563e0127,4be3b2f1-fdb7-53e3-ac71-0195f6adaf8d,8c714b01-8c50-5497-ab47-d4d1c166a798,12,12,እንግዲህ አሁን ሂድ፤ እኔም አንደበትህን አረታለሁ፤ ትናገረውም ዘንድ ያለህን አለብምሃለሁ” አለው።
afa3a210-c95a-5db2-ac2f-43f25166e689,4be3b2f1-fdb7-53e3-ac71-0195f6adaf8d,8c714b01-8c50-5497-ab47-d4d1c166a798,13,13,ሙሴም፥ “ጌታ ሆይ፥ እማልድሃለሁ፤ መናገር የሚችል የምትልከው ሌላ ሰው ፈልግ” አለው።
0ecb4b84-f585-56b0-ab75-5c0b04366a13,4be3b2f1-fdb7-53e3-ac71-0195f6adaf8d,8c714b01-8c50-5497-ab47-d4d1c166a798,14,14,እግዚአብሔርም በሙሴ ላይ እጅግ ተቈጣ፤ እንዲህም አለ፥ “ሌዋዊው ወንድምህ አሮን አለ አይደለምን? እርሱ እንደሚናገርልህ አውቃለሁ፤ እነሆም፥ እርሱ ሊገናኝህ ይመጣል፤ በአየህም ጊዜ በልቡ ደስ ይለዋል።
1bc08ccf-4bd8-55f9-a352-67d2d17a82d4,4be3b2f1-fdb7-53e3-ac71-0195f6adaf8d,8c714b01-8c50-5497-ab47-d4d1c166a798,15,15,አንተም ትናገረዋለህ፤ ቃሌንም በአፉ ታደርገዋለህ፤ እኔ አንደበትህንና አንደበቱን አረታለሁ፤ የምታደርጉትንም አለብማችኋለሁ።
f9d42b5a-b7bc-5415-a7cd-7692a15ec739,4be3b2f1-fdb7-53e3-ac71-0195f6adaf8d,8c714b01-8c50-5497-ab47-d4d1c166a798,16,16,እርሱ ስለ አንተ ከሕዝቡ ጋር ይነጋገራል፤ እርሱ አፍ ይሆንልሃል፤ አንተም በእግዚአብሔር ዘንድ ትሆንለታለህ።
30e79c2b-7820-516f-a4fe-f137e75011a0,4be3b2f1-fdb7-53e3-ac71-0195f6adaf8d,8c714b01-8c50-5497-ab47-d4d1c166a798,17,17,ይህችንም ተአምራት የምታደርግባትን በትር በእጅህ ያዝ።”
38b7e3d5-23dd-5f2c-a88b-a440890c9efb,4be3b2f1-fdb7-53e3-ac71-0195f6adaf8d,496658fd-19d4-5dec-af13-4459f55fb57c,1,18,ሙሴም ሄደ፤ ወደ አማቱ ወደ ዮቶርም ተመለሰ፥ “እስከ ዛሬ በሕይወት እንደ አሉ አይ ዘንድ ተመልሼ ወደ ግብፅ ወደ ወንድሞች እሄዳለሁ” አለው። ዮቶርም ሙሴን፥ “በደኅና ሂድ” አለው።
380e8c51-7c1a-56cc-a4bc-cb464e6b9aba,4be3b2f1-fdb7-53e3-ac71-0195f6adaf8d,496658fd-19d4-5dec-af13-4459f55fb57c,2,19,ከብዙ ዘመንም በኋላ የግብፅ ንጉሥ ሞተ። እግዚአብሔርም ሙሴን በምድያም፥ “ነፍስህን የሚሹአት ሰዎች ሁሉ ሞተዋልና ተመልሰህ ወደ ግብፅ ሂድ” አለው።
7bb845ee-1b1b-5809-ae05-0631d37a4643,4be3b2f1-fdb7-53e3-ac71-0195f6adaf8d,496658fd-19d4-5dec-af13-4459f55fb57c,3,20,ሙሴም ሚስቱንና ልጆቹን ወሰደ፤ በአህዮች ላይም አስቀመጣቸው፤ ወደ ግብፅም ሀገር ተመለሰ፤ ሙሴም ያችን የእግዚአብሔርን በትር በእጁ ይዞ ሄደ።
a7b31279-06a2-5f32-ad21-35e0cfa7ad93,4be3b2f1-fdb7-53e3-ac71-0195f6adaf8d,496658fd-19d4-5dec-af13-4459f55fb57c,4,21,እግዚአብሔርም ሙሴን አለው፥ “ወደ ግብፅ ተመልሰህ ስትሄድ በእጅህ ያደረግሁትን ተአምራቴን ሁሉ በፈርዖን ፊት ታደርገው ዘንድ ተመልከት፤ እኔ ግን ልቡን አጸናዋለሁ፤ ሕዝቡንም አይለቅቅም።
a05ce19b-4cf6-552f-a25b-6221d22c82b3,4be3b2f1-fdb7-53e3-ac71-0195f6adaf8d,496658fd-19d4-5dec-af13-4459f55fb57c,5,22,አንተ ግን ፈርዖንን እንዲህ ትለዋለህ፦ እግዚአብሔር እንዲህ ይላል፥ “እስራኤል የበኵር ልጄ ነው፤
5b2771b7-51cd-52c9-a851-65dcd5f5d145,4be3b2f1-fdb7-53e3-ac71-0195f6adaf8d,496658fd-19d4-5dec-af13-4459f55fb57c,6,23,ያመልኩኝ ዘንድ ሕዝቤን ልቀቅ አልሁህ፤ አንተም ልትለቅቃቸው ባትፈቅድ፤ እኔ የበኵር ልጅህን እንደምገድል ዕወቅ።”
a9401f43-2971-5637-ac9d-8b4f62a2b6e1,4be3b2f1-fdb7-53e3-ac71-0195f6adaf8d,496658fd-19d4-5dec-af13-4459f55fb57c,7,24,እንዲህም ሆነ፤ በመንገድ ላይ በአደረበት ስፍራ የእግዚአብሔር መልአክ ተገናኘው፤ ሊገድለውም ፈለገ።
73890f87-61de-521d-aabb-bb0bab6da0e1,4be3b2f1-fdb7-53e3-ac71-0195f6adaf8d,496658fd-19d4-5dec-af13-4459f55fb57c,8,25,ሚስቱ ሲፓራም ባልጩት ወሰደች፤ የልጅዋንም ሸለፈት ገረዘች፤ “ይህ የልጄ የግርዛቱ ደም ስለ እርሱ ፈንታ ይሁን” ብላ ከእግሩ በታች ወደቀች።
3ff2a97e-5f49-58fa-aeaf-57c8d53aea0e,4be3b2f1-fdb7-53e3-ac71-0195f6adaf8d,496658fd-19d4-5dec-af13-4459f55fb57c,9,26,ከእርሱም ሄደ፤ የዚያ ጊዜ፥ “ይህ የልጄ የግርዛቱ ደም ስለ እርሱ ፈንታ ይሁን” ብላለችና።
fe2d8209-8d80-5e62-a689-474a06dde716,4be3b2f1-fdb7-53e3-ac71-0195f6adaf8d,496658fd-19d4-5dec-af13-4459f55fb57c,10,27,እግዚአብሔርም አሮንን አለው፥ “ሄደህ በምድረ በዳ ሙሴን ተገናኘው፤” ሄዶም በእግዚአብሔር ተራራ ተገናኘው፤ እርስ በርሳቸውም ተሳሳሙ።
2fc79584-0495-597d-a037-457385617d11,4be3b2f1-fdb7-53e3-ac71-0195f6adaf8d,496658fd-19d4-5dec-af13-4459f55fb57c,11,28,ሙሴም እግዚአብሔር የላከውን ቃል ሁሉ፥ የአዘዘውንም ተአምራት ሁሉ ለአሮን ነገረው።
ee3ae39c-8d68-5129-a3c9-e17a09ed5926,4be3b2f1-fdb7-53e3-ac71-0195f6adaf8d,496658fd-19d4-5dec-af13-4459f55fb57c,12,29,ሙሴና አሮንም ሄዱ፤ የእስራኤልንም ልጆች ሽማግሌዎች ሁሉ ሰበሰቡ።
799ba328-56c5-5ec4-adfb-c4f3e8982b6e,4be3b2f1-fdb7-53e3-ac71-0195f6adaf8d,496658fd-19d4-5dec-af13-4459f55fb57c,13,30,አሮንም እግዚአብሔር ለሙሴ የነገረውን ቃል ሁሉ ተናገረ፤ ተአምራቱንም በሕዝቡ ፊት አደረገ።
1b643200-b67b-54c0-abe3-1c7f1703197e,4be3b2f1-fdb7-53e3-ac71-0195f6adaf8d,496658fd-19d4-5dec-af13-4459f55fb57c,14,31,ሕዝቡም አመኑ፤ ደስም አላቸው፤ እግዚአብሔር የእስራኤልን ልጆች ጐብኝቶአልና፤ ጭንቀታቸውንም አይቶአልና፤ ሕዝቡም ራሳቸውን ዝቅ አድርገው ሰገዱ።
7801a266-f883-5a69-a81f-3a3ddf41d70b,52fb8e83-761d-53e3-a278-6bed5f5ccb01,03a43287-f2fe-5030-a31b-990cf8ad7e6f,1,1,ከዚህም በኋላ ሙሴና አሮን ወደ ፈርዖን ገብተው እንዲህ አሉት፥ “የእስራኤል አምላክ እግዚአብሔር እንዲህ ይላል፦ ‘በምድረ በዳ በዓል ያደርግልኝ ዘንድ ሕዝቤን ልቀቅ።’ ”
3d219f4e-453e-5a57-a527-c1fd9809eee6,52fb8e83-761d-53e3-a278-6bed5f5ccb01,03a43287-f2fe-5030-a31b-990cf8ad7e6f,2,2,ፈርዖንም፥ “የእስራኤልን ልጆች እለቅቅ ዘንድ ቃሉን የምሰማው እርሱ እግዚአብሔር ማን ነው? እግዚአብሔርን አላውቅም፤ እስራኤልንም ደግሞ አልለቅቅም” አለ።
331b06af-8ca2-5be6-ab53-8ea8e13f926d,52fb8e83-761d-53e3-a278-6bed5f5ccb01,03a43287-f2fe-5030-a31b-990cf8ad7e6f,3,3,እነርሱም፥ “ቸነፈር ወይም ሰይፍ እንዳይጥልብን የሦስት ቀን መንገድ በምድረ በዳ እንድንሄድ፥ ለአምላካችን ለእግዚአብሔር እንድንሠዋ የዕብራውያን አምላክ ጠራን” አሉት።
38368b73-4d0c-5aef-a2d1-f92d42665ae9,52fb8e83-761d-53e3-a278-6bed5f5ccb01,03a43287-f2fe-5030-a31b-990cf8ad7e6f,4,4,የግብፅ ንጉሥም፥ “እናንተ ሙሴና አሮን፥ ሕዝቡን ለምን ሥራቸዉን ታስተዋላችሁ? ወደ ተግባራችሁ ሂዱ” አላቸው።
9d9ddb15-c77b-5c7a-a9d9-9ad08a63c264,52fb8e83-761d-53e3-a278-6bed5f5ccb01,03a43287-f2fe-5030-a31b-990cf8ad7e6f,5,5,ፈርዖንም ለሕዝቡ አለ፥ “እነሆ፥ ሕዝቡ በምድር በጣም በዝተዋል፤ እናንተም ከሥራቸው አሳርፋችኋቸዋል።
94f7975f-0286-551c-aa47-f28f0feb0e91,52fb8e83-761d-53e3-a278-6bed5f5ccb01,03a43287-f2fe-5030-a31b-990cf8ad7e6f,6,6,ፈርዖንም በዚያ ቀን የሕዝቡን አሠሪዎችና ጸሓፊዎች እንዲህ ሲል አዘዘ፦
b24772ff-c835-5b86-ac4f-2cf5100222bb,52fb8e83-761d-53e3-a278-6bed5f5ccb01,03a43287-f2fe-5030-a31b-990cf8ad7e6f,7,7,“እንደ ወትሮው ለጡብ ሥራ ደግሞ ገለባ ለሕዝቡ አትስጡ፤ ነገር ግን እነርሱ ሄደው ለራሳቸው ገለባ ይሰብስቡ።
ca4828a6-9bb7-51f4-a09b-963f8d8588bb,52fb8e83-761d-53e3-a278-6bed5f5ccb01,03a43287-f2fe-5030-a31b-990cf8ad7e6f,8,8,ቀድሞ ያደርጉት የነበረውን የጡብ ቍጥር እንዲሁ በየቀኑ በእነርሱ ላይ አድርጉት፤ ምንም ከእርሱ አታጕድሉ፤ ሥራ ሰልችተዋልና ስለዚህ፦ ‘ለአምላካችን እንድንሠዋ እንሂድ’ እያሉ ይጮሃሉ።
727b243b-9bb6-5c6b-a887-dc91080a1469,52fb8e83-761d-53e3-a278-6bed5f5ccb01,03a43287-f2fe-5030-a31b-990cf8ad7e6f,9,9,በእነዚህ ሰዎች ላይ ሥራው ይክበድባቸው፤ ይህን ብቻ ያስባሉ፤ ከንቱ ቃልም አያስቡም።”
f0a30a29-4bd3-50d0-a076-818332cd8995,52fb8e83-761d-53e3-a278-6bed5f5ccb01,03a43287-f2fe-5030-a31b-990cf8ad7e6f,10,10,የሕዝቡም አሠሪዎችና ጸሓፊዎች ወጡ፤ ሕዝቡንም፥ “ፈርዖን እንዲህ ይላል፦ እንግዲህ ገለባ አይሰጣችሁም፤
a5039872-0877-581c-a1e4-df3d07e501f8,52fb8e83-761d-53e3-a278-6bed5f5ccb01,03a43287-f2fe-5030-a31b-990cf8ad7e6f,11,11,እናንተ ሂዱ፤ ከምታገኙበትም ስፍራ ገለባ ሰብስቡ፤ ከምትሠሩት ጡብ ግን ምንም አይጐድልም” አሉአቸው።
b11f5542-b743-5644-aeb2-09cd8a1f994a,52fb8e83-761d-53e3-a278-6bed5f5ccb01,03a43287-f2fe-5030-a31b-990cf8ad7e6f,12,12,ሕዝቡም ሁሉ ስለ ገለባ እብቅ ሊሰበስቡ በግብፅ ምድር ሁሉ ተበተኑ።
f1f4b7c0-2645-5d70-ad2e-bfaa78171469,52fb8e83-761d-53e3-a278-6bed5f5ccb01,03a43287-f2fe-5030-a31b-990cf8ad7e6f,13,13,አሠሪዎቹም፥ “ገለባ ትቀበሉበት እንደነበረ ጊዜ የቀን ሥራችሁን ጨርሱ” እያሉ ያስቸኩሉአቸው ነበር።
b244da66-0628-52b8-a656-11a85db01146,52fb8e83-761d-53e3-a278-6bed5f5ccb01,03a43287-f2fe-5030-a31b-990cf8ad7e6f,14,14,የፈርዖንም ሹሞች፥ “ቀድሞ ታደርጉት እንደ ነበራችሁ እንደ ትናንትናውና እንደ ትናንትና በስቲያው የተቈጠረውን ጡብ ዛሬስ ስለምን አትጨርሱም?” እያሉ በእስራኤል ልጆች ላይ የተሾሙትን አለቆች ይገርፉ ነበር።
5a3c2d6e-0bf2-53a1-adb9-0d0a55d5bd95,52fb8e83-761d-53e3-a278-6bed5f5ccb01,03a43287-f2fe-5030-a31b-990cf8ad7e6f,15,15,የእስራኤል ልጆች አለቆችም ወደ ፈርዖን ገቡ፥ “ለምን በአገልጋዮችህ እንዲህ ታደርጋለህ? ገለባ አይሰጡአቸውም፤ ጡቡንም ሥሩ ይሉአቸዋል፤
c9cdbd16-6bc9-589f-aaa5-1d3dab0f433a,52fb8e83-761d-53e3-a278-6bed5f5ccb01,03a43287-f2fe-5030-a31b-990cf8ad7e6f,16,16,እነሆም፥ አገልጋዮችህ ይገረፋሉ፤ ይገፋሉም፤ ግፉም በአንተ ሕዝብ ላይ ነው” ብለው ጮኹ።
a74f40cf-ef94-53a9-ad94-8de78d110a84,52fb8e83-761d-53e3-a278-6bed5f5ccb01,03a43287-f2fe-5030-a31b-990cf8ad7e6f,17,17,እርሱ ግን፥ “እናንተ አርፋችኋል፤ ቦዝናችኋል፤ ስለዚህም፦ ‘እንሂድ ለእግዚአብሔርም እንሠዋ’ ትላላችሁ።
2895c856-de0b-5c9b-ade6-d1438e1ed2b5,52fb8e83-761d-53e3-a278-6bed5f5ccb01,03a43287-f2fe-5030-a31b-990cf8ad7e6f,18,18,አሁንም ሂዱ፤ ሥሩ፤ ገለባም አይሰጡአችሁም፤ የጡቡን ቍጥር ግን ታመጣላችሁ” አላቸው።
3a4b636e-bc49-52e7-a741-fddaacece125,52fb8e83-761d-53e3-a278-6bed5f5ccb01,03a43287-f2fe-5030-a31b-990cf8ad7e6f,19,19,የእስራኤልም ልጆች አለቆች ዕለት ዕለት ከምትሠሩት ከጡቡ ቍጥር ምንም አታጕድሉ ባሉአቸው ጊዜ ነገሩ እንደ ከፋባቸው አዩ።
567f52f5-c122-5135-ac96-b7295835541c,52fb8e83-761d-53e3-a278-6bed5f5ccb01,03a43287-f2fe-5030-a31b-990cf8ad7e6f,20,20,ከፈርዖንም ዘንድ ሲወጡ ሙሴንና አሮንን በፊታቸው ቆመው ተገናኙአቸው።
f16980da-1c19-5f09-af2b-2711aef62df9,52fb8e83-761d-53e3-a278-6bed5f5ccb01,03a43287-f2fe-5030-a31b-990cf8ad7e6f,21,21,እነርሱም፥ “በፈርዖንና በሹሞቹ ፊት ሽታችንን አግምታችሁታልና፥ ይገድለንም ዘንድ ሰይፍን በእጁ ሰጥታችሁታልና እግዚአብሔር ይመልከታችሁ፤ ይፍረድባችሁም” አሉአቸው።
911795fc-5cc5-5d9e-a655-9a4d88b34acf,52fb8e83-761d-53e3-a278-6bed5f5ccb01,9d416de1-9fcf-5afa-a007-20d5a7b8a7f2,1,22,ሙሴም ወደ እግዚአብሔር ተመለሰና፥ “ጌታ ሆይ፥ ስለምን ይህን ሕዝብ አስከፋህ? ስለ ምንስ ላክኸኝ?
50c6fe66-b90d-5870-a0d5-cc7b601e422d,52fb8e83-761d-53e3-a278-6bed5f5ccb01,9d416de1-9fcf-5afa-a007-20d5a7b8a7f2,2,23,በስምህ እናገር ዘንድ ወደ ፈርዖን ከገባሁ ወዲህ፥ ይህን ሕዝብ አስከፍቶታልና፤ አንተም ሕዝብህን ከቶ አላዳንኸውም” አለ።
63ca8a92-0ddd-524b-a3cf-f348c11cc618,34e1a0d5-ffed-57c1-aead-0edb790902be,daf9c0ef-bab4-5c9a-a44b-45d6e7e7504a,1,1,እግዚአብሔርም ሙሴን አለው፥ “በጸናች እጅ ይለቅቃቸዋልና፥ በተዘረጋችም ክንድ ከምድሩ አስወጥቶ ይሰድዳቸዋልና አሁን በፈርዖን የማደርገውን ታያለህ።”
94ac625a-ca0e-5519-a0a0-047cb855f0e1,34e1a0d5-ffed-57c1-aead-0edb790902be,daf9c0ef-bab4-5c9a-a44b-45d6e7e7504a,2,2,እግዚአብሔርም ሙሴን ተናገረው አለውም፥ “እኔ እግዚአብሔር ነኝ።
f075820d-4c69-5beb-a384-586801f15718,34e1a0d5-ffed-57c1-aead-0edb790902be,daf9c0ef-bab4-5c9a-a44b-45d6e7e7504a,3,3,ለአብርሃምም፥ ለይስሐቅም፥ ለያዕቆብም ሁሉን እንደሚችል አምላክ ተገለጥሁ፤ ነገር ግን ስሜ እግዚአብሔር አልታወቀላቸውም ነበር።
4aec1a62-b211-5dd5-a123-ccf5ec8cf8be,34e1a0d5-ffed-57c1-aead-0edb790902be,daf9c0ef-bab4-5c9a-a44b-45d6e7e7504a,4,4,የነበሩባትንም የከነዓንን ምድር እሰጣቸው ዘንድ ከእነርሱ ጋር ቃል ኪዳኔን አቆምሁ።
09ffe005-d906-520a-aac0-40ab9fa57f05,34e1a0d5-ffed-57c1-aead-0edb790902be,daf9c0ef-bab4-5c9a-a44b-45d6e7e7504a,5,5,ደግሞ እኔ ግብፃውያን የገዙአቸውን የእስራኤልን ልጆች ልቅሶ ሰማሁ፤ ቃል ኪዳኔንም አሰብሁ።”
5471b6ad-e032-527f-a866-a4430271b51f,34e1a0d5-ffed-57c1-aead-0edb790902be,daf9c0ef-bab4-5c9a-a44b-45d6e7e7504a,6,6,ስለዚህም ፈጥነህ ለእስራኤል ልጆች እንዲህ በላቸው፥ “እኔ እግዚአብሔር ነኝ፤ ከግብፃውያንም ተገዥነት አወጣችኋለሁ፤ ከባርነታቸውም አድናችኋለሁ፤ በተዘረጋ ክንድ፤ በታላቅ ፍርድም እታደጋችኋለሁ፤
800f81d5-0150-52b5-a5c0-e294ebd6881c,34e1a0d5-ffed-57c1-aead-0edb790902be,daf9c0ef-bab4-5c9a-a44b-45d6e7e7504a,7,7,ለእኔም ሕዝብ እንድትሆኑ እቀበላችኋለሁ፤ አምላክም እሆናችኋለሁ፤ እኔም ከግብፃውያን ባርነት ያወጣኋችሁ እግዚአብሔር አምላካችሁ እንደ ሆንሁ ታውቃላችሁ።
f6d47e5a-55b1-5fb5-a9e8-bc8307a3898c,34e1a0d5-ffed-57c1-aead-0edb790902be,daf9c0ef-bab4-5c9a-a44b-45d6e7e7504a,8,8,ለአብርሃምና ለይስሐቅ፥ ለያዕቆብም እሰጣት ዘንድ እጄን ወደ ዘረጋሁባት ምድር አገባችኋለሁ፤ እርስዋንም ርስት አድርጌ እሰጣችኋለሁ፤ እኔ እግዚአብሔር ነኝ።”
7bca42ca-494e-5df2-a1ea-d1bdfe36e8d7,34e1a0d5-ffed-57c1-aead-0edb790902be,daf9c0ef-bab4-5c9a-a44b-45d6e7e7504a,9,9,ሙሴም ይህን ለእስራኤል ልጆች ተናገረ፤ እነርሱ ግን ከሰውነታቸው መጨነቅ፥ ከሥራቸውም ክብደት የተነሣ ቃሉን አልሰሙትም።
07e8546e-0f0a-5862-a00c-a9611601b1fd,34e1a0d5-ffed-57c1-aead-0edb790902be,daf9c0ef-bab4-5c9a-a44b-45d6e7e7504a,10,10,እግዚአብሔርም ሙሴን እንዲህ ብሎ ተናገረው፦
1ed25a2a-dd28-5ed1-a738-644db41de011,34e1a0d5-ffed-57c1-aead-0edb790902be,daf9c0ef-bab4-5c9a-a44b-45d6e7e7504a,11,11,“ግባ፤ የእስራኤልን ልጆች ከሀገሩ ይለቅቅ ዘንድ ለግብፅ ንጉሥ ለፈርዖን ንገረው።”
0c9544f7-5425-59f4-ae7b-a750ceaafb7a,34e1a0d5-ffed-57c1-aead-0edb790902be,daf9c0ef-bab4-5c9a-a44b-45d6e7e7504a,12,12,ሙሴም በእግዚአብሔር ፊት፥ “እነሆ፥ የእስራኤል ልጆች አልሰሙኝም፤ እንዴትስ ፈርዖን ይሰማኛል? እኔም አንደበተ ርቱዕ አይደለሁም” ብሎ ተናገረ።
3ea13119-9d29-5d4e-a418-c23d550691e1,34e1a0d5-ffed-57c1-aead-0edb790902be,daf9c0ef-bab4-5c9a-a44b-45d6e7e7504a,13,13,እግዚአብሔርም ሙሴንና አሮንን ተናገራቸው፤ የግብፅ ንጉሥ ፈርዖንም የእስራኤልን ልጆች ከግብፅ እንዲያወጣቸው ይነግሩት ዘንድ አዘዛቸው።
95ea1f69-0538-5e7e-a6b0-8ea380d60df8,34e1a0d5-ffed-57c1-aead-0edb790902be,4a0c0839-4ca5-5329-afa4-01de8409a450,1,14,የአባቶቻቸውም ቤት አለቆች እነዚህ ናቸው። የእስራኤል የበኵር ልጅ የሮቤል ልጆች ሄኖኅ፥ ፍሉስ፥ አስሮን፥ ከርሚ፤ እነዚህ የሮቤል ትውልድ ናቸው።
2dcb1f54-2ce5-5117-a0b7-546b04525689,34e1a0d5-ffed-57c1-aead-0edb790902be,4a0c0839-4ca5-5329-afa4-01de8409a450,2,15,የስምዖንም ልጆች፤ ይሙኤል፥ ያሚን፥ አኡድ፥ ያኪን፥ ሱሐር፥ የፊኒቃዊቱም ልጅ ሳኡል፤ እነዚህ የስምዖን ትውልድ ናቸው።
f28e5f3b-6cd3-5ad6-a9d0-ff6fe54575f0,34e1a0d5-ffed-57c1-aead-0edb790902be,4a0c0839-4ca5-5329-afa4-01de8409a450,3,16,እነዚህም እንደ ወገኖቻቸው የሌዊ ልጆች ስሞች ናቸው፤ ጌድሶን፥ ቀዓት፥ ሜራሪ ናቸው። የሌዊም የሕይወት ዘመን መቶ ሠላሳ ሰባት ዓመት ነው።
8160c570-9a3c-5694-a610-ea92e9d4af0c,34e1a0d5-ffed-57c1-aead-0edb790902be,4a0c0839-4ca5-5329-afa4-01de8409a450,4,17,የጌድሶንም ልጆች በየአባታቸው ወገን ሎቤኒ፥ ሰሜኢ ናቸው።
23adbe65-eab0-58c6-af20-ab2827d0dc84,34e1a0d5-ffed-57c1-aead-0edb790902be,4a0c0839-4ca5-5329-afa4-01de8409a450,5,18,የቀዓትም ልጆች እንበረም፥ ይስዓር፥ ኬብሮን፥ ዑዝኤል ናቸው፤ የቀዓትም የሕይወቱ ዘመን መቶ ሠላሳ ሦስት ዓመት ነው።
a97259e3-fb87-512d-a38d-10a15f330a76,34e1a0d5-ffed-57c1-aead-0edb790902be,4a0c0839-4ca5-5329-afa4-01de8409a450,6,19,የሜራሪ ልጆች ሞሖሊ፥ ሐሙሲ ናቸው። እነዚህም እንደ ትውልዳቸው የሌዊ ትውልድ ናቸው።
c0c8592d-29f2-58fd-a335-c03ffbe334ec,34e1a0d5-ffed-57c1-aead-0edb790902be,4a0c0839-4ca5-5329-afa4-01de8409a450,7,20,እንበረምም የአባቱን ወንድም ልጅ ዮካብድን አገባ፤ አሮንንና ሙሴን፥ እኅታቸውንም ማርያምን ወለደችለት፤ የእንበረምም የሕይወቱ ዘመን መቶ ሠላሳ ሰባት ዓመት ነው።
ec5273ec-7bc5-5fe2-a322-c8fe82a3c16a,34e1a0d5-ffed-57c1-aead-0edb790902be,4a0c0839-4ca5-5329-afa4-01de8409a450,8,21,የይስዓርም ልጆች ቆሬ፥ ናፌግ፥ ዝክሪ ናቸው።
65fdd362-2b4c-5637-a1ae-d49f1cfe2307,34e1a0d5-ffed-57c1-aead-0edb790902be,4a0c0839-4ca5-5329-afa4-01de8409a450,9,22,የዑዝኤልም ልጆች ሚሳኤል፥ ኤልሳፋን፥ ሴትሪ ናቸው።
0ab40f57-8055-5e29-aa17-934707c07876,34e1a0d5-ffed-57c1-aead-0edb790902be,4a0c0839-4ca5-5329-afa4-01de8409a450,10,23,አሮንም የአሚናዳብን ልጅ የነአሶንን እኅት ኤልሳቤጥን አገባ። እርስዋም ናዳብንና አብዩድን፥ አልዓዛርንና ኢታምርን ወለደችለት።
6d54080d-e80e-5807-a664-bc4a443dabf7,34e1a0d5-ffed-57c1-aead-0edb790902be,4a0c0839-4ca5-5329-afa4-01de8409a450,11,24,የቆሬ ልጆች አሴር፥ ሕልቃና፥ አብያሳፍ ናቸው፤ እነዚህ የቆሬ ልጆች ትውልድ ናቸው።
22a27363-2322-5a6a-a66c-6705aa2a7998,34e1a0d5-ffed-57c1-aead-0edb790902be,4a0c0839-4ca5-5329-afa4-01de8409a450,12,25,የአሮንም ልጅ አልዓዛር ከፋትኤል ልጆች ሚስትን አገባ፤ እርስዋም ፊንሐስን ወለደችለት። እነዚህም በየወገኖቻቸው የሌዋውያን አባቶች አለቆች ናቸው።
f65e8695-7f55-5df2-afd3-599a6d835e7c,34e1a0d5-ffed-57c1-aead-0edb790902be,4a0c0839-4ca5-5329-afa4-01de8409a450,13,26,እነዚህ አሮንና ሙሴ እግዚአብሔር፥ “ከግብፅ ምድር ከሠራዊቶቻቸው ጋር የእስራኤልን ልጆች አውጡ” ያላቸው ናቸው።
413fedd8-fdd7-5e7e-a109-6719668e040a,34e1a0d5-ffed-57c1-aead-0edb790902be,4a0c0839-4ca5-5329-afa4-01de8409a450,14,27,እነዚህ የእስራኤልን ልጆች ከግብፅ ያወጡ ዘንድ ከግብፅ ንጉሥ ከፈርዖን ጋር የተነጋገሩ ናቸው፤ እነዚህም ሙሴና አሮን ናቸው።
fe32db3b-a1f9-5f61-a108-3f2d6ef9cc12,34e1a0d5-ffed-57c1-aead-0edb790902be,e147dd0c-7acc-504c-ae7c-dd37e15c88ae,1,28,እግዚአብሔርም በግብፅ ሀገር ሙሴን በተናገረው ቀን እንዲህ ሆነ፤
8be1412f-55a7-5e25-a92e-47dd36d2c124,34e1a0d5-ffed-57c1-aead-0edb790902be,e147dd0c-7acc-504c-ae7c-dd37e15c88ae,2,29,እግዚአብሔር ሙሴን፥ “እኔ እግዚአብሔር ነኝ፤ እኔ የምነግርህን ሁሉ ለግብፅ ንጉሥ ለፈርዖን ንገር” ብሎ ተናገረው።
d133eb8e-a736-5f37-a782-46579fe365d6,34e1a0d5-ffed-57c1-aead-0edb790902be,e147dd0c-7acc-504c-ae7c-dd37e15c88ae,3,30,ሙሴም በእግዚአብሔር ፊት፥ “እነሆ፥ እኔ አንደበተ ርቱዕ አይደለሁም፤ እንዴትስ ፈርዖን ይሰማኛል?” አለ።
cd7ff576-2951-5f18-aa78-69295e3bea0a,ca84ce93-46cd-591c-a7ee-ce55e5d43762,5b78a624-5867-56af-a701-9bec45d506e2,1,1,እግዚአብሔርም ሙሴን አለው፥ “እነሆ፥ እኔ ለፈርዖን አምላክ አድርጌሃለሁ፤ ወንድምህም አሮን ነቢይ ይሆንልሃል።
6ea1c484-5d1f-529d-af0e-0d1cc3d07722,ca84ce93-46cd-591c-a7ee-ce55e5d43762,5b78a624-5867-56af-a701-9bec45d506e2,2,2,ያዘዝሁህን ነገር ሁሉ አንተ ትነግረዋለህ፤ ወንድምህም አሮን የእስራኤልን ልጆች ከሀገሩ ይለቅቅ ዘንድ ለፈርዖን ይንገረው።
214bc7c4-02db-55b8-a5b7-21899a1f7863,ca84ce93-46cd-591c-a7ee-ce55e5d43762,5b78a624-5867-56af-a701-9bec45d506e2,3,3,እኔም የፈርዖንን ልብ አጸናለሁ፤ በግብፅ ምድርም ድንቄንና ተአምራቴን አበዛለሁ።
b54cdd20-26e3-5bc2-a770-c9571b14ee74,ca84ce93-46cd-591c-a7ee-ce55e5d43762,5b78a624-5867-56af-a701-9bec45d506e2,4,4,ፈርዖንም አይሰማችሁም፤ እጄንም በግብፅ ላይ አደርጋለሁ፤ የእስራኤልንም ልጆች ሕዝቤን በኀይሌ በታላቅ ፍርድ ከግብፅ ሀገር አወጣለሁ።
6440d67a-c912-5b1b-a8bc-686fbdc10a96,ca84ce93-46cd-591c-a7ee-ce55e5d43762,5b78a624-5867-56af-a701-9bec45d506e2,5,5,ግብፃውያንም እጄን በግብፅ ላይ በዘረጋሁ ጊዜ፥ የእስራኤልንም ልጆች ከመካከላቸው በአወጣሁ ጊዜ፥ እኔ እግዚአብሔር እንደ ሆንሁ ያውቃሉ።”
00190aed-81c5-5953-a595-9a0f7edfea5d,ca84ce93-46cd-591c-a7ee-ce55e5d43762,5b78a624-5867-56af-a701-9bec45d506e2,6,6,ሙሴና አሮንም እንዲህ አደረጉ፤ እግዚአብሔር እንዳዘዛቸው አደረጉ።
c6be3d2b-bab5-5a4b-ae17-50c41f255450,ca84ce93-46cd-591c-a7ee-ce55e5d43762,5b78a624-5867-56af-a701-9bec45d506e2,7,7,ፈርዖንንም በተናገሩት ጊዜ ሙሴ ሰማንያ ዓመት ሆኖት ነበር፤ አሮንም ሰማንያ ሦስት ዓመት ሆኖት ነበረ።
4c3e6e7b-a64f-57df-a097-9291ec96da88,ca84ce93-46cd-591c-a7ee-ce55e5d43762,15d828b0-6bc2-584a-a2c3-6b63511679e5,1,8,እግዚአብሔርም ሙሴንና አሮንን እንዲህ ሲል ተናገራቸው፦
c9161964-de48-5e1f-aa57-441e0ec526be,ca84ce93-46cd-591c-a7ee-ce55e5d43762,15d828b0-6bc2-584a-a2c3-6b63511679e5,2,9,“ፈርዖን፦ ተአምራትንና ድንቅን አሳዩኝ ሲላችሁ፥ ወንድምህ አሮንን፦ ‘በትርህን ወስደህ በፈርዖንና በሹሞቹ ፊት ጣላት’ በለው፤ እባብም ትሆናለች።”
39faa3bd-b9d0-51b3-ac7c-41e29454d97a,ca84ce93-46cd-591c-a7ee-ce55e5d43762,15d828b0-6bc2-584a-a2c3-6b63511679e5,3,10,ሙሴና አሮንም ወደ ፈርዖን ገቡ፤ እግዚአብሔርም እንዳዘዛቸው እንዲሁ አደረጉ፤ አሮንም በትሩን በፈርዖንና በሹሞቹ ፊት ጣለ፤ እባብም ሆነች።
96c1fb8c-ca1c-5892-a22a-b0a966f3c1ac,ca84ce93-46cd-591c-a7ee-ce55e5d43762,15d828b0-6bc2-584a-a2c3-6b63511679e5,4,11,ፈርዖንም ጠቢባንንና መተተኞችን ጠራ፤ የግብፅም ጠንቋዮች በአስማታቸው እንዲሁ ደግሞ አደረጉ።
43de9d6d-29d8-5860-af5f-3985a076cca4,ca84ce93-46cd-591c-a7ee-ce55e5d43762,15d828b0-6bc2-584a-a2c3-6b63511679e5,5,12,እያንዳንዳቸውም በትራቸውን ጣሉ፤ እባቦችም ሆኑ፤ የአሮን በትር ግን በትራቸውን ዋጠች።
84517813-f028-58e2-a204-017655e78025,ca84ce93-46cd-591c-a7ee-ce55e5d43762,15d828b0-6bc2-584a-a2c3-6b63511679e5,6,13,እግዚአብሔርም እንደ ተናገረ፥ የፈርዖን ልብ ጸና፤ መስማትንም እንቢ አለ።
101a8f13-8870-512b-a48f-ee5e14d8f299,ca84ce93-46cd-591c-a7ee-ce55e5d43762,1a647757-1633-5c50-a29c-b876af0f88b9,1,14,እግዚአብሔርም ሙሴን አለው፥ “ሕዝቡን እንዳይለቅቅ የፈርዖን ልብ ደነደነ።
831adaf1-79bd-52c2-a931-3469f276fc73,ca84ce93-46cd-591c-a7ee-ce55e5d43762,1a647757-1633-5c50-a29c-b876af0f88b9,2,15,ማልደህ ወደ ፈርዖን ሂድ፤ እነሆ፥ ወደ ውኃ ይወጣል፤ ትገናኘውም ዘንድ አንተ በወንዝ ዳር ትቆማለህ፤ እባብም ሆና የተለወጠችዉን በትር በእጅህ ትወስዳለህ።
ac08a7c8-d222-5db9-a326-6f0c27c22fb1,ca84ce93-46cd-591c-a7ee-ce55e5d43762,1a647757-1633-5c50-a29c-b876af0f88b9,3,16,እንዲህም ትለዋለህ፦ ‘የዕብራውያን አምላክ እግዚአብሔር፦ በምድረ በዳ እንዲያመልኩኝ ሕዝቤን ልቀቅ’ ብሎ ወደ አንተ ላከኝ፤ እነሆም፥ እስከ ዛሬ አልሰማህም።
1beece96-85f6-57bc-a1f5-fc4f649afb40,ca84ce93-46cd-591c-a7ee-ce55e5d43762,1a647757-1633-5c50-a29c-b876af0f88b9,4,17,እግዚአብሔር እንዲህ ይላል፦ እኔ እግዚአብሔር እንደ ሆንሁ በዚህ ታውቃለህ፤ እነሆ፥ እኔ የወንዙን ውኃ በእጄ ባለችው በትር እመታለሁ፤ ውኃውም ወደ ደም ይለወጣል።
30ca9a05-b6ff-5db7-a9fe-ad956661b01b,ca84ce93-46cd-591c-a7ee-ce55e5d43762,1a647757-1633-5c50-a29c-b876af0f88b9,5,18,በወንዙም ያሉት ዓሦች ይሞታሉ፤ ወንዙም ይገማል፤ ግብፃውያንም የወንዙን ውኃ ለመጠጣት አይችሉም።”
be9f9364-2c74-541c-aa13-b4d3876e4b94,ca84ce93-46cd-591c-a7ee-ce55e5d43762,1a647757-1633-5c50-a29c-b876af0f88b9,6,19,እግዚአብሔርም ሙሴን አለው፥ “ወንድምህ አሮንን፦ ‘በትርህን ውሰድ፤ በግብፅ ውኆች፥ በወንዞቻቸው፥ በመስኖዎቻቸውም፥ በኩሬዎቻቸውም፥ በውኃ ማከማቻቸውም ሁሉ ላይ እጅህን ዘርጋ’ በለው፤ ደምም ይሆናል፤” በግብፅም ሀገር ሁሉ በዕንጨት ዕቃና በድንጋይ ዕቃ ሁሉ ደም ሆነ።
a6a7e090-ee60-5518-a91f-668457be73b4,ca84ce93-46cd-591c-a7ee-ce55e5d43762,1a647757-1633-5c50-a29c-b876af0f88b9,7,20,ሙሴና አሮንም እግዚአብሔር እንዳዘዛቸው እንዲሁ አደረጉ፤ አሮንም በትሩን አነሣ፤ በፈርዖንና በሹሞቹ ፊት የወንዙን ውኃ መታ፤ የወንዙም ውኃ ሁሉ ተለውጦ ደም ሆነ።
dfa60884-029b-5f83-a1cd-a3b507e9b0c0,ca84ce93-46cd-591c-a7ee-ce55e5d43762,1a647757-1633-5c50-a29c-b876af0f88b9,8,21,በወንዙም የነበሩ ዓሦች ሞቱ፤ ወንዙም ገማ፤ ግብፃውያንም ከወንዙ ውኃ ይጠጡ ዘንድ አልቻሉም፤ ደሙም በግብፅ ሀገር ሁሉ ሆነ።
c178c467-d304-54d4-a480-b15b32118b48,ca84ce93-46cd-591c-a7ee-ce55e5d43762,1a647757-1633-5c50-a29c-b876af0f88b9,9,22,የግብፅም ጠንቋዮች በአስማታቸው እንዲሁ አደረጉ፤ እግዚአብሔርም እንደ ተናገረ የፈርዖን ልብ ጸና፤ አልሰማቸውምም።
936dc67f-fc9e-525d-a32d-fa441f609f84,ca84ce93-46cd-591c-a7ee-ce55e5d43762,1a647757-1633-5c50-a29c-b876af0f88b9,10,23,ፈርዖንም ተመልሶ ወደ ቤቱ ገባ፤ በዚህም ሁሉ ልቡ አልተመለሰም።
aafa4667-af76-530e-abee-79adf1758247,ca84ce93-46cd-591c-a7ee-ce55e5d43762,1a647757-1633-5c50-a29c-b876af0f88b9,11,24,ግብፃውያንም ሁሉ ከወንዙ ውኃ ይጠጡ ዘንድ አልቻሉምና በወንዙ ዳር ውኃ ሊጠጡ ቈፈሩ።
d0bd1161-f1e0-5a3c-aa03-303a01d1490b,ca84ce93-46cd-591c-a7ee-ce55e5d43762,1a647757-1633-5c50-a29c-b876af0f88b9,12,25,እግዚአብሔርም ወንዙን ከመታ በኋላ ሰባት ቀን ተፈጸመ።
f68ecda3-d475-53e5-ab30-3d9e48d86205,14409c91-88ad-5251-ae5e-a16d058c8b93,36973644-10da-5d13-a8f1-c75ef818c6c7,1,1,እግዚአብሔርም ሙሴን አለው፥ “ወደ ፈርዖን ግባ፤ እንዲህም በለው፦ እግዚአብሔር እንዲህ ይላል፦ ያመልኩኝ ዘንድ ሕዝቤን ልቀቅ።
2c5f3b3c-46df-5e9d-a8f6-97f119085891,14409c91-88ad-5251-ae5e-a16d058c8b93,36973644-10da-5d13-a8f1-c75ef818c6c7,2,2,ለመልቀቅ እንቢ ብትል ግን እነሆ፥ ሀገርህን ሁሉ በጓጕንቸሮች እመታለሁ፤
3d246018-9a65-5497-adb5-2969879832e4,14409c91-88ad-5251-ae5e-a16d058c8b93,36973644-10da-5d13-a8f1-c75ef818c6c7,3,3,ወንዙም ጓጕንቸሮችን ያፈላል፤ ወጥተውም ወደ ቤትህ፥ ወደ መኝታ ቤትህ፥ ወደ አልጋህም፥ ወደ ሹሞችህም ቤት፥ በሕዝብህም ላይ፥ ወደ ቡሃቃዎችህም፥ ወደ ምድጃዎችህም ይገባሉ፤
54be7024-6d16-52e5-a84f-8cfca95078a3,14409c91-88ad-5251-ae5e-a16d058c8b93,36973644-10da-5d13-a8f1-c75ef818c6c7,4,4,ጓጕንቸሮችም በአንተ፥ በሕዝብህም፥ በሹሞችህም ሁሉ ላይ ይወጣሉ።”
9728e8b0-291f-58c2-a87f-ef4f23252541,14409c91-88ad-5251-ae5e-a16d058c8b93,36973644-10da-5d13-a8f1-c75ef818c6c7,5,5,እግዚአብሔርም ሙሴን አለው፥ “ወንድምህን አሮንን፦ ‘በትርህን ይዘህ በወንዞቹና በመስኖዎቹ፥ በውኃ ማከማቻዎቹም ላይ እጅህን ዘርጋ፤ ጓጕንቸሮችንም አውጣ’ ” በለው።
a5db19f0-e17e-5ad9-a682-b27aacf35855,14409c91-88ad-5251-ae5e-a16d058c8b93,36973644-10da-5d13-a8f1-c75ef818c6c7,6,6,አሮንም በግብፅ ውኆች ላይ እጁን ዘረጋ፤ ጓጕንቸሮቹም ወጡ፤ የግብፅንም ሀገር ሸፈኑ።
16bed06b-1909-59f9-acec-d3eb81d4ebcf,14409c91-88ad-5251-ae5e-a16d058c8b93,36973644-10da-5d13-a8f1-c75ef818c6c7,7,7,የግብፅ ጠንቋዮችም በአስማታቸው እንዲህ አደረጉ፤ በግብፅም ሀገር ላይ ጓጕንቸሮችን አወጡ።
237281bd-b0cd-554d-a095-9f79f4f7b314,14409c91-88ad-5251-ae5e-a16d058c8b93,36973644-10da-5d13-a8f1-c75ef818c6c7,8,8,ፈርዖንም ሙሴንና አሮንን ጠርቶ፥ “ጓጕንቸሮቹን ከእኔ፥ ከሕዝቤም እንዲያርቅ ወደ እግዚአብሔር ጸልዩልኝ፤ ለእግዚአብሔርም ይሠዋ ዘንድ ሕዝቡን እለቅቃለሁ” አላቸው።
92551a1a-479e-5a51-a0ca-64a436755dd3,14409c91-88ad-5251-ae5e-a16d058c8b93,36973644-10da-5d13-a8f1-c75ef818c6c7,9,9,ሙሴም ፈርዖንን፥ “ጓጕንቸሮቹ ከአንተ፥ ከሕዝብህም፥ ከቤቶችህም እንዲጠፉ፥ በወንዙም ብቻ እንዲቀሩ፥ ለአንተ፥ ለሹሞችህም፥ ለሕዝብህም መቼ እንድጸልይ ቅጠረኝ” አለው። ፈርዖንም፥ “ነገ” አለው።
5e9886cf-a301-5ec1-a4c0-a8e91279e675,14409c91-88ad-5251-ae5e-a16d058c8b93,36973644-10da-5d13-a8f1-c75ef818c6c7,10,10,ሙሴም፥ “ከእግዚአብሔር በቀር ሌላ አምላክ እንደሌለ ታውቅ ዘንድ እሺ እንደ አልህ ይሁን።
4c5747c1-1361-5e55-a9e9-00a47dae3eff,14409c91-88ad-5251-ae5e-a16d058c8b93,36973644-10da-5d13-a8f1-c75ef818c6c7,11,11,ጓጕንቸሮቹም ከአንተ፥ ከቤቶችህም፥ ከመንደሮችህም፥ ከሹሞችህም፥ ከሕዝብህም ይሄዳሉ፤ በወንዙም ብቻ ይቀራሉ” አለው።
1a2e76d1-c612-54f4-a400-160d224401c8,14409c91-88ad-5251-ae5e-a16d058c8b93,36973644-10da-5d13-a8f1-c75ef818c6c7,12,12,ሙሴና አሮንም ከፈርዖን ዘንድ ወጡ፤ ሙሴም ፈርዖን እንደ ቀጠረው ሰለ ጓጕንቸሮቹ መራቅ ወደ እግዚአብሔር ጮኸ።
6ac823a9-a70e-5a5e-a1fe-508a7686501a,14409c91-88ad-5251-ae5e-a16d058c8b93,36973644-10da-5d13-a8f1-c75ef818c6c7,13,13,እግዚአብሔርም ሙሴ እንደ አለ አደረገ፤ ጓጕንቸሮቹም ከቤት፥ ከመንደርም፥ ከሜዳም ሞቱ።
a249f4d9-f387-5350-a56a-befeb6492bbb,14409c91-88ad-5251-ae5e-a16d058c8b93,36973644-10da-5d13-a8f1-c75ef818c6c7,14,14,እንደ ክምርም አድርገው ሰበሰቡአቸው፤ ምድርም ገማች።
2a499037-02e8-50c9-abda-32a3e4527b95,14409c91-88ad-5251-ae5e-a16d058c8b93,36973644-10da-5d13-a8f1-c75ef818c6c7,15,15,ፈርዖንም ጸጥታ እንደ ሆነ በአየ ጊዜ ልቡ ደነደነ፤ እግዚአብሔርም እንደ ተናገረው አልሰማቸውም።
72c3120a-dee4-529f-ab6a-6b3141b804ad,14409c91-88ad-5251-ae5e-a16d058c8b93,7be9f02b-36c0-5a19-a18e-5bf64ccb9f34,1,16,እግዚአብሔርም ሙሴን አለው፥ “አሮንን፦ ‘በትርህን በእጅህ ዘርጋ፤ የምድሩንም ትቢያ ምታ’ በለው፤ ቅማልም በግብፅ ሀገር ሁሉ በሰውና በእንስሳ ላይ ይወጣል።”
d1f01c97-7b10-5b14-a116-223b72acc49e,14409c91-88ad-5251-ae5e-a16d058c8b93,7be9f02b-36c0-5a19-a18e-5bf64ccb9f34,2,17,አሮንም እጁን ዘረጋ፤ በበትሩም የምድሩን ትቢያ መታው፤ በሰውና በእንስሳም ላይ ቅማል ሆነ፤ በግብፅ ሀገር ሁሉ የምድር ትቢያ ሁሉ ቅማል ሆነ።
5bd8adff-ec44-5380-a2a2-c1e1b6de2d2a,14409c91-88ad-5251-ae5e-a16d058c8b93,7be9f02b-36c0-5a19-a18e-5bf64ccb9f34,3,18,የግብፅ ጠንቋዮችም በአስማታቸው ቅማል ያወጡ ዘንድ እንዲሁ አደረጉ፤ ነገር ግን አልቻሉም፤ ቅማሉም በሰውና በእንስሳ ላይ ነበረ።
5dc66be4-7113-5281-af36-e864fc2eba51,14409c91-88ad-5251-ae5e-a16d058c8b93,7be9f02b-36c0-5a19-a18e-5bf64ccb9f34,4,19,ጠንቋዮችም ፈርዖንን፥ “ይህስ የእግዚአብሔር ጣት ነው” አሉት፤ የፈርዖን ልብ ግን ጸና፤ እግዚአብሔርም እንደ ተናገረ አልሰማቸውም።
1d6ba636-05c2-5f24-a223-57671c071f62,14409c91-88ad-5251-ae5e-a16d058c8b93,94a2562f-33cd-5806-a6cf-5cca43d99b0b,1,20,እግዚአብሔርም ሙሴን አለው፥ “ማልደህ ተነሣ፤ በፈርዖንም ፊት ቁም፤ እነሆ፥ እርሱ ወደ ውኃ ይወርዳል፤ እንዲህም በለው፦ እግዚአብሔር እንዲህ ይላል፦ በምድረ በዳ እንዲያመልኩኝ ሕዝቤን ልቀቅ።
38051202-e59a-5b40-a18d-5fec5f08c6d6,14409c91-88ad-5251-ae5e-a16d058c8b93,94a2562f-33cd-5806-a6cf-5cca43d99b0b,2,21,ሕዝቤን ለመልቀቅ እንቢ ብትል ግን እነሆ፥ በአንተ፥ በሹሞችህም፥ በሕዝብህም፥ በቤቶችህም ላይ የውሻ ዝንብ እሰድዳለሁ፤ የግብፃውያን ቤቶች፥ የሚኖሩባትም ምድር ሁሉ በውሻ ዝንብ ይመላሉ።
fdf1d1c7-c827-5c0b-a0a2-431c87b0a5a4,14409c91-88ad-5251-ae5e-a16d058c8b93,94a2562f-33cd-5806-a6cf-5cca43d99b0b,3,22,በዚያም ቀን የምድር ሁሉ አምላክ እኔ እግዚአብሔር እንደ ሆንሁ ታውቅ ዘንድ፥ በዚያ የውሻ ዝንብ እንዳይሆን ሕዝቤ የሚቀመጥባትን የጌሤምን ምድር እለያለሁ።
ddfcd06d-672b-5be4-aecd-a12b165318d9,14409c91-88ad-5251-ae5e-a16d058c8b93,94a2562f-33cd-5806-a6cf-5cca43d99b0b,4,23,በሕዝቤና በሕዝብህ መካከል እለያለሁ፤ ይህም ነገር ነገ በምድሪቱ ላይ ይሆናል።”
256c4773-def3-5519-ab4c-e3beae61b583,14409c91-88ad-5251-ae5e-a16d058c8b93,94a2562f-33cd-5806-a6cf-5cca43d99b0b,5,24,እግዚአብሔርም እንዲህ አደረገ፤ የውሻው ዝንብም በፈርዖን ቤት፥ በሹሞቹም ቤቶች ውሰጥ፥ በግብፅም ሀገር ሁሉ መጣ፤ ምድሪቱም ከውሻው ዝንብ የተነሣ ጠፋች።
d2f28801-fe03-523e-a4ce-c64f438c56a2,14409c91-88ad-5251-ae5e-a16d058c8b93,94a2562f-33cd-5806-a6cf-5cca43d99b0b,6,25,ፈርዖንም ሙሴንና አሮንን ጠርቶ፥ “ሂዱ፤ በዚያች ምድር ለአምላካችሁ ሠዉ” አላቸው።
cf10e71a-71f8-5621-a1a0-f1e7cf83ab51,14409c91-88ad-5251-ae5e-a16d058c8b93,94a2562f-33cd-5806-a6cf-5cca43d99b0b,7,26,ሙሴም፥ “ለእግዚአብሔር ለአምላካችን ግብፃውያን እርም የሚሉትን እንሠዋለንና እንዲሁ ይሆን ዘንድ አይቻልም፤ እነሆ፥ ግብፃውያን እርም የሚሉትን እኛ በፊታቸው ብንሠዋ በድንጋይ ይወግሩናል።
9e26b405-38dc-54be-ade9-5bafdf38b884,14409c91-88ad-5251-ae5e-a16d058c8b93,94a2562f-33cd-5806-a6cf-5cca43d99b0b,8,27,እኛስ ለእግዚአብሔር ለአምላካችን እንሠዋ ዘንድ እግዚአብሔር እንዳዘዘን የሦስት ቀን መንገድ ወደ ምድረ በዳ እንሄዳለን” አለ።
4a0c57cf-59a4-5744-a4c3-bb1a73c1632a,14409c91-88ad-5251-ae5e-a16d058c8b93,94a2562f-33cd-5806-a6cf-5cca43d99b0b,9,28,ፈርዖንም፥ “ለእግዚአብሔር ለአምላካችሁ በምድረ በዳ ትሠዉ ዘንድ እለቅቃችኋለሁ፤ ነገር ግን በጣም ርቃችሁ አትሂዱ፤ ወደ እግዚአብሔርም ጸልዩልኝ” አለ።
bc66378e-f5d2-530d-a2a6-351688541ce8,14409c91-88ad-5251-ae5e-a16d058c8b93,94a2562f-33cd-5806-a6cf-5cca43d99b0b,10,29,ሙሴም፥ “እነሆ፥ ከአንተ ዘንድ እወጣለሁ፤ ወደ እግዚአብሔርም እጸልያለሁ፤ የውሻ ዝንቡም ከአንተ፥ ከሹሞችህና ከሕዝብህ ነገ ይርቃል፤ ነገር ግን ለእግዚአብሔር ይሠዉ ዘንድ ሕዝቡን እንደማትለቅቅ እንደገና ማታለልን አትድገም።”
b785cd7c-160c-58f8-ae62-aacd013e88fc,14409c91-88ad-5251-ae5e-a16d058c8b93,94a2562f-33cd-5806-a6cf-5cca43d99b0b,11,30,ሙሴም ከፈርዖን ዘንድ ወጣ፤ ወደ እግዚአብሔርም ጸለየ።
9186b843-0138-5ed5-a7fb-d2c6802d8c57,14409c91-88ad-5251-ae5e-a16d058c8b93,94a2562f-33cd-5806-a6cf-5cca43d99b0b,12,31,እግዚአብሔርም ሙሴ እንደ አለ አደረገ፤ የውሻውንም ዝንብ ከፈርዖን፥ ከሹሞቹም፥ ከሕዝቡም አራቀ፤ አንድ ስንኳ አልቀረም።
c2e3a675-aede-5200-aa30-d689ed5e2c8e,14409c91-88ad-5251-ae5e-a16d058c8b93,94a2562f-33cd-5806-a6cf-5cca43d99b0b,13,32,ፈርዖንም በዚህ ጊዜ ደግሞ ልቡን አደነደነ፤ ሕዝቡንም አልለቀቀም።
b3cb3b74-fb31-591c-afed-9321892831cd,30452a47-ba26-551e-a7fd-d294959be329,cb7b1a76-446b-5004-a6a7-60227f970b9f,1,1,እግዚአብሔርም ሙሴን አለው፥ “ወደ ፈርዖን ገብተህ እንዲህ በለው፦ የዕብራውያን አምላክ እግዚአብሔር እንዲህ ይላል፦ ያመልኩኝ ዘንድ ሕዝቤን ልቀቅ።
3358fe12-45f2-56a1-a3c3-55f24827678c,30452a47-ba26-551e-a7fd-d294959be329,cb7b1a76-446b-5004-a6a7-60227f970b9f,2,2,ሕዝቤን ልትለቃቸው እንቢ ብትል፥ ብትይዛቸውም፥
cd084090-9d36-5a8b-a04d-29352d786089,30452a47-ba26-551e-a7fd-d294959be329,cb7b1a76-446b-5004-a6a7-60227f970b9f,3,3,እነሆ፥ የእግዚአብሔር እጅ በሜዳ ውስጥ በአሉት በከብቶችህ፥ በፈረሶችም፥ በአህዮችም፥ በግመሎችም፥ በበሬዎችም፥ በበጎችም ላይ ትሆናለች፤ ይኸውም እጅግ ጽኑዕ ሞት ነው፤
af1246ae-9956-5e45-acee-5614afa60a64,30452a47-ba26-551e-a7fd-d294959be329,cb7b1a76-446b-5004-a6a7-60227f970b9f,4,4,በዚያ ጊዜም በግብፃውያን ከብቶችና በእስራኤል ልጆች ከብቶች መካከል ልዩነት አደርጋለሁ። ከእስራኤልም ልጆች ከብቶች አንዳች አይሞትም።”
ca9bcdbc-b56f-580f-a1fc-5b8b85989d24,30452a47-ba26-551e-a7fd-d294959be329,cb7b1a76-446b-5004-a6a7-60227f970b9f,5,5,እግዚአብሔርም፥ “ነገ እግዚአብሔር ይህን ነገር በምድር ላይ ያደርጋል ብሎ ጊዜን ወሰነ።” እግዚአብሔርም ያን ነገር በነጋው አደረገ፤
8b6e8080-6f6e-5e34-ab12-ae1996a9352d,30452a47-ba26-551e-a7fd-d294959be329,cb7b1a76-446b-5004-a6a7-60227f970b9f,6,6,የግብፅም ከብት ሁሉ ሞተ፤ ከእስራኤል ልጆች ከብት ግን አንድ ስንኳ አልሞተም።
3a4d6270-f6ad-5e41-a35d-de15d8efeef8,30452a47-ba26-551e-a7fd-d294959be329,cb7b1a76-446b-5004-a6a7-60227f970b9f,7,7,ፈርዖንም ከእስራኤል ልጆች ከብት አንድ ስንኳ እንዳልሞተ በአየ ጊዜ ልቡ ደነደነ፤ ሕዝቡንም አልለቀቀም።
7f971de7-2af1-5519-a995-c171d0957a09,30452a47-ba26-551e-a7fd-d294959be329,0b8951d3-47be-57d4-a89f-087d321a3bbb,1,8,እግዚአብሔርም ሙሴንና አሮንን፥ “እጃችሁን ሞልታችሁ ከምድጃ አመድ ውሰዱ፤ ሙሴም በፈርዖንና በሹሞቹ ፊት ወደ ሰማይ ይበትነው።
f398df80-6362-5070-a822-3f1a57b89493,30452a47-ba26-551e-a7fd-d294959be329,0b8951d3-47be-57d4-a89f-087d321a3bbb,2,9,እርሱም በግብፅ ሀገር ሁሉ ትቢያ ይሆናል፤ በግብፅም ሀገር ሁሉ በሰውና በእንስሳ ላይ ሻህኝ የሚያመጣ ቍስል ይሆናል” አላቸው።
736c0585-0016-59fa-af3e-6c5c9f163d1c,30452a47-ba26-551e-a7fd-d294959be329,0b8951d3-47be-57d4-a89f-087d321a3bbb,3,10,ሙሴም አመዱን በፈርዖን ፊት ወስዶ ወደ ሰማይ በተነው፤ በሰውና በእንስሳም ላይ ሻህኝ የሚያወጣ ቍስል ሆነ።
9357894d-5050-5e56-a752-eaa8d2aab659,30452a47-ba26-551e-a7fd-d294959be329,0b8951d3-47be-57d4-a89f-087d321a3bbb,4,11,ጠንቋዮችም ቍስል ስለ ነበረባቸው በሙሴ ፊት መቆም አልቻሉም፤ ቍስል ጠንቋዮችንና ግብፃውያንን ሁሉ ይዞአቸው ነበርና።
3115aed0-9496-533e-ac81-1be1d20123c6,30452a47-ba26-551e-a7fd-d294959be329,0b8951d3-47be-57d4-a89f-087d321a3bbb,5,12,እግዚአብሔርም የፈርዖንን ልብ አጸና፤ እግዚአብሔርም ለሙሴና ለአሮን እንደ ተናገረው አልሰማቸውም።
4307b946-a815-5b27-af30-3261c4533ef3,30452a47-ba26-551e-a7fd-d294959be329,7c1db5af-6df7-5f31-ad0c-f5c036e8ca67,1,13,እግዚአብሔርም ሙሴን አለው፥ “ማልደህ ተነሣ፤ በፈርዖንም ፊት ቆመህ እንዲህ በለው፦ የዕብራውያን አምላክ እግዚአብሔር እንዲህ ይላል፦ እንዲያመልኩኝ ሕዝቤን ልቀቅ።
a053e3b4-1cf2-56df-aeb8-daedffe10192,30452a47-ba26-551e-a7fd-d294959be329,7c1db5af-6df7-5f31-ad0c-f5c036e8ca67,2,14,በምድር ሁሉ እንደ እኔ ያለ እንደሌለ ታውቅ ዘንድ በሰውነትህ፥ በአገልጋዮችህም፥ በሕዝብህም ላይ መቅሠፍቴን ሁሉ በዚህ ጊዜ እልካለሁ።
2fd531f2-058d-560c-aa2a-da18b7114610,30452a47-ba26-551e-a7fd-d294959be329,7c1db5af-6df7-5f31-ad0c-f5c036e8ca67,3,15,አሁን እጄን ዘርግቼ አንተን እመታሃለሁ፤ ሕዝብህንም እገድላቸዋለሁ፤ ምድራችሁም ትመታለች።
a7f0cb6a-bf97-5bb7-a9ff-e893b1128d28,30452a47-ba26-551e-a7fd-d294959be329,7c1db5af-6df7-5f31-ad0c-f5c036e8ca67,4,16,ነገር ግን ኀይሌን እገልጥብህ ዘንድ፥ ስሜም በምድር ሁሉ ላይ ይነገር ዘንድ ስለዚህ ጠበቅሁህ።
e81e873c-ae59-5a8b-a290-4e35a49c3135,30452a47-ba26-551e-a7fd-d294959be329,7c1db5af-6df7-5f31-ad0c-f5c036e8ca67,5,17,አንተ ግን እንዳትለቃቸው ገና በሕዝቤ ላይ ትታበያለህ፤
c9b15907-b699-51aa-a164-eaaac9b0cc68,30452a47-ba26-551e-a7fd-d294959be329,7c1db5af-6df7-5f31-ad0c-f5c036e8ca67,6,18,እነሆ፥ ከተመሠረተች ጀምሮ እስከ ዛሬ ድረስ እንደ እርሱ ያለ በግብፅ ሆኖ የማያውቅ እጅግ ታላቅ በረዶ ነገ በዚህ ጊዜ አዘንባለሁ።
11c445a9-305c-5f9b-a70e-149aeafa25e8,30452a47-ba26-551e-a7fd-d294959be329,7c1db5af-6df7-5f31-ad0c-f5c036e8ca67,7,19,አሁን እንግዲህ ፥ ከብቶችህንም በሜዳም ያለህን ሁሉ ፈጥነህ ሰብስብ። በሜዳ የተገኘ ወደ ቤት ያልገባ ሰውና እንስሳ ሁሉ በረዶ ወርዶበት ይሞታልና።”
8599f409-a40e-5128-aee6-a36bc0388029,30452a47-ba26-551e-a7fd-d294959be329,7c1db5af-6df7-5f31-ad0c-f5c036e8ca67,8,20,ከፈርዖን ሹሞች የእግዚአብሔርን ቃል የፈራ ከብቶቹን ወደ ቤቶቹ ሰበሰበ።
de97b01a-4a70-533f-a4ff-714b27438d20,30452a47-ba26-551e-a7fd-d294959be329,7c1db5af-6df7-5f31-ad0c-f5c036e8ca67,9,21,የእግዚአብሔርን ቃል በልቡ ያላሰበ ግን ከብቶቹን በሜዳ ተወ።
9f2460f0-79ee-5a6c-ad1e-986fb1ae41a5,30452a47-ba26-551e-a7fd-d294959be329,7c1db5af-6df7-5f31-ad0c-f5c036e8ca67,10,22,እግዚአብሔርም ሙሴን አለው፥ “እጅህን ወደ ሰማይ ዘርጋ፤ በግብፅም ሀገር ሁሉ በሰውና በእንስሳም በምድርም ቡቃያ ሁሉ ላይ በረዶ ይሆናል።”
a02dcfdf-70ba-54c1-a165-07aac404dd1f,30452a47-ba26-551e-a7fd-d294959be329,7c1db5af-6df7-5f31-ad0c-f5c036e8ca67,11,23,ሙሴም እጁን ወደ ሰማይ ዘረጋ፤ እግዚአብሔርም ነጐድጓድና በረዶ ላከ፤ እሳትም ወደ ምድር ወረደ፤ እግዚአብሔርም በግብፅ ሀገር ሁሉ ላይ በረዶ አዘነበ።
95318195-bfc6-5bc1-aa20-1b8499f6c75b,30452a47-ba26-551e-a7fd-d294959be329,7c1db5af-6df7-5f31-ad0c-f5c036e8ca67,12,24,በረዶም ነበረ፤ በበረዶውም መካከል እሳት ይቃጠል ነበር፤ በረዶውም በግብፅ ሀገር ሁሉ ሕዝብ ከኖረበት ጊዜ ጀምሮ እስከዚች ቀን እንደ እርሱ ያልሆነ እጅግ ብዙና ጠንካራ ነበረ።
3209b33c-51a7-5270-ae31-92ebaa54452f,30452a47-ba26-551e-a7fd-d294959be329,7c1db5af-6df7-5f31-ad0c-f5c036e8ca67,13,25,በረዶውም በግብፅ ሀገር ሁሉ በሜዳ ያለውን ሁሉ ሰውንና እንስሳን መታ፤ በረዶውም የእርሻን ቡቃያ ሁሉ መታ። የጫካውንም ዛፍ ሁሉ ሰበረ።
7c8c697a-add9-5ac5-ab80-eb31ce379ef5,30452a47-ba26-551e-a7fd-d294959be329,7c1db5af-6df7-5f31-ad0c-f5c036e8ca67,14,26,የእስራኤል ልጆች ተቀምጠው በነበሩባት በጌሤም ሀገር ብቻ በረዶ አልወረደም።
fe0a0434-357c-533b-a311-ee6744d25359,30452a47-ba26-551e-a7fd-d294959be329,7c1db5af-6df7-5f31-ad0c-f5c036e8ca67,15,27,ፈርዖንም ልኮ ሙሴንና አሮንን ጠራ፤ “አሁንም በደልሁ፤ እግዚአብሔር ጻድቅ ነው፤ እኔና ሕዝቤ ግን ኀጢአተኞች ነን።
add07a18-25c6-5df6-af74-1ba8a3b697e3,30452a47-ba26-551e-a7fd-d294959be329,7c1db5af-6df7-5f31-ad0c-f5c036e8ca67,16,28,እንግዲህ ወደ እግዚአብሔር ጸልዩልኝ፤ የአምላክ ነጐድጓድ፥ በረዶውም፥ እሳቱም ጸጥ ይላል፤ እኔም እለቅቃችኋለሁ፤ ከዚያም በኋላ ከዚህ አትቀመጡም” አላቸው።
dfce0b7a-6be8-552c-a2d7-f7619a58359e,30452a47-ba26-551e-a7fd-d294959be329,7c1db5af-6df7-5f31-ad0c-f5c036e8ca67,17,29,ሙሴም፥ “ለፈርዖን ከከተማ በወጣሁ ጊዜ እጄን ወደ እግዚአብሔር እዘረጋለሁ፤ ምድሪቱም ለእግዚአብሔር እንደ ሆነች ታውቅ ዘንድ ነጐድጓዱ ጸጥ ይላል፤ በረዶውም፥ ዝናቡም ደግሞ አይወርድም።
1444b694-0b6d-559a-a5db-35dbd8ea860f,30452a47-ba26-551e-a7fd-d294959be329,7c1db5af-6df7-5f31-ad0c-f5c036e8ca67,18,30,ነገር ግን አንተና ሹሞችህ እግዚአብሔር አምላክን ምንጊዜም እንደማትፈሩ አውቃለሁ” አለው።
04018de7-9572-5ec1-ae4f-271c69a9ee57,30452a47-ba26-551e-a7fd-d294959be329,7c1db5af-6df7-5f31-ad0c-f5c036e8ca67,19,31,ተልባውና ገብሱ ተመታ፤ ገብሱ አሽቶ፥ ተልባውም አፍርቶ ነበርና።
d73ee8da-af0b-5e1f-a45b-9ec2244ebd61,30452a47-ba26-551e-a7fd-d294959be329,7c1db5af-6df7-5f31-ad0c-f5c036e8ca67,20,32,ስንዴውና አጃው ግን አልተመቱም፤ ገና ቡቃያ ነበሩና።
a128f99d-21df-52e0-a5f0-7c949929da22,30452a47-ba26-551e-a7fd-d294959be329,7c1db5af-6df7-5f31-ad0c-f5c036e8ca67,21,33,ሙሴም ከፈርዖን ዘንድ ከከተማ ወጣ፤ እጁንም ወደ እግዚአብሔር ዘረጋ፤ ነጐድጓዱም፥ በረዶውም ጸጥ አለ፤ ዝናቡም በምድር ላይ አላካፋም።
23eb4732-b704-5e97-aeaa-3bf1229380d3,30452a47-ba26-551e-a7fd-d294959be329,7c1db5af-6df7-5f31-ad0c-f5c036e8ca67,22,34,ፈርዖንም ዝናቡ፥ በረዶውም፥ ነጐድጓዱም ጸጥ እንደ አለ በአየ ጊዜ በደልን ጨመረ፤ እርሱና ሹሞቹም ልባቸውን አደነደኑ።
0f0fbdeb-efaf-5b9d-af91-9d940be80d91,30452a47-ba26-551e-a7fd-d294959be329,7c1db5af-6df7-5f31-ad0c-f5c036e8ca67,23,35,የፈርዖንም ልብ ጸና፤ እግዚአብሔርም በሙሴ አፍ እንደ ተናገረ የእስራኤልን ልጆች አልለቀቀም።
e39858b8-1eea-52e3-a267-2a8ff53fed8d,169d1cf6-20f6-58c7-ab61-9f7bfb05b50b,8e900095-9cd7-5f30-a244-b0f381dc097d,1,1,እግዚአብሔርም ሙሴን እንዲህ ብሎ ተናገረው፥ “ወደ ፈርዖን ግባ፤ እኔ የፈርዖንንና የሹሞቹን ልብ አጽንቼአለሁና፥ ተአምራቴ በእነርሱ ላይ በትክክል ይመጣ ዘንድ፤
ab0c4bc9-24c7-52cc-aa46-f6e4913ef6a3,169d1cf6-20f6-58c7-ab61-9f7bfb05b50b,8e900095-9cd7-5f30-a244-b0f381dc097d,2,2,በግብፃውያንም ላይ የተዘባበትሁትን ሁሉ፥ ያደረግሁባቸውንም ተአምራቴን በልጆቻችሁና በልጅ ልጆቻችሁ ጆሮች ትነግሩ ዘንድ፤ እኔም እግዚአብሔር እንደ ሆንሁ ታውቃላችሁ።”
60a42300-5ca6-5207-a681-a3f777c8eada,169d1cf6-20f6-58c7-ab61-9f7bfb05b50b,8e900095-9cd7-5f30-a244-b0f381dc097d,3,3,ሙሴና አሮንም ወደ ፈርዖን ገቡ፤ አሉትም፥ “የዕብራውያን አምላክ እግዚአብሔር እንዲህ ይላል፦ እኔን ማፈርን እስከ መቼ እንቢ ትላለህ? ያመልኩኝ ዘንድ ሕዝቤን ልቀቅ።
68725d3c-62bf-53e1-a33a-38b6804aa330,169d1cf6-20f6-58c7-ab61-9f7bfb05b50b,8e900095-9cd7-5f30-a244-b0f381dc097d,4,4,ሕዝቤን ለመልቀቅ እንቢ ብትል ግን፥ እነሆ፥ ነገ በዚህ ጊዜ በተራራዎችህ ሁሉ ላይ አንበጣን አመጣለሁ፤
4d47eb77-f2d1-50bf-a24b-022f8baf8bd7,169d1cf6-20f6-58c7-ab61-9f7bfb05b50b,8e900095-9cd7-5f30-a244-b0f381dc097d,5,5,የምድሩንም ፊት ይሸፍናል፤ ምድሩን ለማየት አይቻልም፤ ከበረዶውም ተርፎ በምድር ላይ የቀረላችሁን ትርፍ ሁሉ ይበላል፤ ያደገላችሁንም የእርሻውን ዛፍ ሁሉ ይበላል፤
9d596340-582f-5e51-a9f4-ee533f365c88,169d1cf6-20f6-58c7-ab61-9f7bfb05b50b,8e900095-9cd7-5f30-a244-b0f381dc097d,6,6,ቤቶችህም የሹሞችህም ሁሉ ቤቶች፥ የግብፃውያን ሁሉ ቤቶች በእርሱ ይሞላሉ፤ አባቶችህ፥ የአባቶችህም አባቶች በምድር ላይ ከተቀመጡበት ቀን ጀምሮ እስከዚህ ቀን ድረስ እንደ እርሱ ያለ ያላዩት ነው።” ሙሴም ተመልሶ ከፈርዖን ዘንድ ወጣ።
dc4d7b97-3704-5575-ad57-5b68d9a268f2,169d1cf6-20f6-58c7-ab61-9f7bfb05b50b,8e900095-9cd7-5f30-a244-b0f381dc097d,7,7,የፈርዖንም ሹሞች፥ “ይህ ሰው እስከ መቼ እንቅፋት ይሆንብናል? አምላካቸውን እግዚአብሔርን ያመልኩት ዘንድ ሰዎችን ልቀቅ፤ ግብፅስ እንደ ጠፋች ገና አታውቅምን?” አሉት።
309b76c9-fce4-593a-a08a-d4118f3a182d,169d1cf6-20f6-58c7-ab61-9f7bfb05b50b,8e900095-9cd7-5f30-a244-b0f381dc097d,8,8,ሙሴንና አሮንንም ወደ ፈርዖን ጠሩአቸው፤ ፈርዖንም እንዲህ አላቸው፥ “ሂዱ፤ አምላካችሁን እግዚአብሔርን አምልኩ፤ ነገር ግን ከእናንተ ጋር የሚሄዱት እነማን ናቸው?”
af9170ed-8a1c-5791-a81e-5bba2443d832,169d1cf6-20f6-58c7-ab61-9f7bfb05b50b,8e900095-9cd7-5f30-a244-b0f381dc097d,9,9,ሙሴም አለው፥ “እኛ ከታናናሾቻችንና ከሽማግሌዎቻችን፥ ከወንዶችና ሴቶች ልጆቻችን ጋር እንሄዳለን፤ በጎቻችንንና ላሞቻችንንም እንወስዳለን። የአምላካችን የእግዚአብሔር በዓል ነውና።”
5599b90c-ba7a-59d5-ade3-f9a776c0a600,169d1cf6-20f6-58c7-ab61-9f7bfb05b50b,8e900095-9cd7-5f30-a244-b0f381dc097d,10,10,ፈርዖንም አላቸው፥ “እግዚአብሔር ከእናንተ ጋር ይሁን፤ እነሆ፥ እናንተን ስለቅ ልጆቻችሁንም መልቀቅ አለብኝን? ክፉ ነገር እንደሚገጥማችሁ ዕወቁ።
5d2d7fea-a33f-5c83-a593-80f00bbd83ad,169d1cf6-20f6-58c7-ab61-9f7bfb05b50b,8e900095-9cd7-5f30-a244-b0f381dc097d,11,11,እንዲህም አይደለም፤ እናንተ ወንዶቹ ሂዱ፤ ይህን ፈልጋችኋልና እግዚአብሔርን አምልኩ” አላቸው። ሙሴንና አሮንንም ከፈርዖን ፊት አስወጡአቸው።
95f5e3ff-1596-5f7c-afba-1a0ebf7b7985,169d1cf6-20f6-58c7-ab61-9f7bfb05b50b,8e900095-9cd7-5f30-a244-b0f381dc097d,12,12,እግዚአብሔርም ሙሴን አለው፥ “በግብፅ ሀገር ላይ እጅህን ዘርጋ፤ አንበጣም በምድር ላይ ይወጣል፤ ከበረዶውም የተረፈውን የምድር ቡቃያ ሁሉና የዛፉን ፍሬ ሁሉ ይበላል።”
ba0cb63e-0f8e-53fa-a383-c31b910691f6,169d1cf6-20f6-58c7-ab61-9f7bfb05b50b,8e900095-9cd7-5f30-a244-b0f381dc097d,13,13,ሙሴም በትሩን ወደ ሰማይ ዘረጋ፤ እግዚአብሔርም የደቡብን ነፋስ ያን ቀን ሁሉ ሌሊቱንም ሁሉ አመጣ፤ ማለዳም በሆነ ጊዜ የደቡብ ነፋስ አንበጣን አመጣ።
f6fa3238-2e68-5f97-a192-b3f8c8dee736,169d1cf6-20f6-58c7-ab61-9f7bfb05b50b,8e900095-9cd7-5f30-a244-b0f381dc097d,14,14,አንበጣም በግብፅ ሀገር ሁሉ ላይ ወጣ፤ በግብፅም ዳርቻ ሁሉ ላይ ተቀመጠ፤ እጅግም ብዙና ጠንካራ ነበር፤ ይህንም የሚያህል አንበጣ በፊት አልነበረም፤ ወደፊትም ደግሞ እንደ እርሱ አይሆንም።
e6bafda4-76df-535b-a8c3-062d5b050088,169d1cf6-20f6-58c7-ab61-9f7bfb05b50b,8e900095-9cd7-5f30-a244-b0f381dc097d,15,15,የምድሩንም ፊት ፈጽሞ ሸፈነው፤ ሀገሪቱም ጠፋች፤ የሀገሪቱን ቡቃያ ሁሉ ከበረዶውም የተረፈውን፥ በዛፉ የነበረውን ፍሬ ሁሉ በላ፤ ለምለም ነገር በዛፎች ላይ፥ በእርሻውም ቡቃያ ሁሉ ላይ በግብፅ ሀገር ሁሉ አልቀረም።
abd81116-257d-5176-ac8a-5a444a85b8a6,169d1cf6-20f6-58c7-ab61-9f7bfb05b50b,8e900095-9cd7-5f30-a244-b0f381dc097d,16,16,ፈርዖንም ሙሴንና አሮንን በፍጥነት ጠራ፥ “በአምላካችሁ በእግዚአብሔር ፊት፥ በእናንተም ላይ በደልሁ፤
3fcdc8a5-cc04-5dc6-ad92-0a3dfc8146fe,169d1cf6-20f6-58c7-ab61-9f7bfb05b50b,8e900095-9cd7-5f30-a244-b0f381dc097d,17,17,አሁን እንግዲህ እንደገና በዚህ ጊዜ ብቻ ኀጢአቴን ይቅር በሉኝ፤ ይህንም ሞት ብቻ ከእኔ ያነሣልኝ ዘንድ ወደ አምላካችሁ ወደ እግዚአብሔር ጸልዩልኝ” አላቸው።
7b6c22f9-b2eb-5984-a183-6a6ee2c1be00,169d1cf6-20f6-58c7-ab61-9f7bfb05b50b,8e900095-9cd7-5f30-a244-b0f381dc097d,18,18,ሙሴም ከፈርዖን ፊት ወጣ፤ ወደ እግዚአብሔርም ጸለየ።
3cc4ba9f-1184-5d51-af24-e3b9c6c8fe82,169d1cf6-20f6-58c7-ab61-9f7bfb05b50b,8e900095-9cd7-5f30-a244-b0f381dc097d,19,19,እግዚአብሔርም ከባሕር ዐውሎ ነፋሱን አስወገደ፤ አንበጣዎችንም ወስዶ በኤርትራ ባሕር ውስጥ ጣላቸው፤ አንድ አንበጣም እንኳን በግብፅ ዳርቻ ሁሉ አልቀረም።
60505a18-1ba4-5571-ad65-ce0715073c87,169d1cf6-20f6-58c7-ab61-9f7bfb05b50b,8e900095-9cd7-5f30-a244-b0f381dc097d,20,20,እግዚአብሔር የፈርዖንን ልብ አጸና የእስራኤልንም ልጆች አልልቀቀም።
67d55d44-a041-5e40-a875-9f2f1e5e2090,169d1cf6-20f6-58c7-ab61-9f7bfb05b50b,7c408b74-b5fa-59a6-a87a-19fa4194238b,1,21,እግዚአብሔርም ሙሴን፥ “እጅህን ወደ ሰማይ ዘርጋ፤ በግብፅም ሀገር ላይ ጨለማ ይሁን፤ ጨለማውም የሚዳሰስ ነው” አለው።
a11a4641-f88d-5a41-adcc-ef32ae4bce9a,169d1cf6-20f6-58c7-ab61-9f7bfb05b50b,7c408b74-b5fa-59a6-a87a-19fa4194238b,2,22,ሙሴም እጁን ወደ ሰማይ ዘረጋ፤ በግብፅም ሀገር ሁሉ ላይ ጽኑ ጨለማና ጭጋግ ሦስት ቀን ሆነ፤
b6f6fc1e-5160-541b-a1fb-4f05324b3672,169d1cf6-20f6-58c7-ab61-9f7bfb05b50b,7c408b74-b5fa-59a6-a87a-19fa4194238b,3,23,ማንም ወንድሙን አላየም፤ ሦስት ቀን ሙሉም ከመኝታው ማንም አልተነሣም፤ ለእስራኤል ልጆች ሁሉ ግን በተቀመጡበት ስፍራ ሁሉ ብርሃን ነበራቸው።
59a9de10-7636-51d0-a09f-969982cae6c3,169d1cf6-20f6-58c7-ab61-9f7bfb05b50b,7c408b74-b5fa-59a6-a87a-19fa4194238b,4,24,ፈርዖንም ሙሴንና አሮንን ጠርቶ፥ “ሂዱ፤ አምላካችሁ እግዚአብሔርን አምልኩ፤ ነገር ግን በጎቻችሁንና ከብቶቻችሁን ብቻ ተዉ፤ ልጆቻችሁና ሴቶቻችሁ ግን ከእናንተ ጋር ይሂዱ” አላቸው።
e901f810-b5c4-5c25-a744-21d69bbff44a,169d1cf6-20f6-58c7-ab61-9f7bfb05b50b,7c408b74-b5fa-59a6-a87a-19fa4194238b,5,25,ሙሴም አለው፥ “አይሆንም! አንተ ደግሞ ለአምላካችን ለእግዚአብሔር የምንሠዋው መሥዋዕትንና የሚቃጠል መሥዋዕትን ትሰጠናለህ።
f1febd5c-e223-50e3-ad3d-f665acbd4748,169d1cf6-20f6-58c7-ab61-9f7bfb05b50b,7c408b74-b5fa-59a6-a87a-19fa4194238b,6,26,ከብቶቻችን ከእኛ ጋር ይሄዳሉ፤ አንድ ሰኰናም አይቀርም፤ አምላካችንን እግዚአብሔርን ለማምለክ ከእነርሱ እንወስዳለንና፤ አምላካችንን እግዚአብሔርን እንደምናመልከው ከዚያ እስክንደርስ አናውቅም።”
d6060c58-e521-5814-a4a1-545e6ed0206a,169d1cf6-20f6-58c7-ab61-9f7bfb05b50b,7c408b74-b5fa-59a6-a87a-19fa4194238b,7,27,እግዚአብሔርም የፈርዖንን ልብ አጸና፤ ሊለቅቃቸውም አልወደደም።
8df2733b-805d-5c58-a528-0f38b5ff770c,169d1cf6-20f6-58c7-ab61-9f7bfb05b50b,7c408b74-b5fa-59a6-a87a-19fa4194238b,8,28,ፈርዖንም ሙሴን፥ “ከእኔ ዘንድ ሂድ፤ በፊቴ በምትታይበት ቀን ትሞታለህና ዳግመኛ ፊቴን እንዳታይ ተጠንቀቅ” አለው።
81d09c67-5678-5ae7-a855-fc889991d37e,169d1cf6-20f6-58c7-ab61-9f7bfb05b50b,7c408b74-b5fa-59a6-a87a-19fa4194238b,9,29,ሙሴም፥ “እንደ ተናገርህ ይሁን፤ ፊትህን እንደገና አላይም” አለ።
026e9fe7-157a-5c17-aed5-0558941234c4,23377c7d-bd2c-508c-afc7-be1b4212d674,68cc6822-e45b-5738-a812-5ef512da0535,1,1,እግዚአብሔርም ሙሴን አለው፥ “በፈርዖንና በግብፅ ላይ ገና አንዲት መቅሠፍት አመጣለሁ፤ ከዚያም በኋላ ከዚያ ይለቅቃችኋል፤ ሲለቅቃችሁም ከመነሻ ገንዘብ ጋር ይሰድዳችኋል።
ca5e0471-2aba-53ff-af2a-38e851069354,23377c7d-bd2c-508c-afc7-be1b4212d674,68cc6822-e45b-5738-a812-5ef512da0535,2,2,ወንዱ ከወዳጁ፥ ሴቲቱም ከወዳጅዋ የብርና የወርቅ ዕቃ፥ ልብስም ይዋሱ ዘንድ በሕዝቡ ጆሮ በስውር ተናገር።”
93859027-cdb7-56f7-ad7b-7561ecea0da8,23377c7d-bd2c-508c-afc7-be1b4212d674,68cc6822-e45b-5738-a812-5ef512da0535,3,3,እግዚአብሔርም በግብፃውያን ፊት ለሕዝቡ ሞገስን ሰጠ፤ አዋሱአቸውም፤ ይህ ሙሴም በግብፃውያንና በፈርዖን፥ በሹሞቹም ፊት እጅግ የከበረ ሰው ነበረ።
8baf91b5-a688-5a0c-abdd-378e15536c33,23377c7d-bd2c-508c-afc7-be1b4212d674,68cc6822-e45b-5738-a812-5ef512da0535,4,4,ሙሴም አለ፥ “እግዚአብሔር እንዲህ ይላል፦ በእኩለ ሌሊት እኔ በግብፅ መካከል እገባለሁ፤
d2f4357b-e13a-5f96-a82b-07e06a2f6f2c,23377c7d-bd2c-508c-afc7-be1b4212d674,68cc6822-e45b-5738-a812-5ef512da0535,5,5,በግብፅም ሀገር ያለ በኵር ሁሉ፥ በዙፋኑ ከሚቀመጠው ከፈርዖን በኵር ጀምሮ በወፍጮ እግር እስካለችው እስከ አገልጋዪቱ በኵር ድረስ፥ የከብቱም በኵር ሁሉ ይሞታል።
e92296cc-b08a-538c-aead-f6b1d26830e7,23377c7d-bd2c-508c-afc7-be1b4212d674,68cc6822-e45b-5738-a812-5ef512da0535,6,6,በግብፅም ሀገር ሁሉ አስቀድሞ እንደ እርሱ ያልሆነ፥ ኋላም ደግሞ እንደ እርሱ የማይሆን ታላቅ ጩኸት ይሆናል።
b4849c20-b4f9-54b7-aa5a-98a217f251fd,23377c7d-bd2c-508c-afc7-be1b4212d674,68cc6822-e45b-5738-a812-5ef512da0535,7,7,እግዚአብሔር ግን በግብፃውያንና በእስራኤል መካከል ታላቅ ልዩነትን እንደሚያደርግ እንድታውቁ በእስራኤል ልጆች መካከል ከሰው ጀምሮ እስከ እንስሳ ድረስ ውሻ ምላሱን አያንቀሳቅስባቸውም።
8575a8fd-17d0-52b4-a68d-6462efdfcc39,23377c7d-bd2c-508c-afc7-be1b4212d674,68cc6822-e45b-5738-a812-5ef512da0535,8,8,እነዚህ አገልጋዮችህ ሁሉ፦ አንተ ውጣ፤ የሚከተሉህም ሕዝብ ሁሉ ከዚያች ምድር ይውጡ እያሉ ወደ እኔ ይወርዳሉ፤ ለእኔም ይሰግዳሉ፤ ከዚያም በኋላ እወጣለሁ።” ሙሴም በጽኑ ቍጣ ከፈርዖን ዘንድ ወጣ።
84150055-eea4-5d7c-a6b3-c7978282a54b,23377c7d-bd2c-508c-afc7-be1b4212d674,68cc6822-e45b-5738-a812-5ef512da0535,9,9,እግዚአብሔርም ሙሴን አለው፥ “ተአምራቴና ድንቄ በግብፅ ሀገር ብዙ እንዲሆን ፈርዖን አይሰማችሁም።”
16675aeb-dea9-51a7-a320-30c8d7d766cf,23377c7d-bd2c-508c-afc7-be1b4212d674,68cc6822-e45b-5738-a812-5ef512da0535,10,10,ሙሴና አሮንም እነዚህን ተአምራቶችና ድንቆች ሁሉ በፈርዖን ፊት አደረጉ፤ እግዚአብሔርም የፈርዖንን ልብ አጸና፤ የእስራኤልንም ልጆች ከግብፅ ምድር ለመልቀቅ እንቢ አለ።
6d672406-0282-5249-a50a-b990ac054f86,90b6f48f-1500-525a-a128-d4bf40de63d0,ca38d6a3-0b2e-5368-a8ca-5f7b0e69307f,1,1,እግዚአብሔርም በግብፅ ሀገር ሙሴንና አሮንን እንዲህ ብሎ ተናገራቸው፦
db733ca1-b290-51f7-a7fa-894919c88d5e,90b6f48f-1500-525a-a128-d4bf40de63d0,ca38d6a3-0b2e-5368-a8ca-5f7b0e69307f,2,2,“ይህ ወር የወሮች መጀመሪያ ይሁናችሁ፤ የዓመቱም መጀመሪያ ወር ይሁናችሁ።
fa9b1253-9bdb-522b-a8c9-7726b453f730,90b6f48f-1500-525a-a128-d4bf40de63d0,ca38d6a3-0b2e-5368-a8ca-5f7b0e69307f,3,3,ለእስራኤል ልጆች ማኅበር ሁሉ ተናገሩ፤ በሉአቸውም፦ በዚህ ወር በዐሥረኛው ቀን ሰው ሁሉ ለአባቱ ቤተ ሰቦች ቤቶች አንድ አንድ ጠቦት፥ እያንዳንዱ ሰውም ለራሱ ቤተ ሰብእ አንድ ጠቦት ይውሰድ።
bb8c4b23-bf9e-54c7-afe3-46e309d81807,90b6f48f-1500-525a-a128-d4bf40de63d0,ca38d6a3-0b2e-5368-a8ca-5f7b0e69307f,4,4,በቤት ያሉት ሰዎች ጥቂት ቢሆኑ፥ አንድ በግም የማይጨርሱ ቢሆኑ በጉን ሊጨርሱ በሚበቁ በሰዎች ቍጥር እያንዳንዱ በአጠገቡ የሚኖረውን ጎረቤቱን ይውሰድ።
93c2274a-d629-5450-a8bf-749db58b38a4,90b6f48f-1500-525a-a128-d4bf40de63d0,ca38d6a3-0b2e-5368-a8ca-5f7b0e69307f,5,5,ነውር የሌለበት የአንድ ዓመት ተባት ጠቦት ለእናንተ ይሁን፤ ከበጎች ወይም ከፍየሎች ውሰዱ።
1d4f951e-1975-51ae-abb6-142a8a125463,90b6f48f-1500-525a-a128-d4bf40de63d0,ca38d6a3-0b2e-5368-a8ca-5f7b0e69307f,6,6,በዚህም ወር እስከ ዐሥራ አራተኛ ቀን ድረስ ጠብቁት፤ የእስራኤልም ልጆች ማኅበር ሁሉ ሲመሽ ይረዱት።
7d38ad83-1969-5165-aeb2-8ab9fd9ebd17,90b6f48f-1500-525a-a128-d4bf40de63d0,ca38d6a3-0b2e-5368-a8ca-5f7b0e69307f,7,7,ከደሙም ወስደው በሚበሉበት ቤት ሁለቱን መቃንና ጉበኑን ይቅቡት።
8bbbd1c8-3ace-5186-ab62-3f323272c762,90b6f48f-1500-525a-a128-d4bf40de63d0,ca38d6a3-0b2e-5368-a8ca-5f7b0e69307f,8,8,በእሳትም የተጠበሰውን ሥጋውን በዚያች ሌሊት ይብሉ፤ ቂጣውን እንጀራም ከመራራ ቅጠል ጋር ይብሉት።
1531ae1a-0aee-5d97-a0b9-a395057e655d,90b6f48f-1500-525a-a128-d4bf40de63d0,ca38d6a3-0b2e-5368-a8ca-5f7b0e69307f,9,9,ጥሬውንም፥ በውኃም የበሰለውን አትብሉ፤ ነገር ግን በእሳት የተጠበሰውን ራሱን፥ እግሩንና ሆድ ዕቃውን ብሉት።
75f6209c-a33d-5c26-aa72-6a82c37ab515,90b6f48f-1500-525a-a128-d4bf40de63d0,ca38d6a3-0b2e-5368-a8ca-5f7b0e69307f,10,10,ከእርሱም እስከ ጥዋት አንዳች አታስቀሩ፤ አጥንቱንም ከእርሱ አትስበሩ፤ ከእርሱም እስከ ጥዋት የተረፈ ቢኖር በእሳት አቃጥሉት።
c75571b6-0135-54d5-aa0e-d9a18df3f006,90b6f48f-1500-525a-a128-d4bf40de63d0,ca38d6a3-0b2e-5368-a8ca-5f7b0e69307f,11,11,ወገቦቻችሁን ታጥቃችሁ፥ ጫማችሁን በእግራችሁ ተጫምታችሁ፥ በትራችሁንም በእጃችሁ ይዛችሁ እንዲህ ብሉት፦ እየቸኰላችሁም ትበሉታላችሁ፤ እርሱ የእግዚአብሔር ፋሲካ ነውና።
65e8727b-c561-53bf-a97f-692f8623c8e0,90b6f48f-1500-525a-a128-d4bf40de63d0,ca38d6a3-0b2e-5368-a8ca-5f7b0e69307f,12,12,እኔም በዚያች ሌሊት በግብፅ ሀገር አልፋለሁ፤ በግብፅም ሀገር ከሰው እስከ እንስሳ ድረስ በኵርን ሁሉ እገድላለሁ፤ በግብፅም አማልክት ሁሉ ላይ በቀልን አደርግባቸዋለሁ፤ እኔ እግዚአብሔር ነኝ።
f562657a-4c21-5c10-a799-cd89a787ac03,90b6f48f-1500-525a-a128-d4bf40de63d0,ca38d6a3-0b2e-5368-a8ca-5f7b0e69307f,13,13,ደሙም ባላችሁባቸው ቤቶች ምልክት ይሆንላችኋል፤ ደሙንም አያለሁ፤ እናንተንም እሰውራችኋለሁ፤ እኔም የግብፅን ሀገር በመታሁ ጊዜ የጥፋት መቅሠፍት አይመጣባችሁም።
9e13cd77-23f1-5060-a04d-3c44aa581bd3,90b6f48f-1500-525a-a128-d4bf40de63d0,ca38d6a3-0b2e-5368-a8ca-5f7b0e69307f,14,14,ይህም ቀን መታሰቢያ ይሁናችሁ፤ ለእግዚአብሔርም በዓል ታደርጉታላችሁ፤ ለልጅ ልጃችሁም ሥርዐት ሆኖ ለዘለዓለም ታደርጉታላችሁ።
19cf2f26-b48c-5a97-ad52-e48708b1e6b1,90b6f48f-1500-525a-a128-d4bf40de63d0,4e0409b7-e243-5aad-a7e9-d90a093ed186,1,15,“ሰባት ቀን ቂጣ ትበላላችሁ፤ በመጀመሪያም ቀን እርሾውን ከቤታችሁ ታወጣላችሁ፤ ከመጀመሪያውም ቀን አንሥቶ እስከ ሰባተኛው ቀን እርሾ ያለበትን እንጀራ የሚበላ ነፍስ ከእስራኤል ተለይቶ ይጥፋ።
770c97b8-103a-5bfb-ad76-83ee18079cfe,90b6f48f-1500-525a-a128-d4bf40de63d0,4e0409b7-e243-5aad-a7e9-d90a093ed186,2,16,የመጀመሪያዪቱ ቀን ቅድስት ትባላላች፤ እንዲሁም ሰባተኛዋ ቀን ቅድስት ትሁንላችሁ፤ ለነፍስ ከሚሠራው ሥራ ሁሉ በቀር ማናቸውንም ሥራ ሁሉ አትሥሩ
67c4a0b5-e20b-5f15-a03b-d1c32c01b258,90b6f48f-1500-525a-a128-d4bf40de63d0,4e0409b7-e243-5aad-a7e9-d90a093ed186,3,17,በዚህም ቀን ሠራዊታችሁን ከግብፅ ሀገር አወጣዋለሁና ይህን ትእዛዝ ጠብቁት፤ እንግዲህ ይህን ቀን ለልጅ ልጃችሁ ለዘለዓለም ሥርዐት አድርጋችሁ ትጠብቃላችሁ።
484e59fb-79b5-5baa-a019-3fd19c8365d1,90b6f48f-1500-525a-a128-d4bf40de63d0,4e0409b7-e243-5aad-a7e9-d90a093ed186,4,18,ከመጀመሪያውም ወር በዐሥራ አራተኛው ቀን ሠርክ ጀምራችሁ እስከዚሁ ወር ሃያ አንደኛ ቀን ሠርክ ድረስ ቂጣ ትበላላችሁ።
2c78fc65-e2ac-54c4-ac39-01214b11da36,90b6f48f-1500-525a-a128-d4bf40de63d0,4e0409b7-e243-5aad-a7e9-d90a093ed186,5,19,ሰባት ቀን በቤታችሁ እርሾ አይገኝ፤ እርሾ ያለበትንም እንጀራ የሚበላ ሁሉ ያ ሰው ከመጻተኛው ጀምሮ እስከ ሀገር ልጁ ድረስ፥ ከእስራኤል ማኅበር ተለይቶ ይጥፋ።
2abb9518-966f-5d4a-ac50-016b48c32565,90b6f48f-1500-525a-a128-d4bf40de63d0,4e0409b7-e243-5aad-a7e9-d90a093ed186,6,20,እርሾ ያለበትን ምንም አትብሉ፤ በቤቶቻችሁም ሁሉ ውስጥ ቂጣ ብሉ።”
68dc2241-ebb5-5a82-a068-09da487e8d90,90b6f48f-1500-525a-a128-d4bf40de63d0,9311c24e-e709-5a7a-a1d5-adc53fda5a79,1,21,ሙሴም የእስራኤልን ልጆች ሽማግሌዎች ጠርቶ አላቸው፥ “ሂዱና በየወገናችሁ ጠቦት ውሰዱ፤ ለፋሲካም እረዱት።
1acd3d8a-528f-5101-ac0e-fca8b85236c2,90b6f48f-1500-525a-a128-d4bf40de63d0,9311c24e-e709-5a7a-a1d5-adc53fda5a79,2,22,ከሂሶጵ ቅጠልም ጭብጥ ውሰዱ፤ በዕቃ ውስጥ ባለውም ደም ንከሩት፤ በዕቃውም ውስጥ ከአለው ደም ሁለቱን መቃኖችና ጉበኑን እርጩ፤ ከእናንተም አንድ ሰው እስኪነጋ ድረስ ከቤቱ ደጅ አይውጣ።
a7160cc7-e9a4-56be-ac77-335131b6ebe9,90b6f48f-1500-525a-a128-d4bf40de63d0,9311c24e-e709-5a7a-a1d5-adc53fda5a79,3,23,እግዚአብሔር ግብፃውያንን ይመታ ዘንድ ያልፋልና፤ ደሙንም በጉበኑና በሁለቱ መቃኖች ላይ በአየ ጊዜ እግዚአብሔር በሩን ያልፋል፤ አጥፊውም ይመታችሁ ዘንድ ወደ ቤታችሁ እንዲገባ አይተወውም።
19c6f57d-4dce-59f0-a482-8347c5afbda2,90b6f48f-1500-525a-a128-d4bf40de63d0,9311c24e-e709-5a7a-a1d5-adc53fda5a79,4,24,ለእናንተ ለልጆቻችሁም ለዘለዓለም ይሆናችሁ ዘንድ ይህን ሕግ ጠብቁ።
c4b8a3a8-ed8b-5630-a764-9a03a714236a,90b6f48f-1500-525a-a128-d4bf40de63d0,9311c24e-e709-5a7a-a1d5-adc53fda5a79,5,25,እግዚአብሔር እንደ ተናገረ ወደሚሰጣችሁ ሀገር በገባችሁ ጊዜ ይህን አምልኮ ጠብቁት።
73f81b26-e8a7-5226-a1a7-3e6964bdefbe,90b6f48f-1500-525a-a128-d4bf40de63d0,9311c24e-e709-5a7a-a1d5-adc53fda5a79,6,26,ልጆቻችሁ፦ ‘ይህ ሥርዐት ለእናንተ ምንድር ነው?’ ባሉአችሁ ጊዜ እናንተ፦
10684287-e2a9-5fe0-aec6-24e4386646ef,90b6f48f-1500-525a-a128-d4bf40de63d0,9311c24e-e709-5a7a-a1d5-adc53fda5a79,7,27,‘ይህ በግብፅ ሀገር የእስራኤልን ልጆች ቤቶች ሰውሮ ግብፃውያንን በመታ ጊዜ፥ ቤቶቻችንን የአዳነ የእግዚአብሔር የፋሲካው መሥዋዕት ነው’ ትሉአቸዋላችሁ።” ሕዝቡም ተጐነበሱ፤ ሰገዱም።
a03bef99-8095-5889-a45e-5c10409b0e1b,90b6f48f-1500-525a-a128-d4bf40de63d0,9311c24e-e709-5a7a-a1d5-adc53fda5a79,8,28,የእስራኤልም ልጆች ሄዱ፤ እንዲህም አደረጉ፤ እግዚአብሔር ሙሴንና አሮንን እንደ አዘዛቸው እንዲሁ አደረጉ።
da71c906-b62f-532c-a458-1b6ac0050f73,90b6f48f-1500-525a-a128-d4bf40de63d0,85e5d1d6-ee30-56d5-ad0f-6d4bb368a9a6,1,29,እንዲህም ሆነ፤ እኩለ ሌሊት በሆነ ጊዜ እግዚአብሔር በዙፋን ከተቀመጠው ከፈርዖን በኵር ጀምሮ እስከ ውኃ ቀጅዋ ምርኮኛ በኵር ድረስ፥ በግብፅ ምድር በኵሩን ሁሉ፥ የእንስሳውንም በኵር ሁሉ መታ።
1dac1777-2087-59d2-a576-c25279993dae,90b6f48f-1500-525a-a128-d4bf40de63d0,85e5d1d6-ee30-56d5-ad0f-6d4bb368a9a6,2,30,ፈርዖንም፥ ሹሞቹም ሁሉ፥ ግብፃውያንም ሁሉ በሌሊት ተነሡ፤ የሞተ የሌለበት ቤት አልነበረምና በግብፅ ምድር ሁሉ ታላቅ ልቅሶ ሆነ።
c1a973a9-c901-51d7-ab27-fa2c4a4f8033,90b6f48f-1500-525a-a128-d4bf40de63d0,85e5d1d6-ee30-56d5-ad0f-6d4bb368a9a6,3,31,ፈርዖንም ሙሴንና አሮንን በሌሊት ጠርቶ አላቸው፥ “እናንተ የእስራኤልም ልጆች ተነሡ፤ ከሕዝቤ መካከል ውጡ፤ ሂዱም፤ እንዳላችሁም እግዚአብሔርን አምልኩት፤
aaace780-37ef-5af3-af6e-775b2be8d82d,90b6f48f-1500-525a-a128-d4bf40de63d0,85e5d1d6-ee30-56d5-ad0f-6d4bb368a9a6,4,32,በጎቻችሁንም፥ ላሞቻችሁንም ውሰዱ፤ ሂዱም፤ እኔንም ደግሞ ባርኩኝ።”
0e7b1ead-cd13-5df3-a873-c92425b4d8d8,90b6f48f-1500-525a-a128-d4bf40de63d0,85e5d1d6-ee30-56d5-ad0f-6d4bb368a9a6,5,33,ግብፃውያንም ፈጥነው ከምድሩ ይወጡ ዘንድ ሕዝቡን ያስቸኩሉአቸው ነበር፥ “ሁላችንም እንሞታለን” ብለዋልና።
71b252df-8751-556e-a5e4-b43629dd0f9e,90b6f48f-1500-525a-a128-d4bf40de63d0,85e5d1d6-ee30-56d5-ad0f-6d4bb368a9a6,6,34,ሕዝቡም ሊጡን ሳይቦካ ተሸከሙ፤ ቡሃቃውንም በልብሳቸው ጠቅልለው በትከሻቸው ተሸከሙት።
2c129436-c9a8-5b9f-a12b-5bd8cbb72a07,90b6f48f-1500-525a-a128-d4bf40de63d0,85e5d1d6-ee30-56d5-ad0f-6d4bb368a9a6,7,35,የእስራኤልም ልጆች ሙሴ እንዳዘዘ አደረጉ። ከግብፃውያንም የብርንና የወርቅን ዕቃ፥ ልብስንም ተዋሱ።
dbd81319-b8af-522c-abeb-291b198cadcf,90b6f48f-1500-525a-a128-d4bf40de63d0,85e5d1d6-ee30-56d5-ad0f-6d4bb368a9a6,8,36,እግዚአብሔርም ለሕዝቡ በግብፃውያን ፊት ሞገስን ሰጠ፤ እነርሱም አዋሱአቸው። እነርሱም ግብፃውያንን በዘበዙአቸው።
5c158705-9ed2-52d2-ab44-4c513cf6df75,90b6f48f-1500-525a-a128-d4bf40de63d0,c97774fc-a9bd-51be-af0d-8137ac1ac8f0,1,37,የእስራኤልም ልጆች ከራምሴ ተነሥተው ወደ ሱኮት ሄዱ፤ ከጓዝ ጋር ካሉት ሌላ ስድስት መቶ ሺህ ሰው የሚያህል እግረኛ ነበረ።
10ce2ef6-6fa0-51d7-a0a9-c954abed5c61,90b6f48f-1500-525a-a128-d4bf40de63d0,c97774fc-a9bd-51be-af0d-8137ac1ac8f0,2,38,ደግሞም ሌላ ብዙ ድብልቅ ሕዝብ፥ መንጎችና ላሞችም እጅግ ብዙም ከብቶች ከእነርሱ ጋር ወጡ።
f4c6e277-f7dc-539f-a30b-d0f27b51f93c,90b6f48f-1500-525a-a128-d4bf40de63d0,c97774fc-a9bd-51be-af0d-8137ac1ac8f0,3,39,ከግብፅም ከእነርሱ ጋር ያወጡትን ሊጥ ቂጣ እንጎቻ አድርገው ጋገሩት። አልቦካም ነበርና፤ ግብፃውያንም ስለ አስወጡአቸው ይቈዩ ዘንድ አልተቻላቸውምና፤ ለመንገድም ስንቅ አላሰናዱም ነበርና።
f042657b-fc49-59aa-a680-3cda1aeac4fb,90b6f48f-1500-525a-a128-d4bf40de63d0,c97774fc-a9bd-51be-af0d-8137ac1ac8f0,4,40,የእስራኤልም ልጆች በግብፅ ምድርና በከነዓን ምድር እነርሱና አባቶቻቸው የተቀመጡት ዘመን አራት መቶ ሠላሳ ዓመት ነው።
1e748993-5fe8-5d12-af5e-3f3b7bc740ea,90b6f48f-1500-525a-a128-d4bf40de63d0,c97774fc-a9bd-51be-af0d-8137ac1ac8f0,5,41,እንዲህም ሆነ፤ አራት መቶ ሠላሳ ዓመት ከተፈጸመ በኋላ የእግዚአብሔር ሠራዊት ሁሉ በሌሊት ከግብፅ ምድር ወጣ።
f5a16002-58a2-51e8-a7e7-feaa8bc88c05,90b6f48f-1500-525a-a128-d4bf40de63d0,c97774fc-a9bd-51be-af0d-8137ac1ac8f0,6,42,ይህች ሌሊት ከግብፅ ምድር ስላወጣቸው ለእግዚአብሔር የተጠበቀች ናት፤ ይህች ሌሊት በእስራኤል ልጆች ሁሉ ዘንድ እስከ ልጅ ልጃቸው ድረስ ለእግዚአብሔር የተጠበቀች ናት።
7cdbd1a6-ee8c-543f-af42-ae35b1d6546b,90b6f48f-1500-525a-a128-d4bf40de63d0,45bbba22-9da0-503b-a15f-c4f24e67a615,1,43,እግዚአብሔርም ሙሴንና አሮንን አላቸው፥ “ይህ የፋሲካ ሕግ ነው፤ ከእርሱ ባዕድ ሰው አይብላ።
9294bd6f-62ab-53a3-ae87-617761d291ed,90b6f48f-1500-525a-a128-d4bf40de63d0,45bbba22-9da0-503b-a15f-c4f24e67a615,2,44,አገልጋይ ወይም በብር የተገዛ ቢኖር ከተገረዘ በኋላ ያን ጊዜ ከእርሱ ይብላ።
741d5f1b-0dac-52b4-a56a-4e9b0ffc9f82,90b6f48f-1500-525a-a128-d4bf40de63d0,45bbba22-9da0-503b-a15f-c4f24e67a615,3,45,ጥገኛና ሞያተኛ ግን ከእርሱ አይብሉ።
8ed71e07-e26d-5161-a2ba-1503a99f66b9,90b6f48f-1500-525a-a128-d4bf40de63d0,45bbba22-9da0-503b-a15f-c4f24e67a615,4,46,በአንድ ቤትም ይበላ፤ ከሥጋውም አንዳች ከቤት ወደ ሜዳ አታውጡ፤ አጥንቱንም አትስበሩ።
1a8893fb-6c83-54cc-a76f-3115ba5d1154,90b6f48f-1500-525a-a128-d4bf40de63d0,45bbba22-9da0-503b-a15f-c4f24e67a615,5,47,የእስራኤልም ማኅበር ሁሉ ያድርጉት።
3a0454df-0a5b-5714-a359-b74f6e85f3c9,90b6f48f-1500-525a-a128-d4bf40de63d0,45bbba22-9da0-503b-a15f-c4f24e67a615,6,48,የእግዚአብሔርን ፋሲካ ያደርግ ዘንድ ወደ እናንተ የመጣ መጻተኛ ቢኖር ወንዱን ሁሉ ትገርዛለህ፤ ያን ጊዜም ፋሲካ ያደርግ ዘንድ ይገባል፤ እንደ ሀገር ልጅም ይሆንላችኋል፤ ያልተገረዘ ሁሉ ግን ከእርሱ አይብላ።
28bd4832-62a1-5e03-a0ca-9db342d02dde,90b6f48f-1500-525a-a128-d4bf40de63d0,45bbba22-9da0-503b-a15f-c4f24e67a615,7,49,ለሀገር ልጅ፥ በእናንተ መካከልም ለሚቀመጡ መጻተኞች አንድ ሥርዐት ይሆናል።”
043a4390-4cb3-5c46-a327-f1d13ccc09cc,90b6f48f-1500-525a-a128-d4bf40de63d0,45bbba22-9da0-503b-a15f-c4f24e67a615,8,50,የእስራኤልም ልጆች ሁሉ እንዲህ አደረጉ፤ እግዚአብሔር ሙሴንና አሮንን እንደ አዘዘ እንዲሁ አደረጉ።
2ac02be3-8091-5a0b-abc8-fdd914811c41,90b6f48f-1500-525a-a128-d4bf40de63d0,45bbba22-9da0-503b-a15f-c4f24e67a615,9,51,በዚያም ቀን እግዚአብሔር የእስራኤልን ልጆች ከሠራዊታቸው ጋር ከግብፅ ምድር አወጣቸው።
925f7be0-7091-5062-aca6-77d41c32124f,e80c05d0-747d-5ee5-a2f6-1e1dcdd2e291,7e0573f5-fa89-5243-a145-a78a3ae2aea1,1,1,እግዚአብሔርም ሙሴን እንዲህ ብሎ ተናገረው፦
82f81bf4-8ee6-5f4d-a574-34780c444f52,e80c05d0-747d-5ee5-a2f6-1e1dcdd2e291,7e0573f5-fa89-5243-a145-a78a3ae2aea1,2,2,“በእስራኤል ልጆች ዘንድ ከሰውም፥ ከእንስሳም መጀመሪያ የተወለደውን ማሕፀንን የሚከፍት በኵር ሁሉ ለእኔ ለይልኝ፤ የእኔ ነው።”
34ba2ab0-1002-54d7-a547-5985efbb0688,e80c05d0-747d-5ee5-a2f6-1e1dcdd2e291,a601021d-e82c-5441-a4af-28ba39a0ac86,1,3,ሙሴም ሕዝቡን አለ፥ “ከባርነት ቤት ከግብፅ የወጣችሁባትን ይህችን ቀን ዐስቡ፤ እግዚአብሔር ከዚህ ቦታ በበረታች እጅ አውጥቶአችኋልና። ስለዚህ የቦካ እንጀራ አትብሉ።
a1b34a13-6b2c-58ae-afc1-df626266c238,e80c05d0-747d-5ee5-a2f6-1e1dcdd2e291,a601021d-e82c-5441-a4af-28ba39a0ac86,2,4,እናንተ በዚች ቀን በሚያዝያ ወር ወጥታችኋልና።
d8ffd4b0-ddcf-5537-af0e-458a56fb822f,e80c05d0-747d-5ee5-a2f6-1e1dcdd2e291,a601021d-e82c-5441-a4af-28ba39a0ac86,3,5,እግዚአብሔርም ለእናንተ ይሰጣት ዘንድ ለአባቶቻችሁ ወደማለላቸው፥ ወተትና ማር ወደምታፈስስ ምድር፥ ወደ ከናኔዎናውያን፥ ወደ ኬጢዎናውያንም፥ ወደ አሞሬዎናውያንም፥ ወደ ኤዌዎናውያን፥ ወደ ኢያቡሴዎናውያንም፥ ወደ ጌርጌሴዎናውያንም፥ ወደ ፌርዜዎናውያንም ምድር በአገባችሁ ጊዜ ይህችን ሥርዐት በዚህ ወር አድርጉ።
48295372-5cb3-5c13-a62b-419e7e8a6cd3,e80c05d0-747d-5ee5-a2f6-1e1dcdd2e291,a601021d-e82c-5441-a4af-28ba39a0ac86,4,6,ስድስት ቀን ቂጣ ትበላላችሁ፤ ሰባተኛውም ቀን የእግዚአብሔር በዓል ይሆናል።
5b7fa632-7fae-50fd-a44e-c54c1976daab,e80c05d0-747d-5ee5-a2f6-1e1dcdd2e291,a601021d-e82c-5441-a4af-28ba39a0ac86,5,7,ሰባት ቀንም ሙሉ ቂጣ ትበላላችሁ፤ በእናንተም ዘንድ እርሾ ያለበት እንጀራ አይታይ፤ በአውራጃዎቻችሁ ሁሉ እርሾ አይኑር።
9a16636d-a2d3-5856-a62f-c6ca2c786432,e80c05d0-747d-5ee5-a2f6-1e1dcdd2e291,a601021d-e82c-5441-a4af-28ba39a0ac86,6,8,በዚያም ቀን፦ ‘ከግብፅ በወጣሁ ጊዜ እግዚአብሔር አምላክ ስለአደረገልኝ ነው’ ስትል ለልጅህ ትነግረዋለህ።
89d52455-f71e-5d08-a6b2-99d7471be0cc,e80c05d0-747d-5ee5-a2f6-1e1dcdd2e291,a601021d-e82c-5441-a4af-28ba39a0ac86,7,9,እግዚአብሔርም በበረታች እጅ ከግብፅ አውጥቶሃልና የእግዚአብሔር ሕግ በአፍህ ይሆን ዘንድ በእጅህ እንደ ምልክት፥ በዐይኖችህም መካከል እንደ መታሰቢያ ይሁንልህ።
9cad219d-f774-586e-a6d9-f6f11bac17ee,e80c05d0-747d-5ee5-a2f6-1e1dcdd2e291,a601021d-e82c-5441-a4af-28ba39a0ac86,8,10,ከቀን ወደ ቀን በየጊዜው ይህን ሕግ ጠብቁት።
9976f2f6-6dcf-5ede-a436-9eabc944700b,e80c05d0-747d-5ee5-a2f6-1e1dcdd2e291,a601021d-e82c-5441-a4af-28ba39a0ac86,9,11,“እግዚአብሔርም ለአባቶችህ እንደማለ ወደ ከነዓናውያን ምድር በአገባህ ጊዜ፥ እርስዋንም ለአንተ በሰጠህ ጊዜ፥
9f3ce538-034b-5ef0-ad23-cae2b591d61a,e80c05d0-747d-5ee5-a2f6-1e1dcdd2e291,a601021d-e82c-5441-a4af-28ba39a0ac86,10,12,ማሕፀንን የሚከፍተውን ሁሉ ለይ፤ ከመንጋህና ከከብትህም መጀመሪያ የሚወለደው ተባት ለእግዚአብሔር ይሆናል።
c86f7991-0af5-5415-a081-53265ccc88e7,e80c05d0-747d-5ee5-a2f6-1e1dcdd2e291,a601021d-e82c-5441-a4af-28ba39a0ac86,11,13,የአህያውን በኵር በበግ ትለውጠዋለህ፤ ባትለውጠው ግን ትዋጀዋለህ። የሰውንም በኵር ሁሉ ከልጆችህ መካከል ትዋጀዋለህ።
2b03efae-ec9c-5647-a87a-95e97c3726b0,e80c05d0-747d-5ee5-a2f6-1e1dcdd2e291,a601021d-e82c-5441-a4af-28ba39a0ac86,12,14,እንዲህም ይሆናል፤ ከዚህ በኋላ ልጅህ፦ ‘ይህ ምንድን ነው?’ ብሎ በጠየቀህ ጊዜ እንዲህ ትለዋለህ፦ እግዚአብሔር በብርቱ እጅ ከባርነት ቤት ከግብፅ ምድር አወጣን፤
5416ce14-739d-5125-a183-185b978f0459,e80c05d0-747d-5ee5-a2f6-1e1dcdd2e291,a601021d-e82c-5441-a4af-28ba39a0ac86,13,15,ፈርዖንም እኛን ለመልቀቅ እንቢ ባለ ጊዜ እግዚአብሔር ከሰው በኵር ጀምሮ እስከ እንስሳ በኵር ድረስ በግብፅ ምድር ያለውን በኵር ሁሉ ገደለ፤ ስለዚህ ወንድ ሆኖ ማሕፀንን የከፈተውን ሁሉ ለእግዚአብሔር እሠዋለሁ፤ ነገር ግን የልጆችን በኵር ሁሉ እዋጃለሁ።’
0ae3e32a-73f7-5201-a5bc-4d5a60421cf0,e80c05d0-747d-5ee5-a2f6-1e1dcdd2e291,a601021d-e82c-5441-a4af-28ba39a0ac86,14,16,እግዚአብሔርም በብርቱ እጅ ከግብፅ አውጥቶሃልና በእጅህ እንደ ምልክት ፥ ከዐይኖችህም እንደማይርቅ ነገር ይሁንልህ።”
61b08ff3-9ed2-52b0-af3c-7256dd10783c,e80c05d0-747d-5ee5-a2f6-1e1dcdd2e291,2a976b6e-f216-5cb5-a36c-bd6aae707765,1,17,እንዲህም ሆነ፤ ፈርዖን ሕዝቡን በለቀቀ ጊዜ፥ ምንም ቅርብ ቢሆን እግዚአብሔር በፍልስጥኤማውያን ምድር መንገድ አልመራቸውም፤ እግዚአብሔር፥ “ሕዝቡ ሰልፉን በአየ ጊዜ እንዳይጸጽተው፥ ወደ ግብፅም እንዳይመለስ” ብሎአልና።
b39ffce8-f7bf-5290-a190-00833783403d,e80c05d0-747d-5ee5-a2f6-1e1dcdd2e291,2a976b6e-f216-5cb5-a36c-bd6aae707765,2,18,ነገር ግን እግዚአብሔር ሕዝቡን በዙሪያ መንገድ በኤርትራ ባሕር ባለችው ምድረ በዳ መራቸው። የእስራኤልም ልጆች በአምስተኛው ትውልድ ከግብፅ ምድር ወጡ።
4566e3b7-7f23-58d0-a393-f5955efd810d,e80c05d0-747d-5ee5-a2f6-1e1dcdd2e291,2a976b6e-f216-5cb5-a36c-bd6aae707765,3,19,ሙሴም የዮሴፍን ዐጽም ከእርሱ ጋር ወሰደ፥ “እግዚአብሔር መጐብኘትን በጐበኛችሁ ጊዜ ዐጽሜን ውሰዱ፤ ከእናንተም ጋር ከዚህ አውጡ” ብሎ የእስራኤልን ልጆች አምሎአቸው ነበርና።
2ea2055e-6eaf-5784-a03c-b5bc4a63f4ac,e80c05d0-747d-5ee5-a2f6-1e1dcdd2e291,2a976b6e-f216-5cb5-a36c-bd6aae707765,4,20,የእስራኤል ልጆችም ከሱኮት ተጓዙ፤ በምድረ በዳውም ዳር በኦቶም ሰፈሩ።
c0b90ff9-bc16-5f87-add6-6a1448a1017f,e80c05d0-747d-5ee5-a2f6-1e1dcdd2e291,2a976b6e-f216-5cb5-a36c-bd6aae707765,5,21,እግዚአብሔርም መንገድ ሊያሳያቸው ቀን በዐምደ ደመና፥ ሌሊትም በዐምደ እሳት ይመራቸው ነበር።
ecc89966-882b-58b7-a771-26064933ab60,e80c05d0-747d-5ee5-a2f6-1e1dcdd2e291,2a976b6e-f216-5cb5-a36c-bd6aae707765,6,22,ዐምደ ደመናው በቀን፥ ዐምደ እሳቱም በሌሊት ከሕዝቡ ፊት ከቶ ፈቀቅ አላለም።
4818ad04-4303-564a-a0d6-5c59c8389f84,f1a278db-ae68-5e1a-ad38-a324666e882f,8dc3ee24-5266-58f4-a023-637f3bd6dd7f,1,1,እግዚአብሔርም ሙሴን እንዲህ ብሎ ተናገረው፦
ca0b2996-333f-5eb5-aeb5-f4b6f5b1e2e0,f1a278db-ae68-5e1a-ad38-a324666e882f,8dc3ee24-5266-58f4-a023-637f3bd6dd7f,2,2,“ተመልሰው በመግደሎና በባሕር መካከል፥ በብኤልሴፎን ፊት ለፊት ባለው ገላጣ መንደር አንጻር እንዲሰፍሩ ለእስራኤል ልጆች ተናገር፤ ከእርሱም አጠገብ በባሕር ዳር ትሰፍራላችሁ።
d8de5707-712b-50a1-a72c-76690a09e216,f1a278db-ae68-5e1a-ad38-a324666e882f,8dc3ee24-5266-58f4-a023-637f3bd6dd7f,3,3,ፈርዖንም ለሕዝቡ ስለ እስራኤል ልጆች፦ ‘በምድር ይቅበዘበዛሉ፤ ምድረ በዳም ዘጋቻቸው’ ይላል።
521a4de4-90a4-5295-a0e7-8e4b0755d6f0,f1a278db-ae68-5e1a-ad38-a324666e882f,8dc3ee24-5266-58f4-a023-637f3bd6dd7f,4,4,እኔም የፈርዖንን ልብ አጸናለሁ፤ እርሱም ከኋላቸው ይከተላቸዋል፤ እኔም በፈርዖንና በሠራዊቱ ሁሉ ላይ እከብራለሁ፤ ግብፃውያንም ሁሉ እኔ እግዚአብሔር እንደ ሆንሁ ያውቃሉ።” እነርሱም እንዲሁ አደረጉ።
bf2b0165-1bdd-550e-a6de-dcb65bc507d4,f1a278db-ae68-5e1a-ad38-a324666e882f,8dc3ee24-5266-58f4-a023-637f3bd6dd7f,5,5,ሕዝቡም እንደ ኰበለሉ ለግብፅ ንጉሥ ነገሩት፤ የፈርዖንና የሹሞቹም ልብ በሕዝቡ ላይ ተለወጠና፥ “እንዳይገዙልን የእስራኤልን ልጆች የለቀቅነው ምን ማድረጋችን ነው?” አሉ።
4a7b33df-9439-576b-a9bd-43cbb21bbe85,f1a278db-ae68-5e1a-ad38-a324666e882f,8dc3ee24-5266-58f4-a023-637f3bd6dd7f,6,6,ፈርዖንም ሰረገላውን አሰናዳ፤ ሕዝቡንም ከእርሱ ጋር ሰበሰበ።
539b8905-266c-594a-ab9e-24efae292677,f1a278db-ae68-5e1a-ad38-a324666e882f,8dc3ee24-5266-58f4-a023-637f3bd6dd7f,7,7,ስድስት መቶ የተመረጡ ሰረገሎችንም፥ የግብፅንም ፈረሶች ሁሉ ወስዶ ሁሉንም ከሦስት ከፈላቸው።
e88d9a79-1a7a-576a-a76e-d79be34d619f,f1a278db-ae68-5e1a-ad38-a324666e882f,8dc3ee24-5266-58f4-a023-637f3bd6dd7f,8,8,እግዚአብሔርም የግብፅን ንጉሥ የፈርዖንንና የሹሞቹን ልብ አጸና፤ እርሱም የእስራኤልን ልጆች አሳደደ፤ የእስራኤልም ልጆች ከፍ ባለች እጅ ወጡ።
d5939f15-4994-5347-a1bc-1122f2071dfe,f1a278db-ae68-5e1a-ad38-a324666e882f,8dc3ee24-5266-58f4-a023-637f3bd6dd7f,9,9,ግብፃውያንም፥ የፈርዖን ፈረሶች፥ ሰረገሎቹም፥ ፈረሰኞቹም፥ ሠራዊቱም ሁሉ አሳደዱአቸው፤ በባሕሩ ዳር በብኤልሴፎን ፊት ለፊት ባለው ገላጣ መንደር አንጻርም ሰፍረው አገኙአቸው።
97f30772-4687-5ee4-a27f-bfe0275378f5,f1a278db-ae68-5e1a-ad38-a324666e882f,8dc3ee24-5266-58f4-a023-637f3bd6dd7f,10,10,ፈርዖንም በቀረበ ጊዜ የእስራኤል ልጆች ዐይናቸውን አነሡ፤ እነሆም፥ ግብፃውያን ሲከተሉአቸው አዩ፤ የእስራኤልም ልጆች እጅግ ፈሩ፤ የእስራኤልም ልጆች ወደ እግዚአብሔር ጮኹ።
3839f8a3-c9b9-5f9b-a766-ceb771d0913a,f1a278db-ae68-5e1a-ad38-a324666e882f,8dc3ee24-5266-58f4-a023-637f3bd6dd7f,11,11,ሙሴንም አሉት፥ “በግብፅ መቃብር ስላልኖረ በምድረ በዳ እንሞት ዘንድ አወጣኸን? ከግብፅ ታወጣን ዘንድ ይህ ያደረግህብን ምንድን ነው?
d670799f-b73b-52d0-ac47-aa61f3c50750,f1a278db-ae68-5e1a-ad38-a324666e882f,8dc3ee24-5266-58f4-a023-637f3bd6dd7f,12,12,በምድረ በዳ ከምንሞት ብንገዛላቸው ይሻለናልና፦ ‘ተወን፤ ለግብፃውያን እንገዛ’ ብለን በግብፅ ሳለን ያልንህ ቃል ይህ አይደለምን?”
05aa21b9-6da8-5842-abfd-dde0adb48321,f1a278db-ae68-5e1a-ad38-a324666e882f,8dc3ee24-5266-58f4-a023-637f3bd6dd7f,13,13,ሙሴም ለሕዝቡ፥ “አትፍሩ፤ ዛሬ የምታዩአቸውን ግብፃውያንን ለዘለዓለም አታዩአቸውምና ቁሙ፤ ዛሬ ለእናንተ የሚያደርጋትን የእግዚአብሔርን ማዳን እዩ።
34967c11-5342-54d7-adb3-a1ab04498245,f1a278db-ae68-5e1a-ad38-a324666e882f,8dc3ee24-5266-58f4-a023-637f3bd6dd7f,14,14,እግዚአብሔር ስለ እናንተ ይዋጋል፤ እናንተም ዝም ትላላችሁ” አላቸው።
1b998045-9960-5708-ab99-07fd4f3c1546,f1a278db-ae68-5e1a-ad38-a324666e882f,8dc3ee24-5266-58f4-a023-637f3bd6dd7f,15,15,እግዚአብሔርም ሙሴን አለው፥ “ለምን ትጮኽብኛለህ? ከብቶቻቸውን እንዲነዱ ለእስራኤል ልጆች ንገር።
9307fd62-633c-5c8f-acff-dad807b74650,f1a278db-ae68-5e1a-ad38-a324666e882f,8dc3ee24-5266-58f4-a023-637f3bd6dd7f,16,16,አንተም በትርህን አንሣ፤ እጅህንም በባሕሩ ላይ ዘርጋ፤ ክፈለውም፤ የእስራኤልም ልጆች በባሕሩ ውስጥ በየብስ ያልፋሉ።
e2518bac-2273-58e8-aed7-ca1c48be43e4,f1a278db-ae68-5e1a-ad38-a324666e882f,8dc3ee24-5266-58f4-a023-637f3bd6dd7f,17,17,እነሆም፥ እኔ የፈርዖንንና የግብፃውያንን ልብ አጸናለሁ፤ በኋላቸውም ይገባሉ፤ በፈርዖንና በሠራዊቱም ሁሉ፥ በሰረገሎቹም፥ በፈረሰኞቹም ላይ እከብራለሁ።
e8cd85f3-9bf7-52dd-a981-9be4dc292f1a,f1a278db-ae68-5e1a-ad38-a324666e882f,8dc3ee24-5266-58f4-a023-637f3bd6dd7f,18,18,ግብፃውያንም በፈርዖንና በሰረገሎቹ፥ በፈረሰኞቹም ላይ ክብር በአገኘሁ ጊዜ እኔ እግዚአብሔር እንደ ሆንሁ ያውቃሉ።”
641e2454-b0d9-5eed-a7e6-6c0d9572b6e4,f1a278db-ae68-5e1a-ad38-a324666e882f,8dc3ee24-5266-58f4-a023-637f3bd6dd7f,19,19,በእስራኤልም ሠራዊት ፊት ይሄድ የነበረው የእግዚአብሔር መልአክ ፈቀቅ ብሎ በኋላቸው ሄደ፤ የደመናውም ዐምድ ከፊታቸው ፈቀቅ ብሎ በኋላቸው ቆመ፤
570ea347-023c-519c-a418-9e89902418b0,f1a278db-ae68-5e1a-ad38-a324666e882f,8dc3ee24-5266-58f4-a023-637f3bd6dd7f,20,20,በግብፃውያን ሰፈርና በእስራኤል ሰፈር መካከልም ገባ፤ በዚያም ጭጋግና ጨለማ ነበረ፤ ሌሊቱም አለፈ፤ ሌሊቱንም ሁሉ እርስ በእርሳቸው አልተቃረቡም።
47406b2b-eac6-564e-a273-96e965cabfe2,f1a278db-ae68-5e1a-ad38-a324666e882f,8dc3ee24-5266-58f4-a023-637f3bd6dd7f,21,21,ሙሴም በባሕሩ ላይ እጁን ዘረጋ፤ እግዚአብሔርም ሌሊቱን ሁሉ ጽኑ የአዜብ ነፋስ አምጥቶ ባሕሩን አስወገደው፤ ባሕሩንም አደረቀው፤ ውኃውም ተከፈለ።
6c4ce0f6-31f7-5c08-ab1e-45fdb8e5101e,f1a278db-ae68-5e1a-ad38-a324666e882f,8dc3ee24-5266-58f4-a023-637f3bd6dd7f,22,22,የእስራኤልም ልጆች በባሕሩ መካከል በየብስ ገቡ፤ ውኃውም በቀኛቸውና በግራቸው እንደ ግድግዳ ሆነላቸው።
fc20c298-c8d4-5bbc-ad9d-429d5edc8023,f1a278db-ae68-5e1a-ad38-a324666e882f,8dc3ee24-5266-58f4-a023-637f3bd6dd7f,23,23,ግብፃውያንም፥ የፈርዖን ፈረሶችና ሰረገሎች፥ ፈረሰኞቹም ሁሉ እያሳደዱ በኋላቸው ወደ ባሕር መካከል ገቡ።
6870b607-852f-5e2f-af22-52992b8763a7,f1a278db-ae68-5e1a-ad38-a324666e882f,8dc3ee24-5266-58f4-a023-637f3bd6dd7f,24,24,ንጋትም በሆነ ጊዜ እግዚአብሔር በእሳትና በደመና ዐምድ ሆኖ የግብፃውያንን ሠራዊት ተመለከተ፤ የግብፃውያንንም ሠራዊት አወከ።
0319f7cb-94cb-513e-acc5-c4faa967297f,f1a278db-ae68-5e1a-ad38-a324666e882f,8dc3ee24-5266-58f4-a023-637f3bd6dd7f,25,25,የሰረገሎቹንም መንኰራኵር አሰረ፤ ወደ ጭንቅም አገባቸው፤ ግብፃውያንም፥ “እግዚአብሔር ስለ እነርሱ ይዋጋላቸዋልና ከእስራኤል ፊት እንሽሽ” አሉ።
fba322c2-258e-58e0-a357-93277a036ae4,f1a278db-ae68-5e1a-ad38-a324666e882f,3fa9ffb9-5d07-5d87-ab35-f662958d79c2,1,26,እግዚአብሔርም ሙሴን አለው፥ “እጅህን በባሕሩ ላይ ዘርጋ፤ ውኃውም በግብፃውያን፥ በሰረገሎቻቸውም፥ በፈረሰኞቻቸውም ላይ ይመለስ፤ ይሸፍናቸውም።”
2a2d7368-ab2e-5980-a6bb-a8debc94cb71,f1a278db-ae68-5e1a-ad38-a324666e882f,3fa9ffb9-5d07-5d87-ab35-f662958d79c2,2,27,ሙሴም እጁን በባሕሩ ላይ ዘረጋ፤ ባሕሩም ማለዳ ወደ መፍሰሱ ተመለሰ፤ ግብፃውያንም ከእርሱ ሸሹ፤ እግዚአብሔርም ግብፃውያንን በባሕሩ መካከል ጣላቸው።
f01523af-1326-506c-a54b-a79601be5857,f1a278db-ae68-5e1a-ad38-a324666e882f,3fa9ffb9-5d07-5d87-ab35-f662958d79c2,3,28,ውኃውም ተመልሶ በኋላቸው ወደ ባሕር የገቡትን ሰረገሎችን፥ ፈረሰኞችንም፥ የፈርዖንንም ሠራዊት ሁሉ ከደነ፤ ከመጡትም ሁሉ አንድ ስንኳ የቀረ የለም።
59a88bbc-859e-5e52-ad41-459a5ee97fff,f1a278db-ae68-5e1a-ad38-a324666e882f,3fa9ffb9-5d07-5d87-ab35-f662958d79c2,4,29,የእስራኤል ልጆች ግን በባሕሩ ውስጥ በየብስ ሄዱ፤ ውኃውም በቀኛቸውና በግራቸው እንደ ግድግዳ ሆነላቸው።
1979ce2f-5b6e-5ee0-a02d-e8cb25e8809d,f1a278db-ae68-5e1a-ad38-a324666e882f,3fa9ffb9-5d07-5d87-ab35-f662958d79c2,5,30,እግዚአብሔርም በዚያ ቀን እስራኤልን ከግብፃውያን እጅ አዳናቸው፤ እስራኤልም ግብፃውያን እንደ ሞቱ በባሕር ዳር አዩ።
72fcaa93-9a4c-500d-ae35-6d4716f324ee,f1a278db-ae68-5e1a-ad38-a324666e882f,3fa9ffb9-5d07-5d87-ab35-f662958d79c2,6,31,እስራኤልም እግዚአብሔር በግብፃውያን ላይ ያደረጋትን ታላቂቱን እጅ አዩ፤ ሕዝቡም እግዚአብሔርን ፈሩ፤ በእግዚአብሔርም አመኑ፤ ባሪያውንም ሙሴን አከበሩ።
9c147db5-8217-5fd2-a679-b8caf45b3944,efd3491f-0a49-58d2-a217-815b0527b4c4,829ad789-0551-56df-a99a-1d694480f465,1,1,በዚያ ጊዜም ሙሴና የእስራኤል ልጆች ይህን መዝሙር ለእግዚአብሔር ዘመሩ፤ እንዲህም ብለው ተናገሩ፦
c1cf1fd5-901e-5eae-aa12-f5f06ecba57b,efd3491f-0a49-58d2-a217-815b0527b4c4,829ad789-0551-56df-a99a-1d694480f465,2,2,እኔን ለማዳን ረዳትና ሰዋሪ ሆነኝ፤
ce826ccf-aa95-50ae-afd2-af2a36925866,efd3491f-0a49-58d2-a217-815b0527b4c4,829ad789-0551-56df-a99a-1d694480f465,3,3,እግዚአብሔር ጦርነትን ያጠፋል፤ ስሙም እግዚአብሔር ነው፤
6fc4bbf5-d59e-5c05-a214-087696b30a4e,efd3491f-0a49-58d2-a217-815b0527b4c4,829ad789-0551-56df-a99a-1d694480f465,4,4,የፈርዖንን ሰረገሎች፥ ሠራዊቱንም በባሕር ጣላቸው።
f420055f-606d-5628-a18c-a1e6c5e92ea9,efd3491f-0a49-58d2-a217-815b0527b4c4,829ad789-0551-56df-a99a-1d694480f465,5,5,ማዕበልም ከደናቸው፤
a085429b-8e78-52ff-a327-86236a1b40ab,efd3491f-0a49-58d2-a217-815b0527b4c4,829ad789-0551-56df-a99a-1d694480f465,6,6,አቤቱ፥ ቀኝህ በኀይል ከበረ፤
e63ad5d7-c210-554f-a13e-e962d65b1a2f,efd3491f-0a49-58d2-a217-815b0527b4c4,829ad789-0551-56df-a99a-1d694480f465,7,7,በክብርህም ብዛት ጠላቶችህን አጠፋህ፤
7b416c88-a464-58ca-a064-d17021729952,efd3491f-0a49-58d2-a217-815b0527b4c4,829ad789-0551-56df-a99a-1d694480f465,8,8,በቍጣህ እስትንፋስ ውኃው ቆመ፤
59f9cc20-7477-5dd2-a5f5-b2b6b8012acf,efd3491f-0a49-58d2-a217-815b0527b4c4,829ad789-0551-56df-a99a-1d694480f465,9,9,ጠላትም፦ ‘አሳድጄ እይዛቸዋለሁ፤
73426e16-9720-5440-a8d9-0fa0c5d8b1e1,efd3491f-0a49-58d2-a217-815b0527b4c4,829ad789-0551-56df-a99a-1d694480f465,10,10,ነፋስህን ላክህ፤ ባሕርም ከደናቸው፤
fd5e4515-a6d9-5bba-ae0b-e1507b24afca,efd3491f-0a49-58d2-a217-815b0527b4c4,829ad789-0551-56df-a99a-1d694480f465,11,11,አቤቱ፦ በአማልክት መካከል አንተን የሚመስል ማን ነው?
e8ea59bd-e40b-5f81-aaa2-9f5adf3a4b90,efd3491f-0a49-58d2-a217-815b0527b4c4,829ad789-0551-56df-a99a-1d694480f465,12,12,ቀኝህን ዘረጋህ፤ ምድርም ዋጠቻቸው።
b225e2f7-a280-58ca-a747-0fadce95d83e,efd3491f-0a49-58d2-a217-815b0527b4c4,829ad789-0551-56df-a99a-1d694480f465,13,13,በቸርነትህ የተቤዠሃቸውን ሕዝብህን መራህ፤
8e0e49ce-d795-54f3-a195-48fe6ef0bbf7,efd3491f-0a49-58d2-a217-815b0527b4c4,829ad789-0551-56df-a99a-1d694480f465,14,14,አሕዛብ ሰሙ፤ ተቈጡም፤
6b7de5b2-c177-5b2e-aec3-50b774f2320f,efd3491f-0a49-58d2-a217-815b0527b4c4,829ad789-0551-56df-a99a-1d694480f465,15,15,ያን ጊዜ የኤዶም አለቆች ሸሹ፤
27d9170f-d308-5dc9-a299-9aaa6a041c9f,efd3491f-0a49-58d2-a217-815b0527b4c4,829ad789-0551-56df-a99a-1d694480f465,16,16,ፍርሀትና ድንጋጤ ወደቀባቸው፤
97500eb1-947e-50c5-a0b8-e415c0c50c7d,efd3491f-0a49-58d2-a217-815b0527b4c4,829ad789-0551-56df-a99a-1d694480f465,17,17,አቤቱ፥ አንተ ታስገባቸዋለህ፤
e52ae716-3331-509b-ac57-051a7108ba05,efd3491f-0a49-58d2-a217-815b0527b4c4,829ad789-0551-56df-a99a-1d694480f465,18,18,እግዚአብሔር ለዘለዓለም እስከ ዘለዓለምም ይነግሣል።
082505bb-00da-5a07-a13e-630b9f90185a,efd3491f-0a49-58d2-a217-815b0527b4c4,4984da74-6a10-54fc-aa79-5e5f17bb511c,1,19,“የፈርዖን ፈረሶች ከሰረገሎቹና ከፈረሰኞቹ ጋር ወደ ባሕር ገቡ፤ እግዚአብሔርም የባሕሩን ውኆች መለሰባቸው፤ የእስራኤል ልጆች ግን በባሕሩ መካከል በየብስ አለፉ፤ ውኃውም ለእነርሱ በቀኝ እንደ ግድግዳ፥ በግራም እንደ ግድግዳ ሆነላቸው።”
a5405e74-173b-5d34-a54d-1f022da471fd,efd3491f-0a49-58d2-a217-815b0527b4c4,4984da74-6a10-54fc-aa79-5e5f17bb511c,2,20,የአሮን እኅት ነቢይቱ ማርያምም ከበሮ በእጅዋ ወሰደች፤ ሴቶችም ሁሉ በከበሮና በዝማሬ በኋላዋ ወጡ።
87db44d9-58f9-511f-a045-740fca921b55,efd3491f-0a49-58d2-a217-815b0527b4c4,4984da74-6a10-54fc-aa79-5e5f17bb511c,3,21,ማርያምም አስቀድማ ለእግዚአብሔር እንዘምር አለች፥ “ለእግዚአብሔር እንዘምር በክብር እጅግ ከፍ ከፍ ብሎአልና፤ ፈረሱንና ፈረሰኛውን በባሕር ጥሎአልና።”
bb75f4c2-249f-589f-a632-244a142a2f00,efd3491f-0a49-58d2-a217-815b0527b4c4,1c40f8c1-7846-5dc7-ae93-e3ae0193aa89,1,22,ሙሴም የእስራኤልን ልጆች ከኤርትራ ባሕር አውጥቶ ወደ ሱር ምድረ በዳ ወሰዳቸው። በምድረ በዳም ሦስት ቀን ተጓዙ፤ ይጠጡም ዘንድ ውኃ አላገኙም።
8678f7df-43f6-5488-acbe-96c379a941fd,efd3491f-0a49-58d2-a217-815b0527b4c4,1c40f8c1-7846-5dc7-ae93-e3ae0193aa89,2,23,ወደ ማራም በመጡ ጊዜ ከማራ ውኃ ሊጠጡ አልቻሉም፤ ውኃው መራራ ነበርና፤ ስለዚህ የዚያ ስፍራ ስም “መሪር” ተብሎ ተጠራ።
811a7ebe-2c3b-5cf7-aa8f-81f3f5b769e7,efd3491f-0a49-58d2-a217-815b0527b4c4,1c40f8c1-7846-5dc7-ae93-e3ae0193aa89,3,24,ሕዝቡም፥ “ምን እንጠጣለን?” ብለው በሙሴ ላይ አንጐራጐሩ።
83416f87-6471-5d4e-aaad-331fb66fc12a,efd3491f-0a49-58d2-a217-815b0527b4c4,1c40f8c1-7846-5dc7-ae93-e3ae0193aa89,4,25,ሙሴም ወደ እግዚአብሔር ጮኸ፤ እግዚአብሔርም ዕንጨትን አሳየው፤ በውኃውም ላይ ጣለው፤ ውኃውም ጣፈጠ። በዚያም ሥርዐትንና ፍርድን አደረገላቸው፤ በዚያም ፈተናቸው።
153650d6-a90e-5d4e-a8a1-3c439bc510d3,efd3491f-0a49-58d2-a217-815b0527b4c4,1c40f8c1-7846-5dc7-ae93-e3ae0193aa89,5,26,እርሱም፥ “አንተ የአምላክህን የእግዚአብሔርን ቃል አጥብቀህ ብትሰማ፥ በፊቱም መልካምን ብታደርግ፥ ትእዛዙንም ብታደምጥ፥ ሥርዐቱንም ሁሉ ብትጠብቅ፥ በግብፃውያን ላይ ያመጣሁትን በሽታ አላደርስብህም፤ እኔ ፈዋሽህ እግዚአብሔር ነኝና” አለ።
330aa33d-98d4-55d9-afe4-41e97668c600,efd3491f-0a49-58d2-a217-815b0527b4c4,1c40f8c1-7846-5dc7-ae93-e3ae0193aa89,6,27,እነርሱም ወደ ኤሎም መጡ፤ በዚያም ዐሥራ ሁለት የውኃ ምንጮችና ሰባ የዘንባባ ዛፎች ነበሩባት፤ በዚያም በውኃው አጠገብ ሰፈሩ።
92c7c34c-e3a8-5b77-a928-261ea230108b,b72ca4e8-28f1-566d-a44a-685af15b860e,825c261a-3c3f-5e1b-a962-7d0a38a8594b,1,1,የእስራኤልም ልጆች ማኅበር ሁሉ ከኤሎም ተጓዙ፤ ከግብፅ ሀገር ከወጡ በኋላ በሁለተኛው ወር ከወሩም በዐሥራ አምስተኛው ቀን በኤሎምና በሲና መካከል ወዳለችው ወደ ሲን ምድረ በዳ መጡ።
63bee473-5327-5542-ac4d-547d4fc401ce,b72ca4e8-28f1-566d-a44a-685af15b860e,825c261a-3c3f-5e1b-a962-7d0a38a8594b,2,2,የእስራኤልም ልጆች ማኅበር ሁሉ በሙሴና በአሮን ላይ አንጐራጐሩ።
0dbf86ae-41f3-5597-abdb-a45f4033d1ad,b72ca4e8-28f1-566d-a44a-685af15b860e,825c261a-3c3f-5e1b-a962-7d0a38a8594b,3,3,የእስራኤልም ልጆች አሉአቸው፥ “በሥጋው ምንቸት አጠገብ ተቀምጠን እስክንጠግብ ድረስ እንጀራና ሥጋ በምንበላበት ጊዜ በግብፅ ምድር በእግዚአብሔር እጅ ምነው በሞትን! ይህን ጉባኤ ሁሉ በራብ ልትገድሉ እኛን ወደዚች ምድረ በዳ አምጥታችኋልና።”
56c4fac9-d0a2-5e00-a163-826fd4874d3e,b72ca4e8-28f1-566d-a44a-685af15b860e,825c261a-3c3f-5e1b-a962-7d0a38a8594b,4,4,እግዚአብሔርም ሙሴን፥ “በሕጌ ይሄዱ ወይም አይሄዱ እንደ ሆነ እኔ እንድፈትናቸው፥ እነሆ፥ ከሰማይ እንጀራን አዘንብላችኋለሁ፤ ሕዝቡም ወጥተው ለዕለት ለዕለት የሚበቃቸውን ይሰብስቡ።
5fa559fb-2f64-58d7-a389-54437859ee52,b72ca4e8-28f1-566d-a44a-685af15b860e,825c261a-3c3f-5e1b-a962-7d0a38a8594b,5,5,እንዲህም ይሆናል፤ በስድስተኛው ቀን ያመጡትን ያዘጋጁ፤ ዕለት ዕለትም ከሚለቅሙት ይልቅ ሁለት እጥፍ ይሁን” አለው።
d0ec46f9-07eb-5422-aba1-2130079fd3f3,b72ca4e8-28f1-566d-a44a-685af15b860e,825c261a-3c3f-5e1b-a962-7d0a38a8594b,6,6,ሙሴና አሮንም ለእስራኤል ልጆች ሁሉ፥ “እግዚአብሔር ከግብፅ ምድር እንደ አወጣችሁ ማታ ታውቃላችሁ፤
aefb0253-8fca-5d01-a533-6c4dc7e26c20,b72ca4e8-28f1-566d-a44a-685af15b860e,825c261a-3c3f-5e1b-a962-7d0a38a8594b,7,7,የእግዚአብሔርንም ክብር ጥዋት ታያላችሁ፤ በእግዚአብሔር ላይ ያንጐራጐራችሁትን ሰምቶአልና፤ በእኛም ላይ የምታንጐራጕሩ እኛ ምንድን ነን?” አሉ።
62a018b2-b599-5d51-a2fd-b268b79d0e99,b72ca4e8-28f1-566d-a44a-685af15b860e,825c261a-3c3f-5e1b-a962-7d0a38a8594b,8,8,ሙሴም፥ “እግዚአብሔር ያንጐራጐራችሁበትን ማንጐራጐራችሁን ሰምቶአልና በመሸ ጊዜ ትበሉ ዘንድ ሥጋን፥ በማለዳም ትጠግቡ ዘንድ እንጀራን እግዚአብሔር ይሰጣችኋል፤ እኛም ምንድን ነን? ማንጐራጐራችሁ በእግዚአብሔር ላይ ነው እንጂ በእኛ ላይ አይደለም” አለ።
b5c7ac92-60d3-528b-a29a-dc037f74a8e5,b72ca4e8-28f1-566d-a44a-685af15b860e,825c261a-3c3f-5e1b-a962-7d0a38a8594b,9,9,ሙሴም አሮንን፥ “ለእስራኤል ልጆች ማኅበር ሁሉ፦ ‘ማንጐራጐራችሁን ሰምቶአልና ወደ እግዚአብሔር ፊት ቅረቡ’ በል” አለው።
f48e479b-e2fc-575e-aefa-b97e877e9409,b72ca4e8-28f1-566d-a44a-685af15b860e,825c261a-3c3f-5e1b-a962-7d0a38a8594b,10,10,አሮንም ለእስራኤል ልጆች ማኅበር ሁሉ በተናገረ ጊዜ ወደ ምድረ በዳ ፊታቸውን አቀኑ፤ እነሆም፥ የእግዚአብሔር ክብር በደመናው ታየ።
79d6e1a0-f90e-5a3e-a94c-845063ba1b8a,b72ca4e8-28f1-566d-a44a-685af15b860e,825c261a-3c3f-5e1b-a962-7d0a38a8594b,11,11,እግዚአብሔርም ሙሴን አለው፦
5fc5aee3-aecc-5495-a4a2-c55044534d28,b72ca4e8-28f1-566d-a44a-685af15b860e,825c261a-3c3f-5e1b-a962-7d0a38a8594b,12,12,“የእስራኤልን ልጆች ማንጐራጐር ሰማሁ፦ ማታ ሥጋን ትበላላችሁ፤ ማለዳም እንጀራን ትጠግባላችሁ፤ እኔም እግዚአብሔር አምላካችሁ እንደ ሆንሁ ታውቃላችሁ በላቸው።”
a665b952-8581-52ef-a8e4-25be28af02bd,b72ca4e8-28f1-566d-a44a-685af15b860e,825c261a-3c3f-5e1b-a962-7d0a38a8594b,13,13,እንዲህም ሆነ፤ በመሸ ጊዜ ድርጭቶች መጡ፤ ሰፈሩንም ሸፈኑት፤ በማለዳም በሰፈሩ ዙሪያ ጠል ወድቆ ነበር።
e23cacc8-6bcf-58bf-a854-a853dd1cb652,b72ca4e8-28f1-566d-a44a-685af15b860e,825c261a-3c3f-5e1b-a962-7d0a38a8594b,14,14,የወደቀው ጠል በአለፈ ጊዜ፥ እነሆ፥ በመሬት ላይ እንደ ውርጭ ነጭ ሆኖ ድንብላል የሚመስል ደቃቅ ነገር በምድረ በዳ ታየ።
55db2955-c991-5512-a0a2-ce70d294d809,b72ca4e8-28f1-566d-a44a-685af15b860e,825c261a-3c3f-5e1b-a962-7d0a38a8594b,15,15,የእስራኤልም ልጆች በአዩት ጊዜ እርስ በርሳቸው፥ “ይህ ምንድን ነው?” ተባባሉ። ያ ምን እንደሆነ አላወቁምና። ሙሴም አላቸው፥ “ትበሉ ዘንድ እግዚአብሔር የሰጣችሁ እንጀራ ይህ ነው።
0240bef1-261b-5993-a46b-3aaf73cb9cc6,b72ca4e8-28f1-566d-a44a-685af15b860e,825c261a-3c3f-5e1b-a962-7d0a38a8594b,16,16,ታደርጉት ዘንድ እግዚአብሔር ያዘዘው ነገር ይህ ነው፦ እያንዳንዱ ሰው ለቤተ ሰቡ ለእያንዳንዱ አንድ ጎሞር ይሰብስብ፤ እንደ ቤተ ሰቡ ቍጥር ለእያንዳንዱ በድንኳኑ አብረውት ከሚኖሩት ጋር ይሰብስብ።”
a677247e-ac8b-5ae7-a519-950429884109,b72ca4e8-28f1-566d-a44a-685af15b860e,825c261a-3c3f-5e1b-a962-7d0a38a8594b,17,17,የእስራኤልም ልጆች እንዲሁ አደረጉ፤ አንዱ አብዝቶ፥ አንዱም አሳንሶ ሰበሰበ።
c3d64187-8405-5527-a5dc-6e5fe5ac399c,b72ca4e8-28f1-566d-a44a-685af15b860e,825c261a-3c3f-5e1b-a962-7d0a38a8594b,18,18,በጎሞርም በሰፈሩት ጊዜ እጅግ ለሰበሰበ አልተረፈውም፤ ጥቂትም ለሰበሰበ አልጐደለበትም፤ ሁሉም እያንዳንዱ ሰው ለየቤቱ ሰበሰበ።
7d8a3952-365a-5c3b-ae05-da6febb8a718,b72ca4e8-28f1-566d-a44a-685af15b860e,825c261a-3c3f-5e1b-a962-7d0a38a8594b,19,19,ሙሴም፥ “የእስራኤልን ልጆች ማንም ከእርሱ አንዳች ለነገ አያስቀር” አላቸው።
2e41cff3-f41d-53ad-ae91-a297fce34531,b72ca4e8-28f1-566d-a44a-685af15b860e,825c261a-3c3f-5e1b-a962-7d0a38a8594b,20,20,ነገር ግን ሙሴን አልሰሙትም፤ አንዳንድ ሰዎችም ከእርሱ ለነገ አስቀሩ፤ እርሱም ተላ፤ ሸተተም፤ ሙሴም ተቈጣቸው።
2b9ea08d-a387-5618-a29b-c7052092d37f,b72ca4e8-28f1-566d-a44a-685af15b860e,825c261a-3c3f-5e1b-a962-7d0a38a8594b,21,21,ሰውም ሁሉ ለየራሱ ጥዋት ጥዋት ሰበሰበ፤ ፀሐይም በተኰሰ ጊዜ ቀለጠ።
d7c0f284-53e6-59aa-afce-3727963b24aa,b72ca4e8-28f1-566d-a44a-685af15b860e,825c261a-3c3f-5e1b-a962-7d0a38a8594b,22,22,እንዲህም ሆነ፤ በስድስተኛው ቀን ሁለት እጥፍ አድርገው እያንዳንዳቸው ሁለት ጎሞር እንጀራ ሰበሰቡ፤ የማኅበሩም አለቆች ሁሉ መጥተው ለሙሴ ነገሩት።
6d21ebe2-3b63-541f-ae66-b2cb2e45a481,b72ca4e8-28f1-566d-a44a-685af15b860e,825c261a-3c3f-5e1b-a962-7d0a38a8594b,23,23,ሙሴም፥ “እግዚአብሔር የተናገረው ይህ ነው፦ ነገ ዕረፍት፥ ለእግዚአብሔርም የተቀደሰ ሰንበት ነው፤ ነገ የምትጋግሩትን ዛሬ ጋግሩ፤ የምትቀቅሉትንም ቀቅሉ፤ የተረፈውንም ሁሉ ለነገ እንዲጠበቅ አኑሩ” አላቸው።
2e1c9b5e-be7e-5ce6-aa32-39871e95fc84,b72ca4e8-28f1-566d-a44a-685af15b860e,825c261a-3c3f-5e1b-a962-7d0a38a8594b,24,24,ሙሴም እንደ አዘዘ ለነገ አኖሩት፤ አልሸተተም፤ ትልም አልሆነበትም።
95fbabb2-01c8-507d-a256-ac17addfe62b,b72ca4e8-28f1-566d-a44a-685af15b860e,825c261a-3c3f-5e1b-a962-7d0a38a8594b,25,25,ሙሴም፥ “የእግዚአብሔር ሰንበት ዛሬ ነውና ብሉት፤ ዛሬ በሜዳ አታገኙትም።
86eb4e54-0346-56d4-a287-64be82457d87,b72ca4e8-28f1-566d-a44a-685af15b860e,825c261a-3c3f-5e1b-a962-7d0a38a8594b,26,26,ስድስት ቀን ልቀሙት፤ ሰባተኛው ቀን ግን ሰንበት ነው፤ በእርሱ አይገኝም” አለ።
49f81d0d-ad98-58de-a4af-76bb2fcd1aec,b72ca4e8-28f1-566d-a44a-685af15b860e,825c261a-3c3f-5e1b-a962-7d0a38a8594b,27,27,በሰባተኛውም ቀን እንዲህ ሆነ፤ ከሕዝቡ አንዳንድ ሰዎች ሊለቅሙ ወጡ፤ ግን ምንም አላገኙም።
e77b18db-7db9-5e3f-a296-9d2a7669c6f2,b72ca4e8-28f1-566d-a44a-685af15b860e,825c261a-3c3f-5e1b-a962-7d0a38a8594b,28,28,እግዚአብሔርም ሙሴን፥ “ትእዛዞችንና ሕጎችን ለመስማት እስከ መቼ እንቢ ትላላችሁ?
b8234c4f-8649-54c4-ad46-8e91066e929f,b72ca4e8-28f1-566d-a44a-685af15b860e,825c261a-3c3f-5e1b-a962-7d0a38a8594b,29,29,እግዚአብሔር ሰንበትን እንደ ሰጣችሁ እዩ፤ ስለዚህ በስድስተኛው ቀን የሁለት ቀን እንጀራ ሰጣችሁ፤ ሰው ሁሉ በቤቱ ይቀመጥ፤ በሰባተኛውም ቀን ማንም ከቤቱ አይሂድ” አለው።
c8404ce9-18f3-531e-ad29-5fc08e3c0f0d,b72ca4e8-28f1-566d-a44a-685af15b860e,825c261a-3c3f-5e1b-a962-7d0a38a8594b,30,30,ሕዝቡም በሰባተኛው ቀን ዐረፈ።
b67c5d41-658f-5b9d-af66-c4eb8fc6a509,b72ca4e8-28f1-566d-a44a-685af15b860e,825c261a-3c3f-5e1b-a962-7d0a38a8594b,31,31,የእስራኤልም ልጆች ስሙን መና ብለው ጠሩት፤ እርሱም እንደ ድንብላል ዘር ነጭ ነው፤ ጣዕሙም እንደ ማር እንጀራ ነው።
407ec42e-1b7b-5f4e-aa7f-777e168d113e,b72ca4e8-28f1-566d-a44a-685af15b860e,825c261a-3c3f-5e1b-a962-7d0a38a8594b,32,32,ሙሴም፥ “እግዚአብሔር ያዘዘው ነገር ይህ ነው፦ ከግብፅ ምድር በአወጣኋችሁ ጊዜ በምድረ በዳ ያበላኋችሁን እንጀራ ያዩ ዘንድ ከእርሱ አንድ ጎሞር ሙሉ ለልጅ ልጆቻችሁ ይጠበቅ” አለ።
d3565c87-26ad-5b5d-a0e8-bd6b7bd2ec60,b72ca4e8-28f1-566d-a44a-685af15b860e,825c261a-3c3f-5e1b-a962-7d0a38a8594b,33,33,ሙሴም አሮንን፥ “አንድ የወርቅ መሶብ ወስደህ ጎሞር ሙሉ መና አግባበት፤ ለልጅ ልጃችሁም ይጠበቅ ዘንድ በእግዚአብሔር ፊት አኑረው” አለው።
cda47134-4e51-5244-a084-13de97320c2d,b72ca4e8-28f1-566d-a44a-685af15b860e,825c261a-3c3f-5e1b-a962-7d0a38a8594b,34,34,እግዚአብሔርም ሙሴን እንዳዘዘው እንዲሁ ይጠበቅ ዘንድ አሮን በምስክሩ ፊት አኖረው።
f90cf268-380c-54c6-a630-c9197b387ac4,b72ca4e8-28f1-566d-a44a-685af15b860e,825c261a-3c3f-5e1b-a962-7d0a38a8594b,35,35,የእስራኤልም ልጆች ወደሚኖሩባት ምድር እስከሚመጡ ድረስ አርባ ዓመት መና በሉ።
7d5f065f-4c5f-5b74-ad2e-b2bed2b25035,b72ca4e8-28f1-566d-a44a-685af15b860e,825c261a-3c3f-5e1b-a962-7d0a38a8594b,36,36,ወደ ፊኒቆንም ምድር እስኪመጡ ድረስ መና በሉ። ጎሞርም የሦስት ላዳን መስፈሪያ ዐሥረኛ ክፍል ነው።
13c3dedd-b3ad-50cd-aa83-41c447a0db3e,6ba9e687-f8f0-5675-ae64-fcfd5f520f18,4a970be7-0b33-5177-a95c-bf2191a193f3,1,1,የእስራኤል ልጆች ማኅበር ሁሉ እግዚአብሔር እንዳዘዘ ከሲን ምድረ በዳ ሊጓዙ ተነሡ፤ በራፊድም ሰፈሩ፤ በዚያም ሕዝቡ የሚጠጡት ውኃ አልነበረም።
3cae1e60-623d-5418-a293-e4cd9c368542,6ba9e687-f8f0-5675-ae64-fcfd5f520f18,4a970be7-0b33-5177-a95c-bf2191a193f3,2,2,ሕዝቡም ሙሴን ተጣሉት፥ “የምንጠጣውን ውኃ ስጠን” አሉ። ሙሴም፥ “ለምን ትጣሉኛላችሁ? እግዚአብሔርንስ ለምን ትፈታተናላችሁ?” አላቸው።
783482c8-47de-52dc-a5ca-798f23b36889,6ba9e687-f8f0-5675-ae64-fcfd5f520f18,4a970be7-0b33-5177-a95c-bf2191a193f3,3,3,ሕዝቡም በዚያ ስፍራ ውኃ ተጠሙ፥ “እኛንና ልጆቻችንን፥ ከብቶቻችንንም በጥማት ልትገድል ለምን ከግብፅ አወጣኸን?” ሲሉ በሙሴ ላይ አንጐራጐሩ።
1140903b-1838-5577-a457-f4abecf57763,6ba9e687-f8f0-5675-ae64-fcfd5f520f18,4a970be7-0b33-5177-a95c-bf2191a193f3,4,4,ሙሴም፦ ወደ እግዚአብሔር ጮኸ፤ እንዲህም አለ፥ “ለዚህ ሕዝብ ምን ላድርግ? በድንጋይ ሊወግሩኝ ጥቂት ቀርቶአቸዋልና።”
63de1ce2-3610-51d8-a857-704f76e4075e,6ba9e687-f8f0-5675-ae64-fcfd5f520f18,4a970be7-0b33-5177-a95c-bf2191a193f3,5,5,እግዚአብሔርም ሙሴን፥ “በሕዝቡ ፊት እለፍ፤ ከእስራኤልም ሽማግሌዎችን ከአንተ ጋር ውሰድ፤ ወንዙንም የመታህባትን በትር በእጅህ ይዘሃት ሂድ።
d0fa2d23-de4b-5390-a593-5be72888d368,6ba9e687-f8f0-5675-ae64-fcfd5f520f18,4a970be7-0b33-5177-a95c-bf2191a193f3,6,6,እነሆ፥ እኔ በዚያ በኮሬብ በዓለት ላይ በፊትህ እቆማለሁ፤ ዓለቱንም ትመታለህ፤ ሕዝቡም ይጠጣ ዘንድ ከእርሱ ውኃ ይወጣል” አለው። ሙሴም በእስራኤል ልጆች ፊት እንዲሁ አደረገ።
376b8dde-1a08-5cc7-ab70-d7d8898b97cd,6ba9e687-f8f0-5675-ae64-fcfd5f520f18,4a970be7-0b33-5177-a95c-bf2191a193f3,7,7,ስለ እስራኤልም ልጆች ክርክር፥ “እግዚአብሔር በመካከላችን ነውን? ወይስ አይደለም?” ሲሉ እግዚአብሔርን ስለ ተፈታተኑት የዚያን ስፍራ ስም “መንሱት” ደግሞም “ጋእዝ” ብሎ ጠራው።
244bf210-1ba4-5023-ac10-7107ce8119a9,6ba9e687-f8f0-5675-ae64-fcfd5f520f18,8c84115c-3be2-5ed4-a29e-83c46acc01e9,1,8,ዐማሌቅም መጥቶ ከእስራኤል ጋራ በራፊድ ተዋጋ።
0a4599a6-086d-5b8f-a400-10df49026254,6ba9e687-f8f0-5675-ae64-fcfd5f520f18,8c84115c-3be2-5ed4-a29e-83c46acc01e9,2,9,ሙሴም ኢያሱን፥ “ጐልማሶችን ለአንተ ምረጥ፤ ሲነጋም ወጥተህ ከዐማሌቅ ጋር ተዋጋ፤ እኔም በተራራው ራስ ላይ እቆማለሁ፤ የእግዚአብሔርም በትር በእጄ ናት” አለው።
7f933a71-425f-5589-aead-9b1ae24aa7b8,6ba9e687-f8f0-5675-ae64-fcfd5f520f18,8c84115c-3be2-5ed4-a29e-83c46acc01e9,3,10,ኢያሱም ሙሴ እንደ አለው አደረገ፤ ወጥቶም ከዐማሌቅ ጋር ተዋጋ፤ ሙሴና አሮን፥ ሖርም ወደ ኮረብታው ራስ ወጡ።
199d481c-66ce-5b48-a062-3b2c661d7597,6ba9e687-f8f0-5675-ae64-fcfd5f520f18,8c84115c-3be2-5ed4-a29e-83c46acc01e9,4,11,እንዲህም ሆነ፤ ሙሴ እጁን በአነሣ ጊዜ እስራኤል ድል ያደርግ ነበር ፤ እጁንም በአወረደ ጊዜ ዐማሌቅ ድል ያደርግ ነበር።
397dfea9-bf5d-5883-a544-3db09b78025e,6ba9e687-f8f0-5675-ae64-fcfd5f520f18,8c84115c-3be2-5ed4-a29e-83c46acc01e9,5,12,የሙሴ እጆች ግን ከብደው ነበር፤ ድንጋይም ወሰዱ፤ በበታቹም አኖሩ፤ እርሱም ተቀመጠበት፤ አሮንና ሖርም አንዱ በዚህ አንዱ በዚያ ሆነው እጆቹን ይደግፉ ነበር፤ ፀሐይም እስክትገባ ድረስ እጆቹ ተዘርግተው ነበር።
04e7c290-a1fb-54e5-a67a-ff5818b7773a,6ba9e687-f8f0-5675-ae64-fcfd5f520f18,8c84115c-3be2-5ed4-a29e-83c46acc01e9,6,13,ኢያሱም ዐማሌቅንና ሕዝቡን በሰይፍ ስለት አሸነፈ።
44bce4ec-a942-548a-aaf2-e6219be57a17,6ba9e687-f8f0-5675-ae64-fcfd5f520f18,8c84115c-3be2-5ed4-a29e-83c46acc01e9,7,14,እግዚአብሔርም ሙሴን፥ “የዐማሌቅን ዝክር ከሰማይ በታች ጨርሼ እደመስሳለሁና ይህን ለመታሰቢያ በመጽሐፍ ጻፈው፤ በኢያሱም ጆሮ ተናገር” አለው።
d65725d0-4f6d-57d0-a04b-6aa631187197,6ba9e687-f8f0-5675-ae64-fcfd5f520f18,8c84115c-3be2-5ed4-a29e-83c46acc01e9,8,15,ሙሴም መሠዊያ ሠራ፤ ስሙንም “ምምሕፃን” ብሎ ጠራው፤
d99f57c2-b51d-5f35-a481-204c898eccef,6ba9e687-f8f0-5675-ae64-fcfd5f520f18,8c84115c-3be2-5ed4-a29e-83c46acc01e9,9,16,እግዚአብሔር በተሰወረች እጅ ዐማሌቅን እስከ ልጅ ልጅ ይዋጋልና።
f789e659-88bf-5571-a906-6fc6131163e3,5887d0f9-6e68-59d5-a17c-3b1ba8eb4438,de33e28a-ed27-50d2-a43a-14b90ca8b8bf,1,1,የምድያም ካህን የሙሴ አማት ዮቶር እግዚአብሔር ለሙሴና ለሕዝቡ ለእስራኤል ያደረገውን ሁሉ፥ እግዚአብሔርም እስራኤልን ከግብፅ እንደ አወጣ ሰማ።
da8f037d-ab3b-5049-a96d-8b95d17deb74,5887d0f9-6e68-59d5-a17c-3b1ba8eb4438,de33e28a-ed27-50d2-a43a-14b90ca8b8bf,2,2,በዚያ ጊዜ የሙሴ አማት ዮቶር ትቶአት የነበረውን የሙሴን ሚስት ሲፓራን፥ ሁለቱንም ልጆችዋን ወሰደ።
26661ce1-507e-541c-a8e6-aba6f36e7b2a,5887d0f9-6e68-59d5-a17c-3b1ba8eb4438,de33e28a-ed27-50d2-a43a-14b90ca8b8bf,3,3,የአንደኛው ስም ጌርሳም ነበረ፤ አባቱ “በሌላ ሀገር ስደተኛ ነበርሁ” ብሎአልና፤
cdbe597f-a06d-5fa9-ab02-6aa77504587d,5887d0f9-6e68-59d5-a17c-3b1ba8eb4438,de33e28a-ed27-50d2-a43a-14b90ca8b8bf,4,4,የሁለተኛውም ስም አልዓዛር ነበረ፤ “የአባቴ አምላክ ረዳኝ፤ ከፈርዖንም እጅ አዳነኝ” ብሎአልና።
cc0f4068-4a0d-5efa-a855-96f436185c97,5887d0f9-6e68-59d5-a17c-3b1ba8eb4438,de33e28a-ed27-50d2-a43a-14b90ca8b8bf,5,5,የሙሴ አማት ዮቶርም ከልጆቹና ከሚስቱ ጋር በእግዚአብሔር ተራራ አጠገብ በምድረ በዳ ወደ ሰፈረ ወደ ሙሴ መጣ።
974cb0ec-0d97-53ab-a036-62b2c3770f8e,5887d0f9-6e68-59d5-a17c-3b1ba8eb4438,de33e28a-ed27-50d2-a43a-14b90ca8b8bf,6,6,ሙሴንም፥ “እነሆ፥ አማትህ ዮቶር፥ ሚስትህም ከእርስዋም ጋር ሁለቱ ልጆችህ መጥተውልሃል” አሉት።
465b42bd-2ba8-5077-a35b-a6619b786a35,5887d0f9-6e68-59d5-a17c-3b1ba8eb4438,de33e28a-ed27-50d2-a43a-14b90ca8b8bf,7,7,ሙሴም አማቱን ሊገናኝ ወጣ፤ እጅ ነሣው፤ ሳመውም፤ እርስ በርሳቸውም ሰላምታ ተሰጣጡ፤ ወደ ድንኳኑም ገቡ።
11bc7cb3-d350-5d0e-aa72-c6420d310c68,5887d0f9-6e68-59d5-a17c-3b1ba8eb4438,de33e28a-ed27-50d2-a43a-14b90ca8b8bf,8,8,ሙሴም እግዚአብሔር በፈርዖንና በግብፃውያን ላይ ስለ እስራኤል ያደረገውን ሁሉ፥ በመንገድም ያገኛቸውን ድካም ሁሉ፥ እግዚአብሔርም እንደ አዳናቸው ለአማቱ ነገረው።
8597148f-a5f4-569e-aedd-8a8ea2f6fc3b,5887d0f9-6e68-59d5-a17c-3b1ba8eb4438,de33e28a-ed27-50d2-a43a-14b90ca8b8bf,9,9,ዮቶርም እግዚአብሔር ያደረገላቸውን ቸርነት ሁሉ፥ ከግብፃውያን እጅና ከፈርዖን እጅ እንደ አዳናቸው ሰምቶ በሁሉ አደነቀ።
7b56bcca-1485-5063-a73e-c61069782f35,5887d0f9-6e68-59d5-a17c-3b1ba8eb4438,de33e28a-ed27-50d2-a43a-14b90ca8b8bf,10,10,ዮቶርም፥ “ከግብፃውያን እጅና ከፈርዖን እጅ ሕዝቡን የአዳነ እግዚአብሔር ቡሩክ ነው።
187994e1-112a-5c6c-a072-420b292be72e,5887d0f9-6e68-59d5-a17c-3b1ba8eb4438,de33e28a-ed27-50d2-a43a-14b90ca8b8bf,11,11,እግዚአብሔርም ግብፃውያን ከሚመኩባቸውና ከሚገዙላቸው አማልክት ሁሉ እንዲበልጥ አሁን ዐወቅሁ” አለ።
08ebd2af-2799-5381-a5b3-3eebc7c09972,5887d0f9-6e68-59d5-a17c-3b1ba8eb4438,de33e28a-ed27-50d2-a43a-14b90ca8b8bf,12,12,የሙሴ አማት ዮቶርም የሚቃጠል መሥዋዕትንና ሌላ መሥዋዕትን ለእግዚአብሔር ወሰደ፤ በእግዚአብሔርም ፊት ከሙሴ አማት ጋር እንጀራ ሊበሉ አሮንና የእስራኤል ሽማግሌዎች ሁሉ መጡ።
7455f744-7fd2-5924-a0dd-e52e50c31ad6,5887d0f9-6e68-59d5-a17c-3b1ba8eb4438,974ff1ba-17fa-5f25-a942-6993da4ab2e1,1,13,እንዲህም ሆነ፤ በነጋው ሙሴ በሕዝቡ ሊፈርድ ተቀመጠ፤ ሕዝቡም በሙሴ ፊት ከጥዋት እስከ ማታ ድረስ ቆመው ነበር።
2ca7549c-3d14-52e2-a9c5-2b4d390d445c,5887d0f9-6e68-59d5-a17c-3b1ba8eb4438,974ff1ba-17fa-5f25-a942-6993da4ab2e1,2,14,ዮቶርም ሙሴ በሕዝቡ ላይ የሚያደርገውን ሁሉ አይቶ እንዲህ አለው፥ “ብቻህን ተቀምጠህ በሕዝቡ የምታደርገው ይህ ምንድን ነው? ሕዝቡ ሁሉ ከጥዋት ጀምሮ እስከ ማታ ድረስ በዙሪያህ ቆመዋል።”
f90d0bd8-bb50-5f47-a894-b928cd39cbba,5887d0f9-6e68-59d5-a17c-3b1ba8eb4438,974ff1ba-17fa-5f25-a942-6993da4ab2e1,3,15,ሙሴም አማቱን፥ “ሕዝቡ ከእግዚአብሔር ፍርድ ለመጠየቅ ወደ እኔ ይመጣሉ፤
b15942dc-6c52-51e5-a92b-d05d5a4150f1,5887d0f9-6e68-59d5-a17c-3b1ba8eb4438,974ff1ba-17fa-5f25-a942-6993da4ab2e1,4,16,ነገርም ቢኖራቸው ወደ እኔ ይመጣሉ፤ በዚህና በዚያ ሰውም መካከል እፈርዳለሁ፤ የእግዚአብሔርንም ሥርዐትና ሕግ አስታውቃቸዋለሁ” አለው።
98d3266f-e712-5a3d-a300-215832d92b0f,5887d0f9-6e68-59d5-a17c-3b1ba8eb4438,974ff1ba-17fa-5f25-a942-6993da4ab2e1,5,17,የሙሴም አማት አለው፥ “አንተ የምታደርገው ይህ ነገር ትክክል አይደለም።
defd6e44-04fa-5b84-a016-4adecd879a62,5887d0f9-6e68-59d5-a17c-3b1ba8eb4438,974ff1ba-17fa-5f25-a942-6993da4ab2e1,6,18,አንተ፥ ከአንተም ጋር ያለው ሕዝብ ትደክማላችሁ፤ ይህ ነገር ይከብድብሃል፤ አንተ ብቻህን ልታደርገው አትችልም።
5c63d07a-faa2-5078-a76c-c8aec688d8a4,5887d0f9-6e68-59d5-a17c-3b1ba8eb4438,974ff1ba-17fa-5f25-a942-6993da4ab2e1,7,19,አሁንም እመክርሃለሁና ስማኝ፤ እግዚአብሔርም ከአንተ ጋር ይሆናል፤ አንተ በእግዚአብሔር ፊት ለሕዝቡ ሁን፤ ነገራቸውንም ወደ እግዚአብሔር አድርስ፤
abd159fd-acbd-5385-a426-b616a45ce7ef,5887d0f9-6e68-59d5-a17c-3b1ba8eb4438,974ff1ba-17fa-5f25-a942-6993da4ab2e1,8,20,የእግዚአብሔርንም ሥርዐቱንና ሕጉን መስክርላቸው፤ የሚሄዱበትንም መንገድ፥ የሚያደርጉትንም ሥራ ሁሉ አሳያቸው።
209975d4-d950-5360-ae5c-03e41343e9f3,5887d0f9-6e68-59d5-a17c-3b1ba8eb4438,974ff1ba-17fa-5f25-a942-6993da4ab2e1,9,21,አንተም ከሕዝቡ ሁሉ ኀያላን ሰዎችን፥ እግዚአብሔርን የሚፈሩትን እውነተኞች ሰዎችን፥ ትዕቢትንም የሚጠሉ ሰዎችን ፈልግ። ከእነርሱም የሺህ አለቆችን፥ የመቶ አለቆችን፥ የአምሳ አለቆችን፥ የዐሥርም አለቆችን ሹምላቸው።
4d4a5ca9-e639-5e71-a5ec-fabd1b05df7a,5887d0f9-6e68-59d5-a17c-3b1ba8eb4438,974ff1ba-17fa-5f25-a942-6993da4ab2e1,10,22,በሕዝቡ ላይ ሁል ጊዜ ይፍረዱ፤ የከበዳቸውን ነገር ወደ አንተ ያምጡት፤ ቀላሉን ነገር ሁሉ እነርሱ ይፍረዱ፤ ያቃልሉልሃል፤ ይረዱሃልም።
720c2ffe-2e43-5658-af7e-56e2199c9cc6,5887d0f9-6e68-59d5-a17c-3b1ba8eb4438,974ff1ba-17fa-5f25-a942-6993da4ab2e1,11,23,ይህንም ቃሌን ብታደርግ፥ እግዚአብሔር ያበረታሃል፤ መፍረድም ትችላለህ፤ ሕዝቡም ሁሉ በሰላም ወደ ስፍራው ይመለሳል።”
388180e4-a05d-571e-a58b-d70f9b110180,5887d0f9-6e68-59d5-a17c-3b1ba8eb4438,974ff1ba-17fa-5f25-a942-6993da4ab2e1,12,24,ሙሴም የአማቱን ቃል ሰማ፤ እንደ አለውም አደረገ።
2fae9a1c-c931-5f95-a16e-abfdf09afa55,5887d0f9-6e68-59d5-a17c-3b1ba8eb4438,974ff1ba-17fa-5f25-a942-6993da4ab2e1,13,25,ሙሴም ከእስራኤል ሁሉ ችሎታ ያላቸውን ሰዎች መረጠ፤ በሕዝቡም ላይ የሺህ አለቆች፥ የመቶ አለቆች፥ የአምሳም አለቆች፥ የዐሥርም አለቆች አድርጎ ሾማቸው።
9bd9c08a-34b9-5aac-a13b-b451220d8867,5887d0f9-6e68-59d5-a17c-3b1ba8eb4438,974ff1ba-17fa-5f25-a942-6993da4ab2e1,14,26,በሕዝቡም ላይ ሁልጊዜ ፈረዱ፤ የከበዳቸውንም ነገር ወደ ሙሴ አመጡ፤ ቀላሉን ነገር ሁሉ ግን እነርሱ ፈረዱ።
48851775-f845-5275-aa9f-6fdae881826c,5887d0f9-6e68-59d5-a17c-3b1ba8eb4438,974ff1ba-17fa-5f25-a942-6993da4ab2e1,15,27,ሙሴም አማቱን አሰናበተው፤ እርሱም ወደ ሀገሩ ተመለሰ።
031228d9-f0e5-51f5-a84c-12fc594f010a,c1efc725-2a87-5375-a335-5f58b1fecad0,9de42d65-ff9f-5646-a053-e2a67ad4cb8c,1,1,የእስራኤል ልጆች ከግብፅ ምድር ከወጡ በኋላ በሦስተኛው ወር በዚያ ቀን ወደ ሲና ምድረ በዳ መጡ።
19ef037a-9714-5a8a-a91b-4aa7a733f548,c1efc725-2a87-5375-a335-5f58b1fecad0,9de42d65-ff9f-5646-a053-e2a67ad4cb8c,2,2,ከራፊድም ተነሥተው ወደ ሲና ምድረ በዳ መጡ፤ በዚያም እስራኤል በተራራው ፊት ሰፈሩ።
150cb664-b6d1-5f4f-a825-06247dcb3733,c1efc725-2a87-5375-a335-5f58b1fecad0,9de42d65-ff9f-5646-a053-e2a67ad4cb8c,3,3,ሙሴም ወደ እግዚአብሔር ዘንድ ወጣ፤ እግዚአብሔርም ከተራራው ጠርቶ አለው፥ “ለያዕቆብ ቤት እንዲህ በል፤ ለእስራኤል ልጆች እንዲህ ንገር፤
926b27b5-e555-58b5-a428-15bbe338349c,c1efc725-2a87-5375-a335-5f58b1fecad0,9de42d65-ff9f-5646-a053-e2a67ad4cb8c,4,4,በግብፃውያን ያደረግሁትን፥ እንደ ንስር ክንፍም እንደ ተሸከምኋችሁ፥ ወደ እኔም እንዳመጣኋችሁ አይታችኋል።
54aba7dd-bcba-51c1-a662-012556d23637,c1efc725-2a87-5375-a335-5f58b1fecad0,9de42d65-ff9f-5646-a053-e2a67ad4cb8c,5,5,አሁንም ቃሌን በእውነት ብትሰሙ፥ ኪዳኔንም ብትጠብቁ፥ ምድር ሁሉ የእኔ ናትና ከአሕዛብ ሁሉ የተመረጠ ርስት ትሆኑልኛላችሁ።
72972802-f2ba-5764-a8ac-46f10e272fe0,c1efc725-2a87-5375-a335-5f58b1fecad0,9de42d65-ff9f-5646-a053-e2a67ad4cb8c,6,6,እናንተም የክህነት መንግሥት፥ የተቀደሰም ሕዝብ ትሆኑኛላችሁ፤ ይህንም ቃል ለእስራኤል ልጆች ንገራቸው።”
e45321f2-ea90-591e-a8ea-eeeb2c2fdeea,c1efc725-2a87-5375-a335-5f58b1fecad0,9de42d65-ff9f-5646-a053-e2a67ad4cb8c,7,7,ሙሴም መጣ፤ የሕዝቡንም ሽማግሌዎች ጠርቶ እግዚአብሔር ያዘዘውን ይህን ቃል ሁሉ በፊታቸው ተናገረ።
a381ece1-ffc5-5207-a2a8-632478d8318b,c1efc725-2a87-5375-a335-5f58b1fecad0,9de42d65-ff9f-5646-a053-e2a67ad4cb8c,8,8,ሕዝቡም ሁሉ አንድ ቃል ሆነው፥ “እግዚአብሔር ያለውን ሁሉ እንሰማለን፤ እናደርጋለንም” ብለው መለሱ፤ ሙሴም የሕዝቡን ቃል ወደ እግዚአብሔር አደረሰ።
95a600e6-4cdb-5ef2-a0d3-2c414ca094b9,c1efc725-2a87-5375-a335-5f58b1fecad0,9de42d65-ff9f-5646-a053-e2a67ad4cb8c,9,9,እግዚአብሔር ሙሴን፥ “ከአንተ ጋር ስነጋገር ሕዝቡ እንዲሰሙ፥ ደግሞም ለዘለዓለም እንዲያምኑብህ፥ እነሆ፥ በዐምደ ደመና ወደ አንተ እመጣለሁ” አለው። ሙሴም የሕዝቡን ቃል ለእግዚአብሔር ነገረ።
ea16d7c7-3c1e-5948-a839-20b1e8fc4ad1,c1efc725-2a87-5375-a335-5f58b1fecad0,9de42d65-ff9f-5646-a053-e2a67ad4cb8c,10,10,እግዚአብሔርም ሙሴን አለው፥ “ውረድ፤ ዛሬና ነገ ራሳቸውን ያንጹ፤ ልብሳቸውንም ያጥቡ ዘንድ ሕዝቡን እዘዛቸው።
2e33111a-a8ac-57a7-aca6-05c19716a021,c1efc725-2a87-5375-a335-5f58b1fecad0,9de42d65-ff9f-5646-a053-e2a67ad4cb8c,11,11,በሦስተኛውም ቀን ሕዝቡ ሁሉ ሲያዩ እግዚአብሔር በሲና ተራራ ላይ ይወርዳልና ለሦስተኛው ቀን ተዘጋጅተው ይጠብቁ።
ef866cf3-7065-5be5-ac18-6f134c9b41b2,c1efc725-2a87-5375-a335-5f58b1fecad0,9de42d65-ff9f-5646-a053-e2a67ad4cb8c,12,12,ለሕዝቡም በዙሪያው ወሰን አድርግላቸው፤ ወደ ተራራው እንዳትወጡ፥ ከእርሱ ማንኛውንም ክፍል እንዳትነኩ ተጠንቀቁ፤ ተራራውንም የነካ ፈጽሞ ይሞታል” ብለህ ንገራቸው፤
b5992159-de41-5a62-a3ac-629416a5c87d,c1efc725-2a87-5375-a335-5f58b1fecad0,9de42d65-ff9f-5646-a053-e2a67ad4cb8c,13,13,የማንም እጅ አይንካ፤ የሚነካውም ሁሉ በድንጋይ ይወገራል፤ ወይም በፍላጻ ይወጋል፤ እንስሳ ወይም ሰው ቢሆን የቀረበ አይድንም። የመለከት ድምፅና ደመና በተራራው በዐለፈ ጊዜ ወደ ተራራው ይውጡ።
829fc832-63a6-5c92-a00b-7a41f2a62f65,c1efc725-2a87-5375-a335-5f58b1fecad0,9de42d65-ff9f-5646-a053-e2a67ad4cb8c,14,14,ሙሴም ከተራራው ወደ ሕዝቡ ወረደ፤ ሕዝቡንም ቀደሰ፤ ልብሳቸውንም አጠቡ።
f072c95e-063c-599b-a844-03e85e179a4d,c1efc725-2a87-5375-a335-5f58b1fecad0,9de42d65-ff9f-5646-a053-e2a67ad4cb8c,15,15,ሕዝቡንም፥ “ለሦስተኛው ቀን ተዘጋጁ፤ ወደ ሴቶቻችሁም አትቅረቡ” አለ።
74720cee-837b-558f-a182-829694d40b13,c1efc725-2a87-5375-a335-5f58b1fecad0,9de42d65-ff9f-5646-a053-e2a67ad4cb8c,16,16,እንዲህም ሆነ፤ በሦስተኛው ቀን በማለዳ ጊዜ ነጐድጓድና መብረቅ፥ ከባድም ደመና፥ ጉምም በሲና ተራራ ላይ ሆነ፤ እጅግም የበረታ የቀንደ መለከት ድምፅ ተሰማ፤ በሰፈሩም የነበሩት ሕዝብ ሁሉ ተንቀጠቀጡ።
3f9855cc-57ca-55af-a4df-2940aa28e2d6,c1efc725-2a87-5375-a335-5f58b1fecad0,9de42d65-ff9f-5646-a053-e2a67ad4cb8c,17,17,ሙሴም ሕዝቡን ከእግዚአብሔር ጋር ለማገናኘት ከሰፈር አወጣቸው፤ በተራራውም እግርጌ ቆሙ።
11177c00-fc95-568a-a6d5-a039d0885022,c1efc725-2a87-5375-a335-5f58b1fecad0,9de42d65-ff9f-5646-a053-e2a67ad4cb8c,18,18,እግዚአብሔርም በእሳት ስለ ወረደበት የሲና ተራራ ሁሉ እንደ ምድጃ ጢስ ይጤስ ነበር፤ ከእርሱም እንደ እቶን ጢስ ያለ ጢስ ይወጣ ነበር፤ ተራራውም ሁሉ እጅግ ይናወጥ ነበር፤ ሕዝቡም ፈጽመው ደነገጡ።
dfc6590c-1bad-58d4-a897-c5afc7b9352b,c1efc725-2a87-5375-a335-5f58b1fecad0,9de42d65-ff9f-5646-a053-e2a67ad4cb8c,19,19,የቀንደ መለከቱም ድምፅ እጅግ እየፈጠነ በርትቶ ይሰማ ነበር። ሙሴም ተናገረ፤ እግዚአብሔርም በድምፅ መለሰለት።
55d90672-ae0a-5e29-ae21-c46b96343510,c1efc725-2a87-5375-a335-5f58b1fecad0,9de42d65-ff9f-5646-a053-e2a67ad4cb8c,20,20,እግዚአብሔርም በሲና ተራራ ላይ ወደ ተራራው ራስ ወረደ፤ እግዚአብሔርም ሙሴን ወደ ተራራው ራስ ጠራው፤ ሙሴም ወጣ።
8e841519-a3c3-5797-aa23-d3bba895392b,c1efc725-2a87-5375-a335-5f58b1fecad0,9de42d65-ff9f-5646-a053-e2a67ad4cb8c,21,21,እግዚአብሔርም ሙሴን፥ “ውረድ፤ ይህንም ለመረዳት ወደ እግዚአብሔር እንዳይቀርቡ፥ ከእነርሱም ብዙ እንዳይጠፉ ለሕዝቡ አስጠንቅቃቸው፤
1e39dcb0-61ce-5ba8-a2f1-56cee6bb161f,c1efc725-2a87-5375-a335-5f58b1fecad0,9de42d65-ff9f-5646-a053-e2a67ad4cb8c,22,22,ወደ እግዚአብሔርም የሚቀርቡት ካህናት ደግሞ እንዳያጠፋቸው ራሳቸውን ይቀድሱ” አለው።
18fb227d-b801-57ef-a9ad-9b7b19066790,c1efc725-2a87-5375-a335-5f58b1fecad0,9de42d65-ff9f-5646-a053-e2a67ad4cb8c,23,23,ሙሴም እግዚአብሔርን፥ “ሕዝቡ ወደ ሲና ተራራ ይወጡ ዘንድ አይችሉም፤ አንተ፦ በተራራው ዙሪያ ወሰን አድርግ፤ ቀድሰውም ብለህ አስጠንቅቀኸኛልና” አለው።
72f05d54-a816-5b0a-aa6d-ee74b392f989,c1efc725-2a87-5375-a335-5f58b1fecad0,9de42d65-ff9f-5646-a053-e2a67ad4cb8c,24,24,እግዚአብሔርም፥ “ሂድ፤ ውረድ፤ አንተ አሮንም ከአንተ ጋር ትወጣላችሁ፤ ካህናቱና ሕዝቡ ግን እግዚአብሔር እንዳያጠፋቸው ወደ እግዚአብሔር ይወጡ ዘንድ አይደፋፈሩ” አለው።
7e5fbd4f-e466-5eb3-aec0-6005473a995d,c1efc725-2a87-5375-a335-5f58b1fecad0,9de42d65-ff9f-5646-a053-e2a67ad4cb8c,25,25,ሙሴም ወደ ሕዝቡ ወረደ፤ ይህንም ነገራቸው።
e6516058-e7e5-50a1-ae38-def6d09a033a,765e9f47-fb7d-5028-ad0a-0195b217167c,5a2efa30-fd70-52fb-ac43-b61372a0eb04,1,1,እግዚአብሔርም ይህን ቃል ሁሉ እንዲህ ብሎ ተናገረ፦
3aabdf77-2108-5d25-ab58-f2891f9a058a,765e9f47-fb7d-5028-ad0a-0195b217167c,5a2efa30-fd70-52fb-ac43-b61372a0eb04,2,2,“ከግብፅ ምድር ከባርነት ቤት ያወጣሁህ እግዚአብሔር አምላክህ እኔ ነኝ፤
b1c5f33b-8ca1-555f-a90c-6a3d67077c5f,765e9f47-fb7d-5028-ad0a-0195b217167c,5a2efa30-fd70-52fb-ac43-b61372a0eb04,3,3,“ከእኔ በቀር ሌሎችን አማልክት አታምልክ።
7a39f090-25f9-5558-a6fa-01270ba706b7,765e9f47-fb7d-5028-ad0a-0195b217167c,5a2efa30-fd70-52fb-ac43-b61372a0eb04,4,4,“በላይ በሰማይ ከአለው፥ በታችም በምድር ከአለው፥ ከምድርም በታች በውኃ ከአለው ነገር የማናቸውንም ምስል ለአንተ አምላክ አታድርግ።
75f6cdf3-5a26-5bbe-ab74-224fd6a62dfd,765e9f47-fb7d-5028-ad0a-0195b217167c,5a2efa30-fd70-52fb-ac43-b61372a0eb04,5,5,አትስገድላቸው፤ አታምልካቸውም፤ እኔ እግዚአብሔር አምላክህ ቀናተኛ አምላክ ነኝና። በሚጠሉኝ እስከ ሦስተኛና አራተኛ ትውልድ ድረስ የአባቶችን ኀጢአት በልጆች ላይ የማመጣ፤
b06e9748-f49d-510c-a634-9da940094118,765e9f47-fb7d-5028-ad0a-0195b217167c,5a2efa30-fd70-52fb-ac43-b61372a0eb04,6,6,ለሚወድዱኝ፥ ትእዛዜንም ለሚጠብቁ እስከ ሺህ ትውልድ ድረስ ምሕረትን የማደርግ አምላክ ነኝና።
f6415d6a-dddb-5a01-ae9d-47017a8a8dfe,765e9f47-fb7d-5028-ad0a-0195b217167c,5a2efa30-fd70-52fb-ac43-b61372a0eb04,7,7,“የእግዚአብሔርን የአምላክህን ስም በከንቱ አትጥራ፤ አምላክህ እግዚአብሔር ስሙን በከንቱ የሚጠራውን ከበደል አያነጻውምና።
18183a1d-f063-5a0f-ac67-6ee2400c2bec,765e9f47-fb7d-5028-ad0a-0195b217167c,5a2efa30-fd70-52fb-ac43-b61372a0eb04,8,8,“የሰንበትን ቀን ትቀድሳት ዘንድ አስብ።
9c971391-7238-5857-afbd-920a53709bb2,765e9f47-fb7d-5028-ad0a-0195b217167c,5a2efa30-fd70-52fb-ac43-b61372a0eb04,9,9,ስድስት ቀን ሥራህን ሥራ፤ ተግባርህንም ሁሉ አድርግ፤
352ca325-b18b-5eeb-a3c4-4837b71b2a6f,765e9f47-fb7d-5028-ad0a-0195b217167c,5a2efa30-fd70-52fb-ac43-b61372a0eb04,10,10,ሰባተኛዋ ቀን ግን ለእግዚአብሔር ለአምላክህ ሰንበት ናት፤ አንተ፥ ወንድ ልጅህም፥ ሴት ልጅህም፥ ሎሌህም፥ ገረድህም፥ አህያህም፥ ከብትህም፥ በደጆችህም ውስጥ ያለ እንግዳ በእርስዋ ምንም ሥራ አትሥሩ፤
10aa19bd-5d10-56bd-a99d-fd773d4fd53d,765e9f47-fb7d-5028-ad0a-0195b217167c,5a2efa30-fd70-52fb-ac43-b61372a0eb04,11,11,እግዚአብሔር በስድስት ቀን ሰማይንና ምድርን፥ ባሕርንም፥ በውስጣቸው ያለውንም ሁሉ ፈጥሮ በሰባተኛዋ ቀን ዐርፎአልና፤ ስለዚህ እግዚአብሔር የሰንበትን ቀን ባርኮታል፤ ቀድሶታልም።
3dc486e6-8f0c-54bd-a344-b00a76c5974c,765e9f47-fb7d-5028-ad0a-0195b217167c,5a2efa30-fd70-52fb-ac43-b61372a0eb04,12,12,“አባትህንና እናትህን አክብር፤ መልካም እንዲሆንልህ፥ እግዚአብሔር አምላክህ በሚሰጥህ ምድርም ዕድሜህ እንዲረዝም።
fa8edd59-44ef-56a2-a46d-4a565300bf16,765e9f47-fb7d-5028-ad0a-0195b217167c,5a2efa30-fd70-52fb-ac43-b61372a0eb04,13,13,“አትግደል።
68de6fe4-06ec-52a6-a0c1-52420660dac4,765e9f47-fb7d-5028-ad0a-0195b217167c,5a2efa30-fd70-52fb-ac43-b61372a0eb04,14,14,“አታመንዝር።
4fc3a6f1-f7d0-551a-ace5-8eb8f7501c68,765e9f47-fb7d-5028-ad0a-0195b217167c,5a2efa30-fd70-52fb-ac43-b61372a0eb04,15,15,“አትስረቅ።
f6622002-58fb-51e0-accd-1208a93f1417,765e9f47-fb7d-5028-ad0a-0195b217167c,5a2efa30-fd70-52fb-ac43-b61372a0eb04,16,16,“በባልንጀራህ ላይ በሐሰት አትመስክር።
a208c5a4-152b-5704-a645-f5c6820f683a,765e9f47-fb7d-5028-ad0a-0195b217167c,5a2efa30-fd70-52fb-ac43-b61372a0eb04,17,17,“የባልንጀራህን ሚስት፥ የባልንጀራህን ቤት አትመኝ፤ እርሻውንም፥ ሎሌውንም፥ ገረዱንም፥ በሬውንም፥ አህያውንም፥ ከብቱንም ሁሉ ከባልንጀራህ ገንዘብ ሁሉ ማንኛውንም አትመኝ።”
641409ff-ddd0-52b6-abe6-e1017801208d,765e9f47-fb7d-5028-ad0a-0195b217167c,60d96ce2-b8d4-548d-abcd-a739dfe579c4,1,18,ሕዝቡም ሁሉ ነጐድጓዱንና መብረቁን፥ የቀንደ መለከቱን ድምፅ፥ ተራራውንም ሲጤስ አዩ፤ ሕዝቡም ሁሉ ፈርተው ርቀው ቆሙ።
e5f01c04-63ed-5098-a768-d5061c9ad7e7,765e9f47-fb7d-5028-ad0a-0195b217167c,60d96ce2-b8d4-548d-abcd-a739dfe579c4,2,19,ሙሴንም፥ “አንተ ከእኛ ጋር ተናገር፤ ነገር ግን እንዳንሞት እግዚአብሔር ከእኛ ጋር አይናገር” አሉት።
6fdf505a-2297-5413-a356-f2ec2423f3ba,765e9f47-fb7d-5028-ad0a-0195b217167c,60d96ce2-b8d4-548d-abcd-a739dfe579c4,3,20,ሙሴም ለሕዝቡ፥ “እግዚአብሔር ሊፈትናችሁ፥ ኀጢአትንም እንዳትሠሩ እርሱን መፍራት በእናንተ ያድር ዘንድ መጥቶአልና አትፍሩ” አላቸው።
55c4f754-d331-5f08-a525-49bd21235bab,765e9f47-fb7d-5028-ad0a-0195b217167c,60d96ce2-b8d4-548d-abcd-a739dfe579c4,4,21,ሕዝቡም ርቀው ቆሙ፤ ሙሴም እግዚአብሔር ወዳለበት ወደ ጨለማው ቀረበ።
59360a45-6c17-51a3-aa6e-ae5b30f79757,765e9f47-fb7d-5028-ad0a-0195b217167c,5580d1bd-f95d-5568-ae11-32e1fa8aecd8,1,22,እግዚአብሔር ሙሴን አለው፥ “ለያዕቆብ ቤት ለእስራኤልም ልጆች እንዲህ በል፦ እኔ ከሰማይ እንደ ተናገርኋችሁ እናንተ አይታችኋል።
73a56c12-a999-5fae-af1c-a62ecfc2c9ba,765e9f47-fb7d-5028-ad0a-0195b217167c,5580d1bd-f95d-5568-ae11-32e1fa8aecd8,2,23,የብር አማልክትን አታምልኩ፤ የወርቅ አማልክትንም አታምልኩ። የዕንጨትና የድንጋይ አምላክንም አታምልኩ፤ እንዲህ ያለ አምላክን ለእናንተ አታድርጉ።
2012bfba-e0ca-5f0f-a6c2-86cc1bac2f2c,765e9f47-fb7d-5028-ad0a-0195b217167c,5580d1bd-f95d-5568-ae11-32e1fa8aecd8,3,24,ከአፈርም መሠዊያ ሥራልኝ፤ የሚቃጠለውንና የደኅንነት መሥዋዕትህን፥ በጎችህንም፥ በሬዎችህንም ሠዋበት፤ ስሜን ባስጠራሁበት ስፍራ ሁሉ ወደ አንተ መጥቼ እባርክሃለሁ።
6f45178a-3afb-57ca-a2f1-6d7aecc0bcd1,765e9f47-fb7d-5028-ad0a-0195b217167c,5580d1bd-f95d-5568-ae11-32e1fa8aecd8,4,25,የድንጋይም መሠዊያ ብታደርግልኝ ጠርበህ አትሥራው፤ በመሣሪያ ብትነካው ታረክሰዋለህና።
1b65378a-e7ea-5ff3-a430-32ac4edabdc8,765e9f47-fb7d-5028-ad0a-0195b217167c,5580d1bd-f95d-5568-ae11-32e1fa8aecd8,5,26,ኀፍረተ ሥጋህ በእርሱ እንዳይገለጥ ወደ መሠዊያዬ በደረጃ አትውጣ።
2ac5228c-6a45-584c-a547-0efd82a465e1,1d5a5a17-0d10-513d-a3db-0e0c0b95c057,6d15b16f-9890-5c2d-a144-2cfac8245c32,1,1,“በፊታቸው የምታደርገው ሥርዐት ይህ ነው።
1bb0f049-00ae-5f62-a5bb-c095f6df4e58,1d5a5a17-0d10-513d-a3db-0e0c0b95c057,6d15b16f-9890-5c2d-a144-2cfac8245c32,2,2,ዕብራዊ ባሪያ የገዛህ እንደ ሆነ ስድስት ዓመት ያገልግልህ፤ በሰባተኛውም ዓመት በነጻ አርነት ይውጣ።
6dd676d5-f277-5d4f-a51f-6db6f94a65a3,1d5a5a17-0d10-513d-a3db-0e0c0b95c057,6d15b16f-9890-5c2d-a144-2cfac8245c32,3,3,ብቻውን መጥቶ እንደ ሆነ ብቻውን ይውጣ፤ ከሚስቱም ጋር መጥቶ እንደ ሆነ ሚስቱ ከእርሱ ጋር ትውጣ።
b29c4904-d22d-5653-acb6-c96475235db0,1d5a5a17-0d10-513d-a3db-0e0c0b95c057,6d15b16f-9890-5c2d-a144-2cfac8245c32,4,4,ጌታው ሚስት አጋብቶት እንደ ሆነ ወንዶች ወይም ሴቶች ልጆች ብትወልድለት፥ ሚስቱና ልጆቹ ለጌታው ይገዙ፤ እርሱም ብቻውን ነጻ ይውጣ።
59759851-0185-5d40-ab6c-70566e15d407,1d5a5a17-0d10-513d-a3db-0e0c0b95c057,6d15b16f-9890-5c2d-a144-2cfac8245c32,5,5,ባሪያውም፦ ጌታዬን፥ ሚስቴን፥ ልጆችንም እወድዳለሁ፤ አርነትም አልወጣም ብሎ ቢናገር፥
69cab073-08d9-589a-a41a-903c93b69818,1d5a5a17-0d10-513d-a3db-0e0c0b95c057,6d15b16f-9890-5c2d-a144-2cfac8245c32,6,6,ጌታው ወደ ቤተ እግዚአብሔር ፈራጆች ይውሰደው፤ ወደ ደጁም፥ ወደ መቃኑም አቅርቦ አፍንጫውን በወስፌ ይብሳው፤ ለዘለዓለምም ባሪያው ይሁነው።
0dc68f54-3ed8-5dbb-a21b-ab28b024f3cd,1d5a5a17-0d10-513d-a3db-0e0c0b95c057,6d15b16f-9890-5c2d-a144-2cfac8245c32,7,7,“ሴት ልጁን ለባርነት አሳልፎ የሰጠ ቢኖር ሴቶች ባሪያዎች አርነት እንደሚወጡ እርስዋ ትውጣ።
b3307207-e897-56ca-a054-43e61734ad8d,1d5a5a17-0d10-513d-a3db-0e0c0b95c057,6d15b16f-9890-5c2d-a144-2cfac8245c32,8,8,ለእርሱ ከታጨች በኋላ ጌታዋን ደስ ባታሰኘው በዎጆ ይስደዳት፤ ነገር ግን ለሌላ ወገን ይሸጣት ዘንድ አይገባውም። እርሱ አርክሶአታልና።
011a31b8-c71f-565e-a7c4-1eae90f87228,1d5a5a17-0d10-513d-a3db-0e0c0b95c057,6d15b16f-9890-5c2d-a144-2cfac8245c32,9,9,ለልጁም ሊድራት ቢወድድ፥ ለሴት ልጆች የሚገባውን ያድርግላት፤
7e6e8706-7f9a-56c8-ac16-23b82c809866,1d5a5a17-0d10-513d-a3db-0e0c0b95c057,6d15b16f-9890-5c2d-a144-2cfac8245c32,10,10,ከእርስዋም ሌላ ቢያገባ፥ ቀለብዋን፥ ልብስዋንም፥ ለጋብቻዋም ተገቢውን ይስጣት፤ እንዳልበደላትም ምስክር ያሰማባት።
07e28272-5165-57a1-a19c-49c40eb196ad,1d5a5a17-0d10-513d-a3db-0e0c0b95c057,6d15b16f-9890-5c2d-a144-2cfac8245c32,11,11,ይህንም ሦስት ነገር ባያደርግላት ያለ ገንዘብ ነጻ ትውጣ።
b66fbd3a-d01a-5066-aeef-be611a11fdaf,1d5a5a17-0d10-513d-a3db-0e0c0b95c057,8c856b90-d4d8-5880-af4a-3911efb56d82,1,12,“ሰው ሰውን ቢመታ፥ ቢሞትም፥ የመታው ፈጽሞ ይገደል።
6b972483-d9b9-58b0-aee4-119eb1b8fd06,1d5a5a17-0d10-513d-a3db-0e0c0b95c057,8c856b90-d4d8-5880-af4a-3911efb56d82,2,13,ሳይፈቅድ ቢመታው፥ ባይሸምቅበትም፥ ነገር ግን እግዚአብሔር ድንገት በእጁ ቢጥለው፥ ገዳዩ የሚሸሽበትን ስፍራ እኔ አደርግልሃለሁ።
20360419-2690-555b-af32-fe7105345ae7,1d5a5a17-0d10-513d-a3db-0e0c0b95c057,8c856b90-d4d8-5880-af4a-3911efb56d82,3,14,ሰው ግን ቢሸምቅ ጠላቱንም በተንኰል ቢገድለውና ቢማፀን፥ እንዲገደል ከመሠዊያዬ አውጥተህ ውሰደው።
9a0f52e1-6f76-5c3f-aa9e-f1cc8be87618,1d5a5a17-0d10-513d-a3db-0e0c0b95c057,8c856b90-d4d8-5880-af4a-3911efb56d82,4,15,“አባቱን ወይም እናቱን የሚማታ ይገደል።
0147127f-bb6b-5756-a1c9-f828c85ffafe,1d5a5a17-0d10-513d-a3db-0e0c0b95c057,8c856b90-d4d8-5880-af4a-3911efb56d82,5,16,“አባቱን ወይም እናቱን የሚሰድብ በሞት ይቀጣ።
377c803b-2be5-5e79-a985-5a6934b68fe0,1d5a5a17-0d10-513d-a3db-0e0c0b95c057,8c856b90-d4d8-5880-af4a-3911efb56d82,6,17,“ከእስራኤል ልጆች አንዱን የሰረቀ ወይም ግፍ የፈጸመበት፥ ወይም አሳልፎ ቢሰጠው፥ ወይም በእርሱ ዘንድ ቢገኝ፥ እርሱ ይገደል።
ef5d02ba-6bbf-5268-a26a-1f83129456f6,1d5a5a17-0d10-513d-a3db-0e0c0b95c057,8c856b90-d4d8-5880-af4a-3911efb56d82,7,18,“ሁለት ሰዎችም እርስ በርሳቸው ቢጣሉ፥ አንዱም ሌላውን በድንጋይ ወይም በጡጫ ቢመታ፥ ያም ባይሞት ነገር ግን በአልጋው ላይ ቢተኛ፥
3aee879b-409c-5e2d-ab1a-de3b0dca0c9a,1d5a5a17-0d10-513d-a3db-0e0c0b95c057,8c856b90-d4d8-5880-af4a-3911efb56d82,8,19,ተነሥቶም በምርኩዝ ወደ ሜዳ ቢወጣ፥ የመታው ንጹሕ ነው፤ ነገር ግን ተግባሩን ስላስፈታው ገንዘብ ይክፈለው፤ ለባለ መድኀኒትም ይክፈልለት።
a0b2f2e0-dd80-5a29-afba-b2f8d986a60d,1d5a5a17-0d10-513d-a3db-0e0c0b95c057,8c856b90-d4d8-5880-af4a-3911efb56d82,9,20,“ሰውም ወንድ ባሪያውን ወይም ሴት ባሪያውን በበትር ቢመታ፥ በእጁ ቢሞትበትም፥ ፈጽሞ ይቀጣ፤
b44a8aeb-9054-578d-a22d-81425307d479,1d5a5a17-0d10-513d-a3db-0e0c0b95c057,8c856b90-d4d8-5880-af4a-3911efb56d82,10,21,የተመታው ግን አንድ ወይም ሁለት ቀን ቢቈይ ገንዘቡ ነውና አይቀጣ።
3524e611-8c05-5177-a12c-f8dea04556c9,1d5a5a17-0d10-513d-a3db-0e0c0b95c057,8c856b90-d4d8-5880-af4a-3911efb56d82,11,22,“ሁለት ሰዎች እርስ በርሳቸው ቢጣሉ፥ ያረገዘችንም ሴት ቢያቈስሉ ተሥዕሎተ መልክእ ያልተፈጸመለት ፅንስም ቢያስወርዳት፥ የሴቲቱ ባል የጣለበትን ያህል ካሳ ይክፈል፤
33958b4e-0200-529f-a377-9e6940997f49,1d5a5a17-0d10-513d-a3db-0e0c0b95c057,8c856b90-d4d8-5880-af4a-3911efb56d82,12,23,ተሥዕሎተ መልክእ የተፈጸመለት ፅንስ ቢያስወርዳት ግን ሕይወት በሕይወት፥
e7daffd8-c397-5858-a917-659a4b3163fc,1d5a5a17-0d10-513d-a3db-0e0c0b95c057,8c856b90-d4d8-5880-af4a-3911efb56d82,13,24,ዐይን በዐይን፥ ጥርስ በጥርስ፥ እጅ በእጅ፥ እግር በእግር፥
6edd5ae0-84e7-55e5-a180-23a182a8d5df,1d5a5a17-0d10-513d-a3db-0e0c0b95c057,8c856b90-d4d8-5880-af4a-3911efb56d82,14,25,መቃጠል በመቃጠል፥ ቍስል በቍስል፥ ግርፋት በግርፋት ይክፈል።
1b0deafa-2181-52ff-acd0-7b381ff55983,1d5a5a17-0d10-513d-a3db-0e0c0b95c057,8c856b90-d4d8-5880-af4a-3911efb56d82,15,26,“ሰውም የባሪያውን ዐይን ወይም የባሪያዪቱን ዐይን ቢመታ፥ ቢያጠፋውም፥ ስለ ዐይናቸው አርነት ያውጣቸው።
fcd168a1-d436-552a-a953-2df3b2dc883f,1d5a5a17-0d10-513d-a3db-0e0c0b95c057,8c856b90-d4d8-5880-af4a-3911efb56d82,16,27,የባሪያውን ጥርስ ወይም የባሪያዪቱን ጥርስ ቢሰብር፥ ስለ ጥርሳቸው አርነት ያውጣቸው።
fdf35a40-d15f-58c5-a848-7cc43ccdb0fc,1d5a5a17-0d10-513d-a3db-0e0c0b95c057,cb7e7b29-0af5-5980-a1f0-27f4954181c3,1,28,“በሬም ወንድን ወይም ሴትን ቢወጋ ቢሞቱም፥ በሬው በድንጋይ ይወገር፤ ሥጋውም አይበላ፤ የበሬው ባለቤት ግን ንጹሕ ነው።
d7c4245d-cb8b-5575-ab85-251ba253674f,1d5a5a17-0d10-513d-a3db-0e0c0b95c057,cb7e7b29-0af5-5980-a1f0-27f4954181c3,2,29,በሬው ግን ከትናንትና ከትናንት ወዲያ ተዋጊ ቢሆን፥ ሰዎችም ለባለቤቱ ቢመሰክሩለት ባያስወግደውም፥ ወንድን ወይም ሴትን ቢገድል፥ በሬው ይወገር፤ ባለቤቱ ደግሞ ይገደል።
190eb3ef-8c03-5c97-a385-d7634a9af2bc,1d5a5a17-0d10-513d-a3db-0e0c0b95c057,cb7e7b29-0af5-5980-a1f0-27f4954181c3,3,30,ከእርሱ ግን ካሳ ቢፈልጉ፥ የሕይወቱን ካሳ የጫኑበትን ያህል ይስጥ።
a7f24068-35b5-57d7-a899-04969c35b6fd,1d5a5a17-0d10-513d-a3db-0e0c0b95c057,cb7e7b29-0af5-5980-a1f0-27f4954181c3,4,31,በሬው ወንድን ልጅ ቢወጋ፥ ሴትንም ልጅ ቢወጋ ይህንኑ ፍርድ ያድርጉበት።
eef3e09b-eb8e-5b8b-a5d0-f87eae9b7da2,1d5a5a17-0d10-513d-a3db-0e0c0b95c057,cb7e7b29-0af5-5980-a1f0-27f4954181c3,5,32,በሬው ወንድ ባሪያ ወይም ሴት ባሪያ ቢወጋ፥ የበሬው ባለቤት ሠላሳ የብር ሰቅል ለጌታቸው ይስጥ፤ በሬውም ይወገር።
3f28e4e2-345c-59cf-a18a-f5d0f89ccf3a,1d5a5a17-0d10-513d-a3db-0e0c0b95c057,cb7e7b29-0af5-5980-a1f0-27f4954181c3,6,33,“ሰውም ጕድጓድ ቢከፍት ወይም ጕድጓድ ቢቈፍር ባይከድነውም፥ በሬም ወይም አህያ፤ ቢወድቅበት፥
bd02ccbb-a773-5334-a7cb-2ccc289da924,1d5a5a17-0d10-513d-a3db-0e0c0b95c057,cb7e7b29-0af5-5980-a1f0-27f4954181c3,7,34,የጕድጓዱ ባለቤት ዋጋቸውን ለባለቤታቸው ይክፈል፤ የሞተውም ለእርሱ ይሁን።
6babcbd4-7407-527d-a009-f1cb76b08375,1d5a5a17-0d10-513d-a3db-0e0c0b95c057,cb7e7b29-0af5-5980-a1f0-27f4954181c3,8,35,“የሰው በሬ የሌላውን በሬ ቢወጋ፥ ቢሞትም፥ ደኅናውን በሬ ይሽጡ፤ ዋጋውንም በትክክል ይካፈሉ፤ የሞተውንም ደግሞ በትክክል ይካፈሉ።
ddc5b124-ecab-5118-a80b-902542a6cec0,1d5a5a17-0d10-513d-a3db-0e0c0b95c057,cb7e7b29-0af5-5980-a1f0-27f4954181c3,9,36,በሬውም ትናንትና ከትናንት ወዲያ ተዋጊ መሆኑ ቢታወቅ ለባለቤቱም ቢመሰክሩለት፥ ባለቤቱም ባያስወግደው በሬውን በበሬው ፋንታ ይስጥ፤ የሞተውም ለእርሱ ይሁነው።
f01193f3-8a44-5da0-ab6f-5a6ac241e093,1b98dbc7-3d2c-5360-a1f2-77ff246d1fad,fe3c1b91-d4fd-5355-a2a1-a3b6552665fe,1,1,“ሰው በሬ ወይም በግ ቢሰርቅ፥ ቢያርደው ወይም ቢሸጠው፥ በአንድ በሬ ፋንታ አምስት በሬዎች፥ በአንድ በግም ፋንታ አራት በጎች ይክፈል።
d549252f-a4cd-5c3b-abfd-46c75ccb3e80,1b98dbc7-3d2c-5360-a1f2-77ff246d1fad,fe3c1b91-d4fd-5355-a2a1-a3b6552665fe,2,2,ሌባ ቤት ሲምስ ቢገኝ፥ እርሱም ቢመታ፥ ቢሞትም በመታው ሰው ላይ የደም ዕዳ አይሆንበትም።
c2e4960e-b119-58ea-afb2-32edc3761de8,1b98dbc7-3d2c-5360-a1f2-77ff246d1fad,fe3c1b91-d4fd-5355-a2a1-a3b6552665fe,3,3,ፀሐይ ግን ከወጣችበት የደም ዕዳ አለበት፤ የገደለው ይገደል፤ ሌባው ቢያዝ የሚከፍለውም ቢያጣ ስለ ሰረቀው ይሸጥ።
916f088f-b8c3-505a-ae88-905d040ea330,1b98dbc7-3d2c-5360-a1f2-77ff246d1fad,fe3c1b91-d4fd-5355-a2a1-a3b6552665fe,4,4,የሰረቀው ደኅና ሆኖ በእጁ ቢገኝ፥ በሬ ወይም በግ ቢሆን፥ የሰረቀውን ያህል ሁለት እጥፍ ይክፈል።
0a5115e5-9cde-59ad-af46-68d2f0ce506e,1b98dbc7-3d2c-5360-a1f2-77ff246d1fad,fe3c1b91-d4fd-5355-a2a1-a3b6552665fe,5,5,“የሰውን አዝመራ ከብቱን ያስበላ፥ የሌላ ሰው ወይንንም ያስበላ ሰው ቢኖር ግምቱን ይክፈል። የሰውን አዝመራ ፈጽሞ ቢያስበላ ግን በአጠገቡ ባለ አዝመራ ልክ ይክፈል፤ ወይንም ቢሆን በአጠገቡ ባለ ወይን ልክ ይክፈል።
5e42bb3d-e616-5535-a22e-651e0d8c7e80,1b98dbc7-3d2c-5360-a1f2-77ff246d1fad,fe3c1b91-d4fd-5355-a2a1-a3b6552665fe,6,6,“እሳት ቢነሣ ጫካውንም ቢይዝ፥ ዐውድማውንም፥ ክምሩንም ወይም ያልታጨደውን እህል ወይም እርሻውን ቢያቃጥል እሳቱን ያነደደው ይክፈል።
6bd88b15-8af0-52c9-abfb-70e00d6ca830,1b98dbc7-3d2c-5360-a1f2-77ff246d1fad,fe3c1b91-d4fd-5355-a2a1-a3b6552665fe,7,7,“ሰው በባልንጀራው ዘንድ ብር ወይም ሌላ ዕቃ እንዲጠብቅለት አደራ ቢያኖር ከቤቱም ቢሰረቅ፥ ሌባው ቢገኝ እጥፍ ይክፈል።
aad96d12-4115-569a-a08d-20a1ba6c1373,1b98dbc7-3d2c-5360-a1f2-77ff246d1fad,fe3c1b91-d4fd-5355-a2a1-a3b6552665fe,8,8,ሌባው ባይገኝ ባለቤቱ ወደ ፈጣሪ ፊት ይቅረብ፤ ባልንጀራው አደራ በአስቀመጠበት ገንዘብም ላይ እንዳልተተነኰለና ክፉ እንዳላሰበ ይማል።
24f01344-dd1e-5d0e-a421-e20a08f7a5ab,1b98dbc7-3d2c-5360-a1f2-77ff246d1fad,fe3c1b91-d4fd-5355-a2a1-a3b6552665fe,9,9,ሰዎች ስለ በሬ ወይም ስለ አህያ ወይም ስለ በግ ወይም ስለ ልብስ ወይም ስለሌላ ስለ ጠፋ ነገር ቢካሰሱ፥ አንዱም፦ ‘ይህ የእኔ ነው’ ቢል፥ ክርክራቸው በፈጣሪ ፊት ይቅረብ፤ በፈጣሪ ፊት የተፈረደበት እርሱ ለባልንጀራው እጥፍ ይክፈል።
380de0c1-ca51-5893-a836-f54ce2fbb820,1b98dbc7-3d2c-5360-a1f2-77ff246d1fad,fe3c1b91-d4fd-5355-a2a1-a3b6552665fe,10,10,“ሰው በባልንጀራው ዘንድ አህያ ወይም በሬ ወይም በግ ወይም ሌላ እንስሳ እንዲጠብቅለት አደራ ቢያኖር፥ ማንም ሳያይ ቢሞት ወይም ቢጐዳ ወይም ቢማረክ፥
4c2e2fd6-5916-5f22-a3f4-e45eab889cdb,1b98dbc7-3d2c-5360-a1f2-77ff246d1fad,fe3c1b91-d4fd-5355-a2a1-a3b6552665fe,11,11,በባልንጀራው ከብት ላይ እጁን እንዳልዘረጋ የእግዚአብሔር መሐላ በሁለታቸው መካከል ይሁን፤ የከብቱም ባለቤት ይህን ከተቀበለ፥ እርሱ ምንም አይክፈል።
b049d92a-d2bd-563c-a74f-09ae180e7a2f,1b98dbc7-3d2c-5360-a1f2-77ff246d1fad,fe3c1b91-d4fd-5355-a2a1-a3b6552665fe,12,12,ከእርሱም ዘንድ ቢሰረቅ ለባለቤቱ ይክፈል።
ba3315e4-3089-5312-a646-f7ed4c5e0097,1b98dbc7-3d2c-5360-a1f2-77ff246d1fad,fe3c1b91-d4fd-5355-a2a1-a3b6552665fe,13,13,በምድረ በዳም አውሬ ቢበላው ውዳቂውን ያሳይ፤ አይክፈልም።
e22b2130-d799-5a79-ac9c-ab0455d708c7,1b98dbc7-3d2c-5360-a1f2-77ff246d1fad,fe3c1b91-d4fd-5355-a2a1-a3b6552665fe,14,14,ሰው ከባልንጀራው አንዳች ቢዋስ ባለቤቱ ከእርሱ ጋር ሳይኖር ቢጎዳ፥ ወይም ቢሞት፥ ወይም ቢነጠቅ ፈጽሞ ይክፈለው።
f290cafb-3d3e-536b-aa2a-8f239bb06693,1b98dbc7-3d2c-5360-a1f2-77ff246d1fad,fe3c1b91-d4fd-5355-a2a1-a3b6552665fe,15,15,ባለቤቱ ግን ከእርሱ ጋር ቢኖር አይክፈል፤ ቢከራየውም ኪራዩን ይክፈል።
edfe929c-9cfa-5ea4-a2e1-24652444b14c,1b98dbc7-3d2c-5360-a1f2-77ff246d1fad,b9ba4af1-dae7-5306-aac3-28c9d22d7dcb,1,16,“ሰው ያልታጨችውን ድንግል ቢያስታት፥ ከእርስዋም ጋር ቢተኛ ሚስት አድርጎ ይውሰዳት።
c450f72d-3429-5732-aba6-8bf16b455bee,1b98dbc7-3d2c-5360-a1f2-77ff246d1fad,b9ba4af1-dae7-5306-aac3-28c9d22d7dcb,2,17,አባቷም እርስዋን እንዳይሰጠው ፈጽሞ እንቢ ቢል እንደ ደናግል ማጫ ያህል ማጫዋን ይስጠው።
863fa990-4dd5-56d4-adb8-07b350833f47,1b98dbc7-3d2c-5360-a1f2-77ff246d1fad,b9ba4af1-dae7-5306-aac3-28c9d22d7dcb,3,18,“ከመተተኛ ጋር አንድ አትሁኑ።
331ad64e-1c9f-5e0e-afa3-6f40d4d620b2,1b98dbc7-3d2c-5360-a1f2-77ff246d1fad,b9ba4af1-dae7-5306-aac3-28c9d22d7dcb,4,19,“ከእንስሳ የሚደርስ ሁሉ ሞትን ይሙት።
988b8fe3-2f5e-58eb-ac01-8786dc73fd3c,1b98dbc7-3d2c-5360-a1f2-77ff246d1fad,b9ba4af1-dae7-5306-aac3-28c9d22d7dcb,5,20,“ከእግዚአብሔር ብቻ በቀር ለአማልክት የሚሠዋ ፈጽሞ ይጥፋ።
45c5e9d8-aa0e-50c0-a5cf-fe89793c87e9,1b98dbc7-3d2c-5360-a1f2-77ff246d1fad,b9ba4af1-dae7-5306-aac3-28c9d22d7dcb,6,21,እናንተ በግብፅ ምድር ስደተኞች ነበራችሁና ስደተኛውን አትበድሉት፤ ግፍም አታድርጉበት።
f8a179c3-9ce1-5578-a5ff-3193b60393b0,1b98dbc7-3d2c-5360-a1f2-77ff246d1fad,b9ba4af1-dae7-5306-aac3-28c9d22d7dcb,7,22,መበለቲቱንና ድሀ-አደጎቹን አታስጨንቁአቸው።
ee596dff-90d0-590e-a4fb-ada86bc56df1,1b98dbc7-3d2c-5360-a1f2-77ff246d1fad,b9ba4af1-dae7-5306-aac3-28c9d22d7dcb,8,23,ብታስጨንቁአቸውና ወደ እኔ ቢጮኹ እኔ ጩኸታቸውን ፈጽሞ እሰማለሁ፤
73128dcb-539e-532a-a6bf-aa716d9d5684,1b98dbc7-3d2c-5360-a1f2-77ff246d1fad,b9ba4af1-dae7-5306-aac3-28c9d22d7dcb,9,24,ቍጣዬም ይጸናባችኋል፤ በሰይፍም አስገድላችኋለሁ፤ ሚስቶቻችሁም መበለቶች፥ ልጆቻችሁም ድሀ-አደጎች ይሆናሉ።
2f207c83-df3a-5b76-ae9c-d9472ae32648,1b98dbc7-3d2c-5360-a1f2-77ff246d1fad,b9ba4af1-dae7-5306-aac3-28c9d22d7dcb,10,25,“ከአንተ ጋር ለተቀመጠው ለድሃው ወገንህ ብር ብታበድረው፥ አታስጨንቀው፤ አራጣም አታስከፍለው።
690cfd97-cb81-5a82-a2c0-d587095ccd45,1b98dbc7-3d2c-5360-a1f2-77ff246d1fad,b9ba4af1-dae7-5306-aac3-28c9d22d7dcb,11,26,የባልንጀራህን ልብስ ለመያዣ ብትወስድ ፀሐይ ሳትገባ መልስለት፤
c1c02f6d-7dee-5a55-a178-07d3236adb93,1b98dbc7-3d2c-5360-a1f2-77ff246d1fad,b9ba4af1-dae7-5306-aac3-28c9d22d7dcb,12,27,ልብሱ ነውና፥ ዕርቃኑንም የሚሸፍንበት ይህ ብቻ ነውና፤ የሚተኛበትም ሌላ የለውምና፤ ወደ እኔም ቢጮኽ ፈጥኜ እሰማዋለሁ፤ መሓሪ ነኝና።
c81b1e92-0d18-5a1a-aee6-8a7670b8a032,1b98dbc7-3d2c-5360-a1f2-77ff246d1fad,b9ba4af1-dae7-5306-aac3-28c9d22d7dcb,13,28,“ፈራጆችን አትስደብ፥ የሕዝብህንም አለቃ ክፉ አትናገረው።
2df5ec27-915a-59a4-af41-3125103942af,1b98dbc7-3d2c-5360-a1f2-77ff246d1fad,b9ba4af1-dae7-5306-aac3-28c9d22d7dcb,14,29,የአውድማህንና የወይንህንም መጀመሪያ ለማቅረብ አትዘግይ፤ የልጆችህንም በኵር ትሰጠኛለህ።
dd7cf1ec-bdba-584e-a95c-240c225d5db2,1b98dbc7-3d2c-5360-a1f2-77ff246d1fad,b9ba4af1-dae7-5306-aac3-28c9d22d7dcb,15,30,እንዲሁም በበሬዎችህና በበጎችህ፥ በአህያህም ታደርገዋለህ፤ ሰባት ቀን ከእናቱ ጋር ይቀመጥ፤ በስምንተኛውም ቀን ለእኔ ትሰጠዋለህ።
022c9ea3-84ce-5e5c-acba-4cf0811f2730,1b98dbc7-3d2c-5360-a1f2-77ff246d1fad,b9ba4af1-dae7-5306-aac3-28c9d22d7dcb,16,31,ቅዱስ ወገን ትሆኑልኛላችሁ፤ ስለዚህ አውሬ የገደለውን ሥጋ ለውሻ ጣሉት እንጂ አትብሉት።
f46a86e0-cc22-5187-ab5c-f76d6e8f460f,d12ca06d-4f2b-5539-a5ea-d372246e559f,7b875d98-4199-596e-a53b-b3b40b184b73,1,1,“ሐሰተኛ ወሬ አትቀበል፤ የዐመፅ ምስክርም ትሆን ዘንድ ከዐመፀኛ ጋር አትቀመጥ።
1aa5e81c-063a-538e-afa8-37cefced1ec0,d12ca06d-4f2b-5539-a5ea-d372246e559f,7b875d98-4199-596e-a53b-b3b40b184b73,2,2,ለዐመፅ ከብዙ ሰው ጋር አንድ አትሁን፤ ፍርድንም ለማጣመም ከብዙ ሰው ጋር አትጨመር።
0438c0fd-42ae-5875-aa4c-3f6141b3e8e8,d12ca06d-4f2b-5539-a5ea-d372246e559f,7b875d98-4199-596e-a53b-b3b40b184b73,3,3,በፍርድ ለድሀው አትራራ።
e0be1518-aec1-5db7-a812-cfbcdd8aef26,d12ca06d-4f2b-5539-a5ea-d372246e559f,7b875d98-4199-596e-a53b-b3b40b184b73,4,4,“የጠላትህን በሬ ወይም አህያውን ጠፍቶ ብታገኘው ፈጽሞ መልስለት።
d5e0112d-8cc1-58df-a6ac-c0bcad279c3b,d12ca06d-4f2b-5539-a5ea-d372246e559f,7b875d98-4199-596e-a53b-b3b40b184b73,5,5,የጠላትህን አህያ ከጭነቱ በታች ወድቆ ብታገኘው አትለፈው፤ ነገር ግን ከእርሱ ጋር ለማንሣት ርዳው።
a77f4c66-cd43-58b0-aceb-e6433f509f98,d12ca06d-4f2b-5539-a5ea-d372246e559f,7b875d98-4199-596e-a53b-b3b40b184b73,6,6,“በፍርድ የድሀውን ፍርድ አታጣምም።
fef8147e-f940-5cb2-a518-5d7a3a1a5f13,d12ca06d-4f2b-5539-a5ea-d372246e559f,7b875d98-4199-596e-a53b-b3b40b184b73,7,7,ከዐመፅ ፍርድ ሁሉ ራቅ፤ በደል የሌለበትንና ጻድቅን አትግደል፤ ኀጢአተኛውንም በመማለጃ አታድን፤
58006667-b0d6-5265-ae26-bb84958da537,d12ca06d-4f2b-5539-a5ea-d372246e559f,7b875d98-4199-596e-a53b-b3b40b184b73,8,8,መማለጃን አትቀበል፤ መማለጃ የዐይናማዎችን ዐይን ያሳውራልና፥ እውነተኛ ቃልንም ያጣምማልና።
89eb81c1-bca7-5bf4-a5d1-a47d87e46aac,d12ca06d-4f2b-5539-a5ea-d372246e559f,7b875d98-4199-596e-a53b-b3b40b184b73,9,9,በስደተኛው ግፍ አታድርጉ፤ እናንተ በግብፅ ምድር ስደተኞች ስለ ነበራችሁ የስደተኛ ነፍስ እንዴት እንደ ሆነች ዐውቃችኋልና።
0cf5a833-c515-5cb9-af71-1bf1fdf2adc4,d12ca06d-4f2b-5539-a5ea-d372246e559f,995a9ab9-c102-5bae-a546-5bd7b52948ba,1,10,“ስድስት ዓመት ምድርህን ዝራ፤ ፍሬዋንም አግባ፤
8de77839-580f-5d28-a859-e8167bbef95b,d12ca06d-4f2b-5539-a5ea-d372246e559f,995a9ab9-c102-5bae-a546-5bd7b52948ba,2,11,በሰባተኛው ዓመት ግን ተዋት፤ አሳርፋትም፤ የሕዝብህም ድሆች ይበሉታል፤ እነርሱ ያስቀሩትንም የሜዳ እንስሳ ይብላው። እንዲሁም በወይንህና በወይራህ አድርግ።
a5bb9560-61d5-5616-ab44-c09c710748e3,d12ca06d-4f2b-5539-a5ea-d372246e559f,995a9ab9-c102-5bae-a546-5bd7b52948ba,3,12,ስድስት ቀን ሥራህን ሁሉ ሥራ፤ በሬህና አህያህ ያርፉ ዘንድ ለባሪያህም ልጅ ለመጻተኛውም ዕረፍት ይሆን ዘንድ በሰባተኛው ቀን ዕረፍ።
7780e3d5-0fe9-5239-adab-bd5969c00d76,d12ca06d-4f2b-5539-a5ea-d372246e559f,995a9ab9-c102-5bae-a546-5bd7b52948ba,4,13,ያልኋችሁንም ነገር ሁሉ ጠብቁ፤ የሌሎችንም አማልክት ስም አትጥሩ፤ ከአፋችሁም አይሰማ።
d88d4728-04b3-571b-a685-cb1123652ace,d12ca06d-4f2b-5539-a5ea-d372246e559f,5901dd0b-5e7c-546c-a655-316752246b99,1,14,“በዓመት ሦስት ጊዜ በዓል አድርጉልኝ።
61d26a95-fd43-5153-a895-ad172d5cb004,d12ca06d-4f2b-5539-a5ea-d372246e559f,5901dd0b-5e7c-546c-a655-316752246b99,2,15,የቂጣውን በዓል ጠብቁ፤ በአዲስ ወር ከግብፅ ምድር ወጥታችኋልና በዚህ ወር እንዳዘዝኋችሁ ሰባት ቀን ቂጣ ትበላላችሁ።
866bacc8-d5d7-598e-a57c-a6a46bc4838b,d12ca06d-4f2b-5539-a5ea-d372246e559f,5901dd0b-5e7c-546c-a655-316752246b99,3,16,በፊቴ ባዶ እጅህን አትታይ። በእርሻም የምትዘራትን የፍሬህን በኵራት የመከር በዓል፥ ዓመቱም ሲያልቅ ፍሬህን ከእርሻ ባከማቸህ ጊዜ የመክተቻውን በዓል ጠብቅ።
dd1b1cda-3a6c-591f-acd6-860aa864181d,d12ca06d-4f2b-5539-a5ea-d372246e559f,5901dd0b-5e7c-546c-a655-316752246b99,4,17,በዓመት ሦስት ጊዜ በአንተ ዘንድ ያለው ወንድ ሁሉ በአምላክህ በእግዚአብሔር ፊት ይታይ።
d5696cdc-535f-525a-aa7a-0f63730c3422,d12ca06d-4f2b-5539-a5ea-d372246e559f,5901dd0b-5e7c-546c-a655-316752246b99,5,18,“የመሥዋዕቴን ደም ከቦካ እንጀራ ጋር አትሠዋ፤ የበዓሌም ስብ እስኪነጋ አይደር።
f728aff9-7795-5fe5-a9a8-74b75c08e6d2,d12ca06d-4f2b-5539-a5ea-d372246e559f,5901dd0b-5e7c-546c-a655-316752246b99,6,19,የምድርህን ፍሬ በኵራት ወደ አምላክህ ወደ እግዚአብሔር ቤት አምጣ። ጠቦትን በእናቱ ወተት አትቀቅል።
6adacebc-e398-5266-a956-c5d495e1e264,d12ca06d-4f2b-5539-a5ea-d372246e559f,becd422e-99fd-55cf-a0af-4a15f4f9a31b,1,20,“በመንገድ ይጠብቅህ ዘንድ፥ ወዳዘጋጀሁልህም ስፍራ ያገባህ ዘንድ፥ እነሆ፥ እኔ መልአኬን በፊትህ እልካለሁ።
a1faa43f-6b9f-579b-abc3-e4a7c86cdcb9,d12ca06d-4f2b-5539-a5ea-d372246e559f,becd422e-99fd-55cf-a0af-4a15f4f9a31b,2,21,ራስህን ጠብቅ፤ ስማው፤ እንቢም አትበለው፤ ስሜ በእርሱ ስለ ሆነ ይቅር አይልምና።
2f412017-7421-5d2f-ad0c-78bb797770ea,d12ca06d-4f2b-5539-a5ea-d372246e559f,becd422e-99fd-55cf-a0af-4a15f4f9a31b,3,22,አንተ ግን ቃሌን ብትሰማ፥ ያልሁህንም ሁሉ ብታደርግ፥ ጠላቶችህን እጥላቸዋለሁ፤ የሚቃወሙህንም እቃወማለሁ።
75c84ad1-0717-5571-a5cb-0e280a02a70e,d12ca06d-4f2b-5539-a5ea-d372246e559f,becd422e-99fd-55cf-a0af-4a15f4f9a31b,4,23,መልአኬ በፊትህ ይሄዳልና፥ ወደ አሞሬዎናውያንም፥ ወደ ኬጤዎናውያንም፥ ወደ ፌርዜዎናውያንም፥ ወደ ከነዓናውያንም፥ ወደ ጌርጌሴዎናውያንም፥ ወደ ኤዌዎናውያንም፥ ወደ ኢያቡሴዎናውያንም ያገባሃል፤ እኔም አጠፋቸዋለሁ።
fd005e5d-d920-5e8d-ad57-7afb0b655af9,d12ca06d-4f2b-5539-a5ea-d372246e559f,becd422e-99fd-55cf-a0af-4a15f4f9a31b,5,24,ለአማልክቶቻቸው አትስገድ፤ አታምልካቸውም፤ እንደ ሥራቸውም አትሥራ፤ ነገር ግን ፈጽመህ አፍርሳቸው፤ ምስሎቻቸውንም ሰባብራቸው።
9e749413-ba59-5571-a7e6-4b0f6340bef6,d12ca06d-4f2b-5539-a5ea-d372246e559f,becd422e-99fd-55cf-a0af-4a15f4f9a31b,6,25,አምላክህንም እግዚአብሔርን ታመልካለህ፤ እኔ እህልህንና ወይንህን፥ ውኃህንም እባርካለሁ፤ በሽታንም ከአንተ አርቃለሁ።
c2616958-d648-54a0-a2a4-1b58e9149380,d12ca06d-4f2b-5539-a5ea-d372246e559f,becd422e-99fd-55cf-a0af-4a15f4f9a31b,7,26,በምድርህም መካን፥ ወይም የማይወልድ አይኖርም፤ የዘመንህንም ቍጥር እሞላለሁ።
53cd1899-925f-5e5c-a81f-842c118917fc,d12ca06d-4f2b-5539-a5ea-d372246e559f,becd422e-99fd-55cf-a0af-4a15f4f9a31b,8,27,በፊትህ መፈራትን እሰድዳለሁ፤ የምትሄድበትን ሕዝብ ሁሉ አስደነግጣቸዋለሁ፤ ጠላቶችህንም ሁሉ እንዲሸሹልህ አደርጋለሁ።
054dbc4f-0d1e-5288-a7c4-0f9ef5298feb,d12ca06d-4f2b-5539-a5ea-d372246e559f,becd422e-99fd-55cf-a0af-4a15f4f9a31b,9,28,በፊትህም ተርብ እሰድዳለሁ፤ አሞራዊውንም፥ ኤዌዎያዊውንም፥ ከነዓናዊውንም፥ ኬጤዎናዊውንም ከፊትህ ያባርራቸዋል።
4cd7eb47-1623-5f02-a1a3-e7fc7bdfc206,d12ca06d-4f2b-5539-a5ea-d372246e559f,becd422e-99fd-55cf-a0af-4a15f4f9a31b,10,29,ምድር ባድማ እንዳትሆን፥ የምድር አራዊትም እንዳይበዙብህ፥ በአንድ ዓመት አላባርራቸውም።
b4ddc62c-fea1-5f2b-a9d6-eb37d3763b33,d12ca06d-4f2b-5539-a5ea-d372246e559f,becd422e-99fd-55cf-a0af-4a15f4f9a31b,11,30,ነገር ግን እስክትበዛ፥ ምድርንም እስክትወርስ ድረስ ጥቂት በጥቂት አባርራቸዋለሁ።
9b2dcfcf-c386-5a80-a535-304dbe158c59,d12ca06d-4f2b-5539-a5ea-d372246e559f,becd422e-99fd-55cf-a0af-4a15f4f9a31b,12,31,ድንበርህንም ከኤርትራ ባሕር እስከ ፍልስጥኤም ባሕር፥ ከምድረ በዳም እስከ ታላቁ እስከ ኤፍራጥስ ወንዝ ድረስ አሰፋለሁ፤ በምድር የሚኖሩትን በእጅህ እጥላለሁና፤ ከአንተም አስወጣቸዋለሁ።
b888572f-494f-53e1-a7c1-f500605ab523,d12ca06d-4f2b-5539-a5ea-d372246e559f,becd422e-99fd-55cf-a0af-4a15f4f9a31b,13,32,ከእነርሱና ከአማልክቶቻቸው ጋር ቃል ኪዳን አታድርግ።
0ff220f2-5c3f-54db-afba-325ddba60d90,d12ca06d-4f2b-5539-a5ea-d372246e559f,becd422e-99fd-55cf-a0af-4a15f4f9a31b,14,33,እኔን እንድትበድል እንዳያደርጉህ በሀገርህ ላይ አይቀመጡ፤ አማልክቶቻቸውንም ብታመልክ ወጥመድ ይሆኑብሃልና።”
c3f6594d-af58-5d80-a60a-d9ca570591aa,d8223676-ed38-5762-a5ef-7c44c37c20ba,7365dd58-4edc-58bd-ae80-59a6b8d82a8c,1,1,እግዚአብሔርም ሙሴን አለው፥ “አንተ፥ አሮንም፥ ናዳብም፥ አብዩድም፥ ከእስራኤልም ሰባ ሽማግሌዎች ወደ እግዚአብሔር ውጡ፤ በሩቁም ለእግዚአብሔር ስገዱ፤
78bf6780-fcb2-5347-a69c-01e6dc70aa0e,d8223676-ed38-5762-a5ef-7c44c37c20ba,7365dd58-4edc-58bd-ae80-59a6b8d82a8c,2,2,ሙሴም ብቻውን ወደ እግዚአብሔር ይቅረብ፤ እነርሱ ግን አይቅረቡ፤ ሕዝቡም ከእነርሱ ጋር አይውጡ።”
d580e690-45e3-5ca0-a589-f94f24b194c5,d8223676-ed38-5762-a5ef-7c44c37c20ba,7365dd58-4edc-58bd-ae80-59a6b8d82a8c,3,3,ሙሴም ገባ፤ ለሕዝቡም የእግዚአብሔርን ቃሎች ሁሉ፥ ሥርዐቱንም ሁሉ ነገረ፤ ሕዝቡም ሁሉ በአንድ ድምፅ፥ “እግዚአብሔር የተናገራቸውን ቃሎች ሁሉ እንሰማለን፤ እናደርጋለንም” ብለው መለሱ።
bf30067b-67fc-5d01-a121-c21832bab06a,d8223676-ed38-5762-a5ef-7c44c37c20ba,7365dd58-4edc-58bd-ae80-59a6b8d82a8c,4,4,ሙሴም የእግዚአብሔርን ቃሎች ጻፈ፤ ማለዳም ተነሣ፤ ከተራራውም በታች መሠዊያን ሠራ፤ ዐሥራ ሁለትም ድንጋዮችን ለዐሥራ ሁለቱ የእስራኤል ነገድ አቆመ።
262607eb-6a3f-56ca-a886-33d7f461c82b,d8223676-ed38-5762-a5ef-7c44c37c20ba,7365dd58-4edc-58bd-ae80-59a6b8d82a8c,5,5,የእስራኤልንም ልጆች ጐልማሶች ላከ፤ የሚቃጠል መሥዋዕትንም አቀረቡ፤ ለእግዚአብሔርም ስለ ደኅንነት መሥዋዕት በሬዎችን ሠዉ።
ff65be38-b9de-5e97-a07d-ebebe83477f5,d8223676-ed38-5762-a5ef-7c44c37c20ba,7365dd58-4edc-58bd-ae80-59a6b8d82a8c,6,6,ሙሴም የደሙን እኵሌታ ወስዶ በቆሬ ውስጥ አደረገው፤ የደሙንም እኵሌታ በመሠዊያው ረጨው።
7b595a07-bfc0-5391-ad8a-a90e70d3978d,d8223676-ed38-5762-a5ef-7c44c37c20ba,7365dd58-4edc-58bd-ae80-59a6b8d82a8c,7,7,የቃል ኪዳኑንም መጽሐፍ ወስዶ ለሕዝቡ አነበበላቸው፤ እነርሱም፥ “እግዚአብሔር ያለውን ሁሉ እንሰማለን፤ እናደርጋለንም” አሉ።
37b8ffc1-8097-5383-a36a-4fe3bb4dc62d,d8223676-ed38-5762-a5ef-7c44c37c20ba,7365dd58-4edc-58bd-ae80-59a6b8d82a8c,8,8,ሙሴም ደሙን ወስዶ በሕዝቡ ላይ ረጨው፤ በዚህ ቃል ሁሉ “እግዚአብሔር ከእናንተ ጋር ያደረገው የቃል ኪዳኑ ደም እነሆ” አለ።
fed48acd-28c8-5296-a9fe-8ab9cc8f1fd2,d8223676-ed38-5762-a5ef-7c44c37c20ba,7365dd58-4edc-58bd-ae80-59a6b8d82a8c,9,9,ሙሴም፥ አሮንም፥ ናዳብም፥ አብዩድም፥ ከእስራኤልም ሰባ ሽማግሌዎች ወጡ፤
50403c71-a3a3-5b9f-ac11-eba949fd3705,d8223676-ed38-5762-a5ef-7c44c37c20ba,7365dd58-4edc-58bd-ae80-59a6b8d82a8c,10,10,የእስራኤል አምላክ እግዚአብሔርም የቆመበትን ቦታ አዩ፤ ከእግሩም በታች እንደ ሰማይ መልክ የሚያበራ፥ እንደ ብሩህ ሰንፔር ድንጋይ የሚመስል ወለል ነበረ።
88aeabeb-e9f1-5b8c-a8b4-f23394957436,d8223676-ed38-5762-a5ef-7c44c37c20ba,7365dd58-4edc-58bd-ae80-59a6b8d82a8c,11,11,የሚመስላቸው የሌለ የእስራኤል ምርጦችም በእግዚአብሔር ቦታ ታዩ፤ በሉም፤ ጠጡም።
3039d570-d25f-5c3f-aebc-f6a54db2b7fb,d8223676-ed38-5762-a5ef-7c44c37c20ba,0b75db4b-d27b-5789-ada6-5af2ec1d7dd9,1,12,እግዚአብሔርም ሙሴን፥ “ወደ እኔ ወደ ተራራው ውጣ፤ በዚያም ሁን፤ እኔ የጻፍሁትን ሕግና ትእዛዝ፥ የድንጋይም ጽላት እሰጥሃለሁ፤ ሕግንም ትሠራላቸዋለህ” አለው።
a1b69542-d979-5135-a7f7-4148ab63c9bb,d8223676-ed38-5762-a5ef-7c44c37c20ba,0b75db4b-d27b-5789-ada6-5af2ec1d7dd9,2,13,ሙሴም ከኢያሱ ጋር ተነሣ፤ ወደ እግዚአብሔር ተራራም ወጡ።
f60df669-e70a-575e-a301-06433cfd17db,d8223676-ed38-5762-a5ef-7c44c37c20ba,0b75db4b-d27b-5789-ada6-5af2ec1d7dd9,3,14,ሽማግሌዎችንም፥ “ወደ እናንተ እስክንመለስ ድረስ በዚህ ቈዩን፤ ግርግር አትበሉ፤ አሮንና ሆርም እነሆ፥ ከእናንተ ጋር ናቸው፤ ነገረተኛም ቢኖር ወደ እነርሱ ይሂድ” አላቸው።
7aef8ca8-91d5-56d2-af3c-29da7610020c,d8223676-ed38-5762-a5ef-7c44c37c20ba,0b75db4b-d27b-5789-ada6-5af2ec1d7dd9,4,15,ሙሴም ከኢያሱ ጋር ወደ ተራራ ወጣ፤ ደመናውም ተራራውን ሸፈነው።
25f343ab-4d1c-597a-a67c-9cd41e740f0a,d8223676-ed38-5762-a5ef-7c44c37c20ba,0b75db4b-d27b-5789-ada6-5af2ec1d7dd9,5,16,የእግዚአብሔርም ክብር በሲና ተራራ ላይ ወረደ፤ ደመናውም ስድስት ቀን ሸፈነው፤ በሰባተኛውም ቀን እግዚአብሔር ከደመናው ውስጥ ሙሴን ጠራው።
17737944-a39e-53dd-a078-b6cc9b31f707,d8223676-ed38-5762-a5ef-7c44c37c20ba,0b75db4b-d27b-5789-ada6-5af2ec1d7dd9,6,17,በተራራውም ራስ ላይ በእስራኤል ልጆች ፊት የእግዚአብሔር ክብር መታየት እንደሚያቃጥል እሳት ነበረ።
426063d1-ec87-556b-aac3-ea5b02a9b841,d8223676-ed38-5762-a5ef-7c44c37c20ba,0b75db4b-d27b-5789-ada6-5af2ec1d7dd9,7,18,ሙሴም ወደ ደመናው ውስጥ ገባ፤ ወደ ተራራውም ወጣ፤ ሙሴም በተራራው ላይ አርባ ቀን፥ አርባ ሌሊትም ቈየ።
fcf329a2-beb9-56ac-a88d-d949bbd00ee9,fbddbf56-b08d-5ef8-aa3c-737d1f1d61ee,92eca1d5-8453-5d53-a77c-f4b3dae08d8a,1,1,እግዚአብሔርም ሙሴን እንዲህ ሲል ተናገረው፦
10f82e47-a42a-5354-a9cc-eae0bbd5b3fd,fbddbf56-b08d-5ef8-aa3c-737d1f1d61ee,92eca1d5-8453-5d53-a77c-f4b3dae08d8a,2,2,“የእስራኤልን ልጆች በልባችሁ ያሰባችሁትን ከገንዘባችሁ መባ አምጡልኝ” በላቸው።
f6d23e85-c968-5ad6-a7fd-a126cb0eaf45,fbddbf56-b08d-5ef8-aa3c-737d1f1d61ee,92eca1d5-8453-5d53-a77c-f4b3dae08d8a,3,3,ከእነርሱም የምትቀበሉት መባ ይህ ነው፤ ወርቅ፥ ብር፥ ናስም፥
0eab1207-e7c6-5c07-a383-8b5609a5ef9b,fbddbf56-b08d-5ef8-aa3c-737d1f1d61ee,92eca1d5-8453-5d53-a77c-f4b3dae08d8a,4,4,ሰማያዊና ሐምራዊ፥ ቀይም ድርብ ግምጃ፥ ጥሩ በፍታም፥
7a771326-8344-5585-a8b6-30aab997c0ed,fbddbf56-b08d-5ef8-aa3c-737d1f1d61ee,92eca1d5-8453-5d53-a77c-f4b3dae08d8a,5,5,የፍየልም ጠጕር፥ ቀይ የተለፋ የአውራ በግ ቍርበት፥ ሰማያዊ ቀለም የገባ ቍርበት፥ የማይነቅዝ ዕንጨት፥
c780b946-06f9-5a4c-ad9a-58078286c857,fbddbf56-b08d-5ef8-aa3c-737d1f1d61ee,92eca1d5-8453-5d53-a77c-f4b3dae08d8a,6,6,የመብራትም ዘይት፥ ለቅብዐት ዘይትና ለጣፋጭ ዕጣን ቅመም፥
512bcd28-51c2-5fc2-aefa-87dcd4c2178f,fbddbf56-b08d-5ef8-aa3c-737d1f1d61ee,92eca1d5-8453-5d53-a77c-f4b3dae08d8a,7,7,መረግድም፥ ለልብሰ እንግድዓና ለደረት ኪስ የሚደረግ ፈርጥ።
575ff54e-274f-567c-a75e-8e42a436f51f,fbddbf56-b08d-5ef8-aa3c-737d1f1d61ee,92eca1d5-8453-5d53-a77c-f4b3dae08d8a,8,8,መቅደስ ትሠራልኛለህ፤ በመካከላቸውም አድራለሁ።
156eafc5-a0c2-582c-aa32-d56aa8d4b332,fbddbf56-b08d-5ef8-aa3c-737d1f1d61ee,92eca1d5-8453-5d53-a77c-f4b3dae08d8a,9,9,በተራራው እንዳሳየሁህ ሁሉ፥ እንደ ማደሪያው ምሳሌ፥ እንደ ዕቃውም ሁሉ ምሳሌ ለእኔ ትሠራለህ፤ እንዲሁ ትሠራለህ።
673bac80-0048-5e27-a2e6-b04be6470f08,fbddbf56-b08d-5ef8-aa3c-737d1f1d61ee,73050821-d5af-58ce-a946-1f19d5bb2709,1,10,“ከማይነቅዝ ዕንጨትም የምስክሩን ታቦት ሥራ፤ ርዝመቱ ሁለት ክንድ ተኩል፥ ወርዱም አንድ ክንድ ተኩል፥ ቁመቱም አንድ ክንድ ተኩል ይሁን።
45177c08-1e63-5c0b-ad92-0e26ec5e8f6e,fbddbf56-b08d-5ef8-aa3c-737d1f1d61ee,73050821-d5af-58ce-a946-1f19d5bb2709,2,11,በውስጥና በውጭም በጥሩ ወርቅ ለብጠው፤ በእርሱም ላይ በዙሪያው የወርቅ አክሊል አድርግለት።
49c38838-f3ab-5087-a78c-58bf95f438d1,fbddbf56-b08d-5ef8-aa3c-737d1f1d61ee,73050821-d5af-58ce-a946-1f19d5bb2709,3,12,አራት የወርቅ ቀለበቶችም አድርግለት፤ እነርሱንም በአራቱ እግሮቹ ላይ አኑር፤ በአንድ ወገን ሁለት ቀለበቶች፥ በሌላ ወገን ሁለት ቀለበቶች ይሁኑ።
9c6a20b8-ccf3-56f1-a979-625ae5def607,fbddbf56-b08d-5ef8-aa3c-737d1f1d61ee,73050821-d5af-58ce-a946-1f19d5bb2709,4,13,መሎጊያዎችንም ከማይነቅዝ ዕንጨት ሥራ፤ በወርቅም ለብጣቸው።
1531f163-e213-5c58-a3af-a09e31354038,fbddbf56-b08d-5ef8-aa3c-737d1f1d61ee,73050821-d5af-58ce-a946-1f19d5bb2709,5,14,ለታቦቱ መሸከሚያ በታቦቱ ጎን ባሉት አራት ቀለበቶች መሎጊያዎቹን አግባ።
85004bcb-d926-5be8-a2b3-16c7214cb4ea,fbddbf56-b08d-5ef8-aa3c-737d1f1d61ee,73050821-d5af-58ce-a946-1f19d5bb2709,6,15,መሎጊያዎቹም በታቦቱ ቀለበቶች ውስጥ ተዋድደው ይኑሩ፤ ከቶም አይውጡ።
65cd6ece-b5c4-561c-a2e5-7886e7a70190,fbddbf56-b08d-5ef8-aa3c-737d1f1d61ee,73050821-d5af-58ce-a946-1f19d5bb2709,7,16,በታቦቱም ውስጥ እኔ የምሰጥህን ምስክር ታስቀምጣለህ።
2e472003-5c8e-539f-ac58-2803cd7f3a1a,fbddbf56-b08d-5ef8-aa3c-737d1f1d61ee,73050821-d5af-58ce-a946-1f19d5bb2709,8,17,ከጥሩ ወርቅም ርዝመቱ ሁለት ክንድ ተኩል፥ ወርዱም አንድ ክንድ ተኩል የሆነ የስርየት መክደኛ ሥራ።
c48dd101-9644-589c-a114-2fbb34d1a504,fbddbf56-b08d-5ef8-aa3c-737d1f1d61ee,73050821-d5af-58ce-a946-1f19d5bb2709,9,18,ሁለት ኪሩቤል ከተቀጠቀጠ ወርቅ ሥራ፤ በስርየት መክደኛውም ላይ በሁለት ወገን ታደርጋቸዋለህ።
572d8641-ee5e-5d86-a34e-6fd3f455fdd4,fbddbf56-b08d-5ef8-aa3c-737d1f1d61ee,73050821-d5af-58ce-a946-1f19d5bb2709,10,19,ከስርየት መክደኛውም ጋር አንዱን ኪሩብ በአንድ ወገን፥ ሁለተኛውንም ኪሩብ በሌላው ወገን አድርገህ በአንድ ላይ ትሠራዋለህ፤ ሁለቱንም ኪሩቤል እንዲሁ በሁለት ወገን ታደርጋቸዋለህ።
1d89ed0f-89d4-5bda-a094-a3b1781b908b,fbddbf56-b08d-5ef8-aa3c-737d1f1d61ee,73050821-d5af-58ce-a946-1f19d5bb2709,11,20,ኪሩቤልም ክንፎቻቸውን ወደ ላይ ይዘረጋሉ፤ የስርየት መክደኛውንም በክንፎቻቸው ይሸፍናሉ፤ ፊታቸውም እርስ በርሱ ይተያያል፤ የኪሩቤልም ፊቶቻቸው ወደ ስርየት መክደኛው ይሁን።
3f44d7a9-ba48-51f7-a669-db7793840c29,fbddbf56-b08d-5ef8-aa3c-737d1f1d61ee,73050821-d5af-58ce-a946-1f19d5bb2709,12,21,የስርየት መክደኛውንም በታቦቱ ላይ ታደርገዋለህ፤ እኔም የምሰጥህን ምስክር በታቦቱ ውስጥ ታኖረዋለህ።
026f6c56-0eb2-55b4-a2e4-fcc231b8abca,fbddbf56-b08d-5ef8-aa3c-737d1f1d61ee,73050821-d5af-58ce-a946-1f19d5bb2709,13,22,በዚያም እገለጥልሃለሁ፤ ለእስራኤል ልጆች የማዝዝህን ሁሉ፥ በምስክሩ ታቦት ላይ ባለው በሁለት ኪሩቤል መካከል፥ በስርየት መክደኛውም ላይ ሆኜ እነጋገርሃለሁ።
e6771205-afc4-573a-a3a7-cfd203bdfe6d,fbddbf56-b08d-5ef8-aa3c-737d1f1d61ee,12bbd931-c9b3-5126-a9c5-cf816c0f032b,1,23,“ርዝመቱም ሁለት ክንድ፥ ወርዱም አንድ ክንድ፥ ቁመቱም አንድ ክንድ ተኩል የሆነ ገበታ ከማይነቅዝ ዕንጨት ሥራ።
dac9e35a-88a0-53ba-a92e-ee5d0e81771a,fbddbf56-b08d-5ef8-aa3c-737d1f1d61ee,12bbd931-c9b3-5126-a9c5-cf816c0f032b,2,24,በጥሩም ወርቅ ትለብጠዋለህ፤ በዙሪያውም የወርቅ አክሊል አድርግለት፤
97218c5a-223d-5ebf-a1c2-44bccf4f037c,fbddbf56-b08d-5ef8-aa3c-737d1f1d61ee,12bbd931-c9b3-5126-a9c5-cf816c0f032b,3,25,በዙሪያውም አንድ ጋት የሚያህል ክፈፍ አድርግለት፤ የወርቅም አክሊል በክፈፉ ዙሪያ አድርግለት።
4c5ec0fc-9216-5403-a443-65d76bd1ed3d,fbddbf56-b08d-5ef8-aa3c-737d1f1d61ee,12bbd931-c9b3-5126-a9c5-cf816c0f032b,4,26,አራትም የወርቅ ቀለበቶች አድርግለት፤ ቀለበቶቹንም አራት እግሮቹ ባሉበት በአራቱ ማዕዘኖች አድርግ።
3e1fd083-caf4-5cda-a030-1e2e792b2326,fbddbf56-b08d-5ef8-aa3c-737d1f1d61ee,12bbd931-c9b3-5126-a9c5-cf816c0f032b,5,27,ቀለበቶቹም ገበታውን ለመሸከም መሎጊያዎቹ እንዲሰኩባቸው በክፈፉ አቅራቢያ ይሁኑ።
f407fa5f-1284-5846-a474-515b0add2502,fbddbf56-b08d-5ef8-aa3c-737d1f1d61ee,12bbd931-c9b3-5126-a9c5-cf816c0f032b,6,28,መሎጊያዎቹንም ከማይነቅዝ ዕንጨት ሥራ፤ በንጹሕ ወርቅም ለብጣቸው፤ ገበታውም በእነርሱ ይነሣ።
7e2a821b-edfe-5433-a673-06a5bcedde35,fbddbf56-b08d-5ef8-aa3c-737d1f1d61ee,12bbd931-c9b3-5126-a9c5-cf816c0f032b,7,29,ለማፍሰሻም ይሆኑ ዘንድ ወጭቶችዋን፥ ጭልፋዎችዋንም፥ መቅጃዎችዋንም፥ ጽዋዎችዋንም አድርግ፤ እነርሱንም ከጥሩ ወርቅ አድርጋቸው።
e1b35b11-a302-5c28-a6d4-348d353e9493,fbddbf56-b08d-5ef8-aa3c-737d1f1d61ee,12bbd931-c9b3-5126-a9c5-cf816c0f032b,8,30,በገበታም ላይ ኅብስተ ገጹን ሁልጊዜ በፊቴ ታደርጋለህ።
4ffc4f64-3f40-51a6-a8bc-279591b560b8,fbddbf56-b08d-5ef8-aa3c-737d1f1d61ee,932c6bda-917d-5209-aadf-3e34e5039f97,1,31,“መቅረዝንም ከጥሩ ወርቅ አድርግ፤ የመቅረዙም እግሩና ቅርንጫፎቹ የተቀጠቀጠ ሥራ ይሁን፤ ጽዋዎቹም፥ ጕብጕቦቹም፥ አበቦቹም አንድነት በእርሱ ይደረጉበት።
08e235a5-12cb-56c7-a728-598f4cb1e6b1,fbddbf56-b08d-5ef8-aa3c-737d1f1d61ee,932c6bda-917d-5209-aadf-3e34e5039f97,2,32,በስተጐኑ ስድስት ቅርንጫፎች ይውጡለት፤ ሦስት የመቅረዙ ቅርንጫፎች በአንድ ወገን፥ ሦስትም የመቅረዙ ቅርንጫፎች በሌላ ወገን ይውጡ።
10595345-bd43-5dee-ad1d-9d14c05d394c,fbddbf56-b08d-5ef8-aa3c-737d1f1d61ee,932c6bda-917d-5209-aadf-3e34e5039f97,3,33,በአንደኛውም ቅርንጫፍ ጕብጕብና አበባ፥ ሦስትም የለውዝ አበባ የሚመስሉትን ጽዋዎች፤ በሁለተኛውም ቅርንጫፍ ጕብጕብና አበባ፥ ሦስትም የለውዝ አበባ የሚመስሉትን ጽዋዎች፤ እንዲሁም ከመቅረዙ ለሚወጡ ለስድስት ቅርንጫፎች አድርግ።
bb25057b-c8f6-59b8-aec4-8dfc3b28790d,fbddbf56-b08d-5ef8-aa3c-737d1f1d61ee,932c6bda-917d-5209-aadf-3e34e5039f97,4,34,በመቅረዙም ጕብጕቦቹንና አበቦቹን፥ አራትም የለውዝ አበባ የሚመስሉትን ጽዋዎች ከእርሱ አድርግ።
c7bcca7e-641f-5c4c-abb8-273f11e406d4,fbddbf56-b08d-5ef8-aa3c-737d1f1d61ee,932c6bda-917d-5209-aadf-3e34e5039f97,5,35,ከመቅረዙ ለሚወጡ ለስድስቱ ቅርንጫፎች ከሁለት ቅርንጫፎች በታች አንድ ሆኖ የተሠራ አንድ ጕብጕብ፥ ከሁለቱም ቅርንጫፎች በታች አንድ ሆኖ የተሠራ አንድ ጕብጕብ፥ ደግሞ ከሁለት ቅርንጫፎች በታች አንድ ሆኖ የተሠራ አንድ ጕብጕብ ይሁን።
74373243-1625-5fb7-a1d1-4cfba756b7a3,fbddbf56-b08d-5ef8-aa3c-737d1f1d61ee,932c6bda-917d-5209-aadf-3e34e5039f97,6,36,ጕብጕቦቹና ቅርንጫፎቹ ሁሉ ከእርሱ ጋር አንድ ይሁኑ፤ ሁሉም አንድ ሆኖ ከተቀጠቀጠ ከጥሩ ወርቅ ይደረግ።
405896ff-fc56-597e-aaaf-0fe8b04e8f2e,fbddbf56-b08d-5ef8-aa3c-737d1f1d61ee,932c6bda-917d-5209-aadf-3e34e5039f97,7,37,ሰባቱንም መብራቶች ሥራ፤ በፊቱ ያበሩ ዘንድ መብራቶቹን ያቀጣጥሉአቸዋል።
e5c0fb0e-0434-5d32-ad3e-7fc5a5b323c6,fbddbf56-b08d-5ef8-aa3c-737d1f1d61ee,932c6bda-917d-5209-aadf-3e34e5039f97,8,38,መኰስተሪያዎችዋን፥ የኵስታሪ ማድረጊያዎችዋንም ከጥሩ ወርቅ አድርግ።
23b851f4-e08f-575d-abf0-e5b135de85a7,fbddbf56-b08d-5ef8-aa3c-737d1f1d61ee,932c6bda-917d-5209-aadf-3e34e5039f97,9,39,መቅረዙም፥ ዕቃውም ሁሉ ከአንድ መክሊት ጥሩ ወርቅ ይሠሩ።
c840dae1-378e-5051-a131-152013745de6,fbddbf56-b08d-5ef8-aa3c-737d1f1d61ee,932c6bda-917d-5209-aadf-3e34e5039f97,10,40,በተራራ ላይ እንዳሳየሁህ ምሳሌ እንድትሠራ ተጠንቀቅ።
01fceff0-2fb8-5df3-a24a-4c2a69ebb422,b34d02c4-2e12-5ceb-aad1-03aeadcb977f,5c8bc9ce-4ef2-5c71-a52b-3871f3548254,1,1,“ለድንኳኑም ከተፈተለ ከጥሩ በፍታ፥ ከሰማያዊ፥ ከሐምራዊም፥ ከቀይም ግምጃ ዐሥር መጋረጆችን ሥራ፤ ኪሩቤልም በእነርሱ ላይ ይሁኑ፤ እንደ ሽመና ሥራም በብልሃት ትሠራቸዋለህ።
8cdf3210-cb22-5ae9-aa9b-779d28086b27,b34d02c4-2e12-5ceb-aad1-03aeadcb977f,5c8bc9ce-4ef2-5c71-a52b-3871f3548254,2,2,የእያንዳንዱ መጋረጃ ርዝመት ሃያ ስምንት ክንድ፥ ወርዱም አራት ክንድ ይሁን፤ የመጋረጆችም ሁሉ መጠን ትክክል ይሁን።
13492d30-a508-5ef9-ab51-9238f1600b6c,b34d02c4-2e12-5ceb-aad1-03aeadcb977f,5c8bc9ce-4ef2-5c71-a52b-3871f3548254,3,3,አምስቱ መጋረጃዎች እርስ በርሳቸው የተጋጠሙ ይሁኑ፤ ሌሎችም አምስት መጋረጃዎች እንዲሁ እርስ በርሳቸው የተጋጠሙ ይሁኑ።።
db49f72f-52a2-5272-a4db-061963e64f98,b34d02c4-2e12-5ceb-aad1-03aeadcb977f,5c8bc9ce-4ef2-5c71-a52b-3871f3548254,4,4,ከሚጋጠሙት መጋረጆች በአንደኛው መጋረጃ ዘርፍ ላይ የሰማያዊውን ግምጃ ቀለበቶች አድርግ፤ ደግሞ ከተጋጠሙት ከሌሎች በአንደኛው መጋረጃ ዘርፍ ላይ በውጭ በኩል እንዲሁ አድርግ።
e66c1816-cd7d-5537-a9c9-9ed2b4172962,b34d02c4-2e12-5ceb-aad1-03aeadcb977f,5c8bc9ce-4ef2-5c71-a52b-3871f3548254,5,5,አምሳ ቀለበቶችን በአንድ መጋረጃ አድርግ፤ አምሳውንም ቀለበቶች በሁለተኛው መጋረጃ ዘርፍ አድርግ፤ ቀለበቶቹ ሁሉ እርስ በርሳቸው ፊት ለፊት ይሆናሉ።
197bc876-b3cb-5e1a-a0b3-cd1cf881b46c,b34d02c4-2e12-5ceb-aad1-03aeadcb977f,5c8bc9ce-4ef2-5c71-a52b-3871f3548254,6,6,አምሳ የወርቅ መያዣዎች ሥራ፤ መጋረጃዎችን እርስ በርሳቸው በመያዣዎች አጋጥማቸው፤ ድንኳኑም አንድ ይሆናል።
8f81f168-c052-550a-a393-a428af1f2a44,b34d02c4-2e12-5ceb-aad1-03aeadcb977f,5c8bc9ce-4ef2-5c71-a52b-3871f3548254,7,7,“ከማደሪያውም በላይ ለድንኳን የሚሆኑ መጋረጃዎች ከፍየል ጠጕር አድርግ፤ ዐሥራ አንድ መጋረጃዎች ታደርጋለህ።
eb1c1455-2bce-5862-a6a7-40ac03080379,b34d02c4-2e12-5ceb-aad1-03aeadcb977f,5c8bc9ce-4ef2-5c71-a52b-3871f3548254,8,8,እያንዳንዱም መጋረጃ ርዝመቱ ሠላሳ ክንድ፥ እያንዳንዱም መጋረጃ ወርዱ አራት ክንድ ይሁን፤ የዐሥራ አንዱም መጋረጃዎች መጠናቸው ትክክል ይሁን።
c519aa6b-f8bd-5f70-ae24-286f9e6d3530,b34d02c4-2e12-5ceb-aad1-03aeadcb977f,5c8bc9ce-4ef2-5c71-a52b-3871f3548254,9,9,አምስቱ መጋረጃዎች እርስ በርሳቸው አንድ ሆነው ይጋጠሙ፤ ስድስቱም መጋረጃዎች እርስ በርሳቸው አንድ ሆነው ይጋጠሙ፤ ስድስተኛውም መጋረጃ በድንኳኑ ፊት ይደረብ።
7c9a1429-43f9-575f-a7fb-e47b76e7c588,b34d02c4-2e12-5ceb-aad1-03aeadcb977f,5c8bc9ce-4ef2-5c71-a52b-3871f3548254,10,10,በውጭ ከተጋጠሙት መጋረጃዎች በአንደኛው መጋረጃ ዘርፍ ላይ አምሳ ቀለበቶች አድርግ፤ ደግሞ ከተጋጠሙት ከሌሎቹ በአንደኛው መጋረጃ ዘርፍ ላይ እንዲሁ አምሳ ቀለበቶች አድርግ።
e1bab485-d854-5fec-af75-ddaf3fe12db2,b34d02c4-2e12-5ceb-aad1-03aeadcb977f,5c8bc9ce-4ef2-5c71-a52b-3871f3548254,11,11,አምሳም የናስ መያዣዎችን ሥራ፤ መያዣዎችንም ወደ ቀለበቶች አግባቸው፤ መጋረጃዎችንም አጋጥማቸው፤ አንድም ይሆናሉ።
7fe98f96-4ffc-57f2-a12a-215ecb1f4e76,b34d02c4-2e12-5ceb-aad1-03aeadcb977f,5c8bc9ce-4ef2-5c71-a52b-3871f3548254,12,12,ከድንኳኑ መጋረጃዎች የቀረ ትርፍ ግማሽ መጋረጃ በድንኳኑ ጀርባ ይጋረድ።
096ca610-8f4f-5458-a342-8c5360ae1f86,b34d02c4-2e12-5ceb-aad1-03aeadcb977f,5c8bc9ce-4ef2-5c71-a52b-3871f3548254,13,13,ድንኳኑን እንዲሸፍን ከርዝመቱ በአንድ ወገን አንድ ክንድ፤ በአንድ ወገንም አንድ ክንድ ከድንኳኑ መጋረጆች የቀረው ትርፍ በድንኳኑ ውጭ በወዲህና በወዲያ ይጋረድ።
af3076ce-2bcd-5d89-a3d2-575a5414ab1f,b34d02c4-2e12-5ceb-aad1-03aeadcb977f,5c8bc9ce-4ef2-5c71-a52b-3871f3548254,14,14,ለድንኳኑም መደረቢያ ከቀይ አውራ በግ ቍርበት፥ ከዚያም በላይ ሌላ መደረቢያ ከአቆስጣ ቍርበት አድርግ።
4187dd33-b19a-5ad8-aaef-197077e8c72a,b34d02c4-2e12-5ceb-aad1-03aeadcb977f,5c8bc9ce-4ef2-5c71-a52b-3871f3548254,15,15,“ለድንኳኑም ሳንቆችን ከማይነቅዝ ዕንጨት አድርግ።
214a8465-a38f-58c6-a5df-49c8eaf5723a,b34d02c4-2e12-5ceb-aad1-03aeadcb977f,5c8bc9ce-4ef2-5c71-a52b-3871f3548254,16,16,የእያንዳንዱም ሳንቃ ርዝመቱ ዐሥር ክንድ፥ ወርዱም አንድ ክንድ ተኩል ይሁን።
b0e9883f-0437-5959-af99-e8dba1860e03,b34d02c4-2e12-5ceb-aad1-03aeadcb977f,5c8bc9ce-4ef2-5c71-a52b-3871f3548254,17,17,ለእያንዳንዱም ሳንቃ አንዱን በአንዱ ላይ የሚያያይዙ ሁለት ማጋጠሚያዎች ይሁኑለት፤ ለድንኳኑ ሳንቆች ሁሉ እንዲሁ አድርግ።
32ecb7d7-4ced-503a-af66-d9efd2fc95f9,b34d02c4-2e12-5ceb-aad1-03aeadcb977f,5c8bc9ce-4ef2-5c71-a52b-3871f3548254,18,18,ለድንኳኑም በደቡብ በኩል ሃያ ሳንቆችን አድርግ።
6eaf6386-a890-50d9-acec-614afbae2f4d,b34d02c4-2e12-5ceb-aad1-03aeadcb977f,5c8bc9ce-4ef2-5c71-a52b-3871f3548254,19,19,ከሃያውም ሳንቆች በታች አርባ የብር እግሮችን አድርግ፤ ከእያንዳንዱ ሳንቃ በታች ለሁለት ማጋጠሚያዎች ሁለት እግሮች ይሁኑ። ከሌላውም ሳንቃ በታች ለሁለት ማጋጠሚያዎች ሁለት እግሮች ይሁኑ።
0457bb9b-89f5-50a8-a8ad-26ed39f5bae3,b34d02c4-2e12-5ceb-aad1-03aeadcb977f,5c8bc9ce-4ef2-5c71-a52b-3871f3548254,20,20,ለድንኳኑ ለሁለተኛው ወገን በሰሜን በኩል ሃያ ሳንቆች፥
b794ae87-a6a0-5c69-a754-8ac1eef2c436,b34d02c4-2e12-5ceb-aad1-03aeadcb977f,5c8bc9ce-4ef2-5c71-a52b-3871f3548254,21,21,ለእነርሱም አርባ የብር እግሮች ይሁኑ፤ ከእያንዳንዱም ሳንቃ በታች ሁለት እግሮች ይሁኑ።
b7019bd9-b9e1-59eb-afba-ccb5b2dc0466,b34d02c4-2e12-5ceb-aad1-03aeadcb977f,5c8bc9ce-4ef2-5c71-a52b-3871f3548254,22,22,ለድንኳኑም በምዕራቡ በኩል በስተኋላ ስድስት ሳንቆች አድርግ።
817ea6ca-4cc4-52b5-af63-ceeaa54aa52e,b34d02c4-2e12-5ceb-aad1-03aeadcb977f,5c8bc9ce-4ef2-5c71-a52b-3871f3548254,23,23,ለድንኳኑም ለሁለቱ ማዕዘን በስተኋላ ሁለት ሳንቆች አድርግ።
67be40c3-eff8-5b7b-aeed-bc281d1c2aa9,b34d02c4-2e12-5ceb-aad1-03aeadcb977f,5c8bc9ce-4ef2-5c71-a52b-3871f3548254,24,24,ከታችም እኩል ይሁኑ፤ ከላይ እስከ አንደኛው መጋጠሚያ ድረስ እንደ አንደኛ ክፍል እኩል ይሁኑ፤ እንዲሁም ለሁለቱ ማዕዘን አድርግ፤ እኩልም ይሁኑ።
c74942e1-056e-50e6-a696-2497306ea439,b34d02c4-2e12-5ceb-aad1-03aeadcb977f,5c8bc9ce-4ef2-5c71-a52b-3871f3548254,25,25,ስምንት ሳንቆችና ዐሥራ ስድስት የብር እግሮቻቸው ይሁኑ፤ ከእያንዳንዱም ሳንቃ በታች በሁለቱም መጋጠሚያዎች ሁለት ሁለት እግሮች ይሆናሉ።
953a2048-faa8-5572-ade3-9ca6b961f078,b34d02c4-2e12-5ceb-aad1-03aeadcb977f,5c8bc9ce-4ef2-5c71-a52b-3871f3548254,26,26,“ከማይነቅዝ ዕንጨት መወርወሪያዎችን ሥራ፤ በድንኳኑ በአንደኛው ገጽ ላሉ ሳንቆች አምስት መወርወሪያዎችን፥
67bac246-8f04-5bab-af8c-225aaf31bcd0,b34d02c4-2e12-5ceb-aad1-03aeadcb977f,5c8bc9ce-4ef2-5c71-a52b-3871f3548254,27,27,በድንኳኑ በሁለተኛ ወገን ላሉት ሳንቆች አምስት መወርወሪያዎችን፥ በድንኳኑም በስተኋላ በምዕራብ በኩል ላሉት ሳንቆች አምስት መወርወሪያዎችን አድርግ።
13001a98-28f7-54a8-a4cf-c39040aa1e55,b34d02c4-2e12-5ceb-aad1-03aeadcb977f,5c8bc9ce-4ef2-5c71-a52b-3871f3548254,28,28,መካከለኛውም መወርወሪያ በሳንቆቹ መካከል ከዳር እስከ ዳር ይለፍ።
c85bb621-a82c-5b91-acec-016b0bdc3b6a,b34d02c4-2e12-5ceb-aad1-03aeadcb977f,5c8bc9ce-4ef2-5c71-a52b-3871f3548254,29,29,ሳንቆቹን በወርቅ ለብጣቸው፤ ቀለበቶቻቸውንም የመወርወሪያ ቤት እንዲሆኑላቸው ከወርቅ ሥራቸው፤ መወርወሪያዎችንም በወርቅ ለብጣቸው።
a5f1a6d7-0915-5d98-a11d-9804c0e50f77,b34d02c4-2e12-5ceb-aad1-03aeadcb977f,5c8bc9ce-4ef2-5c71-a52b-3871f3548254,30,30,ድንኳኑንም በተራራው ላይ በአሳየሁህ ምሳሌ ሥራ።
3f32fe32-6df1-5e36-aef7-bcaf264829d9,b34d02c4-2e12-5ceb-aad1-03aeadcb977f,5c8bc9ce-4ef2-5c71-a52b-3871f3548254,31,31,“መጋረጃውንም ከሰማያዊ፥ ከሐምራዊም፥ ከቀይም ግምጃ ከተፈተለ ከጥሩ በፍታም አድርግ፤ በሽመና ሥራም ኪሩቤልን ሥራ።
2c3f9536-a147-5e0c-ab5b-b769e145bd24,b34d02c4-2e12-5ceb-aad1-03aeadcb977f,5c8bc9ce-4ef2-5c71-a52b-3871f3548254,32,32,በወርቅ በተለበጡት፥ ከማይነቅዝ ዕንጨትም በተሠሩት በአራቱ ምሰሶዎች ላይ ስቀለው፤ ኩላቦቻቸውም ከወርቅ፥ አራቱም እግሮቻቸው ከብር የተሠሩ ይሁኑ።
ca513b11-a6b8-52d1-a498-4ba1bbaedfe8,b34d02c4-2e12-5ceb-aad1-03aeadcb977f,5c8bc9ce-4ef2-5c71-a52b-3871f3548254,33,33,መጋረጃውንም በምሰሶዎች ላይ ስቀለው፤ በመጋረጃውም ውስጥ የምስክሩን ታቦት አግባው፤ መጋረጃውም በቅድስቱና በቅድስተ ቅዱሳኑ መካከል መለያ ይሁናችሁ።
7f54e938-4912-5ae5-a360-44eeea00d356,b34d02c4-2e12-5ceb-aad1-03aeadcb977f,5c8bc9ce-4ef2-5c71-a52b-3871f3548254,34,34,መጋረጃውም የምስክሩን ታቦት በቅድስተ ቅዱሳኑ ውስጥ ይጋርድ።
ec2f1617-bcba-5b52-ad86-b8a2bd5e56a9,b34d02c4-2e12-5ceb-aad1-03aeadcb977f,5c8bc9ce-4ef2-5c71-a52b-3871f3548254,35,35,ገበታውንም በመጋረጃው ውጭ፥ መቅረዙንም በገበታው ፊት ለፊት በድንኳኑ በደቡብ ወገን አድርግ፤ ገበታውንም በድንኳኑ በሰሜን ወገን አድርገው።
4daf3628-3132-5f86-a0c5-9078519ad9c9,b34d02c4-2e12-5ceb-aad1-03aeadcb977f,5c8bc9ce-4ef2-5c71-a52b-3871f3548254,36,36,ለድንኳኑ ደጃፍም ከሰማያዊ፥ ከሐምራዊም፥ ከቀይ ግምጃም ከተፈተለ ከጥሩ በፍምታም በጥልፍ አሠራር የተሠራ መጋረጃ አድርግለት።
7a3ff7d9-27d0-5d52-a326-0dc709237cc6,b34d02c4-2e12-5ceb-aad1-03aeadcb977f,5c8bc9ce-4ef2-5c71-a52b-3871f3548254,37,37,ለመጋረጃውም አምስት ምሰሶዎች ከማይነቅዝ ዕንጨት አድርግ፤ በወርቅም ለብጣቸው፤ ኩላቦቻቸውም ከወርቅ የተሠሩ ይሁኑ፤ አምስትም የናስ እግሮች አድርግላቸው።
89c38ab9-5706-564f-a623-015debef54ca,55d325b2-7063-522b-a8a5-ae483488597b,1d1ebb73-25b4-577e-a75a-be78b14c41f8,1,1,“ርዝመቱ አምስት ክንድ፥ ወርዱም አምስት ክንድ መሠዊያን ከማይነቅዝ ዕንጨት አድርግ፤ አራት ማዕዘንም ይሁን፤ ከፍታውም ሦስት ክንድ ይሁን።
6cd2ce08-2d95-5cbc-a3f0-168a4b695107,55d325b2-7063-522b-a8a5-ae483488597b,1d1ebb73-25b4-577e-a75a-be78b14c41f8,2,2,በአራቱም ማዕዘን ቀንዶችን ታደርጋለህ፤ ቀንዶቹ ሥረ-ወጥ ይሁኑ፤ በናስም ለብጣቸው።
55a29e9c-4515-58dd-a34a-722e340b094c,55d325b2-7063-522b-a8a5-ae483488597b,1d1ebb73-25b4-577e-a75a-be78b14c41f8,3,3,ለመሠዊያው ክዳን ሥራለት፤ መሸፈኛውን፥ ጽዋዎቹን፥ የሥጋ ሜንጦዎቹን፥ የእሳት መጫሪያዎቹንም አድርግ። ዕቃውንም ሁሉ ከናስ አድርግ።
70a44408-f3c2-521a-ae95-f519eab9d247,55d325b2-7063-522b-a8a5-ae483488597b,1d1ebb73-25b4-577e-a75a-be78b14c41f8,4,4,ለመሠዊያውም እንደ መረብ ሆኖ የተሠራ የናስ መከታ አድርግለት፤ ለመከታውም አራት የናስ ቀለበት በአራት ማዕዘኑ አድርግለት።
9453e849-828d-560c-aed6-90c16ddfa256,55d325b2-7063-522b-a8a5-ae483488597b,1d1ebb73-25b4-577e-a75a-be78b14c41f8,5,5,መከታውም እስከ መሠዊያው እኩሌታ ይደርስ ዘንድ ከመሠዊያው እርከን በታች አኑረው።
6ac35d64-089c-5ae4-aca9-4f514913d3e8,55d325b2-7063-522b-a8a5-ae483488597b,1d1ebb73-25b4-577e-a75a-be78b14c41f8,6,6,ለመሠዊያውም ከማይነቅዝ ዕንጨት መሎጊያዎችን ሠርተህ በናስ ለብጣቸው፤ መሎጊያዎቹም በቀለበቶች ውስጥ ይግቡ፤
1a1d23a8-e94e-567c-a40d-b3ed4aadafdd,55d325b2-7063-522b-a8a5-ae483488597b,1d1ebb73-25b4-577e-a75a-be78b14c41f8,7,7,መሠዊያውንም ስትሸከሙ መሎጊያዎቹ በመሠዊያው በሁለት ወገን ይሁኑ።
3e8ea4a3-c119-5285-a375-4962a052d1c2,55d325b2-7063-522b-a8a5-ae483488597b,1d1ebb73-25b4-577e-a75a-be78b14c41f8,8,8,ሰሌዳውም ፍልፍል ይሁን፤ በተራራው እንዳሳየሁህ ምሳሌ እንዲሁ አድርግ።
0797d8ef-988e-5622-aaa3-4bb5fd49b0d0,55d325b2-7063-522b-a8a5-ae483488597b,9e13a25b-fb0b-50bb-aa45-1ef3d2cdedac,1,9,“ለድንኳኑም አደባባይ ሥራ፤ ከጥሩ በፍታ የተሠሩ የአደባባዩ መጋረጃዎችም በደቡብ በኩል ይሁኑ። የአንዱም ወገን ርዝመት መቶ ክንድ ይሁን፤
a7794eb6-c1fc-5a07-a4e8-f93579172cf3,55d325b2-7063-522b-a8a5-ae483488597b,9e13a25b-fb0b-50bb-aa45-1ef3d2cdedac,2,10,ከናስ የተሠሩ ሃያ ምሰሶዎችና ሃያ እግሮች ይሁኑለት፤ የምሰሶዎቹም ኩላቦችና ዘንጎች የብር ይሁኑ።
974d7dab-d176-59e0-ae0d-a57b02535adc,55d325b2-7063-522b-a8a5-ae483488597b,9e13a25b-fb0b-50bb-aa45-1ef3d2cdedac,3,11,እንዲሁም በሰሜን ወገን መቶ ክንድ ርዝመት ያላቸው መጋረጃዎች፥ ከናስ የተሠሩ ሃያ ምሰሶዎች፥ ሃያም እግሮች ይሁኑ፤ ለምሰሶዎችም በብር የተለበጡ ኩላቦችና ዘንጎች ይሁኑ።
75f5fca9-0d3b-5541-ad1e-85cb3cded9da,55d325b2-7063-522b-a8a5-ae483488597b,9e13a25b-fb0b-50bb-aa45-1ef3d2cdedac,4,12,በምዕራብም ወገን ለአደባባዩ ስፋት አምሳ ክንድ ርዝመት ያላቸው መጋረጃዎች፥ ዐሥርም ምሰሶዎች፥ ዐሥርም እግሮች ይሁኑለት።
153ef03a-7d46-57b2-a69a-db0d52578e7d,55d325b2-7063-522b-a8a5-ae483488597b,9e13a25b-fb0b-50bb-aa45-1ef3d2cdedac,5,13,በምሥራቅም ወገን የአደባባዩ ስፋት አምሳ ክንድ ይሁን፤ ምሰሶዎችም ዐሥር፥ እግሮቹም ዐሥር ይሁኑ።
36b96dad-662a-5cb1-ae52-69c8472fe46e,55d325b2-7063-522b-a8a5-ae483488597b,9e13a25b-fb0b-50bb-aa45-1ef3d2cdedac,6,14,በአንድ ወገን የመጋረጃዎቹ ርዝመት ዐሥራ አምስት ክንድ ይሁን፤ ምሰሶዎቹም ሦስት፥ እግሮቹም ሦስት ይሁኑ።
4527e4d9-014b-5cbc-a10f-a232f7a80333,55d325b2-7063-522b-a8a5-ae483488597b,9e13a25b-fb0b-50bb-aa45-1ef3d2cdedac,7,15,በሌላውም ወገን የመጋረጃዎቹ ርዝመት ዐሥራ አምስት ክንድ ይሆናል፤ ምሰሶዎቹም ሦስት፥ እግሮቹም ሦስት ይሁኑ።
3a8fc3c4-d227-5840-a6ec-5cf1d7743b54,55d325b2-7063-522b-a8a5-ae483488597b,9e13a25b-fb0b-50bb-aa45-1ef3d2cdedac,8,16,ለአደባባዩ ደጅም ከሰማያዊ፥ ከሐምራዊም ከቀይም ግምጃ ከጥሩ በፍታም በጥልፍ አሠራር የተሠራ ሃያ ክንድ መጋረጃ ይሆናል፤ ምሰሶዎቹም አራት፥ እግሮቹም አራት ይሁኑ።
0d492266-0ff6-52ae-a222-5b719e96ce18,55d325b2-7063-522b-a8a5-ae483488597b,9e13a25b-fb0b-50bb-aa45-1ef3d2cdedac,9,17,በዙሪያውም ያሉ የአደባባዩ ምሰሶዎች ሁሉ በብር የተለበጡ ይሁኑ፤ የብርም ክባሶች፥ የናስም እግሮች ይሁኑላቸው።
6f6fb390-0d19-5809-a3e8-7f11c2885eab,55d325b2-7063-522b-a8a5-ae483488597b,9e13a25b-fb0b-50bb-aa45-1ef3d2cdedac,10,18,የአደባባዩ ርዝመት በየገጹ መቶ ክንድ፥ ስፋቱም በየገጹ አምሳ ክንድ ይሁን፤ የመጋረጃውም ከፍታ አምስት ክንድ ይሁን፤ መጋረጃውም ከጥሩ በፍታ፥ እግሮቹም ከናስ የተሠሩ ይሁኑ።
b9a48d06-d3dd-567d-ae44-17dc2ffd69bd,55d325b2-7063-522b-a8a5-ae483488597b,9e13a25b-fb0b-50bb-aa45-1ef3d2cdedac,11,19,ለማገልገል ሁሉ የድንኳን ዕቃ ሁሉ፥ አውታሮቹ ካስማዎቹም ሁሉ፤ የአደባባዩም ካስማዎች ሁሉ የናስ ይሁኑ።
9f547e62-241b-5fb6-a2dc-79f3b32df7c2,55d325b2-7063-522b-a8a5-ae483488597b,e5d0ced0-4a50-5039-a42d-902e870f75c7,1,20,“አንተም መብራቱን ሁል ጊዜ ያበሩት ዘንድ ለመብራት ተወቅጦ የተጠለለ ጥሩ የወይራ ዘይት እንዲያመጡልህ የእስራኤልን ልጆች እዘዛቸው።
48d1696b-c443-542f-abb6-97281cbe0ff9,55d325b2-7063-522b-a8a5-ae483488597b,e5d0ced0-4a50-5039-a42d-902e870f75c7,2,21,በምስክሩ ድንኳን ውስጥ በቃል ኪዳኑ ታቦት ፊት ካለው መጋረጃ ውጭ አሮንና ልጆቹ ከማታ እስከ ማለዳ ድረስ በእግዚአብሔር ፊት ያብሩት፤ በእስራኤል ልጆች ዘንድ ለልጅ ልጃቸው የዘለዓለም ሥርዐት ይሁን።
a1879986-1ce0-5dcf-ad02-971f979e3bfd,6db5aed5-815d-508c-a3bc-17c7f458f118,9f42a5e4-a705-5b80-a81d-ca6773d9f0cd,1,1,“አንተም ወንድምህን አሮንን ከእርሱም ጋር ልጆቹን ከእስራኤል ልጆች መካከል ለይተህ በክህነት ያገለግሉኝ ዘንድ ወደ አንተ አቅርብ፤ አሮንን የአሮንንም ልጆች፥ ናዳብን፥ አብዩድንም፥ አልዓዛርንም ኢታምርንም አቅርብ።
5fd7c517-c83b-5b3c-a4fa-26d334b5fe7f,6db5aed5-815d-508c-a3bc-17c7f458f118,9f42a5e4-a705-5b80-a81d-ca6773d9f0cd,2,2,የተቀደሰውንም ልብስ ለክብርና ለመለያ እንዲሆን ለወንድምህ ለአሮን ሥራለት።
c371caff-335e-5c8e-a5b9-1b244977d848,6db5aed5-815d-508c-a3bc-17c7f458f118,9f42a5e4-a705-5b80-a81d-ca6773d9f0cd,3,3,አንተም የጥበብ መንፈስ ለሞላሁባቸው፥ በልባቸው ጥበበኞች ለሆኑት ሁሉ ተናገር። እነርሱም ካህን ሆኖ እንዲያገለግለኝ ለአሮን ለቤተ መቅደስ የሚሆን የተለየ ልብስ ይሥሩ፤
cc076ef5-6d07-59b5-a800-8f43dd64af09,6db5aed5-815d-508c-a3bc-17c7f458f118,9f42a5e4-a705-5b80-a81d-ca6773d9f0cd,4,4,የሚሠሩአቸውም ልብሶች እነዚህ ናቸው፤ ልብሰ እንግድዓ፥ ልብሰ መትከፍ፥ ቀሚስም፥ ዥንጕርጕር እጀ ጠባብ፥ መጠምጠሚያ፥ መታጠቂያም፤ እነዚህንም በክህነት ያገለግሉኝ ዘንድ ለወንድምህ ለአሮን፥ ለልጆቹም የተቀደሰ ልብስ ያድርጉ።
2400a2fa-4a21-563a-a4ae-9e9ae7dbe9ed,6db5aed5-815d-508c-a3bc-17c7f458f118,9f42a5e4-a705-5b80-a81d-ca6773d9f0cd,5,5,ወርቅ፥ ሰማያዊና ሐምራዊ፥ ቀይ ግምጃ፥ ጥሩ በፍታም ይውሰዱ።
d986c6ae-a485-5119-a433-bdb5bd7b833b,6db5aed5-815d-508c-a3bc-17c7f458f118,9f42a5e4-a705-5b80-a81d-ca6773d9f0cd,6,6,“ልብሰ መትከፉንም ከወርቅ፥ ከሰማያዊና ከሐምራዊ፥ ከተፈተለ ከቀይ ግምጃ በግብረ መርፌ የተሠራ፥ የተለየ የሽመና ሥራ ያድርጉ።
9169d0a1-fd43-57fd-adc1-c93fc854d32f,6db5aed5-815d-508c-a3bc-17c7f458f118,9f42a5e4-a705-5b80-a81d-ca6773d9f0cd,7,7,ሁለቱ ወገን አንድ እንዲሆን በሁለቱ ጫንቃ ላይ የሚጋጠም ጨርቅ ይሁን።
103b0a7e-3479-5079-a091-60e3d39922ac,6db5aed5-815d-508c-a3bc-17c7f458f118,9f42a5e4-a705-5b80-a81d-ca6773d9f0cd,8,8,በላዩም የተጠለፈው የልብሰ መትከፍ ቋድ እንደ እርሱ፥ ከእርሱም ጋር አንድ ይሁን፤ ከወርቅ፥ ከሰማያዊ፥ ከሐምራዊ፥ ከቀይ ግምጃም ከተፈተለ፥ ከጥሩ በፍታም የተሠራ ይሁን።
65064b70-8436-5210-ab7c-83b89a742a21,6db5aed5-815d-508c-a3bc-17c7f458f118,9f42a5e4-a705-5b80-a81d-ca6773d9f0cd,9,9,ሁለትም የመረግድ ድንጋይ ወስደህ የእስራኤልን ልጆች ስም ስማቸውን ቅረጽባቸው፤
d4c68547-14c9-554b-a51c-cd2f214302b4,6db5aed5-815d-508c-a3bc-17c7f458f118,9f42a5e4-a705-5b80-a81d-ca6773d9f0cd,10,10,እንደ አወላለዳቸው ስድስት ስሞችን በአንዱ ድንጋይ፥ የቀሩትንም ስድስቱን ስሞች በሌላው ድንጋይ ቅረጽ።
731f0579-83d2-5f7f-a16a-c2f293ad50e0,6db5aed5-815d-508c-a3bc-17c7f458f118,9f42a5e4-a705-5b80-a81d-ca6773d9f0cd,11,11,በቅርጽ ሠራተኛ ሥራ እንደ ማኅተም ቅርጽ አድርገህ የእስራኤልን ልጆች ስሞች በሁለት ድንጋዮች ቅረጽ፤ በወርቅም ፈርጥ አድርግ።
b3d4b2a8-9120-5d49-a1d4-1aa9ce7fc386,6db5aed5-815d-508c-a3bc-17c7f458f118,9f42a5e4-a705-5b80-a81d-ca6773d9f0cd,12,12,ለእስራኤል ልጆችም የመታሰቢያ ድንጋዮች ይሆኑ ዘንድ ሁለቱን ዕንቍዎች በልብሰ መትከፉ ጫንቃዎች ላይ ታደርጋለህ፤ አሮንም በሁለቱ ጫንቃዎች ላይ ለመታሰቢያ ስማቸውን በእግዚአብሔር ፊት ይሸከማል።
f129178a-a939-515f-a56e-4521ebbf7756,6db5aed5-815d-508c-a3bc-17c7f458f118,9f42a5e4-a705-5b80-a81d-ca6773d9f0cd,13,13,ፈርጦችንም ከጥሩ ወርቅ ሥራ፤
fff89fa4-49a5-5e8b-a978-f87d5c9d9dcd,6db5aed5-815d-508c-a3bc-17c7f458f118,9f42a5e4-a705-5b80-a81d-ca6773d9f0cd,14,14,ሁለት ቋዶችንም ከጥሩ ወርቅ እንደ ተጐነጐነ ገመድ አድርገህ ሥራ፤ የተጐነጐኑትንም ቋዶች በፈርጦቹ ላይ አንጠልጥል።
c32e9727-799c-5193-a20a-ca39a931e5e2,6db5aed5-815d-508c-a3bc-17c7f458f118,fd81aea7-c18b-5ba2-adba-6d373bb11171,1,15,“ብልህ ሠራተኛም እንደሚሠራ የፍርዱን ልብሰ እንግድዓ ሥራው፤ እንደ ልብሰ መትከፍም አሠራር ሥራው፤ ከወርቅና ከሰማያዊ፥ ከሐምራዊም፥ ከቀይም ግምጃ፥ ከጥሩ በፍታም ሥራው።
e791c0ec-8ef9-5869-a66f-460f9e0b760b,6db5aed5-815d-508c-a3bc-17c7f458f118,fd81aea7-c18b-5ba2-adba-6d373bb11171,2,16,ርዝመቱ ስንዝር ስፋቱም ስንዝር፥ ሆኖ አራት ማዕዘን ድርብ ይሁን።
b8a813e6-f0b9-5a01-a103-09450ee82684,6db5aed5-815d-508c-a3bc-17c7f458f118,fd81aea7-c18b-5ba2-adba-6d373bb11171,3,17,በአራት ተራ የሆነ የዕንቍ ፈርጥ አድርግበት፤ የድንጋዮቹም ተራ ሰርድዮን፥ ጳዝዮን፥ መረግድ ነው፤ ይህም መጀመሪያው ተራ ነው፤
0147072e-38ae-5d3f-ab8e-e6fb03962c9a,6db5aed5-815d-508c-a3bc-17c7f458f118,fd81aea7-c18b-5ba2-adba-6d373bb11171,4,18,ሁለተኛውም ተራ በሉር፥ ሰንፔር፥ ኢያሰጲድ፤
126fdc53-8ffd-515f-ab23-41c4a005c65e,6db5aed5-815d-508c-a3bc-17c7f458f118,fd81aea7-c18b-5ba2-adba-6d373bb11171,5,19,ሦስተኛውም ተራ ለግርዮን፥ አካጥስ፥ አሜቴስጢኖስ፤
277e5388-f830-56e4-a9bf-0a9999fda055,6db5aed5-815d-508c-a3bc-17c7f458f118,fd81aea7-c18b-5ba2-adba-6d373bb11171,6,20,አራተኛውም ተራ ወርቃማ ድንጋይ፥ ቢረሌ፥ ሶም በየተራቸው በወርቅ የተለበጡና የታሠሩ ይሆናሉ።
de00c3b7-406a-5187-a340-f1c08be5ccad,6db5aed5-815d-508c-a3bc-17c7f458f118,fd81aea7-c18b-5ba2-adba-6d373bb11171,7,21,የዕንቍም ድንጋዮች እንደ እስራኤል ልጆች ስሞች ዐሥራ ሁለት ይሆናሉ፤ በየስማቸውም ማኅተም አቀራረጽ ይቀረጹ፤ ስለ ዐሥራ ሁለቱ ነገዶችም ይሁኑ።
4a11e086-81c2-5936-a70e-37437229dd89,6db5aed5-815d-508c-a3bc-17c7f458f118,fd81aea7-c18b-5ba2-adba-6d373bb11171,8,22,ለልብሰ እንግድዓውም የተጐነጐኑትን ቋዶች እንደ ገመድ አድርገህ ከጥሩ ወርቅ ሥራቸው።
16ee5554-a7db-510d-ae3b-9c2ca72c2e7f,6db5aed5-815d-508c-a3bc-17c7f458f118,fd81aea7-c18b-5ba2-adba-6d373bb11171,9,23,ለልብሰ እንግድዓውም ሁለት የወርቅ ቀለበቶች ሥራ፤ ሁለቱንም ቀለበቶች በልብሰ እንግድዓው በሁለቱ ወገን አድርጋቸው።
4b8d307c-3aa6-56d6-a1dd-abe8217a1070,6db5aed5-815d-508c-a3bc-17c7f458f118,fd81aea7-c18b-5ba2-adba-6d373bb11171,10,24,የተጐነጐኑትንም ሁለቱን የወርቅ ቋዶች በልብሰ እንግድዓው በሁለት ወገኖች ወዳሉት ወደ ሁለት ቀለበቶች ታገባቸዋለህ።
b7144a60-47e8-5994-a6de-9bf6d1f067a7,6db5aed5-815d-508c-a3bc-17c7f458f118,fd81aea7-c18b-5ba2-adba-6d373bb11171,11,25,የሁለቱንም ቋዶች ጫፎች በሁለቱ ፈርጦች ውስጥ አግብተህ በልብሰ መትከፉ ጫንቃዎች ላይ በስተፊት በመጋጠሚያቸው ታደርጋቸዋለህ።
52fdfd27-80cf-5cad-a4f9-7f370342624f,6db5aed5-815d-508c-a3bc-17c7f458f118,fd81aea7-c18b-5ba2-adba-6d373bb11171,12,26,ሁለት የወርቅ ቀለበቶችንም ሥራ፤ እነርሱንም ልብሰ መትከፉ በውስጥ በሚያልፍበት በከንፈሩ በኩል በሁለቱ የልብሰ እንግድዓ ጫፎች ላይ ታኖራቸዋለህ።
ad08dd4c-46bd-5abf-a26f-c803bf249cde,6db5aed5-815d-508c-a3bc-17c7f458f118,fd81aea7-c18b-5ba2-adba-6d373bb11171,13,27,ደግሞም ሁለት የወርቅ ቀለበቶች ሥራ፤ በልብሰ መትከፉ ፊት ከጫንቃዎች በታች በብልሃት ከተጠለፈ ከልብሰ መትከፉ ቋድ በላይ በመጋጠሚያው አጠገብ ታደርጋቸዋለህ።
e2666855-8223-5897-adbf-8c410ef00892,6db5aed5-815d-508c-a3bc-17c7f458f118,fd81aea7-c18b-5ba2-adba-6d373bb11171,14,28,ልብሰ እንግድዓውም በብልሃት ከተጠለፈ ከልብሰ መትክፉ ቋድ በላይ እንዲሆን፥ ከልብሰ መትከፉም እንዳይለይ፥ ልብሰ እንግድዓውን ከቀለበቶቹ ወደ ልብሰ መትከፉ ቀለበቶች በሰማያዊ ፈትል ያያይዙታል።
22d4392c-a4f8-56bd-a054-5ae925c5c4da,6db5aed5-815d-508c-a3bc-17c7f458f118,fd81aea7-c18b-5ba2-adba-6d373bb11171,15,29,አሮንም ወደ መቅደስ በገባ ጊዜ በእግዚአብሔር ፊት ለዘለዓለም መታሰቢያ የእስራኤልን ልጆች ስሞች በፍርዱ ልብሰ እንግድዓ ውስጥ በልቡ ላይ ይሸከም።
6806d87f-a0cc-5626-a36e-6a7a0fe6bbf0,6db5aed5-815d-508c-a3bc-17c7f458f118,fd81aea7-c18b-5ba2-adba-6d373bb11171,16,30,በፍርዱ ልብሰ እንግድዓም ውስጥ ኡሪምንና ቱሚምን ታደርጋለህ፤ በእግዚአብሔርም ፊት ወደ ቤተ መቅደስ በገባ ጊዜ በአሮን ልብ ላይ ይሆናሉ፤ አሮንም በእግዚአብሔር ፊት ሁልጊዜ የእስራኤልን ልጆች ፍርድ በልቡ ላይ ይሸከማል።
3cadc0a4-6249-5c7b-a4d1-8343b77ba904,6db5aed5-815d-508c-a3bc-17c7f458f118,ec9a9739-98b4-5be7-a23b-da89c3f26d0d,1,31,“ቀሚሱንም ሁሉ ሰማያዊ አድርገው።
825265c9-1ced-5188-a00c-75b1a6438284,6db5aed5-815d-508c-a3bc-17c7f458f118,ec9a9739-98b4-5be7-a23b-da89c3f26d0d,2,32,ከላይም በመካከል አንገትጌ ይሁንበት፤ እንዳይቀደድም በግብረ መርፌ የተሠራ ጥልፍ በአንገትጌው ዙሪያ ይሁንበት።
5ff18880-71b7-5801-af37-dd3530e92e6e,6db5aed5-815d-508c-a3bc-17c7f458f118,ec9a9739-98b4-5be7-a23b-da89c3f26d0d,3,33,በታችኛውም ዘርፍ ዙሪያ ከሰማያዊ፥ ከሐምራዊ፥ ከቀይም ግምጃ ሮማኖችን አድርግ፤ በእነዚያም መካከል በዙሪያው በተመሳሳይ ቅርጽ የወርቅ ሮማኖች ሻኵራዎችን አድርግ፤
32877550-d3ed-5244-af86-6c0513ef3b68,6db5aed5-815d-508c-a3bc-17c7f458f118,ec9a9739-98b4-5be7-a23b-da89c3f26d0d,4,34,የወርቅ ሻኩራ ሮማንም፥ ሌላም የወርቅ ሻኩራ ሮማንም በቀሚሱ ዘርፍ ዙሪያውን ይሆናሉ።
c6695b11-8e6b-590f-a5bd-1c6acdb27c12,6db5aed5-815d-508c-a3bc-17c7f458f118,ec9a9739-98b4-5be7-a23b-da89c3f26d0d,5,35,በማገልገል ጊዜም በአሮን ላይ ይሆናል፤ እርሱም እንዳይሞት ወደ መቅደሱ በእግዚአብሔር ፊት ሲገባና ሲወጣ ድምፁ ይሰማል።
6e3c9e59-e57a-5aa7-a13c-26d9313139d9,6db5aed5-815d-508c-a3bc-17c7f458f118,ec9a9739-98b4-5be7-a23b-da89c3f26d0d,6,36,“ከጥሩ ወርቅም የወርቅ ቅጠል ሥራ፤ በእርሱም እንደ ማኅተም ቅርጽ አድርገህ፦ ቅድስና ለእግዚአብሔር የሚል ትቀርጽበታለህ።
0c0ed591-eca2-59cd-ad4c-febc3ac480eb,6db5aed5-815d-508c-a3bc-17c7f458f118,ec9a9739-98b4-5be7-a23b-da89c3f26d0d,7,37,በሰማያዊም ፈትል በመጠምጠሚያው ላይ በስተፊቱ ታንጠለጥለዋለህ ።
f7a817bc-f45b-5420-a481-08cec7df7766,6db5aed5-815d-508c-a3bc-17c7f458f118,ec9a9739-98b4-5be7-a23b-da89c3f26d0d,8,38,በአሮንም ግንባር ላይ ይሆናል፤ አሮንም የእስራኤል ልጆች በሚያቀርቡትና በሚቀድሱት በቅዱሱ ስጦታቸው ሁሉ ላይ የሠሩትን ኀጢአት ይሸከም፤ በእግዚአብሔርም ፊት ተቀባይነት ያለው እንዲሆንላቸው ሁልጊዜ በግንባሩ ላይ ይሁን።
4c55fcf2-bfb1-5a2d-a9e7-eca1584c01fe,6db5aed5-815d-508c-a3bc-17c7f458f118,ec9a9739-98b4-5be7-a23b-da89c3f26d0d,9,39,ቀሚሱንም ከጥሩ በፍታ ዝንጕርጕር አድርገህ፥ አክሊልን ከበፍታ ትሠራለህ፤ በጥልፍ አሠራርም መታጠቂያ ትሠራለህ።
9b493eba-7c32-5e9b-a56f-b96ced12603f,6db5aed5-815d-508c-a3bc-17c7f458f118,ec9a9739-98b4-5be7-a23b-da89c3f26d0d,10,40,ለአሮንም ልጆች የበፍታ ቀሚሶችን፥ መታጠቂያዎችንም፥ ቆቦችንም ለክብርና ለመለያ ታደርግላቸዋለህ።
fc690332-4922-5178-afdd-670889a8ecf3,6db5aed5-815d-508c-a3bc-17c7f458f118,ec9a9739-98b4-5be7-a23b-da89c3f26d0d,11,41,ይህንም ሁሉ ወንድምህን አሮንን፥ ከእርሱም ጋር ልጆቹን ታለብሳቸዋለህ፤ በክህነት እንዲያገለግሉኝ ትቀባቸዋለህ፤ እጆቻቸውንም ታነጻለህ፤ ትቀድሳቸውማለህ።
930be1ba-5ce1-59f6-a503-e9340a9c202a,6db5aed5-815d-508c-a3bc-17c7f458f118,ec9a9739-98b4-5be7-a23b-da89c3f26d0d,12,42,ኀፍረተ ሥጋቸውንም ይከድኑበት ዘንድ የተልባ እግር ሱሪ ታደርግላቸዋለህ፤ ከወገባቸውም እስከ ጭናቸው ይደርሳል፤
81f43e5b-ae24-520c-a8de-85fcfb980e6c,6db5aed5-815d-508c-a3bc-17c7f458f118,ec9a9739-98b4-5be7-a23b-da89c3f26d0d,13,43,እንዲሁም ኀጢአት እንዳይሆንባቸው፥ እንዳይሞቱም፥ ወደ ምስክሩ ድንኳን ሲገቡ፥ በመቅደሱም ያገለግሉ ዘንድ ወደ መሠዊያው ሲቀርቡ በአሮንና በልጆቹ ላይ ይሆናል፤ ለእርሱ፥ ከእርሱም በኋላ ለዘሩ ለዘለዓለም ሥርዐት ይሆናል።
ec730bc0-b3f0-5cc5-a61c-f3e386cdfea8,217fb71b-8e14-55ca-aa2a-32b15f56b91a,7464b4d6-cdc9-5beb-aa2c-f5d95946e5c2,1,1,“እኔንም በክህነት እንዲያገለግሉኝ ትቀድሳቸው ዘንድ የምታደርግላቸው ነገር ይህ ነው፤ ነውር የሌለባቸውን አንድ ወይፈንና ሁለት አውራ በጎች ትወስዳለህ።
3f90fd85-bcf6-5b89-a17b-88a03e739481,217fb71b-8e14-55ca-aa2a-32b15f56b91a,7464b4d6-cdc9-5beb-aa2c-f5d95946e5c2,2,2,ቂጣ እንጀራ፥ በዘይትም የተለወሰ የቂጣ እንጎቻ፥ በዘይትም የተቀባ ስስ ቂጣ ከመልካም ስንዴ ታደርጋለህ።
8d4acc3a-2460-5fc9-a9c8-5a50a8587de0,217fb71b-8e14-55ca-aa2a-32b15f56b91a,7464b4d6-cdc9-5beb-aa2c-f5d95946e5c2,3,3,በአንድ መሶብም ታደርጋቸዋለህ፤ ከወይፈኑና ከሁለቱ አውራ በጎች ጋር በመሶብ ታቀርባቸዋለህ።
fd649e4b-d897-5b04-ab70-6aabd34c8da3,217fb71b-8e14-55ca-aa2a-32b15f56b91a,7464b4d6-cdc9-5beb-aa2c-f5d95946e5c2,4,4,አሮንንና ልጆቹን ወደ ምስክሩ ድንኳን ደጃፍ ታቀርባቸዋለህ፤ በውኃም ታጥባቸዋለህ።
f831c176-7d2a-5aab-abda-1c01b843c212,217fb71b-8e14-55ca-aa2a-32b15f56b91a,7464b4d6-cdc9-5beb-aa2c-f5d95946e5c2,5,5,ልብሶችን ወስደህ ለወንድምህ ለአሮን የነጭ ሐር እጀ ጠባብ ቀሚስ፥ ልብሰ መትከፍና ልብሰ እንግድዓ ታለብሰዋለህ፤ ለእርሱም ልብሰ እንግድዓውን ከልብሰ መትከፉ ጋር አያይዝለት።
fa9415e6-077e-58a8-a5db-41efb7e81c38,217fb71b-8e14-55ca-aa2a-32b15f56b91a,7464b4d6-cdc9-5beb-aa2c-f5d95946e5c2,6,6,አክሊልንም በራሱ ላይ ታደርጋለህ፤ የወርቁንም ቀጸላ በአክሊሉ ላይ ታኖራለህ።
eeb2909f-54db-5efd-a821-6965aa775a95,217fb71b-8e14-55ca-aa2a-32b15f56b91a,7464b4d6-cdc9-5beb-aa2c-f5d95946e5c2,7,7,የቅብዐትንም ዘይት ወስደህ በራሱ ላይ ታፈስሰዋለህ፤ ትቀባውማለህ።
a79b9d52-feda-5408-aff4-3d1b055c56f3,217fb71b-8e14-55ca-aa2a-32b15f56b91a,7464b4d6-cdc9-5beb-aa2c-f5d95946e5c2,8,8,ልጆቹንም ታቀርባቸዋለህ፤ ቀሚሶችንም ታለብሳቸዋለህ፤
caace05f-44ca-5ef7-a73b-a44d9efa4b12,217fb71b-8e14-55ca-aa2a-32b15f56b91a,7464b4d6-cdc9-5beb-aa2c-f5d95946e5c2,9,9,በመታጠቂያም ታስታጥቃቸዋለህ፤ ቆብንም ታደርግላቸዋለህ፤ ለዘለዓለም ሥርዐትም ክህነት ይሆንላቸዋል፤ እንዲሁም የአሮንንና የልጆቹን እጆች ትቀባቸዋለህ።
04dba48f-75db-5cc4-a921-f4e93363178d,217fb71b-8e14-55ca-aa2a-32b15f56b91a,7464b4d6-cdc9-5beb-aa2c-f5d95946e5c2,10,10,“ወይፈኑንም ወደ ምስክሩ ድንኳን በር ታቀርበዋለህ፤ አሮንና ልጆቹም በምስክሩ ድንኳን በር በእግዚአብሔር ፊት እጆቻቸውን በወይፈኑ ራስ ላይ ይጭናሉ።
4c6f51e7-3d88-5863-a834-7c35973c1f2e,217fb71b-8e14-55ca-aa2a-32b15f56b91a,7464b4d6-cdc9-5beb-aa2c-f5d95946e5c2,11,11,ወይፈኑንም በምስክሩ ድንኳን በር አጠገብ በእግዚአብሔር ፊት ታርደዋለህ።
3b5e0a9a-ec8a-5400-a33e-f20dbaff00a3,217fb71b-8e14-55ca-aa2a-32b15f56b91a,7464b4d6-cdc9-5beb-aa2c-f5d95946e5c2,12,12,ከወይፈኑም ደም ወስደህ በመሠዊያው ቀንዶች ላይ በጣትህ ትረጨዋለህ፤ የተረፈውንም ደም ሁሉ ከመሠዊያው በታች ታፈስሰዋለህ።
04f56f73-65c8-5859-abfa-a8512b53fc8d,217fb71b-8e14-55ca-aa2a-32b15f56b91a,7464b4d6-cdc9-5beb-aa2c-f5d95946e5c2,13,13,የሆድ ዕቃውንም የሚሸፍነውን ስብ ሁሉ፥ በጉበቱም ላይ ያለውን መረብ፥ ሁለቱንም ኵላሊቶች፥ በላያቸውም ያለውን ስብ ወስደህ በመሠዊያው ላይ ታስቀምጣለህ።
0a84a3a7-e9b8-56bf-ad5b-fdd14a272409,217fb71b-8e14-55ca-aa2a-32b15f56b91a,7464b4d6-cdc9-5beb-aa2c-f5d95946e5c2,14,14,የወይፈኑን ሥጋ ግን፥ ቍርበቱንም፥ ፈርሱንም ከሰፈር ውጭ በእሳት ታቃጥለዋለህ፤ የኀጢአት መሥዋዕት ነውና።
b1046dcb-2bdd-5f75-a09c-4efe2f772e0e,217fb71b-8e14-55ca-aa2a-32b15f56b91a,7464b4d6-cdc9-5beb-aa2c-f5d95946e5c2,15,15,“አንደኛውንም አውራ በግ ትወስደዋለህ፤ አሮንና ልጆቹም በአውራው በግ ራስ ላይ እጆቻቸውን ይጭናሉ።
7145d024-d053-5368-a826-ff0a778d7a09,217fb71b-8e14-55ca-aa2a-32b15f56b91a,7464b4d6-cdc9-5beb-aa2c-f5d95946e5c2,16,16,አውራውንም በግ ታርደዋለህ፤ ደሙንም ወስደህ በመሠዊያው ላይ በዙሪያው ትረጨዋለህ።
dc2498aa-c151-5315-ad65-2b356e16da94,217fb71b-8e14-55ca-aa2a-32b15f56b91a,7464b4d6-cdc9-5beb-aa2c-f5d95946e5c2,17,17,አውራውንም በግ በየብልቱ ትቈርጠዋለህ፤ የሆድ ዕቃውንና እግሮቹንም በውኃ ታጥባለህ፤ ከብልቱና ከራሱም ጋር ታኖረዋለህ።
017a6d94-a703-583c-acb9-2a30fa2c1501,217fb71b-8e14-55ca-aa2a-32b15f56b91a,7464b4d6-cdc9-5beb-aa2c-f5d95946e5c2,18,18,አውራንም በግ በሞላው በመሠዊያው ላይ ታቃጥላለህ፤ ስለ ጣፋጭ ሽታ ለእግዚአብሔር የሚቃጠል መሥዋዕት ነው፤ ለእግዚአብሔር የቀረበ የእሳት ቍርባን ነው።
4cdb6464-9453-5e41-af98-e4c69eb39ae2,217fb71b-8e14-55ca-aa2a-32b15f56b91a,7464b4d6-cdc9-5beb-aa2c-f5d95946e5c2,19,19,“ሁለተኛውንም አውራ በግ ትወስደዋለህ፤ አሮንና ልጆቹም እጆቻቸውን በአውራው በግ ራስ ላይ ይጭናሉ።
f2bb33ed-3674-5b61-ae64-5f79e90cace8,217fb71b-8e14-55ca-aa2a-32b15f56b91a,7464b4d6-cdc9-5beb-aa2c-f5d95946e5c2,20,20,አውራውንም በግ ታርደዋለህ፤ ደሙንም ትወስዳለህ፤ የአሮንንም የቀኝ ጆሮ ጫፍ፥ የቀኝ እጁንና የቀኝ እግሩን አውራ ጣት ጫፍ፥ የልጆቹንም የቀኝ ጆሮአቸውን ጫፍ፥ የቀኝ እጃቸውንና የቀኝ እግራቸውን አውራ ጣት ታስነካለህ፤ ደሙንም በመሠዊያው ላይ በዙሪያው ትረጨዋለህ።
e40e9454-ddf4-56cb-afb7-6c3cd46ece98,217fb71b-8e14-55ca-aa2a-32b15f56b91a,7464b4d6-cdc9-5beb-aa2c-f5d95946e5c2,21,21,በመሠዊያውም ላይ ካለው ደም ከቅብዐት ዘይትም ወስደህ በአሮንና በልብሱ ላይ፥ ከእርሱም ጋር ባሉት በልጆቹና በልብሶቻቸው ላይ ትረጨዋለህ፤ እርሱም ልብሶቹም፥ ከእርሱም ጋር ልጆቹ፥ ልብሶቻቸውም ይቀደሳሉ።
9d525054-4313-5cc1-a513-52c30c41b404,217fb71b-8e14-55ca-aa2a-32b15f56b91a,7464b4d6-cdc9-5beb-aa2c-f5d95946e5c2,22,22,የበጉንም ስብ፥ የሆድ ዕቃውን የሚሸፍነውን ስብ፥ በጉበቱም ላይ ያለውን መረብ፥ ሁለቱንም ኵላሊቶች፥ በላያቸውም ላይ ያለውን ስብ፥ የቀኙንም ወርች ትወስዳለህ፤ የሚቀደሱበት ነውና።
f1f5df04-da53-5ad0-abec-2288046385d1,217fb71b-8e14-55ca-aa2a-32b15f56b91a,7464b4d6-cdc9-5beb-aa2c-f5d95946e5c2,23,23,በእግዚአብሔር ፊት በመሶብ ካለው አንድ የዘይት እንጀራና አንድ የቂጣ እንጐቻ ትወስዳለህ፤
b3496a42-68fa-5a46-a8b2-d9d4dcf79bdf,217fb71b-8e14-55ca-aa2a-32b15f56b91a,7464b4d6-cdc9-5beb-aa2c-f5d95946e5c2,24,24,ሁሉንም በአሮን እጆችና በልጆቹ እጆች ታኖረዋለህ፤ ለሚለይ ቍርባን በእግዚአብሔር ፊት ትለየዋለህ።
a5fc0b30-ea26-5c27-ad5e-04efb58776a9,217fb71b-8e14-55ca-aa2a-32b15f56b91a,7464b4d6-cdc9-5beb-aa2c-f5d95946e5c2,25,25,ከእጃቸውም ትቀበለዋለህ፤ በመሥዊያውም ላይ ከሚቃጠል መሥዋዕት ጋር በእግዚአብሔር ፊት በጎ መዓዛ እንዲሆን ታቃጥለዋለህ፤ እርሱ ለእግዚአብሔር መሥዋዕት ነው።
dd9d0d52-011f-5111-a9d5-6c04f9940d46,217fb71b-8e14-55ca-aa2a-32b15f56b91a,7464b4d6-cdc9-5beb-aa2c-f5d95946e5c2,26,26,“ለአሮንም ክህነት የታረደውን የአውራውን በግ ፍርምባ ወስደህ ለሚለይ ቍርባን በእግዚአብሔር ፊት ትለየዋለህ፤ እርሱም የአንተ ወግ ይሆናል።
64a2cb82-ba30-530a-a486-2768cae9b7cb,217fb71b-8e14-55ca-aa2a-32b15f56b91a,7464b4d6-cdc9-5beb-aa2c-f5d95946e5c2,27,27,ከሚካኑበትም አውራ በግ የተወሰደ ለአሮንና ለልጆቹ ወግ የሚሆን ለመሥዋዕት የተለየውን ፍርምባና የተነሣውን ወርች ትቀድሳለህ።
fb633692-e803-59fa-a5f7-d318ce073a79,217fb71b-8e14-55ca-aa2a-32b15f56b91a,7464b4d6-cdc9-5beb-aa2c-f5d95946e5c2,28,28,ይህም የተለየ ቍርባን ነውና ከእስራኤልልጆች ዘንድ ለዘለዓለም የአሮንና የልጆቹ ሕግ ይሁን፤ የእስራኤል ልጆች የሚያቀርቡት የደኅንነት መሥዋዕታቸው የተለየ ቍርባን ይሆናል፤ ለእግዚአብሔር የተለየ ቍርባን ይሆናል።
a4d3a140-5ae8-57d2-a262-991c9b456741,217fb71b-8e14-55ca-aa2a-32b15f56b91a,7464b4d6-cdc9-5beb-aa2c-f5d95946e5c2,29,29,“የአሮንም የቅድስናው ልብስ ይቀቡበትና እጆቻቸው ይቀደሱበት ዘንድ ከእርሱ በኋላ ለልጆቹ ይሁን።
4fc28977-c655-53c1-ad1d-c93002317fea,217fb71b-8e14-55ca-aa2a-32b15f56b91a,7464b4d6-cdc9-5beb-aa2c-f5d95946e5c2,30,30,ከልጆቹም በእርሱ ፋንታ ካህን የሚሆነው በመቅደስ ለማገልገል ወደ ምስክሩ ድንኳን ሲገባ ሰባት ቀን ይልበሰው።
41ca3e24-fe02-5748-a9b5-e9302235eaf4,217fb71b-8e14-55ca-aa2a-32b15f56b91a,7464b4d6-cdc9-5beb-aa2c-f5d95946e5c2,31,31,“የቅድስናውንም በግ ወስደህ ሥጋውን በተቀደሰ ስፍራ ትቀቅለዋለህ።
6011d889-92ed-5874-aca5-62a9117e0008,217fb71b-8e14-55ca-aa2a-32b15f56b91a,7464b4d6-cdc9-5beb-aa2c-f5d95946e5c2,32,32,አሮንና ልጆቹም የአውራውን በግ ሥጋ፥ በመሶብም ያለውን እንጀራ በምስክሩ ድንኳን በር ይበሉታል።
91f40f1f-b84e-5e1a-a6b4-17b2b31447cf,217fb71b-8e14-55ca-aa2a-32b15f56b91a,7464b4d6-cdc9-5beb-aa2c-f5d95946e5c2,33,33,ለመክበራቸው እጆቻቸውን ይቀድሱ ዘንድ በተቀደሱበት በዚያ ቦታ ይብሉት፤ የባዕድ ልጅ ግን አይብላው፤ የተቀደሰ ነውና።
d9c766b5-d2ce-5c05-ad0a-76d6ee4a3925,217fb71b-8e14-55ca-aa2a-32b15f56b91a,7464b4d6-cdc9-5beb-aa2c-f5d95946e5c2,34,34,ከቅድስናው መሥዋዕት ሥጋ ወይም እንጀራ እስከ ነገ ቢተርፍ፥ የቀረውን በእሳት ታቃጥለዋለህ፤ የተቀደሰ ነውና አይበላም።
171c6837-1584-5f9f-a160-35b31775c70e,217fb71b-8e14-55ca-aa2a-32b15f56b91a,7464b4d6-cdc9-5beb-aa2c-f5d95946e5c2,35,35,“እንዳዘዝሁህም ሁሉ ለአሮንና ለልጆቹ እንዲህ አድርግ፤ ሰባት ቀን እጆቻቸውን ትቀድሳለህ።
7e4ccd3e-dffe-5d09-ac23-00f0860a48fa,217fb71b-8e14-55ca-aa2a-32b15f56b91a,7464b4d6-cdc9-5beb-aa2c-f5d95946e5c2,36,36,ዕለት ዕለትም ስለ ማስተስረይ ለኀጢአት መሥዋዕት ወይፈኑን ታቀርባለህ፤ ማስተስረያም ባደረግህ ጊዜ መሠዊያውን ታነጻዋለህ፤ ቅዱስም ይሆን ዘንድ ትቀባዋለህ።
89bcafa9-08d1-5124-a16b-41efeb7f7ef5,217fb71b-8e14-55ca-aa2a-32b15f56b91a,7464b4d6-cdc9-5beb-aa2c-f5d95946e5c2,37,37,ሰባት ቀን መሠዊያውን ታነጻዋለህ፤ ትቀድሰውማለህ፤ መሠዊያውም ቅዱሰ ቅዱሳን ይሆናል፤ መሠዊያውንም የሚነካ ሁሉ ቅዱስ ይሆናል።
2e03ac57-96c3-5e93-aa58-86c24dc2e9a3,217fb71b-8e14-55ca-aa2a-32b15f56b91a,551e6970-b736-5463-ac5f-b7766583e990,1,38,“በመሠዊያውም ላይ የምታቀርበው ይህ ነው፤ በቀን በቀን ዘወትር በመሠዊያው ላይ ሁለት ንጹሓን የዓመት ጠቦቶች ታቀርባለህ።
1f73c54f-e2b9-5831-aa2a-9f8513d85350,217fb71b-8e14-55ca-aa2a-32b15f56b91a,551e6970-b736-5463-ac5f-b7766583e990,2,39,አንዱን ጠቦት በነግህ፥ ሁለተኛውንም ጠቦት በሠርክ መሥዋዕት አድርገህ ታቀርበዋለህ።
fc7f1f17-7cc1-5b7f-ad1d-0ea20d43b5be,217fb71b-8e14-55ca-aa2a-32b15f56b91a,551e6970-b736-5463-ac5f-b7766583e990,3,40,ከአንዱ ጠቦትም ጋር የኢን መስፈሪያ አራተኛ እጅ በሆነ ተወቅጦ በተጠለለ ዘይት የተለወሰ የኢፍ መስፈሪያ ዐሥረኛ እጅ መልካም ዱቄት፥ ደግሞ ለመጠጥ ቍርባን የኢን መስፈሪያ አራተኛ እጅ የወይን ጠጅ ታቀርባለህ።
d143cbc1-abab-5ea6-a33e-bbea2a59572b,217fb71b-8e14-55ca-aa2a-32b15f56b91a,551e6970-b736-5463-ac5f-b7766583e990,4,41,ሁለተኛውንም ጠቦት በሠርክ ታቀርበዋለህ፤ እንደ ነግሁም የእህልና የመጠጥ ቍርባን ታደርግበታለህ፤ ለእግዚአብሔር በጎ መዓዛ እንዲሆን የእሳት ቍርባን ይሆናል።
b3719fc0-63fc-5cd7-a94e-71525bb1af6b,217fb71b-8e14-55ca-aa2a-32b15f56b91a,551e6970-b736-5463-ac5f-b7766583e990,5,42,በዚያ እናገርህ ዘንድ ለአንተ በምገለጥበት በምስክሩ ድንኳን ደጃፍ በእግዚአብሔር ፊት ለልጅ ልጃችሁ የዘወትር መሥዋዕት ይሆናል።
63bde364-0c0d-5222-a73e-b0a892941aeb,217fb71b-8e14-55ca-aa2a-32b15f56b91a,551e6970-b736-5463-ac5f-b7766583e990,6,43,በዚያም የእስራኤልን ልጆች አዝዛለሁ፤ በክብሬም እቀደሳለሁ።
dd0bbfb7-1e21-5a4b-a8b1-538c6e2eeb0b,217fb71b-8e14-55ca-aa2a-32b15f56b91a,551e6970-b736-5463-ac5f-b7766583e990,7,44,የምስክሩንም ድንኳን መሠዊያውንም እቀድሳለሁ፤ በክህነትም ያገለግሉኝ ዘንድ አሮንንና ልጆቹን እቀድሳለሁ።
a00467da-fcb2-56e9-adb5-c6601d0ed3b6,217fb71b-8e14-55ca-aa2a-32b15f56b91a,551e6970-b736-5463-ac5f-b7766583e990,8,45,በእስራኤልም ልጆች መካከል እኖራለሁ፤ አምላካቸውም እሆናቸዋለሁ።
18ff7e34-3614-5e65-a12d-db1bd05afbd0,217fb71b-8e14-55ca-aa2a-32b15f56b91a,551e6970-b736-5463-ac5f-b7766583e990,9,46,በእነርሱ እጠራ ዘንድ፥ አምላክም እሆናቸው ዘንድ ከግብፅ ምድር ያወጣኋቸው አምላካቸው እግዚአብሔር እኔ እንደ ሆንሁ ያውቃሉ።
be2e1042-d335-5b45-a611-49ce8c443921,4d1542d6-5235-52ca-a5e5-b4a4bf8dc7f5,bb40105a-21bb-5a46-a176-8da798acd0e9,1,1,“የዕጣን መሠዊያውን ከማይነቅዝ ዕንጨት ሥራ።
df25a01e-3467-5ec4-a2f4-4720d20713fa,4d1542d6-5235-52ca-a5e5-b4a4bf8dc7f5,bb40105a-21bb-5a46-a176-8da798acd0e9,2,2,ርዝመቱ አንድ ክንድ፥ ስፋቱም አንድ ክንድ፥ አራት ማዕዘን ይሁን፤ ቁመቱም ሁለት ክንድ ይሆናል፤ ቀንዶቹም ከእርሱ ይሠሩ።
e111cdb4-9187-51fd-a988-c9d8c9da91fc,4d1542d6-5235-52ca-a5e5-b4a4bf8dc7f5,bb40105a-21bb-5a46-a176-8da798acd0e9,3,3,ወለሉንና የግድግዳውንም ዙሪያ፥ ቀንዶቹንም በጥሩ ወርቅ ትለብጠዋለህ፤ በዙሪያውም የጥሩ ወርቅ ክፈፍ ታደርግለታለህ።
fe012e2d-3f2f-55da-a0cc-d575ce829598,4d1542d6-5235-52ca-a5e5-b4a4bf8dc7f5,bb40105a-21bb-5a46-a176-8da798acd0e9,4,4,ከክፈፉም በታች ሁለት የወርቅ ቀለበቶች አድርግለት። በዚህና በዚያ በሁለቱ ጐን ታደርጋቸዋለህ፤ እርሱን ያነሡባቸው ዘንድ የመሎጊያዎቹ መግቢያ ይሁኑ።
afebf308-8416-5942-a780-9af8c4c254f6,4d1542d6-5235-52ca-a5e5-b4a4bf8dc7f5,bb40105a-21bb-5a46-a176-8da798acd0e9,5,5,መሎጊያዎቹንም ከማይነቅዝ ዕንጨት አድርግ፤ በወርቅም ለብጣቸው።
89cf6bc1-24b2-5ce7-af03-8b935b33e721,4d1542d6-5235-52ca-a5e5-b4a4bf8dc7f5,bb40105a-21bb-5a46-a176-8da798acd0e9,6,6,ለአንተ በምገለጥበት በምስክሩ ታቦት ላይ ባለው መጋረጃ ፊት ታኖረዋለህ።
6c2e89e9-4c8a-51a5-aab2-3be3695356bf,4d1542d6-5235-52ca-a5e5-b4a4bf8dc7f5,bb40105a-21bb-5a46-a176-8da798acd0e9,7,7,አሮንም በጎ መዓዛ ያለው የደቀቀ ዕጣን በውስጡ በየማለዳው ይጠንበት፤ መብራቶቹን ሲያዘጋጅ ይጠነው።
5995d1b5-c7fb-5eb3-ab38-348e9e4d8b36,4d1542d6-5235-52ca-a5e5-b4a4bf8dc7f5,bb40105a-21bb-5a46-a176-8da798acd0e9,8,8,ይህም በእግዚአብሔር ፊት ለልጅ ልጃችሁ የዘወትር ዕጣን ይሆን ዘንድ አሮን በማታ ጊዜ መብራቶቹን ሲያበራ ያጥነዋል።
f3358fbb-a7e4-5cba-ace0-fd9b11211102,4d1542d6-5235-52ca-a5e5-b4a4bf8dc7f5,bb40105a-21bb-5a46-a176-8da798acd0e9,9,9,ሌላም ዕጣን፥ የሚቃጠለውንም መሥዋዕት፥ የእህሉንም ቍርባን አታቀርብበትም፤ የመጠጥም ቍርባን አታፈስስበትም።
f9321bdc-f15d-5338-a847-32fe410945d8,4d1542d6-5235-52ca-a5e5-b4a4bf8dc7f5,bb40105a-21bb-5a46-a176-8da798acd0e9,10,10,አሮንም በዓመት አንድ ጊዜ በቀንዶቹ ላይ ማስተስረያ ያደርጋል፤ በዓመት አንድ ጊዜ ኀጢአትን ከሚያነጻው ደም ይወስዳል፤ የልጅ ልጆቻቸውንም እንዲያነጻ ያደርጋል፤ ይህም ለእግዚአብሔር ቅዱሰ ቅዱሳን ነው።”
f586c842-007e-576a-a260-b5bd66307ea7,4d1542d6-5235-52ca-a5e5-b4a4bf8dc7f5,82476fa4-8027-58ac-a206-18eab56c7fb4,1,11,እግዚአብሔርም ሙሴን እንዲህ ብሎ ተናገረው፦
68adf3c0-0a5e-59eb-aae4-4b064bf95a9d,4d1542d6-5235-52ca-a5e5-b4a4bf8dc7f5,82476fa4-8027-58ac-a206-18eab56c7fb4,2,12,“አንተ የእስራኤልን ልጆች ቍጥር የወሰድህ እንደ ሆነ በቈጠርሃቸው ጊዜ መቅሠፍት እንዳይሆንባቸው፥ በቈጠርሃቸው ጊዜ ከእነርሱ ሰው ሁሉ እንደ ቍጥራቸው መጠን የነፍሱን ቤዛ ለእግዚአብሔር ይስጥ።
f0709fb3-12b0-5258-af0b-062b910c57c6,4d1542d6-5235-52ca-a5e5-b4a4bf8dc7f5,82476fa4-8027-58ac-a206-18eab56c7fb4,3,13,ይቈጠሩ ዘንድ የሚያልፉት ሁሉ የሚሰጡት ይህ ነው፤ እንደ መቅደሱ ሰቅል ሚዛን የሰቅል ግማሽ ይሰጣል። ሰቅሉም ሃያ አቦሊ ነው፤ የሰቅሉም ግማሽ ለእግዚአብሔር ቍርባን ነው።
6d704d04-b46e-5435-ac81-a3dec0c98a9c,4d1542d6-5235-52ca-a5e5-b4a4bf8dc7f5,82476fa4-8027-58ac-a206-18eab56c7fb4,4,14,ይቈጠር ዘንድ የሚያልፈው ሁሉ፥ ከሃያ ዓመት ጀምሮ ከዚያም ከፍ ያለ፥ የእግዚአብሔርን ስጦታ ይሰጣል።
f847e68e-668b-5280-a14f-2d66214b4fcc,4d1542d6-5235-52ca-a5e5-b4a4bf8dc7f5,82476fa4-8027-58ac-a206-18eab56c7fb4,5,15,ለነፍሳችሁ ቤዛ የእግዚአብሔርን ስጦታ ስትሰጡ ባለ ጠጋው ከሰቅል ግማሽ አይጨምር፤ ድሃውም አያጕድል።
d5b70525-9ee8-5e6f-adac-140da0224af2,4d1542d6-5235-52ca-a5e5-b4a4bf8dc7f5,82476fa4-8027-58ac-a206-18eab56c7fb4,6,16,የማስተስረያውንም ገንዘብ ከእስራኤል ልጆች ወስደህ ለምስክሩ ድንኳን ማገልገያ ትሰጠዋለህ፤ በእግዚአብሔርም ፊት ለነፍሳችሁ ቤዛ እንዲሆን ለእስራኤል ልጆች መታሰቢያ ይሁን።”
d48bdf8e-30dc-5ea1-aff2-e713f401e6c2,4d1542d6-5235-52ca-a5e5-b4a4bf8dc7f5,67c2daee-b6c0-55a1-a1ca-762b8a6cc221,1,17,እግዚአብሔርም ሙሴን እንዲህ ብሎ ተናገረው፦
b7d7d1ed-7401-5a6d-a2f9-9df68b302134,4d1542d6-5235-52ca-a5e5-b4a4bf8dc7f5,67c2daee-b6c0-55a1-a1ca-762b8a6cc221,2,18,“የመታጠቢያ ሰን ከናስ፥ መቀመጫውንም ከናስ ሥራ፤ በምስክሩ ድንኳንና በመሠዊያው መካከል ታኖረዋለህ፤ ውኃም ትጨምርበታለህ።
8bf4f120-410d-5b05-af5d-b17696210a37,4d1542d6-5235-52ca-a5e5-b4a4bf8dc7f5,67c2daee-b6c0-55a1-a1ca-762b8a6cc221,3,19,አሮንና ልጆቹም እጆቻቸውንና እግሮቻቸውን ይታጠቡበታል።
83718aa7-4312-5194-af62-734d840c3002,4d1542d6-5235-52ca-a5e5-b4a4bf8dc7f5,67c2daee-b6c0-55a1-a1ca-762b8a6cc221,4,20,ወደ ምስክሩ ድንኳን በገቡ ጊዜ፥ ለእግዚአብሔርም የእሳት መሥዋዕት ያቃጥሉ ዘንድ ወደ መሠዊያው ሊያገለግሉ በቀረቡ ጊዜ እንዳይሞቱ ይታጠቡበታል።
81d2886e-24e5-539a-a310-dea5627fd40b,4d1542d6-5235-52ca-a5e5-b4a4bf8dc7f5,67c2daee-b6c0-55a1-a1ca-762b8a6cc221,5,21,ወደ ምስክሩም ድንኳን በገቡ ጊዜ እንዳይሞቱ እጆቻቸውንና እግሮቻቸውን ይታጠቡ፤ ይህም ለእነርሱ ከእነርሱም በኋላ ለልጆቻቸው የዘለዓለም ሥርዐት ይሆንላቸዋል።”
6e0137b1-de9e-528b-afd4-d769c62d32cc,4d1542d6-5235-52ca-a5e5-b4a4bf8dc7f5,09729d85-6bc5-57bc-a024-f2ee85ca4dca,1,22,እግዚአብሔርም ሙሴን እንዲህ ብሎ ተናገረው፦
288bca4d-409e-5b15-a668-44747f2b4f3d,4d1542d6-5235-52ca-a5e5-b4a4bf8dc7f5,09729d85-6bc5-57bc-a024-f2ee85ca4dca,2,23,“አንተም ክቡሩን ሽቱ ውሰድ፤ የተመረጠ የከርቤ አበባ አምስት መቶ ሰቅል፥ የዚህም ግማሽ ጣፋጭ ቀረፋ ሁለት መቶ አምሳ ሰቅል፤ ያማረ የጠጅ ሣርም እንዲሁ ሁለት መቶ አምሳ ሰቅል፤
83ee8eed-6cbd-559d-a569-49d02cf81ab0,4d1542d6-5235-52ca-a5e5-b4a4bf8dc7f5,09729d85-6bc5-57bc-a024-f2ee85ca4dca,3,24,ብርጉድም አምስት መቶ ሰቅል እንደ መቅደሱ ሰቅል ሚዛን፥ የወይራ ዘይትም አንድ የኢን መስፈሪያ ትወስዳለህ።
014d7386-247e-56d0-a91d-21f1c5f7a853,4d1542d6-5235-52ca-a5e5-b4a4bf8dc7f5,09729d85-6bc5-57bc-a024-f2ee85ca4dca,4,25,በቀማሚም ብልሃት እንደ ተሠራ ቅመም፥ የተቀደሰ የቅብዐት ዘይት ታደርገዋለህ፤ የተቀደሰ የቅብዐት ዘይት ይሆናል።
f5ff6ece-417f-5164-a293-cd04adda7e85,4d1542d6-5235-52ca-a5e5-b4a4bf8dc7f5,09729d85-6bc5-57bc-a024-f2ee85ca4dca,5,26,የምስክሩንም ድንኳን፥ የምስክሩንም ታቦት፥
ea62beb3-78e7-588d-a43b-2cc179757e76,4d1542d6-5235-52ca-a5e5-b4a4bf8dc7f5,09729d85-6bc5-57bc-a024-f2ee85ca4dca,6,27,ገበታውንም፥ ዕቃውንም ሁሉ፥ መቅረዙንም፥ ዕቃውንም፥ የዕጣን መሠዊያውንም፥
cf02cbf0-e88d-513e-a398-37470f43da30,4d1542d6-5235-52ca-a5e5-b4a4bf8dc7f5,09729d85-6bc5-57bc-a024-f2ee85ca4dca,7,28,ለሚቃጠል መሥዋዕት የሚሆነውን መሠዊያና ዕቃውንም ሁሉ፥ የመታጠቢያውን ሰንና መቀመጫውንም ትቀባበታለህ።
9da966a8-4246-5474-acb9-3e57a25439bb,4d1542d6-5235-52ca-a5e5-b4a4bf8dc7f5,09729d85-6bc5-57bc-a024-f2ee85ca4dca,8,29,ሁሉንም ትቀድሳቸዋለህ፤ ቅዱሰ ቅዱሳንም ይሆናሉ፤ የሚነካቸውም ሁሉ ቅዱስ ይሆናል።
9d253955-e82d-5075-a163-85a4fac5e3f5,4d1542d6-5235-52ca-a5e5-b4a4bf8dc7f5,09729d85-6bc5-57bc-a024-f2ee85ca4dca,9,30,በክህነትም ያገለግሉኝ ዘንድ አሮንንና ልጆቹን ቅባቸው፤ ቀድሳቸውም።
3654e0f4-a8fb-5711-a6fe-aa27677772b5,4d1542d6-5235-52ca-a5e5-b4a4bf8dc7f5,09729d85-6bc5-57bc-a024-f2ee85ca4dca,10,31,አንተም ለእስራኤል ልጆች እንዲህ ብለህ ተናገር፤ ይህ ለልጅ ልጃችሁ የተቀደሰ የቅብዐት ዘይት ይሁን።
f6ca84a1-620e-5e14-adce-5e0fa5aa083c,4d1542d6-5235-52ca-a5e5-b4a4bf8dc7f5,09729d85-6bc5-57bc-a024-f2ee85ca4dca,11,32,በሌላ ሰው ሥጋ ላይ አይፍሰስ፤ እንደ እርሱም የተሠራ ሌላ ቅብዐት አታድርጉ፤ ቅዱስ ነው፤ ለእናንተም ቅዱስ ይሁን።
276625e8-1e47-5f19-a64a-bb2c946facd8,4d1542d6-5235-52ca-a5e5-b4a4bf8dc7f5,09729d85-6bc5-57bc-a024-f2ee85ca4dca,12,33,እንደ እርሱ ያለውን የሚያደርግ ሰው፥ በሌላም ሰው ላይ የሚያፈስሰው ከሕዝቡ ተለይቶ ይጥፋ።”
7e03240b-25c2-5ec0-a2e4-caeb176c29f7,4d1542d6-5235-52ca-a5e5-b4a4bf8dc7f5,6e8438a4-764d-55e4-a2ea-fb6ae619ac08,1,34,እግዚአብሔርም ሙሴን አለው፥ “ጣፋጭ ሽቱ ውሰድ፤ የሚንጠባጠብ ሙጫ፥ በዛጎል ውስጥ የሚገኝ ሽቱ፥ የሚሸትትም ሙጫ፥ ጥሩም ዕጣን ውሰድ፤ የሁሉም መጠን ትክክል ይሁን።
62003be3-38e5-5452-a648-00f26ef8e254,4d1542d6-5235-52ca-a5e5-b4a4bf8dc7f5,6e8438a4-764d-55e4-a2ea-fb6ae619ac08,2,35,በቀማሚ ብልሃት እንደ ተሠራ፥ የተቀመመ ንጹሕና ቅዱስ ዕጣን አድርገው።
75b91ff3-d0c7-5c16-ab46-8e02f433988e,4d1542d6-5235-52ca-a5e5-b4a4bf8dc7f5,6e8438a4-764d-55e4-a2ea-fb6ae619ac08,3,36,ከእርሱም ጥቂት ትወቅጣለህ፤ ታልመውማለህ፤ ከዚያም ለአንተ በምገለጥበት በምስክሩ ድንኳን ውስጥ በምስክሩ ፊት ታኖረዋለህ። እርሱም ቅዱሰ ቅዱሳን ይሁንላችሁ።
f0ed7e2c-9606-5f5c-a3b4-04a80a3cde73,4d1542d6-5235-52ca-a5e5-b4a4bf8dc7f5,6e8438a4-764d-55e4-a2ea-fb6ae619ac08,4,37,በዚህም አሠራር የዚህን ዕጣን ዐይነት ለእናንተ አታድርጉ፤ በእናንተም ዘንድ ለእግዚአብሔር የተቀደሰ ይሁን።
c3bf7db2-789c-51c5-a2e2-d770e8eb31a1,4d1542d6-5235-52ca-a5e5-b4a4bf8dc7f5,6e8438a4-764d-55e4-a2ea-fb6ae619ac08,5,38,ሊያሸትተውም እንደ እርሱ የሚያደርግ ሰው ከሕዝቡ ተለይቶ ይጥፋ።”
341dc6d6-4364-555b-a845-d8174e8d7e17,2c2e5148-12a7-5e49-a0c2-3e8333c548d7,9784e76a-80ff-5d34-a284-bed708813506,1,1,እግዚአብሔርም ሙሴን እንዲህ ብሎ ተናገረው፦
ff59611d-4c3c-5e4a-a7b5-cf0297cda759,2c2e5148-12a7-5e49-a0c2-3e8333c548d7,9784e76a-80ff-5d34-a284-bed708813506,2,2,“እይ! ከይሁዳ ነገድ የሚሆን የሆር የልጅ ልጅ የኡሪ ልጅ ባስልኤልን በስሙ ጠርቼዋለሁ።
15f3033b-e83a-57bc-a77f-3cf0a15d2532,2c2e5148-12a7-5e49-a0c2-3e8333c548d7,9784e76a-80ff-5d34-a284-bed708813506,3,3,በሥራ ሁሉ ያስተውል ዘንድ በጥበብም፥ በማስተዋልም፥ በዕውቀትም የእግዚአብሔርን መንፈስ ሞላሁበት፤
0a98f4e8-7fce-5edc-adca-3e1c06ccd0f0,2c2e5148-12a7-5e49-a0c2-3e8333c548d7,9784e76a-80ff-5d34-a284-bed708813506,4,4,የአናጺዎች አለቃ ይሆን ዘንድ ወርቅንና ብርን፥ ናስንም፥ ብጫና ሰማያዊ፥ እጥፍ ሆኖ የተፈተለ ነጭና ቀይ ሐርን ይሠራ ዘንድ፤
6afc3008-5634-5a71-a58d-0c5277fbf684,2c2e5148-12a7-5e49-a0c2-3e8333c548d7,9784e76a-80ff-5d34-a284-bed708813506,5,5,በሥራውም ሁሉ የሚደረገውን የድንጋይ ማለዘብን፥ ከዕንጨትም የሚጠረበውን ይሠራ ዘንድ።
a313d23a-4538-5675-ac70-874bb623ec3b,2c2e5148-12a7-5e49-a0c2-3e8333c548d7,9784e76a-80ff-5d34-a284-bed708813506,6,6,እኔም እነሆ፥ ከዳን ነገድ የሚሆን የአሂሳሚክን ልጅ ኤልያብን ሰጠሁ፤ ያዘዝሁህን ሁሉ ያደርጉ ዘንድ በልባቸው ጥበበኞች ለሆኑት ሁሉ ዕውቅትን ሰጠሁ።
32ba5df3-446f-5700-aeab-1583322c4feb,2c2e5148-12a7-5e49-a0c2-3e8333c548d7,9784e76a-80ff-5d34-a284-bed708813506,7,7,የምስክሩን ድንኳን፥ የቃል ኪዳኑንም ታቦት፥ በእርሱም ላይ ያለውን የስርየት መክደኛውን፥ የድንኳኑንም ዕቃ ሁሉ፤
ec29f7df-3c3b-50cb-a122-fa0972562a38,2c2e5148-12a7-5e49-a0c2-3e8333c548d7,9784e76a-80ff-5d34-a284-bed708813506,8,8,የዕጣን መሠዊያውን፥ ገበታውንም፥ ዕቃውንም፥ ከዕቃው ሁሉ የነጻውን መቅረዝ፥
40945ea9-fba8-5ec2-aa50-8e6d485343c2,2c2e5148-12a7-5e49-a0c2-3e8333c548d7,9784e76a-80ff-5d34-a284-bed708813506,9,9,ለሚቃጠል መሥዋዕት የሚሆነውን መሠዊያ፥ ዕቃውንም ሁሉ፥ የመታጠቢያውን ሰንና መቀመጫውንም፥
ed41a04e-1d6a-558b-a37e-876f5666e439,2c2e5148-12a7-5e49-a0c2-3e8333c548d7,9784e76a-80ff-5d34-a284-bed708813506,10,10,በክህነት እኔን የሚያገለግሉበትን የካህኑን የአሮንን ልብሰ ተክህኖና የልጆቹን ልብስ፥
84c78d0c-4c56-55b4-a616-8cf23eacd9a9,2c2e5148-12a7-5e49-a0c2-3e8333c548d7,9784e76a-80ff-5d34-a284-bed708813506,11,11,የሚቀቡትን የቅብዐቱንም ዘይት፥ ለመቅደሱ የሚያጥኑትን ዕጣን እንዳዘዝሁህ ሁሉ ያድርጉ።”
5e282a00-5eb8-5225-a152-a7b232403186,2c2e5148-12a7-5e49-a0c2-3e8333c548d7,52a6b333-20d3-51b7-a0e6-742497460950,1,12,እግዚአብሔርም ሙሴን እንዲህ ሲል ተናገረው፦
508a32c9-072e-57c4-a532-2b4d02e175d7,2c2e5148-12a7-5e49-a0c2-3e8333c548d7,52a6b333-20d3-51b7-a0e6-742497460950,2,13,“ለእስራኤል ልጆች እንዲህ ብለህ ንገራቸው፦ እኔ የምቀድሳችሁ እግዚአብሔር እንደ ሆንሁ ታውቁ ዘንድ በእኔና በእናንተ ዘንድ ለልጅ ልጃችሁ ምልክት ነውና ሰንበቴን ፈጽሞ ጠብቁ።
c81dfc54-e0b2-5500-a1d0-55cba87392be,2c2e5148-12a7-5e49-a0c2-3e8333c548d7,52a6b333-20d3-51b7-a0e6-742497460950,3,14,ለእናንተ በእግዚአብሔር የተቀደሰች ናትና ሰንበቴን ጠብቁ፤ የሚያረክሳትም ሰው ሁሉ ፈጽሞ ይገደል፤ ሥራንም በእርስዋ የሠራ ሰው ሁሉ ያች ነፍስ ከሕዝብዋ መካከል ተለይታ ትጥፋ።
7f8a160d-bdfa-556a-afca-230f2d22d9eb,2c2e5148-12a7-5e49-a0c2-3e8333c548d7,52a6b333-20d3-51b7-a0e6-742497460950,4,15,ስድስት ቀን ሥራህን ሥራ፤ ሰባተኛዋ ቀን ግን ለእግዚአብሔር የተቀደስች የዕረፍት ሰንበት ናት፤ በሰንበት ቀን የሚሠራ ሁሉ ፈጽሞ ይገደል።
960b03b3-6364-53d9-aae6-23e320b9d62b,2c2e5148-12a7-5e49-a0c2-3e8333c548d7,52a6b333-20d3-51b7-a0e6-742497460950,5,16,የእስራኤልም ልጆች ለልጅ ልጃቸው ለዘለዓለም ቃል ኪዳን ዕረፍት ያደርጉ ዘንድ ሰንበትን ይጠብቁ።
67e36a26-309d-506b-ae81-5a0533822f3a,2c2e5148-12a7-5e49-a0c2-3e8333c548d7,52a6b333-20d3-51b7-a0e6-742497460950,6,17,እግዚአብሔር ሰማይንና ምድርን በስድስት ቀን ስለ ፈጠረ፥ በሰባተኛውም ቀን ሥራውን ፈጽሞ ስላረፈ፥ በእኔና በእስራኤል ልጆች ዘንድ የዘለዓለም ምልክት ነው።”
f64c0978-bcaa-589c-ad4c-ecfd3f1f32de,2c2e5148-12a7-5e49-a0c2-3e8333c548d7,52a6b333-20d3-51b7-a0e6-742497460950,7,18,እግዚአብሔርም ከእርሱ ጋር በሲና ተራራ የተናገረውን በፈጸመ ጊዜ ሁለቱን የምስክር ጽላት፥ በእግዚአብሔር ጣት የተጻፈባቸውን የድንጋይ ጽላት ለሙሴ ሰጠው።
c242a54a-951f-52f1-a6de-e51723b2c659,45f8facc-d9a1-5e6e-a7be-fdc221ec7145,044a68b0-7d9f-5784-aaad-8d11dabc6e8c,1,1,ሕዝቡም ሙሴ ከተራራው ሳይወርድ እንደ ዘገየ ባዩ ጊዜ፥ ወደ አሮን ተሰብስበው፥ “ይህ ከግብፅ ምድር ያወጣን ሰው ሙሴ ምን እንደ ሆነ አናውቅምና ተነሥተህ በፊታችን የሚሄዱ አማልክት ሥራልን” አሉት።
872ace81-deb5-557e-ad9c-c5f69a0ef103,45f8facc-d9a1-5e6e-a7be-fdc221ec7145,044a68b0-7d9f-5784-aaad-8d11dabc6e8c,2,2,አሮንም፥ “በሚስቶቻችሁና በሴቶች ልጆቻችሁ ጆሮ ያሉትን የወርቅ ጌጦች አምጡልኝ” አላቸው።
61d9db48-a553-5b93-a68c-2c87e3a21e3a,45f8facc-d9a1-5e6e-a7be-fdc221ec7145,044a68b0-7d9f-5784-aaad-8d11dabc6e8c,3,3,ሕዝቡም ሁሉ በጆሮዎቻቸው ያሉትን የወርቅ ጌጦች ወደ አሮን አመጡለት።
1da33273-d407-5de7-a1e5-7b14f82f0287,45f8facc-d9a1-5e6e-a7be-fdc221ec7145,044a68b0-7d9f-5784-aaad-8d11dabc6e8c,4,4,ከእጃቸውም ተቀብሎ በመቅረጫ ቀረጸው፤ ቀልጦ የተሠራ ጥጃም አደረገው፤ እርሱም፥ “እስራኤል ሆይ፥ እነዚህ ከግብፅ ምድር ያወጡህ አማልክትህ ናቸው” አላቸው።
da9f200a-2675-51eb-a596-2420dbbbf73e,45f8facc-d9a1-5e6e-a7be-fdc221ec7145,044a68b0-7d9f-5784-aaad-8d11dabc6e8c,5,5,አሮንም በአየው ጊዜ መሠዊያውን በፊቱ ሠራ፤ አሮንም፥ “ነገ የእግዚአብሔር በዓል ነው” ሲል አወጀ።
b489f05c-d5cf-55d8-a42c-c6b292c04f0d,45f8facc-d9a1-5e6e-a7be-fdc221ec7145,044a68b0-7d9f-5784-aaad-8d11dabc6e8c,6,6,አሮንም በነጋው ማልዶ ተነሣ፤ የሚቃጠል መሥዋዕትንም ሠዋ፤ የደኅንነት መሥዋዕትንም አቀረበ ሕዝቡም ሊበሉና ሊጠጡ ተቀመጡ፤ ሊዘፍኑም ተነሡ።
e8d88bdf-a563-546d-add6-29cfe2567190,45f8facc-d9a1-5e6e-a7be-fdc221ec7145,044a68b0-7d9f-5784-aaad-8d11dabc6e8c,7,7,እግዚአብሔርም ሙሴን ተናገረው እንዲህም አለው፥ “ከግብፅ ምድር ያወጣኻቸው ሕዝብህ በድለዋልና ሂድ፤ ፈጥነህ ውረድ።
ced16465-7965-5626-a2f8-b8dbc05b6ebd,45f8facc-d9a1-5e6e-a7be-fdc221ec7145,044a68b0-7d9f-5784-aaad-8d11dabc6e8c,8,8,ካዘዝኋቸው መንገድ ፈጥነው ፈቀቅ አሉ፤ ቀልጦ የተሠራ የጥጃ ምስል ለራሳቸው አደረጉ፤ ሰገዱለትም፤ ሠዉለትም፤
b7c07231-6aa9-526d-a86a-17f06094600b,45f8facc-d9a1-5e6e-a7be-fdc221ec7145,044a68b0-7d9f-5784-aaad-8d11dabc6e8c,9,9,‘እስራኤል ሆይ፥ እነዚህ ከግብፅ ምድር ያወጡህ አማልክትህ ናቸው’ አሉ።
5c32a53e-4ce9-5d17-ae3e-61652871afe8,45f8facc-d9a1-5e6e-a7be-fdc221ec7145,044a68b0-7d9f-5784-aaad-8d11dabc6e8c,10,10,አሁንም ተቈጥቼ አጠፋቸው ዘንድ ተወኝ፤ አንተንም ለታላቅ ሕዝብ አደርግሃለሁ።”
8100a197-60e6-5e38-ae55-ad4f4689c07c,45f8facc-d9a1-5e6e-a7be-fdc221ec7145,044a68b0-7d9f-5784-aaad-8d11dabc6e8c,11,11,ሙሴም በእግዚአብሔር በአምላኩ ፊት ጸለየ፤ አለም፥ “አቤቱ፥ በታላቅ ኀይልና በጽኑ እጅ ከግብፅ ምድር በአወጣኸው በሕዝብህ ላይ ለምን ተቈጣህ?
816506a6-80cc-5925-ac63-63c9fec237f2,45f8facc-d9a1-5e6e-a7be-fdc221ec7145,044a68b0-7d9f-5784-aaad-8d11dabc6e8c,12,12,ግብፃውያንስ፦ ‘በተራራ መካከል ሊገድላቸው፥ ከምድርም ፊት ሊያጠፋቸው ለክፋት አወጣቸው’ ብለው ስለ ምን ይናገራሉ? ከመዓትህ ተመለስ፤ ለሕዝብህም በክፋታቸው ላይ ራራ።
f5bd40c0-0aab-567b-ab6f-f2c319ec6409,45f8facc-d9a1-5e6e-a7be-fdc221ec7145,044a68b0-7d9f-5784-aaad-8d11dabc6e8c,13,13,ዘራችሁን እንደ ሰማይ ከዋክብት አበዛለሁ፤ ይህችንም የተናገርኋትን ምድር ሁሉ ለዘራችሁ እሰጣታለሁ፤ ለዘለዓለምም ይወርሱአታል ብለህ በራስህ የማልህላቸው ባሪያዎችህን አብርሃምንና ይስሐቅን ያዕቆብንም ዐስብ።”
be3811fe-e74d-507b-a5a8-29a4b7af2ec8,45f8facc-d9a1-5e6e-a7be-fdc221ec7145,044a68b0-7d9f-5784-aaad-8d11dabc6e8c,14,14,እግዚአብሔርም በሕዝቡ ላይ ሊያደርግ ስላሰበው ክፋት ይቅር አለ።
99c98e1a-835d-5875-ab14-5713d6eccd5f,45f8facc-d9a1-5e6e-a7be-fdc221ec7145,044a68b0-7d9f-5784-aaad-8d11dabc6e8c,15,15,ሙሴም ተመለሰ፤ ሁለቱንም የምስክር ጽላት በእጁ ይዞ ከተራራው ወረደ፤ የድንጋይ ጽላቱም በዚህና በዚያ በሁለት ወገን ተጽፎባቸው ነበር።
1fd822e0-b36b-5889-a98f-a8086a93686c,45f8facc-d9a1-5e6e-a7be-fdc221ec7145,044a68b0-7d9f-5784-aaad-8d11dabc6e8c,16,16,ጽላቱ የእግዚአብሔር ሥራ ነበሩ፤ ጽሕፈቱም በጽላቱ ላይ የተቀረጸባቸው የእግዚአብሔር ጽሕፈት ነበረ።
73da1178-7f2b-5352-a965-8de1d300fa4c,45f8facc-d9a1-5e6e-a7be-fdc221ec7145,044a68b0-7d9f-5784-aaad-8d11dabc6e8c,17,17,ኢያሱም ሲጮሁ የሕዝቡን ድምፅ ሰምቶ ሙሴን፥ “የሰልፍ ድምፅ በሰፈሩ ውስጥ አለ” አለው።
0dd7ef30-d7e2-5147-abe5-1dbf323c84b0,45f8facc-d9a1-5e6e-a7be-fdc221ec7145,044a68b0-7d9f-5784-aaad-8d11dabc6e8c,18,18,ሙሴም፥ “ይህ የድል ነሺዎች ወይም የድል ተነሺዎች ድምፅ አይደለም፤ ነገር ግን የወይን ስካር ድምፅ እሰማለሁ” አለው።
801c95ef-f7c4-55be-a492-6fe6a45fea54,45f8facc-d9a1-5e6e-a7be-fdc221ec7145,044a68b0-7d9f-5784-aaad-8d11dabc6e8c,19,19,እንዲህም ሆነ፤ ወደ ሰፈሩ ሲቀርብ ጥጃውንም ዘፈኑንም አየ፤ የሙሴም ቍጣ ተቃጠለ፤ እነዚያንም ሁለቱን ጽላት ከእጁ ጥሎ ከተራራው በታች ሰበራቸው።
1d70c41f-4411-50e7-a6f1-27a69483becf,45f8facc-d9a1-5e6e-a7be-fdc221ec7145,044a68b0-7d9f-5784-aaad-8d11dabc6e8c,20,20,የሠሩትንም ጥጃ ወስዶ በእሳት አቀለጠው፤ ፈጨው፤ አደቀቀውም፤ በውኃም ላይ በተነው፤ ለእስራኤልም ልጆች አጠጣቸው።
4eae0b7e-9014-58aa-a591-c37318b60e62,45f8facc-d9a1-5e6e-a7be-fdc221ec7145,044a68b0-7d9f-5784-aaad-8d11dabc6e8c,21,21,ሙሴም አሮንን፥ “ይህን ታላቅ ኀጢአት ታመጣበት ዘንድ ይህ ሕዝብ ምን አደረገህ?” አለው።
711655fc-6281-579c-addf-250c6a28906a,45f8facc-d9a1-5e6e-a7be-fdc221ec7145,044a68b0-7d9f-5784-aaad-8d11dabc6e8c,22,22,አሮንም እንዲህ አለ፥ “ጌታዬ ሆይ፥ በእኔ ላይ አትቈጣ፤ የዚህን ሕዝብ ጠባይ አንተ ታውቃለህ።
e3db7b97-6068-5cf6-a5e3-83e854c7fa88,45f8facc-d9a1-5e6e-a7be-fdc221ec7145,044a68b0-7d9f-5784-aaad-8d11dabc6e8c,23,23,እነርሱም ይህ ከግብፅ ምድር ያወጣን ሰው ሙሴ ምን እንደ ሆነ አናውቅምና በፊታችን የሚሄዱ አማልክት ሥራልን አሉኝ።
55162849-d332-5fe5-a4fa-3a77b8ee4e30,45f8facc-d9a1-5e6e-a7be-fdc221ec7145,044a68b0-7d9f-5784-aaad-8d11dabc6e8c,24,24,እኔም ከእናንተ ወርቅ ያለው ሰው ያምጣልኝ አልኋቸው፤ ሰጡኝም፤ በእሳትም ላይ ጣልሁት፤ ይህም ጥጃ ወጣ።”
8a585c74-c47b-5522-a179-b7ad1ee7f03a,45f8facc-d9a1-5e6e-a7be-fdc221ec7145,044a68b0-7d9f-5784-aaad-8d11dabc6e8c,25,25,ሙሴም በጠላቶቻቸው ፊት እንዲነወሩ አሮን ስድ ለቅቆአቸዋልና ሕዝቡ ስድ እንደ ተለቀቀ በአየ ጊዜ፥
3e86054b-37db-586b-a5c7-2d3d892176a5,45f8facc-d9a1-5e6e-a7be-fdc221ec7145,044a68b0-7d9f-5784-aaad-8d11dabc6e8c,26,26,ሙሴ በሰፈሩ ደጅ ቆሞ፥ “የእግዚአብሔር ወገን የሆነ ወደ እኔ ይምጣ” አለ፤ የሌዊ ልጆች ሁሉ ወደ እርሱ ተሰበሰቡ።
ece00744-fd4c-5e52-a18e-4214957540de,45f8facc-d9a1-5e6e-a7be-fdc221ec7145,044a68b0-7d9f-5784-aaad-8d11dabc6e8c,27,27,እርሱም፦ የእስራኤል አምላክ እግዚአብሔር እንዲህ ይላል፥ “እያንዳንዱ ሰይፉን በወገቡ ላይ ይታጠቅ፤ ሂዱና በሰፈሩ ውስጥ ከበር እስከ በር ተመላለሱ፤ እያንዳንዱም ወንድሙን፥ እያንዳንዱም ጎረቤቱን፥ እያንዳንዱም የቅርቡን ይግደል” አላቸው።
c0f14ae4-a473-5937-a092-58dbea92a6b1,45f8facc-d9a1-5e6e-a7be-fdc221ec7145,044a68b0-7d9f-5784-aaad-8d11dabc6e8c,28,28,የሌዊም ልጆች ሙሴ እንዳለ አደረጉ፤ በዚያም ቀን ከሕዝቡ ሦስት ሺህ ሰዎች ሞቱ።
245d4b2f-6d99-522a-af24-f160b85b0e75,45f8facc-d9a1-5e6e-a7be-fdc221ec7145,044a68b0-7d9f-5784-aaad-8d11dabc6e8c,29,29,ሙሴም፥ “ዛሬ በረከትን እንዲያወርድላችሁ ከእናንተ እያንዳንዱ ከልጁና፥ ከወንድሙ የተነሣ እግዚአብሔርን በእጃችሁ ደስ አሰኛችሁት” አላቸው።
8d9ac3d9-eadb-5245-a3fe-8d06654af4ff,45f8facc-d9a1-5e6e-a7be-fdc221ec7145,044a68b0-7d9f-5784-aaad-8d11dabc6e8c,30,30,በነጋውም ሙሴ ለሕዝቡ፥ “እናንተ ታላቅ በደል ሠርታችኋል፤ አሁንም አስተሰርይላችሁ ዘንድ ወደ እግዚአብሔር እወጣለሁ፤” አላቸው።
5ac9454b-0b6c-5f3e-abe8-058da19150d0,45f8facc-d9a1-5e6e-a7be-fdc221ec7145,044a68b0-7d9f-5784-aaad-8d11dabc6e8c,31,31,ሙሴም ወደ እግዚአብሔር ተመልሶ፥ “ጌታዬ ሆይ፥ እለምንሃለሁ፤ እኒህ ሕዝብ ታላቅ ኀጢአት ሠርተዋል፤ ለራሳቸውም የወርቅ አማልክት አድርገዋል፤
7018be37-6bb8-575b-a22e-84befef8a403,45f8facc-d9a1-5e6e-a7be-fdc221ec7145,044a68b0-7d9f-5784-aaad-8d11dabc6e8c,32,32,አሁንም ይህን ኀጢአታቸውን ይቅር ትላቸው እንደሆነ ይቅር በላቸው፤ ያለዚያ ግን ከጻፍኸው መጽሐፍ ደምስሰኝ” አለ።
822e606f-5fa0-5a13-aafe-e73588a8210d,45f8facc-d9a1-5e6e-a7be-fdc221ec7145,044a68b0-7d9f-5784-aaad-8d11dabc6e8c,33,33,እግዚአብሔርም ሙሴን፥ “በፊቴ የበደለውን እርሱን ከመጽሐፌ እደመስሰዋለሁ።
16909a47-4405-5887-a5e5-65a2f3a34959,45f8facc-d9a1-5e6e-a7be-fdc221ec7145,044a68b0-7d9f-5784-aaad-8d11dabc6e8c,34,34,አሁንም ሂድ፤ ይህንም ሕዝብ ወደ ነገርሁህ ቦታ ምራ፤ እነሆ፥ መልአኬ በፊትህ ይሄዳል፤ ነገር ግን በምጐበኝበት ቀን ኀጢአታቸውን አመጣባቸዋለሁ” አለው።
686b5bbb-960f-5912-accf-632a1d4e1bd3,45f8facc-d9a1-5e6e-a7be-fdc221ec7145,044a68b0-7d9f-5784-aaad-8d11dabc6e8c,35,35,አሮን የሠራውን ጥጃ ስለ ሠሩ እግዚአብሔር ሕዝቡን ቀሠፈ።
2f41ffe8-8a3e-5918-af5e-f8415bd4a99f,ba4e89a6-14a9-5761-a799-aef18d4cfb29,4c337caa-7327-5b41-af0c-beeb686d8d0d,1,1,እግዚአብሔርም ሙሴን እንዲህ ብሎ ተናገረው፥ “ሂድ፤ አንተ ከግብፅ ከአወጣኸው ሕዝብህ ጋር ለአብርሃምና ለይስሐቅ ለያዕቆብም ለዘራችሁ እሰጣታለሁ ብዬ ወደ ማልሁባት ምድር ውጣ።
3236112e-f164-5a17-ac71-3a335d04612b,ba4e89a6-14a9-5761-a799-aef18d4cfb29,4c337caa-7327-5b41-af0c-beeb686d8d0d,2,2,መልአኬንም ከአንተ ጋር በፊትህ እልካለሁ፤ ከነዓናዊውን፥ አሞሬዎናዊውንም፥ ኬጤዎናዊውንም፥ ፌርዜዎናዊውንም፥ ጌርጌሴዎናዊውን፥ ኤዌዎናውዊውንም፥ ኢያቡሴዎናዊውንም ያወጣቸዋል።
a824a3b9-d0ea-5564-a315-26eee5f9b5d4,ba4e89a6-14a9-5761-a799-aef18d4cfb29,4c337caa-7327-5b41-af0c-beeb686d8d0d,3,3,ወተትና ማርም ወደምታፈስሰው ምድር አስገባሃለሁ፤ አንገተ ደንዳና ስለሆኑ ሕዝብህ በመንገድ ላይ እንዳላጠፋህ እኔ ከአንተ ጋር አልወጣም።”
d164bc57-eb41-5578-ae8c-0c88fa86bd36,ba4e89a6-14a9-5761-a799-aef18d4cfb29,4c337caa-7327-5b41-af0c-beeb686d8d0d,4,4,ሕዝቡም ይህን ክፉ ወሬ ሰምተው ታላቅ ኀዘን አዘኑ፤
b91ef478-ba66-5152-ab78-e41758187c47,ba4e89a6-14a9-5761-a799-aef18d4cfb29,4c337caa-7327-5b41-af0c-beeb686d8d0d,5,5,እግዚአብሔርም ሙሴን፥ “ለእስራኤል ልጆች እናንተ አንገተ ደንዳና ሕዝብ ናችሁ፤ ሌላ መቅሠፍት እንዳላመጣባችሁና እንዳላጠፋችሁ ተጠንቀቁ፤ አሁንም የክብር ልብሳችሁንና ጌጣችሁን ከእናንተ አውጡ፤ የማደርግባችሁንም አሳያችኋለሁ በላቸው” አለው።
f4668477-513d-5949-a321-0d07855745d2,ba4e89a6-14a9-5761-a799-aef18d4cfb29,4c337caa-7327-5b41-af0c-beeb686d8d0d,6,6,የእስራኤልም ልጆች ከኮሬብ ተራራ ጀምረው ልብሶቻቸውንና ጌጦቻቸውን አወጡ።
dac1d1cb-15a1-546a-acda-181cb8d7f5ff,ba4e89a6-14a9-5761-a799-aef18d4cfb29,5cde1cd0-3dd2-5d48-a227-92d850ba113d,1,7,ሙሴም ድንኳኑን ወስዶ ከሰፈር ውጭ ይተክለው ነበር፤ ከሰፈሩም ራቅ ያደርገው ነበር፤ “የምስክሩም ድንኳን” ብሎ ጠራው። እግዚአብሔርንም የፈለገ ሁሉ ከሰፈር ውጭ ወደአለው ወደ ድንኳኑ ይወጣ ነበር።
04848b38-0446-50ec-a972-7c7a49392007,ba4e89a6-14a9-5761-a799-aef18d4cfb29,5cde1cd0-3dd2-5d48-a227-92d850ba113d,2,8,ሙሴም ከሰፈር ውጭ ወደአለው ድንኳን በሄደ ጊዜ ሕዝቡ ሁሉ፥ እያንዳንዱም በድንኳኑ ደጃፍ እየጠበቀ ይቆም ነበር፤ ሙሴም ወደ ድንኳኑ እስኪገባ ድረስ ይመለከቱት ነበር።
c0ec63cd-8b13-51fa-ab92-bfed8af9c621,ba4e89a6-14a9-5761-a799-aef18d4cfb29,5cde1cd0-3dd2-5d48-a227-92d850ba113d,3,9,ሙሴም ወደ ድንኳኑ በገባ ጊዜ ዐምደ ደመና ይወርድ ነበር፤ በድንኳኑም ደጃፍ ይቆም ነበር፤ እግዚአብሔርም ሙሴን ይናገረው ነበር።
253756bd-5c59-5537-a844-9f9b0789c00c,ba4e89a6-14a9-5761-a799-aef18d4cfb29,5cde1cd0-3dd2-5d48-a227-92d850ba113d,4,10,ሕዝቡም ሁሉ ዐምደ ደመናው በድንኳኑ ደጃፍ ሲቆም ያየው ነበር፤ ሕዝቡም ሁሉ ተነሥቶ እያንዳንዱ በድንኳኑ ደጃፍ ይሰግድ ነበር።
dcf3ce50-d974-5d10-aec6-145dbc9caaa3,ba4e89a6-14a9-5761-a799-aef18d4cfb29,5cde1cd0-3dd2-5d48-a227-92d850ba113d,5,11,እግዚአብሔርም፥ ሰው ከባልንጀራው ጋር እንደሚነጋገር ፊት ለፊት ከሙሴ ጋር ይነጋገር ነበር። ሙሴም ወደ ሰፈሩ ይመለስ ነበር፤ ነገር ግን አገልጋዩ ብላቴና የነዌ ልጅ ኢያሱ ከድንኳኑ አይወጣም ነበር።
30068418-f6cd-568a-aa94-d188042e047f,ba4e89a6-14a9-5761-a799-aef18d4cfb29,7268859c-b7f0-55c2-a89e-6c4e63360dc9,1,12,ሙሴም እግዚአብሔርን፥ “እነሆ፥ አንተ፦ ይህን ሕዝብ አውጣ ትለኛለህ፤ ነገር ግን ከእኔ ጋር የምትልከውን አላስታወቅኸኝም። አንተም ከሁሉ ይልቅ ዐወቅሁህ፥ ደግሞም በእኔ ፊት ሞገስን አገኘህ አልኸኝ።
bb4439b6-4fc7-5bdb-a20f-16d6a1b9f5dc,ba4e89a6-14a9-5761-a799-aef18d4cfb29,7268859c-b7f0-55c2-a89e-6c4e63360dc9,2,13,አሁንም በፊትህ ሞገስን አግኝቼ እንደ ሆነ፥ ዐውቅህ ዘንድ በፊትህም ሞገስን አገኝ ዘንድ ይህም ትልቅ ሕዝብ ሕዝብህ እንደ ሆነ ዐውቅ ዘንድ ተገለጥልኝ” አለው።
7f025067-a501-5195-a78b-64cf5f4926ae,ba4e89a6-14a9-5761-a799-aef18d4cfb29,7268859c-b7f0-55c2-a89e-6c4e63360dc9,3,14,እግዚአብሔርም፥ “እኔ በፊትህ እሄዳለሁ፥ አሳርፍህማለሁ” አለው።
e7263f57-00c1-521e-a58b-1815d063e71a,ba4e89a6-14a9-5761-a799-aef18d4cfb29,7268859c-b7f0-55c2-a89e-6c4e63360dc9,4,15,እርሱም፥ “አንተ ከእኛ ጋር ካልወጣህስ፥ ከዚህ አታውጣን።
4b5d6622-b6a4-5410-a6dc-495bc0764f77,ba4e89a6-14a9-5761-a799-aef18d4cfb29,7268859c-b7f0-55c2-a89e-6c4e63360dc9,5,16,በምድርም ከአለው ሕዝብ ሁሉ እኔና ሕዝብህ ተለይተን እንከብር ዘንድ አንተ ከእኛ ጋር ካልሄድህ፥ እኔና ሕዝብህ በአንተ ዘንድ በእውነት ሞገስ ማግኘታችን በምን ይታወቃል?” አለው።
eff3eb59-eea0-5aa2-a427-7f6a857e36e3,ba4e89a6-14a9-5761-a799-aef18d4cfb29,7268859c-b7f0-55c2-a89e-6c4e63360dc9,6,17,እግዚአብሔርም ሙሴን አለው፥ “ይህን ያልኸኝን ነገር አደርግልሃለሁ፤ በፊቴ ሞገስን አግኝተሀልና ከሁሉ ይልቅ ዐውቄሃለሁና”አለው።
ac6912b0-885c-5641-a1a8-e1cd6dae4bb6,ba4e89a6-14a9-5761-a799-aef18d4cfb29,7268859c-b7f0-55c2-a89e-6c4e63360dc9,7,18,እርሱም፥ “ክብርህን አሳየኝ” አለው።
507ff583-d871-5893-a296-cb0841df356f,ba4e89a6-14a9-5761-a799-aef18d4cfb29,7268859c-b7f0-55c2-a89e-6c4e63360dc9,8,19,እግዚአብሔርም፥ “እኔ በክብሬ በፊትህ አልፋለሁ፤ የእግዚአብሔርንም ስም በፊትህ እጠራለሁ፤ ይቅርም የምለውን ይቅር እላለሁ፤ የምምረውንም እምራለሁ” አለ።
da097444-f431-55c1-a60c-8b2960e7922f,ba4e89a6-14a9-5761-a799-aef18d4cfb29,7268859c-b7f0-55c2-a89e-6c4e63360dc9,9,20,እግዚአብሔርም ሙሴን፥ “ሰው አይቶኝ አይድንምና ፊቴን ማየት አይቻልህም” አለ።
81baa73c-28d0-5e0c-a957-06a95fe47cc8,ba4e89a6-14a9-5761-a799-aef18d4cfb29,7268859c-b7f0-55c2-a89e-6c4e63360dc9,10,21,እግዚአብሔርም ሙሴን፥ “እነሆ፥ ስፍራ በእኔ ዘንድ አለ፥ በዐለቱም ላይ ትቆማለህ፤
83a6548e-3842-545e-a3f8-679dc8a8c1a7,ba4e89a6-14a9-5761-a799-aef18d4cfb29,7268859c-b7f0-55c2-a89e-6c4e63360dc9,11,22,ክብሬም በአለፈ ጊዜ በአለቱ ስንጥቅ ውስጥ አኖርሃለሁ፤
453d0630-c73c-539c-ae7c-35cb95a8d9a1,ba4e89a6-14a9-5761-a799-aef18d4cfb29,7268859c-b7f0-55c2-a89e-6c4e63360dc9,12,23,እስከ አልፍም ድረስ እጄን በላይህ እጋርዳለሁ፤ እጄንም ፈቀቅ አደርጋለሁ፤ በዚያ ጊዜ ጀርባዬን ታያለህ፤ ፊቴ ግን ለአንተ አይታይም።”
21518956-ca00-5ef7-a45f-89e212ad0a49,d777a4bb-7fc7-5b5a-affd-84c741b8298e,42ceaa29-9d31-5ed9-a426-b39c6f2bc669,1,1,እግዚአብሔርም ሙሴን አለው፥ “ሁለት የድንጋይ ጽላት እንደ ፊተኞቹ አድርገህ ቅረጽ፤ ወደ እኔም ወደ ተራራ ውጣ፤ በሰበርሃቸው በፊተኞቹ ጽላት የነበሩትን ቃላት እጽፍባቸዋለሁ።
c53ccc2a-cf20-59bf-ac45-5436b79a293f,d777a4bb-7fc7-5b5a-affd-84c741b8298e,42ceaa29-9d31-5ed9-a426-b39c6f2bc669,2,2,ለጥዋትም የተዘጋጀህ ሁን፤ ወደ ሲና ተራራ ወጥተህ በዚያ በተራራው ራስ ላይ በፊቴ ቁም።
d57f37e1-765f-5723-a919-aa12e3aec203,d777a4bb-7fc7-5b5a-affd-84c741b8298e,42ceaa29-9d31-5ed9-a426-b39c6f2bc669,3,3,ከአንተም ጋር ማንም ሰው አይውጣ፤ በተራራውም ሁሉ ማንም አይታይ፤ መንጎችና ከብቶችም በዚያ ተራራ አጠገብ አይሰማሩ።
4dc2c667-a254-5332-a518-95c679362d13,d777a4bb-7fc7-5b5a-affd-84c741b8298e,42ceaa29-9d31-5ed9-a426-b39c6f2bc669,4,4,ሙሴም እንደ ፊተኞቹ አድርጎ ሁለት የድንጋይ ጽላት ቀረጸ፤ ሁለቱንም የድንጋይ ጽላት በእጁ ወሰደ፤ በነጋውም ማልዶ እግዚአብሔር እንዳዘዘው ወደ ሲና ተራራ ወጣ፤
393c59f5-6239-5d20-ac0f-be51344482d3,d777a4bb-7fc7-5b5a-affd-84c741b8298e,42ceaa29-9d31-5ed9-a426-b39c6f2bc669,5,5,እግዚአብሔርም በደመናው ውስጥ ወረደ፤ በዚያም ከእርሱ ጋር ቆመ፤ የእግዚአብሔርንም ስም ጠራ።
baf57527-b746-591b-ab13-87d5a2e0d96a,d777a4bb-7fc7-5b5a-affd-84c741b8298e,42ceaa29-9d31-5ed9-a426-b39c6f2bc669,6,6,ጌታም በፊቱ አለፈ፥ “ስሜም ጌታ እግዚአብሔር፥ መሓሪ፥ ይቅር ባይ፥ ከመዓት የራቀ ምሕረቱ የበዛ ጻድቅ፥
406090de-9258-52a7-a6d1-684faa91e0c5,d777a4bb-7fc7-5b5a-affd-84c741b8298e,42ceaa29-9d31-5ed9-a426-b39c6f2bc669,7,7,ለብዙ ሺህ ጽድቅን የሚጠብቅ፥ ቸርነትን የሚያደርግ፥ አበሳንና መተላለፍን፥ ኀጢአትንም ይቅር የሚል፥ በደለኛውንም ከቶ የማያነጻ፥ የአባቶችንም ኀጢአት በልጆች፥ እስከ ሦስትና እስከ አራት ትውልድም በልጅ ልጆች የሚያመጣ አምላክ ነው” ሲል አወጀ።
c92dc32c-1998-5549-a3ff-7589eaa128f8,d777a4bb-7fc7-5b5a-affd-84c741b8298e,42ceaa29-9d31-5ed9-a426-b39c6f2bc669,8,8,ሙሴም ፈጥኖ ወደ መሬት ተጎነበሰና ለእግዚአብሔር ሰገደ፦
b745c4b7-f1f3-5df4-a2f2-834369b5f776,d777a4bb-7fc7-5b5a-affd-84c741b8298e,42ceaa29-9d31-5ed9-a426-b39c6f2bc669,9,9,“አቤቱ በፊትህስ ሞገስን አግኝቼ እንደ ሆነ፥ ይህ ሕዝብ አንገተ ደንዳና ነውና ጌታዬ ከእኛ ጋር ይሂድ፤ ጠማማነታችንን፥ ኀጢአታችንንና በደላችንን ይቅር በለን፤ ለአንተም እንሆናለን” አለ።
8f22705a-52fb-5568-a47d-851416819bc5,d777a4bb-7fc7-5b5a-affd-84c741b8298e,98a9c825-a197-54c1-a582-d8ce38adbedb,1,10,እግዚአብሔርም ሙሴን አለው፥ “እነሆ፥ እኔ በሕዝብህ ፊት ሁሉ ቃል ኪዳን አደርጋለሁ፤ በምድር ሁሉ፥ በአሕዛብም ሁሉ ዘንድ እንደ እርሱ ያለ ከቶ ያልተደረገውን ታላቅ ተአምራትን አደርግልሃለሁ፤ እኔም የማደርግልህ ነገር ድንቅ ነውና አንተ በመካከሉ ያለህበት ይህ ሕዝብ ሁሉ የእግዚአብሔርን ሥራ ያያል።
c909815f-a2db-5109-a065-9dbdb1627c80,d777a4bb-7fc7-5b5a-affd-84c741b8298e,98a9c825-a197-54c1-a582-d8ce38adbedb,2,11,በዚህ ቀን የማዝዝህን ነገር ጠብቅ፤ እነሆ፥ እኔ አሞሬዎናዊውን፥ ከነዓናዊውንም፥ ኬጤዎናዊውንም፥ ፌርዜዎናዊውንም፥ ጌርጌሴዎናዊውንም፥ ኤዌዎናዊውንም፥ ኢያቡሴዎናዊውንም ከፊትህ አወጣለሁ።
3f47170e-b729-51a6-a0a7-3af56372d45a,d777a4bb-7fc7-5b5a-affd-84c741b8298e,98a9c825-a197-54c1-a582-d8ce38adbedb,3,12,በመካከልህ ወጥመድ እንዳይሆኑብህ አንተ በምትገባበት ምድር ከሚኖሩ ሰዎች ጋር ቃል ኪዳን እንዳታደርግ ተጠንቀቅ፤
73ea02b9-6b8e-5ce3-a1d7-f468aa8a8924,d777a4bb-7fc7-5b5a-affd-84c741b8298e,98a9c825-a197-54c1-a582-d8ce38adbedb,4,13,ነገር ግን መሠውያዎቻቸውን ታፈርሳላችሁ፤ ሐውልቶቻቸውንም ትሰብራላችሁ፤ የማምለኪያ ዐፀዶቻቸውን ትቈርጣላችሁ፤ ጣዖቶቻቸውንም በእሳት ታቃጥላላችሁ፤
fa325b12-75d0-596b-ab95-206556584130,d777a4bb-7fc7-5b5a-affd-84c741b8298e,98a9c825-a197-54c1-a582-d8ce38adbedb,5,14,ስሙ ቀናተኛ የሆነ እግዚአብሔር ቅንዐት ያለው አምላክ ነውና ለሌላ አምላክ አትስገድ።
07854941-f78b-5901-add3-b82de31e5dde,d777a4bb-7fc7-5b5a-affd-84c741b8298e,98a9c825-a197-54c1-a582-d8ce38adbedb,6,15,በዚያች ምድር ከሚኖሩ ሰዎች ጋር ቃል ኪዳን እንዳታደርግ፥ እነርሱ አምላኮቻቸውን ተከትለው በአመነዘሩና በሠዉላቸው ጊዜ እንዳይጠሩህ፥ ከመሥዋዕታቸውም እንዳትበላ፥
000fb6b4-75b2-528a-a1ac-0d14bb2d4eec,d777a4bb-7fc7-5b5a-affd-84c741b8298e,98a9c825-a197-54c1-a582-d8ce38adbedb,7,16,ሴቶች ልጆቻቸውምንም ከወንድ ልጆችህ፥ ሴቶች ልጆችህንም ከወንድ ልጆቻቸው ጋር እንዳታጋባ፥ ልጆቻቸውም አምላኮቻቸውን ተከትለው ሲያመነዝሩ ከአምላኮቻቸው በኋላ ሄደው አመንዝረውም ልጆችህን እንዳያስቱ ተጠንቀቅ።
9001a115-bc76-50fa-a6ac-64d48fa72288,d777a4bb-7fc7-5b5a-affd-84c741b8298e,98a9c825-a197-54c1-a582-d8ce38adbedb,8,17,ቀልጠው የተሠሩትን አማልክት ለአንተ አታድርግ።
4569432e-61fa-5c15-a581-beafbc447f8a,d777a4bb-7fc7-5b5a-affd-84c741b8298e,98a9c825-a197-54c1-a582-d8ce38adbedb,9,18,“የቂጣውን በዓል ትጠብቀዋለህ። በሚያዝያ ወር ከግብፅ ወጥተሃልና በታዘዘው ዘመን በሚያዝያ ወር እንዳዘዝሁህ ሰባት ቀን ቂጣ ብላ።
b0295000-f610-5546-aaf1-3ed9b28af0a0,d777a4bb-7fc7-5b5a-affd-84c741b8298e,98a9c825-a197-54c1-a582-d8ce38adbedb,10,19,መጀመሪያ የሚወለድ ተባት ሁሉ የእኔ ነው፤ የላምህም በኵር፥ የበግህም በኵር፥ የበሬህም በኵር ሁሉ የእኔ ነው።
86dc343d-a5b1-5e96-a763-8f4bd3f83c21,d777a4bb-7fc7-5b5a-affd-84c741b8298e,98a9c825-a197-54c1-a582-d8ce38adbedb,11,20,የአህያውንም በኵር በበግ ትዋጀዋለህ፤ ባትዋጀው ግን ዋጋውን ትሰጣለህ። የልጆችህንም በኵር ሁሉ ትዋጃለህ። በፊቴም ባዶ እጅህን አትታይ።
4ad3fbce-63b3-5db5-a281-d40fbc5944a3,d777a4bb-7fc7-5b5a-affd-84c741b8298e,98a9c825-a197-54c1-a582-d8ce38adbedb,12,21,“ስድስት ቀን ሥራህን ትሠራለህ፤ በሰባተኛውም ቀን ታርፋለህ። በምትዘራበትና በምታጭድበት ዘመን ታርፋለህ።
91d41e55-8601-580c-a74c-88ad858ff01a,d777a4bb-7fc7-5b5a-affd-84c741b8298e,98a9c825-a197-54c1-a582-d8ce38adbedb,13,22,የሰባቱንም ሱባዔ በዓል ታደርጋለህ፤ እርሱም የስንዴ መከር መጀመሪያ ነው፤ በዓመቱም መካከል የመክተቻ በዓል ታደርጋለህ።
c863a677-19b9-5d9b-ab5f-dc113ee8caa9,d777a4bb-7fc7-5b5a-affd-84c741b8298e,98a9c825-a197-54c1-a582-d8ce38adbedb,14,23,ወንድ ልጅህ ሁሉ በእስራኤል አምላክ በእግዚአብሔር ፊት በዓመት ሦስት ጊዜ ይታይ።
c2c03e2c-8ccb-57a5-a15e-b5138b3ace4f,d777a4bb-7fc7-5b5a-affd-84c741b8298e,98a9c825-a197-54c1-a582-d8ce38adbedb,15,24,አሕዛብን ከፊትህ በአወጣሁ ጊዜ ሀገርህን አሰፋለሁ፤ በአምላክህ በእግዚአብሔር ፊትም ለመታየት በዓመት ሦስት ጊዜ ስትወጣ ማንም ምድርህን አይመኝም።
bbaef902-c43f-51ac-a8d8-17186b68937d,d777a4bb-7fc7-5b5a-affd-84c741b8298e,98a9c825-a197-54c1-a582-d8ce38adbedb,16,25,“የመሥዋዕቴን ደም ከቦካ እንጀራ ጋር አትሠዋ፤ የፋሲካውም በዓል መሥዋዕት እስከ ነገ አይደር።
511e8f72-e7b1-52d2-a175-a8d8510d2bf7,d777a4bb-7fc7-5b5a-affd-84c741b8298e,98a9c825-a197-54c1-a582-d8ce38adbedb,17,26,የመጀመሪያውን የምድርህን ፍሬ ወደ አምላክህ ወደ እግዚአብሔር ቤት ትወስዳለህ። ጠቦቱን በእናቱ ወተት አትቀቅል።”
85e59114-cf99-50ab-a0a3-be3e35a31996,d777a4bb-7fc7-5b5a-affd-84c741b8298e,98a9c825-a197-54c1-a582-d8ce38adbedb,18,27,እግዚአብሔርም ሙሴን፥ “በእነዚህ ቃሎች ከአንተና ከእስራኤል ጋር ቃል ኪዳን አድርጌአለሁና እነዚህን ቃሎች ጻፍ” አለው።
75f032f6-099d-5287-ab05-a59cbdf5621d,d777a4bb-7fc7-5b5a-affd-84c741b8298e,98a9c825-a197-54c1-a582-d8ce38adbedb,19,28,በዚያም አርባ ቀንና አርባ ሌሊት በእግዚአብሔር ፊት ነበረ፤ እንጀራም አልበላም፤ ውኃም አልጠጣም። በጽላቱም ዐሥሩን የቃል ኪዳን ቃሎች ጻፈ።
a95ed0a0-7052-56cb-a098-ebe0657ffc9c,d777a4bb-7fc7-5b5a-affd-84c741b8298e,e208bdfe-ff87-5b2c-ada2-156b5d8dfb68,1,29,እንዲህም ሆነ፤ ሙሴ ከሲና ተራራ በወረደ ጊዜ ሁለቱ ጽላት በሙሴ እጅ ነበሩ፤ ሙሴም ከተራራው በወረደ ጊዜ ከእግዚአብሔር ጋር ሲነጋገር ፊቱ እንዳንጸባረቀ አላወቀም ነበር።
691166a6-798f-5c06-ad67-c159b9598125,d777a4bb-7fc7-5b5a-affd-84c741b8298e,e208bdfe-ff87-5b2c-ada2-156b5d8dfb68,2,30,አሮንና የእስራኤልም ልጆች ሁሉ እነሆ፥ ፊቱ እንዳንጸባረቀ ሙሴን በአዩ ጊዜ፥ ወደ እርሱ ለመቅረብ ፈሩ።
38cb6fe6-8841-5c38-a5b1-52816a746213,d777a4bb-7fc7-5b5a-affd-84c741b8298e,e208bdfe-ff87-5b2c-ada2-156b5d8dfb68,3,31,ሙሴም ጠራቸው፤ አሮንም የማኅበሩም አለቆች ሁሉ ወደ እርሱ ተመለሱ፤ ሙሴም ተናገራቸው።
0d9799c9-784a-52a1-a197-fc161b313e9f,d777a4bb-7fc7-5b5a-affd-84c741b8298e,e208bdfe-ff87-5b2c-ada2-156b5d8dfb68,4,32,ከዚያም በኋላ የእስራኤል ልጆች ሁሉ ወደ እርሱ ቀረቡ፤ እግዚአብሔርም በሲና ተራራ የተናገረውን ነገር ሁሉ አዘዛቸው።
c5bd5fee-3884-52f5-aa54-6ef6c456f097,d777a4bb-7fc7-5b5a-affd-84c741b8298e,e208bdfe-ff87-5b2c-ada2-156b5d8dfb68,5,33,ሙሴም ለእነርሱ ተናግሮ ከጨረሰ በኋላ በፊቱ መሸፈኛ አደረገ።
dcac3e7f-c637-58b8-a0df-2fd720c7ee58,d777a4bb-7fc7-5b5a-affd-84c741b8298e,e208bdfe-ff87-5b2c-ada2-156b5d8dfb68,6,34,ሙሴም ከእርሱ ጋር ይነጋገር ዘንድ ወደ እግዚአብሔር በገባ ጊዜ እስኪወጣ ድረስ መሸፈኛውን ከፊቱ ያነሣ ነበር፤ በወጣም ጊዜ ለእስራኤል ልጆች የታዘዘውን ነገር ይነግራቸው ነበር።
cd06ad99-43cf-5878-ae31-b6a063477979,d777a4bb-7fc7-5b5a-affd-84c741b8298e,e208bdfe-ff87-5b2c-ada2-156b5d8dfb68,7,35,የእስራኤልም ልጆች የሙሴን ፊት እንዳንጸባረቀ ያዩ ነበር፤ እርሱም ከእርሱ ጋር ሊነጋገር እስኪገባ ድረስ እንደ ገና በፊቱ መሸፈኛ ያደርግ ነበር።
587ae4b1-ab3d-553a-a605-3b2555aee9e0,a3e6f70b-88b9-50ee-a672-53ad92e266c5,4707d5c6-820c-590b-a0a0-9c9749e7133d,1,1,ሙሴም የእስራኤልን ልጆች ማኅበር ሁሉ ሰብስቦ እንዲህ አላቸው፥ “ታደርጉ ዘንድ እግዚአብሔር ያለው ነገር ይህ ነው፤
313a7bd2-a0f1-55ac-a879-65475eddd2f8,a3e6f70b-88b9-50ee-a672-53ad92e266c5,4707d5c6-820c-590b-a0a0-9c9749e7133d,2,2,ስድስት ቀን ሥራህን ትሠራለህ፤ በሰባተኛው ቀን ታርፋለህ፤ ለእግዚአብሔር የተቀደሰ የዕረፍት ሰንበት ነው፤ የሚሠራበትም ሁሉ ይሙት።
5e38d2c8-923f-5aa4-a393-51afbc990579,a3e6f70b-88b9-50ee-a672-53ad92e266c5,4707d5c6-820c-590b-a0a0-9c9749e7133d,3,3,በማደሪያዎቻችሁ ውስጥ በሰንበት ቀን እሳትን አታንድዱ፤ እኔ እግዚአብሔር ነኝ።”
08ece3eb-5b84-5740-ab30-92566a002e7d,a3e6f70b-88b9-50ee-a672-53ad92e266c5,c4c4e077-bbaf-5819-a6aa-57de023f2332,1,4,ሙሴም ለእስራኤል ልጆች ማኅበር ሁሉ አላቸው፥ “እግዚአብሔር እንዲህ ብሎ ያዘዘው ነገር ይህ ነው፤
ec38f396-8891-59ef-ae38-33ad9de30a79,a3e6f70b-88b9-50ee-a672-53ad92e266c5,c4c4e077-bbaf-5819-a6aa-57de023f2332,2,5,ከእናንተ ዘንድ ለእግዚአብሔር ቍርባንን አቅርቡ፤ የልብ ፈቃድ ያለው ከገንዘቡ የመጀመሪያውን ለእግዚአብሔር ያምጣ፤ ወርቅና ብር፥ ናስም፤
10b788bc-842a-5c3b-a474-fcb622ec32e1,a3e6f70b-88b9-50ee-a672-53ad92e266c5,c4c4e077-bbaf-5819-a6aa-57de023f2332,3,6,ሰማያዊም፥ ሐምራዊም፥ ድርብ ቀይ ግምጃም፥ የተፈተለ በፍታም፥ የፍየል ጠጕርም፤
0cafaa96-82a0-54e8-a1e7-0fa14fe5adae,a3e6f70b-88b9-50ee-a672-53ad92e266c5,c4c4e077-bbaf-5819-a6aa-57de023f2332,4,7,ቀይ ቀለምም የገባበት የአውራ በግ ቍርበት፥ የአቆስጣም ቍርበት፥ የማይነቅዝም ዕንጨት፤
16635a47-7d9f-5d95-aacb-e57f179ee5d1,a3e6f70b-88b9-50ee-a672-53ad92e266c5,c4c4e077-bbaf-5819-a6aa-57de023f2332,5,8,ለመብራትም ዘይት፥ ለቅብዐት ሽቱን፥ ለማዕጠንት ዕጣንን፤
be15ee5a-7941-573d-a82d-d636336ef000,a3e6f70b-88b9-50ee-a672-53ad92e266c5,c4c4e077-bbaf-5819-a6aa-57de023f2332,6,9,የመረግድ ድንጋይና የተቀረጸ ድንጋይ፥ ለልብሰ መትከፍና ለልብሰ እንግድዓ የሚደረግ ፈርጥ ያምጣ።
22eab949-1cac-5b04-a736-c208e058c9e0,a3e6f70b-88b9-50ee-a672-53ad92e266c5,c0394812-46b8-5834-a1dd-3dfd8bd5b39d,1,10,“በእናንተ ዘንድ ያለ፥ በልቡ ጥበበኛ የሆነ ሁሉ መጥቶ እግዚአብሔር ያዘዘውን ሁሉ ያድርግ።
aaf5d080-4dfa-5d2f-a1b8-c7c8afaced45,a3e6f70b-88b9-50ee-a672-53ad92e266c5,c0394812-46b8-5834-a1dd-3dfd8bd5b39d,2,11,ድንኳኑንም፥ አደባባዩንም፥ መደረቢያውንም፥ መያዣዎቹንም፥ ሳንቆቹንም፥ መወርወሪያዎቹንም፥ ምሰሶዎችንና እግሮቻቸውን፤
94d7e8a6-a66d-5e50-a816-2bc955070808,a3e6f70b-88b9-50ee-a672-53ad92e266c5,c0394812-46b8-5834-a1dd-3dfd8bd5b39d,3,12,የቃል ኪዳኑን ታቦትም፥ መሎጊያዎቹንም፥ የስርየት መክደኛውንም፥ መጋረጃውንም፤
4174f592-6439-539d-af2f-48ef0bd4c77a,a3e6f70b-88b9-50ee-a672-53ad92e266c5,c0394812-46b8-5834-a1dd-3dfd8bd5b39d,4,13,ገበታውንና መሎጊያዎቹንም፥ ዕቃውንም ሁሉ፥ ኅብስተ ገጹንም፤
ae90d077-ca5d-5fc2-aba1-58b823382c06,a3e6f70b-88b9-50ee-a672-53ad92e266c5,c0394812-46b8-5834-a1dd-3dfd8bd5b39d,5,14,መብራት የሚያበሩበትን መቅረዙን፥ ዕቃውንም ሁሉ፥ ቀንዲሉንም፥ የመብራቱንም ዘይት፤
a25fde5c-2235-5626-a853-afe02f075998,a3e6f70b-88b9-50ee-a672-53ad92e266c5,c0394812-46b8-5834-a1dd-3dfd8bd5b39d,6,15,የዕጣኑንም መሠዊያ፥ መሎጊያዎቹንም፥ የቅብዐቱንም ዘይት፥ ጣፋጩንም ዕጣን፥ ለማደሪያውም ደጃፍ የሚሆን የደጃፉን መጋረጃ፤
ce0b1247-2cae-54c5-a9b3-236e6fea08ee,a3e6f70b-88b9-50ee-a672-53ad92e266c5,c0394812-46b8-5834-a1dd-3dfd8bd5b39d,7,16,ለሚቃጠል መሥዋዕት የሚሆነውን መሠዊያውን፥ የናሱንም መከታ፥ መሎጊያዎቹንም፥ ዕቃውንም ሁሉ፥ የመታጠቢያውን ሰንም፥ መቀመጫውንም፤
5d2f0c75-8d0c-5e86-adea-f4b0cf8b2fd5,a3e6f70b-88b9-50ee-a672-53ad92e266c5,c0394812-46b8-5834-a1dd-3dfd8bd5b39d,8,17,የአደባባዩን መጋረጆች፥ ምሰሶዎችንም፥ እግሮቻቸውንም፥ የአደባባዩንም ደጃፍ መጋረጃ፤
39d59f71-8bc5-5d74-ac65-a169e5958001,a3e6f70b-88b9-50ee-a672-53ad92e266c5,c0394812-46b8-5834-a1dd-3dfd8bd5b39d,9,18,የማደሪያውን ካስማዎች፥ የአደባባዩንም ካስማዎች፥ አውታሮቻቸውንም፤
7a25b2ea-38a1-5269-a9cf-ee5697d89b73,a3e6f70b-88b9-50ee-a672-53ad92e266c5,c0394812-46b8-5834-a1dd-3dfd8bd5b39d,10,19,በመቅደስ ውስጥ ለማገልገል በብልሃት የተሠሩትን ልብሶች፥ በክህነት ያገለግሉበት ዘንድ የተቀደሱትን የካህኑን የአሮንን ልብሶች፥ የልጆቹንም ልብሶች።”
15a8780a-77c6-59e1-a805-588f0cb870f0,a3e6f70b-88b9-50ee-a672-53ad92e266c5,c0394812-46b8-5834-a1dd-3dfd8bd5b39d,11,20,የእስራኤልም ልጆች ማኅበር ሁሉ ከሙሴ ዘንድ ወጡ።
a39a1c1e-256d-5bfb-a892-e056780d56c7,a3e6f70b-88b9-50ee-a672-53ad92e266c5,c0394812-46b8-5834-a1dd-3dfd8bd5b39d,12,21,ከእነርሱም ሰው ሁሉ እያንዳንዱ ልቡ እንዳነሣሣው፥ መንፈሱም እሺ እንዳሰኘው ለምስክሩ ድንኳን ሥራ ለማገልገያውም ሁሉ ለመቅደስ ልብስ ለእግዚአብሔር ስጦታ አመጡ።
027cdb41-3690-5b97-abb3-ac4411451319,a3e6f70b-88b9-50ee-a672-53ad92e266c5,c0394812-46b8-5834-a1dd-3dfd8bd5b39d,13,22,ወንዶችና ሴቶችም ልባቸው እንደ ፈቀደ ማርዳዎችን፥ ሎቲዎችንም፥ ቀለበቶችንም፥ ድሪዎችንም፥ የወርቅ ጌጦችንም ሁሉ አመጡ፤ ሰዎችም ሁሉ የወርቅ ስጦታ ለእግዚአብሔር አቀረቡ።
10feb743-582b-5f09-a2aa-a6de0fb36483,a3e6f70b-88b9-50ee-a672-53ad92e266c5,c0394812-46b8-5834-a1dd-3dfd8bd5b39d,14,23,ሰማያዊም፥ ሐምራዊም፥ ቀይ ግምጃም፥ የተፈተለ በፍታም፥ የፍየል ጠጕርም፥ ቀይ የአውራ በግ ቍርበትም፥ የአቆስጣ ቍርበትም ያላቸው ሰዎች ሁሉ አመጡ።
dd9c9f46-1bfc-5fbd-a936-af600e95e091,a3e6f70b-88b9-50ee-a672-53ad92e266c5,c0394812-46b8-5834-a1dd-3dfd8bd5b39d,15,24,ስዕለት የተሳለ ሁሉ፥ የብርንም፥ የናስንም ስጦታ ለእግዚአብሔር ቍርባን አቀረበ፤ የማይነቅዝ ዕንጨት ያለው ሁሉ ለድንኳኑ ማገልገያ ለሚያስፈልገው ሥራ አመጣ።
dc9afb8b-6165-5d4e-a24d-5248575402df,a3e6f70b-88b9-50ee-a672-53ad92e266c5,c0394812-46b8-5834-a1dd-3dfd8bd5b39d,16,25,በልባቸው ጥበበኞች የሆኑ ሴቶችም በእጃቸው ፈተሉ፤ የፈተሉትንም ሰማያዊውን፥ ሐምራዊውንም፥ ቀዩንም ግምጃ፥ ጥሩውንም በፍታ አመጡ።
2c8e4c18-4fe0-5b33-a634-437357516476,a3e6f70b-88b9-50ee-a672-53ad92e266c5,c0394812-46b8-5834-a1dd-3dfd8bd5b39d,17,26,ልባቸውም በጥበብ ያስነሣቸው ሴቶች ሁሉ የፍየልን ጠጕር ፈተሉ።
806c774f-d74e-5f1a-a235-91c4cd8aba56,a3e6f70b-88b9-50ee-a672-53ad92e266c5,c0394812-46b8-5834-a1dd-3dfd8bd5b39d,18,27,አለቆችም የመረግድ ድንጋይና የተቀረጸ ድንጋይን ለልብሰ መትከፍና ለልብሰ እንግድዓ የሚገቡትንም ፈርጦችን፥
5ac92245-a099-506d-affa-a2a0043fb2e1,a3e6f70b-88b9-50ee-a672-53ad92e266c5,c0394812-46b8-5834-a1dd-3dfd8bd5b39d,19,28,ለመብራትም፥ ለቅብዐት ዘይትም፥ ለጣፋጭ ዕጣንም ሽቱንና ዘይትን አመጡ።
89858f38-4172-55fe-a498-792c6057d4b2,a3e6f70b-88b9-50ee-a672-53ad92e266c5,c0394812-46b8-5834-a1dd-3dfd8bd5b39d,20,29,ከእስራኤል ልጆችም ያመጡ ዘንድ ልባቸው ያስነሣቸው ወንዶችና ሴቶች ሁሉ ሙሴ ይሠራ ዘንድ እግዚአብሔር ላዘዘው ሥራ ሁሉ ለእግዚአብሔር ስጦታ በፈቃዳቸው አመጡ።
4235abce-82dc-50fa-aa5a-97d61e9371eb,a3e6f70b-88b9-50ee-a672-53ad92e266c5,8cd04758-de43-541c-ad0b-1d2565d96e89,1,30,ሙሴም የእስራኤልን ልጆች አላቸው፥ “እዩ፥ እግዚአብሔር ከይሁዳ ነገድ የሆነውን የሆር የልጅ ልጅ፥ የኡሪ ልጅ ባስልኤልን በስሙ ጠራው።
cf15b10b-680b-50ad-abd0-232a0ed0630d,a3e6f70b-88b9-50ee-a672-53ad92e266c5,8cd04758-de43-541c-ad0b-1d2565d96e89,2,31,በሥራ ሁሉ ብልሃት፥ በጥበብም፥ በማስተዋልም፥ በዕውቀትም የእግዚአብሔርን መንፈስ ሞላበት፤
6bd8d522-4ddf-509f-a47b-d2b81b4f6a46,a3e6f70b-88b9-50ee-a672-53ad92e266c5,8cd04758-de43-541c-ad0b-1d2565d96e89,3,32,በአናጺዎች ላይ አለቃ ይሆን ዘንድ፥ የጥበብንም ሥራ ያስተውል ዘንድ፥ በወርቅና በብር፥ በናስም ይሠራ ዘንድ፥
fb7619d1-856c-566c-a665-b7ff702ab5ab,a3e6f70b-88b9-50ee-a672-53ad92e266c5,8cd04758-de43-541c-ad0b-1d2565d96e89,4,33,በፈርጥ የሚሆነውን የዕንቍ ድንጋይ ይቀርጽ ዘንድ፥ ዕንጨቱንም ይጠርብ ዘንድ፥ የብልሃት ሥራውንም ሁሉ ይሠራ ዘንድ።
ee1c568a-1663-57ad-a3c1-813ed3976b28,a3e6f70b-88b9-50ee-a672-53ad92e266c5,8cd04758-de43-541c-ad0b-1d2565d96e89,5,34,እርሱና የዳን ነገድ የሆነው የአሒሳሚክ ልጅ ኤልያብ ያስተምሩ ዘንድ በልባቸው አሳደረባቸው።
67d96318-6488-56bf-aa81-2b10e2843fcd,a3e6f70b-88b9-50ee-a672-53ad92e266c5,8cd04758-de43-541c-ad0b-1d2565d96e89,6,35,በአንጥረኛ፥ በብልህ ሠራተኛም፥ በሰማያዊና በሐምራዊ፥ በቀይም ግምጃ፥ በጥሩ በፍታም በሚሠራ ጠላፊ፥ በሸማኔም ሥራ የሚሠራውን፥ ማናቸውንም ሥራና በብልሃት የሚሠራውን ሁሉ ያደርጉ ዘንድ በእነርሱ ልብ ጥበብን ሞላ።
310e2787-1817-5d80-a762-8b6dc4120235,f0b7f598-6bd5-5c6f-a4fd-e0569e9cf23c,995bf92c-e739-5e22-a065-871735d7635f,1,1,“ባስልኤልና ኤልያብ፥ ለመቅደስም ማገልገያ ሥራ ሁሉ ያደርጉ ዘንድ እንዲያውቁ እግዚአብሔር ጥበብንና ማስተዋልን የሰጣቸው በልባቸውም ጥበበኞች የሆኑ ሁሉ እግዚአብሔር ያዘዘውን ነገር ሁሉ አደረጉ።”
a64892bf-0633-5163-a99b-4a2dab8521b9,f0b7f598-6bd5-5c6f-a4fd-e0569e9cf23c,5ea626d7-7e3b-5052-a7bd-1d2b209217d8,1,2,ሙሴም ባስልኤልንና ኤልያብን፥ እግዚአብሔርም ዕውቀትንና ጥበብን በልቡናቸው ያሳደረባቸውንና ጥበብ ያላቸውን፥ ሥራውንም ለመሥራት ይቀርብ ዘንድ ልቡ ያስነሣውን ሁሉ ሥራውን ሠርተው ይፈጽሙ ዘንድ ጠራቸው።
4b817730-dbe9-53b3-a1c5-fc6820b8a4cc,f0b7f598-6bd5-5c6f-a4fd-e0569e9cf23c,5ea626d7-7e3b-5052-a7bd-1d2b209217d8,2,3,እነርሱም የእስራኤል ልጆች ለመቅደስ ማገልገያ ሥራ ያመጡትን ስጦታ ሁሉ ይሠሩ ዘንድ ከሙሴ ተቀበሉ። እነዚያም እንደ ፈቃዳቸው ማለዳ ማለዳ ስጦታውን ገና ወደ እርሱ ያመጡ ነበር።
dbb2675a-c3a9-5ce3-ab2f-09593ec06a3b,f0b7f598-6bd5-5c6f-a4fd-e0569e9cf23c,5ea626d7-7e3b-5052-a7bd-1d2b209217d8,3,4,እያንዳንዳቸው በሚሠሩት የመቅደሱን ሥራ የሚሠሩ ጠቢባን ሁሉ መጡ፤
6e1fd702-4e8a-5c87-a9bb-0a3ba324365a,f0b7f598-6bd5-5c6f-a4fd-e0569e9cf23c,5ea626d7-7e3b-5052-a7bd-1d2b209217d8,4,5,እነርሱም ለሙሴ፥ “እግዚአብሔር ይደረግ ዘንድ ላዘዘው ሥራ ከሚበቃ በላይ እጅግ የሚበልጥ ሕዝቡ አመጡ” ብለው ነገሩት።
d58cb7b6-6105-559a-a080-0a5cd4f58345,f0b7f598-6bd5-5c6f-a4fd-e0569e9cf23c,5ea626d7-7e3b-5052-a7bd-1d2b209217d8,5,6,ሙሴም አዘዘና፥ “ወንድ ወይም ሴት ለመቅደስ ስጦታ ከዚህ የበለጠ የሚያመጣ አይኑር” ብሎ በሰፈሩ ውስጥ አወጀ። ሕዝቡም እንዳያመጡ ተከለከሉ።
c662f4dd-37a2-5a90-ae33-0bacad7a0575,f0b7f598-6bd5-5c6f-a4fd-e0569e9cf23c,5ea626d7-7e3b-5052-a7bd-1d2b209217d8,6,7,ያመጡትም ነገር ሥራን ሁሉ ለመፈጸም በቅቶ ገና ይተርፍ ነበረና።
725fce7b-bb43-56db-a3f9-2b0b2396fb3c,f0b7f598-6bd5-5c6f-a4fd-e0569e9cf23c,b3c0093e-5f85-56f4-a86a-9b45cfb64bfd,1,8,በእነርሱም ዘንድ ያሉት፥ ሥራ ሲሠሩ የነበሩት በልባቸው ጥበበኞች ሁሉ ድንኳኑን ከዐሥር መጋረጃዎች ሠሩ፤ እነርሱንም ከተፈተለ ከጥሩ በፍታ፥ ከሰማያዊም፥ ከሐምራዊም፥ ከቀይም ግምጃ ሠሩ፤ በእነርሱም ላይ በጥልፍ ሥራ ኪሩቤልን አደረጉባቸው።
88736d51-61fe-510a-a777-df4e2bce2aa9,f0b7f598-6bd5-5c6f-a4fd-e0569e9cf23c,b3c0093e-5f85-56f4-a86a-9b45cfb64bfd,2,9,የእያንዳንዱ መጋረጃ ርዝመት ሃያ ስምንት ክንድ፥ ወርዱም አራት ክንድ ነበረ፤ የመጋረጃዎቹ ሁሉ ልክ ትክክል ነበረ።
2d269c47-b111-5971-a1e3-9c9a3fff4ec3,f0b7f598-6bd5-5c6f-a4fd-e0569e9cf23c,b3c0093e-5f85-56f4-a86a-9b45cfb64bfd,3,10,አምስቱንም መጋረጃዎች እርስ በርሳቸው አንዱን ከሌላው ጋር አጋጠሙ፤ አምስቱንም መጋረጃዎች እርስ በርሳቸው እንዲሁ አጋጠሙ።
7fccdc27-104e-5187-af48-4e784a77495f,f0b7f598-6bd5-5c6f-a4fd-e0569e9cf23c,b3c0093e-5f85-56f4-a86a-9b45cfb64bfd,4,11,ከሚጋጠሙትም መጋረጃዎች በአንደኛው መጋረጃ ዘርፍ ላይ የሰማያዊውን ግምጃ ቀለበቶች አደረጉ፤ ደግሞ ከተጋጠሙት ከሌሎቹ በአንደኛው መጋረጃ ዘርፍ ላይ እንዲሁ አደረጉ።
1fef706b-8a93-52e4-a1ca-3413ae704e92,f0b7f598-6bd5-5c6f-a4fd-e0569e9cf23c,b3c0093e-5f85-56f4-a86a-9b45cfb64bfd,5,12,አምሳ ቀለበቶችን በአንድ መጋረጃ አደረጉ፤ አምሳውንም ቀለበቶች በሁለተኛው መጋረጃ ዘርፍ አደረጉ፤ ቀለበቶቹ እርስ በርሳቸው ፊት ለፊት የሚተያዩ ነበሩ።
3cb66187-c5d7-5a4e-aaab-d47a9b76566d,f0b7f598-6bd5-5c6f-a4fd-e0569e9cf23c,b3c0093e-5f85-56f4-a86a-9b45cfb64bfd,6,13,አምሳም የወርቅ መያዣዎችን ሠሩ፤ መጋረጃዎችንም አንዱን ከሌላው በመያዣዎች አጋጠሙአቸው፤ አንድ ድንኳንም ሆነ።
924a650a-e8d1-55b9-a5d1-155b15526a3f,f0b7f598-6bd5-5c6f-a4fd-e0569e9cf23c,b3c0093e-5f85-56f4-a86a-9b45cfb64bfd,7,14,ከድንኳኑም በላይ የሚሆኑ መጋረጃዎችን ከፍየል ጠጕር አደረጉ፤ ዐሥራ አንድ መጋረጃዎችንም አደረጉ።
20feb1c0-5926-5d7c-ad9e-3146ca8ad827,f0b7f598-6bd5-5c6f-a4fd-e0569e9cf23c,b3c0093e-5f85-56f4-a86a-9b45cfb64bfd,8,15,እያንዳንዱም መጋረጃ ርዝመቱ ሠላሳ ክንድ፥ እያንዳንዱም መጋረጃ ወርዱ አራት ክንድ ነበረ፤ የእያንዳንዱም መጋረጃ መጠኑ ትክክል ነበረ።
bd8f3ee5-948d-5fc2-ab9a-372ca55e5979,f0b7f598-6bd5-5c6f-a4fd-e0569e9cf23c,b3c0093e-5f85-56f4-a86a-9b45cfb64bfd,9,16,አምስቱንም መጋረጃዎች እርስ በርሳቸው አንድ አደረጉ፤ ስድስቱንም መጋረጃዎች አንድ አድርገው አጋጠሙአቸው።
4f6903c4-f6a9-55c7-ad9e-2a0ceee75830,f0b7f598-6bd5-5c6f-a4fd-e0569e9cf23c,b3c0093e-5f85-56f4-a86a-9b45cfb64bfd,10,17,ከተጋጠሙትም መጋረጃዎች በአንደኛው መጋረጃ ጠርዝ ላይ አምሳ ቀለበቶችን አደረጉ፤ እንዲሁም በሁለተኛው መጋረጃ ጠርዝ በሚጋጠሙበት በኩል አምሳ ቀለበቶችን አደረጉ።
5321b33b-65d0-5dbf-a2a2-f7f7fa064e02,f0b7f598-6bd5-5c6f-a4fd-e0569e9cf23c,b3c0093e-5f85-56f4-a86a-9b45cfb64bfd,11,18,ድንኳኑም አንድ እንዲሆን ያጋጥሙት ዘንድ አምሳ የናስ መያዣዎችን ሠሩ።
d7d9275f-377b-5729-a206-bdef18f2ea8c,f0b7f598-6bd5-5c6f-a4fd-e0569e9cf23c,b3c0093e-5f85-56f4-a86a-9b45cfb64bfd,12,19,ለድንኳኑም መደረቢያ ከቀይ አውራ በግ የተለፋ ቍርበት፥ ከዚያም በላይ ሌላ መደረቢያ ከአቆስጣ ቍርበት አደረጉ።
ced17c0d-9f9c-5586-a8b3-09ddc2ed3898,f0b7f598-6bd5-5c6f-a4fd-e0569e9cf23c,b3c0093e-5f85-56f4-a86a-9b45cfb64bfd,13,20,ለድንኳኑም ከማይነቅዝ ዕንጨት የሚቆሙትን ሳንቆች አደረጉ።
ed301d67-4ac6-5e3a-ab61-6eb8d7ae5b5d,f0b7f598-6bd5-5c6f-a4fd-e0569e9cf23c,b3c0093e-5f85-56f4-a86a-9b45cfb64bfd,14,21,የሳንቃው ሁሉ ርዝመቱ ዐሥር ክንድ፥ ወርዱም አንድ ክንድ ተኩል ነበረ።
393adfe7-baea-5973-a75c-9d8f616bff1c,f0b7f598-6bd5-5c6f-a4fd-e0569e9cf23c,b3c0093e-5f85-56f4-a86a-9b45cfb64bfd,15,22,ለእያንዳንዱም ሳንቃ አንዱን በአንዱ ላይ የሚያያይዙ ሁለት ማጋጠሚያዎች ነበሩ፤ ለድንኳኑም ሳንቆች ሁሉ እንዲሁ አደረጉ።
4e1fcb8f-b2e8-53f6-a52e-edd4d795791a,f0b7f598-6bd5-5c6f-a4fd-e0569e9cf23c,b3c0093e-5f85-56f4-a86a-9b45cfb64bfd,16,23,ለድንኳኑም በደቡብ ወገን ሃያ ሳንቆችን አደረጉ፤
8433efce-3203-5873-a80e-2e3bcb6d3c4d,f0b7f598-6bd5-5c6f-a4fd-e0569e9cf23c,b3c0093e-5f85-56f4-a86a-9b45cfb64bfd,17,24,ከሃያውም ሳንቆች በታች አርባ የብር እግሮች አደረጉ፤ ከእያንዳንዱም ሳንቃ በታች ለሁለቱ ማጋጠሚያዎች ሁለት እግሮች ነበሩ።
3295ef58-2887-560a-a41e-1a63d6896db7,f0b7f598-6bd5-5c6f-a4fd-e0569e9cf23c,b3c0093e-5f85-56f4-a86a-9b45cfb64bfd,18,25,ለድንኳኑም ለሁለተኛው ወገን በሰሜን በኩል ሃያ ሳንቆች አደረጉ፤
c25dfd00-9dc7-51fd-ac14-caf9f5d4f866,f0b7f598-6bd5-5c6f-a4fd-e0569e9cf23c,b3c0093e-5f85-56f4-a86a-9b45cfb64bfd,19,26,ለእነርሱም አርባ የብር እግሮች፥ ከእያንዳንዱም ሳንቃ በታች ሁለት እግሮች አደረጉ።
b10b50ef-1ae9-5660-aa82-7f0ac7b6d98f,f0b7f598-6bd5-5c6f-a4fd-e0569e9cf23c,b3c0093e-5f85-56f4-a86a-9b45cfb64bfd,20,27,ለድንኳኑም በምዕራቡ ወገን በስተኋላ ስድስት ሳንቆች አደረጉ።
2de38ffe-e30b-5b39-a6fd-8d13cf0a4f66,f0b7f598-6bd5-5c6f-a4fd-e0569e9cf23c,b3c0093e-5f85-56f4-a86a-9b45cfb64bfd,21,28,ለድንኳኑም ለሁለቱ ማዕዘን በስተኋላ ሁለት ሳንቆች አደረጉ።
e03df852-f460-57e0-a8aa-bd41cf7fcd00,f0b7f598-6bd5-5c6f-a4fd-e0569e9cf23c,b3c0093e-5f85-56f4-a86a-9b45cfb64bfd,22,29,ከታችም እስከ ላይ እስከ አንደኛው ቀለበት ድረስ አንድ ሳንቃ ድርብ ነበረ፤ ለሁለቱም ማዕዘን እንዲሁ ሁለት ነበሩ።
93eccc0e-128c-5d68-a751-e2e95689e8a3,f0b7f598-6bd5-5c6f-a4fd-e0569e9cf23c,b3c0093e-5f85-56f4-a86a-9b45cfb64bfd,23,30,ስምንት ሳንቆችና ዐሥራ ስድስቱ የብር እግሮቻቸው፥ ከእያንዳንዱም ሳንቃ በታች ሁለት ሁለት እግሮች ነበሩ።
df272942-8d81-5a04-af51-c6940ef6a5aa,f0b7f598-6bd5-5c6f-a4fd-e0569e9cf23c,b3c0093e-5f85-56f4-a86a-9b45cfb64bfd,24,31,ከማይነቅዝ ዕንጨት በድንኳኑ በአንደኛው ወገን ላሉት ሳንቆች አምስት መወርወሪያዎችን፥
057fd1a3-13ef-5efe-a8d9-1a8f25e2ef8f,f0b7f598-6bd5-5c6f-a4fd-e0569e9cf23c,b3c0093e-5f85-56f4-a86a-9b45cfb64bfd,25,32,በድንኳኑም በሁለተኛው ወገን ላሉት ሳንቆች አምስት መወርወሪያዎችን፥ ከድንኳኑም በስተኋላ በምዕራቡ ወገን ላሉት ሳንቆች አምስት መወርወሪያዎችን አደረጉ።
6618eea0-48fc-5a8c-a6e6-6e4b9c31e5a0,f0b7f598-6bd5-5c6f-a4fd-e0569e9cf23c,b3c0093e-5f85-56f4-a86a-9b45cfb64bfd,26,33,መካከለኛውንም መወርወሪያ በሳንቆቹ መካከል ከዳር እስከ ዳር እንዲያልፍ አደረጉ።
73c27d7e-caab-56ea-a6bc-a5125878e63a,f0b7f598-6bd5-5c6f-a4fd-e0569e9cf23c,b3c0093e-5f85-56f4-a86a-9b45cfb64bfd,27,34,ሳንቆቹንም በወርቅ ለበጡአቸው፤ ቀለበቶቻቸውንም የመወርወሪያ ቤት እንዲሆኑላቸው ከወርቅ አደረጉ፤ መወርወሪያዎቹንም በወርቅ ለበጡአቸው።
4cfd6bcf-b096-5e4b-aa3e-27a5806312f7,f0b7f598-6bd5-5c6f-a4fd-e0569e9cf23c,b3c0093e-5f85-56f4-a86a-9b45cfb64bfd,28,35,መጋረጃውንም ከሰማያዊና ከሐምራዊ፥ ከቀይም ግምጃ፥ ከተፈተለም ከጥሩ በፍታ አደረጉ፤ ኪሩቤልንም በጥልፍ ሥራ በእርሱ ላይ አደረጉ።
6301ce0e-c7cd-52c7-ae96-3c5c92748930,f0b7f598-6bd5-5c6f-a4fd-e0569e9cf23c,b3c0093e-5f85-56f4-a86a-9b45cfb64bfd,29,36,ከማይነቅዝም ዕንጨት አራት ምሰሶዎች አደረጉለት፤በወርቅም ለበጡአቸው፤ ኵላቦቻቸውም የወርቅ ነበሩ፤ ለእነርሱም አራት የብር እግሮች አደረጉ።
facd6968-b3c1-5f2d-ac23-86c5fcf20584,f0b7f598-6bd5-5c6f-a4fd-e0569e9cf23c,b3c0093e-5f85-56f4-a86a-9b45cfb64bfd,30,37,ለድንኳኑም ደጃፍ ከሰማያዊና ከሐምራዊ፥ ከቀይም ግምጃ፥ ከተፈተለም ከጥሩ በፍታ በጥልፍ አሠራር የተሠራ መጋረጃ አደረጉ፤
57e0241f-cc99-5c21-af1d-8883677b5a0d,f0b7f598-6bd5-5c6f-a4fd-e0569e9cf23c,b3c0093e-5f85-56f4-a86a-9b45cfb64bfd,31,38,አምስቱንም ምሰሶዎች፥ ኵላቦቻቸውንም አደረጉ፤ ጉልላቶቻቸውንና ዘንጎቻቸውንም በወርቅ ለበጡአቸው፤ አምስቱም እግሮቻቸው የናስ ነበሩ።
996d60ba-f042-5e08-a4b8-6e2898e31d56,7923eaf7-262c-56f0-a2e0-d93d154d3958,141536c3-a073-569f-abd4-5e07b57e93bd,1,1,ባስልኤልም ከማይነቅዝ ዕንጨት ታቦትን ሠራ፤ ርዝመቷ ሁለት ክንድ ተኩል፥ ወርድዋ አንድ ክንድ ተኩል፥ ቁመቷም አንድ ክንድ ተኩል ነበረ።
7de5333d-9f09-5948-adc6-00cf092c7407,7923eaf7-262c-56f0-a2e0-d93d154d3958,141536c3-a073-569f-abd4-5e07b57e93bd,2,2,በውስጥዋም፥ በውጭዋም በጥሩ ወርቅ ለበጣት፤ በዙሪያዋም የወርቅ አክሊል አደረገላት።
12b38883-2820-5fb4-a5e7-ff7400cac28f,7923eaf7-262c-56f0-a2e0-d93d154d3958,141536c3-a073-569f-abd4-5e07b57e93bd,3,3,አራት የወርቅ ቀለበቶችም አደረገላት፤ እነርሱንም በአራቱ እግሮችዋ ላይ አኖረ። በአንድ ወገን ሁለት ቀለበቶች፥ በሌላውም ወገን ሁለት ቀለበቶች ሆኑ።
39ff3b6b-0483-5503-a0cb-b66cc88eaf2a,7923eaf7-262c-56f0-a2e0-d93d154d3958,141536c3-a073-569f-abd4-5e07b57e93bd,4,4,መሎጊያዎችዋንም ከማይነቅዝ ዕንጨት ሠራ፤ በወርቅም ለበጣቸው።
437c81f7-3af9-5d74-a098-923dd040a020,7923eaf7-262c-56f0-a2e0-d93d154d3958,141536c3-a073-569f-abd4-5e07b57e93bd,5,5,ታቦቷንም ለመሸከም በታቦቷ አጠገብ ባሉት አራት ቀለበቶች መሎጊያዎችዋን አገባ።
c1fe9f94-50bc-51ed-a063-424c8818ba64,7923eaf7-262c-56f0-a2e0-d93d154d3958,141536c3-a073-569f-abd4-5e07b57e93bd,6,6,ከጥሩ ወርቅም ርዝመቱ ሁለት ክንድ ተኩል፥ ወርዱም አንድ ክንድ ተኩል የሆነ የስርየት መክደኛ ሠራላት።
d834f4d1-4d86-5040-a358-3a0bc18bde8a,7923eaf7-262c-56f0-a2e0-d93d154d3958,141536c3-a073-569f-abd4-5e07b57e93bd,7,7,ሁለት ኪሩቤልንም ከተቀጠቀጠ ወርቅ ሠራ፤ በስርየት መክደኛውም ላይ በሁለት ወገን አደረጋቸው።
6a361c3b-6df2-5ec7-a410-2a0f8eacc8d1,7923eaf7-262c-56f0-a2e0-d93d154d3958,141536c3-a073-569f-abd4-5e07b57e93bd,8,8,ከስርየት መክደኛውም ጋር አንዱን ኪሩብ በአንድ ወገን፥ ሁለተኛውንም ኪሩብ በሌላ ወገን በዚህና በዚያ ሁለቱን ኪሩቤል ከስርየት መክደኛው በላይ ሠራ፤
f1c079b1-dce1-5620-aa54-c60c0e231c4a,7923eaf7-262c-56f0-a2e0-d93d154d3958,141536c3-a073-569f-abd4-5e07b57e93bd,9,9,ኪሩቤልም ክንፎቻቸውን ወደ ላይ የዘረጉ ሆኑ፥ የስርየት መክደኛውንም በክንፎቻቸው ሸፈኑ፤ እርስ በርሳቸውም ተያዩ፤ የኪሩቤልም ፊቶቻቸው ወደ መክደኛው ተመለከቱ።
e6588fbd-0789-5fcc-accb-c2df4bc2a500,7923eaf7-262c-56f0-a2e0-d93d154d3958,03ebd318-7fe1-5453-ae12-5f942cd4a855,1,10,ርዝመቱ ሁለት ክንድ፥ ወርዱም አንድ ክንድ፥ ቁመቱም አንድ ክንድ ተኩል የሆነውን ገበታ ከማይነቅዝ ዕንጨት ሠራ።
8ae4df1a-1474-5857-af0a-0e32b2edfceb,7923eaf7-262c-56f0-a2e0-d93d154d3958,03ebd318-7fe1-5453-ae12-5f942cd4a855,2,11,በጥሩም ወርቅ ለበጠው፤ በዙሪያውም የወርቅ አክሊል አደረገለት።
3191ad25-c4c2-5b2f-af7f-b95722e3b9ec,7923eaf7-262c-56f0-a2e0-d93d154d3958,03ebd318-7fe1-5453-ae12-5f942cd4a855,3,12,በዙሪያውም አንድ ጋት የሚያህል ክፈፍ አደረገለት፤ የወርቅም አክሊል በክፈፉ ዙሪያ አደረገለት።
5d10b13a-9ab0-5222-a7bc-75ebcd2f8984,7923eaf7-262c-56f0-a2e0-d93d154d3958,03ebd318-7fe1-5453-ae12-5f942cd4a855,4,13,አራትም የወርቅ ቀለበቶች አደረገለት፤ ቀለበቶቹንም አራቱ እግሮቹ ባሉበት በአራቱ ማዕዘኖች አደረገ።
9e5009fa-d9bd-52eb-a37a-174c4c7c04d0,7923eaf7-262c-56f0-a2e0-d93d154d3958,03ebd318-7fe1-5453-ae12-5f942cd4a855,5,14,ገበታውንም ለመሸከም መሎጊያዎቹ እንዲሰኩባቸው ቀለበቶች በክፈፉ አቅራቢያ ነበሩ።
1da78ccc-d20a-571a-ad94-eff0c06b2491,7923eaf7-262c-56f0-a2e0-d93d154d3958,03ebd318-7fe1-5453-ae12-5f942cd4a855,6,15,ገበታውንም ይሸከሙባቸው ዘንድ መሎጊያዎቹን ከማይነቅዝ ዕንጨት ሠርቶ በወርቅ ለበጣቸው።
884f54d7-7b8a-5209-a8fd-df96cfe3b678,7923eaf7-262c-56f0-a2e0-d93d154d3958,03ebd318-7fe1-5453-ae12-5f942cd4a855,7,16,ለማፍሰሻም ይሆኑ ዘንድ በገበታው ላይ የሚኖሩትን ዕቃዎች፥ ወጭቶቹንና ጭልፋዎቹን፥ ጽዋዎቹንም፥ መቅጃዎቹንም ከጥሩ ወርቅ አደረጋቸው።
0facf8a9-5da4-5c76-a685-fad0061b0739,7923eaf7-262c-56f0-a2e0-d93d154d3958,b201ed0a-bdef-592b-ab90-a0ab54aec03f,1,17,መቅረዝዋንም ከጥሩ ወርቅ አደረገ፤ መቅረዝዋንም ከእግርዋና ከአገዳዋ ጋር በተቀረጸ ሥራ አደረገ፤ ጽዋዎችዋን፥ ጕብጕቦችዋን፥ አበቦችዋን ከዚያው በአንድነት አደረገ።
37230eaa-77ab-5219-a6c9-05b25bfdeee0,7923eaf7-262c-56f0-a2e0-d93d154d3958,b201ed0a-bdef-592b-ab90-a0ab54aec03f,2,18,በስተጎንዋ ስድስት ቅርንጫፎች ወጡላት፤ ሦስቱ የመቅረዝዋ ቅርንጫፎች በአንድ ወገን፥ ሦስቱም የመቅረዝዋ ቅርንጫፎች በሁለተኛው ወገን ወጡ።
e7d24617-8792-5ce9-a8b3-dbd6b5851f31,7923eaf7-262c-56f0-a2e0-d93d154d3958,b201ed0a-bdef-592b-ab90-a0ab54aec03f,3,19,በአንደኛው ቅርንጫፍ ጕብጕቡንና አበባውን፥ ሦስትም የለውዝ አበባ የሚመስሉትን ጽዋዎች፥ በሁለተኛውም ቅርንጫፍ ጕብጕቡንና አበባውን፥ ሦስትም የለውዝ አበባ የሚመስሉትን ጽዋዎች፥ እንዲሁም ከመቅረዝዋ ለወጡ ለስድስቱ ቅርንጫፎች አደረገ።
1cf2bbfe-d7b6-5e59-a883-96c0fb7e05e6,7923eaf7-262c-56f0-a2e0-d93d154d3958,b201ed0a-bdef-592b-ab90-a0ab54aec03f,4,20,በመቅረዝዋም ጕብጕቦችዋንና አበቦችዋን፥ አራትም የለውዝ አበባ የሚመስሉትን ጽዋዎች አደረገ።
3db88800-263c-59e2-a4ac-34a7998d3e07,7923eaf7-262c-56f0-a2e0-d93d154d3958,b201ed0a-bdef-592b-ab90-a0ab54aec03f,5,21,ከመቅረዝዋ ለወጡ ለስድስት ቅርንጫፎች ከሁለት ቅርንጫፎች በታች አንድ ሆኖ የተሠራ አንድ ጕብጕብ፥ ከሁለትም ቅርንጫፎች በታች አንድ ሆኖ የተሠራ አንድ ጕብጕብ፥ ደግሞ ከሁለት ቅርንጫፎች በታች አንድ ሆኖ የተሠራ አንድ ጕብጕብ ነበረ።
05ec1e60-2fc4-5d35-a73d-a8889cd8a282,7923eaf7-262c-56f0-a2e0-d93d154d3958,b201ed0a-bdef-592b-ab90-a0ab54aec03f,6,22,ጕብጕቦችዋና ቅርንጫፎችዋ ከእርሱ ጋር አንድ ነበሩ፤ ሁሉም አንድ ሆኖ ከተቀረጸ ከጥሩ ወርቅ ተሠርቶ ነበር።
d2c85769-2f84-5708-a55d-817758d4f17a,7923eaf7-262c-56f0-a2e0-d93d154d3958,b201ed0a-bdef-592b-ab90-a0ab54aec03f,7,23,ሰባቱንም መብራቶችዋን መኰስተሪያዎችዋንም፥ የኵስታሪ ማድረጊያዎችዋንም ከጥሩ ወርቅ ሠራ።
301850d9-61ef-57b2-aa35-b0d4be313f03,7923eaf7-262c-56f0-a2e0-d93d154d3958,b201ed0a-bdef-592b-ab90-a0ab54aec03f,8,24,መቅረዙንም፥ ዕቃውንም ሁሉ ከአንድ መክሊት ጥሩ ወርቅ አደረገ።
d4a4ec8d-914d-50ea-a84b-d1e54b5a37c3,7923eaf7-262c-56f0-a2e0-d93d154d3958,515cf785-ced6-5dcd-aa15-353b8477b586,1,25,የዕጣን መሠዊያንም ከማይነቅዝ ዕንጨት ሠራ፤ ርዝመቱ አንድ ክንድ፥ ስፋቱ አንድ ክንድ፤ አራት ማዕዘን ነበር፤ ከፍታውም ሁለት ክንድ ነበር፤ ቀንዶቹም ከእርሱ ጋር በአንድነት የተሠሩ ነበሩ።
2b73823c-0b61-5b89-a20a-d5c8369f70f1,7923eaf7-262c-56f0-a2e0-d93d154d3958,515cf785-ced6-5dcd-aa15-353b8477b586,2,26,ላይኛውንና የግድግዳውንም ዙሪያ፥ ቀንዶቹንም በጥሩ ወርቅ ለበጠው፤ በዙሪያውም የወርቅ ክፈፍ አደረገበት።
f1a9b5df-93d9-5665-aae7-1093a7277346,7923eaf7-262c-56f0-a2e0-d93d154d3958,515cf785-ced6-5dcd-aa15-353b8477b586,3,27,ከክፈፉም በታች ሁለት የወርቅ ቀለበቶች አደረገበት፤ በዚህና በዚያ በሁለቱም ጎን አደረጋቸው፤ ለመሸከምም የመሎጊያዎች መግቢያ ነበሩ።
07d75e38-10a1-515e-a074-4b3deedd4c6b,7923eaf7-262c-56f0-a2e0-d93d154d3958,515cf785-ced6-5dcd-aa15-353b8477b586,4,28,መሎጊያዎቹንም ከማይነቅዝ ዕንጨት አደረገ፤ በወርቅም ለበጣቸው።
e618353c-2ddc-592e-a610-6af7003882e8,7923eaf7-262c-56f0-a2e0-d93d154d3958,515cf785-ced6-5dcd-aa15-353b8477b586,5,29,የተቀደሰውንም የቅብዐቱን ዘይት፥ ጥሩውንም የጣፋጭ ሽቱ ዕጣን በቀማሚ ብልሃት እንደ ተሠራ አደረገ።
69c99fe4-d09e-57ab-a3e8-9930f246b50e,c15d9826-1acd-5fd0-adf5-e707c7d61cb1,59ab98a3-2977-5a4c-a32c-61ee21c52570,1,1,ርዝመቱ አምስት ክንድ፥ ወርዱም አምስት ክንድ ለሚቃጠል መሥዋዕት የሚሆን መሠዊያን ከማይነቅዝ ዕንጨት አደረገ፤ አራት ማዕዘንም ነበረ፤ ከፍታውም ሦስት ክንድ ነበረ።
bdcaf238-7251-5a80-a72f-d6b0d4b66dab,c15d9826-1acd-5fd0-adf5-e707c7d61cb1,59ab98a3-2977-5a4c-a32c-61ee21c52570,2,2,ቀንዶቹንም በአራቱ ማዕዘን አደረገበት፤ ቀንዶቹም ከእርሱ ጋር ሥረ-ወጥ ነበሩ፤ በናስም ለበጠው።
88cee653-52ef-5f17-a0b2-750fd21b7939,c15d9826-1acd-5fd0-adf5-e707c7d61cb1,59ab98a3-2977-5a4c-a32c-61ee21c52570,3,3,የመሠዊያውንም ዕቃ ሁሉ፥ ምንቸቶቹንም፥ መጫሪያዎቹንም፥ ድስቶቹንም፥ ሜንጦዎቹንም፥ የእሳት ማንደጃዎቹንም አደረገ፤ ዕቃውንም ሁሉ ከናስ አደረገ።
f14fc1cf-4f60-59a1-aadb-4b530eec6e42,c15d9826-1acd-5fd0-adf5-e707c7d61cb1,59ab98a3-2977-5a4c-a32c-61ee21c52570,4,4,እንደ መረብ ሆኖም የተሠራ የናስ መከታ ለመሠዊያው አደረገ፤ መከታውም እስከ መሠዊያው እኩሌታ ይደርስ ዘንድ በመሠዊያው በሚዞረው በደረጃው ታች አደረገው።
1ab53fa6-e49d-5507-aac7-b338bb82c149,c15d9826-1acd-5fd0-adf5-e707c7d61cb1,59ab98a3-2977-5a4c-a32c-61ee21c52570,5,5,ለናሱም መከታ ለአራቱ ማዕዘን የመሎጊያዎች ስፍራ ይሆኑ ዘንድ አራት ቀለበቶች አደረገ።
66c494fa-e08d-5451-adb6-f7b34f9f93be,c15d9826-1acd-5fd0-adf5-e707c7d61cb1,59ab98a3-2977-5a4c-a32c-61ee21c52570,6,6,መሎጊያዎቹንም ከማይነቅዝ ዕንጨት ሠራ፤ በናስም ለበጣቸው።
a3542920-6a55-5c99-a9d4-58acfcb5dffd,c15d9826-1acd-5fd0-adf5-e707c7d61cb1,59ab98a3-2977-5a4c-a32c-61ee21c52570,7,7,ይሸከሙባቸውም ዘንድ በመሠዊያው ጎን ባሉት ቀለበቶች ውስጥ መሎጊያዎቹን አገባ፤ ከሳንቃዎቹም ሠርቶ ክፍት አደረገው።
09bfc6a1-9d03-5622-a1c6-40aa5a022c02,c15d9826-1acd-5fd0-adf5-e707c7d61cb1,7b6151f4-5fd3-5a24-a10e-445fb48c933f,1,8,የመታጠቢያውን ሰንና መቀመጫውንም በምስክሩ ድንኳን ደጃፍ ከሚያገለግሉ ከሴቶች መስተዋት ከናስ አደረገ።
e00f8e16-f0fd-5e84-a91f-69cf700b1dcd,c15d9826-1acd-5fd0-adf5-e707c7d61cb1,a4ee0a76-43cf-5502-a383-674eb6f1a4a3,1,9,ለድንኳኑም በደቡብ በኩል በስተቀኝ አደባባይ አደረገ፤ የአደባባዩ መጋረጃም ከተፈተለ ጥሩ በፍታ የተሠራ ርዝመቱ መቶ ክንድ ነበረ።
29d5a7d8-b0a7-5282-aad7-35eadff0a860,c15d9826-1acd-5fd0-adf5-e707c7d61cb1,a4ee0a76-43cf-5502-a383-674eb6f1a4a3,2,10,ሃያውንም ምሰሶዎቻቸውንና ሃያውን እግሮቻቸውን ከናስ አደረገ፤ የምሰሶዎቹንም ኵላቦችና ዘንጎች ከብር አደረገ።
de5cdc32-82fe-56ac-ae84-7d05cd7c7db3,c15d9826-1acd-5fd0-adf5-e707c7d61cb1,a4ee0a76-43cf-5502-a383-674eb6f1a4a3,3,11,በሰሜኑም ወገን መቶ ክንድ ርዝመት ያላቸውን መጋረጃዎች፥ ከናስም የተሠሩ ሃያ ምሰሶዎችንና ሃያ እግሮችን፥ ለምሰሶዎችም የብር ኵላቦችንና ዘንጎችን አደረገ።
9826f3e9-2fa7-5191-a8ff-ab479ee53ddb,c15d9826-1acd-5fd0-adf5-e707c7d61cb1,a4ee0a76-43cf-5502-a383-674eb6f1a4a3,4,12,በምዕራብም ወገን አምሳ ክንድ ርዝመት ያላቸውን መጋረጃዎች፥ ዐሥሩንም ምሰሶዎች፥ ዐሥሩንም የናስ እግሮች፥ ለምሰሶዎቹም የብር ኵላቦችንና ዘንጎችን አደረገ።
8c71cb89-85a5-576d-a10f-a5511566149c,c15d9826-1acd-5fd0-adf5-e707c7d61cb1,a4ee0a76-43cf-5502-a383-674eb6f1a4a3,5,13,በምሥራቅም ወገን አምሳ ክንድ ርዝመት ያላቸውን መጋረጃዎችን አደረገ።
f183aa44-2831-5468-a77a-c390fecc753a,c15d9826-1acd-5fd0-adf5-e707c7d61cb1,a4ee0a76-43cf-5502-a383-674eb6f1a4a3,6,14,በአዜብ በኩል የመጋረጃዎች ርዝመት ዐሥራ አምስት ክንድ፥ ምሰሶዎቹም ሦስት፥ እግሮቹም ሦስት ነበሩ።
de7a7f31-9a1d-5d25-aaa3-18c15ebcd4ab,c15d9826-1acd-5fd0-adf5-e707c7d61cb1,a4ee0a76-43cf-5502-a383-674eb6f1a4a3,7,15,እንዲሁም በሁለተኛው ወገን በአደባባዩ ደጅ በዚህና በዚያ ዐሥራ አምስት ክንድ ርዝመት ያላቸው መጋረጃዎች፥ ሦስትም ምሰሶዎች፥ ሦስትም እግሮች ነበሩ።
a705c939-141e-53e1-ad8c-990009656dc8,c15d9826-1acd-5fd0-adf5-e707c7d61cb1,a4ee0a76-43cf-5502-a383-674eb6f1a4a3,8,16,በአደባባዩ ዙሪያ ያሉ መጋረጃዎች ሁሉ ከተፈተለ ከጥሩ በፍታ ተሠርተው ነበር።
9fb3ec3b-b5e0-52e1-a9c7-482d47769347,c15d9826-1acd-5fd0-adf5-e707c7d61cb1,a4ee0a76-43cf-5502-a383-674eb6f1a4a3,9,17,የምሰሶዎቹም እግሮች የናስ፥ የምሰሶዎቹም ኵላቦችና ዘንጎች የብር ነበሩ፤ የምሰሶዎቹም ጕልላቶች በብር ተለብጠው ነበር፤ በአደባባዩ ላሉ ምሰሶዎች ሁሉ የብር ዘንጎች ነበሩአቸው።
e5351912-3ffa-5de5-ad32-237ac147951b,c15d9826-1acd-5fd0-adf5-e707c7d61cb1,a4ee0a76-43cf-5502-a383-674eb6f1a4a3,10,18,የአደባባዩም ደጅ መጋረጃ ከሰማያዊ፥ ከሐምራዊም፥ ከቀይም ግምጃ ፥ ከጥሩም በፍታ በጥልፍ አሠራር የተሠራ ነበረ፤ ርዝመቱ ሃያ ክንድ ነበረ፤ ቁመቱም እንደ አደባባዩ መጋረጃዎች አምስት ክንድ ነበረ፤
1359b202-7549-5f83-a1a9-14d2dc3e79c4,c15d9826-1acd-5fd0-adf5-e707c7d61cb1,a4ee0a76-43cf-5502-a383-674eb6f1a4a3,11,19,ከናስ የተሠሩ ምሰሶዎቹም አራት፥ እግሮቹም አራት ነበሩ፤ ኵላቦቹም የብር ነበሩ፤ ጕልላቶቹና ዘንጎቹም በብር ተለብጠው ነበር።
d3715522-9c04-55a9-a219-01980080721f,c15d9826-1acd-5fd0-adf5-e707c7d61cb1,a4ee0a76-43cf-5502-a383-674eb6f1a4a3,12,20,የድንኳኑም ካስማዎች፥ በዙሪያውም ያሉ የአደባባዩ ካስማዎች የናስ ነበሩ።
614e9a01-357a-55a5-a51d-f945277a5e52,c15d9826-1acd-5fd0-adf5-e707c7d61cb1,4aa81f7d-e037-53c6-aa07-d98329f0da29,1,21,በካህኑ በአሮን ልጅ በይታምር እጅ የሌዋውያን ተልእኮ ይሆን ዘንድ ሙሴ ከእግዚአብሔር እንደታዘዘ የምስክሩ ድንኳን ሥርዐት ይህ ነው።
d9867421-e1dd-56f7-a0e3-4fbc626fd7c5,c15d9826-1acd-5fd0-adf5-e707c7d61cb1,4aa81f7d-e037-53c6-aa07-d98329f0da29,2,22,ከይሁዳ ነገድም የሆነ የሆር የልጅ ልጅ፥ የኡሪ ልጅ ባስልኤል እግዚአብሔር ለሙሴ እንዳዘዘው ሁሉ አደረገ።
3dcf715a-aa81-507a-a491-865d1524bb54,c15d9826-1acd-5fd0-adf5-e707c7d61cb1,4aa81f7d-e037-53c6-aa07-d98329f0da29,3,23,ከእርሱም ጋር ከዳን ነገድ የሆነ የአሒሳሚክ ልጅ ኤልያብ ነበረ፤ እርሱም በሰማያዊ፥ በሐምራዊ፥ በቀይም ግምጃ፥ በጥሩ በፍታ የሽመና ሥራ ይሠራ ዘንድ የቅርጽ፥ የሽመናና የጥልፍ ሥራ አለቃ ነበረ።
6b53ee29-fa77-5ce5-ab76-78d4689a2204,c15d9826-1acd-5fd0-adf5-e707c7d61cb1,4aa81f7d-e037-53c6-aa07-d98329f0da29,4,24,የተሰጠው ወርቅ ሁሉ፥ ለድንኳኑ ሥራ ሁሉ የተደረገው ወርቅ፥ እንደ መቅደሱ ሰቅል ሚዛን ሃያ ዘጠኝ መክሊት ሰባት መቶ ሠሳሳ ሰቅል ነበረ።
1bf92a6c-a8cc-5ddb-a8dc-d44c7ce5a19f,c15d9826-1acd-5fd0-adf5-e707c7d61cb1,4aa81f7d-e037-53c6-aa07-d98329f0da29,5,25,በማኅበሩም ከሚቈጠሩት የተገኘ ብር፥ እንደ መቅደሱ ሰቅል ሚዛን፥ መቶ መክሊትና አንድ ሺህ ሰባት መቶ ከሰባ አምስት ሰቅል ነበረ።
4297a51f-b9b7-5ab3-a310-7639689946a3,c15d9826-1acd-5fd0-adf5-e707c7d61cb1,4aa81f7d-e037-53c6-aa07-d98329f0da29,6,26,እያንዳንዱም ሰው አንድ አንድ ዲድርክም አዋጣ፤ አንድ ዲድርክም እንደ መቅደሱ ሰቅል ሚዛን የሰቅል ግማሽ ነው፤ ይህም የተዋጣው ከሃያ ዓመት ጀምሮ ከዚያም በላይ ከተቈጠሩ ሁሉ ስድስት መቶ ሦስት ሺህ አምስት መቶ አምሳ ሰዎች ነበረ።
6d8dd49e-07e2-52db-a4f9-b32e23495704,c15d9826-1acd-5fd0-adf5-e707c7d61cb1,4aa81f7d-e037-53c6-aa07-d98329f0da29,7,27,መቶውም የብር መክሊት ለድንኳኑ ምሰሶዎች እግሮችና ለመጋረጃው ምሰሶዎች እግሮች ተደረገ፤ መቶውም መክሊት ለመቶ እግሮች፤ ለአንድ እግርም አንድ መክሊት ሆነ።
8f33e632-65e2-5aa6-a1ef-59bbe619cbfe,c15d9826-1acd-5fd0-adf5-e707c7d61cb1,4aa81f7d-e037-53c6-aa07-d98329f0da29,8,28,ከሺህ ሰባት መቶ ሰባ አምስት ሰቅል የምሰሶዎቹን ኵላቦችና ዘንጎች አደረገ፤ የምሰሶዎቹንም ጕልላቶች ለበጠ።
01a46ccb-5d22-5332-acf2-1c48821489bd,c15d9826-1acd-5fd0-adf5-e707c7d61cb1,4aa81f7d-e037-53c6-aa07-d98329f0da29,9,29,የተሰጠውም ናስ አራት መቶ ሰባ መክሊትና ሁለት ሺህ አራት መቶ ሰቅል ነበረ።
d9895edf-87dd-57f9-afe3-b5b1d8d9980f,c15d9826-1acd-5fd0-adf5-e707c7d61cb1,4aa81f7d-e037-53c6-aa07-d98329f0da29,10,30,ከእርሱም የምስክሩን ድንኳን ደጃፍ እግሮች፥ የናሱንም መሠዊያ፥ ለእርሱም የሆነውን የናሱን መከታ፥ የመሠዊያውንም ዕቃ ሁሉ፥
72eef9d8-2c32-5275-a7c2-702d5e18fc81,c15d9826-1acd-5fd0-adf5-e707c7d61cb1,4aa81f7d-e037-53c6-aa07-d98329f0da29,11,31,በአደባባዩ ዙሪያ ያሉትን እግሮች፥ የአደባባዩንም ደጃፍ እግሮች፥ የድንኳኑንም ካስማዎች ሁሉ፥ በአደባባዩ ዙሪያም ያሉትን ካስማዎች ሁሉ አደረገ።
1b24f3c0-477e-5dd7-aea0-c1a4795abc94,bffe0412-fd81-5096-a631-ae1fb0ef8e61,7a947ecf-538f-5d58-a810-88cdb1d91bed,1,1,የቀረውም የመባ ወርቅ በእግዚአብሔር ፊት ይሠሩበት ዘንድ ንዋየ ቅድሳት ሆኖ ተሠራ። ከሰማያዊ፥ ከሐምራዊም ከቀይ ግምጃም ለመቅደሱ አገልግሎት ልብሶችን ሠሩ፤ እንዲሁም እግዚአብሔር ሙሴን እንዳዘዘው ለአሮን የተቀደሰውን ልብስ ሠሩ።
c7b6c582-188b-5057-a66e-3ea4c5955872,bffe0412-fd81-5096-a631-ae1fb0ef8e61,7a947ecf-538f-5d58-a810-88cdb1d91bed,2,2,ልብሰ እንግድዓውንም ከወርቅ፥ ከሰማያዊ፥ ከሐምራዊም፥ ከቀይ ግምጃም፥ ከተፈተለ ከጥሩ በፍታም ሠሩ።
dcbd1b84-0475-5203-a0f2-0451746622b7,bffe0412-fd81-5096-a631-ae1fb0ef8e61,7a947ecf-538f-5d58-a810-88cdb1d91bed,3,3,ወርቁንም ቀጥቅጠው እንደ ቅጠል ስስ አደረጉት፤ እንደ ፈትልም ቈረጡት። ብልህ ሠራተኛም እንደሚሠራ ሰማያዊ፥ ሐምራዊም፥ ቀይ ግምጃም፥ የተፈተለም ጥሩ በፍታ፥ ከእርሱ ጠለፉ።
d182a4d7-7394-5d6b-a270-c9239a3a9490,bffe0412-fd81-5096-a631-ae1fb0ef8e61,7a947ecf-538f-5d58-a810-88cdb1d91bed,4,4,ሁለቱ ወገን እንዲጋጠሙ፥ በሁለት ጫንቃዎች ላይ የሚጋጠም ልብሰ መትከፍ ሠሩ።
3bfcfd61-6544-5c11-ad3d-3433593cec58,bffe0412-fd81-5096-a631-ae1fb0ef8e61,7a947ecf-538f-5d58-a810-88cdb1d91bed,5,5,እግዚአብሔር ሙሴን እንዳዘዘው እርስዋን ከወርቅ፥ ከሰማያዊና ከሐምራዊ፥ ከቀይ ግምጃም፥ ከተፈተለ ከጥሩ በፍታም እንደ ሠሩ የልብሰ መትከፉን ቋድ ሠሩ።
fc722dda-a5cd-5e0a-aacf-f22afe71635d,bffe0412-fd81-5096-a631-ae1fb0ef8e61,7a947ecf-538f-5d58-a810-88cdb1d91bed,6,6,በወርቅ ፈርጥ የተያዙ የመረግድ ድንጋዮች ሠርተው እንደ ማኅተም ቅርጽ የእስራኤልን ልጆች ስም ቀረጹባቸው።
54995a19-567f-5d72-a89a-1c9e7c975963,bffe0412-fd81-5096-a631-ae1fb0ef8e61,7a947ecf-538f-5d58-a810-88cdb1d91bed,7,7,ለእስራኤልም ልጆች የመታሰቢያ ድንጋዮች ይሆኑ ዘንድ እግዚአብሔር ሙሴን እንዳዘዘው፥ በልብሰ መትከፉ ጫንቃዎች ላይ አደረጓቸው።
93f01a49-fad3-5ab2-a6a5-7707e3ea1db2,bffe0412-fd81-5096-a631-ae1fb0ef8e61,1d5663dd-37ab-5721-aa32-f2423a7f5e9a,1,8,ልብሰ እንግድዓውን ብልህ ሠራተኛ እንደሚሠራ፥ እንደ ልብሰ መትከፉ አሠራር ከወርቅና ከሰማያዊ፥ ከሐምራዊም፥ ከቀይም ግምጃ፥ ከተፈትለም ከጥሩ በፍታ አደረጉ።
8986d715-5f02-548d-a7a0-41c7a11c3792,bffe0412-fd81-5096-a631-ae1fb0ef8e61,1d5663dd-37ab-5721-aa32-f2423a7f5e9a,2,9,አራት ማዕዘንም ነበረ፤ ልብሰ እንግድዓውም ድርብ ነበር፤ ርዝመቱ ስንዝር፥ ወርዱም ስንዝር፥ ድርብም ነበረ።
b0678297-cafb-549f-acf0-2d3919d2b68e,bffe0412-fd81-5096-a631-ae1fb0ef8e61,1d5663dd-37ab-5721-aa32-f2423a7f5e9a,3,10,ዕንቍዎቹንም በአራት ተራ አደረጉበት፤ በፊተኛውም ተራ ሰርድዮን፥ ቶጳዝዮን፥ መረግድ፤
f9c11885-c81f-5801-a29f-4e0fc6cb43d8,bffe0412-fd81-5096-a631-ae1fb0ef8e61,1d5663dd-37ab-5721-aa32-f2423a7f5e9a,4,11,በሁለተኛውም ተራ በሉር፥ ሰንፔር፥ ኢያሰጲድ፤
3248445f-ab2b-5bc3-ad8e-63122aa6c2bc,bffe0412-fd81-5096-a631-ae1fb0ef8e61,1d5663dd-37ab-5721-aa32-f2423a7f5e9a,5,12,በሦስተኛውም ተራ ለግርዮን፥አካጥስ፥ አሜቴስጢኖስ፤
1549e218-9f2c-5c68-a2ac-329414d9f893,bffe0412-fd81-5096-a631-ae1fb0ef8e61,1d5663dd-37ab-5721-aa32-f2423a7f5e9a,6,13,በአራተኛውም ተራ ወርቃማ ድንጋይ፥ ቢረሌ፥ ሶም፤ ዙሪያውም በወርቅ ፈርጥ ተደረገ።
c6fe508f-0e62-5333-ad7b-ce6b99e4c726,bffe0412-fd81-5096-a631-ae1fb0ef8e61,1d5663dd-37ab-5721-aa32-f2423a7f5e9a,7,14,የዕንቍዎችም ድንጋዮች እንደ ዐሥራ ሁለቱ እንደ እስራኤል ልጆች ስሞች ነበሩ፤ በየስማቸውም ማተሚያ እንደሚቀረጽ ተቀረጹ፤ ስለ ዐሥራ ሁለቱም ነገዶች ነበሩ።
fc0d4c21-2498-5cf3-ab99-96f257201a49,bffe0412-fd81-5096-a631-ae1fb0ef8e61,1d5663dd-37ab-5721-aa32-f2423a7f5e9a,8,15,ለልብሰ እንግድዓውም የተጐነጐኑትን ድሪዎች እንደ ገመድ አድርገው ከጥሩ ወርቅ ሠሩ።
043e358f-daa7-5432-ae2c-ec99d6c68e33,bffe0412-fd81-5096-a631-ae1fb0ef8e61,1d5663dd-37ab-5721-aa32-f2423a7f5e9a,9,16,ሁለትም የወርቅ ፈርጦች፥ ሁለትም የወርቅ ቀለበቶች ሠሩ፤ ሁለቱንም የወርቅ ቀለበቶች በልብሰ እንግድዓው በሁለቱ ወገን አደረጉ።
02803669-bf86-5ae2-a477-f15c1a27d9c9,bffe0412-fd81-5096-a631-ae1fb0ef8e61,1d5663dd-37ab-5721-aa32-f2423a7f5e9a,10,17,ሁለቱንም የተጐነጐኑትን የወርቅ ድሪዎች በልብሰ እንግድዓው በሁለቱ ወገኖች ወዳሉት ወደ ሁለቱ ቀለበቶች አገቡ።
b4281412-bf91-5ca5-ab3f-0319cdda8c9d,bffe0412-fd81-5096-a631-ae1fb0ef8e61,1d5663dd-37ab-5721-aa32-f2423a7f5e9a,11,18,የሁለቱንም ድሪዎች ጫፎች በሁለቱ ፈርጦች ውስጥ አግብተው በልብሰ መትከፉ ጫንቃዎች ላይ ፊት ለፊት አደረጓቸው።
aa28370a-729f-50b8-af5c-22073fef25e1,bffe0412-fd81-5096-a631-ae1fb0ef8e61,1d5663dd-37ab-5721-aa32-f2423a7f5e9a,12,19,ሁለቱንም የወርቅ ቀለበቶች ሠሩ፤ እነርሱንም ከልብሰ መትከፉ ፊት ለፊት ባለው በልብሰ እንግድዓው በሁለቱ ጫፎች ላይ አደረጓቸው።
68232d5b-1cb3-5309-a337-3de632686f97,bffe0412-fd81-5096-a631-ae1fb0ef8e61,1d5663dd-37ab-5721-aa32-f2423a7f5e9a,13,20,ደግሞም ሁለት የወርቅ ቀለበቶች ሠሩ፤ በመደረቢያው ፊት፥ ከጫንቃዎች በታች፥ በብልሃት ከተጠለፈ ከመደረቢያው ቋድ በላይ፥ በመያዣው አጠገብ አደረጓቸው።
22326a4f-15ca-5d22-a3e6-e8ea3301d966,bffe0412-fd81-5096-a631-ae1fb0ef8e61,1d5663dd-37ab-5721-aa32-f2423a7f5e9a,14,21,ልብሰ እንግድዓው በብልሃት ከተጠለፈው ከመደረቢያው ቋድ በላይ እንዲሆን፥ ከመደረቢያው እንዳይለይ ልብሰ እንግድዓውን ከቀለበቶቹ ጋር ወደ መደረቢያው ቀለበቶች በሰማያዊ ፈትል አሰሩት።
98f59a89-572a-50c0-a9ea-8b0b0ee4038f,bffe0412-fd81-5096-a631-ae1fb0ef8e61,0b84c1fe-b220-51b1-a58d-27ca8653f69c,1,22,እግዚአብሔርም ሙሴን እንዳዘዘው፥ የመደረቢያውን ቀሚስ ሞላውን በሸማኔ ሥራ ሰማያዊ አድርጎ ሠራው።
4203a1eb-2aa7-56c4-a3cd-403e7b501ed4,bffe0412-fd81-5096-a631-ae1fb0ef8e61,0b84c1fe-b220-51b1-a58d-27ca8653f69c,2,23,በቀሚሱም መካከል አንገትጌ ነበረ፤ እንዳይቀደድም በአንገትጌው ዙሪያ በአንድነት የተያያዘ ጥልፍ ነበረ።
d12bd024-bb19-57f5-ac34-af8eec5aed14,bffe0412-fd81-5096-a631-ae1fb0ef8e61,0b84c1fe-b220-51b1-a58d-27ca8653f69c,3,24,በቀሚሱም ታችኛ ዘርፍ ከሰማያዊ፥ ከሐምራዊም፥ ከቀይ ግምጃም፥ ከተፈተለ በፍታም የአበቡ ሮማኖችን አደረጉ።
154a4ff8-dc18-55a4-ae5d-1906c5673669,bffe0412-fd81-5096-a631-ae1fb0ef8e61,0b84c1fe-b220-51b1-a58d-27ca8653f69c,4,25,ከጥሩ ወርቅም ሻኵራዎችን ሠሩ፤ ሻኵራዎቹንም ከሮማኖች መካከል በቀሚሱ ዘርፍ ዙሪያ አደረጉ።
52119dea-996d-5f3a-a2a1-b82801580e1f,bffe0412-fd81-5096-a631-ae1fb0ef8e61,0b84c1fe-b220-51b1-a58d-27ca8653f69c,5,26,በቀሚሱ ዘርፍ ዙሪያ ሻኵራንና ሮማንን፥ ሻኩራንና ሮማንን እግዚአብሔር ሙሴን እንዳዘዘው ለማገልገል አደረጉ።
b2d9cbcb-1ef3-5d99-a815-148e827aabe4,bffe0412-fd81-5096-a631-ae1fb0ef8e61,0b84c1fe-b220-51b1-a58d-27ca8653f69c,6,27,እንደ ሸማኔ ሥራ ከጥሩ በፍታ ለአሮንና ለልጆቹ እጀ ጠባቦችን፥ ከጥሩ በፍታም አክሊልን፥
6d597a64-6a76-503b-acc7-0459652e7005,bffe0412-fd81-5096-a631-ae1fb0ef8e61,0b84c1fe-b220-51b1-a58d-27ca8653f69c,7,28,ከጥሩ በፍታም መልካሞቹን ቆቦች፥ ከተፈተለ ከጥሩ በፍታም የእግር ሱሪዎችን፥
c1c59185-8b02-5c3d-abce-ef7ce519bb3c,bffe0412-fd81-5096-a631-ae1fb0ef8e61,0b84c1fe-b220-51b1-a58d-27ca8653f69c,8,29,ከተፈተለም ከጥሩ በፍታ፥ ከሰማያዊም፥ ከሐምራዊም፥ ከቀይም ግምጃ በጥልፍ አሠራር የተሠራ መታጠቂያውን እግዚአብሔር ሙሴን እንዳዘዘው አደረጉ።
ed650df6-8516-5242-a98d-69877ccd7125,bffe0412-fd81-5096-a631-ae1fb0ef8e61,0b84c1fe-b220-51b1-a58d-27ca8653f69c,9,30,ከጥሩ ወርቅ የተለየ የወርቅ ቅጠል ሠሩ፤ በእርሱም እንደ ማኅተም ቅርጽ አድርገው፥ “ቅድስና ለእግዚአብሔር” የሚል ጻፉበት።
5d92b128-962b-5a0a-a1a5-c82598ce3da4,bffe0412-fd81-5096-a631-ae1fb0ef8e61,0b84c1fe-b220-51b1-a58d-27ca8653f69c,10,31,እግዚአብሔር ሙሴን እንዳዘዘው፥ በአክሊሉ ላይ ያንጠለጥሉት ዘንድ ሰማያዊውን ፈትል አሰሩበት።
27037a99-0072-502e-a77d-2c54dce5f0aa,bffe0412-fd81-5096-a631-ae1fb0ef8e61,6b0d88ee-2b77-5ae9-a226-f5e868e1bf69,1,32,እንዲሁም የምስክሩ ድንኳን ሥራ ሁሉ ተፈጸመ። እግዚአብሔርም ሙሴን እንዳዘዘው ሁሉ የእስራኤል ልጆች አደረጉ፤ እንዲሁ አደረጉ።
db1cbdd7-afe9-59c9-aaeb-5972d42376a3,bffe0412-fd81-5096-a631-ae1fb0ef8e61,6b0d88ee-2b77-5ae9-a226-f5e868e1bf69,2,33,ድንኳኑንም፥ መደረቢያውንም፥ ዕቃውንም ሁሉ ወደ ሙሴ አመጡ፤ መያዣዎቹን፥ ሳንቆቹን፥ መወርወሪያዎቹን፥ ምሰሶዎቹን፥ እግሮቹንም፤
f839c87a-7364-5339-a04e-97cc8983b387,bffe0412-fd81-5096-a631-ae1fb0ef8e61,6b0d88ee-2b77-5ae9-a226-f5e868e1bf69,3,34,ከቀይ አውራ በግ ቍርበትም የተሠራ መደረቢያ፥ ከአቆስጣ ቁርበትም የተሠራ መደረቢያ፥ የሚሸፍነውንም መጋረጃ፥
9254939a-e04c-57f4-a92d-a5e4623c493c,bffe0412-fd81-5096-a631-ae1fb0ef8e61,6b0d88ee-2b77-5ae9-a226-f5e868e1bf69,4,35,የምስክሩንም ታቦት፥ መሎጊያዎቹንም፥ የስርየት መክደኛውንም፤
126eaa4c-a928-5b9b-a609-4695e6604086,bffe0412-fd81-5096-a631-ae1fb0ef8e61,6b0d88ee-2b77-5ae9-a226-f5e868e1bf69,5,36,ገበታውንም፥ ዕቃውንም ሁሉ፥ ኅብስተ ገጹንም፤
03855c99-0a26-52d4-aa9f-c69c614b529d,bffe0412-fd81-5096-a631-ae1fb0ef8e61,6b0d88ee-2b77-5ae9-a226-f5e868e1bf69,6,37,ጥሩውንም መቅረዝ፥ መብራቶቹንም፥ በተራ የሚሆኑትንም ቀንዲሎች፥ ዕቃውንም ሁሉ፥ የመብራቱንም ዘይት፤
62f1b01a-3742-5ca1-a1dd-ef2e3f6b1f89,bffe0412-fd81-5096-a631-ae1fb0ef8e61,6b0d88ee-2b77-5ae9-a226-f5e868e1bf69,7,38,የወርቁንም መሠዊያ፥ የቅብዐቱንም ዘይት፥ ጣፋጩንም ዕጣን፥ የድንኳኑንም ደጃፍ መጋረጃ፤
c89796bf-8260-5903-a27f-a5112f43c1a9,bffe0412-fd81-5096-a631-ae1fb0ef8e61,6b0d88ee-2b77-5ae9-a226-f5e868e1bf69,8,39,የናሱንም መሠዊያ፥ የናሱንም መከታ፥ መሎጊያዎቹንም፥ ዕቃውንም ሁሉ፥ የመታጠቢያውን ሰንም፥ መቀመጫውንም፤
bf708455-487e-5481-ab59-bef24fa3bda2,bffe0412-fd81-5096-a631-ae1fb0ef8e61,6b0d88ee-2b77-5ae9-a226-f5e868e1bf69,9,40,የአደባባዩንም መጋረጆች፥ ምሰሶዎቹንም፥ እግሮቹንም፥ የአደባባዩንም ደጃፍ መጋረጃ፥ አውታሮቹንም፥ ካስማዎቹንም፥ ለምስክሩ ድንኳን ማገልገያ የሚሆኑትን ዕቃዎች ሁሉ፤
40708a0d-6a13-501f-a05b-e84422c094e1,bffe0412-fd81-5096-a631-ae1fb0ef8e61,6b0d88ee-2b77-5ae9-a226-f5e868e1bf69,10,41,በመቅደስ ውስጥ ለማገልገል በብልሃት የተሠሩትን ልብሶች፥ በክህነትም ያገለግሉበት ዘንድ የተቀደሱትን የካህኑን የአሮንን ልብሶች፥ የልጆቹንም ልብሶች አመጡ።
6320c24e-180e-5e34-a2a7-ec714a04aeab,bffe0412-fd81-5096-a631-ae1fb0ef8e61,6b0d88ee-2b77-5ae9-a226-f5e868e1bf69,11,42,እግዚአብሔር ሙሴን እንዳዘዘ ሁሉ እንዲሁ የእስራኤል ልጆች ሥራውን ሁሉ ሠሩ።
a9eb6911-86d3-5133-a13e-29043513d248,bffe0412-fd81-5096-a631-ae1fb0ef8e61,6b0d88ee-2b77-5ae9-a226-f5e868e1bf69,12,43,ሙሴም ሥራውን ሁሉ አየ፤ እነሆም፥ አድርገውት ነበር፤ እግዚአብሔር እንዳዘዘው እንዲሁ አድርገውት ነበር፤ ሙሴም ባረካቸው።
28065c01-4b53-54ac-aab8-93d47eddd718,7266ebed-3e72-5fe1-ab1a-9626eb479fbf,f757a620-0ceb-55d9-a15c-a894c4cb5999,1,1,እግዚአብሔርም ሙሴን እንዲህ ሲል ተናገረው፦
b6393904-aa90-5db5-ac56-58899b0f8adc,7266ebed-3e72-5fe1-ab1a-9626eb479fbf,f757a620-0ceb-55d9-a15c-a894c4cb5999,2,2,“በመጀመሪያው ወር በፊተኛው ቀን የምስክሩን ድንኳን ትተክላለህ።
1896883a-cfee-5f90-a0f6-4e7d506d79dc,7266ebed-3e72-5fe1-ab1a-9626eb479fbf,f757a620-0ceb-55d9-a15c-a894c4cb5999,3,3,በእርሱም ውስጥ የምስክሩን ታቦት ታኖራለህ፤ ታቦቱንም በመጋረጃ ትጋርዳለህ።
ca5ac4da-8675-59b0-a3f5-e21460e0c4a0,7266ebed-3e72-5fe1-ab1a-9626eb479fbf,f757a620-0ceb-55d9-a15c-a894c4cb5999,4,4,ገበታውንም ታገባለህ፤ በሥርዐቱም ታሰናዳዋለህ፤ መቅረዙንም አግብተህ ቀንዲሎቹን ትለኵሳለህ።
4d0efc41-4046-502e-ac9a-3a506d5db8a2,7266ebed-3e72-5fe1-ab1a-9626eb479fbf,f757a620-0ceb-55d9-a15c-a894c4cb5999,5,5,የወርቁንም ማዕጠንት በምስክሩ ታቦት ፊት ታኖራለህ፤ በድንኳኑም ደጃፍ ፊት መጋረጃውን ትጋርዳለህ።
32afe5bd-6faa-5f56-ada5-69afbadc407e,7266ebed-3e72-5fe1-ab1a-9626eb479fbf,f757a620-0ceb-55d9-a15c-a894c4cb5999,6,6,ለሚቃጠል መሥዋዕት የሚሆነውንም መሠዊያ በምስክሩ ድንኳን ደጅ ፊት ታኖረዋለህ።
ef2823e4-729f-517d-aae6-34772effd817,7266ebed-3e72-5fe1-ab1a-9626eb479fbf,f757a620-0ceb-55d9-a15c-a894c4cb5999,7,7,የመታጠቢያውን ሰንም በምስክሩ ድንኳንና በመሠዊያው መካከል ታኖረዋለህ፤ በውስጡም ውኃ ትጨምርበታለህ።
434c4c2c-f51f-5270-a1e6-ce0bf5fd0495,7266ebed-3e72-5fe1-ab1a-9626eb479fbf,f757a620-0ceb-55d9-a15c-a894c4cb5999,8,8,በዙሪያውም አደባባዩን ትሠራለህ፤ የአደባባዩንም ደጃፍ መጋረጃ ትዘረጋለህ።
7797f340-d970-5162-a668-926ffe0eca84,7266ebed-3e72-5fe1-ab1a-9626eb479fbf,f757a620-0ceb-55d9-a15c-a894c4cb5999,9,9,የቅብዐቱንም ዘይት ወስደህ ድንኳኑን፥ በውስጥዋም ያለውን ሁሉ ትቀባለህ፤ እርስዋንም ዕቃዋንም ሁሉ ትቀድሳለህ፤ ቅድስትም ትሆናለች።
8d774fae-00bc-57d8-a3b6-5dba75f8d975,7266ebed-3e72-5fe1-ab1a-9626eb479fbf,f757a620-0ceb-55d9-a15c-a894c4cb5999,10,10,ለሚቃጠል መሥዋዕትም የሚሆነውን መሠዊያ፥ ዕቃውንም ሁሉ ትቀባዋለህ፤ መሠዊያውንም ትቀድሳለህ፤ መሠዊያውም ቅዱሰ ቅዱሳን ይሆናል።
9e449f2c-70b9-514e-ae17-c2e8de6db1b4,7266ebed-3e72-5fe1-ab1a-9626eb479fbf,f757a620-0ceb-55d9-a15c-a894c4cb5999,11,11,የመታጠቢያውን ሰንና መቀመጫውንም ቀብተህ ትቀድሳለህ።
d04c567d-5984-5574-a0e0-7a19f9c90564,7266ebed-3e72-5fe1-ab1a-9626eb479fbf,f757a620-0ceb-55d9-a15c-a894c4cb5999,12,12,አሮንንና ልጆቹንም ወደ ምስክሩ ድንኳን ደጃፍ አቅርበህ በውኃ ታጥባቸዋለህ።
97eede46-6499-5c9f-a53e-4b5c61118112,7266ebed-3e72-5fe1-ab1a-9626eb479fbf,f757a620-0ceb-55d9-a15c-a894c4cb5999,13,13,ለአሮንም የተቀደሰውን ልብስ ታለብሰዋለህ፤ ትቀባዋለህ፤ ትቀድሰውማለህ፤ ካህንም ይሆነኛል።
d41b3207-6ba8-5005-adc3-1ffed7685652,7266ebed-3e72-5fe1-ab1a-9626eb479fbf,f757a620-0ceb-55d9-a15c-a894c4cb5999,14,14,ልጆቹንም ታቀርባቸዋለህ፤ ቀሚሳቸውንም ታለብሳቸዋለህ፤
e0ce3e89-fa7b-5f3f-a34e-eb646004ddbc,7266ebed-3e72-5fe1-ab1a-9626eb479fbf,f757a620-0ceb-55d9-a15c-a894c4cb5999,15,15,አባታቸውን እንደ ቀባህ ትቀባቸዋለህ፤ ካህናትም ይሆኑኛል። ይህም ለልጅ ልጃቸው ለዘለዓለም የክህነት ቅብዐት ይሆንላቸዋል።”
5c49f824-2adc-5863-aa0e-7d785560850b,7266ebed-3e72-5fe1-ab1a-9626eb479fbf,f757a620-0ceb-55d9-a15c-a894c4cb5999,16,16,ሙሴም እግዚአብሔር ያዘዘውን ሁሉ አደረገ፤ እንዲሁም አደረገ።
bff45a34-5554-55f5-afdf-ac500a15bd62,7266ebed-3e72-5fe1-ab1a-9626eb479fbf,f757a620-0ceb-55d9-a15c-a894c4cb5999,17,17,እንዲህም ሆነ፤ ከግብፅ ምድር ከወጡ በኋላ በሁለተኛው ዓመት በፊተኛው ወር በመጀመሪያው ቀን ድንኳንዋ ተተከለች።
382d4348-5b60-52e9-a35d-0809c0cfb3f0,7266ebed-3e72-5fe1-ab1a-9626eb479fbf,f757a620-0ceb-55d9-a15c-a894c4cb5999,18,18,ሙሴም ድንኳንዋን ተከለ፤ እግሮችዋንም አኖረ፤ ሳንቆችዋንም አቆመ፤ መወርወሪያዎችዋንም አደረገባቸው፤ ምሰሶዎችዋንም አቆመ።
03b079d3-abcf-5d67-aace-6511d4857fb7,7266ebed-3e72-5fe1-ab1a-9626eb479fbf,f757a620-0ceb-55d9-a15c-a894c4cb5999,19,19,እግዚአብሔርም ሙሴን እንዳዘዘው መጋረጃውን በድንኳኑ ላይ ዘረጋው፤ የድንኳኑንም መደረቢያ በላዩ አደረገበት።
b759af71-0640-53e8-af07-c179acfd62ff,7266ebed-3e72-5fe1-ab1a-9626eb479fbf,f757a620-0ceb-55d9-a15c-a894c4cb5999,20,20,ሙሴም ጽላቱን ወስዶ በታቦቱ ውስጥ አኖረው፤ መሎጊያዎቹንም በታቦቱ ቀለበቶች ውስጥ አደረገ፤ የስርየት መክደኛውንም በታቦቱ ላይ አኖረው።
f83db737-ad68-50eb-a26f-8f6565dac5af,7266ebed-3e72-5fe1-ab1a-9626eb479fbf,f757a620-0ceb-55d9-a15c-a894c4cb5999,21,21,ታቦቷንም ወደ ድንኳኑ አገባ፥ የሚሸፍነውንም መጋረጃ አድርጎ የምስክሩን ታቦት ሸፈነ።
8530ab97-b7c4-506b-a5d6-b157c2b48f26,7266ebed-3e72-5fe1-ab1a-9626eb479fbf,f757a620-0ceb-55d9-a15c-a894c4cb5999,22,22,እግዚአብሔርም ሙሴን እንዳዘዘው ገበታውን በምስክሩ ድንኳን ውስጥ፥ ከመጋረጃው ውጭ በድንኳኑ በመስዕ በኩል አኖረው፤
2c5a1521-6efd-5b44-af92-de89b4816daa,7266ebed-3e72-5fe1-ab1a-9626eb479fbf,f757a620-0ceb-55d9-a15c-a894c4cb5999,23,23,ኅብስተ ገጹንም በላዩ በእግዚአብሔር ፊት አሰናዳ።
ffe34e37-fe85-5566-a839-af8fd22a0729,7266ebed-3e72-5fe1-ab1a-9626eb479fbf,f757a620-0ceb-55d9-a15c-a894c4cb5999,24,24,እግዚአብሔርም ሙሴን እንዳዘዘው መቅረዙን በምስክሩ ድንኳን ውስጥ፥ በገበታውም ፊት ለፊት፥ በድንኳኑ በአዜብ በኩል አኖረ፤
535b9c0c-67d3-5f85-a028-2a444ccbd2ea,7266ebed-3e72-5fe1-ab1a-9626eb479fbf,f757a620-0ceb-55d9-a15c-a894c4cb5999,25,25,ቀንዲሎቹንም በእግዚአብሔር ፊት አበራ።
b4a0e606-7fa0-5d32-ae14-948244afe6f1,7266ebed-3e72-5fe1-ab1a-9626eb479fbf,f757a620-0ceb-55d9-a15c-a894c4cb5999,26,26,እግዚአብሔርም ሙሴን እንዳዘዘው የወርቁን ማዕጠንት በምስክሩ ድንኳን ውስጥ በመጋረጃው ፊት አኖረ።
f864237c-08fe-51a6-a805-82de7674e428,7266ebed-3e72-5fe1-ab1a-9626eb479fbf,f757a620-0ceb-55d9-a15c-a894c4cb5999,27,27,የአዘጋጀውንም ዕጣን ዐጠነበት።
96e6e249-09a5-5eff-a3ec-8cc7c4f1a92f,7266ebed-3e72-5fe1-ab1a-9626eb479fbf,f757a620-0ceb-55d9-a15c-a894c4cb5999,28,28,ሙሴም እግዚአብሔር እንደ አዘዘው በድንኳኑ ደጅ ፊት መጋረጃውን ዘረጋ።
417407e0-b9fd-5b6d-a778-108773347e47,7266ebed-3e72-5fe1-ab1a-9626eb479fbf,f757a620-0ceb-55d9-a15c-a894c4cb5999,29,29,ለሚቃጠል መሥዋዕት የሚሆነውን መሠዊያም በምስክሩ ድንኳን ደጅ አኖረ፤ እግዚአብሔርም ሙሴን እንዳዘዘው በላዩ መሥዋዕቱንና ቍርባኑን አቀረበ።
0725fa44-7b78-540c-ad08-a3dde3dd0d50,7266ebed-3e72-5fe1-ab1a-9626eb479fbf,f757a620-0ceb-55d9-a15c-a894c4cb5999,30,30,የመታጠቢያውንም ሰን በምስክሩ ድንኳንና በመሠዊያው መካከል አኖረ፤ ለመታጠቢያም ውኃን ጨመረበት።
9a911ef9-0f91-5073-a272-264e9bc881ba,7266ebed-3e72-5fe1-ab1a-9626eb479fbf,f757a620-0ceb-55d9-a15c-a894c4cb5999,31,31,በእርሱም ሙሴና አሮን፥ ልጆቹም እጆቻቸውንና እግሮቻቸውን ታጠቡ፤
704c94c0-c8e7-5e7c-af7d-c59ffe7e84f6,7266ebed-3e72-5fe1-ab1a-9626eb479fbf,f757a620-0ceb-55d9-a15c-a894c4cb5999,32,32,እግዚአብሔርም ሙሴን እንዳዘዘው ወደ ምስክሩ ድንኳን በገቡ ጊዜ፥ ወደ መሠዊያውም በቀረቡ ጊዜ ይታጠቡ ነበር።
21098ac3-c5ea-51c1-ab8c-2891e8fb3cde,7266ebed-3e72-5fe1-ab1a-9626eb479fbf,f757a620-0ceb-55d9-a15c-a894c4cb5999,33,33,በድንኳኑና በመሠዊያውም ዙሪያ አደባባዩን ሠራ፤ የአደባባዩንም ደጃፍ መጋረጃ ዘረጋ። እንዲሁም ሙሴ ሥራውን ፈጸመ።
8b0f1965-bc8f-5802-a90e-3cf2a88bf54c,7266ebed-3e72-5fe1-ab1a-9626eb479fbf,0af437a0-b396-5aef-aabc-e1182ae688f9,1,34,ደመናውም የምስክሩን ድንኳን ከደነ፤ ድንኳንዋም የእግዚአብሔርን ክብር ተሞላች።
a033f8af-bfc5-5ae8-a986-06701b18cf1b,7266ebed-3e72-5fe1-ab1a-9626eb479fbf,0af437a0-b396-5aef-aabc-e1182ae688f9,2,35,ደመናውም በላዩ ስለነበር ድንኳኑም የእግዚአብሔርን ክብር ስለ ተሞላ ሙሴ ወደ ምስክሩ ድንኳን ይገባ ዘንድ አልቻለም።
44d2dbdd-6d0f-5383-a85c-360b8bc9e334,7266ebed-3e72-5fe1-ab1a-9626eb479fbf,0af437a0-b396-5aef-aabc-e1182ae688f9,3,36,ደመናውም ከድንኳኑ በተነሣ ጊዜ የእስራኤል ልጆች በየነገዳቸው ይጓዙ ነበር።
4cdc18bf-a323-5bb2-acb0-0258500b430c,7266ebed-3e72-5fe1-ab1a-9626eb479fbf,0af437a0-b396-5aef-aabc-e1182ae688f9,4,37,ደመናው ካልተነሣ ግን ደመናው እስከሚነሣበት ቀን ድረስ አይጓዙም ነበር።
a39902e6-50cf-58b9-ade5-122206ff6aa7,7266ebed-3e72-5fe1-ab1a-9626eb479fbf,0af437a0-b396-5aef-aabc-e1182ae688f9,5,38,ደመና በቀን በድንኳኑ ላይ ነበርና፥ እሳቱም በሚጓዙበት ሁሉ በሌሊት በእስራኤል ሁሉ ፊት በእርስዋ ላይ ነበርና።
11328703-fd14-562e-ad99-e8a1c68a6e44,94c7fdf7-9496-53b7-a0fa-247a908abfab,56978d1a-1f90-5e9c-ac55-44fa73a3e9c4,1,1,እግዚአብሔርም ከምስክሩ ድንኳን ውስጥ ሙሴን ጠርቶ እንዲህ ሲል ተናገረው፦
7981cb4e-01e9-547a-a5de-28e88640ecb7,94c7fdf7-9496-53b7-a0fa-247a908abfab,56978d1a-1f90-5e9c-ac55-44fa73a3e9c4,2,2,“ለእስራኤል ልጆች እንዲህ ብለህ ንገራቸው፦ ከእናንተ ለእግዚአብሔር መባ የሚያቀርብ ሰው ቢኖር መባችሁን ከእንስሳ ወገን ከላሞች ወይም ከበጎች ታቀርባላችሁ።
efd8c100-093c-51ea-abbf-8c7556bb493e,94c7fdf7-9496-53b7-a0fa-247a908abfab,56978d1a-1f90-5e9c-ac55-44fa73a3e9c4,3,3,“መባውም የሚቃጠል መሥዋዕት ከላሞች መንጋ ቢሆን፥ ነውር የሌለበትን ተባቱን ያቀርባል፤ በእግዚአብሔር ፊት ተቀባይነት እንዲኖረው በምስክሩ ድንኳን ደጃፍ ፊት ያቀርበዋል።
1802ac62-f7b6-566b-a97c-489efc296fed,94c7fdf7-9496-53b7-a0fa-247a908abfab,56978d1a-1f90-5e9c-ac55-44fa73a3e9c4,4,4,ተቀባይነት ይኖረው ዘንድ ስለ እርሱም ያስተሰርይለት ዘንድ እጁን በሚቃጠለው መሥዋዕት ራስ ላይ ይጭናል።
60d9198a-3565-5b6d-a6be-e2e0cbcbde09,94c7fdf7-9496-53b7-a0fa-247a908abfab,56978d1a-1f90-5e9c-ac55-44fa73a3e9c4,5,5,በሬውንም በእግዚአብሔር ፊት ያርደዋል፤ የአሮንም ልጆች ካህናቱ ደሙን ያቀርባሉ፤ ደሙንም በምስክሩ ድንኳን ደጃፍ ፊት ባለው በመሠዊያው ላይ በዙሪያው ይረጩታል።
48df9dcb-f0e3-524c-a232-de77f3a0d730,94c7fdf7-9496-53b7-a0fa-247a908abfab,56978d1a-1f90-5e9c-ac55-44fa73a3e9c4,6,6,የሚቃጠለውንም መሥዋዕት ይገፍፈዋል፤ በየብልቱም ይቈርጠዋል።
88f4b631-d749-5d38-a101-95b572ed8f8a,94c7fdf7-9496-53b7-a0fa-247a908abfab,56978d1a-1f90-5e9c-ac55-44fa73a3e9c4,7,7,የካህኑም የአሮን ልጆች በመሠዊያው ላይ እሳት ያነድዳሉ፤ በእሳቱም ላይ ዕንጨት ይረበርባሉ፤
d1d40c8f-4adc-5cef-aefc-4ff0d734c464,94c7fdf7-9496-53b7-a0fa-247a908abfab,56978d1a-1f90-5e9c-ac55-44fa73a3e9c4,8,8,የአሮንም ልጆች ካህናቱ የተቈረጡትን ብልቶች፥ ራሱንም፥ ስቡንም በመሠዊያው ላይ በእሳቱ ላይ ባለው በዕንጨቱ ላይ ይረበርቡታል።
9f6246a8-d1cf-5cc0-a871-97feb660af4f,94c7fdf7-9496-53b7-a0fa-247a908abfab,56978d1a-1f90-5e9c-ac55-44fa73a3e9c4,9,9,የሆድ ዕቃውንና እግሮቹን ግን በውኃ ያጥባሉ፤ ካህኑም ሁሉን የሚቃጠል መሥዋዕት በእግዚአብሔር ዘንድ በጎ መዓዛ እንዲሆን በመሠዊያው ላይ ያቀርበዋል።
bb7af2b7-fbb7-597e-a4bc-d676e2143d43,94c7fdf7-9496-53b7-a0fa-247a908abfab,56978d1a-1f90-5e9c-ac55-44fa73a3e9c4,10,10,“ነገር ግን ለእግዚአብሔር የሚቀርበው መባ ከበጎች ወይም ከፍየሎች ቢሆን፥ ለሚቃጠል መሥዋዕት ነውር የሌለበትን ተባቱን፥ የፊት እግሮቹንና ራሱን ጨምሮ ያቀርበዋል።
f533ee63-23ba-5bd4-aa07-58665cc01431,94c7fdf7-9496-53b7-a0fa-247a908abfab,56978d1a-1f90-5e9c-ac55-44fa73a3e9c4,11,11,በመሠዊያውም አጠገብ በመስዕ በኩል በእግዚአብሔር ፊት ያርዱታል፤ የአሮንም ልጆች ካህናቱ ደሙን በመሠዊያው ላይ በዙሪያው ይረጩታል።
64e49383-0cd8-5e52-a216-713a6a8bacb2,94c7fdf7-9496-53b7-a0fa-247a908abfab,56978d1a-1f90-5e9c-ac55-44fa73a3e9c4,12,12,በየብልቱም ራሱን፥ ስቡንም ይቈርጡታል፤ ካህናቱም በመሠዊያው ላይ በእሳቱ ላይ ባለው በዕንጨቱ ላይ ይረበርቡታል፤
f5073075-6afe-5126-a7f8-4f9cd6be788c,94c7fdf7-9496-53b7-a0fa-247a908abfab,56978d1a-1f90-5e9c-ac55-44fa73a3e9c4,13,13,የሆድ ዕቃውንና እግሮቹን ግን በውኃ ያጥቡታል። ካህኑም ሁሉን በመሠዊያው ላይ ለቍርባን ያቀርበዋል፤ የሚቃጠል መሥዋዕት በእግዚአብሔር ዘንድ በጎ መዓዛ ያለው ቍርባን ነው።
499a22d3-9148-568e-a553-5ecdb854cdb3,94c7fdf7-9496-53b7-a0fa-247a908abfab,56978d1a-1f90-5e9c-ac55-44fa73a3e9c4,14,14,“ለእግዚአብሔርም የሚያቀርበው ቍርባን የሚቃጠል መሥዋዕት ከዎፎች ቢሆን፥ ቍርባኑን ከዋኖስ ወይም ከርግብ ያቀርባል።
9a7b65aa-01c1-5406-ac8f-ee25167eedc4,94c7fdf7-9496-53b7-a0fa-247a908abfab,56978d1a-1f90-5e9c-ac55-44fa73a3e9c4,15,15,ካህኑም ወደ መሠዊያው ያቀርበዋል፤ አንገቱንም ይቈርጠዋል፥ በመሠዊያውም ላይ ያኖረዋል። ደሙንም በመሠዊያው አጠገብ ያንጠፈጥፈዋል፤
3ef9a2f9-9b9b-5a93-af4b-9bf6a4fda3c4,94c7fdf7-9496-53b7-a0fa-247a908abfab,56978d1a-1f90-5e9c-ac55-44fa73a3e9c4,16,16,የሆድ ዕቃውንም ከላባዎች ጋር ለይቶ በመሠዊያው አጠገብ በምሥራቅ በኩል በአመዱ ስፍራ ይጥለዋል፤
ccfdd169-4e81-544c-a2f3-4d9e2d0afbc5,94c7fdf7-9496-53b7-a0fa-247a908abfab,56978d1a-1f90-5e9c-ac55-44fa73a3e9c4,17,17,ከክንፎቹም ይሰብረዋል፤ ነገር ግን አይለየውም። ካህኑም በመሠዊያው ላይ በእሳቱ ላይ ባለው በዕንጨቱ ላይ ያኖረዋል፤ መሥዋዕቱ ለእግዚአብሔር በጎ መዓዛ ያለው ቍርባን ነው።
ac7c1315-6423-52b5-a414-a169b60389d7,84d92d39-09aa-517f-a89f-df7f85f93cb1,58cc7225-e997-5a47-a631-6e44e9eb8a4f,1,1,“ማናቸውም ሰው ቍርባን ለእግዚአብሔር መሥዋዕት እንዲሆን ቢያቀርብ፥ ቍርባኑ ከመልካም ስንዴ ዱቄት ይሁን፤ ዘይትም ያፈስስበታል፤ ነጭ ዕጣንም ይጨምርበታል፤ ይህም መሥዋዕት ነው።
2bfcb7ba-c893-5837-ab4c-b159178afc6b,84d92d39-09aa-517f-a89f-df7f85f93cb1,58cc7225-e997-5a47-a631-6e44e9eb8a4f,2,2,ወደ ካህኑ ወደ አሮን ልጆች ያመጣዋል፤ ከመልካም ስንዴ ዱቄቱና ከዘይቱም አንድ እፍኝ ሙሉና ነጩንም ዕጣን ሁሉ ወስዶ ካህኑ የእሳት ቍርባን ለእግዚአብሔር በጎ መዓዛ እንዲሆን ለመታሰቢያ በመሠዊያው ላይ ያቃጥለዋል።
6f6b5e4f-aad7-5c22-ab38-3b207e53f819,84d92d39-09aa-517f-a89f-df7f85f93cb1,58cc7225-e997-5a47-a631-6e44e9eb8a4f,3,3,ከመሥዋዕቱም የተረፈው ለአሮንና ለልጆቹ ይሆናል፤ ይህም ከእግዚአብሔር መሥዋዕት የተረፈ ቅዱሰ ቅዱሳን ነው።
5b9722dd-24dd-5804-a824-0b3f65af18aa,84d92d39-09aa-517f-a89f-df7f85f93cb1,58cc7225-e997-5a47-a631-6e44e9eb8a4f,4,4,“በእቶን የተጋገረውን ቍርባን ስታቀርብ፥ በዘይት የተለወሰ የመልካም ስንዴ ዱቄት፥ የቂጣ እንጎቻ ወይም በዘይት የተቀባ ስስ ቂጣ ይሁን።
834d4896-f1f4-54ad-a72c-243da306aa76,84d92d39-09aa-517f-a89f-df7f85f93cb1,58cc7225-e997-5a47-a631-6e44e9eb8a4f,5,5,ቍርባንህም በምጣድ የተጋገረ ቍርባን ቢሆን፥ በዘይት የተለወሰ የመልካም ስንዴ ዱቄት ቂጣ ይሁን።
078bbd3a-9551-5fb6-acfc-01c8c4a5ba8c,84d92d39-09aa-517f-a89f-df7f85f93cb1,58cc7225-e997-5a47-a631-6e44e9eb8a4f,6,6,ቈርሰህም ዘይት ታፈስስበታለህ፤ የእግዚአብሔር መሥዋዕት ነው።
0e76d3f0-4aeb-5b5f-a798-f284603e7ff3,84d92d39-09aa-517f-a89f-df7f85f93cb1,58cc7225-e997-5a47-a631-6e44e9eb8a4f,7,7,ቍርባንህም በመቀቀያ የበሰለ ቍርባን ቢሆን፥ ዘይት የገባበት ከመልካም ስንዴ ዱቄት የተደረገ ይሁን።
b22c8782-6725-577a-a4d2-a853263183f1,84d92d39-09aa-517f-a89f-df7f85f93cb1,58cc7225-e997-5a47-a631-6e44e9eb8a4f,8,8,ከዚህም ያደረግኸውን መሥዋዕት ወደ እግዚአብሔር ታመጣለህ፤ ወደ ካህኑም ታቀርበዋለህ፤ ካህኑም ወደ መሠዊያው ያቀርበዋል።
1ff13510-c082-5e79-a3eb-9a74cc741127,84d92d39-09aa-517f-a89f-df7f85f93cb1,58cc7225-e997-5a47-a631-6e44e9eb8a4f,9,9,ካህኑም ከቍርባኑ መታሰቢያውን ይወስዳል፤ በመሠዊያውም ላይ ይጨምረዋል። ለእግዚአብሔር በጎ መዓዛ ያለው የሚቃጠል ቍርባን ነው።
756f9067-ef53-5696-a58c-2db35beb2388,84d92d39-09aa-517f-a89f-df7f85f93cb1,58cc7225-e997-5a47-a631-6e44e9eb8a4f,10,10,ከመሥዋዕቱም የተረፈው ለአሮንና ለልጆቹ ይሆናል፤ ይህም ከእግዚአብሔር መሥዋዕት የተረፈ ቅዱሰ ቅዱሳን ነው።
9c267675-8fb4-5e65-aafa-0e674864bccc,84d92d39-09aa-517f-a89f-df7f85f93cb1,58cc7225-e997-5a47-a631-6e44e9eb8a4f,11,11,“ለእግዚአብሔር የምታቀርቡት የእህል ቍርባን ሁሉ እርሾ አይሁንበት፤ እርሾ ያለበት ነገር፥ ማርም ለእግዚአብሔር ቍርባን ይሆን ዘንድ አታቀርቡምና።
678c1b14-388b-5dd8-a0ad-c8098e683548,84d92d39-09aa-517f-a89f-df7f85f93cb1,58cc7225-e997-5a47-a631-6e44e9eb8a4f,12,12,እነዚህንም ዐሥራት አድርጋችሁ ለእግዚአብሔር ታቀርባላችሁ፤ ነገር ግን ለእግዚአብሔር ለበጎ መዓዛ በመሠዊያው ላይ አይቀርቡም።
12af2455-9ba9-5197-aea5-d753ba075de5,84d92d39-09aa-517f-a89f-df7f85f93cb1,58cc7225-e997-5a47-a631-6e44e9eb8a4f,13,13,የምታቀርቡት ቍርባን ሁሉ በጨው ይጣፈጣል፤ የአምላክህም ቃል ኪዳን ጨው ከቍርባንህ አይጕደል፤ በቍርባናችሁ ሁሉ ላይ ጨው ትጨምራላችሁ።
6c5660d9-d04a-50ff-af8b-a016f3ff29ec,84d92d39-09aa-517f-a89f-df7f85f93cb1,58cc7225-e997-5a47-a631-6e44e9eb8a4f,14,14,“ከመጀመሪያው እህልህ መሥዋዕት ለእግዚአብሔር ብታቀርብ በእሳት የተጠበሰና የተፈተገ የእህል እሸት ታቀርባለህ።
8fdd12ce-9339-5f42-a8ee-cfdcf5cc8c4f,84d92d39-09aa-517f-a89f-df7f85f93cb1,58cc7225-e997-5a47-a631-6e44e9eb8a4f,15,15,ዘይትም ታፈስስበታለህ፤ ዕጣንም ትጨምርበታለህ፤ የእህል ቍርባን ነው።
34087e28-c021-55dd-abbc-a78a4421e1b2,84d92d39-09aa-517f-a89f-df7f85f93cb1,58cc7225-e997-5a47-a631-6e44e9eb8a4f,16,16,ካህኑም ከተፈተገው እህል፥ ከዘይቱም ወስዶ ከዕጣኑ ጋር መታሰቢያውን ያቀርባል፤ ይህም ለእግዚአብሔር የሚቃጠል መሥዋዕት ነው።
860e01b6-2331-57bf-afdf-fd90c1729964,0841cea0-e09f-5c0c-a869-ad8dd894ed6a,91a9514e-9b66-5292-ab5b-60b8b243d1bf,1,1,“ለእግዚአብሔር የሚቀርበው ቍርባን የደኅንነት መሥዋዕት ቢሆን፥ ከላሞች መንጋ ተባት ወይም እንስት ቢያቀርብ፥ ነውር የሌለበትን በእግዚአብሔር ፊት ያቅርብ።
c0dd868d-d381-5154-a669-cd853132f781,0841cea0-e09f-5c0c-a869-ad8dd894ed6a,91a9514e-9b66-5292-ab5b-60b8b243d1bf,2,2,እጁንም ለቍርባን በቀረበው ራስ ላይ ይጭናል፤ በምስክሩ ድንኳን ደጃፍ አጠገብ ያርደዋል፤ የአሮንም ልጆች ካህናቱ ደሙን በሚቃጠለው መሥዋዕት፥ በመሠዊያው ላይ በዙሪያው ይረጩታል።
6cd25041-c621-58a0-a8fc-dd89f5c962ab,0841cea0-e09f-5c0c-a869-ad8dd894ed6a,91a9514e-9b66-5292-ab5b-60b8b243d1bf,3,3,ከደኅንነቱም መሥዋዕት ለእግዚአብሔር የእሳት ቍርባን አድርገው ያቀርባሉ፤ የሆድ ዕቃውንም የሚሸፍነውን ስብ፥ በሆድ ዕቃውም ላይ ያለውን ስብ ሁሉ፥
13540b05-c3b7-52c4-a5d0-b4dac26a0223,0841cea0-e09f-5c0c-a869-ad8dd894ed6a,91a9514e-9b66-5292-ab5b-60b8b243d1bf,4,4,ሁለቱንም ኵላሊቶች፥ በእነርሱም ላይና በጎድኑ አጠገብ ያለውን ስብ፥ በጉበቱም ላይ ያለውን መረብ ከኵላሊቶቹ ጋር ያመጣሉ።
62280eda-50bb-595b-abe0-f2a610c8fa45,0841cea0-e09f-5c0c-a869-ad8dd894ed6a,91a9514e-9b66-5292-ab5b-60b8b243d1bf,5,5,የአሮንም ልጆች ከሚቃጠል መሥዋዕት ጋር በመሠዊያው ላይ በእሳቱ ላይ ባለው በዕንጨቱ ላይ ያቀርቡታል፤ የእሳት ቍርባን ለእግዚአብሔር በጎ መዓዛ ነው።
5f7925e8-20dd-543d-a880-0a257713ec73,0841cea0-e09f-5c0c-a869-ad8dd894ed6a,91a9514e-9b66-5292-ab5b-60b8b243d1bf,6,6,“ለእግዚአብሔርም ለደኅንነት መሥዋዕት የሚያቀርበው ቍርባኑ ከበጎች ተባት ወይም እንስት ቢሆን፥ ነውር የሌለበትን ያቀርባል።
b99514f0-717f-592f-a941-82e59733745c,0841cea0-e09f-5c0c-a869-ad8dd894ed6a,91a9514e-9b66-5292-ab5b-60b8b243d1bf,7,7,ለቍርባኑ የበግ ጠቦትን ቢያቀርብ በእግዚአብሔር ፊት ያቀርበዋል፤
3ec1c4fb-ecb8-5124-ac71-6fdd530e2b57,0841cea0-e09f-5c0c-a869-ad8dd894ed6a,91a9514e-9b66-5292-ab5b-60b8b243d1bf,8,8,እጁንም ለቍርባን በቀረበው ራስ ላይ ይጭናል በምስክሩ ድንኳን ደጃፍ ያርደዋል፤ ካህናቱም የአሮን ልጆች ደሙን በመሠዊያው ላይ በዙሪያው ይረጩታል።
d816cdbf-93f9-5f53-a5ac-f4df6b5b3742,0841cea0-e09f-5c0c-a869-ad8dd894ed6a,91a9514e-9b66-5292-ab5b-60b8b243d1bf,9,9,ከደኅንነቱም መሥዋዕት ለእግዚአብሔር የሚቃጠል መሥዋዕት አድርጎ ያቀርባል፤ ስቡን፥ እስከ ጀርባውም ድረስ የተቈረጠ ሙሉ ላቱን፥ የሆድ ዕቃውንም የሚሸፍነውን ስብ፥ በሆድ ዕቃውም ላይ ያለውን ስብ ሁሉ፥
d4df5eec-4aac-544f-a53e-10ced17376e9,0841cea0-e09f-5c0c-a869-ad8dd894ed6a,91a9514e-9b66-5292-ab5b-60b8b243d1bf,10,10,ሁለቱንም ኵላሊቶች፥ በእነርሱም ላይና በጎድኑም አጠገብ ያለውን ስብ፥ በጉበቱም ላይ ያለውን መረብ ከኵላሊቶቹ ጋር ይወስዳል።
cb0c3a07-e3d5-5f90-a60e-6fb6c6aabc14,0841cea0-e09f-5c0c-a869-ad8dd894ed6a,91a9514e-9b66-5292-ab5b-60b8b243d1bf,11,11,ካህኑም በመሠዊያው ላይ ያቀርበዋል፤ በጎ መዓዛ ያለው ለእግዚአብሔር የሚቃጠል መሥዋዕት ነው።
e6d695e1-5d93-5236-a3d5-df8f4219d1c1,0841cea0-e09f-5c0c-a869-ad8dd894ed6a,91a9514e-9b66-5292-ab5b-60b8b243d1bf,12,12,“ቍርባኑም ፍየል ቢሆን በእግዚአብሔር ፊት ያቀርበዋል፤
b60464a7-b93e-5ebe-a4f8-e43c51c5ccad,0841cea0-e09f-5c0c-a869-ad8dd894ed6a,91a9514e-9b66-5292-ab5b-60b8b243d1bf,13,13,እጁንም በራሱ ላይ ይጭንበታል፤ በምስክሩ ድንኳን ደጃፍም ያርደዋል፤ የአሮንም ልጆች ደሙን በመሠዊያው ላይ በዙሪያው ይረጩታል።
166612df-faf3-5b0b-a290-19d69e694a08,0841cea0-e09f-5c0c-a869-ad8dd894ed6a,91a9514e-9b66-5292-ab5b-60b8b243d1bf,14,14,ከእርሱም ለእግዚአብሔር የእሳት ቍርባን አድርጎ ያቀርበዋል፤ ሆድ ዕቃውን የሚሸፍነውን ስብ፥ በሆድ ዕቃውም ላይ ያለውን ስብ ሁሉ፥
7006f530-d6f0-5fca-ad7c-5160103f30e1,0841cea0-e09f-5c0c-a869-ad8dd894ed6a,91a9514e-9b66-5292-ab5b-60b8b243d1bf,15,15,ሁለቱንም ኵላሊቶች፥ በእነርሱም ላይና በጎድኑ አጠገብ ያለውን ስብ፥ በጉበቱም ላይ ያለውን መረብ ከኵላሊቶቹ ጋር ይወስዳል።
24abfa78-b811-5433-af43-910e13812113,0841cea0-e09f-5c0c-a869-ad8dd894ed6a,91a9514e-9b66-5292-ab5b-60b8b243d1bf,16,16,ካህኑም በመሠዊያው ላይ ያቀርበዋል፤ ለእግዚአብሔር በጎ መዓዛ ያለው የሚቃጠል መሥዋዕት ነው። ስቡ ሁሉ ለእግዚአብሔር ነው።
ac714c3c-e962-5d5f-a340-0442cabd4830,0841cea0-e09f-5c0c-a869-ad8dd894ed6a,91a9514e-9b66-5292-ab5b-60b8b243d1bf,17,17,ስብና ደም እንዳትበሉ በምትኖሩበት ሁሉ ለልጅ ልጃችሁ የዘለዓለም ሥርዐት ነው።”
f0b5215d-3496-5d55-ac79-c095c55ff824,fd8f4b9f-cd85-5c79-a946-4007b4487591,4d4a7080-ed28-5f1c-a9d5-2c4f1c10d120,1,1,እግዚአብሔርም ሙሴን እንዲህ ሲል ተናገረው፦
5ffe625e-4475-50ab-a6bb-e0e43d530bca,fd8f4b9f-cd85-5c79-a946-4007b4487591,4d4a7080-ed28-5f1c-a9d5-2c4f1c10d120,2,2,“ለእስራኤል ልጆች እንዲህ ብለህ ንገራቸው፦ ማናቸውም ሰው ሳያውቅ በእግዚአብሔር ፊት ኀጢአት ቢሠራ፥ እግዚአብሔርም፦ አትሥሩ ካላቸው ትእዛዛት አንዲቱን ቢተላለፍ፥
a639e7b9-d800-5336-a0aa-ca0ea0b0ebc8,fd8f4b9f-cd85-5c79-a946-4007b4487591,4d4a7080-ed28-5f1c-a9d5-2c4f1c10d120,3,3,የተቀባውም ሊቀ ካህናት በሕዝቡ ላይ በደል እንዲቈጠርባቸው ኀጢአት ቢሠራ፥ ስለ ሠራው ስለ ኀጢአቱ ከመንጋው ነውር የሌለበትን ወይፈን ለእግዚአብሔር ለኀጢአት መሥዋዕት ያቀርበዋል።
48049967-631c-562f-a193-37f67f9484b4,fd8f4b9f-cd85-5c79-a946-4007b4487591,4d4a7080-ed28-5f1c-a9d5-2c4f1c10d120,4,4,ወይፈኑንም ወደ ምስክሩ ድንኳን ደጃፍ በእግዚአብሔር ፊት ያመጣዋል፤ እጁንም በወይፈኑ ራስ ላይ ይጭነዋል፤ ወይፈኑንም በእግዚአብሔር ፊት ያርደዋል።
2a459f43-a728-573e-a0c2-75034bd34c71,fd8f4b9f-cd85-5c79-a946-4007b4487591,4d4a7080-ed28-5f1c-a9d5-2c4f1c10d120,5,5,ተቀብቶ የተሾመው ካህን ከወይፈኑ ደም በእጁ ወስዶ ወደ ምስክሩ ድንኳን ያመጣዋል፤
11ed30a4-b922-5ccf-a2c8-7a3a370c7ef2,fd8f4b9f-cd85-5c79-a946-4007b4487591,4d4a7080-ed28-5f1c-a9d5-2c4f1c10d120,6,6,ካህኑም ጣቱን በደሙ ውስጥ ነክሮ በእግዚአብሔር ፊት በመቅደሱ መጋረጃ ፊት ደሙን ሰባት ጊዜ ይረጨዋል።
ab3c2975-cd7d-50cf-ab1b-cfb35c75057a,fd8f4b9f-cd85-5c79-a946-4007b4487591,4d4a7080-ed28-5f1c-a9d5-2c4f1c10d120,7,7,ካህኑም በምስክሩ ድንኳን ውስጥ በእግዚአብሔር ፊት ያለው ጣፋጭ ዕጣን በሚታጠንበት መሠዊያ ቀንዶች ላይ ከደሙ ያደርጋል፤ የወይፈኑንም ደም ሁሉ በምስክሩ ድንኳን ደጅ ባለው ለሚቃጠል መሥዋዕት በሚሆነው መሠዊያ በታች ያፈስሰዋል።
2f5a6e7f-0017-54be-a89c-5b295e8ec93f,fd8f4b9f-cd85-5c79-a946-4007b4487591,4d4a7080-ed28-5f1c-a9d5-2c4f1c10d120,8,8,ለኀጢአትም መሥዋዕት ከሚታረደው ወይፈን ስብን ሁሉ ይወስዳል፤ ሆድ ዕቃውንም የሚሸፍነውን ስብ፥ በሆድ ዕቃውም ላይ ያለውን ስብ ሁሉ፥
ea6e6366-d72f-5124-a683-80b95b7f4d88,fd8f4b9f-cd85-5c79-a946-4007b4487591,4d4a7080-ed28-5f1c-a9d5-2c4f1c10d120,9,9,ሁለቱንም ኵላሊቶች፥ በእነርሱም ላይና በጎድኑ አጠገብ ያለውን ስብ፥ በጉበቱም ላይ ያለውን መረብ ከኵላሊቶች ጋር፥
56d56f0d-82ed-5ca2-acce-1d3b60809478,fd8f4b9f-cd85-5c79-a946-4007b4487591,4d4a7080-ed28-5f1c-a9d5-2c4f1c10d120,10,10,ለደኅንነት መሥዋዕት ከታረደው ወይፈን እንደ ተወሰደው ይወስዳል፤ ካህኑም ለሚቃጠል መሥዋዕት በሚሆነው መሠዊያ ላይ ያቀርበዋል።
814e4495-b3ab-5304-a250-b86954b381ca,fd8f4b9f-cd85-5c79-a946-4007b4487591,4d4a7080-ed28-5f1c-a9d5-2c4f1c10d120,11,11,የወይፈኑን ቍርበት፥ ሥጋውንም ሁሉ፥ ራሱንም፥ እግሮቹንም፥ ሆድ ዕቃውንም፥ ፈርሱንም፤
af651b5f-fb25-511c-aed3-e68402f585a9,fd8f4b9f-cd85-5c79-a946-4007b4487591,4d4a7080-ed28-5f1c-a9d5-2c4f1c10d120,12,12,ወይፈኑን ሁሉ ከሰፈሩ ወደ ውጭ አመድ ወደሚፈስስበት ወደ ንጹሕ ስፍራ ይወስዱታል፤ በዕንጨትም ላይ በእሳት ያቃጥሉታል፤ አመድ በሚፈስስበት ስፍራ ይቃጠላል።
9c5e95fa-190d-5233-a11b-e618b534510c,fd8f4b9f-cd85-5c79-a946-4007b4487591,4d4a7080-ed28-5f1c-a9d5-2c4f1c10d120,13,13,“የእስራኤል ማኅበር ሁሉ ቢስቱ፥ ነገሩም ከማኅበሩ ዐይን ቢሸሸግ፥ እግዚአብሔርም አትሥሩ ካላቸው ትእዛዛት አንዲቱን ቢተላለፉ፤
849de105-b887-56c6-aaa8-91bd4bdaec36,fd8f4b9f-cd85-5c79-a946-4007b4487591,4d4a7080-ed28-5f1c-a9d5-2c4f1c10d120,14,14,ከዚህም በኋላ፥ የሠሩት ኀጢአት ቢታወቃቸውና ንስሓ ቢገቡ ማኅበሩ ስለ ኀጢአት መሥዋዕት ወይፈንን ያቀርባሉ፤ ወደ ምስክሩም ድንኳን ፊት ያመጡታል።
640741d2-6e8d-5728-a784-f534a63e847a,fd8f4b9f-cd85-5c79-a946-4007b4487591,4d4a7080-ed28-5f1c-a9d5-2c4f1c10d120,15,15,የማኅበሩም ሽማግሌዎች እጆቻቸውን በወይፈኑ ራስ ላይ በእግዚአብሔር ፊት ይጭናሉ፤ ወይፈኑንም በእግዚአብሔር ፊት ያርዱታል።
616c46b1-5c2e-586d-a7aa-4d4ca02e4820,fd8f4b9f-cd85-5c79-a946-4007b4487591,4d4a7080-ed28-5f1c-a9d5-2c4f1c10d120,16,16,የተቀባውም ካህን ከወይፈኑ ደም ወደ ምስክሩ ድንኳን ያመጣል፤
b3706633-d588-53d8-a870-0d98d27226be,fd8f4b9f-cd85-5c79-a946-4007b4487591,4d4a7080-ed28-5f1c-a9d5-2c4f1c10d120,17,17,ካህኑም ጣቱን በደሙ ውስጥ ነክሮ በእግዚአብሔር ፊት በመቅደሱ መጋረጃ ፊት ለፊት ሰባት ጊዜ ይረጨዋል።
e4e6db8d-d396-57c2-a143-8b2cc9487d75,fd8f4b9f-cd85-5c79-a946-4007b4487591,4d4a7080-ed28-5f1c-a9d5-2c4f1c10d120,18,18,በምስክሩ ድንኳን ውስጥ በእግዚአብሔር ፊት ባለው በዕጣን መሠዊያው ቀንዶች ላይ ከደሙ ያደርጋል፤ ደሙንም ሁሉ በምስክሩ ድንኳን ደጅ ባለው ለሚቃጠል መሥዋዕት በሚሆነው መሠዊያ በታች ያፈስሰዋል።
ef152937-9ca6-5c62-a6b5-1f30eb3af51d,fd8f4b9f-cd85-5c79-a946-4007b4487591,4d4a7080-ed28-5f1c-a9d5-2c4f1c10d120,19,19,ስቡንም ሁሉ ከእርሱ ወስዶ በመሠዊያው ላይ ያቀርበዋል።
b8aaa91d-bb0f-5dd9-aa59-d957f1e373e7,fd8f4b9f-cd85-5c79-a946-4007b4487591,4d4a7080-ed28-5f1c-a9d5-2c4f1c10d120,20,20,እንዲህም በወይፈኑ ያደርጋል፤ ስለ ኀጢአት መሥዋዕት በታረደው ወይፈን እንደ አደረገ እንዲሁ በዚህ ያደርጋል፤ ካህኑም ኀጢአታቸውን ያስተሰርያል፤ ኀጢአቸውም ይሰረይላቸዋል።
efd03271-d2de-5a6f-adb4-3788285750ed,fd8f4b9f-cd85-5c79-a946-4007b4487591,4d4a7080-ed28-5f1c-a9d5-2c4f1c10d120,21,21,ወይፈኑንም ሁሉ ከሰፈሩ ወደ ውጭ ይወስዱታል፤ የፊተኛውንም ወይፈን እንዳቃጠሉ ያቃጥሉታል፤ የማኅበሩ የኀጢአት መሥዋዕት ነውና።
f8515dd4-77f8-5659-a3de-bbea260c06dc,fd8f4b9f-cd85-5c79-a946-4007b4487591,4d4a7080-ed28-5f1c-a9d5-2c4f1c10d120,22,22,“መኰንንም ኀጢአትን ቢሠራ፥ ሳያውቅም እግዚአብሔር አምላኩ፦ አትሥራ ያለውን ትእዛዝ ቢተላለፍ፥ እንዲህም ቢበድል፥
53f21162-f57b-58a8-a36e-576e44911e14,fd8f4b9f-cd85-5c79-a946-4007b4487591,4d4a7080-ed28-5f1c-a9d5-2c4f1c10d120,23,23,የሠራው ኀጢአት ቢታወቀውና ንስሓ ቢገባ፥ ከፍየሎች ነውር የሌለበትን ተባት ፍየል ለቍርባኑ ያቀርባል፤
08b35a88-fa6e-583d-aec5-23e191cbefe6,fd8f4b9f-cd85-5c79-a946-4007b4487591,4d4a7080-ed28-5f1c-a9d5-2c4f1c10d120,24,24,በፍየሉም ራስ ላይ እጁን ይጭናል፤ የሚቃጠልም መሥዋዕት በሚታረድበት ስፍራ በእግዚአብሔር ፊት ያርደዋል፤ እርሱ የኀጢአት መሥዋዕት ነውና።
7df3f5cd-03b1-5ccd-a009-c65e3005f084,fd8f4b9f-cd85-5c79-a946-4007b4487591,4d4a7080-ed28-5f1c-a9d5-2c4f1c10d120,25,25,ካህኑም ከኀጢአት መሥዋዕት ደም በጣቱ ወስዶ ለሚቃጠል መሥዋዕት በሚሆነው መሠዊያ ቀንዶች ላይ ያደርገዋል፤ ደሙንም ሁሉ ለሚቃጠል መሥዋዕት ከሚሆነው መሠዊያ በታች ያፈስሰዋል።
5f1e9016-fe6b-54f4-a27c-283774644472,fd8f4b9f-cd85-5c79-a946-4007b4487591,4d4a7080-ed28-5f1c-a9d5-2c4f1c10d120,26,26,ስቡንም ሁሉ እንደ ደኅንነት መሥዋዕት ስብ፥ በመሠዊያው ላይ ይጨምረዋል። ካህኑም ኀጢአቱን ያስተሰርይለታል፤ ኀጢአቱም ይቅር ይባልለታል።
5506772e-fed2-5bad-a3ef-2eba52fd730c,fd8f4b9f-cd85-5c79-a946-4007b4487591,4d4a7080-ed28-5f1c-a9d5-2c4f1c10d120,27,27,“ከሀገሩም ሕዝብ አንድ ሰው ኀጢአትን ሳያውቅ ቢሠራ፥ እግዚአብሔርም፦ አትሥራ ያለውን ትእዛዝ ቢተላለፍ፥ ቢበድልም፥
3b2e46d4-5822-52a4-a697-0a4f72fd472c,fd8f4b9f-cd85-5c79-a946-4007b4487591,4d4a7080-ed28-5f1c-a9d5-2c4f1c10d120,28,28,ለእርሱም የሠራው ኀጢአት ቢታወቀውና ንስሓ ቢገባ፥ ስለ ሠራው ኀጢአት ነውር የሌለባትን እንስት ፍየል ለቍርባኑ ያመጣል።
ceb88a70-8e84-5f45-a329-08758235ee79,fd8f4b9f-cd85-5c79-a946-4007b4487591,4d4a7080-ed28-5f1c-a9d5-2c4f1c10d120,29,29,እጁንም በኀጢአት መሥዋዕት ራስ ላይ ይጭናል፤ ለሚቃጠልም መሥዋዕት እንስሳትን በሚያርዱበት ስፍራ የኀጢአት መሥዋዕት ፍየልዋን ያርዳታል።
c0f6326c-7fb6-5ba0-a779-6726f66fc2f5,fd8f4b9f-cd85-5c79-a946-4007b4487591,4d4a7080-ed28-5f1c-a9d5-2c4f1c10d120,30,30,ካህኑም ከደምዋ በጣቱ ወስዶ ለሚቃጠል መሥዋዕት በሚሆነው መሠዊያ ቀንዶች ላይ ያደርገዋል፤ ደሙንም ሁሉ ከመሠዊያው በታች ያፈስሰዋል።
5043300f-7def-5a66-a398-da14729caa43,fd8f4b9f-cd85-5c79-a946-4007b4487591,4d4a7080-ed28-5f1c-a9d5-2c4f1c10d120,31,31,ስቡም ሁሉ ከደኅንነት መሥዋዕት ላይ እንደሚወሰድ፥ ስብዋን ሁሉ ይወስዳል፤ ካህኑም ለእግዚአብሔር በጎ መዓዛ እንዲሆን በመሠዊያው ላይ ይጨምረዋል፤ ካህኑም ስለ እርሱ ያስተሰርያል፤ ኀጢአቱም ይሰረይለታል።
9f83860b-d896-5763-a521-acf4fffb9b21,fd8f4b9f-cd85-5c79-a946-4007b4487591,4d4a7080-ed28-5f1c-a9d5-2c4f1c10d120,32,32,“ስለ ኀጢአትም መሥዋዕት የበግ ጠቦት ቢያቀርብ፥ ነውር የሌለባትን እንስት ያመጣል።
e7c2e30e-70b2-5503-a436-a424cfd32617,fd8f4b9f-cd85-5c79-a946-4007b4487591,4d4a7080-ed28-5f1c-a9d5-2c4f1c10d120,33,33,እጁንም በኀጢአት መሥዋዕት ራስ ላይ ይጭናል፤ የሚቃጠልም መሥዋዕት በሚታረድበት ስፍራ ለኀጢአት መሥዋዕት ያርዳታል።
36c31400-c459-54b5-a051-281041a07d12,fd8f4b9f-cd85-5c79-a946-4007b4487591,4d4a7080-ed28-5f1c-a9d5-2c4f1c10d120,34,34,ካህኑም ከኀጢአት መሥዋዕት ደም በጣቱ ወስዶ ለሚቃጠል መሥዋዕት በሚሆነው መሠዊያ ቀንዶች ላይ ያደርገዋል፤ ደሙንም ሁሉ ከመሠዊያው በታች ያፈስሰዋል።
1d2cde4d-c20b-5781-a2df-9198a943d751,fd8f4b9f-cd85-5c79-a946-4007b4487591,4d4a7080-ed28-5f1c-a9d5-2c4f1c10d120,35,35,ስቡ ሁሉ ለደኅንነት መሥዋዕት ከታረደው የበግ ጠቦት ላይ እንደሚወሰድ ስብዋን ሁሉ ይወስዳሉ፤ ካህኑም ለእግዚአብሔር በእሳት በተቃጠለው ቍርባን ላይ በመሠዊያው ላይ ይጨምረዋል። ካህኑም ስለ ሠራው ኀጢአት ያስተሰርይለታል፤ ኀጢአቱም ይሰረይለታል።
67c72425-723f-549e-a2f0-fe794195a013,9468567c-9157-5600-a994-897d42265679,9d14bfc3-8e55-5c8d-ab04-0046f2f1d898,1,1,“አንድ ሰው ቢበድል፥ የሚያምለውንም ቃል ቢሰማ፥ ምስክርም ሆኖ አንድ ነገር አይቶ እንደ ሆነ፥ ወይም ዐውቆ እንደ ሆነ ያነን ባይናገር በደሉን ይሸከማል፤
9a8a89d8-f806-56c2-ae9f-1140534ec0d2,9468567c-9157-5600-a994-897d42265679,9d14bfc3-8e55-5c8d-ab04-0046f2f1d898,2,2,ርኩስ ነገርን፥ የሞተውን፥ አውሬ የነከሰውን፥ ወይም የበከተ፥ ወይም የሚንቀሳቀስ የእንስሳን በድን የነካ፥ ከእርሱም ያነሣ ሰው ቢኖር፤
fd803cc1-408f-5506-a2fd-30b07e7f76c7,9468567c-9157-5600-a994-897d42265679,9d14bfc3-8e55-5c8d-ab04-0046f2f1d898,3,3,ወይም ርኩስነቱን ሳያውቅ ርኩስን ሰው ቢነካ፥ በማናቸውም ርኵሰት ቢረክስ፥ ነገሩ በታወቀ ጊዜ በደል ይሆንበታል።
108e6032-fc44-5b62-a681-39b42308117d,9468567c-9157-5600-a994-897d42265679,9d14bfc3-8e55-5c8d-ab04-0046f2f1d898,4,4,ሰው ሳያስብ ክፉን ወይም መልካምን ያደርግ ዘንድ ሳያስብ በከንፈሩ ተናግሮ ቢምል፥ ሳያስብ የማለውም ከዚህ ባንዱ ነገር ቢሆን፥ በታወቀው ጊዜ ከዚህ ነገር በአንዱ በደለኛ ይሆናል።
1284c209-9b6a-5c1a-afa2-41d9add2ece9,9468567c-9157-5600-a994-897d42265679,9d14bfc3-8e55-5c8d-ab04-0046f2f1d898,5,5,ከእነዚህ ነገሮች በአንዲቱ በደለኛ ቢሆን፥ የሠራውን ኀጢአት ይናዘዛል።
76005c22-a408-5700-aa10-39291bdb3573,9468567c-9157-5600-a994-897d42265679,9d14bfc3-8e55-5c8d-ab04-0046f2f1d898,6,6,እግዚአብሔርን ስለ መበደሉና ስለ ሠራው ኀጢአት ከበጎቹ ነውር የሌለባትን እንስት በግ ወይም ከፍየሎች እንስት ፍየል ያመጣል፤ ካህኑም ስለ ኀጢአቱ ያስተሰርይለታል፤ ኀጢአቱም ይሰረይለታል።
2477a35c-b5ab-5204-a917-ae953c7209bb,9468567c-9157-5600-a994-897d42265679,9d14bfc3-8e55-5c8d-ab04-0046f2f1d898,7,7,“ስለ ሠራው ኀጢአት የበግ መግዣ ገንዘብ በእጁ ባይኖረው ግን፥ ሁለት ዋኖሶች ወይም ሁለት የርግብ ግልገሎች፥ አንዱን ለኀጢአት መሥዋዕት ሁለተኛውንም ለሚቃጠል መሥዋዕት፥ ለእግዚአብሔር ያቀርባል። ወደ ካህኑም ያመጣቸዋል፤
88d591cc-be6f-5a47-ab63-d50af40b0c6e,9468567c-9157-5600-a994-897d42265679,9d14bfc3-8e55-5c8d-ab04-0046f2f1d898,8,8,ካህኑም አስቀድሞ ለኀጢአት መሥዋዕት የሆነውን ያቀርባል፤ ራሱንም ከአንገቱ ይቆለምመዋል፤ ነገር ግን አይቈርጠውም።
273025cc-f8a8-58d4-a7ea-30aba3e7895e,9468567c-9157-5600-a994-897d42265679,9d14bfc3-8e55-5c8d-ab04-0046f2f1d898,9,9,ከኀጢአቱም መሥዋዕት ደም በመሠዊያው ግድግዳ ላይ ይረጨዋል፤ የተረፈውንም ደም ከመሠዊያው በታች ያንጠፈጥፋል፤ እርሱ የኀጢአት መሥዋዕት ነውና።
e47bb06a-1532-5607-ad8e-dece22200dc9,9468567c-9157-5600-a994-897d42265679,9d14bfc3-8e55-5c8d-ab04-0046f2f1d898,10,10,እንደ ሥርዐቱም ሁለተኛውን ለሚቃጠል መሥዋዕት ያዘጋጀዋል። ካህኑም ስለ ሠራው ኀጢአት ያስተሰርይለታል፤ ኀጢአቱም ይሰረይለታል።
86cacbbb-9352-5725-a7a7-403314bc878a,9468567c-9157-5600-a994-897d42265679,9d14bfc3-8e55-5c8d-ab04-0046f2f1d898,11,11,“ሁለት ዋኖሶች ወይም ሁለት የርግብ ግልገሎች ለማምጣት ገንዘብ በእጁ ባይኖረው፥ ስለ ሠራው ኀጢአት የኢፍ መስፈሪያ ዐሥረኛ ክፍል መልካም የስንዴ ዱቄት ለኀጢአት መሥዋዕት ያቀርባል፤ የኀጢአት መሥዋዕት ነውና ዘይት አያፈስስበትም፤ ዕጣንም አይጨምርበትም።
bce1ab8c-9263-5ab7-aa6d-5a63346ea7ff,9468567c-9157-5600-a994-897d42265679,9d14bfc3-8e55-5c8d-ab04-0046f2f1d898,12,12,ወደ ካህኑም ያመጣዋል፤ ካህኑም ስለ መታሰቢያው ለእርሱ እፍኝ ሙሉ ይዘግናል፤ ለእግዚአብሔርም በእሳት በተቃጠለው ቍርባን ላይ በመሠዊያው ላይ ይጨምረዋል፤ እርሱም የኀጢአት መሥዋዕት ነው።
da785275-e218-573b-ab82-c5c3c4bdcec2,9468567c-9157-5600-a994-897d42265679,9d14bfc3-8e55-5c8d-ab04-0046f2f1d898,13,13,ካህኑም ከእነዚያ በአንዳቸው ስለ ሠራው ኀጢአት ያስተሰርይለታል፤ ኀጢአቱም ይቅር ይባልለታል። የተረፈውም እንደ እህሉ ቍርባን ለካህኑ ይሆናል።”
dec8896d-0488-5155-a9ff-ced57e191010,9468567c-9157-5600-a994-897d42265679,715b22f0-f32e-5ba9-a177-48f4dc9b87a3,1,14,እግዚአብሔርም ሙሴን እንዲህ ሲል ተናገረው፦
47068d85-dde4-50ff-a964-dc9d0776b4fd,9468567c-9157-5600-a994-897d42265679,715b22f0-f32e-5ba9-a177-48f4dc9b87a3,2,15,“ሰው ቢዘነጋ፥ ሳያውቅም ለእግዚአብሔር በተቀደሰው በማናቸውም ነገር ኀጢአትን ቢሠራ፥ ለበደል መሥዋዕት ለእግዚአብሔር ከመንጋዉ ነውር የሌለበትን እንደ መቅደሱ ሰቅል ሚዛን በብር ሰቅል የተገመተውን አውራ በግ ለበደል መሥዋዕት ያቀርባል።
31e8e722-431a-548e-a020-ded66a95c0d3,9468567c-9157-5600-a994-897d42265679,715b22f0-f32e-5ba9-a177-48f4dc9b87a3,3,16,በተቀደሰ ነገር ላይ ስለ ሠራው ኀጢአት ዕዳ ይከፍላል፤ አምስተኛውንም እጅ ይጨምርበታል፤ ለካህኑም ይሰጠዋል። ካህኑም በበደል መሥዋዕት አውራ በግ ያስተሰርይለታል፤ ኀጢአቱም ይቅር ይባልለታል።
3b8b63fd-f4f0-5fff-a6dd-b83537107038,9468567c-9157-5600-a994-897d42265679,715b22f0-f32e-5ba9-a177-48f4dc9b87a3,4,17,“ሰው ባለማወቅ ኀጢአት ቢሠራ፥ እግዚአብሔርም፦ አትሥሩ ካላቸው ትእዛዛት አንዲቱን ቢተላለፍ፥ ቢታወቀው፥ ኀጢአት ስለሆነችበትም ንስሓ ቢገባ፥
c83e6976-69b0-5e52-aa1a-cd66779e53b8,9468567c-9157-5600-a994-897d42265679,715b22f0-f32e-5ba9-a177-48f4dc9b87a3,5,18,ነውር የሌለበትን በሰቅል የተገመተውን አውራ በግ ከመንጋው ለበደል መሥዋዕት ወደ ካህኑ ያመጣዋል፤ ካህኑም ሳያውቅ ስለ ሳተው ስሕተት ያስተሰርይለታል፤ ኀጢአቱም ይቅር ይባልለታል።
8bb8c113-716d-5ad0-a863-aaf1c4700088,9468567c-9157-5600-a994-897d42265679,715b22f0-f32e-5ba9-a177-48f4dc9b87a3,6,19,እርሱ በእግዚአብሔር ፊት ንስሓ ገብቶአልና።”
a3cddefc-1489-58f7-a281-1aa3fe74515f,e44846bd-7a13-5d78-aadd-30838fd88245,e3de8d2f-e9fb-5eff-ad0b-2260cf22f2f3,1,1,እግዚአብሔርም ሙሴን እንዲህ ሲል ተናገረው፦
efd79448-e1e2-5d7b-ac10-04497ee797c7,e44846bd-7a13-5d78-aadd-30838fd88245,e3de8d2f-e9fb-5eff-ad0b-2260cf22f2f3,2,2,“ሰው ኀጢአትን ቢሠራ፥ የእግዚአብሔርንም ትእዛዝ ቸል ቢል፥ ያኖረበትን አደራ ወይም የኅብረትን ገንዘብ ወስዶ ባልንጀራውን ቢክድ፥ ወይም ቢቀማ፥ ወይም በባልንጀራው ላይ ግፍ ቢሠራ፥
0c57768e-a02b-5fd1-ac8d-550ec718a141,e44846bd-7a13-5d78-aadd-30838fd88245,e3de8d2f-e9fb-5eff-ad0b-2260cf22f2f3,3,3,ወይም የጠፋውን ነገር ቢያገኝ፥ ስለዚህም ቢዋሽ፥ ሰው ኀጢአትን ለመሥራት ከሚያደርጋቸው ከእነዚህ ነገሮች ሁሉ በአንዲቱ በሐሰት ቢምል፥
d4663c9b-0997-54cc-ae63-87f5b842fd59,e44846bd-7a13-5d78-aadd-30838fd88245,e3de8d2f-e9fb-5eff-ad0b-2260cf22f2f3,4,4,እርሱ ቢበድልና ከዚህ በኋላ ንስሓ ቢገባ፥ በቅድሚያ የወሰደውን፥ ወይም በዐመፅና በግፍ የተቀበለውን፥ ወይም የተሰጠውን አደራ፥ ወይም ጠፍቶ ያገኘውን፥
51802c5e-c075-59d8-a162-a5d86fbf24b6,e44846bd-7a13-5d78-aadd-30838fd88245,e3de8d2f-e9fb-5eff-ad0b-2260cf22f2f3,5,5,ወይም በሐሰት የማለበትን ነገር ቢመልስ፥ በሙሉ ይመልስ፤ ከዚያም በላይ አምስተኛውን ክፍል ጨምሮ የበደሉን መሥዋዕት በሚያቀርብበት ቀን ለባለ ገንዘቡ ይስጠው።
d95f26b8-307a-5c8d-afbd-38e47279fd71,e44846bd-7a13-5d78-aadd-30838fd88245,e3de8d2f-e9fb-5eff-ad0b-2260cf22f2f3,6,6,ስለ በደል መሥዋዕትም ከመንጋው ነውር የሌለበትን፥ ዋጋው እንደ በደሉ የተገመተውን አውራ በግ ለእግዚአብሔር ያምጣ።።
565ae216-efbf-5dea-a88f-dced31753c07,e44846bd-7a13-5d78-aadd-30838fd88245,e3de8d2f-e9fb-5eff-ad0b-2260cf22f2f3,7,7,ካህኑም በእግዚአብሔር ፊት ያስተሰርይለታል፤ ስለዚያም ስለ አደረገው በደል ሁሉ ይቅር ይባልለታል።”
e188d542-7140-5763-a3b4-302cfcfcd15f,e44846bd-7a13-5d78-aadd-30838fd88245,de61d14e-6c83-5e9d-abbc-1b2069adbace,1,8,እግዚአብሔርም ሙሴን እንዲህ ብሎ ተናገረው፦
03ed978d-c02c-5d37-a8e4-2e3d78789e95,e44846bd-7a13-5d78-aadd-30838fd88245,de61d14e-6c83-5e9d-abbc-1b2069adbace,2,9,“አሮንንና ልጆቹን እንዲህ ብለህ እዘዛቸው፦ የሚቃጠለው የመሥዋዕቱ ሕግ ይህ ነው፤ የመሠዊያው እሳት በላዩ እየነደደች እስኪነጋ ትተዉታላችሁ።
0c4d712c-8321-5ad6-a2f7-8b2182aecc76,e44846bd-7a13-5d78-aadd-30838fd88245,de61d14e-6c83-5e9d-abbc-1b2069adbace,3,10,ካህኑም የተልባ እግር ቀሚስና የተልባ እግር ሱሪ በሰውነቱ ላይ ይለብሳል፤ በመሠዊያውም ላይ የሚቃጠለውን መሥዋዕት እሳቱ ከበላው በኋላ አመዱን አንሥቶ በመሠዊያው አጠገብ ያፈስሰዋል።
fce94a67-5614-5496-a980-c988a23a2f49,e44846bd-7a13-5d78-aadd-30838fd88245,de61d14e-6c83-5e9d-abbc-1b2069adbace,4,11,ልብሱንም ያወልቃል፤ ሌላም ልብስ ይለብሳል፤ አመዱንም ተሸክሞ ከሰፈሩ ንጹሕ ወደ ሆነ ስፍራ ወደ ውጭ ያወጣዋል።
40b80299-30b8-5231-a652-77eba9e849b2,e44846bd-7a13-5d78-aadd-30838fd88245,de61d14e-6c83-5e9d-abbc-1b2069adbace,5,12,እሳቱም በመሠዊያው ላይ ዘወትር ይነድዳል፤ አይጠፋም፤ ካህኑም ማለዳ ማለዳ ዕንጨት ያቃጥልበታል፤ የሚቃጠለውንም መሥዋዕት በዚያ ላይ ይረበርባል፤ በዚያም የደኅንነትን መሥዋዕት ስብ ያቃጥላል።
e5236c0e-5f9e-5f38-a3a8-dfe675760c99,e44846bd-7a13-5d78-aadd-30838fd88245,de61d14e-6c83-5e9d-abbc-1b2069adbace,6,13,ዘወትር በመሠዊያው ላይ እሳት ይነድዳል፤ አይጠፋም።
f4109ac8-de81-5bf3-ae02-fbce8b2e05db,e44846bd-7a13-5d78-aadd-30838fd88245,f72554dc-abc3-5ef3-a3a8-b72a42b72097,1,14,“የአሮን ልጆች በእግዚአብሔር ፊት በመሠዊያው ፊት ለፊት የሚያቀርቡት የመሥዋዕት ሥርዐት ይህ ነው።
c6654d91-01de-5f1b-ada1-2396808d69e9,e44846bd-7a13-5d78-aadd-30838fd88245,f72554dc-abc3-5ef3-a3a8-b72a42b72097,2,15,ካህኑም ከእህሉ ቍርባን መልካሙን የስንዴ ዱቄት ከዘይት ጋር እፍኝ ሙሉ፥ ደግሞም በእህሉ ቍርባን ላይ ያለውን ዕጣን ሁሉ ያነሣል፤ ለእግዚአብሔርም በጎ መዓዛ ያለው የመታሰቢያ ቍርባን እንዲሆን ለመታሰቢያ ነውና በመሠዊያው ላይ ይጨምረዋል።
921151a2-3efd-57c1-a2c8-33bcb48288cf,e44846bd-7a13-5d78-aadd-30838fd88245,f72554dc-abc3-5ef3-a3a8-b72a42b72097,3,16,ከእርሱም የተረፈውን አሮንና ልጆቹ ይበሉታል፤ ቂጣ ሆኖ በተቀደሰው ስፍራ ይበላል፤ በምስክሩ ድንኳን ዙሪያ ባለው አደባባይ ይበሉታል።
390330a0-7984-5ea2-a4d8-6b8704702159,e44846bd-7a13-5d78-aadd-30838fd88245,f72554dc-abc3-5ef3-a3a8-b72a42b72097,4,17,በእርሾ ቦክቶ አይጋገርም። ከእግዚአብሔር መሥዋዕት የሰጠኋቸው ዕድል ፈንታ ይህ ነው፤ እርሱም እንደ ኀጢአትና እንደ በደል መሥዋዕት ቅዱሰ ቅዱሳን ነው።
12c6620d-0d89-5517-a530-3922020f1437,e44846bd-7a13-5d78-aadd-30838fd88245,f72554dc-abc3-5ef3-a3a8-b72a42b72097,5,18,ከካህናት ወገን ወንድ ሁሉ ይበላዋል፤ በዘመናችሁ ለዘለዓለም ሕግ ነው። ከሚቃጠለው የእግዚአብሔር መሥዋዕት የሚነካ ሁሉ ቅዱስ ይሆናል።”
e11a9c83-bf60-515f-a537-f0976b5f7238,e44846bd-7a13-5d78-aadd-30838fd88245,f72554dc-abc3-5ef3-a3a8-b72a42b72097,6,19,እግዚአብሔርም ሙሴን እንዲህ ሲል ተናገረው፦
f0ff9d11-d7a5-597d-a2ae-7c285b3f78db,e44846bd-7a13-5d78-aadd-30838fd88245,f72554dc-abc3-5ef3-a3a8-b72a42b72097,7,20,“እርሱን በቀባህበት ቀን ለእግዚአብሔር የሚያቀርቡት የአሮንና የልጆቹ መባ ይህ ነው። የኢፍ መስፈርያ ዐሥረኛ ክፍል መልካሙን ዱቄት እኩሌታውን በጥዋት፥ እኩሌታውንም በማታ ለዘወትር መሥዋዕት ያቀርባሉ።
797c4c0f-c69f-502a-a9b9-ef491d50ae77,e44846bd-7a13-5d78-aadd-30838fd88245,f72554dc-abc3-5ef3-a3a8-b72a42b72097,8,21,ከዘይት ጋር በምጣድ ላይ ያደርጉታል፤ ለውሰውም ያገቡታል፤ ለእግዚአብሔር በጎ መዓዛ እንዲሆን የሚፈተት መሥዋዕት ነው።
864d04d0-fb08-5a3b-a69c-cad4ed4e8b4e,e44846bd-7a13-5d78-aadd-30838fd88245,f72554dc-abc3-5ef3-a3a8-b72a42b72097,9,22,ከልጆቹም በእርሱ ፋንታ የተቀባው ካህን ያቀርበዋል። ለዘለዓለም ሥርዐት ነው፤ ሁልጊዜም ይደረጋል።
5435f2ab-f410-5678-aea9-51a71ed6f72e,e44846bd-7a13-5d78-aadd-30838fd88245,f72554dc-abc3-5ef3-a3a8-b72a42b72097,10,23,ካህናትም የሚያቀርቡት የእህል ቍርባን ሁሉ ፈጽሞ ይቃጠላል፤ ከእርሱም አንዳች አይበላም።”
18882cb0-fd67-5b1a-a786-a8fb69885b8f,e44846bd-7a13-5d78-aadd-30838fd88245,6c34dfed-1179-59ef-aa8e-e0766174d584,1,24,እግዚአብሔርም ሙሴን እንዲህ ሲል ተናገረው፦
6af16aea-690c-51fe-a3e0-0158cff4631d,e44846bd-7a13-5d78-aadd-30838fd88245,6c34dfed-1179-59ef-aa8e-e0766174d584,2,25,“አሮንንና ልጆቹን እንዲህ ብለህ ንገራቸው፦ የኀጢአት መሥዋዕት ሕግ ይህ ነው፤ የሚቃጠል መሥዋዕት በሚታረድበት ስፍራ የኀጢአቱ መሥዋዕት በእግዚአብሔር ፊት ይታረዳል፤ እርሱም ቅዱሰ ቅዱሳን ነው።
cf0acc20-9866-5ada-a362-ee817edb3b56,e44846bd-7a13-5d78-aadd-30838fd88245,6c34dfed-1179-59ef-aa8e-e0766174d584,3,26,የሚሠዋው ካህን ይበላዋል፤ በምስክሩ ድንኳን ዙሪያ በአለው አደባባይ በተቀደሰ ስፍራ ይበሉታል።
7019118b-d845-5b48-a70b-af2622cb16bc,e44846bd-7a13-5d78-aadd-30838fd88245,6c34dfed-1179-59ef-aa8e-e0766174d584,4,27,ሥጋውን የሚነካ ሁሉ ቅዱስ ይሆናል፤ ማናቸውም ልብስ ደም ቢረጭበት የተረጨበትን በተቀደሰ ስፍራ ያጥቡታል።
831b3c0d-b0d2-55c4-a0c9-fea11dbdc071,e44846bd-7a13-5d78-aadd-30838fd88245,6c34dfed-1179-59ef-aa8e-e0766174d584,5,28,የሚቀቀልበትን ሸክላ ይሰብሩታል፤ በናስም ዕቃ ቢቀቀል ይፈገፍጉታል፤ በውኃም ያጥቡታል።
fe99b789-d78f-585a-a3d4-6bf674c6180e,e44846bd-7a13-5d78-aadd-30838fd88245,6c34dfed-1179-59ef-aa8e-e0766174d584,6,29,ከካህናት ወገን የሆነ ወንድ ሁሉ ከእርሱ ይበላል፤ እርሱም ቅዱሰ ቅዱሳን ነው።
6c14b742-5984-5397-a188-6dd8a990e88c,e44846bd-7a13-5d78-aadd-30838fd88245,6c34dfed-1179-59ef-aa8e-e0766174d584,7,30,ነገር ግን በመቅደሱ ውስጥ ለማስተስረያ ይሆን ዘንድ ከደሙ ወደ ምስክሩ ድንኳን የሚገባው የኀጢአት መሥዋዕት ሁሉ አይበላም፤ በእሳት ይቃጠላል።
b50e03fe-df7d-5278-a4c7-2717fedd5eb4,8d10538e-01cf-59d6-abfb-f74c38808ca5,a635429f-f37e-5a26-aaa9-39debc53b1ce,1,1,“የበደል መሥዋዕት ሕግ ይህ ነው፤ ቅዱሰ ቅዱሳን ነው።
d416d0d0-de06-560b-a67f-87a49164b9c6,8d10538e-01cf-59d6-abfb-f74c38808ca5,a635429f-f37e-5a26-aaa9-39debc53b1ce,2,2,የሚቃጠለውን መሥዋዕት በሚያርዱበት ስፍራ የበደሉን መሥዋዕት በግ በዚያ ያርዱታል፤ ደሙንም በመሠዊያው ላይ በዙሪያው ይረጩታል።
40279f8c-4b23-51e0-a2b6-51203ee5fed9,8d10538e-01cf-59d6-abfb-f74c38808ca5,a635429f-f37e-5a26-aaa9-39debc53b1ce,3,3,ስቡንም ሁሉ፥ ላቱንም፥ የሆድ ዕቃውንም የሚሸፍነውን ስብ ሁሉ፥ በአንጀቱም ላይ ያለውን ስብ፤
08b66f22-c88f-5bda-a591-a8cee2cda92c,8d10538e-01cf-59d6-abfb-f74c38808ca5,a635429f-f37e-5a26-aaa9-39debc53b1ce,4,4,ሁለቱንም ኵላሊቶች፥ በእነርሱም ላይና በጎድኑ አጠገብ ያለውን ስብ፥ በጉበቱም ላይ ያለውን መረብ ከኵላሊቶቹ ጋር ካህኑ ይለያል።
3cfa1758-fb7a-505c-a29a-520d90d9af17,8d10538e-01cf-59d6-abfb-f74c38808ca5,a635429f-f37e-5a26-aaa9-39debc53b1ce,5,5,ካህኑም ለእግዚአብሔር የእሳት ቍርባን እንዲሆን በመሠዊያው ላይ ይጨምረዋል፤ እርሱም የበደል መሥዋዕት ነው።
47a6eb6a-3fea-543e-acc8-b558b74c6b9d,8d10538e-01cf-59d6-abfb-f74c38808ca5,a635429f-f37e-5a26-aaa9-39debc53b1ce,6,6,ከካህናት ወገን የሆነ ወንድ ሁሉ ይበላዋል፤ በተቀደሰ ስፍራም ይበሉታል፤ ቅዱሰ ቅዱሳን ነው።
ac42569f-4e5c-53c5-a0a6-d876b0c2f846,8d10538e-01cf-59d6-abfb-f74c38808ca5,a635429f-f37e-5a26-aaa9-39debc53b1ce,7,7,የኀጢአት መሥዋዕት እንደ ሆነ እንዲሁ የበደል መሥዋዕት ነው፤ ለሁለቱ አንድ ሕግ ነው፤ በእነርሱ የሚያስተሰርይ ካህን ይወስደዋል።
fa646da3-6107-5c11-ae4e-b679023ad8c4,8d10538e-01cf-59d6-abfb-f74c38808ca5,a635429f-f37e-5a26-aaa9-39debc53b1ce,8,8,የሰውን የሚቃጠል መሥዋዕት የሚያቀርብ ካህን ያቀረበው የሚቃጠለው መሥዋዕት ቍርበት ለዚያው ካህን ይሆናል።
e11d16ec-65e8-525a-af6a-b48157c67153,8d10538e-01cf-59d6-abfb-f74c38808ca5,a635429f-f37e-5a26-aaa9-39debc53b1ce,9,9,በእቶን የተጋገረው የእህል ቍርባን ሁሉ፥ በመቀቀያም ወይም በምጣድ የበሰለው ሁሉ ለሚያቀርበው ካህን ይሆናል።
bb20139c-fb71-5e6d-a0dd-a50521b1ec02,8d10538e-01cf-59d6-abfb-f74c38808ca5,a635429f-f37e-5a26-aaa9-39debc53b1ce,10,10,በዘይትም የተለወሰው ወይም የደረቀው የእህል ቍርባን ሁሉ ለአሮን ልጆች ሁሉ ይሆናል፤ ለእያንዳንዱም እኩል ይሆናል።
63b7f931-4ba2-5406-ad73-ed579bbcaa74,8d10538e-01cf-59d6-abfb-f74c38808ca5,336dec21-b4da-5c86-a94b-bc17490af926,1,11,“ለእግዚአብሔር የሚያቀርቡት የደኅንነት መሥዋዕት ሕግ ይህ ነው።
cd45d53f-e17c-539b-a08f-6d1876f90a6c,8d10538e-01cf-59d6-abfb-f74c38808ca5,336dec21-b4da-5c86-a94b-bc17490af926,2,12,ለምስጋና ቢያቀርበው፥ ከምስጋናው መሥዋዕት ጋር በዘይት የተለወሰ የቂጣ እንጎቻ፥ በዘይትም የተቀባ ስስ ቂጣ፥ በዘይትም የተለወሰ መልካም የስንዴ ዱቄት ያቀርባል።
0b564c25-85c0-56ae-a3a2-5873ad18b518,8d10538e-01cf-59d6-abfb-f74c38808ca5,336dec21-b4da-5c86-a94b-bc17490af926,3,13,ለምስጋና የሚሆነውን የደኅንነት መሥዋዕት በአቀረበ ጊዜ እርሾ ያለበትን ኅብስት ያቀርባል።
c22c0122-c5a3-5905-a0f6-4fa044eb5eba,8d10538e-01cf-59d6-abfb-f74c38808ca5,336dec21-b4da-5c86-a94b-bc17490af926,4,14,ከቍርባኑም ሁሉ የእግዚአብሔርን ድርሻ ከእነርሱ አንዱን ያነሣል። እርሱም የደኅንነትን መሥዋዕት ደም ለሚረጨው ካህን ይሆናል።
81ba8f01-e08f-5408-a0f9-561ff3b5a5ac,8d10538e-01cf-59d6-abfb-f74c38808ca5,336dec21-b4da-5c86-a94b-bc17490af926,5,15,“ለምስጋና የሚሆነው የደኅንነት መሥዋዕት ሥጋም ለእርሱ ነው፤ በሚቀርብበትም ቀን ይበሉታል፤ ከእርሱ እስከ ነገ ምንም አያተርፉም።
584c333e-5d78-5f7c-a469-b0b9e79b4d13,8d10538e-01cf-59d6-abfb-f74c38808ca5,336dec21-b4da-5c86-a94b-bc17490af926,6,16,የቍርባኑም መሥዋዕት የስእለት ወይም የፈቃድ ቢሆን፥ መሥዋዕቱ በሚቀርብበት ቀን ይብሉት፤ ከእርሱም የቀረውን በነጋው ይብሉት፤
0ad8c270-3a33-565f-a798-c1d3c2567eb0,8d10538e-01cf-59d6-abfb-f74c38808ca5,336dec21-b4da-5c86-a94b-bc17490af926,7,17,ከመሥዋዕቱም ሥጋ እስከ ሦስተኛው ቀን የሚቈየውን በእሳት ያቃጥሉታል።
20f0e428-e9c1-5301-a57e-cd2856f242af,8d10538e-01cf-59d6-abfb-f74c38808ca5,336dec21-b4da-5c86-a94b-bc17490af926,8,18,በሦስተኛው ቀን ከደኅንነት መሥዋዕት ሥጋ ቢበላ፥ አይሠምርም፤ ላቀረበው ሰው የተጠላ ይሆንበታል እንጂ ቍርባን ሆኖ አይቈጠርለትም፤ ከእርሱም የበላ ሰው ኀጢአቱን ይሸከማል።
5fb4c31e-7419-5cff-a531-859ef89a8e24,8d10538e-01cf-59d6-abfb-f74c38808ca5,336dec21-b4da-5c86-a94b-bc17490af926,9,19,“ርኩስ ነገር የሚነካውን ሥጋ አይብሉት፤ በእሳት ያቃጥሉት እንጂ። ንጹሕ የሆነ ሰው ሁሉ ግን ከሥጋው ይብላ።
6918b6d4-225b-58ba-abd0-59319085de2c,8d10538e-01cf-59d6-abfb-f74c38808ca5,336dec21-b4da-5c86-a94b-bc17490af926,10,20,ኀጢአት ሳለባት፥ ለእግዚአብሔር ከሆነው ከደኅንነት መሥዋዕት ሥጋ የበላች ሰውነት፥ ያች ሰውነት ከሕዝብዋ ተለይታ ትጥፋ።
d69b187a-677a-5256-a9ad-5407b4e12325,8d10538e-01cf-59d6-abfb-f74c38808ca5,336dec21-b4da-5c86-a94b-bc17490af926,11,21,ከርኩስ ሁሉ፥ ወይም ከረከሰው ሰው፥ ወይም ንጹሕ ካልሆነው እንስሳ የነካች ሰውነት፥ ለእግዚአብሔር ከሆነው ከደኅንነት መሥዋዕት ሥጋ ብትበላ፥ ያች ሰውነት ከሕዝብዋ ተለይታ ትጥፋ።”
45266547-fd0b-5bbf-a766-4dbc9b20d716,8d10538e-01cf-59d6-abfb-f74c38808ca5,8a467c8b-75c5-5243-aea6-a61ea4dc2085,1,22,እግዚአብሔርም ሙሴን እንዲህ ብሎ ተናገረው፦
f726ff07-6a4d-5a54-ab2c-7cd99aac01dc,8d10538e-01cf-59d6-abfb-f74c38808ca5,8a467c8b-75c5-5243-aea6-a61ea4dc2085,2,23,“የእስራኤልን ልጆች እንዲህ ብለህ ተናገራቸው፦ የበሬ ወይም የበግ ወይም የፍየል ስብ ከቶ አትብሉ።
9a05e6bf-3477-55f7-a5e6-feb07683e8a2,8d10538e-01cf-59d6-abfb-f74c38808ca5,8a467c8b-75c5-5243-aea6-a61ea4dc2085,3,24,የሞተውን ስብ፥ አውሬ የሰበረውንም ስብ ለሌላ ተግባር አድርጉት፤ እናንተ ግን አትብሉት፤
4faf6ca2-a722-5122-a64d-fe9a1a7a65ed,8d10538e-01cf-59d6-abfb-f74c38808ca5,8a467c8b-75c5-5243-aea6-a61ea4dc2085,4,25,ለእግዚአብሔር በእሳት ከሚቀርበው ከእንስሳ ስብ የሚበላ ሁሉ ያች የበላች ሰውነት ከሕዝብዋ ተለይታ ትጥፋ።
d351f7c1-cf73-5314-a31a-3d78980b6306,8d10538e-01cf-59d6-abfb-f74c38808ca5,8a467c8b-75c5-5243-aea6-a61ea4dc2085,5,26,በመኖሪያዎቻችሁ ሁሉ የወፍ ወይም የእንስሳ ደም ቢሆን አትብሉ።
a6fceb02-b0f4-59ff-a7a7-930e48a93f53,8d10538e-01cf-59d6-abfb-f74c38808ca5,8a467c8b-75c5-5243-aea6-a61ea4dc2085,6,27,ደም የምትበላ ሰውነት ሁሉ ያች ሰውነት ከሕዝብዋ ተለይታ ትጥፋ።”
5865b9db-570d-5d33-abef-de9bbd88a133,8d10538e-01cf-59d6-abfb-f74c38808ca5,eb6224a6-3fb9-5a5e-a143-cdb518c368a4,1,28,እግዚአብሔርም ሙሴን እንዲህ ብሎ ተናገረው፦
fc7cbaf6-dff8-5459-a67c-e81cc69cf158,8d10538e-01cf-59d6-abfb-f74c38808ca5,eb6224a6-3fb9-5a5e-a143-cdb518c368a4,2,29,“የእስራኤልን ልጆች እንዲህ ብለህ ተናገራቸው፦ ለእግዚአብሔር የደኅንነት መሥዋዕት የሚያቀርብ ሰው ቍርባኑን ለእግዚአብሔር ከደኅንነቱ መሥዋዕት ያመጣል።
f83e5431-66cc-52e8-a43e-34dca28c8540,8d10538e-01cf-59d6-abfb-f74c38808ca5,eb6224a6-3fb9-5a5e-a143-cdb518c368a4,3,30,የእርሱ እጆች ለእግዚአብሔር የእሳቱን ቍርባን ያመጣሉ፤ ፍርምባውን በእግዚአብሔር ፊት ቍርባን ያቀርብ ዘንድ በጉበቱ ላይ ያለውን መረብና የፍርምባውን ስብ ያመጣል።
84622a5d-f6cb-5f76-a6f3-48af9a2b4a5f,8d10538e-01cf-59d6-abfb-f74c38808ca5,eb6224a6-3fb9-5a5e-a143-cdb518c368a4,4,31,ካህኑም ስቡን በመሠዊያው ላይ ይጨምረው፤ ፍርምባውም ለአሮንና ለልጆቹ ይሁን።
febc264a-eeff-57e1-ae6c-cbab4dd4f456,8d10538e-01cf-59d6-abfb-f74c38808ca5,eb6224a6-3fb9-5a5e-a143-cdb518c368a4,5,32,ከደኅንነት መሥዋዕታችሁ ቀኝ ወርቹን ለማንሣት ቍርባን እንዲሆን ለካህኑ ትሰጡታላቸሁ።
39519449-dadf-5db7-a3a3-2fdf106b5250,8d10538e-01cf-59d6-abfb-f74c38808ca5,eb6224a6-3fb9-5a5e-a143-cdb518c368a4,6,33,ከአሮንም ልጆች የደኅንነትን መሥዋዕት ደሙንና ስቡን ለሚያቀርብ ለእርሱ ቀኝ ወርቹ እድል ፈንታው ይሆናል።
cb4830c1-a382-5659-a458-9b44b935fde2,8d10538e-01cf-59d6-abfb-f74c38808ca5,eb6224a6-3fb9-5a5e-a143-cdb518c368a4,7,34,ፍርምባውንና የቀኝ ወርቹን ከእስራኤል ልጆች ከደኅንነት መሥዋዕታቸው ወስጄአለሁ፤ ለካህኑ ለአሮንና ለልጆቹም ለዘለዓለም ሕግ እንዲሆን ከእስራኤል ልጆች ዘንድ ሰጥቼአቸዋለሁ።”
861515a4-bf4d-52ca-ab6b-2b4d936f57d8,8d10538e-01cf-59d6-abfb-f74c38808ca5,eb6224a6-3fb9-5a5e-a143-cdb518c368a4,8,35,እግዚአብሔርን በክህነት ያገለግሉት ዘንድ በተቀቡበት ቀን ለእግዚአብሔር ከሆነ ከእሳት ቍርባን የአሮንና የልጆቹ ሕግ ይህ ነው።
26078034-57b0-531b-a8da-2e09acfe0356,8d10538e-01cf-59d6-abfb-f74c38808ca5,eb6224a6-3fb9-5a5e-a143-cdb518c368a4,9,36,ለልጅ ልጃቸው ለዘለዓለም ሕግ እንዲሆን በቀባቸው ቀን የእስራኤል ልጆች ይሰጡአቸው ዘንድ እግዚአብሔር ያዘዘው ይህ ነው።
e955d1d8-d267-5bd5-abe5-49e5a2ab32c6,8d10538e-01cf-59d6-abfb-f74c38808ca5,eb6224a6-3fb9-5a5e-a143-cdb518c368a4,10,37,የሚቃጠል መሥዋዕትና የእህል ቍርባን፥ የኀጢአትና የበደል መሥዋዕት፥ የቅድስናና የደኅንነት መሥዋዕት ሕግ ይህ ነው።
878d0a01-264e-5231-a262-0fa410d14489,8d10538e-01cf-59d6-abfb-f74c38808ca5,eb6224a6-3fb9-5a5e-a143-cdb518c368a4,11,38,እግዚአብሔር በሲና ምድረ በዳ ቍርባናቸውን በእግዚአብሔር ፊት ያቀርቡ ዘንድ ለእስራኤል ልጆች ባዘዘ ጊዜ በሲና ተራራ ለሙሴ ያዘዘው ይህ ነው።
5b090a89-54c3-53ea-af9f-dd1551b3fabc,ff6ef6a8-8ab6-527e-af97-275cef5eb31b,9b4c2e62-76de-5258-a1ff-627b29ff5286,1,1,እግዚአብሔርም ሙሴን እንዲህ ብሎ ተናገረው፦
baee45cb-e405-547e-a43c-bcdecd984c66,ff6ef6a8-8ab6-527e-af97-275cef5eb31b,9b4c2e62-76de-5258-a1ff-627b29ff5286,2,2,“አሮንን፥ ከእርሱም ጋር ልጆቹን፥ ልብሱንም፥ የቅብዐቱንም ዘይት፥ ለኀጢአት መሥዋዕትም የሆነውን ወይፈን፥ ሁለቱንም አውራ በጎች፥ የቂጣውንም እንጀራ መሶብ ውሰድ፤
2c610309-0ea3-501b-a641-5851a6a6c18f,ff6ef6a8-8ab6-527e-af97-275cef5eb31b,9b4c2e62-76de-5258-a1ff-627b29ff5286,3,3,ማኅበሩንም ሁሉ ወደ ምስክሩ ድንኳን ደጃፍ ሰብስባቸው።”
701c4e26-b341-50ce-a55b-74924559ab6e,ff6ef6a8-8ab6-527e-af97-275cef5eb31b,9b4c2e62-76de-5258-a1ff-627b29ff5286,4,4,ሙሴም እግዚአብሔር እንዳዘዘው አደረገ፤ ማኅበሩንም ሁሉ ወደ ምስክሩ ድንኳን ደጃፍ ሰበሰበ።
4bee045e-9cbd-5b47-a638-44de5f985916,ff6ef6a8-8ab6-527e-af97-275cef5eb31b,9b4c2e62-76de-5258-a1ff-627b29ff5286,5,5,ሙሴም ማኅበሩን፥ “እግዚአብሔር ታደርጉ ዘንድ ያዘዘው ነገር ይህ ነው” አላቸው።
530e2b1a-2cb9-56f2-a5d4-084cb1ab4011,ff6ef6a8-8ab6-527e-af97-275cef5eb31b,9b4c2e62-76de-5258-a1ff-627b29ff5286,6,6,ሙሴም አሮንንና ልጆቹን አቀረበ፤ በውኃም አጠባቸው።
919f384e-f731-5172-a643-0f631c279dec,ff6ef6a8-8ab6-527e-af97-275cef5eb31b,9b4c2e62-76de-5258-a1ff-627b29ff5286,7,7,እጀ ጠባብም አለበሰው፤ በመታጠቂያም አስታጠቀው፤ የበፍታ ቀሚስም አለበሰው፤ ልብሰ መትከፍም ደረበለት፤ በልብሰ መትከፉም አሠራር ላይ በብልሃት በተጠለፈ ቋድ አስታጠቀውና በእርሱ ላይ አሰረው።
988fb61f-5d78-599f-a21c-ab0cb3fce60c,ff6ef6a8-8ab6-527e-af97-275cef5eb31b,9b4c2e62-76de-5258-a1ff-627b29ff5286,8,8,ልብሰ እንግድዓውንም በእርሱ ላይ አደረገ፤ በልብሰ እንግድዓውም ላይ የምልክትና የእውነት መገለጫዎችን አኖረበት።
3b636af1-7c7e-5a84-aa5b-5dfa1e1ec540,ff6ef6a8-8ab6-527e-af97-275cef5eb31b,9b4c2e62-76de-5258-a1ff-627b29ff5286,9,9,እግዚአብሔርም ሙሴን እንዳዘዘው በራሱ ላይ አክሊል አደረገለት፤ በአክሊሉም ላይ በፊቱ በኩል የተቀደሰውን የወርቅ መርገፍ አደረገ።
1d19207c-b483-55c0-a63a-15694072aef3,ff6ef6a8-8ab6-527e-af97-275cef5eb31b,9b4c2e62-76de-5258-a1ff-627b29ff5286,10,10,ሙሴም የቅብዐቱን ዘይት ወሰደ፤ ከእርሱም በመሠዊያው ላይ ሰባት ጊዜ ረጨ፤
31cc0920-2a18-5931-afa9-c17cc363871e,ff6ef6a8-8ab6-527e-af97-275cef5eb31b,9b4c2e62-76de-5258-a1ff-627b29ff5286,11,11,ይቀድሳቸውም ዘንድ መሠዊያውንና ዕቃውን ሁሉ፥ የመታጠቢያውን ሰንና መቀመጫውን ቀባ፤ ድንኳኒቱንና ዕቃዋን ሁሉ ቀብቶ ቀደሳቸው።
7c88f960-547a-51c4-a616-90eb2eca0059,ff6ef6a8-8ab6-527e-af97-275cef5eb31b,9b4c2e62-76de-5258-a1ff-627b29ff5286,12,12,ከቅብዐቱም ዘይት በአሮን ራስ ላይ አፈሰሰ፤ ቀባው፤ ቀደሰውም።
78148ea1-9402-56e9-a0be-1568c6a05781,ff6ef6a8-8ab6-527e-af97-275cef5eb31b,9b4c2e62-76de-5258-a1ff-627b29ff5286,13,13,እግዚአብሔርም ሙሴን እንዳዘዘው ሙሴ የአሮንን ልጆች አቀረበ፤ የበፍታ ቀሚሶችንም አለበሳቸው፤ በመታጠቂያም አስታጠቃቸው፤ አክሊልም ደፋላቸው።
311f8fdf-30d5-5603-af3b-a9afd2d3a49d,ff6ef6a8-8ab6-527e-af97-275cef5eb31b,9b4c2e62-76de-5258-a1ff-627b29ff5286,14,14,የኀጢአትንም መሥዋዕት ወይፈን አቀረበ፤ አሮንና ልጆቹም በኀጢአቱ መሥዋዕት ወይፈን ራስ ላይ እጆቻቸውን ጫኑ።
1ef8236c-ccaf-5f0a-a106-30b7601d4b4b,ff6ef6a8-8ab6-527e-af97-275cef5eb31b,9b4c2e62-76de-5258-a1ff-627b29ff5286,15,15,አረዱትም፤ ሙሴም ደሙን ወስዶ በጣቱ የመሠዊያውን ቀንዶች ዙሪያ ቀባ፤ መሠዊያውንም አነጻው፤ ደሙንም ከመሠዊያው በታች አፈሰሰው፤ ያስተሰርይለትም ዘንድ ቀደሰው።
dd1b1da4-26f8-5c2a-af23-44d4da5204e7,ff6ef6a8-8ab6-527e-af97-275cef5eb31b,9b4c2e62-76de-5258-a1ff-627b29ff5286,16,16,ሙሴም በሆድ ዕቃው ላይ ያለውን ስብ ሁሉ፥ የጉበቱንም መረብ፥ ሁለቱንም ኵላሊቶች፥ ስባቸውንም ወሰደ፤ በመሠዊያውም ላይ ጨመረው።
aaff624c-e921-56fc-a9d5-8cbe3764b1df,ff6ef6a8-8ab6-527e-af97-275cef5eb31b,9b4c2e62-76de-5258-a1ff-627b29ff5286,17,17,እግዚአብሔርም ሙሴን እንዳዘዘው ወይፈኑን፥ ቍርበቱንም፥ ሥጋውንም፥ ፈርሱንም ከሰፈሩ ውጭ በእሳት አቃጠለ።
cc64fdc3-0e04-578d-a2bd-d3cbf1a31860,ff6ef6a8-8ab6-527e-af97-275cef5eb31b,9b4c2e62-76de-5258-a1ff-627b29ff5286,18,18,ሙሴም ለሚቃጠል መሥዋዕት የሚሆን አውራ በግ አቀረበ፤ አሮንና ልጆቹም በአውራው በግ ራስ ላይ እጆቻቸውን ጫኑ።
df3d398e-9030-5f07-a420-984e315d8809,ff6ef6a8-8ab6-527e-af97-275cef5eb31b,9b4c2e62-76de-5258-a1ff-627b29ff5286,19,19,ሙሴም ያን በግ አረደው፤ ደሙንም በመሠዊያው ዙሪያ ረጨው።
49d089a5-5df1-5cff-aa86-762d6208ddef,ff6ef6a8-8ab6-527e-af97-275cef5eb31b,9b4c2e62-76de-5258-a1ff-627b29ff5286,20,20,አውራውንም በግ በየብልቱ ቈረጠ፤ ሙሴም ጭንቅላቱን፥ ብልቶቹንም፥ ስቡንም ጨመረ።
84984730-6df9-5086-a416-5fba57a61941,ff6ef6a8-8ab6-527e-af97-275cef5eb31b,9b4c2e62-76de-5258-a1ff-627b29ff5286,21,21,የሆድ ዕቃውንና እግሮቹንም በውኃ አጠበ፤ ሙሴም አውራውን በግ ሁሉ በመሠዊያው ላይ ጨመረ፤ ይህ በጎ መዓዛ እንዲሆን የሚቃጠል መሥዋዕት ነበረ፤ እግዚአብሔር ሙሴን እንዳዘዘው ለእግዚአብሔር የእሳት ቍርባን ነበረ።
00b3add4-d68f-5232-a2a0-57b8cf0bd337,ff6ef6a8-8ab6-527e-af97-275cef5eb31b,9b4c2e62-76de-5258-a1ff-627b29ff5286,22,22,ሙሴም ለቅድስና የሚሆነውን ሁለተኛውን አውራ በግ አቀረበ፤ አሮንና ልጆቹም በአውራው በግ ራስ ላይ እጆቻቸውን ጫኑ፤
7c97546f-981c-5676-aebf-1d8fd1f9926f,ff6ef6a8-8ab6-527e-af97-275cef5eb31b,9b4c2e62-76de-5258-a1ff-627b29ff5286,23,23,አረዱትም። ሙሴም ከደሙ ወስዶ የአሮንን የቀኝ ጆሮውን ጫፍ፥ የቀኝ እጁንም አውራ ጣት፥ የቀኝ እግሩንም አውራ ጣት ቀባው።
17cfc474-49c0-53cd-ac7c-145e22b46c0d,ff6ef6a8-8ab6-527e-af97-275cef5eb31b,9b4c2e62-76de-5258-a1ff-627b29ff5286,24,24,የአሮንንም ልጆች አቀረበ፤ ሙሴም የቀኝ ጆሮአቸውን ጫፍ፥ የቀኝ እጃቸውንም አውራ ጣት፥ የቀኝ እግራቸውንም አውራ ጣት ከደሙ ቀባ፤ ሙሴም ደሙን በመሠዊያው ዙሪያ ረጨ።
1f90d579-5119-5ee8-afc0-2bcd2e783715,ff6ef6a8-8ab6-527e-af97-275cef5eb31b,9b4c2e62-76de-5258-a1ff-627b29ff5286,25,25,ስቡንና ላቱን፥ በሆድ ዕቃውም ላይ ያለውን ስብ ሁሉ፥ የጉበቱንም መረብ፥ ሁለቱንም ኵላሊቶች፥ ስባቸውንም፥ ቀኝ ወርቹንም ወሰደ፤
6e3e1cce-d1f4-560e-aa8f-b3f5e80e84af,ff6ef6a8-8ab6-527e-af97-275cef5eb31b,9b4c2e62-76de-5258-a1ff-627b29ff5286,26,26,በእግዚአብሔር ፊት ካለው የቅድስና መሶብ አንድ የቂጣ እንጎቻ፥ አንድም የዘይት እንጀራ፥ አንድም ስስ ቂጣ ወስዶ በስቡና በቀኝ ወርቹ ላይ አኖራቸው።
cb310140-bcaa-53a5-a9fb-e8f8f73c047b,ff6ef6a8-8ab6-527e-af97-275cef5eb31b,9b4c2e62-76de-5258-a1ff-627b29ff5286,27,27,ሁሉንም በአሮንና በልጆቹ እጆች ላይ አደረገ፤ በእግዚአብሔርም ፊት ቍርባንን አቀረበ፤
251f4846-dcf3-5640-a255-dc1fd8db519c,ff6ef6a8-8ab6-527e-af97-275cef5eb31b,9b4c2e62-76de-5258-a1ff-627b29ff5286,28,28,ሙሴም ከእጃቸው ተቀብሎ በመሠዊያው በሚቃጠለው መሥዋዕት ላይ አኖረው። በጎ መዓዛ የቅድስና መሥዋዕት ነበረ። እርሱም ለእግዚአብሔር የእሳት ቍርባን ነበረ።
728a0ef4-56a0-5430-abff-6f2f90449af7,ff6ef6a8-8ab6-527e-af97-275cef5eb31b,9b4c2e62-76de-5258-a1ff-627b29ff5286,29,29,ሙሴም ከቅድስናው አውራ በግ ፍርምባውን ወስዶ በእግዚአብሔር ፊት ያቀርበው ዘንድ ቈራረጠ። እግዚአብሔር ሙሴን እንዳዘዘው ይህ ለቅድስና ከታረደው አውራ በግ የሙሴ እድል ፈንታ ሆነ።
1d9b83cd-5678-5b05-af24-033e63f9079a,ff6ef6a8-8ab6-527e-af97-275cef5eb31b,9b4c2e62-76de-5258-a1ff-627b29ff5286,30,30,ሙሴም ከቅብዐቱ ዘይትና በመሠዊያው ላይ ከአለው ከደሙ ወስዶ በአሮንና በልብሱ ላይ ፥ በልጆቹና በልጆቹ ልብስ ላይ ረጨው፤ አሮንንና ልብሱንም፥ ልጆቹንም፥ የልጆቹንም ልብስ ቀደሰ።
72bab3d9-1ed0-5107-a6ed-6e021ea39dd2,ff6ef6a8-8ab6-527e-af97-275cef5eb31b,9b4c2e62-76de-5258-a1ff-627b29ff5286,31,31,ሙሴም አሮንንና ልጆቹን አላቸው፥ “ሥጋውን በምስክሩ ድንኳን ደጃፍ በተቀደሰው ቦታ ቀቅሉ፤ አሮንና ልጆቹ ይብሉት ብሎ እግዚአብሔር እንዳዘዘኝ በዚያ እርሱንና በቅድስናው መሶብ ያለውን እንጀራ ብሉ።
55e566f3-bbdf-55fb-a089-4e7f642ef30d,ff6ef6a8-8ab6-527e-af97-275cef5eb31b,9b4c2e62-76de-5258-a1ff-627b29ff5286,32,32,ከሥጋውና ከእንጀራውም የተረፈውን በእሳት አቃጥሉት።
a1345d76-ad01-5e95-a1fd-871e100eb916,ff6ef6a8-8ab6-527e-af97-275cef5eb31b,9b4c2e62-76de-5258-a1ff-627b29ff5286,33,33,ሰባት ቀን ይክናችኋልና የክህነታችሁ ቀን እስኪፈጸም ድረስ ሰባት ቀን ከማኅበሩ ድንኳን ደጃፍ አትውጡ።
b58ba511-dc51-59ac-add8-6af8831ad334,ff6ef6a8-8ab6-527e-af97-275cef5eb31b,9b4c2e62-76de-5258-a1ff-627b29ff5286,34,34,በዚህ ቀን እንደ ተደረገ ለእናንተ ለማስተስረያ ይደረግ ዘንድ እንዲሁ እግዚአብሔር አዘዘ።
b5a3db6c-eba6-581e-a0ab-81f054fc4388,ff6ef6a8-8ab6-527e-af97-275cef5eb31b,9b4c2e62-76de-5258-a1ff-627b29ff5286,35,35,እግዚአብሔር እንዲሁ አዝዞኛልና እንዳትሞቱ በምስክሩ ድንኳን ደጃፍ ሌሊቱንና ቀኑን ሰባት ቀን ተቀመጡ፤ የእግዚአብሔርንም ሥርዐት ጠብቁ፤”
13a4536a-542d-50fd-a77e-1583e1fe8496,ff6ef6a8-8ab6-527e-af97-275cef5eb31b,9b4c2e62-76de-5258-a1ff-627b29ff5286,36,36,አሮንና ልጆቹም እግዚአብሔር ለሙሴ ያዘዘውን ሁሉ አደረጉ።
f30a70f3-c424-52c9-aac5-3f21b9a51dfd,17c40c9f-3cda-5971-ad63-d06bafbd7165,20f03085-4e0f-5c4f-affb-1dab94727191,1,1,በስምንተኛውም ቀን እንዲህ ሆነ፤ ሙሴ አሮንንና ልጆቹን፥ የእስራኤልንም ሽማግሌዎች ጠራ።
a55b6362-6342-51de-abd1-ad88a144abc3,17c40c9f-3cda-5971-ad63-d06bafbd7165,20f03085-4e0f-5c4f-affb-1dab94727191,2,2,ሙሴም አሮንን አለው፥ “ስለ ኀጢአት መሥዋዕት ከመንጋው እንቦሳውን፥ ስለሚቃጠልም መሥዋዕት አውራውን በግ ወስደህ በእግዚአብሔር ፊት አቅርባቸው።
9f9a57e4-b69e-5507-a764-88f430937435,17c40c9f-3cda-5971-ad63-d06bafbd7165,20f03085-4e0f-5c4f-affb-1dab94727191,3,3,የእስራኤልንም ልጆች፦ ለኀጢአት መሥዋዕት አውራ ፍየልን፥ ለሚቃጠልም መሥዋዕት ነውር የሌለባቸውን አንድ ዓመት የሆናቸውን ጥጃና ጠቦትን፥
bb06f3ba-0bf3-5c2d-afb9-f74f2720fd7f,17c40c9f-3cda-5971-ad63-d06bafbd7165,20f03085-4e0f-5c4f-affb-1dab94727191,4,4,ለደኅንነትም መሥዋዕት በሬንና አውራ በግን፥ በዘይትም የተለወሰ የእህልን ቍርባን በእግዚአብሔር ፊት ይሠዉ ዘንድ ውሰዱ፤ ዛሬ እግዚአብሔር ይገለጥላችኋልና ብለህ ንገራቸው።”
694c57c1-d115-5ba7-acdb-fb4ded2131a5,17c40c9f-3cda-5971-ad63-d06bafbd7165,20f03085-4e0f-5c4f-affb-1dab94727191,5,5,ሙሴም ያዘዛቸውን ወደ ምስክሩ ድንኳን ደጃፍ አመጡ፤ ማኅበሩም ሁሉ ቀርበው በእግዚአብሔር ፊት ቆሙ።
b0bcda10-de21-5a33-abef-c1b28345bf81,17c40c9f-3cda-5971-ad63-d06bafbd7165,20f03085-4e0f-5c4f-affb-1dab94727191,6,6,ሙሴም፥ “ታደርጉት ዘንድ እግዚአብሔር ያዘዛችሁ ቃል ይህ ነው፤ የእግዚአብሔርም ክብር ይገለጥላችኋል” አለ።
32a72e1f-69f1-57f0-abe7-54c19ae978c0,17c40c9f-3cda-5971-ad63-d06bafbd7165,20f03085-4e0f-5c4f-affb-1dab94727191,7,7,ሙሴም አሮንን፥ “ወደ መሠዊያው ቀርበህ የኀጢአትህን መሥዋዕትና የሚቃጠለውን መሥዋዕትህን ሠዋ፤ ለራስህና ለወገንህ አስተስርይ፤ እግዚአብሔርም እንዳዘዘ የሕዝቡን ቍርባን አቅርብ፤ አስተስርይላቸውም” አለው።
b791256a-e199-512a-a78e-c8d9eaf40392,17c40c9f-3cda-5971-ad63-d06bafbd7165,20f03085-4e0f-5c4f-affb-1dab94727191,8,8,አሮንም ወደ መሠዊያው ቀርቦ ስለ ራሱ ኀጢአት መሥዋዕት የሆነውን ጥጃ አረደ።
a412a488-cf5c-5966-abb4-33a9df6da9b1,17c40c9f-3cda-5971-ad63-d06bafbd7165,20f03085-4e0f-5c4f-affb-1dab94727191,9,9,የአሮንም ልጆች ደሙን አቀረቡለት፤ ጣቱንም በደሙ ውስጥ ነክሮ የመሠዊያውን ቀንዶች ቀባ፤ ደሙንም ከመሠዊያው በታች አፈሰሰው።
31a20507-4b95-5f04-a4c5-6f3557a3735f,17c40c9f-3cda-5971-ad63-d06bafbd7165,20f03085-4e0f-5c4f-affb-1dab94727191,10,10,እግዚአብሔርም ሙሴን እንዳዘዘው ከኀጢአቱ መሥዋዕት ስቡንና ኵላሊቶቹን፥ የጉበቱንም መረብ በመሠዊያው ላይ ጨመረ።
076f52b7-cadb-5e3e-ada3-a19fff1d71d5,17c40c9f-3cda-5971-ad63-d06bafbd7165,20f03085-4e0f-5c4f-affb-1dab94727191,11,11,ሥጋውንና ቍርበቱንም ከሰፈሩ ውጭ በእሳት አቃጠሉ።
e9db60af-9148-5314-ae55-c51b875a1692,17c40c9f-3cda-5971-ad63-d06bafbd7165,20f03085-4e0f-5c4f-affb-1dab94727191,12,12,የሚቃጠለውንም መሥዋዕት አረደ፤ የአሮንም ልጆች ደሙን አመጡለት፤ እርሱም በመሠዊያው ላይ በዙሪያው ረጨው።
97a62c75-4902-5286-a884-f7962a82a7c1,17c40c9f-3cda-5971-ad63-d06bafbd7165,20f03085-4e0f-5c4f-affb-1dab94727191,13,13,የሚቃጠለውን መሥዋዕት በየብልቱ፥ ራሱንም አመጡለት፤ እርሱም በመሠዊያው ላይ ጨመረው።
d45e0324-8789-5732-ad54-83423aa19dd4,17c40c9f-3cda-5971-ad63-d06bafbd7165,20f03085-4e0f-5c4f-affb-1dab94727191,14,14,የሆድ ዕቃውንና እግሮቹንም በውኃ አጠበ፤ በመሠዊያውም በሚቃጠለው መሥዋዕት ላይ ጨመረው።
a3994137-d069-5ac5-a596-c81dcdcb903e,17c40c9f-3cda-5971-ad63-d06bafbd7165,20f03085-4e0f-5c4f-affb-1dab94727191,15,15,ከዚህም በኋላ የሕዝቡን ቍርባን አቀረበ፤ ስለ ሕዝቡ ለኀጢአት መሥዋዕት የሆነውን ፍየል ወስዶ አረደው፤ አነጻውም፤ እንደ ፊተኛውም ለየው።
4c3d9016-d492-58b6-a86a-325a6a799df6,17c40c9f-3cda-5971-ad63-d06bafbd7165,20f03085-4e0f-5c4f-affb-1dab94727191,16,16,የሚቃጠለውንም መሥዋዕት አቀረበ፤ እንደ ሥርዐቱም አደረገው።
18839b3f-b376-5f91-ab1b-e4d41fc14f00,17c40c9f-3cda-5971-ad63-d06bafbd7165,20f03085-4e0f-5c4f-affb-1dab94727191,17,17,የስንዴውንም መሥዋዕት አቀረበ፤ ከእርሱም እፍኝ ሙሉ ወስዶ በጥዋት ከሚቃጠለው መሥዋዕት ሌላ በመሠዊያው ላይ ጨመረው።
214ee6bd-62fd-554c-abce-c9fd048aa603,17c40c9f-3cda-5971-ad63-d06bafbd7165,20f03085-4e0f-5c4f-affb-1dab94727191,18,18,ስለ ሕዝቡ የሆነውን የደኅንነት መሥዋዕት፥ በሬውንና አውራውን በግ አረደ፤ የአሮንም ልጆች ደሙን አመጡለት፤ በመሠዊያውም ዙሪያ ረጨው፤
7bf5fc88-5f80-59d2-a81d-7587dc2ee962,17c40c9f-3cda-5971-ad63-d06bafbd7165,20f03085-4e0f-5c4f-affb-1dab94727191,19,19,የበሬውንና የአውራውንም በግ ስብ፥ ላቱንም፥ የሆድ ዕቃውንም የሚሸፍነውን ስብ፥ ሁለቱን ኵላሊቶቹንም፥ በላያቸውም ያለውን ስብ፥ የጉበቱንም መረብ አመጡለት።
b7993d4a-beb3-57d9-a1fc-742ce97ec4bf,17c40c9f-3cda-5971-ad63-d06bafbd7165,20f03085-4e0f-5c4f-affb-1dab94727191,20,20,ስቡንም በፍርምባዎቹ ላይ አኖረ፤ ስቡንም በመሠዊያው ላይ ጨመረ፤
00c1b551-4f01-5381-ac71-0824cf8e3772,17c40c9f-3cda-5971-ad63-d06bafbd7165,20f03085-4e0f-5c4f-affb-1dab94727191,21,21,እግዚአብሔርም ሙሴን እንዳዘዘው አሮን ፍርምባዎቹንና ቀኝ ወርቹን በእግዚአብሔር ፊት ለየ።
1b87dc1c-44f2-580d-a868-6c7f7db02c85,17c40c9f-3cda-5971-ad63-d06bafbd7165,20f03085-4e0f-5c4f-affb-1dab94727191,22,22,አሮንም እጆቹን ወደ ሕዝቡ ዘረጋ፤ ባረካቸውም፤ የኀጢአቱን፥ የሚቃጠለውንም፥ የደኅንነቱንም መሥዋዕት ከሠዋ በኋላ ወረደ።
05bf3f5d-9c98-5f36-ae92-5d6bb9334449,17c40c9f-3cda-5971-ad63-d06bafbd7165,20f03085-4e0f-5c4f-affb-1dab94727191,23,23,ሙሴና አሮንም ወደ ምስክሩ ድንኳን ገቡ፤ ወጡም፤ ሕዝቡንም ባረኩ፤ የእግዚአብሔርም ክብር ለሕዝቡ ሁሉ ተገለጠ።
2e727665-c6ee-50b8-ab10-e42e5d03bed6,17c40c9f-3cda-5971-ad63-d06bafbd7165,20f03085-4e0f-5c4f-affb-1dab94727191,24,24,እሳትም ከእግዚአብሔር ዘንድ ወጣ፤ በመሠዊያውም ላይ የሚቃጠለውን መሥዋዕት፥ ስቡንም በላ፤ ሕዝቡም ሁሉ አይተው ተደነቁ፤ በግምባራቸውም ወደቁ።
0f3214b8-3768-5a47-acbf-ccfd75223ab9,3f43ac8c-c2be-50b3-abca-6908d89546b0,eb32263a-ce43-5095-ae8c-3f4caa0a4e52,1,1,የአሮንም ልጆች ናዳብና አብዩድ በየራሳቸው ጥናውን ወስደው እሳት አደረጉበት፤ በላዩም ዕጣን ጨመሩበት፤ በእግዚአብሔርም ፊት እግዚአብሔር ያላዘዛቸውን ሌላ እሳት አቀረቡ።
55cd715e-4acf-5911-adfe-8fa90a754b7f,3f43ac8c-c2be-50b3-abca-6908d89546b0,eb32263a-ce43-5095-ae8c-3f4caa0a4e52,2,2,እሳትም ከእግዚአብሔር ዘንድ ወጥቶ በላቸው፤ በእግዚአብሔርም ፊት ሞቱ።
9bf47124-bdd5-508c-a74b-887cc183842b,3f43ac8c-c2be-50b3-abca-6908d89546b0,eb32263a-ce43-5095-ae8c-3f4caa0a4e52,3,3,ሙሴም አሮንን፥ “እግዚአብሔር፦ ወደ እኔ በሚቀርቡ እመሰገናለሁ፤ በሕዝቡም ሁሉ ፊት እከብራለሁ ብሎ የተናገረው ይህ ነው” አለው፤ አሮንም ደነገጠ።
2484275f-3089-5492-a869-df0bf207e13f,3f43ac8c-c2be-50b3-abca-6908d89546b0,eb32263a-ce43-5095-ae8c-3f4caa0a4e52,4,4,ሙሴም የአሮንን አጎት የአዚሔልን ልጆች ሚሳዴንና ኤልሳፍንን ጠርቶ፥ “ሂዱ፤ ወንድሞቻቸሁን ከመቅደሱ ፊት አንሥታችሁ ከሰፈር ወደ ውጭ ውሰዱአቸው” አላቸው።
fe2fc8a2-7f09-5e1a-a74c-82b05c25f46d,3f43ac8c-c2be-50b3-abca-6908d89546b0,eb32263a-ce43-5095-ae8c-3f4caa0a4e52,5,5,እነርሱም ገብተው አነሡአቸው፤ ሙሴም እንዳለ በልብሳቸው ከሰፈር ወደ ውጭ ወሰዱአቸው።
f71d8973-80d1-5c54-a766-5f00a49bd475,3f43ac8c-c2be-50b3-abca-6908d89546b0,eb32263a-ce43-5095-ae8c-3f4caa0a4e52,6,6,ሙሴም አሮንን፥ ልጆቹንም አልዓዛርንና ኢታምርን፥ “እንዳትሞቱ፥ በማኅበሩም ላይ ሁሉ ቍጣ እንዳይወርድ ራሳችሁን አትንጩ፤ ልብሳችሁንም አትቅደዱ፤ እግዚአብሔር ስላቃጠላቸው ማቃጠል ግን ወንድሞቻችሁ የእስራኤል ቤት ሁሉ ያልቅሱ።
9a1650b1-b894-5812-ad7b-f2555823244e,3f43ac8c-c2be-50b3-abca-6908d89546b0,eb32263a-ce43-5095-ae8c-3f4caa0a4e52,7,7,የእግዚአብሔር የቅብዐት ዘይት በላያችሁ ነውና እንዳትሞቱ ከምስክሩ ድንኳን ደጃፍ አትውጡ” አላቸው። ሙሴም እንዳዘዛቸው አደረጉ።
9913eb88-6c1d-5fb7-aa10-849d28b93eaf,3f43ac8c-c2be-50b3-abca-6908d89546b0,b99c2ff3-7c7c-514d-a003-0e45ecde0925,1,8,እግዚአብሔርም አሮንን እንዲህ ብሎ ተናገረው፦
0aa8e0c0-84b4-5d74-a99f-bd9a8cb7666e,3f43ac8c-c2be-50b3-abca-6908d89546b0,b99c2ff3-7c7c-514d-a003-0e45ecde0925,2,9,“እንዳትሞቱ ወደ ምስክሩ ድንኳን ስትገቡ ወይም ወደ መሠዊያው ስትቀርቡ አንተና ልጆችህ የወይን ጠጅና የሚያሰክርን ነገር ሁሉ አትጠጡ፤ ይህም ለልጅ ልጃችሁ የዘለዓለም ሥርዐት ይሆናል፤
0177959e-7747-5ac5-ad88-2497434bd68a,3f43ac8c-c2be-50b3-abca-6908d89546b0,b99c2ff3-7c7c-514d-a003-0e45ecde0925,3,10,በተቀደሰውና በአልተቀደሰው፥ በርኩሱና በንጹሑም መካከል ትለያላችሁ፤
b36d0f17-cf38-5a31-a40f-1e0d61cdc286,3f43ac8c-c2be-50b3-abca-6908d89546b0,b99c2ff3-7c7c-514d-a003-0e45ecde0925,4,11,እግዚአብሔርም በሙሴ እጅ የነገራቸውን ሥርዐት ሁሉ ለእስራኤል ልጆች ታስተምራቸዋለህ።”
e21f2b33-f632-5ecf-ae72-d57131b97ea2,3f43ac8c-c2be-50b3-abca-6908d89546b0,b99c2ff3-7c7c-514d-a003-0e45ecde0925,5,12,ሙሴም አሮንን፥ የተረፉለትን ልጆቹን አልዓዛርንና ኢታምርን አላቸው፥ “ቅዱሰ ቅዱሳን ነውና ለእግዚአብሔር ከሆነው ከእሳት ቍርባን የቀረውን የስንዴውን ቍርባን ውሰዱ፤ ቂጣም አድርጋችሁ በመሠዊያው አጠገብ ብሉት፤
3641a1cd-fcf0-5692-a267-5af0cc4778be,3f43ac8c-c2be-50b3-abca-6908d89546b0,b99c2ff3-7c7c-514d-a003-0e45ecde0925,6,13,እግዚአብሔርም እንዲህ አዝዞኛልና፥ ለእግዚአብሔር ከሆነው ከእሳት ቍርባን ለአንተም፥ ለልጆችህም የተሰጠ ሥርዐት ነውና በቅዱስ ስፍራ ትበሉታላችሁ።
00885932-7fab-5d65-a9fd-161131fe7ef3,3f43ac8c-c2be-50b3-abca-6908d89546b0,b99c2ff3-7c7c-514d-a003-0e45ecde0925,7,14,እነዚህም ከእስራኤል ልጆች ከደኅንነት መሥዋዕቶች ለአንተና ለልጆችህ ሥርዐት እንዲሆኑ ስለ ተሰጡ፥ የመሥዋዕቱን ፍርምባና ወርች አንተ፥ ከአንተ ጋርም ልጆችህ፥ ቤተሰብህም ተለይቶ በንጹሕ ስፍራ ትበላላችሁ።
ae9a0543-65c5-5323-ac07-a07e482a38fb,3f43ac8c-c2be-50b3-abca-6908d89546b0,b99c2ff3-7c7c-514d-a003-0e45ecde0925,8,15,የመሥዋዕቱን ወርችና ፍርምባ በእግዚአብሔር ፊት ከሚቀርበው መሥዋዕት የእሳት ቍርባን ከሆነው ስብ ጋር ያመጣሉ፤ እግዚአብሔር እንዳዘዘ ለአንተ፥ ከአንተ ጋርም ለወንዶችና ሴቶች ልጆችህ የዘለዓለም ሥርዐት ይሆናል።”
a97a6fb5-2fc2-5850-a655-165fabc0165d,3f43ac8c-c2be-50b3-abca-6908d89546b0,b99c2ff3-7c7c-514d-a003-0e45ecde0925,9,16,ሙሴም የኀጢአቱን መሥዋዕት ፍየል እጅግ ፈለገው፤ በፈለገውም ጊዜ እነሆ ተቃጥሎ ነበር፤ ሙሴም የቀሩትን የአሮንን ልጆች አልዓዛርንና ኢታምርን ተቈጣቸው፤ እንዲህም አላቸው፦
78722def-6338-5319-a7e4-fc0e561b2a55,3f43ac8c-c2be-50b3-abca-6908d89546b0,b99c2ff3-7c7c-514d-a003-0e45ecde0925,10,17,“ቅዱሰ ቅዱሳን ነውና፥ የሕዝቡንም ኀጢአት እንድትሸከሙ፥ በእግዚአብሔርም ፊት እንድታስተሰርዩላቸው ይህን ትበሉ ዘንድ ለእናንተ ሰጥቶታልና ስለ ምን የኀጢአትን መሥዋዕት በቅዱሱ ስፍራ አልበላችሁም?
6552bee7-ed4a-550a-a8a0-04117b0c14dd,3f43ac8c-c2be-50b3-abca-6908d89546b0,b99c2ff3-7c7c-514d-a003-0e45ecde0925,11,18,እነሆ፥ ደሙን ወደ መቅደስ ውስጥ አላገባችሁትም፤ እኔ እንደታዘዝሁ በቅዱስ ስፍራ ውስጥ ትበሉት ዘንድ ይገባችሁ ነበር።”
5a520b60-d8fa-562d-a9ea-ee89c617f923,3f43ac8c-c2be-50b3-abca-6908d89546b0,b99c2ff3-7c7c-514d-a003-0e45ecde0925,12,19,አሮንም ሙሴን ተናገረው እንዲህም አለው፥ “እነሆ፥ ዛሬ የኀጢአታቸውን መሥዋዕት፥ የሚቃጠለውንም መሥዋዕታቸውን በእግዚአብሔር ፊት በለዩ ጊዜ፥ ይህች አገኘችኝ፤ ዛሬም የኀጢአቱን መሥዋዕት እበላ ዘንድ በእግዚአብሔር ፊት መልካም አይደለም።”
0d15d3e4-d1d5-51af-a63d-d5be63d8ebd6,3f43ac8c-c2be-50b3-abca-6908d89546b0,b99c2ff3-7c7c-514d-a003-0e45ecde0925,13,20,ሙሴም ሰማ፤ ደስም አለው።
4867ee37-a982-51e1-a25e-dc3b074ce559,bc7a94a0-d5c4-5eb4-a4c4-d08f5ba9673b,3b62ea89-e956-5864-aa22-d2b845d3a069,1,1,እግዚአብሔርም ሙሴንና አሮንን እንዲህ ብሎ ተናገራቸው፦
3184eb09-4c9b-528a-a8cb-d4f2088fee51,bc7a94a0-d5c4-5eb4-a4c4-d08f5ba9673b,3b62ea89-e956-5864-aa22-d2b845d3a069,2,2,“ለእስራኤል ልጆች እንዲህ ብላችሁ ንገሩአቸው፦ በምድር ካሉት እንስሳት ሁሉ የምትበሉአቸው እንስሳት እነዚህ ናቸው።
2be680f5-d221-59a6-a929-4e7dcf4a37f9,bc7a94a0-d5c4-5eb4-a4c4-d08f5ba9673b,3b62ea89-e956-5864-aa22-d2b845d3a069,3,3,የተሰነጠቀ ሰኰና ያለውንና የሚያመሰኳውን እንስሳ ሁሉ ብሉ።
332181f6-4b6a-54dc-a91a-6bde4792edfc,bc7a94a0-d5c4-5eb4-a4c4-d08f5ba9673b,3b62ea89-e956-5864-aa22-d2b845d3a069,4,4,ነገር ግን ከሚያመሰኩት ፥ ሰኰናቸውም ስንጥቅ ከሆነው ከእነዚህ አትበሉም፤ ግመል ያመሰኳል፤ ነገር ግን ሰኰናው ስላልተሰነጠቀ ለእናንተ ርኩስ ነው።
365af678-9264-5bcb-a276-b0088842f3a8,bc7a94a0-d5c4-5eb4-a4c4-d08f5ba9673b,3b62ea89-e956-5864-aa22-d2b845d3a069,5,5,ጥንቸል ያመሰኳል፤ ነገር ግን ሰኰናው ስላልተሰነጠቀ ይህ ለእናንተ ርኩስ ነው።
1aeed5e6-34fd-5262-af66-240401aecb91,bc7a94a0-d5c4-5eb4-a4c4-d08f5ba9673b,3b62ea89-e956-5864-aa22-d2b845d3a069,6,6,ሽኮኮ ያመሰኳል፤ ነገር ግን ሰኰናው ስላልተሰነጠቀ ለእናንተ ርኩስ ነው።
07251b2f-3e84-5745-a556-12cd01bc72bd,bc7a94a0-d5c4-5eb4-a4c4-d08f5ba9673b,3b62ea89-e956-5864-aa22-d2b845d3a069,7,7,እርያም ሰኰናው ተሰንጥቆአል፤ ነገር ግን ስለማያመሰኳ ለእናንተ ርኩስ ነው።
31a2e5ab-125b-573e-aad8-4fd0cebfa2db,bc7a94a0-d5c4-5eb4-a4c4-d08f5ba9673b,3b62ea89-e956-5864-aa22-d2b845d3a069,8,8,የእነዚህን ሥጋ አትበሉም፤ በድናቸውንም አትነኩም፤ ለእናንተ ርኩሳን ናቸው።
89722b2a-9602-5c84-abd1-2bc32f6bdeed,bc7a94a0-d5c4-5eb4-a4c4-d08f5ba9673b,3b62ea89-e956-5864-aa22-d2b845d3a069,9,9,“በውኃ ውስጥ ከሚኖሩት ሁሉ እነዚህን ትበላላችሁ፤ በውኆች፥ በባሕሮችም፥ በወንዞችም ውስጥ ከሚኖሩት ሁሉ ክንፍና ቅርፊት ያላቸውን ትበላላችሁ።
720b73e5-d296-5814-a13a-ea2e2d41aecb,bc7a94a0-d5c4-5eb4-a4c4-d08f5ba9673b,3b62ea89-e956-5864-aa22-d2b845d3a069,10,10,በውኆች ውስጥ ከሚንቀሳቀሱ፥ በውኆች ውስጥ የሕይወት ነፍስ ከአላቸው ሁሉ፥ በባሕሮችና በወንዞች ውስጥ ክንፍና ቅርፊት የሌላቸው ሁሉ በእናንተ ዘንድ የተጸየፉ ናቸው።
b48362a5-0764-5c06-aeec-3fa93d5b0193,bc7a94a0-d5c4-5eb4-a4c4-d08f5ba9673b,3b62ea89-e956-5864-aa22-d2b845d3a069,11,11,በእናንተም ዘንድ የተጸየፉ ይሆናሉ። ሥጋቸውንም አትበሉም፤ በድናቸውንም ትጸየፋላችሁ።
8bd0e87b-5599-5696-aa4a-480dea342b07,bc7a94a0-d5c4-5eb4-a4c4-d08f5ba9673b,3b62ea89-e956-5864-aa22-d2b845d3a069,12,12,ክንፍና ቅርፊትም የሌላቸው በውኃ ውስጥ የሚኖሩት ሁሉ ለእናንተ ርኩሳን ናቸው።
2846275b-a963-5b73-ac1c-8efbb399310d,bc7a94a0-d5c4-5eb4-a4c4-d08f5ba9673b,3b62ea89-e956-5864-aa22-d2b845d3a069,13,13,“ከወፎችም ወገን የምትጸየፉአቸው እነዚህ ናቸው፤ አይበሉም፤ የተጸየፉ ናቸው፤ ንስር፥ ገዴ አሞራ፥ ዓሣ አውጭ፥
b9be58cb-b7e8-5339-ae5f-0f4314116e41,bc7a94a0-d5c4-5eb4-a4c4-d08f5ba9673b,3b62ea89-e956-5864-aa22-d2b845d3a069,14,14,ጭላት፥ ጭልፊት፥ አንጭ አሞራ በየወገኑ፤
f099964a-9e0d-5620-aeb8-75f6aaced1c4,bc7a94a0-d5c4-5eb4-a4c4-d08f5ba9673b,3b62ea89-e956-5864-aa22-d2b845d3a069,15,15,ቁራ ሁሉ በየወገኑ፤
c730921f-b3c2-5982-a7df-da7267ade132,bc7a94a0-d5c4-5eb4-a4c4-d08f5ba9673b,3b62ea89-e956-5864-aa22-d2b845d3a069,16,16,ሰጎን በየወገኑ፤ ጠለቋ፥ ዝዪ፥ በቋል በየወገኑ፤
1e017bf3-2398-5fbd-a8ca-6f83b96be32e,bc7a94a0-d5c4-5eb4-a4c4-d08f5ba9673b,3b62ea89-e956-5864-aa22-d2b845d3a069,17,17,ጉጉት፥ እርኩም፥ ጋጋኖ፥
7980ed57-4130-5fed-a86c-567352450ebb,bc7a94a0-d5c4-5eb4-a4c4-d08f5ba9673b,3b62ea89-e956-5864-aa22-d2b845d3a069,18,18,የውኃ ዶሮ፥ ይብራ፥ ጥምብ አንሣ አሞራ፥
1d89f186-a898-532b-acdc-065dd86b7d95,bc7a94a0-d5c4-5eb4-a4c4-d08f5ba9673b,3b62ea89-e956-5864-aa22-d2b845d3a069,19,19,ሸመላ፥ ሳቢሳ በየወገኑ፤ ጅንጅላቴ ወፍ፥ የሌሊት ወፍ።
8514030c-dda7-526b-afe1-b6a6e1ccf537,bc7a94a0-d5c4-5eb4-a4c4-d08f5ba9673b,3b62ea89-e956-5864-aa22-d2b845d3a069,20,20,“የሚበርርም፥ በአራት እግሮችም የሚሄድ ተንቀሳቃሽ ሁሉ ለእናንተ ርኩስ ነው።
9e019149-44c9-52a2-a6c5-23bdd5632662,bc7a94a0-d5c4-5eb4-a4c4-d08f5ba9673b,3b62ea89-e956-5864-aa22-d2b845d3a069,21,21,ነገር ግን ከሚበርሩት፥ አራትም እግሮች ካሉአቸው፥ ከእግሮቻቸውም በላይ በምድር ላይ የሚዘልሉባቸው ጭኖች ካሉአቸው ተንቀሳቃሾች እነዚህን ትበላላችሁ፤
0d88241d-b783-5b62-a59d-9ac27f3d1583,bc7a94a0-d5c4-5eb4-a4c4-d08f5ba9673b,3b62ea89-e956-5864-aa22-d2b845d3a069,22,22,ከእነርሱም እነዚህን አትበሉም፤ ኩብኩባ የሚመስለውም፥ ፌንጣ የሚመስለውም፥ አሸን የሚመስለውም፥ አንበጣ የሚመስለውም።
7918f3d5-02a7-5e25-a2ea-294f71c9ec41,bc7a94a0-d5c4-5eb4-a4c4-d08f5ba9673b,3b62ea89-e956-5864-aa22-d2b845d3a069,23,23,የሚበርር፥ አራትም እግሮች ያሉት ተንቀሳቃሽ ሁሉ ለእናንተ ርኩስ ነው።
36855e80-1780-5498-a606-6693892dba7d,bc7a94a0-d5c4-5eb4-a4c4-d08f5ba9673b,3b62ea89-e956-5864-aa22-d2b845d3a069,24,24,“በእነዚህም ርኩስ ትሆናላችሁ፤ የእነርሱንም በድን የሚነካ ሁሉ እስከ ማታ ርኩስ ነው።
ca21edd9-582e-52be-a542-cab42280ab16,bc7a94a0-d5c4-5eb4-a4c4-d08f5ba9673b,3b62ea89-e956-5864-aa22-d2b845d3a069,25,25,ከእነርሱም በድን የሚያነሣ ሁሉ ልብሱን ይጠብ፤ እስከ ማታም ርኩስ ነው።
985c7488-4343-5f85-ad77-565971de3ddf,bc7a94a0-d5c4-5eb4-a4c4-d08f5ba9673b,3b62ea89-e956-5864-aa22-d2b845d3a069,26,26,ሰኰናም ያለው፥ ነገር ግን ሰኰናው ያልተሰነጠቀ፥ የማያመሰኳም እንስሳ ሁሉ ለእናንተ ርኩስ ነው፤ እርሱን የሚነካ ሁሉ ርኩስ ነው።
aa6ab32c-f4bd-51c1-a69b-63a26e281eb0,bc7a94a0-d5c4-5eb4-a4c4-d08f5ba9673b,3b62ea89-e956-5864-aa22-d2b845d3a069,27,27,በአራት እግሮቹ ከሚሄድ እንስሳ ሁሉ በመዳፎቹ ላይ የሚሄድ ለእናንተ ርኩስ ነው፤ የእርሱን በድን የሚነካ ሁሉ እስከ ማታ ርኩስ ነው።
27f31450-5c3b-555a-aee7-683546305a37,bc7a94a0-d5c4-5eb4-a4c4-d08f5ba9673b,3b62ea89-e956-5864-aa22-d2b845d3a069,28,28,በድናቸውንም የሚያነሣ ልብሱን ይጠብ፤ እስከ ማታም ርኩስ ነው። እነርሱም በእናንተ ዘንድ ርኩሳን ናቸው።
02098724-9f2e-5b7e-afed-f9321ccacf88,bc7a94a0-d5c4-5eb4-a4c4-d08f5ba9673b,3b62ea89-e956-5864-aa22-d2b845d3a069,29,29,“በምድር ላይም ከሚንቀሳቀስ ተንቀሳቃሽ እነዚህ ለእናንተ ርኩሳን ናቸው፤ ሙጭልጭላ፥ አይጥ፥ እንሽላሊት በየወገኑ፥
8fe7abad-7d25-578d-ad9a-f2a3d7856cda,bc7a94a0-d5c4-5eb4-a4c4-d08f5ba9673b,3b62ea89-e956-5864-aa22-d2b845d3a069,30,30,ኤሊ፥ አዞ፥ ገበሎ፥ አርጃኖ፥ እስስት።
4e57ec80-d318-50dd-aae8-a39712841a96,bc7a94a0-d5c4-5eb4-a4c4-d08f5ba9673b,3b62ea89-e956-5864-aa22-d2b845d3a069,31,31,ከሚንቀሳቀሱት ሁሉ በእናንተ ዘንድ ርኩሳን የሚሆኑ እነዚህ ናቸው። ከእነርሱም በድናቸውን የሚነካ ሁሉ እስከ ማታ ርኩስ ነው።
1a20593c-9d96-50bb-a0eb-46281c92fb5e,bc7a94a0-d5c4-5eb4-a4c4-d08f5ba9673b,3b62ea89-e956-5864-aa22-d2b845d3a069,32,32,ከእነርሱም በድናቸው በምንም ላይ ቢወድቅ እርሱ ርኩስ ነው፤ የዕንጨት ዕቃ ወይም ልብስ ወይም ቍርበት ወይም ከረጢት ቢሆን የሚሠራበት ዕቃ ሁሉ እርሱን በውኃ ውስጥ ይንከሩት፤ እስከ ማታም ርኩስ ነው፤ ከዚያም በኋላ ንጹሕ ይሆናል።
46e07693-1ace-5377-abbf-caa41d26be84,bc7a94a0-d5c4-5eb4-a4c4-d08f5ba9673b,3b62ea89-e956-5864-aa22-d2b845d3a069,33,33,ከእነርሱም አንዳች በውስጡ የወደቀበትን የሸክላውን ዕቃ ሁሉ ስበሩት፤ በውስጡም ያለው ሁሉ ርኩስ ነው።
f4899fb5-7b0b-5d9d-a8a9-118a798fcffa,bc7a94a0-d5c4-5eb4-a4c4-d08f5ba9673b,3b62ea89-e956-5864-aa22-d2b845d3a069,34,34,በእርሱ ውስጥ ያለው፤ ውኃም የሚፈስስበት፥ የሚበላ መብል ሁሉ ርኩስ ነው፤ በዚህም ዕቃ ሁሉ ያለው የሚጠጣ መጠጥ ሁሉ ርኩስ ነው።
f887560f-7fc6-5162-a6a0-abd79a9b8c58,bc7a94a0-d5c4-5eb4-a4c4-d08f5ba9673b,3b62ea89-e956-5864-aa22-d2b845d3a069,35,35,ከእነዚህም በድን የሚወድቅበት ሁሉ ርኩስ ነው፤ እቶን ወይም ምድጃ ቢሆን ይሰባበራል፤ ርኩሳን ናቸውና፤ ለእናንተ ርኩሳን ይሆናሉ።
c581fa5e-96d4-5ff0-a374-766462dedbf0,bc7a94a0-d5c4-5eb4-a4c4-d08f5ba9673b,3b62ea89-e956-5864-aa22-d2b845d3a069,36,36,ነገር ግን ምንጩ፥ ጉድጓዱም፥ የውኃውም ኵሬ ንጹሓን ናቸው፤ በድናቸውን ግን የሚነካ ርኩስ ነው።
7ce24180-f4e7-56b8-af3a-4f023edd7fb2,bc7a94a0-d5c4-5eb4-a4c4-d08f5ba9673b,3b62ea89-e956-5864-aa22-d2b845d3a069,37,37,ከበድናቸውም በሚዘራ ዘር ላይ አንዳች ቢውድቅ እርሱ ንጹሕ ነው።
8e3493fd-d0ef-51fc-a42d-2ca93d932dd3,bc7a94a0-d5c4-5eb4-a4c4-d08f5ba9673b,3b62ea89-e956-5864-aa22-d2b845d3a069,38,38,ነገር ግን በዘሩ ላይ ውኃ ቢፈስስበት፥ ከዚህ በኋላ ከበድናቸው አንዳች ቢወድቅበት፥ ለእናንተ ርኩስ ነው።
dfdc68eb-796e-5210-a0ca-e00d3341efc7,bc7a94a0-d5c4-5eb4-a4c4-d08f5ba9673b,3b62ea89-e956-5864-aa22-d2b845d3a069,39,39,“ለመብል ከሚሆኑላችሁ እንስሳት የሞተ ቢኖር፥ በድኑን የሚነካ ሁሉ እስከ ማታ ርኩስ ነው።
5e0380d5-ef4c-5e16-ace7-7291d33474fa,bc7a94a0-d5c4-5eb4-a4c4-d08f5ba9673b,3b62ea89-e956-5864-aa22-d2b845d3a069,40,40,ከበድኑም የሚበላ ልብሱን ያጥባል፤ እስከ ማታም ርኩስ ይሆናል፤ በድኑንም የሚያነሣ፤ ልብሱን ይጠብ፥ እስከ ማታም ርኩስ ነው።
a8558462-8e47-5e53-afa1-49f26e3a33a5,bc7a94a0-d5c4-5eb4-a4c4-d08f5ba9673b,3b62ea89-e956-5864-aa22-d2b845d3a069,41,41,“በምድርም ላይ የሚንቀሳቀስ ተንቀሳቃሽ አውሬ ሁሉ ለእናንተ ርኩስ ነው፤ አትብሉትም።
a011ef6b-3e6e-548a-a71d-7b6155678f49,bc7a94a0-d5c4-5eb4-a4c4-d08f5ba9673b,3b62ea89-e956-5864-aa22-d2b845d3a069,42,42,በሆዱ የሚሳብ፥ በአራትም እግሮች የሚሳብ፥ ብዙ እግሮችም ያሉት፥ በምድርም ላይ የሚንቀሳቀሱ ተንቀሳቃሾች ሁሉ ርኩሳን ናቸውና አትብሉአቸው።
0aae45e2-8ba4-517c-ac0a-fc2beac17225,bc7a94a0-d5c4-5eb4-a4c4-d08f5ba9673b,3b62ea89-e956-5864-aa22-d2b845d3a069,43,43,በምድር ላይ በሚንቀሳቀሱ ተንቀሳቃሾች ሁሉ ሰውነታችሁን አታርክሱ፤ በእነርሱም እንዳትረክሱ ሰውነታችሁን አታርክሱባቸው።
f6585869-34a7-52bb-a0e9-5005248d237f,bc7a94a0-d5c4-5eb4-a4c4-d08f5ba9673b,3b62ea89-e956-5864-aa22-d2b845d3a069,44,44,እኔ እግዚአብሔር አምላካችሁ ነኝና፤ ሰውነታችሁን ቀድሱ፤ ቅዱሳንም ሁኑ፤ እኔ አምላካችሁ እግዚአብሔር ቅዱስ ነኝና፤
19a0d73c-a8d7-532a-a8cd-42521169d2ce,bc7a94a0-d5c4-5eb4-a4c4-d08f5ba9673b,3b62ea89-e956-5864-aa22-d2b845d3a069,45,45,በምድርም ላይ በሚሳብ ተንቀሳቃሽ ሁሉ ሰውነታችሁን አታሳድፉ። እኔ አምላካችሁ እሆን ዘንድ ከግብፅ ምድር ያወጣኋችሁ እግዚአብሔር ነኝ፤ እንግዲህ እኔ ቅዱስ ነኝና እናንተም ቅዱሳን ሁኑ።
b259b27b-7b53-5608-a156-e875eb2a812a,bc7a94a0-d5c4-5eb4-a4c4-d08f5ba9673b,3b62ea89-e956-5864-aa22-d2b845d3a069,46,46,“የእንስሳና የወፍ፥ በውኃውም ውስጥ የሚንቀሳቀስ የፍጥረት ሁሉ፥ በምድርም ላይ የሚንቀሳቀስ የፍጥረት ሁሉ ሕግ ይህ ነው።
55f1f7f0-ff3b-53e7-aa64-f6348c3c0d1a,bc7a94a0-d5c4-5eb4-a4c4-d08f5ba9673b,3b62ea89-e956-5864-aa22-d2b845d3a069,47,47,በርኩስና በንጹሕ መካከል፥ የሕይወት ነፍስ ካላቸውም በምትበሉትና በማትበሉት መካከል እንድትለዩ ነው።”
c467c7b8-18ad-538b-a21e-a03cc3f44cf1,65bd21c3-7c7e-534a-a03a-71ace77920e4,de319bc7-f42b-5bda-ac36-fe8cc21b8b07,1,1,እግዚአብሔርም ሙሴን እንዲህ ብሎ ተናገረው፦
7e7d6f9a-4a64-58a4-af27-ef719f96addb,65bd21c3-7c7e-534a-a03a-71ace77920e4,de319bc7-f42b-5bda-ac36-fe8cc21b8b07,2,2,“ለእስራኤል ልጆች እንዲህ ብለህ ተናገራቸው፦ ሴት ብታረግዝ ወንድ ልጅም ብትወልድ፥ ሰባት ቀን ያህል የረከሰች ናት፤
6e434e3a-2465-5664-a1cd-379b3f22fb76,65bd21c3-7c7e-534a-a03a-71ace77920e4,de319bc7-f42b-5bda-ac36-fe8cc21b8b07,3,3,እንደ ግዳጅዋ ወራት ትረክሳለች። በስምንተኛውም ቀን ልጁ ከሥጋው ሸለፈት ይገረዝ።
cff432ff-d8e8-5777-a56c-44aba75e78e4,65bd21c3-7c7e-534a-a03a-71ace77920e4,de319bc7-f42b-5bda-ac36-fe8cc21b8b07,4,4,ከደምዋም እስክትነጻ ሠላሳ ሦስት ቀን ትቈይ፤ የመንጻቷ ቀንም እስኪፈጸም ድረስ የተቀደሰን ነገር አትንካ፤ ወደ መቅደስም አትግባ።
30d09b4a-4478-51df-a7f1-4a49c4db6b80,65bd21c3-7c7e-534a-a03a-71ace77920e4,de319bc7-f42b-5bda-ac36-fe8cc21b8b07,5,5,ሴት ልጅም ብትወልድ እንደ ግዳጅዋ ወራት ሁለት ሳምንት ያህል የረከሰች ናት፤ ከደምዋም እስክትነጻ ድረስ ስድሳ ስድስት ቀን ትቈይ።
3d1ca633-1424-50d9-ace2-6f9b6a2c6b7c,65bd21c3-7c7e-534a-a03a-71ace77920e4,de319bc7-f42b-5bda-ac36-fe8cc21b8b07,6,6,“የመንጻቷ ወራትም በተፈጸመ ጊዜ፥ ለወንድ ልጅ ወይም ለሴት ልጅ፥ የአንድ ዓመት ጠቦት ለሚቃጠል መሥዋዕት፥ የርግብም ግልገል ወይም ዋኖስ ለኀጢአት መሥዋዕት ወደ ምስክሩ ድንኳን ደጃፍ ወደ ካህኑ ታመጣለች።
4f221054-6755-514f-a993-8d4e9ee5501b,65bd21c3-7c7e-534a-a03a-71ace77920e4,de319bc7-f42b-5bda-ac36-fe8cc21b8b07,7,7,ካህኑም በእግዚአብሔር ፊት ያቀርበዋል፤ ያስተሰርይላትማል፤ ከደምዋም ፈሳሽ ትነጻለች። ወንድ ወይም ሴት ለምትወልድ ሴት ሕጉ ይህ ነው።
41722eea-5b4c-5e68-a3b0-a0f77d515990,65bd21c3-7c7e-534a-a03a-71ace77920e4,de319bc7-f42b-5bda-ac36-fe8cc21b8b07,8,8,ጠቦት ለማምጣት የሚበቃ ገንዘብ በእጅዋ ባይኖራት ሁለት ዋኖሶች፥ ወይም ሁለት የርግብ ግልገሎች፥ አንዱን ለሚቃጠል መሥዋዕት፥ ሌላውንም ለኀጢአት መሥዋዕት ታቀርባለች፤ ካህኑም ያስተሰርይላታል፤ እርስዋም ትነጻለች።”
d6479ba9-d5bd-5ea6-a955-c5dece8c83e2,fbf1a430-e4f6-582e-aa89-22ea4be77542,88849ca6-bda2-53a6-a233-7577a5f80219,1,1,እግዚአብሔር ሙሴንና አሮንን እንዲህ ብሎ ተናገራቸው፦
01a334d8-c3c5-5890-a7c2-199ea05c8370,fbf1a430-e4f6-582e-aa89-22ea4be77542,88849ca6-bda2-53a6-a233-7577a5f80219,2,2,“ሰው በሥጋው ቆዳ ላይ እባጭ ብትወጣበት፥ ብትነጣም፥ በሥጋውም ቆዳ እንደ ለምጽ ደዌ ብትመስል፥ ወደ ካህኑ ወደ አሮን ወይም ከካህናቱ ልጆች ወደ አንዱ ያምጡት።
d6abcc36-4f0d-5eb4-a5bb-8406c49a46ad,fbf1a430-e4f6-582e-aa89-22ea4be77542,88849ca6-bda2-53a6-a233-7577a5f80219,3,3,ካህኑም በሥጋው ቆዳ ያለችውን ያችን ደዌ ይያት፤ ጠጕሯም ተለውጣ ብትነጣ በሥጋው ቆዳ ያለች የዚያች ደዌ መልክ ቢከፋ፥ ደዌውም ወደ ሥጋው ቆዳ ቢጠልቅ፥ እርስዋ የለምጽ ደዌ ናት፤ ካህኑም አይቶ፦ ‘ርኩስ ነው’ ይበለው።
d2bbd0d5-81ce-597e-aad6-5e670504a378,fbf1a430-e4f6-582e-aa89-22ea4be77542,88849ca6-bda2-53a6-a233-7577a5f80219,4,4,ቋቍቻውም በሥጋው ቆዳ ላይ ቢነጣ፥ ከቆዳውም የጠለቀ ባይመስል፥ ጠጕሩም ባይነጣ፥ ካህኑ የታመመውን ሰው ሰባት ቀን ይዘጋበታል።
9c1854f3-e437-5c81-a8ed-092a3b7a6d58,fbf1a430-e4f6-582e-aa89-22ea4be77542,88849ca6-bda2-53a6-a233-7577a5f80219,5,5,በሰባተኛውም ቀን ካህኑ ያችን ደዌ ይያት፤ እነሆም፥ ያች ደዌ በፊት እንደ ነበረች ብትሆን፥ በቆዳውም ላይ ባትሰፋ፥ ካህኑ ሰባት ቀን ደግሞ ይለየዋል።
d9a7a940-b434-511f-ac53-7eb4a75f3e43,fbf1a430-e4f6-582e-aa89-22ea4be77542,88849ca6-bda2-53a6-a233-7577a5f80219,6,6,ደግሞ በሰባተኛው ቀን ካህኑ ያየዋል፤ እነሆም፥ ያች ደዌ ብትከስም፥ በቆዳውም ላይ ባትሰፋ፥ ካህኑ፦ ‘ንጹሕ ነው’ ይለዋል፤ ምልክት ነውና፥ ልብሱንም አጥቦ ንጹሕ ይሆናል።
187c8aa5-9d33-5ed5-ac0a-b81cf8f96b38,fbf1a430-e4f6-582e-aa89-22ea4be77542,88849ca6-bda2-53a6-a233-7577a5f80219,7,7,ስለ መንጻቱ በካህኑ ዘንድ ከታየ በኋላ ምልክቱ በቆዳው ላይ ቢሰፋ፥ እንደገና ሊታይ ወደ ካህኑ ይቀርባል።
2a9e2446-dd3d-5d3c-aad6-365d449a0f6e,fbf1a430-e4f6-582e-aa89-22ea4be77542,88849ca6-bda2-53a6-a233-7577a5f80219,8,8,ካህኑም ያያል፤ እነሆም፥ ምልክቱ በቆዳው ላይ ቢሰፋ ካህኑ፦ ‘ርኩስ ነው’ ይለዋል፤ ለምጽ ነውና።
aaf5c857-b626-5e92-a158-1245b3c7a7fb,fbf1a430-e4f6-582e-aa89-22ea4be77542,88849ca6-bda2-53a6-a233-7577a5f80219,9,9,“የለምጽ ደዌ በሰው ላይ ቢወጣ እርሱ ወደ ካህኑ ይሄዳል።
15f8a167-a4d3-5148-a94a-07a51c52c904,fbf1a430-e4f6-582e-aa89-22ea4be77542,88849ca6-bda2-53a6-a233-7577a5f80219,10,10,ካህኑም ያየዋል፤ እነሆም፥ በቆዳው ላይ ነጭ እባጭ ቢሆን፥ ጠጕሩም ተለውጦ ቢነጣ፥ ሥጋውም በእባጩ ውስጥ ቢያዥ፥
c9253573-5173-5a2b-a5cd-3056be49ccc5,fbf1a430-e4f6-582e-aa89-22ea4be77542,88849ca6-bda2-53a6-a233-7577a5f80219,11,11,እርሱ በሥጋው ቆዳ ላይ አሮጌ ለምጽ ነው፤ ካህኑም፦ ‘ርኩስ ነው’ ይለዋል፤ እርሱ ርኩስ ነውና ይለየዋል።
37b9077d-2c86-5fae-ad65-114984dde581,fbf1a430-e4f6-582e-aa89-22ea4be77542,88849ca6-bda2-53a6-a233-7577a5f80219,12,12,ለምጹም በቆዳው ላይ ሰፍቶ ቢወጣ፥ ለምጹም የታመመውን ሰው ቆዳውን ሁሉ ከራሱ እስከ እግሮቹ ድረስ እንደ ከደነው ለካህኑ ቢመስለው፤
6fd32757-3942-5fcd-a39d-45f14a320830,fbf1a430-e4f6-582e-aa89-22ea4be77542,88849ca6-bda2-53a6-a233-7577a5f80219,13,13,ካህኑ ያየዋል፤ እነሆም፥ ለምጹ ቆዳውን ሁሉ ቢከድን የታመመውን ሰው፦ ካህኑ ‘ንጹሕ ነህ’ ይለዋል፤ ሁለመናው ተለውጦ ነጭ ሆኖአልና ንጹሕ ነው።
37524335-08d0-58ae-ae2f-bfd19624c429,fbf1a430-e4f6-582e-aa89-22ea4be77542,88849ca6-bda2-53a6-a233-7577a5f80219,14,14,ደዌው በታየበት ቀን ጤነኛው ቆዳ ርኩስ ይሆናል።
0f5c5f27-d060-584c-aef1-eefc4218c39f,fbf1a430-e4f6-582e-aa89-22ea4be77542,88849ca6-bda2-53a6-a233-7577a5f80219,15,15,ካህኑም ጤነኛውን ቆዳ አይቶ፦ ‘ርኩስ ነው’ ይለዋል፤ ስለዚህ ለምጽ ነውና ርኩስ ነው።
74ee0fda-2536-519a-ab7e-e670add3a822,fbf1a430-e4f6-582e-aa89-22ea4be77542,88849ca6-bda2-53a6-a233-7577a5f80219,16,16,ጤነኛው ቆዳ ተመልሶ ቢነጣ እንደገና ወደ ካህኑ ይመጣል።
8d9d0b91-3b9e-5851-a67a-b1a2c01b1e38,fbf1a430-e4f6-582e-aa89-22ea4be77542,88849ca6-bda2-53a6-a233-7577a5f80219,17,17,ካህኑም ያየዋል፤ እነሆም፥ ደዌው ቢነጣ ካህኑ የታመመውን፦ ‘ንጹሕ ነው’ ይለዋል፤ ንጹሕ ነውና።
fb7d5fed-1306-5870-ad59-08e00b2b7053,fbf1a430-e4f6-582e-aa89-22ea4be77542,88849ca6-bda2-53a6-a233-7577a5f80219,18,18,“በሥጋውም ቆዳ ላይ ቍስል ቢሆንና ቢሽር፥
c423441a-1900-58d0-a024-c185ce948fa1,fbf1a430-e4f6-582e-aa89-22ea4be77542,88849ca6-bda2-53a6-a233-7577a5f80219,19,19,በቍስሉም ስፍራ ነጭ እባጭ ወይም ቀላ ያለ ቋቍቻ ቢወጣ፥ በካህኑ ዘንድ ይታያል።
4a485554-5bff-5af4-a55a-1b7ed8f90c8b,fbf1a430-e4f6-582e-aa89-22ea4be77542,88849ca6-bda2-53a6-a233-7577a5f80219,20,20,ካህኑም ያያል፤ እነሆም፥ ወደ ቆዳው ውስጥ ጠልቆ ቢታይ፥ ጠጕሩም ተለውጦ ቢነጣ፥ ካህኑ፦ ‘ርኩስ ነው’ ይለዋል፤ የለምጽ ደዌ ነው፤ ከቍስሉ ውስጥ ወጥቶአል።
6141a831-ef59-51a6-a005-b9e93527b9f0,fbf1a430-e4f6-582e-aa89-22ea4be77542,88849ca6-bda2-53a6-a233-7577a5f80219,21,21,ካህኑም ቢያየው፥ ነጭም ጠጕር ባይኖርበት፥ ወደ ቆዳውም ውስጥ ባይጠልቅ ነገር ግን ቢከስም፥ ካህኑ ሰባት ቀን ይለየዋል።
6b23e9d2-8f9d-559e-a900-5b3cb264addd,fbf1a430-e4f6-582e-aa89-22ea4be77542,88849ca6-bda2-53a6-a233-7577a5f80219,22,22,በቆዳውም ላይ ቢሰፋ፥ ካህኑ፦ ‘ርኩስ ነው’ ይለዋል፤ የለምጽ ደዌ ነው፤ በእትራቱ ላይ ወጥቶአልና።
6de2d4b4-02fa-5d1f-af82-c661d76e9981,fbf1a430-e4f6-582e-aa89-22ea4be77542,88849ca6-bda2-53a6-a233-7577a5f80219,23,23,ያች ደዌ ግን በስፍራዋ ብትቆም፥ ባትሰፋም፥ የቍስል እትራት ናት፤ ካህኑም፦ ‘ንጹሕ ነው’ ይለዋል።
0fa1bfc9-ca42-5528-ad5f-02193c991fd1,fbf1a430-e4f6-582e-aa89-22ea4be77542,88849ca6-bda2-53a6-a233-7577a5f80219,24,24,“በሥጋውም ቆዳ የእሳት ትኩሳት ቢኖርበት፥ በተቃጠለውም ስፍራ ነጭ፥ ወይም ቀላ ያለ ቋቍቻ ቢታይ፥
6dace667-a747-57b6-a832-9c632af166c0,fbf1a430-e4f6-582e-aa89-22ea4be77542,88849ca6-bda2-53a6-a233-7577a5f80219,25,25,ካህኑ ያየዋል፤ እነሆም፥ በቋቁቻው ጠጕሩ ተለውጦ ቢነጣ፥ ወደ ቆዳውም ውስጥ ቢጠልቅ፥ ለምጽ ነው፤ ከተቃጠለውም ስፍራ ወጥቶአል፤ ካህኑም፦ ‘ርኩስ ነው’ ይለዋል፤ የለምጽ ደዌ ነውና።
27afbef6-a420-53d4-a3a2-0ac9a987b7c7,fbf1a430-e4f6-582e-aa89-22ea4be77542,88849ca6-bda2-53a6-a233-7577a5f80219,26,26,ካህኑም ቢያየው፥ በቋቍቻውም ነጭ ጠጕር ባይኖር፥ ወደ ቆዳውም ባይጠልቅ፥ ነገር ግን ቢከስም፥ ካህኑ ሰባት ቀን ይለየዋል።
d6f74c70-2264-5312-af1c-b6c74a262beb,fbf1a430-e4f6-582e-aa89-22ea4be77542,88849ca6-bda2-53a6-a233-7577a5f80219,27,27,ካህኑም በሰባተኛው ቀን ያየዋል፤ በቆዳውም ላይ ቢሰፋ ካህኑ፦ ‘ርኩስ ነው’ ይለዋል፤ የለምጽ ደዌ ነውና በእትራቱ ላይ ወጥቶአል።
e5d779e8-27bd-5873-acfa-c5e1cef107b8,fbf1a430-e4f6-582e-aa89-22ea4be77542,88849ca6-bda2-53a6-a233-7577a5f80219,28,28,ቋቍቻውም በስፍራው ላይ ቢቆም፥ በቆዳውም ላይ ባይሰፋ፥ ነገር ግን ቢከስም፥ የትኩሳት እባጭ ነው፤ የትኩሳትም ጠባሳ ነውና ካህኑ፦ ‘ንጹሕ ነው’ ይለዋል።
0510ff69-821b-53f5-a2cf-212709ba57a0,fbf1a430-e4f6-582e-aa89-22ea4be77542,88849ca6-bda2-53a6-a233-7577a5f80219,29,29,“ማናቸውም ወንድ ወይም ሴት በራሱ ወይም በአገጩ የለምጽ ደዌ ቢኖርበት፥ ካህኑ የለምጹን ደዌ ያያል፤
cfe2f3af-198e-5e35-a77f-bab03f747bda,fbf1a430-e4f6-582e-aa89-22ea4be77542,88849ca6-bda2-53a6-a233-7577a5f80219,30,30,እነሆም፥ ወደ ቆዳው ቢጠልቅ፥ በውስጡም ቀጭን ብጫ ጠጕር ቢኖርበት፥ ካህኑ፦ ‘ርኩስ ነው’ ይለዋል፤ ቈረቈር ነው፤ የራስ ወይም የአገጭ ለምጽ ነው።
ed81409c-a6bf-55df-ab46-65613f5af91a,fbf1a430-e4f6-582e-aa89-22ea4be77542,88849ca6-bda2-53a6-a233-7577a5f80219,31,31,ካህኑም የቈረቈሩን ደዌ ቢያይ፥ ወደ ቆዳውም ባይጠልቅ፥ ጥቁርም ጠጕር ባይኖርበት፥ ካህኑ የቈረቈር ደዌ ያለበትን ሰው ሰባት ቀን ይለየዋል።
2d0e9ba9-7daa-5bf8-a60e-62d8c9ba8903,fbf1a430-e4f6-582e-aa89-22ea4be77542,88849ca6-bda2-53a6-a233-7577a5f80219,32,32,ካህኑም በሰባተኛው ቀን ደዌውን ያያል፤ እነሆም፥ ቈረቈሩ ባይሰፋ፥ በውስጡም ብጫ ጠጕር ባይኖር፥ የቈረቈሩም መልክ ወደ ቆዳው ባይጠልቅ፤ ይላጫል፤
d9b949df-9280-5f8b-a3ea-e943964e5cc6,fbf1a430-e4f6-582e-aa89-22ea4be77542,88849ca6-bda2-53a6-a233-7577a5f80219,33,33,ቈረቈሩ ግን አይላጭም፤ ካህኑም ቈርቈር ያለበትን ሰው ሰባት ቀን ደግሞ ይለየዋል።
99a0c67d-0ed0-54ee-ad97-41336cfb4242,fbf1a430-e4f6-582e-aa89-22ea4be77542,88849ca6-bda2-53a6-a233-7577a5f80219,34,34,ካህኑም በሰባተኛው ቀን ቈረቈሩን ያያል፤ እነሆም፥ ከተላጨ በኋላ ቈረቈሩ በቆዳው ላይ ባይሰፋ፥ መልኩም ወደ ቆዳው ባይጠልቅ፥ ካህኑ፦ ‘ንጹሕ ነው’ ይለዋል፤ ልብሱን አጥቦ ንጹሕ ይሆናል።
1764528b-f109-5f7d-ac07-bcd3092ad9c2,fbf1a430-e4f6-582e-aa89-22ea4be77542,88849ca6-bda2-53a6-a233-7577a5f80219,35,35,ከነጻ በኋላ ግን ቈረቈሩ በቆዳው ላይ ቢሰፋ፥ ካህኑ ያየዋል፤
07319733-1f78-5552-af71-7440757b2d98,fbf1a430-e4f6-582e-aa89-22ea4be77542,88849ca6-bda2-53a6-a233-7577a5f80219,36,36,እነሆም፥ ቈረቈሩ በቆዳው ላይ ቢሰፋ ካህኑ ብጫውን ጠጕር አይፈልግም፤ ርኩስ ነውና።
4471143d-9270-599e-a8ab-c49d15063c0c,fbf1a430-e4f6-582e-aa89-22ea4be77542,88849ca6-bda2-53a6-a233-7577a5f80219,37,37,ቈረቈሩ ግን ፊት እንደ ነበረ በቦታው ቢኖር፥ ጥቁርም ጠጕር ቢበቅልበት፥ ቈረቈሩ ሽሮአል፤ እርሱም ንጹሕ ነው፤ ካህኑም፦ ‘ንጹሕ ነው’ ይለዋል።
5d014bcb-4ebf-5f27-a28b-47c573758e72,fbf1a430-e4f6-582e-aa89-22ea4be77542,88849ca6-bda2-53a6-a233-7577a5f80219,38,38,“ማናቸውም ወንድ ወይም ሴት በሥጋው ቆዳ ላይ ነጭ ቋቍቻ ቢኖርበት፥
08ce4178-37e1-5f3e-adc5-4997fddc166c,fbf1a430-e4f6-582e-aa89-22ea4be77542,88849ca6-bda2-53a6-a233-7577a5f80219,39,39,ካህኑ ያያል፤ እነሆም፥ በሥጋቸው ቆዳ ላይ ያለው ቋቍቻ ፈገግ ቢል አጓጐት ነው፤ ከቆዳው ውስጥ ወጥቶአል፤ ንጹሕ ነው።
872adcec-150d-5aa4-a339-773f51359655,fbf1a430-e4f6-582e-aa89-22ea4be77542,88849ca6-bda2-53a6-a233-7577a5f80219,40,40,“የሰውም ጠጕር ከራሱ ቢመለጥ እርሱ በራ ነው፤ ነገር ግን ንጹሕ ነው።
60c8d361-e24c-538b-ae2f-4bdde88b0c88,fbf1a430-e4f6-582e-aa89-22ea4be77542,88849ca6-bda2-53a6-a233-7577a5f80219,41,41,ጠጕሩ ከግንባሩ ቢመለጥ እርሱ ራሰ በራ ነው፤ ነገር ግን ንጹሕ ነው።
a0e6dcc7-6b18-56e7-aafa-dc0495d54f99,fbf1a430-e4f6-582e-aa89-22ea4be77542,88849ca6-bda2-53a6-a233-7577a5f80219,42,42,በቡሀነቱ ወይም በራሰ በራነቱ ነጭ፥ ወይም ቀላ ያለ ደዌ ቢኖርበት፥ እርሱ ከቡሀነቱ ወይም ከራሰ በራነቱ የወጣ ለምጽ ነው።
45b520cb-6145-5c7f-ad28-d12d0285e3e5,fbf1a430-e4f6-582e-aa89-22ea4be77542,88849ca6-bda2-53a6-a233-7577a5f80219,43,43,ካህኑም ያየዋል፤ እነሆም፥ የደዌው እብጠት በሥጋው ቆዳ ላይ የሆነ ለምጽ መስሎ፥ በቡሀነቱ ወይም በራሰ በራነቱ ነጭ ወይም ቀላ ያለ ቢሆን፥
788e768a-52c6-5616-a466-b6b8876e1a3e,fbf1a430-e4f6-582e-aa89-22ea4be77542,88849ca6-bda2-53a6-a233-7577a5f80219,44,44,ለምጻም ሰው ነው፤ ርኩስ ነው፤ ካህኑ፦ በርግጥ ‘ርኩስ ነው’ ይለዋል፤ ደዌው በራሱ ነው።
40180dfe-2dae-5972-a774-ec97df7c1d95,fbf1a430-e4f6-582e-aa89-22ea4be77542,88849ca6-bda2-53a6-a233-7577a5f80219,45,45,“የለምጽ ደዌ ያለበት ሰው ልብሱ የተቀደደ ይሁን፤ ራሱም የተገለጠ ይሁን፤ ከንፈሩንም ይሸፍን፤ ርኩስ ይባላል።
87ccc030-2b01-5430-a7ee-5a1d5cf818bc,fbf1a430-e4f6-582e-aa89-22ea4be77542,88849ca6-bda2-53a6-a233-7577a5f80219,46,46,ደዌው ባለበት ዘመን ሁሉ ርኩስ ይሆናል፤ እርሱ ርኩስ ነው፤ ብቻውን ይቀመጣል፤ መኖሪያውም ከሰፈር በውጭ ይሆናል።
3cc37ba7-f27c-55c2-a406-6f8d069e00d9,fbf1a430-e4f6-582e-aa89-22ea4be77542,95172707-0452-5d9f-a9c7-dfb854264106,1,47,“የለምጽም ደዌ በልብስ ላይ ቢሆን፥ ልብሱም የበግ ጠጕር ወይም የተልባ እግር ቢሆን፥
a99df232-dd30-51e3-a360-389e9c2ba381,fbf1a430-e4f6-582e-aa89-22ea4be77542,95172707-0452-5d9f-a9c7-dfb854264106,2,48,በድሩ ወይም በማጉ ላይ ቢሆን፥ የበግ ጠጕር ወይም የተልባ እግር ቢሆን፥ ቆዳ ወይም ከቆዳ የሚደረግ ነገር ቢሆን፥
de2c1db2-2bdd-5507-aad3-8e9a8999d239,fbf1a430-e4f6-582e-aa89-22ea4be77542,95172707-0452-5d9f-a9c7-dfb854264106,3,49,ደዌው በልብሱ ወይም በቆዳው ወይም በድሩ ወይም በማጉ ወይም ከቆዳ በሚደረገው ነገር አረንጓዴ ወይም ቀይ ቢሆን፥ የለምጽ ደዌ ነው፤ ለካህኑ ያሳያል።
d40decac-306d-5134-a882-3f43ca04c6cc,fbf1a430-e4f6-582e-aa89-22ea4be77542,95172707-0452-5d9f-a9c7-dfb854264106,4,50,ካህኑም ደዌውን አይቶ ደዌው ያለበትን ነገር ሰባት ቀን ይለየዋል።
b7f069a1-5fa5-531d-a042-19bdc5c1ece7,fbf1a430-e4f6-582e-aa89-22ea4be77542,95172707-0452-5d9f-a9c7-dfb854264106,5,51,በሰባተኛውም ቀን ደዌውን ያያል፤ ደዌውም በልብስ ላይ ወይም በድሩ ወይም በማጉ ወይም በቆዳው ወይም ከቆዳው በሚደረግ ነገር ቢሰፋ፥ ደዌው እየፋገ የሚሄድ ለምጽ ነው፤ ርኩስ ነው።
c6c9edf7-6c96-5d9d-ad4d-7b6af9a7d083,fbf1a430-e4f6-582e-aa89-22ea4be77542,95172707-0452-5d9f-a9c7-dfb854264106,6,52,ልብሱን ያቃጥላል፤ ድሩ ወይም ማጉ የበግ ጠጕር ወይም የተልባ እግር ቢሆን ወይም ከቆዳ የተደረገ ቢሆን፥ ደዌ ያለበት ሁሉ እየፋገ የሚሄድ ለምጽ ነውና በእሳት ይቃጠላል።
a629c807-9c72-5c21-a668-2e4c808c0169,fbf1a430-e4f6-582e-aa89-22ea4be77542,95172707-0452-5d9f-a9c7-dfb854264106,7,53,“ካህኑ ቢያይ፥ እነሆም፥ ደዌው በድሩ ወይም በማጉ ወይም ከቆዳ በተደረገ ነገር ቢሆን በልብሱ ላይ ባይሰፋ፥
d3d3ef64-dc09-5bb1-a7cd-2560ed5e2ff6,fbf1a430-e4f6-582e-aa89-22ea4be77542,95172707-0452-5d9f-a9c7-dfb854264106,8,54,ካህኑ ደዌ ያለበቱ ነገር እንዲታጠብ ያዝዛል፤ ሌላም ሰባት ቀን ይለየዋል።
e7387149-92ed-5b1b-a5a8-cc5316fb39bb,fbf1a430-e4f6-582e-aa89-22ea4be77542,95172707-0452-5d9f-a9c7-dfb854264106,9,55,ደዌውም ከታጠበ በኋላ ካህኑ ያየዋል፤ እነሆም፥ ደዌው መልኩን ባይለውጥ፥ ባይሰፋም፥ ርኩስ ነው፤ በእሳት ያቃጥሉታል፤ በልብሱም ውስጥ በማጉም፥ በድሩም ወጥቶአልና።
1dba8276-7bcf-5e47-a347-7e4030073794,fbf1a430-e4f6-582e-aa89-22ea4be77542,95172707-0452-5d9f-a9c7-dfb854264106,10,56,“ካህኑም ቢያይ፥ እነሆ፥ ደዌው ከታጠበ በኋላ ቢከስም፥ ከልብሱ ወይም ከድሩ ወይም ከማጉ ወይም ከቆዳው ይቅደደው።
0c5e9ec1-9c1e-5515-aa2f-168d3320bb26,fbf1a430-e4f6-582e-aa89-22ea4be77542,95172707-0452-5d9f-a9c7-dfb854264106,11,57,በልብሱም ወይም በድሩ ወይም በማጉ ወይም ከቆዳ በተደረገ ነገር ላይ ደግሞ ቢታይ፥ የወጣ ለምጽ ነው፤ ደዌው ያለበትን ነገር ያቃጥሉት።
c3fe791c-cbde-557b-a8f6-512576e55335,fbf1a430-e4f6-582e-aa89-22ea4be77542,95172707-0452-5d9f-a9c7-dfb854264106,12,58,ልብሱ ወይም ድሩ ወይም ማጉ ወይም ከቆዳ የተደረገው ነገር ከታጠበ በኋላ ደዌው ቢለቅቀው ሁለተኛ ጊዜ ይታጠባል፤ ንጹሕም ይሆናል።
9ca27afc-c066-5117-a192-829e4f371db3,fbf1a430-e4f6-582e-aa89-22ea4be77542,95172707-0452-5d9f-a9c7-dfb854264106,13,59,“በበግ ጠጕር ልብስ፥ ወይም በተልባ እግር ወይም በድሩ ወይም በማጉ ወይም ከቆዳ በተደረገ ነገር ላይ ቢሆን፥ ንጹሕ ወይም ርኩስ ያሰኝ ዘንድ የለምጽ ደዌ ሕግ ይህ ነው።”
930c85e9-ae16-5a1a-a7b9-adc9a5b9406d,c4c3cc84-9215-5cdf-af84-62a0ba1a34ac,ab16facc-a281-5c63-adbe-1fbfee3e273c,1,1,እግዚአብሔር ሙሴን እንዲህ ሲል ተናገረው፦
33261389-5027-5d90-a75b-7c45fa0e8b4c,c4c3cc84-9215-5cdf-af84-62a0ba1a34ac,ab16facc-a281-5c63-adbe-1fbfee3e273c,2,2,“ለምጽ ለያዘው ሰው ሕጉ ይህ ነው፤ ከለምጽ በነጻበት ቀን ወደ ካህኑ ይወስዱታል።
02c62242-43c1-517a-a285-8a4280581b80,c4c3cc84-9215-5cdf-af84-62a0ba1a34ac,ab16facc-a281-5c63-adbe-1fbfee3e273c,3,3,ካህኑም ከሰፈር ወደ ውጭ ይወጣል፤ ካህኑም ያየዋል፤
b39c577a-04c9-5b06-ab86-a6a7a23760f4,c4c3cc84-9215-5cdf-af84-62a0ba1a34ac,ab16facc-a281-5c63-adbe-1fbfee3e273c,4,4,እነሆም፥ የለምጹ ደዌ ከለምጻሙ ላይ ቢጠፋ፥ ካህኑ ስለሚነጻው ሰው ሁለት ንጹሓን ዶሮዎች በሕይወታቸው፥ የዝግባም ዕንጨት፥ ቀይ ግምጃም፥ ሂሶጵም ያመጣ ዘንድ ያዝዛል።
aa53cb4e-1281-53dd-a5ab-70a9b915717e,c4c3cc84-9215-5cdf-af84-62a0ba1a34ac,ab16facc-a281-5c63-adbe-1fbfee3e273c,5,5,ካህኑም ከሁለቱ ዶሮዎች አንደኛዋን በሸክላ ዕቃ ውስጥ በምንጭ ውኃ ላይ ያርድ ዘንድ ያዝዛል።
84db0694-4297-5a4f-ad21-141d17706711,c4c3cc84-9215-5cdf-af84-62a0ba1a34ac,ab16facc-a281-5c63-adbe-1fbfee3e273c,6,6,ያልታረደችውንም ዶሮ፥ ዝግባውንም ዕንጨት፥ ቀዩንም ግምጃ፥ ሂሶጱንም ወስዶ በምንጭ ውኃ ላይ በታረደችው ዶሮ ደም ውስጥ ይነክራቸዋል።
38ab8835-ca37-56bc-a18d-834d679cc0c2,c4c3cc84-9215-5cdf-af84-62a0ba1a34ac,ab16facc-a281-5c63-adbe-1fbfee3e273c,7,7,ከለምጹም በሚነጻው ሰው ላይ ሰባት ጊዜ ይረጫል፤ ንጹሕም ይሆናል፤ ያልታረደችውን ዶሮ ወደ ሜዳ ይለቅቃታል።
d4648a8a-2ba0-55f0-a2cb-a7ccb2b4df79,c4c3cc84-9215-5cdf-af84-62a0ba1a34ac,ab16facc-a281-5c63-adbe-1fbfee3e273c,8,8,የነጻውም ሰው ልብሱን ያጥባል፤ ጠጕሩንም ሁሉ ይላጫል፤ በውኃም ይታጠባል፤ ንጹሕም ይሆናል። ከዚያም በኋላ ወደ ሰፈር ይገባል፤ ነገር ግን ከቤቱ በውጭ ሆኖ ሰባት ቀን ይቀመጣል።
e1bee06a-7d72-5c94-aff6-09d7f4478860,c4c3cc84-9215-5cdf-af84-62a0ba1a34ac,ab16facc-a281-5c63-adbe-1fbfee3e273c,9,9,በሰባተኛውም ቀን ጠጕሩን ሁሉ ይላጫል፤ ራሱንም፥ ጢሙንም፥ ቅንድቡንም፥ የገላውንም ጠጕር ሁሉ ይላጫል፤ ልብሱንም፥ ገላውንም በውኃ ያጥባል፤ ንጹሕም ይሆናል።
7b02402b-5966-5bf6-ac7e-6bec10e1c165,c4c3cc84-9215-5cdf-af84-62a0ba1a34ac,ab16facc-a281-5c63-adbe-1fbfee3e273c,10,10,“በስምንተኛው ቀን ነውር የሌለባቸውን፥ ዓመት የሞላቸውን ሁለት ተባት የበግ ጠቦቶች፥ ነውር የሌለባትንም አንዲት የዓመት እንስት የበግ ጠቦት፥ ስለ እህልም ቍርባን ከመስፈሪያው ከዐሥር እጅ ሦስት እጅ የሆነ፥ በዘይት የተለወሰ መልካም የስንዴ ዱቄት፥ አንድ ማሰሮ ዘይትም ይወስዳል።
4c13b706-e3c5-5016-a291-cb2626521b1d,c4c3cc84-9215-5cdf-af84-62a0ba1a34ac,ab16facc-a281-5c63-adbe-1fbfee3e273c,11,11,የሚያነጻውም ካህን እነዚህን ነገሮች፥ የሚነጻውንም ሰው በምስክሩ ድንኳን ደጃፍ አጠገብ በእግዚአብሔር ፊት ያቀርባቸዋል።
8e83d675-c300-5f85-a37d-19c9de8a4bd5,c4c3cc84-9215-5cdf-af84-62a0ba1a34ac,ab16facc-a281-5c63-adbe-1fbfee3e273c,12,12,ካህኑም አንዱን ጠቦት ወስዶ ስለ በደል መሥዋዕት ያቀርባል፤ ያንም አንድ ማሰሮ ዘይት ስለ ልዩ ቍርባን በእግዚአብሔር ፊት ይለየዋል።
5d613820-1f19-59c4-a212-9364ea94fe6d,c4c3cc84-9215-5cdf-af84-62a0ba1a34ac,ab16facc-a281-5c63-adbe-1fbfee3e273c,13,13,የኀጢአትን መሥዋዕትና የሚቃጠለውን መሥዋዕት በሚያርዱበት በተቀደሰው ስፍራ ጠቦቱን ያርዱታል፤ የበደሉ መሥዋዕት ለካህኑ እንደሚሆን፥ እንዲሁ የኀጢአቱ መሥዋዕት ነውና፤ ቅዱሰ ቅዱሳን ነው።
e8dd8693-1449-5897-a326-c13f8faf6eea,c4c3cc84-9215-5cdf-af84-62a0ba1a34ac,ab16facc-a281-5c63-adbe-1fbfee3e273c,14,14,ካህኑም ከበደል መሥዋዕት ደም ወስዶ የሚነጻውን ሰው የቀኝ ጆሮውን ጫፍ፥ የቀኝ እጁንም አውራ ጣት፥ የቀኝ እግሩንም አውራ ጣት ይቀባዋል።
16f8dd3b-9d67-577a-a1af-a38815e4acf9,c4c3cc84-9215-5cdf-af84-62a0ba1a34ac,ab16facc-a281-5c63-adbe-1fbfee3e273c,15,15,ካህኑም ከማሰሮው ዘይት ወስዶ በግራ እጁ ውስጥ ያፈስሰዋል።
664fd669-3a2f-569c-ac94-85a021970a4d,c4c3cc84-9215-5cdf-af84-62a0ba1a34ac,ab16facc-a281-5c63-adbe-1fbfee3e273c,16,16,ካህኑም በግራ እጁ ውስጥ ባለው ዘይት ቀኝ ጣቱን ነክሮ ከዘይቱ በእግዚአብሔር ፊት ሰባት ጊዜ በጣቱ ይረጫል።
1a3b4ce7-a77b-503b-af35-669eecfcd28c,c4c3cc84-9215-5cdf-af84-62a0ba1a34ac,ab16facc-a281-5c63-adbe-1fbfee3e273c,17,17,ካህኑም በእጁ ውስጥ ከቀረው ዘይት የሚነጻውን ሰው የቀኝ ጆሮውን ጫፍ፥ የቀኝ እጁንም አውራ ጣት፥ የቀኝ እግሩንም አውራ ጣት የበደል መሥዋዕት ደም ባረፈበት ላይ ይቀባዋል።
3abbc3bf-def1-5ab7-abf8-0e144183cfba,c4c3cc84-9215-5cdf-af84-62a0ba1a34ac,ab16facc-a281-5c63-adbe-1fbfee3e273c,18,18,በካህኑም እጅ ውስጥ የቀረውን ዘይት ካህኑ በሚነጻው ሰው ራስ ላይ ያደርግበታል፤ ካህኑም በእግዚአብሔር ፊት ያስተሰርይለታል።
ba672bae-d497-5b6c-a56d-430843ca5303,c4c3cc84-9215-5cdf-af84-62a0ba1a34ac,ab16facc-a281-5c63-adbe-1fbfee3e273c,19,19,ካህኑም የኀጢአቱን መሥዋዕት ያቀርባል፤ ካህኑም ከኀጢአቱ ለማንጻት ለሚነጻው ሰው ያስተሰርይለታል፤ ከዚህም በኋላ ካህኑ የሚቃጠለውን መሥዋዕት ያርዳል።
459f5f0e-17b6-536c-ab8a-1f7a1d7deccf,c4c3cc84-9215-5cdf-af84-62a0ba1a34ac,ab16facc-a281-5c63-adbe-1fbfee3e273c,20,20,ካህኑም የሚቃጠለውን መሥዋዕትና የእህሉን ቍርባን በመሠዊያው ላይ በእግዚአብሔር ፊት ያቀርባል፤ ካህኑም ያስተሰርይለታል፤ እርሱም ንጹሕ ይሆናል።
f05a45b0-9bc8-5360-a184-1ba6d27e61b5,c4c3cc84-9215-5cdf-af84-62a0ba1a34ac,ab16facc-a281-5c63-adbe-1fbfee3e273c,21,21,“ድሃም ቢሆን፥ በእጁም ገንዘብ ባይኖረው፥ ማስተስረያ ይሆንለት ዘንድ አንድ ጠቦት ስለ በደል የመለየት መሥዋዕት፥ ከመስፈሪያውም ከዐሥር እጅ አንድ እጅ የሆነ በዘይት የተለወሰ የስንዴ ዱቄት ለቍርባን፥ አንድ ማሰሮ ዘይትም ያመጣል።
24fe896f-1461-5b57-a1d6-c3ae6f858a69,c4c3cc84-9215-5cdf-af84-62a0ba1a34ac,ab16facc-a281-5c63-adbe-1fbfee3e273c,22,22,ሁለት ዋኖሶች፥ ወይም ሁለት የርግብ ግልገሎች በእጁ እንዳገኘ አንዲቱን ለኀጢአት መሥዋዕት፥ አንዲቱንም ለሚቃጠል መሥዋዕት ይወስዳል።
b6171713-e336-5d0b-a2a6-ecf2d3b118ba,c4c3cc84-9215-5cdf-af84-62a0ba1a34ac,ab16facc-a281-5c63-adbe-1fbfee3e273c,23,23,በስምንተኛውም ቀን ያነጹት ዘንድ ወደ ካህኑ ወደ ምስክሩ ድንኳን ደጃፍ በእግዚአብሔር ፊት ያመጣቸዋል።
9efc8acb-5cef-5d75-a484-80ad326361a2,c4c3cc84-9215-5cdf-af84-62a0ba1a34ac,ab16facc-a281-5c63-adbe-1fbfee3e273c,24,24,ካህኑም የበደሉን መሥዋዕት የበግ ጠቦት የማሰሮውንም ዘይት ይወስዳል፤ በእግዚአብሔርም ፊት ለቍርባን ያቀርበዋል።
5d620112-80b3-5701-a4f4-92a28ce4213c,c4c3cc84-9215-5cdf-af84-62a0ba1a34ac,ab16facc-a281-5c63-adbe-1fbfee3e273c,25,25,የበደሉንም መሥዋዕት የበግ ጠቦት ያርዳል፤ ካህኑም ከበደሉ መሥዋዕት ደም ወስዶ የሚነጻውን ሰው የቀኝ ጆሮውን ጫፍ፥ የቀኝ እጁንም አውራ ጣት፥ የቀኝ እግሩንም አውራ ጣት ይቀባዋል።
ebc678b1-59b8-57f8-ab95-e1dd07ec749f,c4c3cc84-9215-5cdf-af84-62a0ba1a34ac,ab16facc-a281-5c63-adbe-1fbfee3e273c,26,26,ካህኑም ከዘይቱ በግራ እጁ ውስጥ ያፈስሰዋል።
499dd00b-6cf4-5a70-ae77-ea6b032a3a0f,c4c3cc84-9215-5cdf-af84-62a0ba1a34ac,ab16facc-a281-5c63-adbe-1fbfee3e273c,27,27,ካህኑም በግራ እጁ ውስጥ ከአለው ዘይት በቀኝ ጣቱ ሰባት ጊዜ በእግዚአብሔር ፊት ይረጨዋል።
f6888559-e67e-56dc-ab79-f9d6ea72cda1,c4c3cc84-9215-5cdf-af84-62a0ba1a34ac,ab16facc-a281-5c63-adbe-1fbfee3e273c,28,28,ካህኑም በእጁ ውስጥ ከአለው ዘይት የሚነጻውን ሰው የቀኝ ጆሮውን ጫፍ፥ የቀኝ እጁንም አውራ ጣት፥ የቀኝ እግሩንም አውራ ጣት የበደል መሥዋዕት ደም ባረፈበት ላይ ይቀባዋል።
47a64a74-fd04-564b-a5de-443574f5e9ff,c4c3cc84-9215-5cdf-af84-62a0ba1a34ac,ab16facc-a281-5c63-adbe-1fbfee3e273c,29,29,በካህኑ እጅ ውስጥ የቀረውን ዘይት በሚነጻው ሰው ራስ ላይ ያደርገዋል፤ ካህኑም በእግዚአብሔር ፊት ያስተሰርይለታል።
ed7d79e1-f630-5c80-aa47-2fbfb528a175,c4c3cc84-9215-5cdf-af84-62a0ba1a34ac,ab16facc-a281-5c63-adbe-1fbfee3e273c,30,30,በእጁ ከአለው ከዋኖሶች ወይም ከርግብ ግልገሎች አንዱን ያቀርባል።
7196572e-fd42-5a72-a580-fcef5ea1b396,c4c3cc84-9215-5cdf-af84-62a0ba1a34ac,ab16facc-a281-5c63-adbe-1fbfee3e273c,31,31,አንዲቱን ለኀጢአት መሥዋዕት፥ ሌላዪቱንም ከእህል ቍርባን ጋር ለሚቃጠል መሥዋዕት ያቀርባል፤ ካህኑም ለሚነጻው ሰው በእግዚአብሔር ፊት ያስተሰርይለታል።
98a8c291-aa1e-5d07-af33-1e95c6563b1e,c4c3cc84-9215-5cdf-af84-62a0ba1a34ac,ab16facc-a281-5c63-adbe-1fbfee3e273c,32,32,ለመንጻቱ የሚያስፈልገውን ነገር ለማያገኝ የለምጽ ደዌ ላለበት ሰው ሕጉ ይህ ነው።”
592dc8a6-22dd-511e-ade8-6973f55f76de,c4c3cc84-9215-5cdf-af84-62a0ba1a34ac,1da81996-7b96-5fa7-ac84-b378b451dbda,1,33,እግዚአብሔርም ሙሴንና አሮንን እንዲህ ብሎ ተናገራቸው፦
f96c226c-0a8c-5468-acb0-e628cd714cc1,c4c3cc84-9215-5cdf-af84-62a0ba1a34ac,1da81996-7b96-5fa7-ac84-b378b451dbda,2,34,“ትወርሱአት ዘንድ እኔ ወደምሰጣችሁ ርስት ወደ ከነዓን ምድር በገባችሁ ጊዜ፥ እኔም የለምጽ ደዌ ምልክት በርስታችሁ ምድር ቤቶች ባደረግሁ ጊዜ፥
d993963a-42f9-5a35-a00b-053b76af681c,c4c3cc84-9215-5cdf-af84-62a0ba1a34ac,1da81996-7b96-5fa7-ac84-b378b451dbda,3,35,ባለቤቱ መጥቶ ካህኑን፦ ‘ደዌ በቤቴ ውስጥ እንዳለ አይቻለሁ’ ብሎ ይንገረው።
3b2a157c-eb8d-5d5f-a4b5-b347fd023a70,c4c3cc84-9215-5cdf-af84-62a0ba1a34ac,1da81996-7b96-5fa7-ac84-b378b451dbda,4,36,ካህኑም በቤቱ ውስጥ ያለው ዕቃ ሁሉ እንዳይረክስ፥ እርሱ የለምጹን ምልክት ለማየት ወደ ቤት ሳይገባ፥ ቤቱን ባዶ እንዲያደርጉት ያዝዛል፤ በኋላም ካህኑ ቤቱን ለማየት ይገባል።
be51ea6f-828b-56f9-ace8-7b08b9167ffd,c4c3cc84-9215-5cdf-af84-62a0ba1a34ac,1da81996-7b96-5fa7-ac84-b378b451dbda,5,37,የለምጹንም ምልክት ያያል፤ እነሆም፥ የለምጹ ምልክት በግንቡ ላይ በአረንጓዴና በቀይ ቢዥጐረጐር፥ መልኩም ወደ ግንቡ ውስጥ ቢጠልቅ፥
ff9a9001-2d8e-50f4-a002-a20eabfb2c4e,c4c3cc84-9215-5cdf-af84-62a0ba1a34ac,1da81996-7b96-5fa7-ac84-b378b451dbda,6,38,ካህኑ ከቤቱ ውስጥ ወደ ቤቱ በር ወጥቶ ሰባት ቀን ቤቱን ይዘጋዋል።
aefaaf72-2b19-531d-a2fd-f92a1eff356f,c4c3cc84-9215-5cdf-af84-62a0ba1a34ac,1da81996-7b96-5fa7-ac84-b378b451dbda,7,39,ካህኑም በሰባተኛው ቀን ተመልሶ ቤቱን ያያል፤
9779b087-8ae2-5312-abd8-d1d4582a1eef,c4c3cc84-9215-5cdf-af84-62a0ba1a34ac,1da81996-7b96-5fa7-ac84-b378b451dbda,8,40,እነሆም፥ ደዌው በቤቱ ግንብ ላይ ቢሰፋ፥ ካህኑ ደዌ ያለባቸውን ድንጋዮች እንዲያወጡ፥ ከከተማውም ወደ ውጭ ወደ ረከሰው ስፍራ እንዲጥሉአቸው ያዝዛል።
744439af-e20f-5fb5-aedf-4389c55a59ce,c4c3cc84-9215-5cdf-af84-62a0ba1a34ac,1da81996-7b96-5fa7-ac84-b378b451dbda,9,41,ቤቱንም በውስጡ በዙሪያው ያስፍቀዋል፤ የፋቁትንም የምርጊቱን አፈር ከከተማው ወደ ውጭ ወደ ረከሰ ስፍራ ያፈስሱታል።
508ff1af-a5c9-5d62-ab45-e25006069089,c4c3cc84-9215-5cdf-af84-62a0ba1a34ac,1da81996-7b96-5fa7-ac84-b378b451dbda,10,42,በእነዚያም ድንጋዮች ስፍራ ሌሎች ድንጋዮችን ያገባሉ፤ ሌላም ጭቃ ወስደው ቤቱን ይመርጉታል።
7d273e0a-4604-5a0a-a732-6b40a7fd8eec,c4c3cc84-9215-5cdf-af84-62a0ba1a34ac,1da81996-7b96-5fa7-ac84-b378b451dbda,11,43,“ደዌውም ዳግም ቢመለስ፥ ድንጋዮቹም ከወጡ፥ ቤቱም ከተፋቀና ከተመረገ በኋላ በቤቱ ውስጥ ቢሰፋ፥
1d550b96-3e76-5613-ad68-9cf96f095d08,c4c3cc84-9215-5cdf-af84-62a0ba1a34ac,1da81996-7b96-5fa7-ac84-b378b451dbda,12,44,ካህኑ ገብቶ ያያል፤ እነሆም፥ ደዌው በቤቱ ውስጥ ቢሰፋ፥ በቤቱ ውስጥ ያለው እየፋገ የሚሄድ ለምጽ ነው፤ ርኩስ ነው።
dff45e54-9816-557a-a370-c205a121daa9,c4c3cc84-9215-5cdf-af84-62a0ba1a34ac,1da81996-7b96-5fa7-ac84-b378b451dbda,13,45,ቤቱንም፥ ድንጋዮቹንም፥ ዕንጨቱንም፥ የቤቱንም ምርጊት ሁሉ ያፈርሳል፤ እነርሱንም ከከተማው ወደ ውጭ ወደ ርኩስ ስፍራ ያወጣል።
be64416a-434c-5f0c-adf8-a4876acfd697,c4c3cc84-9215-5cdf-af84-62a0ba1a34ac,1da81996-7b96-5fa7-ac84-b378b451dbda,14,46,በተዘጋበትም ጊዜ ሁሉ ወደ ቤቱ የሚገባ እስከ ማታ ድረስ ርኩስ ይሆናል።
9e2e0153-3601-5b32-a1a2-eb62c8a762c5,c4c3cc84-9215-5cdf-af84-62a0ba1a34ac,1da81996-7b96-5fa7-ac84-b378b451dbda,15,47,በቤቱም የሚተኛ ልብሱን ያጥባል፤ እስከ ማታም ርኩስ ነው፤ በቤቱም የሚበላ ልብሱን ያጥባል፤ እስከ ማታም ርኩስ ነው።
9ff899ac-f519-5135-a1d1-70b39dabe42e,c4c3cc84-9215-5cdf-af84-62a0ba1a34ac,1da81996-7b96-5fa7-ac84-b378b451dbda,16,48,“ካህኑም ገብቶ ቢያየው፥ እነሆም፥ ቤቱ ከተመረገ በኋላ ደዌው በቤቱ ውስጥ ባይሰፋ፥ ደዌው ስለ ሻረ ካህኑ ቤቱን፦ ንጹሕ ነው ይለዋል።
66305629-f9cd-584c-a3c9-8f045140c1ca,c4c3cc84-9215-5cdf-af84-62a0ba1a34ac,1da81996-7b96-5fa7-ac84-b378b451dbda,17,49,ካህኑም ቤቱን ለማንጻት ሁለት ዶሮዎች፥ የዝግባ ዕንጨት፥ ቀይ ግምጃ፥ ሂሶጵም ይወስዳል።
7de9bace-f18f-5244-accc-f9bc884a6ef3,c4c3cc84-9215-5cdf-af84-62a0ba1a34ac,1da81996-7b96-5fa7-ac84-b378b451dbda,18,50,አንደኛዪቱንም ዶሮ በሸክላ ዕቃ ውስጥ ከምንጩ ውኃ በላይ ያርዳል።
1e08ac80-fe04-5874-a062-26da574240ca,c4c3cc84-9215-5cdf-af84-62a0ba1a34ac,1da81996-7b96-5fa7-ac84-b378b451dbda,19,51,የዝግባውን ዕንጨት፥ ሂሶጱንም፥ ቀዩንም ግምጃ፥ ደኅነኛዪቱንም ዶሮ ወስዶ በታረደችው ዶሮ ደምና በምንጩ ውኃ ውስጥ ይነክራቸዋል፥ ቤቱንም ሰባት ጊዜ ይረጨዋል።
b3c52754-5729-54d4-a58f-4e7c87132fb5,c4c3cc84-9215-5cdf-af84-62a0ba1a34ac,1da81996-7b96-5fa7-ac84-b378b451dbda,20,52,ቤቱንም በዶሮዪቱ ደም በምንጩም ውኃ፥ በደኅነኛዪቱም ዶሮ፥ በዝግባውም ዕንጨት፥ በሂሶጱም፥ በቀዩም ግምጃ ያነጻዋል።
edc8abdf-9754-5a66-a45a-f44461ef6784,c4c3cc84-9215-5cdf-af84-62a0ba1a34ac,1da81996-7b96-5fa7-ac84-b378b451dbda,21,53,ደኅነኛዪቱንም ዶሮ ከከተማ ወደ ሜዳ ይሰድዳታል፤ ለቤቱም ያስተሰርይለታል፤ ንጹሕም ይሆናል።
80a54ccc-8b9b-52f9-a76c-9b0b6e585936,c4c3cc84-9215-5cdf-af84-62a0ba1a34ac,1da81996-7b96-5fa7-ac84-b378b451dbda,22,54,“ይህም ሕግ ነው፤ ለሁሉ ዓይነት ለምጽና የቈረቈር ደዌ ሕጉ ይህ ነው፤
b5e7d000-e83e-5105-a754-8d78e456cd85,c4c3cc84-9215-5cdf-af84-62a0ba1a34ac,1da81996-7b96-5fa7-ac84-b378b451dbda,23,55,በልብስና በቤትም ላለ ለምጽ፥
f8634e0e-4938-5edc-abe7-e485323e775a,c4c3cc84-9215-5cdf-af84-62a0ba1a34ac,1da81996-7b96-5fa7-ac84-b378b451dbda,24,56,ለዕባጭም፥ ለብጕርም፥ ለቋቍቻም፤
32c3f993-c04e-5b97-a3aa-f0c7081bc590,c4c3cc84-9215-5cdf-af84-62a0ba1a34ac,1da81996-7b96-5fa7-ac84-b378b451dbda,25,57,በሚረክስና በሚነጻ ጊዜ እንዲያስታውቅ ይህ የለምጽ ሕግ ነው።”
483f800f-8c8a-5bd4-abf6-83f6d86dcda4,72441860-bf1b-523c-a620-28bb0ef9a924,e1958a0e-d248-5a97-ad35-95182e48f013,1,1,እግዚአብሔርም ሙሴንና አሮንን እንዲህ ብሎ ተናገራቸው፥
4dc0b3ec-b0ed-586f-af8c-59fbfdf15d48,72441860-bf1b-523c-a620-28bb0ef9a924,e1958a0e-d248-5a97-ad35-95182e48f013,2,2,“ለእስራኤል ልጆች እንዲህ ብላችሁ ንገሩአቸው፦ ከሰውነቱ ዘር የሚፈስሰው ሰው ቢኖር ስለሚፈስሰው ነገር ርኩስ ነው።
5b0c8e62-f548-5a4b-a713-5dd8335db2c1,72441860-bf1b-523c-a620-28bb0ef9a924,e1958a0e-d248-5a97-ad35-95182e48f013,3,3,ከሰውነቱ ፈሳሽ ለሚፈስሰው ሰው የርኵሰቱ ሕግ ይህ ነው፤ ፈሳሽ የሚፈስሰው ሰው ፈሳሹ እየፈሰሰው በሚኖርበት ጊዜ ሁሉ ርኩስ ነው፤ ፈሳሹ ያረክሰዋል።
ffc0e92c-c33c-5107-ab16-469112388244,72441860-bf1b-523c-a620-28bb0ef9a924,e1958a0e-d248-5a97-ad35-95182e48f013,4,4,ፈሳሽ ነገር ያለበት ሰው የሚተኛበት መኝታ ሁሉ ርኩስ ነው፤ የሚቀመጥበትም ነገር ሁሉ ርኩስ ነው።
c74a84c4-528d-5ab4-a986-95f7d84299d4,72441860-bf1b-523c-a620-28bb0ef9a924,e1958a0e-d248-5a97-ad35-95182e48f013,5,5,መኝታውንም የሚነካ ሰው ሁሉ ልብሱን ይጠብ፤ በውኃም ሰውነቱን ይታጠብ፤ እስከ ማታም ድረስ ርኩስ ነው።
ed657fa5-84c3-5126-a2e8-9a13feeca4e8,72441860-bf1b-523c-a620-28bb0ef9a924,e1958a0e-d248-5a97-ad35-95182e48f013,6,6,ፈሳሽ ነገር ያለበት ሰው በተቀመጠበት ነገር ላይ የሚቀመጥበት ሰው ልብሱን ይጠብ፤ በውኃም ይታጠብ፤ እስከ ማታም ድረስ ርኩስ ነው።
bc613367-f3f6-54d0-aabb-bbbefcb31ee3,72441860-bf1b-523c-a620-28bb0ef9a924,e1958a0e-d248-5a97-ad35-95182e48f013,7,7,ፈሳሽ ነገር ያለበትን የሰውን ሥጋ የሚነካ ልብሱን ይጠብ፤ በውኃም ይታጠብ፤ እስከ ማታም ድረስ ርኩስ ነው።
601d225c-68b5-5337-ac33-3e53fd823263,72441860-bf1b-523c-a620-28bb0ef9a924,e1958a0e-d248-5a97-ad35-95182e48f013,8,8,ፈሳሽ ነገር ያለበት ሰው በንጹሕ ሰው ላይ ቢተፋ ልብሱን ይጠብ፤ በውኃም ይታጠብ፤ እስከ ማታም ድረስ ርኩስ ነው።
5b7d772a-bc12-54c5-aa1b-de2d770e773e,72441860-bf1b-523c-a620-28bb0ef9a924,e1958a0e-d248-5a97-ad35-95182e48f013,9,9,ፈሳሽ ነገር ያለበት ሰው የተቀመጠበት ኮርቻ ሁሉ ርኩስ ነው።
74a36cb5-0a86-5cee-aada-b0c62e2b4f9e,72441860-bf1b-523c-a620-28bb0ef9a924,e1958a0e-d248-5a97-ad35-95182e48f013,10,10,ከበታቹም ያለውን ነገር የሚነካ ሁሉ እስከ ማታ ድረስ ርኩስ ነው፤ እነዚህንም ነገሮች የሚያነሣ ሁሉ ልብሱን ይጠብ፤ በውኃም ይታጠብ፤ እስከ ማታም ድረስ ርኩስ ነው።
9e9ec2f7-7507-535b-af53-6927e4b9733b,72441860-bf1b-523c-a620-28bb0ef9a924,e1958a0e-d248-5a97-ad35-95182e48f013,11,11,ፈሳሽ ነገር ያለበት ሰው እጁን በውኃ ሳይታጠብ የሚነካው ሁሉ ልብሶቹን ይጠብ፤ በውኃም ይታጠብ፤ እስከ ማታም ርኩስ ነው።
a2369689-b9aa-51ee-a640-612fc9a8917b,72441860-bf1b-523c-a620-28bb0ef9a924,e1958a0e-d248-5a97-ad35-95182e48f013,12,12,ፈሳሽ ነገር ያለበት ሰው የሚነካውን የሸክላ ዕቃ ይስበሩት፤ የዕንጨቱንም ዕቃ ሁሉ በውኃ ይጠቡት፤ ንጹሕም ይሆናል።
d7f1ece1-a403-5b9c-a128-2f94d7cfce32,72441860-bf1b-523c-a620-28bb0ef9a924,e1958a0e-d248-5a97-ad35-95182e48f013,13,13,“ፈሳሽ ነገር ያለበት ሰው ከፈሳሹ ነገር ሲነጻ ስለ መንጻቱ ሰባት ቀን ይቈጥራል፤ ልብሶቹንም ያጥባል፤ ገላውንም በምንጭ ውኃ ይታጠባል፤ ንጹሕም ይሆናል።
c16872ca-5a06-5df1-ad60-b89c8fe5c2a9,72441860-bf1b-523c-a620-28bb0ef9a924,e1958a0e-d248-5a97-ad35-95182e48f013,14,14,በስምንተኛውም ቀን ሁለት ዋኖሶች ወይም ሁለት የርግብ ግልገሎች ይዞ ወደ ምስክሩ ድንኳን ደጃፍ በእግዚአብሔር ፊት ያመጣል፤ ለካህኑም ይሰጠዋል።
a5176892-f87f-5e8b-a50d-5a9293183328,72441860-bf1b-523c-a620-28bb0ef9a924,e1958a0e-d248-5a97-ad35-95182e48f013,15,15,ካህኑም አንዲቱን ለኀጢአት መሥዋዕት፥ አንዲቱንም ለሚቃጠል መሥዋዕት ያቀርባል፤ ካህኑም በእግዚአብሔር ፊት ስለ ፈሳሹ ነገር ሁሉ ያስተሰርይለታል።
ae62aaa8-bace-5f38-a880-3a9eab38f0f5,72441860-bf1b-523c-a620-28bb0ef9a924,e1958a0e-d248-5a97-ad35-95182e48f013,16,16,“ማንም ሰው ዘር ከእርሱ ቢወጣ፥ ገላውን ሁሉ በውኃ ይታጠባል፤ እስከ ማታም ርኩስ ነው።
7f8fe990-3f64-5210-a50a-121fcfcd770d,72441860-bf1b-523c-a620-28bb0ef9a924,e1958a0e-d248-5a97-ad35-95182e48f013,17,17,ዘር የነካው ልብስ ሁሉ፥ ቍርበትም ሁሉ በውኃ ይታጠባል፤ እስከ ማታም ድረስ ርኩስ ነው።
59803f3d-190f-5da6-aae8-d68e9cd2ce40,72441860-bf1b-523c-a620-28bb0ef9a924,e1958a0e-d248-5a97-ad35-95182e48f013,18,18,ሴት ፈሳሽ ከአለበት ወንድ ጋር ብትገናኝ ሁለቱም በውኃ ይታጠባሉ፤ እስከ ማታም ድረስ ርኩሳን ናቸው።
99fc88ba-bf0e-5eab-aa7d-707ee8f3a655,72441860-bf1b-523c-a620-28bb0ef9a924,e1958a0e-d248-5a97-ad35-95182e48f013,19,19,“ሴት ፈሳሽ ነገር ቢኖርባት፥ በሥጋዋም ያለው ፈሳሽ ነገር ደም ቢሆን፥ በግዳጅዋ ሰባት ቀን ትቀመጣለች፤ የሚነካትም ሁሉ እስከ ማታ ድረስ ርኩስ ነው።
a5da1d39-4c45-51ee-a146-215195146e3f,72441860-bf1b-523c-a620-28bb0ef9a924,e1958a0e-d248-5a97-ad35-95182e48f013,20,20,በግዳጅም ሳለች የምትተኛበት ነገር ሁሉ ርኩስ ነው፤ የምትቀመጥበትም ነገር ሁሉ ርኩስ ነው።
4167f0ad-813f-5025-a81a-ff0da246bff8,72441860-bf1b-523c-a620-28bb0ef9a924,e1958a0e-d248-5a97-ad35-95182e48f013,21,21,መኝታዋንም የሚነካ ሁሉ ልብሶቹን ያጥባል፤ በውኃም ሰውነቱን ይታጠባል፤ እስከ ማታም ድረስ ርኩስ ነው።
84f74e1b-6492-5425-ae0d-705048173121,72441860-bf1b-523c-a620-28bb0ef9a924,e1958a0e-d248-5a97-ad35-95182e48f013,22,22,የምትቀመጥበትንም ነገር ሁሉ የሚነካ ሁሉ ልብሶቹን ያጥባል፤ በውኃም ሰውነቱን ይታጠባል፤ እስከ ማታም ርኩስ ነው።
ecb6f829-5ecc-526e-a253-538275c4368a,72441860-bf1b-523c-a620-28bb0ef9a924,e1958a0e-d248-5a97-ad35-95182e48f013,23,23,በመኝታዋም ላይ ወይም በምትቀመጥበት ነገር ላይ ቢሆን ሲነካው እስከ ማታ ድረስ ርኩስ ነው።
7298ad1c-91f3-5309-a59a-34c8c35f6bf3,72441860-bf1b-523c-a620-28bb0ef9a924,e1958a0e-d248-5a97-ad35-95182e48f013,24,24,ማንም ከእርስዋ ጋር ቢተኛ፥ ግዳጅዋም ቢነካው፥ ሰባት ቀን ርኩስ ነው፤ የሚተኛበትም መኝታ ሁሉ ርኩስ ነው።
44989539-689e-5a43-aa2a-e2e732d019a4,72441860-bf1b-523c-a620-28bb0ef9a924,e1958a0e-d248-5a97-ad35-95182e48f013,25,25,“ሴትም ከግዳጅዋ ቀን ሌላ ደምዋ ብዙ ቀን ቢፈስስ፥ ወይም ደምዋ ከግዳጅዋ ወራት በኋላ ቢፈስስ፥ በግዳጅዋ ወራት እንደ ሆነች እንዲሁ በፈሳሽዋ ርኩስነት ወራት ትሆናለች፤ ርኵስት ናት።
e7a8a17c-0ac3-5f17-a2a2-326121b43236,72441860-bf1b-523c-a620-28bb0ef9a924,e1958a0e-d248-5a97-ad35-95182e48f013,26,26,ደምዋም በሚፈስስበት ወራት ሁሉ የምትተኛበት መኝታ ሁሉ በግዳጅዋ ጊዜ እንደ ነበረው መኝታ ያለ ይሆንባታል፤ የምትቀመጥበት ነገር ሁሉ እንደ ግዳጅዋ ርኩስነት ርኩስ ነው።
9ff02209-20e4-5bfe-a6f3-42058e4004a9,72441860-bf1b-523c-a620-28bb0ef9a924,e1958a0e-d248-5a97-ad35-95182e48f013,27,27,እነዚህንም ነገሮች የሚነካ ሁሉ ርኩስ ነው፤ ልብሱንም ያጥባል፤ በውኃም ይታጠባል፤ እስከ ማታም ርኩስ ነው።
8b82c70d-b813-52a5-aee9-dd50ff3a8b95,72441860-bf1b-523c-a620-28bb0ef9a924,e1958a0e-d248-5a97-ad35-95182e48f013,28,28,ከፈሳሽዋም ብትነጻ ሰባት ቀን ትቈጥራለች፤ ከዚያም በኋላ ንጽሕት ትሆናለች።
bf8e5fe5-5542-5a69-a9d3-6e4e52b62f48,72441860-bf1b-523c-a620-28bb0ef9a924,e1958a0e-d248-5a97-ad35-95182e48f013,29,29,በስምንተኛውም ቀን ሁለት ዋኖሶች ወይም ሁለት የርግብ ግልገሎች ይዛ ወደ ካህኑ ወደ ምስክሩ ድንኳን ደጃፍ ታመጣቸዋለች።
d2d11a3d-8907-5963-af7e-b7076f680248,72441860-bf1b-523c-a620-28bb0ef9a924,e1958a0e-d248-5a97-ad35-95182e48f013,30,30,ካህኑም አንዲቱን ለኀጢአት መሥዋዕት፥ አንዲቱንም ለሚቃጠል መሥዋዕት ያቀርባል፤ ካህኑም ስለ ፈሳሽዋ ርኩስነት በእግዚአብሔር ፊት ያስተሰርይላታል።
1b675228-db38-5095-a78c-283bbf4cfc96,72441860-bf1b-523c-a620-28bb0ef9a924,e1958a0e-d248-5a97-ad35-95182e48f013,31,31,“እንዲሁም በእነርሱ መካከል ያለችውን ድንኳኔን ባረከሱ ጊዜ፥ በርኩስነታቸው እንዳይሞቱ የእስራኤልን ልጆች ከርኩስነታቸው አንጹአቸው።
4e01ed96-f2e9-557b-ac4d-c447cba6d218,72441860-bf1b-523c-a620-28bb0ef9a924,e1958a0e-d248-5a97-ad35-95182e48f013,32,32,“ፈሳሽ ነገር ላለበት ሰው፥ ይረክስም ዘንድ ዘሩ ለሚወጣበት ሰው፥
b82b0d63-238c-54dc-ab91-420e36cf1b7d,72441860-bf1b-523c-a620-28bb0ef9a924,e1958a0e-d248-5a97-ad35-95182e48f013,33,33,በግዳጅዋም ደም ለሚፈስሳት፥ ፈሳሽም ነገር ላለባቸው ለወንድም ለሴትም፥ ከረከሰችም ሴት ጋር ለሚተኛ ሰው ሕጉ ይህ ነው።”
34015bca-9f82-5842-a2ec-b6603c79f986,57630970-7f74-5d4a-a02f-076adff5ff59,10e696d3-d1fc-5ffa-a758-8ded3d60e626,1,1,በእግዚአብሔር ፊት ሌላ እሳትን ስላመጡ የሞቱ ሁለቱ የአሮን ልጆች ከሞቱ በኋላ እግዚአብሔር ሙሴን ተናገረው።
748781ac-c99a-5657-addc-c8a2f3dc14b7,57630970-7f74-5d4a-a02f-076adff5ff59,10e696d3-d1fc-5ffa-a758-8ded3d60e626,2,2,እግዚአብሔርም ሙሴን አለው፥ “እኔ በስርየቱ መክደኛ ላይ በደመናው ውስጥ እታያለሁና እንዳይሞት በመጋረጃው ውስጥ በምስክሩ ታቦት ላይ ወዳለው ወደ ስርየቱ መክደኛ ወደ ተቀደሰው ስፍራ ሁልጊዜ እንዳይገባ ለወንድምህ ለአሮን ንገረው።
0229bf70-59d5-5aed-a9c4-77182cb470a4,57630970-7f74-5d4a-a02f-076adff5ff59,10e696d3-d1fc-5ffa-a758-8ded3d60e626,3,3,እንዲሁ አሮን ለኀጢአት መሥዋዕት ከላሞች ወይፈን፥ ለሚቃጠል መሥዋዕትም አውራ በግ ይዞ ወደ ተቀደሰው ስፍራ ይግባ።
9153d2c4-ee22-5fab-ab56-99fdd9780aa4,57630970-7f74-5d4a-a02f-076adff5ff59,10e696d3-d1fc-5ffa-a758-8ded3d60e626,4,4,የተቀደሰውንም የተልባ እግር ቀሚስ ይልበስ፤ የተልባ እግርም ሱሪ በገላው ላይ ይሁን፤ የተልባ እግር መታጠቂያ ይታጠቅ፤ የተልባ እግር አክሊልም በራሱ ላይ ያድርግ፤ እነዚህ የተቀደሱ ልብሶች ናቸው፤ ገላውንም በውኃ ታጥቦ ይልበሳቸው።
686bd797-6179-59d7-a84f-b2cdcaf7136e,57630970-7f74-5d4a-a02f-076adff5ff59,10e696d3-d1fc-5ffa-a758-8ded3d60e626,5,5,ከእስራኤልም ልጆች ማኅበር ለኀጢአት መሥዋዕት ሁለት የፍየል ጠቦቶች፥ ለሚቃጠል መሥዋዕት አንድ አውራ በግ ይውሰድ።
5a860d0d-7785-5a25-a930-085dd9b64ac5,57630970-7f74-5d4a-a02f-076adff5ff59,10e696d3-d1fc-5ffa-a758-8ded3d60e626,6,6,“አሮንም የኀጢአቱን መሥዋዕት ወይፈን ያቀርባል፤ ለራሱም፥ ለቤተሰቡም ያስተሰርያል።
df16dc8a-8d53-5199-aa8a-c411d3c3ddf2,57630970-7f74-5d4a-a02f-076adff5ff59,10e696d3-d1fc-5ffa-a758-8ded3d60e626,7,7,ሁለቱንም የፍየል ጠቦቶች ወስዶ በምስክሩ ድንኳን ደጃፍ አጠገብ በእግዚአብሔር ፊት ያቆማቸዋል።
9463a53c-e7d8-559d-a9ca-8815240ba852,57630970-7f74-5d4a-a02f-076adff5ff59,10e696d3-d1fc-5ffa-a758-8ded3d60e626,8,8,አሮንም በሁለቱ የፍየል ጠቦቶች ላይ ዕጣ ይጥልባቸዋል፤ አንዱን ዕጣ ለእግዚአብሔር፥ ሌላውንም ዕጣ ለሚለቀቅ።
55dcb500-ad1b-51a0-af95-c1c5a2a58165,57630970-7f74-5d4a-a02f-076adff5ff59,10e696d3-d1fc-5ffa-a758-8ded3d60e626,9,9,አሮንም የእግዚአባሔር ዕጣ የሆነበትን ፍየል ያቀርባል፤ ስለ ኀጢአትም መሥዋዕት ያደርገዋል።
3a741978-510e-5eff-ac67-0b23e5c1b361,57630970-7f74-5d4a-a02f-076adff5ff59,10e696d3-d1fc-5ffa-a758-8ded3d60e626,10,10,የመለቀቅም ዕጣ የሆነበትን ፍየል ያስተሰርይበት ዘንድ፥ ለመለቀቅም ወደ ምድረ በዳ ይሰድደው ዘንድ በሕይወቱ በእግዚአብሔር ፊት ያቆመዋል።
068b116c-e367-58bd-a99d-929bec69a6d7,57630970-7f74-5d4a-a02f-076adff5ff59,10e696d3-d1fc-5ffa-a758-8ded3d60e626,11,11,“አሮንም ስለ ራሱ ኀጢአት የሚሠዋውን መሥዋዕት ወይፈኑን ያቀርባል፤ ለራሱም ለቤተሰቡም ያስተሰርያል፤ ስለ ኀጢአቱ የእርሱን መሥዋዕት ወይፈኑን ያርዳል።
4013ff09-ba46-579d-a5f3-f9be335afb0b,57630970-7f74-5d4a-a02f-076adff5ff59,10e696d3-d1fc-5ffa-a758-8ded3d60e626,12,12,በእግዚአብሔርም ፊት ከአለው መሠዊያ ላይ የእሳት ፍም አምጥቶ ጥናውን ይሞላል፤ ከተወቀጠውም ልቅምና ደቃቅ ዕጣን እጁን ሙሉ ይወስዳል፤ ወደ መጋረጃውም ውስጥ ያመጣዋል።
a9faf965-8a27-5332-afb5-72867901aea5,57630970-7f74-5d4a-a02f-076adff5ff59,10e696d3-d1fc-5ffa-a758-8ded3d60e626,13,13,እንዳይሞትም የጢሱ ደመና በምስክሩ ታቦት ላይ ያለውን መክደኛ ይሸፍን ዘንድ በእግዚአብሔር ፊት ዕጣኑን በእሳቱ ላይ ያደርጋል።
6c1b9d09-817d-541a-a9b0-91ef8dd2eeea,57630970-7f74-5d4a-a02f-076adff5ff59,10e696d3-d1fc-5ffa-a758-8ded3d60e626,14,14,ከወይፈኑም ደም ወስዶ በስርየቱ መክደኛ ላይ ወደ ምሥራቅ በጣቱ ይረጨዋል፤ ከደሙም በመክደኛው ፊት በጣቱ ሰባት ጊዜ ይረጫል።
784f423b-a084-5be2-a4ce-fe44d92099a5,57630970-7f74-5d4a-a02f-076adff5ff59,10e696d3-d1fc-5ffa-a758-8ded3d60e626,15,15,“ስለ ሕዝቡም ኀጢአት የሚሠዋውን መሥዋዕት ፍየል ያርዳል፤ ደሙንም ወደ መጋረጃው ውስጥ ያመጣዋል፤ በወይፈኑም ደም እንዳደረገ በፍየሉ ደም ያደርጋል፤ በመክደኛው ላይና በመክደኛው ፊት ይረጨዋል።
51f514cb-a1ef-57bc-abbf-205e9432870e,57630970-7f74-5d4a-a02f-076adff5ff59,10e696d3-d1fc-5ffa-a758-8ded3d60e626,16,16,ከእስራኤል ልጆች ርኩስነት፥ ከመተላለፋቸውም፥ ከኀጢአታቸውም የተነሣ ለመቅደሱ ያስተሰርይለታል፤ እንዲሁም በርኩስነታቸው መካከል ከእነርሱ ጋር ለኖረች ለምስክሩ ድንኳን ያደርጋል።
0f5b8cf7-e65f-5de6-ad41-01be578cba91,57630970-7f74-5d4a-a02f-076adff5ff59,10e696d3-d1fc-5ffa-a758-8ded3d60e626,17,17,እርሱ ለማስተስረይ ወደ መቅደሱ በገባ ጊዜ ለራሱ፥ ለቤተሰቡም፥ ለእስራኤል ጉባኤ ሁሉ አስተስርዮ እስኪወጣ ድረስ በምስክሩ ድንኳን ውስጥ ማንም አይኖርም።
9ded7aeb-1af4-50f5-a453-521bc8420104,57630970-7f74-5d4a-a02f-076adff5ff59,10e696d3-d1fc-5ffa-a758-8ded3d60e626,18,18,በእግዚአብሔርም ፊት ወዳለው ወደ መሠዊያው ወጥቶ ያስተሰርይለታል፤ ከወይፈኑም ደም፥ ከፍየሉም ደም ወስዶ በመሠዊያው ዙሪያ ያሉትን ቀንዶች ያስነካል።
5dcc359a-ee2a-51ac-ae46-b3815e2d030b,57630970-7f74-5d4a-a02f-076adff5ff59,10e696d3-d1fc-5ffa-a758-8ded3d60e626,19,19,ከደሙም በእርሱ ላይ ሰባት ጊዜ በጣቱ ይረጫል፤ ከእስራኤልም ልጆች ርኩስነት ያነጻዋል፤ ይቀድሰውማል።
2fa1610a-a11b-5660-aa50-3f01030c598a,57630970-7f74-5d4a-a02f-076adff5ff59,6e0a565c-09d4-55fd-a4cd-fb8ee259c9aa,1,20,“ስለመቅደሱ፥ስለ ምስክሩም ድንኳን፥ ስለ መሠዊያውም ማስተስረያና ስለ ካህናትም ማንጻት ከፈጸመ በኋላ ደኅነኛውን ፍየል ያቀርባል።
41394ffe-7055-59b7-ac53-449b26751524,57630970-7f74-5d4a-a02f-076adff5ff59,6e0a565c-09d4-55fd-a4cd-fb8ee259c9aa,2,21,አሮንም ሁለቱን እጆቹን በደኅነኛው ፍየል ራስ ላይ ይጭናል፤ በላዩም የእስራኤልን ልጆች በደል ሁሉ፥ መተላለፋቸውን ሁሉ፥ ኀጢአታቸውንም ሁሉ ያስተሰርያል፤ በፍየሉም ራስ ላይ ያሸክመዋል፤ በተዘጋጀው ሰውም እጅ ወደ ምድረ በዳ ይሰድደዋል።
77a37f6e-9b8d-5ebf-a282-916aca9cb4f7,57630970-7f74-5d4a-a02f-076adff5ff59,6e0a565c-09d4-55fd-a4cd-fb8ee259c9aa,3,22,ፍየሉም ኀጢአታቸውን ሁሉ ወደ በረሃ ይሸከማል፤ ፍየሉንም ዛፍ በሌለበት በምድረ በዳ ውስጥ ይለቅቀዋል።
8dea8781-cda8-59c6-a7bc-651469111aa5,57630970-7f74-5d4a-a02f-076adff5ff59,6e0a565c-09d4-55fd-a4cd-fb8ee259c9aa,4,23,“አሮንም ወደ ምስክሩ ድንኳን ይገባል፤ ወደ መቅደሱም በገባ ጊዜ የለበሰውን የተልባ እግር ልብስ ያወልቃል፤ በዚያም ይተወዋል።
2252d0b4-c00a-584e-a4b7-6ecb98c0a467,57630970-7f74-5d4a-a02f-076adff5ff59,6e0a565c-09d4-55fd-a4cd-fb8ee259c9aa,5,24,በተቀደሰውም ስፍራ ገላውን በውኃ ይታጠባል፤ ሌላውንም ልብስ ለብሶ ይወጣል፤ የእርሱንም የሚቃጠል መሥዋዕት ያቀርባል፤ ለካህናቱ እንዳስተሰረየ ለራሱም፥ ለሕዝቡም ያስተሰርያል።
4184c87c-bdf2-5161-a90b-4c6fbdcfee7d,57630970-7f74-5d4a-a02f-076adff5ff59,6e0a565c-09d4-55fd-a4cd-fb8ee259c9aa,6,25,የኀጢአቱንም መሥዋዕት ስብ በመሠዊያው ላይ ያቃጥለዋል።
8134090f-dd7e-5264-a51f-88bbccd11bb6,57630970-7f74-5d4a-a02f-076adff5ff59,6e0a565c-09d4-55fd-a4cd-fb8ee259c9aa,7,26,ለመለቀቅ የሚሆነውን ፍየል የወሰደ ሰው ልብሱን ያጥባል፤ ገላውንም በውኃ ይታጠባል፤ ከዚያም በኋላ ወደ ሰፈሩ ይገባል።
04667da5-9892-5ac3-a6c2-2492d6d5f9d7,57630970-7f74-5d4a-a02f-076adff5ff59,6e0a565c-09d4-55fd-a4cd-fb8ee259c9aa,8,27,ለማስተስረያም እንዲሆን ደማቸው ወደ መቅደስ የገባውን የኀጢአቱን መሥዋዕት ወይፈንና የኀጢአቱን መሥዋዕት ፍየል ከሰፈሩ ወደ ውጭ ያወጡአቸዋል፤ ቍርበታቸውንም፥ ሥጋቸውንም፥ ፈርሳቸውንም በእሳት ያቃጥላሉ።
2e6d39e7-7645-5bad-a1be-1c5b9d6c2c52,57630970-7f74-5d4a-a02f-076adff5ff59,6e0a565c-09d4-55fd-a4cd-fb8ee259c9aa,9,28,ያቃጠላቸውም ሰው ልብሱን ያጥባል፤ ገላውንም በውኃ ይታጠባል፤ ከዚያም በኋላ ወደ ሰፈር ይገባል።
8cad7573-58a7-59c9-a590-8e391cf1918c,57630970-7f74-5d4a-a02f-076adff5ff59,6e0a565c-09d4-55fd-a4cd-fb8ee259c9aa,10,29,“ይህም የዘለዓለም ሥርዐት ይሁንላችሁ።
47937bf5-a681-5254-affc-3afdc8fbaa5a,57630970-7f74-5d4a-a02f-076adff5ff59,6e0a565c-09d4-55fd-a4cd-fb8ee259c9aa,11,30,በዚህ ቀን ትነጹ ዘንድ ማስተስረያ ይሆንላችኋልና በሰባተኛው ወር ከወሩም በዐሥረኛው ቀን ራሳችሁን አስጨንቋት፤ የሀገር ልጅም፥ በእናንተም መካከል የተቀመጠ እንግዳ ሥራን ሁሉ አትሥሩበት፤ በእግዚአብሔርም ፊት ከኀጢአታችሁ ሁሉ ትነጻላችሁ።
a2a90fdc-1533-548c-a5d4-90146ddfc947,57630970-7f74-5d4a-a02f-076adff5ff59,6e0a565c-09d4-55fd-a4cd-fb8ee259c9aa,12,31,ታላቅ ሰንበት ይሆንላችኋል፤ ራሳችሁንም ታዋርዳላችሁ፤ የዘለዓለም ሥርዐት ነው።
c10d1300-079b-54ca-ad41-ab282ef68600,57630970-7f74-5d4a-a02f-076adff5ff59,6e0a565c-09d4-55fd-a4cd-fb8ee259c9aa,13,32,የሚቀባውም፥ በአባቱም ፋንታ ካህን ሊሆን የሚካነው ካህን ያስተስርይ፤ የተቀደሰውንም የተልባ እግር ልብስ ይልበስ።
75a7bdb7-91ae-5a5a-aa37-040cf06c9842,57630970-7f74-5d4a-a02f-076adff5ff59,6e0a565c-09d4-55fd-a4cd-fb8ee259c9aa,14,33,ለቅድስተ ቅዱሳንም ያስተስርይ፤ ለምስክሩ ድንኳን፥ ለመሠዊያውም ያስተስርይ፤ ለካህናቱም፥ ለጉባኤውም ሕዝብ ሁሉ ያስተስርይ።
cf134eb5-4611-5048-ae72-d446b7748b10,57630970-7f74-5d4a-a02f-076adff5ff59,6e0a565c-09d4-55fd-a4cd-fb8ee259c9aa,15,34,ይህም አንድ ጊዜ በዓመት ለእስራኤል ልጆች ስለ ኀጢአታቸው ሁሉ ያስተሰርይ ዘንድ የዘለዓለም ሥርዐት ይሁንላችሁ።” እግዚአብሔርም ሙሴን እንዳዘዘው እንዲሁ አደረገ።
9231b7c1-d632-5ddb-acd6-647226bdb621,bfd5965a-371e-580b-a495-62595174792f,fe4af3a1-ef9d-513c-a73f-f6ca48e77c81,1,1,እግዚአብሔርም ሙሴን እንዲህ ብሎ ተናገረው-
033387b5-462f-56bc-ac1a-d306ad2de7e5,bfd5965a-371e-580b-a495-62595174792f,fe4af3a1-ef9d-513c-a73f-f6ca48e77c81,2,2,“ለአሮንና ለልጆቹ፥ ለእስራኤልም ልጆች ሁሉ እንዲህ ብለህ ንገር፦ እግዚአብሔር ያዘዘው ይህ ነው፤ እንዲህም አለ፦
e5db2371-2852-5e8b-a95c-a0495656cdc8,bfd5965a-371e-580b-a495-62595174792f,fe4af3a1-ef9d-513c-a73f-f6ca48e77c81,3,3,ከእስራኤል ቤት ከመካከላቸውም ከሚኖሩ እንግዶች ማናቸውም ሰው በሬ፥ ወይም በግ፥ ወይም ፍየል ቢያርድ፥ በሰፈሩ ውስጥ ወይም ከሰፈሩ ውጭ ቢያርደው፥
9736cd11-d87a-56a4-a423-c17176787035,bfd5965a-371e-580b-a495-62595174792f,fe4af3a1-ef9d-513c-a73f-f6ca48e77c81,4,4,ለእግዚአብሔር በጎ መዓዛ ያለው የተመረጠ የሚቃጠል መሥዋዕት፥ ወይም የድኅነት መሥዋዕት ያደርገው ዘንድ ወደ ምስክሩ ድንኳን ደጃፍ ባያመጣው፥ በሌላም ቦታ ቢያርደው፥ በእግዚአብሔር ማደሪያ ፊት ለእግዚአብሔር ቍርባን ያቀርብ ዘንድ ወደ ምስክሩ ድንኳን ባያመጣው፥ ደሙ በዚያ ሰው ላይ ይቈጠርበታል፤ ደም አፍስሶአልና፤ ያም ከሕዝቡ ተለይቶ ይጥፋ።
e6dec9a7-9f16-5e04-a233-68e45011f030,bfd5965a-371e-580b-a495-62595174792f,fe4af3a1-ef9d-513c-a73f-f6ca48e77c81,5,5,ስለዚህ የእስራኤል ልጆች በሜዳ የሚያርዱትን መሥዋዕታቸውን ወደ እግዚአብሔር ወደ ምስክሩ ድንኳን ደጃፍ ያመጡታል፤ ወደ ካህኑም አምጥተው ለእግዚአብሔር ለድኅነት መሥዋዕት ይሠዉታል።
22a2d058-c5a2-599d-aa1c-c536774e58db,bfd5965a-371e-580b-a495-62595174792f,fe4af3a1-ef9d-513c-a73f-f6ca48e77c81,6,6,ካህኑም በምስክሩ ድንኳን ደጃፍ ባለው በመሠዊያው ላይ በእግዚአብሔር ፊት ደሙን ይረጨዋል፤ ስቡንም ለእግዚአብሔር በጎ መዓዛ እንዲሆን ያቃጥለዋል።
5db70d57-6ea7-5e6f-a62d-8d14e7dd6efe,bfd5965a-371e-580b-a495-62595174792f,fe4af3a1-ef9d-513c-a73f-f6ca48e77c81,7,7,መሥዋዕታቸውንም ደግሞ ተከትለው ላመነዘሩባቸው ለሰይጣናት አይሠዉ። ይህ ለእነርሱ ለልጅ ልጃቸው ለዘለዓለም ሥርዐት ይሁን።”
52c19f5e-8d1e-5c44-a60d-e74681238653,bfd5965a-371e-580b-a495-62595174792f,fe4af3a1-ef9d-513c-a73f-f6ca48e77c81,8,8,ለእነርሱ እንዲህ በላቸው፥ “ከእስራኤል ቤት ከመካከላቸው ከሚኖሩ እንግዶች ማናቸውም ሰው የሚቃጠል መሥዋዕት ወይም ሌላ መሥዋዕት ቢያቀርብ፥
9bbeae11-91a1-5219-adbb-3755fc3c1f8d,bfd5965a-371e-580b-a495-62595174792f,fe4af3a1-ef9d-513c-a73f-f6ca48e77c81,9,9,ለእግዚአብሔር ይሠዋ ዘንድ ወደ ምስክሩ ድንኳን ደጃፍ ባያመጣው፥ ያ ሰው ከሕዝቡ ተለይቶ ይጥፋ።
21654e31-6471-5762-ad96-02170a31a391,bfd5965a-371e-580b-a495-62595174792f,fe4af3a1-ef9d-513c-a73f-f6ca48e77c81,10,10,“ከእስራኤልም ልጆች፥ ወይም በመካከላቸው ከሚኖሩ እንግዶች ማናቸውም ሰው ደም ቢበላ፥ ደም በሚበላው በዚያ ሰው ላይ ፊቴን አከብድበታለሁ፤ ያንም ሰው ከሕዝቡ ለይች አጠፋዋለሁ።
c474d85c-4e4a-5c33-a632-f20e671ae579,bfd5965a-371e-580b-a495-62595174792f,fe4af3a1-ef9d-513c-a73f-f6ca48e77c81,11,11,የሥጋ ሁሉ ሕይወት ደሙ ነው፤ ደሙም ከሕይወቱ የተነሣ ያስተሰርያልና በመሠዊያው ላይ ለነፍሳችሁ ማስተስረያ ይሆን ዘንድ እኔ ለእናንተ ሰጠሁት።
1d0ad38f-4eb4-5d57-a9c2-a11024bee51b,bfd5965a-371e-580b-a495-62595174792f,fe4af3a1-ef9d-513c-a73f-f6ca48e77c81,12,12,ስለዚህ የእስራኤልን ልጆች፦ ‘ከእናንተ ማንም ደምን አይበላም፤ በመካከላችሁም ከሚኖሩ እንግዶች ማንም ደምን አይበላም’ አልሁ።
be24e262-2238-5470-a43b-b378a6e2871a,bfd5965a-371e-580b-a495-62595174792f,fe4af3a1-ef9d-513c-a73f-f6ca48e77c81,13,13,“ከእስራኤልም ልጆች፥ ወይም በመካከላቸው ከሚኖሩ እንግዶች ማናቸውም ሰው የሚበላ እንስሳ ወይም ወፍ እያደነ ቢይዝ፥ ደሙን ያፈስሳል፤ በአፈርም ይከድነዋል።
0f98a4f8-0105-533a-a5a0-de3eb995f8e0,bfd5965a-371e-580b-a495-62595174792f,fe4af3a1-ef9d-513c-a73f-f6ca48e77c81,14,14,የሥጋ ሁሉ ሕይወት ደሙ ነውና፤ ስለዚህ ለእስራኤል ልጆች፦ የሥጋ ሁሉ ሕይወት ደሙ ነውና የሥጋውን ሁሉ ደም አትብሉ፤ የሚበላውም ሁሉ ተለይቶ ይጥፋ አልኋቸው።
a4173ec6-723e-5e59-ad2b-8c5ecdc834a0,bfd5965a-371e-580b-a495-62595174792f,fe4af3a1-ef9d-513c-a73f-f6ca48e77c81,15,15,የሞተውን ወይም አውሬ የሰበረውን የሚበላ ሰው ሁሉ፥ የሀገር ልጅ ወይም እንግዳ ቢሆን፥ ልብሱን ያጥባል፤ በውኃም ይታጠባል፤ እስከ ማታም ርኩስ ይሆናል፤ ከዚያም በኋላ ንጹሕ ይሆናል።
93823b40-865e-5b62-af2c-2a460590e513,bfd5965a-371e-580b-a495-62595174792f,fe4af3a1-ef9d-513c-a73f-f6ca48e77c81,16,16,ልብሱንና ገላውን ባያጥብ ግን ኀጢአቱን ይሸከማል።”
43365ba2-f01d-5865-ad37-c8cbea7c2633,486584a9-814f-5741-af99-4d267b966c8b,743434c5-6dca-5d4c-a833-9855df581525,1,1,እግዚአብሔርም ሙሴን እንዲህ ብሎ ተናገረው፦
5a23c0c9-9b14-55fb-a389-3cc0a9fb4d67,486584a9-814f-5741-af99-4d267b966c8b,743434c5-6dca-5d4c-a833-9855df581525,2,2,“ለእስራኤል ልጆች እንዲህ ብለህ ንገራቸው፦ እኔ እግዚአብሔር አምላካችሁ ነኝ።
a077689c-3798-5ca0-a534-9e0a66e388f3,486584a9-814f-5741-af99-4d267b966c8b,743434c5-6dca-5d4c-a833-9855df581525,3,3,እንደ ተቀመጣችሁባት እንደ ግብፅ ምድር ሥራ አትሥሩ፤ እኔም ወደ እርስዋ እንደማገባችሁ እንደ ከነዓን ምድር ሥራ አትሥሩ፤ በሥርዐታቸውም አትሂዱ።
539d44c0-3e1e-57c8-a0a3-1fa01d1272bd,486584a9-814f-5741-af99-4d267b966c8b,743434c5-6dca-5d4c-a833-9855df581525,4,4,ፍርዴን አድርጉ፤ በእርስዋም ትሄዱ ዘንድ ሥርዐቴን ጠብቁ፤ እኔ እግዚአብሔር አምላካችሁ ነኝ።
bce66d44-9fae-59b3-a4a9-917a9a9750a3,486584a9-814f-5741-af99-4d267b966c8b,743434c5-6dca-5d4c-a833-9855df581525,5,5,የሚሠራቸው ሰው በእነርሱ በሕይወት ይኖራልና ሥርዐቴንና ፍርዴን ጠብቁ፤ እኔ እግዚአብሔር አምላካችሁ ነኝ።
431824a8-beeb-5758-af83-b3b261b1c84d,486584a9-814f-5741-af99-4d267b966c8b,743434c5-6dca-5d4c-a833-9855df581525,6,6,“ከእናንተም ማንም ሰው ኀፍረተ ሥጋውን ይገልጥ ዘንድ ወደ ሥጋ ዘመዱ ሁሉ አይቅረብ፤ እኔ እግዚአብሔር አምላካችሁ ነኝ።
7a0d401b-b117-5058-a651-b2a09ae3b266,486584a9-814f-5741-af99-4d267b966c8b,743434c5-6dca-5d4c-a833-9855df581525,7,7,የአባትህን ኀፍረተ ሥጋና የእናትህን ኀፍረተ ሥጋ አትግለጥ፤ እናትህ ናትና ኀፍረተ ሥጋዋን አትግለጥ።
1f1db50c-de99-5f1a-a189-6441ece8109f,486584a9-814f-5741-af99-4d267b966c8b,743434c5-6dca-5d4c-a833-9855df581525,8,8,የአባትህን ሚስት ኀፍረተ ሥጋ አትግለጥ፤ የአባትህ ኀፍረተ ሥጋ ነው።
eed86dd7-0247-539e-a787-530cb232e2c4,486584a9-814f-5741-af99-4d267b966c8b,743434c5-6dca-5d4c-a833-9855df581525,9,9,የእኅትህን ኀፍረተ ሥጋ አትግለጥ፤ የአባትህ ልጅ ወይም የእናትህ ልጅ በቤት ወይም በውጭ የተወለደች ብትሆን፥ ኀፍረተ ሥጋዋን አትግለጥ።
843b3459-0fc4-56d6-a407-0dab6b052f2f,486584a9-814f-5741-af99-4d267b966c8b,743434c5-6dca-5d4c-a833-9855df581525,10,10,የወንድ ልጅህን ሴት ልጅ ኀፍረተ ሥጋ ወይም የሴት ልጅህን ሴት ልጅ ኀፍረተ ሥጋ አትግለጥ፤ የአንተ ኀፍረተ ሥጋ ነውና።
831dd946-6056-5cb2-ab77-5ec3e05a2687,486584a9-814f-5741-af99-4d267b966c8b,743434c5-6dca-5d4c-a833-9855df581525,11,11,ከአባትህ የተወለደችውን የአባትህን ሚስት ልጅ ኀፍረተ ሥጋ አትግለጥ፤ ከአባትህ የተወለደች እኅትህ ናት፤ ኀፍረተ ሥጋዋን አትግለጥ።
7b5d318b-d2e9-590b-afa8-61f32ea6e611,486584a9-814f-5741-af99-4d267b966c8b,743434c5-6dca-5d4c-a833-9855df581525,12,12,የአባትህን እኅት ኀፍረተ ሥጋ አትግለጥ፤ የአባትህ ዘመድ ናትና።
5d6ba3fa-9f21-503b-adcb-43c7dd22f579,486584a9-814f-5741-af99-4d267b966c8b,743434c5-6dca-5d4c-a833-9855df581525,13,13,የእናትህን እኅት ኀፍረተ ሥጋ አትግለጥ፤ የእናትህ ዘመድ ናትና።
f7f1b445-e284-56ea-af4f-5a88e3a6f6f8,486584a9-814f-5741-af99-4d267b966c8b,743434c5-6dca-5d4c-a833-9855df581525,14,14,የአባትህን ወንድም ሚስት ኀፍረተ ሥጋ አትግለጥ፤ ዘመድህ ናትና።
2ac6112d-04f4-5acd-ac12-dcf4fb9087f3,486584a9-814f-5741-af99-4d267b966c8b,743434c5-6dca-5d4c-a833-9855df581525,15,15,የምራትህን ኀፍረተ ሥጋ አትግለጥ፤ የልጅህ ሚስት ናት፤ ኀፍረተ ሥጋዋን አትግለጥ።
7e99349f-5375-55eb-a4b5-f47e013827f0,486584a9-814f-5741-af99-4d267b966c8b,743434c5-6dca-5d4c-a833-9855df581525,16,16,የወንድምህን ሚስት ኀፍረተ ሥጋ አትግለጥ፤ የወንድምህ ኀፍረተ ሥጋ ነውና።
89a46a3b-2a6f-50ac-ac6e-3da512bed954,486584a9-814f-5741-af99-4d267b966c8b,743434c5-6dca-5d4c-a833-9855df581525,17,17,የሴትንና የሴት ልጅዋን ኀፍረተ ሥጋ አትግለጥ፤ የወንድ ልጅዋን ሴት ልጅ ወይም የሴት ልጅዋን ሴት ልጅ ኀፍረተ ሥጋዋን ትገልጥ ዘንድ አታግባ፤ ዘመዶች ናቸው፤ ኀጢአት ነውና።
0dff04c4-1278-5a26-a389-39a0d32b56ee,486584a9-814f-5741-af99-4d267b966c8b,743434c5-6dca-5d4c-a833-9855df581525,18,18,በእኅቷ ላይ እንዳትቀና ሚስትህ በሕይወት ሳለች የእኅቷን ኀፍረተ ሥጋ አትግለጥ።
7e8c1215-259c-569a-a2aa-f2a888606c00,486584a9-814f-5741-af99-4d267b966c8b,743434c5-6dca-5d4c-a833-9855df581525,19,19,“እርስዋም በግዳጅዋ ርኵሰት ሳለች ኀፍረተ ሥጋዋን ትገልጥ ዘንድ ሳትነጻ በግዳጅዋ ወደ አለች ሴት አትቅረብ።
529faaa3-163d-58df-ab85-a722f207c299,486584a9-814f-5741-af99-4d267b966c8b,743434c5-6dca-5d4c-a833-9855df581525,20,20,ከባልንጀራህ ሚስት ጋር አትተኛ፤ ዘርህንም አትዝራባት።
16d5af0e-3a06-591c-a5e1-c01486c6573d,486584a9-814f-5741-af99-4d267b966c8b,743434c5-6dca-5d4c-a833-9855df581525,21,21,ከዘርህም ለሞሎክ አትስጥ የአምላክህንም ስም አታርክስ፤ እኔ አምላክህ እግዚአብሔር ነኝ።
a3002c3d-ff10-5909-a105-cb34dcd3af31,486584a9-814f-5741-af99-4d267b966c8b,743434c5-6dca-5d4c-a833-9855df581525,22,22,ከሴትም ጋር እንደምትተኛ ከወንድ ጋር አትተኛ፤ ጸያፍ ነገር ነውና።
b30dede9-6f6b-5220-a366-b5d4cf9b2c27,486584a9-814f-5741-af99-4d267b966c8b,743434c5-6dca-5d4c-a833-9855df581525,23,23,ዘርህን በእርስዋ ላይ እንዳትዘራና እንዳትረክስባት ወደ እንስሳ አትሂድ፤ ሴት ከእርሱ ጋር ትተኛ ዘንድ በእንስሳ ፊት አትቁም፤ የተጠላ ነገር ነውና።
a618e2e8-872d-5341-a71e-56b91eb0299d,486584a9-814f-5741-af99-4d267b966c8b,743434c5-6dca-5d4c-a833-9855df581525,24,24,“ከፊታችሁ የማሳድዳቸው አሕዛብ በእነዚህ ሁሉ ረክሰዋልና በእነዚህ ነገሮች ሁሉ አትርከሱ።
71edc251-0b59-5e4e-aac7-2527ffaddb97,486584a9-814f-5741-af99-4d267b966c8b,743434c5-6dca-5d4c-a833-9855df581525,25,25,ምድሪቱም ረከሰች፤ ስለዚህ ኀጢአቷን በእርስዋ ላይ እመልሳለሁ፤ ምድሪቱም የሚኖሩባትን ሰዎች ትተፋለች።
a5bfd004-1fae-5a76-a320-f516e65e112e,486584a9-814f-5741-af99-4d267b966c8b,743434c5-6dca-5d4c-a833-9855df581525,26,26,ሥርዐቴንና ፍርዴን ጠብቁ፤ እናንተም የሀገሩ ልጆች፥ በእናንተም መካከል የሚኖሩት እንግዶች ከዚህ ርኵሰት ምንም አትሥሩ፤
17849a2c-b0fa-5be6-adba-a975f29539c9,486584a9-814f-5741-af99-4d267b966c8b,743434c5-6dca-5d4c-a833-9855df581525,27,27,ከእናንተ በፊት የነበሩት የሀገሩ ልጆች ይህን ርኵሰት ሁሉ ሠርተዋልና፥ ምድሪቱንም አርክሰዋታልና፤
5333608f-5113-5c9f-aea8-c1565e68dca9,486584a9-814f-5741-af99-4d267b966c8b,743434c5-6dca-5d4c-a833-9855df581525,28,28,ምድሪቱም ከእናንተ በፊት የነበረውን ሕዝብ እንደ ተፋች ባረከሳችኋት ጊዜ እናንተንም እንዳትተፋችሁ ተጠንቀቁ።
0f6f9f52-9cd0-58a3-ac99-c2ce03b3f7a5,486584a9-814f-5741-af99-4d267b966c8b,743434c5-6dca-5d4c-a833-9855df581525,29,29,ከዚህ ርኵሰት ሁሉ ማናቸውን የሚያደርግ ያ ሰው ከሕዝቡ መካከል ተለይቶ ይጠፋልና።
89383b78-c31c-56f5-a984-eb5652785e39,486584a9-814f-5741-af99-4d267b966c8b,743434c5-6dca-5d4c-a833-9855df581525,30,30,ስለዚህ ከእናንተ በፊት የነበሩ ሰዎች የሠሩትን ጸያፍ የሆነውን ወግ ሁሉ እንዳትሠሩ፥ በእርሱም እንዳትረክሱ ሥርዐቴን ጠብቁ፤ እኔ እግዚአብሔር አምላካችሁ ነኝና።”
8ab27aa9-332e-5227-ad6a-9fd6f0228c9f,1d7d1950-6588-5991-aa8e-75ae2aa4c7cf,9fc377ea-5ffb-5537-a123-bb9836166e79,1,1,እግዚአብሔርም ሙሴን እንዲህ ብሎ ተናገረው፦
d45968c5-4241-5dd0-a94c-c9181768d892,1d7d1950-6588-5991-aa8e-75ae2aa4c7cf,9fc377ea-5ffb-5537-a123-bb9836166e79,2,2,“ለእስራኤል ልጆች ማኅበር ሁሉ እንዲህ በላቸው፦ እኔ እግዚአብሔር አምላካችሁ ቅዱስ ነኝና እናንተ ቅዱሳን ሁኑ።
8d55c522-bfd3-5a39-a933-2351a15f2e64,1d7d1950-6588-5991-aa8e-75ae2aa4c7cf,9fc377ea-5ffb-5537-a123-bb9836166e79,3,3,ከእናንተ እያንዳንዱ አባቱንና እናቱን ይፍራ፤ ሰንበታቴንም ጠብቁ፤ እኔ እግዚአብሔር አምላካችሁ ነኝ።
8c04f854-f932-5ee9-a310-0e6a544af831,1d7d1950-6588-5991-aa8e-75ae2aa4c7cf,9fc377ea-5ffb-5537-a123-bb9836166e79,4,4,ጣዖታትንም አትከተሉ፤ ቀልጠው የተሠሩትንም የአማልክት ምስሎች ለእናንተ አታድርጉ፤ እኔ እግዚአብሔር አምላካችሁ ነኝ።
87cc5154-f47a-5166-abf2-4396fd156e29,1d7d1950-6588-5991-aa8e-75ae2aa4c7cf,9fc377ea-5ffb-5537-a123-bb9836166e79,5,5,“የድኅነትን መሥዋዕት ለእግዚአብሔር ስትሠዉ ንጹሕ አድርጋችሁ ሠዉት።
068ec73c-ecfe-522d-a9d3-a8a9baf60a1f,1d7d1950-6588-5991-aa8e-75ae2aa4c7cf,9fc377ea-5ffb-5537-a123-bb9836166e79,6,6,በምትሠዉበት ቀንና በነጋው ይበላል፤ እስከ ሦስተኛውም ቀን ድረስ ቢተርፍ በእሳት ይቃጠላል።
0b0cb9b9-bd43-57c0-a28f-0bfa816491cb,1d7d1950-6588-5991-aa8e-75ae2aa4c7cf,9fc377ea-5ffb-5537-a123-bb9836166e79,7,7,በሦስተኛውም ቀን ቢበላ ጸያፍ ነው፤ ተቀባይነት የለውም፤
bf58c971-29e1-56ab-ac02-8d8aa404cb91,1d7d1950-6588-5991-aa8e-75ae2aa4c7cf,9fc377ea-5ffb-5537-a123-bb9836166e79,8,8,የበላውም ለእግዚአብሔር የተቀደሰውን ነገር አርክሶአልና ኀጢአቱን ይሸከማል፤ ያም ሰው ከሕዝቡ ተለይቶ ይጥፋ።
60f9687c-b083-5086-a083-70a0360c89ce,1d7d1950-6588-5991-aa8e-75ae2aa4c7cf,9fc377ea-5ffb-5537-a123-bb9836166e79,9,9,“የምድራችሁንም መከር በሰበሰባችሁ ጊዜ የእርሻችሁን አጨዳ አታጥሩ፤ ስታጭዱም የወደቀውን ቃርሚያ አትልቀሙ።
d403d018-5198-506e-a121-d3edecc3a4a8,1d7d1950-6588-5991-aa8e-75ae2aa4c7cf,9fc377ea-5ffb-5537-a123-bb9836166e79,10,10,የወይንህን ቃርሚያ አጥርተህ አትቃርም፤ የወደቀውንም የወይንህን ፍሬ አትሰብስብ፤ ለድሆችና ለእንግዶች ተወው፤ እኔ እግዚአብሔር አምላካችሁ ነኝና።
99f30ebc-4fee-5870-a0e2-c09fe9cffa27,1d7d1950-6588-5991-aa8e-75ae2aa4c7cf,9fc377ea-5ffb-5537-a123-bb9836166e79,11,11,“አትስረቁ፤ አትዋሹም፤ ባልንጀራውንም የሚቀማ አይኑር።
1ac0dabb-2d87-5eeb-aa9a-826c2ba6b657,1d7d1950-6588-5991-aa8e-75ae2aa4c7cf,9fc377ea-5ffb-5537-a123-bb9836166e79,12,12,በስሜም በሐሰት አትማሉ፤ የአምላካችሁን ቅዱስ ስም አታርክሱ፤ እኔ አምላካችሁ እግዚአብሔር ነኝና።
f2ef9538-8ff3-5fd8-a906-a0847382d3bd,1d7d1950-6588-5991-aa8e-75ae2aa4c7cf,9fc377ea-5ffb-5537-a123-bb9836166e79,13,13,“በባልንጀራህ ግፍ አታድርግ፤ አትቀማውም። የሞያተኛው ዋጋ እስከ ነገ ድረስ በአንተ ዘንድ አይደርብህ።
49fb30c3-dbfc-523b-a608-8b42b72b0681,1d7d1950-6588-5991-aa8e-75ae2aa4c7cf,9fc377ea-5ffb-5537-a123-bb9836166e79,14,14,ደንቆሮውን አትስደብ፤ በዕውርም ፊት ዕንቅፋት አታድርግ፤ ነገር ግን አምላክህን እግዚአብሔርን ፍራ፤ እኔ አምላክህ እግዚአብሔር ነኝ።
4202342b-cc6a-5be0-aa24-982a80c0e731,1d7d1950-6588-5991-aa8e-75ae2aa4c7cf,9fc377ea-5ffb-5537-a123-bb9836166e79,15,15,“በፍርድ ዐመፃ አታድርጉ፤ ለድሃ አታድላ፤ ባለጠጋውንም አታክብር፤ ነገር ግን ለባልንጀራህ በእውነት ፍረድ።
69521f7e-cef2-58bc-a241-f6e74555e5c1,1d7d1950-6588-5991-aa8e-75ae2aa4c7cf,9fc377ea-5ffb-5537-a123-bb9836166e79,16,16,በሕዝብህ መካከል በሸንጋይነት አትዙር፤ በባልንጀራህም ደም ላይ አትቁም፤ እኔ እግዚአብሔር አምላክህ ነኝ።
806a4dd9-f110-50db-ace4-5ef1872531ac,1d7d1950-6588-5991-aa8e-75ae2aa4c7cf,9fc377ea-5ffb-5537-a123-bb9836166e79,17,17,“ወንድምህን አትበድለው፤ በልብህም አትጥላው፤ በእርሱ ምክንያት ኀጢአት እንዳይሆንብህ ባልንጀራህን የምትነቅፍበትን ንገረው፤ ገሥጸውም።
9b23f219-4a63-5892-ad79-5ba6e695fd52,1d7d1950-6588-5991-aa8e-75ae2aa4c7cf,9fc377ea-5ffb-5537-a123-bb9836166e79,18,18,አትበቀል፤ በሕዝብህም ልጆች ቂም አትያዝ፤ ነገር ግን ባልንጀራህን እንደ ራስህ ውደድ፤ እኔ እግዚአብሔር አምላክህ ነኝና።
ed1509a7-c925-5569-a8dc-07202bdde6ab,1d7d1950-6588-5991-aa8e-75ae2aa4c7cf,9fc377ea-5ffb-5537-a123-bb9836166e79,19,19,“ሥርዐቴን ጠብቁ፤ በበሬህ በባዕድ ቀንበር አትረስ፤ በወይን ቦታህ የተለያየ ዘር አትዝራ፤ ከሁለት ዐይነት ነገር የተሠራ ልብስ ኀፍረት ነውና አትልበስ።
185548f1-f8c0-58ad-ae10-9a04478b5258,1d7d1950-6588-5991-aa8e-75ae2aa4c7cf,9fc377ea-5ffb-5537-a123-bb9836166e79,20,20,“ማናቸውም ሰው ከሴት ባሪያ ጋር ቢተኛ፥ እርስዋም ለባል የተሰጠች፥ ዋጋዋም ያልተከፈለ፥ አርነት ያልወጣች ብትሆን፥ ቅጣት አለባቸው፤ አርነት አልወጣችምና አይገደሉም።
1087a329-cf10-57d2-ab61-9f1df470b956,1d7d1950-6588-5991-aa8e-75ae2aa4c7cf,9fc377ea-5ffb-5537-a123-bb9836166e79,21,21,እርሱም የበደሉን መሥዋዕት አውራ በግ ወደ እግዚአብሔር ወደ ምስክሩ ድንኳን ደጃፍ ያመጣል።
fbec8d6f-7c80-5dd0-a6b0-6f6b73b8eefe,1d7d1950-6588-5991-aa8e-75ae2aa4c7cf,9fc377ea-5ffb-5537-a123-bb9836166e79,22,22,ካህኑም ስለ ሠራው ኀጢአት በእግዚአብሔር ፊት በበደል መሥዋዕት በግ ያስተሰርይለታል፤ የሠራውም ኀጢአት ይቀርለታል።
cca2d921-7e4f-5ef8-a5f1-dd9f1d9c3357,1d7d1950-6588-5991-aa8e-75ae2aa4c7cf,9fc377ea-5ffb-5537-a123-bb9836166e79,23,23,“አምላካችሁ እግዚአብሔር ወደሚሰጣችሁ ምድር በገባችሁ ጊዜ፥ የሚበላ የፍሬ ዛፍ ሁሉ በተከላችሁም ጊዜ ከርኵሰቱ ሁሉ ታጠሩታላችሁ፤ የሦስቱ ዓመት ፍሬም ርኩስ ነው፤ አይበላም።
1c3dca03-aee2-5f70-ad95-ce6358ca4780,1d7d1950-6588-5991-aa8e-75ae2aa4c7cf,9fc377ea-5ffb-5537-a123-bb9836166e79,24,24,በአራተኛውም ዓመት ፍሬ ሁሉ ለእግዚአብሔር ምስጋና ቅዱስ ይሁን።
da791138-d4b9-5578-ac36-b89a19ea3620,1d7d1950-6588-5991-aa8e-75ae2aa4c7cf,9fc377ea-5ffb-5537-a123-bb9836166e79,25,25,በአምስተኛውም ዓመት ፍሬውን ብሉ፤ ፍሬውም ይበዛላችኋል፤ እኔ እግዚአብሔር አምላካችሁ ነኝ።
23b3a2bf-fc41-5695-a16a-455a452dc441,1d7d1950-6588-5991-aa8e-75ae2aa4c7cf,9fc377ea-5ffb-5537-a123-bb9836166e79,26,26,“በተራራ ላይ አትብሉ፤ አትርከሱ፥ በወፍም አታሟርቱ።
a3b277bb-c929-5a86-a94f-a4c1eebca82f,1d7d1950-6588-5991-aa8e-75ae2aa4c7cf,9fc377ea-5ffb-5537-a123-bb9836166e79,27,27,የራስ ጠጕራችሁንም ዙሪያውን አትከርክሙት፤ ጢማችሁንም አትላጩ።
26157c76-72c6-5efa-a7bd-359ea82a177f,1d7d1950-6588-5991-aa8e-75ae2aa4c7cf,9fc377ea-5ffb-5537-a123-bb9836166e79,28,28,ሰው ቢሞት ምላጭ ወደ ሥጋችሁ አታቅርቡ፤ ገላችሁንም አትንቀሱት፤ እኔ እግዚአብሔር አምላካችሁ ነኝ።
98bb5026-982d-53d1-a039-267049609971,1d7d1950-6588-5991-aa8e-75ae2aa4c7cf,9fc377ea-5ffb-5537-a123-bb9836166e79,29,29,“ምድሪቱ ከግልሙትና፥ ከርኵሰትም እንዳትሞላ ሴት ልጅህን ታመነዝር ዘንድ አታርክሳት።
00e169d5-e780-5aa9-a467-5042ac688ecd,1d7d1950-6588-5991-aa8e-75ae2aa4c7cf,9fc377ea-5ffb-5537-a123-bb9836166e79,30,30,ሰንበታቴን ጠብቁ፤ መቅደሴንም አክብሩ፤ እኔ እግዚአብሔር አምላካችሁ ነኝና።
9b9959fa-8282-5886-a106-64c040382e50,1d7d1950-6588-5991-aa8e-75ae2aa4c7cf,9fc377ea-5ffb-5537-a123-bb9836166e79,31,31,“ወደ መናፍስት ጠሪዎችና ወደ ጠንቋዮች አትሂዱ፤ እንዳትረክሱባቸውም አትፈልጉአቸው፤ እኔ እግዚአብሔር አምላካችሁ ነኝና።
09b14e63-5bf7-5791-a835-e9dd7e4bf554,1d7d1950-6588-5991-aa8e-75ae2aa4c7cf,9fc377ea-5ffb-5537-a123-bb9836166e79,32,32,“በሽበታሙ ፊት ተነሣ፤ ሽማግሌውንም አክብር፤ አምላክህን እግዚአብሔርንም ፍራ፤ እኔ እግዚአብሔር አምላካችሁ ነኝና።
8f762cbc-3476-5009-a304-3fa41bcdc491,1d7d1950-6588-5991-aa8e-75ae2aa4c7cf,9fc377ea-5ffb-5537-a123-bb9836166e79,33,33,“በሀገራችሁ ውስጥ እንግዳ ከእናንተ ጋር ቢቀመጥ ግፍ አታድርጉበት።
2199c12c-9a45-5d7b-ac20-eec4db4cad67,1d7d1950-6588-5991-aa8e-75ae2aa4c7cf,9fc377ea-5ffb-5537-a123-bb9836166e79,34,34,እናንተ በግብፅ ምድር እንግዶች ነበራችሁና፤ ወደ እናንተ የመጣ እንግዳ እንደ ሀገር ልጅ ይሁንላችሁ፤ እርሱን እንደ ራሳችሁ ውደዱት፤ እኔ እግዚአብሔር አምላካችሁ ነኝና።
588c06da-cf43-5142-a3c8-90e0904cb62b,1d7d1950-6588-5991-aa8e-75ae2aa4c7cf,9fc377ea-5ffb-5537-a123-bb9836166e79,35,35,“በፍርድ፥ በመለካትም፥ በመመዘንም፥ በመስፈርም ዐመፃ አታድርጉ።
ebf68a60-008d-5bf0-a973-22875915eaa6,1d7d1950-6588-5991-aa8e-75ae2aa4c7cf,9fc377ea-5ffb-5537-a123-bb9836166e79,36,36,የእውነትም ሚዛን፥ የእውነትም መመዘኛ፥ የእውነትም የፈሳሽ መስፈሪያ ይሁንላችሁ፤ ከግብፅ ምድር ያወጣኋችሁ እግዚአብሔር አምላካችሁ እኔ ነኝ።
b789b245-b326-57d6-aba2-bec7041b369a,1d7d1950-6588-5991-aa8e-75ae2aa4c7cf,9fc377ea-5ffb-5537-a123-bb9836166e79,37,37,ሕጌን ሁሉ፥ ትእዛዜንም ሁሉ ጠብቁ፤ አድርጉትም፤ እኔ እግዚአብሔር አምላካችሁ ነኝና።”
fe54b2a9-6d17-515b-af2c-aac4b8cd3784,d3bb8c01-4662-52aa-a1b6-2bac3a840e11,8469b4bb-7895-5e28-a61d-9b789c519b8b,1,1,እግዚአብሔርም ሙሴን እንዲህ ብሎ ተናገረው፦
43f98b35-5b4a-522d-a2bb-de5489cf513e,d3bb8c01-4662-52aa-a1b6-2bac3a840e11,8469b4bb-7895-5e28-a61d-9b789c519b8b,2,2,“ደግሞ የእስራኤልን ልጆች እንዲህ በላቸው፦ ከእስራኤል ልጆች ወይም በእስራኤል ዘንድ ከሚቀመጡ እንግዶች ማናቸውም ሰው ዘሩን ለሞሎክ አገልግሎት ቢሰጥ ፈጽሞ ይገደል፤ የሀገሩ ሕዝብ በድንጋይ ይውገሩት።
41b7736d-d9e0-5861-a880-1324b4995052,d3bb8c01-4662-52aa-a1b6-2bac3a840e11,8469b4bb-7895-5e28-a61d-9b789c519b8b,3,3,መቅደሴን ያረክስ ዘንድ፥ የቅዱሳኔንም ስም ያጐስቍል ዘንድ ዘሩን ለሞሎክ አገልግሎት ሰጥቶአልና እኔ በዚያ ሰው ላይ ፊቴን አከብዳለሁ፤ ከሕዝቡም መካከል ለይች አጠፋዋለሁ።
34d02916-acaa-5cb2-a926-5295fc66bb4c,d3bb8c01-4662-52aa-a1b6-2bac3a840e11,8469b4bb-7895-5e28-a61d-9b789c519b8b,4,4,ዘሩንም ለሞሎክ ሲሰጥ፥ የሀገሩ ሕዝብ ያን ሰው ቸል ቢሉት፥ አይተው እንዳላዩ ቢሆኑ፥ ባይገድሉትም፥ እኔ በዚያ ሰውና በቤተ ሰቡ ላይ ፊቴን አከብዳለሁ።
4b8e3569-a8ea-5d42-ae8b-81ede8ae272d,d3bb8c01-4662-52aa-a1b6-2bac3a840e11,8469b4bb-7895-5e28-a61d-9b789c519b8b,5,5,እርሱንና ከሞሎክ ጋር ያመነዝሩ ዘንድ የሚከተሉትን ሁሉ ከሕዝባቸው መካከል ለይች አጠፋለሁ።
d262c85f-2a06-52e2-a845-430e2d53a0eb,d3bb8c01-4662-52aa-a1b6-2bac3a840e11,8469b4bb-7895-5e28-a61d-9b789c519b8b,6,6,“እነርሱን ተከትሎ ያመነዝር ዘንድ መናፍስት ጠሪዎችንና ጠንቋዮችን የሚከተል ሰው ቢኖር፥ በዚያ ሰው ላይ ፊቴን አከብዳለሁ፤ ከሕዝቡም መካከል ለይች አጠፋዋለሁ።
7096430f-37e6-5b0c-a330-b81e17200b5d,d3bb8c01-4662-52aa-a1b6-2bac3a840e11,8469b4bb-7895-5e28-a61d-9b789c519b8b,7,7,እንግዲህ እኔ እግዚአብሔር አምላካችሁ ቅዱስ ነኝና ቅዱሳን ሁኑ።
e7777607-ccc2-5390-a7e4-94bdfb417718,d3bb8c01-4662-52aa-a1b6-2bac3a840e11,8469b4bb-7895-5e28-a61d-9b789c519b8b,8,8,ሕጌንና ትእዛዜን ጠብቁ፤ አድርጉትም፤ እኔ የምቀድሳችሁ እግዚአብሔር አምላካችሁ ነኝና።
5b3efbbc-d36e-5d54-a1ec-c433ce017d14,d3bb8c01-4662-52aa-a1b6-2bac3a840e11,8469b4bb-7895-5e28-a61d-9b789c519b8b,9,9,ማናቸውም ሰው አባቱን ወይም እናቱን ቢሰድብ ፈጽሞ ይገደል፤ አባቱንና እናቱን ሰድቦአልና በደለኛ ነው።
a6ce1c54-11b7-5fdb-adec-e8a772148989,d3bb8c01-4662-52aa-a1b6-2bac3a840e11,8469b4bb-7895-5e28-a61d-9b789c519b8b,10,10,“ማናቸውም ሰው ከሌላ ሰው ሚስት ወይም ከባልንጀራው ሚስት ጋር ቢያመነዝር አመንዝራውና አመንዝራዪቱ ፈጽመው ይገደሉ።
a8749a7a-e56f-5abe-a0cc-0980a3fea523,d3bb8c01-4662-52aa-a1b6-2bac3a840e11,8469b4bb-7895-5e28-a61d-9b789c519b8b,11,11,ማናቸውም ሰው ከአባቱ ሚስት ጋር ቢተኛ የአባቱን ኀፍረተ ሥጋ ገልጦአል፤ ሁለቱም ፈጽመው ይገደሉ፤ በደለኞች ናቸው።
119017c8-ecb8-528b-a8a0-850cb83777db,d3bb8c01-4662-52aa-a1b6-2bac3a840e11,8469b4bb-7895-5e28-a61d-9b789c519b8b,12,12,ማናቸውም ሰው ከምራቱ ጋር ቢተኛ ሁለቱ ፈጽመው ይገደሉ፤ ጸያፍ ነገር አድርገዋል፤ በደለኞች ናቸው።
7bd9429a-2b58-5351-a777-b6e338fc485a,d3bb8c01-4662-52aa-a1b6-2bac3a840e11,8469b4bb-7895-5e28-a61d-9b789c519b8b,13,13,ማናቸውም ሰው ከሴት ጋር እንደሚተኛ ከወንድ ጋር ቢተኛ ሁለቱ ጸያፍ ነገር አድርገዋል፤ ፈጽመው ይገደሉ፤ በደለኞች ናቸው።
a2085d1f-cad3-57b9-ac8f-adcff0b90f49,d3bb8c01-4662-52aa-a1b6-2bac3a840e11,8469b4bb-7895-5e28-a61d-9b789c519b8b,14,14,ማናቸውም ሰው እናቲቱንና ልጂቱን ቢያገባ ኀጢአት ነው፤ በመካከላቸው ኀጢአት እንዳይሆን እርሱንና እነርሱን በእሳት ያቃጥሉአቸው።
c5a2369a-3bed-5de7-aab9-897895073b97,d3bb8c01-4662-52aa-a1b6-2bac3a840e11,8469b4bb-7895-5e28-a61d-9b789c519b8b,15,15,ማናቸውም ሰው ከእንስሳ ጋር ቢገናኝ ፈጽሞ ይገደል፤ እንስሳዪቱንም ግደሉአት።
8147f910-bb6b-51cd-a49b-1b3f797974e4,d3bb8c01-4662-52aa-a1b6-2bac3a840e11,8469b4bb-7895-5e28-a61d-9b789c519b8b,16,16,ማንኛዪቱም ሴት ወደ እንስሳ ብትቀርብ፥ ከእርሱም ጋር ብትገናኝ፥ ሴቲቱንና እንስሳውን ግደሉ፤ ፈጽመው ይገደሉ፤ በደለኞች ናቸው።
f2388a1f-1c13-5cf0-aa8a-19dd5ae9098f,d3bb8c01-4662-52aa-a1b6-2bac3a840e11,8469b4bb-7895-5e28-a61d-9b789c519b8b,17,17,“ማናቸውም ሰው የአባቱን ልጅ ወይም የእናቱን ልጅ እኅቱን ቢያገባ፥ ኀፍረተ ሥጋዋንም ቢያይ፥ እርስዋም ኀፍረተ ሥጋውን ብታይ፥ ይህ ጸያፍ ነገር ነው፤ በሕዝባቸውም ልጆች ፊት ይገደሉ፤ የእኅቱን ኀፍረተ ሥጋ ገልጦአልና ኀጢአቱን ይሸከማል።
06e455aa-0455-54c3-a342-4e4fb87d13ba,d3bb8c01-4662-52aa-a1b6-2bac3a840e11,8469b4bb-7895-5e28-a61d-9b789c519b8b,18,18,ማናቸውም ሰው ከባለ ግዳጅ ሴት ጋር ቢተኛ ኀፍረተ ሥጋዋንም ቢገልጥ፥ ፈሳሽዋን ገልጦአልና፥ እርስዋም የደምዋን ፈሳሽ ገልጣለችና ሁለቱ ከሕዝባቸው መካከል ተለይተው ይጥፉ።
d06393c9-a36d-5945-ac66-5e64fdd83537,d3bb8c01-4662-52aa-a1b6-2bac3a840e11,8469b4bb-7895-5e28-a61d-9b789c519b8b,19,19,የአባትህን ወይም የእናትህን እኅት ኀፍረተ ሥጋ አትግለጥ፤ ይህን የሚያደርግ የዘመድን ኀፍረተ ሥጋ ገልጦአል፤ ኀጢአታቸውን ይሸከማሉ።
c5d6977c-c988-55e5-addb-17b328fd7e13,d3bb8c01-4662-52aa-a1b6-2bac3a840e11,8469b4bb-7895-5e28-a61d-9b789c519b8b,20,20,ሰውም ከቅርብ ዘመዱ ሚስት ጋር ቢተኛ የቅርብ ዘመዱን ኀፍረተ ሥጋ ገልጦአል፤ ያለ ልጅ ይሞታሉ።
178a9b52-ef82-5f6c-af7a-e771d78b2f11,d3bb8c01-4662-52aa-a1b6-2bac3a840e11,8469b4bb-7895-5e28-a61d-9b789c519b8b,21,21,ሰውም የወንድሙን ሚስት ቢያገባ ርኵሰት ነው፤ የወንድሙን ኀፍረተ ሥጋ ገልጦአል፤ ያለ ልጅም ይሙቱ።
79a26043-2220-5f1a-a9b4-c08638081b97,d3bb8c01-4662-52aa-a1b6-2bac3a840e11,8469b4bb-7895-5e28-a61d-9b789c519b8b,22,22,“እንግዲህ ትቀመጡባት ዘንድ የማገባችሁ ምድር እንዳትተፋችሁ ትእዛዜን ሁሉ፥ ፍርዴንም ሁሉ ጠብቁ፤ አድርጉትም።
603a4564-50fb-5ec7-a48f-53fd00dd4bbc,d3bb8c01-4662-52aa-a1b6-2bac3a840e11,8469b4bb-7895-5e28-a61d-9b789c519b8b,23,23,ከፊታችሁ በማወጣቸው ሕዝብ ሕግ አትሂዱ፤ ይህን ሁሉ አድርገዋልና ተጸየፍኋቸው
36b8a5b6-5536-5a29-a317-85b6f5d0d7b1,d3bb8c01-4662-52aa-a1b6-2bac3a840e11,8469b4bb-7895-5e28-a61d-9b789c519b8b,24,24,ነገር ግን እናንተ፦ ምድራቸውን ትወርሳላችሁ፤ ትወርሱአትም ዘንድ ወተትና ማር የምታፈስሰውን ምድር እሰጣችኋለሁ አልኋችሁ፤ እኔ ከአሕዛብ የለየኋችሁ አምላካችሁ እግዚአብሔር ነኝ።
8422a3fe-96a6-58ea-ac8b-be482d7129b6,d3bb8c01-4662-52aa-a1b6-2bac3a840e11,8469b4bb-7895-5e28-a61d-9b789c519b8b,25,25,እንግዲህ በንጹሕና በርኩስ እንስሳ መካከል፥ በንጹሕና በርኩስም ወፍ መካከል ለየሁላችሁ፤ ርኩሳን ናቸው ብዬ በለየኋቸው በእንስሳና በወፍ፥ በምድርም ተንቀሳቃሽ ሁሉ ነፍሳችሁን አታርክሱ።
9c3134dc-84e5-5317-affb-27f11fc5b214,d3bb8c01-4662-52aa-a1b6-2bac3a840e11,8469b4bb-7895-5e28-a61d-9b789c519b8b,26,26,እኔ እግዚአብሔር ቅዱስ ነኝና፥ ለእኔም ትሆኑ ዘንድ ከአሕዛብ ለይቻችኋለሁና ቅዱሳን ትሆኑልኛላችሁ።
e17b3ae8-003a-5383-acd2-ab29210ec93a,d3bb8c01-4662-52aa-a1b6-2bac3a840e11,8469b4bb-7895-5e28-a61d-9b789c519b8b,27,27,“ወንድ ወይም ሴት መናፍስትን ቢጠሩ፥ ወይም ጠንቋዮች ቢሆኑ ፈጽመው ይገደሉ፤ በድንጋይም ይውገሩአቸው፤ በደለኞች ናቸውና።”
63465edb-ad78-5d23-a66d-99fc0b871fc7,d99c9a95-9a32-5a44-afd2-5b774026480c,496d0b27-458f-5a1c-a920-2e3d22062c10,1,1,እግዚአብሔርም ሙሴን እንዲህ ሲል ተናገረው፥ “ከወገናቸው በሞተ ሰው ራሳቸውን እንዳያረክሱ ለካህናቱ ለአሮን ልጆች ንገራቸው።
c286ea3e-7e5d-56cc-a500-ac9f281b3dbc,d99c9a95-9a32-5a44-afd2-5b774026480c,496d0b27-458f-5a1c-a920-2e3d22062c10,2,2,ከቅርብ ዘመዶቻቸው፥ ከአባቶቻቸው፥ ወይም ከእናቶቻቸው፥ ወይም ከወንዶች ልጆቻቸው፥ ወይም ከሴቶች ልጆቻቸው፥ ወይም ከወንድሞቻቸው፥
c1590297-fef0-56d4-a10f-af1397ae3dea,d99c9a95-9a32-5a44-afd2-5b774026480c,496d0b27-458f-5a1c-a920-2e3d22062c10,3,3,ወይም ከቀረበች ያላገባች ድንግል እኅት በቀር ራሳቸውን አያርክሱ።
4d668ac3-34cd-52fd-ad34-0b15ef5a33f0,d99c9a95-9a32-5a44-afd2-5b774026480c,496d0b27-458f-5a1c-a920-2e3d22062c10,4,4,ራሱን ያጐሰቍል ዘንድ ከሕዝቡ በማንም አይርከስ።
256d3313-4a03-5359-adb0-46b095cecfeb,d99c9a95-9a32-5a44-afd2-5b774026480c,496d0b27-458f-5a1c-a920-2e3d22062c10,5,5,ስለ ሞተው ሰው ራሳቸውን አይላጩ፤ ጢማቸውንም አይላጩ፤ ሥጋቸውንም አይንጩ።
2b0305bc-fead-54a8-adf8-6566e487bd0f,d99c9a95-9a32-5a44-afd2-5b774026480c,496d0b27-458f-5a1c-a920-2e3d22062c10,6,6,ለአምላካቸው ቅዱሳን ይሁኑ፤ የአምላካቸውንም ስም አያርክሱ፤ የእግዚአብሔርን መሥዋዕትና የአምላካቸውን መባ ያቀርባሉና ቅዱሳን ይሁኑ።
1d18ab38-9e1c-5fa8-a428-e7ba6e802edc,d99c9a95-9a32-5a44-afd2-5b774026480c,496d0b27-458f-5a1c-a920-2e3d22062c10,7,7,ለአምላኩ ለእግዚአብሔር የተቀደሰ ነውና ጋለሞታን ሴት ወይም የረከሰችውን አያግባ፤ ወይም ከባልዋ የተፋታችውን አያግባ።
2a3a08a6-3d52-542d-a23b-a4c089318ece,d99c9a95-9a32-5a44-afd2-5b774026480c,496d0b27-458f-5a1c-a920-2e3d22062c10,8,8,የአምላክህን መባ ያቀርባልና ስለዚህ ትቀድሰዋለህ፤ እኔም የምቀድሳችሁ እግዚአብሔር ቅዱስ ነኝና እርሱ ቅዱስ ይሁንልህ።
9c938255-cc71-56e9-a1bc-5eb6f2ea3dc1,d99c9a95-9a32-5a44-afd2-5b774026480c,496d0b27-458f-5a1c-a920-2e3d22062c10,9,9,የካህንም ሰው ልጅ በግልሙትና ራስዋን ብታረክስ በግልሙትና አባቷን ታረክሰዋለች፤ በእሳት ትቃጠል።
7e020f9a-ec40-534d-a345-fe84a6bb4194,d99c9a95-9a32-5a44-afd2-5b774026480c,496d0b27-458f-5a1c-a920-2e3d22062c10,10,10,“በራሱም ላይ የቅባት ዘይት የፈሰሰበት፥ የክህነትም ልብስ ይለብስ ዘንድ የተቀደሰ፥ ከወንድሞቹ የተለየው ካህን ራሱን አይላጭ፤ ልብሱንም አይቅደድ።
2d288d5f-f038-54b8-af10-66aad20376d0,d99c9a95-9a32-5a44-afd2-5b774026480c,496d0b27-458f-5a1c-a920-2e3d22062c10,11,11,ወደ ሞተ ሰው ሁሉ አይግባ፤ በአባቱም ወይም በእናቱ አይርከስ።
5b43e1c7-3403-50eb-a524-d0e1f2fc9fa3,d99c9a95-9a32-5a44-afd2-5b774026480c,496d0b27-458f-5a1c-a920-2e3d22062c10,12,12,የአምላኩም ቅባት ዘይት ቅዱስነት በላዩ ነውና ከመቅደስ አይውጣ፤ የአምላኩንም ቅዱስ ስም አያርክስ፤ እኔ እግዚአብሔር ነኝ።
ba6d3581-2a35-5d4b-aca6-113c7eee056e,d99c9a95-9a32-5a44-afd2-5b774026480c,496d0b27-458f-5a1c-a920-2e3d22062c10,13,13,እርሱም ከወገኑ ድንግል ሴትን ያግባ።
9b29429b-c854-561a-a8b5-fb98c01b3d4b,d99c9a95-9a32-5a44-afd2-5b774026480c,496d0b27-458f-5a1c-a920-2e3d22062c10,14,14,ባልዋ የሞተባትን፥ ወይም የተፋታችውን፥ የተጠላችውን ወይም ጋለሞታዪቱን አያግባ፤ ነገር ግን ከወገኑ ድንግሊቱን ያግባ፤
fab28b41-abc7-5f0e-a86d-321cbb62e27c,d99c9a95-9a32-5a44-afd2-5b774026480c,496d0b27-458f-5a1c-a920-2e3d22062c10,15,15,እኔም የምቀድሰው እግዚአብሔር ነኝና በሕዝቡ መካከል ዘሩን አያጐስቍል።”
a3e92f6c-cbed-5a41-acc3-67a91fe64eca,d99c9a95-9a32-5a44-afd2-5b774026480c,496d0b27-458f-5a1c-a920-2e3d22062c10,16,16,እግዚአብሔርም ሙሴን እንዲህ ብሎ ተናገረው፦
05fa01be-08d9-543f-a612-3d1e9bb840aa,d99c9a95-9a32-5a44-afd2-5b774026480c,496d0b27-458f-5a1c-a920-2e3d22062c10,17,17,“ለአሮን እንዲህ ብለህ ንገረው፦ ከወገንህ በትውልዳቸው ነውር ያለበት ሰው ሁሉ የአምላኩን መባ ያቀርብ ዘንድ አይቅረብ።
9e371333-c598-5ace-a506-825b607edbbd,d99c9a95-9a32-5a44-afd2-5b774026480c,496d0b27-458f-5a1c-a920-2e3d22062c10,18,18,ንጹሕ ያልሆነ ሰው ሁሉ አይቅረብ፤ ዕውር፥ ወይም አንካሳ፥ ወይም አፍንጫ ደፍጣጣ፥ ወይም ጆሮ ቈራጣ፥
eb33f0cb-cdd5-5185-ae75-0bc0aad2f050,d99c9a95-9a32-5a44-afd2-5b774026480c,496d0b27-458f-5a1c-a920-2e3d22062c10,19,19,ወይም እጀ ሰባራ፥ ወይም እግረ ሰባራ፥
efa52979-f978-5097-ada4-00dde5921ae4,d99c9a95-9a32-5a44-afd2-5b774026480c,496d0b27-458f-5a1c-a920-2e3d22062c10,20,20,ወይም ጎባጣ፥ ወይም ድንክ፥ ወይም ዐይነ መጭማጫ፥ ወይም ቅንድበ መላጣ፥ ወይም እከካም፥ ወይም ቋቍቻም፥ ወይም የአባለዘሩ ፍሬ አንድ የሆነ ነውረኛ ሁሉ አይቅረብ።
377de3a8-e82d-55c7-a861-d54f206d41dd,d99c9a95-9a32-5a44-afd2-5b774026480c,496d0b27-458f-5a1c-a920-2e3d22062c10,21,21,ከካህኑ ከአሮን ዘር ነውር ያለበት ሰው የእግዚአብሔርን መሥዋዕት ያቀርብ ዘንድ አይቅረብ፤ ነውረኛ ነው፤ የአምላኩን መባ ያቀርብ ዘንድ አይቅረብ።
f62af436-ed1f-5f66-a47c-cce554ab2fc4,d99c9a95-9a32-5a44-afd2-5b774026480c,496d0b27-458f-5a1c-a920-2e3d22062c10,22,22,የቅዱሱንና የቅዱሰ ቅዱሳኑን የአምላኩን መባ ይብላ፤
81f6bed0-bd80-5772-a0a5-eca159a71b49,d99c9a95-9a32-5a44-afd2-5b774026480c,496d0b27-458f-5a1c-a920-2e3d22062c10,23,23,ነገር ግን ነውረኛ ነውና መቅደሶችን እንዳያረክስ ወደ መጋረጃው አይግባ፤ ወደ መሠዊያውም አይቅረብ፤ የምቀድሳቸው እኔ እግዚአብሔር ነኝና።”
2bf1514b-c5dd-5de0-a5e6-433808e6ac1e,d99c9a95-9a32-5a44-afd2-5b774026480c,496d0b27-458f-5a1c-a920-2e3d22062c10,24,24,ሙሴም ይህን ለአሮን፥ ለልጆቹም፥ ለእስራኤልም ልጆች ሁሉ ነገራቸው።
1f327745-b6b0-50fb-a874-9fe0202630a8,3f6d2910-0161-52a2-ab06-77a31d0f90f8,0040a5d5-9ae9-5656-af70-e884319293b3,1,1,እግዚአብሔርም ሙሴን እንዲህ ብሎ ተናገረው፦
f7e99604-1fe9-5849-a0c5-0bb0e2b706be,3f6d2910-0161-52a2-ab06-77a31d0f90f8,0040a5d5-9ae9-5656-af70-e884319293b3,2,2,“የእስራኤል ልጆች ለእኔ ከሚቀድሱአቸው ከቅዱሳን ነገሮች ራሳቸውን እንዲለዩ፥ የተቀደሰውንም ስሜን እንዳያረክሱ ለአሮንና ለልጆቹ ንገራቸው፤ እኔ እግዚአብሔር ነኝ።
56e3ba5e-99c9-5ad5-ad96-fc18fabab3eb,3f6d2910-0161-52a2-ab06-77a31d0f90f8,0040a5d5-9ae9-5656-af70-e884319293b3,3,3,እንዲህ በላቸው፦ ማናቸውም ሰው ከዘራችሁ በትውልዳችሁ ርኵሰት እያለበት የእስራኤል ልጆች ለእግዚአብሔር ወደሚቀድሱት ወደ ቅዱስ ነገር ቢቀርብ፥ ያ ሰው ከፊቴ ተለይቶ ይጥፋ፤ እኔ እግዚአብሔር ነኝ።
8b0650d6-07b0-5b42-aee6-fbcca01d0e21,3f6d2910-0161-52a2-ab06-77a31d0f90f8,0040a5d5-9ae9-5656-af70-e884319293b3,4,4,ከአሮን ዘር ለምጽ ወይም ፈሳሽ ነገር ያለበት ሁሉ ንጹሕ እስኪሆን ድረስ ከተቀደሰው አይብላ። ከበድንም የተነሣ ርኩስ የሆነውን፥ ወይም ዘሩ ከእርሱ የሚፈስስበትን የሚነካ፥
05b41503-80ff-52c5-ad54-f83a69568a36,3f6d2910-0161-52a2-ab06-77a31d0f90f8,0040a5d5-9ae9-5656-af70-e884319293b3,5,5,ወይም የሚያረክሰውን ተንቀሳቃሽ፥ ወይም በሁሉ ዐይነት የረከሰውን ሰው የሚነካ፥
ac449c6c-9b3f-5d67-ac22-13de2f7a6b4e,3f6d2910-0161-52a2-ab06-77a31d0f90f8,0040a5d5-9ae9-5656-af70-e884319293b3,6,6,እነዚህን ሁሉ የሚነካ ሰው እስከ ማታ ድረስ ርኩስ ይሆናል፤ ገላውን በውኃ ካልታጠበ ከተቀደሰው አይብላ።
72a2e3f0-0a7f-55e5-ad2b-b5d5f7b1e79d,3f6d2910-0161-52a2-ab06-77a31d0f90f8,0040a5d5-9ae9-5656-af70-e884319293b3,7,7,ፀሐይም በገባች ጊዜ ንጹሕ ይሆናል፤ ከዚያም በኋላ ምግቡ ነውና ከተቀደሰው ይብላ።
756ee511-17b5-5029-a840-adea02335ac9,3f6d2910-0161-52a2-ab06-77a31d0f90f8,0040a5d5-9ae9-5656-af70-e884319293b3,8,8,በእርሱም እንዳይረክስ፥ የሞተውን፥ አውሬም የሰበረውን አይብላ፤ እኔ እግዚአብሔር ነኝና።
ccbb743f-39ce-590f-a04b-69ad5f487481,3f6d2910-0161-52a2-ab06-77a31d0f90f8,0040a5d5-9ae9-5656-af70-e884319293b3,9,9,ቢያረክሱአት እንዳይሞቱ፥ ስለ እርስዋም ኀጢአትን እንዳይሸከሙ፥ ሕግን ይጠብቁ፤ የምቀድሳቸው እኔ እግዚአብሔር ነኝና።
36317a94-b1e5-589b-a9d0-9335678982c2,3f6d2910-0161-52a2-ab06-77a31d0f90f8,0040a5d5-9ae9-5656-af70-e884319293b3,10,10,“ከባዕድ ወገን የሆነ ሰው ከተቀደሰው አይብላ፤ የካህኑም እንግዳ፥ ደመወዘኛውም ከተቀደሰው አይብላ።
5fb9679e-1684-5004-afdb-9fa067461836,3f6d2910-0161-52a2-ab06-77a31d0f90f8,0040a5d5-9ae9-5656-af70-e884319293b3,11,11,ካህኑ ግን በገንዘቡ አገልጋይ ቢገዛ እርሱ ከምግቡ ይብላ፤ በቤቱም የተወለዱት ከእንጀራው ይብሉ።
6c16e151-650c-597a-ae5c-d0a5992ad58b,3f6d2910-0161-52a2-ab06-77a31d0f90f8,0040a5d5-9ae9-5656-af70-e884319293b3,12,12,የካህንም ልጅ ከሌላ ወገን ጋር ብትጋባ፥ እርስዋ ከተቀደሰው ዐሥራት አትብላ።
b9f16ba2-7321-548f-af64-d66fd85464fe,3f6d2910-0161-52a2-ab06-77a31d0f90f8,0040a5d5-9ae9-5656-af70-e884319293b3,13,13,የካህን ልጅ ግን ባልዋ ቢሞት፥ ወይም ብትፋታ፥ ልጅም ባይኖራት፥ በብላቴንነቷ እንደ ነበረች ወደ አባቷ ቤት ብትመለስ፥ ከአባቷ እንጀራ ትብላ፤ ከሌላ ወገን የሆነ ባዕድ ሰው ግን ከእርሱ አይብላ።
c86fc5e1-56fd-52ae-ab55-496f150dfa40,3f6d2910-0161-52a2-ab06-77a31d0f90f8,0040a5d5-9ae9-5656-af70-e884319293b3,14,14,ማናቸውም ሰው ሳያውቅ ከተቀደሰው ቢበላ አምስተኛ እጅ ጨምሮ የተቀደሰውን ለካህኑ ይስጥ።
eab56b36-ec67-5d97-af90-a82e5d1965bd,3f6d2910-0161-52a2-ab06-77a31d0f90f8,0040a5d5-9ae9-5656-af70-e884319293b3,15,15,ወደ እግዚአብሔር የሚያቀርቡትን፥ በእስራኤል ልጆች ዘንድ የተቀደሰውን ነገር አያርክሱ።
0d7dbb20-ff53-54cd-acc5-db79443fe844,3f6d2910-0161-52a2-ab06-77a31d0f90f8,0040a5d5-9ae9-5656-af70-e884319293b3,16,16,በኀጢአት ሳሉ ከተቀደሰው መሥዋዕት ከበሉ ግን ኀጢአትና በደል ይሆንባቸዋል፤ የማነጻቸው እኔ እግዚአብሔር ነኝና።”
12d006fc-65dc-5c5f-ad9a-a135b6e78905,3f6d2910-0161-52a2-ab06-77a31d0f90f8,0040a5d5-9ae9-5656-af70-e884319293b3,17,17,እግዚአብሔርም ሙሴን እንዲህ ብሎ ተናገረው፦
a4d7ecaf-ed79-52c6-a803-75b0a415e872,3f6d2910-0161-52a2-ab06-77a31d0f90f8,0040a5d5-9ae9-5656-af70-e884319293b3,18,18,“ለአሮንና ለልጆቹ፥ ለእስራኤልም ልጆች ሁሉ እንዲህ ብለህ ንገራቸው፦ ከእስራኤል ቤት ወይም ከእናንተ መካከል ከሚቀመጡት እንግዶች ማናቸውም ሰው ስእለቱን ሁሉ፥ በፈቃዱም የሚያቀርበውን ሁሉ፥ ለእግዚአብሔር ለሚቃጠል መሥዋዕት የሚያቀርበውን ቍርባን ቢያቀርብ፥
8c709388-32fc-5247-a930-13c3c03fb689,3f6d2910-0161-52a2-ab06-77a31d0f90f8,0040a5d5-9ae9-5656-af70-e884319293b3,19,19,ይሠምርላችሁ ዘንድ ከበሬ፥ ወይም ከበግ፥ ወይም ከፍየል ነውር የሌለበትን ተባቱን አቅርቡ።
de6d69ee-06f2-5b42-afa7-d414a0ae12cf,3f6d2910-0161-52a2-ab06-77a31d0f90f8,0040a5d5-9ae9-5656-af70-e884319293b3,20,20,ነገር ግን አይሠምርላችሁምና ነውር ያለበትን ለእግዚአብሔር አታቅርቡ።
e69525f1-c8d2-57f3-a97e-76f185a47f6a,3f6d2910-0161-52a2-ab06-77a31d0f90f8,0040a5d5-9ae9-5656-af70-e884319293b3,21,21,ማናቸውም ሰው ስእለቱን ለመፈጸም ወይም በፈቃዱ ለማቅረብ የደኅንነትን መሥዋዕት፥ ወይም በሬን፥ ወይም በግን፥ ለእግዚአብሔር ቢያቀርብ፥ ይሰምርለት ዘንድ ፍጹም ይሁን፤ ነውርም አይሁንበት።
7725bc4c-af05-5df4-adfa-97a4477a3950,3f6d2910-0161-52a2-ab06-77a31d0f90f8,0040a5d5-9ae9-5656-af70-e884319293b3,22,22,ዕውር፥ ወይም ሰባራ፥ ወይም ምላሱ የተቈረጠ፥ ወይም የሚመግል ቍስል ያለበት፥ ወይም እከካም፥ ወይም ቋቍቻም ቢሆን፥ እነዚህን ሁሉ ለእግዚአብሔር አታቅርቡ፤ እነዚህንም ለእሳት ቍርባን በመሠዊያው ላይ ለእግዚአሔር አታሳርጉ።
e2b8c4da-a031-5548-aefd-daddc2c0749b,3f6d2910-0161-52a2-ab06-77a31d0f90f8,0040a5d5-9ae9-5656-af70-e884319293b3,23,23,በሬው፥ ወይም በጉ ጆሮው፥ ወይም ጅራቱ የተቈረጠ ቢሆን፥ ቈጥረህ የራስህ ገንዘብ አድርገው እንጂ ለስእለት አይቀበልህም።
4100a668-bb21-5ebb-a83c-fdd15da15342,3f6d2910-0161-52a2-ab06-77a31d0f90f8,0040a5d5-9ae9-5656-af70-e884319293b3,24,24,የተቀጠቀጠውን፥ ወይም የተሰበረውን፥ ወይም የተቈረጠውን ወይም የተሰነጋውን ለእግዚአብሔር አታቅርቡ፤ በምድራችሁም እነዚህን አትሠዉ።
898a6520-7be1-5e56-a2ab-a4e1396d15ac,3f6d2910-0161-52a2-ab06-77a31d0f90f8,0040a5d5-9ae9-5656-af70-e884319293b3,25,25,ከእነዚህም ከባዕድ ወገን ከሆነ ሰው እጅ ለአምላካችሁ መባ አታቅርቡ፤ ርኵሰትም፥ ነውርም አለባቸውና አይቀበላችሁም።”
7decf145-f2ba-54f8-a7cc-ce2a93b2c934,3f6d2910-0161-52a2-ab06-77a31d0f90f8,0040a5d5-9ae9-5656-af70-e884319293b3,26,26,እግዚአብሔርም ሙሴን እንዲህ ብሎ ተናገረው፦
b7a486c1-10ef-5cc8-a594-2c9dff71eb8e,3f6d2910-0161-52a2-ab06-77a31d0f90f8,0040a5d5-9ae9-5656-af70-e884319293b3,27,27,“ላም፥ ወይም በግ፥ ወይም ፍየል ሲወለድ ሰባት ቀን ከእናቱ ጋር ይቀመጥ፤ በስምንተኛውም ቀን፥ ከዚያም በላይ ለእግዚአብሔር የእሳት ቍርባን የሠመረ ይሆናል።
f1342a4d-8019-5502-a67e-004c38ec3478,3f6d2910-0161-52a2-ab06-77a31d0f90f8,0040a5d5-9ae9-5656-af70-e884319293b3,28,28,ላም፥ ወይም በግ፥ ወይም ፍየል ብትሆን እርስዋንና ልጅዋን በአንድ ቀን አትረዱ።
6118e7a3-0321-568d-ad93-cba9327e86a4,3f6d2910-0161-52a2-ab06-77a31d0f90f8,0040a5d5-9ae9-5656-af70-e884319293b3,29,29,የምስጋናንም መሥዋዕት ለእግዚአብሔር ስትሠዉ እንዲቀበላችሁ ሠዉለት።
d9059292-4ec8-5bd9-af95-694c8ed8b89d,3f6d2910-0161-52a2-ab06-77a31d0f90f8,0040a5d5-9ae9-5656-af70-e884319293b3,30,30,በዚያው ቀን ይብሉት፤ ከእርሱ እስከ ነገ ምንም አትተዉ፤ እኔ እግዚአብሔር ነኝና።
885fc8f9-8075-50cb-aac0-0391e0757a3a,3f6d2910-0161-52a2-ab06-77a31d0f90f8,0040a5d5-9ae9-5656-af70-e884319293b3,31,31,ትእዛዛቴን ጠብቁ፤ አድርጉትም፤ እኔ እግዚአብሔር ነኝና።
6b1ef39b-224e-55ce-add9-a5886e8cbcb8,3f6d2910-0161-52a2-ab06-77a31d0f90f8,0040a5d5-9ae9-5656-af70-e884319293b3,32,32,የተቀደሰውንም ስሜን አታርክሱ፤ እኔ ግን በእስራኤል ልጆች መካከል እቀደሳለሁ፤
3fb92e63-d7f9-5be4-a2c4-8514040a4192,3f6d2910-0161-52a2-ab06-77a31d0f90f8,0040a5d5-9ae9-5656-af70-e884319293b3,33,33,የምቀድሳችሁ እኔ እግዚአብሔር ነኝና። አምላካችሁም እሆን ዘንድ ከግብፅ ምድር ያወጣኋችሁ እኔ እግዚአብሔር ነኝና።”
e262902e-feb1-5da8-a87d-3e7ebe00088e,747dfc0a-31c8-55de-a36e-f0b620f6e5e2,fc89e063-27fe-58a3-ae96-648cccb82d2c,1,1,እግዚአብሔርም ሙሴን እንዲህ ብሎ ተናገረው፦
4300d43f-7314-55d2-a462-a7a224319b38,747dfc0a-31c8-55de-a36e-f0b620f6e5e2,fc89e063-27fe-58a3-ae96-648cccb82d2c,2,2,“ለእስራኤል ልጆች እንዲህ ብለህ ንገራቸው፦ ቅዱሳት ጉባኤያት ብላችሁ የምትጠሩአቸው በዓላቴ፥ የእግዚአብሔር በዓላት እነዚህ ናቸው።
2dd80663-7ef4-5d01-ad4d-c61a8d2d9f68,747dfc0a-31c8-55de-a36e-f0b620f6e5e2,fc89e063-27fe-58a3-ae96-648cccb82d2c,3,3,ስድስት ቀን ሥራህን ትሠራለህ፤ በሰባተኛው ቀን ግን የዕረፍት ሰንበት ነው፤ ለእግዚአብሔር ቅዱስ ጉባኤ ይሆንበታል፤ ምንም ሥራ አትሠሩም፤ በምትኖሩበት ሁሉ ለእግዚአብሔር ሰንበት ነው።
bad3859e-b374-5c54-ac46-06cb4e79375e,747dfc0a-31c8-55de-a36e-f0b620f6e5e2,fc89e063-27fe-58a3-ae96-648cccb82d2c,4,4,እነዚህ የእግዚአብሔር በዓላት፥ በየዘመናቸው የምታውጁአቸው፥ የተቀደሱ ጉባኤያት ናቸው።
6af363b9-534c-5279-a657-a4661d6a0005,747dfc0a-31c8-55de-a36e-f0b620f6e5e2,550c3bd8-6f8d-5767-a180-abbe91ad06f4,1,5,“በመጀመሪያው ወር በዐሥራ አራተኛው ቀን ሲመሽ የእግዚእብሔር ፋሲካ ነው።
8d2fd2f7-dc7c-5d61-ac8a-976969d68dc6,747dfc0a-31c8-55de-a36e-f0b620f6e5e2,550c3bd8-6f8d-5767-a180-abbe91ad06f4,2,6,በዚህም ወር በዐሥራ አምስተኛው ቀን ለእግዚአብሔር የቂጣ በዓል ነው፤ ሰባት ቀን ቂጣ ብሉ።
09fbf95d-91f8-53f7-adf1-354b4be7cbf4,747dfc0a-31c8-55de-a36e-f0b620f6e5e2,550c3bd8-6f8d-5767-a180-abbe91ad06f4,3,7,መጀመሪያይቱ ቀን ቅድስት ጉባኤ ትሁንላችሁ፤ የተግባር ሥራ ሁሉ አትሥሩባት።
161903bf-f713-5a84-a15d-060999c0ec62,747dfc0a-31c8-55de-a36e-f0b620f6e5e2,550c3bd8-6f8d-5767-a180-abbe91ad06f4,4,8,ሰባት ቀንም ለእግዚአብሔር የሚቃጠል መሥዋዕት አቅርቡ፤ ሰባተኛዋ ቀን ቅድስት ጉባኤ ትሁንላችሁ፤ የተግባር ሥራ ሁሉ አትሥሩባት።”
fa339cd9-9ba8-5dfb-afde-82ed79bb41ab,747dfc0a-31c8-55de-a36e-f0b620f6e5e2,550c3bd8-6f8d-5767-a180-abbe91ad06f4,5,9,እግዚአብሔርም ሙሴን እንዲህ ብሎ ተናገረው፦
fe8757e3-1a45-5173-a48f-bbb8a2e9ab8d,747dfc0a-31c8-55de-a36e-f0b620f6e5e2,550c3bd8-6f8d-5767-a180-abbe91ad06f4,6,10,“ለእስራኤል ልጆች እንዲህ ብለህ ንገራቸው፦ ወደምሰጣችሁ ምድር በገባችሁ ጊዜ፥ መከሩንም ባጨዳችሁ ጊዜ፥ የእናንተን መከር በኵራት ነዶ ወደ ካህኑ አምጡ፤
28c0aa37-f612-56ca-a705-678b89219317,747dfc0a-31c8-55de-a36e-f0b620f6e5e2,550c3bd8-6f8d-5767-a180-abbe91ad06f4,7,11,እርሱም ነዶውን በእግዚአብሔር ፊት እንዲሠምርላችሁ ያቀርበዋል፤ በማግስቱ ከሰንበት በኋላ ካህኑ ያቅርበው፤
57670730-698a-5fa8-ad05-da065b5d4da0,747dfc0a-31c8-55de-a36e-f0b620f6e5e2,550c3bd8-6f8d-5767-a180-abbe91ad06f4,8,12,ነዶውንም ባቀረባችሁበት ቀን ነውር የሌለበትን የአንድ ዓመት ተባት ጠቦት ለሚቃጠል መሥዋዕት ለእግዚአብሔር አቅርቡ።
3537cc24-4bb5-5f7d-a20f-22485321fce5,747dfc0a-31c8-55de-a36e-f0b620f6e5e2,550c3bd8-6f8d-5767-a180-abbe91ad06f4,9,13,የስንዴም ቍርባን ከመስፈሪያው ከዐሥር እጅ ሁለት እጅ የሆነ በዘይት የተለወሰ መልካም የስንዴ ዱቄት ለእግዚአብሔር በጎ መዓዛ ያለው ቍርባን ይሁን፤ የመጠጡም ቍርባን የወይን ጠጅ የኢን መስፈሪያ አራተኛ እጅ ይሁን።
39f65dc9-0559-5170-a189-39d277c5d819,747dfc0a-31c8-55de-a36e-f0b620f6e5e2,550c3bd8-6f8d-5767-a180-abbe91ad06f4,10,14,እንጀራውንም፥ የተጠበሰውንም እሸት፥ ለምለሙንም እሸት የአምላካችሁን ቍርባን እስከምታቀርቡበት እስከዚህ ቀን ድረስ አትብሉ። ይህ በምትቀመጡበት ሀገር ሁሉ ለልጅ ልጃችሁ የዘለዓለም ሥርዐት ነው።
42c1107b-ec00-5d64-ae56-aba6614ea150,747dfc0a-31c8-55de-a36e-f0b620f6e5e2,5fce6fde-3b14-51a1-a1b0-a9cdc387eae3,1,15,“ያቀረባችሁትን ነዶ ከምታመጡበት ቀን በኋላ ከሰንበት ማግስት ፍጹም ሰባት ሱባዔ ቍጠሩ፤
55de638e-7368-56f2-a47e-5d2dd80085e2,747dfc0a-31c8-55de-a36e-f0b620f6e5e2,5fce6fde-3b14-51a1-a1b0-a9cdc387eae3,2,16,እስከ መጨረሻዋ ሰባተኛ ሰንበት ማግስት ድረስ አምሳ ቀን ቍጠሩ፤ አዲሱንም መሥዋዕት ለእግዚአብሔር አቅርቡ።
379dd282-fe2a-50e0-a829-0f9165c559cd,747dfc0a-31c8-55de-a36e-f0b620f6e5e2,5fce6fde-3b14-51a1-a1b0-a9cdc387eae3,3,17,ከየማደሪያችሁ ከመስፈሪያው ከዐሥር እጅ ሁለት እጅ ከሆነ መልካም የስንዴ ዱቄት የተሠራ ሁለት የቍርባን እንጀራ ታመጣላችሁ፤ ከእህላችሁ ቀዳምያት ለእግዚአብሔር በእርሾ ይጋገራል።
e5342404-0ddc-5a44-ac32-1cc2a515a00e,747dfc0a-31c8-55de-a36e-f0b620f6e5e2,5fce6fde-3b14-51a1-a1b0-a9cdc387eae3,4,18,ከኅብስቱም ጋር ነውር የሌለባቸውን የአንድ ዓመት ሰባት ጠቦቶች፥ ከመንጋውም አንድ ወይፈን፥ ሁለትም ነውር የሌለባቸው አውራ በጎች ታቀርባላችሁ፤ ለእግዚአብሔር በጎ መዓዛ ያለው መሥዋዕት እንዲሆን መሥዋዕታቸውና ቍርባናቸው፥ ወይናቸውም ለእግዚአብሔር ይሁን።
ff5c7ec0-6e7c-56bb-afe3-de3300a06ef7,747dfc0a-31c8-55de-a36e-f0b620f6e5e2,5fce6fde-3b14-51a1-a1b0-a9cdc387eae3,5,19,አንድም አውራ ፍየል ለኀጢአት መሥዋዕት፥ ሁለትም የአንድ ዓመት ተባት ጠቦቶች ከመጀመሪያው የእህል ቍርባን ጋር ለደኅንነት መሥዋዕት አቅርቡ።
c884d9cd-e326-5f0e-a469-64779d27aa3d,747dfc0a-31c8-55de-a36e-f0b620f6e5e2,5fce6fde-3b14-51a1-a1b0-a9cdc387eae3,6,20,ካህኑም ከበኵራቱ ኅብስት፥ ከሁለቱም ጠቦቶች ጋር በእግዚአብሔር ፊት ለቍርባን ያቅርበው፤ ለእግዚአብሔር የተቀደሰ ፈንታ ነው፤ ላቀረበው ለካህኑ ይሁን።
e7c8762b-e5f0-5bd7-a9ef-43b46d3ce3bf,747dfc0a-31c8-55de-a36e-f0b620f6e5e2,5fce6fde-3b14-51a1-a1b0-a9cdc387eae3,7,21,ያችንም ቀን ቅድስት ጉባኤ ብላችሁ ታውጃላችሁ፤ የተግባር ሥራ ሁሉ አታድርጉባት፤ በምትቀመጡበት ሀገር ሁሉ ለልጅ ልጃችሁ የዘለዓለም ሥርዐት ነው።
aa4046d2-54b1-58db-a933-8ddc20a12779,747dfc0a-31c8-55de-a36e-f0b620f6e5e2,5fce6fde-3b14-51a1-a1b0-a9cdc387eae3,8,22,“የምድራችሁን መከር በሰበሰባችሁ ጊዜ በእርሻችሁ የቀረውን አጥርታችሁ አትጨዱ፤ የመከሩንም ቃርሚያ አትልቀሙ፤ ለድሆችና ለእንግዶች ተዉት፤ እኔ እግዚአብሔር አምላካችሁ ነኝና።”
3db888be-fd63-57e7-a930-1dde2330384e,747dfc0a-31c8-55de-a36e-f0b620f6e5e2,22f2b0f8-7b67-5512-ad8e-13a4478f0fa1,1,23,እግዚአብሔርም ሙሴን እንዲህ ብሎ ተናገረው፦
6403926b-65c5-501d-a207-a24118c9d38e,747dfc0a-31c8-55de-a36e-f0b620f6e5e2,22f2b0f8-7b67-5512-ad8e-13a4478f0fa1,2,24,“ለእስራኤል ልጆች እንዲህ ብለህ ንገራቸው፦ በሰባተኛው ወር ከወሩም በመጀመሪያው ቀን ዕረፍት፥ በመለከት ድምፅ መታሰቢያ፥ የተቀደሰች ጉባኤ ትሁንላችሁ።
279da017-8d04-5042-afff-929abdf4bae0,747dfc0a-31c8-55de-a36e-f0b620f6e5e2,22f2b0f8-7b67-5512-ad8e-13a4478f0fa1,3,25,የተግባር ሥራ ሁሉ አታድርጉባት፤ ለእግዚአብሔር የሚቃጠል መሥዋዕት አቅርቡ።”
59dab59d-8bfe-52c3-ac00-1547db406820,747dfc0a-31c8-55de-a36e-f0b620f6e5e2,1af22b0c-4270-5cc8-af93-f02ce622acee,1,26,እግዚአብሔርም ሙሴን እንዲህ ብሎ ተናገረው፦
cff2cfbd-1195-54f1-ab6f-adb2b0adfa8e,747dfc0a-31c8-55de-a36e-f0b620f6e5e2,1af22b0c-4270-5cc8-af93-f02ce622acee,2,27,“በዚህ በሰባተኛው ወር ዐሥረኛዋ ቀን የማስተስረያ ቀን ናት፤ ቅድስት ጉባኤ ትሁንላችሁ፤ ሰውነታችሁን አስጨንቋት፤ ለእግዚአብሔርም የሚቃጠል መሥዋዕት አቅርቡ።
0e209cc1-cf64-53f8-ae32-09f6348048a7,747dfc0a-31c8-55de-a36e-f0b620f6e5e2,1af22b0c-4270-5cc8-af93-f02ce622acee,3,28,በአምላካችሁ በእግዚአብሔር ፊት ስለ እናንተ ማስተስረያ ትሆንላችሁ ዘንድ የማስተስረያ ቀን ናትና በዚያች ቀን ሥራ ሁሉ አትሥሩባት።
e9973114-5cdd-513c-a3e3-77e48ed93aeb,747dfc0a-31c8-55de-a36e-f0b620f6e5e2,1af22b0c-4270-5cc8-af93-f02ce622acee,4,29,በዚያችም ቀን ራሱን የማያዋርድ ሰው ሁሉ ከሕዝቡ ተለይቶ ይጥፋ።
956d94bb-3955-5c0b-ab9b-65a907acbcb1,747dfc0a-31c8-55de-a36e-f0b620f6e5e2,1af22b0c-4270-5cc8-af93-f02ce622acee,5,30,በዚያችም ቀን ሥራ የሚሠራ ሰው ከሕዝቡ መካከል ተለይቶ ይጠፋል።
2ea6edc4-bc54-5162-ab3a-7dc4f59656a0,747dfc0a-31c8-55de-a36e-f0b620f6e5e2,1af22b0c-4270-5cc8-af93-f02ce622acee,6,31,ሥራ ሁሉ አታድርጉባት፤ በምትቀመጡበት ሀገር ሁሉ ለልጅ ልጃችሁ የዘለዓለም ሕግ ነው።
4f312e65-8e4b-5410-a836-63bec3535f6b,747dfc0a-31c8-55de-a36e-f0b620f6e5e2,1af22b0c-4270-5cc8-af93-f02ce622acee,7,32,የዕረፍት ሰንበት ትሁንላችሁ፤ ሰውነታችሁንም አዋርዱ፤ በወሩ በዘጠነኛው ቀን ከማታ ጀምራችሁ እስከ ዐሥረኛው ቀን ማታ ድረስ፥ ሰንበታችሁን አድርጉ።”
9dad9ea6-ba6e-57bc-a117-38dbc3abbddc,747dfc0a-31c8-55de-a36e-f0b620f6e5e2,3113a32b-6839-5b82-ab73-2773d159136c,1,33,እግዚአብሔር ሙሴን እንዲህ ብሎ ተናገረው፦
2d6bea4c-506d-548f-a582-fff87b6be28e,747dfc0a-31c8-55de-a36e-f0b620f6e5e2,3113a32b-6839-5b82-ab73-2773d159136c,2,34,“ለእስራኤል ልጆች እንዲህ ብለህ ንገራቸው፦ በዚህ በሰባተኛው ወር ከዐሥራ አምስተኛው ቀን ጀምሮ ሰባት ቀን ለእግዚአብሔር የዳስ በዓል ይሆናል።
fcfb3ea0-c8a1-5335-af85-01b0826fa8e9,747dfc0a-31c8-55de-a36e-f0b620f6e5e2,3113a32b-6839-5b82-ab73-2773d159136c,3,35,የመጀመሪያዋ ቀን ቅድስት ጉባኤ ትሁንላችሁ፤ የተግባር ሥራ ሁሉ አታድርጉባት።
435136e5-f043-5721-ae6f-ee326420d1f6,747dfc0a-31c8-55de-a36e-f0b620f6e5e2,3113a32b-6839-5b82-ab73-2773d159136c,4,36,ሰባት ቀን ለእግዚአብሔር የሚቃጠል መሥዋዕት አቅርቡ፤ ስምንተኛዋም ቀን የተቀደሰች ጉባኤ ትሁንላችሁ፤ ለእግዚአብሔርም የሚቃጠለውን መሥዋዕት አቅርቡ፤ የመሰናበቻ በዓል ነውና፤ የተግባር ሥራ ሁሉ አትሥሩበት።
9bb87f74-fefa-58e7-a3a1-aaa6b75c36b2,747dfc0a-31c8-55de-a36e-f0b620f6e5e2,3113a32b-6839-5b82-ab73-2773d159136c,5,37,“የሚቃጠለውን መሥዋዕት፥ የእህሉንም ቍርባን፥ መሥዋዕቱንም፥ የመጠጡንም ቍርባን፥ በየቀኑ የሚቃጠል መሥዋዕት ለእግዚአብሔር ታቀርቡባቸው ዘንድ የተቀደሱ በዓላት እንዲሆኑ የምታውጁአቸው የእግዚአብሔር በዓላት እነዚህ ናቸው።
c90d57c8-5dbd-5c7f-a38a-dc4f4de78e8c,747dfc0a-31c8-55de-a36e-f0b620f6e5e2,3113a32b-6839-5b82-ab73-2773d159136c,6,38,እነዚህም ከእግዚአብሔር ሰንበታት ሌላ፥ ለእግዚአብሔርም ከምትሰጡት ከስጦታችሁ ሌላ፥ ከስእለቶቻችሁም ሁሉ ሌላ፥ በፈቃዳችሁም ከምታቀርቡአቸው ሁሉ ሌላ ናቸው።
d24fe437-878e-5c38-a91e-df4690d6f5f7,747dfc0a-31c8-55de-a36e-f0b620f6e5e2,3113a32b-6839-5b82-ab73-2773d159136c,7,39,ከሰባተኛውም ወር በዐሥራ አምስተኛው ቀን የምድሩን ፍሬ ካከማቻችሁ በኋላ፥ የእግዚአብሔርን በዓል ሰባት ቀን ታደርጋላችሁ፤ የመጀመሪያዋ ቀን ዕረፍት ትሁን፤ ስምንተኛዋም ቀን ዕረፍት ትሁን።
084dcce8-963e-50d1-a2f3-fee2dce82f37,747dfc0a-31c8-55de-a36e-f0b620f6e5e2,3113a32b-6839-5b82-ab73-2773d159136c,8,40,በመጀመሪያዋ ቀን የመልካም ዛፍ ፍሬ፥ የዘንባባውንም ቅርንጫፍ፥ የለመለመውንም ዛፍ ቅርንጫፍ፥ የወንዝም አኻያ ዛፍ ውሰዱ፤ በአምላካችሁም በእግዚአብሔር ፊት በየዓመቱ ሰባት ቀን ደስ ይበላችሁ።
92316471-8ffd-50ea-a794-9aae5ece8621,747dfc0a-31c8-55de-a36e-f0b620f6e5e2,3113a32b-6839-5b82-ab73-2773d159136c,9,41,በየዓመቱ በሰባተኛው ወር ይህን በዓል ታደርጉ ዘንድ ለልጅ ልጃችሁ የዘለዓለም ሕግ ይሁንላችሁ።
a2384efc-7703-57d6-a0ed-e34aa3b1cc14,747dfc0a-31c8-55de-a36e-f0b620f6e5e2,3113a32b-6839-5b82-ab73-2773d159136c,10,42,ሰባት ቀን በዳሶች ውስጥ ትቀመጣላችሁ፤
a0dc5acf-6d76-5e9c-a8e6-dfe2d6d69988,747dfc0a-31c8-55de-a36e-f0b620f6e5e2,3113a32b-6839-5b82-ab73-2773d159136c,11,43,ከግብፅ ምድር ባወጣኋቸው ጊዜ የእስራኤልን ልጆች በዳስ ውስጥ እንዳስቀመጥኋቸው የልጅ ልጆቻችሁ ያውቁ ዘንድ፥ በእስራኤል ያሉት የሀገር ልጆች ሁሉ በዳስ ውስጥ ይቀመጡ፤ እኔ እግዚአብሔር አምላካችሁ ነኝና።”
e9b7b576-e4f1-5e5d-a6db-f7018f4d25d1,747dfc0a-31c8-55de-a36e-f0b620f6e5e2,3113a32b-6839-5b82-ab73-2773d159136c,12,44,ሙሴም የጌታን የእግዚአብሔርን በዓላት ሁሉ ለእስራኤል ልጆች ተናገረ።
2e748f53-b6ee-5836-add9-779183b25994,a721b757-1e4c-5545-ada5-df2400a5c000,bfccf085-d465-5aef-ac57-1b78345974bc,1,1,እግዚአብሔርም ሙሴን እንዲህ ብሎ ተናገረው፦
1e119c65-1e45-566b-a859-e52228cd5df3,a721b757-1e4c-5545-ada5-df2400a5c000,bfccf085-d465-5aef-ac57-1b78345974bc,2,2,“መብራቱን ሁል ጊዜ እንድታበራበት ለመብራት ጥሩ ተወቅጦ የተጠለለ የወይራ ዘይት ያመጡልህ ዘንድ የእስራኤልን ልጆች እዘዛቸው።
9f08ea86-9d76-5ac0-acd4-93b070cdca72,a721b757-1e4c-5545-ada5-df2400a5c000,bfccf085-d465-5aef-ac57-1b78345974bc,3,3,በምስክሩ ድንኳን ከመጋረጃው ውጭ አሮንና ልጆቹ ከማታ እስከ ማለዳ ድረስ በእግዚአብሔር ፊት ሁል ጊዜ ያበሩታል፤ ለዘለዓለም ለልጅ ልጃችሁ ሥርዐት ይሁን።
52ea2e6b-8e3d-5598-a421-dd2175aaf225,a721b757-1e4c-5545-ada5-df2400a5c000,bfccf085-d465-5aef-ac57-1b78345974bc,4,4,በእግዚአብሔር ፊት በጥሩ መቅረዝ ላይ መብራቶቹን ሁል ጊዜ እስኪነጋ አብሩአቸው።
e4530f47-88a6-57a0-a691-cc9929415a61,a721b757-1e4c-5545-ada5-df2400a5c000,edb5328e-db4e-58ab-a5c8-4c3a32cf910f,1,5,“የስንዴ ዱቄት ወስደህ ዐሥራ ሁለት ኅብስት ጋግር፤ በእያንዳንዱ ኅብስት ውስጥ ከመስፈሪያው ከዐሥር እጅ ሁለት እጅ ይሁን።
aba5a257-3832-5095-a306-e4b1034ce6ed,a721b757-1e4c-5545-ada5-df2400a5c000,edb5328e-db4e-58ab-a5c8-4c3a32cf910f,2,6,እነዚህንም ስድስት ስድስቱን በሁለት ተርታ አድርገህ በእግዚአብሔር ፊት በንጹሕ ገበታ ላይ አኑራቸው።
c53f7652-ec0a-56a6-a9be-6d274afe3125,a721b757-1e4c-5545-ada5-df2400a5c000,edb5328e-db4e-58ab-a5c8-4c3a32cf910f,3,7,በሁለቱም ተራ ንጹሕ ዕጣንና ጨው ታደርጋለህ፤ እነዚህም ነገሮች በእግዚአብሔር ፊት ለመታሰቢያ ለተዘጋጁት ኅብስቶች ይሁኑ።
89165e83-4c60-5575-a6ed-9800a311132f,a721b757-1e4c-5545-ada5-df2400a5c000,edb5328e-db4e-58ab-a5c8-4c3a32cf910f,4,8,በእግዚአብሔር ፊት ሁል ጊዜ በሰንበት ቀን ሁሉ ያድርጉት፤ በእስራኤል ልጆች ዘንድ የዘለዓለም ቃል ኪዳን ነው።
71d4e5f1-7143-54e1-aa58-4a02bc1b7b5b,a721b757-1e4c-5545-ada5-df2400a5c000,edb5328e-db4e-58ab-a5c8-4c3a32cf910f,5,9,ለአሮንና ለልጆቹም ይሁን፤ በእሳት ከተደረገው ከእግዚአብሔር ቍርባን ለዘለዓለም ሥርዐት ለእርሱ ቅዱሰ ቅዱሳን ነውና በተቀደሰ ስፍራ ይብሉት።”
7ac0618a-ec84-5e6e-a5f2-f4f87a4104df,a721b757-1e4c-5545-ada5-df2400a5c000,7285852b-1a89-5446-ac86-ec569566e44d,1,10,አባቱ ግብፃዊ የነበረ የእስራኤላዊት ሴት ልጅ በእስራኤል ልጆች መካከል ወጣ፤ የእስራኤላዊቱ ሴት ልጅና አንድ እስራኤላዊ ሰው በሰፈር ውስጥ ተጣሉ፤
dd6cf472-305f-5bd2-a59f-f2857685eb7e,a721b757-1e4c-5545-ada5-df2400a5c000,7285852b-1a89-5446-ac86-ec569566e44d,2,11,የእስራኤላዊቱም ሴት ልጅ የእግዚአብሔርን ስም ጠርቶ ሰደበ፤ ወደ ሙሴም አመጡት። እናቱም ከዳን ነገድ የዳቤር ልጅ ነበረች፤ ስምዋም ሰሎሚት ነበረ።
f4c032d5-d152-588e-a2b9-51a753cd23e0,a721b757-1e4c-5545-ada5-df2400a5c000,7285852b-1a89-5446-ac86-ec569566e44d,3,12,በእግዚአብሔርም ትእዛዝ እስኪፈርዱበት ድረስ በግዞት አኖሩት።
80265299-7ab7-5dce-afe6-932e9ed3d0a0,a721b757-1e4c-5545-ada5-df2400a5c000,7285852b-1a89-5446-ac86-ec569566e44d,4,13,እግዚአብሔርም ሙሴን እንዲህ ብሎ ተናገረው፦
f29a4351-e517-5f9f-ab2d-fc7f5ab882e4,a721b757-1e4c-5545-ada5-df2400a5c000,7285852b-1a89-5446-ac86-ec569566e44d,5,14,“ተሳዳቢውን ከሰፈር ወደ ውጭ አውጣው፤ የሰሙትም ሁሉ እጃቸውን በራሱ ላይ ይጫኑበት፤ ማኅበሩም ሁሉ በድንጋይ ይውገሩት።”
90f2d6ec-ed76-56aa-a859-f104748748be,a721b757-1e4c-5545-ada5-df2400a5c000,7285852b-1a89-5446-ac86-ec569566e44d,6,15,ለእስራኤል ልጆች እንዲህ ብለህ ትነግራለህ፥ “ማናቸውም ሰው አምላኩን ቢሰድብ ኀጢአቱን ይሸከማል።
191d0b3e-a951-5bff-a7ef-4d479c98fd1b,a721b757-1e4c-5545-ada5-df2400a5c000,7285852b-1a89-5446-ac86-ec569566e44d,7,16,የእግዚአብሔርንም ስም ጠርቶ የሚሰድብ ሁሉ ፈጽሞ ይገደል፤ ማኅበሩም ሁሉ በድንጋይ ይውገሩት፤ መጻተኛ ወይም የሀገር ልጅ ቢሆን፥ የእግዚአብሔርን ስም ጠርቶ ቢሳደብ ይገደል።
a533d0c6-2c4d-5a87-abfb-2357a8f69210,a721b757-1e4c-5545-ada5-df2400a5c000,7285852b-1a89-5446-ac86-ec569566e44d,8,17,ሰውን የገደለ ሰው ሁሉ ፈጽሞ ይገደል።
2ee8b223-7670-506d-af22-2e860a99da8d,a721b757-1e4c-5545-ada5-df2400a5c000,7285852b-1a89-5446-ac86-ec569566e44d,9,18,እንስሳንም ቢገድል በነፍስ ፋንታ ነፍስ ይክፈል።
6be84df7-e614-5646-a45f-babbf97db8b3,a721b757-1e4c-5545-ada5-df2400a5c000,7285852b-1a89-5446-ac86-ec569566e44d,10,19,ሰውም ባልንጀራውን ቢጎዳ፥ እርሱ እንዳደረገ እንዲሁ ይደረግበት።
7b1a4c52-8649-594f-adad-06d8f4a3d487,a721b757-1e4c-5545-ada5-df2400a5c000,7285852b-1a89-5446-ac86-ec569566e44d,11,20,ስብራት በስብራት ፋንታ፥ ዐይን በዐይን ፋንታ፥ ጥርስ በጥርስ ፋንታ፥ ሰውን እንደ ጎዳ እንዲሁ ይደረግበት።
5e5e6977-8023-5376-ab71-6fdba2cd9500,a721b757-1e4c-5545-ada5-df2400a5c000,7285852b-1a89-5446-ac86-ec569566e44d,12,21,ሰውንም የመታና የገደለ ፈጽሞ ይገደል።
3bfb9455-5895-508b-a6d8-6d5cebe02de2,a721b757-1e4c-5545-ada5-df2400a5c000,7285852b-1a89-5446-ac86-ec569566e44d,13,22,እኔ እግዚአብሔር አምላካችሁ ነኝና ለመጻተኛና ለሀገር ልጅ አንድ ዐይነት ሕግ ይሁንላችሁ።”
f47f7a38-3c84-5ccf-a0b7-742663aaa787,a721b757-1e4c-5545-ada5-df2400a5c000,7285852b-1a89-5446-ac86-ec569566e44d,14,23,ሙሴም ለእስራኤል ልጆች ተናገራቸው፤ ተሳዳቢውንም ከሰፈር ወደ ውጭ አወጡት፤ በድንጋይም ወገሩት። የእስራኤልም ልጆች እግዚአብሔር ሙሴን እንዳዘዘው አደረጉ።
9aee4da9-fb7d-5a57-a979-b6883d41de6e,b71e75c9-38e3-5ed4-ac4d-7944691bab13,867e48a9-a405-5a8b-ad95-449c104da34b,1,1,እግዚአብሔርም ሙሴን በሲና ተራራ ላይ እንዲህ ብሎ ተናገረው፦
e0fd294a-b9d9-560a-ad62-64623aa4c3ed,b71e75c9-38e3-5ed4-ac4d-7944691bab13,867e48a9-a405-5a8b-ad95-449c104da34b,2,2,“ለእስራኤል ልጆች እንዲህ ብለህ ንገራቸው፦ እኔ ወደምሰጣችሁ ምድር በገባችሁ ጊዜ እኔ የምሰጣችሁ ምድር ታርፋለች፤ ለእግዚአብሔርም ሰንበት ታደርጋለች።
775b1240-ffdd-5701-ab78-906bf8bec2c1,b71e75c9-38e3-5ed4-ac4d-7944691bab13,867e48a9-a405-5a8b-ad95-449c104da34b,3,3,ስድስት ዓመት እርሻህን ትዘራለህ፤ ስድስት ዓመትም ወይንህን ትቈርጣለህ፤ ፍሬዋንም ትሰበስባለህ።
00cdd531-3e8f-5a37-aefb-829f1d69fbb9,b71e75c9-38e3-5ed4-ac4d-7944691bab13,867e48a9-a405-5a8b-ad95-449c104da34b,4,4,በሰባተኛው ዓመት ግን ሰንበት ነው፤ የምድር ዕረፍት ነው፤ ለእግዚአብሔር ሰንበት ነው፤ እርሻህን አትዝራ፤ ወይንህንም አትቍረጥ።
efdfff4f-6042-5b0a-a030-f338e3fa2a28,b71e75c9-38e3-5ed4-ac4d-7944691bab13,867e48a9-a405-5a8b-ad95-449c104da34b,5,5,የምድራችሁን ገቦ አትጨደው፤ የተቀደሰውንም የወይንህን ፍሬ አታከማች፤ ለምድሪቱ የዕረፍት ዓመት ይሆናል።
ff9d63e5-9dc2-594a-a656-b42830c2680b,b71e75c9-38e3-5ed4-ac4d-7944691bab13,867e48a9-a405-5a8b-ad95-449c104da34b,6,6,የምድርም ሰንበት ለአንተ፥ ለወንድ ባሪያህም፥ ለሴት ባሪያህም፥ ለምንደኛም፥ ከአንተ ጋር ለሚኖር ለመጻተኛም ምግብ ይሁን።
b29513c3-1137-5f61-afef-27aef78d3645,b71e75c9-38e3-5ed4-ac4d-7944691bab13,867e48a9-a405-5a8b-ad95-449c104da34b,7,7,ለእንስሶችህም፥ በምድርህም ላሉት አራዊት ፍሬዋ ሁሉ ምግብ ይሁን።
ad3de0cf-9985-504a-a2e7-7065a1472d5b,b71e75c9-38e3-5ed4-ac4d-7944691bab13,b92f7f50-9b20-5ec2-a473-f5c6a593e4f7,1,8,“የዓመታትን ሰባት ሰንበቶች ሰባት ጊዜ ሰባት ለራስህ ትቈጥራለህ፤ እነዚህም ሰባት የዓመታት ሱባዔያት አርባ ዘጠኝ ዓመታት ይሆናሉ።
d80d0130-3e78-5107-a56e-b7e2444e116a,b71e75c9-38e3-5ed4-ac4d-7944691bab13,b92f7f50-9b20-5ec2-a473-f5c6a593e4f7,2,9,ከዚያም በኋላ በሰባተኛው ወር ከወሩ በዐሥረኛው ቀን በምድራችሁ ሁሉ በቀንደ መለከት ታውጃለህ፤ በማስተስረያ ቀን በምድራችሁ ሁሉ በቀንደ መለከት ታውጃላችሁ።
c3293d62-157e-5d04-ac18-7cce1b137596,b71e75c9-38e3-5ed4-ac4d-7944691bab13,b92f7f50-9b20-5ec2-a473-f5c6a593e4f7,3,10,አምሳኛውንም ዓመት ትቀድሳላችሁ፤ በምድሪቱም ለሚኖሩት ሁሉ ነጻነትን ታውጃላችሁ፤ እርሱ ለእናንተ ኢዮቤልዩ ነው፤ ሰው ሁሉ ወደ ርስቱና ወደ ወገኑ ይመለስ።
e69c58bf-2022-537d-ac82-5c17ddb92ab8,b71e75c9-38e3-5ed4-ac4d-7944691bab13,b92f7f50-9b20-5ec2-a473-f5c6a593e4f7,4,11,ያ አምሳኛው ዓመት ለእናንተ ኢዮቤልዩ ይሆናል፤ በእርሱም አትዝሩ፤ የገቦውንም አትጨዱ፤ የተቀደሰውንም በእርሱ አትልቀሙ።
42d2d7fe-4499-5a9a-a4b4-b63e836d3695,b71e75c9-38e3-5ed4-ac4d-7944691bab13,b92f7f50-9b20-5ec2-a473-f5c6a593e4f7,5,12,ኢዮቤልዩ ነውና የተቀደሰ ይሁንላችሁ፤ በሜዳ ላይ የበቀለውን ብሉ።
6968a49d-0ca6-5561-a700-0f0888a81cec,b71e75c9-38e3-5ed4-ac4d-7944691bab13,b92f7f50-9b20-5ec2-a473-f5c6a593e4f7,6,13,“በዚች ኢዮቤልዩ ዓመት ሰው ሁሉ ወደ ርስቱ ይመለሳል።
bf42284c-eb1d-5831-a9b1-16ceca41d210,b71e75c9-38e3-5ed4-ac4d-7944691bab13,b92f7f50-9b20-5ec2-a473-f5c6a593e4f7,7,14,ለባልንጀራህም አንዳች ብትሸጥለት፥ ወይም ከባልንጀራህ እጅ ብትገዛ፥ ሰው ባልንጀራውን አያስጨንቀው።
373a3682-f753-52f4-a05e-73669a376c82,b71e75c9-38e3-5ed4-ac4d-7944691bab13,b92f7f50-9b20-5ec2-a473-f5c6a593e4f7,8,15,ከኢዮቤልዩ ዓመት በኋላ እንደ ዓመታቱ ቍጥር ከባልንጀራህ ትገዛለህ፤ እርሱም እንደ መከሩ ዓመታት ቍጥር ይከፍልሃል።
052b549d-eff0-5d09-a748-68aea03207fd,b71e75c9-38e3-5ed4-ac4d-7944691bab13,b92f7f50-9b20-5ec2-a473-f5c6a593e4f7,9,16,እንደ ዓመታቱ ብዛት ዋጋውን ያበዛል፤ እንደ ዓመታቱም ማነስ ዋጋውን ያሳንሳል፤ እንደ መከሩ ቍጥር ይሸጥልሃል።
68b27677-5548-5e86-a22d-cdcbb190d5af,b71e75c9-38e3-5ed4-ac4d-7944691bab13,b92f7f50-9b20-5ec2-a473-f5c6a593e4f7,10,17,እኔም እግዚአብሔር አምላካችሁ ነኝና ሰው ባልንጀራውን አያስጨንቅ፤ ነገር ግን አምላክህን እግዚአብሔርን ፍራ።
017d10af-0f23-54e0-a356-bc200888b93a,b71e75c9-38e3-5ed4-ac4d-7944691bab13,b92f7f50-9b20-5ec2-a473-f5c6a593e4f7,11,18,“ሥርዐቴንም አድርጉ፤ ፍርዴንም ጠብቁ፤ አድርጉትም፤ በምድሪቱም ውስጥ ተዘልላችሁ ትኖራላችሁ።
2a5e1cdb-0bfa-5eb6-a648-9a0430770cdf,b71e75c9-38e3-5ed4-ac4d-7944691bab13,b92f7f50-9b20-5ec2-a473-f5c6a593e4f7,12,19,ምድሪቱም ፍሬዋን ትሰጣለች፤ እስክትጠግቡም ድረስ ትበላላችሁ፤ በእርስዋም ውስጥ ተዘልላችሁ ትኖራላችሁ።
117f80a6-d3c7-510e-af6f-958241f329aa,b71e75c9-38e3-5ed4-ac4d-7944691bab13,b92f7f50-9b20-5ec2-a473-f5c6a593e4f7,13,20,እናንተም፦ ‘ካልዘራን፥ እህላችንንም ካላከማቸን በሰባተኛው ዓመት ምን እንበላለን?’ ብትሉ፥
a2ae6d27-ee51-5f76-a6a8-63ae6e4755ed,b71e75c9-38e3-5ed4-ac4d-7944691bab13,b92f7f50-9b20-5ec2-a473-f5c6a593e4f7,14,21,እኔ በስድስተኛው ዓመት በረከቴን በላያችሁ እሰጣለሁ፤ ምድሪቱም የሦስት ዓመት ፍሬ ታፈራለች።
5a38e31f-5287-5144-abf1-8e87d123cffd,b71e75c9-38e3-5ed4-ac4d-7944691bab13,b92f7f50-9b20-5ec2-a473-f5c6a593e4f7,15,22,በስምንተኛውም ዓመት ትዘራላችሁ፤ ከከረመውም እህል ትበላላችሁ፤ ፍሬዋ እስኪገባ፥ እስከ ዘጠነኛው ዓመት ድረስ፥ ከከረመው እህል ትበላላችሁ።
e9feacb9-6c5a-5ef3-ab84-654beac9879b,b71e75c9-38e3-5ed4-ac4d-7944691bab13,7ea23ca0-12b5-52f3-a50d-00c0010029fa,1,23,“ምድርም ለእኔ ናትና፥ እናንተም በእኔ ፊት እንግዶችና መጻተኞች ናችሁና ምድርን ለዘለዓለም አትሽጡ።
ad3d1e6f-1887-5ecc-adb3-aea403c3b4b7,b71e75c9-38e3-5ed4-ac4d-7944691bab13,7ea23ca0-12b5-52f3-a50d-00c0010029fa,2,24,በርስታችሁም ምድር ሁሉ መቤዠትን ለምድሪቱ አድርጉ።
ec4f5852-59e4-5b62-af7f-ac07d769bd45,b71e75c9-38e3-5ed4-ac4d-7944691bab13,7ea23ca0-12b5-52f3-a50d-00c0010029fa,3,25,ወንድምህም ቢደኸይ፥ ከርስቱም ቢሸጥ፥ ለእርሱ የቀረበ ዘመዱ መጥቶ ወንድሙ የሸጠውን ይቤዠዋል።
b0408eef-c391-58ab-a77e-7419131115bd,b71e75c9-38e3-5ed4-ac4d-7944691bab13,7ea23ca0-12b5-52f3-a50d-00c0010029fa,4,26,የሚቤዠውም ሰው ቢያጣ፥ እርሱም እጁ ቢረጥብ፥ ለመቤዠትም የሚበቃ ቢያገኝ፥
e18190ce-ef98-525b-a680-e3f9769ff50b,b71e75c9-38e3-5ed4-ac4d-7944691bab13,7ea23ca0-12b5-52f3-a50d-00c0010029fa,5,27,የሽያጩን ዘመን ቈጥሮ የቀረውን ወደ ገዛው ሰው ይመልስ፤ እርሱም ወደ ርስቱ ይመለስ።
0793f84b-72cb-5cae-a9a4-8f224eac021d,b71e75c9-38e3-5ed4-ac4d-7944691bab13,7ea23ca0-12b5-52f3-a50d-00c0010029fa,6,28,ለራሱም ዕዳውን መክፈል ባይችል፥ ሽያጩ በገዛው ሰው እጅ እስከ ኢዮቤልዩ ዓመት ድረስ ይቀመጥ፤ በኢዮቤልዩም ዓመት ይውጣ፤ እርሱም ወደ ርስቱ ይመለስ።
984dfd43-edbe-5962-a4c3-1bd51c8899be,b71e75c9-38e3-5ed4-ac4d-7944691bab13,7ea23ca0-12b5-52f3-a50d-00c0010029fa,7,29,“ሰውም ቅጥር ባለበት ከተማ መኖርያ ቤትን ቢሸጥ፥ ከተሸጠ በኋላ አንድ ዓመት እስኪፈጸም ድረስ ለመቤዠት ይችላል፤ ለአንድ ሙሉ ዓመት መቤዠት ይችላል።
87fcbedc-fed5-51e7-a0b1-f282f2383f84,b71e75c9-38e3-5ed4-ac4d-7944691bab13,7ea23ca0-12b5-52f3-a50d-00c0010029fa,8,30,አንድ ዓመት እስኪጨረስ ባይቤዠው ቤቱ ለገዡ ይሆናል፤ ቅጥር ባለበት ከተማ ያለውን ያን ቤት ይመረምሩለታል፤ ለገዛው ሰው ለልጅ ልጁ ለዘለዓለም ይጸናለታል፤ በኢዮቤልዩ ዓመትም አይወስዱበትም።
8e0816d8-f324-52e7-a3db-3e66a85ebdba,b71e75c9-38e3-5ed4-ac4d-7944691bab13,7ea23ca0-12b5-52f3-a50d-00c0010029fa,9,31,ቅጥር በሌለበት መንደር ያሉ ቤቶች ግን እንደ እርሻ ይቈጠራሉ፤ ይቤዣሉ፤ በኢዮቤልዩ ዓመትም ይመለሳሉ።
7c48482e-bdc7-527f-acf9-43c31d2ec83b,b71e75c9-38e3-5ed4-ac4d-7944691bab13,7ea23ca0-12b5-52f3-a50d-00c0010029fa,10,32,የሌዋውያንን ከተሞች፥ በከተሞቻቸውም ያሉ ቤቶቻቸውን ሌዋውያን ለዘለዓለም መቤዠት ይችላሉ።
ad7c19bd-6660-5984-ac12-424a3b2c86db,b71e75c9-38e3-5ed4-ac4d-7944691bab13,7ea23ca0-12b5-52f3-a50d-00c0010029fa,11,33,ማናቸውም ሰው ከሌዋውያን ቢገዛ፥ በእስራኤል ልጆች መካከል የሌዋውያን ከተሞች ቤቶች ርስቶቻቸው ናቸውና በርስቱ ከተማ ያለ የተሸጠው ቤት በኢዮቤልዩ ዓመት ይመለሳል።
a3dcf456-d930-5ad0-a716-88e15c2870e7,b71e75c9-38e3-5ed4-ac4d-7944691bab13,7ea23ca0-12b5-52f3-a50d-00c0010029fa,12,34,በከተማዎቻቸው ዙሪያ ያሉ እርሻዎቻቸውም የዘለዓለም ርስቶቻቸው ናቸውና አይሸጡም።
781ff863-2aeb-56b3-a800-888870614226,b71e75c9-38e3-5ed4-ac4d-7944691bab13,1e374f9d-5377-5835-ad1e-460fc7b1ec78,1,35,“ከአንተ ጋር ያለው ወንድምህ ቢደኸይ፥ እጁም በአንተ ዘንድ ቢደክም እንደ እንግዳና እንደ መጻተኛ ትረዳዋለህ፤ ከአንተም ጋር ይኑር።
3a13b301-d5f9-5b8d-a530-b742a3c258ff,b71e75c9-38e3-5ed4-ac4d-7944691bab13,1e374f9d-5377-5835-ad1e-460fc7b1ec78,2,36,ወንድምህ ከአንተ ጋር ይኖር ዘንድ ከእርሱ ምንም ወለድ ወይም ትርፍ አትውሰድ፤ ነገር ግን አምላክህን ፍራ፤ እኔ እግዚአብሔር ነኝና።
e690d394-e739-56e4-ab4c-8d0cefaad197,b71e75c9-38e3-5ed4-ac4d-7944691bab13,1e374f9d-5377-5835-ad1e-460fc7b1ec78,3,37,ብርህን በወለድ አታበድረው፤ እህልህንም በትርፍ አትስጠው።
5fc33357-2678-5f34-aeb5-7d049dbb33e0,b71e75c9-38e3-5ed4-ac4d-7944691bab13,1e374f9d-5377-5835-ad1e-460fc7b1ec78,4,38,የከነዓንን ምድር እሰጥህ ዘንድ፥ አምላክም እሆንህ ዘንድ ከግብፅ ምድር ያወጣሁህ እኔ እግዚአብሔር አምላክህ ነኝና።
e17919c1-b524-5fb3-ac71-f3c578733679,b71e75c9-38e3-5ed4-ac4d-7944691bab13,8ab91db9-e824-5971-aadf-1edc0e5a9124,1,39,“ወንድምህ ቢቸገር፥ ራሱንም ለአንተ ቢሸጥ፥ እንደ ባሪያ አድርገህ አትግዛው።
73af21af-6156-5375-ac5a-46309c02b7e1,b71e75c9-38e3-5ed4-ac4d-7944691bab13,8ab91db9-e824-5971-aadf-1edc0e5a9124,2,40,እንደ ምንደኛና እንደ ስደተኛ ከአንተ ጋር ይሁን፤ እስከ ኢዮቤልዩ ዓመትም ያገልግልህ።
85ffc76a-7ef4-52f1-ae9f-7bc45682537b,b71e75c9-38e3-5ed4-ac4d-7944691bab13,8ab91db9-e824-5971-aadf-1edc0e5a9124,3,41,በኢዮቤልዩ ዓመትም እርሱ ከልጆቹ ጋር ከአንተ ይወጣል፤ ወደ ወገኖቹም፥ ወደ አባቱም ርስት ይመለሳል።
e05440a8-e743-570c-ad8c-f0b378d581e8,b71e75c9-38e3-5ed4-ac4d-7944691bab13,8ab91db9-e824-5971-aadf-1edc0e5a9124,4,42,ከግብፅ ምድር ያወጣኋቸው ባሪያዎች ናቸውና ባሪያ እንደሚሸጥ አይሸጡ።
7bd55cc3-16b1-5da4-ac2a-2f3c5854ad5d,b71e75c9-38e3-5ed4-ac4d-7944691bab13,8ab91db9-e824-5971-aadf-1edc0e5a9124,5,43,በሥራ አታስጨንቀው፤ ነገር ግን አምላክህን እግዚአብሔርን ፍራ።
5e9f84b4-7fda-5c71-a221-3d0c7399ffa1,b71e75c9-38e3-5ed4-ac4d-7944691bab13,8ab91db9-e824-5971-aadf-1edc0e5a9124,6,44,ምን ያህል ወንድ ባሪያና ሴት ባሪያ እንዲኖሩህ ብትፈልግ ግን በዙሪያችሁ ካሉት ከእነርሱ ከአሕዛብ ወንድና ሴት ባያሪያዎችን ግዙ።
e29f6c7a-0382-5b97-a24c-27fbfd4a0c2f,b71e75c9-38e3-5ed4-ac4d-7944691bab13,8ab91db9-e824-5971-aadf-1edc0e5a9124,7,45,በእናንተ መካከል ከሚቀመጡት ስደተኞች ልጆች ለራሳችሁ ትገዛላችሁ፤ ከዘመዶቻቸውም በምድራችሁ የሚኖሩት ሁሉ ለርስታችሁ ይሁኑአችሁ።
e8bdbff7-4740-59f1-a77b-f175176fa222,b71e75c9-38e3-5ed4-ac4d-7944691bab13,8ab91db9-e824-5971-aadf-1edc0e5a9124,8,46,ከእናንተም በኋላ ለልጆቻችሁ ታወርሱአቸዋላችሁ፤ እነርሱም ለእናንተ ለዘለዓለም ውርስ ይሆናሉ፤ ነገር ግን ከወንድሞቻችሁ ከእስራኤል ልጆች ማናቸውም ሰው ወንድሙን በሥራ አያስጨንቀው።
761a5e82-2ad5-5ee7-aa68-fd4519c759dd,b71e75c9-38e3-5ed4-ac4d-7944691bab13,8ab91db9-e824-5971-aadf-1edc0e5a9124,9,47,“በአንተም ዘንድ የሚኖር መጻተኛ ወይም እንግዳ ሀብታም ቢሆን፥ ወንድምህም በእርሱ አጠገብ ቢደኸይ፥ ራሱንም ለመጻተኛው፥ ወይም ለእንግዳው ወይም ለወገኖቹ ዘር ቢሸጥ፥
3bd7468d-0ba6-52fb-a8b8-f4381383abc3,b71e75c9-38e3-5ed4-ac4d-7944691bab13,8ab91db9-e824-5971-aadf-1edc0e5a9124,10,48,ከተሸጠ በኋላ መቤዠት ይችላል፤ ከወንድሞቹ አንዱ ይቤዠው፤
ecb461ee-a14c-5253-a8bd-32edb00895b6,b71e75c9-38e3-5ed4-ac4d-7944691bab13,8ab91db9-e824-5971-aadf-1edc0e5a9124,11,49,ወይም አጎቱ ወይም የአጎቱ ልጅ ይቤዠው፤ ወይም ከወገኑ ለእርሱ የቀረበ ዘመድ ይቤዠው፤ ወይም እርሱ እጁ ቢረጥብ ራሱን ይቤዠው።
44436419-d750-57b9-a687-4e88f38265cc,b71e75c9-38e3-5ed4-ac4d-7944691bab13,8ab91db9-e824-5971-aadf-1edc0e5a9124,12,50,ከገዛውም ሰው ጋር ከገዛበት ዓመት ጀምሮ እስከ ኢዮቤልዩ ዓመት ድረስ ይቍጠር፤ የሽያጩም ብር እንደ ዓመታቱ ቍጥር ይሁን፤ እንደ ምንደኛውም ዘመን ከእርሱ ጋር ይሁን።
e552b0ff-ba5f-59ac-af15-07be53478cbc,b71e75c9-38e3-5ed4-ac4d-7944691bab13,8ab91db9-e824-5971-aadf-1edc0e5a9124,13,51,ብዙ ዓመታትም ቢቀሩ እንደ እነርሱ ቍጥር ከሽያጩ ብር የመቤዠቱን ዋጋ ይመልስ።
5ddf689a-fb48-5085-acf1-1d305e57fb5e,b71e75c9-38e3-5ed4-ac4d-7944691bab13,8ab91db9-e824-5971-aadf-1edc0e5a9124,14,52,እስከ ኢዮቤልዩ ዓመት ድረስ ጥቂት ዓመታት ቢቀሩ እንደ ዓመቱ ይቍጠሩለት፤ እንደ ኣመታቱም መጠን የመቤዠቱን ዋጋ ይመልስ።
37fb1acd-3a4a-5bfd-abbd-d8b4df1954d5,b71e75c9-38e3-5ed4-ac4d-7944691bab13,8ab91db9-e824-5971-aadf-1edc0e5a9124,15,53,በየዓመቱ እንደ ምንደኛ ከእርሱ ጋር ይኑር፤ በፊትህ እንደ ቀደመው አያስጨንቀው።
cb3843b9-f89d-50eb-a34b-d3daf6225293,b71e75c9-38e3-5ed4-ac4d-7944691bab13,8ab91db9-e824-5971-aadf-1edc0e5a9124,16,54,በዚህ ዘመን ሁሉ ግን ባይቤዥ በኢዮቤልዩ ዓመት እርሱ ከልጆቹ ጋር ይውጣ።
79bb8100-6ff9-5da7-a7a4-1675102f5be2,b71e75c9-38e3-5ed4-ac4d-7944691bab13,8ab91db9-e824-5971-aadf-1edc0e5a9124,17,55,የእስራኤል ልጆች ለእኔ ባሪያዎች ናቸውና፤ ከግብፅ ምድር ያወጣኋቸው ባሪያዎች ናቸው፤ እኔ እግዚአብሔር አምላካችሁ ነኝ።
b183064a-ceb4-5eab-a554-5580a6a416a8,f75dd2cc-0b0d-5217-ab99-fe93c7c82c04,95bf6720-32c5-56d1-abce-aba5a5049487,1,1,“ለእናንተ በእጅ የተሠራ ጣዖት አታድርጉ፤ የተቀረጸም ምስል ወይም ሐውልት አታቁሙ፤ ትሰግዱለትም ዘንድ በምድራችሁ ላይ የተቀረጸ ድንጋይ አታኑሩ፤ እኔ እግዚአብሔር አምላካችሁ ነኝና።
9ac367a4-741c-5c99-a8b2-36943ed59437,f75dd2cc-0b0d-5217-ab99-fe93c7c82c04,95bf6720-32c5-56d1-abce-aba5a5049487,2,2,ሰንበታቴንም ጠብቁ፤ የቀደስኋቸውንም ፍሩ፤ እኔ እግዚአብሔር ነኝና።
b9060bb8-f850-5ec3-a34f-626954ce4ba3,f75dd2cc-0b0d-5217-ab99-fe93c7c82c04,95bf6720-32c5-56d1-abce-aba5a5049487,3,3,“በሥርዐቴ ብትሄዱ፥ ትእዛዛቴንም ብትጠብቁ፥ ብታደርጉትም፥
d80b9c86-9fe4-57b8-aec3-ffa8af97b47c,f75dd2cc-0b0d-5217-ab99-fe93c7c82c04,95bf6720-32c5-56d1-abce-aba5a5049487,4,4,ዝናሙን በወቅቱ አዘንማለሁ፤ ምድሪቱም እህልዋን ትሰጣለች፤ የሜዳው ዛፎችም ፍሬያቸውን ይሰጣሉ።
5c087d11-5d2f-5be4-a2c7-326999ee17b5,f75dd2cc-0b0d-5217-ab99-fe93c7c82c04,95bf6720-32c5-56d1-abce-aba5a5049487,5,5,የእህሉም ማበራየት በእናንተ ዘንድ እስከ ወይኑ መቈረጥ ይደርሳል፤ የወይኑም መቈረጥ እስከ እህሉ መዝራት ይደርሳል፤ እስክትጠግቡም ድረስ እንጀራችሁን ትበላላችሁ፤ በምድራችሁም ላይ ተዘልላችሁ ትኖራላችሁ።
c9fb2f93-17cd-5df5-aed7-fb86cfc989ed,f75dd2cc-0b0d-5217-ab99-fe93c7c82c04,95bf6720-32c5-56d1-abce-aba5a5049487,6,6,በምድራችሁም ላይ ሰላምን እሰጣለሁ፤ ትተኛላችሁ፤ የሚያስፈራችሁም የለም፤ ክፉዎችንም አራዊት ከምድራችሁ አጠፋለሁ።
8529817d-5917-5dd6-a70a-d48c4411a0c1,f75dd2cc-0b0d-5217-ab99-fe93c7c82c04,95bf6720-32c5-56d1-abce-aba5a5049487,7,7,ጠላቶቻችሁንም ታሳድዳላችሁ፤ በፊታችሁም በሰይፍ ይወድቃሉ።
f3268660-a100-5f91-aeea-f7597f40b703,f75dd2cc-0b0d-5217-ab99-fe93c7c82c04,95bf6720-32c5-56d1-abce-aba5a5049487,8,8,ከእናንተም አምስቱ መቶውን ያሳድዳሉ፤ መቶውም ዐሥሩን ሺህ ያሳድዳሉ፤ ጠላቶቻችሁም በፊታችሁ በሰይፍ ይወድቃሉ።
9f0f6d79-11d7-518a-acc6-aa2c2549c9b2,f75dd2cc-0b0d-5217-ab99-fe93c7c82c04,95bf6720-32c5-56d1-abce-aba5a5049487,9,9,ወደ እናንተም እመለከታለሁ፤ አባዛችኋለሁ፤ ከፍ ከፍም አደርጋችኋለሁ፤ ቃል ኪዳኔንም ከእናንተ ጋር አጸናለሁ።
84208f3f-ffa1-544c-acad-3d1adf6fac5d,f75dd2cc-0b0d-5217-ab99-fe93c7c82c04,95bf6720-32c5-56d1-abce-aba5a5049487,10,10,ብዙ ጊዜ የተቀመጠውን፥ የከረመውንም እህል ትበላላችሁ፤ አዲሱንም ታስገቡ ዘንድ የከረመውን ታወጣላችሁ።
6921ac3d-6d13-50f5-a80d-801c88c1a8e9,f75dd2cc-0b0d-5217-ab99-fe93c7c82c04,95bf6720-32c5-56d1-abce-aba5a5049487,11,11,ማደሪያዬንም በእናንተ መካከል አደርጋለሁ፤ ነፍሴም አትጸየፋችሁም።
f35deadf-1a6c-516b-a971-ffeda07000ec,f75dd2cc-0b0d-5217-ab99-fe93c7c82c04,95bf6720-32c5-56d1-abce-aba5a5049487,12,12,በመካከላችሁም እመላለሳለሁ፤ እኔም አምላክ እሆናችኋለሁ፤ እናንተም ሕዝብ ትሆኑልኛላችሁ።
02bfdab2-fe1b-5674-a08d-ef1146c26ae4,f75dd2cc-0b0d-5217-ab99-fe93c7c82c04,95bf6720-32c5-56d1-abce-aba5a5049487,13,13,ባሪያዎች ከነበራችሁበት ከግብፅ ምድር ያወጣኋችሁ እኔ እግዚአብሔር አምላካችሁ ነኝ፤ የባርነታችሁን ቀንበር ሰብሬአለሁ፤ በግልጽም አወጣኋችሁ።
79e7677b-f157-5e71-a725-8d0f90c3e73b,f75dd2cc-0b0d-5217-ab99-fe93c7c82c04,0f21d37f-8d61-5ec5-ad59-76e8ab86974c,1,14,“ነገር ግን ባትሰሙኝ፥ እነዚህንም ትእዛዛት ሁሉ ባታደርጉ፥
4513fcf6-dd60-57b8-a732-b36e0bcc5fe0,f75dd2cc-0b0d-5217-ab99-fe93c7c82c04,0f21d37f-8d61-5ec5-ad59-76e8ab86974c,2,15,ሥርዐቴንም ብትንቁ፥ ትእዛዛቴንም ሁሉ እንዳታደርጉ፥ ቃል ኪዳኔንም እንድታፈርሱ ሰውነታችሁ ፍርዴን ብትሰለች፥
4844394f-a93a-5611-aa7e-a3a501fe74a9,f75dd2cc-0b0d-5217-ab99-fe93c7c82c04,0f21d37f-8d61-5ec5-ad59-76e8ab86974c,3,16,እኔም እንዲህ አደርግባችኋለሁ፤ ፍርሀትን፥ ክሳትንም፥ ዐይናችሁንም የሚያፈዝዝ፥ ሰውነታችሁንም የሚያጠፋ ትኩሳት አወርድባችኋለሁ፤ ዘራችሁንም በከንቱ ትዘራላችሁ፤ ጠላቶቻችሁ ይበሉታልና።
a1c6e4e8-9e63-5cef-a415-fc7aa97fdf0b,f75dd2cc-0b0d-5217-ab99-fe93c7c82c04,0f21d37f-8d61-5ec5-ad59-76e8ab86974c,4,17,ፊቴንም አከብድባችኋለሁ፤ በጠላቶቻችሁም ፊት ትወድቃላችሁ፤ የሚጠሏችሁም ያሸንፉአችኋል። ማንም ሳያሳድዳችሁ ትሸሻላችሁ።
85c85930-5bba-5866-a8ba-329d53d345c2,f75dd2cc-0b0d-5217-ab99-fe93c7c82c04,0f21d37f-8d61-5ec5-ad59-76e8ab86974c,5,18,እስከዚህም ድረስ ባትሰሙኝ፥ ስለ ኀጢአታችሁ በቅጣታችሁ ላይ ሰባት እጥፍ መቅሠፍትን እጨምራለሁ።
a074804e-a28a-5bf2-a355-0e48d5e37a83,f75dd2cc-0b0d-5217-ab99-fe93c7c82c04,0f21d37f-8d61-5ec5-ad59-76e8ab86974c,6,19,የትዕቢታችሁን ስድብ አጠፋለሁ፤ ሰማያችሁንም እንደ ብረት፥ ምድራችሁንም እንደ ናስ አደርጋለሁ።
0586d5cc-14eb-5b4b-aad5-ef05d3d7f0fc,f75dd2cc-0b0d-5217-ab99-fe93c7c82c04,0f21d37f-8d61-5ec5-ad59-76e8ab86974c,7,20,ጕልበታችሁም በከንቱ ያልቃል፤ ምድራችሁም እህልዋን አትሰጥም፤ የዱር ዛፎችም ፍሬያቸውን አይሰጡም።
85407797-f37c-587e-a91d-6c19ad606291,f75dd2cc-0b0d-5217-ab99-fe93c7c82c04,0f21d37f-8d61-5ec5-ad59-76e8ab86974c,8,21,“ከዚያም በኋላ በእንቢተኝነት ብትሄዱብኝ፥ ልትሰሙኝም ባትፈቅዱ እንደ ኀጢአታችሁ መጠን በመቅሠፍት ላይ ሰባት እጥፍ እጨምራለሁ።
147c6822-15c6-5d80-acec-077051318ddc,f75dd2cc-0b0d-5217-ab99-fe93c7c82c04,0f21d37f-8d61-5ec5-ad59-76e8ab86974c,9,22,በእናንተ ላይ ክፉዎች የምድርን አራዊት እሰድዳለሁ፤ ይበሉአችኋል፤ እንስሶቻችሁንም ያጠፋሉ፤ እናንተንም ያሳንሳሉ፤ መንገዶቻችሁም በረሃ ይሆናሉ።
9c94df09-1960-571b-abb4-4a7d69a6b91e,f75dd2cc-0b0d-5217-ab99-fe93c7c82c04,0f21d37f-8d61-5ec5-ad59-76e8ab86974c,10,23,“እስከዚህም ድረስ ባትቀጡ፥ አግድማችሁም ብትሄዱ፥
ee783fc0-b409-5828-aa03-3fc9cd061e43,f75dd2cc-0b0d-5217-ab99-fe93c7c82c04,0f21d37f-8d61-5ec5-ad59-76e8ab86974c,11,24,እኔ ደግሞ አግድሜ በቍጣ እሄድባችኋለሁ፤ ስለ ኀጢአታችሁም ሰባት እጥፍ እበቀላችኋለሁ።
a930eee9-10c5-5cdf-a7ad-84a0c0e4f7f0,f75dd2cc-0b0d-5217-ab99-fe93c7c82c04,0f21d37f-8d61-5ec5-ad59-76e8ab86974c,12,25,የቃል ኪዳኔንም በቀል ይበቀልባችሁ ዘንድ ሰይፍ አመጣባችኋለሁ፤ ወደ ከተማችሁም ትሸሻላችሁ፤ ቸነፈርንም እሰድድባችኋለሁ። በጠላቶቻችሁም እጅ ተላልፋችሁ ትሰጣላችሁ፤
ca2d6282-a7b5-51d1-aac0-f2a483c83f37,f75dd2cc-0b0d-5217-ab99-fe93c7c82c04,0f21d37f-8d61-5ec5-ad59-76e8ab86974c,13,26,በእህል ረሃብ ባስጨነክኋችሁ ጊዜ ዐሥር ሴቶች እንጀራ በአንድ ምጣድ ይጋግራሉ፤ በሚዛንም መዝነው እንጀራችሁን ይመልሱላችኋል፤ በበላችሁም ጊዜ አትጠግቡም።
416296b7-a5a6-5a98-a87f-2b1880754488,f75dd2cc-0b0d-5217-ab99-fe93c7c82c04,0f21d37f-8d61-5ec5-ad59-76e8ab86974c,14,27,እስከዚህም ድረስ ባትሰሙኝ፥ አግድማችሁም ብትሄዱብኝ፥
275e16ca-e694-5eba-a7b9-01b711947ab4,f75dd2cc-0b0d-5217-ab99-fe93c7c82c04,0f21d37f-8d61-5ec5-ad59-76e8ab86974c,15,28,እኔ ደግሞ አግድሜ በቍጣ እሄድባችኋለሁ፤ እንደ ኀጢአታችሁም ሰባት እጥፍ እቀጣችኋለሁ።
0e4d2e7c-db10-5af3-ab97-b6aaada368b3,f75dd2cc-0b0d-5217-ab99-fe93c7c82c04,0f21d37f-8d61-5ec5-ad59-76e8ab86974c,16,29,የወንዶች ልጆቻችሁንም ሥጋ ትበላላችሁ፤ የሴቶች ልጆቻችሁንም ሥጋ ትበላላችሁ።
7ea4f8e3-bb93-552f-af29-083be13dc945,f75dd2cc-0b0d-5217-ab99-fe93c7c82c04,0f21d37f-8d61-5ec5-ad59-76e8ab86974c,17,30,የኮረብታ መስገጃዎቻችሁን አፈርሳለሁ፤ በእጅ የተሠሩ የዕንጨት ምስሎቻችሁንም አጠፋለሁ፤ ሬሳችሁንም በጣዖቶቻችሁ ሬሳዎች ላይ እጥላለሁ፤ ነፍሴም ትጸየፋችኋለች።
c487c9e1-4c73-58bb-ac74-4271fbb3b123,f75dd2cc-0b0d-5217-ab99-fe93c7c82c04,0f21d37f-8d61-5ec5-ad59-76e8ab86974c,18,31,ከተሞቻችሁንም ባድማ አደርጋለሁ፤ መቅደሶቻችሁንም አፈርሳለሁ፤ የመሥዋዕታችሁንም መዓዛ አላሸትትም።
a742ab0f-5e8f-5822-a5dc-7117377579e7,f75dd2cc-0b0d-5217-ab99-fe93c7c82c04,0f21d37f-8d61-5ec5-ad59-76e8ab86974c,19,32,ምድሪቱንም የተፈታች አደርጋለሁ፤ የሚቀመጡባት ጠላቶቻችሁም ከእርስዋ የተነሣ ይደነቃሉ።
54468f7d-88c6-56e1-a54e-64d84097646f,f75dd2cc-0b0d-5217-ab99-fe93c7c82c04,0f21d37f-8d61-5ec5-ad59-76e8ab86974c,20,33,እናንተንም በአሕዛብ መካከል እበትናችኋለሁ፤ በሄዳችሁበትም ሁሉ ሰይፍ ታጠፋችኋለች፤ ምድራችሁም የተፈታች ትሆናለች፤ ከተሞቻችሁም ባድማ ይሆናሉ።
5d2110e3-159c-57df-a629-445fac1fa5c2,f75dd2cc-0b0d-5217-ab99-fe93c7c82c04,0f21d37f-8d61-5ec5-ad59-76e8ab86974c,21,34,“በዚያም በተፈታችበት ዘመን ሁሉ እናንተም በጠላቶቻችሁ ምድር ሳላችሁ፥ ምድሪቱ ሰንበት በማድረግዋ ደስ ይላታል፤ በዚያም ጊዜ ምድሪቱ ታርፋለች፤ ስንበትንም በማድረግዋ ደስ ይላታል።
939d1aee-2d08-5e65-ae91-866c9c6eb616,f75dd2cc-0b0d-5217-ab99-fe93c7c82c04,0f21d37f-8d61-5ec5-ad59-76e8ab86974c,22,35,እናንተ ተቀምጣችሁባት በነበረ ጊዜ በሰንበቶቻችሁ አላረፈችም ነበርና በተፈታችበት ዘመን ሁሉ ታርፋለች።
bb474969-db60-5e78-a422-2fdaffc53d27,f75dd2cc-0b0d-5217-ab99-fe93c7c82c04,0f21d37f-8d61-5ec5-ad59-76e8ab86974c,23,36,በጠላቶቻቸውም ምድሮች ሳሉ ከእናንተ ተለይተው በቀሩት ላይ በልባቸው ድንጋጤን እሰድድባቸዋለሁ፤ በነፋስም የምትንቀሳቀስ የቅጠል ድምፅ ታሸብራቸዋለች፤ ከሰይፍ እንደሚሸሹ ይሸሻሉ ፤
2af7b276-c209-538f-a7d3-47fe9b59a4d5,f75dd2cc-0b0d-5217-ab99-fe93c7c82c04,0f21d37f-8d61-5ec5-ad59-76e8ab86974c,24,37,ማንም ሳያሳድዳቸው ከሰይፍ እንዲሸሹ እርስ በርሳቸው ይሰነካከላሉ፤ እናንተም በጠላቶቻችሁ ፊት መቆም አትችሉም።
82863e7e-d877-50ef-a158-e5a5aec56976,f75dd2cc-0b0d-5217-ab99-fe93c7c82c04,0f21d37f-8d61-5ec5-ad59-76e8ab86974c,25,38,በአሕዛብም መካከል ትጠፋላችሁ፤ የጠላቶቻችሁም ምድር ትውጣችኋለች።
c22bcda0-b955-5b8e-a7af-e9b1cff97de3,f75dd2cc-0b0d-5217-ab99-fe93c7c82c04,0f21d37f-8d61-5ec5-ad59-76e8ab86974c,26,39,ከእናንተም ተለይተው የቀሩት ስለ ኀጢአታቸው ይጠፋሉ፤ በአባቶቻቸውም ኀጢአት ደግሞ በጠላቶቻቸው ምድር ይቀልጣሉ።
3f023d5b-5b3e-595e-a1c0-69c5f54a9a4e,f75dd2cc-0b0d-5217-ab99-fe93c7c82c04,0f21d37f-8d61-5ec5-ad59-76e8ab86974c,27,40,“እንደ ከዱኝ፥ ቸልም እንዳሉኝ፥ በፊቴም አግድመው እንደ ሄዱ፥ ኀጢአታቸውንና፥ የአባቶቻቸውን ኀጢአት ይናዘዛሉ።
2c326425-c324-533d-a549-9895e6945f99,f75dd2cc-0b0d-5217-ab99-fe93c7c82c04,0f21d37f-8d61-5ec5-ad59-76e8ab86974c,28,41,እኔም ደግሞ አግድሜ ከእነርሱ ጋር በቍጣ ሄድሁ፤ በጠላቶቻቸውም ምድር አጠፋቸዋለሁ። ነገር ግን በዚያን ጊዜ ያልተገረዘው ልባቸው ያፍራል፤ ስለ ኀጢአታቸውም ይናዘዛሉ፤
d1e0f3bd-aa03-5c89-a1ba-6440b3fcc4fa,f75dd2cc-0b0d-5217-ab99-fe93c7c82c04,0f21d37f-8d61-5ec5-ad59-76e8ab86974c,29,42,ያን ጊዜ እኔ ከያዕቆብ ጋር የገባሁትን ቃል ኪዳኔን አስባለሁ፤ ደግሞም ከይስሐቅ ጋር የገባሁትን ቃል ኪዳኔን፥ ከአብርሃምም ጋር የገባሁትን ቃል ኪዳኔን አስባለሁ፤ ምድሪቱንም አስባለሁ።
ebfff38f-d679-5199-a289-41d3933a680c,f75dd2cc-0b0d-5217-ab99-fe93c7c82c04,0f21d37f-8d61-5ec5-ad59-76e8ab86974c,30,43,ምድርም ከእነርሱ መጥፋት የተነሣ ባዶ ትቀራለች፤ እነርሱም ሳይኖሩ በተፈታችበት ዘመን ዕረፍት ታደርጋለች፤ ፍርዴንም ስለ ናቁ፥ ነፍሳቸውም ሥርዐቴን ስለ ተጸየፈች የኀጢአታቸውን ቅጣት ይሸከማሉ።
67a7fdac-a0af-5039-ae49-d912b792fdd7,f75dd2cc-0b0d-5217-ab99-fe93c7c82c04,0f21d37f-8d61-5ec5-ad59-76e8ab86974c,31,44,ነገር ግን እኔ እግዚአብሔር አምላካቸው ነኝና እነርሱ በጠላቶቻቸው ምድር ሳሉ፥ እስካጠፋቸው ድረስ ከእነርሱም ጋር ያለኝን ቃል ኪዳን እስካፈርስ ድረስ አልጥላቸውም፤ አልጸየፋቸውምም።
518c8dad-8d63-5c44-a184-20442f8fc4a9,f75dd2cc-0b0d-5217-ab99-fe93c7c82c04,0f21d37f-8d61-5ec5-ad59-76e8ab86974c,32,45,እኔ አምላካቸው እሆን ዘንድ አሕዛብ እያዩ ከግብፅ ምድር ከግዞት ቤት እንዳወጣኋቸው የቀድሞ ቃል ኪዳናቸውን ስለ እነርሱ አስባለሁ፤ እኔ እግዚአብሔር ነኝና።”
98cfa820-1bdf-51fe-a0b9-afcbde6ae339,f75dd2cc-0b0d-5217-ab99-fe93c7c82c04,0f21d37f-8d61-5ec5-ad59-76e8ab86974c,33,46,እግዚአብሔርም በእርሱና በእስራኤል ልጆች መካከል በሲና ተራራ ላይ በሙሴ እጅ የሰጣቸው ሥርዐቶችና ፍርዶች፥ ሕግጋትም እነዚህ ናቸው።
12b8ec39-1315-569c-ae64-877a8bde43f4,d4cf2cba-cc7d-569b-acdf-4fe5a9a16c6e,7b2ad2c4-56f5-5438-ad45-2e64be678a37,1,1,እግዚአብሔር ሙሴን እንዲህ ብሎ ተናገረው፦
983d96a1-51bc-5e0d-ae43-e003afa0ea1b,d4cf2cba-cc7d-569b-acdf-4fe5a9a16c6e,7b2ad2c4-56f5-5438-ad45-2e64be678a37,2,2,“ለእስራኤል ልጆች እንዲህ ብለህ ንገራቸው፦ ማናቸውም ሰው ስለ ነፍሱ ቤዛ ለእግዚአብሔር ስእለት ቢሳል አንተ እንደምትገምተው መጠን ስለ ሰውነቱ ዋጋውን ይስጥ።
2b5bbe7d-9777-5638-a1d1-83f22068bd35,d4cf2cba-cc7d-569b-acdf-4fe5a9a16c6e,7b2ad2c4-56f5-5438-ad45-2e64be678a37,3,3,ለወንድ ከሃያ ዓመት ጀምሮ እስከ ስድሳ ዓመት ድረስ እንደ መቅደሱ ሚዛን ግምቱ አምሳ የብር ዲድርክም ይሁን።
46bf4255-3753-5382-abd4-006be86823ed,d4cf2cba-cc7d-569b-acdf-4fe5a9a16c6e,7b2ad2c4-56f5-5438-ad45-2e64be678a37,4,4,ሴትም ብትሆን ግምቷ ሠላሳ የብር ዲድርክም ይሁን።
675a8ab2-8999-5895-a757-4d968a095cb0,d4cf2cba-cc7d-569b-acdf-4fe5a9a16c6e,7b2ad2c4-56f5-5438-ad45-2e64be678a37,5,5,ከአምስት ዓመትም ጀምሮ እስከ ሃያ ዓመት ድረስ ግምቱ ለወንድ ሃያ የብር ዲድርክም፥ ለሴትም ዐሥር የብር ዲድርክም ይሁን።
64b3898e-c66a-54a1-a006-a2bf1dcf1053,d4cf2cba-cc7d-569b-acdf-4fe5a9a16c6e,7b2ad2c4-56f5-5438-ad45-2e64be678a37,6,6,ከአንድ ወርም እስከ አምስት ዓመት ድረስ ለወንድ ግምቱ አምስት የብር ዲድርክም፥ ለሴትም ግምቷ ሦስት የብር ዲድርክም ይሁን።
00ddc4ba-61f1-5a66-ac7c-19cfcc61483a,d4cf2cba-cc7d-569b-acdf-4fe5a9a16c6e,7b2ad2c4-56f5-5438-ad45-2e64be678a37,7,7,ከስድሳ ዓመትም ጀምሮ ከዚያም በላይ ወንድ ቢሆን ግምቱ ዐሥራ አምስት ዲድርክም፥ ለሴትም ዐሥር ዲድርክም ይሁን።
90ffbbcc-9438-517d-a8fd-5548c901b0cc,d4cf2cba-cc7d-569b-acdf-4fe5a9a16c6e,7b2ad2c4-56f5-5438-ad45-2e64be678a37,8,8,ለግምቱ የሚከፍለውን ቢያጣ ግን በካህኑ ፊት ይቁም፤ ካህኑም የተሳለውን ሰው ከእጁ ባለው ገንዘብ መጠን ይገምትለት፤ ካህኑም የተሳለው ሰው እንደሚችል መጠን ይገምትለት።
95b42a5d-8bd8-5e25-a209-137a1007c1f7,d4cf2cba-cc7d-569b-acdf-4fe5a9a16c6e,7b2ad2c4-56f5-5438-ad45-2e64be678a37,9,9,“ለእግዚአብሔርም መሥዋዕት አድርጎ የሚያቀርበው እንስሳ ቢሆን፥ ሰው ከእነዚህ ለእግዚአብሔር የሚሰጠው ሁሉ ቅዱስ ይሆናል።
0e3a9943-8c39-55e9-ac31-5337ee5813ef,d4cf2cba-cc7d-569b-acdf-4fe5a9a16c6e,7b2ad2c4-56f5-5438-ad45-2e64be678a37,10,10,መልካሙን በክፉ፥ ክፉውንም በመልካም አይለውጥ፤ እንስሳንም በእንስሳ ቢለውጥ እርሱና ልዋጩ የተቀደሱ ይሆናሉ።
8df692ed-b442-5a94-a651-2ce70d62b00b,d4cf2cba-cc7d-569b-acdf-4fe5a9a16c6e,7b2ad2c4-56f5-5438-ad45-2e64be678a37,11,11,እንስሳው ለእግዚአብሔር መሥዋዕት መሆን የማይገባው ርኩስ ቢሆን፥ እንስሳውን በካህኑ ፊት ያቁመው።
43c7ba4e-8cb7-5efa-ae07-4be9e12f837a,d4cf2cba-cc7d-569b-acdf-4fe5a9a16c6e,7b2ad2c4-56f5-5438-ad45-2e64be678a37,12,12,መልካምም ቢሆን ክፉም ቢሆን ካህኑ ይገምተው፤ ካህኑም እንደሚገምተው መጠን እንዲሁ ይሁን።
57fc2e4b-17c7-5fc5-ab42-fdc74d24d17f,d4cf2cba-cc7d-569b-acdf-4fe5a9a16c6e,7b2ad2c4-56f5-5438-ad45-2e64be678a37,13,13,ይቤዠው ዘንድ ቢወድድ ግን ከግምቱ በላይ አምስተኛ እጅ ይጨምር።
4d35f102-376e-540a-a979-0bab4da70f9a,d4cf2cba-cc7d-569b-acdf-4fe5a9a16c6e,7b2ad2c4-56f5-5438-ad45-2e64be678a37,14,14,“ሰውም ለእግዚአብሔር ቅዱስ ይሆን ዘንድ ቤቱን ቢቀድስ፥ ካህኑ መልካም ወይም ክፉ እንደ ሆነ ይገምተዋል፤ ካህኑም እንደሚገምተው መጠን እንዲሁ ይቆማል።
3ea97598-2dcd-5934-ae46-989331a91bde,d4cf2cba-cc7d-569b-acdf-4fe5a9a16c6e,7b2ad2c4-56f5-5438-ad45-2e64be678a37,15,15,የተሳለውም ሰው ቤቱን ይቤዠው ዘንድ ቢወድድ ከግምቱ ገንዘብ በላይ አምስተኛ እጅ ይጨምር፤ ቤቱም ለእርሱ ይሆናል።
d1cac072-2f65-5be4-aeb5-5e0d11a39fc2,d4cf2cba-cc7d-569b-acdf-4fe5a9a16c6e,7b2ad2c4-56f5-5438-ad45-2e64be678a37,16,16,“ሰውም ከርስቱ እርሻ ለእግዚአብሔር ቢሳል፥ እንደ መዘራቱ መጠን ይገመት፤ አንድ የቆሮስ መስፈሪያ ገብስ የሚዘራበት እርሻ አምሳ ወቄት ብር ይገመታል።
0a145b8b-5c1d-5b3a-aaa2-9135c0cc5f3d,d4cf2cba-cc7d-569b-acdf-4fe5a9a16c6e,7b2ad2c4-56f5-5438-ad45-2e64be678a37,17,17,እርሻውንም ከኢዮቤልዩ ዓመት ጀምሮ ቢሳል፥ እንደ ግምቱ መጠን ይቆማል።
fd438130-2a11-5ced-a8a8-bed50b70f307,d4cf2cba-cc7d-569b-acdf-4fe5a9a16c6e,7b2ad2c4-56f5-5438-ad45-2e64be678a37,18,18,እርሻውንም ከኢዮቤልዩ ዓመት በኋላ ቢሳል፥ ካህኑ እስከ ኢዮቤልዩ ዓመት ድረስ እንደ ቀሩት ዓመታት ገንዘቡን ይቈጥርለታል፤ ከግምቱም ይጐድላል።
4b45d44d-6ade-5a0e-a25d-6f70c54d774c,d4cf2cba-cc7d-569b-acdf-4fe5a9a16c6e,7b2ad2c4-56f5-5438-ad45-2e64be678a37,19,19,እርሻውንም የተሳለ ሰው ይቤዠው ዘንድ ቢወድድ፥ ከግምቱ ገንዘብ በላይ አምስተኛ እጅ ይጨምር፤ ለእርሱም ይሆናል።
c01d93b6-e144-5fba-ab27-52bfaf1e6a39,d4cf2cba-cc7d-569b-acdf-4fe5a9a16c6e,7b2ad2c4-56f5-5438-ad45-2e64be678a37,20,20,እርሻውንም ባይቤዠው፥ ወይም ለሌላ ሰው ቢሸጥ እንደ ገና ይቤዠው ዘንድ አይቻለውም።
fc6c1ce2-02f1-56b2-adb4-f3ec1a9c90ed,d4cf2cba-cc7d-569b-acdf-4fe5a9a16c6e,7b2ad2c4-56f5-5438-ad45-2e64be678a37,21,21,እርሻው ግን በኢዮቤልዩ ዓመት ሲወጣ ለእግዚአብሔር የተቀደሰ እርሻ ይሆናል፤ ርስቱም ለካህኑ ይሆናል።
9a55aa7c-3584-556c-aaf6-b48435e33729,d4cf2cba-cc7d-569b-acdf-4fe5a9a16c6e,7b2ad2c4-56f5-5438-ad45-2e64be678a37,22,22,ከርስቱ እርሻ ያልሆነውን የገዛውን እርሻ ለእግዚአብሔር ቢሳል፥
fb3059c2-5cdf-541e-a80a-0fd88c68288c,d4cf2cba-cc7d-569b-acdf-4fe5a9a16c6e,7b2ad2c4-56f5-5438-ad45-2e64be678a37,23,23,ካህኑ እስከ ኢዮቤልዩ ዓመት ድረስ የግምቱን ዋጋ ይቈጥርለታል፤ በዚያም ቀን ግምቱን እንደ ተቀደሰ ነገር ለእግዚአብሔር ይሰጣል።
213d26f6-0a58-5fb4-a123-30e0462a9e96,d4cf2cba-cc7d-569b-acdf-4fe5a9a16c6e,7b2ad2c4-56f5-5438-ad45-2e64be678a37,24,24,በኢዮቤልዩ ዓመት እርሻው የምድሪቱ ባለ ርስት ወደ ነበረው ወደ ሸጠው ሰው ይመለሳል፤ የራሱ ወሰን ምድር ነውና።
f951857a-2e0e-5c38-a16b-539cb4c0c274,d4cf2cba-cc7d-569b-acdf-4fe5a9a16c6e,7b2ad2c4-56f5-5438-ad45-2e64be678a37,25,25,ግምቱም ሁሉ እንደ መቅደሱ ሚዛን ይሆናል፤ አንዱ ዲድርክም ሃያ አቦሊ ይሆናል።
80c58eb9-e1c7-57b3-aca7-d9a99dfe3ef8,d4cf2cba-cc7d-569b-acdf-4fe5a9a16c6e,7b2ad2c4-56f5-5438-ad45-2e64be678a37,26,26,“ከእንስሳህ የሚወለድ በኵር ሁሉ ለእግዚአብሔር ነው፤ ማንም ይለውጠው ዘንድ አይቻለውም፤ በሬ ቢሆን ወይም በግ ለእግዚአብሔር ነው።
664c3939-3256-5b85-a9e8-0759af4d8855,d4cf2cba-cc7d-569b-acdf-4fe5a9a16c6e,7b2ad2c4-56f5-5438-ad45-2e64be678a37,27,27,የረከሰም እንስሳ ቢሆን እንደ ግምቱ ይቤዠው፤ በእርሱም የዋጋውን አምስተኛ እጅ ይጨምርበታል፤ ባይቤዥም እንደ ግምቱ ይሸጣል።
215fbc88-ecdf-5b21-a2a6-86d31a83c469,d4cf2cba-cc7d-569b-acdf-4fe5a9a16c6e,7b2ad2c4-56f5-5438-ad45-2e64be678a37,28,28,“ለእግዚአብሔርም የተለየ እርም የሆነ ነገር ሁሉ፥ ሰው ቢሆን ወይም እንስሳ ወይም የርስቱ እርሻ ቢሆን፥ አይሸጥም፤ አይቤዥም፤ እርም የሆነ ነገር ሁሉ ለእግዚአብሔር ቅዱሰ ቅዱሳን ነው።
aea162e1-7265-55fe-a874-bed5db6cddff,d4cf2cba-cc7d-569b-acdf-4fe5a9a16c6e,7b2ad2c4-56f5-5438-ad45-2e64be678a37,29,29,ከሰዎችም መባ ሆኖ የቀረበ ሁሉ እስኪሞት ድረስ አይቤዥም።
6ac94ec2-9bca-58f7-ae52-0db20be4d481,d4cf2cba-cc7d-569b-acdf-4fe5a9a16c6e,7b2ad2c4-56f5-5438-ad45-2e64be678a37,30,30,“የምድርም ዐሥራት፥ ወይም የምድር ዘር፥ ወይም የዛፍ ፍሬ ቢሆን፥ የእግዚአብሔር ነው፤ ለእግዚአብሔር የተቀደሰ ነው።
cc1abf3b-0096-585e-a93d-b6766f1f93b3,d4cf2cba-cc7d-569b-acdf-4fe5a9a16c6e,7b2ad2c4-56f5-5438-ad45-2e64be678a37,31,31,ሰውም ዐሥራቱን ሊቤዥ ቢወድድ፥ አምስተኛ እጅ ይጨመርበታል።
513c495f-7333-56c6-a499-932e6cf784d0,d4cf2cba-cc7d-569b-acdf-4fe5a9a16c6e,7b2ad2c4-56f5-5438-ad45-2e64be678a37,32,32,ከበሬም ሁሉ ከዐሥር አንድ፥ ከበግም ሁሉ ከዐሥር አንድ፥ ከእረኛውም በትር በታች ከሚያልፍ ሁሉ ከዐሥር አንድ ለእግዚአብሔር የተቀደሰ ይሆናል።
0ed3677e-13f4-57ae-a86e-87ee942f61a7,d4cf2cba-cc7d-569b-acdf-4fe5a9a16c6e,7b2ad2c4-56f5-5438-ad45-2e64be678a37,33,33,መልካሙን በክፉ፥ ክፉውንም በመልካም አይለውጥ፤ ቢለውጠውም እርሱና ልዋጩ የተቀደሱ ይሆናሉ፤ አይቤዠውም።”
576be017-a933-512c-aacd-9d3fefe78020,d4cf2cba-cc7d-569b-acdf-4fe5a9a16c6e,7b2ad2c4-56f5-5438-ad45-2e64be678a37,34,34,እግዚአብሔር በሲና ተራራ ላይ ለእስራኤል ልጆች ያስተምራቸው ዘንድ ሙሴን ያዘዘው ትእዛዛት እነዚህ ናቸው።
f94de262-e760-548a-a9e7-684ed594df60,bfaa03b6-a42a-5d18-a1da-be096bd1388e,613d18dc-411a-509a-a5e8-0e8783ea996e,1,1,እግዚአብሔርም ሙሴን በሲና ምድረ በዳ በምስክሩ ድንኳን ውስጥ፥ በሁለተኛው ወር በመጀመሪያው ቀን፥ ከግብፅ ምድር ከወጡ በኋላ በሁለተኛው ዓመት እንዲህ ብሎ ተናገረው፦
889a083b-aadd-525b-a1e2-5451a3543d26,bfaa03b6-a42a-5d18-a1da-be096bd1388e,613d18dc-411a-509a-a5e8-0e8783ea996e,2,2,“የእስራኤልን ልጆች ማኅበር ሁሉ ድምር፥ በየወገናቸው፥ በየአባቶቻቸው ቤቶች፥ በየስማቸው ቍጥር፥ ወንዱን ሁሉ እያንዳንዱን ቍጠሩ።
18f88f89-81c2-5701-a7e1-8daebf522e1b,bfaa03b6-a42a-5d18-a1da-be096bd1388e,613d18dc-411a-509a-a5e8-0e8783ea996e,3,3,ከሃያ ዓመት ጀምሮ ከዚያም በላይ ያለውን፥ ከእስራኤል ወደ ሰልፍ የሚወጡትን ሁሉ፥ አንተና አሮን በየሠራዊቶቻቸው ቍጠሩአቸው።
d7033890-8f1b-5c95-a224-68e58d73806d,bfaa03b6-a42a-5d18-a1da-be096bd1388e,613d18dc-411a-509a-a5e8-0e8783ea996e,4,4,እንደ እየአባቶቻቸው ቤት ከየነገዱ አለቆች አንድ አንድ ሰው ከእናንተ ጋር ይሁን።
e50fc33f-3097-5ba4-ac6c-589d2247ff5d,bfaa03b6-a42a-5d18-a1da-be096bd1388e,613d18dc-411a-509a-a5e8-0e8783ea996e,5,5,ከእናንተም ጋር የሚቆሙት ሰዎች ስሞቻቸው እነዚህ ናቸው፤ ከሮቤል የሰዲዮር ልጅ ኤሊሱር፥
3d144c6c-aeb2-5cdd-aa29-981f00df89cd,bfaa03b6-a42a-5d18-a1da-be096bd1388e,613d18dc-411a-509a-a5e8-0e8783ea996e,6,6,ከስምዖን የሴሩሳዴ ልጅ ሰላምያል፥
adcdfbe3-0144-5e58-a734-a4fd254ddae9,bfaa03b6-a42a-5d18-a1da-be096bd1388e,613d18dc-411a-509a-a5e8-0e8783ea996e,7,7,ከይሁዳ የአሚናዳብ ልጅ ነአሶን፥
06b8a9c5-07b4-5c93-a64f-fe6cc799e5e9,bfaa03b6-a42a-5d18-a1da-be096bd1388e,613d18dc-411a-509a-a5e8-0e8783ea996e,8,8,ከይሳኮር የሰገር ልጅ ናትናኤል፥
90b7562b-14c5-55ee-ad69-a2c7c266060f,bfaa03b6-a42a-5d18-a1da-be096bd1388e,613d18dc-411a-509a-a5e8-0e8783ea996e,9,9,ከዛብሎን የኬሎን ልጅ ኤልያብ፥
7a3f1a5d-6821-5625-ac3d-761ed9aee1c6,bfaa03b6-a42a-5d18-a1da-be096bd1388e,613d18dc-411a-509a-a5e8-0e8783ea996e,10,10,ከዮሴፍ ልጆች ከኤፍሬም የኤምዩድ ልጅ ኤሊሳማ፥ ከምናሴ የፈዳሱር ልጅ ገማልያል፥
0c7dd1d0-6a12-5804-ae8c-b0173df9fb15,bfaa03b6-a42a-5d18-a1da-be096bd1388e,613d18dc-411a-509a-a5e8-0e8783ea996e,11,11,ከብንያም የጋዲዮን ልጅ አቢዳን፥
c9b4c2f9-a3de-5ad9-ad71-1af565f83574,bfaa03b6-a42a-5d18-a1da-be096bd1388e,613d18dc-411a-509a-a5e8-0e8783ea996e,12,12,ከዳን የአሚሳዲ ልጅ አክያዚር፥
c5e80459-b236-525b-a821-ae7cde50f978,bfaa03b6-a42a-5d18-a1da-be096bd1388e,613d18dc-411a-509a-a5e8-0e8783ea996e,13,13,ከአሴር የኤክራን ልጅ ፋጋኤል፥
0417e5b7-0500-54de-a2bd-f89b6e39e28e,bfaa03b6-a42a-5d18-a1da-be096bd1388e,613d18dc-411a-509a-a5e8-0e8783ea996e,14,14,ከጋድ የራጉኤል ልጅ ኤልሳፍ፥
64d65ecc-098f-5583-aa30-7096155a5742,bfaa03b6-a42a-5d18-a1da-be096bd1388e,613d18dc-411a-509a-a5e8-0e8783ea996e,15,15,ከንፍታሌም የዔናን ልጅ አኪሬ።
78d6f5d0-3f35-5850-a87e-108ec7d5da1c,bfaa03b6-a42a-5d18-a1da-be096bd1388e,613d18dc-411a-509a-a5e8-0e8783ea996e,16,16,ከማኅበሩ የተመረጡ የእስራኤል ነገድ አለቆችና መሳፍንት በየወገናቸው እነዚህ ናቸው።”
e0258e8c-ffbf-59ce-aed2-a3943478e0da,bfaa03b6-a42a-5d18-a1da-be096bd1388e,613d18dc-411a-509a-a5e8-0e8783ea996e,17,17,ሙሴና አሮንም እነዚህን በየስማቸው የተጠሩትን ሰዎች ወሰዱአቸው፤
37782d13-b05a-547f-a1fd-f30138365e7a,bfaa03b6-a42a-5d18-a1da-be096bd1388e,613d18dc-411a-509a-a5e8-0e8783ea996e,18,18,በሁለተኛው ዓመት በሁለተኛውም ወር በመጀመሪያው ቀን ማኅበሩን ሁሉ ሰበሰቡአቸው፤ ከሃያ ዓመት ጀምሮ ከዚያም በላይ ያለውን ወንድ ሁሉ በየራሱ፥ በየወገኑም፥ በየአባቶቻቸውም ቤቶች፥ በየስማቸው ቍጥር ትውልዳቸውን ተናገሩ።
726df799-860a-57e9-ac71-e2974df3e4d0,bfaa03b6-a42a-5d18-a1da-be096bd1388e,613d18dc-411a-509a-a5e8-0e8783ea996e,19,19,እግዚአብሔር ሙሴን እንዳዘዘ እንዲሁ በሲና ምድረ በዳ ቈጠሩአቸው።
286d373c-beb6-5bc4-aaa5-634d17de93d7,bfaa03b6-a42a-5d18-a1da-be096bd1388e,613d18dc-411a-509a-a5e8-0e8783ea996e,20,20,የእስራኤል በኵር የሮቤል ልጆች በየትውልዳቸው፥ በየወገናቸው፥ በየአባቶቻቸው ቤቶች እንደ እየስማቸው ቍጥር፥ በየራሳቸው፥ ከሃያ ዓመት ጀምሮ ከዚያም በላይ ያለው ወንድ ሁሉ፥ ወደ ሰልፍ የሚወጡት ሁሉ፥
ce10ede0-1437-52ba-ae2e-e95ce7827f2e,bfaa03b6-a42a-5d18-a1da-be096bd1388e,613d18dc-411a-509a-a5e8-0e8783ea996e,21,21,ከሮቤል ነገድ የተቈጠሩት አርባ ስድስት ሺህ አምስት መቶ ነበሩ።
4768b021-0ca1-5077-ad01-03c5f93f8ba1,bfaa03b6-a42a-5d18-a1da-be096bd1388e,613d18dc-411a-509a-a5e8-0e8783ea996e,22,22,የስምዖን ልጆች በየትውልዳቸው፥ በየወገናቸው፥ በየአባቶቻቸው ቤቶች የተቈጠሩ፥ እንደ እየስማቸው ቍጥር፥ በየራሳቸው ከሃያ ዓመት ጀምሮ ከዚያም በላይ ያለው ወንድ ሁሉ፥ ወደ ሰልፍ የሚወጡት ሁሉ፥
07796af9-8a82-553a-a1ea-98664f572f83,bfaa03b6-a42a-5d18-a1da-be096bd1388e,613d18dc-411a-509a-a5e8-0e8783ea996e,23,23,ከስምዖን ነገድ የተቈጠሩት አምሳ ዘጠኝ ሺህ ሦስት መቶ ነበሩ።
04717dd4-3a60-52a6-a780-06fb431c6cfb,bfaa03b6-a42a-5d18-a1da-be096bd1388e,613d18dc-411a-509a-a5e8-0e8783ea996e,24,24,የይሁዳ ልጆች በየትውልዳቸው፥ በየወገናቸው፥ በየአባቶቻቸው ቤቶች፥ እንደ እየስማቸው ቍጥር፥ በየራሳቸው ከሃያ ዓመት ጀምሮ ከዚያም በላይ ያለው ወንድ ሁሉ፥ ወደ ሰልፍ የሚወጡት ሁሉ፥
c1f5ebf3-0760-5734-ab2a-64fc5ada2904,bfaa03b6-a42a-5d18-a1da-be096bd1388e,613d18dc-411a-509a-a5e8-0e8783ea996e,25,25,ከይሁዳ ነገድ የተቈጠሩት ሰባ አራት ሺህ ስድስት መቶ ነበሩ።
31d5f460-cf30-5ae1-a46a-6bf72a70f140,bfaa03b6-a42a-5d18-a1da-be096bd1388e,613d18dc-411a-509a-a5e8-0e8783ea996e,26,26,የይሳኮር ልጆች በየትውልዳቸው፥ በየወገናቸው፥ በየአባቶቻቸው ቤቶች፥ እንደ እየስማቸው ቍጥር፥ በየራሳቸው ከሃያ ዓመት ጀምሮ ከዚያም በላይ ያለው ወንድ ሁሉ፥ ወደ ሰልፍ የሚወጡት ሁሉ፥
2883aef4-a473-583b-a60c-fabe74c0c4c0,bfaa03b6-a42a-5d18-a1da-be096bd1388e,613d18dc-411a-509a-a5e8-0e8783ea996e,27,27,ከይሳኮር ነገድ የተቈጠሩት አምሳ አራት ሺህ አራት መቶ ነበሩ።
cd3ff457-abdb-5250-a631-3ac869e08f1f,bfaa03b6-a42a-5d18-a1da-be096bd1388e,613d18dc-411a-509a-a5e8-0e8783ea996e,28,28,የዛብሎን ልጆች በየትውልዳቸው፥ በየወገናቸው፥ በየአባቶቻቸው ቤቶች፥ እንደ እየስማቸው ቍጥር፥ በየራሳቸው ከሃያ ዓመት ጀምሮ ከዚያም በላይ ያለው ወንድ ሁሉ፥ ወደ ሰልፍ የሚወጡት ሁሉ፥
fe1111d0-6107-5c21-a341-e695f19297ef,bfaa03b6-a42a-5d18-a1da-be096bd1388e,613d18dc-411a-509a-a5e8-0e8783ea996e,29,29,ከዛብሎን ነገድ የተቈጠሩት አምሳ ሰባት ሺህ አራት መቶ ነበሩ።
78cd7c43-b50f-5295-a5db-84496f34db2f,bfaa03b6-a42a-5d18-a1da-be096bd1388e,613d18dc-411a-509a-a5e8-0e8783ea996e,30,30,ከዮሴፍ ልጆች፥ የኤፍሬም ልጆች በየትውልዳቸው፥ በየወገናቸው፥ በየአባቶቻቸው ቤቶች፥ እንደ እየስማቸው ቍጥር፥ በየራሳቸው ከሃያ ዓመት ጀምሮ ከዚያም በላይ ያለው ወንድ ሁሉ፥ ወደ ሰልፍ የሚወጡት ሁሉ፥
4c89d4b1-167f-5325-abde-b6c3567344b9,bfaa03b6-a42a-5d18-a1da-be096bd1388e,613d18dc-411a-509a-a5e8-0e8783ea996e,31,31,ከኤፍሬም ነገድ የተቈጠሩት አርባ ሺህ አምስት መቶ ነበሩ።
6d6a47aa-af75-5d1d-ae3b-55390e0358c1,bfaa03b6-a42a-5d18-a1da-be096bd1388e,613d18dc-411a-509a-a5e8-0e8783ea996e,32,32,የምናሴ ልጆች በየትውልዳቸው፥ በየወገናቸው፥ በየአባቶቻቸው ቤቶች- እንደ እየስማቸው ቍጥር፥ በየራሳቸው ከሃያ ዓመት ጀምሮ ከዚያም በላይ ያለው ወንድ ሁሉ፥ ወደ ሰልፍ የሚወጡት ሁሉ፥
a2948db1-31c6-5483-acb5-534f51a8daaf,bfaa03b6-a42a-5d18-a1da-be096bd1388e,613d18dc-411a-509a-a5e8-0e8783ea996e,33,33,ከምናሴ ነገድ የተቈጠሩት ሠላሳ ሁለት ሺህ ሁለት መቶ ነበሩ።
d5930fee-bc19-572e-a903-d79b07d1e3b6,bfaa03b6-a42a-5d18-a1da-be096bd1388e,613d18dc-411a-509a-a5e8-0e8783ea996e,34,34,የብንያም ልጆች በየትውልዳቸው፥ በየወገናቸው፥ በየአባቶቻቸው ቤቶች፥ እንደ እየስማቸው ቍጥር፥ በየራሳቸው ከሃያ ዓመት ጀምሮ ከዚያም በላይ ያለው ወንድ ሁሉ፥ ወደ ሰልፍ የሚወጡት ሁሉ፥
cd68b373-3e08-549a-a7a5-64b3ef33bb11,bfaa03b6-a42a-5d18-a1da-be096bd1388e,613d18dc-411a-509a-a5e8-0e8783ea996e,35,35,ከብንያም ነገድ የተቈጠሩት ሠላሳ አምስት ሺህ አራት መቶ ነበሩ።
1f5d02bd-814b-563b-a639-f2453b908906,bfaa03b6-a42a-5d18-a1da-be096bd1388e,613d18dc-411a-509a-a5e8-0e8783ea996e,36,36,የጋድ ልጆች በየትውልዳቸው- በየወገናቸው፥ በየአባቶቻቸው ቤቶች፥ እንደ እየስማቸው ቍጥር፥ በየራሳቸው ከሃያ ዓመት ጀምሮ ከዚያም በላይ ያለው ወንድ ሁሉ፥ ወደ ሰልፍ የሚወጡት ሁሉ፥
65101d0f-f8ee-5223-a871-c4a8c1c50938,bfaa03b6-a42a-5d18-a1da-be096bd1388e,613d18dc-411a-509a-a5e8-0e8783ea996e,37,37,ከጋድ ነገድ የተቈጠሩት አርባ አምስት ሺህ ስድስት መቶ አምሳ ነበሩ።
ec2b8ca9-f530-5162-ab70-77f054a369bb,bfaa03b6-a42a-5d18-a1da-be096bd1388e,613d18dc-411a-509a-a5e8-0e8783ea996e,38,38,የዳን ልጆች በየትውልዳቸው፥ በየወገናቸው፥ በየአባቶቻቸው ቤቶች፥ እንደእየ ስማቸው ቍጥር፥ በየራሳቸው ከሃያ ዓመት ጀምሮ ከዚያም በላይ ያለው ወንድ ሁሉ፥ ወደ ሰልፍ የሚወጡት ሁሉ፥
4a6e9f32-e92b-588e-af3c-55e3ddd97edc,bfaa03b6-a42a-5d18-a1da-be096bd1388e,613d18dc-411a-509a-a5e8-0e8783ea996e,39,39,ከዳን ነገድ የተቈጠሩት ስድሳ ሁለት ሺህ ሰባት መቶ ነበሩ።
c03930a9-0e01-580a-afc4-460f023a4caa,bfaa03b6-a42a-5d18-a1da-be096bd1388e,613d18dc-411a-509a-a5e8-0e8783ea996e,40,40,የአሴር ልጆች በየትውልዳቸው፥ በየወገናቸው፥ በየአባቶቻቸው ቤቶች፥ እንደ እየስማቸው ቍጥር፥ በየራሳቸው ከሃያ ዓመት ጀምሮ ከዚያም በላይ ያለው ወንድ ሁሉ፥ ወደ ሰልፍ የሚወጡት ሁሉ፥
d51f733e-ceb3-5451-a06e-05ed6038cf1f,bfaa03b6-a42a-5d18-a1da-be096bd1388e,613d18dc-411a-509a-a5e8-0e8783ea996e,41,41,ከአሴር ነገድ የተቈጠሩት አርባ አንድ ሺህ አምስት መቶ ነበሩ።
65ee59af-2fa8-5527-afb0-1b0609246823,bfaa03b6-a42a-5d18-a1da-be096bd1388e,613d18dc-411a-509a-a5e8-0e8783ea996e,42,42,የንፍታሌም ልጆች በየትውልዳቸው፥ በየወገናቸው፥ በየአባቶቻቸው ቤቶች፥ እንደ እየስማቸው ቍጥር፥ በየራሳቸው ከሃያ ዓመት ጀምሮ ከዚያም በላይ ያለው ወንድ ሁሉ፥ ወደ ሰልፍ የሚወጡት ሁሉ፥
2c46a17d-9b41-5581-ac31-490cd64e0d05,bfaa03b6-a42a-5d18-a1da-be096bd1388e,613d18dc-411a-509a-a5e8-0e8783ea996e,43,43,ከንፍታሌም ነገድ የተቈጠሩት አምሳ ሦስት ሺህ አራት መቶ ነበሩ።
91042f9a-857c-5a6e-a4b4-78bbafef11d6,bfaa03b6-a42a-5d18-a1da-be096bd1388e,613d18dc-411a-509a-a5e8-0e8783ea996e,44,44,ሙሴና አሮን ዐሥራ ሁለቱም የእስራኤል አለቆች እነርሱን የቈጠሩበት ቍጥር ይህ ነው።
37c5f4bd-7ab4-550c-ac69-de8b262f8099,bfaa03b6-a42a-5d18-a1da-be096bd1388e,613d18dc-411a-509a-a5e8-0e8783ea996e,45,45,ከእያንዳንዱ ነገድ ከየአባቶቻቸው ቤቶች አንድ አንድ አለቃ ነበረ። ከእስራኤልም ልጆች የተቈጠሩት ሁሉ፥ በየሠራዊታቸው፥ ከሃያ ዓመት ጀምሮ ከዚያም በላይ ያሉት፥ ወደ ሰልፍ የሚወጡት ሁሉ፥
6fcc5863-3331-5ea7-a646-964b34736b7d,bfaa03b6-a42a-5d18-a1da-be096bd1388e,613d18dc-411a-509a-a5e8-0e8783ea996e,46,46,የተቈጠሩት ሁሉ ስድስት መቶ ሦስት ሺህ አምስት መቶ አምሳ ነበሩ።
b1cfd2ff-1123-53cc-ade5-e436a7ffe00f,bfaa03b6-a42a-5d18-a1da-be096bd1388e,613d18dc-411a-509a-a5e8-0e8783ea996e,47,47,ሌዋውያን ግን በየአባቶቻቸው ነገድ ከእስራኤል ልጆች ጋር አልተቈጠሩም።
01621d22-0b63-58be-a850-475f2978b9af,bfaa03b6-a42a-5d18-a1da-be096bd1388e,613d18dc-411a-509a-a5e8-0e8783ea996e,48,48,እግዚአብሔርም ሙሴን እንዲህ ብሎ ተናገረው፦
17e2f2e8-322c-5f75-a0be-b5b588357968,bfaa03b6-a42a-5d18-a1da-be096bd1388e,613d18dc-411a-509a-a5e8-0e8783ea996e,49,49,“የሌዊን ነገድ እንዳትቈጥራቸው፥ ቍጥራቸውንም ከእስራኤል ልጆች ጋር እንዳትቀበል ዕወቅ፤
215a30a7-4f7a-58f3-ae7f-99c5710577ef,bfaa03b6-a42a-5d18-a1da-be096bd1388e,613d18dc-411a-509a-a5e8-0e8783ea996e,50,50,ነገር ግን በምስክሩ ድንኳንና በዕቃዎችዋ ሁሉ፥ በውስጥዋም ባለው ነገር ሁሉ ላይ ሌዋውያንን አቁማቸው። ድንኳንዋንና ዕቃዎችዋን ሁሉ ይሸከሙ፤ ያገልግሉአትም፤ በድንኳንዋም ዙሪያ ይስፈሩ።
316d7a15-ed66-576a-a28d-f4dbba8ec8c3,bfaa03b6-a42a-5d18-a1da-be096bd1388e,613d18dc-411a-509a-a5e8-0e8783ea996e,51,51,ድንኳንዋም ስትነሣ ሌዋውያን ይንቀሉአት፤ ድንኳንዋም ስታርፍ ሌዋውያን ይትከሉአት፤ ሌላ ሰው ግን ለመንካት ቢቀርብ ይገደል።
38d10879-007c-506b-ae73-281f85ccc9d5,bfaa03b6-a42a-5d18-a1da-be096bd1388e,613d18dc-411a-509a-a5e8-0e8783ea996e,52,52,የእስራኤልም ልጆች እያንዳንዱ ሰው በየሰፈሩ፥ እያንዳንዱም ሰው በየአለቃው፥ በየጭፍራውም ይሰፍራሉ።
541a291f-c26c-5009-a37e-7376f44a0ec1,bfaa03b6-a42a-5d18-a1da-be096bd1388e,613d18dc-411a-509a-a5e8-0e8783ea996e,53,53,ነገር ግን በእስራኤል ልጆች ላይ ዕዳ እንዳይሆንባቸው ሌዋውያን በምስክሩ ድንኳን ዙሪያ ፊት ለፊት ይስፈሩ፤ ሌዋውያን የምስክሩን ድንኳን ሕግ ይጠብቁ።”
95961de3-7cde-5979-a3e6-afb10dfb63fb,bfaa03b6-a42a-5d18-a1da-be096bd1388e,613d18dc-411a-509a-a5e8-0e8783ea996e,54,54,የእስራኤል ልጆችም እግዚአብሔር ለሙሴና ለአሮን ያዘዛቸውን ሁሉ አደረጉ፤ እንዲሁ አደረጉ።
0ccf9fcb-4dc9-54d9-a162-045c1019a94f,cb561970-c5ee-5605-a6a8-0b5daed37f9d,28937a10-0ec6-5ce8-a88a-7906f7db7021,1,1,እግዚአብሔርም ለሙሴና ለአሮን እንዲህ ብሎ ተናገረ፦
b4436247-efc9-5e84-a6ee-eb1752446ba8,cb561970-c5ee-5605-a6a8-0b5daed37f9d,28937a10-0ec6-5ce8-a88a-7906f7db7021,2,2,“የእስራኤል ልጆች እያንዳንዱ በየሥርዐቱ፥ በየዓላማው፥ በየአባቶቻቸው ቤቶች፥ በምስክሩ ድንኳን ዙሪያ አንጻር ይስፈሩ።
5cbc0223-2e52-5165-af8e-b3d53d7fb1ea,cb561970-c5ee-5605-a6a8-0b5daed37f9d,28937a10-0ec6-5ce8-a88a-7906f7db7021,3,3,በመጀመሪያ በምሥራቅ በኩል የሚሰፍሩት ከሠራዊቶቻቸው ጋር የይሁዳ ሰፈር ሰዎች ይሆናሉ፤ የይሁዳ ልጆችም አለቃ የአሚናዳብ ልጅ ነአሶን ነበረ።
be8356b4-8675-5ca8-a4f1-303ddc2dc5be,cb561970-c5ee-5605-a6a8-0b5daed37f9d,28937a10-0ec6-5ce8-a88a-7906f7db7021,4,4,የተቈጠሩ ሠራዊቱም ሰባ አራት ሺህ ስድስት መቶ ነበሩ።
0a660d3f-d4db-53ee-ad20-6d3772fdfaa3,cb561970-c5ee-5605-a6a8-0b5daed37f9d,28937a10-0ec6-5ce8-a88a-7906f7db7021,5,5,በእነርሱም አጠገብ የሚሰፍሩ የይሳኮር ነገድ ይሆናሉ፤ የይሳኮርም ልጆች አለቃ የሰገር ልጅ ናትናኤል ነበረ።
f48b347c-77aa-5e90-a1d3-c17c78b34270,cb561970-c5ee-5605-a6a8-0b5daed37f9d,28937a10-0ec6-5ce8-a88a-7906f7db7021,6,6,የተቈጠሩ ሠራዊቱም አምሳ አራት ሺህ አራት መቶ ነበሩ።
afefe110-42fe-52ac-aae8-cd2910cf1160,cb561970-c5ee-5605-a6a8-0b5daed37f9d,28937a10-0ec6-5ce8-a88a-7906f7db7021,7,7,በእነርሱም አጠገብ የዛብሎን ነገድ ነበረ፤ የዛብሎንም ልጆች አለቃ የኬሎን ልጅ ኤልያብ ነበረ።
f03c7efc-4ac0-57d6-a085-5f9e396f2ea2,cb561970-c5ee-5605-a6a8-0b5daed37f9d,28937a10-0ec6-5ce8-a88a-7906f7db7021,8,8,የተቈጠሩ ሠራዊቱም አምሳ ሰባት ሺህ አራት መቶ ነበሩ።
76d5eae9-1b1d-5f08-a9ed-b15ed54c0e5b,cb561970-c5ee-5605-a6a8-0b5daed37f9d,28937a10-0ec6-5ce8-a88a-7906f7db7021,9,9,ከይሁዳ ሰፈር የተቈጠሩ ሁሉ በየሠራዊቶቻቸው መቶ ሰማንያ ስድስት ሺህ አራት መቶ ነበሩ። እነዚህም አስቀድመው ይጓዛሉ።
5bfbde4c-7d90-559d-a079-f0c50d6e20a0,cb561970-c5ee-5605-a6a8-0b5daed37f9d,28937a10-0ec6-5ce8-a88a-7906f7db7021,10,10,“በአዜብ በኩል በየሠራዊቶቻቸው የሮቤል ሰፈር ዓላማ ይሆናል፤ የሮቤልም ልጆች አለቃ የሴድዮር ልጅ ኤሊሱር ነበረ።
770ea4a8-ebf1-5664-a2d4-b63ea5628b14,cb561970-c5ee-5605-a6a8-0b5daed37f9d,28937a10-0ec6-5ce8-a88a-7906f7db7021,11,11,የተቈጠሩ ሠራዊቱም አርባ ስድስት ሺህ አምስት መቶ ነበሩ።
98847aee-b2ba-5055-afc5-919b39ebccae,cb561970-c5ee-5605-a6a8-0b5daed37f9d,28937a10-0ec6-5ce8-a88a-7906f7db7021,12,12,በእነርሱም አጠገብ የሚሰፍሩ የስምዖን ነገድ ናቸው፤ የስምዖንም ልጆች አለቃ የሲሩሳዴ ልጅ ሰላምያል ነበረ።
003aa76d-9032-5a60-a4d1-1ebdb0adf569,cb561970-c5ee-5605-a6a8-0b5daed37f9d,28937a10-0ec6-5ce8-a88a-7906f7db7021,13,13,የተቈጠሩ ሠራዊቱም አምሳ ዘጠኝ ሺህ ሦስት መቶ ነበሩ።
7fc0a34c-2a08-5d07-af16-e447f23fa507,cb561970-c5ee-5605-a6a8-0b5daed37f9d,28937a10-0ec6-5ce8-a88a-7906f7db7021,14,14,በእነርሱም አጠገብ የጋድ ነገድ ነበረ፤ የጋድም ልጆች አለቃ የራጉኤል ልጅ ኤልሳፍ ነበረ።
1cb24c2b-b390-54a2-ac53-937741901e0a,cb561970-c5ee-5605-a6a8-0b5daed37f9d,28937a10-0ec6-5ce8-a88a-7906f7db7021,15,15,የተቈጠሩ ሠራዊቱም አርባ አምስት ሺህ ስድስት መቶ አምሳ ነበሩ።
83725f4a-8a8e-5934-a166-442284405f38,cb561970-c5ee-5605-a6a8-0b5daed37f9d,28937a10-0ec6-5ce8-a88a-7906f7db7021,16,16,ከሮቤል ሰፈር የተቈጠሩ ሁሉ በየሠራዊቶቻቸው መቶ አምሳ አንድ ሺህ አራት መቶ አምሳ ነበሩ። እነርሱም ቀጥለው ይጓዛሉ።
0a72dda3-1cbe-544f-aa76-9067e78d025d,cb561970-c5ee-5605-a6a8-0b5daed37f9d,28937a10-0ec6-5ce8-a88a-7906f7db7021,17,17,“ከዚያም በኋላ የምስክሩ ድንኳን፥ በሰፈሮቹም መካከል የሌዋውያን ወገን ይጓዛል፤ እንደ አሰፋፈራቸው ሰው ሁሉ በየስፍራው፥ በየዓላማውም ይጓዛሉ።
00d8140e-0aad-5ad2-ab56-17c7bf241354,cb561970-c5ee-5605-a6a8-0b5daed37f9d,28937a10-0ec6-5ce8-a88a-7906f7db7021,18,18,“በባሕር በኩል እንደ ሠራዊቶቻቸው የኤፍሬም ሰፈር ዓላማ ይሆናል፤ የኤፍሬም ልጆች አለቃ የኤሜሁድ ልጅ ኤሌሳማ ነበረ።
09a2f51e-21d4-582e-adfd-aede896deccb,cb561970-c5ee-5605-a6a8-0b5daed37f9d,28937a10-0ec6-5ce8-a88a-7906f7db7021,19,19,የተቈጠሩ ሠራዊቱም አርባ ሺህ አምስት መቶ ነበሩ።
542f07d2-ea38-5270-a29b-e67c75d4ca4c,cb561970-c5ee-5605-a6a8-0b5daed37f9d,28937a10-0ec6-5ce8-a88a-7906f7db7021,20,20,በእነርሱም አጠገብ የምናሴ ነገድ ይሆናል፤ የምናሴም ልጆች አለቃ የፈዳሱር ልጅ ገማልያል ነበረ።
a4599cd4-1072-5bf6-aec1-f1b629b2bd18,cb561970-c5ee-5605-a6a8-0b5daed37f9d,28937a10-0ec6-5ce8-a88a-7906f7db7021,21,21,የተቈጠሩ ሠራዊቱም ሠላሳ ሁለት ሺህ ሁለት መቶ ነበሩ።
7a986815-10f2-5f27-a1be-6c661498df64,cb561970-c5ee-5605-a6a8-0b5daed37f9d,28937a10-0ec6-5ce8-a88a-7906f7db7021,22,22,በእነርሱም አጠገብ የብንያም ነገድ ይሆናል፤ የብንያምም ልጆች አለቃ የጋዴዮን ልጅ አቢዳን ነበረ።
469a6959-f792-5fd2-ab77-b1baa4df459b,cb561970-c5ee-5605-a6a8-0b5daed37f9d,28937a10-0ec6-5ce8-a88a-7906f7db7021,23,23,የተቈጠሩ ሠራዊቱም፥ ሠላሳ አምስት ሺህ አራት መቶ ነበሩ።
7e4aae75-519d-56a0-ae0d-acab59e6cc4d,cb561970-c5ee-5605-a6a8-0b5daed37f9d,28937a10-0ec6-5ce8-a88a-7906f7db7021,24,24,ከኤፍሬም ሰፈር የተቈጠሩ ሁሉ በየሠራዊቶቻቸው መቶ ስምንት ሺህ አንድ መቶ ነበሩ። እነርሱም ሦስተኛ ሆነው ይጓዛሉ።
ed4dd793-6c6b-5c0d-ac59-c121ec8a39d7,cb561970-c5ee-5605-a6a8-0b5daed37f9d,28937a10-0ec6-5ce8-a88a-7906f7db7021,25,25,“በመስዕ በኩል እንደ ሠራዊቶቻቸው የዳን ሰፈር ዓላማ ይሆናል፤ የዳንም ልጆች አለቃ የአሚሳዲ ልጅ አክያዜር ነበረ።
0a78c74b-ed8e-589a-a8a6-ae8c30aaf50a,cb561970-c5ee-5605-a6a8-0b5daed37f9d,28937a10-0ec6-5ce8-a88a-7906f7db7021,26,26,የተቈጠሩ ሠራዊቱም ስድሳ ሁለት ሺህ ሰባት መቶ ነበሩ።
f6b3094f-0c07-5f1d-abee-57bdedccb5e9,cb561970-c5ee-5605-a6a8-0b5daed37f9d,28937a10-0ec6-5ce8-a88a-7906f7db7021,27,27,በእነርሱም አጠገብ የሚሰፍሩ የአሴር ነገድ ይሆናሉ፤ የአሴርም ልጆች አለቃ የኤክራን ልጅ ፋጋኤል ነበረ።
5bea8b30-bab5-5937-a051-a8db5c77da3c,cb561970-c5ee-5605-a6a8-0b5daed37f9d,28937a10-0ec6-5ce8-a88a-7906f7db7021,28,28,የተቈጠሩ ሠራዊቱም አርባ አንድ ሺህ አምስት መቶ ነበሩ።
0b5a1ad0-fb9d-5e61-a2ae-2febc4ff194f,cb561970-c5ee-5605-a6a8-0b5daed37f9d,28937a10-0ec6-5ce8-a88a-7906f7db7021,29,29,በእነርሱም አጠገብ የንፍታሌም ነገድ ይሆናል፤ የንፍታሌምም ልጆች አለቃ የዔናን ልጅ አኪሬ ነበረ።
abcdaf05-4d88-5260-a2be-5984e39654d7,cb561970-c5ee-5605-a6a8-0b5daed37f9d,28937a10-0ec6-5ce8-a88a-7906f7db7021,30,30,የተቈጠሩ ሠራዊቱም አምሳ ሦስት ሺህ አራት መቶ ነበሩ።
b0c72849-7c02-556d-af88-beef248cbd9a,cb561970-c5ee-5605-a6a8-0b5daed37f9d,28937a10-0ec6-5ce8-a88a-7906f7db7021,31,31,ከዳን ሰፈር የተቈጠሩ ሁሉ መቶ አምሳ ሰባት ሺህ ስድስት መቶ ነበሩ። እነርሱም በየዓላማቸው በመጨረሻ ይጓዛሉ።”
3625cb54-1927-5fb0-a705-f516d9b9efe8,cb561970-c5ee-5605-a6a8-0b5daed37f9d,28937a10-0ec6-5ce8-a88a-7906f7db7021,32,32,ከእስራኤል ልጆች በየአባቶቻቸው ቤቶች የተቈጠሩ እነዚህ ናቸው፤ ከየሰፈሩ በየሠራዊቶቻቸው የተቈጠሩ ሁሉ ስድስት መቶ ሦስት ሺህ አምስት መቶ አምሳ ነበሩ።
59fe8dff-884a-5053-ad04-15482e1f56ad,cb561970-c5ee-5605-a6a8-0b5daed37f9d,28937a10-0ec6-5ce8-a88a-7906f7db7021,33,33,ሌዋውያን ግን እግዚአብሔር ሙሴን እንዳዘዘ ከእስራኤል ልጆች ጋር አልተቈጠሩም።
02d7afd0-5f36-5f80-a301-6750ee05b897,cb561970-c5ee-5605-a6a8-0b5daed37f9d,28937a10-0ec6-5ce8-a88a-7906f7db7021,34,34,የእስራኤል ልጆች እንዲሁ አደረጉ፤ እግዚአብሔር ሙሴን እንዳዘዘው ሁሉ እንዲሁ በየዓላማዎቻቸው ሰፈሩ፤ እንዲሁም በየወገኖቻቸው፥ በየአባቶቻቸው ቤቶች ተጓዙ።
87498a6d-52f0-5dec-a679-8628112ac1b5,02edbe93-5866-5025-ab29-ecdbd811f6ea,5567908f-0840-5213-a237-396d5665147a,1,1,እግዚአብሔር በሲና ተራራ ላይ ሙሴን በተናገረበት ቀን የአሮንና የሙሴ ትውልድ ይህ ነበረ።
966b50ac-c17f-55f5-af5d-0ccaec08a0f7,02edbe93-5866-5025-ab29-ecdbd811f6ea,5567908f-0840-5213-a237-396d5665147a,2,2,የአሮን ልጆች ስም ይህ ነው፤ በኵሩ ናዳብ፥ አብዩድ፥ አልዓዛር፥ ኢታምር።
a4ac646b-2c8f-5a31-ac4f-ced80b37b5de,02edbe93-5866-5025-ab29-ecdbd811f6ea,5567908f-0840-5213-a237-396d5665147a,3,3,በክህነት ያገለግሉ ዘንድ የተቀቡና እጆቻቸውን የተቀደሱ የአሮን ልጆች ስም ይህ ነው።
640b9471-fbb7-51e4-aed6-89225f6ed979,02edbe93-5866-5025-ab29-ecdbd811f6ea,5567908f-0840-5213-a237-396d5665147a,4,4,ናዳብና አብዩድ በሲና ምድረ በዳ በእግዚአብሔር ፊት ከሌላ እሳት ጭረው አምጥተዋልና በእግዚአብሔር ፊት ሞቱ፤ ልጆችም አልነበሩአቸውም። አልዓዛርና ኢታምር ከአባታቸው ከአሮን ጋር በክህነት ያገለግሉ ነበር።
ef7e12ae-3462-533f-ab35-36d245848e06,02edbe93-5866-5025-ab29-ecdbd811f6ea,0525ab6f-efe3-5ef9-a3f6-caa35d798a0d,1,5,እግዚአብሔርም ሙሴን እንዲህ ብሎ ተናገረው፦
2b396675-30f6-55d3-a087-c9fb699e3a5c,02edbe93-5866-5025-ab29-ecdbd811f6ea,0525ab6f-efe3-5ef9-a3f6-caa35d798a0d,2,6,“የሌዊን ነገድ አቅርበህ ያገለግሉት ዘንድ በካህኑ በአሮን ፊት አቁማቸው።
2f041016-5b85-580c-a690-537af9a4df39,02edbe93-5866-5025-ab29-ecdbd811f6ea,0525ab6f-efe3-5ef9-a3f6-caa35d798a0d,3,7,የድንኳኑን ሥራ ይሠሩ ዘንድ ሕጉንና የእስራኤልን ልጆች ሕግ በምስክሩ ድንኳን ፊት ይጠብቁ።
d4ada241-802c-5353-a25b-230ab3fbc45c,02edbe93-5866-5025-ab29-ecdbd811f6ea,0525ab6f-efe3-5ef9-a3f6-caa35d798a0d,4,8,እንደ ድንኳኑ ሥራዎች ሁሉ የምስክሩን ድንኳን ዕቃና የእስራኤልን ልጆች ሕግ ይጠብቁ።
272ac705-7449-5feb-a433-f6e729b2c299,02edbe93-5866-5025-ab29-ecdbd811f6ea,0525ab6f-efe3-5ef9-a3f6-caa35d798a0d,5,9,ሌዋውያንንም ወደ ወንድምህ ወደ አሮንና ወደ ልጆቹ ወደ ካህናቱ ታገባቸዋለህ። ከእስራኤል ልጆች ተለይተው ለእኔ ሀብት ሆነው ተሰጥተዋልና።
2b9bcb14-570e-5b87-ab28-4cd604e8c56b,02edbe93-5866-5025-ab29-ecdbd811f6ea,0525ab6f-efe3-5ef9-a3f6-caa35d798a0d,6,10,አሮንንና ልጆቹን በምስክሩ ድንኳን ፊት አቁማቸው፤ ክህነታቸውንም፥ በመሠዊያውና በመጋረጃው ውስጥ ያለውንም ሁሉ ይጠብቁ፤ ከሌላ ወገን የዳሰሰ ቢኖር ይገደል።”
d1d63841-2815-5be7-af05-2da9abe83b82,02edbe93-5866-5025-ab29-ecdbd811f6ea,0525ab6f-efe3-5ef9-a3f6-caa35d798a0d,7,11,እግዚአብሔርም ሙሴን እንዲህ ብሎ ተናገረው፦
5079e1f4-2665-537e-ab15-74f18ab3c716,02edbe93-5866-5025-ab29-ecdbd811f6ea,0525ab6f-efe3-5ef9-a3f6-caa35d798a0d,8,12,“እነሆ፥ እኔ በእስራኤል ልጆች ዘንድ መጀመሪያ በሚወለደው በበኵር ሁሉ ፋንታ ሌዋውያንን ከእስራኤል ልጆች መካከል ለይች ወስጃለሁ፤ በእነርሱ ፋንታ ሌዋውያን ለእኔ ይሁኑ፤
ae51067a-2acd-57e6-ae6a-1be181fd7f84,02edbe93-5866-5025-ab29-ecdbd811f6ea,0525ab6f-efe3-5ef9-a3f6-caa35d798a0d,9,13,በኵር ሁሉ ለእኔ ነውና፤ በግብፅ ምድር በኵርን ሁሉ በመታሁ ቀን ከእስራኤል ዘንድ በኵርን ሁሉ፥ ሰውንና እንስሳን፥ ለእኔ ለይችአለሁ፤ ለእኔ ይሁኑ። እኔ እግዚአብሔር ነኝና።”
e73edefc-3992-501f-ad63-3e97f63c405c,02edbe93-5866-5025-ab29-ecdbd811f6ea,701d0e1d-628a-574e-a452-2028a086c8b2,1,14,እግዚአብሔርም ሙሴን በሲና ምድረ በዳ እንዲህ ብሎ ተናገረው፦
af525b1f-4972-5ebc-abba-e2a2dfdf0dc0,02edbe93-5866-5025-ab29-ecdbd811f6ea,701d0e1d-628a-574e-a452-2028a086c8b2,2,15,“የሌዊን ልጆች በየአባቶቻቸው ቤቶች፥ በየወገናቸውም ቍጠር፤ ወንዱን ሁሉ ከአንድ ወር ጀምሮ ከዚያም በላይ ያለውን ቍጠራቸው።”
b26439cb-c1e4-5b3f-a2f2-65cc86792e22,02edbe93-5866-5025-ab29-ecdbd811f6ea,701d0e1d-628a-574e-a452-2028a086c8b2,3,16,ሙሴና አሮንም እንደ እግዚአብሔር ቃል፥ እግዚአብሔር እንደ አዘዛቸው ቈጠሩአቸው።
407339a6-3181-5275-a8a3-e7d71be18a3b,02edbe93-5866-5025-ab29-ecdbd811f6ea,701d0e1d-628a-574e-a452-2028a086c8b2,4,17,የሌዊ ልጆች በየስማቸው እነዚህ ናቸው፤ ጌድሶን፥ ቀዓት፥ ሜራሪ።
28764d7b-a44f-5430-a104-3ab80175fcd9,02edbe93-5866-5025-ab29-ecdbd811f6ea,701d0e1d-628a-574e-a452-2028a086c8b2,5,18,የጌድሶንም ልጆች ስሞች በየወገናቸው እነዚህ ናቸው፤ ሎቤን፥ ሰሜይ።
2fc53b1a-0bd3-56ad-a305-fae4c9582bc8,02edbe93-5866-5025-ab29-ecdbd811f6ea,701d0e1d-628a-574e-a452-2028a086c8b2,6,19,የቀዓትም ልጆች በየወገናቸው እንበረም፥ ይሳዓር፥ ኬብሮን፥ አዛሄል።
6a33128a-0e44-53ea-ad73-8bc24b75fe2c,02edbe93-5866-5025-ab29-ecdbd811f6ea,701d0e1d-628a-574e-a452-2028a086c8b2,7,20,የሜራሪም ልጆች በየወገናቸው፤ ሞሐሊ፥ ሙሲ። የሌዋውያን ወገኖች በየአባቶቻቸው ቤቶች እነዚህ ናቸው።
86567e0d-331b-56c9-adaa-6edcbdc0e316,02edbe93-5866-5025-ab29-ecdbd811f6ea,701d0e1d-628a-574e-a452-2028a086c8b2,8,21,ለጌድሶን የሎቤን ወገን፥ የሰሜይም ወገን ነበሩት፤ የጌድሶን ወገኖች እነዚህ ናቸው።
d734eb0f-9bec-5038-a844-68f145be192f,02edbe93-5866-5025-ab29-ecdbd811f6ea,701d0e1d-628a-574e-a452-2028a086c8b2,9,22,ከእነርሱ የተቈጠሩት የወንዶች ሁሉ ቍጥር ከአንድ ወር ጀምሮ ከዚያም በላይ የተቈጠሩት ሰባት ሺህ አምስት መቶ ነበሩ።
7922855c-d8fb-5a8b-a487-47eb38889ec2,02edbe93-5866-5025-ab29-ecdbd811f6ea,701d0e1d-628a-574e-a452-2028a086c8b2,10,23,የጌድሶን ልጆች ከድንኳን በኋላ በባሕር በኩል ይሰፍራሉ።
ec96557c-a7fc-5d0d-af2f-580fc8bb3768,02edbe93-5866-5025-ab29-ecdbd811f6ea,701d0e1d-628a-574e-a452-2028a086c8b2,11,24,የጌድሶን አባቶች ቤት አለቃ የዳሔል ልጅ ኤሊሳፍ ይሆናል።
b45e23ef-fed0-5376-ae1b-62380bdb96e7,02edbe93-5866-5025-ab29-ecdbd811f6ea,701d0e1d-628a-574e-a452-2028a086c8b2,12,25,የጌድሶን ልጆች በምስክሩ ድንኳን የሚጠብቁት ማደሪያውና ድንኳኑ፥ መደረቢያውም፥ የምስክሩ ድንኳን ደጃፍ መጋረጃ፥
3b1b17bb-807d-5e90-a0df-cf22f9ab1ae3,02edbe93-5866-5025-ab29-ecdbd811f6ea,701d0e1d-628a-574e-a452-2028a086c8b2,13,26,የአደባባዩ መጋረጃ፥ በድንኳኑ አደባባይ በር ያለው መጋረጃና የቀረውም ሥራዋ ሁሉ ይሆናል።
0807a31b-b669-57d6-afe7-981b3e049da0,02edbe93-5866-5025-ab29-ecdbd811f6ea,701d0e1d-628a-574e-a452-2028a086c8b2,14,27,ለቀዓትም የእንበረም ወገን፥ የይስዓር ወገን፥ የኬብሮንም ወገን፥ የአዛሔልም ወገን ነበሩ፤ የቀዓት ወገኖች እነዚህ ናቸው።
c29821eb-0d14-556a-a523-edbe8f2f2818,02edbe93-5866-5025-ab29-ecdbd811f6ea,701d0e1d-628a-574e-a452-2028a086c8b2,15,28,ወንዶች ሁሉ እንደ ቍጥራቸው ከአንድ ወር ጀምሮ ከዚያም በላይ ስምንት ሺህ ስድስት መቶ ነበሩ፤ መቅደሱንም ይጠብቁ ነበር።
e6be1708-97b6-54c9-aaa9-550e9d311d64,02edbe93-5866-5025-ab29-ecdbd811f6ea,701d0e1d-628a-574e-a452-2028a086c8b2,16,29,የቀዓት ልጆች ወገኖች በድንኳኑ አጠገብ በአዜብ በኩል ይሰፍራሉ።
a83181ab-ce9a-5834-a776-b4f9e4ab6c63,02edbe93-5866-5025-ab29-ecdbd811f6ea,701d0e1d-628a-574e-a452-2028a086c8b2,17,30,የቀዓት ወገኖች አባቶች ቤት አለቃ የአዛሔል ልጅ ኤሊሳፋ ይሆናል።
6f4f257f-643e-52a2-ac88-97b4056cf540,02edbe93-5866-5025-ab29-ecdbd811f6ea,701d0e1d-628a-574e-a452-2028a086c8b2,18,31,ታቦቱንም፥ ገበታውንም፥ መቅረዙንም፥ መሠዊያዎቹንም፥ የሚያገለግሉበትንም የመቅደሱን ዕቃ፥ መጋረጃውንም፥ ማገልገያውንም ሁሉ ይጠብቃሉ።
cda88fd3-4de3-5824-ab34-0248cd8e3a1e,02edbe93-5866-5025-ab29-ecdbd811f6ea,701d0e1d-628a-574e-a452-2028a086c8b2,19,32,የሌዋውያንም አለቆች አለቃ የተቀደሱ ነገሮችን ይጠብቅ ዘንድ የተሾመው የካህኑ የአሮን ልጅ አልዓዛር ነው።
562c78e8-7a60-5f68-ae08-75cf204ccd75,02edbe93-5866-5025-ab29-ecdbd811f6ea,701d0e1d-628a-574e-a452-2028a086c8b2,20,33,ለሜራሪ የሞሖሊ ወገን የሙሲ ወገን ነበሩ፤ የሜራሪ ወገኖች እነዚህ ናቸው።
5ea9c075-263f-57cd-a55d-d46d7830f763,02edbe93-5866-5025-ab29-ecdbd811f6ea,701d0e1d-628a-574e-a452-2028a086c8b2,21,34,ከእነርሱም ወንዶች ሁሉ እንደ ቍጥራቸው ከአንድ ወር ጀምሮ ከዚያም በላይ የተቈጠሩት ስድስት ሽህ አምሳ ነበሩ።
ff768981-1121-5ae5-a7ad-290ae442aa67,02edbe93-5866-5025-ab29-ecdbd811f6ea,701d0e1d-628a-574e-a452-2028a086c8b2,22,35,የሜራሪም ወገኖች አባቶች ቤት አለቃ የአቢኪያ ልጅ ሱራሔል ነበረ፤ በድንኳኑ አጠገብ በሰሜን በኩል ይሰፍራሉ።
9cecbc8d-5b81-5d51-ac60-673c163b97d0,02edbe93-5866-5025-ab29-ecdbd811f6ea,701d0e1d-628a-574e-a452-2028a086c8b2,23,36,የሜራሪም ልጆች የሚጠብቁት የድንኳኑ ምሰሶዎች፥ ኩላቦች፥ መወርወሪያዎችም፥ ተራዳዎችም፥ እግሮቹም፥
08457b29-f652-5569-a0e1-87cb9850e72e,02edbe93-5866-5025-ab29-ecdbd811f6ea,701d0e1d-628a-574e-a452-2028a086c8b2,24,37,ዕቃውም ሁሉ፥ ማገልገያውም ሁሉ፥ በዙሪያውም የሚቆሙ የአደባባይ ምሰሶዎች፥ እግሮቹም፥ ካስማዎቹም፥ አውታሮቹም ይሆናሉ።
23eeb48a-410c-59fe-a66c-7bd9acd1bd59,02edbe93-5866-5025-ab29-ecdbd811f6ea,701d0e1d-628a-574e-a452-2028a086c8b2,25,38,በምሥራቅ በኩል በምስክሩ ድንኳን ፊት የሚሰፍሩት ሙሴና አሮን ልጆቹም ይሆናሉ፥ እንደ እስራኤል ልጆች ሕግም የመቅደሱን ሕግ ይጠብቃሉ፥ ከሌላ ወገን የዳሰሰ ቢኖር ይገደል።
245ae55e-09bd-5d92-ab76-c52d898df06b,02edbe93-5866-5025-ab29-ecdbd811f6ea,701d0e1d-628a-574e-a452-2028a086c8b2,26,39,በእግዚአብሔር ትእዛዝ ሙሴና አሮን የቈጠሩአቸው፥ ከሌዋውያን ወንዶች ሁሉ ከአንድ ወር ጀምሮ ከዚያም በላይ በየወገናቸው የተቈጠሩት ሁሉ ሃያ ሁለት ሺህ ነበሩ።
1acca36b-8479-56ee-a3b8-3c6f329d49f1,02edbe93-5866-5025-ab29-ecdbd811f6ea,0078edde-da9c-5da3-a4af-e4bfe78bebf7,1,40,እግዚአብሔርም ሙሴን፥ “የእስራኤልን ልጆች ወንዱን በኵር ሁሉ ከአንድ ወር ጀምሮ ከዚያም በላይ ያሉትን ቍጠር፤ ቍጥራቸውንም በየስማቸው ውሰድ፤
e48b913e-2c2e-5095-acfc-79c873908912,02edbe93-5866-5025-ab29-ecdbd811f6ea,0078edde-da9c-5da3-a4af-e4bfe78bebf7,2,41,ሌዋውያንንም በእስራኤል ልጆች በኵር ሁሉ ፋንታ፥ የሌዋውያንንም እንስሶች በእስራኤል ልጆች እንስሶች በኵር ሁሉ ፋንታ ለእኔ ለእግዚአብሔር አድርጋቸው” አለው።
98cae876-75b7-5485-a246-eca32079dd94,02edbe93-5866-5025-ab29-ecdbd811f6ea,0078edde-da9c-5da3-a4af-e4bfe78bebf7,3,42,ሙሴም እግዚአብሔር እንዳዘዘው የእስራኤልን ልጆች በኵር ሁሉ ቈጠረ።
216995f1-e7a4-570f-aa13-7bdd4a5e7448,02edbe93-5866-5025-ab29-ecdbd811f6ea,0078edde-da9c-5da3-a4af-e4bfe78bebf7,4,43,ከእነርሱም የተቈጠሩ ወንዶች በኵሮች ሁሉ በየስማቸው ከአንድ ወር ጀምሮ ከዚያም በላይ ሃያ ሁለት ሺህ ሁለት መቶ ሰባ ሦስት ነበሩ።
aac63a9f-5764-540c-ad4b-8d8f927230da,02edbe93-5866-5025-ab29-ecdbd811f6ea,0078edde-da9c-5da3-a4af-e4bfe78bebf7,5,44,እግዚአብሔርም ሙሴን እንዲህ ብሎ ተናገረው፦
b8fbc264-58c3-596e-abf3-a5b3417e45d6,02edbe93-5866-5025-ab29-ecdbd811f6ea,0078edde-da9c-5da3-a4af-e4bfe78bebf7,6,45,“ሌዋውያንን በእስራኤል ልጆች በኵር ሁሉ ፋንታ፥ የሌዋውያንንም እንስሶች በእንስሶቻቸው ፋንታ ውሰድ፤ ሌዋውያንም ለእኔ ይሁኑ፤ እኔ እግዚአብሔር ነኝና።
ec75fd93-4714-5475-a1d3-7231bafa09c0,02edbe93-5866-5025-ab29-ecdbd811f6ea,0078edde-da9c-5da3-a4af-e4bfe78bebf7,7,46,በሌዋውያን ላይ ከእስራኤል ልጆች በኵር ስለ ተረፉት ስለ ሁለት መቶ ሰባ ሦስት ቤዛ፥
f1f6c961-0236-54c6-a515-cffeb083a223,02edbe93-5866-5025-ab29-ecdbd811f6ea,0078edde-da9c-5da3-a4af-e4bfe78bebf7,8,47,በየራሱ አምስት ዲድርክም ውሰድ፤ እንደ መቅደሱ ዲድርክም ብዛት ትወስዳለህ፤ ዲድርክም ሃያ አቦሊ ነው።
caeb91c3-a22a-5c4d-a53d-1618eb9f4508,02edbe93-5866-5025-ab29-ecdbd811f6ea,0078edde-da9c-5da3-a4af-e4bfe78bebf7,9,48,ስለ ተረፉትም የመቤዣውን ገንዘብ ለአሮንና ለልጆቹ ትሰጣቸዋለህ።”
873d79cd-fde5-55a7-ab84-310d54b63c59,02edbe93-5866-5025-ab29-ecdbd811f6ea,0078edde-da9c-5da3-a4af-e4bfe78bebf7,10,49,ሙሴም በሌዋውያን ከተቤዡት በላይ ከተረፉት ዘንድ የመቤዣውን ገንዘብ ወሰደ።
b8de804d-5d25-57eb-a324-2edb5e4858e6,02edbe93-5866-5025-ab29-ecdbd811f6ea,0078edde-da9c-5da3-a4af-e4bfe78bebf7,11,50,ከእስራኤል ልጆች በኵሮች ገንዘቡን ሺህ ሦስት መቶ ስድሳ አምስት ዲድርክም እንደ መቅደሱ ዲድርክም ሚዛን ወሰደ።
f694c866-e992-5bf8-a5fb-b3016e18e10f,02edbe93-5866-5025-ab29-ecdbd811f6ea,0078edde-da9c-5da3-a4af-e4bfe78bebf7,12,51,እንደ እግዚአብሔርም ቃል፥ እግዚአብሔር ሙሴን እንዳዘዘው ሙሴ የመቤዣውን ገንዘብ ለአሮንና ለልጆቹ ሰጠ።
5bb37637-d30d-56c9-a72a-508b08a2a672,2dd1360d-25ed-5746-a525-5dd69c95fa24,f7d471a1-9499-57e7-ad9d-b2d12ed35267,1,1,እግዚአብሔርም ሙሴንና አሮንን እንዲህ ብሎ ተናገራቸው፦
1f84bd29-87b4-54bc-a708-9577deb5b6a1,2dd1360d-25ed-5746-a525-5dd69c95fa24,f7d471a1-9499-57e7-ad9d-b2d12ed35267,2,2,“ከሌዊ ልጆች መካከል በየወገናቸው፥ በየአባቶቻቸው ቤቶች የቀዓትን ልጆች ለዩአቸው፤
d601a881-62e1-5a5c-a7a1-3ad8864d10fd,2dd1360d-25ed-5746-a525-5dd69c95fa24,f7d471a1-9499-57e7-ad9d-b2d12ed35267,3,3,ከሃያ አምስት ዓመት ጀምሮ እስከ አምሳ ዓመት ድረስ በምስክሩ ድንኳን ይሠሩ ዘንድ ለአገልግሎት የሚገቡበትን ሁሉ ትለያለህ።
0c4fd3e5-74c0-5de3-a873-5b4917045543,2dd1360d-25ed-5746-a525-5dd69c95fa24,f7d471a1-9499-57e7-ad9d-b2d12ed35267,4,4,በምስክሩ ድንኳን በቅድስተ ቅዱሳኑ ዘንድ የቀዓት ልጆች ሥራ ይህ ነው፤
932f740c-ad7f-56a2-a4e7-ef23b32872e0,2dd1360d-25ed-5746-a525-5dd69c95fa24,f7d471a1-9499-57e7-ad9d-b2d12ed35267,5,5,ሰፈሩ በተነሣ ጊዜ አሮንና ልጆቹ ገብተው የሚሸፍነውን መጋረጃ ያወርዳሉ፤ የምስክሩንም ታቦት ይጠቀልሉበታል፤
c928eac5-5837-59fd-a7a4-f966e92645d6,2dd1360d-25ed-5746-a525-5dd69c95fa24,f7d471a1-9499-57e7-ad9d-b2d12ed35267,6,6,በላዩም የአቆስጣውን ቍርበት መሸፈኛ ያድርጉበት፤ ከእርሱም በላይ ሁለንተናው ሰማያዊ የሆነ መጐናጸፊያ ያግቡበት፤ መሎጊያዎቹንም ያግቡበት።
8312d225-2c1c-5e58-ad4e-f88565a4439b,2dd1360d-25ed-5746-a525-5dd69c95fa24,f7d471a1-9499-57e7-ad9d-b2d12ed35267,7,7,በኅብስተ ገጹ ገበታ ላይም ሰማያዊውን መጐናጸፊያ ይዘርጉበት፤ በእርሱም ላይ ወጭቶቹን፥ ጭልፋዎቹንም፥ ጽዋዎቹንም፥ ለማፍሰስም መቅጃዎቹን ያድርጉበት፤ ሁልጊዜም የሚኖር ኅብስት በእርሱ ላይ ይሁን።
0185b68d-a4c1-5c2c-a841-ba9bff1c591c,2dd1360d-25ed-5746-a525-5dd69c95fa24,f7d471a1-9499-57e7-ad9d-b2d12ed35267,8,8,በእነርሱም ላይ ቀይ መጐናጸፊያ ይዘርጉ፤ በአቆስጣውም ቍርበት መሸፈኛ ይሸፍኑት። መሎጊያዎቹንም ያግቡ።
46ff3a11-1c61-5f54-a921-68eeb5691694,2dd1360d-25ed-5746-a525-5dd69c95fa24,f7d471a1-9499-57e7-ad9d-b2d12ed35267,9,9,ሰማያዊውንም መጐናጸፊያ ይውሰዱ፤ የሚያበሩባትንም መቅረዝ፥ ቀንዲሎችዋንም፥ መኰስተሪያዎችዋንም፥ የኵስታሪ ማድረጊያዎችዋንም፥ እርስዋንም ለማገልገል የዘይቱን ማሰሮዎች ሁሉ ይሸፍኑ፤
bbc4778f-d340-51f7-a306-8f94b89a5e46,2dd1360d-25ed-5746-a525-5dd69c95fa24,f7d471a1-9499-57e7-ad9d-b2d12ed35267,10,10,እርስዋንና ዕቃዎችዋን ሁሉ በአቆስጣ ቍርበት መሸፈኛ ውስጥ ያድርጉ፤ በመሸከሚያውም ላይ ያድርጉት።
5992bc00-a447-5734-a6a2-a7d46dafbbfb,2dd1360d-25ed-5746-a525-5dd69c95fa24,f7d471a1-9499-57e7-ad9d-b2d12ed35267,11,11,በወርቁም መሠዊያ ላይ ሰማያዊውን መጐናጸፊያ ይዘርጉበት፤ በአቆስጣም ቍርበት መሸፈኛ ይሸፍኑት፤ መሎጊያዎቹንም ያግቡ።
86cd68c6-a342-59d4-a601-e21e0eb3fb6d,2dd1360d-25ed-5746-a525-5dd69c95fa24,f7d471a1-9499-57e7-ad9d-b2d12ed35267,12,12,በመቅደስም ውስጥ የሚያገለግሉበትን የማገልገያውን ዕቃ ሁሉ ይውሰዱ፤ በሰማያዊዉም መጐናጸፊያ ውስጥ ያስቀምጡት፤ በአቆስጣም ቍርበት መሸፈኛ ይሸፍኑት፤ በመሸከሚያውም ላይ ያድርጉት።
e032d2ff-f51d-5277-a645-9d1677710d01,2dd1360d-25ed-5746-a525-5dd69c95fa24,f7d471a1-9499-57e7-ad9d-b2d12ed35267,13,13,አመዱንም ያስወግዱ፤ መክደኛውንም በመሠዊያው ላይ ያድርጉ፤ ሐምራዊዉንም መጐናጸፊያ ይዘርጉበት፤
a2ddf87b-339c-5b96-a60d-deeb3e25c8f4,2dd1360d-25ed-5746-a525-5dd69c95fa24,f7d471a1-9499-57e7-ad9d-b2d12ed35267,14,14,የሚያገለግሉበትን ዕቃውን ሁሉ፥ ማንደጃዎቹን፥ ሜንጦዎቹንም፥ ጽዋዎቹንም፥ ድስቶቹንም፥ መክደኛዎቹንም፥ ያመድ ማፍሰሻዎቹን፥ የመሠዊያውን ዕቃ ሁሉ ያስቀምጡበት፤ በእርሱም የአቆስጣን ቍርበት መሸፈኛ ይዘርጉ፤ መሎጊያዎቹንም ያግቡ። ሐምራዊዉንም መጐናጸፊያ ወስደው ማስታጠቢያውንና ማስቀመጫውን ይሸፍኑት፤ በአቆስጣው ቍርበት መሸፈኛ ውስጥም አድርገው በመሸከሚያዎቹ ላይ ያኑሩት፤
3f28e3f4-5a5b-592c-a8f4-584098d665f4,2dd1360d-25ed-5746-a525-5dd69c95fa24,f7d471a1-9499-57e7-ad9d-b2d12ed35267,15,15,አሮንና ልጆቹ መቅደሱንና የመቅደሱን ዕቃ ሁሉ ሸፍነው ከጨረሱ በኋላ ሰፈሩ ሲነሣ የቀዓት ልጆች ሊሸከሙት ይገባሉ። እንዳይሞቱ ግን ንዋየ ቅድሳቱን አይንኩ። በምስክሩ ድንኳን ዘንድ የቀዓት ልጆች ሸክም ይህ ነው።
51d10212-7eda-5d4a-ad13-c40359ceec85,2dd1360d-25ed-5746-a525-5dd69c95fa24,f7d471a1-9499-57e7-ad9d-b2d12ed35267,16,16,የካህኑም የአሮን ልጅ አልዓዛር በመብራቱ ዘይት በጣፋጩም ዕጣን ላይ ፥ ሁልጊዜም በሚቀርበው በእህሉ ቍርባንና በቅባቱ ዘይት ላይ ሹም ነው፤ ድንኳኑን ሁሉ፥ በእርሱም ውስጥ ያለውን ሁሉ፥ መቅደሱንና ዕቃውን ይጠብቃል።”
f4c5aa6e-024f-5293-a61d-23ac4dc2414f,2dd1360d-25ed-5746-a525-5dd69c95fa24,f7d471a1-9499-57e7-ad9d-b2d12ed35267,17,17,እግዚአብሔር ሙሴንና አሮንን እንዲህ ብሎ ተናገራቸው፦
d0b5a060-69c2-5235-a2aa-2b485d70b425,2dd1360d-25ed-5746-a525-5dd69c95fa24,f7d471a1-9499-57e7-ad9d-b2d12ed35267,18,18,“የቀዓትን ወገኖች ነገድ ከሌዋውያን መካከል አታጥፉአቸው፤
eeabb1bf-0ee6-5314-a673-0c0882aaa921,2dd1360d-25ed-5746-a525-5dd69c95fa24,f7d471a1-9499-57e7-ad9d-b2d12ed35267,19,19,ነገር ግን ወደ ቅድስተ ቅዱሳኑ በቀረቡ ጊዜ በሕይወት ይኖሩ ዘንድ እንጂ እንዳይሞቱ እንዲሁ አድርጉላቸው፤ አሮንና ልጆቹ ይግቡ፤
a72da403-14f3-5b75-a36d-f6d46890dadd,2dd1360d-25ed-5746-a525-5dd69c95fa24,f7d471a1-9499-57e7-ad9d-b2d12ed35267,20,20,ከእነርሱ ለእያንዳንዱ ሰው ሥራውንና ሸክሙን ያዘጋጁ፤ ነገር ግን እንዳይሞቱ ንዋየ ቅዱሳቱን ለድንገት እንኳን ለማየት አይግቡ።”
10e20849-5097-53f5-a0ea-44305a4faae7,2dd1360d-25ed-5746-a525-5dd69c95fa24,c710813d-57a4-514c-ac54-3fedcf2b1244,1,21,እግዚአብሔርም ሙሴን እንዲህ ብሎ ተናገረው፦
858abf9e-7a73-50db-ac4b-d29c1fb10791,2dd1360d-25ed-5746-a525-5dd69c95fa24,c710813d-57a4-514c-ac54-3fedcf2b1244,2,22,“የጌድሶንን ልጆች ከመጀመሪያው ጀምረህ በየአባቶቻቸው ቤቶች በየወገኖቻቸውም ቍጠራቸው።
b5e2c5c3-1e69-571d-af1a-19a9d0c543af,2dd1360d-25ed-5746-a525-5dd69c95fa24,c710813d-57a4-514c-ac54-3fedcf2b1244,3,23,የምስክሩን ድንኳን ሥራ ይሠሩ ዘንድ ለአገልግሎት የሚገቡትን ሁሉ ከሃያ አምስት ዓመት ጀምሮ እስከ አምሳ ዓመት ድረስ ቍጠራቸው።
f61e02e7-54db-5b41-a0b2-9c516394a8c1,2dd1360d-25ed-5746-a525-5dd69c95fa24,c710813d-57a4-514c-ac54-3fedcf2b1244,4,24,የጌድሶን ወገኖች ሥራ በማገልገልና በመሸከም ይህ ነው፤
1889cfa5-14c8-5594-a253-91c44623a1b8,2dd1360d-25ed-5746-a525-5dd69c95fa24,c710813d-57a4-514c-ac54-3fedcf2b1244,5,25,የድንኳኑን መጋረጃዎች፥ የምስክሩንም ድንኳን፥ መደረቢያውን፥ በላዩም ያለውን የአቆስጣውን ቍርበት መደረቢያ፥ የምስክሩንም ድንኳን ደጃፍ መጋረጃ፥ የአደባባዩንም መጋረጃ፥
77a78866-e8a9-5b37-ab80-ef99bdb8a1ff,2dd1360d-25ed-5746-a525-5dd69c95fa24,c710813d-57a4-514c-ac54-3fedcf2b1244,6,26,በምስክሩ ድንኳን ዙሪያ ያለውን የአደባባዩን ደጃፍ መጋረጃ፥ ለማገልገልም የሚሠሩበትን ዕቃ ሁሉ ይሸከሙ፤ በዚህም ያገልግሉ።
9f5f1fdd-3b43-5bfb-a614-0a134fff82fd,2dd1360d-25ed-5746-a525-5dd69c95fa24,c710813d-57a4-514c-ac54-3fedcf2b1244,7,27,የጌድሶን ልጆች አገልግሎት ሁሉ፥ በተራቸውም ሁሉ፥ በሥራቸውም ሁሉ በአሮንና በልጆቹ ትእዛዝ ይሁን፤ በስማቸውና በተራቸውም ትቈጥራቸዋለህ።
f319effa-92ba-50cb-a455-d040d1bdfa2e,2dd1360d-25ed-5746-a525-5dd69c95fa24,c710813d-57a4-514c-ac54-3fedcf2b1244,8,28,የጌድሶን ልጆች አገልግሎት በምስክሩ ድንኳን ዘንድ ይህ ነው፤ ከካህኑ ከአሮን ልጅ ከኢታምር እጅ በታች ይሆናሉ።
00e51d90-767c-55fe-a711-f2d7f1c1c035,2dd1360d-25ed-5746-a525-5dd69c95fa24,06659c80-d4d4-5436-a0cc-a02e88290c7e,1,29,“የሜራሪንም ልጆች በየወገናቸው፥ በየአባቶቻቸውም ቤቶች ቍጠራቸው።
fe8d93f5-0d2a-580d-abc9-e84d1afee0a9,2dd1360d-25ed-5746-a525-5dd69c95fa24,06659c80-d4d4-5436-a0cc-a02e88290c7e,2,30,የምስክሩን ድንኳን ሥራ ይሠሩ ዘንድ ለአገልግሎት የሚገቡትን ሁሉ ከሃያ አምስት ዓመት ጀምሮ እስከ አምሳ ዓመት ድረስ ቍጠራቸው።
7dd78b22-d81d-51f4-a2e8-484b597b4bb4,2dd1360d-25ed-5746-a525-5dd69c95fa24,06659c80-d4d4-5436-a0cc-a02e88290c7e,3,31,በምስክሩ ድንኳን ዘንድ ባለው አገልግሎታቸው ሁሉ፥ የድንኳኑ ሳንቆች፥ መወርወሪያዎቹም፥ ተራዳዎቹም፥ እግሮቹም፥ መሸፈኛዎቹም፥ መቀመጫዎቹም፥ የምስክሩ ድንኳን ደጃፍ መጋረጃ፥
5a5a5c4e-d713-50b6-a410-991709995ade,2dd1360d-25ed-5746-a525-5dd69c95fa24,06659c80-d4d4-5436-a0cc-a02e88290c7e,4,32,በዙሪያውም የሚቆሙት የአደባባዩ ምሰሶዎች፥ እግሮቹም፥ የአደባባዩ ደጃፍ መጋረጃ ምሰሶዎች፥ እግሮቻቸውም፥ ካስማዎቹም፥ አውታሮቹም፥ ዕቃዎቹና ማገልገያዎቹ ሸክማቸው ነው፤ የሚጠብቁትንም የሸክማቸውን ዕቃ ሁሉ በየስማቸው ቍጠሩ።
a45426e7-3225-5526-aae9-3255baf4c7b2,2dd1360d-25ed-5746-a525-5dd69c95fa24,06659c80-d4d4-5436-a0cc-a02e88290c7e,5,33,በምስክሩ ድንኳን ዘንድ ባለው ሥራቸው ሁሉ የሜራሪ ልጆች ወገኖች አገልግሎት ይህ ነው፤ እነርሱም ከካህኑ ከአሮን ልጅ ከኢታምር እጅ በታች ይሆናሉ።”
333d710b-feee-51a1-a6b1-ee5fa2c57dd4,2dd1360d-25ed-5746-a525-5dd69c95fa24,f3d95a42-126b-54b0-a518-1c8b9fdcc069,1,34,ሙሴና አሮንም፥ የእስራኤልም አለቆች የቀዓትን ልጆች በየወገናቸው፥ በየአባቶቻቸውም ቤቶች ቈጠሩአቸው።
64be28b4-ff03-5edc-a112-55fef4aa29cf,2dd1360d-25ed-5746-a525-5dd69c95fa24,f3d95a42-126b-54b0-a518-1c8b9fdcc069,2,35,በምስክሩ ድንኳን ውስጥ ይሠሩ ዘንድ ወደ አገልግሎት የገቡትን ሁሉ ከሃያ አምስት ዓመት ጀምሮ እስከ አምሳ ዓመት ድረስ ያሉትን ቈጠሩአቸው፤
e3895737-a359-5238-aa65-b76fb361c572,2dd1360d-25ed-5746-a525-5dd69c95fa24,f3d95a42-126b-54b0-a518-1c8b9fdcc069,3,36,በየወገናቸውም ከእነርሱ የተቈጠሩት ሁለት ሺህ ሰባት መቶ አምሳ ነበሩ።
c44cc2bd-1ee6-5d8c-a5ba-90647206d166,2dd1360d-25ed-5746-a525-5dd69c95fa24,f3d95a42-126b-54b0-a518-1c8b9fdcc069,4,37,እግዚአብሔር በሙሴ እጅ እንዳዘዘ፥ ሙሴና አሮን እንደ ቈጠሩአቸው በምስክሩ ድንኳን ውስጥ ያገለግሉ ዘንድ የሚገቡት ሁሉ፥ የቀዓት ልጆች ቍጥር ይህ ነው።
c87cdb8a-2fa8-50f6-a451-4b9ed4748802,2dd1360d-25ed-5746-a525-5dd69c95fa24,f3d95a42-126b-54b0-a518-1c8b9fdcc069,5,38,የጌድሶንንም ልጆች በየወገናቸው፥ በየአባቶቻቸውም ቤቶች፥
34298174-9df1-5ecf-aaca-cc086394a55a,2dd1360d-25ed-5746-a525-5dd69c95fa24,f3d95a42-126b-54b0-a518-1c8b9fdcc069,6,39,በምስክሩ ድንኳን ውስጥ ይሠሩ ዘንድ ለአገልግሎት የገቡት ከሃያ አምስት ዓመት ጀምሮ እስከ አምሳ ዓመት ድረስ ያሉትን ቈጠሩአቸው።
0cba937d-7600-50ec-a29c-780b903c063b,2dd1360d-25ed-5746-a525-5dd69c95fa24,f3d95a42-126b-54b0-a518-1c8b9fdcc069,7,40,ቍጥራቸውም በየወገናቸው፥ በየአባቶቻቸውም ቤቶች ሁለት ሺህ ስድስት መቶ አምሳ ነበር።
a9cd820c-606a-55da-ad5c-2a344a915ce6,2dd1360d-25ed-5746-a525-5dd69c95fa24,f3d95a42-126b-54b0-a518-1c8b9fdcc069,8,41,እግዚአብሔር በሙሴ እጅ እንዳዘዘ፥ ሙሴና አሮን የቈጠሩአቸው በምስክሩ ድንኳን ውስጥ ያገለገሉት ሁሉ የጌድሶን ልጆች ቍጥር ይህ ነው።
30a6d3e1-e5ea-58f1-a46b-412145c5dc68,2dd1360d-25ed-5746-a525-5dd69c95fa24,f3d95a42-126b-54b0-a518-1c8b9fdcc069,9,42,የሜራሪንም ልጆች ወገኖች በየወገናቸው፥ በየአባቶቻቸውም ቤቶች፥
b402f4a6-c0ac-5971-a3fb-7bcf9c8a85a2,2dd1360d-25ed-5746-a525-5dd69c95fa24,f3d95a42-126b-54b0-a518-1c8b9fdcc069,10,43,በምስክሩ ድንኳን ውስጥ ወደ አገልግሎት የገቡት ሁሉ ከሃያ አምስት ዓመት ጀምሮ እስከ አምሳ ዓመት ድረስ ያሉትን ቈጠሯቸው።
4fb1146b-a52f-5050-aaf1-eeaf90cb3a19,2dd1360d-25ed-5746-a525-5dd69c95fa24,f3d95a42-126b-54b0-a518-1c8b9fdcc069,11,44,ቍጥራቸውም በየወገናቸው፥ በየአባቶቻቸውም ቤቶች ሦስት ሺህ ሁለት መቶ ነበረ።
96627281-3778-502c-aaba-c757e8f2780e,2dd1360d-25ed-5746-a525-5dd69c95fa24,f3d95a42-126b-54b0-a518-1c8b9fdcc069,12,45,እግዚአብሔርም በሙሴ እጅ እንዳዘዘ ሙሴና አሮን የቈጠሩአቸው የሜራሪ ልጆች ወገኖች ቍጥር ይህ ነው።
74c691c4-23c2-5971-a3a1-03640820cd33,2dd1360d-25ed-5746-a525-5dd69c95fa24,f3d95a42-126b-54b0-a518-1c8b9fdcc069,13,46,በየወገናቸውና በየአባቶቻቸው ቤቶች ከሌዋውያን የተቈጠሩት ሁሉ፥ ሙሴና አሮን የእስራኤልም አለቆች የቈጠሩአቸው፥
fce0742d-18c4-5d74-a0b0-f54dff83bfe6,2dd1360d-25ed-5746-a525-5dd69c95fa24,f3d95a42-126b-54b0-a518-1c8b9fdcc069,14,47,በምስክሩ ድንኳን ውስጥ ሥራውን ለመሥራትና ዕቃውን ለመሸከም የገቡት ሁሉ፥ ከሃያ አምስት ዓመት ጀምሮ እስከ አምሳ ዓመት ድረስ ያሉት፥
4f5be1db-2f5c-5ade-a60d-03ab9c497e26,2dd1360d-25ed-5746-a525-5dd69c95fa24,f3d95a42-126b-54b0-a518-1c8b9fdcc069,15,48,ከእነርሱ የተቈጠሩት ስምንት ሺህ አምስት መቶ ሰማንያ ነበሩ።
4c099f4a-1ab3-5529-a7c4-b4224ca00e49,2dd1360d-25ed-5746-a525-5dd69c95fa24,f3d95a42-126b-54b0-a518-1c8b9fdcc069,16,49,እንደ እግዚአብሔር ትእዛዝ እያንዳንዳቸው በየአገልግሎታቸውና በየሸክማቸው በሙሴ እጅ ተቈጠሩ፤ እግዚአብሔር ሙሴን እንዳዘዘ እንዲሁ በእርሱ ተቈጠሩ።
639205db-ebf0-57d2-a11b-7196978b40ac,3292ac15-0611-5d9b-a9a2-5c5c83ea6efe,ed4cfe01-77c0-563b-af49-fbe3f4717a6b,1,1,እግዚአብሔርም ሙሴን እንዲህ ብሎ ተናገረው፦
8717e025-e616-5f35-a3f2-ff69eb37165a,3292ac15-0611-5d9b-a9a2-5c5c83ea6efe,ed4cfe01-77c0-563b-af49-fbe3f4717a6b,2,2,“የእስራኤል ልጆች ለምጻሙን ሁሉ ፈሳሽ ነገርም ያለበትን ሁሉ በሰውነቱ የረከሰውን ሁሉ ከሰፈሩ እንዲያወጡ እዘዛቸው፤
0d9002af-a923-5450-ac1e-1007226f6d68,3292ac15-0611-5d9b-a9a2-5c5c83ea6efe,ed4cfe01-77c0-563b-af49-fbe3f4717a6b,3,3,እኔ በመካከሉ የማድርበትን ሰፈራቸውን እንዳያረክሱ ከወንድ እስከ ሴት ከሰፈሩ አውጡአቸው።”
d1fd66bb-f11b-5667-a54d-8f9597300d22,3292ac15-0611-5d9b-a9a2-5c5c83ea6efe,ed4cfe01-77c0-563b-af49-fbe3f4717a6b,4,4,የእስራኤልም ልጆች እንዲሁ አደረጉ፤ ከሰፈሩ አወጡአቸው፤ እግዚአብሔር ሙሴን እንደ ተናገረው፥ የእስራኤል ልጆች እንዲሁ አደረጉ።
295c39c5-4232-5516-a633-7e880a00c1a7,3292ac15-0611-5d9b-a9a2-5c5c83ea6efe,35e05c01-2eda-58ec-a3b8-367dfe2bcb1e,1,5,እግዚአብሔርም ሙሴን እንዲህ ብሎ ተናገረው፦
94c0314d-0f7e-5f8a-a0e6-6467e636683b,3292ac15-0611-5d9b-a9a2-5c5c83ea6efe,35e05c01-2eda-58ec-a3b8-367dfe2bcb1e,2,6,“ለእስራኤል ልጆች እንዲህ ብለህ ንገራቸው፦ ወንድ ወይም ሴት ቸል ብለው ወይም ባለማወቅ ሰው ከሚሠራው ኀጢአት ሁሉ የሠሩት ቢኖር፥
13372ef5-1f87-5b5a-aea2-1aff3208bd19,3292ac15-0611-5d9b-a9a2-5c5c83ea6efe,35e05c01-2eda-58ec-a3b8-367dfe2bcb1e,3,7,ያች ሰውነት ብትናዘዝ፥ ያደረገችውንም ኀጢአት ሁሉ ብትናገር የወሰደውን ዓይነቱን ሁሉ ይመልስ። አምስተኛ እጅም ለባለ ገንዘቡ ይጨምር።
d8788015-dca5-5b53-a228-d132e250b6c5,3292ac15-0611-5d9b-a9a2-5c5c83ea6efe,35e05c01-2eda-58ec-a3b8-367dfe2bcb1e,4,8,ነገር ግን ይመልስለት ዘንድ ሰውዬው ዘመድ ባይኖረው፥ ስለ በደል ለእግዚአብሔር የሚመልሰው ነገር ለካህኑ ይሁን፤ ይህም ስለ እርሱ ማስተስረያ ከሚደረግበት አውራ በግ ላይ ይጨመር።
feffab94-fc65-5403-a21c-65f3703aefc5,3292ac15-0611-5d9b-a9a2-5c5c83ea6efe,35e05c01-2eda-58ec-a3b8-367dfe2bcb1e,5,9,የእስራኤልም ልጆች ለእግዚአብሔር ከሚያቀርቡአቸው የተቀደሱ ነገሮች ሁሉ የመጀመሪያው ለካህኑ ነው።
d27ceff8-3923-5a66-a867-96829c40e65a,3292ac15-0611-5d9b-a9a2-5c5c83ea6efe,35e05c01-2eda-58ec-a3b8-367dfe2bcb1e,6,10,የተቀደሰ የሰው ነገር ሁሉ፥ ሰውም ለካህኑ የሚሰጠው ሁሉ ለእርሱ ይሁን።”
f2d41865-ca4c-5f53-a2a7-813f34ecf652,3292ac15-0611-5d9b-a9a2-5c5c83ea6efe,adf67db6-1584-5aca-a4a3-8c6564a6762c,1,11,እግዚአብሔርም ሙሴን እንዲህ ብሎ ተናገረው፦
1dad2212-f147-5a5e-ac06-628375b355b4,3292ac15-0611-5d9b-a9a2-5c5c83ea6efe,adf67db6-1584-5aca-a4a3-8c6564a6762c,2,12,“ለእስራኤል ልጆች እንዲህ ብለህ ንገራቸው፦ የማንኛውም ሰው ሚስት ከእርሱ ፈቀቅ ብትል፥ በእርሱም ላይ ብትበድል፥
cd4a7160-e634-59a5-a24b-34a9de68fe2a,3292ac15-0611-5d9b-a9a2-5c5c83ea6efe,adf67db6-1584-5aca-a4a3-8c6564a6762c,3,13,ሌላም ሰው ከእርስዋ ጋር ቢተኛ፥ ብታመነዝር፥ ከባልዋም ዐይን ቢሸሸግ፥ እርስዋም ተሰውራ ብትረክስ፥
cac04864-5f50-514a-aecc-9097fbaad9bc,3292ac15-0611-5d9b-a9a2-5c5c83ea6efe,adf67db6-1584-5aca-a4a3-8c6564a6762c,4,14,ምስክርም ባይኖርባት፥ በምንዝርም ባትያዝ፥ በባልዋም ላይ የቅንዐት መንፈስ ቢመጣበት፥ እርስዋም ስትረክስ ስለ ሚስቱ ቢቀና ወይም እርስዋ ሳትረክስ የቅንዐቱ መንፈስ ቢመጣበት፥ ስለ ሚስቱም ቢቀና፥
ece70014-3dd7-569f-af3a-b18b75d1ed79,3292ac15-0611-5d9b-a9a2-5c5c83ea6efe,adf67db6-1584-5aca-a4a3-8c6564a6762c,5,15,ያ ሰው ሚስቱን ወደ ካህኑ ያምጣት፤ የኢፍ መስፈሪያም ዐሥረኛ እጅ ገብስ ዱቄት ቍርባን ስለ እርስዋ ያምጣ፤ የቅንዐት ቍርባን ነውና፥ ኀጢአትንም የሚያሳስብ የመታሰቢያ ቍርባን ነውና ዘይት አያፍስስበት፤ ዕጣንም አይጨምርበት።
d91ac6b7-90b0-508a-a49a-ec57f7c859eb,3292ac15-0611-5d9b-a9a2-5c5c83ea6efe,adf67db6-1584-5aca-a4a3-8c6564a6762c,6,16,“ካህኑም ያቀርባታል፤ በእግዚአብሔርም ፊት ያቆማታል፤
dcd0bf87-33bf-5372-a264-ceabc2d438bf,3292ac15-0611-5d9b-a9a2-5c5c83ea6efe,adf67db6-1584-5aca-a4a3-8c6564a6762c,7,17,ካህኑም የተቀደሰ ውኃ በሸክላ ማሰሮ ይወስዳል፤ ካህኑም በምስክሩ ድንኳን ውስጥ ካለው ትቢያ ወስዶ በውኃ ላይ ይረጨዋል፤
f17a3b34-0c0f-5f3b-aba7-f8cbf52d388c,3292ac15-0611-5d9b-a9a2-5c5c83ea6efe,adf67db6-1584-5aca-a4a3-8c6564a6762c,8,18,ካህኑም ሴቲቱን በእግዚአብሔር ፊት ያቆማታል፤ የሴቲቱንም ራስ ይገልጣል፤ በእጅዋም ለመታሰቢያ የሚሆነውን የእህል ቍርባን፥ የቅንዐት ቍርባን ያኖራል፤ በካህኑም እጅ ርግማንን የሚያመጣው መራራ ውኃ ይሆናል።
0728723a-0ebd-5e6c-af36-a28d5a67b7bc,3292ac15-0611-5d9b-a9a2-5c5c83ea6efe,adf67db6-1584-5aca-a4a3-8c6564a6762c,9,19,ካህኑም ያምላታል፤ ሴቲቱንም እንዲህ ይላታል፦ ሌላ ወንድ አልተኛሽ፥ ባልሽንም አልተውሽ፥ ራስሽንም አላረከስሽ እንደ ሆነ፥ ርግማንን ከሚያመጣ ከዚህ መራራ ውኃ ንጹሕ ሁኚ፤
d749f28e-cb96-5342-a103-5367f6355669,3292ac15-0611-5d9b-a9a2-5c5c83ea6efe,adf67db6-1584-5aca-a4a3-8c6564a6762c,10,20,ነገር ግን ባልሽን ትተሽ ረክሰሽ እንደ ሆነ፥ ከባልሽም ሌላ ወንድ ከአንቺ ጋር ተኝቶ እንደ ሆነ፤
36d08a65-d893-5fe8-a172-fe326e4d5ea6,3292ac15-0611-5d9b-a9a2-5c5c83ea6efe,adf67db6-1584-5aca-a4a3-8c6564a6762c,11,21,ካህኑም ሴቲቱን በመርገም መሐላ ያምላታል፤ ካህኑም ሴቲቱን እንዲህ ይበላት፦ እግዚአብሔር የተረገምሽ ያድርግሽ ጎንሽን ያረግፈው ዘንድ እግዚአብሔር ከሕዝብሽ መካከል ለይቶ ያጥፋሽ፤ ሆድሽን ይሰንጥቀው፤
a75b10b6-fdad-5517-a4d3-b70241cc7478,3292ac15-0611-5d9b-a9a2-5c5c83ea6efe,adf67db6-1584-5aca-a4a3-8c6564a6762c,12,22,ርግማንንም የሚያመጣ ይህ ውኃ ወደ ሆድሽ ይግባ፥ ማኅፀንሽንም ይሰንጥቀው፤ ጎንሽም ይርገፍ። ሴቲቱም፦ ይሁን ይሁን ትላለች።
b7eacb5b-caa4-577c-a257-51477aaf6f60,3292ac15-0611-5d9b-a9a2-5c5c83ea6efe,adf67db6-1584-5aca-a4a3-8c6564a6762c,13,23,“ካህኑም እነዚህን መርገሞች በሰሌዳ ላይ ይጽፋቸዋል፤ በመርገሙም መራራ ውኃ ይደመስሳቸዋል፤
886587c7-40a3-5b14-a8cb-a3b52d8e3d57,3292ac15-0611-5d9b-a9a2-5c5c83ea6efe,adf67db6-1584-5aca-a4a3-8c6564a6762c,14,24,የመርገሙን መራራ ውኃ ለሴቲቱ ያጠጣታል፤ የርግማኑም ውኃ ወደ ሆድዋ ይገባል።
63c42f42-2b7e-52c3-ae22-3888111dbe48,3292ac15-0611-5d9b-a9a2-5c5c83ea6efe,adf67db6-1584-5aca-a4a3-8c6564a6762c,15,25,ካህኑም የቅንዐቱን መሥዋዕት ከሴቲቱ እጅ ይወስዳል፤ ያንም መሥዋዕት በእግዚአብሔር ፊት ያቀርበዋል፥ ወደ መሠዊያውም ያመጣዋል፤
78dba0a7-ce1d-5097-a926-d313be4193dc,3292ac15-0611-5d9b-a9a2-5c5c83ea6efe,adf67db6-1584-5aca-a4a3-8c6564a6762c,16,26,ካህኑም ከእህሉ ቍርባን አንድ እፍኝ ሙሉ ለመታሰቢያው ወስዶ በመሠዊያው ላይ ይጨምረዋል። ከዚያም በኋላ ለሴቲቱ ያን ውኃ ያጠጣታል።
779932ca-4aa8-55d1-a767-37e1b3fd0833,3292ac15-0611-5d9b-a9a2-5c5c83ea6efe,adf67db6-1584-5aca-a4a3-8c6564a6762c,17,27,ውኃውን ካጠጣት በኋላ እንዲህ ይሆናል፤ ራስዋን አርክሳና ባልዋን ቸል ብላው ከሆነ፤ የመርገሙ መራራ ውኃ ወደ ሆድዋ ይገባል፤ ሆድዋንም ይሰነጥቀዋል፤ ጎኗም ይረግፋል፤ ሴቲቱም በሕዝብዋ መካከል ለመርገም ትሆናለች።
40752294-8584-5f42-a9be-b31b86b91472,3292ac15-0611-5d9b-a9a2-5c5c83ea6efe,adf67db6-1584-5aca-a4a3-8c6564a6762c,18,28,ራስዋን ያላረከሰች እንደ ሆነች፥ ያለ ነውርም እንደ ሆነች፥ ያነጻታል፤ ልጆችንም ትወልዳለች።
d38957cf-84d4-5015-ac0b-8d40461d228b,3292ac15-0611-5d9b-a9a2-5c5c83ea6efe,adf67db6-1584-5aca-a4a3-8c6564a6762c,19,29,“በባልዋ ላይ ለበደለችና ራስዋን ላረከሰች ሴት የቅንዐት ሕግ ይህ ነው፤
f946d154-5b69-5b8c-a582-beab7f774b27,3292ac15-0611-5d9b-a9a2-5c5c83ea6efe,adf67db6-1584-5aca-a4a3-8c6564a6762c,20,30,በሰው ላይ የቅንዐት መንፈስ ቢመጣ፥ ስለ ሚስቱም ቢቀና፤ ሴቲቱን በእግዚአብሔር ፊት ያቆማታል፤
62fa408d-2ca6-557c-ac5f-d9fc3fd3577b,3292ac15-0611-5d9b-a9a2-5c5c83ea6efe,adf67db6-1584-5aca-a4a3-8c6564a6762c,21,31,ካህኑም ይህን ሕግ ሁሉ ያደርግባታል። ሰውየውም ከኀጢአት ንጹሕ ይሆናል፤ ሴቲቱም ኀጢአቷን ትሸከማለች።”
6e4fd5ab-11ff-5a17-a3e8-1dbee7835049,ead99649-fe25-5d70-af10-24622106db06,e7e6d335-bb32-544f-aaa1-e84422b12874,1,1,እግዚአብሔርም ሙሴን እንዲህ ብሎ ተናገረው፦
65e75c39-0815-5482-ac61-a28dc9f9c5a4,ead99649-fe25-5d70-af10-24622106db06,e7e6d335-bb32-544f-aaa1-e84422b12874,2,2,“ለእስራኤል ልጆች እንዲህ ብለህ ንገራቸው፤ ወንድ ወይም ሴት ለእግዚአብሔር ራሱን የተለየ ያደርግ ዘንድ ልዩ ስእለት ቢሳል፥
f9c03cf6-dda8-5492-ac1e-4d6800e9e980,ead99649-fe25-5d70-af10-24622106db06,e7e6d335-bb32-544f-aaa1-e84422b12874,3,3,ከወይን ጠጅና ከሚያሰክር መጠጥ ራሱን የተለየ ያድርግ፤ ከወይን ወይም ከሌላ ከሚያሰክር ነገር የሚገኘውን ሆምጣጤ አይጠጣ፤ የወይንም ጭማቂ አይጠጣ፤ የወይንም እሸት ወይም ዘቢብ አይብላ።
ba496b8f-6254-5b8e-a918-e7012b7eeb3d,ead99649-fe25-5d70-af10-24622106db06,e7e6d335-bb32-544f-aaa1-e84422b12874,4,4,ራሱን የተለየ ባደረገበት ወራት ሁሉ ከወይን የሆነውን ነገር ሁሉ ከውስጡ ፍሬ ጀምሮ እስከ ደረቀው ዘቢብ ድረስ አይብላ።
f8ddb123-e29a-50d6-a204-47646e5f876f,ead99649-fe25-5d70-af10-24622106db06,e7e6d335-bb32-544f-aaa1-e84422b12874,5,5,“ራሱን ለመለየት ስእለት ባደረገበት ወራት ሁሉ ራሱን አይላጭ፤ ለእግዚአብሔር የተለየበት ወራት እስኪፈጸም ድረስ ቅዱስ ይሆናል፤ የራሱንም ጠጕር ያሳድጋል።
b40c22d1-7302-52f4-a079-1971c7cc3128,ead99649-fe25-5d70-af10-24622106db06,e7e6d335-bb32-544f-aaa1-e84422b12874,6,6,“ለእግዚአብሔር ራሱን የተለየ ባደረገበት ወራት ሁሉ ወደ ሬሳ አይቅረብ።
fcaac7ae-1df1-582d-a50e-d3feef512f55,ead99649-fe25-5d70-af10-24622106db06,e7e6d335-bb32-544f-aaa1-e84422b12874,7,7,ለአምላኩ ያደረገው ብፅዐት በራሱ ላይ ነውና አባቱ፥ ወይም እናቱ፥ ወይም ወንድሙ፥ ወይም እኅቱ ሲሞቱ ሰውነቱን አያርክስባቸው።
8f9914c8-6ba3-5327-a079-31041650729e,ead99649-fe25-5d70-af10-24622106db06,e7e6d335-bb32-544f-aaa1-e84422b12874,8,8,በብፅዐቱ ወራት ሁሉ ለእግዚአብሔር የተቀደሰ ነውና።
511518a6-966e-5c1d-a0f3-994bb5e99d67,ead99649-fe25-5d70-af10-24622106db06,e7e6d335-bb32-544f-aaa1-e84422b12874,9,9,“ሰውም በአጠገቡ ድንገት ቢሞት የራሱ ብፅዐት ይረክሳል፤ እርሱ በሚነጻበት ቀን ራሱን ይላጭ፤ በሰባተኛው ቀን ይላጨው።
49ba7c73-6e40-5e6f-a8d2-50b6a3733ce8,ead99649-fe25-5d70-af10-24622106db06,e7e6d335-bb32-544f-aaa1-e84422b12874,10,10,በስምንተኛውም ቀን ሁለት ዋኖሶች ወይም ሁለት የርግብ ግልገሎች ወደ ምስክሩ ድንኳን ደጃፍ ወደ ካህኑ ያምጣ፤
1c986537-a8c4-50e3-aa00-9f826c7658cc,ead99649-fe25-5d70-af10-24622106db06,e7e6d335-bb32-544f-aaa1-e84422b12874,11,11,ካህኑም አንዲቱን ለኀጢአት መሥዋዕት ሁለተኛዪቱንም ለሚቃጠል መሥዋዕት ያቀርባል፤ በሬሳም የተነሣ ኀጢአት ሠርቶአልና ያስተሰርይለታል፤ በዚያም ቀን ራሱን ይቀድሰዋል።
15e05f39-9334-5d38-a9ba-370bcc7437b4,ead99649-fe25-5d70-af10-24622106db06,e7e6d335-bb32-544f-aaa1-e84422b12874,12,12,በስእለቱ ወራትም ሁሉ ለእግዚአብሔር ይቀደሳል፤ የአንድ ዓመትም ተባት ጠቦት ለበደል መሥዋዕት ያምጣ፤ ስእለቱ ግን ረክሶአልና ያለፈው ወራት ሁሉ አይቈጠርለትም።
402c8a67-9e98-521f-ae8f-f4104ac19bf1,ead99649-fe25-5d70-af10-24622106db06,e7e6d335-bb32-544f-aaa1-e84422b12874,13,13,“የተሳለው ሰው ሕግ ይህ ነው፤ የስእለቱ ወራት በተፈጸመ ጊዜ ራሱ ወደ ምስክሩ ድንኳን ደጃፍ ይቅረብ፤ ቍርባኑንም ለእግዚአብሔር ያቅርብ።
ee9468ae-3f40-5d89-a937-4af7aada2255,ead99649-fe25-5d70-af10-24622106db06,e7e6d335-bb32-544f-aaa1-e84422b12874,14,14,ነውር የሌለበት የአንድ ዓመት ተባት ጠቦት ለሚቃጠል መሥዋዕት፥ ነውርም የሌለባትን የአንድ ዓመት እንስት ጠቦት ለኀጢአት መሥዋዕት፥ ነውር የሌለበትን አውራ በግ ለደኅንነት መሥዋዕት፥
957860b0-986c-5f03-aea3-8b632d05962c,ead99649-fe25-5d70-af10-24622106db06,e7e6d335-bb32-544f-aaa1-e84422b12874,15,15,አንድ ሌማትም በዘይት የተለወሰ የስንዴ ቂጣ እንጀራ፥ በዘይትም የተቀባ ስስ ቂጣ፥ የእህሉንም ቍርባን፥ የመጠጡንም ቍርባን ያቅርብ።
463771b6-bd13-5e11-a0e2-df9d392fb973,ead99649-fe25-5d70-af10-24622106db06,e7e6d335-bb32-544f-aaa1-e84422b12874,16,16,ካህኑም በእግዚአብሔር ፊት ያቅርበው። የኀጢአቱንም መሥዋዕት የሚቃጠለውንም መሥዋዕት ያሳርግለታል።
cf76f1be-ec01-5396-a79e-165b3cbd8956,ead99649-fe25-5d70-af10-24622106db06,e7e6d335-bb32-544f-aaa1-e84422b12874,17,17,አውራውንም በግ ለደኅንነት መሥዋዕት ከሌማቱ ቂጣ እንጀራ ጋር ወደ እግዚአብሔር ያቀርባል፤ ካህኑም ደግሞ የእህሉን ቍርባንና የመጠጡን ቍርባን ያቀርባል።
2530dde5-e60b-51d2-a508-fd187fa881b6,ead99649-fe25-5d70-af10-24622106db06,e7e6d335-bb32-544f-aaa1-e84422b12874,18,18,የተሳለውም የተሳለውን የራስ ጠጕር በምስክሩ ድንኳን አጠገብ ይላጫል፤ የስእለቱንም ራስ ጠጕር ወስዶ ከደኅንነት መሥዋዕት በታች ወዳለው እሳት ይጥለዋል።
1cfc1e25-51e2-5582-a937-66fcb7e9b359,ead99649-fe25-5d70-af10-24622106db06,e7e6d335-bb32-544f-aaa1-e84422b12874,19,19,ካህኑም የተቀቀለውን የአውራውን በግ ወርች፥ ከሌማቱም አንድ ቂጣ እንጎቻ፥ አንድም ስስ ቂጣ ይወስዳል፤ የተሳለውንም የራስ ጠጕር ከተላጨ በኋላ በባለስእለቱ እጆች ላይ ያኖራቸዋል።
b97f5663-0308-55cf-a8be-56d8fb5bae24,ead99649-fe25-5d70-af10-24622106db06,e7e6d335-bb32-544f-aaa1-e84422b12874,20,20,ካህኑም እነዚህን ሁሉ ቍርባን አድርጎ በእግዚአብሔር ፊት ያቀርባል፤ ይህም የቍርባን ፍርምባና የመባው ወርች ለካህኑ የተቀደሰ ነው፤ ከዚያም በኋላ ባለስእለቱ ወይን ይጠጣል።
2ec130aa-763f-545f-aedc-cd2ea2fb0562,ead99649-fe25-5d70-af10-24622106db06,e7e6d335-bb32-544f-aaa1-e84422b12874,21,21,“ስእለቱን የተሳለው የባለስእለቱ፥ እጁም ከሚያገኘው ሌላ ስለ ስእለቱ ለእግዚአብሔር የሚያቀርበው የቍርባኑ ሕግ ይህ ነው፤ ስእለቱን እንደ ተሳለ እንደ ስእለቱ ሕግ እንዲሁ ያደርጋል።”
b9c6fb10-8b0d-50c1-ae37-d84f903dbe31,ead99649-fe25-5d70-af10-24622106db06,ea8bde4a-bc2e-54df-a070-12a694e57cfd,1,22,እግዚአብሔርም ሙሴን እንዲህ ብሎ ተናገረው፦
58ddf902-9d18-5bba-a1cf-d80e2ce3e035,ead99649-fe25-5d70-af10-24622106db06,ea8bde4a-bc2e-54df-a070-12a694e57cfd,2,23,“ለአሮንና ለልጆቹ ንገራቸው፤ የእስራኤልን ልጆች ስትባርኩአቸው እንዲህ በሉአቸው፦
a1778cba-e5bb-5f5b-a395-3d1919e707bc,ead99649-fe25-5d70-af10-24622106db06,ea8bde4a-bc2e-54df-a070-12a694e57cfd,3,24,“እግዚአብሔር ይባርክህ፥ ይጠብቅህም፤
5e574f4b-5e81-5b3b-a870-5ea05db5d878,ead99649-fe25-5d70-af10-24622106db06,ea8bde4a-bc2e-54df-a070-12a694e57cfd,4,25,እግዚአብሔር ፊቱን ያብራልህ፥ ይራራልህም።
3f6eba0f-f938-533a-a56e-6dd69deb362b,ead99649-fe25-5d70-af10-24622106db06,ea8bde4a-bc2e-54df-a070-12a694e57cfd,5,26,“እግዚአብሔር ፊቱን ወደ አንተ ያንሣ፥ ሰላምንም ይስጥህ።
362f7344-e8ac-5152-a4a9-3b70f9cbf62d,ead99649-fe25-5d70-af10-24622106db06,ea8bde4a-bc2e-54df-a070-12a694e57cfd,6,27,እንዲሁ ስሜን በእስራኤል ልጆች ላይ ይጠራሉ፤ እኔም እባርካቸዋለሁ።”
0dbb485b-7935-5f3c-a156-6a9c0f7af729,468a4f50-9872-590d-aaae-d595c20ba2bc,a652a0df-b6e1-5bb0-a241-920f8156d9ea,1,1,እንዲህም ሆነ፤ ሙሴ ድንኳኑን ፈጽሞ በተከለባት፥ እርስዋንና ዕቃዋን ሁሉ በቀባና በቀደሰባት፥ መሠዊያውንና ዕቃውንም ሁሉ በቀባና በቀደሰባት ቀን፥
d05c9e95-80e2-5516-ab88-18631c86ca77,468a4f50-9872-590d-aaae-d595c20ba2bc,a652a0df-b6e1-5bb0-a241-920f8156d9ea,2,2,ዐሥራ ሁለቱ የእስራኤል አለቆች፥ የአባቶቻቸው ቤቶች አለቆች፥ ቍርባናቸውን አቀረቡ፤ እነዚህም ከተቈጠሩት በላይ የተሾሙ የነገዶች አለቆች ነበሩ።
1422bd98-a8a6-538a-afb6-ae9e3acae4e9,468a4f50-9872-590d-aaae-d595c20ba2bc,a652a0df-b6e1-5bb0-a241-920f8156d9ea,3,3,መባቸውንም በእግዚአብሔር ፊት አቀረቡ፤ የተከደኑ ስድስት ሰረገሎች ዐሥራ ሁለትም በሬዎች፤ በየሁለቱም አለቆች አንድ ሰረገላ አቀረቡ፤ ሁሉም እያንዳንዱ አንድ በሬ በድንኳኑ ፊት አቀረቡ።
9efcc06b-b491-5d7d-acf8-a0328ec6c9f4,468a4f50-9872-590d-aaae-d595c20ba2bc,a652a0df-b6e1-5bb0-a241-920f8156d9ea,4,4,እግዚአብሔርም ሙሴን እንዲህ ብሎ ተናገረው፦
31126230-7d1b-54f5-a756-ea1063a5a123,468a4f50-9872-590d-aaae-d595c20ba2bc,a652a0df-b6e1-5bb0-a241-920f8156d9ea,5,5,“ለምስክሩ ድንኳን ሥራ የሚያገለግል ይሆን ዘንድ፥ ከእነርሱ ተቀብለህ ለሌዋውያን ለእያንዳንዱ እንደ አገልግሎታቸው ስጣቸው።”
2b560284-97ce-5630-ad74-77a56fc944fe,468a4f50-9872-590d-aaae-d595c20ba2bc,a652a0df-b6e1-5bb0-a241-920f8156d9ea,6,6,ሙሴም ሰረገሎችንና በሬዎችን ተቀብሎ ለሌዋውያን ሰጣቸው።
5304ebcb-f2bf-594c-a9ce-dfde9ba1c94a,468a4f50-9872-590d-aaae-d595c20ba2bc,a652a0df-b6e1-5bb0-a241-920f8156d9ea,7,7,ለጌድሶን ልጆች እንደ አገልግሎታቸው ሁለት ሰረገሎችንና አራት በሬዎችን ሰጣቸው።
ff272d54-1456-539a-a1c8-95f60f6e3e22,468a4f50-9872-590d-aaae-d595c20ba2bc,a652a0df-b6e1-5bb0-a241-920f8156d9ea,8,8,ከካህኑም ከአሮን ልጅ ከኢታምር እጅ በታች ላሉት ለሜራሪ ልጆች እንደ አገልግሎታቸው መጠን አራት ሰረገሎችንና ስምንት በሬዎችን ሰጣቸው።
293ff6f5-2859-54fd-a95a-267f6989953c,468a4f50-9872-590d-aaae-d595c20ba2bc,a652a0df-b6e1-5bb0-a241-920f8156d9ea,9,9,ለቀዓት ልጆች ግን መቅደሱን ማገልገል የእነርሱ ነውና፥ በትከሻቸውም ይሸከሙት ነበርና ምንም አልሰጣቸውም።
aedf5724-c371-5228-a92a-ffb63a86c111,468a4f50-9872-590d-aaae-d595c20ba2bc,a652a0df-b6e1-5bb0-a241-920f8156d9ea,10,10,መሠዊያውም በተቀባ ቀን አለቆቹ መሠዊያውን ለመቀደስ ቍርባንን አቀረቡ፤ አለቆችም መባቸውን በመሠዊያው ፊት አቀረቡ።
8c3f7040-791f-5ac4-a7a3-666c99df708e,468a4f50-9872-590d-aaae-d595c20ba2bc,a652a0df-b6e1-5bb0-a241-920f8156d9ea,11,11,እግዚአብሔርም ሙሴን፥ “እያንዳንዱ አለቃ በየቀኑ መሠዊያውን ለመቀደስ እያንዳንዱ አለቃ መባውን በቀን በቀኑ ያቅርብ” አለው።
e98b2f59-8151-598c-ac66-6a7abe174403,468a4f50-9872-590d-aaae-d595c20ba2bc,a652a0df-b6e1-5bb0-a241-920f8156d9ea,12,12,በመጀመሪያውም ቀን መባውን ያቀረበ ከይሁዳ ነገድ የአሚናዳብ ልጅ ነአሶን ነበረ።
91f35333-de1e-5fa3-abd0-4fc778ace5b9,468a4f50-9872-590d-aaae-d595c20ba2bc,a652a0df-b6e1-5bb0-a241-920f8156d9ea,13,13,መባውም ለእህል ቍርባን በዘይት የተለወሰ መልካም ዱቄት የተሞሉ፥ ሚዛኑ እንደ መቅደሱ ሰቅል ሚዛን መቶ ሠላሳ ሰቅል የሆነ አንድ የብር ወጭት፥ ሚዛኑም ሰባ ሰቅል የሆነ አንድ የብር ድስት፤
6161d6f0-434b-5c54-a322-6f57b8be2a6f,468a4f50-9872-590d-aaae-d595c20ba2bc,a652a0df-b6e1-5bb0-a241-920f8156d9ea,14,14,ዕጣንም የተሞላ ሚዛኑ ዐሥር ሰቅል የሆነ አንድ የወርቅ ጭልፋ፤
d30155f2-d3f9-53aa-a948-9655f54b638d,468a4f50-9872-590d-aaae-d595c20ba2bc,a652a0df-b6e1-5bb0-a241-920f8156d9ea,15,15,ለሚቃጠልም መሥዋዕት ከመንጋዎች አንድ ወይፈን፥ አንድ አውራ በግ፥ አንድ የአንድ ዓመት ተባት የበግ ጠቦት፤
6c151fc4-2674-51d2-a192-6169a68332f8,468a4f50-9872-590d-aaae-d595c20ba2bc,a652a0df-b6e1-5bb0-a241-920f8156d9ea,16,16,ለኀጢአትም መሥዋዕት አንድ አውራ ፍየል፤
bb44419a-04c4-5cb8-ac41-500ca5fe87f1,468a4f50-9872-590d-aaae-d595c20ba2bc,a652a0df-b6e1-5bb0-a241-920f8156d9ea,17,17,ለደኅንነትም መሥዋዕት ሁለት ጊደሮች፥ አምስት አውራ በጎች፥ አምስት አውራ ፍየሎች፥ አምስት የአንድ ዓመት እንስት የበግ ጠቦቶች ነበረ፤ የአሚናዳብ ልጅ የነአሶን መባ ይህ ነበረ።
9333caec-cf96-52a7-aeb7-19f6a109fe0f,468a4f50-9872-590d-aaae-d595c20ba2bc,a652a0df-b6e1-5bb0-a241-920f8156d9ea,18,18,በሁለተኛውም ቀን የይሳኮር አለቃ የሰገር ልጅ ናትናኤል አቀረበ።
40a6f774-be37-5cc0-acad-7c5db81c4c53,468a4f50-9872-590d-aaae-d595c20ba2bc,a652a0df-b6e1-5bb0-a241-920f8156d9ea,19,19,ለመባውም ለእህል ቍርባን በዘይት የተለወሰ መልካም ዱቄት የተሞሉትን፥ ሚዛኑ እንደ መቅደሱ ሰቅል ሚዛን መቶ ሠላሳ ሰቅል የሆነውን አንድ የብር ወጭት፥ ሚዛኑም ሰባ ሰቅል የሆነውን አንድ የብር ድስት፤
2bf4aec5-857a-5833-a1b8-a98c3d402925,468a4f50-9872-590d-aaae-d595c20ba2bc,a652a0df-b6e1-5bb0-a241-920f8156d9ea,20,20,ዕጣንም የተሞላውን ሚዛኑ ዐሥር ሰቅል የሆነውን አንድ የወርቅ ጭልፋ፤
ffca7140-9f37-5a21-a074-77ddf0c7fe61,468a4f50-9872-590d-aaae-d595c20ba2bc,a652a0df-b6e1-5bb0-a241-920f8156d9ea,21,21,ለሚቃጠልም መሥዋዕት አንድ ወይፈን፥ አንድ አውራ በግ፥ አንድ የአንድ ዓመት ተባት የበግ ጠቦት፤
cc3ec3d7-c661-58b4-a17b-097a2e1dd458,468a4f50-9872-590d-aaae-d595c20ba2bc,a652a0df-b6e1-5bb0-a241-920f8156d9ea,22,22,ለኀጢአትም መሥዋዕት አንድ አውራ ፍየል፤
d92652f2-310c-5f91-aa45-17876d18c4ad,468a4f50-9872-590d-aaae-d595c20ba2bc,a652a0df-b6e1-5bb0-a241-920f8156d9ea,23,23,ለደኅንነትም መሥዋዕት ሁለት ጊደሮች፥ አምስት አውራ በጎች፥ አምስት አውራ ፍየሎች፥ አምስት የአንድ ዓመት እንስት የበግ ጠቦቶች አቀረበ፤ የሰገር ልጅ የናትናኤል መባ ይህ ነበረ።
7fdb824f-ace3-506b-a6ea-4075808ab129,468a4f50-9872-590d-aaae-d595c20ba2bc,a652a0df-b6e1-5bb0-a241-920f8156d9ea,24,24,በሦስተኛውም ቀን የዛብሎን ልጆች አለቃ የኬሎን ልጅ ኤልያብ መባውን አቀረበ።
52c208f9-d746-5145-ab20-881329646a4a,468a4f50-9872-590d-aaae-d595c20ba2bc,a652a0df-b6e1-5bb0-a241-920f8156d9ea,25,25,መባውም ለእህል ቍርባን በዘይት የተለወሰ መልካም ዱቄት የተሞሉ፥ ሚዛኑ እንደ መቅደሱ ሰቅል ሚዛን መቶ ሠላሳ ሰቅል የሆነ አንድ የብር ወጭት፥ ሚዛኑም ሰባ ሰቅል የሆነ አንድ የብር ድስት፤
7ac85228-1896-51c7-a018-1508652bb00c,468a4f50-9872-590d-aaae-d595c20ba2bc,a652a0df-b6e1-5bb0-a241-920f8156d9ea,26,26,ዕጣንም የተሞላ ሚዛኑ ዐሥር ሰቅል የሆነ አንድ የወርቅ ጭልፋ፤
a96fc8b3-8271-53ad-ab2b-2eef85f305b2,468a4f50-9872-590d-aaae-d595c20ba2bc,a652a0df-b6e1-5bb0-a241-920f8156d9ea,27,27,ለሚቃጠልም መሥዋዕት አንድ ወይፈን፥ አንድ አውራ በግ፥ አንድ የአንድ ዓመት ተባት የበግ ጠቦት፤
7c238a78-8e92-584b-a14a-a01670e1fb8f,468a4f50-9872-590d-aaae-d595c20ba2bc,a652a0df-b6e1-5bb0-a241-920f8156d9ea,28,28,ለኀጢአትም መሥዋዕት አንድ አውራ ፍየል፤
402bc85c-d1f8-566d-ac8b-68b009c164e2,468a4f50-9872-590d-aaae-d595c20ba2bc,a652a0df-b6e1-5bb0-a241-920f8156d9ea,29,29,ለደኅንነትም መሥዋዕት ሁለት ጊደሮች፥ አምስት አውራ በጎች፥ አምስት አውራ ፍየሎች፥ አምስት የአንድ ዓመት እንስት የበግ ጠቦቶች ነበረ፤ የኬሎን ልጅ የኤልያብ መባ ይህ ነበረ።
797dd4a9-bd82-59a7-acaf-86e39e7b91cd,468a4f50-9872-590d-aaae-d595c20ba2bc,a652a0df-b6e1-5bb0-a241-920f8156d9ea,30,30,በአራተኛውም ቀን የሮቤል ልጆች አለቃ የሴድዮር ልጅ ኤሊሱር መባውን አቀረበ፤
c47b839f-71cd-513f-a23d-5cacac83b3d9,468a4f50-9872-590d-aaae-d595c20ba2bc,a652a0df-b6e1-5bb0-a241-920f8156d9ea,31,31,መባውም ለእህል ቍርባን በዘይት የተለወሰ መልካም ዱቄት የተሞሉ፥ ሚዛኑ እንደ መቅደሱ ሰቅል ሚዛን መቶ ሠላሳ ሰቅል የሆነ አንድ የብር ወጭት፥ ሚዛኑም ሰባ ስቅል የሆነ አንድ የብር ድስት፤
5f57f1d8-6974-5e60-a122-dc0e79d2d928,468a4f50-9872-590d-aaae-d595c20ba2bc,a652a0df-b6e1-5bb0-a241-920f8156d9ea,32,32,ዕጣንም የተሞላ ሚዛኑ ዐሥር ሰቅል የሆነ አንድ የወርቅ ጭልፋ፤
3b22bd48-a0dd-5a30-acc8-6521dc04a5ec,468a4f50-9872-590d-aaae-d595c20ba2bc,a652a0df-b6e1-5bb0-a241-920f8156d9ea,33,33,ለሚቃጠልም መሥዋዕት አንድ ወይፈን፥ አንድ አውራ በግ፥ አንድ የአንድ ዓመት ተባት የበግ ጠቦት፤
9eaa4615-f4ad-5e6e-ad32-491a5f54ce2e,468a4f50-9872-590d-aaae-d595c20ba2bc,a652a0df-b6e1-5bb0-a241-920f8156d9ea,34,34,ለኀጢአትም መሥዋዕት አንድ አውራ ፍየል፤
431039ae-c0e5-5def-a056-9d6b5bf1dad5,468a4f50-9872-590d-aaae-d595c20ba2bc,a652a0df-b6e1-5bb0-a241-920f8156d9ea,35,35,ለደኅንነትም መሥዋዕት ሁለት ጊደሮች፥ አምስት አውራ በጎች፥ አምስት አውራ ፍየሎች፥ አምስት የአንድ ዓመት እንስት የበግ ጠቦቶች ነበረ፤ የሴድዮር ልጅ የኤሊሱር መባ ይህ ነበረ።
9bbf0a8a-38e9-5428-a958-21b371411bc9,468a4f50-9872-590d-aaae-d595c20ba2bc,a652a0df-b6e1-5bb0-a241-920f8156d9ea,36,36,በአምስተኛውም ቀን የስምዖን ልጆች አለቃ የሲሩሳዴ ልጅ ሰላምያል መባውን አቀረበ፤
9f2fed00-59a6-5dd5-a75e-453cd047ebfc,468a4f50-9872-590d-aaae-d595c20ba2bc,a652a0df-b6e1-5bb0-a241-920f8156d9ea,37,37,መባውም ለእህል ቍርባን በዘይት የተለወሰ መልካም ዱቄት የተሞሉ፥ ሚዛኑ እንደ መቅደሱ ሰቅል ሚዛን መቶ ሠላሳ ሰቅል የሆነ አንድ የብር ወጭት፥ ሚዛኑም ሰባ ሰቅል የሆነ አንድ የብር ድስት፤
692906de-4ae8-5765-acd8-1f5a94f32e21,468a4f50-9872-590d-aaae-d595c20ba2bc,a652a0df-b6e1-5bb0-a241-920f8156d9ea,38,38,ዕጣንም የተሞላ ሚዛኑ ዐሥር ሰቅል የሆነ አንድ የወርቅ ጭልፋ፤
29e5e850-792f-5968-a99f-01591475367f,468a4f50-9872-590d-aaae-d595c20ba2bc,a652a0df-b6e1-5bb0-a241-920f8156d9ea,39,39,ለሚቃጠልም መሥዋዕት አንድ ወይፈን፥ አንድ አውራ በግ፥ አንድ የአንድ ዓመት ተባት የበግ ጠቦት፤
c709ec7e-6590-579c-a6c4-090086f5c05b,468a4f50-9872-590d-aaae-d595c20ba2bc,a652a0df-b6e1-5bb0-a241-920f8156d9ea,40,40,ለኀጢአትም መሥዋዕት አንድ አውራ ፍየል፤
8c58e83b-4828-53c5-ad65-6b40fc5bcfe6,468a4f50-9872-590d-aaae-d595c20ba2bc,a652a0df-b6e1-5bb0-a241-920f8156d9ea,41,41,ለደኅንነትም መሥዋዕት ሁለት ጊደሮች፥ አምስት አውራ በጎች፥ አምስት አውራ ፍየሎች፥ አምስት የአንድ ዓመት እንስት የበግ ጠቦቶች ነበረ፤ የሲሩሳዴ ልጅ የሰላምያል መባ ይህ ነበረ።
d2b67c67-e27a-505a-a9c5-8e03b32c61a2,468a4f50-9872-590d-aaae-d595c20ba2bc,a652a0df-b6e1-5bb0-a241-920f8156d9ea,42,42,በስድስተኛውም ቀን የጋድ ልጆች አለቃ የራጉኤል ልጅ ኤሊሳፍ መባውን አቀረበ፤
dadbd001-3578-578a-a362-e0fc5ce83527,468a4f50-9872-590d-aaae-d595c20ba2bc,a652a0df-b6e1-5bb0-a241-920f8156d9ea,43,43,መባውም ለእህል ቍርባን በዘይት የተለወሰ መልካም ዱቄት የተሞሉ፥ ሚዛኑ እንደ መቅደሱ ሰቅል ሚዛን መቶ ሠላሳ ሰቅል የሆነ አንድ የብር ወጭት፥ ሚዛኑም ሰባ ሰቅል የሆነ አንድ የብር ድስት፤
142e0e43-e233-50a8-a10c-7560e9c23b4b,468a4f50-9872-590d-aaae-d595c20ba2bc,a652a0df-b6e1-5bb0-a241-920f8156d9ea,44,44,ዕጣንም የተሞላ ሚዛኑ ዐሥር ሰቅል የሆነ አንድ የወርቅ ጭልፋ፤
d42a3bea-e1dd-5ca4-a2e9-0ceb61f68e68,468a4f50-9872-590d-aaae-d595c20ba2bc,a652a0df-b6e1-5bb0-a241-920f8156d9ea,45,45,ለሚቃጠልም መሥዋዕት አንድ ወይፈን፥ አንድ አውራ በግ፥ አንድ የአንድ ዓመት ተባት ጠቦት፤
ed42d525-ff20-5170-a37a-bd2ab41483cf,468a4f50-9872-590d-aaae-d595c20ba2bc,a652a0df-b6e1-5bb0-a241-920f8156d9ea,46,46,ለኀጢአትም መሥዋዕት አንድ አውራ ፍየል፤
02584dfb-9a59-5146-a7d5-67c07ca3b746,468a4f50-9872-590d-aaae-d595c20ba2bc,a652a0df-b6e1-5bb0-a241-920f8156d9ea,47,47,ለደኅንነትም መሥዋዕት ሁለት ጊደሮች፥ አምስት አውራ በጎች፥ አምስት አውራ ፍየሎች፥ አምስት የአንድ ዓመት እንስት የበግ ጠቦቶች ነበረ፤ የራጉኤል ልጅ የኤሊሳፍ መባ ይህ ነበረ።
7389279e-79bd-5385-a19a-1e6baa17f82b,468a4f50-9872-590d-aaae-d595c20ba2bc,a652a0df-b6e1-5bb0-a241-920f8156d9ea,48,48,በሰባተኛውም ቀን የኤፍሬም ልጆች አለቃ የኤሚሁድ ልጅ ኤሊሳማ መባውን አቀረበ፤
396ca3e9-5068-5698-a149-eed720d34812,468a4f50-9872-590d-aaae-d595c20ba2bc,a652a0df-b6e1-5bb0-a241-920f8156d9ea,49,49,መባውም ለእህል ቍርባን በዘይት የተለወሰ መልካም ዱቄት የተሞሉ፥ ሚዛኑ እንደ መቅደሱ ሰቅል ሚዛን መቶ ሠላሳ ሰቅል የሆነ አንድ የብር ወጭት፥ ሚዛኑ ሰባ ሰቅል የሆነ አንድ የብር ድስት፤
5b31fb0b-2299-57ce-a8c8-d2244d3187b0,468a4f50-9872-590d-aaae-d595c20ba2bc,a652a0df-b6e1-5bb0-a241-920f8156d9ea,50,50,ዕጣንም የተሞላ ሚዛኑ ዐሥር ሰቅል የሆነ አንድ የወርቅ ጭልፋ፤
817dc552-7223-533a-af53-4c09136cf84a,468a4f50-9872-590d-aaae-d595c20ba2bc,a652a0df-b6e1-5bb0-a241-920f8156d9ea,51,51,ለሚቃጠል መሥዋዕት አንድ ወይፈን፥ አንድ አውራ በግ፥ አንድ የአንድ ዓመት ተባት የበግ ጠቦት፤
5ac1a1c1-9be7-55bc-a2f1-ed13fbb06cec,468a4f50-9872-590d-aaae-d595c20ba2bc,a652a0df-b6e1-5bb0-a241-920f8156d9ea,52,52,ለኀጢአትም መሥዋዕት አንድ አውራ ፍየል፤
90355e45-a5c3-5246-a877-a0bd26175d64,468a4f50-9872-590d-aaae-d595c20ba2bc,a652a0df-b6e1-5bb0-a241-920f8156d9ea,53,53,ለደኅንነትም መሥዋዕት ሁለት ጊደሮች፥ አምስት አውራ በጎች፥ አምስት አውራ ፍየሎች፥ አምስት የአንድ ዓመት እንስት የበግ ጠቦቶች ነበረ፤ የኤሚሁድ ልጅ የኤሊሳማ መባ ይህ ነበረ።
60b65925-3603-57a6-a106-b0b23e5e5e73,468a4f50-9872-590d-aaae-d595c20ba2bc,a652a0df-b6e1-5bb0-a241-920f8156d9ea,54,54,በስምንተኛውም ቀን የምናሴ ልጆች አለቃ የፈዳሱር ልጅ ገማልያል መባውን አቀረበ፤
65ee6ec2-eda2-5f11-a4fe-e1895c99bc78,468a4f50-9872-590d-aaae-d595c20ba2bc,a652a0df-b6e1-5bb0-a241-920f8156d9ea,55,55,መባውም ለእህል ቍርባን በዘይት የተለወሰ መልካም ዱቄት የተሞሉ፥ ሚዛኑ እንደ መቅደሱ ሰቅል ሚዛን መቶ ሠላሳ ሰቅል የሆነ አንድ የብር ወጭት፥ ሚዛኑ ሰባ ሰቅል የሆነ አንድ የብር ድስት፤
9335a170-8ca7-5d30-a8b1-c3d374e6eef6,468a4f50-9872-590d-aaae-d595c20ba2bc,a652a0df-b6e1-5bb0-a241-920f8156d9ea,56,56,ዕጣንም የተሞላ ሚዛኑ ዐሥር ሰቅል የሆነ አንድ የወርቅ ጭልፋ፤
aa5f8361-b6c7-5056-a375-ee8be486d23d,468a4f50-9872-590d-aaae-d595c20ba2bc,a652a0df-b6e1-5bb0-a241-920f8156d9ea,57,57,ለሚቃጠልም መሥዋዕት አንድ ወይፈን፥ አንድ አውራ በግ፥ አንድ የአንድ ዓመት ተባት የበግ ጠቦት፤
f7ff7e71-3af1-5d56-a001-5fc976d5a6a1,468a4f50-9872-590d-aaae-d595c20ba2bc,a652a0df-b6e1-5bb0-a241-920f8156d9ea,58,58,ለኀጢአትም መሥዋዕት አንድ አውራ ፍየል፤
e797f7fb-d0bb-50ab-a419-29ea40cf8aa6,468a4f50-9872-590d-aaae-d595c20ba2bc,a652a0df-b6e1-5bb0-a241-920f8156d9ea,59,59,ለደኅንነትም መሥዋዕት ሁለት ጊደሮች፥ አምስት አውራ በጎች፥ አምስት አውራ ፍየሎች፥ አምስት የአንድ ዓመት እንስት የበግ ጠቦቶች ነበረ፤ የፈዳሱር ልጅ የገማልያል መባ ይህ ነበረ።
d39fe27e-dbd1-5631-af67-cfab58b0bcf8,468a4f50-9872-590d-aaae-d595c20ba2bc,a652a0df-b6e1-5bb0-a241-920f8156d9ea,60,60,በዘጠነኛውም ቀን የብንያም ልጆች አለቃ የጋዴዮን ልጅ አቢዳን መባውን አቀረበ፤
dfb18376-de13-52a1-a5f4-2215d69d8e32,468a4f50-9872-590d-aaae-d595c20ba2bc,a652a0df-b6e1-5bb0-a241-920f8156d9ea,61,61,መባውም ለእህል ቍርባን በዘይት የተለወሰ መልካም ዱቄት የተሞሉ፥ ሚዛኑ እንደ መቅደሱ ሰቅል ሚዛን መቶ ሠላሳ ሰቅል የሆነ አንድ የብር ወጭት፥ ሚዛኑም ሰባ ሰቅል የሆነ አንድ የብር ድስት፤
c4762547-b16d-5a60-a451-dff33ebc8250,468a4f50-9872-590d-aaae-d595c20ba2bc,a652a0df-b6e1-5bb0-a241-920f8156d9ea,62,62,ዕጣንም የተሞላ ሚዛኑ ዐሥር ሰቅል የሆነ አንድ የወርቅ ጭልፋ፤
587deb0b-6ae8-5047-a86e-fb7818a3b55d,468a4f50-9872-590d-aaae-d595c20ba2bc,a652a0df-b6e1-5bb0-a241-920f8156d9ea,63,63,ለሚቃጠልም መሥዋዕት አንድ ወይፈን፥ አንድ አውራ በግ፥ አንድ የአንድ ዓመት ተባት የበግ ጠቦት፤
c5f8d6b4-17b0-5c6e-a01c-16e8d646a15c,468a4f50-9872-590d-aaae-d595c20ba2bc,a652a0df-b6e1-5bb0-a241-920f8156d9ea,64,64,ለኀጢአትም መሥዋዕት አንድ አውራ ፍየል፤
db5ddd51-72fc-5b7f-aca7-2bc4dd662e6a,468a4f50-9872-590d-aaae-d595c20ba2bc,a652a0df-b6e1-5bb0-a241-920f8156d9ea,65,65,ለደኅንነትም መሥዋዕት ሁለት ጊደሮች፥ አምስት አውራ በጎች፥ አምስት አውራ ፍየሎች፥ አምስት የአንድ ዓመት እንስት የበግ ጠቦቶች ነበረ፤ የጋዴዮን ልጅ የአቢዳን መባ ይህ ነበረ።
125533fc-4917-5b39-a9a3-71b727709e66,468a4f50-9872-590d-aaae-d595c20ba2bc,a652a0df-b6e1-5bb0-a241-920f8156d9ea,66,66,በዐሥረኛውም ቀን የዳን ልጆች አለቃ የአሚሳዲ ልጅ አኪያዜር መባውን አቀረበ፤
b0406bae-4173-598f-a026-eee7f8d46f9e,468a4f50-9872-590d-aaae-d595c20ba2bc,a652a0df-b6e1-5bb0-a241-920f8156d9ea,67,67,መባውም ለእህል ቍርባን በዘይት የተለወሰ መልካም ዱቄት የተሞሉ፥ ሚዛኑ እንደ መቅደሱ ሰቅል ሚዛን መቶ ሠላሳ ሰቅል የሆነ አንድ የብር ወጭት፥ ሚዛኑም ሰባ ሰቅል የሆነ አንድ የብር ድስት፤
552306bb-488d-5b7a-a08b-cfc1302f7483,468a4f50-9872-590d-aaae-d595c20ba2bc,a652a0df-b6e1-5bb0-a241-920f8156d9ea,68,68,ዕጣንም የተሞላ ሚዛኑ ዐሥር ሰቅል የሆነ አንድ የወርቅ ጭልፋ፤
b95ebb4e-e756-5c9e-ac13-fa3ed02b1d44,468a4f50-9872-590d-aaae-d595c20ba2bc,a652a0df-b6e1-5bb0-a241-920f8156d9ea,69,69,ለሚቃጠልም መሥዋዕት አንድ ወይፈን፥ አንድ አውራ በግ፥ አንድ የአንድ ዓመት ተባት የበግ ጠቦት፤
f3f88139-dcfb-589f-af86-08b40464e65c,468a4f50-9872-590d-aaae-d595c20ba2bc,a652a0df-b6e1-5bb0-a241-920f8156d9ea,70,70,ለኀጢአትም መሥዋዕት አንድ አውራ ፍየል፤
86d762b8-0350-5269-aa4a-ca3f8bc0293b,468a4f50-9872-590d-aaae-d595c20ba2bc,a652a0df-b6e1-5bb0-a241-920f8156d9ea,71,71,ለደኅንነትም መሥዋዕት ሁለት ጊደሮች፥ አምስት አውራ በጎች፥ አምስት አውራ ፍየሎች፥ አምስት የአንድ ዓመት እንስት የበግ ጠቦቶች ነበረ፤ የአሚሳዲ ልጅ የአኪያዜር መባ ይህ ነበረ።
eade8dd2-8846-5044-afe5-e8ebbefb338f,468a4f50-9872-590d-aaae-d595c20ba2bc,a652a0df-b6e1-5bb0-a241-920f8156d9ea,72,72,በዐሥራ አንደኛውም ቀን የአሴር ልጆች አለቃ የኤክራን ልጅ ፋግኤል መባውን አቀረበ፤
0c9551cd-4159-5cf6-ad6d-839625c81097,468a4f50-9872-590d-aaae-d595c20ba2bc,a652a0df-b6e1-5bb0-a241-920f8156d9ea,73,73,መባውም ለእህል ቍርባን በዘይት የተለወሰ መልካም ዱቄት የተሞሉ፥ ሚዛኑ እንደ መቅደሱ ሰቅል ሚዛን መቶ ሠላሳ ሰቅል የሆነ አንድ የብር ወጭት፥ ሚዛኑም ሰባ ሰቅል የሆነ አንድ የብር ድስት፤
c11b3ada-7cd6-51c7-a751-757812201916,468a4f50-9872-590d-aaae-d595c20ba2bc,a652a0df-b6e1-5bb0-a241-920f8156d9ea,74,74,ዕጣንም የተሞላ ሚዛኑ ዐሥር ሰቅል የሆነ አንድ የወርቅ ጭልፋ፤
4321ba3f-20ca-5b02-a0a3-d1038add87d4,468a4f50-9872-590d-aaae-d595c20ba2bc,a652a0df-b6e1-5bb0-a241-920f8156d9ea,75,75,ለሚቃጠልም መሥዋዕት አንድ ወይፈን፥ አንድ አውራ በግ፥ አንድ የአንድ ዓመት ተባት የበግ ጠቦት፤
63e20117-fac0-530b-a56b-6d502f822789,468a4f50-9872-590d-aaae-d595c20ba2bc,a652a0df-b6e1-5bb0-a241-920f8156d9ea,76,76,ለኀጢአትም መሥዋዕት አንድ አውራ ፍየል፤
cfafd9b3-fcbe-5e9d-ada3-dad7afad8e16,468a4f50-9872-590d-aaae-d595c20ba2bc,a652a0df-b6e1-5bb0-a241-920f8156d9ea,77,77,ለደኅንነትም መሥዋዕት ሁለት ጊደሮች፥ አምስት አውራ በጎች፥ አምስት አውራ ፍየሎች፥ አምስት የአንድ ዓመት እንስት የበግ ጠቦቶች ነበረ፤ የኤክራን ልጅ የፋግኤል መባ ይህ ነበረ።
23cf3349-ebbc-557c-acb1-69155cd0c6b0,468a4f50-9872-590d-aaae-d595c20ba2bc,a652a0df-b6e1-5bb0-a241-920f8156d9ea,78,78,በዐሥራ ሁለተኛውም ቀን የንፍታሌም ልጆች አለቃ የዔናን ልጅ አኪሬ መባውን አቀረበ፤
725734c6-f853-570f-a5a9-d13a8d11d526,468a4f50-9872-590d-aaae-d595c20ba2bc,a652a0df-b6e1-5bb0-a241-920f8156d9ea,79,79,መባውም ለእህል ቍርባን በዘይት የተለወሰ መልካም ዱቄት የተሞሉ፥ ሚዛኑ እንደ መቅደሱ ሰቅል ሚዛን መቶ ሠላሳ ሰቅል የሆነ አንድ የብር ወጭት፥ ሚዛኑም ሰባ ሰቅል የሆነ አንድ የብር ድስት፤
5b164b03-44d7-559d-a9da-3386dfd9d3af,468a4f50-9872-590d-aaae-d595c20ba2bc,a652a0df-b6e1-5bb0-a241-920f8156d9ea,80,80,ዕጣንም የተሞላ ሚዛኑ ዐሥር ሰቅል የሆነ አንድ የወርቅ ጭልፋ፤
b887252a-bf5a-5814-ab94-8b41eadcf664,468a4f50-9872-590d-aaae-d595c20ba2bc,a652a0df-b6e1-5bb0-a241-920f8156d9ea,81,81,ለሚቃጠልም መሥዋዕት አንድ ወይፈን፥ አንድ አውራ በግ፥ አንድ የአንድ ዓመት ተባት የበግ ጠቦት፤
9ee97a8a-ab14-5bea-a6b3-d6e455f3cf34,468a4f50-9872-590d-aaae-d595c20ba2bc,a652a0df-b6e1-5bb0-a241-920f8156d9ea,82,82,ለኀጢአትም መሥዋዕት አንድ አውራ ፍየል፤
769d0916-6af8-5ea0-a2a2-393666690cc0,468a4f50-9872-590d-aaae-d595c20ba2bc,a652a0df-b6e1-5bb0-a241-920f8156d9ea,83,83,ለደኅንነትም መሥዋዕት ሁለት ጊደሮች፥ አምስት አውራ በጎች፥ አምስት አውራ ፍየሎች፥ አምስት የአንድ ዓመት እንስት የበግ ጠቦቶች ነበረ፤ የዔናን ልጅ የአኪሬ መባ ይህ ነበረ።
e214c330-4b22-504f-afb0-e68813ea5fbd,468a4f50-9872-590d-aaae-d595c20ba2bc,a652a0df-b6e1-5bb0-a241-920f8156d9ea,84,84,መሠዊያው በተቀባ ቀን የእስራኤል ልጆች አለቆች ለመሠዊያው መቀደሻ ያቀረቡት መባ ይህ ነበረ፤ ዐሥራ ሁለት የብር ወጭቶች፥ ዐሥራ ሁለት የብር ድስቶች፥ ዐሥራ ሁለት የወርቅ ጭልፋዎች፤
475f31bb-24d7-53e0-ad5e-a25feda6c045,468a4f50-9872-590d-aaae-d595c20ba2bc,a652a0df-b6e1-5bb0-a241-920f8156d9ea,85,85,እያንዳንዱም የብር ወጭት መቶ ሠላሳ ሰቅል፥ እያንዳንዱም ድስት ሰባ ሰቅል ነበረ፤ የዚህም ዕቃ ሁሉ ብር በመቅደሱ ሰቅል ሚዛን ሁለት ሺህ አራት መቶ ሰቅል ነበረ።
1f032868-8836-5ff5-ad99-8c3aa4562ff3,468a4f50-9872-590d-aaae-d595c20ba2bc,a652a0df-b6e1-5bb0-a241-920f8156d9ea,86,86,ዕጣንም የተሞሉ ዐሥራ ሁለት የወርቅ ጭልፋዎች፥ እያንዳንዱ በመቅደሱ ሰቅል ሚዛን ዐሥር ዐሥር ሰቅል ነበረ፤ የጭልፋዎቹ ወርቅ ሁሉ መቶ ሃያ ሰቅል ነበረ።
88aa51a5-e744-5b95-a8ad-f4b5abc5fdc3,468a4f50-9872-590d-aaae-d595c20ba2bc,a652a0df-b6e1-5bb0-a241-920f8156d9ea,87,87,የሚቃጠለው መሥዋዕት ከብት ሁሉ ከእህሉ ቍርባን ጋር ዐሥራ ሁለት ወይፈኖች፥ ዐሥራ ሁለትም አውራ በጎች፥ ዐሥራ ሁለትም የአንድ ዓመት ተባት የበግ ጠቦቶች ነበሩ፤ የኀጢአትም መሥዋዕት አውራ ፍየሎች ዐሥራ ሁለት ነበሩ።
f250cbfc-1505-59d7-ac37-3b5872ff18d4,468a4f50-9872-590d-aaae-d595c20ba2bc,a652a0df-b6e1-5bb0-a241-920f8156d9ea,88,88,የደኅንነትም መሥዋዕት ከብት ሁሉ፥ ሃያ አራት ጊደሮች፥ ስድሳም አውራ በጎች፥ ስድሳም አውራ ፍየሎች፥ ስድሳም ነውር የሌለባቸው የአንድ ዓመት እንስት የበግ ጠቦቶች ነበሩ። መሠዊያው ከተቀባ በኋላ ለመቀደሻው የቀረበ ቍርባን ይህ ነበረ።
35430af8-3ce9-56e7-aa79-be6fa0c16dd2,468a4f50-9872-590d-aaae-d595c20ba2bc,a652a0df-b6e1-5bb0-a241-920f8156d9ea,89,89,ሙሴም ወደ ምስክሩ ድንኳን እርሱን ለመነጋገር በገባ ጊዜ በቃል ኪዳኑ ታቦት ላይ ካለው ከስርየት መክደኛው በላይ ከኪሩቤልም መካከል የእግዚአብሔርን ድምፅ ይሰማ ነበር፤ ከእርሱም ጋር ይናገር ነበር።
2e5ac2ad-5ec5-5ab8-a816-b2e1659315ac,f76f3aa3-ee2d-59e1-a203-bb52ec7f6f5e,8bcf2e8f-1bff-5496-a7f0-5b67318a0cb7,1,1,እግዚአብሔርም ሙሴን እንዲህ ብሎ ተናገረው፦
77aa5469-aacc-5f05-aa73-dc9555f21280,f76f3aa3-ee2d-59e1-a203-bb52ec7f6f5e,8bcf2e8f-1bff-5496-a7f0-5b67318a0cb7,2,2,“መብራቶቹን ስታበራ ሰባቱ መብራቶች በመቅረዙ ፊት ያበራሉ ብለህ ለአሮን ንገረው።”
08cbd3f4-fcdb-54d7-a16a-45a30f4174fe,f76f3aa3-ee2d-59e1-a203-bb52ec7f6f5e,8bcf2e8f-1bff-5496-a7f0-5b67318a0cb7,3,3,አሮንም እንዲሁ አደረገ፤ እግዚአብሔር ሙሴን እንዳዘዘ በመቅረዙ ፊት መብራቶቹን አበራ።
0672d8da-1d93-5ed2-aace-c4f69f94da3a,f76f3aa3-ee2d-59e1-a203-bb52ec7f6f5e,8bcf2e8f-1bff-5496-a7f0-5b67318a0cb7,4,4,የመቅረዝዋም ሥራዋ እንዲህ ነበረ። ሁለንተናቸው ወርቅ የሆነ አፅቆችዋ ሥረ-ወጥ ነበሩ፤ አበቦችዋም ሁለንተናቸው ሥረ-ወጥ ነበሩ። እግዚአብሔር ሙሴን እንዳሳየው ምሳሌ መቅረዝዋን እንዲሁ አደረገ።
499bc101-4938-52cb-ad72-1b6923079458,f76f3aa3-ee2d-59e1-a203-bb52ec7f6f5e,3b78b9a0-006a-5751-aff2-16f18df3d72f,1,5,እግዚአብሔርም ሙሴን እንዲህ ብሎ ተናገረው፦
a93e7ad5-3f7d-5b6c-a364-e2a9216f9ff7,f76f3aa3-ee2d-59e1-a203-bb52ec7f6f5e,3b78b9a0-006a-5751-aff2-16f18df3d72f,2,6,“ከእስራኤል ልጆች መካከል ሌዋውያንን ወስደህ አንጻቸው።
94cf23e0-61f1-531c-a4c8-2597a196852c,f76f3aa3-ee2d-59e1-a203-bb52ec7f6f5e,3b78b9a0-006a-5751-aff2-16f18df3d72f,3,7,ታነጻቸው ዘንድ እንዲህ ታደርግላቸዋለህ፤ በማንጻት ውኃ ትረጫቸዋለህ፤ ሰውነታቸውን ሁሉ ይላጩ፤ ልብሳቸውንም ይጠቡ፤ ንጹሓንም ይሆናሉ።
b2736584-0076-54bc-aefc-8a26d81f454b,f76f3aa3-ee2d-59e1-a203-bb52ec7f6f5e,3b78b9a0-006a-5751-aff2-16f18df3d72f,4,8,ከላሞች አንድ ወይፈን፥ ለእህሉም ቍርባን በዘይት የተለወሰ መልካም ዱቄትን ይውሰዱ፤ ሌላውንም የአንድ ዓመት ወይፈን ለኀጢአት መሥዋዕት ይውሰዱ።
3bf98204-baee-5de9-a23b-271cf1c707eb,f76f3aa3-ee2d-59e1-a203-bb52ec7f6f5e,3b78b9a0-006a-5751-aff2-16f18df3d72f,5,9,ሌዋውያንንም በምስክሩ ድንኳን ፊት አቅርብ፤ የእስራኤልንም ልጆች ማኅበር ሁሉ ሰብስብ።
da7e5a6e-60ba-52ab-aae6-566ac322bb5c,f76f3aa3-ee2d-59e1-a203-bb52ec7f6f5e,3b78b9a0-006a-5751-aff2-16f18df3d72f,6,10,ሌዋውያንንም በእግዚአብሔር ፊት አቅርባቸው፤ የእስራኤልም ልጆች በሌዋውያን ላይ እጃቸውን ይጫኑባቸው።
d537f8ba-63be-54ef-af18-d29acb543d42,f76f3aa3-ee2d-59e1-a203-bb52ec7f6f5e,3b78b9a0-006a-5751-aff2-16f18df3d72f,7,11,አሮንም ሌዋውያን እግዚአብሔርን ያገለግሉ ዘንድ ከእስራኤል ልጆች መካከል ስጦታ አድርጎ፥ ሌዋውያንን በእግዚአብሔር ፊት ይለያቸዋል።
d195f652-2d5f-5ffb-affc-1ce932de92a5,f76f3aa3-ee2d-59e1-a203-bb52ec7f6f5e,3b78b9a0-006a-5751-aff2-16f18df3d72f,8,12,ሌዋውያኑም በወይፈኖቹ ራሶች ላይ እጆቻቸውን ይጫኑ፤ ለሌዋውያንም ስለ ማስተስረያ አንዱን ለኀጢአት መሥዋዕት፥ ሁለተኛውንም ለሚቃጠል መሥዋዕት ለእግዚአብሔር አቅርብ።
ca71d782-60d0-5101-a458-ec55b3f9868e,f76f3aa3-ee2d-59e1-a203-bb52ec7f6f5e,3b78b9a0-006a-5751-aff2-16f18df3d72f,9,13,ሌዋውያንንም በአሮንና በልጆቹ ፊት አቁማቸው፤ በእግዚአብሔርም ፊት ስጦታ አድርገህ አቅርባቸው።
57dbf7bb-5083-5854-a3bf-3b7cfb6dfe29,f76f3aa3-ee2d-59e1-a203-bb52ec7f6f5e,3b78b9a0-006a-5751-aff2-16f18df3d72f,10,14,እንዲሁ ሌዋውያንን ከእስራኤል ልጆች መካከል ለይ፤ እነርሱም ለእኔ ይሁኑ።
763af1da-4f08-5fd8-aca2-e40bd1f2dd4a,f76f3aa3-ee2d-59e1-a203-bb52ec7f6f5e,3b78b9a0-006a-5751-aff2-16f18df3d72f,11,15,“ከዚያም በኋላ ሌዋውያን የምስክሩን ድንኳን አገልግሎት ያገለግሉ ዘንድ ይገባሉ፤ ታነጻቸውማለህ፤ ስጦታም አድርገህ በፊቴ ታቀርባቸዋለህ።
600de1ae-d6dd-5656-ae36-7dc33a495c56,f76f3aa3-ee2d-59e1-a203-bb52ec7f6f5e,3b78b9a0-006a-5751-aff2-16f18df3d72f,12,16,እነርሱም ከእስራኤል ልጆች መካከል ፈጽሞ ለእኔ ተሰጥተዋልና በእስራኤል ልጆች በኵራት ሁሉ፥ መጀመሪያ በሚወለድ ሁሉ ፋንታ ለእኔ ወስጄአቸዋለሁ።
2af69308-e299-59dd-a7ac-26119b641809,f76f3aa3-ee2d-59e1-a203-bb52ec7f6f5e,3b78b9a0-006a-5751-aff2-16f18df3d72f,13,17,በግብፅ ምድር ያለውን በኵር ሁሉ በገደልሁበት ቀን የእስራኤልን ልጆች በኵራት ሁሉ፥ ሰው ወይም እንስሳ፥ ለእኔ ቀድሼአቸዋለሁና የእኔ ናቸው።
d0091608-ad89-5f7f-ac4a-6c30a29f5627,f76f3aa3-ee2d-59e1-a203-bb52ec7f6f5e,3b78b9a0-006a-5751-aff2-16f18df3d72f,14,18,በእስራኤልም ልጆች በኵር ሁሉ ፋንታ ሌዋውያንን ወስጄአለሁ።
b5aaa1d2-41df-5528-ae5e-6854b50578ef,f76f3aa3-ee2d-59e1-a203-bb52ec7f6f5e,3b78b9a0-006a-5751-aff2-16f18df3d72f,15,19,ሌዋውያንንም ስጦታ አድርጌ አገባኋቸው፤ ልዩ በሆነች ድንኳን ውስጥ የእስራኤልን ልጆች ሥራ ይሠሩ ዘንድ፥ የእስራኤልንም ልጆች ኀጢአት ያቃልሉ ዘንድ ከእስራኤል ልጆች መካከል ለአሮንና ለልጆቹ ተሰጡ፤ ከእስራኤልም ልጆች ወደ መቅደስ የሚቀርብ አይኑር።”
f2b9e5a5-2e27-517f-ac94-79f1fc9ef866,f76f3aa3-ee2d-59e1-a203-bb52ec7f6f5e,3b78b9a0-006a-5751-aff2-16f18df3d72f,16,20,ሙሴና አሮን የእስራኤልም ልጆች ማኅበር ሁሉ እንዲሁ በሌዋውያን ላይ አደረጉ፤ እግዚአብሔር ሙሴን ስለ ሌዋውያን እንዳዘዘው እንዲሁ የእስራኤል ልጆች አደረጉላቸው።
cd8c7488-3064-5f97-ac3a-1210eea9a8e8,f76f3aa3-ee2d-59e1-a203-bb52ec7f6f5e,3b78b9a0-006a-5751-aff2-16f18df3d72f,17,21,ሌዋውያንም ከኀጢአት ራሳቸውን አነጹ፤ ልብሳቸውንም አጠቡ፤ አሮንም ስጦታ አድርጎ በእግዚአብሔር ፊት አቀረባቸው፤ አሮንም ያነጻቸው ዘንድ አስተሰረየላቸው።
3e0b3285-93a2-53c8-a170-86bb2bee178f,f76f3aa3-ee2d-59e1-a203-bb52ec7f6f5e,3b78b9a0-006a-5751-aff2-16f18df3d72f,18,22,ከዚያም በኋላ ሌዋውያን በምስክሩ ድንኳን ውስጥ በአሮንና በልጆቹ ፊት አገልግሎታቸውን ይፈጽሙ ዘንድ ገቡ፤ እግዚአብሔር ሙሴን ስለ ሌዋውያን እንዳዘዘው እንዲሁ አደረጉላቸው።
6847d3ed-3d98-5c96-afa8-abb3cf17e0fb,f76f3aa3-ee2d-59e1-a203-bb52ec7f6f5e,3b78b9a0-006a-5751-aff2-16f18df3d72f,19,23,እግዚአብሔርም ሙሴን እንዲህ ብሎ ተናገረው፦
fce26e55-215c-5733-a5fa-fe0c484dca0f,f76f3aa3-ee2d-59e1-a203-bb52ec7f6f5e,3b78b9a0-006a-5751-aff2-16f18df3d72f,20,24,“የሌዋውያን ሕግ ይህ ነው፤ ከሃያ አምስት ዓመት ጀምሮ ከዚያም በላይ ያሉት እስከ አምሳ ዓመት ድረስ በምስክሩ ድንኳን ሥራ ያገለግሉ ዘንድ ይገባሉ።
54a2398c-1e50-57ec-a4af-8bf6f1491685,f76f3aa3-ee2d-59e1-a203-bb52ec7f6f5e,3b78b9a0-006a-5751-aff2-16f18df3d72f,21,25,ከአምሳ ዓመት በኋላ ከሥራው ይሰናበት። ከዚያም ወዲያ እርሱ አያገልግል።
a8a3de4f-2f16-5127-a305-c4c9549eee50,f76f3aa3-ee2d-59e1-a203-bb52ec7f6f5e,3b78b9a0-006a-5751-aff2-16f18df3d72f,22,26,ወንድሙንም በምስክሩ ድንኳን ውስጥ ያገልግል፤ ሰሞናቸውንም ይጠብቅ። ነገር ግን አገልግሎቱን ይተው። እንዲሁ በየሰሞናቸው ለሌዋውያን ታደርጋለህ።”
f5d653a5-0341-568f-ad22-d0947656f20f,481a5b9d-013b-5f3a-aad2-8898881730f6,cacb21e1-4410-5d2b-a893-2a7302a3cda0,1,1,የእስራኤል ልጆች ከግብፅ ምድር በወጡ በሁለተኛው ዓመት በመጀመሪያው ወር በሲና ምድረ በዳ እግዚአብሔር ሙሴን እንዲህ ብሎ ተናገረው፦
535d41bc-dbfa-59f9-ac26-75bcd174dfe4,481a5b9d-013b-5f3a-aad2-8898881730f6,cacb21e1-4410-5d2b-a893-2a7302a3cda0,2,2,“የእስራኤል ልጆች በጊዜው ፋሲካውን ያድርጉ።
7f3b16f1-35da-5dfb-a522-6e7f1728c8f6,481a5b9d-013b-5f3a-aad2-8898881730f6,cacb21e1-4410-5d2b-a893-2a7302a3cda0,3,3,በመጀመሪያው ወር በዐሥራ አራተኛው ቀን በመሸ ጊዜ በጊዜው አድርጉት፤ እንደ ሥርዐቱ ሁሉ እንደ ፍርዱም ሁሉ አድርጉት።”
60e7875e-855c-54eb-a1e0-867477947559,481a5b9d-013b-5f3a-aad2-8898881730f6,cacb21e1-4410-5d2b-a893-2a7302a3cda0,4,4,ሙሴም ፋሲካን ያደርጉ ዘንድ ለእስራኤል ልጆች ነገራቸው።
98395228-1b82-5006-a8ba-679535c2ec25,481a5b9d-013b-5f3a-aad2-8898881730f6,cacb21e1-4410-5d2b-a893-2a7302a3cda0,5,5,በመጀመሪያውም ወር በዐሥራ አራተኛው ቀን በሲና ምድረ በዳ ፋሲካን አደረጉ፤ እግዚአብሔር ሙሴን እንዳዘዘው እንዲሁ የእስራኤል ልጆች አደረጉ።
81bf67a4-c3f3-5092-a47d-0ad51d0dcd45,481a5b9d-013b-5f3a-aad2-8898881730f6,cacb21e1-4410-5d2b-a893-2a7302a3cda0,6,6,በሰውነታቸው ርኵሰት የነበረባቸው ሰዎች መጡ፤ ስለዚህም በዚያ ቀን ፋሲካን ያደርጉ ዘንድ አልቻሉም።
90bce9ad-7f68-53f6-a27c-5e5e85b23a67,481a5b9d-013b-5f3a-aad2-8898881730f6,cacb21e1-4410-5d2b-a893-2a7302a3cda0,7,7,በዚያም ቀን ወደ ሙሴና ወደ አሮን ቀረቡ። እነዚያም ሰዎች “እኛ በሰውነታችን ርኵሰት ያለብን ሰዎች ነን፤ በእስራኤል ልጆች መካከል በጊዜው ቍርባን ለእግዚአብሔር እንዳናቀርብ ስለ ምን እንከለከላለን?” አሉት።
c86bceeb-4fd6-5a6c-a1aa-116cc4f41fce,481a5b9d-013b-5f3a-aad2-8898881730f6,cacb21e1-4410-5d2b-a893-2a7302a3cda0,8,8,ሙሴም፥ “እግዚአብሔር ስለ እናንተ የሚያዝዘውን እስክሰማ ቈዩ” አላቸው።
e5ae065b-3251-5a96-a5ad-704fb70ffdf6,481a5b9d-013b-5f3a-aad2-8898881730f6,cacb21e1-4410-5d2b-a893-2a7302a3cda0,9,9,እግዚአብሔርም ሙሴን እንዲህ ብሎ ተናገረው፦
d35c0267-db88-5af7-a0e9-2b254a4778f5,481a5b9d-013b-5f3a-aad2-8898881730f6,cacb21e1-4410-5d2b-a893-2a7302a3cda0,10,10,“ለእስራኤል ልጆች እንዲህ ብለህ ንገራቸው፦ ከእናንተ ወይም ከትውልዶቻችሁ ዘንድ ማንኛውም ሰው በሰውነቱ ቢረክስ፥ ወይም ሩቅ መንገድ ቢሄድ፥ ወይም በተወለዳችሁበት ሀገር ያለም ቢሆን እርሱ ደግሞ ለእግዚአብሔር ፋሲካን ያድርግ።
41fc960f-9801-5fd5-a2af-9cfbd032c7a6,481a5b9d-013b-5f3a-aad2-8898881730f6,cacb21e1-4410-5d2b-a893-2a7302a3cda0,11,11,በሁለተኛው ወር በዐሥራ አራተኛው ቀን በመሸ ጊዜ ያድርጉት፤ ከቂጣ እንጀራና ከመራራ ቅጠል ጋር ይብሉት።
65993e95-4fda-5f23-a395-04fde36a5eae,481a5b9d-013b-5f3a-aad2-8898881730f6,cacb21e1-4410-5d2b-a893-2a7302a3cda0,12,12,ከእርሱም እስከ ነገ ምንም አያስቀሩ፤ ከእርሱም አጥንትን አይስበሩ፤ እንደ ፋሲካ ሥርዐት ሁሉ ያድርጉት።
a4e2e096-4778-5893-ab5b-2958e83d8ad9,481a5b9d-013b-5f3a-aad2-8898881730f6,cacb21e1-4410-5d2b-a893-2a7302a3cda0,13,13,ነገር ግን ንጹሕ የሆነ ሰው በመንገድም ላይ ያልሆነ ፋሲካን ባያደርግ፥ ያ ሰው ከሕዝቡ ዘንድ ተለይቶ ይጠፋል፤ የእግዚአብሔርን ቍርባን በጊዜው አላቀረበምና ያ ሰው ኀጢአቱን ይሸከማል።
87612af9-7eca-57ef-a02e-380bbc968c35,481a5b9d-013b-5f3a-aad2-8898881730f6,cacb21e1-4410-5d2b-a893-2a7302a3cda0,14,14,ወደ አገራችሁ መጻተኛ ቢመጣ፥ የእግዚአብሔርን ፋሲካ እንደ ፋሲካው ሕግ እንደ ትእዛዙም ያድርግ፤ ለመጻተኛና ለሀገር ልጅ አንድ ሥርዐት ይሁንላችሁ።”
ec327852-9f07-5c98-a77c-24a25446010e,481a5b9d-013b-5f3a-aad2-8898881730f6,21a48f5c-5f7a-55d1-aaf7-cb806204899a,1,15,ድንኳንዋን በተከሉበት ቀን ደመናው የምስክሩን ድንኳን ሸፈናት፤ ከማታም ጀምሮ እስከ ጥዋት ድረስ በድንኳኑ ላይ እንደ እሳት ይመስል ነበር።
4ec7de0d-ec0f-57eb-a7fc-ba43f5e5b41d,481a5b9d-013b-5f3a-aad2-8898881730f6,21a48f5c-5f7a-55d1-aaf7-cb806204899a,2,16,እንዲሁ ሁልጊዜ ነበረ፤ በቀን ደመና፥ በሌሊትም የእሳት አምሳል ይሸፍናት ነበር።
39b1a464-ce2c-5d65-a0d7-2c8d35a64e29,481a5b9d-013b-5f3a-aad2-8898881730f6,21a48f5c-5f7a-55d1-aaf7-cb806204899a,3,17,ደመናውም ከድንኳኑ ላይ በተነሣ ጊዜ በዚያን ጊዜ የእስራኤል ልጆች ይጓዙ ነበር፤ ደመናውም በቆመበት ስፍራ በዚያ የእስራኤል ልጆች ይሰፍሩ ነበር።
1f321080-360b-5bd4-accf-4bb622b2e009,481a5b9d-013b-5f3a-aad2-8898881730f6,21a48f5c-5f7a-55d1-aaf7-cb806204899a,4,18,በእግዚአብሔር ትእዛዝ የእስራኤል ልጆች ይጓዙ ነበር፤ በእግዚአብሔርም ትእዛዝ ይሰፍሩ ነበር፤ ደመናው በድንኳኑ ላይ በተቀመጠበት ዘመን ሁሉ በሰፈራቸው ይቀመጡ ነበር።
33aba84e-c372-5a00-a6f1-4625790d7a42,481a5b9d-013b-5f3a-aad2-8898881730f6,21a48f5c-5f7a-55d1-aaf7-cb806204899a,5,19,ደመናውም በድንኳኑ ላይ ብዙ ቀን በተቀመጠ ጊዜ የእስራኤል ልጆች የእግዚአብሔርን ትእዛዝ ይጠብቁ ነበር፤ አይጓዙምም ነበር።
f10c7b39-9bec-5bc3-a0f7-cf6c9e2a2a2c,481a5b9d-013b-5f3a-aad2-8898881730f6,21a48f5c-5f7a-55d1-aaf7-cb806204899a,6,20,ደመናው ድንኳኑን በጋረደበት ቀን ቍጥር ሁሉ የእስራኤል ልጆች በእግዚአብሔር ቃል ይሰፍሩ፥ በእግዚአብሔርም ትእዛዝ ይጓዙ ነበር።
be083f88-b2cc-5eaa-a6ad-1b00edfa194e,481a5b9d-013b-5f3a-aad2-8898881730f6,21a48f5c-5f7a-55d1-aaf7-cb806204899a,7,21,አንዳንድ ጊዜም ደመናው ከማታ ጀምሮ እስከ ጥዋት ድረስ ይቀመጥ ነበር፤ በጥዋትም ደመናው በተነሣ ጊዜ ይጓዙ ነበር። በቀንም በሌሊትም ቢሆን ደመናው በተነሣ ጊዜ ይጓዙ ነበር
6f206c41-d435-5f18-a3b1-b2668097b86f,481a5b9d-013b-5f3a-aad2-8898881730f6,21a48f5c-5f7a-55d1-aaf7-cb806204899a,8,22,ደመናውም እስከ ወር ቈይቶ በድንኳኑ ላይ ቢቀመጥ የእስራኤል ልጆች በሰፈራቸው ይቀመጡ ነበር፤ አይጓዙምም ነበር፤ ነገር ግን በተነሣ ጊዜ ይጓዙ ነበር።
a05ad02f-479d-513e-a25b-b70d8393abce,481a5b9d-013b-5f3a-aad2-8898881730f6,21a48f5c-5f7a-55d1-aaf7-cb806204899a,9,23,በእግዚአብሔር ትእዛዝ ይሰፍሩ ነበር፤ በእግዚአብሔርም ትእዛዝ ይጓዙ ነበር፤ እግዚአብሔር በሙሴ ቃል እንደ አዘዘ የእግዚአብሔርን ትእዛዝ ይጠብቁ ነበር።
484e246e-b1d6-5435-a87b-75d87925a010,936de3bf-6257-57fd-a317-f333a7dce57e,b03e5657-4165-52f9-adac-b58d69f9f3bd,1,1,እግዚአብሔርም ሙሴን እንዲህ ብሎ ተናገረው፦
8349fa3b-be66-5d00-a964-44471deebd95,936de3bf-6257-57fd-a317-f333a7dce57e,b03e5657-4165-52f9-adac-b58d69f9f3bd,2,2,“ሁለት የብር መለከቶች አስጠፍጥፈህ ለአንተ አድርግ፤ ማኅበሩን ለመጥራት ከሰፈራቸውም ለማስጓዝ ይሁኑልህ።
8a140a63-57c3-536e-a326-2cb020da1da0,936de3bf-6257-57fd-a317-f333a7dce57e,b03e5657-4165-52f9-adac-b58d69f9f3bd,3,3,ሁለቱም መለከቶች በተነፉ ጊዜ ማኅበሩ ሁሉ ወደ አንተ ወደ ምስክሩ ድንኳን ይሰብሰቡ።
2aa6dbb3-eeeb-5f84-a9d3-1c716515ed65,936de3bf-6257-57fd-a317-f333a7dce57e,b03e5657-4165-52f9-adac-b58d69f9f3bd,4,4,አንድ መለከት ሲነፋ ታላላቆቹ የእስራኤል አእላፍ አለቆች ወደ አንተ ይሰብሰቡ።
3500bf2a-1bf2-5e66-a2fe-2a55bec47808,936de3bf-6257-57fd-a317-f333a7dce57e,b03e5657-4165-52f9-adac-b58d69f9f3bd,5,5,መለከቱንም በምልክት ስትነፉ በምሥራቅ በኩል የሰፈሩት ይጓዙ።
d6c99f34-29ef-5346-a400-7865674503dd,936de3bf-6257-57fd-a317-f333a7dce57e,b03e5657-4165-52f9-adac-b58d69f9f3bd,6,6,ሁለተኛውንም በምልክቱ ስትነፉ በአዜብ በኩል የሰፈሩት ይጓዙ፤ ሦስተኛውንም በምልክቱ በነፋችሁ ጊዜ በባሕር በኩል የሰፈሩት ይጓዙ፤ አራተኛውንም በምልክቱ በነፋችሁ ጊዜ በመስዕ በኩል የሰፈሩት ሠራዊት ይጓዙ፤ ለማስጓዝ በምልክት ትነፉታላችሁ።
a038156f-28b1-5f28-a914-dbe9218f460a,936de3bf-6257-57fd-a317-f333a7dce57e,b03e5657-4165-52f9-adac-b58d69f9f3bd,7,7,ጉባኤውም በሚሰበሰብበት ጊዜ ያለ ምልክት ትነፉታላችሁ።
d5798b3f-a65b-5cac-adff-e52f5f046b17,936de3bf-6257-57fd-a317-f333a7dce57e,b03e5657-4165-52f9-adac-b58d69f9f3bd,8,8,የአሮንም ልጆች ካህናቱ መለከቱን ይንፉ፤ ይህም ለልጅ ልጃችሁ ለዘለዓለም ሥርዐት ይሁንላችሁ።
783a2cc3-e271-5a19-ade6-33e288c6058f,936de3bf-6257-57fd-a317-f333a7dce57e,b03e5657-4165-52f9-adac-b58d69f9f3bd,9,9,በሚገፋችሁም ጠላት ላይ በምድራችሁ ወደ ሰልፍ ስትወጡ በምልክት መለከቶችን ንፉ፤ በእግዚአብሔርም በአምላካችሁ ፊት ትታሰባላችሁ፤ ከጠላቶቻችሁም ትድናላችሁ።
b30fe3eb-c590-5557-a71e-3db342e73d7e,936de3bf-6257-57fd-a317-f333a7dce57e,b03e5657-4165-52f9-adac-b58d69f9f3bd,10,10,ደግሞ በደስታችሁ ቀን፥ በበዓላታችሁም ዘመን፥ በወርም መባቻ፥ በሚቃጠልም መሥዋዕታችሁና በደኅንነት መሥዋዕታችሁ ላይ መለከቶችን ንፉ፤ እነርሱም በአምላካችሁ ፊት ለመታሰቢያ ይሆኑላችኋል፤ እኔ እግዚአብሔር አምላካችሁ ነኝና።”
70848326-bf32-592b-a774-bbc8119f6e0e,936de3bf-6257-57fd-a317-f333a7dce57e,6fe09823-ddcf-5bd4-a7db-584db5d76492,1,11,በሁለተኛውም ዓመት በሁለተኛው ወር ከወሩም በሃያኛው ቀን እንዲህ ሆነ፤ ደመናው ከምስክሩ ድንኳን ላይ ተነሣ።
192c1e43-db29-5e1f-a55d-346cda99b5c3,936de3bf-6257-57fd-a317-f333a7dce57e,6fe09823-ddcf-5bd4-a7db-584db5d76492,2,12,የእስራኤልም ልጆች ከሲና ምድረ በዳ በየጉዞአቸው ተጓዙ፤ ደመናውም በፋራን ምድረ በዳ ቆመ።
1e6985dc-3cf6-55e8-ad36-caa0a93e9b32,936de3bf-6257-57fd-a317-f333a7dce57e,6fe09823-ddcf-5bd4-a7db-584db5d76492,3,13,በመጀመሪያም እግዚአብሔር በሙሴ ቃል እንዳዘዘ ተጓዙ።
88b5adf6-334d-5d4f-a55a-b289a34de10a,936de3bf-6257-57fd-a317-f333a7dce57e,6fe09823-ddcf-5bd4-a7db-584db5d76492,4,14,በመጀመሪያም የይሁዳ ልጆች ሰፈር በሥርዐታቸው ከየሠራዊቶቻቸው ጋር ተጓዘ፤ በሠራዊቱም ላይ የአሚናዳብ ልጅ ነአሶን አለቃ ነበረ።
ff421c2a-0567-5733-ac5f-715eff318e1c,936de3bf-6257-57fd-a317-f333a7dce57e,6fe09823-ddcf-5bd4-a7db-584db5d76492,5,15,በይሳኮርም ልጆች ነገድ ሠራዊት ላይ የሰገር ልጅ ናትናኤል አለቃ ነበረ።
0826898f-dd24-5cd1-a3ba-ba4c9544ff5c,936de3bf-6257-57fd-a317-f333a7dce57e,6fe09823-ddcf-5bd4-a7db-584db5d76492,6,16,በዛብሎንም ልጆች ነገድ ሠራዊት ላይ የኬሎን ልጅ ኤልያብ አለቃ ነበረ።
5cf643e1-8b2d-5427-ad69-d0341c717e06,936de3bf-6257-57fd-a317-f333a7dce57e,6fe09823-ddcf-5bd4-a7db-584db5d76492,7,17,ድንኳኑም ተነቀለ፤ ድንኳኑንም የተሸከሙ የጌድሶን ልጆችና የሜራሪ ልጆች ተጓዙ።
6a0b6f14-6dda-55fe-a84a-1f38fb9276fe,936de3bf-6257-57fd-a317-f333a7dce57e,6fe09823-ddcf-5bd4-a7db-584db5d76492,8,18,የሮቤልም ሰፈር በሥርዐታቸው ከየሠራዊቶቻቸው ጋር ተጓዘ፤ በሠራዊቱም ላይ የሰዲዮር ልጅ ኤሊሱር አለቃ ነበረ።
c8c6fe3c-1f46-53cd-a2b3-62a8f69d5cdf,936de3bf-6257-57fd-a317-f333a7dce57e,6fe09823-ddcf-5bd4-a7db-584db5d76492,9,19,በስምዖንም ልጆች ነገድ ሠራዊት ላይ የሲሩሳዴ ልጅ ሰላምያል አለቃ ነበረ።
4986cfd7-02ee-5ede-a2bb-e9d0014c16a2,936de3bf-6257-57fd-a317-f333a7dce57e,6fe09823-ddcf-5bd4-a7db-584db5d76492,10,20,በጋድም ልጆች ነገድ ሠራዊት ላይ የራጉኤል ልጅ ኤሊሳፍ አለቃ ነበረ።
db403261-549c-5eb0-a95d-2ad09844e765,936de3bf-6257-57fd-a317-f333a7dce57e,6fe09823-ddcf-5bd4-a7db-584db5d76492,11,21,የቀዓትም ልጆች ንዋየ ቅድሳቱን ተሸክመው ተጓዙ፤ እነዚህም እስኪመጡ ድረስ እነዚያ ድንኳኑን ተከሉ።
861b9168-fe29-5c28-ac6d-f479163c5d32,936de3bf-6257-57fd-a317-f333a7dce57e,6fe09823-ddcf-5bd4-a7db-584db5d76492,12,22,የኤፍሬምም ልጆች ሰፈር በሥርዐታቸው ከየሠራዊቶቻቸው ጋር ተጓዘ፤ በሠራዊቱም ላይ የኣሚሁድ ልጅ ኤሊሳማ አለቃ ነበረ።
460e9bd4-f61a-57cb-a01a-e7446435c878,936de3bf-6257-57fd-a317-f333a7dce57e,6fe09823-ddcf-5bd4-a7db-584db5d76492,13,23,በምናሴም ልጆች ነገድ ሠራዊት ላይ የፈዳሱር ልጅ ገማልያል አለቃ ነበረ።
1ef94b2f-2b48-546b-a827-605d9621b845,936de3bf-6257-57fd-a317-f333a7dce57e,6fe09823-ddcf-5bd4-a7db-584db5d76492,14,24,በብንያምም ልጆች ነገድ ሠራዊት ላይ የጋዲዮን ልጅ አቢዳን አለቃ ነበረ።
de91f202-4910-5769-a6ce-2a3736d3ee1f,936de3bf-6257-57fd-a317-f333a7dce57e,6fe09823-ddcf-5bd4-a7db-584db5d76492,15,25,ከሠራዊቱ ሁሉ በኋላ የዳን ልጆች ሰፈር በሥርዐታቸው ከየሠራዊታቸው ጋር ተጓዘ፤ በሠራዊቱም ላይ የአሚሳዲ ልጅ አኪያዜር አለቃ ነበረ።
4212bb7f-1647-5e4d-ae90-1080e5707bc2,936de3bf-6257-57fd-a317-f333a7dce57e,6fe09823-ddcf-5bd4-a7db-584db5d76492,16,26,በአሴርም ልጆች ነገድ ሠራዊት ላይ የኤክራን ልጅ ፋግኤል አለቃ ነበረ።
b72c033d-52fb-54c2-a073-91bc69855617,936de3bf-6257-57fd-a317-f333a7dce57e,6fe09823-ddcf-5bd4-a7db-584db5d76492,17,27,በንፍታሌምም ልጆች ነገድ ሠራዊት ላይ የዔናን ልጅ አኪሬ አለቃ ነበረ።
a7574e42-5157-59db-a06d-a114e3af02bb,936de3bf-6257-57fd-a317-f333a7dce57e,6fe09823-ddcf-5bd4-a7db-584db5d76492,18,28,የእስራኤል ልጆች ጉዞ እንደዚህ ነበር፤ ከሠራዊታቸው ጋር ተጓዙ።
30706279-807a-56f9-af03-bd51ca4579e1,936de3bf-6257-57fd-a317-f333a7dce57e,6fe09823-ddcf-5bd4-a7db-584db5d76492,19,29,ሙሴም የሚስቱን አባት የምድያማዊውን የራጉኤልን ልጅ ኦባብን፥ “እግዚአብሔር፦ ለእናንተ እሰጠዋለሁ ወዳለው ስፍራ እንሄዳለን፤ እግዚአብሔር ስለ እስራኤል መልካምን ነገር ተናግሮአልና አንተ ከእኛ ጋር ና፥ መልካምን እናደርግልሃለን” አለው።
418840a6-0337-5e00-aeee-f37ba1590218,936de3bf-6257-57fd-a317-f333a7dce57e,6fe09823-ddcf-5bd4-a7db-584db5d76492,20,30,እርሱም፥ “አልሄድም፥ ነገር ግን ወደ ሀገሬና ወደ ዘመዶች እመለሳለሁ” አለው።
6533428d-0f5e-5df2-a04a-da67c97ad496,936de3bf-6257-57fd-a317-f333a7dce57e,6fe09823-ddcf-5bd4-a7db-584db5d76492,21,31,እርሱም፥ “እባክህ፥ በምድረ በዳ ከእኛ ጋር ኑረሃልና በእኛም ዘንድ አርጅተሃልና አትተወን፤
1dbd62e8-82a4-5f73-a295-5340200a5dab,936de3bf-6257-57fd-a317-f333a7dce57e,6fe09823-ddcf-5bd4-a7db-584db5d76492,22,32,ከእኛም ጋር ብትሄድ እግዚአብሔር ከሚያደርግልን መልካም ነገር ሁሉ እኛ ለአንተ እናደርጋለን” አለው።
290c2871-6d22-550d-aa9e-ab697d82e1ce,936de3bf-6257-57fd-a317-f333a7dce57e,f1f80614-e079-5a2b-af8f-429a9002dd8f,1,33,ከእግዚአብሔርም ተራራ የሦስት ቀን መንገድ ያህል ተጓዙ፤ የእግዚአብሔርም የኪዳኑ ታቦት የሚያድሩበትን ቦታ ታገኝላቸው ዘንድ የሦስት ቀን መንገድ ትቀድማቸው ነበር።
2e255fa1-246a-5ae5-a7b2-3b32dc423aa6,936de3bf-6257-57fd-a317-f333a7dce57e,f1f80614-e079-5a2b-af8f-429a9002dd8f,2,34,ሙሴም ታቦቷ በተጓዘች ጊዜ፥ “አቤቱ፥ ተነሣ፤ ጠላቶችህ ይበተኑ፤ የሚጠሉህም ከፊትህ ይሽሹ” ይል ነበር።
59185e80-97ae-5dac-ac82-5022f74cbf22,936de3bf-6257-57fd-a317-f333a7dce57e,f1f80614-e079-5a2b-af8f-429a9002dd8f,3,35,ባረፈም ጊዜ፥ “አቤቱ፥ ወደ እስራኤል እልፍ አእላፋት ተመለስ” ይል ነበር።
210105fe-3b38-53ff-a63e-433fdf4e4882,936de3bf-6257-57fd-a317-f333a7dce57e,f1f80614-e079-5a2b-af8f-429a9002dd8f,4,36,ከሰፈራቸውም በተጓዙ ጊዜ የእግዚአብሔር ደመና ቀን ቀን በላያቸው ላይ ነበረ።
05a2f7f6-cb94-5894-a47e-f84281fc052c,cd20585f-df15-5910-a99e-1fe0d75f4503,4c3cab82-5481-538c-a970-bfb495f23602,1,1,ሕዝቡም በክፋት በእግዚአብሔር ፊት አጕረመረሙ፤ እግዚአብሔርም ሰምቶ ተቈጣ፤ እሳትም ከእግዚአብሔር ዘንድ በእነርሱ ላይ ነደደች፤ ከሰፈሩም አንዱን ወገን በላች።
aca8b83a-2389-5f69-ae65-d249cdb9a262,cd20585f-df15-5910-a99e-1fe0d75f4503,4c3cab82-5481-538c-a970-bfb495f23602,2,2,ሕዝቡም ወደ ሙሴ ጮኹ፤ ሙሴም ወደ እግዚአብሔር ጸለየ፤ እሳቲቱም ጠፋች።
527b41ac-e46d-5ac5-a2c3-1c9c106b75db,cd20585f-df15-5910-a99e-1fe0d75f4503,4c3cab82-5481-538c-a970-bfb495f23602,3,3,ከእግዚአብሔርም ዘንድ በእነርሱ ላይ እሳት ስለ ነደደች የዚያ ስፍራ ስም “መካነ ውዕየት” ተብሎ ተጠራ።
3efc406f-a457-5b69-a515-739f92025485,cd20585f-df15-5910-a99e-1fe0d75f4503,e797c9ca-1ca4-50b7-acaf-fb04307414f2,1,4,ከእነርሱም ጋር የተቀላቀሉ ሕዝብ እጅግ ጐመጁ፤ የእስራኤልም ልጆች ተቀምጠው እንዲህ እያሉ አለቀሱ፥ “ሥጋ ማን ያበላናል?
b361fea5-7e94-53ca-acd5-28c9903bd040,cd20585f-df15-5910-a99e-1fe0d75f4503,e797c9ca-1ca4-50b7-acaf-fb04307414f2,2,5,በግብፅ ያለ ዋጋ እንበላው የነበረውን ዓሣ፥ ዳቦውንም፥ በጢኹንም፥ ኩራቱንም፥ ቀዩንም ሽንኩርት፥ ነጩንም ሽንኩርት ቍንዶ በርበሬውንም እናስባለን።
314f8b82-11a4-51ea-aa7d-e2941643c0c0,cd20585f-df15-5910-a99e-1fe0d75f4503,e797c9ca-1ca4-50b7-acaf-fb04307414f2,3,6,አሁን ግን ሰውነታችን ደረቀች፤ ዐይናችንም ከዚህ መና በቀር ምንም አታይም” አሉ።
a3edde73-e5c2-5e15-ac9f-0d052c0d07ce,cd20585f-df15-5910-a99e-1fe0d75f4503,e797c9ca-1ca4-50b7-acaf-fb04307414f2,4,7,መናውም እንደ ድንብላል ዘር ነበረ፤ መልኩም እንደ በረድ ነጭ ነበር።
14698e95-cfa9-5498-a5f6-e7c003705188,cd20585f-df15-5910-a99e-1fe0d75f4503,e797c9ca-1ca4-50b7-acaf-fb04307414f2,5,8,ሕዝቡም እየዞሩ ይለቅሙ ነበር፤ በወፍጮም ይፈጩት፥ ወይም በሙቀጫ ይወቅጡት፥ በምንቸትም ይቀቅሉት ነበር፤ እንጎቻም ያደርጉት ነበር፤ ጣዕሙም በዘይት እንደ ተለወሰ እንጎቻ ነበረ።
37ee7037-1693-5541-a2e7-f78816c57b7d,cd20585f-df15-5910-a99e-1fe0d75f4503,e797c9ca-1ca4-50b7-acaf-fb04307414f2,6,9,ሌሊትም ጠል በሰፈሩ ላይ በወረደ ጊዜ መናው በላዩ ይወርድ ነበር።
6c042e5d-35eb-5334-acff-acd0687295a7,cd20585f-df15-5910-a99e-1fe0d75f4503,e797c9ca-1ca4-50b7-acaf-fb04307414f2,7,10,ሙሴም እያንዳንዳቸው በየወገናቸው በድንኳኑ ደጃፍ፥ ሲያለቅሱ ሰማ፤ እግዚአብሔርም እጅግ ተቈጣ፤ ነገሩም በሙሴ ፊት ክፉ ሆነ።
d903578d-ab52-5c2a-aedd-3f0ffa0b3c1d,cd20585f-df15-5910-a99e-1fe0d75f4503,e797c9ca-1ca4-50b7-acaf-fb04307414f2,8,11,ሙሴም እግዚአብሔርን አለው፥ “ለምን በአገልጋይህ ላይ ክፉ አደረግህ? ለምንስ በፊትህ ሞገስን አላገኘሁም? ለምንስ የዚህን ሁሉ ሕዝብ ሸክም በእኔ ላይ አደረግህ?
aad3cd21-dfd5-5760-a0f9-58585a327835,cd20585f-df15-5910-a99e-1fe0d75f4503,e797c9ca-1ca4-50b7-acaf-fb04307414f2,9,12,አንተ ለአባቶቻቸው ወደ ማልህላቸው ምድር አደርሳቸው ዘንድ፦ ሞግዚት የሚጠባውን ልጅ እንድታቅፍ በብትህ እቀፋቸው የምትለኝ፥ በውኑ ይህን ሕዝብ ሁሉ እኔ ፀነስሁትን? ወይስ ወለድሁትን?
9e1d703b-04ab-5bb6-abd4-5ffcbbe3a698,cd20585f-df15-5910-a99e-1fe0d75f4503,e797c9ca-1ca4-50b7-acaf-fb04307414f2,10,13,በፊቴ ያለቅሳሉና፦ የምንበላውን ሥጋ ስጠን ይላሉና ለዚህ ሕዝብ ሁሉ የምሰጠው ሥጋ ከየት አለኝ?
91d5c9df-a39d-529f-aea2-56a7a2fba330,cd20585f-df15-5910-a99e-1fe0d75f4503,e797c9ca-1ca4-50b7-acaf-fb04307414f2,11,14,እጅግ ከብዶኛልና ይህን ሁሉ ሕዝብ ብቻዬን ልሸከም አልችልም።
ba2b3182-6afb-559f-ad5b-18cbc648a30b,cd20585f-df15-5910-a99e-1fe0d75f4503,e797c9ca-1ca4-50b7-acaf-fb04307414f2,12,15,እንዲህስ ከምታደርግብኝ፥ በፊትህ ይቅርታን አግኝቼ እንደ ሆነ፥ በእኔ ላይ የሚሆነውን መከራ እንዳላይ፥ እባክህ፥ ፈጽሞ ግደለኝ።”
1bd6399b-27ed-5671-a0fc-0de075c06ae2,cd20585f-df15-5910-a99e-1fe0d75f4503,0a514183-9009-5a00-a58d-77356ee74727,1,16,እግዚአብሔርም ሙሴን አለው፥ “ከእስራኤል ሽማግሌዎች፥ ለሕዝቡ ሽማግሌዎችና ጸሐፍት ይሆኑ ዘንድ የምታውቃቸውን፥ ሰባ ሰዎች ሰብስብልኝ፤ ወደ ምስክሩም ድንኳን አምጣቸው፤ በዚያም ከአንተ ጋር አቁማቸው።
6d3ea785-24ce-520b-a870-c6aad8236075,cd20585f-df15-5910-a99e-1fe0d75f4503,0a514183-9009-5a00-a58d-77356ee74727,2,17,እኔም እወርዳለሁ፤ በዚያም አነጋግርሃለሁ፤ በአንተ ካለውም መንፈስ ወስጄ በእነርሱ ላይ አደርገዋለሁ፤ አንተም ብቻ እንዳትሸከም የሕዝቡን ሸክም ከአንተ ጋር ይሸከማሉ።
dc7045e1-2859-59c3-ab95-256967ce7bf5,cd20585f-df15-5910-a99e-1fe0d75f4503,0a514183-9009-5a00-a58d-77356ee74727,3,18,ሕዝቡንም በላቸው፦ ሥጋ ማን ያበላናል? በግብፅ ደኅና ነበረልን እያላችሁ በእግዚአብሔር ፊት አልቅሳችኋልና ለነገ ተቀደሱ፤ ሥጋንም ትበላላችሁ፤ እግዚአብሔርም ሥጋን ይሰጣችኋል፤ ትበሉማላችሁ።
8d91efd6-9232-5db2-a7a4-fd3279e776cb,cd20585f-df15-5910-a99e-1fe0d75f4503,0a514183-9009-5a00-a58d-77356ee74727,4,19,አንድ ቀን፥ ወይም ሁለት ቀን፥ ወይም አምስት ቀን፥ ወይም ዐሥር ቀን ወይም ሃያ ቀን አትበሉም፤
72e15e04-ae7a-537f-a69a-f5356beb450d,cd20585f-df15-5910-a99e-1fe0d75f4503,0a514183-9009-5a00-a58d-77356ee74727,5,20,ነገር ግን በመካከላችሁ ያለውን እግዚአብሔርን ንቃችኋልና፥ በፊቱም፦ ለምን ከግብፅ አወጣኸን? ብላችሁ አልቅሳችኋልና በአፍንጫችሁ እስኪወጣ መርዝም እስኪሆንባችሁ ድረስ ወር ሙሉ ትበሉታላችሁ።”
f3b4aec7-00c3-5e39-a731-69d8e611df03,cd20585f-df15-5910-a99e-1fe0d75f4503,0a514183-9009-5a00-a58d-77356ee74727,6,21,ሙሴም፥ “እኔ በመካከላቸው ያለሁ ሕዝብ ስድስት መቶ ሺህ እግረኛ ናቸው፤ አንተም፦ ሥጋን እሰጣቸዋለሁ፥ ወር ሙሉም ይበሉታል አልህ።
c582b636-0790-55e5-a971-60b2e47793c3,cd20585f-df15-5910-a99e-1fe0d75f4503,0a514183-9009-5a00-a58d-77356ee74727,7,22,የበሬና የበግ መንጋ ቢታረድ፥ የባሕር ዓሣ ሁሉ ቢሰበሰብ ይበቃቸዋልን?” አለ።
e42b5648-d26e-5adf-a8e7-0ac131813cbf,cd20585f-df15-5910-a99e-1fe0d75f4503,0a514183-9009-5a00-a58d-77356ee74727,8,23,እግዚአሔርም ሙሴን፥ “በውኑ የእግዚአብሔር እጅ አትችልምን? አሁን ቃሌ ይፈጸም ወይም አይፈጸም እንደ ሆነ እነሆ፥ አንተ ታያለህ” አለው።
4870550e-02c5-5c60-a430-18a4edc85962,cd20585f-df15-5910-a99e-1fe0d75f4503,0a514183-9009-5a00-a58d-77356ee74727,9,24,ሙሴም ወጣ፤ የእግዚአብሔርንም ቃሎች ለሕዝቡ ነገረ፤ ከሕዝቡ ሽማግሌዎችም ሰባውን ሰዎች ሰብስቦ በድንኳኑ ዙሪያ አቆማቸው።
5a0a8cc4-e38f-58a6-a0ac-bbb6dc20ac98,cd20585f-df15-5910-a99e-1fe0d75f4503,0a514183-9009-5a00-a58d-77356ee74727,10,25,እግዚአብሔርም በደመናው ወረደ፤ ተናገረውም፤ በእርሱም ላይ ከነበረው መንፈስ ወስዶ በሰባው ሽማግሌዎች ላይ አደረገ፤ መንፈሱም በላያቸው ባደረ ጊዜ ትንቢት ተናገሩ፤ ከዚያ በኋላ ግን አልተጨመረላቸውም።
46091673-e846-5c1e-a8c6-c94687c04025,cd20585f-df15-5910-a99e-1fe0d75f4503,0a514183-9009-5a00-a58d-77356ee74727,11,26,ከእነርሱም ሁለት ሰዎች በሰፈር ቀርተው ነበር፤ የአንዱም ስም ኤልዳድ የሁለተኛውም ሞዳድ ነበረ፤ መንፈስም ዐረፈባቸው፤ እነርሱም ከተጻፉት ጋር ነበሩ፤ ወደ ድንኳኑ ግን አልወጡም ነበር፤ በሰፈሩም ውስጥ ትንቢት ተናገሩ።
74478b1a-fbbb-58ed-a62f-b6c7668cce1a,cd20585f-df15-5910-a99e-1fe0d75f4503,0a514183-9009-5a00-a58d-77356ee74727,12,27,አንድ ጐልማሳ ሰው እየሮጠ መጥቶ፥ “ኤልዳድና ሞዳድ በሰፈር ትንቢት ይናገራሉ” ብሎ ለሙሴ ነገረው።
840c7915-91b9-5e0d-ad76-71e6790d50ff,cd20585f-df15-5910-a99e-1fe0d75f4503,0a514183-9009-5a00-a58d-77356ee74727,13,28,የሙሴ ምርጥ ባለሟል የነበረው የነዌ ልጅ ኢያሱ፥ “ጌታዬ ሙሴ ሆይ ፥ ከልክላቸው” አለው።
ddc707a3-52bb-5699-a7d6-1c769022ae78,cd20585f-df15-5910-a99e-1fe0d75f4503,0a514183-9009-5a00-a58d-77356ee74727,14,29,ሙሴም “የእግዚአብሔር ሕዝብ ሁሉ ነቢያት ቢሆኑ፥ እግዚአብሔርም በእነርሱ ላይ መንፈሱን ቢያሳድር አንተ ስለ እኔ ትቀናለህን?” አለው።
c37b846e-6534-5509-afe0-a49072e58992,cd20585f-df15-5910-a99e-1fe0d75f4503,0a514183-9009-5a00-a58d-77356ee74727,15,30,ሙሴም ከእስራኤል ሽማግሌዎች ጋር ወደ ሰፈር ተመለሰ።
84435d8d-675a-5050-ae5f-a445039b60a2,cd20585f-df15-5910-a99e-1fe0d75f4503,eefec652-d432-58d2-a758-361c17eadca1,1,31,ነፋስም ከእግዚአብሔር ዘንድ ወጣ፤ ከባሕርም ድርጭቶችን አወጣ፤ የአንድ ቀንም መንገድ ያህል በዚህ፥ የአንድ ቀንም መንገድ ያህል በዚያ በሰፈሩ ላይ በተናቸው፤ በዚያም በሰፈሩ ዙሪያ ከፍታው ከምድር ወደ ላይ ሁለት ክንድ ነበረ።
56481fa1-d01f-5780-a791-333631c53002,cd20585f-df15-5910-a99e-1fe0d75f4503,eefec652-d432-58d2-a758-361c17eadca1,2,32,በዚያም ቀን ሁሉ፥ በሌሊትም ሁሉ፥ በነጋውም ሁሉ ሕዝቡ ተነሥተው ድርጭትን ሰበሰቡ፤ ከሁሉ ጥቂት የሰበሰበ ዐሥር የቆሮስ መስፈሪያ ያህል ሰበሰበ፤ በሰፈሩም ዙሪያ ሁሉ አስጥተው አደረቁት።
b66d0b19-2ab7-5693-ac59-666ef927096b,cd20585f-df15-5910-a99e-1fe0d75f4503,eefec652-d432-58d2-a758-361c17eadca1,3,33,ሥጋውም ገና በጥርሳቸው መካከል ሳለ ሳያኝኩትም፥ እግዚአብሔር ሕዝቡን እጅግ ታላቅ በሆነ መቅሠፍት አጠፋቸው።
611a4f7e-fd27-5e11-aa8b-bb93fbf3daf4,cd20585f-df15-5910-a99e-1fe0d75f4503,eefec652-d432-58d2-a758-361c17eadca1,4,34,የጐመጁ ሕዝብ በዚያ ተቀብረዋልና የዚያ ስፍራ ስም “መቃብረ ፍትወት” ተብሎ ተጠራ።
08ef7e4c-2e91-5cfa-a2e9-e7c2b15531c0,cd20585f-df15-5910-a99e-1fe0d75f4503,eefec652-d432-58d2-a758-361c17eadca1,5,35,ሕዝቡም ከመቃብረ ፍትወት ወደ አሴሮት ተጓዙ፤ በአሴሮትም ተቀመጡ።
c48fbecb-0301-5af2-abe8-bb0b26f059b6,b2b21340-9d97-5b69-aa32-6efcb0818065,62f0a4c0-1dc6-5ecf-ae53-60d64aec6235,1,1,ሙሴም ኢትዮጵያዊቱን ሴት አግብቶአልና ባገባት በኢትዮጵያዊቱ ሴት ምክንያት ማርያምና አሮን አሙት።
2e89a286-fbd9-5eb7-a97b-3ffa17388309,b2b21340-9d97-5b69-aa32-6efcb0818065,62f0a4c0-1dc6-5ecf-ae53-60d64aec6235,2,2,እነርሱም፥ “በውኑ እግዚአብሔር በሙሴ ብቻ ተናግሮአልን? በእኛስ ደግሞ የተናገረ አይደለምን?” አሉ፤ እግዚአብሔርም ሰማ።
b420401a-fb46-5dae-a400-a72500f73ead,b2b21340-9d97-5b69-aa32-6efcb0818065,62f0a4c0-1dc6-5ecf-ae53-60d64aec6235,3,3,ሙሴም በምድር ላይ ካሉት ሰዎች ሁሉ ይልቅ እጅግ የዋህ ሰው ነበረ።
1aacbfa5-8918-5830-aa73-5075e6078759,b2b21340-9d97-5b69-aa32-6efcb0818065,62f0a4c0-1dc6-5ecf-ae53-60d64aec6235,4,4,እግዚአብሔርም ወዲያው ሙሴንና አሮንን ማርያምንም፥ “ሦስታችሁ ወደ ምስክሩ ድንኳን ኑ ብሎ ተናገረ፤ ሦስቱም ወደ ምስክሩ ድንኳን ወጡ።
5cb631bf-b753-57cc-ae9a-c7a2ecce96c5,b2b21340-9d97-5b69-aa32-6efcb0818065,62f0a4c0-1dc6-5ecf-ae53-60d64aec6235,5,5,እግዚአብሔርም በደመና ዐምድ ወረደ፤ በምስክሩም ድንኳን ደጃፍ ቆመ፤ አሮንንና ማርያምንም ጠራቸው፤ ሁለቱም ወጡ።
b4f27655-70a1-54d5-af4f-18b042c2fc12,b2b21340-9d97-5b69-aa32-6efcb0818065,62f0a4c0-1dc6-5ecf-ae53-60d64aec6235,6,6,እርሱም፥ “ቃሌን ስሙ፤ በመካከላችሁ ለእግዚአብሔር ነቢይ የሆነ ቢኖር በራእይ እገለጥለታለሁ፤ ወይም በሕልም እናገረዋለሁ።
abe79367-95b3-543f-a357-4d5d26cd8afc,b2b21340-9d97-5b69-aa32-6efcb0818065,62f0a4c0-1dc6-5ecf-ae53-60d64aec6235,7,7,አገልጋዬ ሙሴ ግን እንዲህ አይደለም፤ እርሱ በቤቴ ሁሉ የታመነ ነው።
9f6d5732-e479-5b2c-ad9a-c1964201146e,b2b21340-9d97-5b69-aa32-6efcb0818065,62f0a4c0-1dc6-5ecf-ae53-60d64aec6235,8,8,እኔ አፍ ለአፍ በግልጥ እናገረዋለሁ፤ በስውርም አይደለም፤ የእግዚአብሔርንም ክብር ያያል፤ አገልጋዬ ሙሴን ማማትን ስለ ምን አልፈራችሁም?” አለ።
4bd782bb-e098-546f-a22d-550988b5c3f8,b2b21340-9d97-5b69-aa32-6efcb0818065,62f0a4c0-1dc6-5ecf-ae53-60d64aec6235,9,9,የእግዚአብሔርም ቍጣ በእነርሱ ላይ ወረደ፤ እርሱም ሄደ።
c26be4b6-539c-514b-a81e-d75fd45b5e57,b2b21340-9d97-5b69-aa32-6efcb0818065,62f0a4c0-1dc6-5ecf-ae53-60d64aec6235,10,10,ደመናውም ከድንኳኑ ተነሣ፤ እነሆም፥ ማርያም ለምጻም ሆነች፤ እንደ በረዶም ነጭ ሆነች፤ አሮንም ማርያምን ተመለከተ፤ እነሆም፥ ለምጻም ሆና ነበር።
dd0ff3c3-629f-5f17-a4e4-930e7fa66aa2,b2b21340-9d97-5b69-aa32-6efcb0818065,62f0a4c0-1dc6-5ecf-ae53-60d64aec6235,11,11,አሮንም ሙሴን፥ “ጌታዬ ሆይ፥ ስንፍና አድርገናልና፥ በድለንማልና እባክህ፥ ኀጢአት አታድርግብን።
bd40b766-59a7-510f-a1d7-b60d8bce607d,b2b21340-9d97-5b69-aa32-6efcb0818065,62f0a4c0-1dc6-5ecf-ae53-60d64aec6235,12,12,ከእናቱ ማኅፀን ሞቶ እንደ ተወለደ፥ ከተበላ ግማሽ ሥጋዋ ጋር ለሞት አትተዋት።”
a6ee5418-2baa-53a9-aefc-059bacdc0473,b2b21340-9d97-5b69-aa32-6efcb0818065,62f0a4c0-1dc6-5ecf-ae53-60d64aec6235,13,13,ሙሴም ወደ እግዚአብሔር እየጮኸ፥ “አቤቱ፥ እባክህ፥ አድናት” አለው።
7f0ce7eb-1c31-5db9-ad71-8ca0cc675caa,b2b21340-9d97-5b69-aa32-6efcb0818065,62f0a4c0-1dc6-5ecf-ae53-60d64aec6235,14,14,እግዚአብሔርም ሙሴን፥ “አባቷ ምራቁን በፊቷ ቢተፋባት ስንኳ ሰባት ቀን ታፍር ዘንድ ይገባት ነበር፤ ሰባት ቀን ከሰፈር ውጭ ተዘግታ ትቀመጥ፤ ከዚያም በኋላ ወደ ሰፈር ትመለስ” አለው።
bc17117d-6e11-5984-afc8-f425b25a8931,b2b21340-9d97-5b69-aa32-6efcb0818065,62f0a4c0-1dc6-5ecf-ae53-60d64aec6235,15,15,ማርያምም ከሰፈር ውጭ ሰባት ቀን ተለይታ ተቀመጠች፤ ማርያምም እስክትነጻ ድረስ ሕዝቡ አልተጓዙም።
08d8bbab-690c-5030-a107-8fb0bcd03bd4,b2b21340-9d97-5b69-aa32-6efcb0818065,62f0a4c0-1dc6-5ecf-ae53-60d64aec6235,16,16,ከዚያም በኋላ ሕዝቡ ከአሴሮት ተጓዙ፤ በፋራንም ምድረ በዳ ሰፈሩ።
7f32f045-53ae-5949-afbe-e8a11418829f,d7a33630-d73d-501c-ad75-6de874579369,3a9f3963-d8b2-58d1-af9a-4072fd6727d7,1,1,እግዚአብሔርም ሙሴን እንዲህ ብሎ ተናገረው፦
79ce042b-b5fd-5d5d-ad6a-7573c9faefb7,d7a33630-d73d-501c-ad75-6de874579369,3a9f3963-d8b2-58d1-af9a-4072fd6727d7,2,2,“ይገዙአት ዘንድ እኔ ለእስራኤል ልጆች የምሰጣትን የከነዓንን ምድር የሚሰልሉ ሰዎችን ላክ፤ ከአባቶች ቤት ከእያንዳንዱ ነገድ ሁሉ በመካከላቸው አለቃ የሆነ አንድ አንድ ሰው ትልካላችሁ።”
60760eb6-68be-530f-a9d1-9ca305e026bb,d7a33630-d73d-501c-ad75-6de874579369,3a9f3963-d8b2-58d1-af9a-4072fd6727d7,3,3,ሙሴም እንደ እግዚአብሔር ትእዛዝ ከፋራን ምድረ በዳ ላካቸው፤ እነርሱም ሁሉ የእስራኤል ልጆች አለቆች ነበሩ።
942231b5-c3b2-5fc9-ae5b-1026e1b75a6c,d7a33630-d73d-501c-ad75-6de874579369,3a9f3963-d8b2-58d1-af9a-4072fd6727d7,4,4,ስማቸውም ይህ ነበረ፤ ከሮቤል ነገድ የዝኩር ልጅ ሰሙኤል፤
8ec99d54-ad4f-5f42-a173-a58e5335b5d8,d7a33630-d73d-501c-ad75-6de874579369,3a9f3963-d8b2-58d1-af9a-4072fd6727d7,5,5,ከስምዖን ነገድ የሱሬ ልጅ ሰፈጥ ፤
a0387b40-1b74-5e3e-afcd-bc0bdcc6ea38,d7a33630-d73d-501c-ad75-6de874579369,3a9f3963-d8b2-58d1-af9a-4072fd6727d7,6,6,ከይሁዳ ነገድ የዮፎኒ ልጅ ካሌብ፤
1214c5c6-fa48-5b8f-a5d6-f90aaffbac90,d7a33630-d73d-501c-ad75-6de874579369,3a9f3963-d8b2-58d1-af9a-4072fd6727d7,7,7,ከይሳኮር ነገድ የዮሴፍ ልጅ ኢጋል፤
cb1dbf36-6929-5471-afa8-5570df8f0503,d7a33630-d73d-501c-ad75-6de874579369,3a9f3963-d8b2-58d1-af9a-4072fd6727d7,8,8,ከኤፍሬም ነገድ የነዌ ልጅ አውሴ፤
ea7d87fa-856c-5a56-a2ff-f96c4b6a13cf,d7a33630-d73d-501c-ad75-6de874579369,3a9f3963-d8b2-58d1-af9a-4072fd6727d7,9,9,ከብንያም ነገድ የራፋ ልጅ ፈልጢ፤
39eaf3a8-6a8d-561a-a929-b8c9c30f5e75,d7a33630-d73d-501c-ad75-6de874579369,3a9f3963-d8b2-58d1-af9a-4072fd6727d7,10,10,ከዛብሎን ነገድ የሶዲ ልጅ ጉዲኤል፤
a4f364b2-806f-5609-a3a7-e32d1bdde6ad,d7a33630-d73d-501c-ad75-6de874579369,3a9f3963-d8b2-58d1-af9a-4072fd6727d7,11,11,ከዮሴፍ ነገድ ከምናሴ ልጆች የሱሲ ልጅ ጋዲ፤
74d9d985-966a-5a1d-a594-9825645273ff,d7a33630-d73d-501c-ad75-6de874579369,3a9f3963-d8b2-58d1-af9a-4072fd6727d7,12,12,ከዳን ነገድ የገማሊ ልጅ ዓሚሄል፤
9f710cb3-4467-51a6-afa5-555041b491ac,d7a33630-d73d-501c-ad75-6de874579369,3a9f3963-d8b2-58d1-af9a-4072fd6727d7,13,13,ከአሴር ነገድ የሚካኤል ልጅ ሳቱር፤
f7082161-b322-5645-ac49-ee47a0646d8f,d7a33630-d73d-501c-ad75-6de874579369,3a9f3963-d8b2-58d1-af9a-4072fd6727d7,14,14,ከንፍታሌም ነገድ የያቢ ልጅ ናቢ፤
2266a57a-0e13-5ddd-a459-20e4a4ea1bd3,d7a33630-d73d-501c-ad75-6de874579369,3a9f3963-d8b2-58d1-af9a-4072fd6727d7,15,15,ከጋድ ነገድ የማኪ ልጅ ጉዲኤል።
40409787-36ab-5f72-a690-b6dfeefd37ea,d7a33630-d73d-501c-ad75-6de874579369,3a9f3963-d8b2-58d1-af9a-4072fd6727d7,16,16,ምድሪቱን ይሰልሉ ዘንድ ሙሴ የላካቸው ሰዎች ስሞች እነዚህ ናቸው። ሙሴም የነዌን ልጅ አውሴን ኢያሱ ብሎ ጠራው።
b3ad683b-3dcb-5f8f-a056-f7deb51a3b3a,d7a33630-d73d-501c-ad75-6de874579369,3a9f3963-d8b2-58d1-af9a-4072fd6727d7,17,17,ሙሴም የከነዓንን ምድር ይሰልሉ ዘንድ ላካቸው፤ አላቸውም፥ “ከዚህ ወደ ምድረ በዳ ሂዱ፥ ወደ ተራሮችም ውጡ።
72872d2f-1cac-5113-aafa-c8965c6412ac,d7a33630-d73d-501c-ad75-6de874579369,3a9f3963-d8b2-58d1-af9a-4072fd6727d7,18,18,ምድሪቱንም እንዴት እንደ ሆነች፥ በእርስዋም የሚኖሩ ሰዎች ብርቱዎች ወይም ደካሞች፥ ጥቂቶች ወይም ብዙዎች እንደ ሆኑ፥
1b1e86d9-7168-5aa4-a61f-6346ee3c1dd1,d7a33630-d73d-501c-ad75-6de874579369,3a9f3963-d8b2-58d1-af9a-4072fd6727d7,19,19,የሚኖሩባትም ምድር መልካም ወይም ክፉ፥ የሚኖሩባቸውም ከተሞች ቅጥር ያላቸው ወይም የሌላቸው እንደ ሆኑ፥
43c346ef-b849-5997-a8dd-700c7d1db9e8,d7a33630-d73d-501c-ad75-6de874579369,3a9f3963-d8b2-58d1-af9a-4072fd6727d7,20,20,ምድሪቱም ለም ወይም ጠፍ፥ ዛፍ ያለባት ወይም የሌለባት እንደ ሆነች አይታችሁ፥ ከምድሪቱ ፍሬ አምጡ፤” ወራቱም ወይኑ አስቀድሞ ፍሬ የሚያፈራበት ነበረ።
75167b81-eb9e-53e9-a6c8-aa1c8121ecfd,d7a33630-d73d-501c-ad75-6de874579369,3a9f3963-d8b2-58d1-af9a-4072fd6727d7,21,21,ወጡም፤ ምድሪቱንም ከጺን ምድረ በዳ በኤማት ዳር እስካለችው እስከ ረአብ ድረስ ሰለሉ።
7105dcd5-50d8-5938-a361-7ddcfbc110ca,d7a33630-d73d-501c-ad75-6de874579369,3a9f3963-d8b2-58d1-af9a-4072fd6727d7,22,22,ወደ ምድረ በዳም ወጡ፤ ወደ ኬብሮንም ደረሱ፤ በዚያም የዔናቅ ዘሮች አኪማን፥ ሴሲ፥ ተላሚ ነበሩ። ኬብሮንም በግብፅ ካለችው ከጣኔዎስ ከተማ በፊት ሰባት ዓመታት ተሠርታ ነበር።
c0ed137e-7bd8-52e2-a9b5-5fe5b0057dad,d7a33630-d73d-501c-ad75-6de874579369,3a9f3963-d8b2-58d1-af9a-4072fd6727d7,23,23,ወደ ወይን ዘለላ ሸለቆም መጡ፤ አዩኣትም፤ ከዚያም ከወይኑ አንድ ዘለላ የነበረበትን አረግ ቈረጡ፤ በመሎጊያም ተሸከሙት፤ ደግሞም ከሮማኑ ከበለሱም አመጡ።
be4ef5ff-02bb-5f5d-afc1-2e30cc6aee36,d7a33630-d73d-501c-ad75-6de874579369,3a9f3963-d8b2-58d1-af9a-4072fd6727d7,24,24,የእስራኤል ልጆች ከዚያ ስለ ቈረጡት ዘለላ የዚያን ስፍራ ስም የወይን ዘለላ ሸለቆ ብለው ጠሩት።
3e91cb20-1ec1-5ad6-af4f-6c722e951170,d7a33630-d73d-501c-ad75-6de874579369,1ffb1898-4ba5-5389-a494-a24b34ea6767,1,25,ምድሪቱንም ሰልለው ከአርባ ቀን በኋላ ከዚያ ተመለሱ።
b379be8e-62dc-56ca-acb8-5b7c52edc7d4,d7a33630-d73d-501c-ad75-6de874579369,1ffb1898-4ba5-5389-a494-a24b34ea6767,2,26,ገሥግሠውም በቃዴስ ፋራን ምድረ በዳ ወዳሉት ወደ ሙሴና ወደ አሮን፥ ወደ እስራኤልም ልጆች ማኅበር ሁሉ ደረሱ፤ ወሬውንም ለእነርሱና ለማኅበሩ ሁሉ ነገሩአቸው፤ የምድሪቱንም ፍሬ አሳዩአቸው።
ecae6e9d-dda4-5b60-a6cc-7ca25563cfe9,d7a33630-d73d-501c-ad75-6de874579369,1ffb1898-4ba5-5389-a494-a24b34ea6767,3,27,እንዲህም ብለው ነገሩት፥ “ወደ ላክኸን ምድር ደረስን፤ እርስዋም ወተትና ማር ታፈስሳለች፤ ፍሬዋም ይህ ነው።
e2e836c6-f99b-55a6-a1de-82b33e86caf5,d7a33630-d73d-501c-ad75-6de874579369,1ffb1898-4ba5-5389-a494-a24b34ea6767,4,28,ነገር ግን በምድሪቱ የሚኖሩ ሰዎች ኀያላን ናቸው፤ ከተሞቻቸውም የተመሸጉ፥ እጅግም የጸኑ ታላላቅ ናቸው።
994b0f70-322e-5040-a3e2-cfa477e54eef,d7a33630-d73d-501c-ad75-6de874579369,1ffb1898-4ba5-5389-a494-a24b34ea6767,5,29,ደግሞም በዚያ የዔናቅን ዘሮች አየን፤ በአዜብ በኩል ዐማሌቅ ተቀምጦአል፤ በተራሮችዋም ኬጤዎናዊውና ኤዌዎናዊውም፥ ኢያቡሴዎናዊው፥ አሞሬዎናዊውም ተቀምጠዋል፤ ከነዓናዊውም በባሕር ዳርና በዮርዳኖስ ወንዝ አጠገብ ተቀምጦአል።”
37777561-a77e-5a1b-a41d-3d48eea66ac3,d7a33630-d73d-501c-ad75-6de874579369,1ffb1898-4ba5-5389-a494-a24b34ea6767,6,30,ካሌብም ሕዝቡን በሙሴ ፊት ዝም አሰኘና፥ “አይደለም! ማሸነፍን እንችላለንና እንውጣ፤ እንውረሳት” አለ።
ba274ac0-787a-5c64-a493-494e29926a1b,d7a33630-d73d-501c-ad75-6de874579369,1ffb1898-4ba5-5389-a494-a24b34ea6767,7,31,ከእርሱ ጋር የወጡ ሰዎች ግን ፥ “በኀይል ከእኛ ይበረታሉና በዚህ ሕዝብ ላይ መውጣት አንችልም” አሉ።
3c48f7fd-c35f-5624-a8dc-13b99e3a5e3e,d7a33630-d73d-501c-ad75-6de874579369,1ffb1898-4ba5-5389-a494-a24b34ea6767,8,32,ስለ ሰለሉአትም ምድር ለእስራኤል ልጆች እያወሩ፥ “እኛ ዞረን የሰለልናት ምድር የሚኖሩባትን ሰዎች የምትበላ ምድር ናት፤ በእርስዋም ዘንድ ያየናቸው ሰዎች ሁሉ ረጃጅም ሰዎች ናቸው፤
9043fdcd-45a5-5f3f-aa0c-f88b18001007,d7a33630-d73d-501c-ad75-6de874579369,1ffb1898-4ba5-5389-a494-a24b34ea6767,9,33,በዚያም ግዙፋን የሆኑትን አየን፤ እኛም በእነርሱ ፊት እንደ አንበጣዎች ሆን፤ እንዲሁም በፊታቸው ነበርን፤” እያሉ የሰለሉአትን ምድር ለእስራኤል ልጆች አስፈሪ አደረጓት።
04ed61bd-43f0-58ce-a431-3e257b006e51,6c732036-acd1-50a1-a414-5888b2d783ba,cf5638ae-2a59-55a3-a089-e97176b9811a,1,1,ማኅበሩም ሁሉ ድምፃቸውን አንስተው ጮኹ፤ ሕዝቡም ሌሊቱን ሁሉ አለቀሱ።
9b5013bf-d8ff-5c3f-a376-e93fd373eb9b,6c732036-acd1-50a1-a414-5888b2d783ba,cf5638ae-2a59-55a3-a089-e97176b9811a,2,2,የእስራኤልም ልጆች ሁሉ በሙሴና በአሮን ላይ አጕረመረሙ፤ ማኅበሩም ሁሉ፥ “በዚህ ምድረ በዳ ከምንሞት በግብፅ ምድር ሳለን ብንሞት በተሻለን ነበር።
4963d0ee-c0a9-5fb7-aa66-a799775283ff,6c732036-acd1-50a1-a414-5888b2d783ba,cf5638ae-2a59-55a3-a089-e97176b9811a,3,3,እግዚአብሔርም በጦርነት እንሞት ዘንድ ወደዚች ምድር ለምን ያገባናል? ሴቶቻችንና ልጆቻችን ለንጥቂያ ይሆናሉ፤ አሁንም ወደ ግብፅ መመለስ አይሻለንምን?” አሉአቸው።
822ee1d9-52df-58bc-a9c9-667f78d06f59,6c732036-acd1-50a1-a414-5888b2d783ba,cf5638ae-2a59-55a3-a089-e97176b9811a,4,4,እርስ በርሳቸውም፥ “ኑ፥ አለቃ ሾመን ወደ ግብፅ እንመለስ” ተባባሉ።
8fcc08c4-576d-51c7-ac80-856ae7996474,6c732036-acd1-50a1-a414-5888b2d783ba,cf5638ae-2a59-55a3-a089-e97176b9811a,5,5,ሙሴና አሮንም በእስራኤል ልጆች ጉባኤ ፊት በግንባራቸው ወደቁ።
8d916805-42e2-5116-aff3-5830cc5bc75a,6c732036-acd1-50a1-a414-5888b2d783ba,cf5638ae-2a59-55a3-a089-e97176b9811a,6,6,ምድሪቱን ከሰለሉት ጋር የነበሩት የነዌ ልጅ ኢያሱና የዮፎኒ ልጅ ካሌብ ልብሳቸውን ቀደዱ፤
01a737ce-8515-58e2-ae02-16a46c4a63bb,6c732036-acd1-50a1-a414-5888b2d783ba,cf5638ae-2a59-55a3-a089-e97176b9811a,7,7,ለእስራኤልም ልጆች ማኅበር ሁሉ “የሰለልናት ምድር እጅግ በጣም መልካም ናት።
4d688a52-6ada-52a9-a3bc-6ed268dc189a,6c732036-acd1-50a1-a414-5888b2d783ba,cf5638ae-2a59-55a3-a089-e97176b9811a,8,8,እግዚአብሔርስ ከመረጠን ወተትና ማር ወደምታፈስሰው ወደዚች ምድር ያገባናል፤ እርስዋንም ይሰጠናል።
4244dc65-fa90-58b4-abd1-51ffacc71ffd,6c732036-acd1-50a1-a414-5888b2d783ba,cf5638ae-2a59-55a3-a089-e97176b9811a,9,9,ነገር ግን እናንተ በእግዚአብሔር ላይ አታምፁ፤ እኛ እናጠፋቸዋለንና የምድሪቱን ሰዎች አትፍሩ፤ ጊዜአቸው አልፎባቸዋል፤ እግዚአብሔርም ከእኛ ጋር ነው፤ አትፍሩአቸው” ብለው ተናገሩአቸው።
6b1a8a80-f903-5e50-a8c5-70f2495dfd6c,6c732036-acd1-50a1-a414-5888b2d783ba,cf5638ae-2a59-55a3-a089-e97176b9811a,10,10,ማኅበሩ ሁሉ ግን “በድንጋይ እንውገራቸው” አሉ። የእግዚአብሔርም ክብር ለእስራኤል ልጆች ሁሉ በምስክሩ ድንኳን ተገለጠ።
8e5a4240-3529-5cd0-a2d2-b4485966ca3f,6c732036-acd1-50a1-a414-5888b2d783ba,61825db4-9753-5bae-a046-620163c243f5,1,11,እግዚአብሔርም ሙሴን፥ “እኒህ ሕዝብ እስከ መቼ ያስቈጡኛል? በፊታቸውስ ባደረግሁት ተአምራት ሁሉ እስከ መቼ አያምኑብኝም?
2d3432fe-bad1-5aef-ac72-28c36a0ec496,6c732036-acd1-50a1-a414-5888b2d783ba,61825db4-9753-5bae-a046-620163c243f5,2,12,በሞት እቀጣቸዋለሁ፤ አጠፋቸዋለሁም፤ አንተንና የአባትህን ቤት ግን ለታላቅና ከዚህ ለሚበዛ ሕዝብ አደርግሃለሁ” አለው።
8143299a-e7c8-5456-ab11-23b99d6f93cc,6c732036-acd1-50a1-a414-5888b2d783ba,61825db4-9753-5bae-a046-620163c243f5,3,13,ሙሴም እግዚአብሔርን አለው፥ “ግብፃውያን ይሰማሉ፤ እኒህን ሕዝብ ከእነርሱ በኀይልህ አውጥተኻቸዋልና፤
64b94765-3ee4-5425-af2b-f4038b20ea59,6c732036-acd1-50a1-a414-5888b2d783ba,61825db4-9753-5bae-a046-620163c243f5,4,14,የዚያች ምድር ሰዎች፥ አንተ እግዚአብሔር በዚህ ሕዝብህ መካከል እንደ ሆንህ ሰምተዋል፤ አንተም፥ አቤቱ፥ ዐይን በዐይን እንደሚተያይ ተገልጠህላቸዋል። ደመናህም በላያቸው ቆመች። በቀንም በደመና ዐምድ ፥ በሌሊትም በእሳት ዐምድ በፊታቸው ትሄዳለህ።
07d899c2-34fe-5b8d-a0ac-ed70f298271a,6c732036-acd1-50a1-a414-5888b2d783ba,61825db4-9753-5bae-a046-620163c243f5,5,15,እኒህን ሕዝብ እንደ አንድ ሰው ብትገድል ስምህን የሰሙ አሕዛብ፦
b5e17a6e-b6b4-5497-a8f2-2a2afe6032b7,6c732036-acd1-50a1-a414-5888b2d783ba,61825db4-9753-5bae-a046-620163c243f5,6,16,እግዚአብሔር ‘እነዚህን ሕዝብ ወደ ማለላቸው ምድር ያገባቸው ዘንድ አልቻለምና በምድረ በዳ ገደላቸው’ ብለው ይናገራሉ።
b749dded-c1bd-5a57-adca-e7f4d76977e7,6c732036-acd1-50a1-a414-5888b2d783ba,61825db4-9753-5bae-a046-620163c243f5,7,17,አሁንም አቤቱ፥ ኀይልህ ይገለጥ፤ እንዲህ ብለህ እንደ ተናገርህ፦
043c2e61-fe19-55fd-abe1-1ab1aec7b2ea,6c732036-acd1-50a1-a414-5888b2d783ba,61825db4-9753-5bae-a046-620163c243f5,8,18,እግዚአብሔር መዓቱ የራቀ ምሕረቱ የበዛ ጻድቅ፥ አበሳን፥ መተላለፍንና ኀጢአትን ይቅር የሚል፥ ኀጢአተኞችንም ከቶ የማያነጻ፥ የአባቶችን ኀጢአት እስከ ሦስትና አራት ትውልድ ድረስ በልጆች ላይ የሚያመጣ ነው።
a12e2aa9-af8e-517d-a0a0-62e34591db21,6c732036-acd1-50a1-a414-5888b2d783ba,61825db4-9753-5bae-a046-620163c243f5,9,19,እነዚህን ሕዝብ ከግብፅ ምድር ካወጣህ ጀምሮ እስከ ዛሬ ድረስ ይቅር እንዳልሃቸው፥ እንደ ምሕረትህ ብዛት የእነዚህን ሕዝብ ኀጢአት ይቅር በል።”
4cb8ca36-8cb5-5746-aa59-72ca7b52f641,6c732036-acd1-50a1-a414-5888b2d783ba,61825db4-9753-5bae-a046-620163c243f5,10,20,እግዚአብሔርም ሙሴን አለው፥ “እንደ ቃልህ ይቅር አልሁ፤
30008953-cd2a-5983-a4b9-4e7818cbec16,6c732036-acd1-50a1-a414-5888b2d783ba,61825db4-9753-5bae-a046-620163c243f5,11,21,ነገር ግን እኔ ሕያው ነኝ፤ ስሜም ሕያው ነው፤ በእውነት የእግዚአብሔር ክብር ምድርን ሁሉ ይሞላል።
23aafc50-13c7-52b6-a3f5-b36910dd6d17,6c732036-acd1-50a1-a414-5888b2d783ba,61825db4-9753-5bae-a046-620163c243f5,12,22,በግብፅ ምድርና በምድረ በዳ ያደረግሁትን ተአምራቴንና ክብሬን ያዩ እነዚህ ሰዎች ሁሉ ዐሥር ጊዜ ስለ ተፈታተኑኝ፥ ቃሌንም ስላልሰሙ፥
d68596c0-eee6-5626-a4b3-ed7cb6bf5e6c,6c732036-acd1-50a1-a414-5888b2d783ba,61825db4-9753-5bae-a046-620163c243f5,13,23,በእውነት ለአባቶቻቸው የማልሁላቸውን ምድር አያዩም፤ ከእኔ ጋር በዚህ ላሉ መልካምንና ክፉን ለይተው ለማያውቁ ልጆቻቸው፥ የሚያውቀው ለሌለ ለታናሹ ሁሉ ያችን ሀገር እሰጣታለሁ፤ ለጥፋት ያነሳሱኝ ሁሉ አያዩአትም።
938fa080-1ef6-5823-a240-208900432d3a,6c732036-acd1-50a1-a414-5888b2d783ba,61825db4-9753-5bae-a046-620163c243f5,14,24,ወዳጄ ካሌብ ግን ሌላ መንፈስ በእርሱ ላይ ስለ ሆነና ስለ ተከተለኝ እርሱ ወደ ገባባት ምድር አገባዋለሁ፤ ዘሩም ይወርሳታል።
739aa4cc-a5a7-5138-a857-4276d496f5c6,6c732036-acd1-50a1-a414-5888b2d783ba,61825db4-9753-5bae-a046-620163c243f5,15,25,ዐማሌቅና ከነዓናዊውም በሸለቆ ውስጥ ተቀምጠዋል፤ እናንተ ግን ነገ ተመልሳችሁ በኤርትራ ባሕር መንገድ ወደ ምድረ በዳ ሂዱ።”
e5025565-3489-5d45-a960-8261a6fe1c53,6c732036-acd1-50a1-a414-5888b2d783ba,2d80aa50-9868-539e-af1a-804336bef2fa,1,26,እግዚአብሔርም ሙሴንና አሮንን እንዲህ ብሎ ተናገራቸው፦
438ef9a9-a9c8-5142-a154-635c2ec16d4f,6c732036-acd1-50a1-a414-5888b2d783ba,2d80aa50-9868-539e-af1a-804336bef2fa,2,27,“የሚያጕረመርሙብኝን እኒህን ክፉ ማኅበር እስከ መቼ እታገሣቸዋለሁ? ስለ እናንተ በእኔ ላይ የሚያጕረመርሙትን የእስራኤል ልጆች ማጕረምረምን ሰማሁ።
bf451ee8-1de2-5583-aea9-93988a27dffe,6c732036-acd1-50a1-a414-5888b2d783ba,2d80aa50-9868-539e-af1a-804336bef2fa,3,28,እንዲህ በላቸው፦ እኔ ሕያው ነኝና በጆሮዬ እንደ ተናገራችሁት እንዲሁ በእውነት አደርግባችኋለሁ፥ ይላል እግዚአብሔር።
33b59841-c3a2-5fe8-ab4f-4d5b77e6f719,6c732036-acd1-50a1-a414-5888b2d783ba,2d80aa50-9868-539e-af1a-804336bef2fa,4,29,በድኖቻችሁ በዚህ ምድረ በዳ ይወድቃሉ፤ የተቈጠራችሁ ሁሉ፥ እንደ ቍጥራችሁ ከሃያ ዓመት ጀምሮ ከዚያም በላይ የሆነ ሁሉ፥ እናንተ ያጕረመረማችሁብኝ፥
83c6d2e8-e697-5620-a339-82229f177f79,6c732036-acd1-50a1-a414-5888b2d783ba,2d80aa50-9868-539e-af1a-804336bef2fa,5,30,ከዮፎኒ ልጅ ከካሌብና ከነዌ ልጅ ከኢያሱ በቀር በእርስዋ አስቀምጣችሁ ዘንድ እጄን ዘርግቼ ወደ ማልሁላችሁ ምድር በእውነት እናንተ አትገቡም።
923c65a8-6f07-5ea4-ae99-07dbeeb70caa,6c732036-acd1-50a1-a414-5888b2d783ba,2d80aa50-9868-539e-af1a-804336bef2fa,6,31,ንጥቂያ ይሆናሉ ያላችኋቸውን ልጆቻችሁን እነርሱን አገባቸዋለሁ፤ እናንተም የናቃችኋትን ምድር ይወርሷታል።
8d148f1e-e9ff-5a22-a020-6a30aa5fbe47,6c732036-acd1-50a1-a414-5888b2d783ba,2d80aa50-9868-539e-af1a-804336bef2fa,7,32,የእናንተ ግን በድኖቻችሁ በዚህ ምድረ በዳ ይወድቃሉ።
09f947a5-2cf3-537e-a8bf-b1bf7a68810f,6c732036-acd1-50a1-a414-5888b2d783ba,2d80aa50-9868-539e-af1a-804336bef2fa,8,33,ልጆቻችሁም በምድረ በዳ አርባ ዓመት ይቅበዘበዛሉ፤ በድኖቻችሁም በምድረ በዳ እስኪጠፉ ድረስ ግልሙትናችሁን ይሸከማሉ።
ccd6303f-8c1e-5c2f-af04-5b78ccbac960,6c732036-acd1-50a1-a414-5888b2d783ba,2d80aa50-9868-539e-af1a-804336bef2fa,9,34,ምድሪቱን እንደ ሰለሉባቸው እንደ እነዚያ አርባ ቀኖች ቍጥር ስለ ኀጢአታችሁ ሁሉ አርባው ቀን አርባ ዓመት፥ አንዱ ቀንም አንድ ዓመት ይሁንባችሁ፤ እንግዲህ የቍጣዬን መቅሠፍት ታውቃላችሁ።
c8311df2-b40f-50ad-a082-e6d7f0c25ef1,6c732036-acd1-50a1-a414-5888b2d783ba,2d80aa50-9868-539e-af1a-804336bef2fa,10,35,እኔ እግዚአብሔር፦ በእኔ ላይ በተሰበሰበ በዚህ ክፉ ማኅበር ሁሉ ላይ እንዲህ አደርጋለሁ ብዬ ተናገርሁ፤ በዚህ ምድረ በዳ ያልቃሉ፤ በዚያም ይሞታሉ።”
2a8bed1c-63f4-5d64-aa26-82f1ce5a1c30,6c732036-acd1-50a1-a414-5888b2d783ba,2d80aa50-9868-539e-af1a-804336bef2fa,11,36,ምድሪቱንም ሊሰልሉ ሙሴ ልኮአቸው የተመለሱት ሰዎች ስለ እርስዋ በማኅበሩ ሁሉ ፊት አጕረመረሙ።
ad6f92bb-86f8-535f-a4fd-249b70a81503,6c732036-acd1-50a1-a414-5888b2d783ba,2d80aa50-9868-539e-af1a-804336bef2fa,12,37,ስለዚያችም ምድር ክፉን ነገር ተናገሩ፤ ስለዚያችም ምድር ክፉ የተናገሩ እነዚያ ሰዎች በእግዚአብሔር ፊት በመቅሠፍት ሞቱ፤ ምድሪቱ ግን መልካም ነበረች።
22ba3af6-0e37-59e4-a27b-9743beb75b42,6c732036-acd1-50a1-a414-5888b2d783ba,2d80aa50-9868-539e-af1a-804336bef2fa,13,38,ነገር ግን ምድሪቱን ሊሰልሉ ከሄዱ ሰዎች የነዌ ልጅ ኢያሱና የዮፎኒ ልጅ ካሌብ በሕይወት ኖሩ።
4c14e800-8ddb-56e9-a68d-5fe5cf154800,6c732036-acd1-50a1-a414-5888b2d783ba,eb84f0e0-043c-534f-aab2-36558db45001,1,39,ሙሴም ይህን ነገር ለእስራኤል ልጆች ሁሉ ነገረ። ሕዝቡም እጅግ አዘኑ፤
6588d7e8-e53b-5516-af13-afec738adbf5,6c732036-acd1-50a1-a414-5888b2d783ba,eb84f0e0-043c-534f-aab2-36558db45001,2,40,በነጋውም ማልደው ተነሡ፤ ወደ ተራራውም ራስ ወጥተው፥ “እነሆ፥ እኛ ከዚህ አለን፤ በድለናልና እግዚአብሔር ወዳለው ስፍራ እንወጣለን” አሉ።
21d8750a-6c0c-50ab-ad6d-68732e730aae,6c732036-acd1-50a1-a414-5888b2d783ba,eb84f0e0-043c-534f-aab2-36558db45001,3,41,ሙሴም አለ፥ “የእግዚአብሔርን ትእዛዝ ለምን ትተላለፋላችሁ? ይህ ለእናንተ መልካም አይደለም።
25886dbc-6476-5e48-a8ce-d046b48c7924,6c732036-acd1-50a1-a414-5888b2d783ba,eb84f0e0-043c-534f-aab2-36558db45001,4,42,እግዚአብሔር ከእናንተ ጋር አይደለምና በጠላቶቻችሁ ፊት እንዳትወድቁ አትውጡ።
8b22b0ab-6fb7-51e1-ade3-1da9587e1d8a,6c732036-acd1-50a1-a414-5888b2d783ba,eb84f0e0-043c-534f-aab2-36558db45001,5,43,ዐማሌቃዊና ከነዓናዊ በፊታችሁ ናቸውና በሰይፍ ትወድቃላችሁ፤ እግዚአብሔርን ከመከተል ተመልሳችኋልና እግዚአብሔር ከእናንተ ጋር አይሆንም።”
c955cf0a-eebd-5c1a-a56a-daddf9d72c96,6c732036-acd1-50a1-a414-5888b2d783ba,eb84f0e0-043c-534f-aab2-36558db45001,6,44,እነርሱ ግን ተደፋፍረው ወደ ተራራው ራስ ወጡ፤ ነገር ግን የእግዚአብሔር ቃል ኪዳን ታቦትና ሙሴ ከሰፈሩ አልተንቀሳቀሱም።
ee47cded-96d2-55a1-a8a7-cd2709a03f7b,6c732036-acd1-50a1-a414-5888b2d783ba,eb84f0e0-043c-534f-aab2-36558db45001,7,45,በዚያም ተራራ ላይ የተቀመጡ ዐማሌቃዊና ከነዓናዊ ወረዱ፤ መትተዋቸውም እስከ ኤርማ ድረስ አሳደዱአቸው። ወደ ከተማም ተመለሱ።
5093c023-24e4-5e5c-afe8-c4108968bc38,85715fba-ee7d-51cb-a1a6-aece0f0b9815,aef6359a-9f48-5fa0-ae08-e9f97baa3f17,1,1,እግዚአብሔርም ሙሴን እንዲህ ብሎ ተናገረው፦
397deeac-ec19-542e-aea0-e2d4a4a1a892,85715fba-ee7d-51cb-a1a6-aece0f0b9815,aef6359a-9f48-5fa0-ae08-e9f97baa3f17,2,2,“ለእስራኤል ልጆች እንዲህ ብለህ ንገራቸው፦ ወደምሰጣችሁ ወደ መኖሪያችሁ ምድር በገባችሁ ጊዜ፥
4f98fbc5-bdbb-5e59-a875-61a7e20ac9d4,85715fba-ee7d-51cb-a1a6-aece0f0b9815,aef6359a-9f48-5fa0-ae08-e9f97baa3f17,3,3,በፈቃዳችሁም ቢሆን በበዓላችሁም ቢሆን ለእግዚአብሔር በጎ መዓዛ ይሆን ዘንድ ስእለቱን አብዝታችሁ በአመጣችሁ ጊዜ ከላም ወይም ከበግ የሚቃጠል መሥዋዕት ወይም መሥዋዕት የሚሆን የእሳት ቍርባን ለእግዚአብሔር አቅርቡ።
5a2915ec-c91d-539c-ac50-74ffce5f6c0a,85715fba-ee7d-51cb-a1a6-aece0f0b9815,aef6359a-9f48-5fa0-ae08-e9f97baa3f17,4,4,ቍርባኑን ለእግዚአብሔር የሚያቀርብ የኢፍ መስፈሪያ አራተኛ እጅ በሆነ ዘይት የተለወሰ የኢፍ መስፈሪያ ዐሥረኛ እጅ የሆነ የመልካም ዱቄት መሥዋዕት ያመጣል።
c78a64f8-383c-55ec-ae0d-b2b31076376c,85715fba-ee7d-51cb-a1a6-aece0f0b9815,aef6359a-9f48-5fa0-ae08-e9f97baa3f17,5,5,ለመጠጥ ቍርባንም የኢን መስፈሪያ የሆነ መልካም ዱቄት አራተኛ እጅ በሚቃጠለው መሥዋዕት ወይም በእህሉ ቍርባን ላይ ያደርጋል፤ ለእያንዳንዱ ጠቦት ለእግዚአብሔር በጎ መዓዛ ያለው መሥዋዕት ይሆን ዘንድ ይህን ያህል ያድርግ።
0348b791-6dc1-567f-a0d2-87c477c4d174,85715fba-ee7d-51cb-a1a6-aece0f0b9815,aef6359a-9f48-5fa0-ae08-e9f97baa3f17,6,6,ለአንዱም አውራ በግ የሚቃጠል ቍርባን ወይም መሥዋዕት ባደረጋችሁ ጊዜ የኢን መስፈሪያ ሢሶ በሆነ ዘይት የተለወሰ ከመስፈሪያው ከዐሥር እጅ ሁለት እጅ መልካም ዱቄት ለእህል ቍርባን ታዘጋጃላችሁ።
bd96bcaa-19d3-5dfd-a4af-f6590e4db19f,85715fba-ee7d-51cb-a1a6-aece0f0b9815,aef6359a-9f48-5fa0-ae08-e9f97baa3f17,7,7,ለመጠጥ ቍርባንም ለእግዚአብሔር በጎ መዓዛ እንዲሆን የኢን መስፈሪያ ሦስተኛ እጅ ወይን ታቀርባለህ።
dd50e142-5b91-546c-a979-dc7f0e135c4b,85715fba-ee7d-51cb-a1a6-aece0f0b9815,aef6359a-9f48-5fa0-ae08-e9f97baa3f17,8,8,ለሚቃጠልም መሥዋዕት፥ ወይም ለሌላ መሥዋዕት፥ ወይም ስእለትን ለመፈጸም፥ ወይም ለደኅንነት መሥዋዕት ከላም ወገን ለእግዚአብሔር ብታዘጋጅ፥
e2c8faef-2501-57f2-a713-deda546977ba,85715fba-ee7d-51cb-a1a6-aece0f0b9815,aef6359a-9f48-5fa0-ae08-e9f97baa3f17,9,9,በላሙ ላይ የኢን መስፈሪያ ግማሽ በሆነ ዘይት የተለወሰ ከመስፈሪያው ከዐሥር እጅ ሦስት እጅ መልካም ዱቄት ለእህል ቍርባን ታቀርባለህ።
152d4931-71fd-55fd-a40f-0c8d66815615,85715fba-ee7d-51cb-a1a6-aece0f0b9815,aef6359a-9f48-5fa0-ae08-e9f97baa3f17,10,10,ለእግዚአብሔር በጎ መዓዛ እንዲሆን በእሳት ለተደረገ ቍርባን፥ የኢን መስፈሪያ ግማሽ ወይን ለመጠጥ ቍርባን ታቀርባለህ።
d40881b7-a73f-59c0-add5-f50e97c43c02,85715fba-ee7d-51cb-a1a6-aece0f0b9815,aef6359a-9f48-5fa0-ae08-e9f97baa3f17,11,11,“እንዲሁ ለእያንዳንዱ ወይፈን፥ ወይም ለእያንዳንዱ አውራ በግ፥ ወይም ለእያንዳንዱ ተባት የበግ ወይም የፍየል ጠቦት ይደረጋል።
3780106b-5482-591b-a0dc-f11ea8e84b46,85715fba-ee7d-51cb-a1a6-aece0f0b9815,aef6359a-9f48-5fa0-ae08-e9f97baa3f17,12,12,እንዳዘጋጃችሁት ቍጥር፥ እንዲሁ እንደ ቍጥራቸው ለእያንዳንዱ ታደርጋላችሁ።
bec79f91-a10b-5c02-a448-2fed14524d75,85715fba-ee7d-51cb-a1a6-aece0f0b9815,aef6359a-9f48-5fa0-ae08-e9f97baa3f17,13,13,የሀገር ልጅ ሁሉ ለእግዚአብሔር በጎ መዓዛ እንዲሆን ቍርባን ባቀረበ ጊዜ እንዲሁ ያደርጋል።
920ed89b-b3a4-5a82-a5df-73ce0b3e8f49,85715fba-ee7d-51cb-a1a6-aece0f0b9815,aef6359a-9f48-5fa0-ae08-e9f97baa3f17,14,14,መጻተኛም ከእናንተ ጋር ቢቀመጥ፥ ወይም በትውልዳችሁ መካከል ማንም ሰው ቢኖር፥ ለእግዚአብሔር በጎ መዓዛ እንዲሆን ቍርባን በእሳት ቢያቀርብ እናንተ የምታደርጉትን እርሱ እንዲሁ ያደርጋል።
3b1b4755-b64e-58d3-a2e6-a05beed9e84f,85715fba-ee7d-51cb-a1a6-aece0f0b9815,aef6359a-9f48-5fa0-ae08-e9f97baa3f17,15,15,ለእናንተ፥ በእናንተም መካከል ለሚኖሩ መጻተኞች አንድ ሥርዐት ይሆናል፤ ለልጅ ልጃችሁም የዘለዓለም ሥርዐት ይሆናል፤ እናንተ እንደ ሆናችሁ እንዲሁ በእግዚአብሔር ፊት መጻተኛ ይሆናል።
0bf1b29a-cc1b-54a2-a2ab-a620ab4cbe83,85715fba-ee7d-51cb-a1a6-aece0f0b9815,aef6359a-9f48-5fa0-ae08-e9f97baa3f17,16,16,ለእናንተና ከእናንተ ጋር ለሚኖር መጻተኛ አንድ ሕግና አንድ ፍርድ ይሆናል።”
1f137b34-3af3-5237-a418-0c635b7fee8d,85715fba-ee7d-51cb-a1a6-aece0f0b9815,aef6359a-9f48-5fa0-ae08-e9f97baa3f17,17,17,እግዚአብሔርም ሙሴን እንዲህ ብሎ፤ ተናገረው፦
5415ca4e-aa13-56dd-a017-c9b086fc3f1b,85715fba-ee7d-51cb-a1a6-aece0f0b9815,aef6359a-9f48-5fa0-ae08-e9f97baa3f17,18,18,“ለእስራኤል ልጆች እንዲህ ብለህ ንገራቸው፤
119bb083-1369-5050-a9c8-48ed233293eb,85715fba-ee7d-51cb-a1a6-aece0f0b9815,aef6359a-9f48-5fa0-ae08-e9f97baa3f17,19,19,ወደማመጣችሁ ምድር በገባችሁ ጊዜ፥ እናንተ የምድሪቱን እንጀራ በበላችሁ ጊዜ ለእግዚአብሔር የተለየ ቍርባን ታደርጋላችሁ።
0daf63f9-e3d6-5655-a61c-d2af3b4304a6,85715fba-ee7d-51cb-a1a6-aece0f0b9815,aef6359a-9f48-5fa0-ae08-e9f97baa3f17,20,20,መጀመሪያ ከምታደርጉት ሊጥ አንድ እንጎቻ ለይታችሁ ቍርባን ታቀርባላችሁ፤ ከአውድማውም እንደምትለዩት ቍርባን እንዲሁ ትለያላችሁ።
76abd831-1009-5dfc-aa29-7be551836186,85715fba-ee7d-51cb-a1a6-aece0f0b9815,aef6359a-9f48-5fa0-ae08-e9f97baa3f17,21,21,መጀመሪያም ከምታደርጉት ሊጥ የተለየ ቍርባን እስከ ልጅ ልጃችሁ ለእግዚአብሔር ትሰጣላችሁ።
271822ed-bffb-5b95-aba0-793698bcc2a6,85715fba-ee7d-51cb-a1a6-aece0f0b9815,76c0be3b-07ee-5975-a561-696723bb79d1,1,22,“ብትበድሉም፥ እግዚአብሔር ለሙሴ ያዘዛቸውን እነዚህን ትእዛዛት ሁሉ ባታደርጉ፥
f3cca455-d51e-5e9a-a069-c6628f878f0e,85715fba-ee7d-51cb-a1a6-aece0f0b9815,76c0be3b-07ee-5975-a561-696723bb79d1,2,23,እግዚአብሔር ካዘዘበት ከፊተኛው ቀን ጀምሮ ወደ ፊትም እስከ ልጅ ልጃችሁ እግዚአብሔር በሙሴ እጅ እንደ አዘዛችሁ ባታደርጉ፥
f03b5fac-d5eb-556c-a92b-834b2cacee59,85715fba-ee7d-51cb-a1a6-aece0f0b9815,76c0be3b-07ee-5975-a561-696723bb79d1,3,24,በማኅበሩም ፊት ያልታወቀ ኀጢአት ቢኖር፥ ማኅበሩ ሁሉ ለሚቃጠል መሥዋዕትና ለእግዚአብሔር በጎ መዓዛ እንዲሆን ከመንጋዎች አንድ ንጹሕ ወይፈን ያቀርባሉ። የእህሉ ቍርባንና የመጠጡ ቍርባንም እንደ ሕጉ ነው፤ ለኀጢአትም መሥዋዕት አንድ አውራ ፍየል ያቀርባሉ።
cdb5571e-c6e5-56d4-af6f-20bb73e58b11,85715fba-ee7d-51cb-a1a6-aece0f0b9815,76c0be3b-07ee-5975-a561-696723bb79d1,4,25,ካህኑም ለእስራኤል ልጆች ማኅበር ሁሉ ያስተሰርይላቸዋል፤ ባለማወቅ ነበርና ይሰረይላቸዋል፤ እነርሱም ስለ ኀጢአታቸውና ስላለማወቃቸው ቍርባናቸውንና መሥዋዕታቸውን ለእግዚአብሔር ያቀርባሉ።
dcf93386-93d5-50fb-aca6-e2dd4ff0174d,85715fba-ee7d-51cb-a1a6-aece0f0b9815,76c0be3b-07ee-5975-a561-696723bb79d1,5,26,በሕዝቡም ሁሉ ዘንድ ያለ ዕውቀት ተደርጎአልና ለእስራኤል ልጆች ማኅበር ሁሉ ወደ እናንተም ለሚመጣ መጻተኛ ስርየት ይደረግላቸዋል።
003cd38f-8a85-5481-aebc-60285e7bf008,85715fba-ee7d-51cb-a1a6-aece0f0b9815,76c0be3b-07ee-5975-a561-696723bb79d1,6,27,“አንድ ሰው ሳያውቅ ኀጢአት ቢሠራ፥ ስለ ኀጢአት አንዲት የአንድ ዓመት እንስት ፍየል ያቀርባል።
0d84c58f-4abd-5cdd-a6f0-5a0fc4198c09,85715fba-ee7d-51cb-a1a6-aece0f0b9815,76c0be3b-07ee-5975-a561-696723bb79d1,7,28,ካህኑም ባለማወቅ ስለ በደለው ያስተሰርያል፤ ባለማወቅም በእግዚአብሔር ፊት ኀጢአት ስለ ሠራው ሰው ያስተሰርይለታል።
8836a4fa-a765-59dd-a4d9-ec0be5bd385a,85715fba-ee7d-51cb-a1a6-aece0f0b9815,76c0be3b-07ee-5975-a561-696723bb79d1,8,29,ትውልዱ በእስራኤል ልጆች መካከል ቢሆን፥ ወይም በመካከላቸው የሚኖር መጻተኛ ቢሆን፥ ሳያውቅ ኀጢአትን ለሚሠራ ሁሉ ሕጉ አንድ ይሆንለታል።
52e0e0f6-e443-5807-a75b-89d94620fa2c,85715fba-ee7d-51cb-a1a6-aece0f0b9815,76c0be3b-07ee-5975-a561-696723bb79d1,9,30,የሀገር ልጅ ቢሆንም ወይም መጻተኛ ቢሆን፥ በእጁ ትዕቢትን የሚያደርግ ሰው እግዚአብሔርን ሰድቦአል፤ ያም ሰው ከሕዝቡ መካከል ተለይቶ ይጠፋል።
d819fec6-9dc6-5974-a569-e64915577d44,85715fba-ee7d-51cb-a1a6-aece0f0b9815,76c0be3b-07ee-5975-a561-696723bb79d1,10,31,የእግዚአብሔርን ቃል ስለናቀ፥ ትእዛዙንም ስለ ሰበረ፥ ያ ሰው ፈጽሞ ይጥፋ፤ ኀጢአቱ በራሱ ላይ ነው።”
34d94212-780d-5c29-a708-8340719b2c8f,85715fba-ee7d-51cb-a1a6-aece0f0b9815,583e7a52-c871-5d40-a4c8-4728242952d5,1,32,የእስራኤልም ልጆች በምድረ በዳ ነበሩ፤ አንድ ሰውም በሰንበት ቀን ዕንጨት ሲለቅም አገኙ።
8da21399-55fe-5cf9-a0d5-9e4614feda53,85715fba-ee7d-51cb-a1a6-aece0f0b9815,583e7a52-c871-5d40-a4c8-4728242952d5,2,33,በሰንበት ቀን ዕንጨት ሲለቅም ያገኙትም ሰዎች ወደ ሙሴና ወደ አሮን፥ ወደ እስራኤልም ልጆች ማኅበር ሁሉ አመጡት።
91b85e54-d429-59db-a5c0-7ddcf1647b60,85715fba-ee7d-51cb-a1a6-aece0f0b9815,583e7a52-c871-5d40-a4c8-4728242952d5,3,34,እንዴት እንደሚያደርጉት አልፈረዱምና በግዞት ቤት አዋሉት።
8fe336a2-301c-5660-ac11-41ce1e952d1a,85715fba-ee7d-51cb-a1a6-aece0f0b9815,583e7a52-c871-5d40-a4c8-4728242952d5,4,35,እግዚአብሔርም ሙሴን እንዲህ ብሎ ነገረው፥ “ሰውዬው ይገደል፤ ማኅበሩም ሁሉ በድንጋይ ይውገሩት” አለው።
a1c45bde-6524-5df7-abec-8b876480793c,85715fba-ee7d-51cb-a1a6-aece0f0b9815,583e7a52-c871-5d40-a4c8-4728242952d5,5,36,ማኅበሩም ሁሉ ከሰፈሩ ወደ ውጭ አወጡት፤ እግዚአብሔርም ሙሴን እንዳዘዘው በድንጋይ ወገሩት።
b0d67fd6-e0fd-52fb-a176-f1a87718c20b,85715fba-ee7d-51cb-a1a6-aece0f0b9815,9e66eeba-0105-5de2-aa36-33804e5f0576,1,37,እግዚአብሔርም ሙሴን እንዲህ ብሎ ተናገረው፦
4dc66d5a-d020-5f0f-a6be-b81133c30e55,85715fba-ee7d-51cb-a1a6-aece0f0b9815,9e66eeba-0105-5de2-aa36-33804e5f0576,2,38,“ለእስራኤል ልጆች እንዲህ በላቸው፦ እነርሱም በትውልዳቸው ሁሉ በልብሳቸው ጫፍ ዘርፍ ያደርጉ ዘንድ፥ በዘርፉም ሁሉ ላይ ሰማያዊ ፈትል ያደርጉ ዘንድ እዘዛቸው።
0a27b3c0-b887-5572-af3e-8712b54d7bfa,85715fba-ee7d-51cb-a1a6-aece0f0b9815,9e66eeba-0105-5de2-aa36-33804e5f0576,3,39,እርሱም በዘርፉ ይሁንላችሁ፤ ትመለከቱታላችሁም፤ የእግዚአብሔርንም ትእዛዛት ታስባላችሁ፤ ታደርጉአቸውማላችሁ፤ እነርሱን በመከተል ያመነዘራችሁባትን የሕሊናችሁንና የዐይኖቻችሁን ፈቃድ አትከተሉ።
ad19183d-3e62-5261-a4fd-c0f9d9e875a8,85715fba-ee7d-51cb-a1a6-aece0f0b9815,9e66eeba-0105-5de2-aa36-33804e5f0576,4,40,ትእዛዙን ታስቡና ታደርጉ ዘንድ፥ ለአምላካችሁም ቅዱሳን ትሆኑ ዘንድ፤
ffd55b8b-1c9d-583e-acd6-42f4b04619ef,85715fba-ee7d-51cb-a1a6-aece0f0b9815,9e66eeba-0105-5de2-aa36-33804e5f0576,5,41,እኔ እግዚአብሔር አምላካችሁ ነኝ፤ አምላክ እሆናችሁ ዘንድ ከግብፅ ምድር ያወጣኋችሁ እኔ እግዚአብሔር አምላካችሁ ነኝ።”
78dda4ce-edb3-5480-ae6c-b651604c61e4,5c5422ac-2a87-5c61-a196-824f933f73a4,4ec2ebd9-1893-5fbe-a8a2-85d15f0be9ca,1,1,የሌዊም ልጅ የቀዓት ልጅ የይስዓር ልጅ ቆሬ ከኤልያብ ልጆች ከዳታንና ከአቤሮን፥ ከሮቤልም ልጅ ከፋሌት ልጅ ከአውናን ጋር ተናገረ።
194a52d5-53d1-5d4c-a543-90f9d97ac07f,5c5422ac-2a87-5c61-a196-824f933f73a4,4ec2ebd9-1893-5fbe-a8a2-85d15f0be9ca,2,2,በሙሴም ላይ ተነሡ፤ ከእስራኤልም ልጆች በምክር የተመረጡ፥ ዝናቸውም የተሰማ ሁለት መቶ አምሳ የማኅበሩ አለቆች ከእነርሱ ጋር ነበሩ።
8b27989c-7e28-5c25-a49e-c2129fdf334e,5c5422ac-2a87-5c61-a196-824f933f73a4,4ec2ebd9-1893-5fbe-a8a2-85d15f0be9ca,3,3,በሙሴና በአሮን ላይ ተነሡ፤ “ለእናንተ ይበቃችኋል፤ ማኅበሩ ሁሉ እያንዳንዳቸው ቅዱሳን ናቸውና፥ እግዚአብሔርም በመካከላቸው ነውና፤ በእግዚአብሔርስ ጉባኤ ላይ ለምን ትታበያላችሁ?” አሉአቸው።
44bcbf9b-c6d8-5f03-aa15-c051555a8f19,5c5422ac-2a87-5c61-a196-824f933f73a4,4ec2ebd9-1893-5fbe-a8a2-85d15f0be9ca,4,4,ሙሴም በሰማ ጊዜ በግንባሩ ወደቀ።
21e746fe-8f70-555a-afbd-1a4e8526a346,5c5422ac-2a87-5c61-a196-824f933f73a4,4ec2ebd9-1893-5fbe-a8a2-85d15f0be9ca,5,5,ለቆሬም ለማኅበሩም ሁሉ እንዲህ አላቸው፥ “ነገ እግዚአብሔር የእርሱ የሚሆኑትን፥ ቅዱሳንም የሆኑትን ያያል፥ ያውቃልም፤ የመረጣቸውንም ሰዎች ወደ እርሱ ያቀርባቸዋል።
0f3f7b9c-e959-5970-a71c-ab618fe6d2c1,5c5422ac-2a87-5c61-a196-824f933f73a4,4ec2ebd9-1893-5fbe-a8a2-85d15f0be9ca,6,6,እንዲሁ አድርጉ፤ ቆሬና ማኅበሩ ሁሉ፥ ጥናዎቹን ውሰዱ፤
c2b00f15-bfd3-5f69-aec0-a5eef0cc8f49,5c5422ac-2a87-5c61-a196-824f933f73a4,4ec2ebd9-1893-5fbe-a8a2-85d15f0be9ca,7,7,ነገም በእግዚአብሔር ፊት እሳት አድርጉባቸው፤ ዕጣንም ጨምሩባቸው፤ እግዚአብሔርም የሚመርጠው ይህ ሰው ለሌዊ ልጆች ቅዱስ ይሁንላቸው።”
8e4a8d67-b1b8-5a1b-a4ab-c14d7b385db0,5c5422ac-2a87-5c61-a196-824f933f73a4,4ec2ebd9-1893-5fbe-a8a2-85d15f0be9ca,8,8,ሙሴም ቆሬን አለው፥ “እናንተ የሌዊ ልጆች፥ ስሙኝ፤
3a482ed2-d4e2-56f0-a571-04e4054f190c,5c5422ac-2a87-5c61-a196-824f933f73a4,4ec2ebd9-1893-5fbe-a8a2-85d15f0be9ca,9,9,የእስራኤል አምላክ ከእስራኤል ማኅበር ለይቶ የመረጣችሁን፥ የእግዚአብሔርን ድንኳን አገልግሎት ትሠሩ ዘንድ፥ እንድታገለግሉአቸውም በማኅበሩ ፊት ትቆሙ ዘንድ ወደ እርሱ ያቀረባችሁን ታሳንሱታላችሁን?
8558ba49-a5fc-59f0-a379-9803655b788a,5c5422ac-2a87-5c61-a196-824f933f73a4,4ec2ebd9-1893-5fbe-a8a2-85d15f0be9ca,10,10,አንተን ከአንተም ጋር የሌዊን ልጆች ወንድሞችህን ሁሉ ወደ እርሱ አቅርቦአል፤ ካህናትም ትሆኑ ዘንድ ትፈልጋላችሁን?
a1257b6d-ab09-5f5f-a0ac-fd86ef32749a,5c5422ac-2a87-5c61-a196-824f933f73a4,4ec2ebd9-1893-5fbe-a8a2-85d15f0be9ca,11,11,ስለዚህም አንተና ማኅበርህ ሁሉ በእግዚአብሔር ላይ ተሰብስባችኋል፤ በእርሱም ላይ ታጕረመርሙ ዘንድ አሮን ማንነው?”
37f40447-c3e6-5535-ab32-4af8b2f2c84e,5c5422ac-2a87-5c61-a196-824f933f73a4,4ec2ebd9-1893-5fbe-a8a2-85d15f0be9ca,12,12,ሙሴም የኤልያብን ልጆች ዳታንንና አቤሮንን እንዲጠሩአቸው ላከ፤ እነርሱም፥ “አንመጣም፤
54a62c78-21cf-57e3-aa2b-6cc51e7b3fa9,5c5422ac-2a87-5c61-a196-824f933f73a4,4ec2ebd9-1893-5fbe-a8a2-85d15f0be9ca,13,13,በምድረ በዳ ትገድለን ዘንድ፥ በእኛም ላይ አለቃችን ትሆን ዘንድ ወተትና ማር ከምታፈስሰው ምድር ያወጣኸን አነሰህን?
4cae8738-b7db-5143-a6f5-775df660effa,5c5422ac-2a87-5c61-a196-824f933f73a4,4ec2ebd9-1893-5fbe-a8a2-85d15f0be9ca,14,14,አንተ አለቃ ነህን? ደግሞስ ወተትና ማር ወደምታፈስስ ምድር አገባኸንን? እርሻንና የወይን ቦታንስ አወረስኸንን? የእነዚህንስ ሰዎች ዐይኖቻቸውን ታወጣለህን? አንመጣም” አሉ።
fead0dce-ee68-5d32-aebd-c6ec711cdd0f,5c5422ac-2a87-5c61-a196-824f933f73a4,4ec2ebd9-1893-5fbe-a8a2-85d15f0be9ca,15,15,ሙሴም እጅግ አዘነ፤ እግዚአብሔርንም አለው፥ “ወደ መሥዋዕታቸው አትመልከት፤ እኔ ከእነርሱ አንዳችም ተመኝቼ አልወሰድሁም፤ ከእነርሱም አንድ ሰው አልበደልሁም።”
490b8840-3a4f-53ac-a87d-19d5c6f1f76a,5c5422ac-2a87-5c61-a196-824f933f73a4,4ec2ebd9-1893-5fbe-a8a2-85d15f0be9ca,16,16,ሙሴም ቆሬን አለው፥ “ማኅበርህን ለይ፤ ነገ አንተ፥ ማኅበርህም ሁሉ፥ አሮንም በእግዚአብሔር ፊት ዝግጁዎች ሁኑ።
ce8bdd0c-b0d8-52e2-ac3c-66a4ef6af3e7,5c5422ac-2a87-5c61-a196-824f933f73a4,4ec2ebd9-1893-5fbe-a8a2-85d15f0be9ca,17,17,ሁላችሁም ጥናዎቻችሁን ውሰዱ፤ ዕጣንም አድርጉባቸው፤ እያንዳንዳችሁም ሁለት መቶ አምሳ ጥናዎቻችሁን ወደ እግዚአብሔር ፊት አምጡ፤ አንተ ደግሞ አሮንም ጥናዎቻችሁን አምጡ” አለው።
326f6a74-c6d9-5bb9-a2ff-b7bcf746a94f,5c5422ac-2a87-5c61-a196-824f933f73a4,4ec2ebd9-1893-5fbe-a8a2-85d15f0be9ca,18,18,እያንዳንዱም ጥናውን ወሰደ፤ እሳትም አደረገበት፤ ዕጣንም ጨመረበት፤ ሙሴና አሮንም በምስክሩ ድንኳን ደጃፍ ቆሙ።
ea3b77ae-1275-5dc4-a500-29a67e35763c,5c5422ac-2a87-5c61-a196-824f933f73a4,4ec2ebd9-1893-5fbe-a8a2-85d15f0be9ca,19,19,ቆሬም ማኅበሩን ሁሉ ወደ ምስክሩ ደጃፍ በእነርሱ ላይ ሰበሰበ፤ የእግዚአብሔርም ክብር ለማኅበሩ ሁሉ ተገለጠ።
f70cf7bb-f781-5ace-a2a3-c7328807595f,5c5422ac-2a87-5c61-a196-824f933f73a4,4ec2ebd9-1893-5fbe-a8a2-85d15f0be9ca,20,20,እግዚአብሔርም ሙሴንና አሮንን እንዲህ ብሎ ተናገራቸው፦
82d8b6c6-6f85-54b4-ac9a-aa186c46e1df,5c5422ac-2a87-5c61-a196-824f933f73a4,4ec2ebd9-1893-5fbe-a8a2-85d15f0be9ca,21,21,“ሁሉን በቅጽበት አጠፋቸው ዘንድ ከዚህ ማኅበር መካከል ፈቀቅ በሉ።”
5ecc4a20-22fa-5261-a6dd-fa5d58007714,5c5422ac-2a87-5c61-a196-824f933f73a4,4ec2ebd9-1893-5fbe-a8a2-85d15f0be9ca,22,22,እነርሱም በግንባራቸው ወድቀው፥ “የነፍስና የሥጋ ሁሉ አምላክ እግዚአብሔር ሆይ፥ አንድ ሰው ኀጢአት ቢሠራ የእግዚአብሔር ቍጣ በማኅበሩ ላይ ይሆናልን?” አሉ።
b09f4a4b-b229-5675-a831-4209b04a9627,5c5422ac-2a87-5c61-a196-824f933f73a4,4ec2ebd9-1893-5fbe-a8a2-85d15f0be9ca,23,23,እግዚአብሔርም ሙሴን እንዲህ ብሎ ተናገረው፦
8c5c0cd4-eff2-5af4-a78c-7a01189637d4,5c5422ac-2a87-5c61-a196-824f933f73a4,4ec2ebd9-1893-5fbe-a8a2-85d15f0be9ca,24,24,“ለማኅበሩ፦ ከቆሬ ማኅበር ዙሪያ ፈቀቅ በሉ ብለህ ንገራቸው።”
1df5618f-4b5c-5550-a530-437d0d0d15a3,5c5422ac-2a87-5c61-a196-824f933f73a4,4ec2ebd9-1893-5fbe-a8a2-85d15f0be9ca,25,25,ሙሴም ተነሥቶ ወደ ዳታንና ወደ አቤሮን ሄደ፤ የእስራኤልም ሽማግሌዎች ሁሉ ከእርሱ ጋር ሄዱ።
35b7a832-e2c9-53b7-a444-97bf1a7aa9a0,5c5422ac-2a87-5c61-a196-824f933f73a4,4ec2ebd9-1893-5fbe-a8a2-85d15f0be9ca,26,26,ማኅበሩንም፥ “ከእነዚህ ክፉዎች ሰዎች ድንኳን ፈቀቅ በሉ፤ በኀጢአታቸውም ሁሉ እንዳትጠፉ ለእነርሱ የሆነውን ሁሉ አትንኩ” ብሎ ተናገራቸው።
0fa2edf0-4de9-599d-ae30-f8145adc3d3f,5c5422ac-2a87-5c61-a196-824f933f73a4,4ec2ebd9-1893-5fbe-a8a2-85d15f0be9ca,27,27,ከቆሬ ድንኳን ዙሪያም ሁሉ ፈቀቅ አሉ፤ ዳታንና አቤሮንም ከሴቶቻቸው፥ ከልጆቻቸውና ከጓዛቸው ጋር ወጥተው በድንኳኖቻቸው ደጃፍ ቆሙ።
b6cff51e-876d-5679-a68a-b20dd60920bf,5c5422ac-2a87-5c61-a196-824f933f73a4,4ec2ebd9-1893-5fbe-a8a2-85d15f0be9ca,28,28,ሙሴም አለ፥ “ይህን ሥራ ሁሉ አደርግ ዘንድ እግዚአብሔር እንደ ላከኝ እንጂ ከልቤ እንዳይደለ በዚህ ታውቃላቸሁ።
a528e710-d6dd-51a5-ab06-0ca4ebb4e818,5c5422ac-2a87-5c61-a196-824f933f73a4,4ec2ebd9-1893-5fbe-a8a2-85d15f0be9ca,29,29,እነዚህ ሰዎች ሰው እንደሚሞት ቢሞቱ፥ ወይም መቅሠፍታቸው እንደ ሰው ሁሉ መቅሠፍት ቢሆን እግዚአብሔር አልላከኝም።
a3ce8a85-d708-52d2-af49-43686277729b,5c5422ac-2a87-5c61-a196-824f933f73a4,4ec2ebd9-1893-5fbe-a8a2-85d15f0be9ca,30,30,እግዚአብሔር ግን አዲስ ነገር ቢፈጥር፥ ምድርም አፍዋን ከፍታ እነርሱን፥ ቤታቸውን፥ ድንኳናቸውን፥ ለእነርሱም ያለውን ሁሉ ብትውጣቸው፥ በሕይወታቸውም ወደ ሲኦል ቢወርዱ፥ ያንጊዜ እነዚህ ሰዎች እግዚአብሔርን እንደ አስቈጡ ታውቃላቸሁ።”
f8842e97-06d6-542d-a867-f8f62ee6086a,5c5422ac-2a87-5c61-a196-824f933f73a4,4ec2ebd9-1893-5fbe-a8a2-85d15f0be9ca,31,31,እንዲህም ሆነ፤ ይህን ቃል ሁሉ መናገር በፈጸመ ጊዜ ከበታቻቸው ያለችው መሬት ተሰነጠቀች፤
49954a69-2f1d-5b39-a7b5-09726cf77943,5c5422ac-2a87-5c61-a196-824f933f73a4,4ec2ebd9-1893-5fbe-a8a2-85d15f0be9ca,32,32,ምድሪቱም አፍዋን ከፍታ እነርሱን፥ ቤተ ሰቦቻቸውንም፥ ለቆሬም የነበሩትን ሰዎች ሁሉ፥ ከብቶቻቸውንም ሁሉ ዋጠቻቸው።
6d5854eb-ea1d-5310-a590-fe17f60f7b83,5c5422ac-2a87-5c61-a196-824f933f73a4,4ec2ebd9-1893-5fbe-a8a2-85d15f0be9ca,33,33,እነርሱም፥ ለእነርሱም የነበሩ ሁሉ በሕይወታቸው ወደ ሲኦል ወረዱ፤ ምድሪቱም ተዘጋችባቸው፤ ከማኅበሩም መካከል ጠፉ።
021d092d-74b4-5e25-a8bf-2380192de4a9,5c5422ac-2a87-5c61-a196-824f933f73a4,4ec2ebd9-1893-5fbe-a8a2-85d15f0be9ca,34,34,በዙሪያቸው የነበሩ የእስራኤል ማኅበር ሁሉ ከጩኸታቸው የተነሣ፥ “ምድሪቱ እንዳትውጠን” ብለው ሸሹ።
91090374-096e-505f-a072-4a0bb83c9365,5c5422ac-2a87-5c61-a196-824f933f73a4,4ec2ebd9-1893-5fbe-a8a2-85d15f0be9ca,35,35,እሳትም ከእግዚአብሔር ዘንድ ወጥታ ያጥኑ የነበሩትን ሁለት መቶ አምሳ ሰዎች በላች።
b0e4d0e5-11b1-5d50-a029-30ed25639b7d,5c5422ac-2a87-5c61-a196-824f933f73a4,4ec2ebd9-1893-5fbe-a8a2-85d15f0be9ca,36,36,እግዚአብሔርም ሙሴን እንዲህ ብሎ ተናገረው።
0ce6c0f8-9838-5a5a-ab30-acc6db7f5499,5c5422ac-2a87-5c61-a196-824f933f73a4,4ec2ebd9-1893-5fbe-a8a2-85d15f0be9ca,37,37,ለካህኑ ለአሮን ልጅ ለአልዓዛር እንዲህ ብለህ ንገረው፥ “ከተቃጠሉት ሰዎች መካከል የናስ የሚሆኑ ጥናዎችን አውጣ፤ ከሌላ ያመጡትን ያንም እሳት ወዲያ ጣል፤
83dc22b6-bf12-5214-aa8f-758f2bc8ba37,5c5422ac-2a87-5c61-a196-824f933f73a4,4ec2ebd9-1893-5fbe-a8a2-85d15f0be9ca,38,38,የእነዚህ ኃጥኣን ጥናዎቻቸው በሰውነታቸው ጥፋት ተቀድሰዋልና፤ የተጠፈጠፈ ሰሌዳ አድርጋቸው፤ ለመሠዊያ መለበጫም ይሁኑ፤ በእግዚአብሔር ፊት አቅርበዋቸዋልና የተቀደሱ ናቸው፤ ለእስራኤልም ልጆች ምልክት ይሆናሉ።”
1e49d18b-e717-5375-a64e-172cfeedaf83,5c5422ac-2a87-5c61-a196-824f933f73a4,4ec2ebd9-1893-5fbe-a8a2-85d15f0be9ca,39,39,የካህኑም የአሮን ልጅ አልዓዛር የተቃጠሉት ሰዎች ያቀረቡአቸውን የናስ ጥናዎች ወስዶ ጠፍጥፎም ለመሠዊያ መለበጫ አደረጋቸው።
4a08a4b2-ee3d-5240-adc0-f3a1eb74edf1,5c5422ac-2a87-5c61-a196-824f933f73a4,4ec2ebd9-1893-5fbe-a8a2-85d15f0be9ca,40,40,እንደ ቆሬና ከእርሱም ጋር እንደ ተቃወሙት ሰዎች እንዳይሆን፥ ከአሮን ልጆች ያልሆነ ሌላ ሰው በእግዚአብሔር ፊት ዕጣን ያጥን ዘንድ እንዳይቀርብ፥ እግዚአብሔር በሙሴ ቃል እንደ ተናገረው፥ ለእስራኤል ልጆች መታሰቢያ አደረጋቸው።
bd59bc42-76d3-56c0-a859-3d6618698f3c,5c5422ac-2a87-5c61-a196-824f933f73a4,86fc2b3b-a1df-5960-a7e5-0196a35b9bcd,1,41,በነጋውም የእስራኤል ልጆች ሁሉ፥ “እናንተ የእግዚአብሔርን ሕዝብ ገድላችኋል” ብለው በሙሴና በአሮን ላይ አጕረመረሙ።
d005e1da-51e5-541a-a33c-49b32c3a01e4,5c5422ac-2a87-5c61-a196-824f933f73a4,86fc2b3b-a1df-5960-a7e5-0196a35b9bcd,2,42,እንዲህም ሆነ፤ ማኅበሩ በሙሴና በአሮን ላይ በተሰበሰቡ ጊዜ በምስክሩ ድንኳን ከበቡአቸው፤ እነሆም፥ ደመናው ሸፈናት፤ የእግዚአብሔርም ክብር ተገለጠ።
8b0b2739-ad77-5daf-ad66-4144aebdeaf4,5c5422ac-2a87-5c61-a196-824f933f73a4,86fc2b3b-a1df-5960-a7e5-0196a35b9bcd,3,43,ሙሴና አሮንም ወደ ምስክሩ ድንኳን ፊት ገቡ።
d4db3419-a448-55d1-a8fd-ef07d2f5a79a,5c5422ac-2a87-5c61-a196-824f933f73a4,86fc2b3b-a1df-5960-a7e5-0196a35b9bcd,4,44,እግዚአብሔርም ሙሴንና አሮንን እንዲህ ብሎ ተናገራቸው፦
e4279fee-666f-5040-a69e-1ccd06fcc6fc,5c5422ac-2a87-5c61-a196-824f933f73a4,86fc2b3b-a1df-5960-a7e5-0196a35b9bcd,5,45,“ከዚህ ማኅበር መካከል ፈቀቅ በሉ፥ እኔም በቅጽበት አጠፋቸዋለሁ።” በግንባራቸውም ወደቁ።
4d21e52d-2d8a-5897-acdb-bc624e4290a3,5c5422ac-2a87-5c61-a196-824f933f73a4,86fc2b3b-a1df-5960-a7e5-0196a35b9bcd,6,46,ሙሴም አሮንን፥ “ጥናህን ውሰድ፤ ከመሠዊያውም ላይ እሳት አድርግበት፤ ዕጣንም ጨምርበት፤ ወደ ማኅበሩም ፈጥነህ ውሰደው፤ አስተስርይላቸውም፤ ከእግዚአብሔር ፊት ቍጣ ወጥቶአልና፥ ሕዝቡንም ያጠፋቸው ዘንድ ጀምሮአል” አለው።
6578ecc7-b10b-5d78-afd5-13e3ca8b18b0,5c5422ac-2a87-5c61-a196-824f933f73a4,86fc2b3b-a1df-5960-a7e5-0196a35b9bcd,7,47,አሮንም ሙሴ እንደ ተናገረው ጥናውን ወስዶ ወደ ማኅበሩ መካከል ፈጥኖ ሮጠ፤ እነሆም፥ መቅሠፍቱ በሕዝቡ መካከል ጀምሮ ነበር፤ ዕጣንም ጨመረ፤ ለሕዝቡም አስተሰረየላቸው።
1c9a8e9d-e7f7-56e6-af22-38996160e444,5c5422ac-2a87-5c61-a196-824f933f73a4,86fc2b3b-a1df-5960-a7e5-0196a35b9bcd,8,48,በሙታንና በሕያዋን መካከል ቆመ፤ መቅሠፍቱም ተከለከለ።
9300fe04-5224-553a-aa16-f5788b540e60,5c5422ac-2a87-5c61-a196-824f933f73a4,86fc2b3b-a1df-5960-a7e5-0196a35b9bcd,9,49,በቆሬም ምክንያት ከሞቱት ሌላ በመቅሠፍቱ የሞቱት ዐሥራ አራት ሺህ ሰባት መቶ ነበሩ።
2d503305-262b-55fb-ae1f-b5d78fd8214e,5c5422ac-2a87-5c61-a196-824f933f73a4,86fc2b3b-a1df-5960-a7e5-0196a35b9bcd,10,50,አሮንም ወደ ሙሴ ወደ ምስክሩ ድንኳን ደጃፍ ተመለሰ፤ መቅሠፍቱም ፀጥ አለ።
06079bb4-a80d-5cd7-ab00-6a5d8e13a300,8179a0c1-828a-54de-af4f-44149e23dd43,8ef421df-1ac0-5a90-aeff-0935c5952d32,1,1,እግዚአብሔርም ሙሴን እንዲህ ብሎ ተናገረው፦
d6c17738-c5e2-5328-ab6d-0407f9531cc8,8179a0c1-828a-54de-af4f-44149e23dd43,8ef421df-1ac0-5a90-aeff-0935c5952d32,2,2,“ለእስራኤል ልጆች ንገራቸው፤ ከእነርሱም ከእያንዳንዱ ከየአባቶቻቸው ቤት አንድ አንድ በትር፥ ከአለቆቻቸውም ከየአባቶቻቸው ቤት ዐሥራ ሁለት በትሮች ውሰድ፤ የእያንዳንዱንም ስም በየበትሩ ላይ ጻፍ።
d2027587-96f8-55ea-a098-c201f5b17dae,8179a0c1-828a-54de-af4f-44149e23dd43,8ef421df-1ac0-5a90-aeff-0935c5952d32,3,3,ለየአባቶቻቸው ቤት ወገን አንድ በትር ይሰጣሉና በሌዊ በትር ላይ የአሮንን ስም ጻፍ።
f142ff95-5f8f-5960-a762-7540b8c799a6,8179a0c1-828a-54de-af4f-44149e23dd43,8ef421df-1ac0-5a90-aeff-0935c5952d32,4,4,እኔ ለእናንተ በምገለጥበት በዚያ በመገናኛው ድንኳን ውስጥ በምስክሩ ፊት አኑራቸው።
c70d7cf0-6c28-5bf5-a10e-602ecbf9430d,8179a0c1-828a-54de-af4f-44149e23dd43,8ef421df-1ac0-5a90-aeff-0935c5952d32,5,5,እንዲህም ይሆናል፤ የመረጥሁት ሰው በትር ትለመልማለች፤ በእናንተም ላይ የሚያጕረመርሙባችሁ የእስራኤልን ልጆች ማጕረምረም ከእኔ ዘንድ አጠፋለሁ።”
29964491-f914-5827-abf2-2f68ae6e4927,8179a0c1-828a-54de-af4f-44149e23dd43,8ef421df-1ac0-5a90-aeff-0935c5952d32,6,6,ሙሴም ለእስራኤል ልጆች ነገራቸው፤ አለቆቻቸውም ሁሉ አንድ አንድ በትር ሰጡት፤ ለአንድ አለቃ አንድ በትር፥ በየአባቶቻቸው ቤት ዐሥራ ሁለት በትሮች፤ የአሮንም በትር በበትሮቻቸው መካከል ነበረች።
b824bc96-8d06-5959-a8e8-e82ac42a6a3d,8179a0c1-828a-54de-af4f-44149e23dd43,8ef421df-1ac0-5a90-aeff-0935c5952d32,7,7,ሙሴም በትሮቹን በእግዚአብሔር ፊት በምስክሩ ድንኳን ውስጥ አኖራቸው።
aa6bf981-c901-56a1-a2ce-f77f9d97d55c,8179a0c1-828a-54de-af4f-44149e23dd43,8ef421df-1ac0-5a90-aeff-0935c5952d32,8,8,እንዲህም ሆነ፤ በነጋው ሙሴና አሮን ወደ ምስክሩ ድንኳን ውስጥ ገቡ፤ እነሆም፥ ለሌዊ ቤት የሆነች የአሮን በትር አቈጠቈጠች፤ ለመለመችም፤ አበባም አወጣች፤ የበሰለ ለውዝም አፈራች።
8b6e6527-39e2-5298-a392-05b62923439c,8179a0c1-828a-54de-af4f-44149e23dd43,8ef421df-1ac0-5a90-aeff-0935c5952d32,9,9,ሙሴም በትሮቹን ሁሉ ከእግዚአብሔር ፊት ወደ እስራኤል ልጆች ሁሉ አወጣቸው፤ እነርሱም አዩ፤ እያንዳንዱም በትሩን ወሰደ።
19e07bb6-c9e3-56f1-a2a6-30cbbd6f2ed8,8179a0c1-828a-54de-af4f-44149e23dd43,8ef421df-1ac0-5a90-aeff-0935c5952d32,10,10,እግዚአብሔርም ሙሴን እንዲህ ብሎ ነገረው፥ “ማጕረምረማቸው ከእኔ ዘንድ እንዲጠፋ፥ እነርሱም እንዳይሞቱ ለማይሰሙ ልጆች ምልክት ሆና ትጠበቅ ዘንድ የአሮንን በትር በምስክሩ ፊት አኑር።”
82e99816-43d3-5ad9-a072-92a5e9c80e52,8179a0c1-828a-54de-af4f-44149e23dd43,8ef421df-1ac0-5a90-aeff-0935c5952d32,11,11,ሙሴና አሮንም፤ እግዚአብሔር ሙሴን እንዳዘዘው አደረጉ፤ እንዲሁ አደረጉ።
127126ee-59da-58fb-a2d0-5f0062f84ac4,8179a0c1-828a-54de-af4f-44149e23dd43,8ef421df-1ac0-5a90-aeff-0935c5952d32,12,12,የእስራኤልም ልጆች ሙሴን አሉት፥ “እነሆ፥ እንሞታለን፤ እንጠፋለን፤ ሁላችንም እናልቃለን።
0a6e3ad9-2803-51ff-a24c-26a71e2e8432,8179a0c1-828a-54de-af4f-44149e23dd43,8ef421df-1ac0-5a90-aeff-0935c5952d32,13,13,የእግዚአብሔርን ድንኳን የሚነካ ሁሉ ይሞታል። በውኑ ሁላችን ፈጽመን እንሞታለን?”
a55c207d-a4db-5ace-a7ab-2eae19d64a3c,5a3ea2e4-88f2-54b1-a056-3e91a2aa3284,8f3c78a7-e339-56a1-ac9a-25c9f9af2251,1,1,እግዚአብሔርም አሮንን እንዲህ ብሎ ነገረው፥ “አንተ ከአንተም ጋር ልጆችህና የአባቶችህ ወገኖች፥ የክህነታችሁን ኀጢአት ትሸከማላችሁ።
a7eec704-d12b-5376-ac67-8e87b1698ea8,5a3ea2e4-88f2-54b1-a056-3e91a2aa3284,8f3c78a7-e339-56a1-ac9a-25c9f9af2251,2,2,ደግሞም የአባትህን የሌዊን ነገድ ወንድሞችህን ወደ አንተ ሰብስብ፤ ከአንተም ጋር በአንድነት ይሁኑ፤ ያገልግሉህም፤ አንተ ከአንተም ጋር ልጆችህ በምስክሩ ድንኳን ፊት ትሆናላችሁ።
0c409744-b29f-577c-a93c-4bc19572bea3,5a3ea2e4-88f2-54b1-a056-3e91a2aa3284,8f3c78a7-e339-56a1-ac9a-25c9f9af2251,3,3,እነርሱም ትእዛዝህን የድንኳኑንም ሕግ ይጠብቁ፤ ነገር ግን እንዳይሞቱ፥ እናንተም ደግሞ ከእነርሱ ጋር እንዳትሞቱ፥ እነርሱ ወደ መቅደሱ ዕቃና ወደ መሠዊያው አይቅረቡ።
1ac792e2-38e3-5cdc-a0a3-a5a1dc2421b6,5a3ea2e4-88f2-54b1-a056-3e91a2aa3284,8f3c78a7-e339-56a1-ac9a-25c9f9af2251,4,4,ነገር ግን ከእናንተ ጋር በአንድነት ይሁኑ፤ ለድንኳኑም አገልግሎት ሁሉ የምስክሩን ድንኳን ሕግ ይጠብቁ፤ ከባዕድ ወገን የሆነ ሰው ወደ አንተ አይቅረብ።
4bcb8b03-fa99-5ad3-a69c-3acbdbd9956f,5a3ea2e4-88f2-54b1-a056-3e91a2aa3284,8f3c78a7-e339-56a1-ac9a-25c9f9af2251,5,5,እንደ ገና በእስራኤል ልጆች ላይ ቍጣ እንዳይሆንባቸው እናንተ የመቅደሱንና የመሠዊያውን ሕግ ጠብቁ።
db8429df-a376-536f-a427-26ef7e76540e,5a3ea2e4-88f2-54b1-a056-3e91a2aa3284,8f3c78a7-e339-56a1-ac9a-25c9f9af2251,6,6,እኔም፦ እነሆ፥ ሌዋውያንን ወንድሞቻችሁን ከእስራኤል ልጆች መካከል ወስጄአለሁ፤ የምስክሩን ድንኳን አገልግሎት ያደርጉ ዘንድ ለእግዚአብሔር የተሰጡ ስጦታዎች ናቸው።
a1859591-c698-531d-a462-978a68a821ce,5a3ea2e4-88f2-54b1-a056-3e91a2aa3284,8f3c78a7-e339-56a1-ac9a-25c9f9af2251,7,7,አንተም ከአንተም ጋር ልጆችህ እንደ መሠዊያውና፥ በመጋረጃውም ውስጥ እንዳለው ሥርዐት ሁሉ ክህነታችሁን ጠብቁ፤ የሀብተ ክህነት አገልግሎታችሁንም አድርጉ፤ ከሌላም ወገን የሆነ ሰው ቢቀርብ ይገደል።”
aa897adb-1737-5c0f-aa02-85f22b39c3f5,5a3ea2e4-88f2-54b1-a056-3e91a2aa3284,075ad627-ea9b-59a9-a581-325620e2a6f5,1,8,እግዚአብሔርም አሮንን ተናገረው፤ እንዲህም አለው፥ “እነሆ፥ የእስራኤል ልጆች ለእኔ የለዩትን የመጀመሪያውን ቍርባኔን ሁሉ ትጠብቁ ዘንድ ለአንተ ሰጥቼሃለሁ፤ ለአንተ እስክታረጅ፥ ከአንተም በኋላ ለልጆችህ የዘለዓለም ሕግ እንዲሆን ሰጥቼሃለሁ።
e177b77f-3d45-5023-a8b2-6c08bfe81262,5a3ea2e4-88f2-54b1-a056-3e91a2aa3284,075ad627-ea9b-59a9-a581-325620e2a6f5,2,9,በእሳት ከሚቀርበው ከተቀደሰው ይህ ለአንተ ይሆናል፤ ለእኔ የሚያመጡት መባቸው ሁሉ፥ ቍርባናቸውም ሁሉ፥ የኀጢአታቸውም መሥዋዕት ሁሉ፥ የበደላቸውም መሥዋዕት ሁሉ፥ ከተቀደሰውም ሁሉ ለአንተ ለልጆችህም ይሆናል።
751352d6-6c61-5410-ae47-c5476d396e3f,5a3ea2e4-88f2-54b1-a056-3e91a2aa3284,075ad627-ea9b-59a9-a581-325620e2a6f5,3,10,በቅዱሰ ቅዱሳን ብሉት፤ ወንዶች ሁሉ ይብሉት፤ አንተም ልጆችህም ብሉት፤ ለአንተ የተቀደሰ ነውና።
c56198b1-c2af-5736-aa58-de6682be3209,5a3ea2e4-88f2-54b1-a056-3e91a2aa3284,075ad627-ea9b-59a9-a581-325620e2a6f5,4,11,ይህም ለእናንተ ነው፤ የእስራኤል ልጆች ለስጦታ ያቀረቡትን የመጀመሪያ ቍርባን ሁሉ ለአንተ ከአንተም ጋር ለወንዶችና ለሴቶች ልጆችህ የዘለዓለም ሕግ እንዲሆን ሰጥቼሃለሁ፤ በቤትህ ውስጥ ንጹሕ የሆነ ሁሉ ይብላው።
78cf4a9f-7b02-5260-a42e-4448eeb8a15e,5a3ea2e4-88f2-54b1-a056-3e91a2aa3284,075ad627-ea9b-59a9-a581-325620e2a6f5,5,12,ለእግዚአብሔር ከሚሰጡት የፍሬ መጀመሪያ ከዘይትና ከወይን ከስንዴም የተመረጠውን ሁሉ ለአንተ ሰጥቼሃለሁ፤
b8c12cdb-e8e9-5de1-ac49-a35b0e88cad5,5a3ea2e4-88f2-54b1-a056-3e91a2aa3284,075ad627-ea9b-59a9-a581-325620e2a6f5,6,13,ወደ እግዚአብሔር የሚያመጡት በምድራቸው ያለው የፍሬ መጀመሪያ ሁሉ ለአንተ ይሆናል፤ በቤትህ ውስጥ ንጹሕ የሆነ ሁሉ ይብላው፤
8178141f-788e-59aa-a746-1e17b1c4e85f,5a3ea2e4-88f2-54b1-a056-3e91a2aa3284,075ad627-ea9b-59a9-a581-325620e2a6f5,7,14,በእስራኤል ልጆች ዘንድ የተከለከለው ሁሉ ለአንተ ይሆናል።
50dffd62-7265-5d5c-a042-4d42ea8b3ffc,5a3ea2e4-88f2-54b1-a056-3e91a2aa3284,075ad627-ea9b-59a9-a581-325620e2a6f5,8,15,ከሰው እስከ እንስሳ ቢሆን፥ ለእግዚአብሔር ከሚያቀርቡት ሥጋ ሁሉ፥ መጀመሪያ የሚወለድ ሁሉ ለአንተ ይሆናል፤ ነገር ግን የሰውን በኵራት ፈጽሞ ትቤዠዋለህ፤ ያልነጹትንም እንስሳት በኵራት ትቤዣለህ።
4fb88820-bd80-5590-a3b3-d62a06bb0e2b,5a3ea2e4-88f2-54b1-a056-3e91a2aa3284,075ad627-ea9b-59a9-a581-325620e2a6f5,9,16,አንድ ወር የሆነው ልጅ ዋጋው በቤተ መቅደስ ሚዛን አምስት ሰቅል ነው። ይኸውም ሃያ አቦሊ ነው።
e18ccfbf-5d56-5b0f-aaf0-04586f26c542,5a3ea2e4-88f2-54b1-a056-3e91a2aa3284,075ad627-ea9b-59a9-a581-325620e2a6f5,10,17,ነገር ግን የላሞቹን በኵራት፥ ወይም የበጎቹን በኵራት፥ የፍየሎችንም በኵራት አትቤዥም፤ ቅዱሳን ናቸውና፤ ደማቸውን በመሠዊያው ላይ ትረጨዋለህ፤ ስባቸውንም ለእግዚአብሔር በጎ መዓዛ እንዲሆን መሥዋዕት ታደርገዋለህ።
0f424a23-3f0c-553f-aadc-554f3f4e8678,5a3ea2e4-88f2-54b1-a056-3e91a2aa3284,075ad627-ea9b-59a9-a581-325620e2a6f5,11,18,ሥጋውም ለአንተ ይሆናል፤ እንደሚያቀርቡት ፍርምባ እንደ ቀኙም ወርች ለአንተ ይሆናል።
fea129ef-78c0-5d72-a16d-44f22978fadf,5a3ea2e4-88f2-54b1-a056-3e91a2aa3284,075ad627-ea9b-59a9-a581-325620e2a6f5,12,19,የእስራኤል ልጆች ለእግዚአብሔር የሚለዩትን የተቀደሰውን መባ ሁሉ ለአንተ ከአንተም ጋር ለወንዶችና ለሴቶች ልጆችህ ሰጥቼሃለሁ፤ ይህም ለአንተ ከአንተም በኋላ ለዘርህ በእግዚአብሔር ፊት የዘለዓለም ሕግና የሁልጊዜ ቃል ኪዳን ነው።”
2a2a6935-9c6d-5e8a-abc3-02874067d3ea,5a3ea2e4-88f2-54b1-a056-3e91a2aa3284,075ad627-ea9b-59a9-a581-325620e2a6f5,13,20,እግዚአብሔርም አሮንን አለው፥ “በምድራቸው ርስት አትወርስም፤ በመካከላቸውም ድርሻ አይሆንልህም፤ በእስራኤል ልጆች መካከል ድርሻህና ርስትህ እኔ ነኝ።
e34f756f-fbd4-5b16-a8c9-edaa381c8012,5a3ea2e4-88f2-54b1-a056-3e91a2aa3284,8b5187ec-0945-51cb-af84-d7a4003282e3,1,21,“ለሌዊም ልጆች እነሆ፥ በምስክሩ ድንኳን አገልግሎት ስለሚያገለግሉ፥ የእስራኤልን ልጆች ዐሥራት ርስት አድርጌ ሰጥቻቸዋለሁ።
5a22230b-d55b-5940-a5bd-9c952a6f3253,5a3ea2e4-88f2-54b1-a056-3e91a2aa3284,8b5187ec-0945-51cb-af84-d7a4003282e3,2,22,ከዚህም በኋላ ለሞት የሚያበቃ በደል እንዳይሆንባቸው፥ የእስራኤል ልጆች ወደ ምስክሩ ድንኳን አይግቡ።
b5a04fa4-293d-5896-aee3-362f521f29e9,5a3ea2e4-88f2-54b1-a056-3e91a2aa3284,8b5187ec-0945-51cb-af84-d7a4003282e3,3,23,ሌዋውያን ግን የምስክሩን ድንኳን አገልግሎት ይሥሩ፤ እነርሱም ኀጢአታቸውን ይሸከማሉ፤ ለልጅ ልጃችሁም የዘለዓለም ሥርዐት ይሆናል፤ በእስራኤልም ልጆች መካከል ርስት አይወርሱም።
7705ca92-212c-52e1-aecf-342abb8fa35c,5a3ea2e4-88f2-54b1-a056-3e91a2aa3284,8b5187ec-0945-51cb-af84-d7a4003282e3,4,24,ለእግዚአብሔር መባ አድርገው የሚለዩትን የእስራኤልን ልጆች ዐሥራት ለሌዋውያን ርስት አድርጌ ሰጥቻቸዋለሁ፤ ስለዚህ፦ በእስራኤል ልጆች መካከል ርስት አትወርሱም አልኋቸው።”
19581228-6ecb-501f-a644-eecc73a4f659,5a3ea2e4-88f2-54b1-a056-3e91a2aa3284,0777b23b-f748-5020-a61c-2adac89fe902,1,25,እግዚአብሔርም ሙሴን እንዲህ ብሎ ተናገረው፦
73d8801d-d8a6-590a-aeef-ebdaff639ae2,5a3ea2e4-88f2-54b1-a056-3e91a2aa3284,0777b23b-f748-5020-a61c-2adac89fe902,2,26,“ለሌዋውያን እንዲህ ብለህ ንገራቸው፦ ከእስራኤል ልጆች ከእናንተ ርስት አድርጌ የሰጠኋችሁን ዐሥራት በተቀበላችሁ ጊዜ፥ እናንተምከእርሱ ለእግዚአብሔር መባ አድርጋችሁ የዐሥራት ዐሥራት ታቀርባላችሁ።
68c5d0e4-4049-5965-a6e9-e749aed78b83,5a3ea2e4-88f2-54b1-a056-3e91a2aa3284,0777b23b-f748-5020-a61c-2adac89fe902,3,27,መባችሁም እንደ እህል ዐውድማው ስንዴና እንደ ወይን መጭመቂያው ፍሬ ይቈጠርላችኋል።
8796fe06-3b4a-5e47-aea5-0da938453d12,5a3ea2e4-88f2-54b1-a056-3e91a2aa3284,0777b23b-f748-5020-a61c-2adac89fe902,4,28,እንዲሁ እናንተ ደግሞ ከእስራኤል ልጆች ከምትቀበሉት ዐሥራት ሁሉ ለእግዚአብሔር መባ አድርጋችሁ ታቀርባላችሁ፤ የእግዚአብሔርንም መባ ለይታችሁ ለካህኑ ለአሮን ትሰጣላችሁ።
d7ddba87-3402-5a37-a63e-a45a60b63e5f,5a3ea2e4-88f2-54b1-a056-3e91a2aa3284,0777b23b-f748-5020-a61c-2adac89fe902,5,29,ከምትቀበሉት ስጦታ ሁሉ፥ ከተመረጠው ከተቀደሰውም ድርሻ ሁሉ፥ የእግዚአብሔርን የመጀመሪያ መባ ሁሉ ታቀርባላችሁ።
25926ebe-81d3-528c-aa65-65d970841ceb,5a3ea2e4-88f2-54b1-a056-3e91a2aa3284,0777b23b-f748-5020-a61c-2adac89fe902,6,30,ስለዚህ ትላቸዋለህ፦ ከእርሱ ከመጀመሪያው በለያችሁ ጊዜ እንደ አውድማው እህልና እንደ ወይን መጭመቂያው ፍሬ ለሌዋውያን ይቈጠርላቸዋል።
757768bd-fde1-56ec-a49f-0e23fcfc1b66,5a3ea2e4-88f2-54b1-a056-3e91a2aa3284,0777b23b-f748-5020-a61c-2adac89fe902,7,31,እናንተም ቤተ ሰቦቻችሁም፥ በምስክሩ ድንኳን ውስጥ የማገልገላችሁ ዋጋ ነውና በሁሉ ስፍራ ትበሉታላችሁ።
01683343-04d7-5bb4-aa1c-e8631f14dd05,5a3ea2e4-88f2-54b1-a056-3e91a2aa3284,0777b23b-f748-5020-a61c-2adac89fe902,8,32,የመጀመሪያውንም ከእርሱ ባነሣችሁ ጊዜ ስለ እርሱ ኀጢአት አይሆንባችሁም፤ እንዳትሞቱም የእስራኤል ልጆች የቀደሱትን አታርክሱ።”
4a0fd297-72c6-5aee-ad58-b0cfd060ae86,5ecf6858-4a78-5e17-a11a-487b96cf153c,9386c86d-9963-5d56-a7b8-0b30328dd252,1,1,እግዚአብሔርም ሙሴንና አሮንን እንዲህ ብሎ ተናገራቸው፦
33611a4f-1afe-531b-ad76-37710705f038,5ecf6858-4a78-5e17-a11a-487b96cf153c,9386c86d-9963-5d56-a7b8-0b30328dd252,2,2,“እግዚአብሔር ያዘዘው የሕጉ ትእዛዝ ይህ ነው፤ መልካሚቱን፥ ነውርም የሌለባትን፥ ቀንበርም ያልተጫነባትን ቀይ ጊደር ያመጡልህ ዘንድ ለእስራኤል ልጆች ንገራቸው።
fb7821dc-3a54-59ee-ac5b-7fae072acf9d,5ecf6858-4a78-5e17-a11a-487b96cf153c,9386c86d-9963-5d56-a7b8-0b30328dd252,3,3,እርስዋንም ለካህኑ ለአልዓዛር ትሰጠዋለህ፤ ከሰፈር ወደ ውጭ ወደ ንጹሕ ስፍራ ይወስዷታል፤ በፊቱም ያርዷታል።
100773be-ed65-5940-a212-1fc3c113e7eb,5ecf6858-4a78-5e17-a11a-487b96cf153c,9386c86d-9963-5d56-a7b8-0b30328dd252,4,4,አልዓዛርም ከደምዋ በጣቱ ይወስዳል፤ ከደምዋም ወደ ምስክሩ ድንኳን ፊት ሰባት ጊዜ ይረጫል።
e032a559-ef7c-55fd-a6f8-6c91e78531ca,5ecf6858-4a78-5e17-a11a-487b96cf153c,9386c86d-9963-5d56-a7b8-0b30328dd252,5,5,ጊደሪቱንም በፊቱ ያቃጥሏታል፤ ቍርበቷንም፥ ሥጋዋንም፥ ደምዋንም፥ ፈርስዋንም ያቃጥሉት።
bc7efa80-d8ce-5625-acf2-77cbacf1d883,5ecf6858-4a78-5e17-a11a-487b96cf153c,9386c86d-9963-5d56-a7b8-0b30328dd252,6,6,ካህኑም የዝግባ ዕንጨት ሂሶጵም፥ ቀይ ግምጃም ወስዶ ጊደሪቱ በምትቃጠልበት እሳት መካከል ይጥለዋል።
2508ddb3-e0a2-5bfa-a5d9-43ed1c16370d,5ecf6858-4a78-5e17-a11a-487b96cf153c,9386c86d-9963-5d56-a7b8-0b30328dd252,7,7,ካህኑም ልብሱን ያጥባል፤ ገላውንም በውሃ ይታጠባል፤ ከዚያም በኋላ ወደ ሰፈሩ ይገባል፤ ካህኑም እስከ ማታ ርኩስ ይሆናል።
106679fd-ef0a-515b-ad93-85ebf3411524,5ecf6858-4a78-5e17-a11a-487b96cf153c,9386c86d-9963-5d56-a7b8-0b30328dd252,8,8,ያቃጠላትም ሰው ልብሱን በውሃ ያጥባል፤ ገላውንም በውኃ ይታጠባል፤ እስከ ማታም ድረስ ርኩስ ይሆናል።
3fa80f23-8e8d-5038-af1d-0b86d47e1e4b,5ecf6858-4a78-5e17-a11a-487b96cf153c,9386c86d-9963-5d56-a7b8-0b30328dd252,9,9,ንጹሕም ሰው የጊደሪቱን አመድ ያከማቻል፤ ከሰፈሩም ውጭ በንጹሕ ስፍራ ያኖረዋል፤ ርኵሰት ለሚያነጻ ውኃ ለእስራኤል ልጆች ማኅበር ይጠበቃል፤ ይነጹበታልና።
58610e39-a868-5d9a-aa2b-5d7dad59357c,5ecf6858-4a78-5e17-a11a-487b96cf153c,9386c86d-9963-5d56-a7b8-0b30328dd252,10,10,የጊደሪቱንም አመድ ያከማቸው ሰው ልብሱን ያጥባል፤ ገላውንም ይታጠባል፤ እስከ ማታም ድረስ ርኩስ ይሆናል፤ ይህም ለእስራኤል ልጆች በመካከላቸውም ለሚኖር መጻተኛ ለዘለዓለም ሥርዐት ይሆናል።
df5c6abe-de73-5ba8-a00c-e307fa7c1b88,5ecf6858-4a78-5e17-a11a-487b96cf153c,cfd88719-9d65-5c4a-a823-b3a1a9b5b6c9,1,11,“የሞተውን ሰው በድን የሚነካ ሰባት ቀን ርኩስ ይሆናል።
f6ce1df2-6477-5b1e-ab1d-51476e9e9ae3,5ecf6858-4a78-5e17-a11a-487b96cf153c,cfd88719-9d65-5c4a-a823-b3a1a9b5b6c9,2,12,እንደዚሁ በሦስተኛውና በሰባተኛው ቀን ሁለመናውን ያነጻል፤ ንጹሕም ይሆናል፤ ነገር ግን በሦስተኛውና በሰባተኛው ቀን ሁለመናውን ባያነጻ ንጹሕ አይሆንም።
4892241e-11bb-5c54-a487-5b9f3811a315,5ecf6858-4a78-5e17-a11a-487b96cf153c,cfd88719-9d65-5c4a-a823-b3a1a9b5b6c9,3,13,የሞተውን ሰው በድን የነካ ሁለመናውን ባያነጻ የእግዚአብሔርን ድንኳን ያረክሳል፤ ያ ሰው ከእስራኤል ዘንድ ተለይቶ ይጠፋል፤ በእርሱም ላይ የሚያነጻ ውኃ አልተረጨምና ርኩስ ይሆናል፤ ርኵሰቱ ገና በእርሱ ላይ ነው።
3112257b-8dab-58a7-a033-920f019453b2,5ecf6858-4a78-5e17-a11a-487b96cf153c,cfd88719-9d65-5c4a-a823-b3a1a9b5b6c9,4,14,“ሰው በቤት ውስጥ ቢሞት ሕጉ ይህ ነው፤ ወደ ቤት የሚገባ ሁሉ በቤቱም ውስጥ ያለው ሁሉ ሰባት ቀን ርኩስ ይሆናል።
a9e92b91-e0dc-5186-a1b1-9a090f88f5f9,5ecf6858-4a78-5e17-a11a-487b96cf153c,cfd88719-9d65-5c4a-a823-b3a1a9b5b6c9,5,15,መክደኛው ያልታሰረ የተከፈተ ዕቃ ሁሉ ርኩስ ነው።
316a89b6-e27f-5bf7-a24e-efdcceddaf1f,5ecf6858-4a78-5e17-a11a-487b96cf153c,cfd88719-9d65-5c4a-a823-b3a1a9b5b6c9,6,16,በሜዳም የተገደለውን ወይም የሞተውን በድን፥ ወይም የሰውን አጥንት፥ ወይም መቃብር የሚነካ ሰባት ቀን ርኩስ ይሆናል።
9574b57d-4ce3-5a8b-a7f6-0cb621c758f2,5ecf6858-4a78-5e17-a11a-487b96cf153c,cfd88719-9d65-5c4a-a823-b3a1a9b5b6c9,7,17,ለአንጽሖ እንድትሆን ከተቃጠለችው ጊደር አመድ ለርኩሱ ይወስዱለታል፤ በዕቃውም ውስጥ የምንጭ ውኃ ይቀላቅሉበታል።
6cd66a59-9d0f-530c-a165-5247eb776221,5ecf6858-4a78-5e17-a11a-487b96cf153c,cfd88719-9d65-5c4a-a823-b3a1a9b5b6c9,8,18,ንጹሕም ሰው ሂሶጱን ወስዶ በውኃው ውስጥ ያጠልቀዋል፤ በቤቱም፥ በዕቃውም ሁሉ፥ በዚያም ባሉ ሰዎች ላይ፥ አጥንቱንም ወይም የተገደለውን፥ ወይም የሞተውን፥ ወይም መቃብሩን በነካው ላይ ይረጨዋል።
ae553e6d-750e-5599-a0d3-e9d8a1419e5f,5ecf6858-4a78-5e17-a11a-487b96cf153c,cfd88719-9d65-5c4a-a823-b3a1a9b5b6c9,9,19,ንጹሑም በሦስተኛው ቀንና በሰባተኛው ቀን በርኩሱ ላይ ይረጨዋል፤ በሰባተኛውም ቀን ይነጻል፤ እርሱም ልብሱን ያጥባል፤ ገላውንም በውኃ ይታጠባል፥ እስከ ማታም ርኩስ ነው።
c9f54e9f-5903-5b07-abed-2daa5dee3be5,5ecf6858-4a78-5e17-a11a-487b96cf153c,cfd88719-9d65-5c4a-a823-b3a1a9b5b6c9,10,20,“ሰውም ርኩስ ቢሆን ሁለመናውንም ባያነጻ፥ ያ ሰው የእግዚአብሔርን መቅደስ አርክሶአልና ከማኅበሩ መካከል ተለይቶ ይጠፋል፤ በሚያነጻ ውኃ አልተረጨምና ርኩስ ነው።
390ff399-f851-5759-ae5f-c3fb04ef4b0b,5ecf6858-4a78-5e17-a11a-487b96cf153c,cfd88719-9d65-5c4a-a823-b3a1a9b5b6c9,11,21,ይህ የዘለዓለም ሥርዐት ይሆንላችኋል፤ የሚያነጻውን ውኃ የሚረጭ ሰው ልብሱን ያጥባል፤ የሚያነጻውንም ውኃ የሚነካ እስከ ማታ ድረስ ርኩስ ይሆናል።
80df1076-524b-5012-a5cf-7cf23cc7aa80,5ecf6858-4a78-5e17-a11a-487b96cf153c,cfd88719-9d65-5c4a-a823-b3a1a9b5b6c9,12,22,ርኩሱም የሚነካው ነገር ሁሉ ርኩስ ይሆናል፤ የሚነካውም ሰው እስከ ማታ ድረስ ርኩስ ይሆናል።”
42aaeff8-72e2-543b-afff-27b3224db409,4d64b4d4-f3de-5d00-a389-b2924ae78ffa,8baf0f14-301f-5048-ac93-fbe8c57e8c92,1,1,የእስራኤልም ልጆች ማኅበር ሁሉ በመጀመሪያው ወር ወደ ጺን ምድረ በዳ መጡ፤ ሕዝቡም በቃዴስ ተቀመጡ፤ ማርያምም በዚያ ሞተች፤ ተቀበረችም።
3934a3d3-34d8-5775-a6bb-d37820e95f6f,4d64b4d4-f3de-5d00-a389-b2924ae78ffa,8baf0f14-301f-5048-ac93-fbe8c57e8c92,2,2,ለማኅበሩም ውኃ አልነበረም፤ ሕዝቡም በሙሴና በአሮን ላይ ተሰበሰቡ።
a5e76b46-4eda-5baa-a44d-5c79d3cda164,4d64b4d4-f3de-5d00-a389-b2924ae78ffa,8baf0f14-301f-5048-ac93-fbe8c57e8c92,3,3,ሙሴንም ተጣሉት፤ እንዲህም ብለው ተናገሩት፥ “ወንድሞቻችን በእግዚአብሔር ፊት በሞቱ ጊዜ እኛም ምነው በሞትን ኖሮ፤
2f218327-556c-5a27-afc3-90ed45f79cc2,4d64b4d4-f3de-5d00-a389-b2924ae78ffa,8baf0f14-301f-5048-ac93-fbe8c57e8c92,4,4,እኛ፥ ከብቶቻችንም በዚያ እንሞት ዘንድ የእግዚአብሔርን ማኅበር ወደዚህ ምድረ በዳ ለምን አወጣችሁ?
6bbe0f24-1f57-57f1-abcf-00bd307983f5,4d64b4d4-f3de-5d00-a389-b2924ae78ffa,8baf0f14-301f-5048-ac93-fbe8c57e8c92,5,5,ዘር ወደማይዘራበት፥ በለስና ወይንም፥ ሮማንም፥ የሚጠጣም ውኃ ወደሌለበት ወደዚህ ክፉ ስፍራ ታመጡን ዘንድ ከግብፅ ለምን አወጣችሁን?”
5ddde2bd-1762-5403-a118-993bac04ac47,4d64b4d4-f3de-5d00-a389-b2924ae78ffa,8baf0f14-301f-5048-ac93-fbe8c57e8c92,6,6,ሙሴና አሮንም ከማኅበሩ ፊት ወደ ምስክሩ ድንኳን ዳጃፍ ሄደው በግንባራቸው ወደቁ፤ የእግዚአብሔርም ክብር ተገለጠላቸው።
3deb060e-dbe8-5d80-a598-9d7ef157313e,4d64b4d4-f3de-5d00-a389-b2924ae78ffa,8baf0f14-301f-5048-ac93-fbe8c57e8c92,7,7,እግዚአብሔርም ሙሴን እንዲህ ብሎ ተናገረው፦
4b738c7b-2875-5e43-af3c-85fad31a0540,4d64b4d4-f3de-5d00-a389-b2924ae78ffa,8baf0f14-301f-5048-ac93-fbe8c57e8c92,8,8,“ይህችን በትርህን ውሰድ፤ አንተና ወንድምህ አሮንም ማኅበሩን ሰብስቡ፤ ዐለቷንም በፊታቸው እዘዟት፤ ውኃ ትሰጣለች፤ ከድንጋይዋም ውኃ ታወጡላቸዋላችሁ፤ እንዲሁም ማኅበሩን፥ ከብቶቻቸውንም ታጠጡላቸዋላችሁ።”
5143a311-6429-5574-a445-4ef1ecf3a70a,4d64b4d4-f3de-5d00-a389-b2924ae78ffa,8baf0f14-301f-5048-ac93-fbe8c57e8c92,9,9,ሙሴም እግዚአብሔር እንደ አዘዘው በእግዚአብሔር ፊት የነበረችውን በትሩን ወሰደ።
88b4ae93-3a24-5503-a9af-46b1434599d2,4d64b4d4-f3de-5d00-a389-b2924ae78ffa,8baf0f14-301f-5048-ac93-fbe8c57e8c92,10,10,ሙሴና አሮንም ማኅበሩን በዐለቷ ፊት ሰብስበው፥ “እናንተ ዓመፀኞች፥ እንግዲህ ስሙ፤ በውኑ ከዚህች ዐለት ውኃን እናወጣላችሁ ነበር?” አሏቸው።
dc7ba5a1-fe8d-5db3-a745-343e64d79cc0,4d64b4d4-f3de-5d00-a389-b2924ae78ffa,8baf0f14-301f-5048-ac93-fbe8c57e8c92,11,11,ሙሴም እጁን ዘርግቶ ዐለቷን ሁለት ጊዜ በበትሩ መታት፤ ብዙም ውኃ ወጣ፤ ማኅበሩም፥ ከብቶቻቸውም ጠጡ።
5035fbc4-fa52-5709-ab50-8b78bba9cfdd,4d64b4d4-f3de-5d00-a389-b2924ae78ffa,8baf0f14-301f-5048-ac93-fbe8c57e8c92,12,12,እግዚአብሔርም ሙሴንና አሮንን፥ “በእስራኤል ልጆች ፊት ትቀድሱኝ ዘንድ በእኔ አላመናችሁምና ስለዚህ ወደ ሰጠኋችሁ ምድር ይህን ማኅበር ይዛችሁ አትገቡም” አላቸው።
7a5a5359-9bf0-57f1-ac46-b9b737a1dacf,4d64b4d4-f3de-5d00-a389-b2924ae78ffa,8baf0f14-301f-5048-ac93-fbe8c57e8c92,13,13,የእስራኤል ልጆች ተከራክረውበታልና ይህ ውኃ የክርክር ውኃ ተባለ። እርሱም ቅዱስ መሆኑ የተገለጠበት ይህ የክርክር ውኃ ነው።
f23e0140-878c-5cf8-acbb-3e16b1a94399,4d64b4d4-f3de-5d00-a389-b2924ae78ffa,330bec41-1dfe-5ab3-a230-1b1ccafb2f6b,1,14,ሙሴም ከቃዴስ ወደ ኤዶምያስ ንጉሥ መልእክተኞችን እንዲህ ብሎ ላከ፥ “ወንድምህ እስራኤል እንዲህ ይላል፦ ያገኘንን መከራ ሁሉ አንተ ታውቃለህ፤
01daa33d-4846-5b3f-a318-dde35766a5ae,4d64b4d4-f3de-5d00-a389-b2924ae78ffa,330bec41-1dfe-5ab3-a230-1b1ccafb2f6b,2,15,አባቶቻችን ወደ ግብፅ ወረዱ፤ በግብፅም እጅግ ዘመን ተቀመጥን፤ ግብፃውያንም እኛንና አባቶቻችንን በደሉ።
2b6a18f6-3f65-57f2-aba1-cf1635ffb931,4d64b4d4-f3de-5d00-a389-b2924ae78ffa,330bec41-1dfe-5ab3-a230-1b1ccafb2f6b,3,16,ወደ እግዚአብሔርም ጮኽን፤ እግዚአብሔርም ድምፃችንን ሰማ፤ መልአክንም ልኮ ከግብፅ አወጣን፤ እነሆም፥ በምድርህ ዳርቻ ባለችው ከተማ በቃዴስ ተቀምጠናል።
81090931-8676-5f45-a29a-79762b0f4539,4d64b4d4-f3de-5d00-a389-b2924ae78ffa,330bec41-1dfe-5ab3-a230-1b1ccafb2f6b,4,17,እባክህ፥ በምድርህ ላይ እንለፍ፤ ወደ እርሻም ወደ ወይንም አንገባም፤ ከጕድጓዶችም ውኃን አንጠጣም፤ በንጉሡ ጎዳና እንሄዳለን፤ ዳርቻህንም እስክናልፍ ድረስ ወደ ቀኝም ወደ ግራም አንልም።”
d7e647f0-1666-5907-a57a-7b0a5c6e92f4,4d64b4d4-f3de-5d00-a389-b2924ae78ffa,330bec41-1dfe-5ab3-a230-1b1ccafb2f6b,5,18,የኤዶምያስም ንጉሥ “በእኔ በኩል አታልፍም፤ ይህ ካልሆነ ግን እንዋጋለን፤ በጦርም እቀበልህ ዘንድ እወጣለሁ” አለው።
4dc8db85-cc74-5006-afdf-24a62a58f37b,4d64b4d4-f3de-5d00-a389-b2924ae78ffa,330bec41-1dfe-5ab3-a230-1b1ccafb2f6b,6,19,የእስራኤልም ልጆች፥ “በተራራው በኩል እናልፋለን፤ እኛም ከብቶቻችንም ከውኃህ ብንጠጣ ዋጋውን እንከፍላለን፤ ይህ ምንም አይደለም፤ በተራራው እንለፍ” አሉት።
9b05b9d8-e5c2-54f3-aae0-d7df4f5c994b,4d64b4d4-f3de-5d00-a389-b2924ae78ffa,330bec41-1dfe-5ab3-a230-1b1ccafb2f6b,7,20,እርሱም፥ “በእኔ በኩል አታልፍም” አለ። የኤዶምያስም ንጉሥ በብዙ ሠራዊት በጽኑ እጅ ሊገጥመው ወጣ።
48f08f0a-ec8a-50b5-a6cb-360745c7c714,4d64b4d4-f3de-5d00-a389-b2924ae78ffa,330bec41-1dfe-5ab3-a230-1b1ccafb2f6b,8,21,የኤዶምያስም ንጉሥ እስራኤል በዳርቻው እንዲያልፍ አልፈቀደም፤ ስለዚህ እስራኤል ከእርሱ ተመለሰ።
87d39880-dfa6-505d-a844-a19f8bdc7719,4d64b4d4-f3de-5d00-a389-b2924ae78ffa,f16d4cb7-d1ca-54ad-ab07-53fbdfa6797b,1,22,ከቃዴስም ተጓዙ፤ የእስራኤልም ልጆች ማኅበር ሁሉ በሖር ተራራ ሰፈሩ።
1af6bca5-1b92-5b5d-af68-32f2076322a0,4d64b4d4-f3de-5d00-a389-b2924ae78ffa,f16d4cb7-d1ca-54ad-ab07-53fbdfa6797b,2,23,እግዚአብሔርም ሙሴንና አሮንን በኤዶምያስ ምድር ዳርቻ ባለው በሖር ተራራ እንዲህ ብሎ ተናገራቸው፦
7817b26b-17b4-5e1a-a908-4c973967c148,4d64b4d4-f3de-5d00-a389-b2924ae78ffa,f16d4cb7-d1ca-54ad-ab07-53fbdfa6797b,3,24,“አሮን ወደ ወገኑ ይጨመር፤ በክርክር ውኃ ዘንድ ስለ አሳዘናችሁኝ ለእስራኤል ልጆች ወደ ሰጠኋት ምድር አትገቡም።
70a91d20-38dc-50ff-a2bf-932a24af43ba,4d64b4d4-f3de-5d00-a389-b2924ae78ffa,f16d4cb7-d1ca-54ad-ab07-53fbdfa6797b,4,25,አሮንንና ልጁን አልዓዛርን ይዘህ በማኅበሩ ሁሉ ፊት ወደ ሖር ተራራ ላይ አምጣቸው፤
fd97f791-7ebc-5bd5-a1c9-8515f91e1f2a,4d64b4d4-f3de-5d00-a389-b2924ae78ffa,f16d4cb7-d1ca-54ad-ab07-53fbdfa6797b,5,26,ከአሮንም ልብሱን አውጣ፤ ልጁንም አልዓዛርን አልብሰው፤ አሮንም ወደ ወገኑ ይጨመር፤ በዚያም ይሙት።”
50724259-d21c-592d-ad55-3a1f822d2a0e,4d64b4d4-f3de-5d00-a389-b2924ae78ffa,f16d4cb7-d1ca-54ad-ab07-53fbdfa6797b,6,27,ሙሴም እግዚአብሔር እንዳዘዘ አደረገ፤ በማኅበሩም ሁሉ ፊት እያዩ ወደ ሖር ተራራ አወጣቸው።
9537085e-6825-5ae7-a333-48c9def921a5,4d64b4d4-f3de-5d00-a389-b2924ae78ffa,f16d4cb7-d1ca-54ad-ab07-53fbdfa6797b,7,28,ሙሴም የአሮንን ልብስ አወጣ፤ ልጁንም አልዓዛርን አለበሰው፤ አሮንም በዚያ በተራራው ራስ ላይ ሞተ፤ ሙሴና አልዓዛርም ከተራራው ራስ ላይ ወረዱ።
c81aa7b8-732b-50fa-a754-a163e149a502,4d64b4d4-f3de-5d00-a389-b2924ae78ffa,f16d4cb7-d1ca-54ad-ab07-53fbdfa6797b,8,29,ማኅበሩም ሁሉ አሮን እንደ ሞተ ባዩ ጊዜ፥ የእስራኤል ቤት ሁሉ ለአሮን ሠላሳ ቀን አለቀሱ።
94afbae6-b99d-577e-a744-1f2d58ae7ae8,719e3f97-3df2-565a-af4f-76d1b808c2aa,d7e04b2b-cafa-52c4-a5f4-e5d3471041f0,1,1,በአዜብ በኩል ተቀምጦ የነበረው ከነዓናዊው የአራድ ንጉሥ በአታሪን መንገድ እስራኤል እንደ መጡ ሰማ፤ ከእስራኤልም ጋር ሰልፍ አደረገ ከእነርሱም ምርኮ ማረከ።
15ed2d48-1176-591e-a37d-e25ad2cbae0d,719e3f97-3df2-565a-af4f-76d1b808c2aa,d7e04b2b-cafa-52c4-a5f4-e5d3471041f0,2,2,እስራኤልም ለእግዚአብሔር፥ “ይህን ሕዝብ አሳልፈህ በእጃችን ብትሰጠን እርሱንና ከተሞቹን ሕርም ብለን እናጠፋዋለን” ብለው ስእለት ተሳሉ።
b568bfa0-0dca-5093-a4e1-ed5d0a91aef8,719e3f97-3df2-565a-af4f-76d1b808c2aa,d7e04b2b-cafa-52c4-a5f4-e5d3471041f0,3,3,እግዚአብሔርም የእስራኤልን ድምፅ ሰማ፤ ከነዓናውያንንም አሳልፎ በእጃቸው ሰጣቸው፤ እነርሱንም፥ ከተሞቻቸውንም ሕርም ብለው አጠፉአቸው፤ የዚያን ስፍራ ስም “ሕርም” ብለው ጠሩት።
c4c57c77-d7fb-533c-a1b9-d1b51c654604,719e3f97-3df2-565a-af4f-76d1b808c2aa,bb659481-a457-5b3b-a8a9-90432eec01c1,1,4,ከሖርም ተራራ በኤርትራ ባሕር መንገድ ተጓዙ፤ የኤዶምንም ምድር ዞሩአት፤ ሕዝቡም በመንገድ ተበሳጩ።
37517190-253d-5c95-a869-980c1ce0ddcd,719e3f97-3df2-565a-af4f-76d1b808c2aa,bb659481-a457-5b3b-a8a9-90432eec01c1,2,5,ሕዝቡም፥ “በምድረ በዳ እንሞት ዘንድ ከግብፅ ለምን አወጣኸን?” ብለው እግዚአብሔርንና ሙሴንም አሙ። “እንጀራ የለም፤ ውኃም የለምና፥ ሰውነታችንም ይህን ጥቅም የሌለው እንጀራ ተጸየፈች” ብለው ተናገሩ።
d8f272df-5fb1-5702-ad0f-da793b11992a,719e3f97-3df2-565a-af4f-76d1b808c2aa,bb659481-a457-5b3b-a8a9-90432eec01c1,3,6,እግዚአብሔርም በሕዝቡ ላይ የሚገድሉ እባቦችን ሰደደ፤ ሕዝቡንም ነደፉ፤ ከእስራኤልም ልጆች ብዙ ሰዎች ሞቱ።
180551be-5c68-5036-a2c8-556e592aa927,719e3f97-3df2-565a-af4f-76d1b808c2aa,bb659481-a457-5b3b-a8a9-90432eec01c1,4,7,ሕዝቡም ወደ ሙሴ መጥተው፥ “በእግዚአብሔርና በአንተ ስለ ተናገርን በድለናል፤ እባቦችን ከእኛ ያርቅልን ዘንድ ወደ እግዚአብሔር ጸልይልን” አሉት። ሙሴም ስለ ሕዝቡ ወደ እግዚአብሔር ጸለየ።
c8ad73c0-3fc7-5e90-a61b-62305d3be432,719e3f97-3df2-565a-af4f-76d1b808c2aa,bb659481-a457-5b3b-a8a9-90432eec01c1,5,8,እግዚአብሔርም ሙሴን፥ “የናስ እባብን ሠርተህ በዓላማ ላይ ስቀል፤ እባቡም ሰውን ቢነድፍ የተነደፈው ሁሉ ይመልከተው፤ ይድናልም” አለው።
66d2b39b-70fc-54dc-a357-e7bf22114188,719e3f97-3df2-565a-af4f-76d1b808c2aa,bb659481-a457-5b3b-a8a9-90432eec01c1,6,9,ሙሴም የናሱን እባብ ሠርቶ በዓላማ ላይ ሰቀለ፤ እባብም የነደፈችው ሁሉ የናሱን እባብ ባየ ጊዜ ዳነ።
f51b233c-fcd9-5ec0-a2f1-738ffaed06de,719e3f97-3df2-565a-af4f-76d1b808c2aa,6b97f731-087e-5d3e-a839-cc23c108c205,1,10,የእስራኤልም ልጆች ተጓዙ፤ በኦቦትም ሰፈሩ።
20742cb8-0e86-50c1-a941-36742a836f45,719e3f97-3df2-565a-af4f-76d1b808c2aa,6b97f731-087e-5d3e-a839-cc23c108c205,2,11,ከኦቦትም ተጕዘው በሞዓብ ፊት ለፊት ባለችው ምድረ በዳ፥ በፀሐይ መውጫ በኩል በጌልጋይ ሰፈሩ።
450393c2-6dbd-50f1-a228-cdab61639ec7,719e3f97-3df2-565a-af4f-76d1b808c2aa,6b97f731-087e-5d3e-a839-cc23c108c205,3,12,ከዚያም ተጕዘው በዘሬድ ሸለቆ ሰፈሩ።
7fd9bede-5511-5d8f-a52a-93eb733c4e56,719e3f97-3df2-565a-af4f-76d1b808c2aa,6b97f731-087e-5d3e-a839-cc23c108c205,4,13,ከዚያም ተጕዘው ከአሞራውያን ዳርቻ በሚወጣው ምድረ በዳ ውስጥ በአርኖን ማዶ ሰፈሩ፤ አርኖን በሞዓብና በአሞራውያን መካከል ያለ የሞዓብ ዳርቻ ነውና።
b861f980-ed3a-5205-a3bb-411d01efe72d,719e3f97-3df2-565a-af4f-76d1b808c2aa,6b97f731-087e-5d3e-a839-cc23c108c205,5,14,ስለዚህ በመጽሐፍ ተባለ የእግዚአብሔር ጦርነት ዞኦብንና የአርኖን ሸለቆዎችን አቃጠለ።
3e0f01bb-265d-584e-abad-1f04ded0b2bb,719e3f97-3df2-565a-af4f-76d1b808c2aa,6b97f731-087e-5d3e-a839-cc23c108c205,6,15,ወደ ዒር ማደሪያ የሚወርድ፥ በሞዓብ ዳርቻም የሚጠጋ የሸለቆዎች ፈሳሾችንም አቆመ።
ae8051eb-bd04-5304-a2b9-0bba2aafa6d1,719e3f97-3df2-565a-af4f-76d1b808c2aa,6b97f731-087e-5d3e-a839-cc23c108c205,7,16,ከዚያም እግዚአብሔር ሙሴን፥ “ሕዝቡን ሰብስብ፤ የሚጠጡት ውኃ እሰጣቸዋለሁ” ብሎ ወደ ተናገረላት ጕድጓድ ሄዱ።
3675b800-6530-5a96-a6e4-5911e8bb073e,719e3f97-3df2-565a-af4f-76d1b808c2aa,6b97f731-087e-5d3e-a839-cc23c108c205,8,17,በዚያም ጊዜ እስራኤል በዚያ ጕድጓድ አጠገብ ይህን መዝሙር ስለ ጕድጓዱ መዘመር ጀመሩ፦
65be9367-10cc-5cc1-a7cc-d7e3aaa9279d,719e3f97-3df2-565a-af4f-76d1b808c2aa,6b97f731-087e-5d3e-a839-cc23c108c205,9,18,“አለቆች ቈፈሩአት፥
253b96b3-7778-502e-abd2-006e82da81e0,719e3f97-3df2-565a-af4f-76d1b808c2aa,6b97f731-087e-5d3e-a839-cc23c108c205,10,19,ከዚያችም ምንጭ ወደ መንተናይን ተጓዙ፤ ከመንተናይንም ወደ ነሃልያል፥ ከነሃልያልም ወደ ባሞት፥
d15f411f-92e3-5ff7-a29f-61d9983ec43d,719e3f97-3df2-565a-af4f-76d1b808c2aa,6b97f731-087e-5d3e-a839-cc23c108c205,11,20,ከባሞትም ምድረ በዳውን ከላይ ወደሚመለከተው ወደ ፈስጋ ተራራ ራስ በሞዓብ በረሃ ወዳለው ወደ ያኒን ሸለቆ ተጓዙ።
a5a34dd7-3aca-5e8e-a5c6-0451db033279,719e3f97-3df2-565a-af4f-76d1b808c2aa,fbfe0298-97c6-5d01-a4e4-e064cea816ca,1,21,እስራኤልም ወደ አሞሬዎናውያን ንጉሥ ወደ ሴዎን በሰላም ቃል እንዲህ ብሎ መልእክተኞችን ላከ፤
0ce10845-c4e1-5d27-a546-c2858f238040,719e3f97-3df2-565a-af4f-76d1b808c2aa,fbfe0298-97c6-5d01-a4e4-e064cea816ca,2,22,“በምድርህ ላይ እንለፍ፤ በመንገዱም እንሄዳለን፤ ወደ እርሻና ወደ ወይን ቦታ አንገባም፤ ከጕድጓድህም ውኃን አንጠጣም፤ እስክንወጣ ድረስ በንጉሥ ጎዳና እንሄዳለን።”
f399879d-ffd4-55c9-a148-f1f5120752e8,719e3f97-3df2-565a-af4f-76d1b808c2aa,fbfe0298-97c6-5d01-a4e4-e064cea816ca,3,23,ሴዎንም እስራኤል በወሰኑ ላይ ያልፉ ዘንድ አልፈቀደም፤ ሴዎንም ሕዝቡን ሁሉ ሰበሰበ፤ እስራኤልንም ለመውጋት ወደ ምድረ በዳ ወጣ፤ ወደ ኢያሶንም መጣ፤ እስራኤልንም ተዋጋቸው።
80ae494d-aa7d-5e3a-a404-77de4efaac57,719e3f97-3df2-565a-af4f-76d1b808c2aa,fbfe0298-97c6-5d01-a4e4-e064cea816ca,4,24,እስራኤልም በሰይፍ መታው፤ ምድሩንም ከአርኖን ጀምሮ እስከ አሞን ልጆች እስከ ያቦቅ ድረስ ወረሰ፤ የአሞንም ልጆች ዳርቻ ኢያዜር ነበረ።
29a9c8ed-796e-5f1e-a207-772df0120b76,719e3f97-3df2-565a-af4f-76d1b808c2aa,fbfe0298-97c6-5d01-a4e4-e064cea816ca,5,25,እስራኤልም እነዚህን ከተሞች ሁሉ ወሰደ፤ እስራኤልም በአሞራውያን ከተሞች ሁሉ፥ በሐሴቦንና በመንደሮቹ ሁሉ ተቀመጠ።
6dbd2be2-2797-56a1-a625-21945e398899,719e3f97-3df2-565a-af4f-76d1b808c2aa,fbfe0298-97c6-5d01-a4e4-e064cea816ca,6,26,ሐሴቦንም የአሞራውያን ንጉሥ የሴዎን ከተማ ነበረ፤ እርሱም የፊተኛውን የሞዓብን ንጉሥ ወግቶ ከአሮኤር እስከ አርኖን ድረስ ምድሩን ሁሉ ወስዶ ነበር።
48575e6a-22d8-5103-a770-a0ca60039c4c,719e3f97-3df2-565a-af4f-76d1b808c2aa,fbfe0298-97c6-5d01-a4e4-e064cea816ca,7,27,ስለዚህ የምሳሌ ሰዎች እንዲህ ብለው ይናገራሉ፦
c3c4ae61-b62b-5aef-a715-6d8c1cc4612b,719e3f97-3df2-565a-af4f-76d1b808c2aa,fbfe0298-97c6-5d01-a4e4-e064cea816ca,8,28,እሳት ከሐሴቦን፥ ነበልባልም ከሴዎን ከተማ ወጣ፤
97d01314-bb3f-5b58-a025-5d3b43f9b882,719e3f97-3df2-565a-af4f-76d1b808c2aa,fbfe0298-97c6-5d01-a4e4-e064cea816ca,9,29,ሞዓብ ሆይ፥ ወዮልህ!
26f51b5f-81c9-59b8-ab3c-c2de4ba552b2,719e3f97-3df2-565a-af4f-76d1b808c2aa,fbfe0298-97c6-5d01-a4e4-e064cea816ca,10,30,ዘራቸውም ከሐሴቦን እስከ ዴቦን ድረስ ጠፋ፤
20a68cc9-d7e9-558a-a3fe-e4c4a7b3cc7e,719e3f97-3df2-565a-af4f-76d1b808c2aa,fbfe0298-97c6-5d01-a4e4-e064cea816ca,11,31,እስራኤልም በአሞራውያን ከተሞች ተቀመጡ።
7607d0e2-d1f5-585b-abe3-cd1d9eaad384,719e3f97-3df2-565a-af4f-76d1b808c2aa,fbfe0298-97c6-5d01-a4e4-e064cea816ca,12,32,ሙሴም ሰላዮቹን ወደ ኢያዜር ላከ፤ እርስዋንና መንደሮችዋንም ያዙ፤ በዚያም የነበሩትን አሞሬዎናውያንን አባረሩ።
b315e166-8b3d-5203-a7be-d0c51a4f393e,719e3f97-3df2-565a-af4f-76d1b808c2aa,fbfe0298-97c6-5d01-a4e4-e064cea816ca,13,33,ተመልሰውም በባሳን መንገድ ወጡ፤ የባሳንም ንጉሥ ዐግ ከሕዝቡ ሁሉ ጋር በኤድራይን ይወጋቸው ዘንድ ወጣ።
d10352d2-5ef1-5656-a70d-8b9e6a224522,719e3f97-3df2-565a-af4f-76d1b808c2aa,fbfe0298-97c6-5d01-a4e4-e064cea816ca,14,34,እግዚአብሔርም ሙሴን፥ “እርሱንና ሕዝቡን ሁሉ፥ ምድሪቱንም አሳልፌ በእጅህ ሰጥቼሃለሁና አትፍራው፤ በሐሴቦንም በተቀመጠው በአሞሬዎን ንጉሥ በሴዎን እንዳደረግህ እንዲሁ ታደርግበታለህ” አለው።
9a154f13-047b-5aab-a83b-fbe5e9f01a41,719e3f97-3df2-565a-af4f-76d1b808c2aa,fbfe0298-97c6-5d01-a4e4-e064cea816ca,15,35,እርሱንና ልጆቹን፥ ሕዝቡን ሁሉ አንድ ሰው ሳያመልጥ መቱ፤ ምድሩንም ወረሱ።
25fad5a2-0749-51b9-a4d6-8229a81ded54,65d35144-068b-525d-ade4-50e8f0affcc1,49d8a2f9-92c6-50fa-aa75-d99272aa0199,1,1,የእስራኤልም ልጆች ተጓዙ፤ በኢያሪኮ በኩል በዮርዳኖስ አጠገብ በሞዓብ ምዕራብም ሰፈሩ።
baad931d-3b32-59e1-a959-97415b2efacf,65d35144-068b-525d-ade4-50e8f0affcc1,49d8a2f9-92c6-50fa-aa75-d99272aa0199,2,2,የሴፎር ልጅ ባላቅ እስራኤል በአሞሬዎናውያን ላይ ያደረገውን ሁሉ አየ።
611e8749-07ce-511c-a454-e59747436483,65d35144-068b-525d-ade4-50e8f0affcc1,49d8a2f9-92c6-50fa-aa75-d99272aa0199,3,3,ብዙም ነበረና ሞዓብ ከሕዝቡ እጅግ ፈራ፤ ከእስራኤልም ልጆች የተነሣ ሞዓብ ደነገጠ።
ee38249b-8802-5f14-a966-d1aa43f4d693,65d35144-068b-525d-ade4-50e8f0affcc1,49d8a2f9-92c6-50fa-aa75-d99272aa0199,4,4,ሞዓብም የምድያምን ሽማግሌዎች፥ “በሬ የለመለመውን ሣር እንደሚጨርስ ይህ ሠራዊት በዙሪያችን ያለውን ሁሉ ይጨርሳል” አላቸው። በዚያን ጊዜ የሶፎር ልጅ ባላቅ የሞዓብ ንጉሥ ነበረ።
8d40c4ac-3efa-5dd4-a8a1-ec95af541c71,65d35144-068b-525d-ade4-50e8f0affcc1,49d8a2f9-92c6-50fa-aa75-d99272aa0199,5,5,በወንዙም አጠገብ ባለችው በሕዝቡ ልጆች ምድር በፋቱራ ወደ ተቀመጠው ወደ ቢዖር ልጅ ወደ በለዓም፥ “እነሆ፥ ከግብፅ የወጣ ሕዝብ አለ፤
4b8d2c30-355c-58a3-ab6a-e44285ded5c3,65d35144-068b-525d-ade4-50e8f0affcc1,49d8a2f9-92c6-50fa-aa75-d99272aa0199,6,6,እነሆም፥ የምድሩን ሁሉ ፊት ሸፈነ፤ በአቅራቢያችንም ተቀምጦአል፤ አሁንም ይህ ሕዝብ ከእኔ ይበልጣልና ልወጋቸውና ከምድሪቱ ላሳድዳቸው እችል እንደ ሆነ፥ ና ርገምልኝ፤ አንተ የመረቅኸው ምሩቅ፥ የረገምኸውም ርጉም እንደ ሆነ አውቃለሁና” ብሎ ይጠሩት ዘንድ መልእክተኞችን ላከ።
ac72c519-e4e9-51bb-a4d1-ee00ce35ed84,65d35144-068b-525d-ade4-50e8f0affcc1,49d8a2f9-92c6-50fa-aa75-d99272aa0199,7,7,የሞዓብ ሽማግሌዎችና የምድያም ሽማግሌዎችም የምዋርቱን ዋጋ በእጃቸው ይዘው ሄዱ፤ ወደ በለዓምም መጡ፤ የባላቅንም ቃል ነገሩት።
cf22e0b7-d9a8-5784-a650-826cf1efa09d,65d35144-068b-525d-ade4-50e8f0affcc1,49d8a2f9-92c6-50fa-aa75-d99272aa0199,8,8,እርሱም፥ “ዛሬ ሌሊት በዚህ እደሩ፤ እግዚእብሔርም የሚነግረኝን እነግራችኋለሁ” አላቸው፤ የሞዓብ አለቆችም በበለዓም ዘንድ አደሩ።
0f606602-aa7f-5aea-ad97-fa457ed9e337,65d35144-068b-525d-ade4-50e8f0affcc1,49d8a2f9-92c6-50fa-aa75-d99272aa0199,9,9,እግዚአብሔርም ወደ በለዓም መጥቶ፥ “እነዚህ በአንተ ዘንድ ያሉ ሰዎች እነማን ናቸው?” አለው።
427ab374-dca9-516f-ab68-23382817e38c,65d35144-068b-525d-ade4-50e8f0affcc1,49d8a2f9-92c6-50fa-aa75-d99272aa0199,10,10,በለዓምም እግዚአብሔርን እንዲህ አለው፥ “የሞዓብ ንጉሥ የሶፎር ልጅ ባላቅ፦ እንዲህ ሲል ወደ እኔ ልኮአቸዋል፤
20b49071-268b-5559-ac5f-970129ca1f0f,65d35144-068b-525d-ade4-50e8f0affcc1,49d8a2f9-92c6-50fa-aa75-d99272aa0199,11,11,እነሆ፥ ከግብፅ የወጣ ሕዝብ የምድርን ፊት ሸፈነ፤ በአቅራቢያዬም ተቀምጦአል፤ ምናልባት እወጋው፥ አሳድደውም ዘንድ እችል እንደ ሆነ አሁንም ና እርሱን ርገምልኝ።”
acb1b92b-795b-57cd-a9a2-7a0f25d5869b,65d35144-068b-525d-ade4-50e8f0affcc1,49d8a2f9-92c6-50fa-aa75-d99272aa0199,12,12,እግዚአብሔርም በለዓምን፥ “ከእነርሱ ጋር አትሂድ፤ የተባረከ ነውና ሕዝቡን አትርገም” አለው።
f0658c6c-bc6b-59ad-a968-3cae7bedacb8,65d35144-068b-525d-ade4-50e8f0affcc1,49d8a2f9-92c6-50fa-aa75-d99272aa0199,13,13,በለዓምም ሲነጋ ተነሥቶ የባላቅን አለቆች፥ “ከእናንተ ጋር እሄድ ዘንድ እግዚአብሔር አልፈቀደልኝምና ወደ ጌታችሁ ሂዱ” አላቸው።
cc711db1-8b7b-5e03-af38-648cffdf2903,65d35144-068b-525d-ade4-50e8f0affcc1,49d8a2f9-92c6-50fa-aa75-d99272aa0199,14,14,የሞዓብ አለቆችም ተነሡ፤ ወደ ባላቅም መጥተው፥ “በለዓም ከእኛ ጋር ይመጣ ዘንድ አልፈቀደም” አሉት።
426ec4e9-276e-5090-a1c4-9eb7de08912e,65d35144-068b-525d-ade4-50e8f0affcc1,49d8a2f9-92c6-50fa-aa75-d99272aa0199,15,15,ባላቅም ደግሞ ከእነዚያ የበዙና የከበሩ ሌሎችን አለቆች ሰደደ።
ef681bd3-7aee-5ce7-a85a-024fa25f6dee,65d35144-068b-525d-ade4-50e8f0affcc1,49d8a2f9-92c6-50fa-aa75-d99272aa0199,16,16,ወደ በለዓምም መጥተው፥ “የሶፎር ልጅ ባላቅ፦ እባክህ ወደ እኔ መምጣትን ቸል አትበል፤
d567d6f5-b264-52db-a257-3fb992f0d7d7,65d35144-068b-525d-ade4-50e8f0affcc1,49d8a2f9-92c6-50fa-aa75-d99272aa0199,17,17,ክብርህን እጅግ ታላቅ አደርገዋለሁና፥ የተናገርኸውንም ሁሉ አደርግልሃለሁና ና፥ ይህን ሕዝብ ርገምልኝ ብሏል” አሉት።
7fcdcfeb-cabc-5f4a-aaf3-59d06039b08b,65d35144-068b-525d-ade4-50e8f0affcc1,49d8a2f9-92c6-50fa-aa75-d99272aa0199,18,18,በለዓምም መልሶ የባላቅን አለቆች፥ “ባላቅ በቤቱ የሞላውን ወርቅና ብር ቢሰጠኝ፥ በትንሹ ወይም በትልቁ ቢሆን የአምላኬን የእግዚአብሔርን ቃል እተላለፍ ዘንድ አይቻለኝም፤
47ee2f62-00bf-5b5a-a5d2-01754b09405c,65d35144-068b-525d-ade4-50e8f0affcc1,49d8a2f9-92c6-50fa-aa75-d99272aa0199,19,19,አሁንም እግዚአብሔር ደግሞ የሚነግረኝን አውቅ ዘንድ ዛሬ ሌሊት ደግሞ በዚህ እደሩ” አላቸው።
fdf908e5-af1c-5f68-a89b-513a43eac4a3,65d35144-068b-525d-ade4-50e8f0affcc1,49d8a2f9-92c6-50fa-aa75-d99272aa0199,20,20,እግዚአብሔርም ወደ በለዓም በሌሊት መጥቶ፥ “ሰዎቹ ይጠሩህ ዘንድ መጥተው እንደ ሆነ፥ ተነሣ ከእነርሱ ጋር ሂድ፤ ነገር ግን የምነግርህን ቃል ታደርጋለህ” አለው።
c08e9a83-2fbb-5933-afc3-81415e0fac08,65d35144-068b-525d-ade4-50e8f0affcc1,4dec9be5-cf1d-542a-a248-c66e9a6ad69f,1,21,በለዓምም ሲነጋ ተነሣ፤ አህያዪቱንም ጭኖ ከሞዓብ አለቆች ጋር ሄደ።
6d7e433f-783c-5317-a32a-829f4ad2bb01,65d35144-068b-525d-ade4-50e8f0affcc1,4dec9be5-cf1d-542a-a248-c66e9a6ad69f,2,22,እርሱም ስለ ሄደ እግዚአብሔር ተቈጣ፤ የእግዚአብሔርም መልአክ ሊያሰናክለው ተነሣ።
95c0003b-09c0-5b28-ab9d-677f1de7818a,65d35144-068b-525d-ade4-50e8f0affcc1,4dec9be5-cf1d-542a-a248-c66e9a6ad69f,3,23,እርሱም በአህያዪቱ ላይ ተቀምጦ ነበር፤ ሁለቱም ብላቴናዎቹ ከእርሱ ጋር ነበሩ። አህያዪቱም የእግዚአብሔርን መልአክ በመንገድ ላይ ቆሞ የተመዘዘም ሰይፍ በእጁ ይዞ አየች፤ ከመንገዱም ላይ ፈቀቅ ብላ ወደ ሜዳ ውስጥ ገባች፤ በለዓምም ወደ መንገድ ይመልሳት ዘንድ አህያዪቱን መታት።
9785bb99-6a28-5a56-a580-58b582aa3d58,65d35144-068b-525d-ade4-50e8f0affcc1,4dec9be5-cf1d-542a-a248-c66e9a6ad69f,4,24,የእግዚአብሔርም መልአክ ከወይኑ ቦታዎች መካከል በወዲያና በወዲህ ወገን ግንብ በነበረበት ቆመ።
7312d1c8-c4dc-5a2e-a91d-f1ba6e8e9b4d,65d35144-068b-525d-ade4-50e8f0affcc1,4dec9be5-cf1d-542a-a248-c66e9a6ad69f,5,25,አህያዪቱም የእግዚአብሔርን መልአክ አይታ ወደ ቅጥሩ ተጠጋች፤ የበለዓምንም እግሩን ላጠችው፤ እርሱም ደግሞ መታት።
53ea80f8-a5aa-5dbb-ab69-0bb5ae990356,65d35144-068b-525d-ade4-50e8f0affcc1,4dec9be5-cf1d-542a-a248-c66e9a6ad69f,6,26,የእግዚአብሔርም መልአክ ወደ ፊት ሄደ፤ በቀኝና በግራ መተላለፊያ በሌለበት በጠባብ ስፍራ ቆመ።
2446c68b-8e0b-5cb4-a38b-c2e88eea4008,65d35144-068b-525d-ade4-50e8f0affcc1,4dec9be5-cf1d-542a-a248-c66e9a6ad69f,7,27,አህያዪቱም የእግዚአብሔርን መልአክ አየች፤ ከበለዓምም በታች ተኛች፤ በለዓምም ተቈጣ፤ አህያዪቱንም በበትሩ ደበደባት።
cc158313-5c84-5fa9-ac78-9c34db3a7ec0,65d35144-068b-525d-ade4-50e8f0affcc1,4dec9be5-cf1d-542a-a248-c66e9a6ad69f,8,28,እግዚአብሔርም የአህያዪቱን አፍ ከፈተ፤ በለዓምንም፥ “ሦስት ጊዜ የመታኸኝ ምን አድርጌብህ ነው?” አለችው።
b7846584-707f-5bf5-a361-a1da082b8b12,65d35144-068b-525d-ade4-50e8f0affcc1,4dec9be5-cf1d-542a-a248-c66e9a6ad69f,9,29,በለዓምም አህያዪቱን፥ “ስለዘበትሽብኝ ነው፤ በእጄስ ሰይፍ ቢኖር አሁን በገደልሁሽ ነበር” አላት።
838abdc5-9696-5eab-a074-39691a04fe95,65d35144-068b-525d-ade4-50e8f0affcc1,4dec9be5-cf1d-542a-a248-c66e9a6ad69f,10,30,አህያዪቱም በለዓምን፥ “ከወጣትነትህ ጀምሮ እስከ ዛሬ የምትቀመጥብኝ አህያህ አይደለሁምን? በውኑ አንተን ቸል ያልሁበት፥ በአንተም እንዲህ ያደረግሁበት ጊዜ ነበርን?” አለችው። እርሱም፥ “እንዲህ አላደረግሽብኝም” አላት።
7f29d048-1d80-5bc9-ac0b-8d4d0de4e991,65d35144-068b-525d-ade4-50e8f0affcc1,4dec9be5-cf1d-542a-a248-c66e9a6ad69f,11,31,እግዚአብሔርም የበለዓምን ዐይኖች ከፈተ፤ የእግዚአብሔርንም መልአክ በመንገድ ላይ ቆሞ፥ የተመዘዘም ሰይፍ በእጁ ይዞ አየ፤ በግንባሩም ወድቆ ሰገደለት።
45ace413-4cca-5ef1-ab7d-b9af37df67cd,65d35144-068b-525d-ade4-50e8f0affcc1,4dec9be5-cf1d-542a-a248-c66e9a6ad69f,12,32,የእግዚአብሔርም መልአክ፥ “አህያህን ሦስት ጊዜ ለምን መታህ? እነሆ፥ መንገድህ በፊቴ ቀና አልነበረምና ላሰናክልህ ወጥቼአለሁ፤
8f8bb635-4534-5d77-ac3f-21c39d31dcac,65d35144-068b-525d-ade4-50e8f0affcc1,4dec9be5-cf1d-542a-a248-c66e9a6ad69f,13,33,አህያዪቱም አይታኝ ከፊቴ ፈቀቅ አለች፤ ይህም ሦስተኛ ጊዜ ነው፤ ከፊቴስ ፈቀቅ ባላለች በእውነት አሁን አንተን በገደልሁህ፤ እርሷንም ባዳንኋት ነበር” አለው።
2ef6089d-8088-531f-aa9f-d3258feb3eda,65d35144-068b-525d-ade4-50e8f0affcc1,4dec9be5-cf1d-542a-a248-c66e9a6ad69f,14,34,በለዓምም የእግዚአብሔርን መልአክ፥ “በድያለሁ፤ አንተ በመንገድ ላይ በፊቴ እንደ ቆምህብኝ አላወቅሁም፤ እንግዲህ አሁን አትወድድ እንደሆነ እመለሳለሁ” አለው።
82369ed7-ee2f-5863-a819-e3d88ef93e3f,65d35144-068b-525d-ade4-50e8f0affcc1,4dec9be5-cf1d-542a-a248-c66e9a6ad69f,15,35,የእግዚእብሔርም መልአክ በለዓምን፥ “ከሰዎቹ ጋር ሂድ፤ ነገር ግን የምናገርህን ቃል ብቻ ለመናገር ተጠንቀቅ” አለው። በለዓምም ከባላቅ አለቆች ጋር ሄደ።
e10cc9dd-d454-5b3e-ae94-7db0a9aaac9c,65d35144-068b-525d-ade4-50e8f0affcc1,4dec9be5-cf1d-542a-a248-c66e9a6ad69f,16,36,“ባላቅም በለዓም እንደ መጣ በሰማ ጊዜ ከዳርቻዎች በአንደኛ ክፍል በአለችው በአርኖን ዳርቻ ወደ አለችው ወደ ሞዓብ ከተማ ሊገናኘው ወጣ።
6516210a-d486-5a52-a4b4-455c3f890da4,65d35144-068b-525d-ade4-50e8f0affcc1,4dec9be5-cf1d-542a-a248-c66e9a6ad69f,17,37,ባላቅም በለዓምን፥ “አንተን ለመጥራት የላክሁብህ አይደለምን? ለምንስ ወደ እኔ አልመጣህም? አንተን ለማክበር እኔ አልችልምን?” አለው።
2f2bf5c6-8e7b-5812-ae2a-09ed29984e7b,65d35144-068b-525d-ade4-50e8f0affcc1,4dec9be5-cf1d-542a-a248-c66e9a6ad69f,18,38,በለዓምም ባላቅን፥ “እነሆ፥ ወደ አንተ መጥቼአለሁ፤ አሁን አንዳችን ነገር ለመናገር እችላለሁን? እግዚአብሔር በአፌ የሚያደርገውን ቃል እርሱን እናገራለሁ” አለው።
84962f44-701a-5926-a837-31b662747f38,65d35144-068b-525d-ade4-50e8f0affcc1,4dec9be5-cf1d-542a-a248-c66e9a6ad69f,19,39,በለዓምም ከባላቅ ጋር ሄደ፤ ወደ ቅጽር ግቢውም ገቡ።
b41d88fa-324c-5330-a33e-418ef0543540,65d35144-068b-525d-ade4-50e8f0affcc1,4dec9be5-cf1d-542a-a248-c66e9a6ad69f,20,40,ባላቅም በሬዎችንና በጎችን አርዶ ወደ በለዓም፥ ከእርሱም ጋር ወዳሉት አለቆች ላከ።
b932a2c4-3323-5d8d-aa32-97a864b64a91,65d35144-068b-525d-ade4-50e8f0affcc1,4dec9be5-cf1d-542a-a248-c66e9a6ad69f,21,41,በነጋውም ባላቅ በለዓምን ይዞ ወደ በአል ኮረብታ አወጣው፤ በዚያም ሆኖ የሕዝቡን አንድ ወገን አሳየው።
736f57c0-df25-5694-ad46-5b8fd93f6aa1,dd8e715a-c55e-582d-a2ae-4f89b48a800c,3239fe6a-b873-5e87-a786-a8a2b4f35ac8,1,1,በለዓምም ባላቅን፥ “ሰባት መሠዊያ በዚህ ሥራልኝ፤ ሰባትም ወይፈን፥ ሰባትም አውራ በግ በዚህ አዘጋጅልኝ” አለው።
dbc70aa7-9980-5d1e-aa0c-0ad48a28bf2c,dd8e715a-c55e-582d-a2ae-4f89b48a800c,3239fe6a-b873-5e87-a786-a8a2b4f35ac8,2,2,ባላቅም በለዓም እንደ ተናገረ አደረገ፤ በየመሠዊያው ላይ አንድ ወይፈንና አንድ አውራ በግ አሳረገ።
7b961aaf-7ac1-5cd8-a846-e09162a8b1e7,dd8e715a-c55e-582d-a2ae-4f89b48a800c,3239fe6a-b873-5e87-a786-a8a2b4f35ac8,3,3,በለዓምም ባላቅን፥ “በመሥዋዕትህ ዘንድ ቈይ፤ እኔ እግዚአብሔር ቢገለጥልኝ፥ ቢገናኘኝም እሄዳለሁ፤ የሚገልጥልኝንም ቃል እነግርሃለሁ” አለው። ባላቅም በመሠዊያው ዘንድ ቆመ፤ በለዓም ግን እግዚአብሔርን ይጠይቅ ዘንድ አቅንቶ ሄደ።
1eed421c-f932-56fb-a24d-0c3e51520ea0,dd8e715a-c55e-582d-a2ae-4f89b48a800c,3239fe6a-b873-5e87-a786-a8a2b4f35ac8,4,4,እግዚአብሔርም ለበለዓም ታየው፤ በለዓምም ለእግዚአብሔር፥ “እነሆ፥ ሰባት መሠዊያዎች አዘጋጀሁ፤ በየመሠዊያውም ላይ አንድ ወይፈንና አንድ አውራ በግ አሳረግሁ” አለው።
b5f77c43-9a95-56d2-ac4c-3c3b425251f7,dd8e715a-c55e-582d-a2ae-4f89b48a800c,3239fe6a-b873-5e87-a786-a8a2b4f35ac8,5,5,እግዚአብሔርም በበለዓም አፍ ቃልን አኖረ፤ “ወደ ባላቅ ተመለስ፤ እንዲህም በል” አለው።
bada428c-8b9d-5091-a458-68cb0f10007c,dd8e715a-c55e-582d-a2ae-4f89b48a800c,3239fe6a-b873-5e87-a786-a8a2b4f35ac8,6,6,ወደ እርሱም ተመለሰ፤ እነሆም፥ እርሱና የሞዓብ አለቆች ሁሉ በመሥዋዕቱ ዘንድ ቆመው ነበር፤ የእግዚአብሔርም መንፈስ ወደ እርሱ መጣ፤
930e2cb6-ae7b-533e-ad9a-4829a27ac66d,dd8e715a-c55e-582d-a2ae-4f89b48a800c,3239fe6a-b873-5e87-a786-a8a2b4f35ac8,7,7,በምሳሌም ይናገር ጀመር፤ እንዲህም አለ፦
71747b11-04e5-5db2-aa60-66c2fc714303,dd8e715a-c55e-582d-a2ae-4f89b48a800c,3239fe6a-b873-5e87-a786-a8a2b4f35ac8,8,8,እግዚአብሔር ያልረገመውን እንዴት እረግማለሁ?
5ff7c8de-6327-5735-a803-723f7d4ea391,dd8e715a-c55e-582d-a2ae-4f89b48a800c,3239fe6a-b873-5e87-a786-a8a2b4f35ac8,9,9,በተራሮች ራስ ላይ ሆኜ አየዋለሁ፤
2cb792b1-2ecc-51b7-a7a5-eed4a6d0857a,dd8e715a-c55e-582d-a2ae-4f89b48a800c,3239fe6a-b873-5e87-a786-a8a2b4f35ac8,10,10,የያዕቆብን ዘር ማን ያውቀዋል?
6ab9395d-a808-5c95-aa86-ecde1639bcd5,dd8e715a-c55e-582d-a2ae-4f89b48a800c,3239fe6a-b873-5e87-a786-a8a2b4f35ac8,11,11,ባላቅም በለዓምን፥ “ያደረግኽብኝ ምንድን ነው? ጠላቶችን ትረግምልኝ ዘንድ ጠራሁህ፤ እነሆም፥ መባረክን ባረክሃቸው” አለው።
6244aa76-6da7-5ff7-aa77-4f5eac5998d5,dd8e715a-c55e-582d-a2ae-4f89b48a800c,3239fe6a-b873-5e87-a786-a8a2b4f35ac8,12,12,በለዓምም ባላቅን መልሶ፥ “በውኑ እግዚአብሔር በአፌ ያደረገውን እናገር ዘንድ የምጠነቀቅ አይደለምን?”
94142156-f5ac-5da8-abb4-c43535140401,dd8e715a-c55e-582d-a2ae-4f89b48a800c,fae5511b-f49c-5189-a1f2-aec2d77ec649,1,13,ባላቅም፥ “በዚያ እነርሱን ወደማታይበት ወደ ሌላ ቦታ እባክህ፥ ከእኔ ጋር ና፤ ከእነርሱ አንዱን ወገን ብቻ ታያለህ፤ ሁሉን ግን አታይም፤ በዚያም እነርሱን ርገምልኝ” አለው።
53227599-000f-5bac-a6e5-28564e1cb790,dd8e715a-c55e-582d-a2ae-4f89b48a800c,fae5511b-f49c-5189-a1f2-aec2d77ec649,2,14,በሜዳ ወደ ተገነባ ግንብ ራስ ላይም ወሰደው፤ አዞረውም፤ ሰባትም መሠዊያዎች ሠራ፤ በየመሠዊያውም ላይ አንድ ወይፈን፥ አንድም አውራ በግ አሳረገ።
97eec87a-1b72-57aa-a1b5-b5da44d36f08,dd8e715a-c55e-582d-a2ae-4f89b48a800c,fae5511b-f49c-5189-a1f2-aec2d77ec649,3,15,በለዓምም ባላቅን አለው፥ “በዚህ በመሥዋዕትህ ዘንድ ቈይ፤ እኔም እግዚአብሔርን እጠይቅ ዘንድ እሄዳለሁ።”
7945fb38-62a0-5fbb-a7f0-0456dd22c0ec,dd8e715a-c55e-582d-a2ae-4f89b48a800c,fae5511b-f49c-5189-a1f2-aec2d77ec649,4,16,እግዚአብሔርም በለዓምን ተገናኘው፤ ቃልንም በአፉ አኖረ፥ “ወደ ባላቅ ተመለስ፤ እንዲህም በለው።”
e2f2bf2c-9b60-5528-af41-1f8a1f085ac7,dd8e715a-c55e-582d-a2ae-4f89b48a800c,fae5511b-f49c-5189-a1f2-aec2d77ec649,5,17,ወደ እርሱም መጣ፤ እነሆ፥ እርሱ ከእርሱም ጋር የሞዓብ አለቆች በመሥዋዕቱ ዘንድ ቆመው ነበር፤ ባላቅም በለዓምን አለው፥ “እግዚአብሔር ምን አለ?”
9111d387-0c65-5557-a058-b6384597266f,dd8e715a-c55e-582d-a2ae-4f89b48a800c,fae5511b-f49c-5189-a1f2-aec2d77ec649,6,18,በምሳሌም ይናገር ጀመር፤ እንዲህም አለ፦
7142e5eb-bbb6-5540-aa81-f5d5fc3fb1ed,dd8e715a-c55e-582d-a2ae-4f89b48a800c,fae5511b-f49c-5189-a1f2-aec2d77ec649,7,19,እግዚአብሔር እንደ ሰው የሚታለል አይደለም።
75ffeb0c-deba-598a-a26c-252d769d9580,dd8e715a-c55e-582d-a2ae-4f89b48a800c,fae5511b-f49c-5189-a1f2-aec2d77ec649,8,20,እነሆ፥ መጥቻለሁ፤ እባርካለሁ፤ አልመለስምም፤
343fd532-56f3-5ccf-a788-f1797f485923,dd8e715a-c55e-582d-a2ae-4f89b48a800c,fae5511b-f49c-5189-a1f2-aec2d77ec649,9,21,በያዕቆብ ላይ ድካም የለም፤
ff8663f6-1408-5cfd-a8ef-5e36ef39bd2c,dd8e715a-c55e-582d-a2ae-4f89b48a800c,fae5511b-f49c-5189-a1f2-aec2d77ec649,10,22,እግዚአብሔር ከግብፅ ያወጣው እርሱ
17411fb3-1521-560b-aebb-c979778fb80d,dd8e715a-c55e-582d-a2ae-4f89b48a800c,fae5511b-f49c-5189-a1f2-aec2d77ec649,11,23,በያዕቆብ ላይ ጥንቆላ የለም፤
097ed1cd-b284-5455-ae98-e4aed767dd0b,dd8e715a-c55e-582d-a2ae-4f89b48a800c,fae5511b-f49c-5189-a1f2-aec2d77ec649,12,24,እነሆ፥ ሕዝቡ እንደ አንበሳ ደቦል ያገሣል፤
b4d0658e-6347-57d2-a371-0a32350b7aca,dd8e715a-c55e-582d-a2ae-4f89b48a800c,fae5511b-f49c-5189-a1f2-aec2d77ec649,13,25,ባላቅም በለዓምን አለው፥ “ከቶ አትርገማቸው፤ ከቶም አትባርካቸው።”
99e004cc-8337-5bdc-ae1a-db168f3dee1c,dd8e715a-c55e-582d-a2ae-4f89b48a800c,fae5511b-f49c-5189-a1f2-aec2d77ec649,14,26,በለዓምም መልሶ ባላቅን አለው፥ “እግዚአብሔር የተናገረኝን ቃል ሁሉ አደርጋለሁ ብዬ አልተናገርሁህምን?”
7455f96b-7467-5ed6-aacf-2c5d3f37ace8,dd8e715a-c55e-582d-a2ae-4f89b48a800c,1e58e877-3ccb-50fe-aa5b-b180c816f0ad,1,27,ባላቅም በለዓምን አለው፥ “ና፥ ወደ ሌላ ስፍራ እወስድሃለሁ፤ ምናልባት በዚህ ሆነህ እነርሱን ትረግምልኝ ዘንድ እግዚአብሔር ይወድድ ይሆናል።”
71bc2be8-9c6d-5a49-a3ba-a5090d9488de,dd8e715a-c55e-582d-a2ae-4f89b48a800c,1e58e877-3ccb-50fe-aa5b-b180c816f0ad,2,28,ባላቅም በለዓምን በምድረ በዳ ወደ ተከበበው ወደ ፌጎር ተራራ ወሰደው።
d0673eda-f329-5da3-a7e3-1ff36cf358e4,dd8e715a-c55e-582d-a2ae-4f89b48a800c,1e58e877-3ccb-50fe-aa5b-b180c816f0ad,3,29,በለዓምም ባላቅን፥ “በዚህ ሰባት መሠዊያዎች ሥራልኝ፤ በዚህም ሰባት ወይፈን፥ ሰባትም አውራ በግ አዘጋጅልኝ” አለው።
43fe445a-abf1-5172-a367-d5005d95c95b,dd8e715a-c55e-582d-a2ae-4f89b48a800c,1e58e877-3ccb-50fe-aa5b-b180c816f0ad,4,30,ባላቅም በለዓም እንዳለው አደረገ፤ በየመሠዊያውም ላይ አንድ ወይፈንና አንድ አውራ በግ አሳረገ።
e6cb1b0a-b324-5893-a6b5-1cf4ecb9dd4c,88aeedb0-a7fa-5a10-ab7e-ffef5747350b,c1360014-2cd8-553f-acae-cd7df2dbdcc6,1,1,በለዓምም እስራኤልን መባረክ በእግዚአብሔር ፊት መልካም እንደ ሆነ ባየ ጊዜ፥ እንደ ልማዱ ለማሟረት ወደ ፊት አልሄደም፤ ነገር ግን ወደ ምድረ በዳ ፊቱን መለሰ።
c7031360-1b75-5048-a70c-eb415d5f2251,88aeedb0-a7fa-5a10-ab7e-ffef5747350b,c1360014-2cd8-553f-acae-cd7df2dbdcc6,2,2,በለዓምም ዐይኑን አንሥቶ እስራኤል በየነገዳቸው ሲጓዙ አየ፤ የእግዚአብሔርም መንፈስ በላዩ መጣ።
468d8c2d-0421-5be3-a966-49e9c931af73,88aeedb0-a7fa-5a10-ab7e-ffef5747350b,c1360014-2cd8-553f-acae-cd7df2dbdcc6,3,3,በምሳሌም ይናገር ጀመር፤ እንዲህም አለ፥ “የቢዖር ልጅ በለዓም እንዲህ ይላል፥ በትክክል የሚያይ ሰው እንዲህ ይላል፤
750ca917-c306-5b77-a876-ee06eea18703,88aeedb0-a7fa-5a10-ab7e-ffef5747350b,c1360014-2cd8-553f-acae-cd7df2dbdcc6,4,4,“የእግዚአብሔርን ቃል የሚሰማ፥
82e8956b-f04c-521f-aaa5-4f5eca303835,88aeedb0-a7fa-5a10-ab7e-ffef5747350b,c1360014-2cd8-553f-acae-cd7df2dbdcc6,5,5,ያዕቆብ ሆይ፥ ቤቶችህ፥
dab58c1f-4509-5f70-a789-8ad2db6fff05,88aeedb0-a7fa-5a10-ab7e-ffef5747350b,c1360014-2cd8-553f-acae-cd7df2dbdcc6,6,6,እንደሚጋርዱ ዛፎች፥
df53a6ea-5789-5226-ab64-9ff86d550573,88aeedb0-a7fa-5a10-ab7e-ffef5747350b,c1360014-2cd8-553f-acae-cd7df2dbdcc6,7,7,ከዘሩ ሰው ይወጣል፤
ef85b0a6-0727-5924-aeac-986fe60141ed,88aeedb0-a7fa-5a10-ab7e-ffef5747350b,c1360014-2cd8-553f-acae-cd7df2dbdcc6,8,8,እግዚአብሔር ከግብፅ መርቶ አውጥቶታል፤
355d360c-23ef-5def-a107-99901c3c58af,88aeedb0-a7fa-5a10-ab7e-ffef5747350b,c1360014-2cd8-553f-acae-cd7df2dbdcc6,9,9,አርፎአል፥
6d334fc4-9355-52c6-a63f-ce9dad28c924,88aeedb0-a7fa-5a10-ab7e-ffef5747350b,c1360014-2cd8-553f-acae-cd7df2dbdcc6,10,10,ባላቅም በበለዓም ላይ ተቈጣ፤ እጆቹንም አጨበጨበ፤ ባላቅም በለዓምን አለው፦ ጠላቶችን ትረግም ዘንድ ጠራሁህ፥
9cf634ac-2321-5b9e-aab8-e04a594ce941,88aeedb0-a7fa-5a10-ab7e-ffef5747350b,c1360014-2cd8-553f-acae-cd7df2dbdcc6,11,11,እነሆም፥ ፈጽመህ መረቅሃቸው፤ ይህ ሦስተኛህ ነው፤ አሁንም እንግዲህ ወደ ስፍራህ ሂድ፤ እኔ አከብርሃለሁ ብዬ ነበር፤ እግዚአብሔር ግን እነሆ፥ ክብርህን ከለከለ።”
26e9ad29-00a1-5859-a295-6756c92c4cc4,88aeedb0-a7fa-5a10-ab7e-ffef5747350b,c1360014-2cd8-553f-acae-cd7df2dbdcc6,12,12,በለዓምም ባላቅን አለው፦
38dcbeac-734c-5d8b-a5b6-f3c66465cc95,88aeedb0-a7fa-5a10-ab7e-ffef5747350b,c1360014-2cd8-553f-acae-cd7df2dbdcc6,13,13,ባላቅ በቤቱ የሞላውን ብርና ወርቅ ቢሰጠኝ፥ መልካሙን ወይም ክፉውን ከልቤ ለማድረግ የእግዚአብሔርን ቃል እተላለፍ ዘንድ አይቻለኝም፤ እግዚአብሔር የተናገረውን እርሱን እናገራለሁ ብዬ ወደ እኔ ለላክሃቸው መልእክተኞችህ አልተናገርኋቸውምን?
53e40e15-070d-551e-ac97-60969c734a63,88aeedb0-a7fa-5a10-ab7e-ffef5747350b,c1360014-2cd8-553f-acae-cd7df2dbdcc6,14,14,አሁንም፥ እነሆ፥ ወደ ሕዝቤ እሄዳለሁ፤ ና፥ ይህ ሕዝብ በኋለኛው ዘመን በሕዝብህ ላይ የሚያደርገውን እነግርሃለሁ።”
f09a2686-bb18-52cf-aabc-5457ecbf61e4,88aeedb0-a7fa-5a10-ab7e-ffef5747350b,d6e3e68f-c61f-5a26-af0e-09181f7d86c4,1,15,በምሳሌም ይናገር ጀመር፥ እንዲህም አለ፦
c3898e24-4c88-581f-ab98-cd0fe7ca2dcd,88aeedb0-a7fa-5a10-ab7e-ffef5747350b,d6e3e68f-c61f-5a26-af0e-09181f7d86c4,2,16,የእግዚአብሔርን ቃል የሚሰማ፥
af8da82d-83bc-5536-ae48-164ac42dd489,88aeedb0-a7fa-5a10-ab7e-ffef5747350b,d6e3e68f-c61f-5a26-af0e-09181f7d86c4,3,17,አየዋለሁ፥ አሁን ግን አይደለም፤
b8748087-52d0-5266-afaf-2bc8173ea2e2,88aeedb0-a7fa-5a10-ab7e-ffef5747350b,d6e3e68f-c61f-5a26-af0e-09181f7d86c4,4,18,ኤዶምያስም ርስቱ ይሆናል፤
f4730c63-1cc9-5c53-ab8a-e1aadc08def1,88aeedb0-a7fa-5a10-ab7e-ffef5747350b,d6e3e68f-c61f-5a26-af0e-09181f7d86c4,5,19,ከያዕቆብም ኀያል ሰው ይወጣል፤
ffc1b91f-f2d0-5b80-a8d3-5dbf091ba307,88aeedb0-a7fa-5a10-ab7e-ffef5747350b,d6e3e68f-c61f-5a26-af0e-09181f7d86c4,6,20,ዐማሌቅንም አይቶ በምሳሌ ይናገር ጀመር፤ እንዲህም አለ፦
1dcbdde0-f88c-5a8b-a969-c97907548c6c,88aeedb0-a7fa-5a10-ab7e-ffef5747350b,d6e3e68f-c61f-5a26-af0e-09181f7d86c4,7,21,ቄኔዎናውያንንም አይቶ በምሳሌ ይናገር ጀመር፤ እንዲህም አለ፦
b4d8f97c-f298-5427-a889-891bb29857f8,88aeedb0-a7fa-5a10-ab7e-ffef5747350b,d6e3e68f-c61f-5a26-af0e-09181f7d86c4,8,22,ቢዖር የጥፋት ጎጆ ቢሆንም አሦር ይማርክሃል።”
fd264a41-d901-5fb5-a7c5-a6fad51a63e0,88aeedb0-a7fa-5a10-ab7e-ffef5747350b,d6e3e68f-c61f-5a26-af0e-09181f7d86c4,9,23,አግንም ባየው ጊዜ በምሳሌ ይናገር ጀመር፤ እንዲህም አለ፦
3aea95d3-a9c3-5dfb-a0e0-2a96254ef274,88aeedb0-a7fa-5a10-ab7e-ffef5747350b,d6e3e68f-c61f-5a26-af0e-09181f7d86c4,10,24,ከቄጤዎንም እጅ የሚወጣው
bbe69cf1-dfbf-51da-ad65-309625f7c5ef,88aeedb0-a7fa-5a10-ab7e-ffef5747350b,d6e3e68f-c61f-5a26-af0e-09181f7d86c4,11,25,በለዓምም ተነሣ፤ ተመልሶም ወደ ስፍራው ሄደ፤ ባላቅም ደግሞ ወደ ቤቱ ገባ።
df8b99e1-2055-5941-a8f9-1be076614bd0,0e4a23b8-d724-5c1b-ae4a-59d083822151,a65badc1-3c9d-5145-abbf-e156a17b5be8,1,1,እስራኤልም በሰጢን አደሩ፤ ሕዝቡም ከሞዓብ ልጆች ጋር አመነዘሩ፤ ረከሱም።
d209fa95-7238-5e49-a790-c79722b61d94,0e4a23b8-d724-5c1b-ae4a-59d083822151,a65badc1-3c9d-5145-abbf-e156a17b5be8,2,2,ሕዝቡንም ወደ አምላኮቻቸው መሥዋዕት ጠሩ፤ ሕዝቡም መሥዋዕታቸውን በሉ፤ ለአምላኮቻቸውም ሰገዱ።
6e814497-52c9-5fcd-ac17-48ab5fdded62,0e4a23b8-d724-5c1b-ae4a-59d083822151,a65badc1-3c9d-5145-abbf-e156a17b5be8,3,3,እስራኤልም ለብዔል ፌጎር ራሳቸውን ለዩ፤ እግዚአብሔርም በእስራኤል ላይ ፈጽሞ ተቈጣ።
2c6e7126-7ba2-56d7-aeae-4981e2b84145,0e4a23b8-d724-5c1b-ae4a-59d083822151,a65badc1-3c9d-5145-abbf-e156a17b5be8,4,4,እግዚአብሔርም ሙሴን አለው፥ “የእግዚአብሔርን ትእዛዝ ስላፈረሱ የሕዝቡን አለቆች ሁሉ ወስደህ በፀሐይ ፊት ቅጣቸው። የእግዚአብሔርም ቍጣ ከእስራኤል ይርቃል።”
7947ae7d-1a3f-5620-a289-5620954cd86a,0e4a23b8-d724-5c1b-ae4a-59d083822151,a65badc1-3c9d-5145-abbf-e156a17b5be8,5,5,ሙሴም የእስራኤልን ሕዝቦች፥ “እናንተ እያንዳንዳችሁ ብዔል ፌጎርን የተከተሉትን ሰዎቻችሁን ግደሉ” አላቸው።
ffec3988-2b9f-5b45-a508-576444a3c284,0e4a23b8-d724-5c1b-ae4a-59d083822151,a65badc1-3c9d-5145-abbf-e156a17b5be8,6,6,እነሆም፥ ከእስራኤል ልጆች አንዱ መጥቶ በሙሴና በእስራኤል ልጆች ማኅበር ሁሉ ፊት ወንድሙን ወደ ምድያማዊት ሴት ወሰደው፤ እነርሱም በምስክሩ ድንኳን ዳጃፍ ያለቅሱ ነበር።
de38be08-dd7b-5988-ad2d-d7b6c4a2ec61,0e4a23b8-d724-5c1b-ae4a-59d083822151,a65badc1-3c9d-5145-abbf-e156a17b5be8,7,7,የካህኑም የአሮን ልጅ የአልዓዛር ልጅ ፊንሐስ ባየው ጊዜ ከማኅበሩ መካከል ተነሥቶ በእጁ ጦር አነሣ።
06d07df2-3d82-520d-a3de-ec369dc4dca6,0e4a23b8-d724-5c1b-ae4a-59d083822151,a65badc1-3c9d-5145-abbf-e156a17b5be8,8,8,ያንም የእስራኤልን ሰው ተከትሎ ወደ ድንኳኑ ገባ። ሁለቱንም እስራኤላዊውን ሰውና ምድያማዊቱን ሴት ሆዳቸውን ወጋቸው፤ ከእስራኤልም ልጆች መቅሠፍቱ ተወገደ።
86337063-bc4e-583c-a898-3643ea55a98c,0e4a23b8-d724-5c1b-ae4a-59d083822151,a65badc1-3c9d-5145-abbf-e156a17b5be8,9,9,በመቅሠፍቱም የሞቱት ሃያ አራት ሺህ ነበሩ።
b1157e96-50e2-59f2-af69-ff7ad3ebb1fa,0e4a23b8-d724-5c1b-ae4a-59d083822151,a65badc1-3c9d-5145-abbf-e156a17b5be8,10,10,እግዚአብሔርም ሙሴን እንዲህ ብሎ ተናገረው፦
c7c20352-0977-5b77-a301-10aff6854991,0e4a23b8-d724-5c1b-ae4a-59d083822151,a65badc1-3c9d-5145-abbf-e156a17b5be8,11,11,“የካህኑ የአሮን ልጅ የአልዓዛር ልጅ ፊንሐስ በቅንዓቴ በመካከላቸው ቀንቶአልና ቍጣዬን ከእስራኤል ልጆች መለሰ፤ እኔም የእስራኤልን ልጆች በቅንዓቴ አላጠፋሁም።
b0bad0b6-4d62-5a2d-a318-d33be7b8f3d9,0e4a23b8-d724-5c1b-ae4a-59d083822151,a65badc1-3c9d-5145-abbf-e156a17b5be8,12,12,ስለዚህ አልሁ፦ እነሆ፥ የሰላሜን ቃል ኪዳን እሰጠዋለሁ።
bc278d1a-1b8f-5fb1-ab11-671727ff692f,0e4a23b8-d724-5c1b-ae4a-59d083822151,a65badc1-3c9d-5145-abbf-e156a17b5be8,13,13,ለአምላኩ ቀንቶአልና፥ ለእስራኤልም ልጆች አስተስርዮአልና፥ ለእርሱ ከእርሱም በኋላ ለዘሩ ለዘለዓለም የክህነት ቃል ኪዳን ይሆንለታል።”
853dc61d-0911-56d0-ab13-65f0ce09fb40,0e4a23b8-d724-5c1b-ae4a-59d083822151,a65badc1-3c9d-5145-abbf-e156a17b5be8,14,14,ከምድያማዊቱም ጋር የተገደለው የእስራኤላዊው ሰው ስም ዘንበሪ ነበረ፤ የአባቱ ቤት አለቃ የስምዖናውያን የሆነ የሰሉ ልጅ ነበረ።
847b9575-7a45-5548-a718-d53545c24ce3,0e4a23b8-d724-5c1b-ae4a-59d083822151,a65badc1-3c9d-5145-abbf-e156a17b5be8,15,15,የተገደለችውም ምድያማዊት ስምዋ ከስቢ ነበረ፤ እርስዋም የሱር ልጅ ነበረች፤ እርሱም የምድያም አባቶች ወገን የሚሆን የሳሞት ወገን አለቃ ነበረ።
65afacd2-3d86-5567-a842-fbf1d3e0120a,0e4a23b8-d724-5c1b-ae4a-59d083822151,a65badc1-3c9d-5145-abbf-e156a17b5be8,16,16,እግዚአብሔርም ሙሴን እንዲህ ብሎ ተናገረው፥ “ለእስራኤል ልጆች እንዲህ ብለህ ንገራቸው፦
1631243b-97a6-54c6-acec-6a8d4a95c996,0e4a23b8-d724-5c1b-ae4a-59d083822151,a65badc1-3c9d-5145-abbf-e156a17b5be8,17,17,ምድያማውያንን አስጨንቋቸው፤ ግደሉአቸውም።
73c15b0e-3573-5e99-af60-f34fe1756a96,0e4a23b8-d724-5c1b-ae4a-59d083822151,a65badc1-3c9d-5145-abbf-e156a17b5be8,18,18,ስለ ምድያም አለቃ ልጅ ስለ እኅታቸው ስለ ከስቢ በፌጎር ምክንያት በሸነገሉአችሁ ሽንገላ አስጨንቀዋችኋልና።”
40b2d2b8-d572-5cfc-ae33-010e4d46bb54,c6a6164b-77a2-5c76-aca5-a6ba59cda3b6,bdf1e698-e2d4-53b6-a483-03c84498e99d,1,1,እንዲህም ሆነ፦ መቅሠፍቱ ከሆነ በኋላ እግዚአብሔር ሙሴንና ካህኑን አልዓዛርን እንዲህ ብሎ ተናገራቸው፦
3154199c-2e5d-566b-a927-d1151eb3478c,c6a6164b-77a2-5c76-aca5-a6ba59cda3b6,bdf1e698-e2d4-53b6-a483-03c84498e99d,2,2,“ከሃያ ዓመት ጀምሮ ከዚያም በላይ ያለውን፥ ከእስራኤል ወደ ሰልፍ የሚወጣውን ሁሉ፥ የእስራኤልን ልጆች ማኅበር ሁሉ በየአባቶቻቸው ቤት ቍጠሩ።”
a921bb6e-3c1a-54bc-aa54-d9667f973083,c6a6164b-77a2-5c76-aca5-a6ba59cda3b6,bdf1e698-e2d4-53b6-a483-03c84498e99d,3,3,ሙሴና ካህኑ አልዓዛርም በዮርዳኖስ አጠገብ በኢያሪኮ ፊት ለፊት በሞዓብ ሜዳ ላይ እንዲህ ብለው ነገሩአቸው፦
f10bf336-90c5-595d-a106-c4a9f7bee2f3,c6a6164b-77a2-5c76-aca5-a6ba59cda3b6,bdf1e698-e2d4-53b6-a483-03c84498e99d,4,4,“እግዚአብሔር ሙሴን እንዳዘዘው ከሃያ ዓመት ጀምሮ፥ ከዚያም በላይ ያለውን ሕዝብ ቍጠሩ።” ከግብፅ ምድር የወጡ የእስራኤልም ልጆች እነዚህ ናቸው።
30586ffe-a6b4-58b8-af59-d23e3a99f7c1,c6a6164b-77a2-5c76-aca5-a6ba59cda3b6,bdf1e698-e2d4-53b6-a483-03c84498e99d,5,5,የእስራኤል በኵር ሮቤል፤ የሮቤል ልጆች፤ ከሄኖኅ የሄኖኃውያን ወገን፤ ከፈሉስ የፈሉሳውያን ወገን።
03ffd17f-a5b7-5749-a7c1-e786f141795a,c6a6164b-77a2-5c76-aca5-a6ba59cda3b6,bdf1e698-e2d4-53b6-a483-03c84498e99d,6,6,ከአስሮን የአስሮናውያን ወገን፤ ከከርሚ የከርማውያን ወገን።
a5487cbd-456b-5062-a8c9-905211876f6d,c6a6164b-77a2-5c76-aca5-a6ba59cda3b6,bdf1e698-e2d4-53b6-a483-03c84498e99d,7,7,እነዚህ የሮቤላውያን ወገኖች ናቸው፤ ከእነርሱም የተቈጠሩት አርባ ሦስት ሺህ ሰባት መቶ ሠላሳ ነበሩ።
2b15b1aa-adb6-59dc-a25f-d2ef3e8c50d1,c6a6164b-77a2-5c76-aca5-a6ba59cda3b6,bdf1e698-e2d4-53b6-a483-03c84498e99d,8,8,የፈሉስም ልጆች፤ ኤልያብ።
77b8e08f-e655-5eb9-ac05-4b65d358df27,c6a6164b-77a2-5c76-aca5-a6ba59cda3b6,bdf1e698-e2d4-53b6-a483-03c84498e99d,9,9,የኤልያብም ልጆች፥ ናሙኤል፥ ዳታን፥ አቤሮን፤ እነዚህም ከማኅበሩ የተመረጡ ነበሩ፤ ከቆሬ ወገን ጋር በእግዚአብሔር ላይ ባመፁ ጊዜ ሙሴንና አሮንን ተጣሉ፤
0bf3f746-6782-5f3a-a84c-b7d0e0e53632,c6a6164b-77a2-5c76-aca5-a6ba59cda3b6,bdf1e698-e2d4-53b6-a483-03c84498e99d,10,10,ማኅበሩም በሞቱ ጊዜ ምድሪቱ አፍዋን ከፍታ ከቆሬ ጋር ዋጠቻቸው፤ በዚያም ጊዜ እሳቲቱ ሁለት መቶ አምሳውን ሰዎች አቃጠለቻቸው፤ እነርሱም ለምልክት ሆኑ።
64e8f7f8-2544-58df-abd2-2e0bd38a2197,c6a6164b-77a2-5c76-aca5-a6ba59cda3b6,bdf1e698-e2d4-53b6-a483-03c84498e99d,11,11,የቆሬ ልጆች ግን አልሞቱም።
a34e53f4-326e-5c4c-a157-628ea64214a3,c6a6164b-77a2-5c76-aca5-a6ba59cda3b6,bdf1e698-e2d4-53b6-a483-03c84498e99d,12,12,የስምዖንም ልጆች በየወገናቸው፤ ከናሙሄል የናሙሄላውያን ወገን፥ ከኢያሚን የኢያሚናውያን ልጆች ወገን፥ ከያክን የያክናውያን ልጆች ወገን፥
6e269f70-6a6f-5980-a8ae-919ebf392bc1,c6a6164b-77a2-5c76-aca5-a6ba59cda3b6,bdf1e698-e2d4-53b6-a483-03c84498e99d,13,13,ከዛራ የዛራውያን ልጆች ወገን፥ ከሳውኡል የሳውኡላውያን ወገን።
e8dd006a-af86-51dd-ae5f-3d7dfa601259,c6a6164b-77a2-5c76-aca5-a6ba59cda3b6,bdf1e698-e2d4-53b6-a483-03c84498e99d,14,14,እነዚህ የስምዖናውያን ወገኖች ናቸው፤ ቍጥራቸውም ሃያ ሁለት ሺህ ሁለት መቶ ነበሩ።
f23b52e9-2280-5f49-a539-ca6c5c085102,c6a6164b-77a2-5c76-aca5-a6ba59cda3b6,bdf1e698-e2d4-53b6-a483-03c84498e99d,15,15,የይሁዳ ልጆች ኤርና አውናን፥ ሴሎምና ፋሬስ ዛራም፤ ዔርና አውናንም በከነዓን ምድር ሞቱ።
510ab32a-4bc9-5bf6-a3a2-08dd1961953d,c6a6164b-77a2-5c76-aca5-a6ba59cda3b6,bdf1e698-e2d4-53b6-a483-03c84498e99d,16,16,የይሁዳም ልጆች በየወገናቸው፤ ከሴሎም የሴሎማውያን ወገን፥ ከፋሬስ የፋሬሳውያን ወገን፥ ከዛራ የዛራውያን ወገን።
8c8549e6-6220-54a4-ad2b-38a744fbc6cf,c6a6164b-77a2-5c76-aca5-a6ba59cda3b6,bdf1e698-e2d4-53b6-a483-03c84498e99d,17,17,የፋሬስም ልጆች፤ ከኤስሮም የኤስሮማውያን ወገን፥ ከያሙሔል የያሙሔላውያን ወገን።
cde5c8c5-7ef9-5a01-a296-248571c25d21,c6a6164b-77a2-5c76-aca5-a6ba59cda3b6,bdf1e698-e2d4-53b6-a483-03c84498e99d,18,18,እነዚህ የይሁዳ ወገኖች ናቸው፤ ከእነርሱም የተቈጠሩት ሰባ ስድስት ሺህ አምስት መቶ ነበሩ።
fe9befd3-cd45-5a39-ad4f-3a133ec12a71,c6a6164b-77a2-5c76-aca5-a6ba59cda3b6,bdf1e698-e2d4-53b6-a483-03c84498e99d,19,19,የይሳኮር ልጆች በየወገናቸው፤ ከቶላ የቶላውያን ወገን፥ ከፉሓ የፉሓውያን ወገን፤
cf872fd9-62c9-5436-a629-bdbd477aeeec,c6a6164b-77a2-5c76-aca5-a6ba59cda3b6,bdf1e698-e2d4-53b6-a483-03c84498e99d,20,20,ከያሱብ የያሱባውያን ወገን፥ ከሥምራ የሥምራውያን ወገን።
64cec25d-7290-5582-ae59-b998b4728cae,c6a6164b-77a2-5c76-aca5-a6ba59cda3b6,bdf1e698-e2d4-53b6-a483-03c84498e99d,21,21,እነዚህ የይሳኮር ወገኖች ናቸው፤ ከእነርሱም የተቈጠሩት ስድሳ አራት ሺህ አራት መቶ ነበሩ።
f40fc462-ffbd-52e3-aded-d40f7a740e48,c6a6164b-77a2-5c76-aca5-a6ba59cda3b6,bdf1e698-e2d4-53b6-a483-03c84498e99d,22,22,የዛብሎን ወገኖች በየወገናቸው፥ ከሳሬድ የሳሬዳውያን ወገን፥ ከኤሎኒ የኤሎኒያውያን ወገን፥ ከያሕልኤል የያሕልኤላውያን ወገን።
1014f454-c49e-574a-a08b-d04192c79126,c6a6164b-77a2-5c76-aca5-a6ba59cda3b6,bdf1e698-e2d4-53b6-a483-03c84498e99d,23,23,እነዚህ የዛብሎን ወገኖች ናቸው፤ ከእነርሱም የተቈጠሩት ስድሳ ሺህ አምስት መቶ ነበሩ።
930d453e-c7ef-5113-a16c-ecb10a8fdfeb,c6a6164b-77a2-5c76-aca5-a6ba59cda3b6,bdf1e698-e2d4-53b6-a483-03c84498e99d,24,24,የጋድ ልጆች በየወገናቸው፤ ከሳፎን የሳፎናውያን ወገን፥ ከሐጊ የሐጋውያን ወገን፥ ከሱኒ የሱኒያውያን ወገን፤
e81ff9a4-d1b5-5bb5-a1c9-aa72f797ab94,c6a6164b-77a2-5c76-aca5-a6ba59cda3b6,bdf1e698-e2d4-53b6-a483-03c84498e99d,25,25,ከኤዜን የኤዜናውያን ወገን፥ ከሳድፍ የሳዳፋውያን ወገን፤
480afa50-419e-5aad-a15c-27da66d8ce0a,c6a6164b-77a2-5c76-aca5-a6ba59cda3b6,bdf1e698-e2d4-53b6-a483-03c84498e99d,26,26,ከአሮሐድ የአሮሐዳውያን ወገን፥ ከአሩሔል የአሩሔላውያን ወገን።
d05a3ffb-1f75-5e42-a372-ad17967923be,c6a6164b-77a2-5c76-aca5-a6ba59cda3b6,bdf1e698-e2d4-53b6-a483-03c84498e99d,27,27,እነዚህ የጋድ ልጆች ወገኖች ናቸው፤ ከእነርሱም የተቈጠሩት አርባ አራት ሺህ አምስት መቶ ነበሩ።
ddcf1d6f-57a4-5136-ada6-885e013c499e,c6a6164b-77a2-5c76-aca5-a6ba59cda3b6,bdf1e698-e2d4-53b6-a483-03c84498e99d,28,28,የአሴር ልጆች በየወገናቸው፤ ከኢያምን የኢያምናውያን ወገን፥ ከኢያሱ የኢያሱያውያን ወገን፥ ከበርያ የበርያውያን ወገን።
5922cd5a-2df7-5d0a-aefe-ce4f39d19b72,c6a6164b-77a2-5c76-aca5-a6ba59cda3b6,bdf1e698-e2d4-53b6-a483-03c84498e99d,29,29,ከኮቤር ልጆች፤ ከከቤር የከቤራውያን ወገን፥ ከሜልክያል የሜልክያላውያን ወገን።
0dae2e66-707a-5803-a2ff-3f1065bba7b6,c6a6164b-77a2-5c76-aca5-a6ba59cda3b6,bdf1e698-e2d4-53b6-a483-03c84498e99d,30,30,የአሴርም የሴት ልጁ ስም ሳራ ነበረ።
d9ec18d5-5339-5a59-a542-9f79ef95758d,c6a6164b-77a2-5c76-aca5-a6ba59cda3b6,bdf1e698-e2d4-53b6-a483-03c84498e99d,31,31,እነዚህ የአሴር ልጆች ወገኖች ናቸው፤ ከእነርሱም የተቈጠሩት አርባ ሦስት ሺህ አራት መቶ ነበሩ።
26b97a00-f2b5-5a06-aeff-02be2bffbad9,c6a6164b-77a2-5c76-aca5-a6ba59cda3b6,bdf1e698-e2d4-53b6-a483-03c84498e99d,32,32,የዮሴፍ ልጆች በየወገናቸው፤ ምናሴና ኤፍሬም።
c189b23b-6066-5a13-a442-80050692a1b0,c6a6164b-77a2-5c76-aca5-a6ba59cda3b6,bdf1e698-e2d4-53b6-a483-03c84498e99d,33,33,የምናሴ ልጆች፤ ከማኪር የማኪራውያን ወገን፤ ማኪርም ገለዓድን ወለደ፤ ከገለዓድ የገለዓዳውያን ወገን።
bef04e39-3619-517e-a476-a0a95b621b09,c6a6164b-77a2-5c76-aca5-a6ba59cda3b6,bdf1e698-e2d4-53b6-a483-03c84498e99d,34,34,የገለዓድ ልጆች እነዚህ ናቸው፤ ከአክያዝር የአክያዝራውያን ወገን፥ ከኬሌግ የኬሌጋውያን ወገን፥
69dbc665-b8b5-579b-a81c-0fb8a542ecfc,c6a6164b-77a2-5c76-aca5-a6ba59cda3b6,bdf1e698-e2d4-53b6-a483-03c84498e99d,35,35,ከኢሳርያል የኢሳርያላውያን ወገን፥ ከሴኬም የሴኬማውያን ወገን፥
b2772d3b-6178-5a1c-a167-2b96b18e181c,c6a6164b-77a2-5c76-aca5-a6ba59cda3b6,bdf1e698-e2d4-53b6-a483-03c84498e99d,36,36,ከሲማኤር የሲማኤራውያን ወገን፥ ከኦፌር የኦፌራውያን ወገን።
2d611d98-db63-5191-a2bc-4248e90a0bd7,c6a6164b-77a2-5c76-aca5-a6ba59cda3b6,bdf1e698-e2d4-53b6-a483-03c84498e99d,37,37,የኦፌርም ልጅ ሰለጰዓድ ሴቶች ልጆች እንጂ ወንዶች ልጆች አልነበሩትም፤ የሰለጰዓድም የሴቶች ልጆቹ ስም መሐላ፥ ኑኃ፥ ሄግላ፥ ሚልካ፥ ቴርሳ ነበረ።
f70c91e5-44c0-579a-a324-f0ec7ce70ce9,c6a6164b-77a2-5c76-aca5-a6ba59cda3b6,bdf1e698-e2d4-53b6-a483-03c84498e99d,38,38,እነዚህም የምናሴ ወገኖች ናቸው፤ ከእነርሱም የተቈጠሩት አምሳ ሁለት ሺህ ሰባት መቶ ነበሩ።
e18bc083-e5f8-5522-a0b5-11a1b4bcd114,c6a6164b-77a2-5c76-aca5-a6ba59cda3b6,bdf1e698-e2d4-53b6-a483-03c84498e99d,39,39,በየወገናቸው የኤፍሬም ልጆች እነዚህ ናቸው፤ ከሱቱላ የሱቱላውያን ወገን ከጣናህ የጣናሃውያን ወገን።
d12a31a2-ffce-5558-a237-2fa5ec8a595a,c6a6164b-77a2-5c76-aca5-a6ba59cda3b6,bdf1e698-e2d4-53b6-a483-03c84498e99d,40,40,እነዚህ የሱቱላ ልጆች ናቸው፤ ከዔዴን የዔዴናውያን ወገን።
c901e311-059d-58e0-a920-53041ad48418,c6a6164b-77a2-5c76-aca5-a6ba59cda3b6,bdf1e698-e2d4-53b6-a483-03c84498e99d,41,41,እነዚህ የኤፍሬም ልጆች ወገኖች ናቸው፤ ከእነርሱም የተቈጠሩት ሠላሳ ሁለት ሺህ አምስት መቶ ነበሩ። በየወገናቸው የዮሴፍ ልጆች እነዚህ ናቸው።
26089f82-0cbc-57a8-ac8c-f84c367b1f90,c6a6164b-77a2-5c76-aca5-a6ba59cda3b6,bdf1e698-e2d4-53b6-a483-03c84498e99d,42,42,የብንያም ልጆች በየወገናቸው፤ ከበዓሌ የበዓላውያን ወገን፥ ከአሲቤር የአሲቤራውያን ወገን፥ ከአኪራን የአኪራናውያን ወገን፥
e9e847f8-b9dd-5404-a7f5-c5f0fadebecc,c6a6164b-77a2-5c76-aca5-a6ba59cda3b6,bdf1e698-e2d4-53b6-a483-03c84498e99d,43,43,ከሶፋን የሶፋናውያን ወገን፥
96583d17-5918-589a-ac12-d1d3c957cc23,c6a6164b-77a2-5c76-aca5-a6ba59cda3b6,bdf1e698-e2d4-53b6-a483-03c84498e99d,44,44,የበዓሌም ልጆች አዴርና ኖሐማን፤ ከአዴር የአዴራውያን ወገን፥ ከኖሐማን የኖሐማናውያን ወገን።
b9236ed6-1c4a-5a60-af84-830282c3bf86,c6a6164b-77a2-5c76-aca5-a6ba59cda3b6,bdf1e698-e2d4-53b6-a483-03c84498e99d,45,45,በየወገናቸው የብንያም ልጆች እነዚህ ናቸው። ከእነርሱም የተቈጠሩት አርባ አምስት ሺህ ስድስት መቶ ነበሩ።
850ffb72-7dbb-5edf-af65-d5859564e25d,c6a6164b-77a2-5c76-aca5-a6ba59cda3b6,bdf1e698-e2d4-53b6-a483-03c84498e99d,46,46,በየወገናቸው የዳን ልጆች እነዚህ ናቸው፤ ከሰምዒ፥ የሰምዒያውያን ወገን፤ በየወገናቸው የዳን ወገኖች እነዚህ ናቸው።
881faba6-3af6-50df-ab95-03d9bc00d481,c6a6164b-77a2-5c76-aca5-a6ba59cda3b6,bdf1e698-e2d4-53b6-a483-03c84498e99d,47,47,የሰምዒያውያን ወገኖች ሁሉ ቍጥራቸው ስድሳ አራት ሺህ አራት መቶ ነበሩ።
0614da87-997c-5bef-ae9c-d5a0f5ff4f34,c6a6164b-77a2-5c76-aca5-a6ba59cda3b6,bdf1e698-e2d4-53b6-a483-03c84498e99d,48,48,የንፍታሌም ልጆች በየወገናቸው፤ ከአሴሔል የአሴሔላውያን ወገን፥ ከጎሄኒ የጎሄናውያን ወገን፥
cefa3504-f494-5e45-af17-be3230f13224,c6a6164b-77a2-5c76-aca5-a6ba59cda3b6,bdf1e698-e2d4-53b6-a483-03c84498e99d,49,49,ከየሴር የየሴራውያን ወገን፥ ከሴሌም የሴሌማውያን ወገን።
d46328c3-8134-5e6a-a2f0-3858af14442f,c6a6164b-77a2-5c76-aca5-a6ba59cda3b6,bdf1e698-e2d4-53b6-a483-03c84498e99d,50,50,በየወገናቸው የንፍታሌም ወገኖች እነዚህ ናቸው፤ ከእነርሱም የተቈጠሩት አርባ አምስት ሺህ አራት መቶ ነበሩ።
915486d1-ddc0-5c4e-ae9d-f8b7035d74b8,c6a6164b-77a2-5c76-aca5-a6ba59cda3b6,bdf1e698-e2d4-53b6-a483-03c84498e99d,51,51,ከእስራኤል ልጆች የተቈጠሩት እነዚህ ናቸው፤ ስድስት መቶ አንድ ሺህ ሰባት መቶ ሠላሳ ነበሩ።
59d6e377-2aef-5034-a0bd-830276b40959,c6a6164b-77a2-5c76-aca5-a6ba59cda3b6,bdf1e698-e2d4-53b6-a483-03c84498e99d,52,52,እግዚአብሔርም ሙሴን እንዲህ ብሎ ተናገረው፦
af1b19a9-acc3-5343-a8d4-f71d8ead3aed,c6a6164b-77a2-5c76-aca5-a6ba59cda3b6,bdf1e698-e2d4-53b6-a483-03c84498e99d,53,53,“ለእነዚህ በየስማቸው ቍጥር ምድሪቱ ርስት ሆና ትከፈላለች።
1407ac59-7ea6-5175-ab0e-cd9c403bc812,c6a6164b-77a2-5c76-aca5-a6ba59cda3b6,bdf1e698-e2d4-53b6-a483-03c84498e99d,54,54,ለብዙዎቹ ብዙ ርስትን ትሰጣቸዋለህ፤ ለጥቂቶችም ጥቂት ርስትን ትሰጣቸዋለህ። ለእያንዳንዳቸው እንደ ቍጥራቸው መጠን ርስታቸውን ትሰጣቸዋለህ።
c127bc38-c221-5eb7-ac08-9d5d6da6f6c9,c6a6164b-77a2-5c76-aca5-a6ba59cda3b6,bdf1e698-e2d4-53b6-a483-03c84498e99d,55,55,ነገር ግን ምድሪቱ በየስማቸው በዕጣ ትከፋፈላለች፤ እንደ አባቶቻቸው ነገድ ይወርሳሉ።
29d915a3-69e0-51b9-aaae-66d2caf579d7,c6a6164b-77a2-5c76-aca5-a6ba59cda3b6,bdf1e698-e2d4-53b6-a483-03c84498e99d,56,56,በብዙዎችና በጥቂቶች መካከል ርስታቸውን በዕጣ ትከፍላለህ።
598cbe41-d308-5ca2-ab4a-d4626ee5b983,c6a6164b-77a2-5c76-aca5-a6ba59cda3b6,bdf1e698-e2d4-53b6-a483-03c84498e99d,57,57,የሌዊ ልጆች በየወገናቸው የተቈጠሩት እነዚህ ናቸው፤ ከጌድሶን የጌድሶናውያን ወገን፥ ከቀዓት የቀዓታውያን ወገን፥ ከሜራሪ የሜራራውያን ወገን።
a5c8bdab-f87f-53b8-a253-ec01fafd0d5d,c6a6164b-77a2-5c76-aca5-a6ba59cda3b6,bdf1e698-e2d4-53b6-a483-03c84498e99d,58,58,እነዚህ የሌዊ ልጆች ወገኖች ናቸው፤ የሎቢኒ ወገን፥ የኬብሮን ወገን፥ የሞሓሊ ወገን፥ የሐሙሲ ወገን፥
09daf1e3-4566-5051-a66e-042d79945d7f,c6a6164b-77a2-5c76-aca5-a6ba59cda3b6,bdf1e698-e2d4-53b6-a483-03c84498e99d,59,59,የቆሬ ወገን፥ የቀዓት ወገን። ቀዓትም እንበረምን ወለደ። በግብፅ ሀገር እነዚህን ሌዋውያንን የወለደቻቸው የሌዊ ልጅ የእንበረም ሚስት ስም ዮካብድ ነበረ። ለእንበረምም አሮንንና ሙሴን እኅታቸውንም ማርያምን ወለደችለት።
acb5b5b7-664b-5dde-a432-24ab25430f06,c6a6164b-77a2-5c76-aca5-a6ba59cda3b6,bdf1e698-e2d4-53b6-a483-03c84498e99d,60,60,ለአሮንም ናዳብ፥ አብዩድ፥ አልዓዛርና ኢታምር ተወለዱለት።
2201883e-f32c-5435-a1d0-4f445076e3af,c6a6164b-77a2-5c76-aca5-a6ba59cda3b6,bdf1e698-e2d4-53b6-a483-03c84498e99d,61,61,በሲና በረሃ በእግዚአብሔር ፊት ከሌላ እሳት ባቀረቡ ጊዜ ናዳብና አብዩድ ሞቱ።
49c391bd-4577-5e7b-aeb4-803dfaa9ba8c,c6a6164b-77a2-5c76-aca5-a6ba59cda3b6,bdf1e698-e2d4-53b6-a483-03c84498e99d,62,62,ከአንድ ወርም ጀምሮ ከዚያም በላይ ያሉ ወንዶች ሁሉ ከእነርሱ የተቈጠሩ ሃያ ሦስት ሺህ ነበሩ። ከእስራኤልም ልጆች መካከል ርስት አልተሰጣቸውምና ከእስራኤል ልጆች ጋር አልተቈጠሩም።
c4d6a9d1-2fc4-56e3-ab01-d7ef098926e2,c6a6164b-77a2-5c76-aca5-a6ba59cda3b6,bdf1e698-e2d4-53b6-a483-03c84498e99d,63,63,በሞዓብ ሜዳ ላይ በዮርዳኖስ አጠገብ በኢያሪኮ ፊት ለፊት ሲቈጥሩ፥ ሙሴና ካህኑ አልዓዛር የቈጠሩአቸው የእስራኤል ልጆች እነዚህ ናቸው።
adc4d756-4270-57f7-ab36-de652ac1baeb,c6a6164b-77a2-5c76-aca5-a6ba59cda3b6,bdf1e698-e2d4-53b6-a483-03c84498e99d,64,64,ነገር ግን ሙሴና ካህኑ አሮን በሲና ምድረ በዳ የእስራኤልን ልጆች በቈጠሩአቸው ጊዜ ከነበሩት ከእነዚያ መካከል አንድም ሰው አልነበረም።
fa0e5e33-982c-5312-a50b-506802325b80,c6a6164b-77a2-5c76-aca5-a6ba59cda3b6,bdf1e698-e2d4-53b6-a483-03c84498e99d,65,65,እግዚአብሔር ስለ እነርሱ፥ “በእውነት በምድረ በዳ ይሞታሉ” ብሎ ተናግሮአልና። ከዮፎኒ ልጅ ከካሌብ፥ ከነዌም ልጅ ከኢያሱ በቀር ከእነርሱ አንድ ሰው ስንኳ አልቀረም።
c9b330b3-5fe9-5912-aa75-fa8c1bbe1cca,cfef9028-e9f6-5337-a1f8-6483b0b68a17,49368481-47a1-5f74-a13f-d950f126bf05,1,1,ከዮሴፍ ልጅ ከምናሴ ወገን ፥ የምናሴ ልጅ፥ የማኪር ልጅ፥ የገለአድ ልጅ፥ የኦፌር ልጅ፥ የሰለጰዓድ ሴቶች ልጆች መጡ፤ የእነዚህም ሴቶች ልጆች ስሞች መሐላ፥ ኑኃ፥ ሄግላ፥ ሚልካ፥ ቴርሳ ነበሩ።
8c9ea009-c233-50cb-af4b-b93dfc5415e1,cfef9028-e9f6-5337-a1f8-6483b0b68a17,49368481-47a1-5f74-a13f-d950f126bf05,2,2,በምስክሩም ድንኳን ደጃፍ አጠገብ በሙሴና በካህኑ በአልዓዛር፥ በአለቆቹም፥ በማኅበሩም ሁሉ ፊት ቆመው እንዲህ አሉ፦
7d56ef71-90ae-59b2-ae07-91bc314c9df4,cfef9028-e9f6-5337-a1f8-6483b0b68a17,49368481-47a1-5f74-a13f-d950f126bf05,3,3,“አባታችን በምድረ በዳ ሞተ፤ በራሱ ኀጢአት ሞተ እንጂ ከቆሬ ጋር በእግዚአብሔር ላይ በተሰበሰቡ ወገን መካከል አልነበረም፤ ወንዶችም ልጆች አልነበሩትም።
7cfc3e3c-b674-5c50-a1ee-2530cfe4a8f0,cfef9028-e9f6-5337-a1f8-6483b0b68a17,49368481-47a1-5f74-a13f-d950f126bf05,4,4,ወንድ ልጅስ ባይኖረው የአባታችን ስም ከወገኑ መካከል ለምን ይጠፋል?
cc71041d-4dd6-57eb-a5cf-1b0ded938d24,cfef9028-e9f6-5337-a1f8-6483b0b68a17,49368481-47a1-5f74-a13f-d950f126bf05,5,5,በአባታችን ወንድሞች መካከል ርስትን ስጠን።” ሙሴም ነገራቸውን በእግዚአብሔር ፊት አቀረበ።
416e7794-3489-586d-ac85-3780df4a3d1f,cfef9028-e9f6-5337-a1f8-6483b0b68a17,49368481-47a1-5f74-a13f-d950f126bf05,6,6,እግዚአብሔርም ሙሴን እንዲህ ብሎ ተናገረው፦
aca52629-6649-5496-a151-270d422ce9c7,cfef9028-e9f6-5337-a1f8-6483b0b68a17,49368481-47a1-5f74-a13f-d950f126bf05,7,7,“የሰለጰዓድ ልጆች እውነት ተናግረዋል፤ በአባታቸው ወንድሞች መካከል የርስት ድርሻ ስጣቸው፤ የአባታቸውን ርስት ለእነርሱ ስጥ።
fa2b7ed3-ceff-5e06-ae1e-85b25dd09551,cfef9028-e9f6-5337-a1f8-6483b0b68a17,49368481-47a1-5f74-a13f-d950f126bf05,8,8,ለእስራኤልም ልጆች እንዲህ ብለህ ንገራቸው፦ ሰው ቢሞት፥ ወንድ ልጅም ባይኖረው፥ ርስቱን ለሴቶች ልጆቹ ትሰጣላችሁ፤
14f82e4d-0a4c-5518-a7f3-7d8420a1f53b,cfef9028-e9f6-5337-a1f8-6483b0b68a17,49368481-47a1-5f74-a13f-d950f126bf05,9,9,ሴት ልጅም ባትኖረው፥ ርስቱን ለወንድሞቹ ትሰጣላችሁ፤
4481045c-e4a7-5b1f-a111-72a0287b8154,cfef9028-e9f6-5337-a1f8-6483b0b68a17,49368481-47a1-5f74-a13f-d950f126bf05,10,10,ወንድሞችም ባይኖሩት፥ ርስቱን ለአባቱ ወንድሞች ትሰጣላችሁ፤
c8ca5bfa-9a4d-52fb-a9f1-2d870cc05d2f,cfef9028-e9f6-5337-a1f8-6483b0b68a17,49368481-47a1-5f74-a13f-d950f126bf05,11,11,የአባቱም ወንድሞች ባይኖሩት ከወገኑ ለቀረበ ዘመድ ርስቱን ትሰጣላችሁ፤ እርሱም ይውረሰው፤ እግዚአብሔርም ሙሴን እንዳዘዘ ለእስራኤል ልጆች ሥርዐትና ፍርድ ይሁን።”
803d4ba8-d658-5d73-acd6-271d8305a0bd,cfef9028-e9f6-5337-a1f8-6483b0b68a17,1f0fdcf6-a948-563b-a292-b27bf90c10a8,1,12,እግዚአብሔርም ሙሴን አለው፥ “ወደዚህ በናባው አሻገር ወዳለው ተራራ ውጣ፤ ለእስራኤልም ልጆች ይገዙአት ዘንድ እኔ የምሰጣቸውን የከነዓንን ምድር እያት፤
927eab69-4f9a-5800-a91e-7f53a0c97d85,cfef9028-e9f6-5337-a1f8-6483b0b68a17,1f0fdcf6-a948-563b-a292-b27bf90c10a8,2,13,ባየሃትም ጊዜ ወንድምህ አሮን በሖር ተራራ እንደ ተጨመረ አንተ ደግሞ ወደ ወገንህ ትጨመራለህ።
9db073ad-9702-58ff-a8cc-6c3dc3bc22ab,cfef9028-e9f6-5337-a1f8-6483b0b68a17,1f0fdcf6-a948-563b-a292-b27bf90c10a8,3,14,እናንተ በጺን ምድረ በዳ በማኅበሩ ጠብ በቃሌ ላይ ዐምፃችኋልና፥ በእነርሱም ፊት በውኃው ዘንድ አላከበራችሁኝምና። ይህም በጺን ምድረ በዳ በቃዴስ ያለው የክርክር ውኃ ነው።”
f5c5a471-1385-5228-ac12-11f0d32eaf7a,cfef9028-e9f6-5337-a1f8-6483b0b68a17,1f0fdcf6-a948-563b-a292-b27bf90c10a8,4,15,ሙሴም እግዚአብሔርን እንዲህ ብሎ ተናገረው፦
76a0d7cd-e4e9-54e5-ab57-c6fd0a140765,cfef9028-e9f6-5337-a1f8-6483b0b68a17,1f0fdcf6-a948-563b-a292-b27bf90c10a8,5,16,“የሥጋና የነፍስ ሁሉ አምላክ እግዚአብሔር በዚህ ሕዝብ ላይ የሚሆነውን ሰው ይሹም፤
4f2de982-c250-5e68-aaae-cc4a8a769870,cfef9028-e9f6-5337-a1f8-6483b0b68a17,1f0fdcf6-a948-563b-a292-b27bf90c10a8,6,17,በፊታቸው የሚወጣውንና የሚገባውን፥ የሚያስወጣቸውንና፥ የሚያስገባቸውንም፥ የእግዚአብሔር ማኅበር እረኛ እንደሌለው መንጋ እንዳይሆን።”
6477bfae-7cff-50bb-a28c-50e378bd8f15,cfef9028-e9f6-5337-a1f8-6483b0b68a17,1f0fdcf6-a948-563b-a292-b27bf90c10a8,7,18,እግዚአብሔርም ሙሴን አለው፥ “መንፈስ ቅዱስ ያለበትን ሰው የነዌን ልጅ ኢያሱን ወስደህ እጅህን በላዩ ጫንበት፤
035651de-624d-5a96-aa84-96103c1a5a88,cfef9028-e9f6-5337-a1f8-6483b0b68a17,1f0fdcf6-a948-563b-a292-b27bf90c10a8,8,19,በካህኑም በአልዓዛር ፊት አቁመው፤ በማኅበሩም ፊት እዘዘው፤ ስለ እርሱም በፊታቸው እዘዝ።
d52c7bf9-edb1-5fe0-ab07-f71be0e26521,cfef9028-e9f6-5337-a1f8-6483b0b68a17,1f0fdcf6-a948-563b-a292-b27bf90c10a8,9,20,የእስራኤልም ልጆች ሁሉ እንዲታዘዙት ከክብርህ ስጠው።
309ea426-f729-571f-afa7-251be5c934e0,cfef9028-e9f6-5337-a1f8-6483b0b68a17,1f0fdcf6-a948-563b-a292-b27bf90c10a8,10,21,በካህኑም በአልዓዛር ፊት ይቁም፤ እርሱም በእግዚአብሔር ፊት ፍርድ ይጠይቅለት፤ እርሱ ከእርሱም ጋር የእስራኤል ልጆች ማኅበር ሁሉ በቃሉ ይውጡ፤ በቃሉም ይግቡ።”
316f907f-0b18-5ce4-a2ec-dc454a480dad,cfef9028-e9f6-5337-a1f8-6483b0b68a17,1f0fdcf6-a948-563b-a292-b27bf90c10a8,11,22,ሙሴም እግዚአብሔር እንዳዘዘው አደረገ፤ ኢያሱንም ወስዶ በካህኑ በአልዓዛርና በማኅበሩ ሁሉ ፊት አቆመው፤
7d031850-72a8-5b63-adc6-e9260f21dcad,cfef9028-e9f6-5337-a1f8-6483b0b68a17,1f0fdcf6-a948-563b-a292-b27bf90c10a8,12,23,እግዚአብሔርም ሙሴን እንደ አዘዘው፥ እጁን በላዩ ጫነበትና፥ ሾመው፤ አዘዘውም።
b239544b-62ee-54dc-acae-62ebaeecb957,c08ccb16-a19d-5e15-acbb-2e8fd1d9bda1,ddd35f1b-4263-5be8-a779-4f2d794b051f,1,1,እግዚአብሔርም ሙሴን እንዲህ ብሎ ተናገረው፦
e69f5308-5d20-5a62-a98b-dbed2388b241,c08ccb16-a19d-5e15-acbb-2e8fd1d9bda1,ddd35f1b-4263-5be8-a779-4f2d794b051f,2,2,“የእስራኤልን ልጆች እንዲህ ብለህ እዘዛቸው፦ ቍርባኔን፥ መባዬንና የበጎ መዓዛ መሥዋዕቴን በበዓላት ቀኖች ታቀርቡልኝ ዘንድ ጠብቁ።
3170cf57-87ec-52fe-a853-6e75a6b70f4c,c08ccb16-a19d-5e15-acbb-2e8fd1d9bda1,ddd35f1b-4263-5be8-a779-4f2d794b051f,3,3,እንዲህም በላቸው፦ በእሳት ለእግዚአብሔር የምታቀርቡት ቍርባን ይህ ነው፤ ለሚቃጠል መሥዋዕት ነውር የሌለባቸውን ሁለት የአንድ ዓመት ተባት የበግ ጠቦቶች ዕለት ዕለት ታቀርባላችሁ።
e6a93e15-3855-519b-ad11-cede112f918c,c08ccb16-a19d-5e15-acbb-2e8fd1d9bda1,ddd35f1b-4263-5be8-a779-4f2d794b051f,4,4,አንዱን ጠቦት በማለዳ፥ ሌላውንም ጠቦት በማታ አቅርቡ፤
eaf94709-444e-5b7d-ae96-16b019b9c765,c08ccb16-a19d-5e15-acbb-2e8fd1d9bda1,ddd35f1b-4263-5be8-a779-4f2d794b051f,5,5,ለእህልም ቍርባን የኢን መስፈሪያ አራተኛ እጅ በሆነ፥ ተወቅጦ በተጠለለ ዘይት የተለወሰ የኢፍ መስፈሪያ ዐሥረኛ እጅ መልካም ዱቄት ታቀርባላችሁ።
29b2aeef-fa9d-5816-a880-5b1a915174d3,c08ccb16-a19d-5e15-acbb-2e8fd1d9bda1,ddd35f1b-4263-5be8-a779-4f2d794b051f,6,6,በእሳት ለእግዚአብሔር በጎ መዓዛ እንዲሆን የቀረበ፥ በሲና ተራራ የተሠራ ለዘወትር የሚቃጠል መሥዋዕት ነው።
d2308a8f-e97b-5085-a353-86e2652ae80e,c08ccb16-a19d-5e15-acbb-2e8fd1d9bda1,ddd35f1b-4263-5be8-a779-4f2d794b051f,7,7,የመጠጡም ቍርባን ለአንድ ጠቦት የኢን መስፈሪያ አራተኛው እጅ ነው፤ በመቅደሱ ውስጥ ለእግዚአብሔር ለመጠጥ ቍርባን መጠጥ ታፈስሳላችሁ።
27d618e8-d79a-5e53-ac23-35be4129712c,c08ccb16-a19d-5e15-acbb-2e8fd1d9bda1,ddd35f1b-4263-5be8-a779-4f2d794b051f,8,8,ሌላውንም ጠቦት በማታ ጊዜ ታቀርባላችሁ፤ የእህሉን ቍርባንና የመጠጡን ቍርባን በማለዳ እንዳቀረባችሁ በእሳት ለእግዚአብሔር በጎ መዓዛ እንዲሆን ታቀርቡታላችሁ።
928800a6-1597-507b-abe0-ab86d89ed455,c08ccb16-a19d-5e15-acbb-2e8fd1d9bda1,51efd04c-9a0b-52a4-a37c-2dc9c1493ef7,1,9,“በሰንበትም ቀን ነውር የሌለባቸውን ሁለት የአንድ ዓመት ተባት የበግ ጠቦቶች፥ ለእህልም ቍርባን በዘይት የተለወሰ ከመስፈሪያው ከዐሥር እጅ ሁለት እጅ መልካም ዱቄት፥ የመጠጡንም ቍርባን ታቀርባላችሁ።
44af1652-2075-59b7-abdc-67adbef60ed3,c08ccb16-a19d-5e15-acbb-2e8fd1d9bda1,51efd04c-9a0b-52a4-a37c-2dc9c1493ef7,2,10,በዘወትር ከሚቃጠለው መሥዋዕት ሌላ፥ ከመጠጡም ቍርባን ሌላ፥ በየሰንበቱ ሁሉ የምታቀርቡት የሚቃጠለው መሥዋዕት ይህ ነው።
208b1471-35b5-5cdd-ad38-6cd11b3aa23e,c08ccb16-a19d-5e15-acbb-2e8fd1d9bda1,4cc9d98c-495e-5872-a392-ba9c22ceccbd,1,11,“በወሩም መባቻ ለእግዚአሔር የሚቃጠል መሥዋዕት ታቀርባላችሁ፤ ከላሞች ሁለት፥ አንድ አውራ በግ፥ ነውርም የሌለባቸውን ሰባት የአንድ ዓመት ተባት የበግ ጠቦቶች፥
7f0e1f2f-fd02-5f8c-ac7c-4631dd3ae8bc,c08ccb16-a19d-5e15-acbb-2e8fd1d9bda1,4cc9d98c-495e-5872-a392-ba9c22ceccbd,2,12,ለእያንዳንዱም ወይፈን ለእህል ቍርባን በዘይት የተለወሰ ከመስፈሪያው ከዐሥር እጅ ሦስት እጅ መልካም ዱቄት፥ ለአውራው በግ ለእህል ቍርባን በዘይት የተለወሰ፥ ከመስፈሪያው ከዐሥር እጅ ሁለት እጅ መልካም ዱቄት፥
f91f6715-8c0a-510e-a5c8-8e2bf0fb598e,c08ccb16-a19d-5e15-acbb-2e8fd1d9bda1,4cc9d98c-495e-5872-a392-ba9c22ceccbd,3,13,ለእያንዳንዱም ጠቦት ለእህል ቍርባን በዘይት የተለወሰ፥ ከመስፈሪያው ዐሥረኛ እጅ ሁለት እጅ መልካም ዱቄት፥ ለሚቃጠል መሥዋዕት ለእግዚአብሔር በጎ መዓዛ እንዲሆን በእሳት ታቀርባላችሁ።
edbe571c-3b00-5f82-ac0a-5ce97c8e8b84,c08ccb16-a19d-5e15-acbb-2e8fd1d9bda1,4cc9d98c-495e-5872-a392-ba9c22ceccbd,4,14,የመጠጥ ቍርባናቸውም ለአንድ ወይፈን የኢን ግማሽ፥ ለአውራው በግም የኢን ሲሦ፥ ለአንዱም ጠቦት የኢን አራተኛ እጅ የወይን ጠጅ ይሆናል፤ ይህ ለዓመቱ የወር መባቻ ሁሉ የሚቃጠል መሥዋዕት ነው።
1025d6e8-8122-5f9a-a03b-24cafcdeebd4,c08ccb16-a19d-5e15-acbb-2e8fd1d9bda1,4cc9d98c-495e-5872-a392-ba9c22ceccbd,5,15,ለእግዚአብሔርም ስለኀጢአት መሥዋዕት አንድ አውራ ፍየል ታቀርባላችሁ፤ በዘወትር ከሚቃጠለው መሥዋዕትና ከመጠጡ ቍርባን ሌላ ይቀርባል።
c392e58f-66bc-519f-a4bc-0f310ee4b09f,c08ccb16-a19d-5e15-acbb-2e8fd1d9bda1,e739be14-4bd4-59ff-abf2-d01d916fd93f,1,16,“በመጀመሪያው ወር ከወሩም በዐሥራ አራተኛው ቀን የእግዚአብሔር ፋሲካ ነው።
961c3467-54d1-5b16-a20c-e15c45a13785,c08ccb16-a19d-5e15-acbb-2e8fd1d9bda1,e739be14-4bd4-59ff-abf2-d01d916fd93f,2,17,በዚህም ወር በዐሥራ አምስተኛው ቀን በዓል ይሆናል፤ ሰባት ቀን ቂጣ እንጀራ ትበላላችሁ።
c79ee187-0eab-5ee0-a420-cb186f87aa31,c08ccb16-a19d-5e15-acbb-2e8fd1d9bda1,e739be14-4bd4-59ff-abf2-d01d916fd93f,3,18,የመጀመሪያው ቀን የተቀደሰ ይሁንላችሁ፤ በእርሱም የተግባርን ሥራ ሁሉ አትሥሩበት።
25f2a931-093a-52fc-aa82-539503ff0c5c,c08ccb16-a19d-5e15-acbb-2e8fd1d9bda1,e739be14-4bd4-59ff-abf2-d01d916fd93f,4,19,በእሳትም የተደረገውን ለእግዚአብሔር የሚቃጠለውን መሥዋዕት ታቀርባላችሁ፤ ከላሞች ሁለት በሬዎች፥ አንድ አውራ በግ፥ ሰባት የአንድ ዓመት ተባት የበግ ጠቦቶች ነውር የሌለባቸው ይሁኑላችሁ።
a47b048a-3b02-5164-aced-3de6235964ec,c08ccb16-a19d-5e15-acbb-2e8fd1d9bda1,e739be14-4bd4-59ff-abf2-d01d916fd93f,5,20,የእህል ቍርባናቸውንም በዘይት የተለወሰ መልካም ዱቄት፥ ለአንድ ወይፈን ከመስፈሪያው ከዐሥር እጅ ሦስት እጅ፥ ለአውራውም በግ ከመስፈሪያው ከዐሥር እጅ ሁለት እጅ፥
f9e96505-5cf4-5dcb-aa60-878fa5ea5ac9,c08ccb16-a19d-5e15-acbb-2e8fd1d9bda1,e739be14-4bd4-59ff-abf2-d01d916fd93f,6,21,ለሰባቱም ጠቦቶች ለእያንዳንዱ ጠቦት ከመስፈሪያው ዐሥረኛ እጅ ታቀርባላችሁ።
1ddec57f-72d1-5bff-abb0-91a4d6c36acd,c08ccb16-a19d-5e15-acbb-2e8fd1d9bda1,e739be14-4bd4-59ff-abf2-d01d916fd93f,7,22,ማስተስረያ የሚሆንላችሁን ከፍየሎች አንድ አውራ ፍየል ለኀጢአት መሥዋዕት ታቀርባላችሁ።
c9d0284d-6cd4-5c6e-a153-604991987414,c08ccb16-a19d-5e15-acbb-2e8fd1d9bda1,e739be14-4bd4-59ff-abf2-d01d916fd93f,8,23,ማልዶ ከሚቀርበው በዘወትር ከሚቃጠል መሥዋዕት ሌላ እነዚህን ታቀርባላችሁ።
bd606181-a89f-5aab-ae3c-f33e8a5858fe,c08ccb16-a19d-5e15-acbb-2e8fd1d9bda1,e739be14-4bd4-59ff-abf2-d01d916fd93f,9,24,ለእግዚአብሔር በጎ መዓዛ እንዲሆን በእሳት የሚደረገውን ቍርባንና መሥዋዕት ሰባት ቀን በየዕለቱ እንዲሁ ታቀርባላችሁ፤ በዘወትር ከሚቃጠለው መሥዋዕትና ከመጠጡ ቍርባን ሌላ ይቀርባል።
7716f53e-4a28-593b-a7cf-a0795f3421c0,c08ccb16-a19d-5e15-acbb-2e8fd1d9bda1,e739be14-4bd4-59ff-abf2-d01d916fd93f,10,25,ሰባተኛውም ቀን የተቀደሰ ይሁንላችሁ፤ የተግባርን ሥራ ሁሉ አትሥሩበት።
35915b17-25ca-5699-a7e1-1d1aa9eae017,c08ccb16-a19d-5e15-acbb-2e8fd1d9bda1,7254e528-2bf1-52e4-ac3d-fe02d52ac233,1,26,“በበዓለ ሠዊት ቀን በሰንበታት በዓላችሁ አዲሱን የእህል ቍርባን ለእግዚአብሔር ባቀረባችሁ ጊዜ፥ የተቀደሰ ቀን ይሆንላችኋል፤ የተግባርን ሥራ ሁሉ አትሥሩበት።
362889da-fa87-57af-ad48-046434ae8ef0,c08ccb16-a19d-5e15-acbb-2e8fd1d9bda1,7254e528-2bf1-52e4-ac3d-fe02d52ac233,2,27,ለእግዚአብሔርም በጎ መዓዛ እንዲሆን የሚቃጠለውን መሥዋዕት ታቀርባላችሁ፤ ከላሞች ሁለት በሬዎች፥ አንድ አውራ በግ፥ ሰባት የአንድ ዓመት ተባት የበግ ጠቦቶች፥
0d0ffd7b-596f-53cc-ac70-e2a8071d32e6,c08ccb16-a19d-5e15-acbb-2e8fd1d9bda1,7254e528-2bf1-52e4-ac3d-fe02d52ac233,3,28,ለእህል ቍርባናቸው በዘይት የተለወሰ መልካም ዱቄት፥ ለእያንዳንዱ ወይፈን ከመስፈሪያው ከዐሥር እጅ ሦስት እጅ፥ ለአንዱም አውራ በግ ከመስፈሪያው ከዐሥር እጅ ሁለት እጅ፥
77dbf8b3-a282-581c-a119-a3f6cc30e6d2,c08ccb16-a19d-5e15-acbb-2e8fd1d9bda1,7254e528-2bf1-52e4-ac3d-fe02d52ac233,4,29,ለሰባቱም ጠቦቶች ለእያንዳንዱ ጠቦት ከመስፈሪያው ዐሥረኛ እጅ ታቀርባላችሁ።
293a2381-cf27-5382-a0e4-65a4935e17d1,c08ccb16-a19d-5e15-acbb-2e8fd1d9bda1,7254e528-2bf1-52e4-ac3d-fe02d52ac233,5,30,ማስተስረያ የሚሆንላችሁን ከፍየሎች አንድ አውራ ፍየል ለኀጢአት መሥዋዕት ታቀርባላችሁ።
f1ba6033-7d08-539a-a176-4ed02c437f07,c08ccb16-a19d-5e15-acbb-2e8fd1d9bda1,7254e528-2bf1-52e4-ac3d-fe02d52ac233,6,31,በዘወትር ከሚቃጠለው መሥዋዕትና ከእህሉ ቍርባን ሌላ እነርሱንና የመጠጥ ቍርባናቸውን ታቀርባላችሁ፤ ነውርም የሌለባቸው ይሁኑ።
1ac635f6-e973-5051-a095-56f599afad55,36219c81-e33c-51e1-a07a-7124bfa8df12,a33a99f6-a156-5f79-a243-3cbcdd80b70f,1,1,“በሰባተኛውም ወር ከወሩ የመጀመሪያዋ ቀን ለእናንተ ይህች ዕለት የተቀደሰች ናት፤ የተግባርን ሥራ ሁሉ አትሥሩባት፤ ምልክት ያለባት ቀን ትሁንላችሁ።
d5ce7358-a3ed-56dc-a49e-979ccee27fc6,36219c81-e33c-51e1-a07a-7124bfa8df12,a33a99f6-a156-5f79-a243-3cbcdd80b70f,2,2,ለእግዚአብሔር በጎ መዓዛ እንዲሆን የሚቃጠለውን መሥዋዕት፥ ከላሞች አንድ በሬ፥ አንድ አውራ በግ፥ ነውር የሌለባቸውን ሰባት የአንድ ዓመት ተባት፥ የበግ ጠቦቶች፥
a2589dca-4b18-5a63-a8a1-78818ed391c9,36219c81-e33c-51e1-a07a-7124bfa8df12,a33a99f6-a156-5f79-a243-3cbcdd80b70f,3,3,ለእህል ቍርባናቸው በዘይት የተለወሰ መልካም ዱቄት፥ ለበሬው ከመስፈሪያው ከዐሥር እጅ ሦስት እጅ፥ ለአውራው በግ ከመስፈሪያው ከዐሥር እጅ ሁለት እጅ፥
2fe09c16-5209-5e62-a242-279c5e2a201e,36219c81-e33c-51e1-a07a-7124bfa8df12,a33a99f6-a156-5f79-a243-3cbcdd80b70f,4,4,ለሰባቱ ጠቦቶች ለእያንዳንዱ ከመስፈሪያው ዐሥረኛ እጅ ታቀርባላችሁ።
6c878746-7496-5206-a174-94801d1d4222,36219c81-e33c-51e1-a07a-7124bfa8df12,a33a99f6-a156-5f79-a243-3cbcdd80b70f,5,5,ማስተስረያም የሚሆንላችሁን ከፍየሎች አንድ አውራ ፍየል ለኀጢአት መሥዋዕት ታቀርባላችሁ።
1fa81009-7908-5948-a6c2-92754f5beaa9,36219c81-e33c-51e1-a07a-7124bfa8df12,a33a99f6-a156-5f79-a243-3cbcdd80b70f,6,6,በወሩ መባቻ ከሚቃጠለው መሥዋዕት ሌላ ከእህሉ ቍርባን፥ ከመጠጡም ቍርባን እንደ ሕጋቸው ለእግዚአብሔር በጎ መዓዛ እንዲሆን በእሳት የሚቀርቡ ናቸው።
856fc8f8-43ee-54be-af03-131c2361658d,36219c81-e33c-51e1-a07a-7124bfa8df12,70b8fea9-3994-54c9-a36b-99b826fb735e,1,7,“የዚህም ወር ዐሥረኛዋ ቀን ለእናንተ የተቀደሰች ትሁንላችሁ፤ ሰውነታችሁን አስጨንቁአት፤ ከሥራ ሁሉ ምንም አታድርጉ።
6fd6e0c3-31d5-5fc9-acb9-41c7828baac3,36219c81-e33c-51e1-a07a-7124bfa8df12,70b8fea9-3994-54c9-a36b-99b826fb735e,2,8,ለእግዚአብሔርም በጎ መዓዛ እንዲሆን የሚቃጠለውን መሥዋዕት ፥ ከላሞች አንድ በሬ፥ አንድ አውራ በግ፥ ሰባት የአንድ ዓመት ተባት የበግ ጠቦቶች ታቀርባላችሁ፤ ነውር የሌለባቸውም ይሁኑላችሁ።
4c23d0d4-e458-587a-aa65-3d70a86a1887,36219c81-e33c-51e1-a07a-7124bfa8df12,70b8fea9-3994-54c9-a36b-99b826fb735e,3,9,ለእህል ቍርባናቸውም በዘይት የተለወሰ መልካም ዱቄት፥ ለበሬው ከመስፈሪያው ከዐሥር እጅ ሦስት እጅ፥ ለአውራው በግ ከመስፈሪያው ከዐሥር እጅ ሁለት እጅ፥
1f274177-143f-5b57-a0aa-6d1e84a2617b,36219c81-e33c-51e1-a07a-7124bfa8df12,70b8fea9-3994-54c9-a36b-99b826fb735e,4,10,ለሰባቱ ጠቦቶች ለእያንዳንዱ ከመስፈሪያው ዐሥረኛ እጅ፥
e1d529e2-451d-5912-a3ff-fdfaecf4f87d,36219c81-e33c-51e1-a07a-7124bfa8df12,70b8fea9-3994-54c9-a36b-99b826fb735e,5,11,ለኀጢአት መሥዋዕት፥ ከፍየሎች አንድ አውራ ፍየል አቅርቡ። ከሚያስተሰርየው ከኀጢአት መሥዋዕት፥ በዘወትርም ከሚቃጠለው መሥዋዕትና ከእህሉ ቍርባን፥ ከመጠጥ ቍርባናቸውም ሌላ አቅርቡት።
add7e604-706a-5ac4-a00d-a7d4f73a6ce7,36219c81-e33c-51e1-a07a-7124bfa8df12,941d3a9c-bc56-56fe-a2cd-416f7a4cc4ba,1,12,“በሰባተኛውም ወር ዐሥራ አምስተኛዋ ቀን ለእናንተ የተቀደሰች ትሁንላችሁ፤ የተግባርን ሥራ ሁሉ አትሥሩባት፤ ሰባት ቀንም ለእግዚአብሔር በዓል አድርጉ።
36ae9daa-205e-5a04-a448-a0bd22f7e54e,36219c81-e33c-51e1-a07a-7124bfa8df12,941d3a9c-bc56-56fe-a2cd-416f7a4cc4ba,2,13,ለእግዚአብሔርም በጎ መዓዛ እንዲሆን የሚቃጠለውን መሥዋዕት፥ ዐሥራ ሦስት በሬዎች፥ ሁለት አውራ በጎች፥ ዐሥራ አራት የአንድ ዓመት ተባት የበግ ጠቦቶች አቅርቡ፤ ነውር የሌለባቸውም ይሁኑ።
71820c45-e1ad-5a9e-ac02-fda5733b2e04,36219c81-e33c-51e1-a07a-7124bfa8df12,941d3a9c-bc56-56fe-a2cd-416f7a4cc4ba,3,14,ለእህል ቍርባናቸውም በዘይት የተለወሰ መልካም ዱቄት፥ ለዐሥራ ሦስት በሬዎች ለእያንዳንዱ ከመስፈሪያው ከዐሥር እጅ ሦስት እጅ፥ ለሁለቱ አውራ በጎች ለእያንዳንዱ ከመስፈሪያው ከዐሥር እጅ ሁለት እጅ፥
70d12334-e0af-5b22-a1fc-3e7022802439,36219c81-e33c-51e1-a07a-7124bfa8df12,941d3a9c-bc56-56fe-a2cd-416f7a4cc4ba,4,15,ለዐሥራ አራቱ ጠቦቶች ለእያንዳንዱ ከመስፈሪያው ዐሥረኛ እጅ፥
c5ee2cb3-c1aa-5313-a5ae-59068cf98fc3,36219c81-e33c-51e1-a07a-7124bfa8df12,941d3a9c-bc56-56fe-a2cd-416f7a4cc4ba,5,16,ለኀጢአትም መሥዋዕት ከፍየሎች አንድ አውራ ፍየል ታቀርባላችሁ፤ በዘወትር ከሚቃጠለው መሥዋዕትና ከእህሉ ቍርባን ከመጠጡም ቍርባን ሌላ የሚቀርቡ ናቸው።
118e326e-b20b-5fab-a030-d7220cb6aa91,36219c81-e33c-51e1-a07a-7124bfa8df12,941d3a9c-bc56-56fe-a2cd-416f7a4cc4ba,6,17,“በሁለተኛውም ቀን ዐሥራ ሁለት በሬዎችን፥ ሁለት አውራ በጎችን፥ ነውር የሌለባቸውን ዐሥራ አራት የአንድ ዓመት ተባት የበግ ጠቦቶችን፥
10fadf0d-4e85-58e7-aaf9-b8f47b9f6232,36219c81-e33c-51e1-a07a-7124bfa8df12,941d3a9c-bc56-56fe-a2cd-416f7a4cc4ba,7,18,ለበሬዎቹና ለአውራ በጎቹ፥ ለጠቦቶቹም የእህል ቍርባናቸውንና የመጠጥ ቍርባናቸውን እንደ ቍጥራችው መጠን እንደ ሕጉ፥
f3f8d630-d18d-5633-a7c3-50972e5b5a76,36219c81-e33c-51e1-a07a-7124bfa8df12,941d3a9c-bc56-56fe-a2cd-416f7a4cc4ba,8,19,ለኀጢአትም መሥዋዕት ከፍየሎች አንድ አውራ ፍየልን ታቀርባላችሁ፤ በዘወትር ከሚቃጠለው መሥዋዕትና ከእህሉ ቍርባን፥ ከመጠጡም ቍርባናቸው ሌላ የሚቀርቡ ናቸው።
213de103-6a53-5918-a137-891992422d38,36219c81-e33c-51e1-a07a-7124bfa8df12,941d3a9c-bc56-56fe-a2cd-416f7a4cc4ba,9,20,“በሦስተኛውም ቀን ዐሥራ አንድ በሬዎች፥ ሁለት አውራ በጎች፥ ነውር የሌለባቸውን ዐሥራ አራት የአንድ ዓመት ተባት የበግ ጠቦቶች፥
e8c6c484-d86d-5ed0-a3f7-ed9b7310ef94,36219c81-e33c-51e1-a07a-7124bfa8df12,941d3a9c-bc56-56fe-a2cd-416f7a4cc4ba,10,21,ለበሬዎቹና ለአውራ በጎቹ፥ ለጠቦቶቹም የእህል ቍርባናቸውንና የመጠጥ ቍርባናቸውን እንደ ቍጥራቸው መጠን እንደ ሕጋቸው፥
ae47579e-2f5b-504a-ae10-95080ca227d4,36219c81-e33c-51e1-a07a-7124bfa8df12,941d3a9c-bc56-56fe-a2cd-416f7a4cc4ba,11,22,ለኀጢአትም መሥዋዕት ከፍየሎች አንድ አውራ ፍየል፥ በዘወትር ከሚቃጠለው መሥዋዕትና ከእህሉ ቍርባን፥ ከመጠጡም ቍርባን ሌላ ታቀርባላችሁ።
fe02f209-9c3a-586b-a41a-ec3351d60bd2,36219c81-e33c-51e1-a07a-7124bfa8df12,941d3a9c-bc56-56fe-a2cd-416f7a4cc4ba,12,23,“በአራተኛውም ቀን ዐሥር በሬዎች፥ ሁለት አውራ በጎች፥ ነውር የሌለባቸው ዐሥራ አራት የአንድ ዓመት ተባት የበግ ጠቦቶች፥
1e8f088c-ff98-565f-a9cc-fad5f4f88319,36219c81-e33c-51e1-a07a-7124bfa8df12,941d3a9c-bc56-56fe-a2cd-416f7a4cc4ba,13,24,ለበሬዎቹና ለአውራ በጎቹ፥ ለጠቦቶቹም የእህል ቍርባናቸውንና የመጠጥ ቍርባናቸውን እንደ ቍጥራችው መጠን እንደ ሕጋቸው፥
4a05b4f0-d485-540f-ab96-4801cc47711d,36219c81-e33c-51e1-a07a-7124bfa8df12,941d3a9c-bc56-56fe-a2cd-416f7a4cc4ba,14,25,ለኀጢአትም መሥዋዕት ከፍየሎች አንድ አውራ ፍየል፥ በዘወትር ከሚቃጠለው መሥዋዕትና ከእህሉ ቍርባን፥ ከመጠጡም ቍርባን ሌላ ታቀርባላችሁ።
abba4e9b-d144-58a6-a605-eb7ada0a709c,36219c81-e33c-51e1-a07a-7124bfa8df12,941d3a9c-bc56-56fe-a2cd-416f7a4cc4ba,15,26,“በአምስተኛው ቀን ዘጠኝ በሬዎች፥ ሁለት አውራ በጎች፥ ነውር የሌለባቸው ዐሥራ አራት የአንድ ዓመት ተባት የበግ ጠቦቶች፥
f924e922-5f0e-52ba-aa41-21c09f99eb37,36219c81-e33c-51e1-a07a-7124bfa8df12,941d3a9c-bc56-56fe-a2cd-416f7a4cc4ba,16,27,ለበሬዎቹና ለአውራ በጎቹ፥ ለጠቦቶቹም የእህል ቍርባናቸውንና የመጠጥ ቍርባናቸውን እንደ ቍጥራቸው መጠን እንደ ሕጋቸው፥
1a3a2758-dd53-5651-aa15-2d192c6f32fa,36219c81-e33c-51e1-a07a-7124bfa8df12,941d3a9c-bc56-56fe-a2cd-416f7a4cc4ba,17,28,ለኀጢአትም መሥዋዕት ከፍየሎች አንድ አውራ ፍየል፥ በዘወትር ከሚቃጠለው መሥዋዕትና ከእህሉ ቍርባን፥ ከመጠጡም ቍርባን ሌላ ታቀርባላችሁ።
cc7cb7aa-f40f-5ae5-a2d2-544a52476a9d,36219c81-e33c-51e1-a07a-7124bfa8df12,941d3a9c-bc56-56fe-a2cd-416f7a4cc4ba,18,29,“በስድስተኛውም ቀን ስምንት በሬዎች፥ ሁለት አውራ በጎች፥ ነውር የሌለባቸውን ዐሥራ አራት የአንድ ዓመት ተባት የበግ ጠቦቶች፥
6b87aad9-6eae-5919-a495-56e1e7944ac5,36219c81-e33c-51e1-a07a-7124bfa8df12,941d3a9c-bc56-56fe-a2cd-416f7a4cc4ba,19,30,ለበሬዎችና ለአውራ በጎቹ፥ ለጠቦቶቹም የእህል ቍርባናቸውንና የመጠጥ ቍርባናቸውን እንደ ቍጥራቸው መጠን እንደ ሕጋቸው፥
fdc0d2cb-c4cf-5c5e-af7a-3ffa3b13e495,36219c81-e33c-51e1-a07a-7124bfa8df12,941d3a9c-bc56-56fe-a2cd-416f7a4cc4ba,20,31,ለኀጢአትም መሥዋዕት ከፍየሎች አንድ አውራ ፍየል፥ በዘወትር ከሚቃጠለው መሥዋዕትና ከእህሉ ቍርባን ከመጠጡም ቍርባን ሌላ ታቀርባላችሁ።
679ca5c6-701c-50e2-aa33-dd5126a248cf,36219c81-e33c-51e1-a07a-7124bfa8df12,941d3a9c-bc56-56fe-a2cd-416f7a4cc4ba,21,32,“በሰባተኛውም ቀን ሰባት በሬዎች፥ ሁለት አውራ በጎች፥ ነውር የሌለባቸውን ዐሥራ አራት የአንድ ዓመት ተባት የበግ ጠቦቶች፥
beba161b-3330-54c5-af58-093b584a65e2,36219c81-e33c-51e1-a07a-7124bfa8df12,941d3a9c-bc56-56fe-a2cd-416f7a4cc4ba,22,33,ለበሬዎቹ፥ ለአውራ በጎቹ፥ ለጠቦቶቹም የእህል ቍርባናቸውንና የመጠጥ ቍርባናቸውን እንደ ቍጥራቸው መጠን እንደ ሕጋቸው፥
0e479d33-8f0a-5a62-a290-a0ceddc1fb92,36219c81-e33c-51e1-a07a-7124bfa8df12,941d3a9c-bc56-56fe-a2cd-416f7a4cc4ba,23,34,ለኀጢአትም መሥዋዕት ከፍየሎች አንድ አውራ ፍየል፥ በዘወትር ከሚቃጠለው መሥዋዕትና ከእህሉ ቍርባን ከመጠጡም ቍርባን ሌላ ታቀርባላችሁ።
790cfc60-a6d5-523d-a48d-82cc3b7f2176,36219c81-e33c-51e1-a07a-7124bfa8df12,941d3a9c-bc56-56fe-a2cd-416f7a4cc4ba,24,35,“ስምንተኛውም ቀን የተቀደሰ በዓል ይሁንላችሁ፤ የተግባርን ሥራ ሁሉ አትሥሩበት።
f163cc46-e7c5-5bc4-a50c-73dd2bf09957,36219c81-e33c-51e1-a07a-7124bfa8df12,941d3a9c-bc56-56fe-a2cd-416f7a4cc4ba,25,36,ለእግዚአብሔር በጎ መዓዛ እንዲሆን በእሳት የሚቃጠለውን መሥዋዕት፥ አንድ በሬ፥ አንድ አውራ በግ፥ ነውር የሌለባቸውን ሰባት የአንድ ዓመት ተባት የበግ ጠቦቶች ታቀርባላችሁ።
82966842-9bf9-5045-ad92-ef7168c0c34c,36219c81-e33c-51e1-a07a-7124bfa8df12,941d3a9c-bc56-56fe-a2cd-416f7a4cc4ba,26,37,የእህል ቍርባናቸውና የመጠጥ ቍርባናቸው ለበሬው፥ ለአውራውም በግ፥ ለጠቦቶቹም እንደ ቍጥራቸው መጠን እንደ ሕጋቸው ይሆናሉ።
f57ad170-8032-5937-a5a8-19429ad395d3,36219c81-e33c-51e1-a07a-7124bfa8df12,941d3a9c-bc56-56fe-a2cd-416f7a4cc4ba,27,38,ለኀጢአትም መሥዋዕት ከፍየሎች አንድ አውራ ፍየል ታቀርባላችሁ፤ በዘወትር ከሚቃጠለው መሥዋዕትና ከእህሉ ቍርባን ከመጠጡም ቍርባን ሌላ የሚቀርቡ ናቸው።
c71d1914-434e-5e4f-aa42-c878a56ac1bd,36219c81-e33c-51e1-a07a-7124bfa8df12,941d3a9c-bc56-56fe-a2cd-416f7a4cc4ba,28,39,“እነዚህንም፥ ከስእለታችሁና በፈቃዳችሁ ከምታመጡት ሌላ፥ ለሚቃጠል መሥዋዕት፥ ለእህልም፥ ለመጠጥም ቍርባን፥ ለደኅንነትም መሥዋዕታችሁ በበዓላችሁ ጊዜ ለእግዚአብሔር አቅርቡ።”
51f32a4b-4df0-54c6-af87-259453af2805,36219c81-e33c-51e1-a07a-7124bfa8df12,941d3a9c-bc56-56fe-a2cd-416f7a4cc4ba,29,40,ሙሴም ለእስራኤል ልጆች እግዚአብሔር ለሙሴ ያዘዘውን ሁሉ ነገራቸው።
fd857e92-e315-50d6-a8e0-52f096ab8941,64f4c1dc-d9bc-5add-a1fc-78caa57c54ee,3748fbff-0713-5400-a535-b15f7d139d7b,1,1,ሙሴም ለእስራኤል ልጆች ነገዶች አለቆች እንዲህ ብሎ ነገራቸው፥ “እግዚአብሔር ያዘዘው ነገር ይህ ነው።
d13b79b0-d957-5532-a591-6fda309d8c6f,64f4c1dc-d9bc-5add-a1fc-78caa57c54ee,3748fbff-0713-5400-a535-b15f7d139d7b,2,2,ሰው ሁሉ ለእግዚአብሔር ስእለት ቢሳል፥ ወይም መሐላን ቢምል፤ ራሱንም ቢለይ፥ ቃሉን አያርክስ፤ ከአፉ እንደ ወጣው ሁሉ ያድርግ።
08e80bb5-2d83-574b-a3a9-2418495a14c0,64f4c1dc-d9bc-5add-a1fc-78caa57c54ee,3748fbff-0713-5400-a535-b15f7d139d7b,3,3,ሴትም ደግሞ ለእግዚአብሔር ስእለት ብትሳል፥ እርስዋም በአባቷ ቤት ሳለች በብላቴንነቷ ጊዜ ራስዋን ብትለይ፥
ff429784-d052-5153-a7af-4ba0a6a236ab,64f4c1dc-d9bc-5add-a1fc-78caa57c54ee,3748fbff-0713-5400-a535-b15f7d139d7b,4,4,አባቷም ስእለቷንና ራስዋን የለየችበትን ቢሰማ፥ አባቷም ዝም ቢላት፥ ስእለቷ ሁሉ ይጸናል፤ ራስዋንም ያሰረችበት መሐላ ሁሉ ይጸናል።
1d17faed-238b-53ab-aace-a60f9bef9540,64f4c1dc-d9bc-5add-a1fc-78caa57c54ee,3748fbff-0713-5400-a535-b15f7d139d7b,5,5,አባቷ ግን በሰማበት ቀን ቢከለክላት፥ ስእለቷ፥ ራስዋንም ያሰረችበት መሐላዋ አይጸኑም፤ አባቷ ከልክሎአታልና እግዚአብሔር ይቅር ይላታል።
41e1e464-312b-5a85-acfc-17a88a6f2d7c,64f4c1dc-d9bc-5add-a1fc-78caa57c54ee,3748fbff-0713-5400-a535-b15f7d139d7b,6,6,“ባል ያገባች ብትሆን፥ በአንደበቷም እንደ ተናገረች ስለ ራስዋ የተሳለችው ስእለት በራስዋ ላይ ቢሆን፥
6dca6794-346e-513e-a62a-30625f86eb8b,64f4c1dc-d9bc-5add-a1fc-78caa57c54ee,3748fbff-0713-5400-a535-b15f7d139d7b,7,7,ባልዋም ቢሰማ፥ በሰማበትም ቀን ዝም ቢላት፥ ስእለቷ፥ ራስዋንም ያሰረችበት መሐላ ይጸናሉ።
d00a0c22-3339-5034-a4c3-2e3693830a5b,64f4c1dc-d9bc-5add-a1fc-78caa57c54ee,3748fbff-0713-5400-a535-b15f7d139d7b,8,8,ባልዋ ግን በሰማበት ቀን ቢከለክላት፥ ስእለቷና ራስዋን ያሰረችበት መሐላ አይጸኑም፤ ባልዋ ከልክሎአታልና፤ እግዚአብሔርም ይቅር ይላታል።
eb39adec-9f39-5b78-ad38-6d22f16aab2b,64f4c1dc-d9bc-5add-a1fc-78caa57c54ee,3748fbff-0713-5400-a535-b15f7d139d7b,9,9,“ባልዋ የሞተባት ወይም የተፋታች ግን ስእለቷና ራስዋን ያሰረችበት መሐላ ይጸኑባታል።
446f6885-baa3-5a96-a9d1-7843589c49cc,64f4c1dc-d9bc-5add-a1fc-78caa57c54ee,3748fbff-0713-5400-a535-b15f7d139d7b,10,10,ሴትም በባልዋ ቤት ሳለች ብትሳል፥ ወይም ራስዋን በመሐላ ብታስር፥
4cb8d1d9-ddaf-5814-a13a-696e572c9ef0,64f4c1dc-d9bc-5add-a1fc-78caa57c54ee,3748fbff-0713-5400-a535-b15f7d139d7b,11,11,ባልዋም ሰምቶ ዝም ቢላት፥ ባይከለክላትም፥ ስእለቷ ሁሉ ራስዋንም ያሰረችበት መሐላ ሁሉ ይጸናል።
cc5aef02-0ff4-58a1-a10e-e6324e5f9581,64f4c1dc-d9bc-5add-a1fc-78caa57c54ee,3748fbff-0713-5400-a535-b15f7d139d7b,12,12,ባልዋ ግን በሰማበት ቀን ስእለቷን ቢከለክላት፥ ስለ ስእለቷ ወይም ራስዋን ስላሰረችበት መሐላ ከአፍዋ የወጣው ነገር አይጸናም፤ ባልዋ ከልክሏታል፤ እግዚአብሔርም ያነጻታል።
9c01a183-9f9a-5baa-af3e-59637037313d,64f4c1dc-d9bc-5add-a1fc-78caa57c54ee,3748fbff-0713-5400-a535-b15f7d139d7b,13,13,“ስእለቷን ሁሉ፥ ነፍስዋንም የሚያዋርደውን የመሐላ ማሰሪያ ሁሉ ባልዋ ያጸናዋል፤ ወይም ባልዋ ይከለክለዋል።
e5bf1656-7c97-59f8-a722-dcfc17a69746,64f4c1dc-d9bc-5add-a1fc-78caa57c54ee,3748fbff-0713-5400-a535-b15f7d139d7b,14,14,ነገር ግን በየዕለቱ ዝም ቢላት፥ ስእለቷን ሁሉ፥ በእርስዋም ላይ ያለውን መሐላ ሁሉ ያጸናዋል፤ በሰማበት ቀን ዝም ብሎአታልና አጽንቶታል።
eb83f5fb-1a67-5664-a7df-2e4c66e59383,64f4c1dc-d9bc-5add-a1fc-78caa57c54ee,3748fbff-0713-5400-a535-b15f7d139d7b,15,15,ከሰማው በኋላ ግን ቢከለክላት ኀጢአቱን ይሸከማል።”
97a83c48-a6cd-54a0-ac1a-97005d73df05,64f4c1dc-d9bc-5add-a1fc-78caa57c54ee,3748fbff-0713-5400-a535-b15f7d139d7b,16,16,እርስዋ በብላቴንነቷ ጊዜ በአባቷ ቤት ሳለች በአባትና በልጂቱ መካከል፥ ወይም በባልና በሚስት መካከል ይሆን ዘንድ እግዚአብሔር ሙሴን ያዘዘው ሥርዐት ይህ ነው።
bbe92bb3-2190-5b98-a40f-8152689cb929,ed128094-c10c-5e13-add2-7ce881fcc5e8,fea1dee3-0dae-5877-a91b-97dc319f0e06,1,1,እግዚአብሔርም ሙሴን እንዲህ ብሎ ተናገረው፦
dfc3f5e1-7d6d-5b58-a69c-3bc818a93a4e,ed128094-c10c-5e13-add2-7ce881fcc5e8,fea1dee3-0dae-5877-a91b-97dc319f0e06,2,2,“የእስራኤልን ልጆች በቀል ምድያማውያንን ተበቀል፤ ከዚያም በኋላ ወደ ወገኖችህ ትጨመራለህ።”
17968217-27b9-5b7e-a3e4-f0a688046607,ed128094-c10c-5e13-add2-7ce881fcc5e8,fea1dee3-0dae-5877-a91b-97dc319f0e06,3,3,ሙሴም ለሕዝቡ እንዲህ ብሎ ነገራቸው፥ “ከእናንተ መካከል ሰዎችን አስታጥቁ፤ ከእግዚአብሔር ዘንድ ምድያምን ይበቀሉ ዘንድ በእግዚአብሔር ፊት ከምድያም ጋር ይሰለፉ።
eca76c34-61de-58cc-a5d4-b41fb89fa841,ed128094-c10c-5e13-add2-7ce881fcc5e8,fea1dee3-0dae-5877-a91b-97dc319f0e06,4,4,ከእስራኤል ነገዶች ሁሉ ከየነገዱ አንድ አንድ ሺህ ሰው ወደ ጦርነት ስደዱ፤”
9102ac8c-8948-5780-adca-ec27fb56b3f6,ed128094-c10c-5e13-add2-7ce881fcc5e8,fea1dee3-0dae-5877-a91b-97dc319f0e06,5,5,ከእስራኤልም አእላፋት፥ ከየነገዱ አንድ አንድ ሺህ ቈጠሩ፤ ለጦርነት የተሰለፉትም ዐሥራ ሁለት ሺህ ሆኑ።
88553bea-f85c-5435-a204-831195f69c3b,ed128094-c10c-5e13-add2-7ce881fcc5e8,fea1dee3-0dae-5877-a91b-97dc319f0e06,6,6,ሙሴም ከየነገዱ አንድ ሺህ ከሠራዊታቸውና ከካህኑ ከአሮን ልጅ ከአልዓዛር ልጅ ከፊንሐስ ጋር ሰደደ፤ ንዋያተ ቅድሳቱና ምልክት መስጫ መለከቶችም በእጆቻቸው ነበሩ።
b3f15f42-ab92-5254-a1b3-d0a53c9a77a6,ed128094-c10c-5e13-add2-7ce881fcc5e8,fea1dee3-0dae-5877-a91b-97dc319f0e06,7,7,እግዚአብሔርም ሙሴን እንዳዘዘ ከምድያም ጋር ተዋጉ፤ ወንዶችንም ሁሉ ገደሉ።
ffffdb3b-efb8-50a3-a9a0-fe0239e6cfc0,ed128094-c10c-5e13-add2-7ce881fcc5e8,fea1dee3-0dae-5877-a91b-97dc319f0e06,8,8,የምድያምንም ነገሥታት በዚያው ጦርነት በአንድነት ገደሉአቸው፤ አምስቱም የምድያም ነገሥታት ኤዊ፥ ሮቆም፥ ሱር፥ ሑር፥ ሮባቅ ነበሩ፤ የቢዖርንም ልጅ በለዓምን ደግሞ በዚያው ጦርነት በሰይፍ ገደሉት።
5a712e15-2d37-5b97-ab2e-45084bb5b057,ed128094-c10c-5e13-add2-7ce881fcc5e8,fea1dee3-0dae-5877-a91b-97dc319f0e06,9,9,የምድያምንም ሴቶችና ልጆቻቸውን ማረኩ፤ እንስሶቻቸውንና ዕቃቸውን፥ ንብረታቸውንና ኀይላቸውን በዘበዙ።
63ad39de-d50b-588a-ae4e-27fe91fb34f9,ed128094-c10c-5e13-add2-7ce881fcc5e8,fea1dee3-0dae-5877-a91b-97dc319f0e06,10,10,የተቀመጡባቸውን ከተሞቻቸውን ሁሉ፥ ሰፈሮቻቸውንም ሁሉ በእሳት አቃጠሉ።
0d5cf439-24f0-5fa6-ae7f-25c9bfc1125d,ed128094-c10c-5e13-add2-7ce881fcc5e8,fea1dee3-0dae-5877-a91b-97dc319f0e06,11,11,ከሰው እስከ እንስሳ ምርኮአቸውንና ብዝበዛቸውን ሁሉ ወሰዱ።
38d50238-a166-505d-a3f1-76ad3cb1fb0f,ed128094-c10c-5e13-add2-7ce881fcc5e8,fea1dee3-0dae-5877-a91b-97dc319f0e06,12,12,የማረኩትን ምርኮውንና የዘረፉትን ወደ ሙሴና ወደ ካህኑ ወደ አልዓዛር፥ ወደ እስራኤልም ልጆች፥ በዮርዳኖስም አጠገብ በኢያሪኮ ፊት ለፊት በሞዓብ ሜዳ ወዳለው ሰፈር አመጡ።
5f3eefc9-fbe1-529c-a448-1294df64999b,ed128094-c10c-5e13-add2-7ce881fcc5e8,7693e682-e3ef-590a-a8ae-80bab0bd3328,1,13,ሙሴና ካህኑ አልዓዛርም፥ የማኅበሩም አለቆች ሁሉ ከሰፈሩ ወደ ውጭ ሊገናኙአቸው ወጡ።
67e4e181-604f-5432-ab75-93b03986912e,ed128094-c10c-5e13-add2-7ce881fcc5e8,7693e682-e3ef-590a-a8ae-80bab0bd3328,2,14,ሙሴም ከዘመቻ በተመለሱት በጭፍራ አለቆች፥ በሻለቆችና በመቶ አለቆች ላይ ተቈጣ።
5d56ad67-d8e3-5d1d-a177-3fa87e03aa67,ed128094-c10c-5e13-add2-7ce881fcc5e8,7693e682-e3ef-590a-a8ae-80bab0bd3328,3,15,ሙሴም አላቸው፥ “ሴቶችን ሁሉ ለምን አዳናችኋቸው?
6f4f9652-3494-52d3-ac23-a8b53433ea31,ed128094-c10c-5e13-add2-7ce881fcc5e8,7693e682-e3ef-590a-a8ae-80bab0bd3328,4,16,እነርሱ በበለዓም ምክር በፌጎር ምክንያት የእስራኤልን ልጆች የሚያስቱ፥ የእግዚአብሔርንም ቃል እንዲስቱ የሚያደርጉ ዕንቅፋቶች ናቸውና፤ ስለዚህም በእግዚአብሔር ማኅበር ላይ መቅሠፍት ሆኖአል፤
1118219b-e8b1-5428-a01d-c06835a2d684,ed128094-c10c-5e13-add2-7ce881fcc5e8,7693e682-e3ef-590a-a8ae-80bab0bd3328,5,17,አሁንም እንግዲህ ወንዱን ሁሉ በአለበት ግደሉ፥ ወንድንም የምታውቀውን ሴት ሁሉ ግደሉ።
663c472c-2dac-582a-a282-398157e2cdc8,ed128094-c10c-5e13-add2-7ce881fcc5e8,7693e682-e3ef-590a-a8ae-80bab0bd3328,6,18,ወንድን የማያውቁትን ሴቶች ልጆችን ሁሉ ግን አድኑአቸው።
5ff58c88-c856-5136-aee3-1cd4d5ba8e9e,ed128094-c10c-5e13-add2-7ce881fcc5e8,7693e682-e3ef-590a-a8ae-80bab0bd3328,7,19,እናንተም ከሰፈሩ ውጭ ሰባት ቀን ስፈሩ፤ ሰውን የገደለ ሁሉ፥ የተገደለውንም የዳሰሰ ሁሉ፥ እናንተና የማረካችኋቸውም በሦስተኛውና በሰባተኛው ቀን ሰውነታችሁን ንጹሕ አድርጉ።
92bce38e-2a5c-517e-a2d7-5cfdffc214a0,ed128094-c10c-5e13-add2-7ce881fcc5e8,7693e682-e3ef-590a-a8ae-80bab0bd3328,8,20,ልብስንም፥ ከቁርበትም የተዘጋጀውን ሁሉ፥ ከፍየልም ጠጕር፥ ከዕንጨትም የተሠራውን ሁሉ ንጹሕ አድርጉ።”
54bb7988-f598-5ece-a811-39d649cec81e,ed128094-c10c-5e13-add2-7ce881fcc5e8,7693e682-e3ef-590a-a8ae-80bab0bd3328,9,21,ካህኑም አልዓዛር ከሰልፍ የመጡትን ሰዎች አላቸው፥ “እግዚአብሔር ሙሴን ያዘዘው የሕጉ ሥርዐት ይህ ነው፤
2ff6036f-8e6b-5882-affe-ac9b14fb6c6c,ed128094-c10c-5e13-add2-7ce881fcc5e8,7693e682-e3ef-590a-a8ae-80bab0bd3328,10,22,ወርቁና ብሩ፥ ናሱም፥ ብረቱም፥ ቆርቆሮውም፥ እርሳሱም፥
f03f3d8a-5d12-5029-a6d4-c304761f8e36,ed128094-c10c-5e13-add2-7ce881fcc5e8,7693e682-e3ef-590a-a8ae-80bab0bd3328,11,23,በእሳት ለማለፍ የሚችለው ነገር ሁሉ፥ ንጹሕ ይሆናል፤ ነገር ግን በማንጻት ውኃ ደግሞ ይጠራል። በእሳትም ለማለፍ የማይችለውን በውኃ ታሳልፉታላችሁ።
36f65bcc-3aac-50e3-a6d2-3005c77ada40,ed128094-c10c-5e13-add2-7ce881fcc5e8,7693e682-e3ef-590a-a8ae-80bab0bd3328,12,24,በሰባተኛውም ቀን ልብሳችሁን እጠቡ፤ ንጹሓንም ትሆናላችሁ፤ ከዚያም በኋላ ወደ ሰፈሩ ትቀርባላችሁ።”
f42f7e7e-e518-5aea-aaf8-464ac653eb89,ed128094-c10c-5e13-add2-7ce881fcc5e8,3a678636-06ee-55e9-a2e7-d6415f3faaaa,1,25,እግዚአብሔርም ሙሴን እንዲህ ብሎ ተናገረው፦
07b43834-ac4e-5b17-adae-446c2867717d,ed128094-c10c-5e13-add2-7ce881fcc5e8,3a678636-06ee-55e9-a2e7-d6415f3faaaa,2,26,“አንተና ካህኑ አልዓዛር፥ የማኅበሩም አባቶች አለቆች የተማረኩትን ሰውና እንስሳ ቍጠሩ።
21687efd-30fe-51d8-abe7-75180eba3799,ed128094-c10c-5e13-add2-7ce881fcc5e8,3a678636-06ee-55e9-a2e7-d6415f3faaaa,3,27,ምርኮውንም በተዋጉትና ወደ ሰልፍ በወጡት፥ በማኅበሩም ሁሉ መካከል ትከፍላላችሁ።
f0a9e719-2418-500b-ad6c-09805809ba46,ed128094-c10c-5e13-add2-7ce881fcc5e8,3a678636-06ee-55e9-a2e7-d6415f3faaaa,4,28,ከእነዚያም ከተዋጉት፥ ወደ ሰልፍም ከወጡት ሰልፈኞች ዘንድ ከሰዎችም፥ ከበሬዎችም፥ ከበጎችም፥ ከአህዮችም፥ ከአምስት መቶ አንድ ለእግዚአብሔር ግብር ታወጣላችሁ።
6f0f58e9-5511-521b-a3c8-0bb7d8c1d739,ed128094-c10c-5e13-add2-7ce881fcc5e8,3a678636-06ee-55e9-a2e7-d6415f3faaaa,5,29,ከድርሻቸው እኩሌታ ወስደህ የእግዚአብሔርን ቀዳምያት ለካህኑ ለአልዓዛር ትሰጠዋለህ።
c73231a7-9b5e-54d9-a034-66685233f7b8,ed128094-c10c-5e13-add2-7ce881fcc5e8,3a678636-06ee-55e9-a2e7-d6415f3faaaa,6,30,ከእስራኤልም ልጆች ድርሻ እኩሌታ፥ ከሰዎችም፥ ከበሬዎችም፥ ከበጎችም፥ ከአህዮችም፥ ከእንስሶችም ሁሉ ከአምሳ አንድ ትወስዳለህ፤ የእግዚአብሔርንም ድንኳን ሥርዐት ለሚጠብቁ ለሌዋውያን ትሰጣለህ።”
87570b33-ec06-5b91-acbd-e5e07391b672,ed128094-c10c-5e13-add2-7ce881fcc5e8,3a678636-06ee-55e9-a2e7-d6415f3faaaa,7,31,ሙሴና ካህኑ አልዓዛርም እግዚአብሔር ሙሴን እንዳዘዘው አደረጉ።
84b02d82-baf5-50a2-ac2f-d16fba6412ed,ed128094-c10c-5e13-add2-7ce881fcc5e8,3a678636-06ee-55e9-a2e7-d6415f3faaaa,8,32,ወደ ሰልፍ የወጡ ሰዎችም ከወሰዱት ብዝበዛ የቀረው ምርኮ እንዲህ ሆነ፤ ስድስት መቶ ሰባ አምስት ሺህ በጎች፤
2e7424f6-2a38-5f9d-a9b2-2c79ba7c94e6,ed128094-c10c-5e13-add2-7ce881fcc5e8,3a678636-06ee-55e9-a2e7-d6415f3faaaa,9,33,ሰባ ሁለት ሺህ በሬዎች፥
703c3788-d543-5d3b-ab1f-d2644596cfa3,ed128094-c10c-5e13-add2-7ce881fcc5e8,3a678636-06ee-55e9-a2e7-d6415f3faaaa,10,34,ስድሳ አንድ ሺህ አህዮች፥
69d348f4-470d-59b9-a2ca-b568309742ce,ed128094-c10c-5e13-add2-7ce881fcc5e8,3a678636-06ee-55e9-a2e7-d6415f3faaaa,11,35,ወንድ ከማያውቁ ሴቶችም ሠላሳ ሁለት ሺህ ነፍስ።
cd70fa0a-3fdf-56b1-a176-53ed4816fc6b,ed128094-c10c-5e13-add2-7ce881fcc5e8,3a678636-06ee-55e9-a2e7-d6415f3faaaa,12,36,በዘመቻም ለነበሩ ሰዎች ድርሻ የሆነ እኩሌታ ከበግ ሦስት መቶ ሠላሳ ሰባት ሺህ አምስት መቶ በጎች ነበሩ፤
4a2904b4-3bdc-5787-a6dd-2cf85be4d00b,ed128094-c10c-5e13-add2-7ce881fcc5e8,3a678636-06ee-55e9-a2e7-d6415f3faaaa,13,37,ከበጎችም የእግዚአብሔር ግብር ስድስት መቶ ሰባ አምስት ነበረ።
848b0c14-8365-5676-a3c9-2c9a30239215,ed128094-c10c-5e13-add2-7ce881fcc5e8,3a678636-06ee-55e9-a2e7-d6415f3faaaa,14,38,በሬዎችም ሠላሳ ስድስት ሺህ ነበሩ፤ የእግዚአብሔርም ግብር ሰባ ሁለት ነበረ።
79dc5a22-873b-5f15-a5cb-0a562a93cf50,ed128094-c10c-5e13-add2-7ce881fcc5e8,3a678636-06ee-55e9-a2e7-d6415f3faaaa,15,39,አህዮቹም ሠላሳ ሺህ አምስት መቶ ነበሩ፤ የእግዚአብሔርም ግብር ስድሳ አንድ ነበረ።
d1f99059-4202-52b7-a856-d4cdd749995f,ed128094-c10c-5e13-add2-7ce881fcc5e8,3a678636-06ee-55e9-a2e7-d6415f3faaaa,16,40,ሰዎቹም ዐሥራ ስድስት ሺህ ነበሩ ፤ የእግዚአብሔርም ግብር ሠላሳ ሁለት ነበረ።
1be1119a-db30-5399-a963-e75b3b067cac,ed128094-c10c-5e13-add2-7ce881fcc5e8,3a678636-06ee-55e9-a2e7-d6415f3faaaa,17,41,እግዚአብሔርም ሙሴን እንዳዘዘው ሙሴ፦ ለእግዚአብሔር የለዩትን ግብር ለካህኑ ለአልዓዛር ሰጠው።
7382bf50-8e4d-5a23-a6b4-7bb16ec08501,ed128094-c10c-5e13-add2-7ce881fcc5e8,3a678636-06ee-55e9-a2e7-d6415f3faaaa,18,42,ከእስራኤል ልጆች እኩሌታም፥ ወደ ሰልፍ ከወጡት ወንዶች ላይ ሙሴ የለየው፥
563c35fc-193b-513e-a033-7c72b3061c58,ed128094-c10c-5e13-add2-7ce881fcc5e8,3a678636-06ee-55e9-a2e7-d6415f3faaaa,19,43,የማኅበሩ ድርሻ ሦስት መቶ ሠላሳ ሰባት ሺህ አምስት መቶ በጎች፥
ea2af5a5-8a01-5c8a-ae51-36e1e40c5f54,ed128094-c10c-5e13-add2-7ce881fcc5e8,3a678636-06ee-55e9-a2e7-d6415f3faaaa,20,44,ሠላሳ ስድስት ሺህ በሬዎች፤
0d6d4e48-14bc-5106-a206-53a383457b3b,ed128094-c10c-5e13-add2-7ce881fcc5e8,3a678636-06ee-55e9-a2e7-d6415f3faaaa,21,45,ሠላሳ ሺህ አምስት መቶ አህዮች፥
6c78e69c-b3fd-5b28-a9a2-51c245b1ddcf,ed128094-c10c-5e13-add2-7ce881fcc5e8,3a678636-06ee-55e9-a2e7-d6415f3faaaa,22,46,ዐሥራ ስድስት ሺህ ሰዎች ነበሩ።
cbc94a3e-68ac-537a-a4f3-ce1eaf624f24,ed128094-c10c-5e13-add2-7ce881fcc5e8,3a678636-06ee-55e9-a2e7-d6415f3faaaa,23,47,ሙሴ ከእስራኤል ልጆች ድርሻ ከሰውና ከእንስሳ ከሃምሳ አንድ ወሰደ፤ እግዚአብሔርም ሙሴን እንዳዘዘው የእግዚአብሔርን ድንኳን ሥርዐት ለሚጠብቁ ሌዋውያን ሰጠ።
e5db719c-ee34-5ec3-ae31-c1fddcde4ba5,ed128094-c10c-5e13-add2-7ce881fcc5e8,3a678636-06ee-55e9-a2e7-d6415f3faaaa,24,48,በሠራዊት አእላፋት ላይ የተሾሙት አለቆች፥ ሻለቆችና የመቶ አለቆች ወደ ሙሴ ቀረቡ፤ ሙሴንም እንዲህ አሉት፦
b9f34db2-d664-585c-addf-7bddf49cdee6,ed128094-c10c-5e13-add2-7ce881fcc5e8,3a678636-06ee-55e9-a2e7-d6415f3faaaa,25,49,“ባሪያዎችህ ወደ ሰልፍ የወጡትን ከእጃችን በታች ያሉትን ቈጠሩ፤ ከእኛም አንድ አልጐደለም።
90795811-89eb-50d4-ad97-918023612ac8,ed128094-c10c-5e13-add2-7ce881fcc5e8,3a678636-06ee-55e9-a2e7-d6415f3faaaa,26,50,ሰውም ሁሉ ከአገኘው ከወርቅ ዕቃ፥ ከእግር አልቦም፥ ከአምባርም፥ ከቀለበትም ከጕትቻም፥ ከድሪውም ስለ እኛ በእግዚአብሔር ፊት ታስተሰርዩልን ዘንድ ለእግዚአብሔር መባ አምጥተናል” አሉት።
623d04c2-80b6-550c-a455-1f28455d1a2f,ed128094-c10c-5e13-add2-7ce881fcc5e8,3a678636-06ee-55e9-a2e7-d6415f3faaaa,27,51,ሙሴና ካህኑ አልዓዛርም ወርቁንና በልዩ ልዩ የተሠራውን ዕቃ ሁሉ ከእጃቸው ተቀበሉ።
9332497b-55c1-5007-a09e-ce0a857e3dd5,ed128094-c10c-5e13-add2-7ce881fcc5e8,3a678636-06ee-55e9-a2e7-d6415f3faaaa,28,52,ከሻለቆችና ከመቶ አለቆች ለእግዚአብሔር የለዩትና ያቀረቡት ወርቅ ሁሉ ዐሥራ ስድስት ሺህ ሰባት መቶ አምሳ ሰቅል ነበረ።
83815f20-b467-56f6-a264-900542a7c0c1,ed128094-c10c-5e13-add2-7ce881fcc5e8,3a678636-06ee-55e9-a2e7-d6415f3faaaa,29,53,ወደ ሰልፍ የወጡ ሰዎች ሁሉ የማረኩትን ለየራሳቸው ወሰዱ።
b7a73f39-2054-5a40-a60c-6295ac051805,ed128094-c10c-5e13-add2-7ce881fcc5e8,3a678636-06ee-55e9-a2e7-d6415f3faaaa,30,54,ሙሴና ካህኑ አልዓዛርም ወርቁን ከሻለቆችና ከመቶ አለቆች ወሰዱ፤ በእግዚአብሔርም ፊት ለእስራኤል ልጆች መታሰቢያ ወደ ምስክሩ ድንኳን አገቡት።
cfbc5fb5-a01a-5af5-a7c1-7a57f8cce661,61a47e50-5e8a-51e8-a331-6767f9afcbce,3fabfc4b-8152-5030-a606-e6d8888fd201,1,1,ለሮቤል ልጆችና ለጋድ ልጆች እጅግ ብዙ እንስሶች ነበሩአቸው፤ እነሆም፥ የኢያዜር ምድርና የገለዓድ ምድር የከብት ሀገር እንደ ነበረ አዩ።
4a1947d6-6d43-58f1-a890-2396e1e1f2fe,61a47e50-5e8a-51e8-a331-6767f9afcbce,3fabfc4b-8152-5030-a606-e6d8888fd201,2,2,የሮቤል ልጆችና የጋድ ልጆችም መጥተው ሙሴንና ካህኑን አልዓዛርን፥ የማኅበሩንም አለቆች እንዲህ ብለው ተናገሩአቸው፦
5e919b4e-ee9e-53ae-a0ca-1a8d103ed28f,61a47e50-5e8a-51e8-a331-6767f9afcbce,3fabfc4b-8152-5030-a606-e6d8888fd201,3,3,“አጣሮት፥ ዲቦን፥ ያዜር፥ ነምራ፥ ሐሴቦን፥ ኤልያሌ፥ ሲባማ፥ ናባው፥ ቤያን፤
7ed39ab7-466c-5340-ac39-cc0986c3621e,61a47e50-5e8a-51e8-a331-6767f9afcbce,3fabfc4b-8152-5030-a606-e6d8888fd201,4,4,እግዚአብሔር በእስራኤል ልጆች ፊት የሰጣት ምድር የከብት መሰማሪያ ሀገር ናት፤ ለእኛም ለአገልጋዮችህ ብዙ እንስሳት አሉን።
313e5138-e13b-5b5a-ada6-dfec7e77761c,61a47e50-5e8a-51e8-a331-6767f9afcbce,3fabfc4b-8152-5030-a606-e6d8888fd201,5,5,እኛስ በአንተ ዘንድ ሞገስን አግኝተን እንደ ሆነ ይህን ምድር ለአገልጋዮችህ ርስት አድርገህ ስጠን፤ ዮርዳኖስን አታሻግረን።”
c39dcdf4-fcd3-56ae-a68d-fced3322b840,61a47e50-5e8a-51e8-a331-6767f9afcbce,3fabfc4b-8152-5030-a606-e6d8888fd201,6,6,ሙሴም ለሮቤል ልጆችና ለጋድ ልጆች አላቸው፥ “ወንድሞቻችሁ ወደ ጦርነት ሲሄዱ እናንተ በዚህ ትቀመጣላችሁን?
cb603f56-f56e-50c7-a871-477b19c7e702,61a47e50-5e8a-51e8-a331-6767f9afcbce,3fabfc4b-8152-5030-a606-e6d8888fd201,7,7,እግዚአብሔር ወደሚሰጣቸው ምድር እንዳይሻገሩ የእስራኤልን ልጆች ልብ ለምን ታጣምማላችሁ?
936ced38-ce52-5bc8-a6cb-b2ce4a716082,61a47e50-5e8a-51e8-a331-6767f9afcbce,3fabfc4b-8152-5030-a606-e6d8888fd201,8,8,ምድሪቱን ይሰልሉ ዘንድ ከቃዴስ በርኔ በላክኋቸው ጊዜ አባቶቻችሁ እንዲህ አድርገው አልነበረምን?
cc58799e-3286-576b-a7bf-531f02ccbebb,61a47e50-5e8a-51e8-a331-6767f9afcbce,3fabfc4b-8152-5030-a606-e6d8888fd201,9,9,ወደ ወይን ዘለላ ሸለቆ መጡ፤ ምድሪቱንም አዩአት፤ እግዚአብሔርም ወደ ሰጣቸው ምድር እንዳይገቡ የእስራኤልን ልጆች ልብ መለሱ።
39aa1e7c-db83-5cbe-ae49-7f90786e21d6,61a47e50-5e8a-51e8-a331-6767f9afcbce,3fabfc4b-8152-5030-a606-e6d8888fd201,10,10,በዚያም ቀን እግዚአብሔር ተቈጣ፤ እንዲህም ብሎ ማለ፦
0544b9ee-3fb5-5e22-a8f5-789a6ea95bc7,61a47e50-5e8a-51e8-a331-6767f9afcbce,3fabfc4b-8152-5030-a606-e6d8888fd201,11,11,ከግብፅ የወጡት ከሃያ ዓመት ጀምሮ ከዚያም በላይ ያሉት መልካምንና ክፉን የሚያውቁ ሰዎች እኔን ፈጽመው አልተከተሉምና ለአብርሃምና ለይስሐቅ ለያዕቆብም እሰጥ ዘንድ የማልሁባትን ምድር አያዩም፤
5fef6bc6-de48-50c2-ae54-ee9cd5da8c34,61a47e50-5e8a-51e8-a331-6767f9afcbce,3fabfc4b-8152-5030-a606-e6d8888fd201,12,12,እግዚአብሔርን ተከትለዋልና ከእነዚህ፥ ልዩ ከሆነ ከዮፎኒ ልጅ ከካሌብና ከነዌ ልጅ ከኢያሱ በቀር፤
0f699d40-b5ab-53f7-a9ce-5836aa4cfbc3,61a47e50-5e8a-51e8-a331-6767f9afcbce,3fabfc4b-8152-5030-a606-e6d8888fd201,13,13,እግዚአብሔርም በእስራኤል ላይ በጠና ተቈጣ። በእግዚአብሔርም ፊት ክፉ ያደረገ ትውልድ ሁሉ እስኪጠፋ ድረስ አርባ ዓመት በምድረ በዳ ውስጥ አንከራተታቸው።
432918a8-2ad2-54f0-a9b5-fa690355a1ec,61a47e50-5e8a-51e8-a331-6767f9afcbce,3fabfc4b-8152-5030-a606-e6d8888fd201,14,14,እነሆም፥ የእግዚአብሔርን መዓት በእስራኤል ላይ አብዝታችሁ ትጨምሩ ዘንድ እናንተ በኀጢአተኞች ሰዎች በደል በአባቶቻችሁ ፋንታ ተነሥታችኋል።
4c1ac1ec-bfd2-50df-a97f-186b4f3cbe51,61a47e50-5e8a-51e8-a331-6767f9afcbce,3fabfc4b-8152-5030-a606-e6d8888fd201,15,15,እርሱን ትታችሁታልና ዳግመኛም በምድረ በዳ ትታችሁታል፤ በዚችም ማኅበር ሁሉ ላይ ትበድላላችሁ።”
314b756a-be2b-5545-ad12-837d86100600,61a47e50-5e8a-51e8-a331-6767f9afcbce,3fabfc4b-8152-5030-a606-e6d8888fd201,16,16,ወደ እርሱም ቀርበው አሉት፥ “በዚህ ለእንስሶቻችን በረቶችን፥ ለልጆቻችንም ከተሞችን እንሠራለን፤
6aaec04b-548f-54f1-a4e0-23126deefe33,61a47e50-5e8a-51e8-a331-6767f9afcbce,3fabfc4b-8152-5030-a606-e6d8888fd201,17,17,እኛ ግን ለጦርነት ታጥቀን ወደ ስፍራቸው እስክናገባቸው ድረስ በእስራኤል ልጆች ፊት እንሄዳለን፤ በዚህም ምድር ስላሉ ሰዎች ልጆቻችን በተመሸጉ ከተሞች ይቀመጣሉ።
0144a7ab-2453-52b5-a7b2-2659bd0d3564,61a47e50-5e8a-51e8-a331-6767f9afcbce,3fabfc4b-8152-5030-a606-e6d8888fd201,18,18,የእስራኤል ልጆች ሁሉ ርስታቸውን እስኪወርሱ ድረስ ወደ ቤታችን አንመለስም፤
2a6879cc-514c-5059-afb3-c63c86a4d0d6,61a47e50-5e8a-51e8-a331-6767f9afcbce,3fabfc4b-8152-5030-a606-e6d8888fd201,19,19,ከዮርዳኖስ ወዲህ ወደ ምሥራቅ ርስታችን ደርሶናልና እኛ ከዮርዳኖስ ማዶ ወደዚያ ከእነርሱም ጋር ርስት አንወርስም።”
6a99b27b-7818-5cbb-afbe-483fc58ba35e,61a47e50-5e8a-51e8-a331-6767f9afcbce,3fabfc4b-8152-5030-a606-e6d8888fd201,20,20,ሙሴም አላቸው፥ “ይህንስ እንዳላችሁት ብታደርጉ፥ ታጥቃችሁም በእግዚአብሔር ፊት ወደ ጦርነት ብትሄዱ፥
45334613-92cf-52ff-a1ac-d6e6a63ac89d,61a47e50-5e8a-51e8-a331-6767f9afcbce,3fabfc4b-8152-5030-a606-e6d8888fd201,21,21,እርሱም ጠላቱ ከፊቱ እስኪጠፋ ድረስ ከእናንተ እያንዳንዱ ሰው የጦር መሣሪያውን ይዞ በእግዚአብሔር ፊት ዮርዳኖስን ቢሻገር፥
26d10db4-f0c0-532c-a189-7cadd8cccc0e,61a47e50-5e8a-51e8-a331-6767f9afcbce,3fabfc4b-8152-5030-a606-e6d8888fd201,22,22,ምድሪቱም በእግዚአብሔር ፊት ድል እስክትሆን ድረስ ከዚያም በኋላ ትመለሳላችሁ፤ በእግዚአብሔርም ፊት በእስራኤል ዘንድ ንጹሓን ትሆናላችሁ፤ ይህች ምድርም በእግዚአብሔር ፊት ርስት ትሆናችኋለች።
14af5623-f596-5179-aa78-2e55c3d4d319,61a47e50-5e8a-51e8-a331-6767f9afcbce,3fabfc4b-8152-5030-a606-e6d8888fd201,23,23,እንዲህ ባታደርጉ ግን፥ በእግዚአብሔር ፊት ትበድላላችሁ፤ ክፉ ነገር ባገኛችሁ ጊዜ በደላችሁን ታውቃላችሁ።
f8a56c8d-1a13-539b-a485-9561df83617e,61a47e50-5e8a-51e8-a331-6767f9afcbce,3fabfc4b-8152-5030-a606-e6d8888fd201,24,24,ለልጆቻችሁ ከተሞችን፥ ለበጎቻችሁም በረቶችን ሥሩ፤ ከአፋችሁም የወጣውን ነገር አድርጉ።”
8d81d453-c1a6-53bc-a37d-13f23b7c9cf9,61a47e50-5e8a-51e8-a331-6767f9afcbce,3fabfc4b-8152-5030-a606-e6d8888fd201,25,25,የሮቤል ልጆችና የጋድ ልጆችም ሙሴን እንዲህ ብለው ተናገሩት፥ “እኛ አገልጋዮችህ ጌታችን እንዳዘዘ እናደርጋለን።
f2a21a41-dc06-5c6b-ab54-99368f92099c,61a47e50-5e8a-51e8-a331-6767f9afcbce,3fabfc4b-8152-5030-a606-e6d8888fd201,26,26,ልጆቻችን ሚስቶቻችንም፥ እንሰሶቻችንም ሁሉ በዚያ በገለዓድ ከተሞች ይሆናሉ፤
f35f1f98-fa81-560a-a877-8f95224c8306,61a47e50-5e8a-51e8-a331-6767f9afcbce,3fabfc4b-8152-5030-a606-e6d8888fd201,27,27,እኛ አገልጋዮችህ ግን ሁላችን የጦር መሣሪያችንን ይዘን በእግዚአብሔር ፊት ጌታችን እንደ ተናገረ ወደ ጦርነት እንሄዳለን።”
40d74d04-8a2b-5537-a093-9dbb57182e80,61a47e50-5e8a-51e8-a331-6767f9afcbce,3fabfc4b-8152-5030-a606-e6d8888fd201,28,28,ሙሴም ካህኑን አልዓዛርን፥ የነዌንም ልጅ ኢያሱን፥ የእስራኤልንም ነገድ አባቶች አለቆች አዘዛቸው።
59a7161c-9caf-5fe1-a9c3-247a76dee8dc,61a47e50-5e8a-51e8-a331-6767f9afcbce,3fabfc4b-8152-5030-a606-e6d8888fd201,29,29,ሙሴም፥ “የሮቤል ልጆችና የጋድ ልጆች ሁላቸው የጦር መሣሪያቸውን ይዘው ከእናንተ ጋር በእግዚአብሔር ፊት ለጦርነት ዮርዳኖስን ቢሻገሩ፥ ምድሪቱንም ድል ብትነሡ ፥ የገለዓድን ምድር ርስት አድርጋችሁ ትሰጡአቸዋላችሁ።
04bdfaea-2434-5174-aa0c-f365ac568181,61a47e50-5e8a-51e8-a331-6767f9afcbce,3fabfc4b-8152-5030-a606-e6d8888fd201,30,30,የጦር መሣሪያቸውን ይዘው ከእናንተ ጋር በእግዚአብሔር ፊት ወደ ጦርነት ባይሻገሩ ግን ልጆቻቸውን፥ ሚስቶቻቸውን፥ ከብቶቻቸውንም በፊታችሁ ወደ ከነዓን ምድር ንዱአቸው፤ በከነዓን ምድር በእናንተ መካከል ርስታቸውን ይወርሳሉ” አላቸው።
223ccaf5-b164-5a68-abb5-0e613490f68a,61a47e50-5e8a-51e8-a331-6767f9afcbce,3fabfc4b-8152-5030-a606-e6d8888fd201,31,31,የሮቤል ልጆችና የጋድ ልጆችም መልሰው፥ “ጌታችን ለእኛ ለአገልጋዮችህ እንደ ተናገረ እንዲሁ እናደርጋለን።
42a7e06b-50cc-54dd-a6aa-ba399b6bb666,61a47e50-5e8a-51e8-a331-6767f9afcbce,3fabfc4b-8152-5030-a606-e6d8888fd201,32,32,የጦር መሣሪያችንን ይዘን በእግዚአብሔር ፊት ወደ ከነዓን ምድር እንሻገራለን፤ ከዮርዳኖስም ማዶ የወረስነው ርስት ይሆንልናል” አሉት።
6ff6a576-b0fe-5408-a209-f3d64b3abba3,61a47e50-5e8a-51e8-a331-6767f9afcbce,3fabfc4b-8152-5030-a606-e6d8888fd201,33,33,ሙሴም ለጋድ ልጆችና ለሮቤል ልጆች፥ ለዮሴፍም ልጅ ለምናሴ ነገድ እኩሌታ፥ የአሞሬዎናውያንን ንጉሥ የሴዎንን መንግሥት፥ የባሳንንም ንጉሥ የዐግን መንግሥት፥ ምድሪቱንም፥ ከተራሮችም ጋር ከተሞችን፥ በዙሪያቸውም ያሉትን የምድሪቱን ከተሞች ሰጣቸው።
e35ef721-98e7-5c21-a599-2352dc411b0e,61a47e50-5e8a-51e8-a331-6767f9afcbce,3fabfc4b-8152-5030-a606-e6d8888fd201,34,34,የጋድ ልጆች ዲቦንን፥ አጣሮትን፥ አሮዔርን፤
c4d5293a-4bfd-506b-adda-1cb28bc92cbd,61a47e50-5e8a-51e8-a331-6767f9afcbce,3fabfc4b-8152-5030-a606-e6d8888fd201,35,35,ሶፋንን፥ ኢያዜርን፥
b8a5605f-8a1b-5f3a-a288-8988cef942e4,61a47e50-5e8a-51e8-a331-6767f9afcbce,3fabfc4b-8152-5030-a606-e6d8888fd201,36,36,ናምራን፥ ቤታራንን ሰባት የተመሸጉ ከተሞች አድርገው ሠሩ፤ አስረዘሙአቸውም፤ የበጎች በረቶችንም ሠሩ።
d5740e97-3a7f-5dd0-ac6b-58d7bd81ccc7,61a47e50-5e8a-51e8-a331-6767f9afcbce,3fabfc4b-8152-5030-a606-e6d8888fd201,37,37,የሮቤልም ልጆች ሐሴቦንን፥ ኤልያሌንን፥ ቂርያታይምን፤ በቅጥር የተከበቡ በኤልሜዎንንና፥ ሴባማን ሠሩ፤
c882535a-94e3-5b50-a754-47717c889392,61a47e50-5e8a-51e8-a331-6767f9afcbce,3fabfc4b-8152-5030-a606-e6d8888fd201,38,38,እነዚህንም የሠሩአቸውን ከተሞች በየስማቸው ጠሩአቸው።
24e516c7-add6-5bcd-aded-4faa86904730,61a47e50-5e8a-51e8-a331-6767f9afcbce,3fabfc4b-8152-5030-a606-e6d8888fd201,39,39,የምናሴም ልጅ የማኪር ልጅ ወደ ገለዓድ ሄዶ ገለዓድን ያዘ፤ በእርስዋም የነበሩትን አሞሬዎናውያንን አጠፋ።
9d9925ec-1ccf-5b1c-a914-c9bfbf4e596c,61a47e50-5e8a-51e8-a331-6767f9afcbce,3fabfc4b-8152-5030-a606-e6d8888fd201,40,40,ሙሴም ለምናሴ ልጅ ለማኪር ገለዓድን ሰጠው፤ በእርስዋም ተቀመጠ።
706037eb-afd4-5720-a9d1-f691ebea1985,61a47e50-5e8a-51e8-a331-6767f9afcbce,3fabfc4b-8152-5030-a606-e6d8888fd201,41,41,የምናሴም ልጅ ኢያዕር ሄዶ መንደሮችዋን ወሰደ፤ የኢያዕርም መንደሮች ብሎ ጠራቸው።
b9e9050f-5158-58df-ac61-105b56f2e1b2,61a47e50-5e8a-51e8-a331-6767f9afcbce,3fabfc4b-8152-5030-a606-e6d8888fd201,42,42,ናባውም ሄዶ ቄናትንም፥ መንደሮችዋንም ወሰደ፤ በስሙም ናቦት ብሎ ጠራቸው።
f40779ce-7ed7-5ad6-aa01-f5183aa40af1,b00e81ef-9082-52f0-a614-3ec34c846efd,013e163e-b011-5a64-a273-7ed453674c24,1,1,በሙሴና በአሮን እጅ ከሠራዊቶቻቸው ጋር ከግብፅ ከወጡ በኋላ የእስራኤል ልጆች የሰፈሩበት ይህ ነው።
ad095e54-1608-575d-ab16-8eedaa45ffce,b00e81ef-9082-52f0-a614-3ec34c846efd,013e163e-b011-5a64-a273-7ed453674c24,2,2,ሙሴም በእግዚአብሔር ትእዛዝ እንደ ተጓዙ የሰፈሩበትን ጻፈ፥ እየተጓዙ ያደሩበት ይህ ነው።
d1228717-3476-5ff4-a8ac-0a1d67cb50aa,b00e81ef-9082-52f0-a614-3ec34c846efd,013e163e-b011-5a64-a273-7ed453674c24,3,3,በመጀመሪያው ወር ከመጀመሪያውም ወር በዐሥራ አምስተኛው ቀን ከራምሴ ተጓዙ፤ ከፋሲካ በኋላ በነጋው የእስራኤል ልጆች ከግብፃውያን ሁሉ ፊት ከፍ ባለች እጅ ወጡ።
2574797d-2c9d-5cf2-a8c7-0a0a731e2532,b00e81ef-9082-52f0-a614-3ec34c846efd,013e163e-b011-5a64-a273-7ed453674c24,4,4,በዚያም ጊዜ ግብፃውያን እግዚአብሔር የገደላቸውን በኵሮቻቸውን ይቀብሩ ነበር፤ በአማልክቶቻቸውም ደግሞ እግዚአብሔር ፈረደባቸው።
b1838dd4-61a1-5fdb-a041-16de1776e801,b00e81ef-9082-52f0-a614-3ec34c846efd,013e163e-b011-5a64-a273-7ed453674c24,5,5,የእስራኤልም ልጆች ከራምሴ ተጕዘው በሱኮት ሰፈሩ።
c10ce805-1566-5a7f-a509-c67e55ce20cd,b00e81ef-9082-52f0-a614-3ec34c846efd,013e163e-b011-5a64-a273-7ed453674c24,6,6,ከሱኮትም ተጕዘው በምድረ በዳ ዳርቻ ባለች በኤታም ሰፈሩ።
27715578-7d1f-5978-a2ba-76dac684c665,b00e81ef-9082-52f0-a614-3ec34c846efd,013e163e-b011-5a64-a273-7ed453674c24,7,7,ከኤታምም ተጕዘው በኤልሴፎን ፊት ወደ ነበረች በኤሮት በር፤ በመግደሎ ፊት ለፊት ሰፈሩ።
9ba39200-aac3-5370-a982-12cad44b4d78,b00e81ef-9082-52f0-a614-3ec34c846efd,013e163e-b011-5a64-a273-7ed453674c24,8,8,ከኤሮትም ፊት ለፊት ተጕዘው በባሕሩ መካከል ወደ ምድረ በዳ ተሻገሩ፤ በኤታምም በረሃ የሦስት ቀን መንገድ ሄደው በምረት ሰፈሩ።
465e38c7-1db8-538b-a4d6-41c0d9767917,b00e81ef-9082-52f0-a614-3ec34c846efd,013e163e-b011-5a64-a273-7ed453674c24,9,9,ከምረትም ተጕዘው ወደ ኤሊም መጡ፤ በኤሊምም ዐሥራ ሁለት የውኃ ምንጮች፥ ሰባ ዘንባቦችም ነበሩ፤ በዚያም በውኃ አጠገብ ሰፈሩ።
ae3a66c0-bc05-556a-a908-311377268adf,b00e81ef-9082-52f0-a614-3ec34c846efd,013e163e-b011-5a64-a273-7ed453674c24,10,10,ከኤሊምም ተጕዘው በኤርትራ ባሕር ዳር ሰፈሩ።
5f7fe508-1241-5d57-ac7b-fdfd99e15428,b00e81ef-9082-52f0-a614-3ec34c846efd,013e163e-b011-5a64-a273-7ed453674c24,11,11,ከኤርትራም ባሕር ተጕዘው በሲና ምድረ በዳ ሰፈሩ።
8da80ae2-1b4f-544d-a214-f97fef8598a4,b00e81ef-9082-52f0-a614-3ec34c846efd,013e163e-b011-5a64-a273-7ed453674c24,12,12,ከሲና ምድረ በዳም ተጕዘው በራፋቃ ሰፈሩ።
bdde4a45-39c3-54c5-a317-9c0ea64b11df,b00e81ef-9082-52f0-a614-3ec34c846efd,013e163e-b011-5a64-a273-7ed453674c24,13,13,ከራፋቃም ተጕዘው በኤሉስ ሰፈሩ።
7efa77bd-ef0f-59f9-af7b-11def642b523,b00e81ef-9082-52f0-a614-3ec34c846efd,013e163e-b011-5a64-a273-7ed453674c24,14,14,ከኤሉስም ተጕዘው በራፊድን ሰፈሩ፤ በዚያም ሕዝቡ የሚጠጡት ውኃ አልነበረም።
776c3dbc-660b-5400-a8bf-662b732c5dae,b00e81ef-9082-52f0-a614-3ec34c846efd,013e163e-b011-5a64-a273-7ed453674c24,15,15,ከራፊድንም ተጕዘው በሲና ምድረ በዳ ሰፈሩ።
e92c13c3-ba14-541b-ab79-074284cb2c14,b00e81ef-9082-52f0-a614-3ec34c846efd,013e163e-b011-5a64-a273-7ed453674c24,16,16,ከሲና ምድረ በዳም ተጕዘው በምኞት መቃብር ሰፈሩ።
f324dc62-1e99-5c0a-a996-0789060bdf29,b00e81ef-9082-52f0-a614-3ec34c846efd,013e163e-b011-5a64-a273-7ed453674c24,17,17,ከምኞት መቃብርም ተጕዘው በአቤሮት ሰፈሩ።
4f8f0c4d-d981-579d-a586-1075caac583f,b00e81ef-9082-52f0-a614-3ec34c846efd,013e163e-b011-5a64-a273-7ed453674c24,18,18,ከአቤሮትም ተጕዘው በራታማ ሰፈሩ።
667f572a-ff37-5b8c-a5cf-90f3fe7db78f,b00e81ef-9082-52f0-a614-3ec34c846efd,013e163e-b011-5a64-a273-7ed453674c24,19,19,ከራታማም ተጕዘው በሬሞት ዘፋሬስ ሰፈሩ።
261cf565-38f6-5586-a79f-6c6225615bab,b00e81ef-9082-52f0-a614-3ec34c846efd,013e163e-b011-5a64-a273-7ed453674c24,20,20,ከሬሞት ዘፋሬስም ተጕዘው በልብና ሰፈሩ።
b902221d-b9cd-59be-a99a-7b9f77f39db8,b00e81ef-9082-52f0-a614-3ec34c846efd,013e163e-b011-5a64-a273-7ed453674c24,21,21,ከልብናም ተጕዘው በሪሳ ሰፈሩ።
939e2e81-4acd-5ab1-ad35-19ea5dd7243d,b00e81ef-9082-52f0-a614-3ec34c846efd,013e163e-b011-5a64-a273-7ed453674c24,22,22,ከሪሳም ተጕዘው በመቄላት ሰፈሩ።
84c6d6e5-3bd2-5791-a8de-ac9f34b7929a,b00e81ef-9082-52f0-a614-3ec34c846efd,013e163e-b011-5a64-a273-7ed453674c24,23,23,ከመቄላትም ተጕዘው በሳፋር ሰፈሩ።
122092e0-8224-5447-aa5a-bb76491436ce,b00e81ef-9082-52f0-a614-3ec34c846efd,013e163e-b011-5a64-a273-7ed453674c24,24,24,ከሳፋርም ተጕዘው በካሬደት ሰፈሩ።
3428c11b-e604-5026-a60d-1e8250999bad,b00e81ef-9082-52f0-a614-3ec34c846efd,013e163e-b011-5a64-a273-7ed453674c24,25,25,ከካሬደትም ተጕዘው በመቄሎት ሰፈሩ።
deca4bb7-a1c9-5970-a4a0-2d9be4cf50ed,b00e81ef-9082-52f0-a614-3ec34c846efd,013e163e-b011-5a64-a273-7ed453674c24,26,26,ከመቄሎትም ተጕዘው በቀጠአት ሰፈሩ።
b45a9c9b-62ca-59f3-a811-d283e9777e7c,b00e81ef-9082-52f0-a614-3ec34c846efd,013e163e-b011-5a64-a273-7ed453674c24,27,27,ከቀጠአትም ተጕዘው በተሪት ሰፈሩ።
42dbefea-6255-51f4-a28a-9b293afaa562,b00e81ef-9082-52f0-a614-3ec34c846efd,013e163e-b011-5a64-a273-7ed453674c24,28,28,ከተሪትም ተጕዘው በሚትቃ ሰፈሩ።
e7a6e230-f1d9-50a6-a678-827d96340349,b00e81ef-9082-52f0-a614-3ec34c846efd,013e163e-b011-5a64-a273-7ed453674c24,29,29,ከሚትቃም ተጕዘው በኤሴምና ሰፈሩ።
473f22d8-7bc7-5c31-aba2-194d47adfea7,b00e81ef-9082-52f0-a614-3ec34c846efd,013e163e-b011-5a64-a273-7ed453674c24,30,30,ከኤሴምናም ተጕዘው በመሱሩት ሰፈሩ።
d3cba803-4cd1-585b-a032-912d7bcf9044,b00e81ef-9082-52f0-a614-3ec34c846efd,013e163e-b011-5a64-a273-7ed453674c24,31,31,ከመሱሩትም ተጕዘው በብንያቅን ሰፈሩ።
72ae1c1b-a277-504c-a6b3-e7bb8bc13c1a,b00e81ef-9082-52f0-a614-3ec34c846efd,013e163e-b011-5a64-a273-7ed453674c24,32,32,ከብንያቅንም ተጕዘው በገድገድ ተራራ ሰፈሩ።
29aefa1d-e6b8-5ee5-a658-4749e8cff427,b00e81ef-9082-52f0-a614-3ec34c846efd,013e163e-b011-5a64-a273-7ed453674c24,33,33,ከገድገድም ተጕዘው በአጤቤት ሰፈሩ።
1e203b67-0765-5c94-a9d2-d5b3c84dc932,b00e81ef-9082-52f0-a614-3ec34c846efd,013e163e-b011-5a64-a273-7ed453674c24,34,34,ከአጤቤትም ተጕዘው በኤብሮና ሰፈሩ።
c3adaa9e-6cd0-5785-a5b2-9e711c610edd,b00e81ef-9082-52f0-a614-3ec34c846efd,013e163e-b011-5a64-a273-7ed453674c24,35,35,ከኤብሮናም ተጕዘው በጋስዮንጋቤር ሰፈሩ።
13952a19-8a63-5de1-a595-cba301d04c6d,b00e81ef-9082-52f0-a614-3ec34c846efd,013e163e-b011-5a64-a273-7ed453674c24,36,36,ከጋስዮንጋቤርም ተጕዘው በጺን ምድረ በዳ ሰፈሩ። ከጺን ምድረ በዳም ተጕዘው በፋራን ምድረ በዳ ሰፈሩ። ይህችም ቃዴስ ናት።
b5145ece-c296-5392-adf1-89ee5a3b7ec2,b00e81ef-9082-52f0-a614-3ec34c846efd,013e163e-b011-5a64-a273-7ed453674c24,37,37,ከቃዴስም ተጕዘው በኤዶምያስ ምድር ዳርቻ ባለው በሖር ተራራ ሰፈሩ።
fe2600be-c5a3-5ef5-a5d1-74719d810c32,b00e81ef-9082-52f0-a614-3ec34c846efd,013e163e-b011-5a64-a273-7ed453674c24,38,38,ካህኑም አሮን በእግዚአብሔር ትእዛዝ ወደ ሖር ተራራ ላይ ወጣ፤ በዚያም የእስራኤል ልጆች ከግብፅ ምድር ከወጡ በኋላ በአርባኛው ዓመት፥ በአምስተኛው ወር፥ ከወሩም በመጀመሪያው ቀን ሞተ።
a09aadd6-c428-5704-a867-74251123879c,b00e81ef-9082-52f0-a614-3ec34c846efd,013e163e-b011-5a64-a273-7ed453674c24,39,39,አሮንም በሖር ተራራ ላይ በሞተ ጊዜ ዕድሜው መቶ ሃያ ሦስት ዓመት ነበረ።
2c478919-0b9c-58f1-a565-efb4f8ee4608,b00e81ef-9082-52f0-a614-3ec34c846efd,013e163e-b011-5a64-a273-7ed453674c24,40,40,በከነዓን ምድርም ተቀምጦ የነበረው ከነዓናዊው የዓራድ ንጉሥ የእስራኤል ልጆች እንደ መጡ ሰማ።
4e54cc45-453a-5d09-ae4b-39bf30bd1edd,b00e81ef-9082-52f0-a614-3ec34c846efd,013e163e-b011-5a64-a273-7ed453674c24,41,41,እነርሱም ከሖር ተራራ ተጕዘው በሴልሞና ሰፈሩ።
1269ee2a-1aaa-5273-a55a-a58a38afe6b5,b00e81ef-9082-52f0-a614-3ec34c846efd,013e163e-b011-5a64-a273-7ed453674c24,42,42,ከሴልሞናም ተጕዘው በፌኖ ሰፈሩ።
7f510ef4-3d39-52f1-ad6f-08d52f96f935,b00e81ef-9082-52f0-a614-3ec34c846efd,013e163e-b011-5a64-a273-7ed453674c24,43,43,ከፌኖም ተጕዘው በአቦት ሰፈሩ።
163af636-731d-5057-a862-4fc2785f20f3,b00e81ef-9082-52f0-a614-3ec34c846efd,013e163e-b011-5a64-a273-7ed453674c24,44,44,ከአቦትም ተጕዘው በሞዓብ ዳርቻ ባለው በጋይ ሰፈሩ።
29dad3bb-43df-598a-ad14-67a1fbda614a,b00e81ef-9082-52f0-a614-3ec34c846efd,013e163e-b011-5a64-a273-7ed453674c24,45,45,ከጋይም ተጕዘው በዲቦንጋድ ሰፈሩ።
a85db0a1-d40b-54ae-a7cd-a549a7b57deb,b00e81ef-9082-52f0-a614-3ec34c846efd,013e163e-b011-5a64-a273-7ed453674c24,46,46,ከዲቦንጋድም ተጕዘው በጌልሞንዲብላታይም ሰፈሩ።
5259a605-976b-56e3-a694-607ab3d7c956,b00e81ef-9082-52f0-a614-3ec34c846efd,013e163e-b011-5a64-a273-7ed453674c24,47,47,ከጌልሞንዲብላታይምም ተጕዘው በናባው ፊት ባሉት በአባሪም ተራሮች ላይ ሰፈሩ።
f3f072fa-c65d-5a8c-ae94-42468b3aa5ac,b00e81ef-9082-52f0-a614-3ec34c846efd,013e163e-b011-5a64-a273-7ed453674c24,48,48,በናባው ፊት ካሉት ከአባሪም ተራሮችም ተጕዘው በዮርዳኖስ አጠገብ በኢያሪኮ በኩል ባለው በሞዓብ ምዕራብ ሰፈሩ።
f9bda52c-0c9d-56d0-a3ea-0735cd581c54,b00e81ef-9082-52f0-a614-3ec34c846efd,013e163e-b011-5a64-a273-7ed453674c24,49,49,በዮርዳኖስም አጠገብ በሞዓብ ምዕራብ ከአሲሞት መካከል እስከ አቤልሰጢም ድረስ ሰፈሩ።
5b2cd3ef-4e21-581c-a84f-aa3d10e8b818,b00e81ef-9082-52f0-a614-3ec34c846efd,5936c866-1c07-5410-a0e1-59dcf097fc2f,1,50,እግዚአብሔርም ሙሴን በዮርዳኖስ አጠገብ በኢያሪኮ በኩል በሞዓብ ምዕራብ እንዲህ ብሎ ተናገረው።
215e3428-9258-543d-a661-a6c05789d95b,b00e81ef-9082-52f0-a614-3ec34c846efd,5936c866-1c07-5410-a0e1-59dcf097fc2f,2,51,“ለእስራኤል ልጆች እንዲህ ብለህ ንገራቸው፦ ወደ ከነዓን ምድር ዮርዳኖስን ትሻገራላችሁ፤
3735aafd-58ce-5532-ab95-bb5c399e930a,b00e81ef-9082-52f0-a614-3ec34c846efd,5936c866-1c07-5410-a0e1-59dcf097fc2f,3,52,በዚያችም ምድር የሚኖሩትን ሁሉ ከፊታችሁ አጥፉአቸው፤ የተቀረጹትንም ድንጋዮቻቸውን ሁሉ ታጠፋላችሁ፤ ቀልጠው የተሠሩትንም ምስሎቻቸውን ሁሉ ታጠፋላችሁ፤ በኮረብታ ላይ ያሉትን መስገጃዎቻቸውንም ታፈርሳላችሁ፤
48fbb6f5-cdb4-50e6-ab62-655136293e49,b00e81ef-9082-52f0-a614-3ec34c846efd,5936c866-1c07-5410-a0e1-59dcf097fc2f,4,53,በዚያች ምድር የሚኖሩትንም አጥፍታችሁ በውስጥዋ ኑሩ። ምድሪቱን ለእናንተ ርስት አድርጌ ሰጥቼአችኋለሁና።
ad939d38-de0e-58e8-a087-641a2b0fee96,b00e81ef-9082-52f0-a614-3ec34c846efd,5936c866-1c07-5410-a0e1-59dcf097fc2f,5,54,ምድሪቱንም ትወርሳላችሁ፤ በየወገኖቻችሁም ትከፋፈሏታላችሁ፤ ለብዙዎች ድርሻቸውን አብዙላቸው፤ ለጥቂቶችም ድርሻቸውን ጥቂት አድርጉ፤ እያንዳንዱ ሁሉ ዕጣ እንደ ወደቀለት በዚያ ርስቱ ይሆናል፤ በየአባቶቻችሁ ነገዶች ትወርሳላችሁ።
e2595b7e-2cb4-599c-a3a6-91291ba0d6cd,b00e81ef-9082-52f0-a614-3ec34c846efd,5936c866-1c07-5410-a0e1-59dcf097fc2f,6,55,የሀገሩንም ስዎች ከፊታችሁ ባታሳድዱ፥ ያስቀራችኋቸው ለዐይናችሁ እንደ እሾህ፥ ለጐናችሁም እንደ አሜከላ ይሆኑባችኋል፤ በምትቀመጡባትም ምድር ያስጨንቁአችኋል።
20d2bec9-1524-5124-a20c-08fd940fc643,b00e81ef-9082-52f0-a614-3ec34c846efd,5936c866-1c07-5410-a0e1-59dcf097fc2f,7,56,እኔም በእነርሱ አደርገው ዘንድ ያሰብሁትን በእናንተ አደርግባችኋለሁ።”
54aa5f92-c95e-5928-a680-21a97ae89ad8,6211a58d-0e74-5573-a89a-73ef692082a0,18da78fa-28dd-50fb-ab13-b9aac0ddeba1,1,1,እግዚአብሔርም ሙሴን እንዲህ ብሎ ተናገረው፦
10c86eba-5211-5961-ae4c-a31205101e7f,6211a58d-0e74-5573-a89a-73ef692082a0,18da78fa-28dd-50fb-ab13-b9aac0ddeba1,2,2,“የእስራኤልን ልጆች እንዲህ ብለህ እዘዛቸው፦ እነሆ እናንተ ወደ ከነዓን ምድር ትገባላችሁ፤ የከነዓንም ምድር ከአውራጃዎችዋ ጋር ለእናንተ ርስት ትሆናለች።
b404a897-46a6-5e7c-a51c-c2453793628a,6211a58d-0e74-5573-a89a-73ef692082a0,18da78fa-28dd-50fb-ab13-b9aac0ddeba1,3,3,የአዜቡ ወገን ከጺን ምድረ በዳ በኤዶምያስ መያያዣ ይሆናል፤ የአዜብም ዳርቻ ከጨው ባሕር ዳር በምሥራቅ በኩል ይጀምራል፤
8598e8d4-4223-566c-a7d8-8f1aadf922b4,6211a58d-0e74-5573-a89a-73ef692082a0,18da78fa-28dd-50fb-ab13-b9aac0ddeba1,4,4,ዳርቻችሁም በአቅራቦን ዐቀበት በአዜብ በኩል ይዞራል፤ እስከ ኤናቅም ይደርሳል፤ መውጫውም በቃዴስ በርኔ በአዜብ በኩል ይሆናል፤ ወደ አራድ ሀገሮችም ይደርሳል፤ ወደ አሴሞናም ያልፋል፤
b01ab8ee-53b2-54bc-a139-a940159b6d45,6211a58d-0e74-5573-a89a-73ef692082a0,18da78fa-28dd-50fb-ab13-b9aac0ddeba1,5,5,ዳርቻውም ከአሴሞና ወደ ግብፅ ወንዝ ይዞራል፤ ወሰኑ ባሕሩ ይሆናል።
21545283-b558-5e35-ae1a-086beea055d6,6211a58d-0e74-5573-a89a-73ef692082a0,18da78fa-28dd-50fb-ab13-b9aac0ddeba1,6,6,“ለባሕርም ዳርቻ ታላቁ ባሕር ዳርቻችሁ ይሆናል፤ ይህ የባሕር ዳርቻችሁ ይሆናል።
d7ed64af-5216-5283-a2b5-12f9d94a4ae2,6211a58d-0e74-5573-a89a-73ef692082a0,18da78fa-28dd-50fb-ab13-b9aac0ddeba1,7,7,“በመስዕም በኩል ወሰናችሁ ከታላቁ ባሕር በተራራው በኩል ይሆንላችኋል።
cbfbd9a0-08de-539a-a2a9-d7978b86c454,6211a58d-0e74-5573-a89a-73ef692082a0,18da78fa-28dd-50fb-ab13-b9aac0ddeba1,8,8,ከተራራው እስከ ተራራው ድረስ ይሆንላችኋል፤ እስከ ኤማትም ይደርሳል፤ የዳርቻውም መውጫ በሰረደክ ይሆናል፤
6775f7ce-6e5b-5640-a7bd-d6b9f92e9ec6,6211a58d-0e74-5573-a89a-73ef692082a0,18da78fa-28dd-50fb-ab13-b9aac0ddeba1,9,9,ዳርቻውም ወደ ዲፍሮና ያልፋል፤ መውጫውም አርሴናይን ይሆናል፤ በመስዕ በኩል ያለው ወሰናችሁም በዚህ ይሁናችሁ።
562aafa0-f067-5b98-a87c-613fdbfe2c4e,6211a58d-0e74-5573-a89a-73ef692082a0,18da78fa-28dd-50fb-ab13-b9aac0ddeba1,10,10,“በምሥራቅ በኩል ያለው ወሰናችሁም ከሴፋማ አርሴናይን ጀምሮ ነው።
4f1a400a-1d49-5099-a8ae-86861130b896,6211a58d-0e74-5573-a89a-73ef692082a0,18da78fa-28dd-50fb-ab13-b9aac0ddeba1,11,11,ዳርቻውም ከሴፋማ በዐይን ምሥራቅ ወዳለው ወደ አርቤላ ይወርዳል፤ እስከ ኬኔሬት የባሕር ወሽመጥ በምሥራቅ በኩል ይደርሳል፤
89eafde6-1d4c-59c2-a2e5-81eedef08ae1,6211a58d-0e74-5573-a89a-73ef692082a0,18da78fa-28dd-50fb-ab13-b9aac0ddeba1,12,12,ዳርቻውም ወደ ዮርዳኖስ ይወርዳል፤ መውጫውም በጨው ባሕር ይሆናል። ምድራችሁ እንደ ዳርቻዋ በዙሪያዋ ይህች ናት።”
74329774-4d04-504d-aa45-bcfaeb8da8b2,6211a58d-0e74-5573-a89a-73ef692082a0,18da78fa-28dd-50fb-ab13-b9aac0ddeba1,13,13,ሙሴም የእስራኤልን ልጆች እንዲህ ብሎ አዘዛቸው፥ “እግዚአብሔር ለዘጠኙ ነገድና ለምናሴ ነገድ እኩሌታ ይሰጡአቸው ዘንድ እንደ አዘዘ በዕጣ የምትወርሱአት ምድር ይህች ናት፤
31591d29-a8e8-5f98-aa90-d17fb70c5570,6211a58d-0e74-5573-a89a-73ef692082a0,18da78fa-28dd-50fb-ab13-b9aac0ddeba1,14,14,የሮቤልም ልጆች ነገድ በየአባቶቻቸው ቤት፥ የጋድም ልጆች ነገድ በየአባቶቻቸው ቤት፥ የምናሴም ነገድ እኩሌታ ርስታቸውን ወርሰዋል።
d4aeb4ae-9ed0-5f7e-a09b-801fb6faeecc,6211a58d-0e74-5573-a89a-73ef692082a0,18da78fa-28dd-50fb-ab13-b9aac0ddeba1,15,15,እነዚህ ሁለቱ ነገድና የአንዱ ነገድ እኩሌታ ርስታቸውን በዮርዳኖስ ማዶ በኢያሪኮ አንጻር በምሥራቅ በኩል ወረሱ።”
d1f1e6ed-0bc1-57d2-a6aa-12276ce75916,6211a58d-0e74-5573-a89a-73ef692082a0,fa206d0a-e51c-5795-ae43-75895a48cce2,1,16,እግዚአብሔርም ሙሴን እንዲህ ብሎ፤ ተናገረው፦
583e9600-036c-5a03-a8c0-a36693d00be7,6211a58d-0e74-5573-a89a-73ef692082a0,fa206d0a-e51c-5795-ae43-75895a48cce2,2,17,“ምድሪቱን ርስት አድርገው የሚከፍሉላችሁ ሰዎች ስማቸው ይህ ነው፤ ካህኑ አልዓዛርና የነዌ ልጅ ኢያሱ።
c62c0ea6-b157-51ec-a756-628eb3b9bef8,6211a58d-0e74-5573-a89a-73ef692082a0,fa206d0a-e51c-5795-ae43-75895a48cce2,3,18,ምድሪቱንም ርስት አድርገው የሚያካፍሏቸው ከየነገዱ አንድ አንድ አለቃ ይወስዳሉ።
fefba608-98e2-5cb2-a573-2b4bbf50405b,6211a58d-0e74-5573-a89a-73ef692082a0,fa206d0a-e51c-5795-ae43-75895a48cce2,4,19,የሰዎቹም ስም ይህ ነው፤ ከይሁዳ ነገድ የዮፎኒ ልጅ ካሌብ፥
c3833bc9-584f-59ea-afd6-c9555a6bc402,6211a58d-0e74-5573-a89a-73ef692082a0,fa206d0a-e51c-5795-ae43-75895a48cce2,5,20,ከስምዖን ልጆች ነገድ የዓሚሁድ ልጅ ሰላምያል፥
e8dcce89-9f0d-52af-a01c-7900a525cb27,6211a58d-0e74-5573-a89a-73ef692082a0,fa206d0a-e51c-5795-ae43-75895a48cce2,6,21,ከብንያም ነገድ የኪስሎን ልጅ ኤልዳድ፥
ef143558-a715-502f-a94f-f74eae83dd4f,6211a58d-0e74-5573-a89a-73ef692082a0,fa206d0a-e51c-5795-ae43-75895a48cce2,7,22,ከዳን ልጆች ነገድ አንድ አለቃ የዮቅሊ ልጅ ባቂ፥
a8ac00c5-435c-5c6f-a147-d472cb6285ea,6211a58d-0e74-5573-a89a-73ef692082a0,fa206d0a-e51c-5795-ae43-75895a48cce2,8,23,ከዮሴፍም ልጆች ከምናሴ ልጆች ነገድ አንድ አለቃ የሱፊድ ልጅ አንሄል፥
6b6069b7-058c-56c1-abbc-7ce5daa37e9c,6211a58d-0e74-5573-a89a-73ef692082a0,fa206d0a-e51c-5795-ae43-75895a48cce2,9,24,ከኤፍሬም ልጆች ነገድ አንድ አለቃ የሳፍጣን ልጅ ቃሙሔል፥
484a2327-fa9c-5a39-af97-28a8949cb2e5,6211a58d-0e74-5573-a89a-73ef692082a0,fa206d0a-e51c-5795-ae43-75895a48cce2,10,25,ከዛብሎን ልጆች ነገድ አንድ አለቃ የበርናክ ልጅ ኤሊሳፈን፥
e7425cc6-024b-5606-a87e-7760a9f1a87b,6211a58d-0e74-5573-a89a-73ef692082a0,fa206d0a-e51c-5795-ae43-75895a48cce2,11,26,ከይሳኮር ልጆች ነገድ አንድ አለቃ የሖዛ ልጅ ፈልጥሔል፥
c4344606-59cc-52a9-a30d-225bf2bb6ba4,6211a58d-0e74-5573-a89a-73ef692082a0,fa206d0a-e51c-5795-ae43-75895a48cce2,12,27,ከአሴር ልጆች ነገድ አንድ አለቃ የሴሌሚ ልጅ አኪሖር፥
8bbc7f43-adf8-54b0-a7c0-4ef675b44c09,6211a58d-0e74-5573-a89a-73ef692082a0,fa206d0a-e51c-5795-ae43-75895a48cce2,13,28,ከንፍታሌም ልጆች ነገድ አንድ አለቃ የአሚሁድ ልጅ ፈዳሄል።
154368a0-01de-522a-a12a-71634218460e,6211a58d-0e74-5573-a89a-73ef692082a0,fa206d0a-e51c-5795-ae43-75895a48cce2,14,29,እግዚአብሔር በከነዓን ምድር ለእስራኤል ልጆች ርስታቸውን ይከፍሉ ዘንድ ያዘዛቸው እነዚህ ናቸው።”
c017b5ea-6db1-530e-a6e9-684206169857,3e77c06b-ee80-5c68-aa38-4cd0bdb43350,5761657e-7ba7-5942-a00f-c15ea6493c84,1,1,እግዚአብሔርም ሙሴን በዮርዳኖስ አጠገብ በኢያሪኮ አንጻር በሞዓብ ምዕራብ እንዲህ ብሎ ተናገረው፦
7d849150-7a4b-52b5-a4c0-657649c3668d,3e77c06b-ee80-5c68-aa38-4cd0bdb43350,5761657e-7ba7-5942-a00f-c15ea6493c84,2,2,“ሌዋውያን የሚቀመጡባቸውን ከተሞች ከሚካፈሉት ርስታቸው ይሰጡ ዘንድ የእስራኤልን ልጆች እዘዛቸው፤ በከተሞቹም ዙሪያ ያሉትን መሰማሪያዎች ለሌዋውያን ይስጡአቸው።
0943075d-1730-5cbc-a8f1-7c1d23e4834d,3e77c06b-ee80-5c68-aa38-4cd0bdb43350,5761657e-7ba7-5942-a00f-c15ea6493c84,3,3,ከተሞቹም ለእነርሱ መኖሪያ ይሆናሉ፤ መሰማርያቸውም ለከብቶቻቸውና ለእንስሶቻቸው ይሁን።
ffb1731b-4288-5b2c-a067-7a99bf6faa7e,3e77c06b-ee80-5c68-aa38-4cd0bdb43350,5761657e-7ba7-5942-a00f-c15ea6493c84,4,4,ለሌዋውያንም የምትሰጡት የከተማ መሰማርያ በከተማው ዙሪያ ከቅጥሩ ወደ ውጭ አንድ ሺህ ክንድ ይሁን።
85499997-e1ec-568e-aa32-703a97c89bda,3e77c06b-ee80-5c68-aa38-4cd0bdb43350,5761657e-7ba7-5942-a00f-c15ea6493c84,5,5,ከከተማው ውጭ በምሥራቅ በኩል ሁለት ሺህ ክንድ፥ በደቡብ በኩል ሁለት ሺህ ክንድ፥ በምዕራብ በኩል ሁለት ሺህ ክንድ፥ በሰሜንም በኩል ሁለት ሺህ ክንድ ትከነዳላችሁ፤ ከተማውም በመካከል ይሆናል፤ ይህም የከተሞቹ መሰማርያ ይሆንላቸዋል።
234a0e75-f4cb-56d4-a08a-2d96865c7cf8,3e77c06b-ee80-5c68-aa38-4cd0bdb43350,5761657e-7ba7-5942-a00f-c15ea6493c84,6,6,ለሌዋውያንም ከተሞችን ትሰጣላችሁ፤ ከምትሰጡአቸውም ከተሞች ስድስቱ ነፍሰ ገዳይ የሚሸሽባቸው የመማፀኛ ከተሞች ናቸው፤ ከእነዚህ ሌላ አርባ ሁለት ከተሞችን ትሰጣላችሁ።
efef6e2a-e653-5c2a-ad03-a4af545061aa,3e77c06b-ee80-5c68-aa38-4cd0bdb43350,5761657e-7ba7-5942-a00f-c15ea6493c84,7,7,ለሌዋውያን የምትሰጡአቸው ከተሞች ሁሉ አርባ ስምንት ከተሞች ይሆናሉ፤ እነዚህም ከመሰማርያዎቻቸው ጋር ናቸው።
0d3cecc0-a434-5801-a04f-f44acd966876,3e77c06b-ee80-5c68-aa38-4cd0bdb43350,5761657e-7ba7-5942-a00f-c15ea6493c84,8,8,ከእስራኤል ልጆች ርስት ለሌዋውያን የምትሰጡአቸውን ከተሞች እንዲህ ስጡ፤ ከብዙዎቹ ብዙ፥ ከጥቂቶቹ ጥቂት ትወስዳላችሁ፤ እያንዳንዱ እንደ ወረሱት እንደ ርስታቸው መጠን ከከተሞቻቸው ለሌዋውያን ይሰጣሉ።”
cd2cdad7-6f71-59bf-a66d-dbbeb6dc9d44,3e77c06b-ee80-5c68-aa38-4cd0bdb43350,74385720-b76f-5430-af83-9ff3af534f62,1,9,እግዚአብሔርም ሙሴን እንዲህ ብሎ ተናገረው፦
55507cfe-a3a4-52a9-a9d3-ede7648a436a,3e77c06b-ee80-5c68-aa38-4cd0bdb43350,74385720-b76f-5430-af83-9ff3af534f62,2,10,“ለእስራኤል ልጆች እንዲህ ብለህ ንገራቸው፦
a8e30956-66a8-54f0-a718-4f6fbecfa4da,3e77c06b-ee80-5c68-aa38-4cd0bdb43350,74385720-b76f-5430-af83-9ff3af534f62,3,11,እነሆ፥ ወደ ከነዓን ምድር ዮርዳኖስን ትሻገራላችሁ፤ ባላማወቅ ነፍስ የገደለ ወደዚያ ይሸሽ ዘንድ የመማፀኛ ከተሞች እንዲሆኑላችሁ ከተሞችን ለእናንተ ለዩ።
131c813e-34c4-5687-a7e5-172f49776c97,3e77c06b-ee80-5c68-aa38-4cd0bdb43350,74385720-b76f-5430-af83-9ff3af534f62,4,12,ነፍሰ ገዳዩ በማኅበሩ ፊት ለፍርድ እስከሚቆም ድረስ እንዳይሞት፥ ከተሞቹ ከደም ተበቃይ የመማፀኛ ከተሞች ይሁኑላችሁ።
9ce91337-6ce4-549b-aa2e-3d2acb29fcd1,3e77c06b-ee80-5c68-aa38-4cd0bdb43350,74385720-b76f-5430-af83-9ff3af534f62,5,13,የምትሰጡአቸውም ስድስቱ ከተሞች የመማፀኛ ከተሞች ይሁኑላችሁ።
6046e528-2f64-5fd0-a3fd-dc34572ffcd4,3e77c06b-ee80-5c68-aa38-4cd0bdb43350,74385720-b76f-5430-af83-9ff3af534f62,6,14,በዮርዳኖስ ማዶ ሦስት ከተሞችን ትለያላችሁ፤ በከነዓንም ምድር ሦስት ከተሞችን ትለያላችሁ፤ የመማፀኛ ከተሞችም ይሆናሉ።
b2fb54a9-abd2-5d36-a39f-6c87c90caa21,3e77c06b-ee80-5c68-aa38-4cd0bdb43350,74385720-b76f-5430-af83-9ff3af534f62,7,15,ባለማወቅ ነፍስ የገደለ ሁሉ ይሸሽባቸው ዘንድ እነዚህ ስድስት ከተሞች ለእስራኤል ልጆች፥ በመካከላቸውም ለሚቀመጡ እንግዶችና መጻተኞች መማፀኛ ይሆናሉ።
04c2e4c4-cd8f-59d5-a3e6-0657e3c57a1d,3e77c06b-ee80-5c68-aa38-4cd0bdb43350,74385720-b76f-5430-af83-9ff3af534f62,8,16,“በብረት መሣሪያ ቢመታው፥ ቢሞትም ነፍሰ ገዳይ ነው፤ ነፍሰ ገዳዩም ፈጽሞ ይገደል።
980fb474-6bdd-50a1-a1bb-efd02d3a42f5,3e77c06b-ee80-5c68-aa38-4cd0bdb43350,74385720-b76f-5430-af83-9ff3af534f62,9,17,ሰውም በሚሞትበት በእጁ ባለው ድንጋይ ቢመታው፥ የተመታውም ቢሞት፥ እርሱ ነፍሰ ገዳይ ነው፤ ነፍሰ ገዳዩም ፈጽሞ ይገደል።
dbd0f8f7-69fc-55a9-a90c-59eb34709169,3e77c06b-ee80-5c68-aa38-4cd0bdb43350,74385720-b76f-5430-af83-9ff3af534f62,10,18,ሰውም በሚሞትበት በእጁ ባለው በእንጨት መሣሪያ ቢመታው፥ የተመታውም ቢሞት፥ እርሱ ነፍሰ ገዳይ ነው፤ ነፍሰ ገዳዩም ፈጽሞ ይገደል።
734e6676-2417-53ff-a042-0b76ba588428,3e77c06b-ee80-5c68-aa38-4cd0bdb43350,74385720-b76f-5430-af83-9ff3af534f62,11,19,ደም ተበቃዩ ራሱ ነፍሰ ገዳዩን ይግደል፤ ባገኘው ጊዜ ይግደለው።
62b4f083-2dec-5109-a014-3f972616c296,3e77c06b-ee80-5c68-aa38-4cd0bdb43350,74385720-b76f-5430-af83-9ff3af534f62,12,20,ጥል ቢጣላው፥ ወይም ሸምቆ አንዳች ነገር ቢጥልበት፥ ቢሞትም፥
0a3b886b-bf6a-5212-ac7d-9ebabefc4372,3e77c06b-ee80-5c68-aa38-4cd0bdb43350,74385720-b76f-5430-af83-9ff3af534f62,13,21,ወይም በጥላቻ እስኪሞት ድረስ በእጁ ቢመታው፥ የመታው ፈጽሞ ይገደል፤ ነፍሰ ገዳይ ነው፤ ባለ ደሙ ወይም ተበቃዩ ባገኘው ጊዜ ነፍሰ ገዳዩን ይግደለው።
bc32e7e5-1fb9-5a56-a709-2a1d68260d4c,3e77c06b-ee80-5c68-aa38-4cd0bdb43350,74385720-b76f-5430-af83-9ff3af534f62,14,22,“ነገር ግን ያለ ጥላቻ ድንገት ቢደፋው፥ ሳይሸምቅም አንዳች ነገር ቢጥልበት፥
f058c15e-f9c1-557e-a90f-fe62ce8faa31,3e77c06b-ee80-5c68-aa38-4cd0bdb43350,74385720-b76f-5430-af83-9ff3af534f62,15,23,ወይም ሳያየው እስኪሞት ድረስ ሰው የሚሞትበትን ድንጋይ ቢጥልበት፥
71c8e66c-8616-5c01-a05a-3dbfd2598d8b,3e77c06b-ee80-5c68-aa38-4cd0bdb43350,74385720-b76f-5430-af83-9ff3af534f62,16,24,ጠላቱም ባይሆን፥ ክፉም ያደርግበት ዘንድ ባይሻ፥ ማኅበሩ በመቺውና በባለ ደሙ መካከል ፍርድን እንደዚህ ይፍረዱ፤
eaf3a9d7-fc88-5be0-a7db-81d226d10f72,3e77c06b-ee80-5c68-aa38-4cd0bdb43350,74385720-b76f-5430-af83-9ff3af534f62,17,25,ማኅበሩም ነፍሰ ገዳዩን ከባለ ደሙ እጅ ያድኑታል፤ ማኅበሩም ወደ ሸሸበት ወደ መማፀኛው ከተማ ይመልሱታል፤ በቅዱስ ዘይትም የተቀባው ታላቁ ካህን እስኪሞት ድረስ በዚያ ይቀመጣል።
f6fbed5b-7fbe-5156-a0a0-caac4603a30e,3e77c06b-ee80-5c68-aa38-4cd0bdb43350,74385720-b76f-5430-af83-9ff3af534f62,18,26,ነፍሰ ገዳዩ ግን ከሸሸበት ከመማፀኛው ከተማ ዳርቻ ቢወጣ፥ ባለ ደሙም ከመማፀኛው ከተማ ዳርቻ ውጭ ቢያገኘው፥
bc3f2d97-0554-5012-ac85-cb662a3265a1,3e77c06b-ee80-5c68-aa38-4cd0bdb43350,74385720-b76f-5430-af83-9ff3af534f62,19,27,ባለ ደሙም ነፍሰ ገዳዩን ቢገድለው፥ በደል የለበትም፤
8a536fcc-6c33-52f2-aff5-cc2f796e962e,3e77c06b-ee80-5c68-aa38-4cd0bdb43350,74385720-b76f-5430-af83-9ff3af534f62,20,28,ታላቁ ካህን እስኪሞት ድረስ በመማፀኛው ከተማ ውስጥ መቀመጥ ይገባው ነበርና። ታላቁ ካህን ከሞተ በኋላ ግን ነፍሰ ገዳዩ ወደ ርስቱ ምድር ይመለሳል።
fcc3d03d-7d9b-5a89-ac5f-90c8cb4da3c1,3e77c06b-ee80-5c68-aa38-4cd0bdb43350,74385720-b76f-5430-af83-9ff3af534f62,21,29,“እነዚህም ነገሮች ለልጅ ልጃችሁ በማደሪያችሁ ሁሉ ሥርዐትና ፍርድ ይሁኑላችሁ።
48b23f6f-69ac-57fc-a717-4267c8a15a45,3e77c06b-ee80-5c68-aa38-4cd0bdb43350,74385720-b76f-5430-af83-9ff3af534f62,22,30,ነፍሰ ገዳይ ሁሉ በምስክሮች ቃል ይገደላል፤ በአንድ ምስክር ግን ማናቸውንም ሰው መግደል አይገባም።
d03e4e3f-8803-504f-ae10-9732999664c5,3e77c06b-ee80-5c68-aa38-4cd0bdb43350,74385720-b76f-5430-af83-9ff3af534f62,23,31,ሞት የተፈረደበትን ነፍሰ ገዳዩንም ለማዳን የነፍስ ዋጋ አትቀበሉ፤ እርሱ ፈጽሞ ይገደል።
d573121f-2ad1-5992-a75d-3f51cb7dfe09,3e77c06b-ee80-5c68-aa38-4cd0bdb43350,74385720-b76f-5430-af83-9ff3af534f62,24,32,ታላቁ ካህን እስኪሞት ወደ ምድሩ ትመልሱት ዘንድ ወደ መማፀኛው ከተማ ከሸሸው ዋጋ አትቀበሉ።
24fe4596-5219-570e-a034-dc0f9bbe053d,3e77c06b-ee80-5c68-aa38-4cd0bdb43350,74385720-b76f-5430-af83-9ff3af534f62,25,33,ምድርን የሚያረክሳት ደም ነውና የምትኖሩባትን ምድር በነፍስ ግድያ አታርክሷት። ምድሪቱም በደም አፍሳሹ ደም ካልሆነ በቀር ከፈሰሰባት ደም አትነጻም።
7856bfe7-c042-5260-ace0-7c2c35f50248,3e77c06b-ee80-5c68-aa38-4cd0bdb43350,74385720-b76f-5430-af83-9ff3af534f62,26,34,እናንተ በውስጥዋ የምትኖሩባትን፥ እኔም ከእናንተ ጋር የማድርባትን ምድር አታርክሱኣት፤ በእስራኤል ልጆች መካከል የማድር እኔ እግዚአብሔር ነኝና።”
bde4ef18-8071-5990-a4c4-467ad09ee7d9,be8159c3-1b76-59f7-a536-211565a37a51,20530af1-e515-5c04-a551-4da9e4d7ee8e,1,1,ከዮሴፍ ልጆች ወገኖች የምናሴ ልጅ የማኪር ልጅ የገለዓድ ልጆች ወገን አለቆች መጡ፤ በሙሴና በካህኑ በአልዓዛር፥ በእስራኤልም ልጆች አባቶች አለቆች ፊት ተናገሩ፤ አሉም፦
f2dfd4d8-5875-5435-a762-81c8a02e3eda,be8159c3-1b76-59f7-a536-211565a37a51,20530af1-e515-5c04-a551-4da9e4d7ee8e,2,2,“ምድሪቱን ለእስራኤል ልጆች ርስት አድርጎ በዕጣ ከፍሎ ይሰጣቸው ዘንድ እግዚአብሔር ጌታችንን አዘዘው፤ እግዚአብሔርም የወንድማችንን የሰለጰዓድን ርስት ለሴቶች ልጆቹ ይሰጣቸው ዘንድ ጌታችንን አዘዘው።
54a2c3cb-b096-5cdb-af6d-76a2f2c40973,be8159c3-1b76-59f7-a536-211565a37a51,20530af1-e515-5c04-a551-4da9e4d7ee8e,3,3,ከሌላም ከእስራኤል ልጆች ነገድ ባል ቢያገቡ፥ ርስታቸው ከአባቶቻችን ርስት ይነቀላል፤ እነርሱም ለሚገቡበት ለሌላው ነገድ ርስት ይጨመራል፤ እንደዚህም የርስታችን ዕጣ ይጐድላል።
4b2165d9-2544-5f27-a421-870e2a7f6931,be8159c3-1b76-59f7-a536-211565a37a51,20530af1-e515-5c04-a551-4da9e4d7ee8e,4,4,ለእስራኤልም ልጆች ኢዮቤልዩ በሆነ ጊዜ ርስታቸው ሴቶቹ ወደ አገቡበት ወደ ሌላ ነገድ ርስት ይጨመራል፤ እነሆ፥ ርስታቸው ከአባቶቻችን ነገድ ርስት ይጐድላል።”
f0eddc3d-64ed-58d3-a027-1b00b239d4ed,be8159c3-1b76-59f7-a536-211565a37a51,20530af1-e515-5c04-a551-4da9e4d7ee8e,5,5,ሙሴም የእስራኤልን ልጆች እንደ እግዚአብሔር ቃል እንዲህ ብሎ አዘዛቸው፥ “የዮሴፍ ልጆች ነገድ በእውነት ተናገሩ።
62399041-3a89-556b-a171-8896c2843980,be8159c3-1b76-59f7-a536-211565a37a51,20530af1-e515-5c04-a551-4da9e4d7ee8e,6,6,እግዚአብሔር ስለ ሰለጰዓድ ሴቶች ልጆች ያዘዘው ነገር ይህ ነው፤ የወደዱትን ያግቡ፤ ነገር ግን ከአባታቸው ነገድ ብቻ ያግቡ።
d3900e6f-bca8-5808-a009-e946768c9a67,be8159c3-1b76-59f7-a536-211565a37a51,20530af1-e515-5c04-a551-4da9e4d7ee8e,7,7,እንደዚህም የእስራኤል ልጆች ርስት ከነገድ ወደ ነገድ ምንም አይተላለፍ፤ ከእስራኤልም ልጆች እያንዳንዱ ወደ አባቶቹ ነገድ ርስት ይጠጋ።
76f44d92-9df5-5b24-af89-0b9e60ed17d0,be8159c3-1b76-59f7-a536-211565a37a51,20530af1-e515-5c04-a551-4da9e4d7ee8e,8,8,ከእስራኤልም ልጆች እያንዳንዱ ሰው የአባቶቹን ርስት ይወርስ ዘንድ፥ ከእስራኤል ልጆች ነገድ ሁሉ፥ ርስት ያላት ሴት ልጅ ሁሉ ከአባቷ ነገድ ባል ታግባ።
e6188de7-df6c-558d-ae9d-85816db1a38c,be8159c3-1b76-59f7-a536-211565a37a51,20530af1-e515-5c04-a551-4da9e4d7ee8e,9,9,እንደዚህም ከአንድ ነገድ ወደ ሌላ ነገድ ምንም ርስት አይተላለፍ። ከእስራኤልም ልጆች ነገድ እያንዳንዱ ወደ ርስቱ ይጠጋ።”
0c2b92e2-0cd7-5ebd-a68a-701d1a5eabca,be8159c3-1b76-59f7-a536-211565a37a51,20530af1-e515-5c04-a551-4da9e4d7ee8e,10,10,እግዚአብሔርም ሙሴን እንዳዘዘው እንዲሁ የሰለጰዓድ ሴቶች ልጆች አደረጉ።
5c2d0c7e-f771-5e8d-aaea-e523737658f4,be8159c3-1b76-59f7-a536-211565a37a51,20530af1-e515-5c04-a551-4da9e4d7ee8e,11,11,የሰለጰዓድ ሴቶች ልጆች መሐላ፥ ቴርሳ፥ ሄግላ፥ ሚልካ፥ ኑኃ ከአባታቸው ወንድሞች ልጆች ጋር ተጋቡ።
1bff3799-ef04-546c-a83c-90edcd8de0b5,be8159c3-1b76-59f7-a536-211565a37a51,20530af1-e515-5c04-a551-4da9e4d7ee8e,12,12,ከዮሴፍ ልጅ ከምናሴ ልጆች ወገኖች ባሎቻቸውን አገቡ፥ ርስታቸውም በአባታቸው ነገድ ጸና።
75f6f208-6e14-53c3-a6ba-96588a33e025,be8159c3-1b76-59f7-a536-211565a37a51,20530af1-e515-5c04-a551-4da9e4d7ee8e,13,13,እግዚአብሔር በሙሴ እጅ የእስራኤልን ልጆች በዮርዳኖስ አጠገብ በኢያሪኮ አንጻር በሞዓብ ምዕራብ ያዘዛቸው ትእዛዝ፥ ሥርዐትና ፍርድ እነዚህ ናቸው።
92c922b6-e272-514a-a03a-1b91b74fccb6,b6868e29-1cb7-567c-ae7b-356bb0abf429,8d380bed-8550-546a-ae47-58b47ca42c6f,1,1,በዮርዳኖስ ማዶ በምድረ በዳ፥ በምዕራብ በኩል በኤርትራ ባሕር አጠገብ በፋራንና በጦፌል፥ በላባንና በአውሎን፥ በካታኪሪሲያም መካከል፥ ሙሴ ለእስራኤል ሁሉ፥ የነገራቸው ቃላት እኒህ ናቸው።
50236b6e-bd81-50bb-aec1-972867e8b8fb,b6868e29-1cb7-567c-ae7b-356bb0abf429,8d380bed-8550-546a-ae47-58b47ca42c6f,2,2,በሴይር ተራራ መንገድ ከኮሬብ እስከ ቃዴስ በርኔ ድረስ የዐሥራ አንድ ቀን ጕዞ ነው።
4fa5b40f-acfb-54a0-aee9-027e409ea91a,b6868e29-1cb7-567c-ae7b-356bb0abf429,8d380bed-8550-546a-ae47-58b47ca42c6f,3,3,በአርባኛው ዓመት በዐሥራ አንደኛው ወር ከወሩም በመጀመሪያው ቀን፥ ሙሴ እንዲነግራቸው እግዚአብሔር ስለ እነርሱ ያዘዘውን ሁሉ ለእስራኤል ልጆች ነገራቸው፤
94f5d838-477f-5adb-a57e-cad515e87972,b6868e29-1cb7-567c-ae7b-356bb0abf429,8d380bed-8550-546a-ae47-58b47ca42c6f,4,4,በሐሴቦን ተቀምጦ የነበረውን የአሞሬዎናውያንን ንጉሥ ሴዎንን፥ በአስጣሮትና በኤድራይን ተቀምጦ የነበረውንም የባሳንን ንጉሥ ዐግን ከገደሉት በኋላ፥
be179b07-68ca-50e1-a1d4-1e4c533401b7,b6868e29-1cb7-567c-ae7b-356bb0abf429,8d380bed-8550-546a-ae47-58b47ca42c6f,5,5,በዮርዳኖስ ማዶ በሞዓብ ምድር ሙሴ እንዲህ ብሎ ይህን ሕግ ይገልጥ ጀመር፦
6e4a800c-d9c0-586e-aa29-b7674c33d33b,b6868e29-1cb7-567c-ae7b-356bb0abf429,8d380bed-8550-546a-ae47-58b47ca42c6f,6,6,“አምላካችን እግዚአብሔር በኮሬብ እንዲህ ብሎ ተናገረን፦ በዚህ ተራራ መቀመጣችሁ በቃ፤
2bf03e0b-d5a4-5d0a-afb7-63408dca75b8,b6868e29-1cb7-567c-ae7b-356bb0abf429,8d380bed-8550-546a-ae47-58b47ca42c6f,7,7,ተመልሳችሁ ተጓዙ፤ ወደ አሞራውያን ተራራ፥ ወደ አረባም ሀገሮች ሁሉ፥ በተራራውም፥ በሜዳውም፥ በሊባም፥ በባሕርም ዳር ወዳሉ ወደ ከነዓናውያን ምድር፥ ወደ ሊባኖስም ፊት ለፊት እስከ ታላቁ ወንዝ እስከ ኤፍራጥስ ድረስ ሂዱ።
f9a2fbcd-bc39-52d4-a5f3-1fc34caae632,b6868e29-1cb7-567c-ae7b-356bb0abf429,8d380bed-8550-546a-ae47-58b47ca42c6f,8,8,እነሆ፥ ምድሪቱን ሰጠኋችሁ፤ ግቡ፥ እግዚአብሔር ለእነርሱ፥ ከእነርሱም በኋላ ለዘራቸው ይሰጣት ዘንድ ለአባቶቻችሁ ለአብርሃምና ለይስሐቅ ለያዕቆብም የማለላቸውን ምድር ውረሱ።
880cd865-1d6e-56a7-a823-e2f740d2d39d,b6868e29-1cb7-567c-ae7b-356bb0abf429,8e9855fa-951f-512f-a0b8-75423fbfb8ac,1,9,“በዚያም ዘመን እንዲህ ብዬ ተናገርኋችሁ፦ እኔ ብቻዬን ልሸከማችሁ አልችልም፤
20f35941-7d35-59e1-ae1f-84df1da0996d,b6868e29-1cb7-567c-ae7b-356bb0abf429,8e9855fa-951f-512f-a0b8-75423fbfb8ac,2,10,አምላካችሁ እግዚአብሔር አብዝቶአችኋልና፥ እነሆም፥ እናንተ ዛሬ እንደ ሰማይ ከዋክብት ብዙዎች ናችሁ።
3cae96db-d067-5ff0-a355-431fa6b80d75,b6868e29-1cb7-567c-ae7b-356bb0abf429,8e9855fa-951f-512f-a0b8-75423fbfb8ac,3,11,የአባቶቻችሁ አምላክ እግዚአብሔር በዚህ ቍጥር ላይ እልፍ አእላፋት ይጨምር፤ እንደ ተናገራችሁም ይባርካችሁ።
4fca109c-4c48-5b19-a024-dec4333ffb89,b6868e29-1cb7-567c-ae7b-356bb0abf429,8e9855fa-951f-512f-a0b8-75423fbfb8ac,4,12,እኔ ብቻዬን ድካማችሁን፥ ሸክማችሁንም፥ ክርክራችሁንም እሸከም ዘንድ እንዴት እችላለሁ?
d4f0555f-745b-5f72-aafe-760afa001b2b,b6868e29-1cb7-567c-ae7b-356bb0abf429,8e9855fa-951f-512f-a0b8-75423fbfb8ac,5,13,ከእናንተ ከየነገዳችሁ ጥበበኞች፥ አስተዋዮችም፥ ዐዋቂዎችም የሆኑትን ሰዎች አምጡ፤ እኔም በላያችሁ አለቆች አደርጋቸዋለሁ።
674a21af-27f5-5a0a-a9b4-a8d1e4ec4cb2,b6868e29-1cb7-567c-ae7b-356bb0abf429,8e9855fa-951f-512f-a0b8-75423fbfb8ac,6,14,እናንተም፦ ‘እናደርገው ዘንድ የተናገርኸው ይህ ነገር መልካም ነው’ ብላችሁ መልሳችሁ ነገራችሁኝ።
a48b440a-6f2f-5cd8-accd-b3726b020fb2,b6868e29-1cb7-567c-ae7b-356bb0abf429,8e9855fa-951f-512f-a0b8-75423fbfb8ac,7,15,ከእናንተም ጥበበኞችና ዐዋቂዎች፥ አስተዋዮችም የሆኑትን ሰዎች ወሰድሁ፤ በእናንተም ላይ አለቆች፥ የሻለቆችም፥ የመቶ አለቆችም፥ የአምሳ አለቆችም፥ የዐሥር አለቆችም፥ ለፈራጆቻችሁም ጻፎች አድርጌ ሰየምኋቸው።
f5ed7be4-49a5-5226-aad3-ad8722bfa868,b6868e29-1cb7-567c-ae7b-356bb0abf429,8e9855fa-951f-512f-a0b8-75423fbfb8ac,8,16,በዚያን ጊዜ ፈራጆቻችሁን አዘዝኋቸው። አልኋቸውም፦ የወንድሞቻችሁን ነገር ስሙ፤ በሰውና በወንድሙ፥ ከእርሱም ጋር ባለው መጻተኛ መካከል በጽድቅ ፍረዱ።
edfd3b15-c360-556e-a4a0-4047277ffc25,b6868e29-1cb7-567c-ae7b-356bb0abf429,8e9855fa-951f-512f-a0b8-75423fbfb8ac,9,17,በፍርድም ፊት አትዩ፤ ለትልቁም፥ ለትንሹም በእውነት ፍረዱ፤ ለሰው ፊት አታድሉ፤ ፍርድ የእግዚአብሔር ነውና። አንድ ነገር ቢከብዳችሁ እርሱን ወደ እኔ አምጡት፤ እኔም እሰማዋለሁ፤
26502cba-9bf7-518e-aabf-7c365700e57d,b6868e29-1cb7-567c-ae7b-356bb0abf429,8e9855fa-951f-512f-a0b8-75423fbfb8ac,10,18,በዚያን ጊዜም ልታደርጉት የሚገባችሁን ነገር ሁሉ አዘዝኋችሁ።
7cf8c8d6-0dbc-53fa-af27-3396d707fec7,b6868e29-1cb7-567c-ae7b-356bb0abf429,1ae18dd8-e7b6-55ba-a026-b9d39dc9be06,1,19,“ከኮሬብም ተጓዝን፤ አምላካችን እግዚአብሔርም እንዳዘዘን በታላቁ፥ እጅግም በሚያስፈራ በዚያ ባያችሁት ምድረ በዳ ሁሉ በኩል በአሞሬዎን ተራራ መንገድ ሄድን፤ ወደ ቃዴስ በርኔም መጣን።
81084d20-c20f-516f-a3da-15c61bb96c23,b6868e29-1cb7-567c-ae7b-356bb0abf429,1ae18dd8-e7b6-55ba-a026-b9d39dc9be06,2,20,እኔም አልኋችሁ፦ አምላካችን እግዚአብሔር እስከ ሰጣችሁ እስከ አሞሬዎን ተራራ ኑ፤
a36b7fd0-9152-5c67-ac80-a68b9c28b1ab,b6868e29-1cb7-567c-ae7b-356bb0abf429,1ae18dd8-e7b6-55ba-a026-b9d39dc9be06,3,21,እነሆ፥ አምላካችሁ እግዚአብሔር ምድሪቱን በፊታችሁ እንደ ሰጣችሁ እዩ፤ የአባቶቻችሁ አምላክ እግዚአብሔር እንዳላችሁ ውጡ፤ ውረሷት፤ አትፍሩ፤ አትደንግጡም።
befbd806-6376-593a-ad86-a6de7b0d3d82,b6868e29-1cb7-567c-ae7b-356bb0abf429,1ae18dd8-e7b6-55ba-a026-b9d39dc9be06,4,22,እናንተም ሁላችሁ ወደ እኔ ቀርባችሁ፦ ምድሪቱን እንዲሰልሉልንና እንወጣባት ዘንድ የሚገባንን የመንገዱንና የምንገባባቸውን የእነዚያን ከተሞች ወሬ ተመልሰው እንዲነግሩን በፊታችን ሰዎች እንላክ አላችሁኝ።
30f016f7-a011-57e4-a2cc-501bbe6e4add,b6868e29-1cb7-567c-ae7b-356bb0abf429,1ae18dd8-e7b6-55ba-a026-b9d39dc9be06,5,23,ያም ነገር ደስ አሰኘኝ፤ ከእናንተም ዐሥራ ሁለት ሰው ወሰድሁ፤ ከየነገዱ ሁሉ አንድ አንድ ሰው ነበረ።
262b15e4-06f7-5701-a62a-a49d3240d697,b6868e29-1cb7-567c-ae7b-356bb0abf429,1ae18dd8-e7b6-55ba-a026-b9d39dc9be06,6,24,ሄዱም፤ ወደ ተራራውም ወጡ፤ ወደ ወይን ዘለላ ሸለቆ መጥተው ሰለሉአት።
56b24b16-83ae-5940-ab54-eaa83c18f6c8,b6868e29-1cb7-567c-ae7b-356bb0abf429,1ae18dd8-e7b6-55ba-a026-b9d39dc9be06,7,25,ከምድሪቱም ፍሬ በእጃቸው ወሰዱ፤ ወደ እኛም ይዘውት መጡ፦ ‘አምላካችን እግዚአብሔር የሚሰጠን ምድር መልካም ናት አሉን፤’
63639439-7513-5168-adfa-7403cd58d4de,b6868e29-1cb7-567c-ae7b-356bb0abf429,1ae18dd8-e7b6-55ba-a026-b9d39dc9be06,8,26,“ወደ እርስዋ መውጣትንም እንቢ አላችሁ፤ በአምላካችሁ በእግዚአብሔር ትእዛዝ ላይም ዐመፃችሁ፤
82b22d60-2bfb-521f-a572-890795146f80,b6868e29-1cb7-567c-ae7b-356bb0abf429,1ae18dd8-e7b6-55ba-a026-b9d39dc9be06,9,27,በድንኳናችሁም ውስጥ እንዲህ እያላችሁ አጕረመረማችሁ፦ ‘እግዚአብሔር ስለ ጠላን እንዲያጠፋን በአሞሬዎናውያን እጅ አሳልፎ ይሰጠን ዘንድ ከግብፅ ምድር አወጣን።
be5db4ce-b144-5d04-aa90-4364fba9c78e,b6868e29-1cb7-567c-ae7b-356bb0abf429,1ae18dd8-e7b6-55ba-a026-b9d39dc9be06,10,28,ወዴት እንወጣለን? ሕዝቡ ታላቅና ብዙ ነው፤ ከእኛም ይጠነክራሉ፤ ከተሞቹም ታላላቆች፥ የተመሸጉም፥ እስከ ሰማይም የደረሱ ናቸው፤ የረዐይትንም ልጆች ደግሞ በዚያ አየናቸው ብለው ወንድሞቻችን ልባችንን አስፈሩት።’
1f572805-628b-566f-a2f2-4fac6d85d6b6,b6868e29-1cb7-567c-ae7b-356bb0abf429,1ae18dd8-e7b6-55ba-a026-b9d39dc9be06,11,29,እኔም አልኋችሁ፦ አትደንግጡ፤ ከእነርሱም አትፍሩ፤
0a3285da-1fdb-5ded-a723-5e2b5bcd3a7c,b6868e29-1cb7-567c-ae7b-356bb0abf429,1ae18dd8-e7b6-55ba-a026-b9d39dc9be06,12,30,በፊታችሁ የሚሄደው አምላካችሁ እግዚአብሔር፥ በግብፅ ምድር እንዳደረገላችሁ ሁሉ፥ ስለ እናንተ አብሮአችሁ ይዋጋል፤
c9612440-18fc-58f5-a447-b55cdc81995e,b6868e29-1cb7-567c-ae7b-356bb0abf429,1ae18dd8-e7b6-55ba-a026-b9d39dc9be06,13,31,ወደዚህም ስፍራ እስክትመጡ ድረስ በሄዳችሁበት መንገድ ሁሉ፥ ሰው ልጁን እንዲመግብ አምላካችሁ እግዚአብሔር በምድረ በዳ እንደመገባችሁ እናንተ አይታችኋል።
ebdbf08f-cf57-52a0-a9f6-579c14ce66b5,b6868e29-1cb7-567c-ae7b-356bb0abf429,1ae18dd8-e7b6-55ba-a026-b9d39dc9be06,14,32,ዳሩ ግን በዚህ ነገር አምላካችሁ እግዚአብሔርን አላመናችሁትም።
e8720b06-e7c7-5cb5-af22-5fd7876a345b,b6868e29-1cb7-567c-ae7b-356bb0abf429,1ae18dd8-e7b6-55ba-a026-b9d39dc9be06,15,33,እርሱም ስፍራን እንዲመርጥላችሁ፥ ትሄዱበትም ዘንድ የሚገባውን መንገድ እንዲያሳያችሁ ሌሊት በእሳት፥ ቀን በደመና በፊታችሁ በመንገድ ሲሄድ የነበረውን አላመናችሁትም።
99503721-87cd-51d1-aa53-e50c0c25799c,b6868e29-1cb7-567c-ae7b-356bb0abf429,6f59e790-c331-5442-a294-a50d0031e5b0,1,34,“እግዚአብሔርም የቃላችሁን ድምፅ ሰምቶ ተቈጣ፤ እንዲህም ብሎ ማለ፦
84058877-108c-549b-ae17-47434355d7ef,b6868e29-1cb7-567c-ae7b-356bb0abf429,6f59e790-c331-5442-a294-a50d0031e5b0,2,35,ለአባቶቻችሁ እሰጣት ዘንድ የማልሁላቸውን መልካሚቱን ምድር ከእነዚህ ሰዎች ማንም አያይም፥
e4410426-d950-53c2-a53a-58d2400bb2b7,b6868e29-1cb7-567c-ae7b-356bb0abf429,6f59e790-c331-5442-a294-a50d0031e5b0,3,36,ከዮፎኒ ልጅ ከካሌብ በስተቀር፥ እርሱ ግን ያያታል፤ እግዚአብሔርን ፈጽሞ ተከትሎአልና የረገጣትን ምድር ለእርሱ፥ ለልጆቹም እሰጣለሁ።
8fd1d500-056c-5072-a335-91981000b6ac,b6868e29-1cb7-567c-ae7b-356bb0abf429,6f59e790-c331-5442-a294-a50d0031e5b0,4,37,እግዚአብሔርም በእናንተ ምክንያት በእኔ ተቈጣ፤ እንዲህም አለ፦ አንተ ደግሞ ወደዚያ አትገባም፤
29ae771c-a19f-5022-a7f9-0160ca3f18d6,b6868e29-1cb7-567c-ae7b-356bb0abf429,6f59e790-c331-5442-a294-a50d0031e5b0,5,38,በፊትህ የሚቆም የነዌ ልጅ ኢያሱ እርሱ ወደዚያ ይገባል፤ እርሱን አበርታው፤ ለእስራኤል ምድሪቱን ያወርሳልና።
ce91e5af-4927-58a9-a568-9a280274a7cd,b6868e29-1cb7-567c-ae7b-356bb0abf429,6f59e790-c331-5442-a294-a50d0031e5b0,6,39,ደግሞ፦ ይማረካሉ ያላችኋቸው ልጆቻችሁ፥ ዛሬም መልካሙን ከክፉ መለየት የማይችሉ ሕፃኖቻችሁ እነርሱ ወደዚያ ይገባሉ፤ ምድሪቱንም ለእነርሱ እሰጣለሁ፤ ይወርሱአታልም።
924b2e35-150e-5445-aa26-979daff1dde9,b6868e29-1cb7-567c-ae7b-356bb0abf429,6f59e790-c331-5442-a294-a50d0031e5b0,7,40,እናንተ ግን ተመልሳችሁ በኤርትራ ባሕር መንገድ ወደ ምድረ በዳ ሂዱ።
bf60c71a-acc2-5c2d-a729-f863ce994a5a,b6868e29-1cb7-567c-ae7b-356bb0abf429,6f59e790-c331-5442-a294-a50d0031e5b0,8,41,“እናንተም፦ እግዚአብሔርን በድለናል፤ አምላካችን እግዚአብሔር እንዳዘዘን ሁሉ እንወጣለን፤ እንዋጋማለን ብላችሁ መለሳችሁልኝ። ከእናንተም ሰው ሁሉ የጦር መሣሪያውን ያዘ፤ ወደ ተራራም ወጣችሁ።
7511af14-5891-5b64-a7dc-7c02da21f16c,b6868e29-1cb7-567c-ae7b-356bb0abf429,6f59e790-c331-5442-a294-a50d0031e5b0,9,42,እግዚአብሔርም፦ እኔ ከእናንተ ጋር አይደለሁምና በጠላቶቻችሁ ፊት እንዳትወድቁ አትውጡ፤ አትዋጉም በላቸው አለኝ።
7bfe4adf-b95d-59d8-a334-720ce24ae6ff,b6868e29-1cb7-567c-ae7b-356bb0abf429,6f59e790-c331-5442-a294-a50d0031e5b0,10,43,እኔም ተናገርኋችሁ፤ እናንተ ግን አልሰማችሁም፤ የእግዚአብሔርንም ቃል ተላለፋችሁ፤ በኀይላችሁም ወደ ተራራማው አገር ወጣችሁ።
8b219fe4-ee39-566e-ac7b-ac7ceaaf68e8,b6868e29-1cb7-567c-ae7b-356bb0abf429,6f59e790-c331-5442-a294-a50d0031e5b0,11,44,በዚያም ተራራማ አገር ይኖሩ የነበሩ አሞሬዎናውያን ወጥተው ተጋጠሙአችሁ፤ ንብ እንደምትነድፍም ነደፉአችሁ፤ አሳደዱአችሁም፤ ከሴይር እስከ ሔርማም ድረስ መቱአችሁ።
ce6a0f1d-9f30-5bfa-aed5-9d1361e793de,b6868e29-1cb7-567c-ae7b-356bb0abf429,6f59e790-c331-5442-a294-a50d0031e5b0,12,45,ተቀምጣችሁም በአምላካችን በእግዚአብሔር ፊት አለቀሳችሁ፤ እግዚአብሔር ግን ድምፃችሁን አልሰማም፤ ወደ እናንተም አልተመለከተም።
4ebed11e-e129-5ddd-a350-a35823266890,b6868e29-1cb7-567c-ae7b-356bb0abf429,6f59e790-c331-5442-a294-a50d0031e5b0,13,46,ቀድሞ እንደ ተቀመጣችሁበትም ዘመን መጠን በቃዴስ ብዙ ቀን ተቀመጣችሁ።
5639248e-9de6-5220-a9d7-60b109058394,9af454f5-a36a-543e-a344-c9cac0f7e518,bff60ead-2a78-505b-a0e8-ab1c5ddf0390,1,1,“እግዚአብሔርም እንዳለኝ ተመልሰን በኤርትራ ባሕር መንገድ ወደ ምድረ በዳ ሄድን፤ የሴይርንም ተራራ ብዙ ቀን ዞርን።
1a844c32-aeca-5e32-ac77-2a0c91a091a1,9af454f5-a36a-543e-a344-c9cac0f7e518,bff60ead-2a78-505b-a0e8-ab1c5ddf0390,2,2,እግዚአብሔርም እንዲህ ብሎ ተናገረኝ፦
da476d97-0267-5658-a936-59b2871dfa9e,9af454f5-a36a-543e-a344-c9cac0f7e518,bff60ead-2a78-505b-a0e8-ab1c5ddf0390,3,3,‘ይህን ተራራ መዞር ይበቃችኋል፤ ተመልሳችሁ ወደ መስዕ ሂዱ።’
2de80f84-d753-5cae-a872-15ff034ee159,9af454f5-a36a-543e-a344-c9cac0f7e518,bff60ead-2a78-505b-a0e8-ab1c5ddf0390,4,4,ሕዝቡንም እንዲህ ብለህ እዘዛቸው፦ በሴይር ላይ በተቀመጡት በወንድሞቻችሁ በዔሳው ልጆች ሀገር ታልፋላችሁ፤ እነርሱ ይፈሩአችኋል፤ እንግዲህ እጅግ ተጠንቀቁ።
775d727d-2d99-5119-adf5-dca7939182c6,9af454f5-a36a-543e-a344-c9cac0f7e518,bff60ead-2a78-505b-a0e8-ab1c5ddf0390,5,5,የሴይርን ተራራ ለዔሳው ልጆች ርስት አድርጌ ስለ ሰጠሁ እኔ ከምድራቸው የጫማ መርገጫ ታህል እንኳን አልሰጣችሁምና አትጣሉአቸው።
7f7935d8-b8f1-5914-ae55-81a525f5144e,9af454f5-a36a-543e-a344-c9cac0f7e518,bff60ead-2a78-505b-a0e8-ab1c5ddf0390,6,6,ከእነርሱ በገንዘብ ምግብ ገዝታችሁ ትበላላችሁ፤ ውኃም ደግሞ በገንዘብ በመለኪያ ገዝታችሁ ትጠጣላችሁ።
277fa52c-7c09-52b1-af2f-ecf926fb9402,9af454f5-a36a-543e-a344-c9cac0f7e518,bff60ead-2a78-505b-a0e8-ab1c5ddf0390,7,7,አምላክህ እግዚአብሔር የእጅህን ሥራ ሁሉ ባርኮልሃልና፤ ይህን ታላቅና የሚያስፈራ ምድረ በዳ እንዴት እንደ ዞርኸው ዕወቅ፤ በዚህ አርባ ዓመት ውስጥ አምላክህ እግዚአብሔር ከአንተ ጋር ነበረ፤ ከተናገርኸው ሁሉ አንዳችም አላሳጣህም።
08292d6a-0b30-5370-a59e-2e71deaec646,9af454f5-a36a-543e-a344-c9cac0f7e518,bff60ead-2a78-505b-a0e8-ab1c5ddf0390,8,8,በሴይርም ከተቀመጡት ከወንድሞቻችን ከዔሳው ልጆች በዓረባ መንገድ ከኤሎንና ከጋስዮን-ጋብር አለፍን። ተመልሰንም በሞዓብ ምድረ በዳ መንገድ አለፍን።
0b3786d6-3222-5595-a683-508c447e4609,9af454f5-a36a-543e-a344-c9cac0f7e518,bff60ead-2a78-505b-a0e8-ab1c5ddf0390,9,9,“እግዚአብሔርም አለኝ፦ እኔ አሮኤርን ለሎጥ ልጆች ርስት አድርጌ ስለ ሰጠሁ ከምድሩ ርስት አልሰጣችሁምና ሞዓባውያንን አትጣላ፤ በሰልፍም አትውጋቸው።
0778b62a-1795-59f6-a37b-37789dfad796,9af454f5-a36a-543e-a344-c9cac0f7e518,bff60ead-2a78-505b-a0e8-ab1c5ddf0390,10,10,እንደ ዔናቃውያን ታላቅና ብዙ ሕዝብ ኀያላንም የሆኑ ኦሚናውያን አስቀድሞ በዚያ ይቀመጡ ነበር።
ac6a8bee-5e72-592d-a274-93da5a49b0de,9af454f5-a36a-543e-a344-c9cac0f7e518,bff60ead-2a78-505b-a0e8-ab1c5ddf0390,11,11,እነርሱም ደግሞ እንደ ዔናቃውያን ራፋይም ተብለው ይታወቁ ነበር፤ ሞዓባውያን ግን “ኦሚን” ብለው ይጠሩአቸው ነበር።
4d160476-4883-52eb-a136-8cdad566873e,9af454f5-a36a-543e-a344-c9cac0f7e518,bff60ead-2a78-505b-a0e8-ab1c5ddf0390,12,12,ሖራውያንም ደግሞ አስቀድሞ በሴይር ላይ ተቀምጠው ነበር፤ የዔሳው ልጆች ግን መቱአቸው፤ ከፊታቸውም አጠፉአቸው፤ እግዚአብሔርም በሰጠው በርስቱ ምድር እስራኤል እንዳደረገ፥ በስፍራቸው ተቀመጡ።
234feb51-3306-5f84-a551-3ac69fc6bc56,9af454f5-a36a-543e-a344-c9cac0f7e518,bff60ead-2a78-505b-a0e8-ab1c5ddf0390,13,13,አሁንም ‘ተነሡና ተጓዙ፤ የዛሬድንም ፈፋ ተሻገሩ፤’ የዛሬድንም ፈፋ ተሻገርን።
7fa350dd-7c14-514d-a177-21a514943c49,9af454f5-a36a-543e-a344-c9cac0f7e518,bff60ead-2a78-505b-a0e8-ab1c5ddf0390,14,14,የዛሬድንም ፈፋ እስከ ተሻገርንበት ድረስ፥ እግዚአብሔር እንደ ማለባቸው ተዋጊዎች የሆኑ የዚያች ትውልድ ሰዎች ከሰፈሩ መካከል እስከ ጠፉ ድረስ፥ ከቃዴስ በርኔ የተጓዝንበት ዘመን ሠላሳ ስምንት ዓመት ሆነ።
4cc1a0af-6a46-53df-a328-45783f2c65d1,9af454f5-a36a-543e-a344-c9cac0f7e518,bff60ead-2a78-505b-a0e8-ab1c5ddf0390,15,15,ከሰፈርም መካከል ተለይተው እስኪጠፉ ድረስ የእግዚአብሔር እጅ በላያቸው ነበረ።
4354ba6d-6794-511a-ac5e-2faf209556b0,9af454f5-a36a-543e-a344-c9cac0f7e518,bff60ead-2a78-505b-a0e8-ab1c5ddf0390,16,16,“እንዲህም ሆነ፤ ተዋጊዎቹ ከጠፉ፥ ከሕዝቡም መካከል ከሞቱ በኋላ፥
17bb7f61-72b8-5bed-a9fc-f8bef7d57dfe,9af454f5-a36a-543e-a344-c9cac0f7e518,bff60ead-2a78-505b-a0e8-ab1c5ddf0390,17,17,እግዚአብሔር እንዲህ ብሎ ተናገረኝ፦
696bcdbd-e5db-530f-a740-e9034be45448,9af454f5-a36a-543e-a344-c9cac0f7e518,bff60ead-2a78-505b-a0e8-ab1c5ddf0390,18,18,‘አንተ ዛሬ የሞዓብን ዳርቻ አሮኤርን ታልፋለህ፤
4d78e97f-d305-537b-acc8-7926e014fe47,9af454f5-a36a-543e-a344-c9cac0f7e518,bff60ead-2a78-505b-a0e8-ab1c5ddf0390,19,19,ለሎጥም ልጆች ርስት አድርጌ ስለ ሰጠሁ ከአሞን ልጆች ምድር ርስት አልሰጥህምና በአሞን ልጆች አቅራቢያ ስትደርስ አትጣላቸው፤ አትውጋቸውም።’
3b62e8ab-6024-50dd-afe5-bc55d2a9296d,9af454f5-a36a-543e-a344-c9cac0f7e518,bff60ead-2a78-505b-a0e8-ab1c5ddf0390,20,20,ያም ደግሞ የራፋይም ምድር ተብሎ ተቈጠረ፤ ራፋይምም አስቀድሞ በዚያ ተቀምጠው ነበረ፤ አሞናውያን ግን “ዘምዞማውያን” ብለው ይጠሩአቸዋል።
036cd9fe-c1d9-5c8e-a548-c384a45cfdc4,9af454f5-a36a-543e-a344-c9cac0f7e518,bff60ead-2a78-505b-a0e8-ab1c5ddf0390,21,21,እነርሱም እንደ ዔናቃውያን ታላቅና ብዙ፥ ጽኑዓንም ሕዝብ ነበሩ፤ እግዚአብሔርም ከፊታቸው አጠፋቸው፤ እነርሱንም አሳድደው በስፍራቸው ተቀመጡ።
0c7c5798-20fe-536d-a268-8169ddcf048b,9af454f5-a36a-543e-a344-c9cac0f7e518,bff60ead-2a78-505b-a0e8-ab1c5ddf0390,22,22,ሖራውያንን ከፊታቸው አጥፍቶ በሴይር ለተቀመጡት ለዔሳው ልጆች እንዳደረገ እነርሱ ወረሱአቸው፤ በእነርሱም ፋንታ እስከ ዛሬ ድረስ ተቀመጡ።
1f3d1f4d-c2c9-5ca8-aca6-dce2bc6eef80,9af454f5-a36a-543e-a344-c9cac0f7e518,bff60ead-2a78-505b-a0e8-ab1c5ddf0390,23,23,እስከ ጋዛም ድረስ በአሴሮት ተቀምጠው የነበሩትን ኤዋውያንንና ከቀጰዶቅያ የወጡ ቀጰዶቃውያንን አጠፉአቸው፤ በእነርሱም ፋንታ ተቀመጡ።
a819049f-d8ec-5925-ac9c-f4c90dcd5b91,9af454f5-a36a-543e-a344-c9cac0f7e518,bff60ead-2a78-505b-a0e8-ab1c5ddf0390,24,24,ደግሞም አለ፦ ተነሥታችሁ ሂዱ፤ የአርኖንንም ሸለቆ ተሻገሩ፤ እነሆ፥ አሞሬዎናዊውን የሐሴቦንን ንጉሥ ሴዎንን፥ ምድሩንም በእጅህ አሳልፌ ሰጥቼሃለሁ፤ እርስዋን ግዛት፤ ውረሳት፥ ከእርሱም ጋር ተዋጋ።
674c8f76-cb6b-5cc7-a697-7a2ec3d7098e,9af454f5-a36a-543e-a344-c9cac0f7e518,bff60ead-2a78-505b-a0e8-ab1c5ddf0390,25,25,ከሰማይ በታች ባሉ አሕዛብ ሁሉ ላይ ማስደንገጥህንና ማስፈራትህን እሰድድ ዘንድ ዛሬ እጀምራለሁ፤ ስምህን በሰሙ ጊዜ በፊትህ ይንቀጠቀጣሉ፤ ድንጋጤም ይይዛቸዋል።
c27cb6a6-026c-5213-ae13-9b031187aebe,9af454f5-a36a-543e-a344-c9cac0f7e518,e52c4f5d-b7bf-5866-a85d-e86571b174da,1,26,“ከቄድሞትም ምድረ በዳ የሰላምን ቃል ይነግሩት ዘንድ ወደ ሐሴቦን ንጉሥ ወደ ሴዎን እንዲህ ብዬ መልእክተኞችን ላክሁ፦
e0f18ba7-0765-56b9-a0a3-8a2265a30974,9af454f5-a36a-543e-a344-c9cac0f7e518,e52c4f5d-b7bf-5866-a85d-e86571b174da,2,27,‘በሀገርህ ላይ ልለፍ፤ በአውራ ጎዳና እሄዳለሁ፤ ወደ ቀኝም ወደ ግራም አልተላለፍም።
34280192-7180-5643-a11f-caa2a90160ed,9af454f5-a36a-543e-a344-c9cac0f7e518,e52c4f5d-b7bf-5866-a85d-e86571b174da,3,28,የምበላውን ምግብ በገንዘብ ሽጥልኝ፤ የምጠጣውንም ውኃ በገንዘብ ስጠኝ፤ በእግሬ ብቻ ልለፍ፤
3e5f79a4-a6ee-5ac5-a0b9-c355319f458c,9af454f5-a36a-543e-a344-c9cac0f7e518,e52c4f5d-b7bf-5866-a85d-e86571b174da,4,29,በሴይር የተቀመጡ የዔሳው ልጆች፥ በአሮዔርም የተቀመጡ ሞዓባውያን እንዳደረጉልኝ፥ አምላካችን እግዚአብሔር ወደሚሰጠን ምድር ዮርዳኖስን እስክሻገር ድረስ በእግሬ ልለፍ።
25ec0164-10cf-5ffa-a206-a8ed758c6739,9af454f5-a36a-543e-a344-c9cac0f7e518,e52c4f5d-b7bf-5866-a85d-e86571b174da,5,30,የሐሴቦን ንጉሥ ሴዎን ግን ያሳልፈን ዘንድ አልፈቀደም፤ እንደ ዛሬው ሁሉ በእጅህ አሳልፎ ይሰጠው ዘንድ አምላክህ እግዚአብሔር መንፈሱን አደንድኖታልና፥ ልቡንም አጽንቶታልና።
bec2c418-5731-55be-a4f0-c9a86975f4ab,9af454f5-a36a-543e-a344-c9cac0f7e518,e52c4f5d-b7bf-5866-a85d-e86571b174da,6,31,እግዚአብሔርም፦ ‘የሐሴቦንን ንጉሥ አሞራዊውን ሴዎንንና ምድሩን በፊትህ በእጅህ አሳልፌ መስጠት እነሆ፥ ጀመርሁ፤ ምድሩን ትገዛ ዘንድ መውረስ ጀምር’ አለኝ።
51f18356-ef64-5b77-ac65-0bf8209e1143,9af454f5-a36a-543e-a344-c9cac0f7e518,e52c4f5d-b7bf-5866-a85d-e86571b174da,7,32,ሴዎንም ሕዝቡም ሁሉ ሊዋጉን ወደ ኢያሳ ወጡ።
aaed9869-38eb-522e-a927-6bd48d69dd8f,9af454f5-a36a-543e-a344-c9cac0f7e518,e52c4f5d-b7bf-5866-a85d-e86571b174da,8,33,አምላካችንም እግዚአብሔር እርሱን አሳልፎ በእጃችን ሰጠን፤ እርሱንም፥ ልጆቹንም፥ ሕዝቡንም ሁሉ መታን።
b91554ae-5133-545f-a3c5-d950e23f43d2,9af454f5-a36a-543e-a344-c9cac0f7e518,e52c4f5d-b7bf-5866-a85d-e86571b174da,9,34,በዚያን ጊዜም ከተሞቹን ሁሉ ወሰድን፤ ከተማውንም ሁሉ፥ ሴቶችንም፥ ሕፃኖችንም አጠፋን፤ አንዳችም የሸሸ በሕይወት አላስቀረንም፥
2e004ea6-594f-58f3-aabd-69b0dfbcd8a9,9af454f5-a36a-543e-a344-c9cac0f7e518,e52c4f5d-b7bf-5866-a85d-e86571b174da,10,35,ለእኛ ከማረክናቸው ከብቶቻቸውና ከከተሞቻቸው ከወሰድነው ምርኮ በቀር።
6e71c3a7-afd4-5ba4-a4f5-25b18c064fe6,9af454f5-a36a-543e-a344-c9cac0f7e518,e52c4f5d-b7bf-5866-a85d-e86571b174da,11,36,በአርኖን ሸለቆ አጠገብ ካለችው ከአሮዔርና በሸለቆውም ውስጥ ካለችው ከተማ ጀምረን እስከ ገለዓድ ተራራ ድረስ ማንኛዪቱም ከተማ አላመለጠችንም፤ አምላካችን እግዚአብሔር ሁሉን አሳልፎ በእጃችን ሰጠን።
ed308eb6-bc51-51d0-a925-e42ed4cad3d8,9af454f5-a36a-543e-a344-c9cac0f7e518,e52c4f5d-b7bf-5866-a85d-e86571b174da,12,37,ዳሩ ግን አምላካችን እግዚአብሔር እንዳዘዘን ወደ አሞን ልጆች ምድር፥ በያቦቅም ወንዝ አጠገብ ወደ አለው ስፍራ ሁሉ፥ በተራራማውም ሀገር ወደ አሉ ከተሞች አልደረስንም።
a54df2b4-9af1-5155-a5e0-48772a2117f9,f2284491-3b35-5048-a5ff-401018315b9c,127ee845-4e8e-51d7-a807-49167eb51c0a,1,1,“ተመልሰንም በባሳን መንገድ ወጣን፤ የባሳን ንጉሥ ዐግም፥ ሕዝቡም ሁሉ በኤድራይን ሊዋጉን ወጡ።
ab541594-cdaa-5dab-ad8f-c091125fa313,f2284491-3b35-5048-a5ff-401018315b9c,127ee845-4e8e-51d7-a807-49167eb51c0a,2,2,እግዚአብሔርም፦ እርሱንና ሕዝቡን ሁሉ፥ ምድሩንም በእጅህ አሳልፌ ሰጥቼአለሁና አትፍራው፤ በሐሴቦን ይኖር በነበረው በአሞሬዎናውያን ንጉሥ በሴዎን ላይ እንዳደረግህ በእርሱም ታደርግበታለህ አለኝ።
a5948c64-835c-545e-a2c3-59cf6da76904,f2284491-3b35-5048-a5ff-401018315b9c,127ee845-4e8e-51d7-a807-49167eb51c0a,3,3,አምላካችን እግዚአብሔርም ደግሞ የባሳንን ንጉሥ ዐግን ሕዝቡንም ሁሉ በእጃችን አሳልፎ ሰጠን፤ እኛም አጠፋነው፤ አንድ ሰው እንኳን ለዘር አልቀረለትም።
7b17ba9a-ef04-55ee-a403-508fda209ac8,f2284491-3b35-5048-a5ff-401018315b9c,127ee845-4e8e-51d7-a807-49167eb51c0a,4,4,በዚያን ጊዜም ከተሞቹን ሁሉ ወሰድን፤ ከእነርሱም ያልወሰድነው ሀገር የለም፤ በባሳን ያለውን የዐግን መንግሥት፥ የአርጎብን አውራጃዎች ሁሉ፥ ስድሳ ከተሞችን ወሰድን።
b4b5941d-5364-5166-a5e7-afc288593821,f2284491-3b35-5048-a5ff-401018315b9c,127ee845-4e8e-51d7-a807-49167eb51c0a,5,5,እጅግ ብዙ ከሆኑት ከፌርዜዎን ከተሞች ሌላ፥ እነዚህ ከተሞች ሁሉ ቁመቱ ረዥም በሆነ ቅጥር በመዝጊያና በመወርወሪያም የተመሸጉ ነበሩ።
ab23eeb2-1c8c-5cba-a1ed-fa35d129aaa6,f2284491-3b35-5048-a5ff-401018315b9c,127ee845-4e8e-51d7-a807-49167eb51c0a,6,6,በሐሴቦንም ንጉሥ በሴዎን እንዳደረግን ፈጽሞ አጠፋናቸው፤ ከተሞቻቸውን ሁሉ በአንድነት፥ የሚሸሽ ሳናስቀር ሴቶችንም፥ ሕፃናቱንም ፈጽሞ አጠፋናቸው።
a4cc6403-77b8-528b-a8c7-96d75a89f2d3,f2284491-3b35-5048-a5ff-401018315b9c,127ee845-4e8e-51d7-a807-49167eb51c0a,7,7,ከብቶቹን ሁሉ የከተሞቹንም ምርኮ ለእኛ ወሰድን።
a1907499-f38d-57cb-ae06-1015dc0fdd90,f2284491-3b35-5048-a5ff-401018315b9c,127ee845-4e8e-51d7-a807-49167eb51c0a,8,8,“በዚያም ዘመን ከአርኖን ሸለቆ ጀምሮ እስከ ኤርሞን ድረስ ምድሪቱን በዮርዳኖስ ማዶ ከነበሩ ከሁለቱ ከአሞሬዎን ነገሥታት እጅ ወሰድን፤
70331a7f-fcc4-59c7-a0eb-ef1d72fb738d,f2284491-3b35-5048-a5ff-401018315b9c,127ee845-4e8e-51d7-a807-49167eb51c0a,9,9,ፊኒቃውያን ኤርሞንን “ሳኒዮር” ብለው ይጠሩታል፤ አሞሬዎናውያንም ሳኔር ብለው ይጠሩታል።
5d67404e-d06f-5133-a476-5b276e73e9be,f2284491-3b35-5048-a5ff-401018315b9c,127ee845-4e8e-51d7-a807-49167eb51c0a,10,10,የሚሶርንም ከተሞች ሁሉ፥ የገለዓድንም ሁሉ፥ የባሳንንም ሁሉ እስከ ኤልከድና እስከ ኤድራይን ድረስ በባሳን የሚኖር የዐግን መንግሥት ከተሞች ሁሉ ወሰድን።
b2f10511-4f1c-50f0-a38d-cfe518ab3e97,f2284491-3b35-5048-a5ff-401018315b9c,127ee845-4e8e-51d7-a807-49167eb51c0a,11,11,ከራፋይንም ወገን የባሳን ንጉሥ ዐግ ብቻውን ቀርቶ ነበር፤ እነሆ፥ አልጋው የብረት አልጋ ነበረ፤ እርሱ በአሞን ልጆች ሀገር ዳርቻ አለ፤ ርዝመቱ ዘጠኝ ክንድ ወርዱም አራት ክንድ በሰው ክንድ ልክ ነበረ።
8b5ac829-3999-55a1-a252-841b6a580d45,f2284491-3b35-5048-a5ff-401018315b9c,1ff2227f-82c2-57a9-a7a6-93875c8f9bac,1,12,“ይህችንም ምድር በዚያን ዘመን ወረስን፤ በአርኖንም ሸለቆ አጠገብ ካለችው ከአሮዔር ጀምሮ የገለዓድን ተራራማ ሀገር እኩሌታ፥ ከተሞቹንም ለሮቤልና ለጋድ ነገድ ሰጠኋቸው።
520ae816-5637-5c41-aa76-aebd2369f1c7,f2284491-3b35-5048-a5ff-401018315b9c,1ff2227f-82c2-57a9-a7a6-93875c8f9bac,2,13,ከገለዐድም የቀረውን የዐግን መንግሥት ባሳንን ሁሉ፥ የአርጎብንም ምድር ሁሉ ለምናሴ ነገድ እኩሌታ ሰጠሁ፤ ያችም ባሳን ሁሉ የራፋይም ሀገር ተብላ ተቈጠረች።
8f6cf2fe-90f3-5c5a-abe1-68c5fc52260a,f2284491-3b35-5048-a5ff-401018315b9c,1ff2227f-82c2-57a9-a7a6-93875c8f9bac,3,14,የምናሴ ልጅ ኢያዕር እስከ ጌርጋሴና እስከ መካቲ ዳርቻ ድረስ የአርጎብን አውራጃ ሁሉ ወሰደ፤ ይህችንም የባሳንን ምድር እስከዚች ቀን ድረስ በስሙ አውታይ ኢያዕር ብሎ ጠራ።
c2eee45b-cf76-53fb-aa4c-ba67921ee7a3,f2284491-3b35-5048-a5ff-401018315b9c,1ff2227f-82c2-57a9-a7a6-93875c8f9bac,4,15,ለማኪርም ገለዓድን ሰጠሁት።
b3c29832-0193-562f-af94-3b8fb1819500,f2284491-3b35-5048-a5ff-401018315b9c,1ff2227f-82c2-57a9-a7a6-93875c8f9bac,5,16,ለሮቤልና ለጋድም ከገለዓድ ምድር ጀምሮ እስከ አርኖን ሸለቆ ድረስ የሸለቆውን እኩሌታ ዳርቻውንም፥ እስከ አሞን ልጆች ዳርቻ እስከ ኢያቦቅ ወንዝ ድረስ፥
44c3cc89-2b23-5084-af93-38ae316143df,f2284491-3b35-5048-a5ff-401018315b9c,1ff2227f-82c2-57a9-a7a6-93875c8f9bac,6,17,ከመካናራ ወሰን ከፈስጋ ተራራ በታች ወደ ምሥራቅ እስከ ዓረባ ባሕር እርሱም የጨው ባሕር ድረስ ዓረባን፥ ዮርዳኖስንም ሰጠኋቸው።
0ee9bc7e-f60c-5ab7-a06f-5c21688fb89c,f2284491-3b35-5048-a5ff-401018315b9c,1ff2227f-82c2-57a9-a7a6-93875c8f9bac,7,18,“በዚያም ዘመን እንዲህ ብዬ አዘዝኋችሁ፦ አምላካችሁ እግዚአብሔር ይህችን ምድር ርስት አድርጎ ሰጥቶአችኋል፤ መሣሪያችሁን ይዛችሁ እናንተ አርበኞች ሁሉ በወንድሞቻችሁ በእስራኤል ልጆች ፊት ትሻገራላችሁ።
e227ca2a-6dee-52b9-a704-1d71dc9f1434,f2284491-3b35-5048-a5ff-401018315b9c,1ff2227f-82c2-57a9-a7a6-93875c8f9bac,8,19,ነገር ግን እጅግ ከብቶች እንዳሉአችሁ አውቃለሁና ሴቶቻችሁና ልጆቻችሁ፥ ከብቶቻችሁም በሰጠኋችሁ ከተሞች ይቀመጣሉ፤
b87c736f-8dff-51f6-a8b7-b5a9688d432b,f2284491-3b35-5048-a5ff-401018315b9c,1ff2227f-82c2-57a9-a7a6-93875c8f9bac,9,20,ይኸውም እግዚአብሔር እንደ እናንተ፥ ወንድሞቻችሁን እስኪያሳርፍ ድረስ፥ እነርሱም ደግሞ በዮርዳኖስ ማዶ አምላካችሁ እግዚአብሔር የሚሰጣቸውን ምድር እስኪወርሱ ድረስ ነው። ከዚያም በኋላ ሁላችሁ ወደ ሰጠኋችሁ ርስት ትመለሳላችሁ።
780de76a-3e5d-5aeb-a2d0-5f17eade22dc,f2284491-3b35-5048-a5ff-401018315b9c,1ff2227f-82c2-57a9-a7a6-93875c8f9bac,10,21,በዚያም ጊዜ ኢያሱን እንዲህ ብዬ አዘዝሁት፦ አምላካችሁ እግዚአብሔር በእነዚህ በሁለቱ ነገሥት ያደረገውን ሁሉ ዐይኖችህ አይተዋል፤ እንዲሁ በምታልፍባቸው መንግሥታት ሁሉ ላይ እግዚአብሔር ያደርጋል።
76172f19-7127-58ae-a11b-1b8ffb0c65b5,f2284491-3b35-5048-a5ff-401018315b9c,1ff2227f-82c2-57a9-a7a6-93875c8f9bac,11,22,አምላካችሁ እግዚአብሔር እርሱ ስለ እናንተ ይዋጋልና ከእነርሱ የተነሣ አትፍሩ።
1e3c22f2-0151-563d-a1c7-e46a74fa4e1e,f2284491-3b35-5048-a5ff-401018315b9c,4e50d6f4-3758-5b4f-a9f4-73f694d70ae5,1,23,“በዚያም ዘመን እኔ እግዚአብሔርን እንዲህ ብዬ ለመንሁት፦
6e4c7e29-2442-5670-af72-1f4332f962fa,f2284491-3b35-5048-a5ff-401018315b9c,4e50d6f4-3758-5b4f-a9f4-73f694d70ae5,2,24,ጌታ እግዚአብሔር ሆይ! ታላቅነትህንና ኀይልህን፥ የጸናች እጅህንና የተዘረጋች ክንድህን ለእኔ ለአገልጋይህ ማሳየት ጀምረሃል፤ በሰማይና በምድርም እንደ ሥራህ፥ እንደ ኀይልህም ይሠራ ዘንድ የሚችል አምላክ ማን ነው?
