id,chapter_id,section_id,source_order,verse_number,text
79a35ed0-9fb5-5fae-a85d-3680a6ae7603,b6c13b6c-c277-54f8-a6c0-3f430cfe2b43,,6,6,"There the centurion found a ship of Alexandria sailing for Italy, and he put us on board."
c4638ccf-f2ca-5621-af84-6bcbd8d9b19c,b6c13b6c-c277-54f8-a6c0-3f430cfe2b43,,7,7,"When we had sailed slowly many days, and had come with difficulty opposite Cnidus, the wind not allowing us further, we sailed under the lee of Crete, opposite Salmone."
d6bfacf4-2ca5-55f9-af9b-7f22f7fb0c80,b6c13b6c-c277-54f8-a6c0-3f430cfe2b43,,8,8,"With difficulty sailing along it we came to a certain place called Fair Havens, near the city of Lasea."
5c5bc91a-5976-5906-af2e-83d8e9c0ee33,b6c13b6c-c277-54f8-a6c0-3f430cfe2b43,,9,9,"When much time had passed and the voyage was now dangerous, because the Fast had now already gone by, Paul admonished them,"
6e4ea8aa-8305-53bf-aee7-036cd155ab14,b6c13b6c-c277-54f8-a6c0-3f430cfe2b43,,10,10,"and said to them, ""Sirs, I perceive that the voyage will be with injury and much loss, not only of the cargo and the ship, but also of our lives."""
b4e386da-7918-5154-a806-b9f1df0f3b67,b6c13b6c-c277-54f8-a6c0-3f430cfe2b43,,11,11,But the centurion gave more heed to the master and to the owner of the ship than to those things which were spoken by Paul.
65edfcfa-a536-541f-a32d-c3680c419b70,b6c13b6c-c277-54f8-a6c0-3f430cfe2b43,,12,12,"Because the haven was not suitable to winter in, the majority advised going to sea from there, if by any means they could reach Phoenix, and winter there, which is a port of Crete, looking northeast and southeast."
3479467a-c292-545d-a601-33adecc12233,b6c13b6c-c277-54f8-a6c0-3f430cfe2b43,,13,13,"When the south wind blew softly, supposing that they had obtained their purpose, they weighed anchor and sailed along Crete, close to shore."
dc14f3ef-7bb0-50d0-a337-a06b7588e55e,b6c13b6c-c277-54f8-a6c0-3f430cfe2b43,,14,14,"But before long, a stormy wind beat down from shore, which is called Euroclydon."
215d3361-ca7b-5c90-a8e0-fdabecef8811,b6c13b6c-c277-54f8-a6c0-3f430cfe2b43,,15,15,"When the ship was caught, and couldn't face the wind, we gave way to it, and were driven along."
6ae374c6-82ba-5f8d-abba-9096f5ece125,b6c13b6c-c277-54f8-a6c0-3f430cfe2b43,,16,16,"Running under the lee of a small island called Clauda, we were able, with difficulty, to secure the boat."
b637da49-9d12-5415-ac7d-000e181ccf44,b6c13b6c-c277-54f8-a6c0-3f430cfe2b43,,17,17,"After they had hoisted it up, they used cables to help reinforce the ship. Fearing that they would run aground on the Syrtis sand bars, they lowered the sea anchor, and so were driven along."
e5ebf1ff-0c95-5c6d-a9af-0c5138e039a4,b6c13b6c-c277-54f8-a6c0-3f430cfe2b43,,18,18,"As we labored exceedingly with the storm, the next day they began to throw things overboard."
3a5b4eed-27b4-556c-a275-4c517ffcd788,b6c13b6c-c277-54f8-a6c0-3f430cfe2b43,,19,19,"On the third day, they threw out the ship's tackle with their own hands."
390a0736-96ed-5054-a6c0-6d67a93f7989,b6c13b6c-c277-54f8-a6c0-3f430cfe2b43,,20,20,"When neither sun nor stars shone on us for many days, and no small storm pressed on us, all hope that we would be saved was now taken away."
99651069-d1b9-5025-a09f-98e821fd871e,b6c13b6c-c277-54f8-a6c0-3f430cfe2b43,,21,21,"When they had been long without food, Paul stood up in the middle of them, and said, ""Sirs, you should have listened to me, and not have set sail from Crete, and have gotten this injury and loss."
69529ff8-58e0-5867-a9b2-dfbc42967049,b6c13b6c-c277-54f8-a6c0-3f430cfe2b43,,22,22,"Now I exhort you to cheer up, for there will be no loss of life among you, but only of the ship."
98e131a9-6e64-5321-ae8f-a69b44bd0fda,b6c13b6c-c277-54f8-a6c0-3f430cfe2b43,,23,23,"For there stood by me this night an angel, belonging to the God whose I am and whom I serve,"
861db3d4-9374-5303-a1cf-98da694dcb68,b6c13b6c-c277-54f8-a6c0-3f430cfe2b43,,24,24,"saying, 'Don't be afraid, Paul. You must stand before Caesar. Behold, God has granted you all those who sail with you.'"
1a59c925-6bc5-5076-a1a4-845474d425c8,b6c13b6c-c277-54f8-a6c0-3f430cfe2b43,,25,25,"Therefore, sirs, cheer up! For I believe God, that it will be just as it has been spoken to me."
5a3e45d4-b2cf-56e0-a1a7-7ee4976b0fdb,b6c13b6c-c277-54f8-a6c0-3f430cfe2b43,,26,26,"But we must run aground on a certain island."""
68e37eed-bc09-52cb-aadc-197089ba19fe,b6c13b6c-c277-54f8-a6c0-3f430cfe2b43,,27,27,"But when the fourteenth night had come, as we were driven back and forth in the Adriatic Sea, about midnight the sailors surmised that they were drawing near to some land."
1c1a5f88-ab9c-555c-ad99-1c5af0cc9a25,b6c13b6c-c277-54f8-a6c0-3f430cfe2b43,,28,28,"They took soundings, and found twenty fathoms. After a little while, they took soundings again, and found fifteen fathoms."
215ba999-73cc-5d15-a339-2f29e90bd9ad,b6c13b6c-c277-54f8-a6c0-3f430cfe2b43,,29,29,"Fearing that we would run aground on rocky ground, they let go four anchors from the stern, and wished for daylight."
c721bd45-ca48-5f8c-aaec-096be5b2d526,b6c13b6c-c277-54f8-a6c0-3f430cfe2b43,,30,30,"As the sailors were trying to flee out of the ship, and had lowered the boat into the sea, pretending that they would lay out anchors from the bow,"
244f4077-cdf8-5152-a600-870195f2e366,b6c13b6c-c277-54f8-a6c0-3f430cfe2b43,,31,31,"Paul said to the centurion and to the soldiers, ""Unless these stay in the ship, you can't be saved."""
aef20f55-dc6d-5130-ad8b-5ae571200363,b6c13b6c-c277-54f8-a6c0-3f430cfe2b43,,32,32,"Then the soldiers cut away the ropes of the boat, and let it fall off."
7af44b1f-7cfc-5361-a01b-6724e82e4abb,b6c13b6c-c277-54f8-a6c0-3f430cfe2b43,,33,33,"While the day was coming on, Paul begged them all to take some food, saying, ""This day is the fourteenth day that you wait and continue fasting, having taken nothing."
65c47e93-c3d8-5c09-a763-21469d4031f6,b6c13b6c-c277-54f8-a6c0-3f430cfe2b43,,34,34,"Therefore I beg you to take some food, for this is for your safety; for not a hair will perish from any of your heads."""
214cb295-8f56-509a-ad9e-ea48bf8856dc,b6c13b6c-c277-54f8-a6c0-3f430cfe2b43,,35,35,"When he had said this, and had taken bread, he gave thanks to God in the presence of all, and he broke it, and began to eat."
b319189e-dbab-54e5-aca7-4f6e9604ddf1,b6c13b6c-c277-54f8-a6c0-3f430cfe2b43,,36,36,"Then they all cheered up, and they also took food."
22b5864b-30bc-5b7b-a585-885c90fded35,b6c13b6c-c277-54f8-a6c0-3f430cfe2b43,,37,37,"In all, we were two hundred seventy-six souls on the ship."
b41f5be2-6538-5d32-a579-f7993a9b6cad,b6c13b6c-c277-54f8-a6c0-3f430cfe2b43,,38,38,"When they had eaten enough, they lightened the ship, throwing out the wheat into the sea."
4365fe49-4d71-5692-a1fb-5930247a6199,b6c13b6c-c277-54f8-a6c0-3f430cfe2b43,,39,39,"When it was day, they didn't recognize the land, but they noticed a certain bay with a beach, and they decided to try to drive the ship onto it."
8ed06376-e81e-5c76-a3fb-9ba71d6e1a0e,b6c13b6c-c277-54f8-a6c0-3f430cfe2b43,,40,40,"Casting off the anchors, they left them in the sea, at the same time untying the rudder ropes. Hoisting up the foresail to the wind, they made for the beach."
1fc57bde-408f-5518-ac62-5d47e99d32a0,b6c13b6c-c277-54f8-a6c0-3f430cfe2b43,,41,41,"But coming to a place where two seas met, they ran the vessel aground. The bow struck and remained immovable, but the stern began to break up by the violence of the waves."
eac7dc72-5e4c-5931-a78e-f9026dfa4eb8,b6c13b6c-c277-54f8-a6c0-3f430cfe2b43,,42,42,"The soldiers' counsel was to kill the prisoners, so that none of them would swim out and escape."
d9b913c6-425a-50ed-a5df-885811152368,b6c13b6c-c277-54f8-a6c0-3f430cfe2b43,,43,43,"But the centurion, desiring to save Paul, stopped them from their purpose, and commanded that those who could swim should throw themselves overboard first to go toward the land;"
a113b304-3394-50eb-a58b-0b799c0aa2bf,b6c13b6c-c277-54f8-a6c0-3f430cfe2b43,,44,44,"and the rest should follow, some on planks, and some on other things from the ship. So it happened that they all escaped safely to the land."
ff7e27c3-caa6-5121-a586-1b03860094a8,53fbf055-e978-5b8e-a000-0a94eb4073aa,,1,1,"When we had escaped, then they learned that the island was called Malta."
c9927c68-92fa-5441-af98-05f0c5bef421,53fbf055-e978-5b8e-a000-0a94eb4073aa,,2,2,"The natives showed us uncommon kindness; for they kindled a fire, and received us all, because of the present rain, and because of the cold."
df2a1cda-f012-5c64-a3fe-616758859fe4,53fbf055-e978-5b8e-a000-0a94eb4073aa,,3,3,"But when Paul had gathered a bundle of sticks and laid them on the fire, a viper came out because of the heat, and fastened on his hand."
2b9b0a07-5543-5bba-af7b-af70ad3142e1,53fbf055-e978-5b8e-a000-0a94eb4073aa,,4,4,"When the natives saw the creature hanging from his hand, they said one to another, ""No doubt this man is a murderer, whom, though he has escaped from the sea, yet Justice has not allowed to live."""
209f0529-8b18-584b-a92f-eba512e85bcf,53fbf055-e978-5b8e-a000-0a94eb4073aa,,5,5,"However he shook off the creature into the fire, and wasn't harmed."
d5232983-f2d1-5423-a693-01ed57acbd12,53fbf055-e978-5b8e-a000-0a94eb4073aa,,6,6,"But they expected that he would have swollen or fallen down dead suddenly, but when they watched for a long time and saw nothing bad happen to him, they changed their minds, and said that he was a god."
67c69a2c-9bff-5545-a545-84c801a2f603,53fbf055-e978-5b8e-a000-0a94eb4073aa,,7,7,"Now in the neighborhood of that place were lands belonging to the chief man of the island, named Publius, who received us, and courteously entertained us for three days."
8bb99e28-563d-52b6-ade9-4c499d912761,53fbf055-e978-5b8e-a000-0a94eb4073aa,,8,8,"It happened that the father of Publius lay sick of fever and dysentery. Paul entered in to him, prayed, and laying his hands on him, healed him."
c9fb819e-a938-5d55-aa66-d039b43eb942,53fbf055-e978-5b8e-a000-0a94eb4073aa,,9,9,"Then when this was done, the rest also who had diseases in the island came, and were cured."
861e0ba1-e47b-5968-a391-dcf484ad8733,53fbf055-e978-5b8e-a000-0a94eb4073aa,,10,10,"They also honored us with many honors, and when we sailed, they put on board the things that we needed."
b301f36a-90af-5def-aaa2-dcaa89e53297,53fbf055-e978-5b8e-a000-0a94eb4073aa,,11,11,"After three months, we set sail in a ship of Alexandria which had wintered in the island, whose sign was ""The Twin Brothers."""
01130a18-7b8c-51be-a854-7f48a1d032c9,53fbf055-e978-5b8e-a000-0a94eb4073aa,,12,12,"Touching at Syracuse, we stayed there three days."
6f7522e2-6cf1-54aa-a9a6-9528824293c3,53fbf055-e978-5b8e-a000-0a94eb4073aa,,13,13,"From there we circled around and arrived at Rhegium. After one day, a south wind sprang up, and on the second day we came to Puteoli,"
fca78afb-1467-5906-a986-40218a289cde,53fbf055-e978-5b8e-a000-0a94eb4073aa,,14,14,"where we found brothers, and were entreated to stay with them for seven days. So we came to Rome."
f432c67f-56a7-524e-a4e9-f230919f0f8e,53fbf055-e978-5b8e-a000-0a94eb4073aa,,15,15,"From there the brothers, when they heard of us, came to meet us as far as The Market of Appius and The Three Taverns. When Paul saw them, he thanked God, and took courage."
6f3c3892-178d-5044-a96c-34053241984b,53fbf055-e978-5b8e-a000-0a94eb4073aa,,16,16,"When we entered into Rome, the centurion delivered the prisoners to the captain of the guard, but Paul was allowed to stay by himself with the soldier who guarded him."
876063bf-9923-5f9d-a239-aff0e3d7c14c,53fbf055-e978-5b8e-a000-0a94eb4073aa,,17,17,"It happened that after three days Paul called together those who were the leaders of the Jews. When they had come together, he said to them, ""I, brothers, though I had done nothing against the people, or the customs of our fathers, still was delivered prisoner from Jerusalem into the hands of the Romans,"
f784b2f4-b1d8-5db6-ab7d-34e875d5f3d5,53fbf055-e978-5b8e-a000-0a94eb4073aa,,18,18,"who, when they had examined me, desired to set me free, because there was no cause of death in me."
401e07ed-93b5-5335-a2e6-4a99ebae44f0,53fbf055-e978-5b8e-a000-0a94eb4073aa,,19,19,"But when the Jews spoke against it, I was constrained to appeal to Caesar, not that I had anything about which to accuse my nation."
9fd10c6f-7bff-56e6-a0be-923ddbf22f0a,53fbf055-e978-5b8e-a000-0a94eb4073aa,,20,20,"For this cause therefore I asked to see you and to speak with you. For because of the hope of Israel I am bound with this chain."""
6d491447-f1a9-5d8e-a2f0-f91f168005f1,53fbf055-e978-5b8e-a000-0a94eb4073aa,,21,21,"They said to him, ""We neither received letters from Judea concerning you, nor did any of the brothers come here and report or speak any evil of you."
9dabe381-dbd3-528b-aff1-905111ec54a0,53fbf055-e978-5b8e-a000-0a94eb4073aa,,22,22,"But we desire to hear from you what you think. For, as concerning this sect, it is known to us that everywhere it is spoken against."""
f2bcb7ec-1174-5c93-aded-2c4ccc3b42f5,53fbf055-e978-5b8e-a000-0a94eb4073aa,,23,23,"When they had appointed him a day, many people came to him at his lodging. He explained to them, testifying about the Kingdom of God, and persuading them concerning Jesus, both from the law of Moses and from the prophets, from morning until evening."
ddde9e04-f3ff-5c35-a278-2b594c31605d,53fbf055-e978-5b8e-a000-0a94eb4073aa,,24,24,"Some believed the things which were spoken, and some disbelieved."
eb9e1d54-1d86-561d-aa47-bfd84503f3c7,53fbf055-e978-5b8e-a000-0a94eb4073aa,,25,25,"When they didn't agree among themselves, they departed after Paul had spoken one word, ""The Holy Spirit spoke rightly through Isaiah, the prophet, to our fathers,"
7cf3bf40-335a-5156-ad25-2cadcfeb1e66,53fbf055-e978-5b8e-a000-0a94eb4073aa,,26,26,"saying, 'Go to this people, and say, in hearing, you will hear, but will in no way understand. In seeing, you will see, but will in no way perceive."
bc115713-1a8b-5577-a45d-89ee7acdadbb,53fbf055-e978-5b8e-a000-0a94eb4073aa,,27,27,"For this people's heart has grown callous. Their ears are dull of hearing. Their eyes they have closed. Lest they should see with their eyes, hear with their ears, understand with their heart, and would turn again, and I would heal them.'"
821d7b62-f1d7-586d-a825-913156254278,53fbf055-e978-5b8e-a000-0a94eb4073aa,,28,28,"""Be it known therefore to you, that the salvation of God is sent to the nations. They will also listen."""
0f066c22-7530-5024-ab9c-f45840688a01,53fbf055-e978-5b8e-a000-0a94eb4073aa,,29,29,"When he had said these words, the Jews departed, having a great dispute among themselves."
bc703ae0-00af-5c71-aa93-c56d0194961e,53fbf055-e978-5b8e-a000-0a94eb4073aa,,30,30,"Paul stayed two whole years in his own rented house, and received all who were coming to him,"
3266bad3-e26d-5755-a8db-1fdbe771a8dd,53fbf055-e978-5b8e-a000-0a94eb4073aa,,31,31,"preaching the Kingdom of God, and teaching the things concerning the Lord Jesus Christ with all boldness, without hindrance."
fcf725d6-1050-50a3-ac31-9c9c7ad62209,d15c3aa1-e777-597c-a1e0-a1b6f9e969bd,,1,1,"Paul, a servant of Jesus Christ, called to be an apostle, set apart for the Good News of God,"
fd9d67f7-b8dd-5b42-a8c3-703cf1257bc2,d15c3aa1-e777-597c-a1e0-a1b6f9e969bd,,2,2,"which he promised before through his prophets in the holy Scriptures,"
87da96ab-8789-520f-a746-103b696e6fd5,d15c3aa1-e777-597c-a1e0-a1b6f9e969bd,,3,3,"concerning his Son, who was born of the seed of David according to the flesh,"
657ac62c-26e2-5d00-a6c1-58b54498d6cd,d15c3aa1-e777-597c-a1e0-a1b6f9e969bd,,4,4,"who was declared to be the Son of God with power, according to the Spirit of holiness, by the resurrection from the dead, Jesus Christ our Lord,"
02660e31-3636-5aa2-ac11-b9531f3b0a02,d15c3aa1-e777-597c-a1e0-a1b6f9e969bd,,5,5,"through whom we received grace and apostleship, for obedience of faith among all the nations, for his name's sake;"
8d5af4c4-07d3-5fa3-a18c-411865559f91,d15c3aa1-e777-597c-a1e0-a1b6f9e969bd,,6,6,among whom you are also called to belong to Jesus Christ;
1b11055c-0c55-5f4c-a560-95bb107e1fdb,d15c3aa1-e777-597c-a1e0-a1b6f9e969bd,,7,7,"to all who are in Rome, beloved of God, called to be saints: Grace to you and peace from God our Father and the Lord Jesus Christ."
71ab2ab0-4aa1-51bd-acce-31e45fa8ffba,d15c3aa1-e777-597c-a1e0-a1b6f9e969bd,,8,8,"First, I thank my God through Jesus Christ for all of you, that your faith is proclaimed throughout the whole world."
2543bbbb-81fd-57dd-a18a-a13730933dcb,d15c3aa1-e777-597c-a1e0-a1b6f9e969bd,,9,9,"For God is my witness, whom I serve in my spirit in the Good News of his Son, how unceasingly I make mention of you always in my prayers,"
70f701f3-7553-5cfe-ae2d-cb2841358642,d15c3aa1-e777-597c-a1e0-a1b6f9e969bd,,10,10,"requesting, if by any means now at last I may be prospered by the will of God to come to you."
35f7f638-3dc3-5287-a736-a4e7b25fad3a,d15c3aa1-e777-597c-a1e0-a1b6f9e969bd,,11,11,"For I long to see you, that I may impart to you some spiritual gift, to the end that you may be established;"
37260448-d6d7-5b8a-af66-6efe4552ebfd,d15c3aa1-e777-597c-a1e0-a1b6f9e969bd,,12,12,"that is, that I with you may be encouraged in you, each of us by the other's faith, both yours and mine."
f4499268-ac3d-5bc8-a11b-5070a373ef6f,d15c3aa1-e777-597c-a1e0-a1b6f9e969bd,,13,13,"Now I don't desire to have you unaware, brothers, that I often planned to come to you, and was hindered so far, that I might have some fruit among you also, even as among the rest of the Gentiles."
676069af-779c-5d01-ac8b-8b08f034ade8,d15c3aa1-e777-597c-a1e0-a1b6f9e969bd,,14,14,"I am debtor both to Greeks and to foreigners, both to the wise and to the foolish."
0d270ad3-b533-5c02-a7bf-d829892720c6,d15c3aa1-e777-597c-a1e0-a1b6f9e969bd,,15,15,"So, as much as is in me, I am eager to preach the Good News to you also who are in Rome."
ec8cdb24-a444-5c80-a691-a3c01ddd8370,d15c3aa1-e777-597c-a1e0-a1b6f9e969bd,,16,16,"For I am not ashamed of the Good News of Christ, for it is the power of God for salvation for everyone who believes; for the Jew first, and also for the Greek."
4b66fbbe-b676-50e2-a785-ea3693678a15,d15c3aa1-e777-597c-a1e0-a1b6f9e969bd,,17,17,"For in it is revealed God's righteousness from faith to faith. As it is written, ""But the righteous shall live by faith."""
2a33439b-8f52-5b58-adab-7a968803a4ed,d15c3aa1-e777-597c-a1e0-a1b6f9e969bd,,18,18,"For the wrath of God is revealed from heaven against all ungodliness and unrighteousness of men, who suppress the truth in unrighteousness,"
ef4c87fc-c290-5237-aac4-3a1beff411fc,d15c3aa1-e777-597c-a1e0-a1b6f9e969bd,,19,19,"because that which is known of God is revealed in them, for God revealed it to them."
c8fcf293-8857-57dc-ae72-50bb5b376858,d15c3aa1-e777-597c-a1e0-a1b6f9e969bd,,20,20,"For the invisible things of him since the creation of the world are clearly seen, being perceived through the things that are made, even his everlasting power and divinity; that they may be without excuse."
b4d6c8fa-d02e-5d8b-ac61-b7f3e7ab1990,d15c3aa1-e777-597c-a1e0-a1b6f9e969bd,,21,21,"Because, knowing God, they didn't glorify him as God, neither gave thanks, but became vain in their reasoning, and their senseless heart was darkened."
74a5e0fd-bffb-5811-ae8a-ef72052abf4a,d15c3aa1-e777-597c-a1e0-a1b6f9e969bd,,22,22,"Professing themselves to be wise, they became fools,"
34b9bec1-3781-5cb4-aa66-39504372f7c0,d15c3aa1-e777-597c-a1e0-a1b6f9e969bd,,23,23,"and traded the glory of the incorruptible God for the likeness of an image of corruptible man, and of birds, and four-footed animals, and creeping things."
ddb6c2ee-a8bf-5c3e-aa1f-b8d2947f692d,d15c3aa1-e777-597c-a1e0-a1b6f9e969bd,,24,24,"Therefore God also gave them up in the lusts of their hearts to uncleanness, that their bodies should be dishonored among themselves,"
a04f4333-ab29-52da-acb1-6830d61b2541,d15c3aa1-e777-597c-a1e0-a1b6f9e969bd,,25,25,"who exchanged the truth of God for a lie, and worshiped and served the creature rather than the Creator, who is blessed forever. Amen."
64270957-ba83-55e9-a2b8-6e13028f34a3,d15c3aa1-e777-597c-a1e0-a1b6f9e969bd,,26,26,"For this reason, God gave them up to vile passions. For their women changed the natural function into that which is against nature."
1702a5b9-d0d9-5c8a-a440-8efdff57d90d,d15c3aa1-e777-597c-a1e0-a1b6f9e969bd,,27,27,"Likewise also the men, leaving the natural function of the woman, burned in their lust toward one another, men doing what is inappropriate with men, and receiving in themselves the due penalty of their error."
a4627726-c93f-51e8-a15c-e66b4dbde4fb,d15c3aa1-e777-597c-a1e0-a1b6f9e969bd,,28,28,"Even as they refused to have God in their knowledge, God gave them up to a reprobate mind, to do those things which are not fitting;"
3f6e51c8-68bf-563b-adc5-78e2c9366f50,d15c3aa1-e777-597c-a1e0-a1b6f9e969bd,,29,29,"being filled with all unrighteousness, sexual immorality, wickedness, covetousness, malice; full of envy, murder, strife, deceit, evil habits, secret slanderers,"
a972e424-4b72-54f1-a02b-c6e4a97aef4c,d15c3aa1-e777-597c-a1e0-a1b6f9e969bd,,30,30,"backbiters, hateful to God, insolent, haughty, boastful, inventors of evil things, disobedient to parents,"
1afa3110-3bc0-53ed-aa56-f00e13a3d30a,d15c3aa1-e777-597c-a1e0-a1b6f9e969bd,,31,31,"without understanding, covenant breakers, without natural affection, unforgiving, unmerciful;"
7f9b323f-3d5c-502d-ab22-91aea08b5fab,d15c3aa1-e777-597c-a1e0-a1b6f9e969bd,,32,32,"who, knowing the ordinance of God, that those who practice such things are worthy of death, not only do the same, but also approve of those who practice them."
a20f32c9-a5fc-56a2-ad92-968abe17c3d6,aceca94f-ab1d-55a2-a08f-6a101c4ba943,,1,1,"Therefore you are without excuse, O man, whoever you are who judge. For in that which you judge another, you condemn yourself. For you who judge practice the same things."
e2d7008d-e76e-57b5-acaf-d162fc048dcd,aceca94f-ab1d-55a2-a08f-6a101c4ba943,,2,2,We know that the judgment of God is according to truth against those who practice such things.
25199768-0a6b-53db-a665-c33fea52eefe,aceca94f-ab1d-55a2-a08f-6a101c4ba943,,3,3,"Do you think this, O man who judges those who practice such things, and do the same, that you will escape the judgment of God?"
3f06fcb4-62bb-57c0-aa76-eba30a824c22,aceca94f-ab1d-55a2-a08f-6a101c4ba943,,4,4,"Or do you despise the riches of his goodness, forbearance, and patience, not knowing that the goodness of God leads you to repentance?"
c35ca0d0-40b7-5b05-a03a-8236d2327c3c,aceca94f-ab1d-55a2-a08f-6a101c4ba943,,5,5,"But according to your hardness and unrepentant heart you are treasuring up for yourself wrath in the day of wrath, revelation, and of the righteous judgment of God;"
fa959191-1591-5757-a7ae-c402ad7fa2b6,aceca94f-ab1d-55a2-a08f-6a101c4ba943,,6,6,"who ""will pay back to everyone according to their works:"""
e2a995ae-52be-5309-a5f1-c6e79e9d0a52,aceca94f-ab1d-55a2-a08f-6a101c4ba943,,7,7,"to those who by patience in well-doing seek for glory, honor, and incorruptibility, eternal life;"
5aca030b-9c99-5768-ac50-552f24b06747,aceca94f-ab1d-55a2-a08f-6a101c4ba943,,8,8,"but to those who are self-seeking, and don't obey the truth, but obey unrighteousness, will be wrath and indignation,"
1b38f4c3-9594-5d74-acb1-351f4a4b257e,aceca94f-ab1d-55a2-a08f-6a101c4ba943,,9,9,"oppression and anguish, on every soul of man who works evil, to the Jew first, and also to the Greek."
bb4c9610-a310-5363-a89b-40974b7c2d11,aceca94f-ab1d-55a2-a08f-6a101c4ba943,,10,10,"But glory, honor, and peace go to every man who works good, to the Jew first, and also to the Greek."
c86bc3a9-2784-56e5-afe6-e9906976e98d,aceca94f-ab1d-55a2-a08f-6a101c4ba943,,11,11,For there is no partiality with God.
75448822-b744-5ca2-a7ae-937da763c42c,aceca94f-ab1d-55a2-a08f-6a101c4ba943,,12,12,For as many as have sinned without law will also perish without the law. As many as have sinned under the law will be judged by the law.
8b5e4aea-2b88-58ec-a958-386aeda6158b,aceca94f-ab1d-55a2-a08f-6a101c4ba943,,13,13,"For it isn't the hearers of the law who are righteous before God, but the doers of the law will be justified"
0dd4ee9f-ac70-594a-ab95-8d37a2e419dd,aceca94f-ab1d-55a2-a08f-6a101c4ba943,,14,14,"(for when Gentiles who don't have the law do by nature the things of the law, these, not having the law, are a law to themselves,"
77853363-8014-5f66-a190-749ec61ddfb7,aceca94f-ab1d-55a2-a08f-6a101c4ba943,,15,15,"in that they show the work of the law written in their hearts, their conscience testifying with them, and their thoughts among themselves accusing or else excusing them)"
6384d1e5-e819-5641-a528-28a4070fa4d0,aceca94f-ab1d-55a2-a08f-6a101c4ba943,,16,16,"in the day when God will judge the secrets of men, according to my Good News, by Jesus Christ."
1937252a-c730-5eb8-a6f3-48047eadab82,aceca94f-ab1d-55a2-a08f-6a101c4ba943,,17,17,"Indeed you bear the name of a Jew, and rest on the law, and glory in God,"
9bcfe3bb-7eb8-5686-ac4c-2ab398d3d8ec,aceca94f-ab1d-55a2-a08f-6a101c4ba943,,18,18,"and know his will, and approve the things that are excellent, being instructed out of the law,"
1abda88d-c813-597a-a0a5-3872683cd1b4,aceca94f-ab1d-55a2-a08f-6a101c4ba943,,19,19,"and are confident that you yourself are a guide of the blind, a light to those who are in darkness,"
9d91b039-098b-55f1-a54a-1b06ebee7cfc,aceca94f-ab1d-55a2-a08f-6a101c4ba943,,20,20,"a corrector of the foolish, a teacher of babies, having in the law the form of knowledge and of the truth."
e6073871-71d2-51aa-a6db-c09879abc9a1,aceca94f-ab1d-55a2-a08f-6a101c4ba943,,21,21,"You therefore who teach another, don't you teach yourself? You who preach that a man shouldn't steal, do you steal?"
5abcb433-098a-5586-abde-b6b5f012a957,aceca94f-ab1d-55a2-a08f-6a101c4ba943,,22,22,"You who say a man shouldn't commit adultery. Do you commit adultery? You who abhor idols, do you rob temples?"
c47a5ed2-506c-533c-a871-faddfc5fef7b,aceca94f-ab1d-55a2-a08f-6a101c4ba943,,23,23,"You who glory in the law, through your disobedience of the law do you dishonor God?"
4e8ed7f1-66d6-5783-a312-bc87bc9b0bbc,aceca94f-ab1d-55a2-a08f-6a101c4ba943,,24,24,"For ""the name of God is blasphemed among the Gentiles because of you,"" just as it is written."
36abc5d8-d9d6-5382-a321-57bb8f999705,aceca94f-ab1d-55a2-a08f-6a101c4ba943,,25,25,"For circumcision indeed profits, if you are a doer of the law, but if you are a transgressor of the law, your circumcision has become uncircumcision."
2ae9b927-a9b1-59f4-a089-5ac24040b41f,aceca94f-ab1d-55a2-a08f-6a101c4ba943,,26,26,"If therefore the uncircumcised keep the ordinances of the law, won't his uncircumcision be accounted as circumcision?"
833e466a-fc62-5357-a459-cea5f46c60f7,aceca94f-ab1d-55a2-a08f-6a101c4ba943,,27,27,"Won't the uncircumcision which is by nature, if it fulfills the law, judge you, who with the letter and circumcision are a transgressor of the law?"
938e2ca7-4f00-5e59-a4ee-3774aebdd254,aceca94f-ab1d-55a2-a08f-6a101c4ba943,,28,28,"For he is not a Jew who is one outwardly, neither is that circumcision which is outward in the flesh;"
db57caf1-7adb-51c8-aa75-ebae6e9bcbea,aceca94f-ab1d-55a2-a08f-6a101c4ba943,,29,29,"but he is a Jew who is one inwardly, and circumcision is that of the heart, in the spirit not in the letter; whose praise is not from men, but from God."
d923e9c4-3afd-58c5-ac55-1e18437700b6,3863e8f5-8b07-5f4f-a5c1-aafdb307636c,,1,1,Then what advantage does the Jew have? Or what is the profit of circumcision?
259cd472-6278-5db4-a4a1-7fb914ed5a97,3863e8f5-8b07-5f4f-a5c1-aafdb307636c,,2,2,"Much in every way! Because first of all, they were entrusted with the oracles of God."
7956bf59-4a4f-58bf-ab15-71a0b6a24964,3863e8f5-8b07-5f4f-a5c1-aafdb307636c,,3,3,For what if some were without faith? Will their lack of faith nullify the faithfulness of God?
c8b1b040-6430-54c2-ae65-ebec8e10ffa8,3863e8f5-8b07-5f4f-a5c1-aafdb307636c,,4,4,"May it never be! Yes, let God be found true, but every man a liar. As it is written, ""That you might be justified in your words, and might prevail when you come into judgment."""
4650cbdf-99fe-55a4-a0c0-9dbfc5470157,3863e8f5-8b07-5f4f-a5c1-aafdb307636c,,5,5,"But if our unrighteousness commends the righteousness of God, what will we say? Is God unrighteous who inflicts wrath? I speak like men do."
6a79b2ea-9782-5806-a9bc-59702c3e9553,3863e8f5-8b07-5f4f-a5c1-aafdb307636c,,6,6,May it never be! For then how will God judge the world?
faac1ae4-70be-57aa-a4e7-de0d9c26f787,3863e8f5-8b07-5f4f-a5c1-aafdb307636c,,7,7,"For if the truth of God through my lie abounded to his glory, why am I also still judged as a sinner?"
41f37882-8fd3-5505-aa18-d3fb344d882f,3863e8f5-8b07-5f4f-a5c1-aafdb307636c,,8,8,"Why not (as we are slanderously reported, and as some affirm that we say), ""Let us do evil, that good may come?"" Those who say so are justly condemned."
63015350-acc0-563d-a965-9d85d8d20ef0,3863e8f5-8b07-5f4f-a5c1-aafdb307636c,,9,9,"What then? Are we better than they? No, in no way. For we previously warned both Jews and Greeks, that they are all under sin."
0a869e00-19f9-5707-a354-1153b33e9db2,3863e8f5-8b07-5f4f-a5c1-aafdb307636c,,10,10,"As it is written, ""There is no one righteous; no, not one."
ea8ce364-a55b-59dc-aba7-7fe24f85f8cc,3863e8f5-8b07-5f4f-a5c1-aafdb307636c,,11,11,There is no one who understands. There is no one who seeks after God.
042c4112-028b-5573-acdf-cb67750941ae,3863e8f5-8b07-5f4f-a5c1-aafdb307636c,,12,12,"They have all turned aside. They have together become unprofitable. There is no one who does good, no, not, so much as one."""
51763790-0700-5e80-af1d-e76a217b3fbb,3863e8f5-8b07-5f4f-a5c1-aafdb307636c,,13,13,"""Their throat is an open tomb. With their tongues they have used deceit."" ""The poison of vipers is under their lips;"""
433e3782-aa2a-53bb-a79b-4220b213bc00,3863e8f5-8b07-5f4f-a5c1-aafdb307636c,,14,14,"""whose mouth is full of cursing and bitterness."""
224f2006-bf0e-5857-ae6a-8b18f74e4c79,3863e8f5-8b07-5f4f-a5c1-aafdb307636c,,15,15,"""Their feet are swift to shed blood."
6f05075d-f42c-5f99-aa88-540fdb8a9ab6,3863e8f5-8b07-5f4f-a5c1-aafdb307636c,,16,16,Destruction and misery are in their ways.
7d871269-9bd6-59c6-a0c7-5bc2566fe381,3863e8f5-8b07-5f4f-a5c1-aafdb307636c,,17,17,"The way of peace, they haven't known."""
c01f176b-00c3-5eba-a366-52dda703add6,3863e8f5-8b07-5f4f-a5c1-aafdb307636c,,18,18,"""There is no fear of God before their eyes."""
ed62f50c-4e56-5052-ad26-865439046bc6,3863e8f5-8b07-5f4f-a5c1-aafdb307636c,,19,19,"Now we know that whatever things the law says, it speaks to those who are under the law, that every mouth may be closed, and all the world may be brought under the judgment of God."
5dfcc9cd-73e7-5900-a4dc-8e8b7aa108e2,3863e8f5-8b07-5f4f-a5c1-aafdb307636c,,20,20,"Because by the works of the law, no flesh will be justified in his sight. For through the law comes the knowledge of sin."
0edd77d9-17e0-5d9c-a9ad-c1d476259e4c,3863e8f5-8b07-5f4f-a5c1-aafdb307636c,,21,21,"But now apart from the law, a righteousness of God has been revealed, being testified by the law and the prophets;"
936c08d5-03d2-5f9a-af62-6eefdfbbebc3,3863e8f5-8b07-5f4f-a5c1-aafdb307636c,,22,22,"even the righteousness of God through faith in Jesus Christ to all and on all those who believe. For there is no distinction,"
bc3f9e73-0d8c-5b61-a077-b2de474cf132,3863e8f5-8b07-5f4f-a5c1-aafdb307636c,,23,23,"for all have sinned, and fall short of the glory of God;"
dd35f694-6f1a-584f-aff3-7828519ebf19,3863e8f5-8b07-5f4f-a5c1-aafdb307636c,,24,24,being justified freely by his grace through the redemption that is in Christ Jesus;
ccdfc592-90ee-5b4d-a3df-290a927fde51,3863e8f5-8b07-5f4f-a5c1-aafdb307636c,,25,25,"whom God set forth to be an atoning sacrifice, through faith in his blood, for a demonstration of his righteousness through the passing over of prior sins, in God's forbearance;"
18aac4d0-26e3-5669-ac05-2e77835b81b2,3863e8f5-8b07-5f4f-a5c1-aafdb307636c,,26,26,"to demonstrate his righteousness at this present time; that he might himself be just, and the justifier of him who has faith in Jesus."
08c2caac-2b97-5964-a185-13fddabe4328,3863e8f5-8b07-5f4f-a5c1-aafdb307636c,,27,27,"Where then is the boasting? It is excluded. By what kind of law? Of works? No, but by a law of faith."
59af96c7-33d5-5ad8-a362-9c4bb7997bf6,3863e8f5-8b07-5f4f-a5c1-aafdb307636c,,28,28,We maintain therefore that a man is justified by faith apart from the works of the law.
cfc589ae-90c9-5d22-a04d-39c35f3a66c9,3863e8f5-8b07-5f4f-a5c1-aafdb307636c,,29,29,"Or is God the God of Jews only? Isn't he the God of Gentiles also? Yes, of Gentiles also,"
e52e7be0-9248-5dc8-a627-b6c9d2d593eb,3863e8f5-8b07-5f4f-a5c1-aafdb307636c,,30,30,"since indeed there is one God who will justify the circumcised by faith, and the uncircumcised through faith."
019344f4-7e81-530b-ac8b-c2064fcd78e6,3863e8f5-8b07-5f4f-a5c1-aafdb307636c,,31,31,"Do we then nullify the law through faith? May it never be! No, we establish the law."
0429d762-5a00-55eb-a82f-5ad92e2485e9,c6d745cd-01e5-52fc-a056-7a425364f62c,,1,1,"What then will we say that Abraham, our forefather, has found according to the flesh?"
a0f65254-1b27-57eb-a499-31be8c8c90e4,c6d745cd-01e5-52fc-a056-7a425364f62c,,2,2,"For if Abraham was justified by works, he has something to boast about, but not toward God."
008017c3-4d86-5299-a60d-9a3fc0970c66,c6d745cd-01e5-52fc-a056-7a425364f62c,,3,3,"For what does the Scripture say? ""Abraham believed God, and it was accounted to him for righteousness."""
8ddfb83f-2bff-5104-a922-2e550f95b698,c6d745cd-01e5-52fc-a056-7a425364f62c,,4,4,"Now to him who works, the reward is not counted as grace, but as something owed."
15143f11-61f3-59cb-aabc-40c35e83d551,c6d745cd-01e5-52fc-a056-7a425364f62c,,5,5,"But to him who doesn't work, but believes in him who justifies the ungodly, his faith is accounted for righteousness."
a9ea66ae-7da6-509a-af74-55dbf061b5ea,c6d745cd-01e5-52fc-a056-7a425364f62c,,6,6,"Even as David also pronounces blessing on the man to whom God counts righteousness apart from works,"
6f51abb8-6eae-5c97-ad26-7d6412817181,c6d745cd-01e5-52fc-a056-7a425364f62c,,7,7,"""Blessed are they whose iniquities are forgiven, whose sins are covered."
5132336d-4966-5f26-a127-c96cacfaed9a,c6d745cd-01e5-52fc-a056-7a425364f62c,,8,8,"Blessed is the man whom the Lord will by no means charge with sin."""
38614169-40de-5b8f-a69f-5314b77c9ec4,c6d745cd-01e5-52fc-a056-7a425364f62c,,9,9,"Is this blessing then pronounced on the circumcised, or on the uncircumcised also? For we say that faith was accounted to Abraham for righteousness."
c4eab974-f977-5bd5-af07-e89a898911c4,c6d745cd-01e5-52fc-a056-7a425364f62c,,10,10,"How then was it counted? When he was in circumcision, or in uncircumcision? Not in circumcision, but in uncircumcision."
2c14804a-0d07-51da-afb9-511ff512571e,c6d745cd-01e5-52fc-a056-7a425364f62c,,11,11,"He received the sign of circumcision, a seal of the righteousness of the faith which he had while he was in uncircumcision, that he might be the father of all those who believe, though they might be in uncircumcision, that righteousness might also be accounted to them."
5201f716-9af8-57de-ac23-ed4e2f69fc50,c6d745cd-01e5-52fc-a056-7a425364f62c,,12,12,"He is the father of circumcision to those who not only are of the circumcision, but who also walk in the steps of that faith of our father Abraham, which he had in uncircumcision."
c493fef7-fd18-5ab3-a015-f175f3d7be71,c6d745cd-01e5-52fc-a056-7a425364f62c,,13,13,"For the promise to Abraham and to his seed that he should be heir of the world wasn't through the law, but through the righteousness of faith."
c96d959b-ddad-5e71-a08b-2b94d99d097f,c6d745cd-01e5-52fc-a056-7a425364f62c,,14,14,"For if those who are of the law are heirs, faith is made void, and the promise is made of no effect."
a2053aec-fe27-5a33-aac3-0e9020bd6d89,c6d745cd-01e5-52fc-a056-7a425364f62c,,15,15,"For the law works wrath, for where there is no law, neither is there disobedience."
78208b02-22d3-5e1a-a2a8-4a94c89bab4c,c6d745cd-01e5-52fc-a056-7a425364f62c,,16,16,"For this cause it is of faith, that it may be according to grace, to the end that the promise may be sure to all the seed, not to that only which is of the law, but to that also which is of the faith of Abraham, who is the father of us all."
435225c2-713d-5029-a3f3-16d428c5df51,c6d745cd-01e5-52fc-a056-7a425364f62c,,17,17,"As it is written, ""I have made you a father of many nations."" This is in the presence of him whom he believed: God, who gives life to the dead, and calls the things that are not, as though they were."
05e16c11-4986-53b2-a1e9-63d4e2c883b0,c6d745cd-01e5-52fc-a056-7a425364f62c,,18,18,"Who in hope believed against hope, to the end that he might become a father of many nations, according to that which had been spoken, ""So will your seed be."""
ec3e03ee-5b74-5bac-abbd-7964b5598958,c6d745cd-01e5-52fc-a056-7a425364f62c,,19,19,"Without being weakened in faith, he didn't consider his own body, already having been worn out, (he being about a hundred years old), and the deadness of Sarah's womb."
b79e3b51-9dfa-5113-a2ab-dafe88e08d49,c6d745cd-01e5-52fc-a056-7a425364f62c,,20,20,"Yet, looking to the promise of God, he didn't waver through unbelief, but grew strong through faith, giving glory to God,"
02237c37-6e74-5c5c-a744-918db7cf6c03,c6d745cd-01e5-52fc-a056-7a425364f62c,,21,21,"and being fully assured that what he had promised, he was also able to perform."
004a6c5c-5c2e-5c20-a75b-93158fd64168,c6d745cd-01e5-52fc-a056-7a425364f62c,,22,22,"Therefore it also was ""reckoned to him for righteousness."""
bcc18e51-5c02-5780-a7c4-99f227c8b14e,c6d745cd-01e5-52fc-a056-7a425364f62c,,23,23,"Now it was not written that it was accounted to him for his sake alone,"
d96a2d9a-b603-54d8-aa73-187465affc88,c6d745cd-01e5-52fc-a056-7a425364f62c,,24,24,"but for our sake also, to whom it will be accounted, who believe in him who raised Jesus, our Lord, from the dead,"
894776ac-358e-5acc-a07b-f0f0e66460d6,c6d745cd-01e5-52fc-a056-7a425364f62c,,25,25,"who was delivered up for our trespasses, and was raised for our justification."
312dc61c-e156-5793-a5ef-24b7a389dfc0,93dde671-7e51-5593-a1e2-87ff36777cef,,1,1,"Being therefore justified by faith, we have peace with God through our Lord Jesus Christ;"
ee6af06c-d791-5d76-a428-afedacd5880f,93dde671-7e51-5593-a1e2-87ff36777cef,,2,2,through whom we also have our access by faith into this grace in which we stand. We rejoice in hope of the glory of God.
6c0c9c3f-7a24-5ee9-a3b7-e2bb1f64a00f,93dde671-7e51-5593-a1e2-87ff36777cef,,3,3,"Not only this, but we also rejoice in our sufferings, knowing that suffering works perseverance;"
8f4ac7c8-856d-50b8-aedf-48cc855704a0,93dde671-7e51-5593-a1e2-87ff36777cef,,4,4,"and perseverance, proven character; and proven character, hope:"
cb6847e7-c591-5111-a51b-0d5aaea26f21,93dde671-7e51-5593-a1e2-87ff36777cef,,5,5,"and hope doesn't disappoint us, because God's love has been poured out into our hearts through the Holy Spirit who was given to us."
32fa7248-7e04-5160-abbd-33ca2da1d3b2,93dde671-7e51-5593-a1e2-87ff36777cef,,6,6,"For while we were yet weak, at the right time Christ died for the ungodly."
f7b0c82c-00a7-5ae5-a567-3d86f6aeeb50,93dde671-7e51-5593-a1e2-87ff36777cef,,7,7,For one will hardly die for a righteous man. Yet perhaps for a righteous person someone would even dare to die.
0f48da99-4fb2-5255-a98b-d0119dad1039,93dde671-7e51-5593-a1e2-87ff36777cef,,8,8,"But God commends his own love toward us, in that while we were yet sinners, Christ died for us."
2041c8fd-e325-56c1-ae34-04ab9ae50286,93dde671-7e51-5593-a1e2-87ff36777cef,,9,9,"Much more then, being now justified by his blood, we will be saved from God's wrath through him."
549c2c0a-e830-5e4d-ac0b-8b022f5af929,93dde671-7e51-5593-a1e2-87ff36777cef,,10,10,"For if, while we were enemies, we were reconciled to God through the death of his Son, much more, being reconciled, we will be saved by his life."
6822da63-91c2-5472-ab8a-b8ba1718d8e1,93dde671-7e51-5593-a1e2-87ff36777cef,,11,11,"Not only so, but we also rejoice in God through our Lord Jesus Christ, through whom we have now received the reconciliation."
29788403-1ed1-5da8-a7d3-c2f994a7e8f7,93dde671-7e51-5593-a1e2-87ff36777cef,,12,12,"Therefore, as sin entered into the world through one man, and death through sin; and so death passed to all men, because all sinned."
f3475298-ef87-5ab0-a9c9-70e9b12e4148,93dde671-7e51-5593-a1e2-87ff36777cef,,13,13,"For until the law, sin was in the world; but sin is not charged when there is no law."
1af10a87-fd87-5dbf-a736-666297167e35,93dde671-7e51-5593-a1e2-87ff36777cef,,14,14,"Nevertheless death reigned from Adam until Moses, even over those whose sins weren't like Adam's disobedience, who is a foreshadowing of him who was to come."
c6672544-1514-528c-a8fb-cd9c24a50b77,93dde671-7e51-5593-a1e2-87ff36777cef,,15,15,"But the free gift isn't like the trespass. For if by the trespass of the one the many died, much more did the grace of God, and the gift by the grace of the one man, Jesus Christ, abound to the many."
09ddeaab-d951-5d2b-a626-7ef3b1b53876,93dde671-7e51-5593-a1e2-87ff36777cef,,16,16,"The gift is not as through one who sinned: for the judgment came by one to condemnation, but the free gift came of many trespasses to justification."
85fa52f6-d99c-531f-a40c-0a735433b375,93dde671-7e51-5593-a1e2-87ff36777cef,,17,17,"For if by the trespass of the one, death reigned through the one; so much more will those who receive the abundance of grace and of the gift of righteousness reign in life through the one, Jesus Christ."
13afb82b-e206-5855-a81f-51e474e7a353,93dde671-7e51-5593-a1e2-87ff36777cef,,18,18,"So then as through one trespass, all men were condemned; even so through one act of righteousness, all men were justified to life."
efa90fb1-0d1f-5aa5-ad33-b0a5ffe5ca69,93dde671-7e51-5593-a1e2-87ff36777cef,,19,19,"For as through the one man's disobedience many were made sinners, even so through the obedience of the one, many will be made righteous."
012ff03d-ba7e-5b38-a593-8da9ab7b5293,93dde671-7e51-5593-a1e2-87ff36777cef,,20,20,"The law came in besides, that the trespass might abound; but where sin abounded, grace abounded more exceedingly;"
43cb5f18-76d5-5fda-a967-aca21cd44d83,93dde671-7e51-5593-a1e2-87ff36777cef,,21,21,"that as sin reigned in death, even so grace might reign through righteousness to eternal life through Jesus Christ our Lord."
e04d52f5-46cd-5d9e-ab02-f2940d11a84c,688b360b-59eb-5907-a950-d8ae40b6b210,,1,1,"What shall we say then? Shall we continue in sin, that grace may abound?"
ef76b536-0db2-56b4-aa71-fbf47557a9fe,688b360b-59eb-5907-a950-d8ae40b6b210,,2,2,"May it never be! We who died to sin, how could we live in it any longer?"
59429b5f-8b06-528b-a2bd-8e96e51031e5,688b360b-59eb-5907-a950-d8ae40b6b210,,3,3,Or don't you know that all we who were baptized into Christ Jesus were baptized into his death?
6adca60f-5b63-531c-ad0b-38237fd82768,688b360b-59eb-5907-a950-d8ae40b6b210,,4,4,"We were buried therefore with him through baptism to death, that just like Christ was raised from the dead through the glory of the Father, so we also might walk in newness of life."
6cf74358-0a7f-5d0b-a242-0058fc9b3d91,688b360b-59eb-5907-a950-d8ae40b6b210,,5,5,"For if we have become united with him in the likeness of his death, we will also be part of his resurrection;"
168bf72a-5c57-58a4-a7d2-172c5d7b374d,688b360b-59eb-5907-a950-d8ae40b6b210,,6,6,"knowing this, that our old man was crucified with him, that the body of sin might be done away with, so that we would no longer be in bondage to sin."
57bd7167-e2e6-5421-a2d8-2d5037fd76ce,688b360b-59eb-5907-a950-d8ae40b6b210,,7,7,For he who has died has been freed from sin.
b9d003c9-874b-5406-a35c-97fed5a23ba1,688b360b-59eb-5907-a950-d8ae40b6b210,,8,8,"But if we died with Christ, we believe that we will also live with him;"
31cbbe06-796c-524b-a164-b51054f60d82,688b360b-59eb-5907-a950-d8ae40b6b210,,9,9,"knowing that Christ, being raised from the dead, dies no more. Death no more has dominion over him!"
5bd9b377-b54e-578b-a146-e0ab783c0899,688b360b-59eb-5907-a950-d8ae40b6b210,,10,10,"For the death that he died, he died to sin one time; but the life that he lives, he lives to God."
da9e0147-3793-5245-afd1-61f364193d7c,688b360b-59eb-5907-a950-d8ae40b6b210,,11,11,"Thus consider yourselves also to be dead to sin, but alive to God in Christ Jesus our Lord."
be5de2a6-0d70-54ab-a9d1-ca987ae6fec4,688b360b-59eb-5907-a950-d8ae40b6b210,,12,12,"Therefore don't let sin reign in your mortal body, that you should obey it in its lusts."
0ecb2239-ec89-57cf-aa7d-729dbbdf48f3,688b360b-59eb-5907-a950-d8ae40b6b210,,13,13,"Neither present your members to sin as instruments of unrighteousness, but present yourselves to God, as alive from the dead, and your members as instruments of righteousness to God."
64786d8d-bc7a-5091-af3a-9cb4236a5326,688b360b-59eb-5907-a950-d8ae40b6b210,,14,14,"For sin will not have dominion over you. For you are not under law, but under grace."
64b991c9-9e7d-55a8-a0d8-3ace5593beb0,688b360b-59eb-5907-a950-d8ae40b6b210,,15,15,"What then? Shall we sin, because we are not under law, but under grace? May it never be!"
0c2b066d-6d37-5777-ac41-40b4f841d8e7,688b360b-59eb-5907-a950-d8ae40b6b210,,16,16,"Don't you know that to whom you present yourselves as servants to obedience, his servants you are whom you obey; whether of sin to death, or of obedience to righteousness?"
19678a80-7701-5476-a1da-081f41514f65,688b360b-59eb-5907-a950-d8ae40b6b210,,17,17,"But thanks be to God, that, whereas you were bondservants of sin, you became obedient from the heart to that form of teaching whereunto you were delivered."
2bfe8635-5047-5980-ae2c-30b0c74951c2,688b360b-59eb-5907-a950-d8ae40b6b210,,18,18,"Being made free from sin, you became bondservants of righteousness."
64ef8d4b-70b3-556e-a93d-c320a38b4382,688b360b-59eb-5907-a950-d8ae40b6b210,,19,19,"I speak in human terms because of the weakness of your flesh, for as you presented your members as servants to uncleanness and to wickedness upon wickedness, even so now present your members as servants to righteousness for sanctification."
9ce3b190-f983-52ce-ae71-ba4ca3174157,688b360b-59eb-5907-a950-d8ae40b6b210,,20,20,"For when you were servants of sin, you were free in regard to righteousness."
f1500935-e89d-5073-aa9d-a3170a512db0,688b360b-59eb-5907-a950-d8ae40b6b210,,21,21,What fruit then did you have at that time in the things of which you are now ashamed? For the end of those things is death.
a3913517-b1da-563c-a3ac-051fd539ab66,688b360b-59eb-5907-a950-d8ae40b6b210,,22,22,"But now, being made free from sin, and having become servants of God, you have your fruit of sanctification, and the result of eternal life."
915290bb-bbd5-5e99-ae95-77310bf8830a,688b360b-59eb-5907-a950-d8ae40b6b210,,23,23,"For the wages of sin is death, but the free gift of God is eternal life in Christ Jesus our Lord."
3c02f539-d77a-511a-a70c-90b45b66a7be,0d454352-a498-5088-ab70-a731b4376d9d,,1,1,"Or don't you know, brothers (for I speak to men who know the law), that the law has dominion over a man for as long as he lives?"
0a0aa48b-a370-5aee-a45d-460768312d3e,0d454352-a498-5088-ab70-a731b4376d9d,,2,2,"For the woman that has a husband is bound by law to the husband while he lives, but if the husband dies, she is discharged from the law of the husband."
8b9b8923-a12c-5e66-a923-840c520112d4,0d454352-a498-5088-ab70-a731b4376d9d,,3,3,"So then if, while the husband lives, she is joined to another man, she would be called an adulteress. But if the husband dies, she is free from the law, so that she is no adulteress, though she is joined to another man."
02ed6671-cc96-527d-adb8-3848fb7f03a4,0d454352-a498-5088-ab70-a731b4376d9d,,4,4,"Therefore, my brothers, you also were made dead to the law through the body of Christ, that you would be joined to another, to him who was raised from the dead, that we might bring forth fruit to God."
6d269347-001e-520d-a613-61fdbcad1ae3,0d454352-a498-5088-ab70-a731b4376d9d,,5,5,"For when we were in the flesh, the sinful passions which were through the law, worked in our members to bring forth fruit to death."
01bd953a-0a00-56bc-a37f-b1085fdfc6da,0d454352-a498-5088-ab70-a731b4376d9d,,6,6,"But now we have been discharged from the law, having died to that in which we were held; so that we serve in newness of the spirit, and not in oldness of the letter."
de36b967-9603-5227-a201-28c9fd57f928,0d454352-a498-5088-ab70-a731b4376d9d,,7,7,"What shall we say then? Is the law sin? May it never be! However, I wouldn't have known sin, except through the law. For I wouldn't have known coveting, unless the law had said, ""You shall not covet."""
a0102b54-e0d2-584a-a799-b35186d0fbd0,0d454352-a498-5088-ab70-a731b4376d9d,,8,8,"But sin, finding occasion through the commandment, produced in me all kinds of coveting. For apart from the law, sin is dead."
a2e27b88-edcb-57b5-a922-a15ba2e51cb5,0d454352-a498-5088-ab70-a731b4376d9d,,9,9,"I was alive apart from the law once, but when the commandment came, sin revived, and I died."
2f4810ce-7930-5f73-ac8e-aa958ddb7f3d,0d454352-a498-5088-ab70-a731b4376d9d,,10,10,"The commandment, which was for life, this I found to be for death;"
e2a66b82-b691-58aa-ac54-3998bc05afd2,0d454352-a498-5088-ab70-a731b4376d9d,,11,11,"for sin, finding occasion through the commandment, deceived me, and through it killed me."
e2e3242d-8c0c-5f43-ac62-770611d750be,0d454352-a498-5088-ab70-a731b4376d9d,,12,12,"Therefore the law indeed is holy, and the commandment holy, and righteous, and good."
172cdd03-bfdb-5040-ae39-5b2a2ecb4d6c,0d454352-a498-5088-ab70-a731b4376d9d,,13,13,"Did then that which is good become death to me? May it never be! But sin, that it might be shown to be sin, by working death to me through that which is good; that through the commandment sin might become exceeding sinful."
bfc05ac3-636c-55de-a4a1-ba0939d284c9,0d454352-a498-5088-ab70-a731b4376d9d,,14,14,"For we know that the law is spiritual, but I am fleshly, sold under sin."
2d648a48-53eb-573c-a056-3741993d7944,0d454352-a498-5088-ab70-a731b4376d9d,,15,15,"For I don't know what I am doing. For I don't practice what I desire to do; but what I hate, that I do."
5baf13d8-80a4-5125-ae43-9a51a6ca2515,0d454352-a498-5088-ab70-a731b4376d9d,,16,16,"But if what I don't desire, that I do, I consent to the law that it is good."
fb77f439-21f6-532a-a18c-df9d6d832fed,0d454352-a498-5088-ab70-a731b4376d9d,,17,17,"So now it is no more I that do it, but sin which dwells in me."
825a45d7-b2dc-5ff2-aaca-a747881b4b09,0d454352-a498-5088-ab70-a731b4376d9d,,18,18,"For I know that in me, that is, in my flesh, dwells no good thing. For desire is present with me, but I don't find it doing that which is good."
760b1959-1382-5550-a929-2e20c8e563c9,0d454352-a498-5088-ab70-a731b4376d9d,,19,19,"For the good which I desire, I don't do; but the evil which I don't desire, that I practice."
2a91d789-e1d6-56e6-a1cb-0f877f2cbdf0,0d454352-a498-5088-ab70-a731b4376d9d,,20,20,"But if what I don't desire, that I do, it is no more I that do it, but sin which dwells in me."
3c204940-43b3-547e-ad6d-6aa38a590b55,0d454352-a498-5088-ab70-a731b4376d9d,,21,21,"I find then the law, that, to me, while I desire to do good, evil is present."
57c5efcc-6e7b-5783-af8e-e6d8db8b1999,0d454352-a498-5088-ab70-a731b4376d9d,,22,22,"For I delight in God's law after the inward man,"
a90d6fbe-96ec-5095-a48b-a9604edcafef,0d454352-a498-5088-ab70-a731b4376d9d,,23,23,"but I see a different law in my members, warring against the law of my mind, and bringing me into captivity under the law of sin which is in my members."
39519b2a-e746-5941-a341-f68d626f16f8,0d454352-a498-5088-ab70-a731b4376d9d,,24,24,What a wretched man I am! Who will deliver me out of the body of this death?
e819021f-185c-5b11-aadc-323eb0559579,0d454352-a498-5088-ab70-a731b4376d9d,,25,25,"I thank God through Jesus Christ, our Lord! So then with the mind, I myself serve God's law, but with the flesh, the sin's law."
7d0e3ef3-fb10-5c08-a5ec-d1a2f903bc02,642515ee-4955-59bd-a770-7109e105a1ed,,1,1,"There is therefore now no condemnation to those who are in Christ Jesus, who don't walk according to the flesh, but according to the Spirit."
589380fd-0ecb-5249-a214-7815e880738a,642515ee-4955-59bd-a770-7109e105a1ed,,2,2,For the law of the Spirit of life in Christ Jesus made me free from the law of sin and of death.
397699b4-a7b4-501b-aeae-a52c0b679132,642515ee-4955-59bd-a770-7109e105a1ed,,3,3,"For what the law couldn't do, in that it was weak through the flesh, God did, sending his own Son in the likeness of sinful flesh and for sin, he condemned sin in the flesh;"
e5e960a2-93c5-58bf-af51-860960fbde7e,642515ee-4955-59bd-a770-7109e105a1ed,,4,4,"that the ordinance of the law might be fulfilled in us, who walk not after the flesh, but after the Spirit."
f8aeb672-9ac6-5083-a094-2090ca93f075,642515ee-4955-59bd-a770-7109e105a1ed,,5,5,"For those who live according to the flesh set their minds on the things of the flesh, but those who live according to the Spirit, the things of the Spirit."
4dfff34c-88d7-5006-a2c4-f51f7a620093,642515ee-4955-59bd-a770-7109e105a1ed,,6,6,"For the mind of the flesh is death, but the mind of the Spirit is life and peace;"
694e6add-93db-5eec-a323-8f2345a13f2d,642515ee-4955-59bd-a770-7109e105a1ed,,7,7,"because the mind of the flesh is hostile towards God; for it is not subject to God's law, neither indeed can it be."
ce93ecad-79f7-59dc-a741-952450c3618e,642515ee-4955-59bd-a770-7109e105a1ed,,8,8,Those who are in the flesh can't please God.
efa994a1-96c6-5cc2-ad39-9664d787e3ac,642515ee-4955-59bd-a770-7109e105a1ed,,9,9,"But you are not in the flesh but in the Spirit, if it is so that the Spirit of God dwells in you. But if any man doesn't have the Spirit of Christ, he is not his."
ef54ba11-b8c4-5001-a76f-e438755cd1a4,642515ee-4955-59bd-a770-7109e105a1ed,,10,10,"If Christ is in you, the body is dead because of sin, but the spirit is alive because of righteousness."
a716e294-3f16-57e1-ad46-9b2c64f8851c,642515ee-4955-59bd-a770-7109e105a1ed,,11,11,"But if the Spirit of him who raised up Jesus from the dead dwells in you, he who raised up Christ Jesus from the dead will also give life to your mortal bodies through his Spirit who dwells in you."
a29c0d60-7031-59fb-a055-f00adf43b5ad,642515ee-4955-59bd-a770-7109e105a1ed,,12,12,"So then, brothers, we are debtors, not to the flesh, to live after the flesh."
9f1731c2-e523-52ef-a2b0-8a61b051adc4,642515ee-4955-59bd-a770-7109e105a1ed,,13,13,"For if you live after the flesh, you must die; but if by the Spirit you put to death the deeds of the body, you will live."
41d64079-68aa-5fb5-a4e0-baf94485cb86,642515ee-4955-59bd-a770-7109e105a1ed,,14,14,"For as many as are led by the Spirit of God, these are children of God."
1c3bbaec-20bf-56de-a2bd-70272d048ff9,642515ee-4955-59bd-a770-7109e105a1ed,,15,15,"For you didn't receive the spirit of bondage again to fear, but you received the Spirit of adoption, by whom we cry, ""Abba! Father!"""
29716e0a-29f7-5a02-a9e9-de8ec5074d3b,642515ee-4955-59bd-a770-7109e105a1ed,,16,16,The Spirit himself testifies with our spirit that we are children of God;
bf93930f-0403-5120-a88b-5fa93c1c9ad4,642515ee-4955-59bd-a770-7109e105a1ed,,17,17,"and if children, then heirs; heirs of God, and joint heirs with Christ; if indeed we suffer with him, that we may also be glorified with him."
d5fa3e3c-9322-52b2-afd8-ebe08b6d732f,642515ee-4955-59bd-a770-7109e105a1ed,,18,18,For I consider that the sufferings of this present time are not worthy to be compared with the glory which will be revealed toward us.
0e294477-9716-522b-a6f7-a5449e0d06cc,642515ee-4955-59bd-a770-7109e105a1ed,,19,19,For the creation waits with eager expectation for the children of God to be revealed.
08b33f2a-84f7-587e-ae83-91feda14867e,642515ee-4955-59bd-a770-7109e105a1ed,,20,20,"For the creation was subjected to vanity, not of its own will, but because of him who subjected it, in hope"
cbda26f8-c9bc-55ab-ae9c-11eab1b01751,642515ee-4955-59bd-a770-7109e105a1ed,,21,21,that the creation itself also will be delivered from the bondage of decay into the liberty of the glory of the children of God.
38583ae4-6c01-5214-a114-7a2029a6418d,642515ee-4955-59bd-a770-7109e105a1ed,,22,22,For we know that the whole creation groans and travails in pain together until now.
d016133a-83d2-5031-af6c-2db804e24ddb,642515ee-4955-59bd-a770-7109e105a1ed,,23,23,"Not only so, but ourselves also, who have the first fruits of the Spirit, even we ourselves groan within ourselves, waiting for adoption, the redemption of our body."
d95a8d5f-1754-5476-aab5-d7f12a8df0af,642515ee-4955-59bd-a770-7109e105a1ed,,24,24,"For we were saved in hope, but hope that is seen is not hope. For who hopes for that which he sees?"
1874e093-a17b-5801-a03f-e78d58e3de89,642515ee-4955-59bd-a770-7109e105a1ed,,25,25,"But if we hope for that which we don't see, we wait for it with patience."
265e36e8-da9d-5078-a81a-c25929b57a98,642515ee-4955-59bd-a770-7109e105a1ed,,26,26,"In the same way, the Spirit also helps our weaknesses, for we don't know how to pray as we ought. But the Spirit himself makes intercession for us with groanings which can't be uttered."
490fea77-8f0e-5743-ad07-d632ff656472,642515ee-4955-59bd-a770-7109e105a1ed,,27,27,"He who searches the hearts knows what is on the Spirit's mind, because he makes intercession for the saints according to God."
424c4aef-a130-5a6d-a543-e984de9779aa,642515ee-4955-59bd-a770-7109e105a1ed,,28,28,"We know that all things work together for good for those who love God, to those who are called according to his purpose."
2108695d-d3e0-58b0-acdf-a508cdc7779e,642515ee-4955-59bd-a770-7109e105a1ed,,29,29,"For whom he foreknew, he also predestined to be conformed to the image of his Son, that he might be the firstborn among many brothers."
ec00fa10-a101-5832-a79d-6255391fb782,642515ee-4955-59bd-a770-7109e105a1ed,,30,30,"Whom he predestined, those he also called. Whom he called, those he also justified. Whom he justified, those he also glorified."
b09a5199-e828-5599-a652-c0905a7c2f38,642515ee-4955-59bd-a770-7109e105a1ed,,31,31,"What then shall we say about these things? If God is for us, who can be against us?"
5ef3cb2c-1d6e-55ea-aa61-3121139de55c,642515ee-4955-59bd-a770-7109e105a1ed,,32,32,"He who didn't spare his own Son, but delivered him up for us all, how would he not also with him freely give us all things?"
5dec82aa-22be-5305-a86f-f1593a483cd2,642515ee-4955-59bd-a770-7109e105a1ed,,33,33,Who could bring a charge against God's chosen ones? It is God who justifies.
fc418715-2126-5f0a-a7f7-6bfb3871b219,642515ee-4955-59bd-a770-7109e105a1ed,,34,34,"Who is he who condemns? It is Christ who died, yes rather, who was raised from the dead, who is at the right hand of God, who also makes intercession for us."
33bcb5b8-cfa4-57c3-a69d-ac555ca95d48,642515ee-4955-59bd-a770-7109e105a1ed,,35,35,"Who shall separate us from the love of Christ? Could oppression, or anguish, or persecution, or famine, or nakedness, or peril, or sword?"
a3c88344-47ab-5ffe-abd8-fb60d00b4597,642515ee-4955-59bd-a770-7109e105a1ed,,36,36,"Even as it is written, ""For your sake we are killed all day long. We were accounted as sheep for the slaughter."""
cc00699d-2625-5f47-a871-e8ab829cc455,642515ee-4955-59bd-a770-7109e105a1ed,,37,37,"No, in all these things, we are more than conquerors through him who loved us."
7c63bf54-c19f-5b29-a9af-9774a3aed372,642515ee-4955-59bd-a770-7109e105a1ed,,38,38,"For I am persuaded, that neither death, nor life, nor angels, nor principalities, nor things present, nor things to come, nor powers,"
052cd3db-405e-522c-a5a7-62022308257d,642515ee-4955-59bd-a770-7109e105a1ed,,39,39,"nor height, nor depth, nor any other created thing, will be able to separate us from the love of God, which is in Christ Jesus our Lord."
ae3877b9-8a8b-52bd-afc2-eb9c1fe1e594,7a520cfb-f849-5fa8-a4ce-365bcc55ffdf,,1,1,"I tell the truth in Christ. I am not lying, my conscience testifying with me in the Holy Spirit,"
4f11f7d6-22f3-5862-ae4b-3c7aa6d031b4,7a520cfb-f849-5fa8-a4ce-365bcc55ffdf,,2,2,that I have great sorrow and unceasing pain in my heart.
f0691752-fc0f-5cec-a477-212252f07682,7a520cfb-f849-5fa8-a4ce-365bcc55ffdf,,3,3,"For I could wish that I myself were accursed from Christ for my brothers' sake, my relatives according to the flesh,"
bb6dbc48-9dc9-54b8-af65-90d0f6540e26,7a520cfb-f849-5fa8-a4ce-365bcc55ffdf,,4,4,"who are Israelites; whose is the adoption, the glory, the covenants, the giving of the law, the service, and the promises;"
2476193c-245f-5122-aeb7-98bd4f6ba816,7a520cfb-f849-5fa8-a4ce-365bcc55ffdf,,5,5,"of whom are the fathers, and from whom is Christ as concerning the flesh, who is over all, God, blessed forever. Amen."
a8602746-5381-5ff9-aee9-f63874b7bf37,7a520cfb-f849-5fa8-a4ce-365bcc55ffdf,,6,6,"But it is not as though the word of God has come to nothing. For they are not all Israel, that are of Israel."
a0b8a102-6514-567a-afa4-5bc5e39fcf59,7a520cfb-f849-5fa8-a4ce-365bcc55ffdf,,7,7,"Neither, because they are Abraham's seed, are they all children. But, ""In Isaac will your seed be called."""
3466248b-b9da-5dc5-a154-166334307be3,7a520cfb-f849-5fa8-a4ce-365bcc55ffdf,,8,8,"That is, it is not the children of the flesh who are children of God, but the children of the promise are counted as a seed."
8e3bb38a-01c7-5824-aaee-dd7796b0e491,7a520cfb-f849-5fa8-a4ce-365bcc55ffdf,,9,9,"For this is a word of promise, ""At the appointed time I will come, and Sarah will have a son."""
4816125b-8031-534b-aa19-79bb36fb8ea6,7a520cfb-f849-5fa8-a4ce-365bcc55ffdf,,10,10,"Not only so, but Rebecca also conceived by one, by our father Isaac."
7691ac8b-7fef-5590-a1e2-8672e28598d9,7a520cfb-f849-5fa8-a4ce-365bcc55ffdf,,11,11,"For being not yet born, neither having done anything good or bad, that the purpose of God according to election might stand, not of works, but of him who calls,"
53d82a67-cdec-55eb-adf0-4962de1c8d8d,7a520cfb-f849-5fa8-a4ce-365bcc55ffdf,,12,12,"it was said to her, ""The elder will serve the younger."""
1476fe46-d48d-50f7-a30c-a7861c93ad64,7a520cfb-f849-5fa8-a4ce-365bcc55ffdf,,13,13,"Even as it is written, ""Jacob I loved, but Esau I hated."""
b8fd8d38-19e7-5627-a3f3-0d03264be9a3,7a520cfb-f849-5fa8-a4ce-365bcc55ffdf,,14,14,What shall we say then? Is there unrighteousness with God? May it never be!
669f0786-17b2-5e9c-a341-6f1021bf0892,7a520cfb-f849-5fa8-a4ce-365bcc55ffdf,,15,15,"For he said to Moses, ""I will have mercy on whom I have mercy, and I will have compassion on whom I have compassion."""
93e56944-ce0a-57bf-a79d-d878463b6eda,7a520cfb-f849-5fa8-a4ce-365bcc55ffdf,,16,16,"So then it is not of him who wills, nor of him who runs, but of God who has mercy."
a91e1036-119f-5947-ad3b-42eba212b09f,7a520cfb-f849-5fa8-a4ce-365bcc55ffdf,,17,17,"For the Scripture says to Pharaoh, ""For this very purpose I caused you to be raised up, that I might show in you my power, and that my name might be proclaimed in all the earth."""
5d90649c-475c-57af-a398-4e234a274227,7a520cfb-f849-5fa8-a4ce-365bcc55ffdf,,18,18,"So then, he has mercy on whom he desires, and he hardens whom he desires."
ad38fda3-d363-5e4a-a96a-fb0af75dfc2e,7a520cfb-f849-5fa8-a4ce-365bcc55ffdf,,19,19,"You will say then to me, ""Why does he still find fault? For who withstands his will?"""
7b5aa146-ddd4-5c25-ac59-a819cec00da7,7a520cfb-f849-5fa8-a4ce-365bcc55ffdf,,20,20,"But indeed, O man, who are you to reply against God? Will the thing formed ask him who formed it, ""Why did you make me like this?"""
1441cbc2-9041-56f1-ace6-d08a5f2af045,7a520cfb-f849-5fa8-a4ce-365bcc55ffdf,,21,21,"Or hasn't the potter a right over the clay, from the same lump to make one part a vessel for honor, and another for dishonor?"
82d86df2-95ae-5def-aff7-e1fb7c74d055,7a520cfb-f849-5fa8-a4ce-365bcc55ffdf,,22,22,"What if God, willing to show his wrath, and to make his power known, endured with much patience vessels of wrath made for destruction,"
b3058e5e-5dfb-5f9a-a43c-d3c7d5c5a90f,7a520cfb-f849-5fa8-a4ce-365bcc55ffdf,,23,23,"and that he might make known the riches of his glory on vessels of mercy, which he prepared beforehand for glory,"
3c66713c-8da5-5f97-a333-e8a4b80dda2f,7a520cfb-f849-5fa8-a4ce-365bcc55ffdf,,24,24,"us, whom he also called, not from the Jews only, but also from the Gentiles?"
45f3972e-21b6-5fbc-a0a5-1f6983a53ce4,7a520cfb-f849-5fa8-a4ce-365bcc55ffdf,,25,25,"As he says also in Hosea, ""I will call them 'my people,' which were not my people; and her 'beloved,' who was not beloved."""
860afc90-7c48-5413-ab0e-e0fb9b15ed50,7a520cfb-f849-5fa8-a4ce-365bcc55ffdf,,26,26,"""It will be that in the place where it was said to them, 'You are not my people,' There they will be called 'children of the living God.'"""
df0c21e0-a621-5607-a2b4-337b6c6e3cc2,7a520cfb-f849-5fa8-a4ce-365bcc55ffdf,,27,27,"Isaiah cries concerning Israel, ""If the number of the children of Israel are as the sand of the sea, it is the remnant who will be saved;"
6c70fd3e-fa15-56f2-a753-06f71871d340,7a520cfb-f849-5fa8-a4ce-365bcc55ffdf,,28,28,"for He will finish the work and cut it short in righteousness, because the LORD will make a short work upon the earth."""
a6e44416-5d7c-5580-a948-343dce95c36e,7a520cfb-f849-5fa8-a4ce-365bcc55ffdf,,29,29,"As Isaiah has said before, ""Unless the Lord of Armies had left us a seed, we would have become like Sodom, and would have been made like Gomorrah."""
4d09e0b3-77a6-529d-a540-bd685d916425,7a520cfb-f849-5fa8-a4ce-365bcc55ffdf,,30,30,"What shall we say then? That the Gentiles, who didn't follow after righteousness, attained to righteousness, even the righteousness which is of faith;"
7cca7124-446c-574b-a227-ab491d491b54,7a520cfb-f849-5fa8-a4ce-365bcc55ffdf,,31,31,"but Israel, following after a law of righteousness, didn't arrive at the law of righteousness."
ac26ad06-c248-56d1-ab20-0f6916719d4d,7a520cfb-f849-5fa8-a4ce-365bcc55ffdf,,32,32,"Why? Because they didn't seek it by faith, but as it were by works of the law. They stumbled over the stumbling stone;"
9f35741e-db7f-5511-a780-7b0c8c432e18,7a520cfb-f849-5fa8-a4ce-365bcc55ffdf,,33,33,"even as it is written, ""Behold, I lay in Zion a stumbling stone and a rock of offense; and no one who believes in him will be disappointed."""
31295812-b092-50f5-a5bd-f2eb9379f335,37949ff1-5aac-5157-a44f-b4135ef15253,,1,1,"Brothers, my heart's desire and my prayer to God is for Israel, that they may be saved."
29b83ada-fef2-56a4-a5ae-f704cd961cca,37949ff1-5aac-5157-a44f-b4135ef15253,,2,2,"For I testify about them that they have a zeal for God, but not according to knowledge."
f443f48f-3d30-55d5-ad68-317a635b4a33,37949ff1-5aac-5157-a44f-b4135ef15253,,3,3,"For being ignorant of God's righteousness, and seeking to establish their own righteousness, they didn't subject themselves to the righteousness of God."
4d4d25ca-3378-58a4-af7f-2a937c7a5ec6,37949ff1-5aac-5157-a44f-b4135ef15253,,4,4,For Christ is the fulfillment of the law for righteousness to everyone who believes.
b16e1d6d-ff09-580a-abc5-37e563309e11,37949ff1-5aac-5157-a44f-b4135ef15253,,5,5,"For Moses writes about the righteousness of the law, ""The one who does them will live by them."""
0fceeea9-f1d5-5418-a06a-8d90f1f52011,37949ff1-5aac-5157-a44f-b4135ef15253,,6,6,"But the righteousness which is of faith says this, ""Don't say in your heart, 'Who will ascend into heaven?' (that is, to bring Christ down);"
abc2d12b-950f-5375-a48f-1fba7b034300,37949ff1-5aac-5157-a44f-b4135ef15253,,7,7,"or, 'Who will descend into the abyss?' (that is, to bring Christ up from the dead.)"""
aad1adb3-88e9-5537-a8e7-a92b3e1b5fa8,37949ff1-5aac-5157-a44f-b4135ef15253,,8,8,"But what does it say? ""The word is near you, in your mouth, and in your heart;"" that is, the word of faith, which we preach:"
d93979b4-4533-5487-aaf9-729a976bac90,37949ff1-5aac-5157-a44f-b4135ef15253,,9,9,"that if you will confess with your mouth that Jesus is Lord, and believe in your heart that God raised him from the dead, you will be saved."
eae690e3-3b09-5e34-a142-230e958dda81,37949ff1-5aac-5157-a44f-b4135ef15253,,10,10,"For with the heart, one believes unto righteousness; and with the mouth confession is made unto salvation."
aeb59755-a287-53c9-a849-a22d80d09cf3,37949ff1-5aac-5157-a44f-b4135ef15253,,11,11,"For the Scripture says, ""Whoever believes in him will not be disappointed."""
aed15f79-6c04-53ae-a8fb-735a66963e86,37949ff1-5aac-5157-a44f-b4135ef15253,,12,12,"For there is no distinction between Jew and Greek; for the same Lord is Lord of all, and is rich to all who call on him."
d622b98b-bde2-50c8-a4c7-7912bb69e29c,37949ff1-5aac-5157-a44f-b4135ef15253,,13,13,"For, ""Whoever will call on the name of the Lord will be saved."""
9eda8e90-4745-5748-a54b-4b4197bdfed4,37949ff1-5aac-5157-a44f-b4135ef15253,,14,14,How then will they call on him in whom they have not believed? How will they believe in him whom they have not heard? How will they hear without a preacher?
c31936bd-6546-519b-a387-a4d697c5d80a,37949ff1-5aac-5157-a44f-b4135ef15253,,15,15,"And how will they preach unless they are sent? As it is written: ""How beautiful are the feet of those who preach the Good News of peace, who bring glad tidings of good things!"""
7b0d9174-0172-583d-a2a2-6b51cc011c47,37949ff1-5aac-5157-a44f-b4135ef15253,,16,16,"But they didn't all listen to the glad news. For Isaiah says, ""Lord, who has believed our report?"""
a9ff4c91-b340-5004-a84e-f004992a982d,37949ff1-5aac-5157-a44f-b4135ef15253,,17,17,"So faith comes by hearing, and hearing by the word of God."
69be8c98-4510-5ace-a065-0f5b1b6617fc,37949ff1-5aac-5157-a44f-b4135ef15253,,18,18,"But I say, didn't they hear? Yes, most certainly, ""Their sound went out into all the earth, their words to the ends of the world."""
1fc5b9a7-1e09-5adf-ae7b-3258d59e2b26,37949ff1-5aac-5157-a44f-b4135ef15253,,19,19,"But I ask, didn't Israel know? First Moses says, ""I will provoke you to jealousy with that which is no nation, with a nation void of understanding I will make you angry."""
6a406310-a19e-5934-a963-51e3c164d174,37949ff1-5aac-5157-a44f-b4135ef15253,,20,20,"Isaiah is very bold, and says, ""I was found by those who didn't seek me. I was revealed to those who didn't ask for me."""
640c1945-95c5-581c-ab88-ff0e442d5792,37949ff1-5aac-5157-a44f-b4135ef15253,,21,21,"But as to Israel he says, ""All day long I stretched out my hands to a disobedient and contrary people."""
af7223e9-df39-5d42-abf3-ff358ee6c6ae,0661456f-4f14-5679-a657-550cb1e14069,,1,1,"I ask then, did God reject his people? May it never be! For I also am an Israelite, a descendant of Abraham, of the tribe of Benjamin."
4cad9422-b3ec-5256-adb7-9b70ef4f66cf,0661456f-4f14-5679-a657-550cb1e14069,,2,2,"God didn't reject his people, which he foreknew. Or don't you know what the Scripture says about Elijah? How he pleads with God against Israel:"
9f28a33f-15f9-57ba-a2e1-03776a69f7e5,0661456f-4f14-5679-a657-550cb1e14069,,3,3,"""Lord, they have killed your prophets, they have broken down your altars; and I am left alone, and they seek my life."""
f0b534da-ccdf-5427-a65d-9dcfd65a3a31,0661456f-4f14-5679-a657-550cb1e14069,,4,4,"But how does God answer him? ""I have reserved for myself seven thousand men, who have not bowed the knee to Baal."""
56451a2f-be8d-5e0d-a4e9-e19dc8d665e1,0661456f-4f14-5679-a657-550cb1e14069,,5,5,Even so then at this present time also there is a remnant according to the election of grace.
9cac0d21-56f9-5106-a00b-705a0d0c7019,0661456f-4f14-5679-a657-550cb1e14069,,6,6,"And if by grace, then it is no longer of works; otherwise grace is no longer grace. But if it is of works, it is no longer grace; otherwise work is no longer work."
efa3f647-96ae-5878-a3d8-25902062472d,0661456f-4f14-5679-a657-550cb1e14069,,7,7,"What then? That which Israel seeks for, that he didn't obtain, but the chosen ones obtained it, and the rest were hardened."
d2239c50-f5f1-57b2-a50b-5012025eff7d,0661456f-4f14-5679-a657-550cb1e14069,,8,8,"According as it is written, ""God gave them a spirit of stupor, eyes that they should not see, and ears that they should not hear, to this very day."""
242711e1-e568-5808-a10f-a7367d212b8e,0661456f-4f14-5679-a657-550cb1e14069,,9,9,"David says, ""Let their table be made a snare, and a trap, a stumbling block, and a retribution to them."
8272f109-4a20-5b10-ae38-3c0a99035401,0661456f-4f14-5679-a657-550cb1e14069,,10,10,"Let their eyes be darkened, that they may not see. Bow down their back always."""
3a24a66b-0d89-5938-ac3f-cd88f2510e43,0661456f-4f14-5679-a657-550cb1e14069,,11,11,"I ask then, did they stumble that they might fall? May it never be! But by their fall salvation has come to the Gentiles, to provoke them to jealousy."
afffb0a1-1113-56b2-a14b-fb04a1890a65,0661456f-4f14-5679-a657-550cb1e14069,,12,12,"Now if their fall is the riches of the world, and their loss the riches of the Gentiles; how much more their fullness?"
7a1efd2d-5026-5139-a315-ce63e6104bae,0661456f-4f14-5679-a657-550cb1e14069,,13,13,"For I speak to you who are Gentiles. Since then as I am an apostle to Gentiles, I glorify my ministry;"
d3cf562a-5855-5a7a-a7c2-7dc6dae92687,0661456f-4f14-5679-a657-550cb1e14069,,14,14,"if by any means I may provoke to jealousy those who are my flesh, and may save some of them."
056525c8-d0e3-5827-ad84-30fb92a4017e,0661456f-4f14-5679-a657-550cb1e14069,,15,15,"For if the rejection of them is the reconciling of the world, what would their acceptance be, but life from the dead?"
b1900f7f-ad35-5b52-ada5-1b12fa5dec1b,0661456f-4f14-5679-a657-550cb1e14069,,16,16,"If the first fruit is holy, so is the lump. If the root is holy, so are the branches."
1f98d133-0b94-5ff9-af5f-c4337ee45e46,0661456f-4f14-5679-a657-550cb1e14069,,17,17,"But if some of the branches were broken off, and you, being a wild olive, were grafted in among them, and became partaker with them of the root and of the richness of the olive tree;"
dc2fa037-dd6b-5097-a599-54573ca4ea23,0661456f-4f14-5679-a657-550cb1e14069,,18,18,"don't boast over the branches. But if you boast, it is not you who support the root, but the root supports you."
a9a215dd-f517-509f-ab31-336a6eaa4627,0661456f-4f14-5679-a657-550cb1e14069,,19,19,"You will say then, ""Branches were broken off, that I might be grafted in."""
34e0d347-b3db-5ee1-a3be-f5a7f2458064,0661456f-4f14-5679-a657-550cb1e14069,,20,20,"True; by their unbelief they were broken off, and you stand by your faith. Don't be conceited, but fear;"
def1782c-97eb-528e-a370-344734f89d50,0661456f-4f14-5679-a657-550cb1e14069,,21,21,"for if God didn't spare the natural branches, neither will he spare you."
139082b7-173f-5572-a102-3ff2b6e6910d,0661456f-4f14-5679-a657-550cb1e14069,,22,22,"See then the goodness and severity of God. Toward those who fell, severity; but toward you, goodness, if you continue in his goodness; otherwise you also will be cut off."
fa2ece71-6925-5dd5-af84-787cfb65c864,0661456f-4f14-5679-a657-550cb1e14069,,23,23,"They also, if they don't continue in their unbelief, will be grafted in, for God is able to graft them in again."
ecbd63bc-6c0c-5a70-afed-58372fabaca1,0661456f-4f14-5679-a657-550cb1e14069,,24,24,"For if you were cut out of that which is by nature a wild olive tree, and were grafted contrary to nature into a good olive tree, how much more will these, which are the natural branches, be grafted into their own olive tree?"
9c71f9a1-3bde-592a-a54a-8be8d7776631,0661456f-4f14-5679-a657-550cb1e14069,,25,25,"For I don't desire you to be ignorant, brothers, of this mystery, so that you won't be wise in your own conceits, that a partial hardening has happened to Israel, until the fullness of the Gentiles has come in,"
0a6e4a95-b34b-5531-ab39-ac63a9c6acde,0661456f-4f14-5679-a657-550cb1e14069,,26,26,"and so all Israel will be saved. Even as it is written, ""There will come out of Zion the Deliverer, and he will turn away ungodliness from Jacob."
656aabd9-71b7-5084-a3cf-dc94bd1e1183,0661456f-4f14-5679-a657-550cb1e14069,,27,27,"This is my covenant to them, when I will take away their sins."""
a0624b1b-3946-5cc3-acb4-b6323c8f8241,0661456f-4f14-5679-a657-550cb1e14069,,28,28,"Concerning the Good News, they are enemies for your sake. But concerning the election, they are beloved for the fathers' sake."
bb171e0d-4f58-569f-a30f-cb8c871f1441,0661456f-4f14-5679-a657-550cb1e14069,,29,29,For the gifts and the calling of God are irrevocable.
3ff968d2-4c8a-5c8f-a3af-ceb04d118747,0661456f-4f14-5679-a657-550cb1e14069,,30,30,"For as you in time past were disobedient to God, but now have obtained mercy by their disobedience,"
029ed562-03e7-5166-ac63-1e69ef6c9199,0661456f-4f14-5679-a657-550cb1e14069,,31,31,"even so these also have now been disobedient, that by the mercy shown to you they may also obtain mercy."
c12d14f9-76eb-528d-a855-878826e8728e,0661456f-4f14-5679-a657-550cb1e14069,,32,32,"For God has shut up all to disobedience, that he might have mercy on all."
f11d881e-b47e-5a4d-a826-b3a6a5c5ccd6,0661456f-4f14-5679-a657-550cb1e14069,,33,33,"Oh the depth of the riches both of the wisdom and the knowledge of God! How unsearchable are his judgments, and his ways past tracing out!"
ba9a8a1a-61f8-54fb-a307-2e8ab6e1a839,0661456f-4f14-5679-a657-550cb1e14069,,34,34,"""For who has known the mind of the Lord? Or who has been his counselor?"""
feb9070f-9576-55bb-aed3-c0a1fe66a7a7,0661456f-4f14-5679-a657-550cb1e14069,,35,35,"""Or who has first given to him, and it will be repaid to him again?"""
6a3dc721-4b5e-5460-ad37-df8da54d3b45,0661456f-4f14-5679-a657-550cb1e14069,,36,36,"For of him, and through him, and to him, are all things. To him be the glory for ever! Amen."
b02ef548-662b-5b5f-afd3-b8495030bdc8,8e410ede-3d91-548b-a4e8-045770c95979,,1,1,"Therefore I urge you, brothers, by the mercies of God, to present your bodies a living sacrifice, holy, acceptable to God, which is your spiritual service."
d06fa963-1f44-5437-a868-e5d9aa10ad63,8e410ede-3d91-548b-a4e8-045770c95979,,2,2,"Don't be conformed to this world, but be transformed by the renewing of your mind, so that you may prove what is the good, well-pleasing, and perfect will of God."
2cb8f318-54e8-5263-ac4f-7910e07b15a4,8e410ede-3d91-548b-a4e8-045770c95979,,3,3,"For I say, through the grace that was given me, to every man who is among you, not to think of himself more highly than he ought to think; but to think reasonably, as God has apportioned to each person a measure of faith."
61f39075-472e-5a94-aafc-908e5e74d2d0,8e410ede-3d91-548b-a4e8-045770c95979,,4,4,"For even as we have many members in one body, and all the members don't have the same function,"
8b04b5c5-79f4-5606-a003-d059592c3a80,8e410ede-3d91-548b-a4e8-045770c95979,,5,5,"so we, who are many, are one body in Christ, and individually members one of another."
e97ad64b-7856-51d3-a4ba-f92a51ed22b2,8e410ede-3d91-548b-a4e8-045770c95979,,6,6,"Having gifts differing according to the grace that was given to us, if prophecy, let us prophesy according to the proportion of our faith;"
7dd161de-848f-5e3e-ac10-1b6b9377890d,8e410ede-3d91-548b-a4e8-045770c95979,,7,7,"or service, let us give ourselves to service; or he who teaches, to his teaching;"
830d79c0-de08-525a-aac3-ba964e057bf8,8e410ede-3d91-548b-a4e8-045770c95979,,8,8,"or he who exhorts, to his exhorting: he who gives, let him do it with liberality; he who rules, with diligence; he who shows mercy, with cheerfulness."
482b7aaa-c898-5940-ae41-8bf92cc9bd01,8e410ede-3d91-548b-a4e8-045770c95979,,9,9,Let love be without hypocrisy. Abhor that which is evil. Cling to that which is good.
963e59b2-03c6-5f0a-a10f-5eab5e51181b,8e410ede-3d91-548b-a4e8-045770c95979,,10,10,In love of the brothers be tenderly affectionate one to another; in honor preferring one another;
d9aa2401-575e-5c71-ad08-f0feb1afa318,8e410ede-3d91-548b-a4e8-045770c95979,,11,11,not lagging in diligence; fervent in spirit; serving the Lord;
9c2fe86c-0c19-5edd-a920-c863beb01d55,8e410ede-3d91-548b-a4e8-045770c95979,,12,12,rejoicing in hope; enduring in troubles; continuing steadfastly in prayer;
f90b86b2-e338-501a-a991-789d4ded9769,8e410ede-3d91-548b-a4e8-045770c95979,,13,13,contributing to the needs of the saints; given to hospitality.
a7a04e27-4ea9-54dc-a3a7-2e1e3146b5a1,8e410ede-3d91-548b-a4e8-045770c95979,,14,14,"Bless those who persecute you; bless, and don't curse."
95a04747-0b8f-51d6-acfc-613c2e1160f6,8e410ede-3d91-548b-a4e8-045770c95979,,15,15,Rejoice with those who rejoice. Weep with those who weep.
6bfc5c1b-c682-56ed-a31b-3cfed93d1286,8e410ede-3d91-548b-a4e8-045770c95979,,16,16,"Be of the same mind one toward another. Don't set your mind on high things, but associate with the humble. Don't be wise in your own conceits."
8ff6fd7c-4656-512e-a3ab-d202a2b42948,8e410ede-3d91-548b-a4e8-045770c95979,,17,17,Repay no one evil for evil. Respect what is honorable in the sight of all men.
e2e75314-fc52-5268-a279-799221717c1a,8e410ede-3d91-548b-a4e8-045770c95979,,18,18,"If it is possible, as much as it is up to you, be at peace with all men."
0bcee969-44d3-52bd-a6a4-5a462ae04202,8e410ede-3d91-548b-a4e8-045770c95979,,19,19,"Don't seek revenge yourselves, beloved, but give place to God's wrath. For it is written, ""Vengeance belongs to me; I will repay, says the Lord."""
43e0026a-83a8-503d-ad0d-708f48be712a,8e410ede-3d91-548b-a4e8-045770c95979,,20,20,"Therefore ""If your enemy is hungry, feed him. If he is thirsty, give him a drink; for in doing so, you will heap coals of fire on his head."""
ee3b387e-6a4f-5424-a1c9-969876c93403,8e410ede-3d91-548b-a4e8-045770c95979,,21,21,"Don't be overcome by evil, but overcome evil with good."
031d7532-b5c6-5157-a3b6-eeb69eebe151,dc97247a-bbaa-54b4-abf0-a03ec317be38,,1,1,"Let every soul be in subjection to the higher authorities, for there is no authority except from God, and those who exist are ordained by God."
9407eba4-5333-5d77-a352-206e08d7e8cb,dc97247a-bbaa-54b4-abf0-a03ec317be38,,2,2,"Therefore he who resists the authority, withstands the ordinance of God; and those who withstand will receive to themselves judgment."
819feb56-2581-519f-a9da-aaa1959ef027,dc97247a-bbaa-54b4-abf0-a03ec317be38,,3,3,"For rulers are not a terror to the good work, but to the evil. Do you desire to have no fear of the authority? Do that which is good, and you will have praise from the same,"
2c09fe02-acb8-50a6-a456-a796c32be203,dc97247a-bbaa-54b4-abf0-a03ec317be38,,4,4,"for he is a servant of God to you for good. But if you do that which is evil, be afraid, for he doesn't bear the sword in vain; for he is a servant of God, an avenger for wrath to him who does evil."
24f71731-2008-5f5c-a97d-725dd68ab5c9,dc97247a-bbaa-54b4-abf0-a03ec317be38,,5,5,"Therefore you need to be in subjection, not only because of the wrath, but also for conscience' sake."
befe7c42-e9c6-5b2f-adcf-b449f293f55f,dc97247a-bbaa-54b4-abf0-a03ec317be38,,6,6,"For this reason you also pay taxes, for they are servants of God's service, attending continually on this very thing."
0b9df8a9-a990-5bb1-a853-406fdbfa9834,dc97247a-bbaa-54b4-abf0-a03ec317be38,,7,7,Give therefore to everyone what you owe: taxes to whom taxes are due; customs to whom customs; respect to whom respect; honor to whom honor.
a6c5a73c-cae3-5c6f-a855-872f0a56ac6d,dc97247a-bbaa-54b4-abf0-a03ec317be38,,8,8,"Owe no one anything, except to love one another; for he who loves his neighbor has fulfilled the law."
585c3092-a5bf-5302-ad4a-00c703d60778,dc97247a-bbaa-54b4-abf0-a03ec317be38,,9,9,"For the commandments, ""You shall not commit adultery,"" ""You shall not murder,"" ""You shall not steal,"" ""You shall not give false testimony,"" ""You shall not covet,"" and whatever other commandments there are, are all summed up in this saying, namely, ""You shall love your neighbor as yourself."""
80a1dce3-4802-536a-acef-8a64ba2d7993,dc97247a-bbaa-54b4-abf0-a03ec317be38,,10,10,Love doesn't harm a neighbor. Love therefore is the fulfillment of the law.
cede6c85-5374-5dd8-a4ca-d04bd2925c36,dc97247a-bbaa-54b4-abf0-a03ec317be38,,11,11,"Do this, knowing the time, that it is already time for you to awaken out of sleep, for salvation is now nearer to us than when we first believed."
7fe0beac-70ba-5b9f-ac4d-a8aeceddf6f1,dc97247a-bbaa-54b4-abf0-a03ec317be38,,12,12,"The night is far gone, and the day is near. Let's therefore throw off the works of darkness, and let's put on the armor of light."
5a3b777f-274c-5c46-ab78-428c86de6609,dc97247a-bbaa-54b4-abf0-a03ec317be38,,13,13,"Let us walk properly, as in the day; not in reveling and drunkenness, not in sexual promiscuity and lustful acts, and not in strife and jealousy."
8b9838bb-8320-53f9-a822-b3380a492d49,dc97247a-bbaa-54b4-abf0-a03ec317be38,,14,14,"But put on the Lord Jesus Christ, and make no provision for the flesh, for its lusts."
054794d7-16e1-5441-a41b-396b26f07d67,13667b81-6932-5576-a380-53401ed1feea,,1,1,"Now accept one who is weak in faith, but not for disputes over opinions."
3bd474f2-d3ff-547a-a001-6c0c0ce88f3c,13667b81-6932-5576-a380-53401ed1feea,,2,2,"One man has faith to eat all things, but he who is weak eats only vegetables."
a2ce6dbd-9214-579a-afa0-c71c31fefa55,13667b81-6932-5576-a380-53401ed1feea,,3,3,"Don't let him who eats despise him who doesn't eat. Don't let him who doesn't eat judge him who eats, for God has accepted him."
9f3c8285-c74f-54d3-a17d-fc3729e5bca6,13667b81-6932-5576-a380-53401ed1feea,,4,4,"Who are you who judge another's servant? To his own lord he stands or falls. Yes, he will be made to stand, for God has power to make him stand."
cc7eed8d-0d12-54fd-a1de-d3984a09a208,13667b81-6932-5576-a380-53401ed1feea,,5,5,One man esteems one day as more important. Another esteems every day alike. Let each man be fully assured in his own mind.
4c1c7557-d29c-51d7-aebb-168439b730ad,13667b81-6932-5576-a380-53401ed1feea,,6,6,"He who observes the day, observes it to the Lord; and he who does not observe the day, to the Lord he does not observe it. He who eats, eats to the Lord, for he gives God thanks. He who doesn't eat, to the Lord he doesn't eat, and gives God thanks."
9047e2dd-9542-5fe5-ae61-6936cceaefec,13667b81-6932-5576-a380-53401ed1feea,,7,7,"For none of us lives to himself, and none dies to himself."
5e7d804e-c387-5088-ad0a-80ad6112009c,13667b81-6932-5576-a380-53401ed1feea,,8,8,"For if we live, we live to the Lord. Or if we die, we die to the Lord. If therefore we live or die, we are the Lord's."
411276d8-778b-51b4-adab-064974fb41d8,13667b81-6932-5576-a380-53401ed1feea,,9,9,"For to this end Christ died, rose, and lived again, that he might be Lord of both the dead and the living."
3f92ab24-ac88-5d5c-adb9-839f903bd9a9,13667b81-6932-5576-a380-53401ed1feea,,10,10,"But you, why do you judge your brother? Or you again, why do you despise your brother? For we will all stand before the judgment seat of Christ."
e65a569c-2a96-5fea-a8e4-479651aa8291,13667b81-6932-5576-a380-53401ed1feea,,11,11,"For it is written, ""'As I live,' says the Lord, 'to me every knee will bow. Every tongue will confess to God.'"""
46d9e250-5bb1-54ad-a188-0e8a9d4ce5a1,13667b81-6932-5576-a380-53401ed1feea,,12,12,So then each one of us will give account of himself to God.
94f97b21-d5ba-55e7-a470-2f75d13b13ef,13667b81-6932-5576-a380-53401ed1feea,,13,13,"Therefore let's not judge one another any more, but judge this rather, that no man put a stumbling block in his brother's way, or an occasion for falling."
d52bfccf-2372-5b7f-a31f-891ba46e3ece,13667b81-6932-5576-a380-53401ed1feea,,14,14,"I know, and am persuaded in the Lord Jesus, that nothing is unclean of itself; except that to him who considers anything to be unclean, to him it is unclean."
15d6cbb0-be56-5073-aa0f-82ee82f7c707,13667b81-6932-5576-a380-53401ed1feea,,15,15,"Yet if because of food your brother is grieved, you walk no longer in love. Don't destroy with your food him for whom Christ died."
ac0e05cd-cfca-5213-ad70-5938c6f606d9,13667b81-6932-5576-a380-53401ed1feea,,16,16,"Then don't let your good be slandered,"
3ce673a7-a382-5ba8-a999-543922ab9704,13667b81-6932-5576-a380-53401ed1feea,,17,17,"for the Kingdom of God is not eating and drinking, but righteousness, peace, and joy in the Holy Spirit."
57c42265-6b8b-5dbb-a322-88e5d3dac349,13667b81-6932-5576-a380-53401ed1feea,,18,18,For he who serves Christ in these things is acceptable to God and approved by men.
b0583bdc-4908-5126-ace2-f8425bd15a8a,13667b81-6932-5576-a380-53401ed1feea,,19,19,"So then, let us follow after things which make for peace, and things by which we may build one another up."
fcdb41ad-c33e-5109-a493-fad27ac1434d,13667b81-6932-5576-a380-53401ed1feea,,20,20,"Don't overthrow God's work for food's sake. All things indeed are clean, however it is evil for that man who creates a stumbling block by eating."
62781bfc-e3fd-558e-a02a-4c50fdedf100,13667b81-6932-5576-a380-53401ed1feea,,21,21,"It is good to not eat meat, drink wine, nor do anything by which your brother stumbles, is offended, or is made weak."
cae4ac53-7c8b-5bed-aa07-24fbfc7d7c14,13667b81-6932-5576-a380-53401ed1feea,,22,22,Do you have faith? Have it to yourself before God. Happy is he who doesn't judge himself in that which he approves.
29c7746d-e888-5331-ab64-67a163c3ab8e,13667b81-6932-5576-a380-53401ed1feea,,23,23,"But he who doubts is condemned if he eats, because it isn't of faith; and whatever is not of faith is sin."
bfca27af-c400-5f36-a0b2-3d1798e79cd4,13667b81-6932-5576-a380-53401ed1feea,,24,24,"Now to him who is able to establish you according to my Good News and the preaching of Jesus Christ, according to the revelation of the mystery which has been kept secret through long ages,"
e5c45e1e-7d8b-5ad2-a8e3-38c0b3b9f5ac,13667b81-6932-5576-a380-53401ed1feea,,25,25,"but now is revealed, and by the Scriptures of the prophets, according to the commandment of the eternal God, is made known for obedience of faith to all the nations;"
197dfd2c-16ac-528e-a4b8-c58098969884,13667b81-6932-5576-a380-53401ed1feea,,26,26,"to the only wise God, through Jesus Christ, to whom be the glory forever! Amen."
c7da1f7f-91a2-5385-a374-f99578ab80de,21e2634f-afb1-5271-af50-0c78294e7c00,,1,1,"Now we who are strong ought to bear the weaknesses of the weak, and not to please ourselves."
cfe7730e-30c5-5da7-ab7a-b659f6919d22,21e2634f-afb1-5271-af50-0c78294e7c00,,2,2,"Let each one of us please his neighbor for that which is good, to be building him up."
4f62de3f-69d0-55eb-a7e8-8ad04a5ebfa9,21e2634f-afb1-5271-af50-0c78294e7c00,,3,3,"For even Christ didn't please himself. But, as it is written, ""The reproaches of those who reproached you fell on me."""
a65b8bc1-a5ea-5463-a7e1-eac8c0fd6848,21e2634f-afb1-5271-af50-0c78294e7c00,,4,4,"For whatever things were written before were written for our learning, that through patience and through encouragement of the Scriptures we might have hope."
8faeca0d-405b-517e-a42b-c25ef2d8a0e2,21e2634f-afb1-5271-af50-0c78294e7c00,,5,5,"Now the God of patience and of encouragement grant you to be of the same mind one with another according to Christ Jesus,"
fc340e0b-fabb-5e54-af24-7f9485a7ff40,21e2634f-afb1-5271-af50-0c78294e7c00,,6,6,that with one accord you may with one mouth glorify the God and Father of our Lord Jesus Christ.
87419776-d6fd-582c-a1df-5bb48cff394b,21e2634f-afb1-5271-af50-0c78294e7c00,,7,7,"Therefore accept one another, even as Christ also accepted you, to the glory of God."
b0fa643a-841c-5352-a255-3cd3571745a3,21e2634f-afb1-5271-af50-0c78294e7c00,,8,8,"Now I say that Christ has been made a servant of the circumcision for the truth of God, that he might confirm the promises given to the fathers,"
5b893fc3-129c-59e5-acc7-405cac3e742a,21e2634f-afb1-5271-af50-0c78294e7c00,,9,9,"and that the Gentiles might glorify God for his mercy. As it is written, ""Therefore will I give praise to you among the Gentiles, and sing to your name."""
ad9f7eda-31f4-5ee5-a6e9-780f342e02a3,21e2634f-afb1-5271-af50-0c78294e7c00,,10,10,"Again he says, ""Rejoice, you Gentiles, with his people."""
1ea8541a-2dfb-5bf4-a2ef-5e8b1a5985c9,21e2634f-afb1-5271-af50-0c78294e7c00,,11,11,"Again, ""Praise the Lord, all you Gentiles! Let all the peoples praise him."""
0456663a-5cf6-528c-a50f-43852649d3ed,21e2634f-afb1-5271-af50-0c78294e7c00,,12,12,"Again, Isaiah says, ""There will be the root of Jesse, he who arises to rule over the Gentiles; in him the Gentiles will hope."""
bfdeed0b-6f05-5760-af92-0a5e8afdba0f,21e2634f-afb1-5271-af50-0c78294e7c00,,13,13,"Now may the God of hope fill you with all joy and peace in believing, that you may abound in hope, in the power of the Holy Spirit."
661de0fe-fb69-56a0-a38b-b6c79dd3ada8,21e2634f-afb1-5271-af50-0c78294e7c00,,14,14,"I myself am also persuaded about you, my brothers, that you yourselves are full of goodness, filled with all knowledge, able also to admonish others."
2eca44c5-9f4e-56f6-a62f-819840ebd2a0,21e2634f-afb1-5271-af50-0c78294e7c00,,15,15,"But I write the more boldly to you in part, as reminding you, because of the grace that was given to me by God,"
b250d16c-b4a1-5a00-aa81-d9da0fd6b0df,21e2634f-afb1-5271-af50-0c78294e7c00,,16,16,"that I should be a servant of Christ Jesus to the Gentiles, serving as a priest the Good News of God, that the offering up of the Gentiles might be made acceptable, sanctified by the Holy Spirit."
45f6bae6-7716-51f5-af11-9b2e00171bb2,21e2634f-afb1-5271-af50-0c78294e7c00,,17,17,I have therefore my boasting in Christ Jesus in things pertaining to God.
91bf4990-d80b-5339-ac38-159b07fc9032,21e2634f-afb1-5271-af50-0c78294e7c00,,18,18,"For I will not dare to speak of any things except those which Christ worked through me, for the obedience of the Gentiles, by word and deed,"
240940d4-49fa-595c-a347-ee3b497bc9ca,21e2634f-afb1-5271-af50-0c78294e7c00,,19,19,"in the power of signs and wonders, in the power of God's Spirit; so that from Jerusalem, and around as far as to Illyricum, I have fully preached the Good News of Christ;"
fbe77775-ff3b-52dc-a5ae-c92e247c3e77,21e2634f-afb1-5271-af50-0c78294e7c00,,20,20,"yes, making it my aim to preach the Good News, not where Christ was already named, that I might not build on another's foundation."
0c204a4f-f008-5998-ae0c-5d4399e5e7e3,21e2634f-afb1-5271-af50-0c78294e7c00,,21,21,"But, as it is written, ""They will see, to whom no news of him came. They who haven't heard will understand."""
70ac01d6-9444-512b-a012-9aa077dff459,21e2634f-afb1-5271-af50-0c78294e7c00,,22,22,"Therefore also I was hindered these many times from coming to you,"
9fbcc925-006a-5511-a82c-95dc9dcc685e,21e2634f-afb1-5271-af50-0c78294e7c00,,23,23,"but now, no longer having any place in these regions, and having these many years a longing to come to you,"
c2810209-fff9-58ca-ae81-6433e3a676d4,21e2634f-afb1-5271-af50-0c78294e7c00,,24,24,"whenever I journey to Spain, I will come to you. For I hope to see you on my journey, and to be helped on my way there by you, if first I may enjoy your company for a while."
33ad63d0-7b18-5cba-ae39-13841bd9f213,21e2634f-afb1-5271-af50-0c78294e7c00,,25,25,"But now, I say, I am going to Jerusalem, serving the saints."
3995fc19-686d-5da9-a58e-a4026d88ae4d,21e2634f-afb1-5271-af50-0c78294e7c00,,26,26,For it has been the good pleasure of Macedonia and Achaia to make a certain contribution for the poor among the saints who are at Jerusalem.
229a4afb-c0e5-5a89-a458-2a7ebaea1dc3,21e2634f-afb1-5271-af50-0c78294e7c00,,27,27,"Yes, it has been their good pleasure, and they are their debtors. For if the Gentiles have been made partakers of their spiritual things, they owe it to them also to serve them in fleshly things."
a8c6c74a-30c2-5050-a48b-122968bfaf5c,21e2634f-afb1-5271-af50-0c78294e7c00,,28,28,"When therefore I have accomplished this, and have sealed to them this fruit, I will go on by way of you to Spain."
18baafd5-73f2-586e-a85f-f2029bcf7e50,21e2634f-afb1-5271-af50-0c78294e7c00,,29,29,"I know that, when I come to you, I will come in the fullness of the blessing of the Good News of Christ."
d90c9277-6005-5f54-a495-445a4017e392,21e2634f-afb1-5271-af50-0c78294e7c00,,30,30,"Now I beg you, brothers, by our Lord Jesus Christ, and by the love of the Spirit, that you strive together with me in your prayers to God for me,"
5ac5b56e-b06a-56c7-accd-034a2ba225e7,21e2634f-afb1-5271-af50-0c78294e7c00,,31,31,"that I may be delivered from those who are disobedient in Judea, and that my service which I have for Jerusalem may be acceptable to the saints;"
f0bf410f-b1c1-593c-afac-e88ea5f897f4,21e2634f-afb1-5271-af50-0c78294e7c00,,32,32,"that I may come to you in joy through the will of God, and together with you, find rest."
083e6043-a482-5261-a2cf-ff13599ad7af,21e2634f-afb1-5271-af50-0c78294e7c00,,33,33,Now the God of peace be with you all. Amen.
710ca5be-abc9-5d39-a73d-e715a0775821,e2d4abb5-4f6f-52ab-a703-690a289b54c4,,1,1,"I commend to you Phoebe, our sister, who is a servant of the assembly that is at Cenchreae,"
aeba4d2e-0fd4-5df0-a911-fcd1de482080,e2d4abb5-4f6f-52ab-a703-690a289b54c4,,2,2,"that you receive her in the Lord, in a way worthy of the saints, and that you assist her in whatever matter she may need from you, for she herself also has been a helper of many, and of my own self."
df6f98f6-8e3f-5eac-ad8b-c8573f858502,e2d4abb5-4f6f-52ab-a703-690a289b54c4,,3,3,"Greet Prisca and Aquila, my fellow workers in Christ Jesus,"
40d93d5e-a003-50d3-a57a-fb814d9c5f98,e2d4abb5-4f6f-52ab-a703-690a289b54c4,,4,4,"who for my life, laid down their own necks; to whom not only I give thanks, but also all the assemblies of the Gentiles."
63b87138-7b85-5b8b-a718-642dc15df429,e2d4abb5-4f6f-52ab-a703-690a289b54c4,,5,5,"Greet the assembly that is in their house. Greet Epaenetus, my beloved, who is the first fruits of Achaia to Christ."
5d241ab7-a463-5c23-a8c4-d3f84b772342,e2d4abb5-4f6f-52ab-a703-690a289b54c4,,6,6,"Greet Mary, who labored much for us."
b0126a3b-a0ee-5b17-a50b-0cfa6c0ae85a,e2d4abb5-4f6f-52ab-a703-690a289b54c4,,7,7,"Greet Andronicus and Junia, my relatives and my fellow prisoners, who are notable among the apostles, who also were in Christ before me."
0d8ef9ee-55d9-590d-aad0-8e7f7f21099d,e2d4abb5-4f6f-52ab-a703-690a289b54c4,,8,8,"Greet Amplias, my beloved in the Lord."
31328bc5-57c3-521d-aa98-2ffb1895ad7f,e2d4abb5-4f6f-52ab-a703-690a289b54c4,,9,9,"Greet Urbanus, our fellow worker in Christ, and Stachys, my beloved."
f6ffc28d-7e75-5067-abb1-a68a1dca046e,e2d4abb5-4f6f-52ab-a703-690a289b54c4,,10,10,"Greet Apelles, the approved in Christ. Greet those who are of the household of Aristobulus."
91df0707-3bee-5cbd-a341-b6adb68de982,e2d4abb5-4f6f-52ab-a703-690a289b54c4,,11,11,"Greet Herodion, my kinsman. Greet them of the household of Narcissus, who are in the Lord."
9e643be7-be65-50ed-a077-8effff649a90,e2d4abb5-4f6f-52ab-a703-690a289b54c4,,12,12,"Greet Tryphaena and Tryphosa, who labor in the Lord. Greet Persis, the beloved, who labored much in the Lord."
ad1696d3-acb0-5dd9-a664-02c1c9b2e95b,e2d4abb5-4f6f-52ab-a703-690a289b54c4,,13,13,"Greet Rufus, the chosen in the Lord, and his mother and mine."
3924807e-65f4-5290-af80-d612eaa29ebb,e2d4abb5-4f6f-52ab-a703-690a289b54c4,,14,14,"Greet Asyncritus, Phlegon, Hermes, Patrobas, Hermas, and the brothers who are with them."
7de4df3a-9897-5946-a024-94b5a76ed982,e2d4abb5-4f6f-52ab-a703-690a289b54c4,,15,15,"Greet Philologus and Julia, Nereus and his sister, and Olympas, and all the saints who are with them."
1c488008-6132-564a-a0c8-033fb8adbc67,e2d4abb5-4f6f-52ab-a703-690a289b54c4,,16,16,Greet one another with a holy kiss. The assemblies of Christ greet you.
1a91e2a4-f843-5131-ad88-09a65ab0fd3c,e2d4abb5-4f6f-52ab-a703-690a289b54c4,,17,17,"Now I beg you, brothers, look out for those who are causing the divisions and occasions of stumbling, contrary to the doctrine which you learned, and turn away from them."
3d2ff91d-103a-5dda-a765-c4b75f890136,e2d4abb5-4f6f-52ab-a703-690a289b54c4,,18,18,"For those who are such don't serve our Lord, Jesus Christ, but their own belly; and by their smooth and flattering speech, they deceive the hearts of the innocent."
10b33ef4-276e-54bd-ad72-2fe0ad138330,e2d4abb5-4f6f-52ab-a703-690a289b54c4,,19,19,"For your obedience has become known to all. I rejoice therefore over you. But I desire to have you wise in that which is good, but innocent in that which is evil."
c7c1f64e-6a16-5d55-ac77-185cb0a6ddf9,e2d4abb5-4f6f-52ab-a703-690a289b54c4,,20,20,And the God of peace will quickly crush Satan under your feet. The grace of our Lord Jesus Christ be with you.
2114dfbf-e0b6-5cd5-a689-c2660d913770,e2d4abb5-4f6f-52ab-a703-690a289b54c4,,21,21,"Timothy, my fellow worker, greets you, as do Lucius, Jason, and Sosipater, my relatives."
dc8ac116-22d0-5b67-a45e-24ebc5d046c5,e2d4abb5-4f6f-52ab-a703-690a289b54c4,,22,22,"I, Tertius, who write the letter, greet you in the Lord."
b9c398bd-fbb7-5e1f-ad12-748ae749571c,e2d4abb5-4f6f-52ab-a703-690a289b54c4,,23,23,"Gaius, my host and host of the whole assembly, greets you. Erastus, the treasurer of the city, greets you, as does Quartus, the brother."
a537f04e-93f1-5ee4-a21a-a92d29ee2ba0,e2d4abb5-4f6f-52ab-a703-690a289b54c4,,24,24,The grace of our Lord Jesus Christ be with you all! Amen.
8adabd6e-30b1-53b1-a350-024215424b57,e2d4abb5-4f6f-52ab-a703-690a289b54c4,,25,25,""
b389d13d-e289-5fe2-a1b4-1ef9d5e16082,06fe608e-02ca-59f8-a8f2-4164620aa765,,1,1,"Paul, called to be an apostle of Jesus Christ through the will of God, and our brother Sosthenes,"
dd26bb51-cd25-5b46-a7f4-962086b3e25c,06fe608e-02ca-59f8-a8f2-4164620aa765,,2,2,"to the assembly of God which is at Corinth; those who are sanctified in Christ Jesus, called to be saints, with all who call on the name of our Lord Jesus Christ in every place, both theirs and ours:"
d53630d4-3520-5ac7-a55a-cd5e9c5c8129,06fe608e-02ca-59f8-a8f2-4164620aa765,,3,3,Grace to you and peace from God our Father and the Lord Jesus Christ.
1fbde6f7-4364-55ea-aa63-251be985275b,06fe608e-02ca-59f8-a8f2-4164620aa765,,4,4,"I always thank my God concerning you, for the grace of God which was given you in Christ Jesus;"
6aff1d13-f4ce-537e-a978-9d147f25fb36,06fe608e-02ca-59f8-a8f2-4164620aa765,,5,5,"that in everything you were enriched in him, in all speech and all knowledge;"
581707fc-62c7-5e95-aed9-3f22dd6119b8,06fe608e-02ca-59f8-a8f2-4164620aa765,,6,6,even as the testimony of Christ was confirmed in you:
5fc92e1c-fa9c-5104-ae49-e6d8cfa647a7,06fe608e-02ca-59f8-a8f2-4164620aa765,,7,7,so that you come behind in no gift; waiting for the revelation of our Lord Jesus Christ;
e7d60fb2-2611-50e3-af49-4b80594bad69,06fe608e-02ca-59f8-a8f2-4164620aa765,,8,8,"who will also confirm you until the end, blameless in the day of our Lord Jesus Christ."
5217efa7-2351-5d02-aeb6-9c14009265c5,06fe608e-02ca-59f8-a8f2-4164620aa765,,9,9,"God is faithful, through whom you were called into the fellowship of his Son, Jesus Christ, our Lord."
e9a3c0d9-89aa-574d-ae52-c6271dd58bc8,06fe608e-02ca-59f8-a8f2-4164620aa765,,10,10,"Now I beg you, brothers, through the name of our Lord, Jesus Christ, that you all speak the same thing and that there be no divisions among you, but that you be perfected together in the same mind and in the same judgment."
c62b3a60-2f36-592f-a6c3-60fa2de50a76,06fe608e-02ca-59f8-a8f2-4164620aa765,,11,11,"For it has been reported to me concerning you, my brothers, by those who are from Chloe's household, that there are contentions among you."
aa3988e0-842f-56ab-aeb1-8c63524b10e8,06fe608e-02ca-59f8-a8f2-4164620aa765,,12,12,"Now I mean this, that each one of you says, ""I follow Paul,"" ""I follow Apollos,"" ""I follow Cephas,"" and, ""I follow Christ."""
b2a990c6-dab9-5fcb-aa4f-7d7a9698e815,06fe608e-02ca-59f8-a8f2-4164620aa765,,13,13,Is Christ divided? Was Paul crucified for you? Or were you baptized into the name of Paul?
1cb796b7-6f97-526f-afab-d7928d068b37,06fe608e-02ca-59f8-a8f2-4164620aa765,,14,14,"I thank God that I baptized none of you, except Crispus and Gaius,"
0c45ea3b-0cdf-5736-a09d-c0aedae225dc,06fe608e-02ca-59f8-a8f2-4164620aa765,,15,15,so that no one should say that I had baptized you into my own name.
0c4b9f37-145e-5e45-a4cf-74172ee3b874,06fe608e-02ca-59f8-a8f2-4164620aa765,,16,16,"(I also baptized the household of Stephanas; besides them, I don't know whether I baptized any other.)"
004bcbf1-29e8-5cd8-a64c-2e9f52f62eb2,06fe608e-02ca-59f8-a8f2-4164620aa765,,17,17,"For Christ sent me not to baptize, but to preach the Good News--not in wisdom of words, so that the cross of Christ wouldn't be made void."
de6a32eb-34d7-5cdb-aafc-cbb57aa2d8de,06fe608e-02ca-59f8-a8f2-4164620aa765,,18,18,"For the word of the cross is foolishness to those who are dying, but to us who are saved it is the power of God."
966f6fb6-c922-5432-a246-4b70bc09297e,06fe608e-02ca-59f8-a8f2-4164620aa765,,19,19,"For it is written, ""I will destroy the wisdom of the wise, I will bring the discernment of the discerning to nothing."""
56781590-1bc9-59ec-a52e-b1a038dd55ad,06fe608e-02ca-59f8-a8f2-4164620aa765,,20,20,Where is the wise? Where is the scribe? Where is the lawyer of this world? Hasn't God made foolish the wisdom of this world?
334eeeff-58e4-5e74-a3d3-f4c496f73af9,06fe608e-02ca-59f8-a8f2-4164620aa765,,21,21,"For seeing that in the wisdom of God, the world through its wisdom didn't know God, it was God's good pleasure through the foolishness of the preaching to save those who believe."
4a3e1a6d-7a87-5fc4-a1fd-2a62dbb32695,06fe608e-02ca-59f8-a8f2-4164620aa765,,22,22,"For Jews ask for signs, Greeks seek after wisdom,"
e2617e1f-ffd2-5a87-a869-b280b9e1286f,06fe608e-02ca-59f8-a8f2-4164620aa765,,23,23,"but we preach Christ crucified; a stumbling block to Jews, and foolishness to Greeks,"
ed000d04-a506-5223-ab53-0e5a238e58c4,06fe608e-02ca-59f8-a8f2-4164620aa765,,24,24,"but to those who are called, both Jews and Greeks, Christ is the power of God and the wisdom of God."
4f177078-4e66-5044-ac39-fe91f615ed8e,06fe608e-02ca-59f8-a8f2-4164620aa765,,25,25,"Because the foolishness of God is wiser than men, and the weakness of God is stronger than men."
a895d981-63ec-5c7e-a009-fb84a32e3016,06fe608e-02ca-59f8-a8f2-4164620aa765,,26,26,"For you see your calling, brothers, that not many are wise according to the flesh, not many mighty, and not many noble;"
638df56e-6227-55b7-a0bb-145fe4f2323e,06fe608e-02ca-59f8-a8f2-4164620aa765,,27,27,"but God chose the foolish things of the world that he might put to shame those who are wise. God chose the weak things of the world, that he might put to shame the things that are strong;"
de6703ba-27d3-5d20-a0f0-127172d403ed,06fe608e-02ca-59f8-a8f2-4164620aa765,,28,28,"and God chose the lowly things of the world, and the things that are despised, and the things that are not, that he might bring to nothing the things that are:"
982d69e9-28e1-5302-aadf-f8337b7cb0d8,06fe608e-02ca-59f8-a8f2-4164620aa765,,29,29,that no flesh should boast before God.
a95f9304-d8f4-5616-a55b-8f692bef48a3,06fe608e-02ca-59f8-a8f2-4164620aa765,,30,30,"But of him, you are in Christ Jesus, who was made to us wisdom from God, and righteousness and sanctification, and redemption:"
09ddf3fb-80be-5c34-acd8-1baf851cf16d,06fe608e-02ca-59f8-a8f2-4164620aa765,,31,31,"that, according as it is written, ""He who boasts, let him boast in the Lord."""
2c291741-8101-53bd-a593-d3ca068a1b3d,c975d527-5f45-5a71-a927-da8130a32edb,,1,1,"When I came to you, brothers, I didn't come with excellence of speech or of wisdom, proclaiming to you the testimony of God."
e6942c40-bbb0-5ad7-adc9-b91fc3382baa,c975d527-5f45-5a71-a927-da8130a32edb,,2,2,"For I determined not to know anything among you, except Jesus Christ, and him crucified."
85f7677f-2174-5df4-a168-e3ed06da40c7,c975d527-5f45-5a71-a927-da8130a32edb,,3,3,"I was with you in weakness, in fear, and in much trembling."
31b5a0b7-1c33-5504-af60-c1d4ed59fd5a,c975d527-5f45-5a71-a927-da8130a32edb,,4,4,"My speech and my preaching were not in persuasive words of human wisdom, but in demonstration of the Spirit and of power,"
2eb093aa-cef4-5a92-a4fb-03545952d770,c975d527-5f45-5a71-a927-da8130a32edb,,5,5,"that your faith wouldn't stand in the wisdom of men, but in the power of God."
a3ac8ad0-0a02-572f-abd2-3060c582ff17,c975d527-5f45-5a71-a927-da8130a32edb,,6,6,"We speak wisdom, however, among those who are full grown; yet a wisdom not of this world, nor of the rulers of this world, who are coming to nothing."
fd48cec1-0bed-5cb1-a87e-d0b6b388fc34,c975d527-5f45-5a71-a927-da8130a32edb,,7,7,"But we speak God's wisdom in a mystery, the wisdom that has been hidden, which God foreordained before the worlds for our glory,"
b68f8e41-52c8-523d-a763-320e23720cce,c975d527-5f45-5a71-a927-da8130a32edb,,8,8,"which none of the rulers of this world has known. For had they known it, they wouldn't have crucified the Lord of glory."
91c9f05a-e60e-5dfc-a935-a89a1bb07e85,c975d527-5f45-5a71-a927-da8130a32edb,,9,9,"But as it is written, ""Things which an eye didn't see, and an ear didn't hear, which didn't enter into the heart of man, these God has prepared for those who love him."""
29bdea8a-b9b0-50c6-ac2c-f326b5d0125a,c975d527-5f45-5a71-a927-da8130a32edb,,10,10,"But to us, God revealed them through the Spirit. For the Spirit searches all things, yes, the deep things of God."
fa22df29-6193-5ac7-a880-91f691561d0a,c975d527-5f45-5a71-a927-da8130a32edb,,11,11,"For who among men knows the things of a man, except the spirit of the man, which is in him? Even so, no one knows the things of God, except God's Spirit."
e934c9b0-cb69-5f33-ab13-5286f4963e6c,c975d527-5f45-5a71-a927-da8130a32edb,,12,12,"But we received, not the spirit of the world, but the Spirit which is from God, that we might know the things that were freely given to us by God."
d30a06c3-e517-5f5a-a5a7-396d3e27a62d,c975d527-5f45-5a71-a927-da8130a32edb,,13,13,"Which things also we speak, not in words which man's wisdom teaches, but which the Holy Spirit teaches, comparing spiritual things with spiritual things."
5b8c506b-7d3f-556b-aa5d-911a8bbfa458,c975d527-5f45-5a71-a927-da8130a32edb,,14,14,"Now the natural man doesn't receive the things of God's Spirit, for they are foolishness to him, and he can't know them, because they are spiritually discerned."
b8e59ef4-fe1e-5911-a25e-931ae2824406,c975d527-5f45-5a71-a927-da8130a32edb,,15,15,"But he who is spiritual discerns all things, and he himself is judged by no one."
bc68dbac-29c1-5d8a-aa7f-be176abcef18,c975d527-5f45-5a71-a927-da8130a32edb,,16,16,"""For who has known the mind of the Lord, that he should instruct him?"" But we have Christ's mind."
ce05abc5-8a43-57e8-a506-e8f36bf28f1e,650ab1f4-e6ec-5cf9-a234-ea0527c09efa,,1,1,"Brothers, I couldn't speak to you as to spiritual, but as to fleshly, as to babies in Christ."
b1df6223-f770-5a71-a757-f20bb7ddca66,650ab1f4-e6ec-5cf9-a234-ea0527c09efa,,2,2,"I fed you with milk, not with meat; for you weren't yet ready. Indeed, not even now are you ready,"
7f17fb4f-8825-508b-aaa5-b57cb0aba0e9,650ab1f4-e6ec-5cf9-a234-ea0527c09efa,,3,3,"for you are still fleshly. For insofar as there is jealousy, strife, and factions among you, aren't you fleshly, and don't you walk in the ways of men?"
fd8b1e42-57ea-55f9-afa2-833d07049644,650ab1f4-e6ec-5cf9-a234-ea0527c09efa,,4,4,"For when one says, ""I follow Paul,"" and another, ""I follow Apollos,"" aren't you fleshly?"
687e4fae-39aa-56d9-a3cc-e1ee9cc27eae,650ab1f4-e6ec-5cf9-a234-ea0527c09efa,,5,5,"Who then is Apollos, and who is Paul, but servants through whom you believed; and each as the Lord gave to him?"
6b729a2c-4c39-54f4-a4f3-a4cc671f941c,650ab1f4-e6ec-5cf9-a234-ea0527c09efa,,6,6,I planted. Apollos watered. But God gave the increase.
5d79a623-437d-5ec6-ad09-df3dfc2ccf36,650ab1f4-e6ec-5cf9-a234-ea0527c09efa,,7,7,"So then neither he who plants is anything, nor he who waters, but God who gives the increase."
6d2167fa-83ba-5140-a229-6a8024eadc83,650ab1f4-e6ec-5cf9-a234-ea0527c09efa,,8,8,"Now he who plants and he who waters are the same, but each will receive his own reward according to his own labor."
daee5cab-50a3-5eb0-a261-0fcfeb0e2d22,650ab1f4-e6ec-5cf9-a234-ea0527c09efa,,9,9,"For we are God's fellow workers. You are God's farming, God's building."
255a2aa1-e996-5b2a-a6c8-0a091cf7d5ad,650ab1f4-e6ec-5cf9-a234-ea0527c09efa,,10,10,"According to the grace of God which was given to me, as a wise master builder I laid a foundation, and another builds on it. But let each man be careful how he builds on it."
fc5befb6-7121-5fa1-ab65-12f1b92a62a9,650ab1f4-e6ec-5cf9-a234-ea0527c09efa,,11,11,"For no one can lay any other foundation than that which has been laid, which is Jesus Christ."
3d6815a6-53a5-5c7a-a9c2-36b1f76ead46,650ab1f4-e6ec-5cf9-a234-ea0527c09efa,,12,12,"But if anyone builds on the foundation with gold, silver, costly stones, wood, hay, or stubble;"
583a2809-70b9-5e2f-adce-2a36521b48cc,650ab1f4-e6ec-5cf9-a234-ea0527c09efa,,13,13,"each man's work will be revealed. For the Day will declare it, because it is revealed in fire; and the fire itself will test what sort of work each man's work is."
b60fcaa9-4b12-5720-a0c6-0fc2caee1449,650ab1f4-e6ec-5cf9-a234-ea0527c09efa,,14,14,"If any man's work remains which he built on it, he will receive a reward."
8258f3c8-aff0-5c56-a80e-2c73aea14867,650ab1f4-e6ec-5cf9-a234-ea0527c09efa,,15,15,"If any man's work is burned, he will suffer loss, but he himself will be saved, but as through fire."
1db9a4b7-f70d-5094-a56a-8f352e1ae993,650ab1f4-e6ec-5cf9-a234-ea0527c09efa,,16,16,"Don't you know that you are a temple of God, and that God's Spirit lives in you?"
84249b67-a3e1-54e5-ab22-c8c6e7e9d71c,650ab1f4-e6ec-5cf9-a234-ea0527c09efa,,17,17,"If anyone destroys the temple of God, God will destroy him; for God's temple is holy, which you are."
62ccd53e-825f-5c21-a87f-fccb7a8929f6,650ab1f4-e6ec-5cf9-a234-ea0527c09efa,,18,18,"Let no one deceive himself. If anyone thinks that he is wise among you in this world, let him become a fool, that he may become wise."
612f7d54-835d-5ad6-a46c-86bae5f71092,650ab1f4-e6ec-5cf9-a234-ea0527c09efa,,19,19,"For the wisdom of this world is foolishness with God. For it is written, ""He has taken the wise in their craftiness."""
38a1f7a4-60ba-5a03-a4ed-430c308ace35,650ab1f4-e6ec-5cf9-a234-ea0527c09efa,,20,20,"And again, ""The Lord knows the reasoning of the wise, that it is worthless."""
15977265-af5e-51a9-a7f0-346ad567a01a,650ab1f4-e6ec-5cf9-a234-ea0527c09efa,,21,21,"Therefore let no one boast in men. For all things are yours,"
25de417e-6877-54f1-a694-d71b51fa18d6,650ab1f4-e6ec-5cf9-a234-ea0527c09efa,,22,22,"whether Paul, or Apollos, or Cephas, or the world, or life, or death, or things present, or things to come. All are yours,"
4b8b36ed-5229-5c9b-acc9-4964f69f5ae9,650ab1f4-e6ec-5cf9-a234-ea0527c09efa,,23,23,"and you are Christ's, and Christ is God's."
ff036a07-a81c-53e0-a679-8c945184f988,eab91048-bdf7-5653-a470-0631fb0733aa,,1,1,"So let a man think of us as Christ's servants, and stewards of God's mysteries."
4457488a-ce18-5acc-a23c-2b4db689d8e4,eab91048-bdf7-5653-a470-0631fb0733aa,,2,2,"Here, moreover, it is required of stewards, that they be found faithful."
7bf3f284-976f-541b-a9f6-05e9a61737b6,eab91048-bdf7-5653-a470-0631fb0733aa,,3,3,"But with me it is a very small thing that I should be judged by you, or by man's judgment. Yes, I don't judge my own self."
7c79846c-1c07-5ca0-ae99-f1ade5278003,eab91048-bdf7-5653-a470-0631fb0733aa,,4,4,"For I know nothing against myself. Yet I am not justified by this, but he who judges me is the Lord."
4bae347c-b8a1-5cc6-ab6f-ffdaa10590b0,eab91048-bdf7-5653-a470-0631fb0733aa,,5,5,"Therefore judge nothing before the time, until the Lord comes, who will both bring to light the hidden things of darkness, and reveal the counsels of the hearts. Then each man will get his praise from God."
e25421d4-f727-5728-a455-c0ca0643656f,eab91048-bdf7-5653-a470-0631fb0733aa,,6,6,"Now these things, brothers, I have in a figure transferred to myself and Apollos for your sakes, that in us you might learn not to think beyond the things which are written, that none of you be puffed up against one another."
4240b16f-4d20-58c7-a5f7-d9fd0b66fdde,eab91048-bdf7-5653-a470-0631fb0733aa,,7,7,"For who makes you different? And what do you have that you didn't receive? But if you did receive it, why do you boast as if you had not received it?"
0acb4241-7bf3-5586-a8bc-4a5f570b4cbd,eab91048-bdf7-5653-a470-0631fb0733aa,,8,8,"You are already filled. You have already become rich. You have come to reign without us. Yes, and I wish that you did reign, that we also might reign with you."
84a05589-35fe-56e7-a209-e409adb96bc4,eab91048-bdf7-5653-a470-0631fb0733aa,,9,9,"For, I think that God has displayed us, the apostles, last of all, like men sentenced to death. For we are made a spectacle to the world, both to angels and men."
897c87f7-2ec8-5307-ab26-5d329b34835c,eab91048-bdf7-5653-a470-0631fb0733aa,,10,10,"We are fools for Christ's sake, but you are wise in Christ. We are weak, but you are strong. You have honor, but we have dishonor."
125d7725-3c4c-5ca4-a2b3-dbef0d3f9a00,eab91048-bdf7-5653-a470-0631fb0733aa,,11,11,"Even to this present hour we hunger, thirst, are naked, are beaten, and have no certain dwelling place."
936e3167-6eea-5d04-a311-c886fa83f6f6,eab91048-bdf7-5653-a470-0631fb0733aa,,12,12,"We toil, working with our own hands. When people curse us, we bless. Being persecuted, we endure."
c15ef453-3c67-5cee-a968-ab368bfa718b,eab91048-bdf7-5653-a470-0631fb0733aa,,13,13,"Being defamed, we entreat. We are made as the filth of the world, the dirt wiped off by all, even until now."
82216a06-1c78-5c08-ae5b-08c9eaf6703a,eab91048-bdf7-5653-a470-0631fb0733aa,,14,14,"I don't write these things to shame you, but to admonish you as my beloved children."
33909c94-ae16-5bca-a2c9-dee977a759b5,eab91048-bdf7-5653-a470-0631fb0733aa,,15,15,"For though you have ten thousand tutors in Christ, yet not many fathers. For in Christ Jesus, I became your father through the Good News."
d8e0aac3-def2-52f5-aeeb-f3524aaa4141,eab91048-bdf7-5653-a470-0631fb0733aa,,16,16,"I beg you therefore, be imitators of me."
b193fe1a-a157-510d-af68-4ef0bfb3bf15,eab91048-bdf7-5653-a470-0631fb0733aa,,17,17,"Because of this I have sent Timothy to you, who is my beloved and faithful child in the Lord, who will remind you of my ways which are in Christ, even as I teach everywhere in every assembly."
6cebab0e-610e-5495-ac33-c13932de2e0e,eab91048-bdf7-5653-a470-0631fb0733aa,,18,18,"Now some are puffed up, as though I were not coming to you."
5a499dbd-851c-540f-a480-4485ac5b82e8,eab91048-bdf7-5653-a470-0631fb0733aa,,19,19,"But I will come to you shortly, if the Lord is willing. And I will know, not the word of those who are puffed up, but the power."
179fcade-2464-5c39-ac72-92caae990402,eab91048-bdf7-5653-a470-0631fb0733aa,,20,20,"For the Kingdom of God is not in word, but in power."
25fa2d88-a4a2-5ef7-a7a8-5809663ec52b,eab91048-bdf7-5653-a470-0631fb0733aa,,21,21,"What do you want? Shall I come to you with a rod, or in love and a spirit of gentleness?"
9dbf1105-fa1f-5b1f-a6af-32f7c04161eb,38a73294-8694-54fb-a147-72e549923f86,,1,1,"It is actually reported that there is sexual immorality among you, and such sexual immorality as is not even named among the Gentiles, that one has his father's wife."
7cfe96d5-22d5-5536-ab57-0fc838ef2ab2,38a73294-8694-54fb-a147-72e549923f86,,2,2,"You are puffed up, and didn't rather mourn, that he who had done this deed might be removed from among you."
52e9537d-1b87-52b5-a011-4a5e64d573f8,38a73294-8694-54fb-a147-72e549923f86,,3,3,"For I most certainly, as being absent in body but present in spirit, have already, as though I were present, judged him who has done this thing."
a5fc8a0d-2355-5fa1-a5d7-f2a45be8591d,38a73294-8694-54fb-a147-72e549923f86,,4,4,"In the name of our Lord Jesus Christ, you being gathered together, and my spirit, with the power of our Lord Jesus Christ,"
8b83a402-89ef-5fa6-aa70-0143fd7cfa60,38a73294-8694-54fb-a147-72e549923f86,,5,5,"are to deliver such a one to Satan for the destruction of the flesh, that the spirit may be saved in the day of the Lord Jesus."
a8d82e74-b9c6-5b6d-a4c7-dd0658bbeb51,38a73294-8694-54fb-a147-72e549923f86,,6,6,Your boasting is not good. Don't you know that a little yeast leavens the whole lump?
47e7f653-6384-53b3-afff-5fd5bc8d30ad,38a73294-8694-54fb-a147-72e549923f86,,7,7,"Purge out the old yeast, that you may be a new lump, even as you are unleavened. For indeed Christ, our Passover, has been sacrificed in our place."
4a278f69-3423-5561-ac18-6537fe67f550,38a73294-8694-54fb-a147-72e549923f86,,8,8,"Therefore let us keep the feast, not with old yeast, neither with the yeast of malice and wickedness, but with the unleavened bread of sincerity and truth."
8d0f34f3-3509-51eb-a847-33f4d3f55fac,38a73294-8694-54fb-a147-72e549923f86,,9,9,I wrote to you in my letter to have no company with sexual sinners;
fb49da0f-0324-5ec5-abac-7d78abcc603b,38a73294-8694-54fb-a147-72e549923f86,,10,10,"yet not at all meaning with the sexual sinners of this world, or with the covetous and extortioners, or with idolaters; for then you would have to leave the world."
7e217727-1c3e-5319-aa75-d0ce18607d03,38a73294-8694-54fb-a147-72e549923f86,,11,11,"But as it is, I wrote to you not to associate with anyone who is called a brother who is a sexual sinner, or covetous, or an idolater, or a slanderer, or a drunkard, or an extortioner. Don't even eat with such a person."
3bc23849-dc38-5d01-acff-cddf9e8dcd32,38a73294-8694-54fb-a147-72e549923f86,,12,12,For what have I to do with also judging those who are outside? Don't you judge those who are within?
6de70f71-b877-5c29-aa4a-0371fef9264f,38a73294-8694-54fb-a147-72e549923f86,,13,13,"But those who are outside, God judges. ""Put away the wicked man from among yourselves."""
ff960314-d2a2-583f-af70-b97182ced674,18714b90-726b-5717-ab54-21e32dd5b2b5,,1,1,"Dare any of you, having a matter against his neighbor, go to law before the unrighteous, and not before the saints?"
7883270e-4af4-5ca7-ab9c-3a9bd6ac0acf,18714b90-726b-5717-ab54-21e32dd5b2b5,,2,2,"Don't you know that the saints will judge the world? And if the world is judged by you, are you unworthy to judge the smallest matters?"
7d7d8c25-d0f8-5994-a19d-3e618cd955b2,18714b90-726b-5717-ab54-21e32dd5b2b5,,3,3,"Don't you know that we will judge angels? How much more, things that pertain to this life?"
2647d56e-2a4d-5f4f-a0d4-03a77f926723,18714b90-726b-5717-ab54-21e32dd5b2b5,,4,4,"If then, you have to judge things pertaining to this life, do you set them to judge who are of no account in the assembly?"
978b7512-2627-5789-a343-621ebb5a5660,18714b90-726b-5717-ab54-21e32dd5b2b5,,5,5,I say this to move you to shame. Isn't there even one wise man among you who would be able to decide between his brothers?
5538d8a1-aa9f-5dd1-ac47-ce87abe7d1c1,18714b90-726b-5717-ab54-21e32dd5b2b5,,6,6,"But brother goes to law with brother, and that before unbelievers!"
a3fbd201-a422-557e-a7a8-e3f1f284faa8,18714b90-726b-5717-ab54-21e32dd5b2b5,,7,7,"Therefore it is already altogether a defect in you, that you have lawsuits one with another. Why not rather be wronged? Why not rather be defrauded?"
3bf5a61f-2785-5a02-ab19-ce1587cf3efd,18714b90-726b-5717-ab54-21e32dd5b2b5,,8,8,"No, but you yourselves do wrong, and defraud, and that against your brothers."
1143d74f-ae63-50de-a8bd-72001b699e37,18714b90-726b-5717-ab54-21e32dd5b2b5,,9,9,"Or don't you know that the unrighteous will not inherit the Kingdom of God? Don't be deceived. Neither the sexually immoral, nor idolaters, nor adulterers, nor male prostitutes, nor homosexuals,"
9e282019-0654-5268-ab86-57d458cc8ea0,18714b90-726b-5717-ab54-21e32dd5b2b5,,10,10,"nor thieves, nor covetous, nor drunkards, nor slanderers, nor extortioners, will inherit the Kingdom of God."
5c5867ea-ec5d-5849-a454-648890ed8a73,18714b90-726b-5717-ab54-21e32dd5b2b5,,11,11,"Such were some of you, but you were washed. But you were sanctified. But you were justified in the name of the Lord Jesus, and in the Spirit of our God."
9e03e342-3c66-554a-a427-fcc7919a038c,18714b90-726b-5717-ab54-21e32dd5b2b5,,12,12,"""All things are lawful for me,"" but not all things are expedient. ""All things are lawful for me,"" but I will not be brought under the power of anything."
061495ff-80df-514f-a028-db71580ba7a9,18714b90-726b-5717-ab54-21e32dd5b2b5,,13,13,"""Foods for the belly, and the belly for foods,"" but God will bring to nothing both it and them. But the body is not for sexual immorality, but for the Lord; and the Lord for the body."
438b4820-5610-559a-a873-b4fc32c28c37,18714b90-726b-5717-ab54-21e32dd5b2b5,,14,14,"Now God raised up the Lord, and will also raise us up by his power."
017c23b2-0eb7-5908-a237-1d30d2196a2b,18714b90-726b-5717-ab54-21e32dd5b2b5,,15,15,"Don't you know that your bodies are members of Christ? Shall I then take the members of Christ, and make them members of a prostitute? May it never be!"
07bf8d70-4fac-5e74-a8de-b148981ffc9f,18714b90-726b-5717-ab54-21e32dd5b2b5,,16,16,"Or don't you know that he who is joined to a prostitute is one body? For, ""The two,"" says he, ""will become one flesh."""
51a50a55-d2c1-5856-a7d1-9f30b6058906,18714b90-726b-5717-ab54-21e32dd5b2b5,,17,17,But he who is joined to the Lord is one spirit.
02b8425d-5b1a-59cd-a58f-74d27770915f,18714b90-726b-5717-ab54-21e32dd5b2b5,,18,18,"Flee sexual immorality! ""Every sin that a man does is outside the body,"" but he who commits sexual immorality sins against his own body."
363c9d83-f16d-5749-a83b-5c97a8a7481b,18714b90-726b-5717-ab54-21e32dd5b2b5,,19,19,"Or don't you know that your body is a temple of the Holy Spirit which is in you, which you have from God? You are not your own,"
7cebd78b-a06d-5a31-abd0-2825e0d97e3e,18714b90-726b-5717-ab54-21e32dd5b2b5,,20,20,"for you were bought with a price. Therefore glorify God in your body and in your spirit, which are God's."
b76b31c1-ed08-5f15-aff4-c2ca7aebe9f7,4f55e76b-0c6b-533e-a910-330333d292fc,,1,1,Now concerning the things about which you wrote to me: it is good for a man not to touch a woman.
a980acf8-fdbd-5752-afbe-a7c804e8623a,4f55e76b-0c6b-533e-a910-330333d292fc,,2,2,"But, because of sexual immoralities, let each man have his own wife, and let each woman have her own husband."
dfa4c6f1-a87f-5725-ad19-e6d876ee6d75,4f55e76b-0c6b-533e-a910-330333d292fc,,3,3,"Let the husband render to his wife the affection owed her, and likewise also the wife to her husband."
205826d2-d7c1-5f5b-adce-61c92e3bc359,4f55e76b-0c6b-533e-a910-330333d292fc,,4,4,"The wife doesn't have authority over her own body, but the husband. Likewise also the husband doesn't have authority over his own body, but the wife."
f0873dda-e68f-5fba-a6bb-6b969fd31a04,4f55e76b-0c6b-533e-a910-330333d292fc,,5,5,"Don't deprive one another, unless it is by consent for a season, that you may give yourselves to fasting and prayer, and may be together again, that Satan doesn't tempt you because of your lack of self-control."
4bbd88da-7e8e-513e-a3e3-c427057b669b,4f55e76b-0c6b-533e-a910-330333d292fc,,6,6,"But this I say by way of concession, not of commandment."
401b0cb4-7844-5935-a00f-c7dac982773e,4f55e76b-0c6b-533e-a910-330333d292fc,,7,7,"Yet I wish that all men were like me. However each man has his own gift from God, one of this kind, and another of that kind."
fa2782df-b68e-50d5-a030-61d7c31a2cb6,4f55e76b-0c6b-533e-a910-330333d292fc,,8,8,"But I say to the unmarried and to widows, it is good for them if they remain even as I am."
c3999e28-a90f-5525-a61c-c91d0e9361e7,4f55e76b-0c6b-533e-a910-330333d292fc,,9,9,"But if they don't have self-control, let them marry. For it's better to marry than to burn."
f77bd273-68f9-59a4-abed-72785d1d0c7b,4f55e76b-0c6b-533e-a910-330333d292fc,,10,10,"But to the married I command--not I, but the Lord--that the wife not leave her husband"
2d1beee4-fe79-5fdf-ac12-cffbf99535a0,4f55e76b-0c6b-533e-a910-330333d292fc,,11,11,"(but if she departs, let her remain unmarried, or else be reconciled to her husband), and that the husband not leave his wife."
fdf12f75-c48f-5ced-a2ca-cc6bcfd2064a,4f55e76b-0c6b-533e-a910-330333d292fc,,12,12,"But to the rest I--not the Lord--say, if any brother has an unbelieving wife, and she is content to live with him, let him not leave her."
9774a343-49f8-5c6a-a581-be115b5e5197,4f55e76b-0c6b-533e-a910-330333d292fc,,13,13,"The woman who has an unbelieving husband, and he is content to live with her, let her not leave her husband."
790542e4-dbfc-562f-a4c2-bc9b6e8f0304,4f55e76b-0c6b-533e-a910-330333d292fc,,14,14,"For the unbelieving husband is sanctified in the wife, and the unbelieving wife is sanctified in the husband. Otherwise your children would be unclean, but now they are holy."
def06235-a9c9-5414-aacd-c6a6cdbf2b8c,4f55e76b-0c6b-533e-a910-330333d292fc,,15,15,"Yet if the unbeliever departs, let there be separation. The brother or the sister is not under bondage in such cases, but God has called us in peace."
03560a6a-97d5-5d84-ab9b-fd13ae150ccd,4f55e76b-0c6b-533e-a910-330333d292fc,,16,16,"For how do you know, wife, whether you will save your husband? Or how do you know, husband, whether you will save your wife?"
18d1b1b2-2136-52c2-af5c-a20d6c010249,4f55e76b-0c6b-533e-a910-330333d292fc,,17,17,"Only, as the Lord has distributed to each man, as God has called each, so let him walk. So I command in all the assemblies."
ad0007f4-33cf-577c-a972-04aac0fae9a5,4f55e76b-0c6b-533e-a910-330333d292fc,,18,18,Was anyone called having been circumcised? Let him not become uncircumcised. Has anyone been called in uncircumcision? Let him not be circumcised.
cb985407-e375-549a-ae95-c34bd32dbf04,4f55e76b-0c6b-533e-a910-330333d292fc,,19,19,"Circumcision is nothing, and uncircumcision is nothing, but the keeping of the commandments of God."
2bd13dcd-31a9-5801-ad9c-d4db907e07fd,4f55e76b-0c6b-533e-a910-330333d292fc,,20,20,Let each man stay in that calling in which he was called.
15a3bb48-73c5-5c64-a556-3f50477e6226,4f55e76b-0c6b-533e-a910-330333d292fc,,21,21,"Were you called being a bondservant? Don't let that bother you, but if you get an opportunity to become free, use it."
6e57ea2e-e973-56c1-ae80-6c1e546b3f03,4f55e76b-0c6b-533e-a910-330333d292fc,,22,22,For he who was called in the Lord being a bondservant is the Lord's free man. Likewise he who was called being free is Christ's bondservant.
baacd79f-21ca-5863-a892-c7b692a4e879,4f55e76b-0c6b-533e-a910-330333d292fc,,23,23,You were bought with a price. Don't become bondservants of men.
17414eaa-a065-5789-a97e-0ffd6f73e7b8,4f55e76b-0c6b-533e-a910-330333d292fc,,24,24,"Brothers, let each man, in whatever condition he was called, stay in that condition with God."
e954d50c-7d1e-5a55-aaf4-077ffcc9d1a2,4f55e76b-0c6b-533e-a910-330333d292fc,,25,25,"Now concerning virgins, I have no commandment from the Lord, but I give my judgment as one who has obtained mercy from the Lord to be trustworthy."
ac23c6b2-6b8f-50dd-afb3-d34c8f71d513,4f55e76b-0c6b-533e-a910-330333d292fc,,26,26,"I think that it is good therefore, because of the distress that is on us, that it is good for a man to be as he is."
98fbe947-0841-5489-a9c0-9fad72bac5fc,4f55e76b-0c6b-533e-a910-330333d292fc,,27,27,Are you bound to a wife? Don't seek to be freed. Are you free from a wife? Don't seek a wife.
fd7666ab-d2dd-5e8a-a168-18985bffe6c5,4f55e76b-0c6b-533e-a910-330333d292fc,,28,28,"But if you marry, you have not sinned. If a virgin marries, she has not sinned. Yet such will have oppression in the flesh, and I want to spare you."
de9d1bf7-671c-585b-a626-7aed115a9e0b,4f55e76b-0c6b-533e-a910-330333d292fc,,29,29,"But I say this, brothers: the time is short, that from now on, both those who have wives may be as though they had none;"
295726be-e5e1-525b-af70-8909cec7ff44,4f55e76b-0c6b-533e-a910-330333d292fc,,30,30,"and those who weep, as though they didn't weep; and those who rejoice, as though they didn't rejoice; and those who buy, as though they didn't possess;"
19b10a91-f774-5696-a1b6-35e753fb9c38,4f55e76b-0c6b-533e-a910-330333d292fc,,31,31,"and those who use the world, as not using it to the fullest. For the mode of this world passes away."
15761025-82d5-5f70-a386-a619d8c4d668,4f55e76b-0c6b-533e-a910-330333d292fc,,32,32,"But I desire to have you to be free from cares. He who is unmarried is concerned for the things of the Lord, how he may please the Lord;"
c2fc7288-e4a8-59e5-a487-f4f0f594ac90,4f55e76b-0c6b-533e-a910-330333d292fc,,33,33,"but he who is married is concerned about the things of the world, how he may please his wife."
9791439f-16e6-59d3-a711-5090ddefce4f,4f55e76b-0c6b-533e-a910-330333d292fc,,34,34,"There is also a difference between a wife and a virgin. The unmarried woman cares about the things of the Lord, that she may be holy both in body and in spirit. But she who is married cares about the things of the world--how she may please her husband."
ac1dfaeb-cd56-5ea8-a540-59c41cb4b821,4f55e76b-0c6b-533e-a910-330333d292fc,,35,35,"This I say for your own profit; not that I may ensnare you, but for that which is appropriate, and that you may attend to the Lord without distraction."
82433b14-e0d8-5fa8-a726-4227744845c1,4f55e76b-0c6b-533e-a910-330333d292fc,,36,36,"But if any man thinks that he is behaving inappropriately toward his virgin, if she is past the flower of her age, and if need so requires, let him do what he desires. He doesn't sin. Let them marry."
0ada1439-dcb6-57b4-ae94-28603133a92d,4f55e76b-0c6b-533e-a910-330333d292fc,,37,37,"But he who stands steadfast in his heart, having no necessity, but has power over his own heart, to keep his own virgin, does well."
b87aa845-841a-5c0e-a1a1-7071220cf7ae,4f55e76b-0c6b-533e-a910-330333d292fc,,38,38,"So then both he who gives his own virgin in marriage does well, and he who doesn't give her in marriage does better."
41a9648b-931d-518c-a25d-9f9a38d64140,4f55e76b-0c6b-533e-a910-330333d292fc,,39,39,"A wife is bound by law for as long as her husband lives; but if the husband is dead, she is free to be married to whoever she desires, only in the Lord."
dbd78012-d6d7-5b1d-a736-c86a2bb0528e,4f55e76b-0c6b-533e-a910-330333d292fc,,40,40,"But she is happier if she stays as she is, in my judgment, and I think that I also have God's Spirit."
c8de36b6-377e-5b5f-a3cc-7740d92e5d86,661406b8-7564-5947-a8e4-fc1dadb27b91,,1,1,"Now concerning things sacrificed to idols: We know that we all have knowledge. Knowledge puffs up, but love builds up."
06959622-d0b6-5a05-adda-51fa4cfa7916,661406b8-7564-5947-a8e4-fc1dadb27b91,,2,2,"But if anyone thinks that he knows anything, he doesn't yet know as he ought to know."
f3fe8be2-8750-5ba5-a7b2-59641c67c6eb,661406b8-7564-5947-a8e4-fc1dadb27b91,,3,3,"But if anyone loves God, the same is known by him."
f76732b9-ef97-5188-a439-f150441dd875,661406b8-7564-5947-a8e4-fc1dadb27b91,,4,4,"Therefore concerning the eating of things sacrificed to idols, we know that no idol is anything in the world, and that there is no other God but one."
89968963-aafe-58ab-af9e-f2fa742875ab,661406b8-7564-5947-a8e4-fc1dadb27b91,,5,5,"For though there are things that are called ""gods,"" whether in the heavens or on earth; as there are many ""gods"" and many ""lords;"""
1b8d0907-8735-512d-abcd-28d0e74d4e2e,661406b8-7564-5947-a8e4-fc1dadb27b91,,6,6,"yet to us there is one God, the Father, of whom are all things, and we for him; and one Lord, Jesus Christ, through whom are all things, and we live through him."
1158a02e-7c30-5f01-ad00-53e5a48c8e68,661406b8-7564-5947-a8e4-fc1dadb27b91,,7,7,"However, that knowledge isn't in all men. But some, with consciousness of the idol until now, eat as of a thing sacrificed to an idol, and their conscience, being weak, is defiled."
5fac0526-022b-5cc6-a9ee-dae0ff32033f,661406b8-7564-5947-a8e4-fc1dadb27b91,,8,8,"But food will not commend us to God. For neither, if we don't eat, are we the worse; nor, if we eat, are we the better."
f4f970a4-c80d-52cb-ae43-1692dd2881f4,661406b8-7564-5947-a8e4-fc1dadb27b91,,9,9,But be careful that by no means does this liberty of yours become a stumbling block to the weak.
92527c1d-ec3f-5904-a8eb-612c1767caec,661406b8-7564-5947-a8e4-fc1dadb27b91,,10,10,"For if a man sees you who have knowledge sitting in an idol's temple, won't his conscience, if he is weak, be emboldened to eat things sacrificed to idols?"
74831990-100e-58a1-a34f-694325b842ab,661406b8-7564-5947-a8e4-fc1dadb27b91,,11,11,"And through your knowledge, he who is weak perishes, the brother for whose sake Christ died."
3cc82b84-62ae-5cf3-a1c5-ce373817c194,661406b8-7564-5947-a8e4-fc1dadb27b91,,12,12,"Thus, sinning against the brothers, and wounding their conscience when it is weak, you sin against Christ."
e4e85144-3763-54d5-ac69-0929578b7aa3,661406b8-7564-5947-a8e4-fc1dadb27b91,,13,13,"Therefore, if food causes my brother to stumble, I will eat no meat forevermore, that I don't cause my brother to stumble."
6e995e1a-f61c-5b5f-a498-1535756ac563,1c6b8915-5898-5a4e-a220-26f09354fc47,,1,1,"Am I not free? Am I not an apostle? Haven't I seen Jesus Christ, our Lord? Aren't you my work in the Lord?"
3ac4d12c-2a3c-5a6d-afb4-cd3245c405d4,1c6b8915-5898-5a4e-a220-26f09354fc47,,2,2,"If to others I am not an apostle, yet at least I am to you; for you are the seal of my apostleship in the Lord."
96c79b8d-d272-52b4-a000-2275430af5aa,1c6b8915-5898-5a4e-a220-26f09354fc47,,3,3,My defense to those who examine me is this.
28b8b713-a658-549f-aded-db718a3e2537,1c6b8915-5898-5a4e-a220-26f09354fc47,,4,4,Have we no right to eat and to drink?
40494075-1ff2-53b4-aece-9cb9485329ce,1c6b8915-5898-5a4e-a220-26f09354fc47,,5,5,"Have we no right to take along a wife who is a believer, even as the rest of the apostles, and the brothers of the Lord, and Cephas?"
02f962ae-4c40-5709-aca6-505ca83d77d4,1c6b8915-5898-5a4e-a220-26f09354fc47,,6,6,Or have only Barnabas and I no right to not work?
44871be0-fc0c-59a2-a889-e0c2240480de,1c6b8915-5898-5a4e-a220-26f09354fc47,,7,7,"What soldier ever serves at his own expense? Who plants a vineyard, and doesn't eat of its fruit? Or who feeds a flock, and doesn't drink from the flock's milk?"
571ec35a-3b0b-5634-adc3-b7f0a2de25fa,1c6b8915-5898-5a4e-a220-26f09354fc47,,8,8,Do I speak these things according to the ways of men? Or doesn't the law also say the same thing?
fdfeb25d-a6a6-514a-aa76-c6ca9e7f7f13,1c6b8915-5898-5a4e-a220-26f09354fc47,,9,9,"For it is written in the law of Moses, ""You shall not muzzle an ox while it treads out the grain."" Is it for the oxen that God cares,"
25bc1d95-9103-57b3-a43c-66de17f281c0,1c6b8915-5898-5a4e-a220-26f09354fc47,,10,10,"or does he say it assuredly for our sake? Yes, it was written for our sake, because he who plows ought to plow in hope, and he who threshes in hope should partake of his hope."
f81ad9e0-f763-58a5-ae99-ae71b8c7806c,1c6b8915-5898-5a4e-a220-26f09354fc47,,11,11,"If we sowed to you spiritual things, is it a great thing if we reap your fleshly things?"
0306cde9-39c3-5a5b-a939-d85958cfe859,1c6b8915-5898-5a4e-a220-26f09354fc47,,12,12,"If others partake of this right over you, don't we yet more? Nevertheless we did not use this right, but we bear all things, that we may cause no hindrance to the Good News of Christ."
07314a18-0e8c-5453-ae4d-a38d8e9aab24,1c6b8915-5898-5a4e-a220-26f09354fc47,,13,13,"Don't you know that those who serve around sacred things eat from the things of the temple, and those who wait on the altar have their portion with the altar?"
3a7dec40-2a78-5ee2-a391-fee21774fd84,1c6b8915-5898-5a4e-a220-26f09354fc47,,14,14,Even so the Lord ordained that those who proclaim the Good News should live from the Good News.
b73bf91f-6593-5101-a4cc-29de9ccbbf9a,1c6b8915-5898-5a4e-a220-26f09354fc47,,15,15,"But I have used none of these things, and I don't write these things that it may be done so in my case; for I would rather die, than that anyone should make my boasting void."
e719e43b-2f32-58ac-a53b-365c85458f30,1c6b8915-5898-5a4e-a220-26f09354fc47,,16,16,"For if I preach the Good News, I have nothing to boast about; for necessity is laid on me; but woe is to me, if I don't preach the Good News."
ca9b7fb8-06dc-563f-aab0-1389c530bf83,1c6b8915-5898-5a4e-a220-26f09354fc47,,17,17,"For if I do this of my own will, I have a reward. But if not of my own will, I have a stewardship entrusted to me."
ef7cc20f-6ed7-55d7-ab6d-de6fd8f38121,1c6b8915-5898-5a4e-a220-26f09354fc47,,18,18,"What then is my reward? That, when I preach the Good News, I may present the Good News of Christ without charge, so as not to abuse my authority in the Good News."
508f4147-9350-5ec7-aefd-410a76112a70,1c6b8915-5898-5a4e-a220-26f09354fc47,,19,19,"For though I was free from all, I brought myself under bondage to all, that I might gain the more."
54dde0e7-0bb5-50ef-af15-6a04b7fc3a34,1c6b8915-5898-5a4e-a220-26f09354fc47,,20,20,"To the Jews I became as a Jew, that I might gain Jews; to those who are under the law, as under the law, that I might gain those who are under the law;"
5e1854c5-d697-5c9e-ac4e-c3c9206a1c51,1c6b8915-5898-5a4e-a220-26f09354fc47,,21,21,"to those who are without law, as without law (not being without law toward God, but under law toward Christ), that I might win those who are without law."
7d46420c-a70b-51d7-ac7b-a261a83fec3d,1c6b8915-5898-5a4e-a220-26f09354fc47,,22,22,"To the weak I became as weak, that I might gain the weak. I have become all things to all men, that I may by all means save some."
0b07e4b1-cb1f-5ba2-a5aa-a6233555517a,1c6b8915-5898-5a4e-a220-26f09354fc47,,23,23,"Now I do this for the sake of the Good News, that I may be a joint partaker of it."
40f1c87e-00fd-55ed-af3b-b55094e71687,1c6b8915-5898-5a4e-a220-26f09354fc47,,24,24,"Don't you know that those who run in a race all run, but one receives the prize? Run like that, that you may win."
f5a5ad50-09c8-58c7-a5bb-712fd039e8e3,1c6b8915-5898-5a4e-a220-26f09354fc47,,25,25,"Every man who strives in the games exercises self-control in all things. Now they do it to receive a corruptible crown, but we an incorruptible."
3762af72-2df3-59db-acc8-f304bfbfce9c,1c6b8915-5898-5a4e-a220-26f09354fc47,,26,26,"I therefore run like that, as not uncertainly. I fight like that, as not beating the air,"
78ba77b6-3f5e-5ed2-a1f5-c8b0ba7e9a99,1c6b8915-5898-5a4e-a220-26f09354fc47,,27,27,"but I beat my body and bring it into submission, lest by any means, after I have preached to others, I myself should be rejected."
2b36d89a-a343-5ce6-a53e-8f0c6204a743,c7ab5ec1-a179-5b9e-a5c4-bb557b1bcd57,,1,1,"Now I would not have you ignorant, brothers, that our fathers were all under the cloud, and all passed through the sea;"
6e0ecd3e-e3d4-500d-a5cc-841d77b5517e,c7ab5ec1-a179-5b9e-a5c4-bb557b1bcd57,,2,2,and were all baptized into Moses in the cloud and in the sea;
78a350ef-f812-5c42-a392-34adb8039e38,c7ab5ec1-a179-5b9e-a5c4-bb557b1bcd57,,3,3,and all ate the same spiritual food;
0a33ec6e-c08e-53f7-aa16-a3e2a1d34694,c7ab5ec1-a179-5b9e-a5c4-bb557b1bcd57,,4,4,"and all drank the same spiritual drink. For they drank of a spiritual rock that followed them, and the rock was Christ."
13643345-51dc-5afa-a41b-0edf64336a62,c7ab5ec1-a179-5b9e-a5c4-bb557b1bcd57,,5,5,"However with most of them, God was not well pleased, for they were overthrown in the wilderness."
53ac2d27-b066-5225-abbd-cc7fbde82a1b,c7ab5ec1-a179-5b9e-a5c4-bb557b1bcd57,,6,6,"Now these things were our examples, to the intent we should not lust after evil things, as they also lusted."
0c72906b-2ce5-5abc-a6b0-f62f831e2940,c7ab5ec1-a179-5b9e-a5c4-bb557b1bcd57,,7,7,"Neither be idolaters, as some of them were. As it is written, ""The people sat down to eat and drink, and rose up to play."""
ed4cbcde-bbb1-5ddc-a89d-295fa7b09b11,c7ab5ec1-a179-5b9e-a5c4-bb557b1bcd57,,8,8,"Neither let us commit sexual immorality, as some of them committed, and in one day twenty-three thousand fell."
6b8e05d9-e94a-5613-a860-e616bec62e38,c7ab5ec1-a179-5b9e-a5c4-bb557b1bcd57,,9,9,"Neither let us test the Lord, as some of them tested, and perished by the serpents."
d2a3564b-03ec-591a-a73d-380d3e459e8b,c7ab5ec1-a179-5b9e-a5c4-bb557b1bcd57,,10,10,"Neither grumble, as some of them also grumbled, and perished by the destroyer."
4d1f4cd9-d7f9-587a-a43f-cbbeb3eb2125,c7ab5ec1-a179-5b9e-a5c4-bb557b1bcd57,,11,11,"Now all these things happened to them by way of example, and they were written for our admonition, on whom the ends of the ages have come."
5d330828-a1ee-594e-a1b4-31b00b198a5a,c7ab5ec1-a179-5b9e-a5c4-bb557b1bcd57,,12,12,Therefore let him who thinks he stands be careful that he doesn't fall.
234ffc4c-ff80-576b-a8e9-9e506e03632c,c7ab5ec1-a179-5b9e-a5c4-bb557b1bcd57,,13,13,"No temptation has taken you except what is common to man. God is faithful, who will not allow you to be tempted above what you are able, but will with the temptation also make the way of escape, that you may be able to endure it."
f1cce6ed-0f83-5df0-a471-746248d8b1a2,c7ab5ec1-a179-5b9e-a5c4-bb557b1bcd57,,14,14,"Therefore, my beloved, flee from idolatry."
fdbaee54-cd5f-51be-ae25-eb6bf9f9a5ce,c7ab5ec1-a179-5b9e-a5c4-bb557b1bcd57,,15,15,I speak as to wise men. Judge what I say.
c2a1cf95-4036-54db-a058-3d115542bd0c,c7ab5ec1-a179-5b9e-a5c4-bb557b1bcd57,,16,16,"The cup of blessing which we bless, isn't it a sharing of the blood of Christ? The bread which we break, isn't it a sharing of the body of Christ?"
7cd91a08-560d-5dee-ad55-3b625f8f5079,c7ab5ec1-a179-5b9e-a5c4-bb557b1bcd57,,17,17,"Because there is one loaf of bread, we, who are many, are one body; for we all partake of the one loaf of bread."
fae9ff01-5827-5837-a6c9-f288b9c482c8,c7ab5ec1-a179-5b9e-a5c4-bb557b1bcd57,,18,18,Consider Israel according to the flesh. Don't those who eat the sacrifices participate in the altar?
251a91cd-2635-5be3-af2a-4f89324971f8,c7ab5ec1-a179-5b9e-a5c4-bb557b1bcd57,,19,19,"What am I saying then? That a thing sacrificed to idols is anything, or that an idol is anything?"
1e6702ae-2920-591e-a7c0-4dcf9d179afd,c7ab5ec1-a179-5b9e-a5c4-bb557b1bcd57,,20,20,"But I say that the things which the Gentiles sacrifice, they sacrifice to demons, and not to God, and I don't desire that you would have fellowship with demons."
c5577938-d030-5a0c-a1a7-86b6f557f1dc,c7ab5ec1-a179-5b9e-a5c4-bb557b1bcd57,,21,21,"You can't both drink the cup of the Lord and the cup of demons. You can't both partake of the table of the Lord, and of the table of demons."
13c748a7-3104-52d4-ab21-0efa18500022,c7ab5ec1-a179-5b9e-a5c4-bb557b1bcd57,,22,22,Or do we provoke the Lord to jealousy? Are we stronger than he?
ea4bc59a-4e9e-5127-a2c1-ade5d9bcadc2,c7ab5ec1-a179-5b9e-a5c4-bb557b1bcd57,,23,23,"""All things are lawful for me,"" but not all things are profitable. ""All things are lawful for me,"" but not all things build up."
220d86b7-238d-5b03-a811-ec9ad8b2067a,c7ab5ec1-a179-5b9e-a5c4-bb557b1bcd57,,24,24,"Let no one seek his own, but each one his neighbor's good."
57de23d9-bd36-5c15-a6ea-68000abdf1fa,c7ab5ec1-a179-5b9e-a5c4-bb557b1bcd57,,25,25,"Whatever is sold in the butcher shop, eat, asking no question for the sake of conscience,"
af1ae3c9-ea58-5430-a3c7-588f5c79edf6,c7ab5ec1-a179-5b9e-a5c4-bb557b1bcd57,,26,26,"for ""the earth is the Lord's, and its fullness."""
92ba2354-4415-5f2a-a405-c5c11ea737e0,c7ab5ec1-a179-5b9e-a5c4-bb557b1bcd57,,27,27,"But if one of those who don't believe invites you to a meal, and you are inclined to go, eat whatever is set before you, asking no questions for the sake of conscience."
f90a9ab7-3902-5425-a034-c76adacd2553,c7ab5ec1-a179-5b9e-a5c4-bb557b1bcd57,,28,28,"But if anyone says to you, ""This was offered to idols,"" don't eat it for the sake of the one who told you, and for the sake of conscience. For ""the earth is the Lord's, and all its fullness."""
92fe2363-c426-5dba-a2a3-486626fd7b68,c7ab5ec1-a179-5b9e-a5c4-bb557b1bcd57,,29,29,"Conscience, I say, not your own, but the other's conscience. For why is my liberty judged by another conscience?"
47e1f3f1-012f-514f-aa9d-06b3ead85d27,c7ab5ec1-a179-5b9e-a5c4-bb557b1bcd57,,30,30,"If I partake with thankfulness, why am I denounced for that for which I give thanks?"
32d896a0-5f44-57ab-af00-a5a1773e1d27,c7ab5ec1-a179-5b9e-a5c4-bb557b1bcd57,,31,31,"Whether therefore you eat, or drink, or whatever you do, do all to the glory of God."
db064a8b-c373-5936-a0a6-3715dfea8ed9,c7ab5ec1-a179-5b9e-a5c4-bb557b1bcd57,,32,32,"Give no occasions for stumbling, either to Jews, or to Greeks, or to the assembly of God;"
9cb124cb-4658-5f93-a5b9-e97247e53b90,c7ab5ec1-a179-5b9e-a5c4-bb557b1bcd57,,33,33,"even as I also please all men in all things, not seeking my own profit, but the profit of the many, that they may be saved."
15a8de8d-0ac4-5b53-a2a2-ea1b57d6f572,2a413895-6c11-5e67-a8f4-abf99f7f2241,,1,1,"Be imitators of me, even as I also am of Christ."
4fd60301-59ce-5372-a16e-007375b0e021,2a413895-6c11-5e67-a8f4-abf99f7f2241,,2,2,"Now I praise you, brothers, that you remember me in all things, and hold firm the traditions, even as I delivered them to you."
5505a0e7-2106-519e-a027-e959dedef9bb,2a413895-6c11-5e67-a8f4-abf99f7f2241,,3,3,"But I would have you know that the head of every man is Christ, and the head of the woman is the man, and the head of Christ is God."
703e91ce-805b-56aa-a9df-66b87343df8b,2a413895-6c11-5e67-a8f4-abf99f7f2241,,4,4,"Every man praying or prophesying, having his head covered, dishonors his head."
0123eafc-b278-5960-a15d-feb853d2c8c7,2a413895-6c11-5e67-a8f4-abf99f7f2241,,5,5,But every woman praying or prophesying with her head unveiled dishonors her head. For it is one and the same thing as if she were shaved.
6454d6d8-1287-5665-ae83-f4876c13807e,2a413895-6c11-5e67-a8f4-abf99f7f2241,,6,6,"For if a woman is not covered, let her also be shorn. But if it is shameful for a woman to be shorn or shaved, let her be covered."
25d6d26e-a2ff-5410-adde-d769ba571ff6,2a413895-6c11-5e67-a8f4-abf99f7f2241,,7,7,"For a man indeed ought not to have his head covered, because he is the image and glory of God, but the woman is the glory of the man."
a412f9e4-5bd4-5283-af88-3ff5a7b037fe,2a413895-6c11-5e67-a8f4-abf99f7f2241,,8,8,"For man is not from woman, but woman from man;"
a49b528c-11c6-5fac-a87f-6a6a12ba47a8,2a413895-6c11-5e67-a8f4-abf99f7f2241,,9,9,"for neither was man created for the woman, but woman for the man."
4e1dfa36-8f0e-5103-ae25-cb5258feecd7,2a413895-6c11-5e67-a8f4-abf99f7f2241,,10,10,"For this cause the woman ought to have authority on her head, because of the angels."
6416f40e-d592-546d-a4ee-370a15fb51b4,2a413895-6c11-5e67-a8f4-abf99f7f2241,,11,11,"Nevertheless, neither is the woman independent of the man, nor the man independent of the woman, in the Lord."
1fdee1bd-e4ff-5633-a269-6cf144f6449d,2a413895-6c11-5e67-a8f4-abf99f7f2241,,12,12,"For as woman came from man, so a man also comes through a woman; but all things are from God."
469a7b98-26d6-5c26-a9be-0a0ada6e46ee,2a413895-6c11-5e67-a8f4-abf99f7f2241,,13,13,Judge for yourselves. Is it appropriate that a woman pray to God unveiled?
4d41dd3b-048b-5cde-a69b-121ff8cb7861,2a413895-6c11-5e67-a8f4-abf99f7f2241,,14,14,"Doesn't even nature itself teach you that if a man has long hair, it is a dishonor to him?"
af269f5e-783c-54e8-af02-939bddc32b85,2a413895-6c11-5e67-a8f4-abf99f7f2241,,15,15,"But if a woman has long hair, it is a glory to her, for her hair is given to her for a covering."
42a69149-2f86-5036-a971-9e61a07fe0f0,2a413895-6c11-5e67-a8f4-abf99f7f2241,,16,16,"But if any man seems to be contentious, we have no such custom, neither do God's assemblies."
66208ce0-6692-50f6-a68a-cb7fea2acb97,2a413895-6c11-5e67-a8f4-abf99f7f2241,,17,17,"But in giving you this command, I don't praise you, that you come together not for the better but for the worse."
f7494a35-6dc3-5041-ae6d-d7d9a5c0eae1,2a413895-6c11-5e67-a8f4-abf99f7f2241,,18,18,"For first of all, when you come together in the assembly, I hear that divisions exist among you, and I partly believe it."
f8785674-23e8-5408-aa08-bb2b157d8842,2a413895-6c11-5e67-a8f4-abf99f7f2241,,19,19,"For there also must be factions among you, that those who are approved may be revealed among you."
097adbcb-a573-564d-a1fa-9aaae72ef636,2a413895-6c11-5e67-a8f4-abf99f7f2241,,20,20,"When therefore you assemble yourselves together, it is not the Lord's supper that you eat."
b815e289-1e93-5cc9-a98e-cb0293ed9c37,2a413895-6c11-5e67-a8f4-abf99f7f2241,,21,21,"For in your eating each one takes his own supper first. One is hungry, and another is drunken."
f7673b2d-cda1-5177-a18e-ef21950b2f55,2a413895-6c11-5e67-a8f4-abf99f7f2241,,22,22,"What, don't you have houses to eat and to drink in? Or do you despise God's assembly, and put them to shame who don't have? What shall I tell you? Shall I praise you? In this I don't praise you."
99a5d16c-042b-52c8-a4c7-293964588c75,2a413895-6c11-5e67-a8f4-abf99f7f2241,,23,23,"For I received from the Lord that which also I delivered to you, that the Lord Jesus on the night in which he was betrayed took bread."
696ea604-1198-5047-acd5-14a54e75fb53,2a413895-6c11-5e67-a8f4-abf99f7f2241,,24,24,"When he had given thanks, he broke it, and said, ""Take, eat. This is my body, which is broken for you. Do this in memory of me."""
4e0fb1a1-fdea-5c43-ab5b-20e9725705a2,2a413895-6c11-5e67-a8f4-abf99f7f2241,,25,25,"In the same way he also took the cup, after supper, saying, ""This cup is the new covenant in my blood. Do this, as often as you drink, in memory of me."""
b695105f-6a1d-565c-a06b-0fb1c5b3c5c2,2a413895-6c11-5e67-a8f4-abf99f7f2241,,26,26,"For as often as you eat this bread and drink this cup, you proclaim the Lord's death until he comes."
4fb21461-4def-58b1-a4da-1c9460fc41eb,2a413895-6c11-5e67-a8f4-abf99f7f2241,,27,27,Therefore whoever eats this bread or drinks the Lord's cup in a way unworthy of the Lord will be guilty of the body and the blood of the Lord.
199052a0-47a0-5eb6-a53d-1eebec191017,2a413895-6c11-5e67-a8f4-abf99f7f2241,,28,28,"But let a man examine himself, and so let him eat of the bread, and drink of the cup."
4b96b6f5-6742-5ada-a14e-38b095bd884e,2a413895-6c11-5e67-a8f4-abf99f7f2241,,29,29,"For he who eats and drinks in an unworthy way eats and drinks judgment to himself, if he doesn't discern the Lord's body."
55724d13-65a5-5717-a0ac-89a12a74ef51,2a413895-6c11-5e67-a8f4-abf99f7f2241,,30,30,"For this cause many among you are weak and sickly, and not a few sleep."
edc6451a-cff8-5b0d-a32a-7a80f42eaba1,2a413895-6c11-5e67-a8f4-abf99f7f2241,,31,31,"For if we discerned ourselves, we wouldn't be judged."
24e49e86-b57a-5539-a452-2142c4348804,2a413895-6c11-5e67-a8f4-abf99f7f2241,,32,32,"But when we are judged, we are punished by the Lord, that we may not be condemned with the world."
44485fcd-8a1c-58f6-adc3-fa447c7b4864,2a413895-6c11-5e67-a8f4-abf99f7f2241,,33,33,"Therefore, my brothers, when you come together to eat, wait for one another."
a0f22bbd-8adf-5695-a792-b67cce1b307e,2a413895-6c11-5e67-a8f4-abf99f7f2241,,34,34,"But if anyone is hungry, let him eat at home, lest your coming together be for judgment. The rest I will set in order whenever I come."
4c72db32-b310-52e5-a31a-2a145bc5a368,f4276578-4af2-541f-ab6c-24f74b66e5de,,1,1,"Now concerning spiritual things, brothers, I don't want you to be ignorant."
698430f9-f91b-50f9-a029-d27529d6e57c,f4276578-4af2-541f-ab6c-24f74b66e5de,,2,2,"You know that when you were heathen, you were led away to those mute idols, however you might be led."
176cd3d9-85e5-55a0-a66b-e783b412ee92,f4276578-4af2-541f-ab6c-24f74b66e5de,,3,3,"Therefore I make known to you that no man speaking by God's Spirit says, ""Jesus is accursed."" No one can say, ""Jesus is Lord,"" but by the Holy Spirit."
68e334e8-c8ca-52e6-a21a-c3c749388bdc,f4276578-4af2-541f-ab6c-24f74b66e5de,,4,4,"Now there are various kinds of gifts, but the same Spirit."
2bc1b564-5758-5fcb-aea6-1c2dd401273f,f4276578-4af2-541f-ab6c-24f74b66e5de,,5,5,"There are various kinds of service, and the same Lord."
f4891d78-1141-5faf-add9-f92bf3866f6e,f4276578-4af2-541f-ab6c-24f74b66e5de,,6,6,"There are various kinds of workings, but the same God, who works all things in all."
d9462fd4-7ed8-50eb-a40d-5fc467eb424e,f4276578-4af2-541f-ab6c-24f74b66e5de,,7,7,But to each one is given the manifestation of the Spirit for the profit of all.
df0228ea-2dfd-5387-a61f-708117f4790a,f4276578-4af2-541f-ab6c-24f74b66e5de,,8,8,"For to one is given through the Spirit the word of wisdom, and to another the word of knowledge, according to the same Spirit;"
d6306aaa-cb25-59a6-a7ab-97ea206de91d,f4276578-4af2-541f-ab6c-24f74b66e5de,,9,9,"to another faith, by the same Spirit; and to another gifts of healings, by the same Spirit;"
f2da4be5-32bf-5a53-a6a6-c286949e77db,f4276578-4af2-541f-ab6c-24f74b66e5de,,10,10,and to another workings of miracles; and to another prophecy; and to another discerning of spirits; to another different kinds of languages; and to another the interpretation of languages.
2c7d7a39-4fc7-52fe-aa84-aef3548cfcee,f4276578-4af2-541f-ab6c-24f74b66e5de,,11,11,"But the one and the same Spirit works all of these, distributing to each one separately as he desires."
8726b210-e005-5c59-a15c-c0ec983eb70e,f4276578-4af2-541f-ab6c-24f74b66e5de,,12,12,"For as the body is one, and has many members, and all the members of the body, being many, are one body; so also is Christ."
4d24b47b-d8d0-51af-a9f2-e03fc222d359,f4276578-4af2-541f-ab6c-24f74b66e5de,,13,13,"For in one Spirit we were all baptized into one body, whether Jews or Greeks, whether bond or free; and were all given to drink into one Spirit."
602ee1bc-414d-5d22-a591-eb56e9e667cb,f4276578-4af2-541f-ab6c-24f74b66e5de,,14,14,"For the body is not one member, but many."
0888ddb8-7169-53aa-a419-3a12dfc1ddf5,f4276578-4af2-541f-ab6c-24f74b66e5de,,15,15,"If the foot would say, ""Because I'm not the hand, I'm not part of the body,"" it is not therefore not part of the body."
11b2f4bc-7751-564b-a05f-82999441ce58,f4276578-4af2-541f-ab6c-24f74b66e5de,,16,16,"If the ear would say, ""Because I'm not the eye, I'm not part of the body,"" it's not therefore not part of the body."
617f02f1-d323-569f-ad57-24cbdc5e4790,f4276578-4af2-541f-ab6c-24f74b66e5de,,17,17,"If the whole body were an eye, where would the hearing be? If the whole were hearing, where would the smelling be?"
29b79471-710f-5bd6-a082-0c80906c0abe,f4276578-4af2-541f-ab6c-24f74b66e5de,,18,18,"But now God has set the members, each one of them, in the body, just as he desired."
ed09bf0d-90bd-561c-afe4-2dd63a0e3327,f4276578-4af2-541f-ab6c-24f74b66e5de,,19,19,"If they were all one member, where would the body be?"
25bf0e16-3ad0-5b2d-aca3-146c28fcc61a,f4276578-4af2-541f-ab6c-24f74b66e5de,,20,20,"But now they are many members, but one body."
cf26d50f-b94b-5429-a2fd-e680b557a21b,f4276578-4af2-541f-ab6c-24f74b66e5de,,21,21,"The eye can't tell the hand, ""I have no need for you,"" or again the head to the feet, ""I have no need for you."""
3881e75e-6396-50c5-a92e-8e53b6c15007,f4276578-4af2-541f-ab6c-24f74b66e5de,,22,22,"No, much rather, those members of the body which seem to be weaker are necessary."
ab59c3c1-f78d-5c3d-a56f-c48dc7b00a46,f4276578-4af2-541f-ab6c-24f74b66e5de,,23,23,"Those parts of the body which we think to be less honorable, on those we bestow more abundant honor; and our unpresentable parts have more abundant propriety;"
09679230-75fb-5eb9-af90-900c24a97376,f4276578-4af2-541f-ab6c-24f74b66e5de,,24,24,"whereas our presentable parts have no such need. But God composed the body together, giving more abundant honor to the inferior part,"
fe634748-1e06-534b-ac55-b4cac0c7b1ee,f4276578-4af2-541f-ab6c-24f74b66e5de,,25,25,"that there should be no division in the body, but that the members should have the same care for one another."
4d1af28d-0890-5d45-ad3c-232731e5c302,f4276578-4af2-541f-ab6c-24f74b66e5de,,26,26,"When one member suffers, all the members suffer with it. Or when one member is honored, all the members rejoice with it."
35eadd71-8037-5428-ac49-a798a5121b68,f4276578-4af2-541f-ab6c-24f74b66e5de,,27,27,"Now you are the body of Christ, and members individually."
6c3362f2-e458-513e-a177-9c8a53cc7e07,f4276578-4af2-541f-ab6c-24f74b66e5de,,28,28,"God has set some in the assembly: first apostles, second prophets, third teachers, then miracle workers, then gifts of healings, helps, governments, and various kinds of languages."
c5ece6d4-73cb-565b-a40b-364a844a3918,f4276578-4af2-541f-ab6c-24f74b66e5de,,29,29,Are all apostles? Are all prophets? Are all teachers? Are all miracle workers?
092dc92b-d92d-53de-a58c-8fe55c6ac7bf,f4276578-4af2-541f-ab6c-24f74b66e5de,,30,30,Do all have gifts of healings? Do all speak with various languages? Do all interpret?
1b2781e6-f173-5a46-a2af-3aacd6f4c095,f4276578-4af2-541f-ab6c-24f74b66e5de,,31,31,"But earnestly desire the best gifts. Moreover, I show a most excellent way to you."
cfad94c1-1b5e-5eed-aad4-5b2f80a929e7,fc3bbc2e-84d0-5767-a09c-b9ce0cfbcf32,,1,1,"If I speak with the languages of men and of angels, but don't have love, I have become sounding brass, or a clanging cymbal."
7b1d2183-e132-5bfc-a811-d069e2b23af7,fc3bbc2e-84d0-5767-a09c-b9ce0cfbcf32,,2,2,"If I have the gift of prophecy, and know all mysteries and all knowledge; and if I have all faith, so as to remove mountains, but don't have love, I am nothing."
73f0fda3-7455-5dfb-adbc-412626ada587,fc3bbc2e-84d0-5767-a09c-b9ce0cfbcf32,,3,3,"If I dole out all my goods to feed the poor, and if I give my body to be burned, but don't have love, it profits me nothing."
aabcc45b-02ef-586c-ad7d-36a8f8c1ceb4,fc3bbc2e-84d0-5767-a09c-b9ce0cfbcf32,,4,4,"Love is patient and is kind; love doesn't envy. Love doesn't brag, is not proud,"
42b57e7f-f634-5fdc-a82d-06d709eada0a,fc3bbc2e-84d0-5767-a09c-b9ce0cfbcf32,,5,5,"doesn't behave itself inappropriately, doesn't seek its own way, is not provoked, takes no account of evil;"
8af260af-1b79-5976-ab04-6b603fb89090,fc3bbc2e-84d0-5767-a09c-b9ce0cfbcf32,,6,6,"doesn't rejoice in unrighteousness, but rejoices with the truth;"
62ea6893-d9b1-5ae8-a389-423ee64c4518,fc3bbc2e-84d0-5767-a09c-b9ce0cfbcf32,,7,7,"bears all things, believes all things, hopes all things, endures all things."
23598241-dc43-5d9b-ad6d-90a07ba73955,fc3bbc2e-84d0-5767-a09c-b9ce0cfbcf32,,8,8,"Love never fails. But where there are prophecies, they will be done away with. Where there are various languages, they will cease. Where there is knowledge, it will be done away with."
91a338fb-d7ad-5397-a9b3-9c033e982b37,fc3bbc2e-84d0-5767-a09c-b9ce0cfbcf32,,9,9,"For we know in part, and we prophesy in part;"
83d6e738-fa9c-5e73-a2ae-f2399713d2f7,fc3bbc2e-84d0-5767-a09c-b9ce0cfbcf32,,10,10,"but when that which is complete has come, then that which is partial will be done away with."
4a0fe999-0b79-5267-a200-76f9b163c57c,fc3bbc2e-84d0-5767-a09c-b9ce0cfbcf32,,11,11,"When I was a child, I spoke as a child, I felt as a child, I thought as a child. Now that I have become a man, I have put away childish things."
d68c6f45-3038-5982-a8e5-7ee1c2a45545,fc3bbc2e-84d0-5767-a09c-b9ce0cfbcf32,,12,12,"For now we see in a mirror, dimly, but then face to face. Now I know in part, but then I will know fully, even as I was also fully known."
59ee6098-b9c7-521f-a208-e6066e982cef,fc3bbc2e-84d0-5767-a09c-b9ce0cfbcf32,,13,13,"But now faith, hope, and love remain--these three. The greatest of these is love."
a0a05894-1403-5042-a52f-6b4c7b60cca7,df37b8a0-9a26-5100-a01e-15f5d006a1ab,,1,1,"Follow after love, and earnestly desire spiritual gifts, but especially that you may prophesy."
fed0f65d-cc93-5255-a203-e8aeb49f551c,df37b8a0-9a26-5100-a01e-15f5d006a1ab,,2,2,"For he who speaks in another language speaks not to men, but to God; for no one understands; but in the Spirit he speaks mysteries."
1e423c23-9206-5046-a027-d1726710350d,df37b8a0-9a26-5100-a01e-15f5d006a1ab,,3,3,"But he who prophesies speaks to men for their edification, exhortation, and consolation."
98b7d2c3-fc3f-5f59-a669-4c1733677160,df37b8a0-9a26-5100-a01e-15f5d006a1ab,,4,4,"He who speaks in another language edifies himself, but he who prophesies edifies the assembly."
58623453-1dcd-5d1b-a23a-eae825a0c531,df37b8a0-9a26-5100-a01e-15f5d006a1ab,,5,5,"Now I desire to have you all speak with other languages, but rather that you would prophesy. For he is greater who prophesies than he who speaks with other languages, unless he interprets, that the assembly may be built up."
565fa927-a29b-586a-a39a-3196fdf54404,df37b8a0-9a26-5100-a01e-15f5d006a1ab,,6,6,"But now, brothers, if I come to you speaking with other languages, what would I profit you, unless I speak to you either by way of revelation, or of knowledge, or of prophesying, or of teaching?"
8a61c502-e3ab-5505-a114-9b1161e29730,df37b8a0-9a26-5100-a01e-15f5d006a1ab,,7,7,"Even things without life, giving a voice, whether pipe or harp, if they didn't give a distinction in the sounds, how would it be known what is piped or harped?"
a148f567-c69a-55f6-a3d3-82a192a47acd,df37b8a0-9a26-5100-a01e-15f5d006a1ab,,8,8,"For if the trumpet gave an uncertain sound, who would prepare himself for war?"
6737b368-64cc-5912-a7b2-afe3526b93c9,df37b8a0-9a26-5100-a01e-15f5d006a1ab,,9,9,"So also you, unless you uttered by the tongue words easy to understand, how would it be known what is spoken? For you would be speaking into the air."
9aa8ccad-0e15-5039-aaa5-ee34ecb8eb1c,df37b8a0-9a26-5100-a01e-15f5d006a1ab,,10,10,"There are, it may be, so many kinds of sounds in the world, and none of them is without meaning."
d4c0fd40-e334-5fbd-a7ee-6a0a75445420,df37b8a0-9a26-5100-a01e-15f5d006a1ab,,11,11,"If then I don't know the meaning of the sound, I would be to him who speaks a foreigner, and he who speaks would be a foreigner to me."
9c9721e8-52d5-55fa-ac61-9bbe6851324e,df37b8a0-9a26-5100-a01e-15f5d006a1ab,,12,12,"So also you, since you are zealous for spiritual gifts, seek that you may abound to the building up of the assembly."
c9013a19-50d1-5784-a4ee-bc237fa519da,df37b8a0-9a26-5100-a01e-15f5d006a1ab,,13,13,Therefore let him who speaks in another language pray that he may interpret.
d6236010-eb93-5abe-ac6c-0584302a138c,df37b8a0-9a26-5100-a01e-15f5d006a1ab,,14,14,"For if I pray in another language, my spirit prays, but my understanding is unfruitful."
51271e6c-f8f5-5d1f-a746-394d9ef9482f,df37b8a0-9a26-5100-a01e-15f5d006a1ab,,15,15,"What is it then? I will pray with the spirit, and I will pray with the understanding also. I will sing with the spirit, and I will sing with the understanding also."
99c8b9fa-a3d0-5eb9-a551-0d34dc265227,df37b8a0-9a26-5100-a01e-15f5d006a1ab,,16,16,"Otherwise if you bless with the spirit, how will he who fills the place of the unlearned say the ""Amen"" at your giving of thanks, seeing he doesn't know what you say?"
50ce11d6-674b-55ff-a5fd-a4b5876a1985,df37b8a0-9a26-5100-a01e-15f5d006a1ab,,17,17,"For you most certainly give thanks well, but the other person is not built up."
7ec92007-fa74-59fc-a852-4210581b6479,df37b8a0-9a26-5100-a01e-15f5d006a1ab,,18,18,"I thank my God, I speak with other languages more than you all."
29ee07ff-ff39-50b8-a3b9-c97376fd03e3,df37b8a0-9a26-5100-a01e-15f5d006a1ab,,19,19,"However in the assembly I would rather speak five words with my understanding, that I might instruct others also, than ten thousand words in another language."
56131fc7-5715-5906-a2d8-091759f75f76,df37b8a0-9a26-5100-a01e-15f5d006a1ab,,20,20,"Brothers, don't be children in thoughts, yet in malice be babies, but in thoughts be mature."
cdf3bc0d-9046-5dbc-ae6d-65dc5c595daa,df37b8a0-9a26-5100-a01e-15f5d006a1ab,,21,21,"In the law it is written, ""By men of strange languages and by the lips of strangers I will speak to this people. Not even thus will they hear me, says the Lord."""
1f87a605-c977-5351-ad09-6269222d851a,df37b8a0-9a26-5100-a01e-15f5d006a1ab,,22,22,"Therefore other languages are for a sign, not to those who believe, but to the unbelieving; but prophesying is for a sign, not to the unbelieving, but to those who believe."
c812e0b4-c704-570d-a620-72d86ab88d58,df37b8a0-9a26-5100-a01e-15f5d006a1ab,,23,23,"If therefore the whole assembly is assembled together and all speak with other languages, and unlearned or unbelieving people come in, won't they say that you are crazy?"
4c74df11-6173-536e-afdc-b698fe776370,df37b8a0-9a26-5100-a01e-15f5d006a1ab,,24,24,"But if all prophesy, and someone unbelieving or unlearned comes in, he is reproved by all, and he is judged by all."
6e6c44f5-b080-59e7-a098-7bd5c27966ab,df37b8a0-9a26-5100-a01e-15f5d006a1ab,,25,25,"And thus the secrets of his heart are revealed. So he will fall down on his face and worship God, declaring that God is among you indeed."
85028451-013a-5213-a246-6a3ae519bced,df37b8a0-9a26-5100-a01e-15f5d006a1ab,,26,26,"What is it then, brothers? When you come together, each one of you has a psalm, has a teaching, has a revelation, has another language, has an interpretation. Let all things be done to build each other up."
4dc21fe2-2671-521d-ad4d-e12679797765,df37b8a0-9a26-5100-a01e-15f5d006a1ab,,27,27,"If any man speaks in another language, let it be two, or at the most three, and in turn; and let one interpret."
268857c7-5074-5e09-a7f8-005c217fab95,df37b8a0-9a26-5100-a01e-15f5d006a1ab,,28,28,"But if there is no interpreter, let him keep silent in the assembly, and let him speak to himself, and to God."
aa7f5b3d-b41e-534a-a6ca-b37e7992bd50,df37b8a0-9a26-5100-a01e-15f5d006a1ab,,29,29,"Let the prophets speak, two or three, and let the others discern."
7371065f-61e9-50c9-a337-3a6e82844161,df37b8a0-9a26-5100-a01e-15f5d006a1ab,,30,30,"But if a revelation is made to another sitting by, let the first keep silent."
1a41e85a-b072-58ab-a28a-99cad550a067,df37b8a0-9a26-5100-a01e-15f5d006a1ab,,31,31,"For you all can prophesy one by one, that all may learn, and all may be exhorted."
a67d9631-821b-5204-a0af-843a59061a43,df37b8a0-9a26-5100-a01e-15f5d006a1ab,,32,32,"The spirits of the prophets are subject to the prophets,"
3c73e6fc-66ea-5202-aae7-7f92bc8a4007,df37b8a0-9a26-5100-a01e-15f5d006a1ab,,33,33,"for God is not a God of confusion, but of peace. As in all the assemblies of the saints,"
e3917252-9a40-5509-a7db-074f54f6fe03,df37b8a0-9a26-5100-a01e-15f5d006a1ab,,34,34,"let your wives keep silent in the assemblies, for it has not been permitted for them to speak; but let them be in subjection, as the law also says."
99e8d4f6-efcc-598b-aca3-22c96ceedb53,df37b8a0-9a26-5100-a01e-15f5d006a1ab,,35,35,"If they desire to learn anything, let them ask their own husbands at home, for it is shameful for a woman to chatter in the assembly."
9afefcf2-8450-5b56-a650-0d84e9e67a2a,df37b8a0-9a26-5100-a01e-15f5d006a1ab,,36,36,What? Was it from you that the word of God went out? Or did it come to you alone?
443be699-82eb-57c7-accc-df034bfaf52d,df37b8a0-9a26-5100-a01e-15f5d006a1ab,,37,37,"If any man thinks himself to be a prophet, or spiritual, let him recognize the things which I write to you, that they are the commandment of the Lord."
9a960302-9082-5363-acf3-e5b48700ffc1,df37b8a0-9a26-5100-a01e-15f5d006a1ab,,38,38,"But if anyone is ignorant, let him be ignorant."
13b3545f-4798-5076-a803-c02abca96a91,df37b8a0-9a26-5100-a01e-15f5d006a1ab,,39,39,"Therefore, brothers, desire earnestly to prophesy, and don't forbid speaking with other languages."
3e2859ee-e853-5145-a237-75a34fc1cc88,df37b8a0-9a26-5100-a01e-15f5d006a1ab,,40,40,Let all things be done decently and in order.
c2fe0e7d-32ae-52fe-ad0c-f54c617bd16e,ce2c83b9-435b-5d7c-ad6a-ba2c694ac155,,1,1,"Now I declare to you, brothers, the Good News which I preached to you, which also you received, in which you also stand,"
54f7063b-af9b-5e08-a09c-4e86feff829f,ce2c83b9-435b-5d7c-ad6a-ba2c694ac155,,2,2,"by which also you are saved, if you hold firmly the word which I preached to you--unless you believed in vain."
7a746ed1-c2bb-5343-a5f3-ba2f00bd6d8a,ce2c83b9-435b-5d7c-ad6a-ba2c694ac155,,3,3,"For I delivered to you first of all that which I also received: that Christ died for our sins according to the Scriptures,"
a47d9c34-25b0-5b28-a301-e0d7870e4cb3,ce2c83b9-435b-5d7c-ad6a-ba2c694ac155,,4,4,"that he was buried, that he was raised on the third day according to the Scriptures,"
06781dd6-00f8-5a7a-a1d4-140c70767717,ce2c83b9-435b-5d7c-ad6a-ba2c694ac155,,5,5,"and that he appeared to Cephas, then to the twelve."
5197dfbe-ed39-519d-a5e6-86f1a11c53f0,ce2c83b9-435b-5d7c-ad6a-ba2c694ac155,,6,6,"Then he appeared to over five hundred brothers at once, most of whom remain until now, but some have also fallen asleep."
a4466887-2cb4-582e-a630-eab84f334f9d,ce2c83b9-435b-5d7c-ad6a-ba2c694ac155,,7,7,"Then he appeared to James, then to all the apostles,"
90291dab-1090-5c32-aaf2-2ab2037e957d,ce2c83b9-435b-5d7c-ad6a-ba2c694ac155,,8,8,"and last of all, as to the child born at the wrong time, he appeared to me also."
535d4cf2-457d-5368-a940-32da96575945,ce2c83b9-435b-5d7c-ad6a-ba2c694ac155,,9,9,"For I am the least of the apostles, who is not worthy to be called an apostle, because I persecuted the assembly of God."
223febb0-37e0-534c-a07c-bf2b9f17f308,ce2c83b9-435b-5d7c-ad6a-ba2c694ac155,,10,10,"But by the grace of God I am what I am. His grace which was bestowed on me was not futile, but I worked more than all of them; yet not I, but the grace of God which was with me."
f9abf5d3-ec89-55bc-a5b2-d5fc4fa2124c,ce2c83b9-435b-5d7c-ad6a-ba2c694ac155,,11,11,"Whether then it is I or they, so we preach, and so you believed."
f0286f9b-cdf1-57a4-abba-52d999ba858b,ce2c83b9-435b-5d7c-ad6a-ba2c694ac155,,12,12,"Now if Christ is preached, that he has been raised from the dead, how do some among you say that there is no resurrection of the dead?"
04fdd148-d6c9-5443-a270-da27b7c649d4,ce2c83b9-435b-5d7c-ad6a-ba2c694ac155,,13,13,"But if there is no resurrection of the dead, neither has Christ been raised."
e0b21d08-1409-5f19-a681-a024d92a388b,ce2c83b9-435b-5d7c-ad6a-ba2c694ac155,,14,14,"If Christ has not been raised, then our preaching is in vain, and your faith also is in vain."
6c42ed9a-1eef-503d-aa36-1ee115456f13,ce2c83b9-435b-5d7c-ad6a-ba2c694ac155,,15,15,"Yes, we are found false witnesses of God, because we testified about God that he raised up Christ, whom he didn't raise up, if it is so that the dead are not raised."
67d0cc96-5271-52e9-a204-ba18ec6ef1ca,ce2c83b9-435b-5d7c-ad6a-ba2c694ac155,,16,16,"For if the dead aren't raised, neither has Christ been raised."
36210c8f-2479-588a-a955-d5a9f15d4050,ce2c83b9-435b-5d7c-ad6a-ba2c694ac155,,17,17,"If Christ has not been raised, your faith is vain; you are still in your sins."
12573f90-34f2-5eb5-a519-0dbed6416e97,ce2c83b9-435b-5d7c-ad6a-ba2c694ac155,,18,18,Then they also who are fallen asleep in Christ have perished.
92139d9f-2f27-5570-a83e-5e4ae42853bc,ce2c83b9-435b-5d7c-ad6a-ba2c694ac155,,19,19,"If we have only hoped in Christ in this life, we are of all men most pitiable."
504753a3-fa88-5405-a85b-e7786417f26c,ce2c83b9-435b-5d7c-ad6a-ba2c694ac155,,20,20,But now Christ has been raised from the dead. He became the first fruits of those who are asleep.
b9d7438f-896a-5eac-a307-a66146be1cf8,ce2c83b9-435b-5d7c-ad6a-ba2c694ac155,,21,21,"For since death came by man, the resurrection of the dead also came by man."
d9bad29c-95bf-5e44-a3a7-068bb6fe885e,ce2c83b9-435b-5d7c-ad6a-ba2c694ac155,,22,22,"For as in Adam all die, so also in Christ all will be made alive."
053caaa3-2410-5a2f-a155-ede72c872dd8,ce2c83b9-435b-5d7c-ad6a-ba2c694ac155,,23,23,"But each in his own order: Christ the first fruits, then those who are Christ's, at his coming."
24802648-3dc9-5121-ac6a-1d58e4d28a4a,ce2c83b9-435b-5d7c-ad6a-ba2c694ac155,,24,24,"Then the end comes, when he will deliver up the Kingdom to God, even the Father; when he will have abolished all rule and all authority and power."
38223204-ee9d-5802-a77d-d2f91d1e8280,ce2c83b9-435b-5d7c-ad6a-ba2c694ac155,,25,25,For he must reign until he has put all his enemies under his feet.
cd9516d4-7776-542e-ad45-2dbfcf14701b,ce2c83b9-435b-5d7c-ad6a-ba2c694ac155,,26,26,The last enemy that will be abolished is death.
65e5a4e3-a427-5174-ac6b-f384559774c4,ce2c83b9-435b-5d7c-ad6a-ba2c694ac155,,27,27,"For, ""He put all things in subjection under his feet."" But when he says, ""All things are put in subjection,"" it is evident that he is excepted who subjected all things to him."
4db896ca-864f-5757-ab39-9867df23f1b8,ce2c83b9-435b-5d7c-ad6a-ba2c694ac155,,28,28,"When all things have been subjected to him, then the Son will also himself be subjected to him who subjected all things to him, that God may be all in all."
4e0ddcfc-2a4c-559a-ac04-0567710f47d1,ce2c83b9-435b-5d7c-ad6a-ba2c694ac155,,29,29,"Or else what will they do who are baptized for the dead? If the dead aren't raised at all, why then are they baptized for the dead?"
14d13e28-3308-52fa-abac-8e217e11d83c,ce2c83b9-435b-5d7c-ad6a-ba2c694ac155,,30,30,Why do we also stand in jeopardy every hour?
473c3962-37a2-5b9d-a5c3-e5ac515117e5,ce2c83b9-435b-5d7c-ad6a-ba2c694ac155,,31,31,"I affirm, by the boasting in you which I have in Christ Jesus our Lord, I die daily."
85a3f9e9-82c0-5228-a9c0-c59d48515f17,ce2c83b9-435b-5d7c-ad6a-ba2c694ac155,,32,32,"If I fought with animals at Ephesus for human purposes, what does it profit me? If the dead are not raised, then ""let us eat and drink, for tomorrow we die."""
97dc6770-cb35-548f-ade2-85e35c19352c,ce2c83b9-435b-5d7c-ad6a-ba2c694ac155,,33,33,"Don't be deceived! ""Evil companionships corrupt good morals."""
317354d1-9290-579f-a5f6-4083dd73305e,ce2c83b9-435b-5d7c-ad6a-ba2c694ac155,,34,34,"Wake up righteously, and don't sin, for some have no knowledge of God. I say this to your shame."
4e0e76bc-06cb-5d6e-a8a1-049dedcf580a,ce2c83b9-435b-5d7c-ad6a-ba2c694ac155,,35,35,"But someone will say, ""How are the dead raised?"" and, ""With what kind of body do they come?"""
46ce71a1-6f05-5fb5-a3ea-1cc33742309e,ce2c83b9-435b-5d7c-ad6a-ba2c694ac155,,36,36,"You foolish one, that which you yourself sow is not made alive unless it dies."
54663232-aa17-5f1f-adb7-f4ef9f163213,ce2c83b9-435b-5d7c-ad6a-ba2c694ac155,,37,37,"That which you sow, you don't sow the body that will be, but a bare grain, maybe of wheat, or of some other kind."
95a51e29-3666-5cac-a0a7-6d0d86fd1211,ce2c83b9-435b-5d7c-ad6a-ba2c694ac155,,38,38,"But God gives it a body even as it pleased him, and to each seed a body of its own."
2482d96e-e299-59ea-aa74-d8fefee76c01,ce2c83b9-435b-5d7c-ad6a-ba2c694ac155,,39,39,"All flesh is not the same flesh, but there is one flesh of men, another flesh of animals, another of fish, and another of birds."
35143ccd-bb7c-5a2d-a5dc-eda442d4d036,ce2c83b9-435b-5d7c-ad6a-ba2c694ac155,,40,40,"There are also celestial bodies, and terrestrial bodies; but the glory of the celestial differs from that of the terrestrial."
069ebe21-8dab-504c-adae-f2ced55979c0,ce2c83b9-435b-5d7c-ad6a-ba2c694ac155,,41,41,"There is one glory of the sun, another glory of the moon, and another glory of the stars; for one star differs from another star in glory."
c7fd7e36-92fd-5a7d-acde-81e9066e6c75,ce2c83b9-435b-5d7c-ad6a-ba2c694ac155,,42,42,So also is the resurrection of the dead. It is sown in corruption; it is raised in incorruption.
19c66bea-fa17-57cd-abcd-0f9ba5df77b1,ce2c83b9-435b-5d7c-ad6a-ba2c694ac155,,43,43,It is sown in dishonor; it is raised in glory. It is sown in weakness; it is raised in power.
0d0ee0b2-b989-5944-a045-dbffb93bb66e,ce2c83b9-435b-5d7c-ad6a-ba2c694ac155,,44,44,It is sown a natural body; it is raised a spiritual body. There is a natural body and there is also a spiritual body.
b4a5b906-a728-5f54-a302-66a2de9f69a3,ce2c83b9-435b-5d7c-ad6a-ba2c694ac155,,45,45,"So also it is written, ""The first man, Adam, became a living soul."" The last Adam became a life-giving spirit."
2ca66abe-90f9-5969-a299-2e669587fd67,ce2c83b9-435b-5d7c-ad6a-ba2c694ac155,,46,46,"However that which is spiritual isn't first, but that which is natural, then that which is spiritual."
7e2100d0-e3f5-5634-a64b-8eb1953e4218,ce2c83b9-435b-5d7c-ad6a-ba2c694ac155,,47,47,"The first man is of the earth, made of dust. The second man is the Lord from heaven."
2eefc536-9074-525f-a9bf-ba08bffb2af5,ce2c83b9-435b-5d7c-ad6a-ba2c694ac155,,48,48,"As is the one made of dust, such are those who are also made of dust; and as is the heavenly, such are they also that are heavenly."
c2fa5c08-96cf-57bc-a9a8-1c8684a3b157,ce2c83b9-435b-5d7c-ad6a-ba2c694ac155,,49,49,"As we have borne the image of those made of dust, let's also bear the image of the heavenly."
82cb2eec-a3d4-5015-ace4-0a0a130832a0,ce2c83b9-435b-5d7c-ad6a-ba2c694ac155,,50,50,"Now I say this, brothers, that flesh and blood can't inherit the Kingdom of God; neither does corruption inherit incorruption."
62cb3dff-ddba-5dee-ad87-b66fba475072,ce2c83b9-435b-5d7c-ad6a-ba2c694ac155,,51,51,"Behold, I tell you a mystery. We will not all sleep, but we will all be changed,"
85fb7608-df32-5083-af65-8373cde63552,ce2c83b9-435b-5d7c-ad6a-ba2c694ac155,,52,52,"in a moment, in the twinkling of an eye, at the last trumpet. For the trumpet will sound, and the dead will be raised incorruptible, and we will be changed."
5d24bfe2-4072-504b-abd6-752bb6bcacf1,ce2c83b9-435b-5d7c-ad6a-ba2c694ac155,,53,53,"For this corruptible must put on incorruption, and this mortal must put on immortality."
d5261058-f576-5413-a7c8-4ef411ffb1ea,ce2c83b9-435b-5d7c-ad6a-ba2c694ac155,,54,54,"But when this corruptible will have put on incorruption, and this mortal will have put on immortality, then what is written will happen: ""Death is swallowed up in victory."""
055d804d-2b38-5f7c-ac65-4a724844ae28,ce2c83b9-435b-5d7c-ad6a-ba2c694ac155,,55,55,"""Death, where is your sting? Hades, where is your victory?"""
eb7b9d8b-ce8d-55c7-a51a-715c78833043,ce2c83b9-435b-5d7c-ad6a-ba2c694ac155,,56,56,"The sting of death is sin, and the power of sin is the law."
79be7b60-8c3c-5d0e-afc2-9b608bd6b701,ce2c83b9-435b-5d7c-ad6a-ba2c694ac155,,57,57,"But thanks be to God, who gives us the victory through our Lord Jesus Christ."
25a13fad-60ca-591a-a087-78783c858973,ce2c83b9-435b-5d7c-ad6a-ba2c694ac155,,58,58,"Therefore, my beloved brothers, be steadfast, immovable, always abounding in the Lord's work, because you know that your labor is not in vain in the Lord."
6fffa533-0966-5278-a374-9cc3e4d12acf,eecdff10-eb90-5772-abb4-3f6125c6adee,,1,1,"Now concerning the collection for the saints, as I commanded the assemblies of Galatia, you do likewise."
1d2b7d76-18d0-5364-a560-077375f222b7,eecdff10-eb90-5772-abb4-3f6125c6adee,,2,2,"On the first day of the week, let each one of you save, as he may prosper, that no collections be made when I come."
2f9e756e-b0c9-5a22-ae29-6b0869137e6b,eecdff10-eb90-5772-abb4-3f6125c6adee,,3,3,"When I arrive, I will send whoever you approve with letters to carry your gracious gift to Jerusalem."
c67615fb-ebc5-5f7f-a419-c4cfb983fdd7,eecdff10-eb90-5772-abb4-3f6125c6adee,,4,4,"If it is appropriate for me to go also, they will go with me."
953ddcf6-8e82-50e5-ae7e-ccab82af2955,eecdff10-eb90-5772-abb4-3f6125c6adee,,5,5,"But I will come to you when I have passed through Macedonia, for I am passing through Macedonia."
1a45d12a-224c-57d3-a4af-267b30f50f6b,eecdff10-eb90-5772-abb4-3f6125c6adee,,6,6,"But with you it may be that I will stay, or even winter, that you may send me on my journey wherever I go."
0a8c2800-cdd4-5164-a6dc-249192aae597,eecdff10-eb90-5772-abb4-3f6125c6adee,,7,7,"For I do not wish to see you now in passing, but I hope to stay a while with you, if the Lord permits."
1eb706ba-2c2c-5361-aa4d-e93c765ccd6d,eecdff10-eb90-5772-abb4-3f6125c6adee,,8,8,"But I will stay at Ephesus until Pentecost,"
8c84720b-35fa-59de-a6df-4f591ae6e93d,eecdff10-eb90-5772-abb4-3f6125c6adee,,9,9,"for a great and effective door has opened to me, and there are many adversaries."
8d73c93b-6425-5297-ab58-f1e78778ba64,eecdff10-eb90-5772-abb4-3f6125c6adee,,10,10,"Now if Timothy comes, see that he is with you without fear, for he does the work of the Lord, as I also do."
227f9db5-9a8f-52c5-a757-8184c6977a18,eecdff10-eb90-5772-abb4-3f6125c6adee,,11,11,"Therefore let no one despise him. But set him forward on his journey in peace, that he may come to me; for I expect him with the brothers."
0d663cfe-2bc1-5afb-a34b-5cf41715baf5,eecdff10-eb90-5772-abb4-3f6125c6adee,,12,12,"Now concerning Apollos, the brother, I strongly urged him to come to you with the brothers; and it was not at all his desire to come now; but he will come when he has an opportunity."
210dbd88-5194-57fd-a725-5ea2b2589992,eecdff10-eb90-5772-abb4-3f6125c6adee,,13,13,Watch! Stand firm in the faith! Be courageous! Be strong!
9ed88b2c-a4d7-5b1b-af3b-c4a1ed91a817,eecdff10-eb90-5772-abb4-3f6125c6adee,,14,14,Let all that you do be done in love.
126076d3-19b6-5172-ad13-660dd7500bb9,eecdff10-eb90-5772-abb4-3f6125c6adee,,15,15,"Now I beg you, brothers (you know the house of Stephanas, that it is the first fruits of Achaia, and that they have set themselves to serve the saints),"
1a85a920-b6ae-5497-a136-a1ddfbe3f5ab,eecdff10-eb90-5772-abb4-3f6125c6adee,,16,16,"that you also be in subjection to such, and to everyone who helps in the work and labors."
0c32ff49-98af-5851-ae87-3f925b1eb2b6,eecdff10-eb90-5772-abb4-3f6125c6adee,,17,17,"I rejoice at the coming of Stephanas, Fortunatus, and Achaicus; for that which was lacking on your part, they supplied."
80619569-beaf-5f43-a8f3-a8fcf0281c34,eecdff10-eb90-5772-abb4-3f6125c6adee,,18,18,For they refreshed my spirit and yours. Therefore acknowledge those who are like that.
caf2299a-6cd8-5744-a0b7-5c62960460d6,eecdff10-eb90-5772-abb4-3f6125c6adee,,19,19,"The assemblies of Asia greet you. Aquila and Priscilla greet you much in the Lord, together with the assembly that is in their house."
097c14a8-937f-59e2-a9af-8a25b4a6c861,eecdff10-eb90-5772-abb4-3f6125c6adee,,20,20,All the brothers greet you. Greet one another with a holy kiss.
d2022f8b-1faf-5796-a50c-85f51e219e08,eecdff10-eb90-5772-abb4-3f6125c6adee,,21,21,"This greeting is by me, Paul, with my own hand."
cb94658a-6517-5006-a47a-719649510e86,eecdff10-eb90-5772-abb4-3f6125c6adee,,22,22,"If any man doesn't love the Lord Jesus Christ, let him be accursed. Come, Lord!"
091b3bc1-7cb5-51f7-ad39-2443496ca954,eecdff10-eb90-5772-abb4-3f6125c6adee,,23,23,The grace of the Lord Jesus Christ be with you.
627df95b-5889-57c7-a13a-54eac6c0185a,eecdff10-eb90-5772-abb4-3f6125c6adee,,24,24,My love to all of you in Christ Jesus. Amen.
0684ca4a-56a4-57cd-a1a0-338708b5f547,8a1706d5-ec9b-5324-a59d-30d762e20b4f,,1,1,"Paul, an apostle of Christ Jesus through the will of God, and Timothy our brother, to the assembly of God which is at Corinth, with all the saints who are in the whole of Achaia:"
a95ae3f5-5421-5375-afee-28d38e281594,8a1706d5-ec9b-5324-a59d-30d762e20b4f,,2,2,Grace to you and peace from God our Father and the Lord Jesus Christ.
8b8715e1-4aea-5f13-a2df-4749cb446833,8a1706d5-ec9b-5324-a59d-30d762e20b4f,,3,3,"Blessed be the God and Father of our Lord Jesus Christ, the Father of mercies and God of all comfort;"
f7980fde-63c5-5a1f-a85e-1a31e1c8b333,8a1706d5-ec9b-5324-a59d-30d762e20b4f,,4,4,"who comforts us in all our affliction, that we may be able to comfort those who are in any affliction, through the comfort with which we ourselves are comforted by God."
698ea8ea-9694-5f42-ae6d-05b5e8141ebd,8a1706d5-ec9b-5324-a59d-30d762e20b4f,,5,5,"For as the sufferings of Christ abound to us, even so our comfort also abounds through Christ."
e5725072-72c8-5faa-addf-8d477131ae5c,8a1706d5-ec9b-5324-a59d-30d762e20b4f,,6,6,"But if we are afflicted, it is for your comfort and salvation. If we are comforted, it is for your comfort, which produces in you the patient enduring of the same sufferings which we also suffer."
1371f34b-c511-5828-ab66-13e968e1ee84,8a1706d5-ec9b-5324-a59d-30d762e20b4f,,7,7,"Our hope for you is steadfast, knowing that, since you are partakers of the sufferings, so also are you of the comfort."
84f27e6e-2d74-570a-aa29-3b75ac2ecc9e,8a1706d5-ec9b-5324-a59d-30d762e20b4f,,8,8,"For we don't desire to have you uninformed, brothers, concerning our affliction which happened to us in Asia, that we were weighed down exceedingly, beyond our power, so much that we despaired even of life."
ad8fcc44-541e-55e2-a303-cd9dc15eef33,8a1706d5-ec9b-5324-a59d-30d762e20b4f,,9,9,"Yes, we ourselves have had the sentence of death within ourselves, that we should not trust in ourselves, but in God who raises the dead,"
0b9dbd73-bbea-5fe7-a507-b6b103aa7992,8a1706d5-ec9b-5324-a59d-30d762e20b4f,,10,10,"who delivered us out of so great a death, and does deliver; on whom we have set our hope that he will also still deliver us;"
901a5fce-b4c0-53b2-ae1b-bdf238647c90,8a1706d5-ec9b-5324-a59d-30d762e20b4f,,11,11,"you also helping together on our behalf by your supplication; that, for the gift bestowed on us by means of many, thanks may be given by many persons on your behalf."
aafed95c-c98e-57d6-a916-61452c288ad8,8a1706d5-ec9b-5324-a59d-30d762e20b4f,,12,12,"For our boasting is this: the testimony of our conscience, that in holiness and sincerity of God, not in fleshly wisdom but in the grace of God we behaved ourselves in the world, and more abundantly toward you."
55dfde02-a494-5ade-a124-20178c5d29d8,8a1706d5-ec9b-5324-a59d-30d762e20b4f,,13,13,"For we write no other things to you, than what you read or even acknowledge, and I hope you will acknowledge to the end;"
b3f7e6de-c778-5f79-af12-b4a30606cb5b,8a1706d5-ec9b-5324-a59d-30d762e20b4f,,14,14,"as also you acknowledged us in part, that we are your boasting, even as you also are ours, in the day of our Lord Jesus."
5af42023-379a-5138-a54a-15f187905f49,8a1706d5-ec9b-5324-a59d-30d762e20b4f,,15,15,"In this confidence, I was determined to come first to you, that you might have a second benefit;"
0c40dddb-8591-55ac-ae11-41a656ed5d1e,8a1706d5-ec9b-5324-a59d-30d762e20b4f,,16,16,"and by you to pass into Macedonia, and again from Macedonia to come to you, and to be sent forward by you on my journey to Judea."
36200763-4491-5d6e-a223-372468c93863,8a1706d5-ec9b-5324-a59d-30d762e20b4f,,17,17,"When I therefore was thus determined, did I show fickleness? Or the things that I purpose, do I purpose according to the flesh, that with me there should be the ""Yes, yes"" and the ""No, no?"""
339794e4-6c70-59f6-af38-07d45814bafb,8a1706d5-ec9b-5324-a59d-30d762e20b4f,,18,18,"But as God is faithful, our word toward you was not ""Yes and no."""
b378b11c-600f-5e05-a6c3-5d42bdf19c4c,8a1706d5-ec9b-5324-a59d-30d762e20b4f,,19,19,"For the Son of God, Jesus Christ, who was preached among you by us, by me, Silvanus, and Timothy, was not ""Yes and no,"" but in him is ""Yes."""
24ac9405-b1ce-5240-aef9-af6dec4e3b08,8a1706d5-ec9b-5324-a59d-30d762e20b4f,,20,20,"For however many are the promises of God, in him is the ""Yes."" Therefore also through him is the ""Amen,"" to the glory of God through us."
c8bc2d65-d045-56cb-abb7-ce7cf0283c93,8a1706d5-ec9b-5324-a59d-30d762e20b4f,,21,21,"Now he who establishes us with you in Christ, and anointed us, is God;"
40a900db-a239-532b-a8de-a1c104b76219,8a1706d5-ec9b-5324-a59d-30d762e20b4f,,22,22,"who also sealed us, and gave us the down payment of the Spirit in our hearts."
fe18b336-9377-5b46-a218-db04f196a734,8a1706d5-ec9b-5324-a59d-30d762e20b4f,,23,23,"But I call God for a witness to my soul, that I didn't come to Corinth to spare you."
4451f4f3-ba43-5991-ac28-12ad691bed69,8a1706d5-ec9b-5324-a59d-30d762e20b4f,,24,24,"Not that we have lordship over your faith, but are fellow workers with you for your joy. For you stand firm in faith."
02405548-35ed-5f4a-aca2-88145174df8d,a1994b88-f1d1-5b35-afb9-45ea92ba9932,,1,1,"But I determined this for myself, that I would not come to you again in sorrow."
2eb268b3-60c8-5f47-a2bd-67a4bd67e4d6,a1994b88-f1d1-5b35-afb9-45ea92ba9932,,2,2,"For if I make you sorry, then who will make me glad but he who is made sorry by me?"
0ef09c64-5ff2-567d-a24f-cb692911244c,a1994b88-f1d1-5b35-afb9-45ea92ba9932,,3,3,"And I wrote this very thing to you, so that, when I came, I wouldn't have sorrow from them of whom I ought to rejoice; having confidence in you all, that my joy would be shared by all of you."
8f7c2cd7-3770-5e43-af94-e203810f69bb,a1994b88-f1d1-5b35-afb9-45ea92ba9932,,4,4,"For out of much affliction and anguish of heart I wrote to you with many tears, not that you should be made sorry, but that you might know the love that I have so abundantly for you."
2cab1f51-8aaa-5fbf-a9ba-f5e55b3fa162,a1994b88-f1d1-5b35-afb9-45ea92ba9932,,5,5,"But if any has caused sorrow, he has caused sorrow, not to me, but in part (that I not press too heavily) to you all."
681e3d6a-7bc9-5c65-a9eb-ab786b42e0fa,a1994b88-f1d1-5b35-afb9-45ea92ba9932,,6,6,Sufficient to such a one is this punishment which was inflicted by the many;
7314da74-be1c-560b-a895-fbb46485a645,a1994b88-f1d1-5b35-afb9-45ea92ba9932,,7,7,"so that on the contrary you should rather forgive him and comfort him, lest by any means such a one should be swallowed up with his excessive sorrow."
75eb511d-6a25-5289-a595-32fa39f0a527,a1994b88-f1d1-5b35-afb9-45ea92ba9932,,8,8,Therefore I beg you to confirm your love toward him.
75398a79-3342-52b9-aeeb-8e0c98ce01fd,a1994b88-f1d1-5b35-afb9-45ea92ba9932,,9,9,"For to this end I also wrote, that I might know the proof of you, whether you are obedient in all things."
7f4db708-f415-5834-ab73-521c08c2ce93,a1994b88-f1d1-5b35-afb9-45ea92ba9932,,10,10,"Now I also forgive whomever you forgive anything. For if indeed I have forgiven anything, I have forgiven that one for your sakes in the presence of Christ,"
cf008481-a38d-50e1-a671-57cacf32e8db,a1994b88-f1d1-5b35-afb9-45ea92ba9932,,11,11,that no advantage may be gained over us by Satan; for we are not ignorant of his schemes.
98a7c7fd-147a-5d54-a315-632f0a385233,a1994b88-f1d1-5b35-afb9-45ea92ba9932,,12,12,"Now when I came to Troas for the Good News of Christ, and when a door was opened to me in the Lord,"
d01d25a6-d150-5d0d-ace5-3e945495f713,a1994b88-f1d1-5b35-afb9-45ea92ba9932,,13,13,"I had no relief for my spirit, because I didn't find Titus, my brother, but taking my leave of them, I went out into Macedonia."
7eed1fc8-9306-5f44-a1e6-e76f0a04729d,a1994b88-f1d1-5b35-afb9-45ea92ba9932,,14,14,"Now thanks be to God, who always leads us in triumph in Christ, and reveals through us the sweet aroma of his knowledge in every place."
e34bf0b7-1b77-588a-a0b8-1d0b1ed6073c,a1994b88-f1d1-5b35-afb9-45ea92ba9932,,15,15,"For we are a sweet aroma of Christ to God, in those who are saved, and in those who perish;"
ace43aac-0892-5fa1-afb3-1cc52c521407,a1994b88-f1d1-5b35-afb9-45ea92ba9932,,16,16,to the one a stench from death to death; to the other a sweet aroma from life to life. Who is sufficient for these things?
5eb17569-d33e-5425-a668-466049eb6b83,a1994b88-f1d1-5b35-afb9-45ea92ba9932,,17,17,"For we are not as so many, peddling the word of God. But as of sincerity, but as of God, in the sight of God, we speak in Christ."
1a8b7a97-33e7-5b59-a70c-c7a68af1fb43,8660a8d9-607d-5807-a3c6-c778bceeb4c8,,1,1,"Are we beginning again to commend ourselves? Or do we need, as do some, letters of commendation to you or from you?"
142edcb5-16f5-57d4-ac68-7f7ad14a9985,8660a8d9-607d-5807-a3c6-c778bceeb4c8,,2,2,"You are our letter, written in our hearts, known and read by all men;"
1a8aa01f-8a91-574e-ab45-3ebefb8f7848,8660a8d9-607d-5807-a3c6-c778bceeb4c8,,3,3,"being revealed that you are a letter of Christ, served by us, written not with ink, but with the Spirit of the living God; not in tablets of stone, but in tablets that are hearts of flesh."
e5b3704a-8211-5ecb-a820-e100fe4ae54f,8660a8d9-607d-5807-a3c6-c778bceeb4c8,,4,4,Such confidence we have through Christ toward God;
729a8ffd-af4e-5bba-a23e-56f027607adc,8660a8d9-607d-5807-a3c6-c778bceeb4c8,,5,5,"not that we are sufficient of ourselves, to account anything as from ourselves; but our sufficiency is from God;"
884dad89-4e20-5d7a-a72a-d08e4ed87ef0,8660a8d9-607d-5807-a3c6-c778bceeb4c8,,6,6,"who also made us sufficient as servants of a new covenant; not of the letter, but of the Spirit. For the letter kills, but the Spirit gives life."
8a8b17f8-9aa4-54c2-a385-a41038890f5c,8660a8d9-607d-5807-a3c6-c778bceeb4c8,,7,7,"But if the service of death, written engraved on stones, came with glory, so that the children of Israel could not look steadfastly on the face of Moses for the glory of his face; which was passing away:"
13100491-7191-56fd-a9c3-f232690887f6,8660a8d9-607d-5807-a3c6-c778bceeb4c8,,8,8,won't service of the Spirit be with much more glory?
d0ca637e-73b5-5614-a6cb-2ff24aea4bcf,8660a8d9-607d-5807-a3c6-c778bceeb4c8,,9,9,"For if the service of condemnation has glory, the service of righteousness exceeds much more in glory."
81b689e6-9b0f-58d8-afdc-4f38a89d30c3,8660a8d9-607d-5807-a3c6-c778bceeb4c8,,10,10,"For most certainly that which has been made glorious has not been made glorious in this respect, by reason of the glory that surpasses."
d346d1fe-267f-534b-acd6-abfd90690e65,8660a8d9-607d-5807-a3c6-c778bceeb4c8,,11,11,"For if that which passes away was with glory, much more that which remains is in glory."
94ac670b-8d92-5171-a225-01085273d80d,8660a8d9-607d-5807-a3c6-c778bceeb4c8,,12,12,"Having therefore such a hope, we use great boldness of speech,"
d94e147f-61a6-526b-a729-cd3119882ee1,8660a8d9-607d-5807-a3c6-c778bceeb4c8,,13,13,"and not as Moses, who put a veil on his face, that the children of Israel wouldn't look steadfastly on the end of that which was passing away."
db2f9f0e-59c6-5799-a832-469ad0bf0af8,8660a8d9-607d-5807-a3c6-c778bceeb4c8,,14,14,"But their minds were hardened, for until this very day at the reading of the old covenant the same veil remains, because in Christ it passes away."
6540c8a8-91f5-5fe2-a28c-4581560e71f2,8660a8d9-607d-5807-a3c6-c778bceeb4c8,,15,15,"But to this day, when Moses is read, a veil lies on their heart."
d6fce145-0a0a-58f2-a4a1-802c2bb8b36e,8660a8d9-607d-5807-a3c6-c778bceeb4c8,,16,16,"But whenever one turns to the Lord, the veil is taken away."
58f3dc7e-c4a1-5df5-af76-631e9f365406,8660a8d9-607d-5807-a3c6-c778bceeb4c8,,17,17,"Now the Lord is the Spirit and where the Spirit of the Lord is, there is liberty."
d848a8c0-46ed-5a06-af93-f98fbc26b62b,8660a8d9-607d-5807-a3c6-c778bceeb4c8,,18,18,"But we all, with unveiled face beholding as in a mirror the glory of the Lord, are transformed into the same image from glory to glory, even as from the Lord, the Spirit."
4a062d7b-5f43-5ebc-ac6b-6029656a13cf,834714e1-3449-52d3-a1f0-d9725e0e537b,,1,1,"Therefore seeing we have this ministry, even as we obtained mercy, we don't faint."
d9f047bc-78a5-5dbf-a392-5f2e4997945d,834714e1-3449-52d3-a1f0-d9725e0e537b,,2,2,"But we have renounced the hidden things of shame, not walking in craftiness, nor handling the word of God deceitfully; but by the manifestation of the truth commending ourselves to every man's conscience in the sight of God."
0768081d-ba3e-5b9b-ad93-b3a2772df963,834714e1-3449-52d3-a1f0-d9725e0e537b,,3,3,"Even if our Good News is veiled, it is veiled in those who perish;"
3c03fb26-752c-5439-ae14-0ee7271e9d24,834714e1-3449-52d3-a1f0-d9725e0e537b,,4,4,"in whom the god of this world has blinded the minds of the unbelieving, that the light of the Good News of the glory of Christ, who is the image of God, should not dawn on them."
9db38b16-5e06-53ba-a941-443182dd4007,834714e1-3449-52d3-a1f0-d9725e0e537b,,5,5,"For we don't preach ourselves, but Christ Jesus as Lord, and ourselves as your servants for Jesus' sake;"
4de03ad9-af23-5c7c-aadb-718d485eef39,834714e1-3449-52d3-a1f0-d9725e0e537b,,6,6,"seeing it is God who said, ""Light will shine out of darkness,"" who has shone in our hearts, to give the light of the knowledge of the glory of God in the face of Jesus Christ."
7c549e98-4430-5f57-a9fe-d8aeb2c409f3,834714e1-3449-52d3-a1f0-d9725e0e537b,,7,7,"But we have this treasure in clay vessels, that the exceeding greatness of the power may be of God, and not from ourselves."
c2dec7de-06f8-51fe-a418-068adf056086,834714e1-3449-52d3-a1f0-d9725e0e537b,,8,8,"We are pressed on every side, yet not crushed; perplexed, yet not to despair;"
4166833b-6cbe-540b-ad2a-f43d0137ff9c,834714e1-3449-52d3-a1f0-d9725e0e537b,,9,9,"pursued, yet not forsaken; struck down, yet not destroyed;"
dff640bb-e795-5861-a8b4-785b49ed5591,834714e1-3449-52d3-a1f0-d9725e0e537b,,10,10,"always carrying in the body the putting to death of the Lord Jesus, that the life of Jesus may also be revealed in our body."
73e5bdee-0b2c-5582-afad-7b6d6a8446c3,834714e1-3449-52d3-a1f0-d9725e0e537b,,11,11,"For we who live are always delivered to death for Jesus' sake, that the life also of Jesus may be revealed in our mortal flesh."
0fbffb9a-d429-5c02-ab9b-e2f0939ac03b,834714e1-3449-52d3-a1f0-d9725e0e537b,,12,12,"So then death works in us, but life in you."
a8755487-8a6e-54b9-afe9-6ec676336a02,834714e1-3449-52d3-a1f0-d9725e0e537b,,13,13,"But having the same spirit of faith, according to that which is written, ""I believed, and therefore I spoke."" We also believe, and therefore also we speak;"
6372db16-c132-541e-ace3-5facb36ff666,834714e1-3449-52d3-a1f0-d9725e0e537b,,14,14,"knowing that he who raised the Lord Jesus will raise us also with Jesus, and will present us with you."
168628cc-2f1c-5ce1-a777-380cb961d495,834714e1-3449-52d3-a1f0-d9725e0e537b,,15,15,"For all things are for your sakes, that the grace, being multiplied through the many, may cause the thanksgiving to abound to the glory of God."
6c8c5783-0092-5011-a2a1-fd743cde0c95,834714e1-3449-52d3-a1f0-d9725e0e537b,,16,16,"Therefore we don't faint, but though our outward man is decaying, yet our inward man is renewed day by day."
41f1dbb5-aa71-5071-af32-4e64431cab25,834714e1-3449-52d3-a1f0-d9725e0e537b,,17,17,"For our light affliction, which is for the moment, works for us more and more exceedingly an eternal weight of glory;"
1ae0c119-32ca-553c-ac76-a9ce82b1ec6e,834714e1-3449-52d3-a1f0-d9725e0e537b,,18,18,"while we don't look at the things which are seen, but at the things which are not seen. For the things which are seen are temporal, but the things which are not seen are eternal."
7a95e557-a459-53d8-a94b-add6264f061c,b3f8ecc1-7a06-55a4-a02b-25f8197d2b0c,,1,1,"For we know that if the earthly house of our tent is dissolved, we have a building from God, a house not made with hands, eternal, in the heavens."
4ee37ac3-4465-5c17-af9b-d040f1d6c4ce,b3f8ecc1-7a06-55a4-a02b-25f8197d2b0c,,2,2,"For most certainly in this we groan, longing to be clothed with our habitation which is from heaven;"
d11758d0-d242-5b34-ad26-fbfab77caedf,b3f8ecc1-7a06-55a4-a02b-25f8197d2b0c,,3,3,if so be that being clothed we will not be found naked.
deabfa90-46a8-574f-a62f-f3f779bf2146,b3f8ecc1-7a06-55a4-a02b-25f8197d2b0c,,4,4,"For indeed we who are in this tent do groan, being burdened; not that we desire to be unclothed, but that we desire to be clothed, that what is mortal may be swallowed up by life."
199d0e87-7025-59d2-a759-8a25ecc84715,b3f8ecc1-7a06-55a4-a02b-25f8197d2b0c,,5,5,"Now he who made us for this very thing is God, who also gave to us the down payment of the Spirit."
0c8ca30b-ff30-5e62-a3a7-e9860f20e4a1,b3f8ecc1-7a06-55a4-a02b-25f8197d2b0c,,6,6,"Therefore, we are always confident and know that while we are at home in the body, we are absent from the Lord;"
9187643b-82b7-59e3-acd0-2dba1e799779,b3f8ecc1-7a06-55a4-a02b-25f8197d2b0c,,7,7,"for we walk by faith, not by sight."
9a7cfb2f-1a70-56e2-af84-02860df4816e,b3f8ecc1-7a06-55a4-a02b-25f8197d2b0c,,8,8,"We are courageous, I say, and are willing rather to be absent from the body, and to be at home with the Lord."
5d0a4fdf-24b1-5f42-acf9-a68260f1152d,b3f8ecc1-7a06-55a4-a02b-25f8197d2b0c,,9,9,"Therefore also we make it our aim, whether at home or absent, to be well pleasing to him."
6c48e2b3-f123-50cb-aab9-a409b1bf675d,b3f8ecc1-7a06-55a4-a02b-25f8197d2b0c,,10,10,"For we must all be revealed before the judgment seat of Christ; that each one may receive the things in the body, according to what he has done, whether good or bad."
73f2bdd6-f60f-5f42-a3ea-a5c0f06ff005,b3f8ecc1-7a06-55a4-a02b-25f8197d2b0c,,11,11,"Knowing therefore the fear of the Lord, we persuade men, but we are revealed to God; and I hope that we are revealed also in your consciences."
d8c709af-ee71-5316-a506-adde9957c238,b3f8ecc1-7a06-55a4-a02b-25f8197d2b0c,,12,12,"For we are not commending ourselves to you again, but speak as giving you occasion of boasting on our behalf, that you may have something to answer those who boast in appearance, and not in heart."
5ba59fa4-fefd-5de8-aceb-f01596c762a7,b3f8ecc1-7a06-55a4-a02b-25f8197d2b0c,,13,13,"For if we are beside ourselves, it is for God. Or if we are of sober mind, it is for you."
0c35c8cd-237e-5a2e-af22-80965869ac40,b3f8ecc1-7a06-55a4-a02b-25f8197d2b0c,,14,14,"For the love of Christ constrains us; because we judge thus, that one died for all, therefore all died."
b63c8be2-a754-5e37-ab33-4613326e679e,b3f8ecc1-7a06-55a4-a02b-25f8197d2b0c,,15,15,"He died for all, that those who live should no longer live to themselves, but to him who for their sakes died and rose again."
9f1fe59f-26d9-5a72-abcc-6ebe1eb785b9,b3f8ecc1-7a06-55a4-a02b-25f8197d2b0c,,16,16,"Therefore we know no one after the flesh from now on. Even though we have known Christ after the flesh, yet now we know him so no more."
fc22f95c-00a2-5a67-afbf-b460979f5968,b3f8ecc1-7a06-55a4-a02b-25f8197d2b0c,,17,17,"Therefore if anyone is in Christ, he is a new creation. The old things have passed away. Behold, all things have become new."
fa3d4641-c7b9-5fc5-a2cc-855bba3af429,b3f8ecc1-7a06-55a4-a02b-25f8197d2b0c,,18,18,"But all things are of God, who reconciled us to himself through Jesus Christ, and gave to us the ministry of reconciliation;"
54c71af6-6c55-5b4b-a3c3-807fab98c7e5,b3f8ecc1-7a06-55a4-a02b-25f8197d2b0c,,19,19,"namely, that God was in Christ reconciling the world to himself, not reckoning to them their trespasses, and having committed to us the word of reconciliation."
5f416f8f-b085-5b4f-a481-f5378dbd47b6,b3f8ecc1-7a06-55a4-a02b-25f8197d2b0c,,20,20,"We are therefore ambassadors on behalf of Christ, as though God were entreating by us: we beg you on behalf of Christ, be reconciled to God."
07c09b63-3897-527d-a468-dafc02c104ab,b3f8ecc1-7a06-55a4-a02b-25f8197d2b0c,,21,21,For him who knew no sin he made to be sin on our behalf; so that in him we might become the righteousness of God.
4c19492a-c263-56dc-a040-b25fb47691eb,58657ea4-1f6c-5eb6-a504-b4fc6424e121,,1,1,"Working together, we entreat also that you not receive the grace of God in vain,"
e70883e4-c8f1-5540-a02b-19c4b4935cfe,58657ea4-1f6c-5eb6-a504-b4fc6424e121,,2,2,"for he says, ""At an acceptable time I listened to you, in a day of salvation I helped you."" Behold, now is the acceptable time. Behold, now is the day of salvation."
70f6d1a9-7fa1-5fbd-a624-2a2d8a3dc7ba,58657ea4-1f6c-5eb6-a504-b4fc6424e121,,3,3,"We give no occasion of stumbling in anything, that our service may not be blamed,"
0a0ab1c5-a212-5d1d-a84c-b8bb7e842880,58657ea4-1f6c-5eb6-a504-b4fc6424e121,,4,4,"but in everything commending ourselves, as servants of God, in great endurance, in afflictions, in hardships, in distresses,"
f89699f7-db3d-55b9-a97a-0a92308067fe,58657ea4-1f6c-5eb6-a504-b4fc6424e121,,5,5,"in beatings, in imprisonments, in riots, in labors, in watchings, in fastings;"
8ff7ce9b-54ce-5b6b-af42-1b5ef3ab82a4,58657ea4-1f6c-5eb6-a504-b4fc6424e121,,6,6,"in pureness, in knowledge, in patience, in kindness, in the Holy Spirit, in sincere love,"
13a773dd-a07e-5c93-a3cb-cc3e9be89a8d,58657ea4-1f6c-5eb6-a504-b4fc6424e121,,7,7,"in the word of truth, in the power of God; by the armor of righteousness on the right hand and on the left,"
f09c2615-7793-5c6c-a207-ffc2d678e65a,58657ea4-1f6c-5eb6-a504-b4fc6424e121,,8,8,"by glory and dishonor, by evil report and good report; as deceivers, and yet true;"
e84dfc23-29fb-530f-a565-32ee80404222,58657ea4-1f6c-5eb6-a504-b4fc6424e121,,9,9,"as unknown, and yet well known; as dying, and behold, we live; as punished, and not killed;"
61e6ce01-b70d-5425-a06f-d02bcfafa6d2,58657ea4-1f6c-5eb6-a504-b4fc6424e121,,10,10,"as sorrowful, yet always rejoicing; as poor, yet making many rich; as having nothing, and yet possessing all things."
5222a994-158d-5e45-ac67-a7df3c2707f9,58657ea4-1f6c-5eb6-a504-b4fc6424e121,,11,11,"Our mouth is open to you, Corinthians. Our heart is enlarged."
2ee2997e-df86-5bf6-ae56-2d67e2a80be8,58657ea4-1f6c-5eb6-a504-b4fc6424e121,,12,12,"You are not restricted by us, but you are restricted by your own affections."
f7b9c26d-9565-5da2-a435-02d656906c0a,58657ea4-1f6c-5eb6-a504-b4fc6424e121,,13,13,"Now in return, I speak as to my children, you also be open wide."
61866f0c-905d-559b-a797-79b48953932b,58657ea4-1f6c-5eb6-a504-b4fc6424e121,,14,14,"Don't be unequally yoked with unbelievers, for what fellowship have righteousness and iniquity? Or what fellowship has light with darkness?"
ab7577d2-b729-5a8d-a873-7fa5eeb25904,58657ea4-1f6c-5eb6-a504-b4fc6424e121,,15,15,What agreement has Christ with Belial? Or what portion has a believer with an unbeliever?
9cf7c506-5f46-504d-af54-87f7a740ecff,58657ea4-1f6c-5eb6-a504-b4fc6424e121,,16,16,"What agreement has a temple of God with idols? For you are a temple of the living God. Even as God said, ""I will dwell in them, and walk in them; and I will be their God, and they will be my people."""
7f3f30d7-ab54-5597-a3e5-acb18ecec9b3,58657ea4-1f6c-5eb6-a504-b4fc6424e121,,17,17,"Therefore, ""'Come out from among them, and be separate,' says the Lord. 'Touch no unclean thing. I will receive you."
9eaebb8b-4ecf-5ecc-acef-ef05eab349ae,58657ea4-1f6c-5eb6-a504-b4fc6424e121,,18,18,"I will be to you a Father. You will be to me sons and daughters,' says the Lord Almighty."""
16a1106c-1ecb-5f02-ac34-25d23495e2bf,76a6f62d-4da7-5503-ad11-c325ec96da14,,1,1,"Having therefore these promises, beloved, let us cleanse ourselves from all defilement of flesh and spirit, perfecting holiness in the fear of God."
c3d5c17b-3da8-5c20-a7aa-c7c9f2de6b57,76a6f62d-4da7-5503-ad11-c325ec96da14,,2,2,Open your hearts to us. We wronged no one. We corrupted no one. We took advantage of no one.
c936aedc-1a33-5cd5-abcb-30b6dced22c6,76a6f62d-4da7-5503-ad11-c325ec96da14,,3,3,"I say this not to condemn you, for I have said before, that you are in our hearts to die together and live together."
82b70a66-60c3-56c9-a87c-0584e6079a55,76a6f62d-4da7-5503-ad11-c325ec96da14,,4,4,Great is my boldness of speech toward you. Great is my boasting on your behalf. I am filled with comfort. I overflow with joy in all our affliction.
d7ea0435-fad0-58a6-a815-ee904cfabecf,76a6f62d-4da7-5503-ad11-c325ec96da14,,5,5,"For even when we had come into Macedonia, our flesh had no relief, but we were afflicted on every side. Fightings were outside. Fear was inside."
2055208c-28c8-50f6-a21e-c54a372a0c0d,76a6f62d-4da7-5503-ad11-c325ec96da14,,6,6,"Nevertheless, he who comforts the lowly, God, comforted us by the coming of Titus;"
1b4d9a11-12b5-538f-a9d2-c88cbf4853e8,76a6f62d-4da7-5503-ad11-c325ec96da14,,7,7,"and not by his coming only, but also by the comfort with which he was comforted in you, while he told us of your longing, your mourning, and your zeal for me; so that I rejoiced still more."
cf9aabcb-8cc2-5a44-af2e-422ee701bd70,76a6f62d-4da7-5503-ad11-c325ec96da14,,8,8,"For though I made you sorry with my letter, I do not regret it, though I did regret it. For I see that my letter made you sorry, though just for a while."
c9be2eb3-04f6-5300-acf5-0dfbee1096da,76a6f62d-4da7-5503-ad11-c325ec96da14,,9,9,"I now rejoice, not that you were made sorry, but that you were made sorry to repentance. For you were made sorry in a godly way, that you might suffer loss by us in nothing."
303bc63f-9846-5bb4-ad30-8a9e3d495a1d,76a6f62d-4da7-5503-ad11-c325ec96da14,,10,10,"For godly sorrow works repentance to salvation, which brings no regret. But the sorrow of the world works death."
fa77c6e7-6929-5d9c-a258-46d9d218be85,76a6f62d-4da7-5503-ad11-c325ec96da14,,11,11,"For behold, this same thing, that you were made sorry in a godly way, what earnest care it worked in you. Yes, what defense, indignation, fear, longing, zeal, and vengeance! In everything you demonstrated yourselves to be pure in the matter."
05daea72-c61c-5497-a686-f9230bb8d81d,76a6f62d-4da7-5503-ad11-c325ec96da14,,12,12,"So although I wrote to you, I wrote not for his cause that did the wrong, nor for his cause that suffered the wrong, but that your earnest care for us might be revealed in you in the sight of God."
ce30cc46-c41d-5ab5-a862-008ae721aad9,76a6f62d-4da7-5503-ad11-c325ec96da14,,13,13,"Therefore we have been comforted. In our comfort we rejoiced the more exceedingly for the joy of Titus, because his spirit has been refreshed by you all."
440408a5-89f2-5a18-a94c-d25b5aaac1ec,76a6f62d-4da7-5503-ad11-c325ec96da14,,14,14,"For if in anything I have boasted to him on your behalf, I was not disappointed. But as we spoke all things to you in truth, so our glorying also which I made before Titus was found to be truth."
cf120d47-5aa6-580a-a128-d926411b46f6,76a6f62d-4da7-5503-ad11-c325ec96da14,,15,15,"His affection is more abundantly toward you, while he remembers all of your obedience, how with fear and trembling you received him."
abc50629-6268-5ec5-a24c-8f998d413fe3,76a6f62d-4da7-5503-ad11-c325ec96da14,,16,16,I rejoice that in everything I am confident concerning you.
200e676e-323b-551c-af7f-ce40dd5680bc,4dd99c3d-dd87-565f-a4e4-247ea6f5327f,,1,1,"Moreover, brothers, we make known to you the grace of God which has been given in the assemblies of Macedonia;"
9dc44b5a-52af-5481-a5fe-09a86c0f8fa3,4dd99c3d-dd87-565f-a4e4-247ea6f5327f,,2,2,how that in much proof of affliction the abundance of their joy and their deep poverty abounded to the riches of their liberality.
36aa8ffc-090f-5bc5-a2f9-24e77be3656d,4dd99c3d-dd87-565f-a4e4-247ea6f5327f,,3,3,"For according to their power, I testify, yes and beyond their power, they gave of their own accord,"
52203e55-e4f0-5548-aab1-cd3d300c0c00,4dd99c3d-dd87-565f-a4e4-247ea6f5327f,,4,4,begging us with much entreaty to receive this grace and the fellowship in the service to the saints.
5a3a170e-d80d-5aff-a90b-72e32f8524f7,4dd99c3d-dd87-565f-a4e4-247ea6f5327f,,5,5,"This was not as we had hoped, but first they gave their own selves to the Lord, and to us through the will of God."
01034799-8cdf-5e53-a40a-1bf53ea5ff30,4dd99c3d-dd87-565f-a4e4-247ea6f5327f,,6,6,"So we urged Titus, that as he made a beginning before, so he would also complete in you this grace."
6fa5e694-c3ff-54e0-ac9c-c125dd9b55c8,4dd99c3d-dd87-565f-a4e4-247ea6f5327f,,7,7,"But as you abound in everything, in faith, utterance, knowledge, all earnestness, and in your love to us, see that you also abound in this grace."
0ef2832b-ec33-5104-a9e7-cc831a404bc9,4dd99c3d-dd87-565f-a4e4-247ea6f5327f,,8,8,"I speak not by way of commandment, but as proving through the earnestness of others the sincerity also of your love."
1b7e3ed5-a1e2-5248-a8ea-357c7bb8118c,4dd99c3d-dd87-565f-a4e4-247ea6f5327f,,9,9,"For you know the grace of our Lord Jesus Christ, that, though he was rich, yet for your sakes he became poor, that you through his poverty might become rich."
026397a8-e7c4-5535-a63a-a148a19d3e99,4dd99c3d-dd87-565f-a4e4-247ea6f5327f,,10,10,"I give a judgment in this: for this is expedient for you, who were the first to start a year ago, not only to do, but also to be willing."
6ce9e781-7779-51a8-ab6d-f2a4b963def4,4dd99c3d-dd87-565f-a4e4-247ea6f5327f,,11,11,"But now complete the doing also, that as there was the readiness to be willing, so there may be the completion also out of your ability."
bbe80285-66af-59ac-a431-fd8260389838,4dd99c3d-dd87-565f-a4e4-247ea6f5327f,,12,12,"For if the readiness is there, it is acceptable according to what you have, not according to what you don't have."
28602dcc-e884-51eb-ab5c-5fcff63c4387,4dd99c3d-dd87-565f-a4e4-247ea6f5327f,,13,13,"For this is not that others may be eased and you distressed,"
0064744d-40e2-54db-af7d-991e8f855d18,4dd99c3d-dd87-565f-a4e4-247ea6f5327f,,14,14,"but for equality. Your abundance at this present time supplies their lack, that their abundance also may become a supply for your lack; that there may be equality."
10005730-e7f0-5710-acfb-59e2c28b4968,4dd99c3d-dd87-565f-a4e4-247ea6f5327f,,15,15,"As it is written, ""He who gathered much had nothing left over, and he who gathered little had no lack."""
24328168-e4a0-5d17-a5b4-27428f658023,4dd99c3d-dd87-565f-a4e4-247ea6f5327f,,16,16,"But thanks be to God, who puts the same earnest care for you into the heart of Titus."
666cdb5f-f71d-57b8-adc8-68605ec0cd34,4dd99c3d-dd87-565f-a4e4-247ea6f5327f,,17,17,"For he indeed accepted our exhortation, but being himself very earnest, he went out to you of his own accord."
f51c37b5-8d8d-5401-ae69-aaa136f45ad1,4dd99c3d-dd87-565f-a4e4-247ea6f5327f,,18,18,We have sent together with him the brother whose praise in the Good News is known through all the assemblies.
27f8efa2-7b2b-51ee-a589-6fd5d86955f8,4dd99c3d-dd87-565f-a4e4-247ea6f5327f,,19,19,"Not only so, but who was also appointed by the assemblies to travel with us in this grace, which is served by us to the glory of the Lord himself, and to show our readiness."
2b059557-b7bf-5ce8-a5ec-34299ebfae0b,4dd99c3d-dd87-565f-a4e4-247ea6f5327f,,20,20,"We are avoiding this, that any man should blame us concerning this abundance which is administered by us."
84142c5b-e1b9-5c76-a31a-5b83c42acfc9,4dd99c3d-dd87-565f-a4e4-247ea6f5327f,,21,21,"Having regard for honorable things, not only in the sight of the Lord, but also in the sight of men."
8a6e5896-d068-5d65-ac85-9355fa87e911,4dd99c3d-dd87-565f-a4e4-247ea6f5327f,,22,22,"We have sent with them our brother, whom we have many times proved earnest in many things, but now much more earnest, by reason of the great confidence which he has in you."
cea782d3-77dd-58ec-a595-8e0cd177d9e8,4dd99c3d-dd87-565f-a4e4-247ea6f5327f,,23,23,"As for Titus, he is my partner and fellow worker for you. As for our brothers, they are the apostles of the assemblies, the glory of Christ."
080761d2-78ee-5dca-a05d-a4cf3eca9c64,4dd99c3d-dd87-565f-a4e4-247ea6f5327f,,24,24,"Therefore show the proof of your love to them in front of the assemblies, and of our boasting on your behalf."
74a33188-36db-5844-a4c0-66c05006fe98,b121af94-71d5-5af9-a021-43ba16543274,,1,1,"It is indeed unnecessary for me to write to you concerning the service to the saints,"
8bf1355c-9b2f-53f4-a94c-845852dddfc4,b121af94-71d5-5af9-a021-43ba16543274,,2,2,"for I know your readiness, of which I boast on your behalf to them of Macedonia, that Achaia has been prepared for a year past. Your zeal has stirred up very many of them."
d7588800-6b40-5869-ad6e-2ee506d204a3,b121af94-71d5-5af9-a021-43ba16543274,,3,3,"But I have sent the brothers that our boasting on your behalf may not be in vain in this respect, that, just as I said, you may be prepared,"
6ce492bc-0503-5b97-a424-897f5d064f48,b121af94-71d5-5af9-a021-43ba16543274,,4,4,"so that I won't by any means, if there come with me any of Macedonia and find you unprepared, we (to say nothing of you) should be disappointed in this confident boasting."
939a3c22-632f-55eb-afa3-c8c3c9422e73,b121af94-71d5-5af9-a021-43ba16543274,,5,5,"I thought it necessary therefore to entreat the brothers that they would go before to you, and arrange ahead of time the generous gift that you promised before, that the same might be ready as a matter of generosity, and not of greediness."
8cf83de1-1a89-554c-aae4-fe782700659d,b121af94-71d5-5af9-a021-43ba16543274,,6,6,Remember this: he who sows sparingly will also reap sparingly. He who sows bountifully will also reap bountifully.
389906bb-d976-574c-a6d2-3d1fb2c363d5,b121af94-71d5-5af9-a021-43ba16543274,,7,7,"Let each man give according as he has determined in his heart; not grudgingly, or under compulsion; for God loves a cheerful giver."
0402ea72-f915-54e9-aed7-ec37a8ce4f65,b121af94-71d5-5af9-a021-43ba16543274,,8,8,"And God is able to make all grace abound to you, that you, always having all sufficiency in everything, may abound to every good work."
aeeb413b-0c4d-5674-a8d8-9f4e174d288f,b121af94-71d5-5af9-a021-43ba16543274,,9,9,"As it is written, ""He has scattered abroad, he has given to the poor. His righteousness remains forever."""
271bbe2c-4040-5f37-a671-69ff60fa3718,b121af94-71d5-5af9-a021-43ba16543274,,10,10,"Now may he who supplies seed to the sower and bread for food, supply and multiply your seed for sowing, and increase the fruits of your righteousness;"
368c9232-7d94-5f01-a2e5-ab77078ff7c4,b121af94-71d5-5af9-a021-43ba16543274,,11,11,"you being enriched in everything to all liberality, which works through us thanksgiving to God."
f5cf933a-104b-59b7-a922-a56a04d1799f,b121af94-71d5-5af9-a021-43ba16543274,,12,12,"For this service of giving that you perform not only makes up for lack among the saints, but abounds also through many givings of thanks to God;"
d3cb60c4-6689-5f5c-a2ec-c129749083da,b121af94-71d5-5af9-a021-43ba16543274,,13,13,"seeing that through the proof given by this service, they glorify God for the obedience of your confession to the Good News of Christ, and for the liberality of your contribution to them and to all;"
cf732803-22b3-5c1a-aeaf-f006368d9a48,b121af94-71d5-5af9-a021-43ba16543274,,14,14,"while they themselves also, with supplication on your behalf, yearn for you by reason of the exceeding grace of God in you."
40f90dbe-1341-569f-a4d5-53161bbadc82,b121af94-71d5-5af9-a021-43ba16543274,,15,15,Now thanks be to God for his unspeakable gift!
64987bf8-8629-5491-a8fb-b52e4fe7cd3c,45b21f49-64bb-5a48-a698-0131d0908d62,,1,1,"Now I Paul, myself, entreat you by the humility and gentleness of Christ; I who in your presence am lowly among you, but being absent am bold toward you."
6d63429d-d596-5518-a21d-db2c3be7641b,45b21f49-64bb-5a48-a698-0131d0908d62,,2,2,"Yes, I beg you that I may not, when present, show courage with the confidence with which I intend to be bold against some, who consider us to be walking according to the flesh."
00313bd0-3b1d-5ef0-a6a0-8e05113267e5,45b21f49-64bb-5a48-a698-0131d0908d62,,3,3,"For though we walk in the flesh, we don't wage war according to the flesh;"
fa5100d9-95b1-57c6-aab3-9c12509bd8c9,45b21f49-64bb-5a48-a698-0131d0908d62,,4,4,"for the weapons of our warfare are not of the flesh, but mighty before God to the throwing down of strongholds,"
da8155ce-e331-582a-a31c-43edc19e628a,45b21f49-64bb-5a48-a698-0131d0908d62,,5,5,"throwing down imaginations and every high thing that is exalted against the knowledge of God, and bringing every thought into captivity to the obedience of Christ;"
a2736040-7446-5ca9-aa28-a2ce67f001d8,45b21f49-64bb-5a48-a698-0131d0908d62,,6,6,"and being in readiness to avenge all disobedience, when your obedience will be made full."
e71298f2-5ac4-5140-af21-5d8f185230f9,45b21f49-64bb-5a48-a698-0131d0908d62,,7,7,"Do you look at things only as they appear in front of your face? If anyone trusts in himself that he is Christ's, let him consider this again with himself, that, even as he is Christ's, so also we are Christ's."
5adbe163-6f53-5f16-a41f-b45287bff3db,45b21f49-64bb-5a48-a698-0131d0908d62,,8,8,"For though I should boast somewhat abundantly concerning our authority, (which the Lord gave for building you up, and not for casting you down) I will not be disappointed,"
cbd016d5-a5bb-536f-aae4-bee8c9c37669,45b21f49-64bb-5a48-a698-0131d0908d62,,9,9,that I may not seem as if I desire to terrify you by my letters.
897d4515-9e08-527e-a02c-3bbf0bdc3efb,45b21f49-64bb-5a48-a698-0131d0908d62,,10,10,"For, ""His letters,"" they say, ""are weighty and strong, but his bodily presence is weak, and his speech is despised."""
d20df9ac-ed8b-5f22-adb3-5f6ac8defc74,45b21f49-64bb-5a48-a698-0131d0908d62,,11,11,"Let such a person consider this, that what we are in word by letters when we are absent, such are we also in deed when we are present."
ceda916c-95b6-5ea6-ad97-340019bbeaba,45b21f49-64bb-5a48-a698-0131d0908d62,,12,12,"For we are not bold to number or compare ourselves with some of those who commend themselves. But they themselves, measuring themselves by themselves, and comparing themselves with themselves, are without understanding."
7b691f55-88c6-52cd-a70e-b24cad2017cd,45b21f49-64bb-5a48-a698-0131d0908d62,,13,13,"But we will not boast beyond proper limits, but within the boundaries with which God appointed to us, which reach even to you."
7a267c87-6b8a-5e53-a6bb-e7afb3f326f6,45b21f49-64bb-5a48-a698-0131d0908d62,,14,14,"For we don't stretch ourselves too much, as though we didn't reach to you. For we came even as far as to you with the Good News of Christ,"
cef1de25-fb7f-5d2a-acfd-c1fda55a1752,45b21f49-64bb-5a48-a698-0131d0908d62,,15,15,"not boasting beyond proper limits in other men's labors, but having hope that as your faith grows, we will be abundantly enlarged by you in our sphere of influence,"
af9ed9eb-7990-5053-a1a9-0e0d151d1858,45b21f49-64bb-5a48-a698-0131d0908d62,,16,16,"so as to preach the Good News even to the parts beyond you, not to boast in what someone else has already done."
658a6d1c-574f-54d1-a481-722442970f7c,45b21f49-64bb-5a48-a698-0131d0908d62,,17,17,"But ""he who boasts, let him boast in the Lord."""
822a8482-3145-5318-aff0-c103c5b518b9,45b21f49-64bb-5a48-a698-0131d0908d62,,18,18,"For it isn't he who commends himself who is approved, but whom the Lord commends."
1bb029ed-e5f5-5da4-abf4-1e3337b99784,8b258802-4a5d-5475-a42c-2598b5e718ea,,1,1,"I wish that you would bear with me in a little foolishness, but indeed you do bear with me."
0fb7dcd3-84ca-5dfe-aebf-d9cf13d3de53,8b258802-4a5d-5475-a42c-2598b5e718ea,,2,2,"For I am jealous over you with a godly jealousy. For I married you to one husband, that I might present you as a pure virgin to Christ."
de3141a3-d1e0-5aec-ad82-10bb79dcb697,8b258802-4a5d-5475-a42c-2598b5e718ea,,3,3,"But I am afraid that somehow, as the serpent deceived Eve in his craftiness, so your minds might be corrupted from the simplicity that is in Christ."
903689e1-6a7d-5e79-a17f-2c2803e09cac,8b258802-4a5d-5475-a42c-2598b5e718ea,,4,4,"For if he who comes preaches another Jesus, whom we did not preach, or if you receive a different spirit, which you did not receive, or a different ""good news"", which you did not accept, you put up with that well enough."
f0c76505-19e5-5da1-a842-36989b0b52a4,8b258802-4a5d-5475-a42c-2598b5e718ea,,5,5,For I reckon that I am not at all behind the very best apostles.
09c84abe-da44-56bd-acdb-e6860d29a9b9,8b258802-4a5d-5475-a42c-2598b5e718ea,,6,6,"But though I am unskilled in speech, yet I am not unskilled in knowledge. No, in every way we have been revealed to you in all things."
366d3d85-e1b0-5706-ad0a-893cde67f747,8b258802-4a5d-5475-a42c-2598b5e718ea,,7,7,"Or did I commit a sin in humbling myself that you might be exalted, because I preached to you God's Good News free of charge?"
5fe028c5-f5aa-59df-ae52-235a5169e1cb,8b258802-4a5d-5475-a42c-2598b5e718ea,,8,8,"I robbed other assemblies, taking wages from them that I might serve you."
614205d0-e586-5f99-a03b-a7973d23b4c8,8b258802-4a5d-5475-a42c-2598b5e718ea,,9,9,"When I was present with you and was in need, I wasn't a burden on anyone, for the brothers, when they came from Macedonia, supplied the measure of my need. In everything I kept myself from being burdensome to you, and I will continue to do so."
ec87940f-9b3f-5158-af04-9e602451e501,8b258802-4a5d-5475-a42c-2598b5e718ea,,10,10,"As the truth of Christ is in me, no one will stop me from this boasting in the regions of Achaia."
4ced4216-e5ea-54a0-a534-0c6b2cf88f27,8b258802-4a5d-5475-a42c-2598b5e718ea,,11,11,Why? Because I don't love you? God knows.
cff80a50-5db2-51c2-ac39-cbe231aa4080,8b258802-4a5d-5475-a42c-2598b5e718ea,,12,12,"But what I do, that I will do, that I may cut off occasion from them that desire an occasion, that in which they boast, they may be found even as we."
4ac20bc0-1722-5e88-a559-b83daf625861,8b258802-4a5d-5475-a42c-2598b5e718ea,,13,13,"For such men are false apostles, deceitful workers, masquerading as Christ's apostles."
1851f89c-d794-5043-a910-9a888db6e3ce,8b258802-4a5d-5475-a42c-2598b5e718ea,,14,14,"And no wonder, for even Satan masquerades as an angel of light."
64ac112b-f9e3-5258-a213-a3b24be79653,8b258802-4a5d-5475-a42c-2598b5e718ea,,15,15,"It is no great thing therefore if his servants also masquerade as servants of righteousness, whose end will be according to their works."
3a5683da-3ba0-5eef-af21-2c3c28b3c7a6,8b258802-4a5d-5475-a42c-2598b5e718ea,,16,16,"I say again, let no one think me foolish. But if so, yet receive me as foolish, that I also may boast a little."
dd4f1eb5-5485-5df9-a954-b57ee228cd7b,8b258802-4a5d-5475-a42c-2598b5e718ea,,17,17,"That which I speak, I don't speak according to the Lord, but as in foolishness, in this confidence of boasting."
ade387f0-96cf-56ae-aa74-bc6fc202eab2,8b258802-4a5d-5475-a42c-2598b5e718ea,,18,18,"Seeing that many boast after the flesh, I will also boast."
8d8b6a5d-63f3-5717-a2f2-5239eaf4842b,8b258802-4a5d-5475-a42c-2598b5e718ea,,19,19,"For you bear with the foolish gladly, being wise."
8b17e8a1-9d11-5360-a745-af3877791920,8b258802-4a5d-5475-a42c-2598b5e718ea,,20,20,"For you bear with a man, if he brings you into bondage, if he devours you, if he takes you captive, if he exalts himself, if he strikes you on the face."
880d68e2-b3cb-52b2-a3c0-cb93e3fe5289,8b258802-4a5d-5475-a42c-2598b5e718ea,,21,21,"I speak by way of disparagement, as though we had been weak. Yet however any is bold (I speak in foolishness), I am bold also."
7a58c796-8d60-5d8e-a6bf-4823a99cd855,8b258802-4a5d-5475-a42c-2598b5e718ea,,22,22,Are they Hebrews? So am I. Are they Israelites? So am I. Are they the seed of Abraham? So am I.
4fbf191f-6173-5e2b-aeb7-a9b9cd7e2a43,8b258802-4a5d-5475-a42c-2598b5e718ea,,23,23,"Are they servants of Christ? (I speak as one beside himself) I am more so; in labors more abundantly, in prisons more abundantly, in stripes above measure, in deaths often."
a9f7e2c4-ae99-5a89-a633-0da132e20136,8b258802-4a5d-5475-a42c-2598b5e718ea,,24,24,Five times from the Jews I received forty stripes minus one.
5e5202ce-73ce-5a8f-a7e5-abcc4a57434e,8b258802-4a5d-5475-a42c-2598b5e718ea,,25,25,Three times I was beaten with rods. Once I was stoned. Three times I suffered shipwreck. I have been a night and a day in the deep.
db17897f-ab34-52a0-a1b5-9c7b1e5ce321,8b258802-4a5d-5475-a42c-2598b5e718ea,,26,26,"I have been in travels often, perils of rivers, perils of robbers, perils from my countrymen, perils from the Gentiles, perils in the city, perils in the wilderness, perils in the sea, perils among false brothers;"
d89b4fb5-6262-5a65-a5a3-53450b9d8e4a,8b258802-4a5d-5475-a42c-2598b5e718ea,,27,27,"in labor and travail, in watchings often, in hunger and thirst, in fastings often, and in cold and nakedness."
51fc65b5-0149-5738-a486-12e3ad349f97,8b258802-4a5d-5475-a42c-2598b5e718ea,,28,28,"Besides those things that are outside, there is that which presses on me daily, anxiety for all the assemblies."
8e2bf92e-9564-5f42-afe5-32f12157071f,8b258802-4a5d-5475-a42c-2598b5e718ea,,29,29,"Who is weak, and I am not weak? Who is caused to stumble, and I don't burn with indignation?"
d0be94ac-a634-5fe6-a9d3-9ac021431622,8b258802-4a5d-5475-a42c-2598b5e718ea,,30,30,"If I must boast, I will boast of the things that concern my weakness."
3b693b06-770a-5379-a1e8-ea8523f0704a,8b258802-4a5d-5475-a42c-2598b5e718ea,,31,31,"The God and Father of the Lord Jesus Christ, he who is blessed forevermore, knows that I don't lie."
67fdc982-d1e5-542b-af38-420ec7fa76b5,8b258802-4a5d-5475-a42c-2598b5e718ea,,32,32,In Damascus the governor under King Aretas guarded the city of the Damascenes desiring to arrest me.
9113f122-472e-5719-af34-75568568ab78,8b258802-4a5d-5475-a42c-2598b5e718ea,,33,33,"Through a window I was let down in a basket by the wall, and escaped his hands."
2d30383c-b8b1-583a-a2a9-bb45a8ab8bbb,41631010-03e3-59ca-ae81-630b4facc30b,,1,1,It is doubtless not profitable for me to boast. For I will come to visions and revelations of the Lord.
944a3169-17b6-5ecd-a46e-8db123882f27,41631010-03e3-59ca-ae81-630b4facc30b,,2,2,"I know a man in Christ, fourteen years ago (whether in the body, I don't know, or whether out of the body, I don't know; God knows), such a one caught up into the third heaven."
178caf08-2da5-5a50-a39e-f1740c50b6c7,41631010-03e3-59ca-ae81-630b4facc30b,,3,3,"I know such a man (whether in the body, or outside of the body, I don't know; God knows),"
b925622d-505a-5378-a58c-52180ddf8542,41631010-03e3-59ca-ae81-630b4facc30b,,4,4,"how he was caught up into Paradise, and heard unspeakable words, which it is not lawful for a man to utter."
e0f603ba-5927-546d-a0a8-478d00555937,41631010-03e3-59ca-ae81-630b4facc30b,,5,5,"On behalf of such a one I will boast, but on my own behalf I will not boast, except in my weaknesses."
a9c90560-6f2d-5c8f-a307-dc3adf76df3c,41631010-03e3-59ca-ae81-630b4facc30b,,6,6,"For if I would desire to boast, I will not be foolish; for I will speak the truth. But I refrain, so that no man may think more of me than that which he sees in me, or hears from me."
0e31918a-005e-5293-a734-097678f1c096,41631010-03e3-59ca-ae81-630b4facc30b,,7,7,"By reason of the exceeding greatness of the revelations, that I should not be exalted excessively, there was given to me a thorn in the flesh, a messenger of Satan to torment me, that I should not be exalted excessively."
2a6957f8-5658-5d55-a296-23f73b316df7,41631010-03e3-59ca-ae81-630b4facc30b,,8,8,"Concerning this thing, I begged the Lord three times that it might depart from me."
efd3180c-6cea-50ff-a76f-92aa18cbdc59,41631010-03e3-59ca-ae81-630b4facc30b,,9,9,"He has said to me, ""My grace is sufficient for you, for my power is made perfect in weakness."" Most gladly therefore I will rather glory in my weaknesses, that the power of Christ may rest on me."
e2088968-5d13-5737-ad9a-5681d759a521,41631010-03e3-59ca-ae81-630b4facc30b,,10,10,"Therefore I take pleasure in weaknesses, in injuries, in necessities, in persecutions, in distresses, for Christ's sake. For when I am weak, then am I strong."
01d7e32b-9054-5448-ad64-22e9a9e485e4,41631010-03e3-59ca-ae81-630b4facc30b,,11,11,"I have become foolish in boasting. You compelled me, for I ought to have been commended by you, for in nothing was I inferior to the very best apostles, though I am nothing."
5aaedc7c-5404-5d2c-a7b3-048566fb0e87,41631010-03e3-59ca-ae81-630b4facc30b,,12,12,"Truly the signs of an apostle were worked among you in all patience, in signs and wonders and mighty works."
f527be23-448e-5b41-a9e4-381dee4c9c63,41631010-03e3-59ca-ae81-630b4facc30b,,13,13,"For what is there in which you were made inferior to the rest of the assemblies, unless it is that I myself was not a burden to you? Forgive me this wrong."
edff5b26-4beb-574d-aaaa-c700de0df431,41631010-03e3-59ca-ae81-630b4facc30b,,14,14,"Behold, this is the third time I am ready to come to you, and I will not be a burden to you; for I seek not your possessions, but you. For the children ought not to save up for the parents, but the parents for the children."
694e9b70-ae61-55d9-a0bd-f3b04f161157,41631010-03e3-59ca-ae81-630b4facc30b,,15,15,"I will most gladly spend and be spent for your souls. If I love you more abundantly, am I loved the less?"
879c6d62-7498-53ca-a23b-7f8e15817f92,41631010-03e3-59ca-ae81-630b4facc30b,,16,16,"But be it so, I did not myself burden you. But, being crafty, I caught you with deception."
c9c1852b-a080-5aa8-a5ff-c756320e5572,41631010-03e3-59ca-ae81-630b4facc30b,,17,17,Did I take advantage of you by anyone of them whom I have sent to you?
10e5cc7b-d130-55d1-a481-f3c63fdd48da,41631010-03e3-59ca-ae81-630b4facc30b,,18,18,"I exhorted Titus, and I sent the brother with him. Did Titus take any advantage of you? Didn't we walk in the same spirit? Didn't we walk in the same steps?"
c51708cd-9521-51ba-a437-e0c34429f399,41631010-03e3-59ca-ae81-630b4facc30b,,19,19,"Again, do you think that we are excusing ourselves to you? In the sight of God we speak in Christ. But all things, beloved, are for your edifying."
9b531feb-f4ce-510d-a718-6d74fc910907,41631010-03e3-59ca-ae81-630b4facc30b,,20,20,"For I am afraid that by any means, when I come, I might find you not the way I want to, and that I might be found by you as you don't desire; that by any means there would be strife, jealousy, outbursts of anger, factions, slander, whisperings, proud thoughts, riots;"
a9660fe6-7cef-54ad-a4d4-048edfa7e568,41631010-03e3-59ca-ae81-630b4facc30b,,21,21,"that again when I come my God would humble me before you, and I would mourn for many of those who have sinned before now, and not repented of the uncleanness and sexual immorality and lustfulness which they committed."
4f5bf4a5-4d50-54cf-a57b-c32c77d9abc7,8eed00e6-21f7-5c52-a4d3-a04d2de39242,,1,1,"This is the third time I am coming to you. ""At the mouth of two or three witnesses shall every word be established."""
0777e33f-1d4f-59ef-a31a-0b70c2353d2e,8eed00e6-21f7-5c52-a4d3-a04d2de39242,,2,2,"I have said beforehand, and I do say beforehand, as when I was present the second time, so now, being absent, I write to those who have sinned before now, and to all the rest, that, if I come again, I will not spare;"
b0ba3f32-b7de-58ad-a854-12aa93bf4b90,8eed00e6-21f7-5c52-a4d3-a04d2de39242,,3,3,"seeing that you seek a proof of Christ who speaks in me; who toward you is not weak, but is powerful in you."
7b266f56-8dad-5180-ae65-2ca13deceea7,8eed00e6-21f7-5c52-a4d3-a04d2de39242,,4,4,"For he was crucified through weakness, yet he lives through the power of God. For we also are weak in him, but we will live with him through the power of God toward you."
0e76451a-a8fb-5b5a-a95b-6f57ad1a1f16,8eed00e6-21f7-5c52-a4d3-a04d2de39242,,5,5,"Test your own selves, whether you are in the faith. Test your own selves. Or don't you know as to your own selves, that Jesus Christ is in you?--unless indeed you are disqualified."
7478734c-0942-5811-a11c-b84e5e537c0b,8eed00e6-21f7-5c52-a4d3-a04d2de39242,,6,6,But I hope that you will know that we aren't disqualified.
5ee18c08-6141-5cf4-a9d7-beb5c96d9af1,8eed00e6-21f7-5c52-a4d3-a04d2de39242,,7,7,"Now I pray to God that you do no evil; not that we may appear approved, but that you may do that which is honorable, though we are as reprobate."
717b2990-a4d9-5423-a7fa-6aae32bfdb51,8eed00e6-21f7-5c52-a4d3-a04d2de39242,,8,8,"For we can do nothing against the truth, but for the truth."
5883db47-2085-5974-ad57-887a520e162e,8eed00e6-21f7-5c52-a4d3-a04d2de39242,,9,9,"For we rejoice when we are weak and you are strong. And this we also pray for, even your perfecting."
7e28115c-d5c9-5b02-a4bb-ae8ad2fa1f5d,8eed00e6-21f7-5c52-a4d3-a04d2de39242,,10,10,"For this cause I write these things while absent, that I may not deal sharply when present, according to the authority which the Lord gave me for building up, and not for tearing down."
db7e0ab0-8aa2-549e-a890-ecc035fdfc42,8eed00e6-21f7-5c52-a4d3-a04d2de39242,,11,11,"Finally, brothers, rejoice. Be perfected, be comforted, be of the same mind, live in peace, and the God of love and peace will be with you."
5ad2d007-546d-5823-aba3-918d2444f8cb,8eed00e6-21f7-5c52-a4d3-a04d2de39242,,12,12,Greet one another with a holy kiss.
8b39b501-c148-5ff1-a4ec-1b23697cd934,8eed00e6-21f7-5c52-a4d3-a04d2de39242,,13,13,All the saints greet you.
8c6647a5-1cd5-5e47-abce-ce4cdcc7c8c6,8eed00e6-21f7-5c52-a4d3-a04d2de39242,,14,14,"The grace of the Lord Jesus Christ, the love of God, and the fellowship of the Holy Spirit, be with you all. Amen."
c4d89ff4-64a4-548b-a51b-5c9b6dfbcb6e,c17951f7-53fe-5c94-ab6a-df062f5cce2d,,1,1,"Paul, an apostle (not from men, neither through man, but through Jesus Christ, and God the Father, who raised him from the dead),"
24ba9d83-544d-5ade-a67d-6bc5ce73e729,c17951f7-53fe-5c94-ab6a-df062f5cce2d,,2,2,"and all the brothers who are with me, to the assemblies of Galatia:"
8987705b-b101-5857-adc9-0118de263627,c17951f7-53fe-5c94-ab6a-df062f5cce2d,,3,3,"Grace to you and peace from God the Father, and our Lord Jesus Christ,"
912003b8-b40f-51bc-a12a-289ec91ff66a,c17951f7-53fe-5c94-ab6a-df062f5cce2d,,4,4,"who gave himself for our sins, that he might deliver us out of this present evil age, according to the will of our God and Father--"
d1fe1644-21b7-5481-af74-89dd252f5fdb,c17951f7-53fe-5c94-ab6a-df062f5cce2d,,5,5,to whom be the glory forever and ever. Amen.
692b3b75-7a61-58bf-a6b3-c14acb426c29,c17951f7-53fe-5c94-ab6a-df062f5cce2d,,6,6,"I marvel that you are so quickly deserting him who called you in the grace of Christ to a different ""good news"";"
8a89539d-442b-5e84-a5e7-f6ef340310d0,c17951f7-53fe-5c94-ab6a-df062f5cce2d,,7,7,"and there isn't another ""good news."" Only there are some who trouble you, and want to pervert the Good News of Christ."
eb6d0775-9c25-5e16-a5c1-0a25b11f3996,c17951f7-53fe-5c94-ab6a-df062f5cce2d,,8,8,"But even though we, or an angel from heaven, should preach to you any ""good news"" other than that which we preached to you, let him be cursed."
bb231d51-110c-5ce2-a96f-d135ffcaa1dc,c17951f7-53fe-5c94-ab6a-df062f5cce2d,,9,9,"As we have said before, so I now say again: if any man preaches to you any ""good news"" other than that which you received, let him be cursed."
b97d198b-b85c-59de-a125-1fd92b6ac32c,c17951f7-53fe-5c94-ab6a-df062f5cce2d,,10,10,"For am I now seeking the favor of men, or of God? Or am I striving to please men? For if I were still pleasing men, I wouldn't be a servant of Christ."
bce1fc53-deec-511e-a156-828b85916f18,c17951f7-53fe-5c94-ab6a-df062f5cce2d,,11,11,"But I make known to you, brothers, concerning the Good News which was preached by me, that it is not according to man."
e0c701a4-4a40-5675-aa6b-b708cf3b1f2f,c17951f7-53fe-5c94-ab6a-df062f5cce2d,,12,12,"For neither did I receive it from man, nor was I taught it, but it came to me through revelation of Jesus Christ."
2c8b13f0-9ddf-5c74-a3b6-de8f9207a308,c17951f7-53fe-5c94-ab6a-df062f5cce2d,,13,13,"For you have heard of my way of living in time past in the Jews' religion, how that beyond measure I persecuted the assembly of God, and ravaged it."
c1b147ff-a5a3-58f4-a0bf-8094135d84c6,c17951f7-53fe-5c94-ab6a-df062f5cce2d,,14,14,"I advanced in the Jews' religion beyond many of my own age among my countrymen, being more exceedingly zealous for the traditions of my fathers."
1bf2c6d3-6714-539b-a5ff-84d1832ad299,c17951f7-53fe-5c94-ab6a-df062f5cce2d,,15,15,"But when it was the good pleasure of God, who separated me from my mother's womb, and called me through his grace,"
5d1c6daf-1afd-55a7-a22c-ce4b4043010c,c17951f7-53fe-5c94-ab6a-df062f5cce2d,,16,16,"to reveal his Son in me, that I might preach him among the Gentiles, I didn't immediately confer with flesh and blood,"
71004501-172b-53ec-afbf-e85211d12078,c17951f7-53fe-5c94-ab6a-df062f5cce2d,,17,17,"nor did I go up to Jerusalem to those who were apostles before me, but I went away into Arabia. Then I returned to Damascus."
e470a513-9247-5c48-afb4-6fceb79a123a,c17951f7-53fe-5c94-ab6a-df062f5cce2d,,18,18,"Then after three years I went up to Jerusalem to visit Peter, and stayed with him fifteen days."
f7c2a2e2-65f6-5a19-ab5c-7dd2d5e36422,c17951f7-53fe-5c94-ab6a-df062f5cce2d,,19,19,"But of the other apostles I saw no one, except James, the Lord's brother."
52efa51c-d82a-5165-aa73-b4f49856e0cc,c17951f7-53fe-5c94-ab6a-df062f5cce2d,,20,20,"Now about the things which I write to you, behold, before God, I'm not lying."
efadb977-888f-5e0e-a9dc-69b128b21237,c17951f7-53fe-5c94-ab6a-df062f5cce2d,,21,21,Then I came to the regions of Syria and Cilicia.
40c83cb6-0355-5112-a592-c5fea591365f,c17951f7-53fe-5c94-ab6a-df062f5cce2d,,22,22,"I was still unknown by face to the assemblies of Judea which were in Christ,"
b344ef56-ba6c-5c93-a905-7ab11a6891cb,c17951f7-53fe-5c94-ab6a-df062f5cce2d,,23,23,"but they only heard: ""He who once persecuted us now preaches the faith that he once tried to destroy."""
251d67bc-5384-5756-a6c7-2a8540938e28,c17951f7-53fe-5c94-ab6a-df062f5cce2d,,24,24,And they glorified God in me.
47e7005e-9fa7-51d0-a109-752ceccf4a5b,d8540749-c766-5a94-acff-75a4cb903f4d,,1,1,"Then after a period of fourteen years I went up again to Jerusalem with Barnabas, taking Titus also with me."
965c0ded-377a-57c9-af4b-0badb1d06c6d,d8540749-c766-5a94-acff-75a4cb903f4d,,2,2,"I went up by revelation, and I laid before them the Good News which I preach among the Gentiles, but privately before those who were respected, for fear that I might be running, or had run, in vain."
cb45e29e-eadb-51cc-a6b5-ddb21a94bd3a,d8540749-c766-5a94-acff-75a4cb903f4d,,3,3,"But not even Titus, who was with me, being a Greek, was compelled to be circumcised."
d14923f2-23e4-50c7-af8a-4bde96da37dd,d8540749-c766-5a94-acff-75a4cb903f4d,,4,4,"This was because of the false brothers secretly brought in, who stole in to spy out our liberty which we have in Christ Jesus, that they might bring us into bondage;"
5e70f201-dd81-57f1-aaeb-679e7d6bd121,d8540749-c766-5a94-acff-75a4cb903f4d,,5,5,"to whom we gave no place in the way of subjection, not for an hour, that the truth of the Good News might continue with you."
3f3ca2c1-836e-570a-a543-fd3303f2512d,d8540749-c766-5a94-acff-75a4cb903f4d,,6,6,"But from those who were reputed to be important (whatever they were, it makes no difference to me; God doesn't show partiality to man)--they, I say, who were respected imparted nothing to me,"
6b4f9cab-7a2e-528a-ad3f-6b7708a9a970,d8540749-c766-5a94-acff-75a4cb903f4d,,7,7,"but to the contrary, when they saw that I had been entrusted with the Good News for the uncircumcision, even as Peter with the Good News for the circumcision"
7ba9dcec-1de0-565b-af45-f9aa6d2f7eb1,d8540749-c766-5a94-acff-75a4cb903f4d,,8,8,(for he who appointed Peter to the apostleship of the circumcision appointed me also to the Gentiles);
23c813fd-c924-57ef-a44c-ba3c35500122,d8540749-c766-5a94-acff-75a4cb903f4d,,9,9,"and when they perceived the grace that was given to me, James and Cephas and John, they who were reputed to be pillars, gave to me and Barnabas the right hand of fellowship, that we should go to the Gentiles, and they to the circumcision."
38b78dad-ca49-5293-a110-79a271866ea7,d8540749-c766-5a94-acff-75a4cb903f4d,,10,10,They only asked us to remember the poor--which very thing I was also zealous to do.
076d0b65-f658-5bb3-a84a-c4ece9ee8b5b,d8540749-c766-5a94-acff-75a4cb903f4d,,11,11,"But when Peter came to Antioch, I resisted him to his face, because he stood condemned."
13902e95-80b2-54d3-a561-ccfd76feb2bd,d8540749-c766-5a94-acff-75a4cb903f4d,,12,12,"For before some people came from James, he ate with the Gentiles. But when they came, he drew back and separated himself, fearing those who were of the circumcision."
f7771cb0-2819-5e1f-ad59-2b6a7d8b5a71,d8540749-c766-5a94-acff-75a4cb903f4d,,13,13,And the rest of the Jews joined him in his hypocrisy; so that even Barnabas was carried away with their hypocrisy.
178be050-1a84-564f-a28f-77e637a0567c,d8540749-c766-5a94-acff-75a4cb903f4d,,14,14,"But when I saw that they didn't walk uprightly according to the truth of the Good News, I said to Peter before them all, ""If you, being a Jew, live as the Gentiles do, and not as the Jews do, why do you compel the Gentiles to live as the Jews do?"
c46eaf6e-1e04-569a-ab41-d5fb9c5613e5,d8540749-c766-5a94-acff-75a4cb903f4d,,15,15,"""We, being Jews by nature, and not Gentile sinners,"
a0f95fc8-dcd0-5e96-ac99-8bc86c923f62,d8540749-c766-5a94-acff-75a4cb903f4d,,16,16,"yet knowing that a man is not justified by the works of the law but through faith in Jesus Christ, even we believed in Christ Jesus, that we might be justified by faith in Christ, and not by the works of the law, because no flesh will be justified by the works of the law."
4f71d02c-d1bd-5b53-a16a-c2035164cfdc,d8540749-c766-5a94-acff-75a4cb903f4d,,17,17,"But if, while we sought to be justified in Christ, we ourselves also were found sinners, is Christ a servant of sin? Certainly not!"
5a60a034-0c20-52ea-abf0-3fe69dda3940,d8540749-c766-5a94-acff-75a4cb903f4d,,18,18,"For if I build up again those things which I destroyed, I prove myself a law-breaker."
1dad2b83-c9d6-5c10-a6a1-3d81ee125269,d8540749-c766-5a94-acff-75a4cb903f4d,,19,19,"For I, through the law, died to the law, that I might live to God."
d00fcb69-ac86-5ea7-a469-9ec51d244ddb,d8540749-c766-5a94-acff-75a4cb903f4d,,20,20,"I have been crucified with Christ, and it is no longer I that live, but Christ living in me. That life which I now live in the flesh, I live by faith in the Son of God, who loved me, and gave himself up for me."
e60bb9f9-f1fa-58e2-a9bf-75ccc4e66e1a,d8540749-c766-5a94-acff-75a4cb903f4d,,21,21,"I don't make void the grace of God. For if righteousness is through the law, then Christ died for nothing!"""
68c9dd4b-b0f6-5df2-a68e-5f4fbfa25ff1,11a8279c-5481-5a8f-a10d-4183f4a077fc,,1,1,"Foolish Galatians, who has bewitched you not to obey the truth, before whose eyes Jesus Christ was openly set forth among you as crucified?"
5585f22f-7b1f-5863-adcb-587d8fcbb745,11a8279c-5481-5a8f-a10d-4183f4a077fc,,2,2,"I just want to learn this from you. Did you receive the Spirit by the works of the law, or by hearing of faith?"
02951258-a6a2-5af1-ab92-0ade166ce347,11a8279c-5481-5a8f-a10d-4183f4a077fc,,3,3,"Are you so foolish? Having begun in the Spirit, are you now completed in the flesh?"
341015f5-f8d7-51da-a1cc-d4d4b642d475,11a8279c-5481-5a8f-a10d-4183f4a077fc,,4,4,"Did you suffer so many things in vain, if it is indeed in vain?"
9d604ce2-fbcb-5c76-a618-b057e82afb3a,11a8279c-5481-5a8f-a10d-4183f4a077fc,,5,5,"He therefore who supplies the Spirit to you, and works miracles among you, does he do it by the works of the law, or by hearing of faith?"
4e7a8aad-54c8-5f94-a602-feaf2c7cadc1,11a8279c-5481-5a8f-a10d-4183f4a077fc,,6,6,"Even as Abraham ""believed God, and it was counted to him for righteousness."""
8717e7cb-256e-597e-a37d-a796ea854e7b,11a8279c-5481-5a8f-a10d-4183f4a077fc,,7,7,"Know therefore that those who are of faith, the same are children of Abraham."
8d21fcd6-0b52-5655-aef5-f8bd0837c659,11a8279c-5481-5a8f-a10d-4183f4a077fc,,8,8,"The Scripture, foreseeing that God would justify the Gentiles by faith, preached the Good News beforehand to Abraham, saying, ""In you all the nations will be blessed."""
82b42799-7892-5257-ad02-173f6a9d7507,11a8279c-5481-5a8f-a10d-4183f4a077fc,,9,9,"So then, those who are of faith are blessed with the faithful Abraham."
fcce7338-c546-5413-af47-cffaafc12403,11a8279c-5481-5a8f-a10d-4183f4a077fc,,10,10,"For as many as are of the works of the law are under a curse. For it is written, ""Cursed is everyone who doesn't continue in all things that are written in the book of the law, to do them."""
5c3b30d6-a417-503a-a6a7-ecb98c207fb9,11a8279c-5481-5a8f-a10d-4183f4a077fc,,11,11,"Now that no man is justified by the law before God is evident, for, ""The righteous will live by faith."""
5a4f989a-5c2d-5fc6-ab59-2ed6e1981605,11a8279c-5481-5a8f-a10d-4183f4a077fc,,12,12,"The law is not of faith, but, ""The man who does them will live by them."""
3c8c91ba-1dc0-5352-abcb-942b675c9963,11a8279c-5481-5a8f-a10d-4183f4a077fc,,13,13,"Christ redeemed us from the curse of the law, having become a curse for us. For it is written, ""Cursed is everyone who hangs on a tree,"""
6a8e6851-972d-5116-a408-4b54f3373638,11a8279c-5481-5a8f-a10d-4183f4a077fc,,14,14,that the blessing of Abraham might come on the Gentiles through Christ Jesus; that we might receive the promise of the Spirit through faith.
acba3273-ecd6-5a59-a2b5-556749f5b7d2,11a8279c-5481-5a8f-a10d-4183f4a077fc,,15,15,"Brothers, speaking of human terms, though it is only a man's covenant, yet when it has been confirmed, no one makes it void, or adds to it."
6bfb81b3-497a-5428-aebf-0917e46b603a,11a8279c-5481-5a8f-a10d-4183f4a077fc,,16,16,"Now the promises were spoken to Abraham and to his seed. He doesn't say, ""To seeds,"" as of many, but as of one, ""To your seed,"" which is Christ."
6c6303d5-012d-5beb-a20b-3eb8abf72445,11a8279c-5481-5a8f-a10d-4183f4a077fc,,17,17,"Now I say this. A covenant confirmed beforehand by God in Christ, the law, which came four hundred thirty years after, does not annul, so as to make the promise of no effect."
3bd731ac-5449-5e75-a91e-f1266e34f0f7,11a8279c-5481-5a8f-a10d-4183f4a077fc,,18,18,"For if the inheritance is of the law, it is no more of promise; but God has granted it to Abraham by promise."
3290f558-04eb-51c9-a265-a468aa471f5a,11a8279c-5481-5a8f-a10d-4183f4a077fc,,19,19,"What then is the law? It was added because of transgressions, until the seed should come to whom the promise has been made. It was ordained through angels by the hand of a mediator."
5e28e934-e67e-5268-ab1f-a647ff92c8ed,11a8279c-5481-5a8f-a10d-4183f4a077fc,,20,20,"Now a mediator is not between one, but God is one."
918c163c-8e2c-5c8e-af06-d1d412e4e41e,11a8279c-5481-5a8f-a10d-4183f4a077fc,,21,21,"Is the law then against the promises of God? Certainly not! For if there had been a law given which could make alive, most certainly righteousness would have been of the law."
57e8ea1e-fdc0-5ef6-a969-a77ff0b8ad69,11a8279c-5481-5a8f-a10d-4183f4a077fc,,22,22,"But the Scriptures imprisoned all things under sin, that the promise by faith in Jesus Christ might be given to those who believe."
bc7755ca-3efd-51cf-a25f-835daf1ca674,11a8279c-5481-5a8f-a10d-4183f4a077fc,,23,23,"But before faith came, we were kept in custody under the law, confined for the faith which should afterwards be revealed."
a60b45fa-1e3d-5ca2-acdd-042e0bd6a13c,11a8279c-5481-5a8f-a10d-4183f4a077fc,,24,24,"So that the law has become our tutor to bring us to Christ, that we might be justified by faith."
83593dce-6fa0-526e-a094-836fa1a59216,11a8279c-5481-5a8f-a10d-4183f4a077fc,,25,25,"But now that faith has come, we are no longer under a tutor."
0ec74989-8fb4-58d3-ab1c-3723229d637a,11a8279c-5481-5a8f-a10d-4183f4a077fc,,26,26,"For you are all children of God, through faith in Christ Jesus."
ea424ceb-7bd8-5133-a315-e89f2fae71ae,11a8279c-5481-5a8f-a10d-4183f4a077fc,,27,27,For as many of you as were baptized into Christ have put on Christ.
4de95cfa-f2b9-5797-ac81-aedaacde5ebc,11a8279c-5481-5a8f-a10d-4183f4a077fc,,28,28,"There is neither Jew nor Greek, there is neither slave nor free man, there is neither male nor female; for you are all one in Christ Jesus."
b88b98c6-b254-5d20-add8-067ac7b35ddb,11a8279c-5481-5a8f-a10d-4183f4a077fc,,29,29,"If you are Christ's, then you are Abraham's seed and heirs according to promise."
8f462ace-50c3-5189-a55d-88afa901261f,16a8f922-1656-59c5-a26e-dedb229eb6b2,,1,1,"But I say that so long as the heir is a child, he is no different from a bondservant, though he is lord of all;"
96c85ca8-f504-5b65-a5a7-64824c76f8f3,16a8f922-1656-59c5-a26e-dedb229eb6b2,,2,2,but is under guardians and stewards until the day appointed by the father.
035eac50-2951-58c3-a7fc-b1ac57a1b03e,16a8f922-1656-59c5-a26e-dedb229eb6b2,,3,3,"So we also, when we were children, were held in bondage under the elemental principles of the world."
bae70c71-15f6-501d-a053-537ccfc35e42,16a8f922-1656-59c5-a26e-dedb229eb6b2,,4,4,"But when the fullness of the time came, God sent out his Son, born to a woman, born under the law,"
34ff8e62-71b1-5180-a4e6-ef667fdca092,16a8f922-1656-59c5-a26e-dedb229eb6b2,,5,5,"that he might redeem those who were under the law, that we might receive the adoption of children."
b7501753-fa94-568b-aacb-2b4e65ef6d29,16a8f922-1656-59c5-a26e-dedb229eb6b2,,6,6,"And because you are children, God sent out the Spirit of his Son into your hearts, crying, ""Abba, Father!"""
ee327c12-9df7-5a52-a5df-bd1a8d63f270,16a8f922-1656-59c5-a26e-dedb229eb6b2,,7,7,"So you are no longer a bondservant, but a son; and if a son, then an heir of God through Christ."
39cc556a-0f2b-5556-a4a0-0a9534a9f4c2,16a8f922-1656-59c5-a26e-dedb229eb6b2,,8,8,"However at that time, not knowing God, you were in bondage to those who by nature are not gods."
ecb21ac5-d017-5c0a-ab8f-57e7b3aca256,16a8f922-1656-59c5-a26e-dedb229eb6b2,,9,9,"But now that you have come to know God, or rather to be known by God, why do you turn back again to the weak and miserable elemental principles, to which you desire to be in bondage all over again?"
4385189b-ba95-5f12-ae35-737f5fe7e3de,16a8f922-1656-59c5-a26e-dedb229eb6b2,,10,10,"You observe days, months, seasons, and years."
12cfae41-2553-511c-ab9d-d22d164d0d16,16a8f922-1656-59c5-a26e-dedb229eb6b2,,11,11,"I am afraid for you, that I might have wasted my labor for you."
e58290db-ad54-577e-a663-1a6f81ac27dd,16a8f922-1656-59c5-a26e-dedb229eb6b2,,12,12,"I beg you, brothers, become as I am, for I also have become as you are. You did me no wrong,"
5464e6bf-35f3-539c-a0de-ce4d7d393f30,16a8f922-1656-59c5-a26e-dedb229eb6b2,,13,13,but you know that because of weakness of the flesh I preached the Good News to you the first time.
028185a1-d8e7-50a7-a000-a939af8f3b56,16a8f922-1656-59c5-a26e-dedb229eb6b2,,14,14,"That which was a temptation to you in my flesh, you didn't despise nor reject; but you received me as an angel of God, even as Christ Jesus."
3a1fdf86-c8a0-5e51-a01e-7f94d7c073c3,16a8f922-1656-59c5-a26e-dedb229eb6b2,,15,15,"What was the blessing you enjoyed? For I testify to you that, if possible, you would have plucked out your eyes and given them to me."
8040c6b4-a9f6-5b62-a426-2d8cf921acd1,16a8f922-1656-59c5-a26e-dedb229eb6b2,,16,16,"So then, have I become your enemy by telling you the truth?"
69e08c3a-4d16-5de0-a0d4-2c815f9cb937,16a8f922-1656-59c5-a26e-dedb229eb6b2,,17,17,"They zealously seek you in no good way. No, they desire to alienate you, that you may seek them."
973f1c98-3977-5360-a3a4-95070686e051,16a8f922-1656-59c5-a26e-dedb229eb6b2,,18,18,"But it is always good to be zealous in a good cause, and not only when I am present with you."
3aae26b5-720d-5f06-ac54-e323664a3e3e,16a8f922-1656-59c5-a26e-dedb229eb6b2,,19,19,"My little children, of whom I am again in travail until Christ is formed in you--"
1dba551c-87db-50fc-a492-1aceb5418360,16a8f922-1656-59c5-a26e-dedb229eb6b2,,20,20,"but I could wish to be present with you now, and to change my tone, for I am perplexed about you."
93bbf8e5-527f-5e34-acb1-daeeb0f13783,16a8f922-1656-59c5-a26e-dedb229eb6b2,,21,21,"Tell me, you that desire to be under the law, don't you listen to the law?"
300a5920-1593-5abe-afbb-99e0423361d6,16a8f922-1656-59c5-a26e-dedb229eb6b2,,22,22,"For it is written that Abraham had two sons, one by the handmaid, and one by the free woman."
ab9881c0-ad75-5909-a447-63ae6df20d81,16a8f922-1656-59c5-a26e-dedb229eb6b2,,23,23,"However, the son by the handmaid was born according to the flesh, but the son by the free woman was born through promise."
68c414fd-2af6-5075-aa17-e31244525464,16a8f922-1656-59c5-a26e-dedb229eb6b2,,24,24,"These things contain an allegory, for these are two covenants. One is from Mount Sinai, bearing children to bondage, which is Hagar."
242221ee-499b-5416-a163-19f67a533b8d,16a8f922-1656-59c5-a26e-dedb229eb6b2,,25,25,"For this Hagar is Mount Sinai in Arabia, and answers to the Jerusalem that exists now, for she is in bondage with her children."
4ed06b67-2450-5e90-a48c-f656c90e0852,16a8f922-1656-59c5-a26e-dedb229eb6b2,,26,26,"But the Jerusalem that is above is free, which is the mother of us all."
3d79269c-9312-508f-a25d-cf27c65f77e3,16a8f922-1656-59c5-a26e-dedb229eb6b2,,27,27,"For it is written, ""Rejoice, you barren who don't bear. Break forth and shout, you that don't travail. For more are the children of the desolate than of her who has a husband."""
ea93495b-1c90-5a5b-a6ed-e8e06865303c,16a8f922-1656-59c5-a26e-dedb229eb6b2,,28,28,"Now we, brothers, as Isaac was, are children of promise."
db7e6ecf-2e33-5c70-a77f-637c8978c828,16a8f922-1656-59c5-a26e-dedb229eb6b2,,29,29,"But as then, he who was born according to the flesh persecuted him who was born according to the Spirit, so also it is now."
4487a82d-c79a-575a-a36d-2621802f8167,16a8f922-1656-59c5-a26e-dedb229eb6b2,,30,30,"However what does the Scripture say? ""Throw out the handmaid and her son, for the son of the handmaid will not inherit with the son of the free woman."""
5392cae5-36b0-505e-a0e7-c1c96945a3b4,16a8f922-1656-59c5-a26e-dedb229eb6b2,,31,31,"So then, brothers, we are not children of a handmaid, but of the free woman."
5b073480-62dc-5fe5-a799-f5a8951ceb41,39c70941-d5b0-53dc-a337-d2d8ef2ba905,,1,1,"Stand firm therefore in the liberty by which Christ has made us free, and don't be entangled again with a yoke of bondage."
04732806-7b41-5c76-a262-fa7e68d0beee,39c70941-d5b0-53dc-a337-d2d8ef2ba905,,2,2,"Behold, I, Paul, tell you that if you receive circumcision, Christ will profit you nothing."
40786ba4-0bec-5e30-af36-7fcc8994cae9,39c70941-d5b0-53dc-a337-d2d8ef2ba905,,3,3,"Yes, I testify again to every man who receives circumcision, that he is a debtor to do the whole law."
687e800a-df46-5a90-ac35-3b1e05c7499e,39c70941-d5b0-53dc-a337-d2d8ef2ba905,,4,4,"You are alienated from Christ, you who desire to be justified by the law. You have fallen away from grace."
468a1874-aabc-5303-a427-4eab82bb402c,39c70941-d5b0-53dc-a337-d2d8ef2ba905,,5,5,"For we, through the Spirit, by faith wait for the hope of righteousness."
61789e04-3af2-548f-a0fe-0528386f2826,39c70941-d5b0-53dc-a337-d2d8ef2ba905,,6,6,"For in Christ Jesus neither circumcision amounts to anything, nor uncircumcision, but faith working through love."
9df9d847-e5ef-5114-a926-06937c6c902d,39c70941-d5b0-53dc-a337-d2d8ef2ba905,,7,7,You were running well! Who interfered with you that you should not obey the truth?
ffb16484-39b5-5b97-a142-f35422c6b80a,39c70941-d5b0-53dc-a337-d2d8ef2ba905,,8,8,This persuasion is not from him who calls you.
4670aab2-058c-56f8-acbe-376c87f81c0e,39c70941-d5b0-53dc-a337-d2d8ef2ba905,,9,9,A little yeast grows through the whole lump.
ef2c9197-fc8d-5e65-aa35-516aaf8170e0,39c70941-d5b0-53dc-a337-d2d8ef2ba905,,10,10,"I have confidence toward you in the Lord that you will think no other way. But he who troubles you will bear his judgment, whoever he is."
1cafcf0f-5d5e-56d0-a89c-4d3c83e119e3,39c70941-d5b0-53dc-a337-d2d8ef2ba905,,11,11,"But I, brothers, if I still preach circumcision, why am I still persecuted? Then the stumbling block of the cross has been removed."
325c9cce-e79f-5767-ac7a-d3e796612039,39c70941-d5b0-53dc-a337-d2d8ef2ba905,,12,12,I wish that those who disturb you would cut themselves off.
64eecd60-2cc9-5f80-aed2-5159bcdb526f,39c70941-d5b0-53dc-a337-d2d8ef2ba905,,13,13,"For you, brothers, were called for freedom. Only don't use your freedom for gain to the flesh, but through love be servants to one another."
4f475fe1-611c-5293-aca8-4a4ffded76eb,39c70941-d5b0-53dc-a337-d2d8ef2ba905,,14,14,"For the whole law is fulfilled in one word, in this: ""You shall love your neighbor as yourself."""
9b180ec0-a842-583d-a292-b133f97e443e,39c70941-d5b0-53dc-a337-d2d8ef2ba905,,15,15,"But if you bite and devour one another, be careful that you don't consume one another."
7cb522d7-47e1-5417-a851-623501357db8,39c70941-d5b0-53dc-a337-d2d8ef2ba905,,16,16,"But I say, walk by the Spirit, and you won't fulfill the lust of the flesh."
e49346dd-2bcd-551f-a4ce-7820f0c991db,39c70941-d5b0-53dc-a337-d2d8ef2ba905,,17,17,"For the flesh lusts against the Spirit, and the Spirit against the flesh; and these are contrary to one another, that you may not do the things that you desire."
e1dd5db3-57c3-5cc6-af6a-74ad9811f3c9,39c70941-d5b0-53dc-a337-d2d8ef2ba905,,18,18,"But if you are led by the Spirit, you are not under the law."
aadfc76c-40c9-5faa-a867-cae60d7c3dbc,39c70941-d5b0-53dc-a337-d2d8ef2ba905,,19,19,"Now the works of the flesh are obvious, which are: adultery, sexual immorality, uncleanness, lustfulness,"
5cd55fb4-0361-59b0-a608-99a965d618be,39c70941-d5b0-53dc-a337-d2d8ef2ba905,,20,20,"idolatry, sorcery, hatred, strife, jealousies, outbursts of anger, rivalries, divisions, heresies,"
7da2562b-2f7c-55cd-abd0-b1fd23682a76,39c70941-d5b0-53dc-a337-d2d8ef2ba905,,21,21,"envyings, murders, drunkenness, orgies, and things like these; of which I forewarn you, even as I also forewarned you, that those who practice such things will not inherit the Kingdom of God."
de2e6886-3531-561a-ac77-826ee666713b,39c70941-d5b0-53dc-a337-d2d8ef2ba905,,22,22,"But the fruit of the Spirit is love, joy, peace, patience, kindness, goodness, faith,"
99fcf681-7dbc-535a-a467-e14f02fbab91,39c70941-d5b0-53dc-a337-d2d8ef2ba905,,23,23,"gentleness, and self-control. Against such things there is no law."
8e44fa55-1f0d-5756-a2aa-c073d206c664,39c70941-d5b0-53dc-a337-d2d8ef2ba905,,24,24,Those who belong to Christ have crucified the flesh with its passions and lusts.
f1c2dfdb-166e-55e4-ad3c-469f7407ba7f,39c70941-d5b0-53dc-a337-d2d8ef2ba905,,25,25,"If we live by the Spirit, let's also walk by the Spirit."
1fc761de-b311-51d8-a6a6-6b88354d6ffb,39c70941-d5b0-53dc-a337-d2d8ef2ba905,,26,26,"Let's not become conceited, provoking one another, and envying one another."
d2451221-d61d-59ea-a15a-0e0b9b3d116f,19bcf10a-f90a-5eb9-a575-40038555d0fc,,1,1,"Brothers, even if a man is caught in some fault, you who are spiritual must restore such a one in a spirit of gentleness; looking to yourself so that you also aren't tempted."
bd9bfba9-bb52-5007-aa77-47e6c034ce80,19bcf10a-f90a-5eb9-a575-40038555d0fc,,2,2,"Bear one another's burdens, and so fulfill the law of Christ."
78cf9239-919e-5946-a1c3-58baf5cef3c1,19bcf10a-f90a-5eb9-a575-40038555d0fc,,3,3,"For if a man thinks himself to be something when he is nothing, he deceives himself."
ba0eeaec-e3eb-51b4-ae03-3049b64d8f53,19bcf10a-f90a-5eb9-a575-40038555d0fc,,4,4,"But let each man test his own work, and then he will take pride in himself and not in his neighbor."
0b6e2227-2415-54f7-a6b5-4fc276bb27ae,19bcf10a-f90a-5eb9-a575-40038555d0fc,,5,5,For each man will bear his own burden.
1f9a5cfc-773e-517a-a0f7-39a5845f5172,19bcf10a-f90a-5eb9-a575-40038555d0fc,,6,6,But let him who is taught in the word share all good things with him who teaches.
d107ed95-9908-59c2-ac7d-4451564df225,19bcf10a-f90a-5eb9-a575-40038555d0fc,,7,7,"Don't be deceived. God is not mocked, for whatever a man sows, that he will also reap."
00c92fe7-42cc-5f85-af8d-ca82ca1a8372,19bcf10a-f90a-5eb9-a575-40038555d0fc,,8,8,For he who sows to his own flesh will from the flesh reap corruption. But he who sows to the Spirit will from the Spirit reap eternal life.
61075ea3-6f8e-5a19-a839-e46902fd5217,19bcf10a-f90a-5eb9-a575-40038555d0fc,,9,9,"Let us not be weary in doing good, for we will reap in due season, if we don't give up."
a08e73b6-39aa-5103-ad2b-74ce8f53e0ef,19bcf10a-f90a-5eb9-a575-40038555d0fc,,10,10,"So then, as we have opportunity, let's do what is good toward all men, and especially toward those who are of the household of the faith."
7406b18c-db3c-5d58-a78e-70622deff22a,19bcf10a-f90a-5eb9-a575-40038555d0fc,,11,11,See with what large letters I write to you with my own hand.
98c57ca8-f6b6-55a2-a9b7-d70c140e992a,19bcf10a-f90a-5eb9-a575-40038555d0fc,,12,12,"As many as desire to look good in the flesh, they compel you to be circumcised; only that they may not be persecuted for the cross of Christ."
6e2a983c-6d2f-5fa7-ab9f-0f6b35d91c5c,19bcf10a-f90a-5eb9-a575-40038555d0fc,,13,13,"For even they who receive circumcision don't keep the law themselves, but they desire to have you circumcised, that they may boast in your flesh."
2df1f0e9-b90d-54d0-a0ce-c5bed25be0c6,19bcf10a-f90a-5eb9-a575-40038555d0fc,,14,14,"But far be it from me to boast, except in the cross of our Lord Jesus Christ, through which the world has been crucified to me, and I to the world."
c793faa0-ab6f-5678-a266-579bedfc318d,19bcf10a-f90a-5eb9-a575-40038555d0fc,,15,15,"For in Christ Jesus neither is circumcision anything, nor uncircumcision, but a new creation."
3e443870-7012-522f-a86d-9d59f8299b31,19bcf10a-f90a-5eb9-a575-40038555d0fc,,16,16,"As many as walk by this rule, peace and mercy be on them, and on God's Israel."
4d3f4b37-a5f2-58b3-a829-fe15f3ba6d5e,19bcf10a-f90a-5eb9-a575-40038555d0fc,,17,17,"From now on, let no one cause me any trouble, for I bear the marks of the Lord Jesus branded on my body."
2ca3b534-dd97-5843-a682-70769cf09d39,19bcf10a-f90a-5eb9-a575-40038555d0fc,,18,18,"The grace of our Lord Jesus Christ be with your spirit, brothers. Amen."
2be902d2-a92c-586c-a50b-0c4d43a2207f,27561252-eb2b-55c0-a25a-297e8fb2c000,,1,1,"Paul, an apostle of Christ Jesus through the will of God, to the saints who are at Ephesus, and the faithful in Christ Jesus:"
b706fed6-a5d2-5fe0-a1da-e14f0133606d,27561252-eb2b-55c0-a25a-297e8fb2c000,,2,2,Grace to you and peace from God our Father and the Lord Jesus Christ.
0e7a84c3-cb32-5794-a376-af2e931148f6,27561252-eb2b-55c0-a25a-297e8fb2c000,,3,3,"Blessed be the God and Father of our Lord Jesus Christ, who has blessed us with every spiritual blessing in the heavenly places in Christ;"
476dcd9c-cb51-5f86-ab89-5e367b91ab66,27561252-eb2b-55c0-a25a-297e8fb2c000,,4,4,"even as he chose us in him before the foundation of the world, that we would be holy and without blemish before him in love;"
6b747e27-a397-5026-ac2e-32078277bc8b,27561252-eb2b-55c0-a25a-297e8fb2c000,,5,5,"having predestined us for adoption as children through Jesus Christ to himself, according to the good pleasure of his desire,"
f6789480-962f-56c9-ab9e-675e623d1b1f,27561252-eb2b-55c0-a25a-297e8fb2c000,,6,6,"to the praise of the glory of his grace, by which he freely bestowed favor on us in the Beloved,"
0b54f9b1-fa51-58c3-a53a-07fe0116b002,27561252-eb2b-55c0-a25a-297e8fb2c000,,7,7,"in whom we have our redemption through his blood, the forgiveness of our trespasses, according to the riches of his grace,"
dfcb7509-9cd7-590f-a976-ef9146e1d85f,27561252-eb2b-55c0-a25a-297e8fb2c000,,8,8,"which he made to abound toward us in all wisdom and prudence,"
0049358c-243f-561f-a868-10434ddfce2f,27561252-eb2b-55c0-a25a-297e8fb2c000,,9,9,"making known to us the mystery of his will, according to his good pleasure which he purposed in him"
4e3cb687-caa9-578a-a682-1bf0206cca8c,27561252-eb2b-55c0-a25a-297e8fb2c000,,10,10,"to an administration of the fullness of the times, to sum up all things in Christ, the things in the heavens, and the things on the earth, in him;"
8edb7e34-c763-5733-aca5-0ad5d198835b,27561252-eb2b-55c0-a25a-297e8fb2c000,,11,11,"in whom also we were assigned an inheritance, having been foreordained according to the purpose of him who works all things after the counsel of his will;"
8f45f627-f07a-5960-a9d2-bd6ab30dfa6c,27561252-eb2b-55c0-a25a-297e8fb2c000,,12,12,"to the end that we should be to the praise of his glory, we who had before hoped in Christ:"
7944d93f-b891-54e2-a010-7228a42949b7,27561252-eb2b-55c0-a25a-297e8fb2c000,,13,13,"in whom you also, having heard the word of the truth, the Good News of your salvation--in whom, having also believed, you were sealed with the Holy Spirit of promise,"
93d3712e-9c89-542b-a121-8520b19bfaf9,27561252-eb2b-55c0-a25a-297e8fb2c000,,14,14,"who is a pledge of our inheritance, to the redemption of God's own possession, to the praise of his glory."
81936521-22e9-5c5d-af90-c8356d4a2d0b,27561252-eb2b-55c0-a25a-297e8fb2c000,,15,15,"For this cause I also, having heard of the faith in the Lord Jesus which is among you, and the love which you have toward all the saints,"
5fed66f8-c58c-559e-a91f-349e12a970b6,27561252-eb2b-55c0-a25a-297e8fb2c000,,16,16,"don't cease to give thanks for you, making mention of you in my prayers,"
c399fb44-fccb-5242-a04c-217c47298d76,27561252-eb2b-55c0-a25a-297e8fb2c000,,17,17,"that the God of our Lord Jesus Christ, the Father of glory, may give to you a spirit of wisdom and revelation in the knowledge of him;"
302a97a6-bdd7-5f43-a5b5-f0b876d3c812,27561252-eb2b-55c0-a25a-297e8fb2c000,,18,18,"having the eyes of your hearts enlightened, that you may know what is the hope of his calling, and what are the riches of the glory of his inheritance in the saints,"
ea202307-6b65-5624-a6fd-9115383dfb3a,27561252-eb2b-55c0-a25a-297e8fb2c000,,19,19,"and what is the exceeding greatness of his power toward us who believe, according to that working of the strength of his might"
909a33be-ab30-5de8-a1e5-6b6d600987ae,27561252-eb2b-55c0-a25a-297e8fb2c000,,20,20,"which he worked in Christ, when he raised him from the dead, and made him to sit at his right hand in the heavenly places,"
924b1ee8-c86c-57f5-aa1e-b59cc838f11f,27561252-eb2b-55c0-a25a-297e8fb2c000,,21,21,"far above all rule, and authority, and power, and dominion, and every name that is named, not only in this age, but also in that which is to come."
2ec11d79-aa1d-5130-aebb-f31935dbbb67,27561252-eb2b-55c0-a25a-297e8fb2c000,,22,22,"He put all things in subjection under his feet, and gave him to be head over all things for the assembly,"
c24a0cfb-8f82-57aa-a9b5-2fa189353f00,27561252-eb2b-55c0-a25a-297e8fb2c000,,23,23,"which is his body, the fullness of him who fills all in all."
a04aea0d-1c8c-5046-a502-48947e62cbae,ebdb2ef8-72f4-5c7a-ac65-4f0651ae862e,,1,1,"You were made alive when you were dead in transgressions and sins,"
a9ea1d5f-2f8d-50ad-ac7e-0d206d2295e2,ebdb2ef8-72f4-5c7a-ac65-4f0651ae862e,,2,2,"in which you once walked according to the course of this world, according to the prince of the power of the air, the spirit who now works in the children of disobedience;"
bcca2876-1f40-5ec9-a749-bc60c54a1130,ebdb2ef8-72f4-5c7a-ac65-4f0651ae862e,,3,3,"among whom we also all once lived in the lust of our flesh, doing the desires of the flesh and of the mind, and were by nature children of wrath, even as the rest."
0c3a7aa5-3463-51d5-a704-6e69e89c4e1f,ebdb2ef8-72f4-5c7a-ac65-4f0651ae862e,,4,4,"But God, being rich in mercy, for his great love with which he loved us,"
8062179e-8d26-581a-a21f-c55881ae5684,ebdb2ef8-72f4-5c7a-ac65-4f0651ae862e,,5,5,"even when we were dead through our trespasses, made us alive together with Christ (by grace you have been saved),"
2ee49fda-f9ff-5520-ab5f-718774a1855b,ebdb2ef8-72f4-5c7a-ac65-4f0651ae862e,,6,6,"and raised us up with him, and made us to sit with him in the heavenly places in Christ Jesus,"
431c6f92-5615-5ae1-a1c9-a1e1e2f47d7d,ebdb2ef8-72f4-5c7a-ac65-4f0651ae862e,,7,7,that in the ages to come he might show the exceeding riches of his grace in kindness toward us in Christ Jesus;
c9c331af-129b-508e-a73a-5c55f96e146e,ebdb2ef8-72f4-5c7a-ac65-4f0651ae862e,,8,8,"for by grace you have been saved through faith, and that not of yourselves; it is the gift of God,"
4469b878-f616-5489-a8c4-b22dfdae2461,ebdb2ef8-72f4-5c7a-ac65-4f0651ae862e,,9,9,"not of works, that no one would boast."
b69c9fd6-81c3-56bd-ad9f-c8b02189c201,ebdb2ef8-72f4-5c7a-ac65-4f0651ae862e,,10,10,"For we are his workmanship, created in Christ Jesus for good works, which God prepared before that we would walk in them."
450495a3-d2de-5121-a4fb-c38c641400b6,ebdb2ef8-72f4-5c7a-ac65-4f0651ae862e,,11,11,"Therefore remember that once you, the Gentiles in the flesh, who are called ""uncircumcision"" by that which is called ""circumcision,"" (in the flesh, made by hands);"
da98beaa-b5a2-5f28-ae93-f68136327794,ebdb2ef8-72f4-5c7a-ac65-4f0651ae862e,,12,12,"that you were at that time separate from Christ, alienated from the commonwealth of Israel, and strangers from the covenants of the promise, having no hope and without God in the world."
3bf7af95-1073-5659-afdf-a2886d7e9199,ebdb2ef8-72f4-5c7a-ac65-4f0651ae862e,,13,13,But now in Christ Jesus you who once were far off are made near in the blood of Christ.
3f689b7f-9699-5649-a379-2a5538c1ec76,ebdb2ef8-72f4-5c7a-ac65-4f0651ae862e,,14,14,"For he is our peace, who made both one, and broke down the middle wall of partition,"
7f5bd4cf-bb8f-5483-a306-25e80f8ed794,ebdb2ef8-72f4-5c7a-ac65-4f0651ae862e,,15,15,"having abolished in the flesh the hostility, the law of commandments contained in ordinances, that he might create in himself one new man of the two, making peace;"
688716cb-84dc-539e-a161-bef6fe085f3d,ebdb2ef8-72f4-5c7a-ac65-4f0651ae862e,,16,16,"and might reconcile them both in one body to God through the cross, having killed the hostility thereby."
8e6b2413-c30d-57fa-a145-6f8c280b59e0,ebdb2ef8-72f4-5c7a-ac65-4f0651ae862e,,17,17,He came and preached peace to you who were far off and to those who were near.
cd600455-77e9-541f-a35c-0f4b7ac8aeae,ebdb2ef8-72f4-5c7a-ac65-4f0651ae862e,,18,18,For through him we both have our access in one Spirit to the Father.
5083b90d-341d-5f01-a020-e99ccfc171a1,ebdb2ef8-72f4-5c7a-ac65-4f0651ae862e,,19,19,"So then you are no longer strangers and foreigners, but you are fellow citizens with the saints, and of the household of God,"
a0bae8b8-918b-5bd1-a183-5ac0dcbeabd0,ebdb2ef8-72f4-5c7a-ac65-4f0651ae862e,,20,20,"being built on the foundation of the apostles and prophets, Christ Jesus himself being the chief cornerstone;"
486052de-8473-5bc7-a08a-3749734781cd,ebdb2ef8-72f4-5c7a-ac65-4f0651ae862e,,21,21,"in whom the whole building, fitted together, grows into a holy temple in the Lord;"
595ec0ef-939d-5ac3-a13f-deb329a9e93a,ebdb2ef8-72f4-5c7a-ac65-4f0651ae862e,,22,22,in whom you also are built together for a habitation of God in the Spirit.
8131c181-befe-5831-a8d1-b860c34542e9,4bc48676-b8ab-5fc6-af96-feebb3be7966,,1,1,"For this cause I, Paul, am the prisoner of Christ Jesus on behalf of you Gentiles,"
38662afe-8627-5767-a2c3-c455366d844b,4bc48676-b8ab-5fc6-af96-feebb3be7966,,2,2,if it is so that you have heard of the administration of that grace of God which was given me toward you;
c5dd279f-4e4f-534c-a240-1111fb8421ba,4bc48676-b8ab-5fc6-af96-feebb3be7966,,3,3,"how that by revelation the mystery was made known to me, as I wrote before in few words,"
5cff2869-bb9c-597e-ab2e-7f5ec0c9daeb,4bc48676-b8ab-5fc6-af96-feebb3be7966,,4,4,"by which, when you read, you can perceive my understanding in the mystery of Christ;"
a2e627f0-ebdd-5bf4-a64d-2882177633cc,4bc48676-b8ab-5fc6-af96-feebb3be7966,,5,5,"which in other generations was not made known to the children of men, as it has now been revealed to his holy apostles and prophets in the Spirit;"
d97b4c0d-e9c9-50b5-a9b5-3f87b46864e5,4bc48676-b8ab-5fc6-af96-feebb3be7966,,6,6,"that the Gentiles are fellow heirs, and fellow members of the body, and fellow partakers of his promise in Christ Jesus through the Good News,"
ef0977c1-cfc8-5bd3-a44d-5fdfb3ba3e6d,4bc48676-b8ab-5fc6-af96-feebb3be7966,,7,7,"of which I was made a servant, according to the gift of that grace of God which was given me according to the working of his power."
ab85c7e7-effb-54d4-a0f5-7f65f93787e2,4bc48676-b8ab-5fc6-af96-feebb3be7966,,8,8,"To me, the very least of all saints, was this grace given, to preach to the Gentiles the unsearchable riches of Christ,"
1f9306ab-f8c3-506b-a3e6-7167eeeb3a87,4bc48676-b8ab-5fc6-af96-feebb3be7966,,9,9,"and to make all men see what is the administration of the mystery which for ages has been hidden in God, who created all things through Jesus Christ;"
61fc8a7b-4868-5456-a94f-cd5814ceb109,4bc48676-b8ab-5fc6-af96-feebb3be7966,,10,10,"to the intent that now through the assembly the manifold wisdom of God might be made known to the principalities and the powers in the heavenly places,"
a1cfa292-5e1d-5332-a9c9-0a88d01f5b2c,4bc48676-b8ab-5fc6-af96-feebb3be7966,,11,11,according to the eternal purpose which he purposed in Christ Jesus our Lord;
43821a9d-c676-5d45-afc8-4d0531ef82e3,4bc48676-b8ab-5fc6-af96-feebb3be7966,,12,12,in whom we have boldness and access in confidence through our faith in him.
45158b95-6d51-51e7-a683-3451d2e3f90a,4bc48676-b8ab-5fc6-af96-feebb3be7966,,13,13,"Therefore I ask that you may not lose heart at my troubles for you, which are your glory."
779447c1-67e8-5bb0-ae9e-9ef0f6f7a313,4bc48676-b8ab-5fc6-af96-feebb3be7966,,14,14,"For this cause, I bow my knees to the Father of our Lord Jesus Christ,"
e44dabd5-91a9-58dd-a2f8-7148bae2bf6c,4bc48676-b8ab-5fc6-af96-feebb3be7966,,15,15,"from whom every family in heaven and on earth is named,"
f722b226-baa0-58b7-a5d3-252116d02f47,4bc48676-b8ab-5fc6-af96-feebb3be7966,,16,16,"that he would grant you, according to the riches of his glory, that you may be strengthened with power through his Spirit in the inward man;"
0273c865-59e9-5129-a484-81e89e70605b,4bc48676-b8ab-5fc6-af96-feebb3be7966,,17,17,"that Christ may dwell in your hearts through faith; to the end that you, being rooted and grounded in love,"
c4b4f91c-db48-51ef-a40a-3dbdbfeb3b97,4bc48676-b8ab-5fc6-af96-feebb3be7966,,18,18,"may be strengthened to comprehend with all the saints what is the breadth and length and height and depth,"
994f8121-064a-5b39-aac8-2774f662376c,4bc48676-b8ab-5fc6-af96-feebb3be7966,,19,19,"and to know Christ's love which surpasses knowledge, that you may be filled with all the fullness of God."
79b0d559-80ee-5db0-adad-e21c181d5774,4bc48676-b8ab-5fc6-af96-feebb3be7966,,20,20,"Now to him who is able to do exceedingly abundantly above all that we ask or think, according to the power that works in us,"
abcbeeca-0879-524a-a290-e3c7c1fbba3f,4bc48676-b8ab-5fc6-af96-feebb3be7966,,21,21,to him be the glory in the assembly and in Christ Jesus to all generations forever and ever. Amen.
519a418a-c976-5afa-a502-817d1d7fffb3,3d7c1e37-85c4-5af1-a645-b1c6060943e3,,1,1,"I therefore, the prisoner in the Lord, beg you to walk worthily of the calling with which you were called,"
fc9727c2-b77d-5017-a4bb-e400b15b0ff4,3d7c1e37-85c4-5af1-a645-b1c6060943e3,,2,2,"with all lowliness and humility, with patience, bearing with one another in love;"
82d521d1-dec9-54a1-ad08-a7eda59fcc2b,3d7c1e37-85c4-5af1-a645-b1c6060943e3,,3,3,being eager to keep the unity of the Spirit in the bond of peace.
c1c27626-ced4-5211-aac5-72bd4dc5efa4,3d7c1e37-85c4-5af1-a645-b1c6060943e3,,4,4,"There is one body, and one Spirit, even as you also were called in one hope of your calling;"
50bc06b4-3575-587f-a70d-8176f68bbacc,3d7c1e37-85c4-5af1-a645-b1c6060943e3,,5,5,"one Lord, one faith, one baptism,"
a8dd4fb7-e2db-552b-a0ae-9a349643d23d,3d7c1e37-85c4-5af1-a645-b1c6060943e3,,6,6,"one God and Father of all, who is over all, and through all, and in us all."
c545ba2e-27b9-50b5-a6ce-3eef6d9d7eaa,3d7c1e37-85c4-5af1-a645-b1c6060943e3,,7,7,But to each one of us was the grace given according to the measure of the gift of Christ.
6debdd92-f827-524d-aa3f-64c7cc77d202,3d7c1e37-85c4-5af1-a645-b1c6060943e3,,8,8,"Therefore he says, ""When he ascended on high, he led captivity captive, and gave gifts to men."""
f32850db-2054-5f25-a6ce-96eaaa02586d,3d7c1e37-85c4-5af1-a645-b1c6060943e3,,9,9,"Now this, ""He ascended,"" what is it but that he also first descended into the lower parts of the earth?"
c6845166-0c83-5894-ad01-502b0c52d738,3d7c1e37-85c4-5af1-a645-b1c6060943e3,,10,10,"He who descended is the one who also ascended far above all the heavens, that he might fill all things."
7879b293-e031-5463-a35d-66f2310ce6a9,3d7c1e37-85c4-5af1-a645-b1c6060943e3,,11,11,"He gave some to be apostles; and some, prophets; and some, evangelists; and some, shepherds and teachers;"
a690afcc-9201-5bdd-afdc-7abd5098f428,3d7c1e37-85c4-5af1-a645-b1c6060943e3,,12,12,"for the perfecting of the saints, to the work of serving, to the building up of the body of Christ;"
23e42b53-1849-5ca1-a649-2680d9b47e9f,3d7c1e37-85c4-5af1-a645-b1c6060943e3,,13,13,"until we all attain to the unity of the faith, and of the knowledge of the Son of God, to a full grown man, to the measure of the stature of the fullness of Christ;"
f9e7657d-b531-5c08-a7ae-1cde21eb44e6,3d7c1e37-85c4-5af1-a645-b1c6060943e3,,14,14,"that we may no longer be children, tossed back and forth and carried about with every wind of doctrine, by the trickery of men, in craftiness, after the wiles of error;"
4d6ddbfd-a624-5a1b-ab8f-caaae463ea3e,3d7c1e37-85c4-5af1-a645-b1c6060943e3,,15,15,"but speaking truth in love, we may grow up in all things into him, who is the head, Christ;"
c68c9b5e-bae1-5fd6-a5fa-d6a784028f1b,3d7c1e37-85c4-5af1-a645-b1c6060943e3,,16,16,"from whom all the body, being fitted and knit together through that which every joint supplies, according to the working in measure of each individual part, makes the body increase to the building up of itself in love."
1bb96052-4af6-5682-a3de-c0e94140c98b,3d7c1e37-85c4-5af1-a645-b1c6060943e3,,17,17,"This I say therefore, and testify in the Lord, that you no longer walk as the rest of the Gentiles also walk, in the futility of their mind,"
4242a229-2dc4-5a1a-ac5d-03dbaea88285,3d7c1e37-85c4-5af1-a645-b1c6060943e3,,18,18,"being darkened in their understanding, alienated from the life of God, because of the ignorance that is in them, because of the hardening of their hearts;"
9eb02797-a902-58fd-a783-13d8cf057242,3d7c1e37-85c4-5af1-a645-b1c6060943e3,,19,19,"who having become callous gave themselves up to lust, to work all uncleanness with greediness."
25feb82c-4595-58c4-a32a-2bec129ecec3,3d7c1e37-85c4-5af1-a645-b1c6060943e3,,20,20,But you did not learn Christ that way;
9225bab8-7280-5cfc-ab83-fa8d974ef52f,3d7c1e37-85c4-5af1-a645-b1c6060943e3,,21,21,"if indeed you heard him, and were taught in him, even as truth is in Jesus:"
b068fac2-292c-5458-a69c-344399a45745,3d7c1e37-85c4-5af1-a645-b1c6060943e3,,22,22,"that you put away, as concerning your former way of life, the old man, that grows corrupt after the lusts of deceit;"
5315f980-7074-50a3-a18c-f6dca6dd2715,3d7c1e37-85c4-5af1-a645-b1c6060943e3,,23,23,"and that you be renewed in the spirit of your mind,"
812f684b-7c7d-50c3-a478-6db1b3f11280,3d7c1e37-85c4-5af1-a645-b1c6060943e3,,24,24,"and put on the new man, who in the likeness of God has been created in righteousness and holiness of truth."
418d9c87-47f1-5bb8-a151-ff2d1820a7a5,3d7c1e37-85c4-5af1-a645-b1c6060943e3,,25,25,"Therefore, putting away falsehood, speak truth each one with his neighbor. For we are members of one another."
b2fe8027-e3f1-5f9b-acfc-dd73142dd179,3d7c1e37-85c4-5af1-a645-b1c6060943e3,,26,26,"""Be angry, and don't sin."" Don't let the sun go down on your wrath,"
68b61f66-f918-5dc4-a35c-e82360368077,3d7c1e37-85c4-5af1-a645-b1c6060943e3,,27,27,neither give place to the devil.
fc03be29-78bf-54d5-a171-9794c255ebb0,3d7c1e37-85c4-5af1-a645-b1c6060943e3,,28,28,"Let him who stole steal no more; but rather let him labor, working with his hands the thing that is good, that he may have something to give to him who has need."
9651fdfa-2611-533b-a1b3-be1c0e1dbd4b,3d7c1e37-85c4-5af1-a645-b1c6060943e3,,29,29,"Let no corrupt speech proceed out of your mouth, but such as is good for building up as the need may be, that it may give grace to those who hear."
a265a79b-6e34-5005-aeb4-178ccb55be7f,3d7c1e37-85c4-5af1-a645-b1c6060943e3,,30,30,"Don't grieve the Holy Spirit of God, in whom you were sealed for the day of redemption."
73d3c9ab-101a-5d7e-ae49-06af3e84dbc2,3d7c1e37-85c4-5af1-a645-b1c6060943e3,,31,31,"Let all bitterness, wrath, anger, outcry, and slander, be put away from you, with all malice."
ec6e2ecf-f6bf-5ccb-a48a-f86a9f6ecc8a,3d7c1e37-85c4-5af1-a645-b1c6060943e3,,32,32,"And be kind to one another, tenderhearted, forgiving each other, just as God also in Christ forgave you."
0520518f-0bcd-5e7c-aa7f-4747561c34ac,fcff1be9-3ae5-5d47-a3aa-04cac925d5ea,,1,1,"Be therefore imitators of God, as beloved children."
15926273-6ddf-5c04-ae33-664059f1e84e,fcff1be9-3ae5-5d47-a3aa-04cac925d5ea,,2,2,"Walk in love, even as Christ also loved you, and gave himself up for us, an offering and a sacrifice to God for a sweet-smelling fragrance."
173681a6-618f-52d2-a68d-eae2e6197a07,fcff1be9-3ae5-5d47-a3aa-04cac925d5ea,,3,3,"But sexual immorality, and all uncleanness, or covetousness, let it not even be mentioned among you, as becomes saints;"
522677f4-3d3b-5735-a03e-e04d36baafd1,fcff1be9-3ae5-5d47-a3aa-04cac925d5ea,,4,4,"nor filthiness, nor foolish talking, nor jesting, which are not appropriate; but rather giving of thanks."
c9be1d55-d8b9-5270-a40a-f6995478087a,fcff1be9-3ae5-5d47-a3aa-04cac925d5ea,,5,5,"Know this for sure, that no sexually immoral person, nor unclean person, nor covetous man, who is an idolater, has any inheritance in the Kingdom of Christ and God."
fb3e7873-60d9-5622-a4cc-b5041ce0cfb1,fcff1be9-3ae5-5d47-a3aa-04cac925d5ea,,6,6,"Let no one deceive you with empty words. For because of these things, the wrath of God comes on the children of disobedience."
a745e735-7423-5bc8-a4c5-74922c75e9e4,fcff1be9-3ae5-5d47-a3aa-04cac925d5ea,,7,7,Therefore don't be partakers with them.
2f2ccf3a-8175-558d-a717-d8d3ac9cbbd4,fcff1be9-3ae5-5d47-a3aa-04cac925d5ea,,8,8,"For you were once darkness, but are now light in the Lord. Walk as children of light,"
a19db5fc-ffd5-5834-ab01-b5f115184f8b,fcff1be9-3ae5-5d47-a3aa-04cac925d5ea,,9,9,"for the fruit of the Spirit is in all goodness and righteousness and truth,"
dd51d751-c724-5602-a96a-8ffb4b3073e8,fcff1be9-3ae5-5d47-a3aa-04cac925d5ea,,10,10,proving what is well pleasing to the Lord.
4f59e64d-0580-5684-a7db-72da8d1dcdc7,fcff1be9-3ae5-5d47-a3aa-04cac925d5ea,,11,11,"Have no fellowship with the unfruitful works of darkness, but rather even reprove them."
420136a8-1554-5a2b-acde-219e82435642,fcff1be9-3ae5-5d47-a3aa-04cac925d5ea,,12,12,"For the things which are done by them in secret, it is a shame even to speak of."
e105f61a-7693-5d36-ae32-8996a6eb40e6,fcff1be9-3ae5-5d47-a3aa-04cac925d5ea,,13,13,"But all things, when they are reproved, are revealed by the light, for everything that reveals is light."
acbb7050-9bb9-5ad4-a789-b68a20a13120,fcff1be9-3ae5-5d47-a3aa-04cac925d5ea,,14,14,"Therefore he says, ""Awake, you who sleep, and arise from the dead, and Christ will shine on you."""
51fbcf1d-8b25-5057-add5-34b0810ed022,fcff1be9-3ae5-5d47-a3aa-04cac925d5ea,,15,15,"Therefore watch carefully how you walk, not as unwise, but as wise;"
1b467cc3-354f-5923-ad94-3947db8c8ddc,fcff1be9-3ae5-5d47-a3aa-04cac925d5ea,,16,16,"redeeming the time, because the days are evil."
8c4087c6-0d2a-5648-ab32-d965cbdfef46,fcff1be9-3ae5-5d47-a3aa-04cac925d5ea,,17,17,"Therefore don't be foolish, but understand what the will of the Lord is."
d3b800c8-ffcb-507c-affb-d5cb76a344f2,fcff1be9-3ae5-5d47-a3aa-04cac925d5ea,,18,18,"Don't be drunken with wine, in which is dissipation, but be filled with the Spirit,"
1fdc7858-8244-54be-a054-ea29fd068e8c,fcff1be9-3ae5-5d47-a3aa-04cac925d5ea,,19,19,"speaking to one another in psalms, hymns, and spiritual songs; singing, and making melody in your heart to the Lord;"
fe3ffa1d-b933-5f15-a114-dfb65f485b75,fcff1be9-3ae5-5d47-a3aa-04cac925d5ea,,20,20,"giving thanks always concerning all things in the name of our Lord Jesus Christ, to God, even the Father;"
527b1192-77ee-538a-a8f2-1724b7d46c68,fcff1be9-3ae5-5d47-a3aa-04cac925d5ea,,21,21,subjecting yourselves one to another in the fear of Christ.
8b7bcb20-1773-5475-a3ab-baa390a02f02,fcff1be9-3ae5-5d47-a3aa-04cac925d5ea,,22,22,"Wives, be subject to your own husbands, as to the Lord."
66f62c4f-5396-5bd8-a735-0765255c4476,fcff1be9-3ae5-5d47-a3aa-04cac925d5ea,,23,23,"For the husband is the head of the wife, and Christ also is the head of the assembly, being himself the savior of the body."
ee5cb469-d735-5a02-a5da-d1e8ad27497e,fcff1be9-3ae5-5d47-a3aa-04cac925d5ea,,24,24,"But as the assembly is subject to Christ, so let the wives also be to their own husbands in everything."
05fe6829-12af-5d9d-a500-ec708cba2665,fcff1be9-3ae5-5d47-a3aa-04cac925d5ea,,25,25,"Husbands, love your wives, even as Christ also loved the assembly, and gave himself up for it;"
72946f9e-0e26-5718-aee7-d4ef34def495,fcff1be9-3ae5-5d47-a3aa-04cac925d5ea,,26,26,"that he might sanctify it, having cleansed it by the washing of water with the word,"
0f76aabd-538f-54b7-a3c7-865a70e2e5fb,fcff1be9-3ae5-5d47-a3aa-04cac925d5ea,,27,27,"that he might present the assembly to himself gloriously, not having spot or wrinkle or any such thing; but that it should be holy and without blemish."
b4c664f8-4f9e-5235-ac56-b597c6f5f81f,fcff1be9-3ae5-5d47-a3aa-04cac925d5ea,,28,28,Even so husbands also ought to love their own wives as their own bodies. He who loves his own wife loves himself.
88eb343c-7111-5fe8-a3a8-ff3056e198ed,fcff1be9-3ae5-5d47-a3aa-04cac925d5ea,,29,29,"For no man ever hated his own flesh; but nourishes and cherishes it, even as the Lord also does the assembly;"
6e19c0c8-e587-566f-a1ab-e0684b6d43df,fcff1be9-3ae5-5d47-a3aa-04cac925d5ea,,30,30,"because we are members of his body, of his flesh and bones."
8c99851d-a467-5d66-a1c8-d353a54e307c,fcff1be9-3ae5-5d47-a3aa-04cac925d5ea,,31,31,"""For this cause a man will leave his father and mother, and will be joined to his wife. The two will become one flesh."""
78f2fa84-a5ac-56ca-a2d7-6400150561f3,fcff1be9-3ae5-5d47-a3aa-04cac925d5ea,,32,32,"This mystery is great, but I speak concerning Christ and of the assembly."
9ab32e3d-44a8-5263-a40a-3142266d14ac,fcff1be9-3ae5-5d47-a3aa-04cac925d5ea,,33,33,Nevertheless each of you must also love his own wife even as himself; and let the wife see that she respects her husband.
1cee9c3e-1502-5ee7-af8b-a17295f874fc,e8c3ef5c-826d-55fa-a743-b0fde6822495,,1,1,"Children, obey your parents in the Lord, for this is right."
a58535fc-11b2-58be-afce-ca438a3d79d3,e8c3ef5c-826d-55fa-a743-b0fde6822495,,2,2,"""Honor your father and mother,"" which is the first commandment with a promise:"
898ccc13-0709-5330-a2ec-c0c585a6a228,e8c3ef5c-826d-55fa-a743-b0fde6822495,,3,3,"""that it may be well with you, and you may live long on the earth."""
bf726e74-7f3e-56c3-ae4d-09795edc3ed7,e8c3ef5c-826d-55fa-a743-b0fde6822495,,4,4,"You fathers, don't provoke your children to wrath, but nurture them in the discipline and instruction of the Lord."
f5924cae-69d2-5342-a02b-b006f479c580,e8c3ef5c-826d-55fa-a743-b0fde6822495,,5,5,"Servants, be obedient to those who according to the flesh are your masters, with fear and trembling, in singleness of your heart, as to Christ;"
6bcc9145-4509-535d-ac85-1a14236823f2,e8c3ef5c-826d-55fa-a743-b0fde6822495,,6,6,"not in the way of service only when eyes are on you, as men pleasers; but as servants of Christ, doing the will of God from the heart;"
eef92982-74ea-57ea-acd5-c3d974aab5b9,e8c3ef5c-826d-55fa-a743-b0fde6822495,,7,7,"with good will doing service, as to the Lord, and not to men;"
3e31a45c-dcd5-5c2e-aa3d-c8b2f7cecc6a,e8c3ef5c-826d-55fa-a743-b0fde6822495,,8,8,"knowing that whatever good thing each one does, he will receive the same again from the Lord, whether he is bound or free."
43ba34b4-12b7-553d-a3fe-71798b5c6380,e8c3ef5c-826d-55fa-a743-b0fde6822495,,9,9,"You masters, do the same things to them, and give up threatening, knowing that he who is both their Master and yours is in heaven, and there is no partiality with him."
eb17d137-bb0e-5fa5-a49d-c3613e3b9338,e8c3ef5c-826d-55fa-a743-b0fde6822495,,10,10,"Finally, be strong in the Lord, and in the strength of his might."
cc26da59-2446-5712-a669-2290bea0c0e3,e8c3ef5c-826d-55fa-a743-b0fde6822495,,11,11,"Put on the whole armor of God, that you may be able to stand against the wiles of the devil."
a8696e78-521e-5057-aa01-3e5d2c49d431,e8c3ef5c-826d-55fa-a743-b0fde6822495,,12,12,"For our wrestling is not against flesh and blood, but against the principalities, against the powers, against the world's rulers of the darkness of this age, and against the spiritual forces of wickedness in the heavenly places."
c3591a13-f6af-5dd0-a4a6-08a751347bc2,e8c3ef5c-826d-55fa-a743-b0fde6822495,,13,13,"Therefore, put on the whole armor of God, that you may be able to withstand in the evil day, and, having done all, to stand."
bb1472c2-2d2b-573e-adb7-45cad5a07458,e8c3ef5c-826d-55fa-a743-b0fde6822495,,14,14,"Stand therefore, having the utility belt of truth buckled around your waist, and having put on the breastplate of righteousness,"
db9796ba-b3e9-52cb-ae25-9c47f95904bd,e8c3ef5c-826d-55fa-a743-b0fde6822495,,15,15,and having fitted your feet with the preparation of the Good News of peace;
ad60b5ae-969e-50b8-a84b-3001e71201c4,e8c3ef5c-826d-55fa-a743-b0fde6822495,,16,16,"above all, taking up the shield of faith, with which you will be able to quench all the fiery darts of the evil one."
aef11fd9-c5d9-53f0-a70a-2ab87c24c12d,e8c3ef5c-826d-55fa-a743-b0fde6822495,,17,17,"And take the helmet of salvation, and the sword of the Spirit, which is the word of God;"
1f212209-6985-5c63-a36d-e19d467bfe75,e8c3ef5c-826d-55fa-a743-b0fde6822495,,18,18,"with all prayer and requests, praying at all times in the Spirit, and being watchful to this end in all perseverance and requests for all the saints:"
17b9ac14-fd9e-5f41-a82a-2e32f9c7f2e7,e8c3ef5c-826d-55fa-a743-b0fde6822495,,19,19,"on my behalf, that utterance may be given to me in opening my mouth, to make known with boldness the mystery of the Good News,"
058ce47c-bf76-519c-add8-f2c50080773d,e8c3ef5c-826d-55fa-a743-b0fde6822495,,20,20,"for which I am an ambassador in chains; that in it I may speak boldly, as I ought to speak."
5276ec22-a21f-5615-ab2b-1033522a46bd,e8c3ef5c-826d-55fa-a743-b0fde6822495,,21,21,"But that you also may know my affairs, how I am doing, Tychicus, the beloved brother and faithful servant in the Lord, will make known to you all things;"
6f4aa1a2-6aa8-5ebe-ad33-a7a38c46a5d8,e8c3ef5c-826d-55fa-a743-b0fde6822495,,22,22,"whom I have sent to you for this very purpose, that you may know our state, and that he may comfort your hearts."
8284332f-06c7-58e1-a955-b73a60c77615,e8c3ef5c-826d-55fa-a743-b0fde6822495,,23,23,"Peace be to the brothers, and love with faith, from God the Father and the Lord Jesus Christ."
eb566b80-bd42-5482-ad90-452c8cb13cd5,e8c3ef5c-826d-55fa-a743-b0fde6822495,,24,24,Grace be with all those who love our Lord Jesus Christ with incorruptible love. Amen.
c7d46ce2-b2f8-5fee-a8cc-226e9e0cfbb6,a595fc2b-2823-5272-af12-345ad66f3a05,,1,1,"Paul and Timothy, servants of Jesus Christ; To all the saints in Christ Jesus who are at Philippi, with the overseers and servants:"
072223cd-bc04-5a5f-a1c1-98af1dec876c,a595fc2b-2823-5272-af12-345ad66f3a05,,2,2,"Grace to you, and peace from God, our Father, and the Lord Jesus Christ."
0134fd23-190c-5aa1-acbd-3fbc9ad47940,a595fc2b-2823-5272-af12-345ad66f3a05,,3,3,"I thank my God whenever I remember you,"
fc4470d8-4813-50ad-a18d-a00d4da93231,a595fc2b-2823-5272-af12-345ad66f3a05,,4,4,"always in every request of mine on behalf of you all making my requests with joy,"
5e931814-5cd2-5b85-aeac-16a2101b9d27,a595fc2b-2823-5272-af12-345ad66f3a05,,5,5,for your partnership in furtherance of the Good News from the first day until now;
0ab6d419-7b72-57af-a342-728dc8f60862,a595fc2b-2823-5272-af12-345ad66f3a05,,6,6,"being confident of this very thing, that he who began a good work in you will complete it until the day of Jesus Christ."
1214b09a-8bf5-5a38-abb9-61d525c9c03b,a595fc2b-2823-5272-af12-345ad66f3a05,,7,7,"It is even right for me to think this way on behalf of all of you, because I have you in my heart, because, both in my bonds and in the defense and confirmation of the Good News, you all are partakers with me of grace."
c8dd7d8a-ed3f-5a86-ac6f-0c1634855146,a595fc2b-2823-5272-af12-345ad66f3a05,,8,8,"For God is my witness, how I long after all of you in the tender mercies of Christ Jesus."
7c9de878-b752-5e7f-aadb-8e4ce5f718ad,a595fc2b-2823-5272-af12-345ad66f3a05,,9,9,"This I pray, that your love may abound yet more and more in knowledge and all discernment;"
4bbc6ee4-f0c4-5da3-ad97-1b05302ec337,a595fc2b-2823-5272-af12-345ad66f3a05,,10,10,so that you may approve the things that are excellent; that you may be sincere and without offense to the day of Christ;
7fb2456d-527e-547a-a549-ca6226ba05e9,a595fc2b-2823-5272-af12-345ad66f3a05,,11,11,"being filled with the fruits of righteousness, which are through Jesus Christ, to the glory and praise of God."
01972c9b-e8a0-54d0-a18d-43a6a4abae64,a595fc2b-2823-5272-af12-345ad66f3a05,,12,12,"Now I desire to have you know, brothers, that the things which happened to me have turned out rather to the progress of the Good News;"
6dd1d2e7-c69d-5736-ade6-e2d6f1ef366e,a595fc2b-2823-5272-af12-345ad66f3a05,,13,13,"so that it became evident to the whole palace guard, and to all the rest, that my bonds are in Christ;"
68370ec7-fc4b-53bc-a3c8-e3bff1357b90,a595fc2b-2823-5272-af12-345ad66f3a05,,14,14,"and that most of the brothers in the Lord, being confident through my bonds, are more abundantly bold to speak the word of God without fear."
54a282db-629a-5546-a6e0-cb0e8f172cac,a595fc2b-2823-5272-af12-345ad66f3a05,,15,15,"Some indeed preach Christ even out of envy and strife, and some also out of good will."
0e6017a9-e9f8-5fdc-a75f-8e09ad5bd546,a595fc2b-2823-5272-af12-345ad66f3a05,,16,16,"The former insincerely preach Christ from selfish ambition, thinking that they add affliction to my chains;"
abe9691f-58f8-5154-a18f-9739ebf47002,a595fc2b-2823-5272-af12-345ad66f3a05,,17,17,"but the latter out of love, knowing that I am appointed for the defense of the Good News."
10a7a79c-6aa3-5916-ab30-4c1ef5b4cba4,a595fc2b-2823-5272-af12-345ad66f3a05,,18,18,"What does it matter? Only that in every way, whether in pretense or in truth, Christ is proclaimed. I rejoice in this, yes, and will rejoice."
7311eade-f558-5231-a836-f98d8a67ba89,a595fc2b-2823-5272-af12-345ad66f3a05,,19,19,"For I know that this will turn out to my salvation, through your supplication and the supply of the Spirit of Jesus Christ,"
a605d7ea-8184-5238-a172-af9b31e94521,a595fc2b-2823-5272-af12-345ad66f3a05,,20,20,"according to my earnest expectation and hope, that I will in no way be disappointed, but with all boldness, as always, now also Christ will be magnified in my body, whether by life, or by death."
7b0455fd-b8d3-5904-a391-0467bfb80431,a595fc2b-2823-5272-af12-345ad66f3a05,,21,21,"For to me to live is Christ, and to die is gain."
cfc64e8f-7f33-55d9-ad64-72a5f169a652,a595fc2b-2823-5272-af12-345ad66f3a05,,22,22,"But if I live on in the flesh, this will bring fruit from my work; yet I don't know what I will choose."
077e26cf-aca6-55c0-ab03-244512a232d8,a595fc2b-2823-5272-af12-345ad66f3a05,,23,23,"But I am in a dilemma between the two, having the desire to depart and be with Christ, which is far better."
35d3b220-8251-5acb-aa55-8d88fc7193b2,a595fc2b-2823-5272-af12-345ad66f3a05,,24,24,"Yet, to remain in the flesh is more needful for your sake."
cd98e75b-5dda-5bd9-aa26-b7c1f8ce407d,a595fc2b-2823-5272-af12-345ad66f3a05,,25,25,"Having this confidence, I know that I will remain, yes, and remain with you all, for your progress and joy in the faith,"
50d653a7-ee5d-5949-ab24-1e048423890c,a595fc2b-2823-5272-af12-345ad66f3a05,,26,26,that your rejoicing may abound in Christ Jesus in me through my presence with you again.
e84d5ee2-b596-5d07-a30c-b7d43fe75435,a595fc2b-2823-5272-af12-345ad66f3a05,,27,27,"Only let your way of life be worthy of the Good News of Christ, that, whether I come and see you or am absent, I may hear of your state, that you stand firm in one spirit, with one soul striving for the faith of the Good News;"
14f024b7-e411-5d9e-a81c-26bd6dc85379,a595fc2b-2823-5272-af12-345ad66f3a05,,28,28,"and in nothing frightened by the adversaries, which is for them a proof of destruction, but to you of salvation, and that from God."
8d4ce575-c669-5a2a-a89b-d95c75eb2198,a595fc2b-2823-5272-af12-345ad66f3a05,,29,29,"Because it has been granted to you on behalf of Christ, not only to believe in him, but also to suffer on his behalf,"
5323c762-dc6e-54e8-ab03-c9186d2a33b1,a595fc2b-2823-5272-af12-345ad66f3a05,,30,30,"having the same conflict which you saw in me, and now hear is in me."
137ecbc4-0848-576e-a064-697a7fdec75d,832c05a7-66b4-527a-ae0a-d3b0fc8c6638,,1,1,"If there is therefore any exhortation in Christ, if any consolation of love, if any fellowship of the Spirit, if any tender mercies and compassion,"
b1c8dfe0-857b-5895-a93d-91ce991a44b1,832c05a7-66b4-527a-ae0a-d3b0fc8c6638,,2,2,"make my joy full, by being like-minded, having the same love, being of one accord, of one mind;"
1c1e0ea5-a143-5949-a9fa-b6ca6ab9ee2b,832c05a7-66b4-527a-ae0a-d3b0fc8c6638,,3,3,"doing nothing through rivalry or through conceit, but in humility, each counting others better than himself;"
ff262810-5d8c-5795-a25e-2999e30d0aff,832c05a7-66b4-527a-ae0a-d3b0fc8c6638,,4,4,"each of you not just looking to his own things, but each of you also to the things of others."
5c12d766-c10e-5704-a9e8-fc4a526ad270,832c05a7-66b4-527a-ae0a-d3b0fc8c6638,,5,5,"Have this in your mind, which was also in Christ Jesus,"
3f478db2-0c86-5f00-a007-b71e4eaac63e,832c05a7-66b4-527a-ae0a-d3b0fc8c6638,,6,6,"who, existing in the form of God, didn't consider equality with God a thing to be grasped,"
c975e15f-03ce-591a-a889-a444e98f817f,832c05a7-66b4-527a-ae0a-d3b0fc8c6638,,7,7,"but emptied himself, taking the form of a servant, being made in the likeness of men."
b344c5d0-26ee-5315-a635-1629738ca7f3,832c05a7-66b4-527a-ae0a-d3b0fc8c6638,,8,8,"And being found in human form, he humbled himself, becoming obedient to death, yes, the death of the cross."
2e0523ab-c9a6-57bc-a4e0-6d9273cf4c94,832c05a7-66b4-527a-ae0a-d3b0fc8c6638,,9,9,"Therefore God also highly exalted him, and gave to him the name which is above every name;"
e8865b17-cf36-5fd6-a2ef-15845d45edca,832c05a7-66b4-527a-ae0a-d3b0fc8c6638,,10,10,"that at the name of Jesus every knee should bow, of those in heaven, those on earth, and those under the earth,"
0477d702-925a-5b65-a21e-efe9dbf26d6a,832c05a7-66b4-527a-ae0a-d3b0fc8c6638,,11,11,"and that every tongue should confess that Jesus Christ is Lord, to the glory of God the Father."
c9c5dbd0-43df-5a86-a407-9bec479101aa,832c05a7-66b4-527a-ae0a-d3b0fc8c6638,,12,12,"So then, my beloved, even as you have always obeyed, not only in my presence, but now much more in my absence, work out your own salvation with fear and trembling."
ca8ef099-7393-57fe-a93e-5dc65625adc1,832c05a7-66b4-527a-ae0a-d3b0fc8c6638,,13,13,"For it is God who works in you both to will and to work, for his good pleasure."
eca7b3bb-51a9-57d5-a648-889d74865624,832c05a7-66b4-527a-ae0a-d3b0fc8c6638,,14,14,"Do all things without murmurings and disputes,"
e9925c04-3b14-5092-ad53-2980aa9c780e,832c05a7-66b4-527a-ae0a-d3b0fc8c6638,,15,15,"that you may become blameless and harmless, children of God without blemish in the midst of a crooked and perverse generation, among whom you are seen as lights in the world,"
928e78b1-3f5a-585a-a49c-7d4c6d107a14,832c05a7-66b4-527a-ae0a-d3b0fc8c6638,,16,16,"holding up the word of life; that I may have something to boast in the day of Christ, that I didn't run in vain nor labor in vain."
dfa65c5c-8162-5dc7-a59c-b6601bc5edc3,832c05a7-66b4-527a-ae0a-d3b0fc8c6638,,17,17,"Yes, and if I am poured out on the sacrifice and service of your faith, I rejoice, and rejoice with you all."
a70edacb-a7d2-579d-a2d5-3b7300315b4e,832c05a7-66b4-527a-ae0a-d3b0fc8c6638,,18,18,"In the same way, you also rejoice, and rejoice with me."
8f7c96f7-8c9f-50c2-abee-4e40fb7d06dd,832c05a7-66b4-527a-ae0a-d3b0fc8c6638,,19,19,"But I hope in the Lord Jesus to send Timothy to you soon, that I also may be cheered up when I know how you are doing."
46bddf44-4af5-5f2e-aadb-8922af296312,832c05a7-66b4-527a-ae0a-d3b0fc8c6638,,20,20,"For I have no one else like-minded, who will truly care about you."
410cb0d7-3f21-5203-a46a-35c530c693a7,832c05a7-66b4-527a-ae0a-d3b0fc8c6638,,21,21,"For they all seek their own, not the things of Jesus Christ."
af17e139-3fbb-5b99-a86d-1d530677a754,832c05a7-66b4-527a-ae0a-d3b0fc8c6638,,22,22,"But you know the proof of him, that, as a child serves a father, so he served with me in furtherance of the Good News."
ae8ae9af-e5d1-52a9-a5de-6afbe9305f6f,832c05a7-66b4-527a-ae0a-d3b0fc8c6638,,23,23,"Therefore I hope to send him at once, as soon as I see how it will go with me."
bd041ec7-42b6-5afe-a273-86f50d80c708,832c05a7-66b4-527a-ae0a-d3b0fc8c6638,,24,24,But I trust in the Lord that I myself also will come shortly.
95f65443-e1f1-5ec7-a247-10c18cdd886c,832c05a7-66b4-527a-ae0a-d3b0fc8c6638,,25,25,"But I counted it necessary to send to you Epaphroditus, my brother, fellow worker, fellow soldier, and your apostle and servant of my need;"
17f0cf05-ec99-511c-aa12-b4d891e2ebd6,832c05a7-66b4-527a-ae0a-d3b0fc8c6638,,26,26,"since he longed for you all, and was very troubled, because you had heard that he was sick."
149d90b7-49a5-5020-a1b4-29673156defa,832c05a7-66b4-527a-ae0a-d3b0fc8c6638,,27,27,"For indeed he was sick, nearly to death, but God had mercy on him; and not on him only, but on me also, that I might not have sorrow on sorrow."
12516de0-f6ad-5e70-ac6b-2e6679fb63d9,832c05a7-66b4-527a-ae0a-d3b0fc8c6638,,28,28,"I have sent him therefore the more diligently, that, when you see him again, you may rejoice, and that I may be the less sorrowful."
3721060d-e30c-517f-a1b0-97b2f2037a9a,832c05a7-66b4-527a-ae0a-d3b0fc8c6638,,29,29,"Receive him therefore in the Lord with all joy, and hold such in honor,"
2488e383-d287-5f65-a88d-c6c5cae05478,832c05a7-66b4-527a-ae0a-d3b0fc8c6638,,30,30,"because for the work of Christ he came near to death, risking his life to supply that which was lacking in your service toward me."
b23b9d73-6c36-51c8-a3cd-1164dd110b88,13f87502-453c-599b-a68d-95a09c9ddfff,,1,1,"Finally, my brothers, rejoice in the Lord. To write the same things to you, to me indeed is not tiresome, but for you it is safe."
bb411b3c-08d2-58cf-a4b3-16b0b38ab998,13f87502-453c-599b-a68d-95a09c9ddfff,,2,2,"Beware of the dogs, beware of the evil workers, beware of the false circumcision."
609d5da0-d1a4-5e9a-ae35-6b29f8ccb876,13f87502-453c-599b-a68d-95a09c9ddfff,,3,3,"For we are the circumcision, who worship God in the Spirit, and rejoice in Christ Jesus, and have no confidence in the flesh;"
c93b77fa-135f-550d-adaa-f8255426b542,13f87502-453c-599b-a68d-95a09c9ddfff,,4,4,"though I myself might have confidence even in the flesh. If any other man thinks that he has confidence in the flesh, I yet more:"
a54fbe08-becd-527a-a6ea-5958993728e3,13f87502-453c-599b-a68d-95a09c9ddfff,,5,5,"circumcised the eighth day, of the stock of Israel, of the tribe of Benjamin, a Hebrew of Hebrews; concerning the law, a Pharisee;"
0564ba78-d837-5bfa-ade6-d2b59cfaa284,13f87502-453c-599b-a68d-95a09c9ddfff,,6,6,"concerning zeal, persecuting the assembly; concerning the righteousness which is in the law, found blameless."
83c99a08-a892-5eb4-aad8-e3b036b4d8fb,13f87502-453c-599b-a68d-95a09c9ddfff,,7,7,"However, what things were gain to me, these have I counted loss for Christ."
b0348526-ca7f-589b-ad81-804321a21464,13f87502-453c-599b-a68d-95a09c9ddfff,,8,8,"Yes most certainly, and I count all things to be loss for the excellency of the knowledge of Christ Jesus, my Lord, for whom I suffered the loss of all things, and count them nothing but refuse, that I may gain Christ"
d087d579-3f7d-53d6-a8c3-dfe404b3658b,13f87502-453c-599b-a68d-95a09c9ddfff,,9,9,"and be found in him, not having a righteousness of my own, that which is of the law, but that which is through faith in Christ, the righteousness which is from God by faith;"
e0f27641-52b0-58cf-a829-90e1a53a23b2,13f87502-453c-599b-a68d-95a09c9ddfff,,10,10,"that I may know him, and the power of his resurrection, and the fellowship of his sufferings, becoming conformed to his death;"
7ddee147-6b7e-5c97-ac7f-23382821dbaa,13f87502-453c-599b-a68d-95a09c9ddfff,,11,11,if by any means I may attain to the resurrection from the dead.
b0e395cb-ee4c-5d72-a6a2-6b4ccb9fa725,13f87502-453c-599b-a68d-95a09c9ddfff,,12,12,"Not that I have already obtained, or am already made perfect; but I press on, if it is so that I may take hold of that for which also I was taken hold of by Christ Jesus."
acf90b9c-5953-58f9-a6f3-661654c86e4a,13f87502-453c-599b-a68d-95a09c9ddfff,,13,13,"Brothers, I don't regard myself as yet having taken hold, but one thing I do. Forgetting the things which are behind, and stretching forward to the things which are before,"
7174e160-6884-5fda-a527-159074c74912,13f87502-453c-599b-a68d-95a09c9ddfff,,14,14,I press on toward the goal for the prize of the high calling of God in Christ Jesus.
c418f006-ff93-5252-a1c2-facb0e98667d,13f87502-453c-599b-a68d-95a09c9ddfff,,15,15,"Let us therefore, as many as are perfect, think this way. If in anything you think otherwise, God will also reveal that to you."
b2d8f594-c882-54e1-a595-5e956d5f9704,13f87502-453c-599b-a68d-95a09c9ddfff,,16,16,"Nevertheless, to the extent that we have already attained, let us walk by the same rule. Let us be of the same mind."
775973d3-5e97-5e36-a233-9d45b8a40421,13f87502-453c-599b-a68d-95a09c9ddfff,,17,17,"Brothers, be imitators together of me, and note those who walk this way, even as you have us for an example."
0fc20800-8e0c-5c1d-a4f1-9672e54a8e18,13f87502-453c-599b-a68d-95a09c9ddfff,,18,18,"For many walk, of whom I told you often, and now tell you even weeping, as the enemies of the cross of Christ,"
b07fc9b4-627f-55dd-a611-48ab4a2b17a5,13f87502-453c-599b-a68d-95a09c9ddfff,,19,19,"whose end is destruction, whose god is the belly, and whose glory is in their shame, who think about earthly things."
b9d98366-cfad-5bcf-a6a8-60b48de1c590,13f87502-453c-599b-a68d-95a09c9ddfff,,20,20,"For our citizenship is in heaven, from where we also wait for a Savior, the Lord Jesus Christ;"
bcd290cb-a023-5c39-a7f6-81e856c5bbbc,13f87502-453c-599b-a68d-95a09c9ddfff,,21,21,"who will change the body of our humiliation to be conformed to the body of his glory, according to the working by which he is able even to subject all things to himself."
26003cae-4033-5d5d-a62d-aa1088c016f1,9aa8d18d-9aa1-5531-ae0b-3d1f533c3966,,1,1,"Therefore, my brothers, beloved and longed for, my joy and crown, so stand firm in the Lord, my beloved."
66ac29fc-2a63-5a15-a6c9-1137fa60cd7c,9aa8d18d-9aa1-5531-ae0b-3d1f533c3966,,2,2,"I exhort Euodia, and I exhort Syntyche, to think the same way in the Lord."
91396afb-1aef-56e2-a4ec-3fc85aee51da,9aa8d18d-9aa1-5531-ae0b-3d1f533c3966,,3,3,"Yes, I beg you also, true yokefellow, help these women, for they labored with me in the Good News, with Clement also, and the rest of my fellow workers, whose names are in the book of life."
adbe31fa-0b15-58d2-ae56-7e341ae98815,9aa8d18d-9aa1-5531-ae0b-3d1f533c3966,,4,4,"Rejoice in the Lord always! Again I will say, Rejoice!"
56d57ef1-788a-58df-a94b-cc8f573874f3,9aa8d18d-9aa1-5531-ae0b-3d1f533c3966,,5,5,Let your gentleness be known to all men. The Lord is at hand.
30836202-ed63-53e4-a87f-08ca075d7e02,9aa8d18d-9aa1-5531-ae0b-3d1f533c3966,,6,6,"In nothing be anxious, but in everything, by prayer and petition with thanksgiving, let your requests be made known to God."
1703fdbc-a3a1-5bc5-afcc-900609279c0a,9aa8d18d-9aa1-5531-ae0b-3d1f533c3966,,7,7,"And the peace of God, which surpasses all understanding, will guard your hearts and your thoughts in Christ Jesus."
b56484e0-887e-52dc-ae82-f1432e95085c,9aa8d18d-9aa1-5531-ae0b-3d1f533c3966,,8,8,"Finally, brothers, whatever things are true, whatever things are honorable, whatever things are just, whatever things are pure, whatever things are lovely, whatever things are of good report; if there is any virtue, and if there is any praise, think about these things."
d9e9d848-2a96-53b4-a4c2-d52ac7ac9499,9aa8d18d-9aa1-5531-ae0b-3d1f533c3966,,9,9,"The things which you learned, received, heard, and saw in me: do these things, and the God of peace will be with you."
c29e3685-2052-52f4-a33f-a8560b5d4ec9,9aa8d18d-9aa1-5531-ae0b-3d1f533c3966,,10,10,"But I rejoice in the Lord greatly, that now at length you have revived your thought for me; in which you did indeed take thought, but you lacked opportunity."
4a376279-d33d-5240-ad12-c55be54a595e,9aa8d18d-9aa1-5531-ae0b-3d1f533c3966,,11,11,"Not that I speak in respect to lack, for I have learned in whatever state I am, to be content in it."
21bfbe7f-5908-520e-ac13-09f1b6867fbd,9aa8d18d-9aa1-5531-ae0b-3d1f533c3966,,12,12,"I know how to be humbled, and I know also how to abound. In everything and in all things I have learned the secret both to be filled and to be hungry, both to abound and to be in need."
9c855624-6784-5393-a9f1-1fa686cbd7b5,9aa8d18d-9aa1-5531-ae0b-3d1f533c3966,,13,13,"I can do all things through Christ, who strengthens me."
0f05c9fe-c9e3-5d86-a0f7-f68b07cb807b,9aa8d18d-9aa1-5531-ae0b-3d1f533c3966,,14,14,However you did well that you shared in my affliction.
956ac2d7-23c4-5e71-a421-a4494a7a92c8,9aa8d18d-9aa1-5531-ae0b-3d1f533c3966,,15,15,"You yourselves also know, you Philippians, that in the beginning of the Good News, when I departed from Macedonia, no assembly shared with me in the matter of giving and receiving but you only."
f1b1d7e9-daf3-57fc-a4e9-282283c041c5,9aa8d18d-9aa1-5531-ae0b-3d1f533c3966,,16,16,For even in Thessalonica you sent once and again to my need.
193f96ee-e16e-5e82-ac97-051073109813,9aa8d18d-9aa1-5531-ae0b-3d1f533c3966,,17,17,"Not that I seek for the gift, but I seek for the fruit that increases to your account."
245106a7-4b74-562f-aead-3ae611eb01b8,9aa8d18d-9aa1-5531-ae0b-3d1f533c3966,,18,18,"But I have all things, and abound. I am filled, having received from Epaphroditus the things that came from you, a sweet-smelling fragrance, an acceptable and well-pleasing sacrifice to God."
f0f36c0b-da29-56ac-a9b9-027ab71a8572,9aa8d18d-9aa1-5531-ae0b-3d1f533c3966,,19,19,My God will supply every need of yours according to his riches in glory in Christ Jesus.
798e1afc-56cb-5e1a-a476-639b4ae3c58c,9aa8d18d-9aa1-5531-ae0b-3d1f533c3966,,20,20,Now to our God and Father be the glory forever and ever! Amen.
fbf63cbc-941b-51b3-a7c7-548e0f2f93d5,9aa8d18d-9aa1-5531-ae0b-3d1f533c3966,,21,21,Greet every saint in Christ Jesus. The brothers who are with me greet you.
d52e0869-99a4-5fb5-aa16-95453df0faa0,9aa8d18d-9aa1-5531-ae0b-3d1f533c3966,,22,22,"All the saints greet you, especially those who are of Caesar's household."
2ad9a680-bec4-5cd8-a88c-1e9570c6d23a,9aa8d18d-9aa1-5531-ae0b-3d1f533c3966,,23,23,The grace of the Lord Jesus Christ be with you all. Amen.
c0b3902a-7957-59a5-a5f0-8a73999c1a86,e1c79d44-4ba5-5f90-a989-9ff3400ef712,,1,1,"Paul, an apostle of Christ Jesus through the will of God, and Timothy our brother,"
3adf95d7-9a12-5e7a-a4fc-480c074c6b89,e1c79d44-4ba5-5f90-a989-9ff3400ef712,,2,2,"to the saints and faithful brothers in Christ at Colossae: Grace to you and peace from God our Father, and the Lord Jesus Christ."
f6bd6e88-8984-5707-aa83-7c988bf644f9,e1c79d44-4ba5-5f90-a989-9ff3400ef712,,3,3,"We give thanks to God the Father of our Lord Jesus Christ, praying always for you,"
3cba4066-19d4-59a9-ac64-25a39650b0c2,e1c79d44-4ba5-5f90-a989-9ff3400ef712,,4,4,"having heard of your faith in Christ Jesus, and of the love which you have toward all the saints,"
d42cc99e-5451-535b-a80b-be1a0e90c8f7,e1c79d44-4ba5-5f90-a989-9ff3400ef712,,5,5,"because of the hope which is laid up for you in the heavens, of which you heard before in the word of the truth of the Good News,"
89b1fe9f-68c2-5b7a-ad2c-98dca6d837cc,e1c79d44-4ba5-5f90-a989-9ff3400ef712,,6,6,"which has come to you; even as it is in all the world and is bearing fruit and growing, as it does in you also, since the day you heard and knew the grace of God in truth;"
bb4003e8-8dff-5db8-a566-dacfbcd3b933,e1c79d44-4ba5-5f90-a989-9ff3400ef712,,7,7,"even as you learned of Epaphras our beloved fellow servant, who is a faithful servant of Christ on our behalf,"
5bbddb82-ae98-575e-a64b-b3a2b7e87cf2,e1c79d44-4ba5-5f90-a989-9ff3400ef712,,8,8,who also declared to us your love in the Spirit.
17d1fde1-f488-5187-aa83-c9082792a1a7,e1c79d44-4ba5-5f90-a989-9ff3400ef712,,9,9,"For this cause, we also, since the day we heard this, don't cease praying and making requests for you, that you may be filled with the knowledge of his will in all spiritual wisdom and understanding,"
361f4d89-3f83-5d7a-a695-1b92bb7027e8,e1c79d44-4ba5-5f90-a989-9ff3400ef712,,10,10,"that you may walk worthily of the Lord, to please him in all respects, bearing fruit in every good work, and increasing in the knowledge of God;"
82782828-6c45-5d66-a241-ba188a1ee8be,e1c79d44-4ba5-5f90-a989-9ff3400ef712,,11,11,"strengthened with all power, according to the might of his glory, for all endurance and perseverance with joy;"
04920b12-e844-5d0f-af0b-43e11861ce73,e1c79d44-4ba5-5f90-a989-9ff3400ef712,,12,12,"giving thanks to the Father, who made us fit to be partakers of the inheritance of the saints in light;"
582f5450-16a3-581a-aa70-eacc5a12025f,e1c79d44-4ba5-5f90-a989-9ff3400ef712,,13,13,"who delivered us out of the power of darkness, and translated us into the Kingdom of the Son of his love;"
abec58e5-99f2-5192-a1b3-327710a2ce8b,e1c79d44-4ba5-5f90-a989-9ff3400ef712,,14,14,"in whom we have our redemption, the forgiveness of our sins;"
1244f22e-7635-5834-a731-8a8a3686a0d1,e1c79d44-4ba5-5f90-a989-9ff3400ef712,,15,15,"who is the image of the invisible God, the firstborn of all creation."
e3832037-1ea3-5e82-a807-a98735a24842,e1c79d44-4ba5-5f90-a989-9ff3400ef712,,16,16,"For by him all things were created, in the heavens and on the earth, things visible and things invisible, whether thrones or dominions or principalities or powers; all things have been created through him, and for him."
960c9a05-9925-5649-ab48-9beff9c1eff1,e1c79d44-4ba5-5f90-a989-9ff3400ef712,,17,17,"He is before all things, and in him all things are held together."
27961744-35bf-5392-a3ae-5c0992d92011,e1c79d44-4ba5-5f90-a989-9ff3400ef712,,18,18,"He is the head of the body, the assembly, who is the beginning, the firstborn from the dead; that in all things he might have the preeminence."
b26289e2-d21b-5dd7-a059-c31f16404275,e1c79d44-4ba5-5f90-a989-9ff3400ef712,,19,19,For all the fullness was pleased to dwell in him;
35d61241-e784-5990-a1e7-b6a1c89fdbeb,e1c79d44-4ba5-5f90-a989-9ff3400ef712,,20,20,"and through him to reconcile all things to himself, by him, whether things on the earth, or things in the heavens, having made peace through the blood of his cross."
a7c45d81-7962-5f7f-a9ad-ce686be84e1d,e1c79d44-4ba5-5f90-a989-9ff3400ef712,,21,21,"You, being in past times alienated and enemies in your mind in your evil works,"
155d0b50-43da-5171-ae2a-cc7eea937f74,e1c79d44-4ba5-5f90-a989-9ff3400ef712,,22,22,"yet now he has reconciled in the body of his flesh through death, to present you holy and without blemish and blameless before him,"
9c5071e9-3870-5b89-a732-aeea014f55c1,e1c79d44-4ba5-5f90-a989-9ff3400ef712,,23,23,"if it is so that you continue in the faith, grounded and steadfast, and not moved away from the hope of the Good News which you heard, which is being proclaimed in all creation under heaven; of which I, Paul, was made a servant."
82729fbe-afe5-5602-a40a-3e61d10c4abd,e1c79d44-4ba5-5f90-a989-9ff3400ef712,,24,24,"Now I rejoice in my sufferings for your sake, and fill up on my part that which is lacking of the afflictions of Christ in my flesh for his body's sake, which is the assembly;"
6a293aa0-a614-5ed5-adc0-3d6bd695b952,e1c79d44-4ba5-5f90-a989-9ff3400ef712,,25,25,"of which I was made a servant, according to the stewardship of God which was given me toward you, to fulfill the word of God,"
93833290-1d35-500f-af35-19771b1a88c0,e1c79d44-4ba5-5f90-a989-9ff3400ef712,,26,26,"the mystery which has been hidden for ages and generations. But now it has been revealed to his saints,"
b538ccd2-e894-53d6-ab81-ad572c5de6c5,e1c79d44-4ba5-5f90-a989-9ff3400ef712,,27,27,"to whom God was pleased to make known what are the riches of the glory of this mystery among the Gentiles, which is Christ in you, the hope of glory;"
86ecaed5-9c34-5f55-aa7d-e629925f2e76,e1c79d44-4ba5-5f90-a989-9ff3400ef712,,28,28,"whom we proclaim, admonishing every man and teaching every man in all wisdom, that we may present every man perfect in Christ Jesus;"
e49d0699-f590-595a-ac7c-676341c51810,e1c79d44-4ba5-5f90-a989-9ff3400ef712,,29,29,"for which I also labor, striving according to his working, which works in me mightily."
d638ed91-76dc-5a12-af07-f5799af25d90,0e542757-385a-5035-a4ee-1461b5e62fdc,,1,1,"For I desire to have you know how greatly I struggle for you, and for those at Laodicea, and for as many as have not seen my face in the flesh;"
9c663602-b1c0-5506-a39a-b803a7d8adba,0e542757-385a-5035-a4ee-1461b5e62fdc,,2,2,"that their hearts may be comforted, they being knit together in love, and gaining all riches of the full assurance of understanding, that they may know the mystery of God, both of the Father and of Christ,"
1e0788cd-0743-5775-ac20-f3d7d0ed3a5c,0e542757-385a-5035-a4ee-1461b5e62fdc,,3,3,in whom are all the treasures of wisdom and knowledge hidden.
8b979360-4ebe-546d-a36a-23e3355a9645,0e542757-385a-5035-a4ee-1461b5e62fdc,,4,4,Now this I say that no one may delude you with persuasiveness of speech.
27066b96-1e2c-58dc-aefe-fc91a74682ef,0e542757-385a-5035-a4ee-1461b5e62fdc,,5,5,"For though I am absent in the flesh, yet am I with you in the spirit, rejoicing and seeing your order, and the steadfastness of your faith in Christ."
4fff4991-fe27-56de-aa29-ef0a12116ebe,0e542757-385a-5035-a4ee-1461b5e62fdc,,6,6,"As therefore you received Christ Jesus, the Lord, walk in him,"
073fff1e-3393-5264-a2f4-25227885e2be,0e542757-385a-5035-a4ee-1461b5e62fdc,,7,7,"rooted and built up in him, and established in the faith, even as you were taught, abounding in it in thanksgiving."
f5e746d7-a1c8-5093-a130-5c4ab7f57c6d,0e542757-385a-5035-a4ee-1461b5e62fdc,,8,8,"Be careful that you don't let anyone rob you through his philosophy and vain deceit, after the tradition of men, after the elements of the world, and not after Christ."
12b80a98-e12f-5ff5-ae78-10df118e7606,0e542757-385a-5035-a4ee-1461b5e62fdc,,9,9,"For in him all the fullness of the Godhead dwells bodily,"
e188adf3-fb06-505b-a8c1-b3e2d292b01b,0e542757-385a-5035-a4ee-1461b5e62fdc,,10,10,"and in him you are made full, who is the head of all principality and power;"
641bb10c-014f-5d63-a457-cadffca640f0,0e542757-385a-5035-a4ee-1461b5e62fdc,,11,11,"in whom you were also circumcised with a circumcision not made with hands, in the putting off of the body of the sins of the flesh, in the circumcision of Christ;"
e35ca8cd-42b4-5e3e-a9ed-5e6364c37ddd,0e542757-385a-5035-a4ee-1461b5e62fdc,,12,12,"having been buried with him in baptism, in which you were also raised with him through faith in the working of God, who raised him from the dead."
3af34c07-0715-5774-aaea-bf562ec80c60,0e542757-385a-5035-a4ee-1461b5e62fdc,,13,13,"You were dead through your trespasses and the uncircumcision of your flesh. He made you alive together with him, having forgiven us all our trespasses,"
81ceb359-35f0-5fc9-aa22-c047ba193e1c,0e542757-385a-5035-a4ee-1461b5e62fdc,,14,14,"wiping out the handwriting in ordinances which was against us; and he has taken it out of the way, nailing it to the cross;"
e12656db-77bc-5350-ab12-3bcd34641be1,0e542757-385a-5035-a4ee-1461b5e62fdc,,15,15,"having stripped the principalities and the powers, he made a show of them openly, triumphing over them in it."
b2c2fe97-785e-5c6d-a608-ab67e1a86055,0e542757-385a-5035-a4ee-1461b5e62fdc,,16,16,"Let no one therefore judge you in eating, or in drinking, or with respect to a feast day or a new moon or a Sabbath day,"
f6ed8a22-5d2d-5f97-a63d-e680fddfcea0,0e542757-385a-5035-a4ee-1461b5e62fdc,,17,17,which are a shadow of the things to come; but the body is Christ's.
92eb04ab-e9e9-5b07-ab85-2dd31348183f,0e542757-385a-5035-a4ee-1461b5e62fdc,,18,18,"Let no one rob you of your prize by a voluntary humility and worshipping of the angels, dwelling in the things which he has not seen, vainly puffed up by his fleshly mind,"
8076095b-5260-5832-a059-f26399a6a4b2,0e542757-385a-5035-a4ee-1461b5e62fdc,,19,19,"and not holding firmly to the Head, from whom all the body, being supplied and knit together through the joints and ligaments, grows with God's growth."
78c9be52-d51f-5916-aa19-c84e8300f88e,0e542757-385a-5035-a4ee-1461b5e62fdc,,20,20,"If you died with Christ from the elements of the world, why, as though living in the world, do you subject yourselves to ordinances,"
e2f28b14-6336-5a6f-a87b-03126f47d8b9,0e542757-385a-5035-a4ee-1461b5e62fdc,,21,21,"""Don't handle, nor taste, nor touch"""
1e287fcb-2aa4-5eeb-a8e4-a9330bce567e,0e542757-385a-5035-a4ee-1461b5e62fdc,,22,22,"(all of which perish with use), according to the precepts and doctrines of men?"
c41ef657-67bb-55ec-a439-59a2f849e81b,0e542757-385a-5035-a4ee-1461b5e62fdc,,23,23,"Which things indeed appear like wisdom in self-imposed worship, and humility, and severity to the body; but aren't of any value against the indulgence of the flesh."
f0906e65-42a6-55a5-a740-fd6bc8cb13f8,93953ed6-f245-5377-a78c-7e95904bcad2,,1,1,"If then you were raised together with Christ, seek the things that are above, where Christ is, seated on the right hand of God."
b7ebef4f-f6ab-5518-a519-f1f9d96e14df,93953ed6-f245-5377-a78c-7e95904bcad2,,2,2,"Set your mind on the things that are above, not on the things that are on the earth."
bbcac574-ac87-564a-a07f-6a621e93c07e,93953ed6-f245-5377-a78c-7e95904bcad2,,3,3,"For you died, and your life is hidden with Christ in God."
814c0b4f-2e92-5992-a344-72be516abe54,93953ed6-f245-5377-a78c-7e95904bcad2,,4,4,"When Christ, our life, is revealed, then you will also be revealed with him in glory."
e4988a96-efa1-53e6-abd6-55127af724d6,93953ed6-f245-5377-a78c-7e95904bcad2,,5,5,"Put to death therefore your members which are on the earth: sexual immorality, uncleanness, depraved passion, evil desire, and covetousness, which is idolatry;"
ba924a94-bbdd-5647-a4a4-a5b5828a93f1,93953ed6-f245-5377-a78c-7e95904bcad2,,6,6,for which things' sake the wrath of God comes on the children of disobedience.
0d8ad8fa-3b84-50a3-ac82-70e52500bc2b,93953ed6-f245-5377-a78c-7e95904bcad2,,7,7,"You also once walked in those, when you lived in them;"
acdbdf3d-3515-55c6-a1fe-a1b5ba78f27d,93953ed6-f245-5377-a78c-7e95904bcad2,,8,8,"but now you also put them all away: anger, wrath, malice, slander, and shameful speaking out of your mouth."
64d0e479-0c3a-5f38-a2d6-fc81f5af5dcc,93953ed6-f245-5377-a78c-7e95904bcad2,,9,9,"Don't lie to one another, seeing that you have put off the old man with his doings,"
d5261b14-006b-5a57-a6bc-e2660f4b2643,93953ed6-f245-5377-a78c-7e95904bcad2,,10,10,"and have put on the new man, who is being renewed in knowledge after the image of his Creator,"
7ad1a3be-de44-5590-a5e3-2c910aa06fc5,93953ed6-f245-5377-a78c-7e95904bcad2,,11,11,"where there can't be Greek and Jew, circumcision and uncircumcision, barbarian, Scythian, bondservant, freeman; but Christ is all, and in all."
e4793393-e5cf-5c27-a2f2-2fe61dc8a45b,93953ed6-f245-5377-a78c-7e95904bcad2,,12,12,"Put on therefore, as God's chosen ones, holy and beloved, a heart of compassion, kindness, lowliness, humility, and perseverance;"
61afe056-d4d3-5f76-abf2-ec5537b626bf,93953ed6-f245-5377-a78c-7e95904bcad2,,13,13,"bearing with one another, and forgiving each other, if any man has a complaint against any; even as Christ forgave you, so you also do."
81924650-5825-510f-a97b-6c2ec92d2024,93953ed6-f245-5377-a78c-7e95904bcad2,,14,14,"Above all these things, walk in love, which is the bond of perfection."
3210164c-84d5-5f97-ad63-aa14acd56a7f,93953ed6-f245-5377-a78c-7e95904bcad2,,15,15,"And let the peace of God rule in your hearts, to which also you were called in one body; and be thankful."
edfa2f45-830f-500f-ad2b-4c4c08cfcac6,93953ed6-f245-5377-a78c-7e95904bcad2,,16,16,"Let the word of Christ dwell in you richly; in all wisdom teaching and admonishing one another with psalms, hymns, and spiritual songs, singing with grace in your heart to the Lord."
c6f6ad79-0dec-5576-aa6f-7972737facc8,93953ed6-f245-5377-a78c-7e95904bcad2,,17,17,"Whatever you do, in word or in deed, do all in the name of the Lord Jesus, giving thanks to God the Father, through him."
d9fcdc00-ecb6-55ff-a9e3-bc26fba6a0f8,93953ed6-f245-5377-a78c-7e95904bcad2,,18,18,"Wives, be in subjection to your husbands, as is fitting in the Lord."
3056991e-1544-5d9a-ad64-d1bef5965a66,93953ed6-f245-5377-a78c-7e95904bcad2,,19,19,"Husbands, love your wives, and don't be bitter against them."
8c62ac04-149c-509f-a4fd-a24a97eeb020,93953ed6-f245-5377-a78c-7e95904bcad2,,20,20,"Children, obey your parents in all things, for this pleases the Lord."
49fc19d5-84cd-5c02-a711-9f4c93c562f2,93953ed6-f245-5377-a78c-7e95904bcad2,,21,21,"Fathers, don't provoke your children, so that they won't be discouraged."
8e18180c-ff10-54f0-ae62-62a966e6e93a,93953ed6-f245-5377-a78c-7e95904bcad2,,22,22,"Servants, obey in all things those who are your masters according to the flesh, not just when they are looking, as men pleasers, but in singleness of heart, fearing God."
57ba85ca-4b08-5947-a3b2-0a39e7002be9,93953ed6-f245-5377-a78c-7e95904bcad2,,23,23,"And whatever you do, work heartily, as for the Lord, and not for men,"
2908900b-d215-56fb-a089-109ce8db6594,93953ed6-f245-5377-a78c-7e95904bcad2,,24,24,knowing that from the Lord you will receive the reward of the inheritance; for you serve the Lord Christ.
9e567877-09b5-5e3b-a2bf-b79c13b97721,93953ed6-f245-5377-a78c-7e95904bcad2,,25,25,"But he who does wrong will receive again for the wrong that he has done, and there is no partiality."
804860f9-fec0-5bdf-aa08-ac9e1ed813cc,c3d4c790-7c8d-54ad-a786-bed6a9a66bda,,1,1,"Masters, give to your servants that which is just and equal, knowing that you also have a Master in heaven."
63453d0a-a232-5a22-afc2-6bb967c6a650,c3d4c790-7c8d-54ad-a786-bed6a9a66bda,,2,2,"Continue steadfastly in prayer, watching therein with thanksgiving;"
c7f5987e-90f1-5f7a-afd6-8202fab8c2cc,c3d4c790-7c8d-54ad-a786-bed6a9a66bda,,3,3,"praying together for us also, that God may open to us a door for the word, to speak the mystery of Christ, for which I am also in bonds;"
4d91233b-764a-53a8-a329-12f724e9ebfe,c3d4c790-7c8d-54ad-a786-bed6a9a66bda,,4,4,that I may reveal it as I ought to speak.
465e8854-f816-5378-ac19-199de52f7f20,c3d4c790-7c8d-54ad-a786-bed6a9a66bda,,5,5,"Walk in wisdom toward those who are outside, redeeming the time."
22c3c5db-949b-512c-a7cc-a2563e3a4d16,c3d4c790-7c8d-54ad-a786-bed6a9a66bda,,6,6,"Let your speech always be with grace, seasoned with salt, that you may know how you ought to answer each one."
d7c19a90-1c02-5951-a51a-89fe55e589bf,c3d4c790-7c8d-54ad-a786-bed6a9a66bda,,7,7,"All my affairs will be made known to you by Tychicus, the beloved brother, faithful servant, and fellow bondservant in the Lord."
c5b318be-5557-505f-a9e4-aa2c89fe9705,c3d4c790-7c8d-54ad-a786-bed6a9a66bda,,8,8,"I am sending him to you for this very purpose, that he may know your circumstances and comfort your hearts,"
c97afe58-d486-57c6-ab0f-bb58b65e10c1,c3d4c790-7c8d-54ad-a786-bed6a9a66bda,,9,9,"together with Onesimus, the faithful and beloved brother, who is one of you. They will make known to you everything that is going on here."
b2096113-8f79-576e-ada5-5a1cfd4d3bce,c3d4c790-7c8d-54ad-a786-bed6a9a66bda,,10,10,"Aristarchus, my fellow prisoner, greets you, and Mark, the cousin of Barnabas (concerning whom you received commandments, ""if he comes to you, receive him""),"
3a048b52-4533-5331-a89f-0e02de807ee6,c3d4c790-7c8d-54ad-a786-bed6a9a66bda,,11,11,"and Jesus who is called Justus. These are my only fellow workers for the Kingdom of God who are of the circumcision, men who have been a comfort to me."
58a7e7f7-7981-5ab6-ac95-caf285325edc,c3d4c790-7c8d-54ad-a786-bed6a9a66bda,,12,12,"Epaphras, who is one of you, a servant of Christ, salutes you, always striving for you in his prayers, that you may stand perfect and complete in all the will of God."
6f27d2ac-f691-576a-aa62-d219f484edce,c3d4c790-7c8d-54ad-a786-bed6a9a66bda,,13,13,"For I testify about him, that he has great zeal for you, and for those in Laodicea, and for those in Hierapolis."
3e73b09e-4820-502a-a4e8-b3e484038fe9,c3d4c790-7c8d-54ad-a786-bed6a9a66bda,,14,14,"Luke, the beloved physician, and Demas greet you."
337c212b-b97b-5e67-a7cd-ef73d9a4d04b,c3d4c790-7c8d-54ad-a786-bed6a9a66bda,,15,15,"Greet the brothers who are in Laodicea, and Nymphas, and the assembly that is in his house."
b994a092-f696-5e5e-a83d-465553d04714,c3d4c790-7c8d-54ad-a786-bed6a9a66bda,,16,16,"When this letter has been read among you, cause it to be read also in the assembly of the Laodiceans; and that you also read the letter from Laodicea."
477f268a-bcf0-577d-a462-6ed786cd7d6a,c3d4c790-7c8d-54ad-a786-bed6a9a66bda,,17,17,"Tell Archippus, ""Take heed to the ministry which you have received in the Lord, that you fulfill it."""
27903afe-67c3-521d-a532-f0133fa0cac9,c3d4c790-7c8d-54ad-a786-bed6a9a66bda,,18,18,"The salutation of me, Paul, with my own hand: remember my bonds. Grace be with you. Amen."
c4a9d27d-4e94-581f-a811-4f9a5d2c1766,f06b3940-e878-5f5a-a868-1ceff30053b4,,1,1,"Paul, Silvanus, and Timothy, to the assembly of the Thessalonians in God the Father and the Lord Jesus Christ: Grace to you and peace from God our Father and the Lord Jesus Christ."
3c19d078-e455-54e4-a3fe-df1f63f4eb15,f06b3940-e878-5f5a-a868-1ceff30053b4,,2,2,"We always give thanks to God for all of you, mentioning you in our prayers,"
bbf8091b-39ba-59cc-ae0a-758b2ec29173,f06b3940-e878-5f5a-a868-1ceff30053b4,,3,3,"remembering without ceasing your work of faith and labor of love and patience of hope in our Lord Jesus Christ, before our God and Father."
0ff514aa-26ca-5c17-a874-b597644b7673,f06b3940-e878-5f5a-a868-1ceff30053b4,,4,4,"We know, brothers loved by God, that you are chosen,"
756b8618-26e8-5879-ad65-1e3553500630,f06b3940-e878-5f5a-a868-1ceff30053b4,,5,5,"and that our Good News came to you not in word only, but also in power, and in the Holy Spirit, and with much assurance. You know what kind of men we showed ourselves to be among you for your sake."
ffed2109-1361-53a5-a5f3-c168d2c6730e,f06b3940-e878-5f5a-a868-1ceff30053b4,,6,6,"You became imitators of us, and of the Lord, having received the word in much affliction, with joy of the Holy Spirit,"
299a57c6-192d-597d-aa0c-4eb845d68716,f06b3940-e878-5f5a-a868-1ceff30053b4,,7,7,so that you became an example to all who believe in Macedonia and in Achaia.
773b73d1-f1f8-51d9-ab4c-4e82b2ffe3a8,f06b3940-e878-5f5a-a868-1ceff30053b4,,8,8,"For from you the word of the Lord has been declared, not only in Macedonia and Achaia, but also in every place your faith toward God has gone out; so that we need not to say anything."
e9b7e795-cb78-506f-a010-451d5863a583,f06b3940-e878-5f5a-a868-1ceff30053b4,,9,9,"For they themselves report concerning us what kind of a reception we had from you; and how you turned to God from idols, to serve a living and true God,"
ea5be3d3-ad09-53ed-aa81-57dabab92f72,f06b3940-e878-5f5a-a868-1ceff30053b4,,10,10,"and to wait for his Son from heaven, whom he raised from the dead--Jesus, who delivers us from the wrath to come."
a8b4a075-ae8d-5e69-a6b3-55fc46ec3bab,a11d87f3-989f-5c25-a44b-625671c129c4,,1,1,"For you yourselves know, brothers, our visit to you wasn't in vain,"
65bf5430-7f48-519b-afff-2761811aeb7e,a11d87f3-989f-5c25-a44b-625671c129c4,,2,2,"but having suffered before and been shamefully treated, as you know, at Philippi, we grew bold in our God to tell you the Good News of God in much conflict."
01a06d8d-606f-5d9b-a8e1-041fd6c13b3a,a11d87f3-989f-5c25-a44b-625671c129c4,,3,3,"For our exhortation is not of error, nor of uncleanness, nor in deception."
00842c6c-5f89-5e16-ae79-331a2983127a,a11d87f3-989f-5c25-a44b-625671c129c4,,4,4,"But even as we have been approved by God to be entrusted with the Good News, so we speak; not as pleasing men, but God, who tests our hearts."
fea9e27d-f912-5f3f-aa8f-c5e0de787069,a11d87f3-989f-5c25-a44b-625671c129c4,,5,5,"For neither were we at any time found using words of flattery, as you know, nor a cloak of covetousness (God is witness),"
0fa4f6f8-0b3f-56cc-a024-b544fd39f829,a11d87f3-989f-5c25-a44b-625671c129c4,,6,6,"nor seeking glory from men (neither from you nor from others), when we might have claimed authority as apostles of Christ."
93f31504-841a-5a92-afaa-a829b17b43ab,a11d87f3-989f-5c25-a44b-625671c129c4,,7,7,"But we were gentle among you, like a nursing mother cherishes her own children."
5dcf018b-d163-5661-a4e7-ca5722426bd8,a11d87f3-989f-5c25-a44b-625671c129c4,,8,8,"Even so, affectionately longing for you, we were well pleased to impart to you, not the Good News of God only, but also our own souls, because you had become very dear to us."
186e0f9e-b3b5-561f-a5a0-879d864ebaf8,a11d87f3-989f-5c25-a44b-625671c129c4,,9,9,"For you remember, brothers, our labor and travail; for working night and day, that we might not burden any of you, we preached to you the Good News of God."
0d7535ab-d146-592f-a733-101b1faeb56e,a11d87f3-989f-5c25-a44b-625671c129c4,,10,10,"You are witnesses with God, how holy, righteously, and blamelessly we behaved ourselves toward you who believe."
52e7f552-f4cd-5a61-a89a-a18cac77cb14,a11d87f3-989f-5c25-a44b-625671c129c4,,11,11,"As you know, we exhorted, comforted, and implored every one of you, as a father does his own children,"
1cec64f4-5988-5798-a77e-15116169b6ea,a11d87f3-989f-5c25-a44b-625671c129c4,,12,12,"to the end that you should walk worthily of God, who calls you into his own Kingdom and glory."
12071dec-51bb-596c-a3bb-dc797c554be7,a11d87f3-989f-5c25-a44b-625671c129c4,,13,13,"For this cause we also thank God without ceasing, that, when you received from us the word of the message of God, you accepted it not as the word of men, but, as it is in truth, the word of God, which also works in you who believe."
cfffbbd3-1a7a-56d3-ad4a-825caa4e5dd5,a11d87f3-989f-5c25-a44b-625671c129c4,,14,14,"For you, brothers, became imitators of the assemblies of God which are in Judea in Christ Jesus; for you also suffered the same things from your own countrymen, even as they did from the Jews;"
d6b5df99-3341-51dd-a438-355899a28fdd,a11d87f3-989f-5c25-a44b-625671c129c4,,15,15,"who killed both the Lord Jesus and their own prophets, and drove us out, and didn't please God, and are contrary to all men;"
4ce9d48e-442b-59b3-aa8c-f34bd150b5ee,a11d87f3-989f-5c25-a44b-625671c129c4,,16,16,forbidding us to speak to the Gentiles that they may be saved; to fill up their sins always. But wrath has come on them to the uttermost.
8b8fee4f-8592-5c43-ae41-c3e245bd0a42,a11d87f3-989f-5c25-a44b-625671c129c4,,17,17,"But we, brothers, being bereaved of you for a short season, in presence, not in heart, tried even harder to see your face with great desire,"
59090f08-a06f-5041-aa0a-cb8c28456041,a11d87f3-989f-5c25-a44b-625671c129c4,,18,18,"because we wanted to come to you--indeed, I, Paul, once and again--but Satan hindered us."
5ee51508-a1cd-5fcb-a5ae-09b60b752273,a11d87f3-989f-5c25-a44b-625671c129c4,,19,19,"For what is our hope, or joy, or crown of rejoicing? Isn't it even you, before our Lord Jesus at his coming?"
208618b6-b16d-5382-a694-bbb7df85e218,a11d87f3-989f-5c25-a44b-625671c129c4,,20,20,For you are our glory and our joy.
e8c7ecf2-c373-553d-a55d-b273a78f64ca,aea18955-fcc4-59c3-ac19-70be93273b8a,,1,1,"Therefore, when we couldn't stand it any longer, we thought it good to be left behind at Athens alone,"
da383f8f-8751-5975-a1b7-4cad28659d40,aea18955-fcc4-59c3-ac19-70be93273b8a,,2,2,"and sent Timothy, our brother and God's servant in the Good News of Christ, to establish you, and to comfort you concerning your faith;"
064497ac-23af-5ebd-a163-b660d79cb55b,aea18955-fcc4-59c3-ac19-70be93273b8a,,3,3,that no one be moved by these afflictions. For you know that we are appointed to this task.
7908922c-7046-596d-ab49-a17547beca84,aea18955-fcc4-59c3-ac19-70be93273b8a,,4,4,"For most certainly, when we were with you, we told you beforehand that we are to suffer affliction, even as it happened, and you know."
dc61dba1-156b-5c2b-ae67-70221d857555,aea18955-fcc4-59c3-ac19-70be93273b8a,,5,5,"For this cause I also, when I couldn't stand it any longer, sent that I might know your faith, for fear that by any means the tempter had tempted you, and our labor would have been in vain."
d2d5e627-5ec6-5dca-aa02-9b38715a4f89,aea18955-fcc4-59c3-ac19-70be93273b8a,,6,6,"But when Timothy came just now to us from you, and brought us glad news of your faith and love, and that you have good memories of us always, longing to see us, even as we also long to see you;"
c7d9acc7-f401-5121-a7f9-6b45f5b21176,aea18955-fcc4-59c3-ac19-70be93273b8a,,7,7,"for this cause, brothers, we were comforted over you in all our distress and affliction through your faith."
bd147197-a617-5663-a697-a4530e0014ef,aea18955-fcc4-59c3-ac19-70be93273b8a,,8,8,"For now we live, if you stand fast in the Lord."
0d5c9f35-2e14-5035-a37e-6e10759adda5,aea18955-fcc4-59c3-ac19-70be93273b8a,,9,9,"For what thanksgiving can we render again to God for you, for all the joy with which we rejoice for your sakes before our God;"
6b044692-89cb-562d-ab63-ab2f367e641a,aea18955-fcc4-59c3-ac19-70be93273b8a,,10,10,"night and day praying exceedingly that we may see your face, and may perfect that which is lacking in your faith?"
f247d8f4-cbda-56e4-a006-1d0b392b4548,aea18955-fcc4-59c3-ac19-70be93273b8a,,11,11,"Now may our God and Father himself, and our Lord Jesus Christ, direct our way to you;"
3c7bac08-5f90-5f0b-a412-c8c9f803d51c,aea18955-fcc4-59c3-ac19-70be93273b8a,,12,12,"and the Lord make you to increase and abound in love one toward another, and toward all men, even as we also do toward you,"
625eee2d-877c-5125-a51d-8c73a4a2ab4c,aea18955-fcc4-59c3-ac19-70be93273b8a,,13,13,"to the end he may establish your hearts blameless in holiness before our God and Father, at the coming of our Lord Jesus with all his saints."
2bc68c72-65f9-56f4-ae69-df940d76740d,8fd14c51-a46e-5766-a2e2-a356880b5321,,1,1,"Finally then, brothers, we beg and exhort you in the Lord Jesus, that as you received from us how you ought to walk and to please God, that you abound more and more."
b9ff3e1c-f043-5c96-a15a-bc27050e9735,8fd14c51-a46e-5766-a2e2-a356880b5321,,2,2,For you know what instructions we gave you through the Lord Jesus.
e9d95ee9-1700-5ab5-a686-8b259b6572fd,8fd14c51-a46e-5766-a2e2-a356880b5321,,3,3,"For this is the will of God: your sanctification, that you abstain from sexual immorality,"
ba7421b4-daf9-5516-aebf-3df031051404,8fd14c51-a46e-5766-a2e2-a356880b5321,,4,4,"that each one of you know how to possess himself of his own vessel in sanctification and honor,"
3d51f41d-1553-573f-ab85-4e5b479998c4,8fd14c51-a46e-5766-a2e2-a356880b5321,,5,5,"not in the passion of lust, even as the Gentiles who don't know God;"
f0b9cd9c-bda6-5948-a25b-a1c466f053c9,8fd14c51-a46e-5766-a2e2-a356880b5321,,6,6,"that no one should take advantage of and wrong a brother or sister in this matter; because the Lord is an avenger in all these things, as also we forewarned you and testified."
290a4244-10f2-5bd7-aea4-881c11757a74,8fd14c51-a46e-5766-a2e2-a356880b5321,,7,7,"For God called us not for uncleanness, but in sanctification."
2655076f-2eb0-5838-a563-5b37cfcab07d,8fd14c51-a46e-5766-a2e2-a356880b5321,,8,8,"Therefore he who rejects this doesn't reject man, but God, who has also given his Holy Spirit to you."
e35f6aed-bc66-5c71-a276-591d614da147,8fd14c51-a46e-5766-a2e2-a356880b5321,,9,9,"But concerning brotherly love, you have no need that one write to you. For you yourselves are taught by God to love one another,"
1f2c2393-d52b-50af-aa63-bbb8ef4b94f0,8fd14c51-a46e-5766-a2e2-a356880b5321,,10,10,"for indeed you do it toward all the brothers who are in all Macedonia. But we exhort you, brothers, that you abound more and more;"
28a337ed-4a77-5560-ab67-2fdf250df06b,8fd14c51-a46e-5766-a2e2-a356880b5321,,11,11,"and that you make it your ambition to lead a quiet life, and to do your own business, and to work with your own hands, even as we instructed you;"
c9e320e0-2bb4-599e-a9b4-534be53f759a,8fd14c51-a46e-5766-a2e2-a356880b5321,,12,12,"that you may walk properly toward those who are outside, and may have need of nothing."
be8c50ed-53e2-5f1e-a717-490835a98d91,8fd14c51-a46e-5766-a2e2-a356880b5321,,13,13,"But we don't want you to be ignorant, brothers, concerning those who have fallen asleep, so that you don't grieve like the rest, who have no hope."
380bbf5c-462c-5b44-a4b0-57e11391d6d3,8fd14c51-a46e-5766-a2e2-a356880b5321,,14,14,"For if we believe that Jesus died and rose again, even so God will bring with him those who have fallen asleep in Jesus."
dc498b8c-725e-5317-ab75-7dbb79793b76,8fd14c51-a46e-5766-a2e2-a356880b5321,,15,15,"For this we tell you by the word of the Lord, that we who are alive, who are left to the coming of the Lord, will in no way precede those who have fallen asleep."
85c48364-82ae-5ce7-abcc-674011befeed,8fd14c51-a46e-5766-a2e2-a356880b5321,,16,16,"For the Lord himself will descend from heaven with a shout, with the voice of the archangel, and with God's trumpet. The dead in Christ will rise first,"
60aa6f31-25a1-542f-a349-14b595fa754b,8fd14c51-a46e-5766-a2e2-a356880b5321,,17,17,"then we who are alive, who are left, will be caught up together with them in the clouds, to meet the Lord in the air. So we will be with the Lord forever."
53385371-7916-5b50-aa6e-6d6de3f8208f,8fd14c51-a46e-5766-a2e2-a356880b5321,,18,18,Therefore comfort one another with these words.
da6d3c16-e175-587a-a7e1-5cf9ccc40f2f,ba756015-ae45-5e94-a7ec-5dceb38b3947,,1,1,"But concerning the times and the seasons, brothers, you have no need that anything be written to you."
e2984400-87ce-5976-a30a-20178e89879b,ba756015-ae45-5e94-a7ec-5dceb38b3947,,2,2,For you yourselves know well that the day of the Lord comes like a thief in the night.
593d04d3-cd2e-5e96-a3f1-b6e97517138a,ba756015-ae45-5e94-a7ec-5dceb38b3947,,3,3,"For when they are saying, ""Peace and safety,"" then sudden destruction will come on them, like birth pains on a pregnant woman; and they will in no way escape."
eacaf5ec-01f9-5c8c-ad0e-b619badce476,ba756015-ae45-5e94-a7ec-5dceb38b3947,,4,4,"But you, brothers, aren't in darkness, that the day should overtake you like a thief."
dcdb4509-9c3f-5483-a2ba-ee4523450df2,ba756015-ae45-5e94-a7ec-5dceb38b3947,,5,5,"You are all children of light, and children of the day. We don't belong to the night, nor to darkness,"
1506686e-b26b-5084-ab3f-5b6e5307f95a,ba756015-ae45-5e94-a7ec-5dceb38b3947,,6,6,"so then let's not sleep, as the rest do, but let's watch and be sober."
107e57d6-cce4-5aa6-a519-e18bf7d6afb3,ba756015-ae45-5e94-a7ec-5dceb38b3947,,7,7,"For those who sleep, sleep in the night, and those who are drunk are drunk in the night."
5bb6658c-fa01-5122-a9fb-3f036218e876,ba756015-ae45-5e94-a7ec-5dceb38b3947,,8,8,"But let us, since we belong to the day, be sober, putting on the breastplate of faith and love, and, for a helmet, the hope of salvation."
a247d2d7-90eb-5a9a-a538-e565adbae93d,ba756015-ae45-5e94-a7ec-5dceb38b3947,,9,9,"For God didn't appoint us to wrath, but to the obtaining of salvation through our Lord Jesus Christ,"
77f8ded8-f633-5ce2-a822-f9ef3901f8e5,ba756015-ae45-5e94-a7ec-5dceb38b3947,,10,10,"who died for us, that, whether we wake or sleep, we should live together with him."
0ab339ce-005f-523b-aace-c86c5a7e34da,ba756015-ae45-5e94-a7ec-5dceb38b3947,,11,11,"Therefore exhort one another, and build each other up, even as you also do."
adddca93-f0b3-5ab9-a1e9-3edcb2d7a957,ba756015-ae45-5e94-a7ec-5dceb38b3947,,12,12,"But we beg you, brothers, to know those who labor among you, and are over you in the Lord, and admonish you,"
eccf402e-60b9-5610-a010-d1478d17bab0,ba756015-ae45-5e94-a7ec-5dceb38b3947,,13,13,and to respect and honor them in love for their work's sake. Be at peace among yourselves.
17d139ec-3eb7-554f-af79-a3306d5a63b5,ba756015-ae45-5e94-a7ec-5dceb38b3947,,14,14,"We exhort you, brothers, admonish the disorderly, encourage the fainthearted, support the weak, be patient toward all."
8449aa5e-bba1-5787-a452-121bb8fb68fa,ba756015-ae45-5e94-a7ec-5dceb38b3947,,15,15,"See that no one returns evil for evil to anyone, but always follow after that which is good, for one another, and for all."
44d4c9dc-76e3-5429-a948-62e05867c2f1,ba756015-ae45-5e94-a7ec-5dceb38b3947,,16,16,Rejoice always.
67b43fab-3056-56b8-a6d1-12a613e2df98,ba756015-ae45-5e94-a7ec-5dceb38b3947,,17,17,Pray without ceasing.
5f351434-0c06-53ae-ab00-5b4d77aea1dc,ba756015-ae45-5e94-a7ec-5dceb38b3947,,18,18,"In everything give thanks, for this is the will of God in Christ Jesus toward you."
4cde01f2-4b71-53a5-accc-0ed79e6ab7d3,ba756015-ae45-5e94-a7ec-5dceb38b3947,,19,19,Don't quench the Spirit.
dd89a052-cb35-5d58-a8a6-e3a915dd745b,ba756015-ae45-5e94-a7ec-5dceb38b3947,,20,20,Don't despise prophesies.
01849c4e-6648-5037-a47c-842fa58359c4,ba756015-ae45-5e94-a7ec-5dceb38b3947,,21,21,"Test all things, and hold firmly that which is good."
8477a6c1-753b-5313-a0fe-69b122008008,ba756015-ae45-5e94-a7ec-5dceb38b3947,,22,22,Abstain from every form of evil.
5c204f2b-4b23-5b73-a2cd-5d7a3bccc659,ba756015-ae45-5e94-a7ec-5dceb38b3947,,23,23,"May the God of peace himself sanctify you completely. May your whole spirit, soul, and body be preserved blameless at the coming of our Lord Jesus Christ."
d2d89caf-7926-5f19-a7a8-c954d77f8cc9,ba756015-ae45-5e94-a7ec-5dceb38b3947,,24,24,"He who calls you is faithful, who will also do it."
b6363fb3-cf3d-5101-a99d-fe70507eea1b,ba756015-ae45-5e94-a7ec-5dceb38b3947,,25,25,"Brothers, pray for us."
7483ffba-5012-5479-a7f0-5383458e0960,ba756015-ae45-5e94-a7ec-5dceb38b3947,,26,26,Greet all the brothers with a holy kiss.
9489b5eb-787e-5976-afbf-b1895cb2f2ca,ba756015-ae45-5e94-a7ec-5dceb38b3947,,27,27,I solemnly command you by the Lord that this letter be read to all the holy brothers.
3dfd1d92-2845-52d9-ab2d-cbb650ec4932,ba756015-ae45-5e94-a7ec-5dceb38b3947,,28,28,The grace of our Lord Jesus Christ be with you. Amen.
6c5024e1-65eb-5d20-a1ec-fdae5cad3281,8c4f52c5-1266-5156-a171-f7ea85e0c452,,1,1,"Paul, Silvanus, and Timothy, to the assembly of the Thessalonians in God our Father, and the Lord Jesus Christ:"
3d1988b9-7110-5fcf-a473-929b6f0fefcb,8c4f52c5-1266-5156-a171-f7ea85e0c452,,2,2,Grace to you and peace from God our Father and the Lord Jesus Christ.
6328968c-24c0-5055-a163-40211d303b52,8c4f52c5-1266-5156-a171-f7ea85e0c452,,3,3,"We are bound to always give thanks to God for you, brothers, even as it is appropriate, because your faith grows exceedingly, and the love of each and every one of you towards one another abounds;"
53d0eba6-a0e6-5780-a3fb-da998bfa8d93,8c4f52c5-1266-5156-a171-f7ea85e0c452,,4,4,so that we ourselves boast about you in the assemblies of God for your patience and faith in all your persecutions and in the afflictions which you endure.
356a0e7a-16ac-5c76-a51b-19a88afd08e0,8c4f52c5-1266-5156-a171-f7ea85e0c452,,5,5,"This is an obvious sign of the righteous judgment of God, to the end that you may be counted worthy of the Kingdom of God, for which you also suffer."
d93084ce-1068-5ed6-a770-db7df76ddcd2,8c4f52c5-1266-5156-a171-f7ea85e0c452,,6,6,"Since it is a righteous thing with God to repay affliction to those who afflict you,"
6a94ab0f-981c-58c3-a67e-5398e47a4770,8c4f52c5-1266-5156-a171-f7ea85e0c452,,7,7,"and to give relief to you who are afflicted with us, when the Lord Jesus is revealed from heaven with his mighty angels in flaming fire,"
4161f36e-2d57-5797-a57d-6a3f058e8142,8c4f52c5-1266-5156-a171-f7ea85e0c452,,8,8,"giving vengeance to those who don't know God, and to those who don't obey the Good News of our Lord Jesus,"
d6d4be36-dc5f-5005-a8d0-6fdb669fca43,8c4f52c5-1266-5156-a171-f7ea85e0c452,,9,9,"who will pay the penalty: eternal destruction from the face of the Lord and from the glory of his might,"
b841889b-2f13-5565-a8fa-d6d3d178b7dd,8c4f52c5-1266-5156-a171-f7ea85e0c452,,10,10,"when he comes to be glorified in his saints, and to be admired among all those who have believed (because our testimony to you was believed) in that day."
e7ab683a-ebf6-5120-a30d-3e97a8db0634,8c4f52c5-1266-5156-a171-f7ea85e0c452,,11,11,"To this end we also pray always for you, that our God may count you worthy of your calling, and fulfill every desire of goodness and work of faith, with power;"
fa19ff96-d2e4-54a9-ac92-f2684f64c144,8c4f52c5-1266-5156-a171-f7ea85e0c452,,12,12,"that the name of our Lord Jesus may be glorified in you, and you in him, according to the grace of our God and the Lord Jesus Christ."
1110e954-b91e-5dd1-a384-6021624bc19d,45bcd308-19a6-56ea-abcc-7a2565da3439,,1,1,"Now, brothers, concerning the coming of our Lord Jesus Christ, and our gathering together to him, we ask you"
8a35baf7-db8f-5363-ae6c-893297f68350,45bcd308-19a6-56ea-abcc-7a2565da3439,,2,2,"not to be quickly shaken in your mind, nor yet be troubled, either by spirit, or by word, or by letter as from us, saying that the day of Christ had come."
353121a0-1236-5449-a1ab-1f4104059eec,45bcd308-19a6-56ea-abcc-7a2565da3439,,3,3,"Let no one deceive you in any way. For it will not be, unless the departure comes first, and the man of sin is revealed, the son of destruction,"
d4c5d259-0460-5428-a347-9664cc113940,45bcd308-19a6-56ea-abcc-7a2565da3439,,4,4,"he who opposes and exalts himself against all that is called God or that is worshiped; so that he sits as God in the temple of God, setting himself up as God."
ad327d06-4f3e-5443-a97b-c1abded5ea8d,45bcd308-19a6-56ea-abcc-7a2565da3439,,5,5,"Don't you remember that, when I was still with you, I told you these things?"
fdc3e819-4a3b-542d-ae41-d38808092deb,45bcd308-19a6-56ea-abcc-7a2565da3439,,6,6,"Now you know what is restraining him, to the end that he may be revealed in his own season."
37043dd0-bd27-5258-a044-8cf47ccc6232,45bcd308-19a6-56ea-abcc-7a2565da3439,,7,7,"For the mystery of lawlessness already works. Only there is one who restrains now, until he is taken out of the way."
53ec5a62-1cce-57c0-a061-684bb8411014,45bcd308-19a6-56ea-abcc-7a2565da3439,,8,8,"Then the lawless one will be revealed, whom the Lord will kill with the breath of his mouth, and destroy by the manifestation of his coming;"
521ddf31-327e-5a8c-abb5-6b5f432d99fc,45bcd308-19a6-56ea-abcc-7a2565da3439,,9,9,"even he whose coming is according to the working of Satan with all power and signs and lying wonders,"
23cc35d5-2f38-5e6a-a788-cca664f2e101,45bcd308-19a6-56ea-abcc-7a2565da3439,,10,10,"and with all deception of wickedness for those who are being lost, because they didn't receive the love of the truth, that they might be saved."
8daf588a-ce59-5b99-a256-b0c3131643e0,45bcd308-19a6-56ea-abcc-7a2565da3439,,11,11,"Because of this, God sends them a working of error, that they should believe a lie;"
c35e8a65-2ed4-5df1-a793-333d945df53e,45bcd308-19a6-56ea-abcc-7a2565da3439,,12,12,"that they all might be judged who didn't believe the truth, but had pleasure in unrighteousness."
f2ee168e-15b3-53b6-aec6-6d1dadc161a4,45bcd308-19a6-56ea-abcc-7a2565da3439,,13,13,"But we are bound to always give thanks to God for you, brothers loved by the Lord, because God chose you from the beginning for salvation through sanctification of the Spirit and belief in the truth;"
56736955-b410-5be7-a4d6-c644d01c2a4d,45bcd308-19a6-56ea-abcc-7a2565da3439,,14,14,"to which he called you through our Good News, for the obtaining of the glory of our Lord Jesus Christ."
f3daef72-a587-574b-a7ad-950cc943825f,45bcd308-19a6-56ea-abcc-7a2565da3439,,15,15,"So then, brothers, stand firm, and hold the traditions which you were taught by us, whether by word, or by letter."
25e33a3f-4370-5db3-ac1a-589aa5fe6cb1,45bcd308-19a6-56ea-abcc-7a2565da3439,,16,16,"Now our Lord Jesus Christ himself, and God our Father, who loved us and gave us eternal comfort and good hope through grace,"
72375adc-0be1-5f85-ad91-98957f716c28,45bcd308-19a6-56ea-abcc-7a2565da3439,,17,17,comfort your hearts and establish you in every good work and word.
2c891802-6326-53e5-a316-ce1c5a70f06c,1347c2db-7a5a-5cab-a19c-95b99bf69f2b,,1,1,"Finally, brothers, pray for us, that the word of the Lord may spread rapidly and be glorified, even as also with you;"
f7a98275-bcd7-5c17-aba1-17f756fd8d1a,1347c2db-7a5a-5cab-a19c-95b99bf69f2b,,2,2,and that we may be delivered from unreasonable and evil men; for not all have faith.
d664ecb3-7fb7-56c6-a8b6-9c4235067979,1347c2db-7a5a-5cab-a19c-95b99bf69f2b,,3,3,"But the Lord is faithful, who will establish you, and guard you from the evil one."
460ab202-f2a9-59f6-acda-ef7b09f80a81,1347c2db-7a5a-5cab-a19c-95b99bf69f2b,,4,4,"We have confidence in the Lord concerning you, that you both do and will do the things we command."
6e095fc1-9073-5013-a8cc-f561870c19e4,1347c2db-7a5a-5cab-a19c-95b99bf69f2b,,5,5,"May the Lord direct your hearts into the love of God, and into the patience of Christ."
6deaa45a-4657-5069-a095-43bbad444f7c,1347c2db-7a5a-5cab-a19c-95b99bf69f2b,,6,6,"Now we command you, brothers, in the name of our Lord Jesus Christ, that you withdraw yourselves from every brother who walks in rebellion, and not after the tradition which they received from us."
f3bcc5bc-180c-569e-a151-24255ff534ec,1347c2db-7a5a-5cab-a19c-95b99bf69f2b,,7,7,"For you know how you ought to imitate us. For we didn't behave ourselves rebelliously among you,"
6dc968ba-8e35-509a-a072-dc7163ec786d,1347c2db-7a5a-5cab-a19c-95b99bf69f2b,,8,8,"neither did we eat bread from anyone's hand without paying for it, but in labor and travail worked night and day, that we might not burden any of you;"
3d5e727e-db95-5432-a575-d5e2e3a447b4,1347c2db-7a5a-5cab-a19c-95b99bf69f2b,,9,9,"not because we don't have the right, but to make ourselves an example to you, that you should imitate us."
706786cb-5cba-5a28-ab3a-427643367096,1347c2db-7a5a-5cab-a19c-95b99bf69f2b,,10,10,"For even when we were with you, we commanded you this: ""If anyone will not work, neither let him eat."""
bed44d8d-4bd9-564b-a47e-5475517a73fe,1347c2db-7a5a-5cab-a19c-95b99bf69f2b,,11,11,"For we hear of some who walk among you in rebellion, who don't work at all, but are busybodies."
e96fb58a-46bc-53d1-a752-4a857a7f1d93,1347c2db-7a5a-5cab-a19c-95b99bf69f2b,,12,12,"Now those who are that way, we command and exhort in the Lord Jesus Christ, that with quietness they work, and eat their own bread."
0d87f583-93af-56b7-a687-58b28cec32ef,1347c2db-7a5a-5cab-a19c-95b99bf69f2b,,13,13,"But you, brothers, don't be weary in doing well."
8296e451-bdb2-5f55-a406-cd30f2d93356,1347c2db-7a5a-5cab-a19c-95b99bf69f2b,,14,14,"If any man doesn't obey our word in this letter, note that man, that you have no company with him, to the end that he may be ashamed."
9141e6aa-c35f-5d9a-a1db-b102e02db680,1347c2db-7a5a-5cab-a19c-95b99bf69f2b,,15,15,"Don't count him as an enemy, but admonish him as a brother."
e4a4a07b-f8c7-54fd-a960-fcb31b1f7821,1347c2db-7a5a-5cab-a19c-95b99bf69f2b,,16,16,Now may the Lord of peace himself give you peace at all times in all ways. The Lord be with you all.
072019ed-dc9d-5737-a0ab-6734c705cfff,1347c2db-7a5a-5cab-a19c-95b99bf69f2b,,17,17,"The greeting of me, Paul, with my own hand, which is the sign in every letter: this is how I write."
4b245a05-b467-5dff-aed0-dcb36b5162f8,1347c2db-7a5a-5cab-a19c-95b99bf69f2b,,18,18,The grace of our Lord Jesus Christ be with you all. Amen.
ed479aeb-b633-54a5-a903-1a58eaaca0b1,3f91db37-9116-5130-a6e3-8e58101c0171,,1,1,"Paul, an apostle of Christ Jesus according to the commandment of God our Savior, and Christ Jesus our hope;"
bbed5cd9-f0a6-5450-a267-309043cba280,3f91db37-9116-5130-a6e3-8e58101c0171,,2,2,"to Timothy, my true child in faith: Grace, mercy, and peace, from God our Father and Christ Jesus our Lord."
dcbc89e8-57dc-5cea-afcc-31d110debc10,3f91db37-9116-5130-a6e3-8e58101c0171,,3,3,"As I urged you when I was going into Macedonia, stay at Ephesus that you might command certain men not to teach a different doctrine,"
6c45385c-83cf-5737-a444-ddcf4d431ac1,3f91db37-9116-5130-a6e3-8e58101c0171,,4,4,"neither to pay attention to myths and endless genealogies, which cause disputes, rather than God's stewardship, which is in faith--"
732ab096-bcbf-5b79-aeab-eed3b877eb54,3f91db37-9116-5130-a6e3-8e58101c0171,,5,5,"but the goal of this command is love, out of a pure heart and a good conscience and sincere faith;"
22724260-10e3-5f6b-abb1-ef2261990822,3f91db37-9116-5130-a6e3-8e58101c0171,,6,6,"from which things some, having missed the mark, have turned aside to vain talking;"
2a916f1f-d4c7-5f9a-aea6-2dbff35b73d0,3f91db37-9116-5130-a6e3-8e58101c0171,,7,7,"desiring to be teachers of the law, though they understand neither what they say, nor about what they strongly affirm."
b3a6089d-6737-56be-ae6c-449f54c4d2ae,3f91db37-9116-5130-a6e3-8e58101c0171,,8,8,"But we know that the law is good, if a man uses it lawfully,"
f058a51a-dc3a-508c-a016-5e34fa818dea,3f91db37-9116-5130-a6e3-8e58101c0171,,9,9,"as knowing this, that law is not made for a righteous man, but for the lawless and insubordinate, for the ungodly and sinners, for the unholy and profane, for murderers of fathers and murderers of mothers, for manslayers,"
9bf6fad6-1470-5e9e-a07c-7b29c7fe4a74,3f91db37-9116-5130-a6e3-8e58101c0171,,10,10,"for the sexually immoral, for homosexuals, for slave-traders, for liars, for perjurers, and for any other thing contrary to the sound doctrine;"
7a4dee79-cdc6-59c9-aabd-6cae1e2ac20a,3f91db37-9116-5130-a6e3-8e58101c0171,,11,11,"according to the Good News of the glory of the blessed God, which was committed to my trust."
255d8ae6-60c0-5648-a7d0-f9adb1dbcc2c,3f91db37-9116-5130-a6e3-8e58101c0171,,12,12,"And I thank him who enabled me, Christ Jesus our Lord, because he counted me faithful, appointing me to service;"
4edaa636-6747-5147-ae6d-52d70b0bcf9e,3f91db37-9116-5130-a6e3-8e58101c0171,,13,13,"although I was before a blasphemer, a persecutor, and insolent. However, I obtained mercy, because I did it ignorantly in unbelief."
23e05e1e-356c-5ca4-a798-746f28bf782e,3f91db37-9116-5130-a6e3-8e58101c0171,,14,14,The grace of our Lord abounded exceedingly with faith and love which is in Christ Jesus.
45a10fe5-460d-50c5-af4a-538476ee8684,3f91db37-9116-5130-a6e3-8e58101c0171,,15,15,"The saying is faithful and worthy of all acceptance, that Christ Jesus came into the world to save sinners; of whom I am chief."
383d253a-c2ac-50a7-a5b7-9d0512c79a26,3f91db37-9116-5130-a6e3-8e58101c0171,,16,16,"However, for this cause I obtained mercy, that in me first, Jesus Christ might display all his patience, for an example of those who were going to believe in him for eternal life."
1a8e5f11-725a-5741-a3f2-73db8dc277a8,3f91db37-9116-5130-a6e3-8e58101c0171,,17,17,"Now to the King eternal, immortal, invisible, to God who alone is wise, be honor and glory forever and ever. Amen."
475bd3c0-0b03-5885-af09-411136e82623,3f91db37-9116-5130-a6e3-8e58101c0171,,18,18,"This instruction I commit to you, my child Timothy, according to the prophecies which led the way to you, that by them you may wage the good warfare;"
2aa3acb6-a5b7-5ced-a01f-07b1bcd7212e,3f91db37-9116-5130-a6e3-8e58101c0171,,19,19,holding faith and a good conscience; which some having thrust away made a shipwreck concerning the faith;
9cc9b786-9709-561f-ae09-7bbdddee87cc,3f91db37-9116-5130-a6e3-8e58101c0171,,20,20,"of whom is Hymenaeus and Alexander; whom I delivered to Satan, that they might be taught not to blaspheme."
6b566b2e-9568-5dfe-a48a-06805bd4f083,096c1617-6365-5645-a3dc-a552a11725d1,,1,1,"I exhort therefore, first of all, that petitions, prayers, intercessions, and givings of thanks, be made for all men:"
92f2cc8e-238d-5824-a9b9-5e93a3232351,096c1617-6365-5645-a3dc-a552a11725d1,,2,2,for kings and all who are in high places; that we may lead a tranquil and quiet life in all godliness and reverence.
f967b178-1f45-54e4-a511-faced822db92,096c1617-6365-5645-a3dc-a552a11725d1,,3,3,For this is good and acceptable in the sight of God our Savior;
b7b219a8-637c-59af-a575-c21c977059d8,096c1617-6365-5645-a3dc-a552a11725d1,,4,4,who desires all people to be saved and come to full knowledge of the truth.
c28a7001-5292-519e-a13f-bec1dbd955a8,096c1617-6365-5645-a3dc-a552a11725d1,,5,5,"For there is one God, and one mediator between God and men, the man Christ Jesus,"
ebea35d2-77c6-558f-a279-4d1dfd329eac,096c1617-6365-5645-a3dc-a552a11725d1,,6,6,who gave himself as a ransom for all; the testimony in its own times;
b6b440cf-09e0-5fb1-a959-da0dbd62db35,096c1617-6365-5645-a3dc-a552a11725d1,,7,7,"to which I was appointed a preacher and an apostle (I am telling the truth in Christ, not lying), a teacher of the Gentiles in faith and truth."
d5a2da86-2de9-58cc-a73f-38e06b3a89d7,096c1617-6365-5645-a3dc-a552a11725d1,,8,8,"I desire therefore that the men in every place pray, lifting up holy hands without anger and doubting."
2e4c55bd-e26b-54f4-a818-2e9105f523a5,096c1617-6365-5645-a3dc-a552a11725d1,,9,9,"In the same way, that women also adorn themselves in decent clothing, with modesty and propriety; not just with braided hair, gold, pearls, or expensive clothing;"
a938499a-e957-5306-adc8-233e4c1f622d,096c1617-6365-5645-a3dc-a552a11725d1,,10,10,but (which becomes women professing godliness) with good works.
209106af-2723-5dc8-a3bb-205c433d8670,096c1617-6365-5645-a3dc-a552a11725d1,,11,11,Let a woman learn in quietness with all subjection.
5bd0819b-2969-5683-a90f-2285cb24e486,096c1617-6365-5645-a3dc-a552a11725d1,,12,12,"But I don't permit a woman to teach, nor to exercise authority over a man, but to be in quietness."
f24e816e-7a6e-5849-abd1-b01cb6758bb4,096c1617-6365-5645-a3dc-a552a11725d1,,13,13,"For Adam was first formed, then Eve."
3dadde1f-016e-5fb5-a130-1e74838ecdd5,096c1617-6365-5645-a3dc-a552a11725d1,,14,14,"Adam wasn't deceived, but the woman, being deceived, has fallen into disobedience;"
f6d1284e-67fa-56d7-ad57-d3fb493899e2,096c1617-6365-5645-a3dc-a552a11725d1,,15,15,"but she will be saved through her childbearing, if they continue in faith, love, and sanctification with sobriety."
4cb1d026-5665-50df-a150-357dd1224f43,a8297aa6-aa9e-5a25-ab5e-2a276e7f76ca,,1,1,"This is a faithful saying: if a man seeks the office of an overseer, he desires a good work."
99721671-3d84-5856-a612-37e88f0254f0,a8297aa6-aa9e-5a25-ab5e-2a276e7f76ca,,2,2,"The overseer therefore must be without reproach, the husband of one wife, temperate, sensible, modest, hospitable, good at teaching;"
038fec12-77b8-5340-a4ef-6e3f41641ecc,a8297aa6-aa9e-5a25-ab5e-2a276e7f76ca,,3,3,"not a drinker, not violent, not greedy for money, but gentle, not quarrelsome, not covetous;"
344c3e19-ae4e-5219-ae60-bd1c09d86fd1,a8297aa6-aa9e-5a25-ab5e-2a276e7f76ca,,4,4,"one who rules his own house well, having children in subjection with all reverence;"
1a018c03-481d-580e-a8d3-86a3f6074d7c,a8297aa6-aa9e-5a25-ab5e-2a276e7f76ca,,5,5,"(but if a man doesn't know how to rule his own house, how will he take care of the assembly of God?)"
9836ec3f-ffd3-55cc-acc4-17cf8fb353f1,a8297aa6-aa9e-5a25-ab5e-2a276e7f76ca,,6,6,"not a new convert, lest being puffed up he fall into the same condemnation as the devil."
8171b6b7-0131-5c7d-a227-0bb2d94053c4,a8297aa6-aa9e-5a25-ab5e-2a276e7f76ca,,7,7,"Moreover he must have good testimony from those who are outside, to avoid falling into reproach and the snare of the devil."
ecf41a9c-828c-54a1-a852-9711f5692731,a8297aa6-aa9e-5a25-ab5e-2a276e7f76ca,,8,8,"Servants, in the same way, must be reverent, not double-tongued, not addicted to much wine, not greedy for money;"
759a4957-609a-5e0d-aace-291d40e082c0,a8297aa6-aa9e-5a25-ab5e-2a276e7f76ca,,9,9,holding the mystery of the faith in a pure conscience.
d2d4c11b-2f03-5dd5-a9f6-7f67f8637aa9,a8297aa6-aa9e-5a25-ab5e-2a276e7f76ca,,10,10,Let them also first be tested; then let them serve if they are blameless.
a8105327-04a4-5c5a-a237-a29d43330349,a8297aa6-aa9e-5a25-ab5e-2a276e7f76ca,,11,11,"Their wives in the same way must be reverent, not slanderers, temperate, faithful in all things."
b5f8d1f8-6edd-5b04-a990-9275637b2f48,a8297aa6-aa9e-5a25-ab5e-2a276e7f76ca,,12,12,"Let servants be husbands of one wife, ruling their children and their own houses well."
b150064a-4e2b-5344-a81d-f23b9ddb5fde,a8297aa6-aa9e-5a25-ab5e-2a276e7f76ca,,13,13,"For those who have served well gain for themselves a good standing, and great boldness in the faith which is in Christ Jesus."
4423549d-332c-5c7b-a06f-f982a767b4b2,a8297aa6-aa9e-5a25-ab5e-2a276e7f76ca,,14,14,"These things I write to you, hoping to come to you shortly;"
7347fd43-8a40-5f0f-a85d-062253499eab,a8297aa6-aa9e-5a25-ab5e-2a276e7f76ca,,15,15,"but if I wait long, that you may know how men ought to behave themselves in the house of God, which is the assembly of the living God, the pillar and ground of the truth."
fcc31fc1-0938-5983-af26-517ef185213d,a8297aa6-aa9e-5a25-ab5e-2a276e7f76ca,,16,16,"Without controversy, the mystery of godliness is great: God was revealed in the flesh, justified in the spirit, seen by angels, preached among the nations, believed on in the world, and received up in glory."
b91a51da-4100-56d1-a298-5452fc55e823,966879a7-7bc3-5f56-ac02-e71273627db5,,1,1,"But the Spirit says expressly that in later times some will fall away from the faith, paying attention to seducing spirits and doctrines of demons,"
f0f833d4-c4f9-57b6-a874-032a1ff8b12a,966879a7-7bc3-5f56-ac02-e71273627db5,,2,2,"through the hypocrisy of men who speak lies, branded in their own conscience as with a hot iron;"
326f1a63-c32f-5895-aee3-71b8e290b579,966879a7-7bc3-5f56-ac02-e71273627db5,,3,3,forbidding marriage and commanding to abstain from foods which God created to be received with thanksgiving by those who believe and know the truth.
734f717d-5bf2-548f-a773-c40c9225f8ca,966879a7-7bc3-5f56-ac02-e71273627db5,,4,4,"For every creature of God is good, and nothing is to be rejected, if it is received with thanksgiving."
760d805f-fe40-525a-a824-de975d6d3cff,966879a7-7bc3-5f56-ac02-e71273627db5,,5,5,For it is sanctified through the word of God and prayer.
5478e14b-c1f9-5332-a7ca-40cca3b841e3,966879a7-7bc3-5f56-ac02-e71273627db5,,6,6,"If you instruct the brothers of these things, you will be a good servant of Christ Jesus, nourished in the words of the faith, and of the good doctrine which you have followed."
549cc77f-7087-52a4-a427-0ec519c3a519,966879a7-7bc3-5f56-ac02-e71273627db5,,7,7,But refuse profane and old wives' fables. Exercise yourself toward godliness.
282aaaa7-def1-54fc-ab9e-79654976fde9,966879a7-7bc3-5f56-ac02-e71273627db5,,8,8,"For bodily exercise has some value, but godliness has value in all things, having the promise of the life which is now, and of that which is to come."
58800245-7492-5c7c-a7f9-a1e5a04ab8f3,966879a7-7bc3-5f56-ac02-e71273627db5,,9,9,This saying is faithful and worthy of all acceptance.
423a311d-3a36-51ef-a328-d383ebb9a375,966879a7-7bc3-5f56-ac02-e71273627db5,,10,10,"For to this end we both labor and suffer reproach, because we have set our trust in the living God, who is the Savior of all men, especially of those who believe."
9779cd30-54e2-5383-a91d-e5072a721caf,966879a7-7bc3-5f56-ac02-e71273627db5,,11,11,Command and teach these things.
d2396455-715e-5bc4-a657-af6a8bfc9ee0,966879a7-7bc3-5f56-ac02-e71273627db5,,12,12,"Let no man despise your youth; but be an example to those who believe, in word, in your way of life, in love, in spirit, in faith, and in purity."
ccf2bb03-680e-5594-a53a-dd8bfb16b7ed,966879a7-7bc3-5f56-ac02-e71273627db5,,13,13,"Until I come, pay attention to reading, to exhortation, and to teaching."
6fc34244-b191-58d9-a346-188e0b5732ae,966879a7-7bc3-5f56-ac02-e71273627db5,,14,14,"Don't neglect the gift that is in you, which was given to you by prophecy, with the laying on of the hands of the elders."
9320ed7c-ea63-55e8-aff9-69b5dfd69343,966879a7-7bc3-5f56-ac02-e71273627db5,,15,15,"Be diligent in these things. Give yourself wholly to them, that your progress may be revealed to all."
6feb04b3-4944-5e11-ae51-0e89c6d6f23e,966879a7-7bc3-5f56-ac02-e71273627db5,,16,16,"Pay attention to yourself, and to your teaching. Continue in these things, for in doing this you will save both yourself and those who hear you."
a955348b-b364-552e-aacb-054faae12106,df188627-1c92-512e-a56f-66135e40814e,,1,1,"Don't rebuke an older man, but exhort him as a father; the younger men as brothers;"
d6a3d212-8f08-5ed3-aebd-03e525d48882,df188627-1c92-512e-a56f-66135e40814e,,2,2,"the elder women as mothers; the younger as sisters, in all purity."
8d6021fa-d003-5e55-a65a-47b572779b24,df188627-1c92-512e-a56f-66135e40814e,,3,3,Honor widows who are widows indeed.
84b9377c-7b81-5bb5-a12d-0906c7f9d47f,df188627-1c92-512e-a56f-66135e40814e,,4,4,"But if any widow has children or grandchildren, let them learn first to show piety towards their own family, and to repay their parents, for this is acceptable in the sight of God."
6ea71b04-2b60-50e1-a4fe-5c49470e0814,df188627-1c92-512e-a56f-66135e40814e,,5,5,"Now she who is a widow indeed, and desolate, has her hope set on God, and continues in petitions and prayers night and day."
1b77f25d-b66f-55f8-a13e-00bb6ead1d15,df188627-1c92-512e-a56f-66135e40814e,,6,6,But she who gives herself to pleasure is dead while she lives.
cb20047d-ebf4-5a94-a45c-45115c965a50,df188627-1c92-512e-a56f-66135e40814e,,7,7,"Also command these things, that they may be without reproach."
9e6d7222-0fca-5df1-a31d-b802ce736ff9,df188627-1c92-512e-a56f-66135e40814e,,8,8,"But if anyone doesn't provide for his own, and especially his own household, he has denied the faith, and is worse than an unbeliever."
26cd01f0-f3f3-5d29-ac07-3dfc0d762b81,df188627-1c92-512e-a56f-66135e40814e,,9,9,"Let no one be enrolled as a widow under sixty years old, having been the wife of one man,"
259c072d-c9d3-51e9-a910-abb1795b8bb9,df188627-1c92-512e-a56f-66135e40814e,,10,10,"being approved by good works, if she has brought up children, if she has been hospitable to strangers, if she has washed the saints' feet, if she has relieved the afflicted, and if she has diligently followed every good work."
99cbb0f2-2dab-588d-abc9-6fd71b7b7488,df188627-1c92-512e-a56f-66135e40814e,,11,11,"But refuse younger widows, for when they have grown wanton against Christ, they desire to marry;"
d515adee-a895-513a-a52c-d279e70007bf,df188627-1c92-512e-a56f-66135e40814e,,12,12,"having condemnation, because they have rejected their first pledge."
24ab0fa1-76d5-5bb0-ae51-6bd5a6081b31,df188627-1c92-512e-a56f-66135e40814e,,13,13,"Besides, they also learn to be idle, going about from house to house. Not only idle, but also gossips and busybodies, saying things which they ought not."
cf9c0c71-fa0b-5342-a347-43fb2925aaf9,df188627-1c92-512e-a56f-66135e40814e,,14,14,"I desire therefore that the younger widows marry, bear children, rule the household, and give no occasion to the adversary for insulting."
91c498ea-b61c-5a89-a1d4-a47fdf6452bf,df188627-1c92-512e-a56f-66135e40814e,,15,15,For already some have turned aside after Satan.
60f4e04c-93e1-5bec-a8a7-56281885b426,df188627-1c92-512e-a56f-66135e40814e,,16,16,"If any man or woman who believes has widows, let them relieve them, and don't let the assembly be burdened; that it might relieve those who are widows indeed."
261584c5-f9ff-51c2-af4d-c987b21e19d3,df188627-1c92-512e-a56f-66135e40814e,,17,17,"Let the elders who rule well be counted worthy of double honor, especially those who labor in the word and in teaching."
c082e720-a6fd-5cfb-a5cd-629b9e059b11,df188627-1c92-512e-a56f-66135e40814e,,18,18,"For the Scripture says, ""You shall not muzzle the ox when it treads out the grain."" And, ""The laborer is worthy of his wages."""
f0229f61-53e7-5494-a9f2-84407800c4ec,df188627-1c92-512e-a56f-66135e40814e,,19,19,"Don't receive an accusation against an elder, except at the word of two or three witnesses."
e3710784-c554-5fe9-a42d-0de5d4dde9af,df188627-1c92-512e-a56f-66135e40814e,,20,20,"Those who sin, reprove in the sight of all, that the rest also may be in fear."
7bf1e995-5c0c-5c21-a050-03e4f5b8d9e7,df188627-1c92-512e-a56f-66135e40814e,,21,21,"I command you in the sight of God, and Christ Jesus, and the chosen angels, that you observe these things without prejudice, doing nothing by partiality."
e68be422-7068-5991-abb2-9a4460da5d15,df188627-1c92-512e-a56f-66135e40814e,,22,22,"Lay hands hastily on no one, neither be a participant in other men's sins. Keep yourself pure."
623ad220-c949-566a-a7d7-0e368c1b69c6,df188627-1c92-512e-a56f-66135e40814e,,23,23,"Be no longer a drinker of water only, but use a little wine for your stomach's sake and your frequent infirmities."
1b2a6d75-6ab3-5d10-af1a-4187fd0fa494,df188627-1c92-512e-a56f-66135e40814e,,24,24,"Some men's sins are evident, preceding them to judgment, and some also follow later."
de7f64f2-5308-5e75-a4fd-10d772ef8496,df188627-1c92-512e-a56f-66135e40814e,,25,25,"In the same way also there are good works that are obvious, and those that are otherwise can't be hidden."
2b2a77f5-dc94-5d4b-a577-cec4110e6682,41e9a116-20fb-5442-a59a-b425a30fb40f,,1,1,"Let as many as are bondservants under the yoke count their own masters worthy of all honor, that the name of God and the doctrine not be blasphemed."
83762b05-0122-53ed-a3b5-be944af082f2,41e9a116-20fb-5442-a59a-b425a30fb40f,,2,2,"Those who have believing masters, let them not despise them, because they are brothers, but rather let them serve them, because those who partake of the benefit are believing and beloved. Teach and exhort these things."
948a81f0-5c83-5574-abaa-3cfe48914201,41e9a116-20fb-5442-a59a-b425a30fb40f,,3,3,"If anyone teaches a different doctrine, and doesn't consent to sound words, the words of our Lord Jesus Christ, and to the doctrine which is according to godliness,"
ed512aad-f85a-5545-af3f-1e1013a7168c,41e9a116-20fb-5442-a59a-b425a30fb40f,,4,4,"he is conceited, knowing nothing, but obsessed with arguments, disputes, and word battles, from which come envy, strife, insulting, evil suspicions,"
b4497865-a5a4-52e7-a68d-20e409d20e1b,41e9a116-20fb-5442-a59a-b425a30fb40f,,5,5,"constant friction of people of corrupt minds and destitute of the truth, who suppose that godliness is a means of gain. Withdraw yourself from such."
13b77708-b0f2-5ab5-a297-8f37b4da15ae,41e9a116-20fb-5442-a59a-b425a30fb40f,,6,6,But godliness with contentment is great gain.
888a284d-22eb-564d-ae9d-56a437781f33,41e9a116-20fb-5442-a59a-b425a30fb40f,,7,7,"For we brought nothing into the world, and we certainly can't carry anything out."
afedcba6-7f95-576b-ab36-4f81efb993b2,41e9a116-20fb-5442-a59a-b425a30fb40f,,8,8,"But having food and clothing, we will be content with that."
bd7c53d9-ae28-5828-a94f-f786a1010a60,41e9a116-20fb-5442-a59a-b425a30fb40f,,9,9,"But those who are determined to be rich fall into a temptation and a snare and many foolish and harmful lusts, such as drown men in ruin and destruction."
7db0eb22-3b61-56c9-a1e2-303d3d3926b3,41e9a116-20fb-5442-a59a-b425a30fb40f,,10,10,"For the love of money is a root of all kinds of evil. Some have been led astray from the faith in their greed, and have pierced themselves through with many sorrows."
b08667cf-acf0-57cc-afa4-a75bccf97584,41e9a116-20fb-5442-a59a-b425a30fb40f,,11,11,"But you, man of God, flee these things, and follow after righteousness, godliness, faith, love, patience, and gentleness."
f3dc7c3b-b859-5657-a12f-9ee15518ab97,41e9a116-20fb-5442-a59a-b425a30fb40f,,12,12,"Fight the good fight of faith. Lay hold of the eternal life to which you were called, and you confessed the good confession in the sight of many witnesses."
bec2684b-f3ed-518a-abec-76885efef692,41e9a116-20fb-5442-a59a-b425a30fb40f,,13,13,"I command you before God, who gives life to all things, and before Christ Jesus, who before Pontius Pilate testified the good confession,"
ac74f5c8-ba3b-5781-a111-de8d77973c51,41e9a116-20fb-5442-a59a-b425a30fb40f,,14,14,"that you keep the commandment without spot, blameless, until the appearing of our Lord Jesus Christ;"
7c100a2e-d3f1-5077-ac7f-a2769a2a376b,41e9a116-20fb-5442-a59a-b425a30fb40f,,15,15,"which in its own times he will show, who is the blessed and only Ruler, the King of kings, and Lord of lords;"
75345ba6-e5ca-503f-ae85-176e710167d3,41e9a116-20fb-5442-a59a-b425a30fb40f,,16,16,"who alone has immortality, dwelling in unapproachable light; whom no man has seen, nor can see: to whom be honor and eternal power. Amen."
13849038-6e95-57bc-ac2e-9cbb21eccf11,41e9a116-20fb-5442-a59a-b425a30fb40f,,17,17,"Charge those who are rich in this present world that they not be haughty, nor have their hope set on the uncertainty of riches, but on the living God, who richly provides us with everything to enjoy;"
27b91666-d803-5883-a1ba-58f4e35d0566,41e9a116-20fb-5442-a59a-b425a30fb40f,,18,18,"that they do good, that they be rich in good works, that they be ready to distribute, willing to communicate;"
2cc21faf-0976-5e75-a184-ad71ebf09fea,41e9a116-20fb-5442-a59a-b425a30fb40f,,19,19,"laying up in store for themselves a good foundation against the time to come, that they may lay hold of eternal life."
62ab5020-9f9d-546a-a6fe-ec2cb4b80671,41e9a116-20fb-5442-a59a-b425a30fb40f,,20,20,"Timothy, guard that which is committed to you, turning away from the empty chatter and oppositions of the knowledge which is falsely so called;"
ee602bb3-660e-5aec-a045-0ebbe9dba62a,41e9a116-20fb-5442-a59a-b425a30fb40f,,21,21,which some professing have erred concerning the faith. Grace be with you. Amen.
974cbde1-6d31-527d-adc1-314dbce14db4,6c001f77-3d2a-5bc9-a3d8-bf2abe454ce6,,1,1,"Paul, an apostle of Jesus Christ through the will of God, according to the promise of the life which is in Christ Jesus,"
741c2b5b-ea66-5356-a7c3-646245bb784b,6c001f77-3d2a-5bc9-a3d8-bf2abe454ce6,,2,2,"to Timothy, my beloved child: Grace, mercy, and peace, from God the Father and Christ Jesus our Lord."
43b38ed8-cdc5-5f47-a92a-9f44ba347caf,6c001f77-3d2a-5bc9-a3d8-bf2abe454ce6,,3,3,"I thank God, whom I serve as my forefathers did, with a pure conscience. How unceasing is my memory of you in my petitions, night and day"
94c9d189-982c-53d4-a498-d228eeb01e50,6c001f77-3d2a-5bc9-a3d8-bf2abe454ce6,,4,4,"longing to see you, remembering your tears, that I may be filled with joy;"
2a267318-38a6-5314-a3e9-e3e84a2e1de2,6c001f77-3d2a-5bc9-a3d8-bf2abe454ce6,,5,5,"having been reminded of the sincere faith that is in you; which lived first in your grandmother Lois, and your mother Eunice, and, I am persuaded, in you also."
4a8b15a1-ad00-54ba-aa67-ec0f68c20ab9,6c001f77-3d2a-5bc9-a3d8-bf2abe454ce6,,6,6,"For this cause, I remind you that you should stir up the gift of God which is in you through the laying on of my hands."
42cef8fb-cb5e-5bdb-ac20-6cb1869cbe4a,6c001f77-3d2a-5bc9-a3d8-bf2abe454ce6,,7,7,"For God didn't give us a spirit of fear, but of power, love, and self-control."
fd3bd520-4e9d-5882-a356-2b224a22586d,6c001f77-3d2a-5bc9-a3d8-bf2abe454ce6,,8,8,"Therefore don't be ashamed of the testimony of our Lord, nor of me his prisoner; but endure hardship for the Good News according to the power of God,"
e5232d3d-7d65-56b8-aef5-224b9e8ec084,6c001f77-3d2a-5bc9-a3d8-bf2abe454ce6,,9,9,"who saved us and called us with a holy calling, not according to our works, but according to his own purpose and grace, which was given to us in Christ Jesus before times eternal,"
b44680e5-211e-5970-a5be-c9fd09fc7004,6c001f77-3d2a-5bc9-a3d8-bf2abe454ce6,,10,10,"but has now been revealed by the appearing of our Savior, Christ Jesus, who abolished death, and brought life and immortality to light through the Good News."
0d988ca1-32e5-5d94-adc1-15e067c261f0,6c001f77-3d2a-5bc9-a3d8-bf2abe454ce6,,11,11,"For this, I was appointed as a preacher, an apostle, and a teacher of the Gentiles."
a0847449-1371-519a-a87b-f90923b954e1,6c001f77-3d2a-5bc9-a3d8-bf2abe454ce6,,12,12,"For this cause I also suffer these things. Yet I am not ashamed, for I know him whom I have believed, and I am persuaded that he is able to guard that which I have committed to him against that day."
45a9e39d-c482-5432-afa5-15732405d992,6c001f77-3d2a-5bc9-a3d8-bf2abe454ce6,,13,13,"Hold the pattern of sound words which you have heard from me, in faith and love which is in Christ Jesus."
cf4fb05a-ffcd-5a59-af54-dfe65307ae56,6c001f77-3d2a-5bc9-a3d8-bf2abe454ce6,,14,14,"That good thing which was committed to you, guard through the Holy Spirit who dwells in us."
5ac7be97-10ca-5672-abd0-e385af88242d,6c001f77-3d2a-5bc9-a3d8-bf2abe454ce6,,15,15,"This you know, that all who are in Asia turned away from me; of whom are Phygelus and Hermogenes."
833f78ac-26a9-53e8-a842-3773c3392794,6c001f77-3d2a-5bc9-a3d8-bf2abe454ce6,,16,16,"May the Lord grant mercy to the house of Onesiphorus, for he often refreshed me, and was not ashamed of my chain,"
5680556d-ac7c-5077-ae4b-a7c9cbd252af,6c001f77-3d2a-5bc9-a3d8-bf2abe454ce6,,17,17,"but when he was in Rome, he sought me diligently, and found me"
2020b536-bd31-532c-ae69-4ecca309b205,6c001f77-3d2a-5bc9-a3d8-bf2abe454ce6,,18,18,"(the Lord grant to him to find the Lord's mercy in that day); and in how many things he served at Ephesus, you know very well."
856b55af-583b-5a42-a65d-59f7373fb885,ed038ae3-2d15-53f0-a986-f9cf5fff1f8f,,1,1,"You therefore, my child, be strengthened in the grace that is in Christ Jesus."
341b0622-71d2-53ec-aeca-4fcf2ad91647,ed038ae3-2d15-53f0-a986-f9cf5fff1f8f,,2,2,"The things which you have heard from me among many witnesses, commit the same to faithful men, who will be able to teach others also."
a62ab21a-3a59-56ad-a485-fe901054e7f7,ed038ae3-2d15-53f0-a986-f9cf5fff1f8f,,3,3,"You therefore must endure hardship, as a good soldier of Christ Jesus."
94e75f15-ca5c-5918-ad69-dbf3fd2ca14b,ed038ae3-2d15-53f0-a986-f9cf5fff1f8f,,4,4,"No soldier on duty entangles himself in the affairs of life, that he may please him who enrolled him as a soldier."
e1625aa4-4ce8-5d12-a643-70ec02ff3e96,ed038ae3-2d15-53f0-a986-f9cf5fff1f8f,,5,5,"Also, if anyone competes in athletics, he isn't crowned unless he has competed by the rules."
99b0cdd6-1e0e-523f-a3dd-1ea10110663d,ed038ae3-2d15-53f0-a986-f9cf5fff1f8f,,6,6,The farmers who labor must be the first to get a share of the crops.
97dc299f-19a3-568a-ae62-1b98a4b10dee,ed038ae3-2d15-53f0-a986-f9cf5fff1f8f,,7,7,"Consider what I say, and may the Lord give you understanding in all things."
0ec5e966-0910-5ecb-abdd-906d69c0a840,ed038ae3-2d15-53f0-a986-f9cf5fff1f8f,,8,8,"Remember Jesus Christ, risen from the dead, of the seed of David, according to my Good News,"
f9a19d88-fe69-5a62-a68f-f056ed4af752,ed038ae3-2d15-53f0-a986-f9cf5fff1f8f,,9,9,in which I suffer hardship to the point of chains as a criminal. But God's word isn't chained.
768314be-a1c4-58f0-a937-4d431865d9f9,ed038ae3-2d15-53f0-a986-f9cf5fff1f8f,,10,10,"Therefore I endure all things for the chosen ones' sake, that they also may obtain the salvation which is in Christ Jesus with eternal glory."
6860a284-2e23-5ec2-a039-c0d4e002b385,ed038ae3-2d15-53f0-a986-f9cf5fff1f8f,,11,11,"This saying is faithful: ""For if we died with him, we will also live with him."
53caa046-4038-5267-ad57-0d46dc27c851,ed038ae3-2d15-53f0-a986-f9cf5fff1f8f,,12,12,"If we endure, we will also reign with him. If we deny him, he also will deny us."
d238dfdc-5733-55b1-aa05-752e1c59b24d,ed038ae3-2d15-53f0-a986-f9cf5fff1f8f,,13,13,"If we are faithless, he remains faithful. He can't deny himself."""
258253de-5a5b-57ec-ab65-02591fa428be,ed038ae3-2d15-53f0-a986-f9cf5fff1f8f,,14,14,"Remind them of these things, charging them in the sight of the Lord, that they don't argue about words, to no profit, to the subverting of those who hear."
7deb8f5e-31f3-5251-a5b2-655549eff73f,ed038ae3-2d15-53f0-a986-f9cf5fff1f8f,,15,15,"Give diligence to present yourself approved by God, a workman who doesn't need to be ashamed, properly handling the Word of Truth."
deea5c3f-eb46-5683-a1c5-735986790a6f,ed038ae3-2d15-53f0-a986-f9cf5fff1f8f,,16,16,"But shun empty chatter, for they will proceed further in ungodliness,"
ddb0e046-5a97-5685-a03a-c43788d67baa,ed038ae3-2d15-53f0-a986-f9cf5fff1f8f,,17,17,"and their word will consume like gangrene, of whom is Hymenaeus and Philetus;"
216bd356-3b41-5be7-ac1a-7e8563ebc79a,ed038ae3-2d15-53f0-a986-f9cf5fff1f8f,,18,18,"men who have erred concerning the truth, saying that the resurrection is already past, and overthrowing the faith of some."
4e4a847d-4780-5bb5-a6c3-3cad0d1bace5,ed038ae3-2d15-53f0-a986-f9cf5fff1f8f,,19,19,"However God's firm foundation stands, having this seal, ""The Lord knows those who are his,"" and, ""Let every one who names the name of the Lord depart from unrighteousness."""
573c96cb-660c-5727-a66f-a49e9611434c,ed038ae3-2d15-53f0-a986-f9cf5fff1f8f,,20,20,"Now in a large house there are not only vessels of gold and of silver, but also of wood and of clay. Some are for honor, and some for dishonor."
225f7d6c-d891-56b4-ae46-08b69137f657,ed038ae3-2d15-53f0-a986-f9cf5fff1f8f,,21,21,"If anyone therefore purges himself from these, he will be a vessel for honor, sanctified, and suitable for the master's use, prepared for every good work."
406b5c92-d937-5d76-a041-c1b66aac6f61,ed038ae3-2d15-53f0-a986-f9cf5fff1f8f,,22,22,"Flee from youthful lusts; but pursue righteousness, faith, love, and peace with those who call on the Lord out of a pure heart."
7fb879b3-e8ae-54de-abad-c9a164258213,ed038ae3-2d15-53f0-a986-f9cf5fff1f8f,,23,23,"But refuse foolish and ignorant questionings, knowing that they generate strife."
9685af05-a46f-59c1-a62f-aee027413e1f,ed038ae3-2d15-53f0-a986-f9cf5fff1f8f,,24,24,"The Lord's servant must not quarrel, but be gentle towards all, able to teach, patient,"
ecaa08c5-37c5-50f6-a2ce-fc3fbfc0d85f,ed038ae3-2d15-53f0-a986-f9cf5fff1f8f,,25,25,"in gentleness correcting those who oppose him: perhaps God may give them repentance leading to a full knowledge of the truth,"
68765e0b-2d18-5af5-a029-d1bec52131ae,ed038ae3-2d15-53f0-a986-f9cf5fff1f8f,,26,26,"and they may recover themselves out of the devil's snare, having been taken captive by him to his will."
28219d0a-3b05-58f7-ae57-69593f92c658,2e15d3e1-b2a5-50f8-ab9a-5d0a724a8cfb,,1,1,"But know this, that in the last days, grievous times will come."
b7d84f69-d277-52b7-a1d6-383e924b3c22,2e15d3e1-b2a5-50f8-ab9a-5d0a724a8cfb,,2,2,"For men will be lovers of self, lovers of money, boastful, arrogant, blasphemers, disobedient to parents, unthankful, unholy,"
15e0d867-fbcb-5912-a729-774e5517aa1c,2e15d3e1-b2a5-50f8-ab9a-5d0a724a8cfb,,3,3,"without natural affection, unforgiving, slanderers, without self-control, fierce, no lovers of good,"
47449efc-fb47-5084-a678-2627a2819591,2e15d3e1-b2a5-50f8-ab9a-5d0a724a8cfb,,4,4,"traitors, headstrong, conceited, lovers of pleasure rather than lovers of God;"
ebdc2d67-8c1c-54a9-a7f4-363cef3d6aea,2e15d3e1-b2a5-50f8-ab9a-5d0a724a8cfb,,5,5,"holding a form of godliness, but having denied its power. Turn away from these, also."
065d598d-d620-59b9-a012-f194879e0f00,2e15d3e1-b2a5-50f8-ab9a-5d0a724a8cfb,,6,6,"For some of these are people who creep into houses, and take captive gullible women loaded down with sins, led away by various lusts,"
ce19afeb-d20b-5085-a97f-91b2a40e9464,2e15d3e1-b2a5-50f8-ab9a-5d0a724a8cfb,,7,7,"always learning, and never able to come to the knowledge of the truth."
7de0efc3-3374-571d-a187-07f49821b202,2e15d3e1-b2a5-50f8-ab9a-5d0a724a8cfb,,8,8,"Even as Jannes and Jambres opposed Moses, so do these also oppose the truth; men corrupted in mind, who concerning the faith, are rejected."
5be729de-2628-50a8-ada5-43ac52f1a9e8,2e15d3e1-b2a5-50f8-ab9a-5d0a724a8cfb,,9,9,"But they will proceed no further. For their folly will be evident to all men, as theirs also came to be."
57b17e90-0ccd-557d-a111-6533464e9f1d,2e15d3e1-b2a5-50f8-ab9a-5d0a724a8cfb,,10,10,"But you did follow my teaching, conduct, purpose, faith, patience, love, steadfastness,"
14383e48-d15a-5f58-a834-0881ef300812,2e15d3e1-b2a5-50f8-ab9a-5d0a724a8cfb,,11,11,"persecutions, and sufferings: those things that happened to me at Antioch, Iconium, and Lystra. I endured those persecutions. Out of them all the Lord delivered me."
578ae122-688e-552e-a1f9-a563d404d2ea,2e15d3e1-b2a5-50f8-ab9a-5d0a724a8cfb,,12,12,"Yes, and all who desire to live godly in Christ Jesus will suffer persecution."
3da36a76-b4bf-53f6-ae0b-3b8eea27c5ee,2e15d3e1-b2a5-50f8-ab9a-5d0a724a8cfb,,13,13,"But evil men and impostors will grow worse and worse, deceiving and being deceived."
aa354af6-046a-51c1-a334-c52499f49e4a,2e15d3e1-b2a5-50f8-ab9a-5d0a724a8cfb,,14,14,"But you remain in the things which you have learned and have been assured of, knowing from whom you have learned them."
06a01cec-6d7c-5e2b-aa78-a20accf24271,2e15d3e1-b2a5-50f8-ab9a-5d0a724a8cfb,,15,15,"From infancy, you have known the holy Scriptures which are able to make you wise for salvation through faith, which is in Christ Jesus."
fd4860d5-7222-5c30-a055-d5ce4c4f7d37,2e15d3e1-b2a5-50f8-ab9a-5d0a724a8cfb,,16,16,"Every Scripture is God-breathed and profitable for teaching, for reproof, for correction, and for instruction in righteousness,"
d99a05b5-176e-5b1a-acd3-8d4c80c289f3,2e15d3e1-b2a5-50f8-ab9a-5d0a724a8cfb,,17,17,"that the man of God may be complete, thoroughly equipped for every good work."
e05252b0-5bba-537a-a0bd-0a86903cc25e,a5d8e471-f62d-54e0-a05f-f45b9354e9a7,,1,1,"I command you therefore before God and the Lord Jesus Christ, who will judge the living and the dead at his appearing and his Kingdom:"
9d642978-0bd9-53f7-af4e-4621583f212f,a5d8e471-f62d-54e0-a05f-f45b9354e9a7,,2,2,"preach the word; be urgent in season and out of season; reprove, rebuke, and exhort, with all patience and teaching."
713de73e-7c1f-577d-a952-432eb7a78048,a5d8e471-f62d-54e0-a05f-f45b9354e9a7,,3,3,"For the time will come when they will not listen to the sound doctrine, but, having itching ears, will heap up for themselves teachers after their own lusts;"
a3360673-6f01-5e55-ae68-f332f7b79097,a5d8e471-f62d-54e0-a05f-f45b9354e9a7,,4,4,"and will turn away their ears from the truth, and turn aside to fables."
899634fa-7484-53d6-aef3-0f90d7d0fcb6,a5d8e471-f62d-54e0-a05f-f45b9354e9a7,,5,5,"But you be sober in all things, suffer hardship, do the work of an evangelist, and fulfill your ministry."
76ae245b-77ed-5306-a473-1e2907ead792,a5d8e471-f62d-54e0-a05f-f45b9354e9a7,,6,6,"For I am already being offered, and the time of my departure has come."
51bea3da-8c44-516f-a9f6-6b7a9febed4a,a5d8e471-f62d-54e0-a05f-f45b9354e9a7,,7,7,I have fought the good fight. I have finished the course. I have kept the faith.
13752eca-c8e6-522f-a3d1-254e1a7cf384,a5d8e471-f62d-54e0-a05f-f45b9354e9a7,,8,8,"From now on, there is stored up for me the crown of righteousness, which the Lord, the righteous judge, will give to me on that day; and not to me only, but also to all those who have loved his appearing."
412857a6-e859-5e89-ae68-fea79aa516ef,a5d8e471-f62d-54e0-a05f-f45b9354e9a7,,9,9,"Be diligent to come to me soon,"
ec13e3a2-7eef-5b16-a525-6d0dabc09cb8,a5d8e471-f62d-54e0-a05f-f45b9354e9a7,,10,10,"for Demas left me, having loved this present world, and went to Thessalonica; Crescens to Galatia, and Titus to Dalmatia."
eee973f1-ed5c-5fd0-a281-c29a1628c30b,a5d8e471-f62d-54e0-a05f-f45b9354e9a7,,11,11,"Only Luke is with me. Take Mark, and bring him with you, for he is useful to me for service."
e1d24877-9eb8-524c-a7b1-2b32cc780515,a5d8e471-f62d-54e0-a05f-f45b9354e9a7,,12,12,But I sent Tychicus to Ephesus.
5892b1ae-8d48-59f8-aafa-4454bc80b1ae,a5d8e471-f62d-54e0-a05f-f45b9354e9a7,,13,13,"Bring the cloak that I left at Troas with Carpus when you come, and the books, especially the parchments."
fe10e9a5-761d-53b4-ab61-fb38e9804d24,a5d8e471-f62d-54e0-a05f-f45b9354e9a7,,14,14,"Alexander, the coppersmith, did much evil to me. The Lord will repay him according to his works,"
df8f6d65-4852-5e1e-a418-edeb4ef681b0,a5d8e471-f62d-54e0-a05f-f45b9354e9a7,,15,15,of whom you also must beware; for he greatly opposed our words.
d6483356-ae53-50b7-a9b1-0e9859735725,a5d8e471-f62d-54e0-a05f-f45b9354e9a7,,16,16,"At my first defense, no one came to help me, but all left me. May it not be held against them."
fb617774-7943-5386-a725-2730c3bb0b90,a5d8e471-f62d-54e0-a05f-f45b9354e9a7,,17,17,"But the Lord stood by me, and strengthened me, that through me the message might be fully proclaimed, and that all the Gentiles might hear; and I was delivered out of the mouth of the lion."
350581a9-f405-5a5f-a5b2-33ce33e04902,a5d8e471-f62d-54e0-a05f-f45b9354e9a7,,18,18,"And the Lord will deliver me from every evil work, and will preserve me for his heavenly Kingdom; to whom be the glory forever and ever. Amen."
86183337-3a60-5cc1-a369-2a588f85fdf0,a5d8e471-f62d-54e0-a05f-f45b9354e9a7,,19,19,"Greet Prisca and Aquila, and the house of Onesiphorus."
a318910b-5ea2-53dd-a5b6-1acd5f5a9d06,a5d8e471-f62d-54e0-a05f-f45b9354e9a7,,20,20,"Erastus remained at Corinth, but I left Trophimus at Miletus sick."
645372a5-cb3b-5f38-afb6-f4b6c7bc3aa7,a5d8e471-f62d-54e0-a05f-f45b9354e9a7,,21,21,"Be diligent to come before winter. Eubulus salutes you, as do Pudens, Linus, Claudia, and all the brothers."
e8b724d4-1ee0-5bbe-a1c4-ac90391326b4,a5d8e471-f62d-54e0-a05f-f45b9354e9a7,,22,22,The Lord Jesus Christ be with your spirit. Grace be with you. Amen.
bb0bc1db-6999-58f3-aa49-962751048897,42a747f5-6cd5-55af-ad7a-c209caad8c10,,1,1,"Paul, a servant of God, and an apostle of Jesus Christ, according to the faith of God's chosen ones, and the knowledge of the truth which is according to godliness,"
86a6d317-2060-593b-abff-c9463b708cf9,42a747f5-6cd5-55af-ad7a-c209caad8c10,,2,2,"in hope of eternal life, which God, who can't lie, promised before time began;"
87d1ed4b-34cf-5ecc-a74a-1f0b3355ffba,42a747f5-6cd5-55af-ad7a-c209caad8c10,,3,3,but in his own time revealed his word in the message with which I was entrusted according to the commandment of God our Savior;
ce211d4e-9558-5b8f-a83d-7db50206b7d1,42a747f5-6cd5-55af-ad7a-c209caad8c10,,4,4,"to Titus, my true child according to a common faith: Grace, mercy, and peace from God the Father and the Lord Jesus Christ our Savior."
858ad9ea-714a-54d7-a6ac-277159641df5,42a747f5-6cd5-55af-ad7a-c209caad8c10,,5,5,"I left you in Crete for this reason, that you would set in order the things that were lacking, and appoint elders in every city, as I directed you;"
123cfc20-ed76-5708-a34c-73195f7a8cba,42a747f5-6cd5-55af-ad7a-c209caad8c10,,6,6,"if anyone is blameless, the husband of one wife, having children who believe, who are not accused of loose or unruly behavior."
cd90bc69-e20b-5e74-a935-728280d98563,42a747f5-6cd5-55af-ad7a-c209caad8c10,,7,7,"For the overseer must be blameless, as God's steward; not self-pleasing, not easily angered, not given to wine, not violent, not greedy for dishonest gain;"
bed86abd-7cbc-5a3d-a08d-b642848ec1e4,42a747f5-6cd5-55af-ad7a-c209caad8c10,,8,8,"but given to hospitality, a lover of good, sober minded, fair, holy, self-controlled;"
80184699-f848-597a-ab3b-ca6b2f7ddb53,42a747f5-6cd5-55af-ad7a-c209caad8c10,,9,9,"holding to the faithful word which is according to the teaching, that he may be able to exhort in the sound doctrine, and to convict those who contradict him."
0ce21314-eee7-5273-ad60-849f9003eb93,42a747f5-6cd5-55af-ad7a-c209caad8c10,,10,10,"For there are also many unruly men, vain talkers and deceivers, especially those of the circumcision,"
dbafe36d-e5e5-58b5-af9f-33840833ee3f,42a747f5-6cd5-55af-ad7a-c209caad8c10,,11,11,"whose mouths must be stopped; men who overthrow whole houses, teaching things which they ought not, for dishonest gain's sake."
1addd95a-a413-5562-a61f-d47e48bf1155,42a747f5-6cd5-55af-ad7a-c209caad8c10,,12,12,"One of them, a prophet of their own, said, ""Cretans are always liars, evil beasts, and idle gluttons."""
09a527a5-e34d-5074-a483-511eadf0a181,42a747f5-6cd5-55af-ad7a-c209caad8c10,,13,13,"This testimony is true. For this cause, reprove them sharply, that they may be sound in the faith,"
fe6df9a8-abe1-54ad-a832-40709714116f,42a747f5-6cd5-55af-ad7a-c209caad8c10,,14,14,not paying attention to Jewish fables and commandments of men who turn away from the truth.
87ce43a2-5e12-5d2f-a7aa-99607e7bfe40,42a747f5-6cd5-55af-ad7a-c209caad8c10,,15,15,"To the pure, all things are pure; but to those who are defiled and unbelieving, nothing is pure; but both their mind and their conscience are defiled."
bce057a2-4dfb-5d43-a04b-575d7aa75740,42a747f5-6cd5-55af-ad7a-c209caad8c10,,16,16,"They profess that they know God, but by their works they deny him, being abominable, disobedient, and unfit for any good work."
ff90fc79-ec32-56bf-ab66-8c41d6aff4b0,78e9e1cc-3e0f-530a-a571-6ba4f2c8ba12,,1,1,"But say the things which fit sound doctrine,"
ece895da-9c3e-59ec-a351-3b4ae986cd72,78e9e1cc-3e0f-530a-a571-6ba4f2c8ba12,,2,2,"that older men should be temperate, sensible, sober minded, sound in faith, in love, and in patience:"
4acdf9fa-1617-5d94-af84-a290387b476a,78e9e1cc-3e0f-530a-a571-6ba4f2c8ba12,,3,3,"and that older women likewise be reverent in behavior, not slanderers nor enslaved to much wine, teachers of that which is good;"
6b70d906-8014-53b8-a395-3b3318f28736,78e9e1cc-3e0f-530a-a571-6ba4f2c8ba12,,4,4,"that they may train the young women to love their husbands, to love their children,"
e55d5e8c-7938-5491-a329-f81e80523a9f,78e9e1cc-3e0f-530a-a571-6ba4f2c8ba12,,5,5,"to be sober minded, chaste, workers at home, kind, being in subjection to their own husbands, that God's word may not be blasphemed."
9f33c054-4c21-5d34-ae1b-1a8344df81b7,78e9e1cc-3e0f-530a-a571-6ba4f2c8ba12,,6,6,"Likewise, exhort the younger men to be sober minded;"
13808c8c-10c9-5681-ab09-deff89993612,78e9e1cc-3e0f-530a-a571-6ba4f2c8ba12,,7,7,"in all things showing yourself an example of good works; in your teaching showing integrity, seriousness, incorruptibility,"
27e85147-1a4e-5c62-ad51-f29ac893332f,78e9e1cc-3e0f-530a-a571-6ba4f2c8ba12,,8,8,"and soundness of speech that can't be condemned; that he who opposes you may be ashamed, having no evil thing to say about us."
eb1e9af3-8775-547f-a3a8-bb4d4c3be591,78e9e1cc-3e0f-530a-a571-6ba4f2c8ba12,,9,9,"Exhort servants to be in subjection to their own masters, and to be well-pleasing in all things; not contradicting;"
3f22ea02-2bcb-54fa-af27-d9d2a6d6479c,78e9e1cc-3e0f-530a-a571-6ba4f2c8ba12,,10,10,"not stealing, but showing all good fidelity; that they may adorn the doctrine of God, our Savior, in all things."
80adaeff-8030-52aa-aaf3-e2cd70647b35,78e9e1cc-3e0f-530a-a571-6ba4f2c8ba12,,11,11,"For the grace of God has appeared, bringing salvation to all men,"
fa84d979-d8f8-51a6-a59e-b6d9c3e46abf,78e9e1cc-3e0f-530a-a571-6ba4f2c8ba12,,12,12,"instructing us to the intent that, denying ungodliness and worldly lusts, we would live soberly, righteously, and godly in this present world;"
db73a7c1-2383-5e9e-a9dc-e468df789c09,78e9e1cc-3e0f-530a-a571-6ba4f2c8ba12,,13,13,"looking for the blessed hope and appearing of the glory of our great God and Savior, Jesus Christ;"
6d7dba4c-cbaa-5744-a12d-9bffb76142e4,78e9e1cc-3e0f-530a-a571-6ba4f2c8ba12,,14,14,"who gave himself for us, that he might redeem us from all iniquity, and purify for himself a people for his own possession, zealous for good works."
39d29a5d-53b9-5a48-a283-bd29a0de6a8a,78e9e1cc-3e0f-530a-a571-6ba4f2c8ba12,,15,15,Say these things and exhort and reprove with all authority. Let no man despise you.
15443ccd-323d-574f-a1b5-ce8a472508fb,ab65fdf6-0abc-5726-afb2-d87ecef6613d,,1,1,"Remind them to be in subjection to rulers and to authorities, to be obedient, to be ready for every good work,"
9b01d0c7-5869-5418-a285-75052e4e6b16,ab65fdf6-0abc-5726-afb2-d87ecef6613d,,2,2,"to speak evil of no one, not to be contentious, to be gentle, showing all humility toward all men."
01a82832-f226-5c2b-ae21-4f16ca6cac13,ab65fdf6-0abc-5726-afb2-d87ecef6613d,,3,3,"For we were also once foolish, disobedient, deceived, serving various lusts and pleasures, living in malice and envy, hateful, and hating one another."
d8762058-aae6-54ab-ae96-22771bc90304,ab65fdf6-0abc-5726-afb2-d87ecef6613d,,4,4,"But when the kindness of God our Savior and his love toward mankind appeared,"
50780993-a054-5c6f-a68a-cbac97026d06,ab65fdf6-0abc-5726-afb2-d87ecef6613d,,5,5,"not by works of righteousness, which we did ourselves, but according to his mercy, he saved us, through the washing of regeneration and renewing by the Holy Spirit,"
ca0553a2-ed37-5097-ae55-763d86dbb0e2,ab65fdf6-0abc-5726-afb2-d87ecef6613d,,6,6,"whom he poured out on us richly, through Jesus Christ our Savior;"
80c25798-0ca9-5fdc-a12c-e754214c59d3,ab65fdf6-0abc-5726-afb2-d87ecef6613d,,7,7,"that, being justified by his grace, we might be made heirs according to the hope of eternal life."
a3cf81fc-92cb-55fd-a138-17a69baddc98,ab65fdf6-0abc-5726-afb2-d87ecef6613d,,8,8,"This saying is faithful, and concerning these things I desire that you affirm confidently, so that those who have believed God may be careful to maintain good works. These things are good and profitable to men;"
280e64d0-92c9-5d93-a24b-164484a247b6,ab65fdf6-0abc-5726-afb2-d87ecef6613d,,9,9,"but shun foolish questionings, genealogies, strife, and disputes about the law; for they are unprofitable and vain."
1ca27625-e605-5637-a0ff-c6120b557bf8,ab65fdf6-0abc-5726-afb2-d87ecef6613d,,10,10,Avoid a factious man after a first and second warning;
0a4b3a76-03a4-51bd-aa1c-ff9dd5ce067e,ab65fdf6-0abc-5726-afb2-d87ecef6613d,,11,11,"knowing that such a one is perverted, and sins, being self-condemned."
bd9abd54-df24-5376-a766-ee6ae0d0814d,ab65fdf6-0abc-5726-afb2-d87ecef6613d,,12,12,"When I send Artemas to you, or Tychicus, be diligent to come to me to Nicopolis, for I have determined to winter there."
619f584b-b7d4-5ec1-a27a-b7dbc659944f,ab65fdf6-0abc-5726-afb2-d87ecef6613d,,13,13,"Send Zenas, the lawyer, and Apollos on their journey speedily, that nothing may be lacking for them."
079ebef7-44fc-5955-a774-54d717a301ba,ab65fdf6-0abc-5726-afb2-d87ecef6613d,,14,14,"Let our people also learn to maintain good works for necessary uses, that they may not be unfruitful."
1d03cc36-ff2b-58af-a129-4e79c71c7e74,ab65fdf6-0abc-5726-afb2-d87ecef6613d,,15,15,All who are with me greet you. Greet those who love us in faith. Grace be with you all. Amen.
182d24c7-7811-5880-a512-636b96bb937f,7aff58f2-fdbe-511f-aef7-0b08140873ef,,1,1,"Paul, a prisoner of Christ Jesus, and Timothy our brother, to Philemon, our beloved fellow worker,"
77cc3d44-941d-57eb-a2dc-399efd00c02c,7aff58f2-fdbe-511f-aef7-0b08140873ef,,2,2,"to the beloved Apphia, to Archippus, our fellow soldier, and to the assembly in your house:"
e28493cb-ffc7-5acd-a201-2a39766f273b,7aff58f2-fdbe-511f-aef7-0b08140873ef,,3,3,Grace to you and peace from God our Father and the Lord Jesus Christ.
d7f69b92-86fe-5c74-a8ce-219d0c664156,7aff58f2-fdbe-511f-aef7-0b08140873ef,,4,4,"I thank my God always, making mention of you in my prayers,"
b7ced71d-bd7f-5024-ae0d-b96f0420b048,7aff58f2-fdbe-511f-aef7-0b08140873ef,,5,5,"hearing of your love, and of the faith which you have toward the Lord Jesus, and toward all the saints;"
81d2bff2-e1c4-50e3-a863-ab4f648a996b,7aff58f2-fdbe-511f-aef7-0b08140873ef,,6,6,"that the fellowship of your faith may become effective, in the knowledge of every good thing which is in us in Christ Jesus."
afaa5020-b032-55f1-a58e-d9feec85ce2a,7aff58f2-fdbe-511f-aef7-0b08140873ef,,7,7,"For we have much joy and comfort in your love, because the hearts of the saints have been refreshed through you, brother."
3619f4ca-ccd9-550b-a05a-5c218987a900,7aff58f2-fdbe-511f-aef7-0b08140873ef,,8,8,"Therefore, though I have all boldness in Christ to command you that which is appropriate,"
c7281a27-d422-5d46-a1e8-4b04c08feda2,7aff58f2-fdbe-511f-aef7-0b08140873ef,,9,9,"yet for love's sake I rather beg, being such a one as Paul, the aged, but also a prisoner of Jesus Christ."
73378bd8-a833-5070-ab73-11ee39c56f6f,7aff58f2-fdbe-511f-aef7-0b08140873ef,,10,10,"I beg you for my child, whom I have become the father of in my chains, Onesimus,"
95e29d98-79ca-5f29-a27e-12613d2385ab,7aff58f2-fdbe-511f-aef7-0b08140873ef,,11,11,"who once was useless to you, but now is useful to you and to me."
c9788953-f5ed-5007-ac57-f2a82c6f3c88,7aff58f2-fdbe-511f-aef7-0b08140873ef,,12,12,"I am sending him back. Therefore receive him, that is, my own heart,"
f8ae65d1-5802-56ac-ad83-c06d977148e7,7aff58f2-fdbe-511f-aef7-0b08140873ef,,13,13,"whom I desired to keep with me, that on your behalf he might serve me in my chains for the Good News."
593cdac0-53cb-597d-aa04-c9914d770a4d,7aff58f2-fdbe-511f-aef7-0b08140873ef,,14,14,"But I was willing to do nothing without your consent, that your goodness would not be as of necessity, but of free will."
1abfff3e-dce5-59af-a27e-f223663ea363,7aff58f2-fdbe-511f-aef7-0b08140873ef,,15,15,"For perhaps he was therefore separated from you for a while, that you would have him forever,"
a17f61b6-9819-52ab-a284-40eff7dc53df,7aff58f2-fdbe-511f-aef7-0b08140873ef,,16,16,"no longer as a slave, but more than a slave, a beloved brother, especially to me, but how much rather to you, both in the flesh and in the Lord."
0374216c-86bb-5e6d-a220-9ac5d6f1443b,7aff58f2-fdbe-511f-aef7-0b08140873ef,,17,17,"If then you count me a partner, receive him as you would receive me."
41d28eb4-e0b9-5f84-a081-07b4bde8e7bf,7aff58f2-fdbe-511f-aef7-0b08140873ef,,18,18,"But if he has wronged you at all, or owes you anything, put that to my account."
b69b2921-0cd0-598d-a445-f75af18362e1,7aff58f2-fdbe-511f-aef7-0b08140873ef,,19,19,"I, Paul, write this with my own hand: I will repay it (not to mention to you that you owe to me even your own self besides)."
1d9b811d-f592-583d-ab57-c7b15918fce4,7aff58f2-fdbe-511f-aef7-0b08140873ef,,20,20,"Yes, brother, let me have joy from you in the Lord. Refresh my heart in the Lord."
89b5b24a-34f2-51ff-a527-51775c3993a8,7aff58f2-fdbe-511f-aef7-0b08140873ef,,21,21,"Having confidence in your obedience, I write to you, knowing that you will do even beyond what I say."
94d260b5-b8a3-555b-a012-a5e3f99b0724,7aff58f2-fdbe-511f-aef7-0b08140873ef,,22,22,"Also, prepare a guest room for me, for I hope that through your prayers I will be restored to you."
865e1f55-204e-50a3-a48a-5dbdce746102,7aff58f2-fdbe-511f-aef7-0b08140873ef,,23,23,"Epaphras, my fellow prisoner in Christ Jesus, greets you,"
1e169d54-6a1d-5556-ad74-d0eae91ed54c,7aff58f2-fdbe-511f-aef7-0b08140873ef,,24,24,"as do Mark, Aristarchus, Demas, and Luke, my fellow workers."
e409cb7f-a05a-5f89-a302-6795896998c9,7aff58f2-fdbe-511f-aef7-0b08140873ef,,25,25,The grace of our Lord Jesus Christ be with your spirit. Amen.
dd17369f-3021-54a8-a060-a7aa360f5a07,dd68702e-9a33-5479-a794-b37e40c81d3b,,1,1,"God, having in the past spoken to the fathers through the prophets at many times and in various ways,"
bf4cac0d-9d45-5384-a97f-fba66f8e3332,dd68702e-9a33-5479-a794-b37e40c81d3b,,2,2,"has at the end of these days spoken to us by his Son, whom he appointed heir of all things, through whom also he made the worlds."
022f7a95-136b-5704-aa75-c38be370504f,dd68702e-9a33-5479-a794-b37e40c81d3b,,3,3,"His Son is the radiance of his glory, the very image of his substance, and upholding all things by the word of his power, when he had by himself made purification for our sins, sat down on the right hand of the Majesty on high;"
d5f1d9a2-bc8b-5ecb-afb5-038dbbba77b1,dd68702e-9a33-5479-a794-b37e40c81d3b,,4,4,"having become so much better than the angels, as he has inherited a more excellent name than they have."
e458e2bc-1e71-5ecc-abd9-d57feb95ff50,dd68702e-9a33-5479-a794-b37e40c81d3b,,5,5,"For to which of the angels did he say at any time, ""You are my Son. Today have I become your father?"" and again, ""I will be to him a Father, and he will be to me a Son?"""
a132a8ba-1b5d-5a4d-a814-f750a9e97d70,dd68702e-9a33-5479-a794-b37e40c81d3b,,6,6,"Again, when he brings in the firstborn into the world he says, ""Let all the angels of God worship him."""
95856c38-a413-529e-aab3-24094d3e4e74,dd68702e-9a33-5479-a794-b37e40c81d3b,,7,7,"Of the angels he says, ""Who makes his angels winds, and his servants a flame of fire."""
d44b8a16-3562-5f2f-a2e8-41db285aa36a,dd68702e-9a33-5479-a794-b37e40c81d3b,,8,8,"But of the Son he says, ""Your throne, O God, is forever and ever. The scepter of uprightness is the scepter of your Kingdom."
9832a483-114d-5a31-a65a-b35e35adb2e0,dd68702e-9a33-5479-a794-b37e40c81d3b,,9,9,"You have loved righteousness, and hated iniquity; therefore God, your God, has anointed you with the oil of gladness above your fellows."""
f19061d0-b21d-53bb-a2c0-41b70dc45b0c,dd68702e-9a33-5479-a794-b37e40c81d3b,,10,10,"And, ""You, Lord, in the beginning, laid the foundation of the earth. The heavens are the works of your hands."
7ca82ff2-4249-51ae-a90a-b879f80b3222,dd68702e-9a33-5479-a794-b37e40c81d3b,,11,11,"They will perish, but you continue. They all will grow old like a garment does."
ab522081-7a7b-534e-ad59-bd73f862ee6a,dd68702e-9a33-5479-a794-b37e40c81d3b,,12,12,"As a mantle, you will roll them up, and they will be changed; but you are the same. Your years will not fail."""
f3291689-7c81-533d-aff3-18049ee0c5d7,dd68702e-9a33-5479-a794-b37e40c81d3b,,13,13,"But which of the angels has he told at any time, ""Sit at my right hand, until I make your enemies the footstool of your feet?"""
1c8db786-7fd3-5bee-af68-01926a2c959a,dd68702e-9a33-5479-a794-b37e40c81d3b,,14,14,"Aren't they all serving spirits, sent out to do service for the sake of those who will inherit salvation?"
e80aa922-3746-5e35-a416-c87c7b33a275,d30376d1-ee38-5273-ae6c-91be32da59b5,,1,1,"Therefore we ought to pay greater attention to the things that were heard, lest perhaps we drift away."
c692fef6-897d-5273-a9ee-fa4a4e806593,d30376d1-ee38-5273-ae6c-91be32da59b5,,2,2,"For if the word spoken through angels proved steadfast, and every transgression and disobedience received a just recompense;"
7d09d964-f71f-5a06-ad17-af46922e9d06,d30376d1-ee38-5273-ae6c-91be32da59b5,,3,3,"how will we escape if we neglect so great a salvation--which at the first having been spoken through the Lord, was confirmed to us by those who heard;"
29fbf5f6-16ef-532c-a8ed-7af5d258094d,d30376d1-ee38-5273-ae6c-91be32da59b5,,4,4,"God also testifying with them, both by signs and wonders, by various works of power, and by gifts of the Holy Spirit, according to his own will?"
e0fced2a-cbd7-5696-aaca-fc60d720253f,d30376d1-ee38-5273-ae6c-91be32da59b5,,5,5,"For he didn't subject the world to come, of which we speak, to angels."
2787b021-3fbe-5143-a1e3-fcb35725c433,d30376d1-ee38-5273-ae6c-91be32da59b5,,6,6,"But one has somewhere testified, saying, ""What is man, that you think of him? Or the son of man, that you care for him?"
7b51e3af-8c76-56dd-a9d6-6549f7095108,d30376d1-ee38-5273-ae6c-91be32da59b5,,7,7,You made him a little lower than the angels. You crowned him with glory and honor.
0bc62d34-b201-5a6b-a326-c196bab8c874,d30376d1-ee38-5273-ae6c-91be32da59b5,,8,8,"You have put all things in subjection under his feet."" For in that he subjected all things to him, he left nothing that is not subject to him. But now we don't see all things subjected to him, yet."
7e2344af-cf1f-5a29-a80e-438ea79de12d,d30376d1-ee38-5273-ae6c-91be32da59b5,,9,9,"But we see him who has been made a little lower than the angels, Jesus, because of the suffering of death crowned with glory and honor, that by the grace of God he should taste of death for everyone."
ac34cc94-cfeb-5b3f-aacd-fadff0606bf6,d30376d1-ee38-5273-ae6c-91be32da59b5,,10,10,"For it became him, for whom are all things, and through whom are all things, in bringing many children to glory, to make the author of their salvation perfect through sufferings."
c11fe7b7-7bc8-5c0f-a3e1-b726861dd2ee,d30376d1-ee38-5273-ae6c-91be32da59b5,,11,11,"For both he who sanctifies and those who are sanctified are all from one, for which cause he is not ashamed to call them brothers,"
76eecfd9-31bf-510e-a03d-86183d86feeb,d30376d1-ee38-5273-ae6c-91be32da59b5,,12,12,"saying, ""I will declare your name to my brothers. In the midst of the congregation I will sing your praise."""
e7d907dc-8bdf-5488-a820-3859d1ef4021,d30376d1-ee38-5273-ae6c-91be32da59b5,,13,13,"Again, ""I will put my trust in him."" Again, ""Behold, here I am with the children whom God has given me."""
d08476c0-5ef8-5f7a-a405-28f10420c1e1,d30376d1-ee38-5273-ae6c-91be32da59b5,,14,14,"Since then the children have shared in flesh and blood, he also himself in the same way partook of the same, that through death he might bring to nothing him who had the power of death, that is, the devil,"
420bae4b-f1a5-519c-a2cf-b5813070db48,d30376d1-ee38-5273-ae6c-91be32da59b5,,15,15,and might deliver all of them who through fear of death were all their lifetime subject to bondage.
54e5441b-1ecc-58e7-aabf-01b55bfbea6d,d30376d1-ee38-5273-ae6c-91be32da59b5,,16,16,"For most certainly, he doesn't give help to angels, but he gives help to the seed of Abraham."
8a1b9709-9a82-5bc0-a443-44fb750ba7da,d30376d1-ee38-5273-ae6c-91be32da59b5,,17,17,"Therefore he was obligated in all things to be made like his brothers, that he might become a merciful and faithful high priest in things pertaining to God, to make atonement for the sins of the people."
13944450-eac1-5cfb-ac5b-4de3cccda278,d30376d1-ee38-5273-ae6c-91be32da59b5,,18,18,"For in that he himself has suffered being tempted, he is able to help those who are tempted."
84656f75-572e-54df-a99a-365b84ca891f,a4e55b00-8cbd-5157-ad57-30e9400f4527,,1,1,"Therefore, holy brothers, partakers of a heavenly calling, consider the Apostle and High Priest of our confession, Jesus;"
a6b7e407-212f-59d2-a553-8e301bd6ce8e,a4e55b00-8cbd-5157-ad57-30e9400f4527,,2,2,"who was faithful to him who appointed him, as also was Moses in all his house."
c58d5138-19ea-539e-a953-f1644ca6a63d,a4e55b00-8cbd-5157-ad57-30e9400f4527,,3,3,"For he has been counted worthy of more glory than Moses, inasmuch as he who built the house has more honor than the house."
e5243c6b-06a4-5187-a5c2-7995931e47f3,a4e55b00-8cbd-5157-ad57-30e9400f4527,,4,4,For every house is built by someone; but he who built all things is God.
b7e4ba5a-ee53-54f6-a61f-6762a5ee01e6,a4e55b00-8cbd-5157-ad57-30e9400f4527,,5,5,"Moses indeed was faithful in all his house as a servant, for a testimony of those things which were afterward to be spoken,"
1139b0d4-e6ee-5a8c-adc0-3476c88314dc,a4e55b00-8cbd-5157-ad57-30e9400f4527,,6,6,"but Christ is faithful as a Son over his house; whose house we are, if we hold fast our confidence and the glorying of our hope firm to the end."
427b41ff-2877-5d19-a6dc-5869e8a3b833,a4e55b00-8cbd-5157-ad57-30e9400f4527,,7,7,"Therefore, even as the Holy Spirit says, ""Today if you will hear his voice,"
ce513681-1258-5b12-ac48-8cd3e8b9ac51,a4e55b00-8cbd-5157-ad57-30e9400f4527,,8,8,"don't harden your hearts, as in the rebellion, like as in the day of the trial in the wilderness,"
4eba7389-1246-5972-a569-634eeaf56445,a4e55b00-8cbd-5157-ad57-30e9400f4527,,9,9,"where your fathers tested me by proving me, and saw my works for forty years."
ed4d8222-87f0-54fa-a8db-e846edc2fd45,a4e55b00-8cbd-5157-ad57-30e9400f4527,,10,10,"Therefore I was displeased with that generation, and said, 'They always err in their heart, but they didn't know my ways;'"
c2b2e522-63e9-52e3-a644-8b6f7646dbf0,a4e55b00-8cbd-5157-ad57-30e9400f4527,,11,11,"as I swore in my wrath, 'They will not enter into my rest.'"""
24c59e53-b089-53bc-a2d3-e379195111df,a4e55b00-8cbd-5157-ad57-30e9400f4527,,12,12,"Beware, brothers, lest perhaps there be in any one of you an evil heart of unbelief, in falling away from the living God;"
976899e5-0d2c-52ac-af9e-d760292dffcd,a4e55b00-8cbd-5157-ad57-30e9400f4527,,13,13,"but exhort one another day by day, so long as it is called ""today;"" lest any one of you be hardened by the deceitfulness of sin."
7bbf1717-aab3-5423-a630-38bac6ab371a,a4e55b00-8cbd-5157-ad57-30e9400f4527,,14,14,"For we have become partakers of Christ, if we hold fast the beginning of our confidence firm to the end:"
bce65b01-dd0e-544a-a0e7-403ce6578668,a4e55b00-8cbd-5157-ad57-30e9400f4527,,15,15,"while it is said, ""Today if you will hear his voice, don't harden your hearts, as in the rebellion."""
a8c2f21f-ceba-5d15-ae64-1ae19bb80cb2,a4e55b00-8cbd-5157-ad57-30e9400f4527,,16,16,"For who, when they heard, rebelled? No, didn't all those who came out of Egypt by Moses?"
c81da35f-6791-5c26-a8c9-589f184c61c9,a4e55b00-8cbd-5157-ad57-30e9400f4527,,17,17,"With whom was he displeased forty years? Wasn't it with those who sinned, whose bodies fell in the wilderness?"
1c77277f-a68f-5140-aa83-eb842dd8baf6,a4e55b00-8cbd-5157-ad57-30e9400f4527,,18,18,"To whom did he swear that they wouldn't enter into his rest, but to those who were disobedient?"
1d835a2a-363a-53be-a384-e4ec01341244,a4e55b00-8cbd-5157-ad57-30e9400f4527,,19,19,We see that they were not able to enter in because of unbelief.
10345473-2d08-5bbb-a1e4-b76a89f941fa,fea5744d-6fcd-5ad8-a04b-4a2ddb4c2cd1,,1,1,"Let us fear therefore, lest perhaps anyone of you should seem to have come short of a promise of entering into his rest."
72444f86-bec0-5298-ae0e-735c568ac518,fea5744d-6fcd-5ad8-a04b-4a2ddb4c2cd1,,2,2,"For indeed we have had good news preached to us, even as they also did, but the word they heard didn't profit them, because it wasn't mixed with faith by those who heard."
d0bca94f-0eb1-50bb-a3ed-20264c78403c,fea5744d-6fcd-5ad8-a04b-4a2ddb4c2cd1,,3,3,"For we who have believed do enter into that rest, even as he has said, ""As I swore in my wrath, they will not enter into my rest;"" although the works were finished from the foundation of the world."
351352a5-767d-5317-a3e6-652434608770,fea5744d-6fcd-5ad8-a04b-4a2ddb4c2cd1,,4,4,"For he has said this somewhere about the seventh day, ""God rested on the seventh day from all his works;"""
181fb458-811f-504b-ad80-e6afa368e6f2,fea5744d-6fcd-5ad8-a04b-4a2ddb4c2cd1,,5,5,"and in this place again, ""They will not enter into my rest."""
b8c088b1-d017-509e-acb0-fdd1a9e13eb0,fea5744d-6fcd-5ad8-a04b-4a2ddb4c2cd1,,6,6,"Seeing therefore it remains that some should enter therein, and they to whom the good news was before preached failed to enter in because of disobedience,"
56446510-6f87-5cfd-a4af-bdd921b98edd,fea5744d-6fcd-5ad8-a04b-4a2ddb4c2cd1,,7,7,"he again defines a certain day, today, saying through David so long a time afterward (just as has been said), ""Today if you will hear his voice, don't harden your hearts."""
8ab517fd-9de3-5dd1-ab0d-79965e996be2,fea5744d-6fcd-5ad8-a04b-4a2ddb4c2cd1,,8,8,"For if Joshua had given them rest, he would not have spoken afterward of another day."
d91f46e5-7d7e-5bd1-a51c-31a3f66e2b19,fea5744d-6fcd-5ad8-a04b-4a2ddb4c2cd1,,9,9,There remains therefore a Sabbath rest for the people of God.
b0450572-0179-568d-ac51-62b65e3251c3,fea5744d-6fcd-5ad8-a04b-4a2ddb4c2cd1,,10,10,"For he who has entered into his rest has himself also rested from his works, as God did from his."
3f35b724-335a-5c9b-a20d-97a9c92335be,fea5744d-6fcd-5ad8-a04b-4a2ddb4c2cd1,,11,11,"Let us therefore give diligence to enter into that rest, lest anyone fall after the same example of disobedience."
d3810139-f0f6-5237-ae61-0e8b916fa1c5,fea5744d-6fcd-5ad8-a04b-4a2ddb4c2cd1,,12,12,"For the word of God is living, and active, and sharper than any two-edged sword, and piercing even to the dividing of soul and spirit, of both joints and marrow, and is able to discern the thoughts and intentions of the heart."
47772b32-bde0-59da-a031-c07d460a3644,fea5744d-6fcd-5ad8-a04b-4a2ddb4c2cd1,,13,13,"There is no creature that is hidden from his sight, but all things are naked and laid open before the eyes of him with whom we have to do."
7f8caa28-b824-5c77-a060-6a5255deca25,fea5744d-6fcd-5ad8-a04b-4a2ddb4c2cd1,,14,14,"Having then a great high priest, who has passed through the heavens, Jesus, the Son of God, let us hold tightly to our confession."
8784903a-d34d-5f98-afab-eb488bd54116,fea5744d-6fcd-5ad8-a04b-4a2ddb4c2cd1,,15,15,"For we don't have a high priest who can't be touched with the feeling of our infirmities, but one who has been in all points tempted like we are, yet without sin."
9600f6c8-7b7b-5d9a-a1f2-9a5956c0d14e,fea5744d-6fcd-5ad8-a04b-4a2ddb4c2cd1,,16,16,"Let us therefore draw near with boldness to the throne of grace, that we may receive mercy, and may find grace for help in time of need."
9a6152be-351c-5e0e-af06-b8de44404285,2f825577-e74e-5476-acc4-a76070e0a3d9,,1,1,"For every high priest, being taken from among men, is appointed for men in things pertaining to God, that he may offer both gifts and sacrifices for sins."
74e8c9cb-a1a2-55f7-a53c-12433f7832e7,2f825577-e74e-5476-acc4-a76070e0a3d9,,2,2,"The high priest can deal gently with those who are ignorant and going astray, because he himself is also surrounded with weakness."
4b1946c4-320e-5478-a12d-5a5f4ae809c3,2f825577-e74e-5476-acc4-a76070e0a3d9,,3,3,"Because of this, he must offer sacrifices for sins for the people, as well as for himself."
f9992324-e56a-56db-a70a-57dd60112a6e,2f825577-e74e-5476-acc4-a76070e0a3d9,,4,4,"Nobody takes this honor on himself, but he is called by God, just like Aaron was."
45e2e586-4146-50bb-a865-9adc6ca781b8,2f825577-e74e-5476-acc4-a76070e0a3d9,,5,5,"So also Christ didn't glorify himself to be made a high priest, but it was he who said to him, ""You are my Son. Today I have become your father."""
42ea4fa3-2d5e-5a2f-a0af-accc5917971d,2f825577-e74e-5476-acc4-a76070e0a3d9,,6,6,"As he says also in another place, ""You are a priest forever, after the order of Melchizedek."""
1e942fa9-a79c-565f-a0bd-43befd75e152,2f825577-e74e-5476-acc4-a76070e0a3d9,,7,7,"He, in the days of his flesh, having offered up prayers and petitions with strong crying and tears to him who was able to save him from death, and having been heard for his godly fear,"
21b464a0-99be-5444-aed5-aecf8b19cdf9,2f825577-e74e-5476-acc4-a76070e0a3d9,,8,8,"though he was a Son, yet learned obedience by the things which he suffered."
4fee88d0-44ed-5a28-a022-c0c6f773870b,2f825577-e74e-5476-acc4-a76070e0a3d9,,9,9,"Having been made perfect, he became to all of those who obey him the author of eternal salvation,"
faa01cab-e0df-51d5-a2d4-012d77c27a85,2f825577-e74e-5476-acc4-a76070e0a3d9,,10,10,named by God a high priest after the order of Melchizedek.
70a12624-478f-550a-a82d-0ed1e7a6022e,2f825577-e74e-5476-acc4-a76070e0a3d9,,11,11,"About him we have many words to say, and hard to interpret, seeing you have become dull of hearing."
834b2d90-54be-596c-a31e-a5bf9cb7eacd,2f825577-e74e-5476-acc4-a76070e0a3d9,,12,12,"For although by this time you should be teachers, you again need to have someone teach you the rudiments of the first principles of the oracles of God. You have come to need milk, and not solid food."
2d576ccc-d2f3-55c1-a85e-364c9dd2b511,2f825577-e74e-5476-acc4-a76070e0a3d9,,13,13,"For everyone who lives on milk is not experienced in the word of righteousness, for he is a baby."
65c30132-db88-5a5d-a8ce-3d35e58753d8,2f825577-e74e-5476-acc4-a76070e0a3d9,,14,14,"But solid food is for those who are full grown, who by reason of use have their senses exercised to discern good and evil."
9c6ea979-508e-52d2-aec6-ab042a8ce644,34cbd134-e417-5db2-aaab-626899e0717e,,1,1,"Therefore leaving the teaching of the first principles of Christ, let us press on to perfection--not laying again a foundation of repentance from dead works, of faith toward God,"
173415a1-b90d-56eb-a439-c90086df9a9c,34cbd134-e417-5db2-aaab-626899e0717e,,2,2,"of the teaching of baptisms, of laying on of hands, of resurrection of the dead, and of eternal judgment."
afc79604-9fe6-54fe-a9e1-fdff7f054e13,34cbd134-e417-5db2-aaab-626899e0717e,,3,3,"This will we do, if God permits."
14c93c58-2e80-54ef-a11c-7228bae940b7,34cbd134-e417-5db2-aaab-626899e0717e,,4,4,"For concerning those who were once enlightened and tasted of the heavenly gift, and were made partakers of the Holy Spirit,"
3ec35f25-eff2-5a7d-a313-7eb3507dec43,34cbd134-e417-5db2-aaab-626899e0717e,,5,5,"and tasted the good word of God, and the powers of the age to come,"
104324c5-c0af-58ae-afb0-607d5da02fac,34cbd134-e417-5db2-aaab-626899e0717e,,6,6,"and then fell away, it is impossible to renew them again to repentance; seeing they crucify the Son of God for themselves again, and put him to open shame."
014d0d36-e98a-5180-a287-6d3273fc28cb,34cbd134-e417-5db2-aaab-626899e0717e,,7,7,"For the land which has drunk the rain that comes often on it, and brings forth a crop suitable for them for whose sake it is also tilled, receives blessing from God;"
10041145-399e-5624-a722-de75130e6bb2,34cbd134-e417-5db2-aaab-626899e0717e,,8,8,"but if it bears thorns and thistles, it is rejected and near being cursed, whose end is to be burned."
5edc6441-407b-5df2-ae1c-d5bb32d6f4d7,34cbd134-e417-5db2-aaab-626899e0717e,,9,9,"But, beloved, we are persuaded of better things for you, and things that accompany salvation, even though we speak like this."
fee2bfd5-4cf8-5fd2-a345-f0a28abb8e9c,34cbd134-e417-5db2-aaab-626899e0717e,,10,10,"For God is not unrighteous, so as to forget your work and the labor of love which you showed toward his name, in that you served the saints, and still do serve them."
1d26ee1f-63da-5353-a937-26d3af4c7cc9,34cbd134-e417-5db2-aaab-626899e0717e,,11,11,"We desire that each one of you may show the same diligence to the fullness of hope even to the end,"
6a4875e3-66b3-5421-a2e3-5b3bd9639dc4,34cbd134-e417-5db2-aaab-626899e0717e,,12,12,"that you won't be sluggish, but imitators of those who through faith and patience inherited the promises."
a26e034a-4c4f-5bb9-add3-64062c01493c,34cbd134-e417-5db2-aaab-626899e0717e,,13,13,"For when God made a promise to Abraham, since he could swear by none greater, he swore by himself,"
4612dc6a-a46a-5fed-a24d-8cc598645848,34cbd134-e417-5db2-aaab-626899e0717e,,14,14,"saying, ""Surely blessing I will bless you, and multiplying I will multiply you."""
2587389f-68eb-5033-a163-ec5fb88e8e5d,34cbd134-e417-5db2-aaab-626899e0717e,,15,15,"Thus, having patiently endured, he obtained the promise."
2dfebad2-a636-5b50-aaea-1fd23c67a5b5,34cbd134-e417-5db2-aaab-626899e0717e,,16,16,"For men indeed swear by a greater one, and in every dispute of theirs the oath is final for confirmation."
68e8a1c2-74c0-548a-aa5e-53f63999c481,34cbd134-e417-5db2-aaab-626899e0717e,,17,17,"In this way God, being determined to show more abundantly to the heirs of the promise the immutability of his counsel, interposed with an oath;"
81ac965e-9fc9-5ca7-abfc-28cffffdd75c,34cbd134-e417-5db2-aaab-626899e0717e,,18,18,"that by two immutable things, in which it is impossible for God to lie, we may have a strong encouragement, who have fled for refuge to take hold of the hope set before us."
7f67cf34-fd96-5621-a2f3-db89a8d19082,34cbd134-e417-5db2-aaab-626899e0717e,,19,19,"This hope we have as an anchor of the soul, a hope both sure and steadfast and entering into that which is within the veil;"
2af3aa5f-226a-571b-a342-45fcd3082f94,34cbd134-e417-5db2-aaab-626899e0717e,,20,20,"where as a forerunner Jesus entered for us, having become a high priest forever after the order of Melchizedek."
e59983f8-55b8-5901-ab1e-0e62080e2beb,d65e7432-a805-53f5-ab66-b985d8645fd3,,1,1,"For this Melchizedek, king of Salem, priest of God Most High, who met Abraham returning from the slaughter of the kings and blessed him,"
7fe12c8e-b4bf-53a8-ad04-aeb589070baa,d65e7432-a805-53f5-ab66-b985d8645fd3,,2,2,"to whom also Abraham divided a tenth part of all (being first, by interpretation, king of righteousness, and then also king of Salem, which is king of peace;"
8c54392e-ce0d-545b-a72e-36718af802eb,d65e7432-a805-53f5-ab66-b985d8645fd3,,3,3,"without father, without mother, without genealogy, having neither beginning of days nor end of life, but made like the Son of God), remains a priest continually."
a521653f-bcb9-5e8c-abfc-db0af71ac546,d65e7432-a805-53f5-ab66-b985d8645fd3,,4,4,"Now consider how great this man was, to whom even Abraham, the patriarch, gave a tenth out of the best spoils."
ae0dab38-afdd-5a67-a891-60c72e85c6ce,d65e7432-a805-53f5-ab66-b985d8645fd3,,5,5,"They indeed of the sons of Levi who receive the priest's office have a commandment to take tithes of the people according to the law, that is, of their brothers, though these have come out of the body of Abraham,"
1d45aa2f-8765-5649-a2ac-e4e4dde11fa0,d65e7432-a805-53f5-ab66-b985d8645fd3,,6,6,"but he whose genealogy is not counted from them has accepted tithes from Abraham, and has blessed him who has the promises."
a90877e5-aa20-57ae-acf7-87355df1bc50,d65e7432-a805-53f5-ab66-b985d8645fd3,,7,7,But without any dispute the lesser is blessed by the greater.
f1896d1a-5fbc-5f54-aae7-4dd2e31ab390,d65e7432-a805-53f5-ab66-b985d8645fd3,,8,8,"Here people who die receive tithes, but there one receives tithes of whom it is testified that he lives."
96b21506-1815-52a0-a60b-4e7f785f8e69,d65e7432-a805-53f5-ab66-b985d8645fd3,,9,9,"We can say that through Abraham even Levi, who receives tithes, has paid tithes,"
78cf6c4d-fea8-5227-a3cc-0431e80d8e79,d65e7432-a805-53f5-ab66-b985d8645fd3,,10,10,for he was yet in the body of his father when Melchizedek met him.
28c1c509-2076-5ab1-ae85-b61a2bb0319d,d65e7432-a805-53f5-ab66-b985d8645fd3,,11,11,"Now if there was perfection through the Levitical priesthood (for under it the people have received the law), what further need was there for another priest to arise after the order of Melchizedek, and not be called after the order of Aaron?"
d31907c4-65cd-5006-a8e5-b81c2bd64583,d65e7432-a805-53f5-ab66-b985d8645fd3,,12,12,"For the priesthood being changed, there is of necessity a change made also in the law."
ef3cb722-dc23-53c8-a7df-252ef8598bc4,d65e7432-a805-53f5-ab66-b985d8645fd3,,13,13,"For he of whom these things are said belongs to another tribe, from which no one has officiated at the altar."
86f1da25-e86d-563a-a638-c40b063579c5,d65e7432-a805-53f5-ab66-b985d8645fd3,,14,14,"For it is evident that our Lord has sprung out of Judah, about which tribe Moses spoke nothing concerning priesthood."
27e2aa48-28b2-524a-af0b-5fc45cda110f,d65e7432-a805-53f5-ab66-b985d8645fd3,,15,15,"This is yet more abundantly evident, if after the likeness of Melchizedek there arises another priest,"
3f7a776e-ae0a-5b65-acfa-55e2bba4d7e9,d65e7432-a805-53f5-ab66-b985d8645fd3,,16,16,"who has been made, not after the law of a fleshly commandment, but after the power of an endless life:"
59c4a445-78ed-549c-acd9-f344b2c41735,d65e7432-a805-53f5-ab66-b985d8645fd3,,17,17,"for it is testified, ""You are a priest forever, according to the order of Melchizedek."""
f34c8cb7-21be-587a-ab90-7fd5b74ee83a,d65e7432-a805-53f5-ab66-b985d8645fd3,,18,18,For there is an annulling of a foregoing commandment because of its weakness and uselessness
e1b400ea-d678-5294-ab49-c513cea5f3c6,d65e7432-a805-53f5-ab66-b985d8645fd3,,19,19,"(for the law made nothing perfect), and a bringing in of a better hope, through which we draw near to God."
a4f0fcae-a3f4-59b1-aff6-8147c7720a84,d65e7432-a805-53f5-ab66-b985d8645fd3,,20,20,Inasmuch as he was not made priest without the taking of an oath
c7d964c9-f70a-5d9d-aed4-22c539f23625,d65e7432-a805-53f5-ab66-b985d8645fd3,,21,21,"(for they indeed have been made priests without an oath), but he with an oath by him that says of him, ""The Lord swore and will not change his mind, 'You are a priest forever, according to the order of Melchizedek.'"""
8e32e030-c040-546b-aebd-756b03c0992c,d65e7432-a805-53f5-ab66-b985d8645fd3,,22,22,"By so much, Jesus has become the collateral of a better covenant."
51e51ae1-c696-5fe7-a523-d95c34cf9af5,d65e7432-a805-53f5-ab66-b985d8645fd3,,23,23,"Many, indeed, have been made priests, because they are hindered from continuing by death."
e04fabdf-0a1b-5604-aac1-c739e1da1527,d65e7432-a805-53f5-ab66-b985d8645fd3,,24,24,"But he, because he lives forever, has his priesthood unchangeable."
5ec4cd89-1859-58db-a204-348684166e89,d65e7432-a805-53f5-ab66-b985d8645fd3,,25,25,"Therefore he is also able to save to the uttermost those who draw near to God through him, seeing that he lives forever to make intercession for them."
39265294-d7b1-5196-aefa-309de9718874,d65e7432-a805-53f5-ab66-b985d8645fd3,,26,26,"For such a high priest was fitting for us: holy, guiltless, undefiled, separated from sinners, and made higher than the heavens;"
f4696d0b-f198-587a-a179-201e490075ba,d65e7432-a805-53f5-ab66-b985d8645fd3,,27,27,"who doesn't need, like those high priests, to offer up sacrifices daily, first for his own sins, and then for the sins of the people. For he did this once for all, when he offered up himself."
e10aafd2-6b29-5aa5-acf4-19ed2a39e7e6,d65e7432-a805-53f5-ab66-b985d8645fd3,,28,28,"For the law appoints men as high priests who have weakness, but the word of the oath which came after the law appoints a Son forever who has been perfected."
3f83a7a0-0d5c-5482-abe2-7eb9ea15aec0,7bbdbabf-3396-5fc1-a4f1-07ea377afc21,,1,1,"Now in the things which we are saying, the main point is this. We have such a high priest, who sat down on the right hand of the throne of the Majesty in the heavens,"
59a8c81b-c3d0-5498-ab14-31d63e575c2e,7bbdbabf-3396-5fc1-a4f1-07ea377afc21,,2,2,"a servant of the sanctuary, and of the true tabernacle, which the Lord pitched, not man."
dce4bb2b-c055-5514-af2e-4ee58b98e36e,7bbdbabf-3396-5fc1-a4f1-07ea377afc21,,3,3,For every high priest is appointed to offer both gifts and sacrifices. Therefore it is necessary that this high priest also have something to offer.
d9b09cec-baaf-5fa2-af1e-3287e45fd12a,7bbdbabf-3396-5fc1-a4f1-07ea377afc21,,4,4,"For if he were on earth, he would not be a priest at all, seeing there are priests who offer the gifts according to the law;"
fc9a9fda-4ab2-53fd-a6ce-fc3560868ae1,7bbdbabf-3396-5fc1-a4f1-07ea377afc21,,5,5,"who serve a copy and shadow of the heavenly things, even as Moses was warned by God when he was about to make the tabernacle, for he said, ""See, you shall make everything according to the pattern that was shown to you on the mountain."""
cfe1afb8-c07b-5c18-a347-eff9f557cfdd,7bbdbabf-3396-5fc1-a4f1-07ea377afc21,,6,6,"But now he has obtained a more excellent ministry, by so much as he is also the mediator of a better covenant, which on better promises has been given as law."
0f7f877a-43ae-5053-afb3-e6de89539bfd,7bbdbabf-3396-5fc1-a4f1-07ea377afc21,,7,7,"For if that first covenant had been faultless, then no place would have been sought for a second."
1b80701d-831c-5f17-a5d5-8d3a68ee94d9,7bbdbabf-3396-5fc1-a4f1-07ea377afc21,,8,8,"For finding fault with them, he said, ""Behold, the days come,"" says the Lord, ""that I will make a new covenant with the house of Israel and with the house of Judah;"
bc328f70-217c-55e1-ae9a-49243dbde8ef,7bbdbabf-3396-5fc1-a4f1-07ea377afc21,,9,9,"not according to the covenant that I made with their fathers, in the day that I took them by the hand to lead them out of the land of Egypt; for they didn't continue in my covenant, and I disregarded them,"" says the Lord."
21c0cb66-dbf3-51aa-a972-2cac5b2920c8,7bbdbabf-3396-5fc1-a4f1-07ea377afc21,,10,10,"""For this is the covenant that I will make with the house of Israel. After those days,"" says the Lord; ""I will put my laws into their mind, I will also write them on their heart. I will be their God, and they will be my people."
56186f48-0c35-511d-aaba-87efc3ec547b,7bbdbabf-3396-5fc1-a4f1-07ea377afc21,,11,11,"They will not teach every man his fellow citizen, and every man his brother, saying, 'Know the Lord,' for all will know me, from the least of them to the greatest of them."
707324b5-a2d6-58fd-aee1-f80ab89917d5,7bbdbabf-3396-5fc1-a4f1-07ea377afc21,,12,12,"For I will be merciful to their unrighteousness. I will remember their sins and lawless deeds no more."""
c70a9a9f-0580-5c5d-a167-b2745006627e,7bbdbabf-3396-5fc1-a4f1-07ea377afc21,,13,13,"In that he says, ""A new covenant,"" he has made the first old. But that which is becoming old and grows aged is near to vanishing away."
892ab2eb-990a-5706-a69d-0b9bda3d554d,720f0ff9-29f4-5099-a827-bb8e8877e233,,1,1,"Now indeed even the first covenant had ordinances of divine service, and an earthly sanctuary."
a1b8bf61-42bd-5c69-a56e-07c2fe33b5fe,720f0ff9-29f4-5099-a827-bb8e8877e233,,2,2,"For a tabernacle was prepared. In the first part were the lampstand, the table, and the show bread; which is called the Holy Place."
4121ca75-1dc2-57fc-ae84-4f8e0413b8d3,720f0ff9-29f4-5099-a827-bb8e8877e233,,3,3,"After the second veil was the tabernacle which is called the Holy of Holies,"
e332fb5a-9389-5af0-a088-5c7418567622,720f0ff9-29f4-5099-a827-bb8e8877e233,,4,4,"having a golden altar of incense, and the ark of the covenant overlaid on all sides with gold, in which was a golden pot holding the manna, Aaron's rod that budded, and the tablets of the covenant;"
4fc1bdc9-ff94-5938-a0c4-97d982950811,720f0ff9-29f4-5099-a827-bb8e8877e233,,5,5,"and above it cherubim of glory overshadowing the mercy seat, of which things we can't speak now in detail."
77872d21-538f-56e1-a8da-3badfd940d7d,720f0ff9-29f4-5099-a827-bb8e8877e233,,6,6,"Now these things having been thus prepared, the priests go in continually into the first tabernacle, accomplishing the services,"
54ca5da8-aa26-501e-ad41-460a036d8607,720f0ff9-29f4-5099-a827-bb8e8877e233,,7,7,"but into the second the high priest alone, once in the year, not without blood, which he offers for himself, and for the errors of the people."
5d1ea6e7-cd43-5a63-aa98-102d5f982545,720f0ff9-29f4-5099-a827-bb8e8877e233,,8,8,"The Holy Spirit is indicating this, that the way into the Holy Place wasn't yet revealed while the first tabernacle was still standing;"
f6dd2dba-6cc8-5a86-adb6-7d984b0c5894,720f0ff9-29f4-5099-a827-bb8e8877e233,,9,9,"which is a symbol of the present age, where gifts and sacrifices are offered that are incapable, concerning the conscience, of making the worshipper perfect;"
abf49b27-21e2-5101-af1a-c9bef248c252,720f0ff9-29f4-5099-a827-bb8e8877e233,,10,10,"being only (with meats and drinks and various washings) fleshly ordinances, imposed until a time of reformation."
eeb6e4e6-0870-553f-aa43-029067e5c8e0,720f0ff9-29f4-5099-a827-bb8e8877e233,,11,11,"But Christ having come as a high priest of the coming good things, through the greater and more perfect tabernacle, not made with hands, that is to say, not of this creation,"
3e113c41-a5af-5066-ad01-8ed7b56b3286,720f0ff9-29f4-5099-a827-bb8e8877e233,,12,12,"nor yet through the blood of goats and calves, but through his own blood, entered in once for all into the Holy Place, having obtained eternal redemption."
b08fa8a7-1959-5f3a-ab14-755327032a01,720f0ff9-29f4-5099-a827-bb8e8877e233,,13,13,"For if the blood of goats and bulls, and the ashes of a heifer sprinkling those who have been defiled, sanctify to the cleanness of the flesh:"
6a3496cd-0e0a-513e-af55-5777ef641ac8,720f0ff9-29f4-5099-a827-bb8e8877e233,,14,14,"how much more will the blood of Christ, who through the eternal Spirit offered himself without blemish to God, cleanse your conscience from dead works to serve the living God?"
28a383a4-d446-5cf7-a81a-2a0f9df6b6ca,720f0ff9-29f4-5099-a827-bb8e8877e233,,15,15,"For this reason he is the mediator of a new covenant, since a death has occurred for the redemption of the transgressions that were under the first covenant, that those who have been called may receive the promise of the eternal inheritance."
e66f95d6-e255-59ce-a40f-eb14c6002010,720f0ff9-29f4-5099-a827-bb8e8877e233,,16,16,"For where a last will and testament is, there must of necessity be the death of him who made it."
577eaeb3-c97e-50af-a180-864039892cd6,720f0ff9-29f4-5099-a827-bb8e8877e233,,17,17,"For a will is in force where there has been death, for it is never in force while he who made it lives."
a788e1db-7039-5bcc-aae3-3642aa5d9a6e,720f0ff9-29f4-5099-a827-bb8e8877e233,,18,18,Therefore even the first covenant has not been dedicated without blood.
f722a21e-fc0c-53c1-a492-c795b15cc113,720f0ff9-29f4-5099-a827-bb8e8877e233,,19,19,"For when every commandment had been spoken by Moses to all the people according to the law, he took the blood of the calves and the goats, with water and scarlet wool and hyssop, and sprinkled both the book itself and all the people,"
83d4a332-a17e-5a65-a941-1fb0a7530382,720f0ff9-29f4-5099-a827-bb8e8877e233,,20,20,"saying, ""This is the blood of the covenant which God has commanded you."""
3f2e2034-3104-577d-a80a-ebd3335dd236,720f0ff9-29f4-5099-a827-bb8e8877e233,,21,21,Moreover he sprinkled the tabernacle and all the vessels of the ministry in the same way with the blood.
f4e85076-4e77-5aec-a678-d4c7b42753da,720f0ff9-29f4-5099-a827-bb8e8877e233,,22,22,"According to the law, nearly everything is cleansed with blood, and apart from shedding of blood there is no remission."
dde78aec-683a-55a9-a98c-7bf2a885d620,720f0ff9-29f4-5099-a827-bb8e8877e233,,23,23,It was necessary therefore that the copies of the things in the heavens should be cleansed with these; but the heavenly things themselves with better sacrifices than these.
055f93e3-44d0-549b-a026-bad1af2d6afe,720f0ff9-29f4-5099-a827-bb8e8877e233,,24,24,"For Christ hasn't entered into holy places made with hands, which are representations of the true, but into heaven itself, now to appear in the presence of God for us;"
4e7ee031-b5a2-57ea-a9c9-1a2f7237d6d2,720f0ff9-29f4-5099-a827-bb8e8877e233,,25,25,"nor yet that he should offer himself often, as the high priest enters into the holy place year by year with blood not his own,"
ec83d50c-703c-5205-a567-898c2d319c02,720f0ff9-29f4-5099-a827-bb8e8877e233,,26,26,"or else he must have suffered often since the foundation of the world. But now once at the end of the ages, he has been revealed to put away sin by the sacrifice of himself."
4517b7e5-f261-55ea-ac15-9cecc078347c,720f0ff9-29f4-5099-a827-bb8e8877e233,,27,27,"Inasmuch as it is appointed for men to die once, and after this, judgment,"
f1e8a696-bc2f-508e-ac97-de99f44695ae,720f0ff9-29f4-5099-a827-bb8e8877e233,,28,28,"so Christ also, having been offered once to bear the sins of many, will appear a second time, without sin, to those who are eagerly waiting for him for salvation."
4706aa14-15f4-5c42-ac8f-ee0487a63d22,09260e82-5f47-5f65-aec0-8f4e1a68d8bd,,1,1,"For the law, having a shadow of the good to come, not the very image of the things, can never with the same sacrifices year by year, which they offer continually, make perfect those who draw near."
c4c9bbfc-054e-567f-ab77-d5e9ed0f527b,09260e82-5f47-5f65-aec0-8f4e1a68d8bd,,2,2,"Or else wouldn't they have ceased to be offered, because the worshippers, having been once cleansed, would have had no more consciousness of sins?"
61bfdc07-3ebf-5653-a7ea-f6e4c51e80ae,09260e82-5f47-5f65-aec0-8f4e1a68d8bd,,3,3,But in those sacrifices there is a yearly reminder of sins.
e7436a3f-c607-53ab-ab30-454609499625,09260e82-5f47-5f65-aec0-8f4e1a68d8bd,,4,4,For it is impossible that the blood of bulls and goats should take away sins.
2c56887a-9f11-5adf-a780-0b333ab56ecb,09260e82-5f47-5f65-aec0-8f4e1a68d8bd,,5,5,"Therefore when he comes into the world, he says, ""Sacrifice and offering you didn't desire, but you prepared a body for me;"
7baefa77-6680-5a24-a344-3a455383b4b8,09260e82-5f47-5f65-aec0-8f4e1a68d8bd,,6,6,You had no pleasure in whole burnt offerings and sacrifices for sin.
900c4a29-685a-5f98-a47b-31499af81057,09260e82-5f47-5f65-aec0-8f4e1a68d8bd,,7,7,"Then I said, 'Behold, I have come (in the scroll of the book it is written of me) to do your will, O God.'"""
6347b7c1-8686-5d4d-a7f7-ce21ff75b05f,09260e82-5f47-5f65-aec0-8f4e1a68d8bd,,8,8,"Previously saying, ""Sacrifices and offerings and whole burnt offerings and sacrifices for sin you didn't desire, neither had pleasure in them"" (those which are offered according to the law),"
4349b9e6-1eb9-5a85-a859-a597fe39ce67,09260e82-5f47-5f65-aec0-8f4e1a68d8bd,,9,9,"then he has said, ""Behold, I have come to do your will."" He takes away the first, that he may establish the second,"
7892dc10-9d47-597f-a915-2a48384fb922,09260e82-5f47-5f65-aec0-8f4e1a68d8bd,,10,10,by which will we have been sanctified through the offering of the body of Jesus Christ once for all.
a5e72d76-d747-54b9-aada-c1b08b47a9b0,09260e82-5f47-5f65-aec0-8f4e1a68d8bd,,11,11,"Every priest indeed stands day by day serving and often offering the same sacrifices, which can never take away sins,"
98efce7a-988c-529a-a9fb-15a62a9cf254,09260e82-5f47-5f65-aec0-8f4e1a68d8bd,,12,12,"but he, when he had offered one sacrifice for sins forever, sat down on the right hand of God;"
9532696e-096c-5b55-a3da-928260566aa9,09260e82-5f47-5f65-aec0-8f4e1a68d8bd,,13,13,from that time waiting until his enemies are made the footstool of his feet.
cd65aa58-7902-5e48-a7c3-7b5134f80d4e,09260e82-5f47-5f65-aec0-8f4e1a68d8bd,,14,14,For by one offering he has perfected forever those who are being sanctified.
346c0e38-09fa-5974-aa7c-ecf613853b21,09260e82-5f47-5f65-aec0-8f4e1a68d8bd,,15,15,"The Holy Spirit also testifies to us, for after saying,"
c62addfd-a673-5376-a005-509bbf827b83,09260e82-5f47-5f65-aec0-8f4e1a68d8bd,,16,16,"""This is the covenant that I will make with them: 'After those days,' says the Lord, 'I will put my laws on their heart, I will also write them on their mind;'"" then he says,"
095c95d0-09e3-5e14-a771-ebde75eeabc9,09260e82-5f47-5f65-aec0-8f4e1a68d8bd,,17,17,"""I will remember their sins and their iniquities no more."""
c92dca4c-7889-5d07-a4a4-75110435ce99,09260e82-5f47-5f65-aec0-8f4e1a68d8bd,,18,18,"Now where remission of these is, there is no more offering for sin."
e7ac5e0c-98b7-529f-a531-7294bb838dd3,09260e82-5f47-5f65-aec0-8f4e1a68d8bd,,19,19,"Having therefore, brothers, boldness to enter into the holy place by the blood of Jesus,"
b6d80acb-33f5-57cb-ac31-b602df7b2e1a,09260e82-5f47-5f65-aec0-8f4e1a68d8bd,,20,20,"by the way which he dedicated for us, a new and living way, through the veil, that is to say, his flesh;"
6be1775f-388e-5201-a7ce-4f5ff15fdcef,09260e82-5f47-5f65-aec0-8f4e1a68d8bd,,21,21,"and having a great priest over the house of God,"
64aaedf3-c664-5691-ae0e-5a4ab685a365,09260e82-5f47-5f65-aec0-8f4e1a68d8bd,,22,22,"let's draw near with a true heart in fullness of faith, having our hearts sprinkled from an evil conscience, and having our body washed with pure water,"
73bf4138-a4a2-57d9-aa7d-9e7b90c988f4,09260e82-5f47-5f65-aec0-8f4e1a68d8bd,,23,23,let us hold fast the confession of our hope without wavering; for he who promised is faithful.
d3bf9a7e-0dbf-58aa-a570-f018dc8e896d,09260e82-5f47-5f65-aec0-8f4e1a68d8bd,,24,24,"Let us consider how to provoke one another to love and good works,"
820f00e8-6a74-5092-a8b2-976d32d57d40,09260e82-5f47-5f65-aec0-8f4e1a68d8bd,,25,25,"not forsaking our own assembling together, as the custom of some is, but exhorting one another; and so much the more, as you see the Day approaching."
49a67113-ae94-517a-a1fa-8da28fea6420,09260e82-5f47-5f65-aec0-8f4e1a68d8bd,,26,26,"For if we sin willfully after we have received the knowledge of the truth, there remains no more a sacrifice for sins,"
71cb59f8-5dce-5f23-aea8-caec8c4672b7,09260e82-5f47-5f65-aec0-8f4e1a68d8bd,,27,27,"but a certain fearful expectation of judgment, and a fierceness of fire which will devour the adversaries."
0427c08a-4a1f-5430-a011-e934252114c6,09260e82-5f47-5f65-aec0-8f4e1a68d8bd,,28,28,A man who disregards Moses' law dies without compassion on the word of two or three witnesses.
9de49aae-49a2-535c-ab5b-ef8b1ef1d25e,09260e82-5f47-5f65-aec0-8f4e1a68d8bd,,29,29,"How much worse punishment, do you think, will he be judged worthy of, who has trodden under foot the Son of God, and has counted the blood of the covenant with which he was sanctified an unholy thing, and has insulted the Spirit of grace?"
f68cc515-e675-5763-af3c-738f7c0b70ca,09260e82-5f47-5f65-aec0-8f4e1a68d8bd,,30,30,"For we know him who said, ""Vengeance belongs to me,"" says the Lord, ""I will repay."" Again, ""The Lord will judge his people."""
255cc47b-56c8-5631-aca1-4532c9802051,09260e82-5f47-5f65-aec0-8f4e1a68d8bd,,31,31,It is a fearful thing to fall into the hands of the living God.
cce7efb3-81e5-57fb-ad7b-45078ef6d4db,09260e82-5f47-5f65-aec0-8f4e1a68d8bd,,32,32,"But remember the former days, in which, after you were enlightened, you endured a great struggle with sufferings;"
2c95266b-53eb-5470-a934-abf820e3bc5b,09260e82-5f47-5f65-aec0-8f4e1a68d8bd,,33,33,"partly, being exposed to both reproaches and oppressions; and partly, becoming partakers with those who were treated so."
37f0a0f9-69f5-542f-ab37-b10e7b3fc794,09260e82-5f47-5f65-aec0-8f4e1a68d8bd,,34,34,"For you both had compassion on me in my chains, and joyfully accepted the plundering of your possessions, knowing that you have for yourselves a better possession and an enduring one in the heavens."
e2d3476e-520d-5e5e-a146-ea4e2d8f433b,09260e82-5f47-5f65-aec0-8f4e1a68d8bd,,35,35,"Therefore don't throw away your boldness, which has a great reward."
aa6387a5-3e38-5c5f-abd2-b4d5164b2f7c,09260e82-5f47-5f65-aec0-8f4e1a68d8bd,,36,36,"For you need endurance so that, having done the will of God, you may receive the promise."
d0c38d36-ca3d-5f34-a7a7-aa356c4e3ca9,09260e82-5f47-5f65-aec0-8f4e1a68d8bd,,37,37,"""In a very little while, he who comes will come, and will not wait."
5d8d0f84-0e4d-5aa5-a131-432723468063,09260e82-5f47-5f65-aec0-8f4e1a68d8bd,,38,38,"But the righteous will live by faith. If he shrinks back, my soul has no pleasure in him."""
078fa8d4-8876-52e3-aee1-99818674b90d,09260e82-5f47-5f65-aec0-8f4e1a68d8bd,,39,39,"But we are not of those who shrink back to destruction, but of those who have faith to the saving of the soul."
cadf6038-a3bc-50cf-aec7-bf90e843b88d,6281e5c5-c275-539a-a117-ed72afbdfc15,,1,1,"Now faith is assurance of things hoped for, proof of things not seen."
86cc5dd8-92f1-592a-aa28-6449ea28fcb2,6281e5c5-c275-539a-a117-ed72afbdfc15,,2,2,"For by this, the elders obtained testimony."
99264761-6edd-570e-ad53-9f58bd673cb7,6281e5c5-c275-539a-a117-ed72afbdfc15,,3,3,"By faith, we understand that the universe has been framed by the word of God, so that what is seen has not been made out of things which are visible."
1d635ae7-4f64-583b-a4e5-f04accdadd7e,6281e5c5-c275-539a-a117-ed72afbdfc15,,4,4,"By faith, Abel offered to God a more excellent sacrifice than Cain, through which he had testimony given to him that he was righteous, God testifying with respect to his gifts; and through it he, being dead, still speaks."
9f2fab86-b90c-5062-a6a1-8be9a25abcf3,6281e5c5-c275-539a-a117-ed72afbdfc15,,5,5,"By faith, Enoch was taken away, so that he wouldn't see death, and he was not found, because God translated him. For he has had testimony given to him that before his translation he had been well pleasing to God."
136e55fa-6092-5724-a06c-fa6ee750957f,6281e5c5-c275-539a-a117-ed72afbdfc15,,6,6,"Without faith it is impossible to be well pleasing to him, for he who comes to God must believe that he exists, and that he is a rewarder of those who seek him."
c5cd0e43-6107-5d2f-a594-2a7201230de9,6281e5c5-c275-539a-a117-ed72afbdfc15,,7,7,"By faith, Noah, being warned about things not yet seen, moved with godly fear, prepared a ship for the saving of his house, through which he condemned the world, and became heir of the righteousness which is according to faith."
37448f59-ea3c-5b23-ad00-170668d0e7c8,6281e5c5-c275-539a-a117-ed72afbdfc15,,8,8,"By faith, Abraham, when he was called, obeyed to go out to the place which he was to receive for an inheritance. He went out, not knowing where he went."
41bdf8bb-bd09-5158-a279-23916f6e1f3e,6281e5c5-c275-539a-a117-ed72afbdfc15,,9,9,"By faith, he lived as an alien in the land of promise, as in a land not his own, dwelling in tents, with Isaac and Jacob, the heirs with him of the same promise."
47de222e-4344-57a9-af0b-4b3ac0c68c21,6281e5c5-c275-539a-a117-ed72afbdfc15,,10,10,"For he looked for the city which has the foundations, whose builder and maker is God."
f01efdbe-555c-58ea-a025-8c6606235523,6281e5c5-c275-539a-a117-ed72afbdfc15,,11,11,"By faith, even Sarah herself received power to conceive, and she bore a child when she was past age, since she counted him faithful who had promised."
994fa00d-7e63-5878-accc-495bee04598a,6281e5c5-c275-539a-a117-ed72afbdfc15,,12,12,"Therefore as many as the stars of the sky in multitude, and as innumerable as the sand which is by the sea shore, were fathered by one man, and him as good as dead."
6a25eed2-0ed7-5e11-a17f-f355665fa4d5,6281e5c5-c275-539a-a117-ed72afbdfc15,,13,13,"These all died in faith, not having received the promises, but having seen them and embraced them from afar, and having confessed that they were strangers and pilgrims on the earth."
53761abc-06ab-5e11-a13e-45be941bdeee,6281e5c5-c275-539a-a117-ed72afbdfc15,,14,14,For those who say such things make it clear that they are seeking a country of their own.
e22d3a54-bb90-5632-ae29-fd993e72feab,6281e5c5-c275-539a-a117-ed72afbdfc15,,15,15,"If indeed they had been thinking of that country from which they went out, they would have had enough time to return."
0a4eb6fe-e4a2-5596-ab0a-60bf26ebae10,6281e5c5-c275-539a-a117-ed72afbdfc15,,16,16,"But now they desire a better country, that is, a heavenly one. Therefore God is not ashamed of them, to be called their God, for he has prepared a city for them."
20aad4f0-e3ec-55ba-ae45-74c92c5f3f21,6281e5c5-c275-539a-a117-ed72afbdfc15,,17,17,"By faith, Abraham, being tested, offered up Isaac. Yes, he who had gladly received the promises was offering up his one and only son;"
50c4b566-725c-528d-ac0e-15f499ca8dd0,6281e5c5-c275-539a-a117-ed72afbdfc15,,18,18,"even he to whom it was said, ""In Isaac will your seed be called;"""
466909ac-ae3c-503a-ace5-b69e8ba9bdbb,6281e5c5-c275-539a-a117-ed72afbdfc15,,19,19,"concluding that God is able to raise up even from the dead. Figuratively speaking, he also did receive him back from the dead."
2e0f53fe-35d7-59a5-ad6d-0dded923a5fb,6281e5c5-c275-539a-a117-ed72afbdfc15,,20,20,"By faith, Isaac blessed Jacob and Esau, even concerning things to come."
b091a6ba-45c2-5cb9-a80b-b609a5c5247f,6281e5c5-c275-539a-a117-ed72afbdfc15,,21,21,"By faith, Jacob, when he was dying, blessed each of the sons of Joseph, and worshiped, leaning on the top of his staff."
4ce29c28-ffba-565e-a8f3-1645c0e3ba13,6281e5c5-c275-539a-a117-ed72afbdfc15,,22,22,"By faith, Joseph, when his end was near, made mention of the departure of the children of Israel; and gave instructions concerning his bones."
15c6f37f-edcc-51aa-a919-04867b75d22e,6281e5c5-c275-539a-a117-ed72afbdfc15,,23,23,"By faith, Moses, when he was born, was hidden for three months by his parents, because they saw that he was a beautiful child, and they were not afraid of the king's commandment."
9924d057-af0f-51c7-ad00-936434ebaa26,6281e5c5-c275-539a-a117-ed72afbdfc15,,24,24,"By faith, Moses, when he had grown up, refused to be called the son of Pharaoh's daughter,"
a8a82317-387d-583a-a53f-108f54b53824,6281e5c5-c275-539a-a117-ed72afbdfc15,,25,25,"choosing rather to share ill treatment with God's people, than to enjoy the pleasures of sin for a time;"
a1cbe6c5-1b33-5667-a97f-14dc34cf9157,6281e5c5-c275-539a-a117-ed72afbdfc15,,26,26,accounting the reproach of Christ greater riches than the treasures of Egypt; for he looked to the reward.
09dbdb43-357b-58f5-aa53-afcd78e157c1,6281e5c5-c275-539a-a117-ed72afbdfc15,,27,27,"By faith, he left Egypt, not fearing the wrath of the king; for he endured, as seeing him who is invisible."
b158ab3e-731e-551e-ad45-00ec68bf6c7e,6281e5c5-c275-539a-a117-ed72afbdfc15,,28,28,"By faith, he kept the Passover, and the sprinkling of the blood, that the destroyer of the firstborn should not touch them."
06d0a492-25f9-55b1-a020-59488b313561,6281e5c5-c275-539a-a117-ed72afbdfc15,,29,29,"By faith, they passed through the Red Sea as on dry land. When the Egyptians tried to do so, they were swallowed up."
a91b67b1-56a9-5a33-aeee-62e409750515,6281e5c5-c275-539a-a117-ed72afbdfc15,,30,30,"By faith, the walls of Jericho fell down, after they had been encircled for seven days."
6bc849b8-2998-56a1-a36c-712166f5a0a8,6281e5c5-c275-539a-a117-ed72afbdfc15,,31,31,"By faith, Rahab the prostitute, didn't perish with those who were disobedient, having received the spies in peace."
923a17c6-5ef1-5dc5-ada5-73fbdb58fa7d,6281e5c5-c275-539a-a117-ed72afbdfc15,,32,32,"What more shall I say? For the time would fail me if I told of Gideon, Barak, Samson, Jephthah, David, Samuel, and the prophets;"
830212eb-f212-56de-a94c-5e1e1c142c2d,6281e5c5-c275-539a-a117-ed72afbdfc15,,33,33,"who, through faith subdued kingdoms, worked out righteousness, obtained promises, stopped the mouths of lions,"
3163bae4-9def-5c68-a17f-f41b0bf0b96d,6281e5c5-c275-539a-a117-ed72afbdfc15,,34,34,"quenched the power of fire, escaped the edge of the sword, from weakness were made strong, grew mighty in war, and caused foreign armies to flee."
1ca78e53-0e45-5512-a944-288ea02b3b92,6281e5c5-c275-539a-a117-ed72afbdfc15,,35,35,"Women received their dead by resurrection. Others were tortured, not accepting their deliverance, that they might obtain a better resurrection."
5f3a3ed5-77f8-5e9f-a316-4f8b5c547ffb,6281e5c5-c275-539a-a117-ed72afbdfc15,,36,36,"Others were tried by mocking and scourging, yes, moreover by bonds and imprisonment."
d12eee64-e753-559e-aaa1-1b0c6c3b3984,6281e5c5-c275-539a-a117-ed72afbdfc15,,37,37,"They were stoned. They were sawn apart. They were tempted. They were slain with the sword. They went around in sheep skins and in goat skins; being destitute, afflicted, ill-treated"
b8d6ff53-71c1-55f7-a54c-67c068f206d3,6281e5c5-c275-539a-a117-ed72afbdfc15,,38,38,"(of whom the world was not worthy), wandering in deserts, mountains, caves, and the holes of the earth."
14d08f85-af44-5e26-a57b-ad10e13ff395,6281e5c5-c275-539a-a117-ed72afbdfc15,,39,39,"These all, having had testimony given to them through their faith, didn't receive the promise,"
65c31c24-618a-56a0-a023-09bb2a8f67bb,6281e5c5-c275-539a-a117-ed72afbdfc15,,40,40,"God having provided some better thing concerning us, so that apart from us they should not be made perfect."
0b75bb0a-12b1-5818-af3f-f0424ed260ac,0a8838b8-91e3-50eb-aa57-331cbab55759,,1,1,"Therefore let us also, seeing we are surrounded by so great a cloud of witnesses, lay aside every weight and the sin which so easily entangles us, and let us run with patience the race that is set before us,"
b65eeedd-079a-50ee-a18f-535efb345266,0a8838b8-91e3-50eb-aa57-331cbab55759,,2,2,"looking to Jesus, the author and perfecter of faith, who for the joy that was set before him endured the cross, despising its shame, and has sat down at the right hand of the throne of God."
e22a5d39-2f1e-56e7-aea0-92007335c6ca,0a8838b8-91e3-50eb-aa57-331cbab55759,,3,3,"For consider him who has endured such contradiction of sinners against himself, that you don't grow weary, fainting in your souls."
af2a586e-3e57-5b73-a4f5-34cbe8848f77,0a8838b8-91e3-50eb-aa57-331cbab55759,,4,4,"You have not yet resisted to blood, striving against sin;"
6f8814e8-5fe4-5be9-a591-393c16b6f56b,0a8838b8-91e3-50eb-aa57-331cbab55759,,5,5,"and you have forgotten the exhortation which reasons with you as with children, ""My son, don't take lightly the chastening of the Lord, nor faint when you are reproved by him;"
50b15448-ebcb-5f7b-a526-b5922a19a70a,0a8838b8-91e3-50eb-aa57-331cbab55759,,6,6,"For whom the Lord loves, he chastens, and scourges every son whom he receives."""
c79cb497-0660-5bfc-aa65-d4fb950d84bd,0a8838b8-91e3-50eb-aa57-331cbab55759,,7,7,"It is for discipline that you endure. God deals with you as with children, for what son is there whom his father doesn't discipline?"
ded74e5f-8b2b-543d-a015-2e2d92d178d7,0a8838b8-91e3-50eb-aa57-331cbab55759,,8,8,"But if you are without discipline, of which all have been made partakers, then are you illegitimate, and not children."
783fcbee-bcfd-5352-aad8-386de0b5649f,0a8838b8-91e3-50eb-aa57-331cbab55759,,9,9,"Furthermore, we had the fathers of our flesh to chasten us, and we paid them respect. Shall we not much rather be in subjection to the Father of spirits, and live?"
a58cb334-81d9-556c-abca-15f58ae9354e,0a8838b8-91e3-50eb-aa57-331cbab55759,,10,10,"For they indeed, for a few days, punished us as seemed good to them; but he for our profit, that we may be partakers of his holiness."
9f43e874-d14c-5834-a96a-f78363bcc37c,0a8838b8-91e3-50eb-aa57-331cbab55759,,11,11,All chastening seems for the present to be not joyous but grievous; yet afterward it yields the peaceful fruit of righteousness to those who have been exercised thereby.
4cdb836c-e445-595f-a58b-ff0ca48b174a,0a8838b8-91e3-50eb-aa57-331cbab55759,,12,12,"Therefore, lift up the hands that hang down and the feeble knees,"
03193ee8-4e72-5147-a0f0-596c2d253ca3,0a8838b8-91e3-50eb-aa57-331cbab55759,,13,13,"and make straight paths for your feet, so that which is lame may not be dislocated, but rather be healed."
de5761c2-2971-5602-afe8-66493bb4adeb,0a8838b8-91e3-50eb-aa57-331cbab55759,,14,14,"Follow after peace with all men, and the sanctification without which no man will see the Lord,"
f07ea489-77e4-52b5-a89b-0bcda3664c78,0a8838b8-91e3-50eb-aa57-331cbab55759,,15,15,"looking carefully lest there be any man who falls short of the grace of God; lest any root of bitterness springing up trouble you, and many be defiled by it;"
f497bdf8-04ed-5809-a854-b0ddea9f27cd,0a8838b8-91e3-50eb-aa57-331cbab55759,,16,16,"lest there be any sexually immoral person, or profane person, like Esau, who sold his birthright for one meal."
020e4280-c8bf-57ec-accb-0637ca8439ff,0a8838b8-91e3-50eb-aa57-331cbab55759,,17,17,"For you know that even when he afterward desired to inherit the blessing, he was rejected, for he found no place for a change of mind though he sought it diligently with tears."
5a5c742f-5e3d-5090-aaeb-d7b264aca997,0a8838b8-91e3-50eb-aa57-331cbab55759,,18,18,"For you have not come to a mountain that might be touched, and that burned with fire, and to blackness, darkness, storm,"
225ceb40-4619-5808-ab0b-5d922c12e0c0,0a8838b8-91e3-50eb-aa57-331cbab55759,,19,19,"the sound of a trumpet, and the voice of words; which those who heard it begged that not one more word should be spoken to them,"
0dfc9285-ce75-5abc-ac92-8c7c2ce4d771,0a8838b8-91e3-50eb-aa57-331cbab55759,,20,20,"for they could not stand that which was commanded, ""If even an animal touches the mountain, it shall be stoned;"""
632de5be-e759-5e39-a249-f5fc29017a5b,0a8838b8-91e3-50eb-aa57-331cbab55759,,21,21,"and so fearful was the appearance, that Moses said, ""I am terrified and trembling."""
b55347ed-4c6c-5097-a457-74ddd488ed00,0a8838b8-91e3-50eb-aa57-331cbab55759,,22,22,"But you have come to Mount Zion, and to the city of the living God, the heavenly Jerusalem, and to innumerable multitudes of angels,"
0cac7f87-674e-56be-a94c-adf24469f426,0a8838b8-91e3-50eb-aa57-331cbab55759,,23,23,"to the general assembly and assembly of the firstborn who are enrolled in heaven, to God the Judge of all, to the spirits of just men made perfect,"
c16b6136-b3ee-550f-a3f2-b17779e09cf0,0a8838b8-91e3-50eb-aa57-331cbab55759,,24,24,"to Jesus, the mediator of a new covenant, and to the blood of sprinkling that speaks better than that of Abel."
527a0776-2ab8-5b8f-a638-c8d3efc56a29,0a8838b8-91e3-50eb-aa57-331cbab55759,,25,25,"See that you don't refuse him who speaks. For if they didn't escape when they refused him who warned on the Earth, how much more will we not escape who turn away from him who warns from heaven,"
48730da0-a563-5be4-a4be-3e3c780b1acf,0a8838b8-91e3-50eb-aa57-331cbab55759,,26,26,"whose voice shook the earth then, but now he has promised, saying, ""Yet once more I will shake not only the earth, but also the heavens."""
d4be433f-9500-5665-a448-3dfdd2bc4c25,0a8838b8-91e3-50eb-aa57-331cbab55759,,27,27,"This phrase, ""Yet once more,"" signifies the removing of those things that are shaken, as of things that have been made, that those things which are not shaken may remain."
041363f8-aff7-5c69-ad01-8e52f5cffa57,0a8838b8-91e3-50eb-aa57-331cbab55759,,28,28,"Therefore, receiving a Kingdom that can't be shaken, let us have grace, through which we serve God acceptably, with reverence and awe,"
305f04a3-098e-528d-ab52-6053eda7efac,0a8838b8-91e3-50eb-aa57-331cbab55759,,29,29,for our God is a consuming fire.
d17c4e0f-e9aa-51c8-a5dd-5a23ef5005ac,ac4bba1a-fb62-5770-a490-fb63e9eec2c4,,1,1,Let brotherly love continue.
9d1c143c-e937-572b-a6f4-14957c0a9abe,ac4bba1a-fb62-5770-a490-fb63e9eec2c4,,2,2,"Don't forget to show hospitality to strangers, for in doing so, some have entertained angels without knowing it."
4069b9b1-db20-5bab-a0cc-3dc1362428fb,ac4bba1a-fb62-5770-a490-fb63e9eec2c4,,3,3,"Remember those who are in bonds, as bound with them; and those who are ill-treated, since you are also in the body."
2a58ceec-1b49-580c-a28e-06b7872f6581,ac4bba1a-fb62-5770-a490-fb63e9eec2c4,,4,4,"Let marriage be held in honor among all, and let the bed be undefiled: but God will judge the sexually immoral and adulterers."
fdc8a457-45e2-5db3-ae30-73368bf7ea0c,ac4bba1a-fb62-5770-a490-fb63e9eec2c4,,5,5,"Be free from the love of money, content with such things as you have, for he has said, ""I will in no way leave you, neither will I in any way forsake you."""
90fe5c72-a853-538b-a25c-7c177d3c94d7,ac4bba1a-fb62-5770-a490-fb63e9eec2c4,,6,6,"So that with good courage we say, ""The Lord is my helper. I will not fear. What can man do to me?"""
824d6295-b3d7-5ad5-a125-75289b14086d,ac4bba1a-fb62-5770-a490-fb63e9eec2c4,,7,7,"Remember your leaders, men who spoke to you the word of God, and considering the results of their conduct, imitate their faith."
bfa85cc5-ed04-5d0c-aa03-8aeb0b593537,ac4bba1a-fb62-5770-a490-fb63e9eec2c4,,8,8,"Jesus Christ is the same yesterday, today, and forever."
4549f09e-9786-510a-aa2c-b0da00884d10,ac4bba1a-fb62-5770-a490-fb63e9eec2c4,,9,9,"Don't be carried away by various and strange teachings, for it is good that the heart be established by grace, not by food, through which those who were so occupied were not benefited."
13886d04-46eb-50e7-a7eb-e3628177af27,ac4bba1a-fb62-5770-a490-fb63e9eec2c4,,10,10,We have an altar from which those who serve the holy tabernacle have no right to eat.
0abdc12f-4784-5cbd-a7b7-030aa0514bdc,ac4bba1a-fb62-5770-a490-fb63e9eec2c4,,11,11,"For the bodies of those animals, whose blood is brought into the holy place by the high priest as an offering for sin, are burned outside of the camp."
80dfd0fa-de8d-50ce-a979-f2a7cf644054,ac4bba1a-fb62-5770-a490-fb63e9eec2c4,,12,12,"Therefore Jesus also, that he might sanctify the people through his own blood, suffered outside of the gate."
ecb49829-dd9e-5141-a2ee-f250496d5ba6,ac4bba1a-fb62-5770-a490-fb63e9eec2c4,,13,13,"Let us therefore go out to him outside of the camp, bearing his reproach."
c384ef95-2487-55d0-ae22-07f4e0bc69f6,ac4bba1a-fb62-5770-a490-fb63e9eec2c4,,14,14,"For we don't have here an enduring city, but we seek that which is to come."
b350b494-2818-5064-aed9-a8bfdae823df,ac4bba1a-fb62-5770-a490-fb63e9eec2c4,,15,15,"Through him, then, let us offer up a sacrifice of praise to God continually, that is, the fruit of lips which proclaim allegiance to his name."
04ce2da6-8fec-5372-a608-3d86ccfa086a,ac4bba1a-fb62-5770-a490-fb63e9eec2c4,,16,16,"But don't forget to be doing good and sharing, for with such sacrifices God is well pleased."
96b807cd-0935-5003-ac93-cdb80d7222c0,ac4bba1a-fb62-5770-a490-fb63e9eec2c4,,17,17,"Obey your leaders and submit to them, for they watch on behalf of your souls, as those who will give account, that they may do this with joy, and not with groaning, for that would be unprofitable for you."
c8b79592-3471-576b-a9e7-1499fa172a18,ac4bba1a-fb62-5770-a490-fb63e9eec2c4,,18,18,"Pray for us, for we are persuaded that we have a good conscience, desiring to live honorably in all things."
a01d55e5-52fe-5292-a4b0-61feb4501ecd,ac4bba1a-fb62-5770-a490-fb63e9eec2c4,,19,19,"I strongly urge you to do this, that I may be restored to you sooner."
9cd57e7e-3286-5343-a926-e3089147e962,ac4bba1a-fb62-5770-a490-fb63e9eec2c4,,20,20,"Now may the God of peace, who brought again from the dead the great shepherd of the sheep with the blood of an eternal covenant, our Lord Jesus,"
242d2a50-d779-537c-ad5d-5bc5fc825c82,ac4bba1a-fb62-5770-a490-fb63e9eec2c4,,21,21,"make you complete in every good work to do his will, working in you that which is well pleasing in his sight, through Jesus Christ, to whom be the glory forever and ever. Amen."
ee474cbc-e2cd-568f-aff0-55820e512197,ac4bba1a-fb62-5770-a490-fb63e9eec2c4,,22,22,"But I exhort you, brothers, endure the word of exhortation, for I have written to you in few words."
9a522287-adef-5321-ab77-15c0b67290b1,ac4bba1a-fb62-5770-a490-fb63e9eec2c4,,23,23,"Know that our brother Timothy has been freed, with whom, if he comes shortly, I will see you."
556e5fcb-c13c-58b3-a588-876378ce885e,ac4bba1a-fb62-5770-a490-fb63e9eec2c4,,24,24,Greet all of your leaders and all the saints. The Italians greet you.
fa5a0ee4-5ce8-5eb2-afd4-30631d653a08,ac4bba1a-fb62-5770-a490-fb63e9eec2c4,,25,25,Grace be with you all. Amen.
d1649fc6-db26-5ead-ad03-1ca0926cad77,fe4e67e4-9723-5fac-a4ef-6bf7a3308544,,1,1,"James, a servant of God and of the Lord Jesus Christ, to the twelve tribes which are in the Dispersion: Greetings."
9e2afc2d-8f4c-5c32-a92b-86d309e89aea,fe4e67e4-9723-5fac-a4ef-6bf7a3308544,,2,2,"Count it all joy, my brothers, when you fall into various temptations,"
feca9d4f-e612-58f4-a0be-1568e0316ceb,fe4e67e4-9723-5fac-a4ef-6bf7a3308544,,3,3,knowing that the testing of your faith produces endurance.
7e395e21-78e8-5fdd-ab5e-7a24e8e17f2f,fe4e67e4-9723-5fac-a4ef-6bf7a3308544,,4,4,"Let endurance have its perfect work, that you may be perfect and complete, lacking in nothing."
de6e8ef6-bc8f-5b8b-a0c0-f05fc12018cc,fe4e67e4-9723-5fac-a4ef-6bf7a3308544,,5,5,"But if any of you lacks wisdom, let him ask of God, who gives to all liberally and without reproach; and it will be given to him."
784c04c1-eecf-54d1-adc5-ea4c7d60966a,fe4e67e4-9723-5fac-a4ef-6bf7a3308544,,6,6,"But let him ask in faith, without any doubting, for he who doubts is like a wave of the sea, driven by the wind and tossed."
dbf4b40d-6d4a-54c8-a5ac-06a92379f1b9,fe4e67e4-9723-5fac-a4ef-6bf7a3308544,,7,7,For let that man not think that he will receive anything from the Lord.
a1b708d0-2406-56b5-a6b7-38234fe0ec59,fe4e67e4-9723-5fac-a4ef-6bf7a3308544,,8,8,"He is a double-minded man, unstable in all his ways."
bb332075-67bf-58a6-a086-e069282065a1,fe4e67e4-9723-5fac-a4ef-6bf7a3308544,,9,9,But let the brother in humble circumstances glory in his high position;
fa32f797-12b6-5a52-a38a-a109d1e0c5d5,fe4e67e4-9723-5fac-a4ef-6bf7a3308544,,10,10,"and the rich, in that he is made humble, because like the flower in the grass, he will pass away."
36ecb6e1-df92-5b68-a943-e112253d01b4,fe4e67e4-9723-5fac-a4ef-6bf7a3308544,,11,11,"For the sun arises with the scorching wind, and withers the grass, and the flower in it falls, and the beauty of its appearance perishes. So also will the rich man fade away in his pursuits."
9ce7f83d-6d5d-5e40-a418-5e57fad013d3,fe4e67e4-9723-5fac-a4ef-6bf7a3308544,,12,12,"Blessed is the man who endures temptation, for when he has been approved, he will receive the crown of life, which the Lord promised to those who love him."
51716c03-30e1-547e-a179-ca9ebebcf663,fe4e67e4-9723-5fac-a4ef-6bf7a3308544,,13,13,"Let no man say when he is tempted, ""I am tempted by God,"" for God can't be tempted by evil, and he himself tempts no one."
12d5cafa-5bbd-53ee-a8fe-5d78aa3d4a64,fe4e67e4-9723-5fac-a4ef-6bf7a3308544,,14,14,"But each one is tempted, when he is drawn away by his own lust, and enticed."
7da9b521-e8e6-5596-adce-fce5f17a36c4,fe4e67e4-9723-5fac-a4ef-6bf7a3308544,,15,15,"Then the lust, when it has conceived, bears sin; and the sin, when it is full grown, brings forth death."
eefa38a8-40c2-5888-a0af-92b7cac08da7,fe4e67e4-9723-5fac-a4ef-6bf7a3308544,,16,16,"Don't be deceived, my beloved brothers."
cdeca3f6-0f8e-5926-a3de-f44e5c407dd7,fe4e67e4-9723-5fac-a4ef-6bf7a3308544,,17,17,"Every good gift and every perfect gift is from above, coming down from the Father of lights, with whom can be no variation, nor turning shadow."
d6e6cd5d-b72a-5e9d-aecc-29e70bcad72a,fe4e67e4-9723-5fac-a4ef-6bf7a3308544,,18,18,"Of his own will he brought us forth by the word of truth, that we should be a kind of first fruits of his creatures."
3743b8ba-d15d-5eae-aad0-41770116366f,fe4e67e4-9723-5fac-a4ef-6bf7a3308544,,19,19,"So, then, my beloved brothers, let every man be swift to hear, slow to speak, and slow to anger;"
ab940ce6-b130-5579-a25c-7aa18b8cffbb,fe4e67e4-9723-5fac-a4ef-6bf7a3308544,,20,20,for the anger of man doesn't produce the righteousness of God.
039fe7c6-98e9-5556-a58f-25cf556ce219,fe4e67e4-9723-5fac-a4ef-6bf7a3308544,,21,21,"Therefore, putting away all filthiness and overflowing of wickedness, receive with humility the implanted word, which is able to save your souls."
b2aac6df-65e6-5cc8-a1e3-a6dff3d31b58,fe4e67e4-9723-5fac-a4ef-6bf7a3308544,,22,22,"But be doers of the word, and not only hearers, deluding your own selves."
7d171213-8824-503b-a41f-f685cd1d3add,fe4e67e4-9723-5fac-a4ef-6bf7a3308544,,23,23,"For if anyone is a hearer of the word and not a doer, he is like a man looking at his natural face in a mirror;"
e88ac0e9-80a7-5106-af13-dd4897f95ef6,fe4e67e4-9723-5fac-a4ef-6bf7a3308544,,24,24,"for he sees himself, and goes away, and immediately forgets what kind of man he was."
06f40dc5-7686-563d-a8fc-8685c91fa312,fe4e67e4-9723-5fac-a4ef-6bf7a3308544,,25,25,"But he who looks into the perfect law of freedom, and continues, not being a hearer who forgets, but a doer of the work, this man will be blessed in what he does."
309ad77d-550b-5b3b-ab72-6782133f03aa,fe4e67e4-9723-5fac-a4ef-6bf7a3308544,,26,26,"If anyone among you thinks himself to be religious while he doesn't bridle his tongue, but deceives his heart, this man's religion is worthless."
29e26b49-ad6b-5ea0-ab83-5a5da5d6d663,fe4e67e4-9723-5fac-a4ef-6bf7a3308544,,27,27,"Pure religion and undefiled before our God and Father is this: to visit the fatherless and widows in their affliction, and to keep oneself unstained by the world."
62a1b923-5e3c-5bd9-a02d-4ca5cb3d3632,4b8e1e1c-e403-5036-ae3e-7a203ae4caf6,,1,1,"My brothers, don't hold the faith of our Lord Jesus Christ of glory with partiality."
1eab6f5b-4762-5992-ac87-0d4e441874b7,4b8e1e1c-e403-5036-ae3e-7a203ae4caf6,,2,2,"For if a man with a gold ring, in fine clothing, comes into your synagogue, and a poor man in filthy clothing also comes in;"
c7a5b9a2-1c34-58c6-afc9-529e93e0a14c,4b8e1e1c-e403-5036-ae3e-7a203ae4caf6,,3,3,"and you pay special attention to him who wears the fine clothing, and say, ""Sit here in a good place;"" and you tell the poor man, ""Stand there,"" or ""Sit by my footstool;"""
b43e90e6-ead3-5377-ade5-ff842cb4d17c,4b8e1e1c-e403-5036-ae3e-7a203ae4caf6,,4,4,"haven't you shown partiality among yourselves, and become judges with evil thoughts?"
d83fd89b-3851-5f67-a764-b7f86b868a17,4b8e1e1c-e403-5036-ae3e-7a203ae4caf6,,5,5,"Listen, my beloved brothers. Didn't God choose those who are poor in this world to be rich in faith, and heirs of the Kingdom which he promised to those who love him?"
932b8d49-c794-52d7-a253-737e88f644b1,4b8e1e1c-e403-5036-ae3e-7a203ae4caf6,,6,6,"But you have dishonored the poor man. Don't the rich oppress you, and personally drag you before the courts?"
044bf42f-cc97-5def-a2e0-30f0b641687e,4b8e1e1c-e403-5036-ae3e-7a203ae4caf6,,7,7,Don't they blaspheme the honorable name by which you are called?
fb000fb8-27a7-598c-acc3-719cc34da99c,4b8e1e1c-e403-5036-ae3e-7a203ae4caf6,,8,8,"However, if you fulfill the royal law, according to the Scripture, ""You shall love your neighbor as yourself,"" you do well."
1f6a3f67-26aa-5ac4-a0d9-39dc196ac8a5,4b8e1e1c-e403-5036-ae3e-7a203ae4caf6,,9,9,"But if you show partiality, you commit sin, being convicted by the law as transgressors."
6ca3bbca-1006-5dee-a807-186367adef37,4b8e1e1c-e403-5036-ae3e-7a203ae4caf6,,10,10,"For whoever keeps the whole law, and yet stumbles in one point, he has become guilty of all."
ba229e83-d25b-598a-a516-7b666a679ee0,4b8e1e1c-e403-5036-ae3e-7a203ae4caf6,,11,11,"For he who said, ""Do not commit adultery,"" also said, ""Do not commit murder."" Now if you do not commit adultery, but murder, you have become a transgressor of the law."
2a88c2a0-fafc-50b1-a66a-0dec1d40af47,4b8e1e1c-e403-5036-ae3e-7a203ae4caf6,,12,12,"So speak, and so do, as men who are to be judged by a law of freedom."
25f31354-4488-5fad-ae51-c4b98d0aa1ba,4b8e1e1c-e403-5036-ae3e-7a203ae4caf6,,13,13,For judgment is without mercy to him who has shown no mercy. Mercy triumphs over judgment.
f46f7840-e89e-5b66-a63f-4cc467b4e598,4b8e1e1c-e403-5036-ae3e-7a203ae4caf6,,14,14,"What good is it, my brothers, if a man says he has faith, but has no works? Can faith save him?"
01dfc040-90dd-5448-a45c-919dfe3c5ce5,4b8e1e1c-e403-5036-ae3e-7a203ae4caf6,,15,15,"And if a brother or sister is naked and in lack of daily food,"
9f255485-3800-5a90-a0eb-c521252598da,4b8e1e1c-e403-5036-ae3e-7a203ae4caf6,,16,16,"and one of you tells them, ""Go in peace, be warmed and filled;"" and yet you didn't give them the things the body needs, what good is it?"
639e9a64-7a6c-5c7c-a506-53c888922148,4b8e1e1c-e403-5036-ae3e-7a203ae4caf6,,17,17,"Even so faith, if it has no works, is dead in itself."
13ff6a41-e006-59dd-a235-6739ec50c378,4b8e1e1c-e403-5036-ae3e-7a203ae4caf6,,18,18,"Yes, a man will say, ""You have faith, and I have works."" Show me your faith without works, and I by my works will show you my faith."
d01aca0c-4479-5b7a-a100-6920b9c00bcb,4b8e1e1c-e403-5036-ae3e-7a203ae4caf6,,19,19,"You believe that God is one. You do well. The demons also believe, and shudder."
f0e96e96-758c-5b0e-a967-80130308acd9,4b8e1e1c-e403-5036-ae3e-7a203ae4caf6,,20,20,"But do you want to know, vain man, that faith apart from works is dead?"
5e262312-1190-54dd-a2a7-d7950e773fb8,4b8e1e1c-e403-5036-ae3e-7a203ae4caf6,,21,21,"Wasn't Abraham our father justified by works, in that he offered up Isaac his son on the altar?"
a3268b29-05e3-5b86-a48f-8b5e7356ff34,4b8e1e1c-e403-5036-ae3e-7a203ae4caf6,,22,22,"You see that faith worked with his works, and by works faith was perfected;"
721b91d7-d382-50b4-a160-39d0b672340e,4b8e1e1c-e403-5036-ae3e-7a203ae4caf6,,23,23,"and the Scripture was fulfilled which says, ""Abraham believed God, and it was accounted to him as righteousness;"" and he was called the friend of God."
6d9b1bb9-f40d-51d1-a258-e19d95774776,4b8e1e1c-e403-5036-ae3e-7a203ae4caf6,,24,24,"You see then that by works, a man is justified, and not only by faith."
edab3bab-46e8-54fd-aed3-9e6ca6baa054,4b8e1e1c-e403-5036-ae3e-7a203ae4caf6,,25,25,"In the same way, wasn't Rahab the prostitute also justified by works, in that she received the messengers, and sent them out another way?"
1696de08-b7d8-58fe-a13e-e76550e9e9a6,4b8e1e1c-e403-5036-ae3e-7a203ae4caf6,,26,26,"For as the body apart from the spirit is dead, even so faith apart from works is dead."
49c333f5-68fa-534f-a5dd-99b6e4edbeec,6ba97492-0929-53c9-ad2b-8a26db5df7b2,,1,1,"Let not many of you be teachers, my brothers, knowing that we will receive heavier judgment."
c717be1c-2483-5cca-a4fd-6b71ca154268,6ba97492-0929-53c9-ad2b-8a26db5df7b2,,2,2,"For in many things we all stumble. If anyone doesn't stumble in word, the same is a perfect man, able to bridle the whole body also."
b6b9e4cf-4528-5dbf-aa10-fd007852b4f5,6ba97492-0929-53c9-ad2b-8a26db5df7b2,,3,3,"Indeed, we put bits into the horses' mouths so that they may obey us, and we guide their whole body."
534f4ca8-9e31-5db2-a0b7-7bb0187bb029,6ba97492-0929-53c9-ad2b-8a26db5df7b2,,4,4,"Behold, the ships also, though they are so big and are driven by fierce winds, are yet guided by a very small rudder, wherever the pilot desires."
fa77cae8-fe05-5806-a980-4f681dec543b,6ba97492-0929-53c9-ad2b-8a26db5df7b2,,5,5,"So the tongue is also a little member, and boasts great things. See how a small fire can spread to a large forest!"
1b70ff80-cb2f-58f6-a9ed-344bf41886a1,6ba97492-0929-53c9-ad2b-8a26db5df7b2,,6,6,"And the tongue is a fire. The world of iniquity among our members is the tongue, which defiles the whole body, and sets on fire the course of nature, and is set on fire by Gehenna."
800df69f-3048-5b7d-afde-fb894fef8c50,6ba97492-0929-53c9-ad2b-8a26db5df7b2,,7,7,"For every kind of animal, bird, creeping thing, and thing in the sea, is tamed, and has been tamed by mankind."
94e7d71f-e4d6-5c97-abad-36f2494b63c5,6ba97492-0929-53c9-ad2b-8a26db5df7b2,,8,8,"But nobody can tame the tongue. It is a restless evil, full of deadly poison."
db686e9c-593f-53ef-a58c-dedd73758a2c,6ba97492-0929-53c9-ad2b-8a26db5df7b2,,9,9,"With it we bless our God and Father, and with it we curse men, who are made in the image of God."
1c664fbe-2afe-5551-a5a8-443b3a156e05,6ba97492-0929-53c9-ad2b-8a26db5df7b2,,10,10,"Out of the same mouth comes forth blessing and cursing. My brothers, these things ought not to be so."
ffaecdc9-15bc-56d3-adb1-25c607d86e2a,6ba97492-0929-53c9-ad2b-8a26db5df7b2,,11,11,Does a spring send out from the same opening fresh and bitter water?
07333fb1-ff76-5807-ac6d-4b1598fb2e3f,6ba97492-0929-53c9-ad2b-8a26db5df7b2,,12,12,"Can a fig tree, my brothers, yield olives, or a vine figs? Thus no spring yields both salt water and fresh water."
1cc875ca-2d54-55d5-a939-199fe921121a,6ba97492-0929-53c9-ad2b-8a26db5df7b2,,13,13,Who is wise and understanding among you? Let him show by his good conduct that his deeds are done in gentleness of wisdom.
eb8ddc4a-f27c-5b03-abe5-da3d2cb9b6f0,6ba97492-0929-53c9-ad2b-8a26db5df7b2,,14,14,"But if you have bitter jealousy and selfish ambition in your heart, don't boast and don't lie against the truth."
366901d0-9362-5588-a887-4829144ec219,6ba97492-0929-53c9-ad2b-8a26db5df7b2,,15,15,"This wisdom is not that which comes down from above, but is earthly, sensual, and demonic."
3d7c07cc-4237-5323-a0fa-6e433c8ea66e,6ba97492-0929-53c9-ad2b-8a26db5df7b2,,16,16,"For where jealousy and selfish ambition are, there is confusion and every evil deed."
8fa14c77-5917-5f4f-acb3-402c5c01c3e7,6ba97492-0929-53c9-ad2b-8a26db5df7b2,,17,17,"But the wisdom that is from above is first pure, then peaceful, gentle, reasonable, full of mercy and good fruits, without partiality, and without hypocrisy."
d798667c-c4a1-5e5a-a174-2f30a095d292,6ba97492-0929-53c9-ad2b-8a26db5df7b2,,18,18,Now the fruit of righteousness is sown in peace by those who make peace.
6e8de633-d590-5a38-a763-4ad6dec502cc,df2d5d4f-b3a0-5ae7-acbc-e8f750625ba1,,1,1,Where do wars and fightings among you come from? Don't they come from your pleasures that war in your members?
a591ec5c-7b4b-5fb5-a7ef-35936599575e,df2d5d4f-b3a0-5ae7-acbc-e8f750625ba1,,2,2,"You lust, and don't have. You kill, covet, and can't obtain. You fight and make war. You don't have, because you don't ask."
7a318037-5068-56ee-a8e0-31b5782d0204,df2d5d4f-b3a0-5ae7-acbc-e8f750625ba1,,3,3,"You ask, and don't receive, because you ask with wrong motives, so that you may spend it for your pleasures."
910ca759-b01e-567b-ac06-f7c156ac6137,df2d5d4f-b3a0-5ae7-acbc-e8f750625ba1,,4,4,"You adulterers and adulteresses, don't you know that friendship with the world is enmity with God? Whoever therefore wants to be a friend of the world makes himself an enemy of God."
a8c6d177-4141-5285-a22a-d62634f5aeff,df2d5d4f-b3a0-5ae7-acbc-e8f750625ba1,,5,5,"Or do you think that the Scripture says in vain, ""The Spirit who lives in us yearns jealously""?"
dba94533-2d25-51d7-a8b2-428aa6505c74,df2d5d4f-b3a0-5ae7-acbc-e8f750625ba1,,6,6,"But he gives more grace. Therefore it says, ""God resists the proud, but gives grace to the humble."""
543ac751-1fa3-5d43-a8e3-c46b5cb798a6,df2d5d4f-b3a0-5ae7-acbc-e8f750625ba1,,7,7,"Be subject therefore to God. But resist the devil, and he will flee from you."
e4814595-0296-5088-a61c-f7fde0bc46f1,df2d5d4f-b3a0-5ae7-acbc-e8f750625ba1,,8,8,"Draw near to God, and he will draw near to you. Cleanse your hands, you sinners; and purify your hearts, you double-minded."
d7323840-13c1-5d27-ad1f-be01f5d0e402,df2d5d4f-b3a0-5ae7-acbc-e8f750625ba1,,9,9,"Lament, mourn, and weep. Let your laughter be turned to mourning, and your joy to gloom."
8119b125-a8a4-53ba-ac46-ef7a16f55cb9,df2d5d4f-b3a0-5ae7-acbc-e8f750625ba1,,10,10,"Humble yourselves in the sight of the Lord, and he will exalt you."
19b5037d-2d96-5106-ad55-1f67bd85feba,df2d5d4f-b3a0-5ae7-acbc-e8f750625ba1,,11,11,"Don't speak against one another, brothers. He who speaks against a brother and judges his brother, speaks against the law and judges the law. But if you judge the law, you are not a doer of the law, but a judge."
ece87dcc-ab8f-5001-a72c-d5adb6fb30e5,df2d5d4f-b3a0-5ae7-acbc-e8f750625ba1,,12,12,"Only one is the lawgiver, who is able to save and to destroy. But who are you to judge another?"
29104d02-819c-53f1-a31e-adf85af8a4f5,df2d5d4f-b3a0-5ae7-acbc-e8f750625ba1,,13,13,"Come now, you who say, ""Today or tomorrow let's go into this city, and spend a year there, trade, and make a profit."""
6274d000-3ff0-5011-a999-6a87ede8ec4b,df2d5d4f-b3a0-5ae7-acbc-e8f750625ba1,,14,14,"Whereas you don't know what your life will be like tomorrow. For what is your life? For you are a vapor, that appears for a little time, and then vanishes away."
f9cac5f2-57d4-5689-a637-d0068a9c7901,df2d5d4f-b3a0-5ae7-acbc-e8f750625ba1,,15,15,"For you ought to say, ""If the Lord wills, we will both live, and do this or that."""
507cdc3b-4f62-5400-af50-3e1df4f7dc09,df2d5d4f-b3a0-5ae7-acbc-e8f750625ba1,,16,16,But now you glory in your boasting. All such boasting is evil.
65422a28-af5a-5028-a343-fcd747ae1e30,df2d5d4f-b3a0-5ae7-acbc-e8f750625ba1,,17,17,"To him therefore who knows to do good, and doesn't do it, to him it is sin."
4e37a77c-43de-5b2d-a206-5de24fa7b879,eb2492b0-fd87-5030-a54b-b7ee16b72aaa,,1,1,"Come now, you rich, weep and howl for your miseries that are coming on you."
7e0b104f-30bd-5e09-a2b9-354766e330a4,eb2492b0-fd87-5030-a54b-b7ee16b72aaa,,2,2,Your riches are corrupted and your garments are moth-eaten.
9acbf9ac-f047-5f97-a12b-eb8e4cd634ed,eb2492b0-fd87-5030-a54b-b7ee16b72aaa,,3,3,"Your gold and your silver are corroded, and their corrosion will be for a testimony against you, and will eat your flesh like fire. You have laid up your treasure in the last days."
2a0c0d8c-fe64-50c0-a000-52a7aa588472,eb2492b0-fd87-5030-a54b-b7ee16b72aaa,,4,4,"Behold, the wages of the laborers who mowed your fields, which you have kept back by fraud, cry out, and the cries of those who reaped have entered into the ears of the Lord of Armies."
602bf973-0e83-5a6d-ab88-b1140e74b12c,eb2492b0-fd87-5030-a54b-b7ee16b72aaa,,5,5,"You have lived delicately on the earth, and taken your pleasure. You have nourished your hearts as in a day of slaughter."
338e725b-3478-5249-a018-775241a59d67,eb2492b0-fd87-5030-a54b-b7ee16b72aaa,,6,6,"You have condemned, you have murdered the righteous one. He doesn't resist you."
918935fb-8af8-5e01-a3fe-8e73d1bea4d4,eb2492b0-fd87-5030-a54b-b7ee16b72aaa,,7,7,"Be patient therefore, brothers, until the coming of the Lord. Behold, the farmer waits for the precious fruit of the earth, being patient over it, until it receives the early and late rain."
32caf216-009d-5ea2-a0d1-5a5ea1e5760c,eb2492b0-fd87-5030-a54b-b7ee16b72aaa,,8,8,"You also be patient. Establish your hearts, for the coming of the Lord is at hand."
8a06429a-3ed3-5c44-a2b2-673d9d354043,eb2492b0-fd87-5030-a54b-b7ee16b72aaa,,9,9,"Don't grumble, brothers, against one another, so that you won't be judged. Behold, the judge stands at the door."
61f518de-f4e7-5bb6-a57e-667eff97ee64,eb2492b0-fd87-5030-a54b-b7ee16b72aaa,,10,10,"Take, brothers, for an example of suffering and of patience, the prophets who spoke in the name of the Lord."
f03a9842-1fa3-5231-ab3a-16178ea3ec5b,eb2492b0-fd87-5030-a54b-b7ee16b72aaa,,11,11,"Behold, we call them blessed who endured. You have heard of the patience of Job, and have seen the Lord in the outcome, and how the Lord is full of compassion and mercy."
477152af-97ff-5838-af3b-b40715db45e5,eb2492b0-fd87-5030-a54b-b7ee16b72aaa,,12,12,"But above all things, my brothers, don't swear, neither by heaven, nor by the earth, nor by any other oath; but let your ""yes"" be ""yes,"" and your ""no,"" ""no;"" so that you don't fall into hypocrisy."
4fd0c30d-d29d-514d-ae45-e2a466a0fe61,eb2492b0-fd87-5030-a54b-b7ee16b72aaa,,13,13,Is any among you suffering? Let him pray. Is any cheerful? Let him sing praises.
0742e62e-1faa-5aba-ac7b-d45a46195fe3,eb2492b0-fd87-5030-a54b-b7ee16b72aaa,,14,14,"Is any among you sick? Let him call for the elders of the assembly, and let them pray over him, anointing him with oil in the name of the Lord,"
69a6206f-c4de-516d-ad65-2cb5eb6a37f4,eb2492b0-fd87-5030-a54b-b7ee16b72aaa,,15,15,"and the prayer of faith will heal him who is sick, and the Lord will raise him up. If he has committed sins, he will be forgiven."
acafbe9d-77ec-5f32-a18b-0548380c8633,eb2492b0-fd87-5030-a54b-b7ee16b72aaa,,16,16,"Confess your offenses to one another, and pray for one another, that you may be healed. The insistent prayer of a righteous person is powerfully effective."
c27fe4b1-542d-52b0-a495-0fa66c1cef68,eb2492b0-fd87-5030-a54b-b7ee16b72aaa,,17,17,"Elijah was a man with a nature like ours, and he prayed earnestly that it might not rain, and it didn't rain on the earth for three years and six months."
6ae9d4c4-deb8-55eb-a1bb-04142c5da7b3,eb2492b0-fd87-5030-a54b-b7ee16b72aaa,,18,18,"He prayed again, and the sky gave rain, and the earth brought forth its fruit."
a77b5ca5-e3db-5cb0-a95e-925bf38899b1,eb2492b0-fd87-5030-a54b-b7ee16b72aaa,,19,19,"Brothers, if any among you wanders from the truth, and someone turns him back,"
db96931a-18b2-52d3-aaf2-f13c04c818a6,eb2492b0-fd87-5030-a54b-b7ee16b72aaa,,20,20,"let him know that he who turns a sinner from the error of his way will save a soul from death, and will cover a multitude of sins."
08b08f38-49e4-5a0f-a52a-e51cf1d0802b,56d5b470-4711-5b27-a3d7-1bd18329bce1,,1,1,"Peter, an apostle of Jesus Christ, to the chosen ones who are living as foreigners in the Dispersion in Pontus, Galatia, Cappadocia, Asia, and Bithynia,"
aeebacc2-73f5-51e7-a9ef-37cf61144649,56d5b470-4711-5b27-a3d7-1bd18329bce1,,2,2,"according to the foreknowledge of God the Father, in sanctification of the Spirit, that you may obey Jesus Christ and be sprinkled with his blood: Grace to you and peace be multiplied."
4334597c-d76b-5a66-a5d1-c7fc7c47c6c3,56d5b470-4711-5b27-a3d7-1bd18329bce1,,3,3,"Blessed be the God and Father of our Lord Jesus Christ, who according to his great mercy became our father again to a living hope through the resurrection of Jesus Christ from the dead,"
a1f28931-491d-5962-a35c-4747ec7110cf,56d5b470-4711-5b27-a3d7-1bd18329bce1,,4,4,"to an incorruptible and undefiled inheritance that doesn't fade away, reserved in Heaven for you,"
f8ef037c-09d7-58b2-ad14-ce8dd23c941b,56d5b470-4711-5b27-a3d7-1bd18329bce1,,5,5,who by the power of God are guarded through faith for a salvation ready to be revealed in the last time.
4b841b6c-4f4e-5db9-a7b9-20eaff61e987,56d5b470-4711-5b27-a3d7-1bd18329bce1,,6,6,"Wherein you greatly rejoice, though now for a little while, if need be, you have been put to grief in various trials,"
89b6666b-9972-501c-aaa8-4fb04f3ebe92,56d5b470-4711-5b27-a3d7-1bd18329bce1,,7,7,"that the proof of your faith, which is more precious than gold that perishes even though it is tested by fire, may be found to result in praise, glory, and honor at the revelation of Jesus Christ--"
74c5fe6f-899f-5ac6-ab92-0bff1ec1fc98,56d5b470-4711-5b27-a3d7-1bd18329bce1,,8,8,"whom not having known you love; in whom, though now you don't see him, yet believing, you rejoice greatly with joy unspeakable and full of glory--"
5230389f-05ea-528a-ae90-b4f168ec9bf8,56d5b470-4711-5b27-a3d7-1bd18329bce1,,9,9,"receiving the result of your faith, the salvation of your souls."
b4473f0c-9b42-5c9b-a9b7-d5a939126276,56d5b470-4711-5b27-a3d7-1bd18329bce1,,10,10,"Concerning this salvation, the prophets sought and searched diligently, who prophesied of the grace that would come to you,"
6e9cf6ba-f0e0-51b3-aa37-6bbab23013f3,56d5b470-4711-5b27-a3d7-1bd18329bce1,,11,11,"searching for who or what kind of time the Spirit of Christ, which was in them, pointed to, when he predicted the sufferings of Christ, and the glories that would follow them."
27ae8044-67ee-5702-a660-40bc7da01b37,56d5b470-4711-5b27-a3d7-1bd18329bce1,,12,12,"To them it was revealed, that not to themselves, but to you, they ministered these things, which now have been announced to you through those who preached the Good News to you by the Holy Spirit sent out from heaven; which things angels desire to look into."
0aa1f5f2-c85c-5e86-a0dd-7ba1c83a4cc4,56d5b470-4711-5b27-a3d7-1bd18329bce1,,13,13,"Therefore, prepare your minds for action, be sober and set your hope fully on the grace that will be brought to you at the revelation of Jesus Christ--"
323f7af6-a7b5-5bdf-a8cd-71bc37b159ed,56d5b470-4711-5b27-a3d7-1bd18329bce1,,14,14,"as children of obedience, not conforming yourselves according to your former lusts as in your ignorance,"
82a091bc-dbfd-5590-abfa-bde44fec239a,56d5b470-4711-5b27-a3d7-1bd18329bce1,,15,15,"but just as he who called you is holy, you yourselves also be holy in all of your behavior;"
1504033e-d535-57b2-a40e-f85a2ecc181b,56d5b470-4711-5b27-a3d7-1bd18329bce1,,16,16,"because it is written, ""You shall be holy; for I am holy."""
dc60777b-9075-5517-a96d-09bf35ffd6f0,56d5b470-4711-5b27-a3d7-1bd18329bce1,,17,17,"If you call on him as Father, who without respect of persons judges according to each man's work, pass the time of your living as foreigners here in reverent fear:"
728e1d08-c0be-52e1-ab7a-f2f4bdb05ac4,56d5b470-4711-5b27-a3d7-1bd18329bce1,,18,18,"knowing that you were redeemed, not with corruptible things, with silver or gold, from the useless way of life handed down from your fathers,"
a366afc5-d9a1-505f-aa8e-9ac70b85cc78,56d5b470-4711-5b27-a3d7-1bd18329bce1,,19,19,"but with precious blood, as of a faultless and pure lamb, the blood of Christ;"
ec584868-17da-598a-a240-7b2e9e994bd8,56d5b470-4711-5b27-a3d7-1bd18329bce1,,20,20,"who was foreknown indeed before the foundation of the world, but was revealed at the end of times for your sake,"
309089de-f6c2-5999-a929-0625dca5bc3d,56d5b470-4711-5b27-a3d7-1bd18329bce1,,21,21,"who through him are believers in God, who raised him from the dead, and gave him glory; so that your faith and hope might be in God."
4e1bfaae-82c0-5d6f-a9a0-770d40a43c6c,56d5b470-4711-5b27-a3d7-1bd18329bce1,,22,22,"Seeing you have purified your souls in your obedience to the truth through the Spirit in sincere brotherly affection, love one another from the heart fervently:"
fbc0c793-3d84-5067-ae41-5c1b0b3ad3aa,56d5b470-4711-5b27-a3d7-1bd18329bce1,,23,23,"having been born again, not of corruptible seed, but of incorruptible, through the word of God, which lives and remains forever."
5e6af1b5-7b4e-5c8b-a8ac-a10c67df75cd,56d5b470-4711-5b27-a3d7-1bd18329bce1,,24,24,"For, ""All flesh is like grass, and all of man's glory like the flower in the grass. The grass withers, and its flower falls;"
5a15bfe8-02b2-5310-ad8c-731c8ad1e1e2,56d5b470-4711-5b27-a3d7-1bd18329bce1,,25,25,"but the Lord's word endures forever."" This is the word of Good News which was preached to you."
fa910bbf-d01f-5814-a946-f90ade9c288f,31f4bf43-1247-5982-a79b-03d636c341ba,,1,1,"Putting away therefore all wickedness, all deceit, hypocrisies, envies, and all evil speaking,"
8b2cabaf-ddd8-53cd-aa95-46d6739254cc,31f4bf43-1247-5982-a79b-03d636c341ba,,2,2,"as newborn babies, long for the pure milk of the Word, that you may grow thereby,"
c295cb28-b6fd-5c35-a694-1a6396ec1d0d,31f4bf43-1247-5982-a79b-03d636c341ba,,3,3,if indeed you have tasted that the Lord is gracious:
e4546876-144e-5e6a-a195-eb1da7717fd1,31f4bf43-1247-5982-a79b-03d636c341ba,,4,4,"coming to him, a living stone, rejected indeed by men, but chosen by God, precious."
3c5e62fc-2e57-52a6-ada8-656893c1189f,31f4bf43-1247-5982-a79b-03d636c341ba,,5,5,"You also, as living stones, are built up as a spiritual house, to be a holy priesthood, to offer up spiritual sacrifices, acceptable to God through Jesus Christ."
7d4d6148-1d76-58c4-ae5e-dfdced738585,31f4bf43-1247-5982-a79b-03d636c341ba,,6,6,"Because it is contained in Scripture, ""Behold, I lay in Zion a chief cornerstone, chosen, and precious: He who believes in him will not be disappointed."""
3ff13d87-cd14-5852-ab6c-47fcfa0abc6c,31f4bf43-1247-5982-a79b-03d636c341ba,,7,7,"For you who believe therefore is the honor, but for those who are disobedient, ""The stone which the builders rejected, has become the chief cornerstone,"""
1c3b62c0-25b6-50e4-a319-f872bbddfd4b,31f4bf43-1247-5982-a79b-03d636c341ba,,8,8,"and, ""a stone of stumbling, and a rock of offense."" For they stumble at the word, being disobedient, to which also they were appointed."
8d9778cd-f851-580a-ab1d-4e90f02b3313,31f4bf43-1247-5982-a79b-03d636c341ba,,9,9,"But you are a chosen race, a royal priesthood, a holy nation, a people for God's own possession, that you may proclaim the excellence of him who called you out of darkness into his marvelous light:"
ff0216eb-1444-53b3-aa89-6a0cb13cfaa6,31f4bf43-1247-5982-a79b-03d636c341ba,,10,10,"who in time past were no people, but now are God's people, who had not obtained mercy, but now have obtained mercy."
ff12dafd-1cec-58f8-a609-cbcaacf8593a,31f4bf43-1247-5982-a79b-03d636c341ba,,11,11,"Beloved, I beg you as foreigners and pilgrims, to abstain from fleshly lusts, which war against the soul;"
b2ba0355-2f3c-539e-acdb-610dad74fe23,31f4bf43-1247-5982-a79b-03d636c341ba,,12,12,"having good behavior among the nations, so in that of which they speak against you as evildoers, they may by your good works, which they see, glorify God in the day of visitation."
767e4148-5b0c-5dd4-aca2-fb557c79d3e0,31f4bf43-1247-5982-a79b-03d636c341ba,,13,13,"Therefore subject yourselves to every ordinance of man for the Lord's sake: whether to the king, as supreme;"
6254ca22-9faf-53cc-a76f-2061fdcaa5b8,31f4bf43-1247-5982-a79b-03d636c341ba,,14,14,"or to governors, as sent by him for vengeance on evildoers and for praise to those who do well."
0ff8e91b-85cb-5e7f-ae84-97cea863c429,31f4bf43-1247-5982-a79b-03d636c341ba,,15,15,"For this is the will of God, that by well-doing you should put to silence the ignorance of foolish men:"
310d363b-0c93-5c38-a539-6897d8c97417,31f4bf43-1247-5982-a79b-03d636c341ba,,16,16,"as free, and not using your freedom for a cloak of wickedness, but as bondservants of God."
85a47f26-84fc-579a-ad37-b0ee3e81c6a0,31f4bf43-1247-5982-a79b-03d636c341ba,,17,17,Honor all men. Love the brotherhood. Fear God. Honor the king.
ed63a400-e0f3-55a0-ab67-e1b3d0b8e463,31f4bf43-1247-5982-a79b-03d636c341ba,,18,18,"Servants, be in subjection to your masters with all fear; not only to the good and gentle, but also to the wicked."
95407261-7fec-5ab2-a513-5261c8a8bd1a,31f4bf43-1247-5982-a79b-03d636c341ba,,19,19,"For it is commendable if someone endures pain, suffering unjustly, because of conscience toward God."
096dd5c3-c20c-54e9-a600-562a20e33b49,31f4bf43-1247-5982-a79b-03d636c341ba,,20,20,"For what glory is it if, when you sin, you patiently endure beating? But if, when you do well, you patiently endure suffering, this is commendable with God."
78f4a7ea-f253-56e0-a95e-3e9f6bfb86b8,31f4bf43-1247-5982-a79b-03d636c341ba,,21,21,"For to this you were called, because Christ also suffered for us, leaving you an example, that you should follow his steps,"
8d9ac4b0-f540-5a13-a6e3-4f46e8c8bd72,31f4bf43-1247-5982-a79b-03d636c341ba,,22,22,"who did not sin, ""neither was deceit found in his mouth."""
d38dbd46-21bf-5ab3-a1e6-6e16e9301b35,31f4bf43-1247-5982-a79b-03d636c341ba,,23,23,"Who, when he was cursed, didn't curse back. When he suffered, didn't threaten, but committed himself to him who judges righteously;"
1074017c-c72e-54c1-aa28-8637c1cae356,31f4bf43-1247-5982-a79b-03d636c341ba,,24,24,"who his own self bore our sins in his body on the tree, that we, having died to sins, might live to righteousness; by whose stripes you were healed."
17a4d9e0-39d2-5d06-afae-172059df8fab,31f4bf43-1247-5982-a79b-03d636c341ba,,25,25,For you were going astray like sheep; but now have returned to the Shepherd and Overseer of your souls.
92dd2f97-22d7-5f83-aaf4-1c04121fab36,d6c3e514-d333-58f8-a5af-28b56fbd7b9a,,1,1,"In the same way, wives, be in subjection to your own husbands; so that, even if any don't obey the Word, they may be won by the behavior of their wives without a word;"
c42682ff-a072-5142-a08f-7fe87387d4a9,d6c3e514-d333-58f8-a5af-28b56fbd7b9a,,2,2,seeing your pure behavior in fear.
bd0b7926-8d0f-590d-a217-ad1c206f8ee6,d6c3e514-d333-58f8-a5af-28b56fbd7b9a,,3,3,"Let your beauty be not just the outward adorning of braiding the hair, and of wearing jewels of gold, or of putting on fine clothing;"
bfcae797-2e8d-5909-a3d8-1bf90b3a7869,d6c3e514-d333-58f8-a5af-28b56fbd7b9a,,4,4,"but in the hidden person of the heart, in the incorruptible adornment of a gentle and quiet spirit, which is in the sight of God very precious."
93b701e1-f719-5a44-aed3-d739a8e203f0,d6c3e514-d333-58f8-a5af-28b56fbd7b9a,,5,5,"For this is how the holy women before, who hoped in God also adorned themselves, being in subjection to their own husbands:"
dc8a4438-b76c-52f9-ab88-d2927dca034b,d6c3e514-d333-58f8-a5af-28b56fbd7b9a,,6,6,"as Sarah obeyed Abraham, calling him lord, whose children you now are, if you do well, and are not put in fear by any terror."
5b45cb4a-0866-54ae-a9c9-9c10bbd12af2,d6c3e514-d333-58f8-a5af-28b56fbd7b9a,,7,7,"You husbands, in the same way, live with your wives according to knowledge, giving honor to the woman, as to the weaker vessel, as being also joint heirs of the grace of life; that your prayers may not be hindered."
cb60a224-df93-5d25-a676-90294131d381,d6c3e514-d333-58f8-a5af-28b56fbd7b9a,,8,8,"Finally, be all like-minded, compassionate, loving as brothers, tenderhearted, courteous,"
3be3c0b0-7e96-587f-ad14-37f2d9640219,d6c3e514-d333-58f8-a5af-28b56fbd7b9a,,9,9,"not rendering evil for evil, or insult for insult; but instead blessing; knowing that to this were you called, that you may inherit a blessing."
88e1ae17-297d-5bb7-aa4f-1d4394b9ebea,d6c3e514-d333-58f8-a5af-28b56fbd7b9a,,10,10,"For, ""He who would love life, and see good days, let him keep his tongue from evil, and his lips from speaking deceit."
c448f278-481d-56ce-a325-ebe237a3a892,d6c3e514-d333-58f8-a5af-28b56fbd7b9a,,11,11,"Let him turn away from evil, and do good. Let him seek peace, and pursue it."
8b3e2bda-7085-5983-a43f-d7da753dfd1e,d6c3e514-d333-58f8-a5af-28b56fbd7b9a,,12,12,"For the eyes of the Lord are on the righteous, and his ears open to their prayer; but the face of the Lord is against those who do evil."""
123c921c-e99d-5f50-a701-52d31266142c,d6c3e514-d333-58f8-a5af-28b56fbd7b9a,,13,13,"Now who is he who will harm you, if you become imitators of that which is good?"
1347ad60-ff53-5e0e-ab76-053e4f1c20c5,d6c3e514-d333-58f8-a5af-28b56fbd7b9a,,14,14,"But even if you should suffer for righteousness' sake, you are blessed. ""Don't fear what they fear, neither be troubled."""
731d17e2-d3a1-5582-afc9-af8c0a7ba446,d6c3e514-d333-58f8-a5af-28b56fbd7b9a,,15,15,"But sanctify the Lord God in your hearts; and always be ready to give an answer to everyone who asks you a reason concerning the hope that is in you, with humility and fear:"
79ef33d9-d9a9-5f0e-a54a-800ce274679c,d6c3e514-d333-58f8-a5af-28b56fbd7b9a,,16,16,"having a good conscience; that, while you are spoken against as evildoers, they may be disappointed who curse your good way of life in Christ."
6b70dd54-7947-5cb1-a074-d070abdc3788,d6c3e514-d333-58f8-a5af-28b56fbd7b9a,,17,17,"For it is better, if it is God's will, that you suffer for doing well than for doing evil."
c24f939a-8755-5bd9-a5d0-0db9d522885f,d6c3e514-d333-58f8-a5af-28b56fbd7b9a,,18,18,"Because Christ also suffered for sins once, the righteous for the unrighteous, that he might bring you to God; being put to death in the flesh, but made alive in the spirit;"
6f22cfb5-99e7-5d4a-a4eb-bd247d37a898,d6c3e514-d333-58f8-a5af-28b56fbd7b9a,,19,19,"in which he also went and preached to the spirits in prison,"
211d761c-2c5a-509e-a67e-eca184c9cc20,d6c3e514-d333-58f8-a5af-28b56fbd7b9a,,20,20,"who before were disobedient, when God waited patiently in the days of Noah, while the ship was being built. In it, few, that is, eight souls, were saved through water."
fb6584b8-10b5-55b5-a1ba-d6f7d568b54e,d6c3e514-d333-58f8-a5af-28b56fbd7b9a,,21,21,"This is a symbol of baptism, which now saves you--not the putting away of the filth of the flesh, but the answer of a good conscience toward God, through the resurrection of Jesus Christ,"
52e898e4-0518-5f54-a8fb-8e923e612d79,d6c3e514-d333-58f8-a5af-28b56fbd7b9a,,22,22,"who is at the right hand of God, having gone into heaven, angels and authorities and powers being made subject to him."
6abb24a0-be11-5a98-a769-89f04f728d8c,1f51a922-7f1e-53c2-a9e3-7a01fa41b456,,1,1,"Forasmuch then as Christ suffered for us in the flesh, arm yourselves also with the same mind; for he who has suffered in the flesh has ceased from sin;"
aa280961-2479-53b7-a2ae-693bad5fcbd7,1f51a922-7f1e-53c2-a9e3-7a01fa41b456,,2,2,"that you no longer should live the rest of your time in the flesh for the lusts of men, but for the will of God."
fa00c2ec-fdcc-5aca-a26f-528ffb4bfffc,1f51a922-7f1e-53c2-a9e3-7a01fa41b456,,3,3,"For we have spent enough of our past time doing the desire of the Gentiles, and having walked in lewdness, lusts, drunken binges, orgies, carousings, and abominable idolatries."
c469beb5-32f4-52ce-acc5-86e390d0256f,1f51a922-7f1e-53c2-a9e3-7a01fa41b456,,4,4,"They think it is strange that you don't run with them into the same excess of riot, blaspheming:"
29060a9f-029f-5106-ad59-0950d57cc55b,1f51a922-7f1e-53c2-a9e3-7a01fa41b456,,5,5,who will give account to him who is ready to judge the living and the dead.
1a1fbeee-e5e4-5cde-a1d1-abd0b817d682,1f51a922-7f1e-53c2-a9e3-7a01fa41b456,,6,6,"For to this end the Good News was preached even to the dead, that they might be judged indeed as men in the flesh, but live as to God in the spirit."
78182f74-1110-5b13-a024-639bea4a0341,1f51a922-7f1e-53c2-a9e3-7a01fa41b456,,7,7,"But the end of all things is near. Therefore be of sound mind, self-controlled, and sober in prayer."
4f1936b8-6dd7-5784-ab17-21e7e35ed64a,1f51a922-7f1e-53c2-a9e3-7a01fa41b456,,8,8,"And above all things be earnest in your love among yourselves, for love covers a multitude of sins."
cc928ea6-829d-52d8-aba9-b259fd3fd702,1f51a922-7f1e-53c2-a9e3-7a01fa41b456,,9,9,Be hospitable to one another without grumbling.
f5d55369-6fa4-5288-af53-69e7a59ebf79,1f51a922-7f1e-53c2-a9e3-7a01fa41b456,,10,10,"As each has received a gift, employ it in serving one another, as good managers of the grace of God in its various forms."
cc8b0575-611d-5c31-a33c-2a0dcce97585,1f51a922-7f1e-53c2-a9e3-7a01fa41b456,,11,11,"If anyone speaks, let it be as it were the very words of God. If anyone serves, let it be as of the strength which God supplies, that in all things God may be glorified through Jesus Christ, to whom belong the glory and the dominion forever and ever. Amen."
6d19121e-34cb-50b6-a317-2d5548d546c0,1f51a922-7f1e-53c2-a9e3-7a01fa41b456,,12,12,"Beloved, don't be astonished at the fiery trial which has come upon you, to test you, as though a strange thing happened to you."
c0dce8c6-3eb4-556f-a098-982093547a5e,1f51a922-7f1e-53c2-a9e3-7a01fa41b456,,13,13,"But because you are partakers of Christ's sufferings, rejoice; that at the revelation of his glory you also may rejoice with exceeding joy."
23664871-46c3-5754-ad05-9df666462cef,1f51a922-7f1e-53c2-a9e3-7a01fa41b456,,14,14,"If you are insulted for the name of Christ, you are blessed; because the Spirit of glory and of God rests on you. On their part he is blasphemed, but on your part he is glorified."
789484b1-d110-52e3-a9b7-d18478222c10,1f51a922-7f1e-53c2-a9e3-7a01fa41b456,,15,15,"For let none of you suffer as a murderer, or a thief, or an evil doer, or a meddler in other men's matters."
e8c46ed0-ff4f-5bb3-a8a6-3d78a1d1861d,1f51a922-7f1e-53c2-a9e3-7a01fa41b456,,16,16,"But if one of you suffers for being a Christian, let him not be ashamed; but let him glorify God in this matter."
6860f46a-d353-5246-a7a1-23fbf1ca9b8e,1f51a922-7f1e-53c2-a9e3-7a01fa41b456,,17,17,"For the time has come for judgment to begin with the household of God. If it begins first with us, what will happen to those who don't obey the Good News of God?"
aa96e83d-a17d-5cfd-a2b7-a4ccb5fc2439,1f51a922-7f1e-53c2-a9e3-7a01fa41b456,,18,18,"""If it is hard for the righteous to be saved, what will happen to the ungodly and the sinner?"""
4051c608-f1c2-5fe0-af65-b7d4f7bc5a04,1f51a922-7f1e-53c2-a9e3-7a01fa41b456,,19,19,"Therefore let them also who suffer according to the will of God in doing good entrust their souls to him, as to a faithful Creator."
dccf9c3d-1b74-5443-a8e9-12eaf665fe13,2ab6d79b-83b8-5d1e-accc-f77adf13f2d2,,1,1,"I exhort the elders among you, as a fellow elder, and a witness of the sufferings of Christ, and who will also share in the glory that will be revealed."
3d9b428f-7fa0-58c6-a97e-30ca0d1f2506,2ab6d79b-83b8-5d1e-accc-f77adf13f2d2,,2,2,"Shepherd the flock of God which is among you, exercising the oversight, not under compulsion, but voluntarily, not for dishonest gain, but willingly;"
a01973ff-d7ba-5e34-a1d3-05e3236cf176,2ab6d79b-83b8-5d1e-accc-f77adf13f2d2,,3,3,"neither as lording it over those entrusted to you, but making yourselves examples to the flock."
e95634e3-57fd-5c8f-ae36-d80a0fd285af,2ab6d79b-83b8-5d1e-accc-f77adf13f2d2,,4,4,"When the chief Shepherd is revealed, you will receive the crown of glory that doesn't fade away."
40ec8b73-8695-5a8d-a395-703f35751072,2ab6d79b-83b8-5d1e-accc-f77adf13f2d2,,5,5,"Likewise, you younger ones, be subject to the elder. Yes, all of you clothe yourselves with humility, to subject yourselves to one another; for ""God resists the proud, but gives grace to the humble."""
aa3471cc-0152-5d33-a8b2-55f434d0a8c3,2ab6d79b-83b8-5d1e-accc-f77adf13f2d2,,6,6,"Humble yourselves therefore under the mighty hand of God, that he may exalt you in due time;"
27b9d8a8-9504-552c-ae1f-d0c0407eedff,2ab6d79b-83b8-5d1e-accc-f77adf13f2d2,,7,7,"casting all your worries on him, because he cares for you."
e2e908c9-2009-5def-a9bf-af712dced16c,2ab6d79b-83b8-5d1e-accc-f77adf13f2d2,,8,8,"Be sober and self-controlled. Be watchful. Your adversary, the devil, walks around like a roaring lion, seeking whom he may devour."
14ad8fa4-e749-54f7-a0fc-c744ad0dc7e4,2ab6d79b-83b8-5d1e-accc-f77adf13f2d2,,9,9,"Withstand him steadfast in your faith, knowing that your brothers who are in the world are undergoing the same sufferings."
b528122c-3d99-5144-aa89-90dbbc70a846,2ab6d79b-83b8-5d1e-accc-f77adf13f2d2,,10,10,"But may the God of all grace, who called you to his eternal glory by Christ Jesus, after you have suffered a little while, perfect, establish, strengthen, and settle you."
3dfa2904-9061-543a-abf5-fcedc81f97bd,2ab6d79b-83b8-5d1e-accc-f77adf13f2d2,,11,11,To him be the glory and the power forever and ever. Amen.
e196095d-f211-5de4-a049-d1427acc704e,2ab6d79b-83b8-5d1e-accc-f77adf13f2d2,,12,12,"Through Silvanus, our faithful brother, as I consider him, I have written to you briefly, exhorting, and testifying that this is the true grace of God in which you stand."
66f23c7e-0512-576b-a2d6-33d208aad028,2ab6d79b-83b8-5d1e-accc-f77adf13f2d2,,13,13,"She who is in Babylon, chosen together with you, greets you; and so does Mark, my son."
6b6cdb47-c734-5c9b-a91a-2e67991c48f8,2ab6d79b-83b8-5d1e-accc-f77adf13f2d2,,14,14,Greet one another with a kiss of love. Peace be to you all who are in Christ Jesus. Amen.
055de205-0c52-5d17-a2e1-8fafec3ad11b,82310d34-1644-57a5-a3eb-edeb6c3393d0,,1,1,"Simon Peter, a servant and apostle of Jesus Christ, to those who have obtained a like precious faith with us in the righteousness of our God and Savior, Jesus Christ:"
c9f9d03b-fd05-59fe-a7ce-efa7a197d213,82310d34-1644-57a5-a3eb-edeb6c3393d0,,2,2,"Grace to you and peace be multiplied in the knowledge of God and of Jesus our Lord,"
cadc7afd-10dc-592e-aa25-4ff30e5efaa4,82310d34-1644-57a5-a3eb-edeb6c3393d0,,3,3,"seeing that his divine power has granted to us all things that pertain to life and godliness, through the knowledge of him who called us by his own glory and virtue;"
c15c9e29-0b32-5229-a914-186b1af750d2,82310d34-1644-57a5-a3eb-edeb6c3393d0,,4,4,"by which he has granted to us his precious and exceedingly great promises; that through these you may become partakers of the divine nature, having escaped from the corruption that is in the world by lust."
9fabfa2c-588b-5c70-abf1-c9e52099a7f4,82310d34-1644-57a5-a3eb-edeb6c3393d0,,5,5,"Yes, and for this very cause adding on your part all diligence, in your faith supply moral excellence; and in moral excellence, knowledge;"
e04e549e-d947-5354-ad1d-7c3aa9057a0a,82310d34-1644-57a5-a3eb-edeb6c3393d0,,6,6,"and in knowledge, self-control; and in self-control patience; and in patience godliness;"
927a0ea3-24e4-54c4-a964-21bef613b60d,82310d34-1644-57a5-a3eb-edeb6c3393d0,,7,7,"and in godliness brotherly affection; and in brotherly affection, love."
8003549a-736f-52b5-a56d-25e7087f423b,82310d34-1644-57a5-a3eb-edeb6c3393d0,,8,8,"For if these things are yours and abound, they make you to be not idle nor unfruitful to the knowledge of our Lord Jesus Christ."
ae16e592-8fd4-5190-a436-e09fc2f82837,82310d34-1644-57a5-a3eb-edeb6c3393d0,,9,9,"For he who lacks these things is blind, seeing only what is near, having forgotten the cleansing from his old sins."
391668fc-f584-582d-a74c-d7d56bbb3b4d,82310d34-1644-57a5-a3eb-edeb6c3393d0,,10,10,"Therefore, brothers, be more diligent to make your calling and election sure. For if you do these things, you will never stumble."
3d1517f9-ffda-5617-ae02-5275f36f0ffc,82310d34-1644-57a5-a3eb-edeb6c3393d0,,11,11,"For thus you will be richly supplied with the entrance into the eternal Kingdom of our Lord and Savior, Jesus Christ."
d118c438-0530-50e5-ad2b-6b47e735ae29,82310d34-1644-57a5-a3eb-edeb6c3393d0,,12,12,"Therefore I will not be negligent to remind you of these things, though you know them, and are established in the present truth."
01a6d452-d844-515b-ab21-1e9133a3f7ef,82310d34-1644-57a5-a3eb-edeb6c3393d0,,13,13,"I think it right, as long as I am in this tent, to stir you up by reminding you;"
0da79947-233c-5e34-a2cb-6ab170783cd4,82310d34-1644-57a5-a3eb-edeb6c3393d0,,14,14,"knowing that the putting off of my tent comes swiftly, even as our Lord Jesus Christ made clear to me."
e710728e-78dd-5fb5-a21f-fa472ea1e89f,82310d34-1644-57a5-a3eb-edeb6c3393d0,,15,15,"Yes, I will make every effort that you may always be able to remember these things even after my departure."
6fd30838-8511-5b7a-a973-da81209bdca3,82310d34-1644-57a5-a3eb-edeb6c3393d0,,16,16,"For we did not follow cunningly devised fables, when we made known to you the power and coming of our Lord Jesus Christ, but we were eyewitnesses of his majesty."
cc2d66be-1b63-56f6-ad78-9696f906f2d5,82310d34-1644-57a5-a3eb-edeb6c3393d0,,17,17,"For he received from God the Father honor and glory, when the voice came to him from the Majestic Glory, ""This is my beloved Son, in whom I am well pleased."""
34fd1411-76df-5ccd-a6b6-727866e7d727,82310d34-1644-57a5-a3eb-edeb6c3393d0,,18,18,We heard this voice come out of heaven when we were with him on the holy mountain.
dd4761a7-9438-5d6c-a9e3-35671d5ebfff,82310d34-1644-57a5-a3eb-edeb6c3393d0,,19,19,"We have the more sure word of prophecy; and you do well that you heed it, as to a lamp shining in a dark place, until the day dawns, and the morning star arises in your hearts:"
fd43d7c1-79c4-5eff-aef2-de983b05f398,82310d34-1644-57a5-a3eb-edeb6c3393d0,,20,20,"knowing this first, that no prophecy of Scripture is of private interpretation."
277f06e1-adcd-5187-a8fb-a2de4ec0cde2,82310d34-1644-57a5-a3eb-edeb6c3393d0,,21,21,"For no prophecy ever came by the will of man: but holy men of God spoke, being moved by the Holy Spirit."
82b2c0e2-9d96-5fbb-a4ad-47a0dd947345,2e2de6c2-80f8-5cb7-a413-d065407eb601,,1,1,"But false prophets also arose among the people, as false teachers will also be among you, who will secretly bring in destructive heresies, denying even the Master who bought them, bringing on themselves swift destruction."
c06abe90-29d4-5d5f-a3c2-721b5ca7b23f,2e2de6c2-80f8-5cb7-a413-d065407eb601,,2,2,"Many will follow their immoral ways, and as a result, the way of the truth will be maligned."
0857f695-1287-5256-afd4-b9aad3cddf15,2e2de6c2-80f8-5cb7-a413-d065407eb601,,3,3,"In covetousness they will exploit you with deceptive words: whose sentence now from of old doesn't linger, and their destruction will not slumber."
e20f0b88-7e59-5170-ac3a-dd6ce6b3a195,2e2de6c2-80f8-5cb7-a413-d065407eb601,,4,4,"For if God didn't spare angels when they sinned, but cast them down to Tartarus, and committed them to pits of darkness, to be reserved for judgment;"
4dec831e-ac14-506a-a7ae-43a23428ac6a,2e2de6c2-80f8-5cb7-a413-d065407eb601,,5,5,"and didn't spare the ancient world, but preserved Noah with seven others, a preacher of righteousness, when he brought a flood on the world of the ungodly;"
4f7d18c2-84a0-5962-a957-a2df94df40af,2e2de6c2-80f8-5cb7-a413-d065407eb601,,6,6,"and turning the cities of Sodom and Gomorrah into ashes, condemned them to destruction, having made them an example to those who would live ungodly;"
cad0b597-181a-5b64-a1ea-63e6bcc08023,2e2de6c2-80f8-5cb7-a413-d065407eb601,,7,7,"and delivered righteous Lot, who was very distressed by the lustful life of the wicked"
2ef9dd06-2d3e-5fd4-af01-f1219eedf640,2e2de6c2-80f8-5cb7-a413-d065407eb601,,8,8,"(for that righteous man dwelling among them, was tormented in his righteous soul from day to day with seeing and hearing lawless deeds):"
8db71d27-4af7-5179-ac33-167d7453b605,2e2de6c2-80f8-5cb7-a413-d065407eb601,,9,9,the Lord knows how to deliver the godly out of temptation and to keep the unrighteous under punishment for the day of judgment;
b44b248d-8c02-5442-ae32-d2cdf5ceb508,2e2de6c2-80f8-5cb7-a413-d065407eb601,,10,10,"but chiefly those who walk after the flesh in the lust of defilement, and despise authority. Daring, self-willed, they are not afraid to speak evil of dignitaries;"
57f7cc23-24fd-57db-a51f-b07dd5e38d98,2e2de6c2-80f8-5cb7-a413-d065407eb601,,11,11,"whereas angels, though greater in might and power, don't bring a railing judgment against them before the Lord."
324b8f67-56f3-5c40-a632-8189340c6285,2e2de6c2-80f8-5cb7-a413-d065407eb601,,12,12,"But these, as unreasoning creatures, born natural animals to be taken and destroyed, speaking evil in matters about which they are ignorant, will in their destroying surely be destroyed,"
374396c9-e539-5447-a7ec-adcad2a13a33,2e2de6c2-80f8-5cb7-a413-d065407eb601,,13,13,"receiving the wages of unrighteousness; people who count it pleasure to revel in the daytime, spots and blemishes, reveling in their deceit while they feast with you;"
fe69c24c-9b1d-5ebd-a9cf-d9bd7f10bdfa,2e2de6c2-80f8-5cb7-a413-d065407eb601,,14,14,"having eyes full of adultery, and who can't cease from sin; enticing unsettled souls; having a heart trained in greed; children of cursing;"
58a94c88-d62e-5b6c-adda-168392dd789a,2e2de6c2-80f8-5cb7-a413-d065407eb601,,15,15,"forsaking the right way, they went astray, having followed the way of Balaam the son of Beor, who loved the wages of wrongdoing;"
bf78a5d1-4a27-52ac-a8af-092b52fe2167,2e2de6c2-80f8-5cb7-a413-d065407eb601,,16,16,but he was rebuked for his own disobedience. A mute donkey spoke with a man's voice and stopped the madness of the prophet.
bcd85f9b-6b90-58c9-a635-5736e71472e8,2e2de6c2-80f8-5cb7-a413-d065407eb601,,17,17,"These are wells without water, clouds driven by a storm; for whom the blackness of darkness has been reserved forever."
c2402946-3c5d-56c9-ab41-d7c1b9777539,2e2de6c2-80f8-5cb7-a413-d065407eb601,,18,18,"For, uttering great swelling words of emptiness, they entice in the lusts of the flesh, by licentiousness, those who are indeed escaping from those who live in error;"
6d589123-3fc9-53a9-a04b-c14a83536db8,2e2de6c2-80f8-5cb7-a413-d065407eb601,,19,19,"promising them liberty, while they themselves are bondservants of corruption; for a man is brought into bondage by whoever overcomes him."
766220c9-6f04-5623-a93d-763b48428a89,2e2de6c2-80f8-5cb7-a413-d065407eb601,,20,20,"For if, after they have escaped the defilement of the world through the knowledge of the Lord and Savior Jesus Christ, they are again entangled in it and overcome, the last state has become worse for them than the first."
3c49f92b-bde5-5bef-a398-4a3936466cc9,2e2de6c2-80f8-5cb7-a413-d065407eb601,,21,21,"For it would be better for them not to have known the way of righteousness, than, after knowing it, to turn back from the holy commandment delivered to them."
1dba08a2-5fea-55bc-ae5b-dd18984d70b5,2e2de6c2-80f8-5cb7-a413-d065407eb601,,22,22,"But it has happened to them according to the true proverb, ""The dog turns to his own vomit again,"" and ""the sow that has washed to wallowing in the mire."""
fbb9583c-d37d-5656-a79b-b9b5741efc26,8772048b-f011-5044-ada1-7a1c0de6ce23,,1,1,"This is now, beloved, the second letter that I have written to you; and in both of them I stir up your sincere mind by reminding you;"
f2dd38a6-d7a1-5d31-a4c3-e27dc59282c3,8772048b-f011-5044-ada1-7a1c0de6ce23,,2,2,"that you should remember the words which were spoken before by the holy prophets, and the commandments of us, the apostles of the Lord and Savior:"
5d418a39-e4e7-5cea-a723-413abcccace0,8772048b-f011-5044-ada1-7a1c0de6ce23,,3,3,"knowing this first, that in the last days mockers will come, walking after their own lusts,"
00e84f5c-a2da-5c7e-a08f-bdc9d9561e66,8772048b-f011-5044-ada1-7a1c0de6ce23,,4,4,"and saying, ""Where is the promise of his coming? For, from the day that the fathers fell asleep, all things continue as they were from the beginning of the creation."""
14f30837-9b4c-5776-af8d-b88a65fba051,8772048b-f011-5044-ada1-7a1c0de6ce23,,5,5,"For this they willfully forget, that there were heavens from of old, and an earth formed out of water and amid water, by the word of God;"
e44a7e10-89de-502c-a6be-a6879134bff6,8772048b-f011-5044-ada1-7a1c0de6ce23,,6,6,"by which means the world that then was, being overflowed with water, perished."
5ec3f1f8-d7fc-5eee-a3c8-fe2985fa3a33,8772048b-f011-5044-ada1-7a1c0de6ce23,,7,7,"But the heavens that now are, and the earth, by the same word have been stored up for fire, being reserved against the day of judgment and destruction of ungodly men."
7fe3b3b9-2464-5d4f-a9c5-8b073ecc4ab5,8772048b-f011-5044-ada1-7a1c0de6ce23,,8,8,"But don't forget this one thing, beloved, that one day is with the Lord as a thousand years, and a thousand years as one day."
97c26117-1050-5b0c-a39e-92caad65d545,8772048b-f011-5044-ada1-7a1c0de6ce23,,9,9,"The Lord is not slow concerning his promise, as some count slowness; but is patient with us, not wishing that any should perish, but that all should come to repentance."
d4edfd94-eead-5ecc-a7c0-fcc1d78f46fe,8772048b-f011-5044-ada1-7a1c0de6ce23,,10,10,"But the day of the Lord will come as a thief in the night; in which the heavens will pass away with a great noise, and the elements will be dissolved with fervent heat, and the earth and the works that are in it will be burned up."
981aa3e3-e011-5ba1-a122-1125eac90c89,8772048b-f011-5044-ada1-7a1c0de6ce23,,11,11,"Therefore since all these things will be destroyed like this, what kind of people ought you to be in holy living and godliness,"
03c7cb02-8c4c-545c-ab3e-ce97471bc6ca,8772048b-f011-5044-ada1-7a1c0de6ce23,,12,12,"looking for and earnestly desiring the coming of the day of God, which will cause the burning heavens to be dissolved, and the elements will melt with fervent heat?"
8be6fe91-7346-5e26-ae61-17616abd562d,8772048b-f011-5044-ada1-7a1c0de6ce23,,13,13,"But, according to his promise, we look for new heavens and a new earth, in which righteousness dwells."
70d3c45d-98d9-5294-a16a-74f0f53d1cc5,8772048b-f011-5044-ada1-7a1c0de6ce23,,14,14,"Therefore, beloved, seeing that you look for these things, be diligent to be found in peace, without blemish and blameless in his sight."
4b8ce84b-5aeb-5fe0-a39f-008d5c401d93,8772048b-f011-5044-ada1-7a1c0de6ce23,,15,15,"Regard the patience of our Lord as salvation; even as our beloved brother Paul also, according to the wisdom given to him, wrote to you;"
8b9b7751-4bdf-5fe8-a969-1abbd0f109db,8772048b-f011-5044-ada1-7a1c0de6ce23,,16,16,"as also in all of his letters, speaking in them of these things. In those, there are some things that are hard to understand, which the ignorant and unsettled twist, as they also do to the other Scriptures, to their own destruction."
94209f73-10bc-55c7-a838-43c634eb780e,8772048b-f011-5044-ada1-7a1c0de6ce23,,17,17,"You therefore, beloved, knowing these things beforehand, beware, lest being carried away with the error of the wicked, you fall from your own steadfastness."
584e5ee6-8e3a-5f6f-a51a-dfde49998922,8772048b-f011-5044-ada1-7a1c0de6ce23,,18,18,But grow in the grace and knowledge of our Lord and Savior Jesus Christ. To him be the glory both now and forever. Amen.
b8e719f1-f5ed-51b7-a724-7d80c6322b4b,eee4e978-8831-52cf-aa58-fa092f91fe79,,1,1,"That which was from the beginning, that which we have heard, that which we have seen with our eyes, that which we saw, and our hands touched, concerning the Word of life"
0e52e74a-6d59-58a9-aae7-f90b011a646d,eee4e978-8831-52cf-aa58-fa092f91fe79,,2,2,"(and the life was revealed, and we have seen, and testify, and declare to you the life, the eternal life, which was with the Father, and was revealed to us);"
8af02d9d-1307-5c91-ada7-8bcf7b42109c,eee4e978-8831-52cf-aa58-fa092f91fe79,,3,3,"that which we have seen and heard we declare to you, that you also may have fellowship with us. Yes, and our fellowship is with the Father, and with his Son, Jesus Christ."
50a6a0f5-7d10-5af7-a6b7-5789a1a0aa4f,eee4e978-8831-52cf-aa58-fa092f91fe79,,4,4,"And we write these things to you, that our joy may be fulfilled."
228408d3-e31e-5159-a1da-016d0d7af551,eee4e978-8831-52cf-aa58-fa092f91fe79,,5,5,"This is the message which we have heard from him and announce to you, that God is light, and in him is no darkness at all."
c0e337c6-5d40-5309-a9a5-4b0044e7cdc6,eee4e978-8831-52cf-aa58-fa092f91fe79,,6,6,"If we say that we have fellowship with him and walk in the darkness, we lie, and don't tell the truth."
d5223037-8dba-5004-a810-c319e27f66c4,eee4e978-8831-52cf-aa58-fa092f91fe79,,7,7,"But if we walk in the light, as he is in the light, we have fellowship with one another, and the blood of Jesus Christ, his Son, cleanses us from all sin."
b1603144-ffc5-53a7-a6b6-c36841a6ce51,eee4e978-8831-52cf-aa58-fa092f91fe79,,8,8,"If we say that we have no sin, we deceive ourselves, and the truth is not in us."
eb73c17f-7c6e-5dd1-a403-24f6e6308733,eee4e978-8831-52cf-aa58-fa092f91fe79,,9,9,"If we confess our sins, he is faithful and righteous to forgive us the sins, and to cleanse us from all unrighteousness."
171f2158-a4c5-535c-a6db-ea2612f79cd4,eee4e978-8831-52cf-aa58-fa092f91fe79,,10,10,"If we say that we haven't sinned, we make him a liar, and his word is not in us."
126d4985-b584-5a74-a5d0-62c1f0a6c56a,8147e210-4606-57d4-abb9-ebe4455505e3,,1,1,"My little children, I write these things to you so that you may not sin. If anyone sins, we have a Counselor with the Father, Jesus Christ, the righteous."
9d59e1ab-b125-5549-a273-e10a3a486012,8147e210-4606-57d4-abb9-ebe4455505e3,,2,2,"And he is the atoning sacrifice for our sins, and not for ours only, but also for the whole world."
2b230c74-28d5-5cab-a178-23c5b41402a9,8147e210-4606-57d4-abb9-ebe4455505e3,,3,3,This is how we know that we know him: if we keep his commandments.
fb9aa709-9324-54f5-a142-ef089431b569,8147e210-4606-57d4-abb9-ebe4455505e3,,4,4,"One who says, ""I know him,"" and doesn't keep his commandments, is a liar, and the truth isn't in him."
96a6c9e8-c794-5367-a188-32d7d0bbd2ba,8147e210-4606-57d4-abb9-ebe4455505e3,,5,5,"But whoever keeps his word, God's love has most certainly been perfected in him. This is how we know that we are in him:"
50c59fb8-fa07-5861-aa67-d9abd2ce2d95,8147e210-4606-57d4-abb9-ebe4455505e3,,6,6,he who says he remains in him ought himself also to walk just like he walked.
7db22ac8-a607-5dba-a15d-0453241a3d45,8147e210-4606-57d4-abb9-ebe4455505e3,,7,7,"Brothers, I write no new commandment to you, but an old commandment which you had from the beginning. The old commandment is the word which you heard from the beginning."
0985474f-1cba-5b22-a84a-2c29482b2c38,8147e210-4606-57d4-abb9-ebe4455505e3,,8,8,"Again, I write a new commandment to you, which is true in him and in you; because the darkness is passing away, and the true light already shines."
06795dfc-545e-5422-af9d-4f2d881e9582,8147e210-4606-57d4-abb9-ebe4455505e3,,9,9,"He who says he is in the light and hates his brother, is in the darkness even until now."
9eefeab8-b653-588b-ae13-f7c1544e1813,8147e210-4606-57d4-abb9-ebe4455505e3,,10,10,"He who loves his brother remains in the light, and there is no occasion for stumbling in him."
c890a1bb-6901-50db-af27-27f3f679ec96,8147e210-4606-57d4-abb9-ebe4455505e3,,11,11,"But he who hates his brother is in the darkness, and walks in the darkness, and doesn't know where he is going, because the darkness has blinded his eyes."
55c435e8-6579-54d4-aa7d-9d35b7f39f20,8147e210-4606-57d4-abb9-ebe4455505e3,,12,12,"I write to you, little children, because your sins are forgiven you for his name's sake."
1992780d-b50c-5f33-a091-d66eafc722b5,8147e210-4606-57d4-abb9-ebe4455505e3,,13,13,"I write to you, fathers, because you know him who is from the beginning. I write to you, young men, because you have overcome the evil one. I write to you, little children, because you know the Father."
35eec4f5-48cd-55f8-a865-3b55685acfd3,8147e210-4606-57d4-abb9-ebe4455505e3,,14,14,"I have written to you, fathers, because you know him who is from the beginning. I have written to you, young men, because you are strong, and the word of God remains in you, and you have overcome the evil one."
1167c138-3a92-5ed8-ac31-fae9b45186ff,8147e210-4606-57d4-abb9-ebe4455505e3,,15,15,"Don't love the world, neither the things that are in the world. If anyone loves the world, the Father's love isn't in him."
83c791ae-c527-5114-a400-15b57abc1f26,8147e210-4606-57d4-abb9-ebe4455505e3,,16,16,"For all that is in the world, the lust of the flesh, the lust of the eyes, and the pride of life, isn't the Father's, but is the world's."
c5a0fd69-86f9-5af4-aaa0-360b56a4f1ea,8147e210-4606-57d4-abb9-ebe4455505e3,,17,17,"The world is passing away with its lusts, but he who does God's will remains forever."
b21aaad6-6fc7-53e5-a39f-a7fc171ff48b,8147e210-4606-57d4-abb9-ebe4455505e3,,18,18,"Little children, these are the end times, and as you heard that the Antichrist is coming, even now many antichrists have arisen. By this we know that it is the final hour."
a3d25118-19f4-540a-ae97-2e3419287a6c,8147e210-4606-57d4-abb9-ebe4455505e3,,19,19,"They went out from us, but they didn't belong to us; for if they had belonged to us, they would have continued with us. But they left, that they might be revealed that none of them belong to us."
88f7116b-68ed-5002-ab9a-5c9b4bbc9da6,8147e210-4606-57d4-abb9-ebe4455505e3,,20,20,"You have an anointing from the Holy One, and you all have knowledge."
f3846573-2660-5061-a96d-ebd1fc2b1ad9,8147e210-4606-57d4-abb9-ebe4455505e3,,21,21,"I have not written to you because you don't know the truth, but because you know it, and because no lie is of the truth."
0f9b5042-4388-5ddd-a169-c8b00e71acdc,8147e210-4606-57d4-abb9-ebe4455505e3,,22,22,"Who is the liar but he who denies that Jesus is the Christ? This is the Antichrist, he who denies the Father and the Son."
f2987a5c-4546-50a2-a96d-59146c18faa3,8147e210-4606-57d4-abb9-ebe4455505e3,,23,23,"Whoever denies the Son, the same doesn't have the Father. He who confesses the Son has the Father also."
69d902ef-30e4-5b17-ad98-5f275a6b6037,8147e210-4606-57d4-abb9-ebe4455505e3,,24,24,"Therefore, as for you, let that remain in you which you heard from the beginning. If that which you heard from the beginning remains in you, you also will remain in the Son, and in the Father."
94cda3bf-e5da-5a4a-a524-84a6daf69a6e,8147e210-4606-57d4-abb9-ebe4455505e3,,25,25,"This is the promise which he promised us, the eternal life."
923e219a-2c8a-5352-a2f7-e28b08bff519,8147e210-4606-57d4-abb9-ebe4455505e3,,26,26,These things I have written to you concerning those who would lead you astray.
e88dc41e-29c9-5a71-a84a-6172781b2b53,8147e210-4606-57d4-abb9-ebe4455505e3,,27,27,"As for you, the anointing which you received from him remains in you, and you don't need for anyone to teach you. But as his anointing teaches you concerning all things, and is true, and is no lie, and even as it taught you, you will remain in him."
d912f4c7-55e8-5a42-ae48-7e8481658159,8147e210-4606-57d4-abb9-ebe4455505e3,,28,28,"Now, little children, remain in him, that when he appears, we may have boldness, and not be ashamed before him at his coming."
08d0afe4-378e-5040-a114-941e9cbc95d9,8147e210-4606-57d4-abb9-ebe4455505e3,,29,29,"If you know that he is righteous, you know that everyone who practices righteousness is born of him."
2b2dee38-046e-55da-ae74-9daa1c5d1d48,e601bee0-5285-5db1-aa8e-5165c2cad935,,1,1,"Behold, how great a love the Father has bestowed on us, that we should be called children of God! For this cause the world doesn't know us, because it didn't know him."
7c5cdc3d-0be7-5274-ab2f-1ad3c1c158d2,e601bee0-5285-5db1-aa8e-5165c2cad935,,2,2,"Beloved, now we are children of God, and it is not yet revealed what we will be. But we know that, when he is revealed, we will be like him; for we will see him just as he is."
ad2b862b-58b6-5729-a2d7-8a5e84d0de3d,e601bee0-5285-5db1-aa8e-5165c2cad935,,3,3,"Everyone who has this hope set on him purifies himself, even as he is pure."
ff3005d6-6446-5840-a60d-382e9bbdf3cd,e601bee0-5285-5db1-aa8e-5165c2cad935,,4,4,Everyone who sins also commits lawlessness. Sin is lawlessness.
c74065e8-a414-5986-a382-dfc8c9bfea22,e601bee0-5285-5db1-aa8e-5165c2cad935,,5,5,"You know that he was revealed to take away our sins, and in him is no sin."
a9516bf3-657d-59be-af82-0e53f6ce8e72,e601bee0-5285-5db1-aa8e-5165c2cad935,,6,6,"Whoever remains in him doesn't sin. Whoever sins hasn't seen him, neither knows him."
5055968d-fae4-5f71-a00c-f74255985960,e601bee0-5285-5db1-aa8e-5165c2cad935,,7,7,"Little children, let no one lead you astray. He who does righteousness is righteous, even as he is righteous."
a41cee2a-7568-5752-a6d2-cb0b0fa5b7ad,e601bee0-5285-5db1-aa8e-5165c2cad935,,8,8,"He who sins is of the devil, for the devil has been sinning from the beginning. To this end the Son of God was revealed, that he might destroy the works of the devil."
286cad95-46d8-58e3-a783-c6c68c0a1b41,e601bee0-5285-5db1-aa8e-5165c2cad935,,9,9,"Whoever is born of God doesn't commit sin, because his seed remains in him; and he can't sin, because he is born of God."
9ea175b5-e0ff-582e-a761-63cacaf874c2,e601bee0-5285-5db1-aa8e-5165c2cad935,,10,10,"In this the children of God are revealed, and the children of the devil. Whoever doesn't do righteousness is not of God, neither is he who doesn't love his brother."
025ab24f-d161-5317-adec-024df62f6cff,e601bee0-5285-5db1-aa8e-5165c2cad935,,11,11,"For this is the message which you heard from the beginning, that we should love one another;"
f4531b9a-43ce-5d81-ab88-9333c208b9b4,e601bee0-5285-5db1-aa8e-5165c2cad935,,12,12,"unlike Cain, who was of the evil one, and killed his brother. Why did he kill him? Because his works were evil, and his brother's righteous."
d0721163-c406-57a3-a49f-1e3327f40a24,e601bee0-5285-5db1-aa8e-5165c2cad935,,13,13,"Don't be surprised, my brothers, if the world hates you."
8eb18642-e6e4-5bac-a36b-834ae911a4dd,e601bee0-5285-5db1-aa8e-5165c2cad935,,14,14,"We know that we have passed out of death into life, because we love the brothers. He who doesn't love his brother remains in death."
0f86a6d7-ebb8-5a0c-a367-8feafa13156d,e601bee0-5285-5db1-aa8e-5165c2cad935,,15,15,"Whoever hates his brother is a murderer, and you know that no murderer has eternal life remaining in him."
949e5050-f730-5511-adb9-fe04fb9ac834,e601bee0-5285-5db1-aa8e-5165c2cad935,,16,16,"By this we know love, because he laid down his life for us. And we ought to lay down our lives for the brothers."
4dc336e6-aae2-5b30-a5f7-4a12fb62de22,e601bee0-5285-5db1-aa8e-5165c2cad935,,17,17,"But whoever has the world's goods, and sees his brother in need, and closes his heart of compassion against him, how does the love of God remain in him?"
24072484-105c-506d-a8e7-3e7b39148f83,e601bee0-5285-5db1-aa8e-5165c2cad935,,18,18,"My little children, let's not love in word only, neither with the tongue only, but in deed and truth."
b93c8468-e8fe-509c-a32c-1b04c12dec05,e601bee0-5285-5db1-aa8e-5165c2cad935,,19,19,"And by this we know that we are of the truth, and persuade our hearts before him,"
dff30111-1cb9-583f-a631-e0eba71bcdd5,e601bee0-5285-5db1-aa8e-5165c2cad935,,20,20,"because if our heart condemns us, God is greater than our heart, and knows all things."
4bebf375-c61a-5373-a1f9-abc7b377e917,e601bee0-5285-5db1-aa8e-5165c2cad935,,21,21,"Beloved, if our hearts don't condemn us, we have boldness toward God;"
8688c9ff-bf1c-5330-a1f1-500e2f12574f,e601bee0-5285-5db1-aa8e-5165c2cad935,,22,22,"and whatever we ask, we receive from him, because we keep his commandments and do the things that are pleasing in his sight."
ae5ff66f-8bfc-5583-a68f-1f05aa2ec6e9,e601bee0-5285-5db1-aa8e-5165c2cad935,,23,23,"This is his commandment, that we should believe in the name of his Son, Jesus Christ, and love one another, even as he commanded."
71c5c267-dea3-507c-a341-68e35fa8cac0,e601bee0-5285-5db1-aa8e-5165c2cad935,,24,24,"He who keeps his commandments remains in him, and he in him. By this we know that he remains in us, by the Spirit which he gave us."
2646346a-a20f-5446-a0d7-41797047f410,c6eb5239-c6b7-5811-a708-a27976dfebf2,,1,1,"Beloved, don't believe every spirit, but test the spirits, whether they are of God, because many false prophets have gone out into the world."
4b699b60-5938-5b09-a5c5-5c83c76ba9d9,c6eb5239-c6b7-5811-a708-a27976dfebf2,,2,2,"By this you know the Spirit of God: every spirit who confesses that Jesus Christ has come in the flesh is of God,"
4668b06d-85da-5136-a5ec-e9c7a4fe1058,c6eb5239-c6b7-5811-a708-a27976dfebf2,,3,3,"and every spirit who doesn't confess that Jesus Christ has come in the flesh is not of God, and this is the spirit of the Antichrist, of whom you have heard that it comes. Now it is in the world already."
6d4ec226-cc84-58fc-a32d-761d71403b8e,c6eb5239-c6b7-5811-a708-a27976dfebf2,,4,4,"You are of God, little children, and have overcome them; because greater is he who is in you than he who is in the world."
60142757-610a-513b-a25e-c0f8511b28e9,c6eb5239-c6b7-5811-a708-a27976dfebf2,,5,5,"They are of the world. Therefore they speak of the world, and the world hears them."
5a83a01e-cb41-546d-a31e-05436a141b3b,c6eb5239-c6b7-5811-a708-a27976dfebf2,,6,6,"We are of God. He who knows God listens to us. He who is not of God doesn't listen to us. By this we know the spirit of truth, and the spirit of error."
96e2c255-cc67-5f9d-af91-d2ac316e0e77,c6eb5239-c6b7-5811-a708-a27976dfebf2,,7,7,"Beloved, let us love one another, for love is of God; and everyone who loves is born of God, and knows God."
bcc41282-e382-51fb-ac05-2e7025f688e0,c6eb5239-c6b7-5811-a708-a27976dfebf2,,8,8,"He who doesn't love doesn't know God, for God is love."
ae789a7a-1ddd-5021-a950-01aa2c40f8db,c6eb5239-c6b7-5811-a708-a27976dfebf2,,9,9,"By this God's love was revealed in us, that God has sent his one and only Son into the world that we might live through him."
8fe71146-f19b-5802-ae4f-5ddab0845132,c6eb5239-c6b7-5811-a708-a27976dfebf2,,10,10,"In this is love, not that we loved God, but that he loved us, and sent his Son as the atoning sacrifice for our sins."
fcec0bcc-131f-51cc-a1d5-ba4d518bc3c4,c6eb5239-c6b7-5811-a708-a27976dfebf2,,11,11,"Beloved, if God loved us in this way, we also ought to love one another."
aa035bc6-8e79-5ad6-a3a9-3f1f33cdaabf,c6eb5239-c6b7-5811-a708-a27976dfebf2,,12,12,"No one has seen God at any time. If we love one another, God remains in us, and his love has been perfected in us."
84205f55-443c-5799-a87a-cf916f21bbb6,c6eb5239-c6b7-5811-a708-a27976dfebf2,,13,13,"By this we know that we remain in him and he in us, because he has given us of his Spirit."
f682b2e8-330c-5b8f-a9b8-b9d4faee8d79,c6eb5239-c6b7-5811-a708-a27976dfebf2,,14,14,We have seen and testify that the Father has sent the Son as the Savior of the world.
0aceca86-362f-5b57-a80e-be2f1c5301ae,c6eb5239-c6b7-5811-a708-a27976dfebf2,,15,15,"Whoever confesses that Jesus is the Son of God, God remains in him, and he in God."
a97f33e4-8f87-5a32-ae37-39c921fadbf1,c6eb5239-c6b7-5811-a708-a27976dfebf2,,16,16,"We know and have believed the love which God has for us. God is love, and he who remains in love remains in God, and God remains in him."
e320e68a-b1ae-5c8f-ae62-d5a46ec95b20,c6eb5239-c6b7-5811-a708-a27976dfebf2,,17,17,"In this love has been made perfect among us, that we may have boldness in the day of judgment, because as he is, even so are we in this world."
82fb0ab6-ba0e-561b-aa3f-57edd804fe51,c6eb5239-c6b7-5811-a708-a27976dfebf2,,18,18,"There is no fear in love; but perfect love casts out fear, because fear has punishment. He who fears is not made perfect in love."
bf4e307f-8d9e-5d8a-a2a0-956300038cca,c6eb5239-c6b7-5811-a708-a27976dfebf2,,19,19,"We love him, because he first loved us."
50f0019e-8373-5068-accb-29e56fac621b,c6eb5239-c6b7-5811-a708-a27976dfebf2,,20,20,"If a man says, ""I love God,"" and hates his brother, he is a liar; for he who doesn't love his brother whom he has seen, how can he love God whom he has not seen?"
28e97201-53f1-5952-aca4-a61136a2c22e,c6eb5239-c6b7-5811-a708-a27976dfebf2,,21,21,"This commandment we have from him, that he who loves God should also love his brother."
e0ab743e-a5df-5612-a30b-40cb641dd809,b6f1d888-d95c-5008-ab81-6c4d2f55b2ea,,1,1,Whoever believes that Jesus is the Christ is born of God. Whoever loves the Father also loves the child who is born of him.
5c0632bc-ede4-5a89-a4df-96b69e24c762,b6f1d888-d95c-5008-ab81-6c4d2f55b2ea,,2,2,"By this we know that we love the children of God, when we love God and keep his commandments."
bc3f7def-4834-5a3e-adb0-498c0d7a6c25,b6f1d888-d95c-5008-ab81-6c4d2f55b2ea,,3,3,"For this is the love of God, that we keep his commandments. His commandments are not grievous."
c3b9af7c-bb7f-56a6-a062-e997af901d13,b6f1d888-d95c-5008-ab81-6c4d2f55b2ea,,4,4,For whatever is born of God overcomes the world. This is the victory that has overcome the world: your faith.
ff222dd7-e171-507e-ac45-0878527368d5,b6f1d888-d95c-5008-ab81-6c4d2f55b2ea,,5,5,"Who is he who overcomes the world, but he who believes that Jesus is the Son of God?"
0770885c-3cff-54d9-a127-e8c5a599aa4c,b6f1d888-d95c-5008-ab81-6c4d2f55b2ea,,6,6,"This is he who came by water and blood, Jesus Christ; not with the water only, but with the water and the blood. It is the Spirit who testifies, because the Spirit is the truth."
f1e7ae0d-df26-540d-a2e9-c8d726415423,b6f1d888-d95c-5008-ab81-6c4d2f55b2ea,,7,7,For there are three who testify:
ccbc101e-f534-5a32-afcf-019c4042e7be,b6f1d888-d95c-5008-ab81-6c4d2f55b2ea,,8,8,"the Spirit, the water, and the blood; and the three agree as one."
095ce7e0-2a35-54b7-a201-b60a81f501fb,b6f1d888-d95c-5008-ab81-6c4d2f55b2ea,,9,9,"If we receive the witness of men, the witness of God is greater; for this is God's testimony which he has testified concerning his Son."
de18c8dc-ea4d-570a-a7c6-e8c1b4625cce,b6f1d888-d95c-5008-ab81-6c4d2f55b2ea,,10,10,"He who believes in the Son of God has the testimony in himself. He who doesn't believe God has made him a liar, because he has not believed in the testimony that God has given concerning his Son."
c284b536-cb64-5687-acf4-f61d14f10d5b,b6f1d888-d95c-5008-ab81-6c4d2f55b2ea,,11,11,"The testimony is this, that God gave to us eternal life, and this life is in his Son."
92dfcf7d-a87c-5c2a-adcf-039a28a6fc75,b6f1d888-d95c-5008-ab81-6c4d2f55b2ea,,12,12,He who has the Son has the life. He who doesn't have God's Son doesn't have the life.
7f6278f1-bccb-591d-acac-1bcff80e472a,b6f1d888-d95c-5008-ab81-6c4d2f55b2ea,,13,13,"These things I have written to you who believe in the name of the Son of God, that you may know that you have eternal life, and that you may continue to believe in the name of the Son of God."
1bd32043-2edf-5f16-a4da-2a1cc78ccfb1,b6f1d888-d95c-5008-ab81-6c4d2f55b2ea,,14,14,"This is the boldness which we have toward him, that, if we ask anything according to his will, he listens to us."
defef97a-7f97-5564-aa4b-0850b00df6f5,b6f1d888-d95c-5008-ab81-6c4d2f55b2ea,,15,15,"And if we know that he listens to us, whatever we ask, we know that we have the petitions which we have asked of him."
03b7bce7-3e51-5d07-a88a-4adf531cc4aa,b6f1d888-d95c-5008-ab81-6c4d2f55b2ea,,16,16,"If anyone sees his brother sinning a sin not leading to death, he shall ask, and God will give him life for those who sin not leading to death. There is a sin leading to death. I don't say that he should make a request concerning this."
ebdb1f0d-050a-5fef-adaa-90bc2d5aef9c,b6f1d888-d95c-5008-ab81-6c4d2f55b2ea,,17,17,"All unrighteousness is sin, and there is a sin not leading to death."
47caca28-3c77-547b-ad56-7570c4ede884,b6f1d888-d95c-5008-ab81-6c4d2f55b2ea,,18,18,"We know that whoever is born of God doesn't sin, but he who was born of God keeps himself, and the evil one doesn't touch him."
17b36955-338d-567b-ae39-77a9968430cd,b6f1d888-d95c-5008-ab81-6c4d2f55b2ea,,19,19,"We know that we are of God, and the whole world lies in the power of the evil one."
7a87e56f-d888-58ea-a4be-af3aee284d7d,b6f1d888-d95c-5008-ab81-6c4d2f55b2ea,,20,20,"We know that the Son of God has come, and has given us an understanding, that we know him who is true, and we are in him who is true, in his Son Jesus Christ. This is the true God, and eternal life."
09115fd7-aa2d-53c8-a382-5ad0b6a2ec79,b6f1d888-d95c-5008-ab81-6c4d2f55b2ea,,21,21,"Little children, keep yourselves from idols."
29e88f6a-a269-5707-a8ed-45e676a39301,3cc5589e-0614-53b0-a207-ce12e9beb01e,,1,1,"The elder, to the chosen lady and her children, whom I love in truth; and not I only, but also all those who know the truth;"
66017b1f-8783-5fbf-aa7a-804c07d7e890,3cc5589e-0614-53b0-a207-ce12e9beb01e,,2,2,"for the truth's sake, which remains in us, and it will be with us forever:"
9fb6c985-0df0-5cd0-a4ae-2e5298f5b23c,3cc5589e-0614-53b0-a207-ce12e9beb01e,,3,3,"Grace, mercy, and peace will be with us, from God the Father, and from the Lord Jesus Christ, the Son of the Father, in truth and love."
7e44be2b-a1f9-51af-a84f-e3396dc3528a,3cc5589e-0614-53b0-a207-ce12e9beb01e,,4,4,"I rejoice greatly that I have found some of your children walking in truth, even as we have been commanded by the Father."
431b1c0c-3d49-510c-a11a-f6fe09647000,3cc5589e-0614-53b0-a207-ce12e9beb01e,,5,5,"Now I beg you, dear lady, not as though I wrote to you a new commandment, but that which we had from the beginning, that we love one another."
c361668a-f9ab-5696-a520-9ac7c676912e,3cc5589e-0614-53b0-a207-ce12e9beb01e,,6,6,"This is love, that we should walk according to his commandments. This is the commandment, even as you heard from the beginning, that you should walk in it."
6b96a4a7-36ac-5e21-a1ef-b05dab7b7040,3cc5589e-0614-53b0-a207-ce12e9beb01e,,7,7,"For many deceivers have gone out into the world, those who don't confess that Jesus Christ came in the flesh. This is the deceiver and the Antichrist."
8f562968-53c3-532b-a094-3adb1f435cf8,3cc5589e-0614-53b0-a207-ce12e9beb01e,,8,8,"Watch yourselves, that we don't lose the things which we have accomplished, but that we receive a full reward."
2302f3df-f53e-51cb-a2d6-7345f30cf57f,3cc5589e-0614-53b0-a207-ce12e9beb01e,,9,9,"Whoever transgresses and doesn't remain in the teaching of Christ, doesn't have God. He who remains in the teaching, the same has both the Father and the Son."
ebc4e4af-b087-5164-aa40-1dd644c3908d,3cc5589e-0614-53b0-a207-ce12e9beb01e,,10,10,"If anyone comes to you, and doesn't bring this teaching, don't receive him into your house, and don't welcome him,"
b5fe5406-61e2-52ae-a92e-37e83a61c712,3cc5589e-0614-53b0-a207-ce12e9beb01e,,11,11,for he who welcomes him participates in his evil works.
a4dc2eef-9ebb-5d4c-a8d3-5cdf548d64ba,3cc5589e-0614-53b0-a207-ce12e9beb01e,,12,12,"Having many things to write to you, I don't want to do so with paper and ink, but I hope to come to you, and to speak face to face, that our joy may be made full."
7d3b0d6d-26df-56b7-a610-6061211d2d92,3cc5589e-0614-53b0-a207-ce12e9beb01e,,13,13,The children of your chosen sister greet you. Amen.
9f3b17b8-f03c-545c-a3bd-00df85fb012f,310faa87-2666-54fa-ad68-2eff411e87b2,,1,1,"The elder to Gaius the beloved, whom I love in truth."
4c57f7ce-f54b-57c4-ae38-04de16ef74fc,310faa87-2666-54fa-ad68-2eff411e87b2,,2,2,"Beloved, I pray that you may prosper in all things and be healthy, even as your soul prospers."
c39ca664-87a4-5b51-a802-e2387899886a,310faa87-2666-54fa-ad68-2eff411e87b2,,3,3,"For I rejoiced greatly, when brothers came and testified about your truth, even as you walk in truth."
ed6b9f0d-2e43-596a-a131-becbfb2a4a63,310faa87-2666-54fa-ad68-2eff411e87b2,,4,4,"I have no greater joy than this, to hear about my children walking in truth."
88bdbe0b-3cbd-54a3-a4b9-61974b8aa163,310faa87-2666-54fa-ad68-2eff411e87b2,,5,5,"Beloved, you do a faithful work in whatever you accomplish for those who are brothers and strangers."
914d2ab7-b1fe-5787-a110-6f3eb2999c50,310faa87-2666-54fa-ad68-2eff411e87b2,,6,6,"They have testified about your love before the assembly. You will do well to send them forward on their journey in a way worthy of God,"
d43c4b43-a6ac-5fcc-a03d-8c858ce978bf,310faa87-2666-54fa-ad68-2eff411e87b2,,7,7,"because for the sake of the Name they went out, taking nothing from the Gentiles."
d8eeca97-db24-58d6-a078-81e34a260d44,310faa87-2666-54fa-ad68-2eff411e87b2,,8,8,"We therefore ought to receive such, that we may be fellow workers for the truth."
b5b36156-d9f0-588a-a9a0-7595dc64177d,310faa87-2666-54fa-ad68-2eff411e87b2,,9,9,"I wrote to the assembly, but Diotrephes, who loves to be first among them, doesn't accept what we say."
36b01d03-d916-5f7a-a5a8-8e13c77f354a,310faa87-2666-54fa-ad68-2eff411e87b2,,10,10,"Therefore, if I come, I will call attention to his deeds which he does, unjustly accusing us with wicked words. Not content with this, neither does he himself receive the brothers, and those who would, he forbids and throws out of the assembly."
5237b522-b444-5fdf-a168-690f246a71a3,310faa87-2666-54fa-ad68-2eff411e87b2,,11,11,"Beloved, don't imitate that which is evil, but that which is good. He who does good is of God. He who does evil hasn't seen God."
bbc856a4-bb63-5934-a5b0-781b99ecdc0f,310faa87-2666-54fa-ad68-2eff411e87b2,,12,12,"Demetrius has the testimony of all, and of the truth itself; yes, we also testify, and you know that our testimony is true."
7df34fd3-4da7-59f6-a1e9-f678dc8c14a7,310faa87-2666-54fa-ad68-2eff411e87b2,,13,13,"I had many things to write to you, but I am unwilling to write to you with ink and pen;"
b9c48dc1-80f5-5a87-aa97-7e9705385604,310faa87-2666-54fa-ad68-2eff411e87b2,,14,14,"but I hope to see you soon, and we will speak face to face. Peace be to you. The friends greet you. Greet the friends by name."
81a6555c-4213-58b4-a8a9-9cbd09d99748,1b57996d-dcf3-5b0a-afe5-efef7391eae2,,1,1,"Jude, a servant of Jesus Christ, and brother of James, to those who are called, sanctified by God the Father, and kept for Jesus Christ:"
68abdf55-c3ea-535d-abad-1484dac87867,1b57996d-dcf3-5b0a-afe5-efef7391eae2,,2,2,Mercy to you and peace and love be multiplied.
7afbdbad-0f01-5f99-a76b-776d9f66dace,1b57996d-dcf3-5b0a-afe5-efef7391eae2,,3,3,"Beloved, while I was very eager to write to you about our common salvation, I was constrained to write to you exhorting you to contend earnestly for the faith which was once for all delivered to the saints."
5553bd7e-2786-5623-a83d-dd01f3e483e5,1b57996d-dcf3-5b0a-afe5-efef7391eae2,,4,4,"For there are certain men who crept in secretly, even those who were long ago written about for this condemnation: ungodly men, turning the grace of our God into indecency, and denying our only Master, God, and Lord, Jesus Christ."
40f74010-b103-5675-ae9e-bad6989be74a,1b57996d-dcf3-5b0a-afe5-efef7391eae2,,5,5,"Now I desire to remind you, though you already know this, that the Lord, having saved a people out of the land of Egypt, afterward destroyed those who didn't believe."
f94f43ef-55f6-5370-a63b-720faca821b0,1b57996d-dcf3-5b0a-afe5-efef7391eae2,,6,6,"Angels who didn't keep their first domain, but deserted their own dwelling place, he has kept in everlasting bonds under darkness for the judgment of the great day."
319183e8-2f16-5642-a911-da80e4c820e8,1b57996d-dcf3-5b0a-afe5-efef7391eae2,,7,7,"Even as Sodom and Gomorrah, and the cities around them, having, in the same way as these, given themselves over to sexual immorality and gone after strange flesh, are set forth as an example, suffering the punishment of eternal fire."
e5ac240c-0b8a-5647-ad9e-3d86ba413372,1b57996d-dcf3-5b0a-afe5-efef7391eae2,,8,8,"Yet in the same way, these also in their dreaming defile the flesh, despise authority, and slander celestial beings."
f4ec1f58-fb23-59a4-aa8b-60e7b2e8b13a,1b57996d-dcf3-5b0a-afe5-efef7391eae2,,9,9,"But Michael, the archangel, when contending with the devil and arguing about the body of Moses, dared not bring against him an abusive condemnation, but said, ""May the Lord rebuke you!"""
d97e5dfd-9668-5751-a6c9-0f4cbdfc40cb,1b57996d-dcf3-5b0a-afe5-efef7391eae2,,10,10,"But these speak evil of whatever things they don't know. What they understand naturally, like the creatures without reason, they are destroyed in these things."
0890a5f0-72fd-5acf-a9d9-ebbf77459610,1b57996d-dcf3-5b0a-afe5-efef7391eae2,,11,11,"Woe to them! For they went in the way of Cain, and ran riotously in the error of Balaam for hire, and perished in Korah's rebellion."
1918716e-e064-56c2-aed6-11ffb9a0539d,1b57996d-dcf3-5b0a-afe5-efef7391eae2,,12,12,"These are hidden rocky reefs in your love feasts when they feast with you, shepherds who without fear feed themselves; clouds without water, carried along by winds; autumn leaves without fruit, twice dead, plucked up by the roots;"
d40d725c-196b-566f-acfe-cb96670df8ea,1b57996d-dcf3-5b0a-afe5-efef7391eae2,,13,13,"wild waves of the sea, foaming out their own shame; wandering stars, for whom the blackness of darkness has been reserved forever."
bae347dc-7e13-52aa-ad6e-99438b3f05ea,1b57996d-dcf3-5b0a-afe5-efef7391eae2,,14,14,"About these also Enoch, the seventh from Adam, prophesied, saying, ""Behold, the Lord came with ten thousands of his holy ones,"
d46c0d30-f740-5502-a46d-65ffad9c8016,1b57996d-dcf3-5b0a-afe5-efef7391eae2,,15,15,"to execute judgment on all, and to convict all the ungodly of all their works of ungodliness which they have done in an ungodly way, and of all the hard things which ungodly sinners have spoken against him."""
1308c4e7-af87-514f-aa21-6f3106c1c0d2,1b57996d-dcf3-5b0a-afe5-efef7391eae2,,16,16,"These are murmurers and complainers, walking after their lusts (and their mouth speaks proud things), showing respect of persons to gain advantage."
b5baf646-f117-513d-a890-7e382afcac6d,1b57996d-dcf3-5b0a-afe5-efef7391eae2,,17,17,"But you, beloved, remember the words which have been spoken before by the apostles of our Lord Jesus Christ."
af2f940d-a9e1-5a32-a833-f8b2430452de,1b57996d-dcf3-5b0a-afe5-efef7391eae2,,18,18,"They said to you that ""In the last time there will be mockers, walking after their own ungodly lusts."""
d048b180-f311-55fe-a086-aa47b6541b5b,1b57996d-dcf3-5b0a-afe5-efef7391eae2,,19,19,"These are they who cause divisions, and are sensual, not having the Spirit."
31c7c09e-6802-5a23-aa1d-dde7621b57e4,1b57996d-dcf3-5b0a-afe5-efef7391eae2,,20,20,"But you, beloved, keep building up yourselves on your most holy faith, praying in the Holy Spirit."
5feb3227-f8cc-55d6-a8dc-bcc196d4bafc,1b57996d-dcf3-5b0a-afe5-efef7391eae2,,21,21,"Keep yourselves in the love of God, looking for the mercy of our Lord Jesus Christ to eternal life."
3299a4d2-0b8f-5677-a81f-cd670f24ce6b,1b57996d-dcf3-5b0a-afe5-efef7391eae2,,22,22,"On some have compassion, making a distinction,"
74b062d8-471f-5c96-ad2d-af7e95e26895,1b57996d-dcf3-5b0a-afe5-efef7391eae2,,23,23,"and some save, snatching them out of the fire with fear, hating even the clothing stained by the flesh."
b292dc8d-b506-5297-a32a-b6ee82eb84d4,1b57996d-dcf3-5b0a-afe5-efef7391eae2,,24,24,"Now to him who is able to keep them from stumbling, and to present you faultless before the presence of his glory in great joy,"
259fa0a6-2036-5d2b-a8e1-e8781273cfa7,1b57996d-dcf3-5b0a-afe5-efef7391eae2,,25,25,"to God our Savior, who alone is wise, be glory and majesty, dominion and power, both now and forever. Amen."
992f6cc9-a3d9-56c8-a017-fb9dfc5122a7,a4013e39-940f-5e9c-aa3e-1cd590ed7c0a,,1,1,"This is the Revelation of Jesus Christ, which God gave him to show to his servants the things which must happen soon, which he sent and made known by his angel to his servant, John,"
bd2811d1-6512-55f0-a62a-95a3dcbcbe16,a4013e39-940f-5e9c-aa3e-1cd590ed7c0a,,2,2,"who testified to God's word, and of the testimony of Jesus Christ, about everything that he saw."
b9ef63b7-f419-5865-a8fb-6be0513c2a6a,a4013e39-940f-5e9c-aa3e-1cd590ed7c0a,,3,3,"Blessed is he who reads and those who hear the words of the prophecy, and keep the things that are written in it, for the time is at hand."
7dd3045d-0aa1-5185-a665-071bd047709f,a4013e39-940f-5e9c-aa3e-1cd590ed7c0a,,4,4,"John, to the seven assemblies that are in Asia: Grace to you and peace, from God, who is and who was and who is to come; and from the seven Spirits who are before his throne;"
1aaa81f7-1d95-5c72-abbb-7d3588e485e6,a4013e39-940f-5e9c-aa3e-1cd590ed7c0a,,5,5,"and from Jesus Christ, the faithful witness, the firstborn of the dead, and the ruler of the kings of the earth. To him who loves us, and washed us from our sins by his blood;"
1e908820-d40a-580d-a380-5ee49f005c46,a4013e39-940f-5e9c-aa3e-1cd590ed7c0a,,6,6,"and he made us to be a Kingdom, priests to his God and Father; to him be the glory and the dominion forever and ever. Amen."
7a967439-dbc4-5672-af38-bb829b780cef,a4013e39-940f-5e9c-aa3e-1cd590ed7c0a,,7,7,"Behold, he is coming with the clouds, and every eye will see him, including those who pierced him. All the tribes of the earth will mourn over him. Even so, Amen."
35f667d0-0238-5cc9-ab57-37742c467b11,a4013e39-940f-5e9c-aa3e-1cd590ed7c0a,,8,8,"""I am the Alpha and the Omega,"" says the Lord God, ""who is and who was and who is to come, the Almighty."""
626b167a-3919-51a1-a9d9-fd37c9b9ca07,a4013e39-940f-5e9c-aa3e-1cd590ed7c0a,,9,9,"I John, your brother and partner with you in oppression, Kingdom, and perseverance in Christ Jesus, was on the isle that is called Patmos because of God's Word and the testimony of Jesus Christ."
8b77bd2b-fdc9-5bcd-a45e-d40e45f90c91,a4013e39-940f-5e9c-aa3e-1cd590ed7c0a,,10,10,"I was in the Spirit on the Lord's day, and I heard behind me a loud voice, like a trumpet"
150dcd00-188b-5bf9-ae9c-0fa52af194f8,a4013e39-940f-5e9c-aa3e-1cd590ed7c0a,,11,11,"saying, ""What you see, write in a book and send to the seven assemblies: to Ephesus, Smyrna, Pergamum, Thyatira, Sardis, Philadelphia, and to Laodicea."""
8d570737-9d12-5f63-a7d5-64eb3c939c1e,a4013e39-940f-5e9c-aa3e-1cd590ed7c0a,,12,12,"I turned to see the voice that spoke with me. Having turned, I saw seven golden lampstands."
c45e5300-1d84-529d-adfd-439778e0daee,a4013e39-940f-5e9c-aa3e-1cd590ed7c0a,,13,13,"And among the lampstands was one like a son of man, clothed with a robe reaching down to his feet, and with a golden sash around his chest."
9cf8ae21-0284-5016-a527-c13865c2c6e8,a4013e39-940f-5e9c-aa3e-1cd590ed7c0a,,14,14,"His head and his hair were white as white wool, like snow. His eyes were like a flame of fire."
029f7ff7-ede5-5d34-ab54-f9fd429fac23,a4013e39-940f-5e9c-aa3e-1cd590ed7c0a,,15,15,"His feet were like burnished brass, as if it had been refined in a furnace. His voice was like the voice of many waters."
6da9ea0b-ecbb-59c5-ac79-47f17a8c277a,a4013e39-940f-5e9c-aa3e-1cd590ed7c0a,,16,16,He had seven stars in his right hand. Out of his mouth proceeded a sharp two-edged sword. His face was like the sun shining at its brightest.
135caa5f-e5ad-5e5f-adff-1d29e7ac6abf,a4013e39-940f-5e9c-aa3e-1cd590ed7c0a,,17,17,"When I saw him, I fell at his feet like a dead man. He laid his right hand on me, saying, ""Don't be afraid. I am the first and the last,"
045b8f71-1f2f-5b19-abcf-fab8d02b708f,a4013e39-940f-5e9c-aa3e-1cd590ed7c0a,,18,18,"and the Living one. I was dead, and behold, I am alive forevermore. Amen. I have the keys of Death and of Hades."
1cc891d0-1975-5ed5-a5bd-7c0a10a85f3a,a4013e39-940f-5e9c-aa3e-1cd590ed7c0a,,19,19,"Write therefore the things which you have seen, and the things which are, and the things which will happen hereafter;"
4a81afbe-6d78-52b0-a74e-dd196184c55f,a4013e39-940f-5e9c-aa3e-1cd590ed7c0a,,20,20,"the mystery of the seven stars which you saw in my right hand, and the seven golden lampstands. The seven stars are the angels of the seven assemblies. The seven lampstands are seven assemblies."
327442a8-ad7b-5c8f-ac0e-27354d98c63a,08a0b0d9-9e94-54a2-a021-e954471c072a,,1,1,"""To the angel of the assembly in Ephesus write: ""He who holds the seven stars in his right hand, he who walks among the seven golden lampstands says these things:"
2334622e-7149-53f6-a5e5-240e9c5d4dbb,08a0b0d9-9e94-54a2-a021-e954471c072a,,2,2,"""I know your works, and your toil and perseverance, and that you can't tolerate evil men, and have tested those who call themselves apostles, and they are not, and found them false."
921ddfa0-f454-5d09-ab9b-74f263c79151,08a0b0d9-9e94-54a2-a021-e954471c072a,,3,3,"You have perseverance and have endured for my name's sake, and have not grown weary."
3a9287e3-73d6-5871-ae3b-6111b8b6edf9,08a0b0d9-9e94-54a2-a021-e954471c072a,,4,4,"But I have this against you, that you left your first love."
f48a5b32-9034-527b-a8f1-c1dcb4a1d23a,08a0b0d9-9e94-54a2-a021-e954471c072a,,5,5,"Remember therefore from where you have fallen, and repent and do the first works; or else I am coming to you swiftly, and will move your lampstand out of its place, unless you repent."
806ebc16-44e5-591c-a769-93b422250eb3,08a0b0d9-9e94-54a2-a021-e954471c072a,,6,6,"But this you have, that you hate the works of the Nicolaitans, which I also hate."
90464a12-6b5b-536d-a94f-4317944983ac,08a0b0d9-9e94-54a2-a021-e954471c072a,,7,7,"He who has an ear, let him hear what the Spirit says to the assemblies. To him who overcomes I will give to eat of the tree of life, which is in the Paradise of my God."
74fc4184-049d-59b3-ac33-bd527aeb8cde,08a0b0d9-9e94-54a2-a021-e954471c072a,,8,8,"""To the angel of the assembly in Smyrna write: ""The first and the last, who was dead, and has come to life says these things:"
cde04476-9793-5e10-a6a6-a3d374e72a99,08a0b0d9-9e94-54a2-a021-e954471c072a,,9,9,"""I know your works, oppression, and your poverty (but you are rich), and the blasphemy of those who say they are Jews, and they are not, but are a synagogue of Satan."
a8913de5-89bd-50dc-a455-f3584574eebd,08a0b0d9-9e94-54a2-a021-e954471c072a,,10,10,"Don't be afraid of the things which you are about to suffer. Behold, the devil is about to throw some of you into prison, that you may be tested; and you will have oppression for ten days. Be faithful to death, and I will give you the crown of life."
2619cb8d-4d7d-5a6e-ab4b-904b16e60202,08a0b0d9-9e94-54a2-a021-e954471c072a,,11,11,"He who has an ear, let him hear what the Spirit says to the assemblies. He who overcomes won't be harmed by the second death."
dd2564a2-7900-5cb0-a407-bc7130216f5b,08a0b0d9-9e94-54a2-a021-e954471c072a,,12,12,"""To the angel of the assembly in Pergamum write: ""He who has the sharp two-edged sword says these things:"
fd1ccacf-b9c1-5a3f-a40b-15ba6417a5aa,08a0b0d9-9e94-54a2-a021-e954471c072a,,13,13,"""I know your works and where you dwell, where Satan's throne is. You hold firmly to my name, and didn't deny my faith in the days of Antipas my witness, my faithful one, who was killed among you, where Satan dwells."
b353b2d7-cd73-58b5-a871-9ab79caec58f,08a0b0d9-9e94-54a2-a021-e954471c072a,,14,14,"But I have a few things against you, because you have there some who hold the teaching of Balaam, who taught Balak to throw a stumbling block before the children of Israel, to eat things sacrificed to idols, and to commit sexual immorality."
56c0f3e3-9225-50fc-a3a7-c4d34f541182,08a0b0d9-9e94-54a2-a021-e954471c072a,,15,15,So you also have some who hold to the teaching of the Nicolaitans likewise.
81075bd6-f9b2-5a14-a86b-9f0075b49c44,08a0b0d9-9e94-54a2-a021-e954471c072a,,16,16,"Repent therefore, or else I am coming to you quickly, and I will make war against them with the sword of my mouth."
40b89091-7ba3-5b4b-a637-f7403fa06c22,08a0b0d9-9e94-54a2-a021-e954471c072a,,17,17,"He who has an ear, let him hear what the Spirit says to the assemblies. To him who overcomes, to him I will give of the hidden manna, and I will give him a white stone, and on the stone a new name written, which no one knows but he who receives it."
5cff0ceb-b5ef-50df-ac46-3d6ed591bcfd,08a0b0d9-9e94-54a2-a021-e954471c072a,,18,18,"""To the angel of the assembly in Thyatira write: ""The Son of God, who has his eyes like a flame of fire, and his feet are like burnished brass, says these things:"
cd1f8241-3199-5304-a9ec-fc25a7c92103,08a0b0d9-9e94-54a2-a021-e954471c072a,,19,19,"""I know your works, your love, faith, service, patient endurance, and that your last works are more than the first."
1ba60526-3eff-508e-a176-6a18c3e2e6f0,08a0b0d9-9e94-54a2-a021-e954471c072a,,20,20,"But I have this against you, that you tolerate your woman, Jezebel, who calls herself a prophetess. She teaches and seduces my servants to commit sexual immorality, and to eat things sacrificed to idols."
94b725b5-e535-5f83-a889-c464c9d8ad75,08a0b0d9-9e94-54a2-a021-e954471c072a,,21,21,"I gave her time to repent, but she refuses to repent of her sexual immorality."
89a06742-c347-5934-ad49-9885ef74cd61,08a0b0d9-9e94-54a2-a021-e954471c072a,,22,22,"Behold, I will throw her into a bed, and those who commit adultery with her into great oppression, unless they repent of her works."
0b714b7d-6767-5c26-a635-ca361d632411,08a0b0d9-9e94-54a2-a021-e954471c072a,,23,23,"I will kill her children with Death, and all the assemblies will know that I am he who searches the minds and hearts. I will give to each one of you according to your deeds."
01942961-1aab-5673-a0e4-4a18055bbdf8,08a0b0d9-9e94-54a2-a021-e954471c072a,,24,24,"But to you I say, to the rest who are in Thyatira, as many as don't have this teaching, who don't know what some call 'the deep things of Satan,' to you I say, I am not putting any other burden on you."
7be79ae6-f9ee-5222-a67f-b5fc19d7010a,08a0b0d9-9e94-54a2-a021-e954471c072a,,25,25,"Nevertheless, hold that which you have firmly until I come."
2ca76c33-bee3-58d6-a2c5-f1e1a32d2be5,08a0b0d9-9e94-54a2-a021-e954471c072a,,26,26,"He who overcomes, and he who keeps my works to the end, to him I will give authority over the nations."
da87ffc2-69c3-5610-a4cd-61b269211d41,08a0b0d9-9e94-54a2-a021-e954471c072a,,27,27,"He will rule them with a rod of iron, shattering them like clay pots; as I also have received of my Father:"
716bcf5b-3b69-5829-a098-4bdd65903822,08a0b0d9-9e94-54a2-a021-e954471c072a,,28,28,and I will give him the morning star.
2a4e623b-9c08-5fed-aa04-8637d5116241,08a0b0d9-9e94-54a2-a021-e954471c072a,,29,29,"He who has an ear, let him hear what the Spirit says to the assemblies."
e95e442f-aa69-54cf-a721-1986d548d294,03710dd7-3a33-56cb-ad32-2ac919a0f408,,1,1,"""And to the angel of the assembly in Sardis write: ""He who has the seven Spirits of God, and the seven stars says these things: ""I know your works, that you have a reputation of being alive, but you are dead."
9f79c124-823d-5608-a1a0-e2bdd71f6f46,03710dd7-3a33-56cb-ad32-2ac919a0f408,,2,2,"Wake up, and keep the things that remain, which you were about to throw away, for I have found no works of yours perfected before my God."
ca9fcb68-a64f-5b46-a1b2-7fa03ab87b41,03710dd7-3a33-56cb-ad32-2ac919a0f408,,3,3,"Remember therefore how you have received and heard. Keep it, and repent. If therefore you won't watch, I will come as a thief, and you won't know what hour I will come upon you."
d22538a1-5173-5b8a-a3db-6531e76136c4,03710dd7-3a33-56cb-ad32-2ac919a0f408,,4,4,"Nevertheless you have a few names in Sardis that did not defile their garments. They will walk with me in white, for they are worthy."
4b396b20-cfd0-588e-aec7-d65bbcf74369,03710dd7-3a33-56cb-ad32-2ac919a0f408,,5,5,"He who overcomes will be arrayed in white garments, and I will in no way blot his name out of the book of life, and I will confess his name before my Father, and before his angels."
763c18bd-8b06-5d91-a5a3-2d32bda78604,03710dd7-3a33-56cb-ad32-2ac919a0f408,,6,6,"He who has an ear, let him hear what the Spirit says to the assemblies."
ef84e5ab-fa83-5244-a476-fe50357edcf2,03710dd7-3a33-56cb-ad32-2ac919a0f408,,7,7,"""To the angel of the assembly in Philadelphia write: ""He who is holy, he who is true, he who has the key of David, he who opens and no one can shut, and who shuts and no one opens, says these things:"
94e0912e-e592-505f-af36-d88d0942a507,03710dd7-3a33-56cb-ad32-2ac919a0f408,,8,8,"""I know your works (behold, I have set before you an open door, which no one can shut), that you have a little power, and kept my word, and didn't deny my name."
9e418363-2c3f-52aa-a72d-f234363649ff,03710dd7-3a33-56cb-ad32-2ac919a0f408,,9,9,"Behold, I give of the synagogue of Satan, of those who say they are Jews, and they are not, but lie. Behold, I will make them to come and worship before your feet, and to know that I have loved you."
5f318ae6-784c-53aa-a846-81bb3e11541e,03710dd7-3a33-56cb-ad32-2ac919a0f408,,10,10,"Because you kept my command to endure, I also will keep you from the hour of testing, which is to come on the whole world, to test those who dwell on the earth."
367a3353-df22-53cc-ac2a-13eb2241657c,03710dd7-3a33-56cb-ad32-2ac919a0f408,,11,11,"I am coming quickly! Hold firmly that which you have, so that no one takes your crown."
9ac7d1c5-27b7-59c7-a918-9781f758a3b5,03710dd7-3a33-56cb-ad32-2ac919a0f408,,12,12,"He who overcomes, I will make him a pillar in the temple of my God, and he will go out from there no more. I will write on him the name of my God, and the name of the city of my God, the new Jerusalem, which comes down out of heaven from my God, and my own new name."
98937ad7-8437-506f-ad06-9cc5c6b41d50,03710dd7-3a33-56cb-ad32-2ac919a0f408,,13,13,"He who has an ear, let him hear what the Spirit says to the assemblies."
0f99046b-0fa7-576d-a8d9-7b30cbe15cc0,03710dd7-3a33-56cb-ad32-2ac919a0f408,,14,14,"""To the angel of the assembly in Laodicea write: ""The Amen, the Faithful and True Witness, the Head of God's creation, says these things:"
5f7c915d-24cc-5a81-aefa-15e70e17a3d4,03710dd7-3a33-56cb-ad32-2ac919a0f408,,15,15,"""I know your works, that you are neither cold nor hot. I wish you were cold or hot."
8f640e4d-0fa9-50ec-ab38-2732894f12f6,03710dd7-3a33-56cb-ad32-2ac919a0f408,,16,16,"So, because you are lukewarm, and neither hot nor cold, I will vomit you out of my mouth."
195fa999-910a-5056-a352-7e96454e99d0,03710dd7-3a33-56cb-ad32-2ac919a0f408,,17,17,"Because you say, 'I am rich, and have gotten riches, and have need of nothing;' and don't know that you are the wretched one, miserable, poor, blind, and naked;"
a1c7845e-85f4-5f01-a638-1558fb937e07,03710dd7-3a33-56cb-ad32-2ac919a0f408,,18,18,"I counsel you to buy from me gold refined by fire, that you may become rich; and white garments, that you may clothe yourself, and that the shame of your nakedness may not be revealed; and eye salve to anoint your eyes, that you may see."
3c4dcbd9-7880-5c78-aab4-79eb1b53107e,03710dd7-3a33-56cb-ad32-2ac919a0f408,,19,19,"As many as I love, I reprove and chasten. Be zealous therefore, and repent."
bdb9e78e-cd0c-5290-a79c-0e51bbdbc17b,03710dd7-3a33-56cb-ad32-2ac919a0f408,,20,20,"Behold, I stand at the door and knock. If anyone hears my voice and opens the door, then I will come in to him, and will dine with him, and he with me."
a35a6e18-9b20-5d16-a920-485a1ae6ee0c,03710dd7-3a33-56cb-ad32-2ac919a0f408,,21,21,"He who overcomes, I will give to him to sit down with me on my throne, as I also overcame, and sat down with my Father on his throne."
5f944175-d87d-53c1-a5f0-925a41b309db,03710dd7-3a33-56cb-ad32-2ac919a0f408,,22,22,"He who has an ear, let him hear what the Spirit says to the assemblies."""
7feeb8f7-bd22-5de6-a38f-0bc9bc4c842f,32b144bb-e68e-50c5-a30d-57049d5ee1a7,,1,1,"After these things I looked and saw a door opened in heaven, and the first voice that I heard, like a trumpet speaking with me, was one saying, ""Come up here, and I will show you the things which must happen after this."""
d6877b4f-74d6-554e-a860-a48410f54a1a,32b144bb-e68e-50c5-a30d-57049d5ee1a7,,2,2,"Immediately I was in the Spirit. Behold, there was a throne set in heaven, and one sitting on the throne"
20063b94-7b96-5528-a2cc-9be8a519ed96,32b144bb-e68e-50c5-a30d-57049d5ee1a7,,3,3,"that looked like a jasper stone and a sardius. There was a rainbow around the throne, like an emerald to look at."
987d7c86-a591-559d-af7f-8ce78d8eab56,32b144bb-e68e-50c5-a30d-57049d5ee1a7,,4,4,"Around the throne were twenty-four thrones. On the thrones were twenty-four elders sitting, dressed in white garments, with crowns of gold on their heads."
bef87008-2abe-520b-a860-1062505b98fe,32b144bb-e68e-50c5-a30d-57049d5ee1a7,,5,5,"Out of the throne proceed lightnings, sounds, and thunders. There were seven lamps of fire burning before his throne, which are the seven Spirits of God."
50351c1d-1643-5c66-a4d2-1c856c5726ef,32b144bb-e68e-50c5-a30d-57049d5ee1a7,,6,6,"Before the throne was something like a sea of glass, similar to crystal. In the midst of the throne, and around the throne were four living creatures full of eyes before and behind."
4a74613e-ecfe-530a-af97-0f5fe838596e,32b144bb-e68e-50c5-a30d-57049d5ee1a7,,7,7,"The first creature was like a lion, and the second creature like a calf, and the third creature had a face like a man, and the fourth was like a flying eagle."
5524e11d-399d-5d3b-a97b-41c147a80915,32b144bb-e68e-50c5-a30d-57049d5ee1a7,,8,8,"The four living creatures, each one of them having six wings, are full of eyes around and within. They have no rest day and night, saying, ""Holy, holy, holy is the Lord God, the Almighty, who was and who is and who is to come!"""
fb86a8eb-e753-5fa9-a249-410cc4314e2d,32b144bb-e68e-50c5-a30d-57049d5ee1a7,,9,9,"When the living creatures give glory, honor, and thanks to him who sits on the throne, to him who lives forever and ever,"
ef808d1b-0f2e-5ab1-a35d-43d3d944c838,32b144bb-e68e-50c5-a30d-57049d5ee1a7,,10,10,"the twenty-four elders fall down before him who sits on the throne, and worship him who lives forever and ever, and throw their crowns before the throne, saying,"
7387ab83-1476-5ae7-aed7-fd584d48e65d,32b144bb-e68e-50c5-a30d-57049d5ee1a7,,11,11,"""Worthy are you, our Lord and God, the Holy One, to receive the glory, the honor, and the power, for you created all things, and because of your desire they existed, and were created!"""
da73b5d1-3db6-51ec-ad0d-852968b2fa63,5635fad5-6fff-5c09-a664-8a7cb3227133,,1,1,"I saw, in the right hand of him who sat on the throne, a book written inside and outside, sealed shut with seven seals."
9de932fe-32bb-58ce-ad47-1e6b5a1325bb,5635fad5-6fff-5c09-a664-8a7cb3227133,,2,2,"I saw a mighty angel proclaiming with a loud voice, ""Who is worthy to open the book, and to break its seals?"""
ed37282a-dc6b-545f-a519-3125d5bb5760,5635fad5-6fff-5c09-a664-8a7cb3227133,,3,3,"No one in heaven above, or on the earth, or under the earth, was able to open the book, or to look in it."
a7fa0e29-b842-531f-a3a7-f58364649a20,5635fad5-6fff-5c09-a664-8a7cb3227133,,4,4,"And I wept much, because no one was found worthy to open the book, or to look in it."
9a2eb62a-ba15-506b-ac6c-5d841479257c,5635fad5-6fff-5c09-a664-8a7cb3227133,,5,5,"One of the elders said to me, ""Don't weep. Behold, the Lion who is of the tribe of Judah, the Root of David, has overcome; he who opens the book and its seven seals."""
54b00fbe-badf-5c94-a774-5b72eab0b818,5635fad5-6fff-5c09-a664-8a7cb3227133,,6,6,"I saw in the midst of the throne and of the four living creatures, and in the midst of the elders, a Lamb standing, as though it had been slain, having seven horns, and seven eyes, which are the seven Spirits of God, sent out into all the earth."
0df1fadd-c704-570f-a5eb-929ba6625d45,5635fad5-6fff-5c09-a664-8a7cb3227133,,7,7,"Then he came, and he took it out of the right hand of him who sat on the throne."
5e1b1ba1-8c68-5a10-a783-1b68fdb450df,5635fad5-6fff-5c09-a664-8a7cb3227133,,8,8,"Now when he had taken the book, the four living creatures and the twenty-four elders fell down before the Lamb, each one having a harp, and golden bowls full of incense, which are the prayers of the saints."
bbcc1578-c10c-51bf-addd-848b3482ec79,5635fad5-6fff-5c09-a664-8a7cb3227133,,9,9,"They sang a new song, saying, ""You are worthy to take the book, and to open its seals: for you were killed, and bought us for God with your blood, out of every tribe, language, people, and nation,"
6a310553-8c19-5ed1-aa9e-808501117525,5635fad5-6fff-5c09-a664-8a7cb3227133,,10,10,"and made us kings and priests to our God, and we will reign on earth."""
7e6ae0fd-6737-5f56-a4bc-e7666871bf86,5635fad5-6fff-5c09-a664-8a7cb3227133,,11,11,"I saw, and I heard something like a voice of many angels around the throne, the living creatures, and the elders; and the number of them was ten thousands of ten thousands, and thousands of thousands;"
500ff50d-7139-5993-a787-2345f20b798b,5635fad5-6fff-5c09-a664-8a7cb3227133,,12,12,"saying with a loud voice, ""Worthy is the Lamb who has been killed to receive the power, wealth, wisdom, strength, honor, glory, and blessing!"""
8a07dede-5223-553c-a188-e9f54615a20f,5635fad5-6fff-5c09-a664-8a7cb3227133,,13,13,"I heard every created thing which is in heaven, on the earth, under the earth, on the sea, and everything in them, saying, ""To him who sits on the throne, and to the Lamb be the blessing, the honor, the glory, and the dominion, forever and ever! Amen!"""
10807c8f-5dcc-5ede-a830-66b810c8dfd8,5635fad5-6fff-5c09-a664-8a7cb3227133,,14,14,"The four living creatures said, ""Amen!"" The elders fell down and worshiped."
2313b332-465e-5a6d-ac52-f3e4288719d2,96f15445-1f96-54c3-ab49-a089721d178e,,1,1,"I saw that the Lamb opened one of the seven seals, and I heard one of the four living creatures saying, as with a voice of thunder, ""Come and see!"""
22514e95-72c6-5773-a20a-fa7026173292,96f15445-1f96-54c3-ab49-a089721d178e,,2,2,"And behold, a white horse, and he who sat on it had a bow. A crown was given to him, and he came forth conquering, and to conquer."
088ad34a-19fc-59e6-a0ac-83e6c6656692,96f15445-1f96-54c3-ab49-a089721d178e,,3,3,"When he opened the second seal, I heard the second living creature saying, ""Come!"""
4c897296-9633-58a6-aefe-0b012d819833,96f15445-1f96-54c3-ab49-a089721d178e,,4,4,"Another came forth, a red horse. To him who sat on it was given power to take peace from the earth, and that they should kill one another. There was given to him a great sword."
972894d8-1216-5f2f-a356-f3847725ce76,96f15445-1f96-54c3-ab49-a089721d178e,,5,5,"When he opened the third seal, I heard the third living creature saying, ""Come and see!"" And behold, a black horse, and he who sat on it had a balance in his hand."
7240cc32-04f8-5283-ad5b-af04844c4733,96f15445-1f96-54c3-ab49-a089721d178e,,6,6,"I heard a voice in the midst of the four living creatures saying, ""A choenix of wheat for a denarius, and three choenix of barley for a denarius! Don't damage the oil and the wine!"""
babc4c91-2604-5459-ad31-92a2ac62c199,96f15445-1f96-54c3-ab49-a089721d178e,,7,7,"When he opened the fourth seal, I heard the fourth living creature saying, ""Come and see!"""
1f3d30eb-d308-5ac2-a594-9c68b020ce91,96f15445-1f96-54c3-ab49-a089721d178e,,8,8,"And behold, a pale horse, and he who sat on it, his name was Death. Hades followed with him. Authority over one fourth of the earth, to kill with the sword, with famine, with death, and by the wild animals of the earth was given to him."
36acd9cb-fd8b-5504-a480-949fe8d9485a,96f15445-1f96-54c3-ab49-a089721d178e,,9,9,"When he opened the fifth seal, I saw underneath the altar the souls of those who had been killed for the Word of God, and for the testimony of the Lamb which they had."
ca56540c-03d5-579e-ab65-5d15190d2669,96f15445-1f96-54c3-ab49-a089721d178e,,10,10,"They cried with a loud voice, saying, ""How long, Master, the holy and true, until you judge and avenge our blood on those who dwell on the earth?"""
c6d748c6-7acb-509b-ac11-b843c5e4483f,96f15445-1f96-54c3-ab49-a089721d178e,,11,11,"A long white robe was given to each of them. They were told that they should rest yet for a while, until their fellow servants and their brothers, who would also be killed even as they were, should complete their course."
a5a30cc2-1fbb-56a5-ac60-06d1c61c2cd7,96f15445-1f96-54c3-ab49-a089721d178e,,12,12,"I saw when he opened the sixth seal, and there was a great earthquake. The sun became black as sackcloth made of hair, and the whole moon became as blood."
b55e70e5-683f-5e73-acba-c9103ad9878b,96f15445-1f96-54c3-ab49-a089721d178e,,13,13,"The stars of the sky fell to the earth, like a fig tree dropping its unripe figs when it is shaken by a great wind."
a2c34927-ff06-5002-a21f-4efb861853a4,96f15445-1f96-54c3-ab49-a089721d178e,,14,14,The sky was removed like a scroll when it is rolled up. Every mountain and island were moved out of their places.
9c2374cb-247e-55fa-a4df-b550d79f257c,96f15445-1f96-54c3-ab49-a089721d178e,,15,15,"The kings of the earth, the princes, the commanding officers, the rich, the strong, and every slave and free person, hid themselves in the caves and in the rocks of the mountains."
a6af8538-f5ac-5df1-adc9-de8034a39631,96f15445-1f96-54c3-ab49-a089721d178e,,16,16,"They told the mountains and the rocks, ""Fall on us, and hide us from the face of him who sits on the throne, and from the wrath of the Lamb,"
d5d47977-b73f-5b34-a6ee-f09793abb8d0,96f15445-1f96-54c3-ab49-a089721d178e,,17,17,"for the great day of his wrath has come; and who is able to stand?"""
71e80dca-d9d0-55f8-a85b-a17439ad1c62,58a6839b-922e-5e75-aa18-7e9e1cfae4d7,,1,1,"After this, I saw four angels standing at the four corners of the earth, holding the four winds of the earth, so that no wind would blow on the earth, or on the sea, or on any tree."
670b7cfd-606a-54bb-a328-228edacf80a0,58a6839b-922e-5e75-aa18-7e9e1cfae4d7,,2,2,"I saw another angel ascend from the sunrise, having the seal of the living God. He cried with a loud voice to the four angels to whom it was given to harm the earth and the sea,"
7a876377-da68-5415-affa-bb202af2d0e1,58a6839b-922e-5e75-aa18-7e9e1cfae4d7,,3,3,"saying, ""Don't harm the earth, neither the sea, nor the trees, until we have sealed the bondservants of our God on their foreheads!"""
e3a1441b-6822-59b2-a06d-109684a3e5bf,58a6839b-922e-5e75-aa18-7e9e1cfae4d7,,4,4,"I heard the number of those who were sealed, one hundred forty-four thousand, sealed out of every tribe of the children of Israel:"
ebc3e666-f232-5d8c-a64b-19de5300894f,58a6839b-922e-5e75-aa18-7e9e1cfae4d7,,5,5,"of the tribe of Judah were sealed twelve thousand, of the tribe of Reuben twelve thousand, of the tribe of Gad twelve thousand,"
3f480429-bbbd-541f-a2cd-ef88e8f06341,58a6839b-922e-5e75-aa18-7e9e1cfae4d7,,6,6,"of the tribe of Asher twelve thousand, of the tribe of Naphtali twelve thousand, of the tribe of Manasseh twelve thousand,"
56aed161-33ca-5b17-ad91-352566b6ee7e,58a6839b-922e-5e75-aa18-7e9e1cfae4d7,,7,7,"of the tribe of Simeon twelve thousand, of the tribe of Levi twelve thousand, of the tribe of Issachar twelve thousand,"
d8648517-685a-56d5-a4a1-3f52d1c092c0,58a6839b-922e-5e75-aa18-7e9e1cfae4d7,,8,8,"of the tribe of Zebulun twelve thousand, of the tribe of Joseph twelve thousand, of the tribe of Benjamin were sealed twelve thousand."
4787281e-d674-5c59-a98a-b1617bffda93,58a6839b-922e-5e75-aa18-7e9e1cfae4d7,,9,9,"After these things I looked, and behold, a great multitude, which no man could number, out of every nation and of all tribes, peoples, and languages, standing before the throne and before the Lamb, dressed in white robes, with palm branches in their hands."
fe65b1ec-e714-5c90-a393-b1025c5ca369,58a6839b-922e-5e75-aa18-7e9e1cfae4d7,,10,10,"They cried with a loud voice, saying, ""Salvation be to our God, who sits on the throne, and to the Lamb!"""
d98ed2a9-e7f2-5235-a85c-18c15d2d3620,58a6839b-922e-5e75-aa18-7e9e1cfae4d7,,11,11,"All the angels were standing around the throne, the elders, and the four living creatures; and they fell on their faces before his throne, and worshiped God,"
bf1d7218-a5fa-5fb5-a317-4b4a46f547b2,58a6839b-922e-5e75-aa18-7e9e1cfae4d7,,12,12,"saying, ""Amen! Blessing, glory, wisdom, thanksgiving, honor, power, and might, be to our God forever and ever! Amen."""
08c46709-4104-5fb4-a309-45cbe841b1ce,58a6839b-922e-5e75-aa18-7e9e1cfae4d7,,13,13,"One of the elders answered, saying to me, ""These who are arrayed in white robes, who are they, and from where did they come?"""
aa7694d9-258e-500f-a18b-b7d8f1a11297,58a6839b-922e-5e75-aa18-7e9e1cfae4d7,,14,14,"I told him, ""My lord, you know."" He said to me, ""These are those who came out of the great tribulation. They washed their robes, and made them white in the Lamb's blood."
279d80ef-04d6-5beb-aeac-e08e2894424a,58a6839b-922e-5e75-aa18-7e9e1cfae4d7,,15,15,"Therefore they are before the throne of God, they serve him day and night in his temple. He who sits on the throne will spread his tabernacle over them."
bc57e3ba-74e9-52d6-aa17-3a99f11d0bfe,58a6839b-922e-5e75-aa18-7e9e1cfae4d7,,16,16,"They will never be hungry, neither thirsty any more; neither will the sun beat on them, nor any heat;"
9ffcb8f0-21f1-5c38-ade6-b1f4962a8c69,58a6839b-922e-5e75-aa18-7e9e1cfae4d7,,17,17,"for the Lamb who is in the midst of the throne shepherds them, and leads them to springs of waters of life. And God will wipe away every tear from their eyes."""
cb861c9c-d2d6-524c-a809-6dcd5c01fe91,d75b4226-cc68-5ca0-a37c-4c3fbf665bea,,1,1,"When he opened the seventh seal, there was silence in heaven for about half an hour."
bf3df26f-192e-52b0-af09-b4085fc74920,d75b4226-cc68-5ca0-a37c-4c3fbf665bea,,2,2,"I saw the seven angels who stand before God, and seven trumpets were given to them."
0aefce53-f898-541a-ac65-d25aff598af4,d75b4226-cc68-5ca0-a37c-4c3fbf665bea,,3,3,"Another angel came and stood over the altar, having a golden censer. Much incense was given to him, that he should add it to the prayers of all the saints on the golden altar which was before the throne."
921c1e92-aea0-5b1e-aa7b-2935dfcc8f32,d75b4226-cc68-5ca0-a37c-4c3fbf665bea,,4,4,"The smoke of the incense, with the prayers of the saints, went up before God out of the angel's hand."
be294e87-a35c-5f7b-a54f-69c1211b1081,d75b4226-cc68-5ca0-a37c-4c3fbf665bea,,5,5,"The angel took the censer, and he filled it with the fire of the altar, and threw it on the earth. There followed thunders, sounds, lightnings, and an earthquake."
d4ccb331-39eb-57cf-ab6f-407ff0943af4,d75b4226-cc68-5ca0-a37c-4c3fbf665bea,,6,6,The seven angels who had the seven trumpets prepared themselves to sound.
5ae8be39-7c05-50c0-a3fe-060d26730b90,d75b4226-cc68-5ca0-a37c-4c3fbf665bea,,7,7,"The first sounded, and there followed hail and fire, mixed with blood, and they were thrown to the earth. One third of the earth was burnt up, and one third of the trees were burnt up, and all green grass was burnt up."
b09af4cc-3a25-5c77-a78c-1c92356b37ea,d75b4226-cc68-5ca0-a37c-4c3fbf665bea,,8,8,"The second angel sounded, and something like a great burning mountain was thrown into the sea. One third of the sea became blood,"
8e8531d6-31a2-533d-af3a-f4bcfd7e9d57,d75b4226-cc68-5ca0-a37c-4c3fbf665bea,,9,9,and one third of the living creatures which were in the sea died. One third of the ships were destroyed.
db9d1132-a8a0-5f57-a196-6d2c6072f44e,d75b4226-cc68-5ca0-a37c-4c3fbf665bea,,10,10,"The third angel sounded, and a great star fell from the sky, burning like a torch, and it fell on one third of the rivers, and on the springs of the waters."
0ff484f3-1696-554a-a56e-9c261135a612,d75b4226-cc68-5ca0-a37c-4c3fbf665bea,,11,11,"The name of the star is called ""Wormwood."" One third of the waters became wormwood. Many people died from the waters, because they were made bitter."
2168cdb3-a726-5330-a22b-ad7265fd5c7d,d75b4226-cc68-5ca0-a37c-4c3fbf665bea,,12,12,"The fourth angel sounded, and one third of the sun was struck, and one third of the moon, and one third of the stars; so that one third of them would be darkened, and the day wouldn't shine for one third of it, and the night in the same way."
396d04cb-1d10-5c39-a62d-68f337c02445,d75b4226-cc68-5ca0-a37c-4c3fbf665bea,,13,13,"I saw, and I heard an eagle, flying in mid heaven, saying with a loud voice, ""Woe! Woe! Woe for those who dwell on the earth, because of the other voices of the trumpets of the three angels, who are yet to sound!"""
4fdd1d16-690f-5b28-af63-f767a39ce50e,80886165-817b-571e-aa7e-e55857b97ffa,,1,1,"The fifth angel sounded, and I saw a star from the sky which had fallen to the earth. The key to the pit of the abyss was given to him."
2167c0da-2853-5e0f-a440-eaef5709fe0c,80886165-817b-571e-aa7e-e55857b97ffa,,2,2,"He opened the pit of the abyss, and smoke went up out of the pit, like the smoke from a burning furnace. The sun and the air were darkened because of the smoke from the pit."
6f157ad7-2e64-5bca-aa2e-b5977297ace6,80886165-817b-571e-aa7e-e55857b97ffa,,3,3,"Then out of the smoke came forth locusts on the earth, and power was given to them, as the scorpions of the earth have power."
04c0c879-81c2-57a7-a99a-4f05e7a629f0,80886165-817b-571e-aa7e-e55857b97ffa,,4,4,"They were told that they should not hurt the grass of the earth, neither any green thing, neither any tree, but only those people who don't have God's seal on their foreheads."
1037fc1d-1711-52d1-a1de-7a632ad94f1c,80886165-817b-571e-aa7e-e55857b97ffa,,5,5,"They were given power not to kill them, but to torment them for five months. Their torment was like the torment of a scorpion, when it strikes a person."
a7873b36-23c4-5717-a2cf-e91640e23fc7,80886165-817b-571e-aa7e-e55857b97ffa,,6,6,"In those days people will seek death, and will in no way find it. They will desire to die, and death will flee from them."
fbcd8130-8180-558d-a5ee-16479428210b,80886165-817b-571e-aa7e-e55857b97ffa,,7,7,"The shapes of the locusts were like horses prepared for war. On their heads were something like golden crowns, and their faces were like people's faces."
c671ef0f-83a5-51c0-a459-d6898af8f8f2,80886165-817b-571e-aa7e-e55857b97ffa,,8,8,"They had hair like women's hair, and their teeth were like those of lions."
3cf7ba1d-bcdc-50df-a6b1-333e126c458a,80886165-817b-571e-aa7e-e55857b97ffa,,9,9,"They had breastplates, like breastplates of iron. The sound of their wings was like the sound of chariots, or of many horses rushing to war."
8974bd56-45ba-5a59-a03a-3ee05d45e611,80886165-817b-571e-aa7e-e55857b97ffa,,10,10,"They have tails like those of scorpions, and stings. In their tails they have power to harm men for five months."
64e81c50-f94a-55f6-a4a2-cdeed7dadd57,80886165-817b-571e-aa7e-e55857b97ffa,,11,11,"They have over them as king the angel of the abyss. His name in Hebrew is ""Abaddon,"" but in Greek, he has the name ""Apollyon."""
5bc86ccd-8350-5a9a-a954-f1613cfbad56,80886165-817b-571e-aa7e-e55857b97ffa,,12,12,"The first woe is past. Behold, there are still two woes coming after this."
4e1d3d04-ce6d-517a-a4a7-b0c58fd0018a,80886165-817b-571e-aa7e-e55857b97ffa,,13,13,"The sixth angel sounded. I heard a voice from the horns of the golden altar which is before God,"
e74fd492-7036-589a-a857-16ad2c04701e,80886165-817b-571e-aa7e-e55857b97ffa,,14,14,"saying to the sixth angel who had one trumpet, ""Free the four angels who are bound at the great river Euphrates!"""
634bcebf-0916-5290-af63-a95c428f6e1c,80886165-817b-571e-aa7e-e55857b97ffa,,15,15,"The four angels were freed who had been prepared for that hour and day and month and year, so that they might kill one third of mankind."
e532e2eb-0a4c-550e-aebe-bab8176ed6a6,80886165-817b-571e-aa7e-e55857b97ffa,,16,16,The number of the armies of the horsemen was two hundred million. I heard the number of them.
f9e8811e-c4da-5c55-a715-07fa63d7596f,80886165-817b-571e-aa7e-e55857b97ffa,,17,17,"Thus I saw the horses in the vision, and those who sat on them, having breastplates of fiery red, hyacinth blue, and sulfur yellow; and the heads of lions. Out of their mouths proceed fire, smoke, and sulfur."
91a9e302-9f75-5bab-a739-8bb3a8e04980,80886165-817b-571e-aa7e-e55857b97ffa,,18,18,"By these three plagues were one third of mankind killed: by the fire, the smoke, and the sulfur, which proceeded out of their mouths."
d9557381-752a-5321-a5ac-f7df428e4273,80886165-817b-571e-aa7e-e55857b97ffa,,19,19,"For the power of the horses is in their mouths, and in their tails. For their tails are like serpents, and have heads, and with them they harm."
0d4d6c31-2b10-5fe0-a097-7eb05292662f,80886165-817b-571e-aa7e-e55857b97ffa,,20,20,"The rest of mankind, who were not killed with these plagues, didn't repent of the works of their hands, that they wouldn't worship demons, and the idols of gold, and of silver, and of brass, and of stone, and of wood; which can neither see, nor hear, nor walk."
47aa408e-fe4c-5c01-a5ce-0d58e8faef6f,80886165-817b-571e-aa7e-e55857b97ffa,,21,21,"They didn't repent of their murders, nor of their sorceries, nor of their sexual immorality, nor of their thefts."
fc5535f1-5b08-5ab0-aa31-db5fb12788b3,de2c76d2-0511-5c9a-abfe-0882cbef25a3,,1,1,"I saw a mighty angel coming down out of the sky, clothed with a cloud. A rainbow was on his head. His face was like the sun, and his feet like pillars of fire."
63d79117-1504-5443-ad21-c1631ff4ca2e,de2c76d2-0511-5c9a-abfe-0882cbef25a3,,2,2,"He had in his hand a little open book. He set his right foot on the sea, and his left on the land."
c290793d-426a-52ba-ac99-73abb6f7f34f,de2c76d2-0511-5c9a-abfe-0882cbef25a3,,3,3,"He cried with a loud voice, as a lion roars. When he cried, the seven thunders uttered their voices."
ff00d5aa-7a1b-525c-a91a-ae5701560ff3,de2c76d2-0511-5c9a-abfe-0882cbef25a3,,4,4,"When the seven thunders sounded, I was about to write; but I heard a voice from the sky saying, ""Seal up the things which the seven thunders said, and don't write them."""
0a836a5a-0f53-5a7d-adfb-b5f534ca5123,de2c76d2-0511-5c9a-abfe-0882cbef25a3,,5,5,"The angel who I saw standing on the sea and on the land lifted up his right hand to the sky,"
19d572f6-3949-5a28-aa16-345b4481570d,de2c76d2-0511-5c9a-abfe-0882cbef25a3,,6,6,"and swore by him who lives forever and ever, who created heaven and the things that are in it, the earth and the things that are in it, and the sea and the things that are in it, that there will no longer be delay,"
abee963f-c9d9-5eeb-a253-588c48a9c27c,de2c76d2-0511-5c9a-abfe-0882cbef25a3,,7,7,"but in the days of the voice of the seventh angel, when he is about to sound, then the mystery of God is finished, as he declared to his servants, the prophets."
618514a2-5838-58be-a0ad-ae24b94a01c0,de2c76d2-0511-5c9a-abfe-0882cbef25a3,,8,8,"The voice which I heard from heaven, again speaking with me, said, ""Go, take the book which is open in the hand of the angel who stands on the sea and on the land."""
06923d40-3600-593f-ac8d-5bca373ef899,de2c76d2-0511-5c9a-abfe-0882cbef25a3,,9,9,"I went to the angel, telling him to give me the little book. He said to me, ""Take it, and eat it up. It will make your stomach bitter, but in your mouth it will be as sweet as honey."""
75390964-883d-5106-a4ee-431f56d27a09,de2c76d2-0511-5c9a-abfe-0882cbef25a3,,10,10,"I took the little book out of the angel's hand, and ate it up. It was as sweet as honey in my mouth. When I had eaten it, my stomach was made bitter."
31074357-5e68-5c0b-a3c9-6239ee724ba7,de2c76d2-0511-5c9a-abfe-0882cbef25a3,,11,11,"They told me, ""You must prophesy again over many peoples, nations, languages, and kings."""
7b45a3ca-b7ad-5665-a34f-95639d8e4859,8b8163f8-7c30-5194-a6c4-b44e04305580,,1,1,"A reed like a rod was given to me. Someone said, ""Rise, and measure God's temple, and the altar, and those who worship in it."
dca50397-5bdf-5eed-a9a9-fec9b8262bfc,8b8163f8-7c30-5194-a6c4-b44e04305580,,2,2,"Leave out the court which is outside of the temple, and don't measure it, for it has been given to the nations. They will tread the holy city under foot for forty-two months."
b822998f-8f1b-561f-a3e8-afac884dd69f,8b8163f8-7c30-5194-a6c4-b44e04305580,,3,3,"I will give power to my two witnesses, and they will prophesy one thousand two hundred sixty days, clothed in sackcloth."""
e8a9037d-de27-5447-ae84-a0a92db3a481,8b8163f8-7c30-5194-a6c4-b44e04305580,,4,4,"These are the two olive trees and the two lampstands, standing before the Lord of the earth."
359eb6a9-0771-5522-afa1-a6768d058d45,8b8163f8-7c30-5194-a6c4-b44e04305580,,5,5,"If anyone desires to harm them, fire proceeds out of their mouth and devours their enemies. If anyone desires to harm them, he must be killed in this way."
83ee16e4-72bc-55c6-afad-1d4beb6e629f,8b8163f8-7c30-5194-a6c4-b44e04305580,,6,6,"These have the power to shut up the sky, that it may not rain during the days of their prophecy. They have power over the waters, to turn them into blood, and to strike the earth with every plague, as often as they desire."
cd5010e5-4b2c-5df0-a720-6d576c11a703,8b8163f8-7c30-5194-a6c4-b44e04305580,,7,7,"When they have finished their testimony, the beast that comes up out of the abyss will make war with them, and overcome them, and kill them."
3e07dabf-570f-5919-aaf1-ae8899a34835,8b8163f8-7c30-5194-a6c4-b44e04305580,,8,8,"Their dead bodies will be in the street of the great city, which spiritually is called Sodom and Egypt, where also their Lord was crucified."
192bed38-ba80-51de-a5e3-74ad8a719600,8b8163f8-7c30-5194-a6c4-b44e04305580,,9,9,"From among the peoples, tribes, languages, and nations people will look at their dead bodies for three and a half days, and will not allow their dead bodies to be laid in a tomb."
ce902b5b-7775-57ae-a8de-e1202d280ff0,8b8163f8-7c30-5194-a6c4-b44e04305580,,10,10,"Those who dwell on the earth rejoice over them, and they will be glad. They will give gifts to one another, because these two prophets tormented those who dwell on the earth."
19094dd3-b7af-5e6d-a312-5b7f1ff1be0b,8b8163f8-7c30-5194-a6c4-b44e04305580,,11,11,"After the three and a half days, the breath of life from God entered into them, and they stood on their feet. Great fear fell on those who saw them."
555cb652-1386-5e77-afb0-3b45fa89c904,8b8163f8-7c30-5194-a6c4-b44e04305580,,12,12,"I heard a loud voice from heaven saying to them, ""Come up here!"" They went up into heaven in the cloud, and their enemies saw them."
02cb8f3a-bf22-5d47-ad22-21e538e0bb84,8b8163f8-7c30-5194-a6c4-b44e04305580,,13,13,"In that day there was a great earthquake, and a tenth of the city fell. Seven thousand people were killed in the earthquake, and the rest were terrified, and gave glory to the God of heaven."
2a85793e-a1d5-5c03-a706-2861f14834ca,8b8163f8-7c30-5194-a6c4-b44e04305580,,14,14,"The second woe is past. Behold, the third woe comes quickly."
bb8750dc-5352-514b-acd6-9954692a1942,8b8163f8-7c30-5194-a6c4-b44e04305580,,15,15,"The seventh angel sounded, and great voices in heaven followed, saying, ""The kingdom of the world has become the Kingdom of our Lord, and of his Christ. He will reign forever and ever!"""
2d0cfcdb-0b5b-5566-a6fc-52c5886ec1f6,8b8163f8-7c30-5194-a6c4-b44e04305580,,16,16,"The twenty-four elders, who sit on their thrones before God's throne, fell on their faces and worshiped God,"
0d458cea-e5d5-5eb4-ac62-fb8bbbb63c00,8b8163f8-7c30-5194-a6c4-b44e04305580,,17,17,"saying: ""We give you thanks, Lord God, the Almighty, the one who is and who was; because you have taken your great power, and reigned."
e89ab280-7671-50e8-a230-1cccc1fdf59b,8b8163f8-7c30-5194-a6c4-b44e04305580,,18,18,"The nations were angry, and your wrath came, as did the time for the dead to be judged, and to give your bondservants the prophets, their reward, as well as to the saints, and those who fear your name, to the small and the great; and to destroy those who destroy the earth."""
0a60b03c-18ef-51a4-aab9-768cea68b216,8b8163f8-7c30-5194-a6c4-b44e04305580,,19,19,"God's temple that is in heaven was opened, and the ark of the Lord's covenant was seen in his temple. Lightnings, sounds, thunders, an earthquake, and great hail followed."
6d10b5f0-c85a-5df3-ab68-64e778f6165f,ffcc9871-ab7f-50b6-af13-dc579ccebe98,,1,1,"A great sign was seen in heaven: a woman clothed with the sun, and the moon under her feet, and on her head a crown of twelve stars."
74205b32-704f-568d-aea7-515ef91ed68a,ffcc9871-ab7f-50b6-af13-dc579ccebe98,,2,2,"She was with child. She cried out in pain, laboring to give birth."
7c2ff8bc-8d62-5f4c-a461-c8a5886cde91,ffcc9871-ab7f-50b6-af13-dc579ccebe98,,3,3,"Another sign was seen in heaven. Behold, a great red dragon, having seven heads and ten horns, and on his heads seven crowns."
6fe832e1-5515-519d-aaf7-b1b6199fbdef,ffcc9871-ab7f-50b6-af13-dc579ccebe98,,4,4,"His tail drew one third of the stars of the sky, and threw them to the earth. The dragon stood before the woman who was about to give birth, so that when she gave birth he might devour her child."
0769fc85-ff29-5db2-a04f-68a464d28562,ffcc9871-ab7f-50b6-af13-dc579ccebe98,,5,5,"She gave birth to a son, a male child, who is to rule all the nations with a rod of iron. Her child was caught up to God, and to his throne."
9089b817-7140-5c43-ad73-15c88e30185d,ffcc9871-ab7f-50b6-af13-dc579ccebe98,,6,6,"The woman fled into the wilderness, where she has a place prepared by God, that there they may nourish her one thousand two hundred sixty days."
cdb17fee-6fb6-59b0-a7de-f644df3403f1,ffcc9871-ab7f-50b6-af13-dc579ccebe98,,7,7,There was war in the sky. Michael and his angels made war on the dragon. The dragon and his angels made war.
6240c629-ac35-5f4a-af84-b3635345db8c,ffcc9871-ab7f-50b6-af13-dc579ccebe98,,8,8,"They didn't prevail, neither was a place found for him any more in heaven."
17aa88d7-d11f-548e-a83b-b01d007df582,ffcc9871-ab7f-50b6-af13-dc579ccebe98,,9,9,"The great dragon was thrown down, the old serpent, he who is called the devil and Satan, the deceiver of the whole world. He was thrown down to the earth, and his angels were thrown down with him."
786379ce-2c2d-58db-a261-816fa165956b,ffcc9871-ab7f-50b6-af13-dc579ccebe98,,10,10,"I heard a loud voice in heaven, saying, ""Now is come the salvation, the power, and the Kingdom of our God, and the authority of his Christ; for the accuser of our brothers has been thrown down, who accuses them before our God day and night."
867e9b9f-1168-5c0b-a231-02f2668a3439,ffcc9871-ab7f-50b6-af13-dc579ccebe98,,11,11,"They overcame him because of the Lamb's blood, and because of the word of their testimony. They didn't love their life, even to death."
998c92f6-464d-5177-a050-14f8e4f049bb,ffcc9871-ab7f-50b6-af13-dc579ccebe98,,12,12,"Therefore rejoice, heavens, and you who dwell in them. Woe to the earth and to the sea, because the devil has gone down to you, having great wrath, knowing that he has but a short time."""
2e979299-8014-5e65-a363-22ac56766190,ffcc9871-ab7f-50b6-af13-dc579ccebe98,,13,13,"When the dragon saw that he was thrown down to the earth, he persecuted the woman who gave birth to the male child."
be3f173d-1ca1-5533-af16-2c594bfea078,ffcc9871-ab7f-50b6-af13-dc579ccebe98,,14,14,"Two wings of the great eagle were given to the woman, that she might fly into the wilderness to her place, so that she might be nourished for a time, and times, and half a time, from the face of the serpent."
6a6c96e0-ddc6-518f-a11c-1a3dd4493c64,ffcc9871-ab7f-50b6-af13-dc579ccebe98,,15,15,"The serpent spewed water out of his mouth after the woman like a river, that he might cause her to be carried away by the stream."
bc383744-cf53-58f0-a05b-a19d5fb0843b,ffcc9871-ab7f-50b6-af13-dc579ccebe98,,16,16,"The earth helped the woman, and the earth opened its mouth and swallowed up the river which the dragon spewed out of his mouth."
e2b711df-374f-5e68-a9ff-66796b0bb9dd,ffcc9871-ab7f-50b6-af13-dc579ccebe98,,17,17,"The dragon grew angry with the woman, and went away to make war with the rest of her seed, who keep God's commandments and hold Jesus' testimony."
4e86a466-c18c-5bad-aa36-ed9951a19a63,2bb2b902-53ad-5adf-a83a-19e114e11573,,1,1,"Then I stood on the sand of the sea. I saw a beast coming up out of the sea, having ten horns and seven heads. On his horns were ten crowns, and on his heads, blasphemous names."
0d3afb08-9523-5e3b-a0ec-2ee80e457a27,2bb2b902-53ad-5adf-a83a-19e114e11573,,2,2,"The beast which I saw was like a leopard, and his feet were like those of a bear, and his mouth like the mouth of a lion. The dragon gave him his power, his throne, and great authority."
576ef6bd-ee44-539d-a3a6-d656b58f8ed5,2bb2b902-53ad-5adf-a83a-19e114e11573,,3,3,"One of his heads looked like it had been wounded fatally. His fatal wound was healed, and the whole earth marveled at the beast."
06af8d8b-4811-5c27-a08c-c83026e4ce5a,2bb2b902-53ad-5adf-a83a-19e114e11573,,4,4,"They worshiped the dragon, because he gave his authority to the beast, and they worshiped the beast, saying, ""Who is like the beast? Who is able to make war with him?"""
32342620-d2c3-5946-a96b-cc5fb9f85ff0,2bb2b902-53ad-5adf-a83a-19e114e11573,,5,5,A mouth speaking great things and blasphemy was given to him. Authority to make war for forty-two months was given to him.
bb903b34-a623-5a15-a208-2ce64e403bcc,2bb2b902-53ad-5adf-a83a-19e114e11573,,6,6,"He opened his mouth for blasphemy against God, to blaspheme his name, and his dwelling, those who dwell in heaven."
ff648996-1b08-50a7-a307-3be1de6cbc90,2bb2b902-53ad-5adf-a83a-19e114e11573,,7,7,"It was given to him to make war with the saints, and to overcome them. Authority over every tribe, people, language, and nation was given to him."
559a0ff5-a502-5a5f-a0c5-855fe3fa057f,2bb2b902-53ad-5adf-a83a-19e114e11573,,8,8,"All who dwell on the earth will worship him, everyone whose name has not been written from the foundation of the world in the book of life of the Lamb who has been killed."
605e1794-0f99-58a3-a5ec-0aa99ff7b9f5,2bb2b902-53ad-5adf-a83a-19e114e11573,,9,9,"If anyone has an ear, let him hear."
6160a63b-9bad-5fdd-abac-cdabfa687a59,2bb2b902-53ad-5adf-a83a-19e114e11573,,10,10,"If anyone is to go into captivity, he will go into captivity. If anyone is to be killed with the sword, he must be killed. Here is the endurance and the faith of the saints."
c4ae6985-d9d6-5ded-ab80-0fc45063c48e,2bb2b902-53ad-5adf-a83a-19e114e11573,,11,11,"I saw another beast coming up out of the earth. He had two horns like a lamb, and he spoke like a dragon."
523ff86f-fb10-53d5-a8a0-5d4b425e80a7,2bb2b902-53ad-5adf-a83a-19e114e11573,,12,12,"He exercises all the authority of the first beast in his presence. He makes the earth and those who dwell in it to worship the first beast, whose fatal wound was healed."
266138ca-f611-554f-a4af-afdeb2e5a07d,2bb2b902-53ad-5adf-a83a-19e114e11573,,13,13,"He performs great signs, even making fire come down out of the sky to the earth in the sight of people."
02804c14-d0f7-5f91-a95c-e950f2762c64,2bb2b902-53ad-5adf-a83a-19e114e11573,,14,14,"He deceives my own people who dwell on the earth because of the signs he was granted to do in front of the beast; saying to those who dwell on the earth, that they should make an image to the beast who had the sword wound and lived."
dfa79ddb-bfe0-5fc5-aefa-acd245179c79,2bb2b902-53ad-5adf-a83a-19e114e11573,,15,15,"It was given to him to give breath to it, to the image of the beast, that the image of the beast should both speak, and cause as many as wouldn't worship the image of the beast to be killed."
1ad09d77-acb8-54bd-a60d-b62a8008d679,2bb2b902-53ad-5adf-a83a-19e114e11573,,16,16,"He causes all, the small and the great, the rich and the poor, and the free and the slave, to be given marks on their right hands, or on their foreheads;"
26a13d97-ad39-5106-abe0-7b1080012702,2bb2b902-53ad-5adf-a83a-19e114e11573,,17,17,"and that no one would be able to buy or to sell, unless he has that mark, the name of the beast or the number of his name."
05fd4c41-8c8a-5a5f-a2dd-10a34fbdf570,2bb2b902-53ad-5adf-a83a-19e114e11573,,18,18,"Here is wisdom. He who has understanding, let him calculate the number of the beast, for it is the number of a man. His number is six hundred sixty-six."
60a2b476-1856-5382-afc0-e4b17354294c,f5a6588d-590b-5b1a-aa40-c3b68f25addb,,1,1,"I saw, and behold, the Lamb standing on Mount Zion, and with him a number, one hundred forty-four thousand, having his name, and the name of his Father, written on their foreheads."
dd1bf959-5eef-530b-a036-4c1e9d10c3a8,f5a6588d-590b-5b1a-aa40-c3b68f25addb,,2,2,"I heard a sound from heaven, like the sound of many waters, and like the sound of a great thunder. The sound which I heard was like that of harpists playing on their harps."
571e32f8-df95-568f-a91d-e8ad50bb7f60,f5a6588d-590b-5b1a-aa40-c3b68f25addb,,3,3,"They sing a new song before the throne, and before the four living creatures and the elders. No one could learn the song except the one hundred forty-four thousand, those who had been redeemed out of the earth."
e6e95a3f-aff5-5b92-a9db-292cdffdfb0a,f5a6588d-590b-5b1a-aa40-c3b68f25addb,,4,4,"These are those who were not defiled with women, for they are virgins. These are those who follow the Lamb wherever he goes. These were redeemed by Jesus from among men, the first fruits to God and to the Lamb."
0c012781-fb02-59ca-a15f-8aec41f346dd,f5a6588d-590b-5b1a-aa40-c3b68f25addb,,5,5,"In their mouth was found no lie, for they are blameless."
9802b5ff-5aac-59bf-a643-66ec28f1272b,f5a6588d-590b-5b1a-aa40-c3b68f25addb,,6,6,"I saw an angel flying in mid heaven, having an eternal Good News to proclaim to those who dwell on the earth, and to every nation, tribe, language, and people."
611d3b57-8b71-59e2-a2f1-eac92c9e5a3d,f5a6588d-590b-5b1a-aa40-c3b68f25addb,,7,7,"He said with a loud voice, ""Fear the Lord, and give him glory; for the hour of his judgment has come. Worship him who made the heaven, the earth, the sea, and the springs of waters!"""
874ff624-d2d2-5c4f-a7b6-1ccfabc3f591,f5a6588d-590b-5b1a-aa40-c3b68f25addb,,8,8,"Another, a second angel, followed, saying, ""Babylon the great has fallen, which has made all the nations to drink of the wine of the wrath of her sexual immorality."""
630af4b1-f978-57f4-a993-56cc9e6a914a,f5a6588d-590b-5b1a-aa40-c3b68f25addb,,9,9,"Another angel, a third, followed them, saying with a great voice, ""If anyone worships the beast and his image, and receives a mark on his forehead, or on his hand,"
444a7b5a-ccef-5f0a-a106-b14bda866081,f5a6588d-590b-5b1a-aa40-c3b68f25addb,,10,10,"he also will drink of the wine of the wrath of God, which is prepared unmixed in the cup of his anger. He will be tormented with fire and sulfur in the presence of the holy angels, and in the presence of the Lamb."
40c38aee-a4d4-5756-a88e-031cf0413dbe,f5a6588d-590b-5b1a-aa40-c3b68f25addb,,11,11,"The smoke of their torment goes up forever and ever. They have no rest day and night, those who worship the beast and his image, and whoever receives the mark of his name."
32df53f8-c004-51ab-aca2-e5d4bdb337eb,f5a6588d-590b-5b1a-aa40-c3b68f25addb,,12,12,"Here is the patience of the saints, those who keep the commandments of God, and the faith of Jesus."""
5485da26-7717-5b44-a88c-ed56da78dd21,f5a6588d-590b-5b1a-aa40-c3b68f25addb,,13,13,"I heard the voice from heaven saying, ""Write, 'Blessed are the dead who die in the Lord from now on.'"" ""Yes,"" says the Spirit, ""that they may rest from their labors; for their works follow with them."""
1e637b85-a252-5055-a474-33fc65f08858,f5a6588d-590b-5b1a-aa40-c3b68f25addb,,14,14,"I looked, and behold, a white cloud; and on the cloud one sitting like a son of man, having on his head a golden crown, and in his hand a sharp sickle."
e3e32fe9-63c3-5c0b-a059-95cb8b1cb4af,f5a6588d-590b-5b1a-aa40-c3b68f25addb,,15,15,"Another angel came out from the temple, crying with a loud voice to him who sat on the cloud, ""Send forth your sickle, and reap; for the hour to reap has come; for the harvest of the earth is ripe!"""
6d2cc2a2-ebc3-5aa5-a0ef-d54bad432a84,f5a6588d-590b-5b1a-aa40-c3b68f25addb,,16,16,"He who sat on the cloud thrust his sickle on the earth, and the earth was reaped."
4d2cb558-ce24-52d1-ae7c-30f6457f4b2c,f5a6588d-590b-5b1a-aa40-c3b68f25addb,,17,17,Another angel came out from the temple which is in heaven. He also had a sharp sickle.
3eed173d-4aa5-5d61-a4ac-ffc7263fecf1,f5a6588d-590b-5b1a-aa40-c3b68f25addb,,18,18,"Another angel came out from the altar, he who has power over fire, and he called with a great voice to him who had the sharp sickle, saying, ""Send forth your sharp sickle, and gather the clusters of the vine of the earth, for the earth's grapes are fully ripe!"""
0cdadddf-9971-5718-a3d2-2c07267291af,f5a6588d-590b-5b1a-aa40-c3b68f25addb,,19,19,"The angel thrust his sickle into the earth, and gathered the vintage of the earth, and threw it into the great winepress of the wrath of God."
503a907f-354b-571b-a553-d14f84d3b9a9,f5a6588d-590b-5b1a-aa40-c3b68f25addb,,20,20,"The winepress was trodden outside of the city, and blood came out from the winepress, even to the bridles of the horses, as far as one thousand six hundred stadia."
014299b8-364c-5e70-a7a3-08c00dd1dc06,99748c9f-f5ff-518f-a5f7-7fd94787be6b,,1,1,"I saw another great and marvelous sign in the sky: seven angels having the seven last plagues, for in them God's wrath is finished."
e374b832-ca92-535d-a1d9-7922c56ea7e4,99748c9f-f5ff-518f-a5f7-7fd94787be6b,,2,2,"I saw something like a sea of glass mixed with fire, and those who overcame the beast, his image, and the number of his name, standing on the sea of glass, having harps of God."
164e3606-6524-5527-a071-10fd422814d0,99748c9f-f5ff-518f-a5f7-7fd94787be6b,,3,3,"They sang the song of Moses, the servant of God, and the song of the Lamb, saying, ""Great and marvelous are your works, Lord God, the Almighty! Righteous and true are your ways, you King of the nations."
d2404012-7964-5250-a3f0-765eb0bcae75,99748c9f-f5ff-518f-a5f7-7fd94787be6b,,4,4,"Who wouldn't fear you, Lord, and glorify your name? For you only are holy. For all the nations will come and worship before you. For your righteous acts have been revealed."""
ef5f073e-ecb5-584e-a7ed-4eab65acb18a,99748c9f-f5ff-518f-a5f7-7fd94787be6b,,5,5,"After these things I looked, and the temple of the tabernacle of the testimony in heaven was opened."
fbb94eff-533a-50d4-abbd-436bac011048,99748c9f-f5ff-518f-a5f7-7fd94787be6b,,6,6,"The seven angels who had the seven plagues came out, clothed with pure, bright linen, and wearing golden sashes around their breasts."
a959f413-a670-5a34-a8fc-600afe60e16c,99748c9f-f5ff-518f-a5f7-7fd94787be6b,,7,7,"One of the four living creatures gave to the seven angels seven golden bowls full of the wrath of God, who lives forever and ever."
64e7e5bc-ba35-570c-ab29-948242613afb,99748c9f-f5ff-518f-a5f7-7fd94787be6b,,8,8,"The temple was filled with smoke from the glory of God, and from his power. No one was able to enter into the temple, until the seven plagues of the seven angels would be finished."
2e7e75f9-0208-574d-a05c-29195328913f,d28c870b-0cb4-5013-a015-cb32d1f63804,,1,1,"I heard a loud voice out of the temple, saying to the seven angels, ""Go and pour out the seven bowls of the wrath of God on the earth!"""
afc43cfe-cdb4-52b2-a354-75ad6855e247,d28c870b-0cb4-5013-a015-cb32d1f63804,,2,2,"The first went, and poured out his bowl into the earth, and it became a harmful and evil sore on the people who had the mark of the beast, and who worshiped his image."
dfc8507f-dd3e-56ca-a68e-1a4df888ce96,d28c870b-0cb4-5013-a015-cb32d1f63804,,3,3,"The second angel poured out his bowl into the sea, and it became blood as of a dead man. Every living thing in the sea died."
2400d558-c6b3-5163-acf1-31c2b8dc76f4,d28c870b-0cb4-5013-a015-cb32d1f63804,,4,4,"The third poured out his bowl into the rivers and springs of water, and they became blood."
af58b5b4-88e1-5bd9-ab9f-4a48d60b076e,d28c870b-0cb4-5013-a015-cb32d1f63804,,5,5,"I heard the angel of the waters saying, ""You are righteous, who are and who were, you Holy One, because you have judged these things."
294151ea-268b-5b72-a983-b23710d68048,d28c870b-0cb4-5013-a015-cb32d1f63804,,6,6,"For they poured out the blood of the saints and the prophets, and you have given them blood to drink. They deserve this."""
69fc08e6-af33-5c1e-a4de-bb57b55fe6c1,d28c870b-0cb4-5013-a015-cb32d1f63804,,7,7,"I heard the altar saying, ""Yes, Lord God, the Almighty, true and righteous are your judgments."""
4d7b0bab-bc70-5cbb-a926-ce766f7842b3,d28c870b-0cb4-5013-a015-cb32d1f63804,,8,8,"The fourth poured out his bowl on the sun, and it was given to him to scorch men with fire."
507dd520-9b8a-5ceb-a6ef-ca39999eb0cb,d28c870b-0cb4-5013-a015-cb32d1f63804,,9,9,"People were scorched with great heat, and people blasphemed the name of God who has the power over these plagues. They didn't repent and give him glory."
9800ac16-c224-5312-aeb7-479d719bc383,d28c870b-0cb4-5013-a015-cb32d1f63804,,10,10,"The fifth poured out his bowl on the throne of the beast, and his kingdom was darkened. They gnawed their tongues because of the pain,"
4fe7b6ba-eca8-5ccf-ac7b-4cd0cd122ee2,d28c870b-0cb4-5013-a015-cb32d1f63804,,11,11,and they blasphemed the God of heaven because of their pains and their sores. They didn't repent of their works.
50302b03-9339-5f0f-adeb-3ecb4ffcda02,d28c870b-0cb4-5013-a015-cb32d1f63804,,12,12,"The sixth poured out his bowl on the great river, the Euphrates. Its water was dried up, that the way might be prepared for the kings that come from the sunrise."
4f37cf19-06d1-5f54-ad2e-94db0a4c5cdc,d28c870b-0cb4-5013-a015-cb32d1f63804,,13,13,"I saw coming out of the mouth of the dragon, and out of the mouth of the beast, and out of the mouth of the false prophet, three unclean spirits, something like frogs;"
043f62c9-9b7e-5c45-ab00-1315fffe3c4c,d28c870b-0cb4-5013-a015-cb32d1f63804,,14,14,"for they are spirits of demons, performing signs; which go forth to the kings of the whole inhabited earth, to gather them together for the war of that great day of God, the Almighty."
c74b7d4a-f129-5300-a4e9-99840d3eeba9,d28c870b-0cb4-5013-a015-cb32d1f63804,,15,15,"""Behold, I come like a thief. Blessed is he who watches, and keeps his clothes, so that he doesn't walk naked, and they see his shame."""
f34d1fb4-a8ff-55cc-a49f-247461a0f045,d28c870b-0cb4-5013-a015-cb32d1f63804,,16,16,"He gathered them together into the place which is called in Hebrew, Megiddo."
cd71150c-6e49-5dac-a9f3-d5784cfe6fff,d28c870b-0cb4-5013-a015-cb32d1f63804,,17,17,"The seventh poured out his bowl into the air. A loud voice came forth out of the temple of heaven, from the throne, saying, ""It is done!"""
a57552af-0cf7-5edf-acb2-2c29a2416c7a,d28c870b-0cb4-5013-a015-cb32d1f63804,,18,18,"There were lightnings, sounds, and thunders; and there was a great earthquake, such as was not since there were men on the earth, so great an earthquake, so mighty."
7248afd6-d660-5690-ac47-33bf3189db51,d28c870b-0cb4-5013-a015-cb32d1f63804,,19,19,"The great city was divided into three parts, and the cities of the nations fell. Babylon the great was remembered in the sight of God, to give to her the cup of the wine of the fierceness of his wrath."
ccb25f06-623b-5851-abc3-59963794479b,d28c870b-0cb4-5013-a015-cb32d1f63804,,20,20,"Every island fled away, and the mountains were not found."
e6cce663-252c-5a5d-ac72-47d1c33d08c4,d28c870b-0cb4-5013-a015-cb32d1f63804,,21,21,"Great hailstones, about the weight of a talent, came down out of the sky on people. People blasphemed God because of the plague of the hail, for this plague is exceedingly severe."
41891f02-41e0-5b65-a0ca-9b3fcdeedc34,001fdc83-d959-5303-a5e5-4687fe98348a,,1,1,"One of the seven angels who had the seven bowls came and spoke with me, saying, ""Come here. I will show you the judgment of the great prostitute who sits on many waters,"
8583ea07-52ca-5296-a0d2-cc878144d1ae,001fdc83-d959-5303-a5e5-4687fe98348a,,2,2,"with whom the kings of the earth committed sexual immorality, and those who dwell in the earth were made drunken with the wine of her sexual immorality."""
82cb14b4-8c0e-59a4-ae02-784dae972b90,001fdc83-d959-5303-a5e5-4687fe98348a,,3,3,"He carried me away in the Spirit into a wilderness. I saw a woman sitting on a scarlet-colored animal, full of blasphemous names, having seven heads and ten horns."
734a3b94-d9fc-5013-ae06-ce529b5da580,001fdc83-d959-5303-a5e5-4687fe98348a,,4,4,"The woman was dressed in purple and scarlet, and decked with gold and precious stones and pearls, having in her hand a golden cup full of abominations and the impurities of the sexual immorality of the earth."
7f4388d7-e314-5f19-a07b-e29b0fea6946,001fdc83-d959-5303-a5e5-4687fe98348a,,5,5,"And on her forehead a name was written, ""MYSTERY, BABYLON THE GREAT, THE MOTHER OF THE PROSTITUTES AND OF THE ABOMINATIONS OF THE EARTH."""
34d6c2d7-5fb4-5452-a965-4cdc42ff5eda,001fdc83-d959-5303-a5e5-4687fe98348a,,6,6,"I saw the woman drunken with the blood of the saints, and with the blood of the martyrs of Jesus. When I saw her, I wondered with great amazement."
f4e6851a-93a7-5ef4-a106-34ca8dd2ae3f,001fdc83-d959-5303-a5e5-4687fe98348a,,7,7,"The angel said to me, ""Why do you wonder? I will tell you the mystery of the woman, and of the beast that carries her, which has the seven heads and the ten horns."
c13d2223-ded1-5ef2-a1a6-5633e4d6ca9d,001fdc83-d959-5303-a5e5-4687fe98348a,,8,8,"The beast that you saw was, and is not; and is about to come up out of the abyss and to go into destruction. Those who dwell on the earth and whose names have not been written in the book of life from the foundation of the world will marvel when they see that the beast was, and is not, and shall be present."
0f64cba3-bb7d-5174-adff-06afbaa6d826,001fdc83-d959-5303-a5e5-4687fe98348a,,9,9,"Here is the mind that has wisdom. The seven heads are seven mountains, on which the woman sits."
a8e9ed67-7ff6-508a-a560-e0342b2b3e54,001fdc83-d959-5303-a5e5-4687fe98348a,,10,10,"They are seven kings. Five have fallen, the one is, the other has not yet come. When he comes, he must continue a little while."
dc3b7bad-7775-550c-acf4-22384bfd91a6,001fdc83-d959-5303-a5e5-4687fe98348a,,11,11,"The beast that was, and is not, is himself also an eighth, and is of the seven; and he goes to destruction."
805122fd-d42f-55d6-ab5a-620e1bb68587,001fdc83-d959-5303-a5e5-4687fe98348a,,12,12,"The ten horns that you saw are ten kings who have received no kingdom as yet, but they receive authority as kings, with the beast, for one hour."
b56e1c00-0e6f-596a-a903-ee4deb7908da,001fdc83-d959-5303-a5e5-4687fe98348a,,13,13,"These have one mind, and they give their power and authority to the beast."
d8d71012-4552-5b19-a763-14ad007aab23,001fdc83-d959-5303-a5e5-4687fe98348a,,14,14,"These will war against the Lamb, and the Lamb will overcome them, for he is Lord of lords, and King of kings. They also will overcome who are with him, called and chosen and faithful."""
b59cdfb1-4cfa-5340-a4d0-d6ea50a53836,001fdc83-d959-5303-a5e5-4687fe98348a,,15,15,"He said to me, ""The waters which you saw, where the prostitute sits, are peoples, multitudes, nations, and languages."
98c05d0b-150d-5705-afc5-3323277d6948,001fdc83-d959-5303-a5e5-4687fe98348a,,16,16,"The ten horns which you saw, and the beast, these will hate the prostitute, and will make her desolate, and will make her naked, and will eat her flesh, and will burn her utterly with fire."
575fbdf4-f909-57c3-a7f0-e2e2c42c6b36,001fdc83-d959-5303-a5e5-4687fe98348a,,17,17,"For God has put in their hearts to do what he has in mind, and to be of one mind, and to give their kingdom to the beast, until the words of God should be accomplished."
a859f44c-f47a-5f9b-a9df-2f45dc61ad66,001fdc83-d959-5303-a5e5-4687fe98348a,,18,18,"The woman whom you saw is the great city, which reigns over the kings of the earth."""
aaa900cc-d417-58c8-a6f3-bf5d7e78bd65,c975d9cb-ba6e-528d-ae29-c079e94b2e67,,1,1,"After these things, I saw another angel coming down out of the sky, having great authority. The earth was illuminated with his glory."
311d9993-6731-501f-a3ba-a12fb73b3cbb,c975d9cb-ba6e-528d-ae29-c079e94b2e67,,2,2,"He cried with a mighty voice, saying, ""Fallen, fallen is Babylon the great, and she has become a habitation of demons, a prison of every unclean spirit, and a prison of every unclean and hateful bird!"
b4dee2da-3b80-5956-af6b-2c2b33625c83,c975d9cb-ba6e-528d-ae29-c079e94b2e67,,3,3,"For all the nations have drunk of the wine of the wrath of her sexual immorality, the kings of the earth committed sexual immorality with her, and the merchants of the earth grew rich from the abundance of her luxury."""
95e1e2c0-28ab-54c8-addf-f068819ac2cc,c975d9cb-ba6e-528d-ae29-c079e94b2e67,,4,4,"I heard another voice from heaven, saying, ""Come out of her, my people, that you have no participation in her sins, and that you don't receive of her plagues,"
f27c4fbc-19f7-55c9-a2d2-375491f7b1c9,c975d9cb-ba6e-528d-ae29-c079e94b2e67,,5,5,"for her sins have reached to the sky, and God has remembered her iniquities."
a1055832-e6dd-50b0-a6a8-525d905337c7,c975d9cb-ba6e-528d-ae29-c079e94b2e67,,6,6,"Return to her just as she returned, and repay her double as she did, and according to her works. In the cup which she mixed, mix to her double."
1747eecb-7c54-598f-ac91-034e03e181af,c975d9cb-ba6e-528d-ae29-c079e94b2e67,,7,7,"However much she glorified herself, and grew wanton, so much give her of torment and mourning. For she says in her heart, 'I sit a queen, and am no widow, and will in no way see mourning.'"
4be2a5e9-792f-53d5-a4cb-d3d7e31e49e3,c975d9cb-ba6e-528d-ae29-c079e94b2e67,,8,8,"Therefore in one day her plagues will come: death, mourning, and famine; and she will be utterly burned with fire; for the Lord God who has judged her is strong."
82cd5dda-abc9-517c-a985-49b81ef6629d,c975d9cb-ba6e-528d-ae29-c079e94b2e67,,9,9,"The kings of the earth, who committed sexual immorality and lived wantonly with her, will weep and wail over her, when they look at the smoke of her burning,"
d209a640-defe-589e-a4fa-d96f1048b732,c975d9cb-ba6e-528d-ae29-c079e94b2e67,,10,10,"standing far away for the fear of her torment, saying, 'Woe, woe, the great city, Babylon, the strong city! For your judgment has come in one hour.'"
c13525a4-3175-598f-a9a5-bc734aecb8a6,c975d9cb-ba6e-528d-ae29-c079e94b2e67,,11,11,"The merchants of the earth weep and mourn over her, for no one buys their merchandise any more;"
7e61964f-473e-5ef5-a69b-6a0003eeabc6,c975d9cb-ba6e-528d-ae29-c079e94b2e67,,12,12,"merchandise of gold, silver, precious stones, pearls, fine linen, purple, silk, scarlet, all expensive wood, every vessel of ivory, every vessel made of most precious wood, and of brass, and iron, and marble;"
4ab9f31a-6c83-53f8-af9b-9673a43629e2,c975d9cb-ba6e-528d-ae29-c079e94b2e67,,13,13,"and cinnamon, incense, perfume, frankincense, wine, olive oil, fine flour, wheat, sheep, horses, chariots, and people's bodies and souls."
dc59953b-e51a-52b0-a450-0328bfb6f21b,c975d9cb-ba6e-528d-ae29-c079e94b2e67,,14,14,"The fruits which your soul lusted after have been lost to you, and all things that were dainty and sumptuous have perished from you, and you will find them no more at all."
ec1c40b3-ac83-555f-a64f-6ea52c4b3e0d,c975d9cb-ba6e-528d-ae29-c079e94b2e67,,15,15,"The merchants of these things, who were made rich by her, will stand far away for the fear of her torment, weeping and mourning;"
1d84b83d-03ad-50a6-af51-ae9710bd8f17,c975d9cb-ba6e-528d-ae29-c079e94b2e67,,16,16,"saying, 'Woe, woe, the great city, she who was dressed in fine linen, purple, and scarlet, and decked with gold and precious stones and pearls!"
d628bb02-0b8b-5f3f-a7f8-f78184c50247,c975d9cb-ba6e-528d-ae29-c079e94b2e67,,17,17,"For in an hour such great riches are made desolate.' Every shipmaster, and everyone who sails anywhere, and mariners, and as many as gain their living by sea, stood far away,"
90968926-efe2-5ac3-afbc-38cc33d41cd6,c975d9cb-ba6e-528d-ae29-c079e94b2e67,,18,18,"and cried out as they looked at the smoke of her burning, saying, 'What is like the great city?'"
049a5a5e-2f9f-56d5-ae36-6839ff94b9a2,c975d9cb-ba6e-528d-ae29-c079e94b2e67,,19,19,"They cast dust on their heads, and cried, weeping and mourning, saying, 'Woe, woe, the great city, in which all who had their ships in the sea were made rich by reason of her great wealth!' For in one hour is she made desolate."
749d96ff-5294-5443-ac9f-768d0d29fde8,c975d9cb-ba6e-528d-ae29-c079e94b2e67,,20,20,"""Rejoice over her, O heaven, you saints, apostles, and prophets; for God has judged your judgment on her."""
b5d79107-906f-5ba0-a481-707afc7e2612,c975d9cb-ba6e-528d-ae29-c079e94b2e67,,21,21,"A mighty angel took up a stone like a great millstone and cast it into the sea, saying, ""Thus with violence will Babylon, the great city, be thrown down, and will be found no more at all."
e3af6bd8-2e48-59d7-a1ee-d2f388b9dbc9,c975d9cb-ba6e-528d-ae29-c079e94b2e67,,22,22,"The voice of harpists, minstrels, flute players, and trumpeters will be heard no more at all in you. No craftsman, of whatever craft, will be found any more at all in you. The sound of a mill will be heard no more at all in you."
a91e0bb9-1d4a-55c5-afa8-04abef116aef,c975d9cb-ba6e-528d-ae29-c079e94b2e67,,23,23,The light of a lamp will shine no more at all in you. The voice of the bridegroom and of the bride will be heard no more at all in you; for your merchants were the princes of the earth; for with your sorcery all the nations were deceived.
e6d1c64e-ce6a-5913-a084-8d10874b6d1c,c975d9cb-ba6e-528d-ae29-c079e94b2e67,,24,24,"In her was found the blood of prophets and of saints, and of all who have been slain on the earth."""
fa9da7a8-2c3f-53fc-a80d-05cdc3c3846d,f5b458af-202f-5550-a622-f8458566eecc,,1,1,"After these things I heard something like a loud voice of a great multitude in heaven, saying, ""Hallelujah! Salvation, power, and glory belong to our God:"
4dfd3c73-79b5-5b6f-a709-d2607e977236,f5b458af-202f-5550-a622-f8458566eecc,,2,2,"for true and righteous are his judgments. For he has judged the great prostitute, who corrupted the earth with her sexual immorality, and he has avenged the blood of his servants at her hand."""
74aedad1-8466-52be-a0c7-343397f5c1b5,f5b458af-202f-5550-a622-f8458566eecc,,3,3,"A second said, ""Hallelujah! Her smoke goes up forever and ever."""
0b484c86-4f69-5ded-ab3c-92a343e396b3,f5b458af-202f-5550-a622-f8458566eecc,,4,4,"The twenty-four elders and the four living creatures fell down and worshiped God who sits on the throne, saying, ""Amen! Hallelujah!"""
bdd8e591-f9a6-5e83-a687-0f392d8c6f33,f5b458af-202f-5550-a622-f8458566eecc,,5,5,"A voice came forth from the throne, saying, ""Give praise to our God, all you his servants, you who fear him, the small and the great!"""
b5eb5c39-d1bf-5fb1-a23f-5c38882eb49e,f5b458af-202f-5550-a622-f8458566eecc,,6,6,"I heard something like the voice of a great multitude, and like the voice of many waters, and like the voice of mighty thunders, saying, ""Hallelujah! For the Lord our God, the Almighty, reigns!"
867eda1d-7726-57b9-abea-b582317adc68,f5b458af-202f-5550-a622-f8458566eecc,,7,7,"Let us rejoice and be exceedingly glad, and let us give the glory to him. For the marriage of the Lamb has come, and his wife has made herself ready."""
9ebd8744-cd20-534b-ab7a-fd6d6053a4b8,f5b458af-202f-5550-a622-f8458566eecc,,8,8,"It was given to her that she would array herself in bright, pure, fine linen: for the fine linen is the righteous acts of the saints."
7896516b-ba8b-5c27-a033-eae6b20ceb72,f5b458af-202f-5550-a622-f8458566eecc,,9,9,"He said to me, ""Write, 'Blessed are those who are invited to the marriage supper of the Lamb.'"" He said to me, ""These are true words of God."""
9bfecfee-c2f5-5908-a71f-97c7464e71f8,f5b458af-202f-5550-a622-f8458566eecc,,10,10,"I fell down before his feet to worship him. He said to me, ""Look! Don't do it! I am a fellow bondservant with you and with your brothers who hold the testimony of Jesus. Worship God, for the testimony of Jesus is the Spirit of Prophecy."""
e4c413d1-ba53-573c-ad1e-65b16cca2f12,f5b458af-202f-5550-a622-f8458566eecc,,11,11,"I saw the heaven opened, and behold, a white horse, and he who sat on it is called Faithful and True. In righteousness he judges and makes war."
816d625b-5ea7-521c-af1d-da4ec0e31e3d,f5b458af-202f-5550-a622-f8458566eecc,,12,12,"His eyes are a flame of fire, and on his head are many crowns. He has names written and a name written which no one knows but he himself."
16f5456e-5415-5ffe-a7d0-92c7022c4f4a,f5b458af-202f-5550-a622-f8458566eecc,,13,13,"He is clothed in a garment sprinkled with blood. His name is called ""The Word of God."""
1cdddf39-f1ec-5cee-ac29-94edfe26ea42,f5b458af-202f-5550-a622-f8458566eecc,,14,14,"The armies which are in heaven followed him on white horses, clothed in white, pure, fine linen."
0328d6e3-ca38-5834-a970-37c8fb13f779,f5b458af-202f-5550-a622-f8458566eecc,,15,15,"Out of his mouth proceeds a sharp, double-edged sword, that with it he should strike the nations. He will rule them with an iron rod. He treads the winepress of the fierceness of the wrath of God, the Almighty."
a73bf121-e3da-5a0f-a89f-8411113b7a6d,f5b458af-202f-5550-a622-f8458566eecc,,16,16,"He has on his garment and on his thigh a name written, ""KING OF KINGS, AND LORD OF LORDS."""
97ca4306-f83a-5581-a37f-39afb2f97750,f5b458af-202f-5550-a622-f8458566eecc,,17,17,"I saw an angel standing in the sun. He cried with a loud voice, saying to all the birds that fly in the sky, ""Come! Be gathered together to the great supper of God,"
ddb7d468-cc2b-5c7d-a6a6-cd6b3144bf7b,f5b458af-202f-5550-a622-f8458566eecc,,18,18,"that you may eat the flesh of kings, the flesh of captains, the flesh of mighty men, and the flesh of horses and of those who sit on them, and the flesh of all men, both free and slave, and small and great."""
cee8e4ee-df9f-5830-ae46-b8de61efb346,f5b458af-202f-5550-a622-f8458566eecc,,19,19,"I saw the beast, and the kings of the earth, and their armies, gathered together to make war against him who sat on the horse, and against his army."
7c2af35a-4d3b-5685-a62d-abc1041768d3,f5b458af-202f-5550-a622-f8458566eecc,,20,20,"The beast was taken, and with him the false prophet who worked the signs in his sight, with which he deceived those who had received the mark of the beast and those who worshiped his image. These two were thrown alive into the lake of fire that burns with sulfur."
ac860615-cdb5-5ae3-ae92-63a2b62e44f1,f5b458af-202f-5550-a622-f8458566eecc,,21,21,"The rest were killed with the sword of him who sat on the horse, the sword which came forth out of his mouth. All the birds were filled with their flesh."
b20d0dc7-bf5a-5d7f-a8fb-a14f8925fc70,839d2a1e-95fa-5c01-a7cb-697c78b3bb4a,,1,1,"I saw an angel coming down out of heaven, having the key of the abyss and a great chain in his hand."
836794b5-f732-5bea-a247-2a671cdaef7b,839d2a1e-95fa-5c01-a7cb-697c78b3bb4a,,2,2,"He seized the dragon, the old serpent, which is the devil and Satan, who deceives the whole inhabited earth, and bound him for a thousand years,"
7d2769bf-1c03-5247-af3f-8fa7a7885ba6,839d2a1e-95fa-5c01-a7cb-697c78b3bb4a,,3,3,"and cast him into the abyss, and shut it, and sealed it over him, that he should deceive the nations no more, until the thousand years were finished. After this, he must be freed for a short time."
4fd6f953-1a29-5120-a1a4-3b1431406530,839d2a1e-95fa-5c01-a7cb-697c78b3bb4a,,4,4,"I saw thrones, and they sat on them, and judgment was given to them. I saw the souls of those who had been beheaded for the testimony of Jesus, and for the word of God, and such as didn't worship the beast nor his image, and didn't receive the mark on their forehead and on their hand. They lived, and reigned with Christ for a thousand years."
b6eb531d-a575-52af-a9d3-ca701243735d,839d2a1e-95fa-5c01-a7cb-697c78b3bb4a,,5,5,The rest of the dead didn't live until the thousand years were finished. This is the first resurrection.
6a8c7f47-8acc-5334-ae09-899df0ff5ab0,839d2a1e-95fa-5c01-a7cb-697c78b3bb4a,,6,6,"Blessed and holy is he who has part in the first resurrection. Over these, the second death has no power, but they will be priests of God and of Christ, and will reign with him one thousand years."
190f421e-1ba8-5ab8-a327-008911dbb417,839d2a1e-95fa-5c01-a7cb-697c78b3bb4a,,7,7,"And after the thousand years, Satan will be released from his prison,"
2425b9e7-c26f-50d2-a2f0-8b69fd648b02,839d2a1e-95fa-5c01-a7cb-697c78b3bb4a,,8,8,"and he will come out to deceive the nations which are in the four corners of the earth, Gog and Magog, to gather them together to the war; the number of whom is as the sand of the sea."
a470b84e-9589-5e41-a9a1-77100892c11f,839d2a1e-95fa-5c01-a7cb-697c78b3bb4a,,9,9,"They went up over the breadth of the earth, and surrounded the camp of the saints, and the beloved city. Fire came down out of heaven from God, and devoured them."
f76163a2-ce9c-5269-ad80-4ac92c1069d4,839d2a1e-95fa-5c01-a7cb-697c78b3bb4a,,10,10,"The devil who deceived them was thrown into the lake of fire and sulfur, where the beast and the false prophet are also. They will be tormented day and night forever and ever."
58339b21-eb67-58a8-a63b-333c0d87c804,839d2a1e-95fa-5c01-a7cb-697c78b3bb4a,,11,11,"I saw a great white throne, and him who sat on it, from whose face the earth and the heaven fled away. There was found no place for them."
0db71fdb-e9b9-5938-aa97-d17af229030d,839d2a1e-95fa-5c01-a7cb-697c78b3bb4a,,12,12,"I saw the dead, the great and the small, standing before the throne, and they opened books. Another book was opened, which is the book of life. The dead were judged out of the things which were written in the books, according to their works."
24503710-6fd4-579e-a1bf-a692c9016553,839d2a1e-95fa-5c01-a7cb-697c78b3bb4a,,13,13,"The sea gave up the dead who were in it. Death and Hades gave up the dead who were in them. They were judged, each one according to his works."
e9cb41d1-c311-5c62-a0ea-f1330e488d0f,839d2a1e-95fa-5c01-a7cb-697c78b3bb4a,,14,14,"Death and Hades were thrown into the lake of fire. This is the second death, the lake of fire."
4c21133e-7a82-5346-a8bb-eb0f027ab4e4,839d2a1e-95fa-5c01-a7cb-697c78b3bb4a,,15,15,"If anyone was not found written in the book of life, he was cast into the lake of fire."
4f45aae5-021f-5091-af40-2ce90cb8cc3a,d9d6fd43-3f48-5700-a86d-c3198be9f973,,1,1,"I saw a new heaven and a new earth: for the first heaven and the first earth have passed away, and the sea is no more."
aa429d40-06da-550f-a738-557ef2de0c8f,d9d6fd43-3f48-5700-a86d-c3198be9f973,,2,2,"I saw the holy city, New Jerusalem, coming down out of heaven from God, prepared like a bride adorned for her husband."
62e5b0db-d29f-5c02-a719-8f868f708059,d9d6fd43-3f48-5700-a86d-c3198be9f973,,3,3,"I heard a loud voice out of heaven saying, ""Behold, God's dwelling is with people, and he will dwell with them, and they will be his people, and God himself will be with them as their God."
4420752d-5fa8-551c-a32d-09dd4dab484d,d9d6fd43-3f48-5700-a86d-c3198be9f973,,4,4,"He will wipe away from them every tear from their eyes. Death will be no more; neither will there be mourning, nor crying, nor pain, any more. The first things have passed away."""
d7a5baa4-85e3-586c-a365-412e93e4a624,d9d6fd43-3f48-5700-a86d-c3198be9f973,,5,5,"He who sits on the throne said, ""Behold, I am making all things new."" He said, ""Write, for these words of God are faithful and true."""
dcc4686a-4d26-5f62-ad3f-4c5ce9a778f3,d9d6fd43-3f48-5700-a86d-c3198be9f973,,6,6,"He said to me, ""It is done! I am the Alpha and the Omega, the Beginning and the End. I will give freely to him who is thirsty from the spring of the water of life."
48cdf1ad-cf10-5840-acc6-2009de2aa377,d9d6fd43-3f48-5700-a86d-c3198be9f973,,7,7,"He who overcomes, I will give him these things. I will be his God, and he will be my son."
23240578-13bd-5891-acd7-ae6309574966,d9d6fd43-3f48-5700-a86d-c3198be9f973,,8,8,"But for the cowardly, unbelieving, sinners, abominable, murderers, sexually immoral, sorcerers, idolaters, and all liars, their part is in the lake that burns with fire and sulfur, which is the second death."""
46696986-d7fd-5993-a809-c909d55c753d,d9d6fd43-3f48-5700-a86d-c3198be9f973,,9,9,"One of the seven angels who had the seven bowls, who were loaded with the seven last plagues came, and he spoke with me, saying, ""Come here. I will show you the wife, the Lamb's bride."""
6cc35fd6-f3d9-569f-a44b-fc6a6f6ad9f8,d9d6fd43-3f48-5700-a86d-c3198be9f973,,10,10,"He carried me away in the Spirit to a great and high mountain, and showed me the holy city, Jerusalem, coming down out of heaven from God,"
120699e0-49c6-50a8-ad10-b1c3b3ca027e,d9d6fd43-3f48-5700-a86d-c3198be9f973,,11,11,"having the glory of God. Her light was like a most precious stone, as if it was a jasper stone, clear as crystal;"
2eccd2ec-2608-575a-a708-a2789468a1d5,d9d6fd43-3f48-5700-a86d-c3198be9f973,,12,12,"having a great and high wall; having twelve gates, and at the gates twelve angels; and names written on them, which are the names of the twelve tribes of the children of Israel."
be72fe05-3646-5857-ad34-5166618bd4f4,d9d6fd43-3f48-5700-a86d-c3198be9f973,,13,13,On the east were three gates; and on the north three gates; and on the south three gates; and on the west three gates.
a5b79ac2-d626-5b61-a6d9-d8e711df65f9,d9d6fd43-3f48-5700-a86d-c3198be9f973,,14,14,"The wall of the city had twelve foundations, and on them twelve names of the twelve Apostles of the Lamb."
9c60ffce-bffd-57e1-ac32-6b53c320a226,d9d6fd43-3f48-5700-a86d-c3198be9f973,,15,15,"He who spoke with me had for a measure, a golden reed, to measure the city, its gates, and its walls."
a86ac643-c175-54bc-acc9-9549ce94a28f,d9d6fd43-3f48-5700-a86d-c3198be9f973,,16,16,"The city lies foursquare, and its length is as great as its breadth. He measured the city with the reed, Twelve thousand twelve stadia. Its length, breadth, and height are equal."
c323140c-8156-55e0-a794-d69bd228aeef,d9d6fd43-3f48-5700-a86d-c3198be9f973,,17,17,"Its wall is one hundred forty-four cubits, by the measure of a man, that is, of an angel."
e000ff4a-62b9-5c53-ae62-258b04867948,d9d6fd43-3f48-5700-a86d-c3198be9f973,,18,18,"The construction of its wall was jasper. The city was pure gold, like pure glass."
db2cf449-8e21-5e47-a428-bf7e755679b1,d9d6fd43-3f48-5700-a86d-c3198be9f973,,19,19,"The foundations of the city's wall were adorned with all kinds of precious stones. The first foundation was jasper; the second, sapphire; the third, chalcedony; the fourth, emerald;"
a8c3182a-0d7b-5353-ae2e-86f62698b2c1,d9d6fd43-3f48-5700-a86d-c3198be9f973,,20,20,"the fifth, sardonyx; the sixth, sardius; the seventh, chrysolite; the eighth, beryl; the ninth, topaz; the tenth, chrysoprasus; the eleventh, jacinth; and the twelfth, amethyst."
8fda42eb-fe62-5ce6-a275-09e516104abe,d9d6fd43-3f48-5700-a86d-c3198be9f973,,21,21,"The twelve gates were twelve pearls. Each one of the gates was made of one pearl. The street of the city was pure gold, like transparent glass."
c60b5590-4755-5699-aa54-9b56d3c1e6bb,d9d6fd43-3f48-5700-a86d-c3198be9f973,,22,22,"I saw no temple in it, for the Lord God, the Almighty, and the Lamb, are its temple."
ef91cd89-7f32-5838-a8c2-4936f39a213c,d9d6fd43-3f48-5700-a86d-c3198be9f973,,23,23,"The city has no need for the sun, neither of the moon, to shine, for the very glory of God illuminated it, and its lamp is the Lamb."
1db4178b-a238-568d-a49b-0fbc1de7af7f,d9d6fd43-3f48-5700-a86d-c3198be9f973,,24,24,The nations will walk in its light. The kings of the earth bring the glory and honor of the nations into it.
51727548-939f-5238-a28c-b4329dbb6a39,d9d6fd43-3f48-5700-a86d-c3198be9f973,,25,25,"Its gates will in no way be shut by day (for there will be no night there),"
146bda99-ac0e-5bc7-a84f-9377eb830d22,d9d6fd43-3f48-5700-a86d-c3198be9f973,,26,26,and they shall bring the glory and the honor of the nations into it so that they may enter.
411ff873-6a69-5518-ac37-b6855223e61b,d9d6fd43-3f48-5700-a86d-c3198be9f973,,27,27,"There will in no way enter into it anything profane, or one who causes an abomination or a lie, but only those who are written in the Lamb's book of life."
4781fcb6-d682-5f45-a5e2-cae79670b90e,cbb12a7d-1fc6-5f17-a57e-6033b6d000b1,,1,1,"He showed me a river of water of life, clear as crystal, proceeding out of the throne of God and of the Lamb,"
af3df5f5-24c3-5ac9-abdc-4d26b1b4ff75,cbb12a7d-1fc6-5f17-a57e-6033b6d000b1,,2,2,"in the middle of its street. On this side of the river and on that was the tree of life, bearing twelve kinds of fruits, yielding its fruit every month. The leaves of the tree were for the healing of the nations."
248f56d2-c480-5b06-a054-4eddd5bbd796,cbb12a7d-1fc6-5f17-a57e-6033b6d000b1,,3,3,"There will be no curse any more. The throne of God and of the Lamb will be in it, and his servants serve him."
6541bb9e-f0af-5fab-a90c-e66061b5dfe5,cbb12a7d-1fc6-5f17-a57e-6033b6d000b1,,4,4,"They will see his face, and his name will be on their foreheads."
f8c3d5b2-5159-5a71-a2c1-6fbafe540933,cbb12a7d-1fc6-5f17-a57e-6033b6d000b1,,5,5,"There will be no night, and they need no lamp light; for the Lord God will illuminate them. They will reign forever and ever."
de54c2a1-4cad-59d7-aeef-291fb288aef8,cbb12a7d-1fc6-5f17-a57e-6033b6d000b1,,6,6,"He said to me, ""These words are faithful and true. The Lord God of the spirits of the prophets sent his angel to show to his bondservants the things which must happen soon."""
71cd35b9-7709-592c-a152-96f520056066,cbb12a7d-1fc6-5f17-a57e-6033b6d000b1,,7,7,"""Behold, I come quickly. Blessed is he who keeps the words of the prophecy of this book."""
0baa3a3f-1def-5150-ae63-e1a2dec6a55f,cbb12a7d-1fc6-5f17-a57e-6033b6d000b1,,8,8,"Now I, John, am the one who heard and saw these things. When I heard and saw, I fell down to worship before the feet of the angel who had shown me these things."
8e4c56d9-977c-5990-a5f1-d2c31c802d0c,cbb12a7d-1fc6-5f17-a57e-6033b6d000b1,,9,9,"He said to me, ""See you don't do it! I am a fellow bondservant with you and with your brothers, the prophets, and with those who keep the words of this book. Worship God."""
c4ebc6de-91be-5925-a6de-d7ae496d1c6c,cbb12a7d-1fc6-5f17-a57e-6033b6d000b1,,10,10,"He said to me, ""Don't seal up the words of the prophecy of this book, for the time is at hand."
948b4ca1-8824-59f9-ac54-1ccf35c1949a,cbb12a7d-1fc6-5f17-a57e-6033b6d000b1,,11,11,"He who acts unjustly, let him act unjustly still. He who is filthy, let him be filthy still. He who is righteous, let him do righteousness still. He who is holy, let him be holy still."""
49fbb397-5d5e-5674-a7f9-b3a92e4eebee,cbb12a7d-1fc6-5f17-a57e-6033b6d000b1,,12,12,"""Behold, I come quickly. My reward is with me, to repay to each man according to his work."
a78ab9f3-fff3-5b05-a74a-24e33f8812e7,cbb12a7d-1fc6-5f17-a57e-6033b6d000b1,,13,13,"I am the Alpha and the Omega, the First and the Last, the Beginning and the End."
502a90bb-f757-5733-a85f-901b3014ebc4,cbb12a7d-1fc6-5f17-a57e-6033b6d000b1,,14,14,"Blessed are those who do his commandments, that they may have the right to the tree of life, and may enter in by the gates into the city."
b48ab0c6-9b9f-5e22-a5d2-1e867e000e33,cbb12a7d-1fc6-5f17-a57e-6033b6d000b1,,15,15,"Outside are the dogs, the sorcerers, the sexually immoral, the murderers, the idolaters, and everyone who loves and practices falsehood."
6db3d6f2-a84a-556c-a0e0-ad981f98ea65,cbb12a7d-1fc6-5f17-a57e-6033b6d000b1,,16,16,"I, Jesus, have sent my angel to testify these things to you for the assemblies. I am the root and the offspring of David; the Bright and Morning Star."""
41dd03b9-f98f-5d1b-a53e-20e1b033d4b8,cbb12a7d-1fc6-5f17-a57e-6033b6d000b1,,17,17,"The Spirit and the bride say, ""Come!"" He who hears, let him say, ""Come!"" He who is thirsty, let him come. He who desires, let him take the water of life freely."
547368ee-fd21-50ce-a255-a3589071db90,cbb12a7d-1fc6-5f17-a57e-6033b6d000b1,,18,18,"I testify to everyone who hears the words of the prophecy of this book, if anyone adds to them, may God add to him the plagues which are written in this book."
98be048b-a570-5661-a0f3-1bdd8a9493dd,cbb12a7d-1fc6-5f17-a57e-6033b6d000b1,,19,19,"If anyone takes away from the words of the book of this prophecy, may God take away his part from the tree of life, and out of the holy city, which are written in this book."
1c2a8236-d781-55d6-aa0e-a7604482415a,cbb12a7d-1fc6-5f17-a57e-6033b6d000b1,,20,20,"He who testifies these things says, ""Yes, I come quickly."" Amen! Yes, come, Lord Jesus."
2dd777d3-ade1-52fe-a800-f82d34e36fca,cbb12a7d-1fc6-5f17-a57e-6033b6d000b1,,21,21,The grace of the Lord Jesus Christ be with all the saints. Amen.
