"edition","source_file","canonical_book","source_book","chapter","section","source_position","verse_number","issue_type","severity","classification","original_text","proposed_text","action_taken","confidence","evidence","notes"
"am","data/bible/am/02-exodus.json","exodus","2","30","3","3:1","17","REPEATED_TEXT_IN_CHAPTER","LOW","REVIEW_ONLY","እግዚአብሔርም ሙሴን እንዲህ ብሎ ተናገረው፦","","None","LOW","Source JSON and neighboring positions only","Exact text also occurs at chapter position 11; could be a legitimate refrain."
"am","data/bible/am/02-exodus.json","exodus","2","30","4","4:1","22","REPEATED_TEXT_IN_CHAPTER","LOW","REVIEW_ONLY","እግዚአብሔርም ሙሴን እንዲህ ብሎ ተናገረው፦","","None","LOW","Source JSON and neighboring positions only","Exact text also occurs at chapter position 17; could be a legitimate refrain."
"am","data/bible/am/03-leviticus.json","leviticus","3","2","1","1:10","10","REPEATED_TEXT_IN_CHAPTER","LOW","REVIEW_ONLY","ከመሥዋዕቱም የተረፈው ለአሮንና ለልጆቹ ይሆናል፤ ይህም ከእግዚአብሔር መሥዋዕት የተረፈ ቅዱሰ ቅዱሳን ነው።","","None","LOW","Source JSON and neighboring positions only","Exact text also occurs at chapter position 3; could be a legitimate refrain."
"am","data/bible/am/03-leviticus.json","leviticus","3","6","3","3:6","19","REPEATED_TEXT_IN_CHAPTER","LOW","REVIEW_ONLY","እግዚአብሔርም ሙሴን እንዲህ ሲል ተናገረው፦","","None","LOW","Source JSON and neighboring positions only","Exact text also occurs at chapter position 1; could be a legitimate refrain."
"am","data/bible/am/03-leviticus.json","leviticus","3","6","4","4:1","24","REPEATED_TEXT_IN_CHAPTER","LOW","REVIEW_ONLY","እግዚአብሔርም ሙሴን እንዲህ ሲል ተናገረው፦","","None","LOW","Source JSON and neighboring positions only","Exact text also occurs at chapter position 19; could be a legitimate refrain."
"am","data/bible/am/03-leviticus.json","leviticus","3","7","4","4:1","28","REPEATED_TEXT_IN_CHAPTER","LOW","REVIEW_ONLY","እግዚአብሔርም ሙሴን እንዲህ ብሎ ተናገረው፦","","None","LOW","Source JSON and neighboring positions only","Exact text also occurs at chapter position 22; could be a legitimate refrain."
"am","data/bible/am/03-leviticus.json","leviticus","3","22","1","1:17","17","REPEATED_TEXT_IN_CHAPTER","LOW","REVIEW_ONLY","እግዚአብሔርም ሙሴን እንዲህ ብሎ ተናገረው፦","","None","LOW","Source JSON and neighboring positions only","Exact text also occurs at chapter position 1; could be a legitimate refrain."
"am","data/bible/am/03-leviticus.json","leviticus","3","22","1","1:26","26","REPEATED_TEXT_IN_CHAPTER","LOW","REVIEW_ONLY","እግዚአብሔርም ሙሴን እንዲህ ብሎ ተናገረው፦","","None","LOW","Source JSON and neighboring positions only","Exact text also occurs at chapter position 17; could be a legitimate refrain."
"am","data/bible/am/03-leviticus.json","leviticus","3","23","2","2:5","9","REPEATED_TEXT_IN_CHAPTER","LOW","REVIEW_ONLY","እግዚአብሔርም ሙሴን እንዲህ ብሎ ተናገረው፦","","None","LOW","Source JSON and neighboring positions only","Exact text also occurs at chapter position 1; could be a legitimate refrain."
"am","data/bible/am/03-leviticus.json","leviticus","3","23","4","4:1","23","REPEATED_TEXT_IN_CHAPTER","LOW","REVIEW_ONLY","እግዚአብሔርም ሙሴን እንዲህ ብሎ ተናገረው፦","","None","LOW","Source JSON and neighboring positions only","Exact text also occurs at chapter position 9; could be a legitimate refrain."
"am","data/bible/am/03-leviticus.json","leviticus","3","23","5","5:1","26","REPEATED_TEXT_IN_CHAPTER","LOW","REVIEW_ONLY","እግዚአብሔርም ሙሴን እንዲህ ብሎ ተናገረው፦","","None","LOW","Source JSON and neighboring positions only","Exact text also occurs at chapter position 23; could be a legitimate refrain."
"am","data/bible/am/03-leviticus.json","leviticus","3","24","3","3:4","13","REPEATED_TEXT_IN_CHAPTER","LOW","REVIEW_ONLY","እግዚአብሔርም ሙሴን እንዲህ ብሎ ተናገረው፦","","None","LOW","Source JSON and neighboring positions only","Exact text also occurs at chapter position 1; could be a legitimate refrain."
"am","data/bible/am/04-numbers.json","numbers","4","3","2","2:7","11","REPEATED_TEXT_IN_CHAPTER","LOW","REVIEW_ONLY","እግዚአብሔርም ሙሴን እንዲህ ብሎ ተናገረው፦","","None","LOW","Source JSON and neighboring positions only","Exact text also occurs at chapter position 5; could be a legitimate refrain."
"am","data/bible/am/04-numbers.json","numbers","4","3","4","4:5","44","REPEATED_TEXT_IN_CHAPTER","LOW","REVIEW_ONLY","እግዚአብሔርም ሙሴን እንዲህ ብሎ ተናገረው፦","","None","LOW","Source JSON and neighboring positions only","Exact text also occurs at chapter position 11; could be a legitimate refrain."
"am","data/bible/am/04-numbers.json","numbers","4","4","3","3:2","30","REPEATED_TEXT_IN_CHAPTER","LOW","REVIEW_ONLY","የምስክሩን ድንኳን ሥራ ይሠሩ ዘንድ ለአገልግሎት የሚገቡትን ሁሉ ከሃያ አምስት ዓመት ጀምሮ እስከ አምሳ ዓመት ድረስ ቍጠራቸው።","","None","LOW","Source JSON and neighboring positions only","Exact text also occurs at chapter position 23; could be a legitimate refrain."
"am","data/bible/am/04-numbers.json","numbers","4","5","2","2:1","5","REPEATED_TEXT_IN_CHAPTER","LOW","REVIEW_ONLY","እግዚአብሔርም ሙሴን እንዲህ ብሎ ተናገረው፦","","None","LOW","Source JSON and neighboring positions only","Exact text also occurs at chapter position 1; could be a legitimate refrain."
"am","data/bible/am/04-numbers.json","numbers","4","5","3","3:1","11","REPEATED_TEXT_IN_CHAPTER","LOW","REVIEW_ONLY","እግዚአብሔርም ሙሴን እንዲህ ብሎ ተናገረው፦","","None","LOW","Source JSON and neighboring positions only","Exact text also occurs at chapter position 5; could be a legitimate refrain."
"am","data/bible/am/04-numbers.json","numbers","4","6","2","2:1","22","REPEATED_TEXT_IN_CHAPTER","LOW","REVIEW_ONLY","እግዚአብሔርም ሙሴን እንዲህ ብሎ ተናገረው፦","","None","LOW","Source JSON and neighboring positions only","Exact text also occurs at chapter position 1; could be a legitimate refrain."
"am","data/bible/am/04-numbers.json","numbers","4","7","1","1:22","22","REPEATED_TEXT_IN_CHAPTER","LOW","REVIEW_ONLY","ለኀጢአትም መሥዋዕት አንድ አውራ ፍየል፤","","None","LOW","Source JSON and neighboring positions only","Exact text also occurs at chapter position 16; could be a legitimate refrain."
"am","data/bible/am/04-numbers.json","numbers","4","7","1","1:25","25","REPEATED_TEXT_IN_CHAPTER","LOW","REVIEW_ONLY","መባውም ለእህል ቍርባን በዘይት የተለወሰ መልካም ዱቄት የተሞሉ፥ ሚዛኑ እንደ መቅደሱ ሰቅል ሚዛን መቶ ሠላሳ ሰቅል የሆነ አንድ የብር ወጭት፥ ሚዛኑም ሰባ ሰቅል የሆነ አንድ የብር ድስት፤","","None","LOW","Source JSON and neighboring positions only","Exact text also occurs at chapter position 13; could be a legitimate refrain."
"am","data/bible/am/04-numbers.json","numbers","4","7","1","1:26","26","REPEATED_TEXT_IN_CHAPTER","LOW","REVIEW_ONLY","ዕጣንም የተሞላ ሚዛኑ ዐሥር ሰቅል የሆነ አንድ የወርቅ ጭልፋ፤","","None","LOW","Source JSON and neighboring positions only","Exact text also occurs at chapter position 14; could be a legitimate refrain."
"am","data/bible/am/04-numbers.json","numbers","4","7","1","1:27","27","REPEATED_TEXT_IN_CHAPTER","LOW","REVIEW_ONLY","ለሚቃጠልም መሥዋዕት አንድ ወይፈን፥ አንድ አውራ በግ፥ አንድ የአንድ ዓመት ተባት የበግ ጠቦት፤","","None","LOW","Source JSON and neighboring positions only","Exact text also occurs at chapter position 21; could be a legitimate refrain."
"am","data/bible/am/04-numbers.json","numbers","4","7","1","1:28","28","REPEATED_TEXT_IN_CHAPTER","LOW","REVIEW_ONLY","ለኀጢአትም መሥዋዕት አንድ አውራ ፍየል፤","","None","LOW","Source JSON and neighboring positions only","Exact text also occurs at chapter position 22; could be a legitimate refrain."
"am","data/bible/am/04-numbers.json","numbers","4","7","1","1:32","32","REPEATED_TEXT_IN_CHAPTER","LOW","REVIEW_ONLY","ዕጣንም የተሞላ ሚዛኑ ዐሥር ሰቅል የሆነ አንድ የወርቅ ጭልፋ፤","","None","LOW","Source JSON and neighboring positions only","Exact text also occurs at chapter position 26; could be a legitimate refrain."
"am","data/bible/am/04-numbers.json","numbers","4","7","1","1:33","33","REPEATED_TEXT_IN_CHAPTER","LOW","REVIEW_ONLY","ለሚቃጠልም መሥዋዕት አንድ ወይፈን፥ አንድ አውራ በግ፥ አንድ የአንድ ዓመት ተባት የበግ ጠቦት፤","","None","LOW","Source JSON and neighboring positions only","Exact text also occurs at chapter position 27; could be a legitimate refrain."
"am","data/bible/am/04-numbers.json","numbers","4","7","1","1:34","34","REPEATED_TEXT_IN_CHAPTER","LOW","REVIEW_ONLY","ለኀጢአትም መሥዋዕት አንድ አውራ ፍየል፤","","None","LOW","Source JSON and neighboring positions only","Exact text also occurs at chapter position 28; could be a legitimate refrain."
"am","data/bible/am/04-numbers.json","numbers","4","7","1","1:37","37","REPEATED_TEXT_IN_CHAPTER","LOW","REVIEW_ONLY","መባውም ለእህል ቍርባን በዘይት የተለወሰ መልካም ዱቄት የተሞሉ፥ ሚዛኑ እንደ መቅደሱ ሰቅል ሚዛን መቶ ሠላሳ ሰቅል የሆነ አንድ የብር ወጭት፥ ሚዛኑም ሰባ ሰቅል የሆነ አንድ የብር ድስት፤","","None","LOW","Source JSON and neighboring positions only","Exact text also occurs at chapter position 25; could be a legitimate refrain."
"am","data/bible/am/04-numbers.json","numbers","4","7","1","1:38","38","REPEATED_TEXT_IN_CHAPTER","LOW","REVIEW_ONLY","ዕጣንም የተሞላ ሚዛኑ ዐሥር ሰቅል የሆነ አንድ የወርቅ ጭልፋ፤","","None","LOW","Source JSON and neighboring positions only","Exact text also occurs at chapter position 32; could be a legitimate refrain."
"am","data/bible/am/04-numbers.json","numbers","4","7","1","1:39","39","REPEATED_TEXT_IN_CHAPTER","LOW","REVIEW_ONLY","ለሚቃጠልም መሥዋዕት አንድ ወይፈን፥ አንድ አውራ በግ፥ አንድ የአንድ ዓመት ተባት የበግ ጠቦት፤","","None","LOW","Source JSON and neighboring positions only","Exact text also occurs at chapter position 33; could be a legitimate refrain."
"am","data/bible/am/04-numbers.json","numbers","4","7","1","1:40","40","REPEATED_TEXT_IN_CHAPTER","LOW","REVIEW_ONLY","ለኀጢአትም መሥዋዕት አንድ አውራ ፍየል፤","","None","LOW","Source JSON and neighboring positions only","Exact text also occurs at chapter position 34; could be a legitimate refrain."
"am","data/bible/am/04-numbers.json","numbers","4","7","1","1:43","43","REPEATED_TEXT_IN_CHAPTER","LOW","REVIEW_ONLY","መባውም ለእህል ቍርባን በዘይት የተለወሰ መልካም ዱቄት የተሞሉ፥ ሚዛኑ እንደ መቅደሱ ሰቅል ሚዛን መቶ ሠላሳ ሰቅል የሆነ አንድ የብር ወጭት፥ ሚዛኑም ሰባ ሰቅል የሆነ አንድ የብር ድስት፤","","None","LOW","Source JSON and neighboring positions only","Exact text also occurs at chapter position 37; could be a legitimate refrain."
"am","data/bible/am/04-numbers.json","numbers","4","7","1","1:44","44","REPEATED_TEXT_IN_CHAPTER","LOW","REVIEW_ONLY","ዕጣንም የተሞላ ሚዛኑ ዐሥር ሰቅል የሆነ አንድ የወርቅ ጭልፋ፤","","None","LOW","Source JSON and neighboring positions only","Exact text also occurs at chapter position 38; could be a legitimate refrain."
"am","data/bible/am/04-numbers.json","numbers","4","7","1","1:46","46","REPEATED_TEXT_IN_CHAPTER","LOW","REVIEW_ONLY","ለኀጢአትም መሥዋዕት አንድ አውራ ፍየል፤","","None","LOW","Source JSON and neighboring positions only","Exact text also occurs at chapter position 40; could be a legitimate refrain."
"am","data/bible/am/04-numbers.json","numbers","4","7","1","1:50","50","REPEATED_TEXT_IN_CHAPTER","LOW","REVIEW_ONLY","ዕጣንም የተሞላ ሚዛኑ ዐሥር ሰቅል የሆነ አንድ የወርቅ ጭልፋ፤","","None","LOW","Source JSON and neighboring positions only","Exact text also occurs at chapter position 44; could be a legitimate refrain."
"am","data/bible/am/04-numbers.json","numbers","4","7","1","1:52","52","REPEATED_TEXT_IN_CHAPTER","LOW","REVIEW_ONLY","ለኀጢአትም መሥዋዕት አንድ አውራ ፍየል፤","","None","LOW","Source JSON and neighboring positions only","Exact text also occurs at chapter position 46; could be a legitimate refrain."
"am","data/bible/am/04-numbers.json","numbers","4","7","1","1:55","55","REPEATED_TEXT_IN_CHAPTER","LOW","REVIEW_ONLY","መባውም ለእህል ቍርባን በዘይት የተለወሰ መልካም ዱቄት የተሞሉ፥ ሚዛኑ እንደ መቅደሱ ሰቅል ሚዛን መቶ ሠላሳ ሰቅል የሆነ አንድ የብር ወጭት፥ ሚዛኑ ሰባ ሰቅል የሆነ አንድ የብር ድስት፤","","None","LOW","Source JSON and neighboring positions only","Exact text also occurs at chapter position 49; could be a legitimate refrain."
"am","data/bible/am/04-numbers.json","numbers","4","7","1","1:56","56","REPEATED_TEXT_IN_CHAPTER","LOW","REVIEW_ONLY","ዕጣንም የተሞላ ሚዛኑ ዐሥር ሰቅል የሆነ አንድ የወርቅ ጭልፋ፤","","None","LOW","Source JSON and neighboring positions only","Exact text also occurs at chapter position 50; could be a legitimate refrain."
"am","data/bible/am/04-numbers.json","numbers","4","7","1","1:57","57","REPEATED_TEXT_IN_CHAPTER","LOW","REVIEW_ONLY","ለሚቃጠልም መሥዋዕት አንድ ወይፈን፥ አንድ አውራ በግ፥ አንድ የአንድ ዓመት ተባት የበግ ጠቦት፤","","None","LOW","Source JSON and neighboring positions only","Exact text also occurs at chapter position 39; could be a legitimate refrain."
"am","data/bible/am/04-numbers.json","numbers","4","7","1","1:58","58","REPEATED_TEXT_IN_CHAPTER","LOW","REVIEW_ONLY","ለኀጢአትም መሥዋዕት አንድ አውራ ፍየል፤","","None","LOW","Source JSON and neighboring positions only","Exact text also occurs at chapter position 52; could be a legitimate refrain."
"am","data/bible/am/04-numbers.json","numbers","4","7","1","1:61","61","REPEATED_TEXT_IN_CHAPTER","LOW","REVIEW_ONLY","መባውም ለእህል ቍርባን በዘይት የተለወሰ መልካም ዱቄት የተሞሉ፥ ሚዛኑ እንደ መቅደሱ ሰቅል ሚዛን መቶ ሠላሳ ሰቅል የሆነ አንድ የብር ወጭት፥ ሚዛኑም ሰባ ሰቅል የሆነ አንድ የብር ድስት፤","","None","LOW","Source JSON and neighboring positions only","Exact text also occurs at chapter position 43; could be a legitimate refrain."
"am","data/bible/am/04-numbers.json","numbers","4","7","1","1:62","62","REPEATED_TEXT_IN_CHAPTER","LOW","REVIEW_ONLY","ዕጣንም የተሞላ ሚዛኑ ዐሥር ሰቅል የሆነ አንድ የወርቅ ጭልፋ፤","","None","LOW","Source JSON and neighboring positions only","Exact text also occurs at chapter position 56; could be a legitimate refrain."
"am","data/bible/am/04-numbers.json","numbers","4","7","1","1:63","63","REPEATED_TEXT_IN_CHAPTER","LOW","REVIEW_ONLY","ለሚቃጠልም መሥዋዕት አንድ ወይፈን፥ አንድ አውራ በግ፥ አንድ የአንድ ዓመት ተባት የበግ ጠቦት፤","","None","LOW","Source JSON and neighboring positions only","Exact text also occurs at chapter position 57; could be a legitimate refrain."
"am","data/bible/am/04-numbers.json","numbers","4","7","1","1:64","64","REPEATED_TEXT_IN_CHAPTER","LOW","REVIEW_ONLY","ለኀጢአትም መሥዋዕት አንድ አውራ ፍየል፤","","None","LOW","Source JSON and neighboring positions only","Exact text also occurs at chapter position 58; could be a legitimate refrain."
"am","data/bible/am/04-numbers.json","numbers","4","7","1","1:67","67","REPEATED_TEXT_IN_CHAPTER","LOW","REVIEW_ONLY","መባውም ለእህል ቍርባን በዘይት የተለወሰ መልካም ዱቄት የተሞሉ፥ ሚዛኑ እንደ መቅደሱ ሰቅል ሚዛን መቶ ሠላሳ ሰቅል የሆነ አንድ የብር ወጭት፥ ሚዛኑም ሰባ ሰቅል የሆነ አንድ የብር ድስት፤","","None","LOW","Source JSON and neighboring positions only","Exact text also occurs at chapter position 61; could be a legitimate refrain."
"am","data/bible/am/04-numbers.json","numbers","4","7","1","1:68","68","REPEATED_TEXT_IN_CHAPTER","LOW","REVIEW_ONLY","ዕጣንም የተሞላ ሚዛኑ ዐሥር ሰቅል የሆነ አንድ የወርቅ ጭልፋ፤","","None","LOW","Source JSON and neighboring positions only","Exact text also occurs at chapter position 62; could be a legitimate refrain."
"am","data/bible/am/04-numbers.json","numbers","4","7","1","1:69","69","REPEATED_TEXT_IN_CHAPTER","LOW","REVIEW_ONLY","ለሚቃጠልም መሥዋዕት አንድ ወይፈን፥ አንድ አውራ በግ፥ አንድ የአንድ ዓመት ተባት የበግ ጠቦት፤","","None","LOW","Source JSON and neighboring positions only","Exact text also occurs at chapter position 63; could be a legitimate refrain."
"am","data/bible/am/04-numbers.json","numbers","4","7","1","1:70","70","REPEATED_TEXT_IN_CHAPTER","LOW","REVIEW_ONLY","ለኀጢአትም መሥዋዕት አንድ አውራ ፍየል፤","","None","LOW","Source JSON and neighboring positions only","Exact text also occurs at chapter position 64; could be a legitimate refrain."
"am","data/bible/am/04-numbers.json","numbers","4","7","1","1:73","73","REPEATED_TEXT_IN_CHAPTER","LOW","REVIEW_ONLY","መባውም ለእህል ቍርባን በዘይት የተለወሰ መልካም ዱቄት የተሞሉ፥ ሚዛኑ እንደ መቅደሱ ሰቅል ሚዛን መቶ ሠላሳ ሰቅል የሆነ አንድ የብር ወጭት፥ ሚዛኑም ሰባ ሰቅል የሆነ አንድ የብር ድስት፤","","None","LOW","Source JSON and neighboring positions only","Exact text also occurs at chapter position 67; could be a legitimate refrain."
"am","data/bible/am/04-numbers.json","numbers","4","7","1","1:74","74","REPEATED_TEXT_IN_CHAPTER","LOW","REVIEW_ONLY","ዕጣንም የተሞላ ሚዛኑ ዐሥር ሰቅል የሆነ አንድ የወርቅ ጭልፋ፤","","None","LOW","Source JSON and neighboring positions only","Exact text also occurs at chapter position 68; could be a legitimate refrain."
"am","data/bible/am/04-numbers.json","numbers","4","7","1","1:75","75","REPEATED_TEXT_IN_CHAPTER","LOW","REVIEW_ONLY","ለሚቃጠልም መሥዋዕት አንድ ወይፈን፥ አንድ አውራ በግ፥ አንድ የአንድ ዓመት ተባት የበግ ጠቦት፤","","None","LOW","Source JSON and neighboring positions only","Exact text also occurs at chapter position 69; could be a legitimate refrain."
"am","data/bible/am/04-numbers.json","numbers","4","7","1","1:76","76","REPEATED_TEXT_IN_CHAPTER","LOW","REVIEW_ONLY","ለኀጢአትም መሥዋዕት አንድ አውራ ፍየል፤","","None","LOW","Source JSON and neighboring positions only","Exact text also occurs at chapter position 70; could be a legitimate refrain."
"am","data/bible/am/04-numbers.json","numbers","4","7","1","1:79","79","REPEATED_TEXT_IN_CHAPTER","LOW","REVIEW_ONLY","መባውም ለእህል ቍርባን በዘይት የተለወሰ መልካም ዱቄት የተሞሉ፥ ሚዛኑ እንደ መቅደሱ ሰቅል ሚዛን መቶ ሠላሳ ሰቅል የሆነ አንድ የብር ወጭት፥ ሚዛኑም ሰባ ሰቅል የሆነ አንድ የብር ድስት፤","","None","LOW","Source JSON and neighboring positions only","Exact text also occurs at chapter position 73; could be a legitimate refrain."
"am","data/bible/am/04-numbers.json","numbers","4","7","1","1:80","80","REPEATED_TEXT_IN_CHAPTER","LOW","REVIEW_ONLY","ዕጣንም የተሞላ ሚዛኑ ዐሥር ሰቅል የሆነ አንድ የወርቅ ጭልፋ፤","","None","LOW","Source JSON and neighboring positions only","Exact text also occurs at chapter position 74; could be a legitimate refrain."
"am","data/bible/am/04-numbers.json","numbers","4","7","1","1:81","81","REPEATED_TEXT_IN_CHAPTER","LOW","REVIEW_ONLY","ለሚቃጠልም መሥዋዕት አንድ ወይፈን፥ አንድ አውራ በግ፥ አንድ የአንድ ዓመት ተባት የበግ ጠቦት፤","","None","LOW","Source JSON and neighboring positions only","Exact text also occurs at chapter position 75; could be a legitimate refrain."
"am","data/bible/am/04-numbers.json","numbers","4","7","1","1:82","82","REPEATED_TEXT_IN_CHAPTER","LOW","REVIEW_ONLY","ለኀጢአትም መሥዋዕት አንድ አውራ ፍየል፤","","None","LOW","Source JSON and neighboring positions only","Exact text also occurs at chapter position 76; could be a legitimate refrain."
"am","data/bible/am/04-numbers.json","numbers","4","8","2","2:1","5","REPEATED_TEXT_IN_CHAPTER","LOW","REVIEW_ONLY","እግዚአብሔርም ሙሴን እንዲህ ብሎ ተናገረው፦","","None","LOW","Source JSON and neighboring positions only","Exact text also occurs at chapter position 1; could be a legitimate refrain."
"am","data/bible/am/04-numbers.json","numbers","4","8","2","2:19","23","REPEATED_TEXT_IN_CHAPTER","LOW","REVIEW_ONLY","እግዚአብሔርም ሙሴን እንዲህ ብሎ ተናገረው፦","","None","LOW","Source JSON and neighboring positions only","Exact text also occurs at chapter position 5; could be a legitimate refrain."
"am","data/bible/am/04-numbers.json","numbers","4","15","4","4:1","37","REPEATED_TEXT_IN_CHAPTER","LOW","REVIEW_ONLY","እግዚአብሔርም ሙሴን እንዲህ ብሎ ተናገረው፦","","None","LOW","Source JSON and neighboring positions only","Exact text also occurs at chapter position 1; could be a legitimate refrain."
"am","data/bible/am/04-numbers.json","numbers","4","16","2","2:4","44","REPEATED_TEXT_IN_CHAPTER","LOW","REVIEW_ONLY","እግዚአብሔርም ሙሴንና አሮንን እንዲህ ብሎ ተናገራቸው፦","","None","LOW","Source JSON and neighboring positions only","Exact text also occurs at chapter position 20; could be a legitimate refrain."
"am","data/bible/am/04-numbers.json","numbers","4","23","2","2:6","18","REPEATED_TEXT_IN_CHAPTER","LOW","REVIEW_ONLY","በምሳሌም ይናገር ጀመር፤ እንዲህም አለ፦","","None","LOW","Source JSON and neighboring positions only","Exact text also occurs at chapter position 7; could be a legitimate refrain."
"am","data/bible/am/04-numbers.json","numbers","4","28","5","5:4","29","REPEATED_TEXT_IN_CHAPTER","LOW","REVIEW_ONLY","ለሰባቱም ጠቦቶች ለእያንዳንዱ ጠቦት ከመስፈሪያው ዐሥረኛ እጅ ታቀርባላችሁ።","","None","LOW","Source JSON and neighboring positions only","Exact text also occurs at chapter position 21; could be a legitimate refrain."
"am","data/bible/am/04-numbers.json","numbers","4","28","5","5:5","30","REPEATED_TEXT_IN_CHAPTER","LOW","REVIEW_ONLY","ማስተስረያ የሚሆንላችሁን ከፍየሎች አንድ አውራ ፍየል ለኀጢአት መሥዋዕት ታቀርባላችሁ።","","None","LOW","Source JSON and neighboring positions only","Exact text also occurs at chapter position 22; could be a legitimate refrain."
"am","data/bible/am/04-numbers.json","numbers","4","29","3","3:14","25","REPEATED_TEXT_IN_CHAPTER","LOW","REVIEW_ONLY","ለኀጢአትም መሥዋዕት ከፍየሎች አንድ አውራ ፍየል፥ በዘወትር ከሚቃጠለው መሥዋዕትና ከእህሉ ቍርባን፥ ከመጠጡም ቍርባን ሌላ ታቀርባላችሁ።","","None","LOW","Source JSON and neighboring positions only","Exact text also occurs at chapter position 22; could be a legitimate refrain."
"am","data/bible/am/04-numbers.json","numbers","4","29","3","3:16","27","REPEATED_TEXT_IN_CHAPTER","LOW","REVIEW_ONLY","ለበሬዎቹና ለአውራ በጎቹ፥ ለጠቦቶቹም የእህል ቍርባናቸውንና የመጠጥ ቍርባናቸውን እንደ ቍጥራቸው መጠን እንደ ሕጋቸው፥","","None","LOW","Source JSON and neighboring positions only","Exact text also occurs at chapter position 21; could be a legitimate refrain."
"am","data/bible/am/04-numbers.json","numbers","4","29","3","3:17","28","REPEATED_TEXT_IN_CHAPTER","LOW","REVIEW_ONLY","ለኀጢአትም መሥዋዕት ከፍየሎች አንድ አውራ ፍየል፥ በዘወትር ከሚቃጠለው መሥዋዕትና ከእህሉ ቍርባን፥ ከመጠጡም ቍርባን ሌላ ታቀርባላችሁ።","","None","LOW","Source JSON and neighboring positions only","Exact text also occurs at chapter position 25; could be a legitimate refrain."
"am","data/bible/am/04-numbers.json","numbers","4","29","3","3:23","34","REPEATED_TEXT_IN_CHAPTER","LOW","REVIEW_ONLY","ለኀጢአትም መሥዋዕት ከፍየሎች አንድ አውራ ፍየል፥ በዘወትር ከሚቃጠለው መሥዋዕትና ከእህሉ ቍርባን ከመጠጡም ቍርባን ሌላ ታቀርባላችሁ።","","None","LOW","Source JSON and neighboring positions only","Exact text also occurs at chapter position 31; could be a legitimate refrain."
"am","data/bible/am/04-numbers.json","numbers","4","29","3","3:27","38","REPEATED_TEXT_IN_CHAPTER","LOW","REVIEW_ONLY","ለኀጢአትም መሥዋዕት ከፍየሎች አንድ አውራ ፍየል ታቀርባላችሁ፤ በዘወትር ከሚቃጠለው መሥዋዕትና ከእህሉ ቍርባን ከመጠጡም ቍርባን ሌላ የሚቀርቡ ናቸው።","","None","LOW","Source JSON and neighboring positions only","Exact text also occurs at chapter position 16; could be a legitimate refrain."
"am","data/bible/am/04-numbers.json","numbers","4","31","3","3:1","25","REPEATED_TEXT_IN_CHAPTER","LOW","REVIEW_ONLY","እግዚአብሔርም ሙሴን እንዲህ ብሎ ተናገረው፦","","None","LOW","Source JSON and neighboring positions only","Exact text also occurs at chapter position 1; could be a legitimate refrain."
"am","data/bible/am/09-1samuel.json","samuel","9","2","1","1:1","11","CHAPTER_START_ABOVE_ONE","LOW","REVIEW_ONLY","በዚያም በእግዚአብሔር ፊት ተዉት። እነርሱም ወደ አርማቴም ወደ ቤታቸው ገቡ፤ ልጁም በካህኑ በዔሊ ፊት እግዚአብሔርን ያገለግል ነበር።","","None","LOW","Source JSON and neighboring positions only","First explicit label is 11; numbering traditions may differ."
"am","data/bible/am/10-2 samuel.json","samuel","10","3","3","3:13","35","NUMBERING_GAP","LOW","REVIEW_ONLY","ሕዝቡም ሁሉ ገና ሳይመሽ ዳዊትን እንጀራ ይበላ ዘንድ ሊጋብዙት መጡ፤ ዳዊት ግን፥ “ፀሐይ ሳትጠልቅ እንጀራ ወይም ሌላ ነገር ብቀምስ እግዚአብሔር ይህን ያድርግብኝ፥ ይህንም ይጨምርብኝ” ብሎ ማለ።","","None","LOW","Source JSON and neighboring positions only","Previous label 33; current label 35. Do not infer missing text."
"am","data/bible/am/10-2 samuel.json","samuel","10","23","1","1:1","8","CHAPTER_START_ABOVE_ONE","LOW","REVIEW_ONLY","የዳዊት ኀያላን ስም ይህ ነው። የሦስተኛው ክፍል አለቃ የሆነ ከነዓናዊው ኢያቡስቴ ነበረ፤ ጎራዴውን መዝዞ ስምንት መቶ ያህል ጭፍሮችን በአንድ ጊዜ የገደለ አሶናዊው አዲኖን ነበረ።","","None","LOW","Source JSON and neighboring positions only","First explicit label is 8; numbering traditions may differ."
"am","data/bible/am/12-2 kings.json","kings","12","15","1","1:28","28","REPEATED_TEXT_IN_CHAPTER","LOW","REVIEW_ONLY","በእግዚአብሔርም ፊት ክፉ ነገርን አደረገ፤ እስራኤልን ካሳተው ከናባጥ ልጅ ከኢዮርብዓም ኀጢአትም አልራቀም።","","None","LOW","Source JSON and neighboring positions only","Exact text also occurs at chapter position 18; could be a legitimate refrain."
"am","data/bible/am/15-kufale.json","jubilees","15","18","1","1:23","23","LATIN_IN_AMHARIC","MEDIUM","REVIEW_ONLY","የይስሐቅም ብላቴኖች ሌላ ጕድጓድ ቈoፈሩ፤ ውኃ ግን አላገኙም። ሄደውም ውኃ እንዳላገኙ ለይስሐቅ ነገሩት።","","None","LOW","Source JSON and neighboring positions only","Latin letter appears in Amharic verse; inspect for OCR or transcription corruption."
"am","data/bible/am/16-enoch.json","enoch","16","2","1","1:11","11","LATIN_IN_AMHARIC","MEDIUM","REVIEW_ONLY","ሟርትንና ምታት ማሳየትን አስተማሯቸው። ሥር መማስንና ቅጠል መበጠስንም አመለከትWaቸው።","","None","LOW","Source JSON and neighboring positions only","Latin letter appears in Amharic verse; inspect for OCR or transcription corruption."
"am","data/bible/am/16-enoch.json","enoch","16","5","1","1:38","38","LATIN_IN_AMHARIC","MEDIUM","REVIEW_ONLY","መንፈሶቻቸውም ብዙ መልክ ሆነው ሰዎችን ያረክሷቸዋል፤ እስከሚፈጸሙባት እስከ ታላቅዋ የፍርድ ቀን ድረስም እንደ አማልክት ለአጋንንት ይሠዉ ዘንድ ሰዎችን ያስትWaቸዋል።","","None","LOW","Source JSON and neighboring positions only","Latin letter appears in Amharic verse; inspect for OCR or transcription corruption."
"am","data/bible/am/16-enoch.json","enoch","16","7","1","1:22","22","LATIN_IN_AMHARIC","MEDIUM","REVIEW_ONLY","ለጻድቃን ሰዎች እንደዚህ አዘጋጅትWaልና፥ እንደዚህም ፈጥሮ ይስጧቸው ብሏልና የዘለዓለም ንጉሥ የክብር ጌታን አመሰገንሁት።","","None","LOW","Source JSON and neighboring positions only","Latin letter appears in Amharic verse; inspect for OCR or transcription corruption."
"am","data/bible/am/16-enoch.json","enoch","16","12","1","1:3","3","LATIN_IN_AMHARIC","MEDIUM","REVIEW_ONLY","ዐመፃ ከመዛግብትWa ወጣች፤ ያልወደደችውን አገኘች፤ ዝናም በምድረ በዳ፥ ጠልም በተጠማች ምድር እንደሚያድር በእነርሱ አደረች።","","None","LOW","Source JSON and neighboring positions only","Latin letter appears in Amharic verse; inspect for OCR or transcription corruption."
"am","data/bible/am/16-enoch.json","enoch","16","12","1","1:39","39","LATIN_IN_AMHARIC","MEDIUM","REVIEW_ONLY","የቅዱሳን ልብ ደስታን ትሞላለች፤ የጽድቅ ቍጥሯ ሞልትWaልና፥ የጻድቃንም ጸሎት ተሰምትWaልና።","","None","LOW","Source JSON and neighboring positions only","Latin letter appears in Amharic verse; inspect for OCR or transcription corruption."
"am","data/bible/am/16-enoch.json","enoch","16","13","1","1:33","33","LATIN_IN_AMHARIC","MEDIUM","REVIEW_ONLY","በእነዚያም ወራቶች አስታራቂው ተነሥትWaልና ሁሉም በሰማይ እንደ መላእክት ይሆናሉ። ፊታቸውም በደስታ ይበራል።","","None","LOW","Source JSON and neighboring positions only","Latin letter appears in Amharic verse; inspect for OCR or transcription corruption."
"am","data/bible/am/16-enoch.json","enoch","16","14","1","1:29","29","LATIN_IN_AMHARIC","MEDIUM","REVIEW_ONLY","በዚያም ቀን የሰይጣን መልእክተኞች ስለሆኑ፥ በምድር ላይ የሚኖሩትንም ስላሳትWaቸው በዐመፃቸው የመናፍስት ጌታ ከእነርሱ በቀልን ይመልስ ዘንድ እሳት ወደሚነድድበት ምድጃ ይጥሏቸዋል።","","None","LOW","Source JSON and neighboring positions only","Latin letter appears in Amharic verse; inspect for OCR or transcription corruption."
"am","data/bible/am/16-enoch.json","enoch","16","15","1","1:36","36","LATIN_IN_AMHARIC","MEDIUM","REVIEW_ONLY","እንደ ፀሐይ በምድር ላይ ወጥትWaልና፥ ጨለማም አልፎአልና፤ የማይቈጠር ብርሃንም ይሆናል።","","None","LOW","Source JSON and neighboring positions only","Latin letter appears in Amharic verse; inspect for OCR or transcription corruption."
"am","data/bible/am/16-enoch.json","enoch","16","17","1","1:69","69","LATIN_IN_AMHARIC","MEDIUM","REVIEW_ONLY","የመልአኩንም ቃል እንዲህ ሲል ሰማሁ- “ከሰማይ ወደ ምድር የወረዱ፥ በስውር ያለውንም ለሰው ልጆች የገለጡ፥ ኀጢአትንም ይሠሩ ዘንድ የሰው ልጆችን ያሳትWaቸው መላእክት እኒህ ናቸው።”","","None","LOW","Source JSON and neighboring positions only","Latin letter appears in Amharic verse; inspect for OCR or transcription corruption."
"am","data/bible/am/16-enoch.json","enoch","16","18","1","1:1","1","LATIN_IN_AMHARIC","MEDIUM","REVIEW_ONLY","በእነዚያም ወራቶች ኖኅ ምድር እንደ አዘነበለች፥ ጥፋትWaም እንደ ቀረበ አየ።","","None","LOW","Source JSON and neighboring positions only","Latin letter appears in Amharic verse; inspect for OCR or transcription corruption."
"am","data/bible/am/16-enoch.json","enoch","16","18","1","1:32","32","LATIN_IN_AMHARIC","MEDIUM","REVIEW_ONLY","የእሳት ፈሳሾችም በምድር ላይ የሚኖሩትን ያሳትWaቸው መላእክት በሚኰነኑበት ቦታ ወደ ሸለቆዎችዋ ይፈስሳሉ።","","None","LOW","Source JSON and neighboring positions only","Latin letter appears in Amharic verse; inspect for OCR or transcription corruption."
"am","data/bible/am/16-enoch.json","enoch","16","19","1","1:3","3","LATIN_IN_AMHARIC","MEDIUM","REVIEW_ONLY","ስትሠራ የኖረችውን፥ እነርሱም በፊትWa የቀለጡባትን ጭንቀት መታገሥ የሚቻለው ማንነው?”","","None","LOW","Source JSON and neighboring positions only","Latin letter appears in Amharic verse; inspect for OCR or transcription corruption."
"am","data/bible/am/16-enoch.json","enoch","16","19","1","1:6","6","LATIN_IN_AMHARIC","MEDIUM","REVIEW_ONLY","በመናፍስት ጌታ ፊት በቆመ ጊዜም እንዲህ ሆነ፤ ቅዱስ ሚካኤል ሩፋኤልን እንዲህ አለው- “የመናፍስት ጌታ ተቈጥትWaቸዋልና በጌታ ዐይን ምሕረት አይደረግላቸውም።","","None","LOW","Source JSON and neighboring positions only","Latin letter appears in Amharic verse; inspect for OCR or transcription corruption."
"am","data/bible/am/16-enoch.json","enoch","16","20","1","1:49","49","LATIN_IN_AMHARIC","MEDIUM","REVIEW_ONLY","እንዲህም አለኝ- “ከጥንት ጀምሮ ሰላም በዚያ ተገኝትWaልና፥ ለዘለዓለም የሚሆን ሰላምን በስሙ ይጠራልሃል።","","None","LOW","Source JSON and neighboring positions only","Latin letter appears in Amharic verse; inspect for OCR or transcription corruption."
"am","data/bible/am/16-enoch.json","enoch","16","21","1","1:40","40","LATIN_IN_AMHARIC","MEDIUM","REVIEW_ONLY","ፀሐይም በምሥራቅ በአንደኛዪቱ መስኮት ስለ ምልክትWa","","None","LOW","Source JSON and neighboring positions only","Latin letter appears in Amharic verse; inspect for OCR or transcription corruption."
"am","data/bible/am/16-enoch.json","enoch","16","21","1","1:43","43","LATIN_IN_AMHARIC","MEDIUM","REVIEW_ONLY","በዚያችም ቀን ሌሊቲቱ ከርዝመትWa አንድ እጅ ታጥራለች፤ ይኸውም አንድ ክፍል ነው፤ ሌሊቲቱ ዐሥራ አንድ ክፍል ትሆናለች፤ ቀኒቱም ሰባት ክፍል ትሆናለች።","","None","LOW","Source JSON and neighboring positions only","Latin letter appears in Amharic verse; inspect for OCR or transcription corruption."
"am","data/bible/am/16-enoch.json","enoch","16","21","1","1:45","45","LATIN_IN_AMHARIC","MEDIUM","REVIEW_ONLY","በዚያችም ቀን ሌሊቲቱ ከርዝመትWa ታጥራለች፤ ሌሊቲቱ ዐሥር ክፍል ትሆናለች፥ ቀኒቱም ስምንት ክፍል ትሆናለች።","","None","LOW","Source JSON and neighboring positions only","Latin letter appears in Amharic verse; inspect for OCR or transcription corruption."
"am","data/bible/am/16-enoch.json","enoch","16","21","1","1:47","47","LATIN_IN_AMHARIC","MEDIUM","REVIEW_ONLY","ፀሐይም በሦስተኛዪቱ መስኮት ስለ ምልክትWa","","None","LOW","Source JSON and neighboring positions only","Latin letter appears in Amharic verse; inspect for OCR or transcription corruption."
"am","data/bible/am/16-enoch.json","enoch","16","28","1","1:8","8","LATIN_IN_AMHARIC","MEDIUM","REVIEW_ONLY","ከእነርሱም ጋር አራት ቀን ይገባሉ፥ ስለ እነርሱም ሰዎች ይሳሳታሉ፤ በዓለሙ ሁሉ ቍጥርም አይቈጥሯቸውም፥ ይስትWaቸዋልና።","","None","LOW","Source JSON and neighboring positions only","Latin letter appears in Amharic verse; inspect for OCR or transcription corruption."
"am","data/bible/am/16-enoch.json","enoch","16","29","1","1:16","16","LATIN_IN_AMHARIC","MEDIUM","REVIEW_ONLY","ከምሥራቅ መስኮትም ፀሐይን አውጥትWaልና ምስጋና አቀረብሁለት፤ ፀሐይም ወጥቶ በሰማይ ላይ አበራ፥ ተነሥቶም በታየችለት ጎዳና ይሄዳል።","","None","LOW","Source JSON and neighboring positions only","Latin letter appears in Amharic verse; inspect for OCR or transcription corruption."
"am","data/bible/am/16-enoch.json","enoch","16","35","1","1:14","14","LATIN_IN_AMHARIC","MEDIUM","REVIEW_ONLY","ቅዱሱና ገናናው ለሁሉ ቀኖችን ሰጥትWaልና መንፈሳችሁ በዘመናት አትዘን።","","None","LOW","Source JSON and neighboring positions only","Latin letter appears in Amharic verse; inspect for OCR or transcription corruption."
"am","data/bible/am/16-enoch.json","enoch","16","35","1","1:35","35","LATIN_IN_AMHARIC","MEDIUM","REVIEW_ONLY","የምድር ወርዷና ርዝመትWa ምን እንደ ሆነ ማወቅ የሚችል ሰው ሁሉ ማን ነው?","","None","LOW","Source JSON and neighboring positions only","Latin letter appears in Amharic verse; inspect for OCR or transcription corruption."
"am","data/bible/am/16-enoch.json","enoch","16","35","1","1:36","36","LATIN_IN_AMHARIC","MEDIUM","REVIEW_ONLY","የእነዚህ ሁሉ ልካቸው ለማን ተገለጠ? የሰማይም ምጥቀትWaና ርዝመትWa ምን እንደ ሆነ፥ የጸናችም በምን ላይ እንደ ሆነ ማወቅ የሚችል፥ የኮከቦችም ቍጥራቸው ምን ያህል እንደ ሆነ፥ ብርሃናትም ሁሉ በየት እንደሚያርፉ ማወቅ የሚቻለው ሰው ሁሉ ቢኖር በእርሱ ነው።","","None","LOW","Source JSON and neighboring positions only","Latin letter appears in Amharic verse; inspect for OCR or transcription corruption."
"am","data/bible/am/16-enoch.json","enoch","16","41","1","1:8","8","LATIN_IN_AMHARIC","MEDIUM","REVIEW_ONLY","ማቱሳላም የልጁን ነገር በሰማ ጊዜ እኔ በዚያ እንደ አለሁ ሰምትWaልና ወደ ምድር ዳርቻ ወደ እኔ መጣ።","","None","LOW","Source JSON and neighboring positions only","Latin letter appears in Amharic verse; inspect for OCR or transcription corruption."
"am","data/bible/am/23-esther.json","esther","23","4","2","2:5","23","NUMBERING_GAP","LOW","REVIEW_ONLY","የእግዚአብሔርን ክብር የሰው ክብር እንዳላደርግ፥ ከአንተም ከጌታዬ በቀር ለማንም እንዳልሰግድ፥ ይህን ነገር አደረግሁት እንጂ፥ እስራኤልስ የሚድኑ ከሆነ እግሩን እስም ዘንድ በወደድሁ ነበር፤ ይህንም ሥራ በትዕቢት አላደረግሁትም።","","None","LOW","Source JSON and neighboring positions only","Previous label 21; current label 23. Do not infer missing text."
"am","data/bible/am/23-esther.json","esther","23","4","2","2:6","25","NUMBERING_GAP","LOW","REVIEW_ONLY","ያጠፉን ዘንድ በጠላትነት ተነሥተውብናልና፥ መጀመሪያ ርስትህንም ያጠፉ ዘንድ ወድደዋልና አሁንም አቤቱ የአብርሃም አምላክ ንጉሥ እግዚአብሔር ሆይ! ወገኖችህን አድን።","","None","LOW","Source JSON and neighboring positions only","Previous label 23; current label 25. Do not infer missing text."
"am","data/bible/am/23-esther.json","esther","23","4","3","3:2","33","NUMBERING_GAP","LOW","REVIEW_ONLY","አቤቱ! እኔም ከልጅነቴ ጀምሬ ከአባቶች ወገኖች ዘንድ አንተ ከአሕዛብ ሁሉ ለይተህ እስራኤልን ገንዘብ እንዳደረግሃቸው፥ ለዘለዓለሙም ርስት ይሆኑህ ዘንድ አባቶቻችንን ከዘመዶቻቸው ለይተህ እንደተቀበልሃቸው ሰማሁ፤ አሁንም እንደ ተናገርህ ሁሉን አደረግህላቸው።","","None","LOW","Source JSON and neighboring positions only","Previous label 31; current label 33. Do not infer missing text."
"am","data/bible/am/23-esther.json","esther","23","4","3","3:4","36","NUMBERING_GAP","LOW","REVIEW_ONLY","አሁንም እጃቸውን ወደ ጣዖቶቻቸው ያነሡ አሕዛብ በጽኑ አገዛዝ ገዙን እንጂ አልተዉንም።","","None","LOW","Source JSON and neighboring positions only","Previous label 34; current label 36. Do not infer missing text."
"am","data/bible/am/23-esther.json","esther","23","4","3","3:11","44","NUMBERING_GAP","LOW","REVIEW_ONLY","አንተ መከራዬን ታውቃለህ፤ በከበርሁበትም ወራት የምታይበት በራሴ ላይ ያለ ጌጥ ደስ እንደማያሰኘኝ፥ እንደ ደም ጨርቅም እንደምጸየፈው፥ በምከብርበትና በማርፍበትም ወራት እንደማላጌጥበት አንተ ታውቀዋለህ።","","None","LOW","Source JSON and neighboring positions only","Previous label 42; current label 44. Do not infer missing text."
"am","data/bible/am/23-esther.json","esther","23","5","1","1:4","6","NUMBERING_GAP","LOW","REVIEW_ONLY","በሩን ሁሉ ገብታ ወደ ንጉሡ ደረሰች፤ እርሱ ግን በመንግሥቱ ዙፋን ላይ ተቀምጦ ነበር።","","None","LOW","Source JSON and neighboring positions only","Previous label 3; current label 6. Do not infer missing text."
"am","data/bible/am/23-esther.json","esther","23","5","1","1:7","11","NUMBERING_GAP","LOW","REVIEW_ONLY","የወርቁንም ዘንግ አንሥቶ በአንገቷ ላይ አኖረው፤ እቅፍ አድርጎ ይዞም “ንገሪኝ” አላት።","","None","LOW","Source JSON and neighboring positions only","Previous label 8; current label 11. Do not infer missing text."
"am","data/bible/am/23-esther.json","esther","23","5","1","1:8","13","NUMBERING_GAP","LOW","REVIEW_ONLY","እርስዋም አለች፥ “አንተ ድንቅ ነህና፥ ፊትህም ሞገስን የተመላ ነውና ክብርህን ከመፍራት የተነሣ ጌታዬ እንደ መልአከ እግዚአብሔር ሆነህ ባየሁህ ጊዜ ልቡናዬ ደንገጠብኝ።”","","None","LOW","Source JSON and neighboring positions only","Previous label 11; current label 13. Do not infer missing text."
"am","data/bible/am/23-esther.json","esther","23","5","1","1:9","15","NUMBERING_GAP","LOW","REVIEW_ONLY","ስትናገርም ተዝለፍልፋ ወደቀች። ንጉሡም ደነገጠ፤ ሰዎቹም ሁሉ ደነገጡ፤ ያጽናኗትም ጀመር።","","None","LOW","Source JSON and neighboring positions only","Previous label 13; current label 15. Do not infer missing text."
"am","data/bible/am/23-esther.json","esther","23","5","1","1:10","17","NUMBERING_GAP","LOW","REVIEW_ONLY","ንጉሡም፥ “አስቴር ሆይ! ምን ትፈልጊያለሽ? ምንስ ትለምኛለሽ? እስከ መንግሥቴ እኩሌታ እንኳ ቢሆን ጠይቂ፤ ሁሉም ይሰጥሻል” አላት።","","None","LOW","Source JSON and neighboring positions only","Previous label 15; current label 17. Do not infer missing text."
"am","data/bible/am/23-esther.json","esther","23","6","1","1:13","13","LATIN_IN_AMHARIC","MEDIUM","REVIEW_ONLY","ሐማም ለሚስቱ ለዞሳራና ለወዳጆቹ ሁሉ ያገኘውን ሁሉ አጫወታቸው። ወዳጆቹና ሚስቱM “በፊቱ መውደቅ የጀመርህለት መርዶክዮስ ከአይሁድ ወገን የሆነ እንደ ሆነ በፊቱ ፈጽመህ ትወድቃለህ እንጂ አታሸንፈውም፤ ሕያው እግዚአብሔር ከእርሱ ጋር ነውና” አሉት።","","None","LOW","Source JSON and neighboring positions only","Latin letter appears in Amharic verse; inspect for OCR or transcription corruption."
"am","data/bible/am/28-psalms.json","psalms","28","9","1","1:21","1","REPEATED_VERSE_LABEL","MEDIUM","REVIEW_ONLY","አቤቱ ለምን ርቀኽ ቆምኽ በመከራም ጊዜ ለምን ትሰወራለኽ","","None","LOW","Source JSON and neighboring positions only","Label 1 occurs more than once in this chapter; preserve source order."
"am","data/bible/am/28-psalms.json","psalms","28","9","1","1:21","1","NONMONOTONIC_LABEL","MEDIUM","REVIEW_ONLY","አቤቱ ለምን ርቀኽ ቆምኽ በመከራም ጊዜ ለምን ትሰወራለኽ","","None","LOW","Source JSON and neighboring positions only","Previous label 20; current label 1."
"am","data/bible/am/28-psalms.json","psalms","28","9","1","1:22","2","REPEATED_VERSE_LABEL","MEDIUM","REVIEW_ONLY","በኀጢአተኛ ትዕቢት ድኻ ይናደዳል ባሰቡት ተንኰላቸው ተጠመዱ","","None","LOW","Source JSON and neighboring positions only","Label 2 occurs more than once in this chapter; preserve source order."
"am","data/bible/am/28-psalms.json","psalms","28","9","1","1:23","3","REPEATED_VERSE_LABEL","MEDIUM","REVIEW_ONLY","ኀጢአተኛ በነፍሱ ፈቃድ ይወደሳልና ዐመፀኛም ይባርካል","","None","LOW","Source JSON and neighboring positions only","Label 3 occurs more than once in this chapter; preserve source order."
"am","data/bible/am/28-psalms.json","psalms","28","9","1","1:24","4","REPEATED_VERSE_LABEL","MEDIUM","REVIEW_ONLY","ኀጢአተኛ እግዚአብሔርን አበሳጨው እንደ ቍጣውም ብዛት አይመራመረውም በርሱ ፊት እግዚአብሔር የለ ም","","None","LOW","Source JSON and neighboring positions only","Label 4 occurs more than once in this chapter; preserve source order."
"am","data/bible/am/28-psalms.json","psalms","28","9","1","1:25","5","REPEATED_VERSE_LABEL","MEDIUM","REVIEW_ONLY","መንገዱ ዅሉ የረከሰ ነው ፍርድኽም በፊቱ የፈረሰ ነው ጠላቶችንም ዅሉ ይገዛቸዋል","","None","LOW","Source JSON and neighboring positions only","Label 5 occurs more than once in this chapter; preserve source order."
"am","data/bible/am/28-psalms.json","psalms","28","9","1","1:26","6","REPEATED_VERSE_LABEL","MEDIUM","REVIEW_ONLY","በልቡ ይላል፦ለልጅ ልጅ አልታወክም ክፉም አያገኘኝም","","None","LOW","Source JSON and neighboring positions only","Label 6 occurs more than once in this chapter; preserve source order."
"am","data/bible/am/28-psalms.json","psalms","28","9","1","1:27","7","REPEATED_VERSE_LABEL","MEDIUM","REVIEW_ONLY","አፉ መርገምንና ሽንገላን ተንኰልን የተመላ ነው ከምላሱ በታች ጕዳትና መከራ ነው","","None","LOW","Source JSON and neighboring positions only","Label 7 occurs more than once in this chapter; preserve source order."
"am","data/bible/am/28-psalms.json","psalms","28","9","1","1:28","8","REPEATED_VERSE_LABEL","MEDIUM","REVIEW_ONLY","በመንደሮች መሸመቂያ ይቀመጣል ንጹሓንን በስውር ይገድል ዘንድ ዐይኖቹም ወደ ድኻ ይመለከታሉ","","None","LOW","Source JSON and neighboring positions only","Label 8 occurs more than once in this chapter; preserve source order."
"am","data/bible/am/28-psalms.json","psalms","28","9","1","1:29","9","REPEATED_VERSE_LABEL","MEDIUM","REVIEW_ONLY","እንደ አንበሳ በችፍግ ዱር በስውር ይሸምቃል ድኻውን ለመንጠቅ ያደባል ድኻውን ይነጥቀዋል በአሽክ ላውም ይስበዋል","","None","LOW","Source JSON and neighboring positions only","Label 9 occurs more than once in this chapter; preserve source order."
"am","data/bible/am/28-psalms.json","psalms","28","9","1","1:30","10","REPEATED_VERSE_LABEL","MEDIUM","REVIEW_ONLY","ድኻ ይዋረዳል ይጐብጣል በኀያላኑም እጅግ ይወድቃል","","None","LOW","Source JSON and neighboring positions only","Label 10 occurs more than once in this chapter; preserve source order."
"am","data/bible/am/28-psalms.json","psalms","28","9","1","1:31","11","REPEATED_VERSE_LABEL","MEDIUM","REVIEW_ONLY","በልቡም ይላል፦እግዚአብሔር ረስቶኛል ፈጽሞም እንዳያይ ፊቱን ሰወረ","","None","LOW","Source JSON and neighboring positions only","Label 11 occurs more than once in this chapter; preserve source order."
"am","data/bible/am/28-psalms.json","psalms","28","9","1","1:32","12","REPEATED_VERSE_LABEL","MEDIUM","REVIEW_ONLY","አቤቱ አምላክ ሆይ ተነሥ እጅኽም ከፍ ከፍ ትበል ድኻዎችን አትርሳ","","None","LOW","Source JSON and neighboring positions only","Label 12 occurs more than once in this chapter; preserve source order."
"am","data/bible/am/28-psalms.json","psalms","28","9","1","1:33","13","REPEATED_VERSE_LABEL","MEDIUM","REVIEW_ONLY","ኀጢአተኛ ስለ ምን እግዚአብሔርን አስቈጣው በልቡ፦አይመራመረኝም ይላልና","","None","LOW","Source JSON and neighboring positions only","Label 13 occurs more than once in this chapter; preserve source order."
"am","data/bible/am/28-psalms.json","psalms","28","9","1","1:34","14","REPEATED_VERSE_LABEL","MEDIUM","REVIEW_ONLY","አየኸው አንተ ክፋትንና ቍጣን ትመለከታለኽና በእጅኽ ፍዳውን ለመስጠት ድኻ ራሱን ለአንተ ይተዋ ል ለድኻ አደግም ረዳቱ አንተ ነኽ","","None","LOW","Source JSON and neighboring positions only","Label 14 occurs more than once in this chapter; preserve source order."
"am","data/bible/am/28-psalms.json","psalms","28","9","1","1:35","15","REPEATED_VERSE_LABEL","MEDIUM","REVIEW_ONLY","የኀጢአተኛንና የክፉን ክንድ ስበር የኀጢአቱንም ብድራት ክፈል ሌላ እስከማይገኝ ድረስ","","None","LOW","Source JSON and neighboring positions only","Label 15 occurs more than once in this chapter; preserve source order."
"am","data/bible/am/28-psalms.json","psalms","28","9","1","1:36","16","REPEATED_VERSE_LABEL","MEDIUM","REVIEW_ONLY","እግዚአብሔር ለዘለዓለም ይነግሣል አሕዛብ ከምድሩ ይጠፋሉ","","None","LOW","Source JSON and neighboring positions only","Label 16 occurs more than once in this chapter; preserve source order."
"am","data/bible/am/28-psalms.json","psalms","28","9","1","1:37","17","REPEATED_VERSE_LABEL","MEDIUM","REVIEW_ONLY","እግዚአብሔር የድኻዎችን ምኞት ሰማ ዦሮውም የልባቸውን ዐሳብ አደመጠች","","None","LOW","Source JSON and neighboring positions only","Label 17 occurs more than once in this chapter; preserve source order."
"am","data/bible/am/28-psalms.json","psalms","28","9","1","1:38","18","REPEATED_VERSE_LABEL","MEDIUM","REVIEW_ONLY","ፍርዱ ለድኻ አደግና ለችግረኛ ይደረግ ዘንድ ሰዎች በምድር ላይ አፋቸውን ከፍ ከፍ ማድረግ እን ዳይደግሙ","","None","LOW","Source JSON and neighboring positions only","Label 18 occurs more than once in this chapter; preserve source order."
"am","data/bible/am/28-psalms.json","psalms","28","45","1","1:11","11","REPEATED_TEXT_IN_CHAPTER","LOW","REVIEW_ONLY","የሰራዊት ጌታ ከእኛ ጋራ ነው የያዕቆብ አምላክ መጠጊያችን ነው","","None","LOW","Source JSON and neighboring positions only","Exact text also occurs at chapter position 7; could be a legitimate refrain."
"am","data/bible/am/28-psalms.json","psalms","28","48","1","1:8","10","NUMBERING_GAP","LOW","REVIEW_ONLY","ብልኀተኛዎች እንዲሞቱ ሰነፎችና ደንቈሮዎች በአንድነት እንዲጠፉ ገንዘባቸውንም ለሌላዎች እንዲተ ዉ አይቷል","","None","LOW","Source JSON and neighboring positions only","Previous label 7; current label 10. Do not infer missing text."
"am","data/bible/am/28-psalms.json","psalms","28","56","1","1:11","11","REPEATED_TEXT_IN_CHAPTER","LOW","REVIEW_ONLY","አምላክ ሆይ በሰማያት ላይ ከፍ ከፍ በል ክብርኽም በምድር ዅሉ ላይ ትኹን","","None","LOW","Source JSON and neighboring positions only","Exact text also occurs at chapter position 5; could be a legitimate refrain."
"am","data/bible/am/28-psalms.json","psalms","28","58","1","1:14","14","REPEATED_TEXT_IN_CHAPTER","LOW","REVIEW_ONLY","ማታ ይመለሱ እንደ ውሻዎችም ይራቡ በከተማም ይዙሩ","","None","LOW","Source JSON and neighboring positions only","Exact text also occurs at chapter position 6; could be a legitimate refrain."
"am","data/bible/am/28-psalms.json","psalms","28","65","1","1:13","15","NUMBERING_GAP","LOW","REVIEW_ONLY","ከዕጣንና ከወጠጤዎች ጋራ ለሚቃጠል መሥዋዕት ፍሪዳን አቀርባለኹ ላሞችንና ፍየሎችን እሠዋልኻለኹ","","None","LOW","Source JSON and neighboring positions only","Previous label 12; current label 15. Do not infer missing text."
"am","data/bible/am/28-psalms.json","psalms","28","66","1","1:5","5","REPEATED_TEXT_IN_CHAPTER","LOW","REVIEW_ONLY","አቤቱ አሕዛብ ያመስግኑኽ አሕዛብ ዅሉ ያመስግኑኽ","","None","LOW","Source JSON and neighboring positions only","Exact text also occurs at chapter position 3; could be a legitimate refrain."
"am","data/bible/am/28-psalms.json","psalms","28","79","1","1:19","19","REPEATED_TEXT_IN_CHAPTER","LOW","REVIEW_ONLY","የሰራዊት አምላክ አቤቱ መልሰን ፊትኽንም አብራ እኛም እንድናለን","","None","LOW","Source JSON and neighboring positions only","Exact text also occurs at chapter position 7; could be a legitimate refrain."
"am","data/bible/am/28-psalms.json","psalms","28","93","1","1:12","14","NUMBERING_GAP","LOW","REVIEW_ONLY","እግዚአብሔር ሕዝቡን አይጥልምና ርስቱንም አይተውምና","","None","LOW","Source JSON and neighboring positions only","Previous label 11; current label 14. Do not infer missing text."
"am","data/bible/am/28-psalms.json","psalms","28","104","1","1:5","7","NUMBERING_GAP","LOW","REVIEW_ONLY","ርሱ እግዚአብሔር አምላካችን ነው ፍርዱ በምድር ዅሉ ነው","","None","LOW","Source JSON and neighboring positions only","Previous label 4; current label 7. Do not infer missing text."
"am","data/bible/am/28-psalms.json","psalms","28","104","1","1:12","16","NUMBERING_GAP","LOW","REVIEW_ONLY","በምድር ላይ ራብን ጠራ የእኽልን ኀይል ዅሉ ሰበረ","","None","LOW","Source JSON and neighboring positions only","Previous label 13; current label 16. Do not infer missing text."
"am","data/bible/am/28-psalms.json","psalms","28","105","1","1:21","23","NUMBERING_GAP","LOW","REVIEW_ONLY","እንዳያጠፋቸው ቍጣውን ይመልስ ዘንድ የተመረጠው ሙሴ በመቅሠፍት ጊዜ በፊቱ ባይቆም ኖሮ ያጠፋቸ ው ዘንድ ተናገረ","","None","LOW","Source JSON and neighboring positions only","Previous label 20; current label 23. Do not infer missing text."
"am","data/bible/am/28-psalms.json","psalms","28","105","1","1:24","28","NUMBERING_GAP","LOW","REVIEW_ONLY","በብዔል ፌጎርም ተባበሩበት የሙታንንም መሥዋዕት በሉ","","None","LOW","Source JSON and neighboring positions only","Previous label 25; current label 28. Do not infer missing text."
"am","data/bible/am/28-psalms.json","psalms","28","105","1","1:28","34","NUMBERING_GAP","LOW","REVIEW_ONLY","እግዚአብሔርም እንዳላቸው አሕዛብን አላጠፉም","","None","LOW","Source JSON and neighboring positions only","Previous label 31; current label 34. Do not infer missing text."
"am","data/bible/am/28-psalms.json","psalms","28","106","1","1:15","15","REPEATED_TEXT_IN_CHAPTER","LOW","REVIEW_ONLY","ለሰው ልጆች ስላደረገው ተኣምራት ስለ ምሕረቱም እግዚአብሔርን ያመስግኑ","","None","LOW","Source JSON and neighboring positions only","Exact text also occurs at chapter position 8; could be a legitimate refrain."
"am","data/bible/am/28-psalms.json","psalms","28","106","1","1:28","28","REPEATED_TEXT_IN_CHAPTER","LOW","REVIEW_ONLY","በተጨነቁ ጊዜ ወደ እግዚአብሔር ጮኹ ከመከራቸውም አዳናቸው","","None","LOW","Source JSON and neighboring positions only","Exact text also occurs at chapter position 6; could be a legitimate refrain."
"am","data/bible/am/28-psalms.json","psalms","28","106","1","1:31","31","REPEATED_TEXT_IN_CHAPTER","LOW","REVIEW_ONLY","ለሰው ልጆች ስላደረገው ተኣምራት ስለ ምሕረቱም እግዚአብሔርን ያመስግኑ","","None","LOW","Source JSON and neighboring positions only","Exact text also occurs at chapter position 15; could be a legitimate refrain."
"am","data/bible/am/28-psalms.json","psalms","28","112","1","1:7","9","NUMBERING_GAP","LOW","REVIEW_ONLY","መካኒቱን በቤት የሚያኖራት ደስ የተሠኘችም የልጆች እናት የሚያደርጋት ሃሌ ሉያ","","None","LOW","Source JSON and neighboring positions only","Previous label 6; current label 9. Do not infer missing text."
"am","data/bible/am/28-psalms.json","psalms","28","115","1","1:18","18","REPEATED_TEXT_IN_CHAPTER","LOW","REVIEW_ONLY","በሕዝቡ ዅሉ ፊት ስእለቴን ለእግዚአብሔር እፈጽማለኹ","","None","LOW","Source JSON and neighboring positions only","Exact text also occurs at chapter position 14; could be a legitimate refrain."
"am","data/bible/am/28-psalms.json","psalms","28","117","1","1:29","29","REPEATED_TEXT_IN_CHAPTER","LOW","REVIEW_ONLY","እግዚአብሔርን አመስግኑ ቸር ነውና ምሕረቱ ለዘለዓለም ናትና","","None","LOW","Source JSON and neighboring positions only","Exact text also occurs at chapter position 1; could be a legitimate refrain."
"am","data/bible/am/28-psalms.json","psalms","28","143","1","1:7","9","NUMBERING_GAP","LOW","REVIEW_ONLY","አቤቱ ዐዲስ ቅኔ እቀኝልኻለኹ ዐሥር አውታር ባለው በገና እዘምርልኻለኹ","","None","LOW","Source JSON and neighboring positions only","Previous label 6; current label 9. Do not infer missing text."
"am","data/bible/am/29-proverbs.json","proverbs","29","7","2","2:1","6","LATIN_IN_AMHARIC","MEDIUM","REVIEW_ONLY","በቤትWa መስኮት ሆና ወደ ዐደባባይ ትመለከታለችና፤","","None","LOW","Source JSON and neighboring positions only","Latin letter appears in Amharic verse; inspect for OCR or transcription corruption."
"am","data/bible/am/33-song of solomon.json","song-of-songs","33","6","1","1:13","13","ADJACENT_DUPLICATE_TEXT","MEDIUM","REVIEW_ONLY","በዚያ ጡቶችን እሰጥሃለሁ፥","","None","LOW","Source JSON and neighboring positions only","Same text as immediately preceding verse; may be a legitimate refrain."
"am","data/bible/am/36-jeremiah.json","jeremiah-collection","36","5","3","3:10","29","REPEATED_TEXT_IN_CHAPTER","LOW","REVIEW_ONLY","በውኑ ስለ እነዚህ ነገሮች አልቀሥፍምን? ይላል እግዚአብሔር፤ ነፍሴስ እንደዚህ ባለ ሕዝብ ላይ አትበቀልምን?","","None","LOW","Source JSON and neighboring positions only","Exact text also occurs at chapter position 9; could be a legitimate refrain."
"am","data/bible/am/36-jeremiah.json","jeremiah-collection","36","33","1","1:23","23","REPEATED_TEXT_IN_CHAPTER","LOW","REVIEW_ONLY","የእግዚአብሔር ቃል ወደ ኤርምያስ እንዲህ ሲል መጣ፦","","None","LOW","Source JSON and neighboring positions only","Exact text also occurs at chapter position 19; could be a legitimate refrain."
"am","data/bible/am/38-lamentations.json","jeremiah-collection","38","4","1","","","EMPTY_SECTION","LOW","REVIEW_ONLY","","","None","LOW","Source JSON and neighboring positions only","Real source section contains no verse objects."
"am","data/bible/am/39-terefermias.json","jeremiah-collection","39","1","1","1:18","18","LATIN_IN_AMHARIC","MEDIUM","REVIEW_ONLY","ንጉሥን በበደለ ሰው ላይ በሮች እንደሚዘጉበት፥ በመቃብር ውስጥ ያለ ሟችም እንደሚዘጋበት እንዲሁ ሌቦች እንዳይሠርቋቸው ካህናቶቻቸው በመዝጊያና በቅWልፍ ይጠብቋቸዋል።","","None","LOW","Source JSON and neighboring positions only","Latin letter appears in Amharic verse; inspect for OCR or transcription corruption."
"am","data/bible/am/41-ezekiel.json","ezekiel","41","12","1","1:17","17","REPEATED_TEXT_IN_CHAPTER","LOW","REVIEW_ONLY","የእግዚአብሔርም ቃል ወደ እኔ እንዲህ ሲል መጣ፦","","None","LOW","Source JSON and neighboring positions only","Exact text also occurs at chapter position 1; could be a legitimate refrain."
"am","data/bible/am/41-ezekiel.json","ezekiel","41","12","1","1:21","21","REPEATED_TEXT_IN_CHAPTER","LOW","REVIEW_ONLY","የእግዚአብሔርም ቃል ወደ እኔ እንዲህ ሲል መጣ፦","","None","LOW","Source JSON and neighboring positions only","Exact text also occurs at chapter position 17; could be a legitimate refrain."
"am","data/bible/am/41-ezekiel.json","ezekiel","41","12","1","1:26","26","REPEATED_TEXT_IN_CHAPTER","LOW","REVIEW_ONLY","የእግዚአብሔርም ቃል ወደ እኔ እንዲህ ሲል መጣ፦","","None","LOW","Source JSON and neighboring positions only","Exact text also occurs at chapter position 21; could be a legitimate refrain."
"am","data/bible/am/41-ezekiel.json","ezekiel","41","14","1","1:12","12","REPEATED_TEXT_IN_CHAPTER","LOW","REVIEW_ONLY","የእግዚአብሔርም ቃል ወደ እኔ እንዲህ ሲል መጣ፦","","None","LOW","Source JSON and neighboring positions only","Exact text also occurs at chapter position 2; could be a legitimate refrain."
"am","data/bible/am/41-ezekiel.json","ezekiel","41","17","1","","","EMPTY_SECTION","LOW","REVIEW_ONLY","","","None","LOW","Source JSON and neighboring positions only","Real source section contains no verse objects."
"am","data/bible/am/41-ezekiel.json","ezekiel","41","21","1","1:8","8","REPEATED_TEXT_IN_CHAPTER","LOW","REVIEW_ONLY","የእግዚአብሔርም ቃል ወደ እኔ እንዲህ ሲል መጣ፦","","None","LOW","Source JSON and neighboring positions only","Exact text also occurs at chapter position 1; could be a legitimate refrain."
"am","data/bible/am/41-ezekiel.json","ezekiel","41","21","1","1:18","18","REPEATED_TEXT_IN_CHAPTER","LOW","REVIEW_ONLY","የእግዚአብሔርም ቃል ወደ እኔ እንዲህ ሲል መጣ፦","","None","LOW","Source JSON and neighboring positions only","Exact text also occurs at chapter position 8; could be a legitimate refrain."
"am","data/bible/am/41-ezekiel.json","ezekiel","41","22","1","1:17","17","REPEATED_TEXT_IN_CHAPTER","LOW","REVIEW_ONLY","የእግዚአብሔርም ቃል ወደ እኔ እንዲህ ሲል መጣ፦","","None","LOW","Source JSON and neighboring positions only","Exact text also occurs at chapter position 1; could be a legitimate refrain."
"am","data/bible/am/41-ezekiel.json","ezekiel","41","22","2","2:1","23","REPEATED_TEXT_IN_CHAPTER","LOW","REVIEW_ONLY","የእግዚአብሔርም ቃል ወደ እኔ እንዲህ ሲል መጣ፦","","None","LOW","Source JSON and neighboring positions only","Exact text also occurs at chapter position 17; could be a legitimate refrain."
"am","data/bible/am/41-ezekiel.json","ezekiel","41","28","1","1:11","11","REPEATED_TEXT_IN_CHAPTER","LOW","REVIEW_ONLY","የእግዚአብሔርም ቃል ወደ እኔ እንዲህ ሲል መጣ፦","","None","LOW","Source JSON and neighboring positions only","Exact text also occurs at chapter position 1; could be a legitimate refrain."
"am","data/bible/am/41-ezekiel.json","ezekiel","41","28","1","1:20","20","REPEATED_TEXT_IN_CHAPTER","LOW","REVIEW_ONLY","የእግዚአብሔርም ቃል ወደ እኔ እንዲህ ሲል መጣ፦","","None","LOW","Source JSON and neighboring positions only","Exact text also occurs at chapter position 11; could be a legitimate refrain."
"am","data/bible/am/42-daniel.json","daniel","42","13","1","1:26","26","LATIN_IN_AMHARIC","MEDIUM","REVIEW_ONLY","በቤትዋም ያሉ ሰዎች በተክል ቦታW መካከል ጩኸትን ሰምተው ወጡ፤ ምንም እንደ ሆነ ያዩ ዘንድ በሥርጥ ጎዳና ሮጡ።","","None","LOW","Source JSON and neighboring positions only","Latin letter appears in Amharic verse; inspect for OCR or transcription corruption."
"am","data/bible/am/42-daniel.json","daniel","42","14","1","","","EMPTY_SECTION","LOW","REVIEW_ONLY","","","None","LOW","Source JSON and neighboring positions only","Real source section contains no verse objects."
"am","data/bible/am/51-zephaniah.json","zephaniah","51","2","1","1:2","3","NUMBERING_GAP","LOW","REVIEW_ONLY","እናንተ ፍርዱን የጠበቃችሁ የምድር ትሑታን ሁሉ፥ እግዚአብሔርን ፈልጉ፣ ጽድቅንም ፈልጉ፥ ትሕትናንም ፈልጉ፣ ምናልባት በእግዚአብሔር ቍጣ ቀን ትሰወሩ ይሆናል።","","None","LOW","Source JSON and neighboring positions only","Previous label 1; current label 3. Do not infer missing text."
"am","data/bible/am/55-matthew.json","matthew","55","2","1","1:2","3","NUMBERING_GAP","LOW","REVIEW_ONLY","ንጉሡ ሄሮድስም ሰምቶ ደነገጠ፤ ኢየሩሳሌምም ሁሉ ከእርሱ ጋር፤","","None","LOW","Source JSON and neighboring positions only","Previous label 1; current label 3. Do not infer missing text."
"am","data/bible/am/55-matthew.json","matthew","55","2","1","1:5","7","NUMBERING_GAP","LOW","REVIEW_ONLY","ከዚህ በኋላ ሄሮድስ ሰብአ ሰገልን በስውር ጠርቶ ኮከቡ የታየበትን ዘመን ከእነርሱ በጥንቃቄ ተረዳ።","","None","LOW","Source JSON and neighboring positions only","Previous label 5; current label 7. Do not infer missing text."
"am","data/bible/am/55-matthew.json","matthew","55","2","3","3:1","16","NUMBERING_GAP","LOW","REVIEW_ONLY","ከዚህ በኋላ ሄሮድስ ሰብአ ሰገል እንደ ተሣለቁበት ባየ ጊዜ እጅግ ተቆጣና ልኮ ከሰብአ ሰገል እንደ ተረዳው ዘመን በቤተ ልሔምና በአውራጃዋ የነበሩትን፥ ሁለት ዓመት የሆናቸውን ከዚያም የሚያንሱትን ሕፃናት ሁሉ አስገደለ።","","None","LOW","Source JSON and neighboring positions only","Previous label 14; current label 16. Do not infer missing text."
"am","data/bible/am/55-matthew.json","matthew","55","3","1","1:2","3","NUMBERING_GAP","LOW","REVIEW_ONLY","በነቢዩ በኢሳይያስ","","None","LOW","Source JSON and neighboring positions only","Previous label 1; current label 3. Do not infer missing text."
"am","data/bible/am/55-matthew.json","matthew","55","3","1","1:3","7","NUMBERING_GAP","LOW","REVIEW_ONLY","ዳሩ ግን ከፈሪሳውያንና ከሰዱቃውያን ብዙዎች ወደ ጥምቀቱ ሲመጡ ባየ ጊዜ፥ እንዲህ አላቸው “እናንተ የእፉኝት ልጆች፥ ከሚመጣው ቍጣ እንድትሸሹ ማን አመለከታችሁ?","","None","LOW","Source JSON and neighboring positions only","Previous label 3; current label 7. Do not infer missing text."
"am","data/bible/am/55-matthew.json","matthew","55","4","2","2:1","12","NUMBERING_GAP","LOW","REVIEW_ONLY","ኢየሱስም ዮሐንስ አልፎ እንደ ተሰጠ በሰማ ጊዜ ወደ ገሊላ ፈቀቅ ብሎ ሄደ።","","None","LOW","Source JSON and neighboring positions only","Previous label 6; current label 12. Do not infer missing text."
"am","data/bible/am/55-matthew.json","matthew","55","4","3","3:1","18","NUMBERING_GAP","LOW","REVIEW_ONLY","በገሊላ ባሕር አጠገብ ሲመላለስም ሁለት ወንድማማች ጴጥሮስ የሚሉትን ስምዖንን ወንድሙንም እንድርያስን መረባቸውን ወደ ባሕር ሲጥሉ አየ፤ ዓሣ አጥማጆች ነበሩና።","","None","LOW","Source JSON and neighboring positions only","Previous label 16; current label 18. Do not infer missing text."
"am","data/bible/am/55-matthew.json","matthew","55","5","9","9:3","46","NUMBERING_GAP","LOW","REVIEW_ONLY","የሚወዱአችሁን ብትወዱ ምን ዋጋ አላችሁ? ቀራጮችስ ያንኑ ያደርጉ የለምን?","","None","LOW","Source JSON and neighboring positions only","Previous label 44; current label 46. Do not infer missing text."
"am","data/bible/am/55-matthew.json","matthew","55","6","2","2:1","5","NUMBERING_GAP","LOW","REVIEW_ONLY","“ስትጸልዩም እንደ ግብዞች አትሁኑ፤ ለሰው ይታዩ ዘንድ በምኩራብና በመንገድ ማዕዘን ቆመው መጸለይን ይወዳሉና፤ እውነት እላችኋለሁ፤ ዋጋቸውን ተቀብለዋል።","","None","LOW","Source JSON and neighboring positions only","Previous label 3; current label 5. Do not infer missing text."
"am","data/bible/am/55-matthew.json","matthew","55","6","4","4:1","19","NUMBERING_GAP","LOW","REVIEW_ONLY","“ብልና ዝገት በሚያጠፉት ሌቦችም ቆፍረው በሚሠርቁት ዘንድ ለእናንተ በምድር ላይ መዝገብ አትሰብስቡ፤","","None","LOW","Source JSON and neighboring positions only","Previous label 17; current label 19. Do not infer missing text."
"am","data/bible/am/55-matthew.json","matthew","55","7","1","1:2","3","NUMBERING_GAP","LOW","REVIEW_ONLY","በወንድምህም ዐይን ያለውን ጉድፍ ስለምን ታያለህ፤ በዐይንህ ግን ያለውን ምሰሶ ስለ ምን አትመለከትም?","","None","LOW","Source JSON and neighboring positions only","Previous label 1; current label 3. Do not infer missing text."
"am","data/bible/am/55-matthew.json","matthew","55","8","4","4:1","18","NUMBERING_GAP","LOW","REVIEW_ONLY","ኢየሱስም ብዙ ሰዎች ሲከቡት አይቶ ወደ ማዶ እንዲሻገሩ አዘዘ።","","None","LOW","Source JSON and neighboring positions only","Previous label 16; current label 18. Do not infer missing text."
"am","data/bible/am/55-matthew.json","matthew","55","11","1","1:11","16","NUMBERING_GAP","LOW","REVIEW_ONLY","ነገር ግን “ይህን ትውልድ በምን እመስለዋለሁ? በገበያ የሚቀመጡትን ልጆች ይመስላሉ፤ እነርሱም ባልንጀሮቻቸውን እየጠሩ","","None","LOW","Source JSON and neighboring positions only","Previous label 10; current label 16. Do not infer missing text."
"am","data/bible/am/55-matthew.json","matthew","55","12","1","1:4","5","NUMBERING_GAP","LOW","REVIEW_ONLY","ካህናትም በሰንበት በመቅደስ ሰንበትን እንዲያረክሱ ኀጢአትም እንዳይሆንባቸው በሕጉ አላነበባችሁምን?","","None","LOW","Source JSON and neighboring positions only","Previous label 3; current label 5. Do not infer missing text."
"am","data/bible/am/55-matthew.json","matthew","55","12","2","2:9","18","NUMBERING_GAP","LOW","REVIEW_ONLY","“እነሆ የመረጥሁት ብላቴናዬ፥","","None","LOW","Source JSON and neighboring positions only","Previous label 16; current label 18. Do not infer missing text."
"am","data/bible/am/55-matthew.json","matthew","55","13","2","2:1","18","NUMBERING_GAP","LOW","REVIEW_ONLY","“እንግዲህ እናንተ የዘሪውን ምሳሌ ስሙ።","","None","LOW","Source JSON and neighboring positions only","Previous label 15; current label 18. Do not infer missing text."
"am","data/bible/am/55-matthew.json","matthew","55","13","5","5:1","36","NUMBERING_GAP","LOW","REVIEW_ONLY","በዚያን ጊዜ ሕዝቡን ትቶ ወደ ቤት ገባ። ደቀ መዛሙርቱም ወደ እርሱ ቀርበው “የእርሻውን እንክርዳድ ምሳሌ ተርጕምልን፤” አሉት።","","None","LOW","Source JSON and neighboring positions only","Previous label 34; current label 36. Do not infer missing text."
"am","data/bible/am/55-matthew.json","matthew","55","20","1","1:12","13","NUMBERING_GAP","LOW","REVIEW_ONLY","እርሱ ግን መልሶ ከእነርሱ ለአንዱ እንዲህ አለው ‘ወዳጄ ሆይ! አልበደልሁህም በአንድ ዲናር አልተስማማኸኝምን?","","None","LOW","Source JSON and neighboring positions only","Previous label 11; current label 13. Do not infer missing text."
"am","data/bible/am/55-matthew.json","matthew","55","21","2","2:1","12","NUMBERING_GAP","LOW","REVIEW_ONLY","ኢየሱስም ወደ መቅደስ ገባና በመቅደስ የሚሸጡትንና የሚገዙትን ሁሉ አስወጣ፤ የገንዘብ ለዋጮችንም ገበታዎች የርግብ ሻጮችንም ወንበሮች ገለበጠና","","None","LOW","Source JSON and neighboring positions only","Previous label 4; current label 12. Do not infer missing text."
"am","data/bible/am/55-matthew.json","matthew","55","21","6","6:11","45","NUMBERING_GAP","LOW","REVIEW_ONLY","የካህናት አለቆችና ፈሪሳውያንም ምሳሌዎቹን ሰምተው ስለ እነርሱ እንደ ተናገረ አስተዋሉ፤","","None","LOW","Source JSON and neighboring positions only","Previous label 42; current label 45. Do not infer missing text."
"am","data/bible/am/55-matthew.json","matthew","55","22","3","3:10","33","NUMBERING_GAP","LOW","REVIEW_ONLY","ሕዝቡም ይህን ሰምተው በትምህርቱ ተገረሙ።","","None","LOW","Source JSON and neighboring positions only","Previous label 31; current label 33. Do not infer missing text."
"am","data/bible/am/55-matthew.json","matthew","55","22","5","5:2","43","NUMBERING_GAP","LOW","REVIEW_ONLY","እርሱም “እንኪያስ ዳዊት","","None","LOW","Source JSON and neighboring positions only","Previous label 41; current label 43. Do not infer missing text."
"am","data/bible/am/56-mark.json","mark","56","1","2","2:1","9","NUMBERING_GAP","LOW","REVIEW_ONLY","በዚያ ወራትም ኢየሱስ ከገሊላ ናዝሬት መጥቶ ከዮሐንስ በዮርዳኖስ ወንዝ ተጠመቀ።","","None","LOW","Source JSON and neighboring positions only","Previous label 2; current label 9. Do not infer missing text."
"am","data/bible/am/56-mark.json","mark","56","4","2","2:1","21","NUMBERING_GAP","LOW","REVIEW_ONLY","እንዲህም አላቸው “መብራትን ከዕንቅብ ወይስ ከአልጋ በታች ሊያኖሩት ያመጡታልን? በመቅረዝ ላይ ሊያኖሩት አይደለምን?","","None","LOW","Source JSON and neighboring positions only","Previous label 11; current label 21. Do not infer missing text."
"am","data/bible/am/56-mark.json","mark","56","7","1","1:8","9","NUMBERING_GAP","LOW","REVIEW_ONLY","እንዲህም አላቸው “ወጋችሁን ትጠብቁ ዘንድ የእግዚአብሔርን ትእዛዝ እጅግ ንቃችኋል።","","None","LOW","Source JSON and neighboring positions only","Previous label 7; current label 9. Do not infer missing text."
"am","data/bible/am/56-mark.json","mark","56","9","3","3:2","32","NUMBERING_GAP","LOW","REVIEW_ONLY","እነርሱም ነገሩን አላስተዋሉም፤ እንዳይጠይቁትም ፈሩ።","","None","LOW","Source JSON and neighboring positions only","Previous label 30; current label 32. Do not infer missing text."
"am","data/bible/am/56-mark.json","mark","56","9","5","5:3","45","NUMBERING_GAP","LOW","REVIEW_ONLY","እግርህ ብታሰናክልህ ቍረጣት፤ ሁለት እግር ኖሮህ ትላቸው ወደማይሞትበት እሳቱም ወደማይጠፋበት ወደ ገሃነም ወደማይጠፋ እሳት ከመጣል አንካሳ ሆነህ ወደ ሕይወት መግባት ይሻልሃል።","","None","LOW","Source JSON and neighboring positions only","Previous label 43; current label 45. Do not infer missing text."
"am","data/bible/am/56-mark.json","mark","56","9","5","5:4","47","NUMBERING_GAP","LOW","REVIEW_ONLY","ዐይንህ ብታሰናክልህ አውጣት፤ ሁለት ዐይን ኖሮህ ትላቸው ወደማይሞትበት እሳቱም ወደማይጠፋበት ወደ ገሃነመ እሳት ከመጣል አንዲት ዐይን ኖራህ ወደ እግዚአብሔር መንግሥት መግባት ይሻልሃል።","","None","LOW","Source JSON and neighboring positions only","Previous label 45; current label 47. Do not infer missing text."
"am","data/bible/am/56-mark.json","mark","56","9","5","5:5","49","NUMBERING_GAP","LOW","REVIEW_ONLY","ሰው ሁሉ በእሳት ይቀመማልና፤ መሥዋዕትም ሁሉ በጨው ይቀመማል።","","None","LOW","Source JSON and neighboring positions only","Previous label 47; current label 49. Do not infer missing text."
"am","data/bible/am/56-mark.json","mark","56","12","1","1:11","12","NUMBERING_GAP","LOW","REVIEW_ONLY","ምሳሌውንም ስለ እነርሱ እንደ ተናገረ አውቀዋልና ሊይዙት ፈለጉ፤ ነገር ግን ሕዝቡን ፈሩ። ትተውትም ሄዱ።","","None","LOW","Source JSON and neighboring positions only","Previous label 10; current label 12. Do not infer missing text."
"am","data/bible/am/56-mark.json","mark","56","12","4","4:1","28","NUMBERING_GAP","LOW","REVIEW_ONLY","ከጻፎችም አንዱ ቀርቦ ሲከራከሩ ሰማና መልካም አድርጎ እንደ መለሰላቸው አስተውሎ “ከሁሉ ፊተኛይቱ ትእዛዝ ማናቸይቱ ናት?” ብሎ ጠየቀው።","","None","LOW","Source JSON and neighboring positions only","Previous label 26; current label 28. Do not infer missing text."
"am","data/bible/am/56-mark.json","mark","56","12","6","6:1","38","NUMBERING_GAP","LOW","REVIEW_ONLY","ሲያስተምርም እንዲህ አለ “ረጃጅም ልብስ ለብሰው መዞርን፥ በገበያም ሰላምታን፥ በምኵራብም የከበሬታን ወንበር፥ በግብዣም የከበሬታን ስፍራ ከሚወዱ ከጻፎች ተጠበቁ፤","","None","LOW","Source JSON and neighboring positions only","Previous label 36; current label 38. Do not infer missing text."
"am","data/bible/am/56-mark.json","mark","56","12","6","6:2","40","NUMBERING_GAP","LOW","REVIEW_ONLY","የመበለቶችን ቤት የሚበሉ፤ ጸሎታቸውንም በማስረዘም የሚያመካኙ፤ እነዚህ የባሰ ፍርድ ይቀበላሉ።”","","None","LOW","Source JSON and neighboring positions only","Previous label 38; current label 40. Do not infer missing text."
"am","data/bible/am/56-mark.json","mark","56","14","9","9:6","59","NUMBERING_GAP","LOW","REVIEW_ONLY","ምስክርነታቸውም እንዲሁ እንኳ አልተስማማም።","","None","LOW","Source JSON and neighboring positions only","Previous label 57; current label 59. Do not infer missing text."
"am","data/bible/am/58-john.json","john","58","11","1","1:6","6","LATIN_IN_AMHARIC","MEDIUM","REVIEW_ONLY","እንደ ታመመ በሰማ ጊዜM በነበረበት ቦታ ሁለት ቀን ቈየ።","","None","LOW","Source JSON and neighboring positions only","Latin letter appears in Amharic verse; inspect for OCR or transcription corruption."
"am","data/bible/am/58-john.json","john","58","18","5","5:8","35","LATIN_IN_AMHARIC","MEDIUM","REVIEW_ONLY","ጲላጦስም መልሶ፥ “እኔ አይሁዳዊ ነኝን? ለእኔ አሳልፈው የሰጡህ ወገኖችህና ሊቃነ ካህናት አይደሉምን? Aረ ምን አድርገሃል?” አለው።","","None","LOW","Source JSON and neighboring positions only","Latin letter appears in Amharic verse; inspect for OCR or transcription corruption."
"am","data/bible/am/67-1_thessalonians.json","first-thessalonians","67","1","2","2:2","4","NUMBERING_GAP","LOW","REVIEW_ONLY","በእግዚአብሔር የምትወደዱ ወንድሞች ሆይ! እንደ ተመረጣችሁ አውቀናልና።","","None","LOW","Source JSON and neighboring positions only","Previous label 2; current label 4. Do not infer missing text."
"am","data/bible/am/67-1_thessalonians.json","first-thessalonians","67","2","1","1:12","13","NUMBERING_GAP","LOW","REVIEW_ONLY","ስለዚህም የመልእክትን ቃል እርሱም የእግዚአብሔር ቃል ከእኛ በተቀበላችሁ ጊዜ፥ በእውነት እንዳለ በእናንተ በምታምኑ ደግሞ እንደሚሠራ እንደ እግዚአብሔር ቃል እንጂ እንደ ሰው ቃል አድርጋችሁ ስላልተቀበላችሁት፥ እኛ ደግሞ እግዚአብሔርን ሳናቋርጥ እናመሰግናለን።","","None","LOW","Source JSON and neighboring positions only","Previous label 11; current label 13. Do not infer missing text."
"am","data/bible/am/67-1_thessalonians.json","first-thessalonians","67","3","1","1:10","11","NUMBERING_GAP","LOW","REVIEW_ONLY","አምላካችንና አባታችን ራሱ ጌታችንም ኢየሱስ ክርስቶስ ወደ እናንተ መንገዳችንን ያቅና፤","","None","LOW","Source JSON and neighboring positions only","Previous label 9; current label 11. Do not infer missing text."
"am","data/bible/am/67-1_thessalonians.json","first-thessalonians","67","4","1","1:5","6","NUMBERING_GAP","LOW","REVIEW_ONLY","አስቀድመን ደግሞ እንዳልናችሁና እንደ መሰከርንላችሁ፥ ጌታ ስለዚህ ነገር ሁሉ የሚበቀል ነውና፥ ማንም በዚህ ነገር አይተላለፍ፤ ወንድሙንም አያታልል።","","None","LOW","Source JSON and neighboring positions only","Previous label 4; current label 6. Do not infer missing text."
"am","data/bible/am/67-1_thessalonians.json","first-thessalonians","67","4","2","2:1","13","NUMBERING_GAP","LOW","REVIEW_ONLY","ነገር ግን ወንድሞች ሆይ!ተስፋ እንደሌላቸው እንደ ሌሎች ደግሞ እንዳታዝኑ፥ አንቀላፍተው ስላሉቱ ታውቁ ዘንድ እንወዳለን።","","None","LOW","Source JSON and neighboring positions only","Previous label 10; current label 13. Do not infer missing text."
"am","data/bible/am/67-1_thessalonians.json","first-thessalonians","67","5","2","2:2","14","NUMBERING_GAP","LOW","REVIEW_ONLY","ወንድሞች ሆይ! እንመክራችኋለን፤ ያለ ሥርዐት የሚሄዱትን ገሥጹአቸው፤ ድፍረት የሌላቸውን አጽኑአቸው፤ ለደካሞች ትጉላቸው፤ ሰውን ሁሉ ታገሡ።","","None","LOW","Source JSON and neighboring positions only","Previous label 12; current label 14. Do not infer missing text."
"am","data/bible/am/67-1_thessalonians.json","first-thessalonians","67","5","2","2:6","19","NUMBERING_GAP","LOW","REVIEW_ONLY","መንፈስን አታጥፉ፤","","None","LOW","Source JSON and neighboring positions only","Previous label 17; current label 19. Do not infer missing text."
"am","data/bible/am/67-1_thessalonians.json","first-thessalonians","67","5","2","2:8","22","NUMBERING_GAP","LOW","REVIEW_ONLY","ከማናቸውም ዐይነት ክፉ ነገር ራቁ።","","None","LOW","Source JSON and neighboring positions only","Previous label 20; current label 22. Do not infer missing text."
"am","data/bible/am/68-2_thessalonians.json","second-thessalonians","68","1","2","2:5","8","NUMBERING_GAP","LOW","REVIEW_ONLY","እግዚአብሔርን የማያውቁትን፥ ለጌታችንም ለኢየሱስ ክርስቶስ ወንጌል የማይታዘዙትን ይበቀላል፤","","None","LOW","Source JSON and neighboring positions only","Previous label 6; current label 8. Do not infer missing text."
"am","data/bible/am/68-2_thessalonians.json","second-thessalonians","68","1","2","2:7","11","NUMBERING_GAP","LOW","REVIEW_ONLY","ስለዚህም ደግሞ እንደ አምላካችን እንደ ጌታም እንደ ኢየሱስ ክርስቶስ ጸጋ፥ የጌታችን የኢየሱስ ክርስቶስ ስም በእናንተ ዘንድ ሊከብር እናንተም በእርሱ ዘንድ ልትከብሩ፥ አምላካችን ለመጥራቱ የምትበቁ አድርጎ ይቈጥራችሁ ዘንድ፥ የበጎነትንም ፈቃድ ሁሉ የእምነትንም ሥራ በኀይል ይፈጽም ዘንድ ስለ እናንተ ሁልጊዜ እንጸልያለን።","","None","LOW","Source JSON and neighboring positions only","Previous label 9; current label 11. Do not infer missing text."
"am","data/bible/am/68-2_thessalonians.json","second-thessalonians","68","2","1","1:2","3","NUMBERING_GAP","LOW","REVIEW_ONLY","ማንም በማናቸውም መንገድ አያስታችሁ፤ ክህደቱ አስቀድሞ ሳይመጣና የዐመፅ ሰው እርሱም የጥፋት ልጅ ሳይገለጥ አይደርስምና።","","None","LOW","Source JSON and neighboring positions only","Previous label 1; current label 3. Do not infer missing text."
"am","data/bible/am/68-2_thessalonians.json","second-thessalonians","68","2","1","1:9","11","NUMBERING_GAP","LOW","REVIEW_ONLY","ስለዚህም ምክንያት፥ በእውነት ያላመኑ ነገር ግን በዐመፅ ደስ ይላቸው የነበሩ ሁሉ ፍርድን እንዲቀበሉ ሐሰትን ያምኑ ዘንድ እግዚአብሔር የስሕተትን አሠራር ይልክባቸዋል።","","None","LOW","Source JSON and neighboring positions only","Previous label 9; current label 11. Do not infer missing text."
"am","data/bible/am/68-2_thessalonians.json","second-thessalonians","68","2","2","2:1","13","NUMBERING_GAP","LOW","REVIEW_ONLY","እኛ ግን በጌታ የተወደዳችሁ ወንድሞች ሆይ! ሁልጊዜ ስለ እናንተ እግዚአብሔርን ልናመሰግን ግድ አለብን፤ እግዚአብሔር በመንፈስ መቀደስ እውነትንም በማመን ለመዳን እንደ በኵራት መርጦአችኋልና፤","","None","LOW","Source JSON and neighboring positions only","Previous label 11; current label 13. Do not infer missing text."
"am","data/bible/am/68-2_thessalonians.json","second-thessalonians","68","3","1","1:2","3","NUMBERING_GAP","LOW","REVIEW_ONLY","ነገር ግን የሚያጸናችሁ ከክፉውም የሚጠብቃችሁ ጌታ የታመነ ነው።","","None","LOW","Source JSON and neighboring positions only","Previous label 1; current label 3. Do not infer missing text."
"am","data/bible/am/69-1_timothy.json","first-timothy","69","1","2","2:2","5","NUMBERING_GAP","LOW","REVIEW_ONLY","የትእዛዝ ፍጻሜ ግን ከንጹሕ ልብና ከበጎ ሕሊና ግብዝነትም ከሌለበት እምነት የሚወጣ ፍቅር ነው፤","","None","LOW","Source JSON and neighboring positions only","Previous label 3; current label 5. Do not infer missing text."
"am","data/bible/am/69-1_timothy.json","first-timothy","69","1","2","2:4","8","NUMBERING_GAP","LOW","REVIEW_ONLY","ነገር ግን ሰው እንደሚገባ ቢሠራበት ሕግ መልካም እንደ ሆነ እናውቃለን፤","","None","LOW","Source JSON and neighboring positions only","Previous label 6; current label 8. Do not infer missing text."
"am","data/bible/am/69-1_timothy.json","first-timothy","69","1","3","3:1","12","NUMBERING_GAP","LOW","REVIEW_ONLY","ለአገልግሎቱ ሾሞኝ ታማኝ አድርጎ ስለ ቈጠረኝ፥ ኀይል የሰጠኝን ክርስቶስ ኢየሱስን ጌታችንን አመሰግናለሁ፤","","None","LOW","Source JSON and neighboring positions only","Previous label 9; current label 12. Do not infer missing text."
"am","data/bible/am/69-1_timothy.json","first-timothy","69","2","1","1:2","3","NUMBERING_GAP","LOW","REVIEW_ONLY","ሰዎች ሁሉ ሊድኑና እውነቱን ወደ ማወቅ ሊደርሱ በሚወድ በእግዚአብሔር በመድኃኒታችን ፊት መልካምና ደስ የሚያሰኝ ይህ ነው።","","None","LOW","Source JSON and neighboring positions only","Previous label 1; current label 3. Do not infer missing text."
"am","data/bible/am/69-1_timothy.json","first-timothy","69","2","1","1:3","5","NUMBERING_GAP","LOW","REVIEW_ONLY","አንድ እግዚአብሔር አለና፤ በእግዚአብሔርና በሰውም መካከል ያለው መካከለኛው ደግሞ አንድ አለ፤ እርሱም ሰው የሆነ ክርስቶስ ኢየሱስ ነው፤","","None","LOW","Source JSON and neighboring positions only","Previous label 3; current label 5. Do not infer missing text."
"am","data/bible/am/69-1_timothy.json","first-timothy","69","2","1","1:8","11","NUMBERING_GAP","LOW","REVIEW_ONLY","ሴት በነገር ሁሉ እየተገዛች በዝግታ ትማር፤","","None","LOW","Source JSON and neighboring positions only","Previous label 9; current label 11. Do not infer missing text."
"am","data/bible/am/69-1_timothy.json","first-timothy","69","4","1","1:2","3","NUMBERING_GAP","LOW","REVIEW_ONLY","እነዚህ ውሸተኞች መጋባትን ይከለክላሉ፤ አምነውም እውነትን የሚያውቁ ከምስጋና ጋር ይቀበሉ ዘንድ እግዚአብሔር ከፈጠረው መብል እንዲርቁ ያዝዛሉ።","","None","LOW","Source JSON and neighboring positions only","Previous label 1; current label 3. Do not infer missing text."
"am","data/bible/am/69-1_timothy.json","first-timothy","69","4","2","2:7","13","NUMBERING_GAP","LOW","REVIEW_ONLY","እስክመጣ ድረስ ለማንበብና ለመምከር ለማስተማርም ተጠንቀቅ።","","None","LOW","Source JSON and neighboring positions only","Previous label 11; current label 13. Do not infer missing text."
"am","data/bible/am/69-1_timothy.json","first-timothy","69","5","1","1:2","3","NUMBERING_GAP","LOW","REVIEW_ONLY","በእውነት ባልቴቶች የሆኑትን ባልቴቶች አክብር።","","None","LOW","Source JSON and neighboring positions only","Previous label 1; current label 3. Do not infer missing text."
"am","data/bible/am/69-1_timothy.json","first-timothy","69","6","2","2:3","6","NUMBERING_GAP","LOW","REVIEW_ONLY","“ኑሮዬ ይበቃኛል፤” ለሚለው ግን እግዚአብሔርን መምሰል እጅግ ማትረፊያ ነው፤","","None","LOW","Source JSON and neighboring positions only","Previous label 4; current label 6. Do not infer missing text."
"am","data/bible/am/69-1_timothy.json","first-timothy","69","6","3","3:9","20","NUMBERING_GAP","LOW","REVIEW_ONLY","ጢሞቴዎስ ሆይ! በውሸት እውቀት ከተባለ ለዓለም ከሚመች ከከንቱ መለፍለፍና መከራከር እየራቅህ የተሰጠህን አደራ ጠብቅ፤","","None","LOW","Source JSON and neighboring positions only","Previous label 18; current label 20. Do not infer missing text."
"am","data/bible/am/70-2_timothy.json","second-timothy","70","1","2","2:9","12","NUMBERING_GAP","LOW","REVIEW_ONLY","ስለዚህም ምክንያት ይህን መከራ ደግሞ ተቀብዬአለሁ፤ ነገር ግን አላፍርበትም፤ ያመንሁትን አውቃለሁና፤ የሰጠሁትንም አደራ እስከዚያ ቀን ድረስ ሊጠብቅ እንዲችል ተረድቼአለሁ።","","None","LOW","Source JSON and neighboring positions only","Previous label 10; current label 12. Do not infer missing text."
"am","data/bible/am/70-2_timothy.json","second-timothy","70","3","1","1:7","8","NUMBERING_GAP","LOW","REVIEW_ONLY","ኢያኔስና ኢያንበሬስም ሙሴን እንደ ተቃወሙት፥ እንዲሁ እነዚህ ደግሞ አእምሮአቸው የጠፋባቸው ስለ እምነትም የተጣሉ ሰዎች ሆነው እውነትን ይቃወማሉ።","","None","LOW","Source JSON and neighboring positions only","Previous label 6; current label 8. Do not infer missing text."
"am","data/bible/am/71-titus.json","titus","71","1","1","1:2","3","NUMBERING_GAP","LOW","REVIEW_ONLY","በዘመኑም ጊዜ መድኃኒታችን እግዚአብሔር እንዳዘዘ፥ ለእኔ አደራ በተሰጠኝ ስብከት ቃሉን ገለጠ፤","","None","LOW","Source JSON and neighboring positions only","Previous label 1; current label 3. Do not infer missing text."
"am","data/bible/am/71-titus.json","titus","71","1","2","2:10","15","NUMBERING_GAP","LOW","REVIEW_ONLY","ሁሉ ለንጹሖች ንጹሕ ነው፤ ለርኵሳንና ለማያምኑ ግን ንጹሕ የሆነ ምንም የለም፤ ነገር ግን አእምሮአቸውም ሕሊናቸውም ረክሶአል።","","None","LOW","Source JSON and neighboring positions only","Previous label 13; current label 15. Do not infer missing text."
"am","data/bible/am/71-titus.json","titus","71","2","1","1:5","6","NUMBERING_GAP","LOW","REVIEW_ONLY","ጎበዞችም እንዲሁ ራሳቸውን እንዲገዙ ምከራቸው።","","None","LOW","Source JSON and neighboring positions only","Previous label 4; current label 6. Do not infer missing text."
"am","data/bible/am/71-titus.json","titus","71","2","1","1:7","9","NUMBERING_GAP","LOW","REVIEW_ONLY","ባሪያዎች ስለ መድኃኒታችን ስለ እግዚአብሔር የሚሆነውን ትምህርት በሁሉ ነገር ያስመሰግኑ ዘንድ፥ ለገዛ ጌቶቻቸው እንዲገዙ በሁሉም ደስ እንዲያሰኙ፥ ሳይቃወሙና ሳይሰርቁም በጎ ታማኝነትን ሁሉ እንዲያሳዩ ምከራቸው።","","None","LOW","Source JSON and neighboring positions only","Previous label 7; current label 9. Do not infer missing text."
"am","data/bible/am/71-titus.json","titus","71","2","1","1:8","11","NUMBERING_GAP","LOW","REVIEW_ONLY","ሰዎችን ሁሉ የሚያድን የእግዚአብሔር ጸጋ ተገልጦአልና፤","","None","LOW","Source JSON and neighboring positions only","Previous label 9; current label 11. Do not infer missing text."
"am","data/bible/am/71-titus.json","titus","71","2","1","1:10","14","NUMBERING_GAP","LOW","REVIEW_ONLY","መድኃኒታችንም ከዐመፅ ሁሉ እንዲቤዠን፥ መልካሙንም ለማድረግ የሚቀናውን ገንዘቡም የሚሆነውን ሕዝብ ለራሱ እንዲያነጻ፥ ስለ እኛ ነፍሱን ሰጥቶአል።","","None","LOW","Source JSON and neighboring positions only","Previous label 12; current label 14. Do not infer missing text."
"am","data/bible/am/71-titus.json","titus","71","3","1","1:2","3","NUMBERING_GAP","LOW","REVIEW_ONLY","እኛ ደግሞ አስቀድመን የማናስተውል ነበርንና፤ የማንታዘዝ፥ የምንስት፥ ለምኞትና ለልዩ ልዩ ተድላ እንደ ባሪያዎች የምንገዛ፥ በክፋትና በምቀኝነት የምንኖር፥ የምንጣላ፥ እርስ በርሳችን የምንጠላላ ነበርን።","","None","LOW","Source JSON and neighboring positions only","Previous label 1; current label 3. Do not infer missing text."
"am","data/bible/am/71-titus.json","titus","71","3","1","1:6","8","NUMBERING_GAP","LOW","REVIEW_ONLY","ቃሉ የታመነ ነው። እግዚአብሔርንም የሚያምኑት በመልካም ሥራ በጥንቃቄ እንዲጸኑ፥ እነዚህን አስረግጠህ እንድትናገር እፈቅዳለሁ። ይህ መልካምና ለሰዎች የሚጠቅም ነው፤","","None","LOW","Source JSON and neighboring positions only","Previous label 6; current label 8. Do not infer missing text."
"am","data/bible/am/71-titus.json","titus","71","3","2","2:1","12","NUMBERING_GAP","LOW","REVIEW_ONLY","አርጢሞንን ወይም ቲኪቆስን ወደ አንተ ስልክ፥ ወደ ኒቆጵልዮን ወደ እኔ እንድትመጣ ትጋ፤ በዚያ ልከርም ቈርጫለሁና።","","None","LOW","Source JSON and neighboring positions only","Previous label 10; current label 12. Do not infer missing text."
"am","data/bible/am/72-philemon.json","philemon","72","1","2","2:2","6","NUMBERING_GAP","LOW","REVIEW_ONLY","የእምነትህም ኅብረት፥ በእኛ ዘንድ ያለውን በጎ ነገር ሁሉ በማወቅ፥ ለክርስቶስ ኢየሱስ ፍሬ እንዲያፈራ እለምናለሁ፤","","None","LOW","Source JSON and neighboring positions only","Previous label 4; current label 6. Do not infer missing text."
"am","data/bible/am/72-philemon.json","philemon","72","1","3","3:4","12","NUMBERING_GAP","LOW","REVIEW_ONLY","እርሱን እልከዋለሁ፤ አንተም ልቤ እንደሚሆን ተቀበለው።","","None","LOW","Source JSON and neighboring positions only","Previous label 10; current label 12. Do not infer missing text."
"am","data/bible/am/74-1_peter.json","first-peter","74","1","2","2:1","3","NUMBERING_GAP","LOW","REVIEW_ONLY","ኢየሱስ ክርስቶስ ከሙታን በመነሣቱ ለሕያው ተስፋና ለማይጠፋ፥ እድፈትም ለሌለበት፥ ለማያልፍም ርስት እንደ ምሕረቱ ብዛት ሁለተኛ የወለደን የጌታችን የኢየሱስ ክርስቶስ አባት እግዚአብሔር ይመስገን፤ ይህም ርስት በመጨረሻው ዘመን ይገለጥ ዘንድ ለተዘጋጀ መዳን በእምነት በእግዚአብሔር ኀይል ለተጠበቃችሁ ለእናንተ በሰማይ ቀርቶላችኋል።","","None","LOW","Source JSON and neighboring positions only","Previous label 1; current label 3. Do not infer missing text."
"am","data/bible/am/74-1_peter.json","first-peter","74","1","2","2:2","6","NUMBERING_GAP","LOW","REVIEW_ONLY","በዚህም እጅግ ደስ ይላችኋል፤ ነገር ግን በእሳት ምንም ቢፈተን ከሚጠፋው ወርቅ ይልቅ አብልጦ የሚከብር የተፈተነ እምነታችሁ፥ ኢየሱስ ክርስቶስ ሲገለጥ፥ ለምስጋናና ለክብር ለውዳሴም ይገኝ ዘንድ አሁን ለጥቂት ጊዜ ቢያስፈልግ በልዩ ልዩ ፈተና አዝናችኋል።","","None","LOW","Source JSON and neighboring positions only","Previous label 3; current label 6. Do not infer missing text."
"am","data/bible/am/74-1_peter.json","first-peter","74","1","2","2:3","8","NUMBERING_GAP","LOW","REVIEW_ONLY","እርሱንም ሳታዩት ትወዱታላችሁ፤ አሁንም ምንም ባታዩት በእርሱ አምናችሁ፥ የእምነታችሁን ፍፃሜ እርሱም የነፍሳችሁን መዳን እየተቀበላችሁ፥ በማይነገርና ክብር በሞላበት ሐሤት ደስ ይላችኋል።","","None","LOW","Source JSON and neighboring positions only","Previous label 6; current label 8. Do not infer missing text."
"am","data/bible/am/74-1_peter.json","first-peter","74","1","2","2:4","10","NUMBERING_GAP","LOW","REVIEW_ONLY","ለእናንተም ስለሚሰጠው ጸጋ ትንቢት የተናገሩት ነቢያት ስለዚህ መዳን ተግተው እየፈለጉ መረመሩት፤","","None","LOW","Source JSON and neighboring positions only","Previous label 8; current label 10. Do not infer missing text."
"am","data/bible/am/74-1_peter.json","first-peter","74","1","3","3:4","17","NUMBERING_GAP","LOW","REVIEW_ONLY","ለሰው ፊትም ሳያደላ በእያንዳንዱ ላይ እንደ ሥራው የሚፈርደውን አባት ብላችሁ ብትጠሩ በእንግድነታችሁ ዘመን በፍርሃት ኑሩ።","","None","LOW","Source JSON and neighboring positions only","Previous label 15; current label 17. Do not infer missing text."
"am","data/bible/am/74-1_peter.json","first-peter","74","1","3","3:6","20","NUMBERING_GAP","LOW","REVIEW_ONLY","ዓለም ሳይፈጠር እንኳ አስቀድሞ ታወቀ፤ ነገር ግን እምነታችሁና ተስፋችሁ በእግዚአብሔር ይሆን ዘንድ፥ ከሙታን ባስነሣው ክብርንም በሰጠው በእግዚአብሔር በእርሱ ስለምታምኑ ስለ እናንተ በዘመኑ መጨረሻ ተገለጠ።","","None","LOW","Source JSON and neighboring positions only","Previous label 18; current label 20. Do not infer missing text."
"am","data/bible/am/74-1_peter.json","first-peter","74","1","3","3:7","22","NUMBERING_GAP","LOW","REVIEW_ONLY","ለእውነት እየታዘዛችሁ ግብዝነት ለሌለበት ለወንድማማች መዋደድ ነፍሳችሁን አንጽታችሁ እርስ በርሳችሁ ከልባችሁ አጥብቃችሁ ተዋደዱ።","","None","LOW","Source JSON and neighboring positions only","Previous label 20; current label 22. Do not infer missing text."
"am","data/bible/am/74-1_peter.json","first-peter","74","2","1","1:3","4","NUMBERING_GAP","LOW","REVIEW_ONLY","በሰውም ወደ ተጣለ በእግዚአብሔር ዘንድ ግን ወደ ተመረጠና ክቡር ወደ ሆነው ወደ ሕያው ድንጋይ ወደ እርሱ እየቀረባችሁ፥","","None","LOW","Source JSON and neighboring positions only","Previous label 2; current label 4. Do not infer missing text."
"am","data/bible/am/74-1_peter.json","first-peter","74","2","1","1:6","9","NUMBERING_GAP","LOW","REVIEW_ONLY","እናንተ ግን ከጨለማ ወደሚደነቅ ብርሃኑ የጠራችሁን የእርሱን በጎነት እንድትናገሩ የተመረጠ ትውልድ፥ የንጉሥ ካህናት፥ ቅዱስ ሕዝብ፥ ለርስቱ የተለየ ወገን ናችሁ፤","","None","LOW","Source JSON and neighboring positions only","Previous label 6; current label 9. Do not infer missing text."
"am","data/bible/am/74-1_peter.json","first-peter","74","3","1","1:2","3","NUMBERING_GAP","LOW","REVIEW_ONLY","ለእናንተም ጠጕርን በመሸረብና ወርቅን በማንጠልጠል ወይም ልብስን በመጎናጸፍ በውጭ የሆነ ሽልማት አይሁንላችሁ፤","","None","LOW","Source JSON and neighboring positions only","Previous label 1; current label 3. Do not infer missing text."
"am","data/bible/am/74-1_peter.json","first-peter","74","4","1","1:2","3","NUMBERING_GAP","LOW","REVIEW_ONLY","የአሕዛብን ፈቃድ ያደረጋችሁበት በመዳራትና በሥጋ ምኞትም በስካርም በዘፈንም ያለ ልክም በመጠጣት ነውርም ባለበት በጣዖት ማምለክ የተመላለሳችሁበት ያለፈው ዘመን ይበቃልና።","","None","LOW","Source JSON and neighboring positions only","Previous label 1; current label 3. Do not infer missing text."
"am","data/bible/am/75-2_peter.json","second-peter","75","1","2","2:2","4","NUMBERING_GAP","LOW","REVIEW_ONLY","ስለ ክፉ ምኞት በዓለም ካለው ጥፋት አምልጣችሁ በተስፋው ቃል ከመለኮት ባሕርይ ተካፋዮች እንድትሆኑ፥ በእነዚያ ክብርና በጎነት የተከበረና እጅግ ታላቅ የሆነ ተስፋን ሰጠን።","","None","LOW","Source JSON and neighboring positions only","Previous label 2; current label 4. Do not infer missing text."
"am","data/bible/am/75-2_peter.json","second-peter","75","2","1","1:8","9","NUMBERING_GAP","LOW","REVIEW_ONLY","ጌታ እግዚአብሔርን የሚያመልኩትን ከፈተና እንዴት እንዲያድን በደለኞችንም ይልቁንም በርኵስ ምኞት የሥጋን ፍትወት እየተከተሉ የሚመላለሱትን ጌትነትንም የሚንቁትን እየቀጣቸው ለፍርድ ቀን እንዴት እንዲጠብቅ ያውቃል። ደፋሮችና ኵሩዎች ሆነው ሥልጣን ያላቸውን ሲሳደቡ አይንቀጠቀጡም፤","","None","LOW","Source JSON and neighboring positions only","Previous label 7; current label 9. Do not infer missing text."
"am","data/bible/am/75-2_peter.json","second-peter","75","2","1","1:9","11","NUMBERING_GAP","LOW","REVIEW_ONLY","ዳሩ ግን መላእክት በኀይልና በብርታት ከእነርሱ ይልቅ ምንም ቢበልጡ፥ በጌታ ፊት በእነርሱ ላይ የስድብን ፍርድ አያመጡም።","","None","LOW","Source JSON and neighboring positions only","Previous label 9; current label 11. Do not infer missing text."
"am","data/bible/am/75-2_peter.json","second-peter","75","3","1","1:2","3","NUMBERING_GAP","LOW","REVIEW_ONLY","በመጨረሻው ዘመን እንደ ራሳቸው ምኞት የሚመላለሱ ዘባቾች በመዘበት እንዲመጡ ይህን በፊት እወቁ፤","","None","LOW","Source JSON and neighboring positions only","Previous label 1; current label 3. Do not infer missing text."
"am","data/bible/am/75-2_peter.json","second-peter","75","3","1","1:11","13","NUMBERING_GAP","LOW","REVIEW_ONLY","ነገር ግን ጽድቅ የሚኖርባትን አዲስ ሰማይና አዲስ ምድር እንደ ተስፋ ቃሉ እንጠብቃለን።","","None","LOW","Source JSON and neighboring positions only","Previous label 11; current label 13. Do not infer missing text."
"am","data/bible/am/76-1_john.json","first-john","76","2","1","1:16","17","NUMBERING_GAP","LOW","REVIEW_ONLY","ዓለሙም ምኞቱም ያልፋሉ፤ የእግዚአብሔርን ፈቃድ የሚያደርግ ግን ለዘላለም ይኖራል።","","None","LOW","Source JSON and neighboring positions only","Previous label 15; current label 17. Do not infer missing text."
"am","data/bible/am/76-1_john.json","first-john","76","3","1","1:20","21","NUMBERING_GAP","LOW","REVIEW_ONLY","ወዳጆች ሆይ፥ ልባችንስ ባይፈርድብን በእግዚአብሔር ዘንድ ድፍረት አለን፥","","None","LOW","Source JSON and neighboring positions only","Previous label 19; current label 21. Do not infer missing text."
"am","data/bible/am/77-2_john.json","second-john","77","1","1","1:2","3","NUMBERING_GAP","LOW","REVIEW_ONLY","ከእግዚአብሔር አብና ከአብ ልጅ ከኢየሱስ ክርስቶስ ጸጋና ምሕረት ሰላምም በእውነትና በፍቅር ከእኛ ጋር ይሆናሉ።","","None","LOW","Source JSON and neighboring positions only","Previous label 1; current label 3. Do not infer missing text."
"am","data/bible/am/79-james.json","james","79","1","2","2:2","4","NUMBERING_GAP","LOW","REVIEW_ONLY","ትዕግሥትም ምንም የሚጎድላችሁ ሳይኖር ፍጹማንና ምሉዓን ትሆኑ ዘንድ ሥራውን ይፈጽም።","","None","LOW","Source JSON and neighboring positions only","Previous label 2; current label 4. Do not infer missing text."
"am","data/bible/am/79-james.json","james","79","1","3","3:1","9","NUMBERING_GAP","LOW","REVIEW_ONLY","የተዋረደው ወንድም ግን በከፍታው፥ ባለ ጠጋም በውርደቱ ይመካ፤ እንደ ሣር አበባ ያልፋልና።","","None","LOW","Source JSON and neighboring positions only","Previous label 7; current label 9. Do not infer missing text."
"am","data/bible/am/79-james.json","james","79","1","3","3:2","11","NUMBERING_GAP","LOW","REVIEW_ONLY","ፀሐይ ከትኵሳት ጋር ይወጣልና፥ ሣርንም ያጠወልጋልና፥ አበባውም ይረግፋልና፥ የመልኩም ውበት ይጠፋልና፤ እንዲሁ ደግሞ ባለ ጠጋው በመንገዱ ይዝላል።","","None","LOW","Source JSON and neighboring positions only","Previous label 9; current label 11. Do not infer missing text."
"am","data/bible/am/80-jude.json","jude","80","1","2","2:13","16","NUMBERING_GAP","LOW","REVIEW_ONLY","እነዚህ እንደ ምኞታቸው እየሄዱ የሚያንጎራጉሩና ስለ ዕድላቸው የሚያጕረመርሙ ናቸው፤ እንዲረባቸውም ለሰው ፊት እያደሉ አፋቸው ከመጠን ይልቅ ታላቅ ቃል ይናገራል።","","None","LOW","Source JSON and neighboring positions only","Previous label 14; current label 16. Do not infer missing text."
"am","data/bible/am/81-revelation.json","revelation","81","1","1","1:5","6","NUMBERING_GAP","LOW","REVIEW_ONLY","መንግሥትም፥ ለአባቱም ለእግዚአብሔር ካህናት እንድንሆን ላደረገ፥ ለእርሱ ከዘላለም እስከ ዘላለም ድረስ ክብርና ኀይል ይሁን፤ አሜን።","","None","LOW","Source JSON and neighboring positions only","Previous label 4; current label 6. Do not infer missing text."
"am","data/bible/am/81-revelation.json","revelation","81","2","4","4:10","28","NUMBERING_GAP","LOW","REVIEW_ONLY","የንጋትንም ኮከብ እሰጠዋለሁ።","","None","LOW","Source JSON and neighboring positions only","Previous label 26; current label 28. Do not infer missing text."
"am","data/bible/am/81-revelation.json","revelation","81","3","2","2:7","13","REPEATED_TEXT_IN_CHAPTER","LOW","REVIEW_ONLY","መንፈስ ለአብያተ ክርስቲያናት የሚለውን ጆሮ ያለው ይስማ።","","None","LOW","Source JSON and neighboring positions only","Exact text also occurs at chapter position 6; could be a legitimate refrain."
"am","data/bible/am/81-revelation.json","revelation","81","7","2","2:3","13","NUMBERING_GAP","LOW","REVIEW_ONLY","ከሽማግሌዎቹም አንዱ ተመልሶ “እነዚህ ነጩን ልብስ የለበሱ እነማን ናቸው? ከወዴትስ መጡ?” አለኝ።","","None","LOW","Source JSON and neighboring positions only","Previous label 10; current label 13. Do not infer missing text."
"am","data/bible/am/81-revelation.json","revelation","81","11","2","2:2","19","NUMBERING_GAP","LOW","REVIEW_ONLY","በሰማይም ያለው የእግዚአብሔር መቅደስ ተከፈተ፤ የኪዳኑም ታቦት በመቅደሱ ታየ፤ መብረቅና ድምፅም ነጐድጓድም የምድርም መናወጥ ታላቅም በረዶ ሆነ።","","None","LOW","Source JSON and neighboring positions only","Previous label 15; current label 19. Do not infer missing text."
"am","data/bible/am/81-revelation.json","revelation","81","12","1","1:11","13","NUMBERING_GAP","LOW","REVIEW_ONLY","ዘንዶውም ወደ ምድር እንደ ተጣለ ባየ ጊዜ ወንድ ልጅ የወለደችውን ሴት አሳደዳት።","","None","LOW","Source JSON and neighboring positions only","Previous label 10; current label 13. Do not infer missing text."
"am","data/bible/am/81-revelation.json","revelation","81","15","1","1:3","5","NUMBERING_GAP","LOW","REVIEW_ONLY","ከዚህም በኋላ አየሁ፤ የምስክርም ድንኳን መቅደስ በሰማይ ተከፈተ፤","","None","LOW","Source JSON and neighboring positions only","Previous label 2; current label 5. Do not infer missing text."
"am","data/bible/am/81-revelation.json","revelation","81","18","1","1:5","9","NUMBERING_GAP","LOW","REVIEW_ONLY","ከእርስዋም ጋር የሴሰኑና የተቀማጠሉ የምድር ነገሥታት የመቃጠልዋን ጢስ ሲያዩ ስለ እርስዋ እየጮሁ እያሉ ያለቅሳሉ፤","","None","LOW","Source JSON and neighboring positions only","Previous label 4; current label 9. Do not infer missing text."
"am","data/bible/am/81-revelation.json","revelation","81","18","1","1:13","18","NUMBERING_GAP","LOW","REVIEW_ONLY","የመቃጠልዋንም ጢስ ባዩ ጊዜ “ታላቂቱን ከተማ የምትመስላት ምን ከተማ ነበረች?” እያሉ ጮኹ።","","None","LOW","Source JSON and neighboring positions only","Previous label 16; current label 18. Do not infer missing text."
"am","data/bible/am/81-revelation.json","revelation","81","19","2","2:1","5","NUMBERING_GAP","LOW","REVIEW_ONLY","ድምፅም","","None","LOW","Source JSON and neighboring positions only","Previous label 1; current label 5. Do not infer missing text."
"am","data/bible/am/81-revelation.json","revelation","81","19","2","2:2","9","NUMBERING_GAP","LOW","REVIEW_ONLY","መልአኩም “ወደ በጉ ሰርግ እራት የተጠሩ ብፁዓን ናቸው፤” ብለህ ጻፍ፤ አለኝ። ደግሞም “ይህ የእግዚአብሔር እውነተኛ ቃል ነው፤” አለኝ።","","None","LOW","Source JSON and neighboring positions only","Previous label 5; current label 9. Do not infer missing text."
"am","data/bible/am/81-revelation.json","revelation","81","19","3","3:8","19","NUMBERING_GAP","LOW","REVIEW_ONLY","በፈረሱም የተቀመጠውን ጭፍራዎቹንም ይወጉ ዘንድ አውሬውና የምድር ነገሥታት ጭፍራዎቻቸውም ተከማችተው አየሁ።","","None","LOW","Source JSON and neighboring positions only","Previous label 17; current label 19. Do not infer missing text."
"am","data/bible/am/81-revelation.json","revelation","81","21","2","2:3","12","NUMBERING_GAP","LOW","REVIEW_ONLY","ታላቅና ረጅም ቅጥር ነበራት፤ ዐሥራ ሁለትም ደጆች ነበሩአት፤ በደጆቹም ዐሥራ ሁለት መላእክት ቆሙ የዐሥራ ሁለቱም የእስራኤል ልጆች ነገዶች ስሞች ተጽፈውባቸው ነበር።","","None","LOW","Source JSON and neighboring positions only","Previous label 10; current label 12. Do not infer missing text."
"am","data/bible/am/82-1_celement.json","clement","82","4","1","1:32","32","LATIN_IN_AMHARIC","MEDIUM","REVIEW_ONLY","ከአሥር ዓመት በኋላ የኖኀ አራተኛ ትውልድ የሆነው በኒጦር ናምሩድን ሸኘo ድጋሚም ወደሱ እንዳይመለስ ነገረው ናምሩድ ባለበት ከወደ ምሥራቅ ተጉዞ ከቦኒጦር የተማረውን ሁሉ በመጻሕፍት አፃፈው፡።","","None","LOW","Source JSON and neighboring positions only","Latin letter appears in Amharic verse; inspect for OCR or transcription corruption."
"am","data/bible/am/82-1_celement.json","clement","82","6","1","1:83","83","EXTREME_SHORT","LOW","REVIEW_ONLY","ፃ","","None","LOW","Source JSON and neighboring positions only","Verse has 1 visible characters; may be a legitimate fragment."
"am","data/bible/am/82-1_celement.json","clement","82","6","1","1:84","84","MIXED_PUNCTUATION_CLUSTER","MEDIUM","REVIEW_ONLY","በፈጠርኩት ጊ ።;።። መንሰርና አስቀD።።።; አደረግሁት በሚዶላሪ / አስቀመየኩት እናም ያ ሚካኤልንም ። መላእክት ሰሀት ና ኡራኤል እነሱ። የነ ን","","None","LOW","Source JSON and neighboring positions only","Three or more adjacent punctuation marks; inspect original source for OCR corruption."
"am","data/bible/am/82-1_celement.json","clement","82","6","1","1:84","84","LATIN_IN_AMHARIC","MEDIUM","REVIEW_ONLY","በፈጠርኩት ጊ ።;።። መንሰርና አስቀD።።።; አደረግሁት በሚዶላሪ / አስቀመየኩት እናም ያ ሚካኤልንም ። መላእክት ሰሀት ና ኡራኤል እነሱ። የነ ን","","None","LOW","Source JSON and neighboring positions only","Latin letter appears in Amharic verse; inspect for OCR or transcription corruption."
"am","data/bible/am/82-1_celement.json","clement","82","6","1","1:86","86","BLANK_TEXT","HIGH","REVIEW_ONLY","","","None","LOW","Source JSON and neighboring positions only","Text is empty or whitespace-only; do not fill without same-edition evidence."
"am","data/bible/am/82-1_celement.json","clement","82","9","1","1:18","18","BLANK_TEXT","HIGH","REVIEW_ONLY","","","None","LOW","Source JSON and neighboring positions only","Text is empty or whitespace-only; do not fill without same-edition evidence."
"am","data/bible/am/82-1_celement.json","clement","82","9","1","1:19","19","BLANK_TEXT","HIGH","REVIEW_ONLY","","","None","LOW","Source JSON and neighboring positions only","Text is empty or whitespace-only; do not fill without same-edition evidence."
"am","data/bible/am/82-1_celement.json","clement","82","9","1","1:20","20","BLANK_TEXT","HIGH","REVIEW_ONLY","","","None","LOW","Source JSON and neighboring positions only","Text is empty or whitespace-only; do not fill without same-edition evidence."
"am","data/bible/am/83-didascalia.json","didascalia","83","1","1","1:7","7","EXTREME_LENGTH","MEDIUM","REVIEW_ONLY","ነገር ፡ ግን ፡ ሐዋርያትና ፡ ቀሳውስት ፡ በጌታችን ፡ በኢየሱስ ፡ ክርስቶስ ፡ ስም ፡ ያመኑ ፡ አሕዛብም ፡ ሁሉ ፡ ጽድቅንና ፡ ሰላምን ፡ ያደረጉም ፡ ሁሉን ፡ በያዘ ፡ በእግዚአብሔር ፡ አብና ፡ በልጁ ፡ በኢየሱስ ፡ ክርስቶስ ፡ ዘንድ ፡ ይቅርታንና ፡ ቸርነትን ፡ ያገኛሉ ። በቅድስት ፡ የእግዚአብሔር ፡ ቤተ ፡ ክርስቲያንም ፡ እርሱን ፡ ወደ ፡ ማወቅ ፡ ይደርሳሉ ፣ ፡ ለእርሱ ፡ ያገለገሉም ፡ ንጹሕና ፡ የተመረጠ ፡ የወይን ፡ ቦታ ፡ ይሆናሉ ። በዚችም ፡ እምነት ፡ የዘለዓለምን ፡ ሕይወት ፡ ያገኛሉ ። በመንፈስ ፡ ቅዱስም ፡ ድል ፡ መንሳትን ፡ ያገኛሉ ። በኢየሱስ ፡ ክርስቶስም ፡ ኃይል ፡ ይጸናሉ ። በቅዱስና ፡ ክቡር ፡ ደሙ ፡ ፈሳሽነት ፡ የዋጃቸው ፡ እርሱን ፡ በማመንም ፡ ይጸናሉ ። አባታቸውና ፡ አምላካቸው ፡ ወዳጃቸውና ፡ ርስታቸው ፡ ይሆናቸው ፡ ዘንድ ፡ የቅዱስ ፡ ልጁም ፡ ተባባሪዎች ፡ ያደርጋቸው ፡ ዘንድ ፡ ሁሉን ፡ የያዘውን ፡ እንዲጠሩ ፡ ክብር ፡ ሰጣቸው ።","","None","LOW","Source JSON and neighboring positions only","Verse has 572 characters; inspect for merged verses."
"am","data/bible/am/83-didascalia.json","didascalia","83","2","1","1:4","4","EXTREME_LENGTH","MEDIUM","REVIEW_ONLY","እንግዲህ ፡ በሕግ ፡ ከሌሉ ፡ ከክፉ ፡ ሥራ ፡ ከሰይጣን ፡ ትምህርትና ፡ ከከንቱ ፡ ነገር ፡ ራቅ ፣ ፡ ነገር ፡ ግን ፡ ከብዙ ፡ የሰይጣን ፡ ወጥመድ ፡ ያዳነህን ፡ የእግዚአብሔርን ፡ ጌትነት ፡ ታስተውልና ፡ ትረዳ ፡ ዘንድ ፡ ዳግም ፡ ሕግን ፡ አንብብ ። ኦሪትን ፡ ነቢያትን ፡ ያሳልፋቸው ፡ ዘንድ ፡ አልመጣምና ፡ በዳግም ፡ ሕግ ፡ የነበረውን ፡ እስራት ፡ ይፈታ ፡ ዘንድ ፡ ወደ ፡ መንፈሳዊ ፡ ትምህርት ፡ ወደ ፡ ወንጌልም ፡ ይመልሳቸውና ፡ ይፈጽማቸው ፡ ዘንድ ፡ ነው ፡ እንጂ ። ስለዚህም ፡ እናንት ፡ ደካሞች ፡ ሸክማችሁ ፡ የከበደ ፡ ሁላችሁ ፡ ወደኔ ፡ ኑ ። እኔም ፡ አሳርፋችኋለሁ ፡ እያለ ፡ ይጠራናልና ። አንተስ ፡ ኦሪትን ፣ ፡ ነቢያትን ። ነገሥትን ፡ ወንጌልንም ፡ የተመለከትህ ፡ እንደሆነ ፡ በሕይወተ ፡ ሥጋቸው ፡ ነግሠው ፡ እግዚአብሔርን ፡ ደስ ፡ ያሰኙት ፡ ጻድቃን ፡ ሰዎች ፡ ምን ፡ ያህል ፡ እንደሆኑ ፡ ታውቃለህ ። ስለዚህም ፡ የዘለዓለም ፡ ሕይወትን ፡ አገኙ ፣ ፡ ዳግመኛም ፡ ባለ ፡ ማወቃቸው ፡ የካዱ ፡ ርኩሳን ፡ ነገሥታት ፡ ስንት ፡ እንደ ፡ ሆኑ ፡ ታውቃለህ ። እነርሱም ፡ በቍጣው ፡ መቅሠፍት ፡ ፍርድ ፡ ፈጽመው ፡ ጠፉ ፣ ፡ የዘለዓለም ፡ ሕይወትንም ፡ አጡ ። ይህንንም ፡ ብትረዳ ፡ በቀናች ፡ ሃይማኖት ፡ ትጸናለህ ። ከጌታችን ፡ ከኢየሱስ ፡ ክርስቶስ ፡ ዘንድም ፡ ባለሟልነትን ፡ ታገኛለህ ። ለእርሱ ፡ አካል ፡ ሁነሃልና ።","","None","LOW","Source JSON and neighboring positions only","Verse has 819 characters; inspect for merged verses."
"am","data/bible/am/83-didascalia.json","didascalia","83","6","1","1:13","13","EXTREME_LENGTH","MEDIUM","REVIEW_ONLY","ሌሎቹ ፡ ይህን ፡ ክፉ ፡ ሥራ ፡ አይተው ፡ እንዳይሰነካከሉ ፡ እንደዚህ ፡ ያለ ፡ ሥራ ፡ በእነርሱ ፡ ላይ ፡ እንዳይገኝ ፡ ኤጲስ ፡ ቆጶሳትና ፡ ካህናት ፡ ይጠንቀቁ ። ክፉዎች ፡ ሌሎችን ፡ ያጠፉ ፡ ዘንድ ፣ ፡ የእግዚአብሔር ፡ በጎችንም ፡ ይበትኑ ፡ ዘንድ ፡ ምክንያትን ፡ ይሻሉና ፡ ጥቂት ፡ እርሾ ፡ ብዙውን ፡ ዱቄት ፡ ኮምጣጣ ፡ ያደርጋልና ። እንደዚህም ፡ ሁሉ ፡ ኀጢአት ፡ እንዲህ ፡ ለሚሠሯት ፡ ትከተላቸዋለች ። ብዙ ፡ ሰዎችንም ፡ ፈጽማ ፡ ትጉዳቸዋለች ። ሌባ ፡ የሰውን ፡ ገንዘብ ፡ ሰርቆ ፡ በተገኘ ፡ ጊዜ ፡ በሥራው ፡ ክፋት ፡ በዘመዶቹ ፡ ላይ ፡ ክፉ ፡ ስምን ፡ እንደሚያወጣ ፡ የሚሽት ፡ የበክት ፡ ሥጋም ፡ በቅባት ፡ ውስጥ ፡ በተጨመረ ፡ ጊዜ ፡ የጣዕሙ ፡ ሽታ ፡ እንደሚጠፋ ፣ ፡ ፍርድ ፡ እንደሌለው ፡ እንደ ፡ ዐመፀኛና ፡ ክፉ ፡ ንጉሥም ፡ እናንተ ፡ መምህራንም ፡ እንዲሁ ፡ ናችሁ ። የታመመ ፡ በግ ፡ በበጎች ፡ መካከል ፡ በተሰማራ ፡ ጊዜ ፡ ከእነርሱ ፡ ካልተለየ ፡ ሁሉም ፡ ሕመምተኞች ፡ እንደሚሆኑ ፣ ፡ ያገኘውን ፡ ሁሉ ፡ የሚነክስ ፡ ዕብድ ፡ ውሻ ፡ ካልገደሉት ፡ የሕሳቸው ፡ ሁሉ ፡ በአንድነት ፡ ከእርሱ ፡ ጋራ ፡ እንደሚአብዱ ፡ እንዲሁ ፡ የሚዘብት ፣ ፡ የሚያስት ፣ ፡ ክርክርንም ፡ የሚያመጣ ፣ ፡ በሕግ ፡ ያለውንም ፡ ትእዛዝ ፡ የሚአፈርስ ፡ ሰው ፡ ቢኖር ፡ የእግዚአብሔርን ፡ ቤት ፡ እንዳያጠፋ ፣ ፡ የቀማኛ ፡ ዋሻም ፡ እንዳያደርግ ፡ ከቤተ ፡ ክርስቲያን ፡ ወደ ፡ ውጭ ፡ ያውጡት ።","","None","LOW","Source JSON and neighboring positions only","Verse has 861 characters; inspect for merged verses."
"am","data/bible/am/83-didascalia.json","didascalia","83","6","1","1:40","40","EXTREME_LENGTH","MEDIUM","REVIEW_ONLY","ኤጲስ ፡ ቆጶስ ፡ ሆይ ፡ ይህን ፡ ስማ ። ከቀናች ፡ መንገድ ፡ የተሳሳቱትን ፡ ምራቸው ። የተበተኑትንም ፡ ሰብስባቸው ። የጠፉትንም ፡ ፈልጋቸው ። መመለስ ፡ ታስርና ፡ ትፈታ ፡ ዘንድ ፡ ሥልጣን ፡ አለህና ፣ ፡ መድኃኒታችን ፡ መፃጉዕን ፡ «ኀጢአትህን ፡ ይቅር ፡ ብየሃለሁ ፣ ፡ ሃይማኖት ፡ አዳነችህ ፣ ፡ በሰላም ፡ ሂድ» ፡ ብሎታልና ። የተቀበልናት ፡ ሰላምም ፡ ንስሐ ፡ ገብተው ፡ ከኀጢአታቸው ፡ የነጹትን ፣ ፡ ጽድቅንና ፡ በጎ ፡ ሥራን ፡ የሠሩትን ፣ ፡ የሕይወት ፡ ተስፋንም ፡ ያገኙትን ፡ ወደ ፡ እርስዋ ፡ የምታስገባ ፡ የክርስቶስ ፡ ቤተ ፡ ክርስቲያን ፡ ናት ። ለኤጲስ ፡ ቆጶስ ፡ ኀጢአት ፡ በመሥራት ፡ የታመሙ ፡ ድውያንን ፡ ያድን ፡ ዘንድ ፣ ይጉበኛቸውና ፡ ያጽናናቸው ፣ ፡ ቍስላቸውንም ፡ ያድናቸው ፡ ዘንድ ፡ ይገባዋል ። ባለ ፡ መድኀኒትን ፡ የሚሹት ፡ ሕመምተኞች ፡ ናቸው ፡ እንጂ ፡ ጤነኞች ፡ አይደሉምና ፣ ፡ የሰው ፡ ልጅ ፡ የጠፋውን ፡ ሊፈልግና ፡ የተጐዳውን ፡ ሊረዳ ፡ መጥቶአልና ፣ ፡ አንተም ፡ በእግዚአብሔር ፡ ቤተክርስቲያን ፡ ውስጥ ፡ ባለመድኀኒት ፡ ስለሆን ፡ ለእያንዳንዱ ፡ እንደሚገባ ፡ ፈውስን ፡ ስጣቸው ። በቅድስት ፡ ቤተ ፡ ክርስቲያንም ፡ ይጸኑ ፡ ዘንድ ፡ መንፈሳዊ ፡ ምግብን ፡ ስጣቸው ።","","None","LOW","Source JSON and neighboring positions only","Verse has 735 characters; inspect for merged verses."
"am","data/bible/am/83-didascalia.json","didascalia","83","8","1","1:17","17","EXTREME_LENGTH","MEDIUM","REVIEW_ONLY","ዳግመኛም ፡ ምእመናን ፡ እንደ ፡ እግዚአብሔር ፡ ትእዛዝ ፡ ችግረኞች ፡ ወደምሳ ፡ ይጠሩ ፡ ዘንድ ፡ ቢወዱ ፡ ዲያቆናት ፡ ያገለግሉ ፡ ዘንድ ፡ ይገባል ። እነሱን ፡ ግን ፡ ኑሮአቸውን ፡ ተረድተዉ ፡ ይጥሯቸው ፣ ፡ እንደሚገባም ፡ እያዳንዱን ፡ በመቀመጫው ፡ ያስቀምጡ ። ለኤጲስቆጶሱም ፡ ለካህናት ፡ ከተሰጠው ፡ ስለ ፡ ጌታችን ፡ ክብር ፡ ከእርሱ ፡ ይስጡ ፣ ፡ ለመበለታት ፡ ከተሰጠወ ፡ ይልቅ ፡ ዲያቆናት ፡ ሁለት ፡ እጅ ፡ ይዛ ፡ ሰሉ ፣ ፡ ተግተው ፡ የምክር ፡ ቃልን ፡ የማያስተምሩ ፡ ቀሳውስትም ፡ እንደዚህ ፡ እጥፍ ፡ ይቀበሉ ። እነርሱ ፡ የጌታ ፡ ሐዋርያት ፡ ናቸውና ፡ የኤጲስ ፡ ቆጶሱም ፡ አማካሪዎች ፡ ናቸውና ፣ ፡ በውስጣቸው ፡ በቅን ፡ በሚፈርዱ ፡ ለቤተ ፡ ክርስቲያ ፡ ዘውዶች ፡ ናቸውና ። አናጒንስጢስ ፡ አንድ ፡ ክፍል ፡ ይቀበል ፣ ፡ እንደዚሁ ፡ መዘምራንና ፡ በር ፡ ጠባቆች ፡ እንደ ፡ ቤተ ፡ ክርስቲያን ፡ ሥርዐት ፡ አንድ ፡ አንድ ፡ ክፍል ፡ ይቀበሉ ። ለሕዝቡ ፡ እንደሚገባቸው ፡ መጠን ፡ ከፍለው ፡ ይስጧቸው ።","","None","LOW","Source JSON and neighboring positions only","Verse has 611 characters; inspect for merged verses."
"am","data/bible/am/83-didascalia.json","didascalia","83","8","1","1:22","22","EXTREME_LENGTH","MEDIUM","REVIEW_ONLY","ስለ ፡ ኤጲስ ፡ ቆጶሳቱም ፡ የእግዚ ፡ አብሔር ፡ አፍ ፡ እንደሆነ ፡ እናስብ ፣ ፡ የሙሴ ፡ ወንድም ፡ አሮንም ፡ ሙሴን ፡ በነገር ፡ ሰረዳው ፡ ጊዜ ፡ ነቢይ ፡ ከተባለ ፡ ሙሴንም ፡ እግዚአብሔር ፡ እነሆ ፡ የፈ ፡ ርዖን ፡ አምላክ ፡ አደረግሁህ ፣ ፡ አሮንም ፡ ነቢይ ፡ ይሁንህ ፡ እንዳለው ፡ እንደ ፡ ንጉ ፡ ሥና ፡ ሊቀ ፡ ካህናት ፡ የፈርዖን ፡ አምላክ ፡ ከተባለ ፡ እናንተስ ፡ ስለ ፡ ኤጲስ ፡ ቆጶሳቱ ፡ እነርሱ ፡ ስለ ፡ እናንተ ፡ እንደ ፡ ሚያማልዱና ፡ ቃልን ፡ እንደሚመልሱ ፡ እንዴት ፡ አታስቡም? ፡ እነርሱ ፡ የእግዚ ፡ አብሔር ፡ አገልጋዮች ፡ መምህራን ፡ እን ፡ ደሆኑ ፡ አድርጋችሁስ ፡ እንዴት ፡ አታገ ፡ ላግሉአቸውም? ፡ ዛሬ ፡ ዲያቆኑ ፡ በአ ፡ ሮን ፡ አምሳል ፡ ነው ። ኤጲስ ፡ ቆጶሱም ፡ በሙሴ ፡ አምሳል ፡ ነው ፣ ፡ ሙሴም ፡ በእ ፡ ግዚአብሔር ፡ ዘንድ ፡ እምላክ ፡ ከተባለ ፡ እናንተም ፡ ኤጲስ ፡ ቆጶሱን ፡ እንደ ፡ እግዚአብሔር ፣ ፡ ዲያቆኑንም ፡ እንደ ፡ ነቢይ ፡ ታከብሩት ፡ ዘንድ ፡ ይገባል ።","","None","LOW","Source JSON and neighboring positions only","Verse has 605 characters; inspect for merged verses."
"am","data/bible/am/83-didascalia.json","didascalia","83","10","1","1:56","56","EXTREME_LENGTH","MEDIUM","REVIEW_ONLY","እግዚአብሔር ፡ በሚፈርድበት ፡ ቦታ ፡ ስለ ፡ እርሱ ፡ ብድራታችሁን ፡ ትከፍሉ ፡ ዘንድ ፡ እንዳላችሁ ፡ ዕወቁ ። እንዲህ ፡ የሚል ፡ ጽሑፍ ፡ አለና ። ጻድቁን ፡ ከኃጥኡ ፡ ጋራ ፡ አትግደል ፣ ፡ ነፍስ ፡ ለመግደልም ፡ መማለጃ ፡ አትቀበል ። መማለጃ ፡ የጠቢባንን ፡ ዓይን ፡ ያሳውራልና ። የዕውነትንም ፡ ቃል ፡ ያጠፋልና ፣ ፡ ስለመማለጃም ፡ ወንጀለኛውን ፡ አታክብር ። እውነትንም ፡ በሐሰት ፡ አትለውጥ ፣ ፡ ተጠበቁ ፡ እንጂ ፣ ፡ ምንም ፡ ምን ፡ ክፉ ፡ ሥራን ፡ አትሥሩ ፣ ፡ ያለ ፡ አግባብም ፡ አትፍረዱ ። ዐመፅን ፡ ከሚሠሩ ፡ ሰዎች ፡ ጋራም ፡ አንድ ፡ አትሁት ፣ ፡ በነቢዩ ፡ በኢሳይያስ ፡ እንዲህ ፡ ተብሏልና ፣ ፡ ክፉውን ፡ በጎ ፡ በጎውን ፡ ክፉ ፣ ፡ ለሚሉት ፡ ወዮላቸው ። ብርሃኑን ፡ ጨለማ ፣ ፡ ጨለማውን ፡ ብርሃን ፡ ለሚሉት ፣ ፡ ጣፋጩን ፡ መራራ ፣ ፡ መራራውንም ፡ ጣፋጭ ፡ ለሚሉት ፡ ወዮላቸው ፣ ፡ ለክፋት ፡ ለሚጠበቡና ፡ እኛ ፡ ዐዋቆች ፡ ነን ፡ ለሚሉም ፡ ወዮላቸው ።","","None","LOW","Source JSON and neighboring positions only","Verse has 584 characters; inspect for merged verses."
"am","data/bible/am/83-didascalia.json","didascalia","83","33","1","1:152","152","BLANK_TEXT","HIGH","REVIEW_ONLY","","","None","LOW","Source JSON and neighboring positions only","Text is empty or whitespace-only; do not fill without same-edition evidence."
"am","data/bible/am/83-didascalia.json","didascalia","83","33","1","1:153","153","BLANK_TEXT","HIGH","REVIEW_ONLY","","","None","LOW","Source JSON and neighboring positions only","Text is empty or whitespace-only; do not fill without same-edition evidence."
"am","data/bible/am/83-didascalia.json","didascalia","83","33","1","1:154","154","BLANK_TEXT","HIGH","REVIEW_ONLY","","","None","LOW","Source JSON and neighboring positions only","Text is empty or whitespace-only; do not fill without same-edition evidence."
"am","data/bible/am/83-didascalia.json","didascalia","83","33","1","1:155","155","BLANK_TEXT","HIGH","REVIEW_ONLY","","","None","LOW","Source JSON and neighboring positions only","Text is empty or whitespace-only; do not fill without same-edition evidence."
"am","data/bible/am/83-didascalia.json","didascalia","83","33","1","1:156","156","BLANK_TEXT","HIGH","REVIEW_ONLY","","","None","LOW","Source JSON and neighboring positions only","Text is empty or whitespace-only; do not fill without same-edition evidence."
"am","data/bible/am/83-didascalia.json","didascalia","83","33","1","1:157","157","BLANK_TEXT","HIGH","REVIEW_ONLY","","","None","LOW","Source JSON and neighboring positions only","Text is empty or whitespace-only; do not fill without same-edition evidence."
"am","data/bible/am/83-didascalia.json","didascalia","83","33","1","1:226","226","BLANK_TEXT","HIGH","REVIEW_ONLY","","","None","LOW","Source JSON and neighboring positions only","Text is empty or whitespace-only; do not fill without same-edition evidence."
"am","data/bible/am/83-didascalia.json","didascalia","83","33","1","1:227","227","BLANK_TEXT","HIGH","REVIEW_ONLY","","","None","LOW","Source JSON and neighboring positions only","Text is empty or whitespace-only; do not fill without same-edition evidence."
"am","data/bible/am/83-didascalia.json","didascalia","83","33","1","1:228","228","BLANK_TEXT","HIGH","REVIEW_ONLY","","","None","LOW","Source JSON and neighboring positions only","Text is empty or whitespace-only; do not fill without same-edition evidence."
"am","data/bible/am/83-didascalia.json","didascalia","83","33","1","1:229","229","BLANK_TEXT","HIGH","REVIEW_ONLY","","","None","LOW","Source JSON and neighboring positions only","Text is empty or whitespace-only; do not fill without same-edition evidence."
"am","data/bible/am/83-didascalia.json","didascalia","83","33","1","1:230","230","BLANK_TEXT","HIGH","REVIEW_ONLY","","","None","LOW","Source JSON and neighboring positions only","Text is empty or whitespace-only; do not fill without same-edition evidence."
"am","data/bible/am/83-didascalia.json","didascalia","83","33","1","1:231","231","BLANK_TEXT","HIGH","REVIEW_ONLY","","","None","LOW","Source JSON and neighboring positions only","Text is empty or whitespace-only; do not fill without same-edition evidence."
"am","data/bible/am/83-didascalia.json","didascalia","83","33","1","1:232","232","BLANK_TEXT","HIGH","REVIEW_ONLY","","","None","LOW","Source JSON and neighboring positions only","Text is empty or whitespace-only; do not fill without same-edition evidence."
"web","data/bible/EN/web.json","genesis","1","3","","22","22","MIXED_PUNCTUATION_CLUSTER","INFO","NO_ISSUE","Yahweh God said, ""Behold, the man has become like one of us, knowing good and evil. Now, lest he put forth his hand, and also take of the tree of life, and eat, and live forever...""","","None","HIGH","WEB source JSON contains an ordinary prose ellipsis; surrounding sentence remains intact.","Intentional three-dot ellipsis, not malformed punctuation."
"web","data/bible/EN/web.json","joshua","6","8","","33","33","EXTREME_LENGTH","MEDIUM","REVIEW_ONLY","All Israel, and their elders and officers, and their judges, stood on this side of the ark and on that side before the priests the Levites, who carried the ark of Yahweh's covenant, the foreigner as well as the native; half of them in front of Mount Gerizim, and half of them in front of Mount Ebal, as Moses the servant of Yahweh had commanded at the first, that they should bless the people of Israel.","","None","LOW","Source JSON and neighboring positions only","Verse has 403 characters; inspect for merged verses."
"web","data/bible/EN/web.json","kings","12","16","","15","15","EXTREME_LENGTH","MEDIUM","REVIEW_ONLY","King Ahaz commanded Urijah the priest, saying, ""On the great altar burn the morning burnt offering, and the evening meal offering, and the king's burnt offering, and his meal offering, with the burnt offering of all the people of the land, and their meal offering, and their drink offerings; and sprinkle on it all the blood of the burnt offering, and all the blood of the sacrifice; but the bronze altar shall be for me to inquire by.""","","None","LOW","Source JSON and neighboring positions only","Verse has 436 characters; inspect for merged verses."
"web","data/bible/EN/web.json","second-chronicles","14","2","","14","14","EXTREME_LENGTH","MEDIUM","REVIEW_ONLY","the son of a woman of the daughters of Dan; and his father was a man of Tyre, skillful to work in gold, and in silver, in brass, in iron, in stone, and in timber, in purple, in blue, and in fine linen, and in crimson, also to engrave any kind of engraving, and to devise any device; that there may be a place appointed to him with your skillful men, and with the skillful men of my lord David your father.","","None","LOW","Source JSON and neighboring positions only","Verse has 405 characters; inspect for merged verses."
"web","data/bible/EN/web.json","ezra-nehemiah","15","3","","8","8","EXTREME_LENGTH","MEDIUM","REVIEW_ONLY","Now in the second year of their coming to the house of God at Jerusalem, in the second month, began Zerubbabel the son of Shealtiel, and Jeshua the son of Jozadak, and the rest of their brothers the priests and the Levites, and all those who were come out of the captivity to Jerusalem, and appointed the Levites, from twenty years old and upward, to have the oversight of the work of the house of Yahweh.","","None","LOW","Source JSON and neighboring positions only","Verse has 405 characters; inspect for merged verses."
"web","data/bible/EN/web.json","esther","17","3","","12","12","EXTREME_LENGTH","MEDIUM","REVIEW_ONLY","Then the king's scribes were called in on the first month, on the thirteenth day of the month; and all that Haman commanded was written to the king's satraps, and to the governors who were over every province, and to the princes of every people, to every province according its writing, and to every people in their language. It was written in the name of King Ahasuerus, and it was sealed with the king's ring.","","None","LOW","Source JSON and neighboring positions only","Verse has 411 characters; inspect for merged verses."
"web","data/bible/EN/web.json","esther","17","8","","9","9","EXTREME_LENGTH","MEDIUM","REVIEW_ONLY","Then the king's scribes were called at that time, in the third month Sivan, on the twenty-third day of the month; and it was written according to all that Mordecai commanded to the Jews, and to the satraps, and the governors and princes of the provinces which are from India to Ethiopia, one hundred twenty-seven provinces, to every province according to its writing, and to every people in their language, and to the Jews in their writing, and in their language.","","None","LOW","Source JSON and neighboring positions only","Verse has 463 characters; inspect for merged verses."
"web","data/bible/EN/web.json","psalms","19","68","","7","7","MIXED_PUNCTUATION_CLUSTER","INFO","NO_ISSUE","God, when you went forth before your people, when you marched through the wilderness... Selah.","","None","HIGH","WEB source JSON contains an ordinary prose ellipsis; surrounding sentence remains intact.","Intentional three-dot ellipsis, not malformed punctuation."
"web","data/bible/EN/web.json","jeremiah-collection","24","21","","7","7","EXTREME_LENGTH","MEDIUM","REVIEW_ONLY","Afterward, says Yahweh, I will deliver Zedekiah king of Judah, and his servants, and the people, even such as are left in this city from the pestilence, from the sword, and from the famine, into the hand of Nebuchadnezzar king of Babylon, and into the hand of their enemies, and into the hand of those who seek their life: and he shall strike them with the edge of the sword; he shall not spare them, neither have pity, nor have mercy.","","None","LOW","Source JSON and neighboring positions only","Verse has 435 characters; inspect for merged verses."
"web","data/bible/EN/web.json","jeremiah-collection","24","44","","12","12","EXTREME_LENGTH","MEDIUM","REVIEW_ONLY","I will take the remnant of Judah, that have set their faces to go into the land of Egypt to live there, and they shall all be consumed; in the land of Egypt shall they fall; they shall be consumed by the sword and by the famine; they shall die, from the least even to the greatest, by the sword and by the famine; and they shall be an object of horror, [and] an astonishment, and a curse, and a reproach.","","None","LOW","Source JSON and neighboring positions only","Verse has 404 characters; inspect for merged verses."
"web","data/bible/EN/web.json","ezekiel","26","48","","21","21","EXTREME_LENGTH","MEDIUM","REVIEW_ONLY","The residue shall be for the prince, on the one side and on the other of the holy offering and of the possession of the city; in front of the twenty-five thousand of the offering toward the east border, and westward in front of the twenty-five thousand toward the west border, answerable to the portions, it shall be for the prince: and the holy offering and the sanctuary of the house shall be in its midst.","","None","LOW","Source JSON and neighboring positions only","Verse has 408 characters; inspect for merged verses."
"web","data/bible/EN/web.json","daniel","27","5","","23","23","EXTREME_LENGTH","MEDIUM","REVIEW_ONLY","but have lifted up yourself against the Lord of heaven; and they have brought the vessels of his house before you, and you and your lords, your wives and your concubines, have drunk wine from them; and you have praised the gods of silver and gold, of brass, iron, wood, and stone, which don't see, nor hear, nor know; and the God in whose hand your breath is, and whose are all your ways, you have not glorified.","","None","LOW","Source JSON and neighboring positions only","Verse has 412 characters; inspect for merged verses."
"web","data/bible/EN/web.json","matthew","40","9","","6","6","MIXED_PUNCTUATION_CLUSTER","INFO","NO_ISSUE","But that you may know that the Son of Man has authority on earth to forgive sins..."" (then he said to the paralytic), ""Get up, and take up your mat, and go up to your house.""","","None","HIGH","WEB source JSON contains an ordinary prose ellipsis; surrounding sentence remains intact.","Intentional three-dot ellipsis, not malformed punctuation."
"web","data/bible/EN/web.json","luke","42","17","","36","36","BLANK_TEXT","INFO","NO_ISSUE","","","None","HIGH","Official WEB chapter page: https://ebible.org/eng-web/LUK17.htm","WEB prints this verse location as a textual-variant marker without main-text verse wording; retain the empty source slot."
"web","data/bible/EN/web.json","acts","44","8","","37","37","BLANK_TEXT","INFO","NO_ISSUE","","","None","HIGH","Official WEB chapter page: https://ebible.org/eng-web/ACT08.htm","WEB prints this verse location as a textual-variant marker without main-text verse wording; retain the empty source slot."
"web","data/bible/EN/web.json","acts","44","15","","34","34","BLANK_TEXT","INFO","NO_ISSUE","","","None","HIGH","Official WEB chapter page: https://ebible.org/eng-web/ACT15.htm","WEB prints this verse location as a textual-variant marker without main-text verse wording; retain the empty source slot."
"web","data/bible/EN/web.json","acts","44","24","","7","7","BLANK_TEXT","INFO","NO_ISSUE","","","None","HIGH","Official WEB chapter page: https://ebible.org/eng-web/ACT24.htm","WEB prints this verse location as a textual-variant marker without main-text verse wording; retain the empty source slot."
"web","data/bible/EN/web.json","romans","45","16","","25","25","BLANK_TEXT","INFO","NO_ISSUE","","","None","HIGH","Official WEB chapter page: https://ebible.org/eng-web/ROM16.htm","WEB prints this verse location as a textual-variant marker without main-text verse wording; retain the empty source slot."
"web","data/bible/EN/web.json","exodus","2","30","","17","17","REPEATED_TEXT_IN_CHAPTER","LOW","REVIEW_ONLY","Yahweh spoke to Moses, saying,","","None","LOW","Source JSON and neighboring positions only","Exact text also occurs at chapter position 11; could be a legitimate refrain."
"web","data/bible/EN/web.json","exodus","2","31","","12","12","REPEATED_TEXT_IN_CHAPTER","LOW","REVIEW_ONLY","Yahweh spoke to Moses, saying,","","None","LOW","Source JSON and neighboring positions only","Exact text also occurs at chapter position 1; could be a legitimate refrain."
"web","data/bible/EN/web.json","leviticus","3","3","","10","10","REPEATED_TEXT_IN_CHAPTER","LOW","REVIEW_ONLY","and the two kidneys, and the fat that is on them, which is by the loins, and the cover on the liver, with the kidneys, he shall take away.","","None","LOW","Source JSON and neighboring positions only","Exact text also occurs at chapter position 4; could be a legitimate refrain."
"web","data/bible/EN/web.json","leviticus","3","3","","15","15","REPEATED_TEXT_IN_CHAPTER","LOW","REVIEW_ONLY","and the two kidneys, and the fat that is on them, which is by the loins, and the cover on the liver, with the kidneys, he shall take away.","","None","LOW","Source JSON and neighboring positions only","Exact text also occurs at chapter position 10; could be a legitimate refrain."
"web","data/bible/EN/web.json","leviticus","3","6","","8","8","REPEATED_TEXT_IN_CHAPTER","LOW","REVIEW_ONLY","Yahweh spoke to Moses, saying,","","None","LOW","Source JSON and neighboring positions only","Exact text also occurs at chapter position 1; could be a legitimate refrain."
"web","data/bible/EN/web.json","leviticus","3","6","","19","19","REPEATED_TEXT_IN_CHAPTER","LOW","REVIEW_ONLY","Yahweh spoke to Moses, saying,","","None","LOW","Source JSON and neighboring positions only","Exact text also occurs at chapter position 8; could be a legitimate refrain."
"web","data/bible/EN/web.json","leviticus","3","6","","24","24","REPEATED_TEXT_IN_CHAPTER","LOW","REVIEW_ONLY","Yahweh spoke to Moses, saying,","","None","LOW","Source JSON and neighboring positions only","Exact text also occurs at chapter position 19; could be a legitimate refrain."
"web","data/bible/EN/web.json","leviticus","3","7","","28","28","REPEATED_TEXT_IN_CHAPTER","LOW","REVIEW_ONLY","Yahweh spoke to Moses, saying,","","None","LOW","Source JSON and neighboring positions only","Exact text also occurs at chapter position 22; could be a legitimate refrain."
"web","data/bible/EN/web.json","leviticus","3","22","","17","17","REPEATED_TEXT_IN_CHAPTER","LOW","REVIEW_ONLY","Yahweh spoke to Moses, saying,","","None","LOW","Source JSON and neighboring positions only","Exact text also occurs at chapter position 1; could be a legitimate refrain."
"web","data/bible/EN/web.json","leviticus","3","22","","26","26","REPEATED_TEXT_IN_CHAPTER","LOW","REVIEW_ONLY","Yahweh spoke to Moses, saying,","","None","LOW","Source JSON and neighboring positions only","Exact text also occurs at chapter position 17; could be a legitimate refrain."
"web","data/bible/EN/web.json","leviticus","3","23","","9","9","REPEATED_TEXT_IN_CHAPTER","LOW","REVIEW_ONLY","Yahweh spoke to Moses, saying,","","None","LOW","Source JSON and neighboring positions only","Exact text also occurs at chapter position 1; could be a legitimate refrain."
"web","data/bible/EN/web.json","leviticus","3","23","","23","23","REPEATED_TEXT_IN_CHAPTER","LOW","REVIEW_ONLY","Yahweh spoke to Moses, saying,","","None","LOW","Source JSON and neighboring positions only","Exact text also occurs at chapter position 9; could be a legitimate refrain."
"web","data/bible/EN/web.json","leviticus","3","23","","26","26","REPEATED_TEXT_IN_CHAPTER","LOW","REVIEW_ONLY","Yahweh spoke to Moses, saying,","","None","LOW","Source JSON and neighboring positions only","Exact text also occurs at chapter position 23; could be a legitimate refrain."
"web","data/bible/EN/web.json","leviticus","3","23","","33","33","REPEATED_TEXT_IN_CHAPTER","LOW","REVIEW_ONLY","Yahweh spoke to Moses, saying,","","None","LOW","Source JSON and neighboring positions only","Exact text also occurs at chapter position 26; could be a legitimate refrain."
"web","data/bible/EN/web.json","leviticus","3","24","","13","13","REPEATED_TEXT_IN_CHAPTER","LOW","REVIEW_ONLY","Yahweh spoke to Moses, saying,","","None","LOW","Source JSON and neighboring positions only","Exact text also occurs at chapter position 1; could be a legitimate refrain."
"web","data/bible/EN/web.json","numbers","4","3","","11","11","REPEATED_TEXT_IN_CHAPTER","LOW","REVIEW_ONLY","Yahweh spoke to Moses, saying,","","None","LOW","Source JSON and neighboring positions only","Exact text also occurs at chapter position 5; could be a legitimate refrain."
"web","data/bible/EN/web.json","numbers","4","3","","44","44","REPEATED_TEXT_IN_CHAPTER","LOW","REVIEW_ONLY","Yahweh spoke to Moses, saying,","","None","LOW","Source JSON and neighboring positions only","Exact text also occurs at chapter position 11; could be a legitimate refrain."
"web","data/bible/EN/web.json","numbers","4","4","","17","17","REPEATED_TEXT_IN_CHAPTER","LOW","REVIEW_ONLY","Yahweh spoke to Moses and to Aaron, saying,","","None","LOW","Source JSON and neighboring positions only","Exact text also occurs at chapter position 1; could be a legitimate refrain."
"web","data/bible/EN/web.json","numbers","4","4","","43","43","REPEATED_TEXT_IN_CHAPTER","LOW","REVIEW_ONLY","from thirty years old and upward even to fifty years old, everyone who entered into the service, for work in the Tent of Meeting,","","None","LOW","Source JSON and neighboring positions only","Exact text also occurs at chapter position 39; could be a legitimate refrain."
"web","data/bible/EN/web.json","numbers","4","5","","5","5","REPEATED_TEXT_IN_CHAPTER","LOW","REVIEW_ONLY","Yahweh spoke to Moses, saying,","","None","LOW","Source JSON and neighboring positions only","Exact text also occurs at chapter position 1; could be a legitimate refrain."
"web","data/bible/EN/web.json","numbers","4","5","","11","11","REPEATED_TEXT_IN_CHAPTER","LOW","REVIEW_ONLY","Yahweh spoke to Moses, saying,","","None","LOW","Source JSON and neighboring positions only","Exact text also occurs at chapter position 5; could be a legitimate refrain."
"web","data/bible/EN/web.json","numbers","4","6","","22","22","REPEATED_TEXT_IN_CHAPTER","LOW","REVIEW_ONLY","Yahweh spoke to Moses, saying,","","None","LOW","Source JSON and neighboring positions only","Exact text also occurs at chapter position 1; could be a legitimate refrain."
"web","data/bible/EN/web.json","numbers","4","7","","20","20","REPEATED_TEXT_IN_CHAPTER","LOW","REVIEW_ONLY","one golden ladle of ten shekels, full of incense;","","None","LOW","Source JSON and neighboring positions only","Exact text also occurs at chapter position 14; could be a legitimate refrain."
"web","data/bible/EN/web.json","numbers","4","7","","21","21","REPEATED_TEXT_IN_CHAPTER","LOW","REVIEW_ONLY","one young bull, one ram, one male lamb a year old, for a burnt offering;","","None","LOW","Source JSON and neighboring positions only","Exact text also occurs at chapter position 15; could be a legitimate refrain."
"web","data/bible/EN/web.json","numbers","4","7","","22","22","REPEATED_TEXT_IN_CHAPTER","LOW","REVIEW_ONLY","one male goat for a sin offering;","","None","LOW","Source JSON and neighboring positions only","Exact text also occurs at chapter position 16; could be a legitimate refrain."
"web","data/bible/EN/web.json","numbers","4","7","","26","26","REPEATED_TEXT_IN_CHAPTER","LOW","REVIEW_ONLY","one golden ladle of ten shekels, full of incense;","","None","LOW","Source JSON and neighboring positions only","Exact text also occurs at chapter position 20; could be a legitimate refrain."
"web","data/bible/EN/web.json","numbers","4","7","","27","27","REPEATED_TEXT_IN_CHAPTER","LOW","REVIEW_ONLY","one young bull, one ram, one male lamb a year old, for a burnt offering;","","None","LOW","Source JSON and neighboring positions only","Exact text also occurs at chapter position 21; could be a legitimate refrain."
"web","data/bible/EN/web.json","numbers","4","7","","28","28","REPEATED_TEXT_IN_CHAPTER","LOW","REVIEW_ONLY","one male goat for a sin offering;","","None","LOW","Source JSON and neighboring positions only","Exact text also occurs at chapter position 22; could be a legitimate refrain."
"web","data/bible/EN/web.json","numbers","4","7","","32","32","REPEATED_TEXT_IN_CHAPTER","LOW","REVIEW_ONLY","one golden ladle of ten shekels, full of incense;","","None","LOW","Source JSON and neighboring positions only","Exact text also occurs at chapter position 26; could be a legitimate refrain."
"web","data/bible/EN/web.json","numbers","4","7","","33","33","REPEATED_TEXT_IN_CHAPTER","LOW","REVIEW_ONLY","one young bull, one ram, one male lamb a year old, for a burnt offering;","","None","LOW","Source JSON and neighboring positions only","Exact text also occurs at chapter position 27; could be a legitimate refrain."
"web","data/bible/EN/web.json","numbers","4","7","","34","34","REPEATED_TEXT_IN_CHAPTER","LOW","REVIEW_ONLY","one male goat for a sin offering;","","None","LOW","Source JSON and neighboring positions only","Exact text also occurs at chapter position 28; could be a legitimate refrain."
"web","data/bible/EN/web.json","numbers","4","7","","37","37","REPEATED_TEXT_IN_CHAPTER","LOW","REVIEW_ONLY","gave his offering: one silver platter, the weight of which was one hundred thirty shekels, one silver bowl of seventy shekels, after the shekel of the sanctuary; both of them full of fine flour mixed with oil for a meal offering;","","None","LOW","Source JSON and neighboring positions only","Exact text also occurs at chapter position 31; could be a legitimate refrain."
"web","data/bible/EN/web.json","numbers","4","7","","38","38","REPEATED_TEXT_IN_CHAPTER","LOW","REVIEW_ONLY","one golden ladle of ten shekels, full of incense;","","None","LOW","Source JSON and neighboring positions only","Exact text also occurs at chapter position 32; could be a legitimate refrain."
"web","data/bible/EN/web.json","numbers","4","7","","39","39","REPEATED_TEXT_IN_CHAPTER","LOW","REVIEW_ONLY","one young bull, one ram, one male lamb a year old, for a burnt offering;","","None","LOW","Source JSON and neighboring positions only","Exact text also occurs at chapter position 33; could be a legitimate refrain."
"web","data/bible/EN/web.json","numbers","4","7","","40","40","REPEATED_TEXT_IN_CHAPTER","LOW","REVIEW_ONLY","one male goat for a sin offering;","","None","LOW","Source JSON and neighboring positions only","Exact text also occurs at chapter position 34; could be a legitimate refrain."
"web","data/bible/EN/web.json","numbers","4","7","","43","43","REPEATED_TEXT_IN_CHAPTER","LOW","REVIEW_ONLY","gave his offering: one silver platter, the weight of which was one hundred thirty shekels, one silver bowl of seventy shekels, after the shekel of the sanctuary; both of them full of fine flour mixed with oil for a meal offering;","","None","LOW","Source JSON and neighboring positions only","Exact text also occurs at chapter position 37; could be a legitimate refrain."
"web","data/bible/EN/web.json","numbers","4","7","","44","44","REPEATED_TEXT_IN_CHAPTER","LOW","REVIEW_ONLY","one golden ladle of ten shekels, full of incense;","","None","LOW","Source JSON and neighboring positions only","Exact text also occurs at chapter position 38; could be a legitimate refrain."
"web","data/bible/EN/web.json","numbers","4","7","","45","45","REPEATED_TEXT_IN_CHAPTER","LOW","REVIEW_ONLY","one young bull, one ram, one male lamb a year old, for a burnt offering;","","None","LOW","Source JSON and neighboring positions only","Exact text also occurs at chapter position 39; could be a legitimate refrain."
"web","data/bible/EN/web.json","numbers","4","7","","46","46","REPEATED_TEXT_IN_CHAPTER","LOW","REVIEW_ONLY","one male goat for a sin offering;","","None","LOW","Source JSON and neighboring positions only","Exact text also occurs at chapter position 40; could be a legitimate refrain."
"web","data/bible/EN/web.json","numbers","4","7","","49","49","REPEATED_TEXT_IN_CHAPTER","LOW","REVIEW_ONLY","gave his offering: one silver platter, the weight of which was one hundred thirty shekels, one silver bowl of seventy shekels, after the shekel of the sanctuary; both of them full of fine flour mixed with oil for a meal offering;","","None","LOW","Source JSON and neighboring positions only","Exact text also occurs at chapter position 43; could be a legitimate refrain."
"web","data/bible/EN/web.json","numbers","4","7","","50","50","REPEATED_TEXT_IN_CHAPTER","LOW","REVIEW_ONLY","one golden ladle of ten shekels, full of incense;","","None","LOW","Source JSON and neighboring positions only","Exact text also occurs at chapter position 44; could be a legitimate refrain."
"web","data/bible/EN/web.json","numbers","4","7","","51","51","REPEATED_TEXT_IN_CHAPTER","LOW","REVIEW_ONLY","one young bull, one ram, one male lamb a year old, for a burnt offering;","","None","LOW","Source JSON and neighboring positions only","Exact text also occurs at chapter position 45; could be a legitimate refrain."
"web","data/bible/EN/web.json","numbers","4","7","","52","52","REPEATED_TEXT_IN_CHAPTER","LOW","REVIEW_ONLY","one male goat for a sin offering;","","None","LOW","Source JSON and neighboring positions only","Exact text also occurs at chapter position 46; could be a legitimate refrain."
"web","data/bible/EN/web.json","numbers","4","7","","55","55","REPEATED_TEXT_IN_CHAPTER","LOW","REVIEW_ONLY","gave his offering: one silver platter, the weight of which was one hundred thirty shekels, one silver bowl of seventy shekels, after the shekel of the sanctuary; both of them full of fine flour mixed with oil for a meal offering;","","None","LOW","Source JSON and neighboring positions only","Exact text also occurs at chapter position 49; could be a legitimate refrain."
"web","data/bible/EN/web.json","numbers","4","7","","56","56","REPEATED_TEXT_IN_CHAPTER","LOW","REVIEW_ONLY","one golden ladle of ten shekels, full of incense;","","None","LOW","Source JSON and neighboring positions only","Exact text also occurs at chapter position 50; could be a legitimate refrain."
"web","data/bible/EN/web.json","numbers","4","7","","57","57","REPEATED_TEXT_IN_CHAPTER","LOW","REVIEW_ONLY","one young bull, one ram, one male lamb a year old, for a burnt offering;","","None","LOW","Source JSON and neighboring positions only","Exact text also occurs at chapter position 51; could be a legitimate refrain."
"web","data/bible/EN/web.json","numbers","4","7","","58","58","REPEATED_TEXT_IN_CHAPTER","LOW","REVIEW_ONLY","one male goat for a sin offering;","","None","LOW","Source JSON and neighboring positions only","Exact text also occurs at chapter position 52; could be a legitimate refrain."
"web","data/bible/EN/web.json","numbers","4","7","","61","61","REPEATED_TEXT_IN_CHAPTER","LOW","REVIEW_ONLY","gave his offering: one silver platter, the weight of which was one hundred thirty shekels, one silver bowl of seventy shekels, after the shekel of the sanctuary; both of them full of fine flour mixed with oil for a meal offering;","","None","LOW","Source JSON and neighboring positions only","Exact text also occurs at chapter position 55; could be a legitimate refrain."
"web","data/bible/EN/web.json","numbers","4","7","","62","62","REPEATED_TEXT_IN_CHAPTER","LOW","REVIEW_ONLY","one golden ladle of ten shekels, full of incense;","","None","LOW","Source JSON and neighboring positions only","Exact text also occurs at chapter position 56; could be a legitimate refrain."
"web","data/bible/EN/web.json","numbers","4","7","","63","63","REPEATED_TEXT_IN_CHAPTER","LOW","REVIEW_ONLY","one young bull, one ram, one male lamb a year old, for a burnt offering;","","None","LOW","Source JSON and neighboring positions only","Exact text also occurs at chapter position 57; could be a legitimate refrain."
"web","data/bible/EN/web.json","numbers","4","7","","64","64","REPEATED_TEXT_IN_CHAPTER","LOW","REVIEW_ONLY","one male goat for a sin offering;","","None","LOW","Source JSON and neighboring positions only","Exact text also occurs at chapter position 58; could be a legitimate refrain."
"web","data/bible/EN/web.json","numbers","4","7","","67","67","REPEATED_TEXT_IN_CHAPTER","LOW","REVIEW_ONLY","gave his offering: one silver platter, the weight of which was one hundred thirty shekels, one silver bowl of seventy shekels, after the shekel of the sanctuary; both of them full of fine flour mixed with oil for a meal offering;","","None","LOW","Source JSON and neighboring positions only","Exact text also occurs at chapter position 61; could be a legitimate refrain."
"web","data/bible/EN/web.json","numbers","4","7","","68","68","REPEATED_TEXT_IN_CHAPTER","LOW","REVIEW_ONLY","one golden ladle of ten shekels, full of incense;","","None","LOW","Source JSON and neighboring positions only","Exact text also occurs at chapter position 62; could be a legitimate refrain."
"web","data/bible/EN/web.json","numbers","4","7","","69","69","REPEATED_TEXT_IN_CHAPTER","LOW","REVIEW_ONLY","one young bull, one ram, one male lamb a year old, for a burnt offering;","","None","LOW","Source JSON and neighboring positions only","Exact text also occurs at chapter position 63; could be a legitimate refrain."
"web","data/bible/EN/web.json","numbers","4","7","","70","70","REPEATED_TEXT_IN_CHAPTER","LOW","REVIEW_ONLY","one male goat for a sin offering;","","None","LOW","Source JSON and neighboring positions only","Exact text also occurs at chapter position 64; could be a legitimate refrain."
"web","data/bible/EN/web.json","numbers","4","7","","73","73","REPEATED_TEXT_IN_CHAPTER","LOW","REVIEW_ONLY","gave his offering: one silver platter, the weight of which was one hundred thirty shekels, one silver bowl of seventy shekels, after the shekel of the sanctuary; both of them full of fine flour mixed with oil for a meal offering;","","None","LOW","Source JSON and neighboring positions only","Exact text also occurs at chapter position 67; could be a legitimate refrain."
"web","data/bible/EN/web.json","numbers","4","7","","74","74","REPEATED_TEXT_IN_CHAPTER","LOW","REVIEW_ONLY","one golden ladle of ten shekels, full of incense;","","None","LOW","Source JSON and neighboring positions only","Exact text also occurs at chapter position 68; could be a legitimate refrain."
"web","data/bible/EN/web.json","numbers","4","7","","75","75","REPEATED_TEXT_IN_CHAPTER","LOW","REVIEW_ONLY","one young bull, one ram, one male lamb a year old, for a burnt offering;","","None","LOW","Source JSON and neighboring positions only","Exact text also occurs at chapter position 69; could be a legitimate refrain."
"web","data/bible/EN/web.json","numbers","4","7","","76","76","REPEATED_TEXT_IN_CHAPTER","LOW","REVIEW_ONLY","one male goat for a sin offering;","","None","LOW","Source JSON and neighboring positions only","Exact text also occurs at chapter position 70; could be a legitimate refrain."
"web","data/bible/EN/web.json","numbers","4","7","","79","79","REPEATED_TEXT_IN_CHAPTER","LOW","REVIEW_ONLY","gave his offering: one silver platter, the weight of which was one hundred thirty shekels, one silver bowl of seventy shekels, after the shekel of the sanctuary; both of them full of fine flour mixed with oil for a meal offering;","","None","LOW","Source JSON and neighboring positions only","Exact text also occurs at chapter position 73; could be a legitimate refrain."
"web","data/bible/EN/web.json","numbers","4","7","","81","81","REPEATED_TEXT_IN_CHAPTER","LOW","REVIEW_ONLY","one young bull, one ram, one male lamb a year old, for a burnt offering;","","None","LOW","Source JSON and neighboring positions only","Exact text also occurs at chapter position 75; could be a legitimate refrain."
"web","data/bible/EN/web.json","numbers","4","7","","82","82","REPEATED_TEXT_IN_CHAPTER","LOW","REVIEW_ONLY","one male goat for a sin offering;","","None","LOW","Source JSON and neighboring positions only","Exact text also occurs at chapter position 76; could be a legitimate refrain."
"web","data/bible/EN/web.json","numbers","4","8","","5","5","REPEATED_TEXT_IN_CHAPTER","LOW","REVIEW_ONLY","Yahweh spoke to Moses, saying,","","None","LOW","Source JSON and neighboring positions only","Exact text also occurs at chapter position 1; could be a legitimate refrain."
"web","data/bible/EN/web.json","numbers","4","8","","23","23","REPEATED_TEXT_IN_CHAPTER","LOW","REVIEW_ONLY","Yahweh spoke to Moses, saying,","","None","LOW","Source JSON and neighboring positions only","Exact text also occurs at chapter position 5; could be a legitimate refrain."
"web","data/bible/EN/web.json","numbers","4","15","","17","17","REPEATED_TEXT_IN_CHAPTER","LOW","REVIEW_ONLY","Yahweh spoke to Moses, saying,","","None","LOW","Source JSON and neighboring positions only","Exact text also occurs at chapter position 1; could be a legitimate refrain."
"web","data/bible/EN/web.json","numbers","4","15","","37","37","REPEATED_TEXT_IN_CHAPTER","LOW","REVIEW_ONLY","Yahweh spoke to Moses, saying,","","None","LOW","Source JSON and neighboring positions only","Exact text also occurs at chapter position 17; could be a legitimate refrain."
"web","data/bible/EN/web.json","numbers","4","16","","36","36","REPEATED_TEXT_IN_CHAPTER","LOW","REVIEW_ONLY","Yahweh spoke to Moses, saying,","","None","LOW","Source JSON and neighboring positions only","Exact text also occurs at chapter position 23; could be a legitimate refrain."
"web","data/bible/EN/web.json","numbers","4","16","","44","44","REPEATED_TEXT_IN_CHAPTER","LOW","REVIEW_ONLY","Yahweh spoke to Moses, saying,","","None","LOW","Source JSON and neighboring positions only","Exact text also occurs at chapter position 36; could be a legitimate refrain."
"web","data/bible/EN/web.json","numbers","4","23","","29","29","REPEATED_TEXT_IN_CHAPTER","LOW","REVIEW_ONLY","Balaam said to Balak, ""Build me here seven altars, and prepare me here seven bulls and seven rams.""","","None","LOW","Source JSON and neighboring positions only","Exact text also occurs at chapter position 1; could be a legitimate refrain."
"web","data/bible/EN/web.json","numbers","4","24","","15","15","REPEATED_TEXT_IN_CHAPTER","LOW","REVIEW_ONLY","He took up his parable, and said, ""Balaam the son of Beor says, the man whose eye was closed says;","","None","LOW","Source JSON and neighboring positions only","Exact text also occurs at chapter position 3; could be a legitimate refrain."
"web","data/bible/EN/web.json","numbers","4","25","","16","16","REPEATED_TEXT_IN_CHAPTER","LOW","REVIEW_ONLY","Yahweh spoke to Moses, saying,","","None","LOW","Source JSON and neighboring positions only","Exact text also occurs at chapter position 10; could be a legitimate refrain."
"web","data/bible/EN/web.json","numbers","4","29","","21","21","REPEATED_TEXT_IN_CHAPTER","LOW","REVIEW_ONLY","and their meal offering and their drink offerings for the bulls, for the rams, and for the lambs, according to their number, after the ordinance;","","None","LOW","Source JSON and neighboring positions only","Exact text also occurs at chapter position 18; could be a legitimate refrain."
"web","data/bible/EN/web.json","numbers","4","29","","27","27","REPEATED_TEXT_IN_CHAPTER","LOW","REVIEW_ONLY","and their meal offering and their drink offerings for the bulls, for the rams, and for the lambs, according to their number, after the ordinance;","","None","LOW","Source JSON and neighboring positions only","Exact text also occurs at chapter position 21; could be a legitimate refrain."
"web","data/bible/EN/web.json","numbers","4","29","","30","30","REPEATED_TEXT_IN_CHAPTER","LOW","REVIEW_ONLY","and their meal offering and their drink offerings for the bulls, for the rams, and for the lambs, according to their number, after the ordinance;","","None","LOW","Source JSON and neighboring positions only","Exact text also occurs at chapter position 27; could be a legitimate refrain."
"web","data/bible/EN/web.json","numbers","4","29","","33","33","REPEATED_TEXT_IN_CHAPTER","LOW","REVIEW_ONLY","and their meal offering and their drink offerings for the bulls, for the rams, and for the lambs, according to their number, after the ordinance;","","None","LOW","Source JSON and neighboring positions only","Exact text also occurs at chapter position 30; could be a legitimate refrain."
"web","data/bible/EN/web.json","numbers","4","29","","34","34","REPEATED_TEXT_IN_CHAPTER","LOW","REVIEW_ONLY","and one male goat for a sin offering; besides the continual burnt offering, the meal offering of it, and the drink offering of it.","","None","LOW","Source JSON and neighboring positions only","Exact text also occurs at chapter position 25; could be a legitimate refrain."
"web","data/bible/EN/web.json","numbers","4","29","","38","38","REPEATED_TEXT_IN_CHAPTER","LOW","REVIEW_ONLY","and one male goat for a sin offering, besides the continual burnt offering, and the meal offering of it, and the drink offering of it.","","None","LOW","Source JSON and neighboring positions only","Exact text also occurs at chapter position 28; could be a legitimate refrain."
"web","data/bible/EN/web.json","numbers","4","31","","25","25","REPEATED_TEXT_IN_CHAPTER","LOW","REVIEW_ONLY","Yahweh spoke to Moses, saying,","","None","LOW","Source JSON and neighboring positions only","Exact text also occurs at chapter position 1; could be a legitimate refrain."
"web","data/bible/EN/web.json","numbers","4","34","","16","16","REPEATED_TEXT_IN_CHAPTER","LOW","REVIEW_ONLY","Yahweh spoke to Moses, saying,","","None","LOW","Source JSON and neighboring positions only","Exact text also occurs at chapter position 1; could be a legitimate refrain."
"web","data/bible/EN/web.json","deuteronomy","5","14","","20","20","REPEATED_TEXT_IN_CHAPTER","LOW","REVIEW_ONLY","Of all clean birds you may eat.","","None","LOW","Source JSON and neighboring positions only","Exact text also occurs at chapter position 11; could be a legitimate refrain."
"web","data/bible/EN/web.json","joshua","6","10","","43","43","REPEATED_TEXT_IN_CHAPTER","LOW","REVIEW_ONLY","Joshua returned, and all Israel with him, to the camp to Gilgal.","","None","LOW","Source JSON and neighboring positions only","Exact text also occurs at chapter position 15; could be a legitimate refrain."
"web","data/bible/EN/web.json","kings","11","15","","32","32","REPEATED_TEXT_IN_CHAPTER","LOW","REVIEW_ONLY","There was war between Asa and Baasha king of Israel all their days.","","None","LOW","Source JSON and neighboring positions only","Exact text also occurs at chapter position 16; could be a legitimate refrain."
"web","data/bible/EN/web.json","kings","11","17","","8","8","REPEATED_TEXT_IN_CHAPTER","LOW","REVIEW_ONLY","The word of Yahweh came to him, saying,","","None","LOW","Source JSON and neighboring positions only","Exact text also occurs at chapter position 2; could be a legitimate refrain."
"web","data/bible/EN/web.json","kings","11","19","","14","14","REPEATED_TEXT_IN_CHAPTER","LOW","REVIEW_ONLY","He said, ""I have been very jealous for Yahweh, the God of Armies; for the children of Israel have forsaken your covenant, thrown down your altars, and slain your prophets with the sword. I, even I only, am left; and they seek my life, to take it away.""","","None","LOW","Source JSON and neighboring positions only","Exact text also occurs at chapter position 10; could be a legitimate refrain."
"web","data/bible/EN/web.json","kings","11","21","","28","28","REPEATED_TEXT_IN_CHAPTER","LOW","REVIEW_ONLY","The word of Yahweh came to Elijah the Tishbite, saying,","","None","LOW","Source JSON and neighboring positions only","Exact text also occurs at chapter position 17; could be a legitimate refrain."
"web","data/bible/EN/web.json","kings","12","15","","28","28","REPEATED_TEXT_IN_CHAPTER","LOW","REVIEW_ONLY","He did that which was evil in the sight of Yahweh: he didn't depart from the sins of Jeroboam the son of Nebat, with which he made Israel to sin.","","None","LOW","Source JSON and neighboring positions only","Exact text also occurs at chapter position 24; could be a legitimate refrain."
"web","data/bible/EN/web.json","kings","12","23","","37","37","REPEATED_TEXT_IN_CHAPTER","LOW","REVIEW_ONLY","He did that which was evil in the sight of Yahweh, according to all that his fathers had done.","","None","LOW","Source JSON and neighboring positions only","Exact text also occurs at chapter position 32; could be a legitimate refrain."
"web","data/bible/EN/web.json","psalms","19","107","","15","15","REPEATED_TEXT_IN_CHAPTER","LOW","REVIEW_ONLY","Let them praise Yahweh for his loving kindness, for his wonderful works to the children of men!","","None","LOW","Source JSON and neighboring positions only","Exact text also occurs at chapter position 8; could be a legitimate refrain."
"web","data/bible/EN/web.json","psalms","19","107","","21","21","REPEATED_TEXT_IN_CHAPTER","LOW","REVIEW_ONLY","Let them praise Yahweh for his loving kindness, for his wonderful works to the children of men!","","None","LOW","Source JSON and neighboring positions only","Exact text also occurs at chapter position 15; could be a legitimate refrain."
"web","data/bible/EN/web.json","jeremiah-collection","24","33","","23","23","REPEATED_TEXT_IN_CHAPTER","LOW","REVIEW_ONLY","The word of Yahweh came to Jeremiah, saying,","","None","LOW","Source JSON and neighboring positions only","Exact text also occurs at chapter position 19; could be a legitimate refrain."
"web","data/bible/EN/web.json","ezekiel","26","14","","12","12","REPEATED_TEXT_IN_CHAPTER","LOW","REVIEW_ONLY","The word of Yahweh came to me, saying,","","None","LOW","Source JSON and neighboring positions only","Exact text also occurs at chapter position 2; could be a legitimate refrain."
"web","data/bible/EN/web.json","ezekiel","26","20","","45","45","REPEATED_TEXT_IN_CHAPTER","LOW","REVIEW_ONLY","The word of Yahweh came to me, saying,","","None","LOW","Source JSON and neighboring positions only","Exact text also occurs at chapter position 2; could be a legitimate refrain."
"web","data/bible/EN/web.json","ezekiel","26","21","","8","8","REPEATED_TEXT_IN_CHAPTER","LOW","REVIEW_ONLY","The word of Yahweh came to me, saying,","","None","LOW","Source JSON and neighboring positions only","Exact text also occurs at chapter position 1; could be a legitimate refrain."
"web","data/bible/EN/web.json","ezekiel","26","22","","23","23","REPEATED_TEXT_IN_CHAPTER","LOW","REVIEW_ONLY","The word of Yahweh came to me, saying,","","None","LOW","Source JSON and neighboring positions only","Exact text also occurs at chapter position 17; could be a legitimate refrain."
"web","data/bible/EN/web.json","ezekiel","26","33","","23","23","REPEATED_TEXT_IN_CHAPTER","LOW","REVIEW_ONLY","The word of Yahweh came to me, saying,","","None","LOW","Source JSON and neighboring positions only","Exact text also occurs at chapter position 1; could be a legitimate refrain."
"web","data/bible/EN/web.json","zechariah","38","8","","18","18","REPEATED_TEXT_IN_CHAPTER","LOW","REVIEW_ONLY","The word of Yahweh of Armies came to me.","","None","LOW","Source JSON and neighboring positions only","Exact text also occurs at chapter position 1; could be a legitimate refrain."
"web","data/bible/EN/web.json","matthew","40","25","","23","23","REPEATED_TEXT_IN_CHAPTER","LOW","REVIEW_ONLY","""His lord said to him, 'Well done, good and faithful servant. You have been faithful over a few things, I will set you over many things. Enter into the joy of your lord.'","","None","LOW","Source JSON and neighboring positions only","Exact text also occurs at chapter position 21; could be a legitimate refrain."
"web","data/bible/EN/web.json","mark","41","9","","46","46","REPEATED_TEXT_IN_CHAPTER","LOW","REVIEW_ONLY","'where their worm doesn't die, and the fire is not quenched.'","","None","LOW","Source JSON and neighboring positions only","Exact text also occurs at chapter position 44; could be a legitimate refrain."
"web","data/bible/EN/web.json","mark","41","9","","48","48","REPEATED_TEXT_IN_CHAPTER","LOW","REVIEW_ONLY","'where their worm doesn't die, and the fire is not quenched.'","","None","LOW","Source JSON and neighboring positions only","Exact text also occurs at chapter position 46; could be a legitimate refrain."
"web","data/bible/EN/web.json","revelation","66","3","","13","13","REPEATED_TEXT_IN_CHAPTER","LOW","REVIEW_ONLY","He who has an ear, let him hear what the Spirit says to the assemblies.","","None","LOW","Source JSON and neighboring positions only","Exact text also occurs at chapter position 6; could be a legitimate refrain."
