"edition","source_file","canonical_book","source_book","chapter","verse_objects","first_label","last_label","gap_jumps","repeated_labels","descending_jumps","adjacent_duplicate_texts"
"am","data/bible/am/01-genesis.json","genesis","1","1","31","1","31","0","0","0","0"
"am","data/bible/am/01-genesis.json","genesis","1","2","25","1","25","0","0","0","0"
"am","data/bible/am/01-genesis.json","genesis","1","3","24","1","24","0","0","0","0"
"am","data/bible/am/01-genesis.json","genesis","1","4","26","1","26","0","0","0","0"
"am","data/bible/am/01-genesis.json","genesis","1","5","32","1","32","0","0","0","0"
"am","data/bible/am/01-genesis.json","genesis","1","6","22","1","22","0","0","0","0"
"am","data/bible/am/01-genesis.json","genesis","1","7","24","1","24","0","0","0","0"
"am","data/bible/am/01-genesis.json","genesis","1","8","22","1","22","0","0","0","0"
"am","data/bible/am/01-genesis.json","genesis","1","9","29","1","29","0","0","0","0"
"am","data/bible/am/01-genesis.json","genesis","1","10","32","1","32","0","0","0","0"
"am","data/bible/am/01-genesis.json","genesis","1","11","32","1","32","0","0","0","0"
"am","data/bible/am/01-genesis.json","genesis","1","12","20","1","20","0","0","0","0"
"am","data/bible/am/01-genesis.json","genesis","1","13","18","1","18","0","0","0","0"
"am","data/bible/am/01-genesis.json","genesis","1","14","24","1","24","0","0","0","0"
"am","data/bible/am/01-genesis.json","genesis","1","15","21","1","21","0","0","0","0"
"am","data/bible/am/01-genesis.json","genesis","1","16","16","1","16","0","0","0","0"
"am","data/bible/am/01-genesis.json","genesis","1","17","27","1","27","0","0","0","0"
"am","data/bible/am/01-genesis.json","genesis","1","18","33","1","33","0","0","0","0"
"am","data/bible/am/01-genesis.json","genesis","1","19","38","1","38","0","0","0","0"
"am","data/bible/am/01-genesis.json","genesis","1","20","18","1","18","0","0","0","0"
"am","data/bible/am/01-genesis.json","genesis","1","21","34","1","34","0","0","0","0"
"am","data/bible/am/01-genesis.json","genesis","1","22","24","1","24","0","0","0","0"
"am","data/bible/am/01-genesis.json","genesis","1","23","20","1","20","0","0","0","0"
"am","data/bible/am/01-genesis.json","genesis","1","24","67","1","67","0","0","0","0"
"am","data/bible/am/01-genesis.json","genesis","1","25","34","1","34","0","0","0","0"
"am","data/bible/am/01-genesis.json","genesis","1","26","35","1","35","0","0","0","0"
"am","data/bible/am/01-genesis.json","genesis","1","27","46","1","46","0","0","0","0"
"am","data/bible/am/01-genesis.json","genesis","1","28","22","1","22","0","0","0","0"
"am","data/bible/am/01-genesis.json","genesis","1","29","35","1","35","0","0","0","0"
"am","data/bible/am/01-genesis.json","genesis","1","30","43","1","43","0","0","0","0"
"am","data/bible/am/01-genesis.json","genesis","1","31","55","1","55","0","0","0","0"
"am","data/bible/am/01-genesis.json","genesis","1","32","32","1","32","0","0","0","0"
"am","data/bible/am/01-genesis.json","genesis","1","33","20","1","20","0","0","0","0"
"am","data/bible/am/01-genesis.json","genesis","1","34","31","1","31","0","0","0","0"
"am","data/bible/am/01-genesis.json","genesis","1","35","29","1","29","0","0","0","0"
"am","data/bible/am/01-genesis.json","genesis","1","36","43","1","43","0","0","0","0"
"am","data/bible/am/01-genesis.json","genesis","1","37","36","1","36","0","0","0","0"
"am","data/bible/am/01-genesis.json","genesis","1","38","30","1","30","0","0","0","0"
"am","data/bible/am/01-genesis.json","genesis","1","39","23","1","23","0","0","0","0"
"am","data/bible/am/01-genesis.json","genesis","1","40","23","1","23","0","0","0","0"
"am","data/bible/am/01-genesis.json","genesis","1","41","57","1","57","0","0","0","0"
"am","data/bible/am/01-genesis.json","genesis","1","42","38","1","38","0","0","0","0"
"am","data/bible/am/01-genesis.json","genesis","1","43","34","1","34","0","0","0","0"
"am","data/bible/am/01-genesis.json","genesis","1","44","34","1","34","0","0","0","0"
"am","data/bible/am/01-genesis.json","genesis","1","45","28","1","28","0","0","0","0"
"am","data/bible/am/01-genesis.json","genesis","1","46","34","1","34","0","0","0","0"
"am","data/bible/am/01-genesis.json","genesis","1","47","31","1","31","0","0","0","0"
"am","data/bible/am/01-genesis.json","genesis","1","48","22","1","22","0","0","0","0"
"am","data/bible/am/01-genesis.json","genesis","1","49","33","1","33","0","0","0","0"
"am","data/bible/am/01-genesis.json","genesis","1","50","26","1","26","0","0","0","0"
"am","data/bible/am/02-exodus.json","exodus","2","1","22","1","22","0","0","0","0"
"am","data/bible/am/02-exodus.json","exodus","2","2","25","1","25","0","0","0","0"
"am","data/bible/am/02-exodus.json","exodus","2","3","22","1","22","0","0","0","0"
"am","data/bible/am/02-exodus.json","exodus","2","4","31","1","31","0","0","0","0"
"am","data/bible/am/02-exodus.json","exodus","2","5","23","1","23","0","0","0","0"
"am","data/bible/am/02-exodus.json","exodus","2","6","30","1","30","0","0","0","0"
"am","data/bible/am/02-exodus.json","exodus","2","7","25","1","25","0","0","0","0"
"am","data/bible/am/02-exodus.json","exodus","2","8","32","1","32","0","0","0","0"
"am","data/bible/am/02-exodus.json","exodus","2","9","35","1","35","0","0","0","0"
"am","data/bible/am/02-exodus.json","exodus","2","10","29","1","29","0","0","0","0"
"am","data/bible/am/02-exodus.json","exodus","2","11","10","1","10","0","0","0","0"
"am","data/bible/am/02-exodus.json","exodus","2","12","51","1","51","0","0","0","0"
"am","data/bible/am/02-exodus.json","exodus","2","13","22","1","22","0","0","0","0"
"am","data/bible/am/02-exodus.json","exodus","2","14","31","1","31","0","0","0","0"
"am","data/bible/am/02-exodus.json","exodus","2","15","27","1","27","0","0","0","0"
"am","data/bible/am/02-exodus.json","exodus","2","16","36","1","36","0","0","0","0"
"am","data/bible/am/02-exodus.json","exodus","2","17","16","1","16","0","0","0","0"
"am","data/bible/am/02-exodus.json","exodus","2","18","27","1","27","0","0","0","0"
"am","data/bible/am/02-exodus.json","exodus","2","19","25","1","25","0","0","0","0"
"am","data/bible/am/02-exodus.json","exodus","2","20","26","1","26","0","0","0","0"
"am","data/bible/am/02-exodus.json","exodus","2","21","36","1","36","0","0","0","0"
"am","data/bible/am/02-exodus.json","exodus","2","22","31","1","31","0","0","0","0"
"am","data/bible/am/02-exodus.json","exodus","2","23","33","1","33","0","0","0","0"
"am","data/bible/am/02-exodus.json","exodus","2","24","18","1","18","0","0","0","0"
"am","data/bible/am/02-exodus.json","exodus","2","25","40","1","40","0","0","0","0"
"am","data/bible/am/02-exodus.json","exodus","2","26","37","1","37","0","0","0","0"
"am","data/bible/am/02-exodus.json","exodus","2","27","21","1","21","0","0","0","0"
"am","data/bible/am/02-exodus.json","exodus","2","28","43","1","43","0","0","0","0"
"am","data/bible/am/02-exodus.json","exodus","2","29","46","1","46","0","0","0","0"
"am","data/bible/am/02-exodus.json","exodus","2","30","38","1","38","0","0","0","0"
"am","data/bible/am/02-exodus.json","exodus","2","31","18","1","18","0","0","0","0"
"am","data/bible/am/02-exodus.json","exodus","2","32","35","1","35","0","0","0","0"
"am","data/bible/am/02-exodus.json","exodus","2","33","23","1","23","0","0","0","0"
"am","data/bible/am/02-exodus.json","exodus","2","34","35","1","35","0","0","0","0"
"am","data/bible/am/02-exodus.json","exodus","2","35","35","1","35","0","0","0","0"
"am","data/bible/am/02-exodus.json","exodus","2","36","38","1","38","0","0","0","0"
"am","data/bible/am/02-exodus.json","exodus","2","37","29","1","29","0","0","0","0"
"am","data/bible/am/02-exodus.json","exodus","2","38","31","1","31","0","0","0","0"
"am","data/bible/am/02-exodus.json","exodus","2","39","43","1","43","0","0","0","0"
"am","data/bible/am/02-exodus.json","exodus","2","40","38","1","38","0","0","0","0"
"am","data/bible/am/03-leviticus.json","leviticus","3","1","17","1","17","0","0","0","0"
"am","data/bible/am/03-leviticus.json","leviticus","3","2","16","1","16","0","0","0","0"
"am","data/bible/am/03-leviticus.json","leviticus","3","3","17","1","17","0","0","0","0"
"am","data/bible/am/03-leviticus.json","leviticus","3","4","35","1","35","0","0","0","0"
"am","data/bible/am/03-leviticus.json","leviticus","3","5","19","1","19","0","0","0","0"
"am","data/bible/am/03-leviticus.json","leviticus","3","6","30","1","30","0","0","0","0"
"am","data/bible/am/03-leviticus.json","leviticus","3","7","38","1","38","0","0","0","0"
"am","data/bible/am/03-leviticus.json","leviticus","3","8","36","1","36","0","0","0","0"
"am","data/bible/am/03-leviticus.json","leviticus","3","9","24","1","24","0","0","0","0"
"am","data/bible/am/03-leviticus.json","leviticus","3","10","20","1","20","0","0","0","0"
"am","data/bible/am/03-leviticus.json","leviticus","3","11","47","1","47","0","0","0","0"
"am","data/bible/am/03-leviticus.json","leviticus","3","12","8","1","8","0","0","0","0"
"am","data/bible/am/03-leviticus.json","leviticus","3","13","59","1","59","0","0","0","0"
"am","data/bible/am/03-leviticus.json","leviticus","3","14","57","1","57","0","0","0","0"
"am","data/bible/am/03-leviticus.json","leviticus","3","15","33","1","33","0","0","0","0"
"am","data/bible/am/03-leviticus.json","leviticus","3","16","34","1","34","0","0","0","0"
"am","data/bible/am/03-leviticus.json","leviticus","3","17","16","1","16","0","0","0","0"
"am","data/bible/am/03-leviticus.json","leviticus","3","18","30","1","30","0","0","0","0"
"am","data/bible/am/03-leviticus.json","leviticus","3","19","37","1","37","0","0","0","0"
"am","data/bible/am/03-leviticus.json","leviticus","3","20","27","1","27","0","0","0","0"
"am","data/bible/am/03-leviticus.json","leviticus","3","21","24","1","24","0","0","0","0"
"am","data/bible/am/03-leviticus.json","leviticus","3","22","33","1","33","0","0","0","0"
"am","data/bible/am/03-leviticus.json","leviticus","3","23","44","1","44","0","0","0","0"
"am","data/bible/am/03-leviticus.json","leviticus","3","24","23","1","23","0","0","0","0"
"am","data/bible/am/03-leviticus.json","leviticus","3","25","55","1","55","0","0","0","0"
"am","data/bible/am/03-leviticus.json","leviticus","3","26","46","1","46","0","0","0","0"
"am","data/bible/am/03-leviticus.json","leviticus","3","27","34","1","34","0","0","0","0"
"am","data/bible/am/04-numbers.json","numbers","4","1","54","1","54","0","0","0","0"
"am","data/bible/am/04-numbers.json","numbers","4","2","34","1","34","0","0","0","0"
"am","data/bible/am/04-numbers.json","numbers","4","3","51","1","51","0","0","0","0"
"am","data/bible/am/04-numbers.json","numbers","4","4","49","1","49","0","0","0","0"
"am","data/bible/am/04-numbers.json","numbers","4","5","31","1","31","0","0","0","0"
"am","data/bible/am/04-numbers.json","numbers","4","6","27","1","27","0","0","0","0"
"am","data/bible/am/04-numbers.json","numbers","4","7","89","1","89","0","0","0","0"
"am","data/bible/am/04-numbers.json","numbers","4","8","26","1","26","0","0","0","0"
"am","data/bible/am/04-numbers.json","numbers","4","9","23","1","23","0","0","0","0"
"am","data/bible/am/04-numbers.json","numbers","4","10","36","1","36","0","0","0","0"
"am","data/bible/am/04-numbers.json","numbers","4","11","35","1","35","0","0","0","0"
"am","data/bible/am/04-numbers.json","numbers","4","12","16","1","16","0","0","0","0"
"am","data/bible/am/04-numbers.json","numbers","4","13","33","1","33","0","0","0","0"
"am","data/bible/am/04-numbers.json","numbers","4","14","45","1","45","0","0","0","0"
"am","data/bible/am/04-numbers.json","numbers","4","15","41","1","41","0","0","0","0"
"am","data/bible/am/04-numbers.json","numbers","4","16","50","1","50","0","0","0","0"
"am","data/bible/am/04-numbers.json","numbers","4","17","13","1","13","0","0","0","0"
"am","data/bible/am/04-numbers.json","numbers","4","18","32","1","32","0","0","0","0"
"am","data/bible/am/04-numbers.json","numbers","4","19","22","1","22","0","0","0","0"
"am","data/bible/am/04-numbers.json","numbers","4","20","29","1","29","0","0","0","0"
"am","data/bible/am/04-numbers.json","numbers","4","21","35","1","35","0","0","0","0"
"am","data/bible/am/04-numbers.json","numbers","4","22","41","1","41","0","0","0","0"
"am","data/bible/am/04-numbers.json","numbers","4","23","30","1","30","0","0","0","0"
"am","data/bible/am/04-numbers.json","numbers","4","24","25","1","25","0","0","0","0"
"am","data/bible/am/04-numbers.json","numbers","4","25","18","1","18","0","0","0","0"
"am","data/bible/am/04-numbers.json","numbers","4","26","65","1","65","0","0","0","0"
"am","data/bible/am/04-numbers.json","numbers","4","27","23","1","23","0","0","0","0"
"am","data/bible/am/04-numbers.json","numbers","4","28","31","1","31","0","0","0","0"
"am","data/bible/am/04-numbers.json","numbers","4","29","40","1","40","0","0","0","0"
"am","data/bible/am/04-numbers.json","numbers","4","30","16","1","16","0","0","0","0"
"am","data/bible/am/04-numbers.json","numbers","4","31","54","1","54","0","0","0","0"
"am","data/bible/am/04-numbers.json","numbers","4","32","42","1","42","0","0","0","0"
"am","data/bible/am/04-numbers.json","numbers","4","33","56","1","56","0","0","0","0"
"am","data/bible/am/04-numbers.json","numbers","4","34","29","1","29","0","0","0","0"
"am","data/bible/am/04-numbers.json","numbers","4","35","34","1","34","0","0","0","0"
"am","data/bible/am/04-numbers.json","numbers","4","36","13","1","13","0","0","0","0"
"am","data/bible/am/05-deuteronomy.json","deuteronomy","5","1","46","1","46","0","0","0","0"
"am","data/bible/am/05-deuteronomy.json","deuteronomy","5","2","37","1","37","0","0","0","0"
"am","data/bible/am/05-deuteronomy.json","deuteronomy","5","3","29","1","29","0","0","0","0"
"am","data/bible/am/05-deuteronomy.json","deuteronomy","5","4","49","1","49","0","0","0","0"
"am","data/bible/am/05-deuteronomy.json","deuteronomy","5","5","33","1","33","0","0","0","0"
"am","data/bible/am/05-deuteronomy.json","deuteronomy","5","6","25","1","25","0","0","0","0"
"am","data/bible/am/05-deuteronomy.json","deuteronomy","5","7","26","1","26","0","0","0","0"
"am","data/bible/am/05-deuteronomy.json","deuteronomy","5","8","20","1","20","0","0","0","0"
"am","data/bible/am/05-deuteronomy.json","deuteronomy","5","9","29","1","29","0","0","0","0"
"am","data/bible/am/05-deuteronomy.json","deuteronomy","5","10","22","1","22","0","0","0","0"
"am","data/bible/am/05-deuteronomy.json","deuteronomy","5","11","32","1","32","0","0","0","0"
"am","data/bible/am/05-deuteronomy.json","deuteronomy","5","12","32","1","32","0","0","0","0"
"am","data/bible/am/05-deuteronomy.json","deuteronomy","5","13","18","1","18","0","0","0","0"
"am","data/bible/am/05-deuteronomy.json","deuteronomy","5","14","29","1","29","0","0","0","0"
"am","data/bible/am/05-deuteronomy.json","deuteronomy","5","15","23","1","23","0","0","0","0"
"am","data/bible/am/05-deuteronomy.json","deuteronomy","5","16","22","1","22","0","0","0","0"
"am","data/bible/am/05-deuteronomy.json","deuteronomy","5","17","20","1","20","0","0","0","0"
"am","data/bible/am/05-deuteronomy.json","deuteronomy","5","18","22","1","22","0","0","0","0"
"am","data/bible/am/05-deuteronomy.json","deuteronomy","5","19","21","1","21","0","0","0","0"
"am","data/bible/am/05-deuteronomy.json","deuteronomy","5","20","20","1","20","0","0","0","0"
"am","data/bible/am/05-deuteronomy.json","deuteronomy","5","21","23","1","23","0","0","0","0"
"am","data/bible/am/05-deuteronomy.json","deuteronomy","5","22","30","1","30","0","0","0","0"
"am","data/bible/am/05-deuteronomy.json","deuteronomy","5","23","25","1","25","0","0","0","0"
"am","data/bible/am/05-deuteronomy.json","deuteronomy","5","24","22","1","22","0","0","0","0"
"am","data/bible/am/05-deuteronomy.json","deuteronomy","5","25","19","1","19","0","0","0","0"
"am","data/bible/am/05-deuteronomy.json","deuteronomy","5","26","19","1","19","0","0","0","0"
"am","data/bible/am/05-deuteronomy.json","deuteronomy","5","27","26","1","26","0","0","0","0"
"am","data/bible/am/05-deuteronomy.json","deuteronomy","5","28","68","1","68","0","0","0","0"
"am","data/bible/am/05-deuteronomy.json","deuteronomy","5","29","29","1","29","0","0","0","0"
"am","data/bible/am/05-deuteronomy.json","deuteronomy","5","30","20","1","20","0","0","0","0"
"am","data/bible/am/05-deuteronomy.json","deuteronomy","5","31","30","1","30","0","0","0","0"
"am","data/bible/am/05-deuteronomy.json","deuteronomy","5","32","52","1","52","0","0","0","0"
"am","data/bible/am/05-deuteronomy.json","deuteronomy","5","33","29","1","29","0","0","0","0"
"am","data/bible/am/05-deuteronomy.json","deuteronomy","5","34","12","1","12","0","0","0","0"
"am","data/bible/am/06-joshua.json","joshua","6","1","18","1","18","0","0","0","0"
"am","data/bible/am/06-joshua.json","joshua","6","2","24","1","24","0","0","0","0"
"am","data/bible/am/06-joshua.json","joshua","6","3","17","1","17","0","0","0","0"
"am","data/bible/am/06-joshua.json","joshua","6","4","24","1","24","0","0","0","0"
"am","data/bible/am/06-joshua.json","joshua","6","5","15","1","15","0","0","0","0"
"am","data/bible/am/06-joshua.json","joshua","6","6","27","1","27","0","0","0","0"
"am","data/bible/am/06-joshua.json","joshua","6","7","26","1","26","0","0","0","0"
"am","data/bible/am/06-joshua.json","joshua","6","8","35","1","35","0","0","0","0"
"am","data/bible/am/06-joshua.json","joshua","6","9","27","1","27","0","0","0","0"
"am","data/bible/am/06-joshua.json","joshua","6","10","43","1","43","0","0","0","0"
"am","data/bible/am/06-joshua.json","joshua","6","11","23","1","23","0","0","0","0"
"am","data/bible/am/06-joshua.json","joshua","6","12","24","1","24","0","0","0","0"
"am","data/bible/am/06-joshua.json","joshua","6","13","32","1","32","0","0","0","0"
"am","data/bible/am/06-joshua.json","joshua","6","14","15","1","15","0","0","0","0"
"am","data/bible/am/06-joshua.json","joshua","6","15","63","1","63","0","0","0","0"
"am","data/bible/am/06-joshua.json","joshua","6","16","10","1","10","0","0","0","0"
"am","data/bible/am/06-joshua.json","joshua","6","17","18","1","18","0","0","0","0"
"am","data/bible/am/06-joshua.json","joshua","6","18","28","1","28","0","0","0","0"
"am","data/bible/am/06-joshua.json","joshua","6","19","51","1","51","0","0","0","0"
"am","data/bible/am/06-joshua.json","joshua","6","20","9","1","9","0","0","0","0"
"am","data/bible/am/06-joshua.json","joshua","6","21","45","1","45","0","0","0","0"
"am","data/bible/am/06-joshua.json","joshua","6","22","34","1","34","0","0","0","0"
"am","data/bible/am/06-joshua.json","joshua","6","23","16","1","16","0","0","0","0"
"am","data/bible/am/06-joshua.json","joshua","6","24","35","1","35","0","0","0","0"
"am","data/bible/am/07-judges.json","judges","7","1","36","1","36","0","0","0","0"
"am","data/bible/am/07-judges.json","judges","7","2","23","1","23","0","0","0","0"
"am","data/bible/am/07-judges.json","judges","7","3","31","1","31","0","0","0","0"
"am","data/bible/am/07-judges.json","judges","7","4","24","1","24","0","0","0","0"
"am","data/bible/am/07-judges.json","judges","7","5","1","1","1","0","0","0","0"
"am","data/bible/am/07-judges.json","judges","7","6","40","1","40","0","0","0","0"
"am","data/bible/am/07-judges.json","judges","7","7","25","1","25","0","0","0","0"
"am","data/bible/am/07-judges.json","judges","7","8","35","1","35","0","0","0","0"
"am","data/bible/am/07-judges.json","judges","7","9","57","1","57","0","0","0","0"
"am","data/bible/am/07-judges.json","judges","7","10","18","1","18","0","0","0","0"
"am","data/bible/am/07-judges.json","judges","7","11","40","1","40","0","0","0","0"
"am","data/bible/am/07-judges.json","judges","7","12","15","1","15","0","0","0","0"
"am","data/bible/am/07-judges.json","judges","7","13","25","1","25","0","0","0","0"
"am","data/bible/am/07-judges.json","judges","7","14","20","1","20","0","0","0","0"
"am","data/bible/am/07-judges.json","judges","7","15","20","1","20","0","0","0","0"
"am","data/bible/am/07-judges.json","judges","7","16","31","1","31","0","0","0","0"
"am","data/bible/am/07-judges.json","judges","7","17","13","1","13","0","0","0","0"
"am","data/bible/am/07-judges.json","judges","7","18","31","1","31","0","0","0","0"
"am","data/bible/am/07-judges.json","judges","7","19","30","1","30","0","0","0","0"
"am","data/bible/am/07-judges.json","judges","7","20","48","1","48","0","0","0","0"
"am","data/bible/am/07-judges.json","judges","7","21","25","1","25","0","0","0","0"
"am","data/bible/am/08-ruth.json","ruth","8","1","22","1","22","0","0","0","0"
"am","data/bible/am/08-ruth.json","ruth","8","2","23","1","23","0","0","0","0"
"am","data/bible/am/08-ruth.json","ruth","8","3","18","1","18","0","0","0","0"
"am","data/bible/am/08-ruth.json","ruth","8","4","22","1","22","0","0","0","0"
"am","data/bible/am/09-1samuel.json","samuel","9","1","28","1","28","0","0","0","0"
"am","data/bible/am/09-1samuel.json","samuel","9","2","26","11","36","0","0","0","0"
"am","data/bible/am/09-1samuel.json","samuel","9","3","21","1","21","0","0","0","0"
"am","data/bible/am/09-1samuel.json","samuel","9","4","22","1","22","0","0","0","0"
"am","data/bible/am/09-1samuel.json","samuel","9","5","12","1","12","0","0","0","0"
"am","data/bible/am/09-1samuel.json","samuel","9","6","21","1","21","0","0","0","0"
"am","data/bible/am/09-1samuel.json","samuel","9","7","17","1","17","0","0","0","0"
"am","data/bible/am/09-1samuel.json","samuel","9","8","22","1","22","0","0","0","0"
"am","data/bible/am/09-1samuel.json","samuel","9","9","27","1","27","0","0","0","0"
"am","data/bible/am/09-1samuel.json","samuel","9","10","27","1","27","0","0","0","0"
"am","data/bible/am/09-1samuel.json","samuel","9","11","15","1","15","0","0","0","0"
"am","data/bible/am/09-1samuel.json","samuel","9","12","25","1","25","0","0","0","0"
"am","data/bible/am/09-1samuel.json","samuel","9","13","23","1","23","0","0","0","0"
"am","data/bible/am/09-1samuel.json","samuel","9","14","52","1","52","0","0","0","0"
"am","data/bible/am/09-1samuel.json","samuel","9","15","35","1","35","0","0","0","0"
"am","data/bible/am/09-1samuel.json","samuel","9","16","23","1","23","0","0","0","0"
"am","data/bible/am/09-1samuel.json","samuel","9","17","58","1","58","0","0","0","0"
"am","data/bible/am/09-1samuel.json","samuel","9","18","30","1","30","0","0","0","0"
"am","data/bible/am/09-1samuel.json","samuel","9","19","24","1","24","0","0","0","0"
"am","data/bible/am/09-1samuel.json","samuel","9","20","42","1","42","0","0","0","0"
"am","data/bible/am/09-1samuel.json","samuel","9","21","15","1","15","0","0","0","0"
"am","data/bible/am/09-1samuel.json","samuel","9","22","23","1","23","0","0","0","0"
"am","data/bible/am/09-1samuel.json","samuel","9","23","28","1","28","0","0","0","0"
"am","data/bible/am/09-1samuel.json","samuel","9","24","23","1","23","0","0","0","0"
"am","data/bible/am/09-1samuel.json","samuel","9","25","44","1","44","0","0","0","0"
"am","data/bible/am/09-1samuel.json","samuel","9","26","25","1","25","0","0","0","0"
"am","data/bible/am/09-1samuel.json","samuel","9","27","12","1","12","0","0","0","0"
"am","data/bible/am/09-1samuel.json","samuel","9","28","25","1","25","0","0","0","0"
"am","data/bible/am/09-1samuel.json","samuel","9","29","11","1","11","0","0","0","0"
"am","data/bible/am/09-1samuel.json","samuel","9","30","31","1","31","0","0","0","0"
"am","data/bible/am/09-1samuel.json","samuel","9","31","13","1","13","0","0","0","0"
"am","data/bible/am/10-2 samuel.json","samuel","10","1","18","1","18","0","0","0","0"
"am","data/bible/am/10-2 samuel.json","samuel","10","2","32","1","32","0","0","0","0"
"am","data/bible/am/10-2 samuel.json","samuel","10","3","38","1","39","1","0","0","0"
"am","data/bible/am/10-2 samuel.json","samuel","10","4","12","1","12","0","0","0","0"
"am","data/bible/am/10-2 samuel.json","samuel","10","5","25","1","25","0","0","0","0"
"am","data/bible/am/10-2 samuel.json","samuel","10","6","23","1","23","0","0","0","0"
"am","data/bible/am/10-2 samuel.json","samuel","10","7","29","1","29","0","0","0","0"
"am","data/bible/am/10-2 samuel.json","samuel","10","8","18","1","18","0","0","0","0"
"am","data/bible/am/10-2 samuel.json","samuel","10","9","13","1","13","0","0","0","0"
"am","data/bible/am/10-2 samuel.json","samuel","10","10","19","1","19","0","0","0","0"
"am","data/bible/am/10-2 samuel.json","samuel","10","11","27","1","27","0","0","0","0"
"am","data/bible/am/10-2 samuel.json","samuel","10","12","31","1","31","0","0","0","0"
"am","data/bible/am/10-2 samuel.json","samuel","10","13","39","1","39","0","0","0","0"
"am","data/bible/am/10-2 samuel.json","samuel","10","14","33","1","33","0","0","0","0"
"am","data/bible/am/10-2 samuel.json","samuel","10","15","37","1","37","0","0","0","0"
"am","data/bible/am/10-2 samuel.json","samuel","10","16","23","1","23","0","0","0","0"
"am","data/bible/am/10-2 samuel.json","samuel","10","17","29","1","29","0","0","0","0"
"am","data/bible/am/10-2 samuel.json","samuel","10","18","33","1","33","0","0","0","0"
"am","data/bible/am/10-2 samuel.json","samuel","10","19","43","1","43","0","0","0","0"
"am","data/bible/am/10-2 samuel.json","samuel","10","20","26","1","26","0","0","0","0"
"am","data/bible/am/10-2 samuel.json","samuel","10","21","22","1","22","0","0","0","0"
"am","data/bible/am/10-2 samuel.json","samuel","10","22","51","1","51","0","0","0","0"
"am","data/bible/am/10-2 samuel.json","samuel","10","23","32","8","39","0","0","0","0"
"am","data/bible/am/10-2 samuel.json","samuel","10","24","25","1","25","0","0","0","0"
"am","data/bible/am/11-1 kings.json","kings","11","1","53","1","53","0","0","0","0"
"am","data/bible/am/11-1 kings.json","kings","11","2","46","1","46","0","0","0","0"
"am","data/bible/am/11-1 kings.json","kings","11","3","28","1","28","0","0","0","0"
"am","data/bible/am/11-1 kings.json","kings","11","4","34","1","34","0","0","0","0"
"am","data/bible/am/11-1 kings.json","kings","11","5","18","1","18","0","0","0","0"
"am","data/bible/am/11-1 kings.json","kings","11","6","38","1","38","0","0","0","0"
"am","data/bible/am/11-1 kings.json","kings","11","7","51","1","51","0","0","0","0"
"am","data/bible/am/11-1 kings.json","kings","11","8","66","1","66","0","0","0","0"
"am","data/bible/am/11-1 kings.json","kings","11","9","28","1","28","0","0","0","0"
"am","data/bible/am/11-1 kings.json","kings","11","10","29","1","29","0","0","0","0"
"am","data/bible/am/11-1 kings.json","kings","11","11","43","1","43","0","0","0","0"
"am","data/bible/am/11-1 kings.json","kings","11","12","33","1","33","0","0","0","0"
"am","data/bible/am/11-1 kings.json","kings","11","13","34","1","34","0","0","0","0"
"am","data/bible/am/11-1 kings.json","kings","11","14","31","1","31","0","0","0","0"
"am","data/bible/am/11-1 kings.json","kings","11","15","34","1","34","0","0","0","0"
"am","data/bible/am/11-1 kings.json","kings","11","16","34","1","34","0","0","0","0"
"am","data/bible/am/11-1 kings.json","kings","11","17","24","1","24","0","0","0","0"
"am","data/bible/am/11-1 kings.json","kings","11","18","46","1","46","0","0","0","0"
"am","data/bible/am/11-1 kings.json","kings","11","19","21","1","21","0","0","0","0"
"am","data/bible/am/11-1 kings.json","kings","11","20","29","1","29","0","0","0","0"
"am","data/bible/am/11-1 kings.json","kings","11","21","43","1","43","0","0","0","0"
"am","data/bible/am/11-1 kings.json","kings","11","22","53","1","53","0","0","0","0"
"am","data/bible/am/12-2 kings.json","kings","12","1","18","1","18","0","0","0","0"
"am","data/bible/am/12-2 kings.json","kings","12","2","25","1","25","0","0","0","0"
"am","data/bible/am/12-2 kings.json","kings","12","3","27","1","27","0","0","0","0"
"am","data/bible/am/12-2 kings.json","kings","12","4","44","1","44","0","0","0","0"
"am","data/bible/am/12-2 kings.json","kings","12","5","27","1","27","0","0","0","0"
"am","data/bible/am/12-2 kings.json","kings","12","6","33","1","33","0","0","0","0"
"am","data/bible/am/12-2 kings.json","kings","12","7","20","1","20","0","0","0","0"
"am","data/bible/am/12-2 kings.json","kings","12","8","29","1","29","0","0","0","0"
"am","data/bible/am/12-2 kings.json","kings","12","9","37","1","37","0","0","0","0"
"am","data/bible/am/12-2 kings.json","kings","12","10","36","1","36","0","0","0","0"
"am","data/bible/am/12-2 kings.json","kings","12","11","21","1","21","0","0","0","0"
"am","data/bible/am/12-2 kings.json","kings","12","12","21","1","21","0","0","0","0"
"am","data/bible/am/12-2 kings.json","kings","12","13","25","1","25","0","0","0","0"
"am","data/bible/am/12-2 kings.json","kings","12","14","29","1","29","0","0","0","0"
"am","data/bible/am/12-2 kings.json","kings","12","15","38","1","38","0","0","0","0"
"am","data/bible/am/12-2 kings.json","kings","12","16","20","1","20","0","0","0","0"
"am","data/bible/am/12-2 kings.json","kings","12","17","41","1","41","0","0","0","0"
"am","data/bible/am/12-2 kings.json","kings","12","18","37","1","37","0","0","0","0"
"am","data/bible/am/12-2 kings.json","kings","12","19","37","1","37","0","0","0","0"
"am","data/bible/am/12-2 kings.json","kings","12","20","21","1","21","0","0","0","0"
"am","data/bible/am/12-2 kings.json","kings","12","21","26","1","26","0","0","0","0"
"am","data/bible/am/12-2 kings.json","kings","12","22","20","1","20","0","0","0","0"
"am","data/bible/am/12-2 kings.json","kings","12","23","37","1","37","0","0","0","0"
"am","data/bible/am/12-2 kings.json","kings","12","24","20","1","20","0","0","0","0"
"am","data/bible/am/12-2 kings.json","kings","12","25","30","1","30","0","0","0","0"
"am","data/bible/am/13-1 chronicles.json","first-chronicles","13","1","54","1","54","0","0","0","0"
"am","data/bible/am/13-1 chronicles.json","first-chronicles","13","2","55","1","55","0","0","0","0"
"am","data/bible/am/13-1 chronicles.json","first-chronicles","13","3","24","1","24","0","0","0","0"
"am","data/bible/am/13-1 chronicles.json","first-chronicles","13","4","43","1","43","0","0","0","0"
"am","data/bible/am/13-1 chronicles.json","first-chronicles","13","5","26","1","26","0","0","0","0"
"am","data/bible/am/13-1 chronicles.json","first-chronicles","13","6","81","1","81","0","0","0","0"
"am","data/bible/am/13-1 chronicles.json","first-chronicles","13","7","40","1","40","0","0","0","0"
"am","data/bible/am/13-1 chronicles.json","first-chronicles","13","8","40","1","40","0","0","0","0"
"am","data/bible/am/13-1 chronicles.json","first-chronicles","13","9","44","1","44","0","0","0","0"
"am","data/bible/am/13-1 chronicles.json","first-chronicles","13","10","14","1","14","0","0","0","0"
"am","data/bible/am/13-1 chronicles.json","first-chronicles","13","11","47","1","47","0","0","0","0"
"am","data/bible/am/13-1 chronicles.json","first-chronicles","13","12","40","1","40","0","0","0","0"
"am","data/bible/am/13-1 chronicles.json","first-chronicles","13","13","14","1","14","0","0","0","0"
"am","data/bible/am/13-1 chronicles.json","first-chronicles","13","14","17","1","17","0","0","0","0"
"am","data/bible/am/13-1 chronicles.json","first-chronicles","13","15","29","1","29","0","0","0","0"
"am","data/bible/am/13-1 chronicles.json","first-chronicles","13","16","43","1","43","0","0","0","0"
"am","data/bible/am/13-1 chronicles.json","first-chronicles","13","17","27","1","27","0","0","0","0"
"am","data/bible/am/13-1 chronicles.json","first-chronicles","13","18","17","1","17","0","0","0","0"
"am","data/bible/am/13-1 chronicles.json","first-chronicles","13","19","19","1","19","0","0","0","0"
"am","data/bible/am/13-1 chronicles.json","first-chronicles","13","20","8","1","8","0","0","0","0"
"am","data/bible/am/13-1 chronicles.json","first-chronicles","13","21","30","1","30","0","0","0","0"
"am","data/bible/am/13-1 chronicles.json","first-chronicles","13","22","19","1","19","0","0","0","0"
"am","data/bible/am/13-1 chronicles.json","first-chronicles","13","23","32","1","32","0","0","0","0"
"am","data/bible/am/13-1 chronicles.json","first-chronicles","13","24","31","1","31","0","0","0","0"
"am","data/bible/am/13-1 chronicles.json","first-chronicles","13","25","31","1","31","0","0","0","0"
"am","data/bible/am/13-1 chronicles.json","first-chronicles","13","26","32","1","32","0","0","0","0"
"am","data/bible/am/13-1 chronicles.json","first-chronicles","13","27","34","1","34","0","0","0","0"
"am","data/bible/am/13-1 chronicles.json","first-chronicles","13","28","21","1","21","0","0","0","0"
"am","data/bible/am/13-1 chronicles.json","first-chronicles","13","29","30","1","30","0","0","0","0"
"am","data/bible/am/14-2 chronicles.json","second-chronicles","14","1","17","1","17","0","0","0","0"
"am","data/bible/am/14-2 chronicles.json","second-chronicles","14","2","18","1","18","0","0","0","0"
"am","data/bible/am/14-2 chronicles.json","second-chronicles","14","3","17","1","17","0","0","0","0"
"am","data/bible/am/14-2 chronicles.json","second-chronicles","14","4","22","1","22","0","0","0","0"
"am","data/bible/am/14-2 chronicles.json","second-chronicles","14","5","14","1","14","0","0","0","0"
"am","data/bible/am/14-2 chronicles.json","second-chronicles","14","6","42","1","42","0","0","0","0"
"am","data/bible/am/14-2 chronicles.json","second-chronicles","14","7","22","1","22","0","0","0","0"
"am","data/bible/am/14-2 chronicles.json","second-chronicles","14","8","18","1","18","0","0","0","0"
"am","data/bible/am/14-2 chronicles.json","second-chronicles","14","9","31","1","31","0","0","0","0"
"am","data/bible/am/14-2 chronicles.json","second-chronicles","14","10","19","1","19","0","0","0","0"
"am","data/bible/am/14-2 chronicles.json","second-chronicles","14","11","23","1","23","0","0","0","0"
"am","data/bible/am/14-2 chronicles.json","second-chronicles","14","12","16","1","16","0","0","0","0"
"am","data/bible/am/14-2 chronicles.json","second-chronicles","14","13","22","1","22","0","0","0","0"
"am","data/bible/am/14-2 chronicles.json","second-chronicles","14","14","15","1","15","0","0","0","0"
"am","data/bible/am/14-2 chronicles.json","second-chronicles","14","15","19","1","19","0","0","0","0"
"am","data/bible/am/14-2 chronicles.json","second-chronicles","14","16","14","1","14","0","0","0","0"
"am","data/bible/am/14-2 chronicles.json","second-chronicles","14","17","19","1","19","0","0","0","0"
"am","data/bible/am/14-2 chronicles.json","second-chronicles","14","18","34","1","34","0","0","0","0"
"am","data/bible/am/14-2 chronicles.json","second-chronicles","14","19","11","1","11","0","0","0","0"
"am","data/bible/am/14-2 chronicles.json","second-chronicles","14","20","37","1","37","0","0","0","0"
"am","data/bible/am/14-2 chronicles.json","second-chronicles","14","21","20","1","20","0","0","0","0"
"am","data/bible/am/14-2 chronicles.json","second-chronicles","14","22","12","1","12","0","0","0","0"
"am","data/bible/am/14-2 chronicles.json","second-chronicles","14","23","21","1","21","0","0","0","0"
"am","data/bible/am/14-2 chronicles.json","second-chronicles","14","24","27","1","27","0","0","0","0"
"am","data/bible/am/14-2 chronicles.json","second-chronicles","14","25","28","1","28","0","0","0","0"
"am","data/bible/am/14-2 chronicles.json","second-chronicles","14","26","23","1","23","0","0","0","0"
"am","data/bible/am/14-2 chronicles.json","second-chronicles","14","27","9","1","9","0","0","0","0"
"am","data/bible/am/14-2 chronicles.json","second-chronicles","14","28","27","1","27","0","0","0","0"
"am","data/bible/am/14-2 chronicles.json","second-chronicles","14","29","36","1","36","0","0","0","0"
"am","data/bible/am/14-2 chronicles.json","second-chronicles","14","30","27","1","27","0","0","0","0"
"am","data/bible/am/14-2 chronicles.json","second-chronicles","14","31","21","1","21","0","0","0","0"
"am","data/bible/am/14-2 chronicles.json","second-chronicles","14","32","33","1","33","0","0","0","0"
"am","data/bible/am/14-2 chronicles.json","second-chronicles","14","33","38","1","38","0","0","0","0"
"am","data/bible/am/14-2 chronicles.json","second-chronicles","14","34","33","1","33","0","0","0","0"
"am","data/bible/am/14-2 chronicles.json","second-chronicles","14","35","27","1","27","0","0","0","0"
"am","data/bible/am/14-2 chronicles.json","second-chronicles","14","36","23","1","23","0","0","0","0"
"am","data/bible/am/15-kufale.json","jubilees","15","1","26","1","26","0","0","0","0"
"am","data/bible/am/15-kufale.json","jubilees","15","2","17","1","17","0","0","0","0"
"am","data/bible/am/15-kufale.json","jubilees","15","3","19","1","19","0","0","0","0"
"am","data/bible/am/15-kufale.json","jubilees","15","4","24","1","24","0","0","0","0"
"am","data/bible/am/15-kufale.json","jubilees","15","5","36","1","36","0","0","0","0"
"am","data/bible/am/15-kufale.json","jubilees","15","6","34","1","34","0","0","0","0"
"am","data/bible/am/15-kufale.json","jubilees","15","7","37","1","37","0","0","0","0"
"am","data/bible/am/15-kufale.json","jubilees","15","8","40","1","40","0","0","0","0"
"am","data/bible/am/15-kufale.json","jubilees","15","9","27","1","27","0","0","0","0"
"am","data/bible/am/15-kufale.json","jubilees","15","10","48","1","48","0","0","0","0"
"am","data/bible/am/15-kufale.json","jubilees","15","11","39","1","39","0","0","0","0"
"am","data/bible/am/15-kufale.json","jubilees","15","12","56","1","56","0","0","0","0"
"am","data/bible/am/15-kufale.json","jubilees","15","13","34","1","34","0","0","0","0"
"am","data/bible/am/15-kufale.json","jubilees","15","14","55","1","55","0","0","0","0"
"am","data/bible/am/15-kufale.json","jubilees","15","15","20","1","20","0","0","0","0"
"am","data/bible/am/15-kufale.json","jubilees","15","16","28","1","28","0","0","0","0"
"am","data/bible/am/15-kufale.json","jubilees","15","17","30","1","30","0","0","0","0"
"am","data/bible/am/15-kufale.json","jubilees","15","18","31","1","31","0","0","0","0"
"am","data/bible/am/15-kufale.json","jubilees","15","19","59","1","59","0","0","0","0"
"am","data/bible/am/15-kufale.json","jubilees","15","20","66","1","66","0","0","0","0"
"am","data/bible/am/15-kufale.json","jubilees","15","21","30","1","30","0","0","0","0"
"am","data/bible/am/15-kufale.json","jubilees","15","22","38","1","38","0","0","0","0"
"am","data/bible/am/15-kufale.json","jubilees","15","23","59","1","59","0","0","0","0"
"am","data/bible/am/15-kufale.json","jubilees","15","24","30","1","30","0","0","0","0"
"am","data/bible/am/15-kufale.json","jubilees","15","25","50","1","50","0","0","0","0"
"am","data/bible/am/15-kufale.json","jubilees","15","26","48","1","48","0","0","0","0"
"am","data/bible/am/15-kufale.json","jubilees","15","27","37","1","37","0","0","0","0"
"am","data/bible/am/15-kufale.json","jubilees","15","28","38","1","38","0","0","0","0"
"am","data/bible/am/15-kufale.json","jubilees","15","29","27","1","27","0","0","0","0"
"am","data/bible/am/15-kufale.json","jubilees","15","30","29","1","29","0","0","0","0"
"am","data/bible/am/15-kufale.json","jubilees","15","31","31","1","31","0","0","0","0"
"am","data/bible/am/15-kufale.json","jubilees","15","32","24","1","24","0","0","0","0"
"am","data/bible/am/15-kufale.json","jubilees","15","33","30","1","30","0","0","0","0"
"am","data/bible/am/15-kufale.json","jubilees","15","34","20","1","20","0","0","0","0"
"am","data/bible/am/16-enoch.json","enoch","16","1","28","1","28","0","0","0","0"
"am","data/bible/am/16-enoch.json","enoch","16","2","42","1","42","0","0","0","0"
"am","data/bible/am/16-enoch.json","enoch","16","3","30","1","30","0","0","0","0"
"am","data/bible/am/16-enoch.json","enoch","16","4","88","1","88","0","0","0","0"
"am","data/bible/am/16-enoch.json","enoch","16","5","40","1","40","0","0","0","0"
"am","data/bible/am/16-enoch.json","enoch","16","6","42","1","42","0","0","0","0"
"am","data/bible/am/16-enoch.json","enoch","16","7","39","1","39","0","0","0","0"
"am","data/bible/am/16-enoch.json","enoch","16","8","46","1","46","0","0","0","0"
"am","data/bible/am/16-enoch.json","enoch","16","9","42","1","42","0","0","0","0"
"am","data/bible/am/16-enoch.json","enoch","16","10","16","1","16","0","0","0","0"
"am","data/bible/am/16-enoch.json","enoch","16","11","19","1","19","0","0","0","0"
"am","data/bible/am/16-enoch.json","enoch","16","12","40","1","40","0","0","0","0"
"am","data/bible/am/16-enoch.json","enoch","16","13","34","1","34","0","0","0","0"
"am","data/bible/am/16-enoch.json","enoch","16","14","35","1","35","0","0","0","0"
"am","data/bible/am/16-enoch.json","enoch","16","15","45","1","45","0","0","0","0"
"am","data/bible/am/16-enoch.json","enoch","16","16","41","1","41","0","0","0","0"
"am","data/bible/am/16-enoch.json","enoch","16","17","69","1","69","0","0","0","0"
"am","data/bible/am/16-enoch.json","enoch","16","18","42","1","42","0","0","0","0"
"am","data/bible/am/16-enoch.json","enoch","16","19","29","1","29","0","0","0","0"
"am","data/bible/am/16-enoch.json","enoch","16","20","53","1","53","0","0","0","0"
"am","data/bible/am/16-enoch.json","enoch","16","21","57","1","57","0","0","0","0"
"am","data/bible/am/16-enoch.json","enoch","16","22","14","1","14","0","0","0","0"
"am","data/bible/am/16-enoch.json","enoch","16","23","26","1","26","0","0","0","0"
"am","data/bible/am/16-enoch.json","enoch","16","24","14","1","14","0","0","0","0"
"am","data/bible/am/16-enoch.json","enoch","16","25","30","1","30","0","0","0","0"
"am","data/bible/am/16-enoch.json","enoch","16","26","37","1","37","0","0","0","0"
"am","data/bible/am/16-enoch.json","enoch","16","27","21","1","21","0","0","0","0"
"am","data/bible/am/16-enoch.json","enoch","16","28","34","1","34","0","0","0","0"
"am","data/bible/am/16-enoch.json","enoch","16","29","28","1","28","0","0","0","0"
"am","data/bible/am/16-enoch.json","enoch","16","30","23","1","23","0","0","0","0"
"am","data/bible/am/16-enoch.json","enoch","16","31","29","1","29","0","0","0","0"
"am","data/bible/am/16-enoch.json","enoch","16","32","82","1","82","0","0","0","0"
"am","data/bible/am/16-enoch.json","enoch","16","33","59","1","59","0","0","0","0"
"am","data/bible/am/16-enoch.json","enoch","16","34","49","1","49","0","0","0","0"
"am","data/bible/am/16-enoch.json","enoch","16","35","36","1","36","0","0","0","0"
"am","data/bible/am/16-enoch.json","enoch","16","36","30","1","30","0","0","0","0"
"am","data/bible/am/16-enoch.json","enoch","16","37","34","1","34","0","0","0","0"
"am","data/bible/am/16-enoch.json","enoch","16","38","36","1","36","0","0","0","0"
"am","data/bible/am/16-enoch.json","enoch","16","39","24","1","24","0","0","0","0"
"am","data/bible/am/16-enoch.json","enoch","16","40","40","1","40","0","0","0","0"
"am","data/bible/am/16-enoch.json","enoch","16","41","22","1","22","0","0","0","0"
"am","data/bible/am/16-enoch.json","enoch","16","42","16","1","16","0","0","0","0"
"am","data/bible/am/17-ezra.json","ezra-nehemiah","17","1","11","1","11","0","0","0","0"
"am","data/bible/am/17-ezra.json","ezra-nehemiah","17","2","70","1","70","0","0","0","0"
"am","data/bible/am/17-ezra.json","ezra-nehemiah","17","3","13","1","13","0","0","0","0"
"am","data/bible/am/17-ezra.json","ezra-nehemiah","17","4","24","1","24","0","0","0","0"
"am","data/bible/am/17-ezra.json","ezra-nehemiah","17","5","17","1","17","0","0","0","0"
"am","data/bible/am/17-ezra.json","ezra-nehemiah","17","6","22","1","22","0","0","0","0"
"am","data/bible/am/17-ezra.json","ezra-nehemiah","17","7","28","1","28","0","0","0","0"
"am","data/bible/am/17-ezra.json","ezra-nehemiah","17","8","36","1","36","0","0","0","0"
"am","data/bible/am/17-ezra.json","ezra-nehemiah","17","9","15","1","15","0","0","0","0"
"am","data/bible/am/17-ezra.json","ezra-nehemiah","17","10","44","1","44","0","0","0","0"
"am","data/bible/am/18-nehemiah.json","ezra-nehemiah","18","1","11","1","11","0","0","0","0"
"am","data/bible/am/18-nehemiah.json","ezra-nehemiah","18","2","20","1","20","0","0","0","0"
"am","data/bible/am/18-nehemiah.json","ezra-nehemiah","18","3","32","1","32","0","0","0","0"
"am","data/bible/am/18-nehemiah.json","ezra-nehemiah","18","4","23","1","23","0","0","0","0"
"am","data/bible/am/18-nehemiah.json","ezra-nehemiah","18","5","19","1","19","0","0","0","0"
"am","data/bible/am/18-nehemiah.json","ezra-nehemiah","18","6","19","1","19","0","0","0","0"
"am","data/bible/am/18-nehemiah.json","ezra-nehemiah","18","7","73","1","73","0","0","0","0"
"am","data/bible/am/18-nehemiah.json","ezra-nehemiah","18","8","18","1","18","0","0","0","0"
"am","data/bible/am/18-nehemiah.json","ezra-nehemiah","18","9","38","1","38","0","0","0","0"
"am","data/bible/am/18-nehemiah.json","ezra-nehemiah","18","10","39","1","39","0","0","0","0"
"am","data/bible/am/18-nehemiah.json","ezra-nehemiah","18","11","36","1","36","0","0","0","0"
"am","data/bible/am/18-nehemiah.json","ezra-nehemiah","18","12","47","1","47","0","0","0","0"
"am","data/bible/am/18-nehemiah.json","ezra-nehemiah","18","13","31","1","31","0","0","0","0"
"am","data/bible/am/19-ezrasutuel.json","second-ezra-and-ezra-sutuel","19","1","35","1","35","0","0","0","0"
"am","data/bible/am/19-ezrasutuel.json","second-ezra-and-ezra-sutuel","19","2","52","1","52","0","0","0","0"
"am","data/bible/am/19-ezrasutuel.json","second-ezra-and-ezra-sutuel","19","3","55","1","55","0","0","0","0"
"am","data/bible/am/19-ezrasutuel.json","second-ezra-and-ezra-sutuel","19","4","59","1","59","0","0","0","0"
"am","data/bible/am/19-ezrasutuel.json","second-ezra-and-ezra-sutuel","19","5","69","1","69","0","0","0","0"
"am","data/bible/am/19-ezrasutuel.json","second-ezra-and-ezra-sutuel","19","6","69","1","69","0","0","0","0"
"am","data/bible/am/19-ezrasutuel.json","second-ezra-and-ezra-sutuel","19","7","63","1","63","0","0","0","0"
"am","data/bible/am/19-ezrasutuel.json","second-ezra-and-ezra-sutuel","19","8","45","1","45","0","0","0","0"
"am","data/bible/am/19-ezrasutuel.json","second-ezra-and-ezra-sutuel","19","9","60","1","60","0","0","0","0"
"am","data/bible/am/19-ezrasutuel.json","second-ezra-and-ezra-sutuel","19","10","46","1","46","0","0","0","0"
"am","data/bible/am/19-ezrasutuel.json","second-ezra-and-ezra-sutuel","19","11","51","1","51","0","0","0","0"
"am","data/bible/am/19-ezrasutuel.json","second-ezra-and-ezra-sutuel","19","12","58","1","58","0","0","0","0"
"am","data/bible/am/19-ezrasutuel.json","second-ezra-and-ezra-sutuel","19","13","49","1","49","0","0","0","0"
"am","data/bible/am/20-ezrakale.json","second-ezra-and-ezra-sutuel","20","1","58","1","58","0","0","0","0"
"am","data/bible/am/20-ezrakale.json","second-ezra-and-ezra-sutuel","20","2","31","1","31","0","0","0","0"
"am","data/bible/am/20-ezrakale.json","second-ezra-and-ezra-sutuel","20","3","24","1","24","0","0","0","0"
"am","data/bible/am/20-ezrakale.json","second-ezra-and-ezra-sutuel","20","4","63","1","63","0","0","0","0"
"am","data/bible/am/20-ezrakale.json","second-ezra-and-ezra-sutuel","20","5","73","1","73","0","0","0","0"
"am","data/bible/am/20-ezrakale.json","second-ezra-and-ezra-sutuel","20","6","34","1","34","0","0","0","0"
"am","data/bible/am/20-ezrakale.json","second-ezra-and-ezra-sutuel","20","7","15","1","15","0","0","0","0"
"am","data/bible/am/20-ezrakale.json","second-ezra-and-ezra-sutuel","20","8","96","1","96","0","0","0","0"
"am","data/bible/am/20-ezrakale.json","second-ezra-and-ezra-sutuel","20","9","55","1","55","0","0","0","0"
"am","data/bible/am/21-tobit.json","tobit","21","1","22","1","22","0","0","0","0"
"am","data/bible/am/21-tobit.json","tobit","21","2","14","1","14","0","0","0","0"
"am","data/bible/am/21-tobit.json","tobit","21","3","17","1","17","0","0","0","0"
"am","data/bible/am/21-tobit.json","tobit","21","4","21","1","21","0","0","0","0"
"am","data/bible/am/21-tobit.json","tobit","21","5","22","1","22","0","0","0","0"
"am","data/bible/am/21-tobit.json","tobit","21","6","17","1","17","0","0","0","0"
"am","data/bible/am/21-tobit.json","tobit","21","7","18","1","18","0","0","0","0"
"am","data/bible/am/21-tobit.json","tobit","21","8","21","1","21","0","0","0","0"
"am","data/bible/am/21-tobit.json","tobit","21","9","6","1","6","0","0","0","0"
"am","data/bible/am/21-tobit.json","tobit","21","10","13","1","13","0","0","0","0"
"am","data/bible/am/21-tobit.json","tobit","21","11","18","1","18","0","0","0","0"
"am","data/bible/am/21-tobit.json","tobit","21","12","22","1","22","0","0","0","0"
"am","data/bible/am/21-tobit.json","tobit","21","13","18","1","18","0","0","0","0"
"am","data/bible/am/21-tobit.json","tobit","21","14","15","1","15","0","0","0","0"
"am","data/bible/am/22-yodit.json","judith","22","1","16","1","16","0","0","0","0"
"am","data/bible/am/22-yodit.json","judith","22","2","28","1","28","0","0","0","0"
"am","data/bible/am/22-yodit.json","judith","22","3","10","1","10","0","0","0","0"
"am","data/bible/am/22-yodit.json","judith","22","4","15","1","15","0","0","0","0"
"am","data/bible/am/22-yodit.json","judith","22","5","24","1","24","0","0","0","0"
"am","data/bible/am/22-yodit.json","judith","22","6","21","1","21","0","0","0","0"
"am","data/bible/am/22-yodit.json","judith","22","7","32","1","32","0","0","0","0"
"am","data/bible/am/22-yodit.json","judith","22","8","36","1","36","0","0","0","0"
"am","data/bible/am/22-yodit.json","judith","22","9","14","1","14","0","0","0","0"
"am","data/bible/am/22-yodit.json","judith","22","10","23","1","23","0","0","0","0"
"am","data/bible/am/22-yodit.json","judith","22","11","23","1","23","0","0","0","0"
"am","data/bible/am/22-yodit.json","judith","22","12","20","1","20","0","0","0","0"
"am","data/bible/am/22-yodit.json","judith","22","13","20","1","20","0","0","0","0"
"am","data/bible/am/22-yodit.json","judith","22","14","19","1","19","0","0","0","0"
"am","data/bible/am/22-yodit.json","judith","22","15","13","1","13","0","0","0","0"
"am","data/bible/am/22-yodit.json","judith","22","16","30","1","30","0","0","0","0"
"am","data/bible/am/23-esther.json","esther","23","1","39","1","39","0","0","0","0"
"am","data/bible/am/23-esther.json","esther","23","2","23","1","23","0","0","0","0"
"am","data/bible/am/23-esther.json","esther","23","3","22","1","22","0","0","0","0"
"am","data/bible/am/23-esther.json","esther","23","4","42","1","47","5","0","0","0"
"am","data/bible/am/23-esther.json","esther","23","5","21","1","28","5","0","0","0"
"am","data/bible/am/23-esther.json","esther","23","6","14","1","14","0","0","0","0"
"am","data/bible/am/23-esther.json","esther","23","7","10","1","10","0","0","0","0"
"am","data/bible/am/23-esther.json","esther","23","8","41","1","41","0","0","0","0"
"am","data/bible/am/23-esther.json","esther","23","9","32","1","32","0","0","0","0"
"am","data/bible/am/23-esther.json","esther","23","10","13","1","13","0","0","0","0"
"am","data/bible/am/23-esther.json","esther","23","11","1","1","1","0","0","0","0"
"am","data/bible/am/24-1 maccabees.json","first-meqabyan","24","1","28","1","28","0","0","0","0"
"am","data/bible/am/24-1 maccabees.json","first-meqabyan","24","2","28","1","28","0","0","0","0"
"am","data/bible/am/24-1 maccabees.json","first-meqabyan","24","3","38","1","38","0","0","0","0"
"am","data/bible/am/24-1 maccabees.json","first-meqabyan","24","4","37","1","37","0","0","0","0"
"am","data/bible/am/24-1 maccabees.json","first-meqabyan","24","5","39","1","39","0","0","0","0"
"am","data/bible/am/24-1 maccabees.json","first-meqabyan","24","6","38","1","38","0","0","0","0"
"am","data/bible/am/24-1 maccabees.json","first-meqabyan","24","7","33","1","33","0","0","0","0"
"am","data/bible/am/24-1 maccabees.json","first-meqabyan","24","8","35","1","35","0","0","0","0"
"am","data/bible/am/24-1 maccabees.json","first-meqabyan","24","9","10","1","10","0","0","0","0"
"am","data/bible/am/24-1 maccabees.json","first-meqabyan","24","10","8","1","8","0","0","0","0"
"am","data/bible/am/24-1 maccabees.json","first-meqabyan","24","11","8","1","8","0","0","0","0"
"am","data/bible/am/24-1 maccabees.json","first-meqabyan","24","12","44","1","44","0","0","0","0"
"am","data/bible/am/24-1 maccabees.json","first-meqabyan","24","13","27","1","27","0","0","0","0"
"am","data/bible/am/24-1 maccabees.json","first-meqabyan","24","14","23","1","23","0","0","0","0"
"am","data/bible/am/24-1 maccabees.json","first-meqabyan","24","15","20","1","20","0","0","0","0"
"am","data/bible/am/24-1 maccabees.json","first-meqabyan","24","16","9","1","9","0","0","0","0"
"am","data/bible/am/24-1 maccabees.json","first-meqabyan","24","17","8","1","8","0","0","0","0"
"am","data/bible/am/24-1 maccabees.json","first-meqabyan","24","18","12","1","12","0","0","0","0"
"am","data/bible/am/24-1 maccabees.json","first-meqabyan","24","19","17","1","17","0","0","0","0"
"am","data/bible/am/24-1 maccabees.json","first-meqabyan","24","20","4","1","4","0","0","0","0"
"am","data/bible/am/24-1 maccabees.json","first-meqabyan","24","21","31","1","31","0","0","0","0"
"am","data/bible/am/24-1 maccabees.json","first-meqabyan","24","22","11","1","11","0","0","0","0"
"am","data/bible/am/24-1 maccabees.json","first-meqabyan","24","23","7","1","7","0","0","0","0"
"am","data/bible/am/24-1 maccabees.json","first-meqabyan","24","24","22","1","22","0","0","0","0"
"am","data/bible/am/24-1 maccabees.json","first-meqabyan","24","25","18","1","18","0","0","0","0"
"am","data/bible/am/24-1 maccabees.json","first-meqabyan","24","26","5","1","5","0","0","0","0"
"am","data/bible/am/24-1 maccabees.json","first-meqabyan","24","27","20","1","20","0","0","0","0"
"am","data/bible/am/24-1 maccabees.json","first-meqabyan","24","28","49","1","49","0","0","0","0"
"am","data/bible/am/24-1 maccabees.json","first-meqabyan","24","29","17","1","17","0","0","0","0"
"am","data/bible/am/24-1 maccabees.json","first-meqabyan","24","30","16","1","16","0","0","0","0"
"am","data/bible/am/24-1 maccabees.json","first-meqabyan","24","31","7","1","7","0","0","0","0"
"am","data/bible/am/24-1 maccabees.json","first-meqabyan","24","32","4","1","4","0","0","0","0"
"am","data/bible/am/24-1 maccabees.json","first-meqabyan","24","33","11","1","11","0","0","0","0"
"am","data/bible/am/24-1 maccabees.json","first-meqabyan","24","34","18","1","18","0","0","0","0"
"am","data/bible/am/24-1 maccabees.json","first-meqabyan","24","35","8","1","8","0","0","0","0"
"am","data/bible/am/24-1 maccabees.json","first-meqabyan","24","36","46","1","46","0","0","0","0"
"am","data/bible/am/25-2 maccabees.json","second-and-third-meqabyan","25","1","13","1","13","0","0","0","0"
"am","data/bible/am/25-2 maccabees.json","second-and-third-meqabyan","25","2","11","1","11","0","0","0","0"
"am","data/bible/am/25-2 maccabees.json","second-and-third-meqabyan","25","3","29","1","29","0","0","0","0"
"am","data/bible/am/25-2 maccabees.json","second-and-third-meqabyan","25","4","32","1","32","0","0","0","0"
"am","data/bible/am/25-2 maccabees.json","second-and-third-meqabyan","25","5","18","1","18","0","0","0","0"
"am","data/bible/am/25-2 maccabees.json","second-and-third-meqabyan","25","6","24","1","24","0","0","0","0"
"am","data/bible/am/25-2 maccabees.json","second-and-third-meqabyan","25","7","9","1","9","0","0","0","0"
"am","data/bible/am/25-2 maccabees.json","second-and-third-meqabyan","25","8","24","1","24","0","0","0","0"
"am","data/bible/am/25-2 maccabees.json","second-and-third-meqabyan","25","9","27","1","27","0","0","0","0"
"am","data/bible/am/25-2 maccabees.json","second-and-third-meqabyan","25","10","28","1","28","0","0","0","0"
"am","data/bible/am/25-2 maccabees.json","second-and-third-meqabyan","25","11","25","1","25","0","0","0","0"
"am","data/bible/am/25-2 maccabees.json","second-and-third-meqabyan","25","12","15","1","15","0","0","0","0"
"am","data/bible/am/25-2 maccabees.json","second-and-third-meqabyan","25","13","14","1","14","0","0","0","0"
"am","data/bible/am/25-2 maccabees.json","second-and-third-meqabyan","25","14","36","1","36","0","0","0","0"
"am","data/bible/am/25-2 maccabees.json","second-and-third-meqabyan","25","15","21","1","21","0","0","0","0"
"am","data/bible/am/25-2 maccabees.json","second-and-third-meqabyan","25","16","15","1","15","0","0","0","0"
"am","data/bible/am/25-2 maccabees.json","second-and-third-meqabyan","25","17","12","1","12","0","0","0","0"
"am","data/bible/am/25-2 maccabees.json","second-and-third-meqabyan","25","18","14","1","14","0","0","0","0"
"am","data/bible/am/25-2 maccabees.json","second-and-third-meqabyan","25","19","15","1","15","0","0","0","0"
"am","data/bible/am/25-2 maccabees.json","second-and-third-meqabyan","25","20","14","1","14","0","0","0","0"
"am","data/bible/am/25-2 maccabees.json","second-and-third-meqabyan","25","21","28","1","28","0","0","0","0"
"am","data/bible/am/26-3 maccabees.json","second-and-third-meqabyan","26","1","24","1","24","0","0","0","0"
"am","data/bible/am/26-3 maccabees.json","second-and-third-meqabyan","26","2","23","1","23","0","0","0","0"
"am","data/bible/am/26-3 maccabees.json","second-and-third-meqabyan","26","3","11","1","11","0","0","0","0"
"am","data/bible/am/26-3 maccabees.json","second-and-third-meqabyan","26","4","36","1","36","0","0","0","0"
"am","data/bible/am/26-3 maccabees.json","second-and-third-meqabyan","26","5","16","1","16","0","0","0","0"
"am","data/bible/am/26-3 maccabees.json","second-and-third-meqabyan","26","6","16","1","16","0","0","0","0"
"am","data/bible/am/26-3 maccabees.json","second-and-third-meqabyan","26","7","5","1","5","0","0","0","0"
"am","data/bible/am/26-3 maccabees.json","second-and-third-meqabyan","26","8","12","1","12","0","0","0","0"
"am","data/bible/am/26-3 maccabees.json","second-and-third-meqabyan","26","9","36","1","36","0","0","0","0"
"am","data/bible/am/26-3 maccabees.json","second-and-third-meqabyan","26","10","29","1","29","0","0","0","0"
"am","data/bible/am/27-job.json","job","27","1","22","1","22","0","0","0","0"
"am","data/bible/am/27-job.json","job","27","2","13","1","13","0","0","0","0"
"am","data/bible/am/27-job.json","job","27","3","26","1","26","0","0","0","0"
"am","data/bible/am/27-job.json","job","27","4","21","1","21","0","0","0","0"
"am","data/bible/am/27-job.json","job","27","5","27","1","27","0","0","0","0"
"am","data/bible/am/27-job.json","job","27","6","30","1","30","0","0","0","0"
"am","data/bible/am/27-job.json","job","27","7","21","1","21","0","0","0","0"
"am","data/bible/am/27-job.json","job","27","8","22","1","22","0","0","0","0"
"am","data/bible/am/27-job.json","job","27","9","35","1","35","0","0","0","0"
"am","data/bible/am/27-job.json","job","27","10","22","1","22","0","0","0","0"
"am","data/bible/am/27-job.json","job","27","11","20","1","20","0","0","0","0"
"am","data/bible/am/27-job.json","job","27","12","25","1","25","0","0","0","0"
"am","data/bible/am/27-job.json","job","27","13","28","1","28","0","0","0","0"
"am","data/bible/am/27-job.json","job","27","14","22","1","22","0","0","0","0"
"am","data/bible/am/27-job.json","job","27","15","35","1","35","0","0","0","0"
"am","data/bible/am/27-job.json","job","27","16","23","1","23","0","0","0","0"
"am","data/bible/am/27-job.json","job","27","17","16","1","16","0","0","0","0"
"am","data/bible/am/27-job.json","job","27","18","21","1","21","0","0","0","0"
"am","data/bible/am/27-job.json","job","27","19","29","1","29","0","0","0","0"
"am","data/bible/am/27-job.json","job","27","20","29","1","29","0","0","0","0"
"am","data/bible/am/27-job.json","job","27","21","34","1","34","0","0","0","0"
"am","data/bible/am/27-job.json","job","27","22","30","1","30","0","0","0","0"
"am","data/bible/am/27-job.json","job","27","23","17","1","17","0","0","0","0"
"am","data/bible/am/27-job.json","job","27","24","25","1","25","0","0","0","0"
"am","data/bible/am/27-job.json","job","27","25","6","1","6","0","0","0","0"
"am","data/bible/am/27-job.json","job","27","26","14","1","14","0","0","0","0"
"am","data/bible/am/27-job.json","job","27","27","23","1","23","0","0","0","0"
"am","data/bible/am/27-job.json","job","27","28","28","1","28","0","0","0","0"
"am","data/bible/am/27-job.json","job","27","29","25","1","25","0","0","0","0"
"am","data/bible/am/27-job.json","job","27","30","31","1","31","0","0","0","0"
"am","data/bible/am/27-job.json","job","27","31","40","1","40","0","0","0","0"
"am","data/bible/am/27-job.json","job","27","32","22","1","22","0","0","0","0"
"am","data/bible/am/27-job.json","job","27","33","33","1","33","0","0","0","0"
"am","data/bible/am/27-job.json","job","27","34","37","1","37","0","0","0","0"
"am","data/bible/am/27-job.json","job","27","35","16","1","16","0","0","0","0"
"am","data/bible/am/27-job.json","job","27","36","33","1","33","0","0","0","0"
"am","data/bible/am/27-job.json","job","27","37","24","1","24","0","0","0","0"
"am","data/bible/am/27-job.json","job","27","38","41","1","41","0","0","0","0"
"am","data/bible/am/27-job.json","job","27","39","30","1","30","0","0","0","0"
"am","data/bible/am/27-job.json","job","27","40","32","1","32","0","0","0","0"
"am","data/bible/am/27-job.json","job","27","41","25","1","25","0","0","0","0"
"am","data/bible/am/27-job.json","job","27","42","25","1","25","0","0","0","0"
"am","data/bible/am/28-psalms.json","psalms","28","1","6","1","6","0","0","0","0"
"am","data/bible/am/28-psalms.json","psalms","28","2","12","1","12","0","0","0","0"
"am","data/bible/am/28-psalms.json","psalms","28","3","8","1","8","0","0","0","0"
"am","data/bible/am/28-psalms.json","psalms","28","4","8","1","8","0","0","0","0"
"am","data/bible/am/28-psalms.json","psalms","28","5","12","1","12","0","0","0","0"
"am","data/bible/am/28-psalms.json","psalms","28","6","10","1","10","0","0","0","0"
"am","data/bible/am/28-psalms.json","psalms","28","7","17","1","17","0","0","0","0"
"am","data/bible/am/28-psalms.json","psalms","28","8","9","1","9","0","0","0","0"
"am","data/bible/am/28-psalms.json","psalms","28","9","38","1","18","0","18","1","0"
"am","data/bible/am/28-psalms.json","psalms","28","10","7","1","7","0","0","0","0"
"am","data/bible/am/28-psalms.json","psalms","28","11","8","1","8","0","0","0","0"
"am","data/bible/am/28-psalms.json","psalms","28","12","6","1","6","0","0","0","0"
"am","data/bible/am/28-psalms.json","psalms","28","13","10","1","10","0","0","0","0"
"am","data/bible/am/28-psalms.json","psalms","28","14","5","1","5","0","0","0","0"
"am","data/bible/am/28-psalms.json","psalms","28","15","11","1","11","0","0","0","0"
"am","data/bible/am/28-psalms.json","psalms","28","16","15","1","15","0","0","0","0"
"am","data/bible/am/28-psalms.json","psalms","28","17","50","1","50","0","0","0","0"
"am","data/bible/am/28-psalms.json","psalms","28","18","14","1","14","0","0","0","0"
"am","data/bible/am/28-psalms.json","psalms","28","19","9","1","9","0","0","0","0"
"am","data/bible/am/28-psalms.json","psalms","28","20","13","1","13","0","0","0","0"
"am","data/bible/am/28-psalms.json","psalms","28","21","31","1","31","0","0","0","0"
"am","data/bible/am/28-psalms.json","psalms","28","22","6","1","6","0","0","0","0"
"am","data/bible/am/28-psalms.json","psalms","28","23","10","1","10","0","0","0","0"
"am","data/bible/am/28-psalms.json","psalms","28","24","22","1","22","0","0","0","0"
"am","data/bible/am/28-psalms.json","psalms","28","25","12","1","12","0","0","0","0"
"am","data/bible/am/28-psalms.json","psalms","28","26","14","1","14","0","0","0","0"
"am","data/bible/am/28-psalms.json","psalms","28","27","9","1","9","0","0","0","0"
"am","data/bible/am/28-psalms.json","psalms","28","28","11","1","11","0","0","0","0"
"am","data/bible/am/28-psalms.json","psalms","28","29","12","1","12","0","0","0","0"
"am","data/bible/am/28-psalms.json","psalms","28","30","24","1","24","0","0","0","0"
"am","data/bible/am/28-psalms.json","psalms","28","31","11","1","11","0","0","0","0"
"am","data/bible/am/28-psalms.json","psalms","28","32","22","1","22","0","0","0","0"
"am","data/bible/am/28-psalms.json","psalms","28","33","22","1","22","0","0","0","0"
"am","data/bible/am/28-psalms.json","psalms","28","34","28","1","28","0","0","0","0"
"am","data/bible/am/28-psalms.json","psalms","28","35","12","1","12","0","0","0","0"
"am","data/bible/am/28-psalms.json","psalms","28","36","40","1","40","0","0","0","0"
"am","data/bible/am/28-psalms.json","psalms","28","37","22","1","22","0","0","0","0"
"am","data/bible/am/28-psalms.json","psalms","28","38","13","1","13","0","0","0","0"
"am","data/bible/am/28-psalms.json","psalms","28","39","17","1","17","0","0","0","0"
"am","data/bible/am/28-psalms.json","psalms","28","40","13","1","13","0","0","0","0"
"am","data/bible/am/28-psalms.json","psalms","28","41","11","1","11","0","0","0","0"
"am","data/bible/am/28-psalms.json","psalms","28","42","5","1","5","0","0","0","0"
"am","data/bible/am/28-psalms.json","psalms","28","43","26","1","26","0","0","0","0"
"am","data/bible/am/28-psalms.json","psalms","28","44","17","1","17","0","0","0","0"
"am","data/bible/am/28-psalms.json","psalms","28","45","11","1","11","0","0","0","0"
"am","data/bible/am/28-psalms.json","psalms","28","46","9","1","9","0","0","0","0"
"am","data/bible/am/28-psalms.json","psalms","28","47","14","1","14","0","0","0","0"
"am","data/bible/am/28-psalms.json","psalms","28","48","18","1","20","1","0","0","0"
"am","data/bible/am/28-psalms.json","psalms","28","49","23","1","23","0","0","0","0"
"am","data/bible/am/28-psalms.json","psalms","28","50","19","1","19","0","0","0","0"
"am","data/bible/am/28-psalms.json","psalms","28","51","9","1","9","0","0","0","0"
"am","data/bible/am/28-psalms.json","psalms","28","52","6","1","6","0","0","0","0"
"am","data/bible/am/28-psalms.json","psalms","28","53","7","1","7","0","0","0","0"
"am","data/bible/am/28-psalms.json","psalms","28","54","23","1","23","0","0","0","0"
"am","data/bible/am/28-psalms.json","psalms","28","55","13","1","13","0","0","0","0"
"am","data/bible/am/28-psalms.json","psalms","28","56","11","1","11","0","0","0","0"
"am","data/bible/am/28-psalms.json","psalms","28","57","11","1","11","0","0","0","0"
"am","data/bible/am/28-psalms.json","psalms","28","58","17","1","17","0","0","0","0"
"am","data/bible/am/28-psalms.json","psalms","28","59","12","1","12","0","0","0","0"
"am","data/bible/am/28-psalms.json","psalms","28","60","8","1","8","0","0","0","0"
"am","data/bible/am/28-psalms.json","psalms","28","61","12","1","12","0","0","0","0"
"am","data/bible/am/28-psalms.json","psalms","28","62","11","1","11","0","0","0","0"
"am","data/bible/am/28-psalms.json","psalms","28","63","10","1","10","0","0","0","0"
"am","data/bible/am/28-psalms.json","psalms","28","64","13","1","13","0","0","0","0"
"am","data/bible/am/28-psalms.json","psalms","28","65","18","1","20","1","0","0","0"
"am","data/bible/am/28-psalms.json","psalms","28","66","7","1","7","0","0","0","0"
"am","data/bible/am/28-psalms.json","psalms","28","67","35","1","35","0","0","0","0"
"am","data/bible/am/28-psalms.json","psalms","28","68","36","1","36","0","0","0","0"
"am","data/bible/am/28-psalms.json","psalms","28","69","5","1","5","0","0","0","0"
"am","data/bible/am/28-psalms.json","psalms","28","70","24","1","24","0","0","0","0"
"am","data/bible/am/28-psalms.json","psalms","28","71","20","1","20","0","0","0","0"
"am","data/bible/am/28-psalms.json","psalms","28","72","28","1","28","0","0","0","0"
"am","data/bible/am/28-psalms.json","psalms","28","73","23","1","23","0","0","0","0"
"am","data/bible/am/28-psalms.json","psalms","28","74","10","1","10","0","0","0","0"
"am","data/bible/am/28-psalms.json","psalms","28","75","12","1","12","0","0","0","0"
"am","data/bible/am/28-psalms.json","psalms","28","76","20","1","20","0","0","0","0"
"am","data/bible/am/28-psalms.json","psalms","28","77","72","1","72","0","0","0","0"
"am","data/bible/am/28-psalms.json","psalms","28","78","13","1","13","0","0","0","0"
"am","data/bible/am/28-psalms.json","psalms","28","79","19","1","19","0","0","0","0"
"am","data/bible/am/28-psalms.json","psalms","28","80","16","1","16","0","0","0","0"
"am","data/bible/am/28-psalms.json","psalms","28","81","8","1","8","0","0","0","0"
"am","data/bible/am/28-psalms.json","psalms","28","82","18","1","18","0","0","0","0"
"am","data/bible/am/28-psalms.json","psalms","28","83","12","1","12","0","0","0","0"
"am","data/bible/am/28-psalms.json","psalms","28","84","13","1","13","0","0","0","0"
"am","data/bible/am/28-psalms.json","psalms","28","85","17","1","17","0","0","0","0"
"am","data/bible/am/28-psalms.json","psalms","28","86","7","1","7","0","0","0","0"
"am","data/bible/am/28-psalms.json","psalms","28","87","18","1","18","0","0","0","0"
"am","data/bible/am/28-psalms.json","psalms","28","88","52","1","52","0","0","0","0"
"am","data/bible/am/28-psalms.json","psalms","28","89","17","1","17","0","0","0","0"
"am","data/bible/am/28-psalms.json","psalms","28","90","16","1","16","0","0","0","0"
"am","data/bible/am/28-psalms.json","psalms","28","91","15","1","15","0","0","0","0"
"am","data/bible/am/28-psalms.json","psalms","28","92","5","1","5","0","0","0","0"
"am","data/bible/am/28-psalms.json","psalms","28","93","21","1","23","1","0","0","0"
"am","data/bible/am/28-psalms.json","psalms","28","94","11","1","11","0","0","0","0"
"am","data/bible/am/28-psalms.json","psalms","28","95","13","1","13","0","0","0","0"
"am","data/bible/am/28-psalms.json","psalms","28","96","12","1","12","0","0","0","0"
"am","data/bible/am/28-psalms.json","psalms","28","97","9","1","9","0","0","0","0"
"am","data/bible/am/28-psalms.json","psalms","28","98","9","1","9","0","0","0","0"
"am","data/bible/am/28-psalms.json","psalms","28","99","5","1","5","0","0","0","0"
"am","data/bible/am/28-psalms.json","psalms","28","100","8","1","8","0","0","0","0"
"am","data/bible/am/28-psalms.json","psalms","28","101","28","1","28","0","0","0","0"
"am","data/bible/am/28-psalms.json","psalms","28","102","22","1","22","0","0","0","0"
"am","data/bible/am/28-psalms.json","psalms","28","103","35","1","35","0","0","0","0"
"am","data/bible/am/28-psalms.json","psalms","28","104","41","1","45","2","0","0","0"
"am","data/bible/am/28-psalms.json","psalms","28","105","42","1","48","3","0","0","0"
"am","data/bible/am/28-psalms.json","psalms","28","106","43","1","43","0","0","0","0"
"am","data/bible/am/28-psalms.json","psalms","28","107","13","1","13","0","0","0","0"
"am","data/bible/am/28-psalms.json","psalms","28","108","31","1","31","0","0","0","0"
"am","data/bible/am/28-psalms.json","psalms","28","109","7","1","7","0","0","0","0"
"am","data/bible/am/28-psalms.json","psalms","28","110","10","1","10","0","0","0","0"
"am","data/bible/am/28-psalms.json","psalms","28","111","10","1","10","0","0","0","0"
"am","data/bible/am/28-psalms.json","psalms","28","112","7","1","9","1","0","0","0"
"am","data/bible/am/28-psalms.json","psalms","28","113","8","1","8","0","0","0","0"
"am","data/bible/am/28-psalms.json","psalms","28","114","18","1","18","0","0","0","0"
"am","data/bible/am/28-psalms.json","psalms","28","115","19","1","19","0","0","0","0"
"am","data/bible/am/28-psalms.json","psalms","28","116","2","1","2","0","0","0","0"
"am","data/bible/am/28-psalms.json","psalms","28","117","29","1","29","0","0","0","0"
"am","data/bible/am/28-psalms.json","psalms","28","118","176","1","176","0","0","0","0"
"am","data/bible/am/28-psalms.json","psalms","28","119","7","1","7","0","0","0","0"
"am","data/bible/am/28-psalms.json","psalms","28","120","8","1","8","0","0","0","0"
"am","data/bible/am/28-psalms.json","psalms","28","121","9","1","9","0","0","0","0"
"am","data/bible/am/28-psalms.json","psalms","28","122","4","1","4","0","0","0","0"
"am","data/bible/am/28-psalms.json","psalms","28","123","8","1","8","0","0","0","0"
"am","data/bible/am/28-psalms.json","psalms","28","124","5","1","5","0","0","0","0"
"am","data/bible/am/28-psalms.json","psalms","28","125","6","1","6","0","0","0","0"
"am","data/bible/am/28-psalms.json","psalms","28","126","5","1","5","0","0","0","0"
"am","data/bible/am/28-psalms.json","psalms","28","127","6","1","6","0","0","0","0"
"am","data/bible/am/28-psalms.json","psalms","28","128","8","1","8","0","0","0","0"
"am","data/bible/am/28-psalms.json","psalms","28","129","8","1","8","0","0","0","0"
"am","data/bible/am/28-psalms.json","psalms","28","130","3","1","3","0","0","0","0"
"am","data/bible/am/28-psalms.json","psalms","28","131","18","1","18","0","0","0","0"
"am","data/bible/am/28-psalms.json","psalms","28","132","3","1","3","0","0","0","0"
"am","data/bible/am/28-psalms.json","psalms","28","133","3","1","3","0","0","0","0"
"am","data/bible/am/28-psalms.json","psalms","28","134","21","1","21","0","0","0","0"
"am","data/bible/am/28-psalms.json","psalms","28","135","26","1","26","0","0","0","0"
"am","data/bible/am/28-psalms.json","psalms","28","136","9","1","9","0","0","0","0"
"am","data/bible/am/28-psalms.json","psalms","28","137","8","1","8","0","0","0","0"
"am","data/bible/am/28-psalms.json","psalms","28","138","24","1","24","0","0","0","0"
"am","data/bible/am/28-psalms.json","psalms","28","139","13","1","13","0","0","0","0"
"am","data/bible/am/28-psalms.json","psalms","28","140","10","1","10","0","0","0","0"
"am","data/bible/am/28-psalms.json","psalms","28","141","7","1","7","0","0","0","0"
"am","data/bible/am/28-psalms.json","psalms","28","142","12","1","12","0","0","0","0"
"am","data/bible/am/28-psalms.json","psalms","28","143","13","1","15","1","0","0","0"
"am","data/bible/am/28-psalms.json","psalms","28","144","21","1","21","0","0","0","0"
"am","data/bible/am/28-psalms.json","psalms","28","145","10","1","10","0","0","0","0"
"am","data/bible/am/28-psalms.json","psalms","28","146","11","1","11","0","0","0","0"
"am","data/bible/am/28-psalms.json","psalms","28","147","9","1","9","0","0","0","0"
"am","data/bible/am/28-psalms.json","psalms","28","148","14","1","14","0","0","0","0"
"am","data/bible/am/28-psalms.json","psalms","28","149","9","1","9","0","0","0","0"
"am","data/bible/am/28-psalms.json","psalms","28","150","6","1","6","0","0","0","0"
"am","data/bible/am/29-proverbs.json","proverbs","29","1","33","1","33","0","0","0","0"
"am","data/bible/am/29-proverbs.json","proverbs","29","2","22","1","22","0","0","0","0"
"am","data/bible/am/29-proverbs.json","proverbs","29","3","35","1","35","0","0","0","0"
"am","data/bible/am/29-proverbs.json","proverbs","29","4","27","1","27","0","0","0","0"
"am","data/bible/am/29-proverbs.json","proverbs","29","5","23","1","23","0","0","0","0"
"am","data/bible/am/29-proverbs.json","proverbs","29","6","35","1","35","0","0","0","0"
"am","data/bible/am/29-proverbs.json","proverbs","29","7","27","1","27","0","0","0","0"
"am","data/bible/am/29-proverbs.json","proverbs","29","8","36","1","36","0","0","0","0"
"am","data/bible/am/29-proverbs.json","proverbs","29","9","18","1","18","0","0","0","0"
"am","data/bible/am/29-proverbs.json","proverbs","29","10","32","1","32","0","0","0","0"
"am","data/bible/am/29-proverbs.json","proverbs","29","11","31","1","31","0","0","0","0"
"am","data/bible/am/29-proverbs.json","proverbs","29","12","28","1","28","0","0","0","0"
"am","data/bible/am/29-proverbs.json","proverbs","29","13","25","1","25","0","0","0","0"
"am","data/bible/am/29-proverbs.json","proverbs","29","14","35","1","35","0","0","0","0"
"am","data/bible/am/29-proverbs.json","proverbs","29","15","32","1","32","0","0","0","0"
"am","data/bible/am/29-proverbs.json","proverbs","29","16","33","1","33","0","0","0","0"
"am","data/bible/am/29-proverbs.json","proverbs","29","17","28","1","28","0","0","0","0"
"am","data/bible/am/29-proverbs.json","proverbs","29","18","22","1","22","0","0","0","0"
"am","data/bible/am/29-proverbs.json","proverbs","29","19","29","1","29","0","0","0","0"
"am","data/bible/am/29-proverbs.json","proverbs","29","20","30","1","30","0","0","0","0"
"am","data/bible/am/29-proverbs.json","proverbs","29","21","31","1","31","0","0","0","0"
"am","data/bible/am/29-proverbs.json","proverbs","29","22","29","1","29","0","0","0","0"
"am","data/bible/am/29-proverbs.json","proverbs","29","23","35","1","35","0","0","0","0"
"am","data/bible/am/29-proverbs.json","proverbs","29","24","81","1","81","0","0","0","0"
"am","data/bible/am/30-admonition.json","tegsats","30","1","28","1","28","0","0","0","0"
"am","data/bible/am/30-admonition.json","tegsats","30","2","28","1","28","0","0","0","0"
"am","data/bible/am/30-admonition.json","tegsats","30","3","27","1","27","0","0","0","0"
"am","data/bible/am/30-admonition.json","tegsats","30","4","28","1","28","0","0","0","0"
"am","data/bible/am/30-admonition.json","tegsats","30","5","27","1","27","0","0","0","0"
"am","data/bible/am/30-admonition.json","tegsats","30","6","22","1","22","0","0","0","0"
"am","data/bible/am/31-wisdom of solomon.json","wisdom","31","1","17","1","17","0","0","0","0"
"am","data/bible/am/31-wisdom of solomon.json","wisdom","31","2","25","1","25","0","0","0","0"
"am","data/bible/am/31-wisdom of solomon.json","wisdom","31","3","19","1","19","0","0","0","0"
"am","data/bible/am/31-wisdom of solomon.json","wisdom","31","4","20","1","20","0","0","0","0"
"am","data/bible/am/31-wisdom of solomon.json","wisdom","31","5","23","1","23","0","0","0","0"
"am","data/bible/am/31-wisdom of solomon.json","wisdom","31","6","25","1","25","0","0","0","0"
"am","data/bible/am/31-wisdom of solomon.json","wisdom","31","7","30","1","30","0","0","0","0"
"am","data/bible/am/31-wisdom of solomon.json","wisdom","31","8","21","1","21","0","0","0","0"
"am","data/bible/am/31-wisdom of solomon.json","wisdom","31","9","18","1","18","0","0","0","0"
"am","data/bible/am/31-wisdom of solomon.json","wisdom","31","10","21","1","21","0","0","0","0"
"am","data/bible/am/31-wisdom of solomon.json","wisdom","31","11","27","1","27","0","0","0","0"
"am","data/bible/am/31-wisdom of solomon.json","wisdom","31","12","27","1","27","0","0","0","0"
"am","data/bible/am/31-wisdom of solomon.json","wisdom","31","13","19","1","19","0","0","0","0"
"am","data/bible/am/31-wisdom of solomon.json","wisdom","31","14","31","1","31","0","0","0","0"
"am","data/bible/am/31-wisdom of solomon.json","wisdom","31","15","19","1","19","0","0","0","0"
"am","data/bible/am/31-wisdom of solomon.json","wisdom","31","16","29","1","29","0","0","0","0"
"am","data/bible/am/31-wisdom of solomon.json","wisdom","31","17","20","1","20","0","0","0","0"
"am","data/bible/am/31-wisdom of solomon.json","wisdom","31","18","25","1","25","0","0","0","0"
"am","data/bible/am/31-wisdom of solomon.json","wisdom","31","19","20","1","20","0","0","0","0"
"am","data/bible/am/32-ecclesiastes.json","ecclesiastes","32","1","18","1","18","0","0","0","0"
"am","data/bible/am/32-ecclesiastes.json","ecclesiastes","32","2","26","1","26","0","0","0","0"
"am","data/bible/am/32-ecclesiastes.json","ecclesiastes","32","3","22","1","22","0","0","0","0"
"am","data/bible/am/32-ecclesiastes.json","ecclesiastes","32","4","16","1","16","0","0","0","0"
"am","data/bible/am/32-ecclesiastes.json","ecclesiastes","32","5","20","1","20","0","0","0","0"
"am","data/bible/am/32-ecclesiastes.json","ecclesiastes","32","6","12","1","12","0","0","0","0"
"am","data/bible/am/32-ecclesiastes.json","ecclesiastes","32","7","29","1","29","0","0","0","0"
"am","data/bible/am/32-ecclesiastes.json","ecclesiastes","32","8","17","1","17","0","0","0","0"
"am","data/bible/am/32-ecclesiastes.json","ecclesiastes","32","9","18","1","18","0","0","0","0"
"am","data/bible/am/32-ecclesiastes.json","ecclesiastes","32","10","20","1","20","0","0","0","0"
"am","data/bible/am/32-ecclesiastes.json","ecclesiastes","32","11","10","1","10","0","0","0","0"
"am","data/bible/am/32-ecclesiastes.json","ecclesiastes","32","12","14","1","14","0","0","0","0"
"am","data/bible/am/33-song of solomon.json","song-of-songs","33","1","17","1","17","0","0","0","0"
"am","data/bible/am/33-song of solomon.json","song-of-songs","33","2","17","1","17","0","0","0","0"
"am","data/bible/am/33-song of solomon.json","song-of-songs","33","3","11","1","11","0","0","0","0"
"am","data/bible/am/33-song of solomon.json","song-of-songs","33","4","16","1","16","0","0","0","0"
"am","data/bible/am/33-song of solomon.json","song-of-songs","33","5","16","1","16","0","0","0","0"
"am","data/bible/am/33-song of solomon.json","song-of-songs","33","6","13","1","13","0","0","0","1"
"am","data/bible/am/33-song of solomon.json","song-of-songs","33","7","14","1","14","0","0","0","0"
"am","data/bible/am/33-song of solomon.json","song-of-songs","33","8","14","1","14","0","0","0","0"
"am","data/bible/am/34-sirach.json","sirach","34","1","30","1","30","0","0","0","0"
"am","data/bible/am/34-sirach.json","sirach","34","2","18","1","18","0","0","0","0"
"am","data/bible/am/34-sirach.json","sirach","34","3","29","1","29","0","0","0","0"
"am","data/bible/am/34-sirach.json","sirach","34","4","30","1","30","0","0","0","0"
"am","data/bible/am/34-sirach.json","sirach","34","5","15","1","15","0","0","0","0"
"am","data/bible/am/34-sirach.json","sirach","34","6","37","1","37","0","0","0","0"
"am","data/bible/am/34-sirach.json","sirach","34","7","36","1","36","0","0","0","0"
"am","data/bible/am/34-sirach.json","sirach","34","8","19","1","19","0","0","0","0"
"am","data/bible/am/34-sirach.json","sirach","34","9","18","1","18","0","0","0","0"
"am","data/bible/am/34-sirach.json","sirach","34","10","31","1","31","0","0","0","0"
"am","data/bible/am/34-sirach.json","sirach","34","11","34","1","34","0","0","0","0"
"am","data/bible/am/34-sirach.json","sirach","34","12","18","1","18","0","0","0","0"
"am","data/bible/am/34-sirach.json","sirach","34","13","25","1","25","0","0","0","0"
"am","data/bible/am/34-sirach.json","sirach","34","14","27","1","27","0","0","0","0"
"am","data/bible/am/34-sirach.json","sirach","34","15","20","1","20","0","0","0","0"
"am","data/bible/am/34-sirach.json","sirach","34","16","30","1","30","0","0","0","0"
"am","data/bible/am/34-sirach.json","sirach","34","17","32","1","32","0","0","0","0"
"am","data/bible/am/34-sirach.json","sirach","34","18","32","1","32","0","0","0","0"
"am","data/bible/am/34-sirach.json","sirach","34","19","27","1","27","0","0","0","0"
"am","data/bible/am/34-sirach.json","sirach","34","20","31","1","31","0","0","0","0"
"am","data/bible/am/34-sirach.json","sirach","34","21","28","1","28","0","0","0","0"
"am","data/bible/am/34-sirach.json","sirach","34","22","27","1","27","0","0","0","0"
"am","data/bible/am/34-sirach.json","sirach","34","23","27","1","27","0","0","0","0"
"am","data/bible/am/34-sirach.json","sirach","34","24","34","1","34","0","0","0","0"
"am","data/bible/am/34-sirach.json","sirach","34","25","26","1","26","0","0","0","0"
"am","data/bible/am/34-sirach.json","sirach","34","26","29","1","29","0","0","0","0"
"am","data/bible/am/34-sirach.json","sirach","34","27","30","1","30","0","0","0","0"
"am","data/bible/am/34-sirach.json","sirach","34","28","26","1","26","0","0","0","0"
"am","data/bible/am/34-sirach.json","sirach","34","29","28","1","28","0","0","0","0"
"am","data/bible/am/34-sirach.json","sirach","34","30","40","1","40","0","0","0","0"
"am","data/bible/am/34-sirach.json","sirach","34","31","31","1","31","0","0","0","0"
"am","data/bible/am/34-sirach.json","sirach","34","32","26","1","26","0","0","0","0"
"am","data/bible/am/34-sirach.json","sirach","34","33","13","1","13","0","0","0","0"
"am","data/bible/am/34-sirach.json","sirach","34","34","30","1","30","0","0","0","0"
"am","data/bible/am/34-sirach.json","sirach","34","35","24","1","24","0","0","0","0"
"am","data/bible/am/34-sirach.json","sirach","34","36","31","1","31","0","0","0","0"
"am","data/bible/am/34-sirach.json","sirach","34","37","31","1","31","0","0","0","0"
"am","data/bible/am/34-sirach.json","sirach","34","38","35","1","35","0","0","0","0"
"am","data/bible/am/34-sirach.json","sirach","34","39","35","1","35","0","0","0","0"
"am","data/bible/am/34-sirach.json","sirach","34","40","30","1","30","0","0","0","0"
"am","data/bible/am/34-sirach.json","sirach","34","41","23","1","23","0","0","0","0"
"am","data/bible/am/34-sirach.json","sirach","34","42","25","1","25","0","0","0","0"
"am","data/bible/am/34-sirach.json","sirach","34","43","33","1","33","0","0","0","0"
"am","data/bible/am/34-sirach.json","sirach","34","44","24","1","24","0","0","0","0"
"am","data/bible/am/34-sirach.json","sirach","34","45","26","1","26","0","0","0","0"
"am","data/bible/am/34-sirach.json","sirach","34","46","20","1","20","0","0","0","0"
"am","data/bible/am/34-sirach.json","sirach","34","47","25","1","25","0","0","0","0"
"am","data/bible/am/34-sirach.json","sirach","34","48","25","1","25","0","0","0","0"
"am","data/bible/am/34-sirach.json","sirach","34","49","16","1","16","0","0","0","0"
"am","data/bible/am/34-sirach.json","sirach","34","50","29","1","29","0","0","0","0"
"am","data/bible/am/34-sirach.json","sirach","34","51","30","1","30","0","0","0","0"
"am","data/bible/am/35-isaiah.json","isaiah","35","1","31","1","31","0","0","0","0"
"am","data/bible/am/35-isaiah.json","isaiah","35","2","22","1","22","0","0","0","0"
"am","data/bible/am/35-isaiah.json","isaiah","35","3","26","1","26","0","0","0","0"
"am","data/bible/am/35-isaiah.json","isaiah","35","4","6","1","6","0","0","0","0"
"am","data/bible/am/35-isaiah.json","isaiah","35","5","30","1","30","0","0","0","0"
"am","data/bible/am/35-isaiah.json","isaiah","35","6","13","1","13","0","0","0","0"
"am","data/bible/am/35-isaiah.json","isaiah","35","7","25","1","25","0","0","0","0"
"am","data/bible/am/35-isaiah.json","isaiah","35","8","22","1","22","0","0","0","0"
"am","data/bible/am/35-isaiah.json","isaiah","35","9","21","1","21","0","0","0","0"
"am","data/bible/am/35-isaiah.json","isaiah","35","10","34","1","34","0","0","0","0"
"am","data/bible/am/35-isaiah.json","isaiah","35","11","16","1","16","0","0","0","0"
"am","data/bible/am/35-isaiah.json","isaiah","35","12","6","1","6","0","0","0","0"
"am","data/bible/am/35-isaiah.json","isaiah","35","13","22","1","22","0","0","0","0"
"am","data/bible/am/35-isaiah.json","isaiah","35","14","32","1","32","0","0","0","0"
"am","data/bible/am/35-isaiah.json","isaiah","35","15","9","1","9","0","0","0","0"
"am","data/bible/am/35-isaiah.json","isaiah","35","16","14","1","14","0","0","0","0"
"am","data/bible/am/35-isaiah.json","isaiah","35","17","14","1","14","0","0","0","0"
"am","data/bible/am/35-isaiah.json","isaiah","35","18","7","1","7","0","0","0","0"
"am","data/bible/am/35-isaiah.json","isaiah","35","19","25","1","25","0","0","0","0"
"am","data/bible/am/35-isaiah.json","isaiah","35","20","6","1","6","0","0","0","0"
"am","data/bible/am/35-isaiah.json","isaiah","35","21","17","1","17","0","0","0","0"
"am","data/bible/am/35-isaiah.json","isaiah","35","22","25","1","25","0","0","0","0"
"am","data/bible/am/35-isaiah.json","isaiah","35","23","18","1","18","0","0","0","0"
"am","data/bible/am/35-isaiah.json","isaiah","35","24","23","1","23","0","0","0","0"
"am","data/bible/am/35-isaiah.json","isaiah","35","25","12","1","12","0","0","0","0"
"am","data/bible/am/35-isaiah.json","isaiah","35","26","21","1","21","0","0","0","0"
"am","data/bible/am/35-isaiah.json","isaiah","35","27","13","1","13","0","0","0","0"
"am","data/bible/am/35-isaiah.json","isaiah","35","28","29","1","29","0","0","0","0"
"am","data/bible/am/35-isaiah.json","isaiah","35","29","24","1","24","0","0","0","0"
"am","data/bible/am/35-isaiah.json","isaiah","35","30","33","1","33","0","0","0","0"
"am","data/bible/am/35-isaiah.json","isaiah","35","31","9","1","9","0","0","0","0"
"am","data/bible/am/35-isaiah.json","isaiah","35","32","20","1","20","0","0","0","0"
"am","data/bible/am/35-isaiah.json","isaiah","35","33","24","1","24","0","0","0","0"
"am","data/bible/am/35-isaiah.json","isaiah","35","34","17","1","17","0","0","0","0"
"am","data/bible/am/35-isaiah.json","isaiah","35","35","10","1","10","0","0","0","0"
"am","data/bible/am/35-isaiah.json","isaiah","35","36","22","1","22","0","0","0","0"
"am","data/bible/am/35-isaiah.json","isaiah","35","37","38","1","38","0","0","0","0"
"am","data/bible/am/35-isaiah.json","isaiah","35","38","22","1","22","0","0","0","0"
"am","data/bible/am/35-isaiah.json","isaiah","35","39","8","1","8","0","0","0","0"
"am","data/bible/am/35-isaiah.json","isaiah","35","40","31","1","31","0","0","0","0"
"am","data/bible/am/35-isaiah.json","isaiah","35","41","29","1","29","0","0","0","0"
"am","data/bible/am/35-isaiah.json","isaiah","35","42","25","1","25","0","0","0","0"
"am","data/bible/am/35-isaiah.json","isaiah","35","43","28","1","28","0","0","0","0"
"am","data/bible/am/35-isaiah.json","isaiah","35","44","28","1","28","0","0","0","0"
"am","data/bible/am/35-isaiah.json","isaiah","35","45","25","1","25","0","0","0","0"
"am","data/bible/am/35-isaiah.json","isaiah","35","46","13","1","13","0","0","0","0"
"am","data/bible/am/35-isaiah.json","isaiah","35","47","15","1","15","0","0","0","0"
"am","data/bible/am/35-isaiah.json","isaiah","35","48","22","1","22","0","0","0","0"
"am","data/bible/am/35-isaiah.json","isaiah","35","49","26","1","26","0","0","0","0"
"am","data/bible/am/35-isaiah.json","isaiah","35","50","11","1","11","0","0","0","0"
"am","data/bible/am/35-isaiah.json","isaiah","35","51","23","1","23","0","0","0","0"
"am","data/bible/am/35-isaiah.json","isaiah","35","52","15","1","15","0","0","0","0"
"am","data/bible/am/35-isaiah.json","isaiah","35","53","12","1","12","0","0","0","0"
"am","data/bible/am/35-isaiah.json","isaiah","35","54","17","1","17","0","0","0","0"
"am","data/bible/am/35-isaiah.json","isaiah","35","55","13","1","13","0","0","0","0"
"am","data/bible/am/35-isaiah.json","isaiah","35","56","12","1","12","0","0","0","0"
"am","data/bible/am/35-isaiah.json","isaiah","35","57","21","1","21","0","0","0","0"
"am","data/bible/am/35-isaiah.json","isaiah","35","58","14","1","14","0","0","0","0"
"am","data/bible/am/35-isaiah.json","isaiah","35","59","21","1","21","0","0","0","0"
"am","data/bible/am/35-isaiah.json","isaiah","35","60","22","1","22","0","0","0","0"
"am","data/bible/am/35-isaiah.json","isaiah","35","61","11","1","11","0","0","0","0"
"am","data/bible/am/35-isaiah.json","isaiah","35","62","12","1","12","0","0","0","0"
"am","data/bible/am/35-isaiah.json","isaiah","35","63","19","1","19","0","0","0","0"
"am","data/bible/am/35-isaiah.json","isaiah","35","64","12","1","12","0","0","0","0"
"am","data/bible/am/35-isaiah.json","isaiah","35","65","25","1","25","0","0","0","0"
"am","data/bible/am/35-isaiah.json","isaiah","35","66","24","1","24","0","0","0","0"
"am","data/bible/am/36-jeremiah.json","jeremiah-collection","36","1","19","1","19","0","0","0","0"
"am","data/bible/am/36-jeremiah.json","jeremiah-collection","36","2","37","1","37","0","0","0","0"
"am","data/bible/am/36-jeremiah.json","jeremiah-collection","36","3","25","1","25","0","0","0","0"
"am","data/bible/am/36-jeremiah.json","jeremiah-collection","36","4","31","1","31","0","0","0","0"
"am","data/bible/am/36-jeremiah.json","jeremiah-collection","36","5","31","1","31","0","0","0","0"
"am","data/bible/am/36-jeremiah.json","jeremiah-collection","36","6","30","1","30","0","0","0","0"
"am","data/bible/am/36-jeremiah.json","jeremiah-collection","36","7","34","1","34","0","0","0","0"
"am","data/bible/am/36-jeremiah.json","jeremiah-collection","36","8","22","1","22","0","0","0","0"
"am","data/bible/am/36-jeremiah.json","jeremiah-collection","36","9","26","1","26","0","0","0","0"
"am","data/bible/am/36-jeremiah.json","jeremiah-collection","36","10","25","1","25","0","0","0","0"
"am","data/bible/am/36-jeremiah.json","jeremiah-collection","36","11","23","1","23","0","0","0","0"
"am","data/bible/am/36-jeremiah.json","jeremiah-collection","36","12","17","1","17","0","0","0","0"
"am","data/bible/am/36-jeremiah.json","jeremiah-collection","36","13","27","1","27","0","0","0","0"
"am","data/bible/am/36-jeremiah.json","jeremiah-collection","36","14","22","1","22","0","0","0","0"
"am","data/bible/am/36-jeremiah.json","jeremiah-collection","36","15","21","1","21","0","0","0","0"
"am","data/bible/am/36-jeremiah.json","jeremiah-collection","36","16","21","1","21","0","0","0","0"
"am","data/bible/am/36-jeremiah.json","jeremiah-collection","36","17","27","1","27","0","0","0","0"
"am","data/bible/am/36-jeremiah.json","jeremiah-collection","36","18","23","1","23","0","0","0","0"
"am","data/bible/am/36-jeremiah.json","jeremiah-collection","36","19","15","1","15","0","0","0","0"
"am","data/bible/am/36-jeremiah.json","jeremiah-collection","36","20","18","1","18","0","0","0","0"
"am","data/bible/am/36-jeremiah.json","jeremiah-collection","36","21","14","1","14","0","0","0","0"
"am","data/bible/am/36-jeremiah.json","jeremiah-collection","36","22","30","1","30","0","0","0","0"
"am","data/bible/am/36-jeremiah.json","jeremiah-collection","36","23","40","1","40","0","0","0","0"
"am","data/bible/am/36-jeremiah.json","jeremiah-collection","36","24","10","1","10","0","0","0","0"
"am","data/bible/am/36-jeremiah.json","jeremiah-collection","36","25","38","1","38","0","0","0","0"
"am","data/bible/am/36-jeremiah.json","jeremiah-collection","36","26","24","1","24","0","0","0","0"
"am","data/bible/am/36-jeremiah.json","jeremiah-collection","36","27","22","1","22","0","0","0","0"
"am","data/bible/am/36-jeremiah.json","jeremiah-collection","36","28","17","1","17","0","0","0","0"
"am","data/bible/am/36-jeremiah.json","jeremiah-collection","36","29","32","1","32","0","0","0","0"
"am","data/bible/am/36-jeremiah.json","jeremiah-collection","36","30","24","1","24","0","0","0","0"
"am","data/bible/am/36-jeremiah.json","jeremiah-collection","36","31","40","1","40","0","0","0","0"
"am","data/bible/am/36-jeremiah.json","jeremiah-collection","36","32","44","1","44","0","0","0","0"
"am","data/bible/am/36-jeremiah.json","jeremiah-collection","36","33","26","1","26","0","0","0","0"
"am","data/bible/am/36-jeremiah.json","jeremiah-collection","36","34","22","1","22","0","0","0","0"
"am","data/bible/am/36-jeremiah.json","jeremiah-collection","36","35","19","1","19","0","0","0","0"
"am","data/bible/am/36-jeremiah.json","jeremiah-collection","36","36","32","1","32","0","0","0","0"
"am","data/bible/am/36-jeremiah.json","jeremiah-collection","36","37","21","1","21","0","0","0","0"
"am","data/bible/am/36-jeremiah.json","jeremiah-collection","36","38","28","1","28","0","0","0","0"
"am","data/bible/am/36-jeremiah.json","jeremiah-collection","36","39","18","1","18","0","0","0","0"
"am","data/bible/am/36-jeremiah.json","jeremiah-collection","36","40","16","1","16","0","0","0","0"
"am","data/bible/am/36-jeremiah.json","jeremiah-collection","36","41","18","1","18","0","0","0","0"
"am","data/bible/am/36-jeremiah.json","jeremiah-collection","36","42","22","1","22","0","0","0","0"
"am","data/bible/am/36-jeremiah.json","jeremiah-collection","36","43","13","1","13","0","0","0","0"
"am","data/bible/am/36-jeremiah.json","jeremiah-collection","36","44","30","1","30","0","0","0","0"
"am","data/bible/am/36-jeremiah.json","jeremiah-collection","36","45","5","1","5","0","0","0","0"
"am","data/bible/am/36-jeremiah.json","jeremiah-collection","36","46","28","1","28","0","0","0","0"
"am","data/bible/am/36-jeremiah.json","jeremiah-collection","36","47","7","1","7","0","0","0","0"
"am","data/bible/am/36-jeremiah.json","jeremiah-collection","36","48","47","1","47","0","0","0","0"
"am","data/bible/am/36-jeremiah.json","jeremiah-collection","36","49","39","1","39","0","0","0","0"
"am","data/bible/am/36-jeremiah.json","jeremiah-collection","36","50","46","1","46","0","0","0","0"
"am","data/bible/am/36-jeremiah.json","jeremiah-collection","36","51","64","1","64","0","0","0","0"
"am","data/bible/am/36-jeremiah.json","jeremiah-collection","36","52","34","1","34","0","0","0","0"
"am","data/bible/am/37-Baruch.json","jeremiah-collection","37","1","22","1","22","0","0","0","0"
"am","data/bible/am/37-Baruch.json","jeremiah-collection","37","2","35","1","35","0","0","0","0"
"am","data/bible/am/37-Baruch.json","jeremiah-collection","37","3","38","1","38","0","0","0","0"
"am","data/bible/am/37-Baruch.json","jeremiah-collection","37","4","37","1","37","0","0","0","0"
"am","data/bible/am/37-Baruch.json","jeremiah-collection","37","5","9","1","9","0","0","0","0"
"am","data/bible/am/38-lamentations.json","jeremiah-collection","38","1","22","1","22","0","0","0","0"
"am","data/bible/am/38-lamentations.json","jeremiah-collection","38","2","22","1","22","0","0","0","0"
"am","data/bible/am/38-lamentations.json","jeremiah-collection","38","3","66","1","66","0","0","0","0"
"am","data/bible/am/38-lamentations.json","jeremiah-collection","38","4","22","1","22","0","0","0","0"
"am","data/bible/am/38-lamentations.json","jeremiah-collection","38","5","22","1","22","0","0","0","0"
"am","data/bible/am/39-terefermias.json","jeremiah-collection","39","1","73","1","73","0","0","0","0"
"am","data/bible/am/40-Teref Baruch.json","jeremiah-collection","40","1","30","1","30","0","0","0","0"
"am","data/bible/am/40-Teref Baruch.json","jeremiah-collection","40","2","29","1","29","0","0","0","0"
"am","data/bible/am/40-Teref Baruch.json","jeremiah-collection","40","3","30","1","30","0","0","0","0"
"am","data/bible/am/40-Teref Baruch.json","jeremiah-collection","40","4","32","1","32","0","0","0","0"
"am","data/bible/am/40-Teref Baruch.json","jeremiah-collection","40","5","62","1","62","0","0","0","0"
"am","data/bible/am/41-ezekiel.json","ezekiel","41","1","28","1","28","0","0","0","0"
"am","data/bible/am/41-ezekiel.json","ezekiel","41","2","10","1","10","0","0","0","0"
"am","data/bible/am/41-ezekiel.json","ezekiel","41","3","27","1","27","0","0","0","0"
"am","data/bible/am/41-ezekiel.json","ezekiel","41","4","17","1","17","0","0","0","0"
"am","data/bible/am/41-ezekiel.json","ezekiel","41","5","17","1","17","0","0","0","0"
"am","data/bible/am/41-ezekiel.json","ezekiel","41","6","14","1","14","0","0","0","0"
"am","data/bible/am/41-ezekiel.json","ezekiel","41","7","27","1","27","0","0","0","0"
"am","data/bible/am/41-ezekiel.json","ezekiel","41","8","18","1","18","0","0","0","0"
"am","data/bible/am/41-ezekiel.json","ezekiel","41","9","11","1","11","0","0","0","0"
"am","data/bible/am/41-ezekiel.json","ezekiel","41","10","22","1","22","0","0","0","0"
"am","data/bible/am/41-ezekiel.json","ezekiel","41","11","25","1","25","0","0","0","0"
"am","data/bible/am/41-ezekiel.json","ezekiel","41","12","28","1","28","0","0","0","0"
"am","data/bible/am/41-ezekiel.json","ezekiel","41","13","23","1","23","0","0","0","0"
"am","data/bible/am/41-ezekiel.json","ezekiel","41","14","23","1","23","0","0","0","0"
"am","data/bible/am/41-ezekiel.json","ezekiel","41","15","8","1","8","0","0","0","0"
"am","data/bible/am/41-ezekiel.json","ezekiel","41","16","63","1","63","0","0","0","0"
"am","data/bible/am/41-ezekiel.json","ezekiel","41","17","24","1","24","0","0","0","0"
"am","data/bible/am/41-ezekiel.json","ezekiel","41","18","32","1","32","0","0","0","0"
"am","data/bible/am/41-ezekiel.json","ezekiel","41","19","14","1","14","0","0","0","0"
"am","data/bible/am/41-ezekiel.json","ezekiel","41","20","49","1","49","0","0","0","0"
"am","data/bible/am/41-ezekiel.json","ezekiel","41","21","32","1","32","0","0","0","0"
"am","data/bible/am/41-ezekiel.json","ezekiel","41","22","31","1","31","0","0","0","0"
"am","data/bible/am/41-ezekiel.json","ezekiel","41","23","49","1","49","0","0","0","0"
"am","data/bible/am/41-ezekiel.json","ezekiel","41","24","27","1","27","0","0","0","0"
"am","data/bible/am/41-ezekiel.json","ezekiel","41","25","17","1","17","0","0","0","0"
"am","data/bible/am/41-ezekiel.json","ezekiel","41","26","21","1","21","0","0","0","0"
"am","data/bible/am/41-ezekiel.json","ezekiel","41","27","36","1","36","0","0","0","0"
"am","data/bible/am/41-ezekiel.json","ezekiel","41","28","26","1","26","0","0","0","0"
"am","data/bible/am/41-ezekiel.json","ezekiel","41","29","21","1","21","0","0","0","0"
"am","data/bible/am/41-ezekiel.json","ezekiel","41","30","26","1","26","0","0","0","0"
"am","data/bible/am/41-ezekiel.json","ezekiel","41","31","18","1","18","0","0","0","0"
"am","data/bible/am/41-ezekiel.json","ezekiel","41","32","32","1","32","0","0","0","0"
"am","data/bible/am/41-ezekiel.json","ezekiel","41","33","33","1","33","0","0","0","0"
"am","data/bible/am/41-ezekiel.json","ezekiel","41","34","31","1","31","0","0","0","0"
"am","data/bible/am/41-ezekiel.json","ezekiel","41","35","15","1","15","0","0","0","0"
"am","data/bible/am/41-ezekiel.json","ezekiel","41","36","38","1","38","0","0","0","0"
"am","data/bible/am/41-ezekiel.json","ezekiel","41","37","28","1","28","0","0","0","0"
"am","data/bible/am/41-ezekiel.json","ezekiel","41","38","23","1","23","0","0","0","0"
"am","data/bible/am/41-ezekiel.json","ezekiel","41","39","29","1","29","0","0","0","0"
"am","data/bible/am/41-ezekiel.json","ezekiel","41","40","49","1","49","0","0","0","0"
"am","data/bible/am/41-ezekiel.json","ezekiel","41","41","26","1","26","0","0","0","0"
"am","data/bible/am/41-ezekiel.json","ezekiel","41","42","20","1","20","0","0","0","0"
"am","data/bible/am/41-ezekiel.json","ezekiel","41","43","27","1","27","0","0","0","0"
"am","data/bible/am/41-ezekiel.json","ezekiel","41","44","31","1","31","0","0","0","0"
"am","data/bible/am/41-ezekiel.json","ezekiel","41","45","25","1","25","0","0","0","0"
"am","data/bible/am/41-ezekiel.json","ezekiel","41","46","24","1","24","0","0","0","0"
"am","data/bible/am/41-ezekiel.json","ezekiel","41","47","23","1","23","0","0","0","0"
"am","data/bible/am/41-ezekiel.json","ezekiel","41","48","35","1","35","0","0","0","0"
"am","data/bible/am/42-daniel.json","daniel","42","1","21","1","21","0","0","0","0"
"am","data/bible/am/42-daniel.json","daniel","42","2","49","1","49","0","0","0","0"
"am","data/bible/am/42-daniel.json","daniel","42","3","97","1","97","0","0","0","0"
"am","data/bible/am/42-daniel.json","daniel","42","4","37","1","37","0","0","0","0"
"am","data/bible/am/42-daniel.json","daniel","42","5","31","1","31","0","0","0","0"
"am","data/bible/am/42-daniel.json","daniel","42","6","28","1","28","0","0","0","0"
"am","data/bible/am/42-daniel.json","daniel","42","7","28","1","28","0","0","0","0"
"am","data/bible/am/42-daniel.json","daniel","42","8","27","1","27","0","0","0","0"
"am","data/bible/am/42-daniel.json","daniel","42","9","27","1","27","0","0","0","0"
"am","data/bible/am/42-daniel.json","daniel","42","10","21","1","21","0","0","0","0"
"am","data/bible/am/42-daniel.json","daniel","42","11","45","1","45","0","0","0","0"
"am","data/bible/am/42-daniel.json","daniel","42","12","13","1","13","0","0","0","0"
"am","data/bible/am/42-daniel.json","daniel","42","13","64","1","64","0","0","0","0"
"am","data/bible/am/42-daniel.json","daniel","42","14","42","1","42","0","0","0","0"
"am","data/bible/am/43-hosea.json","hosea","43","1","11","1","11","0","0","0","0"
"am","data/bible/am/43-hosea.json","hosea","43","2","23","1","23","0","0","0","0"
"am","data/bible/am/43-hosea.json","hosea","43","3","5","1","5","0","0","0","0"
"am","data/bible/am/43-hosea.json","hosea","43","4","19","1","19","0","0","0","0"
"am","data/bible/am/43-hosea.json","hosea","43","5","15","1","15","0","0","0","0"
"am","data/bible/am/43-hosea.json","hosea","43","6","11","1","11","0","0","0","0"
"am","data/bible/am/43-hosea.json","hosea","43","7","16","1","16","0","0","0","0"
"am","data/bible/am/43-hosea.json","hosea","43","8","14","1","14","0","0","0","0"
"am","data/bible/am/43-hosea.json","hosea","43","9","17","1","17","0","0","0","0"
"am","data/bible/am/43-hosea.json","hosea","43","10","15","1","15","0","0","0","0"
"am","data/bible/am/43-hosea.json","hosea","43","11","11","1","11","0","0","0","0"
"am","data/bible/am/43-hosea.json","hosea","43","12","15","1","15","0","0","0","0"
"am","data/bible/am/43-hosea.json","hosea","43","13","15","1","15","0","0","0","0"
"am","data/bible/am/43-hosea.json","hosea","43","14","10","1","10","0","0","0","0"
"am","data/bible/am/44-amos.json","amos","44","1","15","1","15","0","0","0","0"
"am","data/bible/am/44-amos.json","amos","44","2","16","1","16","0","0","0","0"
"am","data/bible/am/44-amos.json","amos","44","3","15","1","15","0","0","0","0"
"am","data/bible/am/44-amos.json","amos","44","4","13","1","13","0","0","0","0"
"am","data/bible/am/44-amos.json","amos","44","5","27","1","27","0","0","0","0"
"am","data/bible/am/44-amos.json","amos","44","6","14","1","14","0","0","0","0"
"am","data/bible/am/44-amos.json","amos","44","7","17","1","17","0","0","0","0"
"am","data/bible/am/44-amos.json","amos","44","8","14","1","14","0","0","0","0"
"am","data/bible/am/44-amos.json","amos","44","9","15","1","15","0","0","0","0"
"am","data/bible/am/45-micah.json","micah","45","1","16","1","16","0","0","0","0"
"am","data/bible/am/45-micah.json","micah","45","2","13","1","13","0","0","0","0"
"am","data/bible/am/45-micah.json","micah","45","3","12","1","12","0","0","0","0"
"am","data/bible/am/45-micah.json","micah","45","4","13","1","13","0","0","0","0"
"am","data/bible/am/45-micah.json","micah","45","5","15","1","15","0","0","0","0"
"am","data/bible/am/45-micah.json","micah","45","6","16","1","16","0","0","0","0"
"am","data/bible/am/45-micah.json","micah","45","7","20","1","20","0","0","0","0"
"am","data/bible/am/46-joel.json","joel","46","1","20","1","20","0","0","0","0"
"am","data/bible/am/46-joel.json","joel","46","2","32","1","32","0","0","0","0"
"am","data/bible/am/46-joel.json","joel","46","3","21","1","21","0","0","0","0"
"am","data/bible/am/47-obadiah.json","obadiah","47","1","21","1","21","0","0","0","0"
"am","data/bible/am/48-jonah.json","jonah","48","1","16","1","16","0","0","0","0"
"am","data/bible/am/48-jonah.json","jonah","48","2","11","1","11","0","0","0","0"
"am","data/bible/am/48-jonah.json","jonah","48","3","10","1","10","0","0","0","0"
"am","data/bible/am/48-jonah.json","jonah","48","4","11","1","11","0","0","0","0"
"am","data/bible/am/49-nahum.json","nahum","49","1","15","1","15","0","0","0","0"
"am","data/bible/am/49-nahum.json","nahum","49","2","13","1","13","0","0","0","0"
"am","data/bible/am/49-nahum.json","nahum","49","3","19","1","19","0","0","0","0"
"am","data/bible/am/50-habakkuk.json","habakkuk","50","1","17","1","17","0","0","0","0"
"am","data/bible/am/50-habakkuk.json","habakkuk","50","2","20","1","20","0","0","0","0"
"am","data/bible/am/50-habakkuk.json","habakkuk","50","3","19","1","19","0","0","0","0"
"am","data/bible/am/51-zephaniah.json","zephaniah","51","1","18","1","18","0","0","0","0"
"am","data/bible/am/51-zephaniah.json","zephaniah","51","2","14","1","15","1","0","0","0"
"am","data/bible/am/51-zephaniah.json","zephaniah","51","3","20","1","20","0","0","0","0"
"am","data/bible/am/52-haggai.json","haggai","52","1","14","1","14","0","0","0","0"
"am","data/bible/am/52-haggai.json","haggai","52","2","23","1","23","0","0","0","0"
"am","data/bible/am/53-zechariah.json","zechariah","53","1","21","1","21","0","0","0","0"
"am","data/bible/am/53-zechariah.json","zechariah","53","2","13","1","13","0","0","0","0"
"am","data/bible/am/53-zechariah.json","zechariah","53","3","10","1","10","0","0","0","0"
"am","data/bible/am/53-zechariah.json","zechariah","53","4","14","1","14","0","0","0","0"
"am","data/bible/am/53-zechariah.json","zechariah","53","5","11","1","11","0","0","0","0"
"am","data/bible/am/53-zechariah.json","zechariah","53","6","15","1","15","0","0","0","0"
"am","data/bible/am/53-zechariah.json","zechariah","53","7","14","1","14","0","0","0","0"
"am","data/bible/am/53-zechariah.json","zechariah","53","8","23","1","23","0","0","0","0"
"am","data/bible/am/53-zechariah.json","zechariah","53","9","17","1","17","0","0","0","0"
"am","data/bible/am/53-zechariah.json","zechariah","53","10","12","1","12","0","0","0","0"
"am","data/bible/am/53-zechariah.json","zechariah","53","11","17","1","17","0","0","0","0"
"am","data/bible/am/53-zechariah.json","zechariah","53","12","14","1","14","0","0","0","0"
"am","data/bible/am/53-zechariah.json","zechariah","53","13","9","1","9","0","0","0","0"
"am","data/bible/am/53-zechariah.json","zechariah","53","14","21","1","21","0","0","0","0"
"am","data/bible/am/54-malachi.json","malachi","54","1","14","1","14","0","0","0","0"
"am","data/bible/am/54-malachi.json","malachi","54","2","17","1","17","0","0","0","0"
"am","data/bible/am/54-malachi.json","malachi","54","3","18","1","18","0","0","0","0"
"am","data/bible/am/54-malachi.json","malachi","54","4","6","1","6","0","0","0","0"
"am","data/bible/am/55-matthew.json","matthew","55","1","23","1","23","0","0","0","0"
"am","data/bible/am/55-matthew.json","matthew","55","2","20","1","23","3","0","0","0"
"am","data/bible/am/55-matthew.json","matthew","55","3","13","1","17","2","0","0","0"
"am","data/bible/am/55-matthew.json","matthew","55","4","19","1","25","2","0","0","0"
"am","data/bible/am/55-matthew.json","matthew","55","5","47","1","48","1","0","0","0"
"am","data/bible/am/55-matthew.json","matthew","55","6","32","1","34","2","0","0","0"
"am","data/bible/am/55-matthew.json","matthew","55","7","28","1","29","1","0","0","0"
"am","data/bible/am/55-matthew.json","matthew","55","8","33","1","34","1","0","0","0"
"am","data/bible/am/55-matthew.json","matthew","55","9","38","1","38","0","0","0","0"
"am","data/bible/am/55-matthew.json","matthew","55","10","42","1","42","0","0","0","0"
"am","data/bible/am/55-matthew.json","matthew","55","11","25","1","30","1","0","0","0"
"am","data/bible/am/55-matthew.json","matthew","55","12","48","1","50","2","0","0","0"
"am","data/bible/am/55-matthew.json","matthew","55","13","55","1","58","2","0","0","0"
"am","data/bible/am/55-matthew.json","matthew","55","14","36","1","36","0","0","0","0"
"am","data/bible/am/55-matthew.json","matthew","55","15","39","1","39","0","0","0","0"
"am","data/bible/am/55-matthew.json","matthew","55","16","28","1","28","0","0","0","0"
"am","data/bible/am/55-matthew.json","matthew","55","17","27","1","27","0","0","0","0"
"am","data/bible/am/55-matthew.json","matthew","55","18","35","1","35","0","0","0","0"
"am","data/bible/am/55-matthew.json","matthew","55","19","30","1","30","0","0","0","0"
"am","data/bible/am/55-matthew.json","matthew","55","20","33","1","34","1","0","0","0"
"am","data/bible/am/55-matthew.json","matthew","55","21","37","1","46","2","0","0","0"
"am","data/bible/am/55-matthew.json","matthew","55","22","41","1","43","2","0","0","0"
"am","data/bible/am/55-matthew.json","matthew","55","23","39","1","39","0","0","0","0"
"am","data/bible/am/55-matthew.json","matthew","55","24","51","1","51","0","0","0","0"
"am","data/bible/am/55-matthew.json","matthew","55","25","46","1","46","0","0","0","0"
"am","data/bible/am/55-matthew.json","matthew","55","26","75","1","75","0","0","0","0"
"am","data/bible/am/55-matthew.json","matthew","55","27","66","1","66","0","0","0","0"
"am","data/bible/am/55-matthew.json","matthew","55","28","19","1","19","0","0","0","0"
"am","data/bible/am/56-mark.json","mark","56","1","39","1","45","1","0","0","0"
"am","data/bible/am/56-mark.json","mark","56","2","28","1","28","0","0","0","0"
"am","data/bible/am/56-mark.json","mark","56","3","35","1","35","0","0","0","0"
"am","data/bible/am/56-mark.json","mark","56","4","32","1","41","1","0","0","0"
"am","data/bible/am/56-mark.json","mark","56","5","43","1","43","0","0","0","0"
"am","data/bible/am/56-mark.json","mark","56","6","56","1","56","0","0","0","0"
"am","data/bible/am/56-mark.json","mark","56","7","36","1","37","1","0","0","0"
"am","data/bible/am/56-mark.json","mark","56","8","38","1","38","0","0","0","0"
"am","data/bible/am/56-mark.json","mark","56","9","46","1","50","4","0","0","0"
"am","data/bible/am/56-mark.json","mark","56","10","52","1","52","0","0","0","0"
"am","data/bible/am/56-mark.json","mark","56","11","33","1","33","0","0","0","0"
"am","data/bible/am/56-mark.json","mark","56","12","40","1","44","4","0","0","0"
"am","data/bible/am/56-mark.json","mark","56","13","37","1","37","0","0","0","0"
"am","data/bible/am/56-mark.json","mark","56","14","71","1","72","1","0","0","0"
"am","data/bible/am/56-mark.json","mark","56","15","47","1","47","0","0","0","0"
"am","data/bible/am/56-mark.json","mark","56","16","20","1","20","0","0","0","0"
"am","data/bible/am/57-luke.json","luke","57","1","80","1","80","0","0","0","0"
"am","data/bible/am/57-luke.json","luke","57","2","52","1","52","0","0","0","0"
"am","data/bible/am/57-luke.json","luke","57","3","38","1","38","0","0","0","0"
"am","data/bible/am/57-luke.json","luke","57","4","44","1","44","0","0","0","0"
"am","data/bible/am/57-luke.json","luke","57","5","39","1","39","0","0","0","0"
"am","data/bible/am/57-luke.json","luke","57","6","49","1","49","0","0","0","0"
"am","data/bible/am/57-luke.json","luke","57","7","50","1","50","0","0","0","0"
"am","data/bible/am/57-luke.json","luke","57","8","56","1","56","0","0","0","0"
"am","data/bible/am/57-luke.json","luke","57","9","62","1","62","0","0","0","0"
"am","data/bible/am/57-luke.json","luke","57","10","42","1","42","0","0","0","0"
"am","data/bible/am/57-luke.json","luke","57","11","54","1","54","0","0","0","0"
"am","data/bible/am/57-luke.json","luke","57","12","59","1","59","0","0","0","0"
"am","data/bible/am/57-luke.json","luke","57","13","35","1","35","0","0","0","0"
"am","data/bible/am/57-luke.json","luke","57","14","35","1","35","0","0","0","0"
"am","data/bible/am/57-luke.json","luke","57","15","32","1","32","0","0","0","0"
"am","data/bible/am/57-luke.json","luke","57","16","31","1","31","0","0","0","0"
"am","data/bible/am/57-luke.json","luke","57","17","37","1","37","0","0","0","0"
"am","data/bible/am/57-luke.json","luke","57","18","43","1","43","0","0","0","0"
"am","data/bible/am/57-luke.json","luke","57","19","48","1","48","0","0","0","0"
"am","data/bible/am/57-luke.json","luke","57","20","47","1","47","0","0","0","0"
"am","data/bible/am/57-luke.json","luke","57","21","38","1","38","0","0","0","0"
"am","data/bible/am/57-luke.json","luke","57","22","71","1","71","0","0","0","0"
"am","data/bible/am/57-luke.json","luke","57","23","55","1","55","0","0","0","0"
"am","data/bible/am/57-luke.json","luke","57","24","53","1","53","0","0","0","0"
"am","data/bible/am/58-john.json","john","58","1","52","1","52","0","0","0","0"
"am","data/bible/am/58-john.json","john","58","2","25","1","25","0","0","0","0"
"am","data/bible/am/58-john.json","john","58","3","36","1","36","0","0","0","0"
"am","data/bible/am/58-john.json","john","58","4","54","1","54","0","0","0","0"
"am","data/bible/am/58-john.json","john","58","5","47","1","47","0","0","0","0"
"am","data/bible/am/58-john.json","john","58","6","71","1","71","0","0","0","0"
"am","data/bible/am/58-john.json","john","58","7","53","1","53","0","0","0","0"
"am","data/bible/am/58-john.json","john","58","8","59","1","59","0","0","0","0"
"am","data/bible/am/58-john.json","john","58","9","41","1","41","0","0","0","0"
"am","data/bible/am/58-john.json","john","58","10","42","1","42","0","0","0","0"
"am","data/bible/am/58-john.json","john","58","11","57","1","57","0","0","0","0"
"am","data/bible/am/58-john.json","john","58","12","50","1","50","0","0","0","0"
"am","data/bible/am/58-john.json","john","58","13","38","1","38","0","0","0","0"
"am","data/bible/am/58-john.json","john","58","14","31","1","31","0","0","0","0"
"am","data/bible/am/58-john.json","john","58","15","27","1","27","0","0","0","0"
"am","data/bible/am/58-john.json","john","58","16","33","1","33","0","0","0","0"
"am","data/bible/am/58-john.json","john","58","17","26","1","26","0","0","0","0"
"am","data/bible/am/58-john.json","john","58","18","40","1","40","0","0","0","0"
"am","data/bible/am/58-john.json","john","58","19","42","1","42","0","0","0","0"
"am","data/bible/am/58-john.json","john","58","20","31","1","31","0","0","0","0"
"am","data/bible/am/58-john.json","john","58","21","25","1","25","0","0","0","0"
"am","data/bible/am/59-act.json","acts","59","1","26","1","26","0","0","0","0"
"am","data/bible/am/59-act.json","acts","59","2","47","1","47","0","0","0","0"
"am","data/bible/am/59-act.json","acts","59","3","26","1","26","0","0","0","0"
"am","data/bible/am/59-act.json","acts","59","4","37","1","37","0","0","0","0"
"am","data/bible/am/59-act.json","acts","59","5","42","1","42","0","0","0","0"
"am","data/bible/am/59-act.json","acts","59","6","15","1","15","0","0","0","0"
"am","data/bible/am/59-act.json","acts","59","7","60","1","60","0","0","0","0"
"am","data/bible/am/59-act.json","acts","59","8","40","1","40","0","0","0","0"
"am","data/bible/am/59-act.json","acts","59","9","43","1","43","0","0","0","0"
"am","data/bible/am/59-act.json","acts","59","10","48","1","48","0","0","0","0"
"am","data/bible/am/59-act.json","acts","59","11","30","1","30","0","0","0","0"
"am","data/bible/am/59-act.json","acts","59","12","25","1","25","0","0","0","0"
"am","data/bible/am/59-act.json","acts","59","13","52","1","52","0","0","0","0"
"am","data/bible/am/59-act.json","acts","59","14","28","1","28","0","0","0","0"
"am","data/bible/am/59-act.json","acts","59","15","41","1","41","0","0","0","0"
"am","data/bible/am/59-act.json","acts","59","16","40","1","40","0","0","0","0"
"am","data/bible/am/59-act.json","acts","59","17","34","1","34","0","0","0","0"
"am","data/bible/am/59-act.json","acts","59","18","28","1","28","0","0","0","0"
"am","data/bible/am/59-act.json","acts","59","19","40","1","40","0","0","0","0"
"am","data/bible/am/59-act.json","acts","59","20","38","1","38","0","0","0","0"
"am","data/bible/am/59-act.json","acts","59","21","40","1","40","0","0","0","0"
"am","data/bible/am/59-act.json","acts","59","22","30","1","30","0","0","0","0"
"am","data/bible/am/59-act.json","acts","59","23","35","1","35","0","0","0","0"
"am","data/bible/am/59-act.json","acts","59","24","27","1","27","0","0","0","0"
"am","data/bible/am/59-act.json","acts","59","25","27","1","27","0","0","0","0"
"am","data/bible/am/59-act.json","acts","59","26","32","1","32","0","0","0","0"
"am","data/bible/am/59-act.json","acts","59","27","44","1","44","0","0","0","0"
"am","data/bible/am/59-act.json","acts","59","28","33","1","33","0","0","0","0"
"am","data/bible/am/60-romans.json","romans","60","1","32","1","32","0","0","0","0"
"am","data/bible/am/60-romans.json","romans","60","2","29","1","29","0","0","0","0"
"am","data/bible/am/60-romans.json","romans","60","3","31","1","31","0","0","0","0"
"am","data/bible/am/60-romans.json","romans","60","4","24","1","24","0","0","0","0"
"am","data/bible/am/60-romans.json","romans","60","5","21","1","21","0","0","0","0"
"am","data/bible/am/60-romans.json","romans","60","6","23","1","23","0","0","0","0"
"am","data/bible/am/60-romans.json","romans","60","7","25","1","25","0","0","0","0"
"am","data/bible/am/60-romans.json","romans","60","8","39","1","39","0","0","0","0"
"am","data/bible/am/60-romans.json","romans","60","9","33","1","33","0","0","0","0"
"am","data/bible/am/60-romans.json","romans","60","10","21","1","21","0","0","0","0"
"am","data/bible/am/60-romans.json","romans","60","11","36","1","36","0","0","0","0"
"am","data/bible/am/60-romans.json","romans","60","12","21","1","21","0","0","0","0"
"am","data/bible/am/60-romans.json","romans","60","13","14","1","14","0","0","0","0"
"am","data/bible/am/60-romans.json","romans","60","14","23","1","23","0","0","0","0"
"am","data/bible/am/60-romans.json","romans","60","15","33","1","33","0","0","0","0"
"am","data/bible/am/60-romans.json","romans","60","16","27","1","27","0","0","0","0"
"am","data/bible/am/61-1_corinthians.json","first-corinthians","61","1","31","1","31","0","0","0","0"
"am","data/bible/am/61-1_corinthians.json","first-corinthians","61","2","16","1","16","0","0","0","0"
"am","data/bible/am/61-1_corinthians.json","first-corinthians","61","3","23","1","23","0","0","0","0"
"am","data/bible/am/61-1_corinthians.json","first-corinthians","61","4","21","1","21","0","0","0","0"
"am","data/bible/am/61-1_corinthians.json","first-corinthians","61","5","13","1","13","0","0","0","0"
"am","data/bible/am/61-1_corinthians.json","first-corinthians","61","6","20","1","20","0","0","0","0"
"am","data/bible/am/61-1_corinthians.json","first-corinthians","61","7","40","1","40","0","0","0","0"
"am","data/bible/am/61-1_corinthians.json","first-corinthians","61","8","13","1","13","0","0","0","0"
"am","data/bible/am/61-1_corinthians.json","first-corinthians","61","9","27","1","27","0","0","0","0"
"am","data/bible/am/61-1_corinthians.json","first-corinthians","61","10","33","1","33","0","0","0","0"
"am","data/bible/am/61-1_corinthians.json","first-corinthians","61","11","34","1","34","0","0","0","0"
"am","data/bible/am/61-1_corinthians.json","first-corinthians","61","12","31","1","31","0","0","0","0"
"am","data/bible/am/61-1_corinthians.json","first-corinthians","61","13","13","1","13","0","0","0","0"
"am","data/bible/am/61-1_corinthians.json","first-corinthians","61","14","40","1","40","0","0","0","0"
"am","data/bible/am/61-1_corinthians.json","first-corinthians","61","15","58","1","58","0","0","0","0"
"am","data/bible/am/61-1_corinthians.json","first-corinthians","61","16","24","1","24","0","0","0","0"
"am","data/bible/am/62-2_corinthians.json","second-corinthians","62","1","24","1","24","0","0","0","0"
"am","data/bible/am/62-2_corinthians.json","second-corinthians","62","2","17","1","17","0","0","0","0"
"am","data/bible/am/62-2_corinthians.json","second-corinthians","62","3","18","1","18","0","0","0","0"
"am","data/bible/am/62-2_corinthians.json","second-corinthians","62","4","18","1","18","0","0","0","0"
"am","data/bible/am/62-2_corinthians.json","second-corinthians","62","5","21","1","21","0","0","0","0"
"am","data/bible/am/62-2_corinthians.json","second-corinthians","62","6","18","1","18","0","0","0","0"
"am","data/bible/am/62-2_corinthians.json","second-corinthians","62","7","16","1","16","0","0","0","0"
"am","data/bible/am/62-2_corinthians.json","second-corinthians","62","8","24","1","24","0","0","0","0"
"am","data/bible/am/62-2_corinthians.json","second-corinthians","62","9","15","1","15","0","0","0","0"
"am","data/bible/am/62-2_corinthians.json","second-corinthians","62","10","18","1","18","0","0","0","0"
"am","data/bible/am/62-2_corinthians.json","second-corinthians","62","11","33","1","33","0","0","0","0"
"am","data/bible/am/62-2_corinthians.json","second-corinthians","62","12","21","1","21","0","0","0","0"
"am","data/bible/am/62-2_corinthians.json","second-corinthians","62","13","13","1","13","0","0","0","0"
"am","data/bible/am/63-galatians.json","galatians","63","1","24","1","24","0","0","0","0"
"am","data/bible/am/63-galatians.json","galatians","63","2","21","1","21","0","0","0","0"
"am","data/bible/am/63-galatians.json","galatians","63","3","29","1","29","0","0","0","0"
"am","data/bible/am/63-galatians.json","galatians","63","4","31","1","31","0","0","0","0"
"am","data/bible/am/63-galatians.json","galatians","63","5","26","1","26","0","0","0","0"
"am","data/bible/am/63-galatians.json","galatians","63","6","18","1","18","0","0","0","0"
"am","data/bible/am/64-ephesians.json","ephesians","64","1","23","1","23","0","0","0","0"
"am","data/bible/am/64-ephesians.json","ephesians","64","2","22","1","22","0","0","0","0"
"am","data/bible/am/64-ephesians.json","ephesians","64","3","21","1","21","0","0","0","0"
"am","data/bible/am/64-ephesians.json","ephesians","64","4","32","1","32","0","0","0","0"
"am","data/bible/am/64-ephesians.json","ephesians","64","5","33","1","33","0","0","0","0"
"am","data/bible/am/64-ephesians.json","ephesians","64","6","24","1","24","0","0","0","0"
"am","data/bible/am/65-philippians.json","philippians","65","1","30","1","30","0","0","0","0"
"am","data/bible/am/65-philippians.json","philippians","65","2","30","1","30","0","0","0","0"
"am","data/bible/am/65-philippians.json","philippians","65","3","21","1","21","0","0","0","0"
"am","data/bible/am/65-philippians.json","philippians","65","4","23","1","23","0","0","0","0"
"am","data/bible/am/66-colossians.json","colossians","66","1","29","1","29","0","0","0","0"
"am","data/bible/am/66-colossians.json","colossians","66","2","23","1","23","0","0","0","0"
"am","data/bible/am/66-colossians.json","colossians","66","3","25","1","25","0","0","0","0"
"am","data/bible/am/66-colossians.json","colossians","66","4","18","1","18","0","0","0","0"
"am","data/bible/am/67-1_thessalonians.json","first-thessalonians","67","1","8","1","9","1","0","0","0"
"am","data/bible/am/67-1_thessalonians.json","first-thessalonians","67","2","19","1","20","1","0","0","0"
"am","data/bible/am/67-1_thessalonians.json","first-thessalonians","67","3","11","1","12","1","0","0","0"
"am","data/bible/am/67-1_thessalonians.json","first-thessalonians","67","4","15","1","18","2","0","0","0"
"am","data/bible/am/67-1_thessalonians.json","first-thessalonians","67","5","25","1","28","3","0","0","0"
"am","data/bible/am/68-2_thessalonians.json","second-thessalonians","68","1","9","1","11","2","0","0","0"
"am","data/bible/am/68-2_thessalonians.json","second-thessalonians","68","2","13","1","16","3","0","0","0"
"am","data/bible/am/68-2_thessalonians.json","second-thessalonians","68","3","17","1","18","1","0","0","0"
"am","data/bible/am/69-1_timothy.json","first-timothy","69","1","16","1","20","3","0","0","0"
"am","data/bible/am/69-1_timothy.json","first-timothy","69","2","12","1","15","3","0","0","0"
"am","data/bible/am/69-1_timothy.json","first-timothy","69","3","16","1","16","0","0","0","0"
"am","data/bible/am/69-1_timothy.json","first-timothy","69","4","14","1","16","2","0","0","0"
"am","data/bible/am/69-1_timothy.json","first-timothy","69","5","24","1","25","1","0","0","0"
"am","data/bible/am/69-1_timothy.json","first-timothy","69","6","19","1","21","2","0","0","0"
"am","data/bible/am/70-2_timothy.json","second-timothy","70","1","17","1","18","1","0","0","0"
"am","data/bible/am/70-2_timothy.json","second-timothy","70","2","25","1","25","0","0","0","0"
"am","data/bible/am/70-2_timothy.json","second-timothy","70","3","15","1","16","1","0","0","0"
"am","data/bible/am/70-2_timothy.json","second-timothy","70","4","22","1","22","0","0","0","0"
"am","data/bible/am/71-titus.json","titus","71","1","14","1","16","2","0","0","0"
"am","data/bible/am/71-titus.json","titus","71","2","11","1","15","4","0","0","0"
"am","data/bible/am/71-titus.json","titus","71","3","12","1","15","3","0","0","0"
"am","data/bible/am/72-philemon.json","philemon","72","1","23","1","25","2","0","0","0"
"am","data/bible/am/73-hebrews.json","hebrews","73","1","14","1","14","0","0","0","0"
"am","data/bible/am/73-hebrews.json","hebrews","73","2","18","1","18","0","0","0","0"
"am","data/bible/am/73-hebrews.json","hebrews","73","3","19","1","19","0","0","0","0"
"am","data/bible/am/73-hebrews.json","hebrews","73","4","16","1","16","0","0","0","0"
"am","data/bible/am/73-hebrews.json","hebrews","73","5","14","1","14","0","0","0","0"
"am","data/bible/am/73-hebrews.json","hebrews","73","6","20","1","20","0","0","0","0"
"am","data/bible/am/73-hebrews.json","hebrews","73","7","28","1","28","0","0","0","0"
"am","data/bible/am/73-hebrews.json","hebrews","73","8","13","1","13","0","0","0","0"
"am","data/bible/am/73-hebrews.json","hebrews","73","9","28","1","28","0","0","0","0"
"am","data/bible/am/73-hebrews.json","hebrews","73","10","39","1","39","0","0","0","0"
"am","data/bible/am/73-hebrews.json","hebrews","73","11","40","1","40","0","0","0","0"
"am","data/bible/am/73-hebrews.json","hebrews","73","12","29","1","29","0","0","0","0"
"am","data/bible/am/73-hebrews.json","hebrews","73","13","25","1","25","0","0","0","0"
"am","data/bible/am/74-1_peter.json","first-peter","74","1","17","1","25","7","0","0","0"
"am","data/bible/am/74-1_peter.json","first-peter","74","2","22","1","25","2","0","0","0"
"am","data/bible/am/74-1_peter.json","first-peter","74","3","21","1","22","1","0","0","0"
"am","data/bible/am/74-1_peter.json","first-peter","74","4","18","1","19","1","0","0","0"
"am","data/bible/am/74-1_peter.json","first-peter","74","5","14","1","14","0","0","0","0"
"am","data/bible/am/75-2_peter.json","second-peter","75","1","20","1","21","1","0","0","0"
"am","data/bible/am/75-2_peter.json","second-peter","75","2","20","1","22","2","0","0","0"
"am","data/bible/am/75-2_peter.json","second-peter","75","3","16","1","18","2","0","0","0"
"am","data/bible/am/76-1_john.json","first-john","76","1","10","1","10","0","0","0","0"
"am","data/bible/am/76-1_john.json","first-john","76","2","28","1","29","1","0","0","0"
"am","data/bible/am/76-1_john.json","first-john","76","3","23","1","24","1","0","0","0"
"am","data/bible/am/76-1_john.json","first-john","76","4","21","1","21","0","0","0","0"
"am","data/bible/am/76-1_john.json","first-john","76","5","21","1","21","0","0","0","0"
"am","data/bible/am/77-2_john.json","second-john","77","1","12","1","13","1","0","0","0"
"am","data/bible/am/78-3-john.json","third-john","78","1","15","1","15","0","0","0","0"
"am","data/bible/am/79-james.json","james","79","1","24","1","27","3","0","0","0"
"am","data/bible/am/79-james.json","james","79","2","26","1","26","0","0","0","0"
"am","data/bible/am/79-james.json","james","79","3","18","1","18","0","0","0","0"
"am","data/bible/am/79-james.json","james","79","4","17","1","17","0","0","0","0"
"am","data/bible/am/79-james.json","james","79","5","20","1","20","0","0","0","0"
"am","data/bible/am/80-jude.json","jude","80","1","24","1","25","1","0","0","0"
"am","data/bible/am/81-revelation.json","revelation","81","1","19","1","20","1","0","0","0"
"am","data/bible/am/81-revelation.json","revelation","81","2","28","1","29","1","0","0","0"
"am","data/bible/am/81-revelation.json","revelation","81","3","22","1","22","0","0","0","0"
"am","data/bible/am/81-revelation.json","revelation","81","4","8","1","8","0","0","0","0"
"am","data/bible/am/81-revelation.json","revelation","81","5","8","1","8","0","0","0","0"
"am","data/bible/am/81-revelation.json","revelation","81","6","17","1","17","0","0","0","0"
"am","data/bible/am/81-revelation.json","revelation","81","7","15","1","17","1","0","0","0"
"am","data/bible/am/81-revelation.json","revelation","81","8","13","1","13","0","0","0","0"
"am","data/bible/am/81-revelation.json","revelation","81","9","21","1","21","0","0","0","0"
"am","data/bible/am/81-revelation.json","revelation","81","10","11","1","11","0","0","0","0"
"am","data/bible/am/81-revelation.json","revelation","81","11","16","1","19","1","0","0","0"
"am","data/bible/am/81-revelation.json","revelation","81","12","16","1","18","1","0","0","0"
"am","data/bible/am/81-revelation.json","revelation","81","13","18","1","18","0","0","0","0"
"am","data/bible/am/81-revelation.json","revelation","81","14","20","1","20","0","0","0","0"
"am","data/bible/am/81-revelation.json","revelation","81","15","6","1","8","1","0","0","0"
"am","data/bible/am/81-revelation.json","revelation","81","16","21","1","21","0","0","0","0"
"am","data/bible/am/81-revelation.json","revelation","81","17","18","1","18","0","0","0","0"
"am","data/bible/am/81-revelation.json","revelation","81","18","19","1","24","2","0","0","0"
"am","data/bible/am/81-revelation.json","revelation","81","19","14","1","21","3","0","0","0"
"am","data/bible/am/81-revelation.json","revelation","81","20","15","1","15","0","0","0","0"
"am","data/bible/am/81-revelation.json","revelation","81","21","26","1","27","1","0","0","0"
"am","data/bible/am/81-revelation.json","revelation","81","22","21","1","21","0","0","0","0"
"am","data/bible/am/82-1_celement.json","clement","82","1","49","1","49","0","0","0","0"
"am","data/bible/am/82-1_celement.json","clement","82","2","74","1","74","0","0","0","0"
"am","data/bible/am/82-1_celement.json","clement","82","3","137","1","137","0","0","0","0"
"am","data/bible/am/82-1_celement.json","clement","82","4","46","1","46","0","0","0","0"
"am","data/bible/am/82-1_celement.json","clement","82","5","68","1","68","0","0","0","0"
"am","data/bible/am/82-1_celement.json","clement","82","6","95","1","95","0","0","0","0"
"am","data/bible/am/82-1_celement.json","clement","82","7","107","1","107","0","0","0","0"
"am","data/bible/am/82-1_celement.json","clement","82","8","121","1","121","0","0","0","0"
"am","data/bible/am/82-1_celement.json","clement","82","9","131","1","131","0","0","0","0"
"am","data/bible/am/82-1_celement.json","clement","82","10","92","1","92","0","0","0","0"
"am","data/bible/am/82-1_celement.json","clement","82","11","119","1","119","0","0","0","0"
"am","data/bible/am/82-1_celement.json","clement","82","12","45","1","45","0","0","0","0"
"am","data/bible/am/83-didascalia.json","didascalia","83","1","31","1","31","0","0","0","0"
"am","data/bible/am/83-didascalia.json","didascalia","83","2","37","1","37","0","0","0","0"
"am","data/bible/am/83-didascalia.json","didascalia","83","3","34","1","34","0","0","0","0"
"am","data/bible/am/83-didascalia.json","didascalia","83","4","82","1","82","0","0","0","0"
"am","data/bible/am/83-didascalia.json","didascalia","83","5","33","1","33","0","0","0","0"
"am","data/bible/am/83-didascalia.json","didascalia","83","6","49","1","49","0","0","0","0"
"am","data/bible/am/83-didascalia.json","didascalia","83","7","72","1","72","0","0","0","0"
"am","data/bible/am/83-didascalia.json","didascalia","83","8","23","1","23","0","0","0","0"
"am","data/bible/am/83-didascalia.json","didascalia","83","9","26","1","26","0","0","0","0"
"am","data/bible/am/83-didascalia.json","didascalia","83","10","103","1","103","0","0","0","0"
"am","data/bible/am/83-didascalia.json","didascalia","83","11","91","1","91","0","0","0","0"
"am","data/bible/am/83-didascalia.json","didascalia","83","12","24","1","24","0","0","0","0"
"am","data/bible/am/83-didascalia.json","didascalia","83","13","83","1","83","0","0","0","0"
"am","data/bible/am/83-didascalia.json","didascalia","83","14","9","1","9","0","0","0","0"
"am","data/bible/am/83-didascalia.json","didascalia","83","15","10","1","10","0","0","0","0"
"am","data/bible/am/83-didascalia.json","didascalia","83","16","61","1","61","0","0","0","0"
"am","data/bible/am/83-didascalia.json","didascalia","83","17","5","1","5","0","0","0","0"
"am","data/bible/am/83-didascalia.json","didascalia","83","18","14","1","14","0","0","0","0"
"am","data/bible/am/83-didascalia.json","didascalia","83","19","6","1","6","0","0","0","0"
"am","data/bible/am/83-didascalia.json","didascalia","83","20","34","1","34","0","0","0","0"
"am","data/bible/am/83-didascalia.json","didascalia","83","21","11","1","11","0","0","0","0"
"am","data/bible/am/83-didascalia.json","didascalia","83","22","9","1","9","0","0","0","0"
"am","data/bible/am/83-didascalia.json","didascalia","83","23","7","1","7","0","0","0","0"
"am","data/bible/am/83-didascalia.json","didascalia","83","24","85","1","85","0","0","0","0"
"am","data/bible/am/83-didascalia.json","didascalia","83","25","65","1","65","0","0","0","0"
"am","data/bible/am/83-didascalia.json","didascalia","83","26","8","1","8","0","0","0","0"
"am","data/bible/am/83-didascalia.json","didascalia","83","27","4","1","4","0","0","0","0"
"am","data/bible/am/83-didascalia.json","didascalia","83","28","23","1","23","0","0","0","0"
"am","data/bible/am/83-didascalia.json","didascalia","83","29","97","1","97","0","0","0","0"
"am","data/bible/am/83-didascalia.json","didascalia","83","30","70","1","70","0","0","0","0"
"am","data/bible/am/83-didascalia.json","didascalia","83","31","48","1","48","0","0","0","0"
"am","data/bible/am/83-didascalia.json","didascalia","83","32","50","1","50","0","0","0","0"
"am","data/bible/am/83-didascalia.json","didascalia","83","33","235","1","235","0","0","0","0"
"am","data/bible/am/83-didascalia.json","didascalia","83","34","18","1","18","0","0","0","0"
"am","data/bible/am/83-didascalia.json","didascalia","83","35","50","1","50","0","0","0","0"
"am","data/bible/am/83-didascalia.json","didascalia","83","36","34","1","34","0","0","0","0"
"am","data/bible/am/83-didascalia.json","didascalia","83","37","18","1","18","0","0","0","0"
"am","data/bible/am/83-didascalia.json","didascalia","83","38","53","1","53","0","0","0","0"
"am","data/bible/am/83-didascalia.json","didascalia","83","39","22","1","22","0","0","0","0"
"am","data/bible/am/83-didascalia.json","didascalia","83","40","9","1","9","0","0","0","0"
"am","data/bible/am/83-didascalia.json","didascalia","83","41","3","1","3","0","0","0","0"
"am","data/bible/am/83-didascalia.json","didascalia","83","42","2","1","2","0","0","0","0"
"am","data/bible/am/83-didascalia.json","didascalia","83","43","23","1","23","0","0","0","0"
"web","data/bible/EN/web.json","genesis","1","1","31","1","31","0","0","0","0"
"web","data/bible/EN/web.json","genesis","1","2","25","1","25","0","0","0","0"
"web","data/bible/EN/web.json","genesis","1","3","24","1","24","0","0","0","0"
"web","data/bible/EN/web.json","genesis","1","4","26","1","26","0","0","0","0"
"web","data/bible/EN/web.json","genesis","1","5","32","1","32","0","0","0","0"
"web","data/bible/EN/web.json","genesis","1","6","22","1","22","0","0","0","0"
"web","data/bible/EN/web.json","genesis","1","7","24","1","24","0","0","0","0"
"web","data/bible/EN/web.json","genesis","1","8","22","1","22","0","0","0","0"
"web","data/bible/EN/web.json","genesis","1","9","29","1","29","0","0","0","0"
"web","data/bible/EN/web.json","genesis","1","10","32","1","32","0","0","0","0"
"web","data/bible/EN/web.json","genesis","1","11","32","1","32","0","0","0","0"
"web","data/bible/EN/web.json","genesis","1","12","20","1","20","0","0","0","0"
"web","data/bible/EN/web.json","genesis","1","13","18","1","18","0","0","0","0"
"web","data/bible/EN/web.json","genesis","1","14","24","1","24","0","0","0","0"
"web","data/bible/EN/web.json","genesis","1","15","21","1","21","0","0","0","0"
"web","data/bible/EN/web.json","genesis","1","16","16","1","16","0","0","0","0"
"web","data/bible/EN/web.json","genesis","1","17","27","1","27","0","0","0","0"
"web","data/bible/EN/web.json","genesis","1","18","33","1","33","0","0","0","0"
"web","data/bible/EN/web.json","genesis","1","19","38","1","38","0","0","0","0"
"web","data/bible/EN/web.json","genesis","1","20","18","1","18","0","0","0","0"
"web","data/bible/EN/web.json","genesis","1","21","34","1","34","0","0","0","0"
"web","data/bible/EN/web.json","genesis","1","22","24","1","24","0","0","0","0"
"web","data/bible/EN/web.json","genesis","1","23","20","1","20","0","0","0","0"
"web","data/bible/EN/web.json","genesis","1","24","67","1","67","0","0","0","0"
"web","data/bible/EN/web.json","genesis","1","25","34","1","34","0","0","0","0"
"web","data/bible/EN/web.json","genesis","1","26","35","1","35","0","0","0","0"
"web","data/bible/EN/web.json","genesis","1","27","46","1","46","0","0","0","0"
"web","data/bible/EN/web.json","genesis","1","28","22","1","22","0","0","0","0"
"web","data/bible/EN/web.json","genesis","1","29","35","1","35","0","0","0","0"
"web","data/bible/EN/web.json","genesis","1","30","43","1","43","0","0","0","0"
"web","data/bible/EN/web.json","genesis","1","31","55","1","55","0","0","0","0"
"web","data/bible/EN/web.json","genesis","1","32","32","1","32","0","0","0","0"
"web","data/bible/EN/web.json","genesis","1","33","20","1","20","0","0","0","0"
"web","data/bible/EN/web.json","genesis","1","34","31","1","31","0","0","0","0"
"web","data/bible/EN/web.json","genesis","1","35","29","1","29","0","0","0","0"
"web","data/bible/EN/web.json","genesis","1","36","43","1","43","0","0","0","0"
"web","data/bible/EN/web.json","genesis","1","37","36","1","36","0","0","0","0"
"web","data/bible/EN/web.json","genesis","1","38","30","1","30","0","0","0","0"
"web","data/bible/EN/web.json","genesis","1","39","23","1","23","0","0","0","0"
"web","data/bible/EN/web.json","genesis","1","40","23","1","23","0","0","0","0"
"web","data/bible/EN/web.json","genesis","1","41","57","1","57","0","0","0","0"
"web","data/bible/EN/web.json","genesis","1","42","38","1","38","0","0","0","0"
"web","data/bible/EN/web.json","genesis","1","43","34","1","34","0","0","0","0"
"web","data/bible/EN/web.json","genesis","1","44","34","1","34","0","0","0","0"
"web","data/bible/EN/web.json","genesis","1","45","28","1","28","0","0","0","0"
"web","data/bible/EN/web.json","genesis","1","46","34","1","34","0","0","0","0"
"web","data/bible/EN/web.json","genesis","1","47","31","1","31","0","0","0","0"
"web","data/bible/EN/web.json","genesis","1","48","22","1","22","0","0","0","0"
"web","data/bible/EN/web.json","genesis","1","49","33","1","33","0","0","0","0"
"web","data/bible/EN/web.json","genesis","1","50","26","1","26","0","0","0","0"
"web","data/bible/EN/web.json","exodus","2","1","22","1","22","0","0","0","0"
"web","data/bible/EN/web.json","exodus","2","2","25","1","25","0","0","0","0"
"web","data/bible/EN/web.json","exodus","2","3","22","1","22","0","0","0","0"
"web","data/bible/EN/web.json","exodus","2","4","31","1","31","0","0","0","0"
"web","data/bible/EN/web.json","exodus","2","5","23","1","23","0","0","0","0"
"web","data/bible/EN/web.json","exodus","2","6","30","1","30","0","0","0","0"
"web","data/bible/EN/web.json","exodus","2","7","25","1","25","0","0","0","0"
"web","data/bible/EN/web.json","exodus","2","8","32","1","32","0","0","0","0"
"web","data/bible/EN/web.json","exodus","2","9","35","1","35","0","0","0","0"
"web","data/bible/EN/web.json","exodus","2","10","29","1","29","0","0","0","0"
"web","data/bible/EN/web.json","exodus","2","11","10","1","10","0","0","0","0"
"web","data/bible/EN/web.json","exodus","2","12","51","1","51","0","0","0","0"
"web","data/bible/EN/web.json","exodus","2","13","22","1","22","0","0","0","0"
"web","data/bible/EN/web.json","exodus","2","14","31","1","31","0","0","0","0"
"web","data/bible/EN/web.json","exodus","2","15","27","1","27","0","0","0","0"
"web","data/bible/EN/web.json","exodus","2","16","36","1","36","0","0","0","0"
"web","data/bible/EN/web.json","exodus","2","17","16","1","16","0","0","0","0"
"web","data/bible/EN/web.json","exodus","2","18","27","1","27","0","0","0","0"
"web","data/bible/EN/web.json","exodus","2","19","25","1","25","0","0","0","0"
"web","data/bible/EN/web.json","exodus","2","20","26","1","26","0","0","0","0"
"web","data/bible/EN/web.json","exodus","2","21","36","1","36","0","0","0","0"
"web","data/bible/EN/web.json","exodus","2","22","31","1","31","0","0","0","0"
"web","data/bible/EN/web.json","exodus","2","23","33","1","33","0","0","0","0"
"web","data/bible/EN/web.json","exodus","2","24","18","1","18","0","0","0","0"
"web","data/bible/EN/web.json","exodus","2","25","40","1","40","0","0","0","0"
"web","data/bible/EN/web.json","exodus","2","26","37","1","37","0","0","0","0"
"web","data/bible/EN/web.json","exodus","2","27","21","1","21","0","0","0","0"
"web","data/bible/EN/web.json","exodus","2","28","43","1","43","0","0","0","0"
"web","data/bible/EN/web.json","exodus","2","29","46","1","46","0","0","0","0"
"web","data/bible/EN/web.json","exodus","2","30","38","1","38","0","0","0","0"
"web","data/bible/EN/web.json","exodus","2","31","18","1","18","0","0","0","0"
"web","data/bible/EN/web.json","exodus","2","32","35","1","35","0","0","0","0"
"web","data/bible/EN/web.json","exodus","2","33","23","1","23","0","0","0","0"
"web","data/bible/EN/web.json","exodus","2","34","35","1","35","0","0","0","0"
"web","data/bible/EN/web.json","exodus","2","35","35","1","35","0","0","0","0"
"web","data/bible/EN/web.json","exodus","2","36","38","1","38","0","0","0","0"
"web","data/bible/EN/web.json","exodus","2","37","29","1","29","0","0","0","0"
"web","data/bible/EN/web.json","exodus","2","38","31","1","31","0","0","0","0"
"web","data/bible/EN/web.json","exodus","2","39","43","1","43","0","0","0","0"
"web","data/bible/EN/web.json","exodus","2","40","38","1","38","0","0","0","0"
"web","data/bible/EN/web.json","leviticus","3","1","17","1","17","0","0","0","0"
"web","data/bible/EN/web.json","leviticus","3","2","16","1","16","0","0","0","0"
"web","data/bible/EN/web.json","leviticus","3","3","17","1","17","0","0","0","0"
"web","data/bible/EN/web.json","leviticus","3","4","35","1","35","0","0","0","0"
"web","data/bible/EN/web.json","leviticus","3","5","19","1","19","0","0","0","0"
"web","data/bible/EN/web.json","leviticus","3","6","30","1","30","0","0","0","0"
"web","data/bible/EN/web.json","leviticus","3","7","38","1","38","0","0","0","0"
"web","data/bible/EN/web.json","leviticus","3","8","36","1","36","0","0","0","0"
"web","data/bible/EN/web.json","leviticus","3","9","24","1","24","0","0","0","0"
"web","data/bible/EN/web.json","leviticus","3","10","20","1","20","0","0","0","0"
"web","data/bible/EN/web.json","leviticus","3","11","47","1","47","0","0","0","0"
"web","data/bible/EN/web.json","leviticus","3","12","8","1","8","0","0","0","0"
"web","data/bible/EN/web.json","leviticus","3","13","59","1","59","0","0","0","0"
"web","data/bible/EN/web.json","leviticus","3","14","57","1","57","0","0","0","0"
"web","data/bible/EN/web.json","leviticus","3","15","33","1","33","0","0","0","0"
"web","data/bible/EN/web.json","leviticus","3","16","34","1","34","0","0","0","0"
"web","data/bible/EN/web.json","leviticus","3","17","16","1","16","0","0","0","0"
"web","data/bible/EN/web.json","leviticus","3","18","30","1","30","0","0","0","0"
"web","data/bible/EN/web.json","leviticus","3","19","37","1","37","0","0","0","0"
"web","data/bible/EN/web.json","leviticus","3","20","27","1","27","0","0","0","0"
"web","data/bible/EN/web.json","leviticus","3","21","24","1","24","0","0","0","0"
"web","data/bible/EN/web.json","leviticus","3","22","33","1","33","0","0","0","0"
"web","data/bible/EN/web.json","leviticus","3","23","44","1","44","0","0","0","0"
"web","data/bible/EN/web.json","leviticus","3","24","23","1","23","0","0","0","0"
"web","data/bible/EN/web.json","leviticus","3","25","55","1","55","0","0","0","0"
"web","data/bible/EN/web.json","leviticus","3","26","46","1","46","0","0","0","0"
"web","data/bible/EN/web.json","leviticus","3","27","34","1","34","0","0","0","0"
"web","data/bible/EN/web.json","numbers","4","1","54","1","54","0","0","0","0"
"web","data/bible/EN/web.json","numbers","4","2","34","1","34","0","0","0","0"
"web","data/bible/EN/web.json","numbers","4","3","51","1","51","0","0","0","0"
"web","data/bible/EN/web.json","numbers","4","4","49","1","49","0","0","0","0"
"web","data/bible/EN/web.json","numbers","4","5","31","1","31","0","0","0","0"
"web","data/bible/EN/web.json","numbers","4","6","27","1","27","0","0","0","0"
"web","data/bible/EN/web.json","numbers","4","7","89","1","89","0","0","0","0"
"web","data/bible/EN/web.json","numbers","4","8","26","1","26","0","0","0","0"
"web","data/bible/EN/web.json","numbers","4","9","23","1","23","0","0","0","0"
"web","data/bible/EN/web.json","numbers","4","10","36","1","36","0","0","0","0"
"web","data/bible/EN/web.json","numbers","4","11","35","1","35","0","0","0","0"
"web","data/bible/EN/web.json","numbers","4","12","16","1","16","0","0","0","0"
"web","data/bible/EN/web.json","numbers","4","13","33","1","33","0","0","0","0"
"web","data/bible/EN/web.json","numbers","4","14","45","1","45","0","0","0","0"
"web","data/bible/EN/web.json","numbers","4","15","41","1","41","0","0","0","0"
"web","data/bible/EN/web.json","numbers","4","16","50","1","50","0","0","0","0"
"web","data/bible/EN/web.json","numbers","4","17","13","1","13","0","0","0","0"
"web","data/bible/EN/web.json","numbers","4","18","32","1","32","0","0","0","0"
"web","data/bible/EN/web.json","numbers","4","19","22","1","22","0","0","0","0"
"web","data/bible/EN/web.json","numbers","4","20","29","1","29","0","0","0","0"
"web","data/bible/EN/web.json","numbers","4","21","35","1","35","0","0","0","0"
"web","data/bible/EN/web.json","numbers","4","22","41","1","41","0","0","0","0"
"web","data/bible/EN/web.json","numbers","4","23","30","1","30","0","0","0","0"
"web","data/bible/EN/web.json","numbers","4","24","25","1","25","0","0","0","0"
"web","data/bible/EN/web.json","numbers","4","25","18","1","18","0","0","0","0"
"web","data/bible/EN/web.json","numbers","4","26","65","1","65","0","0","0","0"
"web","data/bible/EN/web.json","numbers","4","27","23","1","23","0","0","0","0"
"web","data/bible/EN/web.json","numbers","4","28","31","1","31","0","0","0","0"
"web","data/bible/EN/web.json","numbers","4","29","40","1","40","0","0","0","0"
"web","data/bible/EN/web.json","numbers","4","30","16","1","16","0","0","0","0"
"web","data/bible/EN/web.json","numbers","4","31","54","1","54","0","0","0","0"
"web","data/bible/EN/web.json","numbers","4","32","42","1","42","0","0","0","0"
"web","data/bible/EN/web.json","numbers","4","33","56","1","56","0","0","0","0"
"web","data/bible/EN/web.json","numbers","4","34","29","1","29","0","0","0","0"
"web","data/bible/EN/web.json","numbers","4","35","34","1","34","0","0","0","0"
"web","data/bible/EN/web.json","numbers","4","36","13","1","13","0","0","0","0"
"web","data/bible/EN/web.json","deuteronomy","5","1","46","1","46","0","0","0","0"
"web","data/bible/EN/web.json","deuteronomy","5","2","37","1","37","0","0","0","0"
"web","data/bible/EN/web.json","deuteronomy","5","3","29","1","29","0","0","0","0"
"web","data/bible/EN/web.json","deuteronomy","5","4","49","1","49","0","0","0","0"
"web","data/bible/EN/web.json","deuteronomy","5","5","33","1","33","0","0","0","0"
"web","data/bible/EN/web.json","deuteronomy","5","6","25","1","25","0","0","0","0"
"web","data/bible/EN/web.json","deuteronomy","5","7","26","1","26","0","0","0","0"
"web","data/bible/EN/web.json","deuteronomy","5","8","20","1","20","0","0","0","0"
"web","data/bible/EN/web.json","deuteronomy","5","9","29","1","29","0","0","0","0"
"web","data/bible/EN/web.json","deuteronomy","5","10","22","1","22","0","0","0","0"
"web","data/bible/EN/web.json","deuteronomy","5","11","32","1","32","0","0","0","0"
"web","data/bible/EN/web.json","deuteronomy","5","12","32","1","32","0","0","0","0"
"web","data/bible/EN/web.json","deuteronomy","5","13","18","1","18","0","0","0","0"
"web","data/bible/EN/web.json","deuteronomy","5","14","29","1","29","0","0","0","0"
"web","data/bible/EN/web.json","deuteronomy","5","15","23","1","23","0","0","0","0"
"web","data/bible/EN/web.json","deuteronomy","5","16","22","1","22","0","0","0","0"
"web","data/bible/EN/web.json","deuteronomy","5","17","20","1","20","0","0","0","0"
"web","data/bible/EN/web.json","deuteronomy","5","18","22","1","22","0","0","0","0"
"web","data/bible/EN/web.json","deuteronomy","5","19","21","1","21","0","0","0","0"
"web","data/bible/EN/web.json","deuteronomy","5","20","20","1","20","0","0","0","0"
"web","data/bible/EN/web.json","deuteronomy","5","21","23","1","23","0","0","0","0"
"web","data/bible/EN/web.json","deuteronomy","5","22","30","1","30","0","0","0","0"
"web","data/bible/EN/web.json","deuteronomy","5","23","25","1","25","0","0","0","0"
"web","data/bible/EN/web.json","deuteronomy","5","24","22","1","22","0","0","0","0"
"web","data/bible/EN/web.json","deuteronomy","5","25","19","1","19","0","0","0","0"
"web","data/bible/EN/web.json","deuteronomy","5","26","19","1","19","0","0","0","0"
"web","data/bible/EN/web.json","deuteronomy","5","27","26","1","26","0","0","0","0"
"web","data/bible/EN/web.json","deuteronomy","5","28","68","1","68","0","0","0","0"
"web","data/bible/EN/web.json","deuteronomy","5","29","29","1","29","0","0","0","0"
"web","data/bible/EN/web.json","deuteronomy","5","30","20","1","20","0","0","0","0"
"web","data/bible/EN/web.json","deuteronomy","5","31","30","1","30","0","0","0","0"
"web","data/bible/EN/web.json","deuteronomy","5","32","52","1","52","0","0","0","0"
"web","data/bible/EN/web.json","deuteronomy","5","33","29","1","29","0","0","0","0"
"web","data/bible/EN/web.json","deuteronomy","5","34","12","1","12","0","0","0","0"
"web","data/bible/EN/web.json","joshua","6","1","18","1","18","0","0","0","0"
"web","data/bible/EN/web.json","joshua","6","2","24","1","24","0","0","0","0"
"web","data/bible/EN/web.json","joshua","6","3","17","1","17","0","0","0","0"
"web","data/bible/EN/web.json","joshua","6","4","24","1","24","0","0","0","0"
"web","data/bible/EN/web.json","joshua","6","5","15","1","15","0","0","0","0"
"web","data/bible/EN/web.json","joshua","6","6","27","1","27","0","0","0","0"
"web","data/bible/EN/web.json","joshua","6","7","26","1","26","0","0","0","0"
"web","data/bible/EN/web.json","joshua","6","8","35","1","35","0","0","0","0"
"web","data/bible/EN/web.json","joshua","6","9","27","1","27","0","0","0","0"
"web","data/bible/EN/web.json","joshua","6","10","43","1","43","0","0","0","0"
"web","data/bible/EN/web.json","joshua","6","11","23","1","23","0","0","0","0"
"web","data/bible/EN/web.json","joshua","6","12","24","1","24","0","0","0","0"
"web","data/bible/EN/web.json","joshua","6","13","33","1","33","0","0","0","0"
"web","data/bible/EN/web.json","joshua","6","14","15","1","15","0","0","0","0"
"web","data/bible/EN/web.json","joshua","6","15","63","1","63","0","0","0","0"
"web","data/bible/EN/web.json","joshua","6","16","10","1","10","0","0","0","0"
"web","data/bible/EN/web.json","joshua","6","17","18","1","18","0","0","0","0"
"web","data/bible/EN/web.json","joshua","6","18","28","1","28","0","0","0","0"
"web","data/bible/EN/web.json","joshua","6","19","51","1","51","0","0","0","0"
"web","data/bible/EN/web.json","joshua","6","20","9","1","9","0","0","0","0"
"web","data/bible/EN/web.json","joshua","6","21","45","1","45","0","0","0","0"
"web","data/bible/EN/web.json","joshua","6","22","34","1","34","0","0","0","0"
"web","data/bible/EN/web.json","joshua","6","23","16","1","16","0","0","0","0"
"web","data/bible/EN/web.json","joshua","6","24","33","1","33","0","0","0","0"
"web","data/bible/EN/web.json","judges","7","1","36","1","36","0","0","0","0"
"web","data/bible/EN/web.json","judges","7","2","23","1","23","0","0","0","0"
"web","data/bible/EN/web.json","judges","7","3","31","1","31","0","0","0","0"
"web","data/bible/EN/web.json","judges","7","4","24","1","24","0","0","0","0"
"web","data/bible/EN/web.json","judges","7","5","31","1","31","0","0","0","0"
"web","data/bible/EN/web.json","judges","7","6","40","1","40","0","0","0","0"
"web","data/bible/EN/web.json","judges","7","7","25","1","25","0","0","0","0"
"web","data/bible/EN/web.json","judges","7","8","35","1","35","0","0","0","0"
"web","data/bible/EN/web.json","judges","7","9","57","1","57","0","0","0","0"
"web","data/bible/EN/web.json","judges","7","10","18","1","18","0","0","0","0"
"web","data/bible/EN/web.json","judges","7","11","40","1","40","0","0","0","0"
"web","data/bible/EN/web.json","judges","7","12","15","1","15","0","0","0","0"
"web","data/bible/EN/web.json","judges","7","13","25","1","25","0","0","0","0"
"web","data/bible/EN/web.json","judges","7","14","20","1","20","0","0","0","0"
"web","data/bible/EN/web.json","judges","7","15","20","1","20","0","0","0","0"
"web","data/bible/EN/web.json","judges","7","16","31","1","31","0","0","0","0"
"web","data/bible/EN/web.json","judges","7","17","13","1","13","0","0","0","0"
"web","data/bible/EN/web.json","judges","7","18","31","1","31","0","0","0","0"
"web","data/bible/EN/web.json","judges","7","19","30","1","30","0","0","0","0"
"web","data/bible/EN/web.json","judges","7","20","48","1","48","0","0","0","0"
"web","data/bible/EN/web.json","judges","7","21","25","1","25","0","0","0","0"
"web","data/bible/EN/web.json","ruth","8","1","22","1","22","0","0","0","0"
"web","data/bible/EN/web.json","ruth","8","2","23","1","23","0","0","0","0"
"web","data/bible/EN/web.json","ruth","8","3","18","1","18","0","0","0","0"
"web","data/bible/EN/web.json","ruth","8","4","22","1","22","0","0","0","0"
"web","data/bible/EN/web.json","samuel","9","1","28","1","28","0","0","0","0"
"web","data/bible/EN/web.json","samuel","9","2","36","1","36","0","0","0","0"
"web","data/bible/EN/web.json","samuel","9","3","21","1","21","0","0","0","0"
"web","data/bible/EN/web.json","samuel","9","4","22","1","22","0","0","0","0"
"web","data/bible/EN/web.json","samuel","9","5","12","1","12","0","0","0","0"
"web","data/bible/EN/web.json","samuel","9","6","21","1","21","0","0","0","0"
"web","data/bible/EN/web.json","samuel","9","7","17","1","17","0","0","0","0"
"web","data/bible/EN/web.json","samuel","9","8","22","1","22","0","0","0","0"
"web","data/bible/EN/web.json","samuel","9","9","27","1","27","0","0","0","0"
"web","data/bible/EN/web.json","samuel","9","10","27","1","27","0","0","0","0"
"web","data/bible/EN/web.json","samuel","9","11","15","1","15","0","0","0","0"
"web","data/bible/EN/web.json","samuel","9","12","25","1","25","0","0","0","0"
"web","data/bible/EN/web.json","samuel","9","13","23","1","23","0","0","0","0"
"web","data/bible/EN/web.json","samuel","9","14","52","1","52","0","0","0","0"
"web","data/bible/EN/web.json","samuel","9","15","35","1","35","0","0","0","0"
"web","data/bible/EN/web.json","samuel","9","16","23","1","23","0","0","0","0"
"web","data/bible/EN/web.json","samuel","9","17","58","1","58","0","0","0","0"
"web","data/bible/EN/web.json","samuel","9","18","30","1","30","0","0","0","0"
"web","data/bible/EN/web.json","samuel","9","19","24","1","24","0","0","0","0"
"web","data/bible/EN/web.json","samuel","9","20","42","1","42","0","0","0","0"
"web","data/bible/EN/web.json","samuel","9","21","15","1","15","0","0","0","0"
"web","data/bible/EN/web.json","samuel","9","22","23","1","23","0","0","0","0"
"web","data/bible/EN/web.json","samuel","9","23","29","1","29","0","0","0","0"
"web","data/bible/EN/web.json","samuel","9","24","22","1","22","0","0","0","0"
"web","data/bible/EN/web.json","samuel","9","25","44","1","44","0","0","0","0"
"web","data/bible/EN/web.json","samuel","9","26","25","1","25","0","0","0","0"
"web","data/bible/EN/web.json","samuel","9","27","12","1","12","0","0","0","0"
"web","data/bible/EN/web.json","samuel","9","28","25","1","25","0","0","0","0"
"web","data/bible/EN/web.json","samuel","9","29","11","1","11","0","0","0","0"
"web","data/bible/EN/web.json","samuel","9","30","31","1","31","0","0","0","0"
"web","data/bible/EN/web.json","samuel","9","31","13","1","13","0","0","0","0"
"web","data/bible/EN/web.json","samuel","10","1","27","1","27","0","0","0","0"
"web","data/bible/EN/web.json","samuel","10","2","32","1","32","0","0","0","0"
"web","data/bible/EN/web.json","samuel","10","3","39","1","39","0","0","0","0"
"web","data/bible/EN/web.json","samuel","10","4","12","1","12","0","0","0","0"
"web","data/bible/EN/web.json","samuel","10","5","25","1","25","0","0","0","0"
"web","data/bible/EN/web.json","samuel","10","6","23","1","23","0","0","0","0"
"web","data/bible/EN/web.json","samuel","10","7","29","1","29","0","0","0","0"
"web","data/bible/EN/web.json","samuel","10","8","18","1","18","0","0","0","0"
"web","data/bible/EN/web.json","samuel","10","9","13","1","13","0","0","0","0"
"web","data/bible/EN/web.json","samuel","10","10","19","1","19","0","0","0","0"
"web","data/bible/EN/web.json","samuel","10","11","27","1","27","0","0","0","0"
"web","data/bible/EN/web.json","samuel","10","12","31","1","31","0","0","0","0"
"web","data/bible/EN/web.json","samuel","10","13","39","1","39","0","0","0","0"
"web","data/bible/EN/web.json","samuel","10","14","33","1","33","0","0","0","0"
"web","data/bible/EN/web.json","samuel","10","15","37","1","37","0","0","0","0"
"web","data/bible/EN/web.json","samuel","10","16","23","1","23","0","0","0","0"
"web","data/bible/EN/web.json","samuel","10","17","29","1","29","0","0","0","0"
"web","data/bible/EN/web.json","samuel","10","18","33","1","33","0","0","0","0"
"web","data/bible/EN/web.json","samuel","10","19","43","1","43","0","0","0","0"
"web","data/bible/EN/web.json","samuel","10","20","26","1","26","0","0","0","0"
"web","data/bible/EN/web.json","samuel","10","21","22","1","22","0","0","0","0"
"web","data/bible/EN/web.json","samuel","10","22","51","1","51","0","0","0","0"
"web","data/bible/EN/web.json","samuel","10","23","39","1","39","0","0","0","0"
"web","data/bible/EN/web.json","samuel","10","24","25","1","25","0","0","0","0"
"web","data/bible/EN/web.json","kings","11","1","53","1","53","0","0","0","0"
"web","data/bible/EN/web.json","kings","11","2","46","1","46","0","0","0","0"
"web","data/bible/EN/web.json","kings","11","3","28","1","28","0","0","0","0"
"web","data/bible/EN/web.json","kings","11","4","34","1","34","0","0","0","0"
"web","data/bible/EN/web.json","kings","11","5","18","1","18","0","0","0","0"
"web","data/bible/EN/web.json","kings","11","6","38","1","38","0","0","0","0"
"web","data/bible/EN/web.json","kings","11","7","51","1","51","0","0","0","0"
"web","data/bible/EN/web.json","kings","11","8","66","1","66","0","0","0","0"
"web","data/bible/EN/web.json","kings","11","9","28","1","28","0","0","0","0"
"web","data/bible/EN/web.json","kings","11","10","29","1","29","0","0","0","0"
"web","data/bible/EN/web.json","kings","11","11","43","1","43","0","0","0","0"
"web","data/bible/EN/web.json","kings","11","12","33","1","33","0","0","0","0"
"web","data/bible/EN/web.json","kings","11","13","34","1","34","0","0","0","0"
"web","data/bible/EN/web.json","kings","11","14","31","1","31","0","0","0","0"
"web","data/bible/EN/web.json","kings","11","15","34","1","34","0","0","0","0"
"web","data/bible/EN/web.json","kings","11","16","34","1","34","0","0","0","0"
"web","data/bible/EN/web.json","kings","11","17","24","1","24","0","0","0","0"
"web","data/bible/EN/web.json","kings","11","18","46","1","46","0","0","0","0"
"web","data/bible/EN/web.json","kings","11","19","21","1","21","0","0","0","0"
"web","data/bible/EN/web.json","kings","11","20","43","1","43","0","0","0","0"
"web","data/bible/EN/web.json","kings","11","21","29","1","29","0","0","0","0"
"web","data/bible/EN/web.json","kings","11","22","53","1","53","0","0","0","0"
"web","data/bible/EN/web.json","kings","12","1","18","1","18","0","0","0","0"
"web","data/bible/EN/web.json","kings","12","2","25","1","25","0","0","0","0"
"web","data/bible/EN/web.json","kings","12","3","27","1","27","0","0","0","0"
"web","data/bible/EN/web.json","kings","12","4","44","1","44","0","0","0","0"
"web","data/bible/EN/web.json","kings","12","5","27","1","27","0","0","0","0"
"web","data/bible/EN/web.json","kings","12","6","33","1","33","0","0","0","0"
"web","data/bible/EN/web.json","kings","12","7","20","1","20","0","0","0","0"
"web","data/bible/EN/web.json","kings","12","8","29","1","29","0","0","0","0"
"web","data/bible/EN/web.json","kings","12","9","37","1","37","0","0","0","0"
"web","data/bible/EN/web.json","kings","12","10","36","1","36","0","0","0","0"
"web","data/bible/EN/web.json","kings","12","11","21","1","21","0","0","0","0"
"web","data/bible/EN/web.json","kings","12","12","21","1","21","0","0","0","0"
"web","data/bible/EN/web.json","kings","12","13","25","1","25","0","0","0","0"
"web","data/bible/EN/web.json","kings","12","14","29","1","29","0","0","0","0"
"web","data/bible/EN/web.json","kings","12","15","38","1","38","0","0","0","0"
"web","data/bible/EN/web.json","kings","12","16","20","1","20","0","0","0","0"
"web","data/bible/EN/web.json","kings","12","17","41","1","41","0","0","0","0"
"web","data/bible/EN/web.json","kings","12","18","37","1","37","0","0","0","0"
"web","data/bible/EN/web.json","kings","12","19","37","1","37","0","0","0","0"
"web","data/bible/EN/web.json","kings","12","20","21","1","21","0","0","0","0"
"web","data/bible/EN/web.json","kings","12","21","26","1","26","0","0","0","0"
"web","data/bible/EN/web.json","kings","12","22","20","1","20","0","0","0","0"
"web","data/bible/EN/web.json","kings","12","23","37","1","37","0","0","0","0"
"web","data/bible/EN/web.json","kings","12","24","20","1","20","0","0","0","0"
"web","data/bible/EN/web.json","kings","12","25","30","1","30","0","0","0","0"
"web","data/bible/EN/web.json","first-chronicles","13","1","54","1","54","0","0","0","0"
"web","data/bible/EN/web.json","first-chronicles","13","2","55","1","55","0","0","0","0"
"web","data/bible/EN/web.json","first-chronicles","13","3","24","1","24","0","0","0","0"
"web","data/bible/EN/web.json","first-chronicles","13","4","43","1","43","0","0","0","0"
"web","data/bible/EN/web.json","first-chronicles","13","5","26","1","26","0","0","0","0"
"web","data/bible/EN/web.json","first-chronicles","13","6","81","1","81","0","0","0","0"
"web","data/bible/EN/web.json","first-chronicles","13","7","40","1","40","0","0","0","0"
"web","data/bible/EN/web.json","first-chronicles","13","8","40","1","40","0","0","0","0"
"web","data/bible/EN/web.json","first-chronicles","13","9","44","1","44","0","0","0","0"
"web","data/bible/EN/web.json","first-chronicles","13","10","14","1","14","0","0","0","0"
"web","data/bible/EN/web.json","first-chronicles","13","11","47","1","47","0","0","0","0"
"web","data/bible/EN/web.json","first-chronicles","13","12","40","1","40","0","0","0","0"
"web","data/bible/EN/web.json","first-chronicles","13","13","14","1","14","0","0","0","0"
"web","data/bible/EN/web.json","first-chronicles","13","14","17","1","17","0","0","0","0"
"web","data/bible/EN/web.json","first-chronicles","13","15","29","1","29","0","0","0","0"
"web","data/bible/EN/web.json","first-chronicles","13","16","43","1","43","0","0","0","0"
"web","data/bible/EN/web.json","first-chronicles","13","17","27","1","27","0","0","0","0"
"web","data/bible/EN/web.json","first-chronicles","13","18","17","1","17","0","0","0","0"
"web","data/bible/EN/web.json","first-chronicles","13","19","19","1","19","0","0","0","0"
"web","data/bible/EN/web.json","first-chronicles","13","20","8","1","8","0","0","0","0"
"web","data/bible/EN/web.json","first-chronicles","13","21","30","1","30","0","0","0","0"
"web","data/bible/EN/web.json","first-chronicles","13","22","19","1","19","0","0","0","0"
"web","data/bible/EN/web.json","first-chronicles","13","23","32","1","32","0","0","0","0"
"web","data/bible/EN/web.json","first-chronicles","13","24","31","1","31","0","0","0","0"
"web","data/bible/EN/web.json","first-chronicles","13","25","31","1","31","0","0","0","0"
"web","data/bible/EN/web.json","first-chronicles","13","26","32","1","32","0","0","0","0"
"web","data/bible/EN/web.json","first-chronicles","13","27","34","1","34","0","0","0","0"
"web","data/bible/EN/web.json","first-chronicles","13","28","21","1","21","0","0","0","0"
"web","data/bible/EN/web.json","first-chronicles","13","29","30","1","30","0","0","0","0"
"web","data/bible/EN/web.json","second-chronicles","14","1","17","1","17","0","0","0","0"
"web","data/bible/EN/web.json","second-chronicles","14","2","18","1","18","0","0","0","0"
"web","data/bible/EN/web.json","second-chronicles","14","3","17","1","17","0","0","0","0"
"web","data/bible/EN/web.json","second-chronicles","14","4","22","1","22","0","0","0","0"
"web","data/bible/EN/web.json","second-chronicles","14","5","14","1","14","0","0","0","0"
"web","data/bible/EN/web.json","second-chronicles","14","6","42","1","42","0","0","0","0"
"web","data/bible/EN/web.json","second-chronicles","14","7","22","1","22","0","0","0","0"
"web","data/bible/EN/web.json","second-chronicles","14","8","18","1","18","0","0","0","0"
"web","data/bible/EN/web.json","second-chronicles","14","9","31","1","31","0","0","0","0"
"web","data/bible/EN/web.json","second-chronicles","14","10","19","1","19","0","0","0","0"
"web","data/bible/EN/web.json","second-chronicles","14","11","23","1","23","0","0","0","0"
"web","data/bible/EN/web.json","second-chronicles","14","12","16","1","16","0","0","0","0"
"web","data/bible/EN/web.json","second-chronicles","14","13","22","1","22","0","0","0","0"
"web","data/bible/EN/web.json","second-chronicles","14","14","15","1","15","0","0","0","0"
"web","data/bible/EN/web.json","second-chronicles","14","15","19","1","19","0","0","0","0"
"web","data/bible/EN/web.json","second-chronicles","14","16","14","1","14","0","0","0","0"
"web","data/bible/EN/web.json","second-chronicles","14","17","19","1","19","0","0","0","0"
"web","data/bible/EN/web.json","second-chronicles","14","18","34","1","34","0","0","0","0"
"web","data/bible/EN/web.json","second-chronicles","14","19","11","1","11","0","0","0","0"
"web","data/bible/EN/web.json","second-chronicles","14","20","37","1","37","0","0","0","0"
"web","data/bible/EN/web.json","second-chronicles","14","21","20","1","20","0","0","0","0"
"web","data/bible/EN/web.json","second-chronicles","14","22","12","1","12","0","0","0","0"
"web","data/bible/EN/web.json","second-chronicles","14","23","21","1","21","0","0","0","0"
"web","data/bible/EN/web.json","second-chronicles","14","24","27","1","27","0","0","0","0"
"web","data/bible/EN/web.json","second-chronicles","14","25","28","1","28","0","0","0","0"
"web","data/bible/EN/web.json","second-chronicles","14","26","23","1","23","0","0","0","0"
"web","data/bible/EN/web.json","second-chronicles","14","27","9","1","9","0","0","0","0"
"web","data/bible/EN/web.json","second-chronicles","14","28","27","1","27","0","0","0","0"
"web","data/bible/EN/web.json","second-chronicles","14","29","36","1","36","0","0","0","0"
"web","data/bible/EN/web.json","second-chronicles","14","30","27","1","27","0","0","0","0"
"web","data/bible/EN/web.json","second-chronicles","14","31","21","1","21","0","0","0","0"
"web","data/bible/EN/web.json","second-chronicles","14","32","33","1","33","0","0","0","0"
"web","data/bible/EN/web.json","second-chronicles","14","33","25","1","25","0","0","0","0"
"web","data/bible/EN/web.json","second-chronicles","14","34","33","1","33","0","0","0","0"
"web","data/bible/EN/web.json","second-chronicles","14","35","27","1","27","0","0","0","0"
"web","data/bible/EN/web.json","second-chronicles","14","36","23","1","23","0","0","0","0"
"web","data/bible/EN/web.json","ezra-nehemiah","15","1","11","1","11","0","0","0","0"
"web","data/bible/EN/web.json","ezra-nehemiah","15","2","70","1","70","0","0","0","0"
"web","data/bible/EN/web.json","ezra-nehemiah","15","3","13","1","13","0","0","0","0"
"web","data/bible/EN/web.json","ezra-nehemiah","15","4","24","1","24","0","0","0","0"
"web","data/bible/EN/web.json","ezra-nehemiah","15","5","17","1","17","0","0","0","0"
"web","data/bible/EN/web.json","ezra-nehemiah","15","6","22","1","22","0","0","0","0"
"web","data/bible/EN/web.json","ezra-nehemiah","15","7","28","1","28","0","0","0","0"
"web","data/bible/EN/web.json","ezra-nehemiah","15","8","36","1","36","0","0","0","0"
"web","data/bible/EN/web.json","ezra-nehemiah","15","9","15","1","15","0","0","0","0"
"web","data/bible/EN/web.json","ezra-nehemiah","15","10","44","1","44","0","0","0","0"
"web","data/bible/EN/web.json","ezra-nehemiah","16","1","11","1","11","0","0","0","0"
"web","data/bible/EN/web.json","ezra-nehemiah","16","2","20","1","20","0","0","0","0"
"web","data/bible/EN/web.json","ezra-nehemiah","16","3","32","1","32","0","0","0","0"
"web","data/bible/EN/web.json","ezra-nehemiah","16","4","23","1","23","0","0","0","0"
"web","data/bible/EN/web.json","ezra-nehemiah","16","5","19","1","19","0","0","0","0"
"web","data/bible/EN/web.json","ezra-nehemiah","16","6","19","1","19","0","0","0","0"
"web","data/bible/EN/web.json","ezra-nehemiah","16","7","73","1","73","0","0","0","0"
"web","data/bible/EN/web.json","ezra-nehemiah","16","8","18","1","18","0","0","0","0"
"web","data/bible/EN/web.json","ezra-nehemiah","16","9","38","1","38","0","0","0","0"
"web","data/bible/EN/web.json","ezra-nehemiah","16","10","39","1","39","0","0","0","0"
"web","data/bible/EN/web.json","ezra-nehemiah","16","11","36","1","36","0","0","0","0"
"web","data/bible/EN/web.json","ezra-nehemiah","16","12","47","1","47","0","0","0","0"
"web","data/bible/EN/web.json","ezra-nehemiah","16","13","31","1","31","0","0","0","0"
"web","data/bible/EN/web.json","esther","17","1","22","1","22","0","0","0","0"
"web","data/bible/EN/web.json","esther","17","2","23","1","23","0","0","0","0"
"web","data/bible/EN/web.json","esther","17","3","15","1","15","0","0","0","0"
"web","data/bible/EN/web.json","esther","17","4","17","1","17","0","0","0","0"
"web","data/bible/EN/web.json","esther","17","5","14","1","14","0","0","0","0"
"web","data/bible/EN/web.json","esther","17","6","14","1","14","0","0","0","0"
"web","data/bible/EN/web.json","esther","17","7","10","1","10","0","0","0","0"
"web","data/bible/EN/web.json","esther","17","8","17","1","17","0","0","0","0"
"web","data/bible/EN/web.json","esther","17","9","32","1","32","0","0","0","0"
"web","data/bible/EN/web.json","esther","17","10","3","1","3","0","0","0","0"
"web","data/bible/EN/web.json","job","18","1","22","1","22","0","0","0","0"
"web","data/bible/EN/web.json","job","18","2","13","1","13","0","0","0","0"
"web","data/bible/EN/web.json","job","18","3","26","1","26","0","0","0","0"
"web","data/bible/EN/web.json","job","18","4","21","1","21","0","0","0","0"
"web","data/bible/EN/web.json","job","18","5","27","1","27","0","0","0","0"
"web","data/bible/EN/web.json","job","18","6","30","1","30","0","0","0","0"
"web","data/bible/EN/web.json","job","18","7","21","1","21","0","0","0","0"
"web","data/bible/EN/web.json","job","18","8","22","1","22","0","0","0","0"
"web","data/bible/EN/web.json","job","18","9","35","1","35","0","0","0","0"
"web","data/bible/EN/web.json","job","18","10","22","1","22","0","0","0","0"
"web","data/bible/EN/web.json","job","18","11","20","1","20","0","0","0","0"
"web","data/bible/EN/web.json","job","18","12","25","1","25","0","0","0","0"
"web","data/bible/EN/web.json","job","18","13","28","1","28","0","0","0","0"
"web","data/bible/EN/web.json","job","18","14","22","1","22","0","0","0","0"
"web","data/bible/EN/web.json","job","18","15","35","1","35","0","0","0","0"
"web","data/bible/EN/web.json","job","18","16","22","1","22","0","0","0","0"
"web","data/bible/EN/web.json","job","18","17","16","1","16","0","0","0","0"
"web","data/bible/EN/web.json","job","18","18","21","1","21","0","0","0","0"
"web","data/bible/EN/web.json","job","18","19","29","1","29","0","0","0","0"
"web","data/bible/EN/web.json","job","18","20","29","1","29","0","0","0","0"
"web","data/bible/EN/web.json","job","18","21","34","1","34","0","0","0","0"
"web","data/bible/EN/web.json","job","18","22","30","1","30","0","0","0","0"
"web","data/bible/EN/web.json","job","18","23","17","1","17","0","0","0","0"
"web","data/bible/EN/web.json","job","18","24","25","1","25","0","0","0","0"
"web","data/bible/EN/web.json","job","18","25","6","1","6","0","0","0","0"
"web","data/bible/EN/web.json","job","18","26","14","1","14","0","0","0","0"
"web","data/bible/EN/web.json","job","18","27","23","1","23","0","0","0","0"
"web","data/bible/EN/web.json","job","18","28","28","1","28","0","0","0","0"
"web","data/bible/EN/web.json","job","18","29","25","1","25","0","0","0","0"
"web","data/bible/EN/web.json","job","18","30","31","1","31","0","0","0","0"
"web","data/bible/EN/web.json","job","18","31","40","1","40","0","0","0","0"
"web","data/bible/EN/web.json","job","18","32","22","1","22","0","0","0","0"
"web","data/bible/EN/web.json","job","18","33","33","1","33","0","0","0","0"
"web","data/bible/EN/web.json","job","18","34","37","1","37","0","0","0","0"
"web","data/bible/EN/web.json","job","18","35","16","1","16","0","0","0","0"
"web","data/bible/EN/web.json","job","18","36","33","1","33","0","0","0","0"
"web","data/bible/EN/web.json","job","18","37","24","1","24","0","0","0","0"
"web","data/bible/EN/web.json","job","18","38","41","1","41","0","0","0","0"
"web","data/bible/EN/web.json","job","18","39","30","1","30","0","0","0","0"
"web","data/bible/EN/web.json","job","18","40","24","1","24","0","0","0","0"
"web","data/bible/EN/web.json","job","18","41","34","1","34","0","0","0","0"
"web","data/bible/EN/web.json","job","18","42","17","1","17","0","0","0","0"
"web","data/bible/EN/web.json","psalms","19","1","6","1","6","0","0","0","0"
"web","data/bible/EN/web.json","psalms","19","2","12","1","12","0","0","0","0"
"web","data/bible/EN/web.json","psalms","19","3","8","1","8","0","0","0","0"
"web","data/bible/EN/web.json","psalms","19","4","8","1","8","0","0","0","0"
"web","data/bible/EN/web.json","psalms","19","5","12","1","12","0","0","0","0"
"web","data/bible/EN/web.json","psalms","19","6","10","1","10","0","0","0","0"
"web","data/bible/EN/web.json","psalms","19","7","17","1","17","0","0","0","0"
"web","data/bible/EN/web.json","psalms","19","8","9","1","9","0","0","0","0"
"web","data/bible/EN/web.json","psalms","19","9","20","1","20","0","0","0","0"
"web","data/bible/EN/web.json","psalms","19","10","18","1","18","0","0","0","0"
"web","data/bible/EN/web.json","psalms","19","11","7","1","7","0","0","0","0"
"web","data/bible/EN/web.json","psalms","19","12","8","1","8","0","0","0","0"
"web","data/bible/EN/web.json","psalms","19","13","6","1","6","0","0","0","0"
"web","data/bible/EN/web.json","psalms","19","14","7","1","7","0","0","0","0"
"web","data/bible/EN/web.json","psalms","19","15","5","1","5","0","0","0","0"
"web","data/bible/EN/web.json","psalms","19","16","11","1","11","0","0","0","0"
"web","data/bible/EN/web.json","psalms","19","17","15","1","15","0","0","0","0"
"web","data/bible/EN/web.json","psalms","19","18","50","1","50","0","0","0","0"
"web","data/bible/EN/web.json","psalms","19","19","14","1","14","0","0","0","0"
"web","data/bible/EN/web.json","psalms","19","20","9","1","9","0","0","0","0"
"web","data/bible/EN/web.json","psalms","19","21","13","1","13","0","0","0","0"
"web","data/bible/EN/web.json","psalms","19","22","31","1","31","0","0","0","0"
"web","data/bible/EN/web.json","psalms","19","23","6","1","6","0","0","0","0"
"web","data/bible/EN/web.json","psalms","19","24","10","1","10","0","0","0","0"
"web","data/bible/EN/web.json","psalms","19","25","22","1","22","0","0","0","0"
"web","data/bible/EN/web.json","psalms","19","26","12","1","12","0","0","0","0"
"web","data/bible/EN/web.json","psalms","19","27","14","1","14","0","0","0","0"
"web","data/bible/EN/web.json","psalms","19","28","9","1","9","0","0","0","0"
"web","data/bible/EN/web.json","psalms","19","29","11","1","11","0","0","0","0"
"web","data/bible/EN/web.json","psalms","19","30","12","1","12","0","0","0","0"
"web","data/bible/EN/web.json","psalms","19","31","24","1","24","0","0","0","0"
"web","data/bible/EN/web.json","psalms","19","32","11","1","11","0","0","0","0"
"web","data/bible/EN/web.json","psalms","19","33","22","1","22","0","0","0","0"
"web","data/bible/EN/web.json","psalms","19","34","22","1","22","0","0","0","0"
"web","data/bible/EN/web.json","psalms","19","35","28","1","28","0","0","0","0"
"web","data/bible/EN/web.json","psalms","19","36","12","1","12","0","0","0","0"
"web","data/bible/EN/web.json","psalms","19","37","40","1","40","0","0","0","0"
"web","data/bible/EN/web.json","psalms","19","38","22","1","22","0","0","0","0"
"web","data/bible/EN/web.json","psalms","19","39","13","1","13","0","0","0","0"
"web","data/bible/EN/web.json","psalms","19","40","17","1","17","0","0","0","0"
"web","data/bible/EN/web.json","psalms","19","41","13","1","13","0","0","0","0"
"web","data/bible/EN/web.json","psalms","19","42","11","1","11","0","0","0","0"
"web","data/bible/EN/web.json","psalms","19","43","5","1","5","0","0","0","0"
"web","data/bible/EN/web.json","psalms","19","44","26","1","26","0","0","0","0"
"web","data/bible/EN/web.json","psalms","19","45","17","1","17","0","0","0","0"
"web","data/bible/EN/web.json","psalms","19","46","11","1","11","0","0","0","0"
"web","data/bible/EN/web.json","psalms","19","47","9","1","9","0","0","0","0"
"web","data/bible/EN/web.json","psalms","19","48","14","1","14","0","0","0","0"
"web","data/bible/EN/web.json","psalms","19","49","20","1","20","0","0","0","0"
"web","data/bible/EN/web.json","psalms","19","50","23","1","23","0","0","0","0"
"web","data/bible/EN/web.json","psalms","19","51","19","1","19","0","0","0","0"
"web","data/bible/EN/web.json","psalms","19","52","9","1","9","0","0","0","0"
"web","data/bible/EN/web.json","psalms","19","53","6","1","6","0","0","0","0"
"web","data/bible/EN/web.json","psalms","19","54","7","1","7","0","0","0","0"
"web","data/bible/EN/web.json","psalms","19","55","23","1","23","0","0","0","0"
"web","data/bible/EN/web.json","psalms","19","56","13","1","13","0","0","0","0"
"web","data/bible/EN/web.json","psalms","19","57","11","1","11","0","0","0","0"
"web","data/bible/EN/web.json","psalms","19","58","11","1","11","0","0","0","0"
"web","data/bible/EN/web.json","psalms","19","59","17","1","17","0","0","0","0"
"web","data/bible/EN/web.json","psalms","19","60","12","1","12","0","0","0","0"
"web","data/bible/EN/web.json","psalms","19","61","8","1","8","0","0","0","0"
"web","data/bible/EN/web.json","psalms","19","62","12","1","12","0","0","0","0"
"web","data/bible/EN/web.json","psalms","19","63","11","1","11","0","0","0","0"
"web","data/bible/EN/web.json","psalms","19","64","10","1","10","0","0","0","0"
"web","data/bible/EN/web.json","psalms","19","65","13","1","13","0","0","0","0"
"web","data/bible/EN/web.json","psalms","19","66","20","1","20","0","0","0","0"
"web","data/bible/EN/web.json","psalms","19","67","7","1","7","0","0","0","0"
"web","data/bible/EN/web.json","psalms","19","68","35","1","35","0","0","0","0"
"web","data/bible/EN/web.json","psalms","19","69","36","1","36","0","0","0","0"
"web","data/bible/EN/web.json","psalms","19","70","5","1","5","0","0","0","0"
"web","data/bible/EN/web.json","psalms","19","71","24","1","24","0","0","0","0"
"web","data/bible/EN/web.json","psalms","19","72","20","1","20","0","0","0","0"
"web","data/bible/EN/web.json","psalms","19","73","28","1","28","0","0","0","0"
"web","data/bible/EN/web.json","psalms","19","74","23","1","23","0","0","0","0"
"web","data/bible/EN/web.json","psalms","19","75","10","1","10","0","0","0","0"
"web","data/bible/EN/web.json","psalms","19","76","12","1","12","0","0","0","0"
"web","data/bible/EN/web.json","psalms","19","77","20","1","20","0","0","0","0"
"web","data/bible/EN/web.json","psalms","19","78","72","1","72","0","0","0","0"
"web","data/bible/EN/web.json","psalms","19","79","13","1","13","0","0","0","0"
"web","data/bible/EN/web.json","psalms","19","80","19","1","19","0","0","0","0"
"web","data/bible/EN/web.json","psalms","19","81","16","1","16","0","0","0","0"
"web","data/bible/EN/web.json","psalms","19","82","8","1","8","0","0","0","0"
"web","data/bible/EN/web.json","psalms","19","83","18","1","18","0","0","0","0"
"web","data/bible/EN/web.json","psalms","19","84","12","1","12","0","0","0","0"
"web","data/bible/EN/web.json","psalms","19","85","13","1","13","0","0","0","0"
"web","data/bible/EN/web.json","psalms","19","86","17","1","17","0","0","0","0"
"web","data/bible/EN/web.json","psalms","19","87","7","1","7","0","0","0","0"
"web","data/bible/EN/web.json","psalms","19","88","18","1","18","0","0","0","0"
"web","data/bible/EN/web.json","psalms","19","89","52","1","52","0","0","0","0"
"web","data/bible/EN/web.json","psalms","19","90","17","1","17","0","0","0","0"
"web","data/bible/EN/web.json","psalms","19","91","16","1","16","0","0","0","0"
"web","data/bible/EN/web.json","psalms","19","92","15","1","15","0","0","0","0"
"web","data/bible/EN/web.json","psalms","19","93","5","1","5","0","0","0","0"
"web","data/bible/EN/web.json","psalms","19","94","23","1","23","0","0","0","0"
"web","data/bible/EN/web.json","psalms","19","95","11","1","11","0","0","0","0"
"web","data/bible/EN/web.json","psalms","19","96","13","1","13","0","0","0","0"
"web","data/bible/EN/web.json","psalms","19","97","12","1","12","0","0","0","0"
"web","data/bible/EN/web.json","psalms","19","98","9","1","9","0","0","0","0"
"web","data/bible/EN/web.json","psalms","19","99","9","1","9","0","0","0","0"
"web","data/bible/EN/web.json","psalms","19","100","5","1","5","0","0","0","0"
"web","data/bible/EN/web.json","psalms","19","101","8","1","8","0","0","0","0"
"web","data/bible/EN/web.json","psalms","19","102","28","1","28","0","0","0","0"
"web","data/bible/EN/web.json","psalms","19","103","22","1","22","0","0","0","0"
"web","data/bible/EN/web.json","psalms","19","104","35","1","35","0","0","0","0"
"web","data/bible/EN/web.json","psalms","19","105","45","1","45","0","0","0","0"
"web","data/bible/EN/web.json","psalms","19","106","48","1","48","0","0","0","0"
"web","data/bible/EN/web.json","psalms","19","107","43","1","43","0","0","0","0"
"web","data/bible/EN/web.json","psalms","19","108","13","1","13","0","0","0","0"
"web","data/bible/EN/web.json","psalms","19","109","31","1","31","0","0","0","0"
"web","data/bible/EN/web.json","psalms","19","110","7","1","7","0","0","0","0"
"web","data/bible/EN/web.json","psalms","19","111","10","1","10","0","0","0","0"
"web","data/bible/EN/web.json","psalms","19","112","10","1","10","0","0","0","0"
"web","data/bible/EN/web.json","psalms","19","113","9","1","9","0","0","0","0"
"web","data/bible/EN/web.json","psalms","19","114","8","1","8","0","0","0","0"
"web","data/bible/EN/web.json","psalms","19","115","18","1","18","0","0","0","0"
"web","data/bible/EN/web.json","psalms","19","116","19","1","19","0","0","0","0"
"web","data/bible/EN/web.json","psalms","19","117","2","1","2","0","0","0","0"
"web","data/bible/EN/web.json","psalms","19","118","29","1","29","0","0","0","0"
"web","data/bible/EN/web.json","psalms","19","119","176","1","176","0","0","0","0"
"web","data/bible/EN/web.json","psalms","19","120","7","1","7","0","0","0","0"
"web","data/bible/EN/web.json","psalms","19","121","8","1","8","0","0","0","0"
"web","data/bible/EN/web.json","psalms","19","122","9","1","9","0","0","0","0"
"web","data/bible/EN/web.json","psalms","19","123","4","1","4","0","0","0","0"
"web","data/bible/EN/web.json","psalms","19","124","8","1","8","0","0","0","0"
"web","data/bible/EN/web.json","psalms","19","125","5","1","5","0","0","0","0"
"web","data/bible/EN/web.json","psalms","19","126","6","1","6","0","0","0","0"
"web","data/bible/EN/web.json","psalms","19","127","5","1","5","0","0","0","0"
"web","data/bible/EN/web.json","psalms","19","128","6","1","6","0","0","0","0"
"web","data/bible/EN/web.json","psalms","19","129","8","1","8","0","0","0","0"
"web","data/bible/EN/web.json","psalms","19","130","8","1","8","0","0","0","0"
"web","data/bible/EN/web.json","psalms","19","131","3","1","3","0","0","0","0"
"web","data/bible/EN/web.json","psalms","19","132","18","1","18","0","0","0","0"
"web","data/bible/EN/web.json","psalms","19","133","3","1","3","0","0","0","0"
"web","data/bible/EN/web.json","psalms","19","134","3","1","3","0","0","0","0"
"web","data/bible/EN/web.json","psalms","19","135","21","1","21","0","0","0","0"
"web","data/bible/EN/web.json","psalms","19","136","26","1","26","0","0","0","0"
"web","data/bible/EN/web.json","psalms","19","137","9","1","9","0","0","0","0"
"web","data/bible/EN/web.json","psalms","19","138","8","1","8","0","0","0","0"
"web","data/bible/EN/web.json","psalms","19","139","24","1","24","0","0","0","0"
"web","data/bible/EN/web.json","psalms","19","140","13","1","13","0","0","0","0"
"web","data/bible/EN/web.json","psalms","19","141","10","1","10","0","0","0","0"
"web","data/bible/EN/web.json","psalms","19","142","7","1","7","0","0","0","0"
"web","data/bible/EN/web.json","psalms","19","143","12","1","12","0","0","0","0"
"web","data/bible/EN/web.json","psalms","19","144","15","1","15","0","0","0","0"
"web","data/bible/EN/web.json","psalms","19","145","21","1","21","0","0","0","0"
"web","data/bible/EN/web.json","psalms","19","146","10","1","10","0","0","0","0"
"web","data/bible/EN/web.json","psalms","19","147","20","1","20","0","0","0","0"
"web","data/bible/EN/web.json","psalms","19","148","14","1","14","0","0","0","0"
"web","data/bible/EN/web.json","psalms","19","149","9","1","9","0","0","0","0"
"web","data/bible/EN/web.json","psalms","19","150","6","1","6","0","0","0","0"
"web","data/bible/EN/web.json","proverbs","20","1","33","1","33","0","0","0","0"
"web","data/bible/EN/web.json","proverbs","20","2","22","1","22","0","0","0","0"
"web","data/bible/EN/web.json","proverbs","20","3","35","1","35","0","0","0","0"
"web","data/bible/EN/web.json","proverbs","20","4","27","1","27","0","0","0","0"
"web","data/bible/EN/web.json","proverbs","20","5","23","1","23","0","0","0","0"
"web","data/bible/EN/web.json","proverbs","20","6","35","1","35","0","0","0","0"
"web","data/bible/EN/web.json","proverbs","20","7","27","1","27","0","0","0","0"
"web","data/bible/EN/web.json","proverbs","20","8","36","1","36","0","0","0","0"
"web","data/bible/EN/web.json","proverbs","20","9","18","1","18","0","0","0","0"
"web","data/bible/EN/web.json","proverbs","20","10","32","1","32","0","0","0","0"
"web","data/bible/EN/web.json","proverbs","20","11","31","1","31","0","0","0","0"
"web","data/bible/EN/web.json","proverbs","20","12","28","1","28","0","0","0","0"
"web","data/bible/EN/web.json","proverbs","20","13","25","1","25","0","0","0","0"
"web","data/bible/EN/web.json","proverbs","20","14","35","1","35","0","0","0","0"
"web","data/bible/EN/web.json","proverbs","20","15","33","1","33","0","0","0","0"
"web","data/bible/EN/web.json","proverbs","20","16","33","1","33","0","0","0","0"
"web","data/bible/EN/web.json","proverbs","20","17","28","1","28","0","0","0","0"
"web","data/bible/EN/web.json","proverbs","20","18","24","1","24","0","0","0","0"
"web","data/bible/EN/web.json","proverbs","20","19","29","1","29","0","0","0","0"
"web","data/bible/EN/web.json","proverbs","20","20","30","1","30","0","0","0","0"
"web","data/bible/EN/web.json","proverbs","20","21","31","1","31","0","0","0","0"
"web","data/bible/EN/web.json","proverbs","20","22","29","1","29","0","0","0","0"
"web","data/bible/EN/web.json","proverbs","20","23","35","1","35","0","0","0","0"
"web","data/bible/EN/web.json","proverbs","20","24","34","1","34","0","0","0","0"
"web","data/bible/EN/web.json","proverbs","20","25","28","1","28","0","0","0","0"
"web","data/bible/EN/web.json","proverbs","20","26","28","1","28","0","0","0","0"
"web","data/bible/EN/web.json","proverbs","20","27","27","1","27","0","0","0","0"
"web","data/bible/EN/web.json","proverbs","20","28","28","1","28","0","0","0","0"
"web","data/bible/EN/web.json","proverbs","20","29","27","1","27","0","0","0","0"
"web","data/bible/EN/web.json","proverbs","20","30","33","1","33","0","0","0","0"
"web","data/bible/EN/web.json","proverbs","20","31","31","1","31","0","0","0","0"
"web","data/bible/EN/web.json","ecclesiastes","21","1","18","1","18","0","0","0","0"
"web","data/bible/EN/web.json","ecclesiastes","21","2","26","1","26","0","0","0","0"
"web","data/bible/EN/web.json","ecclesiastes","21","3","22","1","22","0","0","0","0"
"web","data/bible/EN/web.json","ecclesiastes","21","4","16","1","16","0","0","0","0"
"web","data/bible/EN/web.json","ecclesiastes","21","5","20","1","20","0","0","0","0"
"web","data/bible/EN/web.json","ecclesiastes","21","6","12","1","12","0","0","0","0"
"web","data/bible/EN/web.json","ecclesiastes","21","7","29","1","29","0","0","0","0"
"web","data/bible/EN/web.json","ecclesiastes","21","8","17","1","17","0","0","0","0"
"web","data/bible/EN/web.json","ecclesiastes","21","9","18","1","18","0","0","0","0"
"web","data/bible/EN/web.json","ecclesiastes","21","10","20","1","20","0","0","0","0"
"web","data/bible/EN/web.json","ecclesiastes","21","11","10","1","10","0","0","0","0"
"web","data/bible/EN/web.json","ecclesiastes","21","12","14","1","14","0","0","0","0"
"web","data/bible/EN/web.json","song-of-songs","22","1","17","1","17","0","0","0","0"
"web","data/bible/EN/web.json","song-of-songs","22","2","17","1","17","0","0","0","0"
"web","data/bible/EN/web.json","song-of-songs","22","3","11","1","11","0","0","0","0"
"web","data/bible/EN/web.json","song-of-songs","22","4","16","1","16","0","0","0","0"
"web","data/bible/EN/web.json","song-of-songs","22","5","16","1","16","0","0","0","0"
"web","data/bible/EN/web.json","song-of-songs","22","6","13","1","13","0","0","0","0"
"web","data/bible/EN/web.json","song-of-songs","22","7","13","1","13","0","0","0","0"
"web","data/bible/EN/web.json","song-of-songs","22","8","14","1","14","0","0","0","0"
"web","data/bible/EN/web.json","isaiah","23","1","31","1","31","0","0","0","0"
"web","data/bible/EN/web.json","isaiah","23","2","22","1","22","0","0","0","0"
"web","data/bible/EN/web.json","isaiah","23","3","26","1","26","0","0","0","0"
"web","data/bible/EN/web.json","isaiah","23","4","6","1","6","0","0","0","0"
"web","data/bible/EN/web.json","isaiah","23","5","30","1","30","0","0","0","0"
"web","data/bible/EN/web.json","isaiah","23","6","13","1","13","0","0","0","0"
"web","data/bible/EN/web.json","isaiah","23","7","25","1","25","0","0","0","0"
"web","data/bible/EN/web.json","isaiah","23","8","22","1","22","0","0","0","0"
"web","data/bible/EN/web.json","isaiah","23","9","21","1","21","0","0","0","0"
"web","data/bible/EN/web.json","isaiah","23","10","34","1","34","0","0","0","0"
"web","data/bible/EN/web.json","isaiah","23","11","16","1","16","0","0","0","0"
"web","data/bible/EN/web.json","isaiah","23","12","6","1","6","0","0","0","0"
"web","data/bible/EN/web.json","isaiah","23","13","22","1","22","0","0","0","0"
"web","data/bible/EN/web.json","isaiah","23","14","32","1","32","0","0","0","0"
"web","data/bible/EN/web.json","isaiah","23","15","9","1","9","0","0","0","0"
"web","data/bible/EN/web.json","isaiah","23","16","14","1","14","0","0","0","0"
"web","data/bible/EN/web.json","isaiah","23","17","14","1","14","0","0","0","0"
"web","data/bible/EN/web.json","isaiah","23","18","7","1","7","0","0","0","0"
"web","data/bible/EN/web.json","isaiah","23","19","25","1","25","0","0","0","0"
"web","data/bible/EN/web.json","isaiah","23","20","6","1","6","0","0","0","0"
"web","data/bible/EN/web.json","isaiah","23","21","17","1","17","0","0","0","0"
"web","data/bible/EN/web.json","isaiah","23","22","25","1","25","0","0","0","0"
"web","data/bible/EN/web.json","isaiah","23","23","18","1","18","0","0","0","0"
"web","data/bible/EN/web.json","isaiah","23","24","23","1","23","0","0","0","0"
"web","data/bible/EN/web.json","isaiah","23","25","12","1","12","0","0","0","0"
"web","data/bible/EN/web.json","isaiah","23","26","21","1","21","0","0","0","0"
"web","data/bible/EN/web.json","isaiah","23","27","13","1","13","0","0","0","0"
"web","data/bible/EN/web.json","isaiah","23","28","29","1","29","0","0","0","0"
"web","data/bible/EN/web.json","isaiah","23","29","24","1","24","0","0","0","0"
"web","data/bible/EN/web.json","isaiah","23","30","33","1","33","0","0","0","0"
"web","data/bible/EN/web.json","isaiah","23","31","9","1","9","0","0","0","0"
"web","data/bible/EN/web.json","isaiah","23","32","20","1","20","0","0","0","0"
"web","data/bible/EN/web.json","isaiah","23","33","24","1","24","0","0","0","0"
"web","data/bible/EN/web.json","isaiah","23","34","17","1","17","0","0","0","0"
"web","data/bible/EN/web.json","isaiah","23","35","10","1","10","0","0","0","0"
"web","data/bible/EN/web.json","isaiah","23","36","22","1","22","0","0","0","0"
"web","data/bible/EN/web.json","isaiah","23","37","38","1","38","0","0","0","0"
"web","data/bible/EN/web.json","isaiah","23","38","22","1","22","0","0","0","0"
"web","data/bible/EN/web.json","isaiah","23","39","8","1","8","0","0","0","0"
"web","data/bible/EN/web.json","isaiah","23","40","31","1","31","0","0","0","0"
"web","data/bible/EN/web.json","isaiah","23","41","29","1","29","0","0","0","0"
"web","data/bible/EN/web.json","isaiah","23","42","25","1","25","0","0","0","0"
"web","data/bible/EN/web.json","isaiah","23","43","28","1","28","0","0","0","0"
"web","data/bible/EN/web.json","isaiah","23","44","28","1","28","0","0","0","0"
"web","data/bible/EN/web.json","isaiah","23","45","25","1","25","0","0","0","0"
"web","data/bible/EN/web.json","isaiah","23","46","13","1","13","0","0","0","0"
"web","data/bible/EN/web.json","isaiah","23","47","15","1","15","0","0","0","0"
"web","data/bible/EN/web.json","isaiah","23","48","22","1","22","0","0","0","0"
"web","data/bible/EN/web.json","isaiah","23","49","26","1","26","0","0","0","0"
"web","data/bible/EN/web.json","isaiah","23","50","11","1","11","0","0","0","0"
"web","data/bible/EN/web.json","isaiah","23","51","23","1","23","0","0","0","0"
"web","data/bible/EN/web.json","isaiah","23","52","15","1","15","0","0","0","0"
"web","data/bible/EN/web.json","isaiah","23","53","12","1","12","0","0","0","0"
"web","data/bible/EN/web.json","isaiah","23","54","17","1","17","0","0","0","0"
"web","data/bible/EN/web.json","isaiah","23","55","13","1","13","0","0","0","0"
"web","data/bible/EN/web.json","isaiah","23","56","12","1","12","0","0","0","0"
"web","data/bible/EN/web.json","isaiah","23","57","21","1","21","0","0","0","0"
"web","data/bible/EN/web.json","isaiah","23","58","14","1","14","0","0","0","0"
"web","data/bible/EN/web.json","isaiah","23","59","21","1","21","0","0","0","0"
"web","data/bible/EN/web.json","isaiah","23","60","22","1","22","0","0","0","0"
"web","data/bible/EN/web.json","isaiah","23","61","11","1","11","0","0","0","0"
"web","data/bible/EN/web.json","isaiah","23","62","12","1","12","0","0","0","0"
"web","data/bible/EN/web.json","isaiah","23","63","19","1","19","0","0","0","0"
"web","data/bible/EN/web.json","isaiah","23","64","12","1","12","0","0","0","0"
"web","data/bible/EN/web.json","isaiah","23","65","25","1","25","0","0","0","0"
"web","data/bible/EN/web.json","isaiah","23","66","24","1","24","0","0","0","0"
"web","data/bible/EN/web.json","jeremiah-collection","24","1","19","1","19","0","0","0","0"
"web","data/bible/EN/web.json","jeremiah-collection","24","2","37","1","37","0","0","0","0"
"web","data/bible/EN/web.json","jeremiah-collection","24","3","25","1","25","0","0","0","0"
"web","data/bible/EN/web.json","jeremiah-collection","24","4","31","1","31","0","0","0","0"
"web","data/bible/EN/web.json","jeremiah-collection","24","5","31","1","31","0","0","0","0"
"web","data/bible/EN/web.json","jeremiah-collection","24","6","30","1","30","0","0","0","0"
"web","data/bible/EN/web.json","jeremiah-collection","24","7","34","1","34","0","0","0","0"
"web","data/bible/EN/web.json","jeremiah-collection","24","8","22","1","22","0","0","0","0"
"web","data/bible/EN/web.json","jeremiah-collection","24","9","26","1","26","0","0","0","0"
"web","data/bible/EN/web.json","jeremiah-collection","24","10","25","1","25","0","0","0","0"
"web","data/bible/EN/web.json","jeremiah-collection","24","11","23","1","23","0","0","0","0"
"web","data/bible/EN/web.json","jeremiah-collection","24","12","17","1","17","0","0","0","0"
"web","data/bible/EN/web.json","jeremiah-collection","24","13","27","1","27","0","0","0","0"
"web","data/bible/EN/web.json","jeremiah-collection","24","14","22","1","22","0","0","0","0"
"web","data/bible/EN/web.json","jeremiah-collection","24","15","21","1","21","0","0","0","0"
"web","data/bible/EN/web.json","jeremiah-collection","24","16","21","1","21","0","0","0","0"
"web","data/bible/EN/web.json","jeremiah-collection","24","17","27","1","27","0","0","0","0"
"web","data/bible/EN/web.json","jeremiah-collection","24","18","23","1","23","0","0","0","0"
"web","data/bible/EN/web.json","jeremiah-collection","24","19","15","1","15","0","0","0","0"
"web","data/bible/EN/web.json","jeremiah-collection","24","20","18","1","18","0","0","0","0"
"web","data/bible/EN/web.json","jeremiah-collection","24","21","14","1","14","0","0","0","0"
"web","data/bible/EN/web.json","jeremiah-collection","24","22","30","1","30","0","0","0","0"
"web","data/bible/EN/web.json","jeremiah-collection","24","23","40","1","40","0","0","0","0"
"web","data/bible/EN/web.json","jeremiah-collection","24","24","10","1","10","0","0","0","0"
"web","data/bible/EN/web.json","jeremiah-collection","24","25","38","1","38","0","0","0","0"
"web","data/bible/EN/web.json","jeremiah-collection","24","26","24","1","24","0","0","0","0"
"web","data/bible/EN/web.json","jeremiah-collection","24","27","22","1","22","0","0","0","0"
"web","data/bible/EN/web.json","jeremiah-collection","24","28","17","1","17","0","0","0","0"
"web","data/bible/EN/web.json","jeremiah-collection","24","29","32","1","32","0","0","0","0"
"web","data/bible/EN/web.json","jeremiah-collection","24","30","24","1","24","0","0","0","0"
"web","data/bible/EN/web.json","jeremiah-collection","24","31","40","1","40","0","0","0","0"
"web","data/bible/EN/web.json","jeremiah-collection","24","32","44","1","44","0","0","0","0"
"web","data/bible/EN/web.json","jeremiah-collection","24","33","26","1","26","0","0","0","0"
"web","data/bible/EN/web.json","jeremiah-collection","24","34","22","1","22","0","0","0","0"
"web","data/bible/EN/web.json","jeremiah-collection","24","35","19","1","19","0","0","0","0"
"web","data/bible/EN/web.json","jeremiah-collection","24","36","32","1","32","0","0","0","0"
"web","data/bible/EN/web.json","jeremiah-collection","24","37","21","1","21","0","0","0","0"
"web","data/bible/EN/web.json","jeremiah-collection","24","38","28","1","28","0","0","0","0"
"web","data/bible/EN/web.json","jeremiah-collection","24","39","18","1","18","0","0","0","0"
"web","data/bible/EN/web.json","jeremiah-collection","24","40","16","1","16","0","0","0","0"
"web","data/bible/EN/web.json","jeremiah-collection","24","41","18","1","18","0","0","0","0"
"web","data/bible/EN/web.json","jeremiah-collection","24","42","22","1","22","0","0","0","0"
"web","data/bible/EN/web.json","jeremiah-collection","24","43","13","1","13","0","0","0","0"
"web","data/bible/EN/web.json","jeremiah-collection","24","44","30","1","30","0","0","0","0"
"web","data/bible/EN/web.json","jeremiah-collection","24","45","5","1","5","0","0","0","0"
"web","data/bible/EN/web.json","jeremiah-collection","24","46","28","1","28","0","0","0","0"
"web","data/bible/EN/web.json","jeremiah-collection","24","47","7","1","7","0","0","0","0"
"web","data/bible/EN/web.json","jeremiah-collection","24","48","47","1","47","0","0","0","0"
"web","data/bible/EN/web.json","jeremiah-collection","24","49","39","1","39","0","0","0","0"
"web","data/bible/EN/web.json","jeremiah-collection","24","50","46","1","46","0","0","0","0"
"web","data/bible/EN/web.json","jeremiah-collection","24","51","64","1","64","0","0","0","0"
"web","data/bible/EN/web.json","jeremiah-collection","24","52","34","1","34","0","0","0","0"
"web","data/bible/EN/web.json","jeremiah-collection","25","1","22","1","22","0","0","0","0"
"web","data/bible/EN/web.json","jeremiah-collection","25","2","22","1","22","0","0","0","0"
"web","data/bible/EN/web.json","jeremiah-collection","25","3","66","1","66","0","0","0","0"
"web","data/bible/EN/web.json","jeremiah-collection","25","4","22","1","22","0","0","0","0"
"web","data/bible/EN/web.json","jeremiah-collection","25","5","22","1","22","0","0","0","0"
"web","data/bible/EN/web.json","ezekiel","26","1","28","1","28","0","0","0","0"
"web","data/bible/EN/web.json","ezekiel","26","2","10","1","10","0","0","0","0"
"web","data/bible/EN/web.json","ezekiel","26","3","27","1","27","0","0","0","0"
"web","data/bible/EN/web.json","ezekiel","26","4","17","1","17","0","0","0","0"
"web","data/bible/EN/web.json","ezekiel","26","5","17","1","17","0","0","0","0"
"web","data/bible/EN/web.json","ezekiel","26","6","14","1","14","0","0","0","0"
"web","data/bible/EN/web.json","ezekiel","26","7","27","1","27","0","0","0","0"
"web","data/bible/EN/web.json","ezekiel","26","8","18","1","18","0","0","0","0"
"web","data/bible/EN/web.json","ezekiel","26","9","11","1","11","0","0","0","0"
"web","data/bible/EN/web.json","ezekiel","26","10","22","1","22","0","0","0","0"
"web","data/bible/EN/web.json","ezekiel","26","11","25","1","25","0","0","0","0"
"web","data/bible/EN/web.json","ezekiel","26","12","28","1","28","0","0","0","0"
"web","data/bible/EN/web.json","ezekiel","26","13","23","1","23","0","0","0","0"
"web","data/bible/EN/web.json","ezekiel","26","14","23","1","23","0","0","0","0"
"web","data/bible/EN/web.json","ezekiel","26","15","8","1","8","0","0","0","0"
"web","data/bible/EN/web.json","ezekiel","26","16","63","1","63","0","0","0","0"
"web","data/bible/EN/web.json","ezekiel","26","17","24","1","24","0","0","0","0"
"web","data/bible/EN/web.json","ezekiel","26","18","32","1","32","0","0","0","0"
"web","data/bible/EN/web.json","ezekiel","26","19","14","1","14","0","0","0","0"
"web","data/bible/EN/web.json","ezekiel","26","20","49","1","49","0","0","0","0"
"web","data/bible/EN/web.json","ezekiel","26","21","32","1","32","0","0","0","0"
"web","data/bible/EN/web.json","ezekiel","26","22","31","1","31","0","0","0","0"
"web","data/bible/EN/web.json","ezekiel","26","23","49","1","49","0","0","0","0"
"web","data/bible/EN/web.json","ezekiel","26","24","27","1","27","0","0","0","0"
"web","data/bible/EN/web.json","ezekiel","26","25","17","1","17","0","0","0","0"
"web","data/bible/EN/web.json","ezekiel","26","26","21","1","21","0","0","0","0"
"web","data/bible/EN/web.json","ezekiel","26","27","36","1","36","0","0","0","0"
"web","data/bible/EN/web.json","ezekiel","26","28","26","1","26","0","0","0","0"
"web","data/bible/EN/web.json","ezekiel","26","29","21","1","21","0","0","0","0"
"web","data/bible/EN/web.json","ezekiel","26","30","26","1","26","0","0","0","0"
"web","data/bible/EN/web.json","ezekiel","26","31","18","1","18","0","0","0","0"
"web","data/bible/EN/web.json","ezekiel","26","32","32","1","32","0","0","0","0"
"web","data/bible/EN/web.json","ezekiel","26","33","33","1","33","0","0","0","0"
"web","data/bible/EN/web.json","ezekiel","26","34","31","1","31","0","0","0","0"
"web","data/bible/EN/web.json","ezekiel","26","35","15","1","15","0","0","0","0"
"web","data/bible/EN/web.json","ezekiel","26","36","38","1","38","0","0","0","0"
"web","data/bible/EN/web.json","ezekiel","26","37","28","1","28","0","0","0","0"
"web","data/bible/EN/web.json","ezekiel","26","38","23","1","23","0","0","0","0"
"web","data/bible/EN/web.json","ezekiel","26","39","29","1","29","0","0","0","0"
"web","data/bible/EN/web.json","ezekiel","26","40","49","1","49","0","0","0","0"
"web","data/bible/EN/web.json","ezekiel","26","41","26","1","26","0","0","0","0"
"web","data/bible/EN/web.json","ezekiel","26","42","20","1","20","0","0","0","0"
"web","data/bible/EN/web.json","ezekiel","26","43","27","1","27","0","0","0","0"
"web","data/bible/EN/web.json","ezekiel","26","44","31","1","31","0","0","0","0"
"web","data/bible/EN/web.json","ezekiel","26","45","25","1","25","0","0","0","0"
"web","data/bible/EN/web.json","ezekiel","26","46","24","1","24","0","0","0","0"
"web","data/bible/EN/web.json","ezekiel","26","47","23","1","23","0","0","0","0"
"web","data/bible/EN/web.json","ezekiel","26","48","35","1","35","0","0","0","0"
"web","data/bible/EN/web.json","daniel","27","1","21","1","21","0","0","0","0"
"web","data/bible/EN/web.json","daniel","27","2","49","1","49","0","0","0","0"
"web","data/bible/EN/web.json","daniel","27","3","30","1","30","0","0","0","0"
"web","data/bible/EN/web.json","daniel","27","4","37","1","37","0","0","0","0"
"web","data/bible/EN/web.json","daniel","27","5","31","1","31","0","0","0","0"
"web","data/bible/EN/web.json","daniel","27","6","28","1","28","0","0","0","0"
"web","data/bible/EN/web.json","daniel","27","7","28","1","28","0","0","0","0"
"web","data/bible/EN/web.json","daniel","27","8","27","1","27","0","0","0","0"
"web","data/bible/EN/web.json","daniel","27","9","27","1","27","0","0","0","0"
"web","data/bible/EN/web.json","daniel","27","10","21","1","21","0","0","0","0"
"web","data/bible/EN/web.json","daniel","27","11","45","1","45","0","0","0","0"
"web","data/bible/EN/web.json","daniel","27","12","13","1","13","0","0","0","0"
"web","data/bible/EN/web.json","hosea","28","1","11","1","11","0","0","0","0"
"web","data/bible/EN/web.json","hosea","28","2","23","1","23","0","0","0","0"
"web","data/bible/EN/web.json","hosea","28","3","5","1","5","0","0","0","0"
"web","data/bible/EN/web.json","hosea","28","4","19","1","19","0","0","0","0"
"web","data/bible/EN/web.json","hosea","28","5","15","1","15","0","0","0","0"
"web","data/bible/EN/web.json","hosea","28","6","11","1","11","0","0","0","0"
"web","data/bible/EN/web.json","hosea","28","7","16","1","16","0","0","0","0"
"web","data/bible/EN/web.json","hosea","28","8","14","1","14","0","0","0","0"
"web","data/bible/EN/web.json","hosea","28","9","17","1","17","0","0","0","0"
"web","data/bible/EN/web.json","hosea","28","10","15","1","15","0","0","0","0"
"web","data/bible/EN/web.json","hosea","28","11","12","1","12","0","0","0","0"
"web","data/bible/EN/web.json","hosea","28","12","14","1","14","0","0","0","0"
"web","data/bible/EN/web.json","hosea","28","13","16","1","16","0","0","0","0"
"web","data/bible/EN/web.json","hosea","28","14","9","1","9","0","0","0","0"
"web","data/bible/EN/web.json","joel","29","1","20","1","20","0","0","0","0"
"web","data/bible/EN/web.json","joel","29","2","32","1","32","0","0","0","0"
"web","data/bible/EN/web.json","joel","29","3","21","1","21","0","0","0","0"
"web","data/bible/EN/web.json","amos","30","1","15","1","15","0","0","0","0"
"web","data/bible/EN/web.json","amos","30","2","16","1","16","0","0","0","0"
"web","data/bible/EN/web.json","amos","30","3","15","1","15","0","0","0","0"
"web","data/bible/EN/web.json","amos","30","4","13","1","13","0","0","0","0"
"web","data/bible/EN/web.json","amos","30","5","27","1","27","0","0","0","0"
"web","data/bible/EN/web.json","amos","30","6","14","1","14","0","0","0","0"
"web","data/bible/EN/web.json","amos","30","7","17","1","17","0","0","0","0"
"web","data/bible/EN/web.json","amos","30","8","14","1","14","0","0","0","0"
"web","data/bible/EN/web.json","amos","30","9","15","1","15","0","0","0","0"
"web","data/bible/EN/web.json","obadiah","31","1","21","1","21","0","0","0","0"
"web","data/bible/EN/web.json","jonah","32","1","17","1","17","0","0","0","0"
"web","data/bible/EN/web.json","jonah","32","2","10","1","10","0","0","0","0"
"web","data/bible/EN/web.json","jonah","32","3","10","1","10","0","0","0","0"
"web","data/bible/EN/web.json","jonah","32","4","11","1","11","0","0","0","0"
"web","data/bible/EN/web.json","micah","33","1","16","1","16","0","0","0","0"
"web","data/bible/EN/web.json","micah","33","2","13","1","13","0","0","0","0"
"web","data/bible/EN/web.json","micah","33","3","12","1","12","0","0","0","0"
"web","data/bible/EN/web.json","micah","33","4","13","1","13","0","0","0","0"
"web","data/bible/EN/web.json","micah","33","5","15","1","15","0","0","0","0"
"web","data/bible/EN/web.json","micah","33","6","16","1","16","0","0","0","0"
"web","data/bible/EN/web.json","micah","33","7","20","1","20","0","0","0","0"
"web","data/bible/EN/web.json","nahum","34","1","15","1","15","0","0","0","0"
"web","data/bible/EN/web.json","nahum","34","2","13","1","13","0","0","0","0"
"web","data/bible/EN/web.json","nahum","34","3","19","1","19","0","0","0","0"
"web","data/bible/EN/web.json","habakkuk","35","1","17","1","17","0","0","0","0"
"web","data/bible/EN/web.json","habakkuk","35","2","20","1","20","0","0","0","0"
"web","data/bible/EN/web.json","habakkuk","35","3","19","1","19","0","0","0","0"
"web","data/bible/EN/web.json","zephaniah","36","1","18","1","18","0","0","0","0"
"web","data/bible/EN/web.json","zephaniah","36","2","15","1","15","0","0","0","0"
"web","data/bible/EN/web.json","zephaniah","36","3","20","1","20","0","0","0","0"
"web","data/bible/EN/web.json","haggai","37","1","15","1","15","0","0","0","0"
"web","data/bible/EN/web.json","haggai","37","2","23","1","23","0","0","0","0"
"web","data/bible/EN/web.json","zechariah","38","1","21","1","21","0","0","0","0"
"web","data/bible/EN/web.json","zechariah","38","2","13","1","13","0","0","0","0"
"web","data/bible/EN/web.json","zechariah","38","3","10","1","10","0","0","0","0"
"web","data/bible/EN/web.json","zechariah","38","4","14","1","14","0","0","0","0"
"web","data/bible/EN/web.json","zechariah","38","5","11","1","11","0","0","0","0"
"web","data/bible/EN/web.json","zechariah","38","6","15","1","15","0","0","0","0"
"web","data/bible/EN/web.json","zechariah","38","7","14","1","14","0","0","0","0"
"web","data/bible/EN/web.json","zechariah","38","8","23","1","23","0","0","0","0"
"web","data/bible/EN/web.json","zechariah","38","9","17","1","17","0","0","0","0"
"web","data/bible/EN/web.json","zechariah","38","10","12","1","12","0","0","0","0"
"web","data/bible/EN/web.json","zechariah","38","11","17","1","17","0","0","0","0"
"web","data/bible/EN/web.json","zechariah","38","12","14","1","14","0","0","0","0"
"web","data/bible/EN/web.json","zechariah","38","13","9","1","9","0","0","0","0"
"web","data/bible/EN/web.json","zechariah","38","14","21","1","21","0","0","0","0"
"web","data/bible/EN/web.json","malachi","39","1","14","1","14","0","0","0","0"
"web","data/bible/EN/web.json","malachi","39","2","17","1","17","0","0","0","0"
"web","data/bible/EN/web.json","malachi","39","3","18","1","18","0","0","0","0"
"web","data/bible/EN/web.json","malachi","39","4","6","1","6","0","0","0","0"
"web","data/bible/EN/web.json","matthew","40","1","25","1","25","0","0","0","0"
"web","data/bible/EN/web.json","matthew","40","2","23","1","23","0","0","0","0"
"web","data/bible/EN/web.json","matthew","40","3","17","1","17","0","0","0","0"
"web","data/bible/EN/web.json","matthew","40","4","25","1","25","0","0","0","0"
"web","data/bible/EN/web.json","matthew","40","5","48","1","48","0","0","0","0"
"web","data/bible/EN/web.json","matthew","40","6","34","1","34","0","0","0","0"
"web","data/bible/EN/web.json","matthew","40","7","29","1","29","0","0","0","0"
"web","data/bible/EN/web.json","matthew","40","8","34","1","34","0","0","0","0"
"web","data/bible/EN/web.json","matthew","40","9","38","1","38","0","0","0","0"
"web","data/bible/EN/web.json","matthew","40","10","42","1","42","0","0","0","0"
"web","data/bible/EN/web.json","matthew","40","11","30","1","30","0","0","0","0"
"web","data/bible/EN/web.json","matthew","40","12","50","1","50","0","0","0","0"
"web","data/bible/EN/web.json","matthew","40","13","58","1","58","0","0","0","0"
"web","data/bible/EN/web.json","matthew","40","14","36","1","36","0","0","0","0"
"web","data/bible/EN/web.json","matthew","40","15","39","1","39","0","0","0","0"
"web","data/bible/EN/web.json","matthew","40","16","28","1","28","0","0","0","0"
"web","data/bible/EN/web.json","matthew","40","17","27","1","27","0","0","0","0"
"web","data/bible/EN/web.json","matthew","40","18","35","1","35","0","0","0","0"
"web","data/bible/EN/web.json","matthew","40","19","30","1","30","0","0","0","0"
"web","data/bible/EN/web.json","matthew","40","20","34","1","34","0","0","0","0"
"web","data/bible/EN/web.json","matthew","40","21","46","1","46","0","0","0","0"
"web","data/bible/EN/web.json","matthew","40","22","46","1","46","0","0","0","0"
"web","data/bible/EN/web.json","matthew","40","23","39","1","39","0","0","0","0"
"web","data/bible/EN/web.json","matthew","40","24","51","1","51","0","0","0","0"
"web","data/bible/EN/web.json","matthew","40","25","46","1","46","0","0","0","0"
"web","data/bible/EN/web.json","matthew","40","26","75","1","75","0","0","0","0"
"web","data/bible/EN/web.json","matthew","40","27","66","1","66","0","0","0","0"
"web","data/bible/EN/web.json","matthew","40","28","20","1","20","0","0","0","0"
"web","data/bible/EN/web.json","mark","41","1","45","1","45","0","0","0","0"
"web","data/bible/EN/web.json","mark","41","2","28","1","28","0","0","0","0"
"web","data/bible/EN/web.json","mark","41","3","35","1","35","0","0","0","0"
"web","data/bible/EN/web.json","mark","41","4","41","1","41","0","0","0","0"
"web","data/bible/EN/web.json","mark","41","5","43","1","43","0","0","0","0"
"web","data/bible/EN/web.json","mark","41","6","56","1","56","0","0","0","0"
"web","data/bible/EN/web.json","mark","41","7","37","1","37","0","0","0","0"
"web","data/bible/EN/web.json","mark","41","8","38","1","38","0","0","0","0"
"web","data/bible/EN/web.json","mark","41","9","50","1","50","0","0","0","0"
"web","data/bible/EN/web.json","mark","41","10","52","1","52","0","0","0","0"
"web","data/bible/EN/web.json","mark","41","11","33","1","33","0","0","0","0"
"web","data/bible/EN/web.json","mark","41","12","44","1","44","0","0","0","0"
"web","data/bible/EN/web.json","mark","41","13","37","1","37","0","0","0","0"
"web","data/bible/EN/web.json","mark","41","14","72","1","72","0","0","0","0"
"web","data/bible/EN/web.json","mark","41","15","47","1","47","0","0","0","0"
"web","data/bible/EN/web.json","mark","41","16","20","1","20","0","0","0","0"
"web","data/bible/EN/web.json","luke","42","1","80","1","80","0","0","0","0"
"web","data/bible/EN/web.json","luke","42","2","52","1","52","0","0","0","0"
"web","data/bible/EN/web.json","luke","42","3","38","1","38","0","0","0","0"
"web","data/bible/EN/web.json","luke","42","4","44","1","44","0","0","0","0"
"web","data/bible/EN/web.json","luke","42","5","39","1","39","0","0","0","0"
"web","data/bible/EN/web.json","luke","42","6","49","1","49","0","0","0","0"
"web","data/bible/EN/web.json","luke","42","7","50","1","50","0","0","0","0"
"web","data/bible/EN/web.json","luke","42","8","56","1","56","0","0","0","0"
"web","data/bible/EN/web.json","luke","42","9","62","1","62","0","0","0","0"
"web","data/bible/EN/web.json","luke","42","10","42","1","42","0","0","0","0"
"web","data/bible/EN/web.json","luke","42","11","54","1","54","0","0","0","0"
"web","data/bible/EN/web.json","luke","42","12","59","1","59","0","0","0","0"
"web","data/bible/EN/web.json","luke","42","13","35","1","35","0","0","0","0"
"web","data/bible/EN/web.json","luke","42","14","35","1","35","0","0","0","0"
"web","data/bible/EN/web.json","luke","42","15","32","1","32","0","0","0","0"
"web","data/bible/EN/web.json","luke","42","16","31","1","31","0","0","0","0"
"web","data/bible/EN/web.json","luke","42","17","37","1","37","0","0","0","0"
"web","data/bible/EN/web.json","luke","42","18","43","1","43","0","0","0","0"
"web","data/bible/EN/web.json","luke","42","19","48","1","48","0","0","0","0"
"web","data/bible/EN/web.json","luke","42","20","47","1","47","0","0","0","0"
"web","data/bible/EN/web.json","luke","42","21","38","1","38","0","0","0","0"
"web","data/bible/EN/web.json","luke","42","22","71","1","71","0","0","0","0"
"web","data/bible/EN/web.json","luke","42","23","56","1","56","0","0","0","0"
"web","data/bible/EN/web.json","luke","42","24","53","1","53","0","0","0","0"
"web","data/bible/EN/web.json","john","43","1","51","1","51","0","0","0","0"
"web","data/bible/EN/web.json","john","43","2","25","1","25","0","0","0","0"
"web","data/bible/EN/web.json","john","43","3","36","1","36","0","0","0","0"
"web","data/bible/EN/web.json","john","43","4","54","1","54","0","0","0","0"
"web","data/bible/EN/web.json","john","43","5","47","1","47","0","0","0","0"
"web","data/bible/EN/web.json","john","43","6","71","1","71","0","0","0","0"
"web","data/bible/EN/web.json","john","43","7","53","1","53","0","0","0","0"
"web","data/bible/EN/web.json","john","43","8","59","1","59","0","0","0","0"
"web","data/bible/EN/web.json","john","43","9","41","1","41","0","0","0","0"
"web","data/bible/EN/web.json","john","43","10","42","1","42","0","0","0","0"
"web","data/bible/EN/web.json","john","43","11","57","1","57","0","0","0","0"
"web","data/bible/EN/web.json","john","43","12","50","1","50","0","0","0","0"
"web","data/bible/EN/web.json","john","43","13","38","1","38","0","0","0","0"
"web","data/bible/EN/web.json","john","43","14","31","1","31","0","0","0","0"
"web","data/bible/EN/web.json","john","43","15","27","1","27","0","0","0","0"
"web","data/bible/EN/web.json","john","43","16","33","1","33","0","0","0","0"
"web","data/bible/EN/web.json","john","43","17","26","1","26","0","0","0","0"
"web","data/bible/EN/web.json","john","43","18","40","1","40","0","0","0","0"
"web","data/bible/EN/web.json","john","43","19","42","1","42","0","0","0","0"
"web","data/bible/EN/web.json","john","43","20","31","1","31","0","0","0","0"
"web","data/bible/EN/web.json","john","43","21","25","1","25","0","0","0","0"
"web","data/bible/EN/web.json","acts","44","1","26","1","26","0","0","0","0"
"web","data/bible/EN/web.json","acts","44","2","47","1","47","0","0","0","0"
"web","data/bible/EN/web.json","acts","44","3","26","1","26","0","0","0","0"
"web","data/bible/EN/web.json","acts","44","4","37","1","37","0","0","0","0"
"web","data/bible/EN/web.json","acts","44","5","42","1","42","0","0","0","0"
"web","data/bible/EN/web.json","acts","44","6","15","1","15","0","0","0","0"
"web","data/bible/EN/web.json","acts","44","7","60","1","60","0","0","0","0"
"web","data/bible/EN/web.json","acts","44","8","40","1","40","0","0","0","0"
"web","data/bible/EN/web.json","acts","44","9","43","1","43","0","0","0","0"
"web","data/bible/EN/web.json","acts","44","10","48","1","48","0","0","0","0"
"web","data/bible/EN/web.json","acts","44","11","30","1","30","0","0","0","0"
"web","data/bible/EN/web.json","acts","44","12","25","1","25","0","0","0","0"
"web","data/bible/EN/web.json","acts","44","13","52","1","52","0","0","0","0"
"web","data/bible/EN/web.json","acts","44","14","28","1","28","0","0","0","0"
"web","data/bible/EN/web.json","acts","44","15","41","1","41","0","0","0","0"
"web","data/bible/EN/web.json","acts","44","16","40","1","40","0","0","0","0"
"web","data/bible/EN/web.json","acts","44","17","34","1","34","0","0","0","0"
"web","data/bible/EN/web.json","acts","44","18","28","1","28","0","0","0","0"
"web","data/bible/EN/web.json","acts","44","19","41","1","41","0","0","0","0"
"web","data/bible/EN/web.json","acts","44","20","38","1","38","0","0","0","0"
"web","data/bible/EN/web.json","acts","44","21","40","1","40","0","0","0","0"
"web","data/bible/EN/web.json","acts","44","22","30","1","30","0","0","0","0"
"web","data/bible/EN/web.json","acts","44","23","35","1","35","0","0","0","0"
"web","data/bible/EN/web.json","acts","44","24","27","1","27","0","0","0","0"
"web","data/bible/EN/web.json","acts","44","25","27","1","27","0","0","0","0"
"web","data/bible/EN/web.json","acts","44","26","32","1","32","0","0","0","0"
"web","data/bible/EN/web.json","acts","44","27","44","1","44","0","0","0","0"
"web","data/bible/EN/web.json","acts","44","28","31","1","31","0","0","0","0"
"web","data/bible/EN/web.json","romans","45","1","32","1","32","0","0","0","0"
"web","data/bible/EN/web.json","romans","45","2","29","1","29","0","0","0","0"
"web","data/bible/EN/web.json","romans","45","3","31","1","31","0","0","0","0"
"web","data/bible/EN/web.json","romans","45","4","25","1","25","0","0","0","0"
"web","data/bible/EN/web.json","romans","45","5","21","1","21","0","0","0","0"
"web","data/bible/EN/web.json","romans","45","6","23","1","23","0","0","0","0"
"web","data/bible/EN/web.json","romans","45","7","25","1","25","0","0","0","0"
"web","data/bible/EN/web.json","romans","45","8","39","1","39","0","0","0","0"
"web","data/bible/EN/web.json","romans","45","9","33","1","33","0","0","0","0"
"web","data/bible/EN/web.json","romans","45","10","21","1","21","0","0","0","0"
"web","data/bible/EN/web.json","romans","45","11","36","1","36","0","0","0","0"
"web","data/bible/EN/web.json","romans","45","12","21","1","21","0","0","0","0"
"web","data/bible/EN/web.json","romans","45","13","14","1","14","0","0","0","0"
"web","data/bible/EN/web.json","romans","45","14","26","1","26","0","0","0","0"
"web","data/bible/EN/web.json","romans","45","15","33","1","33","0","0","0","0"
"web","data/bible/EN/web.json","romans","45","16","25","1","25","0","0","0","0"
"web","data/bible/EN/web.json","first-corinthians","46","1","31","1","31","0","0","0","0"
"web","data/bible/EN/web.json","first-corinthians","46","2","16","1","16","0","0","0","0"
"web","data/bible/EN/web.json","first-corinthians","46","3","23","1","23","0","0","0","0"
"web","data/bible/EN/web.json","first-corinthians","46","4","21","1","21","0","0","0","0"
"web","data/bible/EN/web.json","first-corinthians","46","5","13","1","13","0","0","0","0"
"web","data/bible/EN/web.json","first-corinthians","46","6","20","1","20","0","0","0","0"
"web","data/bible/EN/web.json","first-corinthians","46","7","40","1","40","0","0","0","0"
"web","data/bible/EN/web.json","first-corinthians","46","8","13","1","13","0","0","0","0"
"web","data/bible/EN/web.json","first-corinthians","46","9","27","1","27","0","0","0","0"
"web","data/bible/EN/web.json","first-corinthians","46","10","33","1","33","0","0","0","0"
"web","data/bible/EN/web.json","first-corinthians","46","11","34","1","34","0","0","0","0"
"web","data/bible/EN/web.json","first-corinthians","46","12","31","1","31","0","0","0","0"
"web","data/bible/EN/web.json","first-corinthians","46","13","13","1","13","0","0","0","0"
"web","data/bible/EN/web.json","first-corinthians","46","14","40","1","40","0","0","0","0"
"web","data/bible/EN/web.json","first-corinthians","46","15","58","1","58","0","0","0","0"
"web","data/bible/EN/web.json","first-corinthians","46","16","24","1","24","0","0","0","0"
"web","data/bible/EN/web.json","second-corinthians","47","1","24","1","24","0","0","0","0"
"web","data/bible/EN/web.json","second-corinthians","47","2","17","1","17","0","0","0","0"
"web","data/bible/EN/web.json","second-corinthians","47","3","18","1","18","0","0","0","0"
"web","data/bible/EN/web.json","second-corinthians","47","4","18","1","18","0","0","0","0"
"web","data/bible/EN/web.json","second-corinthians","47","5","21","1","21","0","0","0","0"
"web","data/bible/EN/web.json","second-corinthians","47","6","18","1","18","0","0","0","0"
"web","data/bible/EN/web.json","second-corinthians","47","7","16","1","16","0","0","0","0"
"web","data/bible/EN/web.json","second-corinthians","47","8","24","1","24","0","0","0","0"
"web","data/bible/EN/web.json","second-corinthians","47","9","15","1","15","0","0","0","0"
"web","data/bible/EN/web.json","second-corinthians","47","10","18","1","18","0","0","0","0"
"web","data/bible/EN/web.json","second-corinthians","47","11","33","1","33","0","0","0","0"
"web","data/bible/EN/web.json","second-corinthians","47","12","21","1","21","0","0","0","0"
"web","data/bible/EN/web.json","second-corinthians","47","13","14","1","14","0","0","0","0"
"web","data/bible/EN/web.json","galatians","48","1","24","1","24","0","0","0","0"
"web","data/bible/EN/web.json","galatians","48","2","21","1","21","0","0","0","0"
"web","data/bible/EN/web.json","galatians","48","3","29","1","29","0","0","0","0"
"web","data/bible/EN/web.json","galatians","48","4","31","1","31","0","0","0","0"
"web","data/bible/EN/web.json","galatians","48","5","26","1","26","0","0","0","0"
"web","data/bible/EN/web.json","galatians","48","6","18","1","18","0","0","0","0"
"web","data/bible/EN/web.json","ephesians","49","1","23","1","23","0","0","0","0"
"web","data/bible/EN/web.json","ephesians","49","2","22","1","22","0","0","0","0"
"web","data/bible/EN/web.json","ephesians","49","3","21","1","21","0","0","0","0"
"web","data/bible/EN/web.json","ephesians","49","4","32","1","32","0","0","0","0"
"web","data/bible/EN/web.json","ephesians","49","5","33","1","33","0","0","0","0"
"web","data/bible/EN/web.json","ephesians","49","6","24","1","24","0","0","0","0"
"web","data/bible/EN/web.json","philippians","50","1","30","1","30","0","0","0","0"
"web","data/bible/EN/web.json","philippians","50","2","30","1","30","0","0","0","0"
"web","data/bible/EN/web.json","philippians","50","3","21","1","21","0","0","0","0"
"web","data/bible/EN/web.json","philippians","50","4","23","1","23","0","0","0","0"
"web","data/bible/EN/web.json","colossians","51","1","29","1","29","0","0","0","0"
"web","data/bible/EN/web.json","colossians","51","2","23","1","23","0","0","0","0"
"web","data/bible/EN/web.json","colossians","51","3","25","1","25","0","0","0","0"
"web","data/bible/EN/web.json","colossians","51","4","18","1","18","0","0","0","0"
"web","data/bible/EN/web.json","first-thessalonians","52","1","10","1","10","0","0","0","0"
"web","data/bible/EN/web.json","first-thessalonians","52","2","20","1","20","0","0","0","0"
"web","data/bible/EN/web.json","first-thessalonians","52","3","13","1","13","0","0","0","0"
"web","data/bible/EN/web.json","first-thessalonians","52","4","18","1","18","0","0","0","0"
"web","data/bible/EN/web.json","first-thessalonians","52","5","28","1","28","0","0","0","0"
"web","data/bible/EN/web.json","second-thessalonians","53","1","12","1","12","0","0","0","0"
"web","data/bible/EN/web.json","second-thessalonians","53","2","17","1","17","0","0","0","0"
"web","data/bible/EN/web.json","second-thessalonians","53","3","18","1","18","0","0","0","0"
"web","data/bible/EN/web.json","first-timothy","54","1","20","1","20","0","0","0","0"
"web","data/bible/EN/web.json","first-timothy","54","2","15","1","15","0","0","0","0"
"web","data/bible/EN/web.json","first-timothy","54","3","16","1","16","0","0","0","0"
"web","data/bible/EN/web.json","first-timothy","54","4","16","1","16","0","0","0","0"
"web","data/bible/EN/web.json","first-timothy","54","5","25","1","25","0","0","0","0"
"web","data/bible/EN/web.json","first-timothy","54","6","21","1","21","0","0","0","0"
"web","data/bible/EN/web.json","second-timothy","55","1","18","1","18","0","0","0","0"
"web","data/bible/EN/web.json","second-timothy","55","2","26","1","26","0","0","0","0"
"web","data/bible/EN/web.json","second-timothy","55","3","17","1","17","0","0","0","0"
"web","data/bible/EN/web.json","second-timothy","55","4","22","1","22","0","0","0","0"
"web","data/bible/EN/web.json","titus","56","1","16","1","16","0","0","0","0"
"web","data/bible/EN/web.json","titus","56","2","15","1","15","0","0","0","0"
"web","data/bible/EN/web.json","titus","56","3","15","1","15","0","0","0","0"
"web","data/bible/EN/web.json","philemon","57","1","25","1","25","0","0","0","0"
"web","data/bible/EN/web.json","hebrews","58","1","14","1","14","0","0","0","0"
"web","data/bible/EN/web.json","hebrews","58","2","18","1","18","0","0","0","0"
"web","data/bible/EN/web.json","hebrews","58","3","19","1","19","0","0","0","0"
"web","data/bible/EN/web.json","hebrews","58","4","16","1","16","0","0","0","0"
"web","data/bible/EN/web.json","hebrews","58","5","14","1","14","0","0","0","0"
"web","data/bible/EN/web.json","hebrews","58","6","20","1","20","0","0","0","0"
"web","data/bible/EN/web.json","hebrews","58","7","28","1","28","0","0","0","0"
"web","data/bible/EN/web.json","hebrews","58","8","13","1","13","0","0","0","0"
"web","data/bible/EN/web.json","hebrews","58","9","28","1","28","0","0","0","0"
"web","data/bible/EN/web.json","hebrews","58","10","39","1","39","0","0","0","0"
"web","data/bible/EN/web.json","hebrews","58","11","40","1","40","0","0","0","0"
"web","data/bible/EN/web.json","hebrews","58","12","29","1","29","0","0","0","0"
"web","data/bible/EN/web.json","hebrews","58","13","25","1","25","0","0","0","0"
"web","data/bible/EN/web.json","james","59","1","27","1","27","0","0","0","0"
"web","data/bible/EN/web.json","james","59","2","26","1","26","0","0","0","0"
"web","data/bible/EN/web.json","james","59","3","18","1","18","0","0","0","0"
"web","data/bible/EN/web.json","james","59","4","17","1","17","0","0","0","0"
"web","data/bible/EN/web.json","james","59","5","20","1","20","0","0","0","0"
"web","data/bible/EN/web.json","first-peter","60","1","25","1","25","0","0","0","0"
"web","data/bible/EN/web.json","first-peter","60","2","25","1","25","0","0","0","0"
"web","data/bible/EN/web.json","first-peter","60","3","22","1","22","0","0","0","0"
"web","data/bible/EN/web.json","first-peter","60","4","19","1","19","0","0","0","0"
"web","data/bible/EN/web.json","first-peter","60","5","14","1","14","0","0","0","0"
"web","data/bible/EN/web.json","second-peter","61","1","21","1","21","0","0","0","0"
"web","data/bible/EN/web.json","second-peter","61","2","22","1","22","0","0","0","0"
"web","data/bible/EN/web.json","second-peter","61","3","18","1","18","0","0","0","0"
"web","data/bible/EN/web.json","first-john","62","1","10","1","10","0","0","0","0"
"web","data/bible/EN/web.json","first-john","62","2","29","1","29","0","0","0","0"
"web","data/bible/EN/web.json","first-john","62","3","24","1","24","0","0","0","0"
"web","data/bible/EN/web.json","first-john","62","4","21","1","21","0","0","0","0"
"web","data/bible/EN/web.json","first-john","62","5","21","1","21","0","0","0","0"
"web","data/bible/EN/web.json","second-john","63","1","13","1","13","0","0","0","0"
"web","data/bible/EN/web.json","third-john","64","1","14","1","14","0","0","0","0"
"web","data/bible/EN/web.json","jude","65","1","25","1","25","0","0","0","0"
"web","data/bible/EN/web.json","revelation","66","1","20","1","20","0","0","0","0"
"web","data/bible/EN/web.json","revelation","66","2","29","1","29","0","0","0","0"
"web","data/bible/EN/web.json","revelation","66","3","22","1","22","0","0","0","0"
"web","data/bible/EN/web.json","revelation","66","4","11","1","11","0","0","0","0"
"web","data/bible/EN/web.json","revelation","66","5","14","1","14","0","0","0","0"
"web","data/bible/EN/web.json","revelation","66","6","17","1","17","0","0","0","0"
"web","data/bible/EN/web.json","revelation","66","7","17","1","17","0","0","0","0"
"web","data/bible/EN/web.json","revelation","66","8","13","1","13","0","0","0","0"
"web","data/bible/EN/web.json","revelation","66","9","21","1","21","0","0","0","0"
"web","data/bible/EN/web.json","revelation","66","10","11","1","11","0","0","0","0"
"web","data/bible/EN/web.json","revelation","66","11","19","1","19","0","0","0","0"
"web","data/bible/EN/web.json","revelation","66","12","17","1","17","0","0","0","0"
"web","data/bible/EN/web.json","revelation","66","13","18","1","18","0","0","0","0"
"web","data/bible/EN/web.json","revelation","66","14","20","1","20","0","0","0","0"
"web","data/bible/EN/web.json","revelation","66","15","8","1","8","0","0","0","0"
"web","data/bible/EN/web.json","revelation","66","16","21","1","21","0","0","0","0"
"web","data/bible/EN/web.json","revelation","66","17","18","1","18","0","0","0","0"
"web","data/bible/EN/web.json","revelation","66","18","24","1","24","0","0","0","0"
"web","data/bible/EN/web.json","revelation","66","19","21","1","21","0","0","0","0"
"web","data/bible/EN/web.json","revelation","66","20","15","1","15","0","0","0","0"
"web","data/bible/EN/web.json","revelation","66","21","27","1","27","0","0","0","0"
"web","data/bible/EN/web.json","revelation","66","22","21","1","21","0","0","0","0"
